[2026-09-27 15:19:16 UTC] resources allocation {"CUDA_VISIBLE_DEVICES": "0", "SLURM_CPUS_PER_TASK": "8", "SLURM_JOB_GPUS": "0,1,2,3", "SLURM_JOB_ID": "3584811", "SLURM_MEM_PER_CPU": "unset", "SLURM_MEM_PER_NODE": "80000", "SLURM_STEP_GPUS": "0", "SLURM_STEP_ID": "0", "TIME_DEVICE": "unset", "cpu_count": 8, "host": "sean0004"}
[2026-09-27 15:19:16 UTC] resources RAM {"MemAvailable_MiB": 372027.8515625, "MemTotal_MiB": 386622.86328125, "cgroup_reason": "memory.max is unlimited", "cgroup_status": "unlimited"}
[2026-09-27 15:19:16 UTC] resources nvidia_inventory {"columns": "index,uuid,name,driver,total_MiB,free_MiB,used_MiB", "devices": ["0, GPU-638c0130-3dcc-bd87-d90d-4789fd8ad53b, NVIDIA H100 NVL, 560.35.05, 95830, 95350, 1"]}
[2026-09-27 15:19:18 UTC] resources torch {"cuda_available": true, "note": "visibility probe; CPU-only stages need not use an allocated GPU", "version": "2.9.1+cu128", "visible_gpu_count": 1}
[2026-09-27 15:19:18 UTC] resources cuda_device {"capability": "9.0", "free_MiB": 94825.125, "logical_index": 0, "name": "NVIDIA H100 NVL", "total_MiB": 95350.1875}
2026-09-27 17:19:19 | workflow context_size started launch_id=selena_context_size_20260927T131553Z_36791 task=chronos_bolt slurm_job_id=3584811 slurm_array_job_id=none slurm_array_task_id=none
2026-09-27 17:19:19 | stage evaluate started
2026-09-27 17:19:19 | task model=chronos_bolt runner=run_chronos_bolt.sh environment=uv covariate_mode=none target_mode=auto context_length=512 instance_normalization=none started
[2026-09-27 17:19:19] TIME runner: run_chronos_bolt.sh
[2026-09-27 17:19:19] datasets: /scratch/users/h61084/datasets/hf_dataset
[2026-09-27 17:19:19] weights: /scratch/users/h61084/weights
[2026-09-27 17:19:19] outputs: /scratch/users/h61084/codes/evaluating_tsfms/outputs
[2026-09-27 17:19:19] covariate mode: none
[2026-09-27 17:19:19] target mode: auto
[2026-09-27 17:19:19] context length: 512
[2026-09-27 17:19:19] instance normalization: none

############################################################
# Dataset 1/1: Water_Quality_Darwin/15T
############################################################
Loading configuration...

============================================================
Dataset: Water_Quality_Darwin/15T
Model: amazon/chronos-bolt-base
Terms: ['short', 'medium', 'long']
Instance normalization: none
============================================================
Loading Chronos-Bolt model: amazon/chronos-bolt-base from /fslarge/scratch/users/h61084/weights/chronos-bolt-base...
[2026-09-27 15:19:27 UTC] resources selected_device {"device": "cuda", "model": "chronos_bolt", "stage": "forecast"}

--- Term: short ---
  Config: prediction_length=16, test_length=1440, val_length=1440
  Dataset info:
    - Frequency: 15T
    - Num series: 7
    - Target dim: 6
    - Target mode: univariate
    - Series length: min=8662, max=18985, avg=15229.4
    - Test split: 1440 steps
    - Prediction length: 16
    - Windows: 90
TIME run allocation action=skip run=/fslarge/scratch/users/h61084/codes/evaluating_tsfms/outputs/context_size/inference/chronos_bolt/context_length/512/univariate/Water_Quality_Darwin/15T/short/run_0 source_launch=selena_context_size_20260927T131553Z_36791 launch_id=selena_context_size_20260927T131553Z_36791 slurm_job_id=3584811 launched_at=2026-09-27T15:19:27.926598+00:00
TIME run allocation action=skip run=/fslarge/scratch/users/h61084/codes/evaluating_tsfms/outputs/context_size/tasks/chronos_bolt/context_length/512/univariate/Water_Quality_Darwin/15T/short/run_0 source_launch=selena_context_size_20260927T131553Z_36791 launch_id=selena_context_size_20260927T131553Z_36791 slurm_job_id=3584811 launched_at=2026-09-27T15:19:27.946797+00:00
  Reused raw inference: /fslarge/scratch/users/h61084/codes/evaluating_tsfms/outputs/context_size/inference/chronos_bolt/context_length/512/univariate/Water_Quality_Darwin/15T/short/run_0

--- Term: medium ---
  Config: prediction_length=96, test_length=1440, val_length=1440
  Dataset info:
    - Frequency: 15T
    - Num series: 7
    - Target dim: 6
    - Target mode: univariate
    - Series length: min=8662, max=18985, avg=15229.4
    - Test split: 1440 steps
    - Prediction length: 96
    - Windows: 15
TIME run allocation action=skip run=/fslarge/scratch/users/h61084/codes/evaluating_tsfms/outputs/context_size/inference/chronos_bolt/context_length/512/univariate/Water_Quality_Darwin/15T/medium/run_0 source_launch=selena_context_size_20260927T131553Z_36791 launch_id=selena_context_size_20260927T131553Z_36791 slurm_job_id=3584811 launched_at=2026-09-27T15:19:27.980149+00:00
TIME run allocation action=skip run=/fslarge/scratch/users/h61084/codes/evaluating_tsfms/outputs/context_size/tasks/chronos_bolt/context_length/512/univariate/Water_Quality_Darwin/15T/medium/run_0 source_launch=selena_context_size_20260927T131553Z_36791 launch_id=selena_context_size_20260927T131553Z_36791 slurm_job_id=3584811 launched_at=2026-09-27T15:19:27.999011+00:00
  Reused raw inference: /fslarge/scratch/users/h61084/codes/evaluating_tsfms/outputs/context_size/inference/chronos_bolt/context_length/512/univariate/Water_Quality_Darwin/15T/medium/run_0

--- Term: long ---
  Config: prediction_length=288, test_length=1440, val_length=1440
  Dataset info:
    - Frequency: 15T
    - Num series: 7
    - Target dim: 6
    - Target mode: univariate
    - Series length: min=8662, max=18985, avg=15229.4
    - Test split: 1440 steps
    - Prediction length: 288
    - Windows: 5
TIME run allocation action=skip run=/fslarge/scratch/users/h61084/codes/evaluating_tsfms/outputs/context_size/inference/chronos_bolt/context_length/512/univariate/Water_Quality_Darwin/15T/long/run_0 source_launch=selena_context_size_20260927T131553Z_36791 launch_id=selena_context_size_20260927T131553Z_36791 slurm_job_id=3584811 launched_at=2026-09-27T15:19:28.031001+00:00
TIME run allocation action=skip run=/fslarge/scratch/users/h61084/codes/evaluating_tsfms/outputs/context_size/tasks/chronos_bolt/context_length/512/univariate/Water_Quality_Darwin/15T/long/run_0 source_launch=selena_context_size_20260927T131553Z_36791 launch_id=selena_context_size_20260927T131553Z_36791 slurm_job_id=3584811 launched_at=2026-09-27T15:19:28.048666+00:00
  Reused raw inference: /fslarge/scratch/users/h61084/codes/evaluating_tsfms/outputs/context_size/inference/chronos_bolt/context_length/512/univariate/Water_Quality_Darwin/15T/long/run_0

============================================================
All experiments completed!
Results saved to: /scratch/users/h61084/codes/evaluating_tsfms/outputs/context_size/tasks
============================================================

############################################################
# All datasets completed!
############################################################

############################################################
# Dataset 1/1: current_velocity/5T
############################################################
Loading configuration...

============================================================
Dataset: current_velocity/5T
Model: amazon/chronos-bolt-base
Terms: ['short', 'medium', 'long']
Instance normalization: none
============================================================
Loading Chronos-Bolt model: amazon/chronos-bolt-base from /fslarge/scratch/users/h61084/weights/chronos-bolt-base...
[2026-09-27 15:19:36 UTC] resources selected_device {"device": "cuda", "model": "chronos_bolt", "stage": "forecast"}

--- Term: short ---
  Config: prediction_length=36, test_length=4320, val_length=4320
  Dataset info:
    - Frequency: 5T
    - Num series: 1
    - Target dim: 6
    - Target mode: univariate
    - Series length: min=26486, max=26486, avg=26486.0
    - Test split: 4320 steps
    - Prediction length: 36
    - Windows: 120
TIME run allocation action=skip run=/fslarge/scratch/users/h61084/codes/evaluating_tsfms/outputs/context_size/inference/chronos_bolt/context_length/512/univariate/current_velocity/5T/short/run_0 source_launch=selena_context_size_20260927T131553Z_36791 launch_id=selena_context_size_20260927T131553Z_36791 slurm_job_id=3584811 launched_at=2026-09-27T15:19:37.286165+00:00
TIME run allocation action=skip run=/fslarge/scratch/users/h61084/codes/evaluating_tsfms/outputs/context_size/tasks/chronos_bolt/context_length/512/univariate/current_velocity/5T/short/run_0 source_launch=selena_context_size_20260927T131553Z_36791 launch_id=selena_context_size_20260927T131553Z_36791 slurm_job_id=3584811 launched_at=2026-09-27T15:19:37.299889+00:00
  Reused raw inference: /fslarge/scratch/users/h61084/codes/evaluating_tsfms/outputs/context_size/inference/chronos_bolt/context_length/512/univariate/current_velocity/5T/short/run_0

--- Term: medium ---
  Config: prediction_length=288, test_length=4320, val_length=4320
  Dataset info:
    - Frequency: 5T
    - Num series: 1
    - Target dim: 6
    - Target mode: univariate
    - Series length: min=26486, max=26486, avg=26486.0
    - Test split: 4320 steps
    - Prediction length: 288
    - Windows: 15
TIME run allocation action=skip run=/fslarge/scratch/users/h61084/codes/evaluating_tsfms/outputs/context_size/inference/chronos_bolt/context_length/512/univariate/current_velocity/5T/medium/run_0 source_launch=selena_context_size_20260927T131553Z_36791 launch_id=selena_context_size_20260927T131553Z_36791 slurm_job_id=3584811 launched_at=2026-09-27T15:19:37.347209+00:00
TIME run allocation action=skip run=/fslarge/scratch/users/h61084/codes/evaluating_tsfms/outputs/context_size/tasks/chronos_bolt/context_length/512/univariate/current_velocity/5T/medium/run_0 source_launch=selena_context_size_20260927T131553Z_36791 launch_id=selena_context_size_20260927T131553Z_36791 slurm_job_id=3584811 launched_at=2026-09-27T15:19:37.359642+00:00
  Reused raw inference: /fslarge/scratch/users/h61084/codes/evaluating_tsfms/outputs/context_size/inference/chronos_bolt/context_length/512/univariate/current_velocity/5T/medium/run_0

--- Term: long ---
  Config: prediction_length=864, test_length=4320, val_length=4320
  Dataset info:
    - Frequency: 5T
    - Num series: 1
    - Target dim: 6
    - Target mode: univariate
    - Series length: min=26486, max=26486, avg=26486.0
    - Test split: 4320 steps
    - Prediction length: 864
    - Windows: 5
TIME run allocation action=skip run=/fslarge/scratch/users/h61084/codes/evaluating_tsfms/outputs/context_size/inference/chronos_bolt/context_length/512/univariate/current_velocity/5T/long/run_0 source_launch=selena_context_size_20260927T131553Z_36791 launch_id=selena_context_size_20260927T131553Z_36791 slurm_job_id=3584811 launched_at=2026-09-27T15:19:37.405357+00:00
TIME run allocation action=skip run=/fslarge/scratch/users/h61084/codes/evaluating_tsfms/outputs/context_size/tasks/chronos_bolt/context_length/512/univariate/current_velocity/5T/long/run_0 source_launch=selena_context_size_20260927T131553Z_36791 launch_id=selena_context_size_20260927T131553Z_36791 slurm_job_id=3584811 launched_at=2026-09-27T15:19:37.417616+00:00
  Reused raw inference: /fslarge/scratch/users/h61084/codes/evaluating_tsfms/outputs/context_size/inference/chronos_bolt/context_length/512/univariate/current_velocity/5T/long/run_0

============================================================
All experiments completed!
Results saved to: /scratch/users/h61084/codes/evaluating_tsfms/outputs/context_size/tasks
============================================================

############################################################
# All datasets completed!
############################################################

############################################################
# Dataset 1/1: current_velocity/10T
############################################################
Loading configuration...

============================================================
Dataset: current_velocity/10T
Model: amazon/chronos-bolt-base
Terms: ['short', 'medium', 'long']
Instance normalization: none
============================================================
Loading Chronos-Bolt model: amazon/chronos-bolt-base from /fslarge/scratch/users/h61084/weights/chronos-bolt-base...
[2026-09-27 15:19:45 UTC] resources selected_device {"device": "cuda", "model": "chronos_bolt", "stage": "forecast"}

--- Term: short ---
  Config: prediction_length=18, test_length=2160, val_length=2160
  Dataset info:
    - Frequency: 10T
    - Num series: 10
    - Target dim: 6
    - Target mode: univariate
    - Series length: min=7481, max=31957, avg=20668.5
    - Test split: 2160 steps
    - Prediction length: 18
    - Windows: 120
TIME run allocation action=skip run=/fslarge/scratch/users/h61084/codes/evaluating_tsfms/outputs/context_size/inference/chronos_bolt/context_length/512/univariate/current_velocity/10T/short/run_0 source_launch=selena_context_size_20260927T131553Z_36791 launch_id=selena_context_size_20260927T131553Z_36791 slurm_job_id=3584811 launched_at=2026-09-27T15:19:46.656040+00:00
TIME run allocation action=skip run=/fslarge/scratch/users/h61084/codes/evaluating_tsfms/outputs/context_size/tasks/chronos_bolt/context_length/512/univariate/current_velocity/10T/short/run_0 source_launch=selena_context_size_20260927T131553Z_36791 launch_id=selena_context_size_20260927T131553Z_36791 slurm_job_id=3584811 launched_at=2026-09-27T15:19:46.690958+00:00
  Reused raw inference: /fslarge/scratch/users/h61084/codes/evaluating_tsfms/outputs/context_size/inference/chronos_bolt/context_length/512/univariate/current_velocity/10T/short/run_0

--- Term: medium ---
  Config: prediction_length=144, test_length=2160, val_length=2160
  Dataset info:
    - Frequency: 10T
    - Num series: 10
    - Target dim: 6
    - Target mode: univariate
    - Series length: min=7481, max=31957, avg=20668.5
    - Test split: 2160 steps
    - Prediction length: 144
    - Windows: 15
TIME run allocation action=skip run=/fslarge/scratch/users/h61084/codes/evaluating_tsfms/outputs/context_size/inference/chronos_bolt/context_length/512/univariate/current_velocity/10T/medium/run_0 source_launch=selena_context_size_20260927T131553Z_36791 launch_id=selena_context_size_20260927T131553Z_36791 slurm_job_id=3584811 launched_at=2026-09-27T15:19:46.740389+00:00
TIME run allocation action=skip run=/fslarge/scratch/users/h61084/codes/evaluating_tsfms/outputs/context_size/tasks/chronos_bolt/context_length/512/univariate/current_velocity/10T/medium/run_0 source_launch=selena_context_size_20260927T131553Z_36791 launch_id=selena_context_size_20260927T131553Z_36791 slurm_job_id=3584811 launched_at=2026-09-27T15:19:46.771760+00:00
  Reused raw inference: /fslarge/scratch/users/h61084/codes/evaluating_tsfms/outputs/context_size/inference/chronos_bolt/context_length/512/univariate/current_velocity/10T/medium/run_0

--- Term: long ---
  Config: prediction_length=432, test_length=2160, val_length=2160
  Dataset info:
    - Frequency: 10T
    - Num series: 10
    - Target dim: 6
    - Target mode: univariate
    - Series length: min=7481, max=31957, avg=20668.5
    - Test split: 2160 steps
    - Prediction length: 432
    - Windows: 5
TIME run allocation action=skip run=/fslarge/scratch/users/h61084/codes/evaluating_tsfms/outputs/context_size/inference/chronos_bolt/context_length/512/univariate/current_velocity/10T/long/run_0 source_launch=selena_context_size_20260927T131553Z_36791 launch_id=selena_context_size_20260927T131553Z_36791 slurm_job_id=3584811 launched_at=2026-09-27T15:19:46.818616+00:00
TIME run allocation action=skip run=/fslarge/scratch/users/h61084/codes/evaluating_tsfms/outputs/context_size/tasks/chronos_bolt/context_length/512/univariate/current_velocity/10T/long/run_0 source_launch=selena_context_size_20260927T131553Z_36791 launch_id=selena_context_size_20260927T131553Z_36791 slurm_job_id=3584811 launched_at=2026-09-27T15:19:46.849347+00:00
  Reused raw inference: /fslarge/scratch/users/h61084/codes/evaluating_tsfms/outputs/context_size/inference/chronos_bolt/context_length/512/univariate/current_velocity/10T/long/run_0

============================================================
All experiments completed!
Results saved to: /scratch/users/h61084/codes/evaluating_tsfms/outputs/context_size/tasks
============================================================

############################################################
# All datasets completed!
############################################################

############################################################
# Dataset 1/1: current_velocity/15T
############################################################
Loading configuration...

============================================================
Dataset: current_velocity/15T
Model: amazon/chronos-bolt-base
Terms: ['short', 'medium', 'long']
Instance normalization: none
============================================================
Loading Chronos-Bolt model: amazon/chronos-bolt-base from /fslarge/scratch/users/h61084/weights/chronos-bolt-base...
[2026-09-27 15:19:55 UTC] resources selected_device {"device": "cuda", "model": "chronos_bolt", "stage": "forecast"}

--- Term: short ---
  Config: prediction_length=12, test_length=1440, val_length=1440
  Dataset info:
    - Frequency: 15T
    - Num series: 5
    - Target dim: 6
    - Target mode: univariate
    - Series length: min=3710, max=17953, avg=8503.2
    - Test split: 1440 steps
    - Prediction length: 12
    - Windows: 120
TIME run allocation action=skip run=/fslarge/scratch/users/h61084/codes/evaluating_tsfms/outputs/context_size/inference/chronos_bolt/context_length/512/univariate/current_velocity/15T/short/run_0 source_launch=selena_context_size_20260927T131553Z_36791 launch_id=selena_context_size_20260927T131553Z_36791 slurm_job_id=3584811 launched_at=2026-09-27T15:19:56.059731+00:00
TIME run allocation action=skip run=/fslarge/scratch/users/h61084/codes/evaluating_tsfms/outputs/context_size/tasks/chronos_bolt/context_length/512/univariate/current_velocity/15T/short/run_0 source_launch=selena_context_size_20260927T131553Z_36791 launch_id=selena_context_size_20260927T131553Z_36791 slurm_job_id=3584811 launched_at=2026-09-27T15:19:56.076417+00:00
  Reused raw inference: /fslarge/scratch/users/h61084/codes/evaluating_tsfms/outputs/context_size/inference/chronos_bolt/context_length/512/univariate/current_velocity/15T/short/run_0

--- Term: medium ---
  Config: prediction_length=96, test_length=1440, val_length=1440
  Dataset info:
    - Frequency: 15T
    - Num series: 5
    - Target dim: 6
    - Target mode: univariate
    - Series length: min=3710, max=17953, avg=8503.2
    - Test split: 1440 steps
    - Prediction length: 96
    - Windows: 15
TIME run allocation action=skip run=/fslarge/scratch/users/h61084/codes/evaluating_tsfms/outputs/context_size/inference/chronos_bolt/context_length/512/univariate/current_velocity/15T/medium/run_0 source_launch=selena_context_size_20260927T131553Z_36791 launch_id=selena_context_size_20260927T131553Z_36791 slurm_job_id=3584811 launched_at=2026-09-27T15:19:56.110611+00:00
TIME run allocation action=skip run=/fslarge/scratch/users/h61084/codes/evaluating_tsfms/outputs/context_size/tasks/chronos_bolt/context_length/512/univariate/current_velocity/15T/medium/run_0 source_launch=selena_context_size_20260927T131553Z_36791 launch_id=selena_context_size_20260927T131553Z_36791 slurm_job_id=3584811 launched_at=2026-09-27T15:19:56.125589+00:00
  Reused raw inference: /fslarge/scratch/users/h61084/codes/evaluating_tsfms/outputs/context_size/inference/chronos_bolt/context_length/512/univariate/current_velocity/15T/medium/run_0

--- Term: long ---
  Config: prediction_length=288, test_length=1440, val_length=1440
  Dataset info:
    - Frequency: 15T
    - Num series: 5
    - Target dim: 6
    - Target mode: univariate
    - Series length: min=3710, max=17953, avg=8503.2
    - Test split: 1440 steps
    - Prediction length: 288
    - Windows: 5
TIME run allocation action=skip run=/fslarge/scratch/users/h61084/codes/evaluating_tsfms/outputs/context_size/inference/chronos_bolt/context_length/512/univariate/current_velocity/15T/long/run_0 source_launch=selena_context_size_20260927T131553Z_36791 launch_id=selena_context_size_20260927T131553Z_36791 slurm_job_id=3584811 launched_at=2026-09-27T15:19:56.157591+00:00
TIME run allocation action=skip run=/fslarge/scratch/users/h61084/codes/evaluating_tsfms/outputs/context_size/tasks/chronos_bolt/context_length/512/univariate/current_velocity/15T/long/run_0 source_launch=selena_context_size_20260927T131553Z_36791 launch_id=selena_context_size_20260927T131553Z_36791 slurm_job_id=3584811 launched_at=2026-09-27T15:19:56.173253+00:00
  Reused raw inference: /fslarge/scratch/users/h61084/codes/evaluating_tsfms/outputs/context_size/inference/chronos_bolt/context_length/512/univariate/current_velocity/15T/long/run_0

============================================================
All experiments completed!
Results saved to: /scratch/users/h61084/codes/evaluating_tsfms/outputs/context_size/tasks
============================================================

############################################################
# All datasets completed!
############################################################

############################################################
# Dataset 1/1: current_velocity/20T
############################################################
Loading configuration...

============================================================
Dataset: current_velocity/20T
Model: amazon/chronos-bolt-base
Terms: ['short', 'medium', 'long']
Instance normalization: none
============================================================
Loading Chronos-Bolt model: amazon/chronos-bolt-base from /fslarge/scratch/users/h61084/weights/chronos-bolt-base...
[2026-09-27 15:20:04 UTC] resources selected_device {"device": "cuda", "model": "chronos_bolt", "stage": "forecast"}

--- Term: short ---
  Config: prediction_length=9, test_length=1080, val_length=1080
  Dataset info:
    - Frequency: 20T
    - Num series: 27
    - Target dim: 6
    - Target mode: univariate
    - Series length: min=2529, max=16759, avg=6460.2
    - Test split: 1080 steps
    - Prediction length: 9
    - Windows: 120
TIME run allocation action=skip run=/fslarge/scratch/users/h61084/codes/evaluating_tsfms/outputs/context_size/inference/chronos_bolt/context_length/512/univariate/current_velocity/20T/short/run_0 source_launch=selena_context_size_20260927T131553Z_36791 launch_id=selena_context_size_20260927T131553Z_36791 slurm_job_id=3584811 launched_at=2026-09-27T15:20:05.320676+00:00
TIME run allocation action=skip run=/fslarge/scratch/users/h61084/codes/evaluating_tsfms/outputs/context_size/tasks/chronos_bolt/context_length/512/univariate/current_velocity/20T/short/run_0 source_launch=selena_context_size_20260927T131553Z_36791 launch_id=selena_context_size_20260927T131553Z_36791 slurm_job_id=3584811 launched_at=2026-09-27T15:20:05.361004+00:00
  Reused raw inference: /fslarge/scratch/users/h61084/codes/evaluating_tsfms/outputs/context_size/inference/chronos_bolt/context_length/512/univariate/current_velocity/20T/short/run_0

--- Term: medium ---
  Config: prediction_length=72, test_length=1080, val_length=1080
  Dataset info:
    - Frequency: 20T
    - Num series: 27
    - Target dim: 6
    - Target mode: univariate
    - Series length: min=2529, max=16759, avg=6460.2
    - Test split: 1080 steps
    - Prediction length: 72
    - Windows: 15
TIME run allocation action=skip run=/fslarge/scratch/users/h61084/codes/evaluating_tsfms/outputs/context_size/inference/chronos_bolt/context_length/512/univariate/current_velocity/20T/medium/run_0 source_launch=selena_context_size_20260927T131553Z_36791 launch_id=selena_context_size_20260927T131553Z_36791 slurm_job_id=3584811 launched_at=2026-09-27T15:20:05.380060+00:00
TIME run allocation action=skip run=/fslarge/scratch/users/h61084/codes/evaluating_tsfms/outputs/context_size/tasks/chronos_bolt/context_length/512/univariate/current_velocity/20T/medium/run_0 source_launch=selena_context_size_20260927T131553Z_36791 launch_id=selena_context_size_20260927T131553Z_36791 slurm_job_id=3584811 launched_at=2026-09-27T15:20:05.420299+00:00
  Reused raw inference: /fslarge/scratch/users/h61084/codes/evaluating_tsfms/outputs/context_size/inference/chronos_bolt/context_length/512/univariate/current_velocity/20T/medium/run_0

--- Term: long ---
  Config: prediction_length=216, test_length=1080, val_length=1080
  Dataset info:
    - Frequency: 20T
    - Num series: 27
    - Target dim: 6
    - Target mode: univariate
    - Series length: min=2529, max=16759, avg=6460.2
    - Test split: 1080 steps
    - Prediction length: 216
    - Windows: 5
TIME run allocation action=skip run=/fslarge/scratch/users/h61084/codes/evaluating_tsfms/outputs/context_size/inference/chronos_bolt/context_length/512/univariate/current_velocity/20T/long/run_0 source_launch=selena_context_size_20260927T131553Z_36791 launch_id=selena_context_size_20260927T131553Z_36791 slurm_job_id=3584811 launched_at=2026-09-27T15:20:05.439398+00:00
TIME run allocation action=skip run=/fslarge/scratch/users/h61084/codes/evaluating_tsfms/outputs/context_size/tasks/chronos_bolt/context_length/512/univariate/current_velocity/20T/long/run_0 source_launch=selena_context_size_20260927T131553Z_36791 launch_id=selena_context_size_20260927T131553Z_36791 slurm_job_id=3584811 launched_at=2026-09-27T15:20:05.478939+00:00
  Reused raw inference: /fslarge/scratch/users/h61084/codes/evaluating_tsfms/outputs/context_size/inference/chronos_bolt/context_length/512/univariate/current_velocity/20T/long/run_0

============================================================
All experiments completed!
Results saved to: /scratch/users/h61084/codes/evaluating_tsfms/outputs/context_size/tasks
============================================================

############################################################
# All datasets completed!
############################################################

############################################################
# Dataset 1/1: current_velocity/H
############################################################
Loading configuration...

============================================================
Dataset: current_velocity/H
Model: amazon/chronos-bolt-base
Terms: ['short', 'medium', 'long']
Instance normalization: none
============================================================
Loading Chronos-Bolt model: amazon/chronos-bolt-base from /fslarge/scratch/users/h61084/weights/chronos-bolt-base...
[2026-09-27 15:20:13 UTC] resources selected_device {"device": "cuda", "model": "chronos_bolt", "stage": "forecast"}

--- Term: short ---
  Config: prediction_length=24, test_length=672, val_length=672
  Dataset info:
    - Frequency: H
    - Num series: 21
    - Target dim: 6
    - Target mode: univariate
    - Series length: min=2208, max=5587, avg=3502.3
    - Test split: 672 steps
    - Prediction length: 24
    - Windows: 28
TIME run allocation action=skip run=/fslarge/scratch/users/h61084/codes/evaluating_tsfms/outputs/context_size/inference/chronos_bolt/context_length/512/univariate/current_velocity/H/short/run_0 source_launch=selena_context_size_20260927T131553Z_36791 launch_id=selena_context_size_20260927T131553Z_36791 slurm_job_id=3584811 launched_at=2026-09-27T15:20:14.678091+00:00
TIME run allocation action=skip run=/fslarge/scratch/users/h61084/codes/evaluating_tsfms/outputs/context_size/tasks/chronos_bolt/context_length/512/univariate/current_velocity/H/short/run_0 source_launch=selena_context_size_20260927T131553Z_36791 launch_id=selena_context_size_20260927T131553Z_36791 slurm_job_id=3584811 launched_at=2026-09-27T15:20:14.702348+00:00
  Reused raw inference: /fslarge/scratch/users/h61084/codes/evaluating_tsfms/outputs/context_size/inference/chronos_bolt/context_length/512/univariate/current_velocity/H/short/run_0

--- Term: medium ---
  Config: prediction_length=168, test_length=672, val_length=672
  Dataset info:
    - Frequency: H
    - Num series: 21
    - Target dim: 6
    - Target mode: univariate
    - Series length: min=2208, max=5587, avg=3502.3
    - Test split: 672 steps
    - Prediction length: 168
    - Windows: 4
TIME run allocation action=skip run=/fslarge/scratch/users/h61084/codes/evaluating_tsfms/outputs/context_size/inference/chronos_bolt/context_length/512/univariate/current_velocity/H/medium/run_0 source_launch=selena_context_size_20260927T131553Z_36791 launch_id=selena_context_size_20260927T131553Z_36791 slurm_job_id=3584811 launched_at=2026-09-27T15:20:14.721966+00:00
TIME run allocation action=skip run=/fslarge/scratch/users/h61084/codes/evaluating_tsfms/outputs/context_size/tasks/chronos_bolt/context_length/512/univariate/current_velocity/H/medium/run_0 source_launch=selena_context_size_20260927T131553Z_36791 launch_id=selena_context_size_20260927T131553Z_36791 slurm_job_id=3584811 launched_at=2026-09-27T15:20:14.744956+00:00
  Reused raw inference: /fslarge/scratch/users/h61084/codes/evaluating_tsfms/outputs/context_size/inference/chronos_bolt/context_length/512/univariate/current_velocity/H/medium/run_0

--- Term: long ---
  Config: prediction_length=336, test_length=672, val_length=672
  Dataset info:
    - Frequency: H
    - Num series: 21
    - Target dim: 6
    - Target mode: univariate
    - Series length: min=2208, max=5587, avg=3502.3
    - Test split: 672 steps
    - Prediction length: 336
    - Windows: 2
TIME run allocation action=skip run=/fslarge/scratch/users/h61084/codes/evaluating_tsfms/outputs/context_size/inference/chronos_bolt/context_length/512/univariate/current_velocity/H/long/run_0 source_launch=selena_context_size_20260927T131553Z_36791 launch_id=selena_context_size_20260927T131553Z_36791 slurm_job_id=3584811 launched_at=2026-09-27T15:20:14.763995+00:00
TIME run allocation action=skip run=/fslarge/scratch/users/h61084/codes/evaluating_tsfms/outputs/context_size/tasks/chronos_bolt/context_length/512/univariate/current_velocity/H/long/run_0 source_launch=selena_context_size_20260927T131553Z_36791 launch_id=selena_context_size_20260927T131553Z_36791 slurm_job_id=3584811 launched_at=2026-09-27T15:20:14.785759+00:00
  Reused raw inference: /fslarge/scratch/users/h61084/codes/evaluating_tsfms/outputs/context_size/inference/chronos_bolt/context_length/512/univariate/current_velocity/H/long/run_0

============================================================
All experiments completed!
Results saved to: /scratch/users/h61084/codes/evaluating_tsfms/outputs/context_size/tasks
============================================================

############################################################
# All datasets completed!
############################################################

############################################################
# Dataset 1/1: CPHL/15T
############################################################
Loading configuration...

============================================================
Dataset: CPHL/15T
Model: amazon/chronos-bolt-base
Terms: ['short', 'medium', 'long']
Instance normalization: none
============================================================
Loading Chronos-Bolt model: amazon/chronos-bolt-base from /fslarge/scratch/users/h61084/weights/chronos-bolt-base...
[2026-09-27 15:20:23 UTC] resources selected_device {"device": "cuda", "model": "chronos_bolt", "stage": "forecast"}

--- Term: short ---
  Config: prediction_length=12, test_length=1440, val_length=1440
  Dataset info:
    - Frequency: 15T
    - Num series: 2
    - Target dim: 1
    - Target mode: univariate
    - Series length: min=9956, max=10831, avg=10393.5
    - Test split: 1440 steps
    - Prediction length: 12
    - Windows: 120
TIME run allocation action=skip run=/fslarge/scratch/users/h61084/codes/evaluating_tsfms/outputs/context_size/inference/chronos_bolt/context_length/512/univariate/CPHL/15T/short/run_0 source_launch=selena_context_size_20260927T131553Z_36791 launch_id=selena_context_size_20260927T131553Z_36791 slurm_job_id=3584811 launched_at=2026-09-27T15:20:23.943347+00:00
TIME run allocation action=skip run=/fslarge/scratch/users/h61084/codes/evaluating_tsfms/outputs/context_size/tasks/chronos_bolt/context_length/512/univariate/CPHL/15T/short/run_0 source_launch=selena_context_size_20260927T131553Z_36791 launch_id=selena_context_size_20260927T131553Z_36791 slurm_job_id=3584811 launched_at=2026-09-27T15:20:23.952175+00:00
  Reused raw inference: /fslarge/scratch/users/h61084/codes/evaluating_tsfms/outputs/context_size/inference/chronos_bolt/context_length/512/univariate/CPHL/15T/short/run_0

--- Term: medium ---
  Config: prediction_length=96, test_length=1440, val_length=1440
  Dataset info:
    - Frequency: 15T
    - Num series: 2
    - Target dim: 1
    - Target mode: univariate
    - Series length: min=9956, max=10831, avg=10393.5
    - Test split: 1440 steps
    - Prediction length: 96
    - Windows: 15
TIME run allocation action=skip run=/fslarge/scratch/users/h61084/codes/evaluating_tsfms/outputs/context_size/inference/chronos_bolt/context_length/512/univariate/CPHL/15T/medium/run_0 source_launch=selena_context_size_20260927T131553Z_36791 launch_id=selena_context_size_20260927T131553Z_36791 slurm_job_id=3584811 launched_at=2026-09-27T15:20:23.964920+00:00
TIME run allocation action=skip run=/fslarge/scratch/users/h61084/codes/evaluating_tsfms/outputs/context_size/tasks/chronos_bolt/context_length/512/univariate/CPHL/15T/medium/run_0 source_launch=selena_context_size_20260927T131553Z_36791 launch_id=selena_context_size_20260927T131553Z_36791 slurm_job_id=3584811 launched_at=2026-09-27T15:20:23.972576+00:00
  Reused raw inference: /fslarge/scratch/users/h61084/codes/evaluating_tsfms/outputs/context_size/inference/chronos_bolt/context_length/512/univariate/CPHL/15T/medium/run_0

--- Term: long ---
  Config: prediction_length=288, test_length=1440, val_length=1440
  Dataset info:
    - Frequency: 15T
    - Num series: 2
    - Target dim: 1
    - Target mode: univariate
    - Series length: min=9956, max=10831, avg=10393.5
    - Test split: 1440 steps
    - Prediction length: 288
    - Windows: 5
TIME run allocation action=skip run=/fslarge/scratch/users/h61084/codes/evaluating_tsfms/outputs/context_size/inference/chronos_bolt/context_length/512/univariate/CPHL/15T/long/run_0 source_launch=selena_context_size_20260927T131553Z_36791 launch_id=selena_context_size_20260927T131553Z_36791 slurm_job_id=3584811 launched_at=2026-09-27T15:20:23.984846+00:00
TIME run allocation action=skip run=/fslarge/scratch/users/h61084/codes/evaluating_tsfms/outputs/context_size/tasks/chronos_bolt/context_length/512/univariate/CPHL/15T/long/run_0 source_launch=selena_context_size_20260927T131553Z_36791 launch_id=selena_context_size_20260927T131553Z_36791 slurm_job_id=3584811 launched_at=2026-09-27T15:20:23.992227+00:00
  Reused raw inference: /fslarge/scratch/users/h61084/codes/evaluating_tsfms/outputs/context_size/inference/chronos_bolt/context_length/512/univariate/CPHL/15T/long/run_0

============================================================
All experiments completed!
Results saved to: /scratch/users/h61084/codes/evaluating_tsfms/outputs/context_size/tasks
============================================================

############################################################
# All datasets completed!
############################################################

############################################################
# Dataset 1/1: CPHL/30T
############################################################
Loading configuration...

============================================================
Dataset: CPHL/30T
Model: amazon/chronos-bolt-base
Terms: ['short', 'medium', 'long']
Instance normalization: none
============================================================
Loading Chronos-Bolt model: amazon/chronos-bolt-base from /fslarge/scratch/users/h61084/weights/chronos-bolt-base...
[2026-09-27 15:20:32 UTC] resources selected_device {"device": "cuda", "model": "chronos_bolt", "stage": "forecast"}

--- Term: short ---
  Config: prediction_length=12, test_length=1440, val_length=1440
  Dataset info:
    - Frequency: 30T
    - Num series: 2
    - Target dim: 1
    - Target mode: univariate
    - Series length: min=11808, max=17566, avg=14687.0
    - Test split: 1440 steps
    - Prediction length: 12
    - Windows: 120
TIME run allocation action=skip run=/fslarge/scratch/users/h61084/codes/evaluating_tsfms/outputs/context_size/inference/chronos_bolt/context_length/512/univariate/CPHL/30T/short/run_0 source_launch=selena_context_size_20260927T131553Z_36791 launch_id=selena_context_size_20260927T131553Z_36791 slurm_job_id=3584811 launched_at=2026-09-27T15:20:33.125629+00:00
TIME run allocation action=skip run=/fslarge/scratch/users/h61084/codes/evaluating_tsfms/outputs/context_size/tasks/chronos_bolt/context_length/512/univariate/CPHL/30T/short/run_0 source_launch=selena_context_size_20260927T131553Z_36791 launch_id=selena_context_size_20260927T131553Z_36791 slurm_job_id=3584811 launched_at=2026-09-27T15:20:33.134558+00:00
  Reused raw inference: /fslarge/scratch/users/h61084/codes/evaluating_tsfms/outputs/context_size/inference/chronos_bolt/context_length/512/univariate/CPHL/30T/short/run_0

--- Term: medium ---
  Config: prediction_length=48, test_length=1440, val_length=1440
  Dataset info:
    - Frequency: 30T
    - Num series: 2
    - Target dim: 1
    - Target mode: univariate
    - Series length: min=11808, max=17566, avg=14687.0
    - Test split: 1440 steps
    - Prediction length: 48
    - Windows: 30
TIME run allocation action=skip run=/fslarge/scratch/users/h61084/codes/evaluating_tsfms/outputs/context_size/inference/chronos_bolt/context_length/512/univariate/CPHL/30T/medium/run_0 source_launch=selena_context_size_20260927T131553Z_36791 launch_id=selena_context_size_20260927T131553Z_36791 slurm_job_id=3584811 launched_at=2026-09-27T15:20:33.148040+00:00
TIME run allocation action=skip run=/fslarge/scratch/users/h61084/codes/evaluating_tsfms/outputs/context_size/tasks/chronos_bolt/context_length/512/univariate/CPHL/30T/medium/run_0 source_launch=selena_context_size_20260927T131553Z_36791 launch_id=selena_context_size_20260927T131553Z_36791 slurm_job_id=3584811 launched_at=2026-09-27T15:20:33.155653+00:00
  Reused raw inference: /fslarge/scratch/users/h61084/codes/evaluating_tsfms/outputs/context_size/inference/chronos_bolt/context_length/512/univariate/CPHL/30T/medium/run_0

--- Term: long ---
  Config: prediction_length=144, test_length=1440, val_length=1440
  Dataset info:
    - Frequency: 30T
    - Num series: 2
    - Target dim: 1
    - Target mode: univariate
    - Series length: min=11808, max=17566, avg=14687.0
    - Test split: 1440 steps
    - Prediction length: 144
    - Windows: 10
TIME run allocation action=skip run=/fslarge/scratch/users/h61084/codes/evaluating_tsfms/outputs/context_size/inference/chronos_bolt/context_length/512/univariate/CPHL/30T/long/run_0 source_launch=selena_context_size_20260927T131553Z_36791 launch_id=selena_context_size_20260927T131553Z_36791 slurm_job_id=3584811 launched_at=2026-09-27T15:20:33.167910+00:00
TIME run allocation action=skip run=/fslarge/scratch/users/h61084/codes/evaluating_tsfms/outputs/context_size/tasks/chronos_bolt/context_length/512/univariate/CPHL/30T/long/run_0 source_launch=selena_context_size_20260927T131553Z_36791 launch_id=selena_context_size_20260927T131553Z_36791 slurm_job_id=3584811 launched_at=2026-09-27T15:20:33.174753+00:00
  Reused raw inference: /fslarge/scratch/users/h61084/codes/evaluating_tsfms/outputs/context_size/inference/chronos_bolt/context_length/512/univariate/CPHL/30T/long/run_0

============================================================
All experiments completed!
Results saved to: /scratch/users/h61084/codes/evaluating_tsfms/outputs/context_size/tasks
============================================================

############################################################
# All datasets completed!
############################################################

############################################################
# Dataset 1/1: CPHL/H
############################################################
Loading configuration...

============================================================
Dataset: CPHL/H
Model: amazon/chronos-bolt-base
Terms: ['short', 'medium', 'long']
Instance normalization: none
============================================================
Loading Chronos-Bolt model: amazon/chronos-bolt-base from /fslarge/scratch/users/h61084/weights/chronos-bolt-base...
[2026-09-27 15:20:41 UTC] resources selected_device {"device": "cuda", "model": "chronos_bolt", "stage": "forecast"}

--- Term: short ---
  Config: prediction_length=24, test_length=672, val_length=672
  Dataset info:
    - Frequency: H
    - Num series: 4
    - Target dim: 1
    - Target mode: univariate
    - Series length: min=2490, max=8783, avg=4971.2
    - Test split: 672 steps
    - Prediction length: 24
    - Windows: 28
TIME run allocation action=skip run=/fslarge/scratch/users/h61084/codes/evaluating_tsfms/outputs/context_size/inference/chronos_bolt/context_length/512/univariate/CPHL/H/short/run_0 source_launch=selena_context_size_20260927T131553Z_36791 launch_id=selena_context_size_20260927T131553Z_36791 slurm_job_id=3584811 launched_at=2026-09-27T15:20:42.464046+00:00
TIME run allocation action=skip run=/fslarge/scratch/users/h61084/codes/evaluating_tsfms/outputs/context_size/tasks/chronos_bolt/context_length/512/univariate/CPHL/H/short/run_0 source_launch=selena_context_size_20260927T131553Z_36791 launch_id=selena_context_size_20260927T131553Z_36791 slurm_job_id=3584811 launched_at=2026-09-27T15:20:42.474132+00:00
  Reused raw inference: /fslarge/scratch/users/h61084/codes/evaluating_tsfms/outputs/context_size/inference/chronos_bolt/context_length/512/univariate/CPHL/H/short/run_0

--- Term: medium ---
  Config: prediction_length=168, test_length=672, val_length=672
  Dataset info:
    - Frequency: H
    - Num series: 4
    - Target dim: 1
    - Target mode: univariate
    - Series length: min=2490, max=8783, avg=4971.2
    - Test split: 672 steps
    - Prediction length: 168
    - Windows: 4
TIME run allocation action=skip run=/fslarge/scratch/users/h61084/codes/evaluating_tsfms/outputs/context_size/inference/chronos_bolt/context_length/512/univariate/CPHL/H/medium/run_0 source_launch=selena_context_size_20260927T131553Z_36791 launch_id=selena_context_size_20260927T131553Z_36791 slurm_job_id=3584811 launched_at=2026-09-27T15:20:42.486321+00:00
TIME run allocation action=skip run=/fslarge/scratch/users/h61084/codes/evaluating_tsfms/outputs/context_size/tasks/chronos_bolt/context_length/512/univariate/CPHL/H/medium/run_0 source_launch=selena_context_size_20260927T131553Z_36791 launch_id=selena_context_size_20260927T131553Z_36791 slurm_job_id=3584811 launched_at=2026-09-27T15:20:42.493609+00:00
  Reused raw inference: /fslarge/scratch/users/h61084/codes/evaluating_tsfms/outputs/context_size/inference/chronos_bolt/context_length/512/univariate/CPHL/H/medium/run_0

--- Term: long ---
  Config: prediction_length=336, test_length=672, val_length=672
  Dataset info:
    - Frequency: H
    - Num series: 4
    - Target dim: 1
    - Target mode: univariate
    - Series length: min=2490, max=8783, avg=4971.2
    - Test split: 672 steps
    - Prediction length: 336
    - Windows: 2
TIME run allocation action=skip run=/fslarge/scratch/users/h61084/codes/evaluating_tsfms/outputs/context_size/inference/chronos_bolt/context_length/512/univariate/CPHL/H/long/run_0 source_launch=selena_context_size_20260927T131553Z_36791 launch_id=selena_context_size_20260927T131553Z_36791 slurm_job_id=3584811 launched_at=2026-09-27T15:20:42.505584+00:00
TIME run allocation action=skip run=/fslarge/scratch/users/h61084/codes/evaluating_tsfms/outputs/context_size/tasks/chronos_bolt/context_length/512/univariate/CPHL/H/long/run_0 source_launch=selena_context_size_20260927T131553Z_36791 launch_id=selena_context_size_20260927T131553Z_36791 slurm_job_id=3584811 launched_at=2026-09-27T15:20:42.512644+00:00
  Reused raw inference: /fslarge/scratch/users/h61084/codes/evaluating_tsfms/outputs/context_size/inference/chronos_bolt/context_length/512/univariate/CPHL/H/long/run_0

============================================================
All experiments completed!
Results saved to: /scratch/users/h61084/codes/evaluating_tsfms/outputs/context_size/tasks
============================================================

############################################################
# All datasets completed!
############################################################

############################################################
# Dataset 1/1: Coastal_T_S/5T
############################################################
Loading configuration...

============================================================
Dataset: Coastal_T_S/5T
Model: amazon/chronos-bolt-base
Terms: ['short', 'medium', 'long']
Instance normalization: none
============================================================
Loading Chronos-Bolt model: amazon/chronos-bolt-base from /fslarge/scratch/users/h61084/weights/chronos-bolt-base...
[2026-09-27 15:20:51 UTC] resources selected_device {"device": "cuda", "model": "chronos_bolt", "stage": "forecast"}

--- Term: short ---
  Config: prediction_length=36, test_length=4320, val_length=4320
  Dataset info:
    - Frequency: 5T
    - Num series: 18
    - Target dim: 3
    - Target mode: univariate
    - Series length: min=44614, max=105408, avg=68604.9
    - Test split: 4320 steps
    - Prediction length: 36
    - Windows: 120
TIME run allocation action=skip run=/fslarge/scratch/users/h61084/codes/evaluating_tsfms/outputs/context_size/inference/chronos_bolt/context_length/512/univariate/Coastal_T_S/5T/short/run_0 source_launch=selena_context_size_20260927T131553Z_36791 launch_id=selena_context_size_20260927T131553Z_36791 slurm_job_id=3584811 launched_at=2026-09-27T15:20:51.854902+00:00
TIME run allocation action=skip run=/fslarge/scratch/users/h61084/codes/evaluating_tsfms/outputs/context_size/tasks/chronos_bolt/context_length/512/univariate/Coastal_T_S/5T/short/run_0 source_launch=selena_context_size_20260927T131553Z_36791 launch_id=selena_context_size_20260927T131553Z_36791 slurm_job_id=3584811 launched_at=2026-09-27T15:20:51.906411+00:00
  Reused raw inference: /fslarge/scratch/users/h61084/codes/evaluating_tsfms/outputs/context_size/inference/chronos_bolt/context_length/512/univariate/Coastal_T_S/5T/short/run_0

--- Term: medium ---
  Config: prediction_length=288, test_length=4320, val_length=4320
  Dataset info:
    - Frequency: 5T
    - Num series: 18
    - Target dim: 3
    - Target mode: univariate
    - Series length: min=44614, max=105408, avg=68604.9
    - Test split: 4320 steps
    - Prediction length: 288
    - Windows: 15
TIME run allocation action=skip run=/fslarge/scratch/users/h61084/codes/evaluating_tsfms/outputs/context_size/inference/chronos_bolt/context_length/512/univariate/Coastal_T_S/5T/medium/run_0 source_launch=selena_context_size_20260927T131553Z_36791 launch_id=selena_context_size_20260927T131553Z_36791 slurm_job_id=3584811 launched_at=2026-09-27T15:20:51.986945+00:00
TIME run allocation action=skip run=/fslarge/scratch/users/h61084/codes/evaluating_tsfms/outputs/context_size/tasks/chronos_bolt/context_length/512/univariate/Coastal_T_S/5T/medium/run_0 source_launch=selena_context_size_20260927T131553Z_36791 launch_id=selena_context_size_20260927T131553Z_36791 slurm_job_id=3584811 launched_at=2026-09-27T15:20:52.036466+00:00
  Reused raw inference: /fslarge/scratch/users/h61084/codes/evaluating_tsfms/outputs/context_size/inference/chronos_bolt/context_length/512/univariate/Coastal_T_S/5T/medium/run_0

--- Term: long ---
  Config: prediction_length=864, test_length=4320, val_length=4320
  Dataset info:
    - Frequency: 5T
    - Num series: 18
    - Target dim: 3
    - Target mode: univariate
    - Series length: min=44614, max=105408, avg=68604.9
    - Test split: 4320 steps
    - Prediction length: 864
    - Windows: 5
TIME run allocation action=skip run=/fslarge/scratch/users/h61084/codes/evaluating_tsfms/outputs/context_size/inference/chronos_bolt/context_length/512/univariate/Coastal_T_S/5T/long/run_0 source_launch=selena_context_size_20260927T131553Z_36791 launch_id=selena_context_size_20260927T131553Z_36791 slurm_job_id=3584811 launched_at=2026-09-27T15:20:52.114235+00:00
TIME run allocation action=skip run=/fslarge/scratch/users/h61084/codes/evaluating_tsfms/outputs/context_size/tasks/chronos_bolt/context_length/512/univariate/Coastal_T_S/5T/long/run_0 source_launch=selena_context_size_20260927T131553Z_36791 launch_id=selena_context_size_20260927T131553Z_36791 slurm_job_id=3584811 launched_at=2026-09-27T15:20:52.162964+00:00
  Reused raw inference: /fslarge/scratch/users/h61084/codes/evaluating_tsfms/outputs/context_size/inference/chronos_bolt/context_length/512/univariate/Coastal_T_S/5T/long/run_0

============================================================
All experiments completed!
Results saved to: /scratch/users/h61084/codes/evaluating_tsfms/outputs/context_size/tasks
============================================================

############################################################
# All datasets completed!
############################################################

############################################################
# Dataset 1/1: Coastal_T_S/15T
############################################################
Loading configuration...

============================================================
Dataset: Coastal_T_S/15T
Model: amazon/chronos-bolt-base
Terms: ['short', 'medium', 'long']
Instance normalization: none
============================================================
Loading Chronos-Bolt model: amazon/chronos-bolt-base from /fslarge/scratch/users/h61084/weights/chronos-bolt-base...
[2026-09-27 15:21:00 UTC] resources selected_device {"device": "cuda", "model": "chronos_bolt", "stage": "forecast"}

--- Term: short ---
  Config: prediction_length=12, test_length=1440, val_length=1440
  Dataset info:
    - Frequency: 15T
    - Num series: 5
    - Target dim: 3
    - Target mode: univariate
    - Series length: min=16686, max=23134, avg=20870.2
    - Test split: 1440 steps
    - Prediction length: 12
    - Windows: 120
TIME run allocation action=skip run=/fslarge/scratch/users/h61084/codes/evaluating_tsfms/outputs/context_size/inference/chronos_bolt/context_length/512/univariate/Coastal_T_S/15T/short/run_0 source_launch=selena_context_size_20260927T131553Z_36791 launch_id=selena_context_size_20260927T131553Z_36791 slurm_job_id=3584811 launched_at=2026-09-27T15:21:01.361445+00:00
TIME run allocation action=skip run=/fslarge/scratch/users/h61084/codes/evaluating_tsfms/outputs/context_size/tasks/chronos_bolt/context_length/512/univariate/Coastal_T_S/15T/short/run_0 source_launch=selena_context_size_20260927T131553Z_36791 launch_id=selena_context_size_20260927T131553Z_36791 slurm_job_id=3584811 launched_at=2026-09-27T15:21:01.373992+00:00
  Reused raw inference: /fslarge/scratch/users/h61084/codes/evaluating_tsfms/outputs/context_size/inference/chronos_bolt/context_length/512/univariate/Coastal_T_S/15T/short/run_0

--- Term: medium ---
  Config: prediction_length=96, test_length=1440, val_length=1440
  Dataset info:
    - Frequency: 15T
    - Num series: 5
    - Target dim: 3
    - Target mode: univariate
    - Series length: min=16686, max=23134, avg=20870.2
    - Test split: 1440 steps
    - Prediction length: 96
    - Windows: 15
TIME run allocation action=skip run=/fslarge/scratch/users/h61084/codes/evaluating_tsfms/outputs/context_size/inference/chronos_bolt/context_length/512/univariate/Coastal_T_S/15T/medium/run_0 source_launch=selena_context_size_20260927T131553Z_36791 launch_id=selena_context_size_20260927T131553Z_36791 slurm_job_id=3584811 launched_at=2026-09-27T15:21:01.400004+00:00
TIME run allocation action=skip run=/fslarge/scratch/users/h61084/codes/evaluating_tsfms/outputs/context_size/tasks/chronos_bolt/context_length/512/univariate/Coastal_T_S/15T/medium/run_0 source_launch=selena_context_size_20260927T131553Z_36791 launch_id=selena_context_size_20260927T131553Z_36791 slurm_job_id=3584811 launched_at=2026-09-27T15:21:01.411732+00:00
  Reused raw inference: /fslarge/scratch/users/h61084/codes/evaluating_tsfms/outputs/context_size/inference/chronos_bolt/context_length/512/univariate/Coastal_T_S/15T/medium/run_0

--- Term: long ---
  Config: prediction_length=288, test_length=1440, val_length=1440
  Dataset info:
    - Frequency: 15T
    - Num series: 5
    - Target dim: 3
    - Target mode: univariate
    - Series length: min=16686, max=23134, avg=20870.2
    - Test split: 1440 steps
    - Prediction length: 288
    - Windows: 5
TIME run allocation action=skip run=/fslarge/scratch/users/h61084/codes/evaluating_tsfms/outputs/context_size/inference/chronos_bolt/context_length/512/univariate/Coastal_T_S/15T/long/run_0 source_launch=selena_context_size_20260927T131553Z_36791 launch_id=selena_context_size_20260927T131553Z_36791 slurm_job_id=3584811 launched_at=2026-09-27T15:21:01.438696+00:00
TIME run allocation action=skip run=/fslarge/scratch/users/h61084/codes/evaluating_tsfms/outputs/context_size/tasks/chronos_bolt/context_length/512/univariate/Coastal_T_S/15T/long/run_0 source_launch=selena_context_size_20260927T131553Z_36791 launch_id=selena_context_size_20260927T131553Z_36791 slurm_job_id=3584811 launched_at=2026-09-27T15:21:01.450264+00:00
  Reused raw inference: /fslarge/scratch/users/h61084/codes/evaluating_tsfms/outputs/context_size/inference/chronos_bolt/context_length/512/univariate/Coastal_T_S/15T/long/run_0

============================================================
All experiments completed!
Results saved to: /scratch/users/h61084/codes/evaluating_tsfms/outputs/context_size/tasks
============================================================

############################################################
# All datasets completed!
############################################################

############################################################
# Dataset 1/1: Coastal_T_S/20T
############################################################
Loading configuration...

============================================================
Dataset: Coastal_T_S/20T
Model: amazon/chronos-bolt-base
Terms: ['short', 'medium', 'long']
Instance normalization: none
============================================================
Loading Chronos-Bolt model: amazon/chronos-bolt-base from /fslarge/scratch/users/h61084/weights/chronos-bolt-base...
[2026-09-27 15:21:09 UTC] resources selected_device {"device": "cuda", "model": "chronos_bolt", "stage": "forecast"}

--- Term: short ---
  Config: prediction_length=9, test_length=1080, val_length=1080
  Dataset info:
    - Frequency: 20T
    - Num series: 1
    - Target dim: 3
    - Target mode: univariate
    - Series length: min=8198, max=8198, avg=8198.0
    - Test split: 1080 steps
    - Prediction length: 9
    - Windows: 120
TIME run allocation action=skip run=/fslarge/scratch/users/h61084/codes/evaluating_tsfms/outputs/context_size/inference/chronos_bolt/context_length/512/univariate/Coastal_T_S/20T/short/run_0 source_launch=selena_context_size_20260927T131553Z_36791 launch_id=selena_context_size_20260927T131553Z_36791 slurm_job_id=3584811 launched_at=2026-09-27T15:21:10.656625+00:00
TIME run allocation action=skip run=/fslarge/scratch/users/h61084/codes/evaluating_tsfms/outputs/context_size/tasks/chronos_bolt/context_length/512/univariate/Coastal_T_S/20T/short/run_0 source_launch=selena_context_size_20260927T131553Z_36791 launch_id=selena_context_size_20260927T131553Z_36791 slurm_job_id=3584811 launched_at=2026-09-27T15:21:10.665587+00:00
  Reused raw inference: /fslarge/scratch/users/h61084/codes/evaluating_tsfms/outputs/context_size/inference/chronos_bolt/context_length/512/univariate/Coastal_T_S/20T/short/run_0

--- Term: medium ---
  Config: prediction_length=72, test_length=1080, val_length=1080
  Dataset info:
    - Frequency: 20T
    - Num series: 1
    - Target dim: 3
    - Target mode: univariate
    - Series length: min=8198, max=8198, avg=8198.0
    - Test split: 1080 steps
    - Prediction length: 72
    - Windows: 15
TIME run allocation action=skip run=/fslarge/scratch/users/h61084/codes/evaluating_tsfms/outputs/context_size/inference/chronos_bolt/context_length/512/univariate/Coastal_T_S/20T/medium/run_0 source_launch=selena_context_size_20260927T131553Z_36791 launch_id=selena_context_size_20260927T131553Z_36791 slurm_job_id=3584811 launched_at=2026-09-27T15:21:10.683840+00:00
TIME run allocation action=skip run=/fslarge/scratch/users/h61084/codes/evaluating_tsfms/outputs/context_size/tasks/chronos_bolt/context_length/512/univariate/Coastal_T_S/20T/medium/run_0 source_launch=selena_context_size_20260927T131553Z_36791 launch_id=selena_context_size_20260927T131553Z_36791 slurm_job_id=3584811 launched_at=2026-09-27T15:21:10.691868+00:00
  Reused raw inference: /fslarge/scratch/users/h61084/codes/evaluating_tsfms/outputs/context_size/inference/chronos_bolt/context_length/512/univariate/Coastal_T_S/20T/medium/run_0

--- Term: long ---
  Config: prediction_length=216, test_length=1080, val_length=1080
  Dataset info:
    - Frequency: 20T
    - Num series: 1
    - Target dim: 3
    - Target mode: univariate
    - Series length: min=8198, max=8198, avg=8198.0
    - Test split: 1080 steps
    - Prediction length: 216
    - Windows: 5
TIME run allocation action=skip run=/fslarge/scratch/users/h61084/codes/evaluating_tsfms/outputs/context_size/inference/chronos_bolt/context_length/512/univariate/Coastal_T_S/20T/long/run_0 source_launch=selena_context_size_20260927T131553Z_36791 launch_id=selena_context_size_20260927T131553Z_36791 slurm_job_id=3584811 launched_at=2026-09-27T15:21:10.709699+00:00
TIME run allocation action=skip run=/fslarge/scratch/users/h61084/codes/evaluating_tsfms/outputs/context_size/tasks/chronos_bolt/context_length/512/univariate/Coastal_T_S/20T/long/run_0 source_launch=selena_context_size_20260927T131553Z_36791 launch_id=selena_context_size_20260927T131553Z_36791 slurm_job_id=3584811 launched_at=2026-09-27T15:21:10.717305+00:00
  Reused raw inference: /fslarge/scratch/users/h61084/codes/evaluating_tsfms/outputs/context_size/inference/chronos_bolt/context_length/512/univariate/Coastal_T_S/20T/long/run_0

============================================================
All experiments completed!
Results saved to: /scratch/users/h61084/codes/evaluating_tsfms/outputs/context_size/tasks
============================================================

############################################################
# All datasets completed!
############################################################

############################################################
# Dataset 1/1: Coastal_T_S/H
############################################################
Loading configuration...

============================================================
Dataset: Coastal_T_S/H
Model: amazon/chronos-bolt-base
Terms: ['short', 'medium', 'long']
Instance normalization: none
============================================================
Loading Chronos-Bolt model: amazon/chronos-bolt-base from /fslarge/scratch/users/h61084/weights/chronos-bolt-base...
[2026-09-27 15:21:19 UTC] resources selected_device {"device": "cuda", "model": "chronos_bolt", "stage": "forecast"}

--- Term: short ---
  Config: prediction_length=24, test_length=672, val_length=672
  Dataset info:
    - Frequency: H
    - Num series: 24
    - Target dim: 3
    - Target mode: univariate
    - Series length: min=2733, max=8784, avg=5488.8
    - Test split: 672 steps
    - Prediction length: 24
    - Windows: 28
TIME run allocation action=skip run=/fslarge/scratch/users/h61084/codes/evaluating_tsfms/outputs/context_size/inference/chronos_bolt/context_length/512/univariate/Coastal_T_S/H/short/run_0 source_launch=selena_context_size_20260927T131553Z_36791 launch_id=selena_context_size_20260927T131553Z_36791 slurm_job_id=3584811 launched_at=2026-09-27T15:21:19.861159+00:00
TIME run allocation action=skip run=/fslarge/scratch/users/h61084/codes/evaluating_tsfms/outputs/context_size/tasks/chronos_bolt/context_length/512/univariate/Coastal_T_S/H/short/run_0 source_launch=selena_context_size_20260927T131553Z_36791 launch_id=selena_context_size_20260927T131553Z_36791 slurm_job_id=3584811 launched_at=2026-09-27T15:21:19.878974+00:00
  Reused raw inference: /fslarge/scratch/users/h61084/codes/evaluating_tsfms/outputs/context_size/inference/chronos_bolt/context_length/512/univariate/Coastal_T_S/H/short/run_0

--- Term: medium ---
  Config: prediction_length=168, test_length=672, val_length=672
  Dataset info:
    - Frequency: H
    - Num series: 24
    - Target dim: 3
    - Target mode: univariate
    - Series length: min=2733, max=8784, avg=5488.8
    - Test split: 672 steps
    - Prediction length: 168
    - Windows: 4
TIME run allocation action=skip run=/fslarge/scratch/users/h61084/codes/evaluating_tsfms/outputs/context_size/inference/chronos_bolt/context_length/512/univariate/Coastal_T_S/H/medium/run_0 source_launch=selena_context_size_20260927T131553Z_36791 launch_id=selena_context_size_20260927T131553Z_36791 slurm_job_id=3584811 launched_at=2026-09-27T15:21:19.898356+00:00
TIME run allocation action=skip run=/fslarge/scratch/users/h61084/codes/evaluating_tsfms/outputs/context_size/tasks/chronos_bolt/context_length/512/univariate/Coastal_T_S/H/medium/run_0 source_launch=selena_context_size_20260927T131553Z_36791 launch_id=selena_context_size_20260927T131553Z_36791 slurm_job_id=3584811 launched_at=2026-09-27T15:21:19.914545+00:00
  Reused raw inference: /fslarge/scratch/users/h61084/codes/evaluating_tsfms/outputs/context_size/inference/chronos_bolt/context_length/512/univariate/Coastal_T_S/H/medium/run_0

--- Term: long ---
  Config: prediction_length=336, test_length=672, val_length=672
  Dataset info:
    - Frequency: H
    - Num series: 24
    - Target dim: 3
    - Target mode: univariate
    - Series length: min=2733, max=8784, avg=5488.8
    - Test split: 672 steps
    - Prediction length: 336
    - Windows: 2
TIME run allocation action=skip run=/fslarge/scratch/users/h61084/codes/evaluating_tsfms/outputs/context_size/inference/chronos_bolt/context_length/512/univariate/Coastal_T_S/H/long/run_0 source_launch=selena_context_size_20260927T131553Z_36791 launch_id=selena_context_size_20260927T131553Z_36791 slurm_job_id=3584811 launched_at=2026-09-27T15:21:19.932981+00:00
TIME run allocation action=skip run=/fslarge/scratch/users/h61084/codes/evaluating_tsfms/outputs/context_size/tasks/chronos_bolt/context_length/512/univariate/Coastal_T_S/H/long/run_0 source_launch=selena_context_size_20260927T131553Z_36791 launch_id=selena_context_size_20260927T131553Z_36791 slurm_job_id=3584811 launched_at=2026-09-27T15:21:19.948698+00:00
  Reused raw inference: /fslarge/scratch/users/h61084/codes/evaluating_tsfms/outputs/context_size/inference/chronos_bolt/context_length/512/univariate/Coastal_T_S/H/long/run_0

============================================================
All experiments completed!
Results saved to: /scratch/users/h61084/codes/evaluating_tsfms/outputs/context_size/tasks
============================================================

############################################################
# All datasets completed!
############################################################

############################################################
# Dataset 1/1: SG_Weather/D
############################################################
Loading configuration...

============================================================
Dataset: SG_Weather/D
Model: amazon/chronos-bolt-base
Terms: ['short', 'medium', 'long']
Instance normalization: none
============================================================
Loading Chronos-Bolt model: amazon/chronos-bolt-base from /fslarge/scratch/users/h61084/weights/chronos-bolt-base...
[2026-09-27 15:21:28 UTC] resources selected_device {"device": "cuda", "model": "chronos_bolt", "stage": "forecast"}

--- Term: short ---
  Config: prediction_length=3, test_length=366, val_length=366
  Dataset info:
    - Frequency: D
    - Num series: 6
    - Target dim: 4
    - Target mode: univariate
    - Series length: min=2953, max=2953, avg=2953.0
    - Test split: 366 steps
    - Prediction length: 3
    - Windows: 122
TIME run allocation action=skip run=/fslarge/scratch/users/h61084/codes/evaluating_tsfms/outputs/context_size/inference/chronos_bolt/context_length/512/univariate/SG_Weather/D/short/run_0 source_launch=selena_context_size_20260927T131553Z_36791 launch_id=selena_context_size_20260927T131553Z_36791 slurm_job_id=3584811 launched_at=2026-09-27T15:21:29.129129+00:00
TIME run allocation action=skip run=/fslarge/scratch/users/h61084/codes/evaluating_tsfms/outputs/context_size/tasks/chronos_bolt/context_length/512/univariate/SG_Weather/D/short/run_0 source_launch=selena_context_size_20260927T131553Z_36791 launch_id=selena_context_size_20260927T131553Z_36791 slurm_job_id=3584811 launched_at=2026-09-27T15:21:29.139439+00:00
  Reused raw inference: /fslarge/scratch/users/h61084/codes/evaluating_tsfms/outputs/context_size/inference/chronos_bolt/context_length/512/univariate/SG_Weather/D/short/run_0

--- Term: medium ---
  Config: prediction_length=7, test_length=366, val_length=366
  Dataset info:
    - Frequency: D
    - Num series: 6
    - Target dim: 4
    - Target mode: univariate
    - Series length: min=2953, max=2953, avg=2953.0
    - Test split: 366 steps
    - Prediction length: 7
    - Windows: 52
TIME run allocation action=skip run=/fslarge/scratch/users/h61084/codes/evaluating_tsfms/outputs/context_size/inference/chronos_bolt/context_length/512/univariate/SG_Weather/D/medium/run_0 source_launch=selena_context_size_20260927T131553Z_36791 launch_id=selena_context_size_20260927T131553Z_36791 slurm_job_id=3584811 launched_at=2026-09-27T15:21:29.155667+00:00
TIME run allocation action=skip run=/fslarge/scratch/users/h61084/codes/evaluating_tsfms/outputs/context_size/tasks/chronos_bolt/context_length/512/univariate/SG_Weather/D/medium/run_0 source_launch=selena_context_size_20260927T131553Z_36791 launch_id=selena_context_size_20260927T131553Z_36791 slurm_job_id=3584811 launched_at=2026-09-27T15:21:29.164809+00:00
  Reused raw inference: /fslarge/scratch/users/h61084/codes/evaluating_tsfms/outputs/context_size/inference/chronos_bolt/context_length/512/univariate/SG_Weather/D/medium/run_0

--- Term: long ---
  Config: prediction_length=14, test_length=366, val_length=366
  Dataset info:
    - Frequency: D
    - Num series: 6
    - Target dim: 4
    - Target mode: univariate
    - Series length: min=2953, max=2953, avg=2953.0
    - Test split: 366 steps
    - Prediction length: 14
    - Windows: 26
TIME run allocation action=skip run=/fslarge/scratch/users/h61084/codes/evaluating_tsfms/outputs/context_size/inference/chronos_bolt/context_length/512/univariate/SG_Weather/D/long/run_0 source_launch=selena_context_size_20260927T131553Z_36791 launch_id=selena_context_size_20260927T131553Z_36791 slurm_job_id=3584811 launched_at=2026-09-27T15:21:29.180621+00:00
TIME run allocation action=skip run=/fslarge/scratch/users/h61084/codes/evaluating_tsfms/outputs/context_size/tasks/chronos_bolt/context_length/512/univariate/SG_Weather/D/long/run_0 source_launch=selena_context_size_20260927T131553Z_36791 launch_id=selena_context_size_20260927T131553Z_36791 slurm_job_id=3584811 launched_at=2026-09-27T15:21:29.189385+00:00
  Reused raw inference: /fslarge/scratch/users/h61084/codes/evaluating_tsfms/outputs/context_size/inference/chronos_bolt/context_length/512/univariate/SG_Weather/D/long/run_0

============================================================
All experiments completed!
Results saved to: /scratch/users/h61084/codes/evaluating_tsfms/outputs/context_size/tasks
============================================================

############################################################
# All datasets completed!
############################################################

############################################################
# Dataset 1/1: SG_PM25/H
############################################################
Loading configuration...

============================================================
Dataset: SG_PM25/H
Model: amazon/chronos-bolt-base
Terms: ['short', 'medium', 'long']
Instance normalization: none
============================================================
Loading Chronos-Bolt model: amazon/chronos-bolt-base from /fslarge/scratch/users/h61084/weights/chronos-bolt-base...
[2026-09-27 15:21:37 UTC] resources selected_device {"device": "cuda", "model": "chronos_bolt", "stage": "forecast"}

--- Term: short ---
  Config: prediction_length=24, test_length=2208, val_length=2160
  Dataset info:
    - Frequency: H
    - Num series: 1
    - Target dim: 5
    - Target mode: univariate
    - Series length: min=38688, max=38688, avg=38688.0
    - Test split: 2208 steps
    - Prediction length: 24
    - Windows: 92
TIME run allocation action=skip run=/fslarge/scratch/users/h61084/codes/evaluating_tsfms/outputs/context_size/inference/chronos_bolt/context_length/512/univariate/SG_PM25/H/short/run_0 source_launch=selena_context_size_20260927T131553Z_36791 launch_id=selena_context_size_20260927T131553Z_36791 slurm_job_id=3584811 launched_at=2026-09-27T15:21:38.405144+00:00
TIME run allocation action=skip run=/fslarge/scratch/users/h61084/codes/evaluating_tsfms/outputs/context_size/tasks/chronos_bolt/context_length/512/univariate/SG_PM25/H/short/run_0 source_launch=selena_context_size_20260927T131553Z_36791 launch_id=selena_context_size_20260927T131553Z_36791 slurm_job_id=3584811 launched_at=2026-09-27T15:21:38.415856+00:00
  Reused raw inference: /fslarge/scratch/users/h61084/codes/evaluating_tsfms/outputs/context_size/inference/chronos_bolt/context_length/512/univariate/SG_PM25/H/short/run_0

--- Term: medium ---
  Config: prediction_length=72, test_length=2208, val_length=2160
  Dataset info:
    - Frequency: H
    - Num series: 1
    - Target dim: 5
    - Target mode: univariate
    - Series length: min=38688, max=38688, avg=38688.0
    - Test split: 2208 steps
    - Prediction length: 72
    - Windows: 30
TIME run allocation action=skip run=/fslarge/scratch/users/h61084/codes/evaluating_tsfms/outputs/context_size/inference/chronos_bolt/context_length/512/univariate/SG_PM25/H/medium/run_0 source_launch=selena_context_size_20260927T131553Z_36791 launch_id=selena_context_size_20260927T131553Z_36791 slurm_job_id=3584811 launched_at=2026-09-27T15:21:38.470540+00:00
TIME run allocation action=skip run=/fslarge/scratch/users/h61084/codes/evaluating_tsfms/outputs/context_size/tasks/chronos_bolt/context_length/512/univariate/SG_PM25/H/medium/run_0 source_launch=selena_context_size_20260927T131553Z_36791 launch_id=selena_context_size_20260927T131553Z_36791 slurm_job_id=3584811 launched_at=2026-09-27T15:21:38.479390+00:00
  Reused raw inference: /fslarge/scratch/users/h61084/codes/evaluating_tsfms/outputs/context_size/inference/chronos_bolt/context_length/512/univariate/SG_PM25/H/medium/run_0

--- Term: long ---
  Config: prediction_length=168, test_length=2208, val_length=2160
  Dataset info:
    - Frequency: H
    - Num series: 1
    - Target dim: 5
    - Target mode: univariate
    - Series length: min=38688, max=38688, avg=38688.0
    - Test split: 2208 steps
    - Prediction length: 168
    - Windows: 13
TIME run allocation action=skip run=/fslarge/scratch/users/h61084/codes/evaluating_tsfms/outputs/context_size/inference/chronos_bolt/context_length/512/univariate/SG_PM25/H/long/run_0 source_launch=selena_context_size_20260927T131553Z_36791 launch_id=selena_context_size_20260927T131553Z_36791 slurm_job_id=3584811 launched_at=2026-09-27T15:21:38.532782+00:00
TIME run allocation action=skip run=/fslarge/scratch/users/h61084/codes/evaluating_tsfms/outputs/context_size/tasks/chronos_bolt/context_length/512/univariate/SG_PM25/H/long/run_0 source_launch=selena_context_size_20260927T131553Z_36791 launch_id=selena_context_size_20260927T131553Z_36791 slurm_job_id=3584811 launched_at=2026-09-27T15:21:38.541999+00:00
  Reused raw inference: /fslarge/scratch/users/h61084/codes/evaluating_tsfms/outputs/context_size/inference/chronos_bolt/context_length/512/univariate/SG_PM25/H/long/run_0

============================================================
All experiments completed!
Results saved to: /scratch/users/h61084/codes/evaluating_tsfms/outputs/context_size/tasks
============================================================

############################################################
# All datasets completed!
############################################################

############################################################
# Dataset 1/1: NE_China_Wind/H
############################################################
Loading configuration...

============================================================
Dataset: NE_China_Wind/H
Model: amazon/chronos-bolt-base
Terms: ['short', 'medium', 'long']
Instance normalization: none
============================================================
Loading Chronos-Bolt model: amazon/chronos-bolt-base from /fslarge/scratch/users/h61084/weights/chronos-bolt-base...
[2026-09-27 15:21:47 UTC] resources selected_device {"device": "cuda", "model": "chronos_bolt", "stage": "forecast"}

--- Term: short ---
  Config: prediction_length=24, test_length=720, val_length=720
  Dataset info:
    - Frequency: H
    - Num series: 1
    - Target dim: 4
    - Target mode: univariate
    - Series length: min=8764, max=8764, avg=8764.0
    - Test split: 720 steps
    - Prediction length: 24
    - Windows: 30
TIME run allocation action=skip run=/fslarge/scratch/users/h61084/codes/evaluating_tsfms/outputs/context_size/inference/chronos_bolt/context_length/512/univariate/NE_China_Wind/H/short/run_0 source_launch=selena_context_size_20260927T131553Z_36791 launch_id=selena_context_size_20260927T131553Z_36791 slurm_job_id=3584811 launched_at=2026-09-27T15:21:47.727266+00:00
TIME run allocation action=skip run=/fslarge/scratch/users/h61084/codes/evaluating_tsfms/outputs/context_size/tasks/chronos_bolt/context_length/512/univariate/NE_China_Wind/H/short/run_0 source_launch=selena_context_size_20260927T131553Z_36791 launch_id=selena_context_size_20260927T131553Z_36791 slurm_job_id=3584811 launched_at=2026-09-27T15:21:47.736528+00:00
  Reused raw inference: /fslarge/scratch/users/h61084/codes/evaluating_tsfms/outputs/context_size/inference/chronos_bolt/context_length/512/univariate/NE_China_Wind/H/short/run_0

--- Term: medium ---
  Config: prediction_length=72, test_length=720, val_length=720
  Dataset info:
    - Frequency: H
    - Num series: 1
    - Target dim: 4
    - Target mode: univariate
    - Series length: min=8764, max=8764, avg=8764.0
    - Test split: 720 steps
    - Prediction length: 72
    - Windows: 10
TIME run allocation action=skip run=/fslarge/scratch/users/h61084/codes/evaluating_tsfms/outputs/context_size/inference/chronos_bolt/context_length/512/univariate/NE_China_Wind/H/medium/run_0 source_launch=selena_context_size_20260927T131553Z_36791 launch_id=selena_context_size_20260927T131553Z_36791 slurm_job_id=3584811 launched_at=2026-09-27T15:21:47.756596+00:00
TIME run allocation action=skip run=/fslarge/scratch/users/h61084/codes/evaluating_tsfms/outputs/context_size/tasks/chronos_bolt/context_length/512/univariate/NE_China_Wind/H/medium/run_0 source_launch=selena_context_size_20260927T131553Z_36791 launch_id=selena_context_size_20260927T131553Z_36791 slurm_job_id=3584811 launched_at=2026-09-27T15:21:47.764722+00:00
  Reused raw inference: /fslarge/scratch/users/h61084/codes/evaluating_tsfms/outputs/context_size/inference/chronos_bolt/context_length/512/univariate/NE_China_Wind/H/medium/run_0

--- Term: long ---
  Config: prediction_length=168, test_length=720, val_length=720
  Dataset info:
    - Frequency: H
    - Num series: 1
    - Target dim: 4
    - Target mode: univariate
    - Series length: min=8764, max=8764, avg=8764.0
    - Test split: 720 steps
    - Prediction length: 168
    - Windows: 4
TIME run allocation action=skip run=/fslarge/scratch/users/h61084/codes/evaluating_tsfms/outputs/context_size/inference/chronos_bolt/context_length/512/univariate/NE_China_Wind/H/long/run_0 source_launch=selena_context_size_20260927T131553Z_36791 launch_id=selena_context_size_20260927T131553Z_36791 slurm_job_id=3584811 launched_at=2026-09-27T15:21:47.784644+00:00
TIME run allocation action=skip run=/fslarge/scratch/users/h61084/codes/evaluating_tsfms/outputs/context_size/tasks/chronos_bolt/context_length/512/univariate/NE_China_Wind/H/long/run_0 source_launch=selena_context_size_20260927T131553Z_36791 launch_id=selena_context_size_20260927T131553Z_36791 slurm_job_id=3584811 launched_at=2026-09-27T15:21:47.792524+00:00
  Reused raw inference: /fslarge/scratch/users/h61084/codes/evaluating_tsfms/outputs/context_size/inference/chronos_bolt/context_length/512/univariate/NE_China_Wind/H/long/run_0

============================================================
All experiments completed!
Results saved to: /scratch/users/h61084/codes/evaluating_tsfms/outputs/context_size/tasks
============================================================

############################################################
# All datasets completed!
############################################################

############################################################
# Dataset 1/1: Australia_Solar/H
############################################################
Loading configuration...

============================================================
Dataset: Australia_Solar/H
Model: amazon/chronos-bolt-base
Terms: ['short', 'medium', 'long']
Instance normalization: none
============================================================
Loading Chronos-Bolt model: amazon/chronos-bolt-base from /fslarge/scratch/users/h61084/weights/chronos-bolt-base...
[2026-09-27 15:21:56 UTC] resources selected_device {"device": "cuda", "model": "chronos_bolt", "stage": "forecast"}

--- Term: short ---
  Config: prediction_length=24, test_length=2520, val_length=2520
  Dataset info:
    - Frequency: H
    - Num series: 1
    - Target dim: 3
    - Target mode: univariate
    - Series length: min=35064, max=35064, avg=35064.0
    - Test split: 2520 steps
    - Prediction length: 24
    - Windows: 105
TIME run allocation action=skip run=/fslarge/scratch/users/h61084/codes/evaluating_tsfms/outputs/context_size/inference/chronos_bolt/context_length/512/univariate/Australia_Solar/H/short/run_0 source_launch=selena_context_size_20260927T131553Z_36791 launch_id=selena_context_size_20260927T131553Z_36791 slurm_job_id=3584811 launched_at=2026-09-27T15:21:56.979596+00:00
TIME run allocation action=skip run=/fslarge/scratch/users/h61084/codes/evaluating_tsfms/outputs/context_size/tasks/chronos_bolt/context_length/512/univariate/Australia_Solar/H/short/run_0 source_launch=selena_context_size_20260927T131553Z_36791 launch_id=selena_context_size_20260927T131553Z_36791 slurm_job_id=3584811 launched_at=2026-09-27T15:21:56.990311+00:00
  Reused raw inference: /fslarge/scratch/users/h61084/codes/evaluating_tsfms/outputs/context_size/inference/chronos_bolt/context_length/512/univariate/Australia_Solar/H/short/run_0

--- Term: medium ---
  Config: prediction_length=72, test_length=2520, val_length=2520
  Dataset info:
    - Frequency: H
    - Num series: 1
    - Target dim: 3
    - Target mode: univariate
    - Series length: min=35064, max=35064, avg=35064.0
    - Test split: 2520 steps
    - Prediction length: 72
    - Windows: 35
TIME run allocation action=skip run=/fslarge/scratch/users/h61084/codes/evaluating_tsfms/outputs/context_size/inference/chronos_bolt/context_length/512/univariate/Australia_Solar/H/medium/run_0 source_launch=selena_context_size_20260927T131553Z_36791 launch_id=selena_context_size_20260927T131553Z_36791 slurm_job_id=3584811 launched_at=2026-09-27T15:21:57.023963+00:00
TIME run allocation action=skip run=/fslarge/scratch/users/h61084/codes/evaluating_tsfms/outputs/context_size/tasks/chronos_bolt/context_length/512/univariate/Australia_Solar/H/medium/run_0 source_launch=selena_context_size_20260927T131553Z_36791 launch_id=selena_context_size_20260927T131553Z_36791 slurm_job_id=3584811 launched_at=2026-09-27T15:21:57.032789+00:00
  Reused raw inference: /fslarge/scratch/users/h61084/codes/evaluating_tsfms/outputs/context_size/inference/chronos_bolt/context_length/512/univariate/Australia_Solar/H/medium/run_0

--- Term: long ---
  Config: prediction_length=168, test_length=2520, val_length=2520
  Dataset info:
    - Frequency: H
    - Num series: 1
    - Target dim: 3
    - Target mode: univariate
    - Series length: min=35064, max=35064, avg=35064.0
    - Test split: 2520 steps
    - Prediction length: 168
    - Windows: 15
TIME run allocation action=skip run=/fslarge/scratch/users/h61084/codes/evaluating_tsfms/outputs/context_size/inference/chronos_bolt/context_length/512/univariate/Australia_Solar/H/long/run_0 source_launch=selena_context_size_20260927T131553Z_36791 launch_id=selena_context_size_20260927T131553Z_36791 slurm_job_id=3584811 launched_at=2026-09-27T15:21:57.063693+00:00
TIME run allocation action=skip run=/fslarge/scratch/users/h61084/codes/evaluating_tsfms/outputs/context_size/tasks/chronos_bolt/context_length/512/univariate/Australia_Solar/H/long/run_0 source_launch=selena_context_size_20260927T131553Z_36791 launch_id=selena_context_size_20260927T131553Z_36791 slurm_job_id=3584811 launched_at=2026-09-27T15:21:57.077352+00:00
  Reused raw inference: /fslarge/scratch/users/h61084/codes/evaluating_tsfms/outputs/context_size/inference/chronos_bolt/context_length/512/univariate/Australia_Solar/H/long/run_0

============================================================
All experiments completed!
Results saved to: /scratch/users/h61084/codes/evaluating_tsfms/outputs/context_size/tasks
============================================================

############################################################
# All datasets completed!
############################################################

############################################################
# Dataset 1/1: epf_electricity_price/H
############################################################
Loading configuration...

============================================================
Dataset: epf_electricity_price/H
Model: amazon/chronos-bolt-base
Terms: ['short', 'medium', 'long']
Instance normalization: none
============================================================
Loading Chronos-Bolt model: amazon/chronos-bolt-base from /fslarge/scratch/users/h61084/weights/chronos-bolt-base...
[2026-09-27 15:22:05 UTC] resources selected_device {"device": "cuda", "model": "chronos_bolt", "stage": "forecast"}

--- Term: short ---
  Config: prediction_length=24, test_length=2520, val_length=2520
  Dataset info:
    - Frequency: H
    - Num series: 5
    - Target dim: 1
    - Target mode: univariate
    - Series length: min=52416, max=52416, avg=52416.0
    - Test split: 2520 steps
    - Prediction length: 24
    - Windows: 105
TIME run allocation action=skip run=/fslarge/scratch/users/h61084/codes/evaluating_tsfms/outputs/context_size/inference/chronos_bolt/context_length/512/univariate/epf_electricity_price/H/short/run_0 source_launch=selena_context_size_20260927T131553Z_36791 launch_id=selena_context_size_20260927T131553Z_36791 slurm_job_id=3584811 launched_at=2026-09-27T15:22:06.277080+00:00
TIME run allocation action=skip run=/fslarge/scratch/users/h61084/codes/evaluating_tsfms/outputs/context_size/tasks/chronos_bolt/context_length/512/univariate/epf_electricity_price/H/short/run_0 source_launch=selena_context_size_20260927T131553Z_36791 launch_id=selena_context_size_20260927T131553Z_36791 slurm_job_id=3584811 launched_at=2026-09-27T15:22:06.288102+00:00
  Reused raw inference: /fslarge/scratch/users/h61084/codes/evaluating_tsfms/outputs/context_size/inference/chronos_bolt/context_length/512/univariate/epf_electricity_price/H/short/run_0

--- Term: medium ---
  Config: prediction_length=72, test_length=2520, val_length=2520
  Dataset info:
    - Frequency: H
    - Num series: 5
    - Target dim: 1
    - Target mode: univariate
    - Series length: min=52416, max=52416, avg=52416.0
    - Test split: 2520 steps
    - Prediction length: 72
    - Windows: 35
TIME run allocation action=skip run=/fslarge/scratch/users/h61084/codes/evaluating_tsfms/outputs/context_size/inference/chronos_bolt/context_length/512/univariate/epf_electricity_price/H/medium/run_0 source_launch=selena_context_size_20260927T131553Z_36791 launch_id=selena_context_size_20260927T131553Z_36791 slurm_job_id=3584811 launched_at=2026-09-27T15:22:06.305831+00:00
TIME run allocation action=skip run=/fslarge/scratch/users/h61084/codes/evaluating_tsfms/outputs/context_size/tasks/chronos_bolt/context_length/512/univariate/epf_electricity_price/H/medium/run_0 source_launch=selena_context_size_20260927T131553Z_36791 launch_id=selena_context_size_20260927T131553Z_36791 slurm_job_id=3584811 launched_at=2026-09-27T15:22:06.314880+00:00
  Reused raw inference: /fslarge/scratch/users/h61084/codes/evaluating_tsfms/outputs/context_size/inference/chronos_bolt/context_length/512/univariate/epf_electricity_price/H/medium/run_0

--- Term: long ---
  Config: prediction_length=168, test_length=2520, val_length=2520
  Dataset info:
    - Frequency: H
    - Num series: 5
    - Target dim: 1
    - Target mode: univariate
    - Series length: min=52416, max=52416, avg=52416.0
    - Test split: 2520 steps
    - Prediction length: 168
    - Windows: 15
TIME run allocation action=skip run=/fslarge/scratch/users/h61084/codes/evaluating_tsfms/outputs/context_size/inference/chronos_bolt/context_length/512/univariate/epf_electricity_price/H/long/run_0 source_launch=selena_context_size_20260927T131553Z_36791 launch_id=selena_context_size_20260927T131553Z_36791 slurm_job_id=3584811 launched_at=2026-09-27T15:22:06.331869+00:00
TIME run allocation action=skip run=/fslarge/scratch/users/h61084/codes/evaluating_tsfms/outputs/context_size/tasks/chronos_bolt/context_length/512/univariate/epf_electricity_price/H/long/run_0 source_launch=selena_context_size_20260927T131553Z_36791 launch_id=selena_context_size_20260927T131553Z_36791 slurm_job_id=3584811 launched_at=2026-09-27T15:22:06.341447+00:00
  Reused raw inference: /fslarge/scratch/users/h61084/codes/evaluating_tsfms/outputs/context_size/inference/chronos_bolt/context_length/512/univariate/epf_electricity_price/H/long/run_0

============================================================
All experiments completed!
Results saved to: /scratch/users/h61084/codes/evaluating_tsfms/outputs/context_size/tasks
============================================================

############################################################
# All datasets completed!
############################################################

############################################################
# Dataset 1/1: OpenElectricity_NEM/5T
############################################################
Loading configuration...

============================================================
Dataset: OpenElectricity_NEM/5T
Model: amazon/chronos-bolt-base
Terms: ['short', 'medium', 'long']
Instance normalization: none
============================================================
Loading Chronos-Bolt model: amazon/chronos-bolt-base from /fslarge/scratch/users/h61084/weights/chronos-bolt-base...
[2026-09-27 15:22:14 UTC] resources selected_device {"device": "cuda", "model": "chronos_bolt", "stage": "forecast"}

--- Term: short ---
  Config: prediction_length=24, test_length=4032, val_length=4032
  Dataset info:
    - Frequency: 5T
    - Num series: 1
    - Target dim: 10
    - Target mode: univariate
    - Series length: min=43488, max=43488, avg=43488.0
    - Test split: 4032 steps
    - Prediction length: 24
    - Windows: 168
TIME run allocation action=skip run=/fslarge/scratch/users/h61084/codes/evaluating_tsfms/outputs/context_size/inference/chronos_bolt/context_length/512/univariate/OpenElectricity_NEM/5T/short/run_0 source_launch=selena_context_size_20260927T131553Z_36791 launch_id=selena_context_size_20260927T131553Z_36791 slurm_job_id=3584811 launched_at=2026-09-27T15:22:15.630467+00:00
TIME run allocation action=skip run=/fslarge/scratch/users/h61084/codes/evaluating_tsfms/outputs/context_size/tasks/chronos_bolt/context_length/512/univariate/OpenElectricity_NEM/5T/short/run_0 source_launch=selena_context_size_20260927T131553Z_36791 launch_id=selena_context_size_20260927T131553Z_36791 slurm_job_id=3584811 launched_at=2026-09-27T15:22:15.646021+00:00
  Reused raw inference: /fslarge/scratch/users/h61084/codes/evaluating_tsfms/outputs/context_size/inference/chronos_bolt/context_length/512/univariate/OpenElectricity_NEM/5T/short/run_0

--- Term: medium ---
  Config: prediction_length=96, test_length=4032, val_length=4032
  Dataset info:
    - Frequency: 5T
    - Num series: 1
    - Target dim: 10
    - Target mode: univariate
    - Series length: min=43488, max=43488, avg=43488.0
    - Test split: 4032 steps
    - Prediction length: 96
    - Windows: 42
TIME run allocation action=skip run=/fslarge/scratch/users/h61084/codes/evaluating_tsfms/outputs/context_size/inference/chronos_bolt/context_length/512/univariate/OpenElectricity_NEM/5T/medium/run_0 source_launch=selena_context_size_20260927T131553Z_36791 launch_id=selena_context_size_20260927T131553Z_36791 slurm_job_id=3584811 launched_at=2026-09-27T15:22:15.752422+00:00
TIME run allocation action=skip run=/fslarge/scratch/users/h61084/codes/evaluating_tsfms/outputs/context_size/tasks/chronos_bolt/context_length/512/univariate/OpenElectricity_NEM/5T/medium/run_0 source_launch=selena_context_size_20260927T131553Z_36791 launch_id=selena_context_size_20260927T131553Z_36791 slurm_job_id=3584811 launched_at=2026-09-27T15:22:15.766722+00:00
  Reused raw inference: /fslarge/scratch/users/h61084/codes/evaluating_tsfms/outputs/context_size/inference/chronos_bolt/context_length/512/univariate/OpenElectricity_NEM/5T/medium/run_0

--- Term: long ---
  Config: prediction_length=288, test_length=4032, val_length=4032
  Dataset info:
    - Frequency: 5T
    - Num series: 1
    - Target dim: 10
    - Target mode: univariate
    - Series length: min=43488, max=43488, avg=43488.0
    - Test split: 4032 steps
    - Prediction length: 288
    - Windows: 14
TIME run allocation action=skip run=/fslarge/scratch/users/h61084/codes/evaluating_tsfms/outputs/context_size/inference/chronos_bolt/context_length/512/univariate/OpenElectricity_NEM/5T/long/run_0 source_launch=selena_context_size_20260927T131553Z_36791 launch_id=selena_context_size_20260927T131553Z_36791 slurm_job_id=3584811 launched_at=2026-09-27T15:22:15.870378+00:00
TIME run allocation action=skip run=/fslarge/scratch/users/h61084/codes/evaluating_tsfms/outputs/context_size/tasks/chronos_bolt/context_length/512/univariate/OpenElectricity_NEM/5T/long/run_0 source_launch=selena_context_size_20260927T131553Z_36791 launch_id=selena_context_size_20260927T131553Z_36791 slurm_job_id=3584811 launched_at=2026-09-27T15:22:15.885021+00:00
  Reused raw inference: /fslarge/scratch/users/h61084/codes/evaluating_tsfms/outputs/context_size/inference/chronos_bolt/context_length/512/univariate/OpenElectricity_NEM/5T/long/run_0

============================================================
All experiments completed!
Results saved to: /scratch/users/h61084/codes/evaluating_tsfms/outputs/context_size/tasks
============================================================

############################################################
# All datasets completed!
############################################################

############################################################
# Dataset 1/1: EWELD_Load/15T
############################################################
Loading configuration...

============================================================
Dataset: EWELD_Load/15T
Model: amazon/chronos-bolt-base
Terms: ['short', 'medium', 'long']
Instance normalization: none
============================================================
Loading Chronos-Bolt model: amazon/chronos-bolt-base from /fslarge/scratch/users/h61084/weights/chronos-bolt-base...
[2026-09-27 15:22:24 UTC] resources selected_device {"device": "cuda", "model": "chronos_bolt", "stage": "forecast"}

--- Term: short ---
  Config: prediction_length=24, test_length=1344, val_length=1344
  Dataset info:
    - Frequency: 15T
    - Num series: 1
    - Target dim: 10
    - Target mode: univariate
    - Series length: min=20544, max=20544, avg=20544.0
    - Test split: 1344 steps
    - Prediction length: 24
    - Windows: 56
TIME run allocation action=skip run=/fslarge/scratch/users/h61084/codes/evaluating_tsfms/outputs/context_size/inference/chronos_bolt/context_length/512/univariate/EWELD_Load/15T/short/run_0 source_launch=selena_context_size_20260927T131553Z_36791 launch_id=selena_context_size_20260927T131553Z_36791 slurm_job_id=3584811 launched_at=2026-09-27T15:22:25.093864+00:00
TIME run allocation action=skip run=/fslarge/scratch/users/h61084/codes/evaluating_tsfms/outputs/context_size/tasks/chronos_bolt/context_length/512/univariate/EWELD_Load/15T/short/run_0 source_launch=selena_context_size_20260927T131553Z_36791 launch_id=selena_context_size_20260927T131553Z_36791 slurm_job_id=3584811 launched_at=2026-09-27T15:22:25.105256+00:00
  Reused raw inference: /fslarge/scratch/users/h61084/codes/evaluating_tsfms/outputs/context_size/inference/chronos_bolt/context_length/512/univariate/EWELD_Load/15T/short/run_0

--- Term: medium ---
  Config: prediction_length=96, test_length=1344, val_length=1344
  Dataset info:
    - Frequency: 15T
    - Num series: 1
    - Target dim: 10
    - Target mode: univariate
    - Series length: min=20544, max=20544, avg=20544.0
    - Test split: 1344 steps
    - Prediction length: 96
    - Windows: 14
TIME run allocation action=skip run=/fslarge/scratch/users/h61084/codes/evaluating_tsfms/outputs/context_size/inference/chronos_bolt/context_length/512/univariate/EWELD_Load/15T/medium/run_0 source_launch=selena_context_size_20260927T131553Z_36791 launch_id=selena_context_size_20260927T131553Z_36791 slurm_job_id=3584811 launched_at=2026-09-27T15:22:25.158977+00:00
TIME run allocation action=skip run=/fslarge/scratch/users/h61084/codes/evaluating_tsfms/outputs/context_size/tasks/chronos_bolt/context_length/512/univariate/EWELD_Load/15T/medium/run_0 source_launch=selena_context_size_20260927T131553Z_36791 launch_id=selena_context_size_20260927T131553Z_36791 slurm_job_id=3584811 launched_at=2026-09-27T15:22:25.169307+00:00
  Reused raw inference: /fslarge/scratch/users/h61084/codes/evaluating_tsfms/outputs/context_size/inference/chronos_bolt/context_length/512/univariate/EWELD_Load/15T/medium/run_0

--- Term: long ---
  Config: prediction_length=672, test_length=1344, val_length=1344
  Dataset info:
    - Frequency: 15T
    - Num series: 1
    - Target dim: 10
    - Target mode: univariate
    - Series length: min=20544, max=20544, avg=20544.0
    - Test split: 1344 steps
    - Prediction length: 672
    - Windows: 2
TIME run allocation action=skip run=/fslarge/scratch/users/h61084/codes/evaluating_tsfms/outputs/context_size/inference/chronos_bolt/context_length/512/univariate/EWELD_Load/15T/long/run_0 source_launch=selena_context_size_20260927T131553Z_36791 launch_id=selena_context_size_20260927T131553Z_36791 slurm_job_id=3584811 launched_at=2026-09-27T15:22:25.221201+00:00
TIME run allocation action=skip run=/fslarge/scratch/users/h61084/codes/evaluating_tsfms/outputs/context_size/tasks/chronos_bolt/context_length/512/univariate/EWELD_Load/15T/long/run_0 source_launch=selena_context_size_20260927T131553Z_36791 launch_id=selena_context_size_20260927T131553Z_36791 slurm_job_id=3584811 launched_at=2026-09-27T15:22:25.230796+00:00
  Reused raw inference: /fslarge/scratch/users/h61084/codes/evaluating_tsfms/outputs/context_size/inference/chronos_bolt/context_length/512/univariate/EWELD_Load/15T/long/run_0

============================================================
All experiments completed!
Results saved to: /scratch/users/h61084/codes/evaluating_tsfms/outputs/context_size/tasks
============================================================

############################################################
# All datasets completed!
############################################################

############################################################
# Dataset 1/1: SG_Carpark/15T
############################################################
Loading configuration...

============================================================
Dataset: SG_Carpark/15T
Model: amazon/chronos-bolt-base
Terms: ['short', 'medium', 'long']
Instance normalization: none
============================================================
Loading Chronos-Bolt model: amazon/chronos-bolt-base from /fslarge/scratch/users/h61084/weights/chronos-bolt-base...
[2026-09-27 15:22:33 UTC] resources selected_device {"device": "cuda", "model": "chronos_bolt", "stage": "forecast"}

--- Term: short ---
  Config: prediction_length=16, test_length=672, val_length=672
  Dataset info:
    - Frequency: 15T
    - Num series: 354
    - Target dim: 1
    - Target mode: univariate
    - Series length: min=14495, max=14495, avg=14495.0
    - Test split: 672 steps
    - Prediction length: 16
    - Windows: 42
TIME run allocation action=skip run=/fslarge/scratch/users/h61084/codes/evaluating_tsfms/outputs/context_size/inference/chronos_bolt/context_length/512/univariate/SG_Carpark/15T/short/run_0 source_launch=selena_context_size_20260927T131553Z_36791 launch_id=selena_context_size_20260927T131553Z_36791 slurm_job_id=3584811 launched_at=2026-09-27T15:22:34.394256+00:00
TIME run allocation action=skip run=/fslarge/scratch/users/h61084/codes/evaluating_tsfms/outputs/context_size/tasks/chronos_bolt/context_length/512/univariate/SG_Carpark/15T/short/run_0 source_launch=selena_context_size_20260927T131553Z_36791 launch_id=selena_context_size_20260927T131553Z_36791 slurm_job_id=3584811 launched_at=2026-09-27T15:22:34.447096+00:00
  Reused raw inference: /fslarge/scratch/users/h61084/codes/evaluating_tsfms/outputs/context_size/inference/chronos_bolt/context_length/512/univariate/SG_Carpark/15T/short/run_0

--- Term: medium ---
  Config: prediction_length=96, test_length=672, val_length=672
  Dataset info:
    - Frequency: 15T
    - Num series: 354
    - Target dim: 1
    - Target mode: univariate
    - Series length: min=14495, max=14495, avg=14495.0
    - Test split: 672 steps
    - Prediction length: 96
    - Windows: 7
TIME run allocation action=skip run=/fslarge/scratch/users/h61084/codes/evaluating_tsfms/outputs/context_size/inference/chronos_bolt/context_length/512/univariate/SG_Carpark/15T/medium/run_0 source_launch=selena_context_size_20260927T131553Z_36791 launch_id=selena_context_size_20260927T131553Z_36791 slurm_job_id=3584811 launched_at=2026-09-27T15:22:34.460638+00:00
TIME run allocation action=skip run=/fslarge/scratch/users/h61084/codes/evaluating_tsfms/outputs/context_size/tasks/chronos_bolt/context_length/512/univariate/SG_Carpark/15T/medium/run_0 source_launch=selena_context_size_20260927T131553Z_36791 launch_id=selena_context_size_20260927T131553Z_36791 slurm_job_id=3584811 launched_at=2026-09-27T15:22:34.510640+00:00
  Reused raw inference: /fslarge/scratch/users/h61084/codes/evaluating_tsfms/outputs/context_size/inference/chronos_bolt/context_length/512/univariate/SG_Carpark/15T/medium/run_0

--- Term: long ---
  Config: prediction_length=672, test_length=672, val_length=672
  Dataset info:
    - Frequency: 15T
    - Num series: 354
    - Target dim: 1
    - Target mode: univariate
    - Series length: min=14495, max=14495, avg=14495.0
    - Test split: 672 steps
    - Prediction length: 672
    - Windows: 1
TIME run allocation action=skip run=/fslarge/scratch/users/h61084/codes/evaluating_tsfms/outputs/context_size/inference/chronos_bolt/context_length/512/univariate/SG_Carpark/15T/long/run_0 source_launch=selena_context_size_20260927T131553Z_36791 launch_id=selena_context_size_20260927T131553Z_36791 slurm_job_id=3584811 launched_at=2026-09-27T15:22:34.523900+00:00
TIME run allocation action=skip run=/fslarge/scratch/users/h61084/codes/evaluating_tsfms/outputs/context_size/tasks/chronos_bolt/context_length/512/univariate/SG_Carpark/15T/long/run_0 source_launch=selena_context_size_20260927T131553Z_36791 launch_id=selena_context_size_20260927T131553Z_36791 slurm_job_id=3584811 launched_at=2026-09-27T15:22:34.574527+00:00
  Reused raw inference: /fslarge/scratch/users/h61084/codes/evaluating_tsfms/outputs/context_size/inference/chronos_bolt/context_length/512/univariate/SG_Carpark/15T/long/run_0

============================================================
All experiments completed!
Results saved to: /scratch/users/h61084/codes/evaluating_tsfms/outputs/context_size/tasks
============================================================

############################################################
# All datasets completed!
############################################################

############################################################
# Dataset 1/1: Finland_Traffic/15T
############################################################
Loading configuration...

============================================================
Dataset: Finland_Traffic/15T
Model: amazon/chronos-bolt-base
Terms: ['short', 'medium', 'long']
Instance normalization: none
============================================================
Loading Chronos-Bolt model: amazon/chronos-bolt-base from /fslarge/scratch/users/h61084/weights/chronos-bolt-base...
[2026-09-27 15:22:43 UTC] resources selected_device {"device": "cuda", "model": "chronos_bolt", "stage": "forecast"}

--- Term: short ---
  Config: prediction_length=16, test_length=2976, val_length=2880
  Dataset info:
    - Frequency: 15T
    - Num series: 1
    - Target dim: 1
    - Target mode: univariate
    - Series length: min=35136, max=35136, avg=35136.0
    - Test split: 2976 steps
    - Prediction length: 16
    - Windows: 186
TIME run allocation action=skip run=/fslarge/scratch/users/h61084/codes/evaluating_tsfms/outputs/context_size/inference/chronos_bolt/context_length/512/univariate/Finland_Traffic/15T/short/run_0 source_launch=selena_context_size_20260927T131553Z_36791 launch_id=selena_context_size_20260927T131553Z_36791 slurm_job_id=3584811 launched_at=2026-09-27T15:22:43.800048+00:00
TIME run allocation action=skip run=/fslarge/scratch/users/h61084/codes/evaluating_tsfms/outputs/context_size/tasks/chronos_bolt/context_length/512/univariate/Finland_Traffic/15T/short/run_0 source_launch=selena_context_size_20260927T131553Z_36791 launch_id=selena_context_size_20260927T131553Z_36791 slurm_job_id=3584811 launched_at=2026-09-27T15:22:43.809143+00:00
  Reused raw inference: /fslarge/scratch/users/h61084/codes/evaluating_tsfms/outputs/context_size/inference/chronos_bolt/context_length/512/univariate/Finland_Traffic/15T/short/run_0

--- Term: medium ---
  Config: prediction_length=96, test_length=2976, val_length=2880
  Dataset info:
    - Frequency: 15T
    - Num series: 1
    - Target dim: 1
    - Target mode: univariate
    - Series length: min=35136, max=35136, avg=35136.0
    - Test split: 2976 steps
    - Prediction length: 96
    - Windows: 31
TIME run allocation action=skip run=/fslarge/scratch/users/h61084/codes/evaluating_tsfms/outputs/context_size/inference/chronos_bolt/context_length/512/univariate/Finland_Traffic/15T/medium/run_0 source_launch=selena_context_size_20260927T131553Z_36791 launch_id=selena_context_size_20260927T131553Z_36791 slurm_job_id=3584811 launched_at=2026-09-27T15:22:43.823816+00:00
TIME run allocation action=skip run=/fslarge/scratch/users/h61084/codes/evaluating_tsfms/outputs/context_size/tasks/chronos_bolt/context_length/512/univariate/Finland_Traffic/15T/medium/run_0 source_launch=selena_context_size_20260927T131553Z_36791 launch_id=selena_context_size_20260927T131553Z_36791 slurm_job_id=3584811 launched_at=2026-09-27T15:22:43.831176+00:00
  Reused raw inference: /fslarge/scratch/users/h61084/codes/evaluating_tsfms/outputs/context_size/inference/chronos_bolt/context_length/512/univariate/Finland_Traffic/15T/medium/run_0

--- Term: long ---
  Config: prediction_length=672, test_length=2976, val_length=2880
  Dataset info:
    - Frequency: 15T
    - Num series: 1
    - Target dim: 1
    - Target mode: univariate
    - Series length: min=35136, max=35136, avg=35136.0
    - Test split: 2976 steps
    - Prediction length: 672
    - Windows: 4
TIME run allocation action=skip run=/fslarge/scratch/users/h61084/codes/evaluating_tsfms/outputs/context_size/inference/chronos_bolt/context_length/512/univariate/Finland_Traffic/15T/long/run_0 source_launch=selena_context_size_20260927T131553Z_36791 launch_id=selena_context_size_20260927T131553Z_36791 slurm_job_id=3584811 launched_at=2026-09-27T15:22:43.845994+00:00
TIME run allocation action=skip run=/fslarge/scratch/users/h61084/codes/evaluating_tsfms/outputs/context_size/tasks/chronos_bolt/context_length/512/univariate/Finland_Traffic/15T/long/run_0 source_launch=selena_context_size_20260927T131553Z_36791 launch_id=selena_context_size_20260927T131553Z_36791 slurm_job_id=3584811 launched_at=2026-09-27T15:22:43.853755+00:00
  Reused raw inference: /fslarge/scratch/users/h61084/codes/evaluating_tsfms/outputs/context_size/inference/chronos_bolt/context_length/512/univariate/Finland_Traffic/15T/long/run_0

============================================================
All experiments completed!
Results saved to: /scratch/users/h61084/codes/evaluating_tsfms/outputs/context_size/tasks
============================================================

############################################################
# All datasets completed!
############################################################

############################################################
# Dataset 1/1: Port_Activity/D
############################################################
Loading configuration...

============================================================
Dataset: Port_Activity/D
Model: amazon/chronos-bolt-base
Terms: ['short']
Instance normalization: none
============================================================
Loading Chronos-Bolt model: amazon/chronos-bolt-base from /fslarge/scratch/users/h61084/weights/chronos-bolt-base...
[2026-09-27 15:22:52 UTC] resources selected_device {"device": "cuda", "model": "chronos_bolt", "stage": "forecast"}

--- Term: short ---
  Config: prediction_length=30, test_length=365, val_length=90
  Dataset info:
    - Frequency: D
    - Num series: 99
    - Target dim: 2
    - Target mode: univariate
    - Series length: min=2127, max=2127, avg=2127.0
    - Test split: 365 steps
    - Prediction length: 30
    - Windows: 12
TIME run allocation action=skip run=/fslarge/scratch/users/h61084/codes/evaluating_tsfms/outputs/context_size/inference/chronos_bolt/context_length/512/univariate/Port_Activity/D/short/run_0 source_launch=selena_context_size_20260927T131553Z_36791 launch_id=selena_context_size_20260927T131553Z_36791 slurm_job_id=3584811 launched_at=2026-09-27T15:22:53.029378+00:00
TIME run allocation action=skip run=/fslarge/scratch/users/h61084/codes/evaluating_tsfms/outputs/context_size/tasks/chronos_bolt/context_length/512/univariate/Port_Activity/D/short/run_0 source_launch=selena_context_size_20260927T131553Z_36791 launch_id=selena_context_size_20260927T131553Z_36791 slurm_job_id=3584811 launched_at=2026-09-27T15:22:53.050824+00:00
  Reused raw inference: /fslarge/scratch/users/h61084/codes/evaluating_tsfms/outputs/context_size/inference/chronos_bolt/context_length/512/univariate/Port_Activity/D/short/run_0

============================================================
All experiments completed!
Results saved to: /scratch/users/h61084/codes/evaluating_tsfms/outputs/context_size/tasks
============================================================

############################################################
# All datasets completed!
############################################################

############################################################
# Dataset 1/1: Port_Activity/W
############################################################
Loading configuration...

============================================================
Dataset: Port_Activity/W
Model: amazon/chronos-bolt-base
Terms: ['short']
Instance normalization: none
============================================================
Loading Chronos-Bolt model: amazon/chronos-bolt-base from /fslarge/scratch/users/h61084/weights/chronos-bolt-base...
[2026-09-27 15:23:01 UTC] resources selected_device {"device": "cuda", "model": "chronos_bolt", "stage": "forecast"}

--- Term: short ---
  Config: prediction_length=13, test_length=52, val_length=13
  Dataset info:
    - Frequency: W
    - Num series: 99
    - Target dim: 2
    - Target mode: univariate
    - Series length: min=304, max=304, avg=304.0
    - Test split: 52 steps
    - Prediction length: 13
    - Windows: 4
TIME run allocation action=new run=/fslarge/scratch/users/h61084/codes/evaluating_tsfms/outputs/context_size/inference/chronos_bolt/context_length/512/univariate/Port_Activity/W/short/run_0 launch_id=selena_context_size_20260927T131553Z_36791 slurm_job_id=3584811 launched_at=2026-09-27T15:23:02.203560+00:00
  Preparing input batches from Test split data...
    Total instances to forecast: 792
  Running predictions (Batch size: 16)...
    Processed 160/792...
    Processed 320/792...
    Processed 480/792...
    Processed 640/792...
    Processed 792/792...
TIME run allocation action=new run=/fslarge/scratch/users/h61084/codes/evaluating_tsfms/outputs/context_size/tasks/chronos_bolt/context_length/512/univariate/Port_Activity/W/short/run_0 launch_id=selena_context_size_20260927T131553Z_36791 slurm_job_id=3584811 launched_at=2026-09-27T15:23:03.608285+00:00
    Total instances: 792, Series during experiment: 198, Windows: 4
    Collecting ground truth and context...
    Detected to_univariate case: 198 flat series -> 99 series x 2 variates
    Organizing data into arrays...
    ⚠️  Predictions max value (3002587.50) exceeds float16 safe range.
    ⚠️  Applying scale factor: 100 (values will be divided)
    Saved predictions (quantiles) to /fslarge/scratch/users/h61084/codes/evaluating_tsfms/outputs/context_size/tasks/chronos_bolt/context_length/512/univariate/Port_Activity/W/short/run_0/predictions.npz
    Computing per-window metrics...
    Saved metrics to /fslarge/scratch/users/h61084/codes/evaluating_tsfms/outputs/context_size/tasks/chronos_bolt/context_length/512/univariate/Port_Activity/W/short/run_0/metrics.npz
    Saved config to /fslarge/scratch/users/h61084/codes/evaluating_tsfms/outputs/context_size/tasks/chronos_bolt/context_length/512/univariate/Port_Activity/W/short/run_0/config.json
    Saved aggregate metrics to /fslarge/scratch/users/h61084/codes/evaluating_tsfms/outputs/context_size/tasks/chronos_bolt/context_length/512/univariate/Port_Activity/W/short/run_0/metrics_summary.json
    Metrics summary (averaged over all series/windows/variates):
      MSE: 5952594017.6567
      MAE: 43928.4210
      RMSE: 53759.6599
      MAPE: 0.6903
      sMAPE: 0.3411
      MASE: 0.7834
      ND: 0.3434
      CRPS: 0.2671
  Output: /fslarge/scratch/users/h61084/codes/evaluating_tsfms/outputs/context_size/tasks/chronos_bolt/context_length/512/univariate/Port_Activity/W/short/run_0

============================================================
All experiments completed!
Results saved to: /scratch/users/h61084/codes/evaluating_tsfms/outputs/context_size/tasks
============================================================

############################################################
# All datasets completed!
############################################################

############################################################
# Dataset 1/1: ECDC_COVID/D
############################################################
Loading configuration...

============================================================
Dataset: ECDC_COVID/D
Model: amazon/chronos-bolt-base
Terms: ['short']
Instance normalization: none
============================================================
Loading Chronos-Bolt model: amazon/chronos-bolt-base from /fslarge/scratch/users/h61084/weights/chronos-bolt-base...
[2026-09-27 15:23:12 UTC] resources selected_device {"device": "cuda", "model": "chronos_bolt", "stage": "forecast"}

--- Term: short ---
  Config: prediction_length=30, test_length=150, val_length=30
  Dataset info:
    - Frequency: D
    - Num series: 9
    - Target dim: 1
    - Target mode: univariate
    - Series length: min=794, max=1229, avg=1116.6
    - Test split: 150 steps
    - Prediction length: 30
    - Windows: 5
TIME run allocation action=new run=/fslarge/scratch/users/h61084/codes/evaluating_tsfms/outputs/context_size/inference/chronos_bolt/context_length/512/univariate/ECDC_COVID/D/short/run_0 launch_id=selena_context_size_20260927T131553Z_36791 slurm_job_id=3584811 launched_at=2026-09-27T15:23:13.006136+00:00
  Preparing input batches from Test split data...
    Total instances to forecast: 45
  Running predictions (Batch size: 16)...
TIME run allocation action=new run=/fslarge/scratch/users/h61084/codes/evaluating_tsfms/outputs/context_size/tasks/chronos_bolt/context_length/512/univariate/ECDC_COVID/D/short/run_0 launch_id=selena_context_size_20260927T131553Z_36791 slurm_job_id=3584811 launched_at=2026-09-27T15:23:13.275302+00:00
    Total instances: 45, Series during experiment: 9, Windows: 5
    Collecting ground truth and context...
    Organizing data into arrays...
    Saved predictions (quantiles) to /fslarge/scratch/users/h61084/codes/evaluating_tsfms/outputs/context_size/tasks/chronos_bolt/context_length/512/univariate/ECDC_COVID/D/short/run_0/predictions.npz
    Computing per-window metrics...
    Saved metrics to /fslarge/scratch/users/h61084/codes/evaluating_tsfms/outputs/context_size/tasks/chronos_bolt/context_length/512/univariate/ECDC_COVID/D/short/run_0/metrics.npz
    Saved config to /fslarge/scratch/users/h61084/codes/evaluating_tsfms/outputs/context_size/tasks/chronos_bolt/context_length/512/univariate/ECDC_COVID/D/short/run_0/config.json
    Saved aggregate metrics to /fslarge/scratch/users/h61084/codes/evaluating_tsfms/outputs/context_size/tasks/chronos_bolt/context_length/512/univariate/ECDC_COVID/D/short/run_0/metrics_summary.json
    Metrics summary (averaged over all series/windows/variates):
      MSE: 48966.0339
      MAE: 126.3400
      RMSE: 146.5187
      MAPE: 0.5444
      sMAPE: 0.3388
      MASE: 3.6315
      ND: 0.4045
      CRPS: 0.3294
  Output: /fslarge/scratch/users/h61084/codes/evaluating_tsfms/outputs/context_size/tasks/chronos_bolt/context_length/512/univariate/ECDC_COVID/D/short/run_0

============================================================
All experiments completed!
Results saved to: /scratch/users/h61084/codes/evaluating_tsfms/outputs/context_size/tasks
============================================================

############################################################
# All datasets completed!
############################################################

############################################################
# Dataset 1/1: ECDC_COVID/W
############################################################
Loading configuration...

============================================================
Dataset: ECDC_COVID/W
Model: amazon/chronos-bolt-base
Terms: ['short']
Instance normalization: none
============================================================
Loading Chronos-Bolt model: amazon/chronos-bolt-base from /fslarge/scratch/users/h61084/weights/chronos-bolt-base...
[2026-09-27 15:23:21 UTC] resources selected_device {"device": "cuda", "model": "chronos_bolt", "stage": "forecast"}

--- Term: short ---
  Config: prediction_length=13, test_length=52, val_length=13
  Dataset info:
    - Frequency: W
    - Num series: 16
    - Target dim: 1
    - Target mode: univariate
    - Series length: min=114, max=196, avg=165.4
    - Test split: 52 steps
    - Prediction length: 13
    - Windows: 4
TIME run allocation action=new run=/fslarge/scratch/users/h61084/codes/evaluating_tsfms/outputs/context_size/inference/chronos_bolt/context_length/512/univariate/ECDC_COVID/W/short/run_0 launch_id=selena_context_size_20260927T131553Z_36791 slurm_job_id=3584811 launched_at=2026-09-27T15:23:22.503317+00:00
  Preparing input batches from Test split data...
    Total instances to forecast: 64
  Running predictions (Batch size: 16)...
TIME run allocation action=new run=/fslarge/scratch/users/h61084/codes/evaluating_tsfms/outputs/context_size/tasks/chronos_bolt/context_length/512/univariate/ECDC_COVID/W/short/run_0 launch_id=selena_context_size_20260927T131553Z_36791 slurm_job_id=3584811 launched_at=2026-09-27T15:23:22.805520+00:00
    Total instances: 64, Series during experiment: 16, Windows: 4
    Collecting ground truth and context...
    Organizing data into arrays...
    Saved predictions (quantiles) to /fslarge/scratch/users/h61084/codes/evaluating_tsfms/outputs/context_size/tasks/chronos_bolt/context_length/512/univariate/ECDC_COVID/W/short/run_0/predictions.npz
    Computing per-window metrics...
    Saved metrics to /fslarge/scratch/users/h61084/codes/evaluating_tsfms/outputs/context_size/tasks/chronos_bolt/context_length/512/univariate/ECDC_COVID/W/short/run_0/metrics.npz
    Saved config to /fslarge/scratch/users/h61084/codes/evaluating_tsfms/outputs/context_size/tasks/chronos_bolt/context_length/512/univariate/ECDC_COVID/W/short/run_0/config.json
    Saved aggregate metrics to /fslarge/scratch/users/h61084/codes/evaluating_tsfms/outputs/context_size/tasks/chronos_bolt/context_length/512/univariate/ECDC_COVID/W/short/run_0/metrics_summary.json
    Metrics summary (averaged over all series/windows/variates):
      MSE: 3144297.2215
      MAE: 570.0966
      RMSE: 646.4051
      MAPE: 0.9024
      sMAPE: 0.5312
      MASE: 1.3582
      ND: 0.5989
      CRPS: 0.4930
  Output: /fslarge/scratch/users/h61084/codes/evaluating_tsfms/outputs/context_size/tasks/chronos_bolt/context_length/512/univariate/ECDC_COVID/W/short/run_0

============================================================
All experiments completed!
Results saved to: /scratch/users/h61084/codes/evaluating_tsfms/outputs/context_size/tasks
============================================================

############################################################
# All datasets completed!
############################################################

############################################################
# Dataset 1/1: Global_Influenza/W
############################################################
Loading configuration...

============================================================
Dataset: Global_Influenza/W
Model: amazon/chronos-bolt-base
Terms: ['short']
Instance normalization: none
============================================================
Loading Chronos-Bolt model: amazon/chronos-bolt-base from /fslarge/scratch/users/h61084/weights/chronos-bolt-base...
[2026-09-27 15:23:31 UTC] resources selected_device {"device": "cuda", "model": "chronos_bolt", "stage": "forecast"}

--- Term: short ---
  Config: prediction_length=13, test_length=52, val_length=13
  Dataset info:
    - Frequency: W
    - Num series: 15
    - Target dim: 4
    - Target mode: univariate
    - Series length: min=154, max=210, avg=205.6
    - Test split: 52 steps
    - Prediction length: 13
    - Windows: 4
TIME run allocation action=new run=/fslarge/scratch/users/h61084/codes/evaluating_tsfms/outputs/context_size/inference/chronos_bolt/context_length/512/univariate/Global_Influenza/W/short/run_0 launch_id=selena_context_size_20260927T131553Z_36791 slurm_job_id=3584811 launched_at=2026-09-27T15:23:32.190705+00:00
  Preparing input batches from Test split data...
    Total instances to forecast: 240
  Running predictions (Batch size: 16)...
    Processed 160/240...
TIME run allocation action=new run=/fslarge/scratch/users/h61084/codes/evaluating_tsfms/outputs/context_size/tasks/chronos_bolt/context_length/512/univariate/Global_Influenza/W/short/run_0 launch_id=selena_context_size_20260927T131553Z_36791 slurm_job_id=3584811 launched_at=2026-09-27T15:23:32.757130+00:00
    Total instances: 240, Series during experiment: 60, Windows: 4
    Collecting ground truth and context...
    Detected to_univariate case: 60 flat series -> 15 series x 4 variates
    Organizing data into arrays...
    ⚠️  Predictions max value (100229.82) exceeds float16 safe range.
    ⚠️  Applying scale factor: 10 (values will be divided)
    Saved predictions (quantiles) to /fslarge/scratch/users/h61084/codes/evaluating_tsfms/outputs/context_size/tasks/chronos_bolt/context_length/512/univariate/Global_Influenza/W/short/run_0/predictions.npz
    Computing per-window metrics...
    Saved metrics to /fslarge/scratch/users/h61084/codes/evaluating_tsfms/outputs/context_size/tasks/chronos_bolt/context_length/512/univariate/Global_Influenza/W/short/run_0/metrics.npz
    Saved config to /fslarge/scratch/users/h61084/codes/evaluating_tsfms/outputs/context_size/tasks/chronos_bolt/context_length/512/univariate/Global_Influenza/W/short/run_0/config.json
    Saved aggregate metrics to /fslarge/scratch/users/h61084/codes/evaluating_tsfms/outputs/context_size/tasks/chronos_bolt/context_length/512/univariate/Global_Influenza/W/short/run_0/metrics_summary.json
    Metrics summary (averaged over all series/windows/variates):
      MSE: 4573334.8822
      MAE: 530.6044
      RMSE: 658.5585
      MAPE: 0.7362
      sMAPE: 0.5172
      MASE: 2.8884
      ND: 0.5298
      CRPS: 0.4508
  Output: /fslarge/scratch/users/h61084/codes/evaluating_tsfms/outputs/context_size/tasks/chronos_bolt/context_length/512/univariate/Global_Influenza/W/short/run_0

============================================================
All experiments completed!
Results saved to: /scratch/users/h61084/codes/evaluating_tsfms/outputs/context_size/tasks
============================================================

############################################################
# All datasets completed!
############################################################

############################################################
# Dataset 1/1: Crypto/D
############################################################
Loading configuration...

============================================================
Dataset: Crypto/D
Model: amazon/chronos-bolt-base
Terms: ['short']
Instance normalization: none
============================================================
Loading Chronos-Bolt model: amazon/chronos-bolt-base from /fslarge/scratch/users/h61084/weights/chronos-bolt-base...
[2026-09-27 15:23:41 UTC] resources selected_device {"device": "cuda", "model": "chronos_bolt", "stage": "forecast"}

--- Term: short ---
  Config: prediction_length=30, test_length=273, val_length=92
  Dataset info:
    - Frequency: D
    - Num series: 1
    - Target dim: 4
    - Target mode: univariate
    - Series length: min=2842, max=2842, avg=2842.0
    - Test split: 273 steps
    - Prediction length: 30
    - Windows: 9
TIME run allocation action=new run=/fslarge/scratch/users/h61084/codes/evaluating_tsfms/outputs/context_size/inference/chronos_bolt/context_length/512/univariate/Crypto/D/short/run_0 launch_id=selena_context_size_20260927T131553Z_36791 slurm_job_id=3584811 launched_at=2026-09-27T15:23:42.105999+00:00
  Preparing input batches from Test split data...
    Total instances to forecast: 36
  Running predictions (Batch size: 16)...
TIME run allocation action=new run=/fslarge/scratch/users/h61084/codes/evaluating_tsfms/outputs/context_size/tasks/chronos_bolt/context_length/512/univariate/Crypto/D/short/run_0 launch_id=selena_context_size_20260927T131553Z_36791 slurm_job_id=3584811 launched_at=2026-09-27T15:23:42.378325+00:00
    Total instances: 36, Series during experiment: 4, Windows: 9
    Collecting ground truth and context...
    Detected to_univariate case: 4 flat series -> 1 series x 4 variates
    Organizing data into arrays...
    ⚠️  Predictions max value (128268.62) exceeds float16 safe range.
    ⚠️  Applying scale factor: 10 (values will be divided)
    Saved predictions (quantiles) to /fslarge/scratch/users/h61084/codes/evaluating_tsfms/outputs/context_size/tasks/chronos_bolt/context_length/512/univariate/Crypto/D/short/run_0/predictions.npz
    Computing per-window metrics...
    Saved metrics to /fslarge/scratch/users/h61084/codes/evaluating_tsfms/outputs/context_size/tasks/chronos_bolt/context_length/512/univariate/Crypto/D/short/run_0/metrics.npz
    Saved config to /fslarge/scratch/users/h61084/codes/evaluating_tsfms/outputs/context_size/tasks/chronos_bolt/context_length/512/univariate/Crypto/D/short/run_0/config.json
    Saved aggregate metrics to /fslarge/scratch/users/h61084/codes/evaluating_tsfms/outputs/context_size/tasks/chronos_bolt/context_length/512/univariate/Crypto/D/short/run_0/metrics_summary.json
    Metrics summary (averaged over all series/windows/variates):
      MSE: 10862265.7869
      MAE: 1462.8243
      RMSE: 1685.8348
      MAPE: 0.1030
      sMAPE: 0.1037
      MASE: 6.7631
      ND: 0.1042
      CRPS: 0.0818
  Output: /fslarge/scratch/users/h61084/codes/evaluating_tsfms/outputs/context_size/tasks/chronos_bolt/context_length/512/univariate/Crypto/D/short/run_0

============================================================
All experiments completed!
Results saved to: /scratch/users/h61084/codes/evaluating_tsfms/outputs/context_size/tasks
============================================================

############################################################
# All datasets completed!
############################################################

############################################################
# Dataset 1/1: US_Term_Structure/B
############################################################
Loading configuration...

============================================================
Dataset: US_Term_Structure/B
Model: amazon/chronos-bolt-base
Terms: ['short']
Instance normalization: none
============================================================
Loading Chronos-Bolt model: amazon/chronos-bolt-base from /fslarge/scratch/users/h61084/weights/chronos-bolt-base...
[2026-09-27 15:23:50 UTC] resources selected_device {"device": "cuda", "model": "chronos_bolt", "stage": "forecast"}

--- Term: short ---
  Config: prediction_length=20, test_length=717, val_length=100
  Dataset info:
    - Frequency: B
    - Num series: 1
    - Target dim: 40
    - Target mode: univariate
    - Series length: min=9326, max=9326, avg=9326.0
    - Test split: 717 steps
    - Prediction length: 20
    - Windows: 35
TIME run allocation action=new run=/fslarge/scratch/users/h61084/codes/evaluating_tsfms/outputs/context_size/inference/chronos_bolt/context_length/512/univariate/US_Term_Structure/B/short/run_0 launch_id=selena_context_size_20260927T131553Z_36791 slurm_job_id=3584811 launched_at=2026-09-27T15:23:51.698947+00:00
  Preparing input batches from Test split data...
    Total instances to forecast: 1400
  Running predictions (Batch size: 16)...
    Processed 160/1400...
    Processed 320/1400...
    Processed 480/1400...
    Processed 640/1400...
    Processed 800/1400...
    Processed 960/1400...
    Processed 1120/1400...
    Processed 1280/1400...
TIME run allocation action=new run=/fslarge/scratch/users/h61084/codes/evaluating_tsfms/outputs/context_size/tasks/chronos_bolt/context_length/512/univariate/US_Term_Structure/B/short/run_0 launch_id=selena_context_size_20260927T131553Z_36791 slurm_job_id=3584811 launched_at=2026-09-27T15:23:53.449262+00:00
    Total instances: 1400, Series during experiment: 40, Windows: 35
    Collecting ground truth and context...
    Detected to_univariate case: 40 flat series -> 1 series x 40 variates
    Organizing data into arrays...
    Saved predictions (quantiles) to /fslarge/scratch/users/h61084/codes/evaluating_tsfms/outputs/context_size/tasks/chronos_bolt/context_length/512/univariate/US_Term_Structure/B/short/run_0/predictions.npz
    Computing per-window metrics...
    Saved metrics to /fslarge/scratch/users/h61084/codes/evaluating_tsfms/outputs/context_size/tasks/chronos_bolt/context_length/512/univariate/US_Term_Structure/B/short/run_0/metrics.npz
    Saved config to /fslarge/scratch/users/h61084/codes/evaluating_tsfms/outputs/context_size/tasks/chronos_bolt/context_length/512/univariate/US_Term_Structure/B/short/run_0/config.json
    Saved aggregate metrics to /fslarge/scratch/users/h61084/codes/evaluating_tsfms/outputs/context_size/tasks/chronos_bolt/context_length/512/univariate/US_Term_Structure/B/short/run_0/metrics_summary.json
    Metrics summary (averaged over all series/windows/variates):
      MSE: 0.0213
      MAE: 0.1033
      RMSE: 0.1227
      MAPE: 1.0509
      sMAPE: 0.2873
      MASE: 1.5464
      ND: 0.2901
      CRPS: 0.2231
  Output: /fslarge/scratch/users/h61084/codes/evaluating_tsfms/outputs/context_size/tasks/chronos_bolt/context_length/512/univariate/US_Term_Structure/B/short/run_0

============================================================
All experiments completed!
Results saved to: /scratch/users/h61084/codes/evaluating_tsfms/outputs/context_size/tasks
============================================================

############################################################
# All datasets completed!
############################################################

############################################################
# Dataset 1/1: Oil_Price/B
############################################################
Loading configuration...

============================================================
Dataset: Oil_Price/B
Model: amazon/chronos-bolt-base
Terms: ['short']
Instance normalization: none
============================================================
Loading Chronos-Bolt model: amazon/chronos-bolt-base from /fslarge/scratch/users/h61084/weights/chronos-bolt-base...
[2026-09-27 15:24:02 UTC] resources selected_device {"device": "cuda", "model": "chronos_bolt", "stage": "forecast"}

--- Term: short ---
  Config: prediction_length=20, test_length=717, val_length=100
  Dataset info:
    - Frequency: B
    - Num series: 1
    - Target dim: 12
    - Target mode: univariate
    - Series length: min=5035, max=5035, avg=5035.0
    - Test split: 717 steps
    - Prediction length: 20
    - Windows: 35
TIME run allocation action=new run=/fslarge/scratch/users/h61084/codes/evaluating_tsfms/outputs/context_size/inference/chronos_bolt/context_length/512/univariate/Oil_Price/B/short/run_0 launch_id=selena_context_size_20260927T131553Z_36791 slurm_job_id=3584811 launched_at=2026-09-27T15:24:03.063371+00:00
  Preparing input batches from Test split data...
    Total instances to forecast: 420
  Running predictions (Batch size: 16)...
    Processed 160/420...
    Processed 320/420...
TIME run allocation action=new run=/fslarge/scratch/users/h61084/codes/evaluating_tsfms/outputs/context_size/tasks/chronos_bolt/context_length/512/univariate/Oil_Price/B/short/run_0 launch_id=selena_context_size_20260927T131553Z_36791 slurm_job_id=3584811 launched_at=2026-09-27T15:24:03.747800+00:00
    Total instances: 420, Series during experiment: 12, Windows: 35
    Collecting ground truth and context...
    Detected to_univariate case: 12 flat series -> 1 series x 12 variates
    Organizing data into arrays...
    Saved predictions (quantiles) to /fslarge/scratch/users/h61084/codes/evaluating_tsfms/outputs/context_size/tasks/chronos_bolt/context_length/512/univariate/Oil_Price/B/short/run_0/predictions.npz
    Computing per-window metrics...
    Saved metrics to /fslarge/scratch/users/h61084/codes/evaluating_tsfms/outputs/context_size/tasks/chronos_bolt/context_length/512/univariate/Oil_Price/B/short/run_0/metrics.npz
    Saved config to /fslarge/scratch/users/h61084/codes/evaluating_tsfms/outputs/context_size/tasks/chronos_bolt/context_length/512/univariate/Oil_Price/B/short/run_0/config.json
    Saved aggregate metrics to /fslarge/scratch/users/h61084/codes/evaluating_tsfms/outputs/context_size/tasks/chronos_bolt/context_length/512/univariate/Oil_Price/B/short/run_0/metrics_summary.json
    Metrics summary (averaged over all series/windows/variates):
      MSE: 3.1583
      MAE: 0.6814
      RMSE: 0.7882
      MAPE: 0.0604
      sMAPE: 0.0602
      MASE: 1.4368
      ND: 0.0602
      CRPS: 0.0475
  Output: /fslarge/scratch/users/h61084/codes/evaluating_tsfms/outputs/context_size/tasks/chronos_bolt/context_length/512/univariate/Oil_Price/B/short/run_0

============================================================
All experiments completed!
Results saved to: /scratch/users/h61084/codes/evaluating_tsfms/outputs/context_size/tasks
============================================================

############################################################
# All datasets completed!
############################################################

############################################################
# Dataset 1/1: Job_Claims/W
############################################################
Loading configuration...

============================================================
Dataset: Job_Claims/W
Model: amazon/chronos-bolt-base
Terms: ['short']
Instance normalization: none
============================================================
Loading Chronos-Bolt model: amazon/chronos-bolt-base from /fslarge/scratch/users/h61084/weights/chronos-bolt-base...
[2026-09-27 15:24:12 UTC] resources selected_device {"device": "cuda", "model": "chronos_bolt", "stage": "forecast"}

--- Term: short ---
  Config: prediction_length=13, test_length=52, val_length=13
  Dataset info:
    - Frequency: W
    - Num series: 1
    - Target dim: 2
    - Target mode: univariate
    - Series length: min=196, max=196, avg=196.0
    - Test split: 52 steps
    - Prediction length: 13
    - Windows: 4
TIME run allocation action=new run=/fslarge/scratch/users/h61084/codes/evaluating_tsfms/outputs/context_size/inference/chronos_bolt/context_length/512/univariate/Job_Claims/W/short/run_0 launch_id=selena_context_size_20260927T131553Z_36791 slurm_job_id=3584811 launched_at=2026-09-27T15:24:13.063983+00:00
  Preparing input batches from Test split data...
    Total instances to forecast: 8
  Running predictions (Batch size: 16)...
TIME run allocation action=new run=/fslarge/scratch/users/h61084/codes/evaluating_tsfms/outputs/context_size/tasks/chronos_bolt/context_length/512/univariate/Job_Claims/W/short/run_0 launch_id=selena_context_size_20260927T131553Z_36791 slurm_job_id=3584811 launched_at=2026-09-27T15:24:13.305115+00:00
    Total instances: 8, Series during experiment: 2, Windows: 4
    Collecting ground truth and context...
    Detected to_univariate case: 2 flat series -> 1 series x 2 variates
    Organizing data into arrays...
    ⚠️  Predictions max value (2102637.50) exceeds float16 safe range.
    ⚠️  Applying scale factor: 100 (values will be divided)
    Saved predictions (quantiles) to /fslarge/scratch/users/h61084/codes/evaluating_tsfms/outputs/context_size/tasks/chronos_bolt/context_length/512/univariate/Job_Claims/W/short/run_0/predictions.npz
    Computing per-window metrics...
    Saved metrics to /fslarge/scratch/users/h61084/codes/evaluating_tsfms/outputs/context_size/tasks/chronos_bolt/context_length/512/univariate/Job_Claims/W/short/run_0/metrics.npz
    Saved config to /fslarge/scratch/users/h61084/codes/evaluating_tsfms/outputs/context_size/tasks/chronos_bolt/context_length/512/univariate/Job_Claims/W/short/run_0/config.json
    Saved aggregate metrics to /fslarge/scratch/users/h61084/codes/evaluating_tsfms/outputs/context_size/tasks/chronos_bolt/context_length/512/univariate/Job_Claims/W/short/run_0/metrics_summary.json
    Metrics summary (averaged over all series/windows/variates):
      MSE: 1472408115.2955
      MAE: 25819.6809
      RMSE: 29300.8809
      MAPE: 0.0290
      sMAPE: 0.0290
      MASE: 4.1468
      ND: 0.0290
      CRPS: 0.0223
  Output: /fslarge/scratch/users/h61084/codes/evaluating_tsfms/outputs/context_size/tasks/chronos_bolt/context_length/512/univariate/Job_Claims/W/short/run_0

============================================================
All experiments completed!
Results saved to: /scratch/users/h61084/codes/evaluating_tsfms/outputs/context_size/tasks
============================================================

############################################################
# All datasets completed!
############################################################

############################################################
# Dataset 1/1: Uncertainty_1M/M
############################################################
Loading configuration...

============================================================
Dataset: Uncertainty_1M/M
Model: amazon/chronos-bolt-base
Terms: ['short']
Instance normalization: none
============================================================
Loading Chronos-Bolt model: amazon/chronos-bolt-base from /fslarge/scratch/users/h61084/weights/chronos-bolt-base...
[2026-09-27 15:24:21 UTC] resources selected_device {"device": "cuda", "model": "chronos_bolt", "stage": "forecast"}

--- Term: short ---
  Config: prediction_length=6, test_length=42, val_length=18
  Dataset info:
    - Frequency: M
    - Num series: 1
    - Target dim: 3
    - Target mode: univariate
    - Series length: min=780, max=780, avg=780.0
    - Test split: 42 steps
    - Prediction length: 6
    - Windows: 7
TIME run allocation action=new run=/fslarge/scratch/users/h61084/codes/evaluating_tsfms/outputs/context_size/inference/chronos_bolt/context_length/512/univariate/Uncertainty_1M/M/short/run_0 launch_id=selena_context_size_20260927T131553Z_36791 slurm_job_id=3584811 launched_at=2026-09-27T15:24:22.446901+00:00
  Preparing input batches from Test split data...
    Total instances to forecast: 21
  Running predictions (Batch size: 16)...
TIME run allocation action=new run=/fslarge/scratch/users/h61084/codes/evaluating_tsfms/outputs/context_size/tasks/chronos_bolt/context_length/512/univariate/Uncertainty_1M/M/short/run_0 launch_id=selena_context_size_20260927T131553Z_36791 slurm_job_id=3584811 launched_at=2026-09-27T15:24:22.700797+00:00
    Total instances: 21, Series during experiment: 3, Windows: 7
    Collecting ground truth and context...
    Detected to_univariate case: 3 flat series -> 1 series x 3 variates
    Organizing data into arrays...
    Saved predictions (quantiles) to /fslarge/scratch/users/h61084/codes/evaluating_tsfms/outputs/context_size/tasks/chronos_bolt/context_length/512/univariate/Uncertainty_1M/M/short/run_0/predictions.npz
    Computing per-window metrics...
    Saved metrics to /fslarge/scratch/users/h61084/codes/evaluating_tsfms/outputs/context_size/tasks/chronos_bolt/context_length/512/univariate/Uncertainty_1M/M/short/run_0/metrics.npz
    Saved config to /fslarge/scratch/users/h61084/codes/evaluating_tsfms/outputs/context_size/tasks/chronos_bolt/context_length/512/univariate/Uncertainty_1M/M/short/run_0/config.json
    Saved aggregate metrics to /fslarge/scratch/users/h61084/codes/evaluating_tsfms/outputs/context_size/tasks/chronos_bolt/context_length/512/univariate/Uncertainty_1M/M/short/run_0/metrics_summary.json
    Metrics summary (averaged over all series/windows/variates):
      MSE: 0.0022
      MAE: 0.0351
      RMSE: 0.0388
      MAPE: 0.0439
      sMAPE: 0.0425
      MASE: 0.4314
      ND: 0.0435
      CRPS: 0.0348
  Output: /fslarge/scratch/users/h61084/codes/evaluating_tsfms/outputs/context_size/tasks/chronos_bolt/context_length/512/univariate/Uncertainty_1M/M/short/run_0

============================================================
All experiments completed!
Results saved to: /scratch/users/h61084/codes/evaluating_tsfms/outputs/context_size/tasks
============================================================

############################################################
# All datasets completed!
############################################################

############################################################
# Dataset 1/1: Housing_Inventory/M
############################################################
Loading configuration...

============================================================
Dataset: Housing_Inventory/M
Model: amazon/chronos-bolt-base
Terms: ['short']
Instance normalization: none
============================================================
Loading Chronos-Bolt model: amazon/chronos-bolt-base from /fslarge/scratch/users/h61084/weights/chronos-bolt-base...
[2026-09-27 15:24:31 UTC] resources selected_device {"device": "cuda", "model": "chronos_bolt", "stage": "forecast"}

--- Term: short ---
  Config: prediction_length=12, test_length=36, val_length=12
  Dataset info:
    - Frequency: M
    - Num series: 1
    - Target dim: 4
    - Target mode: univariate
    - Series length: min=114, max=114, avg=114.0
    - Test split: 36 steps
    - Prediction length: 12
    - Windows: 3
TIME run allocation action=new run=/fslarge/scratch/users/h61084/codes/evaluating_tsfms/outputs/context_size/inference/chronos_bolt/context_length/512/univariate/Housing_Inventory/M/short/run_0 launch_id=selena_context_size_20260927T131553Z_36791 slurm_job_id=3584811 launched_at=2026-09-27T15:24:32.303782+00:00
  Preparing input batches from Test split data...
    Total instances to forecast: 12
  Running predictions (Batch size: 16)...
TIME run allocation action=new run=/fslarge/scratch/users/h61084/codes/evaluating_tsfms/outputs/context_size/tasks/chronos_bolt/context_length/512/univariate/Housing_Inventory/M/short/run_0 launch_id=selena_context_size_20260927T131553Z_36791 slurm_job_id=3584811 launched_at=2026-09-27T15:24:32.681338+00:00
    Total instances: 12, Series during experiment: 4, Windows: 3
    Collecting ground truth and context...
    Detected to_univariate case: 4 flat series -> 1 series x 4 variates
    Organizing data into arrays...
    ⚠️  Predictions max value (1219171.00) exceeds float16 safe range.
    ⚠️  Applying scale factor: 100 (values will be divided)
    Saved predictions (quantiles) to /fslarge/scratch/users/h61084/codes/evaluating_tsfms/outputs/context_size/tasks/chronos_bolt/context_length/512/univariate/Housing_Inventory/M/short/run_0/predictions.npz
    Computing per-window metrics...
    Saved metrics to /fslarge/scratch/users/h61084/codes/evaluating_tsfms/outputs/context_size/tasks/chronos_bolt/context_length/512/univariate/Housing_Inventory/M/short/run_0/metrics.npz
    Saved config to /fslarge/scratch/users/h61084/codes/evaluating_tsfms/outputs/context_size/tasks/chronos_bolt/context_length/512/univariate/Housing_Inventory/M/short/run_0/config.json
    Saved aggregate metrics to /fslarge/scratch/users/h61084/codes/evaluating_tsfms/outputs/context_size/tasks/chronos_bolt/context_length/512/univariate/Housing_Inventory/M/short/run_0/metrics_summary.json
    Metrics summary (averaged over all series/windows/variates):
      MSE: 5481882559.1403
      MAE: 30275.8777
      RMSE: 33075.9156
      MAPE: 0.0694
      sMAPE: 0.0658
      MASE: 0.5280
      ND: 0.0694
      CRPS: 0.0537
  Output: /fslarge/scratch/users/h61084/codes/evaluating_tsfms/outputs/context_size/tasks/chronos_bolt/context_length/512/univariate/Housing_Inventory/M/short/run_0

============================================================
All experiments completed!
Results saved to: /scratch/users/h61084/codes/evaluating_tsfms/outputs/context_size/tasks
============================================================

############################################################
# All datasets completed!
############################################################

############################################################
# Dataset 1/1: JOLTS/M
############################################################
Loading configuration...

============================================================
Dataset: JOLTS/M
Model: amazon/chronos-bolt-base
Terms: ['short']
Instance normalization: none
============================================================
Loading Chronos-Bolt model: amazon/chronos-bolt-base from /fslarge/scratch/users/h61084/weights/chronos-bolt-base...
[2026-09-27 15:24:41 UTC] resources selected_device {"device": "cuda", "model": "chronos_bolt", "stage": "forecast"}

--- Term: short ---
  Config: prediction_length=12, test_length=60, val_length=12
  Dataset info:
    - Frequency: M
    - Num series: 1
    - Target dim: 6
    - Target mode: univariate
    - Series length: min=297, max=297, avg=297.0
    - Test split: 60 steps
    - Prediction length: 12
    - Windows: 5
TIME run allocation action=new run=/fslarge/scratch/users/h61084/codes/evaluating_tsfms/outputs/context_size/inference/chronos_bolt/context_length/512/univariate/JOLTS/M/short/run_0 launch_id=selena_context_size_20260927T131553Z_36791 slurm_job_id=3584811 launched_at=2026-09-27T15:24:42.206106+00:00
  Preparing input batches from Test split data...
    Total instances to forecast: 30
  Running predictions (Batch size: 16)...
TIME run allocation action=new run=/fslarge/scratch/users/h61084/codes/evaluating_tsfms/outputs/context_size/tasks/chronos_bolt/context_length/512/univariate/JOLTS/M/short/run_0 launch_id=selena_context_size_20260927T131553Z_36791 slurm_job_id=3584811 launched_at=2026-09-27T15:24:42.472417+00:00
    Total instances: 30, Series during experiment: 6, Windows: 5
    Collecting ground truth and context...
    Detected to_univariate case: 6 flat series -> 1 series x 6 variates
    Organizing data into arrays...
    Saved predictions (quantiles) to /fslarge/scratch/users/h61084/codes/evaluating_tsfms/outputs/context_size/tasks/chronos_bolt/context_length/512/univariate/JOLTS/M/short/run_0/predictions.npz
    Computing per-window metrics...
    Saved metrics to /fslarge/scratch/users/h61084/codes/evaluating_tsfms/outputs/context_size/tasks/chronos_bolt/context_length/512/univariate/JOLTS/M/short/run_0/metrics.npz
    Saved config to /fslarge/scratch/users/h61084/codes/evaluating_tsfms/outputs/context_size/tasks/chronos_bolt/context_length/512/univariate/JOLTS/M/short/run_0/config.json
    Saved aggregate metrics to /fslarge/scratch/users/h61084/codes/evaluating_tsfms/outputs/context_size/tasks/chronos_bolt/context_length/512/univariate/JOLTS/M/short/run_0/metrics_summary.json
    Metrics summary (averaged over all series/windows/variates):
      MSE: 420672.3743
      MAE: 347.0063
      RMSE: 419.1783
      MAPE: 0.0820
      sMAPE: 0.0809
      MASE: 1.0554
      ND: 0.0816
      CRPS: 0.0649
  Output: /fslarge/scratch/users/h61084/codes/evaluating_tsfms/outputs/context_size/tasks/chronos_bolt/context_length/512/univariate/JOLTS/M/short/run_0

============================================================
All experiments completed!
Results saved to: /scratch/users/h61084/codes/evaluating_tsfms/outputs/context_size/tasks
============================================================

############################################################
# All datasets completed!
############################################################

############################################################
# Dataset 1/1: US_Labor/M
############################################################
Loading configuration...

============================================================
Dataset: US_Labor/M
Model: amazon/chronos-bolt-base
Terms: ['short']
Instance normalization: none
============================================================
Loading Chronos-Bolt model: amazon/chronos-bolt-base from /fslarge/scratch/users/h61084/weights/chronos-bolt-base...
[2026-09-27 15:24:51 UTC] resources selected_device {"device": "cuda", "model": "chronos_bolt", "stage": "forecast"}

--- Term: short ---
  Config: prediction_length=12, test_length=60, val_length=12
  Dataset info:
    - Frequency: M
    - Num series: 1
    - Target dim: 14
    - Target mode: univariate
    - Series length: min=380, max=380, avg=380.0
    - Test split: 60 steps
    - Prediction length: 12
    - Windows: 5
TIME run allocation action=new run=/fslarge/scratch/users/h61084/codes/evaluating_tsfms/outputs/context_size/inference/chronos_bolt/context_length/512/univariate/US_Labor/M/short/run_0 launch_id=selena_context_size_20260927T131553Z_36791 slurm_job_id=3584811 launched_at=2026-09-27T15:24:51.948232+00:00
  Preparing input batches from Test split data...
    Total instances to forecast: 70
  Running predictions (Batch size: 16)...
TIME run allocation action=new run=/fslarge/scratch/users/h61084/codes/evaluating_tsfms/outputs/context_size/tasks/chronos_bolt/context_length/512/univariate/US_Labor/M/short/run_0 launch_id=selena_context_size_20260927T131553Z_36791 slurm_job_id=3584811 launched_at=2026-09-27T15:24:52.267004+00:00
    Total instances: 70, Series during experiment: 14, Windows: 5
    Collecting ground truth and context...
    Detected to_univariate case: 14 flat series -> 1 series x 14 variates
    Organizing data into arrays...
    ⚠️  Predictions max value (173125.27) exceeds float16 safe range.
    ⚠️  Applying scale factor: 10 (values will be divided)
    Saved predictions (quantiles) to /fslarge/scratch/users/h61084/codes/evaluating_tsfms/outputs/context_size/tasks/chronos_bolt/context_length/512/univariate/US_Labor/M/short/run_0/predictions.npz
    Computing per-window metrics...
    Saved metrics to /fslarge/scratch/users/h61084/codes/evaluating_tsfms/outputs/context_size/tasks/chronos_bolt/context_length/512/univariate/US_Labor/M/short/run_0/metrics.npz
    Saved config to /fslarge/scratch/users/h61084/codes/evaluating_tsfms/outputs/context_size/tasks/chronos_bolt/context_length/512/univariate/US_Labor/M/short/run_0/config.json
    Saved aggregate metrics to /fslarge/scratch/users/h61084/codes/evaluating_tsfms/outputs/context_size/tasks/chronos_bolt/context_length/512/univariate/US_Labor/M/short/run_0/metrics_summary.json
    Metrics summary (averaged over all series/windows/variates):
      MSE: 761910.0770
      MAE: 392.4604
      RMSE: 438.0243
      MAPE: 0.0725
      sMAPE: 0.0687
      MASE: 0.9464
      ND: 0.0713
      CRPS: 0.0562
  Output: /fslarge/scratch/users/h61084/codes/evaluating_tsfms/outputs/context_size/tasks/chronos_bolt/context_length/512/univariate/US_Labor/M/short/run_0

============================================================
All experiments completed!
Results saved to: /scratch/users/h61084/codes/evaluating_tsfms/outputs/context_size/tasks
============================================================

############################################################
# All datasets completed!
############################################################

############################################################
# Dataset 1/1: Vehicle_Supply/M
############################################################
Loading configuration...

============================================================
Dataset: Vehicle_Supply/M
Model: amazon/chronos-bolt-base
Terms: ['short']
Instance normalization: none
============================================================
Loading Chronos-Bolt model: amazon/chronos-bolt-base from /fslarge/scratch/users/h61084/weights/chronos-bolt-base...
[2026-09-27 15:25:00 UTC] resources selected_device {"device": "cuda", "model": "chronos_bolt", "stage": "forecast"}

--- Term: short ---
  Config: prediction_length=12, test_length=60, val_length=12
  Dataset info:
    - Frequency: M
    - Num series: 1
    - Target dim: 6
    - Target mode: univariate
    - Series length: min=391, max=391, avg=391.0
    - Test split: 60 steps
    - Prediction length: 12
    - Windows: 5
TIME run allocation action=new run=/fslarge/scratch/users/h61084/codes/evaluating_tsfms/outputs/context_size/inference/chronos_bolt/context_length/512/univariate/Vehicle_Supply/M/short/run_0 launch_id=selena_context_size_20260927T131553Z_36791 slurm_job_id=3584811 launched_at=2026-09-27T15:25:01.699234+00:00
  Preparing input batches from Test split data...
    Total instances to forecast: 30
  Running predictions (Batch size: 16)...
TIME run allocation action=new run=/fslarge/scratch/users/h61084/codes/evaluating_tsfms/outputs/context_size/tasks/chronos_bolt/context_length/512/univariate/Vehicle_Supply/M/short/run_0 launch_id=selena_context_size_20260927T131553Z_36791 slurm_job_id=3584811 launched_at=2026-09-27T15:25:01.964672+00:00
    Total instances: 30, Series during experiment: 6, Windows: 5
    Collecting ground truth and context...
    Detected to_univariate case: 6 flat series -> 1 series x 6 variates
    Organizing data into arrays...
    Saved predictions (quantiles) to /fslarge/scratch/users/h61084/codes/evaluating_tsfms/outputs/context_size/tasks/chronos_bolt/context_length/512/univariate/Vehicle_Supply/M/short/run_0/predictions.npz
    Computing per-window metrics...
    Saved metrics to /fslarge/scratch/users/h61084/codes/evaluating_tsfms/outputs/context_size/tasks/chronos_bolt/context_length/512/univariate/Vehicle_Supply/M/short/run_0/metrics.npz
    Saved config to /fslarge/scratch/users/h61084/codes/evaluating_tsfms/outputs/context_size/tasks/chronos_bolt/context_length/512/univariate/Vehicle_Supply/M/short/run_0/config.json
    Saved aggregate metrics to /fslarge/scratch/users/h61084/codes/evaluating_tsfms/outputs/context_size/tasks/chronos_bolt/context_length/512/univariate/Vehicle_Supply/M/short/run_0/metrics_summary.json
    Metrics summary (averaged over all series/windows/variates):
      MSE: 2397.0626
      MAE: 22.1977
      RMSE: 26.8237
      MAPE: 0.2436
      sMAPE: 0.2429
      MASE: 0.8111
      ND: 0.2271
      CRPS: 0.1947
  Output: /fslarge/scratch/users/h61084/codes/evaluating_tsfms/outputs/context_size/tasks/chronos_bolt/context_length/512/univariate/Vehicle_Supply/M/short/run_0

============================================================
All experiments completed!
Results saved to: /scratch/users/h61084/codes/evaluating_tsfms/outputs/context_size/tasks
============================================================

############################################################
# All datasets completed!
############################################################

############################################################
# Dataset 1/1: Auto_Production_SF/M
############################################################
Loading configuration...

============================================================
Dataset: Auto_Production_SF/M
Model: amazon/chronos-bolt-base
Terms: ['short']
Instance normalization: none
============================================================
Loading Chronos-Bolt model: amazon/chronos-bolt-base from /fslarge/scratch/users/h61084/weights/chronos-bolt-base...
[2026-09-27 15:25:10 UTC] resources selected_device {"device": "cuda", "model": "chronos_bolt", "stage": "forecast"}

--- Term: short ---
  Config: prediction_length=12, test_length=60, val_length=12
  Dataset info:
    - Frequency: M
    - Num series: 1
    - Target dim: 1
    - Target mode: univariate
    - Series length: min=367, max=367, avg=367.0
    - Test split: 60 steps
    - Prediction length: 12
    - Windows: 5
TIME run allocation action=new run=/fslarge/scratch/users/h61084/codes/evaluating_tsfms/outputs/context_size/inference/chronos_bolt/context_length/512/univariate/Auto_Production_SF/M/short/run_0 launch_id=selena_context_size_20260927T131553Z_36791 slurm_job_id=3584811 launched_at=2026-09-27T15:25:11.245994+00:00
  Preparing input batches from Test split data...
    Total instances to forecast: 5
  Running predictions (Batch size: 16)...
TIME run allocation action=new run=/fslarge/scratch/users/h61084/codes/evaluating_tsfms/outputs/context_size/tasks/chronos_bolt/context_length/512/univariate/Auto_Production_SF/M/short/run_0 launch_id=selena_context_size_20260927T131553Z_36791 slurm_job_id=3584811 launched_at=2026-09-27T15:25:11.486094+00:00
    Total instances: 5, Series during experiment: 1, Windows: 5
    Collecting ground truth and context...
    Organizing data into arrays...
    Saved predictions (quantiles) to /fslarge/scratch/users/h61084/codes/evaluating_tsfms/outputs/context_size/tasks/chronos_bolt/context_length/512/univariate/Auto_Production_SF/M/short/run_0/predictions.npz
    Computing per-window metrics...
    Saved metrics to /fslarge/scratch/users/h61084/codes/evaluating_tsfms/outputs/context_size/tasks/chronos_bolt/context_length/512/univariate/Auto_Production_SF/M/short/run_0/metrics.npz
    Saved config to /fslarge/scratch/users/h61084/codes/evaluating_tsfms/outputs/context_size/tasks/chronos_bolt/context_length/512/univariate/Auto_Production_SF/M/short/run_0/config.json
    Saved aggregate metrics to /fslarge/scratch/users/h61084/codes/evaluating_tsfms/outputs/context_size/tasks/chronos_bolt/context_length/512/univariate/Auto_Production_SF/M/short/run_0/metrics_summary.json
    Metrics summary (averaged over all series/windows/variates):
      MSE: 26.3340
      MAE: 4.0893
      RMSE: 5.0599
      MAPE: 0.0417
      sMAPE: 0.0414
      MASE: 1.0324
      ND: 0.0410
      CRPS: 0.0318
  Output: /fslarge/scratch/users/h61084/codes/evaluating_tsfms/outputs/context_size/tasks/chronos_bolt/context_length/512/univariate/Auto_Production_SF/M/short/run_0

============================================================
All experiments completed!
Results saved to: /scratch/users/h61084/codes/evaluating_tsfms/outputs/context_size/tasks
============================================================

############################################################
# All datasets completed!
############################################################

############################################################
# Dataset 1/1: Commodity_Production/M
############################################################
Loading configuration...

============================================================
Dataset: Commodity_Production/M
Model: amazon/chronos-bolt-base
Terms: ['short']
Instance normalization: none
============================================================
Loading Chronos-Bolt model: amazon/chronos-bolt-base from /fslarge/scratch/users/h61084/weights/chronos-bolt-base...
[2026-09-27 15:25:20 UTC] resources selected_device {"device": "cuda", "model": "chronos_bolt", "stage": "forecast"}

--- Term: short ---
  Config: prediction_length=12, test_length=60, val_length=12
  Dataset info:
    - Frequency: M
    - Num series: 32
    - Target dim: 1
    - Target mode: univariate
    - Series length: min=120, max=648, avg=325.1
    - Test split: 60 steps
    - Prediction length: 12
    - Windows: 5
TIME run allocation action=new run=/fslarge/scratch/users/h61084/codes/evaluating_tsfms/outputs/context_size/inference/chronos_bolt/context_length/512/univariate/Commodity_Production/M/short/run_0 launch_id=selena_context_size_20260927T131553Z_36791 slurm_job_id=3584811 launched_at=2026-09-27T15:25:20.802671+00:00
  Preparing input batches from Test split data...
    Total instances to forecast: 160
  Running predictions (Batch size: 16)...
    Processed 160/160...
TIME run allocation action=new run=/fslarge/scratch/users/h61084/codes/evaluating_tsfms/outputs/context_size/tasks/chronos_bolt/context_length/512/univariate/Commodity_Production/M/short/run_0 launch_id=selena_context_size_20260927T131553Z_36791 slurm_job_id=3584811 launched_at=2026-09-27T15:25:21.212805+00:00
    Total instances: 160, Series during experiment: 32, Windows: 5
    Collecting ground truth and context...
    Organizing data into arrays...
    Saved predictions (quantiles) to /fslarge/scratch/users/h61084/codes/evaluating_tsfms/outputs/context_size/tasks/chronos_bolt/context_length/512/univariate/Commodity_Production/M/short/run_0/predictions.npz
    Computing per-window metrics...
    Saved metrics to /fslarge/scratch/users/h61084/codes/evaluating_tsfms/outputs/context_size/tasks/chronos_bolt/context_length/512/univariate/Commodity_Production/M/short/run_0/metrics.npz
    Saved config to /fslarge/scratch/users/h61084/codes/evaluating_tsfms/outputs/context_size/tasks/chronos_bolt/context_length/512/univariate/Commodity_Production/M/short/run_0/config.json
    Saved aggregate metrics to /fslarge/scratch/users/h61084/codes/evaluating_tsfms/outputs/context_size/tasks/chronos_bolt/context_length/512/univariate/Commodity_Production/M/short/run_0/metrics_summary.json
    Metrics summary (averaged over all series/windows/variates):
      MSE: 61084.9147
      MAE: 67.6305
      RMSE: 78.3374
      MAPE: 0.2141
      sMAPE: 0.1662
      MASE: 0.9390
      ND: 0.1597
      CRPS: 0.1243
  Output: /fslarge/scratch/users/h61084/codes/evaluating_tsfms/outputs/context_size/tasks/chronos_bolt/context_length/512/univariate/Commodity_Production/M/short/run_0

============================================================
All experiments completed!
Results saved to: /scratch/users/h61084/codes/evaluating_tsfms/outputs/context_size/tasks
============================================================

############################################################
# All datasets completed!
############################################################

############################################################
# Dataset 1/1: Commodity_Import/M
############################################################
Loading configuration...

============================================================
Dataset: Commodity_Import/M
Model: amazon/chronos-bolt-base
Terms: ['short']
Instance normalization: none
============================================================
Loading Chronos-Bolt model: amazon/chronos-bolt-base from /fslarge/scratch/users/h61084/weights/chronos-bolt-base...
[2026-09-27 15:25:29 UTC] resources selected_device {"device": "cuda", "model": "chronos_bolt", "stage": "forecast"}

--- Term: short ---
  Config: prediction_length=12, test_length=60, val_length=12
  Dataset info:
    - Frequency: M
    - Num series: 8
    - Target dim: 1
    - Target mode: univariate
    - Series length: min=254, max=1240, avg=697.2
    - Test split: 60 steps
    - Prediction length: 12
    - Windows: 5
TIME run allocation action=new run=/fslarge/scratch/users/h61084/codes/evaluating_tsfms/outputs/context_size/inference/chronos_bolt/context_length/512/univariate/Commodity_Import/M/short/run_0 launch_id=selena_context_size_20260927T131553Z_36791 slurm_job_id=3584811 launched_at=2026-09-27T15:25:30.540588+00:00
  Preparing input batches from Test split data...
    Total instances to forecast: 40
  Running predictions (Batch size: 16)...
TIME run allocation action=new run=/fslarge/scratch/users/h61084/codes/evaluating_tsfms/outputs/context_size/tasks/chronos_bolt/context_length/512/univariate/Commodity_Import/M/short/run_0 launch_id=selena_context_size_20260927T131553Z_36791 slurm_job_id=3584811 launched_at=2026-09-27T15:25:30.907078+00:00
    Total instances: 40, Series during experiment: 8, Windows: 5
    Collecting ground truth and context...
    Organizing data into arrays...
    Saved predictions (quantiles) to /fslarge/scratch/users/h61084/codes/evaluating_tsfms/outputs/context_size/tasks/chronos_bolt/context_length/512/univariate/Commodity_Import/M/short/run_0/predictions.npz
    Computing per-window metrics...
    Saved metrics to /fslarge/scratch/users/h61084/codes/evaluating_tsfms/outputs/context_size/tasks/chronos_bolt/context_length/512/univariate/Commodity_Import/M/short/run_0/metrics.npz
    Saved config to /fslarge/scratch/users/h61084/codes/evaluating_tsfms/outputs/context_size/tasks/chronos_bolt/context_length/512/univariate/Commodity_Import/M/short/run_0/config.json
    Saved aggregate metrics to /fslarge/scratch/users/h61084/codes/evaluating_tsfms/outputs/context_size/tasks/chronos_bolt/context_length/512/univariate/Commodity_Import/M/short/run_0/metrics_summary.json
    Metrics summary (averaged over all series/windows/variates):
      MSE: 1762407.6184
      MAE: 528.9152
      RMSE: 630.1234
      MAPE: 0.3511
      sMAPE: 0.2420
      MASE: 1.5001
      ND: 0.2747
      CRPS: 0.2151
  Output: /fslarge/scratch/users/h61084/codes/evaluating_tsfms/outputs/context_size/tasks/chronos_bolt/context_length/512/univariate/Commodity_Import/M/short/run_0

============================================================
All experiments completed!
Results saved to: /scratch/users/h61084/codes/evaluating_tsfms/outputs/context_size/tasks
============================================================

############################################################
# All datasets completed!
############################################################

############################################################
# Dataset 1/1: WUI_Global/Q
############################################################
Loading configuration...

============================================================
Dataset: WUI_Global/Q
Model: amazon/chronos-bolt-base
Terms: ['short']
Instance normalization: none
============================================================
Loading Chronos-Bolt model: amazon/chronos-bolt-base from /fslarge/scratch/users/h61084/weights/chronos-bolt-base...
[2026-09-27 15:25:39 UTC] resources selected_device {"device": "cuda", "model": "chronos_bolt", "stage": "forecast"}

--- Term: short ---
  Config: prediction_length=4, test_length=20, val_length=20
  Dataset info:
    - Frequency: Q
    - Num series: 1
    - Target dim: 15
    - Target mode: univariate
    - Series length: min=294, max=294, avg=294.0
    - Test split: 20 steps
    - Prediction length: 4
    - Windows: 5
TIME run allocation action=new run=/fslarge/scratch/users/h61084/codes/evaluating_tsfms/outputs/context_size/inference/chronos_bolt/context_length/512/univariate/WUI_Global/Q/short/run_0 launch_id=selena_context_size_20260927T131553Z_36791 slurm_job_id=3584811 launched_at=2026-09-27T15:25:40.331366+00:00
  Preparing input batches from Test split data...
    Total instances to forecast: 75
  Running predictions (Batch size: 16)...
TIME run allocation action=new run=/fslarge/scratch/users/h61084/codes/evaluating_tsfms/outputs/context_size/tasks/chronos_bolt/context_length/512/univariate/WUI_Global/Q/short/run_0 launch_id=selena_context_size_20260927T131553Z_36791 slurm_job_id=3584811 launched_at=2026-09-27T15:25:40.649811+00:00
    Total instances: 75, Series during experiment: 15, Windows: 5
    Collecting ground truth and context...
    Detected to_univariate case: 15 flat series -> 1 series x 15 variates
    Organizing data into arrays...
    Saved predictions (quantiles) to /fslarge/scratch/users/h61084/codes/evaluating_tsfms/outputs/context_size/tasks/chronos_bolt/context_length/512/univariate/WUI_Global/Q/short/run_0/predictions.npz
    Computing per-window metrics...
    Saved metrics to /fslarge/scratch/users/h61084/codes/evaluating_tsfms/outputs/context_size/tasks/chronos_bolt/context_length/512/univariate/WUI_Global/Q/short/run_0/metrics.npz
    Saved config to /fslarge/scratch/users/h61084/codes/evaluating_tsfms/outputs/context_size/tasks/chronos_bolt/context_length/512/univariate/WUI_Global/Q/short/run_0/config.json
    Saved aggregate metrics to /fslarge/scratch/users/h61084/codes/evaluating_tsfms/outputs/context_size/tasks/chronos_bolt/context_length/512/univariate/WUI_Global/Q/short/run_0/metrics_summary.json
    Metrics summary (averaged over all series/windows/variates):
      MSE: 0.0486
      MAE: 0.1491
      RMSE: 0.1769
      MAPE: 0.5773
      sMAPE: 0.6600
      MASE: 0.9985
      ND: 0.6986
      CRPS: 0.5497
  Output: /fslarge/scratch/users/h61084/codes/evaluating_tsfms/outputs/context_size/tasks/chronos_bolt/context_length/512/univariate/WUI_Global/Q/short/run_0

============================================================
All experiments completed!
Results saved to: /scratch/users/h61084/codes/evaluating_tsfms/outputs/context_size/tasks
============================================================

############################################################
# All datasets completed!
############################################################

############################################################
# Dataset 1/1: Global_Price/Q
############################################################
Loading configuration...

============================================================
Dataset: Global_Price/Q
Model: amazon/chronos-bolt-base
Terms: ['short']
Instance normalization: none
============================================================
Loading Chronos-Bolt model: amazon/chronos-bolt-base from /fslarge/scratch/users/h61084/weights/chronos-bolt-base...
[2026-09-27 15:25:49 UTC] resources selected_device {"device": "cuda", "model": "chronos_bolt", "stage": "forecast"}

--- Term: short ---
  Config: prediction_length=4, test_length=20, val_length=8
  Dataset info:
    - Frequency: Q
    - Num series: 1
    - Target dim: 60
    - Target mode: univariate
    - Series length: min=142, max=142, avg=142.0
    - Test split: 20 steps
    - Prediction length: 4
    - Windows: 5
TIME run allocation action=new run=/fslarge/scratch/users/h61084/codes/evaluating_tsfms/outputs/context_size/inference/chronos_bolt/context_length/512/univariate/Global_Price/Q/short/run_0 launch_id=selena_context_size_20260927T131553Z_36791 slurm_job_id=3584811 launched_at=2026-09-27T15:25:49.867400+00:00
  Preparing input batches from Test split data...
    Total instances to forecast: 300
  Running predictions (Batch size: 16)...
    Processed 160/300...
TIME run allocation action=new run=/fslarge/scratch/users/h61084/codes/evaluating_tsfms/outputs/context_size/tasks/chronos_bolt/context_length/512/univariate/Global_Price/Q/short/run_0 launch_id=selena_context_size_20260927T131553Z_36791 slurm_job_id=3584811 launched_at=2026-09-27T15:25:50.432007+00:00
    Total instances: 300, Series during experiment: 60, Windows: 5
    Collecting ground truth and context...
    Detected to_univariate case: 60 flat series -> 1 series x 60 variates
    Organizing data into arrays...
    Saved predictions (quantiles) to /fslarge/scratch/users/h61084/codes/evaluating_tsfms/outputs/context_size/tasks/chronos_bolt/context_length/512/univariate/Global_Price/Q/short/run_0/predictions.npz
    Computing per-window metrics...
    Saved metrics to /fslarge/scratch/users/h61084/codes/evaluating_tsfms/outputs/context_size/tasks/chronos_bolt/context_length/512/univariate/Global_Price/Q/short/run_0/metrics.npz
    Saved config to /fslarge/scratch/users/h61084/codes/evaluating_tsfms/outputs/context_size/tasks/chronos_bolt/context_length/512/univariate/Global_Price/Q/short/run_0/config.json
    Saved aggregate metrics to /fslarge/scratch/users/h61084/codes/evaluating_tsfms/outputs/context_size/tasks/chronos_bolt/context_length/512/univariate/Global_Price/Q/short/run_0/metrics_summary.json
    Metrics summary (averaged over all series/windows/variates):
      MSE: 1713971.9016
      MAE: 304.0817
      RMSE: 341.7313
      MAPE: 0.1793
      sMAPE: 0.1905
      MASE: 1.5685
      ND: 0.1799
      CRPS: 0.1462
  Output: /fslarge/scratch/users/h61084/codes/evaluating_tsfms/outputs/context_size/tasks/chronos_bolt/context_length/512/univariate/Global_Price/Q/short/run_0

============================================================
All experiments completed!
Results saved to: /scratch/users/h61084/codes/evaluating_tsfms/outputs/context_size/tasks
============================================================

############################################################
# All datasets completed!
############################################################

############################################################
# Dataset 1/1: Vehicle_Sales/M
############################################################
Loading configuration...

============================================================
Dataset: Vehicle_Sales/M
Model: amazon/chronos-bolt-base
Terms: ['short']
Instance normalization: none
============================================================
Loading Chronos-Bolt model: amazon/chronos-bolt-base from /fslarge/scratch/users/h61084/weights/chronos-bolt-base...
[2026-09-27 15:25:59 UTC] resources selected_device {"device": "cuda", "model": "chronos_bolt", "stage": "forecast"}

--- Term: short ---
  Config: prediction_length=12, test_length=60, val_length=12
  Dataset info:
    - Frequency: M
    - Num series: 1
    - Target dim: 10
    - Target mode: univariate
    - Series length: min=596, max=596, avg=596.0
    - Test split: 60 steps
    - Prediction length: 12
    - Windows: 5
TIME run allocation action=new run=/fslarge/scratch/users/h61084/codes/evaluating_tsfms/outputs/context_size/inference/chronos_bolt/context_length/512/univariate/Vehicle_Sales/M/short/run_0 launch_id=selena_context_size_20260927T131553Z_36791 slurm_job_id=3584811 launched_at=2026-09-27T15:25:59.765807+00:00
  Preparing input batches from Test split data...
    Total instances to forecast: 50
  Running predictions (Batch size: 16)...
TIME run allocation action=new run=/fslarge/scratch/users/h61084/codes/evaluating_tsfms/outputs/context_size/tasks/chronos_bolt/context_length/512/univariate/Vehicle_Sales/M/short/run_0 launch_id=selena_context_size_20260927T131553Z_36791 slurm_job_id=3584811 launched_at=2026-09-27T15:26:00.053893+00:00
    Total instances: 50, Series during experiment: 10, Windows: 5
    Collecting ground truth and context...
    Detected to_univariate case: 10 flat series -> 1 series x 10 variates
    Organizing data into arrays...
    Saved predictions (quantiles) to /fslarge/scratch/users/h61084/codes/evaluating_tsfms/outputs/context_size/tasks/chronos_bolt/context_length/512/univariate/Vehicle_Sales/M/short/run_0/predictions.npz
    Computing per-window metrics...
    Saved metrics to /fslarge/scratch/users/h61084/codes/evaluating_tsfms/outputs/context_size/tasks/chronos_bolt/context_length/512/univariate/Vehicle_Sales/M/short/run_0/metrics.npz
    Saved config to /fslarge/scratch/users/h61084/codes/evaluating_tsfms/outputs/context_size/tasks/chronos_bolt/context_length/512/univariate/Vehicle_Sales/M/short/run_0/config.json
    Saved aggregate metrics to /fslarge/scratch/users/h61084/codes/evaluating_tsfms/outputs/context_size/tasks/chronos_bolt/context_length/512/univariate/Vehicle_Sales/M/short/run_0/metrics_summary.json
    Metrics summary (averaged over all series/windows/variates):
      MSE: 1787.2756
      MAE: 10.9048
      RMSE: 12.7612
      MAPE: 0.0817
      sMAPE: 0.0815
      MASE: 0.7713
      ND: 0.0817
      CRPS: 0.0647
  Output: /fslarge/scratch/users/h61084/codes/evaluating_tsfms/outputs/context_size/tasks/chronos_bolt/context_length/512/univariate/Vehicle_Sales/M/short/run_0

============================================================
All experiments completed!
Results saved to: /scratch/users/h61084/codes/evaluating_tsfms/outputs/context_size/tasks
============================================================

############################################################
# All datasets completed!
############################################################

############################################################
# Dataset 1/1: Online_Retail_2_UCI/D
############################################################
Loading configuration...

============================================================
Dataset: Online_Retail_2_UCI/D
Model: amazon/chronos-bolt-base
Terms: ['short']
Instance normalization: none
============================================================
Loading Chronos-Bolt model: amazon/chronos-bolt-base from /fslarge/scratch/users/h61084/weights/chronos-bolt-base...
[2026-09-27 15:26:08 UTC] resources selected_device {"device": "cuda", "model": "chronos_bolt", "stage": "forecast"}

--- Term: short ---
  Config: prediction_length=30, test_length=180, val_length=90
  Dataset info:
    - Frequency: D
    - Num series: 1
    - Target dim: 1
    - Target mode: univariate
    - Series length: min=739, max=739, avg=739.0
    - Test split: 180 steps
    - Prediction length: 30
    - Windows: 6
TIME run allocation action=new run=/fslarge/scratch/users/h61084/codes/evaluating_tsfms/outputs/context_size/inference/chronos_bolt/context_length/512/univariate/Online_Retail_2_UCI/D/short/run_0 launch_id=selena_context_size_20260927T131553Z_36791 slurm_job_id=3584811 launched_at=2026-09-27T15:26:09.304731+00:00
  Preparing input batches from Test split data...
    Total instances to forecast: 6
  Running predictions (Batch size: 16)...
TIME run allocation action=new run=/fslarge/scratch/users/h61084/codes/evaluating_tsfms/outputs/context_size/tasks/chronos_bolt/context_length/512/univariate/Online_Retail_2_UCI/D/short/run_0 launch_id=selena_context_size_20260927T131553Z_36791 slurm_job_id=3584811 launched_at=2026-09-27T15:26:09.535032+00:00
    Total instances: 6, Series during experiment: 1, Windows: 6
    Collecting ground truth and context...
    Organizing data into arrays...
    ⚠️  Predictions max value (124228.62) exceeds float16 safe range.
    ⚠️  Applying scale factor: 10 (values will be divided)
    Saved predictions (quantiles) to /fslarge/scratch/users/h61084/codes/evaluating_tsfms/outputs/context_size/tasks/chronos_bolt/context_length/512/univariate/Online_Retail_2_UCI/D/short/run_0/predictions.npz
    Computing per-window metrics...
    Saved metrics to /fslarge/scratch/users/h61084/codes/evaluating_tsfms/outputs/context_size/tasks/chronos_bolt/context_length/512/univariate/Online_Retail_2_UCI/D/short/run_0/metrics.npz
    Saved config to /fslarge/scratch/users/h61084/codes/evaluating_tsfms/outputs/context_size/tasks/chronos_bolt/context_length/512/univariate/Online_Retail_2_UCI/D/short/run_0/config.json
    Saved aggregate metrics to /fslarge/scratch/users/h61084/codes/evaluating_tsfms/outputs/context_size/tasks/chronos_bolt/context_length/512/univariate/Online_Retail_2_UCI/D/short/run_0/metrics_summary.json
    Metrics summary (averaged over all series/windows/variates):
      MSE: 308937070.0790
      MAE: 10222.1512
      RMSE: 15879.5677
      MAPE: 0.2667
      sMAPE: 0.5251
      MASE: 0.6180
      ND: 0.2974
      CRPS: 0.2460
  Output: /fslarge/scratch/users/h61084/codes/evaluating_tsfms/outputs/context_size/tasks/chronos_bolt/context_length/512/univariate/Online_Retail_2_UCI/D/short/run_0

============================================================
All experiments completed!
Results saved to: /scratch/users/h61084/codes/evaluating_tsfms/outputs/context_size/tasks
============================================================

############################################################
# All datasets completed!
############################################################

############################################################
# Dataset 1/1: Supply_Chain_Customer/D
############################################################
Loading configuration...

============================================================
Dataset: Supply_Chain_Customer/D
Model: amazon/chronos-bolt-base
Terms: ['short']
Instance normalization: none
============================================================
Loading Chronos-Bolt model: amazon/chronos-bolt-base from /fslarge/scratch/users/h61084/weights/chronos-bolt-base...
[2026-09-27 15:26:18 UTC] resources selected_device {"device": "cuda", "model": "chronos_bolt", "stage": "forecast"}

--- Term: short ---
  Config: prediction_length=30, test_length=365, val_length=90
  Dataset info:
    - Frequency: D
    - Num series: 1
    - Target dim: 36
    - Target mode: univariate
    - Series length: min=2007, max=2007, avg=2007.0
    - Test split: 365 steps
    - Prediction length: 30
    - Windows: 12
TIME run allocation action=new run=/fslarge/scratch/users/h61084/codes/evaluating_tsfms/outputs/context_size/inference/chronos_bolt/context_length/512/univariate/Supply_Chain_Customer/D/short/run_0 launch_id=selena_context_size_20260927T131553Z_36791 slurm_job_id=3584811 launched_at=2026-09-27T15:26:18.781217+00:00
  Preparing input batches from Test split data...
    Total instances to forecast: 432
  Running predictions (Batch size: 16)...
    Processed 160/432...
    Processed 320/432...
TIME run allocation action=new run=/fslarge/scratch/users/h61084/codes/evaluating_tsfms/outputs/context_size/tasks/chronos_bolt/context_length/512/univariate/Supply_Chain_Customer/D/short/run_0 launch_id=selena_context_size_20260927T131553Z_36791 slurm_job_id=3584811 launched_at=2026-09-27T15:26:19.465221+00:00
    Total instances: 432, Series during experiment: 36, Windows: 12
    Collecting ground truth and context...
    Detected to_univariate case: 36 flat series -> 1 series x 36 variates
    Organizing data into arrays...
    ⚠️  Predictions max value (254615.92) exceeds float16 safe range.
    ⚠️  Applying scale factor: 10 (values will be divided)
    Saved predictions (quantiles) to /fslarge/scratch/users/h61084/codes/evaluating_tsfms/outputs/context_size/tasks/chronos_bolt/context_length/512/univariate/Supply_Chain_Customer/D/short/run_0/predictions.npz
    Computing per-window metrics...
    Saved metrics to /fslarge/scratch/users/h61084/codes/evaluating_tsfms/outputs/context_size/tasks/chronos_bolt/context_length/512/univariate/Supply_Chain_Customer/D/short/run_0/metrics.npz
    Saved config to /fslarge/scratch/users/h61084/codes/evaluating_tsfms/outputs/context_size/tasks/chronos_bolt/context_length/512/univariate/Supply_Chain_Customer/D/short/run_0/config.json
    Saved aggregate metrics to /fslarge/scratch/users/h61084/codes/evaluating_tsfms/outputs/context_size/tasks/chronos_bolt/context_length/512/univariate/Supply_Chain_Customer/D/short/run_0/metrics_summary.json
    Metrics summary (averaged over all series/windows/variates):
      MSE: 36615127.1344
      MAE: 1790.8037
      RMSE: 2492.7260
      MAPE: 0.4373
      sMAPE: 0.4279
      MASE: 0.6325
      ND: 0.3721
      CRPS: 0.3001
  Output: /fslarge/scratch/users/h61084/codes/evaluating_tsfms/outputs/context_size/tasks/chronos_bolt/context_length/512/univariate/Supply_Chain_Customer/D/short/run_0

============================================================
All experiments completed!
Results saved to: /scratch/users/h61084/codes/evaluating_tsfms/outputs/context_size/tasks
============================================================

############################################################
# All datasets completed!
############################################################

############################################################
# Dataset 1/1: Supply_Chain_Location/D
############################################################
Loading configuration...

============================================================
Dataset: Supply_Chain_Location/D
Model: amazon/chronos-bolt-base
Terms: ['short']
Instance normalization: none
============================================================
Loading Chronos-Bolt model: amazon/chronos-bolt-base from /fslarge/scratch/users/h61084/weights/chronos-bolt-base...
[2026-09-27 15:26:28 UTC] resources selected_device {"device": "cuda", "model": "chronos_bolt", "stage": "forecast"}

--- Term: short ---
  Config: prediction_length=30, test_length=365, val_length=90
  Dataset info:
    - Frequency: D
    - Num series: 1
    - Target dim: 51
    - Target mode: univariate
    - Series length: min=2007, max=2007, avg=2007.0
    - Test split: 365 steps
    - Prediction length: 30
    - Windows: 12
TIME run allocation action=new run=/fslarge/scratch/users/h61084/codes/evaluating_tsfms/outputs/context_size/inference/chronos_bolt/context_length/512/univariate/Supply_Chain_Location/D/short/run_0 launch_id=selena_context_size_20260927T131553Z_36791 slurm_job_id=3584811 launched_at=2026-09-27T15:26:28.791053+00:00
  Preparing input batches from Test split data...
    Total instances to forecast: 612
  Running predictions (Batch size: 16)...
    Processed 160/612...
    Processed 320/612...
    Processed 480/612...
TIME run allocation action=new run=/fslarge/scratch/users/h61084/codes/evaluating_tsfms/outputs/context_size/tasks/chronos_bolt/context_length/512/univariate/Supply_Chain_Location/D/short/run_0 launch_id=selena_context_size_20260927T131553Z_36791 slurm_job_id=3584811 launched_at=2026-09-27T15:26:29.681726+00:00
    Total instances: 612, Series during experiment: 51, Windows: 12
    Collecting ground truth and context...
    Detected to_univariate case: 51 flat series -> 1 series x 51 variates
    Organizing data into arrays...
    ⚠️  Predictions max value (124998.38) exceeds float16 safe range.
    ⚠️  Applying scale factor: 10 (values will be divided)
    Saved predictions (quantiles) to /fslarge/scratch/users/h61084/codes/evaluating_tsfms/outputs/context_size/tasks/chronos_bolt/context_length/512/univariate/Supply_Chain_Location/D/short/run_0/predictions.npz
    Computing per-window metrics...
    Saved metrics to /fslarge/scratch/users/h61084/codes/evaluating_tsfms/outputs/context_size/tasks/chronos_bolt/context_length/512/univariate/Supply_Chain_Location/D/short/run_0/metrics.npz
    Saved config to /fslarge/scratch/users/h61084/codes/evaluating_tsfms/outputs/context_size/tasks/chronos_bolt/context_length/512/univariate/Supply_Chain_Location/D/short/run_0/config.json
    Saved aggregate metrics to /fslarge/scratch/users/h61084/codes/evaluating_tsfms/outputs/context_size/tasks/chronos_bolt/context_length/512/univariate/Supply_Chain_Location/D/short/run_0/metrics_summary.json
    Metrics summary (averaged over all series/windows/variates):
      MSE: 22049857.9751
      MAE: 1807.5323
      RMSE: 2443.0199
      MAPE: 0.5010
      sMAPE: 0.4273
      MASE: 0.6602
      ND: 0.3858
      CRPS: 0.3078
  Output: /fslarge/scratch/users/h61084/codes/evaluating_tsfms/outputs/context_size/tasks/chronos_bolt/context_length/512/univariate/Supply_Chain_Location/D/short/run_0

============================================================
All experiments completed!
Results saved to: /scratch/users/h61084/codes/evaluating_tsfms/outputs/context_size/tasks
============================================================

############################################################
# All datasets completed!
############################################################

############################################################
# Dataset 1/1: azure2019_D/5T
############################################################
Loading configuration...

============================================================
Dataset: azure2019_D/5T
Model: amazon/chronos-bolt-base
Terms: ['short']
Instance normalization: none
============================================================
Loading Chronos-Bolt model: amazon/chronos-bolt-base from /fslarge/scratch/users/h61084/weights/chronos-bolt-base...
[2026-09-27 15:26:38 UTC] resources selected_device {"device": "cuda", "model": "chronos_bolt", "stage": "forecast"}

--- Term: short ---
  Config: prediction_length=288, test_length=864, val_length=864
  Dataset info:
    - Frequency: 5T
    - Num series: 989
    - Target dim: 3
    - Target mode: univariate
    - Series length: min=8073, max=8639, avg=8627.0
    - Test split: 864 steps
    - Prediction length: 288
    - Windows: 3
TIME run allocation action=new run=/fslarge/scratch/users/h61084/codes/evaluating_tsfms/outputs/context_size/inference/chronos_bolt/context_length/512/univariate/azure2019_D/5T/short/run_0 launch_id=selena_context_size_20260927T131553Z_36791 slurm_job_id=3584811 launched_at=2026-09-27T15:26:39.188488+00:00
  Preparing input batches from Test split data...
    Total instances to forecast: 8901
  Running predictions (Batch size: 16)...
    Processed 160/8901...
    Processed 320/8901...
    Processed 480/8901...
    Processed 640/8901...
    Processed 800/8901...
    Processed 960/8901...
    Processed 1120/8901...
    Processed 1280/8901...
    Processed 1440/8901...
    Processed 1600/8901...
    Processed 1760/8901...
    Processed 1920/8901...
    Processed 2080/8901...
    Processed 2240/8901...
    Processed 2400/8901...
    Processed 2560/8901...
    Processed 2720/8901...
    Processed 2880/8901...
    Processed 3040/8901...
    Processed 3200/8901...
    Processed 3360/8901...
    Processed 3520/8901...
    Processed 3680/8901...
    Processed 3840/8901...
    Processed 4000/8901...
    Processed 4160/8901...
    Processed 4320/8901...
    Processed 4480/8901...
    Processed 4640/8901...
    Processed 4800/8901...
    Processed 4960/8901...
    Processed 5120/8901...
    Processed 5280/8901...
    Processed 5440/8901...
    Processed 5600/8901...
    Processed 5760/8901...
    Processed 5920/8901...
    Processed 6080/8901...
    Processed 6240/8901...
    Processed 6400/8901...
    Processed 6560/8901...
    Processed 6720/8901...
    Processed 6880/8901...
    Processed 7040/8901...
    Processed 7200/8901...
    Processed 7360/8901...
    Processed 7520/8901...
    Processed 7680/8901...
    Processed 7840/8901...
    Processed 8000/8901...
    Processed 8160/8901...
    Processed 8320/8901...
    Processed 8480/8901...
    Processed 8640/8901...
    Processed 8800/8901...
TIME run allocation action=new run=/fslarge/scratch/users/h61084/codes/evaluating_tsfms/outputs/context_size/tasks/chronos_bolt/context_length/512/univariate/azure2019_D/5T/short/run_0 launch_id=selena_context_size_20260927T131553Z_36791 slurm_job_id=3584811 launched_at=2026-09-27T15:28:40.386025+00:00
    Total instances: 8901, Series during experiment: 2967, Windows: 3
    Collecting ground truth and context...
    Detected to_univariate case: 2967 flat series -> 989 series x 3 variates
    Organizing data into arrays...
    Saved predictions (quantiles) to /fslarge/scratch/users/h61084/codes/evaluating_tsfms/outputs/context_size/tasks/chronos_bolt/context_length/512/univariate/azure2019_D/5T/short/run_0/predictions.npz
    Computing per-window metrics...
    Saved metrics to /fslarge/scratch/users/h61084/codes/evaluating_tsfms/outputs/context_size/tasks/chronos_bolt/context_length/512/univariate/azure2019_D/5T/short/run_0/metrics.npz
    Saved config to /fslarge/scratch/users/h61084/codes/evaluating_tsfms/outputs/context_size/tasks/chronos_bolt/context_length/512/univariate/azure2019_D/5T/short/run_0/config.json
    Saved aggregate metrics to /fslarge/scratch/users/h61084/codes/evaluating_tsfms/outputs/context_size/tasks/chronos_bolt/context_length/512/univariate/azure2019_D/5T/short/run_0/metrics_summary.json
    Metrics summary (averaged over all series/windows/variates):
      MSE: 62.0151
      MAE: 2.9252
      RMSE: 4.0184
      MAPE: 0.2396
      sMAPE: 0.1915
      MASE: 0.8062
      ND: 0.1979
      CRPS: 0.1643
  Output: /fslarge/scratch/users/h61084/codes/evaluating_tsfms/outputs/context_size/tasks/chronos_bolt/context_length/512/univariate/azure2019_D/5T/short/run_0

============================================================
All experiments completed!
Results saved to: /scratch/users/h61084/codes/evaluating_tsfms/outputs/context_size/tasks
============================================================

############################################################
# All datasets completed!
############################################################

############################################################
# Dataset 1/1: azure2019_I/5T
############################################################
Loading configuration...

============================================================
Dataset: azure2019_I/5T
Model: amazon/chronos-bolt-base
Terms: ['short']
Instance normalization: none
============================================================
Loading Chronos-Bolt model: amazon/chronos-bolt-base from /fslarge/scratch/users/h61084/weights/chronos-bolt-base...
[2026-09-27 15:28:54 UTC] resources selected_device {"device": "cuda", "model": "chronos_bolt", "stage": "forecast"}

--- Term: short ---
  Config: prediction_length=288, test_length=864, val_length=864
  Dataset info:
    - Frequency: 5T
    - Num series: 492
    - Target dim: 3
    - Target mode: univariate
    - Series length: min=8250, max=8639, avg=8630.4
    - Test split: 864 steps
    - Prediction length: 288
    - Windows: 3
TIME run allocation action=new run=/fslarge/scratch/users/h61084/codes/evaluating_tsfms/outputs/context_size/inference/chronos_bolt/context_length/512/univariate/azure2019_I/5T/short/run_0 launch_id=selena_context_size_20260927T131553Z_36791 slurm_job_id=3584811 launched_at=2026-09-27T15:28:55.466367+00:00
  Preparing input batches from Test split data...
    Total instances to forecast: 4428
  Running predictions (Batch size: 16)...
    Processed 160/4428...
    Processed 320/4428...
    Processed 480/4428...
    Processed 640/4428...
    Processed 800/4428...
    Processed 960/4428...
    Processed 1120/4428...
    Processed 1280/4428...
    Processed 1440/4428...
    Processed 1600/4428...
    Processed 1760/4428...
    Processed 1920/4428...
    Processed 2080/4428...
    Processed 2240/4428...
    Processed 2400/4428...
    Processed 2560/4428...
    Processed 2720/4428...
    Processed 2880/4428...
    Processed 3040/4428...
    Processed 3200/4428...
    Processed 3360/4428...
    Processed 3520/4428...
    Processed 3680/4428...
    Processed 3840/4428...
    Processed 4000/4428...
    Processed 4160/4428...
    Processed 4320/4428...
TIME run allocation action=new run=/fslarge/scratch/users/h61084/codes/evaluating_tsfms/outputs/context_size/tasks/chronos_bolt/context_length/512/univariate/azure2019_I/5T/short/run_0 launch_id=selena_context_size_20260927T131553Z_36791 slurm_job_id=3584811 launched_at=2026-09-27T15:29:56.080941+00:00
    Total instances: 4428, Series during experiment: 1476, Windows: 3
    Collecting ground truth and context...
    Detected to_univariate case: 1476 flat series -> 492 series x 3 variates
    Organizing data into arrays...
    Saved predictions (quantiles) to /fslarge/scratch/users/h61084/codes/evaluating_tsfms/outputs/context_size/tasks/chronos_bolt/context_length/512/univariate/azure2019_I/5T/short/run_0/predictions.npz
    Computing per-window metrics...
    Saved metrics to /fslarge/scratch/users/h61084/codes/evaluating_tsfms/outputs/context_size/tasks/chronos_bolt/context_length/512/univariate/azure2019_I/5T/short/run_0/metrics.npz
    Saved config to /fslarge/scratch/users/h61084/codes/evaluating_tsfms/outputs/context_size/tasks/chronos_bolt/context_length/512/univariate/azure2019_I/5T/short/run_0/config.json
    Saved aggregate metrics to /fslarge/scratch/users/h61084/codes/evaluating_tsfms/outputs/context_size/tasks/chronos_bolt/context_length/512/univariate/azure2019_I/5T/short/run_0/metrics_summary.json
    Metrics summary (averaged over all series/windows/variates):
      MSE: 58.9798
      MAE: 2.6762
      RMSE: 3.7817
      MAPE: 0.2290
      sMAPE: 0.1795
      MASE: 0.8348
      ND: 0.1879
      CRPS: 0.1541
  Output: /fslarge/scratch/users/h61084/codes/evaluating_tsfms/outputs/context_size/tasks/chronos_bolt/context_length/512/univariate/azure2019_I/5T/short/run_0

============================================================
All experiments completed!
Results saved to: /scratch/users/h61084/codes/evaluating_tsfms/outputs/context_size/tasks
============================================================

############################################################
# All datasets completed!
############################################################

############################################################
# Dataset 1/1: azure2019_U/5T
############################################################
Loading configuration...

============================================================
Dataset: azure2019_U/5T
Model: amazon/chronos-bolt-base
Terms: ['short']
Instance normalization: none
============================================================
Loading Chronos-Bolt model: amazon/chronos-bolt-base from /fslarge/scratch/users/h61084/weights/chronos-bolt-base...
[2026-09-27 15:30:07 UTC] resources selected_device {"device": "cuda", "model": "chronos_bolt", "stage": "forecast"}

--- Term: short ---
  Config: prediction_length=48, test_length=288, val_length=96
  Dataset info:
    - Frequency: 5T
    - Num series: 78
    - Target dim: 3
    - Target mode: univariate
    - Series length: min=882, max=2006, avg=1406.1
    - Test split: 288 steps
    - Prediction length: 48
    - Windows: 6
TIME run allocation action=new run=/fslarge/scratch/users/h61084/codes/evaluating_tsfms/outputs/context_size/inference/chronos_bolt/context_length/512/univariate/azure2019_U/5T/short/run_0 launch_id=selena_context_size_20260927T131553Z_36791 slurm_job_id=3584811 launched_at=2026-09-27T15:30:08.240426+00:00
  Preparing input batches from Test split data...
    Total instances to forecast: 1404
  Running predictions (Batch size: 16)...
    Processed 160/1404...
    Processed 320/1404...
    Processed 480/1404...
    Processed 640/1404...
    Processed 800/1404...
    Processed 960/1404...
    Processed 1120/1404...
    Processed 1280/1404...
TIME run allocation action=new run=/fslarge/scratch/users/h61084/codes/evaluating_tsfms/outputs/context_size/tasks/chronos_bolt/context_length/512/univariate/azure2019_U/5T/short/run_0 launch_id=selena_context_size_20260927T131553Z_36791 slurm_job_id=3584811 launched_at=2026-09-27T15:30:10.059444+00:00
    Total instances: 1404, Series during experiment: 234, Windows: 6
    Collecting ground truth and context...
    Detected to_univariate case: 234 flat series -> 78 series x 3 variates
    Organizing data into arrays...
    Saved predictions (quantiles) to /fslarge/scratch/users/h61084/codes/evaluating_tsfms/outputs/context_size/tasks/chronos_bolt/context_length/512/univariate/azure2019_U/5T/short/run_0/predictions.npz
    Computing per-window metrics...
    Saved metrics to /fslarge/scratch/users/h61084/codes/evaluating_tsfms/outputs/context_size/tasks/chronos_bolt/context_length/512/univariate/azure2019_U/5T/short/run_0/metrics.npz
    Saved config to /fslarge/scratch/users/h61084/codes/evaluating_tsfms/outputs/context_size/tasks/chronos_bolt/context_length/512/univariate/azure2019_U/5T/short/run_0/config.json
    Saved aggregate metrics to /fslarge/scratch/users/h61084/codes/evaluating_tsfms/outputs/context_size/tasks/chronos_bolt/context_length/512/univariate/azure2019_U/5T/short/run_0/metrics_summary.json
    Metrics summary (averaged over all series/windows/variates):
      MSE: 71.1709
      MAE: 2.6127
      RMSE: 3.5683
      MAPE: 0.4005
      sMAPE: 0.2013
      MASE: 0.7997
      ND: 0.2191
      CRPS: 0.1803
  Output: /fslarge/scratch/users/h61084/codes/evaluating_tsfms/outputs/context_size/tasks/chronos_bolt/context_length/512/univariate/azure2019_U/5T/short/run_0

============================================================
All experiments completed!
Results saved to: /scratch/users/h61084/codes/evaluating_tsfms/outputs/context_size/tasks
============================================================

############################################################
# All datasets completed!
############################################################

############################################################
# Dataset 1/1: Smart_Manufacturing/H
############################################################
Loading configuration...

============================================================
Dataset: Smart_Manufacturing/H
Model: amazon/chronos-bolt-base
Terms: ['short', 'medium', 'long']
Instance normalization: none
============================================================
Loading Chronos-Bolt model: amazon/chronos-bolt-base from /fslarge/scratch/users/h61084/weights/chronos-bolt-base...
[2026-09-27 15:30:18 UTC] resources selected_device {"device": "cuda", "model": "chronos_bolt", "stage": "forecast"}

--- Term: short ---
  Config: prediction_length=24, test_length=336, val_length=336
  Dataset info:
    - Frequency: H
    - Num series: 34
    - Target dim: 5
    - Target mode: univariate
    - Series length: min=1661, max=1667, avg=1665.9
    - Test split: 336 steps
    - Prediction length: 24
    - Windows: 14
TIME run allocation action=new run=/fslarge/scratch/users/h61084/codes/evaluating_tsfms/outputs/context_size/inference/chronos_bolt/context_length/512/univariate/Smart_Manufacturing/H/short/run_0 launch_id=selena_context_size_20260927T131553Z_36791 slurm_job_id=3584811 launched_at=2026-09-27T15:30:19.677207+00:00
  Preparing input batches from Test split data...
    Total instances to forecast: 2380
  Running predictions (Batch size: 16)...
    Processed 160/2380...
    Processed 320/2380...
    Processed 480/2380...
    Processed 640/2380...
    Processed 800/2380...
    Processed 960/2380...
    Processed 1120/2380...
    Processed 1280/2380...
    Processed 1440/2380...
    Processed 1600/2380...
    Processed 1760/2380...
    Processed 1920/2380...
    Processed 2080/2380...
    Processed 2240/2380...
TIME run allocation action=new run=/fslarge/scratch/users/h61084/codes/evaluating_tsfms/outputs/context_size/tasks/chronos_bolt/context_length/512/univariate/Smart_Manufacturing/H/short/run_0 launch_id=selena_context_size_20260927T131553Z_36791 slurm_job_id=3584811 launched_at=2026-09-27T15:30:22.460505+00:00
    Total instances: 2380, Series during experiment: 170, Windows: 14
    Collecting ground truth and context...
    Detected to_univariate case: 170 flat series -> 34 series x 5 variates
    Organizing data into arrays...
    Saved predictions (quantiles) to /fslarge/scratch/users/h61084/codes/evaluating_tsfms/outputs/context_size/tasks/chronos_bolt/context_length/512/univariate/Smart_Manufacturing/H/short/run_0/predictions.npz
    Computing per-window metrics...
    Saved metrics to /fslarge/scratch/users/h61084/codes/evaluating_tsfms/outputs/context_size/tasks/chronos_bolt/context_length/512/univariate/Smart_Manufacturing/H/short/run_0/metrics.npz
    Saved config to /fslarge/scratch/users/h61084/codes/evaluating_tsfms/outputs/context_size/tasks/chronos_bolt/context_length/512/univariate/Smart_Manufacturing/H/short/run_0/config.json
    Saved aggregate metrics to /fslarge/scratch/users/h61084/codes/evaluating_tsfms/outputs/context_size/tasks/chronos_bolt/context_length/512/univariate/Smart_Manufacturing/H/short/run_0/metrics_summary.json
    Metrics summary (averaged over all series/windows/variates):
      MSE: 79.3800
      MAE: 5.7584
      RMSE: 7.1105
      MAPE: 0.3428
      sMAPE: 0.2267
      MASE: 0.7173
      ND: 0.2186
      CRPS: 0.1679
  Output: /fslarge/scratch/users/h61084/codes/evaluating_tsfms/outputs/context_size/tasks/chronos_bolt/context_length/512/univariate/Smart_Manufacturing/H/short/run_0

--- Term: medium ---
  Config: prediction_length=168, test_length=336, val_length=336
  Dataset info:
    - Frequency: H
    - Num series: 34
    - Target dim: 5
    - Target mode: univariate
    - Series length: min=1661, max=1667, avg=1665.9
    - Test split: 336 steps
    - Prediction length: 168
    - Windows: 2
TIME run allocation action=new run=/fslarge/scratch/users/h61084/codes/evaluating_tsfms/outputs/context_size/inference/chronos_bolt/context_length/512/univariate/Smart_Manufacturing/H/medium/run_0 launch_id=selena_context_size_20260927T131553Z_36791 slurm_job_id=3584811 launched_at=2026-09-27T15:30:23.125730+00:00
  Preparing input batches from Test split data...
    Total instances to forecast: 340
  Running predictions (Batch size: 16)...
    Processed 160/340...
    Processed 320/340...
TIME run allocation action=new run=/fslarge/scratch/users/h61084/codes/evaluating_tsfms/outputs/context_size/tasks/chronos_bolt/context_length/512/univariate/Smart_Manufacturing/H/medium/run_0 launch_id=selena_context_size_20260927T131553Z_36791 slurm_job_id=3584811 launched_at=2026-09-27T15:30:25.457908+00:00
    Total instances: 340, Series during experiment: 170, Windows: 2
    Collecting ground truth and context...
    Detected to_univariate case: 170 flat series -> 34 series x 5 variates
    Organizing data into arrays...
    Saved predictions (quantiles) to /fslarge/scratch/users/h61084/codes/evaluating_tsfms/outputs/context_size/tasks/chronos_bolt/context_length/512/univariate/Smart_Manufacturing/H/medium/run_0/predictions.npz
    Computing per-window metrics...
    Saved metrics to /fslarge/scratch/users/h61084/codes/evaluating_tsfms/outputs/context_size/tasks/chronos_bolt/context_length/512/univariate/Smart_Manufacturing/H/medium/run_0/metrics.npz
    Saved config to /fslarge/scratch/users/h61084/codes/evaluating_tsfms/outputs/context_size/tasks/chronos_bolt/context_length/512/univariate/Smart_Manufacturing/H/medium/run_0/config.json
    Saved aggregate metrics to /fslarge/scratch/users/h61084/codes/evaluating_tsfms/outputs/context_size/tasks/chronos_bolt/context_length/512/univariate/Smart_Manufacturing/H/medium/run_0/metrics_summary.json
    Metrics summary (averaged over all series/windows/variates):
      MSE: 78.9517
      MAE: 5.7441
      RMSE: 7.1756
      MAPE: 0.3475
      sMAPE: 0.2262
      MASE: 0.7151
      ND: 0.2166
      CRPS: 0.1689
  Output: /fslarge/scratch/users/h61084/codes/evaluating_tsfms/outputs/context_size/tasks/chronos_bolt/context_length/512/univariate/Smart_Manufacturing/H/medium/run_0

--- Term: long ---
  Config: prediction_length=336, test_length=336, val_length=336
  Dataset info:
    - Frequency: H
    - Num series: 34
    - Target dim: 5
    - Target mode: univariate
    - Series length: min=1661, max=1667, avg=1665.9
    - Test split: 336 steps
    - Prediction length: 336
    - Windows: 1
TIME run allocation action=new run=/fslarge/scratch/users/h61084/codes/evaluating_tsfms/outputs/context_size/inference/chronos_bolt/context_length/512/univariate/Smart_Manufacturing/H/long/run_0 launch_id=selena_context_size_20260927T131553Z_36791 slurm_job_id=3584811 launched_at=2026-09-27T15:30:25.620143+00:00
  Preparing input batches from Test split data...
    Total instances to forecast: 170
  Running predictions (Batch size: 16)...
    Processed 160/170...
TIME run allocation action=new run=/fslarge/scratch/users/h61084/codes/evaluating_tsfms/outputs/context_size/tasks/chronos_bolt/context_length/512/univariate/Smart_Manufacturing/H/long/run_0 launch_id=selena_context_size_20260927T131553Z_36791 slurm_job_id=3584811 launched_at=2026-09-27T15:30:28.585177+00:00
    Total instances: 170, Series during experiment: 170, Windows: 1
    Collecting ground truth and context...
    Detected to_univariate case: 170 flat series -> 34 series x 5 variates
    Organizing data into arrays...
    Saved predictions (quantiles) to /fslarge/scratch/users/h61084/codes/evaluating_tsfms/outputs/context_size/tasks/chronos_bolt/context_length/512/univariate/Smart_Manufacturing/H/long/run_0/predictions.npz
    Computing per-window metrics...
    Saved metrics to /fslarge/scratch/users/h61084/codes/evaluating_tsfms/outputs/context_size/tasks/chronos_bolt/context_length/512/univariate/Smart_Manufacturing/H/long/run_0/metrics.npz
    Saved config to /fslarge/scratch/users/h61084/codes/evaluating_tsfms/outputs/context_size/tasks/chronos_bolt/context_length/512/univariate/Smart_Manufacturing/H/long/run_0/config.json
    Saved aggregate metrics to /fslarge/scratch/users/h61084/codes/evaluating_tsfms/outputs/context_size/tasks/chronos_bolt/context_length/512/univariate/Smart_Manufacturing/H/long/run_0/metrics_summary.json
    Metrics summary (averaged over all series/windows/variates):
      MSE: 79.0214
      MAE: 5.7432
      RMSE: 7.1869
      MAPE: 0.3511
      sMAPE: 0.2261
      MASE: 0.7145
      ND: 0.2164
      CRPS: 0.1751
  Output: /fslarge/scratch/users/h61084/codes/evaluating_tsfms/outputs/context_size/tasks/chronos_bolt/context_length/512/univariate/Smart_Manufacturing/H/long/run_0

============================================================
All experiments completed!
Results saved to: /scratch/users/h61084/codes/evaluating_tsfms/outputs/context_size/tasks
============================================================

############################################################
# All datasets completed!
############################################################

############################################################
# Dataset 1/1: MetroPT-3/5T
############################################################
Loading configuration...

============================================================
Dataset: MetroPT-3/5T
Model: amazon/chronos-bolt-base
Terms: ['short', 'medium', 'long']
Instance normalization: none
============================================================
Loading Chronos-Bolt model: amazon/chronos-bolt-base from /fslarge/scratch/users/h61084/weights/chronos-bolt-base...
[2026-09-27 15:30:37 UTC] resources selected_device {"device": "cuda", "model": "chronos_bolt", "stage": "forecast"}

--- Term: short ---
  Config: prediction_length=48, test_length=1728, val_length=1728
  Dataset info:
    - Frequency: 5T
    - Num series: 1
    - Target dim: 6
    - Target mode: univariate
    - Series length: min=17809, max=17809, avg=17809.0
    - Test split: 1728 steps
    - Prediction length: 48
    - Windows: 36
TIME run allocation action=new run=/fslarge/scratch/users/h61084/codes/evaluating_tsfms/outputs/context_size/inference/chronos_bolt/context_length/512/univariate/MetroPT-3/5T/short/run_0 launch_id=selena_context_size_20260927T131553Z_36791 slurm_job_id=3584811 launched_at=2026-09-27T15:30:37.934238+00:00
  Preparing input batches from Test split data...
    Total instances to forecast: 216
  Running predictions (Batch size: 16)...
    Processed 160/216...
TIME run allocation action=new run=/fslarge/scratch/users/h61084/codes/evaluating_tsfms/outputs/context_size/tasks/chronos_bolt/context_length/512/univariate/MetroPT-3/5T/short/run_0 launch_id=selena_context_size_20260927T131553Z_36791 slurm_job_id=3584811 launched_at=2026-09-27T15:30:38.433553+00:00
    Total instances: 216, Series during experiment: 6, Windows: 36
    Collecting ground truth and context...
    Detected to_univariate case: 6 flat series -> 1 series x 6 variates
    Organizing data into arrays...
    Saved predictions (quantiles) to /fslarge/scratch/users/h61084/codes/evaluating_tsfms/outputs/context_size/tasks/chronos_bolt/context_length/512/univariate/MetroPT-3/5T/short/run_0/predictions.npz
    Computing per-window metrics...
    Saved metrics to /fslarge/scratch/users/h61084/codes/evaluating_tsfms/outputs/context_size/tasks/chronos_bolt/context_length/512/univariate/MetroPT-3/5T/short/run_0/metrics.npz
    Saved config to /fslarge/scratch/users/h61084/codes/evaluating_tsfms/outputs/context_size/tasks/chronos_bolt/context_length/512/univariate/MetroPT-3/5T/short/run_0/config.json
    Saved aggregate metrics to /fslarge/scratch/users/h61084/codes/evaluating_tsfms/outputs/context_size/tasks/chronos_bolt/context_length/512/univariate/MetroPT-3/5T/short/run_0/metrics_summary.json
    Metrics summary (averaged over all series/windows/variates):
      MSE: 3.9458
      MAE: 1.2196
      RMSE: 1.5693
      MAPE: 5.1914
      sMAPE: 0.4977
      MASE: 0.6638
      ND: 0.3414
      CRPS: 0.2553
  Output: /fslarge/scratch/users/h61084/codes/evaluating_tsfms/outputs/context_size/tasks/chronos_bolt/context_length/512/univariate/MetroPT-3/5T/short/run_0

--- Term: medium ---
  Config: prediction_length=288, test_length=1728, val_length=1728
  Dataset info:
    - Frequency: 5T
    - Num series: 1
    - Target dim: 6
    - Target mode: univariate
    - Series length: min=17809, max=17809, avg=17809.0
    - Test split: 1728 steps
    - Prediction length: 288
    - Windows: 6
TIME run allocation action=new run=/fslarge/scratch/users/h61084/codes/evaluating_tsfms/outputs/context_size/inference/chronos_bolt/context_length/512/univariate/MetroPT-3/5T/medium/run_0 launch_id=selena_context_size_20260927T131553Z_36791 slurm_job_id=3584811 launched_at=2026-09-27T15:30:38.557371+00:00
  Preparing input batches from Test split data...
    Total instances to forecast: 36
  Running predictions (Batch size: 16)...
TIME run allocation action=new run=/fslarge/scratch/users/h61084/codes/evaluating_tsfms/outputs/context_size/tasks/chronos_bolt/context_length/512/univariate/MetroPT-3/5T/medium/run_0 launch_id=selena_context_size_20260927T131553Z_36791 slurm_job_id=3584811 launched_at=2026-09-27T15:30:39.143592+00:00
    Total instances: 36, Series during experiment: 6, Windows: 6
    Collecting ground truth and context...
    Detected to_univariate case: 6 flat series -> 1 series x 6 variates
    Organizing data into arrays...
    Saved predictions (quantiles) to /fslarge/scratch/users/h61084/codes/evaluating_tsfms/outputs/context_size/tasks/chronos_bolt/context_length/512/univariate/MetroPT-3/5T/medium/run_0/predictions.npz
    Computing per-window metrics...
    Saved metrics to /fslarge/scratch/users/h61084/codes/evaluating_tsfms/outputs/context_size/tasks/chronos_bolt/context_length/512/univariate/MetroPT-3/5T/medium/run_0/metrics.npz
    Saved config to /fslarge/scratch/users/h61084/codes/evaluating_tsfms/outputs/context_size/tasks/chronos_bolt/context_length/512/univariate/MetroPT-3/5T/medium/run_0/config.json
    Saved aggregate metrics to /fslarge/scratch/users/h61084/codes/evaluating_tsfms/outputs/context_size/tasks/chronos_bolt/context_length/512/univariate/MetroPT-3/5T/medium/run_0/metrics_summary.json
    Metrics summary (averaged over all series/windows/variates):
      MSE: 4.2097
      MAE: 1.2561
      RMSE: 1.6180
      MAPE: 6.6829
      sMAPE: 0.4859
      MASE: 0.7043
      ND: 0.3463
      CRPS: 0.2646
  Output: /fslarge/scratch/users/h61084/codes/evaluating_tsfms/outputs/context_size/tasks/chronos_bolt/context_length/512/univariate/MetroPT-3/5T/medium/run_0

--- Term: long ---
  Config: prediction_length=576, test_length=1728, val_length=1728
  Dataset info:
    - Frequency: 5T
    - Num series: 1
    - Target dim: 6
    - Target mode: univariate
    - Series length: min=17809, max=17809, avg=17809.0
    - Test split: 1728 steps
    - Prediction length: 576
    - Windows: 3
TIME run allocation action=new run=/fslarge/scratch/users/h61084/codes/evaluating_tsfms/outputs/context_size/inference/chronos_bolt/context_length/512/univariate/MetroPT-3/5T/long/run_0 launch_id=selena_context_size_20260927T131553Z_36791 slurm_job_id=3584811 launched_at=2026-09-27T15:30:39.211889+00:00
  Preparing input batches from Test split data...
    Total instances to forecast: 18
  Running predictions (Batch size: 16)...
TIME run allocation action=new run=/fslarge/scratch/users/h61084/codes/evaluating_tsfms/outputs/context_size/tasks/chronos_bolt/context_length/512/univariate/MetroPT-3/5T/long/run_0 launch_id=selena_context_size_20260927T131553Z_36791 slurm_job_id=3584811 launched_at=2026-09-27T15:30:39.873561+00:00
    Total instances: 18, Series during experiment: 6, Windows: 3
    Collecting ground truth and context...
    Detected to_univariate case: 6 flat series -> 1 series x 6 variates
    Organizing data into arrays...
    Saved predictions (quantiles) to /fslarge/scratch/users/h61084/codes/evaluating_tsfms/outputs/context_size/tasks/chronos_bolt/context_length/512/univariate/MetroPT-3/5T/long/run_0/predictions.npz
    Computing per-window metrics...
    Saved metrics to /fslarge/scratch/users/h61084/codes/evaluating_tsfms/outputs/context_size/tasks/chronos_bolt/context_length/512/univariate/MetroPT-3/5T/long/run_0/metrics.npz
    Saved config to /fslarge/scratch/users/h61084/codes/evaluating_tsfms/outputs/context_size/tasks/chronos_bolt/context_length/512/univariate/MetroPT-3/5T/long/run_0/config.json
    Saved aggregate metrics to /fslarge/scratch/users/h61084/codes/evaluating_tsfms/outputs/context_size/tasks/chronos_bolt/context_length/512/univariate/MetroPT-3/5T/long/run_0/metrics_summary.json
    Metrics summary (averaged over all series/windows/variates):
      MSE: 3.6646
      MAE: 1.2045
      RMSE: 1.5666
      MAPE: 6.0297
      sMAPE: 0.4896
      MASE: 0.6994
      ND: 0.3447
      CRPS: 0.2819
  Output: /fslarge/scratch/users/h61084/codes/evaluating_tsfms/outputs/context_size/tasks/chronos_bolt/context_length/512/univariate/MetroPT-3/5T/long/run_0

============================================================
All experiments completed!
Results saved to: /scratch/users/h61084/codes/evaluating_tsfms/outputs/context_size/tasks
============================================================

############################################################
# All datasets completed!
############################################################
2026-09-27 17:30:40 | task model=chronos_bolt runner=run_chronos_bolt.sh environment=uv covariate_mode=none target_mode=auto context_length=512 instance_normalization=none completed status=success
2026-09-27 17:30:40 | stage evaluate completed status=success
2026-09-27 17:30:40 | workflow context_size completed status=success exit_code=0
