[2026-09-27 15:10:21 UTC] resources allocation {"CUDA_VISIBLE_DEVICES": "0", "SLURM_CPUS_PER_TASK": "8", "SLURM_JOB_GPUS": "0,1,2,3", "SLURM_JOB_ID": "3584826", "SLURM_MEM_PER_CPU": "unset", "SLURM_MEM_PER_NODE": "80000", "SLURM_STEP_GPUS": "0", "SLURM_STEP_ID": "0", "TIME_DEVICE": "unset", "cpu_count": 8, "host": "sean0002"}
[2026-09-27 15:10:21 UTC] resources RAM {"MemAvailable_MiB": 371838.75, "MemTotal_MiB": 386622.87109375, "cgroup_reason": "memory.max is unlimited", "cgroup_status": "unlimited"}
[2026-09-27 15:10:21 UTC] resources nvidia_inventory {"columns": "index,uuid,name,driver,total_MiB,free_MiB,used_MiB", "devices": ["0, GPU-bba3a23f-18bb-dc1e-ae14-b380837a9165, NVIDIA H100 NVL, 560.35.05, 95830, 95350, 1"]}
[2026-09-27 15:10:26 UTC] resources torch {"cuda_available": true, "note": "visibility probe; CPU-only stages need not use an allocated GPU", "version": "2.9.1+cu128", "visible_gpu_count": 1}
[2026-09-27 15:10:26 UTC] resources cuda_device {"capability": "9.0", "free_MiB": 94825.125, "logical_index": 0, "name": "NVIDIA H100 NVL", "total_MiB": 95350.1875}
2026-09-27 17:10:27 | workflow instance_normalization started launch_id=selena_instance_normalization_20260927T131553Z_36892 task=chronos_bolt slurm_job_id=3584826 slurm_array_job_id=none slurm_array_task_id=none
2026-09-27 17:10:27 | stage evaluate started
2026-09-27 17:10:27 | task model=chronos_bolt runner=run_chronos_bolt.sh environment=uv covariate_mode=none target_mode=auto context_length=model_default instance_normalization=zscore started
[2026-09-27 17:10:27] TIME runner: run_chronos_bolt.sh
[2026-09-27 17:10:27] datasets: /scratch/users/h61084/datasets/hf_dataset
[2026-09-27 17:10:27] weights: /scratch/users/h61084/weights
[2026-09-27 17:10:27] outputs: /scratch/users/h61084/codes/evaluating_tsfms/outputs
[2026-09-27 17:10:27] covariate mode: none
[2026-09-27 17:10:27] target mode: auto
[2026-09-27 17:10:27] context length: model_default
[2026-09-27 17:10:27] instance normalization: zscore

############################################################
# Dataset 1/1: Water_Quality_Darwin/15T
############################################################
Loading configuration...

============================================================
Dataset: Water_Quality_Darwin/15T
Model: amazon/chronos-bolt-base
Terms: ['short', 'medium', 'long']
Instance normalization: zscore
============================================================
Loading Chronos-Bolt model: amazon/chronos-bolt-base from /fslarge/scratch/users/h61084/weights/chronos-bolt-base...
[2026-09-27 15:10:42 UTC] resources selected_device {"device": "cuda", "model": "chronos_bolt", "stage": "forecast"}

--- Term: short ---
  Config: prediction_length=16, test_length=1440, val_length=1440
  Dataset info:
    - Frequency: 15T
    - Num series: 7
    - Target dim: 6
    - Target mode: univariate
    - Series length: min=8662, max=18985, avg=15229.4
    - Test split: 1440 steps
    - Prediction length: 16
    - Windows: 90
TIME run allocation action=skip run=/fslarge/scratch/users/h61084/codes/evaluating_tsfms/outputs/instance_normalization/inference/chronos_bolt/normalization/zscore/univariate/Water_Quality_Darwin/15T/short/run_0 source_launch=selena_instance_normalization_20260927T131553Z_36892 launch_id=selena_instance_normalization_20260927T131553Z_36892 slurm_job_id=3584826 launched_at=2026-09-27T15:10:43.819041+00:00
TIME run allocation action=skip run=/fslarge/scratch/users/h61084/codes/evaluating_tsfms/outputs/instance_normalization/tasks/chronos_bolt/normalization/zscore/univariate/Water_Quality_Darwin/15T/short/run_0 source_launch=selena_instance_normalization_20260927T131553Z_36892 launch_id=selena_instance_normalization_20260927T131553Z_36892 slurm_job_id=3584826 launched_at=2026-09-27T15:10:43.840518+00:00
  Reused raw inference: /fslarge/scratch/users/h61084/codes/evaluating_tsfms/outputs/instance_normalization/inference/chronos_bolt/normalization/zscore/univariate/Water_Quality_Darwin/15T/short/run_0

--- Term: medium ---
  Config: prediction_length=96, test_length=1440, val_length=1440
  Dataset info:
    - Frequency: 15T
    - Num series: 7
    - Target dim: 6
    - Target mode: univariate
    - Series length: min=8662, max=18985, avg=15229.4
    - Test split: 1440 steps
    - Prediction length: 96
    - Windows: 15
TIME run allocation action=skip run=/fslarge/scratch/users/h61084/codes/evaluating_tsfms/outputs/instance_normalization/inference/chronos_bolt/normalization/zscore/univariate/Water_Quality_Darwin/15T/medium/run_0 source_launch=selena_instance_normalization_20260927T131553Z_36892 launch_id=selena_instance_normalization_20260927T131553Z_36892 slurm_job_id=3584826 launched_at=2026-09-27T15:10:43.875049+00:00
TIME run allocation action=skip run=/fslarge/scratch/users/h61084/codes/evaluating_tsfms/outputs/instance_normalization/tasks/chronos_bolt/normalization/zscore/univariate/Water_Quality_Darwin/15T/medium/run_0 source_launch=selena_instance_normalization_20260927T131553Z_36892 launch_id=selena_instance_normalization_20260927T131553Z_36892 slurm_job_id=3584826 launched_at=2026-09-27T15:10:43.893628+00:00
  Reused raw inference: /fslarge/scratch/users/h61084/codes/evaluating_tsfms/outputs/instance_normalization/inference/chronos_bolt/normalization/zscore/univariate/Water_Quality_Darwin/15T/medium/run_0

--- Term: long ---
  Config: prediction_length=288, test_length=1440, val_length=1440
  Dataset info:
    - Frequency: 15T
    - Num series: 7
    - Target dim: 6
    - Target mode: univariate
    - Series length: min=8662, max=18985, avg=15229.4
    - Test split: 1440 steps
    - Prediction length: 288
    - Windows: 5
TIME run allocation action=skip run=/fslarge/scratch/users/h61084/codes/evaluating_tsfms/outputs/instance_normalization/inference/chronos_bolt/normalization/zscore/univariate/Water_Quality_Darwin/15T/long/run_0 source_launch=selena_instance_normalization_20260927T131553Z_36892 launch_id=selena_instance_normalization_20260927T131553Z_36892 slurm_job_id=3584826 launched_at=2026-09-27T15:10:43.926318+00:00
TIME run allocation action=skip run=/fslarge/scratch/users/h61084/codes/evaluating_tsfms/outputs/instance_normalization/tasks/chronos_bolt/normalization/zscore/univariate/Water_Quality_Darwin/15T/long/run_0 source_launch=selena_instance_normalization_20260927T131553Z_36892 launch_id=selena_instance_normalization_20260927T131553Z_36892 slurm_job_id=3584826 launched_at=2026-09-27T15:10:43.944039+00:00
  Reused raw inference: /fslarge/scratch/users/h61084/codes/evaluating_tsfms/outputs/instance_normalization/inference/chronos_bolt/normalization/zscore/univariate/Water_Quality_Darwin/15T/long/run_0

============================================================
All experiments completed!
Results saved to: /scratch/users/h61084/codes/evaluating_tsfms/outputs/instance_normalization/tasks
============================================================

############################################################
# All datasets completed!
############################################################

############################################################
# Dataset 1/1: current_velocity/5T
############################################################
Loading configuration...

============================================================
Dataset: current_velocity/5T
Model: amazon/chronos-bolt-base
Terms: ['short', 'medium', 'long']
Instance normalization: zscore
============================================================
Loading Chronos-Bolt model: amazon/chronos-bolt-base from /fslarge/scratch/users/h61084/weights/chronos-bolt-base...
[2026-09-27 15:10:52 UTC] resources selected_device {"device": "cuda", "model": "chronos_bolt", "stage": "forecast"}

--- Term: short ---
  Config: prediction_length=36, test_length=4320, val_length=4320
  Dataset info:
    - Frequency: 5T
    - Num series: 1
    - Target dim: 6
    - Target mode: univariate
    - Series length: min=26486, max=26486, avg=26486.0
    - Test split: 4320 steps
    - Prediction length: 36
    - Windows: 120
TIME run allocation action=skip run=/fslarge/scratch/users/h61084/codes/evaluating_tsfms/outputs/instance_normalization/inference/chronos_bolt/normalization/zscore/univariate/current_velocity/5T/short/run_0 source_launch=selena_instance_normalization_20260927T131553Z_36892 launch_id=selena_instance_normalization_20260927T131553Z_36892 slurm_job_id=3584826 launched_at=2026-09-27T15:10:53.122118+00:00
TIME run allocation action=skip run=/fslarge/scratch/users/h61084/codes/evaluating_tsfms/outputs/instance_normalization/tasks/chronos_bolt/normalization/zscore/univariate/current_velocity/5T/short/run_0 source_launch=selena_instance_normalization_20260927T131553Z_36892 launch_id=selena_instance_normalization_20260927T131553Z_36892 slurm_job_id=3584826 launched_at=2026-09-27T15:10:53.135475+00:00
  Reused raw inference: /fslarge/scratch/users/h61084/codes/evaluating_tsfms/outputs/instance_normalization/inference/chronos_bolt/normalization/zscore/univariate/current_velocity/5T/short/run_0

--- Term: medium ---
  Config: prediction_length=288, test_length=4320, val_length=4320
  Dataset info:
    - Frequency: 5T
    - Num series: 1
    - Target dim: 6
    - Target mode: univariate
    - Series length: min=26486, max=26486, avg=26486.0
    - Test split: 4320 steps
    - Prediction length: 288
    - Windows: 15
TIME run allocation action=skip run=/fslarge/scratch/users/h61084/codes/evaluating_tsfms/outputs/instance_normalization/inference/chronos_bolt/normalization/zscore/univariate/current_velocity/5T/medium/run_0 source_launch=selena_instance_normalization_20260927T131553Z_36892 launch_id=selena_instance_normalization_20260927T131553Z_36892 slurm_job_id=3584826 launched_at=2026-09-27T15:10:53.182419+00:00
TIME run allocation action=skip run=/fslarge/scratch/users/h61084/codes/evaluating_tsfms/outputs/instance_normalization/tasks/chronos_bolt/normalization/zscore/univariate/current_velocity/5T/medium/run_0 source_launch=selena_instance_normalization_20260927T131553Z_36892 launch_id=selena_instance_normalization_20260927T131553Z_36892 slurm_job_id=3584826 launched_at=2026-09-27T15:10:53.194780+00:00
  Reused raw inference: /fslarge/scratch/users/h61084/codes/evaluating_tsfms/outputs/instance_normalization/inference/chronos_bolt/normalization/zscore/univariate/current_velocity/5T/medium/run_0

--- Term: long ---
  Config: prediction_length=864, test_length=4320, val_length=4320
  Dataset info:
    - Frequency: 5T
    - Num series: 1
    - Target dim: 6
    - Target mode: univariate
    - Series length: min=26486, max=26486, avg=26486.0
    - Test split: 4320 steps
    - Prediction length: 864
    - Windows: 5
TIME run allocation action=skip run=/fslarge/scratch/users/h61084/codes/evaluating_tsfms/outputs/instance_normalization/inference/chronos_bolt/normalization/zscore/univariate/current_velocity/5T/long/run_0 source_launch=selena_instance_normalization_20260927T131553Z_36892 launch_id=selena_instance_normalization_20260927T131553Z_36892 slurm_job_id=3584826 launched_at=2026-09-27T15:10:53.239507+00:00
TIME run allocation action=skip run=/fslarge/scratch/users/h61084/codes/evaluating_tsfms/outputs/instance_normalization/tasks/chronos_bolt/normalization/zscore/univariate/current_velocity/5T/long/run_0 source_launch=selena_instance_normalization_20260927T131553Z_36892 launch_id=selena_instance_normalization_20260927T131553Z_36892 slurm_job_id=3584826 launched_at=2026-09-27T15:10:53.251915+00:00
  Reused raw inference: /fslarge/scratch/users/h61084/codes/evaluating_tsfms/outputs/instance_normalization/inference/chronos_bolt/normalization/zscore/univariate/current_velocity/5T/long/run_0

============================================================
All experiments completed!
Results saved to: /scratch/users/h61084/codes/evaluating_tsfms/outputs/instance_normalization/tasks
============================================================

############################################################
# All datasets completed!
############################################################

############################################################
# Dataset 1/1: current_velocity/10T
############################################################
Loading configuration...

============================================================
Dataset: current_velocity/10T
Model: amazon/chronos-bolt-base
Terms: ['short', 'medium', 'long']
Instance normalization: zscore
============================================================
Loading Chronos-Bolt model: amazon/chronos-bolt-base from /fslarge/scratch/users/h61084/weights/chronos-bolt-base...
[2026-09-27 15:11:01 UTC] resources selected_device {"device": "cuda", "model": "chronos_bolt", "stage": "forecast"}

--- Term: short ---
  Config: prediction_length=18, test_length=2160, val_length=2160
  Dataset info:
    - Frequency: 10T
    - Num series: 10
    - Target dim: 6
    - Target mode: univariate
    - Series length: min=7481, max=31957, avg=20668.5
    - Test split: 2160 steps
    - Prediction length: 18
    - Windows: 120
TIME run allocation action=skip run=/fslarge/scratch/users/h61084/codes/evaluating_tsfms/outputs/instance_normalization/inference/chronos_bolt/normalization/zscore/univariate/current_velocity/10T/short/run_0 source_launch=selena_instance_normalization_20260927T131553Z_36892 launch_id=selena_instance_normalization_20260927T131553Z_36892 slurm_job_id=3584826 launched_at=2026-09-27T15:11:02.525657+00:00
TIME run allocation action=skip run=/fslarge/scratch/users/h61084/codes/evaluating_tsfms/outputs/instance_normalization/tasks/chronos_bolt/normalization/zscore/univariate/current_velocity/10T/short/run_0 source_launch=selena_instance_normalization_20260927T131553Z_36892 launch_id=selena_instance_normalization_20260927T131553Z_36892 slurm_job_id=3584826 launched_at=2026-09-27T15:11:02.558216+00:00
  Reused raw inference: /fslarge/scratch/users/h61084/codes/evaluating_tsfms/outputs/instance_normalization/inference/chronos_bolt/normalization/zscore/univariate/current_velocity/10T/short/run_0

--- Term: medium ---
  Config: prediction_length=144, test_length=2160, val_length=2160
  Dataset info:
    - Frequency: 10T
    - Num series: 10
    - Target dim: 6
    - Target mode: univariate
    - Series length: min=7481, max=31957, avg=20668.5
    - Test split: 2160 steps
    - Prediction length: 144
    - Windows: 15
TIME run allocation action=skip run=/fslarge/scratch/users/h61084/codes/evaluating_tsfms/outputs/instance_normalization/inference/chronos_bolt/normalization/zscore/univariate/current_velocity/10T/medium/run_0 source_launch=selena_instance_normalization_20260927T131553Z_36892 launch_id=selena_instance_normalization_20260927T131553Z_36892 slurm_job_id=3584826 launched_at=2026-09-27T15:11:02.608306+00:00
TIME run allocation action=skip run=/fslarge/scratch/users/h61084/codes/evaluating_tsfms/outputs/instance_normalization/tasks/chronos_bolt/normalization/zscore/univariate/current_velocity/10T/medium/run_0 source_launch=selena_instance_normalization_20260927T131553Z_36892 launch_id=selena_instance_normalization_20260927T131553Z_36892 slurm_job_id=3584826 launched_at=2026-09-27T15:11:02.639850+00:00
  Reused raw inference: /fslarge/scratch/users/h61084/codes/evaluating_tsfms/outputs/instance_normalization/inference/chronos_bolt/normalization/zscore/univariate/current_velocity/10T/medium/run_0

--- Term: long ---
  Config: prediction_length=432, test_length=2160, val_length=2160
  Dataset info:
    - Frequency: 10T
    - Num series: 10
    - Target dim: 6
    - Target mode: univariate
    - Series length: min=7481, max=31957, avg=20668.5
    - Test split: 2160 steps
    - Prediction length: 432
    - Windows: 5
TIME run allocation action=skip run=/fslarge/scratch/users/h61084/codes/evaluating_tsfms/outputs/instance_normalization/inference/chronos_bolt/normalization/zscore/univariate/current_velocity/10T/long/run_0 source_launch=selena_instance_normalization_20260927T131553Z_36892 launch_id=selena_instance_normalization_20260927T131553Z_36892 slurm_job_id=3584826 launched_at=2026-09-27T15:11:02.687063+00:00
TIME run allocation action=skip run=/fslarge/scratch/users/h61084/codes/evaluating_tsfms/outputs/instance_normalization/tasks/chronos_bolt/normalization/zscore/univariate/current_velocity/10T/long/run_0 source_launch=selena_instance_normalization_20260927T131553Z_36892 launch_id=selena_instance_normalization_20260927T131553Z_36892 slurm_job_id=3584826 launched_at=2026-09-27T15:11:02.718459+00:00
  Reused raw inference: /fslarge/scratch/users/h61084/codes/evaluating_tsfms/outputs/instance_normalization/inference/chronos_bolt/normalization/zscore/univariate/current_velocity/10T/long/run_0

============================================================
All experiments completed!
Results saved to: /scratch/users/h61084/codes/evaluating_tsfms/outputs/instance_normalization/tasks
============================================================

############################################################
# All datasets completed!
############################################################

############################################################
# Dataset 1/1: current_velocity/15T
############################################################
Loading configuration...

============================================================
Dataset: current_velocity/15T
Model: amazon/chronos-bolt-base
Terms: ['short', 'medium', 'long']
Instance normalization: zscore
============================================================
Loading Chronos-Bolt model: amazon/chronos-bolt-base from /fslarge/scratch/users/h61084/weights/chronos-bolt-base...
[2026-09-27 15:11:11 UTC] resources selected_device {"device": "cuda", "model": "chronos_bolt", "stage": "forecast"}

--- Term: short ---
  Config: prediction_length=12, test_length=1440, val_length=1440
  Dataset info:
    - Frequency: 15T
    - Num series: 5
    - Target dim: 6
    - Target mode: univariate
    - Series length: min=3710, max=17953, avg=8503.2
    - Test split: 1440 steps
    - Prediction length: 12
    - Windows: 120
TIME run allocation action=skip run=/fslarge/scratch/users/h61084/codes/evaluating_tsfms/outputs/instance_normalization/inference/chronos_bolt/normalization/zscore/univariate/current_velocity/15T/short/run_0 source_launch=selena_instance_normalization_20260927T131553Z_36892 launch_id=selena_instance_normalization_20260927T131553Z_36892 slurm_job_id=3584826 launched_at=2026-09-27T15:11:12.325726+00:00
TIME run allocation action=skip run=/fslarge/scratch/users/h61084/codes/evaluating_tsfms/outputs/instance_normalization/tasks/chronos_bolt/normalization/zscore/univariate/current_velocity/15T/short/run_0 source_launch=selena_instance_normalization_20260927T131553Z_36892 launch_id=selena_instance_normalization_20260927T131553Z_36892 slurm_job_id=3584826 launched_at=2026-09-27T15:11:12.341938+00:00
  Reused raw inference: /fslarge/scratch/users/h61084/codes/evaluating_tsfms/outputs/instance_normalization/inference/chronos_bolt/normalization/zscore/univariate/current_velocity/15T/short/run_0

--- Term: medium ---
  Config: prediction_length=96, test_length=1440, val_length=1440
  Dataset info:
    - Frequency: 15T
    - Num series: 5
    - Target dim: 6
    - Target mode: univariate
    - Series length: min=3710, max=17953, avg=8503.2
    - Test split: 1440 steps
    - Prediction length: 96
    - Windows: 15
TIME run allocation action=skip run=/fslarge/scratch/users/h61084/codes/evaluating_tsfms/outputs/instance_normalization/inference/chronos_bolt/normalization/zscore/univariate/current_velocity/15T/medium/run_0 source_launch=selena_instance_normalization_20260927T131553Z_36892 launch_id=selena_instance_normalization_20260927T131553Z_36892 slurm_job_id=3584826 launched_at=2026-09-27T15:11:12.376689+00:00
TIME run allocation action=skip run=/fslarge/scratch/users/h61084/codes/evaluating_tsfms/outputs/instance_normalization/tasks/chronos_bolt/normalization/zscore/univariate/current_velocity/15T/medium/run_0 source_launch=selena_instance_normalization_20260927T131553Z_36892 launch_id=selena_instance_normalization_20260927T131553Z_36892 slurm_job_id=3584826 launched_at=2026-09-27T15:11:12.391986+00:00
  Reused raw inference: /fslarge/scratch/users/h61084/codes/evaluating_tsfms/outputs/instance_normalization/inference/chronos_bolt/normalization/zscore/univariate/current_velocity/15T/medium/run_0

--- Term: long ---
  Config: prediction_length=288, test_length=1440, val_length=1440
  Dataset info:
    - Frequency: 15T
    - Num series: 5
    - Target dim: 6
    - Target mode: univariate
    - Series length: min=3710, max=17953, avg=8503.2
    - Test split: 1440 steps
    - Prediction length: 288
    - Windows: 5
TIME run allocation action=skip run=/fslarge/scratch/users/h61084/codes/evaluating_tsfms/outputs/instance_normalization/inference/chronos_bolt/normalization/zscore/univariate/current_velocity/15T/long/run_0 source_launch=selena_instance_normalization_20260927T131553Z_36892 launch_id=selena_instance_normalization_20260927T131553Z_36892 slurm_job_id=3584826 launched_at=2026-09-27T15:11:12.424711+00:00
TIME run allocation action=skip run=/fslarge/scratch/users/h61084/codes/evaluating_tsfms/outputs/instance_normalization/tasks/chronos_bolt/normalization/zscore/univariate/current_velocity/15T/long/run_0 source_launch=selena_instance_normalization_20260927T131553Z_36892 launch_id=selena_instance_normalization_20260927T131553Z_36892 slurm_job_id=3584826 launched_at=2026-09-27T15:11:12.439380+00:00
  Reused raw inference: /fslarge/scratch/users/h61084/codes/evaluating_tsfms/outputs/instance_normalization/inference/chronos_bolt/normalization/zscore/univariate/current_velocity/15T/long/run_0

============================================================
All experiments completed!
Results saved to: /scratch/users/h61084/codes/evaluating_tsfms/outputs/instance_normalization/tasks
============================================================

############################################################
# All datasets completed!
############################################################

############################################################
# Dataset 1/1: current_velocity/20T
############################################################
Loading configuration...

============================================================
Dataset: current_velocity/20T
Model: amazon/chronos-bolt-base
Terms: ['short', 'medium', 'long']
Instance normalization: zscore
============================================================
Loading Chronos-Bolt model: amazon/chronos-bolt-base from /fslarge/scratch/users/h61084/weights/chronos-bolt-base...
[2026-09-27 15:11:20 UTC] resources selected_device {"device": "cuda", "model": "chronos_bolt", "stage": "forecast"}

--- Term: short ---
  Config: prediction_length=9, test_length=1080, val_length=1080
  Dataset info:
    - Frequency: 20T
    - Num series: 27
    - Target dim: 6
    - Target mode: univariate
    - Series length: min=2529, max=16759, avg=6460.2
    - Test split: 1080 steps
    - Prediction length: 9
    - Windows: 120
TIME run allocation action=skip run=/fslarge/scratch/users/h61084/codes/evaluating_tsfms/outputs/instance_normalization/inference/chronos_bolt/normalization/zscore/univariate/current_velocity/20T/short/run_0 source_launch=selena_instance_normalization_20260927T131553Z_36892 launch_id=selena_instance_normalization_20260927T131553Z_36892 slurm_job_id=3584826 launched_at=2026-09-27T15:11:21.589750+00:00
TIME run allocation action=skip run=/fslarge/scratch/users/h61084/codes/evaluating_tsfms/outputs/instance_normalization/tasks/chronos_bolt/normalization/zscore/univariate/current_velocity/20T/short/run_0 source_launch=selena_instance_normalization_20260927T131553Z_36892 launch_id=selena_instance_normalization_20260927T131553Z_36892 slurm_job_id=3584826 launched_at=2026-09-27T15:11:21.631119+00:00
  Reused raw inference: /fslarge/scratch/users/h61084/codes/evaluating_tsfms/outputs/instance_normalization/inference/chronos_bolt/normalization/zscore/univariate/current_velocity/20T/short/run_0

--- Term: medium ---
  Config: prediction_length=72, test_length=1080, val_length=1080
  Dataset info:
    - Frequency: 20T
    - Num series: 27
    - Target dim: 6
    - Target mode: univariate
    - Series length: min=2529, max=16759, avg=6460.2
    - Test split: 1080 steps
    - Prediction length: 72
    - Windows: 15
TIME run allocation action=skip run=/fslarge/scratch/users/h61084/codes/evaluating_tsfms/outputs/instance_normalization/inference/chronos_bolt/normalization/zscore/univariate/current_velocity/20T/medium/run_0 source_launch=selena_instance_normalization_20260927T131553Z_36892 launch_id=selena_instance_normalization_20260927T131553Z_36892 slurm_job_id=3584826 launched_at=2026-09-27T15:11:21.650382+00:00
TIME run allocation action=skip run=/fslarge/scratch/users/h61084/codes/evaluating_tsfms/outputs/instance_normalization/tasks/chronos_bolt/normalization/zscore/univariate/current_velocity/20T/medium/run_0 source_launch=selena_instance_normalization_20260927T131553Z_36892 launch_id=selena_instance_normalization_20260927T131553Z_36892 slurm_job_id=3584826 launched_at=2026-09-27T15:11:21.690780+00:00
  Reused raw inference: /fslarge/scratch/users/h61084/codes/evaluating_tsfms/outputs/instance_normalization/inference/chronos_bolt/normalization/zscore/univariate/current_velocity/20T/medium/run_0

--- Term: long ---
  Config: prediction_length=216, test_length=1080, val_length=1080
  Dataset info:
    - Frequency: 20T
    - Num series: 27
    - Target dim: 6
    - Target mode: univariate
    - Series length: min=2529, max=16759, avg=6460.2
    - Test split: 1080 steps
    - Prediction length: 216
    - Windows: 5
TIME run allocation action=skip run=/fslarge/scratch/users/h61084/codes/evaluating_tsfms/outputs/instance_normalization/inference/chronos_bolt/normalization/zscore/univariate/current_velocity/20T/long/run_0 source_launch=selena_instance_normalization_20260927T131553Z_36892 launch_id=selena_instance_normalization_20260927T131553Z_36892 slurm_job_id=3584826 launched_at=2026-09-27T15:11:21.709440+00:00
TIME run allocation action=skip run=/fslarge/scratch/users/h61084/codes/evaluating_tsfms/outputs/instance_normalization/tasks/chronos_bolt/normalization/zscore/univariate/current_velocity/20T/long/run_0 source_launch=selena_instance_normalization_20260927T131553Z_36892 launch_id=selena_instance_normalization_20260927T131553Z_36892 slurm_job_id=3584826 launched_at=2026-09-27T15:11:21.759087+00:00
  Reused raw inference: /fslarge/scratch/users/h61084/codes/evaluating_tsfms/outputs/instance_normalization/inference/chronos_bolt/normalization/zscore/univariate/current_velocity/20T/long/run_0

============================================================
All experiments completed!
Results saved to: /scratch/users/h61084/codes/evaluating_tsfms/outputs/instance_normalization/tasks
============================================================

############################################################
# All datasets completed!
############################################################

############################################################
# Dataset 1/1: current_velocity/H
############################################################
Loading configuration...

============================================================
Dataset: current_velocity/H
Model: amazon/chronos-bolt-base
Terms: ['short', 'medium', 'long']
Instance normalization: zscore
============================================================
Loading Chronos-Bolt model: amazon/chronos-bolt-base from /fslarge/scratch/users/h61084/weights/chronos-bolt-base...
[2026-09-27 15:11:30 UTC] resources selected_device {"device": "cuda", "model": "chronos_bolt", "stage": "forecast"}

--- Term: short ---
  Config: prediction_length=24, test_length=672, val_length=672
  Dataset info:
    - Frequency: H
    - Num series: 21
    - Target dim: 6
    - Target mode: univariate
    - Series length: min=2208, max=5587, avg=3502.3
    - Test split: 672 steps
    - Prediction length: 24
    - Windows: 28
TIME run allocation action=skip run=/fslarge/scratch/users/h61084/codes/evaluating_tsfms/outputs/instance_normalization/inference/chronos_bolt/normalization/zscore/univariate/current_velocity/H/short/run_0 source_launch=selena_instance_normalization_20260927T131553Z_36892 launch_id=selena_instance_normalization_20260927T131553Z_36892 slurm_job_id=3584826 launched_at=2026-09-27T15:11:30.860276+00:00
TIME run allocation action=skip run=/fslarge/scratch/users/h61084/codes/evaluating_tsfms/outputs/instance_normalization/tasks/chronos_bolt/normalization/zscore/univariate/current_velocity/H/short/run_0 source_launch=selena_instance_normalization_20260927T131553Z_36892 launch_id=selena_instance_normalization_20260927T131553Z_36892 slurm_job_id=3584826 launched_at=2026-09-27T15:11:30.886280+00:00
  Reused raw inference: /fslarge/scratch/users/h61084/codes/evaluating_tsfms/outputs/instance_normalization/inference/chronos_bolt/normalization/zscore/univariate/current_velocity/H/short/run_0

--- Term: medium ---
  Config: prediction_length=168, test_length=672, val_length=672
  Dataset info:
    - Frequency: H
    - Num series: 21
    - Target dim: 6
    - Target mode: univariate
    - Series length: min=2208, max=5587, avg=3502.3
    - Test split: 672 steps
    - Prediction length: 168
    - Windows: 4
TIME run allocation action=skip run=/fslarge/scratch/users/h61084/codes/evaluating_tsfms/outputs/instance_normalization/inference/chronos_bolt/normalization/zscore/univariate/current_velocity/H/medium/run_0 source_launch=selena_instance_normalization_20260927T131553Z_36892 launch_id=selena_instance_normalization_20260927T131553Z_36892 slurm_job_id=3584826 launched_at=2026-09-27T15:11:30.905957+00:00
TIME run allocation action=skip run=/fslarge/scratch/users/h61084/codes/evaluating_tsfms/outputs/instance_normalization/tasks/chronos_bolt/normalization/zscore/univariate/current_velocity/H/medium/run_0 source_launch=selena_instance_normalization_20260927T131553Z_36892 launch_id=selena_instance_normalization_20260927T131553Z_36892 slurm_job_id=3584826 launched_at=2026-09-27T15:11:30.928589+00:00
  Reused raw inference: /fslarge/scratch/users/h61084/codes/evaluating_tsfms/outputs/instance_normalization/inference/chronos_bolt/normalization/zscore/univariate/current_velocity/H/medium/run_0

--- Term: long ---
  Config: prediction_length=336, test_length=672, val_length=672
  Dataset info:
    - Frequency: H
    - Num series: 21
    - Target dim: 6
    - Target mode: univariate
    - Series length: min=2208, max=5587, avg=3502.3
    - Test split: 672 steps
    - Prediction length: 336
    - Windows: 2
TIME run allocation action=skip run=/fslarge/scratch/users/h61084/codes/evaluating_tsfms/outputs/instance_normalization/inference/chronos_bolt/normalization/zscore/univariate/current_velocity/H/long/run_0 source_launch=selena_instance_normalization_20260927T131553Z_36892 launch_id=selena_instance_normalization_20260927T131553Z_36892 slurm_job_id=3584826 launched_at=2026-09-27T15:11:30.947530+00:00
TIME run allocation action=skip run=/fslarge/scratch/users/h61084/codes/evaluating_tsfms/outputs/instance_normalization/tasks/chronos_bolt/normalization/zscore/univariate/current_velocity/H/long/run_0 source_launch=selena_instance_normalization_20260927T131553Z_36892 launch_id=selena_instance_normalization_20260927T131553Z_36892 slurm_job_id=3584826 launched_at=2026-09-27T15:11:30.969127+00:00
  Reused raw inference: /fslarge/scratch/users/h61084/codes/evaluating_tsfms/outputs/instance_normalization/inference/chronos_bolt/normalization/zscore/univariate/current_velocity/H/long/run_0

============================================================
All experiments completed!
Results saved to: /scratch/users/h61084/codes/evaluating_tsfms/outputs/instance_normalization/tasks
============================================================

############################################################
# All datasets completed!
############################################################

############################################################
# Dataset 1/1: CPHL/15T
############################################################
Loading configuration...

============================================================
Dataset: CPHL/15T
Model: amazon/chronos-bolt-base
Terms: ['short', 'medium', 'long']
Instance normalization: zscore
============================================================
Loading Chronos-Bolt model: amazon/chronos-bolt-base from /fslarge/scratch/users/h61084/weights/chronos-bolt-base...
[2026-09-27 15:11:39 UTC] resources selected_device {"device": "cuda", "model": "chronos_bolt", "stage": "forecast"}

--- Term: short ---
  Config: prediction_length=12, test_length=1440, val_length=1440
  Dataset info:
    - Frequency: 15T
    - Num series: 2
    - Target dim: 1
    - Target mode: univariate
    - Series length: min=9956, max=10831, avg=10393.5
    - Test split: 1440 steps
    - Prediction length: 12
    - Windows: 120
TIME run allocation action=skip run=/fslarge/scratch/users/h61084/codes/evaluating_tsfms/outputs/instance_normalization/inference/chronos_bolt/normalization/zscore/univariate/CPHL/15T/short/run_0 source_launch=selena_instance_normalization_20260927T131553Z_36892 launch_id=selena_instance_normalization_20260927T131553Z_36892 slurm_job_id=3584826 launched_at=2026-09-27T15:11:40.118482+00:00
TIME run allocation action=skip run=/fslarge/scratch/users/h61084/codes/evaluating_tsfms/outputs/instance_normalization/tasks/chronos_bolt/normalization/zscore/univariate/CPHL/15T/short/run_0 source_launch=selena_instance_normalization_20260927T131553Z_36892 launch_id=selena_instance_normalization_20260927T131553Z_36892 slurm_job_id=3584826 launched_at=2026-09-27T15:11:40.127435+00:00
  Reused raw inference: /fslarge/scratch/users/h61084/codes/evaluating_tsfms/outputs/instance_normalization/inference/chronos_bolt/normalization/zscore/univariate/CPHL/15T/short/run_0

--- Term: medium ---
  Config: prediction_length=96, test_length=1440, val_length=1440
  Dataset info:
    - Frequency: 15T
    - Num series: 2
    - Target dim: 1
    - Target mode: univariate
    - Series length: min=9956, max=10831, avg=10393.5
    - Test split: 1440 steps
    - Prediction length: 96
    - Windows: 15
TIME run allocation action=skip run=/fslarge/scratch/users/h61084/codes/evaluating_tsfms/outputs/instance_normalization/inference/chronos_bolt/normalization/zscore/univariate/CPHL/15T/medium/run_0 source_launch=selena_instance_normalization_20260927T131553Z_36892 launch_id=selena_instance_normalization_20260927T131553Z_36892 slurm_job_id=3584826 launched_at=2026-09-27T15:11:40.139850+00:00
TIME run allocation action=skip run=/fslarge/scratch/users/h61084/codes/evaluating_tsfms/outputs/instance_normalization/tasks/chronos_bolt/normalization/zscore/univariate/CPHL/15T/medium/run_0 source_launch=selena_instance_normalization_20260927T131553Z_36892 launch_id=selena_instance_normalization_20260927T131553Z_36892 slurm_job_id=3584826 launched_at=2026-09-27T15:11:40.147543+00:00
  Reused raw inference: /fslarge/scratch/users/h61084/codes/evaluating_tsfms/outputs/instance_normalization/inference/chronos_bolt/normalization/zscore/univariate/CPHL/15T/medium/run_0

--- Term: long ---
  Config: prediction_length=288, test_length=1440, val_length=1440
  Dataset info:
    - Frequency: 15T
    - Num series: 2
    - Target dim: 1
    - Target mode: univariate
    - Series length: min=9956, max=10831, avg=10393.5
    - Test split: 1440 steps
    - Prediction length: 288
    - Windows: 5
TIME run allocation action=skip run=/fslarge/scratch/users/h61084/codes/evaluating_tsfms/outputs/instance_normalization/inference/chronos_bolt/normalization/zscore/univariate/CPHL/15T/long/run_0 source_launch=selena_instance_normalization_20260927T131553Z_36892 launch_id=selena_instance_normalization_20260927T131553Z_36892 slurm_job_id=3584826 launched_at=2026-09-27T15:11:40.160246+00:00
TIME run allocation action=skip run=/fslarge/scratch/users/h61084/codes/evaluating_tsfms/outputs/instance_normalization/tasks/chronos_bolt/normalization/zscore/univariate/CPHL/15T/long/run_0 source_launch=selena_instance_normalization_20260927T131553Z_36892 launch_id=selena_instance_normalization_20260927T131553Z_36892 slurm_job_id=3584826 launched_at=2026-09-27T15:11:40.167715+00:00
  Reused raw inference: /fslarge/scratch/users/h61084/codes/evaluating_tsfms/outputs/instance_normalization/inference/chronos_bolt/normalization/zscore/univariate/CPHL/15T/long/run_0

============================================================
All experiments completed!
Results saved to: /scratch/users/h61084/codes/evaluating_tsfms/outputs/instance_normalization/tasks
============================================================

############################################################
# All datasets completed!
############################################################

############################################################
# Dataset 1/1: CPHL/30T
############################################################
Loading configuration...

============================================================
Dataset: CPHL/30T
Model: amazon/chronos-bolt-base
Terms: ['short', 'medium', 'long']
Instance normalization: zscore
============================================================
Loading Chronos-Bolt model: amazon/chronos-bolt-base from /fslarge/scratch/users/h61084/weights/chronos-bolt-base...
[2026-09-27 15:11:48 UTC] resources selected_device {"device": "cuda", "model": "chronos_bolt", "stage": "forecast"}

--- Term: short ---
  Config: prediction_length=12, test_length=1440, val_length=1440
  Dataset info:
    - Frequency: 30T
    - Num series: 2
    - Target dim: 1
    - Target mode: univariate
    - Series length: min=11808, max=17566, avg=14687.0
    - Test split: 1440 steps
    - Prediction length: 12
    - Windows: 120
TIME run allocation action=skip run=/fslarge/scratch/users/h61084/codes/evaluating_tsfms/outputs/instance_normalization/inference/chronos_bolt/normalization/zscore/univariate/CPHL/30T/short/run_0 source_launch=selena_instance_normalization_20260927T131553Z_36892 launch_id=selena_instance_normalization_20260927T131553Z_36892 slurm_job_id=3584826 launched_at=2026-09-27T15:11:49.252752+00:00
TIME run allocation action=skip run=/fslarge/scratch/users/h61084/codes/evaluating_tsfms/outputs/instance_normalization/tasks/chronos_bolt/normalization/zscore/univariate/CPHL/30T/short/run_0 source_launch=selena_instance_normalization_20260927T131553Z_36892 launch_id=selena_instance_normalization_20260927T131553Z_36892 slurm_job_id=3584826 launched_at=2026-09-27T15:11:49.261864+00:00
  Reused raw inference: /fslarge/scratch/users/h61084/codes/evaluating_tsfms/outputs/instance_normalization/inference/chronos_bolt/normalization/zscore/univariate/CPHL/30T/short/run_0

--- Term: medium ---
  Config: prediction_length=48, test_length=1440, val_length=1440
  Dataset info:
    - Frequency: 30T
    - Num series: 2
    - Target dim: 1
    - Target mode: univariate
    - Series length: min=11808, max=17566, avg=14687.0
    - Test split: 1440 steps
    - Prediction length: 48
    - Windows: 30
TIME run allocation action=skip run=/fslarge/scratch/users/h61084/codes/evaluating_tsfms/outputs/instance_normalization/inference/chronos_bolt/normalization/zscore/univariate/CPHL/30T/medium/run_0 source_launch=selena_instance_normalization_20260927T131553Z_36892 launch_id=selena_instance_normalization_20260927T131553Z_36892 slurm_job_id=3584826 launched_at=2026-09-27T15:11:49.274390+00:00
TIME run allocation action=skip run=/fslarge/scratch/users/h61084/codes/evaluating_tsfms/outputs/instance_normalization/tasks/chronos_bolt/normalization/zscore/univariate/CPHL/30T/medium/run_0 source_launch=selena_instance_normalization_20260927T131553Z_36892 launch_id=selena_instance_normalization_20260927T131553Z_36892 slurm_job_id=3584826 launched_at=2026-09-27T15:11:49.281976+00:00
  Reused raw inference: /fslarge/scratch/users/h61084/codes/evaluating_tsfms/outputs/instance_normalization/inference/chronos_bolt/normalization/zscore/univariate/CPHL/30T/medium/run_0

--- Term: long ---
  Config: prediction_length=144, test_length=1440, val_length=1440
  Dataset info:
    - Frequency: 30T
    - Num series: 2
    - Target dim: 1
    - Target mode: univariate
    - Series length: min=11808, max=17566, avg=14687.0
    - Test split: 1440 steps
    - Prediction length: 144
    - Windows: 10
TIME run allocation action=skip run=/fslarge/scratch/users/h61084/codes/evaluating_tsfms/outputs/instance_normalization/inference/chronos_bolt/normalization/zscore/univariate/CPHL/30T/long/run_0 source_launch=selena_instance_normalization_20260927T131553Z_36892 launch_id=selena_instance_normalization_20260927T131553Z_36892 slurm_job_id=3584826 launched_at=2026-09-27T15:11:49.294462+00:00
TIME run allocation action=skip run=/fslarge/scratch/users/h61084/codes/evaluating_tsfms/outputs/instance_normalization/tasks/chronos_bolt/normalization/zscore/univariate/CPHL/30T/long/run_0 source_launch=selena_instance_normalization_20260927T131553Z_36892 launch_id=selena_instance_normalization_20260927T131553Z_36892 slurm_job_id=3584826 launched_at=2026-09-27T15:11:49.302167+00:00
  Reused raw inference: /fslarge/scratch/users/h61084/codes/evaluating_tsfms/outputs/instance_normalization/inference/chronos_bolt/normalization/zscore/univariate/CPHL/30T/long/run_0

============================================================
All experiments completed!
Results saved to: /scratch/users/h61084/codes/evaluating_tsfms/outputs/instance_normalization/tasks
============================================================

############################################################
# All datasets completed!
############################################################

############################################################
# Dataset 1/1: CPHL/H
############################################################
Loading configuration...

============================================================
Dataset: CPHL/H
Model: amazon/chronos-bolt-base
Terms: ['short', 'medium', 'long']
Instance normalization: zscore
============================================================
Loading Chronos-Bolt model: amazon/chronos-bolt-base from /fslarge/scratch/users/h61084/weights/chronos-bolt-base...
[2026-09-27 15:11:57 UTC] resources selected_device {"device": "cuda", "model": "chronos_bolt", "stage": "forecast"}

--- Term: short ---
  Config: prediction_length=24, test_length=672, val_length=672
  Dataset info:
    - Frequency: H
    - Num series: 4
    - Target dim: 1
    - Target mode: univariate
    - Series length: min=2490, max=8783, avg=4971.2
    - Test split: 672 steps
    - Prediction length: 24
    - Windows: 28
TIME run allocation action=skip run=/fslarge/scratch/users/h61084/codes/evaluating_tsfms/outputs/instance_normalization/inference/chronos_bolt/normalization/zscore/univariate/CPHL/H/short/run_0 source_launch=selena_instance_normalization_20260927T131553Z_36892 launch_id=selena_instance_normalization_20260927T131553Z_36892 slurm_job_id=3584826 launched_at=2026-09-27T15:11:58.351090+00:00
TIME run allocation action=skip run=/fslarge/scratch/users/h61084/codes/evaluating_tsfms/outputs/instance_normalization/tasks/chronos_bolt/normalization/zscore/univariate/CPHL/H/short/run_0 source_launch=selena_instance_normalization_20260927T131553Z_36892 launch_id=selena_instance_normalization_20260927T131553Z_36892 slurm_job_id=3584826 launched_at=2026-09-27T15:11:58.361472+00:00
  Reused raw inference: /fslarge/scratch/users/h61084/codes/evaluating_tsfms/outputs/instance_normalization/inference/chronos_bolt/normalization/zscore/univariate/CPHL/H/short/run_0

--- Term: medium ---
  Config: prediction_length=168, test_length=672, val_length=672
  Dataset info:
    - Frequency: H
    - Num series: 4
    - Target dim: 1
    - Target mode: univariate
    - Series length: min=2490, max=8783, avg=4971.2
    - Test split: 672 steps
    - Prediction length: 168
    - Windows: 4
TIME run allocation action=skip run=/fslarge/scratch/users/h61084/codes/evaluating_tsfms/outputs/instance_normalization/inference/chronos_bolt/normalization/zscore/univariate/CPHL/H/medium/run_0 source_launch=selena_instance_normalization_20260927T131553Z_36892 launch_id=selena_instance_normalization_20260927T131553Z_36892 slurm_job_id=3584826 launched_at=2026-09-27T15:11:58.373783+00:00
TIME run allocation action=skip run=/fslarge/scratch/users/h61084/codes/evaluating_tsfms/outputs/instance_normalization/tasks/chronos_bolt/normalization/zscore/univariate/CPHL/H/medium/run_0 source_launch=selena_instance_normalization_20260927T131553Z_36892 launch_id=selena_instance_normalization_20260927T131553Z_36892 slurm_job_id=3584826 launched_at=2026-09-27T15:11:58.381479+00:00
  Reused raw inference: /fslarge/scratch/users/h61084/codes/evaluating_tsfms/outputs/instance_normalization/inference/chronos_bolt/normalization/zscore/univariate/CPHL/H/medium/run_0

--- Term: long ---
  Config: prediction_length=336, test_length=672, val_length=672
  Dataset info:
    - Frequency: H
    - Num series: 4
    - Target dim: 1
    - Target mode: univariate
    - Series length: min=2490, max=8783, avg=4971.2
    - Test split: 672 steps
    - Prediction length: 336
    - Windows: 2
TIME run allocation action=skip run=/fslarge/scratch/users/h61084/codes/evaluating_tsfms/outputs/instance_normalization/inference/chronos_bolt/normalization/zscore/univariate/CPHL/H/long/run_0 source_launch=selena_instance_normalization_20260927T131553Z_36892 launch_id=selena_instance_normalization_20260927T131553Z_36892 slurm_job_id=3584826 launched_at=2026-09-27T15:11:58.393535+00:00
TIME run allocation action=skip run=/fslarge/scratch/users/h61084/codes/evaluating_tsfms/outputs/instance_normalization/tasks/chronos_bolt/normalization/zscore/univariate/CPHL/H/long/run_0 source_launch=selena_instance_normalization_20260927T131553Z_36892 launch_id=selena_instance_normalization_20260927T131553Z_36892 slurm_job_id=3584826 launched_at=2026-09-27T15:11:58.401084+00:00
  Reused raw inference: /fslarge/scratch/users/h61084/codes/evaluating_tsfms/outputs/instance_normalization/inference/chronos_bolt/normalization/zscore/univariate/CPHL/H/long/run_0

============================================================
All experiments completed!
Results saved to: /scratch/users/h61084/codes/evaluating_tsfms/outputs/instance_normalization/tasks
============================================================

############################################################
# All datasets completed!
############################################################

############################################################
# Dataset 1/1: Coastal_T_S/5T
############################################################
Loading configuration...

============================================================
Dataset: Coastal_T_S/5T
Model: amazon/chronos-bolt-base
Terms: ['short', 'medium', 'long']
Instance normalization: zscore
============================================================
Loading Chronos-Bolt model: amazon/chronos-bolt-base from /fslarge/scratch/users/h61084/weights/chronos-bolt-base...
[2026-09-27 15:12:06 UTC] resources selected_device {"device": "cuda", "model": "chronos_bolt", "stage": "forecast"}

--- Term: short ---
  Config: prediction_length=36, test_length=4320, val_length=4320
  Dataset info:
    - Frequency: 5T
    - Num series: 18
    - Target dim: 3
    - Target mode: univariate
    - Series length: min=44614, max=105408, avg=68604.9
    - Test split: 4320 steps
    - Prediction length: 36
    - Windows: 120
TIME run allocation action=new run=/fslarge/scratch/users/h61084/codes/evaluating_tsfms/outputs/instance_normalization/inference/chronos_bolt/normalization/zscore/univariate/Coastal_T_S/5T/short/run_0 launch_id=selena_instance_normalization_20260927T131553Z_36892 slurm_job_id=3584826 launched_at=2026-09-27T15:12:07.621557+00:00
  Preparing input batches from Test split data...
    Total instances to forecast: 6480
  Running predictions (Batch size: 16)...
    Processed 160/6480...
    Processed 320/6480...
    Processed 480/6480...
    Processed 640/6480...
    Processed 800/6480...
    Processed 960/6480...
    Processed 1120/6480...
    Processed 1280/6480...
    Processed 1440/6480...
    Processed 1600/6480...
    Processed 1760/6480...
    Processed 1920/6480...
    Processed 2080/6480...
    Processed 2240/6480...
    Processed 2400/6480...
    Processed 2560/6480...
    Processed 2720/6480...
    Processed 2880/6480...
    Processed 3040/6480...
    Processed 3200/6480...
    Processed 3360/6480...
    Processed 3520/6480...
    Processed 3680/6480...
    Processed 3840/6480...
    Processed 4000/6480...
    Processed 4160/6480...
    Processed 4320/6480...
    Processed 4480/6480...
    Processed 4640/6480...
    Processed 4800/6480...
    Processed 4960/6480...
    Processed 5120/6480...
    Processed 5280/6480...
    Processed 5440/6480...
    Processed 5600/6480...
    Processed 5760/6480...
    Processed 5920/6480...
    Processed 6080/6480...
    Processed 6240/6480...
    Processed 6400/6480...
TIME run allocation action=new run=/fslarge/scratch/users/h61084/codes/evaluating_tsfms/outputs/instance_normalization/tasks/chronos_bolt/normalization/zscore/univariate/Coastal_T_S/5T/short/run_0 launch_id=selena_instance_normalization_20260927T131553Z_36892 slurm_job_id=3584826 launched_at=2026-09-27T15:12:19.046969+00:00
    Total instances: 6480, Series during experiment: 54, Windows: 120
    Collecting ground truth and context...
    Detected to_univariate case: 54 flat series -> 18 series x 3 variates
    Organizing data into arrays...
    Saved predictions (quantiles) to /fslarge/scratch/users/h61084/codes/evaluating_tsfms/outputs/instance_normalization/tasks/chronos_bolt/normalization/zscore/univariate/Coastal_T_S/5T/short/run_0/predictions.npz
    Computing per-window metrics...
    Saved metrics to /fslarge/scratch/users/h61084/codes/evaluating_tsfms/outputs/instance_normalization/tasks/chronos_bolt/normalization/zscore/univariate/Coastal_T_S/5T/short/run_0/metrics.npz
    Saved config to /fslarge/scratch/users/h61084/codes/evaluating_tsfms/outputs/instance_normalization/tasks/chronos_bolt/normalization/zscore/univariate/Coastal_T_S/5T/short/run_0/config.json
    Saved aggregate metrics to /fslarge/scratch/users/h61084/codes/evaluating_tsfms/outputs/instance_normalization/tasks/chronos_bolt/normalization/zscore/univariate/Coastal_T_S/5T/short/run_0/metrics_summary.json
    Metrics summary (averaged over all series/windows/variates):
      MSE: 114.9176
      MAE: 2.8691
      RMSE: 2.9847
      MAPE: 0.0882
      sMAPE: 0.0675
      MASE: 0.8189
      ND: 0.0625
      CRPS: 0.0408
  Output: /fslarge/scratch/users/h61084/codes/evaluating_tsfms/outputs/instance_normalization/tasks/chronos_bolt/normalization/zscore/univariate/Coastal_T_S/5T/short/run_0

--- Term: medium ---
  Config: prediction_length=288, test_length=4320, val_length=4320
  Dataset info:
    - Frequency: 5T
    - Num series: 18
    - Target dim: 3
    - Target mode: univariate
    - Series length: min=44614, max=105408, avg=68604.9
    - Test split: 4320 steps
    - Prediction length: 288
    - Windows: 15
TIME run allocation action=new run=/fslarge/scratch/users/h61084/codes/evaluating_tsfms/outputs/instance_normalization/inference/chronos_bolt/normalization/zscore/univariate/Coastal_T_S/5T/medium/run_0 launch_id=selena_instance_normalization_20260927T131553Z_36892 slurm_job_id=3584826 launched_at=2026-09-27T15:12:23.272663+00:00
  Preparing input batches from Test split data...
    Total instances to forecast: 810
  Running predictions (Batch size: 16)...
    Processed 160/810...
    Processed 320/810...
    Processed 480/810...
    Processed 640/810...
    Processed 800/810...
TIME run allocation action=new run=/fslarge/scratch/users/h61084/codes/evaluating_tsfms/outputs/instance_normalization/tasks/chronos_bolt/normalization/zscore/univariate/Coastal_T_S/5T/medium/run_0 launch_id=selena_instance_normalization_20260927T131553Z_36892 slurm_job_id=3584826 launched_at=2026-09-27T15:12:54.343664+00:00
    Total instances: 810, Series during experiment: 54, Windows: 15
    Collecting ground truth and context...
    Detected to_univariate case: 54 flat series -> 18 series x 3 variates
    Organizing data into arrays...
    Saved predictions (quantiles) to /fslarge/scratch/users/h61084/codes/evaluating_tsfms/outputs/instance_normalization/tasks/chronos_bolt/normalization/zscore/univariate/Coastal_T_S/5T/medium/run_0/predictions.npz
    Computing per-window metrics...
    Saved metrics to /fslarge/scratch/users/h61084/codes/evaluating_tsfms/outputs/instance_normalization/tasks/chronos_bolt/normalization/zscore/univariate/Coastal_T_S/5T/medium/run_0/metrics.npz
    Saved config to /fslarge/scratch/users/h61084/codes/evaluating_tsfms/outputs/instance_normalization/tasks/chronos_bolt/normalization/zscore/univariate/Coastal_T_S/5T/medium/run_0/config.json
    Saved aggregate metrics to /fslarge/scratch/users/h61084/codes/evaluating_tsfms/outputs/instance_normalization/tasks/chronos_bolt/normalization/zscore/univariate/Coastal_T_S/5T/medium/run_0/metrics_summary.json
    Metrics summary (averaged over all series/windows/variates):
      MSE: 116.0076
      MAE: 3.0019
      RMSE: 3.1716
      MAPE: 0.0941
      sMAPE: 0.0718
      MASE: 1.0933
      ND: 0.0672
      CRPS: 0.0471
  Output: /fslarge/scratch/users/h61084/codes/evaluating_tsfms/outputs/instance_normalization/tasks/chronos_bolt/normalization/zscore/univariate/Coastal_T_S/5T/medium/run_0

--- Term: long ---
  Config: prediction_length=864, test_length=4320, val_length=4320
  Dataset info:
    - Frequency: 5T
    - Num series: 18
    - Target dim: 3
    - Target mode: univariate
    - Series length: min=44614, max=105408, avg=68604.9
    - Test split: 4320 steps
    - Prediction length: 864
    - Windows: 5
TIME run allocation action=new run=/fslarge/scratch/users/h61084/codes/evaluating_tsfms/outputs/instance_normalization/inference/chronos_bolt/normalization/zscore/univariate/Coastal_T_S/5T/long/run_0 launch_id=selena_instance_normalization_20260927T131553Z_36892 slurm_job_id=3584826 launched_at=2026-09-27T15:12:55.201073+00:00
  Preparing input batches from Test split data...
    Total instances to forecast: 270
  Running predictions (Batch size: 16)...
    Processed 160/270...
TIME run allocation action=new run=/fslarge/scratch/users/h61084/codes/evaluating_tsfms/outputs/instance_normalization/tasks/chronos_bolt/normalization/zscore/univariate/Coastal_T_S/5T/long/run_0 launch_id=selena_instance_normalization_20260927T131553Z_36892 slurm_job_id=3584826 launched_at=2026-09-27T15:13:27.836576+00:00
    Total instances: 270, Series during experiment: 54, Windows: 5
    Collecting ground truth and context...
    Detected to_univariate case: 54 flat series -> 18 series x 3 variates
    Organizing data into arrays...
    Saved predictions (quantiles) to /fslarge/scratch/users/h61084/codes/evaluating_tsfms/outputs/instance_normalization/tasks/chronos_bolt/normalization/zscore/univariate/Coastal_T_S/5T/long/run_0/predictions.npz
    Computing per-window metrics...
    Saved metrics to /fslarge/scratch/users/h61084/codes/evaluating_tsfms/outputs/instance_normalization/tasks/chronos_bolt/normalization/zscore/univariate/Coastal_T_S/5T/long/run_0/metrics.npz
    Saved config to /fslarge/scratch/users/h61084/codes/evaluating_tsfms/outputs/instance_normalization/tasks/chronos_bolt/normalization/zscore/univariate/Coastal_T_S/5T/long/run_0/config.json
    Saved aggregate metrics to /fslarge/scratch/users/h61084/codes/evaluating_tsfms/outputs/instance_normalization/tasks/chronos_bolt/normalization/zscore/univariate/Coastal_T_S/5T/long/run_0/metrics_summary.json
    Metrics summary (averaged over all series/windows/variates):
      MSE: 121.8215
      MAE: 3.1010
      RMSE: 3.3365
      MAPE: 0.0939
      sMAPE: 0.0748
      MASE: 1.3666
      ND: 0.0702
      CRPS: 0.0575
  Output: /fslarge/scratch/users/h61084/codes/evaluating_tsfms/outputs/instance_normalization/tasks/chronos_bolt/normalization/zscore/univariate/Coastal_T_S/5T/long/run_0

============================================================
All experiments completed!
Results saved to: /scratch/users/h61084/codes/evaluating_tsfms/outputs/instance_normalization/tasks
============================================================

############################################################
# All datasets completed!
############################################################

############################################################
# Dataset 1/1: Coastal_T_S/15T
############################################################
Loading configuration...

============================================================
Dataset: Coastal_T_S/15T
Model: amazon/chronos-bolt-base
Terms: ['short', 'medium', 'long']
Instance normalization: zscore
============================================================
Loading Chronos-Bolt model: amazon/chronos-bolt-base from /fslarge/scratch/users/h61084/weights/chronos-bolt-base...
[2026-09-27 15:13:37 UTC] resources selected_device {"device": "cuda", "model": "chronos_bolt", "stage": "forecast"}

--- Term: short ---
  Config: prediction_length=12, test_length=1440, val_length=1440
  Dataset info:
    - Frequency: 15T
    - Num series: 5
    - Target dim: 3
    - Target mode: univariate
    - Series length: min=16686, max=23134, avg=20870.2
    - Test split: 1440 steps
    - Prediction length: 12
    - Windows: 120
TIME run allocation action=new run=/fslarge/scratch/users/h61084/codes/evaluating_tsfms/outputs/instance_normalization/inference/chronos_bolt/normalization/zscore/univariate/Coastal_T_S/15T/short/run_0 launch_id=selena_instance_normalization_20260927T131553Z_36892 slurm_job_id=3584826 launched_at=2026-09-27T15:13:38.311602+00:00
  Preparing input batches from Test split data...
    Total instances to forecast: 1800
  Running predictions (Batch size: 16)...
    Processed 160/1800...
    Processed 320/1800...
    Processed 480/1800...
    Processed 640/1800...
    Processed 800/1800...
    Processed 960/1800...
    Processed 1120/1800...
    Processed 1280/1800...
    Processed 1440/1800...
    Processed 1600/1800...
    Processed 1760/1800...
TIME run allocation action=new run=/fslarge/scratch/users/h61084/codes/evaluating_tsfms/outputs/instance_normalization/tasks/chronos_bolt/normalization/zscore/univariate/Coastal_T_S/15T/short/run_0 launch_id=selena_instance_normalization_20260927T131553Z_36892 slurm_job_id=3584826 launched_at=2026-09-27T15:13:41.437696+00:00
    Total instances: 1800, Series during experiment: 15, Windows: 120
    Collecting ground truth and context...
    Detected to_univariate case: 15 flat series -> 5 series x 3 variates
    Organizing data into arrays...
    Saved predictions (quantiles) to /fslarge/scratch/users/h61084/codes/evaluating_tsfms/outputs/instance_normalization/tasks/chronos_bolt/normalization/zscore/univariate/Coastal_T_S/15T/short/run_0/predictions.npz
    Computing per-window metrics...
    Saved metrics to /fslarge/scratch/users/h61084/codes/evaluating_tsfms/outputs/instance_normalization/tasks/chronos_bolt/normalization/zscore/univariate/Coastal_T_S/15T/short/run_0/metrics.npz
    Saved config to /fslarge/scratch/users/h61084/codes/evaluating_tsfms/outputs/instance_normalization/tasks/chronos_bolt/normalization/zscore/univariate/Coastal_T_S/15T/short/run_0/config.json
    Saved aggregate metrics to /fslarge/scratch/users/h61084/codes/evaluating_tsfms/outputs/instance_normalization/tasks/chronos_bolt/normalization/zscore/univariate/Coastal_T_S/15T/short/run_0/metrics_summary.json
    Metrics summary (averaged over all series/windows/variates):
      MSE: 113.6218
      MAE: 4.6778
      RMSE: 4.8684
      MAPE: 0.1344
      sMAPE: 0.1200
      MASE: 1.1376
      ND: 0.1154
      CRPS: 0.0738
  Output: /fslarge/scratch/users/h61084/codes/evaluating_tsfms/outputs/instance_normalization/tasks/chronos_bolt/normalization/zscore/univariate/Coastal_T_S/15T/short/run_0

--- Term: medium ---
  Config: prediction_length=96, test_length=1440, val_length=1440
  Dataset info:
    - Frequency: 15T
    - Num series: 5
    - Target dim: 3
    - Target mode: univariate
    - Series length: min=16686, max=23134, avg=20870.2
    - Test split: 1440 steps
    - Prediction length: 96
    - Windows: 15
TIME run allocation action=new run=/fslarge/scratch/users/h61084/codes/evaluating_tsfms/outputs/instance_normalization/inference/chronos_bolt/normalization/zscore/univariate/Coastal_T_S/15T/medium/run_0 launch_id=selena_instance_normalization_20260927T131553Z_36892 slurm_job_id=3584826 launched_at=2026-09-27T15:13:42.082316+00:00
  Preparing input batches from Test split data...
    Total instances to forecast: 225
  Running predictions (Batch size: 16)...
    Processed 160/225...
TIME run allocation action=new run=/fslarge/scratch/users/h61084/codes/evaluating_tsfms/outputs/instance_normalization/tasks/chronos_bolt/normalization/zscore/univariate/Coastal_T_S/15T/medium/run_0 launch_id=selena_instance_normalization_20260927T131553Z_36892 slurm_job_id=3584826 launched_at=2026-09-27T15:13:44.550618+00:00
    Total instances: 225, Series during experiment: 15, Windows: 15
    Collecting ground truth and context...
    Detected to_univariate case: 15 flat series -> 5 series x 3 variates
    Organizing data into arrays...
    Saved predictions (quantiles) to /fslarge/scratch/users/h61084/codes/evaluating_tsfms/outputs/instance_normalization/tasks/chronos_bolt/normalization/zscore/univariate/Coastal_T_S/15T/medium/run_0/predictions.npz
    Computing per-window metrics...
    Saved metrics to /fslarge/scratch/users/h61084/codes/evaluating_tsfms/outputs/instance_normalization/tasks/chronos_bolt/normalization/zscore/univariate/Coastal_T_S/15T/medium/run_0/metrics.npz
    Saved config to /fslarge/scratch/users/h61084/codes/evaluating_tsfms/outputs/instance_normalization/tasks/chronos_bolt/normalization/zscore/univariate/Coastal_T_S/15T/medium/run_0/config.json
    Saved aggregate metrics to /fslarge/scratch/users/h61084/codes/evaluating_tsfms/outputs/instance_normalization/tasks/chronos_bolt/normalization/zscore/univariate/Coastal_T_S/15T/medium/run_0/metrics_summary.json
    Metrics summary (averaged over all series/windows/variates):
      MSE: 111.3977
      MAE: 4.7236
      RMSE: 4.8761
      MAPE: 0.1385
      sMAPE: 0.1215
      MASE: 1.2547
      ND: 0.1153
      CRPS: 0.0735
  Output: /fslarge/scratch/users/h61084/codes/evaluating_tsfms/outputs/instance_normalization/tasks/chronos_bolt/normalization/zscore/univariate/Coastal_T_S/15T/medium/run_0

--- Term: long ---
  Config: prediction_length=288, test_length=1440, val_length=1440
  Dataset info:
    - Frequency: 15T
    - Num series: 5
    - Target dim: 3
    - Target mode: univariate
    - Series length: min=16686, max=23134, avg=20870.2
    - Test split: 1440 steps
    - Prediction length: 288
    - Windows: 5
TIME run allocation action=new run=/fslarge/scratch/users/h61084/codes/evaluating_tsfms/outputs/instance_normalization/inference/chronos_bolt/normalization/zscore/univariate/Coastal_T_S/15T/long/run_0 launch_id=selena_instance_normalization_20260927T131553Z_36892 slurm_job_id=3584826 launched_at=2026-09-27T15:13:44.688252+00:00
  Preparing input batches from Test split data...
    Total instances to forecast: 75
  Running predictions (Batch size: 16)...
TIME run allocation action=new run=/fslarge/scratch/users/h61084/codes/evaluating_tsfms/outputs/instance_normalization/tasks/chronos_bolt/normalization/zscore/univariate/Coastal_T_S/15T/long/run_0 launch_id=selena_instance_normalization_20260927T131553Z_36892 slurm_job_id=3584826 launched_at=2026-09-27T15:13:47.565710+00:00
    Total instances: 75, Series during experiment: 15, Windows: 5
    Collecting ground truth and context...
    Detected to_univariate case: 15 flat series -> 5 series x 3 variates
    Organizing data into arrays...
    Saved predictions (quantiles) to /fslarge/scratch/users/h61084/codes/evaluating_tsfms/outputs/instance_normalization/tasks/chronos_bolt/normalization/zscore/univariate/Coastal_T_S/15T/long/run_0/predictions.npz
    Computing per-window metrics...
    Saved metrics to /fslarge/scratch/users/h61084/codes/evaluating_tsfms/outputs/instance_normalization/tasks/chronos_bolt/normalization/zscore/univariate/Coastal_T_S/15T/long/run_0/metrics.npz
    Saved config to /fslarge/scratch/users/h61084/codes/evaluating_tsfms/outputs/instance_normalization/tasks/chronos_bolt/normalization/zscore/univariate/Coastal_T_S/15T/long/run_0/config.json
    Saved aggregate metrics to /fslarge/scratch/users/h61084/codes/evaluating_tsfms/outputs/instance_normalization/tasks/chronos_bolt/normalization/zscore/univariate/Coastal_T_S/15T/long/run_0/metrics_summary.json
    Metrics summary (averaged over all series/windows/variates):
      MSE: 110.1648
      MAE: 4.7410
      RMSE: 4.8775
      MAPE: 0.1414
      sMAPE: 0.1223
      MASE: 1.3759
      ND: 0.1160
      CRPS: 0.0776
  Output: /fslarge/scratch/users/h61084/codes/evaluating_tsfms/outputs/instance_normalization/tasks/chronos_bolt/normalization/zscore/univariate/Coastal_T_S/15T/long/run_0

============================================================
All experiments completed!
Results saved to: /scratch/users/h61084/codes/evaluating_tsfms/outputs/instance_normalization/tasks
============================================================

############################################################
# All datasets completed!
############################################################

############################################################
# Dataset 1/1: Coastal_T_S/20T
############################################################
Loading configuration...

============================================================
Dataset: Coastal_T_S/20T
Model: amazon/chronos-bolt-base
Terms: ['short', 'medium', 'long']
Instance normalization: zscore
============================================================
Loading Chronos-Bolt model: amazon/chronos-bolt-base from /fslarge/scratch/users/h61084/weights/chronos-bolt-base...
[2026-09-27 15:13:56 UTC] resources selected_device {"device": "cuda", "model": "chronos_bolt", "stage": "forecast"}

--- Term: short ---
  Config: prediction_length=9, test_length=1080, val_length=1080
  Dataset info:
    - Frequency: 20T
    - Num series: 1
    - Target dim: 3
    - Target mode: univariate
    - Series length: min=8198, max=8198, avg=8198.0
    - Test split: 1080 steps
    - Prediction length: 9
    - Windows: 120
TIME run allocation action=new run=/fslarge/scratch/users/h61084/codes/evaluating_tsfms/outputs/instance_normalization/inference/chronos_bolt/normalization/zscore/univariate/Coastal_T_S/20T/short/run_0 launch_id=selena_instance_normalization_20260927T131553Z_36892 slurm_job_id=3584826 launched_at=2026-09-27T15:13:56.846878+00:00
  Preparing input batches from Test split data...
    Total instances to forecast: 360
  Running predictions (Batch size: 16)...
    Processed 160/360...
    Processed 320/360...
TIME run allocation action=new run=/fslarge/scratch/users/h61084/codes/evaluating_tsfms/outputs/instance_normalization/tasks/chronos_bolt/normalization/zscore/univariate/Coastal_T_S/20T/short/run_0 launch_id=selena_instance_normalization_20260927T131553Z_36892 slurm_job_id=3584826 launched_at=2026-09-27T15:13:57.637675+00:00
    Total instances: 360, Series during experiment: 3, Windows: 120
    Collecting ground truth and context...
    Detected to_univariate case: 3 flat series -> 1 series x 3 variates
    Organizing data into arrays...
    Saved predictions (quantiles) to /fslarge/scratch/users/h61084/codes/evaluating_tsfms/outputs/instance_normalization/tasks/chronos_bolt/normalization/zscore/univariate/Coastal_T_S/20T/short/run_0/predictions.npz
    Computing per-window metrics...
    Saved metrics to /fslarge/scratch/users/h61084/codes/evaluating_tsfms/outputs/instance_normalization/tasks/chronos_bolt/normalization/zscore/univariate/Coastal_T_S/20T/short/run_0/metrics.npz
    Saved config to /fslarge/scratch/users/h61084/codes/evaluating_tsfms/outputs/instance_normalization/tasks/chronos_bolt/normalization/zscore/univariate/Coastal_T_S/20T/short/run_0/config.json
    Saved aggregate metrics to /fslarge/scratch/users/h61084/codes/evaluating_tsfms/outputs/instance_normalization/tasks/chronos_bolt/normalization/zscore/univariate/Coastal_T_S/20T/short/run_0/metrics_summary.json
    Metrics summary (averaged over all series/windows/variates):
      MSE: 0.0147
      MAE: 0.0821
      RMSE: 0.0951
      MAPE: 0.0035
      sMAPE: 0.0035
      MASE: 0.6112
      ND: 0.0035
      CRPS: 0.0028
  Output: /fslarge/scratch/users/h61084/codes/evaluating_tsfms/outputs/instance_normalization/tasks/chronos_bolt/normalization/zscore/univariate/Coastal_T_S/20T/short/run_0

--- Term: medium ---
  Config: prediction_length=72, test_length=1080, val_length=1080
  Dataset info:
    - Frequency: 20T
    - Num series: 1
    - Target dim: 3
    - Target mode: univariate
    - Series length: min=8198, max=8198, avg=8198.0
    - Test split: 1080 steps
    - Prediction length: 72
    - Windows: 15
TIME run allocation action=new run=/fslarge/scratch/users/h61084/codes/evaluating_tsfms/outputs/instance_normalization/inference/chronos_bolt/normalization/zscore/univariate/Coastal_T_S/20T/medium/run_0 launch_id=selena_instance_normalization_20260927T131553Z_36892 slurm_job_id=3584826 launched_at=2026-09-27T15:13:57.767418+00:00
  Preparing input batches from Test split data...
    Total instances to forecast: 45
  Running predictions (Batch size: 16)...
TIME run allocation action=new run=/fslarge/scratch/users/h61084/codes/evaluating_tsfms/outputs/instance_normalization/tasks/chronos_bolt/normalization/zscore/univariate/Coastal_T_S/20T/medium/run_0 launch_id=selena_instance_normalization_20260927T131553Z_36892 slurm_job_id=3584826 launched_at=2026-09-27T15:13:58.265577+00:00
    Total instances: 45, Series during experiment: 3, Windows: 15
    Collecting ground truth and context...
    Detected to_univariate case: 3 flat series -> 1 series x 3 variates
    Organizing data into arrays...
    Saved predictions (quantiles) to /fslarge/scratch/users/h61084/codes/evaluating_tsfms/outputs/instance_normalization/tasks/chronos_bolt/normalization/zscore/univariate/Coastal_T_S/20T/medium/run_0/predictions.npz
    Computing per-window metrics...
    Saved metrics to /fslarge/scratch/users/h61084/codes/evaluating_tsfms/outputs/instance_normalization/tasks/chronos_bolt/normalization/zscore/univariate/Coastal_T_S/20T/medium/run_0/metrics.npz
    Saved config to /fslarge/scratch/users/h61084/codes/evaluating_tsfms/outputs/instance_normalization/tasks/chronos_bolt/normalization/zscore/univariate/Coastal_T_S/20T/medium/run_0/config.json
    Saved aggregate metrics to /fslarge/scratch/users/h61084/codes/evaluating_tsfms/outputs/instance_normalization/tasks/chronos_bolt/normalization/zscore/univariate/Coastal_T_S/20T/medium/run_0/metrics_summary.json
    Metrics summary (averaged over all series/windows/variates):
      MSE: 0.1288
      MAE: 0.2530
      RMSE: 0.3104
      MAPE: 0.0115
      sMAPE: 0.0114
      MASE: 1.7548
      ND: 0.0114
      CRPS: 0.0090
  Output: /fslarge/scratch/users/h61084/codes/evaluating_tsfms/outputs/instance_normalization/tasks/chronos_bolt/normalization/zscore/univariate/Coastal_T_S/20T/medium/run_0

--- Term: long ---
  Config: prediction_length=216, test_length=1080, val_length=1080
  Dataset info:
    - Frequency: 20T
    - Num series: 1
    - Target dim: 3
    - Target mode: univariate
    - Series length: min=8198, max=8198, avg=8198.0
    - Test split: 1080 steps
    - Prediction length: 216
    - Windows: 5
TIME run allocation action=new run=/fslarge/scratch/users/h61084/codes/evaluating_tsfms/outputs/instance_normalization/inference/chronos_bolt/normalization/zscore/univariate/Coastal_T_S/20T/long/run_0 launch_id=selena_instance_normalization_20260927T131553Z_36892 slurm_job_id=3584826 launched_at=2026-09-27T15:13:58.310052+00:00
  Preparing input batches from Test split data...
    Total instances to forecast: 15
  Running predictions (Batch size: 16)...
TIME run allocation action=new run=/fslarge/scratch/users/h61084/codes/evaluating_tsfms/outputs/instance_normalization/tasks/chronos_bolt/normalization/zscore/univariate/Coastal_T_S/20T/long/run_0 launch_id=selena_instance_normalization_20260927T131553Z_36892 slurm_job_id=3584826 launched_at=2026-09-27T15:13:58.761549+00:00
    Total instances: 15, Series during experiment: 3, Windows: 5
    Collecting ground truth and context...
    Detected to_univariate case: 3 flat series -> 1 series x 3 variates
    Organizing data into arrays...
    Saved predictions (quantiles) to /fslarge/scratch/users/h61084/codes/evaluating_tsfms/outputs/instance_normalization/tasks/chronos_bolt/normalization/zscore/univariate/Coastal_T_S/20T/long/run_0/predictions.npz
    Computing per-window metrics...
    Saved metrics to /fslarge/scratch/users/h61084/codes/evaluating_tsfms/outputs/instance_normalization/tasks/chronos_bolt/normalization/zscore/univariate/Coastal_T_S/20T/long/run_0/metrics.npz
    Saved config to /fslarge/scratch/users/h61084/codes/evaluating_tsfms/outputs/instance_normalization/tasks/chronos_bolt/normalization/zscore/univariate/Coastal_T_S/20T/long/run_0/config.json
    Saved aggregate metrics to /fslarge/scratch/users/h61084/codes/evaluating_tsfms/outputs/instance_normalization/tasks/chronos_bolt/normalization/zscore/univariate/Coastal_T_S/20T/long/run_0/metrics_summary.json
    Metrics summary (averaged over all series/windows/variates):
      MSE: 0.2062
      MAE: 0.3311
      RMSE: 0.4023
      MAPE: 0.0147
      sMAPE: 0.0147
      MASE: 2.3705
      ND: 0.0147
      CRPS: 0.0119
  Output: /fslarge/scratch/users/h61084/codes/evaluating_tsfms/outputs/instance_normalization/tasks/chronos_bolt/normalization/zscore/univariate/Coastal_T_S/20T/long/run_0

============================================================
All experiments completed!
Results saved to: /scratch/users/h61084/codes/evaluating_tsfms/outputs/instance_normalization/tasks
============================================================

############################################################
# All datasets completed!
############################################################

############################################################
# Dataset 1/1: Coastal_T_S/H
############################################################
Loading configuration...

============================================================
Dataset: Coastal_T_S/H
Model: amazon/chronos-bolt-base
Terms: ['short', 'medium', 'long']
Instance normalization: zscore
============================================================
Loading Chronos-Bolt model: amazon/chronos-bolt-base from /fslarge/scratch/users/h61084/weights/chronos-bolt-base...
[2026-09-27 15:14:07 UTC] resources selected_device {"device": "cuda", "model": "chronos_bolt", "stage": "forecast"}

--- Term: short ---
  Config: prediction_length=24, test_length=672, val_length=672
  Dataset info:
    - Frequency: H
    - Num series: 24
    - Target dim: 3
    - Target mode: univariate
    - Series length: min=2733, max=8784, avg=5488.8
    - Test split: 672 steps
    - Prediction length: 24
    - Windows: 28
TIME run allocation action=new run=/fslarge/scratch/users/h61084/codes/evaluating_tsfms/outputs/instance_normalization/inference/chronos_bolt/normalization/zscore/univariate/Coastal_T_S/H/short/run_0 launch_id=selena_instance_normalization_20260927T131553Z_36892 slurm_job_id=3584826 launched_at=2026-09-27T15:14:07.967590+00:00
  Preparing input batches from Test split data...
    Total instances to forecast: 2016
  Running predictions (Batch size: 16)...
    Processed 160/2016...
    Processed 320/2016...
    Processed 480/2016...
    Processed 640/2016...
    Processed 800/2016...
    Processed 960/2016...
    Processed 1120/2016...
    Processed 1280/2016...
    Processed 1440/2016...
    Processed 1600/2016...
    Processed 1760/2016...
    Processed 1920/2016...
TIME run allocation action=new run=/fslarge/scratch/users/h61084/codes/evaluating_tsfms/outputs/instance_normalization/tasks/chronos_bolt/normalization/zscore/univariate/Coastal_T_S/H/short/run_0 launch_id=selena_instance_normalization_20260927T131553Z_36892 slurm_job_id=3584826 launched_at=2026-09-27T15:14:11.474146+00:00
    Total instances: 2016, Series during experiment: 72, Windows: 28
    Collecting ground truth and context...
    Detected to_univariate case: 72 flat series -> 24 series x 3 variates
    Organizing data into arrays...
    Saved predictions (quantiles) to /fslarge/scratch/users/h61084/codes/evaluating_tsfms/outputs/instance_normalization/tasks/chronos_bolt/normalization/zscore/univariate/Coastal_T_S/H/short/run_0/predictions.npz
    Computing per-window metrics...
    Saved metrics to /fslarge/scratch/users/h61084/codes/evaluating_tsfms/outputs/instance_normalization/tasks/chronos_bolt/normalization/zscore/univariate/Coastal_T_S/H/short/run_0/metrics.npz
    Saved config to /fslarge/scratch/users/h61084/codes/evaluating_tsfms/outputs/instance_normalization/tasks/chronos_bolt/normalization/zscore/univariate/Coastal_T_S/H/short/run_0/config.json
    Saved aggregate metrics to /fslarge/scratch/users/h61084/codes/evaluating_tsfms/outputs/instance_normalization/tasks/chronos_bolt/normalization/zscore/univariate/Coastal_T_S/H/short/run_0/metrics_summary.json
    Metrics summary (averaged over all series/windows/variates):
      MSE: 15.3482
      MAE: 1.1244
      RMSE: 1.3869
      MAPE: 0.0307
      sMAPE: 0.0289
      MASE: 0.9819
      ND: 0.0285
      CRPS: 0.0226
  Output: /fslarge/scratch/users/h61084/codes/evaluating_tsfms/outputs/instance_normalization/tasks/chronos_bolt/normalization/zscore/univariate/Coastal_T_S/H/short/run_0

--- Term: medium ---
  Config: prediction_length=168, test_length=672, val_length=672
  Dataset info:
    - Frequency: H
    - Num series: 24
    - Target dim: 3
    - Target mode: univariate
    - Series length: min=2733, max=8784, avg=5488.8
    - Test split: 672 steps
    - Prediction length: 168
    - Windows: 4
TIME run allocation action=new run=/fslarge/scratch/users/h61084/codes/evaluating_tsfms/outputs/instance_normalization/inference/chronos_bolt/normalization/zscore/univariate/Coastal_T_S/H/medium/run_0 launch_id=selena_instance_normalization_20260927T131553Z_36892 slurm_job_id=3584826 launched_at=2026-09-27T15:14:12.082554+00:00
  Preparing input batches from Test split data...
    Total instances to forecast: 288
  Running predictions (Batch size: 16)...
    Processed 160/288...
TIME run allocation action=new run=/fslarge/scratch/users/h61084/codes/evaluating_tsfms/outputs/instance_normalization/tasks/chronos_bolt/normalization/zscore/univariate/Coastal_T_S/H/medium/run_0 launch_id=selena_instance_normalization_20260927T131553Z_36892 slurm_job_id=3584826 launched_at=2026-09-27T15:14:17.800855+00:00
    Total instances: 288, Series during experiment: 72, Windows: 4
    Collecting ground truth and context...
    Detected to_univariate case: 72 flat series -> 24 series x 3 variates
    Organizing data into arrays...
    Saved predictions (quantiles) to /fslarge/scratch/users/h61084/codes/evaluating_tsfms/outputs/instance_normalization/tasks/chronos_bolt/normalization/zscore/univariate/Coastal_T_S/H/medium/run_0/predictions.npz
    Computing per-window metrics...
    Saved metrics to /fslarge/scratch/users/h61084/codes/evaluating_tsfms/outputs/instance_normalization/tasks/chronos_bolt/normalization/zscore/univariate/Coastal_T_S/H/medium/run_0/metrics.npz
    Saved config to /fslarge/scratch/users/h61084/codes/evaluating_tsfms/outputs/instance_normalization/tasks/chronos_bolt/normalization/zscore/univariate/Coastal_T_S/H/medium/run_0/config.json
    Saved aggregate metrics to /fslarge/scratch/users/h61084/codes/evaluating_tsfms/outputs/instance_normalization/tasks/chronos_bolt/normalization/zscore/univariate/Coastal_T_S/H/medium/run_0/metrics_summary.json
    Metrics summary (averaged over all series/windows/variates):
      MSE: 21.9113
      MAE: 1.4095
      RMSE: 1.7617
      MAPE: 0.0429
      sMAPE: 0.0380
      MASE: 1.7441
      ND: 0.0406
      CRPS: 0.0335
  Output: /fslarge/scratch/users/h61084/codes/evaluating_tsfms/outputs/instance_normalization/tasks/chronos_bolt/normalization/zscore/univariate/Coastal_T_S/H/medium/run_0

--- Term: long ---
  Config: prediction_length=336, test_length=672, val_length=672
  Dataset info:
    - Frequency: H
    - Num series: 24
    - Target dim: 3
    - Target mode: univariate
    - Series length: min=2733, max=8784, avg=5488.8
    - Test split: 672 steps
    - Prediction length: 336
    - Windows: 2
TIME run allocation action=new run=/fslarge/scratch/users/h61084/codes/evaluating_tsfms/outputs/instance_normalization/inference/chronos_bolt/normalization/zscore/univariate/Coastal_T_S/H/long/run_0 launch_id=selena_instance_normalization_20260927T131553Z_36892 slurm_job_id=3584826 launched_at=2026-09-27T15:14:17.956751+00:00
  Preparing input batches from Test split data...
    Total instances to forecast: 144
  Running predictions (Batch size: 16)...
TIME run allocation action=new run=/fslarge/scratch/users/h61084/codes/evaluating_tsfms/outputs/instance_normalization/tasks/chronos_bolt/normalization/zscore/univariate/Coastal_T_S/H/long/run_0 launch_id=selena_instance_normalization_20260927T131553Z_36892 slurm_job_id=3584826 launched_at=2026-09-27T15:14:24.715523+00:00
    Total instances: 144, Series during experiment: 72, Windows: 2
    Collecting ground truth and context...
    Detected to_univariate case: 72 flat series -> 24 series x 3 variates
    Organizing data into arrays...
    Saved predictions (quantiles) to /fslarge/scratch/users/h61084/codes/evaluating_tsfms/outputs/instance_normalization/tasks/chronos_bolt/normalization/zscore/univariate/Coastal_T_S/H/long/run_0/predictions.npz
    Computing per-window metrics...
    Saved metrics to /fslarge/scratch/users/h61084/codes/evaluating_tsfms/outputs/instance_normalization/tasks/chronos_bolt/normalization/zscore/univariate/Coastal_T_S/H/long/run_0/metrics.npz
    Saved config to /fslarge/scratch/users/h61084/codes/evaluating_tsfms/outputs/instance_normalization/tasks/chronos_bolt/normalization/zscore/univariate/Coastal_T_S/H/long/run_0/config.json
    Saved aggregate metrics to /fslarge/scratch/users/h61084/codes/evaluating_tsfms/outputs/instance_normalization/tasks/chronos_bolt/normalization/zscore/univariate/Coastal_T_S/H/long/run_0/metrics_summary.json
    Metrics summary (averaged over all series/windows/variates):
      MSE: 22.8227
      MAE: 1.5095
      RMSE: 1.9304
      MAPE: 0.0476
      sMAPE: 0.0428
      MASE: 2.4030
      ND: 0.0428
      CRPS: 0.0362
  Output: /fslarge/scratch/users/h61084/codes/evaluating_tsfms/outputs/instance_normalization/tasks/chronos_bolt/normalization/zscore/univariate/Coastal_T_S/H/long/run_0

============================================================
All experiments completed!
Results saved to: /scratch/users/h61084/codes/evaluating_tsfms/outputs/instance_normalization/tasks
============================================================

############################################################
# All datasets completed!
############################################################

############################################################
# Dataset 1/1: SG_Weather/D
############################################################
Loading configuration...

============================================================
Dataset: SG_Weather/D
Model: amazon/chronos-bolt-base
Terms: ['short', 'medium', 'long']
Instance normalization: zscore
============================================================
Loading Chronos-Bolt model: amazon/chronos-bolt-base from /fslarge/scratch/users/h61084/weights/chronos-bolt-base...
[2026-09-27 15:14:33 UTC] resources selected_device {"device": "cuda", "model": "chronos_bolt", "stage": "forecast"}

--- Term: short ---
  Config: prediction_length=3, test_length=366, val_length=366
  Dataset info:
    - Frequency: D
    - Num series: 6
    - Target dim: 4
    - Target mode: univariate
    - Series length: min=2953, max=2953, avg=2953.0
    - Test split: 366 steps
    - Prediction length: 3
    - Windows: 122
TIME run allocation action=new run=/fslarge/scratch/users/h61084/codes/evaluating_tsfms/outputs/instance_normalization/inference/chronos_bolt/normalization/zscore/univariate/SG_Weather/D/short/run_0 launch_id=selena_instance_normalization_20260927T131553Z_36892 slurm_job_id=3584826 launched_at=2026-09-27T15:14:33.964680+00:00
  Preparing input batches from Test split data...
    Total instances to forecast: 2928
  Running predictions (Batch size: 16)...
    Processed 160/2928...
    Processed 320/2928...
    Processed 480/2928...
    Processed 640/2928...
    Processed 800/2928...
    Processed 960/2928...
    Processed 1120/2928...
    Processed 1280/2928...
    Processed 1440/2928...
    Processed 1600/2928...
    Processed 1760/2928...
    Processed 1920/2928...
    Processed 2080/2928...
    Processed 2240/2928...
    Processed 2400/2928...
    Processed 2560/2928...
    Processed 2720/2928...
    Processed 2880/2928...
TIME run allocation action=new run=/fslarge/scratch/users/h61084/codes/evaluating_tsfms/outputs/instance_normalization/tasks/chronos_bolt/normalization/zscore/univariate/SG_Weather/D/short/run_0 launch_id=selena_instance_normalization_20260927T131553Z_36892 slurm_job_id=3584826 launched_at=2026-09-27T15:14:38.896653+00:00
    Total instances: 2928, Series during experiment: 24, Windows: 122
    Collecting ground truth and context...
    Detected to_univariate case: 24 flat series -> 6 series x 4 variates
    Organizing data into arrays...
    Saved predictions (quantiles) to /fslarge/scratch/users/h61084/codes/evaluating_tsfms/outputs/instance_normalization/tasks/chronos_bolt/normalization/zscore/univariate/SG_Weather/D/short/run_0/predictions.npz
    Computing per-window metrics...
    Saved metrics to /fslarge/scratch/users/h61084/codes/evaluating_tsfms/outputs/instance_normalization/tasks/chronos_bolt/normalization/zscore/univariate/SG_Weather/D/short/run_0/metrics.npz
    Saved config to /fslarge/scratch/users/h61084/codes/evaluating_tsfms/outputs/instance_normalization/tasks/chronos_bolt/normalization/zscore/univariate/SG_Weather/D/short/run_0/config.json
    Saved aggregate metrics to /fslarge/scratch/users/h61084/codes/evaluating_tsfms/outputs/instance_normalization/tasks/chronos_bolt/normalization/zscore/univariate/SG_Weather/D/short/run_0/metrics_summary.json
    Metrics summary (averaged over all series/windows/variates):
      MSE: 2187.5583
      MAE: 17.8336
      RMSE: 20.5050
      MAPE: 0.3912
      sMAPE: 0.2273
      MASE: 0.8705
      ND: 0.2521
      CRPS: 0.1974
  Output: /fslarge/scratch/users/h61084/codes/evaluating_tsfms/outputs/instance_normalization/tasks/chronos_bolt/normalization/zscore/univariate/SG_Weather/D/short/run_0

--- Term: medium ---
  Config: prediction_length=7, test_length=366, val_length=366
  Dataset info:
    - Frequency: D
    - Num series: 6
    - Target dim: 4
    - Target mode: univariate
    - Series length: min=2953, max=2953, avg=2953.0
    - Test split: 366 steps
    - Prediction length: 7
    - Windows: 52
TIME run allocation action=new run=/fslarge/scratch/users/h61084/codes/evaluating_tsfms/outputs/instance_normalization/inference/chronos_bolt/normalization/zscore/univariate/SG_Weather/D/medium/run_0 launch_id=selena_instance_normalization_20260927T131553Z_36892 slurm_job_id=3584826 launched_at=2026-09-27T15:14:39.637696+00:00
  Preparing input batches from Test split data...
    Total instances to forecast: 1248
  Running predictions (Batch size: 16)...
    Processed 160/1248...
    Processed 320/1248...
    Processed 480/1248...
    Processed 640/1248...
    Processed 800/1248...
    Processed 960/1248...
    Processed 1120/1248...
TIME run allocation action=new run=/fslarge/scratch/users/h61084/codes/evaluating_tsfms/outputs/instance_normalization/tasks/chronos_bolt/normalization/zscore/univariate/SG_Weather/D/medium/run_0 launch_id=selena_instance_normalization_20260927T131553Z_36892 slurm_job_id=3584826 launched_at=2026-09-27T15:14:41.650384+00:00
    Total instances: 1248, Series during experiment: 24, Windows: 52
    Collecting ground truth and context...
    Detected to_univariate case: 24 flat series -> 6 series x 4 variates
    Organizing data into arrays...
    Saved predictions (quantiles) to /fslarge/scratch/users/h61084/codes/evaluating_tsfms/outputs/instance_normalization/tasks/chronos_bolt/normalization/zscore/univariate/SG_Weather/D/medium/run_0/predictions.npz
    Computing per-window metrics...
    Saved metrics to /fslarge/scratch/users/h61084/codes/evaluating_tsfms/outputs/instance_normalization/tasks/chronos_bolt/normalization/zscore/univariate/SG_Weather/D/medium/run_0/metrics.npz
    Saved config to /fslarge/scratch/users/h61084/codes/evaluating_tsfms/outputs/instance_normalization/tasks/chronos_bolt/normalization/zscore/univariate/SG_Weather/D/medium/run_0/config.json
    Saved aggregate metrics to /fslarge/scratch/users/h61084/codes/evaluating_tsfms/outputs/instance_normalization/tasks/chronos_bolt/normalization/zscore/univariate/SG_Weather/D/medium/run_0/metrics_summary.json
    Metrics summary (averaged over all series/windows/variates):
      MSE: 2264.9417
      MAE: 18.3903
      RMSE: 22.3920
      MAPE: 0.3959
      sMAPE: 0.2331
      MASE: 0.9120
      ND: 0.2322
      CRPS: 0.1819
  Output: /fslarge/scratch/users/h61084/codes/evaluating_tsfms/outputs/instance_normalization/tasks/chronos_bolt/normalization/zscore/univariate/SG_Weather/D/medium/run_0

--- Term: long ---
  Config: prediction_length=14, test_length=366, val_length=366
  Dataset info:
    - Frequency: D
    - Num series: 6
    - Target dim: 4
    - Target mode: univariate
    - Series length: min=2953, max=2953, avg=2953.0
    - Test split: 366 steps
    - Prediction length: 14
    - Windows: 26
TIME run allocation action=new run=/fslarge/scratch/users/h61084/codes/evaluating_tsfms/outputs/instance_normalization/inference/chronos_bolt/normalization/zscore/univariate/SG_Weather/D/long/run_0 launch_id=selena_instance_normalization_20260927T131553Z_36892 slurm_job_id=3584826 launched_at=2026-09-27T15:14:41.986585+00:00
  Preparing input batches from Test split data...
    Total instances to forecast: 624
  Running predictions (Batch size: 16)...
    Processed 160/624...
    Processed 320/624...
    Processed 480/624...
TIME run allocation action=new run=/fslarge/scratch/users/h61084/codes/evaluating_tsfms/outputs/instance_normalization/tasks/chronos_bolt/normalization/zscore/univariate/SG_Weather/D/long/run_0 launch_id=selena_instance_normalization_20260927T131553Z_36892 slurm_job_id=3584826 launched_at=2026-09-27T15:14:43.006155+00:00
    Total instances: 624, Series during experiment: 24, Windows: 26
    Collecting ground truth and context...
    Detected to_univariate case: 24 flat series -> 6 series x 4 variates
    Organizing data into arrays...
    Saved predictions (quantiles) to /fslarge/scratch/users/h61084/codes/evaluating_tsfms/outputs/instance_normalization/tasks/chronos_bolt/normalization/zscore/univariate/SG_Weather/D/long/run_0/predictions.npz
    Computing per-window metrics...
    Saved metrics to /fslarge/scratch/users/h61084/codes/evaluating_tsfms/outputs/instance_normalization/tasks/chronos_bolt/normalization/zscore/univariate/SG_Weather/D/long/run_0/metrics.npz
    Saved config to /fslarge/scratch/users/h61084/codes/evaluating_tsfms/outputs/instance_normalization/tasks/chronos_bolt/normalization/zscore/univariate/SG_Weather/D/long/run_0/config.json
    Saved aggregate metrics to /fslarge/scratch/users/h61084/codes/evaluating_tsfms/outputs/instance_normalization/tasks/chronos_bolt/normalization/zscore/univariate/SG_Weather/D/long/run_0/metrics_summary.json
    Metrics summary (averaged over all series/windows/variates):
      MSE: 2282.6128
      MAE: 18.5438
      RMSE: 23.2289
      MAPE: 0.4004
      sMAPE: 0.2365
      MASE: 0.9297
      ND: 0.2298
      CRPS: 0.1799
  Output: /fslarge/scratch/users/h61084/codes/evaluating_tsfms/outputs/instance_normalization/tasks/chronos_bolt/normalization/zscore/univariate/SG_Weather/D/long/run_0

============================================================
All experiments completed!
Results saved to: /scratch/users/h61084/codes/evaluating_tsfms/outputs/instance_normalization/tasks
============================================================

############################################################
# All datasets completed!
############################################################

############################################################
# Dataset 1/1: SG_PM25/H
############################################################
Loading configuration...

============================================================
Dataset: SG_PM25/H
Model: amazon/chronos-bolt-base
Terms: ['short', 'medium', 'long']
Instance normalization: zscore
============================================================
Loading Chronos-Bolt model: amazon/chronos-bolt-base from /fslarge/scratch/users/h61084/weights/chronos-bolt-base...
[2026-09-27 15:14:51 UTC] resources selected_device {"device": "cuda", "model": "chronos_bolt", "stage": "forecast"}

--- Term: short ---
  Config: prediction_length=24, test_length=2208, val_length=2160
  Dataset info:
    - Frequency: H
    - Num series: 1
    - Target dim: 5
    - Target mode: univariate
    - Series length: min=38688, max=38688, avg=38688.0
    - Test split: 2208 steps
    - Prediction length: 24
    - Windows: 92
TIME run allocation action=new run=/fslarge/scratch/users/h61084/codes/evaluating_tsfms/outputs/instance_normalization/inference/chronos_bolt/normalization/zscore/univariate/SG_PM25/H/short/run_0 launch_id=selena_instance_normalization_20260927T131553Z_36892 slurm_job_id=3584826 launched_at=2026-09-27T15:14:52.383559+00:00
  Preparing input batches from Test split data...
    Total instances to forecast: 460
  Running predictions (Batch size: 16)...
    Processed 160/460...
    Processed 320/460...
TIME run allocation action=new run=/fslarge/scratch/users/h61084/codes/evaluating_tsfms/outputs/instance_normalization/tasks/chronos_bolt/normalization/zscore/univariate/SG_PM25/H/short/run_0 launch_id=selena_instance_normalization_20260927T131553Z_36892 slurm_job_id=3584826 launched_at=2026-09-27T15:14:53.349798+00:00
    Total instances: 460, Series during experiment: 5, Windows: 92
    Collecting ground truth and context...
    Detected to_univariate case: 5 flat series -> 1 series x 5 variates
    Organizing data into arrays...
    Saved predictions (quantiles) to /fslarge/scratch/users/h61084/codes/evaluating_tsfms/outputs/instance_normalization/tasks/chronos_bolt/normalization/zscore/univariate/SG_PM25/H/short/run_0/predictions.npz
    Computing per-window metrics...
    Saved metrics to /fslarge/scratch/users/h61084/codes/evaluating_tsfms/outputs/instance_normalization/tasks/chronos_bolt/normalization/zscore/univariate/SG_PM25/H/short/run_0/metrics.npz
    Saved config to /fslarge/scratch/users/h61084/codes/evaluating_tsfms/outputs/instance_normalization/tasks/chronos_bolt/normalization/zscore/univariate/SG_PM25/H/short/run_0/config.json
    Saved aggregate metrics to /fslarge/scratch/users/h61084/codes/evaluating_tsfms/outputs/instance_normalization/tasks/chronos_bolt/normalization/zscore/univariate/SG_PM25/H/short/run_0/metrics_summary.json
    Metrics summary (averaged over all series/windows/variates):
      MSE: 44.0598
      MAE: 4.7375
      RMSE: 5.8469
      MAPE: 0.5007
      sMAPE: 0.4009
      MASE: 0.9001
      ND: 0.4028
      CRPS: 0.3149
  Output: /fslarge/scratch/users/h61084/codes/evaluating_tsfms/outputs/instance_normalization/tasks/chronos_bolt/normalization/zscore/univariate/SG_PM25/H/short/run_0

--- Term: medium ---
  Config: prediction_length=72, test_length=2208, val_length=2160
  Dataset info:
    - Frequency: H
    - Num series: 1
    - Target dim: 5
    - Target mode: univariate
    - Series length: min=38688, max=38688, avg=38688.0
    - Test split: 2208 steps
    - Prediction length: 72
    - Windows: 30
TIME run allocation action=new run=/fslarge/scratch/users/h61084/codes/evaluating_tsfms/outputs/instance_normalization/inference/chronos_bolt/normalization/zscore/univariate/SG_PM25/H/medium/run_0 launch_id=selena_instance_normalization_20260927T131553Z_36892 slurm_job_id=3584826 launched_at=2026-09-27T15:14:53.605068+00:00
  Preparing input batches from Test split data...
    Total instances to forecast: 150
  Running predictions (Batch size: 16)...
    Processed 150/150...
TIME run allocation action=new run=/fslarge/scratch/users/h61084/codes/evaluating_tsfms/outputs/instance_normalization/tasks/chronos_bolt/normalization/zscore/univariate/SG_PM25/H/medium/run_0 launch_id=selena_instance_normalization_20260927T131553Z_36892 slurm_job_id=3584826 launched_at=2026-09-27T15:14:55.232468+00:00
    Total instances: 150, Series during experiment: 5, Windows: 30
    Collecting ground truth and context...
    Detected to_univariate case: 5 flat series -> 1 series x 5 variates
    Organizing data into arrays...
    Saved predictions (quantiles) to /fslarge/scratch/users/h61084/codes/evaluating_tsfms/outputs/instance_normalization/tasks/chronos_bolt/normalization/zscore/univariate/SG_PM25/H/medium/run_0/predictions.npz
    Computing per-window metrics...
    Saved metrics to /fslarge/scratch/users/h61084/codes/evaluating_tsfms/outputs/instance_normalization/tasks/chronos_bolt/normalization/zscore/univariate/SG_PM25/H/medium/run_0/metrics.npz
    Saved config to /fslarge/scratch/users/h61084/codes/evaluating_tsfms/outputs/instance_normalization/tasks/chronos_bolt/normalization/zscore/univariate/SG_PM25/H/medium/run_0/config.json
    Saved aggregate metrics to /fslarge/scratch/users/h61084/codes/evaluating_tsfms/outputs/instance_normalization/tasks/chronos_bolt/normalization/zscore/univariate/SG_PM25/H/medium/run_0/metrics_summary.json
    Metrics summary (averaged over all series/windows/variates):
      MSE: 51.6239
      MAE: 5.1286
      RMSE: 6.5366
      MAPE: 0.5289
      sMAPE: 0.4297
      MASE: 0.9730
      ND: 0.4202
      CRPS: 0.3290
  Output: /fslarge/scratch/users/h61084/codes/evaluating_tsfms/outputs/instance_normalization/tasks/chronos_bolt/normalization/zscore/univariate/SG_PM25/H/medium/run_0

--- Term: long ---
  Config: prediction_length=168, test_length=2208, val_length=2160
  Dataset info:
    - Frequency: H
    - Num series: 1
    - Target dim: 5
    - Target mode: univariate
    - Series length: min=38688, max=38688, avg=38688.0
    - Test split: 2208 steps
    - Prediction length: 168
    - Windows: 13
TIME run allocation action=new run=/fslarge/scratch/users/h61084/codes/evaluating_tsfms/outputs/instance_normalization/inference/chronos_bolt/normalization/zscore/univariate/SG_PM25/H/long/run_0 launch_id=selena_instance_normalization_20260927T131553Z_36892 slurm_job_id=3584826 launched_at=2026-09-27T15:14:55.365256+00:00
  Preparing input batches from Test split data...
    Total instances to forecast: 65
  Running predictions (Batch size: 16)...
TIME run allocation action=new run=/fslarge/scratch/users/h61084/codes/evaluating_tsfms/outputs/instance_normalization/tasks/chronos_bolt/normalization/zscore/univariate/SG_PM25/H/long/run_0 launch_id=selena_instance_normalization_20260927T131553Z_36892 slurm_job_id=3584826 launched_at=2026-09-27T15:14:56.694555+00:00
    Total instances: 65, Series during experiment: 5, Windows: 13
    Collecting ground truth and context...
    Detected to_univariate case: 5 flat series -> 1 series x 5 variates
    Organizing data into arrays...
    Saved predictions (quantiles) to /fslarge/scratch/users/h61084/codes/evaluating_tsfms/outputs/instance_normalization/tasks/chronos_bolt/normalization/zscore/univariate/SG_PM25/H/long/run_0/predictions.npz
    Computing per-window metrics...
    Saved metrics to /fslarge/scratch/users/h61084/codes/evaluating_tsfms/outputs/instance_normalization/tasks/chronos_bolt/normalization/zscore/univariate/SG_PM25/H/long/run_0/metrics.npz
    Saved config to /fslarge/scratch/users/h61084/codes/evaluating_tsfms/outputs/instance_normalization/tasks/chronos_bolt/normalization/zscore/univariate/SG_PM25/H/long/run_0/config.json
    Saved aggregate metrics to /fslarge/scratch/users/h61084/codes/evaluating_tsfms/outputs/instance_normalization/tasks/chronos_bolt/normalization/zscore/univariate/SG_PM25/H/long/run_0/metrics_summary.json
    Metrics summary (averaged over all series/windows/variates):
      MSE: 51.6894
      MAE: 5.1893
      RMSE: 6.8288
      MAPE: 0.5216
      sMAPE: 0.4365
      MASE: 0.9863
      ND: 0.4244
      CRPS: 0.3364
  Output: /fslarge/scratch/users/h61084/codes/evaluating_tsfms/outputs/instance_normalization/tasks/chronos_bolt/normalization/zscore/univariate/SG_PM25/H/long/run_0

============================================================
All experiments completed!
Results saved to: /scratch/users/h61084/codes/evaluating_tsfms/outputs/instance_normalization/tasks
============================================================

############################################################
# All datasets completed!
############################################################

############################################################
# Dataset 1/1: NE_China_Wind/H
############################################################
Loading configuration...

============================================================
Dataset: NE_China_Wind/H
Model: amazon/chronos-bolt-base
Terms: ['short', 'medium', 'long']
Instance normalization: zscore
============================================================
Loading Chronos-Bolt model: amazon/chronos-bolt-base from /fslarge/scratch/users/h61084/weights/chronos-bolt-base...
[2026-09-27 15:15:05 UTC] resources selected_device {"device": "cuda", "model": "chronos_bolt", "stage": "forecast"}

--- Term: short ---
  Config: prediction_length=24, test_length=720, val_length=720
  Dataset info:
    - Frequency: H
    - Num series: 1
    - Target dim: 4
    - Target mode: univariate
    - Series length: min=8764, max=8764, avg=8764.0
    - Test split: 720 steps
    - Prediction length: 24
    - Windows: 30
TIME run allocation action=new run=/fslarge/scratch/users/h61084/codes/evaluating_tsfms/outputs/instance_normalization/inference/chronos_bolt/normalization/zscore/univariate/NE_China_Wind/H/short/run_0 launch_id=selena_instance_normalization_20260927T131553Z_36892 slurm_job_id=3584826 launched_at=2026-09-27T15:15:05.972020+00:00
  Preparing input batches from Test split data...
    Total instances to forecast: 120
  Running predictions (Batch size: 16)...
TIME run allocation action=new run=/fslarge/scratch/users/h61084/codes/evaluating_tsfms/outputs/instance_normalization/tasks/chronos_bolt/normalization/zscore/univariate/NE_China_Wind/H/short/run_0 launch_id=selena_instance_normalization_20260927T131553Z_36892 slurm_job_id=3584826 launched_at=2026-09-27T15:15:06.389128+00:00
    Total instances: 120, Series during experiment: 4, Windows: 30
    Collecting ground truth and context...
    Detected to_univariate case: 4 flat series -> 1 series x 4 variates
    Organizing data into arrays...
    Saved predictions (quantiles) to /fslarge/scratch/users/h61084/codes/evaluating_tsfms/outputs/instance_normalization/tasks/chronos_bolt/normalization/zscore/univariate/NE_China_Wind/H/short/run_0/predictions.npz
    Computing per-window metrics...
    Saved metrics to /fslarge/scratch/users/h61084/codes/evaluating_tsfms/outputs/instance_normalization/tasks/chronos_bolt/normalization/zscore/univariate/NE_China_Wind/H/short/run_0/metrics.npz
    Saved config to /fslarge/scratch/users/h61084/codes/evaluating_tsfms/outputs/instance_normalization/tasks/chronos_bolt/normalization/zscore/univariate/NE_China_Wind/H/short/run_0/config.json
    Saved aggregate metrics to /fslarge/scratch/users/h61084/codes/evaluating_tsfms/outputs/instance_normalization/tasks/chronos_bolt/normalization/zscore/univariate/NE_China_Wind/H/short/run_0/metrics_summary.json
    Metrics summary (averaged over all series/windows/variates):
      MSE: 0.1024
      MAE: 0.2177
      RMSE: 0.2547
      MAPE: 0.8341
      sMAPE: 0.4933
      MASE: 0.5333
      ND: 0.4345
      CRPS: 0.3381
  Output: /fslarge/scratch/users/h61084/codes/evaluating_tsfms/outputs/instance_normalization/tasks/chronos_bolt/normalization/zscore/univariate/NE_China_Wind/H/short/run_0

--- Term: medium ---
  Config: prediction_length=72, test_length=720, val_length=720
  Dataset info:
    - Frequency: H
    - Num series: 1
    - Target dim: 4
    - Target mode: univariate
    - Series length: min=8764, max=8764, avg=8764.0
    - Test split: 720 steps
    - Prediction length: 72
    - Windows: 10
TIME run allocation action=new run=/fslarge/scratch/users/h61084/codes/evaluating_tsfms/outputs/instance_normalization/inference/chronos_bolt/normalization/zscore/univariate/NE_China_Wind/H/medium/run_0 launch_id=selena_instance_normalization_20260927T131553Z_36892 slurm_job_id=3584826 launched_at=2026-09-27T15:15:06.457981+00:00
  Preparing input batches from Test split data...
    Total instances to forecast: 40
  Running predictions (Batch size: 16)...
TIME run allocation action=new run=/fslarge/scratch/users/h61084/codes/evaluating_tsfms/outputs/instance_normalization/tasks/chronos_bolt/normalization/zscore/univariate/NE_China_Wind/H/medium/run_0 launch_id=selena_instance_normalization_20260927T131553Z_36892 slurm_job_id=3584826 launched_at=2026-09-27T15:15:06.915224+00:00
    Total instances: 40, Series during experiment: 4, Windows: 10
    Collecting ground truth and context...
    Detected to_univariate case: 4 flat series -> 1 series x 4 variates
    Organizing data into arrays...
    Saved predictions (quantiles) to /fslarge/scratch/users/h61084/codes/evaluating_tsfms/outputs/instance_normalization/tasks/chronos_bolt/normalization/zscore/univariate/NE_China_Wind/H/medium/run_0/predictions.npz
    Computing per-window metrics...
    Saved metrics to /fslarge/scratch/users/h61084/codes/evaluating_tsfms/outputs/instance_normalization/tasks/chronos_bolt/normalization/zscore/univariate/NE_China_Wind/H/medium/run_0/metrics.npz
    Saved config to /fslarge/scratch/users/h61084/codes/evaluating_tsfms/outputs/instance_normalization/tasks/chronos_bolt/normalization/zscore/univariate/NE_China_Wind/H/medium/run_0/config.json
    Saved aggregate metrics to /fslarge/scratch/users/h61084/codes/evaluating_tsfms/outputs/instance_normalization/tasks/chronos_bolt/normalization/zscore/univariate/NE_China_Wind/H/medium/run_0/metrics_summary.json
    Metrics summary (averaged over all series/windows/variates):
      MSE: 0.2650
      MAE: 0.3702
      RMSE: 0.4323
      MAPE: 0.8880
      sMAPE: 0.7226
      MASE: 0.9417
      ND: 0.5539
      CRPS: 0.4487
  Output: /fslarge/scratch/users/h61084/codes/evaluating_tsfms/outputs/instance_normalization/tasks/chronos_bolt/normalization/zscore/univariate/NE_China_Wind/H/medium/run_0

--- Term: long ---
  Config: prediction_length=168, test_length=720, val_length=720
  Dataset info:
    - Frequency: H
    - Num series: 1
    - Target dim: 4
    - Target mode: univariate
    - Series length: min=8764, max=8764, avg=8764.0
    - Test split: 720 steps
    - Prediction length: 168
    - Windows: 4
TIME run allocation action=new run=/fslarge/scratch/users/h61084/codes/evaluating_tsfms/outputs/instance_normalization/inference/chronos_bolt/normalization/zscore/univariate/NE_China_Wind/H/long/run_0 launch_id=selena_instance_normalization_20260927T131553Z_36892 slurm_job_id=3584826 launched_at=2026-09-27T15:15:06.961124+00:00
  Preparing input batches from Test split data...
    Total instances to forecast: 16
  Running predictions (Batch size: 16)...
TIME run allocation action=new run=/fslarge/scratch/users/h61084/codes/evaluating_tsfms/outputs/instance_normalization/tasks/chronos_bolt/normalization/zscore/univariate/NE_China_Wind/H/long/run_0 launch_id=selena_instance_normalization_20260927T131553Z_36892 slurm_job_id=3584826 launched_at=2026-09-27T15:15:07.280452+00:00
    Total instances: 16, Series during experiment: 4, Windows: 4
    Collecting ground truth and context...
    Detected to_univariate case: 4 flat series -> 1 series x 4 variates
    Organizing data into arrays...
    Saved predictions (quantiles) to /fslarge/scratch/users/h61084/codes/evaluating_tsfms/outputs/instance_normalization/tasks/chronos_bolt/normalization/zscore/univariate/NE_China_Wind/H/long/run_0/predictions.npz
    Computing per-window metrics...
    Saved metrics to /fslarge/scratch/users/h61084/codes/evaluating_tsfms/outputs/instance_normalization/tasks/chronos_bolt/normalization/zscore/univariate/NE_China_Wind/H/long/run_0/metrics.npz
    Saved config to /fslarge/scratch/users/h61084/codes/evaluating_tsfms/outputs/instance_normalization/tasks/chronos_bolt/normalization/zscore/univariate/NE_China_Wind/H/long/run_0/config.json
    Saved aggregate metrics to /fslarge/scratch/users/h61084/codes/evaluating_tsfms/outputs/instance_normalization/tasks/chronos_bolt/normalization/zscore/univariate/NE_China_Wind/H/long/run_0/metrics_summary.json
    Metrics summary (averaged over all series/windows/variates):
      MSE: 0.3511
      MAE: 0.4531
      RMSE: 0.5548
      MAPE: 1.0509
      sMAPE: 0.8280
      MASE: 1.2606
      ND: 0.6125
      CRPS: 0.4906
  Output: /fslarge/scratch/users/h61084/codes/evaluating_tsfms/outputs/instance_normalization/tasks/chronos_bolt/normalization/zscore/univariate/NE_China_Wind/H/long/run_0

============================================================
All experiments completed!
Results saved to: /scratch/users/h61084/codes/evaluating_tsfms/outputs/instance_normalization/tasks
============================================================

############################################################
# All datasets completed!
############################################################

############################################################
# Dataset 1/1: Australia_Solar/H
############################################################
Loading configuration...

============================================================
Dataset: Australia_Solar/H
Model: amazon/chronos-bolt-base
Terms: ['short', 'medium', 'long']
Instance normalization: zscore
============================================================
Loading Chronos-Bolt model: amazon/chronos-bolt-base from /fslarge/scratch/users/h61084/weights/chronos-bolt-base...
[2026-09-27 15:15:15 UTC] resources selected_device {"device": "cuda", "model": "chronos_bolt", "stage": "forecast"}

--- Term: short ---
  Config: prediction_length=24, test_length=2520, val_length=2520
  Dataset info:
    - Frequency: H
    - Num series: 1
    - Target dim: 3
    - Target mode: univariate
    - Series length: min=35064, max=35064, avg=35064.0
    - Test split: 2520 steps
    - Prediction length: 24
    - Windows: 105
TIME run allocation action=new run=/fslarge/scratch/users/h61084/codes/evaluating_tsfms/outputs/instance_normalization/inference/chronos_bolt/normalization/zscore/univariate/Australia_Solar/H/short/run_0 launch_id=selena_instance_normalization_20260927T131553Z_36892 slurm_job_id=3584826 launched_at=2026-09-27T15:15:16.502421+00:00
  Preparing input batches from Test split data...
    Total instances to forecast: 315
  Running predictions (Batch size: 16)...
    Processed 160/315...
    Processed 315/315...
TIME run allocation action=new run=/fslarge/scratch/users/h61084/codes/evaluating_tsfms/outputs/instance_normalization/tasks/chronos_bolt/normalization/zscore/univariate/Australia_Solar/H/short/run_0 launch_id=selena_instance_normalization_20260927T131553Z_36892 slurm_job_id=3584826 launched_at=2026-09-27T15:15:17.252976+00:00
    Total instances: 315, Series during experiment: 3, Windows: 105
    Collecting ground truth and context...
    Detected to_univariate case: 3 flat series -> 1 series x 3 variates
    Organizing data into arrays...
    ⚠️  Predictions max value (2011714.62) exceeds float16 safe range.
    ⚠️  Applying scale factor: 100 (values will be divided)
    Saved predictions (quantiles) to /fslarge/scratch/users/h61084/codes/evaluating_tsfms/outputs/instance_normalization/tasks/chronos_bolt/normalization/zscore/univariate/Australia_Solar/H/short/run_0/predictions.npz
    Computing per-window metrics...
    Saved metrics to /fslarge/scratch/users/h61084/codes/evaluating_tsfms/outputs/instance_normalization/tasks/chronos_bolt/normalization/zscore/univariate/Australia_Solar/H/short/run_0/metrics.npz
    Saved config to /fslarge/scratch/users/h61084/codes/evaluating_tsfms/outputs/instance_normalization/tasks/chronos_bolt/normalization/zscore/univariate/Australia_Solar/H/short/run_0/config.json
    Saved aggregate metrics to /fslarge/scratch/users/h61084/codes/evaluating_tsfms/outputs/instance_normalization/tasks/chronos_bolt/normalization/zscore/univariate/Australia_Solar/H/short/run_0/metrics_summary.json
    Metrics summary (averaged over all series/windows/variates):
      MSE: 24319664058.4214
      MAE: 79146.9289
      RMSE: 103897.6764
      MAPE: 84.3250
      sMAPE: 0.5580
      MASE: 1.1027
      ND: 0.3368
      CRPS: 0.2716
  Output: /fslarge/scratch/users/h61084/codes/evaluating_tsfms/outputs/instance_normalization/tasks/chronos_bolt/normalization/zscore/univariate/Australia_Solar/H/short/run_0

--- Term: medium ---
  Config: prediction_length=72, test_length=2520, val_length=2520
  Dataset info:
    - Frequency: H
    - Num series: 1
    - Target dim: 3
    - Target mode: univariate
    - Series length: min=35064, max=35064, avg=35064.0
    - Test split: 2520 steps
    - Prediction length: 72
    - Windows: 35
TIME run allocation action=new run=/fslarge/scratch/users/h61084/codes/evaluating_tsfms/outputs/instance_normalization/inference/chronos_bolt/normalization/zscore/univariate/Australia_Solar/H/medium/run_0 launch_id=selena_instance_normalization_20260927T131553Z_36892 slurm_job_id=3584826 launched_at=2026-09-27T15:15:17.421743+00:00
  Preparing input batches from Test split data...
    Total instances to forecast: 105
  Running predictions (Batch size: 16)...
TIME run allocation action=new run=/fslarge/scratch/users/h61084/codes/evaluating_tsfms/outputs/instance_normalization/tasks/chronos_bolt/normalization/zscore/univariate/Australia_Solar/H/medium/run_0 launch_id=selena_instance_normalization_20260927T131553Z_36892 slurm_job_id=3584826 launched_at=2026-09-27T15:15:18.569762+00:00
    Total instances: 105, Series during experiment: 3, Windows: 35
    Collecting ground truth and context...
    Detected to_univariate case: 3 flat series -> 1 series x 3 variates
    Organizing data into arrays...
    ⚠️  Predictions max value (2082131.38) exceeds float16 safe range.
    ⚠️  Applying scale factor: 100 (values will be divided)
    Saved predictions (quantiles) to /fslarge/scratch/users/h61084/codes/evaluating_tsfms/outputs/instance_normalization/tasks/chronos_bolt/normalization/zscore/univariate/Australia_Solar/H/medium/run_0/predictions.npz
    Computing per-window metrics...
    Saved metrics to /fslarge/scratch/users/h61084/codes/evaluating_tsfms/outputs/instance_normalization/tasks/chronos_bolt/normalization/zscore/univariate/Australia_Solar/H/medium/run_0/metrics.npz
    Saved config to /fslarge/scratch/users/h61084/codes/evaluating_tsfms/outputs/instance_normalization/tasks/chronos_bolt/normalization/zscore/univariate/Australia_Solar/H/medium/run_0/config.json
    Saved aggregate metrics to /fslarge/scratch/users/h61084/codes/evaluating_tsfms/outputs/instance_normalization/tasks/chronos_bolt/normalization/zscore/univariate/Australia_Solar/H/medium/run_0/metrics_summary.json
    Metrics summary (averaged over all series/windows/variates):
      MSE: 25772969275.6791
      MAE: 82552.6845
      RMSE: 122263.7325
      MAPE: 84.2985
      sMAPE: 0.5705
      MASE: 1.1873
      ND: 0.3012
      CRPS: 0.2406
  Output: /fslarge/scratch/users/h61084/codes/evaluating_tsfms/outputs/instance_normalization/tasks/chronos_bolt/normalization/zscore/univariate/Australia_Solar/H/medium/run_0

--- Term: long ---
  Config: prediction_length=168, test_length=2520, val_length=2520
  Dataset info:
    - Frequency: H
    - Num series: 1
    - Target dim: 3
    - Target mode: univariate
    - Series length: min=35064, max=35064, avg=35064.0
    - Test split: 2520 steps
    - Prediction length: 168
    - Windows: 15
TIME run allocation action=new run=/fslarge/scratch/users/h61084/codes/evaluating_tsfms/outputs/instance_normalization/inference/chronos_bolt/normalization/zscore/univariate/Australia_Solar/H/long/run_0 launch_id=selena_instance_normalization_20260927T131553Z_36892 slurm_job_id=3584826 launched_at=2026-09-27T15:15:18.661369+00:00
  Preparing input batches from Test split data...
    Total instances to forecast: 45
  Running predictions (Batch size: 16)...
TIME run allocation action=new run=/fslarge/scratch/users/h61084/codes/evaluating_tsfms/outputs/instance_normalization/tasks/chronos_bolt/normalization/zscore/univariate/Australia_Solar/H/long/run_0 launch_id=selena_instance_normalization_20260927T131553Z_36892 slurm_job_id=3584826 launched_at=2026-09-27T15:15:19.538454+00:00
    Total instances: 45, Series during experiment: 3, Windows: 15
    Collecting ground truth and context...
    Detected to_univariate case: 3 flat series -> 1 series x 3 variates
    Organizing data into arrays...
    ⚠️  Predictions max value (2030221.88) exceeds float16 safe range.
    ⚠️  Applying scale factor: 100 (values will be divided)
    Saved predictions (quantiles) to /fslarge/scratch/users/h61084/codes/evaluating_tsfms/outputs/instance_normalization/tasks/chronos_bolt/normalization/zscore/univariate/Australia_Solar/H/long/run_0/predictions.npz
    Computing per-window metrics...
    Saved metrics to /fslarge/scratch/users/h61084/codes/evaluating_tsfms/outputs/instance_normalization/tasks/chronos_bolt/normalization/zscore/univariate/Australia_Solar/H/long/run_0/metrics.npz
    Saved config to /fslarge/scratch/users/h61084/codes/evaluating_tsfms/outputs/instance_normalization/tasks/chronos_bolt/normalization/zscore/univariate/Australia_Solar/H/long/run_0/config.json
    Saved aggregate metrics to /fslarge/scratch/users/h61084/codes/evaluating_tsfms/outputs/instance_normalization/tasks/chronos_bolt/normalization/zscore/univariate/Australia_Solar/H/long/run_0/metrics_summary.json
    Metrics summary (averaged over all series/windows/variates):
      MSE: 24593359455.5994
      MAE: 81252.4815
      RMSE: 125718.3043
      MAPE: 118.6877
      sMAPE: 0.5792
      MASE: 1.2014
      ND: 0.2758
      CRPS: 0.2228
  Output: /fslarge/scratch/users/h61084/codes/evaluating_tsfms/outputs/instance_normalization/tasks/chronos_bolt/normalization/zscore/univariate/Australia_Solar/H/long/run_0

============================================================
All experiments completed!
Results saved to: /scratch/users/h61084/codes/evaluating_tsfms/outputs/instance_normalization/tasks
============================================================

############################################################
# All datasets completed!
############################################################

############################################################
# Dataset 1/1: epf_electricity_price/H
############################################################
Loading configuration...

============================================================
Dataset: epf_electricity_price/H
Model: amazon/chronos-bolt-base
Terms: ['short', 'medium', 'long']
Instance normalization: zscore
============================================================
Loading Chronos-Bolt model: amazon/chronos-bolt-base from /fslarge/scratch/users/h61084/weights/chronos-bolt-base...
[2026-09-27 15:15:28 UTC] resources selected_device {"device": "cuda", "model": "chronos_bolt", "stage": "forecast"}

--- Term: short ---
  Config: prediction_length=24, test_length=2520, val_length=2520
  Dataset info:
    - Frequency: H
    - Num series: 5
    - Target dim: 1
    - Target mode: univariate
    - Series length: min=52416, max=52416, avg=52416.0
    - Test split: 2520 steps
    - Prediction length: 24
    - Windows: 105
TIME run allocation action=new run=/fslarge/scratch/users/h61084/codes/evaluating_tsfms/outputs/instance_normalization/inference/chronos_bolt/normalization/zscore/univariate/epf_electricity_price/H/short/run_0 launch_id=selena_instance_normalization_20260927T131553Z_36892 slurm_job_id=3584826 launched_at=2026-09-27T15:15:28.771133+00:00
  Preparing input batches from Test split data...
    Total instances to forecast: 525
  Running predictions (Batch size: 16)...
    Processed 160/525...
    Processed 320/525...
    Processed 480/525...
TIME run allocation action=new run=/fslarge/scratch/users/h61084/codes/evaluating_tsfms/outputs/instance_normalization/tasks/chronos_bolt/normalization/zscore/univariate/epf_electricity_price/H/short/run_0 launch_id=selena_instance_normalization_20260927T131553Z_36892 slurm_job_id=3584826 launched_at=2026-09-27T15:15:29.862624+00:00
    Total instances: 525, Series during experiment: 5, Windows: 105
    Collecting ground truth and context...
    Organizing data into arrays...
    Saved predictions (quantiles) to /fslarge/scratch/users/h61084/codes/evaluating_tsfms/outputs/instance_normalization/tasks/chronos_bolt/normalization/zscore/univariate/epf_electricity_price/H/short/run_0/predictions.npz
    Computing per-window metrics...
    Saved metrics to /fslarge/scratch/users/h61084/codes/evaluating_tsfms/outputs/instance_normalization/tasks/chronos_bolt/normalization/zscore/univariate/epf_electricity_price/H/short/run_0/metrics.npz
    Saved config to /fslarge/scratch/users/h61084/codes/evaluating_tsfms/outputs/instance_normalization/tasks/chronos_bolt/normalization/zscore/univariate/epf_electricity_price/H/short/run_0/config.json
    Saved aggregate metrics to /fslarge/scratch/users/h61084/codes/evaluating_tsfms/outputs/instance_normalization/tasks/chronos_bolt/normalization/zscore/univariate/epf_electricity_price/H/short/run_0/metrics_summary.json
    Metrics summary (averaged over all series/windows/variates):
      MSE: 126.7529
      MAE: 6.2887
      RMSE: 7.8819
      MAPE: 1.1943
      sMAPE: 0.1605
      MASE: 0.9865
      ND: 0.1631
      CRPS: 0.1305
  Output: /fslarge/scratch/users/h61084/codes/evaluating_tsfms/outputs/instance_normalization/tasks/chronos_bolt/normalization/zscore/univariate/epf_electricity_price/H/short/run_0

--- Term: medium ---
  Config: prediction_length=72, test_length=2520, val_length=2520
  Dataset info:
    - Frequency: H
    - Num series: 5
    - Target dim: 1
    - Target mode: univariate
    - Series length: min=52416, max=52416, avg=52416.0
    - Test split: 2520 steps
    - Prediction length: 72
    - Windows: 35
TIME run allocation action=new run=/fslarge/scratch/users/h61084/codes/evaluating_tsfms/outputs/instance_normalization/inference/chronos_bolt/normalization/zscore/univariate/epf_electricity_price/H/medium/run_0 launch_id=selena_instance_normalization_20260927T131553Z_36892 slurm_job_id=3584826 launched_at=2026-09-27T15:15:30.136884+00:00
  Preparing input batches from Test split data...
    Total instances to forecast: 175
  Running predictions (Batch size: 16)...
    Processed 160/175...
TIME run allocation action=new run=/fslarge/scratch/users/h61084/codes/evaluating_tsfms/outputs/instance_normalization/tasks/chronos_bolt/normalization/zscore/univariate/epf_electricity_price/H/medium/run_0 launch_id=selena_instance_normalization_20260927T131553Z_36892 slurm_job_id=3584826 launched_at=2026-09-27T15:15:32.021323+00:00
    Total instances: 175, Series during experiment: 5, Windows: 35
    Collecting ground truth and context...
    Organizing data into arrays...
    Saved predictions (quantiles) to /fslarge/scratch/users/h61084/codes/evaluating_tsfms/outputs/instance_normalization/tasks/chronos_bolt/normalization/zscore/univariate/epf_electricity_price/H/medium/run_0/predictions.npz
    Computing per-window metrics...
    Saved metrics to /fslarge/scratch/users/h61084/codes/evaluating_tsfms/outputs/instance_normalization/tasks/chronos_bolt/normalization/zscore/univariate/epf_electricity_price/H/medium/run_0/metrics.npz
    Saved config to /fslarge/scratch/users/h61084/codes/evaluating_tsfms/outputs/instance_normalization/tasks/chronos_bolt/normalization/zscore/univariate/epf_electricity_price/H/medium/run_0/config.json
    Saved aggregate metrics to /fslarge/scratch/users/h61084/codes/evaluating_tsfms/outputs/instance_normalization/tasks/chronos_bolt/normalization/zscore/univariate/epf_electricity_price/H/medium/run_0/metrics_summary.json
    Metrics summary (averaged over all series/windows/variates):
      MSE: 196.4117
      MAE: 7.8488
      RMSE: 10.3060
      MAPE: 1.6921
      sMAPE: 0.1945
      MASE: 1.2502
      ND: 0.1935
      CRPS: 0.1560
  Output: /fslarge/scratch/users/h61084/codes/evaluating_tsfms/outputs/instance_normalization/tasks/chronos_bolt/normalization/zscore/univariate/epf_electricity_price/H/medium/run_0

--- Term: long ---
  Config: prediction_length=168, test_length=2520, val_length=2520
  Dataset info:
    - Frequency: H
    - Num series: 5
    - Target dim: 1
    - Target mode: univariate
    - Series length: min=52416, max=52416, avg=52416.0
    - Test split: 2520 steps
    - Prediction length: 168
    - Windows: 15
TIME run allocation action=new run=/fslarge/scratch/users/h61084/codes/evaluating_tsfms/outputs/instance_normalization/inference/chronos_bolt/normalization/zscore/univariate/epf_electricity_price/H/long/run_0 launch_id=selena_instance_normalization_20260927T131553Z_36892 slurm_job_id=3584826 launched_at=2026-09-27T15:15:32.147916+00:00
  Preparing input batches from Test split data...
    Total instances to forecast: 75
  Running predictions (Batch size: 16)...
TIME run allocation action=new run=/fslarge/scratch/users/h61084/codes/evaluating_tsfms/outputs/instance_normalization/tasks/chronos_bolt/normalization/zscore/univariate/epf_electricity_price/H/long/run_0 launch_id=selena_instance_normalization_20260927T131553Z_36892 slurm_job_id=3584826 launched_at=2026-09-27T15:15:33.653146+00:00
    Total instances: 75, Series during experiment: 5, Windows: 15
    Collecting ground truth and context...
    Organizing data into arrays...
    Saved predictions (quantiles) to /fslarge/scratch/users/h61084/codes/evaluating_tsfms/outputs/instance_normalization/tasks/chronos_bolt/normalization/zscore/univariate/epf_electricity_price/H/long/run_0/predictions.npz
    Computing per-window metrics...
    Saved metrics to /fslarge/scratch/users/h61084/codes/evaluating_tsfms/outputs/instance_normalization/tasks/chronos_bolt/normalization/zscore/univariate/epf_electricity_price/H/long/run_0/metrics.npz
    Saved config to /fslarge/scratch/users/h61084/codes/evaluating_tsfms/outputs/instance_normalization/tasks/chronos_bolt/normalization/zscore/univariate/epf_electricity_price/H/long/run_0/config.json
    Saved aggregate metrics to /fslarge/scratch/users/h61084/codes/evaluating_tsfms/outputs/instance_normalization/tasks/chronos_bolt/normalization/zscore/univariate/epf_electricity_price/H/long/run_0/metrics_summary.json
    Metrics summary (averaged over all series/windows/variates):
      MSE: 241.9497
      MAE: 9.0736
      RMSE: 12.4090
      MAPE: 1.6789
      sMAPE: 0.2250
      MASE: 1.4696
      ND: 0.2150
      CRPS: 0.1742
  Output: /fslarge/scratch/users/h61084/codes/evaluating_tsfms/outputs/instance_normalization/tasks/chronos_bolt/normalization/zscore/univariate/epf_electricity_price/H/long/run_0

============================================================
All experiments completed!
Results saved to: /scratch/users/h61084/codes/evaluating_tsfms/outputs/instance_normalization/tasks
============================================================

############################################################
# All datasets completed!
############################################################

############################################################
# Dataset 1/1: OpenElectricity_NEM/5T
############################################################
Loading configuration...

============================================================
Dataset: OpenElectricity_NEM/5T
Model: amazon/chronos-bolt-base
Terms: ['short', 'medium', 'long']
Instance normalization: zscore
============================================================
Loading Chronos-Bolt model: amazon/chronos-bolt-base from /fslarge/scratch/users/h61084/weights/chronos-bolt-base...
[2026-09-27 15:15:42 UTC] resources selected_device {"device": "cuda", "model": "chronos_bolt", "stage": "forecast"}

--- Term: short ---
  Config: prediction_length=24, test_length=4032, val_length=4032
  Dataset info:
    - Frequency: 5T
    - Num series: 1
    - Target dim: 10
    - Target mode: univariate
    - Series length: min=43488, max=43488, avg=43488.0
    - Test split: 4032 steps
    - Prediction length: 24
    - Windows: 168
TIME run allocation action=new run=/fslarge/scratch/users/h61084/codes/evaluating_tsfms/outputs/instance_normalization/inference/chronos_bolt/normalization/zscore/univariate/OpenElectricity_NEM/5T/short/run_0 launch_id=selena_instance_normalization_20260927T131553Z_36892 slurm_job_id=3584826 launched_at=2026-09-27T15:15:43.010711+00:00
  Preparing input batches from Test split data...
    Total instances to forecast: 1680
  Running predictions (Batch size: 16)...
    Processed 160/1680...
    Processed 320/1680...
    Processed 480/1680...
    Processed 640/1680...
    Processed 800/1680...
    Processed 960/1680...
    Processed 1120/1680...
    Processed 1280/1680...
    Processed 1440/1680...
    Processed 1600/1680...
TIME run allocation action=new run=/fslarge/scratch/users/h61084/codes/evaluating_tsfms/outputs/instance_normalization/tasks/chronos_bolt/normalization/zscore/univariate/OpenElectricity_NEM/5T/short/run_0 launch_id=selena_instance_normalization_20260927T131553Z_36892 slurm_job_id=3584826 launched_at=2026-09-27T15:15:45.945531+00:00
    Total instances: 1680, Series during experiment: 10, Windows: 168
    Collecting ground truth and context...
    Detected to_univariate case: 10 flat series -> 1 series x 10 variates
    Organizing data into arrays...
    Saved predictions (quantiles) to /fslarge/scratch/users/h61084/codes/evaluating_tsfms/outputs/instance_normalization/tasks/chronos_bolt/normalization/zscore/univariate/OpenElectricity_NEM/5T/short/run_0/predictions.npz
    Computing per-window metrics...
    Saved metrics to /fslarge/scratch/users/h61084/codes/evaluating_tsfms/outputs/instance_normalization/tasks/chronos_bolt/normalization/zscore/univariate/OpenElectricity_NEM/5T/short/run_0/metrics.npz
    Saved config to /fslarge/scratch/users/h61084/codes/evaluating_tsfms/outputs/instance_normalization/tasks/chronos_bolt/normalization/zscore/univariate/OpenElectricity_NEM/5T/short/run_0/config.json
    Saved aggregate metrics to /fslarge/scratch/users/h61084/codes/evaluating_tsfms/outputs/instance_normalization/tasks/chronos_bolt/normalization/zscore/univariate/OpenElectricity_NEM/5T/short/run_0/metrics_summary.json
    Metrics summary (averaged over all series/windows/variates):
      MSE: 14827.2281
      MAE: 64.8012
      RMSE: 75.2163
      MAPE: 3.8644
      sMAPE: 0.1772
      MASE: 0.4593
      ND: 0.1687
      CRPS: 0.1372
  Output: /fslarge/scratch/users/h61084/codes/evaluating_tsfms/outputs/instance_normalization/tasks/chronos_bolt/normalization/zscore/univariate/OpenElectricity_NEM/5T/short/run_0

--- Term: medium ---
  Config: prediction_length=96, test_length=4032, val_length=4032
  Dataset info:
    - Frequency: 5T
    - Num series: 1
    - Target dim: 10
    - Target mode: univariate
    - Series length: min=43488, max=43488, avg=43488.0
    - Test split: 4032 steps
    - Prediction length: 96
    - Windows: 42
TIME run allocation action=new run=/fslarge/scratch/users/h61084/codes/evaluating_tsfms/outputs/instance_normalization/inference/chronos_bolt/normalization/zscore/univariate/OpenElectricity_NEM/5T/medium/run_0 launch_id=selena_instance_normalization_20260927T131553Z_36892 slurm_job_id=3584826 launched_at=2026-09-27T15:15:46.762806+00:00
  Preparing input batches from Test split data...
    Total instances to forecast: 420
  Running predictions (Batch size: 16)...
    Processed 160/420...
    Processed 320/420...
TIME run allocation action=new run=/fslarge/scratch/users/h61084/codes/evaluating_tsfms/outputs/instance_normalization/tasks/chronos_bolt/normalization/zscore/univariate/OpenElectricity_NEM/5T/medium/run_0 launch_id=selena_instance_normalization_20260927T131553Z_36892 slurm_job_id=3584826 launched_at=2026-09-27T15:15:51.277694+00:00
    Total instances: 420, Series during experiment: 10, Windows: 42
    Collecting ground truth and context...
    Detected to_univariate case: 10 flat series -> 1 series x 10 variates
    Organizing data into arrays...
    Saved predictions (quantiles) to /fslarge/scratch/users/h61084/codes/evaluating_tsfms/outputs/instance_normalization/tasks/chronos_bolt/normalization/zscore/univariate/OpenElectricity_NEM/5T/medium/run_0/predictions.npz
    Computing per-window metrics...
    Saved metrics to /fslarge/scratch/users/h61084/codes/evaluating_tsfms/outputs/instance_normalization/tasks/chronos_bolt/normalization/zscore/univariate/OpenElectricity_NEM/5T/medium/run_0/metrics.npz
    Saved config to /fslarge/scratch/users/h61084/codes/evaluating_tsfms/outputs/instance_normalization/tasks/chronos_bolt/normalization/zscore/univariate/OpenElectricity_NEM/5T/medium/run_0/config.json
    Saved aggregate metrics to /fslarge/scratch/users/h61084/codes/evaluating_tsfms/outputs/instance_normalization/tasks/chronos_bolt/normalization/zscore/univariate/OpenElectricity_NEM/5T/medium/run_0/metrics_summary.json
    Metrics summary (averaged over all series/windows/variates):
      MSE: 64592.1809
      MAE: 121.2493
      RMSE: 148.6895
      MAPE: 6.1688
      sMAPE: 0.2385
      MASE: 0.7173
      ND: 0.2411
      CRPS: 0.1958
  Output: /fslarge/scratch/users/h61084/codes/evaluating_tsfms/outputs/instance_normalization/tasks/chronos_bolt/normalization/zscore/univariate/OpenElectricity_NEM/5T/medium/run_0

--- Term: long ---
  Config: prediction_length=288, test_length=4032, val_length=4032
  Dataset info:
    - Frequency: 5T
    - Num series: 1
    - Target dim: 10
    - Target mode: univariate
    - Series length: min=43488, max=43488, avg=43488.0
    - Test split: 4032 steps
    - Prediction length: 288
    - Windows: 14
TIME run allocation action=new run=/fslarge/scratch/users/h61084/codes/evaluating_tsfms/outputs/instance_normalization/inference/chronos_bolt/normalization/zscore/univariate/OpenElectricity_NEM/5T/long/run_0 launch_id=selena_instance_normalization_20260927T131553Z_36892 slurm_job_id=3584826 launched_at=2026-09-27T15:15:51.598818+00:00
  Preparing input batches from Test split data...
    Total instances to forecast: 140
  Running predictions (Batch size: 16)...
TIME run allocation action=new run=/fslarge/scratch/users/h61084/codes/evaluating_tsfms/outputs/instance_normalization/tasks/chronos_bolt/normalization/zscore/univariate/OpenElectricity_NEM/5T/long/run_0 launch_id=selena_instance_normalization_20260927T131553Z_36892 slurm_job_id=3584826 launched_at=2026-09-27T15:15:56.903781+00:00
    Total instances: 140, Series during experiment: 10, Windows: 14
    Collecting ground truth and context...
    Detected to_univariate case: 10 flat series -> 1 series x 10 variates
    Organizing data into arrays...
    Saved predictions (quantiles) to /fslarge/scratch/users/h61084/codes/evaluating_tsfms/outputs/instance_normalization/tasks/chronos_bolt/normalization/zscore/univariate/OpenElectricity_NEM/5T/long/run_0/predictions.npz
    Computing per-window metrics...
    Saved metrics to /fslarge/scratch/users/h61084/codes/evaluating_tsfms/outputs/instance_normalization/tasks/chronos_bolt/normalization/zscore/univariate/OpenElectricity_NEM/5T/long/run_0/metrics.npz
    Saved config to /fslarge/scratch/users/h61084/codes/evaluating_tsfms/outputs/instance_normalization/tasks/chronos_bolt/normalization/zscore/univariate/OpenElectricity_NEM/5T/long/run_0/config.json
    Saved aggregate metrics to /fslarge/scratch/users/h61084/codes/evaluating_tsfms/outputs/instance_normalization/tasks/chronos_bolt/normalization/zscore/univariate/OpenElectricity_NEM/5T/long/run_0/metrics_summary.json
    Metrics summary (averaged over all series/windows/variates):
      MSE: 83413.1570
      MAE: 147.8150
      RMSE: 189.0112
      MAPE: 5.1860
      sMAPE: 0.3021
      MASE: 0.8973
      ND: 0.2679
      CRPS: 0.2163
  Output: /fslarge/scratch/users/h61084/codes/evaluating_tsfms/outputs/instance_normalization/tasks/chronos_bolt/normalization/zscore/univariate/OpenElectricity_NEM/5T/long/run_0

============================================================
All experiments completed!
Results saved to: /scratch/users/h61084/codes/evaluating_tsfms/outputs/instance_normalization/tasks
============================================================

############################################################
# All datasets completed!
############################################################

############################################################
# Dataset 1/1: EWELD_Load/15T
############################################################
Loading configuration...

============================================================
Dataset: EWELD_Load/15T
Model: amazon/chronos-bolt-base
Terms: ['short', 'medium', 'long']
Instance normalization: zscore
============================================================
Loading Chronos-Bolt model: amazon/chronos-bolt-base from /fslarge/scratch/users/h61084/weights/chronos-bolt-base...
[2026-09-27 15:16:05 UTC] resources selected_device {"device": "cuda", "model": "chronos_bolt", "stage": "forecast"}

--- Term: short ---
  Config: prediction_length=24, test_length=1344, val_length=1344
  Dataset info:
    - Frequency: 15T
    - Num series: 1
    - Target dim: 10
    - Target mode: univariate
    - Series length: min=20544, max=20544, avg=20544.0
    - Test split: 1344 steps
    - Prediction length: 24
    - Windows: 56
TIME run allocation action=new run=/fslarge/scratch/users/h61084/codes/evaluating_tsfms/outputs/instance_normalization/inference/chronos_bolt/normalization/zscore/univariate/EWELD_Load/15T/short/run_0 launch_id=selena_instance_normalization_20260927T131553Z_36892 slurm_job_id=3584826 launched_at=2026-09-27T15:16:06.379602+00:00
  Preparing input batches from Test split data...
    Total instances to forecast: 560
  Running predictions (Batch size: 16)...
    Processed 160/560...
    Processed 320/560...
    Processed 480/560...
TIME run allocation action=new run=/fslarge/scratch/users/h61084/codes/evaluating_tsfms/outputs/instance_normalization/tasks/chronos_bolt/normalization/zscore/univariate/EWELD_Load/15T/short/run_0 launch_id=selena_instance_normalization_20260927T131553Z_36892 slurm_job_id=3584826 launched_at=2026-09-27T15:16:07.508267+00:00
    Total instances: 560, Series during experiment: 10, Windows: 56
    Collecting ground truth and context...
    Detected to_univariate case: 10 flat series -> 1 series x 10 variates
    Organizing data into arrays...
    Saved predictions (quantiles) to /fslarge/scratch/users/h61084/codes/evaluating_tsfms/outputs/instance_normalization/tasks/chronos_bolt/normalization/zscore/univariate/EWELD_Load/15T/short/run_0/predictions.npz
    Computing per-window metrics...
    Saved metrics to /fslarge/scratch/users/h61084/codes/evaluating_tsfms/outputs/instance_normalization/tasks/chronos_bolt/normalization/zscore/univariate/EWELD_Load/15T/short/run_0/metrics.npz
    Saved config to /fslarge/scratch/users/h61084/codes/evaluating_tsfms/outputs/instance_normalization/tasks/chronos_bolt/normalization/zscore/univariate/EWELD_Load/15T/short/run_0/config.json
    Saved aggregate metrics to /fslarge/scratch/users/h61084/codes/evaluating_tsfms/outputs/instance_normalization/tasks/chronos_bolt/normalization/zscore/univariate/EWELD_Load/15T/short/run_0/metrics_summary.json
    Metrics summary (averaged over all series/windows/variates):
      MSE: 1147.2521
      MAE: 13.1730
      RMSE: 16.5028
      MAPE: 0.3457
      sMAPE: 0.2953
      MASE: 0.5702
      ND: 0.3824
      CRPS: 0.3532
  Output: /fslarge/scratch/users/h61084/codes/evaluating_tsfms/outputs/instance_normalization/tasks/chronos_bolt/normalization/zscore/univariate/EWELD_Load/15T/short/run_0

--- Term: medium ---
  Config: prediction_length=96, test_length=1344, val_length=1344
  Dataset info:
    - Frequency: 15T
    - Num series: 1
    - Target dim: 10
    - Target mode: univariate
    - Series length: min=20544, max=20544, avg=20544.0
    - Test split: 1344 steps
    - Prediction length: 96
    - Windows: 14
TIME run allocation action=new run=/fslarge/scratch/users/h61084/codes/evaluating_tsfms/outputs/instance_normalization/inference/chronos_bolt/normalization/zscore/univariate/EWELD_Load/15T/medium/run_0 launch_id=selena_instance_normalization_20260927T131553Z_36892 slurm_job_id=3584826 launched_at=2026-09-27T15:16:07.768215+00:00
  Preparing input batches from Test split data...
    Total instances to forecast: 140
  Running predictions (Batch size: 16)...
TIME run allocation action=new run=/fslarge/scratch/users/h61084/codes/evaluating_tsfms/outputs/instance_normalization/tasks/chronos_bolt/normalization/zscore/univariate/EWELD_Load/15T/medium/run_0 launch_id=selena_instance_normalization_20260927T131553Z_36892 slurm_job_id=3584826 launched_at=2026-09-27T15:16:09.294658+00:00
    Total instances: 140, Series during experiment: 10, Windows: 14
    Collecting ground truth and context...
    Detected to_univariate case: 10 flat series -> 1 series x 10 variates
    Organizing data into arrays...
    Saved predictions (quantiles) to /fslarge/scratch/users/h61084/codes/evaluating_tsfms/outputs/instance_normalization/tasks/chronos_bolt/normalization/zscore/univariate/EWELD_Load/15T/medium/run_0/predictions.npz
    Computing per-window metrics...
    Saved metrics to /fslarge/scratch/users/h61084/codes/evaluating_tsfms/outputs/instance_normalization/tasks/chronos_bolt/normalization/zscore/univariate/EWELD_Load/15T/medium/run_0/metrics.npz
    Saved config to /fslarge/scratch/users/h61084/codes/evaluating_tsfms/outputs/instance_normalization/tasks/chronos_bolt/normalization/zscore/univariate/EWELD_Load/15T/medium/run_0/config.json
    Saved aggregate metrics to /fslarge/scratch/users/h61084/codes/evaluating_tsfms/outputs/instance_normalization/tasks/chronos_bolt/normalization/zscore/univariate/EWELD_Load/15T/medium/run_0/metrics_summary.json
    Metrics summary (averaged over all series/windows/variates):
      MSE: 1284.3564
      MAE: 14.8336
      RMSE: 19.5553
      MAPE: 0.3850
      sMAPE: 0.3212
      MASE: 0.6762
      ND: 0.2255
      CRPS: 0.1811
  Output: /fslarge/scratch/users/h61084/codes/evaluating_tsfms/outputs/instance_normalization/tasks/chronos_bolt/normalization/zscore/univariate/EWELD_Load/15T/medium/run_0

--- Term: long ---
  Config: prediction_length=672, test_length=1344, val_length=1344
  Dataset info:
    - Frequency: 15T
    - Num series: 1
    - Target dim: 10
    - Target mode: univariate
    - Series length: min=20544, max=20544, avg=20544.0
    - Test split: 1344 steps
    - Prediction length: 672
    - Windows: 2
TIME run allocation action=new run=/fslarge/scratch/users/h61084/codes/evaluating_tsfms/outputs/instance_normalization/inference/chronos_bolt/normalization/zscore/univariate/EWELD_Load/15T/long/run_0 launch_id=selena_instance_normalization_20260927T131553Z_36892 slurm_job_id=3584826 launched_at=2026-09-27T15:16:09.417462+00:00
  Preparing input batches from Test split data...
    Total instances to forecast: 20
  Running predictions (Batch size: 16)...
TIME run allocation action=new run=/fslarge/scratch/users/h61084/codes/evaluating_tsfms/outputs/instance_normalization/tasks/chronos_bolt/normalization/zscore/univariate/EWELD_Load/15T/long/run_0 launch_id=selena_instance_normalization_20260927T131553Z_36892 slurm_job_id=3584826 launched_at=2026-09-27T15:16:11.316203+00:00
    Total instances: 20, Series during experiment: 10, Windows: 2
    Collecting ground truth and context...
    Detected to_univariate case: 10 flat series -> 1 series x 10 variates
    Organizing data into arrays...
    Saved predictions (quantiles) to /fslarge/scratch/users/h61084/codes/evaluating_tsfms/outputs/instance_normalization/tasks/chronos_bolt/normalization/zscore/univariate/EWELD_Load/15T/long/run_0/predictions.npz
    Computing per-window metrics...
    Saved metrics to /fslarge/scratch/users/h61084/codes/evaluating_tsfms/outputs/instance_normalization/tasks/chronos_bolt/normalization/zscore/univariate/EWELD_Load/15T/long/run_0/metrics.npz
    Saved config to /fslarge/scratch/users/h61084/codes/evaluating_tsfms/outputs/instance_normalization/tasks/chronos_bolt/normalization/zscore/univariate/EWELD_Load/15T/long/run_0/config.json
    Saved aggregate metrics to /fslarge/scratch/users/h61084/codes/evaluating_tsfms/outputs/instance_normalization/tasks/chronos_bolt/normalization/zscore/univariate/EWELD_Load/15T/long/run_0/metrics_summary.json
    Metrics summary (averaged over all series/windows/variates):
      MSE: 1397.1484
      MAE: 15.8503
      RMSE: 21.1440
      MAPE: 0.4748
      sMAPE: 0.3647
      MASE: 0.7765
      ND: 0.2426
      CRPS: 0.1999
  Output: /fslarge/scratch/users/h61084/codes/evaluating_tsfms/outputs/instance_normalization/tasks/chronos_bolt/normalization/zscore/univariate/EWELD_Load/15T/long/run_0

============================================================
All experiments completed!
Results saved to: /scratch/users/h61084/codes/evaluating_tsfms/outputs/instance_normalization/tasks
============================================================

############################################################
# All datasets completed!
############################################################

############################################################
# Dataset 1/1: SG_Carpark/15T
############################################################
Loading configuration...

============================================================
Dataset: SG_Carpark/15T
Model: amazon/chronos-bolt-base
Terms: ['short', 'medium', 'long']
Instance normalization: zscore
============================================================
Loading Chronos-Bolt model: amazon/chronos-bolt-base from /fslarge/scratch/users/h61084/weights/chronos-bolt-base...
[2026-09-27 15:16:20 UTC] resources selected_device {"device": "cuda", "model": "chronos_bolt", "stage": "forecast"}

--- Term: short ---
  Config: prediction_length=16, test_length=672, val_length=672
  Dataset info:
    - Frequency: 15T
    - Num series: 354
    - Target dim: 1
    - Target mode: univariate
    - Series length: min=14495, max=14495, avg=14495.0
    - Test split: 672 steps
    - Prediction length: 16
    - Windows: 42
TIME run allocation action=new run=/fslarge/scratch/users/h61084/codes/evaluating_tsfms/outputs/instance_normalization/inference/chronos_bolt/normalization/zscore/univariate/SG_Carpark/15T/short/run_0 launch_id=selena_instance_normalization_20260927T131553Z_36892 slurm_job_id=3584826 launched_at=2026-09-27T15:16:20.912708+00:00
  Preparing input batches from Test split data...
    Total instances to forecast: 14868
  Running predictions (Batch size: 16)...
    Processed 160/14868...
    Processed 320/14868...
    Processed 480/14868...
    Processed 640/14868...
    Processed 800/14868...
    Processed 960/14868...
    Processed 1120/14868...
    Processed 1280/14868...
    Processed 1440/14868...
    Processed 1600/14868...
    Processed 1760/14868...
    Processed 1920/14868...
    Processed 2080/14868...
    Processed 2240/14868...
    Processed 2400/14868...
    Processed 2560/14868...
    Processed 2720/14868...
    Processed 2880/14868...
    Processed 3040/14868...
    Processed 3200/14868...
    Processed 3360/14868...
    Processed 3520/14868...
    Processed 3680/14868...
    Processed 3840/14868...
    Processed 4000/14868...
    Processed 4160/14868...
    Processed 4320/14868...
    Processed 4480/14868...
    Processed 4640/14868...
    Processed 4800/14868...
    Processed 4960/14868...
    Processed 5120/14868...
    Processed 5280/14868...
    Processed 5440/14868...
    Processed 5600/14868...
    Processed 5760/14868...
    Processed 5920/14868...
    Processed 6080/14868...
    Processed 6240/14868...
    Processed 6400/14868...
    Processed 6560/14868...
    Processed 6720/14868...
    Processed 6880/14868...
    Processed 7040/14868...
    Processed 7200/14868...
    Processed 7360/14868...
    Processed 7520/14868...
    Processed 7680/14868...
    Processed 7840/14868...
    Processed 8000/14868...
    Processed 8160/14868...
    Processed 8320/14868...
    Processed 8480/14868...
    Processed 8640/14868...
    Processed 8800/14868...
    Processed 8960/14868...
    Processed 9120/14868...
    Processed 9280/14868...
    Processed 9440/14868...
    Processed 9600/14868...
    Processed 9760/14868...
    Processed 9920/14868...
    Processed 10080/14868...
    Processed 10240/14868...
    Processed 10400/14868...
    Processed 10560/14868...
    Processed 10720/14868...
    Processed 10880/14868...
    Processed 11040/14868...
    Processed 11200/14868...
    Processed 11360/14868...
    Processed 11520/14868...
    Processed 11680/14868...
    Processed 11840/14868...
    Processed 12000/14868...
    Processed 12160/14868...
    Processed 12320/14868...
    Processed 12480/14868...
    Processed 12640/14868...
    Processed 12800/14868...
    Processed 12960/14868...
    Processed 13120/14868...
    Processed 13280/14868...
    Processed 13440/14868...
    Processed 13600/14868...
    Processed 13760/14868...
    Processed 13920/14868...
    Processed 14080/14868...
    Processed 14240/14868...
    Processed 14400/14868...
    Processed 14560/14868...
    Processed 14720/14868...
    Processed 14868/14868...
TIME run allocation action=new run=/fslarge/scratch/users/h61084/codes/evaluating_tsfms/outputs/instance_normalization/tasks/chronos_bolt/normalization/zscore/univariate/SG_Carpark/15T/short/run_0 launch_id=selena_instance_normalization_20260927T131553Z_36892 slurm_job_id=3584826 launched_at=2026-09-27T15:16:45.263357+00:00
    Total instances: 14868, Series during experiment: 354, Windows: 42
    Collecting ground truth and context...
    Organizing data into arrays...
    Saved predictions (quantiles) to /fslarge/scratch/users/h61084/codes/evaluating_tsfms/outputs/instance_normalization/tasks/chronos_bolt/normalization/zscore/univariate/SG_Carpark/15T/short/run_0/predictions.npz
    Computing per-window metrics...
    Saved metrics to /fslarge/scratch/users/h61084/codes/evaluating_tsfms/outputs/instance_normalization/tasks/chronos_bolt/normalization/zscore/univariate/SG_Carpark/15T/short/run_0/metrics.npz
    Saved config to /fslarge/scratch/users/h61084/codes/evaluating_tsfms/outputs/instance_normalization/tasks/chronos_bolt/normalization/zscore/univariate/SG_Carpark/15T/short/run_0/config.json
    Saved aggregate metrics to /fslarge/scratch/users/h61084/codes/evaluating_tsfms/outputs/instance_normalization/tasks/chronos_bolt/normalization/zscore/univariate/SG_Carpark/15T/short/run_0/metrics_summary.json
    Metrics summary (averaged over all series/windows/variates):
      MSE: 220.1618
      MAE: 5.9515
      RMSE: 7.4339
      MAPE: 0.0375
      sMAPE: 0.0474
      MASE: 0.4072
      ND: 0.0370
      CRPS: 0.0293
  Output: /fslarge/scratch/users/h61084/codes/evaluating_tsfms/outputs/instance_normalization/tasks/chronos_bolt/normalization/zscore/univariate/SG_Carpark/15T/short/run_0

--- Term: medium ---
  Config: prediction_length=96, test_length=672, val_length=672
  Dataset info:
    - Frequency: 15T
    - Num series: 354
    - Target dim: 1
    - Target mode: univariate
    - Series length: min=14495, max=14495, avg=14495.0
    - Test split: 672 steps
    - Prediction length: 96
    - Windows: 7
TIME run allocation action=new run=/fslarge/scratch/users/h61084/codes/evaluating_tsfms/outputs/instance_normalization/inference/chronos_bolt/normalization/zscore/univariate/SG_Carpark/15T/medium/run_0 launch_id=selena_instance_normalization_20260927T131553Z_36892 slurm_job_id=3584826 launched_at=2026-09-27T15:16:50.023932+00:00
  Preparing input batches from Test split data...
    Total instances to forecast: 2478
  Running predictions (Batch size: 16)...
    Processed 160/2478...
    Processed 320/2478...
    Processed 480/2478...
    Processed 640/2478...
    Processed 800/2478...
    Processed 960/2478...
    Processed 1120/2478...
    Processed 1280/2478...
    Processed 1440/2478...
    Processed 1600/2478...
    Processed 1760/2478...
    Processed 1920/2478...
    Processed 2080/2478...
    Processed 2240/2478...
    Processed 2400/2478...
TIME run allocation action=new run=/fslarge/scratch/users/h61084/codes/evaluating_tsfms/outputs/instance_normalization/tasks/chronos_bolt/normalization/zscore/univariate/SG_Carpark/15T/medium/run_0 launch_id=selena_instance_normalization_20260927T131553Z_36892 slurm_job_id=3584826 launched_at=2026-09-27T15:17:16.559834+00:00
    Total instances: 2478, Series during experiment: 354, Windows: 7
    Collecting ground truth and context...
    Organizing data into arrays...
    Saved predictions (quantiles) to /fslarge/scratch/users/h61084/codes/evaluating_tsfms/outputs/instance_normalization/tasks/chronos_bolt/normalization/zscore/univariate/SG_Carpark/15T/medium/run_0/predictions.npz
    Computing per-window metrics...
    Saved metrics to /fslarge/scratch/users/h61084/codes/evaluating_tsfms/outputs/instance_normalization/tasks/chronos_bolt/normalization/zscore/univariate/SG_Carpark/15T/medium/run_0/metrics.npz
    Saved config to /fslarge/scratch/users/h61084/codes/evaluating_tsfms/outputs/instance_normalization/tasks/chronos_bolt/normalization/zscore/univariate/SG_Carpark/15T/medium/run_0/config.json
    Saved aggregate metrics to /fslarge/scratch/users/h61084/codes/evaluating_tsfms/outputs/instance_normalization/tasks/chronos_bolt/normalization/zscore/univariate/SG_Carpark/15T/medium/run_0/metrics_summary.json
    Metrics summary (averaged over all series/windows/variates):
      MSE: 468.2439
      MAE: 9.2279
      RMSE: 12.4567
      MAPE: 0.0534
      sMAPE: 0.0614
      MASE: 0.6111
      ND: 0.0495
      CRPS: 0.0393
  Output: /fslarge/scratch/users/h61084/codes/evaluating_tsfms/outputs/instance_normalization/tasks/chronos_bolt/normalization/zscore/univariate/SG_Carpark/15T/medium/run_0

--- Term: long ---
  Config: prediction_length=672, test_length=672, val_length=672
  Dataset info:
    - Frequency: 15T
    - Num series: 354
    - Target dim: 1
    - Target mode: univariate
    - Series length: min=14495, max=14495, avg=14495.0
    - Test split: 672 steps
    - Prediction length: 672
    - Windows: 1
TIME run allocation action=new run=/fslarge/scratch/users/h61084/codes/evaluating_tsfms/outputs/instance_normalization/inference/chronos_bolt/normalization/zscore/univariate/SG_Carpark/15T/long/run_0 launch_id=selena_instance_normalization_20260927T131553Z_36892 slurm_job_id=3584826 launched_at=2026-09-27T15:17:17.703949+00:00
  Preparing input batches from Test split data...
    Total instances to forecast: 354
  Running predictions (Batch size: 16)...
    Processed 160/354...
    Processed 320/354...
TIME run allocation action=new run=/fslarge/scratch/users/h61084/codes/evaluating_tsfms/outputs/instance_normalization/tasks/chronos_bolt/normalization/zscore/univariate/SG_Carpark/15T/long/run_0 launch_id=selena_instance_normalization_20260927T131553Z_36892 slurm_job_id=3584826 launched_at=2026-09-27T15:17:50.929395+00:00
    Total instances: 354, Series during experiment: 354, Windows: 1
    Collecting ground truth and context...
    Organizing data into arrays...
    Saved predictions (quantiles) to /fslarge/scratch/users/h61084/codes/evaluating_tsfms/outputs/instance_normalization/tasks/chronos_bolt/normalization/zscore/univariate/SG_Carpark/15T/long/run_0/predictions.npz
    Computing per-window metrics...
    Saved metrics to /fslarge/scratch/users/h61084/codes/evaluating_tsfms/outputs/instance_normalization/tasks/chronos_bolt/normalization/zscore/univariate/SG_Carpark/15T/long/run_0/metrics.npz
    Saved config to /fslarge/scratch/users/h61084/codes/evaluating_tsfms/outputs/instance_normalization/tasks/chronos_bolt/normalization/zscore/univariate/SG_Carpark/15T/long/run_0/config.json
    Saved aggregate metrics to /fslarge/scratch/users/h61084/codes/evaluating_tsfms/outputs/instance_normalization/tasks/chronos_bolt/normalization/zscore/univariate/SG_Carpark/15T/long/run_0/metrics_summary.json
    Metrics summary (averaged over all series/windows/variates):
      MSE: 999.9020
      MAE: 15.0763
      RMSE: 20.4363
      MAPE: 0.0832
      sMAPE: 0.0864
      MASE: 0.9706
      ND: 0.0794
      CRPS: 0.0665
  Output: /fslarge/scratch/users/h61084/codes/evaluating_tsfms/outputs/instance_normalization/tasks/chronos_bolt/normalization/zscore/univariate/SG_Carpark/15T/long/run_0

============================================================
All experiments completed!
Results saved to: /scratch/users/h61084/codes/evaluating_tsfms/outputs/instance_normalization/tasks
============================================================

############################################################
# All datasets completed!
############################################################

############################################################
# Dataset 1/1: Finland_Traffic/15T
############################################################
Loading configuration...

============================================================
Dataset: Finland_Traffic/15T
Model: amazon/chronos-bolt-base
Terms: ['short', 'medium', 'long']
Instance normalization: zscore
============================================================
Loading Chronos-Bolt model: amazon/chronos-bolt-base from /fslarge/scratch/users/h61084/weights/chronos-bolt-base...
[2026-09-27 15:18:01 UTC] resources selected_device {"device": "cuda", "model": "chronos_bolt", "stage": "forecast"}

--- Term: short ---
  Config: prediction_length=16, test_length=2976, val_length=2880
  Dataset info:
    - Frequency: 15T
    - Num series: 1
    - Target dim: 1
    - Target mode: univariate
    - Series length: min=35136, max=35136, avg=35136.0
    - Test split: 2976 steps
    - Prediction length: 16
    - Windows: 186
TIME run allocation action=new run=/fslarge/scratch/users/h61084/codes/evaluating_tsfms/outputs/instance_normalization/inference/chronos_bolt/normalization/zscore/univariate/Finland_Traffic/15T/short/run_0 launch_id=selena_instance_normalization_20260927T131553Z_36892 slurm_job_id=3584826 launched_at=2026-09-27T15:18:01.966407+00:00
  Preparing input batches from Test split data...
    Total instances to forecast: 186
  Running predictions (Batch size: 16)...
    Processed 160/186...
TIME run allocation action=new run=/fslarge/scratch/users/h61084/codes/evaluating_tsfms/outputs/instance_normalization/tasks/chronos_bolt/normalization/zscore/univariate/Finland_Traffic/15T/short/run_0 launch_id=selena_instance_normalization_20260927T131553Z_36892 slurm_job_id=3584826 launched_at=2026-09-27T15:18:02.638717+00:00
    Total instances: 186, Series during experiment: 1, Windows: 186
    Collecting ground truth and context...
    Organizing data into arrays...
    Saved predictions (quantiles) to /fslarge/scratch/users/h61084/codes/evaluating_tsfms/outputs/instance_normalization/tasks/chronos_bolt/normalization/zscore/univariate/Finland_Traffic/15T/short/run_0/predictions.npz
    Computing per-window metrics...
    Saved metrics to /fslarge/scratch/users/h61084/codes/evaluating_tsfms/outputs/instance_normalization/tasks/chronos_bolt/normalization/zscore/univariate/Finland_Traffic/15T/short/run_0/metrics.npz
    Saved config to /fslarge/scratch/users/h61084/codes/evaluating_tsfms/outputs/instance_normalization/tasks/chronos_bolt/normalization/zscore/univariate/Finland_Traffic/15T/short/run_0/config.json
    Saved aggregate metrics to /fslarge/scratch/users/h61084/codes/evaluating_tsfms/outputs/instance_normalization/tasks/chronos_bolt/normalization/zscore/univariate/Finland_Traffic/15T/short/run_0/metrics_summary.json
    Metrics summary (averaged over all series/windows/variates):
      MSE: 886.2000
      MAE: 18.3162
      RMSE: 22.2846
      MAPE: 0.2285
      sMAPE: 0.2034
      MASE: 0.4453
      ND: 0.2109
      CRPS: 0.1714
  Output: /fslarge/scratch/users/h61084/codes/evaluating_tsfms/outputs/instance_normalization/tasks/chronos_bolt/normalization/zscore/univariate/Finland_Traffic/15T/short/run_0

--- Term: medium ---
  Config: prediction_length=96, test_length=2976, val_length=2880
  Dataset info:
    - Frequency: 15T
    - Num series: 1
    - Target dim: 1
    - Target mode: univariate
    - Series length: min=35136, max=35136, avg=35136.0
    - Test split: 2976 steps
    - Prediction length: 96
    - Windows: 31
TIME run allocation action=new run=/fslarge/scratch/users/h61084/codes/evaluating_tsfms/outputs/instance_normalization/inference/chronos_bolt/normalization/zscore/univariate/Finland_Traffic/15T/medium/run_0 launch_id=selena_instance_normalization_20260927T131553Z_36892 slurm_job_id=3584826 launched_at=2026-09-27T15:18:02.739117+00:00
  Preparing input batches from Test split data...
    Total instances to forecast: 31
  Running predictions (Batch size: 16)...
TIME run allocation action=new run=/fslarge/scratch/users/h61084/codes/evaluating_tsfms/outputs/instance_normalization/tasks/chronos_bolt/normalization/zscore/univariate/Finland_Traffic/15T/medium/run_0 launch_id=selena_instance_normalization_20260927T131553Z_36892 slurm_job_id=3584826 launched_at=2026-09-27T15:18:03.168045+00:00
    Total instances: 31, Series during experiment: 1, Windows: 31
    Collecting ground truth and context...
    Organizing data into arrays...
    Saved predictions (quantiles) to /fslarge/scratch/users/h61084/codes/evaluating_tsfms/outputs/instance_normalization/tasks/chronos_bolt/normalization/zscore/univariate/Finland_Traffic/15T/medium/run_0/predictions.npz
    Computing per-window metrics...
    Saved metrics to /fslarge/scratch/users/h61084/codes/evaluating_tsfms/outputs/instance_normalization/tasks/chronos_bolt/normalization/zscore/univariate/Finland_Traffic/15T/medium/run_0/metrics.npz
    Saved config to /fslarge/scratch/users/h61084/codes/evaluating_tsfms/outputs/instance_normalization/tasks/chronos_bolt/normalization/zscore/univariate/Finland_Traffic/15T/medium/run_0/config.json
    Saved aggregate metrics to /fslarge/scratch/users/h61084/codes/evaluating_tsfms/outputs/instance_normalization/tasks/chronos_bolt/normalization/zscore/univariate/Finland_Traffic/15T/medium/run_0/metrics_summary.json
    Metrics summary (averaged over all series/windows/variates):
      MSE: 1548.3610
      MAE: 24.5482
      RMSE: 34.5191
      MAPE: 0.2860
      sMAPE: 0.2410
      MASE: 0.5967
      ND: 0.1971
      CRPS: 0.1578
  Output: /fslarge/scratch/users/h61084/codes/evaluating_tsfms/outputs/instance_normalization/tasks/chronos_bolt/normalization/zscore/univariate/Finland_Traffic/15T/medium/run_0

--- Term: long ---
  Config: prediction_length=672, test_length=2976, val_length=2880
  Dataset info:
    - Frequency: 15T
    - Num series: 1
    - Target dim: 1
    - Target mode: univariate
    - Series length: min=35136, max=35136, avg=35136.0
    - Test split: 2976 steps
    - Prediction length: 672
    - Windows: 4
TIME run allocation action=new run=/fslarge/scratch/users/h61084/codes/evaluating_tsfms/outputs/instance_normalization/inference/chronos_bolt/normalization/zscore/univariate/Finland_Traffic/15T/long/run_0 launch_id=selena_instance_normalization_20260927T131553Z_36892 slurm_job_id=3584826 launched_at=2026-09-27T15:18:03.208546+00:00
  Preparing input batches from Test split data...
    Total instances to forecast: 4
  Running predictions (Batch size: 16)...
TIME run allocation action=new run=/fslarge/scratch/users/h61084/codes/evaluating_tsfms/outputs/instance_normalization/tasks/chronos_bolt/normalization/zscore/univariate/Finland_Traffic/15T/long/run_0 launch_id=selena_instance_normalization_20260927T131553Z_36892 slurm_job_id=3584826 launched_at=2026-09-27T15:18:03.625557+00:00
    Total instances: 4, Series during experiment: 1, Windows: 4
    Collecting ground truth and context...
    Organizing data into arrays...
    Saved predictions (quantiles) to /fslarge/scratch/users/h61084/codes/evaluating_tsfms/outputs/instance_normalization/tasks/chronos_bolt/normalization/zscore/univariate/Finland_Traffic/15T/long/run_0/predictions.npz
    Computing per-window metrics...
    Saved metrics to /fslarge/scratch/users/h61084/codes/evaluating_tsfms/outputs/instance_normalization/tasks/chronos_bolt/normalization/zscore/univariate/Finland_Traffic/15T/long/run_0/metrics.npz
    Saved config to /fslarge/scratch/users/h61084/codes/evaluating_tsfms/outputs/instance_normalization/tasks/chronos_bolt/normalization/zscore/univariate/Finland_Traffic/15T/long/run_0/config.json
    Saved aggregate metrics to /fslarge/scratch/users/h61084/codes/evaluating_tsfms/outputs/instance_normalization/tasks/chronos_bolt/normalization/zscore/univariate/Finland_Traffic/15T/long/run_0/metrics_summary.json
    Metrics summary (averaged over all series/windows/variates):
      MSE: 1905.4598
      MAE: 26.2331
      RMSE: 41.0546
      MAPE: 0.3631
      sMAPE: 0.2460
      MASE: 0.6364
      ND: 0.2025
      CRPS: 0.1682
  Output: /fslarge/scratch/users/h61084/codes/evaluating_tsfms/outputs/instance_normalization/tasks/chronos_bolt/normalization/zscore/univariate/Finland_Traffic/15T/long/run_0

============================================================
All experiments completed!
Results saved to: /scratch/users/h61084/codes/evaluating_tsfms/outputs/instance_normalization/tasks
============================================================

############################################################
# All datasets completed!
############################################################

############################################################
# Dataset 1/1: Port_Activity/D
############################################################
Loading configuration...

============================================================
Dataset: Port_Activity/D
Model: amazon/chronos-bolt-base
Terms: ['short']
Instance normalization: zscore
============================================================
Loading Chronos-Bolt model: amazon/chronos-bolt-base from /fslarge/scratch/users/h61084/weights/chronos-bolt-base...
[2026-09-27 15:18:12 UTC] resources selected_device {"device": "cuda", "model": "chronos_bolt", "stage": "forecast"}

--- Term: short ---
  Config: prediction_length=30, test_length=365, val_length=90
  Dataset info:
    - Frequency: D
    - Num series: 99
    - Target dim: 2
    - Target mode: univariate
    - Series length: min=2127, max=2127, avg=2127.0
    - Test split: 365 steps
    - Prediction length: 30
    - Windows: 12
TIME run allocation action=new run=/fslarge/scratch/users/h61084/codes/evaluating_tsfms/outputs/instance_normalization/inference/chronos_bolt/normalization/zscore/univariate/Port_Activity/D/short/run_0 launch_id=selena_instance_normalization_20260927T131553Z_36892 slurm_job_id=3584826 launched_at=2026-09-27T15:18:12.889289+00:00
  Preparing input batches from Test split data...
    Total instances to forecast: 2376
  Running predictions (Batch size: 16)...
    Processed 160/2376...
    Processed 320/2376...
    Processed 480/2376...
    Processed 640/2376...
    Processed 800/2376...
    Processed 960/2376...
    Processed 1120/2376...
    Processed 1280/2376...
    Processed 1440/2376...
    Processed 1600/2376...
    Processed 1760/2376...
    Processed 1920/2376...
    Processed 2080/2376...
    Processed 2240/2376...
TIME run allocation action=new run=/fslarge/scratch/users/h61084/codes/evaluating_tsfms/outputs/instance_normalization/tasks/chronos_bolt/normalization/zscore/univariate/Port_Activity/D/short/run_0 launch_id=selena_instance_normalization_20260927T131553Z_36892 slurm_job_id=3584826 launched_at=2026-09-27T15:18:17.087115+00:00
    Total instances: 2376, Series during experiment: 198, Windows: 12
    Collecting ground truth and context...
    Detected to_univariate case: 198 flat series -> 99 series x 2 variates
    Organizing data into arrays...
    ⚠️  Predictions max value (541586.38) exceeds float16 safe range.
    ⚠️  Applying scale factor: 10 (values will be divided)
    Saved predictions (quantiles) to /fslarge/scratch/users/h61084/codes/evaluating_tsfms/outputs/instance_normalization/tasks/chronos_bolt/normalization/zscore/univariate/Port_Activity/D/short/run_0/predictions.npz
    Computing per-window metrics...
    Saved metrics to /fslarge/scratch/users/h61084/codes/evaluating_tsfms/outputs/instance_normalization/tasks/chronos_bolt/normalization/zscore/univariate/Port_Activity/D/short/run_0/metrics.npz
    Saved config to /fslarge/scratch/users/h61084/codes/evaluating_tsfms/outputs/instance_normalization/tasks/chronos_bolt/normalization/zscore/univariate/Port_Activity/D/short/run_0/config.json
    Saved aggregate metrics to /fslarge/scratch/users/h61084/codes/evaluating_tsfms/outputs/instance_normalization/tasks/chronos_bolt/normalization/zscore/univariate/Port_Activity/D/short/run_0/metrics_summary.json
    Metrics summary (averaged over all series/windows/variates):
      MSE: 957024305.8667
      MAE: 15456.3284
      RMSE: 21287.8250
      MAPE: 2.6430
      sMAPE: 0.9476
      MASE: 0.6620
      ND: 0.7475
      CRPS: 0.5995
  Output: /fslarge/scratch/users/h61084/codes/evaluating_tsfms/outputs/instance_normalization/tasks/chronos_bolt/normalization/zscore/univariate/Port_Activity/D/short/run_0

============================================================
All experiments completed!
Results saved to: /scratch/users/h61084/codes/evaluating_tsfms/outputs/instance_normalization/tasks
============================================================

############################################################
# All datasets completed!
############################################################

############################################################
# Dataset 1/1: Port_Activity/W
############################################################
Loading configuration...

============================================================
Dataset: Port_Activity/W
Model: amazon/chronos-bolt-base
Terms: ['short']
Instance normalization: zscore
============================================================
Loading Chronos-Bolt model: amazon/chronos-bolt-base from /fslarge/scratch/users/h61084/weights/chronos-bolt-base...
[2026-09-27 15:18:26 UTC] resources selected_device {"device": "cuda", "model": "chronos_bolt", "stage": "forecast"}

--- Term: short ---
  Config: prediction_length=13, test_length=52, val_length=13
  Dataset info:
    - Frequency: W
    - Num series: 99
    - Target dim: 2
    - Target mode: univariate
    - Series length: min=304, max=304, avg=304.0
    - Test split: 52 steps
    - Prediction length: 13
    - Windows: 4
TIME run allocation action=new run=/fslarge/scratch/users/h61084/codes/evaluating_tsfms/outputs/instance_normalization/inference/chronos_bolt/normalization/zscore/univariate/Port_Activity/W/short/run_0 launch_id=selena_instance_normalization_20260927T131553Z_36892 slurm_job_id=3584826 launched_at=2026-09-27T15:18:26.862069+00:00
  Preparing input batches from Test split data...
    Total instances to forecast: 792
  Running predictions (Batch size: 16)...
    Processed 160/792...
    Processed 320/792...
    Processed 480/792...
    Processed 640/792...
    Processed 792/792...
TIME run allocation action=new run=/fslarge/scratch/users/h61084/codes/evaluating_tsfms/outputs/instance_normalization/tasks/chronos_bolt/normalization/zscore/univariate/Port_Activity/W/short/run_0 launch_id=selena_instance_normalization_20260927T131553Z_36892 slurm_job_id=3584826 launched_at=2026-09-27T15:18:28.035008+00:00
    Total instances: 792, Series during experiment: 198, Windows: 4
    Collecting ground truth and context...
    Detected to_univariate case: 198 flat series -> 99 series x 2 variates
    Organizing data into arrays...
    ⚠️  Predictions max value (3002587.50) exceeds float16 safe range.
    ⚠️  Applying scale factor: 100 (values will be divided)
    Saved predictions (quantiles) to /fslarge/scratch/users/h61084/codes/evaluating_tsfms/outputs/instance_normalization/tasks/chronos_bolt/normalization/zscore/univariate/Port_Activity/W/short/run_0/predictions.npz
    Computing per-window metrics...
    Saved metrics to /fslarge/scratch/users/h61084/codes/evaluating_tsfms/outputs/instance_normalization/tasks/chronos_bolt/normalization/zscore/univariate/Port_Activity/W/short/run_0/metrics.npz
    Saved config to /fslarge/scratch/users/h61084/codes/evaluating_tsfms/outputs/instance_normalization/tasks/chronos_bolt/normalization/zscore/univariate/Port_Activity/W/short/run_0/config.json
    Saved aggregate metrics to /fslarge/scratch/users/h61084/codes/evaluating_tsfms/outputs/instance_normalization/tasks/chronos_bolt/normalization/zscore/univariate/Port_Activity/W/short/run_0/metrics_summary.json
    Metrics summary (averaged over all series/windows/variates):
      MSE: 5952594023.1208
      MAE: 43928.4211
      RMSE: 53759.6599
      MAPE: 0.6903
      sMAPE: 0.3411
      MASE: 0.7834
      ND: 0.3434
      CRPS: 0.2671
  Output: /fslarge/scratch/users/h61084/codes/evaluating_tsfms/outputs/instance_normalization/tasks/chronos_bolt/normalization/zscore/univariate/Port_Activity/W/short/run_0

============================================================
All experiments completed!
Results saved to: /scratch/users/h61084/codes/evaluating_tsfms/outputs/instance_normalization/tasks
============================================================

############################################################
# All datasets completed!
############################################################

############################################################
# Dataset 1/1: ECDC_COVID/D
############################################################
Loading configuration...

============================================================
Dataset: ECDC_COVID/D
Model: amazon/chronos-bolt-base
Terms: ['short']
Instance normalization: zscore
============================================================
Loading Chronos-Bolt model: amazon/chronos-bolt-base from /fslarge/scratch/users/h61084/weights/chronos-bolt-base...
[2026-09-27 15:18:36 UTC] resources selected_device {"device": "cuda", "model": "chronos_bolt", "stage": "forecast"}

--- Term: short ---
  Config: prediction_length=30, test_length=150, val_length=30
  Dataset info:
    - Frequency: D
    - Num series: 9
    - Target dim: 1
    - Target mode: univariate
    - Series length: min=794, max=1229, avg=1116.6
    - Test split: 150 steps
    - Prediction length: 30
    - Windows: 5
TIME run allocation action=new run=/fslarge/scratch/users/h61084/codes/evaluating_tsfms/outputs/instance_normalization/inference/chronos_bolt/normalization/zscore/univariate/ECDC_COVID/D/short/run_0 launch_id=selena_instance_normalization_20260927T131553Z_36892 slurm_job_id=3584826 launched_at=2026-09-27T15:18:37.360718+00:00
  Preparing input batches from Test split data...
    Total instances to forecast: 45
  Running predictions (Batch size: 16)...
TIME run allocation action=new run=/fslarge/scratch/users/h61084/codes/evaluating_tsfms/outputs/instance_normalization/tasks/chronos_bolt/normalization/zscore/univariate/ECDC_COVID/D/short/run_0 launch_id=selena_instance_normalization_20260927T131553Z_36892 slurm_job_id=3584826 launched_at=2026-09-27T15:18:37.652404+00:00
    Total instances: 45, Series during experiment: 9, Windows: 5
    Collecting ground truth and context...
    Organizing data into arrays...
    Saved predictions (quantiles) to /fslarge/scratch/users/h61084/codes/evaluating_tsfms/outputs/instance_normalization/tasks/chronos_bolt/normalization/zscore/univariate/ECDC_COVID/D/short/run_0/predictions.npz
    Computing per-window metrics...
    Saved metrics to /fslarge/scratch/users/h61084/codes/evaluating_tsfms/outputs/instance_normalization/tasks/chronos_bolt/normalization/zscore/univariate/ECDC_COVID/D/short/run_0/metrics.npz
    Saved config to /fslarge/scratch/users/h61084/codes/evaluating_tsfms/outputs/instance_normalization/tasks/chronos_bolt/normalization/zscore/univariate/ECDC_COVID/D/short/run_0/config.json
    Saved aggregate metrics to /fslarge/scratch/users/h61084/codes/evaluating_tsfms/outputs/instance_normalization/tasks/chronos_bolt/normalization/zscore/univariate/ECDC_COVID/D/short/run_0/metrics_summary.json
    Metrics summary (averaged over all series/windows/variates):
      MSE: 60312.6684
      MAE: 134.3566
      RMSE: 156.9352
      MAPE: 0.5013
      sMAPE: 0.3378
      MASE: 3.5291
      ND: 0.3757
      CRPS: 0.3105
  Output: /fslarge/scratch/users/h61084/codes/evaluating_tsfms/outputs/instance_normalization/tasks/chronos_bolt/normalization/zscore/univariate/ECDC_COVID/D/short/run_0

============================================================
All experiments completed!
Results saved to: /scratch/users/h61084/codes/evaluating_tsfms/outputs/instance_normalization/tasks
============================================================

############################################################
# All datasets completed!
############################################################

############################################################
# Dataset 1/1: ECDC_COVID/W
############################################################
Loading configuration...

============================================================
Dataset: ECDC_COVID/W
Model: amazon/chronos-bolt-base
Terms: ['short']
Instance normalization: zscore
============================================================
Loading Chronos-Bolt model: amazon/chronos-bolt-base from /fslarge/scratch/users/h61084/weights/chronos-bolt-base...
[2026-09-27 15:18:46 UTC] resources selected_device {"device": "cuda", "model": "chronos_bolt", "stage": "forecast"}

--- Term: short ---
  Config: prediction_length=13, test_length=52, val_length=13
  Dataset info:
    - Frequency: W
    - Num series: 16
    - Target dim: 1
    - Target mode: univariate
    - Series length: min=114, max=196, avg=165.4
    - Test split: 52 steps
    - Prediction length: 13
    - Windows: 4
TIME run allocation action=new run=/fslarge/scratch/users/h61084/codes/evaluating_tsfms/outputs/instance_normalization/inference/chronos_bolt/normalization/zscore/univariate/ECDC_COVID/W/short/run_0 launch_id=selena_instance_normalization_20260927T131553Z_36892 slurm_job_id=3584826 launched_at=2026-09-27T15:18:46.784532+00:00
  Preparing input batches from Test split data...
    Total instances to forecast: 64
  Running predictions (Batch size: 16)...
TIME run allocation action=new run=/fslarge/scratch/users/h61084/codes/evaluating_tsfms/outputs/instance_normalization/tasks/chronos_bolt/normalization/zscore/univariate/ECDC_COVID/W/short/run_0 launch_id=selena_instance_normalization_20260927T131553Z_36892 slurm_job_id=3584826 launched_at=2026-09-27T15:18:47.091404+00:00
    Total instances: 64, Series during experiment: 16, Windows: 4
    Collecting ground truth and context...
    Organizing data into arrays...
    Saved predictions (quantiles) to /fslarge/scratch/users/h61084/codes/evaluating_tsfms/outputs/instance_normalization/tasks/chronos_bolt/normalization/zscore/univariate/ECDC_COVID/W/short/run_0/predictions.npz
    Computing per-window metrics...
    Saved metrics to /fslarge/scratch/users/h61084/codes/evaluating_tsfms/outputs/instance_normalization/tasks/chronos_bolt/normalization/zscore/univariate/ECDC_COVID/W/short/run_0/metrics.npz
    Saved config to /fslarge/scratch/users/h61084/codes/evaluating_tsfms/outputs/instance_normalization/tasks/chronos_bolt/normalization/zscore/univariate/ECDC_COVID/W/short/run_0/config.json
    Saved aggregate metrics to /fslarge/scratch/users/h61084/codes/evaluating_tsfms/outputs/instance_normalization/tasks/chronos_bolt/normalization/zscore/univariate/ECDC_COVID/W/short/run_0/metrics_summary.json
    Metrics summary (averaged over all series/windows/variates):
      MSE: 3144297.6027
      MAE: 570.0966
      RMSE: 646.4051
      MAPE: 0.9024
      sMAPE: 0.5312
      MASE: 1.3582
      ND: 0.5989
      CRPS: 0.4930
  Output: /fslarge/scratch/users/h61084/codes/evaluating_tsfms/outputs/instance_normalization/tasks/chronos_bolt/normalization/zscore/univariate/ECDC_COVID/W/short/run_0

============================================================
All experiments completed!
Results saved to: /scratch/users/h61084/codes/evaluating_tsfms/outputs/instance_normalization/tasks
============================================================

############################################################
# All datasets completed!
############################################################

############################################################
# Dataset 1/1: Global_Influenza/W
############################################################
Loading configuration...

============================================================
Dataset: Global_Influenza/W
Model: amazon/chronos-bolt-base
Terms: ['short']
Instance normalization: zscore
============================================================
Loading Chronos-Bolt model: amazon/chronos-bolt-base from /fslarge/scratch/users/h61084/weights/chronos-bolt-base...
[2026-09-27 15:18:55 UTC] resources selected_device {"device": "cuda", "model": "chronos_bolt", "stage": "forecast"}

--- Term: short ---
  Config: prediction_length=13, test_length=52, val_length=13
  Dataset info:
    - Frequency: W
    - Num series: 15
    - Target dim: 4
    - Target mode: univariate
    - Series length: min=154, max=210, avg=205.6
    - Test split: 52 steps
    - Prediction length: 13
    - Windows: 4
TIME run allocation action=new run=/fslarge/scratch/users/h61084/codes/evaluating_tsfms/outputs/instance_normalization/inference/chronos_bolt/normalization/zscore/univariate/Global_Influenza/W/short/run_0 launch_id=selena_instance_normalization_20260927T131553Z_36892 slurm_job_id=3584826 launched_at=2026-09-27T15:18:56.266968+00:00
  Preparing input batches from Test split data...
    Total instances to forecast: 240
  Running predictions (Batch size: 16)...
    Processed 160/240...
TIME run allocation action=new run=/fslarge/scratch/users/h61084/codes/evaluating_tsfms/outputs/instance_normalization/tasks/chronos_bolt/normalization/zscore/univariate/Global_Influenza/W/short/run_0 launch_id=selena_instance_normalization_20260927T131553Z_36892 slurm_job_id=3584826 launched_at=2026-09-27T15:18:56.850952+00:00
    Total instances: 240, Series during experiment: 60, Windows: 4
    Collecting ground truth and context...
    Detected to_univariate case: 60 flat series -> 15 series x 4 variates
    Organizing data into arrays...
    ⚠️  Predictions max value (100229.81) exceeds float16 safe range.
    ⚠️  Applying scale factor: 10 (values will be divided)
    Saved predictions (quantiles) to /fslarge/scratch/users/h61084/codes/evaluating_tsfms/outputs/instance_normalization/tasks/chronos_bolt/normalization/zscore/univariate/Global_Influenza/W/short/run_0/predictions.npz
    Computing per-window metrics...
    Saved metrics to /fslarge/scratch/users/h61084/codes/evaluating_tsfms/outputs/instance_normalization/tasks/chronos_bolt/normalization/zscore/univariate/Global_Influenza/W/short/run_0/metrics.npz
    Saved config to /fslarge/scratch/users/h61084/codes/evaluating_tsfms/outputs/instance_normalization/tasks/chronos_bolt/normalization/zscore/univariate/Global_Influenza/W/short/run_0/config.json
    Saved aggregate metrics to /fslarge/scratch/users/h61084/codes/evaluating_tsfms/outputs/instance_normalization/tasks/chronos_bolt/normalization/zscore/univariate/Global_Influenza/W/short/run_0/metrics_summary.json
    Metrics summary (averaged over all series/windows/variates):
      MSE: 4573335.3636
      MAE: 530.6045
      RMSE: 658.5585
      MAPE: 0.7362
      sMAPE: 0.5172
      MASE: 2.8884
      ND: 0.5298
      CRPS: 0.4508
  Output: /fslarge/scratch/users/h61084/codes/evaluating_tsfms/outputs/instance_normalization/tasks/chronos_bolt/normalization/zscore/univariate/Global_Influenza/W/short/run_0

============================================================
All experiments completed!
Results saved to: /scratch/users/h61084/codes/evaluating_tsfms/outputs/instance_normalization/tasks
============================================================

############################################################
# All datasets completed!
############################################################

############################################################
# Dataset 1/1: Crypto/D
############################################################
Loading configuration...

============================================================
Dataset: Crypto/D
Model: amazon/chronos-bolt-base
Terms: ['short']
Instance normalization: zscore
============================================================
Loading Chronos-Bolt model: amazon/chronos-bolt-base from /fslarge/scratch/users/h61084/weights/chronos-bolt-base...
[2026-09-27 15:19:05 UTC] resources selected_device {"device": "cuda", "model": "chronos_bolt", "stage": "forecast"}

--- Term: short ---
  Config: prediction_length=30, test_length=273, val_length=92
  Dataset info:
    - Frequency: D
    - Num series: 1
    - Target dim: 4
    - Target mode: univariate
    - Series length: min=2842, max=2842, avg=2842.0
    - Test split: 273 steps
    - Prediction length: 30
    - Windows: 9
TIME run allocation action=new run=/fslarge/scratch/users/h61084/codes/evaluating_tsfms/outputs/instance_normalization/inference/chronos_bolt/normalization/zscore/univariate/Crypto/D/short/run_0 launch_id=selena_instance_normalization_20260927T131553Z_36892 slurm_job_id=3584826 launched_at=2026-09-27T15:19:06.544210+00:00
  Preparing input batches from Test split data...
    Total instances to forecast: 36
  Running predictions (Batch size: 16)...
TIME run allocation action=new run=/fslarge/scratch/users/h61084/codes/evaluating_tsfms/outputs/instance_normalization/tasks/chronos_bolt/normalization/zscore/univariate/Crypto/D/short/run_0 launch_id=selena_instance_normalization_20260927T131553Z_36892 slurm_job_id=3584826 launched_at=2026-09-27T15:19:06.828795+00:00
    Total instances: 36, Series during experiment: 4, Windows: 9
    Collecting ground truth and context...
    Detected to_univariate case: 4 flat series -> 1 series x 4 variates
    Organizing data into arrays...
    ⚠️  Predictions max value (130683.25) exceeds float16 safe range.
    ⚠️  Applying scale factor: 10 (values will be divided)
    Saved predictions (quantiles) to /fslarge/scratch/users/h61084/codes/evaluating_tsfms/outputs/instance_normalization/tasks/chronos_bolt/normalization/zscore/univariate/Crypto/D/short/run_0/predictions.npz
    Computing per-window metrics...
    Saved metrics to /fslarge/scratch/users/h61084/codes/evaluating_tsfms/outputs/instance_normalization/tasks/chronos_bolt/normalization/zscore/univariate/Crypto/D/short/run_0/metrics.npz
    Saved config to /fslarge/scratch/users/h61084/codes/evaluating_tsfms/outputs/instance_normalization/tasks/chronos_bolt/normalization/zscore/univariate/Crypto/D/short/run_0/config.json
    Saved aggregate metrics to /fslarge/scratch/users/h61084/codes/evaluating_tsfms/outputs/instance_normalization/tasks/chronos_bolt/normalization/zscore/univariate/Crypto/D/short/run_0/metrics_summary.json
    Metrics summary (averaged over all series/windows/variates):
      MSE: 11710809.2683
      MAE: 1443.1456
      RMSE: 1686.3649
      MAPE: 0.0998
      sMAPE: 0.1008
      MASE: 6.6506
      ND: 0.1011
      CRPS: 0.0811
  Output: /fslarge/scratch/users/h61084/codes/evaluating_tsfms/outputs/instance_normalization/tasks/chronos_bolt/normalization/zscore/univariate/Crypto/D/short/run_0

============================================================
All experiments completed!
Results saved to: /scratch/users/h61084/codes/evaluating_tsfms/outputs/instance_normalization/tasks
============================================================

############################################################
# All datasets completed!
############################################################

############################################################
# Dataset 1/1: US_Term_Structure/B
############################################################
Loading configuration...

============================================================
Dataset: US_Term_Structure/B
Model: amazon/chronos-bolt-base
Terms: ['short']
Instance normalization: zscore
============================================================
Loading Chronos-Bolt model: amazon/chronos-bolt-base from /fslarge/scratch/users/h61084/weights/chronos-bolt-base...
[2026-09-27 15:19:15 UTC] resources selected_device {"device": "cuda", "model": "chronos_bolt", "stage": "forecast"}

--- Term: short ---
  Config: prediction_length=20, test_length=717, val_length=100
  Dataset info:
    - Frequency: B
    - Num series: 1
    - Target dim: 40
    - Target mode: univariate
    - Series length: min=9326, max=9326, avg=9326.0
    - Test split: 717 steps
    - Prediction length: 20
    - Windows: 35
TIME run allocation action=new run=/fslarge/scratch/users/h61084/codes/evaluating_tsfms/outputs/instance_normalization/inference/chronos_bolt/normalization/zscore/univariate/US_Term_Structure/B/short/run_0 launch_id=selena_instance_normalization_20260927T131553Z_36892 slurm_job_id=3584826 launched_at=2026-09-27T15:19:16.104973+00:00
  Preparing input batches from Test split data...
    Total instances to forecast: 1400
  Running predictions (Batch size: 16)...
    Processed 160/1400...
    Processed 320/1400...
    Processed 480/1400...
    Processed 640/1400...
    Processed 800/1400...
    Processed 960/1400...
    Processed 1120/1400...
    Processed 1280/1400...
TIME run allocation action=new run=/fslarge/scratch/users/h61084/codes/evaluating_tsfms/outputs/instance_normalization/tasks/chronos_bolt/normalization/zscore/univariate/US_Term_Structure/B/short/run_0 launch_id=selena_instance_normalization_20260927T131553Z_36892 slurm_job_id=3584826 launched_at=2026-09-27T15:19:18.605337+00:00
    Total instances: 1400, Series during experiment: 40, Windows: 35
    Collecting ground truth and context...
    Detected to_univariate case: 40 flat series -> 1 series x 40 variates
    Organizing data into arrays...
    Saved predictions (quantiles) to /fslarge/scratch/users/h61084/codes/evaluating_tsfms/outputs/instance_normalization/tasks/chronos_bolt/normalization/zscore/univariate/US_Term_Structure/B/short/run_0/predictions.npz
    Computing per-window metrics...
    Saved metrics to /fslarge/scratch/users/h61084/codes/evaluating_tsfms/outputs/instance_normalization/tasks/chronos_bolt/normalization/zscore/univariate/US_Term_Structure/B/short/run_0/metrics.npz
    Saved config to /fslarge/scratch/users/h61084/codes/evaluating_tsfms/outputs/instance_normalization/tasks/chronos_bolt/normalization/zscore/univariate/US_Term_Structure/B/short/run_0/config.json
    Saved aggregate metrics to /fslarge/scratch/users/h61084/codes/evaluating_tsfms/outputs/instance_normalization/tasks/chronos_bolt/normalization/zscore/univariate/US_Term_Structure/B/short/run_0/metrics_summary.json
    Metrics summary (averaged over all series/windows/variates):
      MSE: 0.0236
      MAE: 0.1060
      RMSE: 0.1262
      MAPE: 1.0101
      sMAPE: 0.2906
      MASE: 1.5723
      ND: 0.2842
      CRPS: 0.2214
  Output: /fslarge/scratch/users/h61084/codes/evaluating_tsfms/outputs/instance_normalization/tasks/chronos_bolt/normalization/zscore/univariate/US_Term_Structure/B/short/run_0

============================================================
All experiments completed!
Results saved to: /scratch/users/h61084/codes/evaluating_tsfms/outputs/instance_normalization/tasks
============================================================

############################################################
# All datasets completed!
############################################################

############################################################
# Dataset 1/1: Oil_Price/B
############################################################
Loading configuration...

============================================================
Dataset: Oil_Price/B
Model: amazon/chronos-bolt-base
Terms: ['short']
Instance normalization: zscore
============================================================
Loading Chronos-Bolt model: amazon/chronos-bolt-base from /fslarge/scratch/users/h61084/weights/chronos-bolt-base...
[2026-09-27 15:19:27 UTC] resources selected_device {"device": "cuda", "model": "chronos_bolt", "stage": "forecast"}

--- Term: short ---
  Config: prediction_length=20, test_length=717, val_length=100
  Dataset info:
    - Frequency: B
    - Num series: 1
    - Target dim: 12
    - Target mode: univariate
    - Series length: min=5035, max=5035, avg=5035.0
    - Test split: 717 steps
    - Prediction length: 20
    - Windows: 35
TIME run allocation action=new run=/fslarge/scratch/users/h61084/codes/evaluating_tsfms/outputs/instance_normalization/inference/chronos_bolt/normalization/zscore/univariate/Oil_Price/B/short/run_0 launch_id=selena_instance_normalization_20260927T131553Z_36892 slurm_job_id=3584826 launched_at=2026-09-27T15:19:28.177200+00:00
  Preparing input batches from Test split data...
    Total instances to forecast: 420
  Running predictions (Batch size: 16)...
    Processed 160/420...
    Processed 320/420...
TIME run allocation action=new run=/fslarge/scratch/users/h61084/codes/evaluating_tsfms/outputs/instance_normalization/tasks/chronos_bolt/normalization/zscore/univariate/Oil_Price/B/short/run_0 launch_id=selena_instance_normalization_20260927T131553Z_36892 slurm_job_id=3584826 launched_at=2026-09-27T15:19:29.078556+00:00
    Total instances: 420, Series during experiment: 12, Windows: 35
    Collecting ground truth and context...
    Detected to_univariate case: 12 flat series -> 1 series x 12 variates
    Organizing data into arrays...
    Saved predictions (quantiles) to /fslarge/scratch/users/h61084/codes/evaluating_tsfms/outputs/instance_normalization/tasks/chronos_bolt/normalization/zscore/univariate/Oil_Price/B/short/run_0/predictions.npz
    Computing per-window metrics...
    Saved metrics to /fslarge/scratch/users/h61084/codes/evaluating_tsfms/outputs/instance_normalization/tasks/chronos_bolt/normalization/zscore/univariate/Oil_Price/B/short/run_0/metrics.npz
    Saved config to /fslarge/scratch/users/h61084/codes/evaluating_tsfms/outputs/instance_normalization/tasks/chronos_bolt/normalization/zscore/univariate/Oil_Price/B/short/run_0/config.json
    Saved aggregate metrics to /fslarge/scratch/users/h61084/codes/evaluating_tsfms/outputs/instance_normalization/tasks/chronos_bolt/normalization/zscore/univariate/Oil_Price/B/short/run_0/metrics_summary.json
    Metrics summary (averaged over all series/windows/variates):
      MSE: 3.1659
      MAE: 0.6828
      RMSE: 0.7864
      MAPE: 0.0590
      sMAPE: 0.0586
      MASE: 1.4220
      ND: 0.0588
      CRPS: 0.0461
  Output: /fslarge/scratch/users/h61084/codes/evaluating_tsfms/outputs/instance_normalization/tasks/chronos_bolt/normalization/zscore/univariate/Oil_Price/B/short/run_0

============================================================
All experiments completed!
Results saved to: /scratch/users/h61084/codes/evaluating_tsfms/outputs/instance_normalization/tasks
============================================================

############################################################
# All datasets completed!
############################################################

############################################################
# Dataset 1/1: Job_Claims/W
############################################################
Loading configuration...

============================================================
Dataset: Job_Claims/W
Model: amazon/chronos-bolt-base
Terms: ['short']
Instance normalization: zscore
============================================================
Loading Chronos-Bolt model: amazon/chronos-bolt-base from /fslarge/scratch/users/h61084/weights/chronos-bolt-base...
[2026-09-27 15:19:37 UTC] resources selected_device {"device": "cuda", "model": "chronos_bolt", "stage": "forecast"}

--- Term: short ---
  Config: prediction_length=13, test_length=52, val_length=13
  Dataset info:
    - Frequency: W
    - Num series: 1
    - Target dim: 2
    - Target mode: univariate
    - Series length: min=196, max=196, avg=196.0
    - Test split: 52 steps
    - Prediction length: 13
    - Windows: 4
TIME run allocation action=new run=/fslarge/scratch/users/h61084/codes/evaluating_tsfms/outputs/instance_normalization/inference/chronos_bolt/normalization/zscore/univariate/Job_Claims/W/short/run_0 launch_id=selena_instance_normalization_20260927T131553Z_36892 slurm_job_id=3584826 launched_at=2026-09-27T15:19:38.354968+00:00
  Preparing input batches from Test split data...
    Total instances to forecast: 8
  Running predictions (Batch size: 16)...
TIME run allocation action=new run=/fslarge/scratch/users/h61084/codes/evaluating_tsfms/outputs/instance_normalization/tasks/chronos_bolt/normalization/zscore/univariate/Job_Claims/W/short/run_0 launch_id=selena_instance_normalization_20260927T131553Z_36892 slurm_job_id=3584826 launched_at=2026-09-27T15:19:38.596052+00:00
    Total instances: 8, Series during experiment: 2, Windows: 4
    Collecting ground truth and context...
    Detected to_univariate case: 2 flat series -> 1 series x 2 variates
    Organizing data into arrays...
    ⚠️  Predictions max value (2102637.50) exceeds float16 safe range.
    ⚠️  Applying scale factor: 100 (values will be divided)
    Saved predictions (quantiles) to /fslarge/scratch/users/h61084/codes/evaluating_tsfms/outputs/instance_normalization/tasks/chronos_bolt/normalization/zscore/univariate/Job_Claims/W/short/run_0/predictions.npz
    Computing per-window metrics...
    Saved metrics to /fslarge/scratch/users/h61084/codes/evaluating_tsfms/outputs/instance_normalization/tasks/chronos_bolt/normalization/zscore/univariate/Job_Claims/W/short/run_0/metrics.npz
    Saved config to /fslarge/scratch/users/h61084/codes/evaluating_tsfms/outputs/instance_normalization/tasks/chronos_bolt/normalization/zscore/univariate/Job_Claims/W/short/run_0/config.json
    Saved aggregate metrics to /fslarge/scratch/users/h61084/codes/evaluating_tsfms/outputs/instance_normalization/tasks/chronos_bolt/normalization/zscore/univariate/Job_Claims/W/short/run_0/metrics_summary.json
    Metrics summary (averaged over all series/windows/variates):
      MSE: 1472408762.0000
      MAE: 25819.6875
      RMSE: 29300.8864
      MAPE: 0.0290
      sMAPE: 0.0290
      MASE: 4.1468
      ND: 0.0290
      CRPS: 0.0223
  Output: /fslarge/scratch/users/h61084/codes/evaluating_tsfms/outputs/instance_normalization/tasks/chronos_bolt/normalization/zscore/univariate/Job_Claims/W/short/run_0

============================================================
All experiments completed!
Results saved to: /scratch/users/h61084/codes/evaluating_tsfms/outputs/instance_normalization/tasks
============================================================

############################################################
# All datasets completed!
############################################################

############################################################
# Dataset 1/1: Uncertainty_1M/M
############################################################
Loading configuration...

============================================================
Dataset: Uncertainty_1M/M
Model: amazon/chronos-bolt-base
Terms: ['short']
Instance normalization: zscore
============================================================
Loading Chronos-Bolt model: amazon/chronos-bolt-base from /fslarge/scratch/users/h61084/weights/chronos-bolt-base...
[2026-09-27 15:19:47 UTC] resources selected_device {"device": "cuda", "model": "chronos_bolt", "stage": "forecast"}

--- Term: short ---
  Config: prediction_length=6, test_length=42, val_length=18
  Dataset info:
    - Frequency: M
    - Num series: 1
    - Target dim: 3
    - Target mode: univariate
    - Series length: min=780, max=780, avg=780.0
    - Test split: 42 steps
    - Prediction length: 6
    - Windows: 7
TIME run allocation action=new run=/fslarge/scratch/users/h61084/codes/evaluating_tsfms/outputs/instance_normalization/inference/chronos_bolt/normalization/zscore/univariate/Uncertainty_1M/M/short/run_0 launch_id=selena_instance_normalization_20260927T131553Z_36892 slurm_job_id=3584826 launched_at=2026-09-27T15:19:47.754982+00:00
  Preparing input batches from Test split data...
    Total instances to forecast: 21
  Running predictions (Batch size: 16)...
TIME run allocation action=new run=/fslarge/scratch/users/h61084/codes/evaluating_tsfms/outputs/instance_normalization/tasks/chronos_bolt/normalization/zscore/univariate/Uncertainty_1M/M/short/run_0 launch_id=selena_instance_normalization_20260927T131553Z_36892 slurm_job_id=3584826 launched_at=2026-09-27T15:19:48.021780+00:00
    Total instances: 21, Series during experiment: 3, Windows: 7
    Collecting ground truth and context...
    Detected to_univariate case: 3 flat series -> 1 series x 3 variates
    Organizing data into arrays...
    Saved predictions (quantiles) to /fslarge/scratch/users/h61084/codes/evaluating_tsfms/outputs/instance_normalization/tasks/chronos_bolt/normalization/zscore/univariate/Uncertainty_1M/M/short/run_0/predictions.npz
    Computing per-window metrics...
    Saved metrics to /fslarge/scratch/users/h61084/codes/evaluating_tsfms/outputs/instance_normalization/tasks/chronos_bolt/normalization/zscore/univariate/Uncertainty_1M/M/short/run_0/metrics.npz
    Saved config to /fslarge/scratch/users/h61084/codes/evaluating_tsfms/outputs/instance_normalization/tasks/chronos_bolt/normalization/zscore/univariate/Uncertainty_1M/M/short/run_0/config.json
    Saved aggregate metrics to /fslarge/scratch/users/h61084/codes/evaluating_tsfms/outputs/instance_normalization/tasks/chronos_bolt/normalization/zscore/univariate/Uncertainty_1M/M/short/run_0/metrics_summary.json
    Metrics summary (averaged over all series/windows/variates):
      MSE: 0.0021
      MAE: 0.0341
      RMSE: 0.0374
      MAPE: 0.0423
      sMAPE: 0.0411
      MASE: 0.4151
      ND: 0.0419
      CRPS: 0.0328
  Output: /fslarge/scratch/users/h61084/codes/evaluating_tsfms/outputs/instance_normalization/tasks/chronos_bolt/normalization/zscore/univariate/Uncertainty_1M/M/short/run_0

============================================================
All experiments completed!
Results saved to: /scratch/users/h61084/codes/evaluating_tsfms/outputs/instance_normalization/tasks
============================================================

############################################################
# All datasets completed!
############################################################

############################################################
# Dataset 1/1: Housing_Inventory/M
############################################################
Loading configuration...

============================================================
Dataset: Housing_Inventory/M
Model: amazon/chronos-bolt-base
Terms: ['short']
Instance normalization: zscore
============================================================
Loading Chronos-Bolt model: amazon/chronos-bolt-base from /fslarge/scratch/users/h61084/weights/chronos-bolt-base...
[2026-09-27 15:19:56 UTC] resources selected_device {"device": "cuda", "model": "chronos_bolt", "stage": "forecast"}

--- Term: short ---
  Config: prediction_length=12, test_length=36, val_length=12
  Dataset info:
    - Frequency: M
    - Num series: 1
    - Target dim: 4
    - Target mode: univariate
    - Series length: min=114, max=114, avg=114.0
    - Test split: 36 steps
    - Prediction length: 12
    - Windows: 3
TIME run allocation action=new run=/fslarge/scratch/users/h61084/codes/evaluating_tsfms/outputs/instance_normalization/inference/chronos_bolt/normalization/zscore/univariate/Housing_Inventory/M/short/run_0 launch_id=selena_instance_normalization_20260927T131553Z_36892 slurm_job_id=3584826 launched_at=2026-09-27T15:19:57.181378+00:00
  Preparing input batches from Test split data...
    Total instances to forecast: 12
  Running predictions (Batch size: 16)...
TIME run allocation action=new run=/fslarge/scratch/users/h61084/codes/evaluating_tsfms/outputs/instance_normalization/tasks/chronos_bolt/normalization/zscore/univariate/Housing_Inventory/M/short/run_0 launch_id=selena_instance_normalization_20260927T131553Z_36892 slurm_job_id=3584826 launched_at=2026-09-27T15:19:57.427246+00:00
    Total instances: 12, Series during experiment: 4, Windows: 3
    Collecting ground truth and context...
    Detected to_univariate case: 4 flat series -> 1 series x 4 variates
    Organizing data into arrays...
    ⚠️  Predictions max value (1219171.00) exceeds float16 safe range.
    ⚠️  Applying scale factor: 100 (values will be divided)
    Saved predictions (quantiles) to /fslarge/scratch/users/h61084/codes/evaluating_tsfms/outputs/instance_normalization/tasks/chronos_bolt/normalization/zscore/univariate/Housing_Inventory/M/short/run_0/predictions.npz
    Computing per-window metrics...
    Saved metrics to /fslarge/scratch/users/h61084/codes/evaluating_tsfms/outputs/instance_normalization/tasks/chronos_bolt/normalization/zscore/univariate/Housing_Inventory/M/short/run_0/metrics.npz
    Saved config to /fslarge/scratch/users/h61084/codes/evaluating_tsfms/outputs/instance_normalization/tasks/chronos_bolt/normalization/zscore/univariate/Housing_Inventory/M/short/run_0/config.json
    Saved aggregate metrics to /fslarge/scratch/users/h61084/codes/evaluating_tsfms/outputs/instance_normalization/tasks/chronos_bolt/normalization/zscore/univariate/Housing_Inventory/M/short/run_0/metrics_summary.json
    Metrics summary (averaged over all series/windows/variates):
      MSE: 5481882579.8282
      MAE: 30275.8781
      RMSE: 33075.9153
      MAPE: 0.0694
      sMAPE: 0.0658
      MASE: 0.5280
      ND: 0.0694
      CRPS: 0.0537
  Output: /fslarge/scratch/users/h61084/codes/evaluating_tsfms/outputs/instance_normalization/tasks/chronos_bolt/normalization/zscore/univariate/Housing_Inventory/M/short/run_0

============================================================
All experiments completed!
Results saved to: /scratch/users/h61084/codes/evaluating_tsfms/outputs/instance_normalization/tasks
============================================================

############################################################
# All datasets completed!
############################################################

############################################################
# Dataset 1/1: JOLTS/M
############################################################
Loading configuration...

============================================================
Dataset: JOLTS/M
Model: amazon/chronos-bolt-base
Terms: ['short']
Instance normalization: zscore
============================================================
Loading Chronos-Bolt model: amazon/chronos-bolt-base from /fslarge/scratch/users/h61084/weights/chronos-bolt-base...
[2026-09-27 15:20:05 UTC] resources selected_device {"device": "cuda", "model": "chronos_bolt", "stage": "forecast"}

--- Term: short ---
  Config: prediction_length=12, test_length=60, val_length=12
  Dataset info:
    - Frequency: M
    - Num series: 1
    - Target dim: 6
    - Target mode: univariate
    - Series length: min=297, max=297, avg=297.0
    - Test split: 60 steps
    - Prediction length: 12
    - Windows: 5
TIME run allocation action=new run=/fslarge/scratch/users/h61084/codes/evaluating_tsfms/outputs/instance_normalization/inference/chronos_bolt/normalization/zscore/univariate/JOLTS/M/short/run_0 launch_id=selena_instance_normalization_20260927T131553Z_36892 slurm_job_id=3584826 launched_at=2026-09-27T15:20:06.597889+00:00
  Preparing input batches from Test split data...
    Total instances to forecast: 30
  Running predictions (Batch size: 16)...
TIME run allocation action=new run=/fslarge/scratch/users/h61084/codes/evaluating_tsfms/outputs/instance_normalization/tasks/chronos_bolt/normalization/zscore/univariate/JOLTS/M/short/run_0 launch_id=selena_instance_normalization_20260927T131553Z_36892 slurm_job_id=3584826 launched_at=2026-09-27T15:20:06.863295+00:00
    Total instances: 30, Series during experiment: 6, Windows: 5
    Collecting ground truth and context...
    Detected to_univariate case: 6 flat series -> 1 series x 6 variates
    Organizing data into arrays...
    Saved predictions (quantiles) to /fslarge/scratch/users/h61084/codes/evaluating_tsfms/outputs/instance_normalization/tasks/chronos_bolt/normalization/zscore/univariate/JOLTS/M/short/run_0/predictions.npz
    Computing per-window metrics...
    Saved metrics to /fslarge/scratch/users/h61084/codes/evaluating_tsfms/outputs/instance_normalization/tasks/chronos_bolt/normalization/zscore/univariate/JOLTS/M/short/run_0/metrics.npz
    Saved config to /fslarge/scratch/users/h61084/codes/evaluating_tsfms/outputs/instance_normalization/tasks/chronos_bolt/normalization/zscore/univariate/JOLTS/M/short/run_0/config.json
    Saved aggregate metrics to /fslarge/scratch/users/h61084/codes/evaluating_tsfms/outputs/instance_normalization/tasks/chronos_bolt/normalization/zscore/univariate/JOLTS/M/short/run_0/metrics_summary.json
    Metrics summary (averaged over all series/windows/variates):
      MSE: 420672.3933
      MAE: 347.0063
      RMSE: 419.1784
      MAPE: 0.0820
      sMAPE: 0.0809
      MASE: 1.0554
      ND: 0.0816
      CRPS: 0.0649
  Output: /fslarge/scratch/users/h61084/codes/evaluating_tsfms/outputs/instance_normalization/tasks/chronos_bolt/normalization/zscore/univariate/JOLTS/M/short/run_0

============================================================
All experiments completed!
Results saved to: /scratch/users/h61084/codes/evaluating_tsfms/outputs/instance_normalization/tasks
============================================================

############################################################
# All datasets completed!
############################################################

############################################################
# Dataset 1/1: US_Labor/M
############################################################
Loading configuration...

============================================================
Dataset: US_Labor/M
Model: amazon/chronos-bolt-base
Terms: ['short']
Instance normalization: zscore
============================================================
Loading Chronos-Bolt model: amazon/chronos-bolt-base from /fslarge/scratch/users/h61084/weights/chronos-bolt-base...
[2026-09-27 15:20:15 UTC] resources selected_device {"device": "cuda", "model": "chronos_bolt", "stage": "forecast"}

--- Term: short ---
  Config: prediction_length=12, test_length=60, val_length=12
  Dataset info:
    - Frequency: M
    - Num series: 1
    - Target dim: 14
    - Target mode: univariate
    - Series length: min=380, max=380, avg=380.0
    - Test split: 60 steps
    - Prediction length: 12
    - Windows: 5
TIME run allocation action=new run=/fslarge/scratch/users/h61084/codes/evaluating_tsfms/outputs/instance_normalization/inference/chronos_bolt/normalization/zscore/univariate/US_Labor/M/short/run_0 launch_id=selena_instance_normalization_20260927T131553Z_36892 slurm_job_id=3584826 launched_at=2026-09-27T15:20:16.287206+00:00
  Preparing input batches from Test split data...
    Total instances to forecast: 70
  Running predictions (Batch size: 16)...
TIME run allocation action=new run=/fslarge/scratch/users/h61084/codes/evaluating_tsfms/outputs/instance_normalization/tasks/chronos_bolt/normalization/zscore/univariate/US_Labor/M/short/run_0 launch_id=selena_instance_normalization_20260927T131553Z_36892 slurm_job_id=3584826 launched_at=2026-09-27T15:20:16.606053+00:00
    Total instances: 70, Series during experiment: 14, Windows: 5
    Collecting ground truth and context...
    Detected to_univariate case: 14 flat series -> 1 series x 14 variates
    Organizing data into arrays...
    ⚠️  Predictions max value (173125.27) exceeds float16 safe range.
    ⚠️  Applying scale factor: 10 (values will be divided)
    Saved predictions (quantiles) to /fslarge/scratch/users/h61084/codes/evaluating_tsfms/outputs/instance_normalization/tasks/chronos_bolt/normalization/zscore/univariate/US_Labor/M/short/run_0/predictions.npz
    Computing per-window metrics...
    Saved metrics to /fslarge/scratch/users/h61084/codes/evaluating_tsfms/outputs/instance_normalization/tasks/chronos_bolt/normalization/zscore/univariate/US_Labor/M/short/run_0/metrics.npz
    Saved config to /fslarge/scratch/users/h61084/codes/evaluating_tsfms/outputs/instance_normalization/tasks/chronos_bolt/normalization/zscore/univariate/US_Labor/M/short/run_0/config.json
    Saved aggregate metrics to /fslarge/scratch/users/h61084/codes/evaluating_tsfms/outputs/instance_normalization/tasks/chronos_bolt/normalization/zscore/univariate/US_Labor/M/short/run_0/metrics_summary.json
    Metrics summary (averaged over all series/windows/variates):
      MSE: 761910.8734
      MAE: 392.4606
      RMSE: 438.0245
      MAPE: 0.0725
      sMAPE: 0.0687
      MASE: 0.9464
      ND: 0.0713
      CRPS: 0.0562
  Output: /fslarge/scratch/users/h61084/codes/evaluating_tsfms/outputs/instance_normalization/tasks/chronos_bolt/normalization/zscore/univariate/US_Labor/M/short/run_0

============================================================
All experiments completed!
Results saved to: /scratch/users/h61084/codes/evaluating_tsfms/outputs/instance_normalization/tasks
============================================================

############################################################
# All datasets completed!
############################################################

############################################################
# Dataset 1/1: Vehicle_Supply/M
############################################################
Loading configuration...

============================================================
Dataset: Vehicle_Supply/M
Model: amazon/chronos-bolt-base
Terms: ['short']
Instance normalization: zscore
============================================================
Loading Chronos-Bolt model: amazon/chronos-bolt-base from /fslarge/scratch/users/h61084/weights/chronos-bolt-base...
[2026-09-27 15:20:25 UTC] resources selected_device {"device": "cuda", "model": "chronos_bolt", "stage": "forecast"}

--- Term: short ---
  Config: prediction_length=12, test_length=60, val_length=12
  Dataset info:
    - Frequency: M
    - Num series: 1
    - Target dim: 6
    - Target mode: univariate
    - Series length: min=391, max=391, avg=391.0
    - Test split: 60 steps
    - Prediction length: 12
    - Windows: 5
TIME run allocation action=new run=/fslarge/scratch/users/h61084/codes/evaluating_tsfms/outputs/instance_normalization/inference/chronos_bolt/normalization/zscore/univariate/Vehicle_Supply/M/short/run_0 launch_id=selena_instance_normalization_20260927T131553Z_36892 slurm_job_id=3584826 launched_at=2026-09-27T15:20:26.162995+00:00
  Preparing input batches from Test split data...
    Total instances to forecast: 30
  Running predictions (Batch size: 16)...
TIME run allocation action=new run=/fslarge/scratch/users/h61084/codes/evaluating_tsfms/outputs/instance_normalization/tasks/chronos_bolt/normalization/zscore/univariate/Vehicle_Supply/M/short/run_0 launch_id=selena_instance_normalization_20260927T131553Z_36892 slurm_job_id=3584826 launched_at=2026-09-27T15:20:26.427608+00:00
    Total instances: 30, Series during experiment: 6, Windows: 5
    Collecting ground truth and context...
    Detected to_univariate case: 6 flat series -> 1 series x 6 variates
    Organizing data into arrays...
    Saved predictions (quantiles) to /fslarge/scratch/users/h61084/codes/evaluating_tsfms/outputs/instance_normalization/tasks/chronos_bolt/normalization/zscore/univariate/Vehicle_Supply/M/short/run_0/predictions.npz
    Computing per-window metrics...
    Saved metrics to /fslarge/scratch/users/h61084/codes/evaluating_tsfms/outputs/instance_normalization/tasks/chronos_bolt/normalization/zscore/univariate/Vehicle_Supply/M/short/run_0/metrics.npz
    Saved config to /fslarge/scratch/users/h61084/codes/evaluating_tsfms/outputs/instance_normalization/tasks/chronos_bolt/normalization/zscore/univariate/Vehicle_Supply/M/short/run_0/config.json
    Saved aggregate metrics to /fslarge/scratch/users/h61084/codes/evaluating_tsfms/outputs/instance_normalization/tasks/chronos_bolt/normalization/zscore/univariate/Vehicle_Supply/M/short/run_0/metrics_summary.json
    Metrics summary (averaged over all series/windows/variates):
      MSE: 2397.0617
      MAE: 22.1977
      RMSE: 26.8237
      MAPE: 0.2436
      sMAPE: 0.2429
      MASE: 0.8111
      ND: 0.2271
      CRPS: 0.1947
  Output: /fslarge/scratch/users/h61084/codes/evaluating_tsfms/outputs/instance_normalization/tasks/chronos_bolt/normalization/zscore/univariate/Vehicle_Supply/M/short/run_0

============================================================
All experiments completed!
Results saved to: /scratch/users/h61084/codes/evaluating_tsfms/outputs/instance_normalization/tasks
============================================================

############################################################
# All datasets completed!
############################################################

############################################################
# Dataset 1/1: Auto_Production_SF/M
############################################################
Loading configuration...

============================================================
Dataset: Auto_Production_SF/M
Model: amazon/chronos-bolt-base
Terms: ['short']
Instance normalization: zscore
============================================================
Loading Chronos-Bolt model: amazon/chronos-bolt-base from /fslarge/scratch/users/h61084/weights/chronos-bolt-base...
[2026-09-27 15:20:34 UTC] resources selected_device {"device": "cuda", "model": "chronos_bolt", "stage": "forecast"}

--- Term: short ---
  Config: prediction_length=12, test_length=60, val_length=12
  Dataset info:
    - Frequency: M
    - Num series: 1
    - Target dim: 1
    - Target mode: univariate
    - Series length: min=367, max=367, avg=367.0
    - Test split: 60 steps
    - Prediction length: 12
    - Windows: 5
TIME run allocation action=new run=/fslarge/scratch/users/h61084/codes/evaluating_tsfms/outputs/instance_normalization/inference/chronos_bolt/normalization/zscore/univariate/Auto_Production_SF/M/short/run_0 launch_id=selena_instance_normalization_20260927T131553Z_36892 slurm_job_id=3584826 launched_at=2026-09-27T15:20:35.524022+00:00
  Preparing input batches from Test split data...
    Total instances to forecast: 5
  Running predictions (Batch size: 16)...
TIME run allocation action=new run=/fslarge/scratch/users/h61084/codes/evaluating_tsfms/outputs/instance_normalization/tasks/chronos_bolt/normalization/zscore/univariate/Auto_Production_SF/M/short/run_0 launch_id=selena_instance_normalization_20260927T131553Z_36892 slurm_job_id=3584826 launched_at=2026-09-27T15:20:35.761857+00:00
    Total instances: 5, Series during experiment: 1, Windows: 5
    Collecting ground truth and context...
    Organizing data into arrays...
    Saved predictions (quantiles) to /fslarge/scratch/users/h61084/codes/evaluating_tsfms/outputs/instance_normalization/tasks/chronos_bolt/normalization/zscore/univariate/Auto_Production_SF/M/short/run_0/predictions.npz
    Computing per-window metrics...
    Saved metrics to /fslarge/scratch/users/h61084/codes/evaluating_tsfms/outputs/instance_normalization/tasks/chronos_bolt/normalization/zscore/univariate/Auto_Production_SF/M/short/run_0/metrics.npz
    Saved config to /fslarge/scratch/users/h61084/codes/evaluating_tsfms/outputs/instance_normalization/tasks/chronos_bolt/normalization/zscore/univariate/Auto_Production_SF/M/short/run_0/config.json
    Saved aggregate metrics to /fslarge/scratch/users/h61084/codes/evaluating_tsfms/outputs/instance_normalization/tasks/chronos_bolt/normalization/zscore/univariate/Auto_Production_SF/M/short/run_0/metrics_summary.json
    Metrics summary (averaged over all series/windows/variates):
      MSE: 26.3340
      MAE: 4.0893
      RMSE: 5.0599
      MAPE: 0.0417
      sMAPE: 0.0414
      MASE: 1.0324
      ND: 0.0410
      CRPS: 0.0318
  Output: /fslarge/scratch/users/h61084/codes/evaluating_tsfms/outputs/instance_normalization/tasks/chronos_bolt/normalization/zscore/univariate/Auto_Production_SF/M/short/run_0

============================================================
All experiments completed!
Results saved to: /scratch/users/h61084/codes/evaluating_tsfms/outputs/instance_normalization/tasks
============================================================

############################################################
# All datasets completed!
############################################################

############################################################
# Dataset 1/1: Commodity_Production/M
############################################################
Loading configuration...

============================================================
Dataset: Commodity_Production/M
Model: amazon/chronos-bolt-base
Terms: ['short']
Instance normalization: zscore
============================================================
Loading Chronos-Bolt model: amazon/chronos-bolt-base from /fslarge/scratch/users/h61084/weights/chronos-bolt-base...
[2026-09-27 15:20:44 UTC] resources selected_device {"device": "cuda", "model": "chronos_bolt", "stage": "forecast"}

--- Term: short ---
  Config: prediction_length=12, test_length=60, val_length=12
  Dataset info:
    - Frequency: M
    - Num series: 32
    - Target dim: 1
    - Target mode: univariate
    - Series length: min=120, max=648, avg=325.1
    - Test split: 60 steps
    - Prediction length: 12
    - Windows: 5
TIME run allocation action=new run=/fslarge/scratch/users/h61084/codes/evaluating_tsfms/outputs/instance_normalization/inference/chronos_bolt/normalization/zscore/univariate/Commodity_Production/M/short/run_0 launch_id=selena_instance_normalization_20260927T131553Z_36892 slurm_job_id=3584826 launched_at=2026-09-27T15:20:44.904183+00:00
  Preparing input batches from Test split data...
    Total instances to forecast: 160
  Running predictions (Batch size: 16)...
    Processed 160/160...
TIME run allocation action=new run=/fslarge/scratch/users/h61084/codes/evaluating_tsfms/outputs/instance_normalization/tasks/chronos_bolt/normalization/zscore/univariate/Commodity_Production/M/short/run_0 launch_id=selena_instance_normalization_20260927T131553Z_36892 slurm_job_id=3584826 launched_at=2026-09-27T15:20:45.322778+00:00
    Total instances: 160, Series during experiment: 32, Windows: 5
    Collecting ground truth and context...
    Organizing data into arrays...
    Saved predictions (quantiles) to /fslarge/scratch/users/h61084/codes/evaluating_tsfms/outputs/instance_normalization/tasks/chronos_bolt/normalization/zscore/univariate/Commodity_Production/M/short/run_0/predictions.npz
    Computing per-window metrics...
    Saved metrics to /fslarge/scratch/users/h61084/codes/evaluating_tsfms/outputs/instance_normalization/tasks/chronos_bolt/normalization/zscore/univariate/Commodity_Production/M/short/run_0/metrics.npz
    Saved config to /fslarge/scratch/users/h61084/codes/evaluating_tsfms/outputs/instance_normalization/tasks/chronos_bolt/normalization/zscore/univariate/Commodity_Production/M/short/run_0/config.json
    Saved aggregate metrics to /fslarge/scratch/users/h61084/codes/evaluating_tsfms/outputs/instance_normalization/tasks/chronos_bolt/normalization/zscore/univariate/Commodity_Production/M/short/run_0/metrics_summary.json
    Metrics summary (averaged over all series/windows/variates):
      MSE: 61141.7280
      MAE: 67.7134
      RMSE: 78.4478
      MAPE: 0.2140
      sMAPE: 0.1661
      MASE: 0.9386
      ND: 0.1597
      CRPS: 0.1242
  Output: /fslarge/scratch/users/h61084/codes/evaluating_tsfms/outputs/instance_normalization/tasks/chronos_bolt/normalization/zscore/univariate/Commodity_Production/M/short/run_0

============================================================
All experiments completed!
Results saved to: /scratch/users/h61084/codes/evaluating_tsfms/outputs/instance_normalization/tasks
============================================================

############################################################
# All datasets completed!
############################################################

############################################################
# Dataset 1/1: Commodity_Import/M
############################################################
Loading configuration...

============================================================
Dataset: Commodity_Import/M
Model: amazon/chronos-bolt-base
Terms: ['short']
Instance normalization: zscore
============================================================
Loading Chronos-Bolt model: amazon/chronos-bolt-base from /fslarge/scratch/users/h61084/weights/chronos-bolt-base...
[2026-09-27 15:20:53 UTC] resources selected_device {"device": "cuda", "model": "chronos_bolt", "stage": "forecast"}

--- Term: short ---
  Config: prediction_length=12, test_length=60, val_length=12
  Dataset info:
    - Frequency: M
    - Num series: 8
    - Target dim: 1
    - Target mode: univariate
    - Series length: min=254, max=1240, avg=697.2
    - Test split: 60 steps
    - Prediction length: 12
    - Windows: 5
TIME run allocation action=new run=/fslarge/scratch/users/h61084/codes/evaluating_tsfms/outputs/instance_normalization/inference/chronos_bolt/normalization/zscore/univariate/Commodity_Import/M/short/run_0 launch_id=selena_instance_normalization_20260927T131553Z_36892 slurm_job_id=3584826 launched_at=2026-09-27T15:20:54.535779+00:00
  Preparing input batches from Test split data...
    Total instances to forecast: 40
  Running predictions (Batch size: 16)...
TIME run allocation action=new run=/fslarge/scratch/users/h61084/codes/evaluating_tsfms/outputs/instance_normalization/tasks/chronos_bolt/normalization/zscore/univariate/Commodity_Import/M/short/run_0 launch_id=selena_instance_normalization_20260927T131553Z_36892 slurm_job_id=3584826 launched_at=2026-09-27T15:20:54.820024+00:00
    Total instances: 40, Series during experiment: 8, Windows: 5
    Collecting ground truth and context...
    Organizing data into arrays...
    Saved predictions (quantiles) to /fslarge/scratch/users/h61084/codes/evaluating_tsfms/outputs/instance_normalization/tasks/chronos_bolt/normalization/zscore/univariate/Commodity_Import/M/short/run_0/predictions.npz
    Computing per-window metrics...
    Saved metrics to /fslarge/scratch/users/h61084/codes/evaluating_tsfms/outputs/instance_normalization/tasks/chronos_bolt/normalization/zscore/univariate/Commodity_Import/M/short/run_0/metrics.npz
    Saved config to /fslarge/scratch/users/h61084/codes/evaluating_tsfms/outputs/instance_normalization/tasks/chronos_bolt/normalization/zscore/univariate/Commodity_Import/M/short/run_0/config.json
    Saved aggregate metrics to /fslarge/scratch/users/h61084/codes/evaluating_tsfms/outputs/instance_normalization/tasks/chronos_bolt/normalization/zscore/univariate/Commodity_Import/M/short/run_0/metrics_summary.json
    Metrics summary (averaged over all series/windows/variates):
      MSE: 1702244.5837
      MAE: 527.9195
      RMSE: 630.6832
      MAPE: 0.3501
      sMAPE: 0.2394
      MASE: 1.5321
      ND: 0.2731
      CRPS: 0.2144
  Output: /fslarge/scratch/users/h61084/codes/evaluating_tsfms/outputs/instance_normalization/tasks/chronos_bolt/normalization/zscore/univariate/Commodity_Import/M/short/run_0

============================================================
All experiments completed!
Results saved to: /scratch/users/h61084/codes/evaluating_tsfms/outputs/instance_normalization/tasks
============================================================

############################################################
# All datasets completed!
############################################################

############################################################
# Dataset 1/1: WUI_Global/Q
############################################################
Loading configuration...

============================================================
Dataset: WUI_Global/Q
Model: amazon/chronos-bolt-base
Terms: ['short']
Instance normalization: zscore
============================================================
Loading Chronos-Bolt model: amazon/chronos-bolt-base from /fslarge/scratch/users/h61084/weights/chronos-bolt-base...
[2026-09-27 15:21:03 UTC] resources selected_device {"device": "cuda", "model": "chronos_bolt", "stage": "forecast"}

--- Term: short ---
  Config: prediction_length=4, test_length=20, val_length=20
  Dataset info:
    - Frequency: Q
    - Num series: 1
    - Target dim: 15
    - Target mode: univariate
    - Series length: min=294, max=294, avg=294.0
    - Test split: 20 steps
    - Prediction length: 4
    - Windows: 5
TIME run allocation action=new run=/fslarge/scratch/users/h61084/codes/evaluating_tsfms/outputs/instance_normalization/inference/chronos_bolt/normalization/zscore/univariate/WUI_Global/Q/short/run_0 launch_id=selena_instance_normalization_20260927T131553Z_36892 slurm_job_id=3584826 launched_at=2026-09-27T15:21:04.000913+00:00
  Preparing input batches from Test split data...
    Total instances to forecast: 75
  Running predictions (Batch size: 16)...
TIME run allocation action=new run=/fslarge/scratch/users/h61084/codes/evaluating_tsfms/outputs/instance_normalization/tasks/chronos_bolt/normalization/zscore/univariate/WUI_Global/Q/short/run_0 launch_id=selena_instance_normalization_20260927T131553Z_36892 slurm_job_id=3584826 launched_at=2026-09-27T15:21:04.320548+00:00
    Total instances: 75, Series during experiment: 15, Windows: 5
    Collecting ground truth and context...
    Detected to_univariate case: 15 flat series -> 1 series x 15 variates
    Organizing data into arrays...
    Saved predictions (quantiles) to /fslarge/scratch/users/h61084/codes/evaluating_tsfms/outputs/instance_normalization/tasks/chronos_bolt/normalization/zscore/univariate/WUI_Global/Q/short/run_0/predictions.npz
    Computing per-window metrics...
    Saved metrics to /fslarge/scratch/users/h61084/codes/evaluating_tsfms/outputs/instance_normalization/tasks/chronos_bolt/normalization/zscore/univariate/WUI_Global/Q/short/run_0/metrics.npz
    Saved config to /fslarge/scratch/users/h61084/codes/evaluating_tsfms/outputs/instance_normalization/tasks/chronos_bolt/normalization/zscore/univariate/WUI_Global/Q/short/run_0/config.json
    Saved aggregate metrics to /fslarge/scratch/users/h61084/codes/evaluating_tsfms/outputs/instance_normalization/tasks/chronos_bolt/normalization/zscore/univariate/WUI_Global/Q/short/run_0/metrics_summary.json
    Metrics summary (averaged over all series/windows/variates):
      MSE: 0.0486
      MAE: 0.1491
      RMSE: 0.1769
      MAPE: 0.5773
      sMAPE: 0.6600
      MASE: 0.9985
      ND: 0.6986
      CRPS: 0.5497
  Output: /fslarge/scratch/users/h61084/codes/evaluating_tsfms/outputs/instance_normalization/tasks/chronos_bolt/normalization/zscore/univariate/WUI_Global/Q/short/run_0

============================================================
All experiments completed!
Results saved to: /scratch/users/h61084/codes/evaluating_tsfms/outputs/instance_normalization/tasks
============================================================

############################################################
# All datasets completed!
############################################################

############################################################
# Dataset 1/1: Global_Price/Q
############################################################
Loading configuration...

============================================================
Dataset: Global_Price/Q
Model: amazon/chronos-bolt-base
Terms: ['short']
Instance normalization: zscore
============================================================
Loading Chronos-Bolt model: amazon/chronos-bolt-base from /fslarge/scratch/users/h61084/weights/chronos-bolt-base...
[2026-09-27 15:21:12 UTC] resources selected_device {"device": "cuda", "model": "chronos_bolt", "stage": "forecast"}

--- Term: short ---
  Config: prediction_length=4, test_length=20, val_length=8
  Dataset info:
    - Frequency: Q
    - Num series: 1
    - Target dim: 60
    - Target mode: univariate
    - Series length: min=142, max=142, avg=142.0
    - Test split: 20 steps
    - Prediction length: 4
    - Windows: 5
TIME run allocation action=new run=/fslarge/scratch/users/h61084/codes/evaluating_tsfms/outputs/instance_normalization/inference/chronos_bolt/normalization/zscore/univariate/Global_Price/Q/short/run_0 launch_id=selena_instance_normalization_20260927T131553Z_36892 slurm_job_id=3584826 launched_at=2026-09-27T15:21:13.549406+00:00
  Preparing input batches from Test split data...
    Total instances to forecast: 300
  Running predictions (Batch size: 16)...
    Processed 160/300...
TIME run allocation action=new run=/fslarge/scratch/users/h61084/codes/evaluating_tsfms/outputs/instance_normalization/tasks/chronos_bolt/normalization/zscore/univariate/Global_Price/Q/short/run_0 launch_id=selena_instance_normalization_20260927T131553Z_36892 slurm_job_id=3584826 launched_at=2026-09-27T15:21:14.131569+00:00
    Total instances: 300, Series during experiment: 60, Windows: 5
    Collecting ground truth and context...
    Detected to_univariate case: 60 flat series -> 1 series x 60 variates
    Organizing data into arrays...
    Saved predictions (quantiles) to /fslarge/scratch/users/h61084/codes/evaluating_tsfms/outputs/instance_normalization/tasks/chronos_bolt/normalization/zscore/univariate/Global_Price/Q/short/run_0/predictions.npz
    Computing per-window metrics...
    Saved metrics to /fslarge/scratch/users/h61084/codes/evaluating_tsfms/outputs/instance_normalization/tasks/chronos_bolt/normalization/zscore/univariate/Global_Price/Q/short/run_0/metrics.npz
    Saved config to /fslarge/scratch/users/h61084/codes/evaluating_tsfms/outputs/instance_normalization/tasks/chronos_bolt/normalization/zscore/univariate/Global_Price/Q/short/run_0/config.json
    Saved aggregate metrics to /fslarge/scratch/users/h61084/codes/evaluating_tsfms/outputs/instance_normalization/tasks/chronos_bolt/normalization/zscore/univariate/Global_Price/Q/short/run_0/metrics_summary.json
    Metrics summary (averaged over all series/windows/variates):
      MSE: 1713971.9737
      MAE: 304.0817
      RMSE: 341.7312
      MAPE: 0.1793
      sMAPE: 0.1905
      MASE: 1.5685
      ND: 0.1799
      CRPS: 0.1462
  Output: /fslarge/scratch/users/h61084/codes/evaluating_tsfms/outputs/instance_normalization/tasks/chronos_bolt/normalization/zscore/univariate/Global_Price/Q/short/run_0

============================================================
All experiments completed!
Results saved to: /scratch/users/h61084/codes/evaluating_tsfms/outputs/instance_normalization/tasks
============================================================

############################################################
# All datasets completed!
############################################################

############################################################
# Dataset 1/1: Vehicle_Sales/M
############################################################
Loading configuration...

============================================================
Dataset: Vehicle_Sales/M
Model: amazon/chronos-bolt-base
Terms: ['short']
Instance normalization: zscore
============================================================
Loading Chronos-Bolt model: amazon/chronos-bolt-base from /fslarge/scratch/users/h61084/weights/chronos-bolt-base...
[2026-09-27 15:21:22 UTC] resources selected_device {"device": "cuda", "model": "chronos_bolt", "stage": "forecast"}

--- Term: short ---
  Config: prediction_length=12, test_length=60, val_length=12
  Dataset info:
    - Frequency: M
    - Num series: 1
    - Target dim: 10
    - Target mode: univariate
    - Series length: min=596, max=596, avg=596.0
    - Test split: 60 steps
    - Prediction length: 12
    - Windows: 5
TIME run allocation action=new run=/fslarge/scratch/users/h61084/codes/evaluating_tsfms/outputs/instance_normalization/inference/chronos_bolt/normalization/zscore/univariate/Vehicle_Sales/M/short/run_0 launch_id=selena_instance_normalization_20260927T131553Z_36892 slurm_job_id=3584826 launched_at=2026-09-27T15:21:23.382640+00:00
  Preparing input batches from Test split data...
    Total instances to forecast: 50
  Running predictions (Batch size: 16)...
TIME run allocation action=new run=/fslarge/scratch/users/h61084/codes/evaluating_tsfms/outputs/instance_normalization/tasks/chronos_bolt/normalization/zscore/univariate/Vehicle_Sales/M/short/run_0 launch_id=selena_instance_normalization_20260927T131553Z_36892 slurm_job_id=3584826 launched_at=2026-09-27T15:21:23.690176+00:00
    Total instances: 50, Series during experiment: 10, Windows: 5
    Collecting ground truth and context...
    Detected to_univariate case: 10 flat series -> 1 series x 10 variates
    Organizing data into arrays...
    Saved predictions (quantiles) to /fslarge/scratch/users/h61084/codes/evaluating_tsfms/outputs/instance_normalization/tasks/chronos_bolt/normalization/zscore/univariate/Vehicle_Sales/M/short/run_0/predictions.npz
    Computing per-window metrics...
    Saved metrics to /fslarge/scratch/users/h61084/codes/evaluating_tsfms/outputs/instance_normalization/tasks/chronos_bolt/normalization/zscore/univariate/Vehicle_Sales/M/short/run_0/metrics.npz
    Saved config to /fslarge/scratch/users/h61084/codes/evaluating_tsfms/outputs/instance_normalization/tasks/chronos_bolt/normalization/zscore/univariate/Vehicle_Sales/M/short/run_0/config.json
    Saved aggregate metrics to /fslarge/scratch/users/h61084/codes/evaluating_tsfms/outputs/instance_normalization/tasks/chronos_bolt/normalization/zscore/univariate/Vehicle_Sales/M/short/run_0/metrics_summary.json
    Metrics summary (averaged over all series/windows/variates):
      MSE: 1736.5520
      MAE: 10.7605
      RMSE: 12.6642
      MAPE: 0.0823
      sMAPE: 0.0821
      MASE: 0.7724
      ND: 0.0824
      CRPS: 0.0650
  Output: /fslarge/scratch/users/h61084/codes/evaluating_tsfms/outputs/instance_normalization/tasks/chronos_bolt/normalization/zscore/univariate/Vehicle_Sales/M/short/run_0

============================================================
All experiments completed!
Results saved to: /scratch/users/h61084/codes/evaluating_tsfms/outputs/instance_normalization/tasks
============================================================

############################################################
# All datasets completed!
############################################################

############################################################
# Dataset 1/1: Online_Retail_2_UCI/D
############################################################
Loading configuration...

============================================================
Dataset: Online_Retail_2_UCI/D
Model: amazon/chronos-bolt-base
Terms: ['short']
Instance normalization: zscore
============================================================
Loading Chronos-Bolt model: amazon/chronos-bolt-base from /fslarge/scratch/users/h61084/weights/chronos-bolt-base...
[2026-09-27 15:21:32 UTC] resources selected_device {"device": "cuda", "model": "chronos_bolt", "stage": "forecast"}

--- Term: short ---
  Config: prediction_length=30, test_length=180, val_length=90
  Dataset info:
    - Frequency: D
    - Num series: 1
    - Target dim: 1
    - Target mode: univariate
    - Series length: min=739, max=739, avg=739.0
    - Test split: 180 steps
    - Prediction length: 30
    - Windows: 6
TIME run allocation action=new run=/fslarge/scratch/users/h61084/codes/evaluating_tsfms/outputs/instance_normalization/inference/chronos_bolt/normalization/zscore/univariate/Online_Retail_2_UCI/D/short/run_0 launch_id=selena_instance_normalization_20260927T131553Z_36892 slurm_job_id=3584826 launched_at=2026-09-27T15:21:32.878432+00:00
  Preparing input batches from Test split data...
    Total instances to forecast: 6
  Running predictions (Batch size: 16)...
TIME run allocation action=new run=/fslarge/scratch/users/h61084/codes/evaluating_tsfms/outputs/instance_normalization/tasks/chronos_bolt/normalization/zscore/univariate/Online_Retail_2_UCI/D/short/run_0 launch_id=selena_instance_normalization_20260927T131553Z_36892 slurm_job_id=3584826 launched_at=2026-09-27T15:21:33.117463+00:00
    Total instances: 6, Series during experiment: 1, Windows: 6
    Collecting ground truth and context...
    Organizing data into arrays...
    ⚠️  Predictions max value (117518.17) exceeds float16 safe range.
    ⚠️  Applying scale factor: 10 (values will be divided)
    Saved predictions (quantiles) to /fslarge/scratch/users/h61084/codes/evaluating_tsfms/outputs/instance_normalization/tasks/chronos_bolt/normalization/zscore/univariate/Online_Retail_2_UCI/D/short/run_0/predictions.npz
    Computing per-window metrics...
    Saved metrics to /fslarge/scratch/users/h61084/codes/evaluating_tsfms/outputs/instance_normalization/tasks/chronos_bolt/normalization/zscore/univariate/Online_Retail_2_UCI/D/short/run_0/metrics.npz
    Saved config to /fslarge/scratch/users/h61084/codes/evaluating_tsfms/outputs/instance_normalization/tasks/chronos_bolt/normalization/zscore/univariate/Online_Retail_2_UCI/D/short/run_0/config.json
    Saved aggregate metrics to /fslarge/scratch/users/h61084/codes/evaluating_tsfms/outputs/instance_normalization/tasks/chronos_bolt/normalization/zscore/univariate/Online_Retail_2_UCI/D/short/run_0/metrics_summary.json
    Metrics summary (averaged over all series/windows/variates):
      MSE: 314035403.7046
      MAE: 10246.2874
      RMSE: 16013.3717
      MAPE: 0.2655
      sMAPE: 0.5281
      MASE: 0.6195
      ND: 0.2986
      CRPS: 0.2480
  Output: /fslarge/scratch/users/h61084/codes/evaluating_tsfms/outputs/instance_normalization/tasks/chronos_bolt/normalization/zscore/univariate/Online_Retail_2_UCI/D/short/run_0

============================================================
All experiments completed!
Results saved to: /scratch/users/h61084/codes/evaluating_tsfms/outputs/instance_normalization/tasks
============================================================

############################################################
# All datasets completed!
############################################################

############################################################
# Dataset 1/1: Supply_Chain_Customer/D
############################################################
Loading configuration...

============================================================
Dataset: Supply_Chain_Customer/D
Model: amazon/chronos-bolt-base
Terms: ['short']
Instance normalization: zscore
============================================================
Loading Chronos-Bolt model: amazon/chronos-bolt-base from /fslarge/scratch/users/h61084/weights/chronos-bolt-base...
[2026-09-27 15:21:41 UTC] resources selected_device {"device": "cuda", "model": "chronos_bolt", "stage": "forecast"}

--- Term: short ---
  Config: prediction_length=30, test_length=365, val_length=90
  Dataset info:
    - Frequency: D
    - Num series: 1
    - Target dim: 36
    - Target mode: univariate
    - Series length: min=2007, max=2007, avg=2007.0
    - Test split: 365 steps
    - Prediction length: 30
    - Windows: 12
TIME run allocation action=new run=/fslarge/scratch/users/h61084/codes/evaluating_tsfms/outputs/instance_normalization/inference/chronos_bolt/normalization/zscore/univariate/Supply_Chain_Customer/D/short/run_0 launch_id=selena_instance_normalization_20260927T131553Z_36892 slurm_job_id=3584826 launched_at=2026-09-27T15:21:42.299906+00:00
  Preparing input batches from Test split data...
    Total instances to forecast: 432
  Running predictions (Batch size: 16)...
    Processed 160/432...
    Processed 320/432...
TIME run allocation action=new run=/fslarge/scratch/users/h61084/codes/evaluating_tsfms/outputs/instance_normalization/tasks/chronos_bolt/normalization/zscore/univariate/Supply_Chain_Customer/D/short/run_0 launch_id=selena_instance_normalization_20260927T131553Z_36892 slurm_job_id=3584826 launched_at=2026-09-27T15:21:43.227239+00:00
    Total instances: 432, Series during experiment: 36, Windows: 12
    Collecting ground truth and context...
    Detected to_univariate case: 36 flat series -> 1 series x 36 variates
    Organizing data into arrays...
    ⚠️  Predictions max value (244396.02) exceeds float16 safe range.
    ⚠️  Applying scale factor: 10 (values will be divided)
    Saved predictions (quantiles) to /fslarge/scratch/users/h61084/codes/evaluating_tsfms/outputs/instance_normalization/tasks/chronos_bolt/normalization/zscore/univariate/Supply_Chain_Customer/D/short/run_0/predictions.npz
    Computing per-window metrics...
    Saved metrics to /fslarge/scratch/users/h61084/codes/evaluating_tsfms/outputs/instance_normalization/tasks/chronos_bolt/normalization/zscore/univariate/Supply_Chain_Customer/D/short/run_0/metrics.npz
    Saved config to /fslarge/scratch/users/h61084/codes/evaluating_tsfms/outputs/instance_normalization/tasks/chronos_bolt/normalization/zscore/univariate/Supply_Chain_Customer/D/short/run_0/config.json
    Saved aggregate metrics to /fslarge/scratch/users/h61084/codes/evaluating_tsfms/outputs/instance_normalization/tasks/chronos_bolt/normalization/zscore/univariate/Supply_Chain_Customer/D/short/run_0/metrics_summary.json
    Metrics summary (averaged over all series/windows/variates):
      MSE: 32848609.7843
      MAE: 1710.8665
      RMSE: 2393.5512
      MAPE: 0.4313
      sMAPE: 0.4205
      MASE: 0.6131
      ND: 0.3630
      CRPS: 0.2916
  Output: /fslarge/scratch/users/h61084/codes/evaluating_tsfms/outputs/instance_normalization/tasks/chronos_bolt/normalization/zscore/univariate/Supply_Chain_Customer/D/short/run_0

============================================================
All experiments completed!
Results saved to: /scratch/users/h61084/codes/evaluating_tsfms/outputs/instance_normalization/tasks
============================================================

############################################################
# All datasets completed!
############################################################

############################################################
# Dataset 1/1: Supply_Chain_Location/D
############################################################
Loading configuration...

============================================================
Dataset: Supply_Chain_Location/D
Model: amazon/chronos-bolt-base
Terms: ['short']
Instance normalization: zscore
============================================================
Loading Chronos-Bolt model: amazon/chronos-bolt-base from /fslarge/scratch/users/h61084/weights/chronos-bolt-base...
[2026-09-27 15:21:51 UTC] resources selected_device {"device": "cuda", "model": "chronos_bolt", "stage": "forecast"}

--- Term: short ---
  Config: prediction_length=30, test_length=365, val_length=90
  Dataset info:
    - Frequency: D
    - Num series: 1
    - Target dim: 51
    - Target mode: univariate
    - Series length: min=2007, max=2007, avg=2007.0
    - Test split: 365 steps
    - Prediction length: 30
    - Windows: 12
TIME run allocation action=new run=/fslarge/scratch/users/h61084/codes/evaluating_tsfms/outputs/instance_normalization/inference/chronos_bolt/normalization/zscore/univariate/Supply_Chain_Location/D/short/run_0 launch_id=selena_instance_normalization_20260927T131553Z_36892 slurm_job_id=3584826 launched_at=2026-09-27T15:21:52.527880+00:00
  Preparing input batches from Test split data...
    Total instances to forecast: 612
  Running predictions (Batch size: 16)...
    Processed 160/612...
    Processed 320/612...
    Processed 480/612...
TIME run allocation action=new run=/fslarge/scratch/users/h61084/codes/evaluating_tsfms/outputs/instance_normalization/tasks/chronos_bolt/normalization/zscore/univariate/Supply_Chain_Location/D/short/run_0 launch_id=selena_instance_normalization_20260927T131553Z_36892 slurm_job_id=3584826 launched_at=2026-09-27T15:21:53.766799+00:00
    Total instances: 612, Series during experiment: 51, Windows: 12
    Collecting ground truth and context...
    Detected to_univariate case: 51 flat series -> 1 series x 51 variates
    Organizing data into arrays...
    ⚠️  Predictions max value (121406.55) exceeds float16 safe range.
    ⚠️  Applying scale factor: 10 (values will be divided)
    Saved predictions (quantiles) to /fslarge/scratch/users/h61084/codes/evaluating_tsfms/outputs/instance_normalization/tasks/chronos_bolt/normalization/zscore/univariate/Supply_Chain_Location/D/short/run_0/predictions.npz
    Computing per-window metrics...
    Saved metrics to /fslarge/scratch/users/h61084/codes/evaluating_tsfms/outputs/instance_normalization/tasks/chronos_bolt/normalization/zscore/univariate/Supply_Chain_Location/D/short/run_0/metrics.npz
    Saved config to /fslarge/scratch/users/h61084/codes/evaluating_tsfms/outputs/instance_normalization/tasks/chronos_bolt/normalization/zscore/univariate/Supply_Chain_Location/D/short/run_0/config.json
    Saved aggregate metrics to /fslarge/scratch/users/h61084/codes/evaluating_tsfms/outputs/instance_normalization/tasks/chronos_bolt/normalization/zscore/univariate/Supply_Chain_Location/D/short/run_0/metrics_summary.json
    Metrics summary (averaged over all series/windows/variates):
      MSE: 21468140.1024
      MAE: 1791.9018
      RMSE: 2409.5009
      MAPE: 0.5009
      sMAPE: 0.4225
      MASE: 0.6500
      ND: 0.3807
      CRPS: 0.3041
  Output: /fslarge/scratch/users/h61084/codes/evaluating_tsfms/outputs/instance_normalization/tasks/chronos_bolt/normalization/zscore/univariate/Supply_Chain_Location/D/short/run_0

============================================================
All experiments completed!
Results saved to: /scratch/users/h61084/codes/evaluating_tsfms/outputs/instance_normalization/tasks
============================================================

############################################################
# All datasets completed!
############################################################

############################################################
# Dataset 1/1: azure2019_D/5T
############################################################
Loading configuration...

============================================================
Dataset: azure2019_D/5T
Model: amazon/chronos-bolt-base
Terms: ['short']
Instance normalization: zscore
============================================================
Loading Chronos-Bolt model: amazon/chronos-bolt-base from /fslarge/scratch/users/h61084/weights/chronos-bolt-base...
[2026-09-27 15:22:02 UTC] resources selected_device {"device": "cuda", "model": "chronos_bolt", "stage": "forecast"}

--- Term: short ---
  Config: prediction_length=288, test_length=864, val_length=864
  Dataset info:
    - Frequency: 5T
    - Num series: 989
    - Target dim: 3
    - Target mode: univariate
    - Series length: min=8073, max=8639, avg=8627.0
    - Test split: 864 steps
    - Prediction length: 288
    - Windows: 3
TIME run allocation action=new run=/fslarge/scratch/users/h61084/codes/evaluating_tsfms/outputs/instance_normalization/inference/chronos_bolt/normalization/zscore/univariate/azure2019_D/5T/short/run_0 launch_id=selena_instance_normalization_20260927T131553Z_36892 slurm_job_id=3584826 launched_at=2026-09-27T15:22:03.258083+00:00
  Preparing input batches from Test split data...
    Total instances to forecast: 8901
  Running predictions (Batch size: 16)...
    Processed 160/8901...
    Processed 320/8901...
    Processed 480/8901...
    Processed 640/8901...
    Processed 800/8901...
    Processed 960/8901...
    Processed 1120/8901...
    Processed 1280/8901...
    Processed 1440/8901...
    Processed 1600/8901...
    Processed 1760/8901...
    Processed 1920/8901...
    Processed 2080/8901...
    Processed 2240/8901...
    Processed 2400/8901...
    Processed 2560/8901...
    Processed 2720/8901...
    Processed 2880/8901...
    Processed 3040/8901...
    Processed 3200/8901...
    Processed 3360/8901...
    Processed 3520/8901...
    Processed 3680/8901...
    Processed 3840/8901...
    Processed 4000/8901...
    Processed 4160/8901...
    Processed 4320/8901...
    Processed 4480/8901...
    Processed 4640/8901...
    Processed 4800/8901...
    Processed 4960/8901...
    Processed 5120/8901...
    Processed 5280/8901...
    Processed 5440/8901...
    Processed 5600/8901...
    Processed 5760/8901...
    Processed 5920/8901...
    Processed 6080/8901...
    Processed 6240/8901...
    Processed 6400/8901...
    Processed 6560/8901...
    Processed 6720/8901...
    Processed 6880/8901...
    Processed 7040/8901...
    Processed 7200/8901...
    Processed 7360/8901...
    Processed 7520/8901...
    Processed 7680/8901...
    Processed 7840/8901...
    Processed 8000/8901...
    Processed 8160/8901...
    Processed 8320/8901...
    Processed 8480/8901...
    Processed 8640/8901...
    Processed 8800/8901...
TIME run allocation action=new run=/fslarge/scratch/users/h61084/codes/evaluating_tsfms/outputs/instance_normalization/tasks/chronos_bolt/normalization/zscore/univariate/azure2019_D/5T/short/run_0 launch_id=selena_instance_normalization_20260927T131553Z_36892 slurm_job_id=3584826 launched_at=2026-09-27T15:27:43.297370+00:00
    Total instances: 8901, Series during experiment: 2967, Windows: 3
    Collecting ground truth and context...
    Detected to_univariate case: 2967 flat series -> 989 series x 3 variates
    Organizing data into arrays...
    Saved predictions (quantiles) to /fslarge/scratch/users/h61084/codes/evaluating_tsfms/outputs/instance_normalization/tasks/chronos_bolt/normalization/zscore/univariate/azure2019_D/5T/short/run_0/predictions.npz
    Computing per-window metrics...
    Saved metrics to /fslarge/scratch/users/h61084/codes/evaluating_tsfms/outputs/instance_normalization/tasks/chronos_bolt/normalization/zscore/univariate/azure2019_D/5T/short/run_0/metrics.npz
    Saved config to /fslarge/scratch/users/h61084/codes/evaluating_tsfms/outputs/instance_normalization/tasks/chronos_bolt/normalization/zscore/univariate/azure2019_D/5T/short/run_0/config.json
    Saved aggregate metrics to /fslarge/scratch/users/h61084/codes/evaluating_tsfms/outputs/instance_normalization/tasks/chronos_bolt/normalization/zscore/univariate/azure2019_D/5T/short/run_0/metrics_summary.json
    Metrics summary (averaged over all series/windows/variates):
      MSE: 62.9263
      MAE: 2.9807
      RMSE: 4.0452
      MAPE: 0.2409
      sMAPE: 0.1939
      MASE: 0.8068
      ND: 0.1994
      CRPS: 0.1641
  Output: /fslarge/scratch/users/h61084/codes/evaluating_tsfms/outputs/instance_normalization/tasks/chronos_bolt/normalization/zscore/univariate/azure2019_D/5T/short/run_0

============================================================
All experiments completed!
Results saved to: /scratch/users/h61084/codes/evaluating_tsfms/outputs/instance_normalization/tasks
============================================================

############################################################
# All datasets completed!
############################################################

############################################################
# Dataset 1/1: azure2019_I/5T
############################################################
Loading configuration...

============================================================
Dataset: azure2019_I/5T
Model: amazon/chronos-bolt-base
Terms: ['short']
Instance normalization: zscore
============================================================
Loading Chronos-Bolt model: amazon/chronos-bolt-base from /fslarge/scratch/users/h61084/weights/chronos-bolt-base...
[2026-09-27 15:27:58 UTC] resources selected_device {"device": "cuda", "model": "chronos_bolt", "stage": "forecast"}

--- Term: short ---
  Config: prediction_length=288, test_length=864, val_length=864
  Dataset info:
    - Frequency: 5T
    - Num series: 492
    - Target dim: 3
    - Target mode: univariate
    - Series length: min=8250, max=8639, avg=8630.4
    - Test split: 864 steps
    - Prediction length: 288
    - Windows: 3
TIME run allocation action=new run=/fslarge/scratch/users/h61084/codes/evaluating_tsfms/outputs/instance_normalization/inference/chronos_bolt/normalization/zscore/univariate/azure2019_I/5T/short/run_0 launch_id=selena_instance_normalization_20260927T131553Z_36892 slurm_job_id=3584826 launched_at=2026-09-27T15:27:59.422288+00:00
  Preparing input batches from Test split data...
    Total instances to forecast: 4428
  Running predictions (Batch size: 16)...
    Processed 160/4428...
    Processed 320/4428...
    Processed 480/4428...
    Processed 640/4428...
    Processed 800/4428...
    Processed 960/4428...
    Processed 1120/4428...
    Processed 1280/4428...
    Processed 1440/4428...
    Processed 1600/4428...
    Processed 1760/4428...
    Processed 1920/4428...
    Processed 2080/4428...
    Processed 2240/4428...
    Processed 2400/4428...
    Processed 2560/4428...
    Processed 2720/4428...
    Processed 2880/4428...
    Processed 3040/4428...
    Processed 3200/4428...
    Processed 3360/4428...
    Processed 3520/4428...
    Processed 3680/4428...
    Processed 3840/4428...
    Processed 4000/4428...
    Processed 4160/4428...
    Processed 4320/4428...
TIME run allocation action=new run=/fslarge/scratch/users/h61084/codes/evaluating_tsfms/outputs/instance_normalization/tasks/chronos_bolt/normalization/zscore/univariate/azure2019_I/5T/short/run_0 launch_id=selena_instance_normalization_20260927T131553Z_36892 slurm_job_id=3584826 launched_at=2026-09-27T15:30:48.839278+00:00
    Total instances: 4428, Series during experiment: 1476, Windows: 3
    Collecting ground truth and context...
    Detected to_univariate case: 1476 flat series -> 492 series x 3 variates
    Organizing data into arrays...
    Saved predictions (quantiles) to /fslarge/scratch/users/h61084/codes/evaluating_tsfms/outputs/instance_normalization/tasks/chronos_bolt/normalization/zscore/univariate/azure2019_I/5T/short/run_0/predictions.npz
    Computing per-window metrics...
    Saved metrics to /fslarge/scratch/users/h61084/codes/evaluating_tsfms/outputs/instance_normalization/tasks/chronos_bolt/normalization/zscore/univariate/azure2019_I/5T/short/run_0/metrics.npz
    Saved config to /fslarge/scratch/users/h61084/codes/evaluating_tsfms/outputs/instance_normalization/tasks/chronos_bolt/normalization/zscore/univariate/azure2019_I/5T/short/run_0/config.json
    Saved aggregate metrics to /fslarge/scratch/users/h61084/codes/evaluating_tsfms/outputs/instance_normalization/tasks/chronos_bolt/normalization/zscore/univariate/azure2019_I/5T/short/run_0/metrics_summary.json
    Metrics summary (averaged over all series/windows/variates):
      MSE: 53.7407
      MAE: 2.5716
      RMSE: 3.6391
      MAPE: 0.2263
      sMAPE: 0.1742
      MASE: 0.7880
      ND: 0.1796
      CRPS: 0.1459
  Output: /fslarge/scratch/users/h61084/codes/evaluating_tsfms/outputs/instance_normalization/tasks/chronos_bolt/normalization/zscore/univariate/azure2019_I/5T/short/run_0

============================================================
All experiments completed!
Results saved to: /scratch/users/h61084/codes/evaluating_tsfms/outputs/instance_normalization/tasks
============================================================

############################################################
# All datasets completed!
############################################################

############################################################
# Dataset 1/1: azure2019_U/5T
############################################################
Loading configuration...

============================================================
Dataset: azure2019_U/5T
Model: amazon/chronos-bolt-base
Terms: ['short']
Instance normalization: zscore
============================================================
Loading Chronos-Bolt model: amazon/chronos-bolt-base from /fslarge/scratch/users/h61084/weights/chronos-bolt-base...
[2026-09-27 15:31:00 UTC] resources selected_device {"device": "cuda", "model": "chronos_bolt", "stage": "forecast"}

--- Term: short ---
  Config: prediction_length=48, test_length=288, val_length=96
  Dataset info:
    - Frequency: 5T
    - Num series: 78
    - Target dim: 3
    - Target mode: univariate
    - Series length: min=882, max=2006, avg=1406.1
    - Test split: 288 steps
    - Prediction length: 48
    - Windows: 6
TIME run allocation action=new run=/fslarge/scratch/users/h61084/codes/evaluating_tsfms/outputs/instance_normalization/inference/chronos_bolt/normalization/zscore/univariate/azure2019_U/5T/short/run_0 launch_id=selena_instance_normalization_20260927T131553Z_36892 slurm_job_id=3584826 launched_at=2026-09-27T15:31:01.056609+00:00
  Preparing input batches from Test split data...
    Total instances to forecast: 1404
  Running predictions (Batch size: 16)...
    Processed 160/1404...
    Processed 320/1404...
    Processed 480/1404...
    Processed 640/1404...
    Processed 800/1404...
    Processed 960/1404...
    Processed 1120/1404...
    Processed 1280/1404...
TIME run allocation action=new run=/fslarge/scratch/users/h61084/codes/evaluating_tsfms/outputs/instance_normalization/tasks/chronos_bolt/normalization/zscore/univariate/azure2019_U/5T/short/run_0 launch_id=selena_instance_normalization_20260927T131553Z_36892 slurm_job_id=3584826 launched_at=2026-09-27T15:31:03.391591+00:00
    Total instances: 1404, Series during experiment: 234, Windows: 6
    Collecting ground truth and context...
    Detected to_univariate case: 234 flat series -> 78 series x 3 variates
    Organizing data into arrays...
    Saved predictions (quantiles) to /fslarge/scratch/users/h61084/codes/evaluating_tsfms/outputs/instance_normalization/tasks/chronos_bolt/normalization/zscore/univariate/azure2019_U/5T/short/run_0/predictions.npz
    Computing per-window metrics...
    Saved metrics to /fslarge/scratch/users/h61084/codes/evaluating_tsfms/outputs/instance_normalization/tasks/chronos_bolt/normalization/zscore/univariate/azure2019_U/5T/short/run_0/metrics.npz
    Saved config to /fslarge/scratch/users/h61084/codes/evaluating_tsfms/outputs/instance_normalization/tasks/chronos_bolt/normalization/zscore/univariate/azure2019_U/5T/short/run_0/config.json
    Saved aggregate metrics to /fslarge/scratch/users/h61084/codes/evaluating_tsfms/outputs/instance_normalization/tasks/chronos_bolt/normalization/zscore/univariate/azure2019_U/5T/short/run_0/metrics_summary.json
    Metrics summary (averaged over all series/windows/variates):
      MSE: 71.6663
      MAE: 2.6218
      RMSE: 3.5617
      MAPE: 0.4058
      sMAPE: 0.2047
      MASE: 0.7730
      ND: 0.2184
      CRPS: 0.1794
  Output: /fslarge/scratch/users/h61084/codes/evaluating_tsfms/outputs/instance_normalization/tasks/chronos_bolt/normalization/zscore/univariate/azure2019_U/5T/short/run_0

============================================================
All experiments completed!
Results saved to: /scratch/users/h61084/codes/evaluating_tsfms/outputs/instance_normalization/tasks
============================================================

############################################################
# All datasets completed!
############################################################

############################################################
# Dataset 1/1: Smart_Manufacturing/H
############################################################
Loading configuration...

============================================================
Dataset: Smart_Manufacturing/H
Model: amazon/chronos-bolt-base
Terms: ['short', 'medium', 'long']
Instance normalization: zscore
============================================================
Loading Chronos-Bolt model: amazon/chronos-bolt-base from /fslarge/scratch/users/h61084/weights/chronos-bolt-base...
[2026-09-27 15:31:12 UTC] resources selected_device {"device": "cuda", "model": "chronos_bolt", "stage": "forecast"}

--- Term: short ---
  Config: prediction_length=24, test_length=336, val_length=336
  Dataset info:
    - Frequency: H
    - Num series: 34
    - Target dim: 5
    - Target mode: univariate
    - Series length: min=1661, max=1667, avg=1665.9
    - Test split: 336 steps
    - Prediction length: 24
    - Windows: 14
TIME run allocation action=new run=/fslarge/scratch/users/h61084/codes/evaluating_tsfms/outputs/instance_normalization/inference/chronos_bolt/normalization/zscore/univariate/Smart_Manufacturing/H/short/run_0 launch_id=selena_instance_normalization_20260927T131553Z_36892 slurm_job_id=3584826 launched_at=2026-09-27T15:31:12.983257+00:00
  Preparing input batches from Test split data...
    Total instances to forecast: 2380
  Running predictions (Batch size: 16)...
    Processed 160/2380...
    Processed 320/2380...
    Processed 480/2380...
    Processed 640/2380...
    Processed 800/2380...
    Processed 960/2380...
    Processed 1120/2380...
    Processed 1280/2380...
    Processed 1440/2380...
    Processed 1600/2380...
    Processed 1760/2380...
    Processed 1920/2380...
    Processed 2080/2380...
    Processed 2240/2380...
TIME run allocation action=new run=/fslarge/scratch/users/h61084/codes/evaluating_tsfms/outputs/instance_normalization/tasks/chronos_bolt/normalization/zscore/univariate/Smart_Manufacturing/H/short/run_0 launch_id=selena_instance_normalization_20260927T131553Z_36892 slurm_job_id=3584826 launched_at=2026-09-27T15:31:16.843023+00:00
    Total instances: 2380, Series during experiment: 170, Windows: 14
    Collecting ground truth and context...
    Detected to_univariate case: 170 flat series -> 34 series x 5 variates
    Organizing data into arrays...
    Saved predictions (quantiles) to /fslarge/scratch/users/h61084/codes/evaluating_tsfms/outputs/instance_normalization/tasks/chronos_bolt/normalization/zscore/univariate/Smart_Manufacturing/H/short/run_0/predictions.npz
    Computing per-window metrics...
    Saved metrics to /fslarge/scratch/users/h61084/codes/evaluating_tsfms/outputs/instance_normalization/tasks/chronos_bolt/normalization/zscore/univariate/Smart_Manufacturing/H/short/run_0/metrics.npz
    Saved config to /fslarge/scratch/users/h61084/codes/evaluating_tsfms/outputs/instance_normalization/tasks/chronos_bolt/normalization/zscore/univariate/Smart_Manufacturing/H/short/run_0/config.json
    Saved aggregate metrics to /fslarge/scratch/users/h61084/codes/evaluating_tsfms/outputs/instance_normalization/tasks/chronos_bolt/normalization/zscore/univariate/Smart_Manufacturing/H/short/run_0/metrics_summary.json
    Metrics summary (averaged over all series/windows/variates):
      MSE: 79.1682
      MAE: 5.7509
      RMSE: 7.1013
      MAPE: 0.3446
      sMAPE: 0.2264
      MASE: 0.7167
      ND: 0.2186
      CRPS: 0.1675
  Output: /fslarge/scratch/users/h61084/codes/evaluating_tsfms/outputs/instance_normalization/tasks/chronos_bolt/normalization/zscore/univariate/Smart_Manufacturing/H/short/run_0

--- Term: medium ---
  Config: prediction_length=168, test_length=336, val_length=336
  Dataset info:
    - Frequency: H
    - Num series: 34
    - Target dim: 5
    - Target mode: univariate
    - Series length: min=1661, max=1667, avg=1665.9
    - Test split: 336 steps
    - Prediction length: 168
    - Windows: 2
TIME run allocation action=new run=/fslarge/scratch/users/h61084/codes/evaluating_tsfms/outputs/instance_normalization/inference/chronos_bolt/normalization/zscore/univariate/Smart_Manufacturing/H/medium/run_0 launch_id=selena_instance_normalization_20260927T131553Z_36892 slurm_job_id=3584826 launched_at=2026-09-27T15:31:17.504299+00:00
  Preparing input batches from Test split data...
    Total instances to forecast: 340
  Running predictions (Batch size: 16)...
    Processed 160/340...
    Processed 320/340...
TIME run allocation action=new run=/fslarge/scratch/users/h61084/codes/evaluating_tsfms/outputs/instance_normalization/tasks/chronos_bolt/normalization/zscore/univariate/Smart_Manufacturing/H/medium/run_0 launch_id=selena_instance_normalization_20260927T131553Z_36892 slurm_job_id=3584826 launched_at=2026-09-27T15:31:22.646507+00:00
    Total instances: 340, Series during experiment: 170, Windows: 2
    Collecting ground truth and context...
    Detected to_univariate case: 170 flat series -> 34 series x 5 variates
    Organizing data into arrays...
    Saved predictions (quantiles) to /fslarge/scratch/users/h61084/codes/evaluating_tsfms/outputs/instance_normalization/tasks/chronos_bolt/normalization/zscore/univariate/Smart_Manufacturing/H/medium/run_0/predictions.npz
    Computing per-window metrics...
    Saved metrics to /fslarge/scratch/users/h61084/codes/evaluating_tsfms/outputs/instance_normalization/tasks/chronos_bolt/normalization/zscore/univariate/Smart_Manufacturing/H/medium/run_0/metrics.npz
    Saved config to /fslarge/scratch/users/h61084/codes/evaluating_tsfms/outputs/instance_normalization/tasks/chronos_bolt/normalization/zscore/univariate/Smart_Manufacturing/H/medium/run_0/config.json
    Saved aggregate metrics to /fslarge/scratch/users/h61084/codes/evaluating_tsfms/outputs/instance_normalization/tasks/chronos_bolt/normalization/zscore/univariate/Smart_Manufacturing/H/medium/run_0/metrics_summary.json
    Metrics summary (averaged over all series/windows/variates):
      MSE: 78.6815
      MAE: 5.7346
      RMSE: 7.1633
      MAPE: 0.3461
      sMAPE: 0.2259
      MASE: 0.7140
      ND: 0.2162
      CRPS: 0.1686
  Output: /fslarge/scratch/users/h61084/codes/evaluating_tsfms/outputs/instance_normalization/tasks/chronos_bolt/normalization/zscore/univariate/Smart_Manufacturing/H/medium/run_0

--- Term: long ---
  Config: prediction_length=336, test_length=336, val_length=336
  Dataset info:
    - Frequency: H
    - Num series: 34
    - Target dim: 5
    - Target mode: univariate
    - Series length: min=1661, max=1667, avg=1665.9
    - Test split: 336 steps
    - Prediction length: 336
    - Windows: 1
TIME run allocation action=new run=/fslarge/scratch/users/h61084/codes/evaluating_tsfms/outputs/instance_normalization/inference/chronos_bolt/normalization/zscore/univariate/Smart_Manufacturing/H/long/run_0 launch_id=selena_instance_normalization_20260927T131553Z_36892 slurm_job_id=3584826 launched_at=2026-09-27T15:31:22.807198+00:00
  Preparing input batches from Test split data...
    Total instances to forecast: 170
  Running predictions (Batch size: 16)...
    Processed 160/170...
TIME run allocation action=new run=/fslarge/scratch/users/h61084/codes/evaluating_tsfms/outputs/instance_normalization/tasks/chronos_bolt/normalization/zscore/univariate/Smart_Manufacturing/H/long/run_0 launch_id=selena_instance_normalization_20260927T131553Z_36892 slurm_job_id=3584826 launched_at=2026-09-27T15:31:28.770448+00:00
    Total instances: 170, Series during experiment: 170, Windows: 1
    Collecting ground truth and context...
    Detected to_univariate case: 170 flat series -> 34 series x 5 variates
    Organizing data into arrays...
    Saved predictions (quantiles) to /fslarge/scratch/users/h61084/codes/evaluating_tsfms/outputs/instance_normalization/tasks/chronos_bolt/normalization/zscore/univariate/Smart_Manufacturing/H/long/run_0/predictions.npz
    Computing per-window metrics...
    Saved metrics to /fslarge/scratch/users/h61084/codes/evaluating_tsfms/outputs/instance_normalization/tasks/chronos_bolt/normalization/zscore/univariate/Smart_Manufacturing/H/long/run_0/metrics.npz
    Saved config to /fslarge/scratch/users/h61084/codes/evaluating_tsfms/outputs/instance_normalization/tasks/chronos_bolt/normalization/zscore/univariate/Smart_Manufacturing/H/long/run_0/config.json
    Saved aggregate metrics to /fslarge/scratch/users/h61084/codes/evaluating_tsfms/outputs/instance_normalization/tasks/chronos_bolt/normalization/zscore/univariate/Smart_Manufacturing/H/long/run_0/metrics_summary.json
    Metrics summary (averaged over all series/windows/variates):
      MSE: 78.7499
      MAE: 5.7349
      RMSE: 7.1749
      MAPE: 0.3493
      sMAPE: 0.2259
      MASE: 0.7137
      ND: 0.2162
      CRPS: 0.1739
  Output: /fslarge/scratch/users/h61084/codes/evaluating_tsfms/outputs/instance_normalization/tasks/chronos_bolt/normalization/zscore/univariate/Smart_Manufacturing/H/long/run_0

============================================================
All experiments completed!
Results saved to: /scratch/users/h61084/codes/evaluating_tsfms/outputs/instance_normalization/tasks
============================================================

############################################################
# All datasets completed!
############################################################

############################################################
# Dataset 1/1: MetroPT-3/5T
############################################################
Loading configuration...

============================================================
Dataset: MetroPT-3/5T
Model: amazon/chronos-bolt-base
Terms: ['short', 'medium', 'long']
Instance normalization: zscore
============================================================
Loading Chronos-Bolt model: amazon/chronos-bolt-base from /fslarge/scratch/users/h61084/weights/chronos-bolt-base...
[2026-09-27 15:31:37 UTC] resources selected_device {"device": "cuda", "model": "chronos_bolt", "stage": "forecast"}

--- Term: short ---
  Config: prediction_length=48, test_length=1728, val_length=1728
  Dataset info:
    - Frequency: 5T
    - Num series: 1
    - Target dim: 6
    - Target mode: univariate
    - Series length: min=17809, max=17809, avg=17809.0
    - Test split: 1728 steps
    - Prediction length: 48
    - Windows: 36
TIME run allocation action=new run=/fslarge/scratch/users/h61084/codes/evaluating_tsfms/outputs/instance_normalization/inference/chronos_bolt/normalization/zscore/univariate/MetroPT-3/5T/short/run_0 launch_id=selena_instance_normalization_20260927T131553Z_36892 slurm_job_id=3584826 launched_at=2026-09-27T15:31:38.094349+00:00
  Preparing input batches from Test split data...
    Total instances to forecast: 216
  Running predictions (Batch size: 16)...
    Processed 160/216...
TIME run allocation action=new run=/fslarge/scratch/users/h61084/codes/evaluating_tsfms/outputs/instance_normalization/tasks/chronos_bolt/normalization/zscore/univariate/MetroPT-3/5T/short/run_0 launch_id=selena_instance_normalization_20260927T131553Z_36892 slurm_job_id=3584826 launched_at=2026-09-27T15:31:38.698455+00:00
    Total instances: 216, Series during experiment: 6, Windows: 36
    Collecting ground truth and context...
    Detected to_univariate case: 6 flat series -> 1 series x 6 variates
    Organizing data into arrays...
    Saved predictions (quantiles) to /fslarge/scratch/users/h61084/codes/evaluating_tsfms/outputs/instance_normalization/tasks/chronos_bolt/normalization/zscore/univariate/MetroPT-3/5T/short/run_0/predictions.npz
    Computing per-window metrics...
    Saved metrics to /fslarge/scratch/users/h61084/codes/evaluating_tsfms/outputs/instance_normalization/tasks/chronos_bolt/normalization/zscore/univariate/MetroPT-3/5T/short/run_0/metrics.npz
    Saved config to /fslarge/scratch/users/h61084/codes/evaluating_tsfms/outputs/instance_normalization/tasks/chronos_bolt/normalization/zscore/univariate/MetroPT-3/5T/short/run_0/config.json
    Saved aggregate metrics to /fslarge/scratch/users/h61084/codes/evaluating_tsfms/outputs/instance_normalization/tasks/chronos_bolt/normalization/zscore/univariate/MetroPT-3/5T/short/run_0/metrics_summary.json
    Metrics summary (averaged over all series/windows/variates):
      MSE: 3.5402
      MAE: 1.1859
      RMSE: 1.5190
      MAPE: 5.0638
      sMAPE: 0.4972
      MASE: 0.6495
      ND: 0.3394
      CRPS: 0.2533
  Output: /fslarge/scratch/users/h61084/codes/evaluating_tsfms/outputs/instance_normalization/tasks/chronos_bolt/normalization/zscore/univariate/MetroPT-3/5T/short/run_0

--- Term: medium ---
  Config: prediction_length=288, test_length=1728, val_length=1728
  Dataset info:
    - Frequency: 5T
    - Num series: 1
    - Target dim: 6
    - Target mode: univariate
    - Series length: min=17809, max=17809, avg=17809.0
    - Test split: 1728 steps
    - Prediction length: 288
    - Windows: 6
TIME run allocation action=new run=/fslarge/scratch/users/h61084/codes/evaluating_tsfms/outputs/instance_normalization/inference/chronos_bolt/normalization/zscore/univariate/MetroPT-3/5T/medium/run_0 launch_id=selena_instance_normalization_20260927T131553Z_36892 slurm_job_id=3584826 launched_at=2026-09-27T15:31:38.819186+00:00
  Preparing input batches from Test split data...
    Total instances to forecast: 36
  Running predictions (Batch size: 16)...
TIME run allocation action=new run=/fslarge/scratch/users/h61084/codes/evaluating_tsfms/outputs/instance_normalization/tasks/chronos_bolt/normalization/zscore/univariate/MetroPT-3/5T/medium/run_0 launch_id=selena_instance_normalization_20260927T131553Z_36892 slurm_job_id=3584826 launched_at=2026-09-27T15:31:40.258844+00:00
    Total instances: 36, Series during experiment: 6, Windows: 6
    Collecting ground truth and context...
    Detected to_univariate case: 6 flat series -> 1 series x 6 variates
    Organizing data into arrays...
    Saved predictions (quantiles) to /fslarge/scratch/users/h61084/codes/evaluating_tsfms/outputs/instance_normalization/tasks/chronos_bolt/normalization/zscore/univariate/MetroPT-3/5T/medium/run_0/predictions.npz
    Computing per-window metrics...
    Saved metrics to /fslarge/scratch/users/h61084/codes/evaluating_tsfms/outputs/instance_normalization/tasks/chronos_bolt/normalization/zscore/univariate/MetroPT-3/5T/medium/run_0/metrics.npz
    Saved config to /fslarge/scratch/users/h61084/codes/evaluating_tsfms/outputs/instance_normalization/tasks/chronos_bolt/normalization/zscore/univariate/MetroPT-3/5T/medium/run_0/config.json
    Saved aggregate metrics to /fslarge/scratch/users/h61084/codes/evaluating_tsfms/outputs/instance_normalization/tasks/chronos_bolt/normalization/zscore/univariate/MetroPT-3/5T/medium/run_0/metrics_summary.json
    Metrics summary (averaged over all series/windows/variates):
      MSE: 3.4239
      MAE: 1.2081
      RMSE: 1.5178
      MAPE: 7.1321
      sMAPE: 0.4817
      MASE: 0.6856
      ND: 0.3474
      CRPS: 0.2611
  Output: /fslarge/scratch/users/h61084/codes/evaluating_tsfms/outputs/instance_normalization/tasks/chronos_bolt/normalization/zscore/univariate/MetroPT-3/5T/medium/run_0

--- Term: long ---
  Config: prediction_length=576, test_length=1728, val_length=1728
  Dataset info:
    - Frequency: 5T
    - Num series: 1
    - Target dim: 6
    - Target mode: univariate
    - Series length: min=17809, max=17809, avg=17809.0
    - Test split: 1728 steps
    - Prediction length: 576
    - Windows: 3
TIME run allocation action=new run=/fslarge/scratch/users/h61084/codes/evaluating_tsfms/outputs/instance_normalization/inference/chronos_bolt/normalization/zscore/univariate/MetroPT-3/5T/long/run_0 launch_id=selena_instance_normalization_20260927T131553Z_36892 slurm_job_id=3584826 launched_at=2026-09-27T15:31:40.324344+00:00
  Preparing input batches from Test split data...
    Total instances to forecast: 18
  Running predictions (Batch size: 16)...
TIME run allocation action=new run=/fslarge/scratch/users/h61084/codes/evaluating_tsfms/outputs/instance_normalization/tasks/chronos_bolt/normalization/zscore/univariate/MetroPT-3/5T/long/run_0 launch_id=selena_instance_normalization_20260927T131553Z_36892 slurm_job_id=3584826 launched_at=2026-09-27T15:31:41.769071+00:00
    Total instances: 18, Series during experiment: 6, Windows: 3
    Collecting ground truth and context...
    Detected to_univariate case: 6 flat series -> 1 series x 6 variates
    Organizing data into arrays...
    Saved predictions (quantiles) to /fslarge/scratch/users/h61084/codes/evaluating_tsfms/outputs/instance_normalization/tasks/chronos_bolt/normalization/zscore/univariate/MetroPT-3/5T/long/run_0/predictions.npz
    Computing per-window metrics...
    Saved metrics to /fslarge/scratch/users/h61084/codes/evaluating_tsfms/outputs/instance_normalization/tasks/chronos_bolt/normalization/zscore/univariate/MetroPT-3/5T/long/run_0/metrics.npz
    Saved config to /fslarge/scratch/users/h61084/codes/evaluating_tsfms/outputs/instance_normalization/tasks/chronos_bolt/normalization/zscore/univariate/MetroPT-3/5T/long/run_0/config.json
    Saved aggregate metrics to /fslarge/scratch/users/h61084/codes/evaluating_tsfms/outputs/instance_normalization/tasks/chronos_bolt/normalization/zscore/univariate/MetroPT-3/5T/long/run_0/metrics_summary.json
    Metrics summary (averaged over all series/windows/variates):
      MSE: 3.3339
      MAE: 1.2067
      RMSE: 1.5065
      MAPE: 6.7195
      sMAPE: 0.4852
      MASE: 0.6948
      ND: 0.3485
      CRPS: 0.2770
  Output: /fslarge/scratch/users/h61084/codes/evaluating_tsfms/outputs/instance_normalization/tasks/chronos_bolt/normalization/zscore/univariate/MetroPT-3/5T/long/run_0

============================================================
All experiments completed!
Results saved to: /scratch/users/h61084/codes/evaluating_tsfms/outputs/instance_normalization/tasks
============================================================

############################################################
# All datasets completed!
############################################################
2026-09-27 17:31:42 | task model=chronos_bolt runner=run_chronos_bolt.sh environment=uv covariate_mode=none target_mode=auto context_length=model_default instance_normalization=zscore completed status=success
2026-09-27 17:31:42 | stage evaluate completed status=success
2026-09-27 17:31:42 | workflow instance_normalization completed status=success exit_code=0
