launch_id,model,base_model,target_modes,state,exit_code,scaled_MASE,inference_seconds,datasets,tasks,timed_tasks,MASE_finite_values,MASE_evaluation_values,MASE_total_values,prediction_nan_values,prediction_values
selena_context_size_20260927T131553Z_36791,chronos2__model_config.context_length-2048__pipeline_config.raw_inference.completed_at-2026-09-27T13_41_57.268539_00_00,chronos2,multivariate,completed,0,0.31917980534067847,0.5904588513076305,1,1,1,360,360,360,0,29160
selena_context_size_20260927T131553Z_36791,chronos2__model_config.context_length-4096__pipeline_config.raw_inference.completed_at-2026-09-27T13_42_27.064788_00_00,chronos2,multivariate,completed,0,0.32245525403867875,1.0697051361203194,1,1,1,360,360,360,0,29160
selena_context_size_20260927T131553Z_36791,chronos2__model_config.context_length-1024__pipeline_config.raw_inference.completed_at-2026-09-27T13_46_19.491675_00_00,chronos2,multivariate,completed,0,0.33228109199481093,0.40050868690013885,1,1,1,360,360,360,0,29160
selena_context_size_20260927T131553Z_36791,chronos2__model_config.context_length-512__pipeline_config.raw_inference.completed_at-2026-09-27T13_47_44.561070_00_00,chronos2,multivariate,completed,0,0.35382019660481806,0.32045408338308334,1,1,1,360,360,360,0,29160
selena_context_size_20260927T131553Z_36791,ts_icl__model_config.context_length-1024__pipeline_config.raw_inference.completed_at-2026-09-27T14_00_27.765085_00_00,ts_icl,univariate,completed,0,0.35778326875674127,0.4104080218821764,1,1,1,21,21,21,0,1134
selena_context_size_20260927T131553Z_36791,ts_icl__model_config.context_length-2048__pipeline_config.raw_inference.completed_at-2026-09-27T14_07_19.665944_00_00,ts_icl,univariate,completed,0,0.35778326875674127,0.42101066932082176,1,1,1,21,21,21,0,1134
selena_context_size_20260927T131553Z_36791,ts_icl__model_config.context_length-4096__pipeline_config.raw_inference.completed_at-2026-09-26T16_23_54.550901_00_00,ts_icl,univariate,completed,0,0.35778326875674127,0.4226381927728653,1,1,1,21,21,21,0,1134
selena_context_size_20260927T131553Z_36791,chronos2__model_config.context_length-1024__pipeline_config.raw_inference.completed_at-2026-09-27T13_50_15.245754_00_00,chronos2,multivariate,completed,0,0.35956864707354164,0.18774462305009365,1,1,1,21,21,21,0,1134
selena_context_size_20260927T131553Z_36791,chronos2__model_config.context_length-2048__pipeline_config.raw_inference.completed_at-2026-09-27T13_46_11.468879_00_00,chronos2,multivariate,completed,0,0.35956864707354164,0.18775729276239872,1,1,1,21,21,21,0,1134
selena_context_size_20260927T131553Z_36791,chronos2__model_config.context_length-4096__pipeline_config.raw_inference.completed_at-2026-09-27T13_47_10.753486_00_00,chronos2,multivariate,completed,0,0.35956864707354164,0.1878244113177061,1,1,1,21,21,21,0,1134
selena_context_size_20260927T131553Z_36791,chronos2__model_config.context_length-8192__pipeline_config.raw_inference.completed_at-2026-09-26T15_54_57.246214_00_00,chronos2,multivariate,completed,0,0.35956864707354164,0.1882578246295452,1,1,1,21,21,21,0,1134
selena_context_size_20260927T131553Z_36791,chronos2__model_config.context_length-2048__pipeline_config.raw_inference.completed_at-2026-09-27T13_48_04.475399_00_00,chronos2,multivariate,completed,0,0.36293523418942514,0.6172565594315529,1,1,1,432,432,432,0,116640
selena_context_size_20260927T131553Z_36791,chronos2__model_config.context_length-4096__pipeline_config.raw_inference.completed_at-2026-09-27T13_49_03.038267_00_00,chronos2,multivariate,completed,0,0.36293523418942514,0.6194587405771017,1,1,1,432,432,432,0,116640
selena_context_size_20260927T131553Z_36791,chronos2__model_config.context_length-8192__pipeline_config.raw_inference.completed_at-2026-09-26T15_56_49.384839_00_00,chronos2,multivariate,completed,0,0.36293523418942514,0.6225547306239605,1,1,1,432,432,432,0,116640
selena_context_size_20260927T131553Z_36791,chronos2__model_config.context_length-1024__pipeline_config.raw_inference.completed_at-2026-09-27T13_52_07.062000_00_00,chronos2,multivariate,completed,0,0.3673067107338923,0.45327049493789673,1,1,1,432,432,432,0,116640
selena_context_size_20260927T131553Z_36791,chronos2__model_config.context_length-512__pipeline_config.raw_inference.completed_at-2026-09-27T13_51_36.947822_00_00,chronos2,multivariate,completed,0,0.37005437235035393,0.18676392547786236,1,1,1,21,21,21,0,1134
selena_context_size_20260927T131553Z_36791,ts_icl__model_config.context_length-512__pipeline_config.raw_inference.completed_at-2026-09-27T14_00_10.927288_00_00,ts_icl,univariate,completed,0,0.37342465161507615,0.2197869960218668,1,1,1,21,21,21,0,1134
selena_context_size_20260927T131553Z_36791,chronos2__model_config.context_length-512__pipeline_config.raw_inference.completed_at-2026-09-27T13_53_19.549641_00_00,chronos2,univariate,completed,0,0.3740935470099654,0.20955201238393784,1,1,1,6,6,6,0,1620
selena_context_size_20260927T131553Z_36791,chronos2__model_config.context_length-8192__pipeline_config.raw_inference.completed_at-2026-09-26T15_50_56.705854_00_00,chronos2,multivariate,completed,0,0.3744558321278641,8.476671669632196,1,1,1,1680,1680,1680,0,362880
selena_context_size_20260927T131553Z_36791,chronos2__model_config.context_length-1024__pipeline_config.raw_inference.completed_at-2026-09-27T13_51_57.364999_00_00,chronos2,univariate,completed,0,0.3753379415224901,0.2084367759525776,1,1,1,6,6,6,0,1620
selena_context_size_20260927T131553Z_36791,chronos2__model_config.context_length-2048__pipeline_config.raw_inference.completed_at-2026-09-27T13_47_54.723066_00_00,chronos2,univariate,completed,0,0.3753379415224901,0.4393996987491846,1,1,1,6,6,6,0,1620
selena_context_size_20260927T131553Z_36791,chronos2__model_config.context_length-4096__pipeline_config.raw_inference.completed_at-2026-09-27T13_48_53.301452_00_00,chronos2,univariate,completed,0,0.3753379415224901,0.21211718954145908,1,1,1,6,6,6,0,1620
selena_context_size_20260927T131553Z_36791,chronos2__model_config.context_length-8192__pipeline_config.raw_inference.completed_at-2026-09-26T15_56_39.615774_00_00,chronos2,univariate,completed,0,0.3753379415224901,0.20953883975744247,1,1,1,6,6,6,0,1620
selena_context_size_20260927T131553Z_36791,chronos2__model_config.context_length-4096__pipeline_config.raw_inference.completed_at-2026-09-27T13_44_02.539607_00_00,chronos2,multivariate,completed,0,0.37554533006790497,4.146078247576952,1,1,1,1680,1680,1680,0,362880
selena_context_size_20260927T131553Z_36791,chronos2__model_config.context_length-8192__pipeline_config.raw_inference.completed_at-2026-09-26T15_49_05.643932_00_00,chronos2,multivariate,completed,0,0.3784291897259098,1.715425917878747,1,1,1,360,360,360,0,29160
selena_context_size_20260927T131553Z_36791,chronos2__model_config.context_length-2048__pipeline_config.raw_inference.completed_at-2026-09-27T13_43_22.836747_00_00,chronos2,multivariate,completed,0,0.3800340797705678,2.062115242704749,1,1,1,1680,1680,1680,0,362880
selena_context_size_20260927T131553Z_36791,chronos_bolt__model_config.context_length-512__pipeline_config.raw_inference.completed_at-2026-09-27T15_26_09.528441_00_00,chronos_bolt,univariate,completed,0,0.38074097812780283,0.2177612092345953,1,1,1,6,6,6,0,1620
selena_context_size_20260927T131553Z_36791,chronos_bolt__model_config.context_length-1024__pipeline_config.raw_inference.completed_at-2026-09-27T13_29_01.547918_00_00,chronos_bolt,univariate,completed,0,0.381658147710612,0.22691343910992146,1,1,1,6,6,6,0,1620
selena_context_size_20260927T131553Z_36791,chronos_bolt__model_config.context_length-2048__pipeline_config.raw_inference.completed_at-2026-09-26T15_57_44.023468_00_00,chronos_bolt,univariate,completed,0,0.381658147710612,0.2266604658216238,1,1,1,6,6,6,0,1620
selena_context_size_20260927T131553Z_36791,chronos2__model_config.context_length-512__pipeline_config.raw_inference.completed_at-2026-09-27T13_53_29.176034_00_00,chronos2,multivariate,completed,0,0.3856778289265135,0.36847043968737125,1,1,1,432,432,432,0,116640
selena_context_size_20260927T131553Z_36791,chronos2__model_config.context_length-4096__pipeline_config.raw_inference.completed_at-2026-09-27T13_45_02.936022_00_00,chronos2,univariate,completed,0,0.39077210407186264,36.08492377586663,1,1,1,14868,14868,14868,0,2115504
selena_context_size_20260927T131553Z_36791,chronos2__model_config.context_length-8192__pipeline_config.raw_inference.completed_at-2026-09-26T15_52_38.199887_00_00,chronos2,univariate,completed,0,0.3928127857824786,73.49860926344991,1,1,1,14868,14868,14868,0,2115504
selena_context_size_20260927T131553Z_36791,chronos2__model_config.context_length-2048__pipeline_config.raw_inference.completed_at-2026-09-27T13_44_07.521053_00_00,chronos2,univariate,completed,0,0.3945514630673529,21.268370412290096,1,1,1,14868,14868,14868,0,2115504
selena_context_size_20260927T131553Z_36791,ts_icl__model_config.context_length-512__pipeline_config.raw_inference.completed_at-2026-09-27T13_56_42.901294_00_00,ts_icl,univariate,completed,0,0.3963537020985083,1.0868454817682505,1,1,1,360,360,360,0,29160
selena_context_size_20260927T131553Z_36791,ts_icl__model_config.context_length-1024__pipeline_config.raw_inference.completed_at-2026-09-27T14_01_24.224959_00_00,ts_icl,univariate,completed,0,0.3968010336953139,0.2403000369668007,1,1,1,6,6,6,0,1620
selena_context_size_20260927T131553Z_36791,ts_icl__model_config.context_length-2048__pipeline_config.raw_inference.completed_at-2026-09-27T14_08_16.362426_00_00,ts_icl,univariate,completed,0,0.3968010336953139,0.2544394638389349,1,1,1,6,6,6,0,1620
selena_context_size_20260927T131553Z_36791,ts_icl__model_config.context_length-4096__pipeline_config.raw_inference.completed_at-2026-09-26T16_24_51.108817_00_00,ts_icl,univariate,completed,0,0.3968010336953139,0.23457277566194534,1,1,1,6,6,6,0,1620
selena_context_size_20260927T131553Z_36791,chronos_bolt__model_config.context_length-1024__pipeline_config.raw_inference.completed_at-2026-09-27T13_29_11.476450_00_00,chronos_bolt,univariate,completed,0,0.3995472220786277,0.7151553109288216,1,1,1,432,432,432,0,116640
selena_context_size_20260927T131553Z_36791,ts_icl__model_config.context_length-2048__pipeline_config.raw_inference.completed_at-2026-09-27T14_08_27.968571_00_00,ts_icl,univariate,completed,0,0.4001528486941045,7.462831061333418,1,1,1,432,432,432,0,116640
selena_context_size_20260927T131553Z_36791,ts_icl__model_config.context_length-4096__pipeline_config.raw_inference.completed_at-2026-09-26T16_25_02.734529_00_00,ts_icl,univariate,completed,0,0.4001528486941045,7.478603854775429,1,1,1,432,432,432,0,116640
selena_context_size_20260927T131553Z_36791,chronos_bolt__model_config.context_length-2048__pipeline_config.raw_inference.completed_at-2026-09-26T15_57_54.164063_00_00,chronos_bolt,univariate,completed,0,0.4022208216512499,0.8910238165408373,1,1,1,432,432,432,0,116640
selena_context_size_20260927T131553Z_36791,ts_icl__model_config.context_length-1024__pipeline_config.raw_inference.completed_at-2026-09-27T14_01_30.088656_00_00,ts_icl,univariate,completed,0,0.4022933332042448,1.705846719443798,1,1,1,432,432,432,0,116640
selena_context_size_20260927T131553Z_36791,ts_icl__model_config.context_length-1024__pipeline_config.raw_inference.completed_at-2026-09-27T13_56_03.794459_00_00,ts_icl,univariate,completed,0,0.4048993773773614,1.4501908160746098,1,1,1,360,360,360,0,29160
selena_context_size_20260927T131553Z_36791,chronos2__model_config.context_length-4096__pipeline_config.raw_inference.completed_at-2026-09-27T13_38_32.186996_00_00,chronos2,multivariate,completed,0,0.4061820764759019,1.8088905606418848,1,1,1,720,720,720,0,233280
selena_context_size_20260927T131553Z_36791,ts_icl__model_config.context_length-256__pipeline_config.raw_inference.completed_at-2026-09-27T15_05_35.081791_00_00,ts_icl,univariate,completed,0,0.406616392196002,0.7461084611713886,1,1,1,360,360,360,0,29160
selena_context_size_20260927T131553Z_36791,chronos2__model_config.context_length-8192__pipeline_config.raw_inference.completed_at-2026-09-26T15_43_56.445281_00_00,chronos2,multivariate,completed,0,0.4071054800668598,3.5260367542505264,1,1,1,720,720,720,0,233280
selena_context_size_20260927T131553Z_36791,chronos2__model_config.context_length-2048__pipeline_config.raw_inference.completed_at-2026-09-27T13_38_52.454982_00_00,chronos2,multivariate,completed,0,0.40809575387888575,1.0278380252420902,1,1,1,720,720,720,0,233280
selena_context_size_20260927T131553Z_36791,chronos2__model_config.context_length-1024__pipeline_config.raw_inference.completed_at-2026-09-27T13_47_38.477138_00_00,chronos2,multivariate,completed,0,0.4085596873804583,1.1148623675107956,1,1,1,1680,1680,1680,0,362880
selena_context_size_20260927T131553Z_36791,ts_icl__model_config.context_length-256__pipeline_config.raw_inference.completed_at-2026-09-27T15_08_45.093222_00_00,ts_icl,univariate,completed,0,0.4098298862646227,0.20058903098106384,1,1,1,21,21,21,0,1134
selena_context_size_20260927T131553Z_36791,chronos2__model_config.context_length-1024__pipeline_config.raw_inference.completed_at-2026-09-27T13_43_45.309685_00_00,chronos2,multivariate,completed,0,0.41128831875873406,0.657172167673707,1,1,1,720,720,720,0,233280
selena_context_size_20260927T131553Z_36791,ts_icl__model_config.context_length-2048__pipeline_config.raw_inference.completed_at-2026-09-27T13_59_49.115143_00_00,ts_icl,univariate,completed,0,0.41140853521857546,3.225551111623645,1,1,1,360,360,360,0,29160
selena_context_size_20260927T131553Z_36791,chronos_bolt__model_config.context_length-512__pipeline_config.raw_inference.completed_at-2026-09-27T15_26_19.458848_00_00,chronos_bolt,univariate,completed,0,0.4148945419312842,0.6569653358310461,1,1,1,432,432,432,0,116640
selena_context_size_20260927T131553Z_36791,ts_icl__model_config.context_length-512__pipeline_config.raw_inference.completed_at-2026-09-27T14_01_12.684288_00_00,ts_icl,univariate,completed,0,0.41490635361489303,1.1751389149576426,1,1,1,432,432,432,0,116640
selena_context_size_20260927T131553Z_36791,ts_icl__model_config.context_length-4096__pipeline_config.raw_inference.completed_at-2026-09-26T16_13_14.902402_00_00,ts_icl,univariate,completed,0,0.4151639014877761,40.01643034815788,1,1,1,1680,1680,1680,0,362880
selena_context_size_20260927T131553Z_36791,ts_icl__model_config.context_length-2048__pipeline_config.raw_inference.completed_at-2026-09-27T14_02_04.713461_00_00,ts_icl,univariate,completed,0,0.4170507810959263,14.58447857759893,1,1,1,1680,1680,1680,0,362880
selena_context_size_20260927T131553Z_36791,chronos2__model_config.context_length-1024__pipeline_config.raw_inference.completed_at-2026-09-27T13_48_15.245675_00_00,chronos2,univariate,completed,0,0.4207493464206178,14.768828082829714,1,1,1,14868,14868,14868,0,2115504
selena_context_size_20260927T131553Z_36791,chronos_bolt__model_config.context_length-128__pipeline_config.raw_inference.completed_at-2026-09-27T13_33_16.205896_00_00,chronos_bolt,univariate,completed,0,0.42080279104227597,0.24275114201009274,1,1,1,21,21,21,0,1134
selena_context_size_20260927T131553Z_36791,chronos2__model_config.context_length-2048__pipeline_config.raw_inference.completed_at-2026-09-27T13_48_14.546017_00_00,chronos2,multivariate,completed,0,0.424066140216457,0.7948675323277712,1,1,1,612,612,612,0,165240
selena_context_size_20260927T131553Z_36791,chronos2__model_config.context_length-4096__pipeline_config.raw_inference.completed_at-2026-09-27T13_49_13.047774_00_00,chronos2,multivariate,completed,0,0.424066140216457,0.7969425451010466,1,1,1,612,612,612,0,165240
selena_context_size_20260927T131553Z_36791,chronos2__model_config.context_length-8192__pipeline_config.raw_inference.completed_at-2026-09-26T15_56_59.410157_00_00,chronos2,multivariate,completed,0,0.424066140216457,0.8022119756788015,1,1,1,612,612,612,0,165240
selena_context_size_20260927T131553Z_36791,chronos2__model_config.context_length-1024__pipeline_config.raw_inference.completed_at-2026-09-27T13_52_16.823297_00_00,chronos2,multivariate,completed,0,0.42837406434226344,0.5200031585991383,1,1,1,612,612,612,0,165240
selena_context_size_20260927T131553Z_36791,chronos_bolt__model_config.context_length-1024__pipeline_config.raw_inference.completed_at-2026-09-27T13_27_15.025753_00_00,chronos_bolt,univariate,completed,0,0.4284923211183383,0.41510075703263283,1,1,1,21,21,21,0,1134
selena_context_size_20260927T131553Z_36791,chronos_bolt__model_config.context_length-2048__pipeline_config.raw_inference.completed_at-2026-09-26T15_55_57.614904_00_00,chronos_bolt,univariate,completed,0,0.4284923211183383,0.25068590603768826,1,1,1,21,21,21,0,1134
selena_context_size_20260927T131553Z_36791,ts_icl__model_config.context_length-4096__pipeline_config.raw_inference.completed_at-2026-09-26T16_19_55.707136_00_00,ts_icl,univariate,completed,0,0.4305381407166755,356.3620943184942,1,1,1,14868,14868,14868,0,2115504
selena_context_size_20260927T131553Z_36791,ts_icl__model_config.context_length-2048__pipeline_config.raw_inference.completed_at-2026-09-27T14_04_38.770749_00_00,ts_icl,univariate,completed,0,0.4318862626173097,130.00557653978467,1,1,1,14868,14868,14868,0,2115504
selena_context_size_20260927T131553Z_36791,chronos_bolt__model_config.context_length-2048__pipeline_config.raw_inference.completed_at-2026-09-26T15_52_56.939323_00_00,chronos_bolt,univariate,completed,0,0.43226225195629453,22.855650447309017,1,1,1,14868,14868,14868,0,2115504
selena_context_size_20260927T131553Z_36791,chronos2__model_config.context_length-512__pipeline_config.raw_inference.completed_at-2026-09-27T13_45_24.499901_00_00,chronos2,multivariate,completed,0,0.4336881330355985,0.42042239755392075,1,1,1,720,720,720,0,233280
selena_context_size_20260927T131553Z_36791,chronos_bolt__model_config.context_length-256__pipeline_config.raw_inference.completed_at-2026-09-27T13_34_24.955664_00_00,chronos_bolt,univariate,completed,0,0.4363366331469585,0.6651225872337818,1,1,1,432,432,432,0,116640
selena_context_size_20260927T131553Z_36791,chronos2__model_config.context_length-512__pipeline_config.raw_inference.completed_at-2026-09-27T13_49_01.474983_00_00,chronos2,multivariate,completed,0,0.4365406682478346,0.6697459872812033,1,1,1,1680,1680,1680,0,362880
selena_context_size_20260927T131553Z_36791,chronos2__model_config.context_length-512__pipeline_config.raw_inference.completed_at-2026-09-27T13_53_38.875732_00_00,chronos2,multivariate,completed,0,0.4383507515432024,0.38783992640674114,1,1,1,612,612,612,0,165240
selena_context_size_20260927T131553Z_36791,ts_icl__model_config.context_length-512__pipeline_config.raw_inference.completed_at-2026-09-27T14_01_07.383937_00_00,ts_icl,univariate,completed,0,0.43879691994777836,0.3138533588498831,1,1,1,6,6,6,0,1620
selena_context_size_20260927T131553Z_36791,ts_icl__model_config.context_length-256__pipeline_config.raw_inference.completed_at-2026-09-27T15_09_43.490256_00_00,ts_icl,univariate,completed,0,0.44156727074613067,0.8482831474393606,1,1,1,432,432,432,0,116640
selena_context_size_20260927T131553Z_36791,ts_icl__model_config.context_length-4096__pipeline_config.raw_inference.completed_at-2026-09-26T16_08_08.642942_00_00,ts_icl,univariate,completed,0,0.4416499260692792,8.71646397933364,1,1,1,360,360,360,0,29160
selena_context_size_20260927T131553Z_36791,ts_icl__model_config.context_length-1024__pipeline_config.raw_inference.completed_at-2026-09-27T13_57_26.339638_00_00,ts_icl,univariate,completed,0,0.4422756624696076,6.2456972394138575,1,1,1,1680,1680,1680,0,362880
selena_context_size_20260927T131553Z_36791,chronos_bolt__model_config.context_length-512__pipeline_config.raw_inference.completed_at-2026-09-27T15_24_22.694467_00_00,chronos_bolt,univariate,completed,0,0.44534114310743766,0.24190028570592403,1,1,1,21,21,21,0,1134
selena_context_size_20260927T131553Z_36791,chronos_bolt__model_config.context_length-128__pipeline_config.raw_inference.completed_at-2026-09-27T13_35_01.312835_00_00,chronos_bolt,univariate,completed,0,0.44542363445573047,0.21637241914868355,1,1,1,6,6,6,0,1620
selena_context_size_20260927T131553Z_36791,ts_icl__model_config.context_length-1024__pipeline_config.raw_inference.completed_at-2026-09-27T13_51_35.244288_00_00,ts_icl,univariate,completed,0,0.4463505015472824,3.526314375922084,1,1,1,720,720,720,0,233280
selena_context_size_20260927T131553Z_36791,ts_icl__model_config.context_length-4096__pipeline_config.raw_inference.completed_at-2026-09-26T15_45_23.572457_00_00,ts_icl,univariate,completed,0,0.4466404325168494,17.32212566398084,1,1,1,720,720,720,0,233280
selena_context_size_20260927T131553Z_36791,chronos_bolt__model_config.context_length-1024__pipeline_config.raw_inference.completed_at-2026-09-27T13_24_38.801459_00_00,chronos_bolt,univariate,completed,0,0.44787216383471773,17.840563591569662,1,1,1,14868,14868,14868,0,2115504
selena_context_size_20260927T131553Z_36791,ts_icl__model_config.context_length-2048__pipeline_config.raw_inference.completed_at-2026-09-27T13_50_48.068176_00_00,ts_icl,univariate,completed,0,0.44924124162644485,6.651299377903342,1,1,1,720,720,720,0,233280
selena_context_size_20260927T131553Z_36791,chronos_bolt__model_config.context_length-2048__pipeline_config.raw_inference.completed_at-2026-09-26T15_51_59.733636_00_00,chronos_bolt,univariate,completed,0,0.4495358442050191,2.7573469653725624,1,1,1,1680,1680,1680,0,362880
selena_context_size_20260927T131553Z_36791,chronos_bolt__model_config.context_length-1024__pipeline_config.raw_inference.completed_at-2026-09-27T13_29_21.795505_00_00,chronos_bolt,univariate,completed,0,0.45289414411981016,0.9457484949380159,1,1,1,612,612,612,0,165240
selena_context_size_20260927T131553Z_36791,chronos_bolt__model_config.context_length-128__pipeline_config.raw_inference.completed_at-2026-09-27T13_35_11.265757_00_00,chronos_bolt,univariate,completed,0,0.4529822067047596,0.6637359317392111,1,1,1,432,432,432,0,116640
selena_context_size_20260927T131553Z_36791,ts_icl__model_config.context_length-1024__pipeline_config.raw_inference.completed_at-2026-09-27T13_58_45.218576_00_00,ts_icl,univariate,completed,0,0.4548353019448662,60.55642822571099,1,1,1,14868,14868,14868,0,2115504
selena_context_size_20260927T131553Z_36791,chronos_bolt__model_config.context_length-2048__pipeline_config.raw_inference.completed_at-2026-09-26T15_58_04.699286_00_00,chronos_bolt,univariate,completed,0,0.4556912251669076,1.2324194479733706,1,1,1,612,612,612,0,165240
selena_context_size_20260927T131553Z_36791,ts_icl__model_config.context_length-512__pipeline_config.raw_inference.completed_at-2026-09-27T13_53_35.180863_00_00,ts_icl,univariate,completed,0,0.45638293090961174,2.1564340107142925,1,1,1,720,720,720,0,233280
selena_context_size_20260927T131553Z_36791,chronos_bolt__model_config.context_length-256__pipeline_config.raw_inference.completed_at-2026-09-27T13_34_15.032201_00_00,chronos_bolt,univariate,completed,0,0.459253609420853,0.21502904780209064,1,1,1,6,6,6,0,1620
selena_context_size_20260927T131553Z_36791,ts_icl__model_config.context_length-2048__pipeline_config.raw_inference.completed_at-2026-09-27T14_08_42.805051_00_00,ts_icl,univariate,completed,0,0.4622890614339619,10.549842638894916,1,1,1,612,612,612,0,165240
selena_context_size_20260927T131553Z_36791,ts_icl__model_config.context_length-4096__pipeline_config.raw_inference.completed_at-2026-09-26T16_25_17.435025_00_00,ts_icl,univariate,completed,0,0.4622890614339619,10.442289749160409,1,1,1,612,612,612,0,165240
selena_context_size_20260927T131553Z_36791,ts_icl__model_config.context_length-256__pipeline_config.raw_inference.completed_at-2026-09-27T15_09_38.471775_00_00,ts_icl,univariate,completed,0,0.4626316807347946,0.1804957278072834,1,1,1,6,6,6,0,1620
selena_context_size_20260927T131553Z_36791,chronos_bolt__model_config.context_length-512__pipeline_config.raw_inference.completed_at-2026-09-27T15_26_29.675321_00_00,chronos_bolt,univariate,completed,0,0.4628543511930064,0.8566942550241947,1,1,1,612,612,612,0,165240
selena_context_size_20260927T131553Z_36791,chronos2__model_config.context_length-4096__pipeline_config.raw_inference.completed_at-2026-09-27T13_40_18.645641_00_00,chronos2,multivariate,completed,0,0.46333282383458024,42.170377334579825,1,1,1,19440,19440,19440,0,1574640
selena_context_size_20260927T131553Z_36791,ts_icl__model_config.context_length-1024__pipeline_config.raw_inference.completed_at-2026-09-27T14_01_36.744670_00_00,ts_icl,univariate,completed,0,0.46347491333225954,2.37735147587955,1,1,1,612,612,612,0,165240
selena_context_size_20260927T131553Z_36791,chronos2__model_config.context_length-2048__pipeline_config.raw_inference.completed_at-2026-09-27T13_40_07.918652_00_00,chronos2,multivariate,completed,0,0.46474021523344977,24.266766456887126,1,1,1,19440,19440,19440,0,1574640
selena_context_size_20260927T131553Z_36791,chronos2__model_config.context_length-8192__pipeline_config.raw_inference.completed_at-2026-09-26T15_46_27.114547_00_00,chronos2,multivariate,completed,0,0.46537768567175847,61.059814048931,1,1,1,19440,19440,19440,0,1574640
selena_context_size_20260927T131553Z_36791,chronos2__model_config.context_length-1024__pipeline_config.raw_inference.completed_at-2026-09-27T13_44_41.161754_00_00,chronos2,multivariate,completed,0,0.47305711890370267,12.351947883144021,1,1,1,19440,19440,19440,0,1574640
selena_context_size_20260927T131553Z_36791,chronos_bolt__model_config.context_length-2048__pipeline_config.raw_inference.completed_at-2026-09-26T15_43_53.773511_00_00,chronos_bolt,univariate,completed,0,0.473302203298902,1.2937045767903328,1,1,1,720,720,720,0,233280
selena_context_size_20260927T131553Z_36791,ts_icl__model_config.context_length-512__pipeline_config.raw_inference.completed_at-2026-09-27T14_01_18.543195_00_00,ts_icl,univariate,completed,0,0.4741111204467527,1.5222131181508303,1,1,1,612,612,612,0,165240
selena_context_size_20260927T131553Z_36791,chronos2__model_config.context_length-8192__pipeline_config.raw_inference.completed_at-2026-09-26T15_47_18.765098_00_00,chronos2,univariate,completed,0,0.47578666614966564,1.3360461238771677,1,1,1,240,240,240,0,25875
selena_context_size_20260927T131553Z_36791,chronos_bolt__model_config.context_length-256__pipeline_config.raw_inference.completed_at-2026-09-27T13_28_02.037349_00_00,chronos_bolt,univariate,completed,0,0.47621568735394154,0.5940534844994545,1,1,1,360,360,360,0,29160
selena_context_size_20260927T131553Z_36791,chronos2__model_config.context_length-4096__pipeline_config.raw_inference.completed_at-2026-09-27T13_41_03.640422_00_00,chronos2,univariate,completed,0,0.4764095135788013,0.7632217332720757,1,1,1,240,240,240,0,25875
selena_context_size_20260927T131553Z_36791,chronos_bolt__model_config.context_length-1024__pipeline_config.raw_inference.completed_at-2026-09-27T13_17_35.774010_00_00,chronos_bolt,univariate,completed,0,0.4767168486842004,1.0586238354444504,1,1,1,720,720,720,0,233280
selena_context_size_20260927T131553Z_36791,chronos2__model_config.context_length-2048__pipeline_config.raw_inference.completed_at-2026-09-27T13_40_46.441836_00_00,chronos2,univariate,completed,0,0.47804243351961784,0.5212013516575098,1,1,1,240,240,240,0,25875
selena_context_size_20260927T131553Z_36791,chronos_bolt__model_config.context_length-2048__pipeline_config.raw_inference.completed_at-2026-09-26T15_50_12.641595_00_00,chronos_bolt,univariate,completed,0,0.47813008816308095,0.7514343541115522,1,1,1,360,360,360,0,29160
selena_context_size_20260927T131553Z_36791,chronos_bolt__model_config.context_length-2048__pipeline_config.raw_inference.completed_at-2026-09-26T15_47_48.643530_00_00,chronos_bolt,univariate,completed,0,0.47936824013839624,0.5634506475180387,1,1,1,240,240,240,0,25875
selena_context_size_20260927T131553Z_36791,ts_icl__model_config.context_length-2048__pipeline_config.raw_inference.completed_at-2026-09-27T13_57_38.447851_00_00,ts_icl,univariate,completed,0,0.480478371769626,2.3618140444159508,1,1,1,240,240,240,0,25875
selena_context_size_20260927T131553Z_36791,ts_icl__model_config.context_length-4096__pipeline_config.raw_inference.completed_at-2026-09-26T16_03_10.504315_00_00,ts_icl,univariate,completed,0,0.4815057319710606,5.848209362477064,1,1,1,240,240,240,0,25875
selena_context_size_20260927T131553Z_36791,ts_icl__model_config.context_length-256__pipeline_config.raw_inference.completed_at-2026-09-27T15_02_53.859720_00_00,ts_icl,univariate,completed,0,0.48307469578968487,1.340854186564684,1,1,1,720,720,720,0,233280
selena_context_size_20260927T131553Z_36791,chronos_bolt__model_config.context_length-1024__pipeline_config.raw_inference.completed_at-2026-09-27T13_20_25.150362_00_00,chronos_bolt,univariate,completed,0,0.48338587562610824,0.4861730504781008,1,1,1,240,240,240,0,25875
selena_context_size_20260927T131553Z_36791,ts_icl__model_config.context_length-512__pipeline_config.raw_inference.completed_at-2026-09-27T13_55_42.974367_00_00,ts_icl,univariate,completed,0,0.4836024049998112,0.7594106271862984,1,1,1,240,240,240,0,25875
selena_context_size_20260927T131553Z_36791,chronos2__model_config.context_length-1024__pipeline_config.raw_inference.completed_at-2026-09-27T13_45_15.128052_00_00,chronos2,univariate,completed,0,0.4848759075734686,0.4263860434293747,1,1,1,240,240,240,0,25875
selena_context_size_20260927T131553Z_36791,chronos2__model_config.context_length-512__pipeline_config.raw_inference.completed_at-2026-09-27T13_49_38.035709_00_00,chronos2,univariate,completed,0,0.4854312476670626,14.749177718535066,1,1,1,14868,14868,14868,0,2115504
selena_context_size_20260927T131553Z_36791,ts_icl__model_config.context_length-256__pipeline_config.raw_inference.completed_at-2026-09-27T15_08_58.499194_00_00,ts_icl,univariate,completed,0,0.4857864079204301,0.2763233222067356,1,1,1,70,70,70,0,7560
selena_context_size_20260927T131553Z_36791,ts_icl__model_config.context_length-512__pipeline_config.raw_inference.completed_at-2026-09-27T13_57_49.532494_00_00,ts_icl,univariate,completed,0,0.48645974198280145,3.8698417842388153,1,1,1,1680,1680,1680,0,362880
selena_context_size_20260927T131553Z_36791,chronos_bolt__model_config.context_length-256__pipeline_config.raw_inference.completed_at-2026-09-27T13_34_35.224226_00_00,chronos_bolt,univariate,completed,0,0.48796402162191455,0.8716856725513935,1,1,1,612,612,612,0,165240
selena_context_size_20260927T131553Z_36791,chronos_bolt__model_config.context_length-512__pipeline_config.raw_inference.completed_at-2026-09-27T14_56_27.256289_00_00,chronos_bolt,univariate,completed,0,0.4880212187138767,0.8046330865472555,1,1,1,240,240,240,0,25875
selena_context_size_20260927T131553Z_36791,chronos2__model_config.context_length-512__pipeline_config.raw_inference.completed_at-2026-09-27T13_46_42.371110_00_00,chronos2,univariate,completed,0,0.48867803278315985,0.4285079129040241,1,1,1,240,240,240,0,25875
selena_context_size_20260927T131553Z_36791,ts_icl__model_config.context_length-1024__pipeline_config.raw_inference.completed_at-2026-09-27T13_54_45.180960_00_00,ts_icl,univariate,completed,0,0.48914385277942946,1.059083752334118,1,1,1,240,240,240,0,25875
selena_context_size_20260927T131553Z_36791,chronos_bolt__model_config.context_length-256__pipeline_config.raw_inference.completed_at-2026-09-27T13_32_30.144508_00_00,chronos_bolt,univariate,completed,0,0.49025510714437687,0.2421636115759611,1,1,1,21,21,21,0,1134
selena_context_size_20260927T131553Z_36791,chronos2__model_config.context_length-2048__pipeline_config.raw_inference.completed_at-2026-09-27T13_39_12.034280_00_00,chronos2,multivariate,completed,0,0.49242175240202074,9.14427530579269,1,1,1,7200,7200,7200,0,1166184
selena_context_size_20260927T131553Z_36791,chronos2__model_config.context_length-512__pipeline_config.raw_inference.completed_at-2026-09-27T13_46_10.823523_00_00,chronos2,multivariate,completed,0,0.4924842516348138,6.5675608310848475,1,1,1,19440,19440,19440,0,1574640
selena_context_size_20260927T131553Z_36791,chronos2__model_config.context_length-4096__pipeline_config.raw_inference.completed_at-2026-09-27T13_38_59.548176_00_00,chronos2,multivariate,completed,0,0.49272033717101854,16.86175960302353,1,1,1,7200,7200,7200,0,1166184
selena_context_size_20260927T131553Z_36791,chronos_bolt__model_config.context_length-1024__pipeline_config.raw_inference.completed_at-2026-09-27T13_23_52.155325_00_00,chronos_bolt,univariate,completed,0,0.4931395350021222,2.1991986241191626,1,1,1,1680,1680,1680,0,362880
selena_context_size_20260927T131553Z_36791,chronos_bolt__model_config.context_length-512__pipeline_config.raw_inference.completed_at-2026-09-27T13_21_15.748779_00_00,chronos_bolt,univariate,completed,0,0.49469300964314317,1.1147591043263674,1,1,1,720,720,720,0,233280
selena_context_size_20260927T131553Z_36791,chronos_bolt__model_config.context_length-512__pipeline_config.raw_inference.completed_at-2026-09-27T14_58_00.849113_00_00,chronos_bolt,univariate,completed,0,0.49626284358503675,0.5929381977766752,1,1,1,360,360,360,0,29160
selena_context_size_20260927T131553Z_36791,chronos_bolt__model_config.context_length-512__pipeline_config.raw_inference.completed_at-2026-09-27T15_00_12.613096_00_00,chronos_bolt,univariate,completed,0,0.4965813518511935,15.933391829952598,1,1,1,14868,14868,14868,0,2115504
selena_context_size_20260927T131553Z_36791,chronos_bolt__model_config.context_length-256__pipeline_config.raw_inference.completed_at-2026-09-27T13_26_35.054325_00_00,chronos_bolt,univariate,completed,0,0.49769040689918864,0.4559942316263914,1,1,1,240,240,240,0,25875
selena_context_size_20260927T131553Z_36791,chronos2__model_config.context_length-8192__pipeline_config.raw_inference.completed_at-2026-09-26T15_44_40.984294_00_00,chronos2,multivariate,completed,0,0.4982241238609957,33.50611853227019,1,1,1,7200,7200,7200,0,1166184
selena_context_size_20260927T131553Z_36791,chronos_bolt__model_config.context_length-1024__pipeline_config.raw_inference.completed_at-2026-09-27T13_22_16.924936_00_00,chronos_bolt,univariate,completed,0,0.49879107931765154,0.6303732506930828,1,1,1,360,360,360,0,29160
selena_context_size_20260927T131553Z_36791,ts_icl__model_config.context_length-256__pipeline_config.raw_inference.completed_at-2026-09-27T15_04_40.928567_00_00,ts_icl,univariate,completed,0,0.49880951737776996,0.5915303695946932,1,1,1,240,240,240,0,25875
selena_context_size_20260927T131553Z_36791,chronos_bolt__model_config.context_length-128__pipeline_config.raw_inference.completed_at-2026-09-27T13_35_21.542921_00_00,chronos_bolt,univariate,completed,0,0.4990015723011656,0.8568964470177889,1,1,1,612,612,612,0,165240
selena_context_size_20260927T131553Z_36791,ts_icl__model_config.context_length-256__pipeline_config.raw_inference.completed_at-2026-09-27T15_09_48.916661_00_00,ts_icl,univariate,completed,0,0.4996411798648353,1.1448356974869967,1,1,1,612,612,612,0,165240
selena_context_size_20260927T131553Z_36791,chronos2__model_config.context_length-2048__pipeline_config.raw_inference.completed_at-2026-09-27T13_44_30.554033_00_00,chronos2,univariate,completed,0,0.49974297776527243,0.525593588128686,1,1,1,186,186,186,0,26784
selena_context_size_20260927T131553Z_36791,ts_icl__model_config.context_length-1024__pipeline_config.raw_inference.completed_at-2026-09-27T14_00_41.946442_00_00,ts_icl,univariate,completed,0,0.5018009861459509,0.9811413902789354,1,1,1,70,70,70,0,7560
selena_context_size_20260927T131553Z_36791,ts_icl__model_config.context_length-2048__pipeline_config.raw_inference.completed_at-2026-09-27T14_07_33.858559_00_00,ts_icl,univariate,completed,0,0.5018009861459509,0.9971345867961645,1,1,1,70,70,70,0,7560
selena_context_size_20260927T131553Z_36791,ts_icl__model_config.context_length-4096__pipeline_config.raw_inference.completed_at-2026-09-26T16_24_08.825830_00_00,ts_icl,univariate,completed,0,0.5018009861459509,1.0123887546360493,1,1,1,70,70,70,0,7560
selena_context_size_20260927T131553Z_36791,ts_icl__model_config.context_length-512__pipeline_config.raw_inference.completed_at-2026-09-27T14_00_25.209588_00_00,ts_icl,univariate,completed,0,0.5018009861459509,1.0988834016025066,1,1,1,70,70,70,0,7560
selena_context_size_20260927T131553Z_36791,chronos2__model_config.context_length-1024__pipeline_config.raw_inference.completed_at-2026-09-27T13_44_00.478137_00_00,chronos2,multivariate,completed,0,0.5037053765673567,4.803565030917525,1,1,1,7200,7200,7200,0,1166184
selena_context_size_20260927T131553Z_36791,chronos2__model_config.context_length-4096__pipeline_config.raw_inference.completed_at-2026-09-27T13_39_23.824966_00_00,chronos2,multivariate,completed,0,0.5037449429770932,8.043255584314466,1,1,1,3600,3600,3600,0,388800
selena_context_size_20260927T131553Z_36791,chronos2__model_config.context_length-8192__pipeline_config.raw_inference.completed_at-2026-09-26T15_45_12.225547_00_00,chronos2,multivariate,completed,0,0.5050993677405062,12.134375179186463,1,1,1,3600,3600,3600,0,388800
selena_context_size_20260927T131553Z_36791,chronos_bolt__model_config.context_length-128__pipeline_config.raw_inference.completed_at-2026-09-27T13_33_44.752594_00_00,chronos_bolt,univariate,completed,0,0.5051846825859853,0.29183243960142136,1,1,1,70,70,70,0,7560
selena_context_size_20260927T131553Z_36791,chronos2__model_config.context_length-2048__pipeline_config.raw_inference.completed_at-2026-09-27T13_39_31.626949_00_00,chronos2,multivariate,completed,0,0.5054249725228226,4.602680299431086,1,1,1,3600,3600,3600,0,388800
selena_context_size_20260927T131553Z_36791,chronos2__model_config.context_length-4096__pipeline_config.raw_inference.completed_at-2026-09-27T13_45_27.657912_00_00,chronos2,univariate,completed,0,0.5068440715530432,0.6520158816128969,1,1,1,186,186,186,0,26784
selena_context_size_20260927T131553Z_36791,chronos_bolt__model_config.context_length-128__pipeline_config.raw_inference.completed_at-2026-09-27T13_27_27.432478_00_00,chronos_bolt,univariate,completed,0,0.5108528015036217,0.45456872321665287,1,1,1,240,240,240,0,25875
selena_context_size_20260927T131553Z_36791,chronos_bolt__model_config.context_length-128__pipeline_config.raw_inference.completed_at-2026-09-27T13_28_51.482888_00_00,chronos_bolt,univariate,completed,0,0.5125008305530985,0.594029450789094,1,1,1,360,360,360,0,29160
selena_context_size_20260927T131553Z_36791,ts_icl__model_config.context_length-4096__pipeline_config.raw_inference.completed_at-2026-09-26T15_59_21.915743_00_00,ts_icl,univariate,completed,0,0.5137316758245211,499.06127027608454,1,1,1,19440,19440,19440,0,1574640
selena_context_size_20260927T131553Z_36791,chronos2__model_config.context_length-8192__pipeline_config.raw_inference.completed_at-2026-09-26T15_53_10.265308_00_00,chronos2,univariate,completed,0,0.5142179910500525,1.0646973364055157,1,1,1,186,186,186,0,26784
selena_context_size_20260927T131553Z_36791,chronos2__model_config.context_length-1024__pipeline_config.raw_inference.completed_at-2026-09-27T13_44_17.169488_00_00,chronos2,multivariate,completed,0,0.514772850791618,2.3957964535802603,1,1,1,3600,3600,3600,0,388800
selena_context_size_20260927T131553Z_36791,ts_icl__model_config.context_length-2048__pipeline_config.raw_inference.completed_at-2026-09-27T13_55_52.192369_00_00,ts_icl,univariate,completed,0,0.5156749103427931,170.4962451979518,1,1,1,19440,19440,19440,0,1574640
selena_context_size_20260927T131553Z_36791,chronos2__model_config.context_length-512__pipeline_config.raw_inference.completed_at-2026-09-27T13_45_37.391591_00_00,chronos2,multivariate,completed,0,0.5178116771510157,2.6027838308364153,1,1,1,7200,7200,7200,0,1166184
selena_context_size_20260927T131553Z_36791,chronos_bolt__model_config.context_length-256__pipeline_config.raw_inference.completed_at-2026-09-27T13_32_58.497147_00_00,chronos_bolt,univariate,completed,0,0.5201006158160292,0.29415114410221577,1,1,1,70,70,70,0,7560
selena_context_size_20260927T131553Z_36791,ts_icl__model_config.context_length-1024__pipeline_config.raw_inference.completed_at-2026-09-27T13_53_54.905508_00_00,ts_icl,univariate,completed,0,0.5210255658914592,70.01716937683523,1,1,1,19440,19440,19440,0,1574640
selena_context_size_20260927T131553Z_36791,ts_icl__model_config.context_length-4096__pipeline_config.raw_inference.completed_at-2026-09-26T15_50_36.202883_00_00,ts_icl,univariate,completed,0,0.5238477165442099,92.08401364088058,1,1,1,3600,3600,3600,0,388800
selena_context_size_20260927T131553Z_36791,ts_icl__model_config.context_length-2048__pipeline_config.raw_inference.completed_at-2026-09-27T13_52_49.263825_00_00,ts_icl,univariate,completed,0,0.5241038351178748,31.228565840050578,1,1,1,3600,3600,3600,0,388800
selena_context_size_20260927T131553Z_36791,chronos2__model_config.context_length-512__pipeline_config.raw_inference.completed_at-2026-09-27T13_45_52.773773_00_00,chronos2,multivariate,completed,0,0.5249092649549226,1.3581120241433382,1,1,1,3600,3600,3600,0,388800
selena_context_size_20260927T131553Z_36791,chronos2__model_config.context_length-2048__pipeline_config.raw_inference.completed_at-2026-09-27T13_38_38.820413_00_00,chronos2,multivariate,completed,0,0.5281889408608991,4.840489709749818,1,1,1,3780,3780,3780,0,544158
selena_context_size_20260927T131553Z_36791,ts_icl__model_config.context_length-1024__pipeline_config.raw_inference.completed_at-2026-09-27T13_52_35.379909_00_00,ts_icl,univariate,completed,0,0.5285327630803552,13.14309872314334,1,1,1,3600,3600,3600,0,388800
selena_context_size_20260927T131553Z_36791,ts_icl__model_config.context_length-512__pipeline_config.raw_inference.completed_at-2026-09-27T13_55_04.905668_00_00,ts_icl,univariate,completed,0,0.5286113298380288,39.41526676155627,1,1,1,19440,19440,19440,0,1574640
selena_context_size_20260927T131553Z_36791,chronos_bolt__model_config.context_length-2048__pipeline_config.raw_inference.completed_at-2026-09-26T15_45_14.194522_00_00,chronos_bolt,univariate,completed,0,0.5310258678905166,5.602128099650145,1,1,1,3600,3600,3600,0,388800
selena_context_size_20260927T131553Z_36791,chronos_bolt__model_config.context_length-256__pipeline_config.raw_inference.completed_at-2026-09-27T13_24_22.865912_00_00,chronos_bolt,univariate,completed,0,0.5326790708968563,0.9633793365210295,1,1,1,720,720,720,0,233280
selena_context_size_20260927T131553Z_36791,chronos_bolt__model_config.context_length-1024__pipeline_config.raw_inference.completed_at-2026-09-27T13_27_44.073341_00_00,chronos_bolt,univariate,completed,0,0.5338831341525208,0.30358743108808994,1,1,1,70,70,70,0,7560
selena_context_size_20260927T131553Z_36791,chronos_bolt__model_config.context_length-2048__pipeline_config.raw_inference.completed_at-2026-09-26T15_56_26.248635_00_00,chronos_bolt,univariate,completed,0,0.5338831341525208,0.30582667514681816,1,1,1,70,70,70,0,7560
selena_context_size_20260927T131553Z_36791,chronos_bolt__model_config.context_length-512__pipeline_config.raw_inference.completed_at-2026-09-27T15_24_52.260669_00_00,chronos_bolt,univariate,completed,0,0.5338831341525208,0.306242473423481,1,1,1,70,70,70,0,7560
selena_context_size_20260927T131553Z_36791,ts_icl__model_config.context_length-512__pipeline_config.raw_inference.completed_at-2026-09-27T13_54_17.128426_00_00,ts_icl,univariate,completed,0,0.5353451059104237,7.376061571761966,1,1,1,3600,3600,3600,0,388800
selena_context_size_20260927T131553Z_36791,chronos2__model_config.context_length-4096__pipeline_config.raw_inference.completed_at-2026-09-27T13_38_17.032499_00_00,chronos2,multivariate,completed,0,0.5358595256981694,8.910269234329462,1,1,1,3780,3780,3780,0,544158
selena_context_size_20260927T131553Z_36791,chronos2__model_config.context_length-1024__pipeline_config.raw_inference.completed_at-2026-09-27T13_50_33.690574_00_00,chronos2,multivariate,completed,0,0.5364326507424232,0.18552490882575512,1,1,1,30,30,30,0,3240
selena_context_size_20260927T131553Z_36791,chronos2__model_config.context_length-2048__pipeline_config.raw_inference.completed_at-2026-09-27T13_46_30.182853_00_00,chronos2,multivariate,completed,0,0.5364326507424232,0.18927415646612644,1,1,1,30,30,30,0,3240
selena_context_size_20260927T131553Z_36791,chronos2__model_config.context_length-4096__pipeline_config.raw_inference.completed_at-2026-09-27T13_47_29.340639_00_00,chronos2,multivariate,completed,0,0.5364326507424232,0.1897037848830223,1,1,1,30,30,30,0,3240
selena_context_size_20260927T131553Z_36791,chronos2__model_config.context_length-512__pipeline_config.raw_inference.completed_at-2026-09-27T13_51_55.530285_00_00,chronos2,multivariate,completed,0,0.5364326507424232,0.1889418214559555,1,1,1,30,30,30,0,3240
selena_context_size_20260927T131553Z_36791,chronos2__model_config.context_length-8192__pipeline_config.raw_inference.completed_at-2026-09-26T15_55_15.950479_00_00,chronos2,multivariate,completed,0,0.5364326507424232,0.18847018666565418,1,1,1,30,30,30,0,3240
selena_context_size_20260927T131553Z_36791,chronos2__model_config.context_length-512__pipeline_config.raw_inference.completed_at-2026-09-27T13_45_12.209769_00_00,chronos2,multivariate,completed,0,0.540878656563122,1.7462638076394796,1,1,1,3780,3780,3780,0,544158
selena_context_size_20260927T131553Z_36791,ts_icl__model_config.context_length-256__pipeline_config.raw_inference.completed_at-2026-09-27T15_04_07.997747_00_00,ts_icl,univariate,completed,0,0.5417508972317846,30.960999676957726,1,1,1,19440,19440,19440,0,1574640
selena_context_size_20260927T131553Z_36791,chronos2__model_config.context_length-1024__pipeline_config.raw_inference.completed_at-2026-09-27T13_43_32.635987_00_00,chronos2,multivariate,completed,0,0.5418012718116135,2.8200874384492636,1,1,1,3780,3780,3780,0,544158
selena_context_size_20260927T131553Z_36791,chronos_bolt__model_config.context_length-1024__pipeline_config.raw_inference.completed_at-2026-09-27T13_18_35.241380_00_00,chronos_bolt,univariate,completed,0,0.5421819847177219,4.386772103607655,1,1,1,3600,3600,3600,0,388800
selena_context_size_20260927T131553Z_36791,chronos_bolt__model_config.context_length-512__pipeline_config.raw_inference.completed_at-2026-09-27T13_22_08.152048_00_00,chronos_bolt,univariate,completed,0,0.5446494737166933,3.949093220755458,1,1,1,3600,3600,3600,0,388800
selena_context_size_20260927T131553Z_36791,ts_icl__model_config.context_length-256__pipeline_config.raw_inference.completed_at-2026-09-27T15_03_28.987392_00_00,ts_icl,univariate,completed,0,0.5455377847227838,5.827367005869746,1,1,1,3600,3600,3600,0,388800
selena_context_size_20260927T131553Z_36791,chronos_bolt__model_config.context_length-128__pipeline_config.raw_inference.completed_at-2026-09-27T13_25_20.410567_00_00,chronos_bolt,univariate,completed,0,0.5460593427802308,0.9799307342618704,1,1,1,720,720,720,0,233280
selena_context_size_20260927T131553Z_36791,ts_icl__model_config.context_length-512__pipeline_config.raw_inference.completed_at-2026-09-27T13_58_41.030602_00_00,ts_icl,univariate,completed,0,0.5463972818878712,36.078238824382424,1,1,1,14868,14868,14868,0,2115504
selena_context_size_20260927T131553Z_36791,chronos_bolt__model_config.context_length-256__pipeline_config.raw_inference.completed_at-2026-09-27T13_25_09.260410_00_00,chronos_bolt,univariate,completed,0,0.5480670287700451,4.017798252403736,1,1,1,3600,3600,3600,0,388800
selena_context_size_20260927T131553Z_36791,chronos_bolt__model_config.context_length-256__pipeline_config.raw_inference.completed_at-2026-09-27T13_30_12.143463_00_00,chronos_bolt,univariate,completed,0,0.5492950564172174,16.323430372402072,1,1,1,14868,14868,14868,0,2115504
selena_context_size_20260927T131553Z_36791,chronos2__model_config.context_length-4096__pipeline_config.raw_inference.completed_at-2026-09-27T13_45_17.194614_00_00,chronos2,univariate,completed,0,0.550972098549952,1.1950184274464846,1,1,1,354,354,354,0,2115504
selena_context_size_20260927T131553Z_36791,chronos2__model_config.context_length-4096__pipeline_config.raw_inference.completed_at-2026-09-27T13_45_14.322792_00_00,chronos2,univariate,completed,0,0.5545156294571836,6.226120004430413,1,1,1,2478,2478,2478,0,2115504
selena_context_size_20260927T131553Z_36791,chronos2__model_config.context_length-1024__pipeline_config.raw_inference.completed_at-2026-09-27T13_48_35.887228_00_00,chronos2,univariate,completed,0,0.5547956548535535,0.6413869839161634,1,1,1,186,186,186,0,26784
selena_context_size_20260927T131553Z_36791,chronos2__model_config.context_length-8192__pipeline_config.raw_inference.completed_at-2026-09-26T15_52_59.550091_00_00,chronos2,univariate,completed,0,0.5551023033224332,2.0824789125472307,1,1,1,354,354,354,0,2115504
selena_context_size_20260927T131553Z_36791,ts_icl__model_config.context_length-2048__pipeline_config.raw_inference.completed_at-2026-09-27T13_51_57.402791_00_00,ts_icl,univariate,completed,0,0.5551567073412444,62.03292251750827,1,1,1,7200,7200,7200,0,1166184
selena_context_size_20260927T131553Z_36791,ts_icl__model_config.context_length-2048__pipeline_config.raw_inference.completed_at-2026-09-27T14_05_22.287010_00_00,ts_icl,univariate,completed,0,0.5565554357272706,1.859704276546836,1,1,1,186,186,186,0,26784
selena_context_size_20260927T131553Z_36791,ts_icl__model_config.context_length-4096__pipeline_config.raw_inference.completed_at-2026-09-26T16_21_29.290215_00_00,ts_icl,univariate,completed,0,0.5579173755542706,4.841252971440554,1,1,1,186,186,186,0,26784
selena_context_size_20260927T131553Z_36791,chronos2__model_config.context_length-8192__pipeline_config.raw_inference.completed_at-2026-09-26T15_52_55.794388_00_00,chronos2,univariate,completed,0,0.558075969445258,12.438771849498153,1,1,1,2478,2478,2478,0,2115504
selena_context_size_20260927T131553Z_36791,ts_icl__model_config.context_length-1024__pipeline_config.raw_inference.completed_at-2026-09-27T13_52_07.853682_00_00,ts_icl,univariate,completed,0,0.5582942030689081,26.128260215744376,1,1,1,7200,7200,7200,0,1166184
selena_context_size_20260927T131553Z_36791,chronos2__model_config.context_length-8192__pipeline_config.raw_inference.completed_at-2026-09-26T15_43_37.521897_00_00,chronos2,multivariate,completed,0,0.5606183090187876,18.992396723479033,1,1,1,3780,3780,3780,0,544158
selena_context_size_20260927T131553Z_36791,ts_icl__model_config.context_length-4096__pipeline_config.raw_inference.completed_at-2026-09-26T15_48_24.790174_00_00,ts_icl,univariate,completed,0,0.5615680496491282,171.61584774963558,1,1,1,7200,7200,7200,0,1166184
selena_context_size_20260927T131553Z_36791,chronos2__model_config.context_length-2048__pipeline_config.raw_inference.completed_at-2026-09-27T13_44_19.100673_00_00,chronos2,univariate,completed,0,0.5615789484862448,0.8084385972470045,1,1,1,354,354,354,0,2115504
selena_context_size_20260927T131553Z_36791,chronos2__model_config.context_length-2048__pipeline_config.raw_inference.completed_at-2026-09-27T13_44_16.609509_00_00,chronos2,univariate,completed,0,0.5625545101971844,3.900374511256814,1,1,1,2478,2478,2478,0,2115504
selena_context_size_20260927T131553Z_36791,chronos2__model_config.context_length-1024__pipeline_config.raw_inference.completed_at-2026-09-27T13_50_42.804963_00_00,chronos2,multivariate,completed,0,0.564975767585351,0.1840304546058178,1,1,1,70,70,70,0,7560
selena_context_size_20260927T131553Z_36791,chronos2__model_config.context_length-2048__pipeline_config.raw_inference.completed_at-2026-09-27T13_46_39.411836_00_00,chronos2,multivariate,completed,0,0.564975767585351,0.18713058717548847,1,1,1,70,70,70,0,7560
selena_context_size_20260927T131553Z_36791,chronos2__model_config.context_length-4096__pipeline_config.raw_inference.completed_at-2026-09-27T13_47_38.611068_00_00,chronos2,multivariate,completed,0,0.564975767585351,0.1845790110528469,1,1,1,70,70,70,0,7560
selena_context_size_20260927T131553Z_36791,chronos2__model_config.context_length-512__pipeline_config.raw_inference.completed_at-2026-09-27T13_52_04.781121_00_00,chronos2,multivariate,completed,0,0.564975767585351,0.1893247477710247,1,1,1,70,70,70,0,7560
selena_context_size_20260927T131553Z_36791,chronos2__model_config.context_length-8192__pipeline_config.raw_inference.completed_at-2026-09-26T15_55_25.157102_00_00,chronos2,multivariate,completed,0,0.564975767585351,0.1909192819148302,1,1,1,70,70,70,0,7560
selena_context_size_20260927T131553Z_36791,chronos2__model_config.context_length-8192__pipeline_config.raw_inference.completed_at-2026-09-26T15_50_59.789761_00_00,chronos2,multivariate,completed,0,0.5676356985687455,2.03146000392735,1,1,1,420,420,420,0,362880
selena_context_size_20260927T131553Z_36791,chronos2__model_config.context_length-4096__pipeline_config.raw_inference.completed_at-2026-09-27T13_44_04.576991_00_00,chronos2,multivariate,completed,0,0.5682583111659558,0.9770876727998257,1,1,1,420,420,420,0,362880
selena_context_size_20260927T131553Z_36791,chronos_bolt__model_config.context_length-2048__pipeline_config.raw_inference.completed_at-2026-09-26T15_54_12.227336_00_00,chronos_bolt,univariate,completed,0,0.5693521958394981,0.4878161810338497,1,1,1,186,186,186,0,26784
selena_context_size_20260927T131553Z_36791,chronos_bolt__model_config.context_length-2048__pipeline_config.raw_inference.completed_at-2026-09-26T15_46_05.176927_00_00,chronos_bolt,univariate,completed,0,0.5729531605112412,29.692712292075157,1,1,1,19440,19440,19440,0,1574640
selena_context_size_20260927T131553Z_36791,chronos_bolt__model_config.context_length-512__pipeline_config.raw_inference.completed_at-2026-09-27T14_59_29.439524_00_00,chronos_bolt,univariate,completed,0,0.5730169190477598,2.0068476609885693,1,1,1,1680,1680,1680,0,362880
selena_context_size_20260927T131553Z_36791,chronos_bolt__model_config.context_length-128__pipeline_config.raw_inference.completed_at-2026-09-27T13_26_04.830348_00_00,chronos_bolt,univariate,completed,0,0.5736029189979359,3.998331105336547,1,1,1,3600,3600,3600,0,388800
selena_context_size_20260927T131553Z_36791,ts_icl__model_config.context_length-512__pipeline_config.raw_inference.completed_at-2026-09-27T13_53_57.457419_00_00,ts_icl,univariate,completed,0,0.5799063274210106,16.066796431317925,1,1,1,7200,7200,7200,0,1166184
selena_context_size_20260927T131553Z_36791,chronos2__model_config.context_length-512__pipeline_config.raw_inference.completed_at-2026-09-27T13_48_29.580141_00_00,chronos2,multivariate,completed,0,0.5807678736831688,0.21142564713954926,1,1,1,120,120,120,0,25920
selena_context_size_20260927T131553Z_36791,chronos_bolt__model_config.context_length-1024__pipeline_config.raw_inference.completed_at-2026-09-27T13_19_14.921458_00_00,chronos_bolt,univariate,completed,0,0.5874348693259149,23.000020755454898,1,1,1,19440,19440,19440,0,1574640
selena_context_size_20260927T131553Z_36791,ts_icl__model_config.context_length-256__pipeline_config.raw_inference.completed_at-2026-09-27T15_06_34.289680_00_00,ts_icl,univariate,completed,0,0.5881639691159698,2.865797895938158,1,1,1,1680,1680,1680,0,362880
selena_context_size_20260927T131553Z_36791,chronos2__model_config.context_length-2048__pipeline_config.raw_inference.completed_at-2026-09-27T13_43_24.396191_00_00,chronos2,multivariate,completed,0,0.5914729926752257,0.4959190543740988,1,1,1,420,420,420,0,362880
selena_context_size_20260927T131553Z_36791,chronos2__model_config.context_length-1024__pipeline_config.raw_inference.completed_at-2026-09-27T13_47_06.243282_00_00,chronos2,multivariate,completed,0,0.5915676077779009,0.24315780587494373,1,1,1,120,120,120,0,25920
selena_context_size_20260927T131553Z_36791,chronos2__model_config.context_length-4096__pipeline_config.raw_inference.completed_at-2026-09-27T13_44_16.220838_00_00,chronos2,multivariate,completed,0,0.5930860719493519,1.4532081913203,1,1,1,560,560,560,0,120960
selena_context_size_20260927T131553Z_36791,chronos_bolt__model_config.context_length-512__pipeline_config.raw_inference.completed_at-2026-09-27T15_26_00.047356_00_00,chronos_bolt,univariate,completed,0,0.5931011556510251,0.2755671590566635,1,1,1,50,50,50,0,5400
selena_context_size_20260927T131553Z_36791,chronos2__model_config.context_length-2048__pipeline_config.raw_inference.completed_at-2026-09-27T13_49_17.972927_00_00,chronos2,multivariate,completed,0,0.5936503488136183,1.5111513007432222,1,1,1,1404,1404,1404,0,606528
selena_context_size_20260927T131553Z_36791,chronos2__model_config.context_length-4096__pipeline_config.raw_inference.completed_at-2026-09-27T13_50_32.909269_00_00,chronos2,multivariate,completed,0,0.5936503488136183,1.5207548718899488,1,1,1,1404,1404,1404,0,606528
selena_context_size_20260927T131553Z_36791,chronos2__model_config.context_length-8192__pipeline_config.raw_inference.completed_at-2026-09-26T15_58_51.103489_00_00,chronos2,multivariate,completed,0,0.5936503488136183,1.5292853713035583,1,1,1,1404,1404,1404,0,606528
selena_context_size_20260927T131553Z_36791,chronos2__model_config.context_length-8192__pipeline_config.raw_inference.completed_at-2026-09-26T15_51_13.717626_00_00,chronos2,multivariate,completed,0,0.5939734485800114,2.847157733514905,1,1,1,560,560,560,0,120960
selena_context_size_20260927T131553Z_36791,chronos_bolt__model_config.context_length-1024__pipeline_config.raw_inference.completed_at-2026-09-27T13_28_52.165445_00_00,chronos_bolt,univariate,completed,0,0.5940031906328601,0.29057532735168934,1,1,1,50,50,50,0,5400
selena_context_size_20260927T131553Z_36791,chronos_bolt__model_config.context_length-2048__pipeline_config.raw_inference.completed_at-2026-09-26T15_57_34.693765_00_00,chronos_bolt,univariate,completed,0,0.5940031906328601,0.2863972056657076,1,1,1,50,50,50,0,5400
selena_context_size_20260927T131553Z_36791,chronos2__model_config.context_length-1024__pipeline_config.raw_inference.completed_at-2026-09-27T13_53_11.303992_00_00,chronos2,multivariate,completed,0,0.5949941065904752,1.1318035572767258,1,1,1,1404,1404,1404,0,606528
selena_context_size_20260927T131553Z_36791,chronos2__model_config.context_length-2048__pipeline_config.raw_inference.completed_at-2026-09-27T13_43_35.182195_00_00,chronos2,multivariate,completed,0,0.595787118775004,0.7769469190388918,1,1,1,560,560,560,0,120960
selena_context_size_20260927T131553Z_36791,chronos2__model_config.context_length-8192__pipeline_config.raw_inference.completed_at-2026-09-26T15_50_10.856785_00_00,chronos2,multivariate,completed,0,0.5965490516104354,0.8576976526528597,1,1,1,120,120,120,0,25920
selena_context_size_20260927T131553Z_36791,chronos2__model_config.context_length-2048__pipeline_config.raw_inference.completed_at-2026-09-27T13_42_48.650586_00_00,chronos2,multivariate,completed,0,0.5974631506545879,0.302546713501215,1,1,1,120,120,120,0,25920
selena_context_size_20260927T131553Z_36791,ts_icl__model_config.context_length-512__pipeline_config.raw_inference.completed_at-2026-09-27T13_53_23.774800_00_00,ts_icl,univariate,completed,0,0.5984807327300957,8.17410434782505,1,1,1,3780,3780,3780,0,544158
selena_context_size_20260927T131553Z_36791,ts_icl__model_config.context_length-2048__pipeline_config.raw_inference.completed_at-2026-09-27T13_50_25.991693_00_00,ts_icl,univariate,completed,0,0.6020592749634602,33.01847505569458,1,1,1,3780,3780,3780,0,544158
selena_context_size_20260927T131553Z_36791,chronos2__model_config.context_length-4096__pipeline_config.raw_inference.completed_at-2026-09-27T13_43_24.782013_00_00,chronos2,multivariate,completed,0,0.6033186390043136,0.4136318676173687,1,1,1,120,120,120,0,25920
selena_context_size_20260927T131553Z_36791,chronos2__model_config.context_length-512__pipeline_config.raw_inference.completed_at-2026-09-27T13_54_29.208755_00_00,chronos2,multivariate,completed,0,0.6035035690893066,0.7960495930165052,1,1,1,1404,1404,1404,0,606528
selena_context_size_20260927T131553Z_36791,ts_icl__model_config.context_length-1024__pipeline_config.raw_inference.completed_at-2026-09-27T13_51_20.821879_00_00,ts_icl,univariate,completed,0,0.6060635242487762,14.08144299685955,1,1,1,3780,3780,3780,0,544158
selena_context_size_20260927T131553Z_36791,ts_icl__model_config.context_length-2048__pipeline_config.raw_inference.completed_at-2026-09-27T14_02_21.342475_00_00,ts_icl,univariate,completed,0,0.609018111370533,5.040649626404047,1,1,1,560,560,560,0,120960
selena_context_size_20260927T131553Z_36791,ts_icl__model_config.context_length-1024__pipeline_config.raw_inference.completed_at-2026-09-27T13_59_12.263005_00_00,ts_icl,univariate,completed,0,0.6099687711811097,1.0007598735392094,1,1,1,186,186,186,0,26784
selena_context_size_20260927T131553Z_36791,chronos_bolt__model_config.context_length-512__pipeline_config.raw_inference.completed_at-2026-09-27T13_22_43.266223_00_00,chronos_bolt,univariate,completed,0,0.6106237117298775,20.37571570277214,1,1,1,19440,19440,19440,0,1574640
selena_context_size_20260927T131553Z_36791,ts_icl__model_config.context_length-256__pipeline_config.raw_inference.completed_at-2026-09-27T15_07_19.582210_00_00,ts_icl,univariate,completed,0,0.6106502064471075,30.675825841724873,1,1,1,14868,14868,14868,0,2115504
selena_context_size_20260927T131553Z_36791,ts_icl__model_config.context_length-512__pipeline_config.raw_inference.completed_at-2026-09-27T14_01_02.973613_00_00,ts_icl,univariate,completed,0,0.6111693155014472,0.27246607653796673,1,1,1,50,50,50,0,5400
selena_context_size_20260927T131553Z_36791,ts_icl__model_config.context_length-1024__pipeline_config.raw_inference.completed_at-2026-09-27T14_01_19.862438_00_00,ts_icl,univariate,completed,0,0.6117422065218235,0.7398041747510433,1,1,1,50,50,50,0,5400
selena_context_size_20260927T131553Z_36791,ts_icl__model_config.context_length-2048__pipeline_config.raw_inference.completed_at-2026-09-27T14_08_11.948934_00_00,ts_icl,univariate,completed,0,0.6117422065218235,0.8631249088793993,1,1,1,50,50,50,0,5400
selena_context_size_20260927T131553Z_36791,ts_icl__model_config.context_length-4096__pipeline_config.raw_inference.completed_at-2026-09-26T16_24_46.721344_00_00,ts_icl,univariate,completed,0,0.6117422065218235,0.7498055472970009,1,1,1,50,50,50,0,5400
selena_context_size_20260927T131553Z_36791,ts_icl__model_config.context_length-4096__pipeline_config.raw_inference.completed_at-2026-09-26T16_11_49.521143_00_00,ts_icl,univariate,completed,0,0.6129095172780149,3.288859996944666,1,1,1,120,120,120,0,25920
selena_context_size_20260927T131553Z_36791,ts_icl__model_config.context_length-4096__pipeline_config.raw_inference.completed_at-2026-09-26T16_13_49.181705_00_00,ts_icl,univariate,completed,0,0.6139433431511792,13.503925709053874,1,1,1,560,560,560,0,120960
selena_context_size_20260927T131553Z_36791,chronos2__model_config.context_length-1024__pipeline_config.raw_inference.completed_at-2026-09-27T13_47_50.199039_00_00,chronos2,multivariate,completed,0,0.614558418693195,0.4794878512620926,1,1,1,560,560,560,0,120960
selena_context_size_20260927T131553Z_36791,chronos_bolt__model_config.context_length-2048__pipeline_config.raw_inference.completed_at-2026-09-26T15_44_21.546581_00_00,chronos_bolt,univariate,completed,0,0.6174763561582273,11.125371668487787,1,1,1,7200,7200,7200,0,1166184
selena_context_size_20260927T131553Z_36791,ts_icl__model_config.context_length-1024__pipeline_config.raw_inference.completed_at-2026-09-27T13_57_37.941537_00_00,ts_icl,univariate,completed,0,0.6174851206421053,2.1834300197660923,1,1,1,560,560,560,0,120960
selena_context_size_20260927T131553Z_36791,chronos_bolt__model_config.context_length-2048__pipeline_config.raw_inference.completed_at-2026-09-26T15_43_26.091522_00_00,chronos_bolt,univariate,completed,0,0.6177950678072444,7.3311514891684055,1,1,1,3780,3780,3780,0,544158
selena_context_size_20260927T131553Z_36791,chronos2__model_config.context_length-2048__pipeline_config.raw_inference.completed_at-2026-09-27T13_44_31.231650_00_00,chronos2,univariate,completed,0,0.6184617276567294,0.018335530534386635,1,1,1,4,4,4,0,24192
selena_context_size_20260927T131553Z_36791,ts_icl__model_config.context_length-4096__pipeline_config.raw_inference.completed_at-2026-09-26T15_44_38.711832_00_00,ts_icl,univariate,completed,0,0.6198102861666855,98.3594409506768,1,1,1,3780,3780,3780,0,544158
selena_context_size_20260927T131553Z_36791,chronos_bolt__model_config.context_length-256__pipeline_config.raw_inference.completed_at-2026-09-27T13_24_06.608151_00_00,chronos_bolt,univariate,completed,0,0.6200244932229829,4.612908557057381,1,1,1,3780,3780,3780,0,544158
selena_context_size_20260927T131553Z_36791,ts_icl__model_config.context_length-256__pipeline_config.raw_inference.completed_at-2026-09-27T15_03_11.691596_00_00,ts_icl,univariate,completed,0,0.6206708216939292,11.753108760342002,1,1,1,7200,7200,7200,0,1166184
selena_context_size_20260927T131553Z_36791,chronos_bolt__model_config.context_length-256__pipeline_config.raw_inference.completed_at-2026-09-27T13_29_29.962611_00_00,chronos_bolt,univariate,completed,0,0.6220595394920491,2.099579967558384,1,1,1,1680,1680,1680,0,362880
selena_context_size_20260927T131553Z_36791,chronos2__model_config.context_length-8192__pipeline_config.raw_inference.completed_at-2026-09-26T15_47_07.012752_00_00,chronos2,multivariate,completed,0,0.6223341959795847,1.2962880432605743,1,1,1,504,504,504,0,762048
selena_context_size_20260927T131553Z_36791,chronos_bolt__model_config.context_length-1024__pipeline_config.raw_inference.completed_at-2026-09-27T13_25_30.700581_00_00,chronos_bolt,univariate,completed,0,0.6223385821016503,0.4265314694494009,1,1,1,186,186,186,0,26784
selena_context_size_20260927T131553Z_36791,chronos2__model_config.context_length-4096__pipeline_config.raw_inference.completed_at-2026-09-27T13_40_52.552180_00_00,chronos2,multivariate,completed,0,0.6223433211995053,1.1260520834475756,1,1,1,504,504,504,0,762048
selena_context_size_20260927T131553Z_36791,ts_icl__model_config.context_length-2048__pipeline_config.raw_inference.completed_at-2026-09-27T14_01_22.917843_00_00,ts_icl,univariate,completed,0,0.622563319452698,1.1720475368201733,1,1,1,120,120,120,0,25920
selena_context_size_20260927T131553Z_36791,ts_icl__model_config.context_length-256__pipeline_config.raw_inference.completed_at-2026-09-27T15_09_34.170359_00_00,ts_icl,univariate,completed,0,0.622744563074994,0.25050861202180386,1,1,1,50,50,50,0,5400
selena_context_size_20260927T131553Z_36791,chronos_bolt__model_config.context_length-512__pipeline_config.raw_inference.completed_at-2026-09-27T13_20_57.600453_00_00,chronos_bolt,univariate,completed,0,0.6238342479909914,4.552643395960331,1,1,1,3780,3780,3780,0,544158
selena_context_size_20260927T131553Z_36791,chronos2__model_config.context_length-2048__pipeline_config.raw_inference.completed_at-2026-09-27T13_40_35.645367_00_00,chronos2,multivariate,completed,0,0.6241034604598139,0.6468443125486374,1,1,1,504,504,504,0,762048
selena_context_size_20260927T131553Z_36791,ts_icl__model_config.context_length-2048__pipeline_config.raw_inference.completed_at-2026-09-27T14_11_40.574281_00_00,ts_icl,univariate,completed,0,0.6245856664918761,20.913242796435952,1,1,1,1404,1404,1404,0,606528
selena_context_size_20260927T131553Z_36791,ts_icl__model_config.context_length-4096__pipeline_config.raw_inference.completed_at-2026-09-26T16_31_49.821962_00_00,ts_icl,univariate,completed,0,0.6245856664918761,20.772321673110127,1,1,1,1404,1404,1404,0,606528
selena_context_size_20260927T131553Z_36791,ts_icl__model_config.context_length-1024__pipeline_config.raw_inference.completed_at-2026-09-27T14_03_21.680581_00_00,ts_icl,univariate,completed,0,0.6247777186000425,13.872394090518355,1,1,1,1404,1404,1404,0,606528
selena_context_size_20260927T131553Z_36791,chronos_bolt__model_config.context_length-2048__pipeline_config.raw_inference.completed_at-2026-09-26T15_52_20.891228_00_00,chronos_bolt,univariate,completed,0,0.6259215540866543,1.0544631276279688,1,1,1,560,560,560,0,120960
selena_context_size_20260927T131553Z_36791,chronos_bolt__model_config.context_length-1024__pipeline_config.raw_inference.completed_at-2026-09-27T13_27_34.618795_00_00,chronos_bolt,univariate,completed,0,0.6261554732353394,0.2510750759392977,1,1,1,30,30,30,0,3240
selena_context_size_20260927T131553Z_36791,chronos_bolt__model_config.context_length-2048__pipeline_config.raw_inference.completed_at-2026-09-26T15_56_16.748087_00_00,chronos_bolt,univariate,completed,0,0.6261554732353394,0.2509199474006891,1,1,1,30,30,30,0,3240
selena_context_size_20260927T131553Z_36791,chronos_bolt__model_config.context_length-512__pipeline_config.raw_inference.completed_at-2026-09-27T15_24_42.466032_00_00,chronos_bolt,univariate,completed,0,0.6261554732353394,0.2542088683694601,1,1,1,30,30,30,0,3240
selena_context_size_20260927T131553Z_36791,chronos_bolt__model_config.context_length-256__pipeline_config.raw_inference.completed_at-2026-09-27T13_25_43.743688_00_00,chronos_bolt,univariate,completed,0,0.6264823353662405,20.585040448233485,1,1,1,19440,19440,19440,0,1574640
selena_context_size_20260927T131553Z_36791,chronos2__model_config.context_length-4096__pipeline_config.raw_inference.completed_at-2026-09-27T13_45_28.370461_00_00,chronos2,univariate,completed,0,0.6265523896877301,0.018553992733359337,1,1,1,4,4,4,0,24192
selena_context_size_20260927T131553Z_36791,chronos2__model_config.context_length-1024__pipeline_config.raw_inference.completed_at-2026-09-27T13_51_01.590823_00_00,chronos2,univariate,completed,0,0.6272780561526403,0.21197184547781944,1,1,1,5,5,5,0,540
selena_context_size_20260927T131553Z_36791,chronos2__model_config.context_length-2048__pipeline_config.raw_inference.completed_at-2026-09-27T13_46_58.186569_00_00,chronos2,univariate,completed,0,0.6272780561526403,0.2127179354429245,1,1,1,5,5,5,0,540
selena_context_size_20260927T131553Z_36791,chronos2__model_config.context_length-4096__pipeline_config.raw_inference.completed_at-2026-09-27T13_47_57.169859_00_00,chronos2,univariate,completed,0,0.6272780561526403,0.2125555593520403,1,1,1,5,5,5,0,540
selena_context_size_20260927T131553Z_36791,chronos2__model_config.context_length-512__pipeline_config.raw_inference.completed_at-2026-09-27T13_52_23.534985_00_00,chronos2,univariate,completed,0,0.6272780561526403,0.22631120681762695,1,1,1,5,5,5,0,540
selena_context_size_20260927T131553Z_36791,chronos2__model_config.context_length-8192__pipeline_config.raw_inference.completed_at-2026-09-26T15_55_43.778346_00_00,chronos2,univariate,completed,0,0.6272780561526403,0.21113148890435696,1,1,1,5,5,5,0,540
selena_context_size_20260927T131553Z_36791,chronos_bolt__model_config.context_length-128__pipeline_config.raw_inference.completed_at-2026-09-27T13_34_51.851337_00_00,chronos_bolt,univariate,completed,0,0.6295298259959351,0.2776528690010309,1,1,1,50,50,50,0,5400
selena_context_size_20260927T131553Z_36791,chronos2__model_config.context_length-1024__pipeline_config.raw_inference.completed_at-2026-09-27T13_48_23.040459_00_00,chronos2,univariate,completed,0,0.630427814192407,2.653001941740513,1,1,1,2478,2478,2478,0,2115504
selena_context_size_20260927T131553Z_36791,chronos_bolt__model_config.context_length-1024__pipeline_config.raw_inference.completed_at-2026-09-27T13_17_14.910180_00_00,chronos_bolt,univariate,completed,0,0.6306211443900684,5.660004910081625,1,1,1,3780,3780,3780,0,544158
selena_context_size_20260927T131553Z_36791,ts_icl__model_config.context_length-4096__pipeline_config.raw_inference.completed_at-2026-09-26T16_13_26.362732_00_00,ts_icl,univariate,completed,0,0.630973897474497,10.126248680055141,1,1,1,420,420,420,0,362880
selena_context_size_20260927T131553Z_36791,ts_icl__model_config.context_length-1024__pipeline_config.raw_inference.completed_at-2026-09-27T14_00_36.834599_00_00,ts_icl,univariate,completed,0,0.6319336015586908,0.5132206808775663,1,1,1,30,30,30,0,3240
selena_context_size_20260927T131553Z_36791,ts_icl__model_config.context_length-2048__pipeline_config.raw_inference.completed_at-2026-09-27T14_07_28.742062_00_00,ts_icl,univariate,completed,0,0.6319336015586908,0.5097640082240105,1,1,1,30,30,30,0,3240
selena_context_size_20260927T131553Z_36791,ts_icl__model_config.context_length-4096__pipeline_config.raw_inference.completed_at-2026-09-26T16_24_03.718436_00_00,ts_icl,univariate,completed,0,0.6319336015586908,0.5758270882070065,1,1,1,30,30,30,0,3240
selena_context_size_20260927T131553Z_36791,ts_icl__model_config.context_length-512__pipeline_config.raw_inference.completed_at-2026-09-27T14_00_19.956040_00_00,ts_icl,univariate,completed,0,0.6319336015586908,0.5205473732203245,1,1,1,30,30,30,0,3240
selena_context_size_20260927T131553Z_36791,ts_icl__model_config.context_length-1024__pipeline_config.raw_inference.completed_at-2026-09-27T13_56_58.643596_00_00,ts_icl,univariate,completed,0,0.6319536513717043,0.7834676969796419,1,1,1,120,120,120,0,25920
selena_context_size_20260927T131553Z_36791,chronos_bolt__model_config.context_length-256__pipeline_config.raw_inference.completed_at-2026-09-27T13_32_48.994090_00_00,chronos_bolt,univariate,completed,0,0.633026560621912,0.25248295441269875,1,1,1,30,30,30,0,3240
selena_context_size_20260927T131553Z_36791,chronos2__model_config.context_length-8192__pipeline_config.raw_inference.completed_at-2026-09-26T15_53_11.055192_00_00,chronos2,univariate,completed,0,0.6334165647741988,0.027524907141923904,1,1,1,4,4,4,0,24192
selena_context_size_20260927T131553Z_36791,ts_icl__model_config.context_length-256__pipeline_config.raw_inference.completed_at-2026-09-27T15_08_54.107868_00_00,ts_icl,univariate,completed,0,0.6347072219116885,0.5148282088339329,1,1,1,30,30,30,0,3240
selena_context_size_20260927T131553Z_36791,ts_icl__model_config.context_length-2048__pipeline_config.raw_inference.completed_at-2026-09-27T13_57_26.141174_00_00,ts_icl,univariate,completed,0,0.634936470024283,6.569376474246383,1,1,1,504,504,504,0,762048
selena_context_size_20260927T131553Z_36791,chronos2__model_config.context_length-1024__pipeline_config.raw_inference.completed_at-2026-09-27T13_49_27.364446_00_00,chronos2,multivariate,completed,0,0.6352501786041488,0.23584375716745853,1,1,1,237,237,240,0,27540
selena_context_size_20260927T131553Z_36791,chronos2__model_config.context_length-2048__pipeline_config.raw_inference.completed_at-2026-09-27T13_45_22.159493_00_00,chronos2,multivariate,completed,0,0.6352501786041488,0.23722201772034168,1,1,1,237,237,240,0,27540
selena_context_size_20260927T131553Z_36791,chronos2__model_config.context_length-4096__pipeline_config.raw_inference.completed_at-2026-09-27T13_46_19.305282_00_00,chronos2,multivariate,completed,0,0.6352501786041488,0.23745408654212952,1,1,1,237,237,240,0,27540
selena_context_size_20260927T131553Z_36791,chronos2__model_config.context_length-512__pipeline_config.raw_inference.completed_at-2026-09-27T13_50_48.646907_00_00,chronos2,multivariate,completed,0,0.6352501786041488,0.2381615899503231,1,1,1,237,237,240,0,27540
selena_context_size_20260927T131553Z_36791,chronos2__model_config.context_length-8192__pipeline_config.raw_inference.completed_at-2026-09-26T15_54_02.005414_00_00,chronos2,multivariate,completed,0,0.6352501786041488,0.23693689703941345,1,1,1,237,237,240,0,27540
selena_context_size_20260927T131553Z_36791,ts_icl__model_config.context_length-4096__pipeline_config.raw_inference.completed_at-2026-09-26T16_02_53.134787_00_00,ts_icl,univariate,completed,0,0.6357963637672974,12.478444524109364,1,1,1,504,504,504,0,762048
selena_context_size_20260927T131553Z_36791,chronos2__model_config.context_length-1024__pipeline_config.raw_inference.completed_at-2026-09-27T13_48_25.405004_00_00,chronos2,univariate,completed,0,0.6363712154025504,0.6904624048620462,1,1,1,354,354,354,0,2115504
selena_context_size_20260927T131553Z_36791,chronos2__model_config.context_length-512__pipeline_config.raw_inference.completed_at-2026-09-27T13_53_10.257076_00_00,chronos2,multivariate,completed,0,0.6367866669285873,0.18910651467740536,1,1,1,50,50,50,0,5400
selena_context_size_20260927T131553Z_36791,ts_icl__model_config.context_length-256__pipeline_config.raw_inference.completed_at-2026-09-27T13_53_50.847207_00_00,ts_icl,univariate,completed,0,0.6373755251198856,6.254736579954624,1,1,1,3780,3780,3780,0,544158
selena_context_size_20260927T131553Z_36791,chronos2__model_config.context_length-1024__pipeline_config.raw_inference.completed_at-2026-09-27T13_50_52.185153_00_00,chronos2,multivariate,completed,0,0.6377317787460499,0.20024531707167625,1,1,1,30,30,30,0,3240
selena_context_size_20260927T131553Z_36791,chronos2__model_config.context_length-2048__pipeline_config.raw_inference.completed_at-2026-09-27T13_46_48.851903_00_00,chronos2,multivariate,completed,0,0.6377317787460499,0.18738888949155807,1,1,1,30,30,30,0,3240
selena_context_size_20260927T131553Z_36791,chronos2__model_config.context_length-4096__pipeline_config.raw_inference.completed_at-2026-09-27T13_47_47.870080_00_00,chronos2,multivariate,completed,0,0.6377317787460499,0.18745707906782627,1,1,1,30,30,30,0,3240
selena_context_size_20260927T131553Z_36791,chronos2__model_config.context_length-512__pipeline_config.raw_inference.completed_at-2026-09-27T13_52_14.047824_00_00,chronos2,multivariate,completed,0,0.6377317787460499,0.18849363923072815,1,1,1,30,30,30,0,3240
selena_context_size_20260927T131553Z_36791,chronos2__model_config.context_length-8192__pipeline_config.raw_inference.completed_at-2026-09-26T15_55_34.412670_00_00,chronos2,multivariate,completed,0,0.6377317787460499,0.18787822872400284,1,1,1,30,30,30,0,3240
selena_context_size_20260927T131553Z_36791,ts_icl__model_config.context_length-2048__pipeline_config.raw_inference.completed_at-2026-09-27T14_02_09.829695_00_00,ts_icl,univariate,completed,0,0.6378285330062945,3.78190697170794,1,1,1,420,420,420,0,362880
selena_context_size_20260927T131553Z_36791,chronos_bolt__model_config.context_length-1024__pipeline_config.raw_inference.completed_at-2026-09-27T13_24_09.007800_00_00,chronos_bolt,univariate,completed,0,0.638354340980005,0.8718069456517696,1,1,1,560,560,560,0,120960
selena_context_size_20260927T131553Z_36791,ts_icl__model_config.context_length-256__pipeline_config.raw_inference.completed_at-2026-09-27T15_06_12.755241_00_00,ts_icl,univariate,completed,0,0.6383943447454338,0.36287095956504345,1,1,1,120,120,120,0,25920
selena_context_size_20260927T131553Z_36791,chronos_bolt__model_config.context_length-256__pipeline_config.raw_inference.completed_at-2026-09-27T13_28_55.372270_00_00,chronos_bolt,univariate,completed,0,0.639291726426536,0.4986711572855711,1,1,1,120,120,120,0,25920
selena_context_size_20260927T131553Z_36791,chronos_bolt__model_config.context_length-1024__pipeline_config.raw_inference.completed_at-2026-09-27T13_23_16.470941_00_00,chronos_bolt,univariate,completed,0,0.6398384711134673,0.35365593805909157,1,1,1,120,120,120,0,25920
selena_context_size_20260927T131553Z_36791,chronos_bolt__model_config.context_length-1024__pipeline_config.raw_inference.completed_at-2026-09-27T13_17_58.710561_00_00,chronos_bolt,univariate,completed,0,0.640460614062129,8.630590049549937,1,1,1,7200,7200,7200,0,1166184
selena_context_size_20260927T131553Z_36791,chronos2__model_config.context_length-2048__pipeline_config.raw_inference.completed_at-2026-09-27T13_38_53.142138_00_00,chronos2,multivariate,completed,0,0.6404828663207058,0.12315907701849937,1,1,1,90,90,90,0,233280
selena_context_size_20260927T131553Z_36791,chronos_bolt__model_config.context_length-128__pipeline_config.raw_inference.completed_at-2026-09-27T13_31_01.422959_00_00,chronos_bolt,univariate,completed,0,0.6407441238417363,16.24403634853661,1,1,1,14868,14868,14868,0,2115504
selena_context_size_20260927T131553Z_36791,chronos_bolt__model_config.context_length-2048__pipeline_config.raw_inference.completed_at-2026-09-26T15_51_20.362300_00_00,chronos_bolt,univariate,completed,0,0.6407841327805917,0.3917584456503391,1,1,1,120,120,120,0,25920
selena_context_size_20260927T131553Z_36791,ts_icl__model_config.context_length-512__pipeline_config.raw_inference.completed_at-2026-09-27T13_57_26.099797_00_00,ts_icl,univariate,completed,0,0.6417485698951381,0.4359620586037636,1,1,1,120,120,120,0,25920
selena_context_size_20260927T131553Z_36791,chronos2__model_config.context_length-1024__pipeline_config.raw_inference.completed_at-2026-09-27T13_51_48.084754_00_00,chronos2,multivariate,completed,0,0.6419425789779618,0.187467148527503,1,1,1,50,50,50,0,5400
selena_context_size_20260927T131553Z_36791,chronos2__model_config.context_length-2048__pipeline_config.raw_inference.completed_at-2026-09-27T13_47_45.011989_00_00,chronos2,multivariate,completed,0,0.6419425789779618,0.18988102301955223,1,1,1,50,50,50,0,5400
selena_context_size_20260927T131553Z_36791,chronos2__model_config.context_length-4096__pipeline_config.raw_inference.completed_at-2026-09-27T13_48_43.876067_00_00,chronos2,multivariate,completed,0,0.6419425789779618,0.18801314942538738,1,1,1,50,50,50,0,5400
selena_context_size_20260927T131553Z_36791,chronos2__model_config.context_length-8192__pipeline_config.raw_inference.completed_at-2026-09-26T15_56_30.337924_00_00,chronos2,multivariate,completed,0,0.6419425789779618,0.1882450208067894,1,1,1,50,50,50,0,5400
selena_context_size_20260927T131553Z_36791,ts_icl__model_config.context_length-1024__pipeline_config.raw_inference.completed_at-2026-09-27T13_54_37.829211_00_00,ts_icl,univariate,completed,0,0.641999547173242,2.1510188318789005,1,1,1,504,504,504,0,762048
selena_context_size_20260927T131553Z_36791,chronos2__model_config.context_length-512__pipeline_config.raw_inference.completed_at-2026-09-27T13_49_12.936849_00_00,chronos2,multivariate,completed,0,0.6425017445479201,0.33793726935982704,1,1,1,560,560,560,0,120960
selena_context_size_20260927T131553Z_36791,chronos2__model_config.context_length-1024__pipeline_config.raw_inference.completed_at-2026-09-27T13_45_04.733257_00_00,chronos2,multivariate,completed,0,0.6425526379906576,0.3798231463879347,1,1,1,504,504,504,0,762048
selena_context_size_20260927T131553Z_36791,ts_icl__model_config.context_length-4096__pipeline_config.raw_inference.completed_at-2026-09-26T16_21_13.726040_00_00,ts_icl,univariate,completed,0,0.642844303116898,9.854780355468392,1,1,1,354,354,354,0,2115504
selena_context_size_20260927T131553Z_36791,chronos2__model_config.context_length-2048__pipeline_config.raw_inference.completed_at-2026-09-27T13_41_25.509256_00_00,chronos2,multivariate,completed,0,0.6433129451786325,8.338565073907375,1,1,1,6480,6480,6480,0,2099520
selena_context_size_20260927T131553Z_36791,ts_icl__model_config.context_length-4096__pipeline_config.raw_inference.completed_at-2026-09-26T16_12_28.153615_00_00,ts_icl,univariate,completed,0,0.6435272463108824,4.207989783957601,1,1,1,175,175,175,0,113400
selena_context_size_20260927T131553Z_36791,chronos2__model_config.context_length-4096__pipeline_config.raw_inference.completed_at-2026-09-27T13_38_32.966978_00_00,chronos2,multivariate,completed,0,0.645010273167884,0.21318562142550945,1,1,1,90,90,90,0,233280
selena_context_size_20260927T131553Z_36791,chronos2__model_config.context_length-4096__pipeline_config.raw_inference.completed_at-2026-09-27T13_41_51.188380_00_00,chronos2,multivariate,completed,0,0.6450350005463927,16.51249418593943,1,1,1,6480,6480,6480,0,2099520
selena_context_size_20260927T131553Z_36791,ts_icl__model_config.context_length-512__pipeline_config.raw_inference.completed_at-2026-09-27T14_02_28.273953_00_00,ts_icl,univariate,completed,0,0.645053235700343,3.3677621595561504,1,1,1,1404,1404,1404,0,606528
selena_context_size_20260927T131553Z_36791,chronos_bolt__model_config.context_length-2048__pipeline_config.raw_inference.completed_at-2026-09-26T15_53_27.734483_00_00,chronos_bolt,univariate,completed,0,0.6450896081401051,25.755703112110496,1,1,1,2478,2478,2478,0,2115504
selena_context_size_20260927T131553Z_36791,ts_icl__model_config.context_length-1024__pipeline_config.raw_inference.completed_at-2026-09-27T13_57_14.897838_00_00,ts_icl,univariate,completed,0,0.645232931869461,0.7421186100691557,1,1,1,175,175,175,0,113400
selena_context_size_20260927T131553Z_36791,chronos2__model_config.context_length-8192__pipeline_config.raw_inference.completed_at-2026-09-26T15_43_57.424005_00_00,chronos2,multivariate,completed,0,0.6464918202535772,0.4173429775983095,1,1,1,90,90,90,0,233280
selena_context_size_20260927T131553Z_36791,ts_icl__model_config.context_length-4096__pipeline_config.raw_inference.completed_at-2026-09-26T16_21_31.124155_00_00,ts_icl,univariate,completed,0,0.6465491870287388,0.13298251666128635,1,1,1,4,4,4,0,24192
selena_context_size_20260927T131553Z_36791,chronos_bolt__model_config.context_length-512__pipeline_config.raw_inference.completed_at-2026-09-27T14_58_55.098528_00_00,chronos_bolt,univariate,completed,0,0.6465885519066266,0.3468571715056896,1,1,1,120,120,120,0,25920
selena_context_size_20260927T131553Z_36791,chronos2__model_config.context_length-2048__pipeline_config.raw_inference.completed_at-2026-09-27T13_39_16.243170_00_00,chronos2,multivariate,completed,0,0.6466730825737458,1.2021102365106344,1,1,1,900,900,900,0,1166184
selena_context_size_20260927T131553Z_36791,chronos2__model_config.context_length-4096__pipeline_config.raw_inference.completed_at-2026-09-27T13_39_04.730471_00_00,chronos2,multivariate,completed,0,0.6471586868124992,2.1707261241972446,1,1,1,900,900,900,0,1166184
selena_context_size_20260927T131553Z_36791,chronos2__model_config.context_length-1024__pipeline_config.raw_inference.completed_at-2026-09-27T13_45_50.102121_00_00,chronos2,multivariate,completed,0,0.6480619997383202,4.557175815105438,1,1,1,6480,6480,6480,0,2099520
selena_context_size_20260927T131553Z_36791,chronos2__model_config.context_length-8192__pipeline_config.raw_inference.completed_at-2026-09-26T15_44_50.763864_00_00,chronos2,multivariate,completed,0,0.6481012388791804,1.584635715931654,1,1,1,300,300,300,0,1166184
selena_context_size_20260927T131553Z_36791,chronos2__model_config.context_length-8192__pipeline_config.raw_inference.completed_at-2026-09-26T15_48_21.812438_00_00,chronos2,multivariate,completed,0,0.6481834190583823,30.978325570002198,1,1,1,6480,6480,6480,0,2099520
selena_context_size_20260927T131553Z_36791,ts_icl__model_config.context_length-2048__pipeline_config.raw_inference.completed_at-2026-09-27T14_01_44.532523_00_00,ts_icl,univariate,completed,0,0.6482183040413768,1.5682123713195324,1,1,1,175,175,175,0,113400
selena_context_size_20260927T131553Z_36791,chronos2__model_config.context_length-8192__pipeline_config.raw_inference.completed_at-2026-09-26T15_50_37.744630_00_00,chronos2,univariate,completed,0,0.6491778388804407,0.8312169946730137,1,1,1,175,175,175,0,113400
selena_context_size_20260927T131553Z_36791,chronos_bolt__model_config.context_length-256__pipeline_config.raw_inference.completed_at-2026-09-27T13_34_05.572527_00_00,chronos_bolt,univariate,completed,0,0.6501983768676504,0.2740479726344347,1,1,1,50,50,50,0,5400
selena_context_size_20260927T131553Z_36791,chronos2__model_config.context_length-4096__pipeline_config.raw_inference.completed_at-2026-09-27T13_43_48.408391_00_00,chronos2,univariate,completed,0,0.6504417690249725,0.4324882123619318,1,1,1,175,175,175,0,113400
selena_context_size_20260927T131553Z_36791,chronos2__model_config.context_length-8192__pipeline_config.raw_inference.completed_at-2026-09-26T15_44_48.299109_00_00,chronos2,multivariate,completed,0,0.650473103577329,4.344946587458253,1,1,1,900,900,900,0,1166184
selena_context_size_20260927T131553Z_36791,ts_icl__model_config.context_length-512__pipeline_config.raw_inference.completed_at-2026-09-27T13_57_40.622026_00_00,ts_icl,univariate,completed,0,0.6536805842854977,0.42474858462810516,1,1,1,175,175,175,0,113400
selena_context_size_20260927T131553Z_36791,chronos2__model_config.context_length-2048__pipeline_config.raw_inference.completed_at-2026-09-27T13_43_10.992727_00_00,chronos2,univariate,completed,0,0.6541288415067761,0.2691599540412426,1,1,1,175,175,175,0,113400
selena_context_size_20260927T131553Z_36791,ts_icl__model_config.context_length-2048__pipeline_config.raw_inference.completed_at-2026-09-27T14_05_23.606987_00_00,ts_icl,univariate,completed,0,0.6544555772972801,0.06967603042721748,1,1,1,4,4,4,0,24192
selena_context_size_20260927T131553Z_36791,chronos2__model_config.context_length-4096__pipeline_config.raw_inference.completed_at-2026-09-27T13_39_06.398629_00_00,chronos2,multivariate,completed,0,0.6562574692465443,0.7837383411824703,1,1,1,300,300,300,0,1166184
selena_context_size_20260927T131553Z_36791,chronos2__model_config.context_length-1024__pipeline_config.raw_inference.completed_at-2026-09-27T13_47_27.694130_00_00,chronos2,univariate,completed,0,0.6565739015966313,0.1843571774661541,1,1,1,175,175,175,0,113400
selena_context_size_20260927T131553Z_36791,chronos2__model_config.context_length-512__pipeline_config.raw_inference.completed_at-2026-09-27T13_47_15.763942_00_00,chronos2,multivariate,completed,0,0.6565887090426232,2.9992729239165783,1,1,1,6480,6480,6480,0,2099520
selena_context_size_20260927T131553Z_36791,chronos_bolt__model_config.context_length-128__pipeline_config.raw_inference.completed_at-2026-09-27T13_29_43.980712_00_00,chronos_bolt,univariate,completed,0,0.6584895266229774,0.3430780526250601,1,1,1,120,120,120,0,25920
selena_context_size_20260927T131553Z_36791,chronos_bolt__model_config.context_length-512__pipeline_config.raw_inference.completed_at-2026-09-27T14_59_17.335220_00_00,chronos_bolt,univariate,completed,0,0.659065275662169,0.6437712945044041,1,1,1,175,175,175,0,113400
selena_context_size_20260927T131553Z_36791,ts_icl__model_config.context_length-1024__pipeline_config.raw_inference.completed_at-2026-09-27T13_55_29.864993_00_00,ts_icl,univariate,completed,0,0.6608551487988937,26.369510477408767,1,1,1,6480,6480,6480,0,2099520
selena_context_size_20260927T131553Z_36791,chronos_bolt__model_config.context_length-1024__pipeline_config.raw_inference.completed_at-2026-09-27T13_23_39.638763_00_00,chronos_bolt,univariate,completed,0,0.6614527482007333,1.0110259894281626,1,1,1,175,175,175,0,113400
selena_context_size_20260927T131553Z_36791,ts_icl__model_config.context_length-4096__pipeline_config.raw_inference.completed_at-2026-09-26T16_21_01.989257_00_00,ts_icl,univariate,completed,0,0.661656463187085,60.45972050353885,1,1,1,2478,2478,2478,0,2115504
selena_context_size_20260927T131553Z_36791,ts_icl__model_config.context_length-2048__pipeline_config.raw_inference.completed_at-2026-09-27T14_05_13.213961_00_00,ts_icl,univariate,completed,0,0.6627950574813353,4.145065784454346,1,1,1,354,354,354,0,2115504
selena_context_size_20260927T131553Z_36791,ts_icl__model_config.context_length-4096__pipeline_config.raw_inference.completed_at-2026-09-26T16_21_30.587111_00_00,ts_icl,univariate,completed,0,0.6633874082354576,0.7406959868967533,1,1,1,31,31,31,0,26784
selena_context_size_20260927T131553Z_36791,ts_icl__model_config.context_length-2048__pipeline_config.raw_inference.completed_at-2026-09-27T13_58_55.740899_00_00,ts_icl,univariate,completed,0,0.6646391799035664,56.17023554444313,1,1,1,6480,6480,6480,0,2099520
selena_context_size_20260927T131553Z_36791,chronos_bolt__model_config.context_length-128__pipeline_config.raw_inference.completed_at-2026-09-27T13_26_39.371682_00_00,chronos_bolt,univariate,completed,0,0.6653015030083682,20.95185411721468,1,1,1,19440,19440,19440,0,1574640
selena_context_size_20260927T131553Z_36791,chronos2__model_config.context_length-4096__pipeline_config.raw_inference.completed_at-2026-09-27T13_40_50.125850_00_00,chronos2,multivariate,completed,0,0.6655405535984988,6.761834919452667,1,1,1,3528,3528,3528,0,762048
selena_context_size_20260927T131553Z_36791,chronos2__model_config.context_length-2048__pipeline_config.raw_inference.completed_at-2026-09-27T13_40_33.686433_00_00,chronos2,multivariate,completed,0,0.6656120961748913,4.54646959528327,1,1,1,3528,3528,3528,0,762048
selena_context_size_20260927T131553Z_36791,ts_icl__model_config.context_length-4096__pipeline_config.raw_inference.completed_at-2026-09-26T16_06_13.734355_00_00,ts_icl,univariate,completed,0,0.6662082656984116,154.89970768243074,1,1,1,6480,6480,6480,0,2099520
selena_context_size_20260927T131553Z_36791,chronos2__model_config.context_length-8192__pipeline_config.raw_inference.completed_at-2026-09-26T15_47_04.422482_00_00,chronos2,multivariate,completed,0,0.6662337992328787,7.23914753831923,1,1,1,3528,3528,3528,0,762048
selena_context_size_20260927T131553Z_36791,chronos2__model_config.context_length-1024__pipeline_config.raw_inference.completed_at-2026-09-27T13_48_36.544091_00_00,chronos2,univariate,completed,0,0.6683576099944045,0.01825072430074215,1,1,1,4,4,4,0,24192
selena_context_size_20260927T131553Z_36791,chronos2__model_config.context_length-4096__pipeline_config.raw_inference.completed_at-2026-09-27T13_43_47.455517_00_00,chronos2,univariate,completed,0,0.6688785779976755,1.5351990833878517,1,1,1,525,525,525,0,113400
selena_context_size_20260927T131553Z_36791,chronos_bolt__model_config.context_length-128__pipeline_config.raw_inference.completed_at-2026-09-27T13_30_19.268799_00_00,chronos_bolt,univariate,completed,0,0.6688805685282876,2.1285081487149,1,1,1,1680,1680,1680,0,362880
selena_context_size_20260927T131553Z_36791,chronos2__model_config.context_length-1024__pipeline_config.raw_inference.completed_at-2026-09-27T13_45_03.061855_00_00,chronos2,multivariate,completed,0,0.6693090293557461,2.4418620243668556,1,1,1,3528,3528,3528,0,762048
selena_context_size_20260927T131553Z_36791,ts_icl__model_config.context_length-2048__pipeline_config.raw_inference.completed_at-2026-09-27T14_01_42.211237_00_00,ts_icl,univariate,completed,0,0.6696635278731037,4.665388202294707,1,1,1,525,525,525,0,113400
selena_context_size_20260927T131553Z_36791,chronos_bolt__model_config.context_length-128__pipeline_config.raw_inference.completed_at-2026-09-27T13_32_26.244594_00_00,chronos_bolt,univariate,completed,0,0.6697676528869522,0.4726398680359125,1,1,1,237,237,240,0,27540
selena_context_size_20260927T131553Z_36791,ts_icl__model_config.context_length-4096__pipeline_config.raw_inference.completed_at-2026-09-26T16_12_23.199767_00_00,ts_icl,univariate,completed,0,0.6699718981086645,12.709033731371164,1,1,1,525,525,525,0,113400
selena_context_size_20260927T131553Z_36791,ts_icl__model_config.context_length-512__pipeline_config.raw_inference.completed_at-2026-09-27T13_56_15.234854_00_00,ts_icl,univariate,completed,0,0.670111398550586,14.784025797620416,1,1,1,6480,6480,6480,0,2099520
selena_context_size_20260927T131553Z_36791,chronos2__model_config.context_length-1024__pipeline_config.raw_inference.completed_at-2026-09-27T13_44_04.154683_00_00,chronos2,multivariate,completed,0,0.6705925408793783,0.6795480828732252,1,1,1,900,900,900,0,1166184
selena_context_size_20260927T131553Z_36791,chronos2__model_config.context_length-8192__pipeline_config.raw_inference.completed_at-2026-09-26T15_50_36.390851_00_00,chronos2,univariate,completed,0,0.6707122771675035,3.000778591260314,1,1,1,525,525,525,0,113400
selena_context_size_20260927T131553Z_36791,chronos_bolt__model_config.context_length-2048__pipeline_config.raw_inference.completed_at-2026-09-26T15_51_46.085598_00_00,chronos_bolt,univariate,completed,0,0.670873703116259,1.8267841301858425,1,1,1,175,175,175,0,113400
selena_context_size_20260927T131553Z_36791,chronos2__model_config.context_length-2048__pipeline_config.raw_inference.completed_at-2026-09-27T13_39_17.599760_00_00,chronos2,multivariate,completed,0,0.6709720987030287,0.4750718083232641,1,1,1,300,300,300,0,1166184
selena_context_size_20260927T131553Z_36791,ts_icl__model_config.context_length-2048__pipeline_config.raw_inference.completed_at-2026-09-27T14_05_23.130322_00_00,ts_icl,univariate,completed,0,0.671078235330365,0.28959335945546627,1,1,1,31,31,31,0,26784
selena_context_size_20260927T131553Z_36791,chronos_bolt__model_config.context_length-512__pipeline_config.raw_inference.completed_at-2026-09-27T13_21_38.755577_00_00,chronos_bolt,univariate,completed,0,0.6721076146309686,7.852211220189929,1,1,1,7200,7200,7200,0,1166184
selena_context_size_20260927T131553Z_36791,chronos_bolt__model_config.context_length-2048__pipeline_config.raw_inference.completed_at-2026-09-26T15_48_30.087755_00_00,chronos_bolt,univariate,completed,0,0.6721810773290682,10.092537354677916,1,1,1,6480,6480,6480,0,2099520
selena_context_size_20260927T131553Z_36791,chronos2__model_config.context_length-1024__pipeline_config.raw_inference.completed_at-2026-09-27T13_47_39.849433_00_00,chronos2,multivariate,completed,0,0.6724700265895841,0.30671440437436104,1,1,1,420,420,420,0,362880
selena_context_size_20260927T131553Z_36791,ts_icl__model_config.context_length-1024__pipeline_config.raw_inference.completed_at-2026-09-27T13_57_13.422400_00_00,ts_icl,univariate,completed,0,0.6728055634786694,2.071825500577688,1,1,1,525,525,525,0,113400
selena_context_size_20260927T131553Z_36791,chronos2__model_config.context_length-4096__pipeline_config.raw_inference.completed_at-2026-09-27T13_49_50.206054_00_00,chronos2,multivariate,completed,0,0.6738472678608677,24.578947745263577,1,1,1,8901,8901,8901,0,23071392
selena_context_size_20260927T131553Z_36791,ts_icl__model_config.context_length-2048__pipeline_config.raw_inference.completed_at-2026-09-27T13_57_30.539070_00_00,ts_icl,univariate,completed,0,0.673860575954162,3.684228152036667,1,1,1,252,252,252,0,762048
selena_context_size_20260927T131553Z_36791,chronos2__model_config.context_length-2048__pipeline_config.raw_inference.completed_at-2026-09-27T13_43_10.204461_00_00,chronos2,univariate,completed,0,0.6751412581034975,0.950148681178689,1,1,1,525,525,525,0,113400
selena_context_size_20260927T131553Z_36791,ts_icl__model_config.context_length-4096__pipeline_config.raw_inference.completed_at-2026-09-26T16_03_00.356111_00_00,ts_icl,univariate,completed,0,0.6754183863475475,6.513747241348028,1,1,1,252,252,252,0,762048
selena_context_size_20260927T131553Z_36791,chronos2__model_config.context_length-2048__pipeline_config.raw_inference.completed_at-2026-09-27T13_48_41.299824_00_00,chronos2,multivariate,completed,0,0.6758904297405476,14.1750094499439,1,1,1,8901,8901,8901,0,23071392
selena_context_size_20260927T131553Z_36791,chronos2__model_config.context_length-8192__pipeline_config.raw_inference.completed_at-2026-09-26T15_57_57.227203_00_00,chronos2,multivariate,completed,0,0.6758937981312688,44.5327014233917,1,1,1,8901,8901,8901,0,23071392
selena_context_size_20260927T131553Z_36791,chronos2__model_config.context_length-1024__pipeline_config.raw_inference.completed_at-2026-09-27T13_43_45.940943_00_00,chronos2,multivariate,completed,0,0.6759549118891665,0.07451827637851238,1,1,1,90,90,90,0,233280
selena_context_size_20260927T131553Z_36791,chronos2__model_config.context_length-512__pipeline_config.raw_inference.completed_at-2026-09-27T13_46_31.992764_00_00,chronos2,multivariate,completed,0,0.6761441311772912,0.22931555658578873,1,1,1,504,504,504,0,762048
selena_context_size_20260927T131553Z_36791,chronos2__model_config.context_length-512__pipeline_config.raw_inference.completed_at-2026-09-27T13_48_51.074588_00_00,chronos2,univariate,completed,0,0.6766278132092818,0.184271777048707,1,1,1,175,175,175,0,113400
selena_context_size_20260927T131553Z_36791,chronos_bolt__model_config.context_length-1024__pipeline_config.raw_inference.completed_at-2026-09-27T13_21_04.221617_00_00,chronos_bolt,univariate,completed,0,0.676701508713007,7.944204352796078,1,1,1,6480,6480,6480,0,2099520
selena_context_size_20260927T131553Z_36791,chronos_bolt__model_config.context_length-256__pipeline_config.raw_inference.completed_at-2026-09-27T13_29_17.577539_00_00,chronos_bolt,univariate,completed,0,0.6776531216600725,0.5447619464248419,1,1,1,175,175,175,0,113400
selena_context_size_20260927T131553Z_36791,chronos2__model_config.context_length-2048__pipeline_config.raw_inference.completed_at-2026-09-27T13_44_30.940079_00_00,chronos2,univariate,completed,0,0.6785900275008758,0.04954034648835659,1,1,1,31,31,31,0,26784
selena_context_size_20260927T131553Z_36791,chronos_bolt__model_config.context_length-512__pipeline_config.raw_inference.completed_at-2026-09-27T14_57_04.882582_00_00,chronos_bolt,univariate,completed,0,0.6791732019276778,7.141362331807613,1,1,1,6480,6480,6480,0,2099520
selena_context_size_20260927T131553Z_36791,chronos_bolt__model_config.context_length-1024__pipeline_config.raw_inference.completed_at-2026-09-27T13_24_57.734832_00_00,chronos_bolt,univariate,completed,0,0.6797430600625228,13.977745031937957,1,1,1,2478,2478,2478,0,2115504
selena_context_size_20260927T131553Z_36791,chronos_bolt__model_config.context_length-512__pipeline_config.raw_inference.completed_at-2026-09-27T14_59_16.391012_00_00,chronos_bolt,univariate,completed,0,0.679792322494584,0.7748287003487349,1,1,1,525,525,525,0,113400
selena_context_size_20260927T131553Z_36791,chronos_bolt__model_config.context_length-2048__pipeline_config.raw_inference.completed_at-2026-09-26T15_54_13.144229_00_00,chronos_bolt,univariate,completed,0,0.6801910086271843,0.40079152025282383,1,1,1,4,4,4,0,24192
selena_context_size_20260927T131553Z_36791,chronos2__model_config.context_length-4096__pipeline_config.raw_inference.completed_at-2026-09-27T13_45_28.076495_00_00,chronos2,univariate,completed,0,0.6805896566250417,0.08051898889243603,1,1,1,31,31,31,0,26784
selena_context_size_20260927T131553Z_36791,chronos2__model_config.context_length-512__pipeline_config.raw_inference.completed_at-2026-09-27T13_46_30.455490_00_00,chronos2,multivariate,completed,0,0.6814867381173317,1.3611244317144156,1,1,1,3528,3528,3528,0,762048
selena_context_size_20260927T131553Z_36791,ts_icl__model_config.context_length-512__pipeline_config.raw_inference.completed_at-2026-09-27T13_55_36.375462_00_00,ts_icl,univariate,completed,0,0.6818939602020679,1.302138639613986,1,1,1,504,504,504,0,762048
selena_context_size_20260927T131553Z_36791,chronos2__model_config.context_length-1024__pipeline_config.raw_inference.completed_at-2026-09-27T13_47_26.989557_00_00,chronos2,univariate,completed,0,0.6819913123918344,0.726962698623538,1,1,1,525,525,525,0,113400
selena_context_size_20260927T131553Z_36791,ts_icl__model_config.context_length-2048__pipeline_config.raw_inference.completed_at-2026-09-27T14_05_07.267812_00_00,ts_icl,univariate,completed,0,0.6820992390430017,22.94826021231711,1,1,1,2478,2478,2478,0,2115504
selena_context_size_20260927T131553Z_36791,chronos_bolt__model_config.context_length-1024__pipeline_config.raw_inference.completed_at-2026-09-27T13_26_23.339948_00_00,chronos_bolt,univariate,completed,0,0.6826992503251653,0.48223889246582985,1,1,1,237,237,240,0,27540
selena_context_size_20260927T131553Z_36791,chronos_bolt__model_config.context_length-2048__pipeline_config.raw_inference.completed_at-2026-09-26T15_55_07.075343_00_00,chronos_bolt,univariate,completed,0,0.6826992503251653,0.48335096053779125,1,1,1,237,237,240,0,27540
selena_context_size_20260927T131553Z_36791,chronos_bolt__model_config.context_length-256__pipeline_config.raw_inference.completed_at-2026-09-27T13_31_39.893106_00_00,chronos_bolt,univariate,completed,0,0.6826992503251653,0.482175474986434,1,1,1,237,237,240,0,27540
selena_context_size_20260927T131553Z_36791,chronos_bolt__model_config.context_length-512__pipeline_config.raw_inference.completed_at-2026-09-27T15_23_32.750605_00_00,chronos_bolt,univariate,completed,0,0.6826992503251653,0.5501916166394949,1,1,1,237,237,240,0,27540
selena_context_size_20260927T131553Z_36791,chronos2__model_config.context_length-4096__pipeline_config.raw_inference.completed_at-2026-09-27T13_40_53.681222_00_00,chronos2,multivariate,completed,0,0.6835316881458158,0.5706493072211742,1,1,1,252,252,252,0,762048
selena_context_size_20260927T131553Z_36791,chronos2__model_config.context_length-8192__pipeline_config.raw_inference.completed_at-2026-09-26T15_58_37.436343_00_00,chronos2,multivariate,completed,0,0.6838294889497023,22.43196304142475,1,1,1,4428,4428,4428,0,11477376
selena_context_size_20260927T131553Z_36791,chronos2__model_config.context_length-8192__pipeline_config.raw_inference.completed_at-2026-09-26T15_47_08.231485_00_00,chronos2,multivariate,completed,0,0.6840660462276843,0.6601189766079187,1,1,1,252,252,252,0,762048
selena_context_size_20260927T131553Z_36791,chronos_bolt__model_config.context_length-1024__pipeline_config.raw_inference.completed_at-2026-09-27T13_23_38.326092_00_00,chronos_bolt,univariate,completed,0,0.6841685070803015,0.8404288832098246,1,1,1,525,525,525,0,113400
selena_context_size_20260927T131553Z_36791,chronos2__model_config.context_length-4096__pipeline_config.raw_inference.completed_at-2026-09-27T13_50_19.347386_00_00,chronos2,multivariate,completed,0,0.6845484809687689,12.428139423951507,1,1,1,4428,4428,4428,0,11477376
selena_context_size_20260927T131553Z_36791,ts_icl__model_config.context_length-512__pipeline_config.raw_inference.completed_at-2026-09-27T13_57_39.466380_00_00,ts_icl,univariate,completed,0,0.6845999098755317,1.3518702816218138,1,1,1,525,525,525,0,113400
selena_context_size_20260927T131553Z_36791,ts_icl__model_config.context_length-1024__pipeline_config.raw_inference.completed_at-2026-09-27T13_54_39.801178_00_00,ts_icl,univariate,completed,0,0.6848203494653736,1.1991561762988567,1,1,1,252,252,252,0,762048
selena_context_size_20260927T131553Z_36791,chronos2__model_config.context_length-8192__pipeline_config.raw_inference.completed_at-2026-09-26T15_53_10.748185_00_00,chronos2,univariate,completed,0,0.685200749309695,0.1494110133498907,1,1,1,31,31,31,0,26784
selena_context_size_20260927T131553Z_36791,chronos2__model_config.context_length-1024__pipeline_config.raw_inference.completed_at-2026-09-27T13_52_37.635303_00_00,chronos2,multivariate,completed,0,0.6852260017166075,8.38722006417811,1,1,1,8901,8901,8901,0,23071392
selena_context_size_20260927T131553Z_36791,chronos_bolt__model_config.context_length-2048__pipeline_config.raw_inference.completed_at-2026-09-26T15_51_43.958774_00_00,chronos_bolt,univariate,completed,0,0.6904712642144776,1.0168719850480556,1,1,1,525,525,525,0,113400
selena_context_size_20260927T131553Z_36791,chronos2__model_config.context_length-4096__pipeline_config.raw_inference.completed_at-2026-09-27T13_45_40.748200_00_00,chronos2,multivariate,completed,0,0.6907909446775197,3.200995583087206,1,1,1,2376,2376,2376,0,641520
selena_context_size_20260927T131553Z_36791,chronos2__model_config.context_length-8192__pipeline_config.raw_inference.completed_at-2026-09-26T15_53_23.611682_00_00,chronos2,multivariate,completed,0,0.6907909446775197,3.217762650921941,1,1,1,2376,2376,2376,0,641520
selena_context_size_20260927T131553Z_36791,chronos2__model_config.context_length-2048__pipeline_config.raw_inference.completed_at-2026-09-27T13_44_43.497769_00_00,chronos2,multivariate,completed,0,0.6908485167916868,3.029401620849967,1,1,1,2376,2376,2376,0,641520
selena_context_size_20260927T131553Z_36791,chronos2__model_config.context_length-1024__pipeline_config.raw_inference.completed_at-2026-09-27T13_48_48.333697_00_00,chronos2,multivariate,completed,0,0.6921175798422293,1.9160809144377708,1,1,1,2376,2376,2376,0,641520
selena_context_size_20260927T131553Z_36791,chronos2__model_config.context_length-2048__pipeline_config.raw_inference.completed_at-2026-09-27T13_40_36.547939_00_00,chronos2,multivariate,completed,0,0.6924303164596882,0.33931356854736805,1,1,1,252,252,252,0,762048
selena_context_size_20260927T131553Z_36791,chronos2__model_config.context_length-512__pipeline_config.raw_inference.completed_at-2026-09-27T13_50_10.032911_00_00,chronos2,multivariate,completed,0,0.6928448579530573,1.388109227642417,1,1,1,2376,2376,2376,0,641520
selena_context_size_20260927T131553Z_36791,chronos2__model_config.context_length-2048__pipeline_config.raw_inference.completed_at-2026-09-27T13_49_04.547403_00_00,chronos2,multivariate,completed,0,0.6935398401868448,7.060622256249189,1,1,1,4428,4428,4428,0,11477376
selena_context_size_20260927T131553Z_36791,chronos_bolt__model_config.context_length-1024__pipeline_config.raw_inference.completed_at-2026-09-27T13_34_47.672030_00_00,chronos_bolt,univariate,completed,0,0.6940986491459387,1.9096038397401571,1,1,1,1404,1404,1404,0,606528
selena_context_size_20260927T131553Z_36791,chronos_bolt__model_config.context_length-2048__pipeline_config.raw_inference.completed_at-2026-09-26T15_54_26.337432_00_00,chronos_bolt,univariate,completed,0,0.6941910244863553,3.9558901842683554,1,1,1,2376,2376,2376,0,641520
selena_context_size_20260927T131553Z_36791,chronos_bolt__model_config.context_length-1024__pipeline_config.raw_inference.completed_at-2026-09-27T13_25_43.656030_00_00,chronos_bolt,univariate,completed,0,0.6944547857142777,3.0060690753161907,1,1,1,2376,2376,2376,0,641520
selena_context_size_20260927T131553Z_36791,chronos_bolt__model_config.context_length-2048__pipeline_config.raw_inference.completed_at-2026-09-26T16_07_11.019872_00_00,chronos_bolt,univariate,completed,0,0.6944620724708077,2.28006730414927,1,1,1,1404,1404,1404,0,606528
selena_context_size_20260927T131553Z_36791,chronos_bolt__model_config.context_length-512__pipeline_config.raw_inference.completed_at-2026-09-27T15_01_04.360407_00_00,chronos_bolt,univariate,completed,0,0.6953713888934226,2.7066233064979315,1,1,1,2376,2376,2376,0,641520
selena_context_size_20260927T131553Z_36791,ts_icl__model_config.context_length-4096__pipeline_config.raw_inference.completed_at-2026-09-26T16_22_17.175763_00_00,ts_icl,univariate,completed,0,0.6958850666729881,41.82253032922745,1,1,1,2376,2376,2376,0,641520
selena_context_size_20260927T131553Z_36791,ts_icl__model_config.context_length-2048__pipeline_config.raw_inference.completed_at-2026-09-27T14_06_09.425033_00_00,ts_icl,univariate,completed,0,0.695889914700346,41.503102511167526,1,1,1,2376,2376,2376,0,641520
selena_context_size_20260927T131553Z_36791,chronos2__model_config.context_length-512__pipeline_config.raw_inference.completed_at-2026-09-27T13_48_50.370656_00_00,chronos2,univariate,completed,0,0.6961173383433602,0.7256231885403395,1,1,1,525,525,525,0,113400
selena_context_size_20260927T131553Z_36791,chronos_bolt__model_config.context_length-512__pipeline_config.raw_inference.completed_at-2026-09-27T14_59_44.879204_00_00,chronos_bolt,univariate,completed,0,0.6963477621875608,0.8491310775279999,1,1,1,560,560,560,0,120960
selena_context_size_20260927T131553Z_36791,chronos_bolt__model_config.context_length-256__pipeline_config.raw_inference.completed_at-2026-09-27T13_29_16.732366_00_00,chronos_bolt,univariate,completed,0,0.6965503429496372,0.7799143008887768,1,1,1,525,525,525,0,113400
selena_context_size_20260927T131553Z_36791,ts_icl__model_config.context_length-512__pipeline_config.raw_inference.completed_at-2026-09-27T13_59_12.402528_00_00,ts_icl,univariate,completed,0,0.6971894444094804,5.402877574786544,1,1,1,2376,2376,2376,0,641520
selena_context_size_20260927T131553Z_36791,ts_icl__model_config.context_length-1024__pipeline_config.raw_inference.completed_at-2026-09-27T13_59_26.423460_00_00,ts_icl,univariate,completed,0,0.6974278444506665,8.755457470193505,1,1,1,2376,2376,2376,0,641520
selena_context_size_20260927T131553Z_36791,ts_icl__model_config.context_length-256__pipeline_config.raw_inference.completed_at-2026-09-27T15_07_47.900793_00_00,ts_icl,univariate,completed,0,0.6976116160900454,3.985845947638154,1,1,1,2376,2376,2376,0,641520
selena_context_size_20260927T131553Z_36791,chronos_bolt__model_config.context_length-256__pipeline_config.raw_inference.completed_at-2026-09-27T13_30_59.552776_00_00,chronos_bolt,univariate,completed,0,0.6983541205985863,2.7388152983039618,1,1,1,2376,2376,2376,0,641520
selena_context_size_20260927T131553Z_36791,ts_icl__model_config.context_length-512__pipeline_config.raw_inference.completed_at-2026-09-27T13_57_58.815260_00_00,ts_icl,univariate,completed,0,0.6986865814199805,1.4000399261713028,1,1,1,560,560,560,0,120960
selena_context_size_20260927T131553Z_36791,ts_icl__model_config.context_length-1024__pipeline_config.raw_inference.completed_at-2026-09-27T13_57_15.733022_00_00,ts_icl,univariate,completed,0,0.698989873600714,0.3481301758438349,1,1,1,75,75,75,0,113400
selena_context_size_20260927T131553Z_36791,chronos2__model_config.context_length-512__pipeline_config.raw_inference.completed_at-2026-09-27T13_49_58.602946_00_00,chronos2,univariate,completed,0,0.700518807506434,0.4684792160987854,1,1,1,186,186,186,0,26784
selena_context_size_20260927T131553Z_36791,chronos2__model_config.context_length-512__pipeline_config.raw_inference.completed_at-2026-09-27T13_48_51.539847_00_00,chronos2,univariate,completed,0,0.7011411552777816,0.09161053225398064,1,1,1,75,75,75,0,113400
selena_context_size_20260927T131553Z_36791,chronos2__model_config.context_length-8192__pipeline_config.raw_inference.completed_at-2026-09-26T15_50_38.490692_00_00,chronos2,univariate,completed,0,0.7012950561917676,0.3714833986014128,1,1,1,75,75,75,0,113400
selena_context_size_20260927T131553Z_36791,chronos2__model_config.context_length-8192__pipeline_config.raw_inference.completed_at-2026-09-26T15_59_16.297649_00_00,chronos2,multivariate,completed,0,0.7013424427645181,1.1435055248439312,1,1,1,210,210,216,0,80298
selena_context_size_20260927T131553Z_36791,chronos_bolt__model_config.context_length-1024__pipeline_config.raw_inference.completed_at-2026-09-27T13_25_31.381007_00_00,chronos_bolt,univariate,completed,0,0.7014927653669263,0.3113250080496073,1,1,1,4,4,4,0,24192
selena_context_size_20260927T131553Z_36791,ts_icl__model_config.context_length-1024__pipeline_config.raw_inference.completed_at-2026-09-27T13_59_57.707808_00_00,ts_icl,univariate,completed,0,0.7016418242507416,2.9265398383140564,1,1,1,237,237,240,0,27540
selena_context_size_20260927T131553Z_36791,ts_icl__model_config.context_length-2048__pipeline_config.raw_inference.completed_at-2026-09-27T14_06_41.114252_00_00,ts_icl,univariate,completed,0,0.7016418242507416,2.9641392566263676,1,1,1,237,237,240,0,27540
selena_context_size_20260927T131553Z_36791,ts_icl__model_config.context_length-256__pipeline_config.raw_inference.completed_at-2026-09-27T15_08_18.457491_00_00,ts_icl,univariate,completed,0,0.7016418242507416,2.96618165448308,1,1,1,237,237,240,0,27540
selena_context_size_20260927T131553Z_36791,ts_icl__model_config.context_length-4096__pipeline_config.raw_inference.completed_at-2026-09-26T16_22_49.277269_00_00,ts_icl,univariate,completed,0,0.7016418242507416,2.9371749740093946,1,1,1,237,237,240,0,27540
selena_context_size_20260927T131553Z_36791,ts_icl__model_config.context_length-512__pipeline_config.raw_inference.completed_at-2026-09-27T13_59_43.181919_00_00,ts_icl,univariate,completed,0,0.7016418242507416,2.9397427067160606,1,1,1,237,237,240,0,27540
selena_context_size_20260927T131553Z_36791,ts_icl__model_config.context_length-256__pipeline_config.raw_inference.completed_at-2026-09-27T15_05_09.070369_00_00,ts_icl,univariate,completed,0,0.7018243521538504,10.832495849579573,1,1,1,6480,6480,6480,0,2099520
selena_context_size_20260927T131553Z_36791,chronos_bolt__model_config.context_length-2048__pipeline_config.raw_inference.completed_at-2026-09-26T15_52_04.973736_00_00,chronos_bolt,univariate,completed,0,0.7018520607236205,4.3582125287503,1,1,1,420,420,420,0,362880
selena_context_size_20260927T131553Z_36791,chronos_bolt__model_config.context_length-128__pipeline_config.raw_inference.completed_at-2026-09-27T13_31_46.335312_00_00,chronos_bolt,univariate,completed,0,0.7021602817911315,2.7163937725126743,1,1,1,2376,2376,2376,0,641520
selena_context_size_20260927T131553Z_36791,chronos2__model_config.context_length-2048__pipeline_config.raw_inference.completed_at-2026-09-27T13_40_56.746644_00_00,chronos2,univariate,completed,0,0.7022839506160007,0.525176839902997,1,1,1,240,240,240,0,24129
selena_context_size_20260927T131553Z_36791,chronos2__model_config.context_length-4096__pipeline_config.raw_inference.completed_at-2026-09-27T13_50_56.686778_00_00,chronos2,multivariate,completed,0,0.7023649775137323,0.6373227369040251,1,1,1,210,210,216,0,80298
selena_context_size_20260927T131553Z_36791,chronos2__model_config.context_length-2048__pipeline_config.raw_inference.completed_at-2026-09-27T13_49_41.620011_00_00,chronos2,multivariate,completed,0,0.7034939770375065,0.42584486305713654,1,1,1,210,210,216,0,80298
selena_context_size_20260927T131553Z_36791,chronos2__model_config.context_length-2048__pipeline_config.raw_inference.completed_at-2026-09-27T13_38_53.544091_00_00,chronos2,multivariate,completed,0,0.7043950811490363,0.05023111030459404,1,1,1,30,30,30,0,233280
selena_context_size_20260927T131553Z_36791,chronos2__model_config.context_length-512__pipeline_config.raw_inference.completed_at-2026-09-27T13_45_40.829773_00_00,chronos2,multivariate,completed,0,0.704634290900865,0.42060238867998123,1,1,1,900,900,900,0,1166184
selena_context_size_20260927T131553Z_36791,ts_icl__model_config.context_length-4096__pipeline_config.raw_inference.completed_at-2026-09-26T16_12_30.492191_00_00,ts_icl,univariate,completed,0,0.7050545793716021,1.847748752683401,1,1,1,75,75,75,0,113400
selena_context_size_20260927T131553Z_36791,chronos2__model_config.context_length-2048__pipeline_config.raw_inference.completed_at-2026-09-27T13_43_35.842788_00_00,chronos2,multivariate,completed,0,0.7051149303482037,0.17172281257808208,1,1,1,140,140,140,0,120960
selena_context_size_20260927T131553Z_36791,ts_icl__model_config.context_length-1024__pipeline_config.raw_inference.completed_at-2026-09-27T13_54_34.138467_00_00,ts_icl,univariate,completed,0,0.7059401465651677,12.991071552038193,1,1,1,3528,3528,3528,0,762048
selena_context_size_20260927T131553Z_36791,ts_icl__model_config.context_length-4096__pipeline_config.raw_inference.completed_at-2026-09-26T16_29_13.775290_00_00,ts_icl,univariate,completed,0,0.7066270173338993,228.80527818202972,1,1,1,8901,8901,8901,0,23071392
selena_context_size_20260927T131553Z_36791,chronos2__model_config.context_length-2048__pipeline_config.raw_inference.completed_at-2026-09-27T13_49_31.268680_00_00,chronos2,multivariate,completed,0,0.7070750885992407,0.336949709802866,1,1,1,340,340,340,0,365850
selena_context_size_20260927T131553Z_36791,chronos2__model_config.context_length-4096__pipeline_config.raw_inference.completed_at-2026-09-27T13_50_46.185616_00_00,chronos2,multivariate,completed,0,0.7070750885992407,0.33974650874733925,1,1,1,340,340,340,0,365850
selena_context_size_20260927T131553Z_36791,chronos2__model_config.context_length-8192__pipeline_config.raw_inference.completed_at-2026-09-26T15_59_05.052734_00_00,chronos2,multivariate,completed,0,0.7070750885992407,0.3412276729941368,1,1,1,340,340,340,0,365850
selena_context_size_20260927T131553Z_36791,ts_icl__model_config.context_length-1024__pipeline_config.raw_inference.completed_at-2026-09-27T13_51_36.473954_00_00,ts_icl,univariate,completed,0,0.7072332799575193,0.44249727949500084,1,1,1,90,90,90,0,233280
selena_context_size_20260927T131553Z_36791,chronos2__model_config.context_length-1024__pipeline_config.raw_inference.completed_at-2026-09-27T13_53_23.489801_00_00,chronos2,multivariate,completed,0,0.7072875052934693,0.2566473186016083,1,1,1,340,340,340,0,365850
selena_context_size_20260927T131553Z_36791,chronos2__model_config.context_length-4096__pipeline_config.raw_inference.completed_at-2026-09-27T13_41_14.170307_00_00,chronos2,univariate,completed,0,0.7073094340427698,0.763494985178113,1,1,1,240,240,240,0,24129
selena_context_size_20260927T131553Z_36791,ts_icl__model_config.context_length-4096__pipeline_config.raw_inference.completed_at-2026-09-26T15_45_26.670824_00_00,ts_icl,univariate,completed,0,0.7076157858740267,2.2985218074172735,1,1,1,90,90,90,0,233280
selena_context_size_20260927T131553Z_36791,chronos2__model_config.context_length-4096__pipeline_config.raw_inference.completed_at-2026-09-27T13_44_17.029087_00_00,chronos2,multivariate,completed,0,0.7076172994095405,0.3210712671279907,1,1,1,140,140,140,0,120960
selena_context_size_20260927T131553Z_36791,chronos2__model_config.context_length-4096__pipeline_config.raw_inference.completed_at-2026-09-27T13_43_48.987284_00_00,chronos2,univariate,completed,0,0.707867476569173,0.20496642775833607,1,1,1,75,75,75,0,113400
selena_context_size_20260927T131553Z_36791,ts_icl__model_config.context_length-2048__pipeline_config.raw_inference.completed_at-2026-09-27T14_10_17.334503_00_00,ts_icl,univariate,completed,0,0.7079175836993643,86.94783109799027,1,1,1,8901,8901,8901,0,23071392
selena_context_size_20260927T131553Z_36791,ts_icl__model_config.context_length-2048__pipeline_config.raw_inference.completed_at-2026-09-27T14_12_24.652308_00_00,ts_icl,univariate,completed,0,0.7079806761832337,4.700878733769059,1,1,1,340,340,340,0,365850
selena_context_size_20260927T131553Z_36791,ts_icl__model_config.context_length-4096__pipeline_config.raw_inference.completed_at-2026-09-26T16_32_33.210606_00_00,ts_icl,univariate,completed,0,0.7079806761832337,4.724684810265899,1,1,1,340,340,340,0,365850
selena_context_size_20260927T131553Z_36791,chronos2__model_config.context_length-1024__pipeline_config.raw_inference.completed_at-2026-09-27T13_47_28.157472_00_00,chronos2,univariate,completed,0,0.7080208503781344,0.09192497842013836,1,1,1,75,75,75,0,113400
selena_context_size_20260927T131553Z_36791,chronos2__model_config.context_length-4096__pipeline_config.raw_inference.completed_at-2026-09-27T13_44_05.494006_00_00,chronos2,multivariate,completed,0,0.708089749752537,0.34513370506465435,1,1,1,140,140,140,0,362880
selena_context_size_20260927T131553Z_36791,chronos2__model_config.context_length-512__pipeline_config.raw_inference.completed_at-2026-09-27T13_54_40.793426_00_00,chronos2,multivariate,completed,0,0.7081696696822884,0.15988630056381226,1,1,1,340,340,340,0,365850
selena_context_size_20260927T131553Z_36791,chronos_bolt__model_config.context_length-512__pipeline_config.raw_inference.completed_at-2026-09-27T14_59_17.988680_00_00,chronos_bolt,univariate,completed,0,0.7082741547839143,0.5019554570317268,1,1,1,75,75,75,0,113400
selena_context_size_20260927T131553Z_36791,chronos_bolt__model_config.context_length-256__pipeline_config.raw_inference.completed_at-2026-09-27T13_27_12.612094_00_00,chronos_bolt,univariate,completed,0,0.7085424358383394,7.253913210704923,1,1,1,6480,6480,6480,0,2099520
selena_context_size_20260927T131553Z_36791,ts_icl__model_config.context_length-1024__pipeline_config.raw_inference.completed_at-2026-09-27T14_03_37.291357_00_00,ts_icl,univariate,completed,0,0.7086478135190402,1.2792634852230549,1,1,1,340,340,340,0,365850
selena_context_size_20260927T131553Z_36791,ts_icl__model_config.context_length-2048__pipeline_config.raw_inference.completed_at-2026-09-27T13_57_17.900193_00_00,ts_icl,univariate,completed,0,0.7088174247836508,41.38344041630626,1,1,1,3528,3528,3528,0,762048
selena_context_size_20260927T131553Z_36791,chronos2__model_config.context_length-512__pipeline_config.raw_inference.completed_at-2026-09-27T13_53_57.453857_00_00,chronos2,multivariate,completed,0,0.7089437784411851,5.96712464466691,1,1,1,8901,8901,8901,0,23071392
selena_context_size_20260927T131553Z_36791,chronos2__model_config.context_length-2048__pipeline_config.raw_inference.completed_at-2026-09-27T13_49_31.926309_00_00,chronos2,multivariate,completed,0,0.7094252865029487,0.20507215149700642,1,1,1,170,170,170,0,365850
selena_context_size_20260927T131553Z_36791,chronos2__model_config.context_length-4096__pipeline_config.raw_inference.completed_at-2026-09-27T13_50_46.847502_00_00,chronos2,multivariate,completed,0,0.7094252865029487,0.2067328318953514,1,1,1,170,170,170,0,365850
selena_context_size_20260927T131553Z_36791,chronos2__model_config.context_length-8192__pipeline_config.raw_inference.completed_at-2026-09-26T15_59_05.721714_00_00,chronos2,multivariate,completed,0,0.7094252865029487,0.21825782395899296,1,1,1,170,170,170,0,365850
selena_context_size_20260927T131553Z_36791,chronos_bolt__model_config.context_length-1024__pipeline_config.raw_inference.completed_at-2026-09-27T13_35_04.581731_00_00,chronos_bolt,univariate,completed,0,0.7095677788737706,3.496258396655321,1,1,1,340,340,340,0,365850
selena_context_size_20260927T131553Z_36791,ts_icl__model_config.context_length-2048__pipeline_config.raw_inference.completed_at-2026-09-27T14_01_45.750015_00_00,ts_icl,univariate,completed,0,0.7095750959802539,0.7007056474685669,1,1,1,75,75,75,0,113400
selena_context_size_20260927T131553Z_36791,ts_icl__model_config.context_length-1024__pipeline_config.raw_inference.completed_at-2026-09-27T14_02_27.203752_00_00,ts_icl,univariate,completed,0,0.7096872545209876,42.77591720223427,1,1,1,8901,8901,8901,0,23071392
selena_context_size_20260927T131553Z_36791,chronos2__model_config.context_length-1024__pipeline_config.raw_inference.completed_at-2026-09-27T13_45_25.411560_00_00,chronos2,univariate,completed,0,0.709695932628438,0.4551682695746422,1,1,1,240,240,240,0,24129
selena_context_size_20260927T131553Z_36791,ts_icl__model_config.context_length-512__pipeline_config.raw_inference.completed_at-2026-09-27T14_02_40.835140_00_00,ts_icl,univariate,completed,0,0.7097258752011031,0.9338578954339027,1,1,1,340,340,340,0,365850
selena_context_size_20260927T131553Z_36791,ts_icl__model_config.context_length-512__pipeline_config.raw_inference.completed_at-2026-09-27T13_57_41.323568_00_00,ts_icl,univariate,completed,0,0.7097626384089352,0.21611211821436882,1,1,1,75,75,75,0,113400
selena_context_size_20260927T131553Z_36791,chronos_bolt__model_config.context_length-2048__pipeline_config.raw_inference.completed_at-2026-09-26T16_07_30.046027_00_00,chronos_bolt,univariate,completed,0,0.7098197901935094,5.085257804021239,1,1,1,340,340,340,0,365850
selena_context_size_20260927T131553Z_36791,chronos2__model_config.context_length-1024__pipeline_config.raw_inference.completed_at-2026-09-27T13_53_24.124790_00_00,chronos2,multivariate,completed,0,0.7098343678302172,0.1797883938997984,1,1,1,170,170,170,0,365850
selena_context_size_20260927T131553Z_36791,ts_icl__model_config.context_length-2048__pipeline_config.raw_inference.completed_at-2026-09-27T14_12_27.606459_00_00,ts_icl,univariate,completed,0,0.710095187102008,2.303410416468978,1,1,1,170,170,170,0,365850
selena_context_size_20260927T131553Z_36791,ts_icl__model_config.context_length-4096__pipeline_config.raw_inference.completed_at-2026-09-26T16_32_36.167971_00_00,ts_icl,univariate,completed,0,0.710095187102008,2.3083442095667124,1,1,1,170,170,170,0,365850
selena_context_size_20260927T131553Z_36791,ts_icl__model_config.context_length-4096__pipeline_config.raw_inference.completed_at-2026-09-26T16_02_39.022288_00_00,ts_icl,univariate,completed,0,0.7101318565647288,86.37623649835587,1,1,1,3528,3528,3528,0,762048
selena_context_size_20260927T131553Z_36791,ts_icl__model_config.context_length-1024__pipeline_config.raw_inference.completed_at-2026-09-27T14_03_38.719449_00_00,ts_icl,univariate,completed,0,0.7107547495876723,0.7721416354179382,1,1,1,170,170,170,0,365850
selena_context_size_20260927T131553Z_36791,chronos2__model_config.context_length-512__pipeline_config.raw_inference.completed_at-2026-09-27T13_54_41.384943_00_00,chronos2,multivariate,completed,0,0.7108535694076678,0.13715254329144955,1,1,1,170,170,170,0,365850
selena_context_size_20260927T131553Z_36791,chronos_bolt__model_config.context_length-512__pipeline_config.raw_inference.completed_at-2026-09-27T15_30_25.451677_00_00,chronos_bolt,univariate,completed,0,0.7108888864064794,2.249887388199568,1,1,1,340,340,340,0,365850
selena_context_size_20260927T131553Z_36791,chronos2__model_config.context_length-2048__pipeline_config.raw_inference.completed_at-2026-09-27T13_43_11.493224_00_00,chronos2,univariate,completed,0,0.71119312494057,0.12820745632052422,1,1,1,75,75,75,0,113400
selena_context_size_20260927T131553Z_36791,chronos_bolt__model_config.context_length-128__pipeline_config.raw_inference.completed_at-2026-09-27T13_33_54.266043_00_00,chronos_bolt,univariate,completed,0,0.7115790712915706,0.24321225844323635,1,1,1,30,30,30,0,3240
selena_context_size_20260927T131553Z_36791,chronos2__model_config.context_length-1024__pipeline_config.raw_inference.completed_at-2026-09-27T13_53_33.678211_00_00,chronos2,multivariate,completed,0,0.7117577118338002,0.3093861769884825,1,1,1,210,210,216,0,80298
selena_context_size_20260927T131553Z_36791,chronos2__model_config.context_length-8192__pipeline_config.raw_inference.completed_at-2026-09-26T15_51_01.033165_00_00,chronos2,multivariate,completed,0,0.7117830610199366,0.6761443838477135,1,1,1,140,140,140,0,362880
selena_context_size_20260927T131553Z_36791,chronos_bolt__model_config.context_length-1024__pipeline_config.raw_inference.completed_at-2026-09-27T13_35_09.406385_00_00,chronos_bolt,univariate,completed,0,0.711940138126866,4.585964584723115,1,1,1,170,170,170,0,365850
selena_context_size_20260927T131553Z_36791,ts_icl__model_config.context_length-512__pipeline_config.raw_inference.completed_at-2026-09-27T14_02_42.037935_00_00,ts_icl,univariate,completed,0,0.7120777401918272,0.5467697158455849,1,1,1,170,170,170,0,365850
selena_context_size_20260927T131553Z_36791,chronos_bolt__model_config.context_length-2048__pipeline_config.raw_inference.completed_at-2026-09-26T16_07_36.052058_00_00,chronos_bolt,univariate,completed,0,0.7121321366047616,5.767583016306162,1,1,1,170,170,170,0,365850
selena_context_size_20260927T131553Z_36791,ts_icl__model_config.context_length-1024__pipeline_config.raw_inference.completed_at-2026-09-27T13_57_29.532203_00_00,ts_icl,univariate,completed,0,0.7122498874961075,1.832991037517786,1,1,1,420,420,420,0,362880
selena_context_size_20260927T131553Z_36791,ts_icl__model_config.context_length-256__pipeline_config.raw_inference.completed_at-2026-09-27T15_11_00.094782_00_00,ts_icl,univariate,completed,0,0.7122972870572738,0.7870780862867832,1,1,1,340,340,340,0,365850
selena_context_size_20260927T131553Z_36791,chronos2__model_config.context_length-2048__pipeline_config.raw_inference.completed_at-2026-09-27T13_49_29.997213_00_00,chronos2,multivariate,completed,0,0.7123756061122287,2.440098140388727,1,1,1,2380,2380,2380,0,365850
selena_context_size_20260927T131553Z_36791,chronos2__model_config.context_length-4096__pipeline_config.raw_inference.completed_at-2026-09-27T13_50_44.906560_00_00,chronos2,multivariate,completed,0,0.7123756061122287,2.462526189163327,1,1,1,2380,2380,2380,0,365850
selena_context_size_20260927T131553Z_36791,chronos2__model_config.context_length-8192__pipeline_config.raw_inference.completed_at-2026-09-26T15_59_03.772445_00_00,chronos2,multivariate,completed,0,0.7123756061122287,2.655595652759075,1,1,1,2380,2380,2380,0,365850
selena_context_size_20260927T131553Z_36791,chronos_bolt__model_config.context_length-256__pipeline_config.raw_inference.completed_at-2026-09-27T13_24_42.806008_00_00,chronos_bolt,univariate,completed,0,0.7125207844821257,7.791486471891403,1,1,1,7200,7200,7200,0,1166184
selena_context_size_20260927T131553Z_36791,chronos2__model_config.context_length-1024__pipeline_config.raw_inference.completed_at-2026-09-27T13_53_22.292981_00_00,chronos2,multivariate,completed,0,0.7127784053764579,1.5006525348871946,1,1,1,2380,2380,2380,0,365850
selena_context_size_20260927T131553Z_36791,ts_icl__model_config.context_length-1024__pipeline_config.raw_inference.completed_at-2026-09-27T14_00_46.657036_00_00,ts_icl,univariate,completed,0,0.7128331815407766,0.517662338912487,1,1,1,30,30,30,0,3240
selena_context_size_20260927T131553Z_36791,ts_icl__model_config.context_length-2048__pipeline_config.raw_inference.completed_at-2026-09-27T14_07_38.540922_00_00,ts_icl,univariate,completed,0,0.7128331815407766,0.5302619207650423,1,1,1,30,30,30,0,3240
selena_context_size_20260927T131553Z_36791,ts_icl__model_config.context_length-4096__pipeline_config.raw_inference.completed_at-2026-09-26T16_24_13.471230_00_00,ts_icl,univariate,completed,0,0.7128331815407766,0.5505684707313776,1,1,1,30,30,30,0,3240
selena_context_size_20260927T131553Z_36791,ts_icl__model_config.context_length-512__pipeline_config.raw_inference.completed_at-2026-09-27T14_00_29.930066_00_00,ts_icl,univariate,completed,0,0.7128331815407766,0.5543703623116016,1,1,1,30,30,30,0,3240
selena_context_size_20260927T131553Z_36791,chronos_bolt__model_config.context_length-512__pipeline_config.raw_inference.completed_at-2026-09-27T15_30_28.579526_00_00,chronos_bolt,univariate,completed,0,0.7129155164832321,2.8880250100046396,1,1,1,170,170,170,0,365850
selena_context_size_20260927T131553Z_36791,chronos_bolt__model_config.context_length-256__pipeline_config.raw_inference.completed_at-2026-09-27T13_37_40.234560_00_00,chronos_bolt,univariate,completed,0,0.7131868520002828,1.6870720405131578,1,1,1,340,340,340,0,365850
selena_context_size_20260927T131553Z_36791,ts_icl__model_config.context_length-2048__pipeline_config.raw_inference.completed_at-2026-09-27T14_12_18.773443_00_00,ts_icl,univariate,completed,0,0.7132034589157052,32.77084722928703,1,1,1,2380,2380,2380,0,365850
selena_context_size_20260927T131553Z_36791,ts_icl__model_config.context_length-4096__pipeline_config.raw_inference.completed_at-2026-09-26T16_32_27.329224_00_00,ts_icl,univariate,completed,0,0.7132034589157052,32.867394868284464,1,1,1,2380,2380,2380,0,365850
selena_context_size_20260927T131553Z_36791,ts_icl__model_config.context_length-1024__pipeline_config.raw_inference.completed_at-2026-09-27T13_59_06.498707_00_00,ts_icl,univariate,completed,0,0.713245145611371,2.3129899837076664,1,1,1,354,354,354,0,2115504
selena_context_size_20260927T131553Z_36791,ts_icl__model_config.context_length-512__pipeline_config.raw_inference.completed_at-2026-09-27T13_55_33.551552_00_00,ts_icl,univariate,completed,0,0.7134812847058648,7.960464842617512,1,1,1,3528,3528,3528,0,762048
selena_context_size_20260927T131553Z_36791,chronos2__model_config.context_length-512__pipeline_config.raw_inference.completed_at-2026-09-27T13_54_39.696006_00_00,chronos2,multivariate,completed,0,0.7136370066390088,0.9377275016158819,1,1,1,2380,2380,2380,0,365850
selena_context_size_20260927T131553Z_36791,ts_icl__model_config.context_length-4096__pipeline_config.raw_inference.completed_at-2026-09-26T16_13_53.280812_00_00,ts_icl,univariate,completed,0,0.7136923457696206,3.3829814791679382,1,1,1,140,140,140,0,120960
selena_context_size_20260927T131553Z_36791,ts_icl__model_config.context_length-1024__pipeline_config.raw_inference.completed_at-2026-09-27T14_03_34.754787_00_00,ts_icl,univariate,completed,0,0.713710654677539,8.289793979376554,1,1,1,2380,2380,2380,0,365850
selena_context_size_20260927T131553Z_36791,ts_icl__model_config.context_length-1024__pipeline_config.raw_inference.completed_at-2026-09-27T13_54_51.585653_00_00,ts_icl,univariate,completed,0,0.7140362170287119,1.0874519497156143,1,1,1,240,240,240,0,24129
selena_context_size_20260927T131553Z_36791,ts_icl__model_config.context_length-256__pipeline_config.raw_inference.completed_at-2026-09-27T15_06_26.415184_00_00,ts_icl,univariate,completed,0,0.7147891510109681,0.3225046582520008,1,1,1,175,175,175,0,113400
selena_context_size_20260927T131553Z_36791,chronos2__model_config.context_length-8192__pipeline_config.raw_inference.completed_at-2026-09-26T15_47_29.958670_00_00,chronos2,univariate,completed,0,0.7148483192029693,1.3313274756073952,1,1,1,240,240,240,0,24129
selena_context_size_20260927T131553Z_36791,ts_icl__model_config.context_length-512__pipeline_config.raw_inference.completed_at-2026-09-27T14_02_38.730586_00_00,ts_icl,univariate,completed,0,0.7148989346935604,5.789191102609038,1,1,1,2380,2380,2380,0,365850
selena_context_size_20260927T131553Z_36791,ts_icl__model_config.context_length-256__pipeline_config.raw_inference.completed_at-2026-09-27T15_11_01.193693_00_00,ts_icl,univariate,completed,0,0.7150432896609967,0.4479478243738413,1,1,1,170,170,170,0,365850
selena_context_size_20260927T131553Z_36791,ts_icl__model_config.context_length-2048__pipeline_config.raw_inference.completed_at-2026-09-27T14_02_23.342021_00_00,ts_icl,univariate,completed,0,0.7151003633852894,1.2822833396494389,1,1,1,140,140,140,0,120960
selena_context_size_20260927T131553Z_36791,chronos2__model_config.context_length-4096__pipeline_config.raw_inference.completed_at-2026-09-27T13_40_30.519117_00_00,chronos2,multivariate,completed,0,0.7153573605577106,5.700005551800132,1,1,1,2430,2430,2430,0,1574640
selena_context_size_20260927T131553Z_36791,ts_icl__model_config.context_length-512__pipeline_config.raw_inference.completed_at-2026-09-27T14_01_53.026296_00_00,ts_icl,univariate,completed,0,0.715456793109324,26.941900687292218,1,1,1,8901,8901,8901,0,23071392
selena_context_size_20260927T131553Z_36791,chronos2__model_config.context_length-1024__pipeline_config.raw_inference.completed_at-2026-09-27T13_44_05.374328_00_00,chronos2,multivariate,completed,0,0.7155818339949878,0.344091784209013,1,1,1,300,300,300,0,1166184
selena_context_size_20260927T131553Z_36791,chronos2__model_config.context_length-8192__pipeline_config.raw_inference.completed_at-2026-09-26T15_51_14.853419_00_00,chronos2,multivariate,completed,0,0.7156200869243586,0.6471758801490068,1,1,1,140,140,140,0,120960
selena_context_size_20260927T131553Z_36791,chronos_bolt__model_config.context_length-256__pipeline_config.raw_inference.completed_at-2026-09-27T13_37_42.479971_00_00,chronos_bolt,univariate,completed,0,0.7159643902126147,2.0040167700499296,1,1,1,170,170,170,0,365850
selena_context_size_20260927T131553Z_36791,chronos_bolt__model_config.context_length-256__pipeline_config.raw_inference.completed_at-2026-09-27T13_29_18.112495_00_00,chronos_bolt,univariate,completed,0,0.7160421332837814,0.3822655100375414,1,1,1,75,75,75,0,113400
selena_context_size_20260927T131553Z_36791,chronos_bolt__model_config.context_length-128__pipeline_config.raw_inference.completed_at-2026-09-27T13_25_04.829539_00_00,chronos_bolt,univariate,completed,0,0.7169614000967981,4.544233925640583,1,1,1,3780,3780,3780,0,544158
selena_context_size_20260927T131553Z_36791,chronos2__model_config.context_length-8192__pipeline_config.raw_inference.completed_at-2026-09-26T15_46_42.608244_00_00,chronos2,multivariate,completed,0,0.7171297699160067,9.41227262839675,1,1,1,2430,2430,2430,0,1574640
selena_context_size_20260927T131553Z_36791,chronos_bolt__model_config.context_length-1024__pipeline_config.raw_inference.completed_at-2026-09-27T13_35_00.354156_00_00,chronos_bolt,univariate,completed,0,0.7171482832890561,3.005122359842062,1,1,1,2380,2380,2380,0,365850
selena_context_size_20260927T131553Z_36791,ts_icl__model_config.context_length-512__pipeline_config.raw_inference.completed_at-2026-09-27T13_55_48.904030_00_00,ts_icl,univariate,completed,0,0.7175098578086108,0.7195194717496634,1,1,1,240,240,240,0,24129
selena_context_size_20260927T131553Z_36791,chronos_bolt__model_config.context_length-2048__pipeline_config.raw_inference.completed_at-2026-09-26T16_07_24.222941_00_00,chronos_bolt,univariate,completed,0,0.7175807147285476,3.5580036360770464,1,1,1,2380,2380,2380,0,365850
selena_context_size_20260927T131553Z_36791,ts_icl__model_config.context_length-256__pipeline_config.raw_inference.completed_at-2026-09-27T15_10_58.141942_00_00,ts_icl,univariate,completed,0,0.7177839179360745,4.881478996947408,1,1,1,2380,2380,2380,0,365850
selena_context_size_20260927T131553Z_36791,chronos2__model_config.context_length-2048__pipeline_config.raw_inference.completed_at-2026-09-27T13_41_57.682860_00_00,chronos2,multivariate,completed,0,0.718094712174843,0.05686277337372303,1,1,1,45,45,45,0,29160
selena_context_size_20260927T131553Z_36791,ts_icl__model_config.context_length-256__pipeline_config.raw_inference.completed_at-2026-09-27T15_10_48.672800_00_00,ts_icl,univariate,completed,0,0.7181840728845793,2.4298321157693863,1,1,1,1404,1404,1404,0,606528
selena_context_size_20260927T131553Z_36791,chronos_bolt__model_config.context_length-512__pipeline_config.raw_inference.completed_at-2026-09-27T15_30_22.454151_00_00,chronos_bolt,univariate,completed,0,0.7182174657126856,2.699529943987727,1,1,1,2380,2380,2380,0,365850
selena_context_size_20260927T131553Z_36791,ts_icl__model_config.context_length-2048__pipeline_config.raw_inference.completed_at-2026-09-27T13_57_46.135871_00_00,ts_icl,univariate,completed,0,0.7184932990487277,2.148610021919012,1,1,1,240,240,240,0,24129
selena_context_size_20260927T131553Z_36791,chronos_bolt__model_config.context_length-512__pipeline_config.raw_inference.completed_at-2026-09-27T15_30_10.053200_00_00,chronos_bolt,univariate,completed,0,0.7185140995487872,1.7273340038955212,1,1,1,1404,1404,1404,0,606528
selena_context_size_20260927T131553Z_36791,chronos2__model_config.context_length-2048__pipeline_config.raw_inference.completed_at-2026-09-27T13_40_17.141749_00_00,chronos2,multivariate,completed,0,0.7185481899130675,3.122912550345063,1,1,1,2430,2430,2430,0,1574640
selena_context_size_20260927T131553Z_36791,chronos2__model_config.context_length-1024__pipeline_config.raw_inference.completed_at-2026-09-27T13_52_58.146166_00_00,chronos2,multivariate,completed,0,0.7186707591165806,4.277916459366679,1,1,1,4428,4428,4428,0,11477376
selena_context_size_20260927T131553Z_36791,chronos2__model_config.context_length-1024__pipeline_config.raw_inference.completed_at-2026-09-27T13_45_05.494612_00_00,chronos2,multivariate,completed,0,0.7187399739280866,0.20675129629671574,1,1,1,252,252,252,0,762048
selena_context_size_20260927T131553Z_36791,chronos_bolt__model_config.context_length-256__pipeline_config.raw_inference.completed_at-2026-09-27T13_37_37.791210_00_00,chronos_bolt,univariate,completed,0,0.7204974598056781,2.7112518548965454,1,1,1,2380,2380,2380,0,365850
selena_context_size_20260927T131553Z_36791,chronos2__model_config.context_length-2048__pipeline_config.raw_inference.completed_at-2026-09-27T13_43_25.160194_00_00,chronos2,multivariate,completed,0,0.7207643824436537,0.19173427484929562,1,1,1,140,140,140,0,362880
selena_context_size_20260927T131553Z_36791,ts_icl__model_config.context_length-256__pipeline_config.raw_inference.completed_at-2026-09-27T15_09_02.844643_00_00,ts_icl,univariate,completed,0,0.7207678896044619,0.2167909312993288,1,1,1,30,30,30,0,3240
selena_context_size_20260927T131553Z_36791,ts_icl__model_config.context_length-256__pipeline_config.raw_inference.completed_at-2026-09-27T15_04_46.791886_00_00,ts_icl,univariate,completed,0,0.7221840620966525,0.6617840453982353,1,1,1,240,240,240,0,24129
selena_context_size_20260927T131553Z_36791,chronos2__model_config.context_length-512__pipeline_config.raw_inference.completed_at-2026-09-27T13_54_50.823961_00_00,chronos2,multivariate,completed,0,0.7222563286855702,0.25136671029031277,1,1,1,210,210,216,0,80298
selena_context_size_20260927T131553Z_36791,ts_icl__model_config.context_length-1024__pipeline_config.raw_inference.completed_at-2026-09-27T13_57_39.300487_00_00,ts_icl,univariate,completed,0,0.7224375507215773,0.6317133828997612,1,1,1,140,140,140,0,120960
selena_context_size_20260927T131553Z_36791,chronos_bolt__model_config.context_length-256__pipeline_config.raw_inference.completed_at-2026-09-27T13_33_08.091737_00_00,chronos_bolt,univariate,completed,0,0.7236625311832217,0.23878882266581059,1,1,1,30,30,30,0,3240
selena_context_size_20260927T131553Z_36791,ts_icl__model_config.context_length-4096__pipeline_config.raw_inference.completed_at-2026-09-26T16_03_22.385156_00_00,ts_icl,univariate,completed,0,0.723784866365089,5.800372153520584,1,1,1,240,240,240,0,24129
selena_context_size_20260927T131553Z_36791,chronos2__model_config.context_length-512__pipeline_config.raw_inference.completed_at-2026-09-27T13_45_41.996199_00_00,chronos2,multivariate,completed,0,0.7250765774539574,0.27961030416190624,1,1,1,300,300,300,0,1166184
selena_context_size_20260927T131553Z_36791,ts_icl__model_config.context_length-256__pipeline_config.raw_inference.completed_at-2026-09-27T15_06_25.360014_00_00,ts_icl,univariate,completed,0,0.7258016325547606,1.0164293386042118,1,1,1,525,525,525,0,113400
selena_context_size_20260927T131553Z_36791,ts_icl__model_config.context_length-1024__pipeline_config.raw_inference.completed_at-2026-09-27T13_59_02.357975_00_00,ts_icl,univariate,completed,0,0.7265462270760396,11.656889555975795,1,1,1,2478,2478,2478,0,2115504
selena_context_size_20260927T131553Z_36791,chronos_bolt__model_config.context_length-128__pipeline_config.raw_inference.completed_at-2026-09-27T13_38_06.478076_00_00,chronos_bolt,univariate,completed,0,0.727067347312689,1.466819416731596,1,1,1,340,340,340,0,365850
selena_context_size_20260927T131553Z_36791,chronos2__model_config.context_length-4096__pipeline_config.raw_inference.completed_at-2026-09-27T13_39_26.275870_00_00,chronos2,multivariate,completed,0,0.7284394831936158,1.0441776234656572,1,1,1,450,450,450,0,388800
selena_context_size_20260927T131553Z_36791,chronos_bolt__model_config.context_length-128__pipeline_config.raw_inference.completed_at-2026-09-27T13_38_08.448004_00_00,chronos_bolt,univariate,completed,0,0.7290895725085407,1.7284492794424295,1,1,1,170,170,170,0,365850
selena_context_size_20260927T131553Z_36791,chronos_bolt__model_config.context_length-1024__pipeline_config.raw_inference.completed_at-2026-09-27T13_27_53.528895_00_00,chronos_bolt,univariate,completed,0,0.7291603173969096,0.24987133778631687,1,1,1,30,30,30,0,3240
selena_context_size_20260927T131553Z_36791,chronos_bolt__model_config.context_length-2048__pipeline_config.raw_inference.completed_at-2026-09-26T15_56_36.189832_00_00,chronos_bolt,univariate,completed,0,0.7291603173969096,0.3622156959027052,1,1,1,30,30,30,0,3240
selena_context_size_20260927T131553Z_36791,chronos_bolt__model_config.context_length-512__pipeline_config.raw_inference.completed_at-2026-09-27T15_25_01.958010_00_00,chronos_bolt,univariate,completed,0,0.7291603173969096,0.2528922986239195,1,1,1,30,30,30,0,3240
selena_context_size_20260927T131553Z_36791,ts_icl__model_config.context_length-2048__pipeline_config.raw_inference.completed_at-2026-09-27T13_50_49.725347_00_00,ts_icl,univariate,completed,0,0.7293461596955019,0.8668331131339073,1,1,1,90,90,90,0,233280
selena_context_size_20260927T131553Z_36791,chronos2__model_config.context_length-8192__pipeline_config.raw_inference.completed_at-2026-09-26T15_45_15.327163_00_00,chronos2,multivariate,completed,0,0.7296279661124532,1.714488673955202,1,1,1,450,450,450,0,388800
selena_context_size_20260927T131553Z_36791,chronos_bolt__model_config.context_length-128__pipeline_config.raw_inference.completed_at-2026-09-27T13_38_04.269545_00_00,chronos_bolt,univariate,completed,0,0.7297384614734356,2.7546626925468445,1,1,1,2380,2380,2380,0,365850
selena_context_size_20260927T131553Z_36791,ts_icl__model_config.context_length-256__pipeline_config.raw_inference.completed_at-2026-09-27T15_10_17.604085_00_00,ts_icl,univariate,completed,0,0.7307668767773171,21.146446388214827,1,1,1,8901,8901,8901,0,23071392
selena_context_size_20260927T131553Z_36791,ts_icl__model_config.context_length-4096__pipeline_config.raw_inference.completed_at-2026-09-26T16_31_21.980707_00_00,ts_icl,univariate,completed,0,0.7308529596013804,114.0537664052099,1,1,1,4428,4428,4428,0,11477376
selena_context_size_20260927T131553Z_36791,chronos_bolt__model_config.context_length-2048__pipeline_config.raw_inference.completed_at-2026-09-26T15_47_59.276103_00_00,chronos_bolt,univariate,completed,0,0.732881912033338,0.5769863706082106,1,1,1,240,240,240,0,24129
selena_context_size_20260927T131553Z_36791,chronos2__model_config.context_length-2048__pipeline_config.raw_inference.completed_at-2026-09-27T13_39_33.590994_00_00,chronos2,multivariate,completed,0,0.732962930126868,0.5569209773093462,1,1,1,450,450,450,0,388800
selena_context_size_20260927T131553Z_36791,chronos2__model_config.context_length-512__pipeline_config.raw_inference.completed_at-2026-09-27T13_46_52.536311_00_00,chronos2,univariate,completed,0,0.7331816150615947,0.43311725184321404,1,1,1,240,240,240,0,24129
selena_context_size_20260927T131553Z_36791,ts_icl__model_config.context_length-1024__pipeline_config.raw_inference.completed_at-2026-09-27T13_59_13.423776_00_00,ts_icl,univariate,completed,0,0.733231571780984,0.04929291643202305,1,1,1,4,4,4,0,24192
selena_context_size_20260927T131553Z_36791,chronos_bolt__model_config.context_length-1024__pipeline_config.raw_inference.completed_at-2026-09-27T13_23_40.570065_00_00,chronos_bolt,univariate,completed,0,0.7333805498507026,0.7777055259793997,1,1,1,75,75,75,0,113400
selena_context_size_20260927T131553Z_36791,chronos2__model_config.context_length-512__pipeline_config.raw_inference.completed_at-2026-09-27T13_49_48.211369_00_00,chronos2,univariate,completed,0,0.7336785338715386,0.6352510396391153,1,1,1,354,354,354,0,2115504
selena_context_size_20260927T131553Z_36791,chronos_bolt__model_config.context_length-1024__pipeline_config.raw_inference.completed_at-2026-09-27T13_25_20.591214_00_00,chronos_bolt,univariate,completed,0,0.7348576687596442,21.400595104321837,1,1,1,354,354,354,0,2115504
selena_context_size_20260927T131553Z_36791,chronos2__model_config.context_length-4096__pipeline_config.raw_inference.completed_at-2026-09-27T13_39_27.120786_00_00,chronos2,multivariate,completed,0,0.7350093640276211,0.3550296127796173,1,1,1,150,150,150,0,388800
selena_context_size_20260927T131553Z_36791,chronos_bolt__model_config.context_length-1024__pipeline_config.raw_inference.completed_at-2026-09-27T13_20_35.416136_00_00,chronos_bolt,univariate,completed,0,0.7356413058221416,0.48381638526916504,1,1,1,240,240,240,0,24129
selena_context_size_20260927T131553Z_36791,ts_icl__model_config.context_length-512__pipeline_config.raw_inference.completed_at-2026-09-27T13_55_37.897978_00_00,ts_icl,univariate,completed,0,0.7356629985081733,0.764944376423955,1,1,1,252,252,252,0,762048
selena_context_size_20260927T131553Z_36791,chronos2__model_config.context_length-4096__pipeline_config.raw_inference.completed_at-2026-09-27T13_42_27.536214_00_00,chronos2,multivariate,completed,0,0.7359109906263462,0.11024022847414017,1,1,1,45,45,45,0,29160
selena_context_size_20260927T131553Z_36791,chronos_bolt__model_config.context_length-256__pipeline_config.raw_inference.completed_at-2026-09-27T13_30_36.655614_00_00,chronos_bolt,univariate,completed,0,0.7360430677462518,10.567607102915645,1,1,1,354,354,354,0,2115504
selena_context_size_20260927T131553Z_36791,chronos_bolt__model_config.context_length-2048__pipeline_config.raw_inference.completed_at-2026-09-26T15_51_47.690968_00_00,chronos_bolt,univariate,completed,0,0.7364754365092334,1.4523073974996805,1,1,1,75,75,75,0,113400
selena_context_size_20260927T131553Z_36791,chronos2__model_config.context_length-512__pipeline_config.raw_inference.completed_at-2026-09-27T13_49_02.707518_00_00,chronos2,multivariate,completed,0,0.736498286586674,0.17616077698767185,1,1,1,420,420,420,0,362880
selena_context_size_20260927T131553Z_36791,ts_icl__model_config.context_length-2048__pipeline_config.raw_inference.completed_at-2026-09-27T14_11_11.828953_00_00,ts_icl,univariate,completed,0,0.7366188181254977,43.305719539523125,1,1,1,4428,4428,4428,0,11477376
selena_context_size_20260927T131553Z_36791,ts_icl__model_config.context_length-4096__pipeline_config.raw_inference.completed_at-2026-09-26T16_32_44.445985_00_00,ts_icl,univariate,completed,0,0.7374742035443024,3.99725404381752,1,1,1,210,210,216,0,80298
selena_context_size_20260927T131553Z_36791,chronos_bolt__model_config.context_length-256__pipeline_config.raw_inference.completed_at-2026-09-27T13_26_45.150388_00_00,chronos_bolt,univariate,completed,0,0.7375083719952269,0.4581526964902878,1,1,1,240,240,240,0,24129
selena_context_size_20260927T131553Z_36791,ts_icl__model_config.context_length-1024__pipeline_config.raw_inference.completed_at-2026-09-27T13_54_46.354726_00_00,ts_icl,univariate,completed,0,0.7378916444351804,0.07224429026246071,1,1,1,10,10,10,0,25875
selena_context_size_20260927T131553Z_36791,ts_icl__model_config.context_length-2048__pipeline_config.raw_inference.completed_at-2026-09-27T14_12_34.067338_00_00,ts_icl,univariate,completed,0,0.7381548394556747,1.8773309234529734,1,1,1,210,210,216,0,80298
selena_context_size_20260927T131553Z_36791,chronos2__model_config.context_length-8192__pipeline_config.raw_inference.completed_at-2026-09-26T15_45_16.522128_00_00,chronos2,multivariate,completed,0,0.7381883703886466,0.7104298360645771,1,1,1,150,150,150,0,388800
selena_context_size_20260927T131553Z_36791,ts_icl__model_config.context_length-4096__pipeline_config.raw_inference.completed_at-2026-09-26T15_48_59.404650_00_00,ts_icl,univariate,completed,0,0.7387721202427384,7.911812745034695,1,1,1,300,300,300,0,1166184
selena_context_size_20260927T131553Z_36791,chronos2__model_config.context_length-1024__pipeline_config.raw_inference.completed_at-2026-09-27T13_44_48.880343_00_00,chronos2,multivariate,completed,0,0.7389446482461407,1.6540076825767756,1,1,1,2430,2430,2430,0,1574640
selena_context_size_20260927T131553Z_36791,chronos2__model_config.context_length-4096__pipeline_config.raw_inference.completed_at-2026-09-27T13_38_33.409222_00_00,chronos2,multivariate,completed,0,0.7400355298292011,0.085165249183774,1,1,1,30,30,30,0,233280
selena_context_size_20260927T131553Z_36791,ts_icl__model_config.context_length-512__pipeline_config.raw_inference.completed_at-2026-09-27T13_59_01.691670_00_00,ts_icl,univariate,completed,0,0.7402127698160476,0.5459160953760147,1,1,1,186,186,186,0,26784
selena_context_size_20260927T131553Z_36791,ts_icl__model_config.context_length-2048__pipeline_config.raw_inference.completed_at-2026-09-27T14_01_17.549445_00_00,ts_icl,univariate,completed,0,0.7406646607306998,0.6271097846329212,1,1,1,65,65,65,0,98280
selena_context_size_20260927T131553Z_36791,ts_icl__model_config.context_length-512__pipeline_config.raw_inference.completed_at-2026-09-27T13_57_21.308506_00_00,ts_icl,univariate,completed,0,0.740729511275818,0.2078871838748455,1,1,1,65,65,65,0,98280
selena_context_size_20260927T131553Z_36791,ts_icl__model_config.context_length-4096__pipeline_config.raw_inference.completed_at-2026-09-26T15_48_50.433201_00_00,ts_icl,univariate,completed,0,0.7407707649203622,22.28370183520019,1,1,1,900,900,900,0,1166184
selena_context_size_20260927T131553Z_36791,chronos_bolt__model_config.context_length-128__pipeline_config.raw_inference.completed_at-2026-09-27T13_33_35.238137_00_00,chronos_bolt,univariate,completed,0,0.7415449907187525,0.24149776436388493,1,1,1,30,30,30,0,3240
selena_context_size_20260927T131553Z_36791,chronos2__model_config.context_length-1024__pipeline_config.raw_inference.completed_at-2026-09-27T13_51_11.025913_00_00,chronos2,univariate,completed,0,0.741941898777288,0.356245506554842,1,1,1,160,160,160,0,17280
selena_context_size_20260927T131553Z_36791,chronos2__model_config.context_length-2048__pipeline_config.raw_inference.completed_at-2026-09-27T13_47_07.682244_00_00,chronos2,univariate,completed,0,0.741941898777288,0.36429889500141144,1,1,1,160,160,160,0,17280
selena_context_size_20260927T131553Z_36791,chronos2__model_config.context_length-4096__pipeline_config.raw_inference.completed_at-2026-09-27T13_48_06.604102_00_00,chronos2,univariate,completed,0,0.741941898777288,0.3558211661875248,1,1,1,160,160,160,0,17280
selena_context_size_20260927T131553Z_36791,chronos2__model_config.context_length-8192__pipeline_config.raw_inference.completed_at-2026-09-26T15_55_53.197161_00_00,chronos2,univariate,completed,0,0.741941898777288,0.3581456486135721,1,1,1,160,160,160,0,17280
selena_context_size_20260927T131553Z_36791,chronos_bolt__model_config.context_length-2048__pipeline_config.raw_inference.completed_at-2026-09-26T15_54_01.859387_00_00,chronos_bolt,univariate,completed,0,0.7421273001577617,32.652760710567236,1,1,1,354,354,354,0,2115504
selena_context_size_20260927T131553Z_36791,chronos2__model_config.context_length-8192__pipeline_config.raw_inference.completed_at-2026-09-26T15_49_58.583374_00_00,chronos2,multivariate,completed,0,0.7421402495275882,2.3806664291769266,1,1,1,460,460,460,0,99360
selena_context_size_20260927T131553Z_36791,ts_icl__model_config.context_length-4096__pipeline_config.raw_inference.completed_at-2026-09-26T16_11_42.068261_00_00,ts_icl,univariate,completed,0,0.7423592968883899,1.6614338345825672,1,1,1,65,65,65,0,98280
selena_context_size_20260927T131553Z_36791,chronos_bolt__model_config.context_length-2048__pipeline_config.raw_inference.completed_at-2026-09-26T15_52_22.640518_00_00,chronos_bolt,univariate,completed,0,0.7424570767203215,1.4686845429241657,1,1,1,140,140,140,0,120960
selena_context_size_20260927T131553Z_36791,chronos2__model_config.context_length-1024__pipeline_config.raw_inference.completed_at-2026-09-27T13_46_56.957145_00_00,chronos2,multivariate,completed,0,0.7425778129785734,0.05135091952979565,1,1,1,65,65,65,0,98280
selena_context_size_20260927T131553Z_36791,chronos2__model_config.context_length-512__pipeline_config.raw_inference.completed_at-2026-09-27T13_54_16.594502_00_00,chronos2,multivariate,completed,0,0.7427002173972513,3.064852500334382,1,1,1,4428,4428,4428,0,11477376
selena_context_size_20260927T131553Z_36791,chronos2__model_config.context_length-8192__pipeline_config.raw_inference.completed_at-2026-09-26T15_47_19.553828_00_00,chronos2,univariate,completed,0,0.7431837188676761,0.047206612303853035,1,1,1,10,10,10,0,25875
selena_context_size_20260927T131553Z_36791,chronos2__model_config.context_length-4096__pipeline_config.raw_inference.completed_at-2026-09-27T13_43_13.792906_00_00,chronos2,multivariate,completed,0,0.7432684481669579,1.1695971135050058,1,1,1,460,460,460,0,99360
selena_context_size_20260927T131553Z_36791,chronos2__model_config.context_length-512__pipeline_config.raw_inference.completed_at-2026-09-27T13_52_33.102716_00_00,chronos2,univariate,completed,0,0.7432915004650795,0.3573927879333496,1,1,1,160,160,160,0,17280
selena_context_size_20260927T131553Z_36791,ts_icl__model_config.context_length-1024__pipeline_config.raw_inference.completed_at-2026-09-27T13_56_53.621122_00_00,ts_icl,univariate,completed,0,0.7434417878642675,0.32083368860185146,1,1,1,65,65,65,0,98280
selena_context_size_20260927T131553Z_36791,ts_icl__model_config.context_length-1024__pipeline_config.raw_inference.completed_at-2026-09-27T14_03_44.276238_00_00,ts_icl,univariate,completed,0,0.7434498904510793,1.0315620601177216,1,1,1,210,210,216,0,80298
selena_context_size_20260927T131553Z_36791,chronos2__model_config.context_length-1024__pipeline_config.raw_inference.completed_at-2026-09-27T13_51_29.511316_00_00,chronos2,multivariate,completed,0,0.7439285982659435,0.1836316492408514,1,1,1,75,75,75,0,2700
selena_context_size_20260927T131553Z_36791,chronos2__model_config.context_length-2048__pipeline_config.raw_inference.completed_at-2026-09-27T13_47_26.390683_00_00,chronos2,multivariate,completed,0,0.7439285982659435,0.18416192382574081,1,1,1,75,75,75,0,2700
selena_context_size_20260927T131553Z_36791,chronos2__model_config.context_length-4096__pipeline_config.raw_inference.completed_at-2026-09-27T13_48_25.163713_00_00,chronos2,multivariate,completed,0,0.7439285982659435,0.1847123336046934,1,1,1,75,75,75,0,2700
selena_context_size_20260927T131553Z_36791,chronos2__model_config.context_length-512__pipeline_config.raw_inference.completed_at-2026-09-27T13_52_51.718146_00_00,chronos2,multivariate,completed,0,0.7439285982659435,0.18453517369925976,1,1,1,75,75,75,0,2700
selena_context_size_20260927T131553Z_36791,chronos2__model_config.context_length-8192__pipeline_config.raw_inference.completed_at-2026-09-26T15_56_11.762064_00_00,chronos2,multivariate,completed,0,0.7439285982659435,0.18553589098155499,1,1,1,75,75,75,0,2700
selena_context_size_20260927T131553Z_36791,chronos2__model_config.context_length-1024__pipeline_config.raw_inference.completed_at-2026-09-27T13_43_46.334604_00_00,chronos2,multivariate,completed,0,0.7439970097423086,0.03982266038656235,1,1,1,30,30,30,0,233280
selena_context_size_20260927T131553Z_36791,chronos_bolt__model_config.context_length-2048__pipeline_config.raw_inference.completed_at-2026-09-26T16_07_45.846542_00_00,chronos_bolt,univariate,completed,0,0.7443441751556454,0.5659189783036709,1,1,1,210,210,216,0,80298
selena_context_size_20260927T131553Z_36791,chronos2__model_config.context_length-8192__pipeline_config.raw_inference.completed_at-2026-09-26T15_50_00.474439_00_00,chronos2,multivariate,completed,0,0.7446972215904354,0.3097974080592394,1,1,1,65,65,65,0,98280
selena_context_size_20260927T131553Z_36791,ts_icl__model_config.context_length-256__pipeline_config.raw_inference.completed_at-2026-09-27T15_04_32.137191_00_00,ts_icl,univariate,completed,0,0.7451280616115971,5.800650542601943,1,1,1,3528,3528,3528,0,762048
selena_context_size_20260927T131553Z_36791,chronos2__model_config.context_length-2048__pipeline_config.raw_inference.completed_at-2026-09-27T13_42_39.188304_00_00,chronos2,multivariate,completed,0,0.745319903696547,0.08627805300056934,1,1,1,65,65,65,0,98280
selena_context_size_20260927T131553Z_36791,chronos2__model_config.context_length-1024__pipeline_config.raw_inference.completed_at-2026-09-27T13_47_50.780077_00_00,chronos2,multivariate,completed,0,0.7453322830964674,0.0936870165169239,1,1,1,140,140,140,0,120960
selena_context_size_20260927T131553Z_36791,chronos2__model_config.context_length-2048__pipeline_config.raw_inference.completed_at-2026-09-27T13_42_38.083971_00_00,chronos2,multivariate,completed,0,0.7453586112486644,0.6648097075521946,1,1,1,460,460,460,0,99360
selena_context_size_20260927T131553Z_36791,chronos2__model_config.context_length-4096__pipeline_config.raw_inference.completed_at-2026-09-27T13_43_15.150824_00_00,chronos2,multivariate,completed,0,0.7455155484058889,0.1661977432668209,1,1,1,65,65,65,0,98280
selena_context_size_20260927T131553Z_36791,ts_icl__model_config.context_length-1024__pipeline_config.raw_inference.completed_at-2026-09-27T13_59_12.963892_00_00,ts_icl,univariate,completed,0,0.7464240328803919,0.14709949120879173,1,1,1,31,31,31,0,26784
selena_context_size_20260927T131553Z_36791,ts_icl__model_config.context_length-512__pipeline_config.raw_inference.completed_at-2026-09-27T13_57_19.537326_00_00,ts_icl,univariate,completed,0,0.7474968597466782,1.387737112119794,1,1,1,460,460,460,0,99360
selena_context_size_20260927T131553Z_36791,chronos_bolt__model_config.context_length-128__pipeline_config.raw_inference.completed_at-2026-09-27T13_28_04.842704_00_00,chronos_bolt,univariate,completed,0,0.7476975859127032,7.1438653990626335,1,1,1,6480,6480,6480,0,2099520
selena_context_size_20260927T131553Z_36791,ts_icl__model_config.context_length-1024__pipeline_config.raw_inference.completed_at-2026-09-27T13_56_51.348265_00_00,ts_icl,univariate,completed,0,0.7483044281008026,1.8312978968024254,1,1,1,460,460,460,0,99360
selena_context_size_20260927T131553Z_36791,ts_icl__model_config.context_length-4096__pipeline_config.raw_inference.completed_at-2026-09-26T16_11_35.524471_00_00,ts_icl,univariate,completed,0,0.748568327203673,11.347293699160218,1,1,1,460,460,460,0,99360
selena_context_size_20260927T131553Z_36791,chronos2__model_config.context_length-1024__pipeline_config.raw_inference.completed_at-2026-09-27T13_46_55.966615_00_00,chronos2,multivariate,completed,0,0.7492056163251618,0.42939082346856594,1,1,1,460,460,460,0,99360
selena_context_size_20260927T131553Z_36791,ts_icl__model_config.context_length-2048__pipeline_config.raw_inference.completed_at-2026-09-27T13_52_09.127396_00_00,ts_icl,univariate,completed,0,0.7494861730442497,8.310856787487864,1,1,1,900,900,900,0,1166184
selena_context_size_20260927T131553Z_36791,chronos2__model_config.context_length-2048__pipeline_config.raw_inference.completed_at-2026-09-27T13_42_09.833088_00_00,chronos2,multivariate,completed,0,0.7495182112879892,2.635166145861149,1,1,1,2016,2016,2016,0,435456
selena_context_size_20260927T131553Z_36791,ts_icl__model_config.context_length-2048__pipeline_config.raw_inference.completed_at-2026-09-27T14_01_14.352394_00_00,ts_icl,univariate,completed,0,0.7499151254255344,4.1200378723442554,1,1,1,460,460,460,0,99360
selena_context_size_20260927T131553Z_36791,chronos2__model_config.context_length-2048__pipeline_config.raw_inference.completed_at-2026-09-27T13_40_47.101961_00_00,chronos2,univariate,completed,0,0.7505489192542372,0.02056788094341755,1,1,1,10,10,10,0,25875
selena_context_size_20260927T131553Z_36791,chronos2__model_config.context_length-2048__pipeline_config.raw_inference.completed_at-2026-09-27T13_39_34.274106_00_00,chronos2,multivariate,completed,0,0.7505692753757034,0.19904854148626328,1,1,1,150,150,150,0,388800
selena_context_size_20260927T131553Z_36791,ts_icl__model_config.context_length-512__pipeline_config.raw_inference.completed_at-2026-09-27T14_02_47.054230_00_00,ts_icl,univariate,completed,0,0.7507698689898599,0.7659744303673506,1,1,1,210,210,216,0,80298
selena_context_size_20260927T131553Z_36791,chronos_bolt__model_config.context_length-512__pipeline_config.raw_inference.completed_at-2026-09-27T14_58_45.471876_00_00,chronos_bolt,univariate,completed,0,0.751144441694395,0.4692753218114376,1,1,1,65,65,65,0,98280
selena_context_size_20260927T131553Z_36791,chronos_bolt__model_config.context_length-512__pipeline_config.raw_inference.completed_at-2026-09-27T14_56_37.456114_00_00,chronos_bolt,univariate,completed,0,0.7512236470768316,0.4532135520130396,1,1,1,240,240,240,0,24129
selena_context_size_20260927T131553Z_36791,chronos2__model_config.context_length-1024__pipeline_config.raw_inference.completed_at-2026-09-27T13_46_30.822435_00_00,chronos2,multivariate,completed,0,0.7519673769080589,1.4920863844454288,1,1,1,2016,2016,2016,0,435456
selena_context_size_20260927T131553Z_36791,chronos2__model_config.context_length-4096__pipeline_config.raw_inference.completed_at-2026-09-27T13_43_01.750313_00_00,chronos2,multivariate,completed,0,0.7524136034517775,2.0440236795693636,1,1,1,1222,1222,1248,0,75996
selena_context_size_20260927T131553Z_36791,chronos2__model_config.context_length-8192__pipeline_config.raw_inference.completed_at-2026-09-26T15_49_42.699250_00_00,chronos2,multivariate,completed,0,0.7524136034517775,2.047043412923813,1,1,1,1222,1222,1248,0,75996
selena_context_size_20260927T131553Z_36791,chronos2__model_config.context_length-4096__pipeline_config.raw_inference.completed_at-2026-09-27T13_41_04.346888_00_00,chronos2,univariate,completed,0,0.7525352145355956,0.027015743777155876,1,1,1,10,10,10,0,25875
selena_context_size_20260927T131553Z_36791,chronos_bolt__model_config.context_length-1024__pipeline_config.raw_inference.completed_at-2026-09-27T13_35_19.215149_00_00,chronos_bolt,univariate,completed,0,0.7527347237180093,0.5027546342462301,1,1,1,210,210,216,0,80298
selena_context_size_20260927T131553Z_36791,chronos2__model_config.context_length-512__pipeline_config.raw_inference.completed_at-2026-09-27T13_46_32.692875_00_00,chronos2,multivariate,completed,0,0.7529473218293381,0.1386785637587309,1,1,1,252,252,252,0,762048
selena_context_size_20260927T131553Z_36791,chronos2__model_config.context_length-1024__pipeline_config.raw_inference.completed_at-2026-09-27T13_47_51.164997_00_00,chronos2,multivariate,completed,0,0.7542928487147906,0.03227790258824825,1,1,1,20,20,20,0,120960
selena_context_size_20260927T131553Z_36791,chronos2__model_config.context_length-2048__pipeline_config.raw_inference.completed_at-2026-09-27T13_42_26.868813_00_00,chronos2,multivariate,completed,0,0.7545916674655362,1.4272373840212822,1,1,1,1222,1222,1248,0,75996
selena_context_size_20260927T131553Z_36791,ts_icl__model_config.context_length-256__pipeline_config.raw_inference.completed_at-2026-09-27T15_09_22.021258_00_00,ts_icl,univariate,completed,0,0.7551332150334197,0.2796152476221323,1,1,1,75,75,75,0,2700
selena_context_size_20260927T131553Z_36791,chronos2__model_config.context_length-512__pipeline_config.raw_inference.completed_at-2026-09-27T13_47_55.418364_00_00,chronos2,multivariate,completed,0,0.7555728841116662,1.0037706904113293,1,1,1,2016,2016,2016,0,435456
selena_context_size_20260927T131553Z_36791,chronos_bolt__model_config.context_length-256__pipeline_config.raw_inference.completed_at-2026-09-27T13_36_11.571553_00_00,chronos_bolt,univariate,completed,0,0.7558013626998346,83.70357546024024,1,1,1,8901,8901,8901,0,23071392
selena_context_size_20260927T131553Z_36791,ts_icl__model_config.context_length-1024__pipeline_config.raw_inference.completed_at-2026-09-27T14_01_07.205106_00_00,ts_icl,univariate,completed,0,0.7558413309365304,1.0327071491628885,1,1,1,75,75,75,0,2700
selena_context_size_20260927T131553Z_36791,ts_icl__model_config.context_length-2048__pipeline_config.raw_inference.completed_at-2026-09-27T14_07_59.088544_00_00,ts_icl,univariate,completed,0,0.7558413309365304,1.0587695743888617,1,1,1,75,75,75,0,2700
selena_context_size_20260927T131553Z_36791,ts_icl__model_config.context_length-4096__pipeline_config.raw_inference.completed_at-2026-09-26T16_24_34.130643_00_00,ts_icl,univariate,completed,0,0.7558413309365304,1.0347337275743484,1,1,1,75,75,75,0,2700
selena_context_size_20260927T131553Z_36791,ts_icl__model_config.context_length-512__pipeline_config.raw_inference.completed_at-2026-09-27T14_00_50.556087_00_00,ts_icl,univariate,completed,0,0.7558413309365304,1.090794913470745,1,1,1,75,75,75,0,2700
selena_context_size_20260927T131553Z_36791,chronos_bolt__model_config.context_length-1024__pipeline_config.raw_inference.completed_at-2026-09-27T13_23_06.868242_00_00,chronos_bolt,univariate,completed,0,0.75653117625505,0.7022168524563313,1,1,1,65,65,65,0,98280
selena_context_size_20260927T131553Z_36791,chronos2__model_config.context_length-1024__pipeline_config.raw_inference.completed_at-2026-09-27T13_44_18.884702_00_00,chronos2,multivariate,completed,0,0.7566245021734495,0.30393048748373985,1,1,1,450,450,450,0,388800
selena_context_size_20260927T131553Z_36791,chronos_bolt__model_config.context_length-128__pipeline_config.raw_inference.completed_at-2026-09-27T13_27_37.550532_00_00,chronos_bolt,univariate,completed,0,0.7567134830946781,0.4609423726797104,1,1,1,240,240,240,0,24129
selena_context_size_20260927T131553Z_36791,chronos2__model_config.context_length-2048__pipeline_config.raw_inference.completed_at-2026-09-27T13_43_36.236460_00_00,chronos2,multivariate,completed,0,0.7568707361292617,0.040964456275105476,1,1,1,20,20,20,0,120960
selena_context_size_20260927T131553Z_36791,chronos2__model_config.context_length-4096__pipeline_config.raw_inference.completed_at-2026-09-27T13_43_03.385611_00_00,chronos2,multivariate,completed,0,0.757408476991288,1.0739705543965101,1,1,1,622,622,624,0,75996
selena_context_size_20260927T131553Z_36791,chronos2__model_config.context_length-8192__pipeline_config.raw_inference.completed_at-2026-09-26T15_49_44.402219_00_00,chronos2,multivariate,completed,0,0.757408476991288,1.1441433914005756,1,1,1,622,622,624,0,75996
selena_context_size_20260927T131553Z_36791,ts_icl__model_config.context_length-256__pipeline_config.raw_inference.completed_at-2026-09-27T15_06_06.583045_00_00,ts_icl,univariate,completed,0,0.7579884491346236,0.9352134633809328,1,1,1,460,460,460,0,99360
selena_context_size_20260927T131553Z_36791,chronos2__model_config.context_length-4096__pipeline_config.raw_inference.completed_at-2026-09-27T13_42_42.143676_00_00,chronos2,multivariate,completed,0,0.7580521039877961,5.014685723930597,1,1,1,2016,2016,2016,0,435456
selena_context_size_20260927T131553Z_36791,chronos2__model_config.context_length-512__pipeline_config.raw_inference.completed_at-2026-09-27T13_48_19.294095_00_00,chronos2,multivariate,completed,0,0.758594980695609,0.3269758392125368,1,1,1,460,460,460,0,99360
selena_context_size_20260927T131553Z_36791,ts_icl__model_config.context_length-4096__pipeline_config.raw_inference.completed_at-2026-09-26T16_11_04.726473_00_00,ts_icl,univariate,completed,0,0.7590073951091556,28.505006393417716,1,1,1,1222,1222,1248,0,75996
selena_context_size_20260927T131553Z_36791,chronos2__model_config.context_length-2048__pipeline_config.raw_inference.completed_at-2026-09-27T13_42_28.123655_00_00,chronos2,multivariate,completed,0,0.7591039601072862,0.6954656112939119,1,1,1,622,622,624,0,75996
selena_context_size_20260927T131553Z_36791,chronos_bolt__model_config.context_length-512__pipeline_config.raw_inference.completed_at-2026-09-27T15_28_40.379169_00_00,chronos_bolt,univariate,completed,0,0.7591574936687088,118.03580299019814,1,1,1,8901,8901,8901,0,23071392
selena_context_size_20260927T131553Z_36791,ts_icl__model_config.context_length-1024__pipeline_config.raw_inference.completed_at-2026-09-27T14_00_32.181898_00_00,ts_icl,univariate,completed,0,0.7593716643672015,0.29842154681682587,1,1,1,12,12,12,0,1296
selena_context_size_20260927T131553Z_36791,ts_icl__model_config.context_length-2048__pipeline_config.raw_inference.completed_at-2026-09-27T14_07_24.107297_00_00,ts_icl,univariate,completed,0,0.7593716643672015,0.2998427711427212,1,1,1,12,12,12,0,1296
selena_context_size_20260927T131553Z_36791,ts_icl__model_config.context_length-256__pipeline_config.raw_inference.completed_at-2026-09-27T15_08_49.492855_00_00,ts_icl,univariate,completed,0,0.7593716643672015,0.2963353153318167,1,1,1,12,12,12,0,1296
selena_context_size_20260927T131553Z_36791,ts_icl__model_config.context_length-4096__pipeline_config.raw_inference.completed_at-2026-09-26T16_23_59.040212_00_00,ts_icl,univariate,completed,0,0.7593716643672015,0.3577870484441519,1,1,1,12,12,12,0,1296
selena_context_size_20260927T131553Z_36791,ts_icl__model_config.context_length-512__pipeline_config.raw_inference.completed_at-2026-09-27T14_00_15.333273_00_00,ts_icl,univariate,completed,0,0.7593716643672015,0.29810927249491215,1,1,1,12,12,12,0,1296
selena_context_size_20260927T131553Z_36791,ts_icl__model_config.context_length-2048__pipeline_config.raw_inference.completed_at-2026-09-27T14_00_59.720571_00_00,ts_icl,univariate,completed,0,0.7594841486185018,10.820451647043228,1,1,1,1222,1222,1248,0,75996
selena_context_size_20260927T131553Z_36791,chronos_bolt__model_config.context_length-2048__pipeline_config.raw_inference.completed_at-2026-09-26T16_03_52.198815_00_00,chronos_bolt,univariate,completed,0,0.7596539819591765,334.8097234405577,1,1,1,8901,8901,8901,0,23071392
selena_context_size_20260927T131553Z_36791,ts_icl__model_config.context_length-1024__pipeline_config.raw_inference.completed_at-2026-09-27T14_03_00.602727_00_00,ts_icl,univariate,completed,0,0.7596976164398839,21.37888748012483,1,1,1,4428,4428,4428,0,11477376
selena_context_size_20260927T131553Z_36791,ts_icl__model_config.context_length-256__pipeline_config.raw_inference.completed_at-2026-09-27T15_06_08.236536_00_00,ts_icl,univariate,completed,0,0.759893631752502,0.16625339165329933,1,1,1,65,65,65,0,98280
selena_context_size_20260927T131553Z_36791,ts_icl__model_config.context_length-2048__pipeline_config.raw_inference.completed_at-2026-09-27T13_52_57.122306_00_00,ts_icl,univariate,completed,0,0.7600183893016204,1.4629691895097494,1,1,1,150,150,150,0,388800
selena_context_size_20260927T131553Z_36791,chronos2__model_config.context_length-1024__pipeline_config.raw_inference.completed_at-2026-09-27T13_45_15.773834_00_00,chronos2,univariate,completed,0,0.7606203893109184,0.017802540212869644,1,1,1,10,10,10,0,25875
selena_context_size_20260927T131553Z_36791,chronos2__model_config.context_length-1024__pipeline_config.raw_inference.completed_at-2026-09-27T13_53_34.393410_00_00,chronos2,multivariate,completed,0,0.7606316296951224,0.02632669359445572,1,1,1,18,18,18,0,80298
selena_context_size_20260927T131553Z_36791,chronos2__model_config.context_length-2048__pipeline_config.raw_inference.completed_at-2026-09-27T13_38_41.163694_00_00,chronos2,multivariate,completed,0,0.760660021507386,0.7975771967321634,1,1,1,630,630,630,0,544158
selena_context_size_20260927T131553Z_36791,chronos_bolt__model_config.context_length-512__pipeline_config.raw_inference.completed_at-2026-09-27T15_30_38.427291_00_00,chronos_bolt,univariate,completed,0,0.7607289859617116,0.4737882912158966,1,1,1,210,210,216,0,80298
selena_context_size_20260927T131553Z_36791,chronos2__model_config.context_length-512__pipeline_config.raw_inference.completed_at-2026-09-27T13_49_59.267552_00_00,chronos2,univariate,completed,0,0.7607412898493965,0.01871262863278389,1,1,1,4,4,4,0,24192
selena_context_size_20260927T131553Z_36791,chronos_bolt__model_config.context_length-1024__pipeline_config.raw_inference.completed_at-2026-09-27T13_32_42.878998_00_00,chronos_bolt,univariate,completed,0,0.7609492107061407,188.51386543922126,1,1,1,8901,8901,8901,0,23071392
selena_context_size_20260927T131553Z_36791,chronos2__model_config.context_length-8192__pipeline_config.raw_inference.completed_at-2026-09-26T15_49_22.458019_00_00,chronos2,multivariate,completed,0,0.7610451411813391,6.526400502771139,1,1,1,2016,2016,2016,0,435456
selena_context_size_20260927T131553Z_36791,chronos_bolt__model_config.context_length-512__pipeline_config.raw_inference.completed_at-2026-09-27T15_00_41.486168_00_00,chronos_bolt,univariate,completed,0,0.7612469981043571,13.763093989342451,1,1,1,354,354,354,0,2115504
selena_context_size_20260927T131553Z_36791,chronos_bolt__model_config.context_length-512__pipeline_config.raw_inference.completed_at-2026-09-27T15_00_52.240141_00_00,chronos_bolt,univariate,completed,0,0.7615545870079792,0.24776490405201912,1,1,1,4,4,4,0,24192
selena_context_size_20260927T131553Z_36791,ts_icl__model_config.context_length-2048__pipeline_config.raw_inference.completed_at-2026-09-27T13_52_54.957751_00_00,ts_icl,univariate,completed,0,0.7617071256571664,4.029896050691605,1,1,1,450,450,450,0,388800
selena_context_size_20260927T131553Z_36791,chronos2__model_config.context_length-8192__pipeline_config.raw_inference.completed_at-2026-09-26T15_49_06.577617_00_00,chronos2,multivariate,completed,0,0.7623737013340763,0.09528536908328533,1,1,1,15,15,15,0,29160
selena_context_size_20260927T131553Z_36791,chronos2__model_config.context_length-4096__pipeline_config.raw_inference.completed_at-2026-09-27T13_50_57.129584_00_00,chronos2,multivariate,completed,0,0.7624267382639469,0.08713641576468945,1,1,1,36,36,36,0,80298
selena_context_size_20260927T131553Z_36791,chronos2__model_config.context_length-8192__pipeline_config.raw_inference.completed_at-2026-09-26T15_59_16.828646_00_00,chronos2,multivariate,completed,0,0.7627195008885047,0.1743956096470356,1,1,1,36,36,36,0,80298
selena_context_size_20260927T131553Z_36791,chronos_bolt__model_config.context_length-512__pipeline_config.raw_inference.completed_at-2026-09-27T14_58_43.997054_00_00,chronos_bolt,univariate,completed,0,0.7628273165385505,0.7018631938844919,1,1,1,460,460,460,0,99360
selena_context_size_20260927T131553Z_36791,chronos_bolt__model_config.context_length-2048__pipeline_config.raw_inference.completed_at-2026-09-26T15_54_12.688321_00_00,chronos_bolt,univariate,completed,0,0.7630050849826767,0.3466839361935854,1,1,1,31,31,31,0,26784
selena_context_size_20260927T131553Z_36791,ts_icl__model_config.context_length-4096__pipeline_config.raw_inference.completed_at-2026-09-26T16_11_19.657416_00_00,ts_icl,univariate,completed,0,0.7631479753017452,14.220845015719533,1,1,1,622,622,624,0,75996
selena_context_size_20260927T131553Z_36791,ts_icl__model_config.context_length-4096__pipeline_config.raw_inference.completed_at-2026-09-26T15_50_51.004427_00_00,ts_icl,univariate,completed,0,0.7632469254803556,13.078402074053884,1,1,1,450,450,450,0,388800
selena_context_size_20260927T131553Z_36791,ts_icl__model_config.context_length-2048__pipeline_config.raw_inference.completed_at-2026-09-27T14_01_05.850224_00_00,ts_icl,univariate,completed,0,0.7635880527749543,5.427090898156166,1,1,1,622,622,624,0,75996
selena_context_size_20260927T131553Z_36791,chronos_bolt__model_config.context_length-2048__pipeline_config.raw_inference.completed_at-2026-09-26T15_51_10.785196_00_00,chronos_bolt,univariate,completed,0,0.7639874986655603,1.2839510161429644,1,1,1,65,65,65,0,98280
selena_context_size_20260927T131553Z_36791,chronos2__model_config.context_length-2048__pipeline_config.raw_inference.completed_at-2026-09-27T13_49_42.023303_00_00,chronos2,multivariate,completed,0,0.764151694351762,0.047961264848709106,1,1,1,36,36,36,0,80298
selena_context_size_20260927T131553Z_36791,ts_icl__model_config.context_length-256__pipeline_config.raw_inference.completed_at-2026-09-27T15_09_13.099191_00_00,ts_icl,univariate,completed,0,0.7641669622631553,1.8459576144814491,1,1,1,160,160,160,0,17280
selena_context_size_20260927T131553Z_36791,ts_icl__model_config.context_length-1024__pipeline_config.raw_inference.completed_at-2026-09-27T13_56_41.815537_00_00,ts_icl,univariate,completed,0,0.7642251260190398,4.847034223377705,1,1,1,1222,1222,1248,0,75996
selena_context_size_20260927T131553Z_36791,ts_icl__model_config.context_length-1024__pipeline_config.raw_inference.completed_at-2026-09-27T13_57_39.949441_00_00,ts_icl,univariate,completed,0,0.7643050585352303,0.15521427802741528,1,1,1,20,20,20,0,120960
selena_context_size_20260927T131553Z_36791,chronos_bolt__model_config.context_length-128__pipeline_config.raw_inference.completed_at-2026-09-27T13_34_22.776403_00_00,chronos_bolt,univariate,completed,0,0.7643716551733415,0.26075420901179314,1,1,1,40,40,40,0,4320
selena_context_size_20260927T131553Z_36791,chronos2__model_config.context_length-1024__pipeline_config.raw_inference.completed_at-2026-09-27T13_46_45.234633_00_00,chronos2,multivariate,completed,0,0.7646494292591556,0.7378740012645721,1,1,1,1222,1222,1248,0,75996
selena_context_size_20260927T131553Z_36791,ts_icl__model_config.context_length-1024__pipeline_config.raw_inference.completed_at-2026-09-27T13_52_15.148028_00_00,ts_icl,univariate,completed,0,0.7651621609488605,3.9603328555822372,1,1,1,900,900,900,0,1166184
selena_context_size_20260927T131553Z_36791,ts_icl__model_config.context_length-4096__pipeline_config.raw_inference.completed_at-2026-09-26T16_03_12.456172_00_00,ts_icl,univariate,completed,0,0.7652117927917428,0.2756928838789463,1,1,1,10,10,10,0,25875
selena_context_size_20260927T131553Z_36791,chronos_bolt__model_config.context_length-512__pipeline_config.raw_inference.completed_at-2026-09-27T15_00_26.271912_00_00,chronos_bolt,univariate,completed,0,0.7654172784547881,8.701258359476924,1,1,1,2478,2478,2478,0,2115504
selena_context_size_20260927T131553Z_36791,ts_icl__model_config.context_length-4096__pipeline_config.raw_inference.completed_at-2026-09-26T15_50_56.336626_00_00,ts_icl,univariate,completed,0,0.7655071966617399,4.701869150623679,1,1,1,150,150,150,0,388800
selena_context_size_20260927T131553Z_36791,chronos_bolt__model_config.context_length-1024__pipeline_config.raw_inference.completed_at-2026-09-27T13_23_04.839059_00_00,chronos_bolt,univariate,completed,0,0.7659945222743089,0.7619634997099638,1,1,1,460,460,460,0,99360
selena_context_size_20260927T131553Z_36791,ts_icl__model_config.context_length-2048__pipeline_config.raw_inference.completed_at-2026-09-27T13_52_13.289070_00_00,ts_icl,univariate,completed,0,0.7664577870717574,3.107270486652851,1,1,1,300,300,300,0,1166184
selena_context_size_20260927T131553Z_36791,chronos2__model_config.context_length-1024__pipeline_config.raw_inference.completed_at-2026-09-27T13_51_38.760456_00_00,chronos2,multivariate,completed,0,0.7670994049743153,0.20012315176427364,1,1,1,300,300,300,0,10800
selena_context_size_20260927T131553Z_36791,chronos2__model_config.context_length-2048__pipeline_config.raw_inference.completed_at-2026-09-27T13_47_35.687941_00_00,chronos2,multivariate,completed,0,0.7670994049743153,0.20039736106991768,1,1,1,300,300,300,0,10800
selena_context_size_20260927T131553Z_36791,chronos2__model_config.context_length-4096__pipeline_config.raw_inference.completed_at-2026-09-27T13_48_34.466060_00_00,chronos2,multivariate,completed,0,0.7670994049743153,0.20156671665608883,1,1,1,300,300,300,0,10800
selena_context_size_20260927T131553Z_36791,chronos2__model_config.context_length-512__pipeline_config.raw_inference.completed_at-2026-09-27T13_53_00.980199_00_00,chronos2,multivariate,completed,0,0.7670994049743153,0.2003219798207283,1,1,1,300,300,300,0,10800
selena_context_size_20260927T131553Z_36791,chronos2__model_config.context_length-8192__pipeline_config.raw_inference.completed_at-2026-09-26T15_56_21.042709_00_00,chronos2,multivariate,completed,0,0.7670994049743153,0.20113585516810417,1,1,1,300,300,300,0,10800
selena_context_size_20260927T131553Z_36791,chronos2__model_config.context_length-1024__pipeline_config.raw_inference.completed_at-2026-09-27T13_53_34.068027_00_00,chronos2,multivariate,completed,0,0.7673271713011746,0.03539923019707203,1,1,1,36,36,36,0,80298
selena_context_size_20260927T131553Z_36791,chronos2__model_config.context_length-4096__pipeline_config.raw_inference.completed_at-2026-09-27T13_50_57.481601_00_00,chronos2,multivariate,completed,0,0.7674888370402602,0.04789300821721554,1,1,1,18,18,18,0,80298
selena_context_size_20260927T131553Z_36791,chronos_bolt__model_config.context_length-256__pipeline_config.raw_inference.completed_at-2026-09-27T13_33_27.121284_00_00,chronos_bolt,univariate,completed,0,0.76765514594254,0.39210998080670834,1,1,1,160,160,160,0,17280
selena_context_size_20260927T131553Z_36791,ts_icl__model_config.context_length-256__pipeline_config.raw_inference.completed_at-2026-09-27T15_04_41.997747_00_00,ts_icl,univariate,completed,0,0.7679326425122556,0.05183950811624527,1,1,1,10,10,10,0,25875
selena_context_size_20260927T131553Z_36791,chronos_bolt__model_config.context_length-2048__pipeline_config.raw_inference.completed_at-2026-09-26T15_51_07.500172_00_00,chronos_bolt,univariate,completed,0,0.76798169654794,0.9036677163094282,1,1,1,460,460,460,0,99360
selena_context_size_20260927T131553Z_36791,chronos2__model_config.context_length-512__pipeline_config.raw_inference.completed_at-2026-09-27T13_48_20.246676_00_00,chronos2,multivariate,completed,0,0.7680357179411165,0.03942858800292015,1,1,1,65,65,65,0,98280
selena_context_size_20260927T131553Z_36791,ts_icl__model_config.context_length-1024__pipeline_config.raw_inference.completed_at-2026-09-27T13_56_16.749888_00_00,ts_icl,univariate,completed,0,0.7682325975116513,7.43869586288929,1,1,1,2016,2016,2016,0,435456
selena_context_size_20260927T131553Z_36791,chronos_bolt__model_config.context_length-1024__pipeline_config.raw_inference.completed_at-2026-09-27T13_20_25.456689_00_00,chronos_bolt,univariate,completed,0,0.7685637063536408,0.19958105124533176,1,1,1,30,30,30,0,25875
selena_context_size_20260927T131553Z_36791,ts_icl__model_config.context_length-512__pipeline_config.raw_inference.completed_at-2026-09-27T13_56_52.897392_00_00,ts_icl,univariate,completed,0,0.7689472370649058,4.619576867669821,1,1,1,2016,2016,2016,0,435456
selena_context_size_20260927T131553Z_36791,chronos_bolt__model_config.context_length-128__pipeline_config.raw_inference.completed_at-2026-09-27T13_36_44.678167_00_00,chronos_bolt,univariate,completed,0,0.7691708295520636,70.45925712585449,1,1,1,8901,8901,8901,0,23071392
selena_context_size_20260927T131553Z_36791,chronos_bolt__model_config.context_length-1024__pipeline_config.raw_inference.completed_at-2026-09-27T13_28_12.587418_00_00,chronos_bolt,univariate,completed,0,0.7692591203436454,0.3937109746038914,1,1,1,160,160,160,0,17280
selena_context_size_20260927T131553Z_36791,chronos_bolt__model_config.context_length-2048__pipeline_config.raw_inference.completed_at-2026-09-26T15_56_56.468880_00_00,chronos_bolt,univariate,completed,0,0.7692591203436454,0.40148663707077503,1,1,1,160,160,160,0,17280
selena_context_size_20260927T131553Z_36791,chronos_bolt__model_config.context_length-128__pipeline_config.raw_inference.completed_at-2026-09-27T13_30_06.706228_00_00,chronos_bolt,univariate,completed,0,0.7693129587598577,0.5468507949262857,1,1,1,175,175,175,0,113400
selena_context_size_20260927T131553Z_36791,chronos_bolt__model_config.context_length-512__pipeline_config.raw_inference.completed_at-2026-09-27T15_25_21.206352_00_00,chronos_bolt,univariate,completed,0,0.7696437230138768,0.39603124745190144,1,1,1,160,160,160,0,17280
selena_context_size_20260927T131553Z_36791,chronos2__model_config.context_length-4096__pipeline_config.raw_inference.completed_at-2026-09-27T13_38_20.026125_00_00,chronos2,multivariate,completed,0,0.7696671150428235,1.4827993623912334,1,1,1,630,630,630,0,544158
selena_context_size_20260927T131553Z_36791,chronos2__model_config.context_length-8192__pipeline_config.raw_inference.completed_at-2026-09-26T15_59_17.220077_00_00,chronos2,multivariate,completed,0,0.7697031603954076,0.08982253074645996,1,1,1,18,18,18,0,80298
selena_context_size_20260927T131553Z_36791,ts_icl__model_config.context_length-2048__pipeline_config.raw_inference.completed_at-2026-09-27T14_02_24.093355_00_00,ts_icl,univariate,completed,0,0.7699699533431623,0.2573004215955734,1,1,1,20,20,20,0,120960
selena_context_size_20260927T131553Z_36791,chronos_bolt__model_config.context_length-1024__pipeline_config.raw_inference.completed_at-2026-09-27T13_24_10.113206_00_00,chronos_bolt,univariate,completed,0,0.7700679253779399,0.8218209315091372,1,1,1,140,140,140,0,120960
selena_context_size_20260927T131553Z_36791,ts_icl__model_config.context_length-1024__pipeline_config.raw_inference.completed_at-2026-09-27T13_56_45.078047_00_00,ts_icl,univariate,completed,0,0.7703710579663753,2.4986558482050896,1,1,1,622,622,624,0,75996
selena_context_size_20260927T131553Z_36791,chronos_bolt__model_config.context_length-256__pipeline_config.raw_inference.completed_at-2026-09-27T13_29_44.625477_00_00,chronos_bolt,univariate,completed,0,0.7705157157643616,0.7999385297298431,1,1,1,560,560,560,0,120960
selena_context_size_20260927T131553Z_36791,chronos_bolt__model_config.context_length-512__pipeline_config.raw_inference.completed_at-2026-09-27T13_21_17.343737_00_00,chronos_bolt,univariate,completed,0,0.771097212888681,1.220308804884553,1,1,1,90,90,90,0,233280
selena_context_size_20260927T131553Z_36791,chronos2__model_config.context_length-8192__pipeline_config.raw_inference.completed_at-2026-09-26T15_49_06.207636_00_00,chronos2,multivariate,completed,0,0.7712892645100224,0.2036834917962551,1,1,1,45,45,45,0,29160
selena_context_size_20260927T131553Z_36791,ts_icl__model_config.context_length-256__pipeline_config.raw_inference.completed_at-2026-09-27T15_06_27.075585_00_00,ts_icl,univariate,completed,0,0.7713833109824997,0.17192878015339375,1,1,1,75,75,75,0,113400
selena_context_size_20260927T131553Z_36791,ts_icl__model_config.context_length-2048__pipeline_config.raw_inference.completed_at-2026-09-27T14_02_11.949837_00_00,ts_icl,univariate,completed,0,0.7717071264664321,1.3819068372249603,1,1,1,140,140,140,0,362880
selena_context_size_20260927T131553Z_36791,chronos2__model_config.context_length-1024__pipeline_config.raw_inference.completed_at-2026-09-27T13_46_46.165125_00_00,chronos2,multivariate,completed,0,0.7718849747554252,0.37162312865257263,1,1,1,622,622,624,0,75996
selena_context_size_20260927T131553Z_36791,chronos_bolt__model_config.context_length-1024__pipeline_config.raw_inference.completed_at-2026-09-27T13_27_24.525880_00_00,chronos_bolt,univariate,completed,0,0.7719857366516212,0.23255754821002483,1,1,1,12,12,12,0,1296
selena_context_size_20260927T131553Z_36791,chronos_bolt__model_config.context_length-128__pipeline_config.raw_inference.completed_at-2026-09-27T13_33_25.752330_00_00,chronos_bolt,univariate,completed,0,0.7719857366516212,0.23589540645480156,1,1,1,12,12,12,0,1296
selena_context_size_20260927T131553Z_36791,chronos_bolt__model_config.context_length-2048__pipeline_config.raw_inference.completed_at-2026-09-26T15_56_07.298844_00_00,chronos_bolt,univariate,completed,0,0.7719857366516212,0.2515050657093525,1,1,1,12,12,12,0,1296
selena_context_size_20260927T131553Z_36791,chronos_bolt__model_config.context_length-256__pipeline_config.raw_inference.completed_at-2026-09-27T13_32_39.562964_00_00,chronos_bolt,univariate,completed,0,0.7719857366516212,0.23497340083122253,1,1,1,12,12,12,0,1296
selena_context_size_20260927T131553Z_36791,chronos_bolt__model_config.context_length-512__pipeline_config.raw_inference.completed_at-2026-09-27T15_24_32.674987_00_00,chronos_bolt,univariate,completed,0,0.7719857366516212,0.36559723876416683,1,1,1,12,12,12,0,1296
selena_context_size_20260927T131553Z_36791,ts_icl__model_config.context_length-1024__pipeline_config.raw_inference.completed_at-2026-09-27T14_00_57.148333_00_00,ts_icl,univariate,completed,0,0.7722558299776257,2.069445585832,1,1,1,160,160,160,0,17280
selena_context_size_20260927T131553Z_36791,ts_icl__model_config.context_length-2048__pipeline_config.raw_inference.completed_at-2026-09-27T14_07_49.071146_00_00,ts_icl,univariate,completed,0,0.7722558299776257,2.0956754311919212,1,1,1,160,160,160,0,17280
selena_context_size_20260927T131553Z_36791,ts_icl__model_config.context_length-4096__pipeline_config.raw_inference.completed_at-2026-09-26T16_24_24.089912_00_00,ts_icl,univariate,completed,0,0.7722558299776257,2.1694455929100513,1,1,1,160,160,160,0,17280
selena_context_size_20260927T131553Z_36791,ts_icl__model_config.context_length-2048__pipeline_config.raw_inference.completed_at-2026-09-27T14_00_12.471192_00_00,ts_icl,univariate,completed,0,0.7725018644267463,17.523188108578324,1,1,1,2016,2016,2016,0,435456
selena_context_size_20260927T131553Z_36791,chronos_bolt__model_config.context_length-2048__pipeline_config.raw_inference.completed_at-2026-09-26T15_47_49.520618_00_00,chronos_bolt,univariate,completed,0,0.7726306183441974,0.3947097398340702,1,1,1,10,10,10,0,25875
selena_context_size_20260927T131553Z_36791,chronos_bolt__model_config.context_length-2048__pipeline_config.raw_inference.completed_at-2026-09-26T15_50_55.876369_00_00,chronos_bolt,univariate,completed,0,0.7726573878723118,1.9005167838186026,1,1,1,1222,1222,1248,0,75996
selena_context_size_20260927T131553Z_36791,ts_icl__model_config.context_length-256__pipeline_config.raw_inference.completed_at-2026-09-27T15_11_06.096370_00_00,ts_icl,univariate,completed,0,0.7726741169198479,0.6240075007081032,1,1,1,210,210,216,0,80298
selena_context_size_20260927T131553Z_36791,ts_icl__model_config.context_length-512__pipeline_config.raw_inference.completed_at-2026-09-27T14_00_40.486377_00_00,ts_icl,univariate,completed,0,0.7728249681707818,2.084027485921979,1,1,1,160,160,160,0,17280
selena_context_size_20260927T131553Z_36791,chronos_bolt__model_config.context_length-128__pipeline_config.raw_inference.completed_at-2026-09-27T13_34_32.381063_00_00,chronos_bolt,univariate,completed,0,0.7729108966075434,0.29306622594594955,1,1,1,75,75,75,0,2700
selena_context_size_20260927T131553Z_36791,ts_icl__model_config.context_length-4096__pipeline_config.raw_inference.completed_at-2026-09-26T16_13_30.673581_00_00,ts_icl,univariate,completed,0,0.773320825858397,3.5753011647611856,1,1,1,140,140,140,0,362880
selena_context_size_20260927T131553Z_36791,ts_icl__model_config.context_length-2048__pipeline_config.raw_inference.completed_at-2026-09-27T13_57_39.822988_00_00,ts_icl,univariate,completed,0,0.7733827300931213,0.11760258488357067,1,1,1,10,10,10,0,25875
selena_context_size_20260927T131553Z_36791,chronos2__model_config.context_length-512__pipeline_config.raw_inference.completed_at-2026-09-27T13_54_51.210078_00_00,chronos2,multivariate,completed,0,0.7734246693963834,0.026671724393963814,1,1,1,36,36,36,0,80298
selena_context_size_20260927T131553Z_36791,ts_icl__model_config.context_length-1024__pipeline_config.raw_inference.completed_at-2026-09-27T13_54_45.877226_00_00,ts_icl,univariate,completed,0,0.7736801727331193,0.15504936128854752,1,1,1,30,30,30,0,25875
selena_context_size_20260927T131553Z_36791,chronos2__model_config.context_length-4096__pipeline_config.raw_inference.completed_at-2026-09-27T13_41_04.051064_00_00,chronos2,univariate,completed,0,0.7737498755963399,0.07559996843338013,1,1,1,30,30,30,0,25875
selena_context_size_20260927T131553Z_36791,ts_icl__model_config.context_length-512__pipeline_config.raw_inference.completed_at-2026-09-27T13_57_10.870493_00_00,ts_icl,univariate,completed,0,0.7742755660892121,2.974504604935646,1,1,1,1222,1222,1248,0,75996
selena_context_size_20260927T131553Z_36791,chronos2__model_config.context_length-1024__pipeline_config.raw_inference.completed_at-2026-09-27T13_50_24.509783_00_00,chronos2,multivariate,completed,0,0.7746001702407476,0.21005216240882874,1,1,1,12,12,12,0,1296
selena_context_size_20260927T131553Z_36791,chronos2__model_config.context_length-2048__pipeline_config.raw_inference.completed_at-2026-09-27T13_46_20.809960_00_00,chronos2,multivariate,completed,0,0.7746001702407476,0.21263539604842663,1,1,1,12,12,12,0,1296
selena_context_size_20260927T131553Z_36791,chronos2__model_config.context_length-4096__pipeline_config.raw_inference.completed_at-2026-09-27T13_47_20.049842_00_00,chronos2,multivariate,completed,0,0.7746001702407476,0.21343308687210083,1,1,1,12,12,12,0,1296
selena_context_size_20260927T131553Z_36791,chronos2__model_config.context_length-512__pipeline_config.raw_inference.completed_at-2026-09-27T13_51_46.265357_00_00,chronos2,multivariate,completed,0,0.7746001702407476,0.21313614584505558,1,1,1,12,12,12,0,1296
selena_context_size_20260927T131553Z_36791,chronos2__model_config.context_length-8192__pipeline_config.raw_inference.completed_at-2026-09-26T15_55_06.641830_00_00,chronos2,multivariate,completed,0,0.7746001702407476,0.2125970870256424,1,1,1,12,12,12,0,1296
selena_context_size_20260927T131553Z_36791,chronos_bolt__model_config.context_length-2048__pipeline_config.raw_inference.completed_at-2026-09-26T15_47_49.077237_00_00,chronos_bolt,univariate,completed,0,0.7748516186645863,0.324214955791831,1,1,1,30,30,30,0,25875
selena_context_size_20260927T131553Z_36791,ts_icl__model_config.context_length-256__pipeline_config.raw_inference.completed_at-2026-09-27T15_04_34.647841_00_00,ts_icl,univariate,completed,0,0.7758715052777578,0.9622291065752506,1,1,1,504,504,504,0,762048
selena_context_size_20260927T131553Z_36791,chronos2__model_config.context_length-8192__pipeline_config.raw_inference.completed_at-2026-09-26T15_47_19.240511_00_00,chronos2,univariate,completed,0,0.775940065614347,0.147317573428154,1,1,1,30,30,30,0,25875
selena_context_size_20260927T131553Z_36791,chronos2__model_config.context_length-2048__pipeline_config.raw_inference.completed_at-2026-09-27T13_40_46.817859_00_00,chronos2,univariate,completed,0,0.7762381121918837,0.04923380725085735,1,1,1,30,30,30,0,25875
selena_context_size_20260927T131553Z_36791,chronos_bolt__model_config.context_length-1024__pipeline_config.raw_inference.completed_at-2026-09-27T13_22_53.609018_00_00,chronos_bolt,univariate,completed,0,0.7762835732293065,1.4629100318998098,1,1,1,1222,1222,1248,0,75996
selena_context_size_20260927T131553Z_36791,chronos_bolt__model_config.context_length-1024__pipeline_config.raw_inference.completed_at-2026-09-27T13_20_25.733151_00_00,chronos_bolt,univariate,completed,0,0.7762936392730606,0.22943622805178165,1,1,1,10,10,10,0,25875
selena_context_size_20260927T131553Z_36791,chronos_bolt__model_config.context_length-512__pipeline_config.raw_inference.completed_at-2026-09-27T15_00_51.679669_00_00,chronos_bolt,univariate,completed,0,0.7763567642699818,0.40810571797192097,1,1,1,186,186,186,0,26784
selena_context_size_20260927T131553Z_36791,chronos2__model_config.context_length-2048__pipeline_config.raw_inference.completed_at-2026-09-27T13_49_42.358473_00_00,chronos2,multivariate,completed,0,0.7767515014742311,0.03514016419649124,1,1,1,18,18,18,0,80298
selena_context_size_20260927T131553Z_36791,chronos_bolt__model_config.context_length-256__pipeline_config.raw_inference.completed_at-2026-09-27T13_33_46.197769_00_00,chronos_bolt,univariate,completed,0,0.7774563405069341,0.301948893815279,1,1,1,75,75,75,0,2700
selena_context_size_20260927T131553Z_36791,chronos2__model_config.context_length-1024__pipeline_config.raw_inference.completed_at-2026-09-27T13_48_36.254958_00_00,chronos2,univariate,completed,0,0.7774868223017248,0.0363849475979805,1,1,1,31,31,31,0,26784
selena_context_size_20260927T131553Z_36791,chronos2__model_config.context_length-8192__pipeline_config.raw_inference.completed_at-2026-09-26T15_43_57.943761_00_00,chronos2,multivariate,completed,0,0.7777128406354761,0.16537532024085522,1,1,1,30,30,30,0,233280
selena_context_size_20260927T131553Z_36791,ts_icl__model_config.context_length-2048__pipeline_config.raw_inference.completed_at-2026-09-27T13_57_39.298387_00_00,ts_icl,univariate,completed,0,0.7777510490442944,0.30241416953504086,1,1,1,30,30,30,0,25875
selena_context_size_20260927T131553Z_36791,ts_icl__model_config.context_length-256__pipeline_config.raw_inference.completed_at-2026-09-27T15_05_43.863803_00_00,ts_icl,univariate,completed,0,0.7778828082477726,3.389658935368061,1,1,1,2016,2016,2016,0,435456
selena_context_size_20260927T131553Z_36791,ts_icl__model_config.context_length-2048__pipeline_config.raw_inference.completed_at-2026-09-27T14_07_53.897731_00_00,ts_icl,univariate,completed,0,0.7779278787206516,0.6649963576346636,1,1,1,40,40,40,0,4320
selena_context_size_20260927T131553Z_36791,ts_icl__model_config.context_length-4096__pipeline_config.raw_inference.completed_at-2026-09-26T16_24_28.930878_00_00,ts_icl,univariate,completed,0,0.7779278787206516,0.6909284833818674,1,1,1,40,40,40,0,4320
selena_context_size_20260927T131553Z_36791,chronos_bolt__model_config.context_length-256__pipeline_config.raw_inference.completed_at-2026-09-27T13_28_45.318234_00_00,chronos_bolt,univariate,completed,0,0.7780979747501634,0.36465929076075554,1,1,1,65,65,65,0,98280
selena_context_size_20260927T131553Z_36791,chronos2__model_config.context_length-4096__pipeline_config.raw_inference.completed_at-2026-09-27T13_42_27.884871_00_00,chronos2,multivariate,completed,0,0.7783392048265899,0.07397065125405788,1,1,1,15,15,15,0,29160
selena_context_size_20260927T131553Z_36791,chronos2__model_config.context_length-512__pipeline_config.raw_inference.completed_at-2026-09-27T13_48_08.860342_00_00,chronos2,multivariate,completed,0,0.7784700649588839,0.45200417563319206,1,1,1,1222,1222,1248,0,75996
selena_context_size_20260927T131553Z_36791,chronos2__model_config.context_length-2048__pipeline_config.raw_inference.completed_at-2026-09-27T13_41_45.866128_00_00,chronos2,multivariate,completed,0,0.7785138042261851,2.4219555761665106,1,1,1,1800,1800,1800,0,194400
selena_context_size_20260927T131553Z_36791,ts_icl__model_config.context_length-1024__pipeline_config.raw_inference.completed_at-2026-09-27T13_52_38.922769_00_00,ts_icl,univariate,completed,0,0.7786174486902473,1.8924004398286343,1,1,1,450,450,450,0,388800
selena_context_size_20260927T131553Z_36791,ts_icl__model_config.context_length-4096__pipeline_config.raw_inference.completed_at-2026-09-26T16_13_54.542217_00_00,ts_icl,univariate,completed,0,0.778894642098182,0.5884481072425842,1,1,1,20,20,20,0,120960
selena_context_size_20260927T131553Z_36791,chronos2__model_config.context_length-1024__pipeline_config.raw_inference.completed_at-2026-09-27T13_46_08.375055_00_00,chronos2,multivariate,completed,0,0.7789883820943628,1.3362237345427275,1,1,1,1800,1800,1800,0,194400
selena_context_size_20260927T131553Z_36791,chronos2__model_config.context_length-4096__pipeline_config.raw_inference.completed_at-2026-09-27T13_40_33.786098_00_00,chronos2,multivariate,completed,0,0.7792516256572544,1.9531799741089344,1,1,1,810,810,810,0,1574640
selena_context_size_20260927T131553Z_36791,chronos_bolt__model_config.context_length-256__pipeline_config.raw_inference.completed_at-2026-09-27T13_28_43.966754_00_00,chronos_bolt,univariate,completed,0,0.7793733824317393,0.7887676395475864,1,1,1,460,460,460,0,99360
selena_context_size_20260927T131553Z_36791,chronos2__model_config.context_length-4096__pipeline_config.raw_inference.completed_at-2026-09-27T13_42_14.706612_00_00,chronos2,multivariate,completed,0,0.7795532748707179,4.61906398460269,1,1,1,1800,1800,1800,0,194400
selena_context_size_20260927T131553Z_36791,chronos2__model_config.context_length-512__pipeline_config.raw_inference.completed_at-2026-09-27T13_49_13.481300_00_00,chronos2,multivariate,completed,0,0.7797997623320229,0.05499548837542534,1,1,1,140,140,140,0,120960
selena_context_size_20260927T131553Z_36791,chronos2__model_config.context_length-512__pipeline_config.raw_inference.completed_at-2026-09-27T13_46_17.796925_00_00,chronos2,multivariate,completed,0,0.7799192150185771,0.8880006242543459,1,1,1,2430,2430,2430,0,1574640
selena_context_size_20260927T131553Z_36791,chronos2__model_config.context_length-512__pipeline_config.raw_inference.completed_at-2026-09-27T13_47_33.679473_00_00,chronos2,multivariate,completed,0,0.7800209817780627,1.0141194686293602,1,1,1,1800,1800,1800,0,194400
selena_context_size_20260927T131553Z_36791,ts_icl__model_config.context_length-256__pipeline_config.raw_inference.completed_at-2026-09-27T15_09_17.636882_00_00,ts_icl,univariate,completed,0,0.7807470612949554,0.40377371571958065,1,1,1,40,40,40,0,4320
selena_context_size_20260927T131553Z_36791,chronos2__model_config.context_length-8192__pipeline_config.raw_inference.completed_at-2026-09-26T15_48_51.967815_00_00,chronos2,multivariate,completed,0,0.7807741631203355,8.633932314813137,1,1,1,1800,1800,1800,0,194400
selena_context_size_20260927T131553Z_36791,chronos2__model_config.context_length-1024__pipeline_config.raw_inference.completed_at-2026-09-27T13_44_19.492273_00_00,chronos2,multivariate,completed,0,0.7810212258854887,0.12180689536035061,1,1,1,150,150,150,0,388800
selena_context_size_20260927T131553Z_36791,chronos2__model_config.context_length-4096__pipeline_config.raw_inference.completed_at-2026-09-27T13_43_14.619562_00_00,chronos2,multivariate,completed,0,0.7813165345186834,0.34220758080482483,1,1,1,150,150,150,0,97200
selena_context_size_20260927T131553Z_36791,chronos2__model_config.context_length-2048__pipeline_config.raw_inference.completed_at-2026-09-27T13_40_57.491231_00_00,chronos2,univariate,completed,0,0.7813714075898432,0.04097121208906174,1,1,1,20,20,20,0,24129
selena_context_size_20260927T131553Z_36791,chronos_bolt__model_config.context_length-256__pipeline_config.raw_inference.completed_at-2026-09-27T13_37_25.436398_00_00,chronos_bolt,univariate,completed,0,0.7814357002200855,1.7839710526168346,1,1,1,1404,1404,1404,0,606528
selena_context_size_20260927T131553Z_36791,chronos2__model_config.context_length-8192__pipeline_config.raw_inference.completed_at-2026-09-26T15_49_59.800093_00_00,chronos2,multivariate,completed,0,0.7815046969507259,0.7197570148855448,1,1,1,150,150,150,0,97200
selena_context_size_20260927T131553Z_36791,chronos2__model_config.context_length-2048__pipeline_config.raw_inference.completed_at-2026-09-27T13_42_38.740979_00_00,chronos2,multivariate,completed,0,0.7815461172642707,0.17444725707173347,1,1,1,150,150,150,0,97200
selena_context_size_20260927T131553Z_36791,chronos2__model_config.context_length-8192__pipeline_config.raw_inference.completed_at-2026-09-26T15_46_47.354798_00_00,chronos2,multivariate,completed,0,0.7818707943035755,3.4409340750426054,1,1,1,810,810,810,0,1574640
selena_context_size_20260927T131553Z_36791,chronos2__model_config.context_length-1024__pipeline_config.raw_inference.completed_at-2026-09-27T13_43_34.604930_00_00,chronos2,multivariate,completed,0,0.7820181307733151,0.44288429990410805,1,1,1,630,630,630,0,544158
selena_context_size_20260927T131553Z_36791,chronos2__model_config.context_length-512__pipeline_config.raw_inference.completed_at-2026-09-27T13_54_51.531000_00_00,chronos2,multivariate,completed,0,0.7822044045684223,0.021590081974864006,1,1,1,18,18,18,0,80298
selena_context_size_20260927T131553Z_36791,chronos_bolt__model_config.context_length-2048__pipeline_config.raw_inference.completed_at-2026-09-26T15_50_57.183615_00_00,chronos_bolt,univariate,completed,0,0.7827356577297115,0.9545588120818138,1,1,1,622,622,624,0,75996
selena_context_size_20260927T131553Z_36791,chronos_bolt__model_config.context_length-1024__pipeline_config.raw_inference.completed_at-2026-09-27T13_28_32.596238_00_00,chronos_bolt,univariate,completed,0,0.7829686489059356,0.3030396141111851,1,1,1,75,75,75,0,2700
selena_context_size_20260927T131553Z_36791,chronos_bolt__model_config.context_length-2048__pipeline_config.raw_inference.completed_at-2026-09-26T15_57_15.535235_00_00,chronos_bolt,univariate,completed,0,0.7829686489059356,0.3053137753158808,1,1,1,75,75,75,0,2700
selena_context_size_20260927T131553Z_36791,chronos_bolt__model_config.context_length-512__pipeline_config.raw_inference.completed_at-2026-09-27T15_25_40.643451_00_00,chronos_bolt,univariate,completed,0,0.7829686489059356,0.3061897028237581,1,1,1,75,75,75,0,2700
selena_context_size_20260927T131553Z_36791,chronos2__model_config.context_length-1024__pipeline_config.raw_inference.completed_at-2026-09-27T13_46_56.544511_00_00,chronos2,multivariate,completed,0,0.7831688966277094,0.0962396040558815,1,1,1,150,150,150,0,97200
selena_context_size_20260927T131553Z_36791,ts_icl__model_config.context_length-4096__pipeline_config.raw_inference.completed_at-2026-09-26T16_09_07.941690_00_00,ts_icl,univariate,completed,0,0.7832507865803029,52.63533495925367,1,1,1,2016,2016,2016,0,435456
selena_context_size_20260927T131553Z_36791,ts_icl__model_config.context_length-2048__pipeline_config.raw_inference.completed_at-2026-09-27T14_01_16.426954_00_00,ts_icl,univariate,completed,0,0.7835256866916286,1.3642945792526007,1,1,1,150,150,150,0,97200
selena_context_size_20260927T131553Z_36791,chronos_bolt__model_config.context_length-512__pipeline_config.raw_inference.completed_at-2026-09-27T14_58_32.845906_00_00,chronos_bolt,univariate,completed,0,0.7835424373881855,1.3040654473006725,1,1,1,1222,1222,1248,0,75996
selena_context_size_20260927T131553Z_36791,ts_icl__model_config.context_length-512__pipeline_config.raw_inference.completed_at-2026-09-27T13_57_13.164353_00_00,ts_icl,univariate,completed,0,0.7835816324689193,1.527142956852913,1,1,1,622,622,624,0,75996
selena_context_size_20260927T131553Z_36791,chronos_bolt__model_config.context_length-256__pipeline_config.raw_inference.completed_at-2026-09-27T13_37_52.247920_00_00,chronos_bolt,univariate,completed,0,0.7836280448465099,0.4799754377454519,1,1,1,210,210,216,0,80298
selena_context_size_20260927T131553Z_36791,chronos2__model_config.context_length-512__pipeline_config.raw_inference.completed_at-2026-09-27T13_49_45.860843_00_00,chronos2,univariate,completed,0,0.783740741628961,2.6401256546378136,1,1,1,2478,2478,2478,0,2115504
selena_context_size_20260927T131553Z_36791,ts_icl__model_config.context_length-512__pipeline_config.raw_inference.completed_at-2026-09-27T13_53_36.249867_00_00,ts_icl,univariate,completed,0,0.7845665984625367,0.28098200261592865,1,1,1,90,90,90,0,233280
selena_context_size_20260927T131553Z_36791,ts_icl__model_config.context_length-1024__pipeline_config.raw_inference.completed_at-2026-09-27T14_01_02.010611_00_00,ts_icl,univariate,completed,0,0.7848230791886597,0.6499057207256556,1,1,1,40,40,40,0,4320
selena_context_size_20260927T131553Z_36791,chronos_bolt__model_config.context_length-128__pipeline_config.raw_inference.completed_at-2026-09-27T13_34_13.228058_00_00,chronos_bolt,univariate,completed,0,0.7848444666932203,0.3956293407827616,1,1,1,160,160,160,0,17280
selena_context_size_20260927T131553Z_36791,ts_icl__model_config.context_length-4096__pipeline_config.raw_inference.completed_at-2026-09-26T16_11_39.916630_00_00,ts_icl,univariate,completed,0,0.7849823435855258,3.6671226527541876,1,1,1,150,150,150,0,97200
selena_context_size_20260927T131553Z_36791,chronos_bolt__model_config.context_length-512__pipeline_config.raw_inference.completed_at-2026-09-27T14_57_48.237098_00_00,chronos_bolt,univariate,completed,0,0.7851623545816065,2.105567567050457,1,1,1,1800,1800,1800,0,194400
selena_context_size_20260927T131553Z_36791,chronos_bolt__model_config.context_length-128__pipeline_config.raw_inference.completed_at-2026-09-27T13_25_40.148309_00_00,chronos_bolt,univariate,completed,0,0.785338169102855,7.8222051952034235,1,1,1,7200,7200,7200,0,1166184
selena_context_size_20260927T131553Z_36791,chronos2__model_config.context_length-512__pipeline_config.raw_inference.completed_at-2026-09-27T13_52_42.447102_00_00,chronos2,univariate,completed,0,0.7855999187421853,0.24530143663287163,1,1,1,40,40,40,0,4320
selena_context_size_20260927T131553Z_36791,chronos_bolt__model_config.context_length-1024__pipeline_config.raw_inference.completed_at-2026-09-27T13_22_54.691417_00_00,chronos_bolt,univariate,completed,0,0.7856460548700135,0.7344585433602333,1,1,1,622,622,624,0,75996
selena_context_size_20260927T131553Z_36791,chronos_bolt__model_config.context_length-2048__pipeline_config.raw_inference.completed_at-2026-09-26T15_49_54.637419_00_00,chronos_bolt,univariate,completed,0,0.7856551552195463,3.2253792844712734,1,1,1,1800,1800,1800,0,194400
selena_context_size_20260927T131553Z_36791,chronos2__model_config.context_length-512__pipeline_config.raw_inference.completed_at-2026-09-27T13_48_29.899016_00_00,chronos2,multivariate,completed,0,0.7858535352078634,0.02090124413371086,1,1,1,40,40,40,0,25920
selena_context_size_20260927T131553Z_36791,chronos_bolt__model_config.context_length-1024__pipeline_config.raw_inference.completed_at-2026-09-27T13_22_03.001275_00_00,chronos_bolt,univariate,completed,0,0.7858697611624935,2.644150609150529,1,1,1,1800,1800,1800,0,194400
selena_context_size_20260927T131553Z_36791,chronos2__model_config.context_length-4096__pipeline_config.raw_inference.completed_at-2026-09-27T13_42_43.765772_00_00,chronos2,multivariate,completed,0,0.7860093171518205,0.7216041889041662,1,1,1,288,288,288,0,435456
selena_context_size_20260927T131553Z_36791,ts_icl__model_config.context_length-1024__pipeline_config.raw_inference.completed_at-2026-09-27T13_56_52.758259_00_00,ts_icl,univariate,completed,0,0.7863981503485689,0.656980874016881,1,1,1,150,150,150,0,97200
selena_context_size_20260927T131553Z_36791,chronos2__model_config.context_length-512__pipeline_config.raw_inference.completed_at-2026-09-27T13_45_54.367957_00_00,chronos2,multivariate,completed,0,0.7871170268164444,0.18569017574191093,1,1,1,450,450,450,0,388800
selena_context_size_20260927T131553Z_36791,chronos_bolt__model_config.context_length-256__pipeline_config.raw_inference.completed_at-2026-09-27T13_27_49.827815_00_00,chronos_bolt,univariate,completed,0,0.7871460362983219,2.134361995384097,1,1,1,1800,1800,1800,0,194400
selena_context_size_20260927T131553Z_36791,chronos2__model_config.context_length-8192__pipeline_config.raw_inference.completed_at-2026-09-26T15_49_24.607194_00_00,chronos2,multivariate,completed,0,0.787644250251116,1.2439574021846056,1,1,1,288,288,288,0,435456
selena_context_size_20260927T131553Z_36791,ts_icl__model_config.context_length-2048__pipeline_config.raw_inference.completed_at-2026-09-27T13_59_37.036908_00_00,ts_icl,univariate,completed,0,0.7876692516495286,15.561780415475368,1,1,1,1800,1800,1800,0,194400
selena_context_size_20260927T131553Z_36791,chronos_bolt__model_config.context_length-2048__pipeline_config.raw_inference.completed_at-2026-09-26T15_45_20.089987_00_00,chronos_bolt,univariate,completed,0,0.7879646587478571,4.684758359566331,1,1,1,450,450,450,0,388800
selena_context_size_20260927T131553Z_36791,ts_icl__model_config.context_length-4096__pipeline_config.raw_inference.completed_at-2026-09-26T16_03_11.786602_00_00,ts_icl,univariate,completed,0,0.7879896476976693,0.7321706265211105,1,1,1,30,30,30,0,25875
selena_context_size_20260927T131553Z_36791,ts_icl__model_config.context_length-1024__pipeline_config.raw_inference.completed_at-2026-09-27T13_55_55.062641_00_00,ts_icl,univariate,completed,0,0.7880100629583267,6.625317469239235,1,1,1,1800,1800,1800,0,194400
selena_context_size_20260927T131553Z_36791,chronos2__model_config.context_length-512__pipeline_config.raw_inference.completed_at-2026-09-27T13_48_09.647020_00_00,chronos2,multivariate,completed,0,0.7882464889519739,0.22824827954173088,1,1,1,622,622,624,0,75996
selena_context_size_20260927T131553Z_36791,chronos2__model_config.context_length-4096__pipeline_config.raw_inference.completed_at-2026-09-27T13_44_17.448348_00_00,chronos2,multivariate,completed,0,0.7884556190766103,0.06422095745801926,1,1,1,20,20,20,0,120960
selena_context_size_20260927T131553Z_36791,ts_icl__model_config.context_length-512__pipeline_config.raw_inference.completed_at-2026-09-27T13_56_35.061882_00_00,ts_icl,univariate,completed,0,0.788823913673228,3.7986755929887295,1,1,1,1800,1800,1800,0,194400
selena_context_size_20260927T131553Z_36791,ts_icl__model_config.context_length-256__pipeline_config.raw_inference.completed_at-2026-09-27T15_04_41.553733_00_00,ts_icl,univariate,completed,0,0.7889333289174468,0.08478875644505024,1,1,1,30,30,30,0,25875
selena_context_size_20260927T131553Z_36791,ts_icl__model_config.context_length-4096__pipeline_config.raw_inference.completed_at-2026-09-26T16_07_45.465539_00_00,ts_icl,univariate,completed,0,0.7893024461172853,43.21806778386235,1,1,1,1800,1800,1800,0,194400
selena_context_size_20260927T131553Z_36791,chronos2__model_config.context_length-8192__pipeline_config.raw_inference.completed_at-2026-09-26T15_43_42.011428_00_00,chronos2,multivariate,completed,0,0.7893230283527041,2.964181561022997,1,1,1,630,630,630,0,544158
selena_context_size_20260927T131553Z_36791,chronos2__model_config.context_length-2048__pipeline_config.raw_inference.completed_at-2026-09-27T13_40_19.540966_00_00,chronos2,multivariate,completed,0,0.7893847318334116,1.096536224707961,1,1,1,810,810,810,0,1574640
selena_context_size_20260927T131553Z_36791,ts_icl__model_config.context_length-512__pipeline_config.raw_inference.completed_at-2026-09-27T14_00_45.348824_00_00,ts_icl,univariate,completed,0,0.7904343796471196,0.6229476407170296,1,1,1,40,40,40,0,4320
selena_context_size_20260927T131553Z_36791,chronos_bolt__model_config.context_length-128__pipeline_config.raw_inference.completed_at-2026-09-27T13_28_39.443351_00_00,chronos_bolt,univariate,completed,0,0.7907086495125936,2.1423698868602514,1,1,1,1800,1800,1800,0,194400
selena_context_size_20260927T131553Z_36791,ts_icl__model_config.context_length-256__pipeline_config.raw_inference.completed_at-2026-09-27T15_05_59.240640_00_00,ts_icl,univariate,completed,0,0.7914758617247287,2.2644860316067934,1,1,1,1222,1222,1248,0,75996
selena_context_size_20260927T131553Z_36791,ts_icl__model_config.context_length-256__pipeline_config.raw_inference.completed_at-2026-09-27T15_05_27.737695_00_00,ts_icl,univariate,completed,0,0.791820711177542,3.145370641723275,1,1,1,1800,1800,1800,0,194400
selena_context_size_20260927T131553Z_36791,ts_icl__model_config.context_length-2048__pipeline_config.raw_inference.completed_at-2026-09-27T14_12_34.991710_00_00,ts_icl,univariate,completed,0,0.7927347977106637,0.34193105250597,1,1,1,36,36,36,0,80298
selena_context_size_20260927T131553Z_36791,ts_icl__model_config.context_length-1024__pipeline_config.raw_inference.completed_at-2026-09-27T14_03_45.061940_00_00,ts_icl,univariate,completed,0,0.7930878909389083,0.20987787283957005,1,1,1,36,36,36,0,80298
selena_context_size_20260927T131553Z_36791,chronos_bolt__model_config.context_length-128__pipeline_config.raw_inference.completed_at-2026-09-27T13_29_33.137728_00_00,chronos_bolt,univariate,completed,0,0.7933116189855413,0.7098369598388672,1,1,1,460,460,460,0,99360
selena_context_size_20260927T131553Z_36791,chronos2__model_config.context_length-512__pipeline_config.raw_inference.completed_at-2026-09-27T13_49_13.865106_00_00,chronos2,multivariate,completed,0,0.7933638748429851,0.029237685725092888,1,1,1,20,20,20,0,120960
selena_context_size_20260927T131553Z_36791,ts_icl__model_config.context_length-512__pipeline_config.raw_inference.completed_at-2026-09-27T13_57_20.612849_00_00,ts_icl,univariate,completed,0,0.7934316668597529,0.37905832193791866,1,1,1,150,150,150,0,97200
selena_context_size_20260927T131553Z_36791,ts_icl__model_config.context_length-2048__pipeline_config.raw_inference.completed_at-2026-09-27T14_00_16.227937_00_00,ts_icl,univariate,completed,0,0.793464123918256,2.638075741007924,1,1,1,288,288,288,0,435456
selena_context_size_20260927T131553Z_36791,chronos_bolt__model_config.context_length-512__pipeline_config.raw_inference.completed_at-2026-09-27T14_58_33.848410_00_00,chronos_bolt,univariate,completed,0,0.79371511957952,0.6555039808154106,1,1,1,622,622,624,0,75996
selena_context_size_20260927T131553Z_36791,chronos2__model_config.context_length-1024__pipeline_config.raw_inference.completed_at-2026-09-27T13_47_40.548805_00_00,chronos2,multivariate,completed,0,0.7939442633570115,0.13031765818595886,1,1,1,140,140,140,0,362880
selena_context_size_20260927T131553Z_36791,chronos_bolt__model_config.context_length-256__pipeline_config.raw_inference.completed_at-2026-09-27T13_33_36.663244_00_00,chronos_bolt,univariate,completed,0,0.7945384619025335,0.27195582538843155,1,1,1,40,40,40,0,4320
selena_context_size_20260927T131553Z_36791,chronos2__model_config.context_length-2048__pipeline_config.raw_inference.completed_at-2026-09-27T13_40_57.172855_00_00,chronos2,univariate,completed,0,0.794576281818235,0.09066575765609741,1,1,1,60,60,60,0,24129
selena_context_size_20260927T131553Z_36791,ts_icl__model_config.context_length-1024__pipeline_config.raw_inference.completed_at-2026-09-27T14_03_45.629644_00_00,ts_icl,univariate,completed,0,0.7949236169052786,0.13375263288617134,1,1,1,18,18,18,0,80298
selena_context_size_20260927T131553Z_36791,chronos_bolt__model_config.context_length-128__pipeline_config.raw_inference.completed_at-2026-09-27T13_37_51.711293_00_00,chronos_bolt,univariate,completed,0,0.7949733061089527,1.7160678748041391,1,1,1,1404,1404,1404,0,606528
selena_context_size_20260927T131553Z_36791,ts_icl__model_config.context_length-2048__pipeline_config.raw_inference.completed_at-2026-09-27T13_57_53.392718_00_00,ts_icl,univariate,completed,0,0.7953608671587772,1.4078764524310827,1,1,1,112,112,112,0,23886
selena_context_size_20260927T131553Z_36791,chronos2__model_config.context_length-2048__pipeline_config.raw_inference.completed_at-2026-09-27T13_47_17.085172_00_00,chronos2,univariate,completed,0,0.7956903841503931,0.24387824162840843,1,1,1,40,40,40,0,4320
selena_context_size_20260927T131553Z_36791,chronos2__model_config.context_length-4096__pipeline_config.raw_inference.completed_at-2026-09-27T13_48_15.910356_00_00,chronos2,univariate,completed,0,0.7956903841503931,0.24475296959280968,1,1,1,40,40,40,0,4320
selena_context_size_20260927T131553Z_36791,chronos2__model_config.context_length-8192__pipeline_config.raw_inference.completed_at-2026-09-26T15_56_02.550081_00_00,chronos2,univariate,completed,0,0.7956903841503931,0.25034067779779434,1,1,1,40,40,40,0,4320
selena_context_size_20260927T131553Z_36791,chronos2__model_config.context_length-512__pipeline_config.raw_inference.completed_at-2026-09-27T13_45_25.113520_00_00,chronos2,multivariate,completed,0,0.7958865783464324,0.04916899651288986,1,1,1,90,90,90,0,233280
selena_context_size_20260927T131553Z_36791,ts_icl__model_config.context_length-4096__pipeline_config.raw_inference.completed_at-2026-09-26T16_32_45.727670_00_00,ts_icl,univariate,completed,0,0.7964742306253869,0.7053412981331348,1,1,1,36,36,36,0,80298
selena_context_size_20260927T131553Z_36791,ts_icl__model_config.context_length-4096__pipeline_config.raw_inference.completed_at-2026-09-26T16_03_34.042014_00_00,ts_icl,univariate,completed,0,0.7965895976907863,0.24878704361617565,1,1,1,8,8,8,0,23886
selena_context_size_20260927T131553Z_36791,ts_icl__model_config.context_length-512__pipeline_config.raw_inference.completed_at-2026-09-27T14_02_48.347562_00_00,ts_icl,univariate,completed,0,0.7966104845856936,0.10872804559767246,1,1,1,18,18,18,0,80298
selena_context_size_20260927T131553Z_36791,chronos2__model_config.context_length-4096__pipeline_config.raw_inference.completed_at-2026-09-27T13_42_58.766469_00_00,chronos2,multivariate,completed,0,0.7968924694631168,5.006639309227467,1,1,1,2862,2862,2928,0,76428
selena_context_size_20260927T131553Z_36791,chronos2__model_config.context_length-8192__pipeline_config.raw_inference.completed_at-2026-09-26T15_49_39.685431_00_00,chronos2,multivariate,completed,0,0.7968924694631168,4.826221268624067,1,1,1,2862,2862,2928,0,76428
selena_context_size_20260927T131553Z_36791,ts_icl__model_config.context_length-4096__pipeline_config.raw_inference.completed_at-2026-09-26T16_09_17.673881_00_00,ts_icl,univariate,completed,0,0.797061646757408,8.498017262667418,1,1,1,288,288,288,0,435456
selena_context_size_20260927T131553Z_36791,ts_icl__model_config.context_length-4096__pipeline_config.raw_inference.completed_at-2026-09-26T16_03_32.393368_00_00,ts_icl,univariate,completed,0,0.7971198728717931,3.0255052018910646,1,1,1,112,112,112,0,23886
selena_context_size_20260927T131553Z_36791,chronos_bolt__model_config.context_length-2048__pipeline_config.raw_inference.completed_at-2026-09-26T15_52_24.634567_00_00,chronos_bolt,univariate,completed,0,0.7980183665597569,1.8454545363783836,1,1,1,20,20,20,0,120960
selena_context_size_20260927T131553Z_36791,ts_icl__model_config.context_length-512__pipeline_config.raw_inference.completed_at-2026-09-27T13_55_54.699287_00_00,ts_icl,univariate,completed,0,0.7982435011057706,0.4195910133421421,1,1,1,112,112,112,0,23886
selena_context_size_20260927T131553Z_36791,chronos_bolt__model_config.context_length-512__pipeline_config.raw_inference.completed_at-2026-09-27T14_58_44.847070_00_00,chronos_bolt,univariate,completed,0,0.7982760782872033,0.5738851297646761,1,1,1,150,150,150,0,97200
selena_context_size_20260927T131553Z_36791,chronos2__model_config.context_length-2048__pipeline_config.raw_inference.completed_at-2026-09-27T13_42_24.490940_00_00,chronos2,multivariate,completed,0,0.7984880448516568,3.5250882729887962,1,1,1,2862,2862,2928,0,76428
selena_context_size_20260927T131553Z_36791,chronos2__model_config.context_length-8192__pipeline_config.raw_inference.completed_at-2026-09-26T15_47_40.569043_00_00,chronos2,univariate,completed,0,0.7985822986378156,0.5735014602541924,1,1,1,112,112,112,0,23886
selena_context_size_20260927T131553Z_36791,ts_icl__model_config.context_length-4096__pipeline_config.raw_inference.completed_at-2026-09-26T16_10_35.031952_00_00,ts_icl,univariate,completed,0,0.7987369394624099,67.36613115482032,1,1,1,2862,2862,2928,0,76428
selena_context_size_20260927T131553Z_36791,chronos2__model_config.context_length-1024__pipeline_config.raw_inference.completed_at-2026-09-27T13_48_58.619661_00_00,chronos2,multivariate,completed,0,0.7988733113320162,0.5613799765706062,1,1,1,792,792,792,0,92664
selena_context_size_20260927T131553Z_36791,chronos2__model_config.context_length-2048__pipeline_config.raw_inference.completed_at-2026-09-27T13_44_53.846339_00_00,chronos2,multivariate,completed,0,0.7988733113320162,0.5678093265742064,1,1,1,792,792,792,0,92664
selena_context_size_20260927T131553Z_36791,chronos2__model_config.context_length-4096__pipeline_config.raw_inference.completed_at-2026-09-27T13_45_51.127115_00_00,chronos2,multivariate,completed,0,0.7988733113320162,0.5768413487821817,1,1,1,792,792,792,0,92664
selena_context_size_20260927T131553Z_36791,chronos2__model_config.context_length-512__pipeline_config.raw_inference.completed_at-2026-09-27T13_50_20.404284_00_00,chronos2,multivariate,completed,0,0.7988733113320162,0.5917067117989063,1,1,1,792,792,792,0,92664
selena_context_size_20260927T131553Z_36791,chronos2__model_config.context_length-8192__pipeline_config.raw_inference.completed_at-2026-09-26T15_53_33.873091_00_00,chronos2,multivariate,completed,0,0.7988733113320162,0.5649919267743826,1,1,1,792,792,792,0,92664
selena_context_size_20260927T131553Z_36791,ts_icl__model_config.context_length-2048__pipeline_config.raw_inference.completed_at-2026-09-27T14_00_47.726030_00_00,ts_icl,univariate,completed,0,0.7988800436237299,25.14050400070846,1,1,1,2862,2862,2928,0,76428
selena_context_size_20260927T131553Z_36791,chronos_bolt__model_config.context_length-2048__pipeline_config.raw_inference.completed_at-2026-09-26T16_06_55.799472_00_00,chronos_bolt,univariate,completed,0,0.7990777858828598,166.60857436805964,1,1,1,4428,4428,4428,0,11477376
selena_context_size_20260927T131553Z_36791,ts_icl__model_config.context_length-4096__pipeline_config.raw_inference.completed_at-2026-09-26T16_00_36.082241_00_00,ts_icl,univariate,completed,0,0.7991322962212916,67.29389851354063,1,1,1,2430,2430,2430,0,1574640
selena_context_size_20260927T131553Z_36791,chronos2__model_config.context_length-4096__pipeline_config.raw_inference.completed_at-2026-09-27T13_41_14.657867_00_00,chronos2,univariate,completed,0,0.7992001993156098,0.14980143308639526,1,1,1,60,60,60,0,24129
selena_context_size_20260927T131553Z_36791,ts_icl__model_config.context_length-1024__pipeline_config.raw_inference.completed_at-2026-09-27T13_54_57.677388_00_00,ts_icl,univariate,completed,0,0.7995107771568744,0.5840762164443731,1,1,1,112,112,112,0,23886
selena_context_size_20260927T131553Z_36791,ts_icl__model_config.context_length-512__pipeline_config.raw_inference.completed_at-2026-09-27T14_02_47.791690_00_00,ts_icl,univariate,completed,0,0.799731225470916,0.15534832887351513,1,1,1,36,36,36,0,80298
selena_context_size_20260927T131553Z_36791,chronos_bolt__model_config.context_length-2048__pipeline_config.raw_inference.completed_at-2026-09-26T16_07_48.889946_00_00,chronos_bolt,univariate,completed,0,0.7998692663311054,1.4043840672820807,1,1,1,18,18,18,0,80298
selena_context_size_20260927T131553Z_36791,chronos2__model_config.context_length-1024__pipeline_config.raw_inference.completed_at-2026-09-27T13_51_20.311905_00_00,chronos2,univariate,completed,0,0.7998762262222356,0.24301106296479702,1,1,1,40,40,40,0,4320
selena_context_size_20260927T131553Z_36791,chronos2__model_config.context_length-4096__pipeline_config.raw_inference.completed_at-2026-09-27T13_41_14.995410_00_00,chronos2,univariate,completed,0,0.7999184639598758,0.05799880437552929,1,1,1,20,20,20,0,24129
selena_context_size_20260927T131553Z_36791,ts_icl__model_config.context_length-2048__pipeline_config.raw_inference.completed_at-2026-09-27T14_12_35.625329_00_00,ts_icl,univariate,completed,0,0.8001274377868375,0.1904264371842146,1,1,1,18,18,18,0,80298
selena_context_size_20260927T131553Z_36791,ts_icl__model_config.context_length-256__pipeline_config.raw_inference.completed_at-2026-09-27T15_04_52.477298_00_00,ts_icl,univariate,completed,0,0.8002525850823268,0.3590147141367197,1,1,1,112,112,112,0,23886
selena_context_size_20260927T131553Z_36791,chronos_bolt__model_config.context_length-512__pipeline_config.raw_inference.completed_at-2026-09-27T14_56_27.556609_00_00,chronos_bolt,univariate,completed,0,0.8004647232624481,0.1940485592931509,1,1,1,30,30,30,0,25875
selena_context_size_20260927T131553Z_36791,chronos_bolt__model_config.context_length-256__pipeline_config.raw_inference.completed_at-2026-09-27T13_26_35.461891_00_00,chronos_bolt,univariate,completed,0,0.8008137370741123,0.13178601674735546,1,1,1,10,10,10,0,25875
selena_context_size_20260927T131553Z_36791,chronos_bolt__model_config.context_length-2048__pipeline_config.raw_inference.completed_at-2026-09-26T15_47_15.799291_00_00,chronos_bolt,univariate,completed,0,0.8010741497430847,5.566486759111285,1,1,1,3528,3528,3528,0,762048
selena_context_size_20260927T131553Z_36791,chronos2__model_config.context_length-4096__pipeline_config.raw_inference.completed_at-2026-09-27T13_41_24.510789_00_00,chronos2,univariate,completed,0,0.8012045539794369,0.42958169989287853,1,1,1,112,112,112,0,23886
selena_context_size_20260927T131553Z_36791,chronos_bolt__model_config.context_length-1024__pipeline_config.raw_inference.completed_at-2026-09-27T13_20_01.926054_00_00,chronos_bolt,univariate,completed,0,0.8012233671234966,4.376493668183684,1,1,1,3528,3528,3528,0,762048
selena_context_size_20260927T131553Z_36791,ts_icl__model_config.context_length-512__pipeline_config.raw_inference.completed_at-2026-09-27T13_55_44.073349_00_00,ts_icl,univariate,completed,0,0.8015517013839629,0.05398154631257057,1,1,1,10,10,10,0,25875
selena_context_size_20260927T131553Z_36791,ts_icl__model_config.context_length-512__pipeline_config.raw_inference.completed_at-2026-09-27T13_55_43.622371_00_00,ts_icl,univariate,completed,0,0.8018726768391583,0.1126392874866724,1,1,1,30,30,30,0,25875
selena_context_size_20260927T131553Z_36791,chronos2__model_config.context_length-8192__pipeline_config.raw_inference.completed_at-2026-09-26T15_47_30.579448_00_00,chronos2,univariate,completed,0,0.801888244042546,0.2868414707481861,1,1,1,60,60,60,0,24129
selena_context_size_20260927T131553Z_36791,ts_icl__model_config.context_length-256__pipeline_config.raw_inference.completed_at-2026-09-27T15_06_07.576251_00_00,ts_icl,univariate,completed,0,0.8018992421242127,0.2894572243094444,1,1,1,150,150,150,0,97200
selena_context_size_20260927T131553Z_36791,chronos2__model_config.context_length-1024__pipeline_config.raw_inference.completed_at-2026-09-27T13_45_26.123183_00_00,chronos2,univariate,completed,0,0.8026356198456867,0.034623883664608,1,1,1,20,20,20,0,24129
selena_context_size_20260927T131553Z_36791,chronos_bolt__model_config.context_length-1024__pipeline_config.raw_inference.completed_at-2026-09-27T13_25_54.597543_00_00,chronos_bolt,univariate,completed,0,0.8030669265439482,1.1051202397793531,1,1,1,792,792,792,0,92664
selena_context_size_20260927T131553Z_36791,chronos_bolt__model_config.context_length-2048__pipeline_config.raw_inference.completed_at-2026-09-26T15_54_37.367123_00_00,chronos_bolt,univariate,completed,0,0.8030669265439482,1.150308296084404,1,1,1,792,792,792,0,92664
selena_context_size_20260927T131553Z_36791,chronos_bolt__model_config.context_length-512__pipeline_config.raw_inference.completed_at-2026-09-27T15_23_03.602043_00_00,chronos_bolt,univariate,completed,0,0.8030669265439482,1.3808131124824286,1,1,1,792,792,792,0,92664
selena_context_size_20260927T131553Z_36791,chronos_bolt__model_config.context_length-2048__pipeline_config.raw_inference.completed_at-2026-09-26T16_07_47.396009_00_00,chronos_bolt,univariate,completed,0,0.8031938003808404,1.4036972597241402,1,1,1,36,36,36,0,80298
selena_context_size_20260927T131553Z_36791,ts_icl__model_config.context_length-4096__pipeline_config.raw_inference.completed_at-2026-09-26T16_32_46.568368_00_00,ts_icl,univariate,completed,0,0.803482866338668,0.3963604625314474,1,1,1,18,18,18,0,80298
selena_context_size_20260927T131553Z_36791,chronos_bolt__model_config.context_length-1024__pipeline_config.raw_inference.completed_at-2026-09-27T13_23_55.438664_00_00,chronos_bolt,univariate,completed,0,0.8038140113993015,2.3945304583758116,1,1,1,420,420,420,0,362880
selena_context_size_20260927T131553Z_36791,chronos2__model_config.context_length-1024__pipeline_config.raw_inference.completed_at-2026-09-27T13_46_43.543828_00_00,chronos2,multivariate,completed,0,0.8039749123907707,1.8884740937501192,1,1,1,2862,2862,2928,0,76428
selena_context_size_20260927T131553Z_36791,chronos2__model_config.context_length-2048__pipeline_config.raw_inference.completed_at-2026-09-27T13_41_06.954311_00_00,chronos2,univariate,completed,0,0.8040666807734695,0.3497636653482914,1,1,1,112,112,112,0,23886
selena_context_size_20260927T131553Z_36791,chronos_bolt__model_config.context_length-2048__pipeline_config.raw_inference.completed_at-2026-09-26T15_43_57.504418_00_00,chronos_bolt,univariate,completed,0,0.8041581728836168,3.3606549240648746,1,1,1,90,90,90,0,233280
selena_context_size_20260927T131553Z_36791,ts_icl__model_config.context_length-256__pipeline_config.raw_inference.completed_at-2026-09-27T15_06_01.269751_00_00,ts_icl,univariate,completed,0,0.8043294141414911,1.2671807277947664,1,1,1,622,622,624,0,75996
selena_context_size_20260927T131553Z_36791,ts_icl__model_config.context_length-1024__pipeline_config.raw_inference.completed_at-2026-09-27T13_56_35.794393_00_00,ts_icl,univariate,completed,0,0.8045966790467938,11.081912774592638,1,1,1,2862,2862,2928,0,76428
selena_context_size_20260927T131553Z_36791,chronos_bolt__model_config.context_length-2048__pipeline_config.raw_inference.completed_at-2026-09-26T15_47_26.753659_00_00,chronos_bolt,univariate,completed,0,0.8046234772564353,9.822451688349247,1,1,1,504,504,504,0,762048
selena_context_size_20260927T131553Z_36791,chronos2__model_config.context_length-512__pipeline_config.raw_inference.completed_at-2026-09-27T13_45_14.035513_00_00,chronos2,multivariate,completed,0,0.80467156515807,0.27730775624513626,1,1,1,630,630,630,0,544158
selena_context_size_20260927T131553Z_36791,chronos_bolt__model_config.context_length-256__pipeline_config.raw_inference.completed_at-2026-09-27T13_31_10.455554_00_00,chronos_bolt,univariate,completed,0,0.8047603470911637,1.0485348515212536,1,1,1,792,792,792,0,92664
selena_context_size_20260927T131553Z_36791,chronos_bolt__model_config.context_length-256__pipeline_config.raw_inference.completed_at-2026-09-27T13_28_32.800380_00_00,chronos_bolt,univariate,completed,0,0.8050286712919952,1.3077854327857494,1,1,1,1222,1222,1248,0,75996
selena_context_size_20260927T131553Z_36791,chronos_bolt__model_config.context_length-512__pipeline_config.raw_inference.completed_at-2026-09-27T15_30_39.867872_00_00,chronos_bolt,univariate,completed,0,0.8051346395232258,0.6377622243016958,1,1,1,18,18,18,0,80298
selena_context_size_20260927T131553Z_36791,chronos2__model_config.context_length-1024__pipeline_config.raw_inference.completed_at-2026-09-27T13_45_15.490597_00_00,chronos2,univariate,completed,0,0.8054465431474277,0.03630051948130131,1,1,1,30,30,30,0,25875
selena_context_size_20260927T131553Z_36791,chronos2__model_config.context_length-512__pipeline_config.raw_inference.completed_at-2026-09-27T13_47_02.612372_00_00,chronos2,univariate,completed,0,0.805460643907763,0.30554725229740143,1,1,1,112,112,112,0,23886
selena_context_size_20260927T131553Z_36791,chronos2__model_config.context_length-8192__pipeline_config.raw_inference.completed_at-2026-09-26T15_51_15.309082_00_00,chronos2,multivariate,completed,0,0.805583445825203,0.09806406125426292,1,1,1,20,20,20,0,120960
selena_context_size_20260927T131553Z_36791,chronos2__model_config.context_length-512__pipeline_config.raw_inference.completed_at-2026-09-27T13_47_44.941847_00_00,chronos2,multivariate,completed,0,0.8065946508738205,0.02198481559753418,1,1,1,45,45,45,0,29160
selena_context_size_20260927T131553Z_36791,ts_icl__model_config.context_length-2048__pipeline_config.raw_inference.completed_at-2026-09-27T13_56_21.049751_00_00,ts_icl,univariate,completed,0,0.8070576246842253,22.37318659015,1,1,1,2430,2430,2430,0,1574640
selena_context_size_20260927T131553Z_36791,chronos2__model_config.context_length-1024__pipeline_config.raw_inference.completed_at-2026-09-27T13_45_35.497741_00_00,chronos2,univariate,completed,0,0.8070821258302109,0.3040750566869974,1,1,1,112,112,112,0,23886
selena_context_size_20260927T131553Z_36791,chronos_bolt__model_config.context_length-1024__pipeline_config.raw_inference.completed_at-2026-09-27T13_35_21.189429_00_00,chronos_bolt,univariate,completed,0,0.807153212432571,0.9202129412442446,1,1,1,18,18,18,0,80298
selena_context_size_20260927T131553Z_36791,ts_icl__model_config.context_length-2048__pipeline_config.raw_inference.completed_at-2026-09-27T13_57_54.800392_00_00,ts_icl,univariate,completed,0,0.8072918412075684,0.17136332765221596,1,1,1,8,8,8,0,23886
selena_context_size_20260927T131553Z_36791,chronos2__model_config.context_length-512__pipeline_config.raw_inference.completed_at-2026-09-27T13_48_19.843453_00_00,chronos2,multivariate,completed,0,0.8075634176627787,0.06563372537493706,1,1,1,150,150,150,0,97200
selena_context_size_20260927T131553Z_36791,ts_icl__model_config.context_length-1024__pipeline_config.raw_inference.completed_at-2026-09-27T13_59_40.564143_00_00,ts_icl,univariate,completed,0,0.8076187999173401,9.39296294376254,1,1,1,792,792,792,0,92664
selena_context_size_20260927T131553Z_36791,ts_icl__model_config.context_length-2048__pipeline_config.raw_inference.completed_at-2026-09-27T14_06_23.803563_00_00,ts_icl,univariate,completed,0,0.8076187999173401,9.417580058798194,1,1,1,792,792,792,0,92664
selena_context_size_20260927T131553Z_36791,ts_icl__model_config.context_length-4096__pipeline_config.raw_inference.completed_at-2026-09-26T16_22_31.377150_00_00,ts_icl,univariate,completed,0,0.8076187999173401,9.429790884256363,1,1,1,792,792,792,0,92664
selena_context_size_20260927T131553Z_36791,ts_icl__model_config.context_length-512__pipeline_config.raw_inference.completed_at-2026-09-27T13_59_26.523348_00_00,ts_icl,univariate,completed,0,0.8076187999173401,9.33318586833775,1,1,1,792,792,792,0,92664
selena_context_size_20260927T131553Z_36791,chronos2__model_config.context_length-2048__pipeline_config.raw_inference.completed_at-2026-09-27T13_42_11.119342_00_00,chronos2,multivariate,completed,0,0.8077844552711695,0.38805911503732204,1,1,1,288,288,288,0,435456
selena_context_size_20260927T131553Z_36791,ts_icl__model_config.context_length-1024__pipeline_config.raw_inference.completed_at-2026-09-27T13_54_58.742423_00_00,ts_icl,univariate,completed,0,0.8077984543393268,0.06301836855709553,1,1,1,8,8,8,0,23886
selena_context_size_20260927T131553Z_36791,chronos2__model_config.context_length-8192__pipeline_config.raw_inference.completed_at-2026-09-26T15_47_30.955919_00_00,chronos2,univariate,completed,0,0.807887085239443,0.10036924481391907,1,1,1,20,20,20,0,24129
selena_context_size_20260927T131553Z_36791,chronos_bolt__model_config.context_length-128__pipeline_config.raw_inference.completed_at-2026-09-27T13_30_05.852652_00_00,chronos_bolt,univariate,completed,0,0.8080201872961997,1.0593513455241919,1,1,1,525,525,525,0,113400
selena_context_size_20260927T131553Z_36791,chronos_bolt__model_config.context_length-1024__pipeline_config.raw_inference.completed_at-2026-09-27T13_23_06.005438_00_00,chronos_bolt,univariate,completed,0,0.8085771718888519,0.8875023629516363,1,1,1,150,150,150,0,97200
selena_context_size_20260927T131553Z_36791,chronos_bolt__model_config.context_length-1024__pipeline_config.raw_inference.completed_at-2026-09-27T13_24_11.506848_00_00,chronos_bolt,univariate,completed,0,0.8085937021720553,1.2444403544068336,1,1,1,20,20,20,0,120960
selena_context_size_20260927T131553Z_36791,chronos_bolt__model_config.context_length-128__pipeline_config.raw_inference.completed_at-2026-09-27T13_29_21.969167_00_00,chronos_bolt,univariate,completed,0,0.8086083963408432,1.3033953104168177,1,1,1,1222,1222,1248,0,75996
selena_context_size_20260927T131553Z_36791,ts_icl__model_config.context_length-256__pipeline_config.raw_inference.completed_at-2026-09-27T15_08_01.771119_00_00,ts_icl,univariate,completed,0,0.808626038227135,9.124821119010448,1,1,1,792,792,792,0,92664
selena_context_size_20260927T131553Z_36791,ts_icl__model_config.context_length-1024__pipeline_config.raw_inference.completed_at-2026-09-27T13_52_40.354982_00_00,ts_icl,univariate,completed,0,0.8087878333570615,0.7213107421994209,1,1,1,150,150,150,0,388800
selena_context_size_20260927T131553Z_36791,ts_icl__model_config.context_length-1024__pipeline_config.raw_inference.completed_at-2026-09-27T13_56_19.118950_00_00,ts_icl,univariate,completed,0,0.8090872620802069,1.2529134284704924,1,1,1,288,288,288,0,435456
selena_context_size_20260927T131553Z_36791,chronos_bolt__model_config.context_length-1024__pipeline_config.raw_inference.completed_at-2026-09-27T13_22_29.979321_00_00,chronos_bolt,univariate,completed,0,0.8095085747574132,2.6094624754041433,1,1,1,2016,2016,2016,0,435456
selena_context_size_20260927T131553Z_36791,ts_icl__model_config.context_length-2048__pipeline_config.raw_inference.completed_at-2026-09-27T13_57_54.228873_00_00,ts_icl,univariate,completed,0,0.8100635664957083,0.32528884522616863,1,1,1,16,16,16,0,23886
selena_context_size_20260927T131553Z_36791,chronos_bolt__model_config.context_length-1024__pipeline_config.raw_inference.completed_at-2026-09-27T13_20_08.190859_00_00,chronos_bolt,univariate,completed,0,0.8106302584555825,5.1548885107040405,1,1,1,504,504,504,0,762048
selena_context_size_20260927T131553Z_36791,chronos2__model_config.context_length-1024__pipeline_config.raw_inference.completed_at-2026-09-27T13_45_25.812428_00_00,chronos2,univariate,completed,0,0.8112157645584641,0.06780277192592621,1,1,1,60,60,60,0,24129
selena_context_size_20260927T131553Z_36791,chronos_bolt__model_config.context_length-128__pipeline_config.raw_inference.completed_at-2026-09-27T13_30_07.192986_00_00,chronos_bolt,univariate,completed,0,0.8118186640510663,0.33020078390836716,1,1,1,75,75,75,0,113400
selena_context_size_20260927T131553Z_36791,ts_icl__model_config.context_length-512__pipeline_config.raw_inference.completed_at-2026-09-27T13_54_19.900358_00_00,ts_icl,univariate,completed,0,0.8118900900224849,1.1304007433354855,1,1,1,450,450,450,0,388800
selena_context_size_20260927T131553Z_36791,chronos_bolt__model_config.context_length-128__pipeline_config.raw_inference.completed_at-2026-09-27T13_31_57.310060_00_00,chronos_bolt,univariate,completed,0,0.8123224868092463,1.0468449387699366,1,1,1,792,792,792,0,92664
selena_context_size_20260927T131553Z_36791,ts_icl__model_config.context_length-4096__pipeline_config.raw_inference.completed_at-2026-09-26T16_03_33.387940_00_00,ts_icl,univariate,completed,0,0.8124181450914852,0.4841473549604416,1,1,1,16,16,16,0,23886
selena_context_size_20260927T131553Z_36791,ts_icl__model_config.context_length-512__pipeline_config.raw_inference.completed_at-2026-09-27T13_57_06.708985_00_00,ts_icl,univariate,completed,0,0.8125311657247037,6.615774556994438,1,1,1,2862,2862,2928,0,76428
selena_context_size_20260927T131553Z_36791,chronos_bolt__model_config.context_length-128__pipeline_config.raw_inference.completed_at-2026-09-27T13_38_18.300828_00_00,chronos_bolt,univariate,completed,0,0.8125610512214192,0.4779231268912554,1,1,1,210,210,216,0,80298
selena_context_size_20260927T131553Z_36791,chronos_bolt__model_config.context_length-128__pipeline_config.raw_inference.completed_at-2026-09-27T13_29_34.319584_00_00,chronos_bolt,univariate,completed,0,0.8135179284652619,0.31844797171652317,1,1,1,65,65,65,0,98280
selena_context_size_20260927T131553Z_36791,chronos2__model_config.context_length-512__pipeline_config.raw_inference.completed_at-2026-09-27T13_48_07.456666_00_00,chronos2,multivariate,completed,0,0.813906362097159,1.2191672157496214,1,1,1,2862,2862,2928,0,76428
selena_context_size_20260927T131553Z_36791,chronos_bolt__model_config.context_length-2048__pipeline_config.raw_inference.completed_at-2026-09-26T15_50_53.220168_00_00,chronos_bolt,univariate,completed,0,0.8143449796422634,4.693757863715291,1,1,1,2862,2862,2928,0,76428
selena_context_size_20260927T131553Z_36791,ts_icl__model_config.context_length-4096__pipeline_config.raw_inference.completed_at-2026-09-26T16_11_51.007506_00_00,ts_icl,univariate,completed,0,0.8144746821247477,0.9607861638069153,1,1,1,40,40,40,0,25920
selena_context_size_20260927T131553Z_36791,chronos_bolt__model_config.context_length-2048__pipeline_config.raw_inference.completed_at-2026-09-26T15_50_26.168306_00_00,chronos_bolt,univariate,completed,0,0.8149351385388113,3.239248387515545,1,1,1,2016,2016,2016,0,435456
selena_context_size_20260927T131553Z_36791,chronos_bolt__model_config.context_length-128__pipeline_config.raw_inference.completed_at-2026-09-27T13_29_22.972335_00_00,chronos_bolt,univariate,completed,0,0.8150686190040243,0.656269883736968,1,1,1,622,622,624,0,75996
selena_context_size_20260927T131553Z_36791,chronos_bolt__model_config.context_length-1024__pipeline_config.raw_inference.completed_at-2026-09-27T13_34_33.599262_00_00,chronos_bolt,univariate,completed,0,0.8159642317167134,93.77379813976586,1,1,1,4428,4428,4428,0,11477376
selena_context_size_20260927T131553Z_36791,chronos2__model_config.context_length-8192__pipeline_config.raw_inference.completed_at-2026-09-26T15_50_11.329123_00_00,chronos2,multivariate,completed,0,0.8160283807582627,0.1753155943006277,1,1,1,40,40,40,0,25920
selena_context_size_20260927T131553Z_36791,ts_icl__model_config.context_length-512__pipeline_config.raw_inference.completed_at-2026-09-27T14_02_18.020284_00_00,ts_icl,univariate,completed,0,0.816040159530075,13.393410680815578,1,1,1,4428,4428,4428,0,11477376
selena_context_size_20260927T131553Z_36791,chronos_bolt__model_config.context_length-512__pipeline_config.raw_inference.completed_at-2026-09-27T14_58_55.360274_00_00,chronos_bolt,univariate,completed,0,0.8163870659437716,0.18127813190221786,1,1,1,40,40,40,0,25920
selena_context_size_20260927T131553Z_36791,ts_icl__model_config.context_length-1024__pipeline_config.raw_inference.completed_at-2026-09-27T13_54_52.417008_00_00,ts_icl,univariate,completed,0,0.816849235285571,0.2827574647963047,1,1,1,60,60,60,0,24129
selena_context_size_20260927T131553Z_36791,chronos_bolt__model_config.context_length-512__pipeline_config.raw_inference.completed_at-2026-09-27T14_58_55.520690_00_00,chronos_bolt,univariate,completed,0,0.8177564347519917,0.10404632054269314,1,1,1,16,16,16,0,24192
selena_context_size_20260927T131553Z_36791,chronos_bolt__model_config.context_length-256__pipeline_config.raw_inference.completed_at-2026-09-27T13_28_33.811832_00_00,chronos_bolt,univariate,completed,0,0.8178029709768031,0.6572802867740393,1,1,1,622,622,624,0,75996
selena_context_size_20260927T131553Z_36791,ts_icl__model_config.context_length-512__pipeline_config.raw_inference.completed_at-2026-09-27T13_57_26.727934_00_00,ts_icl,univariate,completed,0,0.8178120845404017,0.1205749548971653,1,1,1,40,40,40,0,25920
selena_context_size_20260927T131553Z_36791,chronos2__model_config.context_length-1024__pipeline_config.raw_inference.completed_at-2026-09-27T13_46_19.882664_00_00,chronos2,multivariate,completed,0,0.8179193023252801,0.03248022682964802,1,1,1,45,45,45,0,29160
selena_context_size_20260927T131553Z_36791,chronos_bolt__model_config.context_length-512__pipeline_config.raw_inference.completed_at-2026-09-27T15_25_30.900582_00_00,chronos_bolt,univariate,completed,0,0.8180760964301907,0.3539734836667776,1,1,1,40,40,40,0,4320
selena_context_size_20260927T131553Z_36791,ts_icl__model_config.context_length-4096__pipeline_config.raw_inference.completed_at-2026-09-26T16_03_25.220219_00_00,ts_icl,univariate,completed,0,0.8182145702861777,0.4885022006928921,1,1,1,20,20,20,0,24129
selena_context_size_20260927T131553Z_36791,ts_icl__model_config.context_length-512__pipeline_config.raw_inference.completed_at-2026-09-27T13_54_03.236188_00_00,ts_icl,univariate,completed,0,0.8183927473904232,2.3763414826244116,1,1,1,900,900,900,0,1166184
selena_context_size_20260927T131553Z_36791,chronos_bolt__model_config.context_length-1024__pipeline_config.raw_inference.completed_at-2026-09-27T13_22_51.399269_00_00,chronos_bolt,univariate,completed,0,0.818556555199929,3.684556011110544,1,1,1,2862,2862,2928,0,76428
selena_context_size_20260927T131553Z_36791,chronos2__model_config.context_length-2048__pipeline_config.raw_inference.completed_at-2026-09-27T13_38_42.054964_00_00,chronos2,multivariate,completed,0,0.8185681886538241,0.294986579567194,1,1,1,210,210,210,0,544158
selena_context_size_20260927T131553Z_36791,chronos_bolt__model_config.context_length-256__pipeline_config.raw_inference.completed_at-2026-09-27T13_37_53.418455_00_00,chronos_bolt,univariate,completed,0,0.8186767584718168,0.5094136353582144,1,1,1,18,18,18,0,80298
selena_context_size_20260927T131553Z_36791,ts_icl__model_config.context_length-2048__pipeline_config.raw_inference.completed_at-2026-09-27T13_57_47.214465_00_00,ts_icl,univariate,completed,0,0.8190854815145012,0.5331386104226112,1,1,1,60,60,60,0,24129
selena_context_size_20260927T131553Z_36791,chronos2__model_config.context_length-1024__pipeline_config.raw_inference.completed_at-2026-09-27T13_47_06.567723_00_00,chronos2,multivariate,completed,0,0.8191245777318782,0.027230998501181602,1,1,1,40,40,40,0,25920
selena_context_size_20260927T131553Z_36791,ts_icl__model_config.context_length-1024__pipeline_config.raw_inference.completed_at-2026-09-27T13_56_59.350960_00_00,ts_icl,univariate,completed,0,0.8198406353812109,0.19254978001117706,1,1,1,40,40,40,0,25920
selena_context_size_20260927T131553Z_36791,ts_icl__model_config.context_length-4096__pipeline_config.raw_inference.completed_at-2026-09-26T16_03_24.322351_00_00,ts_icl,univariate,completed,0,0.8201260717400357,1.3937448561191559,1,1,1,60,60,60,0,24129
selena_context_size_20260927T131553Z_36791,chronos2__model_config.context_length-2048__pipeline_config.raw_inference.completed_at-2026-09-27T13_41_07.272574_00_00,chronos2,univariate,completed,0,0.820184315208751,0.025647273287177086,1,1,1,16,16,16,0,23886
selena_context_size_20260927T131553Z_36791,chronos2__model_config.context_length-1024__pipeline_config.raw_inference.completed_at-2026-09-27T13_44_50.805053_00_00,chronos2,multivariate,completed,0,0.8206700752391325,0.6337081212550402,1,1,1,810,810,810,0,1574640
selena_context_size_20260927T131553Z_36791,chronos_bolt__model_config.context_length-2048__pipeline_config.raw_inference.completed_at-2026-09-26T15_51_09.342246_00_00,chronos_bolt,univariate,completed,0,0.8209018610001972,1.5653606411069632,1,1,1,150,150,150,0,97200
selena_context_size_20260927T131553Z_36791,chronos_bolt__model_config.context_length-128__pipeline_config.raw_inference.completed_at-2026-09-27T13_38_18.810960_00_00,chronos_bolt,univariate,completed,0,0.8211520156106168,0.36492989026010036,1,1,1,36,36,36,0,80298
selena_context_size_20260927T131553Z_36791,chronos_bolt__model_config.context_length-512__pipeline_config.raw_inference.completed_at-2026-09-27T14_58_12.980681_00_00,chronos_bolt,univariate,completed,0,0.8217372288603465,2.3208977170288563,1,1,1,2016,2016,2016,0,435456
selena_context_size_20260927T131553Z_36791,chronos_bolt__model_config.context_length-1024__pipeline_config.raw_inference.completed_at-2026-09-27T13_18_39.009957_00_00,chronos_bolt,univariate,completed,0,0.821817517315064,2.556298565119505,1,1,1,450,450,450,0,388800
selena_context_size_20260927T131553Z_36791,chronos_bolt__model_config.context_length-1024__pipeline_config.raw_inference.completed_at-2026-09-27T13_20_15.337330_00_00,chronos_bolt,univariate,completed,0,0.8220976506809825,6.790171725675464,1,1,1,252,252,252,0,762048
selena_context_size_20260927T131553Z_36791,chronos_bolt__model_config.context_length-2048__pipeline_config.raw_inference.completed_at-2026-09-26T15_47_38.827413_00_00,chronos_bolt,univariate,completed,0,0.822362544365893,11.711758149787784,1,1,1,252,252,252,0,762048
selena_context_size_20260927T131553Z_36791,chronos_bolt__model_config.context_length-1024__pipeline_config.raw_inference.completed_at-2026-09-27T13_35_20.179730_00_00,chronos_bolt,univariate,completed,0,0.8229531537159036,0.8180015310645103,1,1,1,36,36,36,0,80298
selena_context_size_20260927T131553Z_36791,chronos_bolt__model_config.context_length-512__pipeline_config.raw_inference.completed_at-2026-09-27T14_58_30.797364_00_00,chronos_bolt,univariate,completed,0,0.8233889863513997,3.281323876231909,1,1,1,2862,2862,2928,0,76428
selena_context_size_20260927T131553Z_36791,ts_icl__model_config.context_length-1024__pipeline_config.raw_inference.completed_at-2026-09-27T13_54_52.953474_00_00,ts_icl,univariate,completed,0,0.8234484132182694,0.12053828127682209,1,1,1,20,20,20,0,24129
selena_context_size_20260927T131553Z_36791,ts_icl__model_config.context_length-512__pipeline_config.raw_inference.completed_at-2026-09-27T13_55_49.637164_00_00,ts_icl,univariate,completed,0,0.8234579359143928,0.18716881051659584,1,1,1,60,60,60,0,24129
selena_context_size_20260927T131553Z_36791,chronos2__model_config.context_length-512__pipeline_config.raw_inference.completed_at-2026-09-27T13_45_54.934560_00_00,chronos2,multivariate,completed,0,0.8235015726282117,0.07943889684975147,1,1,1,150,150,150,0,388800
selena_context_size_20260927T131553Z_36791,chronos2__model_config.context_length-2048__pipeline_config.raw_inference.completed_at-2026-09-27T13_42_48.990834_00_00,chronos2,multivariate,completed,0,0.8237407681328985,0.04539409279823303,1,1,1,40,40,40,0,25920
selena_context_size_20260927T131553Z_36791,chronos2__model_config.context_length-8192__pipeline_config.raw_inference.completed_at-2026-09-26T15_47_40.936798_00_00,chronos2,univariate,completed,0,0.8240486507551307,0.07455896027386189,1,1,1,16,16,16,0,23886
selena_context_size_20260927T131553Z_36791,chronos2__model_config.context_length-2048__pipeline_config.raw_inference.completed_at-2026-09-27T13_41_31.616173_00_00,chronos2,multivariate,completed,0,0.8242978811757838,1.3131426982581615,1,1,1,810,810,810,0,2099520
selena_context_size_20260927T131553Z_36791,ts_icl__model_config.context_length-1024__pipeline_config.raw_inference.completed_at-2026-09-27T14_01_14.941004_00_00,ts_icl,univariate,completed,0,0.8247933310481758,3.5964853428304195,1,1,1,300,300,300,0,10800
selena_context_size_20260927T131553Z_36791,ts_icl__model_config.context_length-2048__pipeline_config.raw_inference.completed_at-2026-09-27T14_08_06.842307_00_00,ts_icl,univariate,completed,0,0.8247933310481758,3.6143269687891006,1,1,1,300,300,300,0,10800
selena_context_size_20260927T131553Z_36791,ts_icl__model_config.context_length-256__pipeline_config.raw_inference.completed_at-2026-09-27T15_09_29.732953_00_00,ts_icl,univariate,completed,0,0.8247933310481758,3.599771223962307,1,1,1,300,300,300,0,10800
selena_context_size_20260927T131553Z_36791,ts_icl__model_config.context_length-4096__pipeline_config.raw_inference.completed_at-2026-09-26T16_24_41.799969_00_00,ts_icl,univariate,completed,0,0.8247933310481758,3.557822410017252,1,1,1,300,300,300,0,10800
selena_context_size_20260927T131553Z_36791,ts_icl__model_config.context_length-512__pipeline_config.raw_inference.completed_at-2026-09-27T14_00_58.469360_00_00,ts_icl,univariate,completed,0,0.8247933310481758,3.6236882619559765,1,1,1,300,300,300,0,10800
selena_context_size_20260927T131553Z_36791,chronos_bolt__model_config.context_length-2048__pipeline_config.raw_inference.completed_at-2026-09-26T15_45_25.976054_00_00,chronos_bolt,univariate,completed,0,0.8248960300184449,5.592255461961031,1,1,1,150,150,150,0,388800
selena_context_size_20260927T131553Z_36791,ts_icl__model_config.context_length-1024__pipeline_config.raw_inference.completed_at-2026-09-27T13_54_11.375534_00_00,ts_icl,univariate,completed,0,0.8249591771420343,10.00815437734127,1,1,1,2430,2430,2430,0,1574640
selena_context_size_20260927T131553Z_36791,chronos_bolt__model_config.context_length-512__pipeline_config.raw_inference.completed_at-2026-09-27T15_30_39.137404_00_00,chronos_bolt,univariate,completed,0,0.8251729192882764,0.5613843854516745,1,1,1,36,36,36,0,80298
selena_context_size_20260927T131553Z_36791,ts_icl__model_config.context_length-1024__pipeline_config.raw_inference.completed_at-2026-09-27T13_52_17.746951_00_00,ts_icl,univariate,completed,0,0.8264481916451393,1.551656600087881,1,1,1,300,300,300,0,1166184
selena_context_size_20260927T131553Z_36791,chronos_bolt__model_config.context_length-1024__pipeline_config.raw_inference.completed_at-2026-09-27T13_25_31.015994_00_00,chronos_bolt,univariate,completed,0,0.8267515888190583,0.2022633422166109,1,1,1,31,31,31,0,26784
selena_context_size_20260927T131553Z_36791,chronos2__model_config.context_length-4096__pipeline_config.raw_inference.completed_at-2026-09-27T13_41_24.850007_00_00,chronos2,univariate,completed,0,0.8267942128571374,0.042383112013339996,1,1,1,16,16,16,0,23886
selena_context_size_20260927T131553Z_36791,chronos_bolt__model_config.context_length-1024__pipeline_config.raw_inference.completed_at-2026-09-27T13_20_35.604927_00_00,chronos_bolt,univariate,completed,0,0.8267954151422917,0.0762823224067688,1,1,1,60,60,60,0,24129
selena_context_size_20260927T131553Z_36791,ts_icl__model_config.context_length-1024__pipeline_config.raw_inference.completed_at-2026-09-27T13_57_30.967443_00_00,ts_icl,univariate,completed,0,0.8271065924589923,0.6896294876933098,1,1,1,140,140,140,0,362880
selena_context_size_20260927T131553Z_36791,chronos_bolt__model_config.context_length-512__pipeline_config.raw_inference.completed_at-2026-09-27T13_23_20.154925_00_00,chronos_bolt,univariate,completed,0,0.8274273875786934,3.867231070995331,1,1,1,3528,3528,3528,0,762048
selena_context_size_20260927T131553Z_36791,chronos_bolt__model_config.context_length-128__pipeline_config.raw_inference.completed_at-2026-09-27T13_27_27.803587_00_00,chronos_bolt,univariate,completed,0,0.8278584536260996,0.10671943612396717,1,1,1,10,10,10,0,25875
selena_context_size_20260927T131553Z_36791,ts_icl__model_config.context_length-256__pipeline_config.raw_inference.completed_at-2026-09-27T15_05_55.803199_00_00,ts_icl,univariate,completed,0,0.8279425938470367,5.015876214951277,1,1,1,2862,2862,2928,0,76428
selena_context_size_20260927T131553Z_36791,chronos_bolt__model_config.context_length-1024__pipeline_config.raw_inference.completed_at-2026-09-27T13_17_38.038337_00_00,chronos_bolt,univariate,completed,0,0.8280876077625691,1.89762332290411,1,1,1,90,90,90,0,233280
selena_context_size_20260927T131553Z_36791,chronos_bolt__model_config.context_length-256__pipeline_config.raw_inference.completed_at-2026-09-27T13_28_44.796046_00_00,chronos_bolt,univariate,completed,0,0.8286032378103975,0.5480512604117393,1,1,1,150,150,150,0,97200
selena_context_size_20260927T131553Z_36791,chronos_bolt__model_config.context_length-2048__pipeline_config.raw_inference.completed_at-2026-09-26T15_47_59.487268_00_00,chronos_bolt,univariate,completed,0,0.8289752552869808,0.09779190272092819,1,1,1,60,60,60,0,24129
selena_context_size_20260927T131553Z_36791,chronos2__model_config.context_length-1024__pipeline_config.raw_inference.completed_at-2026-09-27T13_46_31.937212_00_00,chronos2,multivariate,completed,0,0.8291541497801397,0.2151452973484993,1,1,1,288,288,288,0,435456
selena_context_size_20260927T131553Z_36791,chronos2__model_config.context_length-4096__pipeline_config.raw_inference.completed_at-2026-09-27T13_38_21.129768_00_00,chronos2,multivariate,completed,0,0.8292241524081652,0.5090870764106512,1,1,1,210,210,210,0,544158
selena_context_size_20260927T131553Z_36791,chronos_bolt__model_config.context_length-512__pipeline_config.raw_inference.completed_at-2026-09-27T14_56_27.753742_00_00,chronos_bolt,univariate,completed,0,0.8296416298382691,0.1499428916722536,1,1,1,10,10,10,0,25875
selena_context_size_20260927T131553Z_36791,ts_icl__model_config.context_length-1024__pipeline_config.raw_inference.completed_at-2026-09-27T13_54_58.277613_00_00,ts_icl,univariate,completed,0,0.829685053040116,0.09481539390981197,1,1,1,16,16,16,0,23886
selena_context_size_20260927T131553Z_36791,chronos_bolt__model_config.context_length-128__pipeline_config.raw_inference.completed_at-2026-09-27T13_38_19.337071_00_00,chronos_bolt,univariate,completed,0,0.830772218038834,0.43645680509507656,1,1,1,18,18,18,0,80298
selena_context_size_20260927T131553Z_36791,ts_icl__model_config.context_length-2048__pipeline_config.raw_inference.completed_at-2026-09-27T13_57_47.820628_00_00,ts_icl,univariate,completed,0,0.8313900337528428,0.2132615726441145,1,1,1,20,20,20,0,24129
selena_context_size_20260927T131553Z_36791,ts_icl__model_config.context_length-2048__pipeline_config.raw_inference.completed_at-2026-09-27T14_01_32.485696_00_00,ts_icl,univariate,completed,0,0.8319322371828958,0.8510529045015574,1,1,1,105,105,105,0,56439
selena_context_size_20260927T131553Z_36791,ts_icl__model_config.context_length-512__pipeline_config.raw_inference.completed_at-2026-09-27T13_57_59.894629_00_00,ts_icl,univariate,completed,0,0.8322366733734446,0.3720997478812933,1,1,1,140,140,140,0,120960
selena_context_size_20260927T131553Z_36791,chronos2__model_config.context_length-4096__pipeline_config.raw_inference.completed_at-2026-09-27T13_41_58.214673_00_00,chronos2,multivariate,completed,0,0.83240973682177,2.269179565832019,1,1,1,810,810,810,0,2099520
selena_context_size_20260927T131553Z_36791,ts_icl__model_config.context_length-2048__pipeline_config.raw_inference.completed_at-2026-09-27T14_01_23.794300_00_00,ts_icl,univariate,completed,0,0.8326781762834299,0.3731389567255974,1,1,1,40,40,40,0,25920
selena_context_size_20260927T131553Z_36791,chronos2__model_config.context_length-4096__pipeline_config.raw_inference.completed_at-2026-09-27T13_43_25.166541_00_00,chronos2,multivariate,completed,0,0.8331038662587689,0.08585904724895954,1,1,1,40,40,40,0,25920
selena_context_size_20260927T131553Z_36791,chronos_bolt__model_config.context_length-1024__pipeline_config.raw_inference.completed_at-2026-09-27T13_28_22.236482_00_00,chronos_bolt,univariate,completed,0,0.8335233246858306,0.3557719476521015,1,1,1,40,40,40,0,4320
selena_context_size_20260927T131553Z_36791,chronos_bolt__model_config.context_length-512__pipeline_config.raw_inference.completed_at-2026-09-27T14_59_46.694068_00_00,chronos_bolt,univariate,completed,0,0.8339843821731578,0.8490044884383678,1,1,1,20,20,20,0,120960
selena_context_size_20260927T131553Z_36791,chronos_bolt__model_config.context_length-512__pipeline_config.raw_inference.completed_at-2026-09-27T14_56_37.638757_00_00,chronos_bolt,univariate,completed,0,0.8345030393433569,0.06984177604317665,1,1,1,60,60,60,0,24129
selena_context_size_20260927T131553Z_36791,chronos_bolt__model_config.context_length-1024__pipeline_config.raw_inference.completed_at-2026-09-27T13_23_16.812876_00_00,chronos_bolt,univariate,completed,0,0.8347719795227441,0.25981384702026844,1,1,1,40,40,40,0,25920
selena_context_size_20260927T131553Z_36791,chronos_bolt__model_config.context_length-512__pipeline_config.raw_inference.completed_at-2026-09-27T14_59_45.696351_00_00,chronos_bolt,univariate,completed,0,0.8355015898457051,0.5324000008404255,1,1,1,140,140,140,0,120960
selena_context_size_20260927T131553Z_36791,chronos_bolt__model_config.context_length-2048__pipeline_config.raw_inference.completed_at-2026-09-26T15_57_05.887193_00_00,chronos_bolt,univariate,completed,0,0.8355745283335996,0.27026289515197277,1,1,1,40,40,40,0,4320
selena_context_size_20260927T131553Z_36791,chronos2__model_config.context_length-512__pipeline_config.raw_inference.completed_at-2026-09-27T13_50_29.901774_00_00,chronos2,univariate,completed,0,0.8387982972096245,0.2563095409423113,1,1,1,45,45,45,0,10980
selena_context_size_20260927T131553Z_36791,ts_icl__model_config.context_length-256__pipeline_config.raw_inference.completed_at-2026-09-27T15_06_13.369223_00_00,ts_icl,univariate,completed,0,0.8393605722992042,0.09767498075962067,1,1,1,40,40,40,0,25920
selena_context_size_20260927T131553Z_36791,ts_icl__model_config.context_length-512__pipeline_config.raw_inference.completed_at-2026-09-27T13_56_54.782840_00_00,ts_icl,univariate,completed,0,0.8397073770527571,0.7631531208753586,1,1,1,288,288,288,0,435456
selena_context_size_20260927T131553Z_36791,chronos2__model_config.context_length-2048__pipeline_config.raw_inference.completed_at-2026-09-27T13_41_33.662867_00_00,chronos2,multivariate,completed,0,0.8398174419717617,0.6011111047118902,1,1,1,270,270,270,0,2099520
selena_context_size_20260927T131553Z_36791,ts_icl__model_config.context_length-4096__pipeline_config.raw_inference.completed_at-2026-09-26T16_12_04.977334_00_00,ts_icl,univariate,completed,0,0.8402633432449201,2.1358568239957094,1,1,1,105,105,105,0,56439
selena_context_size_20260927T131553Z_36791,ts_icl__model_config.context_length-4096__pipeline_config.raw_inference.completed_at-2026-09-26T16_01_01.534693_00_00,ts_icl,univariate,completed,0,0.840276123688805,23.952521642670035,1,1,1,810,810,810,0,1574640
selena_context_size_20260927T131553Z_36791,chronos_bolt__model_config.context_length-512__pipeline_config.raw_inference.completed_at-2026-09-27T13_22_10.987546_00_00,chronos_bolt,univariate,completed,0,0.8407236322134464,1.6217367239296436,1,1,1,450,450,450,0,388800
selena_context_size_20260927T131553Z_36791,chronos_bolt__model_config.context_length-512__pipeline_config.raw_inference.completed_at-2026-09-27T13_23_24.554284_00_00,chronos_bolt,univariate,completed,0,0.8408314980794517,3.273389484733343,1,1,1,504,504,504,0,762048
selena_context_size_20260927T131553Z_36791,ts_icl__model_config.context_length-256__pipeline_config.raw_inference.completed_at-2026-09-27T15_04_47.479573_00_00,ts_icl,univariate,completed,0,0.8409422688773568,0.1444494854658842,1,1,1,60,60,60,0,24129
selena_context_size_20260927T131553Z_36791,ts_icl__model_config.context_length-512__pipeline_config.raw_inference.completed_at-2026-09-27T13_59_31.074946_00_00,ts_icl,univariate,completed,0,0.8412469191534536,0.26993133686482906,1,1,1,45,45,45,0,10980
selena_context_size_20260927T131553Z_36791,chronos_bolt__model_config.context_length-256__pipeline_config.raw_inference.completed_at-2026-09-27T13_28_30.749504_00_00,chronos_bolt,univariate,completed,0,0.8424854853806518,3.2840823400765657,1,1,1,2862,2862,2928,0,76428
selena_context_size_20260927T131553Z_36791,chronos_bolt__model_config.context_length-256__pipeline_config.raw_inference.completed_at-2026-09-27T13_26_55.117257_00_00,chronos_bolt,univariate,completed,0,0.8425405139948654,0.32585041783750057,1,1,1,112,112,112,0,23886
selena_context_size_20260927T131553Z_36791,chronos_bolt__model_config.context_length-128__pipeline_config.raw_inference.completed_at-2026-09-27T13_27_47.546267_00_00,chronos_bolt,univariate,completed,0,0.8427320264004313,0.32851907797157764,1,1,1,112,112,112,0,23886
selena_context_size_20260927T131553Z_36791,chronos2__model_config.context_length-512__pipeline_config.raw_inference.completed_at-2026-09-27T13_46_53.252847_00_00,chronos2,univariate,completed,0,0.8429370487879585,0.03483719378709793,1,1,1,20,20,20,0,24129
selena_context_size_20260927T131553Z_36791,chronos_bolt__model_config.context_length-1024__pipeline_config.raw_inference.completed_at-2026-09-27T13_28_42.614580_00_00,chronos_bolt,univariate,completed,0,0.8430468410032113,0.5498877074569464,1,1,1,300,300,300,0,10800
selena_context_size_20260927T131553Z_36791,chronos_bolt__model_config.context_length-2048__pipeline_config.raw_inference.completed_at-2026-09-26T15_57_25.251262_00_00,chronos_bolt,univariate,completed,0,0.8430468410032113,0.5499611962586641,1,1,1,300,300,300,0,10800
selena_context_size_20260927T131553Z_36791,chronos_bolt__model_config.context_length-256__pipeline_config.raw_inference.completed_at-2026-09-27T13_33_56.011275_00_00,chronos_bolt,univariate,completed,0,0.8430468410032113,0.5549340881407261,1,1,1,300,300,300,0,10800
selena_context_size_20260927T131553Z_36791,chronos_bolt__model_config.context_length-512__pipeline_config.raw_inference.completed_at-2026-09-27T15_25_50.425591_00_00,chronos_bolt,univariate,completed,0,0.8430468410032113,0.5514360871165991,1,1,1,300,300,300,0,10800
selena_context_size_20260927T131553Z_36791,chronos2__model_config.context_length-1024__pipeline_config.raw_inference.completed_at-2026-09-27T13_49_46.786649_00_00,chronos2,multivariate,completed,0,0.843215749916244,1.0218585301190615,1,1,1,1400,1400,1400,0,241200
selena_context_size_20260927T131553Z_36791,ts_icl__model_config.context_length-512__pipeline_config.raw_inference.completed_at-2026-09-27T13_57_33.334825_00_00,ts_icl,univariate,completed,0,0.843254199174413,0.2766559552401304,1,1,1,105,105,105,0,56439
selena_context_size_20260927T131553Z_36791,chronos2__model_config.context_length-8192__pipeline_config.raw_inference.completed_at-2026-09-26T15_48_30.671929_00_00,chronos2,multivariate,completed,0,0.8435526763689123,4.066814675927162,1,1,1,810,810,810,0,2099520
selena_context_size_20260927T131553Z_36791,chronos2__model_config.context_length-512__pipeline_config.raw_inference.completed_at-2026-09-27T13_51_07.958241_00_00,chronos2,multivariate,completed,0,0.844461442745066,0.6162319984287024,1,1,1,1400,1400,1400,0,241200
selena_context_size_20260927T131553Z_36791,chronos2__model_config.context_length-8192__pipeline_config.raw_inference.completed_at-2026-09-26T15_43_43.625983_00_00,chronos2,multivariate,completed,0,0.8445418310748797,1.0208313520997763,1,1,1,210,210,210,0,544158
selena_context_size_20260927T131553Z_36791,ts_icl__model_config.context_length-256__pipeline_config.raw_inference.completed_at-2026-09-27T15_11_07.335061_00_00,ts_icl,univariate,completed,0,0.8445690486184301,0.09666512347757816,1,1,1,18,18,18,0,80298
selena_context_size_20260927T131553Z_36791,ts_icl__model_config.context_length-512__pipeline_config.raw_inference.completed_at-2026-09-27T13_55_50.130592_00_00,ts_icl,univariate,completed,0,0.8450262218039359,0.08819627575576305,1,1,1,20,20,20,0,24129
selena_context_size_20260927T131553Z_36791,chronos_bolt__model_config.context_length-256__pipeline_config.raw_inference.completed_at-2026-09-27T13_26_45.334974_00_00,chronos_bolt,univariate,completed,0,0.845165935304488,0.07106977701187134,1,1,1,60,60,60,0,24129
selena_context_size_20260927T131553Z_36791,chronos2__model_config.context_length-8192__pipeline_config.raw_inference.completed_at-2026-09-26T15_48_33.655572_00_00,chronos2,multivariate,completed,0,0.8456190568789844,1.5354538895189762,1,1,1,270,270,270,0,2099520
selena_context_size_20260927T131553Z_36791,chronos2__model_config.context_length-1024__pipeline_config.raw_inference.completed_at-2026-09-27T13_43_35.385718_00_00,chronos2,multivariate,completed,0,0.8458942939930089,0.18792255781590939,1,1,1,210,210,210,0,544158
selena_context_size_20260927T131553Z_36791,chronos_bolt__model_config.context_length-128__pipeline_config.raw_inference.completed_at-2026-09-27T13_34_42.308630_00_00,chronos_bolt,univariate,completed,0,0.8460458252687806,0.5260772723704576,1,1,1,300,300,300,0,10800
selena_context_size_20260927T131553Z_36791,chronos_bolt__model_config.context_length-2048__pipeline_config.raw_inference.completed_at-2026-09-26T15_48_09.461246_00_00,chronos_bolt,univariate,completed,0,0.8460708875477784,0.38748606108129025,1,1,1,112,112,112,0,23886
selena_context_size_20260927T131553Z_36791,chronos2__model_config.context_length-512__pipeline_config.raw_inference.completed_at-2026-09-27T13_46_52.941171_00_00,chronos2,univariate,completed,0,0.8461197474302639,0.06773462146520615,1,1,1,60,60,60,0,24129
selena_context_size_20260927T131553Z_36791,chronos_bolt__model_config.context_length-512__pipeline_config.raw_inference.completed_at-2026-09-27T15_29_56.074350_00_00,chronos_bolt,univariate,completed,0,0.8465235021150891,58.99706372246146,1,1,1,4428,4428,4428,0,11477376
selena_context_size_20260927T131553Z_36791,chronos2__model_config.context_length-4096__pipeline_config.raw_inference.completed_at-2026-09-27T13_41_25.143554_00_00,chronos2,univariate,completed,0,0.8466563484590435,0.027004782110452652,1,1,1,8,8,8,0,23886
selena_context_size_20260927T131553Z_36791,chronos_bolt__model_config.context_length-256__pipeline_config.raw_inference.completed_at-2026-09-27T13_37_52.818820_00_00,chronos_bolt,univariate,completed,0,0.8466785779774777,0.4247356429696083,1,1,1,36,36,36,0,80298
selena_context_size_20260927T131553Z_36791,ts_icl__model_config.context_length-256__pipeline_config.raw_inference.completed_at-2026-09-27T15_07_38.612189_00_00,ts_icl,univariate,completed,0,0.847073963568134,0.49783892184495926,1,1,1,186,186,186,0,26784
selena_context_size_20260927T131553Z_36791,chronos2__model_config.context_length-8192__pipeline_config.raw_inference.completed_at-2026-09-26T15_54_27.831601_00_00,chronos2,multivariate,completed,0,0.8472618196493663,7.176064524799585,1,1,1,1400,1400,1400,0,241200
selena_context_size_20260927T131553Z_36791,chronos2__model_config.context_length-8192__pipeline_config.raw_inference.completed_at-2026-09-26T15_47_41.256424_00_00,chronos2,univariate,completed,0,0.8474232166084327,0.05661956965923309,1,1,1,8,8,8,0,23886
selena_context_size_20260927T131553Z_36791,chronos2__model_config.context_length-1024__pipeline_config.raw_inference.completed_at-2026-09-27T13_45_55.645833_00_00,chronos2,multivariate,completed,0,0.8478383624389239,0.7970377206802368,1,1,1,810,810,810,0,2099520
selena_context_size_20260927T131553Z_36791,chronos2__model_config.context_length-4096__pipeline_config.raw_inference.completed_at-2026-09-27T13_46_41.555567_00_00,chronos2,multivariate,completed,0,0.8482358902657925,3.511544220149517,1,1,1,1400,1400,1400,0,241200
selena_context_size_20260927T131553Z_36791,ts_icl__model_config.context_length-4096__pipeline_config.raw_inference.completed_at-2026-09-26T16_06_39.839239_00_00,ts_icl,univariate,completed,0,0.848247644949824,20.870247155427933,1,1,1,810,810,810,0,2099520
selena_context_size_20260927T131553Z_36791,chronos_bolt__model_config.context_length-2048__pipeline_config.raw_inference.completed_at-2026-09-26T15_50_32.392678_00_00,chronos_bolt,univariate,completed,0,0.8487212375719313,5.51859312877059,1,1,1,288,288,288,0,435456
selena_context_size_20260927T131553Z_36791,chronos_bolt__model_config.context_length-128__pipeline_config.raw_inference.completed_at-2026-09-27T13_29_19.923212_00_00,chronos_bolt,univariate,completed,0,0.8490122388168234,3.2758374456316233,1,1,1,2862,2862,2928,0,76428
selena_context_size_20260927T131553Z_36791,ts_icl__model_config.context_length-512__pipeline_config.raw_inference.completed_at-2026-09-27T13_59_55.462410_00_00,ts_icl,univariate,completed,0,0.8490270076091031,3.6399148758500814,1,1,1,1400,1400,1400,0,241200
selena_context_size_20260927T131553Z_36791,chronos_bolt__model_config.context_length-128__pipeline_config.raw_inference.completed_at-2026-09-27T13_27_37.940341_00_00,chronos_bolt,univariate,completed,0,0.849545596222213,0.1439135316759348,1,1,1,20,20,20,0,24129
selena_context_size_20260927T131553Z_36791,chronos_bolt__model_config.context_length-128__pipeline_config.raw_inference.completed_at-2026-09-27T13_29_44.205318_00_00,chronos_bolt,univariate,completed,0,0.8495890129569625,0.14187410101294518,1,1,1,40,40,40,0,25920
selena_context_size_20260927T131553Z_36791,chronos_bolt__model_config.context_length-512__pipeline_config.raw_inference.completed_at-2026-09-27T14_56_37.884357_00_00,chronos_bolt,univariate,completed,0,0.8498983473589445,0.1890429612249136,1,1,1,20,20,20,0,24129
selena_context_size_20260927T131553Z_36791,ts_icl__model_config.context_length-256__pipeline_config.raw_inference.completed_at-2026-09-27T15_04_47.953893_00_00,ts_icl,univariate,completed,0,0.8499117368498291,0.0761282853782177,1,1,1,20,20,20,0,24129
selena_context_size_20260927T131553Z_36791,chronos_bolt__model_config.context_length-512__pipeline_config.raw_inference.completed_at-2026-09-27T14_56_47.441847_00_00,chronos_bolt,univariate,completed,0,0.8499252537847313,0.3231370095163584,1,1,1,112,112,112,0,23886
selena_context_size_20260927T131553Z_36791,chronos2__model_config.context_length-2048__pipeline_config.raw_inference.completed_at-2026-09-27T13_41_58.004263_00_00,chronos2,multivariate,completed,0,0.8499331603025286,0.04967375658452511,1,1,1,15,15,15,0,29160
selena_context_size_20260927T131553Z_36791,chronos2__model_config.context_length-512__pipeline_config.raw_inference.completed_at-2026-09-27T13_47_35.130598_00_00,chronos2,multivariate,completed,0,0.8505184589914245,0.056145353242754936,1,1,1,75,75,75,0,194400
selena_context_size_20260927T131553Z_36791,chronos2__model_config.context_length-2048__pipeline_config.raw_inference.completed_at-2026-09-27T13_45_42.643717_00_00,chronos2,multivariate,completed,0,0.8505847796366726,1.8204657193273306,1,1,1,1400,1400,1400,0,241200
selena_context_size_20260927T131553Z_36791,ts_icl__model_config.context_length-2048__pipeline_config.raw_inference.completed_at-2026-09-27T14_07_02.114406_00_00,ts_icl,univariate,completed,0,0.85067895646572,12.019424280151725,1,1,1,1400,1400,1400,0,241200
selena_context_size_20260927T131553Z_36791,chronos_bolt__model_config.context_length-1024__pipeline_config.raw_inference.completed_at-2026-09-27T13_20_46.011986_00_00,chronos_bolt,univariate,completed,0,0.8512090186308576,0.8499729540199041,1,1,1,112,112,112,0,23886
selena_context_size_20260927T131553Z_36791,chronos2__model_config.context_length-4096__pipeline_config.raw_inference.completed_at-2026-09-27T13_42_00.513544_00_00,chronos2,multivariate,completed,0,0.8514285303099993,0.8665367886424065,1,1,1,270,270,270,0,2099520
selena_context_size_20260927T131553Z_36791,ts_icl__model_config.context_length-256__pipeline_config.raw_inference.completed_at-2026-09-27T15_03_31.450034_00_00,ts_icl,univariate,completed,0,0.8516110644915084,0.8230410646647215,1,1,1,450,450,450,0,388800
selena_context_size_20260927T131553Z_36791,ts_icl__model_config.context_length-1024__pipeline_config.raw_inference.completed_at-2026-09-27T13_57_06.473154_00_00,ts_icl,univariate,completed,0,0.8519465764653352,0.4386454466730356,1,1,1,105,105,105,0,56439
selena_context_size_20260927T131553Z_36791,chronos_bolt__model_config.context_length-512__pipeline_config.raw_inference.completed_at-2026-09-27T13_23_29.169501_00_00,chronos_bolt,univariate,completed,0,0.853025216079469,4.254245286807418,1,1,1,252,252,252,0,762048
selena_context_size_20260927T131553Z_36791,chronos_bolt__model_config.context_length-2048__pipeline_config.raw_inference.completed_at-2026-09-26T15_48_10.275697_00_00,chronos_bolt,univariate,completed,0,0.853238146455963,0.37182822450995445,1,1,1,8,8,8,0,23886
selena_context_size_20260927T131553Z_36791,ts_icl__model_config.context_length-512__pipeline_config.raw_inference.completed_at-2026-09-27T13_54_21.049096_00_00,ts_icl,univariate,completed,0,0.8536788184305621,0.45577110908925533,1,1,1,150,150,150,0,388800
selena_context_size_20260927T131553Z_36791,ts_icl__model_config.context_length-256__pipeline_config.raw_inference.completed_at-2026-09-27T15_06_42.857859_00_00,ts_icl,univariate,completed,0,0.8541692316970403,1.0718459244817495,1,1,1,560,560,560,0,120960
selena_context_size_20260927T131553Z_36791,chronos2__model_config.context_length-512__pipeline_config.raw_inference.completed_at-2026-09-27T13_46_43.024392_00_00,chronos2,univariate,completed,0,0.8543101433656667,0.01838514395058155,1,1,1,10,10,10,0,25875
selena_context_size_20260927T131553Z_36791,chronos_bolt__model_config.context_length-256__pipeline_config.raw_inference.completed_at-2026-09-27T13_25_11.838564_00_00,chronos_bolt,univariate,completed,0,0.8552434097264812,1.368468515574932,1,1,1,450,450,450,0,388800
selena_context_size_20260927T131553Z_36791,ts_icl__model_config.context_length-2048__pipeline_config.raw_inference.completed_at-2026-09-27T13_56_30.590163_00_00,ts_icl,univariate,completed,0,0.8562941930226685,8.03608033619821,1,1,1,810,810,810,0,1574640
selena_context_size_20260927T131553Z_36791,chronos_bolt__model_config.context_length-256__pipeline_config.raw_inference.completed_at-2026-09-27T13_30_47.537983_00_00,chronos_bolt,univariate,completed,0,0.8564323056154394,0.2240690439939499,1,1,1,4,4,4,0,24192
selena_context_size_20260927T131553Z_36791,chronos_bolt__model_config.context_length-256__pipeline_config.raw_inference.completed_at-2026-09-27T13_28_14.175188_00_00,chronos_bolt,univariate,completed,0,0.8566398520207946,2.333216607570648,1,1,1,2016,2016,2016,0,435456
selena_context_size_20260927T131553Z_36791,chronos2__model_config.context_length-1024__pipeline_config.raw_inference.completed_at-2026-09-27T13_45_35.807221_00_00,chronos2,univariate,completed,0,0.8567344255019782,0.018315106630325317,1,1,1,16,16,16,0,23886
selena_context_size_20260927T131553Z_36791,ts_icl__model_config.context_length-2048__pipeline_config.raw_inference.completed_at-2026-09-27T14_01_31.003676_00_00,ts_icl,univariate,completed,0,0.85726937133493,2.45113986171782,1,1,1,312,312,315,0,56439
selena_context_size_20260927T131553Z_36791,chronos_bolt__model_config.context_length-1024__pipeline_config.raw_inference.completed_at-2026-09-27T13_18_42.459879_00_00,chronos_bolt,univariate,completed,0,0.8574289881208682,3.1563418488949537,1,1,1,150,150,150,0,388800
selena_context_size_20260927T131553Z_36791,chronos2__model_config.context_length-512__pipeline_config.raw_inference.completed_at-2026-09-27T13_49_03.366015_00_00,chronos2,multivariate,completed,0,0.8585763620789449,0.08894406072795391,1,1,1,140,140,140,0,362880
selena_context_size_20260927T131553Z_36791,chronos2__model_config.context_length-4096__pipeline_config.raw_inference.completed_at-2026-09-27T13_42_16.167332_00_00,chronos2,multivariate,completed,0,0.8587171641745756,0.5660080723464489,1,1,1,225,225,225,0,194400
selena_context_size_20260927T131553Z_36791,chronos2__model_config.context_length-2048__pipeline_config.raw_inference.completed_at-2026-09-27T13_41_47.047080_00_00,chronos2,multivariate,completed,0,0.858965871659566,0.2966073974967003,1,1,1,225,225,225,0,194400
selena_context_size_20260927T131553Z_36791,chronos2__model_config.context_length-512__pipeline_config.raw_inference.completed_at-2026-09-27T13_46_19.500115_00_00,chronos2,multivariate,completed,0,0.8591578125382809,0.40359657257795334,1,1,1,810,810,810,0,1574640
selena_context_size_20260927T131553Z_36791,chronos_bolt__model_config.context_length-2048__pipeline_config.raw_inference.completed_at-2026-09-26T15_43_34.471466_00_00,chronos_bolt,univariate,completed,0,0.859893902911913,7.036460706964135,1,1,1,630,630,630,0,544158
selena_context_size_20260927T131553Z_36791,ts_icl__model_config.context_length-1024__pipeline_config.raw_inference.completed_at-2026-09-27T13_55_39.112709_00_00,ts_icl,univariate,completed,0,0.8605750250099654,4.009095676243305,1,1,1,810,810,810,0,2099520
selena_context_size_20260927T131553Z_36791,chronos_bolt__model_config.context_length-256__pipeline_config.raw_inference.completed_at-2026-09-27T13_28_55.655133_00_00,chronos_bolt,univariate,completed,0,0.8608803750413895,0.20147790759801865,1,1,1,40,40,40,0,25920
selena_context_size_20260927T131553Z_36791,ts_icl__model_config.context_length-2048__pipeline_config.raw_inference.completed_at-2026-09-27T13_59_09.050782_00_00,ts_icl,univariate,completed,0,0.8609099783315649,7.997177792713046,1,1,1,810,810,810,0,2099520
selena_context_size_20260927T131553Z_36791,chronos2__model_config.context_length-8192__pipeline_config.raw_inference.completed_at-2026-09-26T15_48_53.914141_00_00,chronos2,multivariate,completed,0,0.8610019760282506,1.0642402078956366,1,1,1,225,225,225,0,194400
selena_context_size_20260927T131553Z_36791,chronos2__model_config.context_length-2048__pipeline_config.raw_inference.completed_at-2026-09-27T13_42_59.635203_00_00,chronos2,multivariate,completed,0,0.8611336121244806,0.1660711169242859,1,1,1,105,105,105,0,56439
selena_context_size_20260927T131553Z_36791,ts_icl__model_config.context_length-1024__pipeline_config.raw_inference.completed_at-2026-09-27T14_00_12.271364_00_00,ts_icl,univariate,completed,0,0.8611703470664313,5.839230848476291,1,1,1,1400,1400,1400,0,241200
selena_context_size_20260927T131553Z_36791,chronos2__model_config.context_length-2048__pipeline_config.raw_inference.completed_at-2026-09-27T13_45_52.760791_00_00,chronos2,multivariate,completed,0,0.8612826563409017,0.6315541919320822,1,1,1,420,420,420,0,69984
selena_context_size_20260927T131553Z_36791,ts_icl__model_config.context_length-4096__pipeline_config.raw_inference.completed_at-2026-09-26T16_12_02.213610_00_00,ts_icl,univariate,completed,0,0.8615308928590987,6.231191927567124,1,1,1,312,312,315,0,56439
selena_context_size_20260927T131553Z_36791,chronos2__model_config.context_length-2048__pipeline_config.raw_inference.completed_at-2026-09-27T13_41_07.554909_00_00,chronos2,univariate,completed,0,0.8615700789643417,0.019381416961550713,1,1,1,8,8,8,0,23886
selena_context_size_20260927T131553Z_36791,chronos_bolt__model_config.context_length-2048__pipeline_config.raw_inference.completed_at-2026-09-26T15_47_59.975928_00_00,chronos_bolt,univariate,completed,0,0.8616183314352175,0.4307162221521139,1,1,1,20,20,20,0,24129
selena_context_size_20260927T131553Z_36791,ts_icl__model_config.context_length-256__pipeline_config.raw_inference.completed_at-2026-09-27T15_08_30.318235_00_00,ts_icl,univariate,completed,0,0.8618134092843334,3.1540105920284986,1,1,1,1400,1400,1400,0,241200
selena_context_size_20260927T131553Z_36791,chronos_bolt__model_config.context_length-2048__pipeline_config.raw_inference.completed_at-2026-09-26T15_51_20.880163_00_00,chronos_bolt,univariate,completed,0,0.861949335474657,0.4348701946437359,1,1,1,40,40,40,0,25920
selena_context_size_20260927T131553Z_36791,ts_icl__model_config.context_length-256__pipeline_config.raw_inference.completed_at-2026-09-27T15_05_45.549332_00_00,ts_icl,univariate,completed,0,0.8621108179784303,0.5652539022266865,1,1,1,288,288,288,0,435456
selena_context_size_20260927T131553Z_36791,ts_icl__model_config.context_length-256__pipeline_config.raw_inference.completed_at-2026-09-27T15_04_36.015761_00_00,ts_icl,univariate,completed,0,0.8622387690925623,0.602401502430439,1,1,1,252,252,252,0,762048
selena_context_size_20260927T131553Z_36791,chronos_bolt__model_config.context_length-2048__pipeline_config.raw_inference.completed_at-2026-09-26T15_50_00.788347_00_00,chronos_bolt,univariate,completed,0,0.8634241853010478,2.80189080350101,1,1,1,75,75,75,0,194400
selena_context_size_20260927T131553Z_36791,ts_icl__model_config.context_length-2048__pipeline_config.raw_inference.completed_at-2026-09-27T14_07_10.579889_00_00,ts_icl,univariate,completed,0,0.8634283191524531,3.8743789959698915,1,1,1,420,420,420,0,69984
selena_context_size_20260927T131553Z_36791,chronos_bolt__model_config.context_length-2048__pipeline_config.raw_inference.completed_at-2026-09-26T15_49_57.796501_00_00,chronos_bolt,univariate,completed,0,0.8642968207354607,2.475498855113983,1,1,1,225,225,225,0,194400
selena_context_size_20260927T131553Z_36791,chronos2__model_config.context_length-1024__pipeline_config.raw_inference.completed_at-2026-09-27T13_46_09.418572_00_00,chronos2,multivariate,completed,0,0.8646958731003519,0.16484692692756653,1,1,1,225,225,225,0,194400
selena_context_size_20260927T131553Z_36791,chronos_bolt__model_config.context_length-128__pipeline_config.raw_inference.completed_at-2026-09-27T13_29_03.673067_00_00,chronos_bolt,univariate,completed,0,0.8647520903660876,2.345812266692519,1,1,1,2016,2016,2016,0,435456
selena_context_size_20260927T131553Z_36791,chronos_bolt__model_config.context_length-1024__pipeline_config.raw_inference.completed_at-2026-09-27T13_20_35.915976_00_00,chronos_bolt,univariate,completed,0,0.8649276185332336,0.25393807888031006,1,1,1,20,20,20,0,24129
selena_context_size_20260927T131553Z_36791,chronos_bolt__model_config.context_length-128__pipeline_config.raw_inference.completed_at-2026-09-27T13_31_33.754071_00_00,chronos_bolt,univariate,completed,0,0.8650100279473123,0.41459318436682224,1,1,1,186,186,186,0,26784
selena_context_size_20260927T131553Z_36791,chronos2__model_config.context_length-512__pipeline_config.raw_inference.completed_at-2026-09-27T13_47_34.681057_00_00,chronos2,multivariate,completed,0,0.8650319650339713,0.11960430443286896,1,1,1,225,225,225,0,194400
selena_context_size_20260927T131553Z_36791,chronos2__model_config.context_length-4096__pipeline_config.raw_inference.completed_at-2026-09-27T13_46_52.132284_00_00,chronos2,multivariate,completed,0,0.8650913528520972,1.082300778478384,1,1,1,420,420,420,0,69984
selena_context_size_20260927T131553Z_36791,ts_icl__model_config.context_length-2048__pipeline_config.raw_inference.completed_at-2026-09-27T14_01_33.329298_00_00,ts_icl,univariate,completed,0,0.8656290010465684,0.3828835729509592,1,1,1,45,45,45,0,56439
selena_context_size_20260927T131553Z_36791,chronos2__model_config.context_length-1024__pipeline_config.raw_inference.completed_at-2026-09-27T13_49_56.593638_00_00,chronos2,multivariate,completed,0,0.8657834478365974,0.4275270439684391,1,1,1,420,420,420,0,69984
selena_context_size_20260927T131553Z_36791,chronos2__model_config.context_length-4096__pipeline_config.raw_inference.completed_at-2026-09-27T13_42_16.762188_00_00,chronos2,multivariate,completed,0,0.8658456512913723,0.1993931569159031,1,1,1,75,75,75,0,194400
selena_context_size_20260927T131553Z_36791,ts_icl__model_config.context_length-512__pipeline_config.raw_inference.completed_at-2026-09-27T13_56_23.012586_00_00,ts_icl,univariate,completed,0,0.8661806599867993,2.555371306836605,1,1,1,810,810,810,0,2099520
selena_context_size_20260927T131553Z_36791,chronos2__model_config.context_length-4096__pipeline_config.raw_inference.completed_at-2026-09-27T13_43_36.284415_00_00,chronos2,multivariate,completed,0,0.8662954149624789,0.2825839724391699,1,1,1,105,105,105,0,56439
selena_context_size_20260927T131553Z_36791,ts_icl__model_config.context_length-256__pipeline_config.raw_inference.completed_at-2026-09-27T15_04_53.500573_00_00,ts_icl,univariate,completed,0,0.8666382099776873,0.043137043714523315,1,1,1,8,8,8,0,23886
selena_context_size_20260927T131553Z_36791,ts_icl__model_config.context_length-4096__pipeline_config.raw_inference.completed_at-2026-09-26T16_23_30.955745_00_00,ts_icl,univariate,completed,0,0.8667692491415153,32.254486959427595,1,1,1,1400,1400,1400,0,241200
selena_context_size_20260927T131553Z_36791,chronos2__model_config.context_length-2048__pipeline_config.raw_inference.completed_at-2026-09-27T13_41_47.558191_00_00,chronos2,multivariate,completed,0,0.8668519065429344,0.1181135717779398,1,1,1,75,75,75,0,194400
selena_context_size_20260927T131553Z_36791,chronos2__model_config.context_length-8192__pipeline_config.raw_inference.completed_at-2026-09-26T15_54_38.621987_00_00,chronos2,multivariate,completed,0,0.866901838908831,1.2827612645924091,1,1,1,420,420,420,0,69984
selena_context_size_20260927T131553Z_36791,ts_icl__model_config.context_length-4096__pipeline_config.raw_inference.completed_at-2026-09-26T16_23_45.381839_00_00,ts_icl,univariate,completed,0,0.866938044957015,9.864931035786867,1,1,1,420,420,420,0,69984
selena_context_size_20260927T131553Z_36791,ts_icl__model_config.context_length-1024__pipeline_config.raw_inference.completed_at-2026-09-27T13_55_58.144793_00_00,ts_icl,univariate,completed,0,0.8679556939917428,0.38748973980546,1,1,1,75,75,75,0,194400
selena_context_size_20260927T131553Z_36791,chronos2__model_config.context_length-512__pipeline_config.raw_inference.completed_at-2026-09-27T13_47_21.205134_00_00,chronos2,multivariate,completed,0,0.8679911850625049,0.6109539717435837,1,1,1,810,810,810,0,2099520
selena_context_size_20260927T131553Z_36791,ts_icl__model_config.context_length-512__pipeline_config.raw_inference.completed_at-2026-09-27T13_55_17.123540_00_00,ts_icl,univariate,completed,0,0.8680958297266322,5.621113549917936,1,1,1,2430,2430,2430,0,1574640
selena_context_size_20260927T131553Z_36791,ts_icl__model_config.context_length-1024__pipeline_config.raw_inference.completed_at-2026-09-27T13_57_05.412136_00_00,ts_icl,univariate,completed,0,0.8682030225509404,1.276662740856409,1,1,1,312,312,315,0,56439
selena_context_size_20260927T131553Z_36791,chronos2__model_config.context_length-8192__pipeline_config.raw_inference.completed_at-2026-09-26T15_50_23.714072_00_00,chronos2,multivariate,completed,0,0.8682980074506915,0.502515560016036,1,1,1,105,105,105,0,56439
selena_context_size_20260927T131553Z_36791,chronos2__model_config.context_length-4096__pipeline_config.raw_inference.completed_at-2026-09-27T13_42_44.592872_00_00,chronos2,multivariate,completed,0,0.8685719578091864,0.3757937029004097,1,1,1,144,144,144,0,435456
selena_context_size_20260927T131553Z_36791,chronos2__model_config.context_length-8192__pipeline_config.raw_inference.completed_at-2026-09-26T15_49_25.733402_00_00,chronos2,multivariate,completed,0,0.8687413044985622,0.6750923916697502,1,1,1,144,144,144,0,435456
selena_context_size_20260927T131553Z_36791,chronos2__model_config.context_length-512__pipeline_config.raw_inference.completed_at-2026-09-27T13_51_17.903488_00_00,chronos2,multivariate,completed,0,0.8695031680514747,0.3860457558184862,1,1,1,420,420,420,0,69984
selena_context_size_20260927T131553Z_36791,chronos2__model_config.context_length-1024__pipeline_config.raw_inference.completed_at-2026-09-27T13_47_16.337286_00_00,chronos2,multivariate,completed,0,0.869530900177538,0.38195967487990856,1,1,1,312,312,315,0,56439
selena_context_size_20260927T131553Z_36791,chronos_bolt__model_config.context_length-128__pipeline_config.raw_inference.completed_at-2026-09-27T13_29_33.843560_00_00,chronos_bolt,univariate,completed,0,0.869831206497108,0.4293118864297867,1,1,1,150,150,150,0,97200
selena_context_size_20260927T131553Z_36791,ts_icl__model_config.context_length-1024__pipeline_config.raw_inference.completed_at-2026-09-27T13_55_57.151731_00_00,ts_icl,univariate,completed,0,0.8699043026898692,0.9835759047418833,1,1,1,225,225,225,0,194400
selena_context_size_20260927T131553Z_36791,chronos2__model_config.context_length-8192__pipeline_config.raw_inference.completed_at-2026-09-26T15_48_54.664121_00_00,chronos2,multivariate,completed,0,0.8707587642007973,0.35609316267073154,1,1,1,75,75,75,0,194400
selena_context_size_20260927T131553Z_36791,ts_icl__model_config.context_length-512__pipeline_config.raw_inference.completed_at-2026-09-27T13_57_33.927067_00_00,ts_icl,univariate,completed,0,0.8710346731631572,0.14575088024139404,1,1,1,45,45,45,0,56439
selena_context_size_20260927T131553Z_36791,ts_icl__model_config.context_length-4096__pipeline_config.raw_inference.completed_at-2026-09-26T16_12_06.332146_00_00,ts_icl,univariate,completed,0,0.8711578297339584,0.9061672259122133,1,1,1,45,45,45,0,56439
selena_context_size_20260927T131553Z_36791,chronos2__model_config.context_length-1024__pipeline_config.raw_inference.completed_at-2026-09-27T13_46_09.885766_00_00,chronos2,multivariate,completed,0,0.8711931713371117,0.07529268600046635,1,1,1,75,75,75,0,194400
selena_context_size_20260927T131553Z_36791,chronos_bolt__model_config.context_length-128__pipeline_config.raw_inference.completed_at-2026-09-27T13_26_07.252261_00_00,chronos_bolt,univariate,completed,0,0.871455442482459,1.195930115878582,1,1,1,450,450,450,0,388800
selena_context_size_20260927T131553Z_36791,ts_icl__model_config.context_length-256__pipeline_config.raw_inference.completed_at-2026-09-27T15_04_53.046094_00_00,ts_icl,univariate,completed,0,0.8717590095200702,0.05677485093474388,1,1,1,16,16,16,0,23886
selena_context_size_20260927T131553Z_36791,ts_icl__model_config.context_length-2048__pipeline_config.raw_inference.completed_at-2026-09-27T13_59_40.209119_00_00,ts_icl,univariate,completed,0,0.8722811560325159,2.0475531443953514,1,1,1,225,225,225,0,194400
selena_context_size_20260927T131553Z_36791,chronos_bolt__model_config.context_length-1024__pipeline_config.raw_inference.completed_at-2026-09-27T13_22_33.621329_00_00,chronos_bolt,univariate,completed,0,0.873614843410971,2.9519158713519573,1,1,1,288,288,288,0,435456
selena_context_size_20260927T131553Z_36791,chronos_bolt__model_config.context_length-2048__pipeline_config.raw_inference.completed_at-2026-09-26T15_51_32.471780_00_00,chronos_bolt,univariate,completed,0,0.8736594232229001,1.0969584342092276,1,1,1,105,105,105,0,56439
selena_context_size_20260927T131553Z_36791,chronos_bolt__model_config.context_length-2048__pipeline_config.raw_inference.completed_at-2026-09-26T15_48_09.858670_00_00,chronos_bolt,univariate,completed,0,0.8737881240254909,0.3257381711155176,1,1,1,16,16,16,0,23886
selena_context_size_20260927T131553Z_36791,chronos_bolt__model_config.context_length-1024__pipeline_config.raw_inference.completed_at-2026-09-27T13_20_46.544194_00_00,chronos_bolt,univariate,completed,0,0.8739929375694954,0.2331855744123459,1,1,1,8,8,8,0,23886
selena_context_size_20260927T131553Z_36791,ts_icl__model_config.context_length-4096__pipeline_config.raw_inference.completed_at-2026-09-26T16_07_52.159828_00_00,ts_icl,univariate,completed,0,0.874199417768693,5.45385835506022,1,1,1,225,225,225,0,194400
selena_context_size_20260927T131553Z_36791,chronos2__model_config.context_length-8192__pipeline_config.raw_inference.completed_at-2026-09-26T15_50_22.809923_00_00,chronos2,multivariate,completed,0,0.8743228947714544,1.6244224272668362,1,1,1,312,312,315,0,56439
selena_context_size_20260927T131553Z_36791,chronos_bolt__model_config.context_length-1024__pipeline_config.raw_inference.completed_at-2026-09-27T13_22_05.173605_00_00,chronos_bolt,univariate,completed,0,0.8750795215077238,1.4897035229951143,1,1,1,225,225,225,0,194400
selena_context_size_20260927T131553Z_36791,ts_icl__model_config.context_length-2048__pipeline_config.raw_inference.completed_at-2026-09-27T13_59_41.562519_00_00,ts_icl,univariate,completed,0,0.8751465207908619,0.7452716305851936,1,1,1,75,75,75,0,194400
selena_context_size_20260927T131553Z_36791,ts_icl__model_config.context_length-4096__pipeline_config.raw_inference.completed_at-2026-09-26T16_07_54.679891_00_00,ts_icl,univariate,completed,0,0.8756310673131206,1.9205797761678696,1,1,1,75,75,75,0,194400
selena_context_size_20260927T131553Z_36791,ts_icl__model_config.context_length-512__pipeline_config.raw_inference.completed_at-2026-09-27T13_56_36.779541_00_00,ts_icl,univariate,completed,0,0.8757043376853213,0.5990217737853527,1,1,1,225,225,225,0,194400
selena_context_size_20260927T131553Z_36791,chronos2__model_config.context_length-4096__pipeline_config.raw_inference.completed_at-2026-09-27T13_43_35.600981_00_00,chronos2,multivariate,completed,0,0.8757716833644672,0.9132762216031551,1,1,1,312,312,315,0,56439
selena_context_size_20260927T131553Z_36791,chronos_bolt__model_config.context_length-512__pipeline_config.raw_inference.completed_at-2026-09-27T15_23_53.442645_00_00,chronos_bolt,univariate,completed,0,0.8761262557075625,1.699008785188198,1,1,1,1400,1400,1400,0,241200
selena_context_size_20260927T131553Z_36791,chronos_bolt__model_config.context_length-256__pipeline_config.raw_inference.completed_at-2026-09-27T13_27_52.156580_00_00,chronos_bolt,univariate,completed,0,0.8766652355838424,0.7306430842727423,1,1,1,75,75,75,0,194400
selena_context_size_20260927T131553Z_36791,ts_icl__model_config.context_length-512__pipeline_config.raw_inference.completed_at-2026-09-27T13_56_37.629842_00_00,ts_icl,univariate,completed,0,0.8773064056250257,0.25521383062005043,1,1,1,75,75,75,0,194400
selena_context_size_20260927T131553Z_36791,chronos2__model_config.context_length-1024__pipeline_config.raw_inference.completed_at-2026-09-27T13_47_16.845881_00_00,chronos2,multivariate,completed,0,0.8774019889742083,0.10918907821178436,1,1,1,105,105,105,0,56439
selena_context_size_20260927T131553Z_36791,chronos_bolt__model_config.context_length-2048__pipeline_config.raw_inference.completed_at-2026-09-26T15_52_10.540675_00_00,chronos_bolt,univariate,completed,0,0.8775890139212654,5.179444497451186,1,1,1,140,140,140,0,362880
selena_context_size_20260927T131553Z_36791,ts_icl__model_config.context_length-1024__pipeline_config.raw_inference.completed_at-2026-09-27T13_57_07.143807_00_00,ts_icl,univariate,completed,0,0.878739672850878,0.20702840015292168,1,1,1,45,45,45,0,56439
selena_context_size_20260927T131553Z_36791,ts_icl__model_config.context_length-1024__pipeline_config.raw_inference.completed_at-2026-09-27T14_00_18.739329_00_00,ts_icl,univariate,completed,0,0.8788767013636299,1.8917506616562605,1,1,1,420,420,420,0,69984
selena_context_size_20260927T131553Z_36791,chronos_bolt__model_config.context_length-128__pipeline_config.raw_inference.completed_at-2026-09-27T13_27_37.737795_00_00,chronos_bolt,univariate,completed,0,0.8797807613490696,0.07070593163371086,1,1,1,60,60,60,0,24129
selena_context_size_20260927T131553Z_36791,chronos2__model_config.context_length-1024__pipeline_config.raw_inference.completed_at-2026-09-27T13_47_06.881263_00_00,chronos2,multivariate,completed,0,0.8799513826019912,0.04048524424433708,1,1,1,16,16,16,0,24192
selena_context_size_20260927T131553Z_36791,chronos_bolt__model_config.context_length-1024__pipeline_config.raw_inference.completed_at-2026-09-27T13_26_13.720792_00_00,chronos_bolt,univariate,completed,0,0.8800350442864106,0.29029753990471363,1,1,1,64,64,64,0,7380
selena_context_size_20260927T131553Z_36791,chronos_bolt__model_config.context_length-2048__pipeline_config.raw_inference.completed_at-2026-09-26T15_54_57.466201_00_00,chronos_bolt,univariate,completed,0,0.8800350442864106,0.28816516138613224,1,1,1,64,64,64,0,7380
selena_context_size_20260927T131553Z_36791,chronos_bolt__model_config.context_length-256__pipeline_config.raw_inference.completed_at-2026-09-27T13_31_30.140833_00_00,chronos_bolt,univariate,completed,0,0.8800350442864106,0.2953015323728323,1,1,1,64,64,64,0,7380
selena_context_size_20260927T131553Z_36791,chronos_bolt__model_config.context_length-512__pipeline_config.raw_inference.completed_at-2026-09-27T15_23_22.799164_00_00,chronos_bolt,univariate,completed,0,0.8800350442864106,0.28965548425912857,1,1,1,64,64,64,0,7380
selena_context_size_20260927T131553Z_36791,ts_icl__model_config.context_length-256__pipeline_config.raw_inference.completed_at-2026-09-27T15_05_29.311605_00_00,ts_icl,univariate,completed,0,0.8808672718867824,0.46242484264075756,1,1,1,225,225,225,0,194400
selena_context_size_20260927T131553Z_36791,chronos2__model_config.context_length-512__pipeline_config.raw_inference.completed_at-2026-09-27T13_47_56.480272_00_00,chronos2,multivariate,completed,0,0.881110578887992,0.15510035306215286,1,1,1,288,288,288,0,435456
selena_context_size_20260927T131553Z_36791,chronos_bolt__model_config.context_length-1024__pipeline_config.raw_inference.completed_at-2026-09-27T13_23_17.033735_00_00,chronos_bolt,univariate,completed,0,0.8815318974138137,0.16151126846671104,1,1,1,16,16,16,0,24192
selena_context_size_20260927T131553Z_36791,ts_icl__model_config.context_length-4096__pipeline_config.raw_inference.completed_at-2026-09-26T16_09_22.797780_00_00,ts_icl,univariate,completed,0,0.8816989359300323,4.473325552418828,1,1,1,144,144,144,0,435456
selena_context_size_20260927T131553Z_36791,ts_icl__model_config.context_length-256__pipeline_config.raw_inference.completed_at-2026-09-27T15_11_06.805392_00_00,ts_icl,univariate,completed,0,0.8820369745299443,0.13535181619226933,1,1,1,36,36,36,0,80298
selena_context_size_20260927T131553Z_36791,ts_icl__model_config.context_length-512__pipeline_config.raw_inference.completed_at-2026-09-27T13_57_51.926987_00_00,ts_icl,univariate,completed,0,0.8825482673699648,1.074075486510992,1,1,1,420,420,420,0,362880
selena_context_size_20260927T131553Z_36791,ts_icl__model_config.context_length-512__pipeline_config.raw_inference.completed_at-2026-09-27T13_55_55.709375_00_00,ts_icl,univariate,completed,0,0.8828150598205412,0.04791700281202793,1,1,1,8,8,8,0,23886
selena_context_size_20260927T131553Z_36791,chronos_bolt__model_config.context_length-256__pipeline_config.raw_inference.completed_at-2026-09-27T13_27_51.235936_00_00,chronos_bolt,univariate,completed,0,0.8831530113338496,0.727934030815959,1,1,1,225,225,225,0,194400
selena_context_size_20260927T131553Z_36791,chronos_bolt__model_config.context_length-512__pipeline_config.raw_inference.completed_at-2026-09-27T14_57_49.772450_00_00,chronos_bolt,univariate,completed,0,0.8834721672915476,0.8472334463149309,1,1,1,225,225,225,0,194400
selena_context_size_20260927T131553Z_36791,chronos_bolt__model_config.context_length-256__pipeline_config.raw_inference.completed_at-2026-09-27T13_32_00.809012_00_00,chronos_bolt,univariate,completed,0,0.8834986686206711,1.8012144919484854,1,1,1,1400,1400,1400,0,241200
selena_context_size_20260927T131553Z_36791,chronos2__model_config.context_length-2048__pipeline_config.raw_inference.completed_at-2026-09-27T13_42_59.064595_00_00,chronos2,multivariate,completed,0,0.8840393012985148,0.552669720724225,1,1,1,312,312,315,0,56439
selena_context_size_20260927T131553Z_36791,chronos_bolt__model_config.context_length-512__pipeline_config.raw_inference.completed_at-2026-09-27T13_22_13.285627_00_00,chronos_bolt,univariate,completed,0,0.884795603882325,2.000611511990428,1,1,1,150,150,150,0,388800
selena_context_size_20260927T131553Z_36791,chronos_bolt__model_config.context_length-256__pipeline_config.raw_inference.completed_at-2026-09-27T13_30_47.021642_00_00,chronos_bolt,univariate,completed,0,0.8850973617811069,0.41958213597536087,1,1,1,186,186,186,0,26784
selena_context_size_20260927T131553Z_36791,chronos_bolt__model_config.context_length-128__pipeline_config.raw_inference.completed_at-2026-09-27T13_28_41.601674_00_00,chronos_bolt,univariate,completed,0,0.885126725796378,0.6223335396498442,1,1,1,75,75,75,0,194400
selena_context_size_20260927T131553Z_36791,chronos_bolt__model_config.context_length-1024__pipeline_config.raw_inference.completed_at-2026-09-27T13_22_06.944958_00_00,chronos_bolt,univariate,completed,0,0.8859627340061312,1.5864778850227594,1,1,1,75,75,75,0,194400
selena_context_size_20260927T131553Z_36791,chronos2__model_config.context_length-512__pipeline_config.raw_inference.completed_at-2026-09-27T13_45_14.766566_00_00,chronos2,multivariate,completed,0,0.8862560093204783,0.13288399390876293,1,1,1,210,210,210,0,544158
selena_context_size_20260927T131553Z_36791,chronos_bolt__model_config.context_length-512__pipeline_config.raw_inference.completed_at-2026-09-27T14_59_05.946956_00_00,chronos_bolt,univariate,completed,0,0.8866308424885401,0.4130118805915117,1,1,1,105,105,105,0,56439
selena_context_size_20260927T131553Z_36791,chronos_bolt__model_config.context_length-256__pipeline_config.raw_inference.completed_at-2026-09-27T13_30_24.633206_00_00,chronos_bolt,univariate,completed,0,0.8866708684533418,7.526067491620779,1,1,1,2478,2478,2478,0,2115504
selena_context_size_20260927T131553Z_36791,chronos_bolt__model_config.context_length-512__pipeline_config.raw_inference.completed_at-2026-09-27T14_57_50.955503_00_00,chronos_bolt,univariate,completed,0,0.8872410693209115,0.9954293705523014,1,1,1,75,75,75,0,194400
selena_context_size_20260927T131553Z_36791,ts_icl__model_config.context_length-512__pipeline_config.raw_inference.completed_at-2026-09-27T14_00_01.256432_00_00,ts_icl,univariate,completed,0,0.8873364812527713,1.2427716478705406,1,1,1,420,420,420,0,69984
selena_context_size_20260927T131553Z_36791,ts_icl__model_config.context_length-512__pipeline_config.raw_inference.completed_at-2026-09-27T13_57_32.437488_00_00,ts_icl,univariate,completed,0,0.8895713686341463,1.0851853117346764,1,1,1,312,312,315,0,56439
selena_context_size_20260927T131553Z_36791,ts_icl__model_config.context_length-4096__pipeline_config.raw_inference.completed_at-2026-09-26T16_11_51.810372_00_00,ts_icl,univariate,completed,0,0.8898425652416986,0.3980697076767683,1,1,1,16,16,16,0,24192
selena_context_size_20260927T131553Z_36791,chronos_bolt__model_config.context_length-2048__pipeline_config.raw_inference.completed_at-2026-09-26T15_55_28.176860_00_00,chronos_bolt,univariate,completed,0,0.8908342512839882,2.331964299082756,1,1,1,1400,1400,1400,0,241200
selena_context_size_20260927T131553Z_36791,ts_icl__model_config.context_length-256__pipeline_config.raw_inference.completed_at-2026-09-27T15_05_30.111826_00_00,ts_icl,univariate,completed,0,0.8909098782813298,0.20635712705552578,1,1,1,75,75,75,0,194400
selena_context_size_20260927T131553Z_36791,chronos_bolt__model_config.context_length-512__pipeline_config.raw_inference.completed_at-2026-09-27T14_59_05.347414_00_00,chronos_bolt,univariate,completed,0,0.8914864748597064,0.5583960190415382,1,1,1,312,312,315,0,56439
selena_context_size_20260927T131553Z_36791,chronos_bolt__model_config.context_length-1024__pipeline_config.raw_inference.completed_at-2026-09-27T13_23_27.642776_00_00,chronos_bolt,univariate,completed,0,0.8915338993273171,0.6269263010472059,1,1,1,105,105,105,0,56439
selena_context_size_20260927T131553Z_36791,ts_icl__model_config.context_length-256__pipeline_config.raw_inference.completed_at-2026-09-27T15_06_13.829443_00_00,ts_icl,univariate,completed,0,0.8919423380683674,0.05542980693280697,1,1,1,16,16,16,0,24192
selena_context_size_20260927T131553Z_36791,chronos_bolt__model_config.context_length-2048__pipeline_config.raw_inference.completed_at-2026-09-26T15_51_31.186818_00_00,chronos_bolt,univariate,completed,0,0.892551152793472,0.7095697037875652,1,1,1,312,312,315,0,56439
selena_context_size_20260927T131553Z_36791,ts_icl__model_config.context_length-256__pipeline_config.raw_inference.completed_at-2026-09-27T15_03_32.515774_00_00,ts_icl,univariate,completed,0,0.8928642977187287,0.3617688771337271,1,1,1,150,150,150,0,388800
selena_context_size_20260927T131553Z_36791,chronos_bolt__model_config.context_length-128__pipeline_config.raw_inference.completed_at-2026-09-27T13_28_40.787306_00_00,chronos_bolt,univariate,completed,0,0.8940190311167061,0.6472363658249378,1,1,1,225,225,225,0,194400
selena_context_size_20260927T131553Z_36791,chronos_bolt__model_config.context_length-2048__pipeline_config.raw_inference.completed_at-2026-09-26T15_49_05.119306_00_00,chronos_bolt,univariate,completed,0,0.8946352814046282,30.308664947748184,1,1,1,810,810,810,0,2099520
selena_context_size_20260927T131553Z_36791,chronos2__model_config.context_length-512__pipeline_config.raw_inference.completed_at-2026-09-27T13_46_42.736396_00_00,chronos2,univariate,completed,0,0.8954429369861762,0.035428110510110855,1,1,1,30,30,30,0,25875
selena_context_size_20260927T131553Z_36791,chronos_bolt__model_config.context_length-256__pipeline_config.raw_inference.completed_at-2026-09-27T13_26_45.550212_00_00,chronos_bolt,univariate,completed,0,0.8954546924157797,0.1577097252011299,1,1,1,20,20,20,0,24129
selena_context_size_20260927T131553Z_36791,ts_icl__model_config.context_length-1024__pipeline_config.raw_inference.completed_at-2026-09-27T13_56_20.473628_00_00,ts_icl,univariate,completed,0,0.8957559517601618,0.7047892827540636,1,1,1,144,144,144,0,435456
selena_context_size_20260927T131553Z_36791,ts_icl__model_config.context_length-2048__pipeline_config.raw_inference.completed_at-2026-09-27T14_00_18.316064_00_00,ts_icl,univariate,completed,0,0.8959045706666847,1.4309963267296553,1,1,1,144,144,144,0,435456
selena_context_size_20260927T131553Z_36791,chronos_bolt__model_config.context_length-256__pipeline_config.raw_inference.completed_at-2026-09-27T13_26_25.277428_00_00,chronos_bolt,univariate,completed,0,0.8974187220430577,2.945381239056587,1,1,1,252,252,252,0,762048
selena_context_size_20260927T131553Z_36791,chronos_bolt__model_config.context_length-256__pipeline_config.raw_inference.completed_at-2026-09-27T13_26_35.281254_00_00,chronos_bolt,univariate,completed,0,0.8974715220744376,0.1187387965619564,1,1,1,30,30,30,0,25875
selena_context_size_20260927T131553Z_36791,ts_icl__model_config.context_length-512__pipeline_config.raw_inference.completed_at-2026-09-27T13_55_55.267050_00_00,ts_icl,univariate,completed,0,0.8978074660657271,0.06674859300255775,1,1,1,16,16,16,0,23886
selena_context_size_20260927T131553Z_36791,chronos_bolt__model_config.context_length-1024__pipeline_config.raw_inference.completed_at-2026-09-27T13_23_26.826863_00_00,chronos_bolt,univariate,completed,0,0.8979730218229679,0.5981581080704927,1,1,1,312,312,315,0,56439
selena_context_size_20260927T131553Z_36791,chronos_bolt__model_config.context_length-128__pipeline_config.raw_inference.completed_at-2026-09-27T13_32_57.166201_00_00,chronos_bolt,univariate,completed,0,0.8983118992092742,0.665399044752121,1,1,1,420,420,420,0,69984
selena_context_size_20260927T131553Z_36791,chronos_bolt__model_config.context_length-1024__pipeline_config.raw_inference.completed_at-2026-09-27T13_20_46.269032_00_00,chronos_bolt,univariate,completed,0,0.8987396782112383,0.18809630535542965,1,1,1,16,16,16,0,23886
selena_context_size_20260927T131553Z_36791,ts_icl__model_config.context_length-2048__pipeline_config.raw_inference.completed_at-2026-09-27T13_50_33.418558_00_00,ts_icl,univariate,completed,0,0.8988857290446867,5.619395123794675,1,1,1,630,630,630,0,544158
selena_context_size_20260927T131553Z_36791,chronos_bolt__model_config.context_length-256__pipeline_config.raw_inference.completed_at-2026-09-27T13_26_18.384842_00_00,chronos_bolt,univariate,completed,0,0.8991567618004501,4.186061745509505,1,1,1,3528,3528,3528,0,762048
selena_context_size_20260927T131553Z_36791,chronos_bolt__model_config.context_length-1024__pipeline_config.raw_inference.completed_at-2026-09-27T13_17_20.475623_00_00,chronos_bolt,univariate,completed,0,0.9006351091443154,4.203739624470472,1,1,1,630,630,630,0,544158
selena_context_size_20260927T131553Z_36791,chronos_bolt__model_config.context_length-1024__pipeline_config.raw_inference.completed_at-2026-09-27T13_21_26.064911_00_00,chronos_bolt,univariate,completed,0,0.901239915343808,17.09666114114225,1,1,1,810,810,810,0,2099520
selena_context_size_20260927T131553Z_36791,chronos_bolt__model_config.context_length-256__pipeline_config.raw_inference.completed_at-2026-09-27T13_29_06.175860_00_00,chronos_bolt,univariate,completed,0,0.9016395202853541,0.3530225120484829,1,1,1,105,105,105,0,56439
selena_context_size_20260927T131553Z_36791,chronos2__model_config.context_length-1024__pipeline_config.raw_inference.completed_at-2026-09-27T13_45_57.553571_00_00,chronos2,multivariate,completed,0,0.9025489117568459,0.4710989389568567,1,1,1,270,270,270,0,2099520
selena_context_size_20260927T131553Z_36791,chronos_bolt__model_config.context_length-512__pipeline_config.raw_inference.completed_at-2026-09-27T14_57_20.273362_00_00,chronos_bolt,univariate,completed,0,0.9029444447632445,10.66084210574627,1,1,1,810,810,810,0,2099520
selena_context_size_20260927T131553Z_36791,chronos_bolt__model_config.context_length-256__pipeline_config.raw_inference.completed_at-2026-09-27T13_29_45.355991_00_00,chronos_bolt,univariate,completed,0,0.9041280790480584,0.4454974867403507,1,1,1,140,140,140,0,120960
selena_context_size_20260927T131553Z_36791,chronos2__model_config.context_length-8192__pipeline_config.raw_inference.completed_at-2026-09-26T15_50_11.706461_00_00,chronos2,multivariate,completed,0,0.9042069727404326,0.106172950938344,1,1,1,16,16,16,0,24192
selena_context_size_20260927T131553Z_36791,chronos_bolt__model_config.context_length-128__pipeline_config.raw_inference.completed_at-2026-09-27T13_32_16.532350_00_00,chronos_bolt,univariate,completed,0,0.9042851037256359,0.3028856683522463,1,1,1,64,64,64,0,7380
selena_context_size_20260927T131553Z_36791,ts_icl__model_config.context_length-256__pipeline_config.raw_inference.completed_at-2026-09-27T15_08_06.302923_00_00,ts_icl,univariate,completed,0,0.904600239229104,0.2408238872885704,1,1,1,45,45,45,0,10980
selena_context_size_20260927T131553Z_36791,chronos_bolt__model_config.context_length-128__pipeline_config.raw_inference.completed_at-2026-09-27T13_32_46.821216_00_00,chronos_bolt,univariate,completed,0,0.9051820790855386,1.707573028281331,1,1,1,1400,1400,1400,0,241200
selena_context_size_20260927T131553Z_36791,ts_icl__model_config.context_length-1024__pipeline_config.raw_inference.completed_at-2026-09-27T13_54_16.441814_00_00,ts_icl,univariate,completed,0,0.9054025934213922,3.579614344984293,1,1,1,810,810,810,0,1574640
selena_context_size_20260927T131553Z_36791,chronos2__model_config.context_length-2048__pipeline_config.raw_inference.completed_at-2026-09-27T13_42_49.307573_00_00,chronos2,multivariate,completed,0,0.9055681081181327,0.04664710722863674,1,1,1,16,16,16,0,24192
selena_context_size_20260927T131553Z_36791,chronos2__model_config.context_length-4096__pipeline_config.raw_inference.completed_at-2026-09-27T13_43_25.505185_00_00,chronos2,multivariate,completed,0,0.9058839267100394,0.06456104479730129,1,1,1,16,16,16,0,24192
selena_context_size_20260927T131553Z_36791,chronos_bolt__model_config.context_length-256__pipeline_config.raw_inference.completed_at-2026-09-27T13_29_05.637133_00_00,chronos_bolt,univariate,completed,0,0.9058971524493797,0.574603158980608,1,1,1,312,312,315,0,56439
selena_context_size_20260927T131553Z_36791,chronos_bolt__model_config.context_length-2048__pipeline_config.raw_inference.completed_at-2026-09-26T15_50_39.241563_00_00,chronos_bolt,univariate,completed,0,0.9079013314159889,6.603076305240393,1,1,1,144,144,144,0,435456
selena_context_size_20260927T131553Z_36791,chronos_bolt__model_config.context_length-128__pipeline_config.raw_inference.completed_at-2026-09-27T13_27_47.711515_00_00,chronos_bolt,univariate,completed,0,0.9082377279618365,0.09262890182435513,1,1,1,16,16,16,0,23886
selena_context_size_20260927T131553Z_36791,ts_icl__model_config.context_length-1024__pipeline_config.raw_inference.completed_at-2026-09-27T13_56_59.847242_00_00,ts_icl,univariate,completed,0,0.9082456360953916,0.08700808696448803,1,1,1,16,16,16,0,24192
selena_context_size_20260927T131553Z_36791,chronos_bolt__model_config.context_length-512__pipeline_config.raw_inference.completed_at-2026-09-27T14_56_47.850447_00_00,chronos_bolt,univariate,completed,0,0.908871266330365,0.16706071607768536,1,1,1,8,8,8,0,23886
selena_context_size_20260927T131553Z_36791,chronos_bolt__model_config.context_length-1024__pipeline_config.raw_inference.completed_at-2026-09-27T13_26_44.788952_00_00,chronos_bolt,univariate,completed,0,0.909053658930439,2.274445556104183,1,1,1,1400,1400,1400,0,241200
selena_context_size_20260927T131553Z_36791,chronos_bolt__model_config.context_length-128__pipeline_config.raw_inference.completed_at-2026-09-27T13_26_08.773849_00_00,chronos_bolt,univariate,completed,0,0.9093412904780528,1.2219502814114094,1,1,1,150,150,150,0,388800
selena_context_size_20260927T131553Z_36791,ts_icl__model_config.context_length-1024__pipeline_config.raw_inference.completed_at-2026-09-27T13_56_04.583867_00_00,ts_icl,univariate,completed,0,0.9095783802655802,0.20848997682332993,1,1,1,45,45,45,0,29160
selena_context_size_20260927T131553Z_36791,chronos2__model_config.context_length-512__pipeline_config.raw_inference.completed_at-2026-09-27T13_47_23.055419_00_00,chronos2,multivariate,completed,0,0.9106593045019831,0.38579854369163513,1,1,1,270,270,270,0,2099520
selena_context_size_20260927T131553Z_36791,ts_icl__model_config.context_length-512__pipeline_config.raw_inference.completed_at-2026-09-27T13_54_05.282760_00_00,ts_icl,univariate,completed,0,0.91134471365851,1.0012464635074139,1,1,1,300,300,300,0,1166184
selena_context_size_20260927T131553Z_36791,chronos_bolt__model_config.context_length-128__pipeline_config.raw_inference.completed_at-2026-09-27T13_31_34.241967_00_00,chronos_bolt,univariate,completed,0,0.912078114390998,0.2106492705643177,1,1,1,4,4,4,0,24192
selena_context_size_20260927T131553Z_36791,ts_icl__model_config.context_length-512__pipeline_config.raw_inference.completed_at-2026-09-27T13_56_26.620894_00_00,ts_icl,univariate,completed,0,0.9122432508136677,1.9345319047570229,1,1,1,270,270,270,0,2099520
selena_context_size_20260927T131553Z_36791,chronos_bolt__model_config.context_length-256__pipeline_config.raw_inference.completed_at-2026-09-27T13_26_21.971641_00_00,chronos_bolt,univariate,completed,0,0.9134085822841481,2.469757916405797,1,1,1,504,504,504,0,762048
selena_context_size_20260927T131553Z_36791,chronos_bolt__model_config.context_length-256__pipeline_config.raw_inference.completed_at-2026-09-27T13_26_55.474709_00_00,chronos_bolt,univariate,completed,0,0.914237229607486,0.13620072416961193,1,1,1,8,8,8,0,23886
selena_context_size_20260927T131553Z_36791,chronos_bolt__model_config.context_length-256__pipeline_config.raw_inference.completed_at-2026-09-27T13_28_55.790431_00_00,chronos_bolt,univariate,completed,0,0.9150316693811026,0.07921123690903187,1,1,1,16,16,16,0,24192
selena_context_size_20260927T131553Z_36791,ts_icl__model_config.context_length-512__pipeline_config.raw_inference.completed_at-2026-09-27T13_56_55.880122_00_00,ts_icl,univariate,completed,0,0.915095407498353,0.4558039363473654,1,1,1,144,144,144,0,435456
selena_context_size_20260927T131553Z_36791,ts_icl__model_config.context_length-512__pipeline_config.raw_inference.completed_at-2026-09-27T13_57_27.197284_00_00,ts_icl,univariate,completed,0,0.9153438794482227,0.0664672926068306,1,1,1,16,16,16,0,24192
selena_context_size_20260927T131553Z_36791,ts_icl__model_config.context_length-1024__pipeline_config.raw_inference.completed_at-2026-09-27T13_59_45.599914_00_00,ts_icl,univariate,completed,0,0.9157016914642492,0.7380954474210739,1,1,1,45,45,45,0,10980
selena_context_size_20260927T131553Z_36791,chronos_bolt__model_config.context_length-128__pipeline_config.raw_inference.completed_at-2026-09-27T13_27_27.647454_00_00,chronos_bolt,univariate,completed,0,0.9157996587510063,0.10737471282482147,1,1,1,30,30,30,0,25875
selena_context_size_20260927T131553Z_36791,chronos2__model_config.context_length-512__pipeline_config.raw_inference.completed_at-2026-09-27T13_47_02.923550_00_00,chronos2,univariate,completed,0,0.9164850278939847,0.018161052837967873,1,1,1,16,16,16,0,23886
selena_context_size_20260927T131553Z_36791,ts_icl__model_config.context_length-1024__pipeline_config.raw_inference.completed_at-2026-09-27T14_00_50.974396_00_00,ts_icl,univariate,completed,0,0.916808184670248,0.2348019964993,1,1,1,5,5,5,0,540
selena_context_size_20260927T131553Z_36791,ts_icl__model_config.context_length-2048__pipeline_config.raw_inference.completed_at-2026-09-27T14_07_42.868359_00_00,ts_icl,univariate,completed,0,0.916808184670248,0.2234075516462326,1,1,1,5,5,5,0,540
selena_context_size_20260927T131553Z_36791,ts_icl__model_config.context_length-4096__pipeline_config.raw_inference.completed_at-2026-09-26T16_24_17.804507_00_00,ts_icl,univariate,completed,0,0.916808184670248,0.22836863808333874,1,1,1,5,5,5,0,540
selena_context_size_20260927T131553Z_36791,ts_icl__model_config.context_length-512__pipeline_config.raw_inference.completed_at-2026-09-27T14_00_34.249036_00_00,ts_icl,univariate,completed,0,0.916808184670248,0.22467910312116146,1,1,1,5,5,5,0,540
selena_context_size_20260927T131553Z_36791,chronos_bolt__model_config.context_length-256__pipeline_config.raw_inference.completed_at-2026-09-27T13_25_13.566521_00_00,chronos_bolt,univariate,completed,0,0.9168687029716655,1.4365163575857878,1,1,1,150,150,150,0,388800
selena_context_size_20260927T131553Z_36791,chronos_bolt__model_config.context_length-2048__pipeline_config.raw_inference.completed_at-2026-09-26T15_55_38.573670_00_00,chronos_bolt,univariate,completed,0,0.9176410584656743,0.8497904893010855,1,1,1,420,420,420,0,69984
selena_context_size_20260927T131553Z_36791,chronos2__model_config.context_length-2048__pipeline_config.raw_inference.completed_at-2026-09-27T13_45_03.426835_00_00,chronos2,univariate,completed,0,0.9176932756570406,0.24738374911248684,1,1,1,45,45,45,0,10980
selena_context_size_20260927T131553Z_36791,chronos2__model_config.context_length-4096__pipeline_config.raw_inference.completed_at-2026-09-27T13_46_00.635630_00_00,chronos2,univariate,completed,0,0.9176932756570406,0.25549259036779404,1,1,1,45,45,45,0,10980
selena_context_size_20260927T131553Z_36791,chronos2__model_config.context_length-8192__pipeline_config.raw_inference.completed_at-2026-09-26T15_53_43.404506_00_00,chronos2,univariate,completed,0,0.9176932756570406,0.2482460793107748,1,1,1,45,45,45,0,10980
selena_context_size_20260927T131553Z_36791,chronos_bolt__model_config.context_length-1024__pipeline_config.raw_inference.completed_at-2026-09-27T13_21_49.612342_00_00,chronos_bolt,univariate,completed,0,0.9193050956060396,22.172438144683838,1,1,1,270,270,270,0,2099520
selena_context_size_20260927T131553Z_36791,ts_icl__model_config.context_length-4096__pipeline_config.raw_inference.completed_at-2026-09-26T15_44_55.697653_00_00,ts_icl,univariate,completed,0,0.9203758656394206,15.171297745779157,1,1,1,630,630,630,0,544158
selena_context_size_20260927T131553Z_36791,ts_icl__model_config.context_length-1024__pipeline_config.raw_inference.completed_at-2026-09-27T13_51_25.279524_00_00,ts_icl,univariate,completed,0,0.9205259853684429,2.66905689612031,1,1,1,630,630,630,0,544158
selena_context_size_20260927T131553Z_36791,chronos2__model_config.context_length-512__pipeline_config.raw_inference.completed_at-2026-09-27T13_48_39.682711_00_00,chronos2,multivariate,completed,0,0.9205932791759797,0.31362409517169,1,1,1,312,312,315,0,56439
selena_context_size_20260927T131553Z_36791,ts_icl__model_config.context_length-2048__pipeline_config.raw_inference.completed_at-2026-09-27T14_01_24.358078_00_00,ts_icl,univariate,completed,0,0.9217976216935952,0.16228541173040867,1,1,1,16,16,16,0,24192
selena_context_size_20260927T131553Z_36791,chronos_bolt__model_config.context_length-256__pipeline_config.raw_inference.completed_at-2026-09-27T13_29_46.191116_00_00,chronos_bolt,univariate,completed,0,0.9223380879794681,0.6849927194416523,1,1,1,20,20,20,0,120960
selena_context_size_20260927T131553Z_36791,chronos_bolt__model_config.context_length-2048__pipeline_config.raw_inference.completed_at-2026-09-26T15_49_38.648611_00_00,chronos_bolt,univariate,completed,0,0.9227447473550242,32.15862756036222,1,1,1,270,270,270,0,2099520
selena_context_size_20260927T131553Z_36791,ts_icl__model_config.context_length-256__pipeline_config.raw_inference.completed_at-2026-09-27T15_08_36.028125_00_00,ts_icl,univariate,completed,0,0.9232412278677625,1.027605028823018,1,1,1,420,420,420,0,69984
selena_context_size_20260927T131553Z_36791,chronos_bolt__model_config.context_length-512__pipeline_config.raw_inference.completed_at-2026-09-27T14_58_15.538510_00_00,chronos_bolt,univariate,completed,0,0.9240274743261488,1.873175336048007,1,1,1,288,288,288,0,435456
selena_context_size_20260927T131553Z_36791,ts_icl__model_config.context_length-2048__pipeline_config.raw_inference.completed_at-2026-09-27T14_06_28.925943_00_00,ts_icl,univariate,completed,0,0.9247363505196929,0.7820961065590382,1,1,1,45,45,45,0,10980
selena_context_size_20260927T131553Z_36791,ts_icl__model_config.context_length-4096__pipeline_config.raw_inference.completed_at-2026-09-26T16_22_36.905392_00_00,ts_icl,univariate,completed,0,0.9247363505196929,1.222763068974018,1,1,1,45,45,45,0,10980
selena_context_size_20260927T131553Z_36791,chronos_bolt__model_config.context_length-256__pipeline_config.raw_inference.completed_at-2026-09-27T13_31_20.152743_00_00,chronos_bolt,univariate,completed,0,0.9251619848083975,0.2614036314189434,1,1,1,45,45,45,0,10980
selena_context_size_20260927T131553Z_36791,ts_icl__model_config.context_length-256__pipeline_config.raw_inference.completed_at-2026-09-27T15_09_07.151278_00_00,ts_icl,univariate,completed,0,0.9251717823777686,0.18136981688439846,1,1,1,5,5,5,0,540
selena_context_size_20260927T131553Z_36791,chronos_bolt__model_config.context_length-1024__pipeline_config.raw_inference.completed_at-2026-09-27T13_17_25.306945_00_00,chronos_bolt,univariate,completed,0,0.9263426343497311,4.427041687071323,1,1,1,210,210,210,0,544158
selena_context_size_20260927T131553Z_36791,chronos2__model_config.context_length-1024__pipeline_config.raw_inference.completed_at-2026-09-27T13_46_20.197097_00_00,chronos2,multivariate,completed,0,0.926712050663122,0.04212372191250324,1,1,1,15,15,15,0,29160
selena_context_size_20260927T131553Z_36791,chronos_bolt__model_config.context_length-128__pipeline_config.raw_inference.completed_at-2026-09-27T13_27_47.880125_00_00,chronos_bolt,univariate,completed,0,0.9269439572585958,0.12383802235126495,1,1,1,8,8,8,0,23886
selena_context_size_20260927T131553Z_36791,chronos_bolt__model_config.context_length-512__pipeline_config.raw_inference.completed_at-2026-09-27T15_24_03.741368_00_00,chronos_bolt,univariate,completed,0,0.9271759957896457,0.6607622746378183,1,1,1,420,420,420,0,69984
selena_context_size_20260927T131553Z_36791,chronos2__model_config.context_length-512__pipeline_config.raw_inference.completed_at-2026-09-27T13_48_40.171380_00_00,chronos2,multivariate,completed,0,0.92749036308639,0.08763460256159306,1,1,1,105,105,105,0,56439
selena_context_size_20260927T131553Z_36791,chronos_bolt__model_config.context_length-512__pipeline_config.raw_inference.completed_at-2026-09-27T13_21_01.217015_00_00,chronos_bolt,univariate,completed,0,0.9275077565152057,2.26833607442677,1,1,1,630,630,630,0,544158
selena_context_size_20260927T131553Z_36791,chronos_bolt__model_config.context_length-512__pipeline_config.raw_inference.completed_at-2026-09-27T14_56_47.641608_00_00,chronos_bolt,univariate,completed,0,0.928177831698752,0.1309933438897133,1,1,1,16,16,16,0,23886
selena_context_size_20260927T131553Z_36791,ts_icl__model_config.context_length-256__pipeline_config.raw_inference.completed_at-2026-09-27T15_06_20.151486_00_00,ts_icl,univariate,completed,0,0.9293657142727363,0.12215500883758068,1,1,1,45,45,45,0,56439
selena_context_size_20260927T131553Z_36791,chronos_bolt__model_config.context_length-512__pipeline_config.raw_inference.completed_at-2026-09-27T13_21_04.429940_00_00,chronos_bolt,univariate,completed,0,0.9306214946633683,2.803531050682068,1,1,1,210,210,210,0,544158
selena_context_size_20260927T131553Z_36791,chronos_bolt__model_config.context_length-256__pipeline_config.raw_inference.completed_at-2026-09-27T13_32_11.140032_00_00,chronos_bolt,univariate,completed,0,0.930673566542511,0.659261915832758,1,1,1,420,420,420,0,69984
selena_context_size_20260927T131553Z_36791,ts_icl__model_config.context_length-4096__pipeline_config.raw_inference.completed_at-2026-09-26T15_45_01.873570_00_00,ts_icl,univariate,completed,0,0.9322702240751551,5.35576812364161,1,1,1,210,210,210,0,544158
selena_context_size_20260927T131553Z_36791,chronos_bolt__model_config.context_length-128__pipeline_config.raw_inference.completed_at-2026-09-27T13_32_06.986075_00_00,chronos_bolt,univariate,completed,0,0.9324616584753381,0.2597436774522066,1,1,1,45,45,45,0,10980
selena_context_size_20260927T131553Z_36791,chronos_bolt__model_config.context_length-1024__pipeline_config.raw_inference.completed_at-2026-09-27T13_26_55.432809_00_00,chronos_bolt,univariate,completed,0,0.9330453008920451,0.7120964396744967,1,1,1,420,420,420,0,69984
selena_context_size_20260927T131553Z_36791,chronos_bolt__model_config.context_length-1024__pipeline_config.raw_inference.completed_at-2026-09-27T13_22_37.894252_00_00,chronos_bolt,univariate,completed,0,0.9338363517928574,4.033429274335504,1,1,1,144,144,144,0,435456
selena_context_size_20260927T131553Z_36791,ts_icl__model_config.context_length-1024__pipeline_config.raw_inference.completed_at-2026-09-27T13_55_43.771384_00_00,ts_icl,univariate,completed,0,0.9342798941479411,2.963689560070634,1,1,1,270,270,270,0,2099520
selena_context_size_20260927T131553Z_36791,ts_icl__model_config.context_length-4096__pipeline_config.raw_inference.completed_at-2026-09-26T16_06_55.979969_00_00,ts_icl,univariate,completed,0,0.9354372805542223,14.442658975720406,1,1,1,270,270,270,0,2099520
selena_context_size_20260927T131553Z_36791,ts_icl__model_config.context_length-256__pipeline_config.raw_inference.completed_at-2026-09-27T15_06_19.584738_00_00,ts_icl,univariate,completed,0,0.9370595729630949,0.2266568411141634,1,1,1,105,105,105,0,56439
selena_context_size_20260927T131553Z_36791,chronos2__model_config.context_length-1024__pipeline_config.raw_inference.completed_at-2026-09-27T13_49_08.120262_00_00,chronos2,univariate,completed,0,0.9384106620025717,0.24637144431471825,1,1,1,45,45,45,0,10980
selena_context_size_20260927T131553Z_36791,chronos_bolt__model_config.context_length-128__pipeline_config.raw_inference.completed_at-2026-09-27T13_27_17.600676_00_00,chronos_bolt,univariate,completed,0,0.9384964065267638,2.541432026773691,1,1,1,252,252,252,0,762048
selena_context_size_20260927T131553Z_36791,chronos2__model_config.context_length-4096__pipeline_config.raw_inference.completed_at-2026-09-27T13_43_36.730550_00_00,chronos2,multivariate,completed,0,0.9386456282638268,0.1230241023004055,1,1,1,45,45,45,0,56439
selena_context_size_20260927T131553Z_36791,chronos2__model_config.context_length-2048__pipeline_config.raw_inference.completed_at-2026-09-27T13_43_00.015323_00_00,chronos2,multivariate,completed,0,0.9392263425333096,0.06075688824057579,1,1,1,45,45,45,0,56439
selena_context_size_20260927T131553Z_36791,chronos_bolt__model_config.context_length-128__pipeline_config.raw_inference.completed_at-2026-09-27T13_29_44.332245_00_00,chronos_bolt,univariate,completed,0,0.9406020896424739,0.0683048889040947,1,1,1,16,16,16,0,24192
selena_context_size_20260927T131553Z_36791,ts_icl__model_config.context_length-256__pipeline_config.raw_inference.completed_at-2026-09-27T15_05_46.551422_00_00,ts_icl,univariate,completed,0,0.9406285244909997,0.3635988552123308,1,1,1,144,144,144,0,435456
selena_context_size_20260927T131553Z_36791,chronos_bolt__model_config.context_length-2048__pipeline_config.raw_inference.completed_at-2026-09-26T15_51_33.421927_00_00,chronos_bolt,univariate,completed,0,0.9413522940282448,0.8393427040427923,1,1,1,45,45,45,0,56439
selena_context_size_20260927T131553Z_36791,chronos2__model_config.context_length-8192__pipeline_config.raw_inference.completed_at-2026-09-26T15_50_24.246215_00_00,chronos2,multivariate,completed,0,0.9416618511442288,0.21007609739899635,1,1,1,45,45,45,0,56439
selena_context_size_20260927T131553Z_36791,chronos_bolt__model_config.context_length-2048__pipeline_config.raw_inference.completed_at-2026-09-26T15_43_42.647011_00_00,chronos_bolt,univariate,completed,0,0.9424050112046589,7.7722183633595705,1,1,1,210,210,210,0,544158
selena_context_size_20260927T131553Z_36791,ts_icl__model_config.context_length-2048__pipeline_config.raw_inference.completed_at-2026-09-27T13_59_50.117153_00_00,ts_icl,univariate,completed,0,0.9433627006437976,0.4212769437581301,1,1,1,45,45,45,0,29160
selena_context_size_20260927T131553Z_36791,ts_icl__model_config.context_length-2048__pipeline_config.raw_inference.completed_at-2026-09-27T13_50_36.294455_00_00,ts_icl,univariate,completed,0,0.9442132664376912,2.054704751819372,1,1,1,210,210,210,0,544158
selena_context_size_20260927T131553Z_36791,chronos2__model_config.context_length-512__pipeline_config.raw_inference.completed_at-2026-09-27T13_48_30.211643_00_00,chronos2,multivariate,completed,0,0.944764549163772,0.04015284776687622,1,1,1,16,16,16,0,24192
selena_context_size_20260927T131553Z_36791,chronos_bolt__model_config.context_length-256__pipeline_config.raw_inference.completed_at-2026-09-27T13_28_16.288384_00_00,chronos_bolt,univariate,completed,0,0.9450935520862289,1.4182823430746794,1,1,1,288,288,288,0,435456
selena_context_size_20260927T131553Z_36791,chronos_bolt__model_config.context_length-128__pipeline_config.raw_inference.completed_at-2026-09-27T13_29_05.586692_00_00,chronos_bolt,univariate,completed,0,0.9453293252845011,1.2101054806262255,1,1,1,288,288,288,0,435456
selena_context_size_20260927T131553Z_36791,chronos2__model_config.context_length-2048__pipeline_config.raw_inference.completed_at-2026-09-27T13_42_11.784661_00_00,chronos2,multivariate,completed,0,0.9453621108788436,0.21624062210321426,1,1,1,144,144,144,0,435456
selena_context_size_20260927T131553Z_36791,chronos2__model_config.context_length-1024__pipeline_config.raw_inference.completed_at-2026-09-27T13_49_17.762147_00_00,chronos2,univariate,completed,0,0.9468634994013284,0.3142946530133486,1,1,1,64,64,64,0,7380
selena_context_size_20260927T131553Z_36791,chronos2__model_config.context_length-2048__pipeline_config.raw_inference.completed_at-2026-09-27T13_45_12.798430_00_00,chronos2,univariate,completed,0,0.9468634994013284,0.2624673955142498,1,1,1,64,64,64,0,7380
selena_context_size_20260927T131553Z_36791,chronos2__model_config.context_length-4096__pipeline_config.raw_inference.completed_at-2026-09-27T13_46_09.997610_00_00,chronos2,univariate,completed,0,0.9468634994013284,0.26271309703588486,1,1,1,64,64,64,0,7380
selena_context_size_20260927T131553Z_36791,chronos2__model_config.context_length-512__pipeline_config.raw_inference.completed_at-2026-09-27T13_50_39.303433_00_00,chronos2,univariate,completed,0,0.9468634994013284,0.27349671721458435,1,1,1,64,64,64,0,7380
selena_context_size_20260927T131553Z_36791,chronos2__model_config.context_length-8192__pipeline_config.raw_inference.completed_at-2026-09-26T15_53_52.688939_00_00,chronos2,univariate,completed,0,0.9468634994013284,0.26371740363538265,1,1,1,64,64,64,0,7380
selena_context_size_20260927T131553Z_36791,chronos_bolt__model_config.context_length-2048__pipeline_config.raw_inference.completed_at-2026-09-26T15_51_21.235337_00_00,chronos_bolt,univariate,completed,0,0.947040697295053,0.2967744283378124,1,1,1,16,16,16,0,24192
selena_context_size_20260927T131553Z_36791,chronos2__model_config.context_length-1024__pipeline_config.raw_inference.completed_at-2026-09-27T13_45_36.087411_00_00,chronos2,univariate,completed,0,0.947853959670577,0.01918179914355278,1,1,1,8,8,8,0,23886
selena_context_size_20260927T131553Z_36791,chronos2__model_config.context_length-1024__pipeline_config.raw_inference.completed_at-2026-09-27T13_47_17.205991_00_00,chronos2,multivariate,completed,0,0.9481892111937777,0.03714730404317379,1,1,1,45,45,45,0,56439
selena_context_size_20260927T131553Z_36791,ts_icl__model_config.context_length-1024__pipeline_config.raw_inference.completed_at-2026-09-27T13_56_05.085349_00_00,ts_icl,univariate,completed,0,0.9485130407098991,0.08648763783276081,1,1,1,15,15,15,0,29160
selena_context_size_20260927T131553Z_36791,chronos_bolt__model_config.context_length-1024__pipeline_config.raw_inference.completed_at-2026-09-27T13_23_28.226958_00_00,chronos_bolt,univariate,completed,0,0.9503804507270461,0.47223346680402756,1,1,1,45,45,45,0,56439
selena_context_size_20260927T131553Z_36791,ts_icl__model_config.context_length-4096__pipeline_config.raw_inference.completed_at-2026-09-26T16_08_11.081393_00_00,ts_icl,univariate,completed,0,0.9504582768039541,0.3787784017622471,1,1,1,15,15,15,0,29160
selena_context_size_20260927T131553Z_36791,ts_icl__model_config.context_length-2048__pipeline_config.raw_inference.completed_at-2026-09-27T13_59_16.427804_00_00,ts_icl,univariate,completed,0,0.9528428351114008,5.6910824198275805,1,1,1,270,270,270,0,2099520
selena_context_size_20260927T131553Z_36791,ts_icl__model_config.context_length-512__pipeline_config.raw_inference.completed_at-2026-09-27T13_57_53.106392_00_00,ts_icl,univariate,completed,0,0.9528592428578351,0.44257150776684284,1,1,1,140,140,140,0,362880
selena_context_size_20260927T131553Z_36791,ts_icl__model_config.context_length-512__pipeline_config.raw_inference.completed_at-2026-09-27T13_56_43.601241_00_00,ts_icl,univariate,completed,0,0.9544826661522278,0.12864593788981438,1,1,1,45,45,45,0,29160
selena_context_size_20260927T131553Z_36791,chronos_bolt__model_config.context_length-128__pipeline_config.raw_inference.completed_at-2026-09-27T13_29_07.265917_00_00,chronos_bolt,univariate,completed,0,0.9554951684406928,1.4339398108422756,1,1,1,144,144,144,0,435456
selena_context_size_20260927T131553Z_36791,ts_icl__model_config.context_length-256__pipeline_config.raw_inference.completed_at-2026-09-27T15_04_18.575378_00_00,ts_icl,univariate,completed,0,0.9560081024517905,4.077083200216293,1,1,1,2430,2430,2430,0,1574640
selena_context_size_20260927T131553Z_36791,ts_icl__model_config.context_length-512__pipeline_config.raw_inference.completed_at-2026-09-27T13_53_27.133888_00_00,ts_icl,univariate,completed,0,0.956235230867111,1.586466597393155,1,1,1,630,630,630,0,544158
selena_context_size_20260927T131553Z_36791,chronos_bolt__model_config.context_length-2048__pipeline_config.raw_inference.completed_at-2026-09-26T15_44_59.079417_00_00,chronos_bolt,univariate,completed,0,0.9579246305286601,16.539647737517953,1,1,1,300,300,300,0,1166184
selena_context_size_20260927T131553Z_36791,chronos2__model_config.context_length-512__pipeline_config.raw_inference.completed_at-2026-09-27T13_47_57.027356_00_00,chronos2,multivariate,completed,0,0.9599725873197849,0.09324268065392971,1,1,1,144,144,144,0,435456
selena_context_size_20260927T131553Z_36791,chronos_bolt__model_config.context_length-2048__pipeline_config.raw_inference.completed_at-2026-09-26T15_44_41.816363_00_00,chronos_bolt,univariate,completed,0,0.9608067753499822,17.39283923432231,1,1,1,900,900,900,0,1166184
selena_context_size_20260927T131553Z_36791,ts_icl__model_config.context_length-256__pipeline_config.raw_inference.completed_at-2026-09-27T15_06_18.732581_00_00,ts_icl,univariate,completed,0,0.9617795022849616,0.7249487191438675,1,1,1,312,312,315,0,56439
selena_context_size_20260927T131553Z_36791,chronos_bolt__model_config.context_length-256__pipeline_config.raw_inference.completed_at-2026-09-27T13_26_55.295603_00_00,chronos_bolt,univariate,completed,0,0.9627136787698575,0.10633180104196072,1,1,1,16,16,16,0,23886
selena_context_size_20260927T131553Z_36791,chronos_bolt__model_config.context_length-128__pipeline_config.raw_inference.completed_at-2026-09-27T13_29_54.666261_00_00,chronos_bolt,univariate,completed,0,0.9641156166657668,0.3099177647382021,1,1,1,105,105,105,0,56439
selena_context_size_20260927T131553Z_36791,ts_icl__model_config.context_length-512__pipeline_config.raw_inference.completed_at-2026-09-27T13_55_20.817226_00_00,ts_icl,univariate,completed,0,0.9664446557199726,2.183426244184375,1,1,1,810,810,810,0,1574640
selena_context_size_20260927T131553Z_36791,chronos_bolt__model_config.context_length-1024__pipeline_config.raw_inference.completed_at-2026-09-27T13_18_21.454133_00_00,chronos_bolt,univariate,completed,0,0.9681361313970178,9.990652920678258,1,1,1,300,300,300,0,1166184
selena_context_size_20260927T131553Z_36791,ts_icl__model_config.context_length-256__pipeline_config.raw_inference.completed_at-2026-09-27T15_05_19.499471_00_00,ts_icl,univariate,completed,0,0.9695581253133302,1.5113556161522865,1,1,1,270,270,270,0,2099520
selena_context_size_20260927T131553Z_36791,ts_icl__model_config.context_length-256__pipeline_config.raw_inference.completed_at-2026-09-27T15_06_43.848407_00_00,ts_icl,univariate,completed,0,0.9696575377159938,0.27786674350500107,1,1,1,140,140,140,0,120960
selena_context_size_20260927T131553Z_36791,chronos_bolt__model_config.context_length-128__pipeline_config.raw_inference.completed_at-2026-09-27T13_29_54.167867_00_00,chronos_bolt,univariate,completed,0,0.9707842489800559,0.5628394819796085,1,1,1,312,312,315,0,56439
selena_context_size_20260927T131553Z_36791,chronos_bolt__model_config.context_length-1024__pipeline_config.raw_inference.completed_at-2026-09-27T13_23_58.755169_00_00,chronos_bolt,univariate,completed,0,0.9717376505472205,2.9317499678581953,1,1,1,140,140,140,0,362880
selena_context_size_20260927T131553Z_36791,chronos_bolt__model_config.context_length-256__pipeline_config.raw_inference.completed_at-2026-09-27T13_27_25.057003_00_00,chronos_bolt,univariate,completed,0,0.9731272670404794,7.7059357557445765,1,1,1,810,810,810,0,2099520
selena_context_size_20260927T131553Z_36791,chronos_bolt__model_config.context_length-128__pipeline_config.raw_inference.completed_at-2026-09-27T13_30_33.744719_00_00,chronos_bolt,univariate,completed,0,0.9733734043908858,0.8053306899964809,1,1,1,560,560,560,0,120960
selena_context_size_20260927T131553Z_36791,ts_icl__model_config.context_length-4096__pipeline_config.raw_inference.completed_at-2026-09-26T16_08_10.313554_00_00,ts_icl,univariate,completed,0,0.9741993954799253,1.090745884925127,1,1,1,45,45,45,0,29160
selena_context_size_20260927T131553Z_36791,chronos2__model_config.context_length-512__pipeline_config.raw_inference.completed_at-2026-09-27T13_48_40.521193_00_00,chronos2,multivariate,completed,0,0.9743396232498446,0.027842868119478226,1,1,1,45,45,45,0,56439
selena_context_size_20260927T131553Z_36791,chronos_bolt__model_config.context_length-2048__pipeline_config.raw_inference.completed_at-2026-09-26T15_44_01.047999_00_00,chronos_bolt,univariate,completed,0,0.9759853769372879,3.3876731004565954,1,1,1,30,30,30,0,233280
selena_context_size_20260927T131553Z_36791,chronos_bolt__model_config.context_length-128__pipeline_config.raw_inference.completed_at-2026-09-27T13_27_11.434711_00_00,chronos_bolt,univariate,completed,0,0.9786378384694989,3.996107019484043,1,1,1,3528,3528,3528,0,762048
selena_context_size_20260927T131553Z_36791,ts_icl__model_config.context_length-512__pipeline_config.raw_inference.completed_at-2026-09-27T13_53_28.596611_00_00,ts_icl,univariate,completed,0,0.9787605058336496,0.657605916261673,1,1,1,210,210,210,0,544158
selena_context_size_20260927T131553Z_36791,chronos_bolt__model_config.context_length-512__pipeline_config.raw_inference.completed_at-2026-09-27T13_21_19.120465_00_00,chronos_bolt,univariate,completed,0,0.979315490846121,1.6161827966570854,1,1,1,30,30,30,0,233280
selena_context_size_20260927T131553Z_36791,ts_icl__model_config.context_length-1024__pipeline_config.raw_inference.completed_at-2026-09-27T13_51_37.296363_00_00,ts_icl,univariate,completed,0,0.9812655512459431,0.3230316676199436,1,1,1,30,30,30,0,233280
selena_context_size_20260927T131553Z_36791,chronos_bolt__model_config.context_length-256__pipeline_config.raw_inference.completed_at-2026-09-27T13_27_37.958027_00_00,chronos_bolt,univariate,completed,0,0.9814012808089195,11.529784452170134,1,1,1,270,270,270,0,2099520
selena_context_size_20260927T131553Z_36791,ts_icl__model_config.context_length-512__pipeline_config.raw_inference.completed_at-2026-09-27T13_58_00.493914_00_00,ts_icl,univariate,completed,0,0.9814787898593547,0.1163294967263937,1,1,1,20,20,20,0,120960
selena_context_size_20260927T131553Z_36791,chronos2__model_config.context_length-512__pipeline_config.raw_inference.completed_at-2026-09-27T13_49_58.975851_00_00,chronos2,univariate,completed,0,0.9818588580289456,0.0377927478402853,1,1,1,31,31,31,0,26784
selena_context_size_20260927T131553Z_36791,chronos_bolt__model_config.context_length-512__pipeline_config.raw_inference.completed_at-2026-09-27T14_59_06.358241_00_00,chronos_bolt,univariate,completed,0,0.9823040872324521,0.30225186608731747,1,1,1,45,45,45,0,56439
selena_context_size_20260927T131553Z_36791,chronos_bolt__model_config.context_length-512__pipeline_config.raw_inference.completed_at-2026-09-27T14_58_18.181024_00_00,chronos_bolt,univariate,completed,0,0.9828819787029488,2.4043137803673744,1,1,1,144,144,144,0,435456
selena_context_size_20260927T131553Z_36791,chronos_bolt__model_config.context_length-1024__pipeline_config.raw_inference.completed_at-2026-09-27T13_26_04.244957_00_00,chronos_bolt,univariate,completed,0,0.9836806705546012,0.27330635488033295,1,1,1,45,45,45,0,10980
selena_context_size_20260927T131553Z_36791,chronos_bolt__model_config.context_length-256__pipeline_config.raw_inference.completed_at-2026-09-27T13_29_06.518215_00_00,chronos_bolt,univariate,completed,0,0.9840655109988382,0.23399989306926727,1,1,1,45,45,45,0,56439
selena_context_size_20260927T131553Z_36791,chronos2__model_config.context_length-1024__pipeline_config.raw_inference.completed_at-2026-09-27T13_46_32.519657_00_00,chronos2,multivariate,completed,0,0.9872397478313605,0.13316397368907928,1,1,1,144,144,144,0,435456
selena_context_size_20260927T131553Z_36791,chronos_bolt__model_config.context_length-128__pipeline_config.raw_inference.completed_at-2026-09-27T13_32_35.738959_00_00,chronos_bolt,univariate,completed,0,0.989888637130494,0.2592364065349102,1,1,1,36,36,36,0,9720
selena_context_size_20260927T131553Z_36791,ts_icl__model_config.context_length-1024__pipeline_config.raw_inference.completed_at-2026-09-27T13_51_27.128434_00_00,ts_icl,univariate,completed,0,0.9954308601077888,1.0343466959893703,1,1,1,210,210,210,0,544158
selena_context_size_20260927T131553Z_36791,chronos2__model_config.context_length-512__pipeline_config.raw_inference.completed_at-2026-09-27T13_47_45.259106_00_00,chronos2,multivariate,completed,0,0.9954735130204444,0.043553611263632774,1,1,1,15,15,15,0,29160
selena_context_size_20260927T131553Z_36791,chronos_bolt__model_config.context_length-256__pipeline_config.raw_inference.completed_at-2026-09-27T13_24_12.310612_00_00,chronos_bolt,univariate,completed,0,0.9955890851927162,2.022181747481227,1,1,1,210,210,210,0,544158
selena_context_size_20260927T131553Z_36791,chronos_bolt__model_config.context_length-256__pipeline_config.raw_inference.completed_at-2026-09-27T13_28_18.209402_00_00,chronos_bolt,univariate,completed,0,0.9959436376385246,1.6806134544312954,1,1,1,144,144,144,0,435456
selena_context_size_20260927T131553Z_36791,chronos_bolt__model_config.context_length-2048__pipeline_config.raw_inference.completed_at-2026-09-26T15_54_48.077915_00_00,chronos_bolt,univariate,completed,0,0.9961631816873716,0.4442441388964653,1,1,1,45,45,45,0,10980
selena_context_size_20260927T131553Z_36791,chronos2__model_config.context_length-512__pipeline_config.raw_inference.completed_at-2026-09-27T13_45_25.499315_00_00,chronos2,multivariate,completed,0,0.9975331823893967,0.032115692272782326,1,1,1,30,30,30,0,233280
selena_context_size_20260927T131553Z_36791,chronos_bolt__model_config.context_length-128__pipeline_config.raw_inference.completed_at-2026-09-27T13_28_27.295328_00_00,chronos_bolt,univariate,completed,0,0.9980655980707789,9.79082958959043,1,1,1,270,270,270,0,2099520
selena_context_size_20260927T131553Z_36791,chronos_bolt__model_config.context_length-512__pipeline_config.raw_inference.completed_at-2026-09-27T13_21_54.419124_00_00,chronos_bolt,univariate,completed,0,0.9983387919459359,6.2379298862069845,1,1,1,300,300,300,0,1166184
selena_context_size_20260927T131553Z_36791,ts_icl__model_config.context_length-4096__pipeline_config.raw_inference.completed_at-2026-09-26T15_45_28.747308_00_00,ts_icl,univariate,completed,0,1.001221967310649,1.5666938815265894,1,1,1,30,30,30,0,233280
selena_context_size_20260927T131553Z_36791,chronos_bolt__model_config.context_length-256__pipeline_config.raw_inference.completed_at-2026-09-27T13_24_09.885497_00_00,chronos_bolt,univariate,completed,0,1.001678570482777,1.9369818083941936,1,1,1,630,630,630,0,544158
selena_context_size_20260927T131553Z_36791,ts_icl__model_config.context_length-2048__pipeline_config.raw_inference.completed_at-2026-09-27T13_59_50.691994_00_00,ts_icl,univariate,completed,0,1.0023727966643277,0.15880411863327026,1,1,1,15,15,15,0,29160
selena_context_size_20260927T131553Z_36791,chronos_bolt__model_config.context_length-128__pipeline_config.raw_inference.completed_at-2026-09-27T13_27_14.694172_00_00,chronos_bolt,univariate,completed,0,1.0029236420600471,2.1322516947984695,1,1,1,504,504,504,0,762048
selena_context_size_20260927T131553Z_36791,chronos_bolt__model_config.context_length-512__pipeline_config.raw_inference.completed_at-2026-09-27T14_57_36.425987_00_00,chronos_bolt,univariate,completed,0,1.0035277577104815,14.786118168383837,1,1,1,270,270,270,0,2099520
selena_context_size_20260927T131553Z_36791,chronos2__model_config.context_length-4096__pipeline_config.raw_inference.completed_at-2026-09-27T13_46_28.668595_00_00,chronos2,multivariate,completed,0,1.0097000501280702,0.22303937189280987,1,1,1,36,36,36,0,9720
selena_context_size_20260927T131553Z_36791,chronos2__model_config.context_length-8192__pipeline_config.raw_inference.completed_at-2026-09-26T15_54_11.319860_00_00,chronos2,multivariate,completed,0,1.0097000501280702,0.22353448905050755,1,1,1,36,36,36,0,9720
selena_context_size_20260927T131553Z_36791,ts_icl__model_config.context_length-512__pipeline_config.raw_inference.completed_at-2026-09-27T13_59_02.329278_00_00,ts_icl,univariate,completed,0,1.0109973648518185,0.09470696561038494,1,1,1,31,31,31,0,26784
selena_context_size_20260927T131553Z_36791,chronos_bolt__model_config.context_length-1024__pipeline_config.raw_inference.completed_at-2026-09-27T13_18_10.755516_00_00,chronos_bolt,univariate,completed,0,1.0129235463180568,9.193695846945047,1,1,1,900,900,900,0,1166184
selena_context_size_20260927T131553Z_36791,chronos2__model_config.context_length-2048__pipeline_config.raw_inference.completed_at-2026-09-27T13_45_31.584463_00_00,chronos2,multivariate,completed,0,1.0141990935951717,0.2083361353725195,1,1,1,36,36,36,0,9720
selena_context_size_20260927T131553Z_36791,chronos_bolt__model_config.context_length-1024__pipeline_config.raw_inference.completed_at-2026-09-27T13_17_40.627817_00_00,chronos_bolt,univariate,completed,0,1.014602376163333,2.4329176526516676,1,1,1,30,30,30,0,233280
selena_context_size_20260927T131553Z_36791,ts_icl__model_config.context_length-256__pipeline_config.raw_inference.completed_at-2026-09-27T15_05_16.311983_00_00,ts_icl,univariate,completed,0,1.01543139147392,2.045681731775403,1,1,1,810,810,810,0,2099520
selena_context_size_20260927T131553Z_36791,ts_icl__model_config.context_length-512__pipeline_config.raw_inference.completed_at-2026-09-27T13_58_53.144818_00_00,ts_icl,univariate,completed,0,1.0183278779445715,6.636373458430171,1,1,1,2478,2478,2478,0,2115504
selena_context_size_20260927T131553Z_36791,chronos_bolt__model_config.context_length-128__pipeline_config.raw_inference.completed_at-2026-09-27T13_29_54.978478_00_00,chronos_bolt,univariate,completed,0,1.0187155758179443,0.200600516051054,1,1,1,45,45,45,0,56439
selena_context_size_20260927T131553Z_36791,chronos_bolt__model_config.context_length-128__pipeline_config.raw_inference.completed_at-2026-09-27T13_28_16.108255_00_00,chronos_bolt,univariate,completed,0,1.021836969477689,6.483073052018881,1,1,1,810,810,810,0,2099520
selena_context_size_20260927T131553Z_36791,chronos_bolt__model_config.context_length-512__pipeline_config.raw_inference.completed_at-2026-09-27T15_00_51.935213_00_00,chronos_bolt,univariate,completed,0,1.0250025697011564,0.13981824181973934,1,1,1,31,31,31,0,26784
selena_context_size_20260927T131553Z_36791,chronos_bolt__model_config.context_length-512__pipeline_config.raw_inference.completed_at-2026-09-27T15_23_13.268492_00_00,chronos_bolt,univariate,completed,0,1.0250830884066122,0.2552989795804024,1,1,1,45,45,45,0,10980
selena_context_size_20260927T131553Z_36791,ts_icl__model_config.context_length-256__pipeline_config.raw_inference.completed_at-2026-09-27T15_02_48.191339_00_00,ts_icl,univariate,completed,0,1.027814058808684,0.5348905455321074,1,1,1,210,210,210,0,544158
selena_context_size_20260927T131553Z_36791,chronos_bolt__model_config.context_length-128__pipeline_config.raw_inference.completed_at-2026-09-27T13_31_33.975450_00_00,chronos_bolt,univariate,completed,0,1.0285853172254642,0.10724971443414688,1,1,1,31,31,31,0,26784
selena_context_size_20260927T131553Z_36791,ts_icl__model_config.context_length-2048__pipeline_config.raw_inference.completed_at-2026-09-27T13_50_50.839634_00_00,ts_icl,univariate,completed,0,1.0315935380774308,0.6184382569044828,1,1,1,30,30,30,0,233280
selena_context_size_20260927T131553Z_36791,chronos_bolt__model_config.context_length-2048__pipeline_config.raw_inference.completed_at-2026-09-26T15_47_00.563033_00_00,chronos_bolt,univariate,completed,0,1.0317943498646256,22.958402873948216,1,1,1,810,810,810,0,1574640
selena_context_size_20260927T131553Z_36791,ts_icl__model_config.context_length-4096__pipeline_config.raw_inference.completed_at-2026-09-26T16_22_54.440894_00_00,ts_icl,univariate,completed,0,1.0371343351598803,0.9998526759445667,1,1,1,36,36,36,0,9720
selena_context_size_20260927T131553Z_36791,ts_icl__model_config.context_length-1024__pipeline_config.raw_inference.completed_at-2026-09-27T14_00_23.237174_00_00,ts_icl,univariate,completed,0,1.0375183449451717,0.25667519494891167,1,1,1,8,8,8,0,936
selena_context_size_20260927T131553Z_36791,ts_icl__model_config.context_length-2048__pipeline_config.raw_inference.completed_at-2026-09-27T14_07_15.087475_00_00,ts_icl,univariate,completed,0,1.0375183449451717,0.2591305039823055,1,1,1,8,8,8,0,936
selena_context_size_20260927T131553Z_36791,ts_icl__model_config.context_length-256__pipeline_config.raw_inference.completed_at-2026-09-27T15_08_40.749841_00_00,ts_icl,univariate,completed,0,1.0375183449451717,0.25926162116229534,1,1,1,8,8,8,0,936
selena_context_size_20260927T131553Z_36791,ts_icl__model_config.context_length-4096__pipeline_config.raw_inference.completed_at-2026-09-26T16_23_50.018373_00_00,ts_icl,univariate,completed,0,1.0375183449451717,0.405135216191411,1,1,1,8,8,8,0,936
selena_context_size_20260927T131553Z_36791,ts_icl__model_config.context_length-512__pipeline_config.raw_inference.completed_at-2026-09-27T14_00_05.970575_00_00,ts_icl,univariate,completed,0,1.0375183449451717,0.2959228064864874,1,1,1,8,8,8,0,936
selena_context_size_20260927T131553Z_36791,chronos2__model_config.context_length-512__pipeline_config.raw_inference.completed_at-2026-09-27T13_50_58.011137_00_00,chronos2,multivariate,completed,0,1.0387306430178387,0.18205469846725464,1,1,1,36,36,36,0,9720
selena_context_size_20260927T131553Z_36791,chronos_bolt__model_config.context_length-1024__pipeline_config.raw_inference.completed_at-2026-09-27T13_19_47.893157_00_00,chronos_bolt,univariate,completed,0,1.0426234437115465,12.163262132555246,1,1,1,810,810,810,0,1574640
selena_context_size_20260927T131553Z_36791,chronos_bolt__model_config.context_length-256__pipeline_config.raw_inference.completed_at-2026-09-27T13_30_47.257910_00_00,chronos_bolt,univariate,completed,0,1.0426658575924879,0.12083289958536625,1,1,1,31,31,31,0,26784
selena_context_size_20260927T131553Z_36791,chronos_bolt__model_config.context_length-512__pipeline_config.raw_inference.completed_at-2026-09-27T14_59_31.843799_00_00,chronos_bolt,univariate,completed,0,1.0428412914630554,1.521312152966857,1,1,1,420,420,420,0,362880
selena_context_size_20260927T131553Z_36791,chronos_bolt__model_config.context_length-256__pipeline_config.raw_inference.completed_at-2026-09-27T13_31_49.437728_00_00,chronos_bolt,univariate,completed,0,1.0445675876430518,0.25795107148587704,1,1,1,36,36,36,0,9720
selena_context_size_20260927T131553Z_36791,ts_icl__model_config.context_length-256__pipeline_config.raw_inference.completed_at-2026-09-27T15_03_18.689991_00_00,ts_icl,univariate,completed,0,1.0489585919039226,0.8353674616664648,1,1,1,300,300,300,0,1166184
selena_context_size_20260927T131553Z_36791,ts_icl__model_config.context_length-2048__pipeline_config.raw_inference.completed_at-2026-09-27T14_06_45.817690_00_00,ts_icl,univariate,completed,0,1.052499305573721,0.4709858428686857,1,1,1,36,36,36,0,9720
selena_context_size_20260927T131553Z_36791,ts_icl__model_config.context_length-512__pipeline_config.raw_inference.completed_at-2026-09-27T13_56_44.075201_00_00,ts_icl,univariate,completed,0,1.0574776182469598,0.06088994815945625,1,1,1,15,15,15,0,29160
selena_context_size_20260927T131553Z_36791,chronos_bolt__model_config.context_length-128__pipeline_config.raw_inference.completed_at-2026-09-27T13_31_12.920262_00_00,chronos_bolt,univariate,completed,0,1.059535679703029,6.493394775316119,1,1,1,2478,2478,2478,0,2115504
selena_context_size_20260927T131553Z_36791,chronos_bolt__model_config.context_length-256__pipeline_config.raw_inference.completed_at-2026-09-27T13_33_17.506148_00_00,chronos_bolt,univariate,completed,0,1.0612529979879715,0.21424703672528267,1,1,1,5,5,5,0,540
selena_context_size_20260927T131553Z_36791,chronos2__model_config.context_length-512__pipeline_config.raw_inference.completed_at-2026-09-27T13_47_03.205295_00_00,chronos2,univariate,completed,0,1.0627797662442455,0.01934092678129673,1,1,1,8,8,8,0,23886
selena_context_size_20260927T131553Z_36791,ts_icl__model_config.context_length-256__pipeline_config.raw_inference.completed_at-2026-09-27T15_02_46.844440_00_00,ts_icl,univariate,completed,0,1.063594888752639,1.319847945123911,1,1,1,630,630,630,0,544158
selena_context_size_20260927T131553Z_36791,chronos2__model_config.context_length-1024__pipeline_config.raw_inference.completed_at-2026-09-27T13_49_36.634663_00_00,chronos2,multivariate,completed,0,1.070543739332547,0.18742545880377293,1,1,1,36,36,36,0,9720
selena_context_size_20260927T131553Z_36791,chronos_bolt__model_config.context_length-1024__pipeline_config.raw_inference.completed_at-2026-09-27T13_28_02.992576_00_00,chronos_bolt,univariate,completed,0,1.0715550362300386,0.22666936740279198,1,1,1,5,5,5,0,540
selena_context_size_20260927T131553Z_36791,chronos_bolt__model_config.context_length-2048__pipeline_config.raw_inference.completed_at-2026-09-26T15_56_47.002109_00_00,chronos_bolt,univariate,completed,0,1.0715550362300386,0.2345883771777153,1,1,1,5,5,5,0,540
selena_context_size_20260927T131553Z_36791,chronos_bolt__model_config.context_length-512__pipeline_config.raw_inference.completed_at-2026-09-27T15_25_11.479394_00_00,chronos_bolt,univariate,completed,0,1.0715550362300386,0.22785817831754684,1,1,1,5,5,5,0,540
selena_context_size_20260927T131553Z_36791,chronos_bolt__model_config.context_length-128__pipeline_config.raw_inference.completed_at-2026-09-27T13_34_03.670148_00_00,chronos_bolt,univariate,completed,0,1.0735163749018575,0.21550355665385723,1,1,1,5,5,5,0,540
selena_context_size_20260927T131553Z_36791,chronos_bolt__model_config.context_length-128__pipeline_config.raw_inference.completed_at-2026-09-27T13_31_23.329437_00_00,chronos_bolt,univariate,completed,0,1.074840267385712,8.939733499661088,1,1,1,354,354,354,0,2115504
selena_context_size_20260927T131553Z_36791,chronos_bolt__model_config.context_length-256__pipeline_config.raw_inference.completed_at-2026-09-27T13_24_55.268640_00_00,chronos_bolt,univariate,completed,0,1.0753778202155488,4.456288492307067,1,1,1,300,300,300,0,1166184
selena_context_size_20260927T131553Z_36791,ts_icl__model_config.context_length-256__pipeline_config.raw_inference.completed_at-2026-09-27T15_04_21.673308_00_00,ts_icl,univariate,completed,0,1.0769085190975844,1.6015441082417965,1,1,1,810,810,810,0,1574640
selena_context_size_20260927T131553Z_36791,ts_icl__model_config.context_length-256__pipeline_config.raw_inference.completed_at-2026-09-27T15_10_39.333184_00_00,ts_icl,univariate,completed,0,1.0770867699750548,10.549276199191809,1,1,1,4428,4428,4428,0,11477376
selena_context_size_20260927T131553Z_36791,chronos_bolt__model_config.context_length-2048__pipeline_config.raw_inference.completed_at-2026-09-26T15_55_16.526428_00_00,chronos_bolt,univariate,completed,0,1.0779682771320378,0.3054798562079668,1,1,1,36,36,36,0,9720
selena_context_size_20260927T131553Z_36791,ts_icl__model_config.context_length-512__pipeline_config.raw_inference.completed_at-2026-09-27T13_53_36.996353_00_00,ts_icl,univariate,completed,0,1.078097484214888,0.2557846736162901,1,1,1,30,30,30,0,233280
selena_context_size_20260927T131553Z_36791,ts_icl__model_config.context_length-1024__pipeline_config.raw_inference.completed_at-2026-09-27T14_00_02.161096_00_00,ts_icl,univariate,completed,0,1.079066798043071,0.302298903465271,1,1,1,36,36,36,0,9720
selena_context_size_20260927T131553Z_36791,chronos_bolt__model_config.context_length-128__pipeline_config.raw_inference.completed_at-2026-09-27T13_25_09.995101_00_00,chronos_bolt,univariate,completed,0,1.0804477818912894,1.7247790433466434,1,1,1,210,210,210,0,544158
selena_context_size_20260927T131553Z_36791,chronos_bolt__model_config.context_length-512__pipeline_config.raw_inference.completed_at-2026-09-27T13_23_06.564491_00_00,chronos_bolt,univariate,completed,0,1.082866300544555,7.83131998218596,1,1,1,810,810,810,0,1574640
selena_context_size_20260927T131553Z_36791,chronos_bolt__model_config.context_length-2048__pipeline_config.raw_inference.completed_at-2026-09-26T15_46_36.440621_00_00,chronos_bolt,univariate,completed,0,1.0852253059408024,25.102548386901617,1,1,1,2430,2430,2430,0,1574640
selena_context_size_20260927T131553Z_36791,chronos_bolt__model_config.context_length-256__pipeline_config.raw_inference.completed_at-2026-09-27T13_37_10.582113_00_00,chronos_bolt,univariate,completed,0,1.0870040684762596,41.834851767867804,1,1,1,4428,4428,4428,0,11477376
selena_context_size_20260927T131553Z_36791,chronos_bolt__model_config.context_length-128__pipeline_config.raw_inference.completed_at-2026-09-27T13_30_34.420436_00_00,chronos_bolt,univariate,completed,0,1.0915414247035637,0.39097735658288,1,1,1,140,140,140,0,120960
selena_context_size_20260927T131553Z_36791,chronos_bolt__model_config.context_length-512__pipeline_config.raw_inference.completed_at-2026-09-27T15_23_42.371875_00_00,chronos_bolt,univariate,completed,0,1.096205134095362,0.25954499281942844,1,1,1,36,36,36,0,9720
selena_context_size_20260927T131553Z_36791,chronos_bolt__model_config.context_length-128__pipeline_config.raw_inference.completed_at-2026-09-27T13_30_35.174316_00_00,chronos_bolt,univariate,completed,0,1.0971114931518924,0.6043526623398066,1,1,1,20,20,20,0,120960
selena_context_size_20260927T131553Z_36791,chronos_bolt__model_config.context_length-1024__pipeline_config.raw_inference.completed_at-2026-09-27T13_26_32.856879_00_00,chronos_bolt,univariate,completed,0,1.1044152514034695,0.2599809765815735,1,1,1,36,36,36,0,9720
selena_context_size_20260927T131553Z_36791,chronos_bolt__model_config.context_length-1024__pipeline_config.raw_inference.completed_at-2026-09-27T13_19_34.588333_00_00,chronos_bolt,univariate,completed,0,1.1068021020984424,13.612717444077134,1,1,1,2430,2430,2430,0,1574640
selena_context_size_20260927T131553Z_36791,chronos_bolt__model_config.context_length-128__pipeline_config.raw_inference.completed_at-2026-09-27T13_25_21.542663_00_00,chronos_bolt,univariate,completed,0,1.126357659927862,0.7653939090669155,1,1,1,90,90,90,0,233280
selena_context_size_20260927T131553Z_36791,chronos_bolt__model_config.context_length-128__pipeline_config.raw_inference.completed_at-2026-09-27T13_37_37.560012_00_00,chronos_bolt,univariate,completed,0,1.128956852409422,35.283334320411086,1,1,1,4428,4428,4428,0,11477376
selena_context_size_20260927T131553Z_36791,chronos_bolt__model_config.context_length-256__pipeline_config.raw_inference.completed_at-2026-09-27T13_26_03.771179_00_00,chronos_bolt,univariate,completed,0,1.1330903614718766,5.63285294175148,1,1,1,810,810,810,0,1574640
selena_context_size_20260927T131553Z_36791,ts_icl__model_config.context_length-512__pipeline_config.raw_inference.completed_at-2026-09-27T13_59_47.582838_00_00,ts_icl,univariate,completed,0,1.1370539808439182,0.24766716361045837,1,1,1,36,36,36,0,9720
selena_context_size_20260927T131553Z_36791,chronos_bolt__model_config.context_length-128__pipeline_config.raw_inference.completed_at-2026-09-27T13_25_07.870234_00_00,chronos_bolt,univariate,completed,0,1.1395179113391602,1.6974555030465126,1,1,1,630,630,630,0,544158
selena_context_size_20260927T131553Z_36791,chronos_bolt__model_config.context_length-512__pipeline_config.raw_inference.completed_at-2026-09-27T13_21_47.468629_00_00,chronos_bolt,univariate,completed,0,1.1419855592454122,5.826698472723365,1,1,1,900,900,900,0,1166184
selena_context_size_20260927T131553Z_36791,ts_icl__model_config.context_length-256__pipeline_config.raw_inference.completed_at-2026-09-27T15_03_16.801007_00_00,ts_icl,univariate,completed,0,1.1549527859749302,1.7558909058570862,1,1,1,900,900,900,0,1166184
selena_context_size_20260927T131553Z_36791,chronos2__model_config.context_length-1024__pipeline_config.raw_inference.completed_at-2026-09-27T13_50_05.947290_00_00,chronos2,multivariate,completed,0,1.1552232026779394,0.26512263901531696,1,1,1,8,8,8,0,936
selena_context_size_20260927T131553Z_36791,chronos2__model_config.context_length-2048__pipeline_config.raw_inference.completed_at-2026-09-27T13_46_02.179379_00_00,chronos2,multivariate,completed,0,1.1552232026779394,0.2117517851293087,1,1,1,8,8,8,0,936
selena_context_size_20260927T131553Z_36791,chronos2__model_config.context_length-4096__pipeline_config.raw_inference.completed_at-2026-09-27T13_47_01.540132_00_00,chronos2,multivariate,completed,0,1.1552232026779394,0.2125393357127905,1,1,1,8,8,8,0,936
selena_context_size_20260927T131553Z_36791,chronos2__model_config.context_length-512__pipeline_config.raw_inference.completed_at-2026-09-27T13_51_27.596632_00_00,chronos2,multivariate,completed,0,1.1552232026779394,0.21626685373485088,1,1,1,8,8,8,0,936
selena_context_size_20260927T131553Z_36791,chronos2__model_config.context_length-8192__pipeline_config.raw_inference.completed_at-2026-09-26T15_54_47.983176_00_00,chronos2,multivariate,completed,0,1.1552232026779394,0.21054657548666,1,1,1,8,8,8,0,936
selena_context_size_20260927T131553Z_36791,ts_icl__model_config.context_length-256__pipeline_config.raw_inference.completed_at-2026-09-27T15_08_22.882411_00_00,ts_icl,univariate,completed,0,1.1556754522605244,0.2482830248773098,1,1,1,36,36,36,0,9720
selena_context_size_20260927T131553Z_36791,chronos_bolt__model_config.context_length-128__pipeline_config.raw_inference.completed_at-2026-09-27T13_25_51.231751_00_00,chronos_bolt,univariate,completed,0,1.1642434871657432,3.7354819886386395,1,1,1,300,300,300,0,1166184
selena_context_size_20260927T131553Z_36791,chronos_bolt__model_config.context_length-512__pipeline_config.raw_inference.completed_at-2026-09-27T13_22_57.596089_00_00,chronos_bolt,univariate,completed,0,1.1714223743684156,8.352042751386762,1,1,1,2430,2430,2430,0,1574640
selena_context_size_20260927T131553Z_36791,ts_icl__model_config.context_length-256__pipeline_config.raw_inference.completed_at-2026-09-27T15_05_35.766956_00_00,ts_icl,univariate,completed,0,1.183107518778854,0.10378949344158173,1,1,1,45,45,45,0,29160
selena_context_size_20260927T131553Z_36791,chronos_bolt__model_config.context_length-128__pipeline_config.raw_inference.completed_at-2026-09-27T13_26_57.646348_00_00,chronos_bolt,univariate,completed,0,1.1984170029190497,4.867498280480504,1,1,1,810,810,810,0,1574640
selena_context_size_20260927T131553Z_36791,chronos_bolt__model_config.context_length-256__pipeline_config.raw_inference.completed_at-2026-09-27T13_24_24.116643_00_00,chronos_bolt,univariate,completed,0,1.2003454199442423,0.8861220385879278,1,1,1,90,90,90,0,233280
selena_context_size_20260927T131553Z_36791,ts_icl__model_config.context_length-1024__pipeline_config.raw_inference.completed_at-2026-09-27T13_59_50.625093_00_00,ts_icl,univariate,completed,0,1.2134940904665752,0.9035427924245596,1,1,1,64,64,64,0,7380
selena_context_size_20260927T131553Z_36791,ts_icl__model_config.context_length-2048__pipeline_config.raw_inference.completed_at-2026-09-27T14_06_34.000232_00_00,ts_icl,univariate,completed,0,1.2134940904665752,0.9187439456582069,1,1,1,64,64,64,0,7380
selena_context_size_20260927T131553Z_36791,ts_icl__model_config.context_length-256__pipeline_config.raw_inference.completed_at-2026-09-27T15_08_11.342740_00_00,ts_icl,univariate,completed,0,1.2134940904665752,0.9075671005994081,1,1,1,64,64,64,0,7380
selena_context_size_20260927T131553Z_36791,ts_icl__model_config.context_length-4096__pipeline_config.raw_inference.completed_at-2026-09-26T16_22_42.213998_00_00,ts_icl,univariate,completed,0,1.2134940904665752,1.1548915188759565,1,1,1,64,64,64,0,7380
selena_context_size_20260927T131553Z_36791,ts_icl__model_config.context_length-512__pipeline_config.raw_inference.completed_at-2026-09-27T13_59_36.090445_00_00,ts_icl,univariate,completed,0,1.2134940904665752,0.9245454203337431,1,1,1,64,64,64,0,7380
selena_context_size_20260927T131553Z_36791,chronos_bolt__model_config.context_length-256__pipeline_config.raw_inference.completed_at-2026-09-27T13_25_56.990356_00_00,chronos_bolt,univariate,completed,0,1.2240003953190042,7.095046663656831,1,1,1,2430,2430,2430,0,1574640
selena_context_size_20260927T131553Z_36791,ts_icl__model_config.context_length-256__pipeline_config.raw_inference.completed_at-2026-09-27T15_05_36.230123_00_00,ts_icl,univariate,completed,0,1.248616219847213,0.05045940354466438,1,1,1,15,15,15,0,29160
selena_context_size_20260927T131553Z_36791,chronos_bolt__model_config.context_length-256__pipeline_config.raw_inference.completed_at-2026-09-27T13_28_02.510789_00_00,chronos_bolt,univariate,completed,0,1.250406143154786,0.11155191995203495,1,1,1,15,15,15,0,29160
selena_context_size_20260927T131553Z_36791,ts_icl__model_config.context_length-256__pipeline_config.raw_inference.completed_at-2026-09-27T15_02_54.884913_00_00,ts_icl,univariate,completed,0,1.2743038091080459,0.2308286502957344,1,1,1,90,90,90,0,233280
selena_context_size_20260927T131553Z_36791,chronos_bolt__model_config.context_length-256__pipeline_config.raw_inference.completed_at-2026-09-27T13_24_50.108489_00_00,chronos_bolt,univariate,completed,0,1.2840260629110292,4.422421341761947,1,1,1,900,900,900,0,1166184
selena_context_size_20260927T131553Z_36791,chronos_bolt__model_config.context_length-2048__pipeline_config.raw_inference.completed_at-2026-09-26T15_50_13.749029_00_00,chronos_bolt,univariate,completed,0,1.289841764853358,0.42830513417720795,1,1,1,15,15,15,0,29160
selena_context_size_20260927T131553Z_36791,ts_icl__model_config.context_length-256__pipeline_config.raw_inference.completed_at-2026-09-27T15_07_30.070493_00_00,ts_icl,univariate,completed,0,1.2988772844846002,5.105987023562193,1,1,1,2478,2478,2478,0,2115504
selena_context_size_20260927T131553Z_36791,chronos_bolt__model_config.context_length-128__pipeline_config.raw_inference.completed_at-2026-09-27T13_25_22.785931_00_00,chronos_bolt,univariate,completed,0,1.3058378392053476,1.0849969498813152,1,1,1,30,30,30,0,233280
selena_context_size_20260927T131553Z_36791,chronos_bolt__model_config.context_length-128__pipeline_config.raw_inference.completed_at-2026-09-27T13_33_06.705766_00_00,chronos_bolt,univariate,completed,0,1.3075484089561968,0.2185864895582199,1,1,1,8,8,8,0,936
selena_context_size_20260927T131553Z_36791,chronos_bolt__model_config.context_length-512__pipeline_config.raw_inference.completed_at-2026-09-27T14_59_34.070501_00_00,chronos_bolt,univariate,completed,0,1.3244730490581909,1.8402245696634054,1,1,1,140,140,140,0,362880
selena_context_size_20260927T131553Z_36791,chronos_bolt__model_config.context_length-1024__pipeline_config.raw_inference.completed_at-2026-09-27T13_22_17.631857_00_00,chronos_bolt,univariate,completed,0,1.3256138664911044,0.22622966766357422,1,1,1,15,15,15,0,29160
selena_context_size_20260927T131553Z_36791,ts_icl__model_config.context_length-256__pipeline_config.raw_inference.completed_at-2026-09-27T15_02_55.549559_00_00,ts_icl,univariate,completed,0,1.3312524379004351,0.16951866261661053,1,1,1,30,30,30,0,233280
selena_context_size_20260927T131553Z_36791,chronos_bolt__model_config.context_length-128__pipeline_config.raw_inference.completed_at-2026-09-27T13_26_51.626198_00_00,chronos_bolt,univariate,completed,0,1.339639903965656,6.239334220066667,1,1,1,2430,2430,2430,0,1574640
selena_context_size_20260927T131553Z_36791,ts_icl__model_config.context_length-512__pipeline_config.raw_inference.completed_at-2026-09-27T13_59_02.765815_00_00,ts_icl,univariate,completed,0,1.3433337348666394,0.042726267129182816,1,1,1,4,4,4,0,24192
selena_context_size_20260927T131553Z_36791,ts_icl__model_config.context_length-512__pipeline_config.raw_inference.completed_at-2026-09-27T13_58_56.518828_00_00,ts_icl,univariate,completed,0,1.3433367826593698,1.5481970831751823,1,1,1,354,354,354,0,2115504
selena_context_size_20260927T131553Z_36791,ts_icl__model_config.context_length-256__pipeline_config.raw_inference.completed_at-2026-09-27T15_07_39.241887_00_00,ts_icl,univariate,completed,0,1.3543968130090867,0.07535499893128872,1,1,1,31,31,31,0,26784
selena_context_size_20260927T131553Z_36791,chronos_bolt__model_config.context_length-256__pipeline_config.raw_inference.completed_at-2026-09-27T13_29_32.151614_00_00,chronos_bolt,univariate,completed,0,1.363537458893441,1.293145276606083,1,1,1,420,420,420,0,362880
selena_context_size_20260927T131553Z_36791,chronos_bolt__model_config.context_length-2048__pipeline_config.raw_inference.completed_at-2026-09-26T15_50_13.260754_00_00,chronos_bolt,univariate,completed,0,1.3679472997822761,0.47553866542875767,1,1,1,45,45,45,0,29160
selena_context_size_20260927T131553Z_36791,chronos_bolt__model_config.context_length-1024__pipeline_config.raw_inference.completed_at-2026-09-27T13_22_17.347895_00_00,chronos_bolt,univariate,completed,0,1.384821939419522,0.28114450350403786,1,1,1,45,45,45,0,29160
selena_context_size_20260927T131553Z_36791,chronos_bolt__model_config.context_length-512__pipeline_config.raw_inference.completed_at-2026-09-27T14_58_01.382322_00_00,chronos_bolt,univariate,completed,0,1.4013218465822919,0.14278334192931652,1,1,1,15,15,15,0,29160
selena_context_size_20260927T131553Z_36791,chronos_bolt__model_config.context_length-128__pipeline_config.raw_inference.completed_at-2026-09-27T13_28_51.928869_00_00,chronos_bolt,univariate,completed,0,1.4231763673938727,0.09465942159295082,1,1,1,15,15,15,0,29160
selena_context_size_20260927T131553Z_36791,ts_icl__model_config.context_length-256__pipeline_config.raw_inference.completed_at-2026-09-27T15_06_44.440666_00_00,ts_icl,univariate,completed,0,1.4460575449569892,0.10024832747876644,1,1,1,20,20,20,0,120960
selena_context_size_20260927T131553Z_36791,chronos_bolt__model_config.context_length-128__pipeline_config.raw_inference.completed_at-2026-09-27T13_30_21.283967_00_00,chronos_bolt,univariate,completed,0,1.4481742991218294,1.1231452394276857,1,1,1,420,420,420,0,362880
selena_context_size_20260927T131553Z_36791,ts_icl__model_config.context_length-256__pipeline_config.raw_inference.completed_at-2026-09-27T15_07_33.047755_00_00,ts_icl,univariate,completed,0,1.4552341118729,1.221120672300458,1,1,1,354,354,354,0,2115504
selena_context_size_20260927T131553Z_36791,ts_icl__model_config.context_length-256__pipeline_config.raw_inference.completed_at-2026-09-27T15_06_36.398070_00_00,ts_icl,univariate,completed,0,1.4700844344199713,0.7870582789182663,1,1,1,420,420,420,0,362880
selena_context_size_20260927T131553Z_36791,chronos_bolt__model_config.context_length-512__pipeline_config.raw_inference.completed_at-2026-09-27T14_58_01.181810_00_00,chronos_bolt,univariate,completed,0,1.4744209057478412,0.19213820807635784,1,1,1,45,45,45,0,29160
selena_context_size_20260927T131553Z_36791,chronos_bolt__model_config.context_length-1024__pipeline_config.raw_inference.completed_at-2026-09-27T13_27_05.046445_00_00,chronos_bolt,univariate,completed,0,1.5237667133771828,0.3307660464197397,1,1,1,8,8,8,0,936
selena_context_size_20260927T131553Z_36791,chronos_bolt__model_config.context_length-2048__pipeline_config.raw_inference.completed_at-2026-09-26T15_55_48.059660_00_00,chronos_bolt,univariate,completed,0,1.5237667133771828,0.23013658821582794,1,1,1,8,8,8,0,936
selena_context_size_20260927T131553Z_36791,chronos_bolt__model_config.context_length-256__pipeline_config.raw_inference.completed_at-2026-09-27T13_32_20.705098_00_00,chronos_bolt,univariate,completed,0,1.5237667133771828,0.2280412781983614,1,1,1,8,8,8,0,936
selena_context_size_20260927T131553Z_36791,chronos_bolt__model_config.context_length-512__pipeline_config.raw_inference.completed_at-2026-09-27T15_24_13.298696_00_00,chronos_bolt,univariate,completed,0,1.5237667133771828,0.2290396634489298,1,1,1,8,8,8,0,936
selena_context_size_20260927T131553Z_36791,chronos_bolt__model_config.context_length-256__pipeline_config.raw_inference.completed_at-2026-09-27T13_24_25.540417_00_00,chronos_bolt,univariate,completed,0,1.525818016817592,1.267783084884286,1,1,1,30,30,30,0,233280
selena_context_size_20260927T131553Z_36791,chronos_bolt__model_config.context_length-128__pipeline_config.raw_inference.completed_at-2026-09-27T13_25_46.792802_00_00,chronos_bolt,univariate,completed,0,1.52601941770299,3.7790849935263395,1,1,1,900,900,900,0,1166184
selena_context_size_20260927T131553Z_36791,chronos_bolt__model_config.context_length-128__pipeline_config.raw_inference.completed_at-2026-09-27T13_30_22.798621_00_00,chronos_bolt,univariate,completed,0,1.533929975618954,1.1224934197962284,1,1,1,140,140,140,0,362880
selena_context_size_20260927T131553Z_36791,chronos_bolt__model_config.context_length-256__pipeline_config.raw_inference.completed_at-2026-09-27T13_28_02.341748_00_00,chronos_bolt,univariate,completed,0,1.5393152220917523,0.16258306428790092,1,1,1,45,45,45,0,29160
selena_context_size_20260927T131553Z_36791,chronos_bolt__model_config.context_length-128__pipeline_config.raw_inference.completed_at-2026-09-27T13_28_51.773441_00_00,chronos_bolt,univariate,completed,0,1.731182034396682,0.14738757722079754,1,1,1,45,45,45,0,29160
selena_context_size_20260927T131553Z_36791,chronos_bolt__model_config.context_length-256__pipeline_config.raw_inference.completed_at-2026-09-27T13_29_33.870858_00_00,chronos_bolt,univariate,completed,0,1.8029142392021114,1.3281497731804848,1,1,1,140,140,140,0,362880
selena_context_size_20260927T131553Z_36791,ts_icl__model_config.context_length-256__pipeline_config.raw_inference.completed_at-2026-09-27T15_07_39.677797_00_00,ts_icl,univariate,completed,0,1.8938414464915185,0.03944679535925388,1,1,1,4,4,4,0,24192
selena_context_size_20260927T131553Z_36791,ts_icl__model_config.context_length-256__pipeline_config.raw_inference.completed_at-2026-09-27T15_06_37.479376_00_00,ts_icl,univariate,completed,0,2.1486910381301363,0.3533394895493984,1,1,1,140,140,140,0,362880
