model,dataset,frequency,term,horizon_steps,MASE,scaled_MASE,MASE_std,MASE_variance,seasonal_MASE_variance,inference_seconds,domain,reference_loss,reference_scaled_MASE,reference_inference_seconds,loss_ratio_to_reference,paired_improvement_percent
chronos2__model_config.context_length-1024,Australia_Solar,H,long,168,1.2101589412344493,0.9481892111937777,0.6268424648620062,0.39293147575427545,0.42093784470046247,0.03706309758126736,Climate,1.2762842341465261,1.0,0.36489084642380476,0.9481892111937777,5.181078880622225
chronos2__model_config.context_length-2048,Australia_Solar,H,long,168,1.1987197732703678,0.9392263425333096,0.5823945470419786,0.3391834084242314,0.42093784470046247,0.06093148700892925,Climate,1.2762842341465261,1.0,0.36489084642380476,0.9392263425333096,6.077365746669039
chronos2__model_config.context_length-4096,Australia_Solar,H,long,168,1.197978616803683,0.9386456282638268,0.5498516026014935,0.30233678488343074,0.42093784470046247,0.11303311632946134,Climate,1.2762842341465261,1.0,0.36489084642380476,0.9386456282638268,6.135437173617319
chronos2__model_config.context_length-512,Australia_Solar,H,long,168,1.2435342998580428,0.9743396232498446,0.6898176271448915,0.4758483587198086,0.42093784470046247,0.02819022163748741,Climate,1.2762842341465261,1.0,0.36489084642380476,0.9743396232498446,2.5660376750155423
chronos2__model_config.context_length-8192,Australia_Solar,H,long,168,1.2018281745126123,0.9416618511442288,0.5483988825028004,0.3007413343303203,0.42093784470046247,0.2063011322170496,Climate,1.2762842341465261,1.0,0.36489084642380476,0.9416618511442288,5.833814885577116
chronos2__model_config.context_length-1024,Australia_Solar,H,medium,72,1.192384679690315,0.8774019889742083,0.6749025911521818,0.455493507543929,0.6875907422688505,0.10893261060118675,Climate,1.3589947306642882,1.0,0.6641839258372784,0.8774019889742083,12.259801102579171
chronos2__model_config.context_length-2048,Australia_Solar,H,medium,72,1.1702760412750741,0.8611336121244806,0.6326908181332088,0.4002976713500691,0.6875907422688505,0.16566223837435246,Climate,1.3589947306642882,1.0,0.6641839258372784,0.8611336121244806,13.886638787551941
chronos2__model_config.context_length-4096,Australia_Solar,H,medium,72,1.1772909041326418,0.8662954149624789,0.6381812504489155,0.4072753084245414,0.6875907422688505,0.275009682867676,Climate,1.3589947306642882,1.0,0.6641839258372784,0.8662954149624789,13.370458503752115
chronos2__model_config.context_length-512,Australia_Solar,H,medium,72,1.2604545161763114,0.92749036308639,0.6575942407093252,0.4324301854140739,0.6875907422688505,0.0872950553894043,Climate,1.3589947306642882,1.0,0.6641839258372784,0.92749036308639,7.250963691361001
chronos2__model_config.context_length-8192,Australia_Solar,H,medium,72,1.1800124167717907,0.8682980074506915,0.6348134682146531,0.4029881394267164,0.6875907422688505,0.4949928782880306,Climate,1.3589947306642882,1.0,0.6641839258372784,0.8682980074506915,13.170199254930848
chronos2__model_config.context_length-1024,Australia_Solar,H,short,24,1.0742782619446927,0.869530900177538,0.8290479907916007,0.6873205710355901,0.9323109223171446,0.3755045644938946,Climate,1.235468758758717,1.0,1.7007500659674406,0.869530900177538,13.046909982246202
chronos2__model_config.context_length-2048,Australia_Solar,H,short,24,1.0922029382691996,0.8840393012985148,0.8100409044902385,0.6561662669473636,0.9323109223171446,0.5406338926404715,Climate,1.235468758758717,1.0,1.7007500659674406,0.8840393012985148,11.596069870148519
chronos2__model_config.context_length-4096,Australia_Solar,H,short,24,1.0819885546023305,0.8757716833644672,0.8125272520723945,0.6602005353603165,0.9323109223171446,0.8953329552896321,Climate,1.235468758758717,1.0,1.7007500659674406,0.8757716833644672,12.42283166355328
chronos2__model_config.context_length-512,Australia_Solar,H,short,24,1.1373642359451646,0.9205932791759797,0.8367929758385889,0.7002224844128013,0.9323109223171446,0.3176811449229717,Climate,1.235468758758717,1.0,1.7007500659674406,0.9205932791759797,7.940672082402034
chronos2__model_config.context_length-8192,Australia_Solar,H,short,24,1.0801986215576171,0.8743228947714544,0.810968166898839,0.6576693677232631,0.9323109223171446,1.5839413423091173,Climate,1.235468758758717,1.0,1.7007500659674406,0.8743228947714544,12.567710522854558
chronos_bolt__model_config.context_length-1024,Australia_Solar,H,long,168,1.2129555857039984,0.9503804507270461,0.6447130216316245,0.4156548802613794,0.42093784470046247,0.4750345628708601,Climate,1.2762842341465261,1.0,0.36489084642380476,0.9503804507270461,4.961954927295387
chronos_bolt__model_config.context_length-128,Australia_Solar,H,long,168,1.3001706284959422,1.0187155758179443,0.6797802447769201,0.4621011811889694,0.42093784470046247,0.20353933377191424,Climate,1.2762842341465261,1.0,0.36489084642380476,1.0187155758179443,-1.8715575817944252
chronos_bolt__model_config.context_length-2048,Australia_Solar,H,long,168,1.201433091645914,0.9413522940282448,0.6010582387692367,0.3612710063923768,0.42093784470046247,0.8386073186993599,Climate,1.2762842341465261,1.0,0.36489084642380476,0.9413522940282448,5.864770597175517
chronos_bolt__model_config.context_length-256,Australia_Solar,H,long,168,1.2559472970551622,0.9840655109988382,0.6555604818728843,0.4297595453934083,0.42093784470046247,0.23297620005905628,Climate,1.2762842341465261,1.0,0.36489084642380476,0.9840655109988382,1.593448900116179
chronos_bolt__model_config.context_length-512,Australia_Solar,H,long,168,1.2536992196724726,0.9823040872324521,0.7159767375368139,0.5126226886938597,0.42093784470046247,0.3013139870017767,Climate,1.2762842341465261,1.0,0.36489084642380476,0.9823040872324521,1.7695912767547894
chronos_bolt__model_config.context_length-1024,Australia_Solar,H,medium,72,1.21158987139441,0.8915338993273171,0.677055594179937,0.4584042776103476,0.6875907422688505,0.629443695768714,Climate,1.3589947306642882,1.0,0.6641839258372784,0.8915338993273171,10.846610067268292
chronos_bolt__model_config.context_length-128,Australia_Solar,H,medium,72,1.310228042799928,0.9641156166657668,0.773689223882006,0.5985950151511408,0.6875907422688505,0.3134284056723118,Climate,1.3589947306642882,1.0,0.6641839258372784,0.9641156166657668,3.588438333423316
chronos_bolt__model_config.context_length-2048,Australia_Solar,H,medium,72,1.1872985525551225,0.8736594232229001,0.6483106105803038,0.4203066477910064,0.6875907422688505,1.1054527908563614,Climate,1.3589947306642882,1.0,0.6641839258372784,0.8736594232229001,12.634057677709986
chronos_bolt__model_config.context_length-256,Australia_Solar,H,medium,72,1.2253233570264728,0.9016395202853541,0.6597855954916507,0.4353170320182721,0.6875907422688505,0.3533190470188856,Climate,1.3589947306642882,1.0,0.6641839258372784,0.9016395202853541,9.83604797146459
chronos_bolt__model_config.context_length-512,Australia_Solar,H,medium,72,1.2049266429863645,0.8866308424885401,0.6494554446360119,0.42179237456735996,0.6875907422688505,0.41127836890518665,Climate,1.3589947306642882,1.0,0.6641839258372784,0.8866308424885401,11.336915751145993
chronos_bolt__model_config.context_length-1024,Australia_Solar,H,short,24,1.1094176146704364,0.8979730218229679,0.8266957300390338,0.6834258300647712,0.9323109223171446,0.598927853628993,Climate,1.235468758758717,1.0,1.7007500659674406,0.8979730218229679,10.20269781770321
chronos_bolt__model_config.context_length-128,Australia_Solar,H,short,24,1.199373611109903,0.9707842489800559,0.9159379407630899,0.8389423113293296,0.9323109223171446,0.565684322733432,Climate,1.235468758758717,1.0,1.7007500659674406,0.9707842489800559,2.9215751019944114
chronos_bolt__model_config.context_length-2048,Australia_Solar,H,short,24,1.1027190648704128,0.892551152793472,0.8258981161013979,0.682107698179838,0.9323109223171446,0.7096368800848722,Climate,1.235468758758717,1.0,1.7007500659674406,0.892551152793472,10.744884720652802
chronos_bolt__model_config.context_length-256,Australia_Solar,H,short,24,1.1192076304996914,0.9058971524493797,0.8435681460666401,0.7116072170583082,0.9323109223171446,0.5602396540343761,Climate,1.235468758758717,1.0,1.7007500659674406,0.9058971524493797,9.410284755062026
chronos_bolt__model_config.context_length-512,Australia_Solar,H,short,24,1.1014036885451057,0.8914864748597064,0.835657218453991,0.6983229867542613,0.9323109223171446,0.5530969388782978,Climate,1.235468758758717,1.0,1.7007500659674406,0.8914864748597064,10.851352514029355
ts_icl__model_config.context_length-1024,Australia_Solar,H,long,168,1.1215215903786517,0.878739672850878,0.5370163123567965,0.2883865197372924,0.42093784470046247,0.2112027443945408,Climate,1.2762842341465261,1.0,0.36489084642380476,0.878739672850878,12.126032714912204
ts_icl__model_config.context_length-2048,Australia_Solar,H,long,168,1.104788646655742,0.8656290010465684,0.49404419804957955,0.24407966962645217,0.42093784470046247,0.3812550753355026,Climate,1.2762842341465261,1.0,0.36489084642380476,0.8656290010465684,13.437099895343163
ts_icl__model_config.context_length-256,Australia_Solar,H,long,168,1.1861348088826185,0.9293657142727363,0.4832959470785158,0.23357497246251957,0.42093784470046247,0.12349496921524405,Climate,1.2762842341465261,1.0,0.36489084642380476,0.9293657142727363,7.063428572726371
ts_icl__model_config.context_length-4096,Australia_Solar,H,long,168,1.111845003542755,0.8711578297339584,0.49642875543185283,0.24644150921961835,0.42093784470046247,0.894874120131135,Climate,1.2762842341465261,1.0,0.36489084642380476,0.8711578297339584,12.884217026604162
ts_icl__model_config.context_length-512,Australia_Solar,H,long,168,1.1116878207531098,0.8710346731631572,0.5139040948614043,0.2640974187153192,0.42093784470046247,0.14543692022562027,Climate,1.2762842341465261,1.0,0.36489084642380476,0.8710346731631572,12.896532683684281
ts_icl__model_config.context_length-1024,Australia_Solar,H,medium,72,1.1577909082238707,0.8519465764653352,0.6179239016587877,0.38182994824121924,0.6875907422688505,0.4669456221163273,Climate,1.3589947306642882,1.0,0.6641839258372784,0.8519465764653352,14.805342353466477
ts_icl__model_config.context_length-2048,Australia_Solar,H,medium,72,1.1305915266013082,0.8319322371828958,0.5772700517119217,0.3332407126034847,0.6875907422688505,0.8485633246600628,Climate,1.3589947306642882,1.0,0.6641839258372784,0.8319322371828958,16.806776281710423
ts_icl__model_config.context_length-256,Australia_Solar,H,medium,72,1.273459021975374,0.9370595729630949,0.6607507809236558,0.43659159449122104,0.6875907422688505,0.23028882313519716,Climate,1.3589947306642882,1.0,0.6641839258372784,0.9370595729630949,6.294042703690506
ts_icl__model_config.context_length-4096,Australia_Solar,H,medium,72,1.1419134558402046,0.8402633432449201,0.5905637853973333,0.3487655846228276,0.6875907422688505,2.1212476324290037,Climate,1.3589947306642882,1.0,0.6641839258372784,0.8402633432449201,15.973665675507986
ts_icl__model_config.context_length-512,Australia_Solar,H,medium,72,1.1459780132885615,0.843254199174413,0.5921271218702384,0.35061452845433216,0.6875907422688505,0.27850271947681904,Climate,1.3589947306642882,1.0,0.6641839258372784,0.843254199174413,15.674580082558698
ts_icl__model_config.context_length-1024,Australia_Solar,H,short,24,1.0726377106215768,0.8682030225509404,0.8327887599374425,0.6935371186781433,0.9323109223171446,1.3151558358222246,Climate,1.235468758758717,1.0,1.7007500659674406,0.8682030225509404,13.17969774490596
ts_icl__model_config.context_length-2048,Australia_Solar,H,short,24,1.0591295261250315,0.85726937133493,0.8095021753582892,0.6552937719098023,0.9323109223171446,2.442604925483465,Climate,1.235468758758717,1.0,1.7007500659674406,0.85726937133493,14.273062866507003
ts_icl__model_config.context_length-256,Australia_Solar,H,short,24,1.188248527887578,0.9617795022849616,0.8521348873862428,0.7261338663007647,0.9323109223171446,0.6985358172096312,Climate,1.235468758758717,1.0,1.7007500659674406,0.9617795022849616,3.8220497715038437
ts_icl__model_config.context_length-4096,Australia_Solar,H,short,24,1.0643945028329198,0.8615308928590987,0.8157588596668807,0.6654625171250095,0.9323109223171446,6.064644297584891,Climate,1.235468758758717,1.0,1.7007500659674406,0.8615308928590987,13.846910714090132
ts_icl__model_config.context_length-512,Australia_Solar,H,short,24,1.0990376346337218,0.8895713686341463,0.832292676362364,0.6927110991264269,0.9323109223171446,0.868354944512248,Climate,1.235468758758717,1.0,1.7007500659674406,0.8895713686341463,11.042863136585368
chronos2__model_config.context_length-1024,Auto_Production_SF,M,short,12,0.6043605475858413,0.6272780561526403,0.14086698570498227,0.01984350766160768,0.1698127796753019,0.22251811251044273,Economics,0.9634651517903213,1.0,0.024433504790067673,0.6272780561526403,37.27219438473597
chronos2__model_config.context_length-2048,Auto_Production_SF,M,short,12,0.6043605475858413,0.6272780561526403,0.14086698570498227,0.01984350766160768,0.1698127796753019,0.20841077156364918,Economics,0.9634651517903213,1.0,0.024433504790067673,0.6272780561526403,37.27219438473597
chronos2__model_config.context_length-4096,Auto_Production_SF,M,short,12,0.6043605475858413,0.6272780561526403,0.14086698570498227,0.01984350766160768,0.1698127796753019,0.21902864333242178,Economics,0.9634651517903213,1.0,0.024433504790067673,0.6272780561526403,37.27219438473597
chronos2__model_config.context_length-512,Auto_Production_SF,M,short,12,0.6043605475858413,0.6272780561526403,0.14086698570498227,0.01984350766160768,0.1698127796753019,0.22838154062628746,Economics,0.9634651517903213,1.0,0.024433504790067673,0.6272780561526403,37.27219438473597
chronos2__model_config.context_length-8192,Auto_Production_SF,M,short,12,0.6043605475858413,0.6272780561526403,0.14086698570498227,0.01984350766160768,0.1698127796753019,0.32918169163167477,Economics,0.9634651517903213,1.0,0.024433504790067673,0.6272780561526403,37.27219438473597
chronos_bolt__model_config.context_length-1024,Auto_Production_SF,M,short,12,1.0324059356330573,1.0715550362300386,0.2201815228105807,0.048479902987186275,0.1698127796753019,0.22616167552769184,Economics,0.9634651517903213,1.0,0.024433504790067673,1.0715550362300386,-7.155503623003856
chronos_bolt__model_config.context_length-128,Auto_Production_SF,M,short,12,1.0342956170942137,1.0735163749018575,0.1172970159176888,0.013758589943194541,0.1698127796753019,0.211127535905689,Economics,0.9634651517903213,1.0,0.024433504790067673,1.0735163749018575,-7.351637490185747
chronos_bolt__model_config.context_length-2048,Auto_Production_SF,M,short,12,1.0324059356330573,1.0715550362300386,0.2201815228105807,0.048479902987186275,0.1698127796753019,0.2467520497739315,Economics,0.9634651517903213,1.0,0.024433504790067673,1.0715550362300386,-7.155503623003856
chronos_bolt__model_config.context_length-256,Auto_Production_SF,M,short,12,1.0224802807944144,1.0612529979879715,0.20712889393154318,0.042902378701304464,0.1698127796753019,0.2112326566129923,Economics,0.9634651517903213,1.0,0.024433504790067673,1.0612529979879715,-6.125299798797146
chronos_bolt__model_config.context_length-512,Auto_Production_SF,M,short,12,1.0324059356330573,1.0715550362300386,0.2201815228105807,0.048479902987186275,0.1698127796753019,0.22655929811298847,Economics,0.9634651517903213,1.0,0.024433504790067673,1.0715550362300386,-7.155503623003856
ts_icl__model_config.context_length-1024,Auto_Production_SF,M,short,12,0.8833127368059295,0.916808184670248,0.24298659391688243,0.059042484823327926,0.1698127796753019,0.25279583036899567,Economics,0.9634651517903213,1.0,0.024433504790067673,0.916808184670248,8.319181532975195
ts_icl__model_config.context_length-2048,Auto_Production_SF,M,short,12,0.8833127368059295,0.916808184670248,0.24298659391688243,0.059042484823327926,0.1698127796753019,0.24581546522676945,Economics,0.9634651517903213,1.0,0.024433504790067673,0.916808184670248,8.319181532975195
ts_icl__model_config.context_length-256,Auto_Production_SF,M,short,12,0.891370771740719,0.9251717823777686,0.27511919617705316,0.07569057210510785,0.1698127796753019,0.2951567149721086,Economics,0.9634651517903213,1.0,0.024433504790067673,0.9251717823777686,7.482821762223136
ts_icl__model_config.context_length-4096,Auto_Production_SF,M,short,12,0.8833127368059295,0.916808184670248,0.24298659391688243,0.059042484823327926,0.1698127796753019,0.24185144528746605,Economics,0.9634651517903213,1.0,0.024433504790067673,0.916808184670248,8.319181532975195
ts_icl__model_config.context_length-512,Auto_Production_SF,M,short,12,0.8833127368059295,0.916808184670248,0.24298659391688243,0.059042484823327926,0.1698127796753019,0.24453063681721687,Economics,0.9634651517903213,1.0,0.024433504790067673,0.916808184670248,8.319181532975195
chronos2__model_config.context_length-1024,CPHL,15T,long,288,1.18406127941538,0.7606203893109184,0.4206343780740037,0.17693328001770392,0.9348312901421038,0.01769084483385086,Climate,1.556704626979664,1.0,0.08728386927396059,0.7606203893109184,23.937961068908166
chronos2__model_config.context_length-2048,CPHL,15T,long,288,1.1683829753776573,0.7505489192542372,0.4554481576058993,0.2074330242666081,0.9348312901421038,0.020597252994775772,Climate,1.556704626979664,1.0,0.08728386927396059,0.7505489192542372,24.945108074576282
chronos2__model_config.context_length-4096,CPHL,15T,long,288,1.1714750504326958,0.7525352145355956,0.4340471807322628,0.18839695510162557,0.9348312901421038,0.027111797127872705,Climate,1.556704626979664,1.0,0.08728386927396059,0.7525352145355956,24.746478546440443
chronos2__model_config.context_length-512,CPHL,15T,long,288,1.3299085530529935,0.8543101433656667,0.6002783429455258,0.3603340890094263,0.9348312901421038,0.01820046827197075,Climate,1.556704626979664,1.0,0.08728386927396059,0.8543101433656667,14.568985663433331
chronos2__model_config.context_length-8192,CPHL,15T,long,288,1.1569175338572653,0.7431837188676761,0.4260351872588614,0.18150598078269312,0.9348312901421038,0.046816807240247726,Climate,1.556704626979664,1.0,0.08728386927396059,0.7431837188676761,25.681628113232392
chronos2__model_config.context_length-1024,CPHL,15T,medium,96,1.1057325988813402,0.8054465431474277,0.5806045597265432,0.33710165477525306,0.6233469173388662,0.03618164360523224,Climate,1.37281934883039,1.0,0.15893543139100075,0.8054465431474277,19.45534568525723
chronos2__model_config.context_length-2048,CPHL,15T,medium,96,1.0656346997165929,0.7762381121918837,0.6333216992954708,0.40109637479850274,0.6233469173388662,0.04948561266064644,Climate,1.37281934883039,1.0,0.15893543139100075,0.7762381121918837,22.376188780811635
chronos2__model_config.context_length-4096,CPHL,15T,medium,96,1.0622188003737625,0.7737498755963399,0.6487100821675518,0.4208247707058318,0.6233469173388662,0.07557078823447227,Climate,1.37281934883039,1.0,0.15893543139100075,0.7737498755963399,22.62501244036601
chronos2__model_config.context_length-512,CPHL,15T,medium,96,1.2292813896681343,0.8954429369861762,0.689880214238345,0.47593470999754484,0.6233469173388662,0.035517456009984016,Climate,1.37281934883039,1.0,0.15893543139100075,0.8954429369861762,10.455706301382383
chronos2__model_config.context_length-8192,CPHL,15T,medium,96,1.065225535608098,0.775940065614347,0.6680661285833984,0.4463123521604098,0.6233469173388662,0.1448282077908516,Climate,1.37281934883039,1.0,0.15893543139100075,0.775940065614347,22.405993438565297
chronos2__model_config.context_length-1024,CPHL,15T,short,12,0.6636488241827478,0.4848759075734686,0.707937269532175,0.5011751775926714,1.2103073573379792,0.4211687333881855,Climate,1.3686982871636935,1.0,0.8933454435318708,0.4848759075734686,51.51240924265315
chronos2__model_config.context_length-2048,CPHL,15T,short,12,0.6542958599498647,0.47804243351961784,0.6915919915773109,0.4782994828138712,1.2103073573379792,0.5206818021833897,Climate,1.3686982871636935,1.0,0.8933454435318708,0.47804243351961784,52.19575664803821
chronos2__model_config.context_length-4096,CPHL,15T,short,12,0.6520608852237937,0.4764095135788013,0.695758695458336,0.48408016230588563,1.2103073573379792,0.7563656368292868,Climate,1.3686982871636935,1.0,0.8933454435318708,0.4764095135788013,52.359048642119866
chronos2__model_config.context_length-512,CPHL,15T,short,12,0.6688527864448341,0.48867803278315985,0.719740900390782,0.5180269636953335,1.2103073573379792,0.42826984636485577,Climate,1.3686982871636935,1.0,0.8933454435318708,0.48867803278315985,51.13219672168401
chronos2__model_config.context_length-8192,CPHL,15T,short,12,0.6512083950143714,0.47578666614966564,0.6998075043932335,0.4897305432050854,1.2103073573379792,1.3043658938258886,Climate,1.3686982871636935,1.0,0.8933454435318708,0.47578666614966564,52.42133338503343
chronos_bolt__model_config.context_length-1024,CPHL,15T,long,288,1.2084599001512557,0.7762936392730606,0.42013642144380725,0.17651461262360843,0.9348312901421038,0.23047980293631554,Climate,1.556704626979664,1.0,0.08728386927396059,0.7762936392730606,22.37063607269394
chronos_bolt__model_config.context_length-128,CPHL,15T,long,288,1.2887310852439788,0.8278584536260996,0.4616380923644556,0.2131097283218936,0.9348312901421038,0.10693817213177681,Climate,1.556704626979664,1.0,0.08728386927396059,0.8278584536260996,17.214154637390045
chronos_bolt__model_config.context_length-2048,CPHL,15T,long,288,1.202757658522571,0.7726306183441974,0.48688862746289285,0.23706053555269965,0.9348312901421038,0.3926506396383047,Climate,1.556704626979664,1.0,0.08728386927396059,0.7726306183441974,22.736938165580256
chronos_bolt__model_config.context_length-256,CPHL,15T,long,288,1.2466304498521468,0.8008137370741123,0.5269040828717052,0.27762791254687275,0.9348312901421038,0.12099573202431202,Climate,1.556704626979664,1.0,0.08728386927396059,0.8008137370741123,19.91862629258877
chronos_bolt__model_config.context_length-512,CPHL,15T,long,288,1.2915069639041832,0.8296416298382691,0.523827355216778,0.27439509807340456,0.9348312901421038,0.15067649632692337,Climate,1.556704626979664,1.0,0.08728386927396059,0.8296416298382691,17.035837016173094
chronos_bolt__model_config.context_length-1024,CPHL,15T,medium,96,1.055099126891076,0.7685637063536408,0.6275565135571259,0.39382717770797515,0.6233469173388662,0.201193168759346,Climate,1.37281934883039,1.0,0.15893543139100075,0.7685637063536408,23.14362936463592
chronos_bolt__model_config.context_length-128,CPHL,15T,medium,96,1.2572274911856498,0.9157996587510063,0.7050036773488068,0.4970301850753404,0.6233469173388662,0.10783392004668713,Climate,1.37281934883039,1.0,0.15893543139100075,0.9157996587510063,8.420034124899367
chronos_bolt__model_config.context_length-2048,CPHL,15T,medium,96,1.063731294575291,0.7748516186645863,0.6831529075045506,0.466697895031921,0.6233469173388662,0.3426425810903311,Climate,1.37281934883039,1.0,0.15893543139100075,0.7748516186645863,22.51483813354137
chronos_bolt__model_config.context_length-256,CPHL,15T,medium,96,1.2320662705280483,0.8974715220744376,0.7668298741445182,0.5880280558804977,0.6233469173388662,0.11865225061774254,Climate,1.37281934883039,1.0,0.15893543139100075,0.8974715220744376,10.252847792556242
chronos_bolt__model_config.context_length-512,CPHL,15T,medium,96,1.0988934601508522,0.8004647232624481,0.6471455361493977,0.41879734495809146,0.6233469173388662,0.1398286297917366,Climate,1.37281934883039,1.0,0.15893543139100075,0.8004647232624481,19.95352767375519
chronos_bolt__model_config.context_length-1024,CPHL,15T,short,12,0.6616094200085765,0.48338587562610824,0.7226886540329198,0.5222788906679132,1.2103073573379792,0.4837652016431093,Climate,1.3686982871636935,1.0,0.8933454435318708,0.48338587562610824,51.661412437389174
chronos_bolt__model_config.context_length-128,CPHL,15T,short,12,0.6992033544107813,0.5108528015036217,0.6605846596665431,0.43637209258676257,1.2103073573379792,0.45417100191116333,Climate,1.3686982871636935,1.0,0.8933454435318708,0.5108528015036217,48.914719849637834
chronos_bolt__model_config.context_length-2048,CPHL,15T,short,12,0.656110489198097,0.47936824013839624,0.7044300796257641,0.49622173708156037,1.2103073573379792,0.7751575689762831,Climate,1.3686982871636935,1.0,0.8933454435318708,0.47936824013839624,52.063175986160374
chronos_bolt__model_config.context_length-256,CPHL,15T,short,12,0.6811880074607212,0.49769040689918864,0.6919823816153383,0.47883961646603573,1.2103073573379792,0.4566225428134203,Climate,1.3686982871636935,1.0,0.8933454435318708,0.49769040689918864,50.23095931008113
chronos_bolt__model_config.context_length-512,CPHL,15T,short,12,0.6679538061532213,0.4880212187138767,0.7115854251003583,0.5063538172152576,1.2103073573379792,0.455110277980566,Climate,1.3686982871636935,1.0,0.8933454435318708,0.4880212187138767,51.19787812861233
ts_icl__model_config.context_length-1024,CPHL,15T,long,288,1.1486793371018784,0.7378916444351804,0.4397327913669213,0.19336492780334433,0.9348312901421038,0.07544473372399807,Climate,1.556704626979664,1.0,0.08728386927396059,0.7378916444351804,26.21083555648196
ts_icl__model_config.context_length-2048,CPHL,15T,long,288,1.2039284743621266,0.7733827300931213,0.5830958939234847,0.34000082151042776,0.9348312901421038,0.11672702245414257,Climate,1.556704626979664,1.0,0.08728386927396059,0.7733827300931213,22.661726990687868
ts_icl__model_config.context_length-256,CPHL,15T,long,288,1.1954442978075486,0.7679326425122556,0.515477907440804,0.26571747305955007,0.9348312901421038,0.04777149809524417,Climate,1.556704626979664,1.0,0.08728386927396059,0.7679326425122556,23.20673574877444
ts_icl__model_config.context_length-4096,CPHL,15T,long,288,1.1912087384583099,0.7652117927917428,0.5189998297249171,0.26936082325449295,0.9348312901421038,0.269269609823823,Climate,1.556704626979664,1.0,0.08728386927396059,0.7652117927917428,23.478820720825723
ts_icl__model_config.context_length-512,CPHL,15T,long,288,1.247779242307837,0.8015517013839629,0.5092518367868092,0.259337433270739,0.9348312901421038,0.05405218340456486,Climate,1.556704626979664,1.0,0.08728386927396059,0.8015517013839629,19.844829861603706
ts_icl__model_config.context_length-1024,CPHL,15T,medium,96,1.0621231109344644,0.7736801727331193,0.6455742648537119,0.4167661314414106,0.6233469173388662,0.1521350797265768,Climate,1.37281934883039,1.0,0.15893543139100075,0.7736801727331193,22.631982726688072
ts_icl__model_config.context_length-2048,CPHL,15T,medium,96,1.0677116887011409,0.7777510490442944,0.6574129912835114,0.43219184110833425,0.6233469173388662,0.30097537115216255,Climate,1.37281934883039,1.0,0.15893543139100075,0.7777510490442944,22.224895095570563
ts_icl__model_config.context_length-256,CPHL,15T,medium,96,1.0830629388750412,0.7889333289174468,0.5716094710251747,0.32673738736568,0.6233469173388662,0.08747600577771664,Climate,1.37281934883039,1.0,0.15893543139100075,0.7889333289174468,21.106667108255316
ts_icl__model_config.context_length-4096,CPHL,15T,medium,96,1.0817674350374027,0.7879896476976693,0.6606872151574578,0.43650759627251684,0.6233469173388662,0.7248163502663374,Climate,1.37281934883039,1.0,0.15893543139100075,0.7879896476976693,21.201035230233067
ts_icl__model_config.context_length-512,CPHL,15T,medium,96,1.100826326063215,0.8018726768391583,0.6673418052258352,0.44534508500207654,0.6233469173388662,0.11313491687178612,Climate,1.37281934883039,1.0,0.15893543139100075,0.8018726768391583,19.81273231608417
ts_icl__model_config.context_length-1024,CPHL,15T,short,12,0.669490353475855,0.48914385277942946,0.6913651417036208,0.4779857591628677,1.2103073573379792,1.051085490733385,Climate,1.3686982871636935,1.0,0.8933454435318708,0.48914385277942946,51.08561472205706
ts_icl__model_config.context_length-2048,CPHL,15T,short,12,0.6576299244602875,0.480478371769626,0.6893048105284436,0.47514112181765356,1.2103073573379792,2.224683675915003,Climate,1.3686982871636935,1.0,0.8933454435318708,0.480478371769626,51.952162823037405
ts_icl__model_config.context_length-256,CPHL,15T,short,12,0.6827197320559023,0.49880951737776996,0.6951782189055725,0.48327275604072406,1.2103073573379792,0.6469807061366737,Climate,1.3686982871636935,1.0,0.8933454435318708,0.49880951737776996,50.119048262223
ts_icl__model_config.context_length-4096,CPHL,15T,short,12,0.6590360706082912,0.4815057319710606,0.6875696668349319,0.47275204675149923,1.2103073573379792,5.832884067669511,Climate,1.3686982871636935,1.0,0.8933454435318708,0.4815057319710606,51.84942680289394
ts_icl__model_config.context_length-512,CPHL,15T,short,12,0.6619057833914844,0.4836024049998112,0.6874974588004522,0.4726527558570795,1.2103073573379792,0.8710752632468939,Climate,1.3686982871636935,1.0,0.8933454435318708,0.4836024049998112,51.639759500018876
chronos2__model_config.context_length-1024,CPHL,30T,long,144,1.7847860949434295,0.8026356198456867,0.8732330753811282,0.762536003939583,1.6073134698343936,0.03427109681069851,Climate,2.2236567264315648,1.0,0.13040409795939922,0.8026356198456867,19.736438015431336
chronos2__model_config.context_length-2048,CPHL,30T,long,144,1.7375017863284548,0.7813714075898432,0.9364067188431054,0.8768575430945107,1.6073134698343936,0.04101470299065113,Climate,2.2236567264315648,1.0,0.13040409795939922,0.7813714075898432,21.862859241015677
chronos2__model_config.context_length-4096,CPHL,30T,long,144,1.778744072981183,0.7999184639598758,0.9498905920638104,0.9022921368913362,1.6073134698343936,0.057462711818516254,Climate,2.2236567264315648,1.0,0.13040409795939922,0.7999184639598758,20.008153604012424
chronos2__model_config.context_length-512,CPHL,30T,long,144,1.874402638495716,0.8429370487879585,0.8354419602002071,0.6979632688631645,1.6073134698343936,0.03417042829096317,Climate,2.2236567264315648,1.0,0.13040409795939922,0.8429370487879585,15.70629512120415
chronos2__model_config.context_length-8192,CPHL,30T,long,144,1.7964635512898783,0.807887085239443,0.9683303472969411,0.9376636614962145,1.6073134698343936,0.09876255877315998,Climate,2.2236567264315648,1.0,0.13040409795939922,0.807887085239443,19.211291476055703
chronos2__model_config.context_length-1024,CPHL,30T,medium,48,1.5359080075707365,0.8112157645584641,0.8940590475893692,0.7993415805764099,1.4876388063522994,0.0665144044905901,Climate,1.893340926882399,1.0,0.283974077552557,0.8112157645584641,18.878423544153588
chronos2__model_config.context_length-2048,CPHL,30T,medium,48,1.5044037938965074,0.794576281818235,0.9051543326093381,0.8193043658414563,1.4876388063522994,0.0913116354495287,Climate,1.893340926882399,1.0,0.283974077552557,0.794576281818235,20.5423718181765
chronos2__model_config.context_length-4096,CPHL,30T,medium,48,1.5131584461368148,0.7992001993156098,0.929837365428374,0.8645975261467795,1.4876388063522994,0.1488666101358831,Climate,1.893340926882399,1.0,0.283974077552557,0.7992001993156098,20.079980068439017
chronos2__model_config.context_length-512,CPHL,30T,medium,48,1.6019931468531172,0.8461197474302639,0.9148491344535271,0.8369489388103677,1.4876388063522994,0.0676441639661789,Climate,1.893340926882399,1.0,0.283974077552557,0.8461197474302639,15.388025256973615
chronos2__model_config.context_length-8192,CPHL,30T,medium,48,1.5182478312316134,0.801888244042546,0.9574351493573398,0.9166820652249115,1.4876388063522994,0.28182882256805897,Climate,1.893340926882399,1.0,0.283974077552557,0.801888244042546,19.8111755957454
chronos2__model_config.context_length-1024,CPHL,30T,short,12,1.3596391936680357,0.709695932628438,0.9503627476599146,0.9031893521397024,2.00872837438365,0.4244943503290415,Climate,1.9158052500490743,1.0,0.9665918750688434,0.709695932628438,29.0304067371562
chronos2__model_config.context_length-2048,CPHL,30T,short,12,1.345439279615339,0.7022839506160007,0.959537880160198,0.9207129434623266,2.00872837438365,0.5232736263424158,Climate,1.9158052500490743,1.0,0.9665918750688434,0.7022839506160007,29.771604938399932
chronos2__model_config.context_length-4096,CPHL,30T,short,12,1.3550671271483778,0.7073094340427698,0.9810522940027675,0.9624636035680926,2.00872837438365,0.7546552666462958,Climate,1.9158052500490743,1.0,0.9665918750688434,0.7073094340427698,29.26905659572302
chronos2__model_config.context_length-512,CPHL,30T,short,12,1.4046331873744626,0.7331816150615947,0.9707618491837013,0.9423785678305593,2.00872837438365,0.4285184498876333,Climate,1.9158052500490743,1.0,0.9665918750688434,0.7331816150615947,26.681838493840527
chronos2__model_config.context_length-8192,CPHL,30T,short,12,1.369510162917805,0.7148483192029693,1.006554438691692,1.0131518380499471,2.00872837438365,1.3096336983144283,Climate,1.9158052500490743,1.0,0.9665918750688434,0.7148483192029693,28.515168079703066
chronos_bolt__model_config.context_length-1024,CPHL,30T,long,144,1.9233021168278595,0.8649276185332336,0.9776026565598395,0.9557069541128553,1.6073134698343936,0.2575117740780115,Climate,2.2236567264315648,1.0,0.13040409795939922,0.8649276185332336,13.507238146676636
chronos_bolt__model_config.context_length-128,CPHL,30T,long,144,1.8890977794498383,0.849545596222213,0.9386224235941074,0.8810120540736761,1.6073134698343936,0.1412431369535625,Climate,2.2236567264315648,1.0,0.13040409795939922,0.849545596222213,15.045440377778696
chronos_bolt__model_config.context_length-2048,CPHL,30T,long,144,1.9159433983126628,0.8616183314352175,1.0327211046263514,1.0665128799406716,1.6073134698343936,0.41891186125576496,Climate,2.2236567264315648,1.0,0.13040409795939922,0.8616183314352175,13.838166856478251
chronos_bolt__model_config.context_length-256,CPHL,30T,long,144,1.9911838500050565,0.8954546924157797,1.0176555315221887,1.0356227808377085,1.6073134698343936,0.1567127276211977,Climate,2.2236567264315648,1.0,0.13040409795939922,0.8954546924157797,10.454530758422031
chronos_bolt__model_config.context_length-512,CPHL,30T,long,144,1.8898821768877876,0.8498983473589445,1.0431707665995946,1.0882052482879858,1.6073134698343936,0.18765845522284508,Climate,2.2236567264315648,1.0,0.13040409795939922,0.8498983473589445,15.010165264105545
chronos_bolt__model_config.context_length-1024,CPHL,30T,medium,48,1.5654055976476244,0.8267954151422917,0.9247617811574238,0.855184351889451,1.4876388063522994,0.07788587920367718,Climate,1.893340926882399,1.0,0.283974077552557,0.8267954151422917,17.32045848577083
chronos_bolt__model_config.context_length-128,CPHL,30T,medium,48,1.66572492214595,0.8797807613490696,1.0513771591013394,1.1053939306800034,1.4876388063522994,0.0707739987410605,Climate,1.893340926882399,1.0,0.283974077552557,0.8797807613490696,12.021923865093044
chronos_bolt__model_config.context_length-2048,CPHL,30T,medium,48,1.5695327782076256,0.8289752552869808,0.9341613766293314,0.8726574775860075,1.4876388063522994,0.09853352420032024,Climate,1.893340926882399,1.0,0.283974077552557,0.8289752552869808,17.10247447130192
chronos_bolt__model_config.context_length-256,CPHL,30T,medium,48,1.600187255318829,0.845165935304488,0.9212512450534056,0.84870385651245,1.4876388063522994,0.07105107419192791,Climate,1.893340926882399,1.0,0.283974077552557,0.845165935304488,15.483406469551198
chronos_bolt__model_config.context_length-512,CPHL,30T,medium,48,1.5799987579965304,0.8345030393433569,0.944362925756697,0.8918213355437489,1.4876388063522994,0.0699046403169632,Climate,1.893340926882399,1.0,0.283974077552557,0.8345030393433569,16.54969606566431
chronos_bolt__model_config.context_length-1024,CPHL,30T,short,12,1.4093454758470156,0.7356413058221416,0.9860308199538045,0.9722567778987721,2.00872837438365,0.4888143315911293,Climate,1.9158052500490743,1.0,0.9665918750688434,0.7356413058221416,26.435869417785838
chronos_bolt__model_config.context_length-128,CPHL,30T,short,12,1.4497156636957058,0.7567134830946781,1.0070792627262406,1.0142086414132285,2.00872837438365,0.4584224889986217,Climate,1.9158052500490743,1.0,0.9665918750688434,0.7567134830946781,24.328651690532187
chronos_bolt__model_config.context_length-2048,CPHL,30T,short,12,1.4040590147394727,0.732881912033338,0.9908685937638231,0.9818205701074963,2.00872837438365,0.5903856679797173,Climate,1.9158052500490743,1.0,0.9665918750688434,0.732881912033338,26.711808796666205
chronos_bolt__model_config.context_length-256,CPHL,30T,short,12,1.4129224110236014,0.7375083719952269,0.9827262362397124,0.9657508553938712,2.00872837438365,0.456559581682086,Climate,1.9158052500490743,1.0,0.9665918750688434,0.7375083719952269,26.24916280047731
chronos_bolt__model_config.context_length-512,CPHL,30T,short,12,1.439198207030807,0.7512236470768316,0.9993688739175939,0.9987381461553196,2.00872837438365,0.4507524352520704,Climate,1.9158052500490743,1.0,0.9665918750688434,0.7512236470768316,24.877635292316835
ts_icl__model_config.context_length-1024,CPHL,30T,long,144,1.8310666029222034,0.8234484132182694,0.8905712069228923,0.7931170746000971,1.6073134698343936,0.11975451745092869,Climate,2.2236567264315648,1.0,0.13040409795939922,0.8234484132182694,17.655158678173056
ts_icl__model_config.context_length-2048,CPHL,30T,long,144,1.8487260408426747,0.8313900337528428,1.0016617791170104,1.0033263197438547,1.6073134698343936,0.21087179146707058,Climate,2.2236567264315648,1.0,0.13040409795939922,0.8313900337528428,16.860996624715717
ts_icl__model_config.context_length-256,CPHL,30T,long,144,1.8899119505192565,0.8499117368498291,0.9115463330164564,0.8309167172357483,1.6073134698343936,0.07249381113797426,Climate,2.2236567264315648,1.0,0.13040409795939922,0.8499117368498291,15.008826315017087
ts_icl__model_config.context_length-4096,CPHL,30T,long,144,1.8194283328811713,0.8182145702861777,0.9723053929440609,0.9453777771481047,1.6073134698343936,0.49195050075650215,Climate,2.2236567264315648,1.0,0.13040409795939922,0.8182145702861777,18.178542971382228
ts_icl__model_config.context_length-512,CPHL,30T,long,144,1.8790482421253736,0.8450262218039359,0.8876186617092624,0.787866888614542,1.6073134698343936,0.0877834353595972,Climate,2.2236567264315648,1.0,0.13040409795939922,0.8450262218039359,15.497377819606406
ts_icl__model_config.context_length-1024,CPHL,30T,medium,48,1.5465740882587617,0.816849235285571,0.9341510132121925,0.872638115485366,1.4876388063522994,0.2814151160418987,Climate,1.893340926882399,1.0,0.283974077552557,0.816849235285571,18.315076471442904
ts_icl__model_config.context_length-2048,CPHL,30T,medium,48,1.5508080647665818,0.8190854815145012,0.9749079086546142,0.9504454303573137,1.4876388063522994,0.535302234813571,Climate,1.893340926882399,1.0,0.283974077552557,0.8190854815145012,18.091451848549877
ts_icl__model_config.context_length-256,CPHL,30T,medium,48,1.5921904148108423,0.8409422688773568,0.948790268036609,0.9002029727209805,1.4876388063522994,0.1411891500465572,Climate,1.893340926882399,1.0,0.283974077552557,0.8409422688773568,15.90577311226432
ts_icl__model_config.context_length-4096,CPHL,30T,medium,48,1.5527782568287,0.8201260717400357,0.9757767575509083,0.9521402805765642,1.4876388063522994,1.3844750076532364,Climate,1.893340926882399,1.0,0.283974077552557,0.8201260717400357,17.98739282599643
ts_icl__model_config.context_length-512,CPHL,30T,medium,48,1.5590866116328235,0.8234579359143928,0.9339784144552296,0.8723156786683045,1.4876388063522994,0.189549520611763,Climate,1.893340926882399,1.0,0.283974077552557,0.8234579359143928,17.654206408560725
ts_icl__model_config.context_length-1024,CPHL,30T,short,12,1.3679543333087865,0.7140362170287119,0.9633034547632442,0.9279535459588016,2.00872837438365,1.0759571213275194,Climate,1.9158052500490743,1.0,0.9665918750688434,0.7140362170287119,28.596378297128812
ts_icl__model_config.context_length-2048,CPHL,30T,short,12,1.3764932344426322,0.7184932990487277,0.9902105843957357,0.9805170014493445,2.00872837438365,2.1477169059216976,Climate,1.9158052500490743,1.0,0.9665918750688434,0.7184932990487277,28.15067009512723
ts_icl__model_config.context_length-256,CPHL,30T,short,12,1.3835640176665336,0.7221840620966525,0.9527113962019377,0.9076590044530455,2.00872837438365,0.6220986410044134,Climate,1.9158052500490743,1.0,0.9665918750688434,0.7221840620966525,27.781593790334746
ts_icl__model_config.context_length-4096,CPHL,30T,short,12,1.386630846888305,0.723784866365089,0.9963323569745067,0.9926781655543758,2.00872837438365,5.567333750426769,Climate,1.9158052500490743,1.0,0.9665918750688434,0.723784866365089,27.6215133634911
ts_icl__model_config.context_length-512,CPHL,30T,short,12,1.3746091525517012,0.7175098578086108,0.9471317747825735,0.8970585988027875,2.00872837438365,0.7189294379204512,Climate,1.9158052500490743,1.0,0.9665918750688434,0.7175098578086108,28.249014219138925
chronos2__model_config.context_length-1024,CPHL,H,long,336,2.3926316201312336,0.947853959670577,0.9498584669742617,0.9022311072826945,1.3278778683794659,0.019788453355431557,Climate,2.524261882033793,1.0,0.07477753702551126,0.947853959670577,5.2146040329423045
chronos2__model_config.context_length-2048,CPHL,H,long,336,2.174828509030533,0.8615700789643417,0.7604134602615098,0.5782286305468828,1.3278778683794659,0.0195829626172781,Climate,2.524261882033793,1.0,0.07477753702551126,0.8615700789643417,13.842992103565832
chronos2__model_config.context_length-4096,CPHL,H,long,336,2.137182347597084,0.8466563484590435,0.6995025872692223,0.489303869596336,1.3278778683794659,0.027156641241163015,Climate,2.524261882033793,1.0,0.07477753702551126,0.8466563484590435,15.334365154095654
chronos2__model_config.context_length-512,CPHL,H,long,336,2.682734452927134,1.0627797662442455,1.2433161701896025,1.5458350990549408,1.3278778683794659,0.019604984670877457,Climate,2.524261882033793,1.0,0.07477753702551126,1.0627797662442455,-6.277976624424553
chronos2__model_config.context_length-8192,CPHL,H,long,336,2.139118123635133,0.8474232166084327,0.7135558023180002,0.509161883021685,1.3278778683794659,0.04420332610607147,Climate,2.524261882033793,1.0,0.07477753702551126,0.8474232166084327,15.257678339156733
chronos2__model_config.context_length-1024,CPHL,H,medium,168,1.9084801928093498,0.8567344255019782,0.7997536550408862,0.6396059087512569,0.6049068284587019,0.018134519457817078,Climate,2.2276216946589162,1.0,0.1013115681707859,0.8567344255019782,14.32655744980218
chronos2__model_config.context_length-2048,CPHL,H,medium,168,1.8270603741779807,0.820184315208751,0.7184941441050677,0.5162338351132738,0.6049068284587019,0.02572418935596943,Climate,2.2276216946589162,1.0,0.1013115681707859,0.820184315208751,17.9815684791249
chronos2__model_config.context_length-4096,CPHL,H,medium,168,1.8417847255790012,0.8267942128571374,0.7529000452373573,0.5668584781184147,0.6049068284587019,0.042199510615319014,Climate,2.2276216946589162,1.0,0.1013115681707859,0.8267942128571374,17.32057871428626
chronos2__model_config.context_length-512,CPHL,H,medium,168,2.0415819309667222,0.9164850278939847,0.7971786943240153,0.6354938706841419,0.6049068284587019,0.018296219408512115,Climate,2.2276216946589162,1.0,0.1013115681707859,0.9164850278939847,8.351497210601533
chronos2__model_config.context_length-8192,CPHL,H,medium,168,1.8356686518765377,0.8240486507551307,0.7463910255879903,0.557099563078292,0.6049068284587019,0.07365771569311619,Climate,2.2276216946589162,1.0,0.1013115681707859,0.8240486507551307,17.59513492448693
chronos2__model_config.context_length-1024,CPHL,H,short,24,1.2554534595075206,0.8070821258302109,0.8144632923446068,0.6633504545768165,0.9459225828742138,0.49604762345552444,Climate,1.5555461077967614,1.0,0.4137184591963887,0.8070821258302109,19.291787416978913
chronos2__model_config.context_length-2048,CPHL,H,short,24,1.2507627956862315,0.8040666807734695,0.8324451568721924,0.692964939199969,0.9459225828742138,0.34270839765667915,Climate,1.5555461077967614,1.0,0.4137184591963887,0.8040666807734695,19.593331922653046
chronos2__model_config.context_length-4096,CPHL,H,short,24,1.2463106254917533,0.8012045539794369,0.8268512080499593,0.6836829202536769,0.9459225828742138,0.5562803139910102,Climate,1.5555461077967614,1.0,0.4137184591963887,0.8012045539794369,19.87954460205631
chronos2__model_config.context_length-512,CPHL,H,short,24,1.2529311696141938,0.805460643907763,0.7563212814440192,0.5720218807651234,0.9459225828742138,0.30428933165967464,Climate,1.5555461077967614,1.0,0.4137184591963887,0.805460643907763,19.453935609223706
chronos2__model_config.context_length-8192,CPHL,H,short,24,1.242231586401445,0.7985822986378156,0.823487584800338,0.6781318023202939,0.9459225828742138,0.5668168030679226,Climate,1.5555461077967614,1.0,0.4137184591963887,0.7985822986378156,20.14177013621844
chronos_bolt__model_config.context_length-1024,CPHL,H,long,336,2.206187057473418,0.8739929375694954,0.9922391138661181,0.9845384590858193,1.3278778683794659,0.23623532056808472,Climate,2.524261882033793,1.0,0.07477753702551126,0.8739929375694954,12.600706243050464
chronos_bolt__model_config.context_length-128,CPHL,H,long,336,2.339849298089435,0.9269439572585958,0.9208454626153638,0.8479563660193034,1.3278778683794659,0.12430114578455687,Climate,2.524261882033793,1.0,0.07477753702551126,0.9269439572585958,7.30560427414042
chronos_bolt__model_config.context_length-2048,CPHL,H,long,336,2.1537965293959545,0.853238146455963,0.838506938916045,0.703093886610356,1.3278778683794659,0.37278577871620655,Climate,2.524261882033793,1.0,0.07477753702551126,0.853238146455963,14.676185354403703
chronos_bolt__model_config.context_length-256,CPHL,H,long,336,2.307774189834354,0.914237229607486,1.1136068263980037,1.2401201638002337,1.3278778683794659,0.13626634515821934,Climate,2.524261882033793,1.0,0.07477753702551126,0.914237229607486,8.576277039251401
chronos_bolt__model_config.context_length-512,CPHL,H,long,336,2.294229093273524,0.908871266330365,1.1065280897836898,1.2244044134803413,1.3278778683794659,0.16735158301889896,Climate,2.524261882033793,1.0,0.07477753702551126,0.908871266330365,9.112873366963504
chronos_bolt__model_config.context_length-1024,CPHL,H,medium,168,2.0020520050341277,0.8987396782112383,0.830473013972217,0.6896854269360981,0.6049068284587019,0.1904193051159382,Climate,2.2276216946589162,1.0,0.1013115681707859,0.8987396782112383,10.126032178876166
chronos_bolt__model_config.context_length-128,CPHL,H,medium,168,2.02321006671551,0.9082377279618365,0.8020738429804739,0.6433224495934659,0.6049068284587019,0.09200873924419284,Climate,2.2276216946589162,1.0,0.1013115681707859,0.9082377279618365,9.176227203816346
chronos_bolt__model_config.context_length-2048,CPHL,H,medium,168,1.9464693816144993,0.8737881240254909,0.8771552998162625,0.7694014199957573,0.6049068284587019,0.32639265805482864,Climate,2.2276216946589162,1.0,0.1013115681707859,0.8737881240254909,12.621187597450911
chronos_bolt__model_config.context_length-256,CPHL,H,medium,168,2.1445618765726295,0.9627136787698575,1.145889133757774,1.3130619068641414,0.6049068284587019,0.10640936344861984,Climate,2.2276216946589162,1.0,0.1013115681707859,0.9627136787698575,3.7286321230142527
chronos_bolt__model_config.context_length-512,CPHL,H,medium,168,2.0676290743936123,0.928177831698752,0.7991932760410934,0.6387098924692952,0.6049068284587019,0.13142122887074947,Climate,2.2276216946589162,1.0,0.1013115681707859,0.928177831698752,7.1822168301247995
chronos_bolt__model_config.context_length-1024,CPHL,H,short,24,1.3240948758527316,0.8512090186308576,0.8649734755435767,0.7481791133939346,0.9459225828742138,0.36289973743259907,Climate,1.5555461077967614,1.0,0.4137184591963887,0.8512090186308576,14.879098136914237
chronos_bolt__model_config.context_length-128,CPHL,H,short,24,1.3109085235828686,0.8427320264004313,0.8247546513147523,0.6802202348653188,0.9459225828742138,0.32405494432896376,Climate,1.5555461077967614,1.0,0.4137184591963887,0.8427320264004313,15.726797359956867
chronos_bolt__model_config.context_length-2048,CPHL,H,short,24,1.316102276045098,0.8460708875477784,0.8662887053598273,0.7504561210340057,0.9459225828742138,0.38814013451337814,Climate,1.5555461077967614,1.0,0.4137184591963887,0.8460708875477784,15.392911245222162
chronos_bolt__model_config.context_length-256,CPHL,H,short,24,1.3106106172057956,0.8425405139948654,0.8170998577787971,0.6676521775821305,0.9459225828742138,0.3251677919179201,Climate,1.5555461077967614,1.0,0.4137184591963887,0.8425405139948654,15.74594860051346
chronos_bolt__model_config.context_length-512,CPHL,H,short,24,1.3220979204430134,0.8499252537847313,0.8274321576556171,0.68464397552263,0.9459225828742138,0.3207534644752741,Climate,1.5555461077967614,1.0,0.4137184591963887,0.8499252537847313,15.007474621526873
ts_icl__model_config.context_length-1024,CPHL,H,long,336,2.0390948466545784,0.8077984543393268,0.7028691201515888,0.4940250000626686,1.3278778683794659,0.06648469902575016,Climate,2.524261882033793,1.0,0.07477753702551126,0.8077984543393268,19.220154566067315
ts_icl__model_config.context_length-2048,CPHL,H,long,336,2.0378160224371427,0.8072918412075684,0.658707447561724,0.4338955014732814,1.3278778683794659,0.17063650116324425,Climate,2.524261882033793,1.0,0.07477753702551126,0.8072918412075684,19.270815879243163
ts_icl__model_config.context_length-256,CPHL,H,long,336,2.1876217989606745,0.8666382099776873,0.89295361508127,0.797366158686709,1.3278778683794659,0.042701042257249355,Climate,2.524261882033793,1.0,0.07477753702551126,0.8666382099776873,13.336179002231274
ts_icl__model_config.context_length-4096,CPHL,H,long,336,2.0108007570754864,0.7965895976907863,0.655035583452054,0.4290716155883728,1.3278778683794659,0.24786362051963806,Climate,2.524261882033793,1.0,0.07477753702551126,0.7965895976907863,20.34104023092137
ts_icl__model_config.context_length-512,CPHL,H,long,336,2.228456404390375,0.8828150598205412,0.8749863121794306,0.7656010465013598,1.3278778683794659,0.04807032644748688,Climate,2.524261882033793,1.0,0.07477753702551126,0.8828150598205412,11.71849401794588
ts_icl__model_config.context_length-1024,CPHL,H,medium,168,1.8482244238863959,0.829685053040116,0.8108340526301093,0.657451860904567,0.6049068284587019,0.09230513125658035,Climate,2.2276216946589162,1.0,0.1013115681707859,0.829685053040116,17.031494695988403
ts_icl__model_config.context_length-2048,CPHL,H,medium,168,1.8045151747786154,0.8100635664957083,0.7322004020846286,0.5361174288128917,0.6049068284587019,0.3238035701215267,Climate,2.2276216946589162,1.0,0.1013115681707859,0.8100635664957083,18.993643350429167
ts_icl__model_config.context_length-256,CPHL,H,medium,168,1.9419492821212772,0.8717590095200702,0.7713209410814733,0.5949359941508097,0.6049068284587019,0.056779437232762575,Climate,2.2276216946589162,1.0,0.1013115681707859,0.8717590095200702,12.824099047992977
ts_icl__model_config.context_length-4096,CPHL,H,medium,168,1.8097602851403476,0.8124181450914852,0.7277884497448394,0.5296760275819965,0.6049068284587019,0.48359216563403606,Climate,2.2276216946589162,1.0,0.1013115681707859,0.8124181450914852,18.758185490851474
ts_icl__model_config.context_length-512,CPHL,H,medium,168,1.9999753890347625,0.8978074660657271,0.8273464131762069,0.6845020873955349,0.6049068284587019,0.06676042638719082,Climate,2.2276216946589162,1.0,0.1013115681707859,0.8978074660657271,10.219253393427286
ts_icl__model_config.context_length-1024,CPHL,H,short,24,1.2436758775479397,0.7995107771568744,0.813913405559694,0.662455031749779,0.9459225828742138,0.6128844674676657,Climate,1.5555461077967614,1.0,0.4137184591963887,0.7995107771568744,20.048922284312564
ts_icl__model_config.context_length-2048,CPHL,H,short,24,1.237220501202693,0.7953608671587772,0.8242561762876222,0.6793982441482916,0.9459225828742138,1.4160337876528502,Climate,1.5555461077967614,1.0,0.4137184591963887,0.7953608671587772,20.46391328412228
ts_icl__model_config.context_length-256,CPHL,H,short,24,1.24482979397911,0.8002525850823268,0.7654013325288556,0.5858391998369478,0.9459225828742138,0.3521052491851151,Climate,1.5555461077967614,1.0,0.4137184591963887,0.8002525850823268,19.974741491767322
ts_icl__model_config.context_length-4096,CPHL,H,short,24,1.239956715693167,0.7971198728717931,0.8214185015739649,0.6747283547280178,0.9459225828742138,2.8996472787111998,Climate,1.5555461077967614,1.0,0.4137184591963887,0.7971198728717931,20.28801271282069
ts_icl__model_config.context_length-512,CPHL,H,short,24,1.2417045712191412,0.7982435011057706,0.7653372675629736,0.5857411331207586,0.9459225828742138,0.42731176875531673,Climate,1.5555461077967614,1.0,0.4137184591963887,0.7982435011057706,20.175649889422942
chronos2__model_config.context_length-1024,Coastal_T_S,15T,long,288,1.388250340537347,0.8711931713371117,1.0947260159579089,1.1984250500150757,1.3306993853637727,0.07556134089827538,Climate,1.5935046166703226,1.0,0.7146508358418941,0.8711931713371117,12.88068286628883
chronos2__model_config.context_length-2048,Coastal_T_S,15T,long,288,1.381332515045637,0.8668519065429344,1.066398685042821,1.1372061554610577,1.3306993853637727,0.11669154092669487,Climate,1.5935046166703226,1.0,0.7146508358418941,0.8668519065429344,13.314809345706557
chronos2__model_config.context_length-4096,Coastal_T_S,15T,long,288,1.379729042656724,0.8658456512913723,1.0759809206936464,1.1577349416967468,1.3306993853637727,0.1984232938848436,Climate,1.5935046166703226,1.0,0.7146508358418941,0.8658456512913723,13.415434870862775
chronos2__model_config.context_length-512,Coastal_T_S,15T,long,288,1.3553050909661635,0.8505184589914245,1.0610376807321003,1.1258009599333543,1.3306993853637727,0.05597542226314545,Climate,1.5935046166703226,1.0,0.7146508358418941,0.8505184589914245,14.948154100857547
chronos2__model_config.context_length-8192,Coastal_T_S,15T,long,288,1.3875581107601154,0.8707587642007973,1.0881091527396196,1.1839815282757329,1.3306993853637727,0.3506093304604292,Climate,1.5935046166703226,1.0,0.7146508358418941,0.8707587642007973,12.924123579920266
chronos2__model_config.context_length-1024,Coastal_T_S,15T,medium,96,1.2552668769226487,0.8646958731003519,1.0709765081243388,1.1469906809542019,1.2834579947320974,0.1651272550225258,Climate,1.4516859811322,1.0,1.338175474666059,0.8646958731003519,13.53041268996481
chronos2__model_config.context_length-2048,Coastal_T_S,15T,medium,96,1.2469487141591924,0.858965871659566,1.0741888072155403,1.1538815935471454,1.2834579947320974,0.2963391337543726,Climate,1.4516859811322,1.0,1.338175474666059,0.858965871659566,14.103412834043406
chronos2__model_config.context_length-4096,Coastal_T_S,15T,medium,96,1.2465876689898292,0.8587171641745756,1.0744520355051264,1.1544471766011095,1.2834579947320974,0.5425868891179562,Climate,1.4516859811322,1.0,1.338175474666059,0.8587171641745756,14.128283582542444
chronos2__model_config.context_length-512,Coastal_T_S,15T,medium,96,1.2557547768710555,0.8650319650339713,1.0740219540300386,1.1535231577385023,1.2834579947320974,0.11956143751740456,Climate,1.4516859811322,1.0,1.338175474666059,0.8650319650339713,13.496803496602872
chronos2__model_config.context_length-8192,Coastal_T_S,15T,medium,96,1.249904498327334,0.8610019760282506,1.0713332032773761,1.1477548324445639,1.2834579947320974,1.0279200077056885,Climate,1.4516859811322,1.0,1.338175474666059,0.8610019760282506,13.899802397174943
chronos2__model_config.context_length-1024,Coastal_T_S,15T,short,12,1.127956378901236,0.7789883820943628,1.1380876027879074,1.2952433916195258,1.6108624064484944,1.3317845668643713,Climate,1.447975868226236,1.0,7.751331891864538,0.7789883820943628,22.101161790563715
chronos2__model_config.context_length-2048,Coastal_T_S,15T,short,12,1.1272692016005204,0.7785138042261851,1.137823972756352,1.2946433929790475,1.6108624064484944,2.589381840080023,Climate,1.447975868226236,1.0,7.751331891864538,0.7785138042261851,22.14861957738149
chronos2__model_config.context_length-4096,Coastal_T_S,15T,short,12,1.1287743300095334,0.7795532748707179,1.1404009591634072,1.300514347660819,1.6108624064484944,4.537372276186943,Climate,1.447975868226236,1.0,7.751331891864538,0.7795532748707179,22.04467251292821
chronos2__model_config.context_length-512,Coastal_T_S,15T,short,12,1.1294515583247713,0.7800209817780627,1.1447025251683873,1.3103438711268822,1.6108624064484944,0.9122738353908062,Climate,1.447975868226236,1.0,7.751331891864538,0.7800209817780627,21.997901822193732
chronos2__model_config.context_length-8192,Coastal_T_S,15T,short,12,1.1305421467327808,0.7807741631203355,1.1399986256225172,1.299596866421228,1.6108624064484944,8.464062424376607,Climate,1.447975868226236,1.0,7.751331891864538,0.7807741631203355,21.922583687966444
chronos_bolt__model_config.context_length-1024,Coastal_T_S,15T,long,288,1.411785706836631,0.8859627340061312,1.0753466734463124,1.15637046809205,1.3306993853637727,1.61217206902802,Climate,1.5935046166703226,1.0,0.7146508358418941,0.8859627340061312,11.403726599386877
chronos_bolt__model_config.context_length-128,Coastal_T_S,15T,long,288,1.410453523894815,0.885126725796378,1.0640180354997757,1.132134379868802,1.3306993853637727,0.6193572720512748,Climate,1.5935046166703226,1.0,0.7146508358418941,0.885126725796378,11.487327420362202
chronos_bolt__model_config.context_length-2048,Coastal_T_S,15T,long,288,1.3758704254220318,0.8634241853010478,1.0563493057927515,1.115873855848828,1.3306993853637727,2.8232949674129486,Climate,1.5935046166703226,1.0,0.7146508358418941,0.8634241853010478,13.65758146989522
chronos_bolt__model_config.context_length-256,Coastal_T_S,15T,long,288,1.3969701001772288,0.8766652355838424,1.068019132042898,1.140664866409665,1.3306993853637727,0.7249217834323645,Climate,1.5935046166703226,1.0,0.7146508358418941,0.8766652355838424,12.333476441615765
chronos_bolt__model_config.context_length-512,Coastal_T_S,15T,long,288,1.4138227400623862,0.8872410693209115,1.0803121137142073,1.1670742630376585,1.3306993853637727,1.0027297716587782,Climate,1.5935046166703226,1.0,0.7146508358418941,0.8872410693209115,11.275893067908848
chronos_bolt__model_config.context_length-1024,Coastal_T_S,15T,medium,96,1.2703406737486362,0.8750795215077238,1.0669793525919962,1.1384449388576354,1.2834579947320974,1.3337215557694435,Climate,1.4516859811322,1.0,1.338175474666059,0.8750795215077238,12.492047849227617
chronos_bolt__model_config.context_length-128,Coastal_T_S,15T,medium,96,1.2978348943375144,0.8940190311167061,1.0866703562318343,1.1808524631130215,1.2834579947320974,0.6419483860954642,Climate,1.4516859811322,1.0,1.338175474666059,0.8940190311167061,10.598096888329389
chronos_bolt__model_config.context_length-2048,Coastal_T_S,15T,medium,96,1.2546875781987985,0.8642968207354607,1.0661573169195302,1.1366914244210515,1.2834579947320974,2.395723542198539,Climate,1.4516859811322,1.0,1.338175474666059,0.8642968207354607,13.570317926453935
chronos_bolt__model_config.context_length-256,Coastal_T_S,15T,medium,96,1.2820608457480365,0.8831530113338496,1.0768822268328029,1.1596753304683762,1.2834579947320974,0.7210247367620468,Climate,1.4516859811322,1.0,1.338175474666059,0.8831530113338496,11.68469886661504
chronos_bolt__model_config.context_length-512,Coastal_T_S,15T,medium,96,1.2825241599776216,0.8834721672915476,1.0691507864726757,1.143083404215141,1.2834579947320974,0.8477368950843811,Climate,1.4516859811322,1.0,1.338175474666059,0.8834721672915476,11.652783270845235
chronos_bolt__model_config.context_length-1024,Coastal_T_S,15T,short,12,1.1379204497320063,0.7858697611624935,1.1329814454071578,1.2836469556368926,1.6108624064484944,2.352312272414565,Climate,1.447975868226236,1.0,7.751331891864538,0.7858697611624935,21.413023883750647
chronos_bolt__model_config.context_length-128,Coastal_T_S,15T,short,12,1.1449270432919922,0.7907086495125936,1.1433432409251354,1.3072337665691924,1.6108624064484944,2.1190687138587236,Climate,1.447975868226236,1.0,7.751331891864538,0.7907086495125936,20.929135048740644
chronos_bolt__model_config.context_length-2048,Coastal_T_S,15T,short,12,1.1376097055054408,0.7856551552195463,1.131899817222922,1.2811971962292843,1.6108624064484944,3.0665638092905283,Climate,1.447975868226236,1.0,7.751331891864538,0.7856551552195463,21.43448447804537
chronos_bolt__model_config.context_length-256,Coastal_T_S,15T,short,12,1.139768465329903,0.7871460362983219,1.1422273754554284,1.304683377239796,1.6108624064484944,2.110628629103303,Climate,1.447975868226236,1.0,7.751331891864538,0.7871460362983219,21.28539637016781
chronos_bolt__model_config.context_length-512,Coastal_T_S,15T,short,12,1.1368961420738575,0.7851623545816065,1.1356987523818238,1.2898116561616313,1.6108624064484944,2.110695969313383,Climate,1.447975868226236,1.0,7.751331891864538,0.7851623545816065,21.483764541839346
ts_icl__model_config.context_length-1024,Coastal_T_S,15T,long,288,1.3830914054411358,0.8679556939917428,1.0438063844909118,1.0895317683039891,1.3306993853637727,0.38527214154601097,Climate,1.5935046166703226,1.0,0.7146508358418941,0.8679556939917428,13.204430600825724
ts_icl__model_config.context_length-2048,Coastal_T_S,15T,long,288,1.394550021143209,0.8751465207908619,1.0612979569777425,1.1263533534851302,1.3306993853637727,0.7510083429515362,Climate,1.5935046166703226,1.0,0.7146508358418941,0.8751465207908619,12.485347920913814
ts_icl__model_config.context_length-256,Coastal_T_S,15T,long,288,1.4196690040784943,0.8909098782813298,1.0992727474179023,1.208400573215703,1.3306993853637727,0.20567558286711574,Climate,1.5935046166703226,1.0,0.7146508358418941,0.8909098782813298,10.909012171867015
ts_icl__model_config.context_length-4096,Coastal_T_S,15T,long,288,1.3953221482634197,0.8756310673131206,1.0627287840070623,1.1293924683571293,1.3306993853637727,1.9119928572326899,Climate,1.5935046166703226,1.0,0.7146508358418941,0.8756310673131206,12.436893268687943
ts_icl__model_config.context_length-512,Coastal_T_S,15T,long,288,1.3979918075979252,0.8773064056250257,1.0921248478202015,1.1927366832262982,1.3306993853637727,0.2561852037906647,Climate,1.5935046166703226,1.0,0.7146508358418941,0.8773064056250257,12.269359437497428
ts_icl__model_config.context_length-1024,Coastal_T_S,15T,medium,96,1.262827881141465,0.8699043026898692,1.0731252231999306,1.151597744667901,1.2834579947320974,0.9779410772025585,Climate,1.4516859811322,1.0,1.338175474666059,0.8699043026898692,13.009569731013082
ts_icl__model_config.context_length-2048,Coastal_T_S,15T,medium,96,1.2662783258181924,0.8722811560325159,1.085690633472004,1.1787241516088416,1.2834579947320974,2.06026291847229,Climate,1.4516859811322,1.0,1.338175474666059,0.8722811560325159,12.771884396748412
ts_icl__model_config.context_length-256,Coastal_T_S,15T,medium,96,1.278742669836208,0.8808672718867824,1.0854452962306718,1.178191491109291,1.2834579947320974,0.4426528802141547,Climate,1.4516859811322,1.0,1.338175474666059,0.8808672718867824,11.913272811321763
ts_icl__model_config.context_length-4096,Coastal_T_S,15T,medium,96,1.2690630394887432,0.874199417768693,1.091372934587032,1.19109488234911,1.2834579947320974,5.435451876372099,Climate,1.4516859811322,1.0,1.338175474666059,0.874199417768693,12.580058223130697
ts_icl__model_config.context_length-512,Coastal_T_S,15T,medium,96,1.271247710634439,0.8757043376853213,1.0814094142437987,1.1694463212151158,1.2834579947320974,0.5997720137238503,Climate,1.4516859811322,1.0,1.338175474666059,0.8757043376853213,12.42956623146787
ts_icl__model_config.context_length-1024,Coastal_T_S,15T,short,12,1.141019555083094,0.7880100629583267,1.1772697033683537,1.3859639544690112,1.6108624064484944,6.624687168747187,Climate,1.447975868226236,1.0,7.751331891864538,0.7880100629583267,21.198993704167336
ts_icl__model_config.context_length-2048,Coastal_T_S,15T,short,12,1.1405260685323357,0.7876692516495286,1.1825764571575705,1.398487077023351,1.6108624064484944,15.639126190915704,Climate,1.447975868226236,1.0,7.751331891864538,0.7876692516495286,21.233074835047137
ts_icl__model_config.context_length-256,Coastal_T_S,15T,short,12,1.1465372817468171,0.791820711177542,1.1964817699284758,1.4315686257711782,1.6108624064484944,3.0206388873048127,Climate,1.447975868226236,1.0,7.751331891864538,0.791820711177542,20.817928882245795
ts_icl__model_config.context_length-4096,Coastal_T_S,15T,short,12,1.142890894709768,0.7893024461172853,1.1848235279347754,1.4038067923478075,1.6108624064484944,42.8503374774009,Climate,1.447975868226236,1.0,7.751331891864538,0.7893024461172853,21.06975538827147
ts_icl__model_config.context_length-512,Coastal_T_S,15T,short,12,1.1421979912786098,0.788823913673228,1.1803517563204184,1.3932302686486966,1.6108624064484944,3.7969467248767614,Climate,1.447975868226236,1.0,7.751331891864538,0.788823913673228,21.117608632677197
chronos2__model_config.context_length-1024,Coastal_T_S,20T,long,216,1.703097730301255,0.926712050663122,1.4715954673765361,2.1655932196031658,1.7356310305571765,0.042314762249588966,Climate,1.837785242009726,1.0,0.11135085113346577,0.926712050663122,7.328794933687799
chronos2__model_config.context_length-2048,Coastal_T_S,20T,long,216,1.561994618698674,0.8499331603025286,1.5609496088697283,2.436563681430558,1.7356310305571765,0.059914661571383476,Climate,1.837785242009726,1.0,0.11135085113346577,0.8499331603025286,15.006683969747137
chronos2__model_config.context_length-4096,Coastal_T_S,20T,long,216,1.4304203039078922,0.7783392048265899,1.1598057373247543,1.3451493483314172,1.7356310305571765,0.06326899770647287,Climate,1.837785242009726,1.0,0.11135085113346577,0.7783392048265899,22.166079517341007
chronos2__model_config.context_length-512,Coastal_T_S,20T,long,216,1.8294665310405496,0.9954735130204444,1.5902251434159658,2.528816006752329,1.7356310305571765,0.04315465874969959,Climate,1.837785242009726,1.0,0.11135085113346577,0.9954735130204444,0.45264869795555995
chronos2__model_config.context_length-8192,Coastal_T_S,20T,long,216,1.4010791372080962,0.7623737013340763,1.0382638711302885,1.0779918660944523,1.7356310305571765,0.09668299555778503,Climate,1.837785242009726,1.0,0.11135085113346577,0.7623737013340763,23.762629866592366
chronos2__model_config.context_length-1024,Coastal_T_S,20T,medium,72,1.049202974341325,0.8179193023252801,0.6360049006201853,0.40450223361289184,0.8089647179022766,0.032649269327521324,Climate,1.2827707713444634,1.0,0.2132205916568637,0.8179193023252801,18.20806976747199
chronos2__model_config.context_length-2048,Coastal_T_S,20T,medium,72,0.9211509078349037,0.718094712174843,0.6195149977317778,0.38379883241460455,0.8089647179022766,0.056894201785326004,Climate,1.2827707713444634,1.0,0.2132205916568637,0.718094712174843,28.1905287825157
chronos2__model_config.context_length-4096,Coastal_T_S,20T,medium,72,0.9440051090866264,0.7359109906263462,0.6071776562097093,0.368664706200316,0.8089647179022766,0.10949190193787217,Climate,1.2827707713444634,1.0,0.2132205916568637,0.7359109906263462,26.408900937365377
chronos2__model_config.context_length-512,Coastal_T_S,20T,medium,72,1.034676042463729,0.8065946508738205,0.6449244888253564,0.41592759628664716,0.8089647179022766,0.022129900753498077,Climate,1.2827707713444634,1.0,0.2132205916568637,0.8065946508738205,19.340534912617947
chronos2__model_config.context_length-8192,Coastal_T_S,20T,medium,72,0.9893873247652253,0.7712892645100224,0.6390491723308408,0.4083838446567327,0.8089647179022766,0.2022194229066372,Climate,1.2827707713444634,1.0,0.2132205916568637,0.7712892645100224,22.871073548997757
chronos2__model_config.context_length-1024,Coastal_T_S,20T,short,9,0.4247354579698039,0.33228109199481093,0.3830764569928223,0.14674757190217363,1.391596656960766,0.4068017229437828,Climate,1.2782414293270614,1.0,1.2665154142305255,0.33228109199481093,66.7718908005189
chronos2__model_config.context_length-2048,Coastal_T_S,20T,short,9,0.407988850591002,0.3191798053406784,0.3742231873295466,0.14004299393508493,1.391596656960766,0.5885230265557766,Climate,1.2782414293270614,1.0,1.2665154142305255,0.3191798053406784,68.08201946593215
chronos2__model_config.context_length-4096,Coastal_T_S,20T,short,9,0.4121756648164214,0.32245525403867875,0.36699811456876197,0.13468761609702612,1.391596656960766,0.9956078659743071,Climate,1.2782414293270614,1.0,1.2665154142305255,0.32245525403867875,67.75447459613213
chronos2__model_config.context_length-512,Coastal_T_S,20T,short,9,0.45226763383292456,0.3538201966048181,0.38686811204850613,0.14966693611997547,1.391596656960766,0.3213756512850523,Climate,1.2782414293270614,1.0,1.2665154142305255,0.3538201966048181,64.61798033951818
chronos2__model_config.context_length-8192,Coastal_T_S,20T,short,9,0.4837238683743286,0.3784291897259098,0.40475140646475044,0.16382370103519364,1.391596656960766,2.1360551230609417,Climate,1.2782414293270614,1.0,1.2665154142305255,0.3784291897259098,62.15708102740902
chronos_bolt__model_config.context_length-1024,Coastal_T_S,20T,long,216,2.4361936004408027,1.3256138664911044,1.2177215584755186,1.482845793976046,1.7356310305571765,0.22852372378110886,Climate,1.837785242009726,1.0,0.11135085113346577,1.3256138664911044,-32.56138664911043
chronos_bolt__model_config.context_length-128,Coastal_T_S,20T,long,216,2.615492524773471,1.4231763673938727,1.0650807813528926,1.1343970708072881,1.7356310305571765,0.09420633129775524,Climate,1.837785242009726,1.0,0.11135085113346577,1.4231763673938727,-42.31763673938727
chronos_bolt__model_config.context_length-2048,Coastal_T_S,20T,long,216,2.370452159975281,1.289841764853358,1.2342614465608033,1.5234013184663666,1.7356310305571765,0.4281912259757519,Climate,1.837785242009726,1.0,0.11135085113346577,1.289841764853358,-28.9841764853358
chronos_bolt__model_config.context_length-256,Coastal_T_S,20T,long,216,2.2979779564081664,1.250406143154786,0.999773111951525,0.9995462753812364,1.7356310305571765,0.11111767031252384,Climate,1.837785242009726,1.0,0.11135085113346577,1.250406143154786,-25.040614315478592
chronos_bolt__model_config.context_length-512,Coastal_T_S,20T,long,216,2.5753286089547536,1.4013218465822919,1.106657100479909,1.2246899380425995,1.7356310305571765,0.14235566556453705,Climate,1.837785242009726,1.0,0.11135085113346577,1.4013218465822919,-40.132184658229185
chronos_bolt__model_config.context_length-1024,Coastal_T_S,20T,medium,72,1.776409107403916,1.384821939419522,0.7843533701213881,0.6152102092207792,0.8089647179022766,0.28478623554110527,Climate,1.2827707713444634,1.0,0.2132205916568637,1.384821939419522,-38.482193941952204
chronos_bolt__model_config.context_length-128,Coastal_T_S,20T,medium,72,2.220709713600709,1.731182034396682,1.134179119565456,1.286362275258273,0.8089647179022766,0.14698019716888666,Climate,1.2827707713444634,1.0,0.2132205916568637,1.731182034396682,-73.11820343966819
chronos_bolt__model_config.context_length-2048,Coastal_T_S,20T,medium,72,1.7547628129002864,1.3679472997822761,0.7389592289151671,0.5460607419988983,0.8089647179022766,0.4748418051749468,Climate,1.2827707713444634,1.0,0.2132205916568637,1.3679472997822761,-36.794729978227615
chronos_bolt__model_config.context_length-256,Coastal_T_S,20T,medium,72,1.974588574784911,1.5393152220917523,0.9219059903440885,0.8499106550323147,0.8089647179022766,0.16226917877793312,Climate,1.2827707713444634,1.0,0.2132205916568637,1.5393152220917523,-53.93152220917523
chronos_bolt__model_config.context_length-512,Coastal_T_S,20T,medium,72,1.8913440425525607,1.4744209057478412,0.7248193599408758,0.5253631045451008,0.8089647179022766,0.19271790236234665,Climate,1.2827707713444634,1.0,0.2132205916568637,1.4744209057478412,-47.442090574784125
chronos_bolt__model_config.context_length-1024,Coastal_T_S,20T,short,9,0.6375754221625826,0.49879107931765154,0.5540558212980417,0.30697785311424747,1.391596656960766,0.6370185930281878,Climate,1.2782414293270614,1.0,1.2665154142305255,0.49879107931765154,50.120892068234845
chronos_bolt__model_config.context_length-128,Coastal_T_S,20T,short,9,0.6550997941774986,0.5125008305530985,0.6140124620532461,0.37701130355668905,1.391596656960766,0.5907362448051572,Climate,1.2782414293270614,1.0,1.2665154142305255,0.5125008305530985,48.749916944690156
chronos_bolt__model_config.context_length-2048,Coastal_T_S,20T,short,9,0.6111656872978505,0.47813008816308095,0.5266911393309351,0.2774035562497185,1.391596656960766,0.751269519329071,Climate,1.2782414293270614,1.0,1.2665154142305255,0.47813008816308095,52.1869911836919
chronos_bolt__model_config.context_length-256,Coastal_T_S,20T,short,9,0.6087186208712713,0.47621568735394154,0.5861799432624912,0.3436069258832174,1.391596656960766,0.5939457081258297,Climate,1.2782414293270614,1.0,1.2665154142305255,0.47621568735394154,52.37843126460584
chronos_bolt__model_config.context_length-512,Coastal_T_S,20T,short,9,0.6343437265060493,0.49626284358503675,0.5674367936838356,0.3219845148261918,1.391596656960766,0.591677300632,Climate,1.2782414293270614,1.0,1.2665154142305255,0.49626284358503675,50.37371564149633
ts_icl__model_config.context_length-1024,Coastal_T_S,20T,long,216,1.743163268070423,0.9485130407098991,1.2972512087993033,1.6828606987312535,1.7356310305571765,0.08621352538466454,Climate,1.837785242009726,1.0,0.11135085113346577,0.9485130407098991,5.148695929010094
ts_icl__model_config.context_length-2048,Coastal_T_S,20T,long,216,1.8421459327017173,1.0023727966643277,1.2457594917411678,1.5519167112632126,1.7356310305571765,0.16299861297011375,Climate,1.837785242009726,1.0,0.11135085113346577,1.0023727966643277,-0.23727966643276588
ts_icl__model_config.context_length-256,Coastal_T_S,20T,long,216,2.2946884617691796,1.248616219847213,1.1055800787898642,1.2223073106170024,1.7356310305571765,0.05440422939136624,Climate,1.837785242009726,1.0,0.11135085113346577,1.248616219847213,-24.861621984721303
ts_icl__model_config.context_length-4096,Coastal_T_S,20T,long,216,1.746738194256302,0.9504582768039541,1.2230793355572167,1.4959230610670826,1.7356310305571765,0.3791468534618616,Climate,1.837785242009726,1.0,0.11135085113346577,0.9504582768039541,4.954172319604588
ts_icl__model_config.context_length-512,Coastal_T_S,20T,long,216,1.9434167605698578,1.0574776182469598,1.4244798556353284,2.0291428591108462,1.7356310305571765,0.06101353093981743,Climate,1.837785242009726,1.0,0.11135085113346577,1.0574776182469598,-5.747761824695985
ts_icl__model_config.context_length-1024,Coastal_T_S,20T,medium,72,1.166780560451526,0.9095783802655802,0.6779699078603554,0.4596431959641788,0.8089647179022766,0.2071383036673069,Climate,1.2827707713444634,1.0,0.2132205916568637,0.9095783802655802,9.042161973441976
ts_icl__model_config.context_length-2048,Coastal_T_S,20T,medium,72,1.2101180991624403,0.9433627006437976,0.7558672741474394,0.5713353361270802,0.8089647179022766,0.4143099822103977,Climate,1.2827707713444634,1.0,0.2132205916568637,0.9433627006437976,5.663729935620243
ts_icl__model_config.context_length-256,Coastal_T_S,20T,medium,72,1.5176557444473846,1.183107518778854,0.6569070915866221,0.4315269269767946,0.8089647179022766,0.10243941796943545,Climate,1.2827707713444634,1.0,0.2132205916568637,1.183107518778854,-18.3107518778854
ts_icl__model_config.context_length-4096,Coastal_T_S,20T,medium,72,1.2496745099830937,0.9741993954799253,0.79962746015091,0.6394040750273952,0.8089647179022766,1.0852820705622435,Climate,1.2827707713444634,1.0,0.2132205916568637,0.9741993954799253,2.580060452007471
ts_icl__model_config.context_length-512,Coastal_T_S,20T,medium,72,1.224382465895013,0.9544826661522278,0.667390194386103,0.44540967156272043,0.8089647179022766,0.12917936779558659,Climate,1.2827707713444634,1.0,0.2132205916568637,0.9544826661522278,4.551733384777224
ts_icl__model_config.context_length-1024,Coastal_T_S,20T,short,9,0.5175591588724757,0.4048993773773614,0.45055026506040413,0.2029955413460004,1.391596656960766,1.4820003751665354,Climate,1.2782414293270614,1.0,1.2665154142305255,0.4048993773773614,59.51006226226385
ts_icl__model_config.context_length-2048,Coastal_T_S,20T,short,9,0.5258794340951446,0.41140853521857546,0.4567958906077624,0.20866248567613882,1.391596656960766,3.220678260549903,Climate,1.2782414293270614,1.0,1.2665154142305255,0.41140853521857546,58.859146478142456
ts_icl__model_config.context_length-256,Coastal_T_S,20T,short,9,0.5197539183484305,0.406616392196002,0.4775458278929056,0.22805001773792064,1.391596656960766,0.9843072313815355,Climate,1.2782414293270614,1.0,1.2665154142305255,0.406616392196002,59.3383607803998
ts_icl__model_config.context_length-4096,Coastal_T_S,20T,short,9,0.5645352327609865,0.4416499260692792,0.48722191787216823,0.23738519725503385,1.391596656960766,8.664289716631174,Climate,1.2782414293270614,1.0,1.2665154142305255,0.4416499260692792,55.835007393072075
ts_icl__model_config.context_length-512,Coastal_T_S,20T,short,9,0.5066357226894695,0.3963537020985083,0.4483181631899455,0.2009891754460066,1.391596656960766,0.9108324516564608,Climate,1.2782414293270614,1.0,1.2665154142305255,0.3963537020985083,60.36462979014917
chronos2__model_config.context_length-1024,Coastal_T_S,5T,long,864,1.336696511900192,0.9025489117568459,1.2168682064134597,1.4807682317799105,1.8076699969987622,0.47958061657845974,Climate,1.4810239029575263,1.0,6.789144224487245,0.9025489117568459,9.745108824315407
chronos2__model_config.context_length-2048,Coastal_T_S,5T,long,864,1.2437897056808243,0.8398174419717617,1.0876762832322098,1.1830396971058341,1.8076699969987622,0.6097984071820974,Climate,1.4810239029575263,1.0,6.789144224487245,0.8398174419717617,16.018255802823834
chronos2__model_config.context_length-4096,Coastal_T_S,5T,long,864,1.2609860050491057,0.8514285303099993,1.064055898135666,1.132214954357299,1.8076699969987622,0.8579666521400213,Climate,1.4810239029575263,1.0,6.789144224487245,0.8514285303099993,14.857146969000068
chronos2__model_config.context_length-512,Coastal_T_S,5T,long,864,1.3487081974181134,0.9106593045019831,1.1827347965597284,1.398861598993182,1.8076699969987622,0.3938045371323824,Climate,1.4810239029575263,1.0,6.789144224487245,0.9106593045019831,8.934069549801693
chronos2__model_config.context_length-8192,Coastal_T_S,5T,long,864,1.252382036034176,0.8456190568789844,1.0629670684043102,1.1298989885120536,1.8076699969987622,1.5193266943097115,Climate,1.4810239029575263,1.0,6.789144224487245,0.8456190568789844,15.438094312101558
chronos2__model_config.context_length-1024,Coastal_T_S,5T,medium,288,1.0361146555944432,0.8478383624389239,1.0199766115112434,1.040352288029958,1.3691485194510418,0.8056488391011953,Climate,1.222066258731106,1.0,10.081392582505941,0.8478383624389239,15.216163756107616
chronos2__model_config.context_length-2048,Coastal_T_S,5T,medium,288,1.007346627728468,0.8242978811757838,0.9819591468546641,0.9642437660915398,1.3691485194510418,1.3082123138010502,Climate,1.222066258731106,1.0,10.081392582505941,0.8242978811757838,17.570211882421617
chronos2__model_config.context_length-4096,Coastal_T_S,5T,medium,288,1.017259852809125,0.83240973682177,0.9797042020882318,0.9598203235893391,1.3691485194510418,2.2243723617866635,Climate,1.222066258731106,1.0,10.081392582505941,0.83240973682177,16.759026317823
chronos2__model_config.context_length-512,Coastal_T_S,5T,medium,288,1.0607427401409144,0.8679911850625049,1.0176989695657757,1.0357111926552414,1.3691485194510418,0.592619301751256,Climate,1.222066258731106,1.0,10.081392582505941,0.8679911850625049,13.200881493749506
chronos2__model_config.context_length-8192,Coastal_T_S,5T,medium,288,1.030877263252768,0.8435526763689123,1.0289278420307564,1.0586925041060693,1.3691485194510418,3.965130276978016,Climate,1.222066258731106,1.0,10.081392582505941,0.8435526763689123,15.644732363108771
chronos2__model_config.context_length-1024,Coastal_T_S,5T,short,36,0.7894743351543577,0.6480619997383202,0.9699626017992343,0.94082744888914,1.685129568284737,4.565227510407567,Climate,1.2182080348379292,1.0,47.6121036214754,0.6480619997383202,35.19380002616798
chronos2__model_config.context_length-2048,Coastal_T_S,5T,short,36,0.7836889987318624,0.6433129451786325,0.9703910131756612,0.9416587184520864,1.685129568284737,8.36988796107471,Climate,1.2182080348379292,1.0,47.6121036214754,0.6433129451786325,35.66870548213675
chronos2__model_config.context_length-4096,Coastal_T_S,5T,short,36,0.7857868204173036,0.6450350005463927,0.974284447891889,0.9492301854040028,1.685129568284737,16.21139162965119,Climate,1.2182080348379292,1.0,47.6121036214754,0.6450350005463927,35.496499945360725
chronos2__model_config.context_length-512,Coastal_T_S,5T,short,36,0.7998616409395869,0.6565887090426232,0.9704691517273902,0.9418103744544803,1.685129568284737,3.0200554188340902,Climate,1.2182080348379292,1.0,47.6121036214754,0.6565887090426232,34.34112909573768
chronos2__model_config.context_length-8192,Coastal_T_S,5T,short,36,0.7896222491456418,0.6481834190583823,0.9763084538059924,0.9531781969730476,1.685129568284737,30.047637129202485,Climate,1.2182080348379292,1.0,47.6121036214754,0.6481834190583823,35.18165809416177
chronos_bolt__model_config.context_length-1024,Coastal_T_S,5T,long,864,1.3615128207031986,0.9193050956060396,1.1475341559627537,1.3168346391011494,1.8076699969987622,22.30381099693477,Climate,1.4810239029575263,1.0,6.789144224487245,0.9193050956060396,8.069490439396043
chronos_bolt__model_config.context_length-128,Coastal_T_S,5T,long,864,1.4781590074624227,0.9980655980707789,1.2000365384120153,1.4400876935238924,1.8076699969987622,9.740012164693326,Climate,1.4810239029575263,1.0,6.789144224487245,0.9980655980707789,0.1934401929221119
chronos_bolt__model_config.context_length-2048,Coastal_T_S,5T,long,864,1.3666070271612945,0.9227447473550242,1.1964248883542792,1.4314325134735495,1.8076699969987622,32.01086649298668,Climate,1.4810239029575263,1.0,6.789144224487245,0.9227447473550242,7.725525264497579
chronos_bolt__model_config.context_length-256,Coastal_T_S,5T,long,864,1.4534787552711412,0.9814012808089195,1.1567746749961547,1.3381276487124592,1.8076699969987622,11.470379631966352,Climate,1.4810239029575263,1.0,6.789144224487245,0.9814012808089195,1.859871919108047
chronos_bolt__model_config.context_length-512,Coastal_T_S,5T,long,864,1.4862485964505923,1.0035277577104815,1.9953029255151291,3.9812337645692333,1.8076699969987622,14.906636647880077,Climate,1.4810239029575263,1.0,6.789144224487245,1.0035277577104815,-0.3527757710481527
chronos_bolt__model_config.context_length-1024,Coastal_T_S,5T,medium,288,1.1013748915633461,0.901239915343808,1.0114482230148647,1.0230275078399274,1.3691485194510418,17.35097236558795,Climate,1.222066258731106,1.0,10.081392582505941,0.901239915343808,9.8760084656192
chronos_bolt__model_config.context_length-128,Coastal_T_S,5T,medium,288,1.2487524823227307,1.021836969477689,1.048138200469774,1.098593687284016,1.3691485194510418,6.506050383206457,Climate,1.222066258731106,1.0,10.081392582505941,1.021836969477689,-2.1836969477688983
chronos_bolt__model_config.context_length-2048,Coastal_T_S,5T,medium,288,1.0933035912750042,0.8946352814046282,1.0173260361135275,1.0349522637544624,1.3691485194510418,30.488290609791875,Climate,1.222066258731106,1.0,10.081392582505941,0.8946352814046282,10.536471859537178
chronos_bolt__model_config.context_length-256,Coastal_T_S,5T,medium,288,1.1892259985013844,0.9731272670404794,1.0390542584537827,1.0796337520109405,1.3691485194510418,7.660625321790576,Climate,1.222066258731106,1.0,10.081392582505941,0.9731272670404794,2.687273295952064
chronos_bolt__model_config.context_length-512,Coastal_T_S,5T,medium,288,1.103457939453854,0.9029444447632445,1.0453080633542566,1.0926689473134266,1.3691485194510418,10.725922359153628,Climate,1.222066258731106,1.0,10.081392582505941,0.9029444447632445,9.705555523675546
chronos_bolt__model_config.context_length-1024,Coastal_T_S,5T,short,36,0.8243632151011341,0.676701508713007,0.9811142069270699,0.9625850870341333,1.685129568284737,7.952134046703577,Climate,1.2182080348379292,1.0,47.6121036214754,0.676701508713007,32.329849128699294
chronos_bolt__model_config.context_length-128,Coastal_T_S,5T,short,36,0.9108512067877779,0.7476975859127032,1.0172636933530692,1.0348254218143274,1.685129568284737,7.274837790057063,Climate,1.2182080348379292,1.0,47.6121036214754,0.7476975859127032,25.230241408729682
chronos_bolt__model_config.context_length-2048,Coastal_T_S,5T,short,36,0.8188563892682863,0.6721810773290682,0.9877799442439955,0.9757092182506709,1.685129568284737,10.255428086966276,Climate,1.2182080348379292,1.0,47.6121036214754,0.6721810773290682,32.781892267093184
chronos_bolt__model_config.context_length-256,Coastal_T_S,5T,short,36,0.8631520883619029,0.7085424358383394,0.98303501752458,0.9663578456795513,1.685129568284737,7.269295919686556,Climate,1.2182080348379292,1.0,47.6121036214754,0.7085424358383394,29.14575641616606
chronos_bolt__model_config.context_length-512,Coastal_T_S,5T,short,36,0.8273742516349004,0.6791732019276778,0.9787664164276741,0.9579836979266713,1.685129568284737,7.161602955311537,Climate,1.2182080348379292,1.0,47.6121036214754,0.6791732019276778,32.08267980723222
ts_icl__model_config.context_length-1024,Coastal_T_S,5T,long,864,1.3836908552857283,0.9342798941479411,1.1301104345830177,1.2771495943534172,1.8076699969987622,2.9687604792416096,Climate,1.4810239029575263,1.0,6.789144224487245,0.9342798941479411,6.57201058520589
ts_icl__model_config.context_length-2048,Coastal_T_S,5T,long,864,1.4111830145618014,0.9528428351114008,1.177942841929735,1.387549338853501,1.8076699969987622,5.757258070632815,Climate,1.4810239029575263,1.0,6.789144224487245,0.9528428351114008,4.715716488859922
ts_icl__model_config.context_length-256,Coastal_T_S,5T,long,864,1.4359387588957306,0.9695581253133302,1.1189427860954757,1.2520329585551055,1.8076699969987622,1.503845915198326,Climate,1.4810239029575263,1.0,6.789144224487245,0.9695581253133302,3.044187468666981
ts_icl__model_config.context_length-4096,Coastal_T_S,5T,long,864,1.3854049722183888,0.9354372805542223,1.1512137753414318,1.3252931565358725,1.8076699969987622,14.308263497427106,Climate,1.4810239029575263,1.0,6.789144224487245,0.9354372805542223,6.456271944577773
ts_icl__model_config.context_length-512,Coastal_T_S,5T,long,864,1.3510540597667198,0.9122432508136677,1.0995715125546552,1.2090575112217326,1.8076699969987622,1.951936636120081,Climate,1.4810239029575263,1.0,6.789144224487245,0.9122432508136677,8.775674918633225
ts_icl__model_config.context_length-1024,Coastal_T_S,5T,medium,288,1.0516797011713563,0.8605750250099654,0.986448213189251,0.973080077304266,1.3691485194510418,3.9892484433948994,Climate,1.222066258731106,1.0,10.081392582505941,0.8605750250099654,13.942497499003458
ts_icl__model_config.context_length-2048,Coastal_T_S,5T,medium,288,1.052089036323933,0.8609099783315649,0.9687152898629676,0.9384093128142933,1.3691485194510418,8.067020321264863,Climate,1.222066258731106,1.0,10.081392582505941,0.8609099783315649,13.909002166843509
ts_icl__model_config.context_length-256,Coastal_T_S,5T,medium,288,1.2409244415766545,1.01543139147392,1.09176967381838,1.191961020669492,1.3691485194510418,2.0504180947318673,Climate,1.222066258731106,1.0,10.081392582505941,1.01543139147392,-1.543139147391992
ts_icl__model_config.context_length-4096,Coastal_T_S,5T,medium,288,1.0366148259413028,0.848247644949824,0.9630163514867381,0.9274004932308287,1.3691485194510418,20.696109298616648,Climate,1.222066258731106,1.0,10.081392582505941,0.848247644949824,15.175235505017604
ts_icl__model_config.context_length-512,Coastal_T_S,5T,medium,288,1.058530158535308,0.8661806599867993,0.9903148962462214,0.9807235937271642,1.3691485194510418,2.563506729900837,Climate,1.222066258731106,1.0,10.081392582505941,0.8661806599867993,13.381934001320072
ts_icl__model_config.context_length-1024,Coastal_T_S,5T,short,36,0.8050590521308276,0.6608551487988937,0.9798067497337073,0.9600212668237317,1.685129568284737,26.328922104090452,Climate,1.2182080348379292,1.0,47.6121036214754,0.6608551487988937,33.914485120110626
ts_icl__model_config.context_length-2048,Coastal_T_S,5T,short,36,0.8096687892266164,0.6646391799035664,0.98090577920545,0.9621761476786509,1.685129568284737,56.32594707980752,Climate,1.2182080348379292,1.0,47.6121036214754,0.6646391799035664,33.536082009643366
ts_icl__model_config.context_length-256,Coastal_T_S,5T,short,36,0.8549680648387449,0.7018243521538504,0.9985959134871489,0.9971937984332334,1.685129568284737,10.844930263701826,Climate,1.2182080348379292,1.0,47.6121036214754,0.7018243521538504,29.81756478461496
ts_icl__model_config.context_length-4096,Coastal_T_S,5T,short,36,0.811580262149247,0.6662082656984116,0.97879065939408,0.9580311549170981,1.685129568284737,154.12839032895863,Climate,1.2182080348379292,1.0,47.6121036214754,0.6662082656984116,33.379173430158836
ts_icl__model_config.context_length-512,Coastal_T_S,5T,short,36,0.8163350899508057,0.670111398550586,0.9896350194799677,0.9793774717811161,1.685129568284737,14.78622810728848,Climate,1.2182080348379292,1.0,47.6121036214754,0.670111398550586,32.9888601449414
chronos2__model_config.context_length-1024,Coastal_T_S,H,long,336,2.6130404721331715,0.9872397478313605,3.5235404691467123,12.415337437714633,9.314770885075767,0.1324074137955904,Climate,2.646814492501095,1.0,1.3289766171947122,0.9872397478313605,1.2760252168639519
chronos2__model_config.context_length-2048,Coastal_T_S,H,long,336,2.5021981357355503,0.9453621108788436,3.4262367461807246,11.73909824087908,9.314770885075767,0.21748981438577175,Climate,2.646814492501095,1.0,1.3289766171947122,0.9453621108788436,5.463788912115641
chronos2__model_config.context_length-4096,Coastal_T_S,H,long,336,2.298948845709404,0.8685719578091864,3.253727784795336,10.586744497549164,9.314770885075767,0.36933332215994596,Climate,2.646814492501095,1.0,1.3289766171947122,0.8685719578091864,13.142804219081361
chronos2__model_config.context_length-512,Coastal_T_S,H,long,336,2.5408693565217795,0.9599725873197849,3.196341842385699,10.216601173385603,9.314770885075767,0.09306046739220619,Climate,2.646814492501095,1.0,1.3289766171947122,0.9599725873197849,4.002741268021515
chronos2__model_config.context_length-8192,Coastal_T_S,H,long,336,2.2993970749811012,0.8687413044985622,3.270865420000294,10.698560595753698,9.314770885075767,0.6621697284281254,Climate,2.646814492501095,1.0,1.3289766171947122,0.8687413044985622,13.125869550143776
chronos2__model_config.context_length-1024,Coastal_T_S,H,medium,168,1.7039112162841765,0.8291541497801397,1.6645411959373728,2.7706973929726195,3.0797064254343613,0.21505936421453953,Climate,2.05499932278695,1.0,1.804201859049499,0.8291541497801397,17.084585021986033
chronos2__model_config.context_length-2048,Coastal_T_S,H,medium,168,1.6599965085400787,0.8077844552711695,1.6736838997137808,2.801217796161129,3.0797064254343613,0.38967300578951836,Climate,2.05499932278695,1.0,1.804201859049499,0.8077844552711695,19.22155447288305
chronos2__model_config.context_length-4096,Coastal_T_S,H,medium,168,1.6152486144512244,0.7860093171518205,1.573987170049059,2.477435611479046,3.0797064254343613,0.7099872408434749,Climate,2.05499932278695,1.0,1.804201859049499,0.7860093171518205,21.399068284817947
chronos2__model_config.context_length-512,Coastal_T_S,H,medium,168,1.8106816429152413,0.881110578887992,1.9001774918569805,3.610674500559885,3.0797064254343613,0.15524942427873611,Climate,2.05499932278695,1.0,1.804201859049499,0.881110578887992,11.888942111200794
chronos2__model_config.context_length-8192,Coastal_T_S,H,medium,168,1.6186084008630783,0.787644250251116,1.5734960211707336,2.4758897286401296,3.0797064254343613,1.214174997061491,Climate,2.05499932278695,1.0,1.804201859049499,0.787644250251116,21.235574974888404
chronos2__model_config.context_length-1024,Coastal_T_S,H,short,24,0.9060724612148625,0.7519673769080589,1.5203637932706988,2.3115060638884684,2.6970812724109106,1.4854761827737093,Climate,1.204935864293014,1.0,7.276267562992871,0.7519673769080589,24.803262309194107
chronos2__model_config.context_length-2048,Coastal_T_S,H,short,24,0.9031213737216471,0.7495182112879892,1.5174401226974574,2.3026245259720746,2.6970812724109106,2.640843791887164,Climate,1.204935864293014,1.0,7.276267562992871,0.7495182112879892,25.048178871201078
chronos2__model_config.context_length-4096,Coastal_T_S,H,short,24,0.9134041670976728,0.7580521039877961,1.5214136247863972,2.314699417685684,2.6970812724109106,4.913728781044483,Climate,1.204935864293014,1.0,7.276267562992871,0.7580521039877961,24.19478960122039
chronos2__model_config.context_length-512,Coastal_T_S,H,short,24,0.9104168661534557,0.7555728841116662,1.5161632319084501,2.298750945791077,2.6970812724109106,1.0025544464588165,Climate,1.204935864293014,1.0,7.276267562992871,0.7555728841116662,24.442711588833376
chronos2__model_config.context_length-8192,Coastal_T_S,H,short,24,0.9170105849553357,0.7610451411813391,1.5165902284567034,2.300045921050356,2.6970812724109106,6.408431950956583,Climate,1.204935864293014,1.0,7.276267562992871,0.7610451411813391,23.895485881866087
chronos_bolt__model_config.context_length-1024,Coastal_T_S,H,long,336,2.471691589549686,0.9338363517928574,3.066485229742736,9.403331664230361,9.314770885075767,3.9251371026039124,Climate,2.646814492501095,1.0,1.3289766171947122,0.9338363517928574,6.61636482071426
chronos_bolt__model_config.context_length-128,Coastal_T_S,H,long,336,2.5290184593436007,0.9554951684406928,3.2400241205574236,10.497756301793906,9.314770885075767,1.4404158359393477,Climate,2.646814492501095,1.0,1.3289766171947122,0.9554951684406928,4.450483155930717
chronos_bolt__model_config.context_length-2048,Coastal_T_S,H,long,336,2.403046401752879,0.9079013314159889,3.082862745184153,9.504042705644373,9.314770885075767,6.687999840825796,Climate,2.646814492501095,1.0,1.3289766171947122,0.9079013314159889,9.209866858401107
chronos_bolt__model_config.context_length-256,Coastal_T_S,H,long,336,2.636078053815906,0.9959436376385246,3.280209363447996,10.759773468051907,9.314770885075767,1.6747549306601286,Climate,2.646814492501095,1.0,1.3289766171947122,0.9959436376385246,0.40563623614754407
chronos_bolt__model_config.context_length-512,Coastal_T_S,H,long,336,2.6015062656491175,0.9828819787029488,3.233742879833634,10.457093012874724,9.314770885075767,2.4138145856559277,Climate,2.646814492501095,1.0,1.3289766171947122,0.9828819787029488,1.71180212970512
chronos_bolt__model_config.context_length-1024,Coastal_T_S,H,medium,168,1.7952779115861728,0.873614843410971,1.5650262614212043,2.4493071989380315,3.0797064254343613,2.993115782737732,Climate,2.05499932278695,1.0,1.804201859049499,0.873614843410971,12.638515658902904
chronos_bolt__model_config.context_length-128,Coastal_T_S,H,medium,168,1.942651123270294,0.9453293252845011,1.5873877655932525,2.5197999183551385,3.0797064254343613,1.2169366981834173,Climate,2.05499932278695,1.0,1.804201859049499,0.9453293252845011,5.467067471549891
chronos_bolt__model_config.context_length-2048,Coastal_T_S,H,medium,168,1.744121568445221,0.8487212375719313,1.5067842447478743,2.2703987602204223,3.0797064254343613,5.581457830965519,Climate,2.05499932278695,1.0,1.804201859049499,0.8487212375719313,15.12787624280687
chronos_bolt__model_config.context_length-256,Coastal_T_S,H,medium,168,1.9421666095075136,0.9450935520862289,1.6696020446912088,2.787570987637065,3.0797064254343613,1.4109605327248573,Climate,2.05499932278695,1.0,1.804201859049499,0.9450935520862289,5.490644791377108
chronos_bolt__model_config.context_length-512,Coastal_T_S,H,medium,168,1.8988758339767717,0.9240274743261488,1.7678142415216815,3.125167192526878,3.0797064254343613,1.8754575829952955,Climate,2.05499932278695,1.0,1.804201859049499,0.9240274743261488,7.597252567385116
chronos_bolt__model_config.context_length-1024,Coastal_T_S,H,short,24,0.9754059141779295,0.8095085747574132,1.5443427004915615,2.384994376561569,2.6970812724109106,2.615693086758256,Climate,1.204935864293014,1.0,7.276267562992871,0.8095085747574132,19.049142524258677
chronos_bolt__model_config.context_length-128,Coastal_T_S,H,short,24,1.0419708074044522,0.8647520903660876,1.5163206856888463,2.299228421847893,2.6970812724109106,2.342550621367991,Climate,1.204935864293014,1.0,7.276267562992871,0.8647520903660876,13.524790963391242
chronos_bolt__model_config.context_length-2048,Coastal_T_S,H,short,24,0.9819445754980096,0.8149351385388113,1.5453785426098658,2.388194839958993,2.6970812724109106,3.269550969824195,Climate,1.204935864293014,1.0,7.276267562992871,0.8149351385388113,18.506486146118874
chronos_bolt__model_config.context_length-256,Coastal_T_S,H,short,24,1.0321960804825157,0.8566398520207946,1.5190853165624703,2.3076201989957004,2.6970812724109106,2.3126755114644766,Climate,1.204935864293014,1.0,7.276267562992871,0.8566398520207946,14.336014797920537
chronos_bolt__model_config.context_length-512,Coastal_T_S,H,short,24,0.9901406580785878,0.8217372288603465,1.525694439717889,2.3277435233860833,2.6970812724109106,2.310125660151243,Climate,1.204935864293014,1.0,7.276267562992871,0.8217372288603465,17.82627711396535
ts_icl__model_config.context_length-1024,Coastal_T_S,H,long,336,2.370899834862908,0.8957559517601618,3.191619746112161,10.186436603773055,9.314770885075767,0.7038511130958796,Climate,2.646814492501095,1.0,1.3289766171947122,0.8957559517601618,10.424404823983824
ts_icl__model_config.context_length-2048,Coastal_T_S,H,long,336,2.3712932015385526,0.8959045706666847,3.1323227978118386,9.811446109691785,9.314770885075767,1.4477065168321133,Climate,2.646814492501095,1.0,1.3289766171947122,0.8959045706666847,10.409542933331528
ts_icl__model_config.context_length-256,Coastal_T_S,H,long,336,2.489669210682699,0.9406285244909997,3.149535155895412,9.919571698221137,9.314770885075767,0.36353634018450975,Climate,2.646814492501095,1.0,1.3289766171947122,0.9406285244909997,5.937147550900034
ts_icl__model_config.context_length-4096,Coastal_T_S,H,long,336,2.333693521642404,0.8816989359300323,3.155265365007714,9.95569952361726,9.314770885075767,4.476094203069806,Climate,2.646814492501095,1.0,1.3289766171947122,0.8816989359300323,11.830106406996766
ts_icl__model_config.context_length-512,Coastal_T_S,H,long,336,2.422087786587836,0.915095407498353,3.212730051051851,10.321634380931627,9.314770885075767,0.4566876459866762,Climate,2.646814492501095,1.0,1.3289766171947122,0.915095407498353,8.490459250164694
ts_icl__model_config.context_length-1024,Coastal_T_S,H,medium,168,1.6626737756503727,0.8090872620802069,1.5050304352595427,2.265116611057529,3.0797064254343613,1.2462293226271868,Climate,2.05499932278695,1.0,1.804201859049499,0.8090872620802069,19.09127379197931
ts_icl__model_config.context_length-2048,Coastal_T_S,H,medium,168,1.6305682373077568,0.793464123918256,1.4665452264214223,2.1507549011394604,3.0797064254343613,2.670282641425729,Climate,2.05499932278695,1.0,1.804201859049499,0.793464123918256,20.653587608174394
ts_icl__model_config.context_length-256,Coastal_T_S,H,medium,168,1.7716371471129777,0.8621108179784303,1.5881492474599614,2.5222180322076415,3.0797064254343613,0.5668315370567143,Climate,2.05499932278695,1.0,1.804201859049499,0.8621108179784303,13.788918202156975
ts_icl__model_config.context_length-4096,Coastal_T_S,H,medium,168,1.6379611443059245,0.797061646757408,1.5057726269213727,2.2673512039856916,3.0797064254343613,8.489614337682724,Climate,2.05499932278695,1.0,1.804201859049499,0.797061646757408,20.293835324259202
ts_icl__model_config.context_length-512,Coastal_T_S,H,medium,168,1.725598091182622,0.8397073770527571,1.5981523250160654,2.5540908539542557,3.0797064254343613,0.7678830605000257,Climate,2.05499932278695,1.0,1.804201859049499,0.8397073770527571,16.02926229472429
ts_icl__model_config.context_length-1024,Coastal_T_S,H,short,24,0.9256710088607687,0.7682325975116513,1.517310988072354,2.3022326345251036,2.6970812724109106,7.490672413259745,Climate,1.204935864293014,1.0,7.276267562992871,0.7682325975116513,23.17674024883487
ts_icl__model_config.context_length-2048,Coastal_T_S,H,short,24,0.9308152016810062,0.7725018644267463,1.5307827271172052,2.3432957576403877,2.6970812724109106,17.472555020824075,Climate,1.204935864293014,1.0,7.276267562992871,0.7725018644267463,22.74981355732537
ts_icl__model_config.context_length-256,Coastal_T_S,H,short,24,0.9372988938747067,0.7778828082477726,1.5095736562991362,2.2788126237923425,2.6970812724109106,3.3690841821953654,Climate,1.204935864293014,1.0,7.276267562992871,0.7778828082477726,22.211719175222743
ts_icl__model_config.context_length-4096,Coastal_T_S,H,short,24,0.9437669634863203,0.7832507865803029,1.508582454592123,2.2758210223031945,2.6970812724109106,52.34654906578362,Climate,1.204935864293014,1.0,7.276267562992871,0.7832507865803029,21.67492134196971
ts_icl__model_config.context_length-512,Coastal_T_S,H,short,24,0.9265321036885272,0.7689472370649058,1.5146480363560084,2.2941586740371123,2.6970812724109106,4.628682116046548,Climate,1.204935864293014,1.0,7.276267562992871,0.7689472370649058,23.105276293509426
chronos2__model_config.context_length-1024,Commodity_Import,M,short,12,1.4666912228731408,0.7998762262222356,1.6153883059886074,2.6094793791247426,4.658598925947419,0.24347934499382973,Economics,1.8336477254740147,1.0,0.23737083096057177,0.7998762262222356,20.012377377776435
chronos2__model_config.context_length-2048,Commodity_Import,M,short,12,1.4590158630789132,0.7956903841503931,1.6016277886445178,2.565211573358328,4.658598925947419,0.2411259040236473,Economics,1.8336477254740147,1.0,0.23737083096057177,0.7956903841503931,20.430961584960695
chronos2__model_config.context_length-4096,Commodity_Import,M,short,12,1.4590158630789132,0.7956903841503931,1.6016277886445178,2.565211573358328,4.658598925947419,0.2818148541264236,Economics,1.8336477254740147,1.0,0.23737083096057177,0.7956903841503931,20.430961584960695
chronos2__model_config.context_length-512,Commodity_Import,M,short,12,1.4405135041341788,0.7855999187421853,1.6130304712247374,2.601867301099498,4.658598925947419,0.24274485744535923,Economics,1.8336477254740147,1.0,0.23737083096057177,0.7855999187421853,21.440008125781475
chronos2__model_config.context_length-8192,Commodity_Import,M,short,12,1.4590158630789132,0.7956903841503931,1.6016277886445178,2.565211573358328,4.658598925947419,0.24540367536246777,Economics,1.8336477254740147,1.0,0.23737083096057177,0.7956903841503931,20.430961584960695
chronos_bolt__model_config.context_length-1024,Commodity_Import,M,short,12,1.528388148439712,0.8335233246858306,1.6961625238475242,2.876967307304803,4.658598925947419,0.26952207274734974,Economics,1.8336477254740147,1.0,0.23737083096057177,0.8335233246858306,16.647667531416943
chronos_bolt__model_config.context_length-128,Commodity_Import,M,short,12,1.4015883469254056,0.7643716551733415,1.473607357060644,2.1715186427832562,4.658598925947419,0.25774980476126075,Economics,1.8336477254740147,1.0,0.23737083096057177,0.7643716551733415,23.56283448266585
chronos_bolt__model_config.context_length-2048,Commodity_Import,M,short,12,1.5321493333429275,0.8355745283335996,1.7122452683210576,2.9317838588878504,4.658598925947419,0.26930719800293446,Economics,1.8336477254740147,1.0,0.23737083096057177,0.8355745283335996,16.442547166640043
chronos_bolt__model_config.context_length-256,Commodity_Import,M,short,12,1.4569036434692026,0.7945384619025335,1.5241161373968244,2.3229300002734155,4.658598925947419,0.2713088095188141,Economics,1.8336477254740147,1.0,0.23737083096057177,0.7945384619025335,20.54615380974665
chronos_bolt__model_config.context_length-512,Commodity_Import,M,short,12,1.50006337348388,0.8180760964301907,1.593777258884392,2.540125950937046,4.658598925947419,0.26841392181813717,Economics,1.8336477254740147,1.0,0.23737083096057177,0.8180760964301907,18.192390356980926
ts_icl__model_config.context_length-1024,Commodity_Import,M,short,12,1.4390890540537984,0.7848230791886597,1.6420647563229243,2.6963766639578646,4.658598925947419,0.6561576519161463,Economics,1.8336477254740147,1.0,0.23737083096057177,0.7848230791886597,21.517692081134033
ts_icl__model_config.context_length-2048,Commodity_Import,M,short,12,1.426445685398948,0.7779278787206516,1.5916557676720682,2.5333680827637606,4.658598925947419,0.6796421818435192,Economics,1.8336477254740147,1.0,0.23737083096057177,0.7779278787206516,22.207212127934838
ts_icl__model_config.context_length-256,Commodity_Import,M,short,12,1.431615073114016,0.7807470612949554,1.5996077693377064,2.5587450157255534,4.658598925947419,0.40046558575704694,Economics,1.8336477254740147,1.0,0.23737083096057177,0.7807470612949554,21.925293870504458
ts_icl__model_config.context_length-4096,Commodity_Import,M,short,12,1.426445685398948,0.7779278787206516,1.5916557676720682,2.5333680827637606,4.658598925947419,0.6704022996127605,Economics,1.8336477254740147,1.0,0.23737083096057177,0.7779278787206516,22.207212127934838
ts_icl__model_config.context_length-512,Commodity_Import,M,short,12,1.4493782023764046,0.7904343796471196,1.647368389113165,2.7138226094493043,4.658598925947419,0.6526174657046795,Economics,1.8336477254740147,1.0,0.23737083096057177,0.7904343796471196,20.95656203528804
chronos2__model_config.context_length-1024,Commodity_Production,M,short,12,0.9052348777989669,0.741941898777288,0.5973176292754274,0.356788350243217,0.5329512558073002,0.35478002578020096,Economics,1.220088634016739,1.0,0.6614465108141303,0.741941898777288,25.8058101222712
chronos2__model_config.context_length-2048,Commodity_Production,M,short,12,0.9052348777989669,0.741941898777288,0.5973176292754274,0.356788350243217,0.5329512558073002,0.35763299092650414,Economics,1.220088634016739,1.0,0.6614465108141303,0.741941898777288,25.8058101222712
chronos2__model_config.context_length-4096,Commodity_Production,M,short,12,0.9052348777989669,0.741941898777288,0.5973176292754274,0.356788350243217,0.5329512558073002,0.3548680110834539,Economics,1.220088634016739,1.0,0.6614465108141303,0.741941898777288,25.8058101222712
chronos2__model_config.context_length-512,Commodity_Production,M,short,12,0.9068815114786911,0.7432915004650795,0.5971553266808208,0.3565944841832779,0.5329512558073002,0.3572557754814625,Economics,1.220088634016739,1.0,0.6614465108141303,0.7432915004650795,25.67084995349205
chronos2__model_config.context_length-8192,Commodity_Production,M,short,12,0.9052348777989669,0.741941898777288,0.5973176292754274,0.356788350243217,0.5329512558073002,0.35318972170352936,Economics,1.220088634016739,1.0,0.6614465108141303,0.741941898777288,25.8058101222712
chronos_bolt__model_config.context_length-1024,Commodity_Production,M,short,12,0.9385643093449965,0.7692591203436454,0.5687851465897595,0.32351654298113425,0.5329512558073002,0.3907651323825121,Economics,1.220088634016739,1.0,0.6614465108141303,0.7692591203436454,23.07408796563546
chronos_bolt__model_config.context_length-128,Commodity_Production,M,short,12,0.9575798132833271,0.7848444666932203,0.5799273142569653,0.336315689821297,0.5329512558073002,0.3882120382040739,Economics,1.220088634016739,1.0,0.6614465108141303,0.7848444666932203,21.51555333067797
chronos_bolt__model_config.context_length-2048,Commodity_Production,M,short,12,0.9385643093449965,0.7692591203436454,0.5687851465897595,0.32351654298113425,0.5329512558073002,0.3965968694537878,Economics,1.220088634016739,1.0,0.6614465108141303,0.7692591203436454,23.07408796563546
chronos_bolt__model_config.context_length-256,Commodity_Production,M,short,12,0.9366073184089541,0.76765514594254,0.5664033973563427,0.32081280853680705,0.5329512558073002,0.389809338375926,Economics,1.220088634016739,1.0,0.6614465108141303,0.76765514594254,23.234485405745996
chronos_bolt__model_config.context_length-512,Commodity_Production,M,short,12,0.9390335586915584,0.7696437230138768,0.5685325057351034,0.3232292100774353,0.5329512558073002,0.39245374873280525,Economics,1.220088634016739,1.0,0.6614465108141303,0.7696437230138768,23.035627698612316
ts_icl__model_config.context_length-1024,Commodity_Production,M,short,12,0.9422205607088643,0.7722558299776257,0.5677282457403984,0.3223153610114702,0.5329512558073002,2.0891106966882944,Economics,1.220088634016739,1.0,0.6614465108141303,0.7722558299776257,22.774417002237435
ts_icl__model_config.context_length-2048,Commodity_Production,M,short,12,0.9422205607088643,0.7722558299776257,0.5677282457403984,0.3223153610114702,0.5329512558073002,2.0751312021166086,Economics,1.220088634016739,1.0,0.6614465108141303,0.7722558299776257,22.774417002237435
ts_icl__model_config.context_length-256,Commodity_Production,M,short,12,0.932351425148374,0.7641669622631553,0.5629744199858011,0.3169401975583491,0.5329512558073002,1.8756157448515296,Economics,1.220088634016739,1.0,0.6614465108141303,0.7641669622631553,23.58330377368447
ts_icl__model_config.context_length-4096,Commodity_Production,M,short,12,0.9422205607088643,0.7722558299776257,0.5677282457403984,0.3223153610114702,0.5329512558073002,2.0405306592583656,Economics,1.220088634016739,1.0,0.6614465108141303,0.7722558299776257,22.774417002237435
ts_icl__model_config.context_length-512,Commodity_Production,M,short,12,0.942914959749519,0.7728249681707818,0.5678394456471278,0.3224416360328375,0.5329512558073002,2.040142811834812,Economics,1.220088634016739,1.0,0.6614465108141303,0.7728249681707818,22.717503182921817
chronos2__model_config.context_length-1024,Crypto,D,short,30,6.604793759429539,1.070543739332547,5.676213103575882,32.219395197206545,27.688250742146593,0.25593182630836964,Finance,6.169569272851417,1.0,0.13141694758087397,1.070543739332547,-7.054373933254698
chronos2__model_config.context_length-2048,Crypto,D,short,30,6.25717156439853,1.0141990935951717,5.267072031659308,27.742047786687706,27.688250742146593,0.2039152905344963,Finance,6.169569272851417,1.0,0.13141694758087397,1.0141990935951717,-1.4199093595171686
chronos2__model_config.context_length-4096,Crypto,D,short,30,6.229414404066677,1.0097000501280702,5.260729005933562,27.67526967387072,27.688250742146593,0.21991311106830835,Finance,6.169569272851417,1.0,0.13141694758087397,1.0097000501280702,-0.9700050128070181
chronos2__model_config.context_length-512,Crypto,D,short,30,6.408520657932051,1.0387306430178387,5.522224170620405,30.494959790584225,27.688250742146593,0.1833403781056404,Finance,6.169569272851417,1.0,0.13141694758087397,1.0387306430178387,-3.8730643017838684
chronos2__model_config.context_length-8192,Crypto,D,short,30,6.229414404066677,1.0097000501280702,5.260729005933562,27.67526967387072,27.688250742146593,0.2200229186564684,Finance,6.169569272851417,1.0,0.13141694758087397,1.0097000501280702,-0.9700050128070181
chronos_bolt__model_config.context_length-1024,Crypto,D,short,30,6.813766399527318,1.1044152514034695,4.840736866930981,23.432733414864767,27.688250742146593,0.25640545412898064,Finance,6.169569272851417,1.0,0.13141694758087397,1.1044152514034695,-10.441525140346952
chronos_bolt__model_config.context_length-128,Crypto,D,short,30,6.1071865191850625,0.989888637130494,5.042690208194256,25.42872453581823,27.688250742146593,0.4066657582297921,Finance,6.169569272851417,1.0,0.13141694758087397,0.989888637130494,1.011136286950598
chronos_bolt__model_config.context_length-2048,Crypto,D,short,30,6.650599959702402,1.0779682771320378,5.239885057850734,27.456395419487393,27.688250742146593,0.33385610952973366,Finance,6.169569272851417,1.0,0.13141694758087397,1.0779682771320378,-7.79682771320378
chronos_bolt__model_config.context_length-256,Crypto,D,short,30,6.444532092139102,1.0445675876430518,5.051638716614797,25.519053723201594,27.688250742146593,0.2695566229522228,Finance,6.169569272851417,1.0,0.13141694758087397,1.0445675876430518,-4.45675876430518
chronos_bolt__model_config.context_length-512,Crypto,D,short,30,6.763113512056713,1.096205134095362,4.797451011132384,23.015536204215127,27.688250742146593,0.257810628041625,Finance,6.169569272851417,1.0,0.13141694758087397,1.096205134095362,-9.620513409536201
ts_icl__model_config.context_length-1024,Crypto,D,short,30,6.657377360560697,1.079066798043071,5.463410182580093,29.848850823119847,27.688250742146593,0.3027069456875324,Finance,6.169569272851417,1.0,0.13141694758087397,1.079066798043071,-7.906679804307104
ts_icl__model_config.context_length-2048,Crypto,D,short,30,6.493467375365084,1.052499305573721,5.748731152738914,33.04790986647088,27.688250742146593,0.465322008356452,Finance,6.169569272851417,1.0,0.13141694758087397,1.052499305573721,-5.249930557372107
ts_icl__model_config.context_length-256,Crypto,D,short,30,7.130019759655196,1.1556754522605244,6.041952007905381,36.50518406583186,27.688250742146593,0.23252388136461377,Finance,6.169569272851417,1.0,0.13141694758087397,1.1556754522605244,-15.567545226052438
ts_icl__model_config.context_length-4096,Crypto,D,short,30,6.398672126021581,1.0371343351598803,5.831420992220647,34.00547078851163,27.688250742146593,1.0123529713600874,Finance,6.169569272851417,1.0,0.13141694758087397,1.0371343351598803,-3.7134335159880294
ts_icl__model_config.context_length-512,Crypto,D,short,30,7.015133301788021,1.1370539808439182,5.64640445824575,31.881883306097482,27.688250742146593,0.2475726120173931,Finance,6.169569272851417,1.0,0.13141694758087397,1.1370539808439182,-13.705398084391817
chronos2__model_config.context_length-1024,ECDC_COVID,D,short,30,3.324465042537479,0.9384106620025717,2.8144822324501417,7.921310236777533,9.46457225161981,0.3149259313941002,Healthcare,3.5426548068444346,1.0,0.16327598877251148,0.9384106620025717,6.158933799742828
chronos2__model_config.context_length-2048,ECDC_COVID,D,short,30,3.2510704942152295,0.9176932756570406,2.779602333137446,7.726189130383133,9.46457225161981,0.3199825994670391,Healthcare,3.5426548068444346,1.0,0.16327598877251148,0.9176932756570406,8.230672434295938
chronos2__model_config.context_length-4096,ECDC_COVID,D,short,30,3.2510704942152295,0.9176932756570406,2.779602333137446,7.726189130383133,9.46457225161981,0.24499492906033993,Healthcare,3.5426548068444346,1.0,0.16327598877251148,0.9176932756570406,8.230672434295938
chronos2__model_config.context_length-512,ECDC_COVID,D,short,30,2.9715728195826028,0.8387982972096245,2.4402401797650946,5.954772134939982,9.46457225161981,0.2699472941458225,Healthcare,3.5426548068444346,1.0,0.16327598877251148,0.8387982972096245,16.12017027903755
chronos2__model_config.context_length-8192,ECDC_COVID,D,short,30,3.2510704942152295,0.9176932756570406,2.779602333137446,7.726189130383133,9.46457225161981,0.2457923498004675,Healthcare,3.5426548068444346,1.0,0.16327598877251148,0.9176932756570406,8.230672434295938
chronos_bolt__model_config.context_length-1024,ECDC_COVID,D,short,30,3.4848410559402145,0.9836806705546012,2.8417094777705083,8.075312756050735,9.46457225161981,0.2719623576849699,Healthcare,3.5426548068444346,1.0,0.16327598877251148,0.9836806705546012,1.6319329445398822
chronos_bolt__model_config.context_length-128,ECDC_COVID,D,short,30,3.30338977659579,0.9324616584753381,3.007458575751949,9.04480708486394,9.46457225161981,0.25671757012605667,Healthcare,3.5426548068444346,1.0,0.16327598877251148,0.9324616584753381,6.753834152466187
chronos_bolt__model_config.context_length-2048,ECDC_COVID,D,short,30,3.529062284006213,0.9961631816873716,2.8679351889692692,8.225052248128199,9.46457225161981,0.2753217201679945,Healthcare,3.5426548068444346,1.0,0.16327598877251148,0.9961631816873716,0.3836818312628387
chronos_bolt__model_config.context_length-256,ECDC_COVID,D,short,30,3.2775295525912074,0.9251619848083975,2.703658262092982,7.309767998183642,9.46457225161981,0.2835551034659147,Healthcare,3.5426548068444346,1.0,0.16327598877251148,0.9251619848083975,7.483801519160249
chronos_bolt__model_config.context_length-512,ECDC_COVID,D,short,30,3.631515530558623,1.0250830884066122,2.8611484437323385,8.186170417071981,9.46457225161981,0.41031298972666264,Healthcare,3.5426548068444346,1.0,0.16327598877251148,1.0250830884066122,-2.508308840661222
ts_icl__model_config.context_length-1024,ECDC_COVID,D,short,30,3.2440149989014015,0.9157016914642492,2.639538548441357,6.967163748707906,9.46457225161981,0.7475943211466074,Healthcare,3.5426548068444346,1.0,0.16327598877251148,0.9157016914642492,8.429830853575082
ts_icl__model_config.context_length-2048,ECDC_COVID,D,short,30,3.2760216772323703,0.9247363505196929,2.719318127790975,7.394691080132613,9.46457225161981,0.7864288277924061,Healthcare,3.5426548068444346,1.0,0.16327598877251148,0.9247363505196929,7.5263649480307055
ts_icl__model_config.context_length-256,ECDC_COVID,D,short,30,3.204686385777611,0.904600239229104,2.5844495330586374,6.679379388927009,9.46457225161981,0.23817391181364655,Healthcare,3.5426548068444346,1.0,0.16327598877251148,0.904600239229104,9.539976077089596
ts_icl__model_config.context_length-4096,ECDC_COVID,D,short,30,3.2760216772323703,0.9247363505196929,2.719318127790975,7.394691080132613,9.46457225161981,0.7877018749713898,Healthcare,3.5426548068444346,1.0,0.16327598877251148,0.9247363505196929,7.5263649480307055
ts_icl__model_config.context_length-512,ECDC_COVID,D,short,30,2.980247441882054,0.8412469191534536,2.2249036886623412,4.950196423823292,9.46457225161981,0.2886841297149658,Healthcare,3.5426548068444346,1.0,0.16327598877251148,0.8412469191534536,15.875308084654637
chronos2__model_config.context_length-1024,ECDC_COVID,W,short,13,1.4613553532441703,0.9468634994013284,1.0834214880532544,1.173802120775528,2.5262185251337717,0.25961534678936005,Healthcare,1.5433643330513203,1.0,0.24623477086424828,0.9468634994013284,5.313650059867159
chronos2__model_config.context_length-2048,ECDC_COVID,W,short,13,1.4613553532441703,0.9468634994013284,1.0834214880532544,1.173802120775528,2.5262185251337717,0.2600903566926718,Healthcare,1.5433643330513203,1.0,0.24623477086424828,0.9468634994013284,5.313650059867159
chronos2__model_config.context_length-4096,ECDC_COVID,W,short,13,1.4613553532441703,0.9468634994013284,1.0834214880532544,1.173802120775528,2.5262185251337717,0.2577944886870682,Healthcare,1.5433643330513203,1.0,0.24623477086424828,0.9468634994013284,5.313650059867159
chronos2__model_config.context_length-512,ECDC_COVID,W,short,13,1.4613553532441703,0.9468634994013284,1.0834214880532544,1.173802120775528,2.5262185251337717,0.27266084402799606,Healthcare,1.5433643330513203,1.0,0.24623477086424828,0.9468634994013284,5.313650059867159
chronos2__model_config.context_length-8192,ECDC_COVID,W,short,13,1.4613553532441703,0.9468634994013284,1.0834214880532544,1.173802120775528,2.5262185251337717,0.25932865403592587,Healthcare,1.5433643330513203,1.0,0.24623477086424828,0.9468634994013284,5.313650059867159
chronos_bolt__model_config.context_length-1024,ECDC_COVID,W,short,13,1.358214699186885,0.8800350442864106,1.0784750951291076,1.1631085308137377,2.5262185251337717,0.2880139760673046,Healthcare,1.5433643330513203,1.0,0.24623477086424828,0.8800350442864106,11.996495571358945
chronos_bolt__model_config.context_length-128,ECDC_COVID,W,short,13,1.39564137599976,0.9042851037256359,1.1852219881512605,1.4047511611972268,2.5262185251337717,0.4066901281476021,Healthcare,1.5433643330513203,1.0,0.24623477086424828,0.9042851037256359,9.571489627436414
chronos_bolt__model_config.context_length-2048,ECDC_COVID,W,short,13,1.358214699186885,0.8800350442864106,1.0784750951291076,1.1631085308137377,2.5262185251337717,0.2908566854894161,Healthcare,1.5433643330513203,1.0,0.24623477086424828,0.8800350442864106,11.996495571358945
chronos_bolt__model_config.context_length-256,ECDC_COVID,W,short,13,1.358214699186885,0.8800350442864106,1.0784750951291076,1.1631085308137377,2.5262185251337717,0.44897622987627983,Healthcare,1.5433643330513203,1.0,0.24623477086424828,0.8800350442864106,11.996495571358945
chronos_bolt__model_config.context_length-512,ECDC_COVID,W,short,13,1.358214699186885,0.8800350442864106,1.0784750951291076,1.1631085308137377,2.5262185251337717,0.2955641429871321,Healthcare,1.5433643330513203,1.0,0.24623477086424828,0.8800350442864106,11.996495571358945
ts_icl__model_config.context_length-1024,ECDC_COVID,W,short,13,1.8728634975946643,1.2134940904665752,1.471044106407669,2.163970762996737,2.5262185251337717,0.9126639552414417,Healthcare,1.5433643330513203,1.0,0.24623477086424828,1.2134940904665752,-21.34940904665752
ts_icl__model_config.context_length-2048,ECDC_COVID,W,short,13,1.8728634975946643,1.2134940904665752,1.471044106407669,2.163970762996737,2.5262185251337717,0.917532529681921,Healthcare,1.5433643330513203,1.0,0.24623477086424828,1.2134940904665752,-21.34940904665752
ts_icl__model_config.context_length-256,ECDC_COVID,W,short,13,1.8728634975946643,1.2134940904665752,1.471044106407669,2.163970762996737,2.5262185251337717,0.9113153289072216,Healthcare,1.5433643330513203,1.0,0.24623477086424828,1.2134940904665752,-21.34940904665752
ts_icl__model_config.context_length-4096,ECDC_COVID,W,short,13,1.8728634975946643,1.2134940904665752,1.471044106407669,2.163970762996737,2.5262185251337717,0.9241965282708406,Healthcare,1.5433643330513203,1.0,0.24623477086424828,1.2134940904665752,-21.34940904665752
ts_icl__model_config.context_length-512,ECDC_COVID,W,short,13,1.8728634975946643,1.2134940904665752,1.471044106407669,2.163970762996737,2.5262185251337717,0.9116334095597267,Healthcare,1.5433643330513203,1.0,0.24623477086424828,1.2134940904665752,-21.34940904665752
chronos2__model_config.context_length-1024,EWELD_Load,15T,long,672,0.7339936546876784,0.7542928487147906,0.405692138449134,0.16458611119943128,0.237943187485963,0.032977113500237465,Energy,0.9730884442803625,1.0,0.3245005141943693,0.7542928487147906,24.570715128520938
chronos2__model_config.context_length-2048,EWELD_Load,15T,long,672,0.736502167141356,0.7568707361292617,0.43024249490257466,0.18510860441999197,0.237943187485963,0.041195860132575035,Energy,0.9730884442803625,1.0,0.3245005141943693,0.7568707361292617,24.31292638707383
chronos2__model_config.context_length-4096,EWELD_Load,15T,long,672,0.7672370517513688,0.7884556190766103,0.4691588223714789,0.22011000060899288,0.237943187485963,0.06428094627335668,Energy,0.9730884442803625,1.0,0.3245005141943693,0.7884556190766103,21.154438092338967
chronos2__model_config.context_length-512,EWELD_Load,15T,long,672,0.7720132187192006,0.7933638748429851,0.3889013378278115,0.15124425056426155,0.237943187485963,0.028705131262540817,Energy,0.9730884442803625,1.0,0.3245005141943693,0.7933638748429851,20.66361251570149
chronos2__model_config.context_length-8192,EWELD_Load,15T,long,672,0.7839039420360605,0.805583445825203,0.477712702578765,0.22820942620510762,0.237943187485963,0.09786627069115639,Energy,0.9730884442803625,1.0,0.3245005141943693,0.805583445825203,19.441655417479698
chronos2__model_config.context_length-1024,EWELD_Load,15T,medium,96,0.6788102390292021,0.7453322830964674,0.4053011947377363,0.16426905845583645,0.24043824963022473,0.09386517852544785,Energy,0.9107484734313388,1.0,0.8178674932569265,0.7453322830964674,25.466771690353262
chronos2__model_config.context_length-2048,EWELD_Load,15T,medium,96,0.6421823464082713,0.7051149303482037,0.3749656081753903,0.14059920731434034,0.24043824963022473,0.17407450266182423,Energy,0.9107484734313388,1.0,0.8178674932569265,0.7051149303482037,29.488506965179628
chronos2__model_config.context_length-4096,EWELD_Load,15T,medium,96,0.6444613752108457,0.7076172994095405,0.3819938184942254,0.14591927736779922,0.24043824963022473,0.3168893838301301,Energy,0.9107484734313388,1.0,0.8178674932569265,0.7076172994095405,29.238270059045945
chronos2__model_config.context_length-512,EWELD_Load,15T,medium,96,0.7102014431260106,0.7797997623320229,0.4083121424845688,0.16671880570033884,0.24043824963022473,0.05506310798227787,Energy,0.9107484734313388,1.0,0.8178674932569265,0.7797997623320229,22.020023766797713
chronos2__model_config.context_length-8192,EWELD_Load,15T,medium,96,0.6517499017231616,0.7156200869243586,0.3887161257301279,0.15110022640264062,0.24043824963022473,0.6296651549637318,Energy,0.9107484734313388,1.0,0.8178674932569265,0.7156200869243586,28.437991307564136
chronos2__model_config.context_length-1024,EWELD_Load,15T,short,24,0.5598059828734926,0.614558418693195,0.49472264173391095,0.24475049224417963,0.6284262662910528,0.4781018029898405,Energy,0.9109076791493171,1.0,2.7549216523766518,0.614558418693195,38.54415813068049
chronos2__model_config.context_length-2048,EWELD_Load,15T,short,24,0.5427070616303975,0.595787118775004,0.47636148639916653,0.2269202657244233,0.6284262662910528,0.7772413268685341,Energy,0.9109076791493171,1.0,2.7549216523766518,0.595787118775004,40.4212881224996
chronos2__model_config.context_length-4096,EWELD_Load,15T,short,24,0.5402466573351691,0.5930860719493519,0.47558293336475704,0.22617912650782693,0.6284262662910528,1.4288255241699517,Energy,0.9109076791493171,1.0,2.7549216523766518,0.5930860719493519,40.69139280506481
chronos2__model_config.context_length-512,EWELD_Load,15T,short,24,0.5852597729755333,0.6425017445479201,0.4972962277088504,0.24730353809345282,0.6284262662910528,0.3956831283867359,Energy,0.9109076791493171,1.0,2.7549216523766518,0.6425017445479201,35.74982554520799
chronos2__model_config.context_length-8192,EWELD_Load,15T,short,24,0.5410549755223345,0.5939734485800114,0.47205005577124226,0.22283125515363292,0.6284262662910528,2.9112918842583895,Energy,0.9109076791493171,1.0,2.7549216523766518,0.5939734485800114,40.60265514199885
chronos_bolt__model_config.context_length-1024,EWELD_Load,15T,long,672,0.786833187701504,0.8085937021720553,0.4567362198054814,0.208607974482201,0.237943187485963,1.2552893199026585,Energy,0.9730884442803625,1.0,0.3245005141943693,0.8085937021720553,19.14062978279447
chronos_bolt__model_config.context_length-128,EWELD_Load,15T,long,672,1.0675865160732805,1.0971114931518924,0.5555576746027806,0.3086443298100491,0.237943187485963,0.6042155539616942,Energy,0.9730884442803625,1.0,0.3245005141943693,1.0971114931518924,-9.711149315189239
chronos_bolt__model_config.context_length-2048,EWELD_Load,15T,long,672,0.7765424508227898,0.7980183665597569,0.4768922179785327,0.22742618756848437,0.237943187485963,1.8450831398367882,Energy,0.9730884442803625,1.0,0.3245005141943693,0.7980183665597569,20.198163344024312
chronos_bolt__model_config.context_length-256,EWELD_Load,15T,long,672,0.8975165351324648,0.9223380879794681,0.46056002984199723,0.21211554108806138,0.237943187485963,0.6861445028334856,Energy,0.9730884442803625,1.0,0.3245005141943693,0.9223380879794681,7.766191202053186
chronos_bolt__model_config.context_length-512,EWELD_Load,15T,long,672,0.8115405650029974,0.8339843821731578,0.3973698959391724,0.15790283419870868,0.237943187485963,0.8532468806952238,Energy,0.9730884442803625,1.0,0.3245005141943693,0.8339843821731578,16.601561782684215
chronos_bolt__model_config.context_length-1024,EWELD_Load,15T,medium,96,0.7013381874763969,0.7700679253779399,0.43483784580997353,0.18908395214865834,0.24043824963022473,0.8284246493130922,Energy,0.9107484734313388,1.0,0.8178674932569265,0.7700679253779399,22.993207462206012
chronos_bolt__model_config.context_length-128,EWELD_Load,15T,medium,96,0.9941196862358392,1.0915414247035637,0.5302985826951819,0.2812165868085187,0.24043824963022473,0.39381569903343916,Energy,0.9107484734313388,1.0,0.8178674932569265,1.0915414247035637,-9.154142470356375
chronos_bolt__model_config.context_length-2048,EWELD_Load,15T,medium,96,0.6761916492113271,0.7424570767203215,0.4183117755597538,0.17498474157195382,0.24043824963022473,1.4742144923657179,Energy,0.9107484734313388,1.0,0.8178674932569265,0.7424570767203215,25.754292327967853
chronos_bolt__model_config.context_length-256,EWELD_Load,15T,medium,96,0.8234332677794279,0.9041280790480584,0.5126637867088989,0.2628241582027074,0.24043824963022473,0.4478989206254482,Energy,0.9107484734313388,1.0,0.8178674932569265,0.9041280790480584,9.587192095194164
chronos_bolt__model_config.context_length-512,EWELD_Load,15T,medium,96,0.7609317975014325,0.8355015898457051,0.51518973451956,0.26542046255433466,0.24043824963022473,0.5266943220049143,Energy,0.9107484734313388,1.0,0.8178674932569265,0.8355015898457051,16.449841015429488
chronos_bolt__model_config.context_length-1024,EWELD_Load,15T,short,24,0.5814818712169881,0.638354340980005,0.5186398951426471,0.26898734083357595,0.6284262662910528,0.8711365088820457,Energy,0.9109076791493171,1.0,2.7549216523766518,0.638354340980005,36.1645659019995
chronos_bolt__model_config.context_length-128,EWELD_Load,15T,short,24,0.8866533087393715,0.9733734043908858,0.7723495181947447,0.5965237782556544,0.6284262662910528,0.8089517648331821,Energy,0.9109076791493171,1.0,2.7549216523766518,0.9733734043908858,2.662659560911418
chronos_bolt__model_config.context_length-2048,EWELD_Load,15T,short,24,0.570156750162608,0.6259215540866543,0.5042486701499416,0.2542667213479846,0.6284262662910528,1.0951657202094793,Energy,0.9109076791493171,1.0,2.7549216523766518,0.6259215540866543,37.40784459133457
chronos_bolt__model_config.context_length-256,EWELD_Load,15T,short,24,0.7018686823949896,0.7705157157643616,0.6416340426657849,0.4116942447076383,0.6284262662910528,0.8029819838702679,Energy,0.9109076791493171,1.0,2.7549216523766518,0.7705157157643616,22.94842842356384
chronos_bolt__model_config.context_length-512,EWELD_Load,15T,short,24,0.6343085239350916,0.6963477621875608,0.5738763768988122,0.3293340959625075,0.6284262662910528,0.801347142085433,Energy,0.9109076791493171,1.0,2.7549216523766518,0.6963477621875608,30.365223781243923
ts_icl__model_config.context_length-1024,EWELD_Load,15T,long,672,0.7437364203656587,0.7643050585352303,0.31329300005536775,0.09815250388369265,0.237943187485963,0.1562912855297327,Energy,0.9730884442803625,1.0,0.3245005141943693,0.7643050585352303,23.569494146476966
ts_icl__model_config.context_length-2048,EWELD_Load,15T,long,672,0.7492488640413211,0.7699699533431623,0.30802870388760434,0.09488168241867742,0.237943187485963,0.2587733641266823,Energy,0.9730884442803625,1.0,0.3245005141943693,0.7699699533431623,23.00300466568377
ts_icl__model_config.context_length-256,EWELD_Load,15T,long,672,1.4071418867620769,1.4460575449569892,0.8508385900160265,0.72392630626046,0.237943187485963,0.09955520322546363,Energy,0.9730884442803625,1.0,0.3245005141943693,1.4460575449569892,-44.605754495698925
ts_icl__model_config.context_length-4096,EWELD_Load,15T,long,672,0.7579333755376296,0.778894642098182,0.32588797812403386,0.10620297428577079,0.237943187485963,0.5692839566618204,Energy,0.9730884442803625,1.0,0.3245005141943693,0.778894642098182,22.110535790181796
ts_icl__model_config.context_length-512,EWELD_Load,15T,long,672,0.9550656687184123,0.9814787898593547,0.43106822548931567,0.18581981502650752,0.237943187485963,0.1214277595281601,Energy,0.9730884442803625,1.0,0.3245005141943693,0.9814787898593547,1.8521210140645339
ts_icl__model_config.context_length-1024,EWELD_Load,15T,medium,96,0.657958896469152,0.7224375507215773,0.38296227905844,0.14666010718163447,0.24043824963022473,0.6077338922768831,Energy,0.9107484734313388,1.0,0.8178674932569265,0.7224375507215773,27.756244927842268
ts_icl__model_config.context_length-2048,EWELD_Load,15T,medium,96,0.6512765643033479,0.7151003633852894,0.36118660620845855,0.13045576450438412,0.24043824963022473,1.2785133235156536,Energy,0.9107484734313388,1.0,0.8178674932569265,0.7151003633852894,28.489963661471062
ts_icl__model_config.context_length-256,EWELD_Load,15T,medium,96,0.8831141222260322,0.9696575377159938,0.5199903970020155,0.2703900129743137,0.24043824963022473,0.27959166932851076,Energy,0.9107484734313388,1.0,0.8178674932569265,0.9696575377159938,3.0342462284006166
ts_icl__model_config.context_length-4096,EWELD_Load,15T,medium,96,0.6499942144093132,0.7136923457696206,0.3601716829422542,0.1297236411934557,0.24043824963022473,3.370765732601285,Energy,0.9107484734313388,1.0,0.8178674932569265,0.7136923457696206,28.63076542303794
ts_icl__model_config.context_length-512,EWELD_Load,15T,medium,96,0.7579582798084404,0.8322366733734446,0.4205333266389365,0.17684827881401047,0.24043824963022473,0.375687500461936,Energy,0.9107484734313388,1.0,0.8178674932569265,0.8322366733734446,16.776332662655534
ts_icl__model_config.context_length-1024,EWELD_Load,15T,short,24,0.5624719381533362,0.6174851206421053,0.5002635457233426,0.2502636151796909,0.6284262662910528,2.1967361588031054,Energy,0.9109076791493171,1.0,2.7549216523766518,0.6174851206421053,38.25148793578948
ts_icl__model_config.context_length-2048,EWELD_Load,15T,short,24,0.5547592743884325,0.609018111370533,0.4833263101026988,0.23360432203749015,0.6284262662910528,5.001019433140755,Energy,0.9109076791493171,1.0,2.7549216523766518,0.609018111370533,39.09818886294671
ts_icl__model_config.context_length-256,EWELD_Load,15T,short,24,0.7780693124459063,0.8541692316970403,0.6831221914563945,0.466655928460187,0.6284262662910528,1.0655198469758034,Energy,0.9109076791493171,1.0,2.7549216523766518,0.8541692316970403,14.58307683029597
ts_icl__model_config.context_length-4096,EWELD_Load,15T,short,24,0.5592457058390135,0.6139433431511792,0.48391903234026534,0.23417762986113877,0.6284262662910528,13.493009453639388,Energy,0.9109076791493171,1.0,2.7549216523766518,0.6139433431511792,38.605665684882084
ts_icl__model_config.context_length-512,EWELD_Load,15T,short,24,0.6364389723340449,0.6986865814199805,0.561582687960992,0.31537511541749286,0.6284262662910528,1.41680396348238,Energy,0.9109076791493171,1.0,2.7549216523766518,0.6986865814199805,30.131341858001946
chronos2__model_config.context_length-1024,Finland_Traffic,15T,long,672,0.6253298217633885,0.6683576099944045,0.23847080804006004,0.05686832628727917,0.018781384922048106,0.018453503027558327,Transport,0.9356216079721509,1.0,0.06827850919216871,0.6683576099944045,33.16423900055955
chronos2__model_config.context_length-2048,Finland_Traffic,15T,long,672,0.5786461560994236,0.6184617276567294,0.2916532186991895,0.08506159997759725,0.018781384922048106,0.018579894676804543,Transport,0.9356216079721509,1.0,0.06827850919216871,0.6184617276567294,38.15382723432707
chronos2__model_config.context_length-4096,Finland_Traffic,15T,long,672,0.5862159543184277,0.6265523896877301,0.28465868058302973,0.08103056443127135,0.018781384922048106,0.018719819374382496,Transport,0.9356216079721509,1.0,0.06827850919216871,0.6265523896877301,37.344761031226994
chronos2__model_config.context_length-512,Finland_Traffic,15T,long,672,0.7117659888597004,0.7607412898493965,0.1925902804650684,0.03709101612961371,0.018781384922048106,0.018597541376948357,Transport,0.9356216079721509,1.0,0.06827850919216871,0.7607412898493965,23.925871015060352
chronos2__model_config.context_length-8192,Finland_Traffic,15T,long,672,0.592638224850232,0.6334165647741988,0.2859540958184824,0.08176974491536582,0.018781384922048106,0.027350090444087982,Transport,0.9356216079721509,1.0,0.06827850919216871,0.6334165647741988,36.65834352258012
chronos2__model_config.context_length-1024,Finland_Traffic,15T,medium,96,0.6079762272694573,0.7774868223017248,0.3647598853384303,0.13304977395210482,0.17085736839439175,0.03637353889644146,Transport,0.7819762468379376,1.0,0.20476613473147154,0.7774868223017248,22.251317769827516
chronos2__model_config.context_length-2048,Finland_Traffic,15T,medium,96,0.5306412828467878,0.6785900275008758,0.3485890072218778,0.12151429595593437,0.17085736839439175,0.04983792267739773,Transport,0.7819762468379376,1.0,0.20476613473147154,0.6785900275008758,32.14099724991242
chronos2__model_config.context_length-4096,Finland_Traffic,15T,medium,96,0.5322049453243708,0.6805896566250417,0.37367187983576167,0.13963067377999192,0.17085736839439175,0.08070188388228416,Transport,0.7819762468379376,1.0,0.20476613473147154,0.6805896566250417,31.941034337495832
chronos2__model_config.context_length-512,Finland_Traffic,15T,medium,96,0.7677903047260584,0.9818588580289456,0.3849921945770995,0.14821898988529122,0.17085736839439175,0.03612366132438183,Transport,0.7819762468379376,1.0,0.20476613473147154,0.9818588580289456,1.814114197105443
chronos2__model_config.context_length-8192,Finland_Traffic,15T,medium,96,0.5358107102757379,0.685200749309695,0.3875487554094553,0.15019403781941784,0.17085736839439175,0.14801709540188313,Transport,0.7819762468379376,1.0,0.20476613473147154,0.685200749309695,31.4799250690305
chronos2__model_config.context_length-1024,Finland_Traffic,15T,short,16,0.4339420295933635,0.5547956548535535,0.40915927866132557,0.16741131531465628,0.5444992622161519,0.3783910255879164,Transport,0.7821655158923493,1.0,0.952554508112371,0.5547956548535535,44.52043451464465
chronos2__model_config.context_length-2048,Finland_Traffic,15T,short,16,0.39088172401735316,0.49974297776527243,0.3804034361728614,0.14470677425212022,0.5444992622161519,0.5649675242602825,Transport,0.7821655158923493,1.0,0.952554508112371,0.49974297776527243,50.025702223472756
chronos2__model_config.context_length-4096,Finland_Traffic,15T,short,16,0.39643595470326487,0.5068440715530432,0.4012939565524704,0.161036839565536,0.5444992622161519,0.6382547384127975,Transport,0.7821655158923493,1.0,0.952554508112371,0.5068440715530432,49.31559284469568
chronos2__model_config.context_length-512,Finland_Traffic,15T,short,16,0.5479216544655633,0.700518807506434,0.5363067293386363,0.28762490793390527,0.5444992622161519,0.3823852017521858,Transport,0.7821655158923493,1.0,0.952554508112371,0.700518807506434,29.948119249356598
chronos2__model_config.context_length-8192,Finland_Traffic,15T,short,16,0.4022035802507917,0.5142179910500525,0.41731007380654556,0.17414769770042451,0.5444992622161519,1.0396793466061354,Transport,0.7821655158923493,1.0,0.952554508112371,0.5142179910500525,48.57820089499475
chronos_bolt__model_config.context_length-1024,Finland_Traffic,15T,long,672,0.6563317891134344,0.7014927653669263,0.217074158745689,0.04712119039514859,0.018781384922048106,0.3111968841403723,Transport,0.9356216079721509,1.0,0.06827850919216871,0.7014927653669263,29.85072346330737
chronos_bolt__model_config.context_length-128,Finland_Traffic,15T,long,672,0.8533599919827128,0.912078114390998,0.1261788335655382,0.015921098039959784,0.018781384922048106,0.20820049522444606,Transport,0.9356216079721509,1.0,0.06827850919216871,0.912078114390998,8.792188560900204
chronos_bolt__model_config.context_length-2048,Finland_Traffic,15T,long,672,0.6364014052199654,0.6801910086271843,0.23617155323924038,0.05577700255943535,0.018781384922048106,0.4016984384506941,Transport,0.9356216079721509,1.0,0.06827850919216871,0.6801910086271843,31.980899137281572
chronos_bolt__model_config.context_length-256,Finland_Traffic,15T,long,672,0.8012965708992139,0.8564323056154394,0.12825260340859077,0.01644873028108127,0.018781384922048106,0.22367617301642895,Transport,0.9356216079721509,1.0,0.06827850919216871,0.8564323056154394,14.356769438456062
chronos_bolt__model_config.context_length-512,Finland_Traffic,15T,long,672,0.7125269272549728,0.7615545870079792,0.15222911349507712,0.023173702995497068,0.018781384922048106,0.2505132984369993,Transport,0.9356216079721509,1.0,0.06827850919216871,0.7615545870079792,23.84454129920208
chronos_bolt__model_config.context_length-1024,Finland_Traffic,15T,medium,96,0.6465001044920291,0.8267515888190583,0.3419569918893853,0.11693458430203711,0.17085736839439175,0.2072190959006548,Transport,0.7819762468379376,1.0,0.20476613473147154,0.8267515888190583,17.32484111809417
chronos_bolt__model_config.context_length-128,Finland_Traffic,15T,medium,96,0.804329285916578,1.0285853172254642,0.3851206706142421,0.14831793093436357,0.17085736839439175,0.11515608569607139,Transport,0.7819762468379376,1.0,0.20476613473147154,1.0285853172254642,-2.85853172254642
chronos_bolt__model_config.context_length-2048,Finland_Traffic,15T,medium,96,0.5966518526730152,0.7630050849826767,0.3205898457254907,0.10277784918229393,0.17085736839439175,0.34660451859235764,Transport,0.7819762468379376,1.0,0.20476613473147154,0.7630050849826767,23.69949150173233
chronos_bolt__model_config.context_length-256,Finland_Traffic,15T,medium,96,0.8153399340262332,1.0426658575924879,0.33699840347621796,0.11356792394551977,0.17085736839439175,0.16024587862193584,Transport,0.7819762468379376,1.0,0.20476613473147154,1.0426658575924879,-4.266585759248787
chronos_bolt__model_config.context_length-512,Finland_Traffic,15T,medium,96,0.8015276624541519,1.0250025697011564,0.38869729927911945,0.15108559046688133,0.17085736839439175,0.13955643959343433,Transport,0.7819762468379376,1.0,0.20476613473147154,1.0250025697011564,-2.500256970115644
chronos_bolt__model_config.context_length-1024,Finland_Traffic,15T,short,16,0.4867717781292505,0.6223385821016503,0.45922346332187297,0.21088618926533562,0.5444992622161519,0.7040151562541723,Transport,0.7821655158923493,1.0,0.952554508112371,0.6223385821016503,37.766141789834975
chronos_bolt__model_config.context_length-128,Finland_Traffic,15T,short,16,0.676581014761465,0.8650100279473123,0.713441524488921,0.5089988088650755,0.5444992622161519,0.6017881003208458,Transport,0.7821655158923493,1.0,0.952554508112371,0.8650100279473123,13.49899720526877
chronos_bolt__model_config.context_length-2048,Finland_Traffic,15T,short,16,0.445327653983243,0.5693521958394981,0.4072292728430738,0.16583568066029863,0.5444992622161519,0.5250279251486063,Transport,0.7821655158923493,1.0,0.952554508112371,0.5693521958394981,43.06478041605018
chronos_bolt__model_config.context_length-256,Finland_Traffic,15T,short,16,0.6922926345924768,0.8850973617811069,0.7311304174845028,0.5345516873710633,0.5444992622161519,0.48361149430274963,Transport,0.7821655158923493,1.0,0.952554508112371,0.8850973617811069,11.490263821889313
chronos_bolt__model_config.context_length-512,Finland_Traffic,15T,short,16,0.6072394890417453,0.7763567642699818,0.6134687427444827,0.3763438983244963,0.5444992622161519,0.413251843303442,Transport,0.7821655158923493,1.0,0.952554508112371,0.7763567642699818,22.36432357300182
ts_icl__model_config.context_length-1024,Finland_Traffic,15T,long,672,0.6860273022056718,0.733231571780984,0.25791184088852503,0.06651851767050784,0.018781384922048106,0.05116270296275616,Transport,0.9356216079721509,1.0,0.06827850919216871,0.733231571780984,26.6768428219016
ts_icl__model_config.context_length-2048,Finland_Traffic,15T,long,672,0.6123227795772235,0.6544555772972801,0.2517242961969698,0.06336512129585979,0.018781384922048106,0.06937012821435928,Transport,0.9356216079721509,1.0,0.06827850919216871,0.6544555772972801,34.55444227027199
ts_icl__model_config.context_length-256,Finland_Traffic,15T,long,672,1.7719189794106986,1.8938414464915185,0.10529549918552074,0.011087142148728,0.018781384922048106,0.03929420839995146,Transport,0.9356216079721509,1.0,0.06827850919216871,1.8938414464915185,-89.38414464915185
ts_icl__model_config.context_length-4096,Finland_Traffic,15T,long,672,0.6049253900009155,0.6465491870287388,0.2520353112392925,0.06352179811148706,0.018781384922048106,0.1295858733355999,Transport,0.9356216079721509,1.0,0.06827850919216871,0.6465491870287388,35.34508129712612
ts_icl__model_config.context_length-512,Finland_Traffic,15T,long,672,1.2568520690591602,1.3433337348666394,0.017526020472332357,0.0003071613935966129,0.018781384922048106,0.04924094118177891,Transport,0.9356216079721509,1.0,0.06827850919216871,1.3433337348666394,-34.333373486663945
ts_icl__model_config.context_length-1024,Finland_Traffic,15T,medium,96,0.5836858637814463,0.7464240328803919,0.3171054110418672,0.10055584171203154,0.17085736839439175,0.14150545559823513,Transport,0.7819762468379376,1.0,0.20476613473147154,0.7464240328803919,25.357596711960806
ts_icl__model_config.context_length-2048,Finland_Traffic,15T,medium,96,0.5247672397982651,0.671078235330365,0.3200764033998277,0.10244890401336923,0.17085736839439175,0.28910455852746964,Transport,0.7819762468379376,1.0,0.20476613473147154,0.671078235330365,32.8921764669635
ts_icl__model_config.context_length-256,Finland_Traffic,15T,medium,96,1.0591061365661096,1.3543968130090867,0.41372559942372955,0.17116887161852432,0.17085736839439175,0.07507392717525363,Transport,0.7819762468379376,1.0,0.20476613473147154,1.3543968130090867,-35.43968130090867
ts_icl__model_config.context_length-4096,Finland_Traffic,15T,medium,96,0.5187531956915099,0.6633874082354576,0.31447244750129294,0.09889292023745344,0.17085736839439175,0.7420218456536531,Transport,0.7819762468379376,1.0,0.20476613473147154,0.6633874082354576,33.66125917645424
ts_icl__model_config.context_length-512,Finland_Traffic,15T,medium,96,0.7905759249298702,1.0109973648518185,0.3394612575248935,0.11523394536038205,0.17085736839439175,0.11185452528297901,Transport,0.7819762468379376,1.0,0.20476613473147154,1.0109973648518185,-1.0997364851818459
ts_icl__model_config.context_length-1024,Finland_Traffic,15T,short,16,0.47709653858909506,0.6099687711811097,0.44396729396500584,0.1971069581106099,0.5444992622161519,0.8855088241398335,Transport,0.7821655158923493,1.0,0.952554508112371,0.6099687711811097,39.00312288188903
ts_icl__model_config.context_length-2048,Finland_Traffic,15T,short,16,0.4353184695083119,0.5565554357272706,0.3998332228677355,0.15986660610880024,0.5444992622161519,1.9035899303853512,Transport,0.7821655158923493,1.0,0.952554508112371,0.5565554357272706,44.34445642727294
ts_icl__model_config.context_length-256,Finland_Traffic,15T,short,16,0.6625520437132466,0.847073963568134,0.6423777933336993,0.41264922936827286,0.5444992622161519,0.46301450906321406,Transport,0.7821655158923493,1.0,0.952554508112371,0.847073963568134,15.292603643186597
ts_icl__model_config.context_length-4096,Finland_Traffic,15T,short,16,0.4363837318757116,0.5579173755542706,0.40038212393055095,0.16030584516313906,0.5444992622161519,4.788048189133406,Transport,0.7821655158923493,1.0,0.952554508112371,0.5579173755542706,44.208262444572945
ts_icl__model_config.context_length-512,Finland_Traffic,15T,short,16,0.5789689029732736,0.7402127698160476,0.5622815512669559,0.3161605428951743,0.5444992622161519,0.5857628155499697,Transport,0.7821655158923493,1.0,0.952554508112371,0.7402127698160476,25.978723018395243
chronos2__model_config.context_length-1024,Global_Influenza,W,short,13,2.687638735307393,0.6352501786041488,3.4594214508926644,11.967596774896307,30.38882579215142,0.23908225446939468,Healthcare,4.230835072275004,1.0,0.980701144784689,0.6352501786041488,36.47498213958512
chronos2__model_config.context_length-2048,Global_Influenza,W,short,13,2.687638735307393,0.6352501786041488,3.4594214508926644,11.967596774896307,30.38882579215142,0.23414991609752178,Healthcare,4.230835072275004,1.0,0.980701144784689,0.6352501786041488,36.47498213958512
chronos2__model_config.context_length-4096,Global_Influenza,W,short,13,2.687638735307393,0.6352501786041488,3.4594214508926644,11.967596774896307,30.38882579215142,0.23391672503203154,Healthcare,4.230835072275004,1.0,0.980701144784689,0.6352501786041488,36.47498213958512
chronos2__model_config.context_length-512,Global_Influenza,W,short,13,2.687638735307393,0.6352501786041488,3.4594214508926644,11.967596774896307,30.38882579215142,0.24196594581007957,Healthcare,4.230835072275004,1.0,0.980701144784689,0.6352501786041488,36.47498213958512
chronos2__model_config.context_length-8192,Global_Influenza,W,short,13,2.687638735307393,0.6352501786041488,3.4594214508926644,11.967596774896307,30.38882579215142,0.23509882017970085,Healthcare,4.230835072275004,1.0,0.980701144784689,0.6352501786041488,36.47498213958512
chronos_bolt__model_config.context_length-1024,Global_Influenza,W,short,13,2.8883879320915615,0.6826992503251653,3.7614182853939284,14.148267517695801,30.38882579215142,0.478896452113986,Healthcare,4.230835072275004,1.0,0.980701144784689,0.6826992503251653,31.730074967483468
chronos_bolt__model_config.context_length-128,Global_Influenza,W,short,13,2.833676476109428,0.6697676528869522,3.6299549293157214,13.176572788863503,30.38882579215142,0.4704649159684777,Healthcare,4.230835072275004,1.0,0.980701144784689,0.6697676528869522,33.02323471130478
chronos_bolt__model_config.context_length-2048,Global_Influenza,W,short,13,2.8883879320915615,0.6826992503251653,3.7614182853939284,14.148267517695801,30.38882579215142,0.48390931263566017,Healthcare,4.230835072275004,1.0,0.980701144784689,0.6826992503251653,31.730074967483468
chronos_bolt__model_config.context_length-256,Global_Influenza,W,short,13,2.8883879320915615,0.6826992503251653,3.7614182853939284,14.148267517695801,30.38882579215142,0.5882624629884958,Healthcare,4.230835072275004,1.0,0.980701144784689,0.6826992503251653,31.730074967483468
chronos_bolt__model_config.context_length-512,Global_Influenza,W,short,13,2.8883879320915615,0.6826992503251653,3.7614182853939284,14.148267517695801,30.38882579215142,0.47941965237259865,Healthcare,4.230835072275004,1.0,0.980701144784689,0.6826992503251653,31.730074967483468
ts_icl__model_config.context_length-1024,Global_Influenza,W,short,13,2.968530838215052,0.7016418242507416,3.8934898860737452,15.159263492958546,30.38882579215142,2.9648783430457115,Healthcare,4.230835072275004,1.0,0.980701144784689,0.7016418242507416,29.835817574925837
ts_icl__model_config.context_length-2048,Global_Influenza,W,short,13,2.968530838215052,0.7016418242507416,3.8934898860737452,15.159263492958546,30.38882579215142,2.9361991584300995,Healthcare,4.230835072275004,1.0,0.980701144784689,0.7016418242507416,29.835817574925837
ts_icl__model_config.context_length-256,Global_Influenza,W,short,13,2.968530838215052,0.7016418242507416,3.8934898860737452,15.159263492958546,30.38882579215142,2.9075443549081683,Healthcare,4.230835072275004,1.0,0.980701144784689,0.7016418242507416,29.835817574925837
ts_icl__model_config.context_length-4096,Global_Influenza,W,short,13,2.968530838215052,0.7016418242507416,3.8934898860737452,15.159263492958546,30.38882579215142,2.975317543372512,Healthcare,4.230835072275004,1.0,0.980701144784689,0.7016418242507416,29.835817574925837
ts_icl__model_config.context_length-512,Global_Influenza,W,short,13,2.968530838215052,0.7016418242507416,3.8934898860737452,15.159263492958546,30.38882579215142,2.922205116599798,Healthcare,4.230835072275004,1.0,0.980701144784689,0.7016418242507416,29.835817574925837
chronos2__model_config.context_length-1024,Global_Price,Q,short,4,1.427177654123309,0.7670994049743153,1.5014577384862482,2.254375340460239,3.4498076767502495,0.19909550622105598,Economics,1.8604859355497676,1.0,1.0117378337308764,0.7670994049743153,23.29005950256847
chronos2__model_config.context_length-2048,Global_Price,Q,short,4,1.427177654123309,0.7670994049743153,1.5014577384862482,2.254375340460239,3.4498076767502495,0.1999287512153387,Economics,1.8604859355497676,1.0,1.0117378337308764,0.7670994049743153,23.29005950256847
chronos2__model_config.context_length-4096,Global_Price,Q,short,4,1.427177654123309,0.7670994049743153,1.5014577384862482,2.254375340460239,3.4498076767502495,0.19797956431284547,Economics,1.8604859355497676,1.0,1.0117378337308764,0.7670994049743153,23.29005950256847
chronos2__model_config.context_length-512,Global_Price,Q,short,4,1.427177654123309,0.7670994049743153,1.5014577384862482,2.254375340460239,3.4498076767502495,0.20338116399943829,Economics,1.8604859355497676,1.0,1.0117378337308764,0.7670994049743153,23.29005950256847
chronos2__model_config.context_length-8192,Global_Price,Q,short,4,1.427177654123309,0.7670994049743153,1.5014577384862482,2.254375340460239,3.4498076767502495,0.1996071022003889,Economics,1.8604859355497676,1.0,1.0117378337308764,0.7670994049743153,23.29005950256847
chronos_bolt__model_config.context_length-1024,Global_Price,Q,short,4,1.5684767906961357,0.8430468410032113,1.8965182154211866,3.596781341424362,3.4498076767502495,0.552624061703682,Economics,1.8604859355497676,1.0,1.0117378337308764,0.8430468410032113,15.695315899678874
chronos_bolt__model_config.context_length-128,Global_Price,Q,short,4,1.5740563587431624,0.8460458252687806,1.9084182972276722,3.642060397193368,3.4498076767502495,0.5208379230462015,Economics,1.8604859355497676,1.0,1.0117378337308764,0.8460458252687806,15.395417473121942
chronos_bolt__model_config.context_length-2048,Global_Price,Q,short,4,1.5684767906961357,0.8430468410032113,1.8965182154211866,3.596781341424362,3.4498076767502495,0.5499718599021435,Economics,1.8604859355497676,1.0,1.0117378337308764,0.8430468410032113,15.695315899678874
chronos_bolt__model_config.context_length-256,Global_Price,Q,short,4,1.5684767906961357,0.8430468410032113,1.8965182154211866,3.596781341424362,3.4498076767502495,0.5506988018751144,Economics,1.8604859355497676,1.0,1.0117378337308764,0.8430468410032113,15.695315899678874
chronos_bolt__model_config.context_length-512,Global_Price,Q,short,4,1.5684767906961357,0.8430468410032113,1.8965182154211866,3.596781341424362,3.4498076767502495,0.5553509406745434,Economics,1.8604859355497676,1.0,1.0117378337308764,0.8430468410032113,15.695315899678874
ts_icl__model_config.context_length-1024,Global_Price,Q,short,4,1.5345163921503744,0.8247933310481758,1.5491348706434118,2.3998188474433806,3.4498076767502495,3.5765340514481068,Economics,1.8604859355497676,1.0,1.0117378337308764,0.8247933310481758,17.520666895182423
ts_icl__model_config.context_length-2048,Global_Price,Q,short,4,1.5345163921503744,0.8247933310481758,1.5491348706434118,2.3998188474433806,3.4498076767502495,3.587719166651368,Economics,1.8604859355497676,1.0,1.0117378337308764,0.8247933310481758,17.520666895182423
ts_icl__model_config.context_length-256,Global_Price,Q,short,4,1.5345163921503744,0.8247933310481758,1.5491348706434118,2.3998188474433806,3.4498076767502495,3.541986853815615,Economics,1.8604859355497676,1.0,1.0117378337308764,0.8247933310481758,17.520666895182423
ts_icl__model_config.context_length-4096,Global_Price,Q,short,4,1.5345163921503744,0.8247933310481758,1.5491348706434118,2.3998188474433806,3.4498076767502495,3.618798829615116,Economics,1.8604859355497676,1.0,1.0117378337308764,0.8247933310481758,17.520666895182423
ts_icl__model_config.context_length-512,Global_Price,Q,short,4,1.5345163921503744,0.8247933310481758,1.5491348706434118,2.3998188474433806,3.4498076767502495,3.623847698792815,Economics,1.8604859355497676,1.0,1.0117378337308764,0.8247933310481758,17.520666895182423
chronos2__model_config.context_length-1024,Housing_Inventory,M,short,12,0.5298324093950973,0.7746001702407476,0.2927894925929342,0.08572568697282786,0.15831152058175027,0.2765020281076431,Economics,0.6840076077319015,1.0,0.04277162812650204,0.7746001702407476,22.539982975925245
chronos2__model_config.context_length-2048,Housing_Inventory,M,short,12,0.5298324093950973,0.7746001702407476,0.2927894925929342,0.08572568697282786,0.15831152058175027,0.21006433106958866,Economics,0.6840076077319015,1.0,0.04277162812650204,0.7746001702407476,22.539982975925245
chronos2__model_config.context_length-4096,Housing_Inventory,M,short,12,0.5298324093950973,0.7746001702407476,0.2927894925929342,0.08572568697282786,0.15831152058175027,0.2077542506158352,Economics,0.6840076077319015,1.0,0.04277162812650204,0.7746001702407476,22.539982975925245
chronos2__model_config.context_length-512,Housing_Inventory,M,short,12,0.5298324093950973,0.7746001702407476,0.2927894925929342,0.08572568697282786,0.15831152058175027,0.2128919456154108,Economics,0.6840076077319015,1.0,0.04277162812650204,0.7746001702407476,22.539982975925245
chronos2__model_config.context_length-8192,Housing_Inventory,M,short,12,0.5298324093950973,0.7746001702407476,0.2927894925929342,0.08572568697282786,0.15831152058175027,0.2104500625282526,Economics,0.6840076077319015,1.0,0.04277162812650204,0.7746001702407476,22.539982975925245
chronos_bolt__model_config.context_length-1024,Housing_Inventory,M,short,12,0.5280441169302251,0.7719857366516212,0.31559262893014084,0.09959870743503756,0.15831152058175027,0.27445616759359837,Economics,0.6840076077319015,1.0,0.04277162812650204,0.7719857366516212,22.80142633483788
chronos_bolt__model_config.context_length-128,Housing_Inventory,M,short,12,0.5280441169302251,0.7719857366516212,0.31559262893014084,0.09959870743503756,0.15831152058175027,0.2404162692837417,Economics,0.6840076077319015,1.0,0.04277162812650204,0.7719857366516212,22.80142633483788
chronos_bolt__model_config.context_length-2048,Housing_Inventory,M,short,12,0.5280441169302251,0.7719857366516212,0.31559262893014084,0.09959870743503756,0.15831152058175027,0.2765060141682625,Economics,0.6840076077319015,1.0,0.04277162812650204,0.7719857366516212,22.80142633483788
chronos_bolt__model_config.context_length-256,Housing_Inventory,M,short,12,0.5280441169302251,0.7719857366516212,0.31559262893014084,0.09959870743503756,0.15831152058175027,0.2294847685843706,Economics,0.6840076077319015,1.0,0.04277162812650204,0.7719857366516212,22.80142633483788
chronos_bolt__model_config.context_length-512,Housing_Inventory,M,short,12,0.5280441169302251,0.7719857366516212,0.31559262893014084,0.09959870743503756,0.15831152058175027,0.2311551235616207,Economics,0.6840076077319015,1.0,0.04277162812650204,0.7719857366516212,22.80142633483788
ts_icl__model_config.context_length-1024,Housing_Inventory,M,short,12,0.519415995523202,0.7593716643672015,0.19546829206475433,0.0382078532027121,0.15831152058175027,0.3055679239332676,Economics,0.6840076077319015,1.0,0.04277162812650204,0.7593716643672015,24.062833563279852
ts_icl__model_config.context_length-2048,Housing_Inventory,M,short,12,0.519415995523202,0.7593716643672015,0.19546829206475433,0.0382078532027121,0.15831152058175027,0.30671097338199615,Economics,0.6840076077319015,1.0,0.04277162812650204,0.7593716643672015,24.062833563279852
ts_icl__model_config.context_length-256,Housing_Inventory,M,short,12,0.519415995523202,0.7593716643672015,0.19546829206475433,0.0382078532027121,0.15831152058175027,0.30027558095753193,Economics,0.6840076077319015,1.0,0.04277162812650204,0.7593716643672015,24.062833563279852
ts_icl__model_config.context_length-4096,Housing_Inventory,M,short,12,0.519415995523202,0.7593716643672015,0.19546829206475433,0.0382078532027121,0.15831152058175027,0.3005873113870621,Economics,0.6840076077319015,1.0,0.04277162812650204,0.7593716643672015,24.062833563279852
ts_icl__model_config.context_length-512,Housing_Inventory,M,short,12,0.519415995523202,0.7593716643672015,0.19546829206475433,0.0382078532027121,0.15831152058175027,0.3007399905472994,Economics,0.6840076077319015,1.0,0.04277162812650204,0.7593716643672015,24.062833563279852
chronos2__model_config.context_length-1024,JOLTS,M,short,12,0.9042078797292128,0.5364326507424232,0.8184561814037029,0.6698705208779311,0.8877843622848538,0.18505018763244152,Economics,1.68559441428069,1.0,0.12435972783714533,0.5364326507424232,46.35673492575768
chronos2__model_config.context_length-2048,JOLTS,M,short,12,0.9042078797292128,0.5364326507424232,0.8184561814037029,0.6698705208779311,0.8877843622848538,0.18601315282285213,Economics,1.68559441428069,1.0,0.12435972783714533,0.5364326507424232,46.35673492575768
chronos2__model_config.context_length-4096,JOLTS,M,short,12,0.9042078797292128,0.5364326507424232,0.8184561814037029,0.6698705208779311,0.8877843622848538,0.18394318502396345,Economics,1.68559441428069,1.0,0.12435972783714533,0.5364326507424232,46.35673492575768
chronos2__model_config.context_length-512,JOLTS,M,short,12,0.9042078797292128,0.5364326507424232,0.8184561814037029,0.6698705208779311,0.8877843622848538,0.18731309846043587,Economics,1.68559441428069,1.0,0.12435972783714533,0.5364326507424232,46.35673492575768
chronos2__model_config.context_length-8192,JOLTS,M,short,12,0.9042078797292128,0.5364326507424232,0.8184561814037029,0.6698705208779311,0.8877843622848538,0.19644654355943203,Economics,1.68559441428069,1.0,0.12435972783714533,0.5364326507424232,46.35673492575768
chronos_bolt__model_config.context_length-1024,JOLTS,M,short,12,1.0554441681567701,0.6261554732353394,0.6334810906386756,0.401298292196766,0.8877843622848538,0.2526147309690714,Economics,1.68559441428069,1.0,0.12435972783714533,0.6261554732353394,37.38445267646606
chronos_bolt__model_config.context_length-128,JOLTS,M,short,12,1.2499440942933553,0.7415449907187525,0.6420952150709953,0.4122862652170678,0.8877843622848538,0.2390210060402751,Economics,1.68559441428069,1.0,0.12435972783714533,0.7415449907187525,25.845500928124753
chronos_bolt__model_config.context_length-2048,JOLTS,M,short,12,1.0554441681567701,0.6261554732353394,0.6334810906386756,0.401298292196766,0.8877843622848538,0.25662133283913136,Economics,1.68559441428069,1.0,0.12435972783714533,0.6261554732353394,37.38445267646606
chronos_bolt__model_config.context_length-256,JOLTS,M,short,12,1.0670260346756115,0.633026560621912,0.6235594887353474,0.3888264359918879,0.8877843622848538,0.2473601344972849,Economics,1.68559441428069,1.0,0.12435972783714533,0.633026560621912,36.6973439378088
chronos_bolt__model_config.context_length-512,JOLTS,M,short,12,1.0554441681567701,0.6261554732353394,0.6334810906386756,0.401298292196766,0.8877843622848538,0.2518709171563387,Economics,1.68559441428069,1.0,0.12435972783714533,0.6261554732353394,37.38445267646606
ts_icl__model_config.context_length-1024,JOLTS,M,short,12,1.0651837489836085,0.6319336015586908,0.618562703921515,0.3826198186826959,0.8877843622848538,0.5113125126808882,Economics,1.68559441428069,1.0,0.12435972783714533,0.6319336015586908,36.80663984413092
ts_icl__model_config.context_length-2048,JOLTS,M,short,12,1.0651837489836085,0.6319336015586908,0.618562703921515,0.3826198186826959,0.8877843622848538,0.508908960968256,Economics,1.68559441428069,1.0,0.12435972783714533,0.6319336015586908,36.80663984413092
ts_icl__model_config.context_length-256,JOLTS,M,short,12,1.0698589479579566,0.6347072219116885,0.6149099591781216,0.3781142578964392,0.8877843622848538,0.5114307189360261,Economics,1.68559441428069,1.0,0.12435972783714533,0.6347072219116885,36.529277808831154
ts_icl__model_config.context_length-4096,JOLTS,M,short,12,1.0651837489836085,0.6319336015586908,0.618562703921515,0.3826198186826959,0.8877843622848538,0.5052707847207785,Economics,1.68559441428069,1.0,0.12435972783714533,0.6319336015586908,36.80663984413092
ts_icl__model_config.context_length-512,JOLTS,M,short,12,1.0651837489836085,0.6319336015586908,0.618562703921515,0.3826198186826959,0.8877843622848538,0.5089815091341734,Economics,1.68559441428069,1.0,0.12435972783714533,0.6319336015586908,36.80663984413092
chronos2__model_config.context_length-1024,Job_Claims,W,short,13,3.14383480240003,1.1552232026779394,1.4576157403339423,2.1246436464692664,1.8094438105119042,0.22093321569263935,Economics,2.721408984092651,1.0,0.03477336373180151,1.1552232026779394,-15.522320267793944
chronos2__model_config.context_length-2048,Job_Claims,W,short,13,3.14383480240003,1.1552232026779394,1.4576157403339423,2.1246436464692664,1.8094438105119042,0.21167316287755966,Economics,2.721408984092651,1.0,0.03477336373180151,1.1552232026779394,-15.522320267793944
chronos2__model_config.context_length-4096,Job_Claims,W,short,13,3.14383480240003,1.1552232026779394,1.4576157403339423,2.1246436464692664,1.8094438105119042,0.21024525677785277,Economics,2.721408984092651,1.0,0.03477336373180151,1.1552232026779394,-15.522320267793944
chronos2__model_config.context_length-512,Job_Claims,W,short,13,3.14383480240003,1.1552232026779394,1.4576157403339423,2.1246436464692664,1.8094438105119042,0.21221696957945824,Economics,2.721408984092651,1.0,0.03477336373180151,1.1552232026779394,-15.522320267793944
chronos2__model_config.context_length-8192,Job_Claims,W,short,13,3.14383480240003,1.1552232026779394,1.4576157403339423,2.1246436464692664,1.8094438105119042,0.21018791943788528,Economics,2.721408984092651,1.0,0.03477336373180151,1.1552232026779394,-15.522320267793944
chronos_bolt__model_config.context_length-1024,Job_Claims,W,short,13,4.146792423445997,1.5237667133771828,2.345969624815185,5.5035734805555,1.8094438105119042,0.22758282907307148,Economics,2.721408984092651,1.0,0.03477336373180151,1.5237667133771828,-52.376671337718285
chronos_bolt__model_config.context_length-128,Job_Claims,W,short,13,3.558373987269446,1.3075484089561968,1.6956157242545273,2.875112684339205,1.8094438105119042,0.21727109095081687,Economics,2.721408984092651,1.0,0.03477336373180151,1.3075484089561968,-30.754840895619683
chronos_bolt__model_config.context_length-2048,Job_Claims,W,short,13,4.146792423445997,1.5237667133771828,2.345969624815185,5.5035734805555,1.8094438105119042,0.23543343879282475,Economics,2.721408984092651,1.0,0.03477336373180151,1.5237667133771828,-52.376671337718285
chronos_bolt__model_config.context_length-256,Job_Claims,W,short,13,4.146792423445997,1.5237667133771828,2.345969624815185,5.5035734805555,1.8094438105119042,0.32213846407830715,Economics,2.721408984092651,1.0,0.03477336373180151,1.5237667133771828,-52.376671337718285
chronos_bolt__model_config.context_length-512,Job_Claims,W,short,13,4.146792423445997,1.5237667133771828,2.345969624815185,5.5035734805555,1.8094438105119042,0.22625491581857204,Economics,2.721408984092651,1.0,0.03477336373180151,1.5237667133771828,-52.376671337718285
ts_icl__model_config.context_length-1024,Job_Claims,W,short,13,2.8235117450947285,1.0375183449451717,1.1189269330871932,1.2519974815879118,1.8094438105119042,0.2921643294394016,Economics,2.721408984092651,1.0,0.03477336373180151,1.0375183449451717,-3.75183449451717
ts_icl__model_config.context_length-2048,Job_Claims,W,short,13,2.8235117450947285,1.0375183449451717,1.1189269330871932,1.2519974815879118,1.8094438105119042,0.27691829577088356,Economics,2.721408984092651,1.0,0.03477336373180151,1.0375183449451717,-3.75183449451717
ts_icl__model_config.context_length-256,Job_Claims,W,short,13,2.8235117450947285,1.0375183449451717,1.1189269330871932,1.2519974815879118,1.8094438105119042,0.2553191389888525,Economics,2.721408984092651,1.0,0.03477336373180151,1.0375183449451717,-3.75183449451717
ts_icl__model_config.context_length-4096,Job_Claims,W,short,13,2.8235117450947285,1.0375183449451717,1.1189269330871932,1.2519974815879118,1.8094438105119042,0.2575663197785616,Economics,2.721408984092651,1.0,0.03477336373180151,1.0375183449451717,-3.75183449451717
ts_icl__model_config.context_length-512,Job_Claims,W,short,13,2.8235117450947285,1.0375183449451717,1.1189269330871932,1.2519974815879118,1.8094438105119042,0.2574674040079117,Economics,2.721408984092651,1.0,0.03477336373180151,1.0375183449451717,-3.75183449451717
chronos2__model_config.context_length-1024,MetroPT-3,5T,long,576,0.6607532200780499,0.7606316296951224,0.11837841653105988,0.014013449500401112,0.022228105801810265,0.026813946664333344,Transport,0.8686901704875118,1.0,0.25579052697867155,0.7606316296951224,23.936837030487755
chronos2__model_config.context_length-2048,MetroPT-3,5T,long,576,0.6747563942420807,0.7767515014742311,0.12403131056974312,0.015383766001648072,0.022228105801810265,0.03547005169093609,Transport,0.8686901704875118,1.0,0.25579052697867155,0.7767515014742311,22.32484985257689
chronos2__model_config.context_length-4096,MetroPT-3,5T,long,576,0.6667100086957658,0.7674888370402602,0.10949291296312591,0.011988697989150667,0.022228105801810265,0.047726396936923265,Transport,0.8686901704875118,1.0,0.25579052697867155,0.7674888370402602,23.251116295973983
chronos2__model_config.context_length-512,MetroPT-3,5T,long,576,0.6794932775606255,0.7822044045684223,0.08190918922929458,0.006709115280200387,0.022228105801810265,0.02156412973999977,Transport,0.8686901704875118,1.0,0.25579052697867155,0.7822044045684223,21.779559543157767
chronos2__model_config.context_length-8192,MetroPT-3,5T,long,576,0.6686335696286634,0.7697031603954076,0.10726380241873122,0.011505523309324611,0.022228105801810265,0.08874844759702682,Transport,0.8686901704875118,1.0,0.25579052697867155,0.7697031603954076,23.029683960459234
chronos2__model_config.context_length-1024,MetroPT-3,5T,medium,288,0.6549661785373264,0.7673271713011746,0.12273938799423836,0.015064957365200185,0.019695959012921885,0.036109646782279015,Transport,0.8535683382965379,1.0,0.3266339413821697,0.7673271713011746,23.267282869882543
chronos2__model_config.context_length-2048,MetroPT-3,5T,medium,288,0.6522556919543174,0.764151694351762,0.12473910252672506,0.015559843699172824,0.019695959012921885,0.04820943437516689,Transport,0.8535683382965379,1.0,0.3266339413821697,0.764151694351762,23.5848305648238
chronos2__model_config.context_length-4096,MetroPT-3,5T,medium,288,0.6507833240528066,0.7624267382639469,0.12136992636923867,0.014730659026874418,0.019695959012921885,0.08650240581482649,Transport,0.8535683382965379,1.0,0.3266339413821697,0.7624267382639469,23.757326173605307
chronos2__model_config.context_length-512,MetroPT-3,5T,medium,288,0.6601708098542202,0.7734246693963834,0.10634966612816438,0.011310251485572033,0.019695959012921885,0.026839861646294594,Transport,0.8535683382965379,1.0,0.3266339413821697,0.7734246693963834,22.657533060361658
chronos2__model_config.context_length-8192,MetroPT-3,5T,medium,288,0.6510332169597657,0.7627195008885047,0.11963009967999404,0.01431136074944531,0.019695959012921885,0.17022201232612133,Transport,0.8535683382965379,1.0,0.3266339413821697,0.7627195008885047,23.72804991114953
chronos2__model_config.context_length-1024,MetroPT-3,5T,short,48,0.6210957758806417,0.7117577118338002,0.19720448603421584,0.03888960931201923,0.07601067700804957,0.31034584902226925,Transport,0.8726224746907574,1.0,1.0416007470339537,0.7117577118338002,28.82422881661998
chronos2__model_config.context_length-2048,MetroPT-3,5T,short,48,0.6138846551725118,0.7034939770375065,0.1955077953131178,0.03822329802819597,0.07601067700804957,0.4243526663631201,Transport,0.8726224746907574,1.0,1.0416007470339537,0.7034939770375065,29.65060229624935
chronos2__model_config.context_length-4096,MetroPT-3,5T,short,48,0.6128994648141513,0.7023649775137323,0.19239917084242927,0.03701744094085429,0.07601067700804957,0.6290542213246226,Transport,0.8726224746907574,1.0,1.0416007470339537,0.7023649775137323,29.76350224862677
chronos2__model_config.context_length-512,MetroPT-3,5T,short,48,0.6302571048986634,0.7222563286855702,0.19723354980956606,0.03890107317048258,0.07601067700804957,0.2512150779366493,Transport,0.8726224746907574,1.0,1.0416007470339537,0.7222563286855702,27.77436713144298
chronos2__model_config.context_length-8192,MetroPT-3,5T,short,48,0.6120071780108346,0.7013424427645181,0.19064442473566048,0.03634529668279092,0.07601067700804957,1.1881131865084171,Transport,0.8726224746907574,1.0,1.0416007470339537,0.7013424427645181,29.865755723548194
chronos_bolt__model_config.context_length-1024,MetroPT-3,5T,long,576,0.701166061717593,0.807153212432571,0.1075509364162698,0.011567203924016509,0.022228105801810265,0.9261691533029079,Transport,0.8686901704875118,1.0,0.25579052697867155,0.807153212432571,19.284678756742903
chronos_bolt__model_config.context_length-128,MetroPT-3,5T,long,576,0.7216836597244431,0.830772218038834,0.09038784986244476,0.008169963402755855,0.022228105801810265,0.43898596009239554,Transport,0.8686901704875118,1.0,0.25579052697867155,0.830772218038834,16.922778196116596
chronos_bolt__model_config.context_length-2048,MetroPT-3,5T,long,576,0.694838569336889,0.7998692663311054,0.11405846037937939,0.01300933238411446,0.022228105801810265,1.4004811104387045,Transport,0.8686901704875118,1.0,0.25579052697867155,0.7998692663311054,20.013073366889454
chronos_bolt__model_config.context_length-256,MetroPT-3,5T,long,576,0.711176452891046,0.8186767584718168,0.09374724958218512,0.00878854680422451,0.022228105801810265,0.5063014682382345,Transport,0.8686901704875118,1.0,0.25579052697867155,0.8186767584718168,18.132324152818324
chronos_bolt__model_config.context_length-512,MetroPT-3,5T,long,576,0.6994125472728324,0.8051346395232258,0.07282764144413274,0.005303865358315162,0.022228105801810265,0.6472840327769518,Transport,0.8686901704875118,1.0,0.25579052697867155,0.8051346395232258,19.486536047677415
chronos_bolt__model_config.context_length-1024,MetroPT-3,5T,medium,288,0.7024467559131792,0.8229531537159036,0.11503855425254522,0.01323386896451579,0.019695959012921885,0.8242184612900019,Transport,0.8535683382965379,1.0,0.3266339413821697,0.8229531537159036,17.704684628409638
chronos_bolt__model_config.context_length-128,MetroPT-3,5T,medium,288,0.7009093614536069,0.8211520156106168,0.095412513662789,0.009103547763451897,0.019695959012921885,0.36801346810534596,Transport,0.8535683382965379,1.0,0.3266339413821697,0.8211520156106168,17.884798438938322
chronos_bolt__model_config.context_length-2048,MetroPT-3,5T,medium,288,0.6855807975211551,0.8031938003808404,0.11475872335331143,0.013169564585681866,0.019695959012921885,1.398738231509924,Transport,0.8535683382965379,1.0,0.3266339413821697,0.8031938003808404,19.68061996191596
chronos_bolt__model_config.context_length-256,MetroPT-3,5T,medium,288,0.7226980268755113,0.8466785779774777,0.1255290271238404,0.015757536650657857,0.019695959012921885,0.42288042791187763,Transport,0.8535683382965379,1.0,0.3266339413821697,0.8466785779774777,15.33214220225223
chronos_bolt__model_config.context_length-512,MetroPT-3,5T,medium,288,0.7043414775241973,0.8251729192882764,0.1247037680504741,0.015551029765986447,0.019695959012921885,0.5593284852802753,Transport,0.8535683382965379,1.0,0.3266339413821697,0.8251729192882764,17.48270807117236
chronos_bolt__model_config.context_length-1024,MetroPT-3,5T,short,48,0.6568532373964728,0.7527347237180093,0.20889120925793,0.04363553730524031,0.07601067700804957,0.4885405618697405,Transport,0.8726224746907574,1.0,1.0416007470339537,0.7527347237180093,24.72652762819907
chronos_bolt__model_config.context_length-128,MetroPT-3,5T,short,48,0.709059035354158,0.8125610512214192,0.2401887382513036,0.05769062998275323,0.07601067700804957,0.4693265329115093,Transport,0.8726224746907574,1.0,1.0416007470339537,0.8125610512214192,18.743894877858082
chronos_bolt__model_config.context_length-2048,MetroPT-3,5T,short,48,0.6495314561459699,0.7443441751556454,0.1993031622716708,0.03972175049148794,0.07601067700804957,0.5736267305910587,Transport,0.8726224746907574,1.0,1.0416007470339537,0.7443441751556454,25.565582484435456
chronos_bolt__model_config.context_length-256,MetroPT-3,5T,short,48,0.6838114437310413,0.7836280448465099,0.2130275037213265,0.04538071734173978,0.07601067700804957,0.4727704543620348,Transport,0.8726224746907574,1.0,1.0416007470339537,0.7836280448465099,21.637195515349006
chronos_bolt__model_config.context_length-512,MetroPT-3,5T,short,48,0.6638292102988992,0.7607289859617116,0.2132646815068353,0.045481824378211896,0.07601067700804957,0.46756269223988056,Transport,0.8726224746907574,1.0,1.0416007470339537,0.7607289859617116,23.927101403828843
ts_icl__model_config.context_length-1024,MetroPT-3,5T,long,576,0.690542332293996,0.7949236169052786,0.11998691081184484,0.014396858766169609,0.022228105801810265,0.13606209680438042,Transport,0.8686901704875118,1.0,0.25579052697867155,0.7949236169052786,20.507638309472142
ts_icl__model_config.context_length-2048,MetroPT-3,5T,long,576,0.6950628403427839,0.8001274377868375,0.10808234032575574,0.011681792290292484,0.022228105801810265,0.189930260181427,Transport,0.8686901704875118,1.0,0.25579052697867155,0.8001274377868375,19.98725622131625
ts_icl__model_config.context_length-256,MetroPT-3,5T,long,576,0.7336688308328198,0.8445690486184301,0.061151660056012525,0.003739525527606118,0.022228105801810265,0.09270206931978464,Transport,0.8686901704875118,1.0,0.25579052697867155,0.8445690486184301,15.543095138156993
ts_icl__model_config.context_length-4096,MetroPT-3,5T,long,576,0.6979776681435321,0.803482866338668,0.11176594897748358,0.012491627350837465,0.022228105801810265,0.39484746754169464,Transport,0.8686901704875118,1.0,0.25579052697867155,0.803482866338668,19.651713366133205
ts_icl__model_config.context_length-512,MetroPT-3,5T,long,576,0.6920076976668856,0.7966104845856936,0.11878398175166989,0.014109634320781047,0.022228105801810265,0.10852966643869877,Transport,0.8686901704875118,1.0,0.25579052697867155,0.7966104845856936,20.33895154143064
ts_icl__model_config.context_length-1024,MetroPT-3,5T,medium,288,0.6769547131918299,0.7930878909389083,0.1020321259338129,0.010410554722573455,0.019695959012921885,0.21058077923953533,Transport,0.8535683382965379,1.0,0.3266339413821697,0.7930878909389083,20.69121090610917
ts_icl__model_config.context_length-2048,MetroPT-3,5T,medium,288,0.6766533239917333,0.7927347977106637,0.11973062196429451,0.014335421835956803,0.019695959012921885,0.3407703787088394,Transport,0.8535683382965379,1.0,0.3266339413821697,0.7927347977106637,20.72652022893363
ts_icl__model_config.context_length-256,MetroPT-3,5T,medium,288,0.7528788346656303,0.8820369745299443,0.143426160496461,0.020571063514756592,0.019695959012921885,0.13671831181272864,Transport,0.8535683382965379,1.0,0.3266339413821697,0.8820369745299443,11.796302547005567
ts_icl__model_config.context_length-4096,MetroPT-3,5T,medium,288,0.679845185530925,0.7964742306253869,0.1130321905172604,0.012776276093130253,0.019695959012921885,0.7024194337427616,Transport,0.8535683382965379,1.0,0.3266339413821697,0.7964742306253869,20.352576937461308
ts_icl__model_config.context_length-512,MetroPT-3,5T,medium,288,0.6826252532090636,0.799731225470916,0.12926657956816834,0.0167098485932536,0.019695959012921885,0.15547169372439384,Transport,0.8535683382965379,1.0,0.3266339413821697,0.799731225470916,20.026877452908398
ts_icl__model_config.context_length-1024,MetroPT-3,5T,short,48,0.6487510832139933,0.7434498904510793,0.1922067430765824,0.03694343208410736,0.07601067700804957,1.0192117672413588,Transport,0.8726224746907574,1.0,1.0416007470339537,0.7434498904510793,25.655010954892067
ts_icl__model_config.context_length-2048,MetroPT-3,5T,short,48,0.6441305027107695,0.7381548394556747,0.1885319916728295,0.035544311884123846,0.07601067700804957,1.8347038738429546,Transport,0.8726224746907574,1.0,1.0416007470339537,0.7381548394556747,26.184516054432528
ts_icl__model_config.context_length-256,MetroPT-3,5T,short,48,0.6742528000360932,0.7726741169198479,0.2071185530020807,0.04289809499767571,0.07601067700804957,0.6261117579415441,Transport,0.8726224746907574,1.0,1.0416007470339537,0.7726741169198479,22.73258830801521
ts_icl__model_config.context_length-4096,MetroPT-3,5T,short,48,0.6435365645174245,0.7374742035443024,0.19052131004758435,0.03629836958224777,0.07601067700804957,3.978606477379799,Transport,0.8726224746907574,1.0,1.0416007470339537,0.7374742035443024,26.252579645569764
ts_icl__model_config.context_length-512,MetroPT-3,5T,short,48,0.6551386610011872,0.7507698689898599,0.1986470922216461,0.039460667248115165,0.07601067700804957,0.7951413579285145,Transport,0.8726224746907574,1.0,1.0416007470339537,0.7507698689898599,24.923013101014014
chronos2__model_config.context_length-1024,NE_China_Wind,H,long,168,1.171278703339822,0.8799513826019912,0.7431110604485973,0.5522140481610389,0.6787319478156216,0.04006284847855568,Climate,1.3310720643183538,1.0,0.10292179975658655,0.8799513826019912,12.004861739800877
chronos2__model_config.context_length-2048,NE_China_Wind,H,long,168,1.205376411053669,0.9055681081181327,0.7467848963064055,0.5576876813513688,0.6787319478156216,0.04762095399200916,Climate,1.3310720643183538,1.0,0.10292179975658655,0.9055681081181327,9.443189188186729
chronos2__model_config.context_length-4096,NE_China_Wind,H,long,168,1.2057967883587484,0.9058839267100394,0.790924998879902,0.6255623538531729,0.6787319478156216,0.06356073124334216,Climate,1.3310720643183538,1.0,0.10292179975658655,0.9058839267100394,9.411607328996062
chronos2__model_config.context_length-512,NE_China_Wind,H,long,168,1.2575496987502208,0.944764549163772,0.755398895066229,0.5706274906672797,0.6787319478156216,0.040512384846806526,Climate,1.3310720643183538,1.0,0.10292179975658655,0.944764549163772,5.523545083622805
chronos2__model_config.context_length-8192,NE_China_Wind,H,long,168,1.203564641776657,0.9042069727404326,0.7800305769335097,0.6084477009512241,0.6787319478156216,0.09349480457603931,Climate,1.3310720643183538,1.0,0.10292179975658655,0.9042069727404326,9.57930272595674
chronos2__model_config.context_length-1024,NE_China_Wind,H,medium,72,0.8948913564377328,0.8191245777318782,0.6183004067512586,0.3822953929887719,0.5857512612541707,0.026894306764006615,Climate,1.092497259593467,1.0,0.18750894628465176,0.8191245777318782,18.087542226812182
chronos2__model_config.context_length-2048,NE_China_Wind,H,medium,72,0.8999345318006091,0.8237407681328985,0.6043934652997983,0.3652914608970985,0.5857512612541707,0.04559844359755516,Climate,1.092497259593467,1.0,0.18750894628465176,0.8237407681328985,17.625923186710146
chronos2__model_config.context_length-4096,NE_China_Wind,H,medium,72,0.9101636908444272,0.8331038662587689,0.6044911318708257,0.36540952851047204,0.5857512612541707,0.08512818207964301,Climate,1.092497259593467,1.0,0.18750894628465176,0.8331038662587689,16.689613374123113
chronos2__model_config.context_length-512,NE_China_Wind,H,medium,72,0.8585428336564289,0.7858535352078634,0.5847857764923325,0.3419744043877403,0.5857512612541707,0.020972734317183495,Climate,1.092497259593467,1.0,0.18750894628465176,0.7858535352078634,21.414646479213662
chronos2__model_config.context_length-8192,NE_China_Wind,H,medium,72,0.8915087697288963,0.8160283807582627,0.5893853384860852,0.3473750772223573,0.5857512612541707,0.1721543911844492,Climate,1.092497259593467,1.0,0.18750894628465176,0.8160283807582627,18.397161924173734
chronos2__model_config.context_length-1024,NE_China_Wind,H,short,24,0.4923072064268061,0.5915676077779009,0.34737767711450623,0.12067125055747016,0.39953287968674783,0.24249390698969364,Climate,0.8322078490336116,1.0,0.45941207837313414,0.5915676077779009,40.84323922220992
chronos2__model_config.context_length-2048,NE_China_Wind,H,short,24,0.4972135234830992,0.5974631506545879,0.355092582362087,0.12609074204857557,0.39953287968674783,0.29946896247565746,Climate,0.8322078490336116,1.0,0.45941207837313414,0.5974631506545879,40.25368493454121
chronos2__model_config.context_length-4096,NE_China_Wind,H,short,24,0.5020865068476658,0.6033186390043136,0.3611629598223727,0.13043868354765678,0.39953287968674783,0.4091046298854053,Climate,0.8322078490336116,1.0,0.45941207837313414,0.6033186390043136,39.66813609956864
chronos2__model_config.context_length-512,NE_China_Wind,H,short,24,0.48331958294569416,0.5807678736831688,0.357356736587193,0.12770383718424846,0.39953287968674783,0.21099535189568996,Climate,0.8322078490336116,1.0,0.45941207837313414,0.5807678736831688,41.923212631683114
chronos2__model_config.context_length-8192,NE_China_Wind,H,short,24,0.49645280308376133,0.5965490516104354,0.35813801515039784,0.1282628378958666,0.39953287968674783,0.6721509788185358,Climate,0.8322078490336116,1.0,0.45941207837313414,0.5965490516104354,40.34509483895646
chronos_bolt__model_config.context_length-1024,NE_China_Wind,H,long,168,1.1733824824530803,0.8815318974138137,0.6663272374056209,0.4439919873086067,0.6787319478156216,0.16294623725116253,Climate,1.3310720643183538,1.0,0.10292179975658655,0.8815318974138137,11.846810258618634
chronos_bolt__model_config.context_length-128,NE_China_Wind,H,long,168,1.252009165162565,0.9406020896424739,0.7314782442512794,0.5350604218129343,0.6787319478156216,0.06799183925613761,Climate,1.3310720643183538,1.0,0.10292179975658655,0.9406020896424739,5.939791035752606
chronos_bolt__model_config.context_length-2048,NE_China_Wind,H,long,168,1.2605794159420194,0.947040697295053,0.8161876447941399,0.666162271514605,0.6787319478156216,0.2979512084275484,Climate,1.3310720643183538,1.0,0.10292179975658655,0.947040697295053,5.295930270494697
chronos_bolt__model_config.context_length-256,NE_China_Wind,H,long,168,1.2179730930797736,0.9150316693811026,0.6227580587486906,0.38782759973643754,0.6787319478156216,0.07880568690598011,Climate,1.3310720643183538,1.0,0.10292179975658655,0.9150316693811026,8.496833061889742
chronos_bolt__model_config.context_length-512,NE_China_Wind,H,long,168,1.0884927457149507,0.8177564347519917,0.5895648841932806,0.3475867526738363,0.6787319478156216,0.10417600348591805,Climate,1.3310720643183538,1.0,0.10292179975658655,0.8177564347519917,18.224356524800832
chronos_bolt__model_config.context_length-1024,NE_China_Wind,H,medium,72,0.9119861000140116,0.8347719795227441,0.6721089842576156,0.45173048671980365,0.5857512612541707,0.26165882870554924,Climate,1.092497259593467,1.0,0.18750894628465176,0.8347719795227441,16.522802047725595
chronos_bolt__model_config.context_length-128,NE_China_Wind,H,medium,72,0.9281736684362001,0.8495890129569625,0.6573096249920326,0.4320559431071665,0.5857512612541707,0.14242980675771832,Climate,1.092497259593467,1.0,0.18750894628465176,0.8495890129569625,15.041098704303746
chronos_bolt__model_config.context_length-2048,NE_China_Wind,H,medium,72,0.9416772869144727,0.861949335474657,0.6704649418343095,0.44952323822888396,0.5857512612541707,0.4352984353899956,Climate,1.092497259593467,1.0,0.18750894628465176,0.861949335474657,13.805066452534298
chronos_bolt__model_config.context_length-256,NE_China_Wind,H,medium,72,0.940509450570514,0.8608803750413895,0.7083640976954902,0.501779694903946,0.5857512612541707,0.1568009965121746,Climate,1.092497259593467,1.0,0.18750894628465176,0.8608803750413895,13.911962495861053
chronos_bolt__model_config.context_length-512,NE_China_Wind,H,medium,72,0.8919006323111216,0.8163870659437716,0.6133390322494596,0.3761847684807037,0.5857512612541707,0.1795380376279354,Climate,1.092497259593467,1.0,0.18750894628465176,0.8163870659437716,18.361293405622835
chronos_bolt__model_config.context_length-1024,NE_China_Wind,H,short,24,0.5324785977742932,0.6398384711134673,0.4096493655378771,0.16781260268558526,0.39953287968674783,0.35158341005444527,Climate,0.8322078490336116,1.0,0.45941207837313414,0.6398384711134673,36.016152888653274
chronos_bolt__model_config.context_length-128,NE_China_Wind,H,short,24,0.5480001525620691,0.6584895266229774,0.40668364001619806,0.16539158305682455,0.39953287968674783,0.34052828326821327,Climate,0.8322078490336116,1.0,0.45941207837313414,0.6584895266229774,34.15104733770226
chronos_bolt__model_config.context_length-2048,NE_China_Wind,H,short,24,0.5332655848362043,0.6407841327805917,0.40494142443183145,0.16397755722088067,0.39953287968674783,0.39393385872244835,Climate,0.8322078490336116,1.0,0.45941207837313414,0.6407841327805917,35.921586721940834
chronos_bolt__model_config.context_length-256,NE_China_Wind,H,short,24,0.5320235925544116,0.639291726426536,0.406312427034191,0.16508978836241478,0.39953287968674783,0.3443659730255604,Climate,0.8322078490336116,1.0,0.45941207837313414,0.639291726426536,36.0708273573464
chronos_bolt__model_config.context_length-512,NE_China_Wind,H,short,24,0.5380960679919714,0.6465885519066266,0.40321328316013944,0.1625809517167788,0.39953287968674783,0.3516265042126179,Climate,0.8322078490336116,1.0,0.45941207837313414,0.6465885519066266,35.341144809337344
ts_icl__model_config.context_length-1024,NE_China_Wind,H,long,168,1.2089403937456291,0.9082456360953916,0.7852183504195797,0.6165678578356458,0.6787319478156216,0.08624879457056522,Climate,1.3310720643183538,1.0,0.10292179975658655,0.9082456360953916,9.175436390460845
ts_icl__model_config.context_length-2048,NE_China_Wind,H,long,168,1.2269790631914428,0.9217976216935952,0.7642735699873723,0.5841140897812428,0.6787319478156216,0.16175071708858013,Climate,1.3310720643183538,1.0,0.10292179975658655,0.9217976216935952,7.820237830640475
ts_icl__model_config.context_length-256,NE_China_Wind,H,long,168,1.1872395291856008,0.8919423380683674,0.6746777463139328,0.4551900613712475,0.6787319478156216,0.050880310125648975,Climate,1.3310720643183538,1.0,0.10292179975658655,0.8919423380683674,10.805766193163258
ts_icl__model_config.context_length-4096,NE_China_Wind,H,long,168,1.184444580234607,0.8898425652416986,0.5939409804717056,0.352765888283691,0.6787319478156216,0.39693779312074184,Climate,1.3310720643183538,1.0,0.10292179975658655,0.8898425652416986,11.015743475830142
ts_icl__model_config.context_length-512,NE_China_Wind,H,long,168,1.2183886671783162,0.9153438794482227,0.7256506022045814,0.5265687964798716,0.6787319478156216,0.06109614297747612,Climate,1.3310720643183538,1.0,0.10292179975658655,0.9153438794482227,8.46561205517773
ts_icl__model_config.context_length-1024,NE_China_Wind,H,medium,72,0.8956736474573397,0.8198406353812109,0.6191023258214959,0.38328768983758577,0.5857512612541707,0.19219444133341312,Climate,1.092497259593467,1.0,0.18750894628465176,0.8198406353812109,18.015936461878912
ts_icl__model_config.context_length-2048,NE_China_Wind,H,medium,72,0.9096986257129329,0.8326781762834299,0.6170445166523258,0.38074393553070246,0.5857512612541707,0.3785672802478075,Climate,1.092497259593467,1.0,0.18750894628465176,0.8326781762834299,16.73218237165701
ts_icl__model_config.context_length-256,NE_China_Wind,H,medium,72,0.9169991250476848,0.8393605722992042,0.6533018541348766,0.4268033126160676,0.5857512612541707,0.09688984602689743,Climate,1.092497259593467,1.0,0.18750894628465176,0.8393605722992042,16.063942770079574
ts_icl__model_config.context_length-4096,NE_China_Wind,H,medium,72,0.889811358229547,0.8144746821247477,0.6279708242360341,0.39434735609168403,0.5857512612541707,0.9573758784681559,Climate,1.092497259593467,1.0,0.18750894628465176,0.8144746821247477,18.55253178752523
ts_icl__model_config.context_length-512,NE_China_Wind,H,medium,72,0.8934574612228096,0.8178120845404017,0.6511476699016666,0.4239932880183698,0.5857512612541707,0.12290877476334572,Climate,1.092497259593467,1.0,0.18750894628465176,0.8178120845404017,18.218791545959835
ts_icl__model_config.context_length-1024,NE_China_Wind,H,short,24,0.5259167888969829,0.6319536513717043,0.3961441446773576,0.15693018336215522,0.39953287968674783,0.5944777373224497,Climate,0.8322078490336116,1.0,0.45941207837313414,0.6319536513717043,36.804634862829566
ts_icl__model_config.context_length-2048,NE_China_Wind,H,short,24,0.518102080968955,0.622563319452698,0.38445539266848444,0.14780594895187854,0.39953287968674783,1.1767533142119646,Climate,0.8322078490336116,1.0,0.45941207837313414,0.622563319452698,37.74366805473019
ts_icl__model_config.context_length-256,NE_China_Wind,H,short,24,0.5312767844758193,0.6383943447454338,0.4007596701149594,0.16060831319065105,0.39953287968674783,0.44543559197336435,Climate,0.8322078490336116,1.0,0.45941207837313414,0.6383943447454338,36.160565525456626
ts_icl__model_config.context_length-4096,NE_China_Wind,H,short,24,0.510068111026166,0.6129095172780149,0.3842149979946972,0.14762116468406516,0.39953287968674783,2.9759772196412086,Climate,0.8322078490336116,1.0,0.45941207837313414,0.6129095172780149,38.70904827219851
ts_icl__model_config.context_length-512,NE_China_Wind,H,short,24,0.5340681969728291,0.6417485698951381,0.41799688253465633,0.17472139380869128,0.39953287968674783,0.4497832804918289,Climate,0.8322078490336116,1.0,0.45941207837313414,0.6417485698951381,35.825143010486194
chronos2__model_config.context_length-1024,Oil_Price,B,short,20,1.3416777793038055,0.8657834478365974,0.9561347291328316,0.9141936202539133,1.308977194348269,0.42326080426573753,Finance,1.5496690109476723,1.0,12.918505388312042,0.8657834478365974,13.421655216340255
chronos2__model_config.context_length-2048,Oil_Price,B,short,20,1.3347030421981891,0.8612826563409017,0.9639032418949003,0.9291094597354987,1.308977194348269,0.6286046896129847,Finance,1.5496690109476723,1.0,12.918505388312042,0.8612826563409017,13.871734365909827
chronos2__model_config.context_length-4096,Oil_Price,B,short,20,1.3406052611536932,0.8650913528520972,0.9674850318259787,0.936027286807315,1.308977194348269,1.0645496202632785,Finance,1.5496690109476723,1.0,12.918505388312042,0.8650913528520972,13.490864714790284
chronos2__model_config.context_length-512,Oil_Price,B,short,20,1.3474421144501965,0.8695031680514747,0.9590489261723099,0.9197748427922606,1.308977194348269,0.3125702850520611,Finance,1.5496690109476723,1.0,12.918505388312042,0.8695031680514747,13.049683194852534
chronos2__model_config.context_length-8192,Oil_Price,B,short,20,1.3434109152905664,0.866901838908831,0.96605146144525,0.9332554261605034,1.308977194348269,1.2520911619067192,Finance,1.5496690109476723,1.0,12.918505388312042,0.866901838908831,13.309816109116902
chronos_bolt__model_config.context_length-1024,Oil_Price,B,short,20,1.4459113886027488,0.9330453008920451,0.9583213090162155,0.9183797313145529,1.308977194348269,0.7143984735012054,Finance,1.5496690109476723,1.0,12.918505388312042,0.9330453008920451,6.695469910795493
chronos_bolt__model_config.context_length-128,Oil_Price,B,short,20,1.392086112370161,0.8983118992092742,1.0053672089455874,1.0107632248230403,1.308977194348269,0.6622166964225471,Finance,1.5496690109476723,1.0,12.918505388312042,0.8983118992092742,10.168810079072577
chronos_bolt__model_config.context_length-2048,Oil_Price,B,short,20,1.4220399114774767,0.9176410584656743,0.9826661196167252,0.9656327026425922,1.308977194348269,0.8500120025128126,Finance,1.5496690109476723,1.0,12.918505388312042,0.9176410584656743,8.235894153432566
chronos_bolt__model_config.context_length-256,Oil_Price,B,short,20,1.4422359853790756,0.930673566542511,0.9867571868105248,0.973689745722221,1.308977194348269,0.6615900602191687,Finance,1.5496690109476723,1.0,12.918505388312042,0.930673566542511,6.932643345748901
chronos_bolt__model_config.context_length-512,Oil_Price,B,short,20,1.4368159083697634,0.9271759957896457,0.9648656031104526,0.9309656320656973,1.308977194348269,0.6566484924405813,Finance,1.5496690109476723,1.0,12.918505388312042,0.9271759957896457,7.282400421035429
ts_icl__model_config.context_length-1024,Oil_Price,B,short,20,1.3619679885471292,0.8788767013636299,1.0079710871436165,1.016005712517484,1.308977194348269,1.8849114142358303,Finance,1.5496690109476723,1.0,12.918505388312042,0.8788767013636299,12.112329863637006
ts_icl__model_config.context_length-2048,Oil_Price,B,short,20,1.3380281093651931,0.8634283191524531,1.0138036416767844,1.0277978238771097,1.308977194348269,3.9120685644447803,Finance,1.5496690109476723,1.0,12.918505388312042,0.8634283191524531,13.657168084754689
ts_icl__model_config.context_length-256,Oil_Price,B,short,20,1.4307183204559502,0.9232412278677625,0.9884949087634601,0.9771221846512814,1.308977194348269,1.0200141621753573,Finance,1.5496690109476723,1.0,12.918505388312042,0.9232412278677625,7.675877213223748
ts_icl__model_config.context_length-4096,Oil_Price,B,short,20,1.343467022681446,0.866938044957015,1.0052451019175774,1.0105177149292806,1.308977194348269,9.537194196134806,Finance,1.5496690109476723,1.0,12.918505388312042,0.866938044957015,13.3061955042985
ts_icl__model_config.context_length-512,Oil_Price,B,short,20,1.3750778472807699,0.8873364812527713,0.9303497025831726,0.8655505690965977,1.308977194348269,1.2472776547074318,Finance,1.5496690109476723,1.0,12.918505388312042,0.8873364812527713,11.266351874722869
chronos2__model_config.context_length-1024,Online_Retail_2_UCI,D,short,30,0.6092702040045644,0.3753379415224901,0.17989870353493534,0.03236354353355056,0.7074258093720319,0.2079666182398796,Sales,1.6232577008686375,1.0,0.02367151528596878,0.3753379415224901,62.46620584775099
chronos2__model_config.context_length-2048,Online_Retail_2_UCI,D,short,30,0.6092702040045644,0.3753379415224901,0.17989870353493534,0.03236354353355056,0.7074258093720319,0.21608834341168404,Sales,1.6232577008686375,1.0,0.02367151528596878,0.3753379415224901,62.46620584775099
chronos2__model_config.context_length-4096,Online_Retail_2_UCI,D,short,30,0.6092702040045644,0.3753379415224901,0.17989870353493534,0.03236354353355056,0.7074258093720319,0.2066662940196693,Sales,1.6232577008686375,1.0,0.02367151528596878,0.3753379415224901,62.46620584775099
chronos2__model_config.context_length-512,Online_Retail_2_UCI,D,short,30,0.60725023102919,0.3740935470099654,0.17780157644042632,0.03161340058470077,0.7074258093720319,0.2106477301567793,Sales,1.6232577008686375,1.0,0.02367151528596878,0.3740935470099654,62.59064529900347
chronos2__model_config.context_length-8192,Online_Retail_2_UCI,D,short,30,0.6092702040045644,0.3753379415224901,0.17989870353493534,0.03236354353355056,0.7074258093720319,0.2080729864537716,Sales,1.6232577008686375,1.0,0.02367151528596878,0.3753379415224901,62.46620584775099
chronos_bolt__model_config.context_length-1024,Online_Retail_2_UCI,D,short,30,0.6195295273705109,0.381658147710612,0.19487140080464294,0.0379748628515638,0.7074258093720319,0.22445822320878506,Sales,1.6232577008686375,1.0,0.02367151528596878,0.381658147710612,61.8341852289388
chronos_bolt__model_config.context_length-128,Online_Retail_2_UCI,D,short,30,0.7230373447791615,0.44542363445573047,0.2721776476342559,0.07408067187171717,0.7074258093720319,0.21103004273027182,Sales,1.6232577008686375,1.0,0.02367151528596878,0.44542363445573047,55.45763655442695
chronos_bolt__model_config.context_length-2048,Online_Retail_2_UCI,D,short,30,0.6195295273705109,0.381658147710612,0.19487140080464294,0.0379748628515638,0.7074258093720319,0.22610686719417572,Sales,1.6232577008686375,1.0,0.02367151528596878,0.381658147710612,61.8341852289388
chronos_bolt__model_config.context_length-256,Online_Retail_2_UCI,D,short,30,0.7454869581441171,0.459253609420853,0.2988547204790526,0.08931414395261265,0.7074258093720319,0.21458598785102367,Sales,1.6232577008686375,1.0,0.02367151528596878,0.459253609420853,54.074639057914695
chronos_bolt__model_config.context_length-512,Online_Retail_2_UCI,D,short,30,0.6180407247822134,0.38074097812780283,0.19519261990130132,0.0381001588639339,0.7074258093720319,0.21769478172063828,Sales,1.6232577008686375,1.0,0.02367151528596878,0.38074097812780283,61.92590218721972
ts_icl__model_config.context_length-1024,Online_Retail_2_UCI,D,short,30,0.644110333658554,0.3968010336953139,0.23493879488709848,0.05519623734300213,0.7074258093720319,0.23443923145532608,Sales,1.6232577008686375,1.0,0.02367151528596878,0.3968010336953139,60.31989663046862
ts_icl__model_config.context_length-2048,Online_Retail_2_UCI,D,short,30,0.644110333658554,0.3968010336953139,0.23493879488709848,0.05519623734300213,0.7074258093720319,0.23302124254405499,Sales,1.6232577008686375,1.0,0.02367151528596878,0.3968010336953139,60.31989663046862
ts_icl__model_config.context_length-256,Online_Retail_2_UCI,D,short,30,0.7509704384185563,0.4626316807347946,0.26323926379394885,0.0692949100027802,0.7074258093720319,0.2802160819992423,Sales,1.6232577008686375,1.0,0.02367151528596878,0.4626316807347946,53.736831926520544
ts_icl__model_config.context_length-4096,Online_Retail_2_UCI,D,short,30,0.644110333658554,0.3968010336953139,0.23493879488709848,0.05519623734300213,0.7074258093720319,0.23356112651526928,Sales,1.6232577008686375,1.0,0.02367151528596878,0.3968010336953139,60.31989663046862
ts_icl__model_config.context_length-512,Online_Retail_2_UCI,D,short,30,0.7122804794226703,0.43879691994777836,0.28808149329720567,0.08299094678034796,0.7074258093720319,0.1782672107219696,Sales,1.6232577008686375,1.0,0.02367151528596878,0.43879691994777836,56.120308005222164
chronos2__model_config.context_length-1024,OpenElectricity_NEM,5T,long,288,0.8117877933082013,0.7939442633570115,0.3773197322248544,0.1423701803262358,0.21617743752963614,0.13231097906827927,Energy,1.0224745372877215,1.0,1.473781293258071,0.7939442633570115,20.60557366429885
chronos2__model_config.context_length-2048,OpenElectricity_NEM,5T,long,288,0.7369632284325451,0.7207643824436537,0.38649521929681907,0.14937855453929627,0.21617743752963614,0.19342991709709167,Energy,1.0224745372877215,1.0,1.473781293258071,0.7207643824436537,27.92356175563463
chronos2__model_config.context_length-4096,OpenElectricity_NEM,5T,long,288,0.7240037392364038,0.708089749752537,0.38249610622012503,0.14630327127355716,0.21617743752963614,0.3382874191738665,Energy,1.0224745372877215,1.0,1.473781293258071,0.708089749752537,29.1910250247463
chronos2__model_config.context_length-512,OpenElectricity_NEM,5T,long,288,0.8778724685428445,0.8585763620789449,0.42493930684564574,0.18057341450245784,0.21617743752963614,0.09028411842882633,Energy,1.0224745372877215,1.0,1.473781293258071,0.8585763620789449,14.142363792105506
chronos2__model_config.context_length-8192,OpenElectricity_NEM,5T,long,288,0.7277800559655977,0.7117830610199366,0.3874881954089126,0.15014710158125563,0.21617743752963614,0.6626682933419943,Energy,1.0224745372877215,1.0,1.473781293258071,0.7117830610199366,28.82169389800634
chronos2__model_config.context_length-1024,OpenElectricity_NEM,5T,medium,96,0.6873150691793612,0.6724700265895841,0.45081425096676475,0.20323348887472514,0.5621339027558641,0.30845640785992146,Energy,1.0220753966761364,1.0,2.961383949033916,0.6724700265895841,32.75299734104159
chronos2__model_config.context_length-2048,OpenElectricity_NEM,5T,medium,96,0.6045299936117529,0.5914729926752257,0.4136320430310207,0.17109146702201616,0.5621339027558641,0.5003890413790941,Energy,1.0220753966761364,1.0,2.961383949033916,0.5914729926752257,40.85270073247743
chronos2__model_config.context_length-4096,OpenElectricity_NEM,5T,medium,96,0.5808028387994557,0.5682583111659558,0.39632439603586866,0.15707302689319608,0.5621339027558641,0.9575067688710988,Energy,1.0220753966761364,1.0,2.961383949033916,0.5682583111659558,43.17416888340442
chronos2__model_config.context_length-512,OpenElectricity_NEM,5T,medium,96,0.7527567784143697,0.736498286586674,0.5308763397066547,0.2818296880603354,0.5621339027558641,0.17851836420595646,Energy,1.0220753966761364,1.0,2.961383949033916,0.736498286586674,26.350171341332597
chronos2__model_config.context_length-8192,OpenElectricity_NEM,5T,medium,96,0.5801664817821864,0.5676356985687455,0.3953468037691756,0.15629909525050303,0.5621339027558641,1.9735985733568668,Energy,1.0220753966761364,1.0,2.961383949033916,0.5676356985687455,43.236430143125446
chronos2__model_config.context_length-1024,OpenElectricity_NEM,5T,short,24,0.4174124972628178,0.4085596873804583,0.44071052815789585,0.19422576962921154,0.8538266760641295,1.1113804299384356,Energy,1.021668339182264,1.0,9.567372966557741,0.4085596873804583,59.144031261954176
chronos2__model_config.context_length-2048,OpenElectricity_NEM,5T,short,24,0.3882687871118561,0.3800340797705678,0.40262860913252263,0.16210979689198968,0.8538266760641295,2.080778183415532,Energy,1.021668339182264,1.0,9.567372966557741,0.3800340797705678,61.99659202294322
chronos2__model_config.context_length-4096,OpenElectricity_NEM,5T,short,24,0.38368277365813164,0.37554533006790497,0.3973118085090035,0.15785667318069507,0.8538266760641295,4.036631742957979,Energy,1.021668339182264,1.0,9.567372966557741,0.37554533006790497,62.4454669932095
chronos2__model_config.context_length-512,OpenElectricity_NEM,5T,short,24,0.4459997795142809,0.4365406682478346,0.4808725146638653,0.23123837535914935,0.8538266760641295,0.6735089682042599,Energy,1.021668339182264,1.0,9.567372966557741,0.4365406682478346,56.345933175216544
chronos2__model_config.context_length-8192,OpenElectricity_NEM,5T,short,24,0.38256966810718757,0.3744558321278641,0.3970587506548639,0.1576556514716014,0.8538266760641295,8.096736559644341,Energy,1.021668339182264,1.0,9.567372966557741,0.3744558321278641,62.55441678721358
chronos_bolt__model_config.context_length-1024,OpenElectricity_NEM,5T,long,288,0.9935770046083269,0.9717376505472205,0.49405125856852067,0.2440866460931393,0.21617743752963614,2.9805524982511997,Energy,1.0224745372877215,1.0,1.473781293258071,0.9717376505472205,2.82623494527795
chronos_bolt__model_config.context_length-128,OpenElectricity_NEM,5T,long,288,1.5684043420527558,1.533929975618954,0.7045473459379723,0.4963869626682408,0.21617743752963614,1.1243230132386088,Energy,1.0224745372877215,1.0,1.473781293258071,1.533929975618954,-53.39299756189539
chronos_bolt__model_config.context_length-2048,OpenElectricity_NEM,5T,long,288,0.8973124209379337,0.8775890139212654,0.42232540236504357,0.17835874548279596,0.21617743752963614,5.246577801182866,Energy,1.0224745372877215,1.0,1.473781293258071,0.8775890139212654,12.241098607873457
chronos_bolt__model_config.context_length-256,OpenElectricity_NEM,5T,long,288,1.8434339024976234,1.8029142392021114,1.1031819251035508,1.2170103598751763,0.21617743752963614,1.320169921964407,Energy,1.0224745372877215,1.0,1.473781293258071,1.8029142392021114,-80.29142392021113
chronos_bolt__model_config.context_length-512,OpenElectricity_NEM,5T,long,288,1.3542399679858315,1.3244730490581909,0.6121563033720638,0.37473533975815027,0.21617743752963614,1.8479018975049257,Energy,1.0224745372877215,1.0,1.473781293258071,1.3244730490581909,-32.44730490581909
chronos_bolt__model_config.context_length-1024,OpenElectricity_NEM,5T,medium,96,0.8215585245547776,0.8038140113993015,0.5395929067099047,0.2911605049716439,0.5621339027558641,2.425270654261112,Energy,1.0220753966761364,1.0,2.961383949033916,0.8038140113993015,19.618598860069845
chronos_bolt__model_config.context_length-128,OpenElectricity_NEM,5T,medium,96,1.4801433212311297,1.4481742991218294,1.0018077860830217,1.0036188402565653,0.5621339027558641,1.1232912628911436,Energy,1.0220753966761364,1.0,2.961383949033916,1.4481742991218294,-44.81742991218294
chronos_bolt__model_config.context_length-2048,OpenElectricity_NEM,5T,medium,96,0.7173457233720583,0.7018520607236205,0.45819108216279253,0.2099390677735109,0.5621339027558641,4.370618984103203,Energy,1.0220753966761364,1.0,2.961383949033916,0.7018520607236205,29.81479392763795
chronos_bolt__model_config.context_length-256,OpenElectricity_NEM,5T,medium,96,1.3936380891812847,1.363537458893441,1.0694734650298887,1.1437734924030365,0.5621339027558641,1.2731913141906261,Energy,1.0220753966761364,1.0,2.961383949033916,1.363537458893441,-36.353745889344104
chronos_bolt__model_config.context_length-512,OpenElectricity_NEM,5T,medium,96,1.0658624266423566,1.0428412914630554,0.6725876264241979,0.45237411521893645,0.5621339027558641,1.508703637868166,Energy,1.0220753966761364,1.0,2.961383949033916,1.0428412914630554,-4.2841291463055375
chronos_bolt__model_config.context_length-1024,OpenElectricity_NEM,5T,short,24,0.5038250497107322,0.4931395350021222,0.5465278582219284,0.29869269981264823,0.8538266760641295,2.2205739058554173,Energy,1.021668339182264,1.0,9.567372966557741,0.4931395350021222,50.686046499787786
chronos_bolt__model_config.context_length-128,OpenElectricity_NEM,5T,short,24,0.6833740995595842,0.6688805685282876,0.6768641322141714,0.45814505347804324,0.8538266760641295,1.998383485712111,Energy,1.021668339182264,1.0,9.567372966557741,0.6688805685282876,33.11194314717124
chronos_bolt__model_config.context_length-2048,OpenElectricity_NEM,5T,short,24,0.4592765393518389,0.4495358442050191,0.4873320855502841,0.23749256160678944,0.8538266760641295,2.7794139720499516,Energy,1.021668339182264,1.0,9.567372966557741,0.4495358442050191,55.046415579498095
chronos_bolt__model_config.context_length-256,OpenElectricity_NEM,5T,short,24,0.6355385365853258,0.6220595394920491,0.6441521625566824,0.4149320085264505,0.8538266760641295,1.974811578169465,Energy,1.021668339182264,1.0,9.567372966557741,0.6220595394920491,37.794046050795096
chronos_bolt__model_config.context_length-512,OpenElectricity_NEM,5T,short,24,0.5854332440068626,0.5730169190477598,0.6111684854597852,0.37352691761920764,0.8538266760641295,1.9864103607833385,Energy,1.021668339182264,1.0,9.567372966557741,0.5730169190477598,42.69830809522402
ts_icl__model_config.context_length-1024,OpenElectricity_NEM,5T,long,288,0.8456954304121322,0.8271065924589923,0.37009516463705244,0.13697043088772695,0.21617743752963614,0.6877314541488886,Energy,1.0224745372877215,1.0,1.473781293258071,0.8271065924589923,17.289340754100767
ts_icl__model_config.context_length-2048,OpenElectricity_NEM,5T,long,288,0.7890508870554024,0.7717071264664321,0.3939476693211999,0.15519476616360547,0.21617743752963614,1.4196253176778555,Energy,1.0224745372877215,1.0,1.473781293258071,0.7717071264664321,22.829287353356786
ts_icl__model_config.context_length-256,OpenElectricity_NEM,5T,long,288,2.196981874986385,2.1486910381301363,1.6027353131610194,2.5687604840533504,0.21617743752963614,0.3508320008404553,Energy,1.0224745372877215,1.0,1.473781293258071,2.1486910381301363,-114.86910381301362
ts_icl__model_config.context_length-4096,OpenElectricity_NEM,5T,long,288,0.7907008535945231,0.773320825858397,0.4049384846169692,0.1639751763238874,0.21617743752963614,3.5557347536087036,Energy,1.0224745372877215,1.0,1.473781293258071,0.773320825858397,22.6679174141603
ts_icl__model_config.context_length-512,OpenElectricity_NEM,5T,long,288,0.9742743134413936,0.9528592428578351,0.560193327333625,0.313816563989118,0.21617743752963614,0.4463990032672882,Energy,1.0224745372877215,1.0,1.473781293258071,0.9528592428578351,4.714075714216492
ts_icl__model_config.context_length-1024,OpenElectricity_NEM,5T,medium,96,0.7279730862951177,0.7122498874961075,0.4886453719861017,0.23877429956343568,0.5621339027558641,1.7870128192007542,Energy,1.0220753966761364,1.0,2.961383949033916,0.7122498874961075,28.775011250389248
ts_icl__model_config.context_length-2048,OpenElectricity_NEM,5T,medium,96,0.6519088508837666,0.6378285330062945,0.4224083651477151,0.17842882694676546,0.5621339027558641,3.780446356162429,Energy,1.0220753966761364,1.0,2.961383949033916,0.6378285330062945,36.21714669937055
ts_icl__model_config.context_length-256,OpenElectricity_NEM,5T,medium,96,1.5025371314572058,1.4700844344199713,1.1342418554212212,1.2865045865893745,0.5621339027558641,0.7816577013581991,Energy,1.0220753966761364,1.0,2.961383949033916,1.4700844344199713,-47.00844344199713
ts_icl__model_config.context_length-4096,OpenElectricity_NEM,5T,medium,96,0.6449028965535343,0.630973897474497,0.428831663374471,0.18389659551251558,0.5621339027558641,10.069021234288812,Energy,1.0220753966761364,1.0,2.961383949033916,0.630973897474497,36.9026102525503
ts_icl__model_config.context_length-512,OpenElectricity_NEM,5T,medium,96,0.9020308704579938,0.8825482673699648,0.6191492158557731,0.3833457514948187,0.5621339027558641,1.080724185332656,Energy,1.0220753966761364,1.0,2.961383949033916,0.8825482673699648,11.745173263003517
ts_icl__model_config.context_length-1024,OpenElectricity_NEM,5T,short,24,0.4518590415360596,0.4422756624696076,0.47321732077980516,0.22393463268601702,0.8538266760641295,6.211110446602106,Energy,1.021668339182264,1.0,9.567372966557741,0.4422756624696076,55.77243375303924
ts_icl__model_config.context_length-2048,OpenElectricity_NEM,5T,short,24,0.426087578876941,0.4170507810959263,0.43054633778977214,0.18537014898418458,0.8538266760641295,14.599433647468686,Energy,1.021668339182264,1.0,9.567372966557741,0.4170507810959263,58.294921890407366
ts_icl__model_config.context_length-256,OpenElectricity_NEM,5T,short,24,0.6009085054935613,0.5881639691159698,0.6491559219875238,0.4214034110514721,0.8538266760641295,2.8328723697923124,Energy,1.021668339182264,1.0,9.567372966557741,0.5881639691159698,41.18360308840302
ts_icl__model_config.context_length-4096,OpenElectricity_NEM,5T,short,24,0.4241598137214453,0.4151639014877761,0.42680526203633284,0.18216273170190275,0.8538266760641295,39.91220945678651,Energy,1.021668339182264,1.0,9.567372966557741,0.4151639014877761,58.48360985122238
ts_icl__model_config.context_length-512,OpenElectricity_NEM,5T,short,24,0.4970005166706015,0.4864597419828015,0.5241775798355006,0.27476213520220266,0.8538266760641295,3.8966533970087767,Energy,1.021668339182264,1.0,9.567372966557741,0.4864597419828015,51.35402580171985
chronos2__model_config.context_length-1024,Port_Activity,D,short,30,0.6600231628373281,0.6921175798422293,0.23096199329088246,0.053343442344897636,0.36546784286960077,1.9244468174874783,Transport,0.9536286637709488,1.0,8.336052159778774,0.6921175798422293,30.78824201577707
chronos2__model_config.context_length-2048,Port_Activity,D,short,30,0.6588129479361982,0.6908485167916868,0.23054152187400379,0.05314939330798177,0.36546784286960077,3.100529970601201,Transport,0.9536286637709488,1.0,8.336052159778774,0.6908485167916868,30.91514832083132
chronos2__model_config.context_length-4096,Port_Activity,D,short,30,0.6587580455178945,0.6907909446775197,0.23055050255831952,0.0531535342298937,0.36546784286960077,3.1895915237255394,Transport,0.9536286637709488,1.0,8.336052159778774,0.6907909446775197,30.92090553224803
chronos2__model_config.context_length-512,Port_Activity,D,short,30,0.6607167160903469,0.6928448579530573,0.2317025856130683,0.05368608817978125,0.36546784286960077,1.3843526802957058,Transport,0.9536286637709488,1.0,8.336052159778774,0.6928448579530573,30.715514204694273
chronos2__model_config.context_length-8192,Port_Activity,D,short,30,0.6587580455178945,0.6907909446775197,0.23055050255831952,0.0531535342298937,0.36546784286960077,3.191304784268141,Transport,0.9536286637709488,1.0,8.336052159778774,0.6907909446775197,30.92090553224803
chronos_bolt__model_config.context_length-1024,Port_Activity,D,short,30,0.6622519893500471,0.6944547857142777,0.23387287715463392,0.05469652266858649,0.36546784286960077,3.0371985565871,Transport,0.9536286637709488,1.0,8.336052159778774,0.6944547857142777,30.554521428572233
chronos_bolt__model_config.context_length-128,Port_Activity,D,short,30,0.6696001712775096,0.7021602817911315,0.23372796875380633,0.05462876337778026,0.36546784286960077,2.728501387871802,Transport,0.9536286637709488,1.0,8.336052159778774,0.7021602817911315,29.783971820886844
chronos_bolt__model_config.context_length-2048,Port_Activity,D,short,30,0.662000459082709,0.6941910244863553,0.2355561369237364,0.05548669364243405,0.36546784286960077,3.95405494235456,Transport,0.9536286637709488,1.0,8.336052159778774,0.6941910244863553,30.580897551364473
chronos_bolt__model_config.context_length-256,Port_Activity,D,short,30,0.6659705068653659,0.6983541205985863,0.2331410483603944,0.054354748430583764,0.36546784286960077,2.714879771694541,Transport,0.9536286637709488,1.0,8.336052159778774,0.6983541205985863,30.164587940141374
chronos_bolt__model_config.context_length-512,Port_Activity,D,short,30,0.6631260884149834,0.6953713888934226,0.23232957231217474,0.05397703017075803,0.36546784286960077,2.753483371809125,Transport,0.9536286637709488,1.0,8.336052159778774,0.6953713888934226,30.462861110657734
ts_icl__model_config.context_length-1024,Port_Activity,D,short,30,0.6650871833801423,0.6974278444506665,0.2288666322856498,0.05237993537377484,0.36546784286960077,8.712459726259112,Transport,0.9536286637709488,1.0,8.336052159778774,0.6974278444506665,30.257215554933346
ts_icl__model_config.context_length-2048,Port_Activity,D,short,30,0.6636205694873705,0.695889914700346,0.22852462088888806,0.052223502352410016,0.36546784286960077,41.0601569917053,Transport,0.9536286637709488,1.0,8.336052159778774,0.695889914700346,30.4110085299654
ts_icl__model_config.context_length-256,Port_Activity,D,short,30,0.6652624332830421,0.6976116160900454,0.22955500447351843,0.05269550007883706,0.36546784286960077,4.06750317895785,Transport,0.9536286637709488,1.0,8.336052159778774,0.6976116160900454,30.23883839099546
ts_icl__model_config.context_length-4096,Port_Activity,D,short,30,0.6636159462695193,0.6958850666729881,0.22852152281296448,0.05222208638875625,0.36546784286960077,41.44158853031695,Transport,0.9536286637709488,1.0,8.336052159778774,0.6958850666729881,30.41149333270119
ts_icl__model_config.context_length-512,Port_Activity,D,short,30,0.664859838267423,0.6971894444094804,0.2289662007922789,0.05242552110525017,0.36546784286960077,5.489574819803238,Transport,0.9536286637709488,1.0,8.336052159778774,0.6971894444094804,30.28105555905196
chronos2__model_config.context_length-1024,Port_Activity,W,short,13,0.7793327862026835,0.7988733113320162,0.3147555246209859,0.09907104027943206,0.21474218187417846,0.5636818893253803,Transport,0.9755398949343401,1.0,3.622349251061678,0.7988733113320162,20.112668866798376
chronos2__model_config.context_length-2048,Port_Activity,W,short,13,0.7793327862026835,0.7988733113320162,0.3147555246209859,0.09907104027943206,0.21474218187417846,0.5651360414922237,Transport,0.9755398949343401,1.0,3.622349251061678,0.7988733113320162,20.112668866798376
chronos2__model_config.context_length-4096,Port_Activity,W,short,13,0.7793327862026835,0.7988733113320162,0.3147555246209859,0.09907104027943206,0.21474218187417846,0.5618640230968595,Transport,0.9755398949343401,1.0,3.622349251061678,0.7988733113320162,20.112668866798376
chronos2__model_config.context_length-512,Port_Activity,W,short,13,0.7793327862026835,0.7988733113320162,0.3147555246209859,0.09907104027943206,0.21474218187417846,0.5580303184688091,Transport,0.9755398949343401,1.0,3.622349251061678,0.7988733113320162,20.112668866798376
chronos2__model_config.context_length-8192,Port_Activity,W,short,13,0.7793327862026835,0.7988733113320162,0.3147555246209859,0.09907104027943206,0.21474218187417846,0.5634339321404696,Transport,0.9755398949343401,1.0,3.622349251061678,0.7988733113320162,20.112668866798376
chronos_bolt__model_config.context_length-1024,Port_Activity,W,short,13,0.7834238251459267,0.8030669265439482,0.30709717554035704,0.09430867522486486,0.21474218187417846,1.117977313697338,Transport,0.9755398949343401,1.0,3.622349251061678,0.8030669265439482,19.69330734560518
chronos_bolt__model_config.context_length-128,Port_Activity,W,short,13,0.7924529934346941,0.8123224868092463,0.31915667944351933,0.10186098603341334,0.21474218187417846,1.0405616937205195,Transport,0.9755398949343401,1.0,3.622349251061678,0.8123224868092463,18.767751319075366
chronos_bolt__model_config.context_length-2048,Port_Activity,W,short,13,0.7834238251459267,0.8030669265439482,0.30709717554035704,0.09430867522486486,0.21474218187417846,1.1052348800003529,Transport,0.9755398949343401,1.0,3.622349251061678,0.8030669265439482,19.69330734560518
chronos_bolt__model_config.context_length-256,Port_Activity,W,short,13,0.785075824448637,0.8047603470911637,0.30806030375618815,0.0949011507503549,0.21474218187417846,1.322754856199026,Transport,0.9755398949343401,1.0,3.622349251061678,0.8047603470911637,19.523965290883627
chronos_bolt__model_config.context_length-512,Port_Activity,W,short,13,0.7834238251459267,0.8030669265439482,0.30709717554035704,0.09430867522486486,0.21474218187417846,1.1217714995145798,Transport,0.9755398949343401,1.0,3.622349251061678,0.8030669265439482,19.69330734560518
ts_icl__model_config.context_length-1024,Port_Activity,W,short,13,0.7878643592183598,0.8076187999173401,0.3125384682935249,0.09768029416326265,0.21474218187417846,9.235707823187113,Transport,0.9755398949343401,1.0,3.622349251061678,0.8076187999173401,19.23812000826599
ts_icl__model_config.context_length-2048,Port_Activity,W,short,13,0.7878643592183598,0.8076187999173401,0.3125384682935249,0.09768029416326265,0.21474218187417846,9.370899874716997,Transport,0.9755398949343401,1.0,3.622349251061678,0.8076187999173401,19.23812000826599
ts_icl__model_config.context_length-256,Port_Activity,W,short,13,0.788846960373271,0.808626038227135,0.3129935195409205,0.09796494327461255,0.21474218187417846,9.238122635055333,Transport,0.9755398949343401,1.0,3.622349251061678,0.808626038227135,19.137396177286504
ts_icl__model_config.context_length-4096,Port_Activity,W,short,13,0.7878643592183598,0.8076187999173401,0.3125384682935249,0.09768029416326265,0.21474218187417846,9.249096589162946,Transport,0.9755398949343401,1.0,3.622349251061678,0.8076187999173401,19.23812000826599
ts_icl__model_config.context_length-512,Port_Activity,W,short,13,0.7878643592183598,0.8076187999173401,0.3125384682935249,0.09768029416326265,0.21474218187417846,9.24059366248548,Transport,0.9755398949343401,1.0,3.622349251061678,0.8076187999173401,19.23812000826599
chronos2__model_config.context_length-1024,SG_Carpark,15T,long,672,0.8323048170508887,0.6363712154025504,0.9146120196611718,0.8365151465086876,0.6407367954972765,0.7026825379580259,Transport,1.307891992764626,1.0,6.359087245538831,0.6363712154025504,36.36287845974496
chronos2__model_config.context_length-2048,SG_Carpark,15T,long,672,0.7344846100303379,0.5615789484862448,0.8485156305207806,0.719978775238078,0.6407367954972765,0.8275004662573338,Transport,1.307891992764626,1.0,6.359087245538831,0.5615789484862448,43.84210515137552
chronos2__model_config.context_length-4096,SG_Carpark,15T,long,672,0.7206119959302046,0.550972098549952,0.8107421089083474,0.6573027671571547,0.6407367954972765,1.198051645886153,Transport,1.307891992764626,1.0,6.359087245538831,0.550972098549952,44.9027901450048
chronos2__model_config.context_length-512,SG_Carpark,15T,long,672,0.9595722797138757,0.7336785338715386,0.9425577466609993,0.8884151057906606,0.6407367954972765,0.6259685829281807,Transport,1.307891992764626,1.0,6.359087245538831,0.7336785338715386,26.632146612846142
chronos2__model_config.context_length-8192,SG_Carpark,15T,long,672,0.7260138576806109,0.5551023033224332,0.8167279252106057,0.6670445038188207,0.6407367954972765,2.0540081430226564,Transport,1.307891992764626,1.0,6.359087245538831,0.5551023033224332,44.48976966775668
chronos2__model_config.context_length-1024,SG_Carpark,15T,medium,96,0.5971690674265364,0.630427814192407,0.6130804907390969,0.3758676881248918,0.6915537435383057,2.6687243338674307,Transport,0.9472441633805834,1.0,14.793124185875058,0.630427814192407,36.957218580759296
chronos2__model_config.context_length-2048,SG_Carpark,15T,medium,96,0.5328764763677057,0.5625545101971844,0.5554589357708166,0.30853462932764814,0.6915537435383057,3.8344166073948145,Transport,0.9472441633805834,1.0,14.793124185875058,0.5625545101971844,43.744548980281564
chronos2__model_config.context_length-4096,SG_Carpark,15T,medium,96,0.5252616935066274,0.5545156294571836,0.5430692908913652,0.29492425470925027,0.6915537435383057,6.181259102188051,Transport,0.9472441633805834,1.0,14.793124185875058,0.5545156294571836,44.54843705428164
chronos2__model_config.context_length-512,SG_Carpark,15T,medium,96,0.7423938431116032,0.783740741628961,0.6104449206078588,0.3726430010959351,0.6915537435383057,2.653299231082201,Transport,0.9472441633805834,1.0,14.793124185875058,0.783740741628961,21.6259258371039
chronos2__model_config.context_length-8192,SG_Carpark,15T,medium,96,0.5286342047799814,0.558075969445258,0.5457085903482337,0.2977978655798563,0.6915537435383057,12.132472479715943,Transport,0.9472441633805834,1.0,14.793124185875058,0.558075969445258,44.1924030554742
chronos2__model_config.context_length-1024,SG_Carpark,15T,short,16,0.39637423791309156,0.4207493464206178,0.4783718615880051,0.22883963795917353,1.3572945477146132,14.821583073586226,Transport,0.9420673883040124,1.0,64.31157630681992,0.4207493464206178,57.92506535793822
chronos2__model_config.context_length-2048,SG_Carpark,15T,short,16,0.37169406636338814,0.3945514630673529,0.43735256843913933,0.19127726912031207,1.3572945477146132,21.129515442997217,Transport,0.9420673883040124,1.0,64.31157630681992,0.3945514630673529,60.54485369326471
chronos2__model_config.context_length-4096,SG_Carpark,15T,short,16,0.36813365550504334,0.39077210407186264,0.4416022550448953,0.19501255166073678,1.3572945477146132,35.7463354440406,Transport,0.9420673883040124,1.0,64.31157630681992,0.39077210407186264,60.92278959281374
chronos2__model_config.context_length-512,SG_Carpark,15T,short,16,0.45730894769086783,0.4854312476670626,0.5348897103128571,0.28610700219857227,1.3572945477146132,14.765575047582388,Transport,0.9420673883040124,1.0,64.31157630681992,0.4854312476670626,51.456875233293744
chronos2__model_config.context_length-8192,SG_Carpark,15T,short,16,0.3700561151945231,0.3928127857824786,0.4441244159876106,0.19724649687633616,1.3572945477146132,71.43521068245173,Transport,0.9420673883040124,1.0,64.31157630681992,0.3928127857824786,60.71872142175214
chronos_bolt__model_config.context_length-1024,SG_Carpark,15T,long,672,0.9611144607924185,0.7348576687596442,0.8833891866156807,0.7803764550295139,0.6407367954972765,21.865801624953747,Transport,1.307891992764626,1.0,6.359087245538831,0.7348576687596442,26.51423312403558
chronos_bolt__model_config.context_length-128,SG_Carpark,15T,long,672,1.4057749792147625,1.074840267385712,0.823669240351587,0.6784310175013603,0.6407367954972765,8.87752377614379,Transport,1.307891992764626,1.0,6.359087245538831,1.074840267385712,-7.484026738571203
chronos_bolt__model_config.context_length-2048,SG_Carpark,15T,long,672,0.9706223534883668,0.7421273001577617,0.9013709600699411,0.8124696076574074,0.6407367954972765,32.76996552944183,Transport,1.307891992764626,1.0,6.359087245538831,0.7421273001577617,25.787269984223826
chronos_bolt__model_config.context_length-256,SG_Carpark,15T,long,672,0.9626648346352339,0.7360430677462518,0.7995054295233811,0.639208931837366,0.6407367954972765,10.548405384644866,Transport,1.307891992764626,1.0,6.359087245538831,0.7360430677462518,26.395693225374817
chronos_bolt__model_config.context_length-512,SG_Carpark,15T,long,672,0.9956288533367972,0.7612469981043571,0.8043283224500212,0.6469440502952652,0.6407367954972765,13.83549421466887,Transport,1.307891992764626,1.0,6.359087245538831,0.7612469981043571,23.875300189564285
chronos_bolt__model_config.context_length-1024,SG_Carpark,15T,medium,96,0.6438826462426821,0.6797430600625228,0.6325669056042383,0.4001408900657214,0.6915537435383057,14.27947511896491,Transport,0.9472441633805834,1.0,14.793124185875058,0.6797430600625228,32.025693993747716
chronos_bolt__model_config.context_length-128,SG_Carpark,15T,medium,96,1.0036389884921735,1.059535679703029,0.875295635163889,0.7661424489369558,0.6915537435383057,6.440324251074344,Transport,0.9472441633805834,1.0,14.793124185875058,1.059535679703029,-5.953567970302909
chronos_bolt__model_config.context_length-2048,SG_Carpark,15T,medium,96,0.6110573661681822,0.6450896081401051,0.586846019308562,0.3443882503783051,0.6915537435383057,25.99652610346675,Transport,0.9472441633805834,1.0,14.793124185875058,0.6450896081401051,35.49103918598949
chronos_bolt__model_config.context_length-256,SG_Carpark,15T,medium,96,0.839893804982021,0.8866708684533418,0.6510954947903226,0.423925343336255,0.6915537435383057,7.438646927475929,Transport,0.9472441633805834,1.0,14.793124185875058,0.8866708684533418,11.332913154665825
chronos_bolt__model_config.context_length-512,SG_Carpark,15T,medium,96,0.7250370495669488,0.7654172784547881,0.6248174400089325,0.39039683333931596,0.6915537435383057,8.669986966997385,Transport,0.9472441633805834,1.0,14.793124185875058,0.7654172784547881,23.458272154521186
chronos_bolt__model_config.context_length-1024,SG_Carpark,15T,short,16,0.4219257596778393,0.44787216383471773,0.4922961754799397,0.24235552439217556,1.3572945477146132,18.119925847277045,Transport,0.9420673883040124,1.0,64.31157630681992,0.44787216383471773,55.21278361652823
chronos_bolt__model_config.context_length-128,SG_Carpark,15T,short,16,0.6036241433187272,0.6407441238417363,0.7122880754932022,0.5073543024898096,1.3572945477146132,15.962856190279126,Transport,0.9420673883040124,1.0,64.31157630681992,0.6407441238417363,35.92558761582637
chronos_bolt__model_config.context_length-2048,SG_Carpark,15T,short,16,0.40722017076287736,0.43226225195629453,0.480367022877228,0.23075247666793128,1.3572945477146132,22.924635319039226,Transport,0.9420673883040124,1.0,64.31157630681992,0.43226225195629453,56.77377480437055
chronos_bolt__model_config.context_length-256,SG_Carpark,15T,short,16,0.5174729592072732,0.5492950564172174,0.57886092020646,0.3350799649422696,1.3572945477146132,16.204237338155508,Transport,0.9420673883040124,1.0,64.31157630681992,0.5492950564172174,45.07049435827825
chronos_bolt__model_config.context_length-512,SG_Carpark,15T,short,16,0.4678130972189297,0.4965813518511935,0.5422705339046724,0.2940573319412585,1.3572945477146132,15.808945367112756,Transport,0.9420673883040124,1.0,64.31157630681992,0.4965813518511935,50.34186481488065
ts_icl__model_config.context_length-1024,SG_Carpark,15T,long,672,0.9328476148233518,0.713245145611371,0.8843373165876028,0.7820524895093621,0.6407367954972765,2.29559032805264,Transport,1.307891992764626,1.0,6.359087245538831,0.713245145611371,28.675485438862903
ts_icl__model_config.context_length-2048,SG_Carpark,15T,long,672,0.8668643485238084,0.6627950574813353,0.83555577351494,0.6981534506541497,0.6407367954972765,4.152721567079425,Transport,1.307891992764626,1.0,6.359087245538831,0.6627950574813353,33.72049425186647
ts_icl__model_config.context_length-256,SG_Carpark,15T,long,672,1.9032890425165079,1.4552341118729,0.7569541361239389,0.5729795641951386,0.6407367954972765,1.219519417732954,Transport,1.307891992764626,1.0,6.359087245538831,1.4552341118729,-45.523411187289994
ts_icl__model_config.context_length-4096,SG_Carpark,15T,long,672,0.8407709166409469,0.642844303116898,0.8385551376165519,0.7031747188231142,0.6407367954972765,9.799694649875164,Transport,1.307891992764626,1.0,6.359087245538831,0.642844303116898,35.7155696883102
ts_icl__model_config.context_length-512,SG_Carpark,15T,long,672,1.7569394216263845,1.3433367826593698,0.8765233491162274,0.768293181545928,0.6407367954972765,1.5518818981945515,Transport,1.307891992764626,1.0,6.359087245538831,1.3433367826593698,-34.33367826593698
ts_icl__model_config.context_length-1024,SG_Carpark,15T,medium,96,0.6882166730239624,0.7265462270760396,0.6613174343342868,0.4373407489544837,0.6915537435383057,11.578173043206334,Transport,0.9472441633805834,1.0,14.793124185875058,0.7265462270760396,27.345377292396044
ts_icl__model_config.context_length-2048,SG_Carpark,15T,medium,96,0.6461145230298208,0.6820992390430017,0.608566601851271,0.3703533088888034,0.6915537435383057,23.099732453003526,Transport,0.9472441633805834,1.0,14.793124185875058,0.6820992390430017,31.790076095699828
ts_icl__model_config.context_length-256,SG_Carpark,15T,medium,96,1.2303539266756591,1.2988772844846002,0.8518538947108067,0.7256550579339702,0.6915537435383057,5.111514745280147,Transport,0.9472441633805834,1.0,14.793124185875058,1.2988772844846002,-29.887728448460017
ts_icl__model_config.context_length-4096,SG_Carpark,15T,medium,96,0.6267502229170061,0.661656463187085,0.5924049275067159,0.35094359813423737,0.6915537435383057,60.2618314307183,Transport,0.9472441633805834,1.0,14.793124185875058,0.661656463187085,33.834353681291496
ts_icl__model_config.context_length-512,SG_Carpark,15T,medium,96,0.9646051387907304,1.0183278779445715,0.8122976235546273,0.659827429232495,0.6915537435383057,6.647534303367138,Transport,0.9472441633805834,1.0,14.793124185875058,1.0183278779445715,-1.832787794457147
ts_icl__model_config.context_length-1024,SG_Carpark,15T,short,16,0.428485505011667,0.4548353019448662,0.5000924011560657,0.25009240969403934,1.3572945477146132,60.178551433607936,Transport,0.9420673883040124,1.0,64.31157630681992,0.4548353019448662,54.51646980551338
ts_icl__model_config.context_length-2048,SG_Carpark,15T,short,16,0.4068659634682698,0.4318862626173097,0.48135135383082883,0.23169912583477176,1.3572945477146132,131.00873433798552,Transport,0.9420673883040124,1.0,64.31157630681992,0.4318862626173097,56.81137373826903
ts_icl__model_config.context_length-256,SG_Carpark,15T,short,16,0.5752736451549326,0.6106502064471075,0.6494155605972167,0.4217405703457973,1.3572945477146132,30.67972928797826,Transport,0.9420673883040124,1.0,64.31157630681992,0.6106502064471075,38.934979355289244
ts_icl__model_config.context_length-4096,SG_Carpark,15T,short,16,0.40559594179022385,0.4305381407166755,0.4789251489973232,0.22936929834210823,1.3572945477146132,355.12830811180174,Transport,0.9420673883040124,1.0,64.31157630681992,0.4305381407166755,56.94618592833245
ts_icl__model_config.context_length-512,SG_Carpark,15T,short,16,0.514743060324518,0.5463972818878712,0.6118078273917471,0.37430881765780977,1.3572945477146132,36.17931283079088,Transport,0.9420673883040124,1.0,64.31157630681992,0.5463972818878712,45.36027181121288
chronos2__model_config.context_length-1024,SG_PM25,H,long,168,0.9586511709791703,0.7425778129785734,0.28782769187847757,0.08284478021209181,0.12490674689861864,0.05188603140413761,Climate,1.2909773955323274,1.0,0.5450284564867616,0.7425778129785734,25.74221870214266
chronos2__model_config.context_length-2048,SG_PM25,H,long,168,0.9621911481125732,0.745319903696547,0.3164080337039065,0.10011404379237246,0.12490674689861864,0.08655337058007717,Climate,1.2909773955323274,1.0,0.5450284564867616,0.745319903696547,25.4680096303453
chronos2__model_config.context_length-4096,SG_PM25,H,long,168,0.9624437210098892,0.7455155484058889,0.31962442569296046,0.1021597734995548,0.12490674689861864,0.16389276925474405,Climate,1.2909773955323274,1.0,0.5450284564867616,0.7455155484058889,25.448445159411115
chronos2__model_config.context_length-512,SG_PM25,H,long,168,0.9915167508234237,0.7680357179411165,0.28791104443718396,0.08289276950891011,0.12490674689861864,0.03922264091670513,Climate,1.2909773955323274,1.0,0.5450284564867616,0.7680357179411165,23.196428205888353
chronos2__model_config.context_length-8192,SG_PM25,H,long,168,0.9613872795889807,0.7446972215904354,0.325448097685637,0.10591646428719992,0.12490674689861864,0.3018939271569252,Climate,1.2909773955323274,1.0,0.5450284564867616,0.7446972215904354,25.53027784095646
chronos2__model_config.context_length-1024,SG_PM25,H,medium,72,0.9282438542605831,0.7831688966277094,0.4240108074348532,0.17978516482155618,0.20283745879242823,0.09631765820086002,Climate,1.1852409592075988,1.0,0.9929322004318237,0.7831688966277094,21.68311033722906
chronos2__model_config.context_length-2048,SG_PM25,H,medium,72,0.9263204696912787,0.7815461172642707,0.4259653395522711,0.18144647049988163,0.20283745879242823,0.17577200569212437,Climate,1.1852409592075988,1.0,0.9929322004318237,0.7815461172642707,21.84538827357293
chronos2__model_config.context_length-4096,SG_PM25,H,medium,72,0.9260483588176813,0.7813165345186834,0.42264053071639135,0.17862501820423296,0.20283745879242823,0.336386205162853,Climate,1.1852409592075988,1.0,0.9929322004318237,0.7813165345186834,21.868346548131655
chronos2__model_config.context_length-512,SG_PM25,H,medium,72,0.9571572397715985,0.8075634176627787,0.42457168488526087,0.18026111560630925,0.20283745879242823,0.06504041701555252,Climate,1.1852409592075988,1.0,0.9929322004318237,0.8075634176627787,19.243658233722126
chronos2__model_config.context_length-8192,SG_PM25,H,medium,72,0.9262713766391221,0.7815046969507259,0.4310729199793134,0.18582386233949155,0.20283745879242823,0.6678933966904879,Climate,1.1852409592075988,1.0,0.9929322004318237,0.7815046969507259,21.849530304927413
chronos2__model_config.context_length-1024,SG_PM25,H,short,24,0.8780745128794543,0.7492056163251618,0.41288067187554206,0.17047044920839904,0.2568254349370439,0.4275962170213461,Climate,1.1720073818805468,1.0,2.6252891682088375,0.7492056163251618,25.07943836748382
chronos2__model_config.context_length-2048,SG_PM25,H,short,24,0.8735657945316674,0.7453586112486644,0.4227932992338214,0.17875417387701967,0.2568254349370439,0.666132252663374,Climate,1.1720073818805468,1.0,2.6252891682088375,0.7453586112486644,25.464138875133557
chronos2__model_config.context_length-4096,SG_PM25,H,short,24,0.8711161079705733,0.7432684481669579,0.4220044441702656,0.1780877508994548,0.2568254349370439,1.1494493610225618,Climate,1.1720073818805468,1.0,2.6252891682088375,0.7432684481669579,25.673155183304207
chronos2__model_config.context_length-512,SG_PM25,H,short,24,0.8890789172327846,0.758594980695609,0.4130368880259257,0.1705994708701411,0.2568254349370439,0.322753619402647,Climate,1.1720073818805468,1.0,2.6252891682088375,0.758594980695609,24.140501930439097
chronos2__model_config.context_length-8192,SG_PM25,H,short,24,0.8697938508370043,0.7421402495275882,0.4242571695312254,0.17999414589864693,0.2568254349370439,2.261123552918434,Climate,1.1720073818805468,1.0,2.6252891682088375,0.7421402495275882,25.785975047241184
chronos_bolt__model_config.context_length-1024,SG_PM25,H,long,168,0.9766646475607526,0.75653117625505,0.2965415687092354,0.08793690197253419,0.12490674689861864,0.709639273583889,Climate,1.2909773955323274,1.0,0.5450284564867616,0.75653117625505,24.346882374495003
chronos_bolt__model_config.context_length-128,SG_PM25,H,long,168,1.050233256508938,0.8135179284652619,0.36869005492304613,0.13593235659915878,0.12490674689861864,0.32083206344395876,Climate,1.2909773955323274,1.0,0.5450284564867616,0.8135179284652619,18.648207153473805
chronos_bolt__model_config.context_length-2048,SG_PM25,H,long,168,0.9862905912465224,0.7639874986655603,0.3027029620866387,0.09162908325602502,0.12490674689861864,1.2850291077047586,Climate,1.2909773955323274,1.0,0.5450284564867616,0.7639874986655603,23.601250133443973
chronos_bolt__model_config.context_length-256,SG_PM25,H,long,168,1.0045068969119446,0.7780979747501634,0.32484919293940745,0.10552699815338437,0.12490674689861864,0.3677770607173443,Climate,1.2909773955323274,1.0,0.5450284564867616,0.7780979747501634,22.19020252498366
chronos_bolt__model_config.context_length-512,SG_PM25,H,long,168,0.9697104950072142,0.751144441694395,0.3062318857225355,0.09377796783318004,0.12490674689861864,0.46981339156627655,Climate,1.2909773955323274,1.0,0.5450284564867616,0.751144441694395,24.885555830560502
chronos_bolt__model_config.context_length-1024,SG_PM25,H,medium,72,0.9583587828029103,0.8085771718888519,0.4681345025566807,0.2191499124839909,0.20283745879242823,0.8937297649681568,Climate,1.1852409592075988,1.0,0.9929322004318237,0.8085771718888519,19.142282811114807
chronos_bolt__model_config.context_length-128,SG_PM25,H,medium,72,1.0309595735373351,0.869831206497108,0.4807702231903193,0.23114000750646946,0.20283745879242823,0.42994988709688187,Climate,1.1852409592075988,1.0,0.9929322004318237,0.869831206497108,13.016879350289202
chronos_bolt__model_config.context_length-2048,SG_PM25,H,medium,72,0.9729665091471766,0.8209018610001972,0.46533561142663354,0.21653723126179888,0.20283745879242823,1.57995087467134,Climate,1.1852409592075988,1.0,0.9929322004318237,0.8209018610001972,17.909813899980275
chronos_bolt__model_config.context_length-256,SG_PM25,H,medium,72,0.9820944963849175,0.8286032378103975,0.4480333943778534,0.20073392247774113,0.20283745879242823,0.488882215693593,Climate,1.1852409592075988,1.0,0.9929322004318237,0.8286032378103975,17.139676218960254
chronos_bolt__model_config.context_length-512,SG_PM25,H,medium,72,0.946149504741605,0.7982760782872033,0.46313536229523933,0.2144943638083426,0.20283745879242823,0.5735627952963114,Climate,1.1852409592075988,1.0,0.9929322004318237,0.7982760782872033,20.172392171279675
chronos_bolt__model_config.context_length-1024,SG_PM25,H,short,24,0.8977512345855528,0.7659945222743089,0.4873458747843925,0.23750600166936478,0.2568254349370439,0.7636922616511583,Climate,1.1720073818805468,1.0,2.6252891682088375,0.7659945222743089,23.400547772569112
chronos_bolt__model_config.context_length-128,SG_PM25,H,short,24,0.9297670735826621,0.7933116189855413,0.4585624238567429,0.2102794965733711,0.2568254349370439,0.7024300596676767,Climate,1.1720073818805468,1.0,2.6252891682088375,0.7933116189855413,20.668838101445875
chronos_bolt__model_config.context_length-2048,SG_PM25,H,short,24,0.9000802175033318,0.76798169654794,0.48510197291938995,0.23532392413028452,0.2568254349370439,1.0086592976003885,Climate,1.1720073818805468,1.0,2.6252891682088375,0.76798169654794,23.201830345205998
chronos_bolt__model_config.context_length-256,SG_PM25,H,short,24,0.9134313574512088,0.7793733824317393,0.4559594511764471,0.20789902111712683,0.2568254349370439,0.7065517120063305,Climate,1.1720073818805468,1.0,2.6252891682088375,0.7793733824317393,22.062661756826074
chronos_bolt__model_config.context_length-512,SG_PM25,H,short,24,0.8940392460833096,0.7628273165385505,0.47544366554137657,0.22604667910342033,0.2568254349370439,0.697210069745779,Climate,1.1720073818805468,1.0,2.6252891682088375,0.7628273165385505,23.717268346144948
ts_icl__model_config.context_length-1024,SG_PM25,H,long,168,0.9597665430269091,0.7434417878642675,0.3082577622617467,0.09502284799461956,0.12490674689861864,0.3163385223597288,Climate,1.2909773955323274,1.0,0.5450284564867616,0.7434417878642675,25.655821213573248
ts_icl__model_config.context_length-2048,SG_PM25,H,long,168,0.9561813346729537,0.7406646607306998,0.30979456000278893,0.0959726694073216,0.12490674689861864,0.6348917223513126,Climate,1.2909773955323274,1.0,0.5450284564867616,0.7406646607306998,25.933533926930018
ts_icl__model_config.context_length-256,SG_PM25,H,long,168,0.9810055016014465,0.759893631752502,0.30617569796255345,0.09374355802285676,0.12490674689861864,0.16515922686085105,Climate,1.2909773955323274,1.0,0.5450284564867616,0.759893631752502,24.0106368247498
ts_icl__model_config.context_length-4096,SG_PM25,H,long,168,0.9583690716461833,0.7423592968883899,0.3088221541804876,0.09537112291267684,0.12490674689861864,1.6423774920403957,Climate,1.2909773955323274,1.0,0.5450284564867616,0.7423592968883899,25.764070311161014
ts_icl__model_config.context_length-512,SG_PM25,H,long,168,0.9562650552607892,0.740729511275818,0.30528758436839964,0.09320050916949274,0.12490674689861864,0.2086495254188776,Climate,1.2909773955323274,1.0,0.5450284564867616,0.740729511275818,25.9270488724182
ts_icl__model_config.context_length-1024,SG_PM25,H,medium,72,0.9320712980382192,0.7863981503485689,0.4200534869296337,0.17644493188174393,0.20283745879242823,0.6516271363943815,Climate,1.1852409592075988,1.0,0.9929322004318237,0.7863981503485689,21.360184965143112
ts_icl__model_config.context_length-2048,SG_PM25,H,medium,72,0.9286667364581783,0.7835256866916286,0.428041350365923,0.18321939762308284,0.20283745879242823,1.3711784444749355,Climate,1.1852409592075988,1.0,0.9929322004318237,0.7835256866916286,21.64743133083714
ts_icl__model_config.context_length-256,SG_PM25,H,medium,72,0.9504438269231483,0.8018992421242127,0.4073153327364112,0.16590578028217337,0.20283745879242823,0.28847531508654356,Climate,1.1852409592075988,1.0,0.9929322004318237,0.8018992421242127,19.81007578757873
ts_icl__model_config.context_length-4096,SG_PM25,H,medium,72,0.9303932258723374,0.7849823435855258,0.4265067685624113,0.1819080236295503,0.20283745879242823,3.6226672008633614,Climate,1.1852409592075988,1.0,0.9929322004318237,0.7849823435855258,21.501765641447424
ts_icl__model_config.context_length-512,SG_PM25,H,medium,72,0.9404077098945375,0.7934316668597529,0.40485969587583354,0.1639113733446724,0.20283745879242823,0.38148169592022896,Climate,1.1852409592075988,1.0,0.9929322004318237,0.7934316668597529,20.656833314024713
ts_icl__model_config.context_length-1024,SG_PM25,H,short,24,0.8770183136280414,0.7483044281008026,0.42836807286928796,0.1834992058537476,0.2568254349370439,1.8446401041001081,Climate,1.1720073818805468,1.0,2.6252891682088375,0.7483044281008026,25.169557189919743
ts_icl__model_config.context_length-2048,SG_PM25,H,short,24,0.8789060627826024,0.7499151254255344,0.4372728876438583,0.19120757826839832,0.2568254349370439,4.125905252993107,Climate,1.1720073818805468,1.0,2.6252891682088375,0.7499151254255344,25.00848745744656
ts_icl__model_config.context_length-256,SG_PM25,H,short,24,0.8883680577659662,0.7579884491346236,0.41930760011177587,0.17581886351149695,0.2568254349370439,0.9410374648869038,Climate,1.1720073818805468,1.0,2.6252891682088375,0.7579884491346236,24.20115508653764
ts_icl__model_config.context_length-4096,SG_PM25,H,short,24,0.8773276053246772,0.748568327203673,0.4317145147421827,0.1863774222390783,0.2568254349370439,11.046093141660094,Climate,1.1720073818805468,1.0,2.6252891682088375,0.748568327203673,25.143167279632706
ts_icl__model_config.context_length-512,SG_PM25,H,short,24,0.8760718375556346,0.7474968597466782,0.4208319149150477,0.17709950061106594,0.2568254349370439,1.190857246518135,Climate,1.1720073818805468,1.0,2.6252891682088375,0.7474968597466782,25.250314025332177
chronos2__model_config.context_length-1024,SG_Weather,D,long,14,0.9168516748044591,0.7718849747554252,0.4203042920024366,0.17665569787566948,0.5518559441190071,0.3721583504229784,Climate,1.1878086823687262,1.0,2.067176808603108,0.7718849747554252,22.811502524457484
chronos2__model_config.context_length-2048,SG_Weather,D,long,14,0.9016702746359176,0.7591039601072862,0.4078706287283216,0.16635844977923636,0.5518559441190071,0.6974190957844257,Climate,1.1878086823687262,1.0,2.067176808603108,0.7591039601072862,24.08960398927138
chronos2__model_config.context_length-4096,SG_Weather,D,long,14,0.8996563650699254,0.757408476991288,0.40568437996138856,0.16457981614465628,0.5518559441190071,1.0521415150724351,Climate,1.1878086823687262,1.0,2.067176808603108,0.757408476991288,24.2591523008712
chronos2__model_config.context_length-512,SG_Weather,D,long,14,0.9362860234238188,0.7882464889519739,0.43866635801446624,0.19242817365367587,0.5518559441190071,0.22999227605760098,Climate,1.1878086823687262,1.0,2.067176808603108,0.7882464889519739,21.17535110480261
chronos2__model_config.context_length-8192,SG_Weather,D,long,14,0.8996563650699254,0.757408476991288,0.40568437996138856,0.16457981614465628,0.5518559441190071,1.0513905994594097,Climate,1.1878086823687262,1.0,2.067176808603108,0.757408476991288,24.2591523008712
chronos2__model_config.context_length-1024,SG_Weather,D,medium,7,0.9025188338528152,0.7646494292591556,0.4912879218453829,0.24136382215115504,0.6201815357152103,0.7377552799880505,Climate,1.180304070490495,1.0,3.9589907936751842,0.7646494292591556,23.535057074084442
chronos2__model_config.context_length-2048,SG_Weather,D,medium,7,0.8906476166677824,0.7545916674655362,0.4853476036918186,0.23556229640939064,0.6201815357152103,1.4378977045416832,Climate,1.180304070490495,1.0,3.9589907936751842,0.7545916674655362,24.54083325344638
chronos2__model_config.context_length-4096,SG_Weather,D,medium,7,0.8880768388465542,0.7524136034517775,0.48357800795848366,0.2338476897810953,0.6201815357152103,1.9994855062104762,Climate,1.180304070490495,1.0,3.9589907936751842,0.7524136034517775,24.758639654822247
chronos2__model_config.context_length-512,SG_Weather,D,medium,7,0.9188313864259708,0.7784700649588839,0.5017768427846687,0.25177999995495015,0.6201815357152103,0.4547819849103689,Climate,1.180304070490495,1.0,3.9589907936751842,0.7784700649588839,22.152993504111606
chronos2__model_config.context_length-8192,SG_Weather,D,medium,7,0.8880768388465542,0.7524136034517775,0.48357800795848366,0.2338476897810953,0.6201815357152103,1.9947288446128368,Climate,1.180304070490495,1.0,3.9589907936751842,0.7524136034517775,24.758639654822247
chronos2__model_config.context_length-1024,SG_Weather,D,short,3,0.8594183492683298,0.8039749123907707,0.5795920874319372,0.33592698781371044,0.6515856757834457,1.8866595327854156,Climate,1.0689616504483799,1.0,9.068410464562476,0.8039749123907707,19.60250876092293
chronos2__model_config.context_length-2048,SG_Weather,D,short,3,0.853553098287927,0.7984880448516568,0.5786101563262105,0.3347897130038418,0.6515856757834457,3.545214803889394,Climate,1.0689616504483799,1.0,9.068410464562476,0.7984880448516568,20.15119551483432
chronos2__model_config.context_length-4096,SG_Weather,D,short,3,0.8518474893871785,0.7968924694631168,0.5783635060442408,0.3345043451237866,0.6515856757834457,4.73158838506788,Climate,1.0689616504483799,1.0,9.068410464562476,0.7968924694631168,20.310753053688323
chronos2__model_config.context_length-512,SG_Weather,D,short,3,0.8700346881378158,0.813906362097159,0.5826819967254289,0.3395183093079327,0.6515856757834457,1.2243690621107817,Climate,1.0689616504483799,1.0,9.068410464562476,0.813906362097159,18.609363790284096
chronos2__model_config.context_length-8192,SG_Weather,D,short,3,0.8518474893871785,0.7968924694631168,0.5783635060442408,0.3345043451237866,0.6515856757834457,4.721679696813226,Climate,1.0689616504483799,1.0,9.068410464562476,0.7968924694631168,20.310753053688323
chronos_bolt__model_config.context_length-1024,SG_Weather,D,long,14,0.9331972052433387,0.7856460548700135,0.40820802440582077,0.16663379118930316,0.5518559441190071,0.7446712106466293,Climate,1.1878086823687262,1.0,2.067176808603108,0.7856460548700135,21.435394512998652
chronos_bolt__model_config.context_length-128,SG_Weather,D,long,14,0.9681455823792673,0.8150686190040243,0.43919899808562374,0.19289575991941574,0.5518559441190071,0.6525713973678648,Climate,1.1878086823687262,1.0,2.067176808603108,0.8150686190040243,18.493138099597573
chronos_bolt__model_config.context_length-2048,SG_Weather,D,long,14,0.9297402102509469,0.7827356577297115,0.40902170023827783,0.1672987512658116,0.5518559441190071,0.9891027640551329,Climate,1.1878086823687262,1.0,2.067176808603108,0.7827356577297115,21.726434227028847
chronos_bolt__model_config.context_length-256,SG_Weather,D,long,14,0.9713934693931862,0.8178029709768031,0.43618463387803,0.19025703483131112,0.5518559441190071,0.6617478728294373,Climate,1.1878086823687262,1.0,2.067176808603108,0.8178029709768031,18.21970290231969
chronos_bolt__model_config.context_length-512,SG_Weather,D,long,14,0.9427817103638856,0.79371511957952,0.4269751468744653,0.18230777604847123,0.5518559441190071,0.6573835946619511,Climate,1.1878086823687262,1.0,2.067176808603108,0.79371511957952,20.628488042047998
chronos_bolt__model_config.context_length-1024,SG_Weather,D,medium,7,0.9162506613374568,0.7762835732293065,0.4746020954935812,0.22524714904689833,0.6201815357152103,1.4829873107373714,Climate,1.180304070490495,1.0,3.9589907936751842,0.7762835732293065,22.371642677069346
chronos_bolt__model_config.context_length-128,SG_Weather,D,medium,7,0.9544037816338888,0.8086083963408432,0.49873320963779727,0.24873481439561904,0.6201815357152103,1.298921809066087,Climate,1.180304070490495,1.0,3.9589907936751842,0.8086083963408432,19.139160365915675
chronos_bolt__model_config.context_length-2048,SG_Weather,D,medium,7,0.9119706600002427,0.7726573878723118,0.4785226952275493,0.22898396984783803,0.6201815357152103,1.9163728207349777,Climate,1.180304070490495,1.0,3.9589907936751842,0.7726573878723118,22.734261212768825
chronos_bolt__model_config.context_length-256,SG_Weather,D,medium,7,0.9501786175874966,0.8050286712919952,0.5023074829818339,0.2523128074595453,0.6201815357152103,1.3181133549660444,Climate,1.180304070490495,1.0,3.9589907936751842,0.8050286712919952,19.49713287080048
chronos_bolt__model_config.context_length-512,SG_Weather,D,medium,7,0.9248183282513192,0.7835424373881855,0.4829329446173147,0.23322422899675033,0.6201815357152103,1.3099370133131742,Climate,1.180304070490495,1.0,3.9589907936751842,0.7835424373881855,21.645756261181447
chronos_bolt__model_config.context_length-1024,SG_Weather,D,short,3,0.8750055662318564,0.818556555199929,0.5574297926148742,0.31072797369466165,0.6515856757834457,3.682591123506427,Climate,1.0689616504483799,1.0,9.068410464562476,0.818556555199929,18.144344480007103
chronos_bolt__model_config.context_length-128,SG_Weather,D,short,3,0.9075615240565056,0.8490122388168234,0.5757009481055819,0.3314315816496659,0.6515856757834457,3.2706212108023465,Climate,1.0689616504483799,1.0,9.068410464562476,0.8490122388168234,15.098776118317659
chronos_bolt__model_config.context_length-2048,SG_Weather,D,short,3,0.8705035534727462,0.8143449796422634,0.5605906107329273,0.31426183284191633,0.6515856757834457,4.7081719394773245,Climate,1.0689616504483799,1.0,9.068410464562476,0.8143449796422634,18.56550203577366
chronos_bolt__model_config.context_length-256,SG_Weather,D,short,3,0.900584674931306,0.8424854853806518,0.5706853715646557,0.3256817933178891,0.6515856757834457,3.310244683176279,Climate,1.0689616504483799,1.0,9.068410464562476,0.8424854853806518,15.751451461934817
chronos_bolt__model_config.context_length-512,SG_Weather,D,short,3,0.8801712498112108,0.8233889863513997,0.5642707614428462,0.31840149221928943,0.6515856757834457,3.2887886688113213,Climate,1.0689616504483799,1.0,9.068410464562476,0.8233889863513997,17.66110136486003
ts_icl__model_config.context_length-1024,SG_Weather,D,long,14,0.9150534312980418,0.7703710579663753,0.41399188621048966,0.17138928184811902,0.5518559441190071,2.4941023476421833,Climate,1.1878086823687262,1.0,2.067176808603108,0.7703710579663753,22.96289420336247
ts_icl__model_config.context_length-2048,SG_Weather,D,long,14,0.9069965188391198,0.7635880527749543,0.41029226604705643,0.16833974357802856,0.5518559441190071,5.480382909998298,Climate,1.1878086823687262,1.0,2.067176808603108,0.7635880527749543,23.641194722504565
ts_icl__model_config.context_length-256,SG_Weather,D,long,14,0.9553894616018139,0.8043294141414911,0.4553988172391574,0.2073880827428235,0.5518559441190071,1.2581332139670849,Climate,1.1878086823687262,1.0,2.067176808603108,0.8043294141414911,19.567058585850894
ts_icl__model_config.context_length-4096,SG_Weather,D,long,14,0.9064737909955272,0.7631479753017452,0.4047141312484307,0.16379352803217198,0.5518559441190071,14.277449345216155,Climate,1.1878086823687262,1.0,2.067176808603108,0.7631479753017452,23.685202469825484
ts_icl__model_config.context_length-512,SG_Weather,D,long,14,0.9307450663912425,0.7835816324689193,0.43534009527787404,0.18952099855654847,0.5518559441190071,1.5288100745528936,Climate,1.1878086823687262,1.0,2.067176808603108,0.7835816324689193,21.641836753108066
ts_icl__model_config.context_length-1024,SG_Weather,D,medium,7,0.9020180270113842,0.7642251260190398,0.48807507752148616,0.2382172812976047,0.6201815357152103,4.84062147885561,Climate,1.180304070490495,1.0,3.9589907936751842,0.7642251260190398,23.577487398096018
ts_icl__model_config.context_length-2048,SG_Weather,D,medium,7,0.8964222320874258,0.7594841486185018,0.48568531600236997,0.235890226180322,0.6201815357152103,10.938995009288192,Climate,1.180304070490495,1.0,3.9589907936751842,0.7594841486185018,24.05158513814982
ts_icl__model_config.context_length-256,SG_Weather,D,medium,7,0.9341821812886695,0.7914758617247287,0.5159598610722445,0.26621457823768985,0.6201815357152103,2.2523139328695834,Climate,1.180304070490495,1.0,3.9589907936751842,0.7914758617247287,20.852413827527126
ts_icl__model_config.context_length-4096,SG_Weather,D,medium,7,0.8958595179797237,0.7590073951091556,0.48298316041851735,0.23327273324785927,0.6201815357152103,28.631295397877693,Climate,1.180304070490495,1.0,3.9589907936751842,0.7590073951091556,24.09926048908444
ts_icl__model_config.context_length-512,SG_Weather,D,medium,7,0.9138806023364293,0.7742755660892121,0.49783607393373774,0.247840756509758,0.6201815357152103,2.9187674801796675,Climate,1.180304070490495,1.0,3.9589907936751842,0.7742755660892121,22.57244339107879
ts_icl__model_config.context_length-1024,SG_Weather,D,short,3,0.860082993979146,0.8045966790467938,0.5718413492596095,0.32700252872305074,0.6515856757834457,11.056058678776026,Climate,1.0689616504483799,1.0,9.068410464562476,0.8045966790467938,19.540332095320622
ts_icl__model_config.context_length-2048,SG_Weather,D,short,3,0.853972129942296,0.7988800436237299,0.5747405083904409,0.33032665198490246,0.6515856757834457,25.31075941771269,Climate,1.0689616504483799,1.0,9.068410464562476,0.7988800436237299,20.11199563762701
ts_icl__model_config.context_length-256,SG_Weather,D,short,3,0.885038881595241,0.8279425938470367,0.594317102673331,0.35321281853002273,0.6515856757834457,4.9806855749338865,Climate,1.0689616504483799,1.0,9.068410464562476,0.8279425938470367,17.205740615296328
ts_icl__model_config.context_length-4096,SG_Weather,D,short,3,0.8538191570818253,0.7987369394624099,0.5720213828226673,0.3272084624063566,0.6515856757834457,67.21596564725041,Climate,1.0689616504483799,1.0,9.068410464562476,0.7987369394624099,20.126306053759013
ts_icl__model_config.context_length-512,SG_Weather,D,short,3,0.8685646559538254,0.8125311657247037,0.5787794947490459,0.3349857035419608,0.6515856757834457,6.549152476713061,Climate,1.0689616504483799,1.0,9.068410464562476,0.8125311657247037,18.746883427529625
chronos2__model_config.context_length-1024,Smart_Manufacturing,H,long,336,0.7114217844519983,0.7098343678302172,0.03969380989047485,0.001575598543621159,0.0120211297863795,0.1792465727776289,Industry,1.0022363197581337,1.0,1.5732318125665188,0.7098343678302172,29.016563216978277
chronos2__model_config.context_length-2048,Smart_Manufacturing,H,long,336,0.7110117882880749,0.7094252865029487,0.039934067950313734,0.0015947297830602744,0.0120211297863795,0.2062070295214653,Industry,1.0022363197581337,1.0,1.5732318125665188,0.7094252865029487,29.057471349705132
chronos2__model_config.context_length-4096,Smart_Manufacturing,H,long,336,0.7110117882880749,0.7094252865029487,0.039934067950313734,0.0015947297830602744,0.0120211297863795,0.20408085966482759,Industry,1.0022363197581337,1.0,1.5732318125665188,0.7094252865029487,29.057471349705132
chronos2__model_config.context_length-512,Smart_Manufacturing,H,long,336,0.712443265290074,0.7108535694076678,0.03940214126240677,0.0015525287360626584,0.0120211297863795,0.13727037608623505,Industry,1.0022363197581337,1.0,1.5732318125665188,0.7108535694076678,28.914643059233224
chronos2__model_config.context_length-8192,Smart_Manufacturing,H,long,336,0.7110117882880749,0.7094252865029487,0.039934067950313734,0.0015947297830602744,0.0120211297863795,0.2044354621320963,Industry,1.0022363197581337,1.0,1.5732318125665188,0.7094252865029487,29.057471349705132
chronos2__model_config.context_length-1024,Smart_Manufacturing,H,medium,168,0.7114719774045293,0.7072875052934693,0.05339039673226839,0.002850534463229015,0.01326920601468509,0.25640551187098026,Industry,1.0059162251273246,1.0,2.0938354451209307,0.7072875052934693,29.27124947065307
chronos2__model_config.context_length-2048,Smart_Manufacturing,H,medium,168,0.7112583040053169,0.7070750885992407,0.053463719689721426,0.0028583693230611064,0.01326920601468509,0.3390458542853594,Industry,1.0059162251273246,1.0,2.0938354451209307,0.7070750885992407,29.292491140075928
chronos2__model_config.context_length-4096,Smart_Manufacturing,H,medium,168,0.7112583040053169,0.7070750885992407,0.053463719689721426,0.0028583693230611064,0.01326920601468509,0.3361678388901055,Industry,1.0059162251273246,1.0,2.0938354451209307,0.7070750885992407,29.292491140075928
chronos2__model_config.context_length-512,Smart_Manufacturing,H,medium,168,0.712359360876472,0.7081696696822884,0.05338017598201086,0.0028494431878704493,0.01326920601468509,0.1601356789469719,Industry,1.0059162251273246,1.0,2.0938354451209307,0.7081696696822884,29.183033031771156
chronos2__model_config.context_length-8192,Smart_Manufacturing,H,medium,168,0.7112583040053169,0.7070750885992407,0.053463719689721426,0.0028583693230611064,0.01326920601468509,0.3362313825637102,Industry,1.0059162251273246,1.0,2.0938354451209307,0.7070750885992407,29.292491140075928
chronos2__model_config.context_length-1024,Smart_Manufacturing,H,short,24,0.7118669226308638,0.7127784053764579,0.1280753843386,0.016403304073480108,0.03817606606400739,1.4954243060201406,Industry,0.9987212256449988,1.0,8.254228632897139,0.7127784053764579,28.722159462354213
chronos2__model_config.context_length-2048,Smart_Manufacturing,H,short,24,0.7114646384560039,0.7123756061122287,0.1280125292580992,0.016387207647055705,0.03817606606400739,2.451192459091544,Industry,0.9987212256449988,1.0,8.254228632897139,0.7123756061122287,28.76243938877713
chronos2__model_config.context_length-4096,Smart_Manufacturing,H,short,24,0.7114646384560039,0.7123756061122287,0.1280125292580992,0.016387207647055705,0.03817606606400739,2.421175322961062,Industry,0.9987212256449988,1.0,8.254228632897139,0.7123756061122287,28.76243938877713
chronos2__model_config.context_length-512,Smart_Manufacturing,H,short,24,0.7127244259361389,0.7136370066390088,0.12802288223849387,0.016389858376651266,0.03817606606400739,0.9375291578471661,Industry,0.9987212256449988,1.0,8.254228632897139,0.7136370066390088,28.636299336099125
chronos2__model_config.context_length-8192,Smart_Manufacturing,H,short,24,0.7114646384560039,0.7123756061122287,0.1280125292580992,0.016387207647055705,0.03817606606400739,2.4204847421497107,Industry,0.9987212256449988,1.0,8.254228632897139,0.7123756061122287,28.76243938877713
chronos_bolt__model_config.context_length-1024,Smart_Manufacturing,H,long,336,0.7135322639243675,0.711940138126866,0.040143033625422486,0.0016114631486518005,0.0120211297863795,4.655923578888178,Industry,1.0022363197581337,1.0,1.5732318125665188,0.711940138126866,28.805986187313405
chronos_bolt__model_config.context_length-128,Smart_Manufacturing,H,long,336,0.7307200499249907,0.7290895725085407,0.045869397965585236,0.0021040016697252348,0.0120211297863795,1.7195230219513178,Industry,1.0022363197581337,1.0,1.5732318125665188,0.7290895725085407,27.091042749145934
chronos_bolt__model_config.context_length-2048,Smart_Manufacturing,H,long,336,0.7137246917722527,0.7121321366047616,0.040108178297483,0.0016086659663426862,0.0120211297863795,5.838270807638764,Industry,1.0022363197581337,1.0,1.5732318125665188,0.7121321366047616,28.78678633952384
chronos_bolt__model_config.context_length-256,Smart_Manufacturing,H,long,336,0.7175655155245673,0.7159643902126147,0.04039861702045287,0.0016320482571652243,0.0120211297863795,2.003512568771839,Industry,1.0022363197581337,1.0,1.5732318125665188,0.7159643902126147,28.40356097873853
chronos_bolt__model_config.context_length-512,Smart_Manufacturing,H,long,336,0.7145098235386237,0.7129155164832321,0.04000032694147183,0.0016000261554246368,0.0120211297863795,2.8702520448714495,Industry,1.0022363197581337,1.0,1.5732318125665188,0.7129155164832321,28.708448351676786
chronos_bolt__model_config.context_length-1024,Smart_Manufacturing,H,medium,168,0.7137657415966836,0.7095677788737706,0.05368625087147175,0.002882213532634601,0.01326920601468509,3.5553388092666864,Industry,1.0059162251273246,1.0,2.0938354451209307,0.7095677788737706,29.043222112622935
chronos_bolt__model_config.context_length-128,Smart_Manufacturing,H,medium,168,0.7313688414221176,0.727067347312689,0.061618392645950454,0.0037968263122705207,0.01326920601468509,1.4555854629725218,Industry,1.0059162251273246,1.0,2.0938354451209307,0.727067347312689,27.293265268731105
chronos_bolt__model_config.context_length-2048,Smart_Manufacturing,H,medium,168,0.7140192438721245,0.7098197901935094,0.05376503679546214,0.002890679181617398,0.01326920601468509,5.079639242962003,Industry,1.0059162251273246,1.0,2.0938354451209307,0.7098197901935094,29.018020980649062
chronos_bolt__model_config.context_length-256,Smart_Manufacturing,H,medium,168,0.7174062259745644,0.7131868520002828,0.05442874300438752,0.0029624880650376633,0.01326920601468509,1.6946230381727219,Industry,1.0059162251273246,1.0,2.0938354451209307,0.7131868520002828,28.681314799971723
chronos_bolt__model_config.context_length-512,Smart_Manufacturing,H,medium,168,0.7150946650989732,0.7108888864064794,0.05338762676132928,0.002850238691207002,0.01326920601468509,2.2425268795341253,Industry,1.0059162251273246,1.0,2.0938354451209307,0.7108888864064794,28.91111135935206
chronos_bolt__model_config.context_length-1024,Smart_Manufacturing,H,short,24,0.7162312124556529,0.7171482832890561,0.12855359755832013,0.016526027445186532,0.03817606606400739,3.0028860084712505,Industry,0.9987212256449988,1.0,8.254228632897139,0.7171482832890561,28.28517167109439
chronos_bolt__model_config.context_length-128,Smart_Manufacturing,H,short,24,0.7288052906430453,0.7297384614734356,0.13322567188863854,0.017749079650179175,0.03817606606400739,2.8067041393369436,Industry,0.9987212256449988,1.0,8.254228632897139,0.7297384614734356,27.026153852656442
chronos_bolt__model_config.context_length-2048,Smart_Manufacturing,H,short,24,0.7166630909129093,0.7175807147285476,0.12860883402699494,0.01654023218978313,0.03817606606400739,3.59122347086668,Industry,0.9987212256449988,1.0,8.254228632897139,0.7175807147285476,28.241928527145244
chronos_bolt__model_config.context_length-256,Smart_Manufacturing,H,short,24,0.7195761061312351,0.7204974598056781,0.1290387371541357,0.01665099568633412,0.03817606606400739,2.7210189923644066,Industry,0.9987212256449988,1.0,8.254228632897139,0.7204974598056781,27.950254019432187
chronos_bolt__model_config.context_length-512,Smart_Manufacturing,H,short,24,0.7172990276362182,0.7182174657126856,0.12883377778743707,0.016598142298982717,0.03817606606400739,2.71878251619637,Industry,0.9987212256449988,1.0,8.254228632897139,0.7182174657126856,28.178253428731438
ts_icl__model_config.context_length-1024,Smart_Manufacturing,H,long,336,0.7123442244773626,0.7107547495876723,0.03958552277000855,0.0015670136129748654,0.0120211297863795,0.7701517399400473,Industry,1.0022363197581337,1.0,1.5732318125665188,0.7107547495876723,28.924525041232773
ts_icl__model_config.context_length-2048,Smart_Manufacturing,H,long,336,0.7116831869990798,0.710095187102008,0.039755539553210296,0.0015805029251668682,0.0120211297863795,2.3051642775535583,Industry,1.0022363197581337,1.0,1.5732318125665188,0.710095187102008,28.9904812897992
ts_icl__model_config.context_length-256,Smart_Manufacturing,H,long,336,0.7166423550975864,0.7150432896609967,0.039598073831563906,0.0015680074511699863,0.0120211297863795,0.44301943527534604,Industry,1.0022363197581337,1.0,1.5732318125665188,0.7150432896609967,28.495671033900326
ts_icl__model_config.context_length-4096,Smart_Manufacturing,H,long,336,0.7116831869990798,0.710095187102008,0.039755539553210296,0.0015805029251668682,0.0120211297863795,2.2988010738044977,Industry,1.0022363197581337,1.0,1.5732318125665188,0.710095187102008,28.9904812897992
ts_icl__model_config.context_length-512,Smart_Manufacturing,H,long,336,0.7136701737115454,0.7120777401918272,0.039971367319858536,0.0015977102054190548,0.0120211297863795,0.5566421430557966,Industry,1.0022363197581337,1.0,1.5732318125665188,0.7120777401918272,28.79222598081728
ts_icl__model_config.context_length-1024,Smart_Manufacturing,H,medium,168,0.7128403335198051,0.7086478135190402,0.053271109300180954,0.002837811086071826,0.01326920601468509,1.2682025656104088,Industry,1.0059162251273246,1.0,2.0938354451209307,0.7086478135190402,29.135218648095986
ts_icl__model_config.context_length-2048,Smart_Manufacturing,H,medium,168,0.7121692492493292,0.7079806761832337,0.053205922749034865,0.0028308702155762657,0.01326920601468509,4.716286921873689,Industry,1.0059162251273246,1.0,2.0938354451209307,0.7079806761832337,29.20193238167663
ts_icl__model_config.context_length-256,Smart_Manufacturing,H,medium,168,0.7165113981650871,0.7122972870572738,0.05304081028031673,0.002813327555192553,0.01326920601468509,0.7727687978185713,Industry,1.0059162251273246,1.0,2.0938354451209307,0.7122972870572738,28.77027129427262
ts_icl__model_config.context_length-4096,Smart_Manufacturing,H,medium,168,0.7121692492493292,0.7079806761832337,0.053205922749034865,0.0028308702155762657,0.01326920601468509,4.705102737993002,Industry,1.0059162251273246,1.0,2.0938354451209307,0.7079806761832337,29.20193238167663
ts_icl__model_config.context_length-512,Smart_Manufacturing,H,medium,168,0.7139247732574803,0.7097258752011031,0.05370897030152864,0.0028846534908504853,0.01326920601468509,0.9345897901803255,Industry,1.0059162251273246,1.0,2.0938354451209307,0.7097258752011031,29.02741247988969
ts_icl__model_config.context_length-1024,Smart_Manufacturing,H,short,24,0.7127979797954462,0.713710654677539,0.12810103686543253,0.016409875645998905,0.03817606606400739,8.296662140637636,Industry,0.9987212256449988,1.0,8.254228632897139,0.713710654677539,28.6289345322461
ts_icl__model_config.context_length-2048,Smart_Manufacturing,H,short,24,0.7122914326225457,0.7132034589157052,0.12809217220561023,0.016407604580351707,0.03817606606400739,32.837378503754735,Industry,0.9987212256449988,1.0,8.254228632897139,0.7132034589157052,28.679654108429474
ts_icl__model_config.context_length-256,Smart_Manufacturing,H,short,24,0.7168660342693856,0.7177839179360745,0.12872578738425522,0.016570328337696477,0.03817606606400739,4.831385695841163,Industry,0.9987212256449988,1.0,8.254228632897139,0.7177839179360745,28.221608206392546
ts_icl__model_config.context_length-4096,Smart_Manufacturing,H,short,24,0.7122914326225457,0.7132034589157052,0.12809217220561023,0.016407604580351707,0.03817606606400739,32.67485976219177,Industry,0.9987212256449988,1.0,8.254228632897139,0.7132034589157052,28.679654108429474
ts_icl__model_config.context_length-512,Smart_Manufacturing,H,short,24,0.7139847402694566,0.7148989346935604,0.12802637535819586,0.01639075278735766,0.03817606606400739,5.796119719743729,Industry,0.9987212256449988,1.0,8.254228632897139,0.7148989346935604,28.510106530643963
chronos2__model_config.context_length-1024,Supply_Chain_Customer,D,short,30,0.5599238347212872,0.3673067107338923,0.23405385235113324,0.054781205800406074,0.7613944839464535,0.48729822039604187,Sales,1.5244040426120686,1.0,1.5101168360561132,0.3673067107338923,63.26932892661077
chronos2__model_config.context_length-2048,Supply_Chain_Customer,D,short,30,0.5532599382047175,0.36293523418942514,0.23218993591856718,0.05391216634186834,0.7613944839464535,0.6290710754692554,Sales,1.5244040426120686,1.0,1.5101168360561132,0.36293523418942514,63.70647658105748
chronos2__model_config.context_length-4096,Supply_Chain_Customer,D,short,30,0.5532599382047175,0.36293523418942514,0.23218993591856718,0.05391216634186834,0.7613944839464535,0.6115819290280342,Sales,1.5244040426120686,1.0,1.5101168360561132,0.36293523418942514,63.70647658105748
chronos2__model_config.context_length-512,Supply_Chain_Customer,D,short,30,0.587928841561423,0.3856778289265135,0.23557051862524941,0.055493469245368986,0.7613944839464535,0.3001679237931967,Sales,1.5244040426120686,1.0,1.5101168360561132,0.3856778289265135,61.43221710734865
chronos2__model_config.context_length-8192,Supply_Chain_Customer,D,short,30,0.5532599382047175,0.36293523418942514,0.23218993591856718,0.05391216634186834,0.7613944839464535,0.6156496163457632,Sales,1.5244040426120686,1.0,1.5101168360561132,0.36293523418942514,63.70647658105748
chronos_bolt__model_config.context_length-1024,Supply_Chain_Customer,D,short,30,0.609071400551082,0.3995472220786277,0.23669856376535875,0.056026210088583606,0.7613944839464535,0.708305187523365,Sales,1.5244040426120686,1.0,1.5101168360561132,0.3995472220786277,60.04527779213723
chronos_bolt__model_config.context_length-128,Supply_Chain_Customer,D,short,30,0.6905279071320712,0.4529822067047596,0.2640109246102717,0.06970176831357057,0.7613944839464535,0.6580375642515719,Sales,1.5244040426120686,1.0,1.5101168360561132,0.4529822067047596,54.701779329524044
chronos_bolt__model_config.context_length-2048,Supply_Chain_Customer,D,short,30,0.6131470465479132,0.4022208216512499,0.2372922619965897,0.05630761760345817,0.7613944839464535,0.8864781446754932,Sales,1.5244040426120686,1.0,1.5101168360561132,0.4022208216512499,59.777917834875005
chronos_bolt__model_config.context_length-256,Supply_Chain_Customer,D,short,30,0.6651533275089626,0.4363366331469585,0.25628168355966635,0.06568030132817697,0.7613944839464535,0.6565846931189299,Sales,1.5244040426120686,1.0,1.5101168360561132,0.4363366331469585,56.366336685304155
chronos_bolt__model_config.context_length-512,Supply_Chain_Customer,D,short,30,0.632466916977732,0.4148945419312842,0.23694156554503196,0.05614130548293068,0.7613944839464535,0.6556394137442112,Sales,1.5244040426120686,1.0,1.5101168360561132,0.4148945419312842,58.51054580687158
ts_icl__model_config.context_length-1024,Supply_Chain_Customer,D,short,30,0.6132575834524348,0.4022933332042448,0.2570093965700781,0.06605382992531567,0.7613944839464535,1.714189350605011,Sales,1.5244040426120686,1.0,1.5101168360561132,0.4022933332042448,59.77066667957551
ts_icl__model_config.context_length-2048,Supply_Chain_Customer,D,short,30,0.6099946202120283,0.4001528486941045,0.25698699621847304,0.06604231622539349,0.7613944839464535,7.454061387106776,Sales,1.5244040426120686,1.0,1.5101168360561132,0.4001528486941045,59.98471513058955
ts_icl__model_config.context_length-256,Supply_Chain_Customer,D,short,30,0.6731269326105794,0.44156727074613067,0.2533926781005378,0.06420784931496276,0.7613944839464535,0.8677119822241366,Sales,1.5244040426120686,1.0,1.5101168360561132,0.44156727074613067,55.843272925386934
ts_icl__model_config.context_length-4096,Supply_Chain_Customer,D,short,30,0.6099946202120283,0.4001528486941045,0.25698699621847304,0.06604231622539349,0.7613944839464535,7.412886066362262,Sales,1.5244040426120686,1.0,1.5101168360561132,0.4001528486941045,59.98471513058955
ts_icl__model_config.context_length-512,Supply_Chain_Customer,D,short,30,0.6324849227559755,0.41490635361489303,0.2467480096954547,0.06088458028866821,0.7613944839464535,1.1205569710582495,Sales,1.5244040426120686,1.0,1.5101168360561132,0.41490635361489303,58.5093646385107
chronos2__model_config.context_length-1024,Supply_Chain_Location,D,short,30,0.6110523213965638,0.42837406434226344,0.2299170186351418,0.05286183545807214,0.5773547972858538,0.5169071536511183,Sales,1.4264456517338167,1.0,2.1239393455907702,0.42837406434226344,57.162593565773655
chronos2__model_config.context_length-2048,Supply_Chain_Location,D,short,30,0.6049073017593081,0.424066140216457,0.22729073363230748,0.05166107759511255,0.5773547972858538,0.7944785542786121,Sales,1.4264456517338167,1.0,2.1239393455907702,0.424066140216457,57.593385978354306
chronos2__model_config.context_length-4096,Supply_Chain_Location,D,short,30,0.6049073017593081,0.424066140216457,0.22729073363230748,0.05166107759511255,0.5773547972858538,0.7888607671484351,Sales,1.4264456517338167,1.0,2.1239393455907702,0.424066140216457,57.593385978354306
chronos2__model_config.context_length-512,Supply_Chain_Location,D,short,30,0.6252835234730517,0.4383507515432024,0.23667881159453427,0.05601685985780105,0.5773547972858538,0.35075264424085617,Sales,1.4264456517338167,1.0,2.1239393455907702,0.4383507515432024,56.164924845679764
chronos2__model_config.context_length-8192,Supply_Chain_Location,D,short,30,0.6049073017593081,0.424066140216457,0.22729073363230748,0.05166107759511255,0.5773547972858538,0.782695148140192,Sales,1.4264456517338167,1.0,2.1239393455907702,0.424066140216457,57.593385978354306
chronos_bolt__model_config.context_length-1024,Supply_Chain_Location,D,short,30,0.6460288825754117,0.45289414411981016,0.24212152529563835,0.058622833011486436,0.5773547972858538,0.9358040038496256,Sales,1.4264456517338167,1.0,2.1239393455907702,0.45289414411981016,54.71058558801898
chronos_bolt__model_config.context_length-128,Supply_Chain_Location,D,short,30,0.7117986230173354,0.4990015723011656,0.2726038352499555,0.07431285099298489,0.5773547972858538,0.8576719597913325,Sales,1.4264456517338167,1.0,2.1239393455907702,0.4990015723011656,50.09984276988344
chronos_bolt__model_config.context_length-2048,Supply_Chain_Location,D,short,30,0.6500187666725908,0.4556912251669076,0.24486762345032992,0.05996015301421256,0.5773547972858538,1.171372352167964,Sales,1.4264456517338167,1.0,2.1239393455907702,0.4556912251669076,54.43087748330924
chronos_bolt__model_config.context_length-256,Supply_Chain_Location,D,short,30,0.6960541568451261,0.48796402162191455,0.2718474138203164,0.07390101640079436,0.5773547972858538,0.856112040579319,Sales,1.4264456517338167,1.0,2.1239393455907702,0.48796402162191455,51.203597837808545
chronos_bolt__model_config.context_length-512,Supply_Chain_Location,D,short,30,0.6602365766453409,0.4628543511930064,0.24419763749490622,0.059632486158093634,0.5773547972858538,0.8665243089199066,Sales,1.4264456517338167,1.0,2.1239393455907702,0.4628543511930064,53.71456488069937
ts_icl__model_config.context_length-1024,Supply_Chain_Location,D,short,30,0.6611217748105092,0.46347491333225954,0.25744115387717975,0.06627594770961374,0.5773547972858538,2.3548782020807266,Sales,1.4264456517338167,1.0,2.1239393455907702,0.46347491333225954,53.65250866677405
ts_icl__model_config.context_length-2048,Supply_Chain_Location,D,short,30,0.6594302215265823,0.4622890614339619,0.2549053192887686,0.06497672180170905,0.5773547972858538,10.471457287669182,Sales,1.4264456517338167,1.0,2.1239393455907702,0.4622890614339619,53.77109385660381
ts_icl__model_config.context_length-256,Supply_Chain_Location,D,short,30,0.7127109884453481,0.4996411798648353,0.26655440282306103,0.07105124966435869,0.5773547972858538,1.1346693960949779,Sales,1.4264456517338167,1.0,2.1239393455907702,0.4996411798648353,50.03588201351648
ts_icl__model_config.context_length-4096,Supply_Chain_Location,D,short,30,0.6594302215265823,0.4622890614339619,0.2549053192887686,0.06497672180170905,0.5773547972858538,10.487333118915558,Sales,1.4264456517338167,1.0,2.1239393455907702,0.4622890614339619,53.77109385660381
ts_icl__model_config.context_length-512,Supply_Chain_Location,D,short,30,0.6762937461999182,0.4741111204467527,0.2607255706166083,0.06797782317335599,0.5773547972858538,1.5332833975553513,Sales,1.4264456517338167,1.0,2.1239393455907702,0.4741111204467527,52.58888795532472
chronos2__model_config.context_length-1024,US_Labor,M,short,12,1.0014785119848475,0.564975767585351,1.7268395026384211,2.98197466787251,2.936809552255237,0.1837473101913929,Economics,1.7726043654315742,1.0,0.31104636937379837,0.564975767585351,43.5024232414649
chronos2__model_config.context_length-2048,US_Labor,M,short,12,1.0014785119848475,0.564975767585351,1.7268395026384211,2.98197466787251,2.936809552255237,0.18666042014956474,Economics,1.7726043654315742,1.0,0.31104636937379837,0.564975767585351,43.5024232414649
chronos2__model_config.context_length-4096,US_Labor,M,short,12,1.0014785119848475,0.564975767585351,1.7268395026384211,2.98197466787251,2.936809552255237,0.2104300088249147,Economics,1.7726043654315742,1.0,0.31104636937379837,0.564975767585351,43.5024232414649
chronos2__model_config.context_length-512,US_Labor,M,short,12,1.0014785119848475,0.564975767585351,1.7268395026384211,2.98197466787251,2.936809552255237,0.2510898597538471,Economics,1.7726043654315742,1.0,0.31104636937379837,0.564975767585351,43.5024232414649
chronos2__model_config.context_length-8192,US_Labor,M,short,12,1.0014785119848475,0.564975767585351,1.7268395026384211,2.98197466787251,2.936809552255237,0.18376325443387032,Economics,1.7726043654315742,1.0,0.31104636937379837,0.564975767585351,43.5024232414649
chronos_bolt__model_config.context_length-1024,US_Labor,M,short,12,0.946363574229049,0.5338831341525208,0.9659141913066747,0.9329902249676274,2.936809552255237,0.30499010905623436,Economics,1.7726043654315742,1.0,0.31104636937379837,0.5338831341525208,46.61168658474792
chronos_bolt__model_config.context_length-128,US_Labor,M,short,12,0.8954925737010817,0.5051846825859853,0.7724945540993013,0.5967478361130785,2.936809552255237,0.2874538227915764,Economics,1.7726043654315742,1.0,0.31104636937379837,0.5051846825859853,49.481531741401476
chronos_bolt__model_config.context_length-2048,US_Labor,M,short,12,0.946363574229049,0.5338831341525208,0.9659141913066747,0.9329902249676274,2.936809552255237,0.30378109216690063,Economics,1.7726043654315742,1.0,0.31104636937379837,0.5338831341525208,46.61168658474792
chronos_bolt__model_config.context_length-256,US_Labor,M,short,12,0.9219326220591433,0.5201006158160292,0.822348286655932,0.6762567045659469,2.936809552255237,0.2915280684828758,Economics,1.7726043654315742,1.0,0.31104636937379837,0.5201006158160292,47.98993841839708
chronos_bolt__model_config.context_length-512,US_Labor,M,short,12,0.946363574229049,0.5338831341525208,0.9659141913066747,0.9329902249676274,2.936809552255237,0.3023278098553419,Economics,1.7726043654315742,1.0,0.31104636937379837,0.5338831341525208,46.61168658474792
ts_icl__model_config.context_length-1024,US_Labor,M,short,12,0.8894946186201814,0.5018009861459509,1.016796550534122,1.0338752251780896,2.936809552255237,0.9754291288554668,Economics,1.7726043654315742,1.0,0.31104636937379837,0.5018009861459509,49.819901385404904
ts_icl__model_config.context_length-2048,US_Labor,M,short,12,0.8894946186201814,0.5018009861459509,1.016796550534122,1.0338752251780896,2.936809552255237,0.9782881010323763,Economics,1.7726043654315742,1.0,0.31104636937379837,0.5018009861459509,49.819901385404904
ts_icl__model_config.context_length-256,US_Labor,M,short,12,0.861107107347078,0.48578640792043015,0.9424198894590302,0.8881552480479706,2.936809552255237,0.27645636070519686,Economics,1.7726043654315742,1.0,0.31104636937379837,0.48578640792043015,51.42135920795698
ts_icl__model_config.context_length-4096,US_Labor,M,short,12,0.8894946186201814,0.5018009861459509,1.016796550534122,1.0338752251780896,2.936809552255237,0.9636986441910267,Economics,1.7726043654315742,1.0,0.31104636937379837,0.5018009861459509,49.819901385404904
ts_icl__model_config.context_length-512,US_Labor,M,short,12,0.8894946186201814,0.5018009861459509,1.016796550534122,1.0338752251780896,2.936809552255237,0.9714430570602417,Economics,1.7726043654315742,1.0,0.31104636937379837,0.5018009861459509,49.819901385404904
chronos2__model_config.context_length-1024,US_Term_Structure,B,short,20,1.488265636983855,0.843215749916244,0.9355421952331107,0.8752391990615876,1.0333743744905457,1.0216034594923258,Finance,1.7649879489699798,1.0,76.68119631055743,0.843215749916244,15.678425008375596
chronos2__model_config.context_length-2048,US_Term_Structure,B,short,20,1.501271885636013,0.8505847796366726,0.9281236013681662,0.8614134194166146,1.0333743744905457,1.9475014712661505,Finance,1.7649879489699798,1.0,76.68119631055743,0.8505847796366726,14.941522036332744
chronos2__model_config.context_length-4096,US_Term_Structure,B,short,20,1.4971261242029459,0.8482358902657925,0.9487374766397348,0.9001027995807314,1.0333743744905457,3.463382959831506,Finance,1.7649879489699798,1.0,76.68119631055743,0.8482358902657925,15.17641097342075
chronos2__model_config.context_length-512,US_Term_Structure,B,short,20,1.490464269814844,0.844461442745066,0.9774318902893102,0.9553731001545341,1.0333743744905457,0.6539244744926691,Finance,1.7649879489699798,1.0,76.68119631055743,0.844461442745066,15.553855725493404
chronos2__model_config.context_length-8192,US_Term_Structure,B,short,20,1.495406901303508,0.8472618196493663,0.9476559745688263,0.898051846135992,1.0333743744905457,6.981368141248822,Finance,1.7649879489699798,1.0,76.68119631055743,0.8472618196493663,15.27381803506337
chronos_bolt__model_config.context_length-1024,US_Term_Structure,B,short,20,1.6044687529792911,0.909053658930439,0.9444413667360737,0.8919694952023028,1.0333743744905457,1.8748004008084536,Finance,1.7649879489699798,1.0,76.68119631055743,0.909053658930439,9.0946341069561
chronos_bolt__model_config.context_length-128,US_Term_Structure,B,short,20,1.597635461209567,0.9051820790855386,1.1385043327531228,1.2961921156976333,1.0333743744905457,1.7224177038297057,Finance,1.7649879489699798,1.0,76.68119631055743,0.9051820790855386,9.48179209144614
chronos_bolt__model_config.context_length-2048,US_Term_Structure,B,short,20,1.5723117180459338,0.8908342512839882,0.9380717493980566,0.8799786070187302,1.0333743744905457,2.438528060913086,Finance,1.7649879489699798,1.0,76.68119631055743,0.8908342512839882,10.916574871601181
chronos_bolt__model_config.context_length-256,US_Term_Structure,B,short,20,1.559364503046506,0.8834986686206711,1.0566418271359022,1.1164919508530977,1.0333743744905457,1.7281656209379435,Finance,1.7649879489699798,1.0,76.68119631055743,0.8834986686206711,11.650133137932894
chronos_bolt__model_config.context_length-512,US_Term_Structure,B,short,20,1.546352283100039,0.8761262557075625,0.8952287395180015,0.8014344960589899,1.0333743744905457,1.7789854053407907,Finance,1.7649879489699798,1.0,76.68119631055743,0.8761262557075625,12.387374429243748
ts_icl__model_config.context_length-1024,US_Term_Structure,B,short,20,1.5199552845825461,0.8611703470664313,1.0231722928061124,1.0468815407661172,1.0333743744905457,5.823220975697041,Finance,1.7649879489699798,1.0,76.68119631055743,0.8611703470664313,13.882965293356875
ts_icl__model_config.context_length-2048,US_Term_Structure,B,short,20,1.5014381066043538,0.85067895646572,0.9831781357085397,0.9666392465353197,1.0333743744905457,12.02723672799766,Finance,1.7649879489699798,1.0,76.68119631055743,0.85067895646572,14.932104353427999
ts_icl__model_config.context_length-256,US_Term_Structure,B,short,20,1.5210902816475813,0.8618134092843334,1.013181764775399,1.0265372884733919,1.0333743744905457,3.3691208781674504,Finance,1.7649879489699798,1.0,76.68119631055743,0.8618134092843334,13.818659071566664
ts_icl__model_config.context_length-4096,US_Term_Structure,B,short,20,1.5298372792725325,0.8667692491415153,0.9775761775485553,0.9556551829104446,1.0333743744905457,32.03408104367554,Finance,1.7649879489699798,1.0,76.68119631055743,0.8667692491415153,13.323075085848469
ts_icl__model_config.context_length-512,US_Term_Structure,B,short,20,1.4985224367801102,0.8490270076091031,0.9902107555885205,0.9805173404831885,1.0333743744905457,3.6912132557481527,Finance,1.7649879489699798,1.0,76.68119631055743,0.8490270076091031,15.09729923908969
chronos2__model_config.context_length-1024,Uncertainty_1M,M,short,6,0.3483185384775645,0.3595686470735416,0.2715395691880628,0.07373373763483874,0.4634703206443205,0.1873397808521986,Economics,0.9687122092330922,1.0,0.12652770429849625,0.3595686470735416,64.04313529264584
chronos2__model_config.context_length-2048,Uncertainty_1M,M,short,6,0.3483185384775645,0.3595686470735416,0.2715395691880628,0.07373373763483874,0.4634703206443205,0.18772828951478004,Economics,0.9687122092330922,1.0,0.12652770429849625,0.3595686470735416,64.04313529264584
chronos2__model_config.context_length-4096,Uncertainty_1M,M,short,6,0.3483185384775645,0.3595686470735416,0.2715395691880628,0.07373373763483874,0.4634703206443205,0.1859275260940194,Economics,0.9687122092330922,1.0,0.12652770429849625,0.3595686470735416,64.04313529264584
chronos2__model_config.context_length-512,Uncertainty_1M,M,short,6,0.35847618857587665,0.37005437235035393,0.25081978545863204,0.0629105647775142,0.4634703206443205,0.18837697990238667,Economics,0.9687122092330922,1.0,0.12652770429849625,0.37005437235035393,62.9945627649646
chronos2__model_config.context_length-8192,Uncertainty_1M,M,short,6,0.3483185384775645,0.3595686470735416,0.2715395691880628,0.07373373763483874,0.4634703206443205,0.18506748415529728,Economics,0.9687122092330922,1.0,0.12652770429849625,0.3595686470735416,64.04313529264584
chronos_bolt__model_config.context_length-1024,Uncertainty_1M,M,short,6,0.41508574302996104,0.4284923211183383,0.30096071987020206,0.09057735490479024,0.4634703206443205,0.25040764547884464,Economics,0.9687122092330922,1.0,0.12652770429849625,0.4284923211183383,57.15076788816618
chronos_bolt__model_config.context_length-128,Uncertainty_1M,M,short,6,0.4076368013620144,0.42080279104227597,0.2532084358050775,0.06411451196285406,0.4634703206443205,0.3597685447894037,Economics,0.9687122092330922,1.0,0.12652770429849625,0.42080279104227597,57.9197208957724
chronos_bolt__model_config.context_length-2048,Uncertainty_1M,M,short,6,0.41508574302996104,0.4284923211183383,0.30096071987020206,0.09057735490479024,0.4634703206443205,0.26962340623140335,Economics,0.9687122092330922,1.0,0.12652770429849625,0.4284923211183383,57.15076788816618
chronos_bolt__model_config.context_length-256,Uncertainty_1M,M,short,6,0.4749161079296356,0.49025510714437687,0.33711411168189576,0.1136459242950737,0.4634703206443205,0.24002204649150372,Economics,0.9687122092330922,1.0,0.12652770429849625,0.49025510714437687,50.97448928556232
chronos_bolt__model_config.context_length-512,Uncertainty_1M,M,short,6,0.4314074026019966,0.44534114310743766,0.321346823084989,0.10326378070681522,0.4634703206443205,0.23910382203757763,Economics,0.9687122092330922,1.0,0.12652770429849625,0.44534114310743766,55.46588568925623
ts_icl__model_config.context_length-1024,Uncertainty_1M,M,short,6,0.34658902070398,0.35778326875674127,0.25651473278304093,0.0657998081347549,0.4634703206443205,0.473480973392725,Economics,0.9687122092330922,1.0,0.12652770429849625,0.35778326875674127,64.22167312432587
ts_icl__model_config.context_length-2048,Uncertainty_1M,M,short,6,0.34658902070398,0.35778326875674127,0.25651473278304093,0.0657998081347549,0.4634703206443205,0.41791426949203014,Economics,0.9687122092330922,1.0,0.12652770429849625,0.35778326875674127,64.22167312432587
ts_icl__model_config.context_length-256,Uncertainty_1M,M,short,6,0.3970072145331496,0.4098298862646227,0.28288538139537034,0.08002413900720413,0.4634703206443205,0.2791938898153603,Economics,0.9687122092330922,1.0,0.12652770429849625,0.4098298862646227,59.017011373537734
ts_icl__model_config.context_length-4096,Uncertainty_1M,M,short,6,0.34658902070398,0.35778326875674127,0.25651473278304093,0.0657998081347549,0.4634703206443205,0.41503704711794853,Economics,0.9687122092330922,1.0,0.12652770429849625,0.35778326875674127,64.22167312432587
ts_icl__model_config.context_length-512,Uncertainty_1M,M,short,6,0.36174101924813823,0.37342465161507615,0.24682971264223913,0.06092490704305034,0.4634703206443205,0.26589401066303253,Economics,0.9687122092330922,1.0,0.12652770429849625,0.37342465161507615,62.65753483849239
chronos2__model_config.context_length-1024,Vehicle_Sales,M,short,12,0.8347676413435652,0.6419425789779618,0.5915784869414173,0.34996510621189664,0.8704781233070326,0.18757664412260056,Sales,1.3003774304433904,1.0,0.2621117187663913,0.6419425789779618,35.80574210220382
chronos2__model_config.context_length-2048,Vehicle_Sales,M,short,12,0.8347676413435652,0.6419425789779618,0.5915784869414173,0.34996510621189664,0.8704781233070326,0.25816189497709274,Sales,1.3003774304433904,1.0,0.2621117187663913,0.6419425789779618,35.80574210220382
chronos2__model_config.context_length-4096,Vehicle_Sales,M,short,12,0.8347676413435652,0.6419425789779618,0.5915784869414173,0.34996510621189664,0.8704781233070326,0.18486482789739966,Sales,1.3003774304433904,1.0,0.2621117187663913,0.6419425789779618,35.80574210220382
chronos2__model_config.context_length-512,Vehicle_Sales,M,short,12,0.8280630096812075,0.6367866669285873,0.5879029332254724,0.3456298588951142,0.8704781233070326,0.18735267408192158,Sales,1.3003774304433904,1.0,0.2621117187663913,0.6367866669285873,36.321333307141266
chronos2__model_config.context_length-8192,Vehicle_Sales,M,short,12,0.8347676413435652,0.6419425789779618,0.5915784869414173,0.34996510621189664,0.8704781233070326,0.18846004270017147,Sales,1.3003774304433904,1.0,0.2621117187663913,0.6419425789779618,35.80574210220382
chronos_bolt__model_config.context_length-1024,Vehicle_Sales,M,short,12,0.772428342710334,0.5940031906328601,0.5417925529036383,0.29353917038184163,0.8704781233070326,0.2879057992249727,Sales,1.3003774304433904,1.0,0.2621117187663913,0.5940031906328601,40.59968093671399
chronos_bolt__model_config.context_length-128,Vehicle_Sales,M,short,12,0.8186263775160688,0.6295298259959351,0.6972801984343147,0.4861996751285973,0.8704781233070326,0.2721621859818697,Sales,1.3003774304433904,1.0,0.2621117187663913,0.6295298259959351,37.04701740040649
chronos_bolt__model_config.context_length-2048,Vehicle_Sales,M,short,12,0.772428342710334,0.5940031906328601,0.5417925529036383,0.29353917038184163,0.8704781233070326,0.28778310865163803,Sales,1.3003774304433904,1.0,0.2621117187663913,0.5940031906328601,40.59968093671399
chronos_bolt__model_config.context_length-256,Vehicle_Sales,M,short,12,0.8455032945896184,0.6501983768676504,0.6678594301979635,0.44603621850434844,0.8704781233070326,0.2717230524867773,Sales,1.3003774304433904,1.0,0.2621117187663913,0.6501983768676504,34.98016231323496
chronos_bolt__model_config.context_length-512,Vehicle_Sales,M,short,12,0.7712553567784853,0.5931011556510251,0.536114693181229,0.28741896424480323,0.8704781233070326,0.27234864979982376,Sales,1.3003774304433904,1.0,0.2621117187663913,0.5931011556510251,40.68988443489749
ts_icl__model_config.context_length-1024,Vehicle_Sales,M,short,12,0.7954957586106187,0.6117422065218235,0.5567863785959307,0.31001107138997114,0.8704781233070326,0.7532047778367996,Sales,1.3003774304433904,1.0,0.2621117187663913,0.6117422065218235,38.825779347817644
ts_icl__model_config.context_length-2048,Vehicle_Sales,M,short,12,0.7954957586106187,0.6117422065218235,0.5567863785959307,0.31001107138997114,0.8704781233070326,0.7616242207586765,Sales,1.3003774304433904,1.0,0.2621117187663913,0.6117422065218235,38.825779347817644
ts_icl__model_config.context_length-256,Vehicle_Sales,M,short,12,0.8098029747540526,0.622744563074994,0.5699756710650841,0.3248722656060929,0.8704781233070326,0.24935348518192768,Sales,1.3003774304433904,1.0,0.2621117187663913,0.622744563074994,37.725543692500594
ts_icl__model_config.context_length-4096,Vehicle_Sales,M,short,12,0.7954957586106187,0.6117422065218235,0.5567863785959307,0.31001107138997114,0.8704781233070326,0.7333346847444773,Sales,1.3003774304433904,1.0,0.2621117187663913,0.6117422065218235,38.825779347817644
ts_icl__model_config.context_length-512,Vehicle_Sales,M,short,12,0.7947507840576177,0.6111693155014472,0.5613375185802,0.3150998097657764,0.8704781233070326,0.2803078256547451,Sales,1.3003774304433904,1.0,0.2621117187663913,0.6111693155014472,38.88306844985529
chronos2__model_config.context_length-1024,Vehicle_Supply,M,short,12,0.709383837497795,0.6377317787460499,0.5874999575031618,0.3451562000662169,0.6181637851735725,0.18647869862616062,Economics,1.1123545370322176,1.0,0.13469098322093487,0.6377317787460499,36.22682212539501
chronos2__model_config.context_length-2048,Vehicle_Supply,M,short,12,0.709383837497795,0.6377317787460499,0.5874999575031618,0.3451562000662169,0.6181637851735725,0.1853968556970358,Economics,1.1123545370322176,1.0,0.13469098322093487,0.6377317787460499,36.22682212539501
chronos2__model_config.context_length-4096,Vehicle_Supply,M,short,12,0.709383837497795,0.6377317787460499,0.5874999575031618,0.3451562000662169,0.6181637851735725,0.18522535869851708,Economics,1.1123545370322176,1.0,0.13469098322093487,0.6377317787460499,36.22682212539501
chronos2__model_config.context_length-512,Vehicle_Supply,M,short,12,0.709383837497795,0.6377317787460499,0.5874999575031618,0.3451562000662169,0.6181637851735725,0.2985037472099066,Economics,1.1123545370322176,1.0,0.13469098322093487,0.6377317787460499,36.22682212539501
chronos2__model_config.context_length-8192,Vehicle_Supply,M,short,12,0.709383837497795,0.6377317787460499,0.5874999575031618,0.3451562000662169,0.6181637851735725,0.1861027330160141,Economics,1.1123545370322176,1.0,0.13469098322093487,0.6377317787460499,36.22682212539501
chronos_bolt__model_config.context_length-1024,Vehicle_Supply,M,short,12,0.8110847872803042,0.7291603173969096,0.6191332332765777,0.38332596054750906,0.6181637851735725,0.24889065511524677,Economics,1.1123545370322176,1.0,0.13469098322093487,0.7291603173969096,27.083968260309042
chronos_bolt__model_config.context_length-128,Vehicle_Supply,M,short,12,0.7915282084083504,0.7115790712915706,0.6124418863997328,0.3750850642168633,0.6181637851735725,0.23670829785987735,Economics,1.1123545370322176,1.0,0.13469098322093487,0.7115790712915706,28.84209287084294
chronos_bolt__model_config.context_length-2048,Vehicle_Supply,M,short,12,0.8110847872803042,0.7291603173969096,0.6191332332765777,0.38332596054750906,0.6181637851735725,0.2487581353634596,Economics,1.1123545370322176,1.0,0.13469098322093487,0.7291603173969096,27.083968260309042
chronos_bolt__model_config.context_length-256,Vehicle_Supply,M,short,12,0.8049692998418753,0.7236625311832217,0.6553497037098023,0.4294832341525256,0.6181637851735725,0.23791240714490414,Economics,1.1123545370322176,1.0,0.13469098322093487,0.7236625311832217,27.633746881677833
chronos_bolt__model_config.context_length-512,Vehicle_Supply,M,short,12,0.8110847872803042,0.7291603173969096,0.6191332332765777,0.38332596054750906,0.6181637851735725,0.24693666771054268,Economics,1.1123545370322176,1.0,0.13469098322093487,0.7291603173969096,27.083968260309042
ts_icl__model_config.context_length-1024,Vehicle_Supply,M,short,12,0.7929232236339933,0.7128331815407766,0.680503041764283,0.4630843898504414,0.6181637851735725,0.5135339964181185,Economics,1.1123545370322176,1.0,0.13469098322093487,0.7128331815407766,28.71668184592234
ts_icl__model_config.context_length-2048,Vehicle_Supply,M,short,12,0.7929232236339933,0.7128331815407766,0.680503041764283,0.4630843898504414,0.6181637851735725,0.5062414258718491,Economics,1.1123545370322176,1.0,0.13469098322093487,0.7128331815407766,28.71668184592234
ts_icl__model_config.context_length-256,Vehicle_Supply,M,short,12,0.8017494321486598,0.7207678896044619,0.6625896024300033,0.4390249812483498,0.6181637851735725,0.20871364092454314,Economics,1.1123545370322176,1.0,0.13469098322093487,0.7207678896044619,27.92321103955381
ts_icl__model_config.context_length-4096,Vehicle_Supply,M,short,12,0.7929232236339933,0.7128331815407766,0.680503041764283,0.4630843898504414,0.6181637851735725,0.5228921640664339,Economics,1.1123545370322176,1.0,0.13469098322093487,0.7128331815407766,28.71668184592234
ts_icl__model_config.context_length-512,Vehicle_Supply,M,short,12,0.7929232236339933,0.7128331815407766,0.680503041764283,0.4630843898504414,0.6181637851735725,0.5099721122533083,Economics,1.1123545370322176,1.0,0.13469098322093487,0.7128331815407766,28.71668184592234
chronos2__model_config.context_length-1024,WUI_Global,Q,short,4,0.9486989791711424,0.7439285982659435,0.6821879571895761,0.4653804089344869,0.6093761678421035,0.1823891419917345,Economics,1.2752554228759418,1.0,0.30773282889276743,0.7439285982659435,25.60714017340565
chronos2__model_config.context_length-2048,WUI_Global,Q,short,4,0.9486989791711424,0.7439285982659435,0.6821879571895761,0.4653804089344869,0.6093761678421035,0.1840018481016159,Economics,1.2752554228759418,1.0,0.30773282889276743,0.7439285982659435,25.60714017340565
chronos2__model_config.context_length-4096,WUI_Global,Q,short,4,0.9486989791711424,0.7439285982659435,0.6821879571895761,0.4653804089344869,0.6093761678421035,0.1818984467536211,Economics,1.2752554228759418,1.0,0.30773282889276743,0.7439285982659435,25.60714017340565
chronos2__model_config.context_length-512,WUI_Global,Q,short,4,0.9486989791711424,0.7439285982659435,0.6821879571895761,0.4653804089344869,0.6093761678421035,0.18502443842589855,Economics,1.2752554228759418,1.0,0.30773282889276743,0.7439285982659435,25.60714017340565
chronos2__model_config.context_length-8192,WUI_Global,Q,short,4,0.9486989791711424,0.7439285982659435,0.6821879571895761,0.4653804089344869,0.6093761678421035,0.18744462169706821,Economics,1.2752554228759418,1.0,0.30773282889276743,0.7439285982659435,25.60714017340565
chronos_bolt__model_config.context_length-1024,WUI_Global,Q,short,4,0.9984850154591438,0.7829686489059356,0.7443992227743562,0.5541302028670656,0.6093761678421035,0.30334822088479996,Economics,1.2752554228759418,1.0,0.30773282889276743,0.7829686489059356,21.703135109406436
chronos_bolt__model_config.context_length-128,WUI_Global,Q,short,4,0.9856588122986761,0.7729108966075434,0.7069767312710102,0.49981609855864223,0.6093761678421035,0.28604675317183137,Economics,1.2752554228759418,1.0,0.30773282889276743,0.7729108966075434,22.70891033924566
chronos_bolt__model_config.context_length-2048,WUI_Global,Q,short,4,0.9984850154591438,0.7829686489059356,0.7443992227743562,0.5541302028670656,0.6093761678421035,0.30451768450438976,Economics,1.2752554228759418,1.0,0.30773282889276743,0.7829686489059356,21.703135109406436
chronos_bolt__model_config.context_length-256,WUI_Global,Q,short,4,0.9914554142807526,0.7774563405069341,0.7317741892842137,0.5354934641025682,0.6093761678421035,0.30051507242023945,Economics,1.2752554228759418,1.0,0.30773282889276743,0.7774563405069341,22.25436594930659
chronos_bolt__model_config.context_length-512,WUI_Global,Q,short,4,0.9984850154591438,0.7829686489059356,0.7443992227743562,0.5541302028670656,0.6093761678421035,0.3009508475661278,Economics,1.2752554228759418,1.0,0.30773282889276743,0.7829686489059356,21.703135109406436
ts_icl__model_config.context_length-1024,WUI_Global,Q,short,4,0.9638907561105797,0.7558413309365304,0.6931553964727619,0.48046440365931176,0.6093761678421035,1.0605087727308273,Economics,1.2752554228759418,1.0,0.30773282889276743,0.7558413309365304,24.415866906346963
ts_icl__model_config.context_length-2048,WUI_Global,Q,short,4,0.9638907561105797,0.7558413309365304,0.6931553964727619,0.48046440365931176,0.6093761678421035,1.0426431354135275,Economics,1.2752554228759418,1.0,0.30773282889276743,0.7558413309365304,24.415866906346963
ts_icl__model_config.context_length-256,WUI_Global,Q,short,4,0.9629877274651132,0.7551332150334197,0.6953728209524456,0.4835433601193619,0.6093761678421035,0.27979494677856565,Economics,1.2752554228759418,1.0,0.30773282889276743,0.7551332150334197,24.486678496658033
ts_icl__model_config.context_length-4096,WUI_Global,Q,short,4,0.9638907561105797,0.7558413309365304,0.6931553964727619,0.48046440365931176,0.6093761678421035,1.0266156997531652,Economics,1.2752554228759418,1.0,0.30773282889276743,0.7558413309365304,24.415866906346963
ts_icl__model_config.context_length-512,WUI_Global,Q,short,4,0.9638907561105797,0.7558413309365304,0.6931553964727619,0.48046440365931176,0.6093761678421035,1.0436863005161285,Economics,1.2752554228759418,1.0,0.30773282889276743,0.7558413309365304,24.415866906346963
chronos2__model_config.context_length-1024,Water_Quality_Darwin,15T,long,288,1.3460121349779366,0.8458942939930089,1.1190526866582673,1.252278915517086,1.5257973604856987,0.19096378795802593,Climate,1.591229713377238,1.0,2.003494313918054,0.8458942939930089,15.410570600699113
chronos2__model_config.context_length-2048,Water_Quality_Darwin,15T,long,288,1.3025300242113493,0.8185681886538241,1.1189133296717206,1.2519670393170568,1.5257973604856987,0.2961912117898464,Climate,1.591229713377238,1.0,2.003494313918054,0.8185681886538241,18.143181134617592
chronos2__model_config.context_length-4096,Water_Quality_Darwin,15T,long,288,1.3194861103619278,0.8292241524081652,1.1611583643263266,1.34828874704499,1.5257973604856987,0.506140785291791,Climate,1.591229713377238,1.0,2.003494313918054,0.8292241524081652,17.077584759183484
chronos2__model_config.context_length-512,Water_Quality_Darwin,15T,long,288,1.4102368956898794,0.8862560093204783,1.185859764178821,1.4062633802982494,1.5257973604856987,0.13381532579660416,Climate,1.591229713377238,1.0,2.003494313918054,0.8862560093204783,11.374399067952169
chronos2__model_config.context_length-8192,Water_Quality_Darwin,15T,long,288,1.3438600557963685,0.8445418310748797,1.2001470719880054,1.4403529944013826,1.5257973604856987,0.9945022501051426,Climate,1.591229713377238,1.0,2.003494313918054,0.8445418310748797,15.545816892512033
chronos2__model_config.context_length-1024,Water_Quality_Darwin,15T,medium,96,0.8517935855387496,0.7820181307733151,0.7876338400875783,0.6203670660511048,0.8662032158339698,0.4461382031440735,Climate,1.0892248555624096,1.0,3.5120491245761514,0.7820181307733151,21.798186922668496
chronos2__model_config.context_length-2048,Water_Quality_Darwin,15T,medium,96,0.8285298020584818,0.760660021507386,0.7998898454209435,0.6398237648075409,0.8662032158339698,0.8041587546467781,Climate,1.0892248555624096,1.0,3.5120491245761514,0.760660021507386,23.933997849261402
chronos2__model_config.context_length-4096,Water_Quality_Darwin,15T,medium,96,0.8383405522136559,0.7696671150428235,0.8411816113496686,0.707586503272825,0.8662032158339698,1.455881376285106,Climate,1.0892248555624096,1.0,3.5120491245761514,0.7696671150428235,23.033288495717652
chronos2__model_config.context_length-512,Water_Quality_Darwin,15T,medium,96,0.8764682693344769,0.80467156515807,0.8018484177428498,0.6429608850367117,0.8662032158339698,0.2781393490731716,Climate,1.0892248555624096,1.0,3.5120491245761514,0.80467156515807,19.532843484192995
chronos2__model_config.context_length-8192,Water_Quality_Darwin,15T,medium,96,0.8597502615495578,0.7893230283527041,0.8508925605185566,0.7240181495458253,0.8662032158339698,2.8921458423137665,Climate,1.0892248555624096,1.0,3.5120491245761514,0.7893230283527041,21.067697164729594
chronos2__model_config.context_length-1024,Water_Quality_Darwin,15T,short,16,0.5890252443164739,0.5418012718116135,0.7535697972069941,0.5678674392625902,1.3381496638898256,2.5614867378026247,Climate,1.0871610587899843,1.0,15.32182686496526,0.5418012718116135,45.81987281883865
chronos2__model_config.context_length-2048,Water_Quality_Darwin,15T,short,16,0.5742264481874954,0.5281889408608991,0.7396942417061729,0.5471475712132702,1.3381496638898256,4.87495674751699,Climate,1.0871610587899843,1.0,15.32182686496526,0.5281889408608991,47.181105913910095
chronos2__model_config.context_length-4096,Water_Quality_Darwin,15T,short,16,0.5825656093207207,0.5358595256981694,0.7476602076458454,0.5589957860970287,1.3381496638898256,8.690474999137223,Climate,1.0871610587899843,1.0,15.32182686496526,0.5358595256981694,46.41404743018306
chronos2__model_config.context_length-512,Water_Quality_Darwin,15T,short,16,0.5880222129460679,0.540878656563122,0.7490549514958167,0.5610833203604003,1.3381496638898256,1.480207372456789,Climate,1.0871610587899843,1.0,15.32182686496526,0.540878656563122,45.9121343436878
chronos2__model_config.context_length-8192,Water_Quality_Darwin,15T,short,16,0.6094823944099157,0.5606183090187876,0.7654295555367676,0.5858824044892137,1.3381496638898256,17.690680405125022,Climate,1.0871610587899843,1.0,15.32182686496526,0.5606183090187876,43.938169098121236
chronos_bolt__model_config.context_length-1024,Water_Quality_Darwin,15T,long,288,1.474023924545438,0.9263426343497311,1.2026149010358969,1.4462826001935798,1.5257973604856987,4.470336044207215,Climate,1.591229713377238,1.0,2.003494313918054,0.9263426343497311,7.365736565026893
chronos_bolt__model_config.context_length-128,Water_Quality_Darwin,15T,long,288,1.719240614297949,1.0804477818912894,1.3789915704761913,1.9016177514443922,1.5257973604856987,1.7233723071403801,Climate,1.591229713377238,1.0,2.003494313918054,1.0804477818912894,-8.044778189128943
chronos_bolt__model_config.context_length-2048,Water_Quality_Darwin,15T,long,288,1.4995828558644622,0.9424050112046589,1.2783666944687477,1.6342214055269526,1.5257973604856987,7.816072553396225,Climate,1.591229713377238,1.0,2.003494313918054,0.9424050112046589,5.759498879534108
chronos_bolt__model_config.context_length-256,Water_Quality_Darwin,15T,long,288,1.5842109346727122,0.9955890851927162,1.343239080050169,1.8042912261740245,1.5257973604856987,2.0320679172873497,Climate,1.591229713377238,1.0,2.003494313918054,0.9955890851927162,0.4410914807283839
chronos_bolt__model_config.context_length-512,Water_Quality_Darwin,15T,long,288,1.4808325742158883,0.9306214946633683,1.2269405733375272,1.50538317050182,1.5257973604856987,2.8135295286774635,Climate,1.591229713377238,1.0,2.003494313918054,0.9306214946633683,6.93785053366317
chronos_bolt__model_config.context_length-1024,Water_Quality_Darwin,15T,medium,96,0.9809941466721519,0.9006351091443154,0.8801841321963199,0.7747241065701888,0.8662032158339698,3.8227516785264015,Climate,1.0892248555624096,1.0,3.5120491245761514,0.9006351091443154,9.936489085568457
chronos_bolt__model_config.context_length-128,Water_Quality_Darwin,15T,medium,96,1.2411912323891754,1.1395179113391602,1.0643552854216087,1.132852173604914,0.8662032158339698,2.40517850080505,Climate,1.0892248555624096,1.0,3.5120491245761514,1.1395179113391602,-13.951791133916025
chronos_bolt__model_config.context_length-2048,Water_Quality_Darwin,15T,medium,96,0.936617812198225,0.859893902911913,0.8437925032653494,0.7119857885668047,0.8662032158339698,6.571223963052034,Climate,1.0892248555624096,1.0,3.5120491245761514,0.859893902911913,14.010609708808698
chronos_bolt__model_config.context_length-256,Water_Quality_Darwin,15T,medium,96,1.0910531962540637,1.001678570482777,0.9679533408665855,0.9369336700947842,0.8662032158339698,2.5748897921293974,Climate,1.0892248555624096,1.0,3.5120491245761514,1.001678570482777,-0.16785704827770864
chronos_bolt__model_config.context_length-512,Water_Quality_Darwin,15T,medium,96,1.0102645021232894,0.9275077565152057,0.8970414336990304,0.8046833337728121,0.8662032158339698,2.9592615198343992,Climate,1.0892248555624096,1.0,3.5120491245761514,0.9275077565152057,7.249224348479433
chronos_bolt__model_config.context_length-1024,Water_Quality_Darwin,15T,short,16,0.6855867510304583,0.6306211443900684,0.869426745659719,0.7559028660684497,1.3381496638898256,7.089043831452727,Climate,1.0871610587899843,1.0,15.32182686496526,0.6306211443900684,36.93788556099315
chronos_bolt__model_config.context_length-128,Water_Quality_Darwin,15T,short,16,0.7794525148407846,0.7169614000967981,0.9922336200504056,0.9845275567583327,1.3381496638898256,6.622758567333221,Climate,1.0871610587899843,1.0,15.32182686496526,0.7169614000967981,28.30385999032019
chronos_bolt__model_config.context_length-2048,Water_Quality_Darwin,15T,short,16,0.6716427400325539,0.6177950678072444,0.8446393818831036,0.7134156854278714,1.3381496638898256,8.369855249300599,Climate,1.0871610587899843,1.0,15.32182686496526,0.6177950678072444,38.22049321927557
chronos_bolt__model_config.context_length-256,Water_Quality_Darwin,15T,short,16,0.6740664845280215,0.6200244932229829,0.8395830920991619,0.7048997685387899,1.3381496638898256,6.693033533170819,Climate,1.0871610587899843,1.0,15.32182686496526,0.6200244932229829,37.99755067770171
chronos_bolt__model_config.context_length-512,Water_Quality_Darwin,15T,short,16,0.6782083015553398,0.6238342479909914,0.8535734234101215,0.7285875891520746,1.3381496638898256,6.62252227216959,Climate,1.0871610587899843,1.0,15.32182686496526,0.6238342479909914,37.61657520090086
ts_icl__model_config.context_length-1024,Water_Quality_Darwin,15T,long,288,1.5839591622161742,0.9954308601077888,1.5779333461654292,2.489873644940828,1.5257973604856987,1.0269017480313778,Climate,1.591229713377238,1.0,2.003494313918054,0.9954308601077888,0.45691398922111937
ts_icl__model_config.context_length-2048,Water_Quality_Darwin,15T,long,288,1.502460205320633,0.9442132664376912,1.4770334218947707,2.181627729394176,1.5257973604856987,2.0823152624070644,Climate,1.591229713377238,1.0,2.003494313918054,0.9442132664376912,5.578673356230879
ts_icl__model_config.context_length-256,Water_Quality_Darwin,15T,long,288,1.6354882702032378,1.027814058808684,1.4347510205965286,2.0585104911027807,1.5257973604856987,0.5273213293403387,Climate,1.591229713377238,1.0,2.003494313918054,1.027814058808684,-2.781405880868393
ts_icl__model_config.context_length-4096,Water_Quality_Darwin,15T,long,288,1.4834560814452424,0.9322702240751551,1.3296979706278405,1.7680966930917972,1.5257973604856987,5.355860151350498,Climate,1.591229713377238,1.0,2.003494313918054,0.9322702240751551,6.7729775924844855
ts_icl__model_config.context_length-512,Water_Quality_Darwin,15T,long,288,1.5574327991626387,0.9787605058336496,1.3861135513501506,1.9213107772365265,1.5257973604856987,0.6630294807255268,Climate,1.591229713377238,1.0,2.003494313918054,0.9787605058336496,2.1239494166350403
ts_icl__model_config.context_length-1024,Water_Quality_Darwin,15T,medium,96,1.0026597834543869,0.9205259853684429,0.9337132221559726,0.8718203812288887,0.8662032158339698,2.6544166691601276,Climate,1.0892248555624096,1.0,3.5120491245761514,0.9205259853684429,7.947401463155712
ts_icl__model_config.context_length-2048,Water_Quality_Darwin,15T,medium,96,0.97908867838581,0.8988857290446867,0.9446878221421415,0.8924350813036624,0.8662032158339698,5.672856384888291,Climate,1.0892248555624096,1.0,3.5120491245761514,0.8988857290446867,10.111427095531333
ts_icl__model_config.context_length-256,Water_Quality_Darwin,15T,medium,96,1.1584939890785102,1.063594888752639,0.9852260416807233,0.9706703532058663,0.8662032158339698,1.1578943668864667,Climate,1.0892248555624096,1.0,3.5120491245761514,1.063594888752639,-6.359488875263897
ts_icl__model_config.context_length-4096,Water_Quality_Darwin,15T,medium,96,1.0024962693142256,0.9203758656394206,0.9503358169498803,0.9031381649777965,0.8662032158339698,15.12300220131874,Climate,1.0892248555624096,1.0,3.5120491245761514,0.9203758656394206,7.962413436057936
ts_icl__model_config.context_length-512,Water_Quality_Darwin,15T,medium,96,1.0415551812249164,0.956235230867111,0.9121030079636506,0.8319318971363394,0.8662032158339698,1.603871412575245,Climate,1.0892248555624096,1.0,3.5120491245761514,0.956235230867111,4.376476913288895
ts_icl__model_config.context_length-1024,Water_Quality_Darwin,15T,short,16,0.6588886627162889,0.6060635242487762,0.8070437263463912,0.6513195762350688,1.3381496638898256,13.789177283644676,Climate,1.0871610587899843,1.0,15.32182686496526,0.6060635242487762,39.39364757512238
ts_icl__model_config.context_length-2048,Water_Quality_Darwin,15T,short,16,0.6545353988236057,0.6020592749634602,0.8223131323130097,0.6761988875744335,1.3381496638898256,32.966324370354414,Climate,1.0871610587899843,1.0,15.32182686496526,0.6020592749634602,39.79407250365398
ts_icl__model_config.context_length-256,Water_Quality_Darwin,15T,short,16,0.6929298507361571,0.6373755251198856,0.8609610529290314,0.7412539346606664,1.3381496638898256,6.2255121730268,Climate,1.0871610587899843,1.0,15.32182686496526,0.6373755251198856,36.26244748801144
ts_icl__model_config.context_length-4096,Water_Quality_Darwin,15T,short,16,0.673833606957897,0.6198102861666855,0.8382314701905285,0.7026319976177748,1.3381496638898256,89.79511959664524,Climate,1.0871610587899843,1.0,15.32182686496526,0.6198102861666855,38.01897138333145
ts_icl__model_config.context_length-512,Water_Quality_Darwin,15T,short,16,0.6506449470602564,0.5984807327300957,0.788610915087873,0.6219071753957324,1.3381496638898256,7.903052840381861,Climate,1.0871610587899843,1.0,15.32182686496526,0.5984807327300957,40.151926726990425
chronos2__model_config.context_length-1024,azure2019_D,5T,short,288,0.7277300713466219,0.6852260017166075,1.0209884884638072,1.0424174935756099,1.8286138989937584,8.384717255830765,Unclassified,1.0620292713988297,1.0,79.90540184918791,0.6852260017166075,31.477399828339248
chronos2__model_config.context_length-2048,azure2019_D,5T,short,288,0.7178154206427957,0.6758904297405476,1.0550609733782028,1.113153657545761,1.8286138989937584,13.994104258716106,Unclassified,1.0620292713988297,1.0,79.90540184918791,0.6758904297405476,32.410957025945244
chronos2__model_config.context_length-4096,azure2019_D,5T,short,288,0.7156455229203694,0.6738472678608677,1.0751126455254678,1.15586720056877,1.8286138989937584,24.067166762892157,Unclassified,1.0620292713988297,1.0,79.90540184918791,0.6738472678608677,32.615273213913234
chronos2__model_config.context_length-512,azure2019_D,5T,short,288,0.7529190444806252,0.7089437784411851,1.0958626864924448,1.2009150276464384,1.8286138989937584,5.95421664044261,Unclassified,1.0620292713988297,1.0,79.90540184918791,0.7089437784411851,29.105622155881495
chronos2__model_config.context_length-8192,azure2019_D,5T,short,288,0.7178189979723392,0.6758937981312688,1.0831060420395902,1.1731186983026665,1.8286138989937584,43.236429534852505,Unclassified,1.0620292713988297,1.0,79.90540184918791,0.6758937981312688,32.41062018687312
chronos_bolt__model_config.context_length-1024,azure2019_D,5T,short,288,0.8081503358177572,0.7609492107061407,1.0885837788402748,1.1850146435541724,1.8286138989937584,190.18040651082993,Unclassified,1.0620292713988297,1.0,79.90540184918791,0.7609492107061407,23.905078929385926
chronos_bolt__model_config.context_length-128,azure2019_D,5T,short,288,0.8168819356904116,0.7691708295520636,1.0663972951179999,1.1372031910349867,1.8286138989937584,70.99289473006502,Unclassified,1.0620292713988297,1.0,79.90540184918791,0.7691708295520636,23.08291704479364
chronos_bolt__model_config.context_length-2048,azure2019_D,5T,short,288,0.8067747649753241,0.7596539819591765,0.9523595026502596,0.9069886222882497,1.8286138989937584,334.9905716534704,Unclassified,1.0620292713988297,1.0,79.90540184918791,0.7596539819591765,24.034601804082346
chronos_bolt__model_config.context_length-256,azure2019_D,5T,short,288,0.802683170550348,0.7558013626998346,1.0730978017342692,1.151538892086921,1.8286138989937584,82.74497587047517,Unclassified,1.0620292713988297,1.0,79.90540184918791,0.7558013626998346,24.419863730016544
chronos_bolt__model_config.context_length-512,azure2019_D,5T,short,288,0.8062474798779404,0.7591574936687088,1.0991708632185702,1.208176586548657,1.8286138989937584,117.81897779554129,Unclassified,1.0620292713988297,1.0,79.90540184918791,0.7591574936687088,24.084250633129123
ts_icl__model_config.context_length-1024,azure2019_D,5T,short,288,0.7537086378399602,0.7096872545209876,0.9629761557463261,0.9273230765359726,1.8286138989937584,42.65189837478101,Unclassified,1.0620292713988297,1.0,79.90540184918791,0.7096872545209876,29.03127454790124
ts_icl__model_config.context_length-2048,azure2019_D,5T,short,288,0.751829195626656,0.7079175836993643,0.9518296517565131,0.905979685962925,1.8286138989937584,87.97394005581737,Unclassified,1.0620292713988297,1.0,79.90540184918791,0.7079175836993643,29.20824163006357
ts_icl__model_config.context_length-256,azure2019_D,5T,short,288,0.7760958137062125,0.7307668767773171,1.0180296293790292,1.0363843262936034,1.8286138989937584,21.096272333990782,Unclassified,1.0620292713988297,1.0,79.90540184918791,0.7307668767773171,26.923312322268288
ts_icl__model_config.context_length-4096,azure2019_D,5T,short,288,0.7504585763698494,0.7066270173338993,0.9677617853288395,0.9365628731428628,1.8286138989937584,227.67977700755,Unclassified,1.0620292713988297,1.0,79.90540184918791,0.7066270173338993,29.33729826661007
ts_icl__model_config.context_length-512,azure2019_D,5T,short,288,0.7598360567032386,0.715456793109324,0.8718422664448402,0.7601089375596758,1.8286138989937584,26.717931296676397,Unclassified,1.0620292713988297,1.0,79.90540184918791,0.715456793109324,28.454320689067604
chronos2__model_config.context_length-1024,azure2019_I,5T,short,288,0.7086884187726149,0.7186707591165806,0.38192845701613254,0.1458693462787238,0.20206072558210966,4.279145080596209,Unclassified,0.9861099951301255,1.0,39.59057625103742,0.7186707591165806,28.132924088341937
chronos2__model_config.context_length-2048,azure2019_I,5T,short,288,0.6839065684291975,0.6935398401868448,0.3659900934522326,0.13394874850517396,0.20206072558210966,7.080481894314289,Unclassified,0.9861099951301255,1.0,39.59057625103742,0.6935398401868448,30.64601598131552
chronos2__model_config.context_length-4096,azure2019_I,5T,short,288,0.6750400992344475,0.6845484809687689,0.36105625893752824,0.13036162211796345,0.20206072558210966,12.13700771285221,Unclassified,0.9861099951301255,1.0,39.59057625103742,0.6845484809687689,31.545151903123113
chronos2__model_config.context_length-512,azure2019_I,5T,short,288,0.7323841077607467,0.7427002173972513,0.42402806438670704,0.17979979938753737,0.20206072558210966,3.080658109858632,Unclassified,0.9861099951301255,1.0,39.59057625103742,0.7427002173972513,25.729978260274866
chronos2__model_config.context_length-8192,azure2019_I,5T,short,288,0.6743310940180272,0.6838294889497023,0.36258742908662556,0.1314696437316487,0.20206072558210966,21.73533325828612,Unclassified,0.9861099951301255,1.0,39.59057625103742,0.6838294889497023,31.61705110502977
chronos_bolt__model_config.context_length-1024,azure2019_I,5T,short,288,0.8046304845645249,0.8159642317167134,0.47971215686657215,0.2301237534455787,0.20206072558210966,95.14999249204993,Unclassified,0.9861099951301255,1.0,39.59057625103742,0.8159642317167134,18.40357682832866
chronos_bolt__model_config.context_length-128,azure2019_I,5T,short,288,1.113275636231577,1.128956852409422,2.486291113014655,6.181643498655651,0.20206072558210966,35.07996974280104,Unclassified,0.9861099951301255,1.0,39.59057625103742,1.128956852409422,-12.8956852409422
chronos_bolt__model_config.context_length-2048,azure2019_I,5T,short,288,0.7879785915455384,0.7990777858828598,0.4356335166395865,0.1897765608197729,0.20206072558210966,166.92615714110434,Unclassified,0.9861099951301255,1.0,39.59057625103742,0.7990777858828598,20.092221411714018
chronos_bolt__model_config.context_length-256,azure2019_I,5T,short,288,1.071905576671551,1.0870040684762596,2.5026337668032297,6.263175770743723,0.20206072558210966,41.58942804671824,Unclassified,0.9861099951301255,1.0,39.59057625103742,1.0870040684762596,-8.700406847625963
chronos_bolt__model_config.context_length-512,azure2019_I,5T,short,288,0.8347652865482473,0.8465235021150891,0.6702731129487283,0.4492660459419786,0.20206072558210966,58.83803430944681,Unclassified,0.9861099951301255,1.0,39.59057625103742,0.8465235021150891,15.347649788491092
ts_icl__model_config.context_length-1024,azure2019_I,5T,short,288,0.7491454128479018,0.7596976164398839,0.4005501672312266,0.16044043646896358,0.20206072558210966,21.272461112588644,Unclassified,0.9861099951301255,1.0,39.59057625103742,0.7596976164398839,24.030238356011612
ts_icl__model_config.context_length-2048,azure2019_I,5T,short,288,0.7263871791544934,0.7366188181254977,0.38767978617174553,0.15029561660617033,0.20206072558210966,43.81288154236972,Unclassified,0.9861099951301255,1.0,39.59057625103742,0.7366188181254977,26.33811818745023
ts_icl__model_config.context_length-256,azure2019_I,5T,short,288,1.062126029494824,1.0770867699750548,2.4137408755977288,5.826145014531289,0.20206072558210966,10.56448372406885,Unclassified,0.9861099951301255,1.0,39.59057625103742,1.0770867699750548,-7.708676997505481
ts_icl__model_config.context_length-4096,azure2019_I,5T,short,288,0.7207014084333551,0.7308529596013804,0.38286609819501044,0.1465864491470714,0.20206072558210966,113.07235381193459,Unclassified,0.9861099951301255,1.0,39.59057625103742,0.7308529596013804,26.91470403986196
ts_icl__model_config.context_length-512,azure2019_I,5T,short,288,0.8047053577401891,0.816040159530075,1.0120909505997444,1.0243280922858944,0.20206072558210966,13.35665294714272,Unclassified,0.9861099951301255,1.0,39.59057625103742,0.816040159530075,18.395984046992496
chronos2__model_config.context_length-1024,azure2019_U,5T,short,48,0.6622607274970368,0.5949941065904752,0.9640668838813352,0.9294249565966678,1.2257899723905192,1.12984131090343,Cloud operations,1.1130542641708217,1.0,5.367972842417657,0.5949941065904752,40.50058934095247
chronos2__model_config.context_length-2048,azure2019_U,5T,short,48,0.6607650521734936,0.5936503488136183,0.9575795512510058,0.9169585969740777,1.2257899723905192,1.5093507803976536,Cloud operations,1.1130542641708217,1.0,5.367972842417657,0.5936503488136183,40.63496511863816
chronos2__model_config.context_length-4096,azure2019_U,5T,short,48,0.6607650521734936,0.5936503488136183,0.9575795512510058,0.9169585969740777,1.2257899723905192,1.5019724052399397,Cloud operations,1.1130542641708217,1.0,5.367972842417657,0.5936503488136183,40.63496511863816
chronos2__model_config.context_length-512,azure2019_U,5T,short,48,0.6717322210171628,0.6035035690893066,0.9577770718837315,0.9173369194261746,1.2257899723905192,0.7996203564107418,Cloud operations,1.1130542641708217,1.0,5.367972842417657,0.6035035690893066,39.64964309106934
chronos2__model_config.context_length-8192,azure2019_U,5T,short,48,0.6607650521734936,0.5936503488136183,0.9575795512510058,0.9169585969740777,1.2257899723905192,1.5023027304559946,Cloud operations,1.1130542641708217,1.0,5.367972842417657,0.5936503488136183,40.63496511863816
chronos_bolt__model_config.context_length-1024,azure2019_U,5T,short,48,0.772569461187094,0.6940986491459387,1.0010361001068195,1.0020732737170703,1.2257899723905192,1.9443880524486303,Cloud operations,1.1130542641708217,1.0,5.367972842417657,0.6940986491459387,30.590135085406132
chronos_bolt__model_config.context_length-128,azure2019_U,5T,short,48,0.8848484282665456,0.7949733061089527,2.1213346565632474,4.500060725136311,1.2257899723905192,1.683651467319578,Cloud operations,1.1130542641708217,1.0,5.367972842417657,0.7949733061089527,20.50266938910473
chronos_bolt__model_config.context_length-2048,azure2019_U,5T,short,48,0.7729739710685387,0.6944620724708077,1.0012581885494383,1.0025179601373027,1.2257899723905192,2.3052508868277073,Cloud operations,1.1130542641708217,1.0,5.367972842417657,0.6944620724708077,30.55379275291923
chronos_bolt__model_config.context_length-256,azure2019_U,5T,short,48,0.869780338305278,0.7814357002200855,2.119538774901479,4.492444618310862,1.2257899723905192,1.7558481693267822,Cloud operations,1.1130542641708217,1.0,5.367972842417657,0.7814357002200855,21.856429977991453
chronos_bolt__model_config.context_length-512,azure2019_U,5T,short,48,0.7997451823696359,0.7185140995487872,1.1053216889265465,1.2217360360114333,1.2257899723905192,1.7215094920247793,Cloud operations,1.1130542641708217,1.0,5.367972842417657,0.7185140995487872,28.14859004512128
ts_icl__model_config.context_length-1024,azure2019_U,5T,short,48,0.695411503846695,0.6247777186000425,0.9582478004056528,0.9182388469822718,1.2257899723905192,13.830339813604951,Cloud operations,1.1130542641708217,1.0,5.367972842417657,0.6247777186000425,37.52222813999575
ts_icl__model_config.context_length-2048,azure2019_U,5T,short,48,0.6951977394287573,0.6245856664918761,0.9573218036892632,0.9164650358188643,1.2257899723905192,20.565046649426222,Cloud operations,1.1130542641708217,1.0,5.367972842417657,0.6245856664918761,37.54143335081239
ts_icl__model_config.context_length-256,azure2019_U,5T,short,48,0.7993778447837492,0.7181840728845793,2.13349210469224,4.551788560784124,1.2257899723905192,2.430714309681207,Cloud operations,1.1130542641708217,1.0,5.367972842417657,0.7181840728845793,28.18159271154207
ts_icl__model_config.context_length-4096,azure2019_U,5T,short,48,0.6951977394287573,0.6245856664918761,0.9573218036892632,0.9164650358188643,1.2257899723905192,20.56273502111435,Cloud operations,1.1130542641708217,1.0,5.367972842417657,0.6245856664918761,37.54143335081239
ts_icl__model_config.context_length-512,azure2019_U,5T,short,48,0.7179792546134529,0.645053235700343,1.1735869558402139,1.3773063429183001,1.2257899723905192,3.2872977051883936,Cloud operations,1.1130542641708217,1.0,5.367972842417657,0.645053235700343,35.4946764299657
chronos2__model_config.context_length-1024,current_velocity,10T,long,432,1.028648831218645,0.7155818339949878,0.8347685183733483,0.6968384792672352,0.6433695275713929,0.3280366826802492,Climate,1.437499922931037,1.0,3.6895391680300236,0.7155818339949878,28.441816600501223
chronos2__model_config.context_length-2048,current_velocity,10T,long,432,0.9645223401744799,0.6709720987030287,0.752439069502861,0.5661645533143312,0.6433695275713929,0.4776007682085037,Climate,1.437499922931037,1.0,3.6895391680300236,0.6709720987030287,32.90279012969714
chronos2__model_config.context_length-4096,current_velocity,10T,long,432,0.9433700614648247,0.6562574692465443,0.7492615347774555,0.5613928474970682,0.6433695275713929,0.7749732825905085,Climate,1.437499922931037,1.0,3.6895391680300236,0.6562574692465443,34.37425307534557
chronos2__model_config.context_length-512,current_velocity,10T,long,432,1.0422975242091639,0.7250765774539574,0.7618360664258567,0.5803941921072222,0.6433695275713929,0.26396438106894493,Climate,1.437499922931037,1.0,3.6895391680300236,0.7250765774539574,27.492342254604264
chronos2__model_config.context_length-8192,current_velocity,10T,long,432,0.9316454809403314,0.6481012388791804,0.7219218654628167,0.5211711798333132,0.6433695275713929,1.5215382035821676,Climate,1.437499922931037,1.0,3.6895391680300236,0.6481012388791804,35.18987611208196
chronos2__model_config.context_length-1024,current_velocity,10T,medium,144,0.6999049632187728,0.6705925408793783,0.39701447801687356,0.15762049575501058,0.25305105017876023,0.6837770342826843,Climate,1.0437112263446233,1.0,6.091557212173939,0.6705925408793783,32.94074591206218
chronos2__model_config.context_length-2048,current_velocity,10T,medium,144,0.6749399560571021,0.6466730825737458,0.3812805434213897,0.14537485279171022,0.25305105017876023,1.210576267912984,Climate,1.0437112263446233,1.0,6.091557212173939,0.6466730825737458,35.33269174262542
chronos2__model_config.context_length-4096,current_velocity,10T,medium,144,0.6754467866526496,0.6471586868124992,0.3785471426351981,0.14329793919727304,0.25305105017876023,2.122868594247848,Climate,1.0437112263446233,1.0,6.091557212173939,0.6471586868124992,35.28413131875008
chronos2__model_config.context_length-512,current_velocity,10T,medium,144,0.7354347198806159,0.704634290900865,0.4023505343601533,0.16188595249990087,0.25305105017876023,0.4219373520463705,Climate,1.0437112263446233,1.0,6.091557212173939,0.704634290900865,29.536570909913497
chronos2__model_config.context_length-8192,current_velocity,10T,medium,144,0.6789060806388872,0.650473103577329,0.3840414186056275,0.14748781120462284,0.25305105017876023,4.219933304935694,Climate,1.0437112263446233,1.0,6.091557212173939,0.650473103577329,34.952689642267096
chronos2__model_config.context_length-1024,current_velocity,10T,short,18,0.5251652501208918,0.5037053765673567,0.3685048778666252,0.13579584501149636,0.4807344590412708,4.817983554676175,Climate,1.042604019237951,1.0,31.85003567300737,0.5037053765673567,49.62946234326433
chronos2__model_config.context_length-2048,current_velocity,10T,short,18,0.513400898214542,0.49242175240202074,0.36278706558213575,0.13161445495369686,0.4807344590412708,9.22310645505786,Climate,1.042604019237951,1.0,31.85003567300737,0.49242175240202074,50.757824759797934
chronos2__model_config.context_length-4096,current_velocity,10T,short,18,0.5137122038947823,0.49272033717101854,0.36258737402251096,0.13146960380054024,0.4807344590412708,16.58858703589067,Climate,1.042604019237951,1.0,31.85003567300737,0.49272033717101854,50.72796628289815
chronos2__model_config.context_length-512,current_velocity,10T,short,18,0.5398725358059934,0.5178116771510157,0.3774851598161416,0.14249504588141798,0.4807344590412708,2.6383729111403227,Climate,1.042604019237951,1.0,31.85003567300737,0.5178116771510157,48.218832284898426
chronos2__model_config.context_length-8192,current_velocity,10T,short,18,0.5194504740187809,0.4982241238609957,0.36295210966394853,0.13173423390951092,0.4807344590412708,32.458477921783924,Climate,1.042604019237951,1.0,31.85003567300737,0.4982241238609957,50.17758761390043
chronos_bolt__model_config.context_length-1024,current_velocity,10T,long,432,1.3916956142699655,0.9681361313970178,0.9201907822548109,0.8467510757467208,0.6433695275713929,10.145373083651066,Climate,1.437499922931037,1.0,3.6895391680300236,0.9681361313970178,3.186386860298218
chronos_bolt__model_config.context_length-128,current_velocity,10T,long,432,1.6735999230737175,1.1642434871657432,1.0566659764656348,1.1165429858200733,0.6433695275713929,3.716637363191694,Climate,1.437499922931037,1.0,3.6895391680300236,1.1642434871657432,-16.424348716574322
chronos_bolt__model_config.context_length-2048,current_velocity,10T,long,432,1.3770165825586909,0.9579246305286601,0.9062009471766741,0.8212001566639012,0.6433695275713929,16.67514997161925,Climate,1.437499922931037,1.0,3.6895391680300236,0.9579246305286601,4.207536947133994
chronos_bolt__model_config.context_length-256,current_velocity,10T,long,432,1.545855533681598,1.0753778202155488,0.9970918833880347,0.9941922239182982,0.6433695275713929,4.441340819001198,Climate,1.437499922931037,1.0,3.6895391680300236,1.0753778202155488,-7.537782021554884
chronos_bolt__model_config.context_length-512,current_velocity,10T,long,432,1.4351119364813474,0.9983387919459359,0.9092230637390716,0.8266865796350639,0.6433695275713929,6.18855750747025,Climate,1.437499922931037,1.0,3.6895391680300236,0.9983387919459359,0.16612080540641116
chronos_bolt__model_config.context_length-1024,current_velocity,10T,medium,144,1.057199676720964,1.0129235463180568,0.5155799361460139,0.2658226705563278,0.25305105017876023,9.336111772805452,Climate,1.0437112263446233,1.0,6.091557212173939,1.0129235463180568,-1.292354631805681
chronos_bolt__model_config.context_length-128,current_velocity,10T,medium,144,1.5927235978764958,1.52601941770299,1.0190579356892433,1.0384790762912217,0.25305105017876023,3.7648558118380606,Climate,1.0437112263446233,1.0,6.091557212173939,1.52601941770299,-52.601941770299
chronos_bolt__model_config.context_length-2048,current_velocity,10T,medium,144,1.002804817780753,0.9608067753499822,0.4777945055545001,0.2282875895380692,0.25305105017876023,17.537843383848667,Climate,1.0437112263446233,1.0,6.091557212173939,0.9608067753499822,3.9193224650017844
chronos_bolt__model_config.context_length-256,current_velocity,10T,medium,144,1.3401524167793286,1.2840260629110292,0.821155820702022,0.6742968818728113,0.25305105017876023,4.423809913918376,Climate,1.0437112263446233,1.0,6.091557212173939,1.2840260629110292,-28.402606291102916
chronos_bolt__model_config.context_length-512,current_velocity,10T,medium,144,1.1919031485078797,1.1419855592454122,0.6388607650714241,0.4081430771476453,0.25305105017876023,5.841291557997465,Climate,1.0437112263446233,1.0,6.091557212173939,1.1419855592454122,-14.198555924541223
chronos_bolt__model_config.context_length-1024,current_velocity,10T,short,18,0.6677468103847819,0.640460614062129,0.4361388781611222,0.1902171210436422,0.4807344590412708,8.73864084482193,Climate,1.042604019237951,1.0,31.85003567300737,0.640460614062129,35.95393859378711
chronos_bolt__model_config.context_length-128,current_velocity,10T,short,18,0.8187967315676103,0.785338169102855,0.5836884938620003,0.3406922578668904,0.4807344590412708,7.77649156935513,Climate,1.042604019237951,1.0,31.85003567300737,0.785338169102855,21.466183089714498
chronos_bolt__model_config.context_length-2048,current_velocity,10T,short,18,0.6437833307149723,0.6174763561582273,0.4150342852693608,0.17225345794904917,0.4807344590412708,11.19245981797576,Climate,1.042604019237951,1.0,31.85003567300737,0.6174763561582273,38.25236438417727
chronos_bolt__model_config.context_length-256,current_velocity,10T,short,18,0.7428770336916423,0.7125207844821257,0.5211321722712317,0.2715787409761327,0.4807344590412708,7.887251645326614,Climate,1.042604019237951,1.0,31.85003567300737,0.7125207844821257,28.747921551787424
chronos_bolt__model_config.context_length-512,current_velocity,10T,short,18,0.7007421003746798,0.6721076146309686,0.47954488267829476,0.2299632945029395,0.4807344590412708,7.780105035752058,Climate,1.042604019237951,1.0,31.85003567300737,0.6721076146309686,32.78923853690314
ts_icl__model_config.context_length-1024,current_velocity,10T,long,432,1.1880192117963826,0.8264481916451393,0.8442750086283668,0.7128002901944289,0.6433695275713929,1.5532106533646584,Climate,1.437499922931037,1.0,3.6895391680300236,0.8264481916451393,17.355180835486074
ts_icl__model_config.context_length-2048,current_velocity,10T,long,432,1.1017830098455443,0.7664577870717574,0.7172173803053079,0.5144007706120087,0.6433695275713929,3.1287563536316156,Climate,1.437499922931037,1.0,3.6895391680300236,0.7664577870717574,23.354221292824263
ts_icl__model_config.context_length-256,current_velocity,10T,long,432,1.5078778950197378,1.0489585919039226,0.9915315295348434,0.9831347740617059,0.6433695275713929,0.8289518640376627,Climate,1.437499922931037,1.0,3.6895391680300236,1.0489585919039226,-4.89585919039226
ts_icl__model_config.context_length-4096,current_velocity,10T,long,432,1.0619848659125353,0.7387721202427384,0.7138262231933302,0.5095478769184542,0.6433695275713929,7.908244350925088,Climate,1.437499922931037,1.0,3.6895391680300236,0.7387721202427384,26.12278797572616
ts_icl__model_config.context_length-512,current_velocity,10T,long,432,1.310057955647716,0.91134471365851,0.7939634012674692,0.6303778825522083,0.6433695275713929,1.0026573780924082,Climate,1.437499922931037,1.0,3.6895391680300236,0.91134471365851,8.865528634149001
ts_icl__model_config.context_length-1024,current_velocity,10T,medium,144,0.7986083373564372,0.7651621609488605,0.39860368773783106,0.15888489987819834,0.25305105017876023,3.9604061264544725,Climate,1.0437112263446233,1.0,6.091557212173939,0.7651621609488605,23.483783905113953
ts_icl__model_config.context_length-2048,current_velocity,10T,medium,144,0.7822471327963524,0.7494861730442497,0.374702357289136,0.1404018565580353,0.25305105017876023,8.383380115032196,Climate,1.0437112263446233,1.0,6.091557212173939,0.7494861730442497,25.05138269557503
ts_icl__model_config.context_length-256,current_velocity,10T,medium,144,1.2054371886200337,1.1549527859749302,0.6703807686511468,0.44941037497730246,0.25305105017876023,1.7445638300850987,Climate,1.0437112263446233,1.0,6.091557212173939,1.1549527859749302,-15.495278597493023
ts_icl__model_config.context_length-4096,current_velocity,10T,medium,144,0.7731507634952759,0.7407707649203622,0.3718416498509573,0.13826621256388194,0.25305105017876023,22.186955513432622,Climate,1.0437112263446233,1.0,6.091557212173939,0.7407707649203622,25.92292350796378
ts_icl__model_config.context_length-512,current_velocity,10T,medium,144,0.8541656980104042,0.8183927473904232,0.3884110625197217,0.15086315348769916,0.25305105017876023,2.381493290886283,Climate,1.0437112263446233,1.0,6.091557212173939,0.8183927473904232,18.160725260957676
ts_icl__model_config.context_length-1024,current_velocity,10T,short,18,0.5820797800368924,0.5582942030689081,0.3849707284388671,0.14820246175475194,0.4807344590412708,26.263617280870676,Climate,1.042604019237951,1.0,31.85003567300737,0.5582942030689081,44.17057969310919
ts_icl__model_config.context_length-2048,current_velocity,10T,short,18,0.5788086143808884,0.5551567073412444,0.37812329651817095,0.14297722736976864,0.4807344590412708,62.47075206041336,Climate,1.042604019237951,1.0,31.85003567300737,0.5551567073412444,44.48432926587556
ts_icl__model_config.context_length-256,current_velocity,10T,short,18,0.6471138933218122,0.6206708216939292,0.43771187564170067,0.19159168607777563,0.4807344590412708,11.699216968845576,Climate,1.042604019237951,1.0,31.85003567300737,0.6206708216939292,37.93291783060708
ts_icl__model_config.context_length-4096,current_velocity,10T,short,18,0.5854931056397984,0.5615680496491282,0.37688907253306747,0.1420453729948358,0.4807344590412708,171.5038551222533,Climate,1.042604019237951,1.0,31.85003567300737,0.5615680496491282,43.84319503508718
ts_icl__model_config.context_length-512,current_velocity,10T,short,18,0.6046126677506649,0.5799063274210106,0.4004598307863852,0.16036807607346026,0.4807344590412708,16.222080709412694,Climate,1.042604019237951,1.0,31.85003567300737,0.5799063274210106,42.009367257898944
chronos2__model_config.context_length-1024,current_velocity,15T,long,288,0.88145937997613,0.7810212258854887,0.44266356739857254,0.19595103390203056,0.18788879728392668,0.12303443998098373,Climate,1.1285984948447063,1.0,1.2894736649468541,0.7810212258854887,21.897877411451127
chronos2__model_config.context_length-2048,current_velocity,15T,long,288,0.8470913544657007,0.7505692753757034,0.42268896890787555,0.178665964436403,0.18788879728392668,0.20017383247613907,Climate,1.1285984948447063,1.0,1.2894736649468541,0.7505692753757034,24.94307246242966
chronos2__model_config.context_length-4096,current_velocity,15T,long,288,0.8295304619383379,0.7350093640276211,0.42858284143273934,0.18368325197056057,0.18788879728392668,0.3473368869163096,Climate,1.1285984948447063,1.0,1.2894736649468541,0.7350093640276211,26.499063597237893
chronos2__model_config.context_length-512,current_velocity,15T,long,288,0.9294026353704483,0.8235015726282117,0.45364405266854346,0.20579292652154024,0.18788879728392668,0.0805715024471283,Climate,1.1285984948447063,1.0,1.2894736649468541,0.8235015726282117,17.649842737178833
chronos2__model_config.context_length-8192,current_velocity,15T,long,288,0.8331182837324931,0.7381883703886466,0.4264630203402527,0.18187070771773076,0.18788879728392668,0.691248157992959,Climate,1.1285984948447063,1.0,1.2894736649468541,0.7381883703886466,26.18116296113534
chronos2__model_config.context_length-1024,current_velocity,15T,medium,96,0.7509097829489032,0.7566245021734495,0.4065970057679913,0.16532112509949595,0.20323056826444055,0.30349288135766983,Climate,0.9924470867542217,1.0,2.322853246703744,0.7566245021734495,24.337549782655053
chronos2__model_config.context_length-2048,current_velocity,15T,medium,96,0.7274269247032482,0.732962930126868,0.39765208693129706,0.15812718224081582,0.20323056826444055,0.5603417735546827,Climate,0.9924470867542217,1.0,2.322853246703744,0.732962930126868,26.703706987313204
chronos2__model_config.context_length-4096,current_velocity,15T,medium,96,0.7229376429722548,0.7284394831936158,0.4044491375833418,0.1635791048919089,0.20323056826444055,1.019244798924774,Climate,0.9924470867542217,1.0,2.322853246703744,0.7284394831936158,27.156051680638416
chronos2__model_config.context_length-512,current_velocity,15T,medium,96,0.7811720001986248,0.7871170268164444,0.4208944464299039,0.17715213503553526,0.20323056826444055,0.18764560110867023,Climate,0.9924470867542217,1.0,2.322853246703744,0.7871170268164444,21.288297318355564
chronos2__model_config.context_length-8192,current_velocity,15T,medium,96,0.7241171493827121,0.7296279661124532,0.40405155127113823,0.16325765608461323,0.20323056826444055,1.662933200597763,Climate,0.9924470867542217,1.0,2.322853246703744,0.7296279661124532,27.037203388754683
chronos2__model_config.context_length-1024,current_velocity,15T,short,12,0.5103311283667865,0.514772850791618,0.3803384373995155,0.14465732696350517,0.453088957404636,2.4028065390884876,Climate,0.9913714905166404,1.0,12.830142772756517,0.514772850791618,48.5227149208382
chronos2__model_config.context_length-2048,current_velocity,15T,short,12,0.5010639083542826,0.5054249725228226,0.37390385734315773,0.13980409453609247,0.453088957404636,4.644878953695297,Climate,0.9913714905166404,1.0,12.830142772756517,0.5054249725228226,49.45750274771774
chronos2__model_config.context_length-4096,current_velocity,15T,short,12,0.4993983749594209,0.5037449429770932,0.369961143525421,0.13687124771863712,0.453088957404636,7.8803391652181745,Climate,0.9913714905166404,1.0,12.830142772756517,0.5037449429770932,49.62550570229068
chronos2__model_config.context_length-512,current_velocity,15T,short,12,0.5203800803843558,0.5249092649549226,0.3873423636017521,0.15003410664059194,0.453088957404636,1.37699543684721,Climate,0.9913714905166404,1.0,12.830142772756517,0.5249092649549226,47.50907350450774
chronos2__model_config.context_length-8192,current_velocity,15T,short,12,0.5007411130559184,0.5050993677405062,0.370423337418388,0.13721344890417694,0.453088957404636,11.76389035768807,Climate,0.9913714905166404,1.0,12.830142772756517,0.5050993677405062,49.49006322594938
chronos_bolt__model_config.context_length-1024,current_velocity,15T,long,288,0.9676930654294315,0.8574289881208682,0.5132723901536198,0.26344854649400967,0.18788879728392668,3.199405001476407,Climate,1.1285984948447063,1.0,1.2894736649468541,0.8574289881208682,14.257101187913179
chronos_bolt__model_config.context_length-128,current_velocity,15T,long,288,1.0262812117336733,0.9093412904780528,0.460220415143239,0.21180283051461526,0.18788879728392668,1.2200784510932863,Climate,1.1285984948447063,1.0,1.2894736649468541,0.9093412904780528,9.065870952194722
chronos_bolt__model_config.context_length-2048,current_velocity,15T,long,288,0.9309764178821907,0.8248960300184449,0.4705162732999425,0.22138556344006616,0.18788879728392668,5.634692154824734,Climate,1.1285984948447063,1.0,1.2894736649468541,0.8248960300184449,17.510396998155507
chronos_bolt__model_config.context_length-256,current_velocity,15T,long,288,1.0347766381440398,0.9168687029716655,0.565827260464866,0.32016048868517527,0.18788879728392668,1.424236487597227,Climate,1.1285984948447063,1.0,1.2894736649468541,0.9168687029716655,8.313129702833455
chronos_bolt__model_config.context_length-512,current_velocity,15T,long,288,0.998578986786805,0.884795603882325,0.5242061589532815,0.274792097084553,0.18788879728392668,1.99256326071918,Climate,1.1285984948447063,1.0,1.2894736649468541,0.884795603882325,11.520439611767497
chronos_bolt__model_config.context_length-1024,current_velocity,15T,medium,96,0.8156104009029224,0.821817517315064,0.4412303224131495,0.19468419741681187,0.20323056826444055,2.58329963311553,Climate,0.9924470867542217,1.0,2.322853246703744,0.821817517315064,17.818248268493598
chronos_bolt__model_config.context_length-128,current_velocity,15T,medium,96,0.8648734151278276,0.871455442482459,0.4831761306770981,0.23345917325609214,0.20323056826444055,1.2021187907084823,Climate,0.9924470867542217,1.0,2.322853246703744,0.871455442482459,12.854455751754102
chronos_bolt__model_config.context_length-2048,current_velocity,15T,medium,96,0.7820132300395952,0.7879646587478571,0.4130459250166466,0.17060693617285727,0.20323056826444055,4.714455593377352,Climate,0.9924470867542217,1.0,2.322853246703744,0.7879646587478571,21.203534125214286
chronos_bolt__model_config.context_length-256,current_velocity,15T,medium,96,0.8487838304487934,0.8552434097264812,0.46932843769933535,0.22026918243329893,0.20323056826444055,1.3525461871176958,Climate,0.9924470867542217,1.0,2.322853246703744,0.8552434097264812,14.475659027351885
chronos_bolt__model_config.context_length-512,current_velocity,15T,medium,96,0.8343737195556625,0.8407236322134464,0.4470888093057375,0.1998884034064221,0.20323056826444055,1.5989434067159891,Climate,0.9924470867542217,1.0,2.322853246703744,0.8407236322134464,15.927636778655362
chronos_bolt__model_config.context_length-1024,current_velocity,15T,short,12,0.5375037623208784,0.5421819847177219,0.38934494251289165,0.1515894842603669,0.453088957404636,4.45582003518939,Climate,0.9913714905166404,1.0,12.830142772756517,0.5421819847177219,45.7818015282278
chronos_bolt__model_config.context_length-128,current_velocity,15T,short,12,0.5686535807716795,0.5736029189979359,0.44168573602860645,0.1950862894111318,0.453088957404636,4.054465477820486,Climate,0.9913714905166404,1.0,12.830142772756517,0.5736029189979359,42.639708100206406
chronos_bolt__model_config.context_length-2048,current_velocity,15T,short,12,0.5264439061535141,0.5310258678905166,0.3845825746094821,0.14790375669325784,0.453088957404636,5.675244668498635,Climate,0.9913714905166404,1.0,12.830142772756517,0.5310258678905166,46.897413210948336
chronos_bolt__model_config.context_length-256,current_velocity,15T,short,12,0.5433380272147861,0.5480670287700451,0.39163610575808044,0.1533788393333544,0.453088957404636,3.9597274735569954,Climate,0.9913714905166404,1.0,12.830142772756517,0.5480670287700451,45.19329712299549
chronos_bolt__model_config.context_length-512,current_velocity,15T,short,12,0.539949960567622,0.5446494737166933,0.3847437265210685,0.14802773509731873,0.453088957404636,3.9399920236319304,Climate,0.9913714905166404,1.0,12.830142772756517,0.5446494737166933,45.535052628330675
ts_icl__model_config.context_length-1024,current_velocity,15T,long,288,0.9127967313754908,0.8087878333570615,0.45079729731988594,0.20321820327091364,0.18788879728392668,0.7213836368173361,Climate,1.1285984948447063,1.0,1.2894736649468541,0.8087878333570615,19.12121666429385
ts_icl__model_config.context_length-2048,current_velocity,15T,long,288,0.8577556102201068,0.7600183893016204,0.4216333707996105,0.17777469937184182,0.18788879728392668,1.4710916317999363,Climate,1.1285984948447063,1.0,1.2894736649468541,0.7600183893016204,23.998161069837963
ts_icl__model_config.context_length-256,current_velocity,15T,long,288,1.007685302505933,0.8928642977187287,0.5356044261948314,0.28687210135949454,0.18788879728392668,0.3621095069684088,Climate,1.1285984948447063,1.0,1.2894736649468541,0.8928642977187287,10.713570228127134
ts_icl__model_config.context_length-4096,current_velocity,15T,long,288,0.8639502699452303,0.7655071966617399,0.42461987949106356,0.18030204205900532,0.18788879728392668,4.70703168399632,Climate,1.1285984948447063,1.0,1.2894736649468541,0.7655071966617399,23.449280333826007
ts_icl__model_config.context_length-512,current_velocity,15T,long,288,0.9634606295615398,0.8536788184305621,0.5059363933522572,0.2559716341182898,0.18788879728392668,0.4550499301403761,Climate,1.1285984948447063,1.0,1.2894736649468541,0.8536788184305621,14.632118156943786
ts_icl__model_config.context_length-1024,current_velocity,15T,medium,96,0.7727366186486406,0.7786174486902473,0.42059106848148964,0.17689684688640112,0.20323056826444055,1.8897835053503513,Climate,0.9924470867542217,1.0,2.322853246703744,0.7786174486902473,22.13825513097527
ts_icl__model_config.context_length-2048,current_velocity,15T,medium,96,0.7559540178183866,0.7617071256571664,0.4163327970443681,0.173332997894787,0.20323056826444055,4.032346302643418,Climate,0.9924470867542217,1.0,2.322853246703744,0.7617071256571664,23.829287434283366
ts_icl__model_config.context_length-256,current_velocity,15T,medium,96,0.845178920002259,0.8516110644915084,0.44228845544702544,0.1956190778217154,0.20323056826444055,0.847531768027693,Climate,0.9924470867542217,1.0,2.322853246703744,0.8516110644915084,14.838893550849164
ts_icl__model_config.context_length-4096,current_velocity,15T,medium,96,0.7574821876670954,0.7632469254803556,0.4159638872280825,0.17302595547789693,0.20323056826444055,12.929605623707175,Climate,0.9924470867542217,1.0,2.322853246703744,0.7632469254803556,23.675307451964443
ts_icl__model_config.context_length-512,current_velocity,15T,medium,96,0.8057579546074379,0.8118900900224849,0.4338024775277189,0.18818458950918707,0.20323056826444055,1.1288710292428732,Climate,0.9924470867542217,1.0,2.322853246703744,0.8118900900224849,18.81099099775151
ts_icl__model_config.context_length-1024,current_velocity,15T,short,12,0.5239723131218501,0.5285327630803552,0.3841458644071263,0.14756804514109825,0.453088957404636,13.11136675812304,Climate,0.9913714905166404,1.0,12.830142772756517,0.5285327630803552,47.146723691964475
ts_icl__model_config.context_length-2048,current_velocity,15T,short,12,0.5195816002062952,0.5241038351178748,0.38561945531352615,0.1487023643163006,0.453088957404636,31.059992603957653,Climate,0.9913714905166404,1.0,12.830142772756517,0.5241038351178748,47.58961648821251
ts_icl__model_config.context_length-256,current_velocity,15T,short,12,0.5408306067737723,0.5455377847227838,0.40407528043521757,0.16327683225879971,0.453088957404636,5.918224628083408,Climate,0.9913714905166404,1.0,12.830142772756517,0.5455377847227838,45.44622152772162
ts_icl__model_config.context_length-4096,current_velocity,15T,short,12,0.5193276915541719,0.5238477165442099,0.38905613308127585,0.15136467468815543,0.453088957404636,92.03353725373745,Climate,0.9913714905166404,1.0,12.830142772756517,0.5238477165442099,47.615228345579006
ts_icl__model_config.context_length-512,current_velocity,15T,short,12,0.5307258755872055,0.5353451059104237,0.3860754870946472,0.14905428173536908,0.453088957404636,7.418394675478339,Climate,0.9913714905166404,1.0,12.830142772756517,0.5353451059104237,46.46548940895763
chronos2__model_config.context_length-1024,current_velocity,20T,long,216,1.08629315418601,0.8206700752391325,0.7128433362805476,0.5081456220795819,0.5739694775146801,0.6322819087654352,Climate,1.3236660955006534,1.0,5.862513719126582,0.8206700752391325,17.932992476086753
chronos2__model_config.context_length-2048,current_velocity,20T,long,216,1.0448818058337623,0.7893847318334116,0.691802662413271,0.4785909237220903,0.5739694775146801,1.1053153723478317,Climate,1.3236660955006534,1.0,5.862513719126582,0.7893847318334116,21.061526816658837
chronos2__model_config.context_length-4096,current_velocity,20T,long,216,1.0314689567462747,0.7792516256572544,0.7048465499711188,0.4968086590061889,0.5739694775146801,1.9303419291973114,Climate,1.3236660955006534,1.0,5.862513719126582,0.7792516256572544,22.074837434274563
chronos2__model_config.context_length-512,current_velocity,20T,long,216,1.1372380671414286,0.8591578125382809,0.7318526130159961,0.5356082471783414,0.5739694775146801,0.40290164574980736,Climate,1.3236660955006534,1.0,5.862513719126582,0.8591578125382809,14.084218746171906
chronos2__model_config.context_length-8192,current_velocity,20T,long,216,1.0349358614818083,0.7818707943035755,0.6976374435518404,0.4866980026455474,0.5739694775146801,3.3376541268080473,Climate,1.3236660955006534,1.0,5.862513719126582,0.7818707943035755,21.812920569642447
chronos2__model_config.context_length-1024,current_velocity,20T,medium,72,0.7521749305971691,0.7389446482461407,0.43259553674521756,0.1871388984118829,0.3226624593318943,1.6549972537904978,Climate,1.0179042941611798,1.0,11.10418189316988,0.7389446482461407,26.10553517538593
chronos2__model_config.context_length-2048,current_velocity,20T,medium,72,0.7314132880742543,0.7185481899130675,0.41976026797789634,0.17619868257287535,0.3226624593318943,3.1669056229293346,Climate,1.0179042941611798,1.0,11.10418189316988,0.7185481899130675,28.145181008693253
chronos2__model_config.context_length-4096,current_velocity,20T,medium,72,0.728165329171501,0.7153573605577106,0.4204915420771462,0.1768131369584164,0.3226624593318943,5.59504885179922,Climate,1.0179042941611798,1.0,11.10418189316988,0.7153573605577106,28.46426394422894
chronos2__model_config.context_length-512,current_velocity,20T,medium,72,0.7938831180662261,0.7799192150185771,0.44971010008756473,0.2022391741207675,0.3226624593318943,0.8885620776563883,Climate,1.0179042941611798,1.0,11.10418189316988,0.7799192150185771,22.008078498142293
chronos2__model_config.context_length-8192,current_velocity,20T,medium,72,0.7299694722683221,0.7171297699160067,0.42078303966854297,0.1770583664726986,0.3226624593318943,9.093992669135332,Climate,1.0179042941611798,1.0,11.10418189316988,0.7171297699160067,28.287023008399327
chronos2__model_config.context_length-1024,current_velocity,20T,short,9,0.48050397120626,0.47305711890370267,0.34922637760674097,0.12195906281632601,0.5877917674840182,12.347924215719104,Climate,1.0157419728083052,1.0,65.24346527643502,0.47305711890370267,52.694288109629724
chronos2__model_config.context_length-2048,current_velocity,20T,short,9,0.47205614306458066,0.46474021523344977,0.34084784590045186,0.11617725405497818,0.5877917674840182,24.43400247581303,Climate,1.0157419728083052,1.0,65.24346527643502,0.46474021523344977,53.52597847665502
chronos2__model_config.context_length-4096,current_velocity,20T,short,9,0.47062659654857947,0.46333282383458024,0.33789000797569524,0.1141696574898154,0.5877917674840182,41.62062772875652,Climate,1.0157419728083052,1.0,65.24346527643502,0.46333282383458024,53.66671761654198
chronos2__model_config.context_length-512,current_velocity,20T,short,9,0.5002369253325676,0.4924842516348138,0.3694222820913042,0.13647282250554713,0.5877917674840182,6.6494596768170595,Climate,1.0157419728083052,1.0,65.24346527643502,0.4924842516348138,50.75157483651862
chronos2__model_config.context_length-8192,current_velocity,20T,short,9,0.4727036485451953,0.46537768567175847,0.3362000653035052,0.11303048391008118,0.5877917674840182,59.14826421812177,Climate,1.0157419728083052,1.0,65.24346527643502,0.46537768567175847,53.46223143282416
chronos_bolt__model_config.context_length-1024,current_velocity,20T,long,216,1.380085302815108,1.0426234437115465,0.8196130475715636,0.6717655477495461,0.5739694775146801,12.398277493193746,Climate,1.3236660955006534,1.0,5.862513719126582,1.0426234437115465,-4.262344371154647
chronos_bolt__model_config.context_length-128,current_velocity,20T,long,216,1.5863039550354536,1.1984170029190497,1.0429719267603343,1.0877904400101641,0.5739694775146801,4.8247030377388,Climate,1.3236660955006534,1.0,5.862513719126582,1.1984170029190497,-19.841700291904974
chronos_bolt__model_config.context_length-2048,current_velocity,20T,long,216,1.365751198444944,1.0317943498646256,0.8180825367327199,0.669259036907042,0.5739694775146801,23.029760701581836,Climate,1.3236660955006534,1.0,5.862513719126582,1.0317943498646256,-3.1794349864625593
chronos_bolt__model_config.context_length-256,current_velocity,20T,long,216,1.4998332946189028,1.1330903614718766,0.9479019663840614,0.8985181378747703,0.5739694775146801,5.593150665983558,Climate,1.3236660955006534,1.0,5.862513719126582,1.1330903614718766,-13.309036147187658
chronos_bolt__model_config.context_length-512,current_velocity,20T,long,216,1.4333534079910482,1.082866300544555,0.8817663148249766,0.7775118339600198,0.5739694775146801,7.823560029268265,Climate,1.3236660955006534,1.0,5.862513719126582,1.082866300544555,-8.28663005445549
chronos_bolt__model_config.context_length-1024,current_velocity,20T,medium,72,1.1266186125126252,1.1068021020984424,0.6862845988025724,0.4709865505536078,0.3226624593318943,13.74452942237258,Climate,1.0179042941611798,1.0,11.10418189316988,1.1068021020984424,-10.680210209844244
chronos_bolt__model_config.context_length-128,current_velocity,20T,medium,72,1.3636252108763116,1.339639903965656,1.0217239852319797,1.0439199019983187,0.3226624593318943,6.201366481371224,Climate,1.0179042941611798,1.0,11.10418189316988,1.339639903965656,-33.96399039656559
chronos_bolt__model_config.context_length-2048,current_velocity,20T,medium,72,1.1046554990495228,1.0852253059408024,0.6847937011577467,0.46894241314532537,0.3226624593318943,25.280030330643058,Climate,1.0179042941611798,1.0,11.10418189316988,1.0852253059408024,-8.522530594080235
chronos_bolt__model_config.context_length-256,current_velocity,20T,medium,72,1.245915258450196,1.2240003953190042,0.8399430781046185,0.7055043744558613,0.3226624593318943,7.035392032936215,Climate,1.0179042941611798,1.0,11.10418189316988,1.2240003953190042,-22.40003953190042
chronos_bolt__model_config.context_length-512,current_velocity,20T,medium,72,1.1923958651460953,1.1714223743684156,0.7683287798863668,0.5903291140016731,0.3226624593318943,8.377851743251085,Climate,1.0179042941611798,1.0,11.10418189316988,1.1714223743684156,-17.142237436841555
chronos_bolt__model_config.context_length-1024,current_velocity,20T,short,9,0.5966822530654938,0.5874348693259149,0.4546291604196345,0.20668767350386177,0.5877917674840182,23.149294808506966,Climate,1.0157419728083052,1.0,65.24346527643502,0.5874348693259149,41.256513067408505
chronos_bolt__model_config.context_length-128,current_velocity,20T,short,9,0.6757746611780505,0.6653015030083682,0.5716745478938329,0.3268117887096182,0.5877917674840182,20.778160837944597,Climate,1.0157419728083052,1.0,65.24346527643502,0.6653015030083682,33.46984969916318
chronos_bolt__model_config.context_length-2048,current_velocity,20T,short,9,0.5819725735844418,0.5729531605112412,0.43537891255147965,0.18955479749450896,0.5877917674840182,29.8737030941993,Climate,1.0157419728083052,1.0,65.24346527643502,0.5729531605112412,42.704683948875875
chronos_bolt__model_config.context_length-256,current_velocity,20T,short,9,0.6363444032544595,0.6264823353662405,0.5157669459874532,0.26601554257322446,0.5877917674840182,20.600344823673368,Climate,1.0157419728083052,1.0,65.24346527643502,0.6264823353662405,37.351766463375945
chronos_bolt__model_config.context_length-512,current_velocity,20T,short,9,0.6202361335960357,0.6106237117298775,0.4886491374921494,0.23877797957182154,0.5877917674840182,20.435575472190976,Climate,1.0157419728083052,1.0,65.24346527643502,0.6106237117298775,38.93762882701225
ts_icl__model_config.context_length-1024,current_velocity,20T,long,216,1.1984507156902597,0.9054025934213922,0.7448207018810681,0.5547578779506069,0.5739694775146801,3.5879442282021046,Climate,1.3236660955006534,1.0,5.862513719126582,0.9054025934213922,9.459740657860783
ts_icl__model_config.context_length-2048,current_velocity,20T,long,216,1.1334475910781985,0.8562941930226685,0.6801294352151974,0.46257604864614343,0.5739694775146801,8.019551653414965,Climate,1.3236660955006534,1.0,5.862513719126582,0.8562941930226685,14.370580697733148
ts_icl__model_config.context_length-256,current_velocity,20T,long,216,1.4254672946852904,1.0769085190975844,0.8812321440068589,0.7765700916309254,0.5739694775146801,1.6100620022043586,Climate,1.3236660955006534,1.0,5.862513719126582,1.0769085190975844,-7.690851909758445
ts_icl__model_config.context_length-4096,current_velocity,20T,long,216,1.1122450157855845,0.840276123688805,0.6802913862736099,0.4627963702380698,0.5739694775146801,23.708017384633422,Climate,1.3236660955006534,1.0,5.862513719126582,0.840276123688805,15.9723876311195
ts_icl__model_config.context_length-512,current_velocity,20T,long,216,1.2792500239543294,0.9664446557199726,0.7735292617417256,0.598347518770699,0.5739694775146801,2.1835242193192244,Climate,1.3236660955006534,1.0,5.862513719126582,0.9664446557199726,3.3555344280027377
ts_icl__model_config.context_length-1024,current_velocity,20T,medium,72,0.8397294889205501,0.8249591771420343,0.4781241654467777,0.22860271758417766,0.3226624593318943,10.040543872863054,Climate,1.0179042941611798,1.0,11.10418189316988,0.8249591771420343,17.504082285796574
ts_icl__model_config.context_length-2048,current_velocity,20T,medium,72,0.8215074218015946,0.8070576246842253,0.46090954460286065,0.21243760830601638,0.3226624593318943,22.38448049686849,Climate,1.0179042941611798,1.0,11.10418189316988,0.8070576246842253,19.294237531577473
ts_icl__model_config.context_length-256,current_velocity,20T,medium,72,0.9731247527385586,0.9560081024517905,0.5615026940944494,0.31528527547532487,0.3226624593318943,4.07998914970085,Climate,1.0179042941611798,1.0,11.10418189316988,0.9560081024517905,4.399189754820954
ts_icl__model_config.context_length-4096,current_velocity,20T,medium,72,0.8134401959265366,0.7991322962212916,0.45504919886610307,0.20706977338868224,0.3226624593318943,66.65869416855276,Climate,1.0179042941611798,1.0,11.10418189316988,0.7991322962212916,20.086770377870845
ts_icl__model_config.context_length-512,current_velocity,20T,medium,72,0.8836384728221512,0.8680958297266322,0.49003308133540263,0.24013242080306935,0.3226624593318943,5.589553743600845,Climate,1.0179042941611798,1.0,11.10418189316988,0.8680958297266322,13.190417027336776
ts_icl__model_config.context_length-1024,current_velocity,20T,short,9,0.5292275361821545,0.5210255658914592,0.3808629403550739,0.1450565793359126,0.5877917674840182,69.97257453016937,Climate,1.0157419728083052,1.0,65.24346527643502,0.5210255658914592,47.89744341085408
ts_icl__model_config.context_length-2048,current_velocity,20T,short,9,0.5237926507593346,0.5156749103427931,0.37356974535542137,0.13955435464491436,0.5877917674840182,171.11381600797176,Climate,1.0157419728083052,1.0,65.24346527643502,0.5156749103427931,48.432508965720686
ts_icl__model_config.context_length-256,current_velocity,20T,short,9,0.5502791251248823,0.5417508972317846,0.40576688750959644,0.16464676699922548,0.5877917674840182,31.115715688094497,Climate,1.0157419728083052,1.0,65.24346527643502,0.5417508972317846,45.82491027682154
ts_icl__model_config.context_length-4096,current_velocity,20T,short,9,0.5218188258961157,0.5137316758245211,0.369536976968835,0.13655757734726529,0.5877917674840182,495.31964737176895,Climate,1.0157419728083052,1.0,65.24346527643502,0.5137316758245211,48.626832417547895
ts_icl__model_config.context_length-512,current_velocity,20T,short,9,0.5369327150185011,0.5286113298380288,0.3894552311306079,0.15167537705499526,0.5877917674840182,39.3933645170182,Climate,1.0157419728083052,1.0,65.24346527643502,0.5286113298380288,47.13886701619712
chronos2__model_config.context_length-1024,current_velocity,5T,long,864,0.8129713104500458,0.7439970097423086,0.39719099673020214,0.15776068788353143,0.29190573790947194,0.03940396010875702,Climate,1.0927077660320532,1.0,0.6923420028761029,0.7439970097423086,25.600299025769136
chronos2__model_config.context_length-2048,current_velocity,5T,long,864,0.7696979755263302,0.7043950811490363,0.27633318277675833,0.07636002790353334,0.29190573790947194,0.05058484338223934,Climate,1.0927077660320532,1.0,0.6923420028761029,0.7043950811490363,29.560491885096376
chronos2__model_config.context_length-4096,current_velocity,5T,long,864,0.8086425705840131,0.7400355298292011,0.3649808435338929,0.133211016146712,0.29190573790947194,0.084530517924577,Climate,1.0927077660320532,1.0,0.6923420028761029,0.7400355298292011,25.996447017079895
chronos2__model_config.context_length-512,current_velocity,5T,long,864,1.0900122552715623,0.9975331823893967,0.6251964528823383,0.3908706046966578,0.29190573790947194,0.03241092897951603,Climate,1.0927077660320532,1.0,0.6923420028761029,0.9975331823893967,0.24668176106033002
chronos2__model_config.context_length-8192,current_velocity,5T,long,864,0.8498128607052333,0.7777128406354761,0.38290662610168397,0.14661748431257482,0.29190573790947194,0.16247102245688438,Climate,1.0927077660320532,1.0,0.6923420028761029,0.7777128406354761,22.228715936452392
chronos2__model_config.context_length-1024,current_velocity,5T,medium,288,0.6155869064946786,0.6759549118891665,0.3439022102390579,0.1182687302073092,0.11522061713881367,0.07626194693148136,Climate,0.9106922601897061,1.0,0.8633319521322846,0.6759549118891665,32.40450881108335
chronos2__model_config.context_length-2048,current_velocity,5T,medium,288,0.583282789142385,0.6404828663207058,0.2890699053778166,0.08356141019513985,0.11522061713881367,0.12525630369782448,Climate,0.9106922601897061,1.0,0.8633319521322846,0.6404828663207058,35.951713367929415
chronos2__model_config.context_length-4096,current_velocity,5T,medium,288,0.58740586351684,0.645010273167884,0.3269141641567996,0.10687287072633891,0.11522061713881367,0.2103181928396225,Climate,0.9106922601897061,1.0,0.8633319521322846,0.645010273167884,35.498972683211605
chronos2__model_config.context_length-512,current_velocity,5T,medium,288,0.7248077468889641,0.7958865783464324,0.3487079120614075,0.1215972079342263,0.11522061713881367,0.05060743913054466,Climate,0.9106922601897061,1.0,0.8633319521322846,0.7958865783464324,20.41134216535676
chronos2__model_config.context_length-8192,current_velocity,5T,medium,288,0.5887550969808875,0.6464918202535772,0.31666406544864184,0.10027613034646171,0.11522061713881367,0.40952751971781254,Climate,0.9106922601897061,1.0,0.8633319521322846,0.6464918202535772,35.35081797464228
chronos2__model_config.context_length-1024,current_velocity,5T,short,36,0.3744786742687937,0.41128831875873406,0.2953734725013706,0.08724548825751792,0.38424047675878115,0.627925293520093,Climate,0.9105016048084428,1.0,3.565892705693841,0.41128831875873406,58.87116812412659
chronos2__model_config.context_length-2048,current_velocity,5T,short,36,0.37157183882223677,0.40809575387888575,0.3065633401872041,0.09398108154673544,0.38424047675878115,1.0280633196234703,Climate,0.9105016048084428,1.0,3.565892705693841,0.40809575387888575,59.19042461211143
chronos2__model_config.context_length-4096,current_velocity,5T,short,36,0.3698294324757343,0.4061820764759019,0.3028757331042095,0.09173370970341235,0.38424047675878115,1.7732004229910672,Climate,0.9105016048084428,1.0,3.565892705693841,0.4061820764759019,59.38179235240981
chronos2__model_config.context_length-512,current_velocity,5T,short,36,0.3948737411152899,0.43368813303559856,0.30339778975545373,0.0920502188284945,0.38424047675878115,0.41832899302244186,Climate,0.9105016048084428,1.0,3.565892705693841,0.43368813303559856,56.63118669644014
chronos2__model_config.context_length-8192,current_velocity,5T,short,36,0.3706701929271874,0.4071054800668598,0.3024086970579897,0.09145102005631098,0.38424047675878115,3.442227091640234,Climate,0.9105016048084428,1.0,3.565892705693841,0.4071054800668598,59.28945199331401
chronos_bolt__model_config.context_length-1024,current_velocity,5T,long,864,1.1086638958682484,1.014602376163333,0.8038886371135121,0.6462369408802199,0.29190573790947194,2.4520165286958218,Climate,1.0927077660320532,1.0,0.6923420028761029,1.014602376163333,-1.460237616333293
chronos_bolt__model_config.context_length-128,current_velocity,5T,long,864,1.426899148078199,1.3058378392053476,1.2102500406212322,1.464705160823694,0.29190573790947194,1.0760926799848676,Climate,1.0927077660320532,1.0,0.6923420028761029,1.3058378392053476,-30.583783920534756
chronos_bolt__model_config.context_length-2048,current_velocity,5T,long,864,1.0664668009130953,0.9759853769372879,0.6220267257977385,0.386917247606655,0.29190573790947194,3.4044476337730885,Climate,1.0927077660320532,1.0,0.6923420028761029,0.9759853769372879,2.401462306271207
chronos_bolt__model_config.context_length-256,current_velocity,5T,long,864,1.6672731965282088,1.525818016817592,1.716566265708758,2.9465997445693097,0.29190573790947194,1.254815911874175,Climate,1.0927077660320532,1.0,0.6923420028761029,1.525818016817592,-52.58180168175921
chronos_bolt__model_config.context_length-512,current_velocity,5T,long,864,1.0701056422430486,0.979315490846121,0.7151813965480008,0.5114844299683489,0.29190573790947194,1.6123812682926655,Climate,1.0927077660320532,1.0,0.6923420028761029,0.979315490846121,2.0684509153878983
chronos_bolt__model_config.context_length-1024,current_velocity,5T,medium,288,0.7541329751483808,0.8280876077625691,0.4178214023768457,0.174574724284154,0.11522061713881367,1.9176697935909033,Climate,0.9106922601897061,1.0,0.8633319521322846,0.8280876077625691,17.191239223743093
chronos_bolt__model_config.context_length-128,current_velocity,5T,medium,288,1.0257652031016928,1.126357659927862,0.8888223829406482,0.7900052284162923,0.11522061713881367,0.7625344810076058,Climate,0.9106922601897061,1.0,0.8633319521322846,1.126357659927862,-12.635765992786197
chronos_bolt__model_config.context_length-2048,current_velocity,5T,medium,288,0.7323406240134054,0.8041581728836168,0.3640244437201134,0.132513795625738,0.11522061713881367,3.367563582956791,Climate,0.9106922601897061,1.0,0.8633319521322846,0.8041581728836168,19.58418271163832
chronos_bolt__model_config.context_length-256,current_velocity,5T,medium,288,1.0931452834973838,1.2003454199442423,1.024307626780352,1.0492061142803968,0.11522061713881367,0.8860349301248789,Climate,0.9106922601897061,1.0,0.8633319521322846,1.2003454199442423,-20.034541994424227
chronos_bolt__model_config.context_length-512,current_velocity,5T,medium,288,0.7022322636315759,0.771097212888681,0.3735551904667173,0.13954348032462546,0.11522061713881367,1.2177867740392685,Climate,0.9106922601897061,1.0,0.8633319521322846,0.771097212888681,22.890278711131895
chronos_bolt__model_config.context_length-1024,current_velocity,5T,short,36,0.43405145576618803,0.4767168486842004,0.3070435201990666,0.09427572329623463,0.38424047675878115,1.068632798269391,Climate,0.9105016048084428,1.0,3.565892705693841,0.4767168486842004,52.32831513157996
chronos_bolt__model_config.context_length-128,current_velocity,5T,short,36,0.49718790792204376,0.5460593427802308,0.36410024254620166,0.13256898662220287,0.38424047675878115,0.9655370772816241,Climate,0.9105016048084428,1.0,3.565892705693841,0.5460593427802308,45.394065721976915
chronos_bolt__model_config.context_length-2048,current_velocity,5T,short,36,0.4309424156630221,0.473302203298902,0.3107609798347468,0.09657238658785193,0.38424047675878115,1.300486285239458,Climate,0.9105016048084428,1.0,3.565892705693841,0.473302203298902,52.6697796701098
chronos_bolt__model_config.context_length-256,current_velocity,5T,short,36,0.48500514889945795,0.5326790708968563,0.35442140799017213,0.12561453444173606,0.38424047675878115,0.9704953730106354,Climate,0.9105016048084428,1.0,3.565892705693841,0.5326790708968563,46.73209291031437
chronos_bolt__model_config.context_length-512,current_velocity,5T,short,36,0.4504187791676003,0.49469300964314317,0.3447443276279588,0.11884865143165341,0.38424047675878115,0.9515950754284859,Climate,0.9105016048084428,1.0,3.565892705693841,0.49469300964314317,50.53069903568568
ts_icl__model_config.context_length-1024,current_velocity,5T,long,864,1.0722364883861657,0.9812655512459431,0.7111103492061469,0.5056779287480881,0.29190573790947194,0.32529073767364025,Climate,1.0927077660320532,1.0,0.6923420028761029,0.9812655512459431,1.8734448754056943
ts_icl__model_config.context_length-2048,current_velocity,5T,long,864,1.1272302704456914,1.0315935380774308,0.7336713923240331,0.5382737119146853,0.29190573790947194,0.6245852410793304,Climate,1.0927077660320532,1.0,0.6923420028761029,1.0315935380774308,-3.1593538077430816
ts_icl__model_config.context_length-256,current_velocity,5T,long,864,1.4546698774429092,1.3312524379004351,1.3095187286189345,1.7148393006037503,0.29190573790947194,0.17207490326836705,Climate,1.0927077660320532,1.0,0.6923420028761029,1.3312524379004351,-33.12524379004351
ts_icl__model_config.context_length-4096,current_velocity,5T,long,864,1.0940430192022368,1.001221967310649,0.6784415276478244,0.4602829064371137,0.29190573790947194,1.560628129169345,Climate,1.0927077660320532,1.0,0.6923420028761029,1.001221967310649,-0.12219673106490525
ts_icl__model_config.context_length-512,current_velocity,5T,long,864,1.178045493541227,1.078097484214888,0.9966637432950886,0.9933386171989781,0.29190573790947194,0.21292237378656864,Climate,1.0927077660320532,1.0,0.6923420028761029,1.078097484214888,-7.809748421488805
ts_icl__model_config.context_length-1024,current_velocity,5T,medium,288,0.6440718742058924,0.7072332799575193,0.34318906245519426,0.11777873258887522,0.11522061713881367,0.44194111227989197,Climate,0.9106922601897061,1.0,0.8633319521322846,0.7072332799575193,29.276672004248073
ts_icl__model_config.context_length-2048,current_velocity,5T,medium,288,0.6642099026337789,0.7293461596955019,0.30431229633249574,0.09260597369915669,0.11522061713881367,0.8735747449100018,Climate,0.9106922601897061,1.0,0.8633319521322846,0.7293461596955019,27.065384030449813
ts_icl__model_config.context_length-256,current_velocity,5T,medium,288,1.160498616084958,1.2743038091080459,1.0846707891475857,1.1765107208300463,0.11522061713881367,0.2290551601909101,Climate,0.9106922601897061,1.0,0.8633319521322846,1.2743038091080459,-27.430380910804587
ts_icl__model_config.context_length-4096,current_velocity,5T,medium,288,0.6444202193835324,0.7076157858740267,0.28944571868642954,0.0837788240659037,0.11522061713881367,2.292870055884123,Climate,0.9106922601897061,1.0,0.8633319521322846,0.7076157858740267,29.238421412597326
ts_icl__model_config.context_length-512,current_velocity,5T,medium,288,0.7144987288231971,0.7845665984625367,0.4972760951976624,0.24728351485503464,0.11522061713881367,0.28178225830197334,Climate,0.9106922601897061,1.0,0.8633319521322846,0.7845665984625367,21.54334015374633
ts_icl__model_config.context_length-1024,current_velocity,5T,short,36,0.40640284796585396,0.4463505015472824,0.28920629049612695,0.08364027846253018,0.38424047675878115,3.1690405141562223,Climate,0.9105016048084428,1.0,3.565892705693841,0.4463505015472824,55.36494984527176
ts_icl__model_config.context_length-2048,current_velocity,5T,short,36,0.40903487144701545,0.44924124162644485,0.2898039371619351,0.08398632199455883,0.38424047675878115,6.382813287898898,Climate,0.9105016048084428,1.0,3.565892705693841,0.44924124162644485,55.07587583735551
ts_icl__model_config.context_length-256,current_velocity,5T,short,36,0.43984028575885836,0.48307469578968487,0.31146127425468273,0.09700812536035068,0.38424047675878115,1.6297985664568841,Climate,0.9105016048084428,1.0,3.565892705693841,0.48307469578968487,51.69253042103151
ts_icl__model_config.context_length-4096,current_velocity,5T,short,36,0.40666683057892833,0.4466404325168494,0.29461280492591785,0.08679670482631692,0.38424047675878115,17.43428012356162,Climate,0.9105016048084428,1.0,3.565892705693841,0.4466404325168494,55.33595674831506
ts_icl__model_config.context_length-512,current_velocity,5T,short,36,0.4155373910003822,0.45638293090961174,0.30915009279403366,0.09557377987455963,0.38424047675878115,1.7549870423972607,Climate,0.9105016048084428,1.0,3.565892705693841,0.45638293090961174,54.36170690903883
chronos2__model_config.context_length-1024,current_velocity,H,long,336,1.421720272587057,0.7187399739280866,1.2910979002796084,1.6669337881064137,1.9703509296939952,0.206296656280756,Climate,1.97807318941371,1.0,2.3988108662888408,0.7187399739280866,28.126002607191335
chronos2__model_config.context_length-2048,current_velocity,H,long,336,1.36967784452616,0.6924303164596882,1.2498786142348466,1.5621965503216202,1.9703509296939952,0.34048778750002384,Climate,1.97807318941371,1.0,2.3988108662888408,0.6924303164596882,30.756968354031176
chronos2__model_config.context_length-4096,current_velocity,H,long,336,1.3520757064359312,0.6835316881458158,1.2053617439704511,1.4528969338274875,1.9703509296939952,0.5619827071204782,Climate,1.97807318941371,1.0,2.3988108662888408,0.6835316881458158,31.64683118541842
chronos2__model_config.context_length-512,current_velocity,H,long,336,1.48938491035147,0.7529473218293381,1.24020342753139,1.5381045416606076,1.9703509296939952,0.14069002494215965,Climate,1.97807318941371,1.0,2.3988108662888408,0.7529473218293381,24.70526781706619
chronos2__model_config.context_length-8192,current_velocity,H,long,336,1.353132705831222,0.6840660462276843,1.2101044402836905,1.4643527563943035,1.9703509296939952,0.6454055849462748,Climate,1.97807318941371,1.0,2.3988108662888408,0.6840660462276843,31.59339537723157
chronos2__model_config.context_length-1024,current_velocity,H,medium,168,1.184645283205768,0.6425526379906576,0.9944768578570459,0.988984220813223,1.2185305146164476,0.3794005326926708,Climate,1.8436548434542293,1.0,3.0981775810942054,0.6425526379906576,35.744736200934234
chronos2__model_config.context_length-2048,current_velocity,H,medium,168,1.150631367693281,0.6241034604598139,0.9452192298550461,0.8934393924877665,1.2185305146164476,0.6498798113316298,Climate,1.8436548434542293,1.0,3.0981775810942054,0.6241034604598139,37.58965395401861
chronos2__model_config.context_length-4096,current_velocity,H,medium,168,1.147386278420859,0.6223433211995053,0.9178486459172536,0.842446136812136,1.2185305146164476,1.1130049037747085,Climate,1.8436548434542293,1.0,3.0981775810942054,0.6223433211995053,37.76566788004947
chronos2__model_config.context_length-512,current_velocity,H,medium,168,1.2465764023181647,0.6761441311772912,1.034887750161556,1.0709926554344475,1.2185305146164476,0.23150125332176685,Climate,1.8436548434542293,1.0,3.0981775810942054,0.6761441311772912,32.38558688227088
chronos2__model_config.context_length-8192,current_velocity,H,medium,168,1.1473694546649549,0.6223341959795847,0.9173868595481307,0.8415986500715817,1.2185305146164476,1.2654468324035406,Climate,1.8436548434542293,1.0,3.0981775810942054,0.6223341959795847,37.76658040204153
chronos2__model_config.context_length-1024,current_velocity,H,short,24,0.6919011248531655,0.6693090293557461,0.46924920078073157,0.2201948124333553,0.3826492950103123,2.4390069600194693,Climate,1.0337543563683367,1.0,12.451473160646856,0.6693090293557461,33.06909706442539
chronos2__model_config.context_length-2048,current_velocity,H,short,24,0.6880794040722541,0.6656120961748913,0.4675474005763263,0.21860057178567976,0.3826492950103123,4.566724251955748,Climate,1.0337543563683367,1.0,12.451473160646856,0.6656120961748913,33.438790382510874
chronos2__model_config.context_length-4096,current_velocity,H,short,24,0.6880054466222426,0.6655405535984988,0.4676384723215645,0.21868574079524666,0.3826492950103123,6.639955370221287,Climate,1.0337543563683367,1.0,12.451473160646856,0.6655405535984988,33.44594464015012
chronos2__model_config.context_length-512,current_velocity,H,short,24,0.7044898843360395,0.6814867381173317,0.4650598223095464,0.2162806383265869,0.3826492950103123,1.3735761139541864,Climate,1.0337543563683367,1.0,12.451473160646856,0.6814867381173317,31.851326188266825
chronos2__model_config.context_length-8192,current_velocity,H,short,24,0.6887220923168162,0.6662337992328787,0.46794063824903037,0.21896844092490989,0.3826492950103123,7.041316252201796,Climate,1.0337543563683367,1.0,12.451473160646856,0.6662337992328787,33.37662007671213
chronos_bolt__model_config.context_length-1024,current_velocity,H,long,336,1.6261693218920492,0.8220976506809825,1.2290516557193458,1.5105679724264651,1.9703509296939952,6.909563781693578,Climate,1.97807318941371,1.0,2.3988108662888408,0.8220976506809825,17.79023493190175
chronos_bolt__model_config.context_length-128,current_velocity,H,long,336,1.8564145801117014,0.9384964065267638,1.4485885876061404,2.098408896142753,1.9703509296939952,2.506134122144431,Climate,1.97807318941371,1.0,2.3988108662888408,0.9384964065267638,6.1503593473236196
chronos_bolt__model_config.context_length-2048,current_velocity,H,long,336,1.6266933009882154,0.822362544365893,1.2967850347324767,1.681651426306111,1.9703509296939952,11.991441428661346,Climate,1.97807318941371,1.0,2.3988108662888408,0.822362544365893,17.763745563410705
chronos_bolt__model_config.context_length-256,current_velocity,H,long,336,1.775159913751287,0.8974187220430577,1.4229203137430588,2.024702219262645,1.9703509296939952,2.938318334519863,Climate,1.97807318941371,1.0,2.3988108662888408,0.8974187220430577,10.258127795694227
chronos_bolt__model_config.context_length-512,current_velocity,H,long,336,1.6873463098206345,0.853025216079469,1.3124488123335587,1.7225218849957686,1.9703509296939952,4.234030216932297,Climate,1.97807318941371,1.0,2.3988108662888408,0.853025216079469,14.697478392053098
chronos_bolt__model_config.context_length-1024,current_velocity,H,medium,168,1.4945224022521884,0.8106302584555825,0.9544771650457714,0.9110266585938127,1.2185305146164476,5.242625931277871,Climate,1.8436548434542293,1.0,3.0981775810942054,0.8106302584555825,18.936974154441756
chronos_bolt__model_config.context_length-128,current_velocity,H,medium,168,1.8490450302987618,1.0029236420600471,1.2373917209181418,1.5311382709967605,1.2185305146164476,2.1005029031075537,Climate,1.8436548434542293,1.0,3.0981775810942054,1.0029236420600471,-0.2923642060047138
chronos_bolt__model_config.context_length-2048,current_velocity,H,medium,168,1.4834479710008108,0.8046234772564353,1.0013297400320422,1.0026612482726371,1.2185305146164476,10.099652761593461,Climate,1.8436548434542293,1.0,3.0981775810942054,0.8046234772564353,19.537652274356464
chronos_bolt__model_config.context_length-256,current_velocity,H,medium,168,1.6840101567808305,0.9134085822841481,1.1495266268071824,1.321411465738699,1.2185305146164476,2.4683092273771763,Climate,1.8436548434542293,1.0,3.0981775810942054,0.9134085822841481,8.659141771585189
chronos_bolt__model_config.context_length-512,current_velocity,H,medium,168,1.5502030639630566,0.8408314980794517,0.9990748420863991,0.9981505400899633,1.2185305146164476,3.2781770154833794,Climate,1.8436548434542293,1.0,3.0981775810942054,0.8408314980794517,15.916850192054833
chronos_bolt__model_config.context_length-1024,current_velocity,H,short,24,0.8282681461880218,0.8012233671234966,0.4773150580237112,0.2278296646161788,0.3826492950103123,4.369612460955977,Climate,1.0337543563683367,1.0,12.451473160646856,0.8012233671234966,19.87766328765034
chronos_bolt__model_config.context_length-128,current_velocity,H,short,24,1.011671128824737,0.9786378384694989,0.6150471598156276,0.3782830087972702,0.3826492950103123,3.923057781998068,Climate,1.0337543563683367,1.0,12.451473160646856,0.9786378384694989,2.136216153050108
chronos_bolt__model_config.context_length-2048,current_velocity,H,short,24,0.8281138920709751,0.8010741497430847,0.48416436618895486,0.23441513348715237,0.3826492950103123,5.650378787890077,Climate,1.0337543563683367,1.0,12.451473160646856,0.8010741497430847,19.892585025691535
chronos_bolt__model_config.context_length-256,current_velocity,H,short,24,0.9295072195692622,0.8991567618004501,0.5172779789694922,0.2675765075267625,0.3826492950103123,3.9513975251466036,Climate,1.0337543563683367,1.0,12.451473160646856,0.8991567618004501,10.084323819954989
chronos_bolt__model_config.context_length-512,current_velocity,H,short,24,0.8553566664879464,0.8274273875786934,0.48499364201899814,0.2352188327988521,0.3826492950103123,3.866956442594528,Climate,1.0337543563683367,1.0,12.451473160646856,0.8274273875786934,17.25726124213066
ts_icl__model_config.context_length-1024,current_velocity,H,long,336,1.354624772842383,0.6848203494653736,1.293273980163365,1.6725575877675918,1.9703509296939952,1.1979734022170305,Climate,1.97807318941371,1.0,2.3988108662888408,0.6848203494653736,31.51796505346264
ts_icl__model_config.context_length-2048,current_velocity,H,long,336,1.3329455386978089,0.673860575954162,1.2290652101377981,1.5106012907710697,1.9703509296939952,3.6658536549657583,Climate,1.97807318941371,1.0,2.3988108662888408,0.673860575954162,32.613942404583796
ts_icl__model_config.context_length-256,current_velocity,H,long,336,1.7055713920150761,0.8622387690925623,1.465609682877726,2.1480117425449485,1.9703509296939952,0.6000962182879448,Climate,1.97807318941371,1.0,2.3988108662888408,0.8622387690925623,13.776123090743775
ts_icl__model_config.context_length-4096,current_velocity,H,long,336,1.3360270016711546,0.6754183863475475,1.2599132255114833,1.5873813358187499,1.9703509296939952,6.48615830950439,Climate,1.97807318941371,1.0,2.3988108662888408,0.6754183863475475,32.45816136524525
ts_icl__model_config.context_length-512,current_velocity,H,long,336,1.4551952537927157,0.7356629985081733,1.3364442927258386,1.7860833475594673,1.9703509296939952,0.7657530289143324,Climate,1.97807318941371,1.0,2.3988108662888408,0.7356629985081733,26.43370014918267
ts_icl__model_config.context_length-1024,current_velocity,H,medium,168,1.1836255746413695,0.641999547173242,0.9083816113353469,0.8251571518122013,1.2185305146164476,2.153372997418046,Climate,1.8436548434542293,1.0,3.0981775810942054,0.641999547173242,35.800045282675796
ts_icl__model_config.context_length-2048,current_velocity,H,medium,168,1.1706036982460004,0.634936470024283,0.8528814022413947,0.7274066862892479,1.2185305146164476,6.5212643556296825,Climate,1.8436548434542293,1.0,3.0981775810942054,0.634936470024283,36.5063529975717
ts_icl__model_config.context_length-256,current_velocity,H,medium,168,1.4304392586034618,0.7758715052777578,0.9884939621187994,0.9771203131453223,1.2185305146164476,0.9592666351236403,Climate,1.8436548434542293,1.0,3.0981775810942054,0.7758715052777578,22.412849472224217
ts_icl__model_config.context_length-4096,current_velocity,H,medium,168,1.172189045510165,0.6357963637672974,0.8861673208434371,0.7852925205308352,1.2185305146164476,12.433682946488261,Climate,1.8436548434542293,1.0,3.0981775810942054,0.6357963637672974,36.420363623270255
ts_icl__model_config.context_length-512,current_velocity,H,medium,168,1.257177102448728,0.6818939602020679,0.8648232186406527,0.7479191994999782,1.2185305146164476,1.3041265551000834,Climate,1.8436548434542293,1.0,3.0981775810942054,0.6818939602020679,31.810603979793207
ts_icl__model_config.context_length-1024,current_velocity,H,short,24,0.7297687018470441,0.7059401465651677,0.47450578440946206,0.22515573943803888,0.3826492950103123,12.991631411015987,Climate,1.0337543563683367,1.0,12.451473160646856,0.7059401465651677,29.40598534348323
ts_icl__model_config.context_length-2048,current_velocity,H,short,24,0.7327431007398849,0.7088174247836508,0.469373528600244,0.22031150935064409,0.3826492950103123,41.32452923245728,Climate,1.0337543563683367,1.0,12.451473160646856,0.7088174247836508,29.118257521634916
ts_icl__model_config.context_length-256,current_velocity,H,short,24,0.7702793797432829,0.7451280616115971,0.4923512908022683,0.24240979355465977,0.3826492950103123,5.776266334112734,Climate,1.0337543563683367,1.0,12.451473160646856,0.7451280616115971,25.487193838840295
ts_icl__model_config.context_length-4096,current_velocity,H,short,24,0.7341019003197232,0.7101318565647288,0.47165741721324433,0.22246071921226845,0.3826492950103123,85.5646681766957,Climate,1.0337543563683367,1.0,12.451473160646856,0.7101318565647288,28.986814343527122
ts_icl__model_config.context_length-512,current_velocity,H,short,24,0.7375643862519653,0.7134812847058648,0.48152106780820386,0.23186253874315285,0.3826492950103123,7.921861186623573,Climate,1.0337543563683367,1.0,12.451473160646856,0.7134812847058648,28.65187152941352
chronos2__model_config.context_length-1024,epf_electricity_price,H,long,168,1.4128496720580803,0.7080208503781344,0.9382392944789338,0.8802929737043275,2.061898174629208,0.09222969226539135,Finance,1.9954916176600113,1.0,0.6750172125175595,0.7080208503781344,29.197914962186555
chronos2__model_config.context_length-2048,epf_electricity_price,H,long,168,1.4191799193563364,0.71119312494057,0.9647302347849941,0.9307044259083098,2.061898174629208,0.12740916945040226,Finance,1.9954916176600113,1.0,0.6750172125175595,0.71119312494057,28.880687505943005
chronos2__model_config.context_length-4096,epf_electricity_price,H,long,168,1.4125436159079292,0.707867476569173,0.9435681170605269,0.8903207915331482,2.061898174629208,0.205395613797009,Finance,1.9954916176600113,1.0,0.6750172125175595,0.707867476569173,29.213252343082697
chronos2__model_config.context_length-512,epf_electricity_price,H,long,168,1.3991212981532697,0.7011411552777816,0.9125619337817225,0.8327692829874368,2.061898174629208,0.09175128303468227,Finance,1.9954916176600113,1.0,0.6750172125175595,0.7011411552777816,29.885884472221836
chronos2__model_config.context_length-8192,epf_electricity_price,H,long,168,1.3994284061370788,0.7012950561917676,0.9389933556592038,0.8817085219721321,2.061898174629208,0.3645564466714859,Finance,1.9954916176600113,1.0,0.6750172125175595,0.7012950561917676,29.870494380823242
chronos2__model_config.context_length-1024,epf_electricity_price,H,medium,72,1.2235406182766408,0.6565739015966313,0.9692194270014144,0.9393862976769501,2.1638735496972785,0.1852800641208887,Finance,1.8635230783637327,1.0,1.2589816534891725,0.6565739015966313,34.34260984033687
chronos2__model_config.context_length-2048,epf_electricity_price,H,medium,72,1.2189841923712095,0.6541288415067761,0.9673718626296883,0.9358083206076326,2.1638735496972785,0.26915127970278263,Finance,1.8635230783637327,1.0,1.2589816534891725,0.6541288415067761,34.587115849322394
chronos2__model_config.context_length-4096,epf_electricity_price,H,medium,72,1.2121132477097687,0.6504417690249725,0.9533164022961761,0.9088121628869246,2.1638735496972785,0.43342561461031437,Finance,1.8635230783637327,1.0,1.2589816534891725,0.6504417690249725,34.955823097502744
chronos2__model_config.context_length-512,epf_electricity_price,H,medium,72,1.2609115453782815,0.6766278132092818,0.9806650954655608,0.9617040294644775,2.1638735496972785,0.18451484851539135,Finance,1.8635230783637327,1.0,1.2589816534891725,0.6766278132092818,32.337218679071825
chronos2__model_config.context_length-8192,epf_electricity_price,H,medium,72,1.209757884715994,0.6491778388804407,0.94462963780452,0.8923251526186987,2.1638735496972785,0.8158268183469772,Finance,1.8635230783637327,1.0,1.2589816534891725,0.6491778388804407,35.08221611195593
chronos2__model_config.context_length-1024,epf_electricity_price,H,short,24,0.9744065626990152,0.6819913123918344,0.9096348267985548,0.8274355181248368,1.4925386582068707,0.7308196946978569,Finance,1.4287668259022852,1.0,3.303646160289645,0.6819913123918344,31.80086876081656
chronos2__model_config.context_length-2048,epf_electricity_price,H,short,24,0.9646194323762095,0.6751412581034975,0.9139327368343444,0.835273047457515,1.4925386582068707,0.9455786123871803,Finance,1.4287668259022852,1.0,3.303646160289645,0.6751412581034975,32.485874189650254
chronos2__model_config.context_length-4096,epf_electricity_price,H,short,24,0.9556715227997729,0.6688785779976755,0.8817832511777278,0.7775417020575638,1.4925386582068707,1.5671149441041052,Finance,1.4287668259022852,1.0,3.303646160289645,0.6688785779976755,33.112142200232455
chronos2__model_config.context_length-512,epf_electricity_price,H,short,24,0.9945893599603899,0.6961173383433602,0.9174641512550145,0.841740468838084,1.4925386582068707,0.7339455373585224,Finance,1.4287668259022852,1.0,3.303646160289645,0.6961173383433602,30.38826616566398
chronos2__model_config.context_length-8192,epf_electricity_price,H,short,24,0.9582914513423078,0.6707122771675035,0.8828304515994457,0.7793896062712813,1.4925386582068707,2.7000633850693703,Finance,1.4287668259022852,1.0,3.303646160289645,0.6707122771675035,32.92877228324965
chronos_bolt__model_config.context_length-1024,epf_electricity_price,H,long,168,1.463454739781967,0.7333805498507026,0.9133261190898263,0.8341645998116836,2.061898174629208,0.7829655893146992,Finance,1.9954916176600113,1.0,0.6750172125175595,0.7333805498507026,26.661945014929746
chronos_bolt__model_config.context_length-128,epf_electricity_price,H,long,168,1.6199773391738514,0.8118186640510663,1.0385961452904542,1.07868195301219,2.061898174629208,0.3340570330619812,Finance,1.9954916176600113,1.0,0.6750172125175595,0.8118186640510663,18.81813359489337
chronos_bolt__model_config.context_length-2048,epf_electricity_price,H,long,168,1.469630560166673,0.7364754365092334,0.9704849551531478,0.9418410481786074,2.061898174629208,1.4509933162480593,Finance,1.9954916176600113,1.0,0.6750172125175595,0.7364754365092334,26.352456349076657
chronos_bolt__model_config.context_length-256,epf_electricity_price,H,long,168,1.4288560748591783,0.7160421332837814,0.9360137630818046,0.8761217646785606,2.061898174629208,0.3835277874022722,Finance,1.9954916176600113,1.0,0.6750172125175595,0.7160421332837814,28.39578667162186
chronos_bolt__model_config.context_length-512,epf_electricity_price,H,long,168,1.4133551388765304,0.7082741547839143,0.8926907486270157,0.7968967726842617,2.061898174629208,0.49982582218945026,Finance,1.9954916176600113,1.0,0.6750172125175595,0.7082741547839143,29.17258452160857
chronos_bolt__model_config.context_length-1024,epf_electricity_price,H,medium,72,1.2326324615191815,0.6614527482007333,0.9109145024901771,0.8297652308469269,2.1638735496972785,1.0244020391255617,Finance,1.8635230783637327,1.0,1.2589816534891725,0.6614527482007333,33.85472517992667
chronos_bolt__model_config.context_length-128,epf_electricity_price,H,medium,72,1.4336324531332814,0.7693129587598577,1.0111541708378897,1.0224327572028604,2.1638735496972785,0.4823180343955755,Finance,1.8635230783637327,1.0,1.2589816534891725,0.7693129587598577,23.06870412401423
chronos_bolt__model_config.context_length-2048,epf_electricity_price,H,medium,72,1.2501886284244879,0.670873703116259,0.9651566312776669,0.9315273228992542,2.1638735496972785,1.8294377494603395,Finance,1.8635230783637327,1.0,1.2589816534891725,0.670873703116259,32.912629688374096
chronos_bolt__model_config.context_length-256,epf_electricity_price,H,medium,72,1.2628222313387714,0.6776531216600725,0.9428323201832237,0.888932783982081,2.1638735496972785,0.5459910687059164,Finance,1.8635230783637327,1.0,1.2589816534891725,0.6776531216600725,32.23468783399275
chronos_bolt__model_config.context_length-512,epf_electricity_price,H,medium,72,1.2281833513446072,0.659065275662169,0.8945550755437688,0.8002287831811178,2.1638735496972785,0.6379235330969095,Finance,1.8635230783637327,1.0,1.2589816534891725,0.659065275662169,34.0934724337831
chronos_bolt__model_config.context_length-1024,epf_electricity_price,H,short,24,0.9775172662434276,0.6841685070803015,0.8424648283048923,0.7097469869307916,1.4925386582068707,0.9230957012623549,Finance,1.4287668259022852,1.0,3.303646160289645,0.6841685070803015,31.583149291969846
chronos_bolt__model_config.context_length-128,epf_electricity_price,H,short,24,1.1544724382681613,0.8080201872961997,0.9363308557067193,0.876715471348477,1.4925386582068707,0.9027586439624429,Finance,1.4287668259022852,1.0,3.303646160289645,0.8080201872961997,19.197981270380026
chronos_bolt__model_config.context_length-2048,epf_electricity_price,H,short,24,0.9865224365484573,0.6904712642144776,0.8574124195719857,0.7351560572362867,1.4925386582068707,1.0264307707548141,Finance,1.4287668259022852,1.0,3.303646160289645,0.6904712642144776,30.952873578552243
chronos_bolt__model_config.context_length-256,epf_electricity_price,H,short,24,0.9952080225773015,0.6965503429496372,0.8636507228534042,0.7458925710852076,1.4925386582068707,0.7805452141910791,Finance,1.4287668259022852,1.0,3.303646160289645,0.6965503429496372,30.344965705036277
chronos_bolt__model_config.context_length-512,epf_electricity_price,H,short,24,0.9712647188833294,0.679792322494584,0.8297210737512862,0.6884370602269874,1.4925386582068707,0.7705838773399591,Finance,1.4287668259022852,1.0,3.303646160289645,0.679792322494584,32.0207677505416
ts_icl__model_config.context_length-1024,epf_electricity_price,H,long,168,1.3948284335994554,0.698989873600714,0.8290221161834764,0.6872776691213295,2.061898174629208,0.3421538434922695,Finance,1.9954916176600113,1.0,0.6750172125175595,0.698989873600714,30.101012639928605
ts_icl__model_config.context_length-2048,epf_electricity_price,H,long,168,1.4159511561288947,0.7095750959802539,0.8489052209611292,0.7206400741750636,2.061898174629208,0.6950188670307398,Finance,1.9954916176600113,1.0,0.6750172125175595,0.7095750959802539,29.042490401974607
ts_icl__model_config.context_length-256,epf_electricity_price,H,long,168,1.539288931068404,0.7713833109824997,0.9080521752853001,0.8245587530403655,2.061898174629208,0.17079505510628223,Finance,1.9954916176600113,1.0,0.6750172125175595,0.7713833109824997,22.861668901750033
ts_icl__model_config.context_length-4096,epf_electricity_price,H,long,168,1.406930503128837,0.7050545793716021,0.8288598021531841,0.6870085716254155,2.061898174629208,1.898480124771595,Finance,1.9954916176600113,1.0,0.6750172125175595,0.7050545793716021,29.49454206283979
ts_icl__model_config.context_length-512,epf_electricity_price,H,long,168,1.4163253954732837,0.7097626384089352,0.8756073558060121,0.7666882415415963,2.061898174629208,0.21810539811849594,Finance,1.9954916176600113,1.0,0.6750172125175595,0.7097626384089352,29.023736159106484
ts_icl__model_config.context_length-1024,epf_electricity_price,H,medium,72,1.2024064594590345,0.645232931869461,0.8786304663581364,0.7719914964127162,2.1638735496972785,0.7351017650216818,Finance,1.8635230783637327,1.0,1.2589816534891725,0.645232931869461,35.4767068130539
ts_icl__model_config.context_length-2048,epf_electricity_price,H,medium,72,1.2079697693989044,0.6482183040413768,0.8785146214124983,0.7717879400355452,2.1638735496972785,1.5701288469135761,Finance,1.8635230783637327,1.0,1.2589816534891725,0.6482183040413768,35.17816959586232
ts_icl__model_config.context_length-256,epf_electricity_price,H,medium,72,1.3320260790729581,0.7147891510109681,0.9220625754610305,0.8501993930658286,2.1638735496972785,0.32103627221658826,Finance,1.8635230783637327,1.0,1.2589816534891725,0.7147891510109681,28.521084898903194
ts_icl__model_config.context_length-4096,epf_electricity_price,H,medium,72,1.1992278750561916,0.6435272463108824,0.8801189845570391,0.7746094269777135,2.1638735496972785,4.216786991804838,Finance,1.8635230783637327,1.0,1.2589816534891725,0.6435272463108824,35.64727536891176
ts_icl__model_config.context_length-512,epf_electricity_price,H,medium,72,1.218148854694314,0.6536805842854977,0.8901174282707575,0.792309036111347,2.1638735496972785,0.42703956365585327,Finance,1.8635230783637327,1.0,1.2589816534891725,0.6536805842854977,34.631941571450234
ts_icl__model_config.context_length-1024,epf_electricity_price,H,short,24,0.9612822693808168,0.6728055634786694,0.8519051573517853,0.72574239712257,1.4925386582068707,2.0741453748196363,Finance,1.4287668259022852,1.0,3.303646160289645,0.6728055634786694,32.719443652133066
ts_icl__model_config.context_length-2048,epf_electricity_price,H,short,24,0.9567930331417808,0.6696635278731037,0.8406122987783528,0.7066290368574266,1.4925386582068707,4.675823602825403,Finance,1.4287668259022852,1.0,3.303646160289645,0.6696635278731037,33.03364721268963
ts_icl__model_config.context_length-256,epf_electricity_price,H,short,24,1.037001294779962,0.7258016325547606,0.8741704196243145,0.7641739225461501,1.4925386582068707,1.0108746839687228,Finance,1.4287668259022852,1.0,3.303646160289645,0.7258016325547606,27.41983674452394
ts_icl__model_config.context_length-4096,epf_electricity_price,H,short,24,0.9572336223044459,0.6699718981086645,0.8398324239936795,0.7053185003910996,1.4925386582068707,12.612222099676728,Finance,1.4287668259022852,1.0,3.303646160289645,0.6699718981086645,33.00281018913355
ts_icl__model_config.context_length-512,epf_electricity_price,H,short,24,0.9781336402458538,0.6845999098755317,0.8452759101263829,0.7144913642399849,1.4925386582068707,1.3363703824579716,Finance,1.4287668259022852,1.0,3.303646160289645,0.6845999098755317,31.540009012446834
seasonal_naive,Coastal_T_S,20T,long,216,1.837785242009726,1.0,1.3174335013795484,1.7356310305571765,1.7356310305571765,0.11135085113346577,Climate,1.837785242009726,1.0,0.11135085113346577,1.0,0.0
seasonal_naive,OpenElectricity_NEM,5T,short,24,1.021668339182264,1.0,0.9240274217057249,0.8538266760641295,0.8538266760641295,9.567372966557741,Energy,1.021668339182264,1.0,9.567372966557741,1.0,0.0
seasonal_naive,ECDC_COVID,D,short,30,3.5426548068444346,1.0,3.0764544936695892,9.46457225161981,9.46457225161981,0.16327598877251148,Healthcare,3.5426548068444346,1.0,0.16327598877251148,1.0,0.0
seasonal_naive,Coastal_T_S,20T,short,9,1.2782414293270614,1.0,1.1796595512946801,1.391596656960766,1.391596656960766,1.2665154142305255,Climate,1.2782414293270614,1.0,1.2665154142305255,1.0,0.0
seasonal_naive,Water_Quality_Darwin,15T,medium,96,1.0892248555624096,1.0,0.9307003899397323,0.8662032158339698,0.8662032158339698,3.5120491245761514,Climate,1.0892248555624096,1.0,3.5120491245761514,1.0,0.0
seasonal_naive,SG_PM25,H,medium,72,1.1852409592075988,1.0,0.4503747981319872,0.20283745879242823,0.20283745879242823,0.9929322004318237,Climate,1.1852409592075988,1.0,0.9929322004318237,1.0,0.0
seasonal_naive,Global_Influenza,W,short,13,4.230835072275004,1.0,5.512606079900088,30.38882579215142,30.38882579215142,0.980701144784689,Healthcare,4.230835072275004,1.0,0.980701144784689,1.0,0.0
seasonal_naive,Finland_Traffic,15T,long,672,0.9356216079721509,1.0,0.13704519299139284,0.018781384922048106,0.018781384922048106,0.06827850919216871,Transport,0.9356216079721509,1.0,0.06827850919216871,1.0,0.0
seasonal_naive,current_velocity,15T,short,12,0.9913714905166404,1.0,0.6731188285916804,0.453088957404636,0.453088957404636,12.830142772756517,Climate,0.9913714905166404,1.0,12.830142772756517,1.0,0.0
seasonal_naive,Finland_Traffic,15T,short,16,0.7821655158923493,1.0,0.7379019326551136,0.5444992622161519,0.5444992622161519,0.952554508112371,Transport,0.7821655158923493,1.0,0.952554508112371,1.0,0.0
seasonal_naive,US_Term_Structure,B,short,20,1.7649879489699798,1.0,1.016550232153112,1.0333743744905457,1.0333743744905457,76.68119631055743,Finance,1.7649879489699798,1.0,76.68119631055743,1.0,0.0
seasonal_naive,CPHL,30T,short,12,1.9158052500490743,1.0,1.417296149145848,2.00872837438365,2.00872837438365,0.9665918750688434,Climate,1.9158052500490743,1.0,0.9665918750688434,1.0,0.0
seasonal_naive,WUI_Global,Q,short,4,1.2752554228759418,1.0,0.7806254978170413,0.6093761678421035,0.6093761678421035,0.30773282889276743,Economics,1.2752554228759418,1.0,0.30773282889276743,1.0,0.0
seasonal_naive,OpenElectricity_NEM,5T,medium,96,1.0220753966761364,1.0,0.7497558954458872,0.5621339027558641,0.5621339027558641,2.961383949033916,Energy,1.0220753966761364,1.0,2.961383949033916,1.0,0.0
seasonal_naive,Coastal_T_S,20T,medium,72,1.2827707713444634,1.0,0.8994246593808047,0.8089647179022766,0.8089647179022766,0.2132205916568637,Climate,1.2827707713444634,1.0,0.2132205916568637,1.0,0.0
seasonal_naive,current_velocity,5T,short,36,0.9105016048084428,1.0,0.6198713388750775,0.38424047675878115,0.38424047675878115,3.565892705693841,Climate,0.9105016048084428,1.0,3.565892705693841,1.0,0.0
seasonal_naive,Vehicle_Sales,M,short,12,1.3003774304433904,1.0,0.9329941711002446,0.8704781233070326,0.8704781233070326,0.2621117187663913,Sales,1.3003774304433904,1.0,0.2621117187663913,1.0,0.0
seasonal_naive,SG_PM25,H,long,168,1.2909773955323274,1.0,0.353421486186987,0.12490674689861864,0.12490674689861864,0.5450284564867616,Climate,1.2909773955323274,1.0,0.5450284564867616,1.0,0.0
seasonal_naive,Water_Quality_Darwin,15T,long,288,1.591229713377238,1.0,1.2352317031576296,1.5257973604856987,1.5257973604856987,2.003494313918054,Climate,1.591229713377238,1.0,2.003494313918054,1.0,0.0
seasonal_naive,US_Labor,M,short,12,1.7726043654315742,1.0,1.713712213954034,2.936809552255237,2.936809552255237,0.31104636937379837,Economics,1.7726043654315742,1.0,0.31104636937379837,1.0,0.0
seasonal_naive,JOLTS,M,short,12,1.68559441428069,1.0,0.9422230958137535,0.8877843622848538,0.8877843622848538,0.12435972783714533,Economics,1.68559441428069,1.0,0.12435972783714533,1.0,0.0
seasonal_naive,Finland_Traffic,15T,medium,96,0.7819762468379376,1.0,0.4133489668481001,0.17085736839439175,0.17085736839439175,0.20476613473147154,Transport,0.7819762468379376,1.0,0.20476613473147154,1.0,0.0
seasonal_naive,CPHL,30T,medium,48,1.893340926882399,1.0,1.2196879954940523,1.4876388063522994,1.4876388063522994,0.283974077552557,Climate,1.893340926882399,1.0,0.283974077552557,1.0,0.0
seasonal_naive,Housing_Inventory,M,short,12,0.6840076077319015,1.0,0.39788380286429137,0.15831152058175027,0.15831152058175027,0.04277162812650204,Economics,0.6840076077319015,1.0,0.04277162812650204,1.0,0.0
seasonal_naive,Auto_Production_SF,M,short,12,0.9634651517903213,1.0,0.4120834620259613,0.1698127796753019,0.1698127796753019,0.024433504790067673,Economics,0.9634651517903213,1.0,0.024433504790067673,1.0,0.0
seasonal_naive,current_velocity,H,short,24,1.0337543563683367,1.0,0.6185865299295744,0.3826492950103123,0.3826492950103123,12.451473160646856,Climate,1.0337543563683367,1.0,12.451473160646856,1.0,0.0
seasonal_naive,azure2019_U,5T,short,48,1.1130542641708217,1.0,1.1071539966917516,1.2257899723905192,1.2257899723905192,5.367972842417657,Cloud operations,1.1130542641708217,1.0,5.367972842417657,1.0,0.0
seasonal_naive,Coastal_T_S,15T,long,288,1.5935046166703226,1.0,1.1535594416256896,1.3306993853637727,1.3306993853637727,0.7146508358418941,Climate,1.5935046166703226,1.0,0.7146508358418941,1.0,0.0
seasonal_naive,OpenElectricity_NEM,5T,long,288,1.0224745372877215,1.0,0.4649488547460206,0.21617743752963614,0.21617743752963614,1.473781293258071,Energy,1.0224745372877215,1.0,1.473781293258071,1.0,0.0
seasonal_naive,current_velocity,5T,medium,288,0.9106922601897061,1.0,0.3394416255246455,0.11522061713881367,0.11522061713881367,0.8633319521322846,Climate,0.9106922601897061,1.0,0.8633319521322846,1.0,0.0
seasonal_naive,SG_Carpark,15T,long,672,1.307891992764626,1.0,0.8004603647259972,0.6407367954972765,0.6407367954972765,6.359087245538831,Transport,1.307891992764626,1.0,6.359087245538831,1.0,0.0
seasonal_naive,azure2019_I,5T,short,288,0.9861099951301255,1.0,0.44951165233184964,0.20206072558210966,0.20206072558210966,39.59057625103742,Unclassified,0.9861099951301255,1.0,39.59057625103742,1.0,0.0
seasonal_naive,Coastal_T_S,15T,short,12,1.447975868226236,1.0,1.26919754429659,1.6108624064484944,1.6108624064484944,7.751331891864538,Climate,1.447975868226236,1.0,7.751331891864538,1.0,0.0
seasonal_naive,SG_Carpark,15T,short,16,0.9420673883040124,1.0,1.1650298484221824,1.3572945477146132,1.3572945477146132,64.31157630681992,Transport,0.9420673883040124,1.0,64.31157630681992,1.0,0.0
seasonal_naive,current_velocity,20T,short,9,1.0157419728083052,1.0,0.76667579033384,0.5877917674840182,0.5877917674840182,65.24346527643502,Climate,1.0157419728083052,1.0,65.24346527643502,1.0,0.0
seasonal_naive,current_velocity,15T,long,288,1.1285984948447063,1.0,0.4334614138351033,0.18788879728392668,0.18788879728392668,1.2894736649468541,Climate,1.1285984948447063,1.0,1.2894736649468541,1.0,0.0
seasonal_naive,SG_Weather,D,short,3,1.0689616504483799,1.0,0.8072085701870649,0.6515856757834457,0.6515856757834457,9.068410464562476,Climate,1.0689616504483799,1.0,9.068410464562476,1.0,0.0
seasonal_naive,CPHL,30T,long,144,2.2236567264315648,1.0,1.2677986708600044,1.6073134698343936,1.6073134698343936,0.13040409795939922,Climate,2.2236567264315648,1.0,0.13040409795939922,1.0,0.0
seasonal_naive,current_velocity,H,medium,168,1.8436548434542293,1.0,1.1038706965113476,1.2185305146164476,1.2185305146164476,3.0981775810942054,Climate,1.8436548434542293,1.0,3.0981775810942054,1.0,0.0
seasonal_naive,Uncertainty_1M,M,short,6,0.9687122092330922,1.0,0.6807865455811538,0.4634703206443205,0.4634703206443205,0.12652770429849625,Economics,0.9687122092330922,1.0,0.12652770429849625,1.0,0.0
seasonal_naive,current_velocity,5T,long,864,1.0927077660320532,1.0,0.5402830164917938,0.29190573790947194,0.29190573790947194,0.6923420028761029,Climate,1.0927077660320532,1.0,0.6923420028761029,1.0,0.0
seasonal_naive,Coastal_T_S,15T,medium,96,1.4516859811322,1.0,1.1328980513409392,1.2834579947320974,1.2834579947320974,1.338175474666059,Climate,1.4516859811322,1.0,1.338175474666059,1.0,0.0
seasonal_naive,azure2019_D,5T,short,288,1.0620292713988297,1.0,1.3522625111248772,1.8286138989937584,1.8286138989937584,79.90540184918791,Unclassified,1.0620292713988297,1.0,79.90540184918791,1.0,0.0
seasonal_naive,SG_Carpark,15T,medium,96,0.9472441633805834,1.0,0.8315971040944682,0.6915537435383057,0.6915537435383057,14.793124185875058,Transport,0.9472441633805834,1.0,14.793124185875058,1.0,0.0
seasonal_naive,SG_Weather,D,medium,7,1.180304070490495,1.0,0.7875160542587117,0.6201815357152103,0.6201815357152103,3.9589907936751842,Climate,1.180304070490495,1.0,3.9589907936751842,1.0,0.0
seasonal_naive,CPHL,15T,short,12,1.3686982871636935,1.0,1.1001396990100754,1.2103073573379792,1.2103073573379792,0.8933454435318708,Climate,1.3686982871636935,1.0,0.8933454435318708,1.0,0.0
seasonal_naive,Coastal_T_S,H,long,336,2.646814492501095,1.0,3.0520109575615497,9.314770885075767,9.314770885075767,1.3289766171947122,Climate,2.646814492501095,1.0,1.3289766171947122,1.0,0.0
seasonal_naive,current_velocity,15T,medium,96,0.9924470867542217,1.0,0.45081101169385884,0.20323056826444055,0.20323056826444055,2.322853246703744,Climate,0.9924470867542217,1.0,2.322853246703744,1.0,0.0
seasonal_naive,Coastal_T_S,H,short,24,1.204935864293014,1.0,1.6422792918413454,2.6970812724109106,2.6970812724109106,7.276267562992871,Climate,1.204935864293014,1.0,7.276267562992871,1.0,0.0
seasonal_naive,current_velocity,H,long,336,1.97807318941371,1.0,1.4036918927221869,1.9703509296939952,1.9703509296939952,2.3988108662888408,Climate,1.97807318941371,1.0,2.3988108662888408,1.0,0.0
seasonal_naive,current_velocity,10T,short,18,1.042604019237951,1.0,0.6933501705785258,0.4807344590412708,0.4807344590412708,31.85003567300737,Climate,1.042604019237951,1.0,31.85003567300737,1.0,0.0
seasonal_naive,Crypto,D,short,30,6.169569272851417,1.0,5.261962632150346,27.688250742146593,27.688250742146593,0.13141694758087397,Finance,6.169569272851417,1.0,0.13141694758087397,1.0,0.0
seasonal_naive,epf_electricity_price,H,short,24,1.4287668259022852,1.0,1.221694993935422,1.4925386582068707,1.4925386582068707,3.303646160289645,Finance,1.4287668259022852,1.0,3.303646160289645,1.0,0.0
seasonal_naive,current_velocity,20T,long,216,1.3236660955006534,1.0,0.7576077332727538,0.5739694775146801,0.5739694775146801,5.862513719126582,Climate,1.3236660955006534,1.0,5.862513719126582,1.0,0.0
seasonal_naive,CPHL,15T,medium,96,1.37281934883039,1.0,0.7895232215323791,0.6233469173388662,0.6233469173388662,0.15893543139100075,Climate,1.37281934883039,1.0,0.15893543139100075,1.0,0.0
seasonal_naive,Job_Claims,W,short,13,2.721408984092651,1.0,1.3451556826300457,1.8094438105119042,1.8094438105119042,0.03477336373180151,Economics,2.721408984092651,1.0,0.03477336373180151,1.0,0.0
seasonal_naive,SG_Weather,D,long,14,1.1878086823687262,1.0,0.7428700721653868,0.5518559441190071,0.5518559441190071,2.067176808603108,Climate,1.1878086823687262,1.0,2.067176808603108,1.0,0.0
seasonal_naive,CPHL,H,short,24,1.5555461077967614,1.0,0.9725855144275046,0.9459225828742138,0.9459225828742138,0.4137184591963887,Climate,1.5555461077967614,1.0,0.4137184591963887,1.0,0.0
seasonal_naive,Coastal_T_S,H,medium,168,2.05499932278695,1.0,1.7549092356684324,3.0797064254343613,3.0797064254343613,1.804201859049499,Climate,2.05499932278695,1.0,1.804201859049499,1.0,0.0
seasonal_naive,Oil_Price,B,short,20,1.5496690109476723,1.0,1.1441054122537264,1.308977194348269,1.308977194348269,12.918505388312042,Finance,1.5496690109476723,1.0,12.918505388312042,1.0,0.0
seasonal_naive,EWELD_Load,15T,short,24,0.9109076791493171,1.0,0.7927334143903945,0.6284262662910528,0.6284262662910528,2.7549216523766518,Energy,0.9109076791493171,1.0,2.7549216523766518,1.0,0.0
seasonal_naive,CPHL,H,medium,168,2.2276216946589162,1.0,0.7777575640639581,0.6049068284587019,0.6049068284587019,0.1013115681707859,Climate,2.2276216946589162,1.0,0.1013115681707859,1.0,0.0
seasonal_naive,CPHL,15T,long,288,1.556704626979664,1.0,0.966866738564371,0.9348312901421038,0.9348312901421038,0.08728386927396059,Climate,1.556704626979664,1.0,0.08728386927396059,1.0,0.0
seasonal_naive,Commodity_Production,M,short,12,1.220088634016739,1.0,0.730035105873204,0.5329512558073002,0.5329512558073002,0.6614465108141303,Economics,1.220088634016739,1.0,0.6614465108141303,1.0,0.0
seasonal_naive,current_velocity,20T,medium,72,1.0179042941611798,1.0,0.5680338540367944,0.3226624593318943,0.3226624593318943,11.10418189316988,Climate,1.0179042941611798,1.0,11.10418189316988,1.0,0.0
seasonal_naive,Port_Activity,D,short,30,0.9536286637709488,1.0,0.6045393642018696,0.36546784286960077,0.36546784286960077,8.336052159778774,Transport,0.9536286637709488,1.0,8.336052159778774,1.0,0.0
seasonal_naive,Supply_Chain_Customer,D,short,30,1.5244040426120686,1.0,0.8725792135654238,0.7613944839464535,0.7613944839464535,1.5101168360561132,Sales,1.5244040426120686,1.0,1.5101168360561132,1.0,0.0
seasonal_naive,Australia_Solar,H,long,168,1.2762842341465261,1.0,0.6487972292638606,0.42093784470046247,0.42093784470046247,0.36489084642380476,Climate,1.2762842341465261,1.0,0.36489084642380476,1.0,0.0
seasonal_naive,EWELD_Load,15T,medium,96,0.9107484734313388,1.0,0.4903450312078473,0.24043824963022473,0.24043824963022473,0.8178674932569265,Energy,0.9107484734313388,1.0,0.8178674932569265,1.0,0.0
seasonal_naive,MetroPT-3,5T,short,48,0.8726224746907574,1.0,0.2757003391511327,0.07601067700804957,0.07601067700804957,1.0416007470339537,Transport,0.8726224746907574,1.0,1.0416007470339537,1.0,0.0
seasonal_naive,ECDC_COVID,W,short,13,1.5433643330513203,1.0,1.5894082311142634,2.5262185251337717,2.5262185251337717,0.24623477086424828,Healthcare,1.5433643330513203,1.0,0.24623477086424828,1.0,0.0
seasonal_naive,NE_China_Wind,H,short,24,0.8322078490336116,1.0,0.6320861331232855,0.39953287968674783,0.39953287968674783,0.45941207837313414,Climate,0.8322078490336116,1.0,0.45941207837313414,1.0,0.0
seasonal_naive,current_velocity,10T,long,432,1.437499922931037,1.0,0.802103190101743,0.6433695275713929,0.6433695275713929,3.6895391680300236,Climate,1.437499922931037,1.0,3.6895391680300236,1.0,0.0
seasonal_naive,Australia_Solar,H,short,24,1.235468758758717,1.0,0.9655624901150337,0.9323109223171446,0.9323109223171446,1.7007500659674406,Climate,1.235468758758717,1.0,1.7007500659674406,1.0,0.0
seasonal_naive,Vehicle_Supply,M,short,12,1.1123545370322176,1.0,0.786233925224276,0.6181637851735725,0.6181637851735725,0.13469098322093487,Economics,1.1123545370322176,1.0,0.13469098322093487,1.0,0.0
seasonal_naive,Coastal_T_S,5T,long,864,1.4810239029575263,1.0,1.344496187052519,1.8076699969987622,1.8076699969987622,6.789144224487245,Climate,1.4810239029575263,1.0,6.789144224487245,1.0,0.0
seasonal_naive,epf_electricity_price,H,long,168,1.9954916176600113,1.0,1.435931117647782,2.061898174629208,2.061898174629208,0.6750172125175595,Finance,1.9954916176600113,1.0,0.6750172125175595,1.0,0.0
seasonal_naive,Port_Activity,W,short,13,0.9755398949343401,1.0,0.46340282894494556,0.21474218187417846,0.21474218187417846,3.622349251061678,Transport,0.9755398949343401,1.0,3.622349251061678,1.0,0.0
seasonal_naive,Coastal_T_S,5T,short,36,1.2182080348379292,1.0,1.2981254054538556,1.685129568284737,1.685129568284737,47.6121036214754,Climate,1.2182080348379292,1.0,47.6121036214754,1.0,0.0
seasonal_naive,CPHL,H,long,336,2.524261882033793,1.0,1.1523358314221883,1.3278778683794659,1.3278778683794659,0.07477753702551126,Climate,2.524261882033793,1.0,0.07477753702551126,1.0,0.0
seasonal_naive,MetroPT-3,5T,medium,288,0.8535683382965379,1.0,0.1403422923174689,0.019695959012921885,0.019695959012921885,0.3266339413821697,Transport,0.8535683382965379,1.0,0.3266339413821697,1.0,0.0
seasonal_naive,NE_China_Wind,H,medium,72,1.092497259593467,1.0,0.7653438843122552,0.5857512612541707,0.5857512612541707,0.18750894628465176,Climate,1.092497259593467,1.0,0.18750894628465176,1.0,0.0
seasonal_naive,EWELD_Load,15T,long,672,0.9730884442803625,1.0,0.4877942060807641,0.237943187485963,0.237943187485963,0.3245005141943693,Energy,0.9730884442803625,1.0,0.3245005141943693,1.0,0.0
seasonal_naive,Australia_Solar,H,medium,72,1.3589947306642882,1.0,0.829210915430357,0.6875907422688505,0.6875907422688505,0.6641839258372784,Climate,1.3589947306642882,1.0,0.6641839258372784,1.0,0.0
seasonal_naive,Commodity_Import,M,short,12,1.8336477254740147,1.0,2.1583787725854373,4.658598925947419,4.658598925947419,0.23737083096057177,Economics,1.8336477254740147,1.0,0.23737083096057177,1.0,0.0
seasonal_naive,Online_Retail_2_UCI,D,short,30,1.6232577008686375,1.0,0.8410860891561767,0.7074258093720319,0.7074258093720319,0.02367151528596878,Sales,1.6232577008686375,1.0,0.02367151528596878,1.0,0.0
seasonal_naive,Smart_Manufacturing,H,long,336,1.0022363197581337,1.0,0.10964091292204521,0.0120211297863795,0.0120211297863795,1.5732318125665188,Industry,1.0022363197581337,1.0,1.5732318125665188,1.0,0.0
seasonal_naive,current_velocity,10T,medium,144,1.0437112263446233,1.0,0.503041797645842,0.25305105017876023,0.25305105017876023,6.091557212173939,Climate,1.0437112263446233,1.0,6.091557212173939,1.0,0.0
seasonal_naive,Smart_Manufacturing,H,short,24,0.9987212256449988,1.0,0.19538696492859342,0.03817606606400739,0.03817606606400739,8.254228632897139,Industry,0.9987212256449988,1.0,8.254228632897139,1.0,0.0
seasonal_naive,Coastal_T_S,5T,medium,288,1.222066258731106,1.0,1.1701062000737548,1.3691485194510418,1.3691485194510418,10.081392582505941,Climate,1.222066258731106,1.0,10.081392582505941,1.0,0.0
seasonal_naive,Global_Price,Q,short,4,1.8604859355497676,1.0,1.8573657897006313,3.4498076767502495,3.4498076767502495,1.0117378337308764,Economics,1.8604859355497676,1.0,1.0117378337308764,1.0,0.0
seasonal_naive,epf_electricity_price,H,medium,72,1.8635230783637327,1.0,1.4710110637576044,2.1638735496972785,2.1638735496972785,1.2589816534891725,Finance,1.8635230783637327,1.0,1.2589816534891725,1.0,0.0
seasonal_naive,Supply_Chain_Location,D,short,30,1.4264456517338167,1.0,0.7598386653006373,0.5773547972858538,0.5773547972858538,2.1239393455907702,Sales,1.4264456517338167,1.0,2.1239393455907702,1.0,0.0
seasonal_naive,Water_Quality_Darwin,15T,short,16,1.0871610587899843,1.0,1.156784190715721,1.3381496638898256,1.3381496638898256,15.32182686496526,Climate,1.0871610587899843,1.0,15.32182686496526,1.0,0.0
seasonal_naive,SG_PM25,H,short,24,1.1720073818805468,1.0,0.5067794736737509,0.2568254349370439,0.2568254349370439,2.6252891682088375,Climate,1.1720073818805468,1.0,2.6252891682088375,1.0,0.0
seasonal_naive,MetroPT-3,5T,long,576,0.8686901704875118,1.0,0.14909093131981657,0.022228105801810265,0.022228105801810265,0.25579052697867155,Transport,0.8686901704875118,1.0,0.25579052697867155,1.0,0.0
seasonal_naive,NE_China_Wind,H,long,168,1.3310720643183538,1.0,0.8238518967724852,0.6787319478156216,0.6787319478156216,0.10292179975658655,Climate,1.3310720643183538,1.0,0.10292179975658655,1.0,0.0
seasonal_naive,Smart_Manufacturing,H,medium,168,1.0059162251273246,1.0,0.11519203971926659,0.01326920601468509,0.01326920601468509,2.0938354451209307,Industry,1.0059162251273246,1.0,2.0938354451209307,1.0,0.0
