[2026-09-27 13:15:56 UTC] resources allocation {"CUDA_VISIBLE_DEVICES": "0", "SLURM_CPUS_PER_TASK": "8", "SLURM_JOB_GPUS": "0,1,2,3", "SLURM_JOB_ID": "3584806", "SLURM_MEM_PER_CPU": "unset", "SLURM_MEM_PER_NODE": "80000", "SLURM_STEP_GPUS": "0", "SLURM_STEP_ID": "0", "TIME_DEVICE": "unset", "cpu_count": 8, "host": "sean0001"}
[2026-09-27 13:15:56 UTC] resources RAM {"MemAvailable_MiB": 372127.4609375, "MemTotal_MiB": 386622.88671875, "cgroup_reason": "memory.max is unlimited", "cgroup_status": "unlimited"}
[2026-09-27 13:15:56 UTC] resources nvidia_inventory {"columns": "index,uuid,name,driver,total_MiB,free_MiB,used_MiB", "devices": ["0, GPU-0ebfe551-384b-5f05-1272-01bb48110c57, NVIDIA H100 NVL, 560.35.05, 95830, 95350, 1"]}
[2026-09-27 13:15:57 UTC] resources torch {"cuda_available": true, "note": "visibility probe; CPU-only stages need not use an allocated GPU", "version": "2.9.1+cu128", "visible_gpu_count": 1}
[2026-09-27 13:15:58 UTC] resources cuda_device {"capability": "9.0", "free_MiB": 94825.125, "logical_index": 0, "name": "NVIDIA H100 NVL", "total_MiB": 95350.1875}
2026-09-27 15:15:58 | workflow channels_comparison started launch_id=selena_channels_20260927T131553Z_36695 task=multivariate slurm_job_id=3584806 slurm_array_job_id=none slurm_array_task_id=none
2026-09-27 15:15:58 | stage evaluate started
2026-09-27 15:15:58 | task chronos2 comparison=multivariate covariate_mode=none target_mode=multivariate started
[2026-09-27 15:15:58] TIME runner: run_chronos2_comparison.sh
[2026-09-27 15:15:58] datasets: /scratch/users/h61084/datasets/hf_dataset
[2026-09-27 15:15:58] weights: /scratch/users/h61084/weights
[2026-09-27 15:15:58] outputs: /scratch/users/h61084/codes/evaluating_tsfms/outputs
[2026-09-27 15:15:58] covariate mode: none
[2026-09-27 15:15:58] target mode: multivariate
[2026-09-27 15:15:58] context length: model_default
[2026-09-27 15:15:58] instance normalization: none
Running all 38 datasets from config:
  - Water_Quality_Darwin/15T
  - current_velocity/5T
  - current_velocity/10T
  - current_velocity/15T
  - current_velocity/20T
  - current_velocity/H
  - Coastal_T_S/5T
  - Coastal_T_S/15T
  - Coastal_T_S/20T
  - Coastal_T_S/H
  - SG_Weather/D
  - SG_PM25/H
  - NE_China_Wind/H
  - Australia_Solar/H
  - OpenElectricity_NEM/5T
  - EWELD_Load/15T
  - Port_Activity/D
  - Port_Activity/W
  - Global_Influenza/W
  - Crypto/D
  - US_Term_Structure/B
  - Oil_Price/B
  - Job_Claims/W
  - Uncertainty_1M/M
  - Housing_Inventory/M
  - JOLTS/M
  - US_Labor/M
  - Vehicle_Supply/M
  - WUI_Global/Q
  - Global_Price/Q
  - Vehicle_Sales/M
  - Supply_Chain_Customer/D
  - Supply_Chain_Location/D
  - azure2019_D/5T
  - azure2019_I/5T
  - azure2019_U/5T
  - Smart_Manufacturing/H
  - MetroPT-3/5T

############################################################
# Dataset 1/38: Water_Quality_Darwin/15T
############################################################
[2026-09-27 13:16:20 UTC] resources selected_device {"device": "cuda", "model": "chronos2", "stage": "forecast"}
Loading configuration...

============================================================
Dataset: Water_Quality_Darwin/15T
Model: amazon/chronos-2
Checkpoint: /fslarge/scratch/users/h61084/weights/chronos2
Terms: ['short', 'medium', 'long']
Covariate mode: none
Instance normalization: none
============================================================

--- Term: short ---
  Config: prediction_length=16, test_length=1440, val_length=1440
TIME run allocation action=recompute reuse_source=/scratch/users/h61084/codes/evaluating_tsfms/outputs/foundation_models/tasks/chronos2/multivariate reason=No completed reuse source has the expected identity and scientific configuration below /fslarge/scratch/users/h61084/codes/evaluating_tsfms/outputs/foundation_models/tasks/chronos2/multivariate
TIME run allocation action=skip run=/fslarge/scratch/users/h61084/codes/evaluating_tsfms/outputs/foundation_models/inference/chronos2/multivariate/Water_Quality_Darwin/15T/short/run_0 source_launch=selena_20260926T154139Z_65000 launch_id=selena_channels_20260927T131553Z_36695 slurm_job_id=3584806 launched_at=2026-09-27T13:16:20.924452+00:00
TIME run allocation action=reuse run=/fslarge/scratch/users/h61084/codes/evaluating_tsfms/outputs/channels_comparison/tasks/multivariate/chronos2/multivariate/Water_Quality_Darwin/15T/short/run_0 source=/fslarge/scratch/users/h61084/codes/evaluating_tsfms/outputs/foundation_models/tasks/chronos2/multivariate/Water_Quality_Darwin/15T/short/run_0/manifest.json launch_id=selena_channels_20260927T131553Z_36695 slurm_job_id=3584806 reused_at=2026-09-27T13:16:21.098032+00:00
  Reused raw inference: /fslarge/scratch/users/h61084/codes/evaluating_tsfms/outputs/foundation_models/inference/chronos2/multivariate/Water_Quality_Darwin/15T/short/run_0

--- Term: medium ---
  Config: prediction_length=96, test_length=1440, val_length=1440
TIME run allocation action=recompute reuse_source=/scratch/users/h61084/codes/evaluating_tsfms/outputs/foundation_models/tasks/chronos2/multivariate reason=No completed reuse source has the expected identity and scientific configuration below /fslarge/scratch/users/h61084/codes/evaluating_tsfms/outputs/foundation_models/tasks/chronos2/multivariate
TIME run allocation action=skip run=/fslarge/scratch/users/h61084/codes/evaluating_tsfms/outputs/foundation_models/inference/chronos2/multivariate/Water_Quality_Darwin/15T/medium/run_0 source_launch=selena_20260926T154139Z_65000 launch_id=selena_channels_20260927T131553Z_36695 slurm_job_id=3584806 launched_at=2026-09-27T13:16:21.243585+00:00
TIME run allocation action=reuse run=/fslarge/scratch/users/h61084/codes/evaluating_tsfms/outputs/channels_comparison/tasks/multivariate/chronos2/multivariate/Water_Quality_Darwin/15T/medium/run_0 source=/fslarge/scratch/users/h61084/codes/evaluating_tsfms/outputs/foundation_models/tasks/chronos2/multivariate/Water_Quality_Darwin/15T/medium/run_0/manifest.json launch_id=selena_channels_20260927T131553Z_36695 slurm_job_id=3584806 reused_at=2026-09-27T13:16:21.416089+00:00
  Reused raw inference: /fslarge/scratch/users/h61084/codes/evaluating_tsfms/outputs/foundation_models/inference/chronos2/multivariate/Water_Quality_Darwin/15T/medium/run_0

--- Term: long ---
  Config: prediction_length=288, test_length=1440, val_length=1440
TIME run allocation action=recompute reuse_source=/scratch/users/h61084/codes/evaluating_tsfms/outputs/foundation_models/tasks/chronos2/multivariate reason=No completed reuse source has the expected identity and scientific configuration below /fslarge/scratch/users/h61084/codes/evaluating_tsfms/outputs/foundation_models/tasks/chronos2/multivariate
TIME run allocation action=skip run=/fslarge/scratch/users/h61084/codes/evaluating_tsfms/outputs/foundation_models/inference/chronos2/multivariate/Water_Quality_Darwin/15T/long/run_0 source_launch=selena_20260926T154139Z_65000 launch_id=selena_channels_20260927T131553Z_36695 slurm_job_id=3584806 launched_at=2026-09-27T13:16:21.564235+00:00
TIME run allocation action=reuse run=/fslarge/scratch/users/h61084/codes/evaluating_tsfms/outputs/channels_comparison/tasks/multivariate/chronos2/multivariate/Water_Quality_Darwin/15T/long/run_0 source=/fslarge/scratch/users/h61084/codes/evaluating_tsfms/outputs/foundation_models/tasks/chronos2/multivariate/Water_Quality_Darwin/15T/long/run_0/manifest.json launch_id=selena_channels_20260927T131553Z_36695 slurm_job_id=3584806 reused_at=2026-09-27T13:16:21.724972+00:00
  Reused raw inference: /fslarge/scratch/users/h61084/codes/evaluating_tsfms/outputs/foundation_models/inference/chronos2/multivariate/Water_Quality_Darwin/15T/long/run_0

============================================================
All experiments completed!
Results saved to: /scratch/users/h61084/codes/evaluating_tsfms/outputs/channels_comparison/tasks/multivariate
============================================================

############################################################
# Dataset 2/38: current_velocity/5T
############################################################
[2026-09-27 13:16:21 UTC] resources selected_device {"device": "cuda", "model": "chronos2", "stage": "forecast"}
Loading configuration...

============================================================
Dataset: current_velocity/5T
Model: amazon/chronos-2
Checkpoint: /fslarge/scratch/users/h61084/weights/chronos2
Terms: ['short', 'medium', 'long']
Covariate mode: none
Instance normalization: none
============================================================

--- Term: short ---
  Config: prediction_length=36, test_length=4320, val_length=4320
TIME run allocation action=recompute reuse_source=/scratch/users/h61084/codes/evaluating_tsfms/outputs/foundation_models/tasks/chronos2/multivariate reason=No completed reuse source has the expected identity and scientific configuration below /fslarge/scratch/users/h61084/codes/evaluating_tsfms/outputs/foundation_models/tasks/chronos2/multivariate
TIME run allocation action=skip run=/fslarge/scratch/users/h61084/codes/evaluating_tsfms/outputs/foundation_models/inference/chronos2/multivariate/current_velocity/5T/short/run_0 source_launch=selena_20260926T154139Z_65000 launch_id=selena_channels_20260927T131553Z_36695 slurm_job_id=3584806 launched_at=2026-09-27T13:16:21.897865+00:00
TIME run allocation action=reuse run=/fslarge/scratch/users/h61084/codes/evaluating_tsfms/outputs/channels_comparison/tasks/multivariate/chronos2/multivariate/current_velocity/5T/short/run_0 source=/fslarge/scratch/users/h61084/codes/evaluating_tsfms/outputs/foundation_models/tasks/chronos2/multivariate/current_velocity/5T/short/run_0/manifest.json launch_id=selena_channels_20260927T131553Z_36695 slurm_job_id=3584806 reused_at=2026-09-27T13:16:22.051184+00:00
  Reused raw inference: /fslarge/scratch/users/h61084/codes/evaluating_tsfms/outputs/foundation_models/inference/chronos2/multivariate/current_velocity/5T/short/run_0

--- Term: medium ---
  Config: prediction_length=288, test_length=4320, val_length=4320
TIME run allocation action=recompute reuse_source=/scratch/users/h61084/codes/evaluating_tsfms/outputs/foundation_models/tasks/chronos2/multivariate reason=No completed reuse source has the expected identity and scientific configuration below /fslarge/scratch/users/h61084/codes/evaluating_tsfms/outputs/foundation_models/tasks/chronos2/multivariate
TIME run allocation action=skip run=/fslarge/scratch/users/h61084/codes/evaluating_tsfms/outputs/foundation_models/inference/chronos2/multivariate/current_velocity/5T/medium/run_0 source_launch=selena_20260926T154139Z_65000 launch_id=selena_channels_20260927T131553Z_36695 slurm_job_id=3584806 launched_at=2026-09-27T13:16:22.208913+00:00
TIME run allocation action=reuse run=/fslarge/scratch/users/h61084/codes/evaluating_tsfms/outputs/channels_comparison/tasks/multivariate/chronos2/multivariate/current_velocity/5T/medium/run_0 source=/fslarge/scratch/users/h61084/codes/evaluating_tsfms/outputs/foundation_models/tasks/chronos2/multivariate/current_velocity/5T/medium/run_0/manifest.json launch_id=selena_channels_20260927T131553Z_36695 slurm_job_id=3584806 reused_at=2026-09-27T13:16:22.350121+00:00
  Reused raw inference: /fslarge/scratch/users/h61084/codes/evaluating_tsfms/outputs/foundation_models/inference/chronos2/multivariate/current_velocity/5T/medium/run_0

--- Term: long ---
  Config: prediction_length=864, test_length=4320, val_length=4320
TIME run allocation action=recompute reuse_source=/scratch/users/h61084/codes/evaluating_tsfms/outputs/foundation_models/tasks/chronos2/multivariate reason=No completed reuse source has the expected identity and scientific configuration below /fslarge/scratch/users/h61084/codes/evaluating_tsfms/outputs/foundation_models/tasks/chronos2/multivariate
TIME run allocation action=skip run=/fslarge/scratch/users/h61084/codes/evaluating_tsfms/outputs/foundation_models/inference/chronos2/multivariate/current_velocity/5T/long/run_0 source_launch=selena_20260926T154139Z_65000 launch_id=selena_channels_20260927T131553Z_36695 slurm_job_id=3584806 launched_at=2026-09-27T13:16:22.504043+00:00
TIME run allocation action=reuse run=/fslarge/scratch/users/h61084/codes/evaluating_tsfms/outputs/channels_comparison/tasks/multivariate/chronos2/multivariate/current_velocity/5T/long/run_0 source=/fslarge/scratch/users/h61084/codes/evaluating_tsfms/outputs/foundation_models/tasks/chronos2/multivariate/current_velocity/5T/long/run_0/manifest.json launch_id=selena_channels_20260927T131553Z_36695 slurm_job_id=3584806 reused_at=2026-09-27T13:16:22.660880+00:00
  Reused raw inference: /fslarge/scratch/users/h61084/codes/evaluating_tsfms/outputs/foundation_models/inference/chronos2/multivariate/current_velocity/5T/long/run_0

============================================================
All experiments completed!
Results saved to: /scratch/users/h61084/codes/evaluating_tsfms/outputs/channels_comparison/tasks/multivariate
============================================================

############################################################
# Dataset 3/38: current_velocity/10T
############################################################
[2026-09-27 13:16:22 UTC] resources selected_device {"device": "cuda", "model": "chronos2", "stage": "forecast"}
Loading configuration...

============================================================
Dataset: current_velocity/10T
Model: amazon/chronos-2
Checkpoint: /fslarge/scratch/users/h61084/weights/chronos2
Terms: ['short', 'medium', 'long']
Covariate mode: none
Instance normalization: none
============================================================

--- Term: short ---
  Config: prediction_length=18, test_length=2160, val_length=2160
TIME run allocation action=recompute reuse_source=/scratch/users/h61084/codes/evaluating_tsfms/outputs/foundation_models/tasks/chronos2/multivariate reason=No completed reuse source has the expected identity and scientific configuration below /fslarge/scratch/users/h61084/codes/evaluating_tsfms/outputs/foundation_models/tasks/chronos2/multivariate
TIME run allocation action=skip run=/fslarge/scratch/users/h61084/codes/evaluating_tsfms/outputs/foundation_models/inference/chronos2/multivariate/current_velocity/10T/short/run_0 source_launch=selena_20260926T154139Z_65000 launch_id=selena_channels_20260927T131553Z_36695 slurm_job_id=3584806 launched_at=2026-09-27T13:16:23.066463+00:00
TIME run allocation action=reuse run=/fslarge/scratch/users/h61084/codes/evaluating_tsfms/outputs/channels_comparison/tasks/multivariate/chronos2/multivariate/current_velocity/10T/short/run_0 source=/fslarge/scratch/users/h61084/codes/evaluating_tsfms/outputs/foundation_models/tasks/chronos2/multivariate/current_velocity/10T/short/run_0/manifest.json launch_id=selena_channels_20260927T131553Z_36695 slurm_job_id=3584806 reused_at=2026-09-27T13:16:23.273482+00:00
  Reused raw inference: /fslarge/scratch/users/h61084/codes/evaluating_tsfms/outputs/foundation_models/inference/chronos2/multivariate/current_velocity/10T/short/run_0

--- Term: medium ---
  Config: prediction_length=144, test_length=2160, val_length=2160
TIME run allocation action=recompute reuse_source=/scratch/users/h61084/codes/evaluating_tsfms/outputs/foundation_models/tasks/chronos2/multivariate reason=No completed reuse source has the expected identity and scientific configuration below /fslarge/scratch/users/h61084/codes/evaluating_tsfms/outputs/foundation_models/tasks/chronos2/multivariate
TIME run allocation action=skip run=/fslarge/scratch/users/h61084/codes/evaluating_tsfms/outputs/foundation_models/inference/chronos2/multivariate/current_velocity/10T/medium/run_0 source_launch=selena_20260926T154139Z_65000 launch_id=selena_channels_20260927T131553Z_36695 slurm_job_id=3584806 launched_at=2026-09-27T13:16:23.428332+00:00
TIME run allocation action=reuse run=/fslarge/scratch/users/h61084/codes/evaluating_tsfms/outputs/channels_comparison/tasks/multivariate/chronos2/multivariate/current_velocity/10T/medium/run_0 source=/fslarge/scratch/users/h61084/codes/evaluating_tsfms/outputs/foundation_models/tasks/chronos2/multivariate/current_velocity/10T/medium/run_0/manifest.json launch_id=selena_channels_20260927T131553Z_36695 slurm_job_id=3584806 reused_at=2026-09-27T13:16:23.589130+00:00
  Reused raw inference: /fslarge/scratch/users/h61084/codes/evaluating_tsfms/outputs/foundation_models/inference/chronos2/multivariate/current_velocity/10T/medium/run_0

--- Term: long ---
  Config: prediction_length=432, test_length=2160, val_length=2160
TIME run allocation action=recompute reuse_source=/scratch/users/h61084/codes/evaluating_tsfms/outputs/foundation_models/tasks/chronos2/multivariate reason=No completed reuse source has the expected identity and scientific configuration below /fslarge/scratch/users/h61084/codes/evaluating_tsfms/outputs/foundation_models/tasks/chronos2/multivariate
TIME run allocation action=skip run=/fslarge/scratch/users/h61084/codes/evaluating_tsfms/outputs/foundation_models/inference/chronos2/multivariate/current_velocity/10T/long/run_0 source_launch=selena_20260926T154139Z_65000 launch_id=selena_channels_20260927T131553Z_36695 slurm_job_id=3584806 launched_at=2026-09-27T13:16:23.746596+00:00
TIME run allocation action=reuse run=/fslarge/scratch/users/h61084/codes/evaluating_tsfms/outputs/channels_comparison/tasks/multivariate/chronos2/multivariate/current_velocity/10T/long/run_0 source=/fslarge/scratch/users/h61084/codes/evaluating_tsfms/outputs/foundation_models/tasks/chronos2/multivariate/current_velocity/10T/long/run_0/manifest.json launch_id=selena_channels_20260927T131553Z_36695 slurm_job_id=3584806 reused_at=2026-09-27T13:16:23.909098+00:00
  Reused raw inference: /fslarge/scratch/users/h61084/codes/evaluating_tsfms/outputs/foundation_models/inference/chronos2/multivariate/current_velocity/10T/long/run_0

============================================================
All experiments completed!
Results saved to: /scratch/users/h61084/codes/evaluating_tsfms/outputs/channels_comparison/tasks/multivariate
============================================================

############################################################
# Dataset 4/38: current_velocity/15T
############################################################
[2026-09-27 13:16:23 UTC] resources selected_device {"device": "cuda", "model": "chronos2", "stage": "forecast"}
Loading configuration...

============================================================
Dataset: current_velocity/15T
Model: amazon/chronos-2
Checkpoint: /fslarge/scratch/users/h61084/weights/chronos2
Terms: ['short', 'medium', 'long']
Covariate mode: none
Instance normalization: none
============================================================

--- Term: short ---
  Config: prediction_length=12, test_length=1440, val_length=1440
TIME run allocation action=recompute reuse_source=/scratch/users/h61084/codes/evaluating_tsfms/outputs/foundation_models/tasks/chronos2/multivariate reason=No completed reuse source has the expected identity and scientific configuration below /fslarge/scratch/users/h61084/codes/evaluating_tsfms/outputs/foundation_models/tasks/chronos2/multivariate
TIME run allocation action=skip run=/fslarge/scratch/users/h61084/codes/evaluating_tsfms/outputs/foundation_models/inference/chronos2/multivariate/current_velocity/15T/short/run_0 source_launch=selena_20260926T154139Z_65000 launch_id=selena_channels_20260927T131553Z_36695 slurm_job_id=3584806 launched_at=2026-09-27T13:16:24.115239+00:00
TIME run allocation action=reuse run=/fslarge/scratch/users/h61084/codes/evaluating_tsfms/outputs/channels_comparison/tasks/multivariate/chronos2/multivariate/current_velocity/15T/short/run_0 source=/fslarge/scratch/users/h61084/codes/evaluating_tsfms/outputs/foundation_models/tasks/chronos2/multivariate/current_velocity/15T/short/run_0/manifest.json launch_id=selena_channels_20260927T131553Z_36695 slurm_job_id=3584806 reused_at=2026-09-27T13:16:24.261484+00:00
  Reused raw inference: /fslarge/scratch/users/h61084/codes/evaluating_tsfms/outputs/foundation_models/inference/chronos2/multivariate/current_velocity/15T/short/run_0

--- Term: medium ---
  Config: prediction_length=96, test_length=1440, val_length=1440
TIME run allocation action=recompute reuse_source=/scratch/users/h61084/codes/evaluating_tsfms/outputs/foundation_models/tasks/chronos2/multivariate reason=No completed reuse source has the expected identity and scientific configuration below /fslarge/scratch/users/h61084/codes/evaluating_tsfms/outputs/foundation_models/tasks/chronos2/multivariate
TIME run allocation action=skip run=/fslarge/scratch/users/h61084/codes/evaluating_tsfms/outputs/foundation_models/inference/chronos2/multivariate/current_velocity/15T/medium/run_0 source_launch=selena_20260926T154139Z_65000 launch_id=selena_channels_20260927T131553Z_36695 slurm_job_id=3584806 launched_at=2026-09-27T13:16:24.410291+00:00
TIME run allocation action=reuse run=/fslarge/scratch/users/h61084/codes/evaluating_tsfms/outputs/channels_comparison/tasks/multivariate/chronos2/multivariate/current_velocity/15T/medium/run_0 source=/fslarge/scratch/users/h61084/codes/evaluating_tsfms/outputs/foundation_models/tasks/chronos2/multivariate/current_velocity/15T/medium/run_0/manifest.json launch_id=selena_channels_20260927T131553Z_36695 slurm_job_id=3584806 reused_at=2026-09-27T13:16:24.586896+00:00
  Reused raw inference: /fslarge/scratch/users/h61084/codes/evaluating_tsfms/outputs/foundation_models/inference/chronos2/multivariate/current_velocity/15T/medium/run_0

--- Term: long ---
  Config: prediction_length=288, test_length=1440, val_length=1440
TIME run allocation action=recompute reuse_source=/scratch/users/h61084/codes/evaluating_tsfms/outputs/foundation_models/tasks/chronos2/multivariate reason=No completed reuse source has the expected identity and scientific configuration below /fslarge/scratch/users/h61084/codes/evaluating_tsfms/outputs/foundation_models/tasks/chronos2/multivariate
TIME run allocation action=skip run=/fslarge/scratch/users/h61084/codes/evaluating_tsfms/outputs/foundation_models/inference/chronos2/multivariate/current_velocity/15T/long/run_0 source_launch=selena_20260926T154139Z_65000 launch_id=selena_channels_20260927T131553Z_36695 slurm_job_id=3584806 launched_at=2026-09-27T13:16:24.732559+00:00
TIME run allocation action=reuse run=/fslarge/scratch/users/h61084/codes/evaluating_tsfms/outputs/channels_comparison/tasks/multivariate/chronos2/multivariate/current_velocity/15T/long/run_0 source=/fslarge/scratch/users/h61084/codes/evaluating_tsfms/outputs/foundation_models/tasks/chronos2/multivariate/current_velocity/15T/long/run_0/manifest.json launch_id=selena_channels_20260927T131553Z_36695 slurm_job_id=3584806 reused_at=2026-09-27T13:16:24.902848+00:00
  Reused raw inference: /fslarge/scratch/users/h61084/codes/evaluating_tsfms/outputs/foundation_models/inference/chronos2/multivariate/current_velocity/15T/long/run_0

============================================================
All experiments completed!
Results saved to: /scratch/users/h61084/codes/evaluating_tsfms/outputs/channels_comparison/tasks/multivariate
============================================================

############################################################
# Dataset 5/38: current_velocity/20T
############################################################
[2026-09-27 13:16:24 UTC] resources selected_device {"device": "cuda", "model": "chronos2", "stage": "forecast"}
Loading configuration...

============================================================
Dataset: current_velocity/20T
Model: amazon/chronos-2
Checkpoint: /fslarge/scratch/users/h61084/weights/chronos2
Terms: ['short', 'medium', 'long']
Covariate mode: none
Instance normalization: none
============================================================

--- Term: short ---
  Config: prediction_length=9, test_length=1080, val_length=1080
TIME run allocation action=recompute reuse_source=/scratch/users/h61084/codes/evaluating_tsfms/outputs/foundation_models/tasks/chronos2/multivariate reason=No completed reuse source has the expected identity and scientific configuration below /fslarge/scratch/users/h61084/codes/evaluating_tsfms/outputs/foundation_models/tasks/chronos2/multivariate
TIME run allocation action=skip run=/fslarge/scratch/users/h61084/codes/evaluating_tsfms/outputs/foundation_models/inference/chronos2/multivariate/current_velocity/20T/short/run_0 source_launch=selena_20260926T154139Z_65000 launch_id=selena_channels_20260927T131553Z_36695 slurm_job_id=3584806 launched_at=2026-09-27T13:16:25.076398+00:00
TIME run allocation action=reuse run=/fslarge/scratch/users/h61084/codes/evaluating_tsfms/outputs/channels_comparison/tasks/multivariate/chronos2/multivariate/current_velocity/20T/short/run_0 source=/fslarge/scratch/users/h61084/codes/evaluating_tsfms/outputs/foundation_models/tasks/chronos2/multivariate/current_velocity/20T/short/run_0/manifest.json launch_id=selena_channels_20260927T131553Z_36695 slurm_job_id=3584806 reused_at=2026-09-27T13:16:25.246198+00:00
  Reused raw inference: /fslarge/scratch/users/h61084/codes/evaluating_tsfms/outputs/foundation_models/inference/chronos2/multivariate/current_velocity/20T/short/run_0

--- Term: medium ---
  Config: prediction_length=72, test_length=1080, val_length=1080
TIME run allocation action=recompute reuse_source=/scratch/users/h61084/codes/evaluating_tsfms/outputs/foundation_models/tasks/chronos2/multivariate reason=No completed reuse source has the expected identity and scientific configuration below /fslarge/scratch/users/h61084/codes/evaluating_tsfms/outputs/foundation_models/tasks/chronos2/multivariate
TIME run allocation action=skip run=/fslarge/scratch/users/h61084/codes/evaluating_tsfms/outputs/foundation_models/inference/chronos2/multivariate/current_velocity/20T/medium/run_0 source_launch=selena_20260926T154139Z_65000 launch_id=selena_channels_20260927T131553Z_36695 slurm_job_id=3584806 launched_at=2026-09-27T13:16:25.385217+00:00
TIME run allocation action=reuse run=/fslarge/scratch/users/h61084/codes/evaluating_tsfms/outputs/channels_comparison/tasks/multivariate/chronos2/multivariate/current_velocity/20T/medium/run_0 source=/fslarge/scratch/users/h61084/codes/evaluating_tsfms/outputs/foundation_models/tasks/chronos2/multivariate/current_velocity/20T/medium/run_0/manifest.json launch_id=selena_channels_20260927T131553Z_36695 slurm_job_id=3584806 reused_at=2026-09-27T13:16:25.555138+00:00
  Reused raw inference: /fslarge/scratch/users/h61084/codes/evaluating_tsfms/outputs/foundation_models/inference/chronos2/multivariate/current_velocity/20T/medium/run_0

--- Term: long ---
  Config: prediction_length=216, test_length=1080, val_length=1080
TIME run allocation action=recompute reuse_source=/scratch/users/h61084/codes/evaluating_tsfms/outputs/foundation_models/tasks/chronos2/multivariate reason=No completed reuse source has the expected identity and scientific configuration below /fslarge/scratch/users/h61084/codes/evaluating_tsfms/outputs/foundation_models/tasks/chronos2/multivariate
TIME run allocation action=skip run=/fslarge/scratch/users/h61084/codes/evaluating_tsfms/outputs/foundation_models/inference/chronos2/multivariate/current_velocity/20T/long/run_0 source_launch=selena_20260926T154139Z_65000 launch_id=selena_channels_20260927T131553Z_36695 slurm_job_id=3584806 launched_at=2026-09-27T13:16:25.693802+00:00
TIME run allocation action=reuse run=/fslarge/scratch/users/h61084/codes/evaluating_tsfms/outputs/channels_comparison/tasks/multivariate/chronos2/multivariate/current_velocity/20T/long/run_0 source=/fslarge/scratch/users/h61084/codes/evaluating_tsfms/outputs/foundation_models/tasks/chronos2/multivariate/current_velocity/20T/long/run_0/manifest.json launch_id=selena_channels_20260927T131553Z_36695 slurm_job_id=3584806 reused_at=2026-09-27T13:16:25.940546+00:00
  Reused raw inference: /fslarge/scratch/users/h61084/codes/evaluating_tsfms/outputs/foundation_models/inference/chronos2/multivariate/current_velocity/20T/long/run_0

============================================================
All experiments completed!
Results saved to: /scratch/users/h61084/codes/evaluating_tsfms/outputs/channels_comparison/tasks/multivariate
============================================================

############################################################
# Dataset 6/38: current_velocity/H
############################################################
[2026-09-27 13:16:25 UTC] resources selected_device {"device": "cuda", "model": "chronos2", "stage": "forecast"}
Loading configuration...

============================================================
Dataset: current_velocity/H
Model: amazon/chronos-2
Checkpoint: /fslarge/scratch/users/h61084/weights/chronos2
Terms: ['short', 'medium', 'long']
Covariate mode: none
Instance normalization: none
============================================================

--- Term: short ---
  Config: prediction_length=24, test_length=672, val_length=672
TIME run allocation action=recompute reuse_source=/scratch/users/h61084/codes/evaluating_tsfms/outputs/foundation_models/tasks/chronos2/multivariate reason=No completed reuse source has the expected identity and scientific configuration below /fslarge/scratch/users/h61084/codes/evaluating_tsfms/outputs/foundation_models/tasks/chronos2/multivariate
TIME run allocation action=skip run=/fslarge/scratch/users/h61084/codes/evaluating_tsfms/outputs/foundation_models/inference/chronos2/multivariate/current_velocity/H/short/run_0 source_launch=selena_20260926T154139Z_65000 launch_id=selena_channels_20260927T131553Z_36695 slurm_job_id=3584806 launched_at=2026-09-27T13:16:26.250344+00:00
TIME run allocation action=reuse run=/fslarge/scratch/users/h61084/codes/evaluating_tsfms/outputs/channels_comparison/tasks/multivariate/chronos2/multivariate/current_velocity/H/short/run_0 source=/fslarge/scratch/users/h61084/codes/evaluating_tsfms/outputs/foundation_models/tasks/chronos2/multivariate/current_velocity/H/short/run_0/manifest.json launch_id=selena_channels_20260927T131553Z_36695 slurm_job_id=3584806 reused_at=2026-09-27T13:16:26.431075+00:00
  Reused raw inference: /fslarge/scratch/users/h61084/codes/evaluating_tsfms/outputs/foundation_models/inference/chronos2/multivariate/current_velocity/H/short/run_0

--- Term: medium ---
  Config: prediction_length=168, test_length=672, val_length=672
TIME run allocation action=recompute reuse_source=/scratch/users/h61084/codes/evaluating_tsfms/outputs/foundation_models/tasks/chronos2/multivariate reason=No completed reuse source has the expected identity and scientific configuration below /fslarge/scratch/users/h61084/codes/evaluating_tsfms/outputs/foundation_models/tasks/chronos2/multivariate
TIME run allocation action=skip run=/fslarge/scratch/users/h61084/codes/evaluating_tsfms/outputs/foundation_models/inference/chronos2/multivariate/current_velocity/H/medium/run_0 source_launch=selena_20260926T154139Z_65000 launch_id=selena_channels_20260927T131553Z_36695 slurm_job_id=3584806 launched_at=2026-09-27T13:16:26.570452+00:00
TIME run allocation action=reuse run=/fslarge/scratch/users/h61084/codes/evaluating_tsfms/outputs/channels_comparison/tasks/multivariate/chronos2/multivariate/current_velocity/H/medium/run_0 source=/fslarge/scratch/users/h61084/codes/evaluating_tsfms/outputs/foundation_models/tasks/chronos2/multivariate/current_velocity/H/medium/run_0/manifest.json launch_id=selena_channels_20260927T131553Z_36695 slurm_job_id=3584806 reused_at=2026-09-27T13:16:26.718371+00:00
  Reused raw inference: /fslarge/scratch/users/h61084/codes/evaluating_tsfms/outputs/foundation_models/inference/chronos2/multivariate/current_velocity/H/medium/run_0

--- Term: long ---
  Config: prediction_length=336, test_length=672, val_length=672
TIME run allocation action=recompute reuse_source=/scratch/users/h61084/codes/evaluating_tsfms/outputs/foundation_models/tasks/chronos2/multivariate reason=No completed reuse source has the expected identity and scientific configuration below /fslarge/scratch/users/h61084/codes/evaluating_tsfms/outputs/foundation_models/tasks/chronos2/multivariate
TIME run allocation action=skip run=/fslarge/scratch/users/h61084/codes/evaluating_tsfms/outputs/foundation_models/inference/chronos2/multivariate/current_velocity/H/long/run_0 source_launch=selena_20260926T154139Z_65000 launch_id=selena_channels_20260927T131553Z_36695 slurm_job_id=3584806 launched_at=2026-09-27T13:16:26.858906+00:00
TIME run allocation action=reuse run=/fslarge/scratch/users/h61084/codes/evaluating_tsfms/outputs/channels_comparison/tasks/multivariate/chronos2/multivariate/current_velocity/H/long/run_0 source=/fslarge/scratch/users/h61084/codes/evaluating_tsfms/outputs/foundation_models/tasks/chronos2/multivariate/current_velocity/H/long/run_0/manifest.json launch_id=selena_channels_20260927T131553Z_36695 slurm_job_id=3584806 reused_at=2026-09-27T13:16:27.037698+00:00
  Reused raw inference: /fslarge/scratch/users/h61084/codes/evaluating_tsfms/outputs/foundation_models/inference/chronos2/multivariate/current_velocity/H/long/run_0

============================================================
All experiments completed!
Results saved to: /scratch/users/h61084/codes/evaluating_tsfms/outputs/channels_comparison/tasks/multivariate
============================================================

############################################################
# Dataset 7/38: Coastal_T_S/5T
############################################################
[2026-09-27 13:16:27 UTC] resources selected_device {"device": "cuda", "model": "chronos2", "stage": "forecast"}
Loading configuration...

============================================================
Dataset: Coastal_T_S/5T
Model: amazon/chronos-2
Checkpoint: /fslarge/scratch/users/h61084/weights/chronos2
Terms: ['short', 'medium', 'long']
Covariate mode: none
Instance normalization: none
============================================================

--- Term: short ---
  Config: prediction_length=36, test_length=4320, val_length=4320
TIME run allocation action=recompute reuse_source=/scratch/users/h61084/codes/evaluating_tsfms/outputs/foundation_models/tasks/chronos2/multivariate reason=No completed reuse source has the expected identity and scientific configuration below /fslarge/scratch/users/h61084/codes/evaluating_tsfms/outputs/foundation_models/tasks/chronos2/multivariate
TIME run allocation action=skip run=/fslarge/scratch/users/h61084/codes/evaluating_tsfms/outputs/foundation_models/inference/chronos2/multivariate/Coastal_T_S/5T/short/run_0 source_launch=selena_20260926T154139Z_65000 launch_id=selena_channels_20260927T131553Z_36695 slurm_job_id=3584806 launched_at=2026-09-27T13:16:27.229143+00:00
TIME run allocation action=reuse run=/fslarge/scratch/users/h61084/codes/evaluating_tsfms/outputs/channels_comparison/tasks/multivariate/chronos2/multivariate/Coastal_T_S/5T/short/run_0 source=/fslarge/scratch/users/h61084/codes/evaluating_tsfms/outputs/foundation_models/tasks/chronos2/multivariate/Coastal_T_S/5T/short/run_0/manifest.json launch_id=selena_channels_20260927T131553Z_36695 slurm_job_id=3584806 reused_at=2026-09-27T13:16:27.479010+00:00
  Reused raw inference: /fslarge/scratch/users/h61084/codes/evaluating_tsfms/outputs/foundation_models/inference/chronos2/multivariate/Coastal_T_S/5T/short/run_0

--- Term: medium ---
  Config: prediction_length=288, test_length=4320, val_length=4320
TIME run allocation action=recompute reuse_source=/scratch/users/h61084/codes/evaluating_tsfms/outputs/foundation_models/tasks/chronos2/multivariate reason=No completed reuse source has the expected identity and scientific configuration below /fslarge/scratch/users/h61084/codes/evaluating_tsfms/outputs/foundation_models/tasks/chronos2/multivariate
TIME run allocation action=skip run=/fslarge/scratch/users/h61084/codes/evaluating_tsfms/outputs/foundation_models/inference/chronos2/multivariate/Coastal_T_S/5T/medium/run_0 source_launch=selena_20260926T154139Z_65000 launch_id=selena_channels_20260927T131553Z_36695 slurm_job_id=3584806 launched_at=2026-09-27T13:16:27.656385+00:00
TIME run allocation action=reuse run=/fslarge/scratch/users/h61084/codes/evaluating_tsfms/outputs/channels_comparison/tasks/multivariate/chronos2/multivariate/Coastal_T_S/5T/medium/run_0 source=/fslarge/scratch/users/h61084/codes/evaluating_tsfms/outputs/foundation_models/tasks/chronos2/multivariate/Coastal_T_S/5T/medium/run_0/manifest.json launch_id=selena_channels_20260927T131553Z_36695 slurm_job_id=3584806 reused_at=2026-09-27T13:16:27.834498+00:00
  Reused raw inference: /fslarge/scratch/users/h61084/codes/evaluating_tsfms/outputs/foundation_models/inference/chronos2/multivariate/Coastal_T_S/5T/medium/run_0

--- Term: long ---
  Config: prediction_length=864, test_length=4320, val_length=4320
TIME run allocation action=recompute reuse_source=/scratch/users/h61084/codes/evaluating_tsfms/outputs/foundation_models/tasks/chronos2/multivariate reason=No completed reuse source has the expected identity and scientific configuration below /fslarge/scratch/users/h61084/codes/evaluating_tsfms/outputs/foundation_models/tasks/chronos2/multivariate
TIME run allocation action=skip run=/fslarge/scratch/users/h61084/codes/evaluating_tsfms/outputs/foundation_models/inference/chronos2/multivariate/Coastal_T_S/5T/long/run_0 source_launch=selena_20260926T154139Z_65000 launch_id=selena_channels_20260927T131553Z_36695 slurm_job_id=3584806 launched_at=2026-09-27T13:16:28.008228+00:00
TIME run allocation action=reuse run=/fslarge/scratch/users/h61084/codes/evaluating_tsfms/outputs/channels_comparison/tasks/multivariate/chronos2/multivariate/Coastal_T_S/5T/long/run_0 source=/fslarge/scratch/users/h61084/codes/evaluating_tsfms/outputs/foundation_models/tasks/chronos2/multivariate/Coastal_T_S/5T/long/run_0/manifest.json launch_id=selena_channels_20260927T131553Z_36695 slurm_job_id=3584806 reused_at=2026-09-27T13:16:28.277513+00:00
  Reused raw inference: /fslarge/scratch/users/h61084/codes/evaluating_tsfms/outputs/foundation_models/inference/chronos2/multivariate/Coastal_T_S/5T/long/run_0

============================================================
All experiments completed!
Results saved to: /scratch/users/h61084/codes/evaluating_tsfms/outputs/channels_comparison/tasks/multivariate
============================================================

############################################################
# Dataset 8/38: Coastal_T_S/15T
############################################################
[2026-09-27 13:16:28 UTC] resources selected_device {"device": "cuda", "model": "chronos2", "stage": "forecast"}
Loading configuration...

============================================================
Dataset: Coastal_T_S/15T
Model: amazon/chronos-2
Checkpoint: /fslarge/scratch/users/h61084/weights/chronos2
Terms: ['short', 'medium', 'long']
Covariate mode: none
Instance normalization: none
============================================================

--- Term: short ---
  Config: prediction_length=12, test_length=1440, val_length=1440
TIME run allocation action=recompute reuse_source=/scratch/users/h61084/codes/evaluating_tsfms/outputs/foundation_models/tasks/chronos2/multivariate reason=No completed reuse source has the expected identity and scientific configuration below /fslarge/scratch/users/h61084/codes/evaluating_tsfms/outputs/foundation_models/tasks/chronos2/multivariate
TIME run allocation action=skip run=/fslarge/scratch/users/h61084/codes/evaluating_tsfms/outputs/foundation_models/inference/chronos2/multivariate/Coastal_T_S/15T/short/run_0 source_launch=selena_20260926T154139Z_65000 launch_id=selena_channels_20260927T131553Z_36695 slurm_job_id=3584806 launched_at=2026-09-27T13:16:28.511860+00:00
TIME run allocation action=reuse run=/fslarge/scratch/users/h61084/codes/evaluating_tsfms/outputs/channels_comparison/tasks/multivariate/chronos2/multivariate/Coastal_T_S/15T/short/run_0 source=/fslarge/scratch/users/h61084/codes/evaluating_tsfms/outputs/foundation_models/tasks/chronos2/multivariate/Coastal_T_S/15T/short/run_0/manifest.json launch_id=selena_channels_20260927T131553Z_36695 slurm_job_id=3584806 reused_at=2026-09-27T13:16:28.652312+00:00
  Reused raw inference: /fslarge/scratch/users/h61084/codes/evaluating_tsfms/outputs/foundation_models/inference/chronos2/multivariate/Coastal_T_S/15T/short/run_0

--- Term: medium ---
  Config: prediction_length=96, test_length=1440, val_length=1440
TIME run allocation action=recompute reuse_source=/scratch/users/h61084/codes/evaluating_tsfms/outputs/foundation_models/tasks/chronos2/multivariate reason=No completed reuse source has the expected identity and scientific configuration below /fslarge/scratch/users/h61084/codes/evaluating_tsfms/outputs/foundation_models/tasks/chronos2/multivariate
TIME run allocation action=skip run=/fslarge/scratch/users/h61084/codes/evaluating_tsfms/outputs/foundation_models/inference/chronos2/multivariate/Coastal_T_S/15T/medium/run_0 source_launch=selena_20260926T154139Z_65000 launch_id=selena_channels_20260927T131553Z_36695 slurm_job_id=3584806 launched_at=2026-09-27T13:16:28.820371+00:00
TIME run allocation action=reuse run=/fslarge/scratch/users/h61084/codes/evaluating_tsfms/outputs/channels_comparison/tasks/multivariate/chronos2/multivariate/Coastal_T_S/15T/medium/run_0 source=/fslarge/scratch/users/h61084/codes/evaluating_tsfms/outputs/foundation_models/tasks/chronos2/multivariate/Coastal_T_S/15T/medium/run_0/manifest.json launch_id=selena_channels_20260927T131553Z_36695 slurm_job_id=3584806 reused_at=2026-09-27T13:16:28.985500+00:00
  Reused raw inference: /fslarge/scratch/users/h61084/codes/evaluating_tsfms/outputs/foundation_models/inference/chronos2/multivariate/Coastal_T_S/15T/medium/run_0

--- Term: long ---
  Config: prediction_length=288, test_length=1440, val_length=1440
TIME run allocation action=recompute reuse_source=/scratch/users/h61084/codes/evaluating_tsfms/outputs/foundation_models/tasks/chronos2/multivariate reason=No completed reuse source has the expected identity and scientific configuration below /fslarge/scratch/users/h61084/codes/evaluating_tsfms/outputs/foundation_models/tasks/chronos2/multivariate
TIME run allocation action=skip run=/fslarge/scratch/users/h61084/codes/evaluating_tsfms/outputs/foundation_models/inference/chronos2/multivariate/Coastal_T_S/15T/long/run_0 source_launch=selena_20260926T154139Z_65000 launch_id=selena_channels_20260927T131553Z_36695 slurm_job_id=3584806 launched_at=2026-09-27T13:16:29.128410+00:00
TIME run allocation action=reuse run=/fslarge/scratch/users/h61084/codes/evaluating_tsfms/outputs/channels_comparison/tasks/multivariate/chronos2/multivariate/Coastal_T_S/15T/long/run_0 source=/fslarge/scratch/users/h61084/codes/evaluating_tsfms/outputs/foundation_models/tasks/chronos2/multivariate/Coastal_T_S/15T/long/run_0/manifest.json launch_id=selena_channels_20260927T131553Z_36695 slurm_job_id=3584806 reused_at=2026-09-27T13:16:29.279046+00:00
  Reused raw inference: /fslarge/scratch/users/h61084/codes/evaluating_tsfms/outputs/foundation_models/inference/chronos2/multivariate/Coastal_T_S/15T/long/run_0

============================================================
All experiments completed!
Results saved to: /scratch/users/h61084/codes/evaluating_tsfms/outputs/channels_comparison/tasks/multivariate
============================================================

############################################################
# Dataset 9/38: Coastal_T_S/20T
############################################################
[2026-09-27 13:16:29 UTC] resources selected_device {"device": "cuda", "model": "chronos2", "stage": "forecast"}
Loading configuration...

============================================================
Dataset: Coastal_T_S/20T
Model: amazon/chronos-2
Checkpoint: /fslarge/scratch/users/h61084/weights/chronos2
Terms: ['short', 'medium', 'long']
Covariate mode: none
Instance normalization: none
============================================================

--- Term: short ---
  Config: prediction_length=9, test_length=1080, val_length=1080
TIME run allocation action=recompute reuse_source=/scratch/users/h61084/codes/evaluating_tsfms/outputs/foundation_models/tasks/chronos2/multivariate reason=No completed reuse source has the expected identity and scientific configuration below /fslarge/scratch/users/h61084/codes/evaluating_tsfms/outputs/foundation_models/tasks/chronos2/multivariate
TIME run allocation action=skip run=/fslarge/scratch/users/h61084/codes/evaluating_tsfms/outputs/foundation_models/inference/chronos2/multivariate/Coastal_T_S/20T/short/run_0 source_launch=selena_20260926T154139Z_65000 launch_id=selena_channels_20260927T131553Z_36695 slurm_job_id=3584806 launched_at=2026-09-27T13:16:29.433176+00:00
TIME run allocation action=reuse run=/fslarge/scratch/users/h61084/codes/evaluating_tsfms/outputs/channels_comparison/tasks/multivariate/chronos2/multivariate/Coastal_T_S/20T/short/run_0 source=/fslarge/scratch/users/h61084/codes/evaluating_tsfms/outputs/foundation_models/tasks/chronos2/multivariate/Coastal_T_S/20T/short/run_0/manifest.json launch_id=selena_channels_20260927T131553Z_36695 slurm_job_id=3584806 reused_at=2026-09-27T13:16:29.568881+00:00
  Reused raw inference: /fslarge/scratch/users/h61084/codes/evaluating_tsfms/outputs/foundation_models/inference/chronos2/multivariate/Coastal_T_S/20T/short/run_0

--- Term: medium ---
  Config: prediction_length=72, test_length=1080, val_length=1080
TIME run allocation action=recompute reuse_source=/scratch/users/h61084/codes/evaluating_tsfms/outputs/foundation_models/tasks/chronos2/multivariate reason=No completed reuse source has the expected identity and scientific configuration below /fslarge/scratch/users/h61084/codes/evaluating_tsfms/outputs/foundation_models/tasks/chronos2/multivariate
TIME run allocation action=skip run=/fslarge/scratch/users/h61084/codes/evaluating_tsfms/outputs/foundation_models/inference/chronos2/multivariate/Coastal_T_S/20T/medium/run_0 source_launch=selena_20260926T154139Z_65000 launch_id=selena_channels_20260927T131553Z_36695 slurm_job_id=3584806 launched_at=2026-09-27T13:16:29.709163+00:00
TIME run allocation action=reuse run=/fslarge/scratch/users/h61084/codes/evaluating_tsfms/outputs/channels_comparison/tasks/multivariate/chronos2/multivariate/Coastal_T_S/20T/medium/run_0 source=/fslarge/scratch/users/h61084/codes/evaluating_tsfms/outputs/foundation_models/tasks/chronos2/multivariate/Coastal_T_S/20T/medium/run_0/manifest.json launch_id=selena_channels_20260927T131553Z_36695 slurm_job_id=3584806 reused_at=2026-09-27T13:16:29.846791+00:00
  Reused raw inference: /fslarge/scratch/users/h61084/codes/evaluating_tsfms/outputs/foundation_models/inference/chronos2/multivariate/Coastal_T_S/20T/medium/run_0

--- Term: long ---
  Config: prediction_length=216, test_length=1080, val_length=1080
TIME run allocation action=recompute reuse_source=/scratch/users/h61084/codes/evaluating_tsfms/outputs/foundation_models/tasks/chronos2/multivariate reason=No completed reuse source has the expected identity and scientific configuration below /fslarge/scratch/users/h61084/codes/evaluating_tsfms/outputs/foundation_models/tasks/chronos2/multivariate
TIME run allocation action=skip run=/fslarge/scratch/users/h61084/codes/evaluating_tsfms/outputs/foundation_models/inference/chronos2/multivariate/Coastal_T_S/20T/long/run_0 source_launch=selena_20260926T154139Z_65000 launch_id=selena_channels_20260927T131553Z_36695 slurm_job_id=3584806 launched_at=2026-09-27T13:16:29.986875+00:00
TIME run allocation action=reuse run=/fslarge/scratch/users/h61084/codes/evaluating_tsfms/outputs/channels_comparison/tasks/multivariate/chronos2/multivariate/Coastal_T_S/20T/long/run_0 source=/fslarge/scratch/users/h61084/codes/evaluating_tsfms/outputs/foundation_models/tasks/chronos2/multivariate/Coastal_T_S/20T/long/run_0/manifest.json launch_id=selena_channels_20260927T131553Z_36695 slurm_job_id=3584806 reused_at=2026-09-27T13:16:30.138005+00:00
  Reused raw inference: /fslarge/scratch/users/h61084/codes/evaluating_tsfms/outputs/foundation_models/inference/chronos2/multivariate/Coastal_T_S/20T/long/run_0

============================================================
All experiments completed!
Results saved to: /scratch/users/h61084/codes/evaluating_tsfms/outputs/channels_comparison/tasks/multivariate
============================================================

############################################################
# Dataset 10/38: Coastal_T_S/H
############################################################
[2026-09-27 13:16:30 UTC] resources selected_device {"device": "cuda", "model": "chronos2", "stage": "forecast"}
Loading configuration...

============================================================
Dataset: Coastal_T_S/H
Model: amazon/chronos-2
Checkpoint: /fslarge/scratch/users/h61084/weights/chronos2
Terms: ['short', 'medium', 'long']
Covariate mode: none
Instance normalization: none
============================================================

--- Term: short ---
  Config: prediction_length=24, test_length=672, val_length=672
TIME run allocation action=recompute reuse_source=/scratch/users/h61084/codes/evaluating_tsfms/outputs/foundation_models/tasks/chronos2/multivariate reason=No completed reuse source has the expected identity and scientific configuration below /fslarge/scratch/users/h61084/codes/evaluating_tsfms/outputs/foundation_models/tasks/chronos2/multivariate
TIME run allocation action=skip run=/fslarge/scratch/users/h61084/codes/evaluating_tsfms/outputs/foundation_models/inference/chronos2/multivariate/Coastal_T_S/H/short/run_0 source_launch=selena_20260926T154139Z_65000 launch_id=selena_channels_20260927T131553Z_36695 slurm_job_id=3584806 launched_at=2026-09-27T13:16:30.421380+00:00
TIME run allocation action=reuse run=/fslarge/scratch/users/h61084/codes/evaluating_tsfms/outputs/channels_comparison/tasks/multivariate/chronos2/multivariate/Coastal_T_S/H/short/run_0 source=/fslarge/scratch/users/h61084/codes/evaluating_tsfms/outputs/foundation_models/tasks/chronos2/multivariate/Coastal_T_S/H/short/run_0/manifest.json launch_id=selena_channels_20260927T131553Z_36695 slurm_job_id=3584806 reused_at=2026-09-27T13:16:30.581900+00:00
  Reused raw inference: /fslarge/scratch/users/h61084/codes/evaluating_tsfms/outputs/foundation_models/inference/chronos2/multivariate/Coastal_T_S/H/short/run_0

--- Term: medium ---
  Config: prediction_length=168, test_length=672, val_length=672
TIME run allocation action=recompute reuse_source=/scratch/users/h61084/codes/evaluating_tsfms/outputs/foundation_models/tasks/chronos2/multivariate reason=No completed reuse source has the expected identity and scientific configuration below /fslarge/scratch/users/h61084/codes/evaluating_tsfms/outputs/foundation_models/tasks/chronos2/multivariate
TIME run allocation action=skip run=/fslarge/scratch/users/h61084/codes/evaluating_tsfms/outputs/foundation_models/inference/chronos2/multivariate/Coastal_T_S/H/medium/run_0 source_launch=selena_20260926T154139Z_65000 launch_id=selena_channels_20260927T131553Z_36695 slurm_job_id=3584806 launched_at=2026-09-27T13:16:30.720572+00:00
TIME run allocation action=reuse run=/fslarge/scratch/users/h61084/codes/evaluating_tsfms/outputs/channels_comparison/tasks/multivariate/chronos2/multivariate/Coastal_T_S/H/medium/run_0 source=/fslarge/scratch/users/h61084/codes/evaluating_tsfms/outputs/foundation_models/tasks/chronos2/multivariate/Coastal_T_S/H/medium/run_0/manifest.json launch_id=selena_channels_20260927T131553Z_36695 slurm_job_id=3584806 reused_at=2026-09-27T13:16:30.906609+00:00
  Reused raw inference: /fslarge/scratch/users/h61084/codes/evaluating_tsfms/outputs/foundation_models/inference/chronos2/multivariate/Coastal_T_S/H/medium/run_0

--- Term: long ---
  Config: prediction_length=336, test_length=672, val_length=672
TIME run allocation action=recompute reuse_source=/scratch/users/h61084/codes/evaluating_tsfms/outputs/foundation_models/tasks/chronos2/multivariate reason=No completed reuse source has the expected identity and scientific configuration below /fslarge/scratch/users/h61084/codes/evaluating_tsfms/outputs/foundation_models/tasks/chronos2/multivariate
TIME run allocation action=skip run=/fslarge/scratch/users/h61084/codes/evaluating_tsfms/outputs/foundation_models/inference/chronos2/multivariate/Coastal_T_S/H/long/run_0 source_launch=selena_20260926T154139Z_65000 launch_id=selena_channels_20260927T131553Z_36695 slurm_job_id=3584806 launched_at=2026-09-27T13:16:31.047707+00:00
TIME run allocation action=reuse run=/fslarge/scratch/users/h61084/codes/evaluating_tsfms/outputs/channels_comparison/tasks/multivariate/chronos2/multivariate/Coastal_T_S/H/long/run_0 source=/fslarge/scratch/users/h61084/codes/evaluating_tsfms/outputs/foundation_models/tasks/chronos2/multivariate/Coastal_T_S/H/long/run_0/manifest.json launch_id=selena_channels_20260927T131553Z_36695 slurm_job_id=3584806 reused_at=2026-09-27T13:16:31.238904+00:00
  Reused raw inference: /fslarge/scratch/users/h61084/codes/evaluating_tsfms/outputs/foundation_models/inference/chronos2/multivariate/Coastal_T_S/H/long/run_0

============================================================
All experiments completed!
Results saved to: /scratch/users/h61084/codes/evaluating_tsfms/outputs/channels_comparison/tasks/multivariate
============================================================

############################################################
# Dataset 11/38: SG_Weather/D
############################################################
[2026-09-27 13:16:31 UTC] resources selected_device {"device": "cuda", "model": "chronos2", "stage": "forecast"}
Loading configuration...

============================================================
Dataset: SG_Weather/D
Model: amazon/chronos-2
Checkpoint: /fslarge/scratch/users/h61084/weights/chronos2
Terms: ['short', 'medium', 'long']
Covariate mode: none
Instance normalization: none
============================================================

--- Term: short ---
  Config: prediction_length=3, test_length=366, val_length=366
TIME run allocation action=recompute reuse_source=/scratch/users/h61084/codes/evaluating_tsfms/outputs/foundation_models/tasks/chronos2/multivariate reason=No completed reuse source has the expected identity and scientific configuration below /fslarge/scratch/users/h61084/codes/evaluating_tsfms/outputs/foundation_models/tasks/chronos2/multivariate
TIME run allocation action=skip run=/fslarge/scratch/users/h61084/codes/evaluating_tsfms/outputs/foundation_models/inference/chronos2/multivariate/SG_Weather/D/short/run_0 source_launch=selena_20260926T154139Z_65000 launch_id=selena_channels_20260927T131553Z_36695 slurm_job_id=3584806 launched_at=2026-09-27T13:16:31.393119+00:00
TIME run allocation action=reuse run=/fslarge/scratch/users/h61084/codes/evaluating_tsfms/outputs/channels_comparison/tasks/multivariate/chronos2/multivariate/SG_Weather/D/short/run_0 source=/fslarge/scratch/users/h61084/codes/evaluating_tsfms/outputs/foundation_models/tasks/chronos2/multivariate/SG_Weather/D/short/run_0/manifest.json launch_id=selena_channels_20260927T131553Z_36695 slurm_job_id=3584806 reused_at=2026-09-27T13:16:31.532210+00:00
  Reused raw inference: /fslarge/scratch/users/h61084/codes/evaluating_tsfms/outputs/foundation_models/inference/chronos2/multivariate/SG_Weather/D/short/run_0

--- Term: medium ---
  Config: prediction_length=7, test_length=366, val_length=366
TIME run allocation action=recompute reuse_source=/scratch/users/h61084/codes/evaluating_tsfms/outputs/foundation_models/tasks/chronos2/multivariate reason=No completed reuse source has the expected identity and scientific configuration below /fslarge/scratch/users/h61084/codes/evaluating_tsfms/outputs/foundation_models/tasks/chronos2/multivariate
TIME run allocation action=skip run=/fslarge/scratch/users/h61084/codes/evaluating_tsfms/outputs/foundation_models/inference/chronos2/multivariate/SG_Weather/D/medium/run_0 source_launch=selena_20260926T154139Z_65000 launch_id=selena_channels_20260927T131553Z_36695 slurm_job_id=3584806 launched_at=2026-09-27T13:16:31.669536+00:00
TIME run allocation action=reuse run=/fslarge/scratch/users/h61084/codes/evaluating_tsfms/outputs/channels_comparison/tasks/multivariate/chronos2/multivariate/SG_Weather/D/medium/run_0 source=/fslarge/scratch/users/h61084/codes/evaluating_tsfms/outputs/foundation_models/tasks/chronos2/multivariate/SG_Weather/D/medium/run_0/manifest.json launch_id=selena_channels_20260927T131553Z_36695 slurm_job_id=3584806 reused_at=2026-09-27T13:16:31.806184+00:00
  Reused raw inference: /fslarge/scratch/users/h61084/codes/evaluating_tsfms/outputs/foundation_models/inference/chronos2/multivariate/SG_Weather/D/medium/run_0

--- Term: long ---
  Config: prediction_length=14, test_length=366, val_length=366
TIME run allocation action=recompute reuse_source=/scratch/users/h61084/codes/evaluating_tsfms/outputs/foundation_models/tasks/chronos2/multivariate reason=No completed reuse source has the expected identity and scientific configuration below /fslarge/scratch/users/h61084/codes/evaluating_tsfms/outputs/foundation_models/tasks/chronos2/multivariate
TIME run allocation action=skip run=/fslarge/scratch/users/h61084/codes/evaluating_tsfms/outputs/foundation_models/inference/chronos2/multivariate/SG_Weather/D/long/run_0 source_launch=selena_20260926T154139Z_65000 launch_id=selena_channels_20260927T131553Z_36695 slurm_job_id=3584806 launched_at=2026-09-27T13:16:31.944195+00:00
TIME run allocation action=reuse run=/fslarge/scratch/users/h61084/codes/evaluating_tsfms/outputs/channels_comparison/tasks/multivariate/chronos2/multivariate/SG_Weather/D/long/run_0 source=/fslarge/scratch/users/h61084/codes/evaluating_tsfms/outputs/foundation_models/tasks/chronos2/multivariate/SG_Weather/D/long/run_0/manifest.json launch_id=selena_channels_20260927T131553Z_36695 slurm_job_id=3584806 reused_at=2026-09-27T13:16:32.083144+00:00
  Reused raw inference: /fslarge/scratch/users/h61084/codes/evaluating_tsfms/outputs/foundation_models/inference/chronos2/multivariate/SG_Weather/D/long/run_0

============================================================
All experiments completed!
Results saved to: /scratch/users/h61084/codes/evaluating_tsfms/outputs/channels_comparison/tasks/multivariate
============================================================

############################################################
# Dataset 12/38: SG_PM25/H
############################################################
[2026-09-27 13:16:32 UTC] resources selected_device {"device": "cuda", "model": "chronos2", "stage": "forecast"}
Loading configuration...

============================================================
Dataset: SG_PM25/H
Model: amazon/chronos-2
Checkpoint: /fslarge/scratch/users/h61084/weights/chronos2
Terms: ['short', 'medium', 'long']
Covariate mode: none
Instance normalization: none
============================================================

--- Term: short ---
  Config: prediction_length=24, test_length=2208, val_length=2160
TIME run allocation action=recompute reuse_source=/scratch/users/h61084/codes/evaluating_tsfms/outputs/foundation_models/tasks/chronos2/multivariate reason=No completed reuse source has the expected identity and scientific configuration below /fslarge/scratch/users/h61084/codes/evaluating_tsfms/outputs/foundation_models/tasks/chronos2/multivariate
TIME run allocation action=skip run=/fslarge/scratch/users/h61084/codes/evaluating_tsfms/outputs/foundation_models/inference/chronos2/multivariate/SG_PM25/H/short/run_0 source_launch=selena_20260926T154139Z_65000 launch_id=selena_channels_20260927T131553Z_36695 slurm_job_id=3584806 launched_at=2026-09-27T13:16:32.258643+00:00
TIME run allocation action=reuse run=/fslarge/scratch/users/h61084/codes/evaluating_tsfms/outputs/channels_comparison/tasks/multivariate/chronos2/multivariate/SG_PM25/H/short/run_0 source=/fslarge/scratch/users/h61084/codes/evaluating_tsfms/outputs/foundation_models/tasks/chronos2/multivariate/SG_PM25/H/short/run_0/manifest.json launch_id=selena_channels_20260927T131553Z_36695 slurm_job_id=3584806 reused_at=2026-09-27T13:16:32.396042+00:00
  Reused raw inference: /fslarge/scratch/users/h61084/codes/evaluating_tsfms/outputs/foundation_models/inference/chronos2/multivariate/SG_PM25/H/short/run_0

--- Term: medium ---
  Config: prediction_length=72, test_length=2208, val_length=2160
TIME run allocation action=recompute reuse_source=/scratch/users/h61084/codes/evaluating_tsfms/outputs/foundation_models/tasks/chronos2/multivariate reason=No completed reuse source has the expected identity and scientific configuration below /fslarge/scratch/users/h61084/codes/evaluating_tsfms/outputs/foundation_models/tasks/chronos2/multivariate
TIME run allocation action=skip run=/fslarge/scratch/users/h61084/codes/evaluating_tsfms/outputs/foundation_models/inference/chronos2/multivariate/SG_PM25/H/medium/run_0 source_launch=selena_20260926T154139Z_65000 launch_id=selena_channels_20260927T131553Z_36695 slurm_job_id=3584806 launched_at=2026-09-27T13:16:32.554505+00:00
TIME run allocation action=reuse run=/fslarge/scratch/users/h61084/codes/evaluating_tsfms/outputs/channels_comparison/tasks/multivariate/chronos2/multivariate/SG_PM25/H/medium/run_0 source=/fslarge/scratch/users/h61084/codes/evaluating_tsfms/outputs/foundation_models/tasks/chronos2/multivariate/SG_PM25/H/medium/run_0/manifest.json launch_id=selena_channels_20260927T131553Z_36695 slurm_job_id=3584806 reused_at=2026-09-27T13:16:32.693454+00:00
  Reused raw inference: /fslarge/scratch/users/h61084/codes/evaluating_tsfms/outputs/foundation_models/inference/chronos2/multivariate/SG_PM25/H/medium/run_0

--- Term: long ---
  Config: prediction_length=168, test_length=2208, val_length=2160
TIME run allocation action=recompute reuse_source=/scratch/users/h61084/codes/evaluating_tsfms/outputs/foundation_models/tasks/chronos2/multivariate reason=No completed reuse source has the expected identity and scientific configuration below /fslarge/scratch/users/h61084/codes/evaluating_tsfms/outputs/foundation_models/tasks/chronos2/multivariate
TIME run allocation action=skip run=/fslarge/scratch/users/h61084/codes/evaluating_tsfms/outputs/foundation_models/inference/chronos2/multivariate/SG_PM25/H/long/run_0 source_launch=selena_20260926T154139Z_65000 launch_id=selena_channels_20260927T131553Z_36695 slurm_job_id=3584806 launched_at=2026-09-27T13:16:32.849834+00:00
TIME run allocation action=reuse run=/fslarge/scratch/users/h61084/codes/evaluating_tsfms/outputs/channels_comparison/tasks/multivariate/chronos2/multivariate/SG_PM25/H/long/run_0 source=/fslarge/scratch/users/h61084/codes/evaluating_tsfms/outputs/foundation_models/tasks/chronos2/multivariate/SG_PM25/H/long/run_0/manifest.json launch_id=selena_channels_20260927T131553Z_36695 slurm_job_id=3584806 reused_at=2026-09-27T13:16:32.990357+00:00
  Reused raw inference: /fslarge/scratch/users/h61084/codes/evaluating_tsfms/outputs/foundation_models/inference/chronos2/multivariate/SG_PM25/H/long/run_0

============================================================
All experiments completed!
Results saved to: /scratch/users/h61084/codes/evaluating_tsfms/outputs/channels_comparison/tasks/multivariate
============================================================

############################################################
# Dataset 13/38: NE_China_Wind/H
############################################################
[2026-09-27 13:16:32 UTC] resources selected_device {"device": "cuda", "model": "chronos2", "stage": "forecast"}
Loading configuration...

============================================================
Dataset: NE_China_Wind/H
Model: amazon/chronos-2
Checkpoint: /fslarge/scratch/users/h61084/weights/chronos2
Terms: ['short', 'medium', 'long']
Covariate mode: none
Instance normalization: none
============================================================

--- Term: short ---
  Config: prediction_length=24, test_length=720, val_length=720
TIME run allocation action=recompute reuse_source=/scratch/users/h61084/codes/evaluating_tsfms/outputs/foundation_models/tasks/chronos2/multivariate reason=No completed reuse source has the expected identity and scientific configuration below /fslarge/scratch/users/h61084/codes/evaluating_tsfms/outputs/foundation_models/tasks/chronos2/multivariate
TIME run allocation action=skip run=/fslarge/scratch/users/h61084/codes/evaluating_tsfms/outputs/foundation_models/inference/chronos2/multivariate/NE_China_Wind/H/short/run_0 source_launch=selena_20260926T154139Z_65000 launch_id=selena_channels_20260927T131553Z_36695 slurm_job_id=3584806 launched_at=2026-09-27T13:16:33.146281+00:00
TIME run allocation action=reuse run=/fslarge/scratch/users/h61084/codes/evaluating_tsfms/outputs/channels_comparison/tasks/multivariate/chronos2/multivariate/NE_China_Wind/H/short/run_0 source=/fslarge/scratch/users/h61084/codes/evaluating_tsfms/outputs/foundation_models/tasks/chronos2/multivariate/NE_China_Wind/H/short/run_0/manifest.json launch_id=selena_channels_20260927T131553Z_36695 slurm_job_id=3584806 reused_at=2026-09-27T13:16:33.282107+00:00
  Reused raw inference: /fslarge/scratch/users/h61084/codes/evaluating_tsfms/outputs/foundation_models/inference/chronos2/multivariate/NE_China_Wind/H/short/run_0

--- Term: medium ---
  Config: prediction_length=72, test_length=720, val_length=720
TIME run allocation action=recompute reuse_source=/scratch/users/h61084/codes/evaluating_tsfms/outputs/foundation_models/tasks/chronos2/multivariate reason=No completed reuse source has the expected identity and scientific configuration below /fslarge/scratch/users/h61084/codes/evaluating_tsfms/outputs/foundation_models/tasks/chronos2/multivariate
TIME run allocation action=skip run=/fslarge/scratch/users/h61084/codes/evaluating_tsfms/outputs/foundation_models/inference/chronos2/multivariate/NE_China_Wind/H/medium/run_0 source_launch=selena_20260926T154139Z_65000 launch_id=selena_channels_20260927T131553Z_36695 slurm_job_id=3584806 launched_at=2026-09-27T13:16:33.421410+00:00
TIME run allocation action=reuse run=/fslarge/scratch/users/h61084/codes/evaluating_tsfms/outputs/channels_comparison/tasks/multivariate/chronos2/multivariate/NE_China_Wind/H/medium/run_0 source=/fslarge/scratch/users/h61084/codes/evaluating_tsfms/outputs/foundation_models/tasks/chronos2/multivariate/NE_China_Wind/H/medium/run_0/manifest.json launch_id=selena_channels_20260927T131553Z_36695 slurm_job_id=3584806 reused_at=2026-09-27T13:16:33.558713+00:00
  Reused raw inference: /fslarge/scratch/users/h61084/codes/evaluating_tsfms/outputs/foundation_models/inference/chronos2/multivariate/NE_China_Wind/H/medium/run_0

--- Term: long ---
  Config: prediction_length=168, test_length=720, val_length=720
TIME run allocation action=recompute reuse_source=/scratch/users/h61084/codes/evaluating_tsfms/outputs/foundation_models/tasks/chronos2/multivariate reason=No completed reuse source has the expected identity and scientific configuration below /fslarge/scratch/users/h61084/codes/evaluating_tsfms/outputs/foundation_models/tasks/chronos2/multivariate
TIME run allocation action=skip run=/fslarge/scratch/users/h61084/codes/evaluating_tsfms/outputs/foundation_models/inference/chronos2/multivariate/NE_China_Wind/H/long/run_0 source_launch=selena_20260926T154139Z_65000 launch_id=selena_channels_20260927T131553Z_36695 slurm_job_id=3584806 launched_at=2026-09-27T13:16:33.722158+00:00
TIME run allocation action=reuse run=/fslarge/scratch/users/h61084/codes/evaluating_tsfms/outputs/channels_comparison/tasks/multivariate/chronos2/multivariate/NE_China_Wind/H/long/run_0 source=/fslarge/scratch/users/h61084/codes/evaluating_tsfms/outputs/foundation_models/tasks/chronos2/multivariate/NE_China_Wind/H/long/run_0/manifest.json launch_id=selena_channels_20260927T131553Z_36695 slurm_job_id=3584806 reused_at=2026-09-27T13:16:33.859932+00:00
  Reused raw inference: /fslarge/scratch/users/h61084/codes/evaluating_tsfms/outputs/foundation_models/inference/chronos2/multivariate/NE_China_Wind/H/long/run_0

============================================================
All experiments completed!
Results saved to: /scratch/users/h61084/codes/evaluating_tsfms/outputs/channels_comparison/tasks/multivariate
============================================================

############################################################
# Dataset 14/38: Australia_Solar/H
############################################################
[2026-09-27 13:16:33 UTC] resources selected_device {"device": "cuda", "model": "chronos2", "stage": "forecast"}
Loading configuration...

============================================================
Dataset: Australia_Solar/H
Model: amazon/chronos-2
Checkpoint: /fslarge/scratch/users/h61084/weights/chronos2
Terms: ['short', 'medium', 'long']
Covariate mode: none
Instance normalization: none
============================================================

--- Term: short ---
  Config: prediction_length=24, test_length=2520, val_length=2520
TIME run allocation action=recompute reuse_source=/scratch/users/h61084/codes/evaluating_tsfms/outputs/foundation_models/tasks/chronos2/multivariate reason=No completed reuse source has the expected identity and scientific configuration below /fslarge/scratch/users/h61084/codes/evaluating_tsfms/outputs/foundation_models/tasks/chronos2/multivariate
TIME run allocation action=skip run=/fslarge/scratch/users/h61084/codes/evaluating_tsfms/outputs/foundation_models/inference/chronos2/multivariate/Australia_Solar/H/short/run_0 source_launch=selena_20260926T154139Z_65000 launch_id=selena_channels_20260927T131553Z_36695 slurm_job_id=3584806 launched_at=2026-09-27T13:16:34.022687+00:00
TIME run allocation action=reuse run=/fslarge/scratch/users/h61084/codes/evaluating_tsfms/outputs/channels_comparison/tasks/multivariate/chronos2/multivariate/Australia_Solar/H/short/run_0 source=/fslarge/scratch/users/h61084/codes/evaluating_tsfms/outputs/foundation_models/tasks/chronos2/multivariate/Australia_Solar/H/short/run_0/manifest.json launch_id=selena_channels_20260927T131553Z_36695 slurm_job_id=3584806 reused_at=2026-09-27T13:16:34.160926+00:00
  Reused raw inference: /fslarge/scratch/users/h61084/codes/evaluating_tsfms/outputs/foundation_models/inference/chronos2/multivariate/Australia_Solar/H/short/run_0

--- Term: medium ---
  Config: prediction_length=72, test_length=2520, val_length=2520
TIME run allocation action=recompute reuse_source=/scratch/users/h61084/codes/evaluating_tsfms/outputs/foundation_models/tasks/chronos2/multivariate reason=No completed reuse source has the expected identity and scientific configuration below /fslarge/scratch/users/h61084/codes/evaluating_tsfms/outputs/foundation_models/tasks/chronos2/multivariate
TIME run allocation action=skip run=/fslarge/scratch/users/h61084/codes/evaluating_tsfms/outputs/foundation_models/inference/chronos2/multivariate/Australia_Solar/H/medium/run_0 source_launch=selena_20260926T154139Z_65000 launch_id=selena_channels_20260927T131553Z_36695 slurm_job_id=3584806 launched_at=2026-09-27T13:16:34.307672+00:00
TIME run allocation action=reuse run=/fslarge/scratch/users/h61084/codes/evaluating_tsfms/outputs/channels_comparison/tasks/multivariate/chronos2/multivariate/Australia_Solar/H/medium/run_0 source=/fslarge/scratch/users/h61084/codes/evaluating_tsfms/outputs/foundation_models/tasks/chronos2/multivariate/Australia_Solar/H/medium/run_0/manifest.json launch_id=selena_channels_20260927T131553Z_36695 slurm_job_id=3584806 reused_at=2026-09-27T13:16:34.445983+00:00
  Reused raw inference: /fslarge/scratch/users/h61084/codes/evaluating_tsfms/outputs/foundation_models/inference/chronos2/multivariate/Australia_Solar/H/medium/run_0

--- Term: long ---
  Config: prediction_length=168, test_length=2520, val_length=2520
TIME run allocation action=recompute reuse_source=/scratch/users/h61084/codes/evaluating_tsfms/outputs/foundation_models/tasks/chronos2/multivariate reason=No completed reuse source has the expected identity and scientific configuration below /fslarge/scratch/users/h61084/codes/evaluating_tsfms/outputs/foundation_models/tasks/chronos2/multivariate
TIME run allocation action=skip run=/fslarge/scratch/users/h61084/codes/evaluating_tsfms/outputs/foundation_models/inference/chronos2/multivariate/Australia_Solar/H/long/run_0 source_launch=selena_20260926T154139Z_65000 launch_id=selena_channels_20260927T131553Z_36695 slurm_job_id=3584806 launched_at=2026-09-27T13:16:34.596712+00:00
TIME run allocation action=reuse run=/fslarge/scratch/users/h61084/codes/evaluating_tsfms/outputs/channels_comparison/tasks/multivariate/chronos2/multivariate/Australia_Solar/H/long/run_0 source=/fslarge/scratch/users/h61084/codes/evaluating_tsfms/outputs/foundation_models/tasks/chronos2/multivariate/Australia_Solar/H/long/run_0/manifest.json launch_id=selena_channels_20260927T131553Z_36695 slurm_job_id=3584806 reused_at=2026-09-27T13:16:34.734619+00:00
  Reused raw inference: /fslarge/scratch/users/h61084/codes/evaluating_tsfms/outputs/foundation_models/inference/chronos2/multivariate/Australia_Solar/H/long/run_0

============================================================
All experiments completed!
Results saved to: /scratch/users/h61084/codes/evaluating_tsfms/outputs/channels_comparison/tasks/multivariate
============================================================

############################################################
# Dataset 15/38: OpenElectricity_NEM/5T
############################################################
[2026-09-27 13:16:34 UTC] resources selected_device {"device": "cuda", "model": "chronos2", "stage": "forecast"}
Loading configuration...

============================================================
Dataset: OpenElectricity_NEM/5T
Model: amazon/chronos-2
Checkpoint: /fslarge/scratch/users/h61084/weights/chronos2
Terms: ['short', 'medium', 'long']
Covariate mode: none
Instance normalization: none
============================================================

--- Term: short ---
  Config: prediction_length=24, test_length=4032, val_length=4032
TIME run allocation action=recompute reuse_source=/scratch/users/h61084/codes/evaluating_tsfms/outputs/foundation_models/tasks/chronos2/multivariate reason=No completed reuse source has the expected identity and scientific configuration below /fslarge/scratch/users/h61084/codes/evaluating_tsfms/outputs/foundation_models/tasks/chronos2/multivariate
TIME run allocation action=skip run=/fslarge/scratch/users/h61084/codes/evaluating_tsfms/outputs/foundation_models/inference/chronos2/multivariate/OpenElectricity_NEM/5T/short/run_0 source_launch=selena_20260926T154139Z_65000 launch_id=selena_channels_20260927T131553Z_36695 slurm_job_id=3584806 launched_at=2026-09-27T13:16:34.943232+00:00
TIME run allocation action=reuse run=/fslarge/scratch/users/h61084/codes/evaluating_tsfms/outputs/channels_comparison/tasks/multivariate/chronos2/multivariate/OpenElectricity_NEM/5T/short/run_0 source=/fslarge/scratch/users/h61084/codes/evaluating_tsfms/outputs/foundation_models/tasks/chronos2/multivariate/OpenElectricity_NEM/5T/short/run_0/manifest.json launch_id=selena_channels_20260927T131553Z_36695 slurm_job_id=3584806 reused_at=2026-09-27T13:16:35.110744+00:00
  Reused raw inference: /fslarge/scratch/users/h61084/codes/evaluating_tsfms/outputs/foundation_models/inference/chronos2/multivariate/OpenElectricity_NEM/5T/short/run_0

--- Term: medium ---
  Config: prediction_length=96, test_length=4032, val_length=4032
TIME run allocation action=recompute reuse_source=/scratch/users/h61084/codes/evaluating_tsfms/outputs/foundation_models/tasks/chronos2/multivariate reason=No completed reuse source has the expected identity and scientific configuration below /fslarge/scratch/users/h61084/codes/evaluating_tsfms/outputs/foundation_models/tasks/chronos2/multivariate
TIME run allocation action=skip run=/fslarge/scratch/users/h61084/codes/evaluating_tsfms/outputs/foundation_models/inference/chronos2/multivariate/OpenElectricity_NEM/5T/medium/run_0 source_launch=selena_20260926T154139Z_65000 launch_id=selena_channels_20260927T131553Z_36695 slurm_job_id=3584806 launched_at=2026-09-27T13:16:35.301664+00:00
TIME run allocation action=reuse run=/fslarge/scratch/users/h61084/codes/evaluating_tsfms/outputs/channels_comparison/tasks/multivariate/chronos2/multivariate/OpenElectricity_NEM/5T/medium/run_0 source=/fslarge/scratch/users/h61084/codes/evaluating_tsfms/outputs/foundation_models/tasks/chronos2/multivariate/OpenElectricity_NEM/5T/medium/run_0/manifest.json launch_id=selena_channels_20260927T131553Z_36695 slurm_job_id=3584806 reused_at=2026-09-27T13:16:35.465245+00:00
  Reused raw inference: /fslarge/scratch/users/h61084/codes/evaluating_tsfms/outputs/foundation_models/inference/chronos2/multivariate/OpenElectricity_NEM/5T/medium/run_0

--- Term: long ---
  Config: prediction_length=288, test_length=4032, val_length=4032
TIME run allocation action=recompute reuse_source=/scratch/users/h61084/codes/evaluating_tsfms/outputs/foundation_models/tasks/chronos2/multivariate reason=No completed reuse source has the expected identity and scientific configuration below /fslarge/scratch/users/h61084/codes/evaluating_tsfms/outputs/foundation_models/tasks/chronos2/multivariate
TIME run allocation action=skip run=/fslarge/scratch/users/h61084/codes/evaluating_tsfms/outputs/foundation_models/inference/chronos2/multivariate/OpenElectricity_NEM/5T/long/run_0 source_launch=selena_20260926T154139Z_65000 launch_id=selena_channels_20260927T131553Z_36695 slurm_job_id=3584806 launched_at=2026-09-27T13:16:35.653716+00:00
TIME run allocation action=reuse run=/fslarge/scratch/users/h61084/codes/evaluating_tsfms/outputs/channels_comparison/tasks/multivariate/chronos2/multivariate/OpenElectricity_NEM/5T/long/run_0 source=/fslarge/scratch/users/h61084/codes/evaluating_tsfms/outputs/foundation_models/tasks/chronos2/multivariate/OpenElectricity_NEM/5T/long/run_0/manifest.json launch_id=selena_channels_20260927T131553Z_36695 slurm_job_id=3584806 reused_at=2026-09-27T13:16:35.800062+00:00
  Reused raw inference: /fslarge/scratch/users/h61084/codes/evaluating_tsfms/outputs/foundation_models/inference/chronos2/multivariate/OpenElectricity_NEM/5T/long/run_0

============================================================
All experiments completed!
Results saved to: /scratch/users/h61084/codes/evaluating_tsfms/outputs/channels_comparison/tasks/multivariate
============================================================

############################################################
# Dataset 16/38: EWELD_Load/15T
############################################################
[2026-09-27 13:16:35 UTC] resources selected_device {"device": "cuda", "model": "chronos2", "stage": "forecast"}
Loading configuration...

============================================================
Dataset: EWELD_Load/15T
Model: amazon/chronos-2
Checkpoint: /fslarge/scratch/users/h61084/weights/chronos2
Terms: ['short', 'medium', 'long']
Covariate mode: none
Instance normalization: none
============================================================

--- Term: short ---
  Config: prediction_length=24, test_length=1344, val_length=1344
TIME run allocation action=recompute reuse_source=/scratch/users/h61084/codes/evaluating_tsfms/outputs/foundation_models/tasks/chronos2/multivariate reason=No completed reuse source has the expected identity and scientific configuration below /fslarge/scratch/users/h61084/codes/evaluating_tsfms/outputs/foundation_models/tasks/chronos2/multivariate
TIME run allocation action=skip run=/fslarge/scratch/users/h61084/codes/evaluating_tsfms/outputs/foundation_models/inference/chronos2/multivariate/EWELD_Load/15T/short/run_0 source_launch=selena_20260926T154139Z_65000 launch_id=selena_channels_20260927T131553Z_36695 slurm_job_id=3584806 launched_at=2026-09-27T13:16:35.977263+00:00
TIME run allocation action=reuse run=/fslarge/scratch/users/h61084/codes/evaluating_tsfms/outputs/channels_comparison/tasks/multivariate/chronos2/multivariate/EWELD_Load/15T/short/run_0 source=/fslarge/scratch/users/h61084/codes/evaluating_tsfms/outputs/foundation_models/tasks/chronos2/multivariate/EWELD_Load/15T/short/run_0/manifest.json launch_id=selena_channels_20260927T131553Z_36695 slurm_job_id=3584806 reused_at=2026-09-27T13:16:36.117986+00:00
  Reused raw inference: /fslarge/scratch/users/h61084/codes/evaluating_tsfms/outputs/foundation_models/inference/chronos2/multivariate/EWELD_Load/15T/short/run_0

--- Term: medium ---
  Config: prediction_length=96, test_length=1344, val_length=1344
TIME run allocation action=recompute reuse_source=/scratch/users/h61084/codes/evaluating_tsfms/outputs/foundation_models/tasks/chronos2/multivariate reason=No completed reuse source has the expected identity and scientific configuration below /fslarge/scratch/users/h61084/codes/evaluating_tsfms/outputs/foundation_models/tasks/chronos2/multivariate
TIME run allocation action=skip run=/fslarge/scratch/users/h61084/codes/evaluating_tsfms/outputs/foundation_models/inference/chronos2/multivariate/EWELD_Load/15T/medium/run_0 source_launch=selena_20260926T154139Z_65000 launch_id=selena_channels_20260927T131553Z_36695 slurm_job_id=3584806 launched_at=2026-09-27T13:16:36.282515+00:00
TIME run allocation action=reuse run=/fslarge/scratch/users/h61084/codes/evaluating_tsfms/outputs/channels_comparison/tasks/multivariate/chronos2/multivariate/EWELD_Load/15T/medium/run_0 source=/fslarge/scratch/users/h61084/codes/evaluating_tsfms/outputs/foundation_models/tasks/chronos2/multivariate/EWELD_Load/15T/medium/run_0/manifest.json launch_id=selena_channels_20260927T131553Z_36695 slurm_job_id=3584806 reused_at=2026-09-27T13:16:36.421915+00:00
  Reused raw inference: /fslarge/scratch/users/h61084/codes/evaluating_tsfms/outputs/foundation_models/inference/chronos2/multivariate/EWELD_Load/15T/medium/run_0

--- Term: long ---
  Config: prediction_length=672, test_length=1344, val_length=1344
TIME run allocation action=recompute reuse_source=/scratch/users/h61084/codes/evaluating_tsfms/outputs/foundation_models/tasks/chronos2/multivariate reason=No completed reuse source has the expected identity and scientific configuration below /fslarge/scratch/users/h61084/codes/evaluating_tsfms/outputs/foundation_models/tasks/chronos2/multivariate
TIME run allocation action=skip run=/fslarge/scratch/users/h61084/codes/evaluating_tsfms/outputs/foundation_models/inference/chronos2/multivariate/EWELD_Load/15T/long/run_0 source_launch=selena_20260926T154139Z_65000 launch_id=selena_channels_20260927T131553Z_36695 slurm_job_id=3584806 launched_at=2026-09-27T13:16:36.581222+00:00
TIME run allocation action=reuse run=/fslarge/scratch/users/h61084/codes/evaluating_tsfms/outputs/channels_comparison/tasks/multivariate/chronos2/multivariate/EWELD_Load/15T/long/run_0 source=/fslarge/scratch/users/h61084/codes/evaluating_tsfms/outputs/foundation_models/tasks/chronos2/multivariate/EWELD_Load/15T/long/run_0/manifest.json launch_id=selena_channels_20260927T131553Z_36695 slurm_job_id=3584806 reused_at=2026-09-27T13:16:36.720252+00:00
  Reused raw inference: /fslarge/scratch/users/h61084/codes/evaluating_tsfms/outputs/foundation_models/inference/chronos2/multivariate/EWELD_Load/15T/long/run_0

============================================================
All experiments completed!
Results saved to: /scratch/users/h61084/codes/evaluating_tsfms/outputs/channels_comparison/tasks/multivariate
============================================================

############################################################
# Dataset 17/38: Port_Activity/D
############################################################
[2026-09-27 13:16:36 UTC] resources selected_device {"device": "cuda", "model": "chronos2", "stage": "forecast"}
Loading configuration...

============================================================
Dataset: Port_Activity/D
Model: amazon/chronos-2
Checkpoint: /fslarge/scratch/users/h61084/weights/chronos2
Terms: ['short']
Covariate mode: none
Instance normalization: none
============================================================

--- Term: short ---
  Config: prediction_length=30, test_length=365, val_length=90
TIME run allocation action=recompute reuse_source=/scratch/users/h61084/codes/evaluating_tsfms/outputs/foundation_models/tasks/chronos2/multivariate reason=No completed reuse source has the expected identity and scientific configuration below /fslarge/scratch/users/h61084/codes/evaluating_tsfms/outputs/foundation_models/tasks/chronos2/multivariate
TIME run allocation action=skip run=/fslarge/scratch/users/h61084/codes/evaluating_tsfms/outputs/foundation_models/inference/chronos2/multivariate/Port_Activity/D/short/run_0 source_launch=selena_20260926T154139Z_65000 launch_id=selena_channels_20260927T131553Z_36695 slurm_job_id=3584806 launched_at=2026-09-27T13:16:36.881935+00:00
TIME run allocation action=reuse run=/fslarge/scratch/users/h61084/codes/evaluating_tsfms/outputs/channels_comparison/tasks/multivariate/chronos2/multivariate/Port_Activity/D/short/run_0 source=/fslarge/scratch/users/h61084/codes/evaluating_tsfms/outputs/foundation_models/tasks/chronos2/multivariate/Port_Activity/D/short/run_0/manifest.json launch_id=selena_channels_20260927T131553Z_36695 slurm_job_id=3584806 reused_at=2026-09-27T13:16:37.053248+00:00
  Reused raw inference: /fslarge/scratch/users/h61084/codes/evaluating_tsfms/outputs/foundation_models/inference/chronos2/multivariate/Port_Activity/D/short/run_0

============================================================
All experiments completed!
Results saved to: /scratch/users/h61084/codes/evaluating_tsfms/outputs/channels_comparison/tasks/multivariate
============================================================

############################################################
# Dataset 18/38: Port_Activity/W
############################################################
[2026-09-27 13:16:37 UTC] resources selected_device {"device": "cuda", "model": "chronos2", "stage": "forecast"}
Loading configuration...

============================================================
Dataset: Port_Activity/W
Model: amazon/chronos-2
Checkpoint: /fslarge/scratch/users/h61084/weights/chronos2
Terms: ['short']
Covariate mode: none
Instance normalization: none
============================================================

--- Term: short ---
  Config: prediction_length=13, test_length=52, val_length=13
TIME run allocation action=recompute reuse_source=/scratch/users/h61084/codes/evaluating_tsfms/outputs/foundation_models/tasks/chronos2/multivariate reason=No completed reuse source has the expected identity and scientific configuration below /fslarge/scratch/users/h61084/codes/evaluating_tsfms/outputs/foundation_models/tasks/chronos2/multivariate
TIME run allocation action=skip run=/fslarge/scratch/users/h61084/codes/evaluating_tsfms/outputs/foundation_models/inference/chronos2/multivariate/Port_Activity/W/short/run_0 source_launch=selena_20260926T154139Z_65000 launch_id=selena_channels_20260927T131553Z_36695 slurm_job_id=3584806 launched_at=2026-09-27T13:16:37.221853+00:00
TIME run allocation action=reuse run=/fslarge/scratch/users/h61084/codes/evaluating_tsfms/outputs/channels_comparison/tasks/multivariate/chronos2/multivariate/Port_Activity/W/short/run_0 source=/fslarge/scratch/users/h61084/codes/evaluating_tsfms/outputs/foundation_models/tasks/chronos2/multivariate/Port_Activity/W/short/run_0/manifest.json launch_id=selena_channels_20260927T131553Z_36695 slurm_job_id=3584806 reused_at=2026-09-27T13:16:37.358727+00:00
  Reused raw inference: /fslarge/scratch/users/h61084/codes/evaluating_tsfms/outputs/foundation_models/inference/chronos2/multivariate/Port_Activity/W/short/run_0

============================================================
All experiments completed!
Results saved to: /scratch/users/h61084/codes/evaluating_tsfms/outputs/channels_comparison/tasks/multivariate
============================================================

############################################################
# Dataset 19/38: Global_Influenza/W
############################################################
[2026-09-27 13:16:37 UTC] resources selected_device {"device": "cuda", "model": "chronos2", "stage": "forecast"}
Loading configuration...

============================================================
Dataset: Global_Influenza/W
Model: amazon/chronos-2
Checkpoint: /fslarge/scratch/users/h61084/weights/chronos2
Terms: ['short']
Covariate mode: none
Instance normalization: none
============================================================

--- Term: short ---
  Config: prediction_length=13, test_length=52, val_length=13
TIME run allocation action=recompute reuse_source=/scratch/users/h61084/codes/evaluating_tsfms/outputs/foundation_models/tasks/chronos2/multivariate reason=No completed reuse source has the expected identity and scientific configuration below /fslarge/scratch/users/h61084/codes/evaluating_tsfms/outputs/foundation_models/tasks/chronos2/multivariate
TIME run allocation action=skip run=/fslarge/scratch/users/h61084/codes/evaluating_tsfms/outputs/foundation_models/inference/chronos2/multivariate/Global_Influenza/W/short/run_0 source_launch=selena_20260926T154139Z_65000 launch_id=selena_channels_20260927T131553Z_36695 slurm_job_id=3584806 launched_at=2026-09-27T13:16:37.509371+00:00
TIME run allocation action=reuse run=/fslarge/scratch/users/h61084/codes/evaluating_tsfms/outputs/channels_comparison/tasks/multivariate/chronos2/multivariate/Global_Influenza/W/short/run_0 source=/fslarge/scratch/users/h61084/codes/evaluating_tsfms/outputs/foundation_models/tasks/chronos2/multivariate/Global_Influenza/W/short/run_0/manifest.json launch_id=selena_channels_20260927T131553Z_36695 slurm_job_id=3584806 reused_at=2026-09-27T13:16:37.646892+00:00
  Reused raw inference: /fslarge/scratch/users/h61084/codes/evaluating_tsfms/outputs/foundation_models/inference/chronos2/multivariate/Global_Influenza/W/short/run_0

============================================================
All experiments completed!
Results saved to: /scratch/users/h61084/codes/evaluating_tsfms/outputs/channels_comparison/tasks/multivariate
============================================================

############################################################
# Dataset 20/38: Crypto/D
############################################################
[2026-09-27 13:16:37 UTC] resources selected_device {"device": "cuda", "model": "chronos2", "stage": "forecast"}
Loading configuration...

============================================================
Dataset: Crypto/D
Model: amazon/chronos-2
Checkpoint: /fslarge/scratch/users/h61084/weights/chronos2
Terms: ['short']
Covariate mode: none
Instance normalization: none
============================================================

--- Term: short ---
  Config: prediction_length=30, test_length=273, val_length=92
TIME run allocation action=recompute reuse_source=/scratch/users/h61084/codes/evaluating_tsfms/outputs/foundation_models/tasks/chronos2/multivariate reason=No completed reuse source has the expected identity and scientific configuration below /fslarge/scratch/users/h61084/codes/evaluating_tsfms/outputs/foundation_models/tasks/chronos2/multivariate
TIME run allocation action=skip run=/fslarge/scratch/users/h61084/codes/evaluating_tsfms/outputs/foundation_models/inference/chronos2/multivariate/Crypto/D/short/run_0 source_launch=selena_20260926T154139Z_65000 launch_id=selena_channels_20260927T131553Z_36695 slurm_job_id=3584806 launched_at=2026-09-27T13:16:37.799534+00:00
TIME run allocation action=reuse run=/fslarge/scratch/users/h61084/codes/evaluating_tsfms/outputs/channels_comparison/tasks/multivariate/chronos2/multivariate/Crypto/D/short/run_0 source=/fslarge/scratch/users/h61084/codes/evaluating_tsfms/outputs/foundation_models/tasks/chronos2/multivariate/Crypto/D/short/run_0/manifest.json launch_id=selena_channels_20260927T131553Z_36695 slurm_job_id=3584806 reused_at=2026-09-27T13:16:37.937434+00:00
  Reused raw inference: /fslarge/scratch/users/h61084/codes/evaluating_tsfms/outputs/foundation_models/inference/chronos2/multivariate/Crypto/D/short/run_0

============================================================
All experiments completed!
Results saved to: /scratch/users/h61084/codes/evaluating_tsfms/outputs/channels_comparison/tasks/multivariate
============================================================

############################################################
# Dataset 21/38: US_Term_Structure/B
############################################################
[2026-09-27 13:16:37 UTC] resources selected_device {"device": "cuda", "model": "chronos2", "stage": "forecast"}
Loading configuration...

============================================================
Dataset: US_Term_Structure/B
Model: amazon/chronos-2
Checkpoint: /fslarge/scratch/users/h61084/weights/chronos2
Terms: ['short']
Covariate mode: none
Instance normalization: none
============================================================

--- Term: short ---
  Config: prediction_length=20, test_length=717, val_length=100
TIME run allocation action=recompute reuse_source=/scratch/users/h61084/codes/evaluating_tsfms/outputs/foundation_models/tasks/chronos2/multivariate reason=No completed reuse source has the expected identity and scientific configuration below /fslarge/scratch/users/h61084/codes/evaluating_tsfms/outputs/foundation_models/tasks/chronos2/multivariate
TIME run allocation action=skip run=/fslarge/scratch/users/h61084/codes/evaluating_tsfms/outputs/foundation_models/inference/chronos2/multivariate/US_Term_Structure/B/short/run_0 source_launch=selena_20260926T154139Z_65000 launch_id=selena_channels_20260927T131553Z_36695 slurm_job_id=3584806 launched_at=2026-09-27T13:16:38.137813+00:00
TIME run allocation action=reuse run=/fslarge/scratch/users/h61084/codes/evaluating_tsfms/outputs/channels_comparison/tasks/multivariate/chronos2/multivariate/US_Term_Structure/B/short/run_0 source=/fslarge/scratch/users/h61084/codes/evaluating_tsfms/outputs/foundation_models/tasks/chronos2/multivariate/US_Term_Structure/B/short/run_0/manifest.json launch_id=selena_channels_20260927T131553Z_36695 slurm_job_id=3584806 reused_at=2026-09-27T13:16:38.304101+00:00
  Reused raw inference: /fslarge/scratch/users/h61084/codes/evaluating_tsfms/outputs/foundation_models/inference/chronos2/multivariate/US_Term_Structure/B/short/run_0

============================================================
All experiments completed!
Results saved to: /scratch/users/h61084/codes/evaluating_tsfms/outputs/channels_comparison/tasks/multivariate
============================================================

############################################################
# Dataset 22/38: Oil_Price/B
############################################################
[2026-09-27 13:16:38 UTC] resources selected_device {"device": "cuda", "model": "chronos2", "stage": "forecast"}
Loading configuration...

============================================================
Dataset: Oil_Price/B
Model: amazon/chronos-2
Checkpoint: /fslarge/scratch/users/h61084/weights/chronos2
Terms: ['short']
Covariate mode: none
Instance normalization: none
============================================================

--- Term: short ---
  Config: prediction_length=20, test_length=717, val_length=100
TIME run allocation action=recompute reuse_source=/scratch/users/h61084/codes/evaluating_tsfms/outputs/foundation_models/tasks/chronos2/multivariate reason=No completed reuse source has the expected identity and scientific configuration below /fslarge/scratch/users/h61084/codes/evaluating_tsfms/outputs/foundation_models/tasks/chronos2/multivariate
TIME run allocation action=skip run=/fslarge/scratch/users/h61084/codes/evaluating_tsfms/outputs/foundation_models/inference/chronos2/multivariate/Oil_Price/B/short/run_0 source_launch=selena_20260926T154139Z_65000 launch_id=selena_channels_20260927T131553Z_36695 slurm_job_id=3584806 launched_at=2026-09-27T13:16:38.460140+00:00
TIME run allocation action=reuse run=/fslarge/scratch/users/h61084/codes/evaluating_tsfms/outputs/channels_comparison/tasks/multivariate/chronos2/multivariate/Oil_Price/B/short/run_0 source=/fslarge/scratch/users/h61084/codes/evaluating_tsfms/outputs/foundation_models/tasks/chronos2/multivariate/Oil_Price/B/short/run_0/manifest.json launch_id=selena_channels_20260927T131553Z_36695 slurm_job_id=3584806 reused_at=2026-09-27T13:16:38.598385+00:00
  Reused raw inference: /fslarge/scratch/users/h61084/codes/evaluating_tsfms/outputs/foundation_models/inference/chronos2/multivariate/Oil_Price/B/short/run_0

============================================================
All experiments completed!
Results saved to: /scratch/users/h61084/codes/evaluating_tsfms/outputs/channels_comparison/tasks/multivariate
============================================================

############################################################
# Dataset 23/38: Job_Claims/W
############################################################
[2026-09-27 13:16:38 UTC] resources selected_device {"device": "cuda", "model": "chronos2", "stage": "forecast"}
Loading configuration...

============================================================
Dataset: Job_Claims/W
Model: amazon/chronos-2
Checkpoint: /fslarge/scratch/users/h61084/weights/chronos2
Terms: ['short']
Covariate mode: none
Instance normalization: none
============================================================

--- Term: short ---
  Config: prediction_length=13, test_length=52, val_length=13
TIME run allocation action=recompute reuse_source=/scratch/users/h61084/codes/evaluating_tsfms/outputs/foundation_models/tasks/chronos2/multivariate reason=No completed reuse source has the expected identity and scientific configuration below /fslarge/scratch/users/h61084/codes/evaluating_tsfms/outputs/foundation_models/tasks/chronos2/multivariate
TIME run allocation action=skip run=/fslarge/scratch/users/h61084/codes/evaluating_tsfms/outputs/foundation_models/inference/chronos2/multivariate/Job_Claims/W/short/run_0 source_launch=selena_20260926T154139Z_65000 launch_id=selena_channels_20260927T131553Z_36695 slurm_job_id=3584806 launched_at=2026-09-27T13:16:38.753659+00:00
TIME run allocation action=reuse run=/fslarge/scratch/users/h61084/codes/evaluating_tsfms/outputs/channels_comparison/tasks/multivariate/chronos2/multivariate/Job_Claims/W/short/run_0 source=/fslarge/scratch/users/h61084/codes/evaluating_tsfms/outputs/foundation_models/tasks/chronos2/multivariate/Job_Claims/W/short/run_0/manifest.json launch_id=selena_channels_20260927T131553Z_36695 slurm_job_id=3584806 reused_at=2026-09-27T13:16:38.891740+00:00
  Reused raw inference: /fslarge/scratch/users/h61084/codes/evaluating_tsfms/outputs/foundation_models/inference/chronos2/multivariate/Job_Claims/W/short/run_0

============================================================
All experiments completed!
Results saved to: /scratch/users/h61084/codes/evaluating_tsfms/outputs/channels_comparison/tasks/multivariate
============================================================

############################################################
# Dataset 24/38: Uncertainty_1M/M
############################################################
[2026-09-27 13:16:38 UTC] resources selected_device {"device": "cuda", "model": "chronos2", "stage": "forecast"}
Loading configuration...

============================================================
Dataset: Uncertainty_1M/M
Model: amazon/chronos-2
Checkpoint: /fslarge/scratch/users/h61084/weights/chronos2
Terms: ['short']
Covariate mode: none
Instance normalization: none
============================================================

--- Term: short ---
  Config: prediction_length=6, test_length=42, val_length=18
TIME run allocation action=recompute reuse_source=/scratch/users/h61084/codes/evaluating_tsfms/outputs/foundation_models/tasks/chronos2/multivariate reason=No completed reuse source has the expected identity and scientific configuration below /fslarge/scratch/users/h61084/codes/evaluating_tsfms/outputs/foundation_models/tasks/chronos2/multivariate
TIME run allocation action=skip run=/fslarge/scratch/users/h61084/codes/evaluating_tsfms/outputs/foundation_models/inference/chronos2/multivariate/Uncertainty_1M/M/short/run_0 source_launch=selena_20260926T154139Z_65000 launch_id=selena_channels_20260927T131553Z_36695 slurm_job_id=3584806 launched_at=2026-09-27T13:16:39.042552+00:00
TIME run allocation action=reuse run=/fslarge/scratch/users/h61084/codes/evaluating_tsfms/outputs/channels_comparison/tasks/multivariate/chronos2/multivariate/Uncertainty_1M/M/short/run_0 source=/fslarge/scratch/users/h61084/codes/evaluating_tsfms/outputs/foundation_models/tasks/chronos2/multivariate/Uncertainty_1M/M/short/run_0/manifest.json launch_id=selena_channels_20260927T131553Z_36695 slurm_job_id=3584806 reused_at=2026-09-27T13:16:39.177156+00:00
  Reused raw inference: /fslarge/scratch/users/h61084/codes/evaluating_tsfms/outputs/foundation_models/inference/chronos2/multivariate/Uncertainty_1M/M/short/run_0

============================================================
All experiments completed!
Results saved to: /scratch/users/h61084/codes/evaluating_tsfms/outputs/channels_comparison/tasks/multivariate
============================================================

############################################################
# Dataset 25/38: Housing_Inventory/M
############################################################
[2026-09-27 13:16:39 UTC] resources selected_device {"device": "cuda", "model": "chronos2", "stage": "forecast"}
Loading configuration...

============================================================
Dataset: Housing_Inventory/M
Model: amazon/chronos-2
Checkpoint: /fslarge/scratch/users/h61084/weights/chronos2
Terms: ['short']
Covariate mode: none
Instance normalization: none
============================================================

--- Term: short ---
  Config: prediction_length=12, test_length=36, val_length=12
TIME run allocation action=recompute reuse_source=/scratch/users/h61084/codes/evaluating_tsfms/outputs/foundation_models/tasks/chronos2/multivariate reason=No completed reuse source has the expected identity and scientific configuration below /fslarge/scratch/users/h61084/codes/evaluating_tsfms/outputs/foundation_models/tasks/chronos2/multivariate
TIME run allocation action=skip run=/fslarge/scratch/users/h61084/codes/evaluating_tsfms/outputs/foundation_models/inference/chronos2/multivariate/Housing_Inventory/M/short/run_0 source_launch=selena_20260926T154139Z_65000 launch_id=selena_channels_20260927T131553Z_36695 slurm_job_id=3584806 launched_at=2026-09-27T13:16:39.328008+00:00
TIME run allocation action=reuse run=/fslarge/scratch/users/h61084/codes/evaluating_tsfms/outputs/channels_comparison/tasks/multivariate/chronos2/multivariate/Housing_Inventory/M/short/run_0 source=/fslarge/scratch/users/h61084/codes/evaluating_tsfms/outputs/foundation_models/tasks/chronos2/multivariate/Housing_Inventory/M/short/run_0/manifest.json launch_id=selena_channels_20260927T131553Z_36695 slurm_job_id=3584806 reused_at=2026-09-27T13:16:39.463828+00:00
  Reused raw inference: /fslarge/scratch/users/h61084/codes/evaluating_tsfms/outputs/foundation_models/inference/chronos2/multivariate/Housing_Inventory/M/short/run_0

============================================================
All experiments completed!
Results saved to: /scratch/users/h61084/codes/evaluating_tsfms/outputs/channels_comparison/tasks/multivariate
============================================================

############################################################
# Dataset 26/38: JOLTS/M
############################################################
[2026-09-27 13:16:39 UTC] resources selected_device {"device": "cuda", "model": "chronos2", "stage": "forecast"}
Loading configuration...

============================================================
Dataset: JOLTS/M
Model: amazon/chronos-2
Checkpoint: /fslarge/scratch/users/h61084/weights/chronos2
Terms: ['short']
Covariate mode: none
Instance normalization: none
============================================================

--- Term: short ---
  Config: prediction_length=12, test_length=60, val_length=12
TIME run allocation action=recompute reuse_source=/scratch/users/h61084/codes/evaluating_tsfms/outputs/foundation_models/tasks/chronos2/multivariate reason=No completed reuse source has the expected identity and scientific configuration below /fslarge/scratch/users/h61084/codes/evaluating_tsfms/outputs/foundation_models/tasks/chronos2/multivariate
TIME run allocation action=skip run=/fslarge/scratch/users/h61084/codes/evaluating_tsfms/outputs/foundation_models/inference/chronos2/multivariate/JOLTS/M/short/run_0 source_launch=selena_20260926T154139Z_65000 launch_id=selena_channels_20260927T131553Z_36695 slurm_job_id=3584806 launched_at=2026-09-27T13:16:39.614173+00:00
TIME run allocation action=reuse run=/fslarge/scratch/users/h61084/codes/evaluating_tsfms/outputs/channels_comparison/tasks/multivariate/chronos2/multivariate/JOLTS/M/short/run_0 source=/fslarge/scratch/users/h61084/codes/evaluating_tsfms/outputs/foundation_models/tasks/chronos2/multivariate/JOLTS/M/short/run_0/manifest.json launch_id=selena_channels_20260927T131553Z_36695 slurm_job_id=3584806 reused_at=2026-09-27T13:16:39.749719+00:00
  Reused raw inference: /fslarge/scratch/users/h61084/codes/evaluating_tsfms/outputs/foundation_models/inference/chronos2/multivariate/JOLTS/M/short/run_0

============================================================
All experiments completed!
Results saved to: /scratch/users/h61084/codes/evaluating_tsfms/outputs/channels_comparison/tasks/multivariate
============================================================

############################################################
# Dataset 27/38: US_Labor/M
############################################################
[2026-09-27 13:16:39 UTC] resources selected_device {"device": "cuda", "model": "chronos2", "stage": "forecast"}
Loading configuration...

============================================================
Dataset: US_Labor/M
Model: amazon/chronos-2
Checkpoint: /fslarge/scratch/users/h61084/weights/chronos2
Terms: ['short']
Covariate mode: none
Instance normalization: none
============================================================

--- Term: short ---
  Config: prediction_length=12, test_length=60, val_length=12
TIME run allocation action=recompute reuse_source=/scratch/users/h61084/codes/evaluating_tsfms/outputs/foundation_models/tasks/chronos2/multivariate reason=No completed reuse source has the expected identity and scientific configuration below /fslarge/scratch/users/h61084/codes/evaluating_tsfms/outputs/foundation_models/tasks/chronos2/multivariate
TIME run allocation action=skip run=/fslarge/scratch/users/h61084/codes/evaluating_tsfms/outputs/foundation_models/inference/chronos2/multivariate/US_Labor/M/short/run_0 source_launch=selena_20260926T154139Z_65000 launch_id=selena_channels_20260927T131553Z_36695 slurm_job_id=3584806 launched_at=2026-09-27T13:16:39.901356+00:00
TIME run allocation action=reuse run=/fslarge/scratch/users/h61084/codes/evaluating_tsfms/outputs/channels_comparison/tasks/multivariate/chronos2/multivariate/US_Labor/M/short/run_0 source=/fslarge/scratch/users/h61084/codes/evaluating_tsfms/outputs/foundation_models/tasks/chronos2/multivariate/US_Labor/M/short/run_0/manifest.json launch_id=selena_channels_20260927T131553Z_36695 slurm_job_id=3584806 reused_at=2026-09-27T13:16:40.039548+00:00
  Reused raw inference: /fslarge/scratch/users/h61084/codes/evaluating_tsfms/outputs/foundation_models/inference/chronos2/multivariate/US_Labor/M/short/run_0

============================================================
All experiments completed!
Results saved to: /scratch/users/h61084/codes/evaluating_tsfms/outputs/channels_comparison/tasks/multivariate
============================================================

############################################################
# Dataset 28/38: Vehicle_Supply/M
############################################################
[2026-09-27 13:16:40 UTC] resources selected_device {"device": "cuda", "model": "chronos2", "stage": "forecast"}
Loading configuration...

============================================================
Dataset: Vehicle_Supply/M
Model: amazon/chronos-2
Checkpoint: /fslarge/scratch/users/h61084/weights/chronos2
Terms: ['short']
Covariate mode: none
Instance normalization: none
============================================================

--- Term: short ---
  Config: prediction_length=12, test_length=60, val_length=12
TIME run allocation action=recompute reuse_source=/scratch/users/h61084/codes/evaluating_tsfms/outputs/foundation_models/tasks/chronos2/multivariate reason=No completed reuse source has the expected identity and scientific configuration below /fslarge/scratch/users/h61084/codes/evaluating_tsfms/outputs/foundation_models/tasks/chronos2/multivariate
TIME run allocation action=skip run=/fslarge/scratch/users/h61084/codes/evaluating_tsfms/outputs/foundation_models/inference/chronos2/multivariate/Vehicle_Supply/M/short/run_0 source_launch=selena_20260926T154139Z_65000 launch_id=selena_channels_20260927T131553Z_36695 slurm_job_id=3584806 launched_at=2026-09-27T13:16:40.190844+00:00
TIME run allocation action=reuse run=/fslarge/scratch/users/h61084/codes/evaluating_tsfms/outputs/channels_comparison/tasks/multivariate/chronos2/multivariate/Vehicle_Supply/M/short/run_0 source=/fslarge/scratch/users/h61084/codes/evaluating_tsfms/outputs/foundation_models/tasks/chronos2/multivariate/Vehicle_Supply/M/short/run_0/manifest.json launch_id=selena_channels_20260927T131553Z_36695 slurm_job_id=3584806 reused_at=2026-09-27T13:16:40.326399+00:00
  Reused raw inference: /fslarge/scratch/users/h61084/codes/evaluating_tsfms/outputs/foundation_models/inference/chronos2/multivariate/Vehicle_Supply/M/short/run_0

============================================================
All experiments completed!
Results saved to: /scratch/users/h61084/codes/evaluating_tsfms/outputs/channels_comparison/tasks/multivariate
============================================================

############################################################
# Dataset 29/38: WUI_Global/Q
############################################################
[2026-09-27 13:16:40 UTC] resources selected_device {"device": "cuda", "model": "chronos2", "stage": "forecast"}
Loading configuration...

============================================================
Dataset: WUI_Global/Q
Model: amazon/chronos-2
Checkpoint: /fslarge/scratch/users/h61084/weights/chronos2
Terms: ['short']
Covariate mode: none
Instance normalization: none
============================================================

--- Term: short ---
  Config: prediction_length=4, test_length=20, val_length=20
TIME run allocation action=recompute reuse_source=/scratch/users/h61084/codes/evaluating_tsfms/outputs/foundation_models/tasks/chronos2/multivariate reason=No completed reuse source has the expected identity and scientific configuration below /fslarge/scratch/users/h61084/codes/evaluating_tsfms/outputs/foundation_models/tasks/chronos2/multivariate
TIME run allocation action=skip run=/fslarge/scratch/users/h61084/codes/evaluating_tsfms/outputs/foundation_models/inference/chronos2/multivariate/WUI_Global/Q/short/run_0 source_launch=selena_20260926T154139Z_65000 launch_id=selena_channels_20260927T131553Z_36695 slurm_job_id=3584806 launched_at=2026-09-27T13:16:40.475885+00:00
TIME run allocation action=reuse run=/fslarge/scratch/users/h61084/codes/evaluating_tsfms/outputs/channels_comparison/tasks/multivariate/chronos2/multivariate/WUI_Global/Q/short/run_0 source=/fslarge/scratch/users/h61084/codes/evaluating_tsfms/outputs/foundation_models/tasks/chronos2/multivariate/WUI_Global/Q/short/run_0/manifest.json launch_id=selena_channels_20260927T131553Z_36695 slurm_job_id=3584806 reused_at=2026-09-27T13:16:40.612626+00:00
  Reused raw inference: /fslarge/scratch/users/h61084/codes/evaluating_tsfms/outputs/foundation_models/inference/chronos2/multivariate/WUI_Global/Q/short/run_0

============================================================
All experiments completed!
Results saved to: /scratch/users/h61084/codes/evaluating_tsfms/outputs/channels_comparison/tasks/multivariate
============================================================

############################################################
# Dataset 30/38: Global_Price/Q
############################################################
[2026-09-27 13:16:40 UTC] resources selected_device {"device": "cuda", "model": "chronos2", "stage": "forecast"}
Loading configuration...

============================================================
Dataset: Global_Price/Q
Model: amazon/chronos-2
Checkpoint: /fslarge/scratch/users/h61084/weights/chronos2
Terms: ['short']
Covariate mode: none
Instance normalization: none
============================================================

--- Term: short ---
  Config: prediction_length=4, test_length=20, val_length=8
TIME run allocation action=recompute reuse_source=/scratch/users/h61084/codes/evaluating_tsfms/outputs/foundation_models/tasks/chronos2/multivariate reason=No completed reuse source has the expected identity and scientific configuration below /fslarge/scratch/users/h61084/codes/evaluating_tsfms/outputs/foundation_models/tasks/chronos2/multivariate
TIME run allocation action=skip run=/fslarge/scratch/users/h61084/codes/evaluating_tsfms/outputs/foundation_models/inference/chronos2/multivariate/Global_Price/Q/short/run_0 source_launch=selena_20260926T154139Z_65000 launch_id=selena_channels_20260927T131553Z_36695 slurm_job_id=3584806 launched_at=2026-09-27T13:16:40.762174+00:00
TIME run allocation action=reuse run=/fslarge/scratch/users/h61084/codes/evaluating_tsfms/outputs/channels_comparison/tasks/multivariate/chronos2/multivariate/Global_Price/Q/short/run_0 source=/fslarge/scratch/users/h61084/codes/evaluating_tsfms/outputs/foundation_models/tasks/chronos2/multivariate/Global_Price/Q/short/run_0/manifest.json launch_id=selena_channels_20260927T131553Z_36695 slurm_job_id=3584806 reused_at=2026-09-27T13:16:40.898741+00:00
  Reused raw inference: /fslarge/scratch/users/h61084/codes/evaluating_tsfms/outputs/foundation_models/inference/chronos2/multivariate/Global_Price/Q/short/run_0

============================================================
All experiments completed!
Results saved to: /scratch/users/h61084/codes/evaluating_tsfms/outputs/channels_comparison/tasks/multivariate
============================================================

############################################################
# Dataset 31/38: Vehicle_Sales/M
############################################################
[2026-09-27 13:16:40 UTC] resources selected_device {"device": "cuda", "model": "chronos2", "stage": "forecast"}
Loading configuration...

============================================================
Dataset: Vehicle_Sales/M
Model: amazon/chronos-2
Checkpoint: /fslarge/scratch/users/h61084/weights/chronos2
Terms: ['short']
Covariate mode: none
Instance normalization: none
============================================================

--- Term: short ---
  Config: prediction_length=12, test_length=60, val_length=12
TIME run allocation action=recompute reuse_source=/scratch/users/h61084/codes/evaluating_tsfms/outputs/foundation_models/tasks/chronos2/multivariate reason=No completed reuse source has the expected identity and scientific configuration below /fslarge/scratch/users/h61084/codes/evaluating_tsfms/outputs/foundation_models/tasks/chronos2/multivariate
TIME run allocation action=skip run=/fslarge/scratch/users/h61084/codes/evaluating_tsfms/outputs/foundation_models/inference/chronos2/multivariate/Vehicle_Sales/M/short/run_0 source_launch=selena_20260926T154139Z_65000 launch_id=selena_channels_20260927T131553Z_36695 slurm_job_id=3584806 launched_at=2026-09-27T13:16:41.048609+00:00
TIME run allocation action=reuse run=/fslarge/scratch/users/h61084/codes/evaluating_tsfms/outputs/channels_comparison/tasks/multivariate/chronos2/multivariate/Vehicle_Sales/M/short/run_0 source=/fslarge/scratch/users/h61084/codes/evaluating_tsfms/outputs/foundation_models/tasks/chronos2/multivariate/Vehicle_Sales/M/short/run_0/manifest.json launch_id=selena_channels_20260927T131553Z_36695 slurm_job_id=3584806 reused_at=2026-09-27T13:16:41.207237+00:00
  Reused raw inference: /fslarge/scratch/users/h61084/codes/evaluating_tsfms/outputs/foundation_models/inference/chronos2/multivariate/Vehicle_Sales/M/short/run_0

============================================================
All experiments completed!
Results saved to: /scratch/users/h61084/codes/evaluating_tsfms/outputs/channels_comparison/tasks/multivariate
============================================================

############################################################
# Dataset 32/38: Supply_Chain_Customer/D
############################################################
[2026-09-27 13:16:41 UTC] resources selected_device {"device": "cuda", "model": "chronos2", "stage": "forecast"}
Loading configuration...

============================================================
Dataset: Supply_Chain_Customer/D
Model: amazon/chronos-2
Checkpoint: /fslarge/scratch/users/h61084/weights/chronos2
Terms: ['short']
Covariate mode: none
Instance normalization: none
============================================================

--- Term: short ---
  Config: prediction_length=30, test_length=365, val_length=90
TIME run allocation action=recompute reuse_source=/scratch/users/h61084/codes/evaluating_tsfms/outputs/foundation_models/tasks/chronos2/multivariate reason=No completed reuse source has the expected identity and scientific configuration below /fslarge/scratch/users/h61084/codes/evaluating_tsfms/outputs/foundation_models/tasks/chronos2/multivariate
TIME run allocation action=skip run=/fslarge/scratch/users/h61084/codes/evaluating_tsfms/outputs/foundation_models/inference/chronos2/multivariate/Supply_Chain_Customer/D/short/run_0 source_launch=selena_20260926T154139Z_65000 launch_id=selena_channels_20260927T131553Z_36695 slurm_job_id=3584806 launched_at=2026-09-27T13:16:41.365344+00:00
TIME run allocation action=reuse run=/fslarge/scratch/users/h61084/codes/evaluating_tsfms/outputs/channels_comparison/tasks/multivariate/chronos2/multivariate/Supply_Chain_Customer/D/short/run_0 source=/fslarge/scratch/users/h61084/codes/evaluating_tsfms/outputs/foundation_models/tasks/chronos2/multivariate/Supply_Chain_Customer/D/short/run_0/manifest.json launch_id=selena_channels_20260927T131553Z_36695 slurm_job_id=3584806 reused_at=2026-09-27T13:16:41.503715+00:00
  Reused raw inference: /fslarge/scratch/users/h61084/codes/evaluating_tsfms/outputs/foundation_models/inference/chronos2/multivariate/Supply_Chain_Customer/D/short/run_0

============================================================
All experiments completed!
Results saved to: /scratch/users/h61084/codes/evaluating_tsfms/outputs/channels_comparison/tasks/multivariate
============================================================

############################################################
# Dataset 33/38: Supply_Chain_Location/D
############################################################
[2026-09-27 13:16:41 UTC] resources selected_device {"device": "cuda", "model": "chronos2", "stage": "forecast"}
Loading configuration...

============================================================
Dataset: Supply_Chain_Location/D
Model: amazon/chronos-2
Checkpoint: /fslarge/scratch/users/h61084/weights/chronos2
Terms: ['short']
Covariate mode: none
Instance normalization: none
============================================================

--- Term: short ---
  Config: prediction_length=30, test_length=365, val_length=90
TIME run allocation action=recompute reuse_source=/scratch/users/h61084/codes/evaluating_tsfms/outputs/foundation_models/tasks/chronos2/multivariate reason=No completed reuse source has the expected identity and scientific configuration below /fslarge/scratch/users/h61084/codes/evaluating_tsfms/outputs/foundation_models/tasks/chronos2/multivariate
TIME run allocation action=skip run=/fslarge/scratch/users/h61084/codes/evaluating_tsfms/outputs/foundation_models/inference/chronos2/multivariate/Supply_Chain_Location/D/short/run_0 source_launch=selena_20260926T154139Z_65000 launch_id=selena_channels_20260927T131553Z_36695 slurm_job_id=3584806 launched_at=2026-09-27T13:16:41.662652+00:00
TIME run allocation action=reuse run=/fslarge/scratch/users/h61084/codes/evaluating_tsfms/outputs/channels_comparison/tasks/multivariate/chronos2/multivariate/Supply_Chain_Location/D/short/run_0 source=/fslarge/scratch/users/h61084/codes/evaluating_tsfms/outputs/foundation_models/tasks/chronos2/multivariate/Supply_Chain_Location/D/short/run_0/manifest.json launch_id=selena_channels_20260927T131553Z_36695 slurm_job_id=3584806 reused_at=2026-09-27T13:16:41.812408+00:00
  Reused raw inference: /fslarge/scratch/users/h61084/codes/evaluating_tsfms/outputs/foundation_models/inference/chronos2/multivariate/Supply_Chain_Location/D/short/run_0

============================================================
All experiments completed!
Results saved to: /scratch/users/h61084/codes/evaluating_tsfms/outputs/channels_comparison/tasks/multivariate
============================================================

############################################################
# Dataset 34/38: azure2019_D/5T
############################################################
[2026-09-27 13:16:41 UTC] resources selected_device {"device": "cuda", "model": "chronos2", "stage": "forecast"}
Loading configuration...

============================================================
Dataset: azure2019_D/5T
Model: amazon/chronos-2
Checkpoint: /fslarge/scratch/users/h61084/weights/chronos2
Terms: ['short']
Covariate mode: none
Instance normalization: none
============================================================

--- Term: short ---
  Config: prediction_length=288, test_length=864, val_length=864
TIME run allocation action=recompute reuse_source=/scratch/users/h61084/codes/evaluating_tsfms/outputs/foundation_models/tasks/chronos2/multivariate reason=No completed reuse source has the expected identity and scientific configuration below /fslarge/scratch/users/h61084/codes/evaluating_tsfms/outputs/foundation_models/tasks/chronos2/multivariate
TIME run allocation action=skip run=/fslarge/scratch/users/h61084/codes/evaluating_tsfms/outputs/foundation_models/inference/chronos2/multivariate/azure2019_D/5T/short/run_0 source_launch=selena_20260926T154139Z_65000 launch_id=selena_channels_20260927T131553Z_36695 slurm_job_id=3584806 launched_at=2026-09-27T13:16:42.552893+00:00
TIME run allocation action=reuse run=/fslarge/scratch/users/h61084/codes/evaluating_tsfms/outputs/channels_comparison/tasks/multivariate/chronos2/multivariate/azure2019_D/5T/short/run_0 source=/fslarge/scratch/users/h61084/codes/evaluating_tsfms/outputs/foundation_models/tasks/chronos2/multivariate/azure2019_D/5T/short/run_0/manifest.json launch_id=selena_channels_20260927T131553Z_36695 slurm_job_id=3584806 reused_at=2026-09-27T13:16:43.220430+00:00
  Reused raw inference: /fslarge/scratch/users/h61084/codes/evaluating_tsfms/outputs/foundation_models/inference/chronos2/multivariate/azure2019_D/5T/short/run_0

============================================================
All experiments completed!
Results saved to: /scratch/users/h61084/codes/evaluating_tsfms/outputs/channels_comparison/tasks/multivariate
============================================================

############################################################
# Dataset 35/38: azure2019_I/5T
############################################################
[2026-09-27 13:16:43 UTC] resources selected_device {"device": "cuda", "model": "chronos2", "stage": "forecast"}
Loading configuration...

============================================================
Dataset: azure2019_I/5T
Model: amazon/chronos-2
Checkpoint: /fslarge/scratch/users/h61084/weights/chronos2
Terms: ['short']
Covariate mode: none
Instance normalization: none
============================================================

--- Term: short ---
  Config: prediction_length=288, test_length=864, val_length=864
TIME run allocation action=recompute reuse_source=/scratch/users/h61084/codes/evaluating_tsfms/outputs/foundation_models/tasks/chronos2/multivariate reason=No completed reuse source has the expected identity and scientific configuration below /fslarge/scratch/users/h61084/codes/evaluating_tsfms/outputs/foundation_models/tasks/chronos2/multivariate
TIME run allocation action=skip run=/fslarge/scratch/users/h61084/codes/evaluating_tsfms/outputs/foundation_models/inference/chronos2/multivariate/azure2019_I/5T/short/run_0 source_launch=selena_20260926T154139Z_65000 launch_id=selena_channels_20260927T131553Z_36695 slurm_job_id=3584806 launched_at=2026-09-27T13:16:43.954707+00:00
TIME run allocation action=reuse run=/fslarge/scratch/users/h61084/codes/evaluating_tsfms/outputs/channels_comparison/tasks/multivariate/chronos2/multivariate/azure2019_I/5T/short/run_0 source=/fslarge/scratch/users/h61084/codes/evaluating_tsfms/outputs/foundation_models/tasks/chronos2/multivariate/azure2019_I/5T/short/run_0/manifest.json launch_id=selena_channels_20260927T131553Z_36695 slurm_job_id=3584806 reused_at=2026-09-27T13:16:44.383836+00:00
  Reused raw inference: /fslarge/scratch/users/h61084/codes/evaluating_tsfms/outputs/foundation_models/inference/chronos2/multivariate/azure2019_I/5T/short/run_0

============================================================
All experiments completed!
Results saved to: /scratch/users/h61084/codes/evaluating_tsfms/outputs/channels_comparison/tasks/multivariate
============================================================

############################################################
# Dataset 36/38: azure2019_U/5T
############################################################
[2026-09-27 13:16:44 UTC] resources selected_device {"device": "cuda", "model": "chronos2", "stage": "forecast"}
Loading configuration...

============================================================
Dataset: azure2019_U/5T
Model: amazon/chronos-2
Checkpoint: /fslarge/scratch/users/h61084/weights/chronos2
Terms: ['short']
Covariate mode: none
Instance normalization: none
============================================================

--- Term: short ---
  Config: prediction_length=48, test_length=288, val_length=96
TIME run allocation action=recompute reuse_source=/scratch/users/h61084/codes/evaluating_tsfms/outputs/foundation_models/tasks/chronos2/multivariate reason=No completed reuse source has the expected identity and scientific configuration below /fslarge/scratch/users/h61084/codes/evaluating_tsfms/outputs/foundation_models/tasks/chronos2/multivariate
TIME run allocation action=skip run=/fslarge/scratch/users/h61084/codes/evaluating_tsfms/outputs/foundation_models/inference/chronos2/multivariate/azure2019_U/5T/short/run_0 source_launch=selena_20260926T154139Z_65000 launch_id=selena_channels_20260927T131553Z_36695 slurm_job_id=3584806 launched_at=2026-09-27T13:16:44.697035+00:00
TIME run allocation action=reuse run=/fslarge/scratch/users/h61084/codes/evaluating_tsfms/outputs/channels_comparison/tasks/multivariate/chronos2/multivariate/azure2019_U/5T/short/run_0 source=/fslarge/scratch/users/h61084/codes/evaluating_tsfms/outputs/foundation_models/tasks/chronos2/multivariate/azure2019_U/5T/short/run_0/manifest.json launch_id=selena_channels_20260927T131553Z_36695 slurm_job_id=3584806 reused_at=2026-09-27T13:16:44.861389+00:00
  Reused raw inference: /fslarge/scratch/users/h61084/codes/evaluating_tsfms/outputs/foundation_models/inference/chronos2/multivariate/azure2019_U/5T/short/run_0

============================================================
All experiments completed!
Results saved to: /scratch/users/h61084/codes/evaluating_tsfms/outputs/channels_comparison/tasks/multivariate
============================================================

############################################################
# Dataset 37/38: Smart_Manufacturing/H
############################################################
[2026-09-27 13:16:44 UTC] resources selected_device {"device": "cuda", "model": "chronos2", "stage": "forecast"}
Loading configuration...

============================================================
Dataset: Smart_Manufacturing/H
Model: amazon/chronos-2
Checkpoint: /fslarge/scratch/users/h61084/weights/chronos2
Terms: ['short', 'medium', 'long']
Covariate mode: none
Instance normalization: none
============================================================

--- Term: short ---
  Config: prediction_length=24, test_length=336, val_length=336
TIME run allocation action=recompute reuse_source=/scratch/users/h61084/codes/evaluating_tsfms/outputs/foundation_models/tasks/chronos2/multivariate reason=No completed reuse source has the expected identity and scientific configuration below /fslarge/scratch/users/h61084/codes/evaluating_tsfms/outputs/foundation_models/tasks/chronos2/multivariate
TIME run allocation action=skip run=/fslarge/scratch/users/h61084/codes/evaluating_tsfms/outputs/foundation_models/inference/chronos2/multivariate/Smart_Manufacturing/H/short/run_0 source_launch=selena_20260926T154139Z_65000 launch_id=selena_channels_20260927T131553Z_36695 slurm_job_id=3584806 launched_at=2026-09-27T13:16:45.136520+00:00
TIME run allocation action=reuse run=/fslarge/scratch/users/h61084/codes/evaluating_tsfms/outputs/channels_comparison/tasks/multivariate/chronos2/multivariate/Smart_Manufacturing/H/short/run_0 source=/fslarge/scratch/users/h61084/codes/evaluating_tsfms/outputs/foundation_models/tasks/chronos2/multivariate/Smart_Manufacturing/H/short/run_0/manifest.json launch_id=selena_channels_20260927T131553Z_36695 slurm_job_id=3584806 reused_at=2026-09-27T13:16:45.330891+00:00
  Reused raw inference: /fslarge/scratch/users/h61084/codes/evaluating_tsfms/outputs/foundation_models/inference/chronos2/multivariate/Smart_Manufacturing/H/short/run_0

--- Term: medium ---
  Config: prediction_length=168, test_length=336, val_length=336
TIME run allocation action=recompute reuse_source=/scratch/users/h61084/codes/evaluating_tsfms/outputs/foundation_models/tasks/chronos2/multivariate reason=No completed reuse source has the expected identity and scientific configuration below /fslarge/scratch/users/h61084/codes/evaluating_tsfms/outputs/foundation_models/tasks/chronos2/multivariate
TIME run allocation action=skip run=/fslarge/scratch/users/h61084/codes/evaluating_tsfms/outputs/foundation_models/inference/chronos2/multivariate/Smart_Manufacturing/H/medium/run_0 source_launch=selena_20260926T154139Z_65000 launch_id=selena_channels_20260927T131553Z_36695 slurm_job_id=3584806 launched_at=2026-09-27T13:16:45.468867+00:00
TIME run allocation action=reuse run=/fslarge/scratch/users/h61084/codes/evaluating_tsfms/outputs/channels_comparison/tasks/multivariate/chronos2/multivariate/Smart_Manufacturing/H/medium/run_0 source=/fslarge/scratch/users/h61084/codes/evaluating_tsfms/outputs/foundation_models/tasks/chronos2/multivariate/Smart_Manufacturing/H/medium/run_0/manifest.json launch_id=selena_channels_20260927T131553Z_36695 slurm_job_id=3584806 reused_at=2026-09-27T13:16:45.615691+00:00
  Reused raw inference: /fslarge/scratch/users/h61084/codes/evaluating_tsfms/outputs/foundation_models/inference/chronos2/multivariate/Smart_Manufacturing/H/medium/run_0

--- Term: long ---
  Config: prediction_length=336, test_length=336, val_length=336
TIME run allocation action=recompute reuse_source=/scratch/users/h61084/codes/evaluating_tsfms/outputs/foundation_models/tasks/chronos2/multivariate reason=No completed reuse source has the expected identity and scientific configuration below /fslarge/scratch/users/h61084/codes/evaluating_tsfms/outputs/foundation_models/tasks/chronos2/multivariate
TIME run allocation action=skip run=/fslarge/scratch/users/h61084/codes/evaluating_tsfms/outputs/foundation_models/inference/chronos2/multivariate/Smart_Manufacturing/H/long/run_0 source_launch=selena_20260926T154139Z_65000 launch_id=selena_channels_20260927T131553Z_36695 slurm_job_id=3584806 launched_at=2026-09-27T13:16:45.752336+00:00
TIME run allocation action=reuse run=/fslarge/scratch/users/h61084/codes/evaluating_tsfms/outputs/channels_comparison/tasks/multivariate/chronos2/multivariate/Smart_Manufacturing/H/long/run_0 source=/fslarge/scratch/users/h61084/codes/evaluating_tsfms/outputs/foundation_models/tasks/chronos2/multivariate/Smart_Manufacturing/H/long/run_0/manifest.json launch_id=selena_channels_20260927T131553Z_36695 slurm_job_id=3584806 reused_at=2026-09-27T13:16:45.899288+00:00
  Reused raw inference: /fslarge/scratch/users/h61084/codes/evaluating_tsfms/outputs/foundation_models/inference/chronos2/multivariate/Smart_Manufacturing/H/long/run_0

============================================================
All experiments completed!
Results saved to: /scratch/users/h61084/codes/evaluating_tsfms/outputs/channels_comparison/tasks/multivariate
============================================================

############################################################
# Dataset 38/38: MetroPT-3/5T
############################################################
[2026-09-27 13:16:45 UTC] resources selected_device {"device": "cuda", "model": "chronos2", "stage": "forecast"}
Loading configuration...

============================================================
Dataset: MetroPT-3/5T
Model: amazon/chronos-2
Checkpoint: /fslarge/scratch/users/h61084/weights/chronos2
Terms: ['short', 'medium', 'long']
Covariate mode: none
Instance normalization: none
============================================================

--- Term: short ---
  Config: prediction_length=48, test_length=1728, val_length=1728
TIME run allocation action=recompute reuse_source=/scratch/users/h61084/codes/evaluating_tsfms/outputs/foundation_models/tasks/chronos2/multivariate reason=No completed reuse source has the expected identity and scientific configuration below /fslarge/scratch/users/h61084/codes/evaluating_tsfms/outputs/foundation_models/tasks/chronos2/multivariate
TIME run allocation action=skip run=/fslarge/scratch/users/h61084/codes/evaluating_tsfms/outputs/foundation_models/inference/chronos2/multivariate/MetroPT-3/5T/short/run_0 source_launch=selena_20260926T154139Z_65000 launch_id=selena_channels_20260927T131553Z_36695 slurm_job_id=3584806 launched_at=2026-09-27T13:16:46.080339+00:00
TIME run allocation action=reuse run=/fslarge/scratch/users/h61084/codes/evaluating_tsfms/outputs/channels_comparison/tasks/multivariate/chronos2/multivariate/MetroPT-3/5T/short/run_0 source=/fslarge/scratch/users/h61084/codes/evaluating_tsfms/outputs/foundation_models/tasks/chronos2/multivariate/MetroPT-3/5T/short/run_0/manifest.json launch_id=selena_channels_20260927T131553Z_36695 slurm_job_id=3584806 reused_at=2026-09-27T13:16:46.219294+00:00
  Reused raw inference: /fslarge/scratch/users/h61084/codes/evaluating_tsfms/outputs/foundation_models/inference/chronos2/multivariate/MetroPT-3/5T/short/run_0

--- Term: medium ---
  Config: prediction_length=288, test_length=1728, val_length=1728
TIME run allocation action=recompute reuse_source=/scratch/users/h61084/codes/evaluating_tsfms/outputs/foundation_models/tasks/chronos2/multivariate reason=No completed reuse source has the expected identity and scientific configuration below /fslarge/scratch/users/h61084/codes/evaluating_tsfms/outputs/foundation_models/tasks/chronos2/multivariate
TIME run allocation action=skip run=/fslarge/scratch/users/h61084/codes/evaluating_tsfms/outputs/foundation_models/inference/chronos2/multivariate/MetroPT-3/5T/medium/run_0 source_launch=selena_20260926T154139Z_65000 launch_id=selena_channels_20260927T131553Z_36695 slurm_job_id=3584806 launched_at=2026-09-27T13:16:46.364383+00:00
TIME run allocation action=reuse run=/fslarge/scratch/users/h61084/codes/evaluating_tsfms/outputs/channels_comparison/tasks/multivariate/chronos2/multivariate/MetroPT-3/5T/medium/run_0 source=/fslarge/scratch/users/h61084/codes/evaluating_tsfms/outputs/foundation_models/tasks/chronos2/multivariate/MetroPT-3/5T/medium/run_0/manifest.json launch_id=selena_channels_20260927T131553Z_36695 slurm_job_id=3584806 reused_at=2026-09-27T13:16:46.503084+00:00
  Reused raw inference: /fslarge/scratch/users/h61084/codes/evaluating_tsfms/outputs/foundation_models/inference/chronos2/multivariate/MetroPT-3/5T/medium/run_0

--- Term: long ---
  Config: prediction_length=576, test_length=1728, val_length=1728
TIME run allocation action=recompute reuse_source=/scratch/users/h61084/codes/evaluating_tsfms/outputs/foundation_models/tasks/chronos2/multivariate reason=No completed reuse source has the expected identity and scientific configuration below /fslarge/scratch/users/h61084/codes/evaluating_tsfms/outputs/foundation_models/tasks/chronos2/multivariate
TIME run allocation action=skip run=/fslarge/scratch/users/h61084/codes/evaluating_tsfms/outputs/foundation_models/inference/chronos2/multivariate/MetroPT-3/5T/long/run_0 source_launch=selena_20260926T154139Z_65000 launch_id=selena_channels_20260927T131553Z_36695 slurm_job_id=3584806 launched_at=2026-09-27T13:16:46.645704+00:00
TIME run allocation action=reuse run=/fslarge/scratch/users/h61084/codes/evaluating_tsfms/outputs/channels_comparison/tasks/multivariate/chronos2/multivariate/MetroPT-3/5T/long/run_0 source=/fslarge/scratch/users/h61084/codes/evaluating_tsfms/outputs/foundation_models/tasks/chronos2/multivariate/MetroPT-3/5T/long/run_0/manifest.json launch_id=selena_channels_20260927T131553Z_36695 slurm_job_id=3584806 reused_at=2026-09-27T13:16:46.782899+00:00
  Reused raw inference: /fslarge/scratch/users/h61084/codes/evaluating_tsfms/outputs/foundation_models/inference/chronos2/multivariate/MetroPT-3/5T/long/run_0

============================================================
All experiments completed!
Results saved to: /scratch/users/h61084/codes/evaluating_tsfms/outputs/channels_comparison/tasks/multivariate
============================================================

############################################################
# All 38 dataset(s) completed!
############################################################
2026-09-27 15:16:47 | task chronos2 comparison=multivariate covariate_mode=none target_mode=multivariate completed status=success
2026-09-27 15:16:47 | stage evaluate completed status=success
2026-09-27 15:16:47 | stage summarize started
[2026-09-27 13:16:48 UTC] resources selected_device {"component": "foundation_summary", "device": "cpu", "stage": "report"}
Foundation-model summary written to /scratch/users/h61084/codes/evaluating_tsfms/outputs/reports/channels_comparison/selena_channels_20260927T131553Z_36695/multivariate/foundation_model_summary.csv and /scratch/users/h61084/codes/evaluating_tsfms/outputs/reports/channels_comparison/selena_channels_20260927T131553Z_36695/multivariate/foundation_model_summary.md

chronos2/multivariate        state=completed  scaled_MASE=0.690045  inference=339.962s  coverage=74/74 timed tasks, 91319/91319/91425 finite/grid/total MASE values
2026-09-27 15:16:54 | stage summarize completed status=success
2026-09-27 15:16:54 | workflow channels_comparison completed status=success exit_code=0
