[2026-09-20 19:55:07 UTC] resources allocation {"ADAPTIME_DEVICE": "unset", "CUDA_VISIBLE_DEVICES": "0", "SLURM_CPUS_PER_TASK": "8", "SLURM_JOB_GPUS": "0,1,2,3", "SLURM_JOB_ID": "3506741", "SLURM_MEM_PER_CPU": "unset", "SLURM_MEM_PER_NODE": "80000", "SLURM_STEP_GPUS": "0", "SLURM_STEP_ID": "0", "cpu_count": 8, "host": "sean0008"}
[2026-09-20 19:55:07 UTC] resources RAM {"MemAvailable_MiB": 372441.72265625, "MemTotal_MiB": 386622.91796875}
[2026-09-20 19:55:07 UTC] resources nvidia_inventory {"columns": "index,uuid,name,driver,total_MiB,free_MiB,used_MiB", "devices": ["0, GPU-4aeb2cd8-4d02-e1ac-4131-1a746cbc40b0, NVIDIA H100 NVL, 560.35.05, 95830, 95350, 1"]}
[2026-09-20 19:55:08 UTC] resources torch {"cuda_available": true, "note": "visibility probe; CPU-only stages need not use an allocated GPU", "version": "2.9.1+cu128", "visible_gpu_count": 1}
[2026-09-20 19:55:09 UTC] resources cuda_device {"capability": "9.0", "free_MiB": 94825.125, "logical_index": 0, "name": "NVIDIA H100 NVL", "total_MiB": 95350.1875}
2026-09-20 21:55:09 | workflow context_size started launch_id=selena_context_size_20260920T193931Z_45055 task=chronos2 slurm_job_id=3506741 slurm_array_job_id=none slurm_array_task_id=none
2026-09-20 21:55:09 | stage evaluate started
2026-09-20 21:55:09 | task model=chronos2 runner=run_chronos2.sh environment=uv covariate_mode=none target_mode=auto context_length=1024 instance_normalization=none started
[2026-09-20 21:55:09] TIME runner: run_chronos2.sh
[2026-09-20 21:55:09] datasets: /scratch/users/h61084/datasets/hf_dataset
[2026-09-20 21:55:09] weights: /scratch/users/h61084/weights
[2026-09-20 21:55:09] outputs: /scratch/users/h61084/codes/evaluating_tsfms/outputs
[2026-09-20 21:55:09] covariate mode: none
[2026-09-20 21:55:09] target mode: auto
[2026-09-20 21:55:09] context length: 1024
[2026-09-20 21:55:09] instance normalization: none

############################################################
# Dataset 1/1: Water_Quality_Darwin/15T
############################################################
[2026-09-20 19:55:17 UTC] resources model_device {"device": "cuda", "model": "chronos2"}
Loading configuration...

============================================================
Dataset: Water_Quality_Darwin/15T
Model: amazon/chronos-2
Checkpoint: /fslarge/scratch/users/h61084/weights/chronos2
Terms: ['short', 'medium', 'long']
Covariate mode: none
Instance normalization: none
============================================================

--- Term: short ---
  Config: prediction_length=16, test_length=1440, val_length=1440
TIME run allocation action=new run=/fslarge/scratch/users/h61084/codes/evaluating_tsfms/outputs/context_size/tasks/chronos2/context_length/1024/multivariate/Water_Quality_Darwin/15T/short/run_0 launch_id=selena_context_size_20260920T193931Z_45055 slurm_job_id=3506741 launched_at=2026-09-20T19:55:17.533458+00:00
  Initializing Chronos pipeline (/fslarge/scratch/users/h61084/weights/chronos2)...
  Dataset info:
    - Frequency: 15T
    - Num series: 7
    - Target dim: 6
    - Target mode: multivariate
    - Covariate channels: 0
    - Series length: min=8662, max=18985, avg=15229.4
    - Test split: 1440 steps
    - Prediction length: 16
    - Windows: 90
    Processed 160/630...
    Processed 320/630...
    Processed 480/630...
    Processed 630/630...
    Total instances: 630, Series during experiment: 7, Windows: 90
    Collecting ground truth and context...
    Organizing data into arrays...
    Saved predictions (quantiles) to /fslarge/scratch/users/h61084/codes/evaluating_tsfms/outputs/context_size/tasks/chronos2/context_length/1024/multivariate/Water_Quality_Darwin/15T/short/run_0/predictions.npz
    Computing per-window metrics...
    Saved metrics to /fslarge/scratch/users/h61084/codes/evaluating_tsfms/outputs/context_size/tasks/chronos2/context_length/1024/multivariate/Water_Quality_Darwin/15T/short/run_0/metrics.npz
    Saved config to /fslarge/scratch/users/h61084/codes/evaluating_tsfms/outputs/context_size/tasks/chronos2/context_length/1024/multivariate/Water_Quality_Darwin/15T/short/run_0/config.json
    Saved aggregate metrics to /fslarge/scratch/users/h61084/codes/evaluating_tsfms/outputs/context_size/tasks/chronos2/context_length/1024/multivariate/Water_Quality_Darwin/15T/short/run_0/metrics_summary.json
    Metrics summary (averaged over all series/windows/variates):
      MSE: 2.1493
      MAE: 0.4278
      RMSE: 0.5126
      MAPE: 0.0556
      sMAPE: 0.0522
      MASE: 0.5890
      ND: 0.0535
      CRPS: 0.0425
  Completed: 7 series × 90 windows
  Output: /fslarge/scratch/users/h61084/codes/evaluating_tsfms/outputs/context_size/tasks/chronos2/context_length/1024/multivariate/Water_Quality_Darwin/15T/short/run_0

--- Term: medium ---
  Config: prediction_length=96, test_length=1440, val_length=1440
TIME run allocation action=new run=/fslarge/scratch/users/h61084/codes/evaluating_tsfms/outputs/context_size/tasks/chronos2/context_length/1024/multivariate/Water_Quality_Darwin/15T/medium/run_0 launch_id=selena_context_size_20260920T193931Z_45055 slurm_job_id=3506741 launched_at=2026-09-20T19:55:21.831106+00:00
  Initializing Chronos pipeline (/fslarge/scratch/users/h61084/weights/chronos2)...
  Dataset info:
    - Frequency: 15T
    - Num series: 7
    - Target dim: 6
    - Target mode: multivariate
    - Covariate channels: 0
    - Series length: min=8662, max=18985, avg=15229.4
    - Test split: 1440 steps
    - Prediction length: 96
    - Windows: 15
    Total instances: 105, Series during experiment: 7, Windows: 15
    Collecting ground truth and context...
    Organizing data into arrays...
    Saved predictions (quantiles) to /fslarge/scratch/users/h61084/codes/evaluating_tsfms/outputs/context_size/tasks/chronos2/context_length/1024/multivariate/Water_Quality_Darwin/15T/medium/run_0/predictions.npz
    Computing per-window metrics...
    Saved metrics to /fslarge/scratch/users/h61084/codes/evaluating_tsfms/outputs/context_size/tasks/chronos2/context_length/1024/multivariate/Water_Quality_Darwin/15T/medium/run_0/metrics.npz
    Saved config to /fslarge/scratch/users/h61084/codes/evaluating_tsfms/outputs/context_size/tasks/chronos2/context_length/1024/multivariate/Water_Quality_Darwin/15T/medium/run_0/config.json
    Saved aggregate metrics to /fslarge/scratch/users/h61084/codes/evaluating_tsfms/outputs/context_size/tasks/chronos2/context_length/1024/multivariate/Water_Quality_Darwin/15T/medium/run_0/metrics_summary.json
    Metrics summary (averaged over all series/windows/variates):
      MSE: 3.2672
      MAE: 0.5749
      RMSE: 0.7399
      MAPE: 0.0749
      sMAPE: 0.0675
      MASE: 0.8518
      ND: 0.0677
      CRPS: 0.0541
  Completed: 7 series × 15 windows
  Output: /fslarge/scratch/users/h61084/codes/evaluating_tsfms/outputs/context_size/tasks/chronos2/context_length/1024/multivariate/Water_Quality_Darwin/15T/medium/run_0

--- Term: long ---
  Config: prediction_length=288, test_length=1440, val_length=1440
TIME run allocation action=new run=/fslarge/scratch/users/h61084/codes/evaluating_tsfms/outputs/context_size/tasks/chronos2/context_length/1024/multivariate/Water_Quality_Darwin/15T/long/run_0 launch_id=selena_context_size_20260920T193931Z_45055 slurm_job_id=3506741 launched_at=2026-09-20T19:55:22.695404+00:00
  Initializing Chronos pipeline (/fslarge/scratch/users/h61084/weights/chronos2)...
  Dataset info:
    - Frequency: 15T
    - Num series: 7
    - Target dim: 6
    - Target mode: multivariate
    - Covariate channels: 0
    - Series length: min=8662, max=18985, avg=15229.4
    - Test split: 1440 steps
    - Prediction length: 288
    - Windows: 5
    Total instances: 35, Series during experiment: 7, Windows: 5
    Collecting ground truth and context...
    Organizing data into arrays...
    Saved predictions (quantiles) to /fslarge/scratch/users/h61084/codes/evaluating_tsfms/outputs/context_size/tasks/chronos2/context_length/1024/multivariate/Water_Quality_Darwin/15T/long/run_0/predictions.npz
    Computing per-window metrics...
    Saved metrics to /fslarge/scratch/users/h61084/codes/evaluating_tsfms/outputs/context_size/tasks/chronos2/context_length/1024/multivariate/Water_Quality_Darwin/15T/long/run_0/metrics.npz
    Saved config to /fslarge/scratch/users/h61084/codes/evaluating_tsfms/outputs/context_size/tasks/chronos2/context_length/1024/multivariate/Water_Quality_Darwin/15T/long/run_0/config.json
    Saved aggregate metrics to /fslarge/scratch/users/h61084/codes/evaluating_tsfms/outputs/context_size/tasks/chronos2/context_length/1024/multivariate/Water_Quality_Darwin/15T/long/run_0/metrics_summary.json
    Metrics summary (averaged over all series/windows/variates):
      MSE: 8.2508
      MAE: 0.9190
      RMSE: 1.1687
      MAPE: 0.1147
      sMAPE: 0.0935
      MASE: 1.3460
      ND: 0.0952
      CRPS: 0.0787
  Completed: 7 series × 5 windows
  Output: /fslarge/scratch/users/h61084/codes/evaluating_tsfms/outputs/context_size/tasks/chronos2/context_length/1024/multivariate/Water_Quality_Darwin/15T/long/run_0

============================================================
All experiments completed!
Results saved to: /scratch/users/h61084/codes/evaluating_tsfms/outputs/context_size/tasks
============================================================

############################################################
# All 1 dataset(s) completed!
############################################################

############################################################
# Dataset 1/1: current_velocity/5T
############################################################
[2026-09-20 19:55:31 UTC] resources model_device {"device": "cuda", "model": "chronos2"}
Loading configuration...

============================================================
Dataset: current_velocity/5T
Model: amazon/chronos-2
Checkpoint: /fslarge/scratch/users/h61084/weights/chronos2
Terms: ['short', 'medium', 'long']
Covariate mode: none
Instance normalization: none
============================================================

--- Term: short ---
  Config: prediction_length=36, test_length=4320, val_length=4320
TIME run allocation action=new run=/fslarge/scratch/users/h61084/codes/evaluating_tsfms/outputs/context_size/tasks/chronos2/context_length/1024/multivariate/current_velocity/5T/short/run_0 launch_id=selena_context_size_20260920T193931Z_45055 slurm_job_id=3506741 launched_at=2026-09-20T19:55:31.699151+00:00
  Initializing Chronos pipeline (/fslarge/scratch/users/h61084/weights/chronos2)...
  Dataset info:
    - Frequency: 5T
    - Num series: 1
    - Target dim: 6
    - Target mode: multivariate
    - Covariate channels: 0
    - Series length: min=26486, max=26486, avg=26486.0
    - Test split: 4320 steps
    - Prediction length: 36
    - Windows: 120
    Total instances: 120, Series during experiment: 1, Windows: 120
    Collecting ground truth and context...
    Organizing data into arrays...
    Saved predictions (quantiles) to /fslarge/scratch/users/h61084/codes/evaluating_tsfms/outputs/context_size/tasks/chronos2/context_length/1024/multivariate/current_velocity/5T/short/run_0/predictions.npz
    Computing per-window metrics...
    Saved metrics to /fslarge/scratch/users/h61084/codes/evaluating_tsfms/outputs/context_size/tasks/chronos2/context_length/1024/multivariate/current_velocity/5T/short/run_0/metrics.npz
    Saved config to /fslarge/scratch/users/h61084/codes/evaluating_tsfms/outputs/context_size/tasks/chronos2/context_length/1024/multivariate/current_velocity/5T/short/run_0/config.json
    Saved aggregate metrics to /fslarge/scratch/users/h61084/codes/evaluating_tsfms/outputs/context_size/tasks/chronos2/context_length/1024/multivariate/current_velocity/5T/short/run_0/metrics_summary.json
    Metrics summary (averaged over all series/windows/variates):
      MSE: 2.9619
      MAE: 0.5448
      RMSE: 0.6516
      MAPE: 0.4531
      sMAPE: 0.3407
      MASE: 0.3745
      ND: 0.2986
      CRPS: 0.2340
  Completed: 1 series × 120 windows
  Output: /fslarge/scratch/users/h61084/codes/evaluating_tsfms/outputs/context_size/tasks/chronos2/context_length/1024/multivariate/current_velocity/5T/short/run_0

--- Term: medium ---
  Config: prediction_length=288, test_length=4320, val_length=4320
TIME run allocation action=new run=/fslarge/scratch/users/h61084/codes/evaluating_tsfms/outputs/context_size/tasks/chronos2/context_length/1024/multivariate/current_velocity/5T/medium/run_0 launch_id=selena_context_size_20260920T193931Z_45055 slurm_job_id=3506741 launched_at=2026-09-20T19:55:33.067996+00:00
  Initializing Chronos pipeline (/fslarge/scratch/users/h61084/weights/chronos2)...
  Dataset info:
    - Frequency: 5T
    - Num series: 1
    - Target dim: 6
    - Target mode: multivariate
    - Covariate channels: 0
    - Series length: min=26486, max=26486, avg=26486.0
    - Test split: 4320 steps
    - Prediction length: 288
    - Windows: 15
    Total instances: 15, Series during experiment: 1, Windows: 15
    Collecting ground truth and context...
    Organizing data into arrays...
    Saved predictions (quantiles) to /fslarge/scratch/users/h61084/codes/evaluating_tsfms/outputs/context_size/tasks/chronos2/context_length/1024/multivariate/current_velocity/5T/medium/run_0/predictions.npz
    Computing per-window metrics...
    Saved metrics to /fslarge/scratch/users/h61084/codes/evaluating_tsfms/outputs/context_size/tasks/chronos2/context_length/1024/multivariate/current_velocity/5T/medium/run_0/metrics.npz
    Saved config to /fslarge/scratch/users/h61084/codes/evaluating_tsfms/outputs/context_size/tasks/chronos2/context_length/1024/multivariate/current_velocity/5T/medium/run_0/config.json
    Saved aggregate metrics to /fslarge/scratch/users/h61084/codes/evaluating_tsfms/outputs/context_size/tasks/chronos2/context_length/1024/multivariate/current_velocity/5T/medium/run_0/metrics_summary.json
    Metrics summary (averaged over all series/windows/variates):
      MSE: 5.7573
      MAE: 0.8075
      RMSE: 1.0035
      MAPE: 0.7263
      sMAPE: 0.4136
      MASE: 0.6156
      ND: 0.3719
      CRPS: 0.2946
  Completed: 1 series × 15 windows
  Output: /fslarge/scratch/users/h61084/codes/evaluating_tsfms/outputs/context_size/tasks/chronos2/context_length/1024/multivariate/current_velocity/5T/medium/run_0

--- Term: long ---
  Config: prediction_length=864, test_length=4320, val_length=4320
TIME run allocation action=new run=/fslarge/scratch/users/h61084/codes/evaluating_tsfms/outputs/context_size/tasks/chronos2/context_length/1024/multivariate/current_velocity/5T/long/run_0 launch_id=selena_context_size_20260920T193931Z_45055 slurm_job_id=3506741 launched_at=2026-09-20T19:55:33.443508+00:00
  Initializing Chronos pipeline (/fslarge/scratch/users/h61084/weights/chronos2)...
  Dataset info:
    - Frequency: 5T
    - Num series: 1
    - Target dim: 6
    - Target mode: multivariate
    - Covariate channels: 0
    - Series length: min=26486, max=26486, avg=26486.0
    - Test split: 4320 steps
    - Prediction length: 864
    - Windows: 5
    Total instances: 5, Series during experiment: 1, Windows: 5
    Collecting ground truth and context...
    Organizing data into arrays...
    Saved predictions (quantiles) to /fslarge/scratch/users/h61084/codes/evaluating_tsfms/outputs/context_size/tasks/chronos2/context_length/1024/multivariate/current_velocity/5T/long/run_0/predictions.npz
    Computing per-window metrics...
    Saved metrics to /fslarge/scratch/users/h61084/codes/evaluating_tsfms/outputs/context_size/tasks/chronos2/context_length/1024/multivariate/current_velocity/5T/long/run_0/metrics.npz
    Saved config to /fslarge/scratch/users/h61084/codes/evaluating_tsfms/outputs/context_size/tasks/chronos2/context_length/1024/multivariate/current_velocity/5T/long/run_0/config.json
    Saved aggregate metrics to /fslarge/scratch/users/h61084/codes/evaluating_tsfms/outputs/context_size/tasks/chronos2/context_length/1024/multivariate/current_velocity/5T/long/run_0/metrics_summary.json
    Metrics summary (averaged over all series/windows/variates):
      MSE: 5.8349
      MAE: 0.8863
      RMSE: 1.0874
      MAPE: 0.8189
      sMAPE: 0.4640
      MASE: 0.8130
      ND: 0.4185
      CRPS: 0.3412
  Completed: 1 series × 5 windows
  Output: /fslarge/scratch/users/h61084/codes/evaluating_tsfms/outputs/context_size/tasks/chronos2/context_length/1024/multivariate/current_velocity/5T/long/run_0

============================================================
All experiments completed!
Results saved to: /scratch/users/h61084/codes/evaluating_tsfms/outputs/context_size/tasks
============================================================

############################################################
# All 1 dataset(s) completed!
############################################################

############################################################
# Dataset 1/1: current_velocity/10T
############################################################
[2026-09-20 19:55:42 UTC] resources model_device {"device": "cuda", "model": "chronos2"}
Loading configuration...

============================================================
Dataset: current_velocity/10T
Model: amazon/chronos-2
Checkpoint: /fslarge/scratch/users/h61084/weights/chronos2
Terms: ['short', 'medium', 'long']
Covariate mode: none
Instance normalization: none
============================================================

--- Term: short ---
  Config: prediction_length=18, test_length=2160, val_length=2160
TIME run allocation action=new run=/fslarge/scratch/users/h61084/codes/evaluating_tsfms/outputs/context_size/tasks/chronos2/context_length/1024/multivariate/current_velocity/10T/short/run_0 launch_id=selena_context_size_20260920T193931Z_45055 slurm_job_id=3506741 launched_at=2026-09-20T19:55:42.212539+00:00
  Initializing Chronos pipeline (/fslarge/scratch/users/h61084/weights/chronos2)...
  Dataset info:
    - Frequency: 10T
    - Num series: 10
    - Target dim: 6
    - Target mode: multivariate
    - Covariate channels: 0
    - Series length: min=7481, max=31957, avg=20668.5
    - Test split: 2160 steps
    - Prediction length: 18
    - Windows: 120
    Processed 160/1200...
    Processed 320/1200...
    Processed 480/1200...
    Processed 640/1200...
    Processed 800/1200...
    Processed 960/1200...
    Processed 1120/1200...
    Total instances: 1200, Series during experiment: 10, Windows: 120
    Collecting ground truth and context...
    Organizing data into arrays...
    Saved predictions (quantiles) to /fslarge/scratch/users/h61084/codes/evaluating_tsfms/outputs/context_size/tasks/chronos2/context_length/1024/multivariate/current_velocity/10T/short/run_0/predictions.npz
    Computing per-window metrics...
    Saved metrics to /fslarge/scratch/users/h61084/codes/evaluating_tsfms/outputs/context_size/tasks/chronos2/context_length/1024/multivariate/current_velocity/10T/short/run_0/metrics.npz
    Saved config to /fslarge/scratch/users/h61084/codes/evaluating_tsfms/outputs/context_size/tasks/chronos2/context_length/1024/multivariate/current_velocity/10T/short/run_0/config.json
    Saved aggregate metrics to /fslarge/scratch/users/h61084/codes/evaluating_tsfms/outputs/context_size/tasks/chronos2/context_length/1024/multivariate/current_velocity/10T/short/run_0/metrics_summary.json
    Metrics summary (averaged over all series/windows/variates):
      MSE: 7.0127
      MAE: 0.7246
      RMSE: 0.9106
      MAPE: 2989.3283
      sMAPE: 0.4326
      MASE: 0.5252
      ND: 0.3243
      CRPS: 0.2555
  Completed: 10 series × 120 windows
  Output: /fslarge/scratch/users/h61084/codes/evaluating_tsfms/outputs/context_size/tasks/chronos2/context_length/1024/multivariate/current_velocity/10T/short/run_0

--- Term: medium ---
  Config: prediction_length=144, test_length=2160, val_length=2160
TIME run allocation action=new run=/fslarge/scratch/users/h61084/codes/evaluating_tsfms/outputs/context_size/tasks/chronos2/context_length/1024/multivariate/current_velocity/10T/medium/run_0 launch_id=selena_context_size_20260920T193931Z_45055 slurm_job_id=3506741 launched_at=2026-09-20T19:55:49.153810+00:00
  Initializing Chronos pipeline (/fslarge/scratch/users/h61084/weights/chronos2)...
  Dataset info:
    - Frequency: 10T
    - Num series: 10
    - Target dim: 6
    - Target mode: multivariate
    - Covariate channels: 0
    - Series length: min=7481, max=31957, avg=20668.5
    - Test split: 2160 steps
    - Prediction length: 144
    - Windows: 15
    Processed 150/150...
    Total instances: 150, Series during experiment: 10, Windows: 15
    Collecting ground truth and context...
    Organizing data into arrays...
    Saved predictions (quantiles) to /fslarge/scratch/users/h61084/codes/evaluating_tsfms/outputs/context_size/tasks/chronos2/context_length/1024/multivariate/current_velocity/10T/medium/run_0/predictions.npz
    Computing per-window metrics...
    Saved metrics to /fslarge/scratch/users/h61084/codes/evaluating_tsfms/outputs/context_size/tasks/chronos2/context_length/1024/multivariate/current_velocity/10T/medium/run_0/metrics.npz
    Saved config to /fslarge/scratch/users/h61084/codes/evaluating_tsfms/outputs/context_size/tasks/chronos2/context_length/1024/multivariate/current_velocity/10T/medium/run_0/config.json
    Saved aggregate metrics to /fslarge/scratch/users/h61084/codes/evaluating_tsfms/outputs/context_size/tasks/chronos2/context_length/1024/multivariate/current_velocity/10T/medium/run_0/metrics_summary.json
    Metrics summary (averaged over all series/windows/variates):
      MSE: 10.1199
      MAE: 0.9199
      RMSE: 1.2175
      MAPE: 3815.7756
      sMAPE: 0.4795
      MASE: 0.6999
      ND: 0.3354
      CRPS: 0.2648
  Completed: 10 series × 15 windows
  Output: /fslarge/scratch/users/h61084/codes/evaluating_tsfms/outputs/context_size/tasks/chronos2/context_length/1024/multivariate/current_velocity/10T/medium/run_0

--- Term: long ---
  Config: prediction_length=432, test_length=2160, val_length=2160
TIME run allocation action=new run=/fslarge/scratch/users/h61084/codes/evaluating_tsfms/outputs/context_size/tasks/chronos2/context_length/1024/multivariate/current_velocity/10T/long/run_0 launch_id=selena_context_size_20260920T193931Z_45055 slurm_job_id=3506741 launched_at=2026-09-20T19:55:50.419515+00:00
  Initializing Chronos pipeline (/fslarge/scratch/users/h61084/weights/chronos2)...
  Dataset info:
    - Frequency: 10T
    - Num series: 10
    - Target dim: 6
    - Target mode: multivariate
    - Covariate channels: 0
    - Series length: min=7481, max=31957, avg=20668.5
    - Test split: 2160 steps
    - Prediction length: 432
    - Windows: 5
    Total instances: 50, Series during experiment: 10, Windows: 5
    Collecting ground truth and context...
    Organizing data into arrays...
    Saved predictions (quantiles) to /fslarge/scratch/users/h61084/codes/evaluating_tsfms/outputs/context_size/tasks/chronos2/context_length/1024/multivariate/current_velocity/10T/long/run_0/predictions.npz
    Computing per-window metrics...
    Saved metrics to /fslarge/scratch/users/h61084/codes/evaluating_tsfms/outputs/context_size/tasks/chronos2/context_length/1024/multivariate/current_velocity/10T/long/run_0/metrics.npz
    Saved config to /fslarge/scratch/users/h61084/codes/evaluating_tsfms/outputs/context_size/tasks/chronos2/context_length/1024/multivariate/current_velocity/10T/long/run_0/config.json
    Saved aggregate metrics to /fslarge/scratch/users/h61084/codes/evaluating_tsfms/outputs/context_size/tasks/chronos2/context_length/1024/multivariate/current_velocity/10T/long/run_0/metrics_summary.json
    Metrics summary (averaged over all series/windows/variates):
      MSE: 12.6858
      MAE: 1.1083
      RMSE: 1.4376
      MAPE: 3999.5390
      sMAPE: 0.5411
      MASE: 1.0286
      ND: 0.3960
      CRPS: 0.3126
  Completed: 10 series × 5 windows
  Output: /fslarge/scratch/users/h61084/codes/evaluating_tsfms/outputs/context_size/tasks/chronos2/context_length/1024/multivariate/current_velocity/10T/long/run_0

============================================================
All experiments completed!
Results saved to: /scratch/users/h61084/codes/evaluating_tsfms/outputs/context_size/tasks
============================================================

############################################################
# All 1 dataset(s) completed!
############################################################

############################################################
# Dataset 1/1: current_velocity/15T
############################################################
[2026-09-20 19:55:59 UTC] resources model_device {"device": "cuda", "model": "chronos2"}
Loading configuration...

============================================================
Dataset: current_velocity/15T
Model: amazon/chronos-2
Checkpoint: /fslarge/scratch/users/h61084/weights/chronos2
Terms: ['short', 'medium', 'long']
Covariate mode: none
Instance normalization: none
============================================================

--- Term: short ---
  Config: prediction_length=12, test_length=1440, val_length=1440
TIME run allocation action=new run=/fslarge/scratch/users/h61084/codes/evaluating_tsfms/outputs/context_size/tasks/chronos2/context_length/1024/multivariate/current_velocity/15T/short/run_0 launch_id=selena_context_size_20260920T193931Z_45055 slurm_job_id=3506741 launched_at=2026-09-20T19:55:59.668974+00:00
  Initializing Chronos pipeline (/fslarge/scratch/users/h61084/weights/chronos2)...
  Dataset info:
    - Frequency: 15T
    - Num series: 5
    - Target dim: 6
    - Target mode: multivariate
    - Covariate channels: 0
    - Series length: min=3710, max=17953, avg=8503.2
    - Test split: 1440 steps
    - Prediction length: 12
    - Windows: 120
    Processed 160/600...
    Processed 320/600...
    Processed 480/600...
    Total instances: 600, Series during experiment: 5, Windows: 120
    Collecting ground truth and context...
    Organizing data into arrays...
    Saved predictions (quantiles) to /fslarge/scratch/users/h61084/codes/evaluating_tsfms/outputs/context_size/tasks/chronos2/context_length/1024/multivariate/current_velocity/15T/short/run_0/predictions.npz
    Computing per-window metrics...
    Saved metrics to /fslarge/scratch/users/h61084/codes/evaluating_tsfms/outputs/context_size/tasks/chronos2/context_length/1024/multivariate/current_velocity/15T/short/run_0/metrics.npz
    Saved config to /fslarge/scratch/users/h61084/codes/evaluating_tsfms/outputs/context_size/tasks/chronos2/context_length/1024/multivariate/current_velocity/15T/short/run_0/config.json
    Saved aggregate metrics to /fslarge/scratch/users/h61084/codes/evaluating_tsfms/outputs/context_size/tasks/chronos2/context_length/1024/multivariate/current_velocity/15T/short/run_0/metrics_summary.json
    Metrics summary (averaged over all series/windows/variates):
      MSE: 6.2436
      MAE: 0.7557
      RMSE: 0.9178
      MAPE: 121616.0673
      sMAPE: 0.4625
      MASE: 0.5103
      ND: 0.3862
      CRPS: 0.3036
  Completed: 5 series × 120 windows
  Output: /fslarge/scratch/users/h61084/codes/evaluating_tsfms/outputs/context_size/tasks/chronos2/context_length/1024/multivariate/current_velocity/15T/short/run_0

--- Term: medium ---
  Config: prediction_length=96, test_length=1440, val_length=1440
TIME run allocation action=new run=/fslarge/scratch/users/h61084/codes/evaluating_tsfms/outputs/context_size/tasks/chronos2/context_length/1024/multivariate/current_velocity/15T/medium/run_0 launch_id=selena_context_size_20260920T193931Z_45055 slurm_job_id=3506741 launched_at=2026-09-20T19:56:03.231793+00:00
  Initializing Chronos pipeline (/fslarge/scratch/users/h61084/weights/chronos2)...
  Dataset info:
    - Frequency: 15T
    - Num series: 5
    - Target dim: 6
    - Target mode: multivariate
    - Covariate channels: 0
    - Series length: min=3710, max=17953, avg=8503.2
    - Test split: 1440 steps
    - Prediction length: 96
    - Windows: 15
    Total instances: 75, Series during experiment: 5, Windows: 15
    Collecting ground truth and context...
    Organizing data into arrays...
    Saved predictions (quantiles) to /fslarge/scratch/users/h61084/codes/evaluating_tsfms/outputs/context_size/tasks/chronos2/context_length/1024/multivariate/current_velocity/15T/medium/run_0/predictions.npz
    Computing per-window metrics...
    Saved metrics to /fslarge/scratch/users/h61084/codes/evaluating_tsfms/outputs/context_size/tasks/chronos2/context_length/1024/multivariate/current_velocity/15T/medium/run_0/metrics.npz
    Saved config to /fslarge/scratch/users/h61084/codes/evaluating_tsfms/outputs/context_size/tasks/chronos2/context_length/1024/multivariate/current_velocity/15T/medium/run_0/config.json
    Saved aggregate metrics to /fslarge/scratch/users/h61084/codes/evaluating_tsfms/outputs/context_size/tasks/chronos2/context_length/1024/multivariate/current_velocity/15T/medium/run_0/metrics_summary.json
    Metrics summary (averaged over all series/windows/variates):
      MSE: 9.7464
      MAE: 0.9944
      RMSE: 1.2466
      MAPE: 132173.4988
      sMAPE: 0.5659
      MASE: 0.7509
      ND: 0.4387
      CRPS: 0.3446
  Completed: 5 series × 15 windows
  Output: /fslarge/scratch/users/h61084/codes/evaluating_tsfms/outputs/context_size/tasks/chronos2/context_length/1024/multivariate/current_velocity/15T/medium/run_0

--- Term: long ---
  Config: prediction_length=288, test_length=1440, val_length=1440
TIME run allocation action=new run=/fslarge/scratch/users/h61084/codes/evaluating_tsfms/outputs/context_size/tasks/chronos2/context_length/1024/multivariate/current_velocity/15T/long/run_0 launch_id=selena_context_size_20260920T193931Z_45055 slurm_job_id=3506741 launched_at=2026-09-20T19:56:03.895114+00:00
  Initializing Chronos pipeline (/fslarge/scratch/users/h61084/weights/chronos2)...
  Dataset info:
    - Frequency: 15T
    - Num series: 5
    - Target dim: 6
    - Target mode: multivariate
    - Covariate channels: 0
    - Series length: min=3710, max=17953, avg=8503.2
    - Test split: 1440 steps
    - Prediction length: 288
    - Windows: 5
    Total instances: 25, Series during experiment: 5, Windows: 5
    Collecting ground truth and context...
    Organizing data into arrays...
    Saved predictions (quantiles) to /fslarge/scratch/users/h61084/codes/evaluating_tsfms/outputs/context_size/tasks/chronos2/context_length/1024/multivariate/current_velocity/15T/long/run_0/predictions.npz
    Computing per-window metrics...
    Saved metrics to /fslarge/scratch/users/h61084/codes/evaluating_tsfms/outputs/context_size/tasks/chronos2/context_length/1024/multivariate/current_velocity/15T/long/run_0/metrics.npz
    Saved config to /fslarge/scratch/users/h61084/codes/evaluating_tsfms/outputs/context_size/tasks/chronos2/context_length/1024/multivariate/current_velocity/15T/long/run_0/config.json
    Saved aggregate metrics to /fslarge/scratch/users/h61084/codes/evaluating_tsfms/outputs/context_size/tasks/chronos2/context_length/1024/multivariate/current_velocity/15T/long/run_0/metrics_summary.json
    Metrics summary (averaged over all series/windows/variates):
      MSE: 11.0378
      MAE: 1.0896
      RMSE: 1.3677
      MAPE: 117170.7618
      sMAPE: 0.5918
      MASE: 0.8815
      ND: 0.4631
      CRPS: 0.3674
  Completed: 5 series × 5 windows
  Output: /fslarge/scratch/users/h61084/codes/evaluating_tsfms/outputs/context_size/tasks/chronos2/context_length/1024/multivariate/current_velocity/15T/long/run_0

============================================================
All experiments completed!
Results saved to: /scratch/users/h61084/codes/evaluating_tsfms/outputs/context_size/tasks
============================================================

############################################################
# All 1 dataset(s) completed!
############################################################

############################################################
# Dataset 1/1: current_velocity/20T
############################################################
[2026-09-20 19:56:12 UTC] resources model_device {"device": "cuda", "model": "chronos2"}
Loading configuration...

============================================================
Dataset: current_velocity/20T
Model: amazon/chronos-2
Checkpoint: /fslarge/scratch/users/h61084/weights/chronos2
Terms: ['short', 'medium', 'long']
Covariate mode: none
Instance normalization: none
============================================================

--- Term: short ---
  Config: prediction_length=9, test_length=1080, val_length=1080
TIME run allocation action=new run=/fslarge/scratch/users/h61084/codes/evaluating_tsfms/outputs/context_size/tasks/chronos2/context_length/1024/multivariate/current_velocity/20T/short/run_0 launch_id=selena_context_size_20260920T193931Z_45055 slurm_job_id=3506741 launched_at=2026-09-20T19:56:12.799050+00:00
  Initializing Chronos pipeline (/fslarge/scratch/users/h61084/weights/chronos2)...
  Dataset info:
    - Frequency: 20T
    - Num series: 27
    - Target dim: 6
    - Target mode: multivariate
    - Covariate channels: 0
    - Series length: min=2529, max=16759, avg=6460.2
    - Test split: 1080 steps
    - Prediction length: 9
    - Windows: 120
    Processed 160/3240...
    Processed 320/3240...
    Processed 480/3240...
    Processed 640/3240...
    Processed 800/3240...
    Processed 960/3240...
    Processed 1120/3240...
    Processed 1280/3240...
    Processed 1440/3240...
    Processed 1600/3240...
    Processed 1760/3240...
    Processed 1920/3240...
    Processed 2080/3240...
    Processed 2240/3240...
    Processed 2400/3240...
    Processed 2560/3240...
    Processed 2720/3240...
    Processed 2880/3240...
    Processed 3040/3240...
    Processed 3200/3240...
    Total instances: 3240, Series during experiment: 27, Windows: 120
    Collecting ground truth and context...
    Organizing data into arrays...
    Saved predictions (quantiles) to /fslarge/scratch/users/h61084/codes/evaluating_tsfms/outputs/context_size/tasks/chronos2/context_length/1024/multivariate/current_velocity/20T/short/run_0/predictions.npz
    Computing per-window metrics...
    Saved metrics to /fslarge/scratch/users/h61084/codes/evaluating_tsfms/outputs/context_size/tasks/chronos2/context_length/1024/multivariate/current_velocity/20T/short/run_0/metrics.npz
    Saved config to /fslarge/scratch/users/h61084/codes/evaluating_tsfms/outputs/context_size/tasks/chronos2/context_length/1024/multivariate/current_velocity/20T/short/run_0/config.json
    Saved aggregate metrics to /fslarge/scratch/users/h61084/codes/evaluating_tsfms/outputs/context_size/tasks/chronos2/context_length/1024/multivariate/current_velocity/20T/short/run_0/metrics_summary.json
    Metrics summary (averaged over all series/windows/variates):
      MSE: 4.3747
      MAE: 0.6189
      RMSE: 0.7273
      MAPE: 0.9000
      sMAPE: 0.4154
      MASE: 0.4805
      ND: 0.3356
      CRPS: 0.2637
  Completed: 27 series × 120 windows
  Output: /fslarge/scratch/users/h61084/codes/evaluating_tsfms/outputs/context_size/tasks/chronos2/context_length/1024/multivariate/current_velocity/20T/short/run_0

--- Term: medium ---
  Config: prediction_length=72, test_length=1080, val_length=1080
TIME run allocation action=new run=/fslarge/scratch/users/h61084/codes/evaluating_tsfms/outputs/context_size/tasks/chronos2/context_length/1024/multivariate/current_velocity/20T/medium/run_0 launch_id=selena_context_size_20260920T193931Z_45055 slurm_job_id=3506741 launched_at=2026-09-20T19:56:28.774685+00:00
  Initializing Chronos pipeline (/fslarge/scratch/users/h61084/weights/chronos2)...
  Dataset info:
    - Frequency: 20T
    - Num series: 27
    - Target dim: 6
    - Target mode: multivariate
    - Covariate channels: 0
    - Series length: min=2529, max=16759, avg=6460.2
    - Test split: 1080 steps
    - Prediction length: 72
    - Windows: 15
    Processed 160/405...
    Processed 320/405...
    Total instances: 405, Series during experiment: 27, Windows: 15
    Collecting ground truth and context...
    Organizing data into arrays...
    Saved predictions (quantiles) to /fslarge/scratch/users/h61084/codes/evaluating_tsfms/outputs/context_size/tasks/chronos2/context_length/1024/multivariate/current_velocity/20T/medium/run_0/predictions.npz
    Computing per-window metrics...
    Saved metrics to /fslarge/scratch/users/h61084/codes/evaluating_tsfms/outputs/context_size/tasks/chronos2/context_length/1024/multivariate/current_velocity/20T/medium/run_0/metrics.npz
    Saved config to /fslarge/scratch/users/h61084/codes/evaluating_tsfms/outputs/context_size/tasks/chronos2/context_length/1024/multivariate/current_velocity/20T/medium/run_0/config.json
    Saved aggregate metrics to /fslarge/scratch/users/h61084/codes/evaluating_tsfms/outputs/context_size/tasks/chronos2/context_length/1024/multivariate/current_velocity/20T/medium/run_0/metrics_summary.json
    Metrics summary (averaged over all series/windows/variates):
      MSE: 8.2731
      MAE: 0.9068
      RMSE: 1.1168
      MAPE: 1.1381
      sMAPE: 0.5102
      MASE: 0.7522
      ND: 0.3854
      CRPS: 0.3041
  Completed: 27 series × 15 windows
  Output: /fslarge/scratch/users/h61084/codes/evaluating_tsfms/outputs/context_size/tasks/chronos2/context_length/1024/multivariate/current_velocity/20T/medium/run_0

--- Term: long ---
  Config: prediction_length=216, test_length=1080, val_length=1080
TIME run allocation action=new run=/fslarge/scratch/users/h61084/codes/evaluating_tsfms/outputs/context_size/tasks/chronos2/context_length/1024/multivariate/current_velocity/20T/long/run_0 launch_id=selena_context_size_20260920T193931Z_45055 slurm_job_id=3506741 launched_at=2026-09-20T19:56:31.192064+00:00
  Initializing Chronos pipeline (/fslarge/scratch/users/h61084/weights/chronos2)...
  Dataset info:
    - Frequency: 20T
    - Num series: 27
    - Target dim: 6
    - Target mode: multivariate
    - Covariate channels: 0
    - Series length: min=2529, max=16759, avg=6460.2
    - Test split: 1080 steps
    - Prediction length: 216
    - Windows: 5
    Total instances: 135, Series during experiment: 27, Windows: 5
    Collecting ground truth and context...
    Organizing data into arrays...
    Saved predictions (quantiles) to /fslarge/scratch/users/h61084/codes/evaluating_tsfms/outputs/context_size/tasks/chronos2/context_length/1024/multivariate/current_velocity/20T/long/run_0/predictions.npz
    Computing per-window metrics...
    Saved metrics to /fslarge/scratch/users/h61084/codes/evaluating_tsfms/outputs/context_size/tasks/chronos2/context_length/1024/multivariate/current_velocity/20T/long/run_0/metrics.npz
    Saved config to /fslarge/scratch/users/h61084/codes/evaluating_tsfms/outputs/context_size/tasks/chronos2/context_length/1024/multivariate/current_velocity/20T/long/run_0/config.json
    Saved aggregate metrics to /fslarge/scratch/users/h61084/codes/evaluating_tsfms/outputs/context_size/tasks/chronos2/context_length/1024/multivariate/current_velocity/20T/long/run_0/metrics_summary.json
    Metrics summary (averaged over all series/windows/variates):
      MSE: 10.7399
      MAE: 1.0759
      RMSE: 1.3447
      MAPE: 1.4946
      sMAPE: 0.6086
      MASE: 1.0863
      ND: 0.4713
      CRPS: 0.3717
  Completed: 27 series × 5 windows
  Output: /fslarge/scratch/users/h61084/codes/evaluating_tsfms/outputs/context_size/tasks/chronos2/context_length/1024/multivariate/current_velocity/20T/long/run_0

============================================================
All experiments completed!
Results saved to: /scratch/users/h61084/codes/evaluating_tsfms/outputs/context_size/tasks
============================================================

############################################################
# All 1 dataset(s) completed!
############################################################

############################################################
# Dataset 1/1: current_velocity/H
############################################################
[2026-09-20 19:56:40 UTC] resources model_device {"device": "cuda", "model": "chronos2"}
Loading configuration...

============================================================
Dataset: current_velocity/H
Model: amazon/chronos-2
Checkpoint: /fslarge/scratch/users/h61084/weights/chronos2
Terms: ['short', 'medium', 'long']
Covariate mode: none
Instance normalization: none
============================================================

--- Term: short ---
  Config: prediction_length=24, test_length=672, val_length=672
TIME run allocation action=new run=/fslarge/scratch/users/h61084/codes/evaluating_tsfms/outputs/context_size/tasks/chronos2/context_length/1024/multivariate/current_velocity/H/short/run_0 launch_id=selena_context_size_20260920T193931Z_45055 slurm_job_id=3506741 launched_at=2026-09-20T19:56:40.804924+00:00
  Initializing Chronos pipeline (/fslarge/scratch/users/h61084/weights/chronos2)...
  Dataset info:
    - Frequency: H
    - Num series: 21
    - Target dim: 6
    - Target mode: multivariate
    - Covariate channels: 0
    - Series length: min=2208, max=5587, avg=3502.3
    - Test split: 672 steps
    - Prediction length: 24
    - Windows: 28
    Processed 160/588...
    Processed 320/588...
    Processed 480/588...
    Total instances: 588, Series during experiment: 21, Windows: 28
    Collecting ground truth and context...
    Organizing data into arrays...
    Saved predictions (quantiles) to /fslarge/scratch/users/h61084/codes/evaluating_tsfms/outputs/context_size/tasks/chronos2/context_length/1024/multivariate/current_velocity/H/short/run_0/predictions.npz
    Computing per-window metrics...
    Saved metrics to /fslarge/scratch/users/h61084/codes/evaluating_tsfms/outputs/context_size/tasks/chronos2/context_length/1024/multivariate/current_velocity/H/short/run_0/metrics.npz
    Saved config to /fslarge/scratch/users/h61084/codes/evaluating_tsfms/outputs/context_size/tasks/chronos2/context_length/1024/multivariate/current_velocity/H/short/run_0/config.json
    Saved aggregate metrics to /fslarge/scratch/users/h61084/codes/evaluating_tsfms/outputs/context_size/tasks/chronos2/context_length/1024/multivariate/current_velocity/H/short/run_0/metrics_summary.json
    Metrics summary (averaged over all series/windows/variates):
      MSE: 6.5099
      MAE: 0.7984
      RMSE: 0.9902
      MAPE: 1706656143532.6165
      sMAPE: 0.4310
      MASE: 0.6919
      ND: 0.3286
      CRPS: 0.2586
  Completed: 21 series × 28 windows
  Output: /fslarge/scratch/users/h61084/codes/evaluating_tsfms/outputs/context_size/tasks/chronos2/context_length/1024/multivariate/current_velocity/H/short/run_0

--- Term: medium ---
  Config: prediction_length=168, test_length=672, val_length=672
TIME run allocation action=new run=/fslarge/scratch/users/h61084/codes/evaluating_tsfms/outputs/context_size/tasks/chronos2/context_length/1024/multivariate/current_velocity/H/medium/run_0 launch_id=selena_context_size_20260920T193931Z_45055 slurm_job_id=3506741 launched_at=2026-09-20T19:56:44.295887+00:00
  Initializing Chronos pipeline (/fslarge/scratch/users/h61084/weights/chronos2)...
  Dataset info:
    - Frequency: H
    - Num series: 21
    - Target dim: 6
    - Target mode: multivariate
    - Covariate channels: 0
    - Series length: min=2208, max=5587, avg=3502.3
    - Test split: 672 steps
    - Prediction length: 168
    - Windows: 4
    Total instances: 84, Series during experiment: 21, Windows: 4
    Collecting ground truth and context...
    Organizing data into arrays...
    Saved predictions (quantiles) to /fslarge/scratch/users/h61084/codes/evaluating_tsfms/outputs/context_size/tasks/chronos2/context_length/1024/multivariate/current_velocity/H/medium/run_0/predictions.npz
    Computing per-window metrics...
    Saved metrics to /fslarge/scratch/users/h61084/codes/evaluating_tsfms/outputs/context_size/tasks/chronos2/context_length/1024/multivariate/current_velocity/H/medium/run_0/metrics.npz
    Saved config to /fslarge/scratch/users/h61084/codes/evaluating_tsfms/outputs/context_size/tasks/chronos2/context_length/1024/multivariate/current_velocity/H/medium/run_0/config.json
    Saved aggregate metrics to /fslarge/scratch/users/h61084/codes/evaluating_tsfms/outputs/context_size/tasks/chronos2/context_length/1024/multivariate/current_velocity/H/medium/run_0/metrics_summary.json
    Metrics summary (averaged over all series/windows/variates):
      MSE: 11.5865
      MAE: 1.1385
      RMSE: 1.4183
      MAPE: 2308039934339.6035
      sMAPE: 0.5578
      MASE: 1.1846
      ND: 0.4096
      CRPS: 0.3217
  Completed: 21 series × 4 windows
  Output: /fslarge/scratch/users/h61084/codes/evaluating_tsfms/outputs/context_size/tasks/chronos2/context_length/1024/multivariate/current_velocity/H/medium/run_0

--- Term: long ---
  Config: prediction_length=336, test_length=672, val_length=672
TIME run allocation action=new run=/fslarge/scratch/users/h61084/codes/evaluating_tsfms/outputs/context_size/tasks/chronos2/context_length/1024/multivariate/current_velocity/H/long/run_0 launch_id=selena_context_size_20260920T193931Z_45055 slurm_job_id=3506741 launched_at=2026-09-20T19:56:45.056751+00:00
  Initializing Chronos pipeline (/fslarge/scratch/users/h61084/weights/chronos2)...
  Dataset info:
    - Frequency: H
    - Num series: 21
    - Target dim: 6
    - Target mode: multivariate
    - Covariate channels: 0
    - Series length: min=2208, max=5587, avg=3502.3
    - Test split: 672 steps
    - Prediction length: 336
    - Windows: 2
    Total instances: 42, Series during experiment: 21, Windows: 2
    Collecting ground truth and context...
    Organizing data into arrays...
    Saved predictions (quantiles) to /fslarge/scratch/users/h61084/codes/evaluating_tsfms/outputs/context_size/tasks/chronos2/context_length/1024/multivariate/current_velocity/H/long/run_0/predictions.npz
    Computing per-window metrics...
    Saved metrics to /fslarge/scratch/users/h61084/codes/evaluating_tsfms/outputs/context_size/tasks/chronos2/context_length/1024/multivariate/current_velocity/H/long/run_0/metrics.npz
    Saved config to /fslarge/scratch/users/h61084/codes/evaluating_tsfms/outputs/context_size/tasks/chronos2/context_length/1024/multivariate/current_velocity/H/long/run_0/config.json
    Saved aggregate metrics to /fslarge/scratch/users/h61084/codes/evaluating_tsfms/outputs/context_size/tasks/chronos2/context_length/1024/multivariate/current_velocity/H/long/run_0/metrics_summary.json
    Metrics summary (averaged over all series/windows/variates):
      MSE: 12.9375
      MAE: 1.2409
      RMSE: 1.5604
      MAPE: 2111799597974.4043
      sMAPE: 0.6027
      MASE: 1.4217
      ND: 0.4399
      CRPS: 0.3468
  Completed: 21 series × 2 windows
  Output: /fslarge/scratch/users/h61084/codes/evaluating_tsfms/outputs/context_size/tasks/chronos2/context_length/1024/multivariate/current_velocity/H/long/run_0

============================================================
All experiments completed!
Results saved to: /scratch/users/h61084/codes/evaluating_tsfms/outputs/context_size/tasks
============================================================

############################################################
# All 1 dataset(s) completed!
############################################################

############################################################
# Dataset 1/1: CPHL/15T
############################################################
[2026-09-20 19:56:54 UTC] resources model_device {"device": "cuda", "model": "chronos2"}
Loading configuration...

============================================================
Dataset: CPHL/15T
Model: amazon/chronos-2
Checkpoint: /fslarge/scratch/users/h61084/weights/chronos2
Terms: ['short', 'medium', 'long']
Covariate mode: none
Instance normalization: none
============================================================

--- Term: short ---
  Config: prediction_length=12, test_length=1440, val_length=1440
TIME run allocation action=new run=/fslarge/scratch/users/h61084/codes/evaluating_tsfms/outputs/context_size/tasks/chronos2/context_length/1024/univariate/CPHL/15T/short/run_0 launch_id=selena_context_size_20260920T193931Z_45055 slurm_job_id=3506741 launched_at=2026-09-20T19:56:54.080849+00:00
  Initializing Chronos pipeline (/fslarge/scratch/users/h61084/weights/chronos2)...
  Dataset info:
    - Frequency: 15T
    - Num series: 2
    - Target dim: 1
    - Target mode: univariate
    - Covariate channels: 0
    - Series length: min=9956, max=10831, avg=10393.5
    - Test split: 1440 steps
    - Prediction length: 12
    - Windows: 120
    Processed 160/240...
    Total instances: 240, Series during experiment: 2, Windows: 120
    Collecting ground truth and context...
    Organizing data into arrays...
    Saved predictions (quantiles) to /fslarge/scratch/users/h61084/codes/evaluating_tsfms/outputs/context_size/tasks/chronos2/context_length/1024/univariate/CPHL/15T/short/run_0/predictions.npz
    Computing per-window metrics...
    Saved metrics to /fslarge/scratch/users/h61084/codes/evaluating_tsfms/outputs/context_size/tasks/chronos2/context_length/1024/univariate/CPHL/15T/short/run_0/metrics.npz
    Saved config to /fslarge/scratch/users/h61084/codes/evaluating_tsfms/outputs/context_size/tasks/chronos2/context_length/1024/univariate/CPHL/15T/short/run_0/config.json
    Saved aggregate metrics to /fslarge/scratch/users/h61084/codes/evaluating_tsfms/outputs/context_size/tasks/chronos2/context_length/1024/univariate/CPHL/15T/short/run_0/metrics_summary.json
    Metrics summary (averaged over all series/windows/variates):
      MSE: 0.0651
      MAE: 0.1402
      RMSE: 0.1634
      MAPE: 0.1968
      sMAPE: 0.1816
      MASE: 0.6636
      ND: 0.1885
      CRPS: 0.1494
  Completed: 2 series × 120 windows
  Output: /fslarge/scratch/users/h61084/codes/evaluating_tsfms/outputs/context_size/tasks/chronos2/context_length/1024/univariate/CPHL/15T/short/run_0

--- Term: medium ---
  Config: prediction_length=96, test_length=1440, val_length=1440
TIME run allocation action=new run=/fslarge/scratch/users/h61084/codes/evaluating_tsfms/outputs/context_size/tasks/chronos2/context_length/1024/univariate/CPHL/15T/medium/run_0 launch_id=selena_context_size_20260920T193931Z_45055 slurm_job_id=3506741 launched_at=2026-09-20T19:56:55.108507+00:00
  Initializing Chronos pipeline (/fslarge/scratch/users/h61084/weights/chronos2)...
  Dataset info:
    - Frequency: 15T
    - Num series: 2
    - Target dim: 1
    - Target mode: univariate
    - Covariate channels: 0
    - Series length: min=9956, max=10831, avg=10393.5
    - Test split: 1440 steps
    - Prediction length: 96
    - Windows: 15
    Total instances: 30, Series during experiment: 2, Windows: 15
    Collecting ground truth and context...
    Organizing data into arrays...
    Saved predictions (quantiles) to /fslarge/scratch/users/h61084/codes/evaluating_tsfms/outputs/context_size/tasks/chronos2/context_length/1024/univariate/CPHL/15T/medium/run_0/predictions.npz
    Computing per-window metrics...
    Saved metrics to /fslarge/scratch/users/h61084/codes/evaluating_tsfms/outputs/context_size/tasks/chronos2/context_length/1024/univariate/CPHL/15T/medium/run_0/metrics.npz
    Saved config to /fslarge/scratch/users/h61084/codes/evaluating_tsfms/outputs/context_size/tasks/chronos2/context_length/1024/univariate/CPHL/15T/medium/run_0/config.json
    Saved aggregate metrics to /fslarge/scratch/users/h61084/codes/evaluating_tsfms/outputs/context_size/tasks/chronos2/context_length/1024/univariate/CPHL/15T/medium/run_0/metrics_summary.json
    Metrics summary (averaged over all series/windows/variates):
      MSE: 0.1184
      MAE: 0.2228
      RMSE: 0.2817
      MAPE: 0.3568
      sMAPE: 0.3070
      MASE: 1.1057
      ND: 0.3080
      CRPS: 0.2452
  Completed: 2 series × 15 windows
  Output: /fslarge/scratch/users/h61084/codes/evaluating_tsfms/outputs/context_size/tasks/chronos2/context_length/1024/univariate/CPHL/15T/medium/run_0

--- Term: long ---
  Config: prediction_length=288, test_length=1440, val_length=1440
TIME run allocation action=new run=/fslarge/scratch/users/h61084/codes/evaluating_tsfms/outputs/context_size/tasks/chronos2/context_length/1024/univariate/CPHL/15T/long/run_0 launch_id=selena_context_size_20260920T193931Z_45055 slurm_job_id=3506741 launched_at=2026-09-20T19:56:55.393069+00:00
  Initializing Chronos pipeline (/fslarge/scratch/users/h61084/weights/chronos2)...
  Dataset info:
    - Frequency: 15T
    - Num series: 2
    - Target dim: 1
    - Target mode: univariate
    - Covariate channels: 0
    - Series length: min=9956, max=10831, avg=10393.5
    - Test split: 1440 steps
    - Prediction length: 288
    - Windows: 5
    Total instances: 10, Series during experiment: 2, Windows: 5
    Collecting ground truth and context...
    Organizing data into arrays...
    Saved predictions (quantiles) to /fslarge/scratch/users/h61084/codes/evaluating_tsfms/outputs/context_size/tasks/chronos2/context_length/1024/univariate/CPHL/15T/long/run_0/predictions.npz
    Computing per-window metrics...
    Saved metrics to /fslarge/scratch/users/h61084/codes/evaluating_tsfms/outputs/context_size/tasks/chronos2/context_length/1024/univariate/CPHL/15T/long/run_0/metrics.npz
    Saved config to /fslarge/scratch/users/h61084/codes/evaluating_tsfms/outputs/context_size/tasks/chronos2/context_length/1024/univariate/CPHL/15T/long/run_0/config.json
    Saved aggregate metrics to /fslarge/scratch/users/h61084/codes/evaluating_tsfms/outputs/context_size/tasks/chronos2/context_length/1024/univariate/CPHL/15T/long/run_0/metrics_summary.json
    Metrics summary (averaged over all series/windows/variates):
      MSE: 0.1260
      MAE: 0.2346
      RMSE: 0.3125
      MAPE: 0.3743
      sMAPE: 0.3223
      MASE: 1.1841
      ND: 0.3225
      CRPS: 0.2593
  Completed: 2 series × 5 windows
  Output: /fslarge/scratch/users/h61084/codes/evaluating_tsfms/outputs/context_size/tasks/chronos2/context_length/1024/univariate/CPHL/15T/long/run_0

============================================================
All experiments completed!
Results saved to: /scratch/users/h61084/codes/evaluating_tsfms/outputs/context_size/tasks
============================================================

############################################################
# All 1 dataset(s) completed!
############################################################

############################################################
# Dataset 1/1: CPHL/30T
############################################################
[2026-09-20 19:57:04 UTC] resources model_device {"device": "cuda", "model": "chronos2"}
Loading configuration...

============================================================
Dataset: CPHL/30T
Model: amazon/chronos-2
Checkpoint: /fslarge/scratch/users/h61084/weights/chronos2
Terms: ['short', 'medium', 'long']
Covariate mode: none
Instance normalization: none
============================================================

--- Term: short ---
  Config: prediction_length=12, test_length=1440, val_length=1440
TIME run allocation action=new run=/fslarge/scratch/users/h61084/codes/evaluating_tsfms/outputs/context_size/tasks/chronos2/context_length/1024/univariate/CPHL/30T/short/run_0 launch_id=selena_context_size_20260920T193931Z_45055 slurm_job_id=3506741 launched_at=2026-09-20T19:57:04.040191+00:00
  Initializing Chronos pipeline (/fslarge/scratch/users/h61084/weights/chronos2)...
  Dataset info:
    - Frequency: 30T
    - Num series: 2
    - Target dim: 1
    - Target mode: univariate
    - Covariate channels: 0
    - Series length: min=11808, max=17566, avg=14687.0
    - Test split: 1440 steps
    - Prediction length: 12
    - Windows: 120
    Processed 160/240...
    Total instances: 240, Series during experiment: 2, Windows: 120
    Collecting ground truth and context...
    Organizing data into arrays...
    Saved predictions (quantiles) to /fslarge/scratch/users/h61084/codes/evaluating_tsfms/outputs/context_size/tasks/chronos2/context_length/1024/univariate/CPHL/30T/short/run_0/predictions.npz
    Computing per-window metrics...
    Saved metrics to /fslarge/scratch/users/h61084/codes/evaluating_tsfms/outputs/context_size/tasks/chronos2/context_length/1024/univariate/CPHL/30T/short/run_0/metrics.npz
    Saved config to /fslarge/scratch/users/h61084/codes/evaluating_tsfms/outputs/context_size/tasks/chronos2/context_length/1024/univariate/CPHL/30T/short/run_0/config.json
    Saved aggregate metrics to /fslarge/scratch/users/h61084/codes/evaluating_tsfms/outputs/context_size/tasks/chronos2/context_length/1024/univariate/CPHL/30T/short/run_0/metrics_summary.json
    Metrics summary (averaged over all series/windows/variates):
      MSE: 0.5888
      MAE: 0.4540
      RMSE: 0.5467
      MAPE: 0.3937
      sMAPE: 0.2902
      MASE: 1.3596
      ND: 0.2894
      CRPS: 0.2245
  Completed: 2 series × 120 windows
  Output: /fslarge/scratch/users/h61084/codes/evaluating_tsfms/outputs/context_size/tasks/chronos2/context_length/1024/univariate/CPHL/30T/short/run_0

--- Term: medium ---
  Config: prediction_length=48, test_length=1440, val_length=1440
TIME run allocation action=new run=/fslarge/scratch/users/h61084/codes/evaluating_tsfms/outputs/context_size/tasks/chronos2/context_length/1024/univariate/CPHL/30T/medium/run_0 launch_id=selena_context_size_20260920T193931Z_45055 slurm_job_id=3506741 launched_at=2026-09-20T19:57:05.069111+00:00
  Initializing Chronos pipeline (/fslarge/scratch/users/h61084/weights/chronos2)...
  Dataset info:
    - Frequency: 30T
    - Num series: 2
    - Target dim: 1
    - Target mode: univariate
    - Covariate channels: 0
    - Series length: min=11808, max=17566, avg=14687.0
    - Test split: 1440 steps
    - Prediction length: 48
    - Windows: 30
    Total instances: 60, Series during experiment: 2, Windows: 30
    Collecting ground truth and context...
    Organizing data into arrays...
    Saved predictions (quantiles) to /fslarge/scratch/users/h61084/codes/evaluating_tsfms/outputs/context_size/tasks/chronos2/context_length/1024/univariate/CPHL/30T/medium/run_0/predictions.npz
    Computing per-window metrics...
    Saved metrics to /fslarge/scratch/users/h61084/codes/evaluating_tsfms/outputs/context_size/tasks/chronos2/context_length/1024/univariate/CPHL/30T/medium/run_0/metrics.npz
    Saved config to /fslarge/scratch/users/h61084/codes/evaluating_tsfms/outputs/context_size/tasks/chronos2/context_length/1024/univariate/CPHL/30T/medium/run_0/config.json
    Saved aggregate metrics to /fslarge/scratch/users/h61084/codes/evaluating_tsfms/outputs/context_size/tasks/chronos2/context_length/1024/univariate/CPHL/30T/medium/run_0/metrics_summary.json
    Metrics summary (averaged over all series/windows/variates):
      MSE: 0.6956
      MAE: 0.5063
      RMSE: 0.6161
      MAPE: 0.4646
      sMAPE: 0.3358
      MASE: 1.5359
      ND: 0.3325
      CRPS: 0.2545
  Completed: 2 series × 30 windows
  Output: /fslarge/scratch/users/h61084/codes/evaluating_tsfms/outputs/context_size/tasks/chronos2/context_length/1024/univariate/CPHL/30T/medium/run_0

--- Term: long ---
  Config: prediction_length=144, test_length=1440, val_length=1440
TIME run allocation action=new run=/fslarge/scratch/users/h61084/codes/evaluating_tsfms/outputs/context_size/tasks/chronos2/context_length/1024/univariate/CPHL/30T/long/run_0 launch_id=selena_context_size_20260920T193931Z_45055 slurm_job_id=3506741 launched_at=2026-09-20T19:57:05.388211+00:00
  Initializing Chronos pipeline (/fslarge/scratch/users/h61084/weights/chronos2)...
  Dataset info:
    - Frequency: 30T
    - Num series: 2
    - Target dim: 1
    - Target mode: univariate
    - Covariate channels: 0
    - Series length: min=11808, max=17566, avg=14687.0
    - Test split: 1440 steps
    - Prediction length: 144
    - Windows: 10
    Total instances: 20, Series during experiment: 2, Windows: 10
    Collecting ground truth and context...
    Organizing data into arrays...
    Saved predictions (quantiles) to /fslarge/scratch/users/h61084/codes/evaluating_tsfms/outputs/context_size/tasks/chronos2/context_length/1024/univariate/CPHL/30T/long/run_0/predictions.npz
    Computing per-window metrics...
    Saved metrics to /fslarge/scratch/users/h61084/codes/evaluating_tsfms/outputs/context_size/tasks/chronos2/context_length/1024/univariate/CPHL/30T/long/run_0/metrics.npz
    Saved config to /fslarge/scratch/users/h61084/codes/evaluating_tsfms/outputs/context_size/tasks/chronos2/context_length/1024/univariate/CPHL/30T/long/run_0/config.json
    Saved aggregate metrics to /fslarge/scratch/users/h61084/codes/evaluating_tsfms/outputs/context_size/tasks/chronos2/context_length/1024/univariate/CPHL/30T/long/run_0/metrics_summary.json
    Metrics summary (averaged over all series/windows/variates):
      MSE: 0.8014
      MAE: 0.5557
      RMSE: 0.6789
      MAPE: 0.5464
      sMAPE: 0.4081
      MASE: 1.7848
      ND: 0.3789
      CRPS: 0.2935
  Completed: 2 series × 10 windows
  Output: /fslarge/scratch/users/h61084/codes/evaluating_tsfms/outputs/context_size/tasks/chronos2/context_length/1024/univariate/CPHL/30T/long/run_0

============================================================
All experiments completed!
Results saved to: /scratch/users/h61084/codes/evaluating_tsfms/outputs/context_size/tasks
============================================================

############################################################
# All 1 dataset(s) completed!
############################################################

############################################################
# Dataset 1/1: CPHL/H
############################################################
[2026-09-20 19:57:14 UTC] resources model_device {"device": "cuda", "model": "chronos2"}
Loading configuration...

============================================================
Dataset: CPHL/H
Model: amazon/chronos-2
Checkpoint: /fslarge/scratch/users/h61084/weights/chronos2
Terms: ['short', 'medium', 'long']
Covariate mode: none
Instance normalization: none
============================================================

--- Term: short ---
  Config: prediction_length=24, test_length=672, val_length=672
TIME run allocation action=new run=/fslarge/scratch/users/h61084/codes/evaluating_tsfms/outputs/context_size/tasks/chronos2/context_length/1024/univariate/CPHL/H/short/run_0 launch_id=selena_context_size_20260920T193931Z_45055 slurm_job_id=3506741 launched_at=2026-09-20T19:57:14.129091+00:00
  Initializing Chronos pipeline (/fslarge/scratch/users/h61084/weights/chronos2)...
  Dataset info:
    - Frequency: H
    - Num series: 4
    - Target dim: 1
    - Target mode: univariate
    - Covariate channels: 0
    - Series length: min=2490, max=8783, avg=4971.2
    - Test split: 672 steps
    - Prediction length: 24
    - Windows: 28
    Total instances: 112, Series during experiment: 4, Windows: 28
    Collecting ground truth and context...
    Organizing data into arrays...
    Saved predictions (quantiles) to /fslarge/scratch/users/h61084/codes/evaluating_tsfms/outputs/context_size/tasks/chronos2/context_length/1024/univariate/CPHL/H/short/run_0/predictions.npz
    Computing per-window metrics...
    Saved metrics to /fslarge/scratch/users/h61084/codes/evaluating_tsfms/outputs/context_size/tasks/chronos2/context_length/1024/univariate/CPHL/H/short/run_0/metrics.npz
    Saved config to /fslarge/scratch/users/h61084/codes/evaluating_tsfms/outputs/context_size/tasks/chronos2/context_length/1024/univariate/CPHL/H/short/run_0/config.json
    Saved aggregate metrics to /fslarge/scratch/users/h61084/codes/evaluating_tsfms/outputs/context_size/tasks/chronos2/context_length/1024/univariate/CPHL/H/short/run_0/metrics_summary.json
    Metrics summary (averaged over all series/windows/variates):
      MSE: 0.3627
      MAE: 0.3405
      RMSE: 0.4120
      MAPE: 0.3404
      sMAPE: 0.2928
      MASE: 1.2555
      ND: 0.2881
      CRPS: 0.2246
  Completed: 4 series × 28 windows
  Output: /fslarge/scratch/users/h61084/codes/evaluating_tsfms/outputs/context_size/tasks/chronos2/context_length/1024/univariate/CPHL/H/short/run_0

--- Term: medium ---
  Config: prediction_length=168, test_length=672, val_length=672
TIME run allocation action=new run=/fslarge/scratch/users/h61084/codes/evaluating_tsfms/outputs/context_size/tasks/chronos2/context_length/1024/univariate/CPHL/H/medium/run_0 launch_id=selena_context_size_20260920T193931Z_45055 slurm_job_id=3506741 launched_at=2026-09-20T19:57:15.416879+00:00
  Initializing Chronos pipeline (/fslarge/scratch/users/h61084/weights/chronos2)...
  Dataset info:
    - Frequency: H
    - Num series: 4
    - Target dim: 1
    - Target mode: univariate
    - Covariate channels: 0
    - Series length: min=2490, max=8783, avg=4971.2
    - Test split: 672 steps
    - Prediction length: 168
    - Windows: 4
    Total instances: 16, Series during experiment: 4, Windows: 4
    Collecting ground truth and context...
    Organizing data into arrays...
    Saved predictions (quantiles) to /fslarge/scratch/users/h61084/codes/evaluating_tsfms/outputs/context_size/tasks/chronos2/context_length/1024/univariate/CPHL/H/medium/run_0/predictions.npz
    Computing per-window metrics...
    Saved metrics to /fslarge/scratch/users/h61084/codes/evaluating_tsfms/outputs/context_size/tasks/chronos2/context_length/1024/univariate/CPHL/H/medium/run_0/metrics.npz
    Saved config to /fslarge/scratch/users/h61084/codes/evaluating_tsfms/outputs/context_size/tasks/chronos2/context_length/1024/univariate/CPHL/H/medium/run_0/config.json
    Saved aggregate metrics to /fslarge/scratch/users/h61084/codes/evaluating_tsfms/outputs/context_size/tasks/chronos2/context_length/1024/univariate/CPHL/H/medium/run_0/metrics_summary.json
    Metrics summary (averaged over all series/windows/variates):
      MSE: 0.5198
      MAE: 0.4564
      RMSE: 0.5646
      MAPE: 0.4774
      sMAPE: 0.4304
      MASE: 1.9085
      ND: 0.4220
      CRPS: 0.3242
  Completed: 4 series × 4 windows
  Output: /fslarge/scratch/users/h61084/codes/evaluating_tsfms/outputs/context_size/tasks/chronos2/context_length/1024/univariate/CPHL/H/medium/run_0

--- Term: long ---
  Config: prediction_length=336, test_length=672, val_length=672
TIME run allocation action=new run=/fslarge/scratch/users/h61084/codes/evaluating_tsfms/outputs/context_size/tasks/chronos2/context_length/1024/univariate/CPHL/H/long/run_0 launch_id=selena_context_size_20260920T193931Z_45055 slurm_job_id=3506741 launched_at=2026-09-20T19:57:15.680993+00:00
  Initializing Chronos pipeline (/fslarge/scratch/users/h61084/weights/chronos2)...
  Dataset info:
    - Frequency: H
    - Num series: 4
    - Target dim: 1
    - Target mode: univariate
    - Covariate channels: 0
    - Series length: min=2490, max=8783, avg=4971.2
    - Test split: 672 steps
    - Prediction length: 336
    - Windows: 2
    Total instances: 8, Series during experiment: 4, Windows: 2
    Collecting ground truth and context...
    Organizing data into arrays...
    Saved predictions (quantiles) to /fslarge/scratch/users/h61084/codes/evaluating_tsfms/outputs/context_size/tasks/chronos2/context_length/1024/univariate/CPHL/H/long/run_0/predictions.npz
    Computing per-window metrics...
    Saved metrics to /fslarge/scratch/users/h61084/codes/evaluating_tsfms/outputs/context_size/tasks/chronos2/context_length/1024/univariate/CPHL/H/long/run_0/metrics.npz
    Saved config to /fslarge/scratch/users/h61084/codes/evaluating_tsfms/outputs/context_size/tasks/chronos2/context_length/1024/univariate/CPHL/H/long/run_0/config.json
    Saved aggregate metrics to /fslarge/scratch/users/h61084/codes/evaluating_tsfms/outputs/context_size/tasks/chronos2/context_length/1024/univariate/CPHL/H/long/run_0/metrics_summary.json
    Metrics summary (averaged over all series/windows/variates):
      MSE: 0.5800
      MAE: 0.5033
      RMSE: 0.6274
      MAPE: 0.5766
      sMAPE: 0.5237
      MASE: 2.3926
      ND: 0.5010
      CRPS: 0.3993
  Completed: 4 series × 2 windows
  Output: /fslarge/scratch/users/h61084/codes/evaluating_tsfms/outputs/context_size/tasks/chronos2/context_length/1024/univariate/CPHL/H/long/run_0

============================================================
All experiments completed!
Results saved to: /scratch/users/h61084/codes/evaluating_tsfms/outputs/context_size/tasks
============================================================

############################################################
# All 1 dataset(s) completed!
############################################################

############################################################
# Dataset 1/1: Coastal_T_S/5T
############################################################
[2026-09-20 19:57:24 UTC] resources model_device {"device": "cuda", "model": "chronos2"}
Loading configuration...

============================================================
Dataset: Coastal_T_S/5T
Model: amazon/chronos-2
Checkpoint: /fslarge/scratch/users/h61084/weights/chronos2
Terms: ['short', 'medium', 'long']
Covariate mode: none
Instance normalization: none
============================================================

--- Term: short ---
  Config: prediction_length=36, test_length=4320, val_length=4320
TIME run allocation action=new run=/fslarge/scratch/users/h61084/codes/evaluating_tsfms/outputs/context_size/tasks/chronos2/context_length/1024/multivariate/Coastal_T_S/5T/short/run_0 launch_id=selena_context_size_20260920T193931Z_45055 slurm_job_id=3506741 launched_at=2026-09-20T19:57:24.721117+00:00
  Initializing Chronos pipeline (/fslarge/scratch/users/h61084/weights/chronos2)...
  Dataset info:
    - Frequency: 5T
    - Num series: 18
    - Target dim: 3
    - Target mode: multivariate
    - Covariate channels: 0
    - Series length: min=44614, max=105408, avg=68604.9
    - Test split: 4320 steps
    - Prediction length: 36
    - Windows: 120
    Processed 160/2160...
    Processed 320/2160...
    Processed 480/2160...
    Processed 640/2160...
    Processed 800/2160...
    Processed 960/2160...
    Processed 1120/2160...
    Processed 1280/2160...
    Processed 1440/2160...
    Processed 1600/2160...
    Processed 1760/2160...
    Processed 1920/2160...
    Processed 2080/2160...
    Total instances: 2160, Series during experiment: 18, Windows: 120
    Collecting ground truth and context...
    Organizing data into arrays...
    Saved predictions (quantiles) to /fslarge/scratch/users/h61084/codes/evaluating_tsfms/outputs/context_size/tasks/chronos2/context_length/1024/multivariate/Coastal_T_S/5T/short/run_0/predictions.npz
    Computing per-window metrics...
    Saved metrics to /fslarge/scratch/users/h61084/codes/evaluating_tsfms/outputs/context_size/tasks/chronos2/context_length/1024/multivariate/Coastal_T_S/5T/short/run_0/metrics.npz
    Saved config to /fslarge/scratch/users/h61084/codes/evaluating_tsfms/outputs/context_size/tasks/chronos2/context_length/1024/multivariate/Coastal_T_S/5T/short/run_0/config.json
    Saved aggregate metrics to /fslarge/scratch/users/h61084/codes/evaluating_tsfms/outputs/context_size/tasks/chronos2/context_length/1024/multivariate/Coastal_T_S/5T/short/run_0/metrics_summary.json
    Metrics summary (averaged over all series/windows/variates):
      MSE: 117.6984
      MAE: 2.8500
      RMSE: 2.9988
      MAPE: 0.0858
      sMAPE: 0.0668
      MASE: 0.7895
      ND: 0.0618
      CRPS: 0.0376
  Completed: 18 series × 120 windows
  Output: /fslarge/scratch/users/h61084/codes/evaluating_tsfms/outputs/context_size/tasks/chronos2/context_length/1024/multivariate/Coastal_T_S/5T/short/run_0

--- Term: medium ---
  Config: prediction_length=288, test_length=4320, val_length=4320
TIME run allocation action=new run=/fslarge/scratch/users/h61084/codes/evaluating_tsfms/outputs/context_size/tasks/chronos2/context_length/1024/multivariate/Coastal_T_S/5T/medium/run_0 launch_id=selena_context_size_20260920T193931Z_45055 slurm_job_id=3506741 launched_at=2026-09-20T19:57:32.934870+00:00
  Initializing Chronos pipeline (/fslarge/scratch/users/h61084/weights/chronos2)...
  Dataset info:
    - Frequency: 5T
    - Num series: 18
    - Target dim: 3
    - Target mode: multivariate
    - Covariate channels: 0
    - Series length: min=44614, max=105408, avg=68604.9
    - Test split: 4320 steps
    - Prediction length: 288
    - Windows: 15
    Processed 160/270...
    Total instances: 270, Series during experiment: 18, Windows: 15
    Collecting ground truth and context...
    Organizing data into arrays...
    Saved predictions (quantiles) to /fslarge/scratch/users/h61084/codes/evaluating_tsfms/outputs/context_size/tasks/chronos2/context_length/1024/multivariate/Coastal_T_S/5T/medium/run_0/predictions.npz
    Computing per-window metrics...
    Saved metrics to /fslarge/scratch/users/h61084/codes/evaluating_tsfms/outputs/context_size/tasks/chronos2/context_length/1024/multivariate/Coastal_T_S/5T/medium/run_0/metrics.npz
    Saved config to /fslarge/scratch/users/h61084/codes/evaluating_tsfms/outputs/context_size/tasks/chronos2/context_length/1024/multivariate/Coastal_T_S/5T/medium/run_0/config.json
    Saved aggregate metrics to /fslarge/scratch/users/h61084/codes/evaluating_tsfms/outputs/context_size/tasks/chronos2/context_length/1024/multivariate/Coastal_T_S/5T/medium/run_0/metrics_summary.json
    Metrics summary (averaged over all series/windows/variates):
      MSE: 122.1221
      MAE: 2.9713
      RMSE: 3.2044
      MAPE: 0.0881
      sMAPE: 0.0709
      MASE: 1.0361
      ND: 0.0661
      CRPS: 0.0417
  Completed: 18 series × 15 windows
  Output: /fslarge/scratch/users/h61084/codes/evaluating_tsfms/outputs/context_size/tasks/chronos2/context_length/1024/multivariate/Coastal_T_S/5T/medium/run_0

--- Term: long ---
  Config: prediction_length=864, test_length=4320, val_length=4320
TIME run allocation action=new run=/fslarge/scratch/users/h61084/codes/evaluating_tsfms/outputs/context_size/tasks/chronos2/context_length/1024/multivariate/Coastal_T_S/5T/long/run_0 launch_id=selena_context_size_20260920T193931Z_45055 slurm_job_id=3506741 launched_at=2026-09-20T19:57:34.654362+00:00
  Initializing Chronos pipeline (/fslarge/scratch/users/h61084/weights/chronos2)...
  Dataset info:
    - Frequency: 5T
    - Num series: 18
    - Target dim: 3
    - Target mode: multivariate
    - Covariate channels: 0
    - Series length: min=44614, max=105408, avg=68604.9
    - Test split: 4320 steps
    - Prediction length: 864
    - Windows: 5
    Total instances: 90, Series during experiment: 18, Windows: 5
    Collecting ground truth and context...
    Organizing data into arrays...
    Saved predictions (quantiles) to /fslarge/scratch/users/h61084/codes/evaluating_tsfms/outputs/context_size/tasks/chronos2/context_length/1024/multivariate/Coastal_T_S/5T/long/run_0/predictions.npz
    Computing per-window metrics...
    Saved metrics to /fslarge/scratch/users/h61084/codes/evaluating_tsfms/outputs/context_size/tasks/chronos2/context_length/1024/multivariate/Coastal_T_S/5T/long/run_0/metrics.npz
    Saved config to /fslarge/scratch/users/h61084/codes/evaluating_tsfms/outputs/context_size/tasks/chronos2/context_length/1024/multivariate/Coastal_T_S/5T/long/run_0/config.json
    Saved aggregate metrics to /fslarge/scratch/users/h61084/codes/evaluating_tsfms/outputs/context_size/tasks/chronos2/context_length/1024/multivariate/Coastal_T_S/5T/long/run_0/metrics_summary.json
    Metrics summary (averaged over all series/windows/variates):
      MSE: 128.3443
      MAE: 3.0986
      RMSE: 3.3879
      MAPE: 0.0934
      sMAPE: 0.0746
      MASE: 1.3367
      ND: 0.0703
      CRPS: 0.0469
  Completed: 18 series × 5 windows
  Output: /fslarge/scratch/users/h61084/codes/evaluating_tsfms/outputs/context_size/tasks/chronos2/context_length/1024/multivariate/Coastal_T_S/5T/long/run_0

============================================================
All experiments completed!
Results saved to: /scratch/users/h61084/codes/evaluating_tsfms/outputs/context_size/tasks
============================================================

############################################################
# All 1 dataset(s) completed!
############################################################

############################################################
# Dataset 1/1: Coastal_T_S/15T
############################################################
[2026-09-20 19:57:44 UTC] resources model_device {"device": "cuda", "model": "chronos2"}
Loading configuration...

============================================================
Dataset: Coastal_T_S/15T
Model: amazon/chronos-2
Checkpoint: /fslarge/scratch/users/h61084/weights/chronos2
Terms: ['short', 'medium', 'long']
Covariate mode: none
Instance normalization: none
============================================================

--- Term: short ---
  Config: prediction_length=12, test_length=1440, val_length=1440
TIME run allocation action=new run=/fslarge/scratch/users/h61084/codes/evaluating_tsfms/outputs/context_size/tasks/chronos2/context_length/1024/multivariate/Coastal_T_S/15T/short/run_0 launch_id=selena_context_size_20260920T193931Z_45055 slurm_job_id=3506741 launched_at=2026-09-20T19:57:44.230118+00:00
  Initializing Chronos pipeline (/fslarge/scratch/users/h61084/weights/chronos2)...
  Dataset info:
    - Frequency: 15T
    - Num series: 5
    - Target dim: 3
    - Target mode: multivariate
    - Covariate channels: 0
    - Series length: min=16686, max=23134, avg=20870.2
    - Test split: 1440 steps
    - Prediction length: 12
    - Windows: 120
    Processed 160/600...
    Processed 320/600...
    Processed 480/600...
    Total instances: 600, Series during experiment: 5, Windows: 120
    Collecting ground truth and context...
    Organizing data into arrays...
    Saved predictions (quantiles) to /fslarge/scratch/users/h61084/codes/evaluating_tsfms/outputs/context_size/tasks/chronos2/context_length/1024/multivariate/Coastal_T_S/15T/short/run_0/predictions.npz
    Computing per-window metrics...
    Saved metrics to /fslarge/scratch/users/h61084/codes/evaluating_tsfms/outputs/context_size/tasks/chronos2/context_length/1024/multivariate/Coastal_T_S/15T/short/run_0/metrics.npz
    Saved config to /fslarge/scratch/users/h61084/codes/evaluating_tsfms/outputs/context_size/tasks/chronos2/context_length/1024/multivariate/Coastal_T_S/15T/short/run_0/config.json
    Saved aggregate metrics to /fslarge/scratch/users/h61084/codes/evaluating_tsfms/outputs/context_size/tasks/chronos2/context_length/1024/multivariate/Coastal_T_S/15T/short/run_0/metrics_summary.json
    Metrics summary (averaged over all series/windows/variates):
      MSE: 114.2046
      MAE: 4.6482
      RMSE: 4.9073
      MAPE: 0.1327
      sMAPE: 0.1190
      MASE: 1.1280
      ND: 0.1146
      CRPS: 0.0681
  Completed: 5 series × 120 windows
  Output: /fslarge/scratch/users/h61084/codes/evaluating_tsfms/outputs/context_size/tasks/chronos2/context_length/1024/multivariate/Coastal_T_S/15T/short/run_0

--- Term: medium ---
  Config: prediction_length=96, test_length=1440, val_length=1440
TIME run allocation action=new run=/fslarge/scratch/users/h61084/codes/evaluating_tsfms/outputs/context_size/tasks/chronos2/context_length/1024/multivariate/Coastal_T_S/15T/medium/run_0 launch_id=selena_context_size_20260920T193931Z_45055 slurm_job_id=3506741 launched_at=2026-09-20T19:57:46.471639+00:00
  Initializing Chronos pipeline (/fslarge/scratch/users/h61084/weights/chronos2)...
  Dataset info:
    - Frequency: 15T
    - Num series: 5
    - Target dim: 3
    - Target mode: multivariate
    - Covariate channels: 0
    - Series length: min=16686, max=23134, avg=20870.2
    - Test split: 1440 steps
    - Prediction length: 96
    - Windows: 15
    Total instances: 75, Series during experiment: 5, Windows: 15
    Collecting ground truth and context...
    Organizing data into arrays...
    Saved predictions (quantiles) to /fslarge/scratch/users/h61084/codes/evaluating_tsfms/outputs/context_size/tasks/chronos2/context_length/1024/multivariate/Coastal_T_S/15T/medium/run_0/predictions.npz
    Computing per-window metrics...
    Saved metrics to /fslarge/scratch/users/h61084/codes/evaluating_tsfms/outputs/context_size/tasks/chronos2/context_length/1024/multivariate/Coastal_T_S/15T/medium/run_0/metrics.npz
    Saved config to /fslarge/scratch/users/h61084/codes/evaluating_tsfms/outputs/context_size/tasks/chronos2/context_length/1024/multivariate/Coastal_T_S/15T/medium/run_0/config.json
    Saved aggregate metrics to /fslarge/scratch/users/h61084/codes/evaluating_tsfms/outputs/context_size/tasks/chronos2/context_length/1024/multivariate/Coastal_T_S/15T/medium/run_0/metrics_summary.json
    Metrics summary (averaged over all series/windows/variates):
      MSE: 116.3123
      MAE: 4.6992
      RMSE: 4.9815
      MAPE: 0.1307
      sMAPE: 0.1210
      MASE: 1.2553
      ND: 0.1147
      CRPS: 0.0679
  Completed: 5 series × 15 windows
  Output: /fslarge/scratch/users/h61084/codes/evaluating_tsfms/outputs/context_size/tasks/chronos2/context_length/1024/multivariate/Coastal_T_S/15T/medium/run_0

--- Term: long ---
  Config: prediction_length=288, test_length=1440, val_length=1440
TIME run allocation action=new run=/fslarge/scratch/users/h61084/codes/evaluating_tsfms/outputs/context_size/tasks/chronos2/context_length/1024/multivariate/Coastal_T_S/15T/long/run_0 launch_id=selena_context_size_20260920T193931Z_45055 slurm_job_id=3506741 launched_at=2026-09-20T19:57:46.950415+00:00
  Initializing Chronos pipeline (/fslarge/scratch/users/h61084/weights/chronos2)...
  Dataset info:
    - Frequency: 15T
    - Num series: 5
    - Target dim: 3
    - Target mode: multivariate
    - Covariate channels: 0
    - Series length: min=16686, max=23134, avg=20870.2
    - Test split: 1440 steps
    - Prediction length: 288
    - Windows: 5
    Total instances: 25, Series during experiment: 5, Windows: 5
    Collecting ground truth and context...
    Organizing data into arrays...
    Saved predictions (quantiles) to /fslarge/scratch/users/h61084/codes/evaluating_tsfms/outputs/context_size/tasks/chronos2/context_length/1024/multivariate/Coastal_T_S/15T/long/run_0/predictions.npz
    Computing per-window metrics...
    Saved metrics to /fslarge/scratch/users/h61084/codes/evaluating_tsfms/outputs/context_size/tasks/chronos2/context_length/1024/multivariate/Coastal_T_S/15T/long/run_0/metrics.npz
    Saved config to /fslarge/scratch/users/h61084/codes/evaluating_tsfms/outputs/context_size/tasks/chronos2/context_length/1024/multivariate/Coastal_T_S/15T/long/run_0/config.json
    Saved aggregate metrics to /fslarge/scratch/users/h61084/codes/evaluating_tsfms/outputs/context_size/tasks/chronos2/context_length/1024/multivariate/Coastal_T_S/15T/long/run_0/metrics_summary.json
    Metrics summary (averaged over all series/windows/variates):
      MSE: 116.7872
      MAE: 4.7126
      RMSE: 5.0167
      MAPE: 0.1298
      sMAPE: 0.1218
      MASE: 1.3883
      ND: 0.1154
      CRPS: 0.0691
  Completed: 5 series × 5 windows
  Output: /fslarge/scratch/users/h61084/codes/evaluating_tsfms/outputs/context_size/tasks/chronos2/context_length/1024/multivariate/Coastal_T_S/15T/long/run_0

============================================================
All experiments completed!
Results saved to: /scratch/users/h61084/codes/evaluating_tsfms/outputs/context_size/tasks
============================================================

############################################################
# All 1 dataset(s) completed!
############################################################

############################################################
# Dataset 1/1: Coastal_T_S/20T
############################################################
[2026-09-20 19:57:55 UTC] resources model_device {"device": "cuda", "model": "chronos2"}
Loading configuration...

============================================================
Dataset: Coastal_T_S/20T
Model: amazon/chronos-2
Checkpoint: /fslarge/scratch/users/h61084/weights/chronos2
Terms: ['short', 'medium', 'long']
Covariate mode: none
Instance normalization: none
============================================================

--- Term: short ---
  Config: prediction_length=9, test_length=1080, val_length=1080
TIME run allocation action=new run=/fslarge/scratch/users/h61084/codes/evaluating_tsfms/outputs/context_size/tasks/chronos2/context_length/1024/multivariate/Coastal_T_S/20T/short/run_0 launch_id=selena_context_size_20260920T193931Z_45055 slurm_job_id=3506741 launched_at=2026-09-20T19:57:55.743553+00:00
  Initializing Chronos pipeline (/fslarge/scratch/users/h61084/weights/chronos2)...
  Dataset info:
    - Frequency: 20T
    - Num series: 1
    - Target dim: 3
    - Target mode: multivariate
    - Covariate channels: 0
    - Series length: min=8198, max=8198, avg=8198.0
    - Test split: 1080 steps
    - Prediction length: 9
    - Windows: 120
    Total instances: 120, Series during experiment: 1, Windows: 120
    Collecting ground truth and context...
    Organizing data into arrays...
    Saved predictions (quantiles) to /fslarge/scratch/users/h61084/codes/evaluating_tsfms/outputs/context_size/tasks/chronos2/context_length/1024/multivariate/Coastal_T_S/20T/short/run_0/predictions.npz
    Computing per-window metrics...
    Saved metrics to /fslarge/scratch/users/h61084/codes/evaluating_tsfms/outputs/context_size/tasks/chronos2/context_length/1024/multivariate/Coastal_T_S/20T/short/run_0/metrics.npz
    Saved config to /fslarge/scratch/users/h61084/codes/evaluating_tsfms/outputs/context_size/tasks/chronos2/context_length/1024/multivariate/Coastal_T_S/20T/short/run_0/config.json
    Saved aggregate metrics to /fslarge/scratch/users/h61084/codes/evaluating_tsfms/outputs/context_size/tasks/chronos2/context_length/1024/multivariate/Coastal_T_S/20T/short/run_0/metrics_summary.json
    Metrics summary (averaged over all series/windows/variates):
      MSE: 0.0063
      MAE: 0.0537
      RMSE: 0.0616
      MAPE: 0.0022
      sMAPE: 0.0022
      MASE: 0.4247
      ND: 0.0022
      CRPS: 0.0017
  Completed: 1 series × 120 windows
  Output: /fslarge/scratch/users/h61084/codes/evaluating_tsfms/outputs/context_size/tasks/chronos2/context_length/1024/multivariate/Coastal_T_S/20T/short/run_0

--- Term: medium ---
  Config: prediction_length=72, test_length=1080, val_length=1080
TIME run allocation action=new run=/fslarge/scratch/users/h61084/codes/evaluating_tsfms/outputs/context_size/tasks/chronos2/context_length/1024/multivariate/Coastal_T_S/20T/medium/run_0 launch_id=selena_context_size_20260920T193931Z_45055 slurm_job_id=3506741 launched_at=2026-09-20T19:57:56.770909+00:00
  Initializing Chronos pipeline (/fslarge/scratch/users/h61084/weights/chronos2)...
  Dataset info:
    - Frequency: 20T
    - Num series: 1
    - Target dim: 3
    - Target mode: multivariate
    - Covariate channels: 0
    - Series length: min=8198, max=8198, avg=8198.0
    - Test split: 1080 steps
    - Prediction length: 72
    - Windows: 15
    Total instances: 15, Series during experiment: 1, Windows: 15
    Collecting ground truth and context...
    Organizing data into arrays...
    Saved predictions (quantiles) to /fslarge/scratch/users/h61084/codes/evaluating_tsfms/outputs/context_size/tasks/chronos2/context_length/1024/multivariate/Coastal_T_S/20T/medium/run_0/predictions.npz
    Computing per-window metrics...
    Saved metrics to /fslarge/scratch/users/h61084/codes/evaluating_tsfms/outputs/context_size/tasks/chronos2/context_length/1024/multivariate/Coastal_T_S/20T/medium/run_0/metrics.npz
    Saved config to /fslarge/scratch/users/h61084/codes/evaluating_tsfms/outputs/context_size/tasks/chronos2/context_length/1024/multivariate/Coastal_T_S/20T/medium/run_0/config.json
    Saved aggregate metrics to /fslarge/scratch/users/h61084/codes/evaluating_tsfms/outputs/context_size/tasks/chronos2/context_length/1024/multivariate/Coastal_T_S/20T/medium/run_0/metrics_summary.json
    Metrics summary (averaged over all series/windows/variates):
      MSE: 0.0351
      MAE: 0.1347
      RMSE: 0.1627
      MAPE: 0.0055
      sMAPE: 0.0055
      MASE: 1.0492
      ND: 0.0055
      CRPS: 0.0044
  Completed: 1 series × 15 windows
  Output: /fslarge/scratch/users/h61084/codes/evaluating_tsfms/outputs/context_size/tasks/chronos2/context_length/1024/multivariate/Coastal_T_S/20T/medium/run_0

--- Term: long ---
  Config: prediction_length=216, test_length=1080, val_length=1080
TIME run allocation action=new run=/fslarge/scratch/users/h61084/codes/evaluating_tsfms/outputs/context_size/tasks/chronos2/context_length/1024/multivariate/Coastal_T_S/20T/long/run_0 launch_id=selena_context_size_20260920T193931Z_45055 slurm_job_id=3506741 launched_at=2026-09-20T19:57:57.055735+00:00
  Initializing Chronos pipeline (/fslarge/scratch/users/h61084/weights/chronos2)...
  Dataset info:
    - Frequency: 20T
    - Num series: 1
    - Target dim: 3
    - Target mode: multivariate
    - Covariate channels: 0
    - Series length: min=8198, max=8198, avg=8198.0
    - Test split: 1080 steps
    - Prediction length: 216
    - Windows: 5
    Total instances: 5, Series during experiment: 1, Windows: 5
    Collecting ground truth and context...
    Organizing data into arrays...
    Saved predictions (quantiles) to /fslarge/scratch/users/h61084/codes/evaluating_tsfms/outputs/context_size/tasks/chronos2/context_length/1024/multivariate/Coastal_T_S/20T/long/run_0/predictions.npz
    Computing per-window metrics...
    Saved metrics to /fslarge/scratch/users/h61084/codes/evaluating_tsfms/outputs/context_size/tasks/chronos2/context_length/1024/multivariate/Coastal_T_S/20T/long/run_0/metrics.npz
    Saved config to /fslarge/scratch/users/h61084/codes/evaluating_tsfms/outputs/context_size/tasks/chronos2/context_length/1024/multivariate/Coastal_T_S/20T/long/run_0/config.json
    Saved aggregate metrics to /fslarge/scratch/users/h61084/codes/evaluating_tsfms/outputs/context_size/tasks/chronos2/context_length/1024/multivariate/Coastal_T_S/20T/long/run_0/metrics_summary.json
    Metrics summary (averaged over all series/windows/variates):
      MSE: 0.1038
      MAE: 0.2180
      RMSE: 0.2713
      MAPE: 0.0087
      sMAPE: 0.0087
      MASE: 1.7031
      ND: 0.0087
      CRPS: 0.0070
  Completed: 1 series × 5 windows
  Output: /fslarge/scratch/users/h61084/codes/evaluating_tsfms/outputs/context_size/tasks/chronos2/context_length/1024/multivariate/Coastal_T_S/20T/long/run_0

============================================================
All experiments completed!
Results saved to: /scratch/users/h61084/codes/evaluating_tsfms/outputs/context_size/tasks
============================================================

############################################################
# All 1 dataset(s) completed!
############################################################

############################################################
# Dataset 1/1: Coastal_T_S/H
############################################################
[2026-09-20 19:58:05 UTC] resources model_device {"device": "cuda", "model": "chronos2"}
Loading configuration...

============================================================
Dataset: Coastal_T_S/H
Model: amazon/chronos-2
Checkpoint: /fslarge/scratch/users/h61084/weights/chronos2
Terms: ['short', 'medium', 'long']
Covariate mode: none
Instance normalization: none
============================================================

--- Term: short ---
  Config: prediction_length=24, test_length=672, val_length=672
TIME run allocation action=new run=/fslarge/scratch/users/h61084/codes/evaluating_tsfms/outputs/context_size/tasks/chronos2/context_length/1024/multivariate/Coastal_T_S/H/short/run_0 launch_id=selena_context_size_20260920T193931Z_45055 slurm_job_id=3506741 launched_at=2026-09-20T19:58:05.819909+00:00
  Initializing Chronos pipeline (/fslarge/scratch/users/h61084/weights/chronos2)...
  Dataset info:
    - Frequency: H
    - Num series: 24
    - Target dim: 3
    - Target mode: multivariate
    - Covariate channels: 0
    - Series length: min=2733, max=8784, avg=5488.8
    - Test split: 672 steps
    - Prediction length: 24
    - Windows: 28
    Processed 160/672...
    Processed 320/672...
    Processed 480/672...
    Processed 640/672...
    Total instances: 672, Series during experiment: 24, Windows: 28
    Collecting ground truth and context...
    Organizing data into arrays...
    Saved predictions (quantiles) to /fslarge/scratch/users/h61084/codes/evaluating_tsfms/outputs/context_size/tasks/chronos2/context_length/1024/multivariate/Coastal_T_S/H/short/run_0/predictions.npz
    Computing per-window metrics...
    Saved metrics to /fslarge/scratch/users/h61084/codes/evaluating_tsfms/outputs/context_size/tasks/chronos2/context_length/1024/multivariate/Coastal_T_S/H/short/run_0/metrics.npz
    Saved config to /fslarge/scratch/users/h61084/codes/evaluating_tsfms/outputs/context_size/tasks/chronos2/context_length/1024/multivariate/Coastal_T_S/H/short/run_0/config.json
    Saved aggregate metrics to /fslarge/scratch/users/h61084/codes/evaluating_tsfms/outputs/context_size/tasks/chronos2/context_length/1024/multivariate/Coastal_T_S/H/short/run_0/metrics_summary.json
    Metrics summary (averaged over all series/windows/variates):
      MSE: 15.6088
      MAE: 1.0879
      RMSE: 1.3372
      MAPE: 0.0292
      sMAPE: 0.0276
      MASE: 0.9061
      ND: 0.0272
      CRPS: 0.0214
  Completed: 24 series × 28 windows
  Output: /fslarge/scratch/users/h61084/codes/evaluating_tsfms/outputs/context_size/tasks/chronos2/context_length/1024/multivariate/Coastal_T_S/H/short/run_0

--- Term: medium ---
  Config: prediction_length=168, test_length=672, val_length=672
TIME run allocation action=new run=/fslarge/scratch/users/h61084/codes/evaluating_tsfms/outputs/context_size/tasks/chronos2/context_length/1024/multivariate/Coastal_T_S/H/medium/run_0 launch_id=selena_context_size_20260920T193931Z_45055 slurm_job_id=3506741 launched_at=2026-09-20T19:58:08.198423+00:00
  Initializing Chronos pipeline (/fslarge/scratch/users/h61084/weights/chronos2)...
  Dataset info:
    - Frequency: H
    - Num series: 24
    - Target dim: 3
    - Target mode: multivariate
    - Covariate channels: 0
    - Series length: min=2733, max=8784, avg=5488.8
    - Test split: 672 steps
    - Prediction length: 168
    - Windows: 4
    Total instances: 96, Series during experiment: 24, Windows: 4
    Collecting ground truth and context...
    Organizing data into arrays...
    Saved predictions (quantiles) to /fslarge/scratch/users/h61084/codes/evaluating_tsfms/outputs/context_size/tasks/chronos2/context_length/1024/multivariate/Coastal_T_S/H/medium/run_0/predictions.npz
    Computing per-window metrics...
    Saved metrics to /fslarge/scratch/users/h61084/codes/evaluating_tsfms/outputs/context_size/tasks/chronos2/context_length/1024/multivariate/Coastal_T_S/H/medium/run_0/metrics.npz
    Saved config to /fslarge/scratch/users/h61084/codes/evaluating_tsfms/outputs/context_size/tasks/chronos2/context_length/1024/multivariate/Coastal_T_S/H/medium/run_0/config.json
    Saved aggregate metrics to /fslarge/scratch/users/h61084/codes/evaluating_tsfms/outputs/context_size/tasks/chronos2/context_length/1024/multivariate/Coastal_T_S/H/medium/run_0/metrics_summary.json
    Metrics summary (averaged over all series/windows/variates):
      MSE: 31.1227
      MAE: 1.5403
      RMSE: 1.8797
      MAPE: 0.0450
      sMAPE: 0.0411
      MASE: 1.7039
      ND: 0.0429
      CRPS: 0.0343
  Completed: 24 series × 4 windows
  Output: /fslarge/scratch/users/h61084/codes/evaluating_tsfms/outputs/context_size/tasks/chronos2/context_length/1024/multivariate/Coastal_T_S/H/medium/run_0

--- Term: long ---
  Config: prediction_length=336, test_length=672, val_length=672
TIME run allocation action=new run=/fslarge/scratch/users/h61084/codes/evaluating_tsfms/outputs/context_size/tasks/chronos2/context_length/1024/multivariate/Coastal_T_S/H/long/run_0 launch_id=selena_context_size_20260920T193931Z_45055 slurm_job_id=3506741 launched_at=2026-09-20T19:58:08.743639+00:00
  Initializing Chronos pipeline (/fslarge/scratch/users/h61084/weights/chronos2)...
  Dataset info:
    - Frequency: H
    - Num series: 24
    - Target dim: 3
    - Target mode: multivariate
    - Covariate channels: 0
    - Series length: min=2733, max=8784, avg=5488.8
    - Test split: 672 steps
    - Prediction length: 336
    - Windows: 2
    Total instances: 48, Series during experiment: 24, Windows: 2
    Collecting ground truth and context...
    Organizing data into arrays...
    Saved predictions (quantiles) to /fslarge/scratch/users/h61084/codes/evaluating_tsfms/outputs/context_size/tasks/chronos2/context_length/1024/multivariate/Coastal_T_S/H/long/run_0/predictions.npz
    Computing per-window metrics...
    Saved metrics to /fslarge/scratch/users/h61084/codes/evaluating_tsfms/outputs/context_size/tasks/chronos2/context_length/1024/multivariate/Coastal_T_S/H/long/run_0/metrics.npz
    Saved config to /fslarge/scratch/users/h61084/codes/evaluating_tsfms/outputs/context_size/tasks/chronos2/context_length/1024/multivariate/Coastal_T_S/H/long/run_0/config.json
    Saved aggregate metrics to /fslarge/scratch/users/h61084/codes/evaluating_tsfms/outputs/context_size/tasks/chronos2/context_length/1024/multivariate/Coastal_T_S/H/long/run_0/metrics_summary.json
    Metrics summary (averaged over all series/windows/variates):
      MSE: 45.5208
      MAE: 1.8843
      RMSE: 2.2956
      MAPE: 0.0544
      sMAPE: 0.0510
      MASE: 2.6130
      ND: 0.0495
      CRPS: 0.0390
  Completed: 24 series × 2 windows
  Output: /fslarge/scratch/users/h61084/codes/evaluating_tsfms/outputs/context_size/tasks/chronos2/context_length/1024/multivariate/Coastal_T_S/H/long/run_0

============================================================
All experiments completed!
Results saved to: /scratch/users/h61084/codes/evaluating_tsfms/outputs/context_size/tasks
============================================================

############################################################
# All 1 dataset(s) completed!
############################################################

############################################################
# Dataset 1/1: SG_Weather/D
############################################################
[2026-09-20 19:58:17 UTC] resources model_device {"device": "cuda", "model": "chronos2"}
Loading configuration...

============================================================
Dataset: SG_Weather/D
Model: amazon/chronos-2
Checkpoint: /fslarge/scratch/users/h61084/weights/chronos2
Terms: ['short', 'medium', 'long']
Covariate mode: none
Instance normalization: none
============================================================

--- Term: short ---
  Config: prediction_length=3, test_length=366, val_length=366
TIME run allocation action=new run=/fslarge/scratch/users/h61084/codes/evaluating_tsfms/outputs/context_size/tasks/chronos2/context_length/1024/multivariate/SG_Weather/D/short/run_0 launch_id=selena_context_size_20260920T193931Z_45055 slurm_job_id=3506741 launched_at=2026-09-20T19:58:17.622571+00:00
  Initializing Chronos pipeline (/fslarge/scratch/users/h61084/weights/chronos2)...
  Dataset info:
    - Frequency: D
    - Num series: 6
    - Target dim: 4
    - Target mode: multivariate
    - Covariate channels: 0
    - Series length: min=2953, max=2953, avg=2953.0
    - Test split: 366 steps
    - Prediction length: 3
    - Windows: 122
    Processed 160/732...
    Processed 320/732...
    Processed 480/732...
    Processed 640/732...
    Total instances: 732, Series during experiment: 6, Windows: 122
    Collecting ground truth and context...
    Organizing data into arrays...
    Saved predictions (quantiles) to /fslarge/scratch/users/h61084/codes/evaluating_tsfms/outputs/context_size/tasks/chronos2/context_length/1024/multivariate/SG_Weather/D/short/run_0/predictions.npz
    Computing per-window metrics...
    Saved metrics to /fslarge/scratch/users/h61084/codes/evaluating_tsfms/outputs/context_size/tasks/chronos2/context_length/1024/multivariate/SG_Weather/D/short/run_0/metrics.npz
    Saved config to /fslarge/scratch/users/h61084/codes/evaluating_tsfms/outputs/context_size/tasks/chronos2/context_length/1024/multivariate/SG_Weather/D/short/run_0/config.json
    Saved aggregate metrics to /fslarge/scratch/users/h61084/codes/evaluating_tsfms/outputs/context_size/tasks/chronos2/context_length/1024/multivariate/SG_Weather/D/short/run_0/metrics_summary.json
    Metrics summary (averaged over all series/windows/variates):
      MSE: 2303.4634
      MAE: 17.1713
      RMSE: 20.2160
      MAPE: 0.3475
      sMAPE: 0.2215
      MASE: 0.8594
      ND: 0.2303
      CRPS: 0.1890
  Completed: 6 series × 122 windows
  Output: /fslarge/scratch/users/h61084/codes/evaluating_tsfms/outputs/context_size/tasks/chronos2/context_length/1024/multivariate/SG_Weather/D/short/run_0

--- Term: medium ---
  Config: prediction_length=7, test_length=366, val_length=366
TIME run allocation action=new run=/fslarge/scratch/users/h61084/codes/evaluating_tsfms/outputs/context_size/tasks/chronos2/context_length/1024/multivariate/SG_Weather/D/medium/run_0 launch_id=selena_context_size_20260920T193931Z_45055 slurm_job_id=3506741 launched_at=2026-09-20T19:58:20.415489+00:00
  Initializing Chronos pipeline (/fslarge/scratch/users/h61084/weights/chronos2)...
  Dataset info:
    - Frequency: D
    - Num series: 6
    - Target dim: 4
    - Target mode: multivariate
    - Covariate channels: 0
    - Series length: min=2953, max=2953, avg=2953.0
    - Test split: 366 steps
    - Prediction length: 7
    - Windows: 52
    Processed 160/312...
    Processed 312/312...
    Total instances: 312, Series during experiment: 6, Windows: 52
    Collecting ground truth and context...
    Organizing data into arrays...
    Saved predictions (quantiles) to /fslarge/scratch/users/h61084/codes/evaluating_tsfms/outputs/context_size/tasks/chronos2/context_length/1024/multivariate/SG_Weather/D/medium/run_0/predictions.npz
    Computing per-window metrics...
    Saved metrics to /fslarge/scratch/users/h61084/codes/evaluating_tsfms/outputs/context_size/tasks/chronos2/context_length/1024/multivariate/SG_Weather/D/medium/run_0/metrics.npz
    Saved config to /fslarge/scratch/users/h61084/codes/evaluating_tsfms/outputs/context_size/tasks/chronos2/context_length/1024/multivariate/SG_Weather/D/medium/run_0/config.json
    Saved aggregate metrics to /fslarge/scratch/users/h61084/codes/evaluating_tsfms/outputs/context_size/tasks/chronos2/context_length/1024/multivariate/SG_Weather/D/medium/run_0/metrics_summary.json
    Metrics summary (averaged over all series/windows/variates):
      MSE: 2349.8776
      MAE: 17.6347
      RMSE: 22.3321
      MAPE: 0.3563
      sMAPE: 0.2271
      MASE: 0.9025
      ND: 0.2208
      CRPS: 0.1763
  Completed: 6 series × 52 windows
  Output: /fslarge/scratch/users/h61084/codes/evaluating_tsfms/outputs/context_size/tasks/chronos2/context_length/1024/multivariate/SG_Weather/D/medium/run_0

--- Term: long ---
  Config: prediction_length=14, test_length=366, val_length=366
TIME run allocation action=new run=/fslarge/scratch/users/h61084/codes/evaluating_tsfms/outputs/context_size/tasks/chronos2/context_length/1024/multivariate/SG_Weather/D/long/run_0 launch_id=selena_context_size_20260920T193931Z_45055 slurm_job_id=3506741 launched_at=2026-09-20T19:58:21.538564+00:00
  Initializing Chronos pipeline (/fslarge/scratch/users/h61084/weights/chronos2)...
  Dataset info:
    - Frequency: D
    - Num series: 6
    - Target dim: 4
    - Target mode: multivariate
    - Covariate channels: 0
    - Series length: min=2953, max=2953, avg=2953.0
    - Test split: 366 steps
    - Prediction length: 14
    - Windows: 26
    Processed 156/156...
    Total instances: 156, Series during experiment: 6, Windows: 26
    Collecting ground truth and context...
    Organizing data into arrays...
    Saved predictions (quantiles) to /fslarge/scratch/users/h61084/codes/evaluating_tsfms/outputs/context_size/tasks/chronos2/context_length/1024/multivariate/SG_Weather/D/long/run_0/predictions.npz
    Computing per-window metrics...
    Saved metrics to /fslarge/scratch/users/h61084/codes/evaluating_tsfms/outputs/context_size/tasks/chronos2/context_length/1024/multivariate/SG_Weather/D/long/run_0/metrics.npz
    Saved config to /fslarge/scratch/users/h61084/codes/evaluating_tsfms/outputs/context_size/tasks/chronos2/context_length/1024/multivariate/SG_Weather/D/long/run_0/config.json
    Saved aggregate metrics to /fslarge/scratch/users/h61084/codes/evaluating_tsfms/outputs/context_size/tasks/chronos2/context_length/1024/multivariate/SG_Weather/D/long/run_0/metrics_summary.json
    Metrics summary (averaged over all series/windows/variates):
      MSE: 2301.0848
      MAE: 17.4548
      RMSE: 22.9696
      MAPE: 0.3551
      sMAPE: 0.2280
      MASE: 0.9169
      ND: 0.2165
      CRPS: 0.1722
  Completed: 6 series × 26 windows
  Output: /fslarge/scratch/users/h61084/codes/evaluating_tsfms/outputs/context_size/tasks/chronos2/context_length/1024/multivariate/SG_Weather/D/long/run_0

============================================================
All experiments completed!
Results saved to: /scratch/users/h61084/codes/evaluating_tsfms/outputs/context_size/tasks
============================================================

############################################################
# All 1 dataset(s) completed!
############################################################

############################################################
# Dataset 1/1: SG_PM25/H
############################################################
[2026-09-20 19:58:30 UTC] resources model_device {"device": "cuda", "model": "chronos2"}
Loading configuration...

============================================================
Dataset: SG_PM25/H
Model: amazon/chronos-2
Checkpoint: /fslarge/scratch/users/h61084/weights/chronos2
Terms: ['short', 'medium', 'long']
Covariate mode: none
Instance normalization: none
============================================================

--- Term: short ---
  Config: prediction_length=24, test_length=2208, val_length=2160
TIME run allocation action=new run=/fslarge/scratch/users/h61084/codes/evaluating_tsfms/outputs/context_size/tasks/chronos2/context_length/1024/multivariate/SG_PM25/H/short/run_0 launch_id=selena_context_size_20260920T193931Z_45055 slurm_job_id=3506741 launched_at=2026-09-20T19:58:30.693218+00:00
  Initializing Chronos pipeline (/fslarge/scratch/users/h61084/weights/chronos2)...
  Dataset info:
    - Frequency: H
    - Num series: 1
    - Target dim: 5
    - Target mode: multivariate
    - Covariate channels: 0
    - Series length: min=38688, max=38688, avg=38688.0
    - Test split: 2208 steps
    - Prediction length: 24
    - Windows: 92
    Total instances: 92, Series during experiment: 1, Windows: 92
    Collecting ground truth and context...
    Organizing data into arrays...
    Saved predictions (quantiles) to /fslarge/scratch/users/h61084/codes/evaluating_tsfms/outputs/context_size/tasks/chronos2/context_length/1024/multivariate/SG_PM25/H/short/run_0/predictions.npz
    Computing per-window metrics...
    Saved metrics to /fslarge/scratch/users/h61084/codes/evaluating_tsfms/outputs/context_size/tasks/chronos2/context_length/1024/multivariate/SG_PM25/H/short/run_0/metrics.npz
    Saved config to /fslarge/scratch/users/h61084/codes/evaluating_tsfms/outputs/context_size/tasks/chronos2/context_length/1024/multivariate/SG_PM25/H/short/run_0/config.json
    Saved aggregate metrics to /fslarge/scratch/users/h61084/codes/evaluating_tsfms/outputs/context_size/tasks/chronos2/context_length/1024/multivariate/SG_PM25/H/short/run_0/metrics_summary.json
    Metrics summary (averaged over all series/windows/variates):
      MSE: 40.0028
      MAE: 4.6159
      RMSE: 5.6924
      MAPE: 0.4997
      sMAPE: 0.3941
      MASE: 0.8781
      ND: 0.3927
      CRPS: 0.3045
  Completed: 1 series × 92 windows
  Output: /fslarge/scratch/users/h61084/codes/evaluating_tsfms/outputs/context_size/tasks/chronos2/context_length/1024/multivariate/SG_PM25/H/short/run_0

--- Term: medium ---
  Config: prediction_length=72, test_length=2208, val_length=2160
TIME run allocation action=new run=/fslarge/scratch/users/h61084/codes/evaluating_tsfms/outputs/context_size/tasks/chronos2/context_length/1024/multivariate/SG_PM25/H/medium/run_0 launch_id=selena_context_size_20260920T193931Z_45055 slurm_job_id=3506741 launched_at=2026-09-20T19:58:31.830611+00:00
  Initializing Chronos pipeline (/fslarge/scratch/users/h61084/weights/chronos2)...
  Dataset info:
    - Frequency: H
    - Num series: 1
    - Target dim: 5
    - Target mode: multivariate
    - Covariate channels: 0
    - Series length: min=38688, max=38688, avg=38688.0
    - Test split: 2208 steps
    - Prediction length: 72
    - Windows: 30
    Total instances: 30, Series during experiment: 1, Windows: 30
    Collecting ground truth and context...
    Organizing data into arrays...
    Saved predictions (quantiles) to /fslarge/scratch/users/h61084/codes/evaluating_tsfms/outputs/context_size/tasks/chronos2/context_length/1024/multivariate/SG_PM25/H/medium/run_0/predictions.npz
    Computing per-window metrics...
    Saved metrics to /fslarge/scratch/users/h61084/codes/evaluating_tsfms/outputs/context_size/tasks/chronos2/context_length/1024/multivariate/SG_PM25/H/medium/run_0/metrics.npz
    Saved config to /fslarge/scratch/users/h61084/codes/evaluating_tsfms/outputs/context_size/tasks/chronos2/context_length/1024/multivariate/SG_PM25/H/medium/run_0/config.json
    Saved aggregate metrics to /fslarge/scratch/users/h61084/codes/evaluating_tsfms/outputs/context_size/tasks/chronos2/context_length/1024/multivariate/SG_PM25/H/medium/run_0/metrics_summary.json
    Metrics summary (averaged over all series/windows/variates):
      MSE: 46.5499
      MAE: 4.8834
      RMSE: 6.2400
      MAPE: 0.5125
      sMAPE: 0.4141
      MASE: 0.9282
      ND: 0.3996
      CRPS: 0.3132
  Completed: 1 series × 30 windows
  Output: /fslarge/scratch/users/h61084/codes/evaluating_tsfms/outputs/context_size/tasks/chronos2/context_length/1024/multivariate/SG_PM25/H/medium/run_0

--- Term: long ---
  Config: prediction_length=168, test_length=2208, val_length=2160
TIME run allocation action=new run=/fslarge/scratch/users/h61084/codes/evaluating_tsfms/outputs/context_size/tasks/chronos2/context_length/1024/multivariate/SG_PM25/H/long/run_0 launch_id=selena_context_size_20260920T193931Z_45055 slurm_job_id=3506741 launched_at=2026-09-20T19:58:32.243426+00:00
  Initializing Chronos pipeline (/fslarge/scratch/users/h61084/weights/chronos2)...
  Dataset info:
    - Frequency: H
    - Num series: 1
    - Target dim: 5
    - Target mode: multivariate
    - Covariate channels: 0
    - Series length: min=38688, max=38688, avg=38688.0
    - Test split: 2208 steps
    - Prediction length: 168
    - Windows: 13
    Total instances: 13, Series during experiment: 1, Windows: 13
    Collecting ground truth and context...
    Organizing data into arrays...
    Saved predictions (quantiles) to /fslarge/scratch/users/h61084/codes/evaluating_tsfms/outputs/context_size/tasks/chronos2/context_length/1024/multivariate/SG_PM25/H/long/run_0/predictions.npz
    Computing per-window metrics...
    Saved metrics to /fslarge/scratch/users/h61084/codes/evaluating_tsfms/outputs/context_size/tasks/chronos2/context_length/1024/multivariate/SG_PM25/H/long/run_0/metrics.npz
    Saved config to /fslarge/scratch/users/h61084/codes/evaluating_tsfms/outputs/context_size/tasks/chronos2/context_length/1024/multivariate/SG_PM25/H/long/run_0/config.json
    Saved aggregate metrics to /fslarge/scratch/users/h61084/codes/evaluating_tsfms/outputs/context_size/tasks/chronos2/context_length/1024/multivariate/SG_PM25/H/long/run_0/metrics_summary.json
    Metrics summary (averaged over all series/windows/variates):
      MSE: 47.3993
      MAE: 5.0411
      RMSE: 6.5455
      MAPE: 0.5440
      sMAPE: 0.4250
      MASE: 0.9587
      ND: 0.4119
      CRPS: 0.3218
  Completed: 1 series × 13 windows
  Output: /fslarge/scratch/users/h61084/codes/evaluating_tsfms/outputs/context_size/tasks/chronos2/context_length/1024/multivariate/SG_PM25/H/long/run_0

============================================================
All experiments completed!
Results saved to: /scratch/users/h61084/codes/evaluating_tsfms/outputs/context_size/tasks
============================================================

############################################################
# All 1 dataset(s) completed!
############################################################

############################################################
# Dataset 1/1: NE_China_Wind/H
############################################################
[2026-09-20 19:58:40 UTC] resources model_device {"device": "cuda", "model": "chronos2"}
Loading configuration...

============================================================
Dataset: NE_China_Wind/H
Model: amazon/chronos-2
Checkpoint: /fslarge/scratch/users/h61084/weights/chronos2
Terms: ['short', 'medium', 'long']
Covariate mode: none
Instance normalization: none
============================================================

--- Term: short ---
  Config: prediction_length=24, test_length=720, val_length=720
TIME run allocation action=new run=/fslarge/scratch/users/h61084/codes/evaluating_tsfms/outputs/context_size/tasks/chronos2/context_length/1024/multivariate/NE_China_Wind/H/short/run_0 launch_id=selena_context_size_20260920T193931Z_45055 slurm_job_id=3506741 launched_at=2026-09-20T19:58:40.999039+00:00
  Initializing Chronos pipeline (/fslarge/scratch/users/h61084/weights/chronos2)...
  Dataset info:
    - Frequency: H
    - Num series: 1
    - Target dim: 4
    - Target mode: multivariate
    - Covariate channels: 0
    - Series length: min=8764, max=8764, avg=8764.0
    - Test split: 720 steps
    - Prediction length: 24
    - Windows: 30
    Total instances: 30, Series during experiment: 1, Windows: 30
    Collecting ground truth and context...
    Organizing data into arrays...
    Saved predictions (quantiles) to /fslarge/scratch/users/h61084/codes/evaluating_tsfms/outputs/context_size/tasks/chronos2/context_length/1024/multivariate/NE_China_Wind/H/short/run_0/predictions.npz
    Computing per-window metrics...
    Saved metrics to /fslarge/scratch/users/h61084/codes/evaluating_tsfms/outputs/context_size/tasks/chronos2/context_length/1024/multivariate/NE_China_Wind/H/short/run_0/metrics.npz
    Saved config to /fslarge/scratch/users/h61084/codes/evaluating_tsfms/outputs/context_size/tasks/chronos2/context_length/1024/multivariate/NE_China_Wind/H/short/run_0/config.json
    Saved aggregate metrics to /fslarge/scratch/users/h61084/codes/evaluating_tsfms/outputs/context_size/tasks/chronos2/context_length/1024/multivariate/NE_China_Wind/H/short/run_0/metrics_summary.json
    Metrics summary (averaged over all series/windows/variates):
      MSE: 0.0955
      MAE: 0.2114
      RMSE: 0.2474
      MAPE: 0.8445
      sMAPE: 0.4711
      MASE: 0.4923
      ND: 0.4308
      CRPS: 0.3327
  Completed: 1 series × 30 windows
  Output: /fslarge/scratch/users/h61084/codes/evaluating_tsfms/outputs/context_size/tasks/chronos2/context_length/1024/multivariate/NE_China_Wind/H/short/run_0

--- Term: medium ---
  Config: prediction_length=72, test_length=720, val_length=720
TIME run allocation action=new run=/fslarge/scratch/users/h61084/codes/evaluating_tsfms/outputs/context_size/tasks/chronos2/context_length/1024/multivariate/NE_China_Wind/H/medium/run_0 launch_id=selena_context_size_20260920T193931Z_45055 slurm_job_id=3506741 launched_at=2026-09-20T19:58:41.833200+00:00
  Initializing Chronos pipeline (/fslarge/scratch/users/h61084/weights/chronos2)...
  Dataset info:
    - Frequency: H
    - Num series: 1
    - Target dim: 4
    - Target mode: multivariate
    - Covariate channels: 0
    - Series length: min=8764, max=8764, avg=8764.0
    - Test split: 720 steps
    - Prediction length: 72
    - Windows: 10
    Total instances: 10, Series during experiment: 1, Windows: 10
    Collecting ground truth and context...
    Organizing data into arrays...
    Saved predictions (quantiles) to /fslarge/scratch/users/h61084/codes/evaluating_tsfms/outputs/context_size/tasks/chronos2/context_length/1024/multivariate/NE_China_Wind/H/medium/run_0/predictions.npz
    Computing per-window metrics...
    Saved metrics to /fslarge/scratch/users/h61084/codes/evaluating_tsfms/outputs/context_size/tasks/chronos2/context_length/1024/multivariate/NE_China_Wind/H/medium/run_0/metrics.npz
    Saved config to /fslarge/scratch/users/h61084/codes/evaluating_tsfms/outputs/context_size/tasks/chronos2/context_length/1024/multivariate/NE_China_Wind/H/medium/run_0/config.json
    Saved aggregate metrics to /fslarge/scratch/users/h61084/codes/evaluating_tsfms/outputs/context_size/tasks/chronos2/context_length/1024/multivariate/NE_China_Wind/H/medium/run_0/metrics_summary.json
    Metrics summary (averaged over all series/windows/variates):
      MSE: 0.2393
      MAE: 0.3602
      RMSE: 0.4206
      MAPE: 1.0732
      sMAPE: 0.6540
      MASE: 0.8949
      ND: 0.5688
      CRPS: 0.4412
  Completed: 1 series × 10 windows
  Output: /fslarge/scratch/users/h61084/codes/evaluating_tsfms/outputs/context_size/tasks/chronos2/context_length/1024/multivariate/NE_China_Wind/H/medium/run_0

--- Term: long ---
  Config: prediction_length=168, test_length=720, val_length=720
TIME run allocation action=new run=/fslarge/scratch/users/h61084/codes/evaluating_tsfms/outputs/context_size/tasks/chronos2/context_length/1024/multivariate/NE_China_Wind/H/long/run_0 launch_id=selena_context_size_20260920T193931Z_45055 slurm_job_id=3506741 launched_at=2026-09-20T19:58:42.113199+00:00
  Initializing Chronos pipeline (/fslarge/scratch/users/h61084/weights/chronos2)...
  Dataset info:
    - Frequency: H
    - Num series: 1
    - Target dim: 4
    - Target mode: multivariate
    - Covariate channels: 0
    - Series length: min=8764, max=8764, avg=8764.0
    - Test split: 720 steps
    - Prediction length: 168
    - Windows: 4
    Total instances: 4, Series during experiment: 1, Windows: 4
    Collecting ground truth and context...
    Organizing data into arrays...
    Saved predictions (quantiles) to /fslarge/scratch/users/h61084/codes/evaluating_tsfms/outputs/context_size/tasks/chronos2/context_length/1024/multivariate/NE_China_Wind/H/long/run_0/predictions.npz
    Computing per-window metrics...
    Saved metrics to /fslarge/scratch/users/h61084/codes/evaluating_tsfms/outputs/context_size/tasks/chronos2/context_length/1024/multivariate/NE_China_Wind/H/long/run_0/metrics.npz
    Saved config to /fslarge/scratch/users/h61084/codes/evaluating_tsfms/outputs/context_size/tasks/chronos2/context_length/1024/multivariate/NE_China_Wind/H/long/run_0/config.json
    Saved aggregate metrics to /fslarge/scratch/users/h61084/codes/evaluating_tsfms/outputs/context_size/tasks/chronos2/context_length/1024/multivariate/NE_China_Wind/H/long/run_0/metrics_summary.json
    Metrics summary (averaged over all series/windows/variates):
      MSE: 0.3176
      MAE: 0.4265
      RMSE: 0.5207
      MAPE: 1.2499
      sMAPE: 0.7362
      MASE: 1.1713
      ND: 0.5799
      CRPS: 0.4619
  Completed: 1 series × 4 windows
  Output: /fslarge/scratch/users/h61084/codes/evaluating_tsfms/outputs/context_size/tasks/chronos2/context_length/1024/multivariate/NE_China_Wind/H/long/run_0

============================================================
All experiments completed!
Results saved to: /scratch/users/h61084/codes/evaluating_tsfms/outputs/context_size/tasks
============================================================

############################################################
# All 1 dataset(s) completed!
############################################################

############################################################
# Dataset 1/1: Australia_Solar/H
############################################################
[2026-09-20 19:58:50 UTC] resources model_device {"device": "cuda", "model": "chronos2"}
Loading configuration...

============================================================
Dataset: Australia_Solar/H
Model: amazon/chronos-2
Checkpoint: /fslarge/scratch/users/h61084/weights/chronos2
Terms: ['short', 'medium', 'long']
Covariate mode: none
Instance normalization: none
============================================================

--- Term: short ---
  Config: prediction_length=24, test_length=2520, val_length=2520
TIME run allocation action=new run=/fslarge/scratch/users/h61084/codes/evaluating_tsfms/outputs/context_size/tasks/chronos2/context_length/1024/multivariate/Australia_Solar/H/short/run_0 launch_id=selena_context_size_20260920T193931Z_45055 slurm_job_id=3506741 launched_at=2026-09-20T19:58:50.900887+00:00
  Initializing Chronos pipeline (/fslarge/scratch/users/h61084/weights/chronos2)...
  Dataset info:
    - Frequency: H
    - Num series: 1
    - Target dim: 3
    - Target mode: multivariate
    - Covariate channels: 0
    - Series length: min=35064, max=35064, avg=35064.0
    - Test split: 2520 steps
    - Prediction length: 24
    - Windows: 105
    Total instances: 105, Series during experiment: 1, Windows: 105
    Collecting ground truth and context...
    Organizing data into arrays...
    ⚠️  Predictions max value (2242372.00) exceeds float16 safe range.
    ⚠️  Applying scale factor: 100 (values will be divided)
    Saved predictions (quantiles) to /fslarge/scratch/users/h61084/codes/evaluating_tsfms/outputs/context_size/tasks/chronos2/context_length/1024/multivariate/Australia_Solar/H/short/run_0/predictions.npz
    Computing per-window metrics...
    Saved metrics to /fslarge/scratch/users/h61084/codes/evaluating_tsfms/outputs/context_size/tasks/chronos2/context_length/1024/multivariate/Australia_Solar/H/short/run_0/metrics.npz
    Saved config to /fslarge/scratch/users/h61084/codes/evaluating_tsfms/outputs/context_size/tasks/chronos2/context_length/1024/multivariate/Australia_Solar/H/short/run_0/config.json
    Saved aggregate metrics to /fslarge/scratch/users/h61084/codes/evaluating_tsfms/outputs/context_size/tasks/chronos2/context_length/1024/multivariate/Australia_Solar/H/short/run_0/metrics_summary.json
    Metrics summary (averaged over all series/windows/variates):
      MSE: 25323651737.5063
      MAE: 78901.1280
      RMSE: 102992.0507
      MAPE: 267.2957
      sMAPE: 0.5922
      MASE: 1.0743
      ND: 0.3153
      CRPS: 0.2541
  Completed: 1 series × 105 windows
  Output: /fslarge/scratch/users/h61084/codes/evaluating_tsfms/outputs/context_size/tasks/chronos2/context_length/1024/multivariate/Australia_Solar/H/short/run_0

--- Term: medium ---
  Config: prediction_length=72, test_length=2520, val_length=2520
TIME run allocation action=new run=/fslarge/scratch/users/h61084/codes/evaluating_tsfms/outputs/context_size/tasks/chronos2/context_length/1024/multivariate/Australia_Solar/H/medium/run_0 launch_id=selena_context_size_20260920T193931Z_45055 slurm_job_id=3506741 launched_at=2026-09-20T19:58:51.937967+00:00
  Initializing Chronos pipeline (/fslarge/scratch/users/h61084/weights/chronos2)...
  Dataset info:
    - Frequency: H
    - Num series: 1
    - Target dim: 3
    - Target mode: multivariate
    - Covariate channels: 0
    - Series length: min=35064, max=35064, avg=35064.0
    - Test split: 2520 steps
    - Prediction length: 72
    - Windows: 35
    Total instances: 35, Series during experiment: 1, Windows: 35
    Collecting ground truth and context...
    Organizing data into arrays...
    ⚠️  Predictions max value (2317265.50) exceeds float16 safe range.
    ⚠️  Applying scale factor: 100 (values will be divided)
    Saved predictions (quantiles) to /fslarge/scratch/users/h61084/codes/evaluating_tsfms/outputs/context_size/tasks/chronos2/context_length/1024/multivariate/Australia_Solar/H/medium/run_0/predictions.npz
    Computing per-window metrics...
    Saved metrics to /fslarge/scratch/users/h61084/codes/evaluating_tsfms/outputs/context_size/tasks/chronos2/context_length/1024/multivariate/Australia_Solar/H/medium/run_0/metrics.npz
    Saved config to /fslarge/scratch/users/h61084/codes/evaluating_tsfms/outputs/context_size/tasks/chronos2/context_length/1024/multivariate/Australia_Solar/H/medium/run_0/config.json
    Saved aggregate metrics to /fslarge/scratch/users/h61084/codes/evaluating_tsfms/outputs/context_size/tasks/chronos2/context_length/1024/multivariate/Australia_Solar/H/medium/run_0/metrics_summary.json
    Metrics summary (averaged over all series/windows/variates):
      MSE: 28007889270.4600
      MAE: 84245.4644
      RMSE: 124697.5384
      MAPE: 278.5309
      sMAPE: 0.6099
      MASE: 1.1924
      ND: 0.2970
      CRPS: 0.2340
  Completed: 1 series × 35 windows
  Output: /fslarge/scratch/users/h61084/codes/evaluating_tsfms/outputs/context_size/tasks/chronos2/context_length/1024/multivariate/Australia_Solar/H/medium/run_0

--- Term: long ---
  Config: prediction_length=168, test_length=2520, val_length=2520
TIME run allocation action=new run=/fslarge/scratch/users/h61084/codes/evaluating_tsfms/outputs/context_size/tasks/chronos2/context_length/1024/multivariate/Australia_Solar/H/long/run_0 launch_id=selena_context_size_20260920T193931Z_45055 slurm_job_id=3506741 launched_at=2026-09-20T19:58:52.332903+00:00
  Initializing Chronos pipeline (/fslarge/scratch/users/h61084/weights/chronos2)...
  Dataset info:
    - Frequency: H
    - Num series: 1
    - Target dim: 3
    - Target mode: multivariate
    - Covariate channels: 0
    - Series length: min=35064, max=35064, avg=35064.0
    - Test split: 2520 steps
    - Prediction length: 168
    - Windows: 15
    Total instances: 15, Series during experiment: 1, Windows: 15
    Collecting ground truth and context...
    Organizing data into arrays...
    ⚠️  Predictions max value (2268990.00) exceeds float16 safe range.
    ⚠️  Applying scale factor: 100 (values will be divided)
    Saved predictions (quantiles) to /fslarge/scratch/users/h61084/codes/evaluating_tsfms/outputs/context_size/tasks/chronos2/context_length/1024/multivariate/Australia_Solar/H/long/run_0/predictions.npz
    Computing per-window metrics...
    Saved metrics to /fslarge/scratch/users/h61084/codes/evaluating_tsfms/outputs/context_size/tasks/chronos2/context_length/1024/multivariate/Australia_Solar/H/long/run_0/metrics.npz
    Saved config to /fslarge/scratch/users/h61084/codes/evaluating_tsfms/outputs/context_size/tasks/chronos2/context_length/1024/multivariate/Australia_Solar/H/long/run_0/config.json
    Saved aggregate metrics to /fslarge/scratch/users/h61084/codes/evaluating_tsfms/outputs/context_size/tasks/chronos2/context_length/1024/multivariate/Australia_Solar/H/long/run_0/metrics_summary.json
    Metrics summary (averaged over all series/windows/variates):
      MSE: 27518429512.1814
      MAE: 82786.0398
      RMSE: 128478.4367
      MAPE: 314.6451
      sMAPE: 0.6039
      MASE: 1.2102
      ND: 0.2717
      CRPS: 0.2124
  Completed: 1 series × 15 windows
  Output: /fslarge/scratch/users/h61084/codes/evaluating_tsfms/outputs/context_size/tasks/chronos2/context_length/1024/multivariate/Australia_Solar/H/long/run_0

============================================================
All experiments completed!
Results saved to: /scratch/users/h61084/codes/evaluating_tsfms/outputs/context_size/tasks
============================================================

############################################################
# All 1 dataset(s) completed!
############################################################

############################################################
# Dataset 1/1: epf_electricity_price/H
############################################################
[2026-09-20 19:59:01 UTC] resources model_device {"device": "cuda", "model": "chronos2"}
Loading configuration...

============================================================
Dataset: epf_electricity_price/H
Model: amazon/chronos-2
Checkpoint: /fslarge/scratch/users/h61084/weights/chronos2
Terms: ['short', 'medium', 'long']
Covariate mode: none
Instance normalization: none
============================================================

--- Term: short ---
  Config: prediction_length=24, test_length=2520, val_length=2520
TIME run allocation action=new run=/fslarge/scratch/users/h61084/codes/evaluating_tsfms/outputs/context_size/tasks/chronos2/context_length/1024/univariate/epf_electricity_price/H/short/run_0 launch_id=selena_context_size_20260920T193931Z_45055 slurm_job_id=3506741 launched_at=2026-09-20T19:59:01.118603+00:00
  Initializing Chronos pipeline (/fslarge/scratch/users/h61084/weights/chronos2)...
  Dataset info:
    - Frequency: H
    - Num series: 5
    - Target dim: 1
    - Target mode: univariate
    - Covariate channels: 0
    - Series length: min=52416, max=52416, avg=52416.0
    - Test split: 2520 steps
    - Prediction length: 24
    - Windows: 105
    Processed 160/525...
    Processed 320/525...
    Processed 480/525...
    Total instances: 525, Series during experiment: 5, Windows: 105
    Collecting ground truth and context...
    Organizing data into arrays...
    Saved predictions (quantiles) to /fslarge/scratch/users/h61084/codes/evaluating_tsfms/outputs/context_size/tasks/chronos2/context_length/1024/univariate/epf_electricity_price/H/short/run_0/predictions.npz
    Computing per-window metrics...
    Saved metrics to /fslarge/scratch/users/h61084/codes/evaluating_tsfms/outputs/context_size/tasks/chronos2/context_length/1024/univariate/epf_electricity_price/H/short/run_0/metrics.npz
    Saved config to /fslarge/scratch/users/h61084/codes/evaluating_tsfms/outputs/context_size/tasks/chronos2/context_length/1024/univariate/epf_electricity_price/H/short/run_0/config.json
    Saved aggregate metrics to /fslarge/scratch/users/h61084/codes/evaluating_tsfms/outputs/context_size/tasks/chronos2/context_length/1024/univariate/epf_electricity_price/H/short/run_0/metrics_summary.json
    Metrics summary (averaged over all series/windows/variates):
      MSE: 126.0102
      MAE: 6.1740
      RMSE: 7.7270
      MAPE: 1.2133
      sMAPE: 0.1596
      MASE: 0.9744
      ND: 0.1616
      CRPS: 0.1293
  Completed: 5 series × 105 windows
  Output: /fslarge/scratch/users/h61084/codes/evaluating_tsfms/outputs/context_size/tasks/chronos2/context_length/1024/univariate/epf_electricity_price/H/short/run_0

--- Term: medium ---
  Config: prediction_length=72, test_length=2520, val_length=2520
TIME run allocation action=new run=/fslarge/scratch/users/h61084/codes/evaluating_tsfms/outputs/context_size/tasks/chronos2/context_length/1024/univariate/epf_electricity_price/H/medium/run_0 launch_id=selena_context_size_20260920T193931Z_45055 slurm_job_id=3506741 launched_at=2026-09-20T19:59:02.579606+00:00
  Initializing Chronos pipeline (/fslarge/scratch/users/h61084/weights/chronos2)...
  Dataset info:
    - Frequency: H
    - Num series: 5
    - Target dim: 1
    - Target mode: univariate
    - Covariate channels: 0
    - Series length: min=52416, max=52416, avg=52416.0
    - Test split: 2520 steps
    - Prediction length: 72
    - Windows: 35
    Processed 160/175...
    Total instances: 175, Series during experiment: 5, Windows: 35
    Collecting ground truth and context...
    Organizing data into arrays...
    Saved predictions (quantiles) to /fslarge/scratch/users/h61084/codes/evaluating_tsfms/outputs/context_size/tasks/chronos2/context_length/1024/univariate/epf_electricity_price/H/medium/run_0/predictions.npz
    Computing per-window metrics...
    Saved metrics to /fslarge/scratch/users/h61084/codes/evaluating_tsfms/outputs/context_size/tasks/chronos2/context_length/1024/univariate/epf_electricity_price/H/medium/run_0/metrics.npz
    Saved config to /fslarge/scratch/users/h61084/codes/evaluating_tsfms/outputs/context_size/tasks/chronos2/context_length/1024/univariate/epf_electricity_price/H/medium/run_0/config.json
    Saved aggregate metrics to /fslarge/scratch/users/h61084/codes/evaluating_tsfms/outputs/context_size/tasks/chronos2/context_length/1024/univariate/epf_electricity_price/H/medium/run_0/metrics_summary.json
    Metrics summary (averaged over all series/windows/variates):
      MSE: 193.0069
      MAE: 7.6873
      RMSE: 10.0690
      MAPE: 1.7206
      sMAPE: 0.1915
      MASE: 1.2235
      ND: 0.1881
      CRPS: 0.1514
  Completed: 5 series × 35 windows
  Output: /fslarge/scratch/users/h61084/codes/evaluating_tsfms/outputs/context_size/tasks/chronos2/context_length/1024/univariate/epf_electricity_price/H/medium/run_0

--- Term: long ---
  Config: prediction_length=168, test_length=2520, val_length=2520
TIME run allocation action=new run=/fslarge/scratch/users/h61084/codes/evaluating_tsfms/outputs/context_size/tasks/chronos2/context_length/1024/univariate/epf_electricity_price/H/long/run_0 launch_id=selena_context_size_20260920T193931Z_45055 slurm_job_id=3506741 launched_at=2026-09-20T19:59:03.084308+00:00
  Initializing Chronos pipeline (/fslarge/scratch/users/h61084/weights/chronos2)...
  Dataset info:
    - Frequency: H
    - Num series: 5
    - Target dim: 1
    - Target mode: univariate
    - Covariate channels: 0
    - Series length: min=52416, max=52416, avg=52416.0
    - Test split: 2520 steps
    - Prediction length: 168
    - Windows: 15
    Total instances: 75, Series during experiment: 5, Windows: 15
    Collecting ground truth and context...
    Organizing data into arrays...
    Saved predictions (quantiles) to /fslarge/scratch/users/h61084/codes/evaluating_tsfms/outputs/context_size/tasks/chronos2/context_length/1024/univariate/epf_electricity_price/H/long/run_0/predictions.npz
    Computing per-window metrics...
    Saved metrics to /fslarge/scratch/users/h61084/codes/evaluating_tsfms/outputs/context_size/tasks/chronos2/context_length/1024/univariate/epf_electricity_price/H/long/run_0/metrics.npz
    Saved config to /fslarge/scratch/users/h61084/codes/evaluating_tsfms/outputs/context_size/tasks/chronos2/context_length/1024/univariate/epf_electricity_price/H/long/run_0/config.json
    Saved aggregate metrics to /fslarge/scratch/users/h61084/codes/evaluating_tsfms/outputs/context_size/tasks/chronos2/context_length/1024/univariate/epf_electricity_price/H/long/run_0/metrics_summary.json
    Metrics summary (averaged over all series/windows/variates):
      MSE: 219.5506
      MAE: 8.6128
      RMSE: 11.8683
      MAPE: 1.7905
      sMAPE: 0.2119
      MASE: 1.4128
      ND: 0.2024
      CRPS: 0.1621
  Completed: 5 series × 15 windows
  Output: /fslarge/scratch/users/h61084/codes/evaluating_tsfms/outputs/context_size/tasks/chronos2/context_length/1024/univariate/epf_electricity_price/H/long/run_0

============================================================
All experiments completed!
Results saved to: /scratch/users/h61084/codes/evaluating_tsfms/outputs/context_size/tasks
============================================================

############################################################
# All 1 dataset(s) completed!
############################################################

############################################################
# Dataset 1/1: OpenElectricity_NEM/5T
############################################################
[2026-09-20 19:59:11 UTC] resources model_device {"device": "cuda", "model": "chronos2"}
Loading configuration...

============================================================
Dataset: OpenElectricity_NEM/5T
Model: amazon/chronos-2
Checkpoint: /fslarge/scratch/users/h61084/weights/chronos2
Terms: ['short', 'medium', 'long']
Covariate mode: none
Instance normalization: none
============================================================

--- Term: short ---
  Config: prediction_length=24, test_length=4032, val_length=4032
TIME run allocation action=new run=/fslarge/scratch/users/h61084/codes/evaluating_tsfms/outputs/context_size/tasks/chronos2/context_length/1024/multivariate/OpenElectricity_NEM/5T/short/run_0 launch_id=selena_context_size_20260920T193931Z_45055 slurm_job_id=3506741 launched_at=2026-09-20T19:59:11.949826+00:00
  Initializing Chronos pipeline (/fslarge/scratch/users/h61084/weights/chronos2)...
  Dataset info:
    - Frequency: 5T
    - Num series: 1
    - Target dim: 10
    - Target mode: multivariate
    - Covariate channels: 0
    - Series length: min=43488, max=43488, avg=43488.0
    - Test split: 4032 steps
    - Prediction length: 24
    - Windows: 168
    Processed 160/168...
    Total instances: 168, Series during experiment: 1, Windows: 168
    Collecting ground truth and context...
    Organizing data into arrays...
    Saved predictions (quantiles) to /fslarge/scratch/users/h61084/codes/evaluating_tsfms/outputs/context_size/tasks/chronos2/context_length/1024/multivariate/OpenElectricity_NEM/5T/short/run_0/predictions.npz
    Computing per-window metrics...
    Saved metrics to /fslarge/scratch/users/h61084/codes/evaluating_tsfms/outputs/context_size/tasks/chronos2/context_length/1024/multivariate/OpenElectricity_NEM/5T/short/run_0/metrics.npz
    Saved config to /fslarge/scratch/users/h61084/codes/evaluating_tsfms/outputs/context_size/tasks/chronos2/context_length/1024/multivariate/OpenElectricity_NEM/5T/short/run_0/config.json
    Saved aggregate metrics to /fslarge/scratch/users/h61084/codes/evaluating_tsfms/outputs/context_size/tasks/chronos2/context_length/1024/multivariate/OpenElectricity_NEM/5T/short/run_0/metrics_summary.json
    Metrics summary (averaged over all series/windows/variates):
      MSE: 12364.3236
      MAE: 56.3514
      RMSE: 66.5087
      MAPE: 3.5658
      sMAPE: 0.1632
      MASE: 0.4174
      ND: 0.1578
      CRPS: 0.1281
  Completed: 1 series × 168 windows
  Output: /fslarge/scratch/users/h61084/codes/evaluating_tsfms/outputs/context_size/tasks/chronos2/context_length/1024/multivariate/OpenElectricity_NEM/5T/short/run_0

--- Term: medium ---
  Config: prediction_length=96, test_length=4032, val_length=4032
TIME run allocation action=new run=/fslarge/scratch/users/h61084/codes/evaluating_tsfms/outputs/context_size/tasks/chronos2/context_length/1024/multivariate/OpenElectricity_NEM/5T/medium/run_0 launch_id=selena_context_size_20260920T193931Z_45055 slurm_job_id=3506741 launched_at=2026-09-20T19:59:14.135297+00:00
  Initializing Chronos pipeline (/fslarge/scratch/users/h61084/weights/chronos2)...
  Dataset info:
    - Frequency: 5T
    - Num series: 1
    - Target dim: 10
    - Target mode: multivariate
    - Covariate channels: 0
    - Series length: min=43488, max=43488, avg=43488.0
    - Test split: 4032 steps
    - Prediction length: 96
    - Windows: 42
    Total instances: 42, Series during experiment: 1, Windows: 42
    Collecting ground truth and context...
    Organizing data into arrays...
    Saved predictions (quantiles) to /fslarge/scratch/users/h61084/codes/evaluating_tsfms/outputs/context_size/tasks/chronos2/context_length/1024/multivariate/OpenElectricity_NEM/5T/medium/run_0/predictions.npz
    Computing per-window metrics...
    Saved metrics to /fslarge/scratch/users/h61084/codes/evaluating_tsfms/outputs/context_size/tasks/chronos2/context_length/1024/multivariate/OpenElectricity_NEM/5T/medium/run_0/metrics.npz
    Saved config to /fslarge/scratch/users/h61084/codes/evaluating_tsfms/outputs/context_size/tasks/chronos2/context_length/1024/multivariate/OpenElectricity_NEM/5T/medium/run_0/config.json
    Saved aggregate metrics to /fslarge/scratch/users/h61084/codes/evaluating_tsfms/outputs/context_size/tasks/chronos2/context_length/1024/multivariate/OpenElectricity_NEM/5T/medium/run_0/metrics_summary.json
    Metrics summary (averaged over all series/windows/variates):
      MSE: 60879.0048
      MAE: 114.1753
      RMSE: 141.2758
      MAPE: 5.8301
      sMAPE: 0.2289
      MASE: 0.6873
      ND: 0.2353
      CRPS: 0.1912
  Completed: 1 series × 42 windows
  Output: /fslarge/scratch/users/h61084/codes/evaluating_tsfms/outputs/context_size/tasks/chronos2/context_length/1024/multivariate/OpenElectricity_NEM/5T/medium/run_0

--- Term: long ---
  Config: prediction_length=288, test_length=4032, val_length=4032
TIME run allocation action=new run=/fslarge/scratch/users/h61084/codes/evaluating_tsfms/outputs/context_size/tasks/chronos2/context_length/1024/multivariate/OpenElectricity_NEM/5T/long/run_0 launch_id=selena_context_size_20260920T193931Z_45055 slurm_job_id=3506741 launched_at=2026-09-20T19:59:14.900269+00:00
  Initializing Chronos pipeline (/fslarge/scratch/users/h61084/weights/chronos2)...
  Dataset info:
    - Frequency: 5T
    - Num series: 1
    - Target dim: 10
    - Target mode: multivariate
    - Covariate channels: 0
    - Series length: min=43488, max=43488, avg=43488.0
    - Test split: 4032 steps
    - Prediction length: 288
    - Windows: 14
    Total instances: 14, Series during experiment: 1, Windows: 14
    Collecting ground truth and context...
    Organizing data into arrays...
    Saved predictions (quantiles) to /fslarge/scratch/users/h61084/codes/evaluating_tsfms/outputs/context_size/tasks/chronos2/context_length/1024/multivariate/OpenElectricity_NEM/5T/long/run_0/predictions.npz
    Computing per-window metrics...
    Saved metrics to /fslarge/scratch/users/h61084/codes/evaluating_tsfms/outputs/context_size/tasks/chronos2/context_length/1024/multivariate/OpenElectricity_NEM/5T/long/run_0/metrics.npz
    Saved config to /fslarge/scratch/users/h61084/codes/evaluating_tsfms/outputs/context_size/tasks/chronos2/context_length/1024/multivariate/OpenElectricity_NEM/5T/long/run_0/config.json
    Saved aggregate metrics to /fslarge/scratch/users/h61084/codes/evaluating_tsfms/outputs/context_size/tasks/chronos2/context_length/1024/multivariate/OpenElectricity_NEM/5T/long/run_0/metrics_summary.json
    Metrics summary (averaged over all series/windows/variates):
      MSE: 68523.3562
      MAE: 132.0328
      RMSE: 171.0137
      MAPE: 6.6311
      sMAPE: 0.2672
      MASE: 0.8118
      ND: 0.2574
      CRPS: 0.2118
  Completed: 1 series × 14 windows
  Output: /fslarge/scratch/users/h61084/codes/evaluating_tsfms/outputs/context_size/tasks/chronos2/context_length/1024/multivariate/OpenElectricity_NEM/5T/long/run_0

============================================================
All experiments completed!
Results saved to: /scratch/users/h61084/codes/evaluating_tsfms/outputs/context_size/tasks
============================================================

############################################################
# All 1 dataset(s) completed!
############################################################

############################################################
# Dataset 1/1: EWELD_Load/15T
############################################################
[2026-09-20 19:59:23 UTC] resources model_device {"device": "cuda", "model": "chronos2"}
Loading configuration...

============================================================
Dataset: EWELD_Load/15T
Model: amazon/chronos-2
Checkpoint: /fslarge/scratch/users/h61084/weights/chronos2
Terms: ['short', 'medium', 'long']
Covariate mode: none
Instance normalization: none
============================================================

--- Term: short ---
  Config: prediction_length=24, test_length=1344, val_length=1344
TIME run allocation action=new run=/fslarge/scratch/users/h61084/codes/evaluating_tsfms/outputs/context_size/tasks/chronos2/context_length/1024/multivariate/EWELD_Load/15T/short/run_0 launch_id=selena_context_size_20260920T193931Z_45055 slurm_job_id=3506741 launched_at=2026-09-20T19:59:24.029069+00:00
  Initializing Chronos pipeline (/fslarge/scratch/users/h61084/weights/chronos2)...
  Dataset info:
    - Frequency: 15T
    - Num series: 1
    - Target dim: 10
    - Target mode: multivariate
    - Covariate channels: 0
    - Series length: min=20544, max=20544, avg=20544.0
    - Test split: 1344 steps
    - Prediction length: 24
    - Windows: 56
    Total instances: 56, Series during experiment: 1, Windows: 56
    Collecting ground truth and context...
    Organizing data into arrays...
    Saved predictions (quantiles) to /fslarge/scratch/users/h61084/codes/evaluating_tsfms/outputs/context_size/tasks/chronos2/context_length/1024/multivariate/EWELD_Load/15T/short/run_0/predictions.npz
    Computing per-window metrics...
    Saved metrics to /fslarge/scratch/users/h61084/codes/evaluating_tsfms/outputs/context_size/tasks/chronos2/context_length/1024/multivariate/EWELD_Load/15T/short/run_0/metrics.npz
    Saved config to /fslarge/scratch/users/h61084/codes/evaluating_tsfms/outputs/context_size/tasks/chronos2/context_length/1024/multivariate/EWELD_Load/15T/short/run_0/config.json
    Saved aggregate metrics to /fslarge/scratch/users/h61084/codes/evaluating_tsfms/outputs/context_size/tasks/chronos2/context_length/1024/multivariate/EWELD_Load/15T/short/run_0/metrics_summary.json
    Metrics summary (averaged over all series/windows/variates):
      MSE: 1170.6991
      MAE: 13.0490
      RMSE: 16.5807
      MAPE: 0.3555
      sMAPE: 0.2883
      MASE: 0.5598
      ND: 0.3529
      CRPS: 0.2961
  Completed: 1 series × 56 windows
  Output: /fslarge/scratch/users/h61084/codes/evaluating_tsfms/outputs/context_size/tasks/chronos2/context_length/1024/multivariate/EWELD_Load/15T/short/run_0

--- Term: medium ---
  Config: prediction_length=96, test_length=1344, val_length=1344
TIME run allocation action=new run=/fslarge/scratch/users/h61084/codes/evaluating_tsfms/outputs/context_size/tasks/chronos2/context_length/1024/multivariate/EWELD_Load/15T/medium/run_0 launch_id=selena_context_size_20260920T193931Z_45055 slurm_job_id=3506741 launched_at=2026-09-20T19:59:25.214456+00:00
  Initializing Chronos pipeline (/fslarge/scratch/users/h61084/weights/chronos2)...
  Dataset info:
    - Frequency: 15T
    - Num series: 1
    - Target dim: 10
    - Target mode: multivariate
    - Covariate channels: 0
    - Series length: min=20544, max=20544, avg=20544.0
    - Test split: 1344 steps
    - Prediction length: 96
    - Windows: 14
    Total instances: 14, Series during experiment: 1, Windows: 14
    Collecting ground truth and context...
    Organizing data into arrays...
    Saved predictions (quantiles) to /fslarge/scratch/users/h61084/codes/evaluating_tsfms/outputs/context_size/tasks/chronos2/context_length/1024/multivariate/EWELD_Load/15T/medium/run_0/predictions.npz
    Computing per-window metrics...
    Saved metrics to /fslarge/scratch/users/h61084/codes/evaluating_tsfms/outputs/context_size/tasks/chronos2/context_length/1024/multivariate/EWELD_Load/15T/medium/run_0/metrics.npz
    Saved config to /fslarge/scratch/users/h61084/codes/evaluating_tsfms/outputs/context_size/tasks/chronos2/context_length/1024/multivariate/EWELD_Load/15T/medium/run_0/config.json
    Saved aggregate metrics to /fslarge/scratch/users/h61084/codes/evaluating_tsfms/outputs/context_size/tasks/chronos2/context_length/1024/multivariate/EWELD_Load/15T/medium/run_0/metrics_summary.json
    Metrics summary (averaged over all series/windows/variates):
      MSE: 1297.0378
      MAE: 14.7143
      RMSE: 19.7998
      MAPE: 0.4236
      sMAPE: 0.3182
      MASE: 0.6788
      ND: 0.2285
      CRPS: 0.1823
  Completed: 1 series × 14 windows
  Output: /fslarge/scratch/users/h61084/codes/evaluating_tsfms/outputs/context_size/tasks/chronos2/context_length/1024/multivariate/EWELD_Load/15T/medium/run_0

--- Term: long ---
  Config: prediction_length=672, test_length=1344, val_length=1344
TIME run allocation action=new run=/fslarge/scratch/users/h61084/codes/evaluating_tsfms/outputs/context_size/tasks/chronos2/context_length/1024/multivariate/EWELD_Load/15T/long/run_0 launch_id=selena_context_size_20260920T193931Z_45055 slurm_job_id=3506741 launched_at=2026-09-20T19:59:25.621490+00:00
  Initializing Chronos pipeline (/fslarge/scratch/users/h61084/weights/chronos2)...
  Dataset info:
    - Frequency: 15T
    - Num series: 1
    - Target dim: 10
    - Target mode: multivariate
    - Covariate channels: 0
    - Series length: min=20544, max=20544, avg=20544.0
    - Test split: 1344 steps
    - Prediction length: 672
    - Windows: 2
    Total instances: 2, Series during experiment: 1, Windows: 2
    Collecting ground truth and context...
    Organizing data into arrays...
    Saved predictions (quantiles) to /fslarge/scratch/users/h61084/codes/evaluating_tsfms/outputs/context_size/tasks/chronos2/context_length/1024/multivariate/EWELD_Load/15T/long/run_0/predictions.npz
    Computing per-window metrics...
    Saved metrics to /fslarge/scratch/users/h61084/codes/evaluating_tsfms/outputs/context_size/tasks/chronos2/context_length/1024/multivariate/EWELD_Load/15T/long/run_0/metrics.npz
    Saved config to /fslarge/scratch/users/h61084/codes/evaluating_tsfms/outputs/context_size/tasks/chronos2/context_length/1024/multivariate/EWELD_Load/15T/long/run_0/config.json
    Saved aggregate metrics to /fslarge/scratch/users/h61084/codes/evaluating_tsfms/outputs/context_size/tasks/chronos2/context_length/1024/multivariate/EWELD_Load/15T/long/run_0/metrics_summary.json
    Metrics summary (averaged over all series/windows/variates):
      MSE: 1346.7800
      MAE: 14.9222
      RMSE: 20.6706
      MAPE: 0.4118
      sMAPE: 0.3424
      MASE: 0.7340
      ND: 0.2331
      CRPS: 0.1863
  Completed: 1 series × 2 windows
  Output: /fslarge/scratch/users/h61084/codes/evaluating_tsfms/outputs/context_size/tasks/chronos2/context_length/1024/multivariate/EWELD_Load/15T/long/run_0

============================================================
All experiments completed!
Results saved to: /scratch/users/h61084/codes/evaluating_tsfms/outputs/context_size/tasks
============================================================

############################################################
# All 1 dataset(s) completed!
############################################################

############################################################
# Dataset 1/1: SG_Carpark/15T
############################################################
[2026-09-20 19:59:34 UTC] resources model_device {"device": "cuda", "model": "chronos2"}
Loading configuration...

============================================================
Dataset: SG_Carpark/15T
Model: amazon/chronos-2
Checkpoint: /fslarge/scratch/users/h61084/weights/chronos2
Terms: ['short', 'medium', 'long']
Covariate mode: none
Instance normalization: none
============================================================

--- Term: short ---
  Config: prediction_length=16, test_length=672, val_length=672
TIME run allocation action=new run=/fslarge/scratch/users/h61084/codes/evaluating_tsfms/outputs/context_size/tasks/chronos2/context_length/1024/univariate/SG_Carpark/15T/short/run_0 launch_id=selena_context_size_20260920T193931Z_45055 slurm_job_id=3506741 launched_at=2026-09-20T19:59:34.378291+00:00
  Initializing Chronos pipeline (/fslarge/scratch/users/h61084/weights/chronos2)...
  Dataset info:
    - Frequency: 15T
    - Num series: 354
    - Target dim: 1
    - Target mode: univariate
    - Covariate channels: 0
    - Series length: min=14495, max=14495, avg=14495.0
    - Test split: 672 steps
    - Prediction length: 16
    - Windows: 42
    Processed 160/14868...
    Processed 320/14868...
    Processed 480/14868...
    Processed 640/14868...
    Processed 800/14868...
    Processed 960/14868...
    Processed 1120/14868...
    Processed 1280/14868...
    Processed 1440/14868...
    Processed 1600/14868...
    Processed 1760/14868...
    Processed 1920/14868...
    Processed 2080/14868...
    Processed 2240/14868...
    Processed 2400/14868...
    Processed 2560/14868...
    Processed 2720/14868...
    Processed 2880/14868...
    Processed 3040/14868...
    Processed 3200/14868...
    Processed 3360/14868...
    Processed 3520/14868...
    Processed 3680/14868...
    Processed 3840/14868...
    Processed 4000/14868...
    Processed 4160/14868...
    Processed 4320/14868...
    Processed 4480/14868...
    Processed 4640/14868...
    Processed 4800/14868...
    Processed 4960/14868...
    Processed 5120/14868...
    Processed 5280/14868...
    Processed 5440/14868...
    Processed 5600/14868...
    Processed 5760/14868...
    Processed 5920/14868...
    Processed 6080/14868...
    Processed 6240/14868...
    Processed 6400/14868...
    Processed 6560/14868...
    Processed 6720/14868...
    Processed 6880/14868...
    Processed 7040/14868...
    Processed 7200/14868...
    Processed 7360/14868...
    Processed 7520/14868...
    Processed 7680/14868...
    Processed 7840/14868...
    Processed 8000/14868...
    Processed 8160/14868...
    Processed 8320/14868...
    Processed 8480/14868...
    Processed 8640/14868...
    Processed 8800/14868...
    Processed 8960/14868...
    Processed 9120/14868...
    Processed 9280/14868...
    Processed 9440/14868...
    Processed 9600/14868...
    Processed 9760/14868...
    Processed 9920/14868...
    Processed 10080/14868...
    Processed 10240/14868...
    Processed 10400/14868...
    Processed 10560/14868...
    Processed 10720/14868...
    Processed 10880/14868...
    Processed 11040/14868...
    Processed 11200/14868...
    Processed 11360/14868...
    Processed 11520/14868...
    Processed 11680/14868...
    Processed 11840/14868...
    Processed 12000/14868...
    Processed 12160/14868...
    Processed 12320/14868...
    Processed 12480/14868...
    Processed 12640/14868...
    Processed 12800/14868...
    Processed 12960/14868...
    Processed 13120/14868...
    Processed 13280/14868...
    Processed 13440/14868...
    Processed 13600/14868...
    Processed 13760/14868...
    Processed 13920/14868...
    Processed 14080/14868...
    Processed 14240/14868...
    Processed 14400/14868...
    Processed 14560/14868...
    Processed 14720/14868...
    Processed 14868/14868...
    Total instances: 14868, Series during experiment: 354, Windows: 42
    Collecting ground truth and context...
    Organizing data into arrays...
    Saved predictions (quantiles) to /fslarge/scratch/users/h61084/codes/evaluating_tsfms/outputs/context_size/tasks/chronos2/context_length/1024/univariate/SG_Carpark/15T/short/run_0/predictions.npz
    Computing per-window metrics...
    Saved metrics to /fslarge/scratch/users/h61084/codes/evaluating_tsfms/outputs/context_size/tasks/chronos2/context_length/1024/univariate/SG_Carpark/15T/short/run_0/metrics.npz
    Saved config to /fslarge/scratch/users/h61084/codes/evaluating_tsfms/outputs/context_size/tasks/chronos2/context_length/1024/univariate/SG_Carpark/15T/short/run_0/config.json
    Saved aggregate metrics to /fslarge/scratch/users/h61084/codes/evaluating_tsfms/outputs/context_size/tasks/chronos2/context_length/1024/univariate/SG_Carpark/15T/short/run_0/metrics_summary.json
    Metrics summary (averaged over all series/windows/variates):
      MSE: 218.2603
      MAE: 5.7095
      RMSE: 7.2752
      MAPE: 0.0361
      sMAPE: 0.0461
      MASE: 0.3964
      ND: 0.0356
      CRPS: 0.0280
  Completed: 354 series × 42 windows
  Output: /fslarge/scratch/users/h61084/codes/evaluating_tsfms/outputs/context_size/tasks/chronos2/context_length/1024/univariate/SG_Carpark/15T/short/run_0

--- Term: medium ---
  Config: prediction_length=96, test_length=672, val_length=672
TIME run allocation action=new run=/fslarge/scratch/users/h61084/codes/evaluating_tsfms/outputs/context_size/tasks/chronos2/context_length/1024/univariate/SG_Carpark/15T/medium/run_0 launch_id=selena_context_size_20260920T193931Z_45055 slurm_job_id=3506741 launched_at=2026-09-20T19:59:52.420117+00:00
  Initializing Chronos pipeline (/fslarge/scratch/users/h61084/weights/chronos2)...
  Dataset info:
    - Frequency: 15T
    - Num series: 354
    - Target dim: 1
    - Target mode: univariate
    - Covariate channels: 0
    - Series length: min=14495, max=14495, avg=14495.0
    - Test split: 672 steps
    - Prediction length: 96
    - Windows: 7
    Processed 160/2478...
    Processed 320/2478...
    Processed 480/2478...
    Processed 640/2478...
    Processed 800/2478...
    Processed 960/2478...
    Processed 1120/2478...
    Processed 1280/2478...
    Processed 1440/2478...
    Processed 1600/2478...
    Processed 1760/2478...
    Processed 1920/2478...
    Processed 2080/2478...
    Processed 2240/2478...
    Processed 2400/2478...
    Total instances: 2478, Series during experiment: 354, Windows: 7
    Collecting ground truth and context...
    Organizing data into arrays...
    Saved predictions (quantiles) to /fslarge/scratch/users/h61084/codes/evaluating_tsfms/outputs/context_size/tasks/chronos2/context_length/1024/univariate/SG_Carpark/15T/medium/run_0/predictions.npz
    Computing per-window metrics...
    Saved metrics to /fslarge/scratch/users/h61084/codes/evaluating_tsfms/outputs/context_size/tasks/chronos2/context_length/1024/univariate/SG_Carpark/15T/medium/run_0/metrics.npz
    Saved config to /fslarge/scratch/users/h61084/codes/evaluating_tsfms/outputs/context_size/tasks/chronos2/context_length/1024/univariate/SG_Carpark/15T/medium/run_0/config.json
    Saved aggregate metrics to /fslarge/scratch/users/h61084/codes/evaluating_tsfms/outputs/context_size/tasks/chronos2/context_length/1024/univariate/SG_Carpark/15T/medium/run_0/metrics_summary.json
    Metrics summary (averaged over all series/windows/variates):
      MSE: 542.3401
      MAE: 9.0037
      RMSE: 12.4432
      MAPE: 0.0506
      sMAPE: 0.0596
      MASE: 0.5972
      ND: 0.0481
      CRPS: 0.0377
  Completed: 354 series × 7 windows
  Output: /fslarge/scratch/users/h61084/codes/evaluating_tsfms/outputs/context_size/tasks/chronos2/context_length/1024/univariate/SG_Carpark/15T/medium/run_0

--- Term: long ---
  Config: prediction_length=672, test_length=672, val_length=672
TIME run allocation action=new run=/fslarge/scratch/users/h61084/codes/evaluating_tsfms/outputs/context_size/tasks/chronos2/context_length/1024/univariate/SG_Carpark/15T/long/run_0 launch_id=selena_context_size_20260920T193931Z_45055 slurm_job_id=3506741 launched_at=2026-09-20T19:59:56.115406+00:00
  Initializing Chronos pipeline (/fslarge/scratch/users/h61084/weights/chronos2)...
  Dataset info:
    - Frequency: 15T
    - Num series: 354
    - Target dim: 1
    - Target mode: univariate
    - Covariate channels: 0
    - Series length: min=14495, max=14495, avg=14495.0
    - Test split: 672 steps
    - Prediction length: 672
    - Windows: 1
    Processed 160/354...
    Processed 320/354...
    Total instances: 354, Series during experiment: 354, Windows: 1
    Collecting ground truth and context...
    Organizing data into arrays...
    Saved predictions (quantiles) to /fslarge/scratch/users/h61084/codes/evaluating_tsfms/outputs/context_size/tasks/chronos2/context_length/1024/univariate/SG_Carpark/15T/long/run_0/predictions.npz
    Computing per-window metrics...
    Saved metrics to /fslarge/scratch/users/h61084/codes/evaluating_tsfms/outputs/context_size/tasks/chronos2/context_length/1024/univariate/SG_Carpark/15T/long/run_0/metrics.npz
    Saved config to /fslarge/scratch/users/h61084/codes/evaluating_tsfms/outputs/context_size/tasks/chronos2/context_length/1024/univariate/SG_Carpark/15T/long/run_0/config.json
    Saved aggregate metrics to /fslarge/scratch/users/h61084/codes/evaluating_tsfms/outputs/context_size/tasks/chronos2/context_length/1024/univariate/SG_Carpark/15T/long/run_0/metrics_summary.json
    Metrics summary (averaged over all series/windows/variates):
      MSE: 958.3145
      MAE: 12.7884
      RMSE: 18.4404
      MAPE: 0.0718
      sMAPE: 0.0773
      MASE: 0.8323
      ND: 0.0722
      CRPS: 0.0553
  Completed: 354 series × 1 windows
  Output: /fslarge/scratch/users/h61084/codes/evaluating_tsfms/outputs/context_size/tasks/chronos2/context_length/1024/univariate/SG_Carpark/15T/long/run_0

============================================================
All experiments completed!
Results saved to: /scratch/users/h61084/codes/evaluating_tsfms/outputs/context_size/tasks
============================================================

############################################################
# All 1 dataset(s) completed!
############################################################

############################################################
# Dataset 1/1: Finland_Traffic/15T
############################################################
[2026-09-20 20:00:05 UTC] resources model_device {"device": "cuda", "model": "chronos2"}
Loading configuration...

============================================================
Dataset: Finland_Traffic/15T
Model: amazon/chronos-2
Checkpoint: /fslarge/scratch/users/h61084/weights/chronos2
Terms: ['short', 'medium', 'long']
Covariate mode: none
Instance normalization: none
============================================================

--- Term: short ---
  Config: prediction_length=16, test_length=2976, val_length=2880
TIME run allocation action=new run=/fslarge/scratch/users/h61084/codes/evaluating_tsfms/outputs/context_size/tasks/chronos2/context_length/1024/univariate/Finland_Traffic/15T/short/run_0 launch_id=selena_context_size_20260920T193931Z_45055 slurm_job_id=3506741 launched_at=2026-09-20T20:00:05.965938+00:00
  Initializing Chronos pipeline (/fslarge/scratch/users/h61084/weights/chronos2)...
  Dataset info:
    - Frequency: 15T
    - Num series: 1
    - Target dim: 1
    - Target mode: univariate
    - Covariate channels: 0
    - Series length: min=35136, max=35136, avg=35136.0
    - Test split: 2976 steps
    - Prediction length: 16
    - Windows: 186
    Processed 160/186...
    Total instances: 186, Series during experiment: 1, Windows: 186
    Collecting ground truth and context...
    Organizing data into arrays...
    Saved predictions (quantiles) to /fslarge/scratch/users/h61084/codes/evaluating_tsfms/outputs/context_size/tasks/chronos2/context_length/1024/univariate/Finland_Traffic/15T/short/run_0/predictions.npz
    Computing per-window metrics...
    Saved metrics to /fslarge/scratch/users/h61084/codes/evaluating_tsfms/outputs/context_size/tasks/chronos2/context_length/1024/univariate/Finland_Traffic/15T/short/run_0/metrics.npz
    Saved config to /fslarge/scratch/users/h61084/codes/evaluating_tsfms/outputs/context_size/tasks/chronos2/context_length/1024/univariate/Finland_Traffic/15T/short/run_0/config.json
    Saved aggregate metrics to /fslarge/scratch/users/h61084/codes/evaluating_tsfms/outputs/context_size/tasks/chronos2/context_length/1024/univariate/Finland_Traffic/15T/short/run_0/metrics_summary.json
    Metrics summary (averaged over all series/windows/variates):
      MSE: 892.1631
      MAE: 17.8455
      RMSE: 21.8541
      MAPE: 0.2621
      sMAPE: 0.2024
      MASE: 0.4339
      ND: 0.2299
      CRPS: 0.1830
  Completed: 1 series × 186 windows
  Output: /fslarge/scratch/users/h61084/codes/evaluating_tsfms/outputs/context_size/tasks/chronos2/context_length/1024/univariate/Finland_Traffic/15T/short/run_0

--- Term: medium ---
  Config: prediction_length=96, test_length=2976, val_length=2880
TIME run allocation action=new run=/fslarge/scratch/users/h61084/codes/evaluating_tsfms/outputs/context_size/tasks/chronos2/context_length/1024/univariate/Finland_Traffic/15T/medium/run_0 launch_id=selena_context_size_20260920T193931Z_45055 slurm_job_id=3506741 launched_at=2026-09-20T20:00:06.957231+00:00
  Initializing Chronos pipeline (/fslarge/scratch/users/h61084/weights/chronos2)...
  Dataset info:
    - Frequency: 15T
    - Num series: 1
    - Target dim: 1
    - Target mode: univariate
    - Covariate channels: 0
    - Series length: min=35136, max=35136, avg=35136.0
    - Test split: 2976 steps
    - Prediction length: 96
    - Windows: 31
    Total instances: 31, Series during experiment: 1, Windows: 31
    Collecting ground truth and context...
    Organizing data into arrays...
    Saved predictions (quantiles) to /fslarge/scratch/users/h61084/codes/evaluating_tsfms/outputs/context_size/tasks/chronos2/context_length/1024/univariate/Finland_Traffic/15T/medium/run_0/predictions.npz
    Computing per-window metrics...
    Saved metrics to /fslarge/scratch/users/h61084/codes/evaluating_tsfms/outputs/context_size/tasks/chronos2/context_length/1024/univariate/Finland_Traffic/15T/medium/run_0/metrics.npz
    Saved config to /fslarge/scratch/users/h61084/codes/evaluating_tsfms/outputs/context_size/tasks/chronos2/context_length/1024/univariate/Finland_Traffic/15T/medium/run_0/config.json
    Saved aggregate metrics to /fslarge/scratch/users/h61084/codes/evaluating_tsfms/outputs/context_size/tasks/chronos2/context_length/1024/univariate/Finland_Traffic/15T/medium/run_0/metrics_summary.json
    Metrics summary (averaged over all series/windows/variates):
      MSE: 1676.8611
      MAE: 25.0144
      RMSE: 35.0868
      MAPE: 0.3158
      sMAPE: 0.2430
      MASE: 0.6080
      ND: 0.1987
      CRPS: 0.1587
  Completed: 1 series × 31 windows
  Output: /fslarge/scratch/users/h61084/codes/evaluating_tsfms/outputs/context_size/tasks/chronos2/context_length/1024/univariate/Finland_Traffic/15T/medium/run_0

--- Term: long ---
  Config: prediction_length=672, test_length=2976, val_length=2880
TIME run allocation action=new run=/fslarge/scratch/users/h61084/codes/evaluating_tsfms/outputs/context_size/tasks/chronos2/context_length/1024/univariate/Finland_Traffic/15T/long/run_0 launch_id=selena_context_size_20260920T193931Z_45055 slurm_job_id=3506741 launched_at=2026-09-20T20:00:07.250573+00:00
  Initializing Chronos pipeline (/fslarge/scratch/users/h61084/weights/chronos2)...
  Dataset info:
    - Frequency: 15T
    - Num series: 1
    - Target dim: 1
    - Target mode: univariate
    - Covariate channels: 0
    - Series length: min=35136, max=35136, avg=35136.0
    - Test split: 2976 steps
    - Prediction length: 672
    - Windows: 4
    Total instances: 4, Series during experiment: 1, Windows: 4
    Collecting ground truth and context...
    Organizing data into arrays...
    Saved predictions (quantiles) to /fslarge/scratch/users/h61084/codes/evaluating_tsfms/outputs/context_size/tasks/chronos2/context_length/1024/univariate/Finland_Traffic/15T/long/run_0/predictions.npz
    Computing per-window metrics...
    Saved metrics to /fslarge/scratch/users/h61084/codes/evaluating_tsfms/outputs/context_size/tasks/chronos2/context_length/1024/univariate/Finland_Traffic/15T/long/run_0/metrics.npz
    Saved config to /fslarge/scratch/users/h61084/codes/evaluating_tsfms/outputs/context_size/tasks/chronos2/context_length/1024/univariate/Finland_Traffic/15T/long/run_0/config.json
    Saved aggregate metrics to /fslarge/scratch/users/h61084/codes/evaluating_tsfms/outputs/context_size/tasks/chronos2/context_length/1024/univariate/Finland_Traffic/15T/long/run_0/metrics_summary.json
    Metrics summary (averaged over all series/windows/variates):
      MSE: 1907.4904
      MAE: 25.7758
      RMSE: 40.9932
      MAPE: 0.3883
      sMAPE: 0.2430
      MASE: 0.6253
      ND: 0.1990
      CRPS: 0.1650
  Completed: 1 series × 4 windows
  Output: /fslarge/scratch/users/h61084/codes/evaluating_tsfms/outputs/context_size/tasks/chronos2/context_length/1024/univariate/Finland_Traffic/15T/long/run_0

============================================================
All experiments completed!
Results saved to: /scratch/users/h61084/codes/evaluating_tsfms/outputs/context_size/tasks
============================================================

############################################################
# All 1 dataset(s) completed!
############################################################

############################################################
# Dataset 1/1: Port_Activity/D
############################################################
[2026-09-20 20:00:15 UTC] resources model_device {"device": "cuda", "model": "chronos2"}
Loading configuration...

============================================================
Dataset: Port_Activity/D
Model: amazon/chronos-2
Checkpoint: /fslarge/scratch/users/h61084/weights/chronos2
Terms: ['short']
Covariate mode: none
Instance normalization: none
============================================================

--- Term: short ---
  Config: prediction_length=30, test_length=365, val_length=90
TIME run allocation action=new run=/fslarge/scratch/users/h61084/codes/evaluating_tsfms/outputs/context_size/tasks/chronos2/context_length/1024/multivariate/Port_Activity/D/short/run_0 launch_id=selena_context_size_20260920T193931Z_45055 slurm_job_id=3506741 launched_at=2026-09-20T20:00:15.962114+00:00
  Initializing Chronos pipeline (/fslarge/scratch/users/h61084/weights/chronos2)...
  Dataset info:
    - Frequency: D
    - Num series: 99
    - Target dim: 2
    - Target mode: multivariate
    - Covariate channels: 0
    - Series length: min=2127, max=2127, avg=2127.0
    - Test split: 365 steps
    - Prediction length: 30
    - Windows: 12
    Processed 160/1188...
    Processed 320/1188...
    Processed 480/1188...
    Processed 640/1188...
    Processed 800/1188...
    Processed 960/1188...
    Processed 1120/1188...
    Total instances: 1188, Series during experiment: 99, Windows: 12
    Collecting ground truth and context...
    Organizing data into arrays...
    ⚠️  Predictions max value (536473.81) exceeds float16 safe range.
    ⚠️  Applying scale factor: 10 (values will be divided)
    Saved predictions (quantiles) to /fslarge/scratch/users/h61084/codes/evaluating_tsfms/outputs/context_size/tasks/chronos2/context_length/1024/multivariate/Port_Activity/D/short/run_0/predictions.npz
    Computing per-window metrics...
    Saved metrics to /fslarge/scratch/users/h61084/codes/evaluating_tsfms/outputs/context_size/tasks/chronos2/context_length/1024/multivariate/Port_Activity/D/short/run_0/metrics.npz
    Saved config to /fslarge/scratch/users/h61084/codes/evaluating_tsfms/outputs/context_size/tasks/chronos2/context_length/1024/multivariate/Port_Activity/D/short/run_0/config.json
    Saved aggregate metrics to /fslarge/scratch/users/h61084/codes/evaluating_tsfms/outputs/context_size/tasks/chronos2/context_length/1024/multivariate/Port_Activity/D/short/run_0/metrics_summary.json
    Metrics summary (averaged over all series/windows/variates):
      MSE: 953890204.2890
      MAE: 15462.8550
      RMSE: 21251.8105
      MAPE: 2.6953
      sMAPE: 0.9460
      MASE: 0.6600
      ND: 0.7402
      CRPS: 0.5917
  Completed: 99 series × 12 windows
  Output: /fslarge/scratch/users/h61084/codes/evaluating_tsfms/outputs/context_size/tasks/chronos2/context_length/1024/multivariate/Port_Activity/D/short/run_0

============================================================
All experiments completed!
Results saved to: /scratch/users/h61084/codes/evaluating_tsfms/outputs/context_size/tasks
============================================================

############################################################
# All 1 dataset(s) completed!
############################################################

############################################################
# Dataset 1/1: Port_Activity/W
############################################################
[2026-09-20 20:00:27 UTC] resources model_device {"device": "cuda", "model": "chronos2"}
Loading configuration...

============================================================
Dataset: Port_Activity/W
Model: amazon/chronos-2
Checkpoint: /fslarge/scratch/users/h61084/weights/chronos2
Terms: ['short']
Covariate mode: none
Instance normalization: none
============================================================

--- Term: short ---
  Config: prediction_length=13, test_length=52, val_length=13
TIME run allocation action=new run=/fslarge/scratch/users/h61084/codes/evaluating_tsfms/outputs/context_size/tasks/chronos2/context_length/1024/multivariate/Port_Activity/W/short/run_0 launch_id=selena_context_size_20260920T193931Z_45055 slurm_job_id=3506741 launched_at=2026-09-20T20:00:27.239944+00:00
  Initializing Chronos pipeline (/fslarge/scratch/users/h61084/weights/chronos2)...
  Dataset info:
    - Frequency: W
    - Num series: 99
    - Target dim: 2
    - Target mode: multivariate
    - Covariate channels: 0
    - Series length: min=304, max=304, avg=304.0
    - Test split: 52 steps
    - Prediction length: 13
    - Windows: 4
    Processed 160/396...
    Processed 320/396...
    Total instances: 396, Series during experiment: 99, Windows: 4
    Collecting ground truth and context...
    Organizing data into arrays...
    ⚠️  Predictions max value (2878480.00) exceeds float16 safe range.
    ⚠️  Applying scale factor: 100 (values will be divided)
    Saved predictions (quantiles) to /fslarge/scratch/users/h61084/codes/evaluating_tsfms/outputs/context_size/tasks/chronos2/context_length/1024/multivariate/Port_Activity/W/short/run_0/predictions.npz
    Computing per-window metrics...
    Saved metrics to /fslarge/scratch/users/h61084/codes/evaluating_tsfms/outputs/context_size/tasks/chronos2/context_length/1024/multivariate/Port_Activity/W/short/run_0/metrics.npz
    Saved config to /fslarge/scratch/users/h61084/codes/evaluating_tsfms/outputs/context_size/tasks/chronos2/context_length/1024/multivariate/Port_Activity/W/short/run_0/config.json
    Saved aggregate metrics to /fslarge/scratch/users/h61084/codes/evaluating_tsfms/outputs/context_size/tasks/chronos2/context_length/1024/multivariate/Port_Activity/W/short/run_0/metrics_summary.json
    Metrics summary (averaged over all series/windows/variates):
      MSE: 5925837164.9694
      MAE: 43773.5301
      RMSE: 53543.8607
      MAPE: 0.6257
      sMAPE: 0.3408
      MASE: 0.7793
      ND: 0.3350
      CRPS: 0.2604
  Completed: 99 series × 4 windows
  Output: /fslarge/scratch/users/h61084/codes/evaluating_tsfms/outputs/context_size/tasks/chronos2/context_length/1024/multivariate/Port_Activity/W/short/run_0

============================================================
All experiments completed!
Results saved to: /scratch/users/h61084/codes/evaluating_tsfms/outputs/context_size/tasks
============================================================

############################################################
# All 1 dataset(s) completed!
############################################################

############################################################
# Dataset 1/1: ECDC_COVID/D
############################################################
[2026-09-20 20:00:36 UTC] resources model_device {"device": "cuda", "model": "chronos2"}
Loading configuration...

============================================================
Dataset: ECDC_COVID/D
Model: amazon/chronos-2
Checkpoint: /fslarge/scratch/users/h61084/weights/chronos2
Terms: ['short']
Covariate mode: none
Instance normalization: none
============================================================

--- Term: short ---
  Config: prediction_length=30, test_length=150, val_length=30
TIME run allocation action=new run=/fslarge/scratch/users/h61084/codes/evaluating_tsfms/outputs/context_size/tasks/chronos2/context_length/1024/univariate/ECDC_COVID/D/short/run_0 launch_id=selena_context_size_20260920T193931Z_45055 slurm_job_id=3506741 launched_at=2026-09-20T20:00:36.978961+00:00
  Initializing Chronos pipeline (/fslarge/scratch/users/h61084/weights/chronos2)...
  Dataset info:
    - Frequency: D
    - Num series: 9
    - Target dim: 1
    - Target mode: univariate
    - Covariate channels: 0
    - Series length: min=794, max=1229, avg=1116.6
    - Test split: 150 steps
    - Prediction length: 30
    - Windows: 5
    Total instances: 45, Series during experiment: 9, Windows: 5
    Collecting ground truth and context...
    Organizing data into arrays...
    Saved predictions (quantiles) to /fslarge/scratch/users/h61084/codes/evaluating_tsfms/outputs/context_size/tasks/chronos2/context_length/1024/univariate/ECDC_COVID/D/short/run_0/predictions.npz
    Computing per-window metrics...
    Saved metrics to /fslarge/scratch/users/h61084/codes/evaluating_tsfms/outputs/context_size/tasks/chronos2/context_length/1024/univariate/ECDC_COVID/D/short/run_0/metrics.npz
    Saved config to /fslarge/scratch/users/h61084/codes/evaluating_tsfms/outputs/context_size/tasks/chronos2/context_length/1024/univariate/ECDC_COVID/D/short/run_0/config.json
    Saved aggregate metrics to /fslarge/scratch/users/h61084/codes/evaluating_tsfms/outputs/context_size/tasks/chronos2/context_length/1024/univariate/ECDC_COVID/D/short/run_0/metrics_summary.json
    Metrics summary (averaged over all series/windows/variates):
      MSE: 56891.6539
      MAE: 128.4163
      RMSE: 150.8192
      MAPE: 0.5726
      sMAPE: 0.3438
      MASE: 3.3245
      ND: 0.4366
      CRPS: 0.3426
  Completed: 9 series × 5 windows
  Output: /fslarge/scratch/users/h61084/codes/evaluating_tsfms/outputs/context_size/tasks/chronos2/context_length/1024/univariate/ECDC_COVID/D/short/run_0

============================================================
All experiments completed!
Results saved to: /scratch/users/h61084/codes/evaluating_tsfms/outputs/context_size/tasks
============================================================

############################################################
# All 1 dataset(s) completed!
############################################################

############################################################
# Dataset 1/1: ECDC_COVID/W
############################################################
[2026-09-20 20:00:46 UTC] resources model_device {"device": "cuda", "model": "chronos2"}
Loading configuration...

============================================================
Dataset: ECDC_COVID/W
Model: amazon/chronos-2
Checkpoint: /fslarge/scratch/users/h61084/weights/chronos2
Terms: ['short']
Covariate mode: none
Instance normalization: none
============================================================

--- Term: short ---
  Config: prediction_length=13, test_length=52, val_length=13
TIME run allocation action=new run=/fslarge/scratch/users/h61084/codes/evaluating_tsfms/outputs/context_size/tasks/chronos2/context_length/1024/univariate/ECDC_COVID/W/short/run_0 launch_id=selena_context_size_20260920T193931Z_45055 slurm_job_id=3506741 launched_at=2026-09-20T20:00:47.023928+00:00
  Initializing Chronos pipeline (/fslarge/scratch/users/h61084/weights/chronos2)...
  Dataset info:
    - Frequency: W
    - Num series: 16
    - Target dim: 1
    - Target mode: univariate
    - Covariate channels: 0
    - Series length: min=114, max=196, avg=165.4
    - Test split: 52 steps
    - Prediction length: 13
    - Windows: 4
    Total instances: 64, Series during experiment: 16, Windows: 4
    Collecting ground truth and context...
    Organizing data into arrays...
    Saved predictions (quantiles) to /fslarge/scratch/users/h61084/codes/evaluating_tsfms/outputs/context_size/tasks/chronos2/context_length/1024/univariate/ECDC_COVID/W/short/run_0/predictions.npz
    Computing per-window metrics...
    Saved metrics to /fslarge/scratch/users/h61084/codes/evaluating_tsfms/outputs/context_size/tasks/chronos2/context_length/1024/univariate/ECDC_COVID/W/short/run_0/metrics.npz
    Saved config to /fslarge/scratch/users/h61084/codes/evaluating_tsfms/outputs/context_size/tasks/chronos2/context_length/1024/univariate/ECDC_COVID/W/short/run_0/config.json
    Saved aggregate metrics to /fslarge/scratch/users/h61084/codes/evaluating_tsfms/outputs/context_size/tasks/chronos2/context_length/1024/univariate/ECDC_COVID/W/short/run_0/metrics_summary.json
    Metrics summary (averaged over all series/windows/variates):
      MSE: 2437816.6815
      MAE: 573.4416
      RMSE: 668.2329
      MAPE: 1.0931
      sMAPE: 0.5419
      MASE: 1.4614
      ND: 0.6585
      CRPS: 0.5471
  Completed: 16 series × 4 windows
  Output: /fslarge/scratch/users/h61084/codes/evaluating_tsfms/outputs/context_size/tasks/chronos2/context_length/1024/univariate/ECDC_COVID/W/short/run_0

============================================================
All experiments completed!
Results saved to: /scratch/users/h61084/codes/evaluating_tsfms/outputs/context_size/tasks
============================================================

############################################################
# All 1 dataset(s) completed!
############################################################

############################################################
# Dataset 1/1: Global_Influenza/W
############################################################
[2026-09-20 20:00:56 UTC] resources model_device {"device": "cuda", "model": "chronos2"}
Loading configuration...

============================================================
Dataset: Global_Influenza/W
Model: amazon/chronos-2
Checkpoint: /fslarge/scratch/users/h61084/weights/chronos2
Terms: ['short']
Covariate mode: none
Instance normalization: none
============================================================

--- Term: short ---
  Config: prediction_length=13, test_length=52, val_length=13
TIME run allocation action=new run=/fslarge/scratch/users/h61084/codes/evaluating_tsfms/outputs/context_size/tasks/chronos2/context_length/1024/multivariate/Global_Influenza/W/short/run_0 launch_id=selena_context_size_20260920T193931Z_45055 slurm_job_id=3506741 launched_at=2026-09-20T20:00:56.342220+00:00
  Initializing Chronos pipeline (/fslarge/scratch/users/h61084/weights/chronos2)...
  Dataset info:
    - Frequency: W
    - Num series: 15
    - Target dim: 4
    - Target mode: multivariate
    - Covariate channels: 0
    - Series length: min=154, max=210, avg=205.6
    - Test split: 52 steps
    - Prediction length: 13
    - Windows: 4
    Total instances: 60, Series during experiment: 15, Windows: 4
    Collecting ground truth and context...
    Organizing data into arrays...
    ⚠️  Predictions max value (95591.98) exceeds float16 safe range.
    ⚠️  Applying scale factor: 10 (values will be divided)
    Saved predictions (quantiles) to /fslarge/scratch/users/h61084/codes/evaluating_tsfms/outputs/context_size/tasks/chronos2/context_length/1024/multivariate/Global_Influenza/W/short/run_0/predictions.npz
    Computing per-window metrics...
    Saved metrics to /fslarge/scratch/users/h61084/codes/evaluating_tsfms/outputs/context_size/tasks/chronos2/context_length/1024/multivariate/Global_Influenza/W/short/run_0/metrics.npz
    Saved config to /fslarge/scratch/users/h61084/codes/evaluating_tsfms/outputs/context_size/tasks/chronos2/context_length/1024/multivariate/Global_Influenza/W/short/run_0/config.json
    Saved aggregate metrics to /fslarge/scratch/users/h61084/codes/evaluating_tsfms/outputs/context_size/tasks/chronos2/context_length/1024/multivariate/Global_Influenza/W/short/run_0/metrics_summary.json
    Metrics summary (averaged over all series/windows/variates):
      MSE: 2304468.1153
      MAE: 429.1852
      RMSE: 544.7524
      MAPE: 0.6197
      sMAPE: 0.4561
      MASE: 2.6876
      ND: 0.4566
      CRPS: 0.3643
  Completed: 15 series × 4 windows
  Output: /fslarge/scratch/users/h61084/codes/evaluating_tsfms/outputs/context_size/tasks/chronos2/context_length/1024/multivariate/Global_Influenza/W/short/run_0

============================================================
All experiments completed!
Results saved to: /scratch/users/h61084/codes/evaluating_tsfms/outputs/context_size/tasks
============================================================

############################################################
# All 1 dataset(s) completed!
############################################################

############################################################
# Dataset 1/1: Crypto/D
############################################################
[2026-09-20 20:01:05 UTC] resources model_device {"device": "cuda", "model": "chronos2"}
Loading configuration...

============================================================
Dataset: Crypto/D
Model: amazon/chronos-2
Checkpoint: /fslarge/scratch/users/h61084/weights/chronos2
Terms: ['short']
Covariate mode: none
Instance normalization: none
============================================================

--- Term: short ---
  Config: prediction_length=30, test_length=273, val_length=92
TIME run allocation action=new run=/fslarge/scratch/users/h61084/codes/evaluating_tsfms/outputs/context_size/tasks/chronos2/context_length/1024/multivariate/Crypto/D/short/run_0 launch_id=selena_context_size_20260920T193931Z_45055 slurm_job_id=3506741 launched_at=2026-09-20T20:01:05.766707+00:00
  Initializing Chronos pipeline (/fslarge/scratch/users/h61084/weights/chronos2)...
  Dataset info:
    - Frequency: D
    - Num series: 1
    - Target dim: 4
    - Target mode: multivariate
    - Covariate channels: 0
    - Series length: min=2842, max=2842, avg=2842.0
    - Test split: 273 steps
    - Prediction length: 30
    - Windows: 9
    Total instances: 9, Series during experiment: 1, Windows: 9
    Collecting ground truth and context...
    Organizing data into arrays...
    ⚠️  Predictions max value (130531.27) exceeds float16 safe range.
    ⚠️  Applying scale factor: 10 (values will be divided)
    Saved predictions (quantiles) to /fslarge/scratch/users/h61084/codes/evaluating_tsfms/outputs/context_size/tasks/chronos2/context_length/1024/multivariate/Crypto/D/short/run_0/predictions.npz
    Computing per-window metrics...
    Saved metrics to /fslarge/scratch/users/h61084/codes/evaluating_tsfms/outputs/context_size/tasks/chronos2/context_length/1024/multivariate/Crypto/D/short/run_0/metrics.npz
    Saved config to /fslarge/scratch/users/h61084/codes/evaluating_tsfms/outputs/context_size/tasks/chronos2/context_length/1024/multivariate/Crypto/D/short/run_0/config.json
    Saved aggregate metrics to /fslarge/scratch/users/h61084/codes/evaluating_tsfms/outputs/context_size/tasks/chronos2/context_length/1024/multivariate/Crypto/D/short/run_0/metrics_summary.json
    Metrics summary (averaged over all series/windows/variates):
      MSE: 13904564.8884
      MAE: 1526.4316
      RMSE: 1780.2386
      MAPE: 0.0958
      sMAPE: 0.0967
      MASE: 6.6048
      ND: 0.0972
      CRPS: 0.0775
  Completed: 1 series × 9 windows
  Output: /fslarge/scratch/users/h61084/codes/evaluating_tsfms/outputs/context_size/tasks/chronos2/context_length/1024/multivariate/Crypto/D/short/run_0

============================================================
All experiments completed!
Results saved to: /scratch/users/h61084/codes/evaluating_tsfms/outputs/context_size/tasks
============================================================

############################################################
# All 1 dataset(s) completed!
############################################################

############################################################
# Dataset 1/1: US_Term_Structure/B
############################################################
[2026-09-20 20:01:15 UTC] resources model_device {"device": "cuda", "model": "chronos2"}
Loading configuration...

============================================================
Dataset: US_Term_Structure/B
Model: amazon/chronos-2
Checkpoint: /fslarge/scratch/users/h61084/weights/chronos2
Terms: ['short']
Covariate mode: none
Instance normalization: none
============================================================

--- Term: short ---
  Config: prediction_length=20, test_length=717, val_length=100
TIME run allocation action=new run=/fslarge/scratch/users/h61084/codes/evaluating_tsfms/outputs/context_size/tasks/chronos2/context_length/1024/multivariate/US_Term_Structure/B/short/run_0 launch_id=selena_context_size_20260920T193931Z_45055 slurm_job_id=3506741 launched_at=2026-09-20T20:01:15.906685+00:00
  Initializing Chronos pipeline (/fslarge/scratch/users/h61084/weights/chronos2)...
  Dataset info:
    - Frequency: B
    - Num series: 1
    - Target dim: 40
    - Target mode: multivariate
    - Covariate channels: 0
    - Series length: min=9326, max=9326, avg=9326.0
    - Test split: 717 steps
    - Prediction length: 20
    - Windows: 35
    Total instances: 35, Series during experiment: 1, Windows: 35
    Collecting ground truth and context...
    Organizing data into arrays...
    Saved predictions (quantiles) to /fslarge/scratch/users/h61084/codes/evaluating_tsfms/outputs/context_size/tasks/chronos2/context_length/1024/multivariate/US_Term_Structure/B/short/run_0/predictions.npz
    Computing per-window metrics...
    Saved metrics to /fslarge/scratch/users/h61084/codes/evaluating_tsfms/outputs/context_size/tasks/chronos2/context_length/1024/multivariate/US_Term_Structure/B/short/run_0/metrics.npz
    Saved config to /fslarge/scratch/users/h61084/codes/evaluating_tsfms/outputs/context_size/tasks/chronos2/context_length/1024/multivariate/US_Term_Structure/B/short/run_0/config.json
    Saved aggregate metrics to /fslarge/scratch/users/h61084/codes/evaluating_tsfms/outputs/context_size/tasks/chronos2/context_length/1024/multivariate/US_Term_Structure/B/short/run_0/metrics_summary.json
    Metrics summary (averaged over all series/windows/variates):
      MSE: 0.0223
      MAE: 0.1014
      RMSE: 0.1219
      MAPE: 0.9159
      sMAPE: 0.2662
      MASE: 1.4883
      ND: 0.2556
      CRPS: 0.2038
  Completed: 1 series × 35 windows
  Output: /fslarge/scratch/users/h61084/codes/evaluating_tsfms/outputs/context_size/tasks/chronos2/context_length/1024/multivariate/US_Term_Structure/B/short/run_0

============================================================
All experiments completed!
Results saved to: /scratch/users/h61084/codes/evaluating_tsfms/outputs/context_size/tasks
============================================================

############################################################
# All 1 dataset(s) completed!
############################################################

############################################################
# Dataset 1/1: Oil_Price/B
############################################################
[2026-09-20 20:01:26 UTC] resources model_device {"device": "cuda", "model": "chronos2"}
Loading configuration...

============================================================
Dataset: Oil_Price/B
Model: amazon/chronos-2
Checkpoint: /fslarge/scratch/users/h61084/weights/chronos2
Terms: ['short']
Covariate mode: none
Instance normalization: none
============================================================

--- Term: short ---
  Config: prediction_length=20, test_length=717, val_length=100
TIME run allocation action=new run=/fslarge/scratch/users/h61084/codes/evaluating_tsfms/outputs/context_size/tasks/chronos2/context_length/1024/multivariate/Oil_Price/B/short/run_0 launch_id=selena_context_size_20260920T193931Z_45055 slurm_job_id=3506741 launched_at=2026-09-20T20:01:26.144310+00:00
  Initializing Chronos pipeline (/fslarge/scratch/users/h61084/weights/chronos2)...
  Dataset info:
    - Frequency: B
    - Num series: 1
    - Target dim: 12
    - Target mode: multivariate
    - Covariate channels: 0
    - Series length: min=5035, max=5035, avg=5035.0
    - Test split: 717 steps
    - Prediction length: 20
    - Windows: 35
    Total instances: 35, Series during experiment: 1, Windows: 35
    Collecting ground truth and context...
    Organizing data into arrays...
    Saved predictions (quantiles) to /fslarge/scratch/users/h61084/codes/evaluating_tsfms/outputs/context_size/tasks/chronos2/context_length/1024/multivariate/Oil_Price/B/short/run_0/predictions.npz
    Computing per-window metrics...
    Saved metrics to /fslarge/scratch/users/h61084/codes/evaluating_tsfms/outputs/context_size/tasks/chronos2/context_length/1024/multivariate/Oil_Price/B/short/run_0/metrics.npz
    Saved config to /fslarge/scratch/users/h61084/codes/evaluating_tsfms/outputs/context_size/tasks/chronos2/context_length/1024/multivariate/Oil_Price/B/short/run_0/config.json
    Saved aggregate metrics to /fslarge/scratch/users/h61084/codes/evaluating_tsfms/outputs/context_size/tasks/chronos2/context_length/1024/multivariate/Oil_Price/B/short/run_0/metrics_summary.json
    Metrics summary (averaged over all series/windows/variates):
      MSE: 2.9087
      MAE: 0.6598
      RMSE: 0.7628
      MAPE: 0.0564
      sMAPE: 0.0558
      MASE: 1.3417
      ND: 0.0561
      CRPS: 0.0448
  Completed: 1 series × 35 windows
  Output: /fslarge/scratch/users/h61084/codes/evaluating_tsfms/outputs/context_size/tasks/chronos2/context_length/1024/multivariate/Oil_Price/B/short/run_0

============================================================
All experiments completed!
Results saved to: /scratch/users/h61084/codes/evaluating_tsfms/outputs/context_size/tasks
============================================================

############################################################
# All 1 dataset(s) completed!
############################################################

############################################################
# Dataset 1/1: Job_Claims/W
############################################################
[2026-09-20 20:01:35 UTC] resources model_device {"device": "cuda", "model": "chronos2"}
Loading configuration...

============================================================
Dataset: Job_Claims/W
Model: amazon/chronos-2
Checkpoint: /fslarge/scratch/users/h61084/weights/chronos2
Terms: ['short']
Covariate mode: none
Instance normalization: none
============================================================

--- Term: short ---
  Config: prediction_length=13, test_length=52, val_length=13
TIME run allocation action=new run=/fslarge/scratch/users/h61084/codes/evaluating_tsfms/outputs/context_size/tasks/chronos2/context_length/1024/multivariate/Job_Claims/W/short/run_0 launch_id=selena_context_size_20260920T193931Z_45055 slurm_job_id=3506741 launched_at=2026-09-20T20:01:35.673044+00:00
  Initializing Chronos pipeline (/fslarge/scratch/users/h61084/weights/chronos2)...
  Dataset info:
    - Frequency: W
    - Num series: 1
    - Target dim: 2
    - Target mode: multivariate
    - Covariate channels: 0
    - Series length: min=196, max=196, avg=196.0
    - Test split: 52 steps
    - Prediction length: 13
    - Windows: 4
    Total instances: 4, Series during experiment: 1, Windows: 4
    Collecting ground truth and context...
    Organizing data into arrays...
    ⚠️  Predictions max value (2030934.38) exceeds float16 safe range.
    ⚠️  Applying scale factor: 100 (values will be divided)
    Saved predictions (quantiles) to /fslarge/scratch/users/h61084/codes/evaluating_tsfms/outputs/context_size/tasks/chronos2/context_length/1024/multivariate/Job_Claims/W/short/run_0/predictions.npz
    Computing per-window metrics...
    Saved metrics to /fslarge/scratch/users/h61084/codes/evaluating_tsfms/outputs/context_size/tasks/chronos2/context_length/1024/multivariate/Job_Claims/W/short/run_0/metrics.npz
    Saved config to /fslarge/scratch/users/h61084/codes/evaluating_tsfms/outputs/context_size/tasks/chronos2/context_length/1024/multivariate/Job_Claims/W/short/run_0/config.json
    Saved aggregate metrics to /fslarge/scratch/users/h61084/codes/evaluating_tsfms/outputs/context_size/tasks/chronos2/context_length/1024/multivariate/Job_Claims/W/short/run_0/metrics_summary.json
    Metrics summary (averaged over all series/windows/variates):
      MSE: 801192465.5035
      MAE: 18632.7230
      RMSE: 22058.7635
      MAPE: 0.0235
      sMAPE: 0.0238
      MASE: 3.1438
      ND: 0.0238
      CRPS: 0.0184
  Completed: 1 series × 4 windows
  Output: /fslarge/scratch/users/h61084/codes/evaluating_tsfms/outputs/context_size/tasks/chronos2/context_length/1024/multivariate/Job_Claims/W/short/run_0

============================================================
All experiments completed!
Results saved to: /scratch/users/h61084/codes/evaluating_tsfms/outputs/context_size/tasks
============================================================

############################################################
# All 1 dataset(s) completed!
############################################################

############################################################
# Dataset 1/1: Uncertainty_1M/M
############################################################
[2026-09-20 20:01:44 UTC] resources model_device {"device": "cuda", "model": "chronos2"}
Loading configuration...

============================================================
Dataset: Uncertainty_1M/M
Model: amazon/chronos-2
Checkpoint: /fslarge/scratch/users/h61084/weights/chronos2
Terms: ['short']
Covariate mode: none
Instance normalization: none
============================================================

--- Term: short ---
  Config: prediction_length=6, test_length=42, val_length=18
TIME run allocation action=new run=/fslarge/scratch/users/h61084/codes/evaluating_tsfms/outputs/context_size/tasks/chronos2/context_length/1024/multivariate/Uncertainty_1M/M/short/run_0 launch_id=selena_context_size_20260920T193931Z_45055 slurm_job_id=3506741 launched_at=2026-09-20T20:01:44.915263+00:00
  Initializing Chronos pipeline (/fslarge/scratch/users/h61084/weights/chronos2)...
  Dataset info:
    - Frequency: M
    - Num series: 1
    - Target dim: 3
    - Target mode: multivariate
    - Covariate channels: 0
    - Series length: min=780, max=780, avg=780.0
    - Test split: 42 steps
    - Prediction length: 6
    - Windows: 7
    Total instances: 7, Series during experiment: 1, Windows: 7
    Collecting ground truth and context...
    Organizing data into arrays...
    Saved predictions (quantiles) to /fslarge/scratch/users/h61084/codes/evaluating_tsfms/outputs/context_size/tasks/chronos2/context_length/1024/multivariate/Uncertainty_1M/M/short/run_0/predictions.npz
    Computing per-window metrics...
    Saved metrics to /fslarge/scratch/users/h61084/codes/evaluating_tsfms/outputs/context_size/tasks/chronos2/context_length/1024/multivariate/Uncertainty_1M/M/short/run_0/metrics.npz
    Saved config to /fslarge/scratch/users/h61084/codes/evaluating_tsfms/outputs/context_size/tasks/chronos2/context_length/1024/multivariate/Uncertainty_1M/M/short/run_0/config.json
    Saved aggregate metrics to /fslarge/scratch/users/h61084/codes/evaluating_tsfms/outputs/context_size/tasks/chronos2/context_length/1024/multivariate/Uncertainty_1M/M/short/run_0/metrics_summary.json
    Metrics summary (averaged over all series/windows/variates):
      MSE: 0.0013
      MAE: 0.0277
      RMSE: 0.0309
      MAPE: 0.0345
      sMAPE: 0.0338
      MASE: 0.3483
      ND: 0.0342
      CRPS: 0.0270
  Completed: 1 series × 7 windows
  Output: /fslarge/scratch/users/h61084/codes/evaluating_tsfms/outputs/context_size/tasks/chronos2/context_length/1024/multivariate/Uncertainty_1M/M/short/run_0

============================================================
All experiments completed!
Results saved to: /scratch/users/h61084/codes/evaluating_tsfms/outputs/context_size/tasks
============================================================

############################################################
# All 1 dataset(s) completed!
############################################################

############################################################
# Dataset 1/1: Housing_Inventory/M
############################################################
[2026-09-20 20:01:54 UTC] resources model_device {"device": "cuda", "model": "chronos2"}
Loading configuration...

============================================================
Dataset: Housing_Inventory/M
Model: amazon/chronos-2
Checkpoint: /fslarge/scratch/users/h61084/weights/chronos2
Terms: ['short']
Covariate mode: none
Instance normalization: none
============================================================

--- Term: short ---
  Config: prediction_length=12, test_length=36, val_length=12
TIME run allocation action=new run=/fslarge/scratch/users/h61084/codes/evaluating_tsfms/outputs/context_size/tasks/chronos2/context_length/1024/multivariate/Housing_Inventory/M/short/run_0 launch_id=selena_context_size_20260920T193931Z_45055 slurm_job_id=3506741 launched_at=2026-09-20T20:01:54.491463+00:00
  Initializing Chronos pipeline (/fslarge/scratch/users/h61084/weights/chronos2)...
  Dataset info:
    - Frequency: M
    - Num series: 1
    - Target dim: 4
    - Target mode: multivariate
    - Covariate channels: 0
    - Series length: min=114, max=114, avg=114.0
    - Test split: 36 steps
    - Prediction length: 12
    - Windows: 3
    Total instances: 3, Series during experiment: 1, Windows: 3
    Collecting ground truth and context...
    Organizing data into arrays...
    ⚠️  Predictions max value (1090475.75) exceeds float16 safe range.
    ⚠️  Applying scale factor: 100 (values will be divided)
    Saved predictions (quantiles) to /fslarge/scratch/users/h61084/codes/evaluating_tsfms/outputs/context_size/tasks/chronos2/context_length/1024/multivariate/Housing_Inventory/M/short/run_0/predictions.npz
    Computing per-window metrics...
    Saved metrics to /fslarge/scratch/users/h61084/codes/evaluating_tsfms/outputs/context_size/tasks/chronos2/context_length/1024/multivariate/Housing_Inventory/M/short/run_0/metrics.npz
    Saved config to /fslarge/scratch/users/h61084/codes/evaluating_tsfms/outputs/context_size/tasks/chronos2/context_length/1024/multivariate/Housing_Inventory/M/short/run_0/config.json
    Saved aggregate metrics to /fslarge/scratch/users/h61084/codes/evaluating_tsfms/outputs/context_size/tasks/chronos2/context_length/1024/multivariate/Housing_Inventory/M/short/run_0/metrics_summary.json
    Metrics summary (averaged over all series/windows/variates):
      MSE: 5223247912.1033
      MAE: 33986.0197
      RMSE: 37384.3397
      MAPE: 0.0689
      sMAPE: 0.0693
      MASE: 0.5298
      ND: 0.0695
      CRPS: 0.0527
  Completed: 1 series × 3 windows
  Output: /fslarge/scratch/users/h61084/codes/evaluating_tsfms/outputs/context_size/tasks/chronos2/context_length/1024/multivariate/Housing_Inventory/M/short/run_0

============================================================
All experiments completed!
Results saved to: /scratch/users/h61084/codes/evaluating_tsfms/outputs/context_size/tasks
============================================================

############################################################
# All 1 dataset(s) completed!
############################################################

############################################################
# Dataset 1/1: JOLTS/M
############################################################
[2026-09-20 20:02:04 UTC] resources model_device {"device": "cuda", "model": "chronos2"}
Loading configuration...

============================================================
Dataset: JOLTS/M
Model: amazon/chronos-2
Checkpoint: /fslarge/scratch/users/h61084/weights/chronos2
Terms: ['short']
Covariate mode: none
Instance normalization: none
============================================================

--- Term: short ---
  Config: prediction_length=12, test_length=60, val_length=12
TIME run allocation action=new run=/fslarge/scratch/users/h61084/codes/evaluating_tsfms/outputs/context_size/tasks/chronos2/context_length/1024/multivariate/JOLTS/M/short/run_0 launch_id=selena_context_size_20260920T193931Z_45055 slurm_job_id=3506741 launched_at=2026-09-20T20:02:04.700944+00:00
  Initializing Chronos pipeline (/fslarge/scratch/users/h61084/weights/chronos2)...
  Dataset info:
    - Frequency: M
    - Num series: 1
    - Target dim: 6
    - Target mode: multivariate
    - Covariate channels: 0
    - Series length: min=297, max=297, avg=297.0
    - Test split: 60 steps
    - Prediction length: 12
    - Windows: 5
    Total instances: 5, Series during experiment: 1, Windows: 5
    Collecting ground truth and context...
    Organizing data into arrays...
    Saved predictions (quantiles) to /fslarge/scratch/users/h61084/codes/evaluating_tsfms/outputs/context_size/tasks/chronos2/context_length/1024/multivariate/JOLTS/M/short/run_0/predictions.npz
    Computing per-window metrics...
    Saved metrics to /fslarge/scratch/users/h61084/codes/evaluating_tsfms/outputs/context_size/tasks/chronos2/context_length/1024/multivariate/JOLTS/M/short/run_0/metrics.npz
    Saved config to /fslarge/scratch/users/h61084/codes/evaluating_tsfms/outputs/context_size/tasks/chronos2/context_length/1024/multivariate/JOLTS/M/short/run_0/config.json
    Saved aggregate metrics to /fslarge/scratch/users/h61084/codes/evaluating_tsfms/outputs/context_size/tasks/chronos2/context_length/1024/multivariate/JOLTS/M/short/run_0/metrics_summary.json
    Metrics summary (averaged over all series/windows/variates):
      MSE: 433577.2882
      MAE: 294.3197
      RMSE: 354.0508
      MAPE: 0.0707
      sMAPE: 0.0717
      MASE: 0.9042
      ND: 0.0708
      CRPS: 0.0576
  Completed: 1 series × 5 windows
  Output: /fslarge/scratch/users/h61084/codes/evaluating_tsfms/outputs/context_size/tasks/chronos2/context_length/1024/multivariate/JOLTS/M/short/run_0

============================================================
All experiments completed!
Results saved to: /scratch/users/h61084/codes/evaluating_tsfms/outputs/context_size/tasks
============================================================

############################################################
# All 1 dataset(s) completed!
############################################################

############################################################
# Dataset 1/1: US_Labor/M
############################################################
[2026-09-20 20:02:13 UTC] resources model_device {"device": "cuda", "model": "chronos2"}
Loading configuration...

============================================================
Dataset: US_Labor/M
Model: amazon/chronos-2
Checkpoint: /fslarge/scratch/users/h61084/weights/chronos2
Terms: ['short']
Covariate mode: none
Instance normalization: none
============================================================

--- Term: short ---
  Config: prediction_length=12, test_length=60, val_length=12
TIME run allocation action=new run=/fslarge/scratch/users/h61084/codes/evaluating_tsfms/outputs/context_size/tasks/chronos2/context_length/1024/multivariate/US_Labor/M/short/run_0 launch_id=selena_context_size_20260920T193931Z_45055 slurm_job_id=3506741 launched_at=2026-09-20T20:02:14.024464+00:00
  Initializing Chronos pipeline (/fslarge/scratch/users/h61084/weights/chronos2)...
  Dataset info:
    - Frequency: M
    - Num series: 1
    - Target dim: 14
    - Target mode: multivariate
    - Covariate channels: 0
    - Series length: min=380, max=380, avg=380.0
    - Test split: 60 steps
    - Prediction length: 12
    - Windows: 5
    Total instances: 5, Series during experiment: 1, Windows: 5
    Collecting ground truth and context...
    Organizing data into arrays...
    ⚠️  Predictions max value (171793.94) exceeds float16 safe range.
    ⚠️  Applying scale factor: 10 (values will be divided)
    Saved predictions (quantiles) to /fslarge/scratch/users/h61084/codes/evaluating_tsfms/outputs/context_size/tasks/chronos2/context_length/1024/multivariate/US_Labor/M/short/run_0/predictions.npz
    Computing per-window metrics...
    Saved metrics to /fslarge/scratch/users/h61084/codes/evaluating_tsfms/outputs/context_size/tasks/chronos2/context_length/1024/multivariate/US_Labor/M/short/run_0/metrics.npz
    Saved config to /fslarge/scratch/users/h61084/codes/evaluating_tsfms/outputs/context_size/tasks/chronos2/context_length/1024/multivariate/US_Labor/M/short/run_0/config.json
    Saved aggregate metrics to /fslarge/scratch/users/h61084/codes/evaluating_tsfms/outputs/context_size/tasks/chronos2/context_length/1024/multivariate/US_Labor/M/short/run_0/metrics_summary.json
    Metrics summary (averaged over all series/windows/variates):
      MSE: 829229.6449
      MAE: 417.3603
      RMSE: 460.8334
      MAPE: 0.0802
      sMAPE: 0.0699
      MASE: 1.0015
      ND: 0.0784
      CRPS: 0.0575
  Completed: 1 series × 5 windows
  Output: /fslarge/scratch/users/h61084/codes/evaluating_tsfms/outputs/context_size/tasks/chronos2/context_length/1024/multivariate/US_Labor/M/short/run_0

============================================================
All experiments completed!
Results saved to: /scratch/users/h61084/codes/evaluating_tsfms/outputs/context_size/tasks
============================================================

############################################################
# All 1 dataset(s) completed!
############################################################

############################################################
# Dataset 1/1: Vehicle_Supply/M
############################################################
[2026-09-20 20:02:23 UTC] resources model_device {"device": "cuda", "model": "chronos2"}
Loading configuration...

============================================================
Dataset: Vehicle_Supply/M
Model: amazon/chronos-2
Checkpoint: /fslarge/scratch/users/h61084/weights/chronos2
Terms: ['short']
Covariate mode: none
Instance normalization: none
============================================================

--- Term: short ---
  Config: prediction_length=12, test_length=60, val_length=12
TIME run allocation action=new run=/fslarge/scratch/users/h61084/codes/evaluating_tsfms/outputs/context_size/tasks/chronos2/context_length/1024/multivariate/Vehicle_Supply/M/short/run_0 launch_id=selena_context_size_20260920T193931Z_45055 slurm_job_id=3506741 launched_at=2026-09-20T20:02:23.258069+00:00
  Initializing Chronos pipeline (/fslarge/scratch/users/h61084/weights/chronos2)...
  Dataset info:
    - Frequency: M
    - Num series: 1
    - Target dim: 6
    - Target mode: multivariate
    - Covariate channels: 0
    - Series length: min=391, max=391, avg=391.0
    - Test split: 60 steps
    - Prediction length: 12
    - Windows: 5
    Total instances: 5, Series during experiment: 1, Windows: 5
    Collecting ground truth and context...
    Organizing data into arrays...
    Saved predictions (quantiles) to /fslarge/scratch/users/h61084/codes/evaluating_tsfms/outputs/context_size/tasks/chronos2/context_length/1024/multivariate/Vehicle_Supply/M/short/run_0/predictions.npz
    Computing per-window metrics...
    Saved metrics to /fslarge/scratch/users/h61084/codes/evaluating_tsfms/outputs/context_size/tasks/chronos2/context_length/1024/multivariate/Vehicle_Supply/M/short/run_0/metrics.npz
    Saved config to /fslarge/scratch/users/h61084/codes/evaluating_tsfms/outputs/context_size/tasks/chronos2/context_length/1024/multivariate/Vehicle_Supply/M/short/run_0/config.json
    Saved aggregate metrics to /fslarge/scratch/users/h61084/codes/evaluating_tsfms/outputs/context_size/tasks/chronos2/context_length/1024/multivariate/Vehicle_Supply/M/short/run_0/metrics_summary.json
    Metrics summary (averaged over all series/windows/variates):
      MSE: 2017.1984
      MAE: 18.4154
      RMSE: 22.5756
      MAPE: 0.2269
      sMAPE: 0.1917
      MASE: 0.7094
      ND: 0.2077
      CRPS: 0.1673
  Completed: 1 series × 5 windows
  Output: /fslarge/scratch/users/h61084/codes/evaluating_tsfms/outputs/context_size/tasks/chronos2/context_length/1024/multivariate/Vehicle_Supply/M/short/run_0

============================================================
All experiments completed!
Results saved to: /scratch/users/h61084/codes/evaluating_tsfms/outputs/context_size/tasks
============================================================

############################################################
# All 1 dataset(s) completed!
############################################################

############################################################
# Dataset 1/1: Auto_Production_SF/M
############################################################
[2026-09-20 20:02:32 UTC] resources model_device {"device": "cuda", "model": "chronos2"}
Loading configuration...

============================================================
Dataset: Auto_Production_SF/M
Model: amazon/chronos-2
Checkpoint: /fslarge/scratch/users/h61084/weights/chronos2
Terms: ['short']
Covariate mode: none
Instance normalization: none
============================================================

--- Term: short ---
  Config: prediction_length=12, test_length=60, val_length=12
TIME run allocation action=new run=/fslarge/scratch/users/h61084/codes/evaluating_tsfms/outputs/context_size/tasks/chronos2/context_length/1024/univariate/Auto_Production_SF/M/short/run_0 launch_id=selena_context_size_20260920T193931Z_45055 slurm_job_id=3506741 launched_at=2026-09-20T20:02:32.409045+00:00
  Initializing Chronos pipeline (/fslarge/scratch/users/h61084/weights/chronos2)...
  Dataset info:
    - Frequency: M
    - Num series: 1
    - Target dim: 1
    - Target mode: univariate
    - Covariate channels: 0
    - Series length: min=367, max=367, avg=367.0
    - Test split: 60 steps
    - Prediction length: 12
    - Windows: 5
    Total instances: 5, Series during experiment: 1, Windows: 5
    Collecting ground truth and context...
    Organizing data into arrays...
    Saved predictions (quantiles) to /fslarge/scratch/users/h61084/codes/evaluating_tsfms/outputs/context_size/tasks/chronos2/context_length/1024/univariate/Auto_Production_SF/M/short/run_0/predictions.npz
    Computing per-window metrics...
    Saved metrics to /fslarge/scratch/users/h61084/codes/evaluating_tsfms/outputs/context_size/tasks/chronos2/context_length/1024/univariate/Auto_Production_SF/M/short/run_0/metrics.npz
    Saved config to /fslarge/scratch/users/h61084/codes/evaluating_tsfms/outputs/context_size/tasks/chronos2/context_length/1024/univariate/Auto_Production_SF/M/short/run_0/config.json
    Saved aggregate metrics to /fslarge/scratch/users/h61084/codes/evaluating_tsfms/outputs/context_size/tasks/chronos2/context_length/1024/univariate/Auto_Production_SF/M/short/run_0/metrics_summary.json
    Metrics summary (averaged over all series/windows/variates):
      MSE: 9.2722
      MAE: 2.3963
      RMSE: 2.9463
      MAPE: 0.0248
      sMAPE: 0.0245
      MASE: 0.6044
      ND: 0.0240
      CRPS: 0.0190
  Completed: 1 series × 5 windows
  Output: /fslarge/scratch/users/h61084/codes/evaluating_tsfms/outputs/context_size/tasks/chronos2/context_length/1024/univariate/Auto_Production_SF/M/short/run_0

============================================================
All experiments completed!
Results saved to: /scratch/users/h61084/codes/evaluating_tsfms/outputs/context_size/tasks
============================================================

############################################################
# All 1 dataset(s) completed!
############################################################

############################################################
# Dataset 1/1: Commodity_Production/M
############################################################
[2026-09-20 20:02:41 UTC] resources model_device {"device": "cuda", "model": "chronos2"}
Loading configuration...

============================================================
Dataset: Commodity_Production/M
Model: amazon/chronos-2
Checkpoint: /fslarge/scratch/users/h61084/weights/chronos2
Terms: ['short']
Covariate mode: none
Instance normalization: none
============================================================

--- Term: short ---
  Config: prediction_length=12, test_length=60, val_length=12
TIME run allocation action=new run=/fslarge/scratch/users/h61084/codes/evaluating_tsfms/outputs/context_size/tasks/chronos2/context_length/1024/univariate/Commodity_Production/M/short/run_0 launch_id=selena_context_size_20260920T193931Z_45055 slurm_job_id=3506741 launched_at=2026-09-20T20:02:41.712389+00:00
  Initializing Chronos pipeline (/fslarge/scratch/users/h61084/weights/chronos2)...
  Dataset info:
    - Frequency: M
    - Num series: 32
    - Target dim: 1
    - Target mode: univariate
    - Covariate channels: 0
    - Series length: min=120, max=648, avg=325.1
    - Test split: 60 steps
    - Prediction length: 12
    - Windows: 5
    Processed 160/160...
    Total instances: 160, Series during experiment: 32, Windows: 5
    Collecting ground truth and context...
    Organizing data into arrays...
    Saved predictions (quantiles) to /fslarge/scratch/users/h61084/codes/evaluating_tsfms/outputs/context_size/tasks/chronos2/context_length/1024/univariate/Commodity_Production/M/short/run_0/predictions.npz
    Computing per-window metrics...
    Saved metrics to /fslarge/scratch/users/h61084/codes/evaluating_tsfms/outputs/context_size/tasks/chronos2/context_length/1024/univariate/Commodity_Production/M/short/run_0/metrics.npz
    Saved config to /fslarge/scratch/users/h61084/codes/evaluating_tsfms/outputs/context_size/tasks/chronos2/context_length/1024/univariate/Commodity_Production/M/short/run_0/config.json
    Saved aggregate metrics to /fslarge/scratch/users/h61084/codes/evaluating_tsfms/outputs/context_size/tasks/chronos2/context_length/1024/univariate/Commodity_Production/M/short/run_0/metrics_summary.json
    Metrics summary (averaged over all series/windows/variates):
      MSE: 58078.3601
      MAE: 65.7979
      RMSE: 76.8030
      MAPE: 0.2059
      sMAPE: 0.1638
      MASE: 0.9052
      ND: 0.1572
      CRPS: 0.1236
  Completed: 32 series × 5 windows
  Output: /fslarge/scratch/users/h61084/codes/evaluating_tsfms/outputs/context_size/tasks/chronos2/context_length/1024/univariate/Commodity_Production/M/short/run_0

============================================================
All experiments completed!
Results saved to: /scratch/users/h61084/codes/evaluating_tsfms/outputs/context_size/tasks
============================================================

############################################################
# All 1 dataset(s) completed!
############################################################

############################################################
# Dataset 1/1: Commodity_Import/M
############################################################
[2026-09-20 20:02:51 UTC] resources model_device {"device": "cuda", "model": "chronos2"}
Loading configuration...

============================================================
Dataset: Commodity_Import/M
Model: amazon/chronos-2
Checkpoint: /fslarge/scratch/users/h61084/weights/chronos2
Terms: ['short']
Covariate mode: none
Instance normalization: none
============================================================

--- Term: short ---
  Config: prediction_length=12, test_length=60, val_length=12
TIME run allocation action=new run=/fslarge/scratch/users/h61084/codes/evaluating_tsfms/outputs/context_size/tasks/chronos2/context_length/1024/univariate/Commodity_Import/M/short/run_0 launch_id=selena_context_size_20260920T193931Z_45055 slurm_job_id=3506741 launched_at=2026-09-20T20:02:51.091480+00:00
  Initializing Chronos pipeline (/fslarge/scratch/users/h61084/weights/chronos2)...
  Dataset info:
    - Frequency: M
    - Num series: 8
    - Target dim: 1
    - Target mode: univariate
    - Covariate channels: 0
    - Series length: min=254, max=1240, avg=697.2
    - Test split: 60 steps
    - Prediction length: 12
    - Windows: 5
    Total instances: 40, Series during experiment: 8, Windows: 5
    Collecting ground truth and context...
    Organizing data into arrays...
    Saved predictions (quantiles) to /fslarge/scratch/users/h61084/codes/evaluating_tsfms/outputs/context_size/tasks/chronos2/context_length/1024/univariate/Commodity_Import/M/short/run_0/predictions.npz
    Computing per-window metrics...
    Saved metrics to /fslarge/scratch/users/h61084/codes/evaluating_tsfms/outputs/context_size/tasks/chronos2/context_length/1024/univariate/Commodity_Import/M/short/run_0/metrics.npz
    Saved config to /fslarge/scratch/users/h61084/codes/evaluating_tsfms/outputs/context_size/tasks/chronos2/context_length/1024/univariate/Commodity_Import/M/short/run_0/config.json
    Saved aggregate metrics to /fslarge/scratch/users/h61084/codes/evaluating_tsfms/outputs/context_size/tasks/chronos2/context_length/1024/univariate/Commodity_Import/M/short/run_0/metrics_summary.json
    Metrics summary (averaged over all series/windows/variates):
      MSE: 1554040.6711
      MAE: 502.9605
      RMSE: 607.7509
      MAPE: 0.3747
      sMAPE: 0.2367
      MASE: 1.4667
      ND: 0.2956
      CRPS: 0.2378
  Completed: 8 series × 5 windows
  Output: /fslarge/scratch/users/h61084/codes/evaluating_tsfms/outputs/context_size/tasks/chronos2/context_length/1024/univariate/Commodity_Import/M/short/run_0

============================================================
All experiments completed!
Results saved to: /scratch/users/h61084/codes/evaluating_tsfms/outputs/context_size/tasks
============================================================

############################################################
# All 1 dataset(s) completed!
############################################################

############################################################
# Dataset 1/1: WUI_Global/Q
############################################################
[2026-09-20 20:03:00 UTC] resources model_device {"device": "cuda", "model": "chronos2"}
Loading configuration...

============================================================
Dataset: WUI_Global/Q
Model: amazon/chronos-2
Checkpoint: /fslarge/scratch/users/h61084/weights/chronos2
Terms: ['short']
Covariate mode: none
Instance normalization: none
============================================================

--- Term: short ---
  Config: prediction_length=4, test_length=20, val_length=20
TIME run allocation action=new run=/fslarge/scratch/users/h61084/codes/evaluating_tsfms/outputs/context_size/tasks/chronos2/context_length/1024/multivariate/WUI_Global/Q/short/run_0 launch_id=selena_context_size_20260920T193931Z_45055 slurm_job_id=3506741 launched_at=2026-09-20T20:03:00.351128+00:00
  Initializing Chronos pipeline (/fslarge/scratch/users/h61084/weights/chronos2)...
  Dataset info:
    - Frequency: Q
    - Num series: 1
    - Target dim: 15
    - Target mode: multivariate
    - Covariate channels: 0
    - Series length: min=294, max=294, avg=294.0
    - Test split: 20 steps
    - Prediction length: 4
    - Windows: 5
    Total instances: 5, Series during experiment: 1, Windows: 5
    Collecting ground truth and context...
    Organizing data into arrays...
    Saved predictions (quantiles) to /fslarge/scratch/users/h61084/codes/evaluating_tsfms/outputs/context_size/tasks/chronos2/context_length/1024/multivariate/WUI_Global/Q/short/run_0/predictions.npz
    Computing per-window metrics...
    Saved metrics to /fslarge/scratch/users/h61084/codes/evaluating_tsfms/outputs/context_size/tasks/chronos2/context_length/1024/multivariate/WUI_Global/Q/short/run_0/metrics.npz
    Saved config to /fslarge/scratch/users/h61084/codes/evaluating_tsfms/outputs/context_size/tasks/chronos2/context_length/1024/multivariate/WUI_Global/Q/short/run_0/config.json
    Saved aggregate metrics to /fslarge/scratch/users/h61084/codes/evaluating_tsfms/outputs/context_size/tasks/chronos2/context_length/1024/multivariate/WUI_Global/Q/short/run_0/metrics_summary.json
    Metrics summary (averaged over all series/windows/variates):
      MSE: 0.0447
      MAE: 0.1426
      RMSE: 0.1685
      MAPE: 0.5849
      sMAPE: 0.6087
      MASE: 0.9487
      ND: 0.6836
      CRPS: 0.5338
  Completed: 1 series × 5 windows
  Output: /fslarge/scratch/users/h61084/codes/evaluating_tsfms/outputs/context_size/tasks/chronos2/context_length/1024/multivariate/WUI_Global/Q/short/run_0

============================================================
All experiments completed!
Results saved to: /scratch/users/h61084/codes/evaluating_tsfms/outputs/context_size/tasks
============================================================

############################################################
# All 1 dataset(s) completed!
############################################################

############################################################
# Dataset 1/1: Global_Price/Q
############################################################
[2026-09-20 20:03:09 UTC] resources model_device {"device": "cuda", "model": "chronos2"}
Loading configuration...

============================================================
Dataset: Global_Price/Q
Model: amazon/chronos-2
Checkpoint: /fslarge/scratch/users/h61084/weights/chronos2
Terms: ['short']
Covariate mode: none
Instance normalization: none
============================================================

--- Term: short ---
  Config: prediction_length=4, test_length=20, val_length=8
TIME run allocation action=new run=/fslarge/scratch/users/h61084/codes/evaluating_tsfms/outputs/context_size/tasks/chronos2/context_length/1024/multivariate/Global_Price/Q/short/run_0 launch_id=selena_context_size_20260920T193931Z_45055 slurm_job_id=3506741 launched_at=2026-09-20T20:03:09.571269+00:00
  Initializing Chronos pipeline (/fslarge/scratch/users/h61084/weights/chronos2)...
  Dataset info:
    - Frequency: Q
    - Num series: 1
    - Target dim: 60
    - Target mode: multivariate
    - Covariate channels: 0
    - Series length: min=142, max=142, avg=142.0
    - Test split: 20 steps
    - Prediction length: 4
    - Windows: 5
    Total instances: 5, Series during experiment: 1, Windows: 5
    Collecting ground truth and context...
    Organizing data into arrays...
    Saved predictions (quantiles) to /fslarge/scratch/users/h61084/codes/evaluating_tsfms/outputs/context_size/tasks/chronos2/context_length/1024/multivariate/Global_Price/Q/short/run_0/predictions.npz
    Computing per-window metrics...
    Saved metrics to /fslarge/scratch/users/h61084/codes/evaluating_tsfms/outputs/context_size/tasks/chronos2/context_length/1024/multivariate/Global_Price/Q/short/run_0/metrics.npz
    Saved config to /fslarge/scratch/users/h61084/codes/evaluating_tsfms/outputs/context_size/tasks/chronos2/context_length/1024/multivariate/Global_Price/Q/short/run_0/config.json
    Saved aggregate metrics to /fslarge/scratch/users/h61084/codes/evaluating_tsfms/outputs/context_size/tasks/chronos2/context_length/1024/multivariate/Global_Price/Q/short/run_0/metrics_summary.json
    Metrics summary (averaged over all series/windows/variates):
      MSE: 1336712.8818
      MAE: 267.9339
      RMSE: 312.3746
      MAPE: 0.1636
      sMAPE: 0.1726
      MASE: 1.4272
      ND: 0.1651
      CRPS: 0.1332
  Completed: 1 series × 5 windows
  Output: /fslarge/scratch/users/h61084/codes/evaluating_tsfms/outputs/context_size/tasks/chronos2/context_length/1024/multivariate/Global_Price/Q/short/run_0

============================================================
All experiments completed!
Results saved to: /scratch/users/h61084/codes/evaluating_tsfms/outputs/context_size/tasks
============================================================

############################################################
# All 1 dataset(s) completed!
############################################################

############################################################
# Dataset 1/1: Vehicle_Sales/M
############################################################
[2026-09-20 20:03:18 UTC] resources model_device {"device": "cuda", "model": "chronos2"}
Loading configuration...

============================================================
Dataset: Vehicle_Sales/M
Model: amazon/chronos-2
Checkpoint: /fslarge/scratch/users/h61084/weights/chronos2
Terms: ['short']
Covariate mode: none
Instance normalization: none
============================================================

--- Term: short ---
  Config: prediction_length=12, test_length=60, val_length=12
TIME run allocation action=new run=/fslarge/scratch/users/h61084/codes/evaluating_tsfms/outputs/context_size/tasks/chronos2/context_length/1024/multivariate/Vehicle_Sales/M/short/run_0 launch_id=selena_context_size_20260920T193931Z_45055 slurm_job_id=3506741 launched_at=2026-09-20T20:03:18.831895+00:00
  Initializing Chronos pipeline (/fslarge/scratch/users/h61084/weights/chronos2)...
  Dataset info:
    - Frequency: M
    - Num series: 1
    - Target dim: 10
    - Target mode: multivariate
    - Covariate channels: 0
    - Series length: min=596, max=596, avg=596.0
    - Test split: 60 steps
    - Prediction length: 12
    - Windows: 5
    Total instances: 5, Series during experiment: 1, Windows: 5
    Collecting ground truth and context...
    Organizing data into arrays...
    Saved predictions (quantiles) to /fslarge/scratch/users/h61084/codes/evaluating_tsfms/outputs/context_size/tasks/chronos2/context_length/1024/multivariate/Vehicle_Sales/M/short/run_0/predictions.npz
    Computing per-window metrics...
    Saved metrics to /fslarge/scratch/users/h61084/codes/evaluating_tsfms/outputs/context_size/tasks/chronos2/context_length/1024/multivariate/Vehicle_Sales/M/short/run_0/metrics.npz
    Saved config to /fslarge/scratch/users/h61084/codes/evaluating_tsfms/outputs/context_size/tasks/chronos2/context_length/1024/multivariate/Vehicle_Sales/M/short/run_0/config.json
    Saved aggregate metrics to /fslarge/scratch/users/h61084/codes/evaluating_tsfms/outputs/context_size/tasks/chronos2/context_length/1024/multivariate/Vehicle_Sales/M/short/run_0/metrics_summary.json
    Metrics summary (averaged over all series/windows/variates):
      MSE: 1627.4231
      MAE: 10.8849
      RMSE: 12.4165
      MAPE: 0.0863
      sMAPE: 0.0860
      MASE: 0.8348
      ND: 0.0865
      CRPS: 0.0654
  Completed: 1 series × 5 windows
  Output: /fslarge/scratch/users/h61084/codes/evaluating_tsfms/outputs/context_size/tasks/chronos2/context_length/1024/multivariate/Vehicle_Sales/M/short/run_0

============================================================
All experiments completed!
Results saved to: /scratch/users/h61084/codes/evaluating_tsfms/outputs/context_size/tasks
============================================================

############################################################
# All 1 dataset(s) completed!
############################################################

############################################################
# Dataset 1/1: Online_Retail_2_UCI/D
############################################################
[2026-09-20 20:03:28 UTC] resources model_device {"device": "cuda", "model": "chronos2"}
Loading configuration...

============================================================
Dataset: Online_Retail_2_UCI/D
Model: amazon/chronos-2
Checkpoint: /fslarge/scratch/users/h61084/weights/chronos2
Terms: ['short']
Covariate mode: none
Instance normalization: none
============================================================

--- Term: short ---
  Config: prediction_length=30, test_length=180, val_length=90
TIME run allocation action=new run=/fslarge/scratch/users/h61084/codes/evaluating_tsfms/outputs/context_size/tasks/chronos2/context_length/1024/univariate/Online_Retail_2_UCI/D/short/run_0 launch_id=selena_context_size_20260920T193931Z_45055 slurm_job_id=3506741 launched_at=2026-09-20T20:03:28.055257+00:00
  Initializing Chronos pipeline (/fslarge/scratch/users/h61084/weights/chronos2)...
  Dataset info:
    - Frequency: D
    - Num series: 1
    - Target dim: 1
    - Target mode: univariate
    - Covariate channels: 0
    - Series length: min=739, max=739, avg=739.0
    - Test split: 180 steps
    - Prediction length: 30
    - Windows: 6
    Total instances: 6, Series during experiment: 1, Windows: 6
    Collecting ground truth and context...
    Organizing data into arrays...
    ⚠️  Predictions max value (122268.84) exceeds float16 safe range.
    ⚠️  Applying scale factor: 10 (values will be divided)
    Saved predictions (quantiles) to /fslarge/scratch/users/h61084/codes/evaluating_tsfms/outputs/context_size/tasks/chronos2/context_length/1024/univariate/Online_Retail_2_UCI/D/short/run_0/predictions.npz
    Computing per-window metrics...
    Saved metrics to /fslarge/scratch/users/h61084/codes/evaluating_tsfms/outputs/context_size/tasks/chronos2/context_length/1024/univariate/Online_Retail_2_UCI/D/short/run_0/metrics.npz
    Saved config to /fslarge/scratch/users/h61084/codes/evaluating_tsfms/outputs/context_size/tasks/chronos2/context_length/1024/univariate/Online_Retail_2_UCI/D/short/run_0/config.json
    Saved aggregate metrics to /fslarge/scratch/users/h61084/codes/evaluating_tsfms/outputs/context_size/tasks/chronos2/context_length/1024/univariate/Online_Retail_2_UCI/D/short/run_0/metrics_summary.json
    Metrics summary (averaged over all series/windows/variates):
      MSE: 308363502.1284
      MAE: 10064.9802
      RMSE: 16022.4769
      MAPE: 0.3003
      sMAPE: 0.5430
      MASE: 0.6093
      ND: 0.2960
      CRPS: 0.2419
  Completed: 1 series × 6 windows
  Output: /fslarge/scratch/users/h61084/codes/evaluating_tsfms/outputs/context_size/tasks/chronos2/context_length/1024/univariate/Online_Retail_2_UCI/D/short/run_0

============================================================
All experiments completed!
Results saved to: /scratch/users/h61084/codes/evaluating_tsfms/outputs/context_size/tasks
============================================================

############################################################
# All 1 dataset(s) completed!
############################################################

############################################################
# Dataset 1/1: Supply_Chain_Customer/D
############################################################
[2026-09-20 20:03:37 UTC] resources model_device {"device": "cuda", "model": "chronos2"}
Loading configuration...

============================================================
Dataset: Supply_Chain_Customer/D
Model: amazon/chronos-2
Checkpoint: /fslarge/scratch/users/h61084/weights/chronos2
Terms: ['short']
Covariate mode: none
Instance normalization: none
============================================================

--- Term: short ---
  Config: prediction_length=30, test_length=365, val_length=90
TIME run allocation action=new run=/fslarge/scratch/users/h61084/codes/evaluating_tsfms/outputs/context_size/tasks/chronos2/context_length/1024/multivariate/Supply_Chain_Customer/D/short/run_0 launch_id=selena_context_size_20260920T193931Z_45055 slurm_job_id=3506741 launched_at=2026-09-20T20:03:37.284329+00:00
  Initializing Chronos pipeline (/fslarge/scratch/users/h61084/weights/chronos2)...
  Dataset info:
    - Frequency: D
    - Num series: 1
    - Target dim: 36
    - Target mode: multivariate
    - Covariate channels: 0
    - Series length: min=2007, max=2007, avg=2007.0
    - Test split: 365 steps
    - Prediction length: 30
    - Windows: 12
    Total instances: 12, Series during experiment: 1, Windows: 12
    Collecting ground truth and context...
    Organizing data into arrays...
    ⚠️  Predictions max value (260004.77) exceeds float16 safe range.
    ⚠️  Applying scale factor: 10 (values will be divided)
    Saved predictions (quantiles) to /fslarge/scratch/users/h61084/codes/evaluating_tsfms/outputs/context_size/tasks/chronos2/context_length/1024/multivariate/Supply_Chain_Customer/D/short/run_0/predictions.npz
    Computing per-window metrics...
    Saved metrics to /fslarge/scratch/users/h61084/codes/evaluating_tsfms/outputs/context_size/tasks/chronos2/context_length/1024/multivariate/Supply_Chain_Customer/D/short/run_0/metrics.npz
    Saved config to /fslarge/scratch/users/h61084/codes/evaluating_tsfms/outputs/context_size/tasks/chronos2/context_length/1024/multivariate/Supply_Chain_Customer/D/short/run_0/config.json
    Saved aggregate metrics to /fslarge/scratch/users/h61084/codes/evaluating_tsfms/outputs/context_size/tasks/chronos2/context_length/1024/multivariate/Supply_Chain_Customer/D/short/run_0/metrics_summary.json
    Metrics summary (averaged over all series/windows/variates):
      MSE: 29487720.8915
      MAE: 1560.1522
      RMSE: 2211.6102
      MAPE: 0.4084
      sMAPE: 0.3835
      MASE: 0.5599
      ND: 0.3362
      CRPS: 0.2612
  Completed: 1 series × 12 windows
  Output: /fslarge/scratch/users/h61084/codes/evaluating_tsfms/outputs/context_size/tasks/chronos2/context_length/1024/multivariate/Supply_Chain_Customer/D/short/run_0

============================================================
All experiments completed!
Results saved to: /scratch/users/h61084/codes/evaluating_tsfms/outputs/context_size/tasks
============================================================

############################################################
# All 1 dataset(s) completed!
############################################################

############################################################
# Dataset 1/1: Supply_Chain_Location/D
############################################################
[2026-09-20 20:03:47 UTC] resources model_device {"device": "cuda", "model": "chronos2"}
Loading configuration...

============================================================
Dataset: Supply_Chain_Location/D
Model: amazon/chronos-2
Checkpoint: /fslarge/scratch/users/h61084/weights/chronos2
Terms: ['short']
Covariate mode: none
Instance normalization: none
============================================================

--- Term: short ---
  Config: prediction_length=30, test_length=365, val_length=90
TIME run allocation action=new run=/fslarge/scratch/users/h61084/codes/evaluating_tsfms/outputs/context_size/tasks/chronos2/context_length/1024/multivariate/Supply_Chain_Location/D/short/run_0 launch_id=selena_context_size_20260920T193931Z_45055 slurm_job_id=3506741 launched_at=2026-09-20T20:03:47.148581+00:00
  Initializing Chronos pipeline (/fslarge/scratch/users/h61084/weights/chronos2)...
  Dataset info:
    - Frequency: D
    - Num series: 1
    - Target dim: 51
    - Target mode: multivariate
    - Covariate channels: 0
    - Series length: min=2007, max=2007, avg=2007.0
    - Test split: 365 steps
    - Prediction length: 30
    - Windows: 12
    Total instances: 12, Series during experiment: 1, Windows: 12
    Collecting ground truth and context...
    Organizing data into arrays...
    ⚠️  Predictions max value (118323.54) exceeds float16 safe range.
    ⚠️  Applying scale factor: 10 (values will be divided)
    Saved predictions (quantiles) to /fslarge/scratch/users/h61084/codes/evaluating_tsfms/outputs/context_size/tasks/chronos2/context_length/1024/multivariate/Supply_Chain_Location/D/short/run_0/predictions.npz
    Computing per-window metrics...
    Saved metrics to /fslarge/scratch/users/h61084/codes/evaluating_tsfms/outputs/context_size/tasks/chronos2/context_length/1024/multivariate/Supply_Chain_Location/D/short/run_0/metrics.npz
    Saved config to /fslarge/scratch/users/h61084/codes/evaluating_tsfms/outputs/context_size/tasks/chronos2/context_length/1024/multivariate/Supply_Chain_Location/D/short/run_0/config.json
    Saved aggregate metrics to /fslarge/scratch/users/h61084/codes/evaluating_tsfms/outputs/context_size/tasks/chronos2/context_length/1024/multivariate/Supply_Chain_Location/D/short/run_0/metrics_summary.json
    Metrics summary (averaged over all series/windows/variates):
      MSE: 18914914.0375
      MAE: 1717.4480
      RMSE: 2267.5194
      MAPE: 0.4925
      sMAPE: 0.3937
      MASE: 0.6111
      ND: 0.3601
      CRPS: 0.2738
  Completed: 1 series × 12 windows
  Output: /fslarge/scratch/users/h61084/codes/evaluating_tsfms/outputs/context_size/tasks/chronos2/context_length/1024/multivariate/Supply_Chain_Location/D/short/run_0

============================================================
All experiments completed!
Results saved to: /scratch/users/h61084/codes/evaluating_tsfms/outputs/context_size/tasks
============================================================

############################################################
# All 1 dataset(s) completed!
############################################################

############################################################
# Dataset 1/1: azure2019_D/5T
############################################################
[2026-09-20 20:03:56 UTC] resources model_device {"device": "cuda", "model": "chronos2"}
Loading configuration...

============================================================
Dataset: azure2019_D/5T
Model: amazon/chronos-2
Checkpoint: /fslarge/scratch/users/h61084/weights/chronos2
Terms: ['short']
Covariate mode: none
Instance normalization: none
============================================================

--- Term: short ---
  Config: prediction_length=288, test_length=864, val_length=864
TIME run allocation action=new run=/fslarge/scratch/users/h61084/codes/evaluating_tsfms/outputs/context_size/tasks/chronos2/context_length/1024/multivariate/azure2019_D/5T/short/run_0 launch_id=selena_context_size_20260920T193931Z_45055 slurm_job_id=3506741 launched_at=2026-09-20T20:03:56.874748+00:00
  Initializing Chronos pipeline (/fslarge/scratch/users/h61084/weights/chronos2)...
  Dataset info:
    - Frequency: 5T
    - Num series: 989
    - Target dim: 3
    - Target mode: multivariate
    - Covariate channels: 0
    - Series length: min=8073, max=8639, avg=8627.0
    - Test split: 864 steps
    - Prediction length: 288
    - Windows: 3
    Processed 160/2967...
    Processed 320/2967...
    Processed 480/2967...
    Processed 640/2967...
    Processed 800/2967...
    Processed 960/2967...
    Processed 1120/2967...
    Processed 1280/2967...
    Processed 1440/2967...
    Processed 1600/2967...
    Processed 1760/2967...
    Processed 1920/2967...
    Processed 2080/2967...
    Processed 2240/2967...
    Processed 2400/2967...
    Processed 2560/2967...
    Processed 2720/2967...
    Processed 2880/2967...
    Total instances: 2967, Series during experiment: 989, Windows: 3
    Collecting ground truth and context...
    Organizing data into arrays...
    Saved predictions (quantiles) to /fslarge/scratch/users/h61084/codes/evaluating_tsfms/outputs/context_size/tasks/chronos2/context_length/1024/multivariate/azure2019_D/5T/short/run_0/predictions.npz
    Computing per-window metrics...
    Saved metrics to /fslarge/scratch/users/h61084/codes/evaluating_tsfms/outputs/context_size/tasks/chronos2/context_length/1024/multivariate/azure2019_D/5T/short/run_0/metrics.npz
    Saved config to /fslarge/scratch/users/h61084/codes/evaluating_tsfms/outputs/context_size/tasks/chronos2/context_length/1024/multivariate/azure2019_D/5T/short/run_0/config.json
    Saved aggregate metrics to /fslarge/scratch/users/h61084/codes/evaluating_tsfms/outputs/context_size/tasks/chronos2/context_length/1024/multivariate/azure2019_D/5T/short/run_0/metrics_summary.json
    Metrics summary (averaged over all series/windows/variates):
      MSE: 57.2166
      MAE: 2.6310
      RMSE: 3.7162
      MAPE: 0.2071
      sMAPE: 0.1702
      MASE: 0.7277
      ND: 0.1756
      CRPS: 0.1451
  Completed: 989 series × 3 windows
  Output: /fslarge/scratch/users/h61084/codes/evaluating_tsfms/outputs/context_size/tasks/chronos2/context_length/1024/multivariate/azure2019_D/5T/short/run_0

============================================================
All experiments completed!
Results saved to: /scratch/users/h61084/codes/evaluating_tsfms/outputs/context_size/tasks
============================================================

############################################################
# All 1 dataset(s) completed!
############################################################

############################################################
# Dataset 1/1: azure2019_I/5T
############################################################
[2026-09-20 20:04:18 UTC] resources model_device {"device": "cuda", "model": "chronos2"}
Loading configuration...

============================================================
Dataset: azure2019_I/5T
Model: amazon/chronos-2
Checkpoint: /fslarge/scratch/users/h61084/weights/chronos2
Terms: ['short']
Covariate mode: none
Instance normalization: none
============================================================

--- Term: short ---
  Config: prediction_length=288, test_length=864, val_length=864
TIME run allocation action=new run=/fslarge/scratch/users/h61084/codes/evaluating_tsfms/outputs/context_size/tasks/chronos2/context_length/1024/multivariate/azure2019_I/5T/short/run_0 launch_id=selena_context_size_20260920T193931Z_45055 slurm_job_id=3506741 launched_at=2026-09-20T20:04:18.480970+00:00
  Initializing Chronos pipeline (/fslarge/scratch/users/h61084/weights/chronos2)...
  Dataset info:
    - Frequency: 5T
    - Num series: 492
    - Target dim: 3
    - Target mode: multivariate
    - Covariate channels: 0
    - Series length: min=8250, max=8639, avg=8630.4
    - Test split: 864 steps
    - Prediction length: 288
    - Windows: 3
    Processed 160/1476...
    Processed 320/1476...
    Processed 480/1476...
    Processed 640/1476...
    Processed 800/1476...
    Processed 960/1476...
    Processed 1120/1476...
    Processed 1280/1476...
    Processed 1440/1476...
    Total instances: 1476, Series during experiment: 492, Windows: 3
    Collecting ground truth and context...
    Organizing data into arrays...
    Saved predictions (quantiles) to /fslarge/scratch/users/h61084/codes/evaluating_tsfms/outputs/context_size/tasks/chronos2/context_length/1024/multivariate/azure2019_I/5T/short/run_0/predictions.npz
    Computing per-window metrics...
    Saved metrics to /fslarge/scratch/users/h61084/codes/evaluating_tsfms/outputs/context_size/tasks/chronos2/context_length/1024/multivariate/azure2019_I/5T/short/run_0/metrics.npz
    Saved config to /fslarge/scratch/users/h61084/codes/evaluating_tsfms/outputs/context_size/tasks/chronos2/context_length/1024/multivariate/azure2019_I/5T/short/run_0/config.json
    Saved aggregate metrics to /fslarge/scratch/users/h61084/codes/evaluating_tsfms/outputs/context_size/tasks/chronos2/context_length/1024/multivariate/azure2019_I/5T/short/run_0/metrics_summary.json
    Metrics summary (averaged over all series/windows/variates):
      MSE: 48.4804
      MAE: 2.3006
      RMSE: 3.3778
      MAPE: 0.1933
      sMAPE: 0.1530
      MASE: 0.7087
      ND: 0.1629
      CRPS: 0.1308
  Completed: 492 series × 3 windows
  Output: /fslarge/scratch/users/h61084/codes/evaluating_tsfms/outputs/context_size/tasks/chronos2/context_length/1024/multivariate/azure2019_I/5T/short/run_0

============================================================
All experiments completed!
Results saved to: /scratch/users/h61084/codes/evaluating_tsfms/outputs/context_size/tasks
============================================================

############################################################
# All 1 dataset(s) completed!
############################################################

############################################################
# Dataset 1/1: azure2019_U/5T
############################################################
[2026-09-20 20:04:33 UTC] resources model_device {"device": "cuda", "model": "chronos2"}
Loading configuration...

============================================================
Dataset: azure2019_U/5T
Model: amazon/chronos-2
Checkpoint: /fslarge/scratch/users/h61084/weights/chronos2
Terms: ['short']
Covariate mode: none
Instance normalization: none
============================================================

--- Term: short ---
  Config: prediction_length=48, test_length=288, val_length=96
TIME run allocation action=new run=/fslarge/scratch/users/h61084/codes/evaluating_tsfms/outputs/context_size/tasks/chronos2/context_length/1024/multivariate/azure2019_U/5T/short/run_0 launch_id=selena_context_size_20260920T193931Z_45055 slurm_job_id=3506741 launched_at=2026-09-20T20:04:33.882391+00:00
  Initializing Chronos pipeline (/fslarge/scratch/users/h61084/weights/chronos2)...
  Dataset info:
    - Frequency: 5T
    - Num series: 78
    - Target dim: 3
    - Target mode: multivariate
    - Covariate channels: 0
    - Series length: min=882, max=2006, avg=1406.1
    - Test split: 288 steps
    - Prediction length: 48
    - Windows: 6
    Processed 160/468...
    Processed 320/468...
    Processed 468/468...
    Total instances: 468, Series during experiment: 78, Windows: 6
    Collecting ground truth and context...
    Organizing data into arrays...
    Saved predictions (quantiles) to /fslarge/scratch/users/h61084/codes/evaluating_tsfms/outputs/context_size/tasks/chronos2/context_length/1024/multivariate/azure2019_U/5T/short/run_0/predictions.npz
    Computing per-window metrics...
    Saved metrics to /fslarge/scratch/users/h61084/codes/evaluating_tsfms/outputs/context_size/tasks/chronos2/context_length/1024/multivariate/azure2019_U/5T/short/run_0/metrics.npz
    Saved config to /fslarge/scratch/users/h61084/codes/evaluating_tsfms/outputs/context_size/tasks/chronos2/context_length/1024/multivariate/azure2019_U/5T/short/run_0/config.json
    Saved aggregate metrics to /fslarge/scratch/users/h61084/codes/evaluating_tsfms/outputs/context_size/tasks/chronos2/context_length/1024/multivariate/azure2019_U/5T/short/run_0/metrics_summary.json
    Metrics summary (averaged over all series/windows/variates):
      MSE: 66.9765
      MAE: 2.3827
      RMSE: 3.3010
      MAPE: 0.3710
      sMAPE: 0.1633
      MASE: 0.6623
      ND: 0.1765
      CRPS: 0.1458
  Completed: 78 series × 6 windows
  Output: /fslarge/scratch/users/h61084/codes/evaluating_tsfms/outputs/context_size/tasks/chronos2/context_length/1024/multivariate/azure2019_U/5T/short/run_0

============================================================
All experiments completed!
Results saved to: /scratch/users/h61084/codes/evaluating_tsfms/outputs/context_size/tasks
============================================================

############################################################
# All 1 dataset(s) completed!
############################################################

############################################################
# Dataset 1/1: Smart_Manufacturing/H
############################################################
[2026-09-20 20:04:44 UTC] resources model_device {"device": "cuda", "model": "chronos2"}
Loading configuration...

============================================================
Dataset: Smart_Manufacturing/H
Model: amazon/chronos-2
Checkpoint: /fslarge/scratch/users/h61084/weights/chronos2
Terms: ['short', 'medium', 'long']
Covariate mode: none
Instance normalization: none
============================================================

--- Term: short ---
  Config: prediction_length=24, test_length=336, val_length=336
TIME run allocation action=new run=/fslarge/scratch/users/h61084/codes/evaluating_tsfms/outputs/context_size/tasks/chronos2/context_length/1024/multivariate/Smart_Manufacturing/H/short/run_0 launch_id=selena_context_size_20260920T193931Z_45055 slurm_job_id=3506741 launched_at=2026-09-20T20:04:44.256010+00:00
  Initializing Chronos pipeline (/fslarge/scratch/users/h61084/weights/chronos2)...
  Dataset info:
    - Frequency: H
    - Num series: 34
    - Target dim: 5
    - Target mode: multivariate
    - Covariate channels: 0
    - Series length: min=1661, max=1667, avg=1665.9
    - Test split: 336 steps
    - Prediction length: 24
    - Windows: 14
    Processed 160/476...
    Processed 320/476...
    Processed 476/476...
    Total instances: 476, Series during experiment: 34, Windows: 14
    Collecting ground truth and context...
    Organizing data into arrays...
    Saved predictions (quantiles) to /fslarge/scratch/users/h61084/codes/evaluating_tsfms/outputs/context_size/tasks/chronos2/context_length/1024/multivariate/Smart_Manufacturing/H/short/run_0/predictions.npz
    Computing per-window metrics...
    Saved metrics to /fslarge/scratch/users/h61084/codes/evaluating_tsfms/outputs/context_size/tasks/chronos2/context_length/1024/multivariate/Smart_Manufacturing/H/short/run_0/metrics.npz
    Saved config to /fslarge/scratch/users/h61084/codes/evaluating_tsfms/outputs/context_size/tasks/chronos2/context_length/1024/multivariate/Smart_Manufacturing/H/short/run_0/config.json
    Saved aggregate metrics to /fslarge/scratch/users/h61084/codes/evaluating_tsfms/outputs/context_size/tasks/chronos2/context_length/1024/multivariate/Smart_Manufacturing/H/short/run_0/metrics_summary.json
    Metrics summary (averaged over all series/windows/variates):
      MSE: 78.3792
      MAE: 5.7175
      RMSE: 7.0653
      MAPE: 0.3316
      sMAPE: 0.2254
      MASE: 0.7119
      ND: 0.2166
      CRPS: 0.1667
  Completed: 34 series × 14 windows
  Output: /fslarge/scratch/users/h61084/codes/evaluating_tsfms/outputs/context_size/tasks/chronos2/context_length/1024/multivariate/Smart_Manufacturing/H/short/run_0

--- Term: medium ---
  Config: prediction_length=168, test_length=336, val_length=336
TIME run allocation action=new run=/fslarge/scratch/users/h61084/codes/evaluating_tsfms/outputs/context_size/tasks/chronos2/context_length/1024/multivariate/Smart_Manufacturing/H/medium/run_0 launch_id=selena_context_size_20260920T193931Z_45055 slurm_job_id=3506741 launched_at=2026-09-20T20:04:46.619318+00:00
  Initializing Chronos pipeline (/fslarge/scratch/users/h61084/weights/chronos2)...
  Dataset info:
    - Frequency: H
    - Num series: 34
    - Target dim: 5
    - Target mode: multivariate
    - Covariate channels: 0
    - Series length: min=1661, max=1667, avg=1665.9
    - Test split: 336 steps
    - Prediction length: 168
    - Windows: 2
    Total instances: 68, Series during experiment: 34, Windows: 2
    Collecting ground truth and context...
    Organizing data into arrays...
    Saved predictions (quantiles) to /fslarge/scratch/users/h61084/codes/evaluating_tsfms/outputs/context_size/tasks/chronos2/context_length/1024/multivariate/Smart_Manufacturing/H/medium/run_0/predictions.npz
    Computing per-window metrics...
    Saved metrics to /fslarge/scratch/users/h61084/codes/evaluating_tsfms/outputs/context_size/tasks/chronos2/context_length/1024/multivariate/Smart_Manufacturing/H/medium/run_0/metrics.npz
    Saved config to /fslarge/scratch/users/h61084/codes/evaluating_tsfms/outputs/context_size/tasks/chronos2/context_length/1024/multivariate/Smart_Manufacturing/H/medium/run_0/config.json
    Saved aggregate metrics to /fslarge/scratch/users/h61084/codes/evaluating_tsfms/outputs/context_size/tasks/chronos2/context_length/1024/multivariate/Smart_Manufacturing/H/medium/run_0/metrics_summary.json
    Metrics summary (averaged over all series/windows/variates):
      MSE: 78.4185
      MAE: 5.7200
      RMSE: 7.1498
      MAPE: 0.3372
      sMAPE: 0.2253
      MASE: 0.7115
      ND: 0.2153
      CRPS: 0.1657
  Completed: 34 series × 2 windows
  Output: /fslarge/scratch/users/h61084/codes/evaluating_tsfms/outputs/context_size/tasks/chronos2/context_length/1024/multivariate/Smart_Manufacturing/H/medium/run_0

--- Term: long ---
  Config: prediction_length=336, test_length=336, val_length=336
TIME run allocation action=new run=/fslarge/scratch/users/h61084/codes/evaluating_tsfms/outputs/context_size/tasks/chronos2/context_length/1024/multivariate/Smart_Manufacturing/H/long/run_0 launch_id=selena_context_size_20260920T193931Z_45055 slurm_job_id=3506741 launched_at=2026-09-20T20:04:47.204570+00:00
  Initializing Chronos pipeline (/fslarge/scratch/users/h61084/weights/chronos2)...
  Dataset info:
    - Frequency: H
    - Num series: 34
    - Target dim: 5
    - Target mode: multivariate
    - Covariate channels: 0
    - Series length: min=1661, max=1667, avg=1665.9
    - Test split: 336 steps
    - Prediction length: 336
    - Windows: 1
    Total instances: 34, Series during experiment: 34, Windows: 1
    Collecting ground truth and context...
    Organizing data into arrays...
    Saved predictions (quantiles) to /fslarge/scratch/users/h61084/codes/evaluating_tsfms/outputs/context_size/tasks/chronos2/context_length/1024/multivariate/Smart_Manufacturing/H/long/run_0/predictions.npz
    Computing per-window metrics...
    Saved metrics to /fslarge/scratch/users/h61084/codes/evaluating_tsfms/outputs/context_size/tasks/chronos2/context_length/1024/multivariate/Smart_Manufacturing/H/long/run_0/metrics.npz
    Saved config to /fslarge/scratch/users/h61084/codes/evaluating_tsfms/outputs/context_size/tasks/chronos2/context_length/1024/multivariate/Smart_Manufacturing/H/long/run_0/config.json
    Saved aggregate metrics to /fslarge/scratch/users/h61084/codes/evaluating_tsfms/outputs/context_size/tasks/chronos2/context_length/1024/multivariate/Smart_Manufacturing/H/long/run_0/metrics_summary.json
    Metrics summary (averaged over all series/windows/variates):
      MSE: 78.4578
      MAE: 5.7216
      RMSE: 7.1609
      MAPE: 0.3400
      sMAPE: 0.2254
      MASE: 0.7114
      ND: 0.2154
      CRPS: 0.1658
  Completed: 34 series × 1 windows
  Output: /fslarge/scratch/users/h61084/codes/evaluating_tsfms/outputs/context_size/tasks/chronos2/context_length/1024/multivariate/Smart_Manufacturing/H/long/run_0

============================================================
All experiments completed!
Results saved to: /scratch/users/h61084/codes/evaluating_tsfms/outputs/context_size/tasks
============================================================

############################################################
# All 1 dataset(s) completed!
############################################################

############################################################
# Dataset 1/1: MetroPT-3/5T
############################################################
[2026-09-20 20:04:56 UTC] resources model_device {"device": "cuda", "model": "chronos2"}
Loading configuration...

============================================================
Dataset: MetroPT-3/5T
Model: amazon/chronos-2
Checkpoint: /fslarge/scratch/users/h61084/weights/chronos2
Terms: ['short', 'medium', 'long']
Covariate mode: none
Instance normalization: none
============================================================

--- Term: short ---
  Config: prediction_length=48, test_length=1728, val_length=1728
TIME run allocation action=new run=/fslarge/scratch/users/h61084/codes/evaluating_tsfms/outputs/context_size/tasks/chronos2/context_length/1024/multivariate/MetroPT-3/5T/short/run_0 launch_id=selena_context_size_20260920T193931Z_45055 slurm_job_id=3506741 launched_at=2026-09-20T20:04:56.160370+00:00
  Initializing Chronos pipeline (/fslarge/scratch/users/h61084/weights/chronos2)...
  Dataset info:
    - Frequency: 5T
    - Num series: 1
    - Target dim: 6
    - Target mode: multivariate
    - Covariate channels: 0
    - Series length: min=17809, max=17809, avg=17809.0
    - Test split: 1728 steps
    - Prediction length: 48
    - Windows: 36
    Total instances: 36, Series during experiment: 1, Windows: 36
    Collecting ground truth and context...
    Organizing data into arrays...
    Saved predictions (quantiles) to /fslarge/scratch/users/h61084/codes/evaluating_tsfms/outputs/context_size/tasks/chronos2/context_length/1024/multivariate/MetroPT-3/5T/short/run_0/predictions.npz
    Computing per-window metrics...
    Saved metrics to /fslarge/scratch/users/h61084/codes/evaluating_tsfms/outputs/context_size/tasks/chronos2/context_length/1024/multivariate/MetroPT-3/5T/short/run_0/metrics.npz
    Saved config to /fslarge/scratch/users/h61084/codes/evaluating_tsfms/outputs/context_size/tasks/chronos2/context_length/1024/multivariate/MetroPT-3/5T/short/run_0/config.json
    Saved aggregate metrics to /fslarge/scratch/users/h61084/codes/evaluating_tsfms/outputs/context_size/tasks/chronos2/context_length/1024/multivariate/MetroPT-3/5T/short/run_0/metrics_summary.json
    Metrics summary (averaged over all series/windows/variates):
      MSE: 3.3650
      MAE: 1.1253
      RMSE: 1.4762
      MAPE: 4.5474
      sMAPE: 0.4745
      MASE: 0.6211
      ND: 0.3171
      CRPS: 0.2395
  Completed: 1 series × 36 windows
  Output: /fslarge/scratch/users/h61084/codes/evaluating_tsfms/outputs/context_size/tasks/chronos2/context_length/1024/multivariate/MetroPT-3/5T/short/run_0

--- Term: medium ---
  Config: prediction_length=288, test_length=1728, val_length=1728
TIME run allocation action=new run=/fslarge/scratch/users/h61084/codes/evaluating_tsfms/outputs/context_size/tasks/chronos2/context_length/1024/multivariate/MetroPT-3/5T/medium/run_0 launch_id=selena_context_size_20260920T193931Z_45055 slurm_job_id=3506741 launched_at=2026-09-20T20:04:57.100827+00:00
  Initializing Chronos pipeline (/fslarge/scratch/users/h61084/weights/chronos2)...
  Dataset info:
    - Frequency: 5T
    - Num series: 1
    - Target dim: 6
    - Target mode: multivariate
    - Covariate channels: 0
    - Series length: min=17809, max=17809, avg=17809.0
    - Test split: 1728 steps
    - Prediction length: 288
    - Windows: 6
    Total instances: 6, Series during experiment: 1, Windows: 6
    Collecting ground truth and context...
    Organizing data into arrays...
    Saved predictions (quantiles) to /fslarge/scratch/users/h61084/codes/evaluating_tsfms/outputs/context_size/tasks/chronos2/context_length/1024/multivariate/MetroPT-3/5T/medium/run_0/predictions.npz
    Computing per-window metrics...
    Saved metrics to /fslarge/scratch/users/h61084/codes/evaluating_tsfms/outputs/context_size/tasks/chronos2/context_length/1024/multivariate/MetroPT-3/5T/medium/run_0/metrics.npz
    Saved config to /fslarge/scratch/users/h61084/codes/evaluating_tsfms/outputs/context_size/tasks/chronos2/context_length/1024/multivariate/MetroPT-3/5T/medium/run_0/config.json
    Saved aggregate metrics to /fslarge/scratch/users/h61084/codes/evaluating_tsfms/outputs/context_size/tasks/chronos2/context_length/1024/multivariate/MetroPT-3/5T/medium/run_0/metrics_summary.json
    Metrics summary (averaged over all series/windows/variates):
      MSE: 3.4710
      MAE: 1.1663
      RMSE: 1.5426
      MAPE: 3.7849
      sMAPE: 0.5077
      MASE: 0.6550
      ND: 0.3320
      CRPS: 0.2480
  Completed: 1 series × 6 windows
  Output: /fslarge/scratch/users/h61084/codes/evaluating_tsfms/outputs/context_size/tasks/chronos2/context_length/1024/multivariate/MetroPT-3/5T/medium/run_0

--- Term: long ---
  Config: prediction_length=576, test_length=1728, val_length=1728
TIME run allocation action=new run=/fslarge/scratch/users/h61084/codes/evaluating_tsfms/outputs/context_size/tasks/chronos2/context_length/1024/multivariate/MetroPT-3/5T/long/run_0 launch_id=selena_context_size_20260920T193931Z_45055 slurm_job_id=3506741 launched_at=2026-09-20T20:04:57.409762+00:00
  Initializing Chronos pipeline (/fslarge/scratch/users/h61084/weights/chronos2)...
  Dataset info:
    - Frequency: 5T
    - Num series: 1
    - Target dim: 6
    - Target mode: multivariate
    - Covariate channels: 0
    - Series length: min=17809, max=17809, avg=17809.0
    - Test split: 1728 steps
    - Prediction length: 576
    - Windows: 3
    Total instances: 3, Series during experiment: 1, Windows: 3
    Collecting ground truth and context...
    Organizing data into arrays...
    Saved predictions (quantiles) to /fslarge/scratch/users/h61084/codes/evaluating_tsfms/outputs/context_size/tasks/chronos2/context_length/1024/multivariate/MetroPT-3/5T/long/run_0/predictions.npz
    Computing per-window metrics...
    Saved metrics to /fslarge/scratch/users/h61084/codes/evaluating_tsfms/outputs/context_size/tasks/chronos2/context_length/1024/multivariate/MetroPT-3/5T/long/run_0/metrics.npz
    Saved config to /fslarge/scratch/users/h61084/codes/evaluating_tsfms/outputs/context_size/tasks/chronos2/context_length/1024/multivariate/MetroPT-3/5T/long/run_0/config.json
    Saved aggregate metrics to /fslarge/scratch/users/h61084/codes/evaluating_tsfms/outputs/context_size/tasks/chronos2/context_length/1024/multivariate/MetroPT-3/5T/long/run_0/metrics_summary.json
    Metrics summary (averaged over all series/windows/variates):
      MSE: 3.3882
      MAE: 1.1611
      RMSE: 1.5306
      MAPE: 4.0651
      sMAPE: 0.5069
      MASE: 0.6608
      ND: 0.3344
      CRPS: 0.2498
  Completed: 1 series × 3 windows
  Output: /fslarge/scratch/users/h61084/codes/evaluating_tsfms/outputs/context_size/tasks/chronos2/context_length/1024/multivariate/MetroPT-3/5T/long/run_0

============================================================
All experiments completed!
Results saved to: /scratch/users/h61084/codes/evaluating_tsfms/outputs/context_size/tasks
============================================================

############################################################
# All 1 dataset(s) completed!
############################################################
2026-09-20 22:04:58 | task model=chronos2 runner=run_chronos2.sh environment=uv covariate_mode=none target_mode=auto context_length=1024 instance_normalization=none completed status=success
2026-09-20 22:04:58 | stage evaluate completed status=success
2026-09-20 22:04:58 | workflow context_size completed status=success exit_code=0
