[2026-09-20 19:39:36 UTC] resources allocation {"ADAPTIME_DEVICE": "unset", "CUDA_VISIBLE_DEVICES": "0", "SLURM_CPUS_PER_TASK": "8", "SLURM_JOB_GPUS": "0,1,2,3", "SLURM_JOB_ID": "3506735", "SLURM_MEM_PER_CPU": "unset", "SLURM_MEM_PER_NODE": "80000", "SLURM_STEP_GPUS": "0", "SLURM_STEP_ID": "0", "cpu_count": 8, "host": "sean0008"}
[2026-09-20 19:39:36 UTC] resources RAM {"MemAvailable_MiB": 372996.69140625, "MemTotal_MiB": 386622.91796875}
[2026-09-20 19:39:36 UTC] resources nvidia_inventory {"columns": "index,uuid,name,driver,total_MiB,free_MiB,used_MiB", "devices": ["0, GPU-4aeb2cd8-4d02-e1ac-4131-1a746cbc40b0, NVIDIA H100 NVL, 560.35.05, 95830, 95350, 1"]}
[2026-09-20 19:39:42 UTC] resources torch {"cuda_available": true, "note": "visibility probe; CPU-only stages need not use an allocated GPU", "version": "2.9.1+cu128", "visible_gpu_count": 1}
[2026-09-20 19:39:42 UTC] resources cuda_device {"capability": "9.0", "free_MiB": 94825.125, "logical_index": 0, "name": "NVIDIA H100 NVL", "total_MiB": 95350.1875}
2026-09-20 21:39:50 | workflow context_size started launch_id=selena_context_size_20260920T193931Z_45055 task=chronos_bolt slurm_job_id=3506735 slurm_array_job_id=none slurm_array_task_id=none
2026-09-20 21:39:50 | stage evaluate started
2026-09-20 21:39:50 | task model=chronos_bolt runner=run_chronos_bolt.sh environment=uv covariate_mode=none target_mode=auto context_length=512 instance_normalization=none started
[2026-09-20 21:39:50] TIME runner: run_chronos_bolt.sh
[2026-09-20 21:39:50] datasets: /scratch/users/h61084/datasets/hf_dataset
[2026-09-20 21:39:50] weights: /scratch/users/h61084/weights
[2026-09-20 21:39:50] outputs: /scratch/users/h61084/codes/evaluating_tsfms/outputs
[2026-09-20 21:39:50] covariate mode: none
[2026-09-20 21:39:50] target mode: auto
[2026-09-20 21:39:50] context length: 512
[2026-09-20 21:39:50] instance normalization: none

############################################################
# Dataset 1/1: Water_Quality_Darwin/15T
############################################################
Loading configuration...

============================================================
Dataset: Water_Quality_Darwin/15T
Model: amazon/chronos-bolt-base
Terms: ['short', 'medium', 'long']
Instance normalization: none
============================================================
Loading Chronos-Bolt model: amazon/chronos-bolt-base from /fslarge/scratch/users/h61084/weights/chronos-bolt-base...
[2026-09-20 19:40:19 UTC] resources model_device {"device": "cuda", "model": "chronos_bolt"}

--- Term: short ---
  Config: prediction_length=16, test_length=1440, val_length=1440
  Dataset info:
    - Frequency: 15T
    - Num series: 7
    - Target dim: 6
    - Target mode: univariate
    - Series length: min=8662, max=18985, avg=15229.4
    - Test split: 1440 steps
    - Prediction length: 16
    - Windows: 90
TIME run allocation action=new run=/fslarge/scratch/users/h61084/codes/evaluating_tsfms/outputs/context_size/tasks/chronos_bolt/context_length/512/univariate/Water_Quality_Darwin/15T/short/run_0 launch_id=selena_context_size_20260920T193931Z_45055 slurm_job_id=3506735 launched_at=2026-09-20T19:40:21.278169+00:00
  Preparing input batches from Test split data...
    Total instances to forecast: 3780
  Running predictions (Batch size: 16)...
    Processed 160/3780...
    Processed 320/3780...
    Processed 480/3780...
    Processed 640/3780...
    Processed 800/3780...
    Processed 960/3780...
    Processed 1120/3780...
    Processed 1280/3780...
    Processed 1440/3780...
    Processed 1600/3780...
    Processed 1760/3780...
    Processed 1920/3780...
    Processed 2080/3780...
    Processed 2240/3780...
    Processed 2400/3780...
    Processed 2560/3780...
    Processed 2720/3780...
    Processed 2880/3780...
    Processed 3040/3780...
    Processed 3200/3780...
    Processed 3360/3780...
    Processed 3520/3780...
    Processed 3680/3780...
    Total instances: 3780, Series during experiment: 42, Windows: 90
    Collecting ground truth and context...
    Detected to_univariate case: 42 flat series -> 7 series x 6 variates
    Organizing data into arrays...
    Saved predictions (quantiles) to /fslarge/scratch/users/h61084/codes/evaluating_tsfms/outputs/context_size/tasks/chronos_bolt/context_length/512/univariate/Water_Quality_Darwin/15T/short/run_0/predictions.npz
    Computing per-window metrics...
    Saved metrics to /fslarge/scratch/users/h61084/codes/evaluating_tsfms/outputs/context_size/tasks/chronos_bolt/context_length/512/univariate/Water_Quality_Darwin/15T/short/run_0/metrics.npz
    Saved config to /fslarge/scratch/users/h61084/codes/evaluating_tsfms/outputs/context_size/tasks/chronos_bolt/context_length/512/univariate/Water_Quality_Darwin/15T/short/run_0/config.json
    Saved aggregate metrics to /fslarge/scratch/users/h61084/codes/evaluating_tsfms/outputs/context_size/tasks/chronos_bolt/context_length/512/univariate/Water_Quality_Darwin/15T/short/run_0/metrics_summary.json
    Metrics summary (averaged over all series/windows/variates):
      MSE: 2.5073
      MAE: 0.4930
      RMSE: 0.5843
      MAPE: 0.0643
      sMAPE: 0.0612
      MASE: 0.6782
      ND: 0.0620
      CRPS: 0.0492
  Output: /fslarge/scratch/users/h61084/codes/evaluating_tsfms/outputs/context_size/tasks/chronos_bolt/context_length/512/univariate/Water_Quality_Darwin/15T/short/run_0

--- Term: medium ---
  Config: prediction_length=96, test_length=1440, val_length=1440
  Dataset info:
    - Frequency: 15T
    - Num series: 7
    - Target dim: 6
    - Target mode: univariate
    - Series length: min=8662, max=18985, avg=15229.4
    - Test split: 1440 steps
    - Prediction length: 96
    - Windows: 15
TIME run allocation action=new run=/fslarge/scratch/users/h61084/codes/evaluating_tsfms/outputs/context_size/tasks/chronos_bolt/context_length/512/univariate/Water_Quality_Darwin/15T/medium/run_0 launch_id=selena_context_size_20260920T193931Z_45055 slurm_job_id=3506735 launched_at=2026-09-20T19:40:28.625617+00:00
  Preparing input batches from Test split data...
    Total instances to forecast: 630
  Running predictions (Batch size: 16)...
    Processed 160/630...
    Processed 320/630...
    Processed 480/630...
    Processed 630/630...
    Total instances: 630, Series during experiment: 42, Windows: 15
    Collecting ground truth and context...
    Detected to_univariate case: 42 flat series -> 7 series x 6 variates
    Organizing data into arrays...
    Saved predictions (quantiles) to /fslarge/scratch/users/h61084/codes/evaluating_tsfms/outputs/context_size/tasks/chronos_bolt/context_length/512/univariate/Water_Quality_Darwin/15T/medium/run_0/predictions.npz
    Computing per-window metrics...
    Saved metrics to /fslarge/scratch/users/h61084/codes/evaluating_tsfms/outputs/context_size/tasks/chronos_bolt/context_length/512/univariate/Water_Quality_Darwin/15T/medium/run_0/metrics.npz
    Saved config to /fslarge/scratch/users/h61084/codes/evaluating_tsfms/outputs/context_size/tasks/chronos_bolt/context_length/512/univariate/Water_Quality_Darwin/15T/medium/run_0/config.json
    Saved aggregate metrics to /fslarge/scratch/users/h61084/codes/evaluating_tsfms/outputs/context_size/tasks/chronos_bolt/context_length/512/univariate/Water_Quality_Darwin/15T/medium/run_0/metrics_summary.json
    Metrics summary (averaged over all series/windows/variates):
      MSE: 3.9554
      MAE: 0.6908
      RMSE: 0.8706
      MAPE: 0.0970
      sMAPE: 0.0844
      MASE: 1.0103
      ND: 0.0872
      CRPS: 0.0696
  Output: /fslarge/scratch/users/h61084/codes/evaluating_tsfms/outputs/context_size/tasks/chronos_bolt/context_length/512/univariate/Water_Quality_Darwin/15T/medium/run_0

--- Term: long ---
  Config: prediction_length=288, test_length=1440, val_length=1440
  Dataset info:
    - Frequency: 15T
    - Num series: 7
    - Target dim: 6
    - Target mode: univariate
    - Series length: min=8662, max=18985, avg=15229.4
    - Test split: 1440 steps
    - Prediction length: 288
    - Windows: 5
TIME run allocation action=new run=/fslarge/scratch/users/h61084/codes/evaluating_tsfms/outputs/context_size/tasks/chronos_bolt/context_length/512/univariate/Water_Quality_Darwin/15T/long/run_0 launch_id=selena_context_size_20260920T193931Z_45055 slurm_job_id=3506735 launched_at=2026-09-20T19:40:31.797970+00:00
  Preparing input batches from Test split data...
    Total instances to forecast: 210
  Running predictions (Batch size: 16)...
    Processed 160/210...
    Total instances: 210, Series during experiment: 42, Windows: 5
    Collecting ground truth and context...
    Detected to_univariate case: 42 flat series -> 7 series x 6 variates
    Organizing data into arrays...
    Saved predictions (quantiles) to /fslarge/scratch/users/h61084/codes/evaluating_tsfms/outputs/context_size/tasks/chronos_bolt/context_length/512/univariate/Water_Quality_Darwin/15T/long/run_0/predictions.npz
    Computing per-window metrics...
    Saved metrics to /fslarge/scratch/users/h61084/codes/evaluating_tsfms/outputs/context_size/tasks/chronos_bolt/context_length/512/univariate/Water_Quality_Darwin/15T/long/run_0/metrics.npz
    Saved config to /fslarge/scratch/users/h61084/codes/evaluating_tsfms/outputs/context_size/tasks/chronos_bolt/context_length/512/univariate/Water_Quality_Darwin/15T/long/run_0/config.json
    Saved aggregate metrics to /fslarge/scratch/users/h61084/codes/evaluating_tsfms/outputs/context_size/tasks/chronos_bolt/context_length/512/univariate/Water_Quality_Darwin/15T/long/run_0/metrics_summary.json
    Metrics summary (averaged over all series/windows/variates):
      MSE: 6.7646
      MAE: 0.9602
      RMSE: 1.2224
      MAPE: 0.1469
      sMAPE: 0.1175
      MASE: 1.4808
      ND: 0.1243
      CRPS: 0.1041
  Output: /fslarge/scratch/users/h61084/codes/evaluating_tsfms/outputs/context_size/tasks/chronos_bolt/context_length/512/univariate/Water_Quality_Darwin/15T/long/run_0

============================================================
All experiments completed!
Results saved to: /scratch/users/h61084/codes/evaluating_tsfms/outputs/context_size/tasks
============================================================

############################################################
# All datasets completed!
############################################################

############################################################
# Dataset 1/1: current_velocity/5T
############################################################
Loading configuration...

============================================================
Dataset: current_velocity/5T
Model: amazon/chronos-bolt-base
Terms: ['short', 'medium', 'long']
Instance normalization: none
============================================================
Loading Chronos-Bolt model: amazon/chronos-bolt-base from /fslarge/scratch/users/h61084/weights/chronos-bolt-base...
[2026-09-20 19:40:43 UTC] resources model_device {"device": "cuda", "model": "chronos_bolt"}

--- Term: short ---
  Config: prediction_length=36, test_length=4320, val_length=4320
  Dataset info:
    - Frequency: 5T
    - Num series: 1
    - Target dim: 6
    - Target mode: univariate
    - Series length: min=26486, max=26486, avg=26486.0
    - Test split: 4320 steps
    - Prediction length: 36
    - Windows: 120
TIME run allocation action=new run=/fslarge/scratch/users/h61084/codes/evaluating_tsfms/outputs/context_size/tasks/chronos_bolt/context_length/512/univariate/current_velocity/5T/short/run_0 launch_id=selena_context_size_20260920T193931Z_45055 slurm_job_id=3506735 launched_at=2026-09-20T19:40:43.985627+00:00
  Preparing input batches from Test split data...
    Total instances to forecast: 720
  Running predictions (Batch size: 16)...
    Processed 160/720...
    Processed 320/720...
    Processed 480/720...
    Processed 640/720...
    Total instances: 720, Series during experiment: 6, Windows: 120
    Collecting ground truth and context...
    Detected to_univariate case: 6 flat series -> 1 series x 6 variates
    Organizing data into arrays...
    Saved predictions (quantiles) to /fslarge/scratch/users/h61084/codes/evaluating_tsfms/outputs/context_size/tasks/chronos_bolt/context_length/512/univariate/current_velocity/5T/short/run_0/predictions.npz
    Computing per-window metrics...
    Saved metrics to /fslarge/scratch/users/h61084/codes/evaluating_tsfms/outputs/context_size/tasks/chronos_bolt/context_length/512/univariate/current_velocity/5T/short/run_0/metrics.npz
    Saved config to /fslarge/scratch/users/h61084/codes/evaluating_tsfms/outputs/context_size/tasks/chronos_bolt/context_length/512/univariate/current_velocity/5T/short/run_0/config.json
    Saved aggregate metrics to /fslarge/scratch/users/h61084/codes/evaluating_tsfms/outputs/context_size/tasks/chronos_bolt/context_length/512/univariate/current_velocity/5T/short/run_0/metrics_summary.json
    Metrics summary (averaged over all series/windows/variates):
      MSE: 3.6020
      MAE: 0.5936
      RMSE: 0.7084
      MAPE: 0.4819
      sMAPE: 0.3567
      MASE: 0.4504
      ND: 0.3167
      CRPS: 0.2467
  Output: /fslarge/scratch/users/h61084/codes/evaluating_tsfms/outputs/context_size/tasks/chronos_bolt/context_length/512/univariate/current_velocity/5T/short/run_0

--- Term: medium ---
  Config: prediction_length=288, test_length=4320, val_length=4320
  Dataset info:
    - Frequency: 5T
    - Num series: 1
    - Target dim: 6
    - Target mode: univariate
    - Series length: min=26486, max=26486, avg=26486.0
    - Test split: 4320 steps
    - Prediction length: 288
    - Windows: 15
TIME run allocation action=new run=/fslarge/scratch/users/h61084/codes/evaluating_tsfms/outputs/context_size/tasks/chronos_bolt/context_length/512/univariate/current_velocity/5T/medium/run_0 launch_id=selena_context_size_20260920T193931Z_45055 slurm_job_id=3506735 launched_at=2026-09-20T19:40:45.151557+00:00
  Preparing input batches from Test split data...
    Total instances to forecast: 90
  Running predictions (Batch size: 16)...
    Total instances: 90, Series during experiment: 6, Windows: 15
    Collecting ground truth and context...
    Detected to_univariate case: 6 flat series -> 1 series x 6 variates
    Organizing data into arrays...
    Saved predictions (quantiles) to /fslarge/scratch/users/h61084/codes/evaluating_tsfms/outputs/context_size/tasks/chronos_bolt/context_length/512/univariate/current_velocity/5T/medium/run_0/predictions.npz
    Computing per-window metrics...
    Saved metrics to /fslarge/scratch/users/h61084/codes/evaluating_tsfms/outputs/context_size/tasks/chronos_bolt/context_length/512/univariate/current_velocity/5T/medium/run_0/metrics.npz
    Saved config to /fslarge/scratch/users/h61084/codes/evaluating_tsfms/outputs/context_size/tasks/chronos_bolt/context_length/512/univariate/current_velocity/5T/medium/run_0/config.json
    Saved aggregate metrics to /fslarge/scratch/users/h61084/codes/evaluating_tsfms/outputs/context_size/tasks/chronos_bolt/context_length/512/univariate/current_velocity/5T/medium/run_0/metrics_summary.json
    Metrics summary (averaged over all series/windows/variates):
      MSE: 6.6155
      MAE: 0.8636
      RMSE: 1.1003
      MAPE: 0.6738
      sMAPE: 0.4060
      MASE: 0.7022
      ND: 0.3546
      CRPS: 0.2846
  Output: /fslarge/scratch/users/h61084/codes/evaluating_tsfms/outputs/context_size/tasks/chronos_bolt/context_length/512/univariate/current_velocity/5T/medium/run_0

--- Term: long ---
  Config: prediction_length=864, test_length=4320, val_length=4320
  Dataset info:
    - Frequency: 5T
    - Num series: 1
    - Target dim: 6
    - Target mode: univariate
    - Series length: min=26486, max=26486, avg=26486.0
    - Test split: 4320 steps
    - Prediction length: 864
    - Windows: 5
TIME run allocation action=new run=/fslarge/scratch/users/h61084/codes/evaluating_tsfms/outputs/context_size/tasks/chronos_bolt/context_length/512/univariate/current_velocity/5T/long/run_0 launch_id=selena_context_size_20260920T193931Z_45055 slurm_job_id=3506735 launched_at=2026-09-20T19:40:46.461563+00:00
  Preparing input batches from Test split data...
    Total instances to forecast: 30
  Running predictions (Batch size: 16)...
    Total instances: 30, Series during experiment: 6, Windows: 5
    Collecting ground truth and context...
    Detected to_univariate case: 6 flat series -> 1 series x 6 variates
    Organizing data into arrays...
    Saved predictions (quantiles) to /fslarge/scratch/users/h61084/codes/evaluating_tsfms/outputs/context_size/tasks/chronos_bolt/context_length/512/univariate/current_velocity/5T/long/run_0/predictions.npz
    Computing per-window metrics...
    Saved metrics to /fslarge/scratch/users/h61084/codes/evaluating_tsfms/outputs/context_size/tasks/chronos_bolt/context_length/512/univariate/current_velocity/5T/long/run_0/metrics.npz
    Saved config to /fslarge/scratch/users/h61084/codes/evaluating_tsfms/outputs/context_size/tasks/chronos_bolt/context_length/512/univariate/current_velocity/5T/long/run_0/config.json
    Saved aggregate metrics to /fslarge/scratch/users/h61084/codes/evaluating_tsfms/outputs/context_size/tasks/chronos_bolt/context_length/512/univariate/current_velocity/5T/long/run_0/metrics_summary.json
    Metrics summary (averaged over all series/windows/variates):
      MSE: 6.7614
      MAE: 0.9720
      RMSE: 1.1886
      MAPE: 0.9098
      sMAPE: 0.4982
      MASE: 1.0701
      ND: 0.4640
      CRPS: 0.4188
  Output: /fslarge/scratch/users/h61084/codes/evaluating_tsfms/outputs/context_size/tasks/chronos_bolt/context_length/512/univariate/current_velocity/5T/long/run_0

============================================================
All experiments completed!
Results saved to: /scratch/users/h61084/codes/evaluating_tsfms/outputs/context_size/tasks
============================================================

############################################################
# All datasets completed!
############################################################

############################################################
# Dataset 1/1: current_velocity/10T
############################################################
Loading configuration...

============================================================
Dataset: current_velocity/10T
Model: amazon/chronos-bolt-base
Terms: ['short', 'medium', 'long']
Instance normalization: none
============================================================
Loading Chronos-Bolt model: amazon/chronos-bolt-base from /fslarge/scratch/users/h61084/weights/chronos-bolt-base...
[2026-09-20 19:40:56 UTC] resources model_device {"device": "cuda", "model": "chronos_bolt"}

--- Term: short ---
  Config: prediction_length=18, test_length=2160, val_length=2160
  Dataset info:
    - Frequency: 10T
    - Num series: 10
    - Target dim: 6
    - Target mode: univariate
    - Series length: min=7481, max=31957, avg=20668.5
    - Test split: 2160 steps
    - Prediction length: 18
    - Windows: 120
TIME run allocation action=new run=/fslarge/scratch/users/h61084/codes/evaluating_tsfms/outputs/context_size/tasks/chronos_bolt/context_length/512/univariate/current_velocity/10T/short/run_0 launch_id=selena_context_size_20260920T193931Z_45055 slurm_job_id=3506735 launched_at=2026-09-20T19:40:57.425946+00:00
  Preparing input batches from Test split data...
    Total instances to forecast: 7200
  Running predictions (Batch size: 16)...
    Processed 160/7200...
    Processed 320/7200...
    Processed 480/7200...
    Processed 640/7200...
    Processed 800/7200...
    Processed 960/7200...
    Processed 1120/7200...
    Processed 1280/7200...
    Processed 1440/7200...
    Processed 1600/7200...
    Processed 1760/7200...
    Processed 1920/7200...
    Processed 2080/7200...
    Processed 2240/7200...
    Processed 2400/7200...
    Processed 2560/7200...
    Processed 2720/7200...
    Processed 2880/7200...
    Processed 3040/7200...
    Processed 3200/7200...
    Processed 3360/7200...
    Processed 3520/7200...
    Processed 3680/7200...
    Processed 3840/7200...
    Processed 4000/7200...
    Processed 4160/7200...
    Processed 4320/7200...
    Processed 4480/7200...
    Processed 4640/7200...
    Processed 4800/7200...
    Processed 4960/7200...
    Processed 5120/7200...
    Processed 5280/7200...
    Processed 5440/7200...
    Processed 5600/7200...
    Processed 5760/7200...
    Processed 5920/7200...
    Processed 6080/7200...
    Processed 6240/7200...
    Processed 6400/7200...
    Processed 6560/7200...
    Processed 6720/7200...
    Processed 6880/7200...
    Processed 7040/7200...
    Processed 7200/7200...
    Total instances: 7200, Series during experiment: 60, Windows: 120
    Collecting ground truth and context...
    Detected to_univariate case: 60 flat series -> 10 series x 6 variates
    Organizing data into arrays...
    Saved predictions (quantiles) to /fslarge/scratch/users/h61084/codes/evaluating_tsfms/outputs/context_size/tasks/chronos_bolt/context_length/512/univariate/current_velocity/10T/short/run_0/predictions.npz
    Computing per-window metrics...
    Saved metrics to /fslarge/scratch/users/h61084/codes/evaluating_tsfms/outputs/context_size/tasks/chronos_bolt/context_length/512/univariate/current_velocity/10T/short/run_0/metrics.npz
    Saved config to /fslarge/scratch/users/h61084/codes/evaluating_tsfms/outputs/context_size/tasks/chronos_bolt/context_length/512/univariate/current_velocity/10T/short/run_0/config.json
    Saved aggregate metrics to /fslarge/scratch/users/h61084/codes/evaluating_tsfms/outputs/context_size/tasks/chronos_bolt/context_length/512/univariate/current_velocity/10T/short/run_0/metrics_summary.json
    Metrics summary (averaged over all series/windows/variates):
      MSE: 8.4114
      MAE: 0.8158
      RMSE: 1.0147
      MAPE: 3223.3930
      sMAPE: 0.4979
      MASE: 0.7007
      ND: 0.3954
      CRPS: 0.3111
  Output: /fslarge/scratch/users/h61084/codes/evaluating_tsfms/outputs/context_size/tasks/chronos_bolt/context_length/512/univariate/current_velocity/10T/short/run_0

--- Term: medium ---
  Config: prediction_length=144, test_length=2160, val_length=2160
  Dataset info:
    - Frequency: 10T
    - Num series: 10
    - Target dim: 6
    - Target mode: univariate
    - Series length: min=7481, max=31957, avg=20668.5
    - Test split: 2160 steps
    - Prediction length: 144
    - Windows: 15
TIME run allocation action=new run=/fslarge/scratch/users/h61084/codes/evaluating_tsfms/outputs/context_size/tasks/chronos_bolt/context_length/512/univariate/current_velocity/10T/medium/run_0 launch_id=selena_context_size_20260920T193931Z_45055 slurm_job_id=3506735 launched_at=2026-09-20T19:41:06.857239+00:00
  Preparing input batches from Test split data...
    Total instances to forecast: 900
  Running predictions (Batch size: 16)...
    Processed 160/900...
    Processed 320/900...
    Processed 480/900...
    Processed 640/900...
    Processed 800/900...
    Total instances: 900, Series during experiment: 60, Windows: 15
    Collecting ground truth and context...
    Detected to_univariate case: 60 flat series -> 10 series x 6 variates
    Organizing data into arrays...
    Saved predictions (quantiles) to /fslarge/scratch/users/h61084/codes/evaluating_tsfms/outputs/context_size/tasks/chronos_bolt/context_length/512/univariate/current_velocity/10T/medium/run_0/predictions.npz
    Computing per-window metrics...
    Saved metrics to /fslarge/scratch/users/h61084/codes/evaluating_tsfms/outputs/context_size/tasks/chronos_bolt/context_length/512/univariate/current_velocity/10T/medium/run_0/metrics.npz
    Saved config to /fslarge/scratch/users/h61084/codes/evaluating_tsfms/outputs/context_size/tasks/chronos_bolt/context_length/512/univariate/current_velocity/10T/medium/run_0/config.json
    Saved aggregate metrics to /fslarge/scratch/users/h61084/codes/evaluating_tsfms/outputs/context_size/tasks/chronos_bolt/context_length/512/univariate/current_velocity/10T/medium/run_0/metrics_summary.json
    Metrics summary (averaged over all series/windows/variates):
      MSE: 13.1451
      MAE: 1.1494
      RMSE: 1.4787
      MAPE: 3635.7373
      sMAPE: 0.6442
      MASE: 1.1919
      ND: 0.4643
      CRPS: 0.3664
  Output: /fslarge/scratch/users/h61084/codes/evaluating_tsfms/outputs/context_size/tasks/chronos_bolt/context_length/512/univariate/current_velocity/10T/medium/run_0

--- Term: long ---
  Config: prediction_length=432, test_length=2160, val_length=2160
  Dataset info:
    - Frequency: 10T
    - Num series: 10
    - Target dim: 6
    - Target mode: univariate
    - Series length: min=7481, max=31957, avg=20668.5
    - Test split: 2160 steps
    - Prediction length: 432
    - Windows: 5
TIME run allocation action=new run=/fslarge/scratch/users/h61084/codes/evaluating_tsfms/outputs/context_size/tasks/chronos_bolt/context_length/512/univariate/current_velocity/10T/long/run_0 launch_id=selena_context_size_20260920T193931Z_45055 slurm_job_id=3506735 launched_at=2026-09-20T19:41:13.078760+00:00
  Preparing input batches from Test split data...
    Total instances to forecast: 300
  Running predictions (Batch size: 16)...
    Processed 160/300...
    Total instances: 300, Series during experiment: 60, Windows: 5
    Collecting ground truth and context...
    Detected to_univariate case: 60 flat series -> 10 series x 6 variates
    Organizing data into arrays...
    Saved predictions (quantiles) to /fslarge/scratch/users/h61084/codes/evaluating_tsfms/outputs/context_size/tasks/chronos_bolt/context_length/512/univariate/current_velocity/10T/long/run_0/predictions.npz
    Computing per-window metrics...
    Saved metrics to /fslarge/scratch/users/h61084/codes/evaluating_tsfms/outputs/context_size/tasks/chronos_bolt/context_length/512/univariate/current_velocity/10T/long/run_0/metrics.npz
    Saved config to /fslarge/scratch/users/h61084/codes/evaluating_tsfms/outputs/context_size/tasks/chronos_bolt/context_length/512/univariate/current_velocity/10T/long/run_0/config.json
    Saved aggregate metrics to /fslarge/scratch/users/h61084/codes/evaluating_tsfms/outputs/context_size/tasks/chronos_bolt/context_length/512/univariate/current_velocity/10T/long/run_0/metrics_summary.json
    Metrics summary (averaged over all series/windows/variates):
      MSE: 16.7434
      MAE: 1.3457
      RMSE: 1.7123
      MAPE: 3754.6189
      sMAPE: 0.6905
      MASE: 1.4351
      ND: 0.4913
      CRPS: 0.4034
  Output: /fslarge/scratch/users/h61084/codes/evaluating_tsfms/outputs/context_size/tasks/chronos_bolt/context_length/512/univariate/current_velocity/10T/long/run_0

============================================================
All experiments completed!
Results saved to: /scratch/users/h61084/codes/evaluating_tsfms/outputs/context_size/tasks
============================================================

############################################################
# All datasets completed!
############################################################

############################################################
# Dataset 1/1: current_velocity/15T
############################################################
Loading configuration...

============================================================
Dataset: current_velocity/15T
Model: amazon/chronos-bolt-base
Terms: ['short', 'medium', 'long']
Instance normalization: none
============================================================
Loading Chronos-Bolt model: amazon/chronos-bolt-base from /fslarge/scratch/users/h61084/weights/chronos-bolt-base...
[2026-09-20 19:41:27 UTC] resources model_device {"device": "cuda", "model": "chronos_bolt"}

--- Term: short ---
  Config: prediction_length=12, test_length=1440, val_length=1440
  Dataset info:
    - Frequency: 15T
    - Num series: 5
    - Target dim: 6
    - Target mode: univariate
    - Series length: min=3710, max=17953, avg=8503.2
    - Test split: 1440 steps
    - Prediction length: 12
    - Windows: 120
TIME run allocation action=new run=/fslarge/scratch/users/h61084/codes/evaluating_tsfms/outputs/context_size/tasks/chronos_bolt/context_length/512/univariate/current_velocity/15T/short/run_0 launch_id=selena_context_size_20260920T193931Z_45055 slurm_job_id=3506735 launched_at=2026-09-20T19:41:28.662276+00:00
  Preparing input batches from Test split data...
    Total instances to forecast: 3600
  Running predictions (Batch size: 16)...
    Processed 160/3600...
    Processed 320/3600...
    Processed 480/3600...
    Processed 640/3600...
    Processed 800/3600...
    Processed 960/3600...
    Processed 1120/3600...
    Processed 1280/3600...
    Processed 1440/3600...
    Processed 1600/3600...
    Processed 1760/3600...
    Processed 1920/3600...
    Processed 2080/3600...
    Processed 2240/3600...
    Processed 2400/3600...
    Processed 2560/3600...
    Processed 2720/3600...
    Processed 2880/3600...
    Processed 3040/3600...
    Processed 3200/3600...
    Processed 3360/3600...
    Processed 3520/3600...
    Total instances: 3600, Series during experiment: 30, Windows: 120
    Collecting ground truth and context...
    Detected to_univariate case: 30 flat series -> 5 series x 6 variates
    Organizing data into arrays...
    Saved predictions (quantiles) to /fslarge/scratch/users/h61084/codes/evaluating_tsfms/outputs/context_size/tasks/chronos_bolt/context_length/512/univariate/current_velocity/15T/short/run_0/predictions.npz
    Computing per-window metrics...
    Saved metrics to /fslarge/scratch/users/h61084/codes/evaluating_tsfms/outputs/context_size/tasks/chronos_bolt/context_length/512/univariate/current_velocity/15T/short/run_0/metrics.npz
    Saved config to /fslarge/scratch/users/h61084/codes/evaluating_tsfms/outputs/context_size/tasks/chronos_bolt/context_length/512/univariate/current_velocity/15T/short/run_0/config.json
    Saved aggregate metrics to /fslarge/scratch/users/h61084/codes/evaluating_tsfms/outputs/context_size/tasks/chronos_bolt/context_length/512/univariate/current_velocity/15T/short/run_0/metrics_summary.json
    Metrics summary (averaged over all series/windows/variates):
      MSE: 6.3402
      MAE: 0.7601
      RMSE: 0.9233
      MAPE: 123081.0692
      sMAPE: 0.4721
      MASE: 0.5399
      ND: 0.3957
      CRPS: 0.3106
  Output: /fslarge/scratch/users/h61084/codes/evaluating_tsfms/outputs/context_size/tasks/chronos_bolt/context_length/512/univariate/current_velocity/15T/short/run_0

--- Term: medium ---
  Config: prediction_length=96, test_length=1440, val_length=1440
  Dataset info:
    - Frequency: 15T
    - Num series: 5
    - Target dim: 6
    - Target mode: univariate
    - Series length: min=3710, max=17953, avg=8503.2
    - Test split: 1440 steps
    - Prediction length: 96
    - Windows: 15
TIME run allocation action=new run=/fslarge/scratch/users/h61084/codes/evaluating_tsfms/outputs/context_size/tasks/chronos_bolt/context_length/512/univariate/current_velocity/15T/medium/run_0 launch_id=selena_context_size_20260920T193931Z_45055 slurm_job_id=3506735 launched_at=2026-09-20T19:41:33.250976+00:00
  Preparing input batches from Test split data...
    Total instances to forecast: 450
  Running predictions (Batch size: 16)...
    Processed 160/450...
    Processed 320/450...
    Total instances: 450, Series during experiment: 30, Windows: 15
    Collecting ground truth and context...
    Detected to_univariate case: 30 flat series -> 5 series x 6 variates
    Organizing data into arrays...
    Saved predictions (quantiles) to /fslarge/scratch/users/h61084/codes/evaluating_tsfms/outputs/context_size/tasks/chronos_bolt/context_length/512/univariate/current_velocity/15T/medium/run_0/predictions.npz
    Computing per-window metrics...
    Saved metrics to /fslarge/scratch/users/h61084/codes/evaluating_tsfms/outputs/context_size/tasks/chronos_bolt/context_length/512/univariate/current_velocity/15T/medium/run_0/metrics.npz
    Saved config to /fslarge/scratch/users/h61084/codes/evaluating_tsfms/outputs/context_size/tasks/chronos_bolt/context_length/512/univariate/current_velocity/15T/medium/run_0/config.json
    Saved aggregate metrics to /fslarge/scratch/users/h61084/codes/evaluating_tsfms/outputs/context_size/tasks/chronos_bolt/context_length/512/univariate/current_velocity/15T/medium/run_0/metrics_summary.json
    Metrics summary (averaged over all series/windows/variates):
      MSE: 9.5838
      MAE: 0.9899
      RMSE: 1.2440
      MAPE: 146044.9479
      sMAPE: 0.5737
      MASE: 0.8344
      ND: 0.4539
      CRPS: 0.3587
  Output: /fslarge/scratch/users/h61084/codes/evaluating_tsfms/outputs/context_size/tasks/chronos_bolt/context_length/512/univariate/current_velocity/15T/medium/run_0

--- Term: long ---
  Config: prediction_length=288, test_length=1440, val_length=1440
  Dataset info:
    - Frequency: 15T
    - Num series: 5
    - Target dim: 6
    - Target mode: univariate
    - Series length: min=3710, max=17953, avg=8503.2
    - Test split: 1440 steps
    - Prediction length: 288
    - Windows: 5
TIME run allocation action=new run=/fslarge/scratch/users/h61084/codes/evaluating_tsfms/outputs/context_size/tasks/chronos_bolt/context_length/512/univariate/current_velocity/15T/long/run_0 launch_id=selena_context_size_20260920T193931Z_45055 slurm_job_id=3506735 launched_at=2026-09-20T19:41:35.004770+00:00
  Preparing input batches from Test split data...
    Total instances to forecast: 150
  Running predictions (Batch size: 16)...
    Processed 150/150...
    Total instances: 150, Series during experiment: 30, Windows: 5
    Collecting ground truth and context...
    Detected to_univariate case: 30 flat series -> 5 series x 6 variates
    Organizing data into arrays...
    Saved predictions (quantiles) to /fslarge/scratch/users/h61084/codes/evaluating_tsfms/outputs/context_size/tasks/chronos_bolt/context_length/512/univariate/current_velocity/15T/long/run_0/predictions.npz
    Computing per-window metrics...
    Saved metrics to /fslarge/scratch/users/h61084/codes/evaluating_tsfms/outputs/context_size/tasks/chronos_bolt/context_length/512/univariate/current_velocity/15T/long/run_0/metrics.npz
    Saved config to /fslarge/scratch/users/h61084/codes/evaluating_tsfms/outputs/context_size/tasks/chronos_bolt/context_length/512/univariate/current_velocity/15T/long/run_0/config.json
    Saved aggregate metrics to /fslarge/scratch/users/h61084/codes/evaluating_tsfms/outputs/context_size/tasks/chronos_bolt/context_length/512/univariate/current_velocity/15T/long/run_0/metrics_summary.json
    Metrics summary (averaged over all series/windows/variates):
      MSE: 11.8523
      MAE: 1.1143
      RMSE: 1.4083
      MAPE: 136953.7501
      sMAPE: 0.6087
      MASE: 0.9986
      ND: 0.4772
      CRPS: 0.3847
  Output: /fslarge/scratch/users/h61084/codes/evaluating_tsfms/outputs/context_size/tasks/chronos_bolt/context_length/512/univariate/current_velocity/15T/long/run_0

============================================================
All experiments completed!
Results saved to: /scratch/users/h61084/codes/evaluating_tsfms/outputs/context_size/tasks
============================================================

############################################################
# All datasets completed!
############################################################

############################################################
# Dataset 1/1: current_velocity/20T
############################################################
Loading configuration...

============================================================
Dataset: current_velocity/20T
Model: amazon/chronos-bolt-base
Terms: ['short', 'medium', 'long']
Instance normalization: none
============================================================
Loading Chronos-Bolt model: amazon/chronos-bolt-base from /fslarge/scratch/users/h61084/weights/chronos-bolt-base...
[2026-09-20 19:41:45 UTC] resources model_device {"device": "cuda", "model": "chronos_bolt"}

--- Term: short ---
  Config: prediction_length=9, test_length=1080, val_length=1080
  Dataset info:
    - Frequency: 20T
    - Num series: 27
    - Target dim: 6
    - Target mode: univariate
    - Series length: min=2529, max=16759, avg=6460.2
    - Test split: 1080 steps
    - Prediction length: 9
    - Windows: 120
TIME run allocation action=new run=/fslarge/scratch/users/h61084/codes/evaluating_tsfms/outputs/context_size/tasks/chronos_bolt/context_length/512/univariate/current_velocity/20T/short/run_0 launch_id=selena_context_size_20260920T193931Z_45055 slurm_job_id=3506735 launched_at=2026-09-20T19:41:46.231590+00:00
  Preparing input batches from Test split data...
    Total instances to forecast: 19440
  Running predictions (Batch size: 16)...
    Processed 160/19440...
    Processed 320/19440...
    Processed 480/19440...
    Processed 640/19440...
    Processed 800/19440...
    Processed 960/19440...
    Processed 1120/19440...
    Processed 1280/19440...
    Processed 1440/19440...
    Processed 1600/19440...
    Processed 1760/19440...
    Processed 1920/19440...
    Processed 2080/19440...
    Processed 2240/19440...
    Processed 2400/19440...
    Processed 2560/19440...
    Processed 2720/19440...
    Processed 2880/19440...
    Processed 3040/19440...
    Processed 3200/19440...
    Processed 3360/19440...
    Processed 3520/19440...
    Processed 3680/19440...
    Processed 3840/19440...
    Processed 4000/19440...
    Processed 4160/19440...
    Processed 4320/19440...
    Processed 4480/19440...
    Processed 4640/19440...
    Processed 4800/19440...
    Processed 4960/19440...
    Processed 5120/19440...
    Processed 5280/19440...
    Processed 5440/19440...
    Processed 5600/19440...
    Processed 5760/19440...
    Processed 5920/19440...
    Processed 6080/19440...
    Processed 6240/19440...
    Processed 6400/19440...
    Processed 6560/19440...
    Processed 6720/19440...
    Processed 6880/19440...
    Processed 7040/19440...
    Processed 7200/19440...
    Processed 7360/19440...
    Processed 7520/19440...
    Processed 7680/19440...
    Processed 7840/19440...
    Processed 8000/19440...
    Processed 8160/19440...
    Processed 8320/19440...
    Processed 8480/19440...
    Processed 8640/19440...
    Processed 8800/19440...
    Processed 8960/19440...
    Processed 9120/19440...
    Processed 9280/19440...
    Processed 9440/19440...
    Processed 9600/19440...
    Processed 9760/19440...
    Processed 9920/19440...
    Processed 10080/19440...
    Processed 10240/19440...
    Processed 10400/19440...
    Processed 10560/19440...
    Processed 10720/19440...
    Processed 10880/19440...
    Processed 11040/19440...
    Processed 11200/19440...
    Processed 11360/19440...
    Processed 11520/19440...
    Processed 11680/19440...
    Processed 11840/19440...
    Processed 12000/19440...
    Processed 12160/19440...
    Processed 12320/19440...
    Processed 12480/19440...
    Processed 12640/19440...
    Processed 12800/19440...
    Processed 12960/19440...
    Processed 13120/19440...
    Processed 13280/19440...
    Processed 13440/19440...
    Processed 13600/19440...
    Processed 13760/19440...
    Processed 13920/19440...
    Processed 14080/19440...
    Processed 14240/19440...
    Processed 14400/19440...
    Processed 14560/19440...
    Processed 14720/19440...
    Processed 14880/19440...
    Processed 15040/19440...
    Processed 15200/19440...
    Processed 15360/19440...
    Processed 15520/19440...
    Processed 15680/19440...
    Processed 15840/19440...
    Processed 16000/19440...
    Processed 16160/19440...
    Processed 16320/19440...
    Processed 16480/19440...
    Processed 16640/19440...
    Processed 16800/19440...
    Processed 16960/19440...
    Processed 17120/19440...
    Processed 17280/19440...
    Processed 17440/19440...
    Processed 17600/19440...
    Processed 17760/19440...
    Processed 17920/19440...
    Processed 18080/19440...
    Processed 18240/19440...
    Processed 18400/19440...
    Processed 18560/19440...
    Processed 18720/19440...
    Processed 18880/19440...
    Processed 19040/19440...
    Processed 19200/19440...
    Processed 19360/19440...
    Total instances: 19440, Series during experiment: 162, Windows: 120
    Collecting ground truth and context...
    Detected to_univariate case: 162 flat series -> 27 series x 6 variates
    Organizing data into arrays...
    Saved predictions (quantiles) to /fslarge/scratch/users/h61084/codes/evaluating_tsfms/outputs/context_size/tasks/chronos_bolt/context_length/512/univariate/current_velocity/20T/short/run_0/predictions.npz
    Computing per-window metrics...
    Saved metrics to /fslarge/scratch/users/h61084/codes/evaluating_tsfms/outputs/context_size/tasks/chronos_bolt/context_length/512/univariate/current_velocity/20T/short/run_0/metrics.npz
    Saved config to /fslarge/scratch/users/h61084/codes/evaluating_tsfms/outputs/context_size/tasks/chronos_bolt/context_length/512/univariate/current_velocity/20T/short/run_0/config.json
    Saved aggregate metrics to /fslarge/scratch/users/h61084/codes/evaluating_tsfms/outputs/context_size/tasks/chronos_bolt/context_length/512/univariate/current_velocity/20T/short/run_0/metrics_summary.json
    Metrics summary (averaged over all series/windows/variates):
      MSE: 5.0646
      MAE: 0.6804
      RMSE: 0.7949
      MAPE: 1.2101
      sMAPE: 0.4577
      MASE: 0.6202
      ND: 0.3872
      CRPS: 0.3041
  Output: /fslarge/scratch/users/h61084/codes/evaluating_tsfms/outputs/context_size/tasks/chronos_bolt/context_length/512/univariate/current_velocity/20T/short/run_0

--- Term: medium ---
  Config: prediction_length=72, test_length=1080, val_length=1080
  Dataset info:
    - Frequency: 20T
    - Num series: 27
    - Target dim: 6
    - Target mode: univariate
    - Series length: min=2529, max=16759, avg=6460.2
    - Test split: 1080 steps
    - Prediction length: 72
    - Windows: 15
TIME run allocation action=new run=/fslarge/scratch/users/h61084/codes/evaluating_tsfms/outputs/context_size/tasks/chronos_bolt/context_length/512/univariate/current_velocity/20T/medium/run_0 launch_id=selena_context_size_20260920T193931Z_45055 slurm_job_id=3506735 launched_at=2026-09-20T19:42:09.840012+00:00
  Preparing input batches from Test split data...
    Total instances to forecast: 2430
  Running predictions (Batch size: 16)...
    Processed 160/2430...
    Processed 320/2430...
    Processed 480/2430...
    Processed 640/2430...
    Processed 800/2430...
    Processed 960/2430...
    Processed 1120/2430...
    Processed 1280/2430...
    Processed 1440/2430...
    Processed 1600/2430...
    Processed 1760/2430...
    Processed 1920/2430...
    Processed 2080/2430...
    Processed 2240/2430...
    Processed 2400/2430...
    Total instances: 2430, Series during experiment: 162, Windows: 15
    Collecting ground truth and context...
    Detected to_univariate case: 162 flat series -> 27 series x 6 variates
    Organizing data into arrays...
    Saved predictions (quantiles) to /fslarge/scratch/users/h61084/codes/evaluating_tsfms/outputs/context_size/tasks/chronos_bolt/context_length/512/univariate/current_velocity/20T/medium/run_0/predictions.npz
    Computing per-window metrics...
    Saved metrics to /fslarge/scratch/users/h61084/codes/evaluating_tsfms/outputs/context_size/tasks/chronos_bolt/context_length/512/univariate/current_velocity/20T/medium/run_0/metrics.npz
    Saved config to /fslarge/scratch/users/h61084/codes/evaluating_tsfms/outputs/context_size/tasks/chronos_bolt/context_length/512/univariate/current_velocity/20T/medium/run_0/config.json
    Saved aggregate metrics to /fslarge/scratch/users/h61084/codes/evaluating_tsfms/outputs/context_size/tasks/chronos_bolt/context_length/512/univariate/current_velocity/20T/medium/run_0/metrics_summary.json
    Metrics summary (averaged over all series/windows/variates):
      MSE: 11.2329
      MAE: 1.1047
      RMSE: 1.3510
      MAPE: 1.4588
      sMAPE: 0.6201
      MASE: 1.1924
      ND: 0.4958
      CRPS: 0.3923
  Output: /fslarge/scratch/users/h61084/codes/evaluating_tsfms/outputs/context_size/tasks/chronos_bolt/context_length/512/univariate/current_velocity/20T/medium/run_0

--- Term: long ---
  Config: prediction_length=216, test_length=1080, val_length=1080
  Dataset info:
    - Frequency: 20T
    - Num series: 27
    - Target dim: 6
    - Target mode: univariate
    - Series length: min=2529, max=16759, avg=6460.2
    - Test split: 1080 steps
    - Prediction length: 216
    - Windows: 5
TIME run allocation action=new run=/fslarge/scratch/users/h61084/codes/evaluating_tsfms/outputs/context_size/tasks/chronos_bolt/context_length/512/univariate/current_velocity/20T/long/run_0 launch_id=selena_context_size_20260920T193931Z_45055 slurm_job_id=3506735 launched_at=2026-09-20T19:42:18.778360+00:00
  Preparing input batches from Test split data...
    Total instances to forecast: 810
  Running predictions (Batch size: 16)...
    Processed 160/810...
    Processed 320/810...
    Processed 480/810...
    Processed 640/810...
    Processed 800/810...
    Total instances: 810, Series during experiment: 162, Windows: 5
    Collecting ground truth and context...
    Detected to_univariate case: 162 flat series -> 27 series x 6 variates
    Organizing data into arrays...
    Saved predictions (quantiles) to /fslarge/scratch/users/h61084/codes/evaluating_tsfms/outputs/context_size/tasks/chronos_bolt/context_length/512/univariate/current_velocity/20T/long/run_0/predictions.npz
    Computing per-window metrics...
    Saved metrics to /fslarge/scratch/users/h61084/codes/evaluating_tsfms/outputs/context_size/tasks/chronos_bolt/context_length/512/univariate/current_velocity/20T/long/run_0/metrics.npz
    Saved config to /fslarge/scratch/users/h61084/codes/evaluating_tsfms/outputs/context_size/tasks/chronos_bolt/context_length/512/univariate/current_velocity/20T/long/run_0/config.json
    Saved aggregate metrics to /fslarge/scratch/users/h61084/codes/evaluating_tsfms/outputs/context_size/tasks/chronos_bolt/context_length/512/univariate/current_velocity/20T/long/run_0/metrics_summary.json
    Metrics summary (averaged over all series/windows/variates):
      MSE: 12.8828
      MAE: 1.2282
      RMSE: 1.5177
      MAPE: 1.7410
      sMAPE: 0.6911
      MASE: 1.4334
      ND: 0.5691
      CRPS: 0.4567
  Output: /fslarge/scratch/users/h61084/codes/evaluating_tsfms/outputs/context_size/tasks/chronos_bolt/context_length/512/univariate/current_velocity/20T/long/run_0

============================================================
All experiments completed!
Results saved to: /scratch/users/h61084/codes/evaluating_tsfms/outputs/context_size/tasks
============================================================

############################################################
# All datasets completed!
############################################################

############################################################
# Dataset 1/1: current_velocity/H
############################################################
Loading configuration...

============================================================
Dataset: current_velocity/H
Model: amazon/chronos-bolt-base
Terms: ['short', 'medium', 'long']
Instance normalization: none
============================================================
Loading Chronos-Bolt model: amazon/chronos-bolt-base from /fslarge/scratch/users/h61084/weights/chronos-bolt-base...
[2026-09-20 19:42:35 UTC] resources model_device {"device": "cuda", "model": "chronos_bolt"}

--- Term: short ---
  Config: prediction_length=24, test_length=672, val_length=672
  Dataset info:
    - Frequency: H
    - Num series: 21
    - Target dim: 6
    - Target mode: univariate
    - Series length: min=2208, max=5587, avg=3502.3
    - Test split: 672 steps
    - Prediction length: 24
    - Windows: 28
TIME run allocation action=new run=/fslarge/scratch/users/h61084/codes/evaluating_tsfms/outputs/context_size/tasks/chronos_bolt/context_length/512/univariate/current_velocity/H/short/run_0 launch_id=selena_context_size_20260920T193931Z_45055 slurm_job_id=3506735 launched_at=2026-09-20T19:42:36.077529+00:00
  Preparing input batches from Test split data...
    Total instances to forecast: 3528
  Running predictions (Batch size: 16)...
    Processed 160/3528...
    Processed 320/3528...
    Processed 480/3528...
    Processed 640/3528...
    Processed 800/3528...
    Processed 960/3528...
    Processed 1120/3528...
    Processed 1280/3528...
    Processed 1440/3528...
    Processed 1600/3528...
    Processed 1760/3528...
    Processed 1920/3528...
    Processed 2080/3528...
    Processed 2240/3528...
    Processed 2400/3528...
    Processed 2560/3528...
    Processed 2720/3528...
    Processed 2880/3528...
    Processed 3040/3528...
    Processed 3200/3528...
    Processed 3360/3528...
    Processed 3520/3528...
    Total instances: 3528, Series during experiment: 126, Windows: 28
    Collecting ground truth and context...
    Detected to_univariate case: 126 flat series -> 21 series x 6 variates
    Organizing data into arrays...
    Saved predictions (quantiles) to /fslarge/scratch/users/h61084/codes/evaluating_tsfms/outputs/context_size/tasks/chronos_bolt/context_length/512/univariate/current_velocity/H/short/run_0/predictions.npz
    Computing per-window metrics...
    Saved metrics to /fslarge/scratch/users/h61084/codes/evaluating_tsfms/outputs/context_size/tasks/chronos_bolt/context_length/512/univariate/current_velocity/H/short/run_0/metrics.npz
    Saved config to /fslarge/scratch/users/h61084/codes/evaluating_tsfms/outputs/context_size/tasks/chronos_bolt/context_length/512/univariate/current_velocity/H/short/run_0/config.json
    Saved aggregate metrics to /fslarge/scratch/users/h61084/codes/evaluating_tsfms/outputs/context_size/tasks/chronos_bolt/context_length/512/univariate/current_velocity/H/short/run_0/metrics_summary.json
    Metrics summary (averaged over all series/windows/variates):
      MSE: 7.0772
      MAE: 0.8590
      RMSE: 1.0643
      MAPE: 1933946900836.9861
      sMAPE: 0.4862
      MASE: 0.8554
      ND: 0.3803
      CRPS: 0.2992
  Output: /fslarge/scratch/users/h61084/codes/evaluating_tsfms/outputs/context_size/tasks/chronos_bolt/context_length/512/univariate/current_velocity/H/short/run_0

--- Term: medium ---
  Config: prediction_length=168, test_length=672, val_length=672
  Dataset info:
    - Frequency: H
    - Num series: 21
    - Target dim: 6
    - Target mode: univariate
    - Series length: min=2208, max=5587, avg=3502.3
    - Test split: 672 steps
    - Prediction length: 168
    - Windows: 4
TIME run allocation action=new run=/fslarge/scratch/users/h61084/codes/evaluating_tsfms/outputs/context_size/tasks/chronos_bolt/context_length/512/univariate/current_velocity/H/medium/run_0 launch_id=selena_context_size_20260920T193931Z_45055 slurm_job_id=3506735 launched_at=2026-09-20T19:42:40.487349+00:00
  Preparing input batches from Test split data...
    Total instances to forecast: 504
  Running predictions (Batch size: 16)...
    Processed 160/504...
    Processed 320/504...
    Processed 480/504...
    Total instances: 504, Series during experiment: 126, Windows: 4
    Collecting ground truth and context...
    Detected to_univariate case: 126 flat series -> 21 series x 6 variates
    Organizing data into arrays...
    Saved predictions (quantiles) to /fslarge/scratch/users/h61084/codes/evaluating_tsfms/outputs/context_size/tasks/chronos_bolt/context_length/512/univariate/current_velocity/H/medium/run_0/predictions.npz
    Computing per-window metrics...
    Saved metrics to /fslarge/scratch/users/h61084/codes/evaluating_tsfms/outputs/context_size/tasks/chronos_bolt/context_length/512/univariate/current_velocity/H/medium/run_0/metrics.npz
    Saved config to /fslarge/scratch/users/h61084/codes/evaluating_tsfms/outputs/context_size/tasks/chronos_bolt/context_length/512/univariate/current_velocity/H/medium/run_0/config.json
    Saved aggregate metrics to /fslarge/scratch/users/h61084/codes/evaluating_tsfms/outputs/context_size/tasks/chronos_bolt/context_length/512/univariate/current_velocity/H/medium/run_0/metrics_summary.json
    Metrics summary (averaged over all series/windows/variates):
      MSE: 11.4918
      MAE: 1.1992
      RMSE: 1.4960
      MAPE: 1946581364049.4265
      sMAPE: 0.6497
      MASE: 1.5502
      ND: 0.5092
      CRPS: 0.4055
  Output: /fslarge/scratch/users/h61084/codes/evaluating_tsfms/outputs/context_size/tasks/chronos_bolt/context_length/512/univariate/current_velocity/H/medium/run_0

--- Term: long ---
  Config: prediction_length=336, test_length=672, val_length=672
  Dataset info:
    - Frequency: H
    - Num series: 21
    - Target dim: 6
    - Target mode: univariate
    - Series length: min=2208, max=5587, avg=3502.3
    - Test split: 672 steps
    - Prediction length: 336
    - Windows: 2
TIME run allocation action=new run=/fslarge/scratch/users/h61084/codes/evaluating_tsfms/outputs/context_size/tasks/chronos_bolt/context_length/512/univariate/current_velocity/H/long/run_0 launch_id=selena_context_size_20260920T193931Z_45055 slurm_job_id=3506735 launched_at=2026-09-20T19:42:43.937972+00:00
  Preparing input batches from Test split data...
    Total instances to forecast: 252
  Running predictions (Batch size: 16)...
    Processed 160/252...
    Total instances: 252, Series during experiment: 126, Windows: 2
    Collecting ground truth and context...
    Detected to_univariate case: 126 flat series -> 21 series x 6 variates
    Organizing data into arrays...
    Saved predictions (quantiles) to /fslarge/scratch/users/h61084/codes/evaluating_tsfms/outputs/context_size/tasks/chronos_bolt/context_length/512/univariate/current_velocity/H/long/run_0/predictions.npz
    Computing per-window metrics...
    Saved metrics to /fslarge/scratch/users/h61084/codes/evaluating_tsfms/outputs/context_size/tasks/chronos_bolt/context_length/512/univariate/current_velocity/H/long/run_0/metrics.npz
    Saved config to /fslarge/scratch/users/h61084/codes/evaluating_tsfms/outputs/context_size/tasks/chronos_bolt/context_length/512/univariate/current_velocity/H/long/run_0/config.json
    Saved aggregate metrics to /fslarge/scratch/users/h61084/codes/evaluating_tsfms/outputs/context_size/tasks/chronos_bolt/context_length/512/univariate/current_velocity/H/long/run_0/metrics_summary.json
    Metrics summary (averaged over all series/windows/variates):
      MSE: 13.0103
      MAE: 1.2754
      RMSE: 1.6056
      MAPE: 1993023896939.9419
      sMAPE: 0.6679
      MASE: 1.6873
      ND: 0.5111
      CRPS: 0.4125
  Output: /fslarge/scratch/users/h61084/codes/evaluating_tsfms/outputs/context_size/tasks/chronos_bolt/context_length/512/univariate/current_velocity/H/long/run_0

============================================================
All experiments completed!
Results saved to: /scratch/users/h61084/codes/evaluating_tsfms/outputs/context_size/tasks
============================================================

############################################################
# All datasets completed!
############################################################

############################################################
# Dataset 1/1: CPHL/15T
############################################################
Loading configuration...

============================================================
Dataset: CPHL/15T
Model: amazon/chronos-bolt-base
Terms: ['short', 'medium', 'long']
Instance normalization: none
============================================================
Loading Chronos-Bolt model: amazon/chronos-bolt-base from /fslarge/scratch/users/h61084/weights/chronos-bolt-base...
[2026-09-20 19:42:56 UTC] resources model_device {"device": "cuda", "model": "chronos_bolt"}

--- Term: short ---
  Config: prediction_length=12, test_length=1440, val_length=1440
  Dataset info:
    - Frequency: 15T
    - Num series: 2
    - Target dim: 1
    - Target mode: univariate
    - Series length: min=9956, max=10831, avg=10393.5
    - Test split: 1440 steps
    - Prediction length: 12
    - Windows: 120
TIME run allocation action=new run=/fslarge/scratch/users/h61084/codes/evaluating_tsfms/outputs/context_size/tasks/chronos_bolt/context_length/512/univariate/CPHL/15T/short/run_0 launch_id=selena_context_size_20260920T193931Z_45055 slurm_job_id=3506735 launched_at=2026-09-20T19:42:57.469356+00:00
  Preparing input batches from Test split data...
    Total instances to forecast: 240
  Running predictions (Batch size: 16)...
    Processed 160/240...
    Total instances: 240, Series during experiment: 2, Windows: 120
    Collecting ground truth and context...
    Organizing data into arrays...
    Saved predictions (quantiles) to /fslarge/scratch/users/h61084/codes/evaluating_tsfms/outputs/context_size/tasks/chronos_bolt/context_length/512/univariate/CPHL/15T/short/run_0/predictions.npz
    Computing per-window metrics...
    Saved metrics to /fslarge/scratch/users/h61084/codes/evaluating_tsfms/outputs/context_size/tasks/chronos_bolt/context_length/512/univariate/CPHL/15T/short/run_0/metrics.npz
    Saved config to /fslarge/scratch/users/h61084/codes/evaluating_tsfms/outputs/context_size/tasks/chronos_bolt/context_length/512/univariate/CPHL/15T/short/run_0/config.json
    Saved aggregate metrics to /fslarge/scratch/users/h61084/codes/evaluating_tsfms/outputs/context_size/tasks/chronos_bolt/context_length/512/univariate/CPHL/15T/short/run_0/metrics_summary.json
    Metrics summary (averaged over all series/windows/variates):
      MSE: 0.0660
      MAE: 0.1413
      RMSE: 0.1641
      MAPE: 0.1988
      sMAPE: 0.1851
      MASE: 0.6680
      ND: 0.1901
      CRPS: 0.1510
  Output: /fslarge/scratch/users/h61084/codes/evaluating_tsfms/outputs/context_size/tasks/chronos_bolt/context_length/512/univariate/CPHL/15T/short/run_0

--- Term: medium ---
  Config: prediction_length=96, test_length=1440, val_length=1440
  Dataset info:
    - Frequency: 15T
    - Num series: 2
    - Target dim: 1
    - Target mode: univariate
    - Series length: min=9956, max=10831, avg=10393.5
    - Test split: 1440 steps
    - Prediction length: 96
    - Windows: 15
TIME run allocation action=new run=/fslarge/scratch/users/h61084/codes/evaluating_tsfms/outputs/context_size/tasks/chronos_bolt/context_length/512/univariate/CPHL/15T/medium/run_0 launch_id=selena_context_size_20260920T193931Z_45055 slurm_job_id=3506735 launched_at=2026-09-20T19:42:57.986783+00:00
  Preparing input batches from Test split data...
    Total instances to forecast: 30
  Running predictions (Batch size: 16)...
    Total instances: 30, Series during experiment: 2, Windows: 15
    Collecting ground truth and context...
    Organizing data into arrays...
    Saved predictions (quantiles) to /fslarge/scratch/users/h61084/codes/evaluating_tsfms/outputs/context_size/tasks/chronos_bolt/context_length/512/univariate/CPHL/15T/medium/run_0/predictions.npz
    Computing per-window metrics...
    Saved metrics to /fslarge/scratch/users/h61084/codes/evaluating_tsfms/outputs/context_size/tasks/chronos_bolt/context_length/512/univariate/CPHL/15T/medium/run_0/metrics.npz
    Saved config to /fslarge/scratch/users/h61084/codes/evaluating_tsfms/outputs/context_size/tasks/chronos_bolt/context_length/512/univariate/CPHL/15T/medium/run_0/config.json
    Saved aggregate metrics to /fslarge/scratch/users/h61084/codes/evaluating_tsfms/outputs/context_size/tasks/chronos_bolt/context_length/512/univariate/CPHL/15T/medium/run_0/metrics_summary.json
    Metrics summary (averaged over all series/windows/variates):
      MSE: 0.1258
      MAE: 0.2227
      RMSE: 0.2820
      MAPE: 0.3591
      sMAPE: 0.3028
      MASE: 1.0989
      ND: 0.3043
      CRPS: 0.2445
  Output: /fslarge/scratch/users/h61084/codes/evaluating_tsfms/outputs/context_size/tasks/chronos_bolt/context_length/512/univariate/CPHL/15T/medium/run_0

--- Term: long ---
  Config: prediction_length=288, test_length=1440, val_length=1440
  Dataset info:
    - Frequency: 15T
    - Num series: 2
    - Target dim: 1
    - Target mode: univariate
    - Series length: min=9956, max=10831, avg=10393.5
    - Test split: 1440 steps
    - Prediction length: 288
    - Windows: 5
TIME run allocation action=new run=/fslarge/scratch/users/h61084/codes/evaluating_tsfms/outputs/context_size/tasks/chronos_bolt/context_length/512/univariate/CPHL/15T/long/run_0 launch_id=selena_context_size_20260920T193931Z_45055 slurm_job_id=3506735 launched_at=2026-09-20T19:42:58.158658+00:00
  Preparing input batches from Test split data...
    Total instances to forecast: 10
  Running predictions (Batch size: 16)...
    Total instances: 10, Series during experiment: 2, Windows: 5
    Collecting ground truth and context...
    Organizing data into arrays...
    Saved predictions (quantiles) to /fslarge/scratch/users/h61084/codes/evaluating_tsfms/outputs/context_size/tasks/chronos_bolt/context_length/512/univariate/CPHL/15T/long/run_0/predictions.npz
    Computing per-window metrics...
    Saved metrics to /fslarge/scratch/users/h61084/codes/evaluating_tsfms/outputs/context_size/tasks/chronos_bolt/context_length/512/univariate/CPHL/15T/long/run_0/metrics.npz
    Saved config to /fslarge/scratch/users/h61084/codes/evaluating_tsfms/outputs/context_size/tasks/chronos_bolt/context_length/512/univariate/CPHL/15T/long/run_0/config.json
    Saved aggregate metrics to /fslarge/scratch/users/h61084/codes/evaluating_tsfms/outputs/context_size/tasks/chronos_bolt/context_length/512/univariate/CPHL/15T/long/run_0/metrics_summary.json
    Metrics summary (averaged over all series/windows/variates):
      MSE: 0.1462
      MAE: 0.2532
      RMSE: 0.3346
      MAPE: 0.3913
      sMAPE: 0.3476
      MASE: 1.2915
      ND: 0.3520
      CRPS: 0.2910
  Output: /fslarge/scratch/users/h61084/codes/evaluating_tsfms/outputs/context_size/tasks/chronos_bolt/context_length/512/univariate/CPHL/15T/long/run_0

============================================================
All experiments completed!
Results saved to: /scratch/users/h61084/codes/evaluating_tsfms/outputs/context_size/tasks
============================================================

############################################################
# All datasets completed!
############################################################

############################################################
# Dataset 1/1: CPHL/30T
############################################################
Loading configuration...

============================================================
Dataset: CPHL/30T
Model: amazon/chronos-bolt-base
Terms: ['short', 'medium', 'long']
Instance normalization: none
============================================================
Loading Chronos-Bolt model: amazon/chronos-bolt-base from /fslarge/scratch/users/h61084/weights/chronos-bolt-base...
[2026-09-20 19:43:06 UTC] resources model_device {"device": "cuda", "model": "chronos_bolt"}

--- Term: short ---
  Config: prediction_length=12, test_length=1440, val_length=1440
  Dataset info:
    - Frequency: 30T
    - Num series: 2
    - Target dim: 1
    - Target mode: univariate
    - Series length: min=11808, max=17566, avg=14687.0
    - Test split: 1440 steps
    - Prediction length: 12
    - Windows: 120
TIME run allocation action=new run=/fslarge/scratch/users/h61084/codes/evaluating_tsfms/outputs/context_size/tasks/chronos_bolt/context_length/512/univariate/CPHL/30T/short/run_0 launch_id=selena_context_size_20260920T193931Z_45055 slurm_job_id=3506735 launched_at=2026-09-20T19:43:07.470250+00:00
  Preparing input batches from Test split data...
    Total instances to forecast: 240
  Running predictions (Batch size: 16)...
    Processed 160/240...
    Total instances: 240, Series during experiment: 2, Windows: 120
    Collecting ground truth and context...
    Organizing data into arrays...
    Saved predictions (quantiles) to /fslarge/scratch/users/h61084/codes/evaluating_tsfms/outputs/context_size/tasks/chronos_bolt/context_length/512/univariate/CPHL/30T/short/run_0/predictions.npz
    Computing per-window metrics...
    Saved metrics to /fslarge/scratch/users/h61084/codes/evaluating_tsfms/outputs/context_size/tasks/chronos_bolt/context_length/512/univariate/CPHL/30T/short/run_0/metrics.npz
    Saved config to /fslarge/scratch/users/h61084/codes/evaluating_tsfms/outputs/context_size/tasks/chronos_bolt/context_length/512/univariate/CPHL/30T/short/run_0/config.json
    Saved aggregate metrics to /fslarge/scratch/users/h61084/codes/evaluating_tsfms/outputs/context_size/tasks/chronos_bolt/context_length/512/univariate/CPHL/30T/short/run_0/metrics_summary.json
    Metrics summary (averaged over all series/windows/variates):
      MSE: 0.6481
      MAE: 0.4712
      RMSE: 0.5679
      MAPE: 0.4143
      sMAPE: 0.3080
      MASE: 1.4392
      ND: 0.3087
      CRPS: 0.2392
  Output: /fslarge/scratch/users/h61084/codes/evaluating_tsfms/outputs/context_size/tasks/chronos_bolt/context_length/512/univariate/CPHL/30T/short/run_0

--- Term: medium ---
  Config: prediction_length=48, test_length=1440, val_length=1440
  Dataset info:
    - Frequency: 30T
    - Num series: 2
    - Target dim: 1
    - Target mode: univariate
    - Series length: min=11808, max=17566, avg=14687.0
    - Test split: 1440 steps
    - Prediction length: 48
    - Windows: 30
TIME run allocation action=new run=/fslarge/scratch/users/h61084/codes/evaluating_tsfms/outputs/context_size/tasks/chronos_bolt/context_length/512/univariate/CPHL/30T/medium/run_0 launch_id=selena_context_size_20260920T193931Z_45055 slurm_job_id=3506735 launched_at=2026-09-20T19:43:07.987803+00:00
  Preparing input batches from Test split data...
    Total instances to forecast: 60
  Running predictions (Batch size: 16)...
    Total instances: 60, Series during experiment: 2, Windows: 30
    Collecting ground truth and context...
    Organizing data into arrays...
    Saved predictions (quantiles) to /fslarge/scratch/users/h61084/codes/evaluating_tsfms/outputs/context_size/tasks/chronos_bolt/context_length/512/univariate/CPHL/30T/medium/run_0/predictions.npz
    Computing per-window metrics...
    Saved metrics to /fslarge/scratch/users/h61084/codes/evaluating_tsfms/outputs/context_size/tasks/chronos_bolt/context_length/512/univariate/CPHL/30T/medium/run_0/metrics.npz
    Saved config to /fslarge/scratch/users/h61084/codes/evaluating_tsfms/outputs/context_size/tasks/chronos_bolt/context_length/512/univariate/CPHL/30T/medium/run_0/config.json
    Saved aggregate metrics to /fslarge/scratch/users/h61084/codes/evaluating_tsfms/outputs/context_size/tasks/chronos_bolt/context_length/512/univariate/CPHL/30T/medium/run_0/metrics_summary.json
    Metrics summary (averaged over all series/windows/variates):
      MSE: 0.7502
      MAE: 0.5178
      RMSE: 0.6309
      MAPE: 0.4851
      sMAPE: 0.3421
      MASE: 1.5800
      ND: 0.3412
      CRPS: 0.2624
  Output: /fslarge/scratch/users/h61084/codes/evaluating_tsfms/outputs/context_size/tasks/chronos_bolt/context_length/512/univariate/CPHL/30T/medium/run_0

--- Term: long ---
  Config: prediction_length=144, test_length=1440, val_length=1440
  Dataset info:
    - Frequency: 30T
    - Num series: 2
    - Target dim: 1
    - Target mode: univariate
    - Series length: min=11808, max=17566, avg=14687.0
    - Test split: 1440 steps
    - Prediction length: 144
    - Windows: 10
TIME run allocation action=new run=/fslarge/scratch/users/h61084/codes/evaluating_tsfms/outputs/context_size/tasks/chronos_bolt/context_length/512/univariate/CPHL/30T/long/run_0 launch_id=selena_context_size_20260920T193931Z_45055 slurm_job_id=3506735 launched_at=2026-09-20T19:43:08.095152+00:00
  Preparing input batches from Test split data...
    Total instances to forecast: 20
  Running predictions (Batch size: 16)...
    Total instances: 20, Series during experiment: 2, Windows: 10
    Collecting ground truth and context...
    Organizing data into arrays...
    Saved predictions (quantiles) to /fslarge/scratch/users/h61084/codes/evaluating_tsfms/outputs/context_size/tasks/chronos_bolt/context_length/512/univariate/CPHL/30T/long/run_0/predictions.npz
    Computing per-window metrics...
    Saved metrics to /fslarge/scratch/users/h61084/codes/evaluating_tsfms/outputs/context_size/tasks/chronos_bolt/context_length/512/univariate/CPHL/30T/long/run_0/metrics.npz
    Saved config to /fslarge/scratch/users/h61084/codes/evaluating_tsfms/outputs/context_size/tasks/chronos_bolt/context_length/512/univariate/CPHL/30T/long/run_0/config.json
    Saved aggregate metrics to /fslarge/scratch/users/h61084/codes/evaluating_tsfms/outputs/context_size/tasks/chronos_bolt/context_length/512/univariate/CPHL/30T/long/run_0/metrics_summary.json
    Metrics summary (averaged over all series/windows/variates):
      MSE: 0.9959
      MAE: 0.5988
      RMSE: 0.7303
      MAPE: 0.6079
      sMAPE: 0.4217
      MASE: 1.8899
      ND: 0.4079
      CRPS: 0.3252
  Output: /fslarge/scratch/users/h61084/codes/evaluating_tsfms/outputs/context_size/tasks/chronos_bolt/context_length/512/univariate/CPHL/30T/long/run_0

============================================================
All experiments completed!
Results saved to: /scratch/users/h61084/codes/evaluating_tsfms/outputs/context_size/tasks
============================================================

############################################################
# All datasets completed!
############################################################

############################################################
# Dataset 1/1: CPHL/H
############################################################
Loading configuration...

============================================================
Dataset: CPHL/H
Model: amazon/chronos-bolt-base
Terms: ['short', 'medium', 'long']
Instance normalization: none
============================================================
Loading Chronos-Bolt model: amazon/chronos-bolt-base from /fslarge/scratch/users/h61084/weights/chronos-bolt-base...
[2026-09-20 19:43:16 UTC] resources model_device {"device": "cuda", "model": "chronos_bolt"}

--- Term: short ---
  Config: prediction_length=24, test_length=672, val_length=672
  Dataset info:
    - Frequency: H
    - Num series: 4
    - Target dim: 1
    - Target mode: univariate
    - Series length: min=2490, max=8783, avg=4971.2
    - Test split: 672 steps
    - Prediction length: 24
    - Windows: 28
TIME run allocation action=new run=/fslarge/scratch/users/h61084/codes/evaluating_tsfms/outputs/context_size/tasks/chronos_bolt/context_length/512/univariate/CPHL/H/short/run_0 launch_id=selena_context_size_20260920T193931Z_45055 slurm_job_id=3506735 launched_at=2026-09-20T19:43:17.475060+00:00
  Preparing input batches from Test split data...
    Total instances to forecast: 112
  Running predictions (Batch size: 16)...
    Total instances: 112, Series during experiment: 4, Windows: 28
    Collecting ground truth and context...
    Organizing data into arrays...
    Saved predictions (quantiles) to /fslarge/scratch/users/h61084/codes/evaluating_tsfms/outputs/context_size/tasks/chronos_bolt/context_length/512/univariate/CPHL/H/short/run_0/predictions.npz
    Computing per-window metrics...
    Saved metrics to /fslarge/scratch/users/h61084/codes/evaluating_tsfms/outputs/context_size/tasks/chronos_bolt/context_length/512/univariate/CPHL/H/short/run_0/metrics.npz
    Saved config to /fslarge/scratch/users/h61084/codes/evaluating_tsfms/outputs/context_size/tasks/chronos_bolt/context_length/512/univariate/CPHL/H/short/run_0/config.json
    Saved aggregate metrics to /fslarge/scratch/users/h61084/codes/evaluating_tsfms/outputs/context_size/tasks/chronos_bolt/context_length/512/univariate/CPHL/H/short/run_0/metrics_summary.json
    Metrics summary (averaged over all series/windows/variates):
      MSE: 0.3756
      MAE: 0.3526
      RMSE: 0.4259
      MAPE: 0.3506
      sMAPE: 0.3072
      MASE: 1.3221
      ND: 0.3022
      CRPS: 0.2336
  Output: /fslarge/scratch/users/h61084/codes/evaluating_tsfms/outputs/context_size/tasks/chronos_bolt/context_length/512/univariate/CPHL/H/short/run_0

--- Term: medium ---
  Config: prediction_length=168, test_length=672, val_length=672
  Dataset info:
    - Frequency: H
    - Num series: 4
    - Target dim: 1
    - Target mode: univariate
    - Series length: min=2490, max=8783, avg=4971.2
    - Test split: 672 steps
    - Prediction length: 168
    - Windows: 4
TIME run allocation action=new run=/fslarge/scratch/users/h61084/codes/evaluating_tsfms/outputs/context_size/tasks/chronos_bolt/context_length/512/univariate/CPHL/H/medium/run_0 launch_id=selena_context_size_20260920T193931Z_45055 slurm_job_id=3506735 launched_at=2026-09-20T19:43:17.839032+00:00
  Preparing input batches from Test split data...
    Total instances to forecast: 16
  Running predictions (Batch size: 16)...
    Total instances: 16, Series during experiment: 4, Windows: 4
    Collecting ground truth and context...
    Organizing data into arrays...
    Saved predictions (quantiles) to /fslarge/scratch/users/h61084/codes/evaluating_tsfms/outputs/context_size/tasks/chronos_bolt/context_length/512/univariate/CPHL/H/medium/run_0/predictions.npz
    Computing per-window metrics...
    Saved metrics to /fslarge/scratch/users/h61084/codes/evaluating_tsfms/outputs/context_size/tasks/chronos_bolt/context_length/512/univariate/CPHL/H/medium/run_0/metrics.npz
    Saved config to /fslarge/scratch/users/h61084/codes/evaluating_tsfms/outputs/context_size/tasks/chronos_bolt/context_length/512/univariate/CPHL/H/medium/run_0/config.json
    Saved aggregate metrics to /fslarge/scratch/users/h61084/codes/evaluating_tsfms/outputs/context_size/tasks/chronos_bolt/context_length/512/univariate/CPHL/H/medium/run_0/metrics_summary.json
    Metrics summary (averaged over all series/windows/variates):
      MSE: 0.5540
      MAE: 0.4825
      RMSE: 0.5914
      MAPE: 0.5277
      sMAPE: 0.4690
      MASE: 2.0676
      ND: 0.4586
      CRPS: 0.3695
  Output: /fslarge/scratch/users/h61084/codes/evaluating_tsfms/outputs/context_size/tasks/chronos_bolt/context_length/512/univariate/CPHL/H/medium/run_0

--- Term: long ---
  Config: prediction_length=336, test_length=672, val_length=672
  Dataset info:
    - Frequency: H
    - Num series: 4
    - Target dim: 1
    - Target mode: univariate
    - Series length: min=2490, max=8783, avg=4971.2
    - Test split: 672 steps
    - Prediction length: 336
    - Windows: 2
TIME run allocation action=new run=/fslarge/scratch/users/h61084/codes/evaluating_tsfms/outputs/context_size/tasks/chronos_bolt/context_length/512/univariate/CPHL/H/long/run_0 launch_id=selena_context_size_20260920T193931Z_45055 slurm_job_id=3506735 launched_at=2026-09-20T19:43:17.999493+00:00
  Preparing input batches from Test split data...
    Total instances to forecast: 8
  Running predictions (Batch size: 16)...
    Total instances: 8, Series during experiment: 4, Windows: 2
    Collecting ground truth and context...
    Organizing data into arrays...
    Saved predictions (quantiles) to /fslarge/scratch/users/h61084/codes/evaluating_tsfms/outputs/context_size/tasks/chronos_bolt/context_length/512/univariate/CPHL/H/long/run_0/predictions.npz
    Computing per-window metrics...
    Saved metrics to /fslarge/scratch/users/h61084/codes/evaluating_tsfms/outputs/context_size/tasks/chronos_bolt/context_length/512/univariate/CPHL/H/long/run_0/metrics.npz
    Saved config to /fslarge/scratch/users/h61084/codes/evaluating_tsfms/outputs/context_size/tasks/chronos_bolt/context_length/512/univariate/CPHL/H/long/run_0/config.json
    Saved aggregate metrics to /fslarge/scratch/users/h61084/codes/evaluating_tsfms/outputs/context_size/tasks/chronos_bolt/context_length/512/univariate/CPHL/H/long/run_0/metrics_summary.json
    Metrics summary (averaged over all series/windows/variates):
      MSE: 0.5757
      MAE: 0.4990
      RMSE: 0.6210
      MAPE: 0.5405
      sMAPE: 0.5223
      MASE: 2.2942
      ND: 0.4689
      CRPS: 0.3939
  Output: /fslarge/scratch/users/h61084/codes/evaluating_tsfms/outputs/context_size/tasks/chronos_bolt/context_length/512/univariate/CPHL/H/long/run_0

============================================================
All experiments completed!
Results saved to: /scratch/users/h61084/codes/evaluating_tsfms/outputs/context_size/tasks
============================================================

############################################################
# All datasets completed!
############################################################

############################################################
# Dataset 1/1: Coastal_T_S/5T
############################################################
Loading configuration...

============================================================
Dataset: Coastal_T_S/5T
Model: amazon/chronos-bolt-base
Terms: ['short', 'medium', 'long']
Instance normalization: none
============================================================
Loading Chronos-Bolt model: amazon/chronos-bolt-base from /fslarge/scratch/users/h61084/weights/chronos-bolt-base...
[2026-09-20 19:43:26 UTC] resources model_device {"device": "cuda", "model": "chronos_bolt"}

--- Term: short ---
  Config: prediction_length=36, test_length=4320, val_length=4320
  Dataset info:
    - Frequency: 5T
    - Num series: 18
    - Target dim: 3
    - Target mode: univariate
    - Series length: min=44614, max=105408, avg=68604.9
    - Test split: 4320 steps
    - Prediction length: 36
    - Windows: 120
TIME run allocation action=new run=/fslarge/scratch/users/h61084/codes/evaluating_tsfms/outputs/context_size/tasks/chronos_bolt/context_length/512/univariate/Coastal_T_S/5T/short/run_0 launch_id=selena_context_size_20260920T193931Z_45055 slurm_job_id=3506735 launched_at=2026-09-20T19:43:27.454399+00:00
  Preparing input batches from Test split data...
    Total instances to forecast: 6480
  Running predictions (Batch size: 16)...
    Processed 160/6480...
    Processed 320/6480...
    Processed 480/6480...
    Processed 640/6480...
    Processed 800/6480...
    Processed 960/6480...
    Processed 1120/6480...
    Processed 1280/6480...
    Processed 1440/6480...
    Processed 1600/6480...
    Processed 1760/6480...
    Processed 1920/6480...
    Processed 2080/6480...
    Processed 2240/6480...
    Processed 2400/6480...
    Processed 2560/6480...
    Processed 2720/6480...
    Processed 2880/6480...
    Processed 3040/6480...
    Processed 3200/6480...
    Processed 3360/6480...
    Processed 3520/6480...
    Processed 3680/6480...
    Processed 3840/6480...
    Processed 4000/6480...
    Processed 4160/6480...
    Processed 4320/6480...
    Processed 4480/6480...
    Processed 4640/6480...
    Processed 4800/6480...
    Processed 4960/6480...
    Processed 5120/6480...
    Processed 5280/6480...
    Processed 5440/6480...
    Processed 5600/6480...
    Processed 5760/6480...
    Processed 5920/6480...
    Processed 6080/6480...
    Processed 6240/6480...
    Processed 6400/6480...
    Total instances: 6480, Series during experiment: 54, Windows: 120
    Collecting ground truth and context...
    Detected to_univariate case: 54 flat series -> 18 series x 3 variates
    Organizing data into arrays...
    Saved predictions (quantiles) to /fslarge/scratch/users/h61084/codes/evaluating_tsfms/outputs/context_size/tasks/chronos_bolt/context_length/512/univariate/Coastal_T_S/5T/short/run_0/predictions.npz
    Computing per-window metrics...
    Saved metrics to /fslarge/scratch/users/h61084/codes/evaluating_tsfms/outputs/context_size/tasks/chronos_bolt/context_length/512/univariate/Coastal_T_S/5T/short/run_0/metrics.npz
    Saved config to /fslarge/scratch/users/h61084/codes/evaluating_tsfms/outputs/context_size/tasks/chronos_bolt/context_length/512/univariate/Coastal_T_S/5T/short/run_0/config.json
    Saved aggregate metrics to /fslarge/scratch/users/h61084/codes/evaluating_tsfms/outputs/context_size/tasks/chronos_bolt/context_length/512/univariate/Coastal_T_S/5T/short/run_0/metrics_summary.json
    Metrics summary (averaged over all series/windows/variates):
      MSE: 117.3262
      MAE: 2.8844
      RMSE: 3.0303
      MAPE: 0.0880
      sMAPE: 0.0677
      MASE: 0.8274
      ND: 0.0627
      CRPS: 0.0414
  Output: /fslarge/scratch/users/h61084/codes/evaluating_tsfms/outputs/context_size/tasks/chronos_bolt/context_length/512/univariate/Coastal_T_S/5T/short/run_0

--- Term: medium ---
  Config: prediction_length=288, test_length=4320, val_length=4320
  Dataset info:
    - Frequency: 5T
    - Num series: 18
    - Target dim: 3
    - Target mode: univariate
    - Series length: min=44614, max=105408, avg=68604.9
    - Test split: 4320 steps
    - Prediction length: 288
    - Windows: 15
TIME run allocation action=new run=/fslarge/scratch/users/h61084/codes/evaluating_tsfms/outputs/context_size/tasks/chronos_bolt/context_length/512/univariate/Coastal_T_S/5T/medium/run_0 launch_id=selena_context_size_20260920T193931Z_45055 slurm_job_id=3506735 launched_at=2026-09-20T19:43:37.704283+00:00
  Preparing input batches from Test split data...
    Total instances to forecast: 810
  Running predictions (Batch size: 16)...
    Processed 160/810...
    Processed 320/810...
    Processed 480/810...
    Processed 640/810...
    Processed 800/810...
    Total instances: 810, Series during experiment: 54, Windows: 15
    Collecting ground truth and context...
    Detected to_univariate case: 54 flat series -> 18 series x 3 variates
    Organizing data into arrays...
    Saved predictions (quantiles) to /fslarge/scratch/users/h61084/codes/evaluating_tsfms/outputs/context_size/tasks/chronos_bolt/context_length/512/univariate/Coastal_T_S/5T/medium/run_0/predictions.npz
    Computing per-window metrics...
    Saved metrics to /fslarge/scratch/users/h61084/codes/evaluating_tsfms/outputs/context_size/tasks/chronos_bolt/context_length/512/univariate/Coastal_T_S/5T/medium/run_0/metrics.npz
    Saved config to /fslarge/scratch/users/h61084/codes/evaluating_tsfms/outputs/context_size/tasks/chronos_bolt/context_length/512/univariate/Coastal_T_S/5T/medium/run_0/config.json
    Saved aggregate metrics to /fslarge/scratch/users/h61084/codes/evaluating_tsfms/outputs/context_size/tasks/chronos_bolt/context_length/512/univariate/Coastal_T_S/5T/medium/run_0/metrics_summary.json
    Metrics summary (averaged over all series/windows/variates):
      MSE: 117.5856
      MAE: 3.0119
      RMSE: 3.2012
      MAPE: 0.0934
      sMAPE: 0.0719
      MASE: 1.1035
      ND: 0.0672
      CRPS: 0.0476
  Output: /fslarge/scratch/users/h61084/codes/evaluating_tsfms/outputs/context_size/tasks/chronos_bolt/context_length/512/univariate/Coastal_T_S/5T/medium/run_0

--- Term: long ---
  Config: prediction_length=864, test_length=4320, val_length=4320
  Dataset info:
    - Frequency: 5T
    - Num series: 18
    - Target dim: 3
    - Target mode: univariate
    - Series length: min=44614, max=105408, avg=68604.9
    - Test split: 4320 steps
    - Prediction length: 864
    - Windows: 5
TIME run allocation action=new run=/fslarge/scratch/users/h61084/codes/evaluating_tsfms/outputs/context_size/tasks/chronos_bolt/context_length/512/univariate/Coastal_T_S/5T/long/run_0 launch_id=selena_context_size_20260920T193931Z_45055 slurm_job_id=3506735 launched_at=2026-09-20T19:43:49.136454+00:00
  Preparing input batches from Test split data...
    Total instances to forecast: 270
  Running predictions (Batch size: 16)...
    Processed 160/270...
    Total instances: 270, Series during experiment: 54, Windows: 5
    Collecting ground truth and context...
    Detected to_univariate case: 54 flat series -> 18 series x 3 variates
    Organizing data into arrays...
    Saved predictions (quantiles) to /fslarge/scratch/users/h61084/codes/evaluating_tsfms/outputs/context_size/tasks/chronos_bolt/context_length/512/univariate/Coastal_T_S/5T/long/run_0/predictions.npz
    Computing per-window metrics...
    Saved metrics to /fslarge/scratch/users/h61084/codes/evaluating_tsfms/outputs/context_size/tasks/chronos_bolt/context_length/512/univariate/Coastal_T_S/5T/long/run_0/metrics.npz
    Saved config to /fslarge/scratch/users/h61084/codes/evaluating_tsfms/outputs/context_size/tasks/chronos_bolt/context_length/512/univariate/Coastal_T_S/5T/long/run_0/config.json
    Saved aggregate metrics to /fslarge/scratch/users/h61084/codes/evaluating_tsfms/outputs/context_size/tasks/chronos_bolt/context_length/512/univariate/Coastal_T_S/5T/long/run_0/metrics_summary.json
    Metrics summary (averaged over all series/windows/variates):
      MSE: 123.1772
      MAE: 3.1144
      RMSE: 3.3709
      MAPE: 0.0966
      sMAPE: 0.0756
      MASE: 1.4862
      ND: 0.0709
      CRPS: 0.0595
  Output: /fslarge/scratch/users/h61084/codes/evaluating_tsfms/outputs/context_size/tasks/chronos_bolt/context_length/512/univariate/Coastal_T_S/5T/long/run_0

============================================================
All experiments completed!
Results saved to: /scratch/users/h61084/codes/evaluating_tsfms/outputs/context_size/tasks
============================================================

############################################################
# All datasets completed!
############################################################

############################################################
# Dataset 1/1: Coastal_T_S/15T
############################################################
Loading configuration...

============================================================
Dataset: Coastal_T_S/15T
Model: amazon/chronos-bolt-base
Terms: ['short', 'medium', 'long']
Instance normalization: none
============================================================
Loading Chronos-Bolt model: amazon/chronos-bolt-base from /fslarge/scratch/users/h61084/weights/chronos-bolt-base...
[2026-09-20 19:44:12 UTC] resources model_device {"device": "cuda", "model": "chronos_bolt"}

--- Term: short ---
  Config: prediction_length=12, test_length=1440, val_length=1440
  Dataset info:
    - Frequency: 15T
    - Num series: 5
    - Target dim: 3
    - Target mode: univariate
    - Series length: min=16686, max=23134, avg=20870.2
    - Test split: 1440 steps
    - Prediction length: 12
    - Windows: 120
TIME run allocation action=new run=/fslarge/scratch/users/h61084/codes/evaluating_tsfms/outputs/context_size/tasks/chronos_bolt/context_length/512/univariate/Coastal_T_S/15T/short/run_0 launch_id=selena_context_size_20260920T193931Z_45055 slurm_job_id=3506735 launched_at=2026-09-20T19:44:13.599336+00:00
  Preparing input batches from Test split data...
    Total instances to forecast: 1800
  Running predictions (Batch size: 16)...
    Processed 160/1800...
    Processed 320/1800...
    Processed 480/1800...
    Processed 640/1800...
    Processed 800/1800...
    Processed 960/1800...
    Processed 1120/1800...
    Processed 1280/1800...
    Processed 1440/1800...
    Processed 1600/1800...
    Processed 1760/1800...
    Total instances: 1800, Series during experiment: 15, Windows: 120
    Collecting ground truth and context...
    Detected to_univariate case: 15 flat series -> 5 series x 3 variates
    Organizing data into arrays...
    Saved predictions (quantiles) to /fslarge/scratch/users/h61084/codes/evaluating_tsfms/outputs/context_size/tasks/chronos_bolt/context_length/512/univariate/Coastal_T_S/15T/short/run_0/predictions.npz
    Computing per-window metrics...
    Saved metrics to /fslarge/scratch/users/h61084/codes/evaluating_tsfms/outputs/context_size/tasks/chronos_bolt/context_length/512/univariate/Coastal_T_S/15T/short/run_0/metrics.npz
    Saved config to /fslarge/scratch/users/h61084/codes/evaluating_tsfms/outputs/context_size/tasks/chronos_bolt/context_length/512/univariate/Coastal_T_S/15T/short/run_0/config.json
    Saved aggregate metrics to /fslarge/scratch/users/h61084/codes/evaluating_tsfms/outputs/context_size/tasks/chronos_bolt/context_length/512/univariate/Coastal_T_S/15T/short/run_0/metrics_summary.json
    Metrics summary (averaged over all series/windows/variates):
      MSE: 116.1702
      MAE: 4.6727
      RMSE: 4.9221
      MAPE: 0.1338
      sMAPE: 0.1197
      MASE: 1.1369
      ND: 0.1152
      CRPS: 0.0746
  Output: /fslarge/scratch/users/h61084/codes/evaluating_tsfms/outputs/context_size/tasks/chronos_bolt/context_length/512/univariate/Coastal_T_S/15T/short/run_0

--- Term: medium ---
  Config: prediction_length=96, test_length=1440, val_length=1440
  Dataset info:
    - Frequency: 15T
    - Num series: 5
    - Target dim: 3
    - Target mode: univariate
    - Series length: min=16686, max=23134, avg=20870.2
    - Test split: 1440 steps
    - Prediction length: 96
    - Windows: 15
TIME run allocation action=new run=/fslarge/scratch/users/h61084/codes/evaluating_tsfms/outputs/context_size/tasks/chronos_bolt/context_length/512/univariate/Coastal_T_S/15T/medium/run_0 launch_id=selena_context_size_20260920T193931Z_45055 slurm_job_id=3506735 launched_at=2026-09-20T19:44:16.090196+00:00
  Preparing input batches from Test split data...
    Total instances to forecast: 225
  Running predictions (Batch size: 16)...
    Processed 160/225...
    Total instances: 225, Series during experiment: 15, Windows: 15
    Collecting ground truth and context...
    Detected to_univariate case: 15 flat series -> 5 series x 3 variates
    Organizing data into arrays...
    Saved predictions (quantiles) to /fslarge/scratch/users/h61084/codes/evaluating_tsfms/outputs/context_size/tasks/chronos_bolt/context_length/512/univariate/Coastal_T_S/15T/medium/run_0/predictions.npz
    Computing per-window metrics...
    Saved metrics to /fslarge/scratch/users/h61084/codes/evaluating_tsfms/outputs/context_size/tasks/chronos_bolt/context_length/512/univariate/Coastal_T_S/15T/medium/run_0/metrics.npz
    Saved config to /fslarge/scratch/users/h61084/codes/evaluating_tsfms/outputs/context_size/tasks/chronos_bolt/context_length/512/univariate/Coastal_T_S/15T/medium/run_0/config.json
    Saved aggregate metrics to /fslarge/scratch/users/h61084/codes/evaluating_tsfms/outputs/context_size/tasks/chronos_bolt/context_length/512/univariate/Coastal_T_S/15T/medium/run_0/metrics_summary.json
    Metrics summary (averaged over all series/windows/variates):
      MSE: 113.4144
      MAE: 4.7181
      RMSE: 4.9359
      MAPE: 0.1375
      sMAPE: 0.1213
      MASE: 1.2825
      ND: 0.1153
      CRPS: 0.0744
  Output: /fslarge/scratch/users/h61084/codes/evaluating_tsfms/outputs/context_size/tasks/chronos_bolt/context_length/512/univariate/Coastal_T_S/15T/medium/run_0

--- Term: long ---
  Config: prediction_length=288, test_length=1440, val_length=1440
  Dataset info:
    - Frequency: 15T
    - Num series: 5
    - Target dim: 3
    - Target mode: univariate
    - Series length: min=16686, max=23134, avg=20870.2
    - Test split: 1440 steps
    - Prediction length: 288
    - Windows: 5
TIME run allocation action=new run=/fslarge/scratch/users/h61084/codes/evaluating_tsfms/outputs/context_size/tasks/chronos_bolt/context_length/512/univariate/Coastal_T_S/15T/long/run_0 launch_id=selena_context_size_20260920T193931Z_45055 slurm_job_id=3506735 launched_at=2026-09-20T19:44:17.042438+00:00
  Preparing input batches from Test split data...
    Total instances to forecast: 75
  Running predictions (Batch size: 16)...
    Total instances: 75, Series during experiment: 15, Windows: 5
    Collecting ground truth and context...
    Detected to_univariate case: 15 flat series -> 5 series x 3 variates
    Organizing data into arrays...
    Saved predictions (quantiles) to /fslarge/scratch/users/h61084/codes/evaluating_tsfms/outputs/context_size/tasks/chronos_bolt/context_length/512/univariate/Coastal_T_S/15T/long/run_0/predictions.npz
    Computing per-window metrics...
    Saved metrics to /fslarge/scratch/users/h61084/codes/evaluating_tsfms/outputs/context_size/tasks/chronos_bolt/context_length/512/univariate/Coastal_T_S/15T/long/run_0/metrics.npz
    Saved config to /fslarge/scratch/users/h61084/codes/evaluating_tsfms/outputs/context_size/tasks/chronos_bolt/context_length/512/univariate/Coastal_T_S/15T/long/run_0/config.json
    Saved aggregate metrics to /fslarge/scratch/users/h61084/codes/evaluating_tsfms/outputs/context_size/tasks/chronos_bolt/context_length/512/univariate/Coastal_T_S/15T/long/run_0/metrics_summary.json
    Metrics summary (averaged over all series/windows/variates):
      MSE: 112.0803
      MAE: 4.7456
      RMSE: 4.9424
      MAPE: 0.1399
      sMAPE: 0.1226
      MASE: 1.4138
      ND: 0.1164
      CRPS: 0.0794
  Output: /fslarge/scratch/users/h61084/codes/evaluating_tsfms/outputs/context_size/tasks/chronos_bolt/context_length/512/univariate/Coastal_T_S/15T/long/run_0

============================================================
All experiments completed!
Results saved to: /scratch/users/h61084/codes/evaluating_tsfms/outputs/context_size/tasks
============================================================

############################################################
# All datasets completed!
############################################################

############################################################
# Dataset 1/1: Coastal_T_S/20T
############################################################
Loading configuration...

============================================================
Dataset: Coastal_T_S/20T
Model: amazon/chronos-bolt-base
Terms: ['short', 'medium', 'long']
Instance normalization: none
============================================================
Loading Chronos-Bolt model: amazon/chronos-bolt-base from /fslarge/scratch/users/h61084/weights/chronos-bolt-base...
[2026-09-20 19:44:26 UTC] resources model_device {"device": "cuda", "model": "chronos_bolt"}

--- Term: short ---
  Config: prediction_length=9, test_length=1080, val_length=1080
  Dataset info:
    - Frequency: 20T
    - Num series: 1
    - Target dim: 3
    - Target mode: univariate
    - Series length: min=8198, max=8198, avg=8198.0
    - Test split: 1080 steps
    - Prediction length: 9
    - Windows: 120
TIME run allocation action=new run=/fslarge/scratch/users/h61084/codes/evaluating_tsfms/outputs/context_size/tasks/chronos_bolt/context_length/512/univariate/Coastal_T_S/20T/short/run_0 launch_id=selena_context_size_20260920T193931Z_45055 slurm_job_id=3506735 launched_at=2026-09-20T19:44:27.255491+00:00
  Preparing input batches from Test split data...
    Total instances to forecast: 360
  Running predictions (Batch size: 16)...
    Processed 160/360...
    Processed 320/360...
    Total instances: 360, Series during experiment: 3, Windows: 120
    Collecting ground truth and context...
    Detected to_univariate case: 3 flat series -> 1 series x 3 variates
    Organizing data into arrays...
    Saved predictions (quantiles) to /fslarge/scratch/users/h61084/codes/evaluating_tsfms/outputs/context_size/tasks/chronos_bolt/context_length/512/univariate/Coastal_T_S/20T/short/run_0/predictions.npz
    Computing per-window metrics...
    Saved metrics to /fslarge/scratch/users/h61084/codes/evaluating_tsfms/outputs/context_size/tasks/chronos_bolt/context_length/512/univariate/Coastal_T_S/20T/short/run_0/metrics.npz
    Saved config to /fslarge/scratch/users/h61084/codes/evaluating_tsfms/outputs/context_size/tasks/chronos_bolt/context_length/512/univariate/Coastal_T_S/20T/short/run_0/config.json
    Saved aggregate metrics to /fslarge/scratch/users/h61084/codes/evaluating_tsfms/outputs/context_size/tasks/chronos_bolt/context_length/512/univariate/Coastal_T_S/20T/short/run_0/metrics_summary.json
    Metrics summary (averaged over all series/windows/variates):
      MSE: 0.0151
      MAE: 0.0844
      RMSE: 0.0968
      MAPE: 0.0035
      sMAPE: 0.0035
      MASE: 0.6343
      ND: 0.0035
      CRPS: 0.0028
  Output: /fslarge/scratch/users/h61084/codes/evaluating_tsfms/outputs/context_size/tasks/chronos_bolt/context_length/512/univariate/Coastal_T_S/20T/short/run_0

--- Term: medium ---
  Config: prediction_length=72, test_length=1080, val_length=1080
  Dataset info:
    - Frequency: 20T
    - Num series: 1
    - Target dim: 3
    - Target mode: univariate
    - Series length: min=8198, max=8198, avg=8198.0
    - Test split: 1080 steps
    - Prediction length: 72
    - Windows: 15
TIME run allocation action=new run=/fslarge/scratch/users/h61084/codes/evaluating_tsfms/outputs/context_size/tasks/chronos_bolt/context_length/512/univariate/Coastal_T_S/20T/medium/run_0 launch_id=selena_context_size_20260920T193931Z_45055 slurm_job_id=3506735 launched_at=2026-09-20T19:44:27.928139+00:00
  Preparing input batches from Test split data...
    Total instances to forecast: 45
  Running predictions (Batch size: 16)...
    Total instances: 45, Series during experiment: 3, Windows: 15
    Collecting ground truth and context...
    Detected to_univariate case: 3 flat series -> 1 series x 3 variates
    Organizing data into arrays...
    Saved predictions (quantiles) to /fslarge/scratch/users/h61084/codes/evaluating_tsfms/outputs/context_size/tasks/chronos_bolt/context_length/512/univariate/Coastal_T_S/20T/medium/run_0/predictions.npz
    Computing per-window metrics...
    Saved metrics to /fslarge/scratch/users/h61084/codes/evaluating_tsfms/outputs/context_size/tasks/chronos_bolt/context_length/512/univariate/Coastal_T_S/20T/medium/run_0/metrics.npz
    Saved config to /fslarge/scratch/users/h61084/codes/evaluating_tsfms/outputs/context_size/tasks/chronos_bolt/context_length/512/univariate/Coastal_T_S/20T/medium/run_0/config.json
    Saved aggregate metrics to /fslarge/scratch/users/h61084/codes/evaluating_tsfms/outputs/context_size/tasks/chronos_bolt/context_length/512/univariate/Coastal_T_S/20T/medium/run_0/metrics_summary.json
    Metrics summary (averaged over all series/windows/variates):
      MSE: 0.1335
      MAE: 0.2690
      RMSE: 0.3234
      MAPE: 0.0121
      sMAPE: 0.0121
      MASE: 1.8913
      ND: 0.0121
      CRPS: 0.0094
  Output: /fslarge/scratch/users/h61084/codes/evaluating_tsfms/outputs/context_size/tasks/chronos_bolt/context_length/512/univariate/Coastal_T_S/20T/medium/run_0

--- Term: long ---
  Config: prediction_length=216, test_length=1080, val_length=1080
  Dataset info:
    - Frequency: 20T
    - Num series: 1
    - Target dim: 3
    - Target mode: univariate
    - Series length: min=8198, max=8198, avg=8198.0
    - Test split: 1080 steps
    - Prediction length: 216
    - Windows: 5
TIME run allocation action=new run=/fslarge/scratch/users/h61084/codes/evaluating_tsfms/outputs/context_size/tasks/chronos_bolt/context_length/512/univariate/Coastal_T_S/20T/long/run_0 launch_id=selena_context_size_20260920T193931Z_45055 slurm_job_id=3506735 launched_at=2026-09-20T19:44:28.160374+00:00
  Preparing input batches from Test split data...
    Total instances to forecast: 15
  Running predictions (Batch size: 16)...
    Total instances: 15, Series during experiment: 3, Windows: 5
    Collecting ground truth and context...
    Detected to_univariate case: 3 flat series -> 1 series x 3 variates
    Organizing data into arrays...
    Saved predictions (quantiles) to /fslarge/scratch/users/h61084/codes/evaluating_tsfms/outputs/context_size/tasks/chronos_bolt/context_length/512/univariate/Coastal_T_S/20T/long/run_0/predictions.npz
    Computing per-window metrics...
    Saved metrics to /fslarge/scratch/users/h61084/codes/evaluating_tsfms/outputs/context_size/tasks/chronos_bolt/context_length/512/univariate/Coastal_T_S/20T/long/run_0/metrics.npz
    Saved config to /fslarge/scratch/users/h61084/codes/evaluating_tsfms/outputs/context_size/tasks/chronos_bolt/context_length/512/univariate/Coastal_T_S/20T/long/run_0/config.json
    Saved aggregate metrics to /fslarge/scratch/users/h61084/codes/evaluating_tsfms/outputs/context_size/tasks/chronos_bolt/context_length/512/univariate/Coastal_T_S/20T/long/run_0/metrics_summary.json
    Metrics summary (averaged over all series/windows/variates):
      MSE: 0.2110
      MAE: 0.3523
      RMSE: 0.4252
      MAPE: 0.0155
      sMAPE: 0.0154
      MASE: 2.5753
      ND: 0.0154
      CRPS: 0.0124
  Output: /fslarge/scratch/users/h61084/codes/evaluating_tsfms/outputs/context_size/tasks/chronos_bolt/context_length/512/univariate/Coastal_T_S/20T/long/run_0

============================================================
All experiments completed!
Results saved to: /scratch/users/h61084/codes/evaluating_tsfms/outputs/context_size/tasks
============================================================

############################################################
# All datasets completed!
############################################################

############################################################
# Dataset 1/1: Coastal_T_S/H
############################################################
Loading configuration...

============================================================
Dataset: Coastal_T_S/H
Model: amazon/chronos-bolt-base
Terms: ['short', 'medium', 'long']
Instance normalization: none
============================================================
Loading Chronos-Bolt model: amazon/chronos-bolt-base from /fslarge/scratch/users/h61084/weights/chronos-bolt-base...
[2026-09-20 19:44:36 UTC] resources model_device {"device": "cuda", "model": "chronos_bolt"}

--- Term: short ---
  Config: prediction_length=24, test_length=672, val_length=672
  Dataset info:
    - Frequency: H
    - Num series: 24
    - Target dim: 3
    - Target mode: univariate
    - Series length: min=2733, max=8784, avg=5488.8
    - Test split: 672 steps
    - Prediction length: 24
    - Windows: 28
TIME run allocation action=new run=/fslarge/scratch/users/h61084/codes/evaluating_tsfms/outputs/context_size/tasks/chronos_bolt/context_length/512/univariate/Coastal_T_S/H/short/run_0 launch_id=selena_context_size_20260920T193931Z_45055 slurm_job_id=3506735 launched_at=2026-09-20T19:44:37.509039+00:00
  Preparing input batches from Test split data...
    Total instances to forecast: 2016
  Running predictions (Batch size: 16)...
    Processed 160/2016...
    Processed 320/2016...
    Processed 480/2016...
    Processed 640/2016...
    Processed 800/2016...
    Processed 960/2016...
    Processed 1120/2016...
    Processed 1280/2016...
    Processed 1440/2016...
    Processed 1600/2016...
    Processed 1760/2016...
    Processed 1920/2016...
    Total instances: 2016, Series during experiment: 72, Windows: 28
    Collecting ground truth and context...
    Detected to_univariate case: 72 flat series -> 24 series x 3 variates
    Organizing data into arrays...
    Saved predictions (quantiles) to /fslarge/scratch/users/h61084/codes/evaluating_tsfms/outputs/context_size/tasks/chronos_bolt/context_length/512/univariate/Coastal_T_S/H/short/run_0/predictions.npz
    Computing per-window metrics...
    Saved metrics to /fslarge/scratch/users/h61084/codes/evaluating_tsfms/outputs/context_size/tasks/chronos_bolt/context_length/512/univariate/Coastal_T_S/H/short/run_0/metrics.npz
    Saved config to /fslarge/scratch/users/h61084/codes/evaluating_tsfms/outputs/context_size/tasks/chronos_bolt/context_length/512/univariate/Coastal_T_S/H/short/run_0/config.json
    Saved aggregate metrics to /fslarge/scratch/users/h61084/codes/evaluating_tsfms/outputs/context_size/tasks/chronos_bolt/context_length/512/univariate/Coastal_T_S/H/short/run_0/metrics_summary.json
    Metrics summary (averaged over all series/windows/variates):
      MSE: 15.7816
      MAE: 1.1276
      RMSE: 1.3889
      MAPE: 0.0306
      sMAPE: 0.0290
      MASE: 0.9901
      ND: 0.0285
      CRPS: 0.0226
  Output: /fslarge/scratch/users/h61084/codes/evaluating_tsfms/outputs/context_size/tasks/chronos_bolt/context_length/512/univariate/Coastal_T_S/H/short/run_0

--- Term: medium ---
  Config: prediction_length=168, test_length=672, val_length=672
  Dataset info:
    - Frequency: H
    - Num series: 24
    - Target dim: 3
    - Target mode: univariate
    - Series length: min=2733, max=8784, avg=5488.8
    - Test split: 672 steps
    - Prediction length: 168
    - Windows: 4
TIME run allocation action=new run=/fslarge/scratch/users/h61084/codes/evaluating_tsfms/outputs/context_size/tasks/chronos_bolt/context_length/512/univariate/Coastal_T_S/H/medium/run_0 launch_id=selena_context_size_20260920T193931Z_45055 slurm_job_id=3506735 launched_at=2026-09-20T19:44:40.161882+00:00
  Preparing input batches from Test split data...
    Total instances to forecast: 288
  Running predictions (Batch size: 16)...
    Processed 160/288...
    Total instances: 288, Series during experiment: 72, Windows: 4
    Collecting ground truth and context...
    Detected to_univariate case: 72 flat series -> 24 series x 3 variates
    Organizing data into arrays...
    Saved predictions (quantiles) to /fslarge/scratch/users/h61084/codes/evaluating_tsfms/outputs/context_size/tasks/chronos_bolt/context_length/512/univariate/Coastal_T_S/H/medium/run_0/predictions.npz
    Computing per-window metrics...
    Saved metrics to /fslarge/scratch/users/h61084/codes/evaluating_tsfms/outputs/context_size/tasks/chronos_bolt/context_length/512/univariate/Coastal_T_S/H/medium/run_0/metrics.npz
    Saved config to /fslarge/scratch/users/h61084/codes/evaluating_tsfms/outputs/context_size/tasks/chronos_bolt/context_length/512/univariate/Coastal_T_S/H/medium/run_0/config.json
    Saved aggregate metrics to /fslarge/scratch/users/h61084/codes/evaluating_tsfms/outputs/context_size/tasks/chronos_bolt/context_length/512/univariate/Coastal_T_S/H/medium/run_0/metrics_summary.json
    Metrics summary (averaged over all series/windows/variates):
      MSE: 29.1525
      MAE: 1.5702
      RMSE: 1.9260
      MAPE: 0.0461
      sMAPE: 0.0423
      MASE: 1.8989
      ND: 0.0439
      CRPS: 0.0364
  Output: /fslarge/scratch/users/h61084/codes/evaluating_tsfms/outputs/context_size/tasks/chronos_bolt/context_length/512/univariate/Coastal_T_S/H/medium/run_0

--- Term: long ---
  Config: prediction_length=336, test_length=672, val_length=672
  Dataset info:
    - Frequency: H
    - Num series: 24
    - Target dim: 3
    - Target mode: univariate
    - Series length: min=2733, max=8784, avg=5488.8
    - Test split: 672 steps
    - Prediction length: 336
    - Windows: 2
TIME run allocation action=new run=/fslarge/scratch/users/h61084/codes/evaluating_tsfms/outputs/context_size/tasks/chronos_bolt/context_length/512/univariate/Coastal_T_S/H/long/run_0 launch_id=selena_context_size_20260920T193931Z_45055 slurm_job_id=3506735 launched_at=2026-09-20T19:44:42.154727+00:00
  Preparing input batches from Test split data...
    Total instances to forecast: 144
  Running predictions (Batch size: 16)...
    Total instances: 144, Series during experiment: 72, Windows: 2
    Collecting ground truth and context...
    Detected to_univariate case: 72 flat series -> 24 series x 3 variates
    Organizing data into arrays...
    Saved predictions (quantiles) to /fslarge/scratch/users/h61084/codes/evaluating_tsfms/outputs/context_size/tasks/chronos_bolt/context_length/512/univariate/Coastal_T_S/H/long/run_0/predictions.npz
    Computing per-window metrics...
    Saved metrics to /fslarge/scratch/users/h61084/codes/evaluating_tsfms/outputs/context_size/tasks/chronos_bolt/context_length/512/univariate/Coastal_T_S/H/long/run_0/metrics.npz
    Saved config to /fslarge/scratch/users/h61084/codes/evaluating_tsfms/outputs/context_size/tasks/chronos_bolt/context_length/512/univariate/Coastal_T_S/H/long/run_0/config.json
    Saved aggregate metrics to /fslarge/scratch/users/h61084/codes/evaluating_tsfms/outputs/context_size/tasks/chronos_bolt/context_length/512/univariate/Coastal_T_S/H/long/run_0/metrics_summary.json
    Metrics summary (averaged over all series/windows/variates):
      MSE: 37.5092
      MAE: 1.7866
      RMSE: 2.2083
      MAPE: 0.0536
      sMAPE: 0.0503
      MASE: 2.6015
      ND: 0.0483
      CRPS: 0.0416
  Output: /fslarge/scratch/users/h61084/codes/evaluating_tsfms/outputs/context_size/tasks/chronos_bolt/context_length/512/univariate/Coastal_T_S/H/long/run_0

============================================================
All experiments completed!
Results saved to: /scratch/users/h61084/codes/evaluating_tsfms/outputs/context_size/tasks
============================================================

############################################################
# All datasets completed!
############################################################

############################################################
# Dataset 1/1: SG_Weather/D
############################################################
Loading configuration...

============================================================
Dataset: SG_Weather/D
Model: amazon/chronos-bolt-base
Terms: ['short', 'medium', 'long']
Instance normalization: none
============================================================
Loading Chronos-Bolt model: amazon/chronos-bolt-base from /fslarge/scratch/users/h61084/weights/chronos-bolt-base...
[2026-09-20 19:44:53 UTC] resources model_device {"device": "cuda", "model": "chronos_bolt"}

--- Term: short ---
  Config: prediction_length=3, test_length=366, val_length=366
  Dataset info:
    - Frequency: D
    - Num series: 6
    - Target dim: 4
    - Target mode: univariate
    - Series length: min=2953, max=2953, avg=2953.0
    - Test split: 366 steps
    - Prediction length: 3
    - Windows: 122
TIME run allocation action=new run=/fslarge/scratch/users/h61084/codes/evaluating_tsfms/outputs/context_size/tasks/chronos_bolt/context_length/512/univariate/SG_Weather/D/short/run_0 launch_id=selena_context_size_20260920T193931Z_45055 slurm_job_id=3506735 launched_at=2026-09-20T19:44:53.801188+00:00
  Preparing input batches from Test split data...
    Total instances to forecast: 2928
  Running predictions (Batch size: 16)...
    Processed 160/2928...
    Processed 320/2928...
    Processed 480/2928...
    Processed 640/2928...
    Processed 800/2928...
    Processed 960/2928...
    Processed 1120/2928...
    Processed 1280/2928...
    Processed 1440/2928...
    Processed 1600/2928...
    Processed 1760/2928...
    Processed 1920/2928...
    Processed 2080/2928...
    Processed 2240/2928...
    Processed 2400/2928...
    Processed 2560/2928...
    Processed 2720/2928...
    Processed 2880/2928...
    Total instances: 2928, Series during experiment: 24, Windows: 122
    Collecting ground truth and context...
    Detected to_univariate case: 24 flat series -> 6 series x 4 variates
    Organizing data into arrays...
    Saved predictions (quantiles) to /fslarge/scratch/users/h61084/codes/evaluating_tsfms/outputs/context_size/tasks/chronos_bolt/context_length/512/univariate/SG_Weather/D/short/run_0/predictions.npz
    Computing per-window metrics...
    Saved metrics to /fslarge/scratch/users/h61084/codes/evaluating_tsfms/outputs/context_size/tasks/chronos_bolt/context_length/512/univariate/SG_Weather/D/short/run_0/metrics.npz
    Saved config to /fslarge/scratch/users/h61084/codes/evaluating_tsfms/outputs/context_size/tasks/chronos_bolt/context_length/512/univariate/SG_Weather/D/short/run_0/config.json
    Saved aggregate metrics to /fslarge/scratch/users/h61084/codes/evaluating_tsfms/outputs/context_size/tasks/chronos_bolt/context_length/512/univariate/SG_Weather/D/short/run_0/metrics_summary.json
    Metrics summary (averaged over all series/windows/variates):
      MSE: 2213.1233
      MAE: 17.9289
      RMSE: 20.5900
      MAPE: 0.4042
      sMAPE: 0.2290
      MASE: 0.8802
      ND: 0.2579
      CRPS: 0.2012
  Output: /fslarge/scratch/users/h61084/codes/evaluating_tsfms/outputs/context_size/tasks/chronos_bolt/context_length/512/univariate/SG_Weather/D/short/run_0

--- Term: medium ---
  Config: prediction_length=7, test_length=366, val_length=366
  Dataset info:
    - Frequency: D
    - Num series: 6
    - Target dim: 4
    - Target mode: univariate
    - Series length: min=2953, max=2953, avg=2953.0
    - Test split: 366 steps
    - Prediction length: 7
    - Windows: 52
TIME run allocation action=new run=/fslarge/scratch/users/h61084/codes/evaluating_tsfms/outputs/context_size/tasks/chronos_bolt/context_length/512/univariate/SG_Weather/D/medium/run_0 launch_id=selena_context_size_20260920T193931Z_45055 slurm_job_id=3506735 launched_at=2026-09-20T19:44:57.440796+00:00
  Preparing input batches from Test split data...
    Total instances to forecast: 1248
  Running predictions (Batch size: 16)...
    Processed 160/1248...
    Processed 320/1248...
    Processed 480/1248...
    Processed 640/1248...
    Processed 800/1248...
    Processed 960/1248...
    Processed 1120/1248...
    Total instances: 1248, Series during experiment: 24, Windows: 52
    Collecting ground truth and context...
    Detected to_univariate case: 24 flat series -> 6 series x 4 variates
    Organizing data into arrays...
    Saved predictions (quantiles) to /fslarge/scratch/users/h61084/codes/evaluating_tsfms/outputs/context_size/tasks/chronos_bolt/context_length/512/univariate/SG_Weather/D/medium/run_0/predictions.npz
    Computing per-window metrics...
    Saved metrics to /fslarge/scratch/users/h61084/codes/evaluating_tsfms/outputs/context_size/tasks/chronos_bolt/context_length/512/univariate/SG_Weather/D/medium/run_0/metrics.npz
    Saved config to /fslarge/scratch/users/h61084/codes/evaluating_tsfms/outputs/context_size/tasks/chronos_bolt/context_length/512/univariate/SG_Weather/D/medium/run_0/config.json
    Saved aggregate metrics to /fslarge/scratch/users/h61084/codes/evaluating_tsfms/outputs/context_size/tasks/chronos_bolt/context_length/512/univariate/SG_Weather/D/medium/run_0/metrics_summary.json
    Metrics summary (averaged over all series/windows/variates):
      MSE: 2279.7245
      MAE: 18.4750
      RMSE: 22.5053
      MAPE: 0.4098
      sMAPE: 0.2349
      MASE: 0.9248
      ND: 0.2378
      CRPS: 0.1853
  Output: /fslarge/scratch/users/h61084/codes/evaluating_tsfms/outputs/context_size/tasks/chronos_bolt/context_length/512/univariate/SG_Weather/D/medium/run_0

--- Term: long ---
  Config: prediction_length=14, test_length=366, val_length=366
  Dataset info:
    - Frequency: D
    - Num series: 6
    - Target dim: 4
    - Target mode: univariate
    - Series length: min=2953, max=2953, avg=2953.0
    - Test split: 366 steps
    - Prediction length: 14
    - Windows: 26
TIME run allocation action=new run=/fslarge/scratch/users/h61084/codes/evaluating_tsfms/outputs/context_size/tasks/chronos_bolt/context_length/512/univariate/SG_Weather/D/long/run_0 launch_id=selena_context_size_20260920T193931Z_45055 slurm_job_id=3506735 launched_at=2026-09-20T19:44:58.920618+00:00
  Preparing input batches from Test split data...
    Total instances to forecast: 624
  Running predictions (Batch size: 16)...
    Processed 160/624...
    Processed 320/624...
    Processed 480/624...
    Total instances: 624, Series during experiment: 24, Windows: 26
    Collecting ground truth and context...
    Detected to_univariate case: 24 flat series -> 6 series x 4 variates
    Organizing data into arrays...
    Saved predictions (quantiles) to /fslarge/scratch/users/h61084/codes/evaluating_tsfms/outputs/context_size/tasks/chronos_bolt/context_length/512/univariate/SG_Weather/D/long/run_0/predictions.npz
    Computing per-window metrics...
    Saved metrics to /fslarge/scratch/users/h61084/codes/evaluating_tsfms/outputs/context_size/tasks/chronos_bolt/context_length/512/univariate/SG_Weather/D/long/run_0/metrics.npz
    Saved config to /fslarge/scratch/users/h61084/codes/evaluating_tsfms/outputs/context_size/tasks/chronos_bolt/context_length/512/univariate/SG_Weather/D/long/run_0/config.json
    Saved aggregate metrics to /fslarge/scratch/users/h61084/codes/evaluating_tsfms/outputs/context_size/tasks/chronos_bolt/context_length/512/univariate/SG_Weather/D/long/run_0/metrics_summary.json
    Metrics summary (averaged over all series/windows/variates):
      MSE: 2277.0912
      MAE: 18.5083
      RMSE: 23.2378
      MAPE: 0.4111
      sMAPE: 0.2373
      MASE: 0.9428
      ND: 0.2316
      CRPS: 0.1814
  Output: /fslarge/scratch/users/h61084/codes/evaluating_tsfms/outputs/context_size/tasks/chronos_bolt/context_length/512/univariate/SG_Weather/D/long/run_0

============================================================
All experiments completed!
Results saved to: /scratch/users/h61084/codes/evaluating_tsfms/outputs/context_size/tasks
============================================================

############################################################
# All datasets completed!
############################################################

############################################################
# Dataset 1/1: SG_PM25/H
############################################################
Loading configuration...

============================================================
Dataset: SG_PM25/H
Model: amazon/chronos-bolt-base
Terms: ['short', 'medium', 'long']
Instance normalization: none
============================================================
Loading Chronos-Bolt model: amazon/chronos-bolt-base from /fslarge/scratch/users/h61084/weights/chronos-bolt-base...
[2026-09-20 19:45:08 UTC] resources model_device {"device": "cuda", "model": "chronos_bolt"}

--- Term: short ---
  Config: prediction_length=24, test_length=2208, val_length=2160
  Dataset info:
    - Frequency: H
    - Num series: 1
    - Target dim: 5
    - Target mode: univariate
    - Series length: min=38688, max=38688, avg=38688.0
    - Test split: 2208 steps
    - Prediction length: 24
    - Windows: 92
TIME run allocation action=new run=/fslarge/scratch/users/h61084/codes/evaluating_tsfms/outputs/context_size/tasks/chronos_bolt/context_length/512/univariate/SG_PM25/H/short/run_0 launch_id=selena_context_size_20260920T193931Z_45055 slurm_job_id=3506735 launched_at=2026-09-20T19:45:08.846814+00:00
  Preparing input batches from Test split data...
    Total instances to forecast: 460
  Running predictions (Batch size: 16)...
    Processed 160/460...
    Processed 320/460...
    Total instances: 460, Series during experiment: 5, Windows: 92
    Collecting ground truth and context...
    Detected to_univariate case: 5 flat series -> 1 series x 5 variates
    Organizing data into arrays...
    Saved predictions (quantiles) to /fslarge/scratch/users/h61084/codes/evaluating_tsfms/outputs/context_size/tasks/chronos_bolt/context_length/512/univariate/SG_PM25/H/short/run_0/predictions.npz
    Computing per-window metrics...
    Saved metrics to /fslarge/scratch/users/h61084/codes/evaluating_tsfms/outputs/context_size/tasks/chronos_bolt/context_length/512/univariate/SG_PM25/H/short/run_0/metrics.npz
    Saved config to /fslarge/scratch/users/h61084/codes/evaluating_tsfms/outputs/context_size/tasks/chronos_bolt/context_length/512/univariate/SG_PM25/H/short/run_0/config.json
    Saved aggregate metrics to /fslarge/scratch/users/h61084/codes/evaluating_tsfms/outputs/context_size/tasks/chronos_bolt/context_length/512/univariate/SG_PM25/H/short/run_0/metrics_summary.json
    Metrics summary (averaged over all series/windows/variates):
      MSE: 43.3888
      MAE: 4.7045
      RMSE: 5.8162
      MAPE: 0.4988
      sMAPE: 0.3995
      MASE: 0.8940
      ND: 0.3993
      CRPS: 0.3115
  Output: /fslarge/scratch/users/h61084/codes/evaluating_tsfms/outputs/context_size/tasks/chronos_bolt/context_length/512/univariate/SG_PM25/H/short/run_0

--- Term: medium ---
  Config: prediction_length=72, test_length=2208, val_length=2160
  Dataset info:
    - Frequency: H
    - Num series: 1
    - Target dim: 5
    - Target mode: univariate
    - Series length: min=38688, max=38688, avg=38688.0
    - Test split: 2208 steps
    - Prediction length: 72
    - Windows: 30
TIME run allocation action=new run=/fslarge/scratch/users/h61084/codes/evaluating_tsfms/outputs/context_size/tasks/chronos_bolt/context_length/512/univariate/SG_PM25/H/medium/run_0 launch_id=selena_context_size_20260920T193931Z_45055 slurm_job_id=3506735 launched_at=2026-09-20T19:45:09.727888+00:00
  Preparing input batches from Test split data...
    Total instances to forecast: 150
  Running predictions (Batch size: 16)...
    Processed 150/150...
    Total instances: 150, Series during experiment: 5, Windows: 30
    Collecting ground truth and context...
    Detected to_univariate case: 5 flat series -> 1 series x 5 variates
    Organizing data into arrays...
    Saved predictions (quantiles) to /fslarge/scratch/users/h61084/codes/evaluating_tsfms/outputs/context_size/tasks/chronos_bolt/context_length/512/univariate/SG_PM25/H/medium/run_0/predictions.npz
    Computing per-window metrics...
    Saved metrics to /fslarge/scratch/users/h61084/codes/evaluating_tsfms/outputs/context_size/tasks/chronos_bolt/context_length/512/univariate/SG_PM25/H/medium/run_0/metrics.npz
    Saved config to /fslarge/scratch/users/h61084/codes/evaluating_tsfms/outputs/context_size/tasks/chronos_bolt/context_length/512/univariate/SG_PM25/H/medium/run_0/config.json
    Saved aggregate metrics to /fslarge/scratch/users/h61084/codes/evaluating_tsfms/outputs/context_size/tasks/chronos_bolt/context_length/512/univariate/SG_PM25/H/medium/run_0/metrics_summary.json
    Metrics summary (averaged over all series/windows/variates):
      MSE: 49.4030
      MAE: 4.9879
      RMSE: 6.3757
      MAPE: 0.5142
      sMAPE: 0.4207
      MASE: 0.9461
      ND: 0.4076
      CRPS: 0.3196
  Output: /fslarge/scratch/users/h61084/codes/evaluating_tsfms/outputs/context_size/tasks/chronos_bolt/context_length/512/univariate/SG_PM25/H/medium/run_0

--- Term: long ---
  Config: prediction_length=168, test_length=2208, val_length=2160
  Dataset info:
    - Frequency: H
    - Num series: 1
    - Target dim: 5
    - Target mode: univariate
    - Series length: min=38688, max=38688, avg=38688.0
    - Test split: 2208 steps
    - Prediction length: 168
    - Windows: 13
TIME run allocation action=new run=/fslarge/scratch/users/h61084/codes/evaluating_tsfms/outputs/context_size/tasks/chronos_bolt/context_length/512/univariate/SG_PM25/H/long/run_0 launch_id=selena_context_size_20260920T193931Z_45055 slurm_job_id=3506735 launched_at=2026-09-20T19:45:10.412436+00:00
  Preparing input batches from Test split data...
    Total instances to forecast: 65
  Running predictions (Batch size: 16)...
    Total instances: 65, Series during experiment: 5, Windows: 13
    Collecting ground truth and context...
    Detected to_univariate case: 5 flat series -> 1 series x 5 variates
    Organizing data into arrays...
    Saved predictions (quantiles) to /fslarge/scratch/users/h61084/codes/evaluating_tsfms/outputs/context_size/tasks/chronos_bolt/context_length/512/univariate/SG_PM25/H/long/run_0/predictions.npz
    Computing per-window metrics...
    Saved metrics to /fslarge/scratch/users/h61084/codes/evaluating_tsfms/outputs/context_size/tasks/chronos_bolt/context_length/512/univariate/SG_PM25/H/long/run_0/metrics.npz
    Saved config to /fslarge/scratch/users/h61084/codes/evaluating_tsfms/outputs/context_size/tasks/chronos_bolt/context_length/512/univariate/SG_PM25/H/long/run_0/config.json
    Saved aggregate metrics to /fslarge/scratch/users/h61084/codes/evaluating_tsfms/outputs/context_size/tasks/chronos_bolt/context_length/512/univariate/SG_PM25/H/long/run_0/metrics_summary.json
    Metrics summary (averaged over all series/windows/variates):
      MSE: 50.6237
      MAE: 5.1030
      RMSE: 6.7338
      MAPE: 0.5171
      sMAPE: 0.4314
      MASE: 0.9697
      ND: 0.4159
      CRPS: 0.3303
  Output: /fslarge/scratch/users/h61084/codes/evaluating_tsfms/outputs/context_size/tasks/chronos_bolt/context_length/512/univariate/SG_PM25/H/long/run_0

============================================================
All experiments completed!
Results saved to: /scratch/users/h61084/codes/evaluating_tsfms/outputs/context_size/tasks
============================================================

############################################################
# All datasets completed!
############################################################

############################################################
# Dataset 1/1: NE_China_Wind/H
############################################################
Loading configuration...

============================================================
Dataset: NE_China_Wind/H
Model: amazon/chronos-bolt-base
Terms: ['short', 'medium', 'long']
Instance normalization: none
============================================================
Loading Chronos-Bolt model: amazon/chronos-bolt-base from /fslarge/scratch/users/h61084/weights/chronos-bolt-base...
[2026-09-20 19:45:19 UTC] resources model_device {"device": "cuda", "model": "chronos_bolt"}

--- Term: short ---
  Config: prediction_length=24, test_length=720, val_length=720
  Dataset info:
    - Frequency: H
    - Num series: 1
    - Target dim: 4
    - Target mode: univariate
    - Series length: min=8764, max=8764, avg=8764.0
    - Test split: 720 steps
    - Prediction length: 24
    - Windows: 30
TIME run allocation action=new run=/fslarge/scratch/users/h61084/codes/evaluating_tsfms/outputs/context_size/tasks/chronos_bolt/context_length/512/univariate/NE_China_Wind/H/short/run_0 launch_id=selena_context_size_20260920T193931Z_45055 slurm_job_id=3506735 launched_at=2026-09-20T19:45:20.146969+00:00
  Preparing input batches from Test split data...
    Total instances to forecast: 120
  Running predictions (Batch size: 16)...
    Total instances: 120, Series during experiment: 4, Windows: 30
    Collecting ground truth and context...
    Detected to_univariate case: 4 flat series -> 1 series x 4 variates
    Organizing data into arrays...
    Saved predictions (quantiles) to /fslarge/scratch/users/h61084/codes/evaluating_tsfms/outputs/context_size/tasks/chronos_bolt/context_length/512/univariate/NE_China_Wind/H/short/run_0/predictions.npz
    Computing per-window metrics...
    Saved metrics to /fslarge/scratch/users/h61084/codes/evaluating_tsfms/outputs/context_size/tasks/chronos_bolt/context_length/512/univariate/NE_China_Wind/H/short/run_0/metrics.npz
    Saved config to /fslarge/scratch/users/h61084/codes/evaluating_tsfms/outputs/context_size/tasks/chronos_bolt/context_length/512/univariate/NE_China_Wind/H/short/run_0/config.json
    Saved aggregate metrics to /fslarge/scratch/users/h61084/codes/evaluating_tsfms/outputs/context_size/tasks/chronos_bolt/context_length/512/univariate/NE_China_Wind/H/short/run_0/metrics_summary.json
    Metrics summary (averaged over all series/windows/variates):
      MSE: 0.1046
      MAE: 0.2215
      RMSE: 0.2595
      MAPE: 0.9062
      sMAPE: 0.4917
      MASE: 0.5381
      ND: 0.4663
      CRPS: 0.3626
  Output: /fslarge/scratch/users/h61084/codes/evaluating_tsfms/outputs/context_size/tasks/chronos_bolt/context_length/512/univariate/NE_China_Wind/H/short/run_0

--- Term: medium ---
  Config: prediction_length=72, test_length=720, val_length=720
  Dataset info:
    - Frequency: H
    - Num series: 1
    - Target dim: 4
    - Target mode: univariate
    - Series length: min=8764, max=8764, avg=8764.0
    - Test split: 720 steps
    - Prediction length: 72
    - Windows: 10
TIME run allocation action=new run=/fslarge/scratch/users/h61084/codes/evaluating_tsfms/outputs/context_size/tasks/chronos_bolt/context_length/512/univariate/NE_China_Wind/H/medium/run_0 launch_id=selena_context_size_20260920T193931Z_45055 slurm_job_id=3506735 launched_at=2026-09-20T19:45:20.551236+00:00
  Preparing input batches from Test split data...
    Total instances to forecast: 40
  Running predictions (Batch size: 16)...
    Total instances: 40, Series during experiment: 4, Windows: 10
    Collecting ground truth and context...
    Detected to_univariate case: 4 flat series -> 1 series x 4 variates
    Organizing data into arrays...
    Saved predictions (quantiles) to /fslarge/scratch/users/h61084/codes/evaluating_tsfms/outputs/context_size/tasks/chronos_bolt/context_length/512/univariate/NE_China_Wind/H/medium/run_0/predictions.npz
    Computing per-window metrics...
    Saved metrics to /fslarge/scratch/users/h61084/codes/evaluating_tsfms/outputs/context_size/tasks/chronos_bolt/context_length/512/univariate/NE_China_Wind/H/medium/run_0/metrics.npz
    Saved config to /fslarge/scratch/users/h61084/codes/evaluating_tsfms/outputs/context_size/tasks/chronos_bolt/context_length/512/univariate/NE_China_Wind/H/medium/run_0/config.json
    Saved aggregate metrics to /fslarge/scratch/users/h61084/codes/evaluating_tsfms/outputs/context_size/tasks/chronos_bolt/context_length/512/univariate/NE_China_Wind/H/medium/run_0/metrics_summary.json
    Metrics summary (averaged over all series/windows/variates):
      MSE: 0.2461
      MAE: 0.3589
      RMSE: 0.4221
      MAPE: 1.1552
      sMAPE: 0.6945
      MASE: 0.8919
      ND: 0.6062
      CRPS: 0.4936
  Output: /fslarge/scratch/users/h61084/codes/evaluating_tsfms/outputs/context_size/tasks/chronos_bolt/context_length/512/univariate/NE_China_Wind/H/medium/run_0

--- Term: long ---
  Config: prediction_length=168, test_length=720, val_length=720
  Dataset info:
    - Frequency: H
    - Num series: 1
    - Target dim: 4
    - Target mode: univariate
    - Series length: min=8764, max=8764, avg=8764.0
    - Test split: 720 steps
    - Prediction length: 168
    - Windows: 4
TIME run allocation action=new run=/fslarge/scratch/users/h61084/codes/evaluating_tsfms/outputs/context_size/tasks/chronos_bolt/context_length/512/univariate/NE_China_Wind/H/long/run_0 launch_id=selena_context_size_20260920T193931Z_45055 slurm_job_id=3506735 launched_at=2026-09-20T19:45:20.771462+00:00
  Preparing input batches from Test split data...
    Total instances to forecast: 16
  Running predictions (Batch size: 16)...
    Total instances: 16, Series during experiment: 4, Windows: 4
    Collecting ground truth and context...
    Detected to_univariate case: 4 flat series -> 1 series x 4 variates
    Organizing data into arrays...
    Saved predictions (quantiles) to /fslarge/scratch/users/h61084/codes/evaluating_tsfms/outputs/context_size/tasks/chronos_bolt/context_length/512/univariate/NE_China_Wind/H/long/run_0/predictions.npz
    Computing per-window metrics...
    Saved metrics to /fslarge/scratch/users/h61084/codes/evaluating_tsfms/outputs/context_size/tasks/chronos_bolt/context_length/512/univariate/NE_China_Wind/H/long/run_0/metrics.npz
    Saved config to /fslarge/scratch/users/h61084/codes/evaluating_tsfms/outputs/context_size/tasks/chronos_bolt/context_length/512/univariate/NE_China_Wind/H/long/run_0/config.json
    Saved aggregate metrics to /fslarge/scratch/users/h61084/codes/evaluating_tsfms/outputs/context_size/tasks/chronos_bolt/context_length/512/univariate/NE_China_Wind/H/long/run_0/metrics_summary.json
    Metrics summary (averaged over all series/windows/variates):
      MSE: 0.3026
      MAE: 0.4088
      RMSE: 0.5078
      MAPE: 1.0639
      sMAPE: 0.7730
      MASE: 1.0885
      ND: 0.5631
      CRPS: 0.4684
  Output: /fslarge/scratch/users/h61084/codes/evaluating_tsfms/outputs/context_size/tasks/chronos_bolt/context_length/512/univariate/NE_China_Wind/H/long/run_0

============================================================
All experiments completed!
Results saved to: /scratch/users/h61084/codes/evaluating_tsfms/outputs/context_size/tasks
============================================================

############################################################
# All datasets completed!
############################################################

############################################################
# Dataset 1/1: Australia_Solar/H
############################################################
Loading configuration...

============================================================
Dataset: Australia_Solar/H
Model: amazon/chronos-bolt-base
Terms: ['short', 'medium', 'long']
Instance normalization: none
============================================================
Loading Chronos-Bolt model: amazon/chronos-bolt-base from /fslarge/scratch/users/h61084/weights/chronos-bolt-base...
[2026-09-20 19:45:29 UTC] resources model_device {"device": "cuda", "model": "chronos_bolt"}

--- Term: short ---
  Config: prediction_length=24, test_length=2520, val_length=2520
  Dataset info:
    - Frequency: H
    - Num series: 1
    - Target dim: 3
    - Target mode: univariate
    - Series length: min=35064, max=35064, avg=35064.0
    - Test split: 2520 steps
    - Prediction length: 24
    - Windows: 105
TIME run allocation action=new run=/fslarge/scratch/users/h61084/codes/evaluating_tsfms/outputs/context_size/tasks/chronos_bolt/context_length/512/univariate/Australia_Solar/H/short/run_0 launch_id=selena_context_size_20260920T193931Z_45055 slurm_job_id=3506735 launched_at=2026-09-20T19:45:30.102878+00:00
  Preparing input batches from Test split data...
    Total instances to forecast: 315
  Running predictions (Batch size: 16)...
    Processed 160/315...
    Processed 315/315...
    Total instances: 315, Series during experiment: 3, Windows: 105
    Collecting ground truth and context...
    Detected to_univariate case: 3 flat series -> 1 series x 3 variates
    Organizing data into arrays...
    ⚠️  Predictions max value (2126229.50) exceeds float16 safe range.
    ⚠️  Applying scale factor: 100 (values will be divided)
    Saved predictions (quantiles) to /fslarge/scratch/users/h61084/codes/evaluating_tsfms/outputs/context_size/tasks/chronos_bolt/context_length/512/univariate/Australia_Solar/H/short/run_0/predictions.npz
    Computing per-window metrics...
    Saved metrics to /fslarge/scratch/users/h61084/codes/evaluating_tsfms/outputs/context_size/tasks/chronos_bolt/context_length/512/univariate/Australia_Solar/H/short/run_0/metrics.npz
    Saved config to /fslarge/scratch/users/h61084/codes/evaluating_tsfms/outputs/context_size/tasks/chronos_bolt/context_length/512/univariate/Australia_Solar/H/short/run_0/config.json
    Saved aggregate metrics to /fslarge/scratch/users/h61084/codes/evaluating_tsfms/outputs/context_size/tasks/chronos_bolt/context_length/512/univariate/Australia_Solar/H/short/run_0/metrics_summary.json
    Metrics summary (averaged over all series/windows/variates):
      MSE: 25707113912.5914
      MAE: 80443.9987
      RMSE: 105319.9327
      MAPE: 94.8332
      sMAPE: 0.5645
      MASE: 1.1014
      ND: 0.3288
      CRPS: 0.2696
  Output: /fslarge/scratch/users/h61084/codes/evaluating_tsfms/outputs/context_size/tasks/chronos_bolt/context_length/512/univariate/Australia_Solar/H/short/run_0

--- Term: medium ---
  Config: prediction_length=72, test_length=2520, val_length=2520
  Dataset info:
    - Frequency: H
    - Num series: 1
    - Target dim: 3
    - Target mode: univariate
    - Series length: min=35064, max=35064, avg=35064.0
    - Test split: 2520 steps
    - Prediction length: 72
    - Windows: 35
TIME run allocation action=new run=/fslarge/scratch/users/h61084/codes/evaluating_tsfms/outputs/context_size/tasks/chronos_bolt/context_length/512/univariate/Australia_Solar/H/medium/run_0 launch_id=selena_context_size_20260920T193931Z_45055 slurm_job_id=3506735 launched_at=2026-09-20T19:45:30.778904+00:00
  Preparing input batches from Test split data...
    Total instances to forecast: 105
  Running predictions (Batch size: 16)...
    Total instances: 105, Series during experiment: 3, Windows: 35
    Collecting ground truth and context...
    Detected to_univariate case: 3 flat series -> 1 series x 3 variates
    Organizing data into arrays...
    ⚠️  Predictions max value (2173742.00) exceeds float16 safe range.
    ⚠️  Applying scale factor: 100 (values will be divided)
    Saved predictions (quantiles) to /fslarge/scratch/users/h61084/codes/evaluating_tsfms/outputs/context_size/tasks/chronos_bolt/context_length/512/univariate/Australia_Solar/H/medium/run_0/predictions.npz
    Computing per-window metrics...
    Saved metrics to /fslarge/scratch/users/h61084/codes/evaluating_tsfms/outputs/context_size/tasks/chronos_bolt/context_length/512/univariate/Australia_Solar/H/medium/run_0/metrics.npz
    Saved config to /fslarge/scratch/users/h61084/codes/evaluating_tsfms/outputs/context_size/tasks/chronos_bolt/context_length/512/univariate/Australia_Solar/H/medium/run_0/config.json
    Saved aggregate metrics to /fslarge/scratch/users/h61084/codes/evaluating_tsfms/outputs/context_size/tasks/chronos_bolt/context_length/512/univariate/Australia_Solar/H/medium/run_0/metrics_summary.json
    Metrics summary (averaged over all series/windows/variates):
      MSE: 27329146981.6630
      MAE: 84744.5679
      RMSE: 124358.1967
      MAPE: 59.3156
      sMAPE: 0.5791
      MASE: 1.2049
      ND: 0.3011
      CRPS: 0.2446
  Output: /fslarge/scratch/users/h61084/codes/evaluating_tsfms/outputs/context_size/tasks/chronos_bolt/context_length/512/univariate/Australia_Solar/H/medium/run_0

--- Term: long ---
  Config: prediction_length=168, test_length=2520, val_length=2520
  Dataset info:
    - Frequency: H
    - Num series: 1
    - Target dim: 3
    - Target mode: univariate
    - Series length: min=35064, max=35064, avg=35064.0
    - Test split: 2520 steps
    - Prediction length: 168
    - Windows: 15
TIME run allocation action=new run=/fslarge/scratch/users/h61084/codes/evaluating_tsfms/outputs/context_size/tasks/chronos_bolt/context_length/512/univariate/Australia_Solar/H/long/run_0 launch_id=selena_context_size_20260920T193931Z_45055 slurm_job_id=3506735 launched_at=2026-09-20T19:45:31.266735+00:00
  Preparing input batches from Test split data...
    Total instances to forecast: 45
  Running predictions (Batch size: 16)...
    Total instances: 45, Series during experiment: 3, Windows: 15
    Collecting ground truth and context...
    Detected to_univariate case: 3 flat series -> 1 series x 3 variates
    Organizing data into arrays...
    ⚠️  Predictions max value (2083981.50) exceeds float16 safe range.
    ⚠️  Applying scale factor: 100 (values will be divided)
    Saved predictions (quantiles) to /fslarge/scratch/users/h61084/codes/evaluating_tsfms/outputs/context_size/tasks/chronos_bolt/context_length/512/univariate/Australia_Solar/H/long/run_0/predictions.npz
    Computing per-window metrics...
    Saved metrics to /fslarge/scratch/users/h61084/codes/evaluating_tsfms/outputs/context_size/tasks/chronos_bolt/context_length/512/univariate/Australia_Solar/H/long/run_0/metrics.npz
    Saved config to /fslarge/scratch/users/h61084/codes/evaluating_tsfms/outputs/context_size/tasks/chronos_bolt/context_length/512/univariate/Australia_Solar/H/long/run_0/config.json
    Saved aggregate metrics to /fslarge/scratch/users/h61084/codes/evaluating_tsfms/outputs/context_size/tasks/chronos_bolt/context_length/512/univariate/Australia_Solar/H/long/run_0/metrics_summary.json
    Metrics summary (averaged over all series/windows/variates):
      MSE: 25764211249.9522
      MAE: 83390.4259
      RMSE: 129584.9963
      MAPE: 86.1099
      sMAPE: 0.5946
      MASE: 1.2537
      ND: 0.2868
      CRPS: 0.2382
  Output: /fslarge/scratch/users/h61084/codes/evaluating_tsfms/outputs/context_size/tasks/chronos_bolt/context_length/512/univariate/Australia_Solar/H/long/run_0

============================================================
All experiments completed!
Results saved to: /scratch/users/h61084/codes/evaluating_tsfms/outputs/context_size/tasks
============================================================

############################################################
# All datasets completed!
############################################################

############################################################
# Dataset 1/1: epf_electricity_price/H
############################################################
Loading configuration...

============================================================
Dataset: epf_electricity_price/H
Model: amazon/chronos-bolt-base
Terms: ['short', 'medium', 'long']
Instance normalization: none
============================================================
Loading Chronos-Bolt model: amazon/chronos-bolt-base from /fslarge/scratch/users/h61084/weights/chronos-bolt-base...
[2026-09-20 19:45:40 UTC] resources model_device {"device": "cuda", "model": "chronos_bolt"}

--- Term: short ---
  Config: prediction_length=24, test_length=2520, val_length=2520
  Dataset info:
    - Frequency: H
    - Num series: 5
    - Target dim: 1
    - Target mode: univariate
    - Series length: min=52416, max=52416, avg=52416.0
    - Test split: 2520 steps
    - Prediction length: 24
    - Windows: 105
TIME run allocation action=new run=/fslarge/scratch/users/h61084/codes/evaluating_tsfms/outputs/context_size/tasks/chronos_bolt/context_length/512/univariate/epf_electricity_price/H/short/run_0 launch_id=selena_context_size_20260920T193931Z_45055 slurm_job_id=3506735 launched_at=2026-09-20T19:45:40.797801+00:00
  Preparing input batches from Test split data...
    Total instances to forecast: 525
  Running predictions (Batch size: 16)...
    Processed 160/525...
    Processed 320/525...
    Processed 480/525...
    Total instances: 525, Series during experiment: 5, Windows: 105
    Collecting ground truth and context...
    Organizing data into arrays...
    Saved predictions (quantiles) to /fslarge/scratch/users/h61084/codes/evaluating_tsfms/outputs/context_size/tasks/chronos_bolt/context_length/512/univariate/epf_electricity_price/H/short/run_0/predictions.npz
    Computing per-window metrics...
    Saved metrics to /fslarge/scratch/users/h61084/codes/evaluating_tsfms/outputs/context_size/tasks/chronos_bolt/context_length/512/univariate/epf_electricity_price/H/short/run_0/metrics.npz
    Saved config to /fslarge/scratch/users/h61084/codes/evaluating_tsfms/outputs/context_size/tasks/chronos_bolt/context_length/512/univariate/epf_electricity_price/H/short/run_0/config.json
    Saved aggregate metrics to /fslarge/scratch/users/h61084/codes/evaluating_tsfms/outputs/context_size/tasks/chronos_bolt/context_length/512/univariate/epf_electricity_price/H/short/run_0/metrics_summary.json
    Metrics summary (averaged over all series/windows/variates):
      MSE: 125.4449
      MAE: 6.2151
      RMSE: 7.8060
      MAPE: 1.1765
      sMAPE: 0.1596
      MASE: 0.9713
      ND: 0.1605
      CRPS: 0.1287
  Output: /fslarge/scratch/users/h61084/codes/evaluating_tsfms/outputs/context_size/tasks/chronos_bolt/context_length/512/univariate/epf_electricity_price/H/short/run_0

--- Term: medium ---
  Config: prediction_length=72, test_length=2520, val_length=2520
  Dataset info:
    - Frequency: H
    - Num series: 5
    - Target dim: 1
    - Target mode: univariate
    - Series length: min=52416, max=52416, avg=52416.0
    - Test split: 2520 steps
    - Prediction length: 72
    - Windows: 35
TIME run allocation action=new run=/fslarge/scratch/users/h61084/codes/evaluating_tsfms/outputs/context_size/tasks/chronos_bolt/context_length/512/univariate/epf_electricity_price/H/medium/run_0 launch_id=selena_context_size_20260920T193931Z_45055 slurm_job_id=3506735 launched_at=2026-09-20T19:45:41.764064+00:00
  Preparing input batches from Test split data...
    Total instances to forecast: 175
  Running predictions (Batch size: 16)...
    Processed 160/175...
    Total instances: 175, Series during experiment: 5, Windows: 35
    Collecting ground truth and context...
    Organizing data into arrays...
    Saved predictions (quantiles) to /fslarge/scratch/users/h61084/codes/evaluating_tsfms/outputs/context_size/tasks/chronos_bolt/context_length/512/univariate/epf_electricity_price/H/medium/run_0/predictions.npz
    Computing per-window metrics...
    Saved metrics to /fslarge/scratch/users/h61084/codes/evaluating_tsfms/outputs/context_size/tasks/chronos_bolt/context_length/512/univariate/epf_electricity_price/H/medium/run_0/metrics.npz
    Saved config to /fslarge/scratch/users/h61084/codes/evaluating_tsfms/outputs/context_size/tasks/chronos_bolt/context_length/512/univariate/epf_electricity_price/H/medium/run_0/config.json
    Saved aggregate metrics to /fslarge/scratch/users/h61084/codes/evaluating_tsfms/outputs/context_size/tasks/chronos_bolt/context_length/512/univariate/epf_electricity_price/H/medium/run_0/metrics_summary.json
    Metrics summary (averaged over all series/windows/variates):
      MSE: 189.6834
      MAE: 7.7518
      RMSE: 10.1721
      MAPE: 1.6613
      sMAPE: 0.1947
      MASE: 1.2282
      ND: 0.1896
      CRPS: 0.1530
  Output: /fslarge/scratch/users/h61084/codes/evaluating_tsfms/outputs/context_size/tasks/chronos_bolt/context_length/512/univariate/epf_electricity_price/H/medium/run_0

--- Term: long ---
  Config: prediction_length=168, test_length=2520, val_length=2520
  Dataset info:
    - Frequency: H
    - Num series: 5
    - Target dim: 1
    - Target mode: univariate
    - Series length: min=52416, max=52416, avg=52416.0
    - Test split: 2520 steps
    - Prediction length: 168
    - Windows: 15
TIME run allocation action=new run=/fslarge/scratch/users/h61084/codes/evaluating_tsfms/outputs/context_size/tasks/chronos_bolt/context_length/512/univariate/epf_electricity_price/H/long/run_0 launch_id=selena_context_size_20260920T193931Z_45055 slurm_job_id=3506735 launched_at=2026-09-20T19:45:42.503485+00:00
  Preparing input batches from Test split data...
    Total instances to forecast: 75
  Running predictions (Batch size: 16)...
    Total instances: 75, Series during experiment: 5, Windows: 15
    Collecting ground truth and context...
    Organizing data into arrays...
    Saved predictions (quantiles) to /fslarge/scratch/users/h61084/codes/evaluating_tsfms/outputs/context_size/tasks/chronos_bolt/context_length/512/univariate/epf_electricity_price/H/long/run_0/predictions.npz
    Computing per-window metrics...
    Saved metrics to /fslarge/scratch/users/h61084/codes/evaluating_tsfms/outputs/context_size/tasks/chronos_bolt/context_length/512/univariate/epf_electricity_price/H/long/run_0/metrics.npz
    Saved config to /fslarge/scratch/users/h61084/codes/evaluating_tsfms/outputs/context_size/tasks/chronos_bolt/context_length/512/univariate/epf_electricity_price/H/long/run_0/config.json
    Saved aggregate metrics to /fslarge/scratch/users/h61084/codes/evaluating_tsfms/outputs/context_size/tasks/chronos_bolt/context_length/512/univariate/epf_electricity_price/H/long/run_0/metrics_summary.json
    Metrics summary (averaged over all series/windows/variates):
      MSE: 216.7590
      MAE: 8.5941
      RMSE: 11.9551
      MAPE: 1.6311
      sMAPE: 0.2150
      MASE: 1.4134
      ND: 0.2016
      CRPS: 0.1643
  Output: /fslarge/scratch/users/h61084/codes/evaluating_tsfms/outputs/context_size/tasks/chronos_bolt/context_length/512/univariate/epf_electricity_price/H/long/run_0

============================================================
All experiments completed!
Results saved to: /scratch/users/h61084/codes/evaluating_tsfms/outputs/context_size/tasks
============================================================

############################################################
# All datasets completed!
############################################################

############################################################
# Dataset 1/1: OpenElectricity_NEM/5T
############################################################
Loading configuration...

============================================================
Dataset: OpenElectricity_NEM/5T
Model: amazon/chronos-bolt-base
Terms: ['short', 'medium', 'long']
Instance normalization: none
============================================================
Loading Chronos-Bolt model: amazon/chronos-bolt-base from /fslarge/scratch/users/h61084/weights/chronos-bolt-base...
[2026-09-20 19:45:51 UTC] resources model_device {"device": "cuda", "model": "chronos_bolt"}

--- Term: short ---
  Config: prediction_length=24, test_length=4032, val_length=4032
  Dataset info:
    - Frequency: 5T
    - Num series: 1
    - Target dim: 10
    - Target mode: univariate
    - Series length: min=43488, max=43488, avg=43488.0
    - Test split: 4032 steps
    - Prediction length: 24
    - Windows: 168
TIME run allocation action=new run=/fslarge/scratch/users/h61084/codes/evaluating_tsfms/outputs/context_size/tasks/chronos_bolt/context_length/512/univariate/OpenElectricity_NEM/5T/short/run_0 launch_id=selena_context_size_20260920T193931Z_45055 slurm_job_id=3506735 launched_at=2026-09-20T19:45:52.390607+00:00
  Preparing input batches from Test split data...
    Total instances to forecast: 1680
  Running predictions (Batch size: 16)...
    Processed 160/1680...
    Processed 320/1680...
    Processed 480/1680...
    Processed 640/1680...
    Processed 800/1680...
    Processed 960/1680...
    Processed 1120/1680...
    Processed 1280/1680...
    Processed 1440/1680...
    Processed 1600/1680...
    Total instances: 1680, Series during experiment: 10, Windows: 168
    Collecting ground truth and context...
    Detected to_univariate case: 10 flat series -> 1 series x 10 variates
    Organizing data into arrays...
    Saved predictions (quantiles) to /fslarge/scratch/users/h61084/codes/evaluating_tsfms/outputs/context_size/tasks/chronos_bolt/context_length/512/univariate/OpenElectricity_NEM/5T/short/run_0/predictions.npz
    Computing per-window metrics...
    Saved metrics to /fslarge/scratch/users/h61084/codes/evaluating_tsfms/outputs/context_size/tasks/chronos_bolt/context_length/512/univariate/OpenElectricity_NEM/5T/short/run_0/metrics.npz
    Saved config to /fslarge/scratch/users/h61084/codes/evaluating_tsfms/outputs/context_size/tasks/chronos_bolt/context_length/512/univariate/OpenElectricity_NEM/5T/short/run_0/config.json
    Saved aggregate metrics to /fslarge/scratch/users/h61084/codes/evaluating_tsfms/outputs/context_size/tasks/chronos_bolt/context_length/512/univariate/OpenElectricity_NEM/5T/short/run_0/metrics_summary.json
    Metrics summary (averaged over all series/windows/variates):
      MSE: 32692.1032
      MAE: 90.6828
      RMSE: 106.5685
      MAPE: 5.0576
      sMAPE: 0.1969
      MASE: 0.5854
      ND: 0.1923
      CRPS: 0.1592
  Output: /fslarge/scratch/users/h61084/codes/evaluating_tsfms/outputs/context_size/tasks/chronos_bolt/context_length/512/univariate/OpenElectricity_NEM/5T/short/run_0

--- Term: medium ---
  Config: prediction_length=96, test_length=4032, val_length=4032
  Dataset info:
    - Frequency: 5T
    - Num series: 1
    - Target dim: 10
    - Target mode: univariate
    - Series length: min=43488, max=43488, avg=43488.0
    - Test split: 4032 steps
    - Prediction length: 96
    - Windows: 42
TIME run allocation action=new run=/fslarge/scratch/users/h61084/codes/evaluating_tsfms/outputs/context_size/tasks/chronos_bolt/context_length/512/univariate/OpenElectricity_NEM/5T/medium/run_0 launch_id=selena_context_size_20260920T193931Z_45055 slurm_job_id=3506735 launched_at=2026-09-20T19:45:54.954138+00:00
  Preparing input batches from Test split data...
    Total instances to forecast: 420
  Running predictions (Batch size: 16)...
    Processed 160/420...
    Processed 320/420...
    Total instances: 420, Series during experiment: 10, Windows: 42
    Collecting ground truth and context...
    Detected to_univariate case: 10 flat series -> 1 series x 10 variates
    Organizing data into arrays...
    Saved predictions (quantiles) to /fslarge/scratch/users/h61084/codes/evaluating_tsfms/outputs/context_size/tasks/chronos_bolt/context_length/512/univariate/OpenElectricity_NEM/5T/medium/run_0/predictions.npz
    Computing per-window metrics...
    Saved metrics to /fslarge/scratch/users/h61084/codes/evaluating_tsfms/outputs/context_size/tasks/chronos_bolt/context_length/512/univariate/OpenElectricity_NEM/5T/medium/run_0/metrics.npz
    Saved config to /fslarge/scratch/users/h61084/codes/evaluating_tsfms/outputs/context_size/tasks/chronos_bolt/context_length/512/univariate/OpenElectricity_NEM/5T/medium/run_0/config.json
    Saved aggregate metrics to /fslarge/scratch/users/h61084/codes/evaluating_tsfms/outputs/context_size/tasks/chronos_bolt/context_length/512/univariate/OpenElectricity_NEM/5T/medium/run_0/metrics_summary.json
    Metrics summary (averaged over all series/windows/variates):
      MSE: 183981.2570
      MAE: 203.1519
      RMSE: 254.1968
      MAPE: 7.2490
      sMAPE: 0.2983
      MASE: 1.0659
      ND: 0.3007
      CRPS: 0.2430
  Output: /fslarge/scratch/users/h61084/codes/evaluating_tsfms/outputs/context_size/tasks/chronos_bolt/context_length/512/univariate/OpenElectricity_NEM/5T/medium/run_0

--- Term: long ---
  Config: prediction_length=288, test_length=4032, val_length=4032
  Dataset info:
    - Frequency: 5T
    - Num series: 1
    - Target dim: 10
    - Target mode: univariate
    - Series length: min=43488, max=43488, avg=43488.0
    - Test split: 4032 steps
    - Prediction length: 288
    - Windows: 14
TIME run allocation action=new run=/fslarge/scratch/users/h61084/codes/evaluating_tsfms/outputs/context_size/tasks/chronos_bolt/context_length/512/univariate/OpenElectricity_NEM/5T/long/run_0 launch_id=selena_context_size_20260920T193931Z_45055 slurm_job_id=3506735 launched_at=2026-09-20T19:45:56.733169+00:00
  Preparing input batches from Test split data...
    Total instances to forecast: 140
  Running predictions (Batch size: 16)...
    Total instances: 140, Series during experiment: 10, Windows: 14
    Collecting ground truth and context...
    Detected to_univariate case: 10 flat series -> 1 series x 10 variates
    Organizing data into arrays...
    Saved predictions (quantiles) to /fslarge/scratch/users/h61084/codes/evaluating_tsfms/outputs/context_size/tasks/chronos_bolt/context_length/512/univariate/OpenElectricity_NEM/5T/long/run_0/predictions.npz
    Computing per-window metrics...
    Saved metrics to /fslarge/scratch/users/h61084/codes/evaluating_tsfms/outputs/context_size/tasks/chronos_bolt/context_length/512/univariate/OpenElectricity_NEM/5T/long/run_0/metrics.npz
    Saved config to /fslarge/scratch/users/h61084/codes/evaluating_tsfms/outputs/context_size/tasks/chronos_bolt/context_length/512/univariate/OpenElectricity_NEM/5T/long/run_0/config.json
    Saved aggregate metrics to /fslarge/scratch/users/h61084/codes/evaluating_tsfms/outputs/context_size/tasks/chronos_bolt/context_length/512/univariate/OpenElectricity_NEM/5T/long/run_0/metrics_summary.json
    Metrics summary (averaged over all series/windows/variates):
      MSE: 263171.4759
      MAE: 256.6771
      RMSE: 327.8840
      MAPE: 6.1450
      sMAPE: 0.3980
      MASE: 1.3542
      ND: 0.3344
      CRPS: 0.2717
  Output: /fslarge/scratch/users/h61084/codes/evaluating_tsfms/outputs/context_size/tasks/chronos_bolt/context_length/512/univariate/OpenElectricity_NEM/5T/long/run_0

============================================================
All experiments completed!
Results saved to: /scratch/users/h61084/codes/evaluating_tsfms/outputs/context_size/tasks
============================================================

############################################################
# All datasets completed!
############################################################

############################################################
# Dataset 1/1: EWELD_Load/15T
############################################################
Loading configuration...

============================================================
Dataset: EWELD_Load/15T
Model: amazon/chronos-bolt-base
Terms: ['short', 'medium', 'long']
Instance normalization: none
============================================================
Loading Chronos-Bolt model: amazon/chronos-bolt-base from /fslarge/scratch/users/h61084/weights/chronos-bolt-base...
[2026-09-20 19:46:07 UTC] resources model_device {"device": "cuda", "model": "chronos_bolt"}

--- Term: short ---
  Config: prediction_length=24, test_length=1344, val_length=1344
  Dataset info:
    - Frequency: 15T
    - Num series: 1
    - Target dim: 10
    - Target mode: univariate
    - Series length: min=20544, max=20544, avg=20544.0
    - Test split: 1344 steps
    - Prediction length: 24
    - Windows: 56
TIME run allocation action=new run=/fslarge/scratch/users/h61084/codes/evaluating_tsfms/outputs/context_size/tasks/chronos_bolt/context_length/512/univariate/EWELD_Load/15T/short/run_0 launch_id=selena_context_size_20260920T193931Z_45055 slurm_job_id=3506735 launched_at=2026-09-20T19:46:08.087488+00:00
  Preparing input batches from Test split data...
    Total instances to forecast: 560
  Running predictions (Batch size: 16)...
    Processed 160/560...
    Processed 320/560...
    Processed 480/560...
    Total instances: 560, Series during experiment: 10, Windows: 56
    Collecting ground truth and context...
    Detected to_univariate case: 10 flat series -> 1 series x 10 variates
    Organizing data into arrays...
    Saved predictions (quantiles) to /fslarge/scratch/users/h61084/codes/evaluating_tsfms/outputs/context_size/tasks/chronos_bolt/context_length/512/univariate/EWELD_Load/15T/short/run_0/predictions.npz
    Computing per-window metrics...
    Saved metrics to /fslarge/scratch/users/h61084/codes/evaluating_tsfms/outputs/context_size/tasks/chronos_bolt/context_length/512/univariate/EWELD_Load/15T/short/run_0/metrics.npz
    Saved config to /fslarge/scratch/users/h61084/codes/evaluating_tsfms/outputs/context_size/tasks/chronos_bolt/context_length/512/univariate/EWELD_Load/15T/short/run_0/config.json
    Saved aggregate metrics to /fslarge/scratch/users/h61084/codes/evaluating_tsfms/outputs/context_size/tasks/chronos_bolt/context_length/512/univariate/EWELD_Load/15T/short/run_0/metrics_summary.json
    Metrics summary (averaged over all series/windows/variates):
      MSE: 1359.2056
      MAE: 14.5583
      RMSE: 17.9427
      MAPE: 0.3872
      sMAPE: 0.3184
      MASE: 0.6343
      ND: 0.4737
      CRPS: 0.4258
  Output: /fslarge/scratch/users/h61084/codes/evaluating_tsfms/outputs/context_size/tasks/chronos_bolt/context_length/512/univariate/EWELD_Load/15T/short/run_0

--- Term: medium ---
  Config: prediction_length=96, test_length=1344, val_length=1344
  Dataset info:
    - Frequency: 15T
    - Num series: 1
    - Target dim: 10
    - Target mode: univariate
    - Series length: min=20544, max=20544, avg=20544.0
    - Test split: 1344 steps
    - Prediction length: 96
    - Windows: 14
TIME run allocation action=new run=/fslarge/scratch/users/h61084/codes/evaluating_tsfms/outputs/context_size/tasks/chronos_bolt/context_length/512/univariate/EWELD_Load/15T/medium/run_0 launch_id=selena_context_size_20260920T193931Z_45055 slurm_job_id=3506735 launched_at=2026-09-20T19:46:09.068061+00:00
  Preparing input batches from Test split data...
    Total instances to forecast: 140
  Running predictions (Batch size: 16)...
    Total instances: 140, Series during experiment: 10, Windows: 14
    Collecting ground truth and context...
    Detected to_univariate case: 10 flat series -> 1 series x 10 variates
    Organizing data into arrays...
    Saved predictions (quantiles) to /fslarge/scratch/users/h61084/codes/evaluating_tsfms/outputs/context_size/tasks/chronos_bolt/context_length/512/univariate/EWELD_Load/15T/medium/run_0/predictions.npz
    Computing per-window metrics...
    Saved metrics to /fslarge/scratch/users/h61084/codes/evaluating_tsfms/outputs/context_size/tasks/chronos_bolt/context_length/512/univariate/EWELD_Load/15T/medium/run_0/metrics.npz
    Saved config to /fslarge/scratch/users/h61084/codes/evaluating_tsfms/outputs/context_size/tasks/chronos_bolt/context_length/512/univariate/EWELD_Load/15T/medium/run_0/config.json
    Saved aggregate metrics to /fslarge/scratch/users/h61084/codes/evaluating_tsfms/outputs/context_size/tasks/chronos_bolt/context_length/512/univariate/EWELD_Load/15T/medium/run_0/metrics_summary.json
    Metrics summary (averaged over all series/windows/variates):
      MSE: 1615.5998
      MAE: 16.4936
      RMSE: 21.5921
      MAPE: 0.4471
      sMAPE: 0.3526
      MASE: 0.7609
      ND: 0.2498
      CRPS: 0.2008
  Output: /fslarge/scratch/users/h61084/codes/evaluating_tsfms/outputs/context_size/tasks/chronos_bolt/context_length/512/univariate/EWELD_Load/15T/medium/run_0

--- Term: long ---
  Config: prediction_length=672, test_length=1344, val_length=1344
  Dataset info:
    - Frequency: 15T
    - Num series: 1
    - Target dim: 10
    - Target mode: univariate
    - Series length: min=20544, max=20544, avg=20544.0
    - Test split: 1344 steps
    - Prediction length: 672
    - Windows: 2
TIME run allocation action=new run=/fslarge/scratch/users/h61084/codes/evaluating_tsfms/outputs/context_size/tasks/chronos_bolt/context_length/512/univariate/EWELD_Load/15T/long/run_0 launch_id=selena_context_size_20260920T193931Z_45055 slurm_job_id=3506735 launched_at=2026-09-20T19:46:09.699463+00:00
  Preparing input batches from Test split data...
    Total instances to forecast: 20
  Running predictions (Batch size: 16)...
    Total instances: 20, Series during experiment: 10, Windows: 2
    Collecting ground truth and context...
    Detected to_univariate case: 10 flat series -> 1 series x 10 variates
    Organizing data into arrays...
    Saved predictions (quantiles) to /fslarge/scratch/users/h61084/codes/evaluating_tsfms/outputs/context_size/tasks/chronos_bolt/context_length/512/univariate/EWELD_Load/15T/long/run_0/predictions.npz
    Computing per-window metrics...
    Saved metrics to /fslarge/scratch/users/h61084/codes/evaluating_tsfms/outputs/context_size/tasks/chronos_bolt/context_length/512/univariate/EWELD_Load/15T/long/run_0/metrics.npz
    Saved config to /fslarge/scratch/users/h61084/codes/evaluating_tsfms/outputs/context_size/tasks/chronos_bolt/context_length/512/univariate/EWELD_Load/15T/long/run_0/config.json
    Saved aggregate metrics to /fslarge/scratch/users/h61084/codes/evaluating_tsfms/outputs/context_size/tasks/chronos_bolt/context_length/512/univariate/EWELD_Load/15T/long/run_0/metrics_summary.json
    Metrics summary (averaged over all series/windows/variates):
      MSE: 1481.2954
      MAE: 16.6098
      RMSE: 22.2730
      MAPE: 0.5126
      sMAPE: 0.3741
      MASE: 0.8115
      ND: 0.2571
      CRPS: 0.2165
  Output: /fslarge/scratch/users/h61084/codes/evaluating_tsfms/outputs/context_size/tasks/chronos_bolt/context_length/512/univariate/EWELD_Load/15T/long/run_0

============================================================
All experiments completed!
Results saved to: /scratch/users/h61084/codes/evaluating_tsfms/outputs/context_size/tasks
============================================================

############################################################
# All datasets completed!
############################################################

############################################################
# Dataset 1/1: SG_Carpark/15T
############################################################
Loading configuration...

============================================================
Dataset: SG_Carpark/15T
Model: amazon/chronos-bolt-base
Terms: ['short', 'medium', 'long']
Instance normalization: none
============================================================
Loading Chronos-Bolt model: amazon/chronos-bolt-base from /fslarge/scratch/users/h61084/weights/chronos-bolt-base...
[2026-09-20 19:46:19 UTC] resources model_device {"device": "cuda", "model": "chronos_bolt"}

--- Term: short ---
  Config: prediction_length=16, test_length=672, val_length=672
  Dataset info:
    - Frequency: 15T
    - Num series: 354
    - Target dim: 1
    - Target mode: univariate
    - Series length: min=14495, max=14495, avg=14495.0
    - Test split: 672 steps
    - Prediction length: 16
    - Windows: 42
TIME run allocation action=new run=/fslarge/scratch/users/h61084/codes/evaluating_tsfms/outputs/context_size/tasks/chronos_bolt/context_length/512/univariate/SG_Carpark/15T/short/run_0 launch_id=selena_context_size_20260920T193931Z_45055 slurm_job_id=3506735 launched_at=2026-09-20T19:46:19.785220+00:00
  Preparing input batches from Test split data...
    Total instances to forecast: 14868
  Running predictions (Batch size: 16)...
    Processed 160/14868...
    Processed 320/14868...
    Processed 480/14868...
    Processed 640/14868...
    Processed 800/14868...
    Processed 960/14868...
    Processed 1120/14868...
    Processed 1280/14868...
    Processed 1440/14868...
    Processed 1600/14868...
    Processed 1760/14868...
    Processed 1920/14868...
    Processed 2080/14868...
    Processed 2240/14868...
    Processed 2400/14868...
    Processed 2560/14868...
    Processed 2720/14868...
    Processed 2880/14868...
    Processed 3040/14868...
    Processed 3200/14868...
    Processed 3360/14868...
    Processed 3520/14868...
    Processed 3680/14868...
    Processed 3840/14868...
    Processed 4000/14868...
    Processed 4160/14868...
    Processed 4320/14868...
    Processed 4480/14868...
    Processed 4640/14868...
    Processed 4800/14868...
    Processed 4960/14868...
    Processed 5120/14868...
    Processed 5280/14868...
    Processed 5440/14868...
    Processed 5600/14868...
    Processed 5760/14868...
    Processed 5920/14868...
    Processed 6080/14868...
    Processed 6240/14868...
    Processed 6400/14868...
    Processed 6560/14868...
    Processed 6720/14868...
    Processed 6880/14868...
    Processed 7040/14868...
    Processed 7200/14868...
    Processed 7360/14868...
    Processed 7520/14868...
    Processed 7680/14868...
    Processed 7840/14868...
    Processed 8000/14868...
    Processed 8160/14868...
    Processed 8320/14868...
    Processed 8480/14868...
    Processed 8640/14868...
    Processed 8800/14868...
    Processed 8960/14868...
    Processed 9120/14868...
    Processed 9280/14868...
    Processed 9440/14868...
    Processed 9600/14868...
    Processed 9760/14868...
    Processed 9920/14868...
    Processed 10080/14868...
    Processed 10240/14868...
    Processed 10400/14868...
    Processed 10560/14868...
    Processed 10720/14868...
    Processed 10880/14868...
    Processed 11040/14868...
    Processed 11200/14868...
    Processed 11360/14868...
    Processed 11520/14868...
    Processed 11680/14868...
    Processed 11840/14868...
    Processed 12000/14868...
    Processed 12160/14868...
    Processed 12320/14868...
    Processed 12480/14868...
    Processed 12640/14868...
    Processed 12800/14868...
    Processed 12960/14868...
    Processed 13120/14868...
    Processed 13280/14868...
    Processed 13440/14868...
    Processed 13600/14868...
    Processed 13760/14868...
    Processed 13920/14868...
    Processed 14080/14868...
    Processed 14240/14868...
    Processed 14400/14868...
    Processed 14560/14868...
    Processed 14720/14868...
    Processed 14868/14868...
    Total instances: 14868, Series during experiment: 354, Windows: 42
    Collecting ground truth and context...
    Organizing data into arrays...
    Saved predictions (quantiles) to /fslarge/scratch/users/h61084/codes/evaluating_tsfms/outputs/context_size/tasks/chronos_bolt/context_length/512/univariate/SG_Carpark/15T/short/run_0/predictions.npz
    Computing per-window metrics...
    Saved metrics to /fslarge/scratch/users/h61084/codes/evaluating_tsfms/outputs/context_size/tasks/chronos_bolt/context_length/512/univariate/SG_Carpark/15T/short/run_0/metrics.npz
    Saved config to /fslarge/scratch/users/h61084/codes/evaluating_tsfms/outputs/context_size/tasks/chronos_bolt/context_length/512/univariate/SG_Carpark/15T/short/run_0/config.json
    Saved aggregate metrics to /fslarge/scratch/users/h61084/codes/evaluating_tsfms/outputs/context_size/tasks/chronos_bolt/context_length/512/univariate/SG_Carpark/15T/short/run_0/metrics_summary.json
    Metrics summary (averaged over all series/windows/variates):
      MSE: 254.3038
      MAE: 6.8070
      RMSE: 8.4782
      MAPE: 0.0438
      sMAPE: 0.0520
      MASE: 0.4678
      ND: 0.0431
      CRPS: 0.0340
  Output: /fslarge/scratch/users/h61084/codes/evaluating_tsfms/outputs/context_size/tasks/chronos_bolt/context_length/512/univariate/SG_Carpark/15T/short/run_0

--- Term: medium ---
  Config: prediction_length=96, test_length=672, val_length=672
  Dataset info:
    - Frequency: 15T
    - Num series: 354
    - Target dim: 1
    - Target mode: univariate
    - Series length: min=14495, max=14495, avg=14495.0
    - Test split: 672 steps
    - Prediction length: 96
    - Windows: 7
TIME run allocation action=new run=/fslarge/scratch/users/h61084/codes/evaluating_tsfms/outputs/context_size/tasks/chronos_bolt/context_length/512/univariate/SG_Carpark/15T/medium/run_0 launch_id=selena_context_size_20260920T193931Z_45055 slurm_job_id=3506735 launched_at=2026-09-20T19:46:38.221111+00:00
  Preparing input batches from Test split data...
    Total instances to forecast: 2478
  Running predictions (Batch size: 16)...
    Processed 160/2478...
    Processed 320/2478...
    Processed 480/2478...
    Processed 640/2478...
    Processed 800/2478...
    Processed 960/2478...
    Processed 1120/2478...
    Processed 1280/2478...
    Processed 1440/2478...
    Processed 1600/2478...
    Processed 1760/2478...
    Processed 1920/2478...
    Processed 2080/2478...
    Processed 2240/2478...
    Processed 2400/2478...
    Total instances: 2478, Series during experiment: 354, Windows: 7
    Collecting ground truth and context...
    Organizing data into arrays...
    Saved predictions (quantiles) to /fslarge/scratch/users/h61084/codes/evaluating_tsfms/outputs/context_size/tasks/chronos_bolt/context_length/512/univariate/SG_Carpark/15T/medium/run_0/predictions.npz
    Computing per-window metrics...
    Saved metrics to /fslarge/scratch/users/h61084/codes/evaluating_tsfms/outputs/context_size/tasks/chronos_bolt/context_length/512/univariate/SG_Carpark/15T/medium/run_0/metrics.npz
    Saved config to /fslarge/scratch/users/h61084/codes/evaluating_tsfms/outputs/context_size/tasks/chronos_bolt/context_length/512/univariate/SG_Carpark/15T/medium/run_0/config.json
    Saved aggregate metrics to /fslarge/scratch/users/h61084/codes/evaluating_tsfms/outputs/context_size/tasks/chronos_bolt/context_length/512/univariate/SG_Carpark/15T/medium/run_0/metrics_summary.json
    Metrics summary (averaged over all series/windows/variates):
      MSE: 563.3703
      MAE: 10.9760
      RMSE: 14.7500
      MAPE: 0.0710
      sMAPE: 0.0698
      MASE: 0.7250
      ND: 0.0603
      CRPS: 0.0478
  Output: /fslarge/scratch/users/h61084/codes/evaluating_tsfms/outputs/context_size/tasks/chronos_bolt/context_length/512/univariate/SG_Carpark/15T/medium/run_0

--- Term: long ---
  Config: prediction_length=672, test_length=672, val_length=672
  Dataset info:
    - Frequency: 15T
    - Num series: 354
    - Target dim: 1
    - Target mode: univariate
    - Series length: min=14495, max=14495, avg=14495.0
    - Test split: 672 steps
    - Prediction length: 672
    - Windows: 1
TIME run allocation action=new run=/fslarge/scratch/users/h61084/codes/evaluating_tsfms/outputs/context_size/tasks/chronos_bolt/context_length/512/univariate/SG_Carpark/15T/long/run_0 launch_id=selena_context_size_20260920T193931Z_45055 slurm_job_id=3506735 launched_at=2026-09-20T19:46:47.672883+00:00
  Preparing input batches from Test split data...
    Total instances to forecast: 354
  Running predictions (Batch size: 16)...
    Processed 160/354...
    Processed 320/354...
    Total instances: 354, Series during experiment: 354, Windows: 1
    Collecting ground truth and context...
    Organizing data into arrays...
    Saved predictions (quantiles) to /fslarge/scratch/users/h61084/codes/evaluating_tsfms/outputs/context_size/tasks/chronos_bolt/context_length/512/univariate/SG_Carpark/15T/long/run_0/predictions.npz
    Computing per-window metrics...
    Saved metrics to /fslarge/scratch/users/h61084/codes/evaluating_tsfms/outputs/context_size/tasks/chronos_bolt/context_length/512/univariate/SG_Carpark/15T/long/run_0/metrics.npz
    Saved config to /fslarge/scratch/users/h61084/codes/evaluating_tsfms/outputs/context_size/tasks/chronos_bolt/context_length/512/univariate/SG_Carpark/15T/long/run_0/config.json
    Saved aggregate metrics to /fslarge/scratch/users/h61084/codes/evaluating_tsfms/outputs/context_size/tasks/chronos_bolt/context_length/512/univariate/SG_Carpark/15T/long/run_0/metrics_summary.json
    Metrics summary (averaged over all series/windows/variates):
      MSE: 1030.6339
      MAE: 15.5927
      RMSE: 21.4010
      MAPE: 0.0909
      sMAPE: 0.0871
      MASE: 0.9956
      ND: 0.0806
      CRPS: 0.0667
  Output: /fslarge/scratch/users/h61084/codes/evaluating_tsfms/outputs/context_size/tasks/chronos_bolt/context_length/512/univariate/SG_Carpark/15T/long/run_0

============================================================
All experiments completed!
Results saved to: /scratch/users/h61084/codes/evaluating_tsfms/outputs/context_size/tasks
============================================================

############################################################
# All datasets completed!
############################################################

############################################################
# Dataset 1/1: Finland_Traffic/15T
############################################################
Loading configuration...

============================================================
Dataset: Finland_Traffic/15T
Model: amazon/chronos-bolt-base
Terms: ['short', 'medium', 'long']
Instance normalization: none
============================================================
Loading Chronos-Bolt model: amazon/chronos-bolt-base from /fslarge/scratch/users/h61084/weights/chronos-bolt-base...
[2026-09-20 19:47:10 UTC] resources model_device {"device": "cuda", "model": "chronos_bolt"}

--- Term: short ---
  Config: prediction_length=16, test_length=2976, val_length=2880
  Dataset info:
    - Frequency: 15T
    - Num series: 1
    - Target dim: 1
    - Target mode: univariate
    - Series length: min=35136, max=35136, avg=35136.0
    - Test split: 2976 steps
    - Prediction length: 16
    - Windows: 186
TIME run allocation action=new run=/fslarge/scratch/users/h61084/codes/evaluating_tsfms/outputs/context_size/tasks/chronos_bolt/context_length/512/univariate/Finland_Traffic/15T/short/run_0 launch_id=selena_context_size_20260920T193931Z_45055 slurm_job_id=3506735 launched_at=2026-09-20T19:47:11.235906+00:00
  Preparing input batches from Test split data...
    Total instances to forecast: 186
  Running predictions (Batch size: 16)...
    Processed 160/186...
    Total instances: 186, Series during experiment: 1, Windows: 186
    Collecting ground truth and context...
    Organizing data into arrays...
    Saved predictions (quantiles) to /fslarge/scratch/users/h61084/codes/evaluating_tsfms/outputs/context_size/tasks/chronos_bolt/context_length/512/univariate/Finland_Traffic/15T/short/run_0/predictions.npz
    Computing per-window metrics...
    Saved metrics to /fslarge/scratch/users/h61084/codes/evaluating_tsfms/outputs/context_size/tasks/chronos_bolt/context_length/512/univariate/Finland_Traffic/15T/short/run_0/metrics.npz
    Saved config to /fslarge/scratch/users/h61084/codes/evaluating_tsfms/outputs/context_size/tasks/chronos_bolt/context_length/512/univariate/Finland_Traffic/15T/short/run_0/config.json
    Saved aggregate metrics to /fslarge/scratch/users/h61084/codes/evaluating_tsfms/outputs/context_size/tasks/chronos_bolt/context_length/512/univariate/Finland_Traffic/15T/short/run_0/metrics_summary.json
    Metrics summary (averaged over all series/windows/variates):
      MSE: 1741.0508
      MAE: 25.0021
      RMSE: 29.8415
      MAPE: 0.2931
      sMAPE: 0.2541
      MASE: 0.6072
      ND: 0.2774
      CRPS: 0.2281
  Output: /fslarge/scratch/users/h61084/codes/evaluating_tsfms/outputs/context_size/tasks/chronos_bolt/context_length/512/univariate/Finland_Traffic/15T/short/run_0

--- Term: medium ---
  Config: prediction_length=96, test_length=2976, val_length=2880
  Dataset info:
    - Frequency: 15T
    - Num series: 1
    - Target dim: 1
    - Target mode: univariate
    - Series length: min=35136, max=35136, avg=35136.0
    - Test split: 2976 steps
    - Prediction length: 96
    - Windows: 31
TIME run allocation action=new run=/fslarge/scratch/users/h61084/codes/evaluating_tsfms/outputs/context_size/tasks/chronos_bolt/context_length/512/univariate/Finland_Traffic/15T/medium/run_0 launch_id=selena_context_size_20260920T193931Z_45055 slurm_job_id=3506735 launched_at=2026-09-20T19:47:11.721131+00:00
  Preparing input batches from Test split data...
    Total instances to forecast: 31
  Running predictions (Batch size: 16)...
    Total instances: 31, Series during experiment: 1, Windows: 31
    Collecting ground truth and context...
    Organizing data into arrays...
    Saved predictions (quantiles) to /fslarge/scratch/users/h61084/codes/evaluating_tsfms/outputs/context_size/tasks/chronos_bolt/context_length/512/univariate/Finland_Traffic/15T/medium/run_0/predictions.npz
    Computing per-window metrics...
    Saved metrics to /fslarge/scratch/users/h61084/codes/evaluating_tsfms/outputs/context_size/tasks/chronos_bolt/context_length/512/univariate/Finland_Traffic/15T/medium/run_0/metrics.npz
    Saved config to /fslarge/scratch/users/h61084/codes/evaluating_tsfms/outputs/context_size/tasks/chronos_bolt/context_length/512/univariate/Finland_Traffic/15T/medium/run_0/config.json
    Saved aggregate metrics to /fslarge/scratch/users/h61084/codes/evaluating_tsfms/outputs/context_size/tasks/chronos_bolt/context_length/512/univariate/Finland_Traffic/15T/medium/run_0/metrics_summary.json
    Metrics summary (averaged over all series/windows/variates):
      MSE: 2626.5824
      MAE: 33.0035
      RMSE: 46.2191
      MAPE: 0.3596
      sMAPE: 0.2942
      MASE: 0.8015
      ND: 0.2634
      CRPS: 0.2108
  Output: /fslarge/scratch/users/h61084/codes/evaluating_tsfms/outputs/context_size/tasks/chronos_bolt/context_length/512/univariate/Finland_Traffic/15T/medium/run_0

--- Term: long ---
  Config: prediction_length=672, test_length=2976, val_length=2880
  Dataset info:
    - Frequency: 15T
    - Num series: 1
    - Target dim: 1
    - Target mode: univariate
    - Series length: min=35136, max=35136, avg=35136.0
    - Test split: 2976 steps
    - Prediction length: 672
    - Windows: 4
TIME run allocation action=new run=/fslarge/scratch/users/h61084/codes/evaluating_tsfms/outputs/context_size/tasks/chronos_bolt/context_length/512/univariate/Finland_Traffic/15T/long/run_0 launch_id=selena_context_size_20260920T193931Z_45055 slurm_job_id=3506735 launched_at=2026-09-20T19:47:11.898558+00:00
  Preparing input batches from Test split data...
    Total instances to forecast: 4
  Running predictions (Batch size: 16)...
    Total instances: 4, Series during experiment: 1, Windows: 4
    Collecting ground truth and context...
    Organizing data into arrays...
    Saved predictions (quantiles) to /fslarge/scratch/users/h61084/codes/evaluating_tsfms/outputs/context_size/tasks/chronos_bolt/context_length/512/univariate/Finland_Traffic/15T/long/run_0/predictions.npz
    Computing per-window metrics...
    Saved metrics to /fslarge/scratch/users/h61084/codes/evaluating_tsfms/outputs/context_size/tasks/chronos_bolt/context_length/512/univariate/Finland_Traffic/15T/long/run_0/metrics.npz
    Saved config to /fslarge/scratch/users/h61084/codes/evaluating_tsfms/outputs/context_size/tasks/chronos_bolt/context_length/512/univariate/Finland_Traffic/15T/long/run_0/config.json
    Saved aggregate metrics to /fslarge/scratch/users/h61084/codes/evaluating_tsfms/outputs/context_size/tasks/chronos_bolt/context_length/512/univariate/Finland_Traffic/15T/long/run_0/metrics_summary.json
    Metrics summary (averaged over all series/windows/variates):
      MSE: 2146.2911
      MAE: 29.3896
      RMSE: 45.6343
      MAPE: 0.3652
      sMAPE: 0.2635
      MASE: 0.7125
      ND: 0.2256
      CRPS: 0.1866
  Output: /fslarge/scratch/users/h61084/codes/evaluating_tsfms/outputs/context_size/tasks/chronos_bolt/context_length/512/univariate/Finland_Traffic/15T/long/run_0

============================================================
All experiments completed!
Results saved to: /scratch/users/h61084/codes/evaluating_tsfms/outputs/context_size/tasks
============================================================

############################################################
# All datasets completed!
############################################################

############################################################
# Dataset 1/1: Port_Activity/D
############################################################
Loading configuration...

============================================================
Dataset: Port_Activity/D
Model: amazon/chronos-bolt-base
Terms: ['short']
Instance normalization: none
============================================================
Loading Chronos-Bolt model: amazon/chronos-bolt-base from /fslarge/scratch/users/h61084/weights/chronos-bolt-base...
[2026-09-20 19:47:21 UTC] resources model_device {"device": "cuda", "model": "chronos_bolt"}

--- Term: short ---
  Config: prediction_length=30, test_length=365, val_length=90
  Dataset info:
    - Frequency: D
    - Num series: 99
    - Target dim: 2
    - Target mode: univariate
    - Series length: min=2127, max=2127, avg=2127.0
    - Test split: 365 steps
    - Prediction length: 30
    - Windows: 12
TIME run allocation action=new run=/fslarge/scratch/users/h61084/codes/evaluating_tsfms/outputs/context_size/tasks/chronos_bolt/context_length/512/univariate/Port_Activity/D/short/run_0 launch_id=selena_context_size_20260920T193931Z_45055 slurm_job_id=3506735 launched_at=2026-09-20T19:47:22.970240+00:00
  Preparing input batches from Test split data...
    Total instances to forecast: 2376
  Running predictions (Batch size: 16)...
    Processed 160/2376...
    Processed 320/2376...
    Processed 480/2376...
    Processed 640/2376...
    Processed 800/2376...
    Processed 960/2376...
    Processed 1120/2376...
    Processed 1280/2376...
    Processed 1440/2376...
    Processed 1600/2376...
    Processed 1760/2376...
    Processed 1920/2376...
    Processed 2080/2376...
    Processed 2240/2376...
    Total instances: 2376, Series during experiment: 198, Windows: 12
    Collecting ground truth and context...
    Detected to_univariate case: 198 flat series -> 99 series x 2 variates
    Organizing data into arrays...
    ⚠️  Predictions max value (546431.31) exceeds float16 safe range.
    ⚠️  Applying scale factor: 10 (values will be divided)
    Saved predictions (quantiles) to /fslarge/scratch/users/h61084/codes/evaluating_tsfms/outputs/context_size/tasks/chronos_bolt/context_length/512/univariate/Port_Activity/D/short/run_0/predictions.npz
    Computing per-window metrics...
    Saved metrics to /fslarge/scratch/users/h61084/codes/evaluating_tsfms/outputs/context_size/tasks/chronos_bolt/context_length/512/univariate/Port_Activity/D/short/run_0/metrics.npz
    Saved config to /fslarge/scratch/users/h61084/codes/evaluating_tsfms/outputs/context_size/tasks/chronos_bolt/context_length/512/univariate/Port_Activity/D/short/run_0/config.json
    Saved aggregate metrics to /fslarge/scratch/users/h61084/codes/evaluating_tsfms/outputs/context_size/tasks/chronos_bolt/context_length/512/univariate/Port_Activity/D/short/run_0/metrics_summary.json
    Metrics summary (averaged over all series/windows/variates):
      MSE: 957545351.6266
      MAE: 15498.7295
      RMSE: 21289.4372
      MAPE: 2.6727
      sMAPE: 0.9496
      MASE: 0.6631
      ND: 0.7425
      CRPS: 0.5967
  Output: /fslarge/scratch/users/h61084/codes/evaluating_tsfms/outputs/context_size/tasks/chronos_bolt/context_length/512/univariate/Port_Activity/D/short/run_0

============================================================
All experiments completed!
Results saved to: /scratch/users/h61084/codes/evaluating_tsfms/outputs/context_size/tasks
============================================================

############################################################
# All datasets completed!
############################################################

############################################################
# Dataset 1/1: Port_Activity/W
############################################################
Loading configuration...

============================================================
Dataset: Port_Activity/W
Model: amazon/chronos-bolt-base
Terms: ['short']
Instance normalization: none
============================================================
Loading Chronos-Bolt model: amazon/chronos-bolt-base from /fslarge/scratch/users/h61084/weights/chronos-bolt-base...
[2026-09-20 19:47:34 UTC] resources model_device {"device": "cuda", "model": "chronos_bolt"}

--- Term: short ---
  Config: prediction_length=13, test_length=52, val_length=13
  Dataset info:
    - Frequency: W
    - Num series: 99
    - Target dim: 2
    - Target mode: univariate
    - Series length: min=304, max=304, avg=304.0
    - Test split: 52 steps
    - Prediction length: 13
    - Windows: 4
TIME run allocation action=new run=/fslarge/scratch/users/h61084/codes/evaluating_tsfms/outputs/context_size/tasks/chronos_bolt/context_length/512/univariate/Port_Activity/W/short/run_0 launch_id=selena_context_size_20260920T193931Z_45055 slurm_job_id=3506735 launched_at=2026-09-20T19:47:35.336102+00:00
  Preparing input batches from Test split data...
    Total instances to forecast: 792
  Running predictions (Batch size: 16)...
    Processed 160/792...
    Processed 320/792...
    Processed 480/792...
    Processed 640/792...
    Processed 792/792...
    Total instances: 792, Series during experiment: 198, Windows: 4
    Collecting ground truth and context...
    Detected to_univariate case: 198 flat series -> 99 series x 2 variates
    Organizing data into arrays...
    ⚠️  Predictions max value (3002587.50) exceeds float16 safe range.
    ⚠️  Applying scale factor: 100 (values will be divided)
    Saved predictions (quantiles) to /fslarge/scratch/users/h61084/codes/evaluating_tsfms/outputs/context_size/tasks/chronos_bolt/context_length/512/univariate/Port_Activity/W/short/run_0/predictions.npz
    Computing per-window metrics...
    Saved metrics to /fslarge/scratch/users/h61084/codes/evaluating_tsfms/outputs/context_size/tasks/chronos_bolt/context_length/512/univariate/Port_Activity/W/short/run_0/metrics.npz
    Saved config to /fslarge/scratch/users/h61084/codes/evaluating_tsfms/outputs/context_size/tasks/chronos_bolt/context_length/512/univariate/Port_Activity/W/short/run_0/config.json
    Saved aggregate metrics to /fslarge/scratch/users/h61084/codes/evaluating_tsfms/outputs/context_size/tasks/chronos_bolt/context_length/512/univariate/Port_Activity/W/short/run_0/metrics_summary.json
    Metrics summary (averaged over all series/windows/variates):
      MSE: 5952594017.6567
      MAE: 43928.4210
      RMSE: 53759.6599
      MAPE: 0.6903
      sMAPE: 0.3411
      MASE: 0.7834
      ND: 0.3434
      CRPS: 0.2671
  Output: /fslarge/scratch/users/h61084/codes/evaluating_tsfms/outputs/context_size/tasks/chronos_bolt/context_length/512/univariate/Port_Activity/W/short/run_0

============================================================
All experiments completed!
Results saved to: /scratch/users/h61084/codes/evaluating_tsfms/outputs/context_size/tasks
============================================================

############################################################
# All datasets completed!
############################################################

############################################################
# Dataset 1/1: ECDC_COVID/D
############################################################
Loading configuration...

============================================================
Dataset: ECDC_COVID/D
Model: amazon/chronos-bolt-base
Terms: ['short']
Instance normalization: none
============================================================
Loading Chronos-Bolt model: amazon/chronos-bolt-base from /fslarge/scratch/users/h61084/weights/chronos-bolt-base...
[2026-09-20 19:47:45 UTC] resources model_device {"device": "cuda", "model": "chronos_bolt"}

--- Term: short ---
  Config: prediction_length=30, test_length=150, val_length=30
  Dataset info:
    - Frequency: D
    - Num series: 9
    - Target dim: 1
    - Target mode: univariate
    - Series length: min=794, max=1229, avg=1116.6
    - Test split: 150 steps
    - Prediction length: 30
    - Windows: 5
TIME run allocation action=new run=/fslarge/scratch/users/h61084/codes/evaluating_tsfms/outputs/context_size/tasks/chronos_bolt/context_length/512/univariate/ECDC_COVID/D/short/run_0 launch_id=selena_context_size_20260920T193931Z_45055 slurm_job_id=3506735 launched_at=2026-09-20T19:47:45.802199+00:00
  Preparing input batches from Test split data...
    Total instances to forecast: 45
  Running predictions (Batch size: 16)...
    Total instances: 45, Series during experiment: 9, Windows: 5
    Collecting ground truth and context...
    Organizing data into arrays...
    Saved predictions (quantiles) to /fslarge/scratch/users/h61084/codes/evaluating_tsfms/outputs/context_size/tasks/chronos_bolt/context_length/512/univariate/ECDC_COVID/D/short/run_0/predictions.npz
    Computing per-window metrics...
    Saved metrics to /fslarge/scratch/users/h61084/codes/evaluating_tsfms/outputs/context_size/tasks/chronos_bolt/context_length/512/univariate/ECDC_COVID/D/short/run_0/metrics.npz
    Saved config to /fslarge/scratch/users/h61084/codes/evaluating_tsfms/outputs/context_size/tasks/chronos_bolt/context_length/512/univariate/ECDC_COVID/D/short/run_0/config.json
    Saved aggregate metrics to /fslarge/scratch/users/h61084/codes/evaluating_tsfms/outputs/context_size/tasks/chronos_bolt/context_length/512/univariate/ECDC_COVID/D/short/run_0/metrics_summary.json
    Metrics summary (averaged over all series/windows/variates):
      MSE: 48966.0339
      MAE: 126.3400
      RMSE: 146.5187
      MAPE: 0.5444
      sMAPE: 0.3388
      MASE: 3.6315
      ND: 0.4045
      CRPS: 0.3294
  Output: /fslarge/scratch/users/h61084/codes/evaluating_tsfms/outputs/context_size/tasks/chronos_bolt/context_length/512/univariate/ECDC_COVID/D/short/run_0

============================================================
All experiments completed!
Results saved to: /scratch/users/h61084/codes/evaluating_tsfms/outputs/context_size/tasks
============================================================

############################################################
# All datasets completed!
############################################################

############################################################
# Dataset 1/1: ECDC_COVID/W
############################################################
Loading configuration...

============================================================
Dataset: ECDC_COVID/W
Model: amazon/chronos-bolt-base
Terms: ['short']
Instance normalization: none
============================================================
Loading Chronos-Bolt model: amazon/chronos-bolt-base from /fslarge/scratch/users/h61084/weights/chronos-bolt-base...
[2026-09-20 19:47:55 UTC] resources model_device {"device": "cuda", "model": "chronos_bolt"}

--- Term: short ---
  Config: prediction_length=13, test_length=52, val_length=13
  Dataset info:
    - Frequency: W
    - Num series: 16
    - Target dim: 1
    - Target mode: univariate
    - Series length: min=114, max=196, avg=165.4
    - Test split: 52 steps
    - Prediction length: 13
    - Windows: 4
TIME run allocation action=new run=/fslarge/scratch/users/h61084/codes/evaluating_tsfms/outputs/context_size/tasks/chronos_bolt/context_length/512/univariate/ECDC_COVID/W/short/run_0 launch_id=selena_context_size_20260920T193931Z_45055 slurm_job_id=3506735 launched_at=2026-09-20T19:47:56.095969+00:00
  Preparing input batches from Test split data...
    Total instances to forecast: 64
  Running predictions (Batch size: 16)...
    Total instances: 64, Series during experiment: 16, Windows: 4
    Collecting ground truth and context...
    Organizing data into arrays...
    Saved predictions (quantiles) to /fslarge/scratch/users/h61084/codes/evaluating_tsfms/outputs/context_size/tasks/chronos_bolt/context_length/512/univariate/ECDC_COVID/W/short/run_0/predictions.npz
    Computing per-window metrics...
    Saved metrics to /fslarge/scratch/users/h61084/codes/evaluating_tsfms/outputs/context_size/tasks/chronos_bolt/context_length/512/univariate/ECDC_COVID/W/short/run_0/metrics.npz
    Saved config to /fslarge/scratch/users/h61084/codes/evaluating_tsfms/outputs/context_size/tasks/chronos_bolt/context_length/512/univariate/ECDC_COVID/W/short/run_0/config.json
    Saved aggregate metrics to /fslarge/scratch/users/h61084/codes/evaluating_tsfms/outputs/context_size/tasks/chronos_bolt/context_length/512/univariate/ECDC_COVID/W/short/run_0/metrics_summary.json
    Metrics summary (averaged over all series/windows/variates):
      MSE: 3144297.2215
      MAE: 570.0966
      RMSE: 646.4051
      MAPE: 0.9024
      sMAPE: 0.5312
      MASE: 1.3582
      ND: 0.5989
      CRPS: 0.4930
  Output: /fslarge/scratch/users/h61084/codes/evaluating_tsfms/outputs/context_size/tasks/chronos_bolt/context_length/512/univariate/ECDC_COVID/W/short/run_0

============================================================
All experiments completed!
Results saved to: /scratch/users/h61084/codes/evaluating_tsfms/outputs/context_size/tasks
============================================================

############################################################
# All datasets completed!
############################################################

############################################################
# Dataset 1/1: Global_Influenza/W
############################################################
Loading configuration...

============================================================
Dataset: Global_Influenza/W
Model: amazon/chronos-bolt-base
Terms: ['short']
Instance normalization: none
============================================================
Loading Chronos-Bolt model: amazon/chronos-bolt-base from /fslarge/scratch/users/h61084/weights/chronos-bolt-base...
[2026-09-20 19:48:04 UTC] resources model_device {"device": "cuda", "model": "chronos_bolt"}

--- Term: short ---
  Config: prediction_length=13, test_length=52, val_length=13
  Dataset info:
    - Frequency: W
    - Num series: 15
    - Target dim: 4
    - Target mode: univariate
    - Series length: min=154, max=210, avg=205.6
    - Test split: 52 steps
    - Prediction length: 13
    - Windows: 4
TIME run allocation action=new run=/fslarge/scratch/users/h61084/codes/evaluating_tsfms/outputs/context_size/tasks/chronos_bolt/context_length/512/univariate/Global_Influenza/W/short/run_0 launch_id=selena_context_size_20260920T193931Z_45055 slurm_job_id=3506735 launched_at=2026-09-20T19:48:05.562410+00:00
  Preparing input batches from Test split data...
    Total instances to forecast: 240
  Running predictions (Batch size: 16)...
    Processed 160/240...
    Total instances: 240, Series during experiment: 60, Windows: 4
    Collecting ground truth and context...
    Detected to_univariate case: 60 flat series -> 15 series x 4 variates
    Organizing data into arrays...
    ⚠️  Predictions max value (100229.82) exceeds float16 safe range.
    ⚠️  Applying scale factor: 10 (values will be divided)
    Saved predictions (quantiles) to /fslarge/scratch/users/h61084/codes/evaluating_tsfms/outputs/context_size/tasks/chronos_bolt/context_length/512/univariate/Global_Influenza/W/short/run_0/predictions.npz
    Computing per-window metrics...
    Saved metrics to /fslarge/scratch/users/h61084/codes/evaluating_tsfms/outputs/context_size/tasks/chronos_bolt/context_length/512/univariate/Global_Influenza/W/short/run_0/metrics.npz
    Saved config to /fslarge/scratch/users/h61084/codes/evaluating_tsfms/outputs/context_size/tasks/chronos_bolt/context_length/512/univariate/Global_Influenza/W/short/run_0/config.json
    Saved aggregate metrics to /fslarge/scratch/users/h61084/codes/evaluating_tsfms/outputs/context_size/tasks/chronos_bolt/context_length/512/univariate/Global_Influenza/W/short/run_0/metrics_summary.json
    Metrics summary (averaged over all series/windows/variates):
      MSE: 4573334.8822
      MAE: 530.6044
      RMSE: 658.5585
      MAPE: 0.7362
      sMAPE: 0.5172
      MASE: 2.8884
      ND: 0.5298
      CRPS: 0.4508
  Output: /fslarge/scratch/users/h61084/codes/evaluating_tsfms/outputs/context_size/tasks/chronos_bolt/context_length/512/univariate/Global_Influenza/W/short/run_0

============================================================
All experiments completed!
Results saved to: /scratch/users/h61084/codes/evaluating_tsfms/outputs/context_size/tasks
============================================================

############################################################
# All datasets completed!
############################################################

############################################################
# Dataset 1/1: Crypto/D
############################################################
Loading configuration...

============================================================
Dataset: Crypto/D
Model: amazon/chronos-bolt-base
Terms: ['short']
Instance normalization: none
============================================================
Loading Chronos-Bolt model: amazon/chronos-bolt-base from /fslarge/scratch/users/h61084/weights/chronos-bolt-base...
[2026-09-20 19:48:14 UTC] resources model_device {"device": "cuda", "model": "chronos_bolt"}

--- Term: short ---
  Config: prediction_length=30, test_length=273, val_length=92
  Dataset info:
    - Frequency: D
    - Num series: 1
    - Target dim: 4
    - Target mode: univariate
    - Series length: min=2842, max=2842, avg=2842.0
    - Test split: 273 steps
    - Prediction length: 30
    - Windows: 9
TIME run allocation action=new run=/fslarge/scratch/users/h61084/codes/evaluating_tsfms/outputs/context_size/tasks/chronos_bolt/context_length/512/univariate/Crypto/D/short/run_0 launch_id=selena_context_size_20260920T193931Z_45055 slurm_job_id=3506735 launched_at=2026-09-20T19:48:15.238478+00:00
  Preparing input batches from Test split data...
    Total instances to forecast: 36
  Running predictions (Batch size: 16)...
    Total instances: 36, Series during experiment: 4, Windows: 9
    Collecting ground truth and context...
    Detected to_univariate case: 4 flat series -> 1 series x 4 variates
    Organizing data into arrays...
    ⚠️  Predictions max value (128268.62) exceeds float16 safe range.
    ⚠️  Applying scale factor: 10 (values will be divided)
    Saved predictions (quantiles) to /fslarge/scratch/users/h61084/codes/evaluating_tsfms/outputs/context_size/tasks/chronos_bolt/context_length/512/univariate/Crypto/D/short/run_0/predictions.npz
    Computing per-window metrics...
    Saved metrics to /fslarge/scratch/users/h61084/codes/evaluating_tsfms/outputs/context_size/tasks/chronos_bolt/context_length/512/univariate/Crypto/D/short/run_0/metrics.npz
    Saved config to /fslarge/scratch/users/h61084/codes/evaluating_tsfms/outputs/context_size/tasks/chronos_bolt/context_length/512/univariate/Crypto/D/short/run_0/config.json
    Saved aggregate metrics to /fslarge/scratch/users/h61084/codes/evaluating_tsfms/outputs/context_size/tasks/chronos_bolt/context_length/512/univariate/Crypto/D/short/run_0/metrics_summary.json
    Metrics summary (averaged over all series/windows/variates):
      MSE: 10862265.7869
      MAE: 1462.8243
      RMSE: 1685.8348
      MAPE: 0.1030
      sMAPE: 0.1037
      MASE: 6.7631
      ND: 0.1042
      CRPS: 0.0818
  Output: /fslarge/scratch/users/h61084/codes/evaluating_tsfms/outputs/context_size/tasks/chronos_bolt/context_length/512/univariate/Crypto/D/short/run_0

============================================================
All experiments completed!
Results saved to: /scratch/users/h61084/codes/evaluating_tsfms/outputs/context_size/tasks
============================================================

############################################################
# All datasets completed!
############################################################

############################################################
# Dataset 1/1: US_Term_Structure/B
############################################################
Loading configuration...

============================================================
Dataset: US_Term_Structure/B
Model: amazon/chronos-bolt-base
Terms: ['short']
Instance normalization: none
============================================================
Loading Chronos-Bolt model: amazon/chronos-bolt-base from /fslarge/scratch/users/h61084/weights/chronos-bolt-base...
[2026-09-20 19:48:24 UTC] resources model_device {"device": "cuda", "model": "chronos_bolt"}

--- Term: short ---
  Config: prediction_length=20, test_length=717, val_length=100
  Dataset info:
    - Frequency: B
    - Num series: 1
    - Target dim: 40
    - Target mode: univariate
    - Series length: min=9326, max=9326, avg=9326.0
    - Test split: 717 steps
    - Prediction length: 20
    - Windows: 35
TIME run allocation action=new run=/fslarge/scratch/users/h61084/codes/evaluating_tsfms/outputs/context_size/tasks/chronos_bolt/context_length/512/univariate/US_Term_Structure/B/short/run_0 launch_id=selena_context_size_20260920T193931Z_45055 slurm_job_id=3506735 launched_at=2026-09-20T19:48:25.930943+00:00
  Preparing input batches from Test split data...
    Total instances to forecast: 1400
  Running predictions (Batch size: 16)...
    Processed 160/1400...
    Processed 320/1400...
    Processed 480/1400...
    Processed 640/1400...
    Processed 800/1400...
    Processed 960/1400...
    Processed 1120/1400...
    Processed 1280/1400...
    Total instances: 1400, Series during experiment: 40, Windows: 35
    Collecting ground truth and context...
    Detected to_univariate case: 40 flat series -> 1 series x 40 variates
    Organizing data into arrays...
    Saved predictions (quantiles) to /fslarge/scratch/users/h61084/codes/evaluating_tsfms/outputs/context_size/tasks/chronos_bolt/context_length/512/univariate/US_Term_Structure/B/short/run_0/predictions.npz
    Computing per-window metrics...
    Saved metrics to /fslarge/scratch/users/h61084/codes/evaluating_tsfms/outputs/context_size/tasks/chronos_bolt/context_length/512/univariate/US_Term_Structure/B/short/run_0/metrics.npz
    Saved config to /fslarge/scratch/users/h61084/codes/evaluating_tsfms/outputs/context_size/tasks/chronos_bolt/context_length/512/univariate/US_Term_Structure/B/short/run_0/config.json
    Saved aggregate metrics to /fslarge/scratch/users/h61084/codes/evaluating_tsfms/outputs/context_size/tasks/chronos_bolt/context_length/512/univariate/US_Term_Structure/B/short/run_0/metrics_summary.json
    Metrics summary (averaged over all series/windows/variates):
      MSE: 0.0213
      MAE: 0.1033
      RMSE: 0.1227
      MAPE: 1.0509
      sMAPE: 0.2873
      MASE: 1.5464
      ND: 0.2901
      CRPS: 0.2231
  Output: /fslarge/scratch/users/h61084/codes/evaluating_tsfms/outputs/context_size/tasks/chronos_bolt/context_length/512/univariate/US_Term_Structure/B/short/run_0

============================================================
All experiments completed!
Results saved to: /scratch/users/h61084/codes/evaluating_tsfms/outputs/context_size/tasks
============================================================

############################################################
# All datasets completed!
############################################################

############################################################
# Dataset 1/1: Oil_Price/B
############################################################
Loading configuration...

============================================================
Dataset: Oil_Price/B
Model: amazon/chronos-bolt-base
Terms: ['short']
Instance normalization: none
============================================================
Loading Chronos-Bolt model: amazon/chronos-bolt-base from /fslarge/scratch/users/h61084/weights/chronos-bolt-base...
[2026-09-20 19:48:37 UTC] resources model_device {"device": "cuda", "model": "chronos_bolt"}

--- Term: short ---
  Config: prediction_length=20, test_length=717, val_length=100
  Dataset info:
    - Frequency: B
    - Num series: 1
    - Target dim: 12
    - Target mode: univariate
    - Series length: min=5035, max=5035, avg=5035.0
    - Test split: 717 steps
    - Prediction length: 20
    - Windows: 35
TIME run allocation action=new run=/fslarge/scratch/users/h61084/codes/evaluating_tsfms/outputs/context_size/tasks/chronos_bolt/context_length/512/univariate/Oil_Price/B/short/run_0 launch_id=selena_context_size_20260920T193931Z_45055 slurm_job_id=3506735 launched_at=2026-09-20T19:48:37.913802+00:00
  Preparing input batches from Test split data...
    Total instances to forecast: 420
  Running predictions (Batch size: 16)...
    Processed 160/420...
    Processed 320/420...
    Total instances: 420, Series during experiment: 12, Windows: 35
    Collecting ground truth and context...
    Detected to_univariate case: 12 flat series -> 1 series x 12 variates
    Organizing data into arrays...
    Saved predictions (quantiles) to /fslarge/scratch/users/h61084/codes/evaluating_tsfms/outputs/context_size/tasks/chronos_bolt/context_length/512/univariate/Oil_Price/B/short/run_0/predictions.npz
    Computing per-window metrics...
    Saved metrics to /fslarge/scratch/users/h61084/codes/evaluating_tsfms/outputs/context_size/tasks/chronos_bolt/context_length/512/univariate/Oil_Price/B/short/run_0/metrics.npz
    Saved config to /fslarge/scratch/users/h61084/codes/evaluating_tsfms/outputs/context_size/tasks/chronos_bolt/context_length/512/univariate/Oil_Price/B/short/run_0/config.json
    Saved aggregate metrics to /fslarge/scratch/users/h61084/codes/evaluating_tsfms/outputs/context_size/tasks/chronos_bolt/context_length/512/univariate/Oil_Price/B/short/run_0/metrics_summary.json
    Metrics summary (averaged over all series/windows/variates):
      MSE: 3.1583
      MAE: 0.6814
      RMSE: 0.7882
      MAPE: 0.0604
      sMAPE: 0.0602
      MASE: 1.4368
      ND: 0.0602
      CRPS: 0.0475
  Output: /fslarge/scratch/users/h61084/codes/evaluating_tsfms/outputs/context_size/tasks/chronos_bolt/context_length/512/univariate/Oil_Price/B/short/run_0

============================================================
All experiments completed!
Results saved to: /scratch/users/h61084/codes/evaluating_tsfms/outputs/context_size/tasks
============================================================

############################################################
# All datasets completed!
############################################################

############################################################
# Dataset 1/1: Job_Claims/W
############################################################
Loading configuration...

============================================================
Dataset: Job_Claims/W
Model: amazon/chronos-bolt-base
Terms: ['short']
Instance normalization: none
============================================================
Loading Chronos-Bolt model: amazon/chronos-bolt-base from /fslarge/scratch/users/h61084/weights/chronos-bolt-base...
[2026-09-20 19:48:47 UTC] resources model_device {"device": "cuda", "model": "chronos_bolt"}

--- Term: short ---
  Config: prediction_length=13, test_length=52, val_length=13
  Dataset info:
    - Frequency: W
    - Num series: 1
    - Target dim: 2
    - Target mode: univariate
    - Series length: min=196, max=196, avg=196.0
    - Test split: 52 steps
    - Prediction length: 13
    - Windows: 4
TIME run allocation action=new run=/fslarge/scratch/users/h61084/codes/evaluating_tsfms/outputs/context_size/tasks/chronos_bolt/context_length/512/univariate/Job_Claims/W/short/run_0 launch_id=selena_context_size_20260920T193931Z_45055 slurm_job_id=3506735 launched_at=2026-09-20T19:48:47.762648+00:00
  Preparing input batches from Test split data...
    Total instances to forecast: 8
  Running predictions (Batch size: 16)...
    Total instances: 8, Series during experiment: 2, Windows: 4
    Collecting ground truth and context...
    Detected to_univariate case: 2 flat series -> 1 series x 2 variates
    Organizing data into arrays...
    ⚠️  Predictions max value (2102637.50) exceeds float16 safe range.
    ⚠️  Applying scale factor: 100 (values will be divided)
    Saved predictions (quantiles) to /fslarge/scratch/users/h61084/codes/evaluating_tsfms/outputs/context_size/tasks/chronos_bolt/context_length/512/univariate/Job_Claims/W/short/run_0/predictions.npz
    Computing per-window metrics...
    Saved metrics to /fslarge/scratch/users/h61084/codes/evaluating_tsfms/outputs/context_size/tasks/chronos_bolt/context_length/512/univariate/Job_Claims/W/short/run_0/metrics.npz
    Saved config to /fslarge/scratch/users/h61084/codes/evaluating_tsfms/outputs/context_size/tasks/chronos_bolt/context_length/512/univariate/Job_Claims/W/short/run_0/config.json
    Saved aggregate metrics to /fslarge/scratch/users/h61084/codes/evaluating_tsfms/outputs/context_size/tasks/chronos_bolt/context_length/512/univariate/Job_Claims/W/short/run_0/metrics_summary.json
    Metrics summary (averaged over all series/windows/variates):
      MSE: 1472408115.2955
      MAE: 25819.6809
      RMSE: 29300.8809
      MAPE: 0.0290
      sMAPE: 0.0290
      MASE: 4.1468
      ND: 0.0290
      CRPS: 0.0223
  Output: /fslarge/scratch/users/h61084/codes/evaluating_tsfms/outputs/context_size/tasks/chronos_bolt/context_length/512/univariate/Job_Claims/W/short/run_0

============================================================
All experiments completed!
Results saved to: /scratch/users/h61084/codes/evaluating_tsfms/outputs/context_size/tasks
============================================================

############################################################
# All datasets completed!
############################################################

############################################################
# Dataset 1/1: Uncertainty_1M/M
############################################################
Loading configuration...

============================================================
Dataset: Uncertainty_1M/M
Model: amazon/chronos-bolt-base
Terms: ['short']
Instance normalization: none
============================================================
Loading Chronos-Bolt model: amazon/chronos-bolt-base from /fslarge/scratch/users/h61084/weights/chronos-bolt-base...
[2026-09-20 19:48:56 UTC] resources model_device {"device": "cuda", "model": "chronos_bolt"}

--- Term: short ---
  Config: prediction_length=6, test_length=42, val_length=18
  Dataset info:
    - Frequency: M
    - Num series: 1
    - Target dim: 3
    - Target mode: univariate
    - Series length: min=780, max=780, avg=780.0
    - Test split: 42 steps
    - Prediction length: 6
    - Windows: 7
TIME run allocation action=new run=/fslarge/scratch/users/h61084/codes/evaluating_tsfms/outputs/context_size/tasks/chronos_bolt/context_length/512/univariate/Uncertainty_1M/M/short/run_0 launch_id=selena_context_size_20260920T193931Z_45055 slurm_job_id=3506735 launched_at=2026-09-20T19:48:57.188737+00:00
  Preparing input batches from Test split data...
    Total instances to forecast: 21
  Running predictions (Batch size: 16)...
    Total instances: 21, Series during experiment: 3, Windows: 7
    Collecting ground truth and context...
    Detected to_univariate case: 3 flat series -> 1 series x 3 variates
    Organizing data into arrays...
    Saved predictions (quantiles) to /fslarge/scratch/users/h61084/codes/evaluating_tsfms/outputs/context_size/tasks/chronos_bolt/context_length/512/univariate/Uncertainty_1M/M/short/run_0/predictions.npz
    Computing per-window metrics...
    Saved metrics to /fslarge/scratch/users/h61084/codes/evaluating_tsfms/outputs/context_size/tasks/chronos_bolt/context_length/512/univariate/Uncertainty_1M/M/short/run_0/metrics.npz
    Saved config to /fslarge/scratch/users/h61084/codes/evaluating_tsfms/outputs/context_size/tasks/chronos_bolt/context_length/512/univariate/Uncertainty_1M/M/short/run_0/config.json
    Saved aggregate metrics to /fslarge/scratch/users/h61084/codes/evaluating_tsfms/outputs/context_size/tasks/chronos_bolt/context_length/512/univariate/Uncertainty_1M/M/short/run_0/metrics_summary.json
    Metrics summary (averaged over all series/windows/variates):
      MSE: 0.0022
      MAE: 0.0351
      RMSE: 0.0388
      MAPE: 0.0439
      sMAPE: 0.0425
      MASE: 0.4314
      ND: 0.0435
      CRPS: 0.0348
  Output: /fslarge/scratch/users/h61084/codes/evaluating_tsfms/outputs/context_size/tasks/chronos_bolt/context_length/512/univariate/Uncertainty_1M/M/short/run_0

============================================================
All experiments completed!
Results saved to: /scratch/users/h61084/codes/evaluating_tsfms/outputs/context_size/tasks
============================================================

############################################################
# All datasets completed!
############################################################

############################################################
# Dataset 1/1: Housing_Inventory/M
############################################################
Loading configuration...

============================================================
Dataset: Housing_Inventory/M
Model: amazon/chronos-bolt-base
Terms: ['short']
Instance normalization: none
============================================================
Loading Chronos-Bolt model: amazon/chronos-bolt-base from /fslarge/scratch/users/h61084/weights/chronos-bolt-base...
[2026-09-20 19:49:05 UTC] resources model_device {"device": "cuda", "model": "chronos_bolt"}

--- Term: short ---
  Config: prediction_length=12, test_length=36, val_length=12
  Dataset info:
    - Frequency: M
    - Num series: 1
    - Target dim: 4
    - Target mode: univariate
    - Series length: min=114, max=114, avg=114.0
    - Test split: 36 steps
    - Prediction length: 12
    - Windows: 3
TIME run allocation action=new run=/fslarge/scratch/users/h61084/codes/evaluating_tsfms/outputs/context_size/tasks/chronos_bolt/context_length/512/univariate/Housing_Inventory/M/short/run_0 launch_id=selena_context_size_20260920T193931Z_45055 slurm_job_id=3506735 launched_at=2026-09-20T19:49:06.625737+00:00
  Preparing input batches from Test split data...
    Total instances to forecast: 12
  Running predictions (Batch size: 16)...
    Total instances: 12, Series during experiment: 4, Windows: 3
    Collecting ground truth and context...
    Detected to_univariate case: 4 flat series -> 1 series x 4 variates
    Organizing data into arrays...
    ⚠️  Predictions max value (1219171.00) exceeds float16 safe range.
    ⚠️  Applying scale factor: 100 (values will be divided)
    Saved predictions (quantiles) to /fslarge/scratch/users/h61084/codes/evaluating_tsfms/outputs/context_size/tasks/chronos_bolt/context_length/512/univariate/Housing_Inventory/M/short/run_0/predictions.npz
    Computing per-window metrics...
    Saved metrics to /fslarge/scratch/users/h61084/codes/evaluating_tsfms/outputs/context_size/tasks/chronos_bolt/context_length/512/univariate/Housing_Inventory/M/short/run_0/metrics.npz
    Saved config to /fslarge/scratch/users/h61084/codes/evaluating_tsfms/outputs/context_size/tasks/chronos_bolt/context_length/512/univariate/Housing_Inventory/M/short/run_0/config.json
    Saved aggregate metrics to /fslarge/scratch/users/h61084/codes/evaluating_tsfms/outputs/context_size/tasks/chronos_bolt/context_length/512/univariate/Housing_Inventory/M/short/run_0/metrics_summary.json
    Metrics summary (averaged over all series/windows/variates):
      MSE: 5481882559.1403
      MAE: 30275.8777
      RMSE: 33075.9156
      MAPE: 0.0694
      sMAPE: 0.0658
      MASE: 0.5280
      ND: 0.0694
      CRPS: 0.0537
  Output: /fslarge/scratch/users/h61084/codes/evaluating_tsfms/outputs/context_size/tasks/chronos_bolt/context_length/512/univariate/Housing_Inventory/M/short/run_0

============================================================
All experiments completed!
Results saved to: /scratch/users/h61084/codes/evaluating_tsfms/outputs/context_size/tasks
============================================================

############################################################
# All datasets completed!
############################################################

############################################################
# Dataset 1/1: JOLTS/M
############################################################
Loading configuration...

============================================================
Dataset: JOLTS/M
Model: amazon/chronos-bolt-base
Terms: ['short']
Instance normalization: none
============================================================
Loading Chronos-Bolt model: amazon/chronos-bolt-base from /fslarge/scratch/users/h61084/weights/chronos-bolt-base...
[2026-09-20 19:49:15 UTC] resources model_device {"device": "cuda", "model": "chronos_bolt"}

--- Term: short ---
  Config: prediction_length=12, test_length=60, val_length=12
  Dataset info:
    - Frequency: M
    - Num series: 1
    - Target dim: 6
    - Target mode: univariate
    - Series length: min=297, max=297, avg=297.0
    - Test split: 60 steps
    - Prediction length: 12
    - Windows: 5
TIME run allocation action=new run=/fslarge/scratch/users/h61084/codes/evaluating_tsfms/outputs/context_size/tasks/chronos_bolt/context_length/512/univariate/JOLTS/M/short/run_0 launch_id=selena_context_size_20260920T193931Z_45055 slurm_job_id=3506735 launched_at=2026-09-20T19:49:16.026880+00:00
  Preparing input batches from Test split data...
    Total instances to forecast: 30
  Running predictions (Batch size: 16)...
    Total instances: 30, Series during experiment: 6, Windows: 5
    Collecting ground truth and context...
    Detected to_univariate case: 6 flat series -> 1 series x 6 variates
    Organizing data into arrays...
    Saved predictions (quantiles) to /fslarge/scratch/users/h61084/codes/evaluating_tsfms/outputs/context_size/tasks/chronos_bolt/context_length/512/univariate/JOLTS/M/short/run_0/predictions.npz
    Computing per-window metrics...
    Saved metrics to /fslarge/scratch/users/h61084/codes/evaluating_tsfms/outputs/context_size/tasks/chronos_bolt/context_length/512/univariate/JOLTS/M/short/run_0/metrics.npz
    Saved config to /fslarge/scratch/users/h61084/codes/evaluating_tsfms/outputs/context_size/tasks/chronos_bolt/context_length/512/univariate/JOLTS/M/short/run_0/config.json
    Saved aggregate metrics to /fslarge/scratch/users/h61084/codes/evaluating_tsfms/outputs/context_size/tasks/chronos_bolt/context_length/512/univariate/JOLTS/M/short/run_0/metrics_summary.json
    Metrics summary (averaged over all series/windows/variates):
      MSE: 420672.3743
      MAE: 347.0063
      RMSE: 419.1783
      MAPE: 0.0820
      sMAPE: 0.0809
      MASE: 1.0554
      ND: 0.0816
      CRPS: 0.0649
  Output: /fslarge/scratch/users/h61084/codes/evaluating_tsfms/outputs/context_size/tasks/chronos_bolt/context_length/512/univariate/JOLTS/M/short/run_0

============================================================
All experiments completed!
Results saved to: /scratch/users/h61084/codes/evaluating_tsfms/outputs/context_size/tasks
============================================================

############################################################
# All datasets completed!
############################################################

############################################################
# Dataset 1/1: US_Labor/M
############################################################
Loading configuration...

============================================================
Dataset: US_Labor/M
Model: amazon/chronos-bolt-base
Terms: ['short']
Instance normalization: none
============================================================
Loading Chronos-Bolt model: amazon/chronos-bolt-base from /fslarge/scratch/users/h61084/weights/chronos-bolt-base...
[2026-09-20 19:49:24 UTC] resources model_device {"device": "cuda", "model": "chronos_bolt"}

--- Term: short ---
  Config: prediction_length=12, test_length=60, val_length=12
  Dataset info:
    - Frequency: M
    - Num series: 1
    - Target dim: 14
    - Target mode: univariate
    - Series length: min=380, max=380, avg=380.0
    - Test split: 60 steps
    - Prediction length: 12
    - Windows: 5
TIME run allocation action=new run=/fslarge/scratch/users/h61084/codes/evaluating_tsfms/outputs/context_size/tasks/chronos_bolt/context_length/512/univariate/US_Labor/M/short/run_0 launch_id=selena_context_size_20260920T193931Z_45055 slurm_job_id=3506735 launched_at=2026-09-20T19:49:25.446632+00:00
  Preparing input batches from Test split data...
    Total instances to forecast: 70
  Running predictions (Batch size: 16)...
    Total instances: 70, Series during experiment: 14, Windows: 5
    Collecting ground truth and context...
    Detected to_univariate case: 14 flat series -> 1 series x 14 variates
    Organizing data into arrays...
    ⚠️  Predictions max value (173125.27) exceeds float16 safe range.
    ⚠️  Applying scale factor: 10 (values will be divided)
    Saved predictions (quantiles) to /fslarge/scratch/users/h61084/codes/evaluating_tsfms/outputs/context_size/tasks/chronos_bolt/context_length/512/univariate/US_Labor/M/short/run_0/predictions.npz
    Computing per-window metrics...
    Saved metrics to /fslarge/scratch/users/h61084/codes/evaluating_tsfms/outputs/context_size/tasks/chronos_bolt/context_length/512/univariate/US_Labor/M/short/run_0/metrics.npz
    Saved config to /fslarge/scratch/users/h61084/codes/evaluating_tsfms/outputs/context_size/tasks/chronos_bolt/context_length/512/univariate/US_Labor/M/short/run_0/config.json
    Saved aggregate metrics to /fslarge/scratch/users/h61084/codes/evaluating_tsfms/outputs/context_size/tasks/chronos_bolt/context_length/512/univariate/US_Labor/M/short/run_0/metrics_summary.json
    Metrics summary (averaged over all series/windows/variates):
      MSE: 761910.0770
      MAE: 392.4604
      RMSE: 438.0243
      MAPE: 0.0725
      sMAPE: 0.0687
      MASE: 0.9464
      ND: 0.0713
      CRPS: 0.0562
  Output: /fslarge/scratch/users/h61084/codes/evaluating_tsfms/outputs/context_size/tasks/chronos_bolt/context_length/512/univariate/US_Labor/M/short/run_0

============================================================
All experiments completed!
Results saved to: /scratch/users/h61084/codes/evaluating_tsfms/outputs/context_size/tasks
============================================================

############################################################
# All datasets completed!
############################################################

############################################################
# Dataset 1/1: Vehicle_Supply/M
############################################################
Loading configuration...

============================================================
Dataset: Vehicle_Supply/M
Model: amazon/chronos-bolt-base
Terms: ['short']
Instance normalization: none
============================================================
Loading Chronos-Bolt model: amazon/chronos-bolt-base from /fslarge/scratch/users/h61084/weights/chronos-bolt-base...
[2026-09-20 19:49:34 UTC] resources model_device {"device": "cuda", "model": "chronos_bolt"}

--- Term: short ---
  Config: prediction_length=12, test_length=60, val_length=12
  Dataset info:
    - Frequency: M
    - Num series: 1
    - Target dim: 6
    - Target mode: univariate
    - Series length: min=391, max=391, avg=391.0
    - Test split: 60 steps
    - Prediction length: 12
    - Windows: 5
TIME run allocation action=new run=/fslarge/scratch/users/h61084/codes/evaluating_tsfms/outputs/context_size/tasks/chronos_bolt/context_length/512/univariate/Vehicle_Supply/M/short/run_0 launch_id=selena_context_size_20260920T193931Z_45055 slurm_job_id=3506735 launched_at=2026-09-20T19:49:34.925058+00:00
  Preparing input batches from Test split data...
    Total instances to forecast: 30
  Running predictions (Batch size: 16)...
    Total instances: 30, Series during experiment: 6, Windows: 5
    Collecting ground truth and context...
    Detected to_univariate case: 6 flat series -> 1 series x 6 variates
    Organizing data into arrays...
    Saved predictions (quantiles) to /fslarge/scratch/users/h61084/codes/evaluating_tsfms/outputs/context_size/tasks/chronos_bolt/context_length/512/univariate/Vehicle_Supply/M/short/run_0/predictions.npz
    Computing per-window metrics...
    Saved metrics to /fslarge/scratch/users/h61084/codes/evaluating_tsfms/outputs/context_size/tasks/chronos_bolt/context_length/512/univariate/Vehicle_Supply/M/short/run_0/metrics.npz
    Saved config to /fslarge/scratch/users/h61084/codes/evaluating_tsfms/outputs/context_size/tasks/chronos_bolt/context_length/512/univariate/Vehicle_Supply/M/short/run_0/config.json
    Saved aggregate metrics to /fslarge/scratch/users/h61084/codes/evaluating_tsfms/outputs/context_size/tasks/chronos_bolt/context_length/512/univariate/Vehicle_Supply/M/short/run_0/metrics_summary.json
    Metrics summary (averaged over all series/windows/variates):
      MSE: 2397.0626
      MAE: 22.1977
      RMSE: 26.8237
      MAPE: 0.2436
      sMAPE: 0.2429
      MASE: 0.8111
      ND: 0.2271
      CRPS: 0.1947
  Output: /fslarge/scratch/users/h61084/codes/evaluating_tsfms/outputs/context_size/tasks/chronos_bolt/context_length/512/univariate/Vehicle_Supply/M/short/run_0

============================================================
All experiments completed!
Results saved to: /scratch/users/h61084/codes/evaluating_tsfms/outputs/context_size/tasks
============================================================

############################################################
# All datasets completed!
############################################################

############################################################
# Dataset 1/1: Auto_Production_SF/M
############################################################
Loading configuration...

============================================================
Dataset: Auto_Production_SF/M
Model: amazon/chronos-bolt-base
Terms: ['short']
Instance normalization: none
============================================================
Loading Chronos-Bolt model: amazon/chronos-bolt-base from /fslarge/scratch/users/h61084/weights/chronos-bolt-base...
[2026-09-20 19:49:43 UTC] resources model_device {"device": "cuda", "model": "chronos_bolt"}

--- Term: short ---
  Config: prediction_length=12, test_length=60, val_length=12
  Dataset info:
    - Frequency: M
    - Num series: 1
    - Target dim: 1
    - Target mode: univariate
    - Series length: min=367, max=367, avg=367.0
    - Test split: 60 steps
    - Prediction length: 12
    - Windows: 5
TIME run allocation action=new run=/fslarge/scratch/users/h61084/codes/evaluating_tsfms/outputs/context_size/tasks/chronos_bolt/context_length/512/univariate/Auto_Production_SF/M/short/run_0 launch_id=selena_context_size_20260920T193931Z_45055 slurm_job_id=3506735 launched_at=2026-09-20T19:49:44.363819+00:00
  Preparing input batches from Test split data...
    Total instances to forecast: 5
  Running predictions (Batch size: 16)...
    Total instances: 5, Series during experiment: 1, Windows: 5
    Collecting ground truth and context...
    Organizing data into arrays...
    Saved predictions (quantiles) to /fslarge/scratch/users/h61084/codes/evaluating_tsfms/outputs/context_size/tasks/chronos_bolt/context_length/512/univariate/Auto_Production_SF/M/short/run_0/predictions.npz
    Computing per-window metrics...
    Saved metrics to /fslarge/scratch/users/h61084/codes/evaluating_tsfms/outputs/context_size/tasks/chronos_bolt/context_length/512/univariate/Auto_Production_SF/M/short/run_0/metrics.npz
    Saved config to /fslarge/scratch/users/h61084/codes/evaluating_tsfms/outputs/context_size/tasks/chronos_bolt/context_length/512/univariate/Auto_Production_SF/M/short/run_0/config.json
    Saved aggregate metrics to /fslarge/scratch/users/h61084/codes/evaluating_tsfms/outputs/context_size/tasks/chronos_bolt/context_length/512/univariate/Auto_Production_SF/M/short/run_0/metrics_summary.json
    Metrics summary (averaged over all series/windows/variates):
      MSE: 26.3340
      MAE: 4.0893
      RMSE: 5.0599
      MAPE: 0.0417
      sMAPE: 0.0414
      MASE: 1.0324
      ND: 0.0410
      CRPS: 0.0318
  Output: /fslarge/scratch/users/h61084/codes/evaluating_tsfms/outputs/context_size/tasks/chronos_bolt/context_length/512/univariate/Auto_Production_SF/M/short/run_0

============================================================
All experiments completed!
Results saved to: /scratch/users/h61084/codes/evaluating_tsfms/outputs/context_size/tasks
============================================================

############################################################
# All datasets completed!
############################################################

############################################################
# Dataset 1/1: Commodity_Production/M
############################################################
Loading configuration...

============================================================
Dataset: Commodity_Production/M
Model: amazon/chronos-bolt-base
Terms: ['short']
Instance normalization: none
============================================================
Loading Chronos-Bolt model: amazon/chronos-bolt-base from /fslarge/scratch/users/h61084/weights/chronos-bolt-base...
[2026-09-20 19:49:53 UTC] resources model_device {"device": "cuda", "model": "chronos_bolt"}

--- Term: short ---
  Config: prediction_length=12, test_length=60, val_length=12
  Dataset info:
    - Frequency: M
    - Num series: 32
    - Target dim: 1
    - Target mode: univariate
    - Series length: min=120, max=648, avg=325.1
    - Test split: 60 steps
    - Prediction length: 12
    - Windows: 5
TIME run allocation action=new run=/fslarge/scratch/users/h61084/codes/evaluating_tsfms/outputs/context_size/tasks/chronos_bolt/context_length/512/univariate/Commodity_Production/M/short/run_0 launch_id=selena_context_size_20260920T193931Z_45055 slurm_job_id=3506735 launched_at=2026-09-20T19:49:53.775662+00:00
  Preparing input batches from Test split data...
    Total instances to forecast: 160
  Running predictions (Batch size: 16)...
    Processed 160/160...
    Total instances: 160, Series during experiment: 32, Windows: 5
    Collecting ground truth and context...
    Organizing data into arrays...
    Saved predictions (quantiles) to /fslarge/scratch/users/h61084/codes/evaluating_tsfms/outputs/context_size/tasks/chronos_bolt/context_length/512/univariate/Commodity_Production/M/short/run_0/predictions.npz
    Computing per-window metrics...
    Saved metrics to /fslarge/scratch/users/h61084/codes/evaluating_tsfms/outputs/context_size/tasks/chronos_bolt/context_length/512/univariate/Commodity_Production/M/short/run_0/metrics.npz
    Saved config to /fslarge/scratch/users/h61084/codes/evaluating_tsfms/outputs/context_size/tasks/chronos_bolt/context_length/512/univariate/Commodity_Production/M/short/run_0/config.json
    Saved aggregate metrics to /fslarge/scratch/users/h61084/codes/evaluating_tsfms/outputs/context_size/tasks/chronos_bolt/context_length/512/univariate/Commodity_Production/M/short/run_0/metrics_summary.json
    Metrics summary (averaged over all series/windows/variates):
      MSE: 61084.9147
      MAE: 67.6305
      RMSE: 78.3374
      MAPE: 0.2141
      sMAPE: 0.1662
      MASE: 0.9390
      ND: 0.1597
      CRPS: 0.1243
  Output: /fslarge/scratch/users/h61084/codes/evaluating_tsfms/outputs/context_size/tasks/chronos_bolt/context_length/512/univariate/Commodity_Production/M/short/run_0

============================================================
All experiments completed!
Results saved to: /scratch/users/h61084/codes/evaluating_tsfms/outputs/context_size/tasks
============================================================

############################################################
# All datasets completed!
############################################################

############################################################
# Dataset 1/1: Commodity_Import/M
############################################################
Loading configuration...

============================================================
Dataset: Commodity_Import/M
Model: amazon/chronos-bolt-base
Terms: ['short']
Instance normalization: none
============================================================
Loading Chronos-Bolt model: amazon/chronos-bolt-base from /fslarge/scratch/users/h61084/weights/chronos-bolt-base...
[2026-09-20 19:50:02 UTC] resources model_device {"device": "cuda", "model": "chronos_bolt"}

--- Term: short ---
  Config: prediction_length=12, test_length=60, val_length=12
  Dataset info:
    - Frequency: M
    - Num series: 8
    - Target dim: 1
    - Target mode: univariate
    - Series length: min=254, max=1240, avg=697.2
    - Test split: 60 steps
    - Prediction length: 12
    - Windows: 5
TIME run allocation action=new run=/fslarge/scratch/users/h61084/codes/evaluating_tsfms/outputs/context_size/tasks/chronos_bolt/context_length/512/univariate/Commodity_Import/M/short/run_0 launch_id=selena_context_size_20260920T193931Z_45055 slurm_job_id=3506735 launched_at=2026-09-20T19:50:03.343203+00:00
  Preparing input batches from Test split data...
    Total instances to forecast: 40
  Running predictions (Batch size: 16)...
    Total instances: 40, Series during experiment: 8, Windows: 5
    Collecting ground truth and context...
    Organizing data into arrays...
    Saved predictions (quantiles) to /fslarge/scratch/users/h61084/codes/evaluating_tsfms/outputs/context_size/tasks/chronos_bolt/context_length/512/univariate/Commodity_Import/M/short/run_0/predictions.npz
    Computing per-window metrics...
    Saved metrics to /fslarge/scratch/users/h61084/codes/evaluating_tsfms/outputs/context_size/tasks/chronos_bolt/context_length/512/univariate/Commodity_Import/M/short/run_0/metrics.npz
    Saved config to /fslarge/scratch/users/h61084/codes/evaluating_tsfms/outputs/context_size/tasks/chronos_bolt/context_length/512/univariate/Commodity_Import/M/short/run_0/config.json
    Saved aggregate metrics to /fslarge/scratch/users/h61084/codes/evaluating_tsfms/outputs/context_size/tasks/chronos_bolt/context_length/512/univariate/Commodity_Import/M/short/run_0/metrics_summary.json
    Metrics summary (averaged over all series/windows/variates):
      MSE: 1762407.6184
      MAE: 528.9152
      RMSE: 630.1234
      MAPE: 0.3511
      sMAPE: 0.2420
      MASE: 1.5001
      ND: 0.2747
      CRPS: 0.2151
  Output: /fslarge/scratch/users/h61084/codes/evaluating_tsfms/outputs/context_size/tasks/chronos_bolt/context_length/512/univariate/Commodity_Import/M/short/run_0

============================================================
All experiments completed!
Results saved to: /scratch/users/h61084/codes/evaluating_tsfms/outputs/context_size/tasks
============================================================

############################################################
# All datasets completed!
############################################################

############################################################
# Dataset 1/1: WUI_Global/Q
############################################################
Loading configuration...

============================================================
Dataset: WUI_Global/Q
Model: amazon/chronos-bolt-base
Terms: ['short']
Instance normalization: none
============================================================
Loading Chronos-Bolt model: amazon/chronos-bolt-base from /fslarge/scratch/users/h61084/weights/chronos-bolt-base...
[2026-09-20 19:50:12 UTC] resources model_device {"device": "cuda", "model": "chronos_bolt"}

--- Term: short ---
  Config: prediction_length=4, test_length=20, val_length=20
  Dataset info:
    - Frequency: Q
    - Num series: 1
    - Target dim: 15
    - Target mode: univariate
    - Series length: min=294, max=294, avg=294.0
    - Test split: 20 steps
    - Prediction length: 4
    - Windows: 5
TIME run allocation action=new run=/fslarge/scratch/users/h61084/codes/evaluating_tsfms/outputs/context_size/tasks/chronos_bolt/context_length/512/univariate/WUI_Global/Q/short/run_0 launch_id=selena_context_size_20260920T193931Z_45055 slurm_job_id=3506735 launched_at=2026-09-20T19:50:12.760724+00:00
  Preparing input batches from Test split data...
    Total instances to forecast: 75
  Running predictions (Batch size: 16)...
    Total instances: 75, Series during experiment: 15, Windows: 5
    Collecting ground truth and context...
    Detected to_univariate case: 15 flat series -> 1 series x 15 variates
    Organizing data into arrays...
    Saved predictions (quantiles) to /fslarge/scratch/users/h61084/codes/evaluating_tsfms/outputs/context_size/tasks/chronos_bolt/context_length/512/univariate/WUI_Global/Q/short/run_0/predictions.npz
    Computing per-window metrics...
    Saved metrics to /fslarge/scratch/users/h61084/codes/evaluating_tsfms/outputs/context_size/tasks/chronos_bolt/context_length/512/univariate/WUI_Global/Q/short/run_0/metrics.npz
    Saved config to /fslarge/scratch/users/h61084/codes/evaluating_tsfms/outputs/context_size/tasks/chronos_bolt/context_length/512/univariate/WUI_Global/Q/short/run_0/config.json
    Saved aggregate metrics to /fslarge/scratch/users/h61084/codes/evaluating_tsfms/outputs/context_size/tasks/chronos_bolt/context_length/512/univariate/WUI_Global/Q/short/run_0/metrics_summary.json
    Metrics summary (averaged over all series/windows/variates):
      MSE: 0.0486
      MAE: 0.1491
      RMSE: 0.1769
      MAPE: 0.5773
      sMAPE: 0.6600
      MASE: 0.9985
      ND: 0.6986
      CRPS: 0.5497
  Output: /fslarge/scratch/users/h61084/codes/evaluating_tsfms/outputs/context_size/tasks/chronos_bolt/context_length/512/univariate/WUI_Global/Q/short/run_0

============================================================
All experiments completed!
Results saved to: /scratch/users/h61084/codes/evaluating_tsfms/outputs/context_size/tasks
============================================================

############################################################
# All datasets completed!
############################################################

############################################################
# Dataset 1/1: Global_Price/Q
############################################################
Loading configuration...

============================================================
Dataset: Global_Price/Q
Model: amazon/chronos-bolt-base
Terms: ['short']
Instance normalization: none
============================================================
Loading Chronos-Bolt model: amazon/chronos-bolt-base from /fslarge/scratch/users/h61084/weights/chronos-bolt-base...
[2026-09-20 19:50:21 UTC] resources model_device {"device": "cuda", "model": "chronos_bolt"}

--- Term: short ---
  Config: prediction_length=4, test_length=20, val_length=8
  Dataset info:
    - Frequency: Q
    - Num series: 1
    - Target dim: 60
    - Target mode: univariate
    - Series length: min=142, max=142, avg=142.0
    - Test split: 20 steps
    - Prediction length: 4
    - Windows: 5
TIME run allocation action=new run=/fslarge/scratch/users/h61084/codes/evaluating_tsfms/outputs/context_size/tasks/chronos_bolt/context_length/512/univariate/Global_Price/Q/short/run_0 launch_id=selena_context_size_20260920T193931Z_45055 slurm_job_id=3506735 launched_at=2026-09-20T19:50:22.266538+00:00
  Preparing input batches from Test split data...
    Total instances to forecast: 300
  Running predictions (Batch size: 16)...
    Processed 160/300...
    Total instances: 300, Series during experiment: 60, Windows: 5
    Collecting ground truth and context...
    Detected to_univariate case: 60 flat series -> 1 series x 60 variates
    Organizing data into arrays...
    Saved predictions (quantiles) to /fslarge/scratch/users/h61084/codes/evaluating_tsfms/outputs/context_size/tasks/chronos_bolt/context_length/512/univariate/Global_Price/Q/short/run_0/predictions.npz
    Computing per-window metrics...
    Saved metrics to /fslarge/scratch/users/h61084/codes/evaluating_tsfms/outputs/context_size/tasks/chronos_bolt/context_length/512/univariate/Global_Price/Q/short/run_0/metrics.npz
    Saved config to /fslarge/scratch/users/h61084/codes/evaluating_tsfms/outputs/context_size/tasks/chronos_bolt/context_length/512/univariate/Global_Price/Q/short/run_0/config.json
    Saved aggregate metrics to /fslarge/scratch/users/h61084/codes/evaluating_tsfms/outputs/context_size/tasks/chronos_bolt/context_length/512/univariate/Global_Price/Q/short/run_0/metrics_summary.json
    Metrics summary (averaged over all series/windows/variates):
      MSE: 1713971.9016
      MAE: 304.0817
      RMSE: 341.7313
      MAPE: 0.1793
      sMAPE: 0.1905
      MASE: 1.5685
      ND: 0.1799
      CRPS: 0.1462
  Output: /fslarge/scratch/users/h61084/codes/evaluating_tsfms/outputs/context_size/tasks/chronos_bolt/context_length/512/univariate/Global_Price/Q/short/run_0

============================================================
All experiments completed!
Results saved to: /scratch/users/h61084/codes/evaluating_tsfms/outputs/context_size/tasks
============================================================

############################################################
# All datasets completed!
############################################################

############################################################
# Dataset 1/1: Vehicle_Sales/M
############################################################
Loading configuration...

============================================================
Dataset: Vehicle_Sales/M
Model: amazon/chronos-bolt-base
Terms: ['short']
Instance normalization: none
============================================================
Loading Chronos-Bolt model: amazon/chronos-bolt-base from /fslarge/scratch/users/h61084/weights/chronos-bolt-base...
[2026-09-20 19:50:31 UTC] resources model_device {"device": "cuda", "model": "chronos_bolt"}

--- Term: short ---
  Config: prediction_length=12, test_length=60, val_length=12
  Dataset info:
    - Frequency: M
    - Num series: 1
    - Target dim: 10
    - Target mode: univariate
    - Series length: min=596, max=596, avg=596.0
    - Test split: 60 steps
    - Prediction length: 12
    - Windows: 5
TIME run allocation action=new run=/fslarge/scratch/users/h61084/codes/evaluating_tsfms/outputs/context_size/tasks/chronos_bolt/context_length/512/univariate/Vehicle_Sales/M/short/run_0 launch_id=selena_context_size_20260920T193931Z_45055 slurm_job_id=3506735 launched_at=2026-09-20T19:50:32.025553+00:00
  Preparing input batches from Test split data...
    Total instances to forecast: 50
  Running predictions (Batch size: 16)...
    Total instances: 50, Series during experiment: 10, Windows: 5
    Collecting ground truth and context...
    Detected to_univariate case: 10 flat series -> 1 series x 10 variates
    Organizing data into arrays...
    Saved predictions (quantiles) to /fslarge/scratch/users/h61084/codes/evaluating_tsfms/outputs/context_size/tasks/chronos_bolt/context_length/512/univariate/Vehicle_Sales/M/short/run_0/predictions.npz
    Computing per-window metrics...
    Saved metrics to /fslarge/scratch/users/h61084/codes/evaluating_tsfms/outputs/context_size/tasks/chronos_bolt/context_length/512/univariate/Vehicle_Sales/M/short/run_0/metrics.npz
    Saved config to /fslarge/scratch/users/h61084/codes/evaluating_tsfms/outputs/context_size/tasks/chronos_bolt/context_length/512/univariate/Vehicle_Sales/M/short/run_0/config.json
    Saved aggregate metrics to /fslarge/scratch/users/h61084/codes/evaluating_tsfms/outputs/context_size/tasks/chronos_bolt/context_length/512/univariate/Vehicle_Sales/M/short/run_0/metrics_summary.json
    Metrics summary (averaged over all series/windows/variates):
      MSE: 1787.2756
      MAE: 10.9048
      RMSE: 12.7612
      MAPE: 0.0817
      sMAPE: 0.0815
      MASE: 0.7713
      ND: 0.0817
      CRPS: 0.0647
  Output: /fslarge/scratch/users/h61084/codes/evaluating_tsfms/outputs/context_size/tasks/chronos_bolt/context_length/512/univariate/Vehicle_Sales/M/short/run_0

============================================================
All experiments completed!
Results saved to: /scratch/users/h61084/codes/evaluating_tsfms/outputs/context_size/tasks
============================================================

############################################################
# All datasets completed!
############################################################

############################################################
# Dataset 1/1: Online_Retail_2_UCI/D
############################################################
Loading configuration...

============================================================
Dataset: Online_Retail_2_UCI/D
Model: amazon/chronos-bolt-base
Terms: ['short']
Instance normalization: none
============================================================
Loading Chronos-Bolt model: amazon/chronos-bolt-base from /fslarge/scratch/users/h61084/weights/chronos-bolt-base...
[2026-09-20 19:50:40 UTC] resources model_device {"device": "cuda", "model": "chronos_bolt"}

--- Term: short ---
  Config: prediction_length=30, test_length=180, val_length=90
  Dataset info:
    - Frequency: D
    - Num series: 1
    - Target dim: 1
    - Target mode: univariate
    - Series length: min=739, max=739, avg=739.0
    - Test split: 180 steps
    - Prediction length: 30
    - Windows: 6
TIME run allocation action=new run=/fslarge/scratch/users/h61084/codes/evaluating_tsfms/outputs/context_size/tasks/chronos_bolt/context_length/512/univariate/Online_Retail_2_UCI/D/short/run_0 launch_id=selena_context_size_20260920T193931Z_45055 slurm_job_id=3506735 launched_at=2026-09-20T19:50:41.482973+00:00
  Preparing input batches from Test split data...
    Total instances to forecast: 6
  Running predictions (Batch size: 16)...
    Total instances: 6, Series during experiment: 1, Windows: 6
    Collecting ground truth and context...
    Organizing data into arrays...
    ⚠️  Predictions max value (124228.62) exceeds float16 safe range.
    ⚠️  Applying scale factor: 10 (values will be divided)
    Saved predictions (quantiles) to /fslarge/scratch/users/h61084/codes/evaluating_tsfms/outputs/context_size/tasks/chronos_bolt/context_length/512/univariate/Online_Retail_2_UCI/D/short/run_0/predictions.npz
    Computing per-window metrics...
    Saved metrics to /fslarge/scratch/users/h61084/codes/evaluating_tsfms/outputs/context_size/tasks/chronos_bolt/context_length/512/univariate/Online_Retail_2_UCI/D/short/run_0/metrics.npz
    Saved config to /fslarge/scratch/users/h61084/codes/evaluating_tsfms/outputs/context_size/tasks/chronos_bolt/context_length/512/univariate/Online_Retail_2_UCI/D/short/run_0/config.json
    Saved aggregate metrics to /fslarge/scratch/users/h61084/codes/evaluating_tsfms/outputs/context_size/tasks/chronos_bolt/context_length/512/univariate/Online_Retail_2_UCI/D/short/run_0/metrics_summary.json
    Metrics summary (averaged over all series/windows/variates):
      MSE: 308937070.0790
      MAE: 10222.1512
      RMSE: 15879.5677
      MAPE: 0.2667
      sMAPE: 0.5251
      MASE: 0.6180
      ND: 0.2974
      CRPS: 0.2460
  Output: /fslarge/scratch/users/h61084/codes/evaluating_tsfms/outputs/context_size/tasks/chronos_bolt/context_length/512/univariate/Online_Retail_2_UCI/D/short/run_0

============================================================
All experiments completed!
Results saved to: /scratch/users/h61084/codes/evaluating_tsfms/outputs/context_size/tasks
============================================================

############################################################
# All datasets completed!
############################################################

############################################################
# Dataset 1/1: Supply_Chain_Customer/D
############################################################
Loading configuration...

============================================================
Dataset: Supply_Chain_Customer/D
Model: amazon/chronos-bolt-base
Terms: ['short']
Instance normalization: none
============================================================
Loading Chronos-Bolt model: amazon/chronos-bolt-base from /fslarge/scratch/users/h61084/weights/chronos-bolt-base...
[2026-09-20 19:50:50 UTC] resources model_device {"device": "cuda", "model": "chronos_bolt"}

--- Term: short ---
  Config: prediction_length=30, test_length=365, val_length=90
  Dataset info:
    - Frequency: D
    - Num series: 1
    - Target dim: 36
    - Target mode: univariate
    - Series length: min=2007, max=2007, avg=2007.0
    - Test split: 365 steps
    - Prediction length: 30
    - Windows: 12
TIME run allocation action=new run=/fslarge/scratch/users/h61084/codes/evaluating_tsfms/outputs/context_size/tasks/chronos_bolt/context_length/512/univariate/Supply_Chain_Customer/D/short/run_0 launch_id=selena_context_size_20260920T193931Z_45055 slurm_job_id=3506735 launched_at=2026-09-20T19:50:50.892678+00:00
  Preparing input batches from Test split data...
    Total instances to forecast: 432
  Running predictions (Batch size: 16)...
    Processed 160/432...
    Processed 320/432...
    Total instances: 432, Series during experiment: 36, Windows: 12
    Collecting ground truth and context...
    Detected to_univariate case: 36 flat series -> 1 series x 36 variates
    Organizing data into arrays...
    ⚠️  Predictions max value (254615.92) exceeds float16 safe range.
    ⚠️  Applying scale factor: 10 (values will be divided)
    Saved predictions (quantiles) to /fslarge/scratch/users/h61084/codes/evaluating_tsfms/outputs/context_size/tasks/chronos_bolt/context_length/512/univariate/Supply_Chain_Customer/D/short/run_0/predictions.npz
    Computing per-window metrics...
    Saved metrics to /fslarge/scratch/users/h61084/codes/evaluating_tsfms/outputs/context_size/tasks/chronos_bolt/context_length/512/univariate/Supply_Chain_Customer/D/short/run_0/metrics.npz
    Saved config to /fslarge/scratch/users/h61084/codes/evaluating_tsfms/outputs/context_size/tasks/chronos_bolt/context_length/512/univariate/Supply_Chain_Customer/D/short/run_0/config.json
    Saved aggregate metrics to /fslarge/scratch/users/h61084/codes/evaluating_tsfms/outputs/context_size/tasks/chronos_bolt/context_length/512/univariate/Supply_Chain_Customer/D/short/run_0/metrics_summary.json
    Metrics summary (averaged over all series/windows/variates):
      MSE: 36615127.1344
      MAE: 1790.8037
      RMSE: 2492.7260
      MAPE: 0.4373
      sMAPE: 0.4279
      MASE: 0.6325
      ND: 0.3721
      CRPS: 0.3001
  Output: /fslarge/scratch/users/h61084/codes/evaluating_tsfms/outputs/context_size/tasks/chronos_bolt/context_length/512/univariate/Supply_Chain_Customer/D/short/run_0

============================================================
All experiments completed!
Results saved to: /scratch/users/h61084/codes/evaluating_tsfms/outputs/context_size/tasks
============================================================

############################################################
# All datasets completed!
############################################################

############################################################
# Dataset 1/1: Supply_Chain_Location/D
############################################################
Loading configuration...

============================================================
Dataset: Supply_Chain_Location/D
Model: amazon/chronos-bolt-base
Terms: ['short']
Instance normalization: none
============================================================
Loading Chronos-Bolt model: amazon/chronos-bolt-base from /fslarge/scratch/users/h61084/weights/chronos-bolt-base...
[2026-09-20 19:51:00 UTC] resources model_device {"device": "cuda", "model": "chronos_bolt"}

--- Term: short ---
  Config: prediction_length=30, test_length=365, val_length=90
  Dataset info:
    - Frequency: D
    - Num series: 1
    - Target dim: 51
    - Target mode: univariate
    - Series length: min=2007, max=2007, avg=2007.0
    - Test split: 365 steps
    - Prediction length: 30
    - Windows: 12
TIME run allocation action=new run=/fslarge/scratch/users/h61084/codes/evaluating_tsfms/outputs/context_size/tasks/chronos_bolt/context_length/512/univariate/Supply_Chain_Location/D/short/run_0 launch_id=selena_context_size_20260920T193931Z_45055 slurm_job_id=3506735 launched_at=2026-09-20T19:51:00.791489+00:00
  Preparing input batches from Test split data...
    Total instances to forecast: 612
  Running predictions (Batch size: 16)...
    Processed 160/612...
    Processed 320/612...
    Processed 480/612...
    Total instances: 612, Series during experiment: 51, Windows: 12
    Collecting ground truth and context...
    Detected to_univariate case: 51 flat series -> 1 series x 51 variates
    Organizing data into arrays...
    ⚠️  Predictions max value (124998.38) exceeds float16 safe range.
    ⚠️  Applying scale factor: 10 (values will be divided)
    Saved predictions (quantiles) to /fslarge/scratch/users/h61084/codes/evaluating_tsfms/outputs/context_size/tasks/chronos_bolt/context_length/512/univariate/Supply_Chain_Location/D/short/run_0/predictions.npz
    Computing per-window metrics...
    Saved metrics to /fslarge/scratch/users/h61084/codes/evaluating_tsfms/outputs/context_size/tasks/chronos_bolt/context_length/512/univariate/Supply_Chain_Location/D/short/run_0/metrics.npz
    Saved config to /fslarge/scratch/users/h61084/codes/evaluating_tsfms/outputs/context_size/tasks/chronos_bolt/context_length/512/univariate/Supply_Chain_Location/D/short/run_0/config.json
    Saved aggregate metrics to /fslarge/scratch/users/h61084/codes/evaluating_tsfms/outputs/context_size/tasks/chronos_bolt/context_length/512/univariate/Supply_Chain_Location/D/short/run_0/metrics_summary.json
    Metrics summary (averaged over all series/windows/variates):
      MSE: 22049857.9751
      MAE: 1807.5323
      RMSE: 2443.0199
      MAPE: 0.5010
      sMAPE: 0.4273
      MASE: 0.6602
      ND: 0.3858
      CRPS: 0.3078
  Output: /fslarge/scratch/users/h61084/codes/evaluating_tsfms/outputs/context_size/tasks/chronos_bolt/context_length/512/univariate/Supply_Chain_Location/D/short/run_0

============================================================
All experiments completed!
Results saved to: /scratch/users/h61084/codes/evaluating_tsfms/outputs/context_size/tasks
============================================================

############################################################
# All datasets completed!
############################################################

############################################################
# Dataset 1/1: azure2019_D/5T
############################################################
Loading configuration...

============================================================
Dataset: azure2019_D/5T
Model: amazon/chronos-bolt-base
Terms: ['short']
Instance normalization: none
============================================================
Loading Chronos-Bolt model: amazon/chronos-bolt-base from /fslarge/scratch/users/h61084/weights/chronos-bolt-base...
[2026-09-20 19:51:10 UTC] resources model_device {"device": "cuda", "model": "chronos_bolt"}

--- Term: short ---
  Config: prediction_length=288, test_length=864, val_length=864
  Dataset info:
    - Frequency: 5T
    - Num series: 989
    - Target dim: 3
    - Target mode: univariate
    - Series length: min=8073, max=8639, avg=8627.0
    - Test split: 864 steps
    - Prediction length: 288
    - Windows: 3
TIME run allocation action=new run=/fslarge/scratch/users/h61084/codes/evaluating_tsfms/outputs/context_size/tasks/chronos_bolt/context_length/512/univariate/azure2019_D/5T/short/run_0 launch_id=selena_context_size_20260920T193931Z_45055 slurm_job_id=3506735 launched_at=2026-09-20T19:51:10.997427+00:00
  Preparing input batches from Test split data...
    Total instances to forecast: 8901
  Running predictions (Batch size: 16)...
    Processed 160/8901...
    Processed 320/8901...
    Processed 480/8901...
    Processed 640/8901...
    Processed 800/8901...
    Processed 960/8901...
    Processed 1120/8901...
    Processed 1280/8901...
    Processed 1440/8901...
    Processed 1600/8901...
    Processed 1760/8901...
    Processed 1920/8901...
    Processed 2080/8901...
    Processed 2240/8901...
    Processed 2400/8901...
    Processed 2560/8901...
    Processed 2720/8901...
    Processed 2880/8901...
    Processed 3040/8901...
    Processed 3200/8901...
    Processed 3360/8901...
    Processed 3520/8901...
    Processed 3680/8901...
    Processed 3840/8901...
    Processed 4000/8901...
    Processed 4160/8901...
    Processed 4320/8901...
    Processed 4480/8901...
    Processed 4640/8901...
    Processed 4800/8901...
    Processed 4960/8901...
    Processed 5120/8901...
    Processed 5280/8901...
    Processed 5440/8901...
    Processed 5600/8901...
    Processed 5760/8901...
    Processed 5920/8901...
    Processed 6080/8901...
    Processed 6240/8901...
    Processed 6400/8901...
    Processed 6560/8901...
    Processed 6720/8901...
    Processed 6880/8901...
    Processed 7040/8901...
    Processed 7200/8901...
    Processed 7360/8901...
    Processed 7520/8901...
    Processed 7680/8901...
    Processed 7840/8901...
    Processed 8000/8901...
    Processed 8160/8901...
    Processed 8320/8901...
    Processed 8480/8901...
    Processed 8640/8901...
    Processed 8800/8901...
    Total instances: 8901, Series during experiment: 2967, Windows: 3
    Collecting ground truth and context...
    Detected to_univariate case: 2967 flat series -> 989 series x 3 variates
    Organizing data into arrays...
    Saved predictions (quantiles) to /fslarge/scratch/users/h61084/codes/evaluating_tsfms/outputs/context_size/tasks/chronos_bolt/context_length/512/univariate/azure2019_D/5T/short/run_0/predictions.npz
    Computing per-window metrics...
    Saved metrics to /fslarge/scratch/users/h61084/codes/evaluating_tsfms/outputs/context_size/tasks/chronos_bolt/context_length/512/univariate/azure2019_D/5T/short/run_0/metrics.npz
    Saved config to /fslarge/scratch/users/h61084/codes/evaluating_tsfms/outputs/context_size/tasks/chronos_bolt/context_length/512/univariate/azure2019_D/5T/short/run_0/config.json
    Saved aggregate metrics to /fslarge/scratch/users/h61084/codes/evaluating_tsfms/outputs/context_size/tasks/chronos_bolt/context_length/512/univariate/azure2019_D/5T/short/run_0/metrics_summary.json
    Metrics summary (averaged over all series/windows/variates):
      MSE: 62.0151
      MAE: 2.9252
      RMSE: 4.0184
      MAPE: 0.2396
      sMAPE: 0.1915
      MASE: 0.8062
      ND: 0.1979
      CRPS: 0.1643
  Output: /fslarge/scratch/users/h61084/codes/evaluating_tsfms/outputs/context_size/tasks/chronos_bolt/context_length/512/univariate/azure2019_D/5T/short/run_0

============================================================
All experiments completed!
Results saved to: /scratch/users/h61084/codes/evaluating_tsfms/outputs/context_size/tasks
============================================================

############################################################
# All datasets completed!
############################################################

############################################################
# Dataset 1/1: azure2019_I/5T
############################################################
Loading configuration...

============================================================
Dataset: azure2019_I/5T
Model: amazon/chronos-bolt-base
Terms: ['short']
Instance normalization: none
============================================================
Loading Chronos-Bolt model: amazon/chronos-bolt-base from /fslarge/scratch/users/h61084/weights/chronos-bolt-base...
[2026-09-20 19:53:21 UTC] resources model_device {"device": "cuda", "model": "chronos_bolt"}

--- Term: short ---
  Config: prediction_length=288, test_length=864, val_length=864
  Dataset info:
    - Frequency: 5T
    - Num series: 492
    - Target dim: 3
    - Target mode: univariate
    - Series length: min=8250, max=8639, avg=8630.4
    - Test split: 864 steps
    - Prediction length: 288
    - Windows: 3
TIME run allocation action=new run=/fslarge/scratch/users/h61084/codes/evaluating_tsfms/outputs/context_size/tasks/chronos_bolt/context_length/512/univariate/azure2019_I/5T/short/run_0 launch_id=selena_context_size_20260920T193931Z_45055 slurm_job_id=3506735 launched_at=2026-09-20T19:53:22.298385+00:00
  Preparing input batches from Test split data...
    Total instances to forecast: 4428
  Running predictions (Batch size: 16)...
    Processed 160/4428...
    Processed 320/4428...
    Processed 480/4428...
    Processed 640/4428...
    Processed 800/4428...
    Processed 960/4428...
    Processed 1120/4428...
    Processed 1280/4428...
    Processed 1440/4428...
    Processed 1600/4428...
    Processed 1760/4428...
    Processed 1920/4428...
    Processed 2080/4428...
    Processed 2240/4428...
    Processed 2400/4428...
    Processed 2560/4428...
    Processed 2720/4428...
    Processed 2880/4428...
    Processed 3040/4428...
    Processed 3200/4428...
    Processed 3360/4428...
    Processed 3520/4428...
    Processed 3680/4428...
    Processed 3840/4428...
    Processed 4000/4428...
    Processed 4160/4428...
    Processed 4320/4428...
    Total instances: 4428, Series during experiment: 1476, Windows: 3
    Collecting ground truth and context...
    Detected to_univariate case: 1476 flat series -> 492 series x 3 variates
    Organizing data into arrays...
    Saved predictions (quantiles) to /fslarge/scratch/users/h61084/codes/evaluating_tsfms/outputs/context_size/tasks/chronos_bolt/context_length/512/univariate/azure2019_I/5T/short/run_0/predictions.npz
    Computing per-window metrics...
    Saved metrics to /fslarge/scratch/users/h61084/codes/evaluating_tsfms/outputs/context_size/tasks/chronos_bolt/context_length/512/univariate/azure2019_I/5T/short/run_0/metrics.npz
    Saved config to /fslarge/scratch/users/h61084/codes/evaluating_tsfms/outputs/context_size/tasks/chronos_bolt/context_length/512/univariate/azure2019_I/5T/short/run_0/config.json
    Saved aggregate metrics to /fslarge/scratch/users/h61084/codes/evaluating_tsfms/outputs/context_size/tasks/chronos_bolt/context_length/512/univariate/azure2019_I/5T/short/run_0/metrics_summary.json
    Metrics summary (averaged over all series/windows/variates):
      MSE: 58.9798
      MAE: 2.6762
      RMSE: 3.7817
      MAPE: 0.2290
      sMAPE: 0.1795
      MASE: 0.8348
      ND: 0.1879
      CRPS: 0.1541
  Output: /fslarge/scratch/users/h61084/codes/evaluating_tsfms/outputs/context_size/tasks/chronos_bolt/context_length/512/univariate/azure2019_I/5T/short/run_0

============================================================
All experiments completed!
Results saved to: /scratch/users/h61084/codes/evaluating_tsfms/outputs/context_size/tasks
============================================================

############################################################
# All datasets completed!
############################################################

############################################################
# Dataset 1/1: azure2019_U/5T
############################################################
Loading configuration...

============================================================
Dataset: azure2019_U/5T
Model: amazon/chronos-bolt-base
Terms: ['short']
Instance normalization: none
============================================================
Loading Chronos-Bolt model: amazon/chronos-bolt-base from /fslarge/scratch/users/h61084/weights/chronos-bolt-base...
[2026-09-20 19:54:32 UTC] resources model_device {"device": "cuda", "model": "chronos_bolt"}

--- Term: short ---
  Config: prediction_length=48, test_length=288, val_length=96
  Dataset info:
    - Frequency: 5T
    - Num series: 78
    - Target dim: 3
    - Target mode: univariate
    - Series length: min=882, max=2006, avg=1406.1
    - Test split: 288 steps
    - Prediction length: 48
    - Windows: 6
TIME run allocation action=new run=/fslarge/scratch/users/h61084/codes/evaluating_tsfms/outputs/context_size/tasks/chronos_bolt/context_length/512/univariate/azure2019_U/5T/short/run_0 launch_id=selena_context_size_20260920T193931Z_45055 slurm_job_id=3506735 launched_at=2026-09-20T19:54:32.791891+00:00
  Preparing input batches from Test split data...
    Total instances to forecast: 1404
  Running predictions (Batch size: 16)...
    Processed 160/1404...
    Processed 320/1404...
    Processed 480/1404...
    Processed 640/1404...
    Processed 800/1404...
    Processed 960/1404...
    Processed 1120/1404...
    Processed 1280/1404...
    Total instances: 1404, Series during experiment: 234, Windows: 6
    Collecting ground truth and context...
    Detected to_univariate case: 234 flat series -> 78 series x 3 variates
    Organizing data into arrays...
    Saved predictions (quantiles) to /fslarge/scratch/users/h61084/codes/evaluating_tsfms/outputs/context_size/tasks/chronos_bolt/context_length/512/univariate/azure2019_U/5T/short/run_0/predictions.npz
    Computing per-window metrics...
    Saved metrics to /fslarge/scratch/users/h61084/codes/evaluating_tsfms/outputs/context_size/tasks/chronos_bolt/context_length/512/univariate/azure2019_U/5T/short/run_0/metrics.npz
    Saved config to /fslarge/scratch/users/h61084/codes/evaluating_tsfms/outputs/context_size/tasks/chronos_bolt/context_length/512/univariate/azure2019_U/5T/short/run_0/config.json
    Saved aggregate metrics to /fslarge/scratch/users/h61084/codes/evaluating_tsfms/outputs/context_size/tasks/chronos_bolt/context_length/512/univariate/azure2019_U/5T/short/run_0/metrics_summary.json
    Metrics summary (averaged over all series/windows/variates):
      MSE: 71.1709
      MAE: 2.6127
      RMSE: 3.5683
      MAPE: 0.4005
      sMAPE: 0.2013
      MASE: 0.7997
      ND: 0.2191
      CRPS: 0.1803
  Output: /fslarge/scratch/users/h61084/codes/evaluating_tsfms/outputs/context_size/tasks/chronos_bolt/context_length/512/univariate/azure2019_U/5T/short/run_0

============================================================
All experiments completed!
Results saved to: /scratch/users/h61084/codes/evaluating_tsfms/outputs/context_size/tasks
============================================================

############################################################
# All datasets completed!
############################################################

############################################################
# Dataset 1/1: Smart_Manufacturing/H
############################################################
Loading configuration...

============================================================
Dataset: Smart_Manufacturing/H
Model: amazon/chronos-bolt-base
Terms: ['short', 'medium', 'long']
Instance normalization: none
============================================================
Loading Chronos-Bolt model: amazon/chronos-bolt-base from /fslarge/scratch/users/h61084/weights/chronos-bolt-base...
[2026-09-20 19:54:43 UTC] resources model_device {"device": "cuda", "model": "chronos_bolt"}

--- Term: short ---
  Config: prediction_length=24, test_length=336, val_length=336
  Dataset info:
    - Frequency: H
    - Num series: 34
    - Target dim: 5
    - Target mode: univariate
    - Series length: min=1661, max=1667, avg=1665.9
    - Test split: 336 steps
    - Prediction length: 24
    - Windows: 14
TIME run allocation action=new run=/fslarge/scratch/users/h61084/codes/evaluating_tsfms/outputs/context_size/tasks/chronos_bolt/context_length/512/univariate/Smart_Manufacturing/H/short/run_0 launch_id=selena_context_size_20260920T193931Z_45055 slurm_job_id=3506735 launched_at=2026-09-20T19:54:44.111707+00:00
  Preparing input batches from Test split data...
    Total instances to forecast: 2380
  Running predictions (Batch size: 16)...
    Processed 160/2380...
    Processed 320/2380...
    Processed 480/2380...
    Processed 640/2380...
    Processed 800/2380...
    Processed 960/2380...
    Processed 1120/2380...
    Processed 1280/2380...
    Processed 1440/2380...
    Processed 1600/2380...
    Processed 1760/2380...
    Processed 1920/2380...
    Processed 2080/2380...
    Processed 2240/2380...
    Total instances: 2380, Series during experiment: 170, Windows: 14
    Collecting ground truth and context...
    Detected to_univariate case: 170 flat series -> 34 series x 5 variates
    Organizing data into arrays...
    Saved predictions (quantiles) to /fslarge/scratch/users/h61084/codes/evaluating_tsfms/outputs/context_size/tasks/chronos_bolt/context_length/512/univariate/Smart_Manufacturing/H/short/run_0/predictions.npz
    Computing per-window metrics...
    Saved metrics to /fslarge/scratch/users/h61084/codes/evaluating_tsfms/outputs/context_size/tasks/chronos_bolt/context_length/512/univariate/Smart_Manufacturing/H/short/run_0/metrics.npz
    Saved config to /fslarge/scratch/users/h61084/codes/evaluating_tsfms/outputs/context_size/tasks/chronos_bolt/context_length/512/univariate/Smart_Manufacturing/H/short/run_0/config.json
    Saved aggregate metrics to /fslarge/scratch/users/h61084/codes/evaluating_tsfms/outputs/context_size/tasks/chronos_bolt/context_length/512/univariate/Smart_Manufacturing/H/short/run_0/metrics_summary.json
    Metrics summary (averaged over all series/windows/variates):
      MSE: 79.3800
      MAE: 5.7584
      RMSE: 7.1105
      MAPE: 0.3428
      sMAPE: 0.2267
      MASE: 0.7173
      ND: 0.2186
      CRPS: 0.1679
  Output: /fslarge/scratch/users/h61084/codes/evaluating_tsfms/outputs/context_size/tasks/chronos_bolt/context_length/512/univariate/Smart_Manufacturing/H/short/run_0

--- Term: medium ---
  Config: prediction_length=168, test_length=336, val_length=336
  Dataset info:
    - Frequency: H
    - Num series: 34
    - Target dim: 5
    - Target mode: univariate
    - Series length: min=1661, max=1667, avg=1665.9
    - Test split: 336 steps
    - Prediction length: 168
    - Windows: 2
TIME run allocation action=new run=/fslarge/scratch/users/h61084/codes/evaluating_tsfms/outputs/context_size/tasks/chronos_bolt/context_length/512/univariate/Smart_Manufacturing/H/medium/run_0 launch_id=selena_context_size_20260920T193931Z_45055 slurm_job_id=3506735 launched_at=2026-09-20T19:54:47.170563+00:00
  Preparing input batches from Test split data...
    Total instances to forecast: 340
  Running predictions (Batch size: 16)...
    Processed 160/340...
    Processed 320/340...
    Total instances: 340, Series during experiment: 170, Windows: 2
    Collecting ground truth and context...
    Detected to_univariate case: 170 flat series -> 34 series x 5 variates
    Organizing data into arrays...
    Saved predictions (quantiles) to /fslarge/scratch/users/h61084/codes/evaluating_tsfms/outputs/context_size/tasks/chronos_bolt/context_length/512/univariate/Smart_Manufacturing/H/medium/run_0/predictions.npz
    Computing per-window metrics...
    Saved metrics to /fslarge/scratch/users/h61084/codes/evaluating_tsfms/outputs/context_size/tasks/chronos_bolt/context_length/512/univariate/Smart_Manufacturing/H/medium/run_0/metrics.npz
    Saved config to /fslarge/scratch/users/h61084/codes/evaluating_tsfms/outputs/context_size/tasks/chronos_bolt/context_length/512/univariate/Smart_Manufacturing/H/medium/run_0/config.json
    Saved aggregate metrics to /fslarge/scratch/users/h61084/codes/evaluating_tsfms/outputs/context_size/tasks/chronos_bolt/context_length/512/univariate/Smart_Manufacturing/H/medium/run_0/metrics_summary.json
    Metrics summary (averaged over all series/windows/variates):
      MSE: 78.9517
      MAE: 5.7441
      RMSE: 7.1756
      MAPE: 0.3475
      sMAPE: 0.2262
      MASE: 0.7151
      ND: 0.2166
      CRPS: 0.1689
  Output: /fslarge/scratch/users/h61084/codes/evaluating_tsfms/outputs/context_size/tasks/chronos_bolt/context_length/512/univariate/Smart_Manufacturing/H/medium/run_0

--- Term: long ---
  Config: prediction_length=336, test_length=336, val_length=336
  Dataset info:
    - Frequency: H
    - Num series: 34
    - Target dim: 5
    - Target mode: univariate
    - Series length: min=1661, max=1667, avg=1665.9
    - Test split: 336 steps
    - Prediction length: 336
    - Windows: 1
TIME run allocation action=new run=/fslarge/scratch/users/h61084/codes/evaluating_tsfms/outputs/context_size/tasks/chronos_bolt/context_length/512/univariate/Smart_Manufacturing/H/long/run_0 launch_id=selena_context_size_20260920T193931Z_45055 slurm_job_id=3506735 launched_at=2026-09-20T19:54:49.528414+00:00
  Preparing input batches from Test split data...
    Total instances to forecast: 170
  Running predictions (Batch size: 16)...
    Processed 160/170...
    Total instances: 170, Series during experiment: 170, Windows: 1
    Collecting ground truth and context...
    Detected to_univariate case: 170 flat series -> 34 series x 5 variates
    Organizing data into arrays...
    Saved predictions (quantiles) to /fslarge/scratch/users/h61084/codes/evaluating_tsfms/outputs/context_size/tasks/chronos_bolt/context_length/512/univariate/Smart_Manufacturing/H/long/run_0/predictions.npz
    Computing per-window metrics...
    Saved metrics to /fslarge/scratch/users/h61084/codes/evaluating_tsfms/outputs/context_size/tasks/chronos_bolt/context_length/512/univariate/Smart_Manufacturing/H/long/run_0/metrics.npz
    Saved config to /fslarge/scratch/users/h61084/codes/evaluating_tsfms/outputs/context_size/tasks/chronos_bolt/context_length/512/univariate/Smart_Manufacturing/H/long/run_0/config.json
    Saved aggregate metrics to /fslarge/scratch/users/h61084/codes/evaluating_tsfms/outputs/context_size/tasks/chronos_bolt/context_length/512/univariate/Smart_Manufacturing/H/long/run_0/metrics_summary.json
    Metrics summary (averaged over all series/windows/variates):
      MSE: 79.0214
      MAE: 5.7432
      RMSE: 7.1869
      MAPE: 0.3511
      sMAPE: 0.2261
      MASE: 0.7145
      ND: 0.2164
      CRPS: 0.1751
  Output: /fslarge/scratch/users/h61084/codes/evaluating_tsfms/outputs/context_size/tasks/chronos_bolt/context_length/512/univariate/Smart_Manufacturing/H/long/run_0

============================================================
All experiments completed!
Results saved to: /scratch/users/h61084/codes/evaluating_tsfms/outputs/context_size/tasks
============================================================

############################################################
# All datasets completed!
############################################################

############################################################
# Dataset 1/1: MetroPT-3/5T
############################################################
Loading configuration...

============================================================
Dataset: MetroPT-3/5T
Model: amazon/chronos-bolt-base
Terms: ['short', 'medium', 'long']
Instance normalization: none
============================================================
Loading Chronos-Bolt model: amazon/chronos-bolt-base from /fslarge/scratch/users/h61084/weights/chronos-bolt-base...
[2026-09-20 19:55:00 UTC] resources model_device {"device": "cuda", "model": "chronos_bolt"}

--- Term: short ---
  Config: prediction_length=48, test_length=1728, val_length=1728
  Dataset info:
    - Frequency: 5T
    - Num series: 1
    - Target dim: 6
    - Target mode: univariate
    - Series length: min=17809, max=17809, avg=17809.0
    - Test split: 1728 steps
    - Prediction length: 48
    - Windows: 36
TIME run allocation action=new run=/fslarge/scratch/users/h61084/codes/evaluating_tsfms/outputs/context_size/tasks/chronos_bolt/context_length/512/univariate/MetroPT-3/5T/short/run_0 launch_id=selena_context_size_20260920T193931Z_45055 slurm_job_id=3506735 launched_at=2026-09-20T19:55:01.625122+00:00
  Preparing input batches from Test split data...
    Total instances to forecast: 216
  Running predictions (Batch size: 16)...
    Processed 160/216...
    Total instances: 216, Series during experiment: 6, Windows: 36
    Collecting ground truth and context...
    Detected to_univariate case: 6 flat series -> 1 series x 6 variates
    Organizing data into arrays...
    Saved predictions (quantiles) to /fslarge/scratch/users/h61084/codes/evaluating_tsfms/outputs/context_size/tasks/chronos_bolt/context_length/512/univariate/MetroPT-3/5T/short/run_0/predictions.npz
    Computing per-window metrics...
    Saved metrics to /fslarge/scratch/users/h61084/codes/evaluating_tsfms/outputs/context_size/tasks/chronos_bolt/context_length/512/univariate/MetroPT-3/5T/short/run_0/metrics.npz
    Saved config to /fslarge/scratch/users/h61084/codes/evaluating_tsfms/outputs/context_size/tasks/chronos_bolt/context_length/512/univariate/MetroPT-3/5T/short/run_0/config.json
    Saved aggregate metrics to /fslarge/scratch/users/h61084/codes/evaluating_tsfms/outputs/context_size/tasks/chronos_bolt/context_length/512/univariate/MetroPT-3/5T/short/run_0/metrics_summary.json
    Metrics summary (averaged over all series/windows/variates):
      MSE: 3.9458
      MAE: 1.2196
      RMSE: 1.5693
      MAPE: 5.1914
      sMAPE: 0.4977
      MASE: 0.6638
      ND: 0.3414
      CRPS: 0.2553
  Output: /fslarge/scratch/users/h61084/codes/evaluating_tsfms/outputs/context_size/tasks/chronos_bolt/context_length/512/univariate/MetroPT-3/5T/short/run_0

--- Term: medium ---
  Config: prediction_length=288, test_length=1728, val_length=1728
  Dataset info:
    - Frequency: 5T
    - Num series: 1
    - Target dim: 6
    - Target mode: univariate
    - Series length: min=17809, max=17809, avg=17809.0
    - Test split: 1728 steps
    - Prediction length: 288
    - Windows: 6
TIME run allocation action=new run=/fslarge/scratch/users/h61084/codes/evaluating_tsfms/outputs/context_size/tasks/chronos_bolt/context_length/512/univariate/MetroPT-3/5T/medium/run_0 launch_id=selena_context_size_20260920T193931Z_45055 slurm_job_id=3506735 launched_at=2026-09-20T19:55:02.185465+00:00
  Preparing input batches from Test split data...
    Total instances to forecast: 36
  Running predictions (Batch size: 16)...
    Total instances: 36, Series during experiment: 6, Windows: 6
    Collecting ground truth and context...
    Detected to_univariate case: 6 flat series -> 1 series x 6 variates
    Organizing data into arrays...
    Saved predictions (quantiles) to /fslarge/scratch/users/h61084/codes/evaluating_tsfms/outputs/context_size/tasks/chronos_bolt/context_length/512/univariate/MetroPT-3/5T/medium/run_0/predictions.npz
    Computing per-window metrics...
    Saved metrics to /fslarge/scratch/users/h61084/codes/evaluating_tsfms/outputs/context_size/tasks/chronos_bolt/context_length/512/univariate/MetroPT-3/5T/medium/run_0/metrics.npz
    Saved config to /fslarge/scratch/users/h61084/codes/evaluating_tsfms/outputs/context_size/tasks/chronos_bolt/context_length/512/univariate/MetroPT-3/5T/medium/run_0/config.json
    Saved aggregate metrics to /fslarge/scratch/users/h61084/codes/evaluating_tsfms/outputs/context_size/tasks/chronos_bolt/context_length/512/univariate/MetroPT-3/5T/medium/run_0/metrics_summary.json
    Metrics summary (averaged over all series/windows/variates):
      MSE: 4.2097
      MAE: 1.2561
      RMSE: 1.6180
      MAPE: 6.6829
      sMAPE: 0.4859
      MASE: 0.7043
      ND: 0.3463
      CRPS: 0.2646
  Output: /fslarge/scratch/users/h61084/codes/evaluating_tsfms/outputs/context_size/tasks/chronos_bolt/context_length/512/univariate/MetroPT-3/5T/medium/run_0

--- Term: long ---
  Config: prediction_length=576, test_length=1728, val_length=1728
  Dataset info:
    - Frequency: 5T
    - Num series: 1
    - Target dim: 6
    - Target mode: univariate
    - Series length: min=17809, max=17809, avg=17809.0
    - Test split: 1728 steps
    - Prediction length: 576
    - Windows: 3
TIME run allocation action=new run=/fslarge/scratch/users/h61084/codes/evaluating_tsfms/outputs/context_size/tasks/chronos_bolt/context_length/512/univariate/MetroPT-3/5T/long/run_0 launch_id=selena_context_size_20260920T193931Z_45055 slurm_job_id=3506735 launched_at=2026-09-20T19:55:02.806601+00:00
  Preparing input batches from Test split data...
    Total instances to forecast: 18
  Running predictions (Batch size: 16)...
    Total instances: 18, Series during experiment: 6, Windows: 3
    Collecting ground truth and context...
    Detected to_univariate case: 6 flat series -> 1 series x 6 variates
    Organizing data into arrays...
    Saved predictions (quantiles) to /fslarge/scratch/users/h61084/codes/evaluating_tsfms/outputs/context_size/tasks/chronos_bolt/context_length/512/univariate/MetroPT-3/5T/long/run_0/predictions.npz
    Computing per-window metrics...
    Saved metrics to /fslarge/scratch/users/h61084/codes/evaluating_tsfms/outputs/context_size/tasks/chronos_bolt/context_length/512/univariate/MetroPT-3/5T/long/run_0/metrics.npz
    Saved config to /fslarge/scratch/users/h61084/codes/evaluating_tsfms/outputs/context_size/tasks/chronos_bolt/context_length/512/univariate/MetroPT-3/5T/long/run_0/config.json
    Saved aggregate metrics to /fslarge/scratch/users/h61084/codes/evaluating_tsfms/outputs/context_size/tasks/chronos_bolt/context_length/512/univariate/MetroPT-3/5T/long/run_0/metrics_summary.json
    Metrics summary (averaged over all series/windows/variates):
      MSE: 3.6646
      MAE: 1.2045
      RMSE: 1.5666
      MAPE: 6.0297
      sMAPE: 0.4896
      MASE: 0.6994
      ND: 0.3447
      CRPS: 0.2819
  Output: /fslarge/scratch/users/h61084/codes/evaluating_tsfms/outputs/context_size/tasks/chronos_bolt/context_length/512/univariate/MetroPT-3/5T/long/run_0

============================================================
All experiments completed!
Results saved to: /scratch/users/h61084/codes/evaluating_tsfms/outputs/context_size/tasks
============================================================

############################################################
# All datasets completed!
############################################################
2026-09-20 21:55:04 | task model=chronos_bolt runner=run_chronos_bolt.sh environment=uv covariate_mode=none target_mode=auto context_length=512 instance_normalization=none completed status=success
2026-09-20 21:55:04 | stage evaluate completed status=success
2026-09-20 21:55:04 | workflow context_size completed status=success exit_code=0
