[2026-09-20 20:48:51 UTC] resources allocation {"ADAPTIME_DEVICE": "unset", "CUDA_VISIBLE_DEVICES": "0", "SLURM_CPUS_PER_TASK": "8", "SLURM_JOB_GPUS": "0,1,2,3", "SLURM_JOB_ID": "3506750", "SLURM_MEM_PER_CPU": "unset", "SLURM_MEM_PER_NODE": "80000", "SLURM_STEP_GPUS": "0", "SLURM_STEP_ID": "0", "cpu_count": 8, "host": "sean0012"}
[2026-09-20 20:48:51 UTC] resources RAM {"MemAvailable_MiB": 372954.87890625, "MemTotal_MiB": 386622.91015625}
[2026-09-20 20:48:51 UTC] resources nvidia_inventory {"columns": "index,uuid,name,driver,total_MiB,free_MiB,used_MiB", "devices": ["0, GPU-85b11840-b0cf-bd32-4bb2-ff57b7feeca8, NVIDIA H100 NVL, 560.35.05, 95830, 95350, 1"]}
[2026-09-20 20:48:53 UTC] resources torch {"cuda_available": true, "note": "visibility probe; CPU-only stages need not use an allocated GPU", "version": "2.9.1+cu128", "visible_gpu_count": 1}
[2026-09-20 20:48:53 UTC] resources cuda_device {"capability": "9.0", "free_MiB": 94825.125, "logical_index": 0, "name": "NVIDIA H100 NVL", "total_MiB": 95350.1875}
2026-09-20 22:48:53 | workflow instance_normalization started launch_id=selena_instance_normalization_20260920T193952Z_48346 task=chronos_bolt slurm_job_id=3506750 slurm_array_job_id=none slurm_array_task_id=none
2026-09-20 22:48:53 | stage evaluate started
2026-09-20 22:48:53 | task model=chronos_bolt runner=run_chronos_bolt.sh environment=uv covariate_mode=none target_mode=auto context_length=model_default instance_normalization=none started
[2026-09-20 22:48:53] TIME runner: run_chronos_bolt.sh
[2026-09-20 22:48:53] datasets: /scratch/users/h61084/datasets/hf_dataset
[2026-09-20 22:48:53] weights: /scratch/users/h61084/weights
[2026-09-20 22:48:53] outputs: /scratch/users/h61084/codes/evaluating_tsfms/outputs
[2026-09-20 22:48:53] covariate mode: none
[2026-09-20 22:48:53] target mode: auto
[2026-09-20 22:48:53] context length: model_default
[2026-09-20 22:48:53] instance normalization: none

############################################################
# Dataset 1/1: Water_Quality_Darwin/15T
############################################################
Loading configuration...

============================================================
Dataset: Water_Quality_Darwin/15T
Model: amazon/chronos-bolt-base
Terms: ['short', 'medium', 'long']
Instance normalization: none
============================================================
Loading Chronos-Bolt model: amazon/chronos-bolt-base from /fslarge/scratch/users/h61084/weights/chronos-bolt-base...
[2026-09-20 20:49:07 UTC] resources model_device {"device": "cuda", "model": "chronos_bolt"}

--- Term: short ---
  Config: prediction_length=16, test_length=1440, val_length=1440
  Dataset info:
    - Frequency: 15T
    - Num series: 7
    - Target dim: 6
    - Target mode: univariate
    - Series length: min=8662, max=18985, avg=15229.4
    - Test split: 1440 steps
    - Prediction length: 16
    - Windows: 90
TIME run allocation action=skip run=/fslarge/scratch/users/h61084/codes/evaluating_tsfms/outputs/instance_normalization/tasks/chronos_bolt/normalization/none/univariate/Water_Quality_Darwin/15T/short/run_0 source_launch=selena_instance_normalization_20260920T193952Z_48346 launch_id=selena_instance_normalization_20260920T193952Z_48346 slurm_job_id=3506750 launched_at=2026-09-20T20:49:09.008748+00:00
  Reused completed task: /fslarge/scratch/users/h61084/codes/evaluating_tsfms/outputs/instance_normalization/tasks/chronos_bolt/normalization/none/univariate/Water_Quality_Darwin/15T/short/run_0

--- Term: medium ---
  Config: prediction_length=96, test_length=1440, val_length=1440
  Dataset info:
    - Frequency: 15T
    - Num series: 7
    - Target dim: 6
    - Target mode: univariate
    - Series length: min=8662, max=18985, avg=15229.4
    - Test split: 1440 steps
    - Prediction length: 96
    - Windows: 15
TIME run allocation action=skip run=/fslarge/scratch/users/h61084/codes/evaluating_tsfms/outputs/instance_normalization/tasks/chronos_bolt/normalization/none/univariate/Water_Quality_Darwin/15T/medium/run_0 source_launch=selena_instance_normalization_20260920T193952Z_48346 launch_id=selena_instance_normalization_20260920T193952Z_48346 slurm_job_id=3506750 launched_at=2026-09-20T20:49:09.042243+00:00
  Reused completed task: /fslarge/scratch/users/h61084/codes/evaluating_tsfms/outputs/instance_normalization/tasks/chronos_bolt/normalization/none/univariate/Water_Quality_Darwin/15T/medium/run_0

--- Term: long ---
  Config: prediction_length=288, test_length=1440, val_length=1440
  Dataset info:
    - Frequency: 15T
    - Num series: 7
    - Target dim: 6
    - Target mode: univariate
    - Series length: min=8662, max=18985, avg=15229.4
    - Test split: 1440 steps
    - Prediction length: 288
    - Windows: 5
TIME run allocation action=skip run=/fslarge/scratch/users/h61084/codes/evaluating_tsfms/outputs/instance_normalization/tasks/chronos_bolt/normalization/none/univariate/Water_Quality_Darwin/15T/long/run_0 source_launch=selena_instance_normalization_20260920T193952Z_48346 launch_id=selena_instance_normalization_20260920T193952Z_48346 slurm_job_id=3506750 launched_at=2026-09-20T20:49:09.075195+00:00
  Reused completed task: /fslarge/scratch/users/h61084/codes/evaluating_tsfms/outputs/instance_normalization/tasks/chronos_bolt/normalization/none/univariate/Water_Quality_Darwin/15T/long/run_0

============================================================
All experiments completed!
Results saved to: /scratch/users/h61084/codes/evaluating_tsfms/outputs/instance_normalization/tasks
============================================================

############################################################
# All datasets completed!
############################################################

############################################################
# Dataset 1/1: current_velocity/5T
############################################################
Loading configuration...

============================================================
Dataset: current_velocity/5T
Model: amazon/chronos-bolt-base
Terms: ['short', 'medium', 'long']
Instance normalization: none
============================================================
Loading Chronos-Bolt model: amazon/chronos-bolt-base from /fslarge/scratch/users/h61084/weights/chronos-bolt-base...
[2026-09-20 20:49:17 UTC] resources model_device {"device": "cuda", "model": "chronos_bolt"}

--- Term: short ---
  Config: prediction_length=36, test_length=4320, val_length=4320
  Dataset info:
    - Frequency: 5T
    - Num series: 1
    - Target dim: 6
    - Target mode: univariate
    - Series length: min=26486, max=26486, avg=26486.0
    - Test split: 4320 steps
    - Prediction length: 36
    - Windows: 120
TIME run allocation action=skip run=/fslarge/scratch/users/h61084/codes/evaluating_tsfms/outputs/instance_normalization/tasks/chronos_bolt/normalization/none/univariate/current_velocity/5T/short/run_0 source_launch=selena_instance_normalization_20260920T193952Z_48346 launch_id=selena_instance_normalization_20260920T193952Z_48346 slurm_job_id=3506750 launched_at=2026-09-20T20:49:18.196703+00:00
  Reused completed task: /fslarge/scratch/users/h61084/codes/evaluating_tsfms/outputs/instance_normalization/tasks/chronos_bolt/normalization/none/univariate/current_velocity/5T/short/run_0

--- Term: medium ---
  Config: prediction_length=288, test_length=4320, val_length=4320
  Dataset info:
    - Frequency: 5T
    - Num series: 1
    - Target dim: 6
    - Target mode: univariate
    - Series length: min=26486, max=26486, avg=26486.0
    - Test split: 4320 steps
    - Prediction length: 288
    - Windows: 15
TIME run allocation action=skip run=/fslarge/scratch/users/h61084/codes/evaluating_tsfms/outputs/instance_normalization/tasks/chronos_bolt/normalization/none/univariate/current_velocity/5T/medium/run_0 source_launch=selena_instance_normalization_20260920T193952Z_48346 launch_id=selena_instance_normalization_20260920T193952Z_48346 slurm_job_id=3506750 launched_at=2026-09-20T20:49:18.242420+00:00
  Reused completed task: /fslarge/scratch/users/h61084/codes/evaluating_tsfms/outputs/instance_normalization/tasks/chronos_bolt/normalization/none/univariate/current_velocity/5T/medium/run_0

--- Term: long ---
  Config: prediction_length=864, test_length=4320, val_length=4320
  Dataset info:
    - Frequency: 5T
    - Num series: 1
    - Target dim: 6
    - Target mode: univariate
    - Series length: min=26486, max=26486, avg=26486.0
    - Test split: 4320 steps
    - Prediction length: 864
    - Windows: 5
TIME run allocation action=skip run=/fslarge/scratch/users/h61084/codes/evaluating_tsfms/outputs/instance_normalization/tasks/chronos_bolt/normalization/none/univariate/current_velocity/5T/long/run_0 source_launch=selena_instance_normalization_20260920T193952Z_48346 launch_id=selena_instance_normalization_20260920T193952Z_48346 slurm_job_id=3506750 launched_at=2026-09-20T20:49:18.286004+00:00
  Reused completed task: /fslarge/scratch/users/h61084/codes/evaluating_tsfms/outputs/instance_normalization/tasks/chronos_bolt/normalization/none/univariate/current_velocity/5T/long/run_0

============================================================
All experiments completed!
Results saved to: /scratch/users/h61084/codes/evaluating_tsfms/outputs/instance_normalization/tasks
============================================================

############################################################
# All datasets completed!
############################################################

############################################################
# Dataset 1/1: current_velocity/10T
############################################################
Loading configuration...

============================================================
Dataset: current_velocity/10T
Model: amazon/chronos-bolt-base
Terms: ['short', 'medium', 'long']
Instance normalization: none
============================================================
Loading Chronos-Bolt model: amazon/chronos-bolt-base from /fslarge/scratch/users/h61084/weights/chronos-bolt-base...
[2026-09-20 20:49:26 UTC] resources model_device {"device": "cuda", "model": "chronos_bolt"}

--- Term: short ---
  Config: prediction_length=18, test_length=2160, val_length=2160
  Dataset info:
    - Frequency: 10T
    - Num series: 10
    - Target dim: 6
    - Target mode: univariate
    - Series length: min=7481, max=31957, avg=20668.5
    - Test split: 2160 steps
    - Prediction length: 18
    - Windows: 120
TIME run allocation action=skip run=/fslarge/scratch/users/h61084/codes/evaluating_tsfms/outputs/instance_normalization/tasks/chronos_bolt/normalization/none/univariate/current_velocity/10T/short/run_0 source_launch=selena_instance_normalization_20260920T193952Z_48346 launch_id=selena_instance_normalization_20260920T193952Z_48346 slurm_job_id=3506750 launched_at=2026-09-20T20:49:27.415583+00:00
  Reused completed task: /fslarge/scratch/users/h61084/codes/evaluating_tsfms/outputs/instance_normalization/tasks/chronos_bolt/normalization/none/univariate/current_velocity/10T/short/run_0

--- Term: medium ---
  Config: prediction_length=144, test_length=2160, val_length=2160
  Dataset info:
    - Frequency: 10T
    - Num series: 10
    - Target dim: 6
    - Target mode: univariate
    - Series length: min=7481, max=31957, avg=20668.5
    - Test split: 2160 steps
    - Prediction length: 144
    - Windows: 15
TIME run allocation action=skip run=/fslarge/scratch/users/h61084/codes/evaluating_tsfms/outputs/instance_normalization/tasks/chronos_bolt/normalization/none/univariate/current_velocity/10T/medium/run_0 source_launch=selena_instance_normalization_20260920T193952Z_48346 launch_id=selena_instance_normalization_20260920T193952Z_48346 slurm_job_id=3506750 launched_at=2026-09-20T20:49:27.462682+00:00
  Reused completed task: /fslarge/scratch/users/h61084/codes/evaluating_tsfms/outputs/instance_normalization/tasks/chronos_bolt/normalization/none/univariate/current_velocity/10T/medium/run_0

--- Term: long ---
  Config: prediction_length=432, test_length=2160, val_length=2160
  Dataset info:
    - Frequency: 10T
    - Num series: 10
    - Target dim: 6
    - Target mode: univariate
    - Series length: min=7481, max=31957, avg=20668.5
    - Test split: 2160 steps
    - Prediction length: 432
    - Windows: 5
TIME run allocation action=skip run=/fslarge/scratch/users/h61084/codes/evaluating_tsfms/outputs/instance_normalization/tasks/chronos_bolt/normalization/none/univariate/current_velocity/10T/long/run_0 source_launch=selena_instance_normalization_20260920T193952Z_48346 launch_id=selena_instance_normalization_20260920T193952Z_48346 slurm_job_id=3506750 launched_at=2026-09-20T20:49:27.506721+00:00
  Reused completed task: /fslarge/scratch/users/h61084/codes/evaluating_tsfms/outputs/instance_normalization/tasks/chronos_bolt/normalization/none/univariate/current_velocity/10T/long/run_0

============================================================
All experiments completed!
Results saved to: /scratch/users/h61084/codes/evaluating_tsfms/outputs/instance_normalization/tasks
============================================================

############################################################
# All datasets completed!
############################################################

############################################################
# Dataset 1/1: current_velocity/15T
############################################################
Loading configuration...

============================================================
Dataset: current_velocity/15T
Model: amazon/chronos-bolt-base
Terms: ['short', 'medium', 'long']
Instance normalization: none
============================================================
Loading Chronos-Bolt model: amazon/chronos-bolt-base from /fslarge/scratch/users/h61084/weights/chronos-bolt-base...
[2026-09-20 20:49:35 UTC] resources model_device {"device": "cuda", "model": "chronos_bolt"}

--- Term: short ---
  Config: prediction_length=12, test_length=1440, val_length=1440
  Dataset info:
    - Frequency: 15T
    - Num series: 5
    - Target dim: 6
    - Target mode: univariate
    - Series length: min=3710, max=17953, avg=8503.2
    - Test split: 1440 steps
    - Prediction length: 12
    - Windows: 120
TIME run allocation action=skip run=/fslarge/scratch/users/h61084/codes/evaluating_tsfms/outputs/instance_normalization/tasks/chronos_bolt/normalization/none/univariate/current_velocity/15T/short/run_0 source_launch=selena_instance_normalization_20260920T193952Z_48346 launch_id=selena_instance_normalization_20260920T193952Z_48346 slurm_job_id=3506750 launched_at=2026-09-20T20:49:36.640677+00:00
  Reused completed task: /fslarge/scratch/users/h61084/codes/evaluating_tsfms/outputs/instance_normalization/tasks/chronos_bolt/normalization/none/univariate/current_velocity/15T/short/run_0

--- Term: medium ---
  Config: prediction_length=96, test_length=1440, val_length=1440
  Dataset info:
    - Frequency: 15T
    - Num series: 5
    - Target dim: 6
    - Target mode: univariate
    - Series length: min=3710, max=17953, avg=8503.2
    - Test split: 1440 steps
    - Prediction length: 96
    - Windows: 15
TIME run allocation action=skip run=/fslarge/scratch/users/h61084/codes/evaluating_tsfms/outputs/instance_normalization/tasks/chronos_bolt/normalization/none/univariate/current_velocity/15T/medium/run_0 source_launch=selena_instance_normalization_20260920T193952Z_48346 launch_id=selena_instance_normalization_20260920T193952Z_48346 slurm_job_id=3506750 launched_at=2026-09-20T20:49:36.675025+00:00
  Reused completed task: /fslarge/scratch/users/h61084/codes/evaluating_tsfms/outputs/instance_normalization/tasks/chronos_bolt/normalization/none/univariate/current_velocity/15T/medium/run_0

--- Term: long ---
  Config: prediction_length=288, test_length=1440, val_length=1440
  Dataset info:
    - Frequency: 15T
    - Num series: 5
    - Target dim: 6
    - Target mode: univariate
    - Series length: min=3710, max=17953, avg=8503.2
    - Test split: 1440 steps
    - Prediction length: 288
    - Windows: 5
TIME run allocation action=skip run=/fslarge/scratch/users/h61084/codes/evaluating_tsfms/outputs/instance_normalization/tasks/chronos_bolt/normalization/none/univariate/current_velocity/15T/long/run_0 source_launch=selena_instance_normalization_20260920T193952Z_48346 launch_id=selena_instance_normalization_20260920T193952Z_48346 slurm_job_id=3506750 launched_at=2026-09-20T20:49:36.708002+00:00
  Reused completed task: /fslarge/scratch/users/h61084/codes/evaluating_tsfms/outputs/instance_normalization/tasks/chronos_bolt/normalization/none/univariate/current_velocity/15T/long/run_0

============================================================
All experiments completed!
Results saved to: /scratch/users/h61084/codes/evaluating_tsfms/outputs/instance_normalization/tasks
============================================================

############################################################
# All datasets completed!
############################################################

############################################################
# Dataset 1/1: current_velocity/20T
############################################################
Loading configuration...

============================================================
Dataset: current_velocity/20T
Model: amazon/chronos-bolt-base
Terms: ['short', 'medium', 'long']
Instance normalization: none
============================================================
Loading Chronos-Bolt model: amazon/chronos-bolt-base from /fslarge/scratch/users/h61084/weights/chronos-bolt-base...
[2026-09-20 20:49:45 UTC] resources model_device {"device": "cuda", "model": "chronos_bolt"}

--- Term: short ---
  Config: prediction_length=9, test_length=1080, val_length=1080
  Dataset info:
    - Frequency: 20T
    - Num series: 27
    - Target dim: 6
    - Target mode: univariate
    - Series length: min=2529, max=16759, avg=6460.2
    - Test split: 1080 steps
    - Prediction length: 9
    - Windows: 120
TIME run allocation action=skip run=/fslarge/scratch/users/h61084/codes/evaluating_tsfms/outputs/instance_normalization/tasks/chronos_bolt/normalization/none/univariate/current_velocity/20T/short/run_0 source_launch=selena_instance_normalization_20260920T193952Z_48346 launch_id=selena_instance_normalization_20260920T193952Z_48346 slurm_job_id=3506750 launched_at=2026-09-20T20:49:45.792447+00:00
  Reused completed task: /fslarge/scratch/users/h61084/codes/evaluating_tsfms/outputs/instance_normalization/tasks/chronos_bolt/normalization/none/univariate/current_velocity/20T/short/run_0

--- Term: medium ---
  Config: prediction_length=72, test_length=1080, val_length=1080
  Dataset info:
    - Frequency: 20T
    - Num series: 27
    - Target dim: 6
    - Target mode: univariate
    - Series length: min=2529, max=16759, avg=6460.2
    - Test split: 1080 steps
    - Prediction length: 72
    - Windows: 15
TIME run allocation action=skip run=/fslarge/scratch/users/h61084/codes/evaluating_tsfms/outputs/instance_normalization/tasks/chronos_bolt/normalization/none/univariate/current_velocity/20T/medium/run_0 source_launch=selena_instance_normalization_20260920T193952Z_48346 launch_id=selena_instance_normalization_20260920T193952Z_48346 slurm_job_id=3506750 launched_at=2026-09-20T20:49:45.810890+00:00
  Reused completed task: /fslarge/scratch/users/h61084/codes/evaluating_tsfms/outputs/instance_normalization/tasks/chronos_bolt/normalization/none/univariate/current_velocity/20T/medium/run_0

--- Term: long ---
  Config: prediction_length=216, test_length=1080, val_length=1080
  Dataset info:
    - Frequency: 20T
    - Num series: 27
    - Target dim: 6
    - Target mode: univariate
    - Series length: min=2529, max=16759, avg=6460.2
    - Test split: 1080 steps
    - Prediction length: 216
    - Windows: 5
TIME run allocation action=skip run=/fslarge/scratch/users/h61084/codes/evaluating_tsfms/outputs/instance_normalization/tasks/chronos_bolt/normalization/none/univariate/current_velocity/20T/long/run_0 source_launch=selena_instance_normalization_20260920T193952Z_48346 launch_id=selena_instance_normalization_20260920T193952Z_48346 slurm_job_id=3506750 launched_at=2026-09-20T20:49:45.828789+00:00
  Reused completed task: /fslarge/scratch/users/h61084/codes/evaluating_tsfms/outputs/instance_normalization/tasks/chronos_bolt/normalization/none/univariate/current_velocity/20T/long/run_0

============================================================
All experiments completed!
Results saved to: /scratch/users/h61084/codes/evaluating_tsfms/outputs/instance_normalization/tasks
============================================================

############################################################
# All datasets completed!
############################################################

############################################################
# Dataset 1/1: current_velocity/H
############################################################
Loading configuration...

============================================================
Dataset: current_velocity/H
Model: amazon/chronos-bolt-base
Terms: ['short', 'medium', 'long']
Instance normalization: none
============================================================
Loading Chronos-Bolt model: amazon/chronos-bolt-base from /fslarge/scratch/users/h61084/weights/chronos-bolt-base...
[2026-09-20 20:49:54 UTC] resources model_device {"device": "cuda", "model": "chronos_bolt"}

--- Term: short ---
  Config: prediction_length=24, test_length=672, val_length=672
  Dataset info:
    - Frequency: H
    - Num series: 21
    - Target dim: 6
    - Target mode: univariate
    - Series length: min=2208, max=5587, avg=3502.3
    - Test split: 672 steps
    - Prediction length: 24
    - Windows: 28
TIME run allocation action=skip run=/fslarge/scratch/users/h61084/codes/evaluating_tsfms/outputs/instance_normalization/tasks/chronos_bolt/normalization/none/univariate/current_velocity/H/short/run_0 source_launch=selena_instance_normalization_20260920T193952Z_48346 launch_id=selena_instance_normalization_20260920T193952Z_48346 slurm_job_id=3506750 launched_at=2026-09-20T20:49:54.909389+00:00
  Reused completed task: /fslarge/scratch/users/h61084/codes/evaluating_tsfms/outputs/instance_normalization/tasks/chronos_bolt/normalization/none/univariate/current_velocity/H/short/run_0

--- Term: medium ---
  Config: prediction_length=168, test_length=672, val_length=672
  Dataset info:
    - Frequency: H
    - Num series: 21
    - Target dim: 6
    - Target mode: univariate
    - Series length: min=2208, max=5587, avg=3502.3
    - Test split: 672 steps
    - Prediction length: 168
    - Windows: 4
TIME run allocation action=skip run=/fslarge/scratch/users/h61084/codes/evaluating_tsfms/outputs/instance_normalization/tasks/chronos_bolt/normalization/none/univariate/current_velocity/H/medium/run_0 source_launch=selena_instance_normalization_20260920T193952Z_48346 launch_id=selena_instance_normalization_20260920T193952Z_48346 slurm_job_id=3506750 launched_at=2026-09-20T20:49:54.928329+00:00
  Reused completed task: /fslarge/scratch/users/h61084/codes/evaluating_tsfms/outputs/instance_normalization/tasks/chronos_bolt/normalization/none/univariate/current_velocity/H/medium/run_0

--- Term: long ---
  Config: prediction_length=336, test_length=672, val_length=672
  Dataset info:
    - Frequency: H
    - Num series: 21
    - Target dim: 6
    - Target mode: univariate
    - Series length: min=2208, max=5587, avg=3502.3
    - Test split: 672 steps
    - Prediction length: 336
    - Windows: 2
TIME run allocation action=skip run=/fslarge/scratch/users/h61084/codes/evaluating_tsfms/outputs/instance_normalization/tasks/chronos_bolt/normalization/none/univariate/current_velocity/H/long/run_0 source_launch=selena_instance_normalization_20260920T193952Z_48346 launch_id=selena_instance_normalization_20260920T193952Z_48346 slurm_job_id=3506750 launched_at=2026-09-20T20:49:54.947655+00:00
  Reused completed task: /fslarge/scratch/users/h61084/codes/evaluating_tsfms/outputs/instance_normalization/tasks/chronos_bolt/normalization/none/univariate/current_velocity/H/long/run_0

============================================================
All experiments completed!
Results saved to: /scratch/users/h61084/codes/evaluating_tsfms/outputs/instance_normalization/tasks
============================================================

############################################################
# All datasets completed!
############################################################

############################################################
# Dataset 1/1: CPHL/15T
############################################################
Loading configuration...

============================================================
Dataset: CPHL/15T
Model: amazon/chronos-bolt-base
Terms: ['short', 'medium', 'long']
Instance normalization: none
============================================================
Loading Chronos-Bolt model: amazon/chronos-bolt-base from /fslarge/scratch/users/h61084/weights/chronos-bolt-base...
[2026-09-20 20:50:03 UTC] resources model_device {"device": "cuda", "model": "chronos_bolt"}

--- Term: short ---
  Config: prediction_length=12, test_length=1440, val_length=1440
  Dataset info:
    - Frequency: 15T
    - Num series: 2
    - Target dim: 1
    - Target mode: univariate
    - Series length: min=9956, max=10831, avg=10393.5
    - Test split: 1440 steps
    - Prediction length: 12
    - Windows: 120
TIME run allocation action=skip run=/fslarge/scratch/users/h61084/codes/evaluating_tsfms/outputs/instance_normalization/tasks/chronos_bolt/normalization/none/univariate/CPHL/15T/short/run_0 source_launch=selena_instance_normalization_20260920T193952Z_48346 launch_id=selena_instance_normalization_20260920T193952Z_48346 slurm_job_id=3506750 launched_at=2026-09-20T20:50:04.025653+00:00
  Reused completed task: /fslarge/scratch/users/h61084/codes/evaluating_tsfms/outputs/instance_normalization/tasks/chronos_bolt/normalization/none/univariate/CPHL/15T/short/run_0

--- Term: medium ---
  Config: prediction_length=96, test_length=1440, val_length=1440
  Dataset info:
    - Frequency: 15T
    - Num series: 2
    - Target dim: 1
    - Target mode: univariate
    - Series length: min=9956, max=10831, avg=10393.5
    - Test split: 1440 steps
    - Prediction length: 96
    - Windows: 15
TIME run allocation action=skip run=/fslarge/scratch/users/h61084/codes/evaluating_tsfms/outputs/instance_normalization/tasks/chronos_bolt/normalization/none/univariate/CPHL/15T/medium/run_0 source_launch=selena_instance_normalization_20260920T193952Z_48346 launch_id=selena_instance_normalization_20260920T193952Z_48346 slurm_job_id=3506750 launched_at=2026-09-20T20:50:04.038350+00:00
  Reused completed task: /fslarge/scratch/users/h61084/codes/evaluating_tsfms/outputs/instance_normalization/tasks/chronos_bolt/normalization/none/univariate/CPHL/15T/medium/run_0

--- Term: long ---
  Config: prediction_length=288, test_length=1440, val_length=1440
  Dataset info:
    - Frequency: 15T
    - Num series: 2
    - Target dim: 1
    - Target mode: univariate
    - Series length: min=9956, max=10831, avg=10393.5
    - Test split: 1440 steps
    - Prediction length: 288
    - Windows: 5
TIME run allocation action=skip run=/fslarge/scratch/users/h61084/codes/evaluating_tsfms/outputs/instance_normalization/tasks/chronos_bolt/normalization/none/univariate/CPHL/15T/long/run_0 source_launch=selena_instance_normalization_20260920T193952Z_48346 launch_id=selena_instance_normalization_20260920T193952Z_48346 slurm_job_id=3506750 launched_at=2026-09-20T20:50:04.050558+00:00
  Reused completed task: /fslarge/scratch/users/h61084/codes/evaluating_tsfms/outputs/instance_normalization/tasks/chronos_bolt/normalization/none/univariate/CPHL/15T/long/run_0

============================================================
All experiments completed!
Results saved to: /scratch/users/h61084/codes/evaluating_tsfms/outputs/instance_normalization/tasks
============================================================

############################################################
# All datasets completed!
############################################################

############################################################
# Dataset 1/1: CPHL/30T
############################################################
Loading configuration...

============================================================
Dataset: CPHL/30T
Model: amazon/chronos-bolt-base
Terms: ['short', 'medium', 'long']
Instance normalization: none
============================================================
Loading Chronos-Bolt model: amazon/chronos-bolt-base from /fslarge/scratch/users/h61084/weights/chronos-bolt-base...
[2026-09-20 20:50:12 UTC] resources model_device {"device": "cuda", "model": "chronos_bolt"}

--- Term: short ---
  Config: prediction_length=12, test_length=1440, val_length=1440
  Dataset info:
    - Frequency: 30T
    - Num series: 2
    - Target dim: 1
    - Target mode: univariate
    - Series length: min=11808, max=17566, avg=14687.0
    - Test split: 1440 steps
    - Prediction length: 12
    - Windows: 120
TIME run allocation action=skip run=/fslarge/scratch/users/h61084/codes/evaluating_tsfms/outputs/instance_normalization/tasks/chronos_bolt/normalization/none/univariate/CPHL/30T/short/run_0 source_launch=selena_instance_normalization_20260920T193952Z_48346 launch_id=selena_instance_normalization_20260920T193952Z_48346 slurm_job_id=3506750 launched_at=2026-09-20T20:50:13.205672+00:00
  Reused completed task: /fslarge/scratch/users/h61084/codes/evaluating_tsfms/outputs/instance_normalization/tasks/chronos_bolt/normalization/none/univariate/CPHL/30T/short/run_0

--- Term: medium ---
  Config: prediction_length=48, test_length=1440, val_length=1440
  Dataset info:
    - Frequency: 30T
    - Num series: 2
    - Target dim: 1
    - Target mode: univariate
    - Series length: min=11808, max=17566, avg=14687.0
    - Test split: 1440 steps
    - Prediction length: 48
    - Windows: 30
TIME run allocation action=skip run=/fslarge/scratch/users/h61084/codes/evaluating_tsfms/outputs/instance_normalization/tasks/chronos_bolt/normalization/none/univariate/CPHL/30T/medium/run_0 source_launch=selena_instance_normalization_20260920T193952Z_48346 launch_id=selena_instance_normalization_20260920T193952Z_48346 slurm_job_id=3506750 launched_at=2026-09-20T20:50:13.218222+00:00
  Reused completed task: /fslarge/scratch/users/h61084/codes/evaluating_tsfms/outputs/instance_normalization/tasks/chronos_bolt/normalization/none/univariate/CPHL/30T/medium/run_0

--- Term: long ---
  Config: prediction_length=144, test_length=1440, val_length=1440
  Dataset info:
    - Frequency: 30T
    - Num series: 2
    - Target dim: 1
    - Target mode: univariate
    - Series length: min=11808, max=17566, avg=14687.0
    - Test split: 1440 steps
    - Prediction length: 144
    - Windows: 10
TIME run allocation action=skip run=/fslarge/scratch/users/h61084/codes/evaluating_tsfms/outputs/instance_normalization/tasks/chronos_bolt/normalization/none/univariate/CPHL/30T/long/run_0 source_launch=selena_instance_normalization_20260920T193952Z_48346 launch_id=selena_instance_normalization_20260920T193952Z_48346 slurm_job_id=3506750 launched_at=2026-09-20T20:50:13.230649+00:00
  Reused completed task: /fslarge/scratch/users/h61084/codes/evaluating_tsfms/outputs/instance_normalization/tasks/chronos_bolt/normalization/none/univariate/CPHL/30T/long/run_0

============================================================
All experiments completed!
Results saved to: /scratch/users/h61084/codes/evaluating_tsfms/outputs/instance_normalization/tasks
============================================================

############################################################
# All datasets completed!
############################################################

############################################################
# Dataset 1/1: CPHL/H
############################################################
Loading configuration...

============================================================
Dataset: CPHL/H
Model: amazon/chronos-bolt-base
Terms: ['short', 'medium', 'long']
Instance normalization: none
============================================================
Loading Chronos-Bolt model: amazon/chronos-bolt-base from /fslarge/scratch/users/h61084/weights/chronos-bolt-base...
[2026-09-20 20:50:21 UTC] resources model_device {"device": "cuda", "model": "chronos_bolt"}

--- Term: short ---
  Config: prediction_length=24, test_length=672, val_length=672
  Dataset info:
    - Frequency: H
    - Num series: 4
    - Target dim: 1
    - Target mode: univariate
    - Series length: min=2490, max=8783, avg=4971.2
    - Test split: 672 steps
    - Prediction length: 24
    - Windows: 28
TIME run allocation action=skip run=/fslarge/scratch/users/h61084/codes/evaluating_tsfms/outputs/instance_normalization/tasks/chronos_bolt/normalization/none/univariate/CPHL/H/short/run_0 source_launch=selena_instance_normalization_20260920T193952Z_48346 launch_id=selena_instance_normalization_20260920T193952Z_48346 slurm_job_id=3506750 launched_at=2026-09-20T20:50:22.292855+00:00
  Reused completed task: /fslarge/scratch/users/h61084/codes/evaluating_tsfms/outputs/instance_normalization/tasks/chronos_bolt/normalization/none/univariate/CPHL/H/short/run_0

--- Term: medium ---
  Config: prediction_length=168, test_length=672, val_length=672
  Dataset info:
    - Frequency: H
    - Num series: 4
    - Target dim: 1
    - Target mode: univariate
    - Series length: min=2490, max=8783, avg=4971.2
    - Test split: 672 steps
    - Prediction length: 168
    - Windows: 4
TIME run allocation action=skip run=/fslarge/scratch/users/h61084/codes/evaluating_tsfms/outputs/instance_normalization/tasks/chronos_bolt/normalization/none/univariate/CPHL/H/medium/run_0 source_launch=selena_instance_normalization_20260920T193952Z_48346 launch_id=selena_instance_normalization_20260920T193952Z_48346 slurm_job_id=3506750 launched_at=2026-09-20T20:50:22.305656+00:00
  Reused completed task: /fslarge/scratch/users/h61084/codes/evaluating_tsfms/outputs/instance_normalization/tasks/chronos_bolt/normalization/none/univariate/CPHL/H/medium/run_0

--- Term: long ---
  Config: prediction_length=336, test_length=672, val_length=672
  Dataset info:
    - Frequency: H
    - Num series: 4
    - Target dim: 1
    - Target mode: univariate
    - Series length: min=2490, max=8783, avg=4971.2
    - Test split: 672 steps
    - Prediction length: 336
    - Windows: 2
TIME run allocation action=skip run=/fslarge/scratch/users/h61084/codes/evaluating_tsfms/outputs/instance_normalization/tasks/chronos_bolt/normalization/none/univariate/CPHL/H/long/run_0 source_launch=selena_instance_normalization_20260920T193952Z_48346 launch_id=selena_instance_normalization_20260920T193952Z_48346 slurm_job_id=3506750 launched_at=2026-09-20T20:50:22.317386+00:00
  Reused completed task: /fslarge/scratch/users/h61084/codes/evaluating_tsfms/outputs/instance_normalization/tasks/chronos_bolt/normalization/none/univariate/CPHL/H/long/run_0

============================================================
All experiments completed!
Results saved to: /scratch/users/h61084/codes/evaluating_tsfms/outputs/instance_normalization/tasks
============================================================

############################################################
# All datasets completed!
############################################################

############################################################
# Dataset 1/1: Coastal_T_S/5T
############################################################
Loading configuration...

============================================================
Dataset: Coastal_T_S/5T
Model: amazon/chronos-bolt-base
Terms: ['short', 'medium', 'long']
Instance normalization: none
============================================================
Loading Chronos-Bolt model: amazon/chronos-bolt-base from /fslarge/scratch/users/h61084/weights/chronos-bolt-base...
[2026-09-20 20:50:30 UTC] resources model_device {"device": "cuda", "model": "chronos_bolt"}

--- Term: short ---
  Config: prediction_length=36, test_length=4320, val_length=4320
  Dataset info:
    - Frequency: 5T
    - Num series: 18
    - Target dim: 3
    - Target mode: univariate
    - Series length: min=44614, max=105408, avg=68604.9
    - Test split: 4320 steps
    - Prediction length: 36
    - Windows: 120
TIME run allocation action=skip run=/fslarge/scratch/users/h61084/codes/evaluating_tsfms/outputs/instance_normalization/tasks/chronos_bolt/normalization/none/univariate/Coastal_T_S/5T/short/run_0 source_launch=selena_instance_normalization_20260920T193952Z_48346 launch_id=selena_instance_normalization_20260920T193952Z_48346 slurm_job_id=3506750 launched_at=2026-09-20T20:50:31.528704+00:00
  Reused completed task: /fslarge/scratch/users/h61084/codes/evaluating_tsfms/outputs/instance_normalization/tasks/chronos_bolt/normalization/none/univariate/Coastal_T_S/5T/short/run_0

--- Term: medium ---
  Config: prediction_length=288, test_length=4320, val_length=4320
  Dataset info:
    - Frequency: 5T
    - Num series: 18
    - Target dim: 3
    - Target mode: univariate
    - Series length: min=44614, max=105408, avg=68604.9
    - Test split: 4320 steps
    - Prediction length: 288
    - Windows: 15
TIME run allocation action=skip run=/fslarge/scratch/users/h61084/codes/evaluating_tsfms/outputs/instance_normalization/tasks/chronos_bolt/normalization/none/univariate/Coastal_T_S/5T/medium/run_0 source_launch=selena_instance_normalization_20260920T193952Z_48346 launch_id=selena_instance_normalization_20260920T193952Z_48346 slurm_job_id=3506750 launched_at=2026-09-20T20:50:31.607918+00:00
  Reused completed task: /fslarge/scratch/users/h61084/codes/evaluating_tsfms/outputs/instance_normalization/tasks/chronos_bolt/normalization/none/univariate/Coastal_T_S/5T/medium/run_0

--- Term: long ---
  Config: prediction_length=864, test_length=4320, val_length=4320
  Dataset info:
    - Frequency: 5T
    - Num series: 18
    - Target dim: 3
    - Target mode: univariate
    - Series length: min=44614, max=105408, avg=68604.9
    - Test split: 4320 steps
    - Prediction length: 864
    - Windows: 5
TIME run allocation action=skip run=/fslarge/scratch/users/h61084/codes/evaluating_tsfms/outputs/instance_normalization/tasks/chronos_bolt/normalization/none/univariate/Coastal_T_S/5T/long/run_0 source_launch=selena_instance_normalization_20260920T193952Z_48346 launch_id=selena_instance_normalization_20260920T193952Z_48346 slurm_job_id=3506750 launched_at=2026-09-20T20:50:31.684905+00:00
  Reused completed task: /fslarge/scratch/users/h61084/codes/evaluating_tsfms/outputs/instance_normalization/tasks/chronos_bolt/normalization/none/univariate/Coastal_T_S/5T/long/run_0

============================================================
All experiments completed!
Results saved to: /scratch/users/h61084/codes/evaluating_tsfms/outputs/instance_normalization/tasks
============================================================

############################################################
# All datasets completed!
############################################################

############################################################
# Dataset 1/1: Coastal_T_S/15T
############################################################
Loading configuration...

============================================================
Dataset: Coastal_T_S/15T
Model: amazon/chronos-bolt-base
Terms: ['short', 'medium', 'long']
Instance normalization: none
============================================================
Loading Chronos-Bolt model: amazon/chronos-bolt-base from /fslarge/scratch/users/h61084/weights/chronos-bolt-base...
[2026-09-20 20:50:40 UTC] resources model_device {"device": "cuda", "model": "chronos_bolt"}

--- Term: short ---
  Config: prediction_length=12, test_length=1440, val_length=1440
  Dataset info:
    - Frequency: 15T
    - Num series: 5
    - Target dim: 3
    - Target mode: univariate
    - Series length: min=16686, max=23134, avg=20870.2
    - Test split: 1440 steps
    - Prediction length: 12
    - Windows: 120
TIME run allocation action=skip run=/fslarge/scratch/users/h61084/codes/evaluating_tsfms/outputs/instance_normalization/tasks/chronos_bolt/normalization/none/univariate/Coastal_T_S/15T/short/run_0 source_launch=selena_instance_normalization_20260920T193952Z_48346 launch_id=selena_instance_normalization_20260920T193952Z_48346 slurm_job_id=3506750 launched_at=2026-09-20T20:50:40.808209+00:00
  Reused completed task: /fslarge/scratch/users/h61084/codes/evaluating_tsfms/outputs/instance_normalization/tasks/chronos_bolt/normalization/none/univariate/Coastal_T_S/15T/short/run_0

--- Term: medium ---
  Config: prediction_length=96, test_length=1440, val_length=1440
  Dataset info:
    - Frequency: 15T
    - Num series: 5
    - Target dim: 3
    - Target mode: univariate
    - Series length: min=16686, max=23134, avg=20870.2
    - Test split: 1440 steps
    - Prediction length: 96
    - Windows: 15
TIME run allocation action=skip run=/fslarge/scratch/users/h61084/codes/evaluating_tsfms/outputs/instance_normalization/tasks/chronos_bolt/normalization/none/univariate/Coastal_T_S/15T/medium/run_0 source_launch=selena_instance_normalization_20260920T193952Z_48346 launch_id=selena_instance_normalization_20260920T193952Z_48346 slurm_job_id=3506750 launched_at=2026-09-20T20:50:40.834021+00:00
  Reused completed task: /fslarge/scratch/users/h61084/codes/evaluating_tsfms/outputs/instance_normalization/tasks/chronos_bolt/normalization/none/univariate/Coastal_T_S/15T/medium/run_0

--- Term: long ---
  Config: prediction_length=288, test_length=1440, val_length=1440
  Dataset info:
    - Frequency: 15T
    - Num series: 5
    - Target dim: 3
    - Target mode: univariate
    - Series length: min=16686, max=23134, avg=20870.2
    - Test split: 1440 steps
    - Prediction length: 288
    - Windows: 5
TIME run allocation action=skip run=/fslarge/scratch/users/h61084/codes/evaluating_tsfms/outputs/instance_normalization/tasks/chronos_bolt/normalization/none/univariate/Coastal_T_S/15T/long/run_0 source_launch=selena_instance_normalization_20260920T193952Z_48346 launch_id=selena_instance_normalization_20260920T193952Z_48346 slurm_job_id=3506750 launched_at=2026-09-20T20:50:40.858648+00:00
  Reused completed task: /fslarge/scratch/users/h61084/codes/evaluating_tsfms/outputs/instance_normalization/tasks/chronos_bolt/normalization/none/univariate/Coastal_T_S/15T/long/run_0

============================================================
All experiments completed!
Results saved to: /scratch/users/h61084/codes/evaluating_tsfms/outputs/instance_normalization/tasks
============================================================

############################################################
# All datasets completed!
############################################################

############################################################
# Dataset 1/1: Coastal_T_S/20T
############################################################
Loading configuration...

============================================================
Dataset: Coastal_T_S/20T
Model: amazon/chronos-bolt-base
Terms: ['short', 'medium', 'long']
Instance normalization: none
============================================================
Loading Chronos-Bolt model: amazon/chronos-bolt-base from /fslarge/scratch/users/h61084/weights/chronos-bolt-base...
[2026-09-20 20:50:49 UTC] resources model_device {"device": "cuda", "model": "chronos_bolt"}

--- Term: short ---
  Config: prediction_length=9, test_length=1080, val_length=1080
  Dataset info:
    - Frequency: 20T
    - Num series: 1
    - Target dim: 3
    - Target mode: univariate
    - Series length: min=8198, max=8198, avg=8198.0
    - Test split: 1080 steps
    - Prediction length: 9
    - Windows: 120
TIME run allocation action=skip run=/fslarge/scratch/users/h61084/codes/evaluating_tsfms/outputs/instance_normalization/tasks/chronos_bolt/normalization/none/univariate/Coastal_T_S/20T/short/run_0 source_launch=selena_instance_normalization_20260920T193952Z_48346 launch_id=selena_instance_normalization_20260920T193952Z_48346 slurm_job_id=3506750 launched_at=2026-09-20T20:50:49.958701+00:00
  Reused completed task: /fslarge/scratch/users/h61084/codes/evaluating_tsfms/outputs/instance_normalization/tasks/chronos_bolt/normalization/none/univariate/Coastal_T_S/20T/short/run_0

--- Term: medium ---
  Config: prediction_length=72, test_length=1080, val_length=1080
  Dataset info:
    - Frequency: 20T
    - Num series: 1
    - Target dim: 3
    - Target mode: univariate
    - Series length: min=8198, max=8198, avg=8198.0
    - Test split: 1080 steps
    - Prediction length: 72
    - Windows: 15
TIME run allocation action=skip run=/fslarge/scratch/users/h61084/codes/evaluating_tsfms/outputs/instance_normalization/tasks/chronos_bolt/normalization/none/univariate/Coastal_T_S/20T/medium/run_0 source_launch=selena_instance_normalization_20260920T193952Z_48346 launch_id=selena_instance_normalization_20260920T193952Z_48346 slurm_job_id=3506750 launched_at=2026-09-20T20:50:49.976656+00:00
  Reused completed task: /fslarge/scratch/users/h61084/codes/evaluating_tsfms/outputs/instance_normalization/tasks/chronos_bolt/normalization/none/univariate/Coastal_T_S/20T/medium/run_0

--- Term: long ---
  Config: prediction_length=216, test_length=1080, val_length=1080
  Dataset info:
    - Frequency: 20T
    - Num series: 1
    - Target dim: 3
    - Target mode: univariate
    - Series length: min=8198, max=8198, avg=8198.0
    - Test split: 1080 steps
    - Prediction length: 216
    - Windows: 5
TIME run allocation action=skip run=/fslarge/scratch/users/h61084/codes/evaluating_tsfms/outputs/instance_normalization/tasks/chronos_bolt/normalization/none/univariate/Coastal_T_S/20T/long/run_0 source_launch=selena_instance_normalization_20260920T193952Z_48346 launch_id=selena_instance_normalization_20260920T193952Z_48346 slurm_job_id=3506750 launched_at=2026-09-20T20:50:49.994864+00:00
  Reused completed task: /fslarge/scratch/users/h61084/codes/evaluating_tsfms/outputs/instance_normalization/tasks/chronos_bolt/normalization/none/univariate/Coastal_T_S/20T/long/run_0

============================================================
All experiments completed!
Results saved to: /scratch/users/h61084/codes/evaluating_tsfms/outputs/instance_normalization/tasks
============================================================

############################################################
# All datasets completed!
############################################################

############################################################
# Dataset 1/1: Coastal_T_S/H
############################################################
Loading configuration...

============================================================
Dataset: Coastal_T_S/H
Model: amazon/chronos-bolt-base
Terms: ['short', 'medium', 'long']
Instance normalization: none
============================================================
Loading Chronos-Bolt model: amazon/chronos-bolt-base from /fslarge/scratch/users/h61084/weights/chronos-bolt-base...
[2026-09-20 20:50:58 UTC] resources model_device {"device": "cuda", "model": "chronos_bolt"}

--- Term: short ---
  Config: prediction_length=24, test_length=672, val_length=672
  Dataset info:
    - Frequency: H
    - Num series: 24
    - Target dim: 3
    - Target mode: univariate
    - Series length: min=2733, max=8784, avg=5488.8
    - Test split: 672 steps
    - Prediction length: 24
    - Windows: 28
TIME run allocation action=skip run=/fslarge/scratch/users/h61084/codes/evaluating_tsfms/outputs/instance_normalization/tasks/chronos_bolt/normalization/none/univariate/Coastal_T_S/H/short/run_0 source_launch=selena_instance_normalization_20260920T193952Z_48346 launch_id=selena_instance_normalization_20260920T193952Z_48346 slurm_job_id=3506750 launched_at=2026-09-20T20:50:59.070535+00:00
  Reused completed task: /fslarge/scratch/users/h61084/codes/evaluating_tsfms/outputs/instance_normalization/tasks/chronos_bolt/normalization/none/univariate/Coastal_T_S/H/short/run_0

--- Term: medium ---
  Config: prediction_length=168, test_length=672, val_length=672
  Dataset info:
    - Frequency: H
    - Num series: 24
    - Target dim: 3
    - Target mode: univariate
    - Series length: min=2733, max=8784, avg=5488.8
    - Test split: 672 steps
    - Prediction length: 168
    - Windows: 4
TIME run allocation action=skip run=/fslarge/scratch/users/h61084/codes/evaluating_tsfms/outputs/instance_normalization/tasks/chronos_bolt/normalization/none/univariate/Coastal_T_S/H/medium/run_0 source_launch=selena_instance_normalization_20260920T193952Z_48346 launch_id=selena_instance_normalization_20260920T193952Z_48346 slurm_job_id=3506750 launched_at=2026-09-20T20:50:59.089526+00:00
  Reused completed task: /fslarge/scratch/users/h61084/codes/evaluating_tsfms/outputs/instance_normalization/tasks/chronos_bolt/normalization/none/univariate/Coastal_T_S/H/medium/run_0

--- Term: long ---
  Config: prediction_length=336, test_length=672, val_length=672
  Dataset info:
    - Frequency: H
    - Num series: 24
    - Target dim: 3
    - Target mode: univariate
    - Series length: min=2733, max=8784, avg=5488.8
    - Test split: 672 steps
    - Prediction length: 336
    - Windows: 2
TIME run allocation action=skip run=/fslarge/scratch/users/h61084/codes/evaluating_tsfms/outputs/instance_normalization/tasks/chronos_bolt/normalization/none/univariate/Coastal_T_S/H/long/run_0 source_launch=selena_instance_normalization_20260920T193952Z_48346 launch_id=selena_instance_normalization_20260920T193952Z_48346 slurm_job_id=3506750 launched_at=2026-09-20T20:50:59.107595+00:00
  Reused completed task: /fslarge/scratch/users/h61084/codes/evaluating_tsfms/outputs/instance_normalization/tasks/chronos_bolt/normalization/none/univariate/Coastal_T_S/H/long/run_0

============================================================
All experiments completed!
Results saved to: /scratch/users/h61084/codes/evaluating_tsfms/outputs/instance_normalization/tasks
============================================================

############################################################
# All datasets completed!
############################################################

############################################################
# Dataset 1/1: SG_Weather/D
############################################################
Loading configuration...

============================================================
Dataset: SG_Weather/D
Model: amazon/chronos-bolt-base
Terms: ['short', 'medium', 'long']
Instance normalization: none
============================================================
Loading Chronos-Bolt model: amazon/chronos-bolt-base from /fslarge/scratch/users/h61084/weights/chronos-bolt-base...
[2026-09-20 20:51:07 UTC] resources model_device {"device": "cuda", "model": "chronos_bolt"}

--- Term: short ---
  Config: prediction_length=3, test_length=366, val_length=366
  Dataset info:
    - Frequency: D
    - Num series: 6
    - Target dim: 4
    - Target mode: univariate
    - Series length: min=2953, max=2953, avg=2953.0
    - Test split: 366 steps
    - Prediction length: 3
    - Windows: 122
TIME run allocation action=skip run=/fslarge/scratch/users/h61084/codes/evaluating_tsfms/outputs/instance_normalization/tasks/chronos_bolt/normalization/none/univariate/SG_Weather/D/short/run_0 source_launch=selena_instance_normalization_20260920T193952Z_48346 launch_id=selena_instance_normalization_20260920T193952Z_48346 slurm_job_id=3506750 launched_at=2026-09-20T20:51:08.209640+00:00
  Reused completed task: /fslarge/scratch/users/h61084/codes/evaluating_tsfms/outputs/instance_normalization/tasks/chronos_bolt/normalization/none/univariate/SG_Weather/D/short/run_0

--- Term: medium ---
  Config: prediction_length=7, test_length=366, val_length=366
  Dataset info:
    - Frequency: D
    - Num series: 6
    - Target dim: 4
    - Target mode: univariate
    - Series length: min=2953, max=2953, avg=2953.0
    - Test split: 366 steps
    - Prediction length: 7
    - Windows: 52
TIME run allocation action=skip run=/fslarge/scratch/users/h61084/codes/evaluating_tsfms/outputs/instance_normalization/tasks/chronos_bolt/normalization/none/univariate/SG_Weather/D/medium/run_0 source_launch=selena_instance_normalization_20260920T193952Z_48346 launch_id=selena_instance_normalization_20260920T193952Z_48346 slurm_job_id=3506750 launched_at=2026-09-20T20:51:08.225407+00:00
  Reused completed task: /fslarge/scratch/users/h61084/codes/evaluating_tsfms/outputs/instance_normalization/tasks/chronos_bolt/normalization/none/univariate/SG_Weather/D/medium/run_0

--- Term: long ---
  Config: prediction_length=14, test_length=366, val_length=366
  Dataset info:
    - Frequency: D
    - Num series: 6
    - Target dim: 4
    - Target mode: univariate
    - Series length: min=2953, max=2953, avg=2953.0
    - Test split: 366 steps
    - Prediction length: 14
    - Windows: 26
TIME run allocation action=skip run=/fslarge/scratch/users/h61084/codes/evaluating_tsfms/outputs/instance_normalization/tasks/chronos_bolt/normalization/none/univariate/SG_Weather/D/long/run_0 source_launch=selena_instance_normalization_20260920T193952Z_48346 launch_id=selena_instance_normalization_20260920T193952Z_48346 slurm_job_id=3506750 launched_at=2026-09-20T20:51:08.240838+00:00
  Reused completed task: /fslarge/scratch/users/h61084/codes/evaluating_tsfms/outputs/instance_normalization/tasks/chronos_bolt/normalization/none/univariate/SG_Weather/D/long/run_0

============================================================
All experiments completed!
Results saved to: /scratch/users/h61084/codes/evaluating_tsfms/outputs/instance_normalization/tasks
============================================================

############################################################
# All datasets completed!
############################################################

############################################################
# Dataset 1/1: SG_PM25/H
############################################################
Loading configuration...

============================================================
Dataset: SG_PM25/H
Model: amazon/chronos-bolt-base
Terms: ['short', 'medium', 'long']
Instance normalization: none
============================================================
Loading Chronos-Bolt model: amazon/chronos-bolt-base from /fslarge/scratch/users/h61084/weights/chronos-bolt-base...
[2026-09-20 20:51:16 UTC] resources model_device {"device": "cuda", "model": "chronos_bolt"}

--- Term: short ---
  Config: prediction_length=24, test_length=2208, val_length=2160
  Dataset info:
    - Frequency: H
    - Num series: 1
    - Target dim: 5
    - Target mode: univariate
    - Series length: min=38688, max=38688, avg=38688.0
    - Test split: 2208 steps
    - Prediction length: 24
    - Windows: 92
TIME run allocation action=skip run=/fslarge/scratch/users/h61084/codes/evaluating_tsfms/outputs/instance_normalization/tasks/chronos_bolt/normalization/none/univariate/SG_PM25/H/short/run_0 source_launch=selena_instance_normalization_20260920T193952Z_48346 launch_id=selena_instance_normalization_20260920T193952Z_48346 slurm_job_id=3506750 launched_at=2026-09-20T20:51:17.386261+00:00
  Reused completed task: /fslarge/scratch/users/h61084/codes/evaluating_tsfms/outputs/instance_normalization/tasks/chronos_bolt/normalization/none/univariate/SG_PM25/H/short/run_0

--- Term: medium ---
  Config: prediction_length=72, test_length=2208, val_length=2160
  Dataset info:
    - Frequency: H
    - Num series: 1
    - Target dim: 5
    - Target mode: univariate
    - Series length: min=38688, max=38688, avg=38688.0
    - Test split: 2208 steps
    - Prediction length: 72
    - Windows: 30
TIME run allocation action=skip run=/fslarge/scratch/users/h61084/codes/evaluating_tsfms/outputs/instance_normalization/tasks/chronos_bolt/normalization/none/univariate/SG_PM25/H/medium/run_0 source_launch=selena_instance_normalization_20260920T193952Z_48346 launch_id=selena_instance_normalization_20260920T193952Z_48346 slurm_job_id=3506750 launched_at=2026-09-20T20:51:17.437845+00:00
  Reused completed task: /fslarge/scratch/users/h61084/codes/evaluating_tsfms/outputs/instance_normalization/tasks/chronos_bolt/normalization/none/univariate/SG_PM25/H/medium/run_0

--- Term: long ---
  Config: prediction_length=168, test_length=2208, val_length=2160
  Dataset info:
    - Frequency: H
    - Num series: 1
    - Target dim: 5
    - Target mode: univariate
    - Series length: min=38688, max=38688, avg=38688.0
    - Test split: 2208 steps
    - Prediction length: 168
    - Windows: 13
TIME run allocation action=skip run=/fslarge/scratch/users/h61084/codes/evaluating_tsfms/outputs/instance_normalization/tasks/chronos_bolt/normalization/none/univariate/SG_PM25/H/long/run_0 source_launch=selena_instance_normalization_20260920T193952Z_48346 launch_id=selena_instance_normalization_20260920T193952Z_48346 slurm_job_id=3506750 launched_at=2026-09-20T20:51:17.487058+00:00
  Reused completed task: /fslarge/scratch/users/h61084/codes/evaluating_tsfms/outputs/instance_normalization/tasks/chronos_bolt/normalization/none/univariate/SG_PM25/H/long/run_0

============================================================
All experiments completed!
Results saved to: /scratch/users/h61084/codes/evaluating_tsfms/outputs/instance_normalization/tasks
============================================================

############################################################
# All datasets completed!
############################################################

############################################################
# Dataset 1/1: NE_China_Wind/H
############################################################
Loading configuration...

============================================================
Dataset: NE_China_Wind/H
Model: amazon/chronos-bolt-base
Terms: ['short', 'medium', 'long']
Instance normalization: none
============================================================
Loading Chronos-Bolt model: amazon/chronos-bolt-base from /fslarge/scratch/users/h61084/weights/chronos-bolt-base...
[2026-09-20 20:51:25 UTC] resources model_device {"device": "cuda", "model": "chronos_bolt"}

--- Term: short ---
  Config: prediction_length=24, test_length=720, val_length=720
  Dataset info:
    - Frequency: H
    - Num series: 1
    - Target dim: 4
    - Target mode: univariate
    - Series length: min=8764, max=8764, avg=8764.0
    - Test split: 720 steps
    - Prediction length: 24
    - Windows: 30
TIME run allocation action=skip run=/fslarge/scratch/users/h61084/codes/evaluating_tsfms/outputs/instance_normalization/tasks/chronos_bolt/normalization/none/univariate/NE_China_Wind/H/short/run_0 source_launch=selena_instance_normalization_20260920T193952Z_48346 launch_id=selena_instance_normalization_20260920T193952Z_48346 slurm_job_id=3506750 launched_at=2026-09-20T20:51:26.668153+00:00
  Reused completed task: /fslarge/scratch/users/h61084/codes/evaluating_tsfms/outputs/instance_normalization/tasks/chronos_bolt/normalization/none/univariate/NE_China_Wind/H/short/run_0

--- Term: medium ---
  Config: prediction_length=72, test_length=720, val_length=720
  Dataset info:
    - Frequency: H
    - Num series: 1
    - Target dim: 4
    - Target mode: univariate
    - Series length: min=8764, max=8764, avg=8764.0
    - Test split: 720 steps
    - Prediction length: 72
    - Windows: 10
TIME run allocation action=skip run=/fslarge/scratch/users/h61084/codes/evaluating_tsfms/outputs/instance_normalization/tasks/chronos_bolt/normalization/none/univariate/NE_China_Wind/H/medium/run_0 source_launch=selena_instance_normalization_20260920T193952Z_48346 launch_id=selena_instance_normalization_20260920T193952Z_48346 slurm_job_id=3506750 launched_at=2026-09-20T20:51:26.688617+00:00
  Reused completed task: /fslarge/scratch/users/h61084/codes/evaluating_tsfms/outputs/instance_normalization/tasks/chronos_bolt/normalization/none/univariate/NE_China_Wind/H/medium/run_0

--- Term: long ---
  Config: prediction_length=168, test_length=720, val_length=720
  Dataset info:
    - Frequency: H
    - Num series: 1
    - Target dim: 4
    - Target mode: univariate
    - Series length: min=8764, max=8764, avg=8764.0
    - Test split: 720 steps
    - Prediction length: 168
    - Windows: 4
TIME run allocation action=skip run=/fslarge/scratch/users/h61084/codes/evaluating_tsfms/outputs/instance_normalization/tasks/chronos_bolt/normalization/none/univariate/NE_China_Wind/H/long/run_0 source_launch=selena_instance_normalization_20260920T193952Z_48346 launch_id=selena_instance_normalization_20260920T193952Z_48346 slurm_job_id=3506750 launched_at=2026-09-20T20:51:26.708201+00:00
  Reused completed task: /fslarge/scratch/users/h61084/codes/evaluating_tsfms/outputs/instance_normalization/tasks/chronos_bolt/normalization/none/univariate/NE_China_Wind/H/long/run_0

============================================================
All experiments completed!
Results saved to: /scratch/users/h61084/codes/evaluating_tsfms/outputs/instance_normalization/tasks
============================================================

############################################################
# All datasets completed!
############################################################

############################################################
# Dataset 1/1: Australia_Solar/H
############################################################
Loading configuration...

============================================================
Dataset: Australia_Solar/H
Model: amazon/chronos-bolt-base
Terms: ['short', 'medium', 'long']
Instance normalization: none
============================================================
Loading Chronos-Bolt model: amazon/chronos-bolt-base from /fslarge/scratch/users/h61084/weights/chronos-bolt-base...
[2026-09-20 20:51:36 UTC] resources model_device {"device": "cuda", "model": "chronos_bolt"}

--- Term: short ---
  Config: prediction_length=24, test_length=2520, val_length=2520
  Dataset info:
    - Frequency: H
    - Num series: 1
    - Target dim: 3
    - Target mode: univariate
    - Series length: min=35064, max=35064, avg=35064.0
    - Test split: 2520 steps
    - Prediction length: 24
    - Windows: 105
TIME run allocation action=skip run=/fslarge/scratch/users/h61084/codes/evaluating_tsfms/outputs/instance_normalization/tasks/chronos_bolt/normalization/none/univariate/Australia_Solar/H/short/run_0 source_launch=selena_instance_normalization_20260920T193952Z_48346 launch_id=selena_instance_normalization_20260920T193952Z_48346 slurm_job_id=3506750 launched_at=2026-09-20T20:51:37.145637+00:00
  Reused completed task: /fslarge/scratch/users/h61084/codes/evaluating_tsfms/outputs/instance_normalization/tasks/chronos_bolt/normalization/none/univariate/Australia_Solar/H/short/run_0

--- Term: medium ---
  Config: prediction_length=72, test_length=2520, val_length=2520
  Dataset info:
    - Frequency: H
    - Num series: 1
    - Target dim: 3
    - Target mode: univariate
    - Series length: min=35064, max=35064, avg=35064.0
    - Test split: 2520 steps
    - Prediction length: 72
    - Windows: 35
TIME run allocation action=skip run=/fslarge/scratch/users/h61084/codes/evaluating_tsfms/outputs/instance_normalization/tasks/chronos_bolt/normalization/none/univariate/Australia_Solar/H/medium/run_0 source_launch=selena_instance_normalization_20260920T193952Z_48346 launch_id=selena_instance_normalization_20260920T193952Z_48346 slurm_job_id=3506750 launched_at=2026-09-20T20:51:37.178608+00:00
  Reused completed task: /fslarge/scratch/users/h61084/codes/evaluating_tsfms/outputs/instance_normalization/tasks/chronos_bolt/normalization/none/univariate/Australia_Solar/H/medium/run_0

--- Term: long ---
  Config: prediction_length=168, test_length=2520, val_length=2520
  Dataset info:
    - Frequency: H
    - Num series: 1
    - Target dim: 3
    - Target mode: univariate
    - Series length: min=35064, max=35064, avg=35064.0
    - Test split: 2520 steps
    - Prediction length: 168
    - Windows: 15
TIME run allocation action=skip run=/fslarge/scratch/users/h61084/codes/evaluating_tsfms/outputs/instance_normalization/tasks/chronos_bolt/normalization/none/univariate/Australia_Solar/H/long/run_0 source_launch=selena_instance_normalization_20260920T193952Z_48346 launch_id=selena_instance_normalization_20260920T193952Z_48346 slurm_job_id=3506750 launched_at=2026-09-20T20:51:37.209329+00:00
  Reused completed task: /fslarge/scratch/users/h61084/codes/evaluating_tsfms/outputs/instance_normalization/tasks/chronos_bolt/normalization/none/univariate/Australia_Solar/H/long/run_0

============================================================
All experiments completed!
Results saved to: /scratch/users/h61084/codes/evaluating_tsfms/outputs/instance_normalization/tasks
============================================================

############################################################
# All datasets completed!
############################################################

############################################################
# Dataset 1/1: epf_electricity_price/H
############################################################
Loading configuration...

============================================================
Dataset: epf_electricity_price/H
Model: amazon/chronos-bolt-base
Terms: ['short', 'medium', 'long']
Instance normalization: none
============================================================
Loading Chronos-Bolt model: amazon/chronos-bolt-base from /fslarge/scratch/users/h61084/weights/chronos-bolt-base...
[2026-09-20 20:51:45 UTC] resources model_device {"device": "cuda", "model": "chronos_bolt"}

--- Term: short ---
  Config: prediction_length=24, test_length=2520, val_length=2520
  Dataset info:
    - Frequency: H
    - Num series: 5
    - Target dim: 1
    - Target mode: univariate
    - Series length: min=52416, max=52416, avg=52416.0
    - Test split: 2520 steps
    - Prediction length: 24
    - Windows: 105
TIME run allocation action=skip run=/fslarge/scratch/users/h61084/codes/evaluating_tsfms/outputs/instance_normalization/tasks/chronos_bolt/normalization/none/univariate/epf_electricity_price/H/short/run_0 source_launch=selena_instance_normalization_20260920T193952Z_48346 launch_id=selena_instance_normalization_20260920T193952Z_48346 slurm_job_id=3506750 launched_at=2026-09-20T20:51:46.367377+00:00
  Reused completed task: /fslarge/scratch/users/h61084/codes/evaluating_tsfms/outputs/instance_normalization/tasks/chronos_bolt/normalization/none/univariate/epf_electricity_price/H/short/run_0

--- Term: medium ---
  Config: prediction_length=72, test_length=2520, val_length=2520
  Dataset info:
    - Frequency: H
    - Num series: 5
    - Target dim: 1
    - Target mode: univariate
    - Series length: min=52416, max=52416, avg=52416.0
    - Test split: 2520 steps
    - Prediction length: 72
    - Windows: 35
TIME run allocation action=skip run=/fslarge/scratch/users/h61084/codes/evaluating_tsfms/outputs/instance_normalization/tasks/chronos_bolt/normalization/none/univariate/epf_electricity_price/H/medium/run_0 source_launch=selena_instance_normalization_20260920T193952Z_48346 launch_id=selena_instance_normalization_20260920T193952Z_48346 slurm_job_id=3506750 launched_at=2026-09-20T20:51:46.384771+00:00
  Reused completed task: /fslarge/scratch/users/h61084/codes/evaluating_tsfms/outputs/instance_normalization/tasks/chronos_bolt/normalization/none/univariate/epf_electricity_price/H/medium/run_0

--- Term: long ---
  Config: prediction_length=168, test_length=2520, val_length=2520
  Dataset info:
    - Frequency: H
    - Num series: 5
    - Target dim: 1
    - Target mode: univariate
    - Series length: min=52416, max=52416, avg=52416.0
    - Test split: 2520 steps
    - Prediction length: 168
    - Windows: 15
TIME run allocation action=skip run=/fslarge/scratch/users/h61084/codes/evaluating_tsfms/outputs/instance_normalization/tasks/chronos_bolt/normalization/none/univariate/epf_electricity_price/H/long/run_0 source_launch=selena_instance_normalization_20260920T193952Z_48346 launch_id=selena_instance_normalization_20260920T193952Z_48346 slurm_job_id=3506750 launched_at=2026-09-20T20:51:46.401343+00:00
  Reused completed task: /fslarge/scratch/users/h61084/codes/evaluating_tsfms/outputs/instance_normalization/tasks/chronos_bolt/normalization/none/univariate/epf_electricity_price/H/long/run_0

============================================================
All experiments completed!
Results saved to: /scratch/users/h61084/codes/evaluating_tsfms/outputs/instance_normalization/tasks
============================================================

############################################################
# All datasets completed!
############################################################

############################################################
# Dataset 1/1: OpenElectricity_NEM/5T
############################################################
Loading configuration...

============================================================
Dataset: OpenElectricity_NEM/5T
Model: amazon/chronos-bolt-base
Terms: ['short', 'medium', 'long']
Instance normalization: none
============================================================
Loading Chronos-Bolt model: amazon/chronos-bolt-base from /fslarge/scratch/users/h61084/weights/chronos-bolt-base...
[2026-09-20 20:51:54 UTC] resources model_device {"device": "cuda", "model": "chronos_bolt"}

--- Term: short ---
  Config: prediction_length=24, test_length=4032, val_length=4032
  Dataset info:
    - Frequency: 5T
    - Num series: 1
    - Target dim: 10
    - Target mode: univariate
    - Series length: min=43488, max=43488, avg=43488.0
    - Test split: 4032 steps
    - Prediction length: 24
    - Windows: 168
TIME run allocation action=skip run=/fslarge/scratch/users/h61084/codes/evaluating_tsfms/outputs/instance_normalization/tasks/chronos_bolt/normalization/none/univariate/OpenElectricity_NEM/5T/short/run_0 source_launch=selena_instance_normalization_20260920T193952Z_48346 launch_id=selena_instance_normalization_20260920T193952Z_48346 slurm_job_id=3506750 launched_at=2026-09-20T20:51:55.607460+00:00
  Reused completed task: /fslarge/scratch/users/h61084/codes/evaluating_tsfms/outputs/instance_normalization/tasks/chronos_bolt/normalization/none/univariate/OpenElectricity_NEM/5T/short/run_0

--- Term: medium ---
  Config: prediction_length=96, test_length=4032, val_length=4032
  Dataset info:
    - Frequency: 5T
    - Num series: 1
    - Target dim: 10
    - Target mode: univariate
    - Series length: min=43488, max=43488, avg=43488.0
    - Test split: 4032 steps
    - Prediction length: 96
    - Windows: 42
TIME run allocation action=skip run=/fslarge/scratch/users/h61084/codes/evaluating_tsfms/outputs/instance_normalization/tasks/chronos_bolt/normalization/none/univariate/OpenElectricity_NEM/5T/medium/run_0 source_launch=selena_instance_normalization_20260920T193952Z_48346 launch_id=selena_instance_normalization_20260920T193952Z_48346 slurm_job_id=3506750 launched_at=2026-09-20T20:51:55.716613+00:00
  Reused completed task: /fslarge/scratch/users/h61084/codes/evaluating_tsfms/outputs/instance_normalization/tasks/chronos_bolt/normalization/none/univariate/OpenElectricity_NEM/5T/medium/run_0

--- Term: long ---
  Config: prediction_length=288, test_length=4032, val_length=4032
  Dataset info:
    - Frequency: 5T
    - Num series: 1
    - Target dim: 10
    - Target mode: univariate
    - Series length: min=43488, max=43488, avg=43488.0
    - Test split: 4032 steps
    - Prediction length: 288
    - Windows: 14
TIME run allocation action=skip run=/fslarge/scratch/users/h61084/codes/evaluating_tsfms/outputs/instance_normalization/tasks/chronos_bolt/normalization/none/univariate/OpenElectricity_NEM/5T/long/run_0 source_launch=selena_instance_normalization_20260920T193952Z_48346 launch_id=selena_instance_normalization_20260920T193952Z_48346 slurm_job_id=3506750 launched_at=2026-09-20T20:51:55.824586+00:00
  Reused completed task: /fslarge/scratch/users/h61084/codes/evaluating_tsfms/outputs/instance_normalization/tasks/chronos_bolt/normalization/none/univariate/OpenElectricity_NEM/5T/long/run_0

============================================================
All experiments completed!
Results saved to: /scratch/users/h61084/codes/evaluating_tsfms/outputs/instance_normalization/tasks
============================================================

############################################################
# All datasets completed!
############################################################

############################################################
# Dataset 1/1: EWELD_Load/15T
############################################################
Loading configuration...

============================================================
Dataset: EWELD_Load/15T
Model: amazon/chronos-bolt-base
Terms: ['short', 'medium', 'long']
Instance normalization: none
============================================================
Loading Chronos-Bolt model: amazon/chronos-bolt-base from /fslarge/scratch/users/h61084/weights/chronos-bolt-base...
[2026-09-20 20:52:04 UTC] resources model_device {"device": "cuda", "model": "chronos_bolt"}

--- Term: short ---
  Config: prediction_length=24, test_length=1344, val_length=1344
  Dataset info:
    - Frequency: 15T
    - Num series: 1
    - Target dim: 10
    - Target mode: univariate
    - Series length: min=20544, max=20544, avg=20544.0
    - Test split: 1344 steps
    - Prediction length: 24
    - Windows: 56
TIME run allocation action=skip run=/fslarge/scratch/users/h61084/codes/evaluating_tsfms/outputs/instance_normalization/tasks/chronos_bolt/normalization/none/univariate/EWELD_Load/15T/short/run_0 source_launch=selena_instance_normalization_20260920T193952Z_48346 launch_id=selena_instance_normalization_20260920T193952Z_48346 slurm_job_id=3506750 launched_at=2026-09-20T20:52:04.980166+00:00
  Reused completed task: /fslarge/scratch/users/h61084/codes/evaluating_tsfms/outputs/instance_normalization/tasks/chronos_bolt/normalization/none/univariate/EWELD_Load/15T/short/run_0

--- Term: medium ---
  Config: prediction_length=96, test_length=1344, val_length=1344
  Dataset info:
    - Frequency: 15T
    - Num series: 1
    - Target dim: 10
    - Target mode: univariate
    - Series length: min=20544, max=20544, avg=20544.0
    - Test split: 1344 steps
    - Prediction length: 96
    - Windows: 14
TIME run allocation action=skip run=/fslarge/scratch/users/h61084/codes/evaluating_tsfms/outputs/instance_normalization/tasks/chronos_bolt/normalization/none/univariate/EWELD_Load/15T/medium/run_0 source_launch=selena_instance_normalization_20260920T193952Z_48346 launch_id=selena_instance_normalization_20260920T193952Z_48346 slurm_job_id=3506750 launched_at=2026-09-20T20:52:05.034978+00:00
  Reused completed task: /fslarge/scratch/users/h61084/codes/evaluating_tsfms/outputs/instance_normalization/tasks/chronos_bolt/normalization/none/univariate/EWELD_Load/15T/medium/run_0

--- Term: long ---
  Config: prediction_length=672, test_length=1344, val_length=1344
  Dataset info:
    - Frequency: 15T
    - Num series: 1
    - Target dim: 10
    - Target mode: univariate
    - Series length: min=20544, max=20544, avg=20544.0
    - Test split: 1344 steps
    - Prediction length: 672
    - Windows: 2
TIME run allocation action=skip run=/fslarge/scratch/users/h61084/codes/evaluating_tsfms/outputs/instance_normalization/tasks/chronos_bolt/normalization/none/univariate/EWELD_Load/15T/long/run_0 source_launch=selena_instance_normalization_20260920T193952Z_48346 launch_id=selena_instance_normalization_20260920T193952Z_48346 slurm_job_id=3506750 launched_at=2026-09-20T20:52:05.085886+00:00
  Reused completed task: /fslarge/scratch/users/h61084/codes/evaluating_tsfms/outputs/instance_normalization/tasks/chronos_bolt/normalization/none/univariate/EWELD_Load/15T/long/run_0

============================================================
All experiments completed!
Results saved to: /scratch/users/h61084/codes/evaluating_tsfms/outputs/instance_normalization/tasks
============================================================

############################################################
# All datasets completed!
############################################################

############################################################
# Dataset 1/1: SG_Carpark/15T
############################################################
Loading configuration...

============================================================
Dataset: SG_Carpark/15T
Model: amazon/chronos-bolt-base
Terms: ['short', 'medium', 'long']
Instance normalization: none
============================================================
Loading Chronos-Bolt model: amazon/chronos-bolt-base from /fslarge/scratch/users/h61084/weights/chronos-bolt-base...
[2026-09-20 20:52:13 UTC] resources model_device {"device": "cuda", "model": "chronos_bolt"}

--- Term: short ---
  Config: prediction_length=16, test_length=672, val_length=672
  Dataset info:
    - Frequency: 15T
    - Num series: 354
    - Target dim: 1
    - Target mode: univariate
    - Series length: min=14495, max=14495, avg=14495.0
    - Test split: 672 steps
    - Prediction length: 16
    - Windows: 42
TIME run allocation action=skip run=/fslarge/scratch/users/h61084/codes/evaluating_tsfms/outputs/instance_normalization/tasks/chronos_bolt/normalization/none/univariate/SG_Carpark/15T/short/run_0 source_launch=selena_instance_normalization_20260920T193952Z_48346 launch_id=selena_instance_normalization_20260920T193952Z_48346 slurm_job_id=3506750 launched_at=2026-09-20T20:52:14.169224+00:00
  Reused completed task: /fslarge/scratch/users/h61084/codes/evaluating_tsfms/outputs/instance_normalization/tasks/chronos_bolt/normalization/none/univariate/SG_Carpark/15T/short/run_0

--- Term: medium ---
  Config: prediction_length=96, test_length=672, val_length=672
  Dataset info:
    - Frequency: 15T
    - Num series: 354
    - Target dim: 1
    - Target mode: univariate
    - Series length: min=14495, max=14495, avg=14495.0
    - Test split: 672 steps
    - Prediction length: 96
    - Windows: 7
TIME run allocation action=skip run=/fslarge/scratch/users/h61084/codes/evaluating_tsfms/outputs/instance_normalization/tasks/chronos_bolt/normalization/none/univariate/SG_Carpark/15T/medium/run_0 source_launch=selena_instance_normalization_20260920T193952Z_48346 launch_id=selena_instance_normalization_20260920T193952Z_48346 slurm_job_id=3506750 launched_at=2026-09-20T20:52:14.182384+00:00
  Reused completed task: /fslarge/scratch/users/h61084/codes/evaluating_tsfms/outputs/instance_normalization/tasks/chronos_bolt/normalization/none/univariate/SG_Carpark/15T/medium/run_0

--- Term: long ---
  Config: prediction_length=672, test_length=672, val_length=672
  Dataset info:
    - Frequency: 15T
    - Num series: 354
    - Target dim: 1
    - Target mode: univariate
    - Series length: min=14495, max=14495, avg=14495.0
    - Test split: 672 steps
    - Prediction length: 672
    - Windows: 1
TIME run allocation action=skip run=/fslarge/scratch/users/h61084/codes/evaluating_tsfms/outputs/instance_normalization/tasks/chronos_bolt/normalization/none/univariate/SG_Carpark/15T/long/run_0 source_launch=selena_instance_normalization_20260920T193952Z_48346 launch_id=selena_instance_normalization_20260920T193952Z_48346 slurm_job_id=3506750 launched_at=2026-09-20T20:52:14.194739+00:00
  Reused completed task: /fslarge/scratch/users/h61084/codes/evaluating_tsfms/outputs/instance_normalization/tasks/chronos_bolt/normalization/none/univariate/SG_Carpark/15T/long/run_0

============================================================
All experiments completed!
Results saved to: /scratch/users/h61084/codes/evaluating_tsfms/outputs/instance_normalization/tasks
============================================================

############################################################
# All datasets completed!
############################################################

############################################################
# Dataset 1/1: Finland_Traffic/15T
############################################################
Loading configuration...

============================================================
Dataset: Finland_Traffic/15T
Model: amazon/chronos-bolt-base
Terms: ['short', 'medium', 'long']
Instance normalization: none
============================================================
Loading Chronos-Bolt model: amazon/chronos-bolt-base from /fslarge/scratch/users/h61084/weights/chronos-bolt-base...
[2026-09-20 20:52:22 UTC] resources model_device {"device": "cuda", "model": "chronos_bolt"}

--- Term: short ---
  Config: prediction_length=16, test_length=2976, val_length=2880
  Dataset info:
    - Frequency: 15T
    - Num series: 1
    - Target dim: 1
    - Target mode: univariate
    - Series length: min=35136, max=35136, avg=35136.0
    - Test split: 2976 steps
    - Prediction length: 16
    - Windows: 186
TIME run allocation action=skip run=/fslarge/scratch/users/h61084/codes/evaluating_tsfms/outputs/instance_normalization/tasks/chronos_bolt/normalization/none/univariate/Finland_Traffic/15T/short/run_0 source_launch=selena_instance_normalization_20260920T193952Z_48346 launch_id=selena_instance_normalization_20260920T193952Z_48346 slurm_job_id=3506750 launched_at=2026-09-20T20:52:23.307470+00:00
  Reused completed task: /fslarge/scratch/users/h61084/codes/evaluating_tsfms/outputs/instance_normalization/tasks/chronos_bolt/normalization/none/univariate/Finland_Traffic/15T/short/run_0

--- Term: medium ---
  Config: prediction_length=96, test_length=2976, val_length=2880
  Dataset info:
    - Frequency: 15T
    - Num series: 1
    - Target dim: 1
    - Target mode: univariate
    - Series length: min=35136, max=35136, avg=35136.0
    - Test split: 2976 steps
    - Prediction length: 96
    - Windows: 31
TIME run allocation action=skip run=/fslarge/scratch/users/h61084/codes/evaluating_tsfms/outputs/instance_normalization/tasks/chronos_bolt/normalization/none/univariate/Finland_Traffic/15T/medium/run_0 source_launch=selena_instance_normalization_20260920T193952Z_48346 launch_id=selena_instance_normalization_20260920T193952Z_48346 slurm_job_id=3506750 launched_at=2026-09-20T20:52:23.322255+00:00
  Reused completed task: /fslarge/scratch/users/h61084/codes/evaluating_tsfms/outputs/instance_normalization/tasks/chronos_bolt/normalization/none/univariate/Finland_Traffic/15T/medium/run_0

--- Term: long ---
  Config: prediction_length=672, test_length=2976, val_length=2880
  Dataset info:
    - Frequency: 15T
    - Num series: 1
    - Target dim: 1
    - Target mode: univariate
    - Series length: min=35136, max=35136, avg=35136.0
    - Test split: 2976 steps
    - Prediction length: 672
    - Windows: 4
TIME run allocation action=skip run=/fslarge/scratch/users/h61084/codes/evaluating_tsfms/outputs/instance_normalization/tasks/chronos_bolt/normalization/none/univariate/Finland_Traffic/15T/long/run_0 source_launch=selena_instance_normalization_20260920T193952Z_48346 launch_id=selena_instance_normalization_20260920T193952Z_48346 slurm_job_id=3506750 launched_at=2026-09-20T20:52:23.336642+00:00
  Reused completed task: /fslarge/scratch/users/h61084/codes/evaluating_tsfms/outputs/instance_normalization/tasks/chronos_bolt/normalization/none/univariate/Finland_Traffic/15T/long/run_0

============================================================
All experiments completed!
Results saved to: /scratch/users/h61084/codes/evaluating_tsfms/outputs/instance_normalization/tasks
============================================================

############################################################
# All datasets completed!
############################################################

############################################################
# Dataset 1/1: Port_Activity/D
############################################################
Loading configuration...

============================================================
Dataset: Port_Activity/D
Model: amazon/chronos-bolt-base
Terms: ['short']
Instance normalization: none
============================================================
Loading Chronos-Bolt model: amazon/chronos-bolt-base from /fslarge/scratch/users/h61084/weights/chronos-bolt-base...
[2026-09-20 20:52:31 UTC] resources model_device {"device": "cuda", "model": "chronos_bolt"}

--- Term: short ---
  Config: prediction_length=30, test_length=365, val_length=90
  Dataset info:
    - Frequency: D
    - Num series: 99
    - Target dim: 2
    - Target mode: univariate
    - Series length: min=2127, max=2127, avg=2127.0
    - Test split: 365 steps
    - Prediction length: 30
    - Windows: 12
TIME run allocation action=skip run=/fslarge/scratch/users/h61084/codes/evaluating_tsfms/outputs/instance_normalization/tasks/chronos_bolt/normalization/none/univariate/Port_Activity/D/short/run_0 source_launch=selena_instance_normalization_20260920T193952Z_48346 launch_id=selena_instance_normalization_20260920T193952Z_48346 slurm_job_id=3506750 launched_at=2026-09-20T20:52:32.432070+00:00
  Reused completed task: /fslarge/scratch/users/h61084/codes/evaluating_tsfms/outputs/instance_normalization/tasks/chronos_bolt/normalization/none/univariate/Port_Activity/D/short/run_0

============================================================
All experiments completed!
Results saved to: /scratch/users/h61084/codes/evaluating_tsfms/outputs/instance_normalization/tasks
============================================================

############################################################
# All datasets completed!
############################################################

############################################################
# Dataset 1/1: Port_Activity/W
############################################################
Loading configuration...

============================================================
Dataset: Port_Activity/W
Model: amazon/chronos-bolt-base
Terms: ['short']
Instance normalization: none
============================================================
Loading Chronos-Bolt model: amazon/chronos-bolt-base from /fslarge/scratch/users/h61084/weights/chronos-bolt-base...
[2026-09-20 20:52:40 UTC] resources model_device {"device": "cuda", "model": "chronos_bolt"}

--- Term: short ---
  Config: prediction_length=13, test_length=52, val_length=13
  Dataset info:
    - Frequency: W
    - Num series: 99
    - Target dim: 2
    - Target mode: univariate
    - Series length: min=304, max=304, avg=304.0
    - Test split: 52 steps
    - Prediction length: 13
    - Windows: 4
TIME run allocation action=skip run=/fslarge/scratch/users/h61084/codes/evaluating_tsfms/outputs/instance_normalization/tasks/chronos_bolt/normalization/none/univariate/Port_Activity/W/short/run_0 source_launch=selena_instance_normalization_20260920T193952Z_48346 launch_id=selena_instance_normalization_20260920T193952Z_48346 slurm_job_id=3506750 launched_at=2026-09-20T20:52:41.510428+00:00
  Reused completed task: /fslarge/scratch/users/h61084/codes/evaluating_tsfms/outputs/instance_normalization/tasks/chronos_bolt/normalization/none/univariate/Port_Activity/W/short/run_0

============================================================
All experiments completed!
Results saved to: /scratch/users/h61084/codes/evaluating_tsfms/outputs/instance_normalization/tasks
============================================================

############################################################
# All datasets completed!
############################################################

############################################################
# Dataset 1/1: ECDC_COVID/D
############################################################
Loading configuration...

============================================================
Dataset: ECDC_COVID/D
Model: amazon/chronos-bolt-base
Terms: ['short']
Instance normalization: none
============================================================
Loading Chronos-Bolt model: amazon/chronos-bolt-base from /fslarge/scratch/users/h61084/weights/chronos-bolt-base...
[2026-09-20 20:52:49 UTC] resources model_device {"device": "cuda", "model": "chronos_bolt"}

--- Term: short ---
  Config: prediction_length=30, test_length=150, val_length=30
  Dataset info:
    - Frequency: D
    - Num series: 9
    - Target dim: 1
    - Target mode: univariate
    - Series length: min=794, max=1229, avg=1116.6
    - Test split: 150 steps
    - Prediction length: 30
    - Windows: 5
TIME run allocation action=skip run=/fslarge/scratch/users/h61084/codes/evaluating_tsfms/outputs/instance_normalization/tasks/chronos_bolt/normalization/none/univariate/ECDC_COVID/D/short/run_0 source_launch=selena_instance_normalization_20260920T193952Z_48346 launch_id=selena_instance_normalization_20260920T193952Z_48346 slurm_job_id=3506750 launched_at=2026-09-20T20:52:50.602336+00:00
  Reused completed task: /fslarge/scratch/users/h61084/codes/evaluating_tsfms/outputs/instance_normalization/tasks/chronos_bolt/normalization/none/univariate/ECDC_COVID/D/short/run_0

============================================================
All experiments completed!
Results saved to: /scratch/users/h61084/codes/evaluating_tsfms/outputs/instance_normalization/tasks
============================================================

############################################################
# All datasets completed!
############################################################

############################################################
# Dataset 1/1: ECDC_COVID/W
############################################################
Loading configuration...

============================================================
Dataset: ECDC_COVID/W
Model: amazon/chronos-bolt-base
Terms: ['short']
Instance normalization: none
============================================================
Loading Chronos-Bolt model: amazon/chronos-bolt-base from /fslarge/scratch/users/h61084/weights/chronos-bolt-base...
[2026-09-20 20:52:58 UTC] resources model_device {"device": "cuda", "model": "chronos_bolt"}

--- Term: short ---
  Config: prediction_length=13, test_length=52, val_length=13
  Dataset info:
    - Frequency: W
    - Num series: 16
    - Target dim: 1
    - Target mode: univariate
    - Series length: min=114, max=196, avg=165.4
    - Test split: 52 steps
    - Prediction length: 13
    - Windows: 4
TIME run allocation action=skip run=/fslarge/scratch/users/h61084/codes/evaluating_tsfms/outputs/instance_normalization/tasks/chronos_bolt/normalization/none/univariate/ECDC_COVID/W/short/run_0 source_launch=selena_instance_normalization_20260920T193952Z_48346 launch_id=selena_instance_normalization_20260920T193952Z_48346 slurm_job_id=3506750 launched_at=2026-09-20T20:52:59.696662+00:00
  Reused completed task: /fslarge/scratch/users/h61084/codes/evaluating_tsfms/outputs/instance_normalization/tasks/chronos_bolt/normalization/none/univariate/ECDC_COVID/W/short/run_0

============================================================
All experiments completed!
Results saved to: /scratch/users/h61084/codes/evaluating_tsfms/outputs/instance_normalization/tasks
============================================================

############################################################
# All datasets completed!
############################################################

############################################################
# Dataset 1/1: Global_Influenza/W
############################################################
Loading configuration...

============================================================
Dataset: Global_Influenza/W
Model: amazon/chronos-bolt-base
Terms: ['short']
Instance normalization: none
============================================================
Loading Chronos-Bolt model: amazon/chronos-bolt-base from /fslarge/scratch/users/h61084/weights/chronos-bolt-base...
[2026-09-20 20:53:08 UTC] resources model_device {"device": "cuda", "model": "chronos_bolt"}

--- Term: short ---
  Config: prediction_length=13, test_length=52, val_length=13
  Dataset info:
    - Frequency: W
    - Num series: 15
    - Target dim: 4
    - Target mode: univariate
    - Series length: min=154, max=210, avg=205.6
    - Test split: 52 steps
    - Prediction length: 13
    - Windows: 4
TIME run allocation action=skip run=/fslarge/scratch/users/h61084/codes/evaluating_tsfms/outputs/instance_normalization/tasks/chronos_bolt/normalization/none/univariate/Global_Influenza/W/short/run_0 source_launch=selena_instance_normalization_20260920T193952Z_48346 launch_id=selena_instance_normalization_20260920T193952Z_48346 slurm_job_id=3506750 launched_at=2026-09-20T20:53:08.789531+00:00
  Reused completed task: /fslarge/scratch/users/h61084/codes/evaluating_tsfms/outputs/instance_normalization/tasks/chronos_bolt/normalization/none/univariate/Global_Influenza/W/short/run_0

============================================================
All experiments completed!
Results saved to: /scratch/users/h61084/codes/evaluating_tsfms/outputs/instance_normalization/tasks
============================================================

############################################################
# All datasets completed!
############################################################

############################################################
# Dataset 1/1: Crypto/D
############################################################
Loading configuration...

============================================================
Dataset: Crypto/D
Model: amazon/chronos-bolt-base
Terms: ['short']
Instance normalization: none
============================================================
Loading Chronos-Bolt model: amazon/chronos-bolt-base from /fslarge/scratch/users/h61084/weights/chronos-bolt-base...
[2026-09-20 20:53:17 UTC] resources model_device {"device": "cuda", "model": "chronos_bolt"}

--- Term: short ---
  Config: prediction_length=30, test_length=273, val_length=92
  Dataset info:
    - Frequency: D
    - Num series: 1
    - Target dim: 4
    - Target mode: univariate
    - Series length: min=2842, max=2842, avg=2842.0
    - Test split: 273 steps
    - Prediction length: 30
    - Windows: 9
TIME run allocation action=skip run=/fslarge/scratch/users/h61084/codes/evaluating_tsfms/outputs/instance_normalization/tasks/chronos_bolt/normalization/none/univariate/Crypto/D/short/run_0 source_launch=selena_instance_normalization_20260920T193952Z_48346 launch_id=selena_instance_normalization_20260920T193952Z_48346 slurm_job_id=3506750 launched_at=2026-09-20T20:53:17.890314+00:00
  Reused completed task: /fslarge/scratch/users/h61084/codes/evaluating_tsfms/outputs/instance_normalization/tasks/chronos_bolt/normalization/none/univariate/Crypto/D/short/run_0

============================================================
All experiments completed!
Results saved to: /scratch/users/h61084/codes/evaluating_tsfms/outputs/instance_normalization/tasks
============================================================

############################################################
# All datasets completed!
############################################################

############################################################
# Dataset 1/1: US_Term_Structure/B
############################################################
Loading configuration...

============================================================
Dataset: US_Term_Structure/B
Model: amazon/chronos-bolt-base
Terms: ['short']
Instance normalization: none
============================================================
Loading Chronos-Bolt model: amazon/chronos-bolt-base from /fslarge/scratch/users/h61084/weights/chronos-bolt-base...
[2026-09-20 20:53:26 UTC] resources model_device {"device": "cuda", "model": "chronos_bolt"}

--- Term: short ---
  Config: prediction_length=20, test_length=717, val_length=100
  Dataset info:
    - Frequency: B
    - Num series: 1
    - Target dim: 40
    - Target mode: univariate
    - Series length: min=9326, max=9326, avg=9326.0
    - Test split: 717 steps
    - Prediction length: 20
    - Windows: 35
TIME run allocation action=skip run=/fslarge/scratch/users/h61084/codes/evaluating_tsfms/outputs/instance_normalization/tasks/chronos_bolt/normalization/none/univariate/US_Term_Structure/B/short/run_0 source_launch=selena_instance_normalization_20260920T193952Z_48346 launch_id=selena_instance_normalization_20260920T193952Z_48346 slurm_job_id=3506750 launched_at=2026-09-20T20:53:27.092473+00:00
  Reused completed task: /fslarge/scratch/users/h61084/codes/evaluating_tsfms/outputs/instance_normalization/tasks/chronos_bolt/normalization/none/univariate/US_Term_Structure/B/short/run_0

============================================================
All experiments completed!
Results saved to: /scratch/users/h61084/codes/evaluating_tsfms/outputs/instance_normalization/tasks
============================================================

############################################################
# All datasets completed!
############################################################

############################################################
# Dataset 1/1: Oil_Price/B
############################################################
Loading configuration...

============================================================
Dataset: Oil_Price/B
Model: amazon/chronos-bolt-base
Terms: ['short']
Instance normalization: none
============================================================
Loading Chronos-Bolt model: amazon/chronos-bolt-base from /fslarge/scratch/users/h61084/weights/chronos-bolt-base...
[2026-09-20 20:53:35 UTC] resources model_device {"device": "cuda", "model": "chronos_bolt"}

--- Term: short ---
  Config: prediction_length=20, test_length=717, val_length=100
  Dataset info:
    - Frequency: B
    - Num series: 1
    - Target dim: 12
    - Target mode: univariate
    - Series length: min=5035, max=5035, avg=5035.0
    - Test split: 717 steps
    - Prediction length: 20
    - Windows: 35
TIME run allocation action=skip run=/fslarge/scratch/users/h61084/codes/evaluating_tsfms/outputs/instance_normalization/tasks/chronos_bolt/normalization/none/univariate/Oil_Price/B/short/run_0 source_launch=selena_instance_normalization_20260920T193952Z_48346 launch_id=selena_instance_normalization_20260920T193952Z_48346 slurm_job_id=3506750 launched_at=2026-09-20T20:53:36.313331+00:00
  Reused completed task: /fslarge/scratch/users/h61084/codes/evaluating_tsfms/outputs/instance_normalization/tasks/chronos_bolt/normalization/none/univariate/Oil_Price/B/short/run_0

============================================================
All experiments completed!
Results saved to: /scratch/users/h61084/codes/evaluating_tsfms/outputs/instance_normalization/tasks
============================================================

############################################################
# All datasets completed!
############################################################

############################################################
# Dataset 1/1: Job_Claims/W
############################################################
Loading configuration...

============================================================
Dataset: Job_Claims/W
Model: amazon/chronos-bolt-base
Terms: ['short']
Instance normalization: none
============================================================
Loading Chronos-Bolt model: amazon/chronos-bolt-base from /fslarge/scratch/users/h61084/weights/chronos-bolt-base...
[2026-09-20 20:53:45 UTC] resources model_device {"device": "cuda", "model": "chronos_bolt"}

--- Term: short ---
  Config: prediction_length=13, test_length=52, val_length=13
  Dataset info:
    - Frequency: W
    - Num series: 1
    - Target dim: 2
    - Target mode: univariate
    - Series length: min=196, max=196, avg=196.0
    - Test split: 52 steps
    - Prediction length: 13
    - Windows: 4
TIME run allocation action=skip run=/fslarge/scratch/users/h61084/codes/evaluating_tsfms/outputs/instance_normalization/tasks/chronos_bolt/normalization/none/univariate/Job_Claims/W/short/run_0 source_launch=selena_instance_normalization_20260920T193952Z_48346 launch_id=selena_instance_normalization_20260920T193952Z_48346 slurm_job_id=3506750 launched_at=2026-09-20T20:53:45.740095+00:00
  Reused completed task: /fslarge/scratch/users/h61084/codes/evaluating_tsfms/outputs/instance_normalization/tasks/chronos_bolt/normalization/none/univariate/Job_Claims/W/short/run_0

============================================================
All experiments completed!
Results saved to: /scratch/users/h61084/codes/evaluating_tsfms/outputs/instance_normalization/tasks
============================================================

############################################################
# All datasets completed!
############################################################

############################################################
# Dataset 1/1: Uncertainty_1M/M
############################################################
Loading configuration...

============================================================
Dataset: Uncertainty_1M/M
Model: amazon/chronos-bolt-base
Terms: ['short']
Instance normalization: none
============================================================
Loading Chronos-Bolt model: amazon/chronos-bolt-base from /fslarge/scratch/users/h61084/weights/chronos-bolt-base...
[2026-09-20 20:53:54 UTC] resources model_device {"device": "cuda", "model": "chronos_bolt"}

--- Term: short ---
  Config: prediction_length=6, test_length=42, val_length=18
  Dataset info:
    - Frequency: M
    - Num series: 1
    - Target dim: 3
    - Target mode: univariate
    - Series length: min=780, max=780, avg=780.0
    - Test split: 42 steps
    - Prediction length: 6
    - Windows: 7
TIME run allocation action=skip run=/fslarge/scratch/users/h61084/codes/evaluating_tsfms/outputs/instance_normalization/tasks/chronos_bolt/normalization/none/univariate/Uncertainty_1M/M/short/run_0 source_launch=selena_instance_normalization_20260920T193952Z_48346 launch_id=selena_instance_normalization_20260920T193952Z_48346 slurm_job_id=3506750 launched_at=2026-09-20T20:53:54.819077+00:00
  Reused completed task: /fslarge/scratch/users/h61084/codes/evaluating_tsfms/outputs/instance_normalization/tasks/chronos_bolt/normalization/none/univariate/Uncertainty_1M/M/short/run_0

============================================================
All experiments completed!
Results saved to: /scratch/users/h61084/codes/evaluating_tsfms/outputs/instance_normalization/tasks
============================================================

############################################################
# All datasets completed!
############################################################

############################################################
# Dataset 1/1: Housing_Inventory/M
############################################################
Loading configuration...

============================================================
Dataset: Housing_Inventory/M
Model: amazon/chronos-bolt-base
Terms: ['short']
Instance normalization: none
============================================================
Loading Chronos-Bolt model: amazon/chronos-bolt-base from /fslarge/scratch/users/h61084/weights/chronos-bolt-base...
[2026-09-20 20:54:03 UTC] resources model_device {"device": "cuda", "model": "chronos_bolt"}

--- Term: short ---
  Config: prediction_length=12, test_length=36, val_length=12
  Dataset info:
    - Frequency: M
    - Num series: 1
    - Target dim: 4
    - Target mode: univariate
    - Series length: min=114, max=114, avg=114.0
    - Test split: 36 steps
    - Prediction length: 12
    - Windows: 3
TIME run allocation action=skip run=/fslarge/scratch/users/h61084/codes/evaluating_tsfms/outputs/instance_normalization/tasks/chronos_bolt/normalization/none/univariate/Housing_Inventory/M/short/run_0 source_launch=selena_instance_normalization_20260920T193952Z_48346 launch_id=selena_instance_normalization_20260920T193952Z_48346 slurm_job_id=3506750 launched_at=2026-09-20T20:54:03.937746+00:00
  Reused completed task: /fslarge/scratch/users/h61084/codes/evaluating_tsfms/outputs/instance_normalization/tasks/chronos_bolt/normalization/none/univariate/Housing_Inventory/M/short/run_0

============================================================
All experiments completed!
Results saved to: /scratch/users/h61084/codes/evaluating_tsfms/outputs/instance_normalization/tasks
============================================================

############################################################
# All datasets completed!
############################################################

############################################################
# Dataset 1/1: JOLTS/M
############################################################
Loading configuration...

============================================================
Dataset: JOLTS/M
Model: amazon/chronos-bolt-base
Terms: ['short']
Instance normalization: none
============================================================
Loading Chronos-Bolt model: amazon/chronos-bolt-base from /fslarge/scratch/users/h61084/weights/chronos-bolt-base...
[2026-09-20 20:54:12 UTC] resources model_device {"device": "cuda", "model": "chronos_bolt"}

--- Term: short ---
  Config: prediction_length=12, test_length=60, val_length=12
  Dataset info:
    - Frequency: M
    - Num series: 1
    - Target dim: 6
    - Target mode: univariate
    - Series length: min=297, max=297, avg=297.0
    - Test split: 60 steps
    - Prediction length: 12
    - Windows: 5
TIME run allocation action=skip run=/fslarge/scratch/users/h61084/codes/evaluating_tsfms/outputs/instance_normalization/tasks/chronos_bolt/normalization/none/univariate/JOLTS/M/short/run_0 source_launch=selena_instance_normalization_20260920T193952Z_48346 launch_id=selena_instance_normalization_20260920T193952Z_48346 slurm_job_id=3506750 launched_at=2026-09-20T20:54:13.035363+00:00
  Reused completed task: /fslarge/scratch/users/h61084/codes/evaluating_tsfms/outputs/instance_normalization/tasks/chronos_bolt/normalization/none/univariate/JOLTS/M/short/run_0

============================================================
All experiments completed!
Results saved to: /scratch/users/h61084/codes/evaluating_tsfms/outputs/instance_normalization/tasks
============================================================

############################################################
# All datasets completed!
############################################################

############################################################
# Dataset 1/1: US_Labor/M
############################################################
Loading configuration...

============================================================
Dataset: US_Labor/M
Model: amazon/chronos-bolt-base
Terms: ['short']
Instance normalization: none
============================================================
Loading Chronos-Bolt model: amazon/chronos-bolt-base from /fslarge/scratch/users/h61084/weights/chronos-bolt-base...
[2026-09-20 20:54:21 UTC] resources model_device {"device": "cuda", "model": "chronos_bolt"}

--- Term: short ---
  Config: prediction_length=12, test_length=60, val_length=12
  Dataset info:
    - Frequency: M
    - Num series: 1
    - Target dim: 14
    - Target mode: univariate
    - Series length: min=380, max=380, avg=380.0
    - Test split: 60 steps
    - Prediction length: 12
    - Windows: 5
TIME run allocation action=skip run=/fslarge/scratch/users/h61084/codes/evaluating_tsfms/outputs/instance_normalization/tasks/chronos_bolt/normalization/none/univariate/US_Labor/M/short/run_0 source_launch=selena_instance_normalization_20260920T193952Z_48346 launch_id=selena_instance_normalization_20260920T193952Z_48346 slurm_job_id=3506750 launched_at=2026-09-20T20:54:22.139561+00:00
  Reused completed task: /fslarge/scratch/users/h61084/codes/evaluating_tsfms/outputs/instance_normalization/tasks/chronos_bolt/normalization/none/univariate/US_Labor/M/short/run_0

============================================================
All experiments completed!
Results saved to: /scratch/users/h61084/codes/evaluating_tsfms/outputs/instance_normalization/tasks
============================================================

############################################################
# All datasets completed!
############################################################

############################################################
# Dataset 1/1: Vehicle_Supply/M
############################################################
Loading configuration...

============================================================
Dataset: Vehicle_Supply/M
Model: amazon/chronos-bolt-base
Terms: ['short']
Instance normalization: none
============================================================
Loading Chronos-Bolt model: amazon/chronos-bolt-base from /fslarge/scratch/users/h61084/weights/chronos-bolt-base...
[2026-09-20 20:54:30 UTC] resources model_device {"device": "cuda", "model": "chronos_bolt"}

--- Term: short ---
  Config: prediction_length=12, test_length=60, val_length=12
  Dataset info:
    - Frequency: M
    - Num series: 1
    - Target dim: 6
    - Target mode: univariate
    - Series length: min=391, max=391, avg=391.0
    - Test split: 60 steps
    - Prediction length: 12
    - Windows: 5
TIME run allocation action=skip run=/fslarge/scratch/users/h61084/codes/evaluating_tsfms/outputs/instance_normalization/tasks/chronos_bolt/normalization/none/univariate/Vehicle_Supply/M/short/run_0 source_launch=selena_instance_normalization_20260920T193952Z_48346 launch_id=selena_instance_normalization_20260920T193952Z_48346 slurm_job_id=3506750 launched_at=2026-09-20T20:54:31.866159+00:00
  Reused completed task: /fslarge/scratch/users/h61084/codes/evaluating_tsfms/outputs/instance_normalization/tasks/chronos_bolt/normalization/none/univariate/Vehicle_Supply/M/short/run_0

============================================================
All experiments completed!
Results saved to: /scratch/users/h61084/codes/evaluating_tsfms/outputs/instance_normalization/tasks
============================================================

############################################################
# All datasets completed!
############################################################

############################################################
# Dataset 1/1: Auto_Production_SF/M
############################################################
Loading configuration...

============================================================
Dataset: Auto_Production_SF/M
Model: amazon/chronos-bolt-base
Terms: ['short']
Instance normalization: none
============================================================
Loading Chronos-Bolt model: amazon/chronos-bolt-base from /fslarge/scratch/users/h61084/weights/chronos-bolt-base...
[2026-09-20 20:54:40 UTC] resources model_device {"device": "cuda", "model": "chronos_bolt"}

--- Term: short ---
  Config: prediction_length=12, test_length=60, val_length=12
  Dataset info:
    - Frequency: M
    - Num series: 1
    - Target dim: 1
    - Target mode: univariate
    - Series length: min=367, max=367, avg=367.0
    - Test split: 60 steps
    - Prediction length: 12
    - Windows: 5
TIME run allocation action=skip run=/fslarge/scratch/users/h61084/codes/evaluating_tsfms/outputs/instance_normalization/tasks/chronos_bolt/normalization/none/univariate/Auto_Production_SF/M/short/run_0 source_launch=selena_instance_normalization_20260920T193952Z_48346 launch_id=selena_instance_normalization_20260920T193952Z_48346 slurm_job_id=3506750 launched_at=2026-09-20T20:54:41.365425+00:00
  Reused completed task: /fslarge/scratch/users/h61084/codes/evaluating_tsfms/outputs/instance_normalization/tasks/chronos_bolt/normalization/none/univariate/Auto_Production_SF/M/short/run_0

============================================================
All experiments completed!
Results saved to: /scratch/users/h61084/codes/evaluating_tsfms/outputs/instance_normalization/tasks
============================================================

############################################################
# All datasets completed!
############################################################

############################################################
# Dataset 1/1: Commodity_Production/M
############################################################
Loading configuration...

============================================================
Dataset: Commodity_Production/M
Model: amazon/chronos-bolt-base
Terms: ['short']
Instance normalization: none
============================================================
Loading Chronos-Bolt model: amazon/chronos-bolt-base from /fslarge/scratch/users/h61084/weights/chronos-bolt-base...
[2026-09-20 20:54:50 UTC] resources model_device {"device": "cuda", "model": "chronos_bolt"}

--- Term: short ---
  Config: prediction_length=12, test_length=60, val_length=12
  Dataset info:
    - Frequency: M
    - Num series: 32
    - Target dim: 1
    - Target mode: univariate
    - Series length: min=120, max=648, avg=325.1
    - Test split: 60 steps
    - Prediction length: 12
    - Windows: 5
TIME run allocation action=skip run=/fslarge/scratch/users/h61084/codes/evaluating_tsfms/outputs/instance_normalization/tasks/chronos_bolt/normalization/none/univariate/Commodity_Production/M/short/run_0 source_launch=selena_instance_normalization_20260920T193952Z_48346 launch_id=selena_instance_normalization_20260920T193952Z_48346 slurm_job_id=3506750 launched_at=2026-09-20T20:54:50.986401+00:00
  Reused completed task: /fslarge/scratch/users/h61084/codes/evaluating_tsfms/outputs/instance_normalization/tasks/chronos_bolt/normalization/none/univariate/Commodity_Production/M/short/run_0

============================================================
All experiments completed!
Results saved to: /scratch/users/h61084/codes/evaluating_tsfms/outputs/instance_normalization/tasks
============================================================

############################################################
# All datasets completed!
############################################################

############################################################
# Dataset 1/1: Commodity_Import/M
############################################################
Loading configuration...

============================================================
Dataset: Commodity_Import/M
Model: amazon/chronos-bolt-base
Terms: ['short']
Instance normalization: none
============================================================
Loading Chronos-Bolt model: amazon/chronos-bolt-base from /fslarge/scratch/users/h61084/weights/chronos-bolt-base...
[2026-09-20 20:54:59 UTC] resources model_device {"device": "cuda", "model": "chronos_bolt"}

--- Term: short ---
  Config: prediction_length=12, test_length=60, val_length=12
  Dataset info:
    - Frequency: M
    - Num series: 8
    - Target dim: 1
    - Target mode: univariate
    - Series length: min=254, max=1240, avg=697.2
    - Test split: 60 steps
    - Prediction length: 12
    - Windows: 5
TIME run allocation action=skip run=/fslarge/scratch/users/h61084/codes/evaluating_tsfms/outputs/instance_normalization/tasks/chronos_bolt/normalization/none/univariate/Commodity_Import/M/short/run_0 source_launch=selena_instance_normalization_20260920T193952Z_48346 launch_id=selena_instance_normalization_20260920T193952Z_48346 slurm_job_id=3506750 launched_at=2026-09-20T20:55:00.321680+00:00
  Reused completed task: /fslarge/scratch/users/h61084/codes/evaluating_tsfms/outputs/instance_normalization/tasks/chronos_bolt/normalization/none/univariate/Commodity_Import/M/short/run_0

============================================================
All experiments completed!
Results saved to: /scratch/users/h61084/codes/evaluating_tsfms/outputs/instance_normalization/tasks
============================================================

############################################################
# All datasets completed!
############################################################

############################################################
# Dataset 1/1: WUI_Global/Q
############################################################
Loading configuration...

============================================================
Dataset: WUI_Global/Q
Model: amazon/chronos-bolt-base
Terms: ['short']
Instance normalization: none
============================================================
Loading Chronos-Bolt model: amazon/chronos-bolt-base from /fslarge/scratch/users/h61084/weights/chronos-bolt-base...
[2026-09-20 20:55:08 UTC] resources model_device {"device": "cuda", "model": "chronos_bolt"}

--- Term: short ---
  Config: prediction_length=4, test_length=20, val_length=20
  Dataset info:
    - Frequency: Q
    - Num series: 1
    - Target dim: 15
    - Target mode: univariate
    - Series length: min=294, max=294, avg=294.0
    - Test split: 20 steps
    - Prediction length: 4
    - Windows: 5
TIME run allocation action=skip run=/fslarge/scratch/users/h61084/codes/evaluating_tsfms/outputs/instance_normalization/tasks/chronos_bolt/normalization/none/univariate/WUI_Global/Q/short/run_0 source_launch=selena_instance_normalization_20260920T193952Z_48346 launch_id=selena_instance_normalization_20260920T193952Z_48346 slurm_job_id=3506750 launched_at=2026-09-20T20:55:09.563350+00:00
  Reused completed task: /fslarge/scratch/users/h61084/codes/evaluating_tsfms/outputs/instance_normalization/tasks/chronos_bolt/normalization/none/univariate/WUI_Global/Q/short/run_0

============================================================
All experiments completed!
Results saved to: /scratch/users/h61084/codes/evaluating_tsfms/outputs/instance_normalization/tasks
============================================================

############################################################
# All datasets completed!
############################################################

############################################################
# Dataset 1/1: Global_Price/Q
############################################################
Loading configuration...

============================================================
Dataset: Global_Price/Q
Model: amazon/chronos-bolt-base
Terms: ['short']
Instance normalization: none
============================================================
Loading Chronos-Bolt model: amazon/chronos-bolt-base from /fslarge/scratch/users/h61084/weights/chronos-bolt-base...
[2026-09-20 20:55:17 UTC] resources model_device {"device": "cuda", "model": "chronos_bolt"}

--- Term: short ---
  Config: prediction_length=4, test_length=20, val_length=8
  Dataset info:
    - Frequency: Q
    - Num series: 1
    - Target dim: 60
    - Target mode: univariate
    - Series length: min=142, max=142, avg=142.0
    - Test split: 20 steps
    - Prediction length: 4
    - Windows: 5
TIME run allocation action=skip run=/fslarge/scratch/users/h61084/codes/evaluating_tsfms/outputs/instance_normalization/tasks/chronos_bolt/normalization/none/univariate/Global_Price/Q/short/run_0 source_launch=selena_instance_normalization_20260920T193952Z_48346 launch_id=selena_instance_normalization_20260920T193952Z_48346 slurm_job_id=3506750 launched_at=2026-09-20T20:55:18.693001+00:00
  Reused completed task: /fslarge/scratch/users/h61084/codes/evaluating_tsfms/outputs/instance_normalization/tasks/chronos_bolt/normalization/none/univariate/Global_Price/Q/short/run_0

============================================================
All experiments completed!
Results saved to: /scratch/users/h61084/codes/evaluating_tsfms/outputs/instance_normalization/tasks
============================================================

############################################################
# All datasets completed!
############################################################

############################################################
# Dataset 1/1: Vehicle_Sales/M
############################################################
Loading configuration...

============================================================
Dataset: Vehicle_Sales/M
Model: amazon/chronos-bolt-base
Terms: ['short']
Instance normalization: none
============================================================
Loading Chronos-Bolt model: amazon/chronos-bolt-base from /fslarge/scratch/users/h61084/weights/chronos-bolt-base...
[2026-09-20 20:55:27 UTC] resources model_device {"device": "cuda", "model": "chronos_bolt"}

--- Term: short ---
  Config: prediction_length=12, test_length=60, val_length=12
  Dataset info:
    - Frequency: M
    - Num series: 1
    - Target dim: 10
    - Target mode: univariate
    - Series length: min=596, max=596, avg=596.0
    - Test split: 60 steps
    - Prediction length: 12
    - Windows: 5
TIME run allocation action=skip run=/fslarge/scratch/users/h61084/codes/evaluating_tsfms/outputs/instance_normalization/tasks/chronos_bolt/normalization/none/univariate/Vehicle_Sales/M/short/run_0 source_launch=selena_instance_normalization_20260920T193952Z_48346 launch_id=selena_instance_normalization_20260920T193952Z_48346 slurm_job_id=3506750 launched_at=2026-09-20T20:55:27.805373+00:00
  Reused completed task: /fslarge/scratch/users/h61084/codes/evaluating_tsfms/outputs/instance_normalization/tasks/chronos_bolt/normalization/none/univariate/Vehicle_Sales/M/short/run_0

============================================================
All experiments completed!
Results saved to: /scratch/users/h61084/codes/evaluating_tsfms/outputs/instance_normalization/tasks
============================================================

############################################################
# All datasets completed!
############################################################

############################################################
# Dataset 1/1: Online_Retail_2_UCI/D
############################################################
Loading configuration...

============================================================
Dataset: Online_Retail_2_UCI/D
Model: amazon/chronos-bolt-base
Terms: ['short']
Instance normalization: none
============================================================
Loading Chronos-Bolt model: amazon/chronos-bolt-base from /fslarge/scratch/users/h61084/weights/chronos-bolt-base...
[2026-09-20 20:55:36 UTC] resources model_device {"device": "cuda", "model": "chronos_bolt"}

--- Term: short ---
  Config: prediction_length=30, test_length=180, val_length=90
  Dataset info:
    - Frequency: D
    - Num series: 1
    - Target dim: 1
    - Target mode: univariate
    - Series length: min=739, max=739, avg=739.0
    - Test split: 180 steps
    - Prediction length: 30
    - Windows: 6
TIME run allocation action=skip run=/fslarge/scratch/users/h61084/codes/evaluating_tsfms/outputs/instance_normalization/tasks/chronos_bolt/normalization/none/univariate/Online_Retail_2_UCI/D/short/run_0 source_launch=selena_instance_normalization_20260920T193952Z_48346 launch_id=selena_instance_normalization_20260920T193952Z_48346 slurm_job_id=3506750 launched_at=2026-09-20T20:55:36.903983+00:00
  Reused completed task: /fslarge/scratch/users/h61084/codes/evaluating_tsfms/outputs/instance_normalization/tasks/chronos_bolt/normalization/none/univariate/Online_Retail_2_UCI/D/short/run_0

============================================================
All experiments completed!
Results saved to: /scratch/users/h61084/codes/evaluating_tsfms/outputs/instance_normalization/tasks
============================================================

############################################################
# All datasets completed!
############################################################

############################################################
# Dataset 1/1: Supply_Chain_Customer/D
############################################################
Loading configuration...

============================================================
Dataset: Supply_Chain_Customer/D
Model: amazon/chronos-bolt-base
Terms: ['short']
Instance normalization: none
============================================================
Loading Chronos-Bolt model: amazon/chronos-bolt-base from /fslarge/scratch/users/h61084/weights/chronos-bolt-base...
[2026-09-20 20:55:45 UTC] resources model_device {"device": "cuda", "model": "chronos_bolt"}

--- Term: short ---
  Config: prediction_length=30, test_length=365, val_length=90
  Dataset info:
    - Frequency: D
    - Num series: 1
    - Target dim: 36
    - Target mode: univariate
    - Series length: min=2007, max=2007, avg=2007.0
    - Test split: 365 steps
    - Prediction length: 30
    - Windows: 12
TIME run allocation action=skip run=/fslarge/scratch/users/h61084/codes/evaluating_tsfms/outputs/instance_normalization/tasks/chronos_bolt/normalization/none/univariate/Supply_Chain_Customer/D/short/run_0 source_launch=selena_instance_normalization_20260920T193952Z_48346 launch_id=selena_instance_normalization_20260920T193952Z_48346 slurm_job_id=3506750 launched_at=2026-09-20T20:55:45.981605+00:00
  Reused completed task: /fslarge/scratch/users/h61084/codes/evaluating_tsfms/outputs/instance_normalization/tasks/chronos_bolt/normalization/none/univariate/Supply_Chain_Customer/D/short/run_0

============================================================
All experiments completed!
Results saved to: /scratch/users/h61084/codes/evaluating_tsfms/outputs/instance_normalization/tasks
============================================================

############################################################
# All datasets completed!
############################################################

############################################################
# Dataset 1/1: Supply_Chain_Location/D
############################################################
Loading configuration...

============================================================
Dataset: Supply_Chain_Location/D
Model: amazon/chronos-bolt-base
Terms: ['short']
Instance normalization: none
============================================================
Loading Chronos-Bolt model: amazon/chronos-bolt-base from /fslarge/scratch/users/h61084/weights/chronos-bolt-base...
[2026-09-20 20:55:54 UTC] resources model_device {"device": "cuda", "model": "chronos_bolt"}

--- Term: short ---
  Config: prediction_length=30, test_length=365, val_length=90
  Dataset info:
    - Frequency: D
    - Num series: 1
    - Target dim: 51
    - Target mode: univariate
    - Series length: min=2007, max=2007, avg=2007.0
    - Test split: 365 steps
    - Prediction length: 30
    - Windows: 12
TIME run allocation action=skip run=/fslarge/scratch/users/h61084/codes/evaluating_tsfms/outputs/instance_normalization/tasks/chronos_bolt/normalization/none/univariate/Supply_Chain_Location/D/short/run_0 source_launch=selena_instance_normalization_20260920T193952Z_48346 launch_id=selena_instance_normalization_20260920T193952Z_48346 slurm_job_id=3506750 launched_at=2026-09-20T20:55:55.092897+00:00
  Reused completed task: /fslarge/scratch/users/h61084/codes/evaluating_tsfms/outputs/instance_normalization/tasks/chronos_bolt/normalization/none/univariate/Supply_Chain_Location/D/short/run_0

============================================================
All experiments completed!
Results saved to: /scratch/users/h61084/codes/evaluating_tsfms/outputs/instance_normalization/tasks
============================================================

############################################################
# All datasets completed!
############################################################

############################################################
# Dataset 1/1: azure2019_D/5T
############################################################
Loading configuration...

============================================================
Dataset: azure2019_D/5T
Model: amazon/chronos-bolt-base
Terms: ['short']
Instance normalization: none
============================================================
Loading Chronos-Bolt model: amazon/chronos-bolt-base from /fslarge/scratch/users/h61084/weights/chronos-bolt-base...
[2026-09-20 20:56:03 UTC] resources model_device {"device": "cuda", "model": "chronos_bolt"}

--- Term: short ---
  Config: prediction_length=288, test_length=864, val_length=864
  Dataset info:
    - Frequency: 5T
    - Num series: 989
    - Target dim: 3
    - Target mode: univariate
    - Series length: min=8073, max=8639, avg=8627.0
    - Test split: 864 steps
    - Prediction length: 288
    - Windows: 3
TIME run allocation action=resume run=/fslarge/scratch/users/h61084/codes/evaluating_tsfms/outputs/instance_normalization/tasks/chronos_bolt/normalization/none/univariate/azure2019_D/5T/short/run_0 launch_id=selena_instance_normalization_20260920T193952Z_48346 slurm_job_id=3506750 launched_at=2026-09-20T20:56:04.384604+00:00 resumed_from_launch=selena_instance_normalization_20260920T193952Z_48346 resumed_from_job=3506750
  Preparing input batches from Test split data...
    Total instances to forecast: 8901
  Running predictions (Batch size: 16)...
    Processed 160/8901...
    Processed 320/8901...
    Processed 480/8901...
    Processed 640/8901...
    Processed 800/8901...
    Processed 960/8901...
    Processed 1120/8901...
    Processed 1280/8901...
    Processed 1440/8901...
    Processed 1600/8901...
    Processed 1760/8901...
    Processed 1920/8901...
    Processed 2080/8901...
    Processed 2240/8901...
    Processed 2400/8901...
    Processed 2560/8901...
    Processed 2720/8901...
    Processed 2880/8901...
    Processed 3040/8901...
    Processed 3200/8901...
    Processed 3360/8901...
    Processed 3520/8901...
    Processed 3680/8901...
    Processed 3840/8901...
    Processed 4000/8901...
    Processed 4160/8901...
    Processed 4320/8901...
    Processed 4480/8901...
    Processed 4640/8901...
    Processed 4800/8901...
    Processed 4960/8901...
    Processed 5120/8901...
    Processed 5280/8901...
    Processed 5440/8901...
    Processed 5600/8901...
    Processed 5760/8901...
    Processed 5920/8901...
    Processed 6080/8901...
    Processed 6240/8901...
    Processed 6400/8901...
    Processed 6560/8901...
    Processed 6720/8901...
    Processed 6880/8901...
    Processed 7040/8901...
    Processed 7200/8901...
    Processed 7360/8901...
    Processed 7520/8901...
    Processed 7680/8901...
    Processed 7840/8901...
    Processed 8000/8901...
    Processed 8160/8901...
    Processed 8320/8901...
    Processed 8480/8901...
    Processed 8640/8901...
    Processed 8800/8901...
    Total instances: 8901, Series during experiment: 2967, Windows: 3
    Collecting ground truth and context...
    Detected to_univariate case: 2967 flat series -> 989 series x 3 variates
    Organizing data into arrays...
    Saved predictions (quantiles) to /fslarge/scratch/users/h61084/codes/evaluating_tsfms/outputs/instance_normalization/tasks/chronos_bolt/normalization/none/univariate/azure2019_D/5T/short/run_0/predictions.npz
    Computing per-window metrics...
    Saved metrics to /fslarge/scratch/users/h61084/codes/evaluating_tsfms/outputs/instance_normalization/tasks/chronos_bolt/normalization/none/univariate/azure2019_D/5T/short/run_0/metrics.npz
    Saved config to /fslarge/scratch/users/h61084/codes/evaluating_tsfms/outputs/instance_normalization/tasks/chronos_bolt/normalization/none/univariate/azure2019_D/5T/short/run_0/config.json
    Saved aggregate metrics to /fslarge/scratch/users/h61084/codes/evaluating_tsfms/outputs/instance_normalization/tasks/chronos_bolt/normalization/none/univariate/azure2019_D/5T/short/run_0/metrics_summary.json
    Metrics summary (averaged over all series/windows/variates):
      MSE: 62.9263
      MAE: 2.9807
      RMSE: 4.0452
      MAPE: 0.2409
      sMAPE: 0.1939
      MASE: 0.8068
      ND: 0.1994
      CRPS: 0.1641
  Output: /fslarge/scratch/users/h61084/codes/evaluating_tsfms/outputs/instance_normalization/tasks/chronos_bolt/normalization/none/univariate/azure2019_D/5T/short/run_0

============================================================
All experiments completed!
Results saved to: /scratch/users/h61084/codes/evaluating_tsfms/outputs/instance_normalization/tasks
============================================================

############################################################
# All datasets completed!
############################################################

############################################################
# Dataset 1/1: azure2019_I/5T
############################################################
Loading configuration...

============================================================
Dataset: azure2019_I/5T
Model: amazon/chronos-bolt-base
Terms: ['short']
Instance normalization: none
============================================================
Loading Chronos-Bolt model: amazon/chronos-bolt-base from /fslarge/scratch/users/h61084/weights/chronos-bolt-base...
[2026-09-20 21:01:44 UTC] resources model_device {"device": "cuda", "model": "chronos_bolt"}

--- Term: short ---
  Config: prediction_length=288, test_length=864, val_length=864
  Dataset info:
    - Frequency: 5T
    - Num series: 492
    - Target dim: 3
    - Target mode: univariate
    - Series length: min=8250, max=8639, avg=8630.4
    - Test split: 864 steps
    - Prediction length: 288
    - Windows: 3
TIME run allocation action=new run=/fslarge/scratch/users/h61084/codes/evaluating_tsfms/outputs/instance_normalization/tasks/chronos_bolt/normalization/none/univariate/azure2019_I/5T/short/run_0 launch_id=selena_instance_normalization_20260920T193952Z_48346 slurm_job_id=3506750 launched_at=2026-09-20T21:01:45.480234+00:00
  Preparing input batches from Test split data...
    Total instances to forecast: 4428
  Running predictions (Batch size: 16)...
    Processed 160/4428...
    Processed 320/4428...
    Processed 480/4428...
    Processed 640/4428...
    Processed 800/4428...
    Processed 960/4428...
    Processed 1120/4428...
    Processed 1280/4428...
    Processed 1440/4428...
    Processed 1600/4428...
    Processed 1760/4428...
    Processed 1920/4428...
    Processed 2080/4428...
    Processed 2240/4428...
    Processed 2400/4428...
    Processed 2560/4428...
    Processed 2720/4428...
    Processed 2880/4428...
    Processed 3040/4428...
    Processed 3200/4428...
    Processed 3360/4428...
    Processed 3520/4428...
    Processed 3680/4428...
    Processed 3840/4428...
    Processed 4000/4428...
    Processed 4160/4428...
    Processed 4320/4428...
    Total instances: 4428, Series during experiment: 1476, Windows: 3
    Collecting ground truth and context...
    Detected to_univariate case: 1476 flat series -> 492 series x 3 variates
    Organizing data into arrays...
    Saved predictions (quantiles) to /fslarge/scratch/users/h61084/codes/evaluating_tsfms/outputs/instance_normalization/tasks/chronos_bolt/normalization/none/univariate/azure2019_I/5T/short/run_0/predictions.npz
    Computing per-window metrics...
    Saved metrics to /fslarge/scratch/users/h61084/codes/evaluating_tsfms/outputs/instance_normalization/tasks/chronos_bolt/normalization/none/univariate/azure2019_I/5T/short/run_0/metrics.npz
    Saved config to /fslarge/scratch/users/h61084/codes/evaluating_tsfms/outputs/instance_normalization/tasks/chronos_bolt/normalization/none/univariate/azure2019_I/5T/short/run_0/config.json
    Saved aggregate metrics to /fslarge/scratch/users/h61084/codes/evaluating_tsfms/outputs/instance_normalization/tasks/chronos_bolt/normalization/none/univariate/azure2019_I/5T/short/run_0/metrics_summary.json
    Metrics summary (averaged over all series/windows/variates):
      MSE: 53.7407
      MAE: 2.5716
      RMSE: 3.6391
      MAPE: 0.2263
      sMAPE: 0.1742
      MASE: 0.7880
      ND: 0.1796
      CRPS: 0.1459
  Output: /fslarge/scratch/users/h61084/codes/evaluating_tsfms/outputs/instance_normalization/tasks/chronos_bolt/normalization/none/univariate/azure2019_I/5T/short/run_0

============================================================
All experiments completed!
Results saved to: /scratch/users/h61084/codes/evaluating_tsfms/outputs/instance_normalization/tasks
============================================================

############################################################
# All datasets completed!
############################################################

############################################################
# Dataset 1/1: azure2019_U/5T
############################################################
Loading configuration...

============================================================
Dataset: azure2019_U/5T
Model: amazon/chronos-bolt-base
Terms: ['short']
Instance normalization: none
============================================================
Loading Chronos-Bolt model: amazon/chronos-bolt-base from /fslarge/scratch/users/h61084/weights/chronos-bolt-base...
[2026-09-20 21:04:39 UTC] resources model_device {"device": "cuda", "model": "chronos_bolt"}

--- Term: short ---
  Config: prediction_length=48, test_length=288, val_length=96
  Dataset info:
    - Frequency: 5T
    - Num series: 78
    - Target dim: 3
    - Target mode: univariate
    - Series length: min=882, max=2006, avg=1406.1
    - Test split: 288 steps
    - Prediction length: 48
    - Windows: 6
TIME run allocation action=new run=/fslarge/scratch/users/h61084/codes/evaluating_tsfms/outputs/instance_normalization/tasks/chronos_bolt/normalization/none/univariate/azure2019_U/5T/short/run_0 launch_id=selena_instance_normalization_20260920T193952Z_48346 slurm_job_id=3506750 launched_at=2026-09-20T21:04:40.432798+00:00
  Preparing input batches from Test split data...
    Total instances to forecast: 1404
  Running predictions (Batch size: 16)...
    Processed 160/1404...
    Processed 320/1404...
    Processed 480/1404...
    Processed 640/1404...
    Processed 800/1404...
    Processed 960/1404...
    Processed 1120/1404...
    Processed 1280/1404...
    Total instances: 1404, Series during experiment: 234, Windows: 6
    Collecting ground truth and context...
    Detected to_univariate case: 234 flat series -> 78 series x 3 variates
    Organizing data into arrays...
    Saved predictions (quantiles) to /fslarge/scratch/users/h61084/codes/evaluating_tsfms/outputs/instance_normalization/tasks/chronos_bolt/normalization/none/univariate/azure2019_U/5T/short/run_0/predictions.npz
    Computing per-window metrics...
    Saved metrics to /fslarge/scratch/users/h61084/codes/evaluating_tsfms/outputs/instance_normalization/tasks/chronos_bolt/normalization/none/univariate/azure2019_U/5T/short/run_0/metrics.npz
    Saved config to /fslarge/scratch/users/h61084/codes/evaluating_tsfms/outputs/instance_normalization/tasks/chronos_bolt/normalization/none/univariate/azure2019_U/5T/short/run_0/config.json
    Saved aggregate metrics to /fslarge/scratch/users/h61084/codes/evaluating_tsfms/outputs/instance_normalization/tasks/chronos_bolt/normalization/none/univariate/azure2019_U/5T/short/run_0/metrics_summary.json
    Metrics summary (averaged over all series/windows/variates):
      MSE: 71.6663
      MAE: 2.6218
      RMSE: 3.5617
      MAPE: 0.4058
      sMAPE: 0.2047
      MASE: 0.7730
      ND: 0.2184
      CRPS: 0.1794
  Output: /fslarge/scratch/users/h61084/codes/evaluating_tsfms/outputs/instance_normalization/tasks/chronos_bolt/normalization/none/univariate/azure2019_U/5T/short/run_0

============================================================
All experiments completed!
Results saved to: /scratch/users/h61084/codes/evaluating_tsfms/outputs/instance_normalization/tasks
============================================================

############################################################
# All datasets completed!
############################################################

############################################################
# Dataset 1/1: Smart_Manufacturing/H
############################################################
Loading configuration...

============================================================
Dataset: Smart_Manufacturing/H
Model: amazon/chronos-bolt-base
Terms: ['short', 'medium', 'long']
Instance normalization: none
============================================================
Loading Chronos-Bolt model: amazon/chronos-bolt-base from /fslarge/scratch/users/h61084/weights/chronos-bolt-base...
[2026-09-20 21:04:51 UTC] resources model_device {"device": "cuda", "model": "chronos_bolt"}

--- Term: short ---
  Config: prediction_length=24, test_length=336, val_length=336
  Dataset info:
    - Frequency: H
    - Num series: 34
    - Target dim: 5
    - Target mode: univariate
    - Series length: min=1661, max=1667, avg=1665.9
    - Test split: 336 steps
    - Prediction length: 24
    - Windows: 14
TIME run allocation action=new run=/fslarge/scratch/users/h61084/codes/evaluating_tsfms/outputs/instance_normalization/tasks/chronos_bolt/normalization/none/univariate/Smart_Manufacturing/H/short/run_0 launch_id=selena_instance_normalization_20260920T193952Z_48346 slurm_job_id=3506750 launched_at=2026-09-20T21:04:52.126765+00:00
  Preparing input batches from Test split data...
    Total instances to forecast: 2380
  Running predictions (Batch size: 16)...
    Processed 160/2380...
    Processed 320/2380...
    Processed 480/2380...
    Processed 640/2380...
    Processed 800/2380...
    Processed 960/2380...
    Processed 1120/2380...
    Processed 1280/2380...
    Processed 1440/2380...
    Processed 1600/2380...
    Processed 1760/2380...
    Processed 1920/2380...
    Processed 2080/2380...
    Processed 2240/2380...
    Total instances: 2380, Series during experiment: 170, Windows: 14
    Collecting ground truth and context...
    Detected to_univariate case: 170 flat series -> 34 series x 5 variates
    Organizing data into arrays...
    Saved predictions (quantiles) to /fslarge/scratch/users/h61084/codes/evaluating_tsfms/outputs/instance_normalization/tasks/chronos_bolt/normalization/none/univariate/Smart_Manufacturing/H/short/run_0/predictions.npz
    Computing per-window metrics...
    Saved metrics to /fslarge/scratch/users/h61084/codes/evaluating_tsfms/outputs/instance_normalization/tasks/chronos_bolt/normalization/none/univariate/Smart_Manufacturing/H/short/run_0/metrics.npz
    Saved config to /fslarge/scratch/users/h61084/codes/evaluating_tsfms/outputs/instance_normalization/tasks/chronos_bolt/normalization/none/univariate/Smart_Manufacturing/H/short/run_0/config.json
    Saved aggregate metrics to /fslarge/scratch/users/h61084/codes/evaluating_tsfms/outputs/instance_normalization/tasks/chronos_bolt/normalization/none/univariate/Smart_Manufacturing/H/short/run_0/metrics_summary.json
    Metrics summary (averaged over all series/windows/variates):
      MSE: 79.1682
      MAE: 5.7509
      RMSE: 7.1013
      MAPE: 0.3446
      sMAPE: 0.2264
      MASE: 0.7167
      ND: 0.2186
      CRPS: 0.1675
  Output: /fslarge/scratch/users/h61084/codes/evaluating_tsfms/outputs/instance_normalization/tasks/chronos_bolt/normalization/none/univariate/Smart_Manufacturing/H/short/run_0

--- Term: medium ---
  Config: prediction_length=168, test_length=336, val_length=336
  Dataset info:
    - Frequency: H
    - Num series: 34
    - Target dim: 5
    - Target mode: univariate
    - Series length: min=1661, max=1667, avg=1665.9
    - Test split: 336 steps
    - Prediction length: 168
    - Windows: 2
TIME run allocation action=new run=/fslarge/scratch/users/h61084/codes/evaluating_tsfms/outputs/instance_normalization/tasks/chronos_bolt/normalization/none/univariate/Smart_Manufacturing/H/medium/run_0 launch_id=selena_instance_normalization_20260920T193952Z_48346 slurm_job_id=3506750 launched_at=2026-09-20T21:04:56.045064+00:00
  Preparing input batches from Test split data...
    Total instances to forecast: 340
  Running predictions (Batch size: 16)...
    Processed 160/340...
    Processed 320/340...
    Total instances: 340, Series during experiment: 170, Windows: 2
    Collecting ground truth and context...
    Detected to_univariate case: 170 flat series -> 34 series x 5 variates
    Organizing data into arrays...
    Saved predictions (quantiles) to /fslarge/scratch/users/h61084/codes/evaluating_tsfms/outputs/instance_normalization/tasks/chronos_bolt/normalization/none/univariate/Smart_Manufacturing/H/medium/run_0/predictions.npz
    Computing per-window metrics...
    Saved metrics to /fslarge/scratch/users/h61084/codes/evaluating_tsfms/outputs/instance_normalization/tasks/chronos_bolt/normalization/none/univariate/Smart_Manufacturing/H/medium/run_0/metrics.npz
    Saved config to /fslarge/scratch/users/h61084/codes/evaluating_tsfms/outputs/instance_normalization/tasks/chronos_bolt/normalization/none/univariate/Smart_Manufacturing/H/medium/run_0/config.json
    Saved aggregate metrics to /fslarge/scratch/users/h61084/codes/evaluating_tsfms/outputs/instance_normalization/tasks/chronos_bolt/normalization/none/univariate/Smart_Manufacturing/H/medium/run_0/metrics_summary.json
    Metrics summary (averaged over all series/windows/variates):
      MSE: 78.6815
      MAE: 5.7346
      RMSE: 7.1633
      MAPE: 0.3461
      sMAPE: 0.2259
      MASE: 0.7140
      ND: 0.2162
      CRPS: 0.1686
  Output: /fslarge/scratch/users/h61084/codes/evaluating_tsfms/outputs/instance_normalization/tasks/chronos_bolt/normalization/none/univariate/Smart_Manufacturing/H/medium/run_0

--- Term: long ---
  Config: prediction_length=336, test_length=336, val_length=336
  Dataset info:
    - Frequency: H
    - Num series: 34
    - Target dim: 5
    - Target mode: univariate
    - Series length: min=1661, max=1667, avg=1665.9
    - Test split: 336 steps
    - Prediction length: 336
    - Windows: 1
TIME run allocation action=new run=/fslarge/scratch/users/h61084/codes/evaluating_tsfms/outputs/instance_normalization/tasks/chronos_bolt/normalization/none/univariate/Smart_Manufacturing/H/long/run_0 launch_id=selena_instance_normalization_20260920T193952Z_48346 slurm_job_id=3506750 launched_at=2026-09-20T21:05:01.134779+00:00
  Preparing input batches from Test split data...
    Total instances to forecast: 170
  Running predictions (Batch size: 16)...
    Processed 160/170...
    Total instances: 170, Series during experiment: 170, Windows: 1
    Collecting ground truth and context...
    Detected to_univariate case: 170 flat series -> 34 series x 5 variates
    Organizing data into arrays...
    Saved predictions (quantiles) to /fslarge/scratch/users/h61084/codes/evaluating_tsfms/outputs/instance_normalization/tasks/chronos_bolt/normalization/none/univariate/Smart_Manufacturing/H/long/run_0/predictions.npz
    Computing per-window metrics...
    Saved metrics to /fslarge/scratch/users/h61084/codes/evaluating_tsfms/outputs/instance_normalization/tasks/chronos_bolt/normalization/none/univariate/Smart_Manufacturing/H/long/run_0/metrics.npz
    Saved config to /fslarge/scratch/users/h61084/codes/evaluating_tsfms/outputs/instance_normalization/tasks/chronos_bolt/normalization/none/univariate/Smart_Manufacturing/H/long/run_0/config.json
    Saved aggregate metrics to /fslarge/scratch/users/h61084/codes/evaluating_tsfms/outputs/instance_normalization/tasks/chronos_bolt/normalization/none/univariate/Smart_Manufacturing/H/long/run_0/metrics_summary.json
    Metrics summary (averaged over all series/windows/variates):
      MSE: 78.7499
      MAE: 5.7349
      RMSE: 7.1749
      MAPE: 0.3493
      sMAPE: 0.2259
      MASE: 0.7137
      ND: 0.2162
      CRPS: 0.1739
  Output: /fslarge/scratch/users/h61084/codes/evaluating_tsfms/outputs/instance_normalization/tasks/chronos_bolt/normalization/none/univariate/Smart_Manufacturing/H/long/run_0

============================================================
All experiments completed!
Results saved to: /scratch/users/h61084/codes/evaluating_tsfms/outputs/instance_normalization/tasks
============================================================

############################################################
# All datasets completed!
############################################################

############################################################
# Dataset 1/1: MetroPT-3/5T
############################################################
Loading configuration...

============================================================
Dataset: MetroPT-3/5T
Model: amazon/chronos-bolt-base
Terms: ['short', 'medium', 'long']
Instance normalization: none
============================================================
Loading Chronos-Bolt model: amazon/chronos-bolt-base from /fslarge/scratch/users/h61084/weights/chronos-bolt-base...
[2026-09-20 21:05:15 UTC] resources model_device {"device": "cuda", "model": "chronos_bolt"}

--- Term: short ---
  Config: prediction_length=48, test_length=1728, val_length=1728
  Dataset info:
    - Frequency: 5T
    - Num series: 1
    - Target dim: 6
    - Target mode: univariate
    - Series length: min=17809, max=17809, avg=17809.0
    - Test split: 1728 steps
    - Prediction length: 48
    - Windows: 36
TIME run allocation action=new run=/fslarge/scratch/users/h61084/codes/evaluating_tsfms/outputs/instance_normalization/tasks/chronos_bolt/normalization/none/univariate/MetroPT-3/5T/short/run_0 launch_id=selena_instance_normalization_20260920T193952Z_48346 slurm_job_id=3506750 launched_at=2026-09-20T21:05:16.107790+00:00
  Preparing input batches from Test split data...
    Total instances to forecast: 216
  Running predictions (Batch size: 16)...
    Processed 160/216...
    Total instances: 216, Series during experiment: 6, Windows: 36
    Collecting ground truth and context...
    Detected to_univariate case: 6 flat series -> 1 series x 6 variates
    Organizing data into arrays...
    Saved predictions (quantiles) to /fslarge/scratch/users/h61084/codes/evaluating_tsfms/outputs/instance_normalization/tasks/chronos_bolt/normalization/none/univariate/MetroPT-3/5T/short/run_0/predictions.npz
    Computing per-window metrics...
    Saved metrics to /fslarge/scratch/users/h61084/codes/evaluating_tsfms/outputs/instance_normalization/tasks/chronos_bolt/normalization/none/univariate/MetroPT-3/5T/short/run_0/metrics.npz
    Saved config to /fslarge/scratch/users/h61084/codes/evaluating_tsfms/outputs/instance_normalization/tasks/chronos_bolt/normalization/none/univariate/MetroPT-3/5T/short/run_0/config.json
    Saved aggregate metrics to /fslarge/scratch/users/h61084/codes/evaluating_tsfms/outputs/instance_normalization/tasks/chronos_bolt/normalization/none/univariate/MetroPT-3/5T/short/run_0/metrics_summary.json
    Metrics summary (averaged over all series/windows/variates):
      MSE: 3.5402
      MAE: 1.1859
      RMSE: 1.5190
      MAPE: 5.0638
      sMAPE: 0.4972
      MASE: 0.6495
      ND: 0.3394
      CRPS: 0.2533
  Output: /fslarge/scratch/users/h61084/codes/evaluating_tsfms/outputs/instance_normalization/tasks/chronos_bolt/normalization/none/univariate/MetroPT-3/5T/short/run_0

--- Term: medium ---
  Config: prediction_length=288, test_length=1728, val_length=1728
  Dataset info:
    - Frequency: 5T
    - Num series: 1
    - Target dim: 6
    - Target mode: univariate
    - Series length: min=17809, max=17809, avg=17809.0
    - Test split: 1728 steps
    - Prediction length: 288
    - Windows: 6
TIME run allocation action=new run=/fslarge/scratch/users/h61084/codes/evaluating_tsfms/outputs/instance_normalization/tasks/chronos_bolt/normalization/none/univariate/MetroPT-3/5T/medium/run_0 launch_id=selena_instance_normalization_20260920T193952Z_48346 slurm_job_id=3506750 launched_at=2026-09-20T21:05:16.762250+00:00
  Preparing input batches from Test split data...
    Total instances to forecast: 36
  Running predictions (Batch size: 16)...
    Total instances: 36, Series during experiment: 6, Windows: 6
    Collecting ground truth and context...
    Detected to_univariate case: 6 flat series -> 1 series x 6 variates
    Organizing data into arrays...
    Saved predictions (quantiles) to /fslarge/scratch/users/h61084/codes/evaluating_tsfms/outputs/instance_normalization/tasks/chronos_bolt/normalization/none/univariate/MetroPT-3/5T/medium/run_0/predictions.npz
    Computing per-window metrics...
    Saved metrics to /fslarge/scratch/users/h61084/codes/evaluating_tsfms/outputs/instance_normalization/tasks/chronos_bolt/normalization/none/univariate/MetroPT-3/5T/medium/run_0/metrics.npz
    Saved config to /fslarge/scratch/users/h61084/codes/evaluating_tsfms/outputs/instance_normalization/tasks/chronos_bolt/normalization/none/univariate/MetroPT-3/5T/medium/run_0/config.json
    Saved aggregate metrics to /fslarge/scratch/users/h61084/codes/evaluating_tsfms/outputs/instance_normalization/tasks/chronos_bolt/normalization/none/univariate/MetroPT-3/5T/medium/run_0/metrics_summary.json
    Metrics summary (averaged over all series/windows/variates):
      MSE: 3.4239
      MAE: 1.2081
      RMSE: 1.5178
      MAPE: 7.1321
      sMAPE: 0.4817
      MASE: 0.6856
      ND: 0.3474
      CRPS: 0.2611
  Output: /fslarge/scratch/users/h61084/codes/evaluating_tsfms/outputs/instance_normalization/tasks/chronos_bolt/normalization/none/univariate/MetroPT-3/5T/medium/run_0

--- Term: long ---
  Config: prediction_length=576, test_length=1728, val_length=1728
  Dataset info:
    - Frequency: 5T
    - Num series: 1
    - Target dim: 6
    - Target mode: univariate
    - Series length: min=17809, max=17809, avg=17809.0
    - Test split: 1728 steps
    - Prediction length: 576
    - Windows: 3
TIME run allocation action=new run=/fslarge/scratch/users/h61084/codes/evaluating_tsfms/outputs/instance_normalization/tasks/chronos_bolt/normalization/none/univariate/MetroPT-3/5T/long/run_0 launch_id=selena_instance_normalization_20260920T193952Z_48346 slurm_job_id=3506750 launched_at=2026-09-20T21:05:18.199710+00:00
  Preparing input batches from Test split data...
    Total instances to forecast: 18
  Running predictions (Batch size: 16)...
    Total instances: 18, Series during experiment: 6, Windows: 3
    Collecting ground truth and context...
    Detected to_univariate case: 6 flat series -> 1 series x 6 variates
    Organizing data into arrays...
    Saved predictions (quantiles) to /fslarge/scratch/users/h61084/codes/evaluating_tsfms/outputs/instance_normalization/tasks/chronos_bolt/normalization/none/univariate/MetroPT-3/5T/long/run_0/predictions.npz
    Computing per-window metrics...
    Saved metrics to /fslarge/scratch/users/h61084/codes/evaluating_tsfms/outputs/instance_normalization/tasks/chronos_bolt/normalization/none/univariate/MetroPT-3/5T/long/run_0/metrics.npz
    Saved config to /fslarge/scratch/users/h61084/codes/evaluating_tsfms/outputs/instance_normalization/tasks/chronos_bolt/normalization/none/univariate/MetroPT-3/5T/long/run_0/config.json
    Saved aggregate metrics to /fslarge/scratch/users/h61084/codes/evaluating_tsfms/outputs/instance_normalization/tasks/chronos_bolt/normalization/none/univariate/MetroPT-3/5T/long/run_0/metrics_summary.json
    Metrics summary (averaged over all series/windows/variates):
      MSE: 3.3339
      MAE: 1.2067
      RMSE: 1.5065
      MAPE: 6.7195
      sMAPE: 0.4852
      MASE: 0.6948
      ND: 0.3485
      CRPS: 0.2770
  Output: /fslarge/scratch/users/h61084/codes/evaluating_tsfms/outputs/instance_normalization/tasks/chronos_bolt/normalization/none/univariate/MetroPT-3/5T/long/run_0

============================================================
All experiments completed!
Results saved to: /scratch/users/h61084/codes/evaluating_tsfms/outputs/instance_normalization/tasks
============================================================

############################################################
# All datasets completed!
############################################################
2026-09-20 23:05:20 | task model=chronos_bolt runner=run_chronos_bolt.sh environment=uv covariate_mode=none target_mode=auto context_length=model_default instance_normalization=none completed status=success
2026-09-20 23:05:20 | stage evaluate completed status=success
2026-09-20 23:05:20 | workflow instance_normalization completed status=success exit_code=0
