[2026-09-20 19:39:35 UTC] resources allocation {"ADAPTIME_DEVICE": "unset", "CUDA_VISIBLE_DEVICES": "0", "SLURM_CPUS_PER_TASK": "8", "SLURM_JOB_GPUS": "0,1,2,3", "SLURM_JOB_ID": "3506737", "SLURM_MEM_PER_CPU": "unset", "SLURM_MEM_PER_NODE": "80000", "SLURM_STEP_GPUS": "0", "SLURM_STEP_ID": "0", "cpu_count": 8, "host": "sean0010"}
[2026-09-20 19:39:35 UTC] resources RAM {"MemAvailable_MiB": 373410.0546875, "MemTotal_MiB": 386622.859375}
[2026-09-20 19:39:35 UTC] resources nvidia_inventory {"columns": "index,uuid,name,driver,total_MiB,free_MiB,used_MiB", "devices": ["0, GPU-b685e237-38d4-4a6c-ace0-0c955a18e44a, NVIDIA H100 NVL, 560.35.05, 95830, 95350, 1"]}
[2026-09-20 19:39:41 UTC] resources torch {"cuda_available": true, "note": "visibility probe; CPU-only stages need not use an allocated GPU", "version": "2.9.1+cu128", "visible_gpu_count": 1}
[2026-09-20 19:39:41 UTC] resources cuda_device {"capability": "9.0", "free_MiB": 94825.125, "logical_index": 0, "name": "NVIDIA H100 NVL", "total_MiB": 95350.1875}
2026-09-20 21:39:50 | workflow context_size started launch_id=selena_context_size_20260920T193931Z_45055 task=chronos_bolt slurm_job_id=3506737 slurm_array_job_id=none slurm_array_task_id=none
2026-09-20 21:39:50 | stage evaluate started
2026-09-20 21:39:50 | task model=chronos_bolt runner=run_chronos_bolt.sh environment=uv covariate_mode=none target_mode=auto context_length=128 instance_normalization=none started
[2026-09-20 21:39:50] TIME runner: run_chronos_bolt.sh
[2026-09-20 21:39:50] datasets: /scratch/users/h61084/datasets/hf_dataset
[2026-09-20 21:39:50] weights: /scratch/users/h61084/weights
[2026-09-20 21:39:50] outputs: /scratch/users/h61084/codes/evaluating_tsfms/outputs
[2026-09-20 21:39:50] covariate mode: none
[2026-09-20 21:39:50] target mode: auto
[2026-09-20 21:39:50] context length: 128
[2026-09-20 21:39:50] instance normalization: none

############################################################
# Dataset 1/1: Water_Quality_Darwin/15T
############################################################
Loading configuration...

============================================================
Dataset: Water_Quality_Darwin/15T
Model: amazon/chronos-bolt-base
Terms: ['short', 'medium', 'long']
Instance normalization: none
============================================================
Loading Chronos-Bolt model: amazon/chronos-bolt-base from /fslarge/scratch/users/h61084/weights/chronos-bolt-base...
[2026-09-20 19:40:19 UTC] resources model_device {"device": "cuda", "model": "chronos_bolt"}

--- Term: short ---
  Config: prediction_length=16, test_length=1440, val_length=1440
  Dataset info:
    - Frequency: 15T
    - Num series: 7
    - Target dim: 6
    - Target mode: univariate
    - Series length: min=8662, max=18985, avg=15229.4
    - Test split: 1440 steps
    - Prediction length: 16
    - Windows: 90
TIME run allocation action=new run=/fslarge/scratch/users/h61084/codes/evaluating_tsfms/outputs/context_size/tasks/chronos_bolt/context_length/128/univariate/Water_Quality_Darwin/15T/short/run_0 launch_id=selena_context_size_20260920T193931Z_45055 slurm_job_id=3506737 launched_at=2026-09-20T19:40:21.279168+00:00
  Preparing input batches from Test split data...
    Total instances to forecast: 3780
  Running predictions (Batch size: 16)...
    Processed 160/3780...
    Processed 320/3780...
    Processed 480/3780...
    Processed 640/3780...
    Processed 800/3780...
    Processed 960/3780...
    Processed 1120/3780...
    Processed 1280/3780...
    Processed 1440/3780...
    Processed 1600/3780...
    Processed 1760/3780...
    Processed 1920/3780...
    Processed 2080/3780...
    Processed 2240/3780...
    Processed 2400/3780...
    Processed 2560/3780...
    Processed 2720/3780...
    Processed 2880/3780...
    Processed 3040/3780...
    Processed 3200/3780...
    Processed 3360/3780...
    Processed 3520/3780...
    Processed 3680/3780...
    Total instances: 3780, Series during experiment: 42, Windows: 90
    Collecting ground truth and context...
    Detected to_univariate case: 42 flat series -> 7 series x 6 variates
    Organizing data into arrays...
    Saved predictions (quantiles) to /fslarge/scratch/users/h61084/codes/evaluating_tsfms/outputs/context_size/tasks/chronos_bolt/context_length/128/univariate/Water_Quality_Darwin/15T/short/run_0/predictions.npz
    Computing per-window metrics...
    Saved metrics to /fslarge/scratch/users/h61084/codes/evaluating_tsfms/outputs/context_size/tasks/chronos_bolt/context_length/128/univariate/Water_Quality_Darwin/15T/short/run_0/metrics.npz
    Saved config to /fslarge/scratch/users/h61084/codes/evaluating_tsfms/outputs/context_size/tasks/chronos_bolt/context_length/128/univariate/Water_Quality_Darwin/15T/short/run_0/config.json
    Saved aggregate metrics to /fslarge/scratch/users/h61084/codes/evaluating_tsfms/outputs/context_size/tasks/chronos_bolt/context_length/128/univariate/Water_Quality_Darwin/15T/short/run_0/metrics_summary.json
    Metrics summary (averaged over all series/windows/variates):
      MSE: 2.7050
      MAE: 0.5315
      RMSE: 0.6296
      MAPE: 0.0655
      sMAPE: 0.0642
      MASE: 0.7795
      ND: 0.0636
      CRPS: 0.0507
  Output: /fslarge/scratch/users/h61084/codes/evaluating_tsfms/outputs/context_size/tasks/chronos_bolt/context_length/128/univariate/Water_Quality_Darwin/15T/short/run_0

--- Term: medium ---
  Config: prediction_length=96, test_length=1440, val_length=1440
  Dataset info:
    - Frequency: 15T
    - Num series: 7
    - Target dim: 6
    - Target mode: univariate
    - Series length: min=8662, max=18985, avg=15229.4
    - Test split: 1440 steps
    - Prediction length: 96
    - Windows: 15
TIME run allocation action=new run=/fslarge/scratch/users/h61084/codes/evaluating_tsfms/outputs/context_size/tasks/chronos_bolt/context_length/128/univariate/Water_Quality_Darwin/15T/medium/run_0 launch_id=selena_context_size_20260920T193931Z_45055 slurm_job_id=3506737 launched_at=2026-09-20T19:40:28.623786+00:00
  Preparing input batches from Test split data...
    Total instances to forecast: 630
  Running predictions (Batch size: 16)...
    Processed 160/630...
    Processed 320/630...
    Processed 480/630...
    Processed 630/630...
    Total instances: 630, Series during experiment: 42, Windows: 15
    Collecting ground truth and context...
    Detected to_univariate case: 42 flat series -> 7 series x 6 variates
    Organizing data into arrays...
    Saved predictions (quantiles) to /fslarge/scratch/users/h61084/codes/evaluating_tsfms/outputs/context_size/tasks/chronos_bolt/context_length/128/univariate/Water_Quality_Darwin/15T/medium/run_0/predictions.npz
    Computing per-window metrics...
    Saved metrics to /fslarge/scratch/users/h61084/codes/evaluating_tsfms/outputs/context_size/tasks/chronos_bolt/context_length/128/univariate/Water_Quality_Darwin/15T/medium/run_0/metrics.npz
    Saved config to /fslarge/scratch/users/h61084/codes/evaluating_tsfms/outputs/context_size/tasks/chronos_bolt/context_length/128/univariate/Water_Quality_Darwin/15T/medium/run_0/config.json
    Saved aggregate metrics to /fslarge/scratch/users/h61084/codes/evaluating_tsfms/outputs/context_size/tasks/chronos_bolt/context_length/128/univariate/Water_Quality_Darwin/15T/medium/run_0/metrics_summary.json
    Metrics summary (averaged over all series/windows/variates):
      MSE: 5.3919
      MAE: 0.8115
      RMSE: 1.0110
      MAPE: 0.0951
      sMAPE: 0.0923
      MASE: 1.2412
      ND: 0.0895
      CRPS: 0.0719
  Output: /fslarge/scratch/users/h61084/codes/evaluating_tsfms/outputs/context_size/tasks/chronos_bolt/context_length/128/univariate/Water_Quality_Darwin/15T/medium/run_0

--- Term: long ---
  Config: prediction_length=288, test_length=1440, val_length=1440
  Dataset info:
    - Frequency: 15T
    - Num series: 7
    - Target dim: 6
    - Target mode: univariate
    - Series length: min=8662, max=18985, avg=15229.4
    - Test split: 1440 steps
    - Prediction length: 288
    - Windows: 5
TIME run allocation action=new run=/fslarge/scratch/users/h61084/codes/evaluating_tsfms/outputs/context_size/tasks/chronos_bolt/context_length/128/univariate/Water_Quality_Darwin/15T/long/run_0 launch_id=selena_context_size_20260920T193931Z_45055 slurm_job_id=3506737 launched_at=2026-09-20T19:40:31.237092+00:00
  Preparing input batches from Test split data...
    Total instances to forecast: 210
  Running predictions (Batch size: 16)...
    Processed 160/210...
    Total instances: 210, Series during experiment: 42, Windows: 5
    Collecting ground truth and context...
    Detected to_univariate case: 42 flat series -> 7 series x 6 variates
    Organizing data into arrays...
    Saved predictions (quantiles) to /fslarge/scratch/users/h61084/codes/evaluating_tsfms/outputs/context_size/tasks/chronos_bolt/context_length/128/univariate/Water_Quality_Darwin/15T/long/run_0/predictions.npz
    Computing per-window metrics...
    Saved metrics to /fslarge/scratch/users/h61084/codes/evaluating_tsfms/outputs/context_size/tasks/chronos_bolt/context_length/128/univariate/Water_Quality_Darwin/15T/long/run_0/metrics.npz
    Saved config to /fslarge/scratch/users/h61084/codes/evaluating_tsfms/outputs/context_size/tasks/chronos_bolt/context_length/128/univariate/Water_Quality_Darwin/15T/long/run_0/config.json
    Saved aggregate metrics to /fslarge/scratch/users/h61084/codes/evaluating_tsfms/outputs/context_size/tasks/chronos_bolt/context_length/128/univariate/Water_Quality_Darwin/15T/long/run_0/metrics_summary.json
    Metrics summary (averaged over all series/windows/variates):
      MSE: 9.4050
      MAE: 1.1276
      RMSE: 1.4081
      MAPE: 0.1597
      sMAPE: 0.1305
      MASE: 1.7192
      ND: 0.1349
      CRPS: 0.1154
  Output: /fslarge/scratch/users/h61084/codes/evaluating_tsfms/outputs/context_size/tasks/chronos_bolt/context_length/128/univariate/Water_Quality_Darwin/15T/long/run_0

============================================================
All experiments completed!
Results saved to: /scratch/users/h61084/codes/evaluating_tsfms/outputs/context_size/tasks
============================================================

############################################################
# All datasets completed!
############################################################

############################################################
# Dataset 1/1: current_velocity/5T
############################################################
Loading configuration...

============================================================
Dataset: current_velocity/5T
Model: amazon/chronos-bolt-base
Terms: ['short', 'medium', 'long']
Instance normalization: none
============================================================
Loading Chronos-Bolt model: amazon/chronos-bolt-base from /fslarge/scratch/users/h61084/weights/chronos-bolt-base...
[2026-09-20 19:40:41 UTC] resources model_device {"device": "cuda", "model": "chronos_bolt"}

--- Term: short ---
  Config: prediction_length=36, test_length=4320, val_length=4320
  Dataset info:
    - Frequency: 5T
    - Num series: 1
    - Target dim: 6
    - Target mode: univariate
    - Series length: min=26486, max=26486, avg=26486.0
    - Test split: 4320 steps
    - Prediction length: 36
    - Windows: 120
TIME run allocation action=new run=/fslarge/scratch/users/h61084/codes/evaluating_tsfms/outputs/context_size/tasks/chronos_bolt/context_length/128/univariate/current_velocity/5T/short/run_0 launch_id=selena_context_size_20260920T193931Z_45055 slurm_job_id=3506737 launched_at=2026-09-20T19:40:42.680316+00:00
  Preparing input batches from Test split data...
    Total instances to forecast: 720
  Running predictions (Batch size: 16)...
    Processed 160/720...
    Processed 320/720...
    Processed 480/720...
    Processed 640/720...
    Total instances: 720, Series during experiment: 6, Windows: 120
    Collecting ground truth and context...
    Detected to_univariate case: 6 flat series -> 1 series x 6 variates
    Organizing data into arrays...
    Saved predictions (quantiles) to /fslarge/scratch/users/h61084/codes/evaluating_tsfms/outputs/context_size/tasks/chronos_bolt/context_length/128/univariate/current_velocity/5T/short/run_0/predictions.npz
    Computing per-window metrics...
    Saved metrics to /fslarge/scratch/users/h61084/codes/evaluating_tsfms/outputs/context_size/tasks/chronos_bolt/context_length/128/univariate/current_velocity/5T/short/run_0/metrics.npz
    Saved config to /fslarge/scratch/users/h61084/codes/evaluating_tsfms/outputs/context_size/tasks/chronos_bolt/context_length/128/univariate/current_velocity/5T/short/run_0/config.json
    Saved aggregate metrics to /fslarge/scratch/users/h61084/codes/evaluating_tsfms/outputs/context_size/tasks/chronos_bolt/context_length/128/univariate/current_velocity/5T/short/run_0/metrics_summary.json
    Metrics summary (averaged over all series/windows/variates):
      MSE: 4.3063
      MAE: 0.6499
      RMSE: 0.7736
      MAPE: 0.4946
      sMAPE: 0.3646
      MASE: 0.4972
      ND: 0.3259
      CRPS: 0.2559
  Output: /fslarge/scratch/users/h61084/codes/evaluating_tsfms/outputs/context_size/tasks/chronos_bolt/context_length/128/univariate/current_velocity/5T/short/run_0

--- Term: medium ---
  Config: prediction_length=288, test_length=4320, val_length=4320
  Dataset info:
    - Frequency: 5T
    - Num series: 1
    - Target dim: 6
    - Target mode: univariate
    - Series length: min=26486, max=26486, avg=26486.0
    - Test split: 4320 steps
    - Prediction length: 288
    - Windows: 15
TIME run allocation action=new run=/fslarge/scratch/users/h61084/codes/evaluating_tsfms/outputs/context_size/tasks/chronos_bolt/context_length/128/univariate/current_velocity/5T/medium/run_0 launch_id=selena_context_size_20260920T193931Z_45055 slurm_job_id=3506737 launched_at=2026-09-20T19:40:43.858807+00:00
  Preparing input batches from Test split data...
    Total instances to forecast: 90
  Running predictions (Batch size: 16)...
    Total instances: 90, Series during experiment: 6, Windows: 15
    Collecting ground truth and context...
    Detected to_univariate case: 6 flat series -> 1 series x 6 variates
    Organizing data into arrays...
    Saved predictions (quantiles) to /fslarge/scratch/users/h61084/codes/evaluating_tsfms/outputs/context_size/tasks/chronos_bolt/context_length/128/univariate/current_velocity/5T/medium/run_0/predictions.npz
    Computing per-window metrics...
    Saved metrics to /fslarge/scratch/users/h61084/codes/evaluating_tsfms/outputs/context_size/tasks/chronos_bolt/context_length/128/univariate/current_velocity/5T/medium/run_0/metrics.npz
    Saved config to /fslarge/scratch/users/h61084/codes/evaluating_tsfms/outputs/context_size/tasks/chronos_bolt/context_length/128/univariate/current_velocity/5T/medium/run_0/config.json
    Saved aggregate metrics to /fslarge/scratch/users/h61084/codes/evaluating_tsfms/outputs/context_size/tasks/chronos_bolt/context_length/128/univariate/current_velocity/5T/medium/run_0/metrics_summary.json
    Metrics summary (averaged over all series/windows/variates):
      MSE: 9.9372
      MAE: 1.1041
      RMSE: 1.3605
      MAPE: 0.7967
      sMAPE: 0.4360
      MASE: 1.0258
      ND: 0.3869
      CRPS: 0.3172
  Output: /fslarge/scratch/users/h61084/codes/evaluating_tsfms/outputs/context_size/tasks/chronos_bolt/context_length/128/univariate/current_velocity/5T/medium/run_0

--- Term: long ---
  Config: prediction_length=864, test_length=4320, val_length=4320
  Dataset info:
    - Frequency: 5T
    - Num series: 1
    - Target dim: 6
    - Target mode: univariate
    - Series length: min=26486, max=26486, avg=26486.0
    - Test split: 4320 steps
    - Prediction length: 864
    - Windows: 5
TIME run allocation action=new run=/fslarge/scratch/users/h61084/codes/evaluating_tsfms/outputs/context_size/tasks/chronos_bolt/context_length/128/univariate/current_velocity/5T/long/run_0 launch_id=selena_context_size_20260920T193931Z_45055 slurm_job_id=3506737 launched_at=2026-09-20T19:40:44.713414+00:00
  Preparing input batches from Test split data...
    Total instances to forecast: 30
  Running predictions (Batch size: 16)...
    Total instances: 30, Series during experiment: 6, Windows: 5
    Collecting ground truth and context...
    Detected to_univariate case: 6 flat series -> 1 series x 6 variates
    Organizing data into arrays...
    Saved predictions (quantiles) to /fslarge/scratch/users/h61084/codes/evaluating_tsfms/outputs/context_size/tasks/chronos_bolt/context_length/128/univariate/current_velocity/5T/long/run_0/predictions.npz
    Computing per-window metrics...
    Saved metrics to /fslarge/scratch/users/h61084/codes/evaluating_tsfms/outputs/context_size/tasks/chronos_bolt/context_length/128/univariate/current_velocity/5T/long/run_0/metrics.npz
    Saved config to /fslarge/scratch/users/h61084/codes/evaluating_tsfms/outputs/context_size/tasks/chronos_bolt/context_length/128/univariate/current_velocity/5T/long/run_0/config.json
    Saved aggregate metrics to /fslarge/scratch/users/h61084/codes/evaluating_tsfms/outputs/context_size/tasks/chronos_bolt/context_length/128/univariate/current_velocity/5T/long/run_0/metrics_summary.json
    Metrics summary (averaged over all series/windows/variates):
      MSE: 9.2079
      MAE: 1.1885
      RMSE: 1.4317
      MAPE: 1.0266
      sMAPE: 0.5030
      MASE: 1.4269
      ND: 0.4859
      CRPS: 0.4383
  Output: /fslarge/scratch/users/h61084/codes/evaluating_tsfms/outputs/context_size/tasks/chronos_bolt/context_length/128/univariate/current_velocity/5T/long/run_0

============================================================
All experiments completed!
Results saved to: /scratch/users/h61084/codes/evaluating_tsfms/outputs/context_size/tasks
============================================================

############################################################
# All datasets completed!
############################################################

############################################################
# Dataset 1/1: current_velocity/10T
############################################################
Loading configuration...

============================================================
Dataset: current_velocity/10T
Model: amazon/chronos-bolt-base
Terms: ['short', 'medium', 'long']
Instance normalization: none
============================================================
Loading Chronos-Bolt model: amazon/chronos-bolt-base from /fslarge/scratch/users/h61084/weights/chronos-bolt-base...
[2026-09-20 19:40:54 UTC] resources model_device {"device": "cuda", "model": "chronos_bolt"}

--- Term: short ---
  Config: prediction_length=18, test_length=2160, val_length=2160
  Dataset info:
    - Frequency: 10T
    - Num series: 10
    - Target dim: 6
    - Target mode: univariate
    - Series length: min=7481, max=31957, avg=20668.5
    - Test split: 2160 steps
    - Prediction length: 18
    - Windows: 120
TIME run allocation action=new run=/fslarge/scratch/users/h61084/codes/evaluating_tsfms/outputs/context_size/tasks/chronos_bolt/context_length/128/univariate/current_velocity/10T/short/run_0 launch_id=selena_context_size_20260920T193931Z_45055 slurm_job_id=3506737 launched_at=2026-09-20T19:40:54.937058+00:00
  Preparing input batches from Test split data...
    Total instances to forecast: 7200
  Running predictions (Batch size: 16)...
    Processed 160/7200...
    Processed 320/7200...
    Processed 480/7200...
    Processed 640/7200...
    Processed 800/7200...
    Processed 960/7200...
    Processed 1120/7200...
    Processed 1280/7200...
    Processed 1440/7200...
    Processed 1600/7200...
    Processed 1760/7200...
    Processed 1920/7200...
    Processed 2080/7200...
    Processed 2240/7200...
    Processed 2400/7200...
    Processed 2560/7200...
    Processed 2720/7200...
    Processed 2880/7200...
    Processed 3040/7200...
    Processed 3200/7200...
    Processed 3360/7200...
    Processed 3520/7200...
    Processed 3680/7200...
    Processed 3840/7200...
    Processed 4000/7200...
    Processed 4160/7200...
    Processed 4320/7200...
    Processed 4480/7200...
    Processed 4640/7200...
    Processed 4800/7200...
    Processed 4960/7200...
    Processed 5120/7200...
    Processed 5280/7200...
    Processed 5440/7200...
    Processed 5600/7200...
    Processed 5760/7200...
    Processed 5920/7200...
    Processed 6080/7200...
    Processed 6240/7200...
    Processed 6400/7200...
    Processed 6560/7200...
    Processed 6720/7200...
    Processed 6880/7200...
    Processed 7040/7200...
    Processed 7200/7200...
    Total instances: 7200, Series during experiment: 60, Windows: 120
    Collecting ground truth and context...
    Detected to_univariate case: 60 flat series -> 10 series x 6 variates
    Organizing data into arrays...
    Saved predictions (quantiles) to /fslarge/scratch/users/h61084/codes/evaluating_tsfms/outputs/context_size/tasks/chronos_bolt/context_length/128/univariate/current_velocity/10T/short/run_0/predictions.npz
    Computing per-window metrics...
    Saved metrics to /fslarge/scratch/users/h61084/codes/evaluating_tsfms/outputs/context_size/tasks/chronos_bolt/context_length/128/univariate/current_velocity/10T/short/run_0/metrics.npz
    Saved config to /fslarge/scratch/users/h61084/codes/evaluating_tsfms/outputs/context_size/tasks/chronos_bolt/context_length/128/univariate/current_velocity/10T/short/run_0/config.json
    Saved aggregate metrics to /fslarge/scratch/users/h61084/codes/evaluating_tsfms/outputs/context_size/tasks/chronos_bolt/context_length/128/univariate/current_velocity/10T/short/run_0/metrics_summary.json
    Metrics summary (averaged over all series/windows/variates):
      MSE: 9.1323
      MAE: 0.8809
      RMSE: 1.0851
      MAPE: 3475.5659
      sMAPE: 0.5165
      MASE: 0.8188
      ND: 0.4476
      CRPS: 0.3522
  Output: /fslarge/scratch/users/h61084/codes/evaluating_tsfms/outputs/context_size/tasks/chronos_bolt/context_length/128/univariate/current_velocity/10T/short/run_0

--- Term: medium ---
  Config: prediction_length=144, test_length=2160, val_length=2160
  Dataset info:
    - Frequency: 10T
    - Num series: 10
    - Target dim: 6
    - Target mode: univariate
    - Series length: min=7481, max=31957, avg=20668.5
    - Test split: 2160 steps
    - Prediction length: 144
    - Windows: 15
TIME run allocation action=new run=/fslarge/scratch/users/h61084/codes/evaluating_tsfms/outputs/context_size/tasks/chronos_bolt/context_length/128/univariate/current_velocity/10T/medium/run_0 launch_id=selena_context_size_20260920T193931Z_45055 slurm_job_id=3506737 launched_at=2026-09-20T19:41:04.360231+00:00
  Preparing input batches from Test split data...
    Total instances to forecast: 900
  Running predictions (Batch size: 16)...
    Processed 160/900...
    Processed 320/900...
    Processed 480/900...
    Processed 640/900...
    Processed 800/900...
    Total instances: 900, Series during experiment: 60, Windows: 15
    Collecting ground truth and context...
    Detected to_univariate case: 60 flat series -> 10 series x 6 variates
    Organizing data into arrays...
    Saved predictions (quantiles) to /fslarge/scratch/users/h61084/codes/evaluating_tsfms/outputs/context_size/tasks/chronos_bolt/context_length/128/univariate/current_velocity/10T/medium/run_0/predictions.npz
    Computing per-window metrics...
    Saved metrics to /fslarge/scratch/users/h61084/codes/evaluating_tsfms/outputs/context_size/tasks/chronos_bolt/context_length/128/univariate/current_velocity/10T/medium/run_0/metrics.npz
    Saved config to /fslarge/scratch/users/h61084/codes/evaluating_tsfms/outputs/context_size/tasks/chronos_bolt/context_length/128/univariate/current_velocity/10T/medium/run_0/config.json
    Saved aggregate metrics to /fslarge/scratch/users/h61084/codes/evaluating_tsfms/outputs/context_size/tasks/chronos_bolt/context_length/128/univariate/current_velocity/10T/medium/run_0/metrics_summary.json
    Metrics summary (averaged over all series/windows/variates):
      MSE: 15.2889
      MAE: 1.3094
      RMSE: 1.6684
      MAPE: 4152.9752
      sMAPE: 0.6800
      MASE: 1.5927
      ND: 0.5821
      CRPS: 0.4609
  Output: /fslarge/scratch/users/h61084/codes/evaluating_tsfms/outputs/context_size/tasks/chronos_bolt/context_length/128/univariate/current_velocity/10T/medium/run_0

--- Term: long ---
  Config: prediction_length=432, test_length=2160, val_length=2160
  Dataset info:
    - Frequency: 10T
    - Num series: 10
    - Target dim: 6
    - Target mode: univariate
    - Series length: min=7481, max=31957, avg=20668.5
    - Test split: 2160 steps
    - Prediction length: 432
    - Windows: 5
TIME run allocation action=new run=/fslarge/scratch/users/h61084/codes/evaluating_tsfms/outputs/context_size/tasks/chronos_bolt/context_length/128/univariate/current_velocity/10T/long/run_0 launch_id=selena_context_size_20260920T193931Z_45055 slurm_job_id=3506737 launched_at=2026-09-20T19:41:08.505901+00:00
  Preparing input batches from Test split data...
    Total instances to forecast: 300
  Running predictions (Batch size: 16)...
    Processed 160/300...
    Total instances: 300, Series during experiment: 60, Windows: 5
    Collecting ground truth and context...
    Detected to_univariate case: 60 flat series -> 10 series x 6 variates
    Organizing data into arrays...
    Saved predictions (quantiles) to /fslarge/scratch/users/h61084/codes/evaluating_tsfms/outputs/context_size/tasks/chronos_bolt/context_length/128/univariate/current_velocity/10T/long/run_0/predictions.npz
    Computing per-window metrics...
    Saved metrics to /fslarge/scratch/users/h61084/codes/evaluating_tsfms/outputs/context_size/tasks/chronos_bolt/context_length/128/univariate/current_velocity/10T/long/run_0/metrics.npz
    Saved config to /fslarge/scratch/users/h61084/codes/evaluating_tsfms/outputs/context_size/tasks/chronos_bolt/context_length/128/univariate/current_velocity/10T/long/run_0/config.json
    Saved aggregate metrics to /fslarge/scratch/users/h61084/codes/evaluating_tsfms/outputs/context_size/tasks/chronos_bolt/context_length/128/univariate/current_velocity/10T/long/run_0/metrics_summary.json
    Metrics summary (averaged over all series/windows/variates):
      MSE: 18.4430
      MAE: 1.4543
      RMSE: 1.8420
      MAPE: 3943.6135
      sMAPE: 0.6889
      MASE: 1.6736
      ND: 0.5553
      CRPS: 0.4540
  Output: /fslarge/scratch/users/h61084/codes/evaluating_tsfms/outputs/context_size/tasks/chronos_bolt/context_length/128/univariate/current_velocity/10T/long/run_0

============================================================
All experiments completed!
Results saved to: /scratch/users/h61084/codes/evaluating_tsfms/outputs/context_size/tasks
============================================================

############################################################
# All datasets completed!
############################################################

############################################################
# Dataset 1/1: current_velocity/15T
############################################################
Loading configuration...

============================================================
Dataset: current_velocity/15T
Model: amazon/chronos-bolt-base
Terms: ['short', 'medium', 'long']
Instance normalization: none
============================================================
Loading Chronos-Bolt model: amazon/chronos-bolt-base from /fslarge/scratch/users/h61084/weights/chronos-bolt-base...
[2026-09-20 19:41:20 UTC] resources model_device {"device": "cuda", "model": "chronos_bolt"}

--- Term: short ---
  Config: prediction_length=12, test_length=1440, val_length=1440
  Dataset info:
    - Frequency: 15T
    - Num series: 5
    - Target dim: 6
    - Target mode: univariate
    - Series length: min=3710, max=17953, avg=8503.2
    - Test split: 1440 steps
    - Prediction length: 12
    - Windows: 120
TIME run allocation action=new run=/fslarge/scratch/users/h61084/codes/evaluating_tsfms/outputs/context_size/tasks/chronos_bolt/context_length/128/univariate/current_velocity/15T/short/run_0 launch_id=selena_context_size_20260920T193931Z_45055 slurm_job_id=3506737 launched_at=2026-09-20T19:41:21.647704+00:00
  Preparing input batches from Test split data...
    Total instances to forecast: 3600
  Running predictions (Batch size: 16)...
    Processed 160/3600...
    Processed 320/3600...
    Processed 480/3600...
    Processed 640/3600...
    Processed 800/3600...
    Processed 960/3600...
    Processed 1120/3600...
    Processed 1280/3600...
    Processed 1440/3600...
    Processed 1600/3600...
    Processed 1760/3600...
    Processed 1920/3600...
    Processed 2080/3600...
    Processed 2240/3600...
    Processed 2400/3600...
    Processed 2560/3600...
    Processed 2720/3600...
    Processed 2880/3600...
    Processed 3040/3600...
    Processed 3200/3600...
    Processed 3360/3600...
    Processed 3520/3600...
    Total instances: 3600, Series during experiment: 30, Windows: 120
    Collecting ground truth and context...
    Detected to_univariate case: 30 flat series -> 5 series x 6 variates
    Organizing data into arrays...
    Saved predictions (quantiles) to /fslarge/scratch/users/h61084/codes/evaluating_tsfms/outputs/context_size/tasks/chronos_bolt/context_length/128/univariate/current_velocity/15T/short/run_0/predictions.npz
    Computing per-window metrics...
    Saved metrics to /fslarge/scratch/users/h61084/codes/evaluating_tsfms/outputs/context_size/tasks/chronos_bolt/context_length/128/univariate/current_velocity/15T/short/run_0/metrics.npz
    Saved config to /fslarge/scratch/users/h61084/codes/evaluating_tsfms/outputs/context_size/tasks/chronos_bolt/context_length/128/univariate/current_velocity/15T/short/run_0/config.json
    Saved aggregate metrics to /fslarge/scratch/users/h61084/codes/evaluating_tsfms/outputs/context_size/tasks/chronos_bolt/context_length/128/univariate/current_velocity/15T/short/run_0/metrics_summary.json
    Metrics summary (averaged over all series/windows/variates):
      MSE: 7.5984
      MAE: 0.8256
      RMSE: 0.9993
      MAPE: 139035.9478
      sMAPE: 0.4844
      MASE: 0.5687
      ND: 0.4154
      CRPS: 0.3280
  Output: /fslarge/scratch/users/h61084/codes/evaluating_tsfms/outputs/context_size/tasks/chronos_bolt/context_length/128/univariate/current_velocity/15T/short/run_0

--- Term: medium ---
  Config: prediction_length=96, test_length=1440, val_length=1440
  Dataset info:
    - Frequency: 15T
    - Num series: 5
    - Target dim: 6
    - Target mode: univariate
    - Series length: min=3710, max=17953, avg=8503.2
    - Test split: 1440 steps
    - Prediction length: 96
    - Windows: 15
TIME run allocation action=new run=/fslarge/scratch/users/h61084/codes/evaluating_tsfms/outputs/context_size/tasks/chronos_bolt/context_length/128/univariate/current_velocity/15T/medium/run_0 launch_id=selena_context_size_20260920T193931Z_45055 slurm_job_id=3506737 launched_at=2026-09-20T19:41:26.349579+00:00
  Preparing input batches from Test split data...
    Total instances to forecast: 450
  Running predictions (Batch size: 16)...
    Processed 160/450...
    Processed 320/450...
    Total instances: 450, Series during experiment: 30, Windows: 15
    Collecting ground truth and context...
    Detected to_univariate case: 30 flat series -> 5 series x 6 variates
    Organizing data into arrays...
    Saved predictions (quantiles) to /fslarge/scratch/users/h61084/codes/evaluating_tsfms/outputs/context_size/tasks/chronos_bolt/context_length/128/univariate/current_velocity/15T/medium/run_0/predictions.npz
    Computing per-window metrics...
    Saved metrics to /fslarge/scratch/users/h61084/codes/evaluating_tsfms/outputs/context_size/tasks/chronos_bolt/context_length/128/univariate/current_velocity/15T/medium/run_0/metrics.npz
    Saved config to /fslarge/scratch/users/h61084/codes/evaluating_tsfms/outputs/context_size/tasks/chronos_bolt/context_length/128/univariate/current_velocity/15T/medium/run_0/config.json
    Saved aggregate metrics to /fslarge/scratch/users/h61084/codes/evaluating_tsfms/outputs/context_size/tasks/chronos_bolt/context_length/128/univariate/current_velocity/15T/medium/run_0/metrics_summary.json
    Metrics summary (averaged over all series/windows/variates):
      MSE: 12.7032
      MAE: 1.1534
      RMSE: 1.4076
      MAPE: 137867.5869
      sMAPE: 0.5812
      MASE: 0.8649
      ND: 0.4951
      CRPS: 0.3949
  Output: /fslarge/scratch/users/h61084/codes/evaluating_tsfms/outputs/context_size/tasks/chronos_bolt/context_length/128/univariate/current_velocity/15T/medium/run_0

--- Term: long ---
  Config: prediction_length=288, test_length=1440, val_length=1440
  Dataset info:
    - Frequency: 15T
    - Num series: 5
    - Target dim: 6
    - Target mode: univariate
    - Series length: min=3710, max=17953, avg=8503.2
    - Test split: 1440 steps
    - Prediction length: 288
    - Windows: 5
TIME run allocation action=new run=/fslarge/scratch/users/h61084/codes/evaluating_tsfms/outputs/context_size/tasks/chronos_bolt/context_length/128/univariate/current_velocity/15T/long/run_0 launch_id=selena_context_size_20260920T193931Z_45055 slurm_job_id=3506737 launched_at=2026-09-20T19:41:27.704648+00:00
  Preparing input batches from Test split data...
    Total instances to forecast: 150
  Running predictions (Batch size: 16)...
    Processed 150/150...
    Total instances: 150, Series during experiment: 30, Windows: 5
    Collecting ground truth and context...
    Detected to_univariate case: 30 flat series -> 5 series x 6 variates
    Organizing data into arrays...
    Saved predictions (quantiles) to /fslarge/scratch/users/h61084/codes/evaluating_tsfms/outputs/context_size/tasks/chronos_bolt/context_length/128/univariate/current_velocity/15T/long/run_0/predictions.npz
    Computing per-window metrics...
    Saved metrics to /fslarge/scratch/users/h61084/codes/evaluating_tsfms/outputs/context_size/tasks/chronos_bolt/context_length/128/univariate/current_velocity/15T/long/run_0/metrics.npz
    Saved config to /fslarge/scratch/users/h61084/codes/evaluating_tsfms/outputs/context_size/tasks/chronos_bolt/context_length/128/univariate/current_velocity/15T/long/run_0/config.json
    Saved aggregate metrics to /fslarge/scratch/users/h61084/codes/evaluating_tsfms/outputs/context_size/tasks/chronos_bolt/context_length/128/univariate/current_velocity/15T/long/run_0/metrics_summary.json
    Metrics summary (averaged over all series/windows/variates):
      MSE: 15.0074
      MAE: 1.2720
      RMSE: 1.5704
      MAPE: 106274.6793
      sMAPE: 0.6131
      MASE: 1.0263
      ND: 0.5046
      CRPS: 0.4095
  Output: /fslarge/scratch/users/h61084/codes/evaluating_tsfms/outputs/context_size/tasks/chronos_bolt/context_length/128/univariate/current_velocity/15T/long/run_0

============================================================
All experiments completed!
Results saved to: /scratch/users/h61084/codes/evaluating_tsfms/outputs/context_size/tasks
============================================================

############################################################
# All datasets completed!
############################################################

############################################################
# Dataset 1/1: current_velocity/20T
############################################################
Loading configuration...

============================================================
Dataset: current_velocity/20T
Model: amazon/chronos-bolt-base
Terms: ['short', 'medium', 'long']
Instance normalization: none
============================================================
Loading Chronos-Bolt model: amazon/chronos-bolt-base from /fslarge/scratch/users/h61084/weights/chronos-bolt-base...
[2026-09-20 19:41:37 UTC] resources model_device {"device": "cuda", "model": "chronos_bolt"}

--- Term: short ---
  Config: prediction_length=9, test_length=1080, val_length=1080
  Dataset info:
    - Frequency: 20T
    - Num series: 27
    - Target dim: 6
    - Target mode: univariate
    - Series length: min=2529, max=16759, avg=6460.2
    - Test split: 1080 steps
    - Prediction length: 9
    - Windows: 120
TIME run allocation action=new run=/fslarge/scratch/users/h61084/codes/evaluating_tsfms/outputs/context_size/tasks/chronos_bolt/context_length/128/univariate/current_velocity/20T/short/run_0 launch_id=selena_context_size_20260920T193931Z_45055 slurm_job_id=3506737 launched_at=2026-09-20T19:41:38.266489+00:00
  Preparing input batches from Test split data...
    Total instances to forecast: 19440
  Running predictions (Batch size: 16)...
    Processed 160/19440...
    Processed 320/19440...
    Processed 480/19440...
    Processed 640/19440...
    Processed 800/19440...
    Processed 960/19440...
    Processed 1120/19440...
    Processed 1280/19440...
    Processed 1440/19440...
    Processed 1600/19440...
    Processed 1760/19440...
    Processed 1920/19440...
    Processed 2080/19440...
    Processed 2240/19440...
    Processed 2400/19440...
    Processed 2560/19440...
    Processed 2720/19440...
    Processed 2880/19440...
    Processed 3040/19440...
    Processed 3200/19440...
    Processed 3360/19440...
    Processed 3520/19440...
    Processed 3680/19440...
    Processed 3840/19440...
    Processed 4000/19440...
    Processed 4160/19440...
    Processed 4320/19440...
    Processed 4480/19440...
    Processed 4640/19440...
    Processed 4800/19440...
    Processed 4960/19440...
    Processed 5120/19440...
    Processed 5280/19440...
    Processed 5440/19440...
    Processed 5600/19440...
    Processed 5760/19440...
    Processed 5920/19440...
    Processed 6080/19440...
    Processed 6240/19440...
    Processed 6400/19440...
    Processed 6560/19440...
    Processed 6720/19440...
    Processed 6880/19440...
    Processed 7040/19440...
    Processed 7200/19440...
    Processed 7360/19440...
    Processed 7520/19440...
    Processed 7680/19440...
    Processed 7840/19440...
    Processed 8000/19440...
    Processed 8160/19440...
    Processed 8320/19440...
    Processed 8480/19440...
    Processed 8640/19440...
    Processed 8800/19440...
    Processed 8960/19440...
    Processed 9120/19440...
    Processed 9280/19440...
    Processed 9440/19440...
    Processed 9600/19440...
    Processed 9760/19440...
    Processed 9920/19440...
    Processed 10080/19440...
    Processed 10240/19440...
    Processed 10400/19440...
    Processed 10560/19440...
    Processed 10720/19440...
    Processed 10880/19440...
    Processed 11040/19440...
    Processed 11200/19440...
    Processed 11360/19440...
    Processed 11520/19440...
    Processed 11680/19440...
    Processed 11840/19440...
    Processed 12000/19440...
    Processed 12160/19440...
    Processed 12320/19440...
    Processed 12480/19440...
    Processed 12640/19440...
    Processed 12800/19440...
    Processed 12960/19440...
    Processed 13120/19440...
    Processed 13280/19440...
    Processed 13440/19440...
    Processed 13600/19440...
    Processed 13760/19440...
    Processed 13920/19440...
    Processed 14080/19440...
    Processed 14240/19440...
    Processed 14400/19440...
    Processed 14560/19440...
    Processed 14720/19440...
    Processed 14880/19440...
    Processed 15040/19440...
    Processed 15200/19440...
    Processed 15360/19440...
    Processed 15520/19440...
    Processed 15680/19440...
    Processed 15840/19440...
    Processed 16000/19440...
    Processed 16160/19440...
    Processed 16320/19440...
    Processed 16480/19440...
    Processed 16640/19440...
    Processed 16800/19440...
    Processed 16960/19440...
    Processed 17120/19440...
    Processed 17280/19440...
    Processed 17440/19440...
    Processed 17600/19440...
    Processed 17760/19440...
    Processed 17920/19440...
    Processed 18080/19440...
    Processed 18240/19440...
    Processed 18400/19440...
    Processed 18560/19440...
    Processed 18720/19440...
    Processed 18880/19440...
    Processed 19040/19440...
    Processed 19200/19440...
    Processed 19360/19440...
    Total instances: 19440, Series during experiment: 162, Windows: 120
    Collecting ground truth and context...
    Detected to_univariate case: 162 flat series -> 27 series x 6 variates
    Organizing data into arrays...
    Saved predictions (quantiles) to /fslarge/scratch/users/h61084/codes/evaluating_tsfms/outputs/context_size/tasks/chronos_bolt/context_length/128/univariate/current_velocity/20T/short/run_0/predictions.npz
    Computing per-window metrics...
    Saved metrics to /fslarge/scratch/users/h61084/codes/evaluating_tsfms/outputs/context_size/tasks/chronos_bolt/context_length/128/univariate/current_velocity/20T/short/run_0/metrics.npz
    Saved config to /fslarge/scratch/users/h61084/codes/evaluating_tsfms/outputs/context_size/tasks/chronos_bolt/context_length/128/univariate/current_velocity/20T/short/run_0/config.json
    Saved aggregate metrics to /fslarge/scratch/users/h61084/codes/evaluating_tsfms/outputs/context_size/tasks/chronos_bolt/context_length/128/univariate/current_velocity/20T/short/run_0/metrics_summary.json
    Metrics summary (averaged over all series/windows/variates):
      MSE: 5.8250
      MAE: 0.7279
      RMSE: 0.8485
      MAPE: 1.3846
      sMAPE: 0.4639
      MASE: 0.6758
      ND: 0.4138
      CRPS: 0.3255
  Output: /fslarge/scratch/users/h61084/codes/evaluating_tsfms/outputs/context_size/tasks/chronos_bolt/context_length/128/univariate/current_velocity/20T/short/run_0

--- Term: medium ---
  Config: prediction_length=72, test_length=1080, val_length=1080
  Dataset info:
    - Frequency: 20T
    - Num series: 27
    - Target dim: 6
    - Target mode: univariate
    - Series length: min=2529, max=16759, avg=6460.2
    - Test split: 1080 steps
    - Prediction length: 72
    - Windows: 15
TIME run allocation action=new run=/fslarge/scratch/users/h61084/codes/evaluating_tsfms/outputs/context_size/tasks/chronos_bolt/context_length/128/univariate/current_velocity/20T/medium/run_0 launch_id=selena_context_size_20260920T193931Z_45055 slurm_job_id=3506737 launched_at=2026-09-20T19:42:02.171877+00:00
  Preparing input batches from Test split data...
    Total instances to forecast: 2430
  Running predictions (Batch size: 16)...
    Processed 160/2430...
    Processed 320/2430...
    Processed 480/2430...
    Processed 640/2430...
    Processed 800/2430...
    Processed 960/2430...
    Processed 1120/2430...
    Processed 1280/2430...
    Processed 1440/2430...
    Processed 1600/2430...
    Processed 1760/2430...
    Processed 1920/2430...
    Processed 2080/2430...
    Processed 2240/2430...
    Processed 2400/2430...
    Total instances: 2430, Series during experiment: 162, Windows: 15
    Collecting ground truth and context...
    Detected to_univariate case: 162 flat series -> 27 series x 6 variates
    Organizing data into arrays...
    Saved predictions (quantiles) to /fslarge/scratch/users/h61084/codes/evaluating_tsfms/outputs/context_size/tasks/chronos_bolt/context_length/128/univariate/current_velocity/20T/medium/run_0/predictions.npz
    Computing per-window metrics...
    Saved metrics to /fslarge/scratch/users/h61084/codes/evaluating_tsfms/outputs/context_size/tasks/chronos_bolt/context_length/128/univariate/current_velocity/20T/medium/run_0/metrics.npz
    Saved config to /fslarge/scratch/users/h61084/codes/evaluating_tsfms/outputs/context_size/tasks/chronos_bolt/context_length/128/univariate/current_velocity/20T/medium/run_0/config.json
    Saved aggregate metrics to /fslarge/scratch/users/h61084/codes/evaluating_tsfms/outputs/context_size/tasks/chronos_bolt/context_length/128/univariate/current_velocity/20T/medium/run_0/metrics_summary.json
    Metrics summary (averaged over all series/windows/variates):
      MSE: 13.2392
      MAE: 1.1880
      RMSE: 1.4547
      MAPE: 1.9922
      sMAPE: 0.6240
      MASE: 1.3636
      ND: 0.5613
      CRPS: 0.4529
  Output: /fslarge/scratch/users/h61084/codes/evaluating_tsfms/outputs/context_size/tasks/chronos_bolt/context_length/128/univariate/current_velocity/20T/medium/run_0

--- Term: long ---
  Config: prediction_length=216, test_length=1080, val_length=1080
  Dataset info:
    - Frequency: 20T
    - Num series: 27
    - Target dim: 6
    - Target mode: univariate
    - Series length: min=2529, max=16759, avg=6460.2
    - Test split: 1080 steps
    - Prediction length: 216
    - Windows: 5
TIME run allocation action=new run=/fslarge/scratch/users/h61084/codes/evaluating_tsfms/outputs/context_size/tasks/chronos_bolt/context_length/128/univariate/current_velocity/20T/long/run_0 launch_id=selena_context_size_20260920T193931Z_45055 slurm_job_id=3506737 launched_at=2026-09-20T19:42:08.926920+00:00
  Preparing input batches from Test split data...
    Total instances to forecast: 810
  Running predictions (Batch size: 16)...
    Processed 160/810...
    Processed 320/810...
    Processed 480/810...
    Processed 640/810...
    Processed 800/810...
    Total instances: 810, Series during experiment: 162, Windows: 5
    Collecting ground truth and context...
    Detected to_univariate case: 162 flat series -> 27 series x 6 variates
    Organizing data into arrays...
    Saved predictions (quantiles) to /fslarge/scratch/users/h61084/codes/evaluating_tsfms/outputs/context_size/tasks/chronos_bolt/context_length/128/univariate/current_velocity/20T/long/run_0/predictions.npz
    Computing per-window metrics...
    Saved metrics to /fslarge/scratch/users/h61084/codes/evaluating_tsfms/outputs/context_size/tasks/chronos_bolt/context_length/128/univariate/current_velocity/20T/long/run_0/metrics.npz
    Saved config to /fslarge/scratch/users/h61084/codes/evaluating_tsfms/outputs/context_size/tasks/chronos_bolt/context_length/128/univariate/current_velocity/20T/long/run_0/config.json
    Saved aggregate metrics to /fslarge/scratch/users/h61084/codes/evaluating_tsfms/outputs/context_size/tasks/chronos_bolt/context_length/128/univariate/current_velocity/20T/long/run_0/metrics_summary.json
    Metrics summary (averaged over all series/windows/variates):
      MSE: 15.9173
      MAE: 1.3397
      RMSE: 1.6526
      MAPE: 2.2424
      sMAPE: 0.6944
      MASE: 1.5863
      ND: 0.6315
      CRPS: 0.5130
  Output: /fslarge/scratch/users/h61084/codes/evaluating_tsfms/outputs/context_size/tasks/chronos_bolt/context_length/128/univariate/current_velocity/20T/long/run_0

============================================================
All experiments completed!
Results saved to: /scratch/users/h61084/codes/evaluating_tsfms/outputs/context_size/tasks
============================================================

############################################################
# All datasets completed!
############################################################

############################################################
# Dataset 1/1: current_velocity/H
############################################################
Loading configuration...

============================================================
Dataset: current_velocity/H
Model: amazon/chronos-bolt-base
Terms: ['short', 'medium', 'long']
Instance normalization: none
============================================================
Loading Chronos-Bolt model: amazon/chronos-bolt-base from /fslarge/scratch/users/h61084/weights/chronos-bolt-base...
[2026-09-20 19:42:22 UTC] resources model_device {"device": "cuda", "model": "chronos_bolt"}

--- Term: short ---
  Config: prediction_length=24, test_length=672, val_length=672
  Dataset info:
    - Frequency: H
    - Num series: 21
    - Target dim: 6
    - Target mode: univariate
    - Series length: min=2208, max=5587, avg=3502.3
    - Test split: 672 steps
    - Prediction length: 24
    - Windows: 28
TIME run allocation action=new run=/fslarge/scratch/users/h61084/codes/evaluating_tsfms/outputs/context_size/tasks/chronos_bolt/context_length/128/univariate/current_velocity/H/short/run_0 launch_id=selena_context_size_20260920T193931Z_45055 slurm_job_id=3506737 launched_at=2026-09-20T19:42:23.148309+00:00
  Preparing input batches from Test split data...
    Total instances to forecast: 3528
  Running predictions (Batch size: 16)...
    Processed 160/3528...
    Processed 320/3528...
    Processed 480/3528...
    Processed 640/3528...
    Processed 800/3528...
    Processed 960/3528...
    Processed 1120/3528...
    Processed 1280/3528...
    Processed 1440/3528...
    Processed 1600/3528...
    Processed 1760/3528...
    Processed 1920/3528...
    Processed 2080/3528...
    Processed 2240/3528...
    Processed 2400/3528...
    Processed 2560/3528...
    Processed 2720/3528...
    Processed 2880/3528...
    Processed 3040/3528...
    Processed 3200/3528...
    Processed 3360/3528...
    Processed 3520/3528...
    Total instances: 3528, Series during experiment: 126, Windows: 28
    Collecting ground truth and context...
    Detected to_univariate case: 126 flat series -> 21 series x 6 variates
    Organizing data into arrays...
    Saved predictions (quantiles) to /fslarge/scratch/users/h61084/codes/evaluating_tsfms/outputs/context_size/tasks/chronos_bolt/context_length/128/univariate/current_velocity/H/short/run_0/predictions.npz
    Computing per-window metrics...
    Saved metrics to /fslarge/scratch/users/h61084/codes/evaluating_tsfms/outputs/context_size/tasks/chronos_bolt/context_length/128/univariate/current_velocity/H/short/run_0/metrics.npz
    Saved config to /fslarge/scratch/users/h61084/codes/evaluating_tsfms/outputs/context_size/tasks/chronos_bolt/context_length/128/univariate/current_velocity/H/short/run_0/config.json
    Saved aggregate metrics to /fslarge/scratch/users/h61084/codes/evaluating_tsfms/outputs/context_size/tasks/chronos_bolt/context_length/128/univariate/current_velocity/H/short/run_0/metrics_summary.json
    Metrics summary (averaged over all series/windows/variates):
      MSE: 7.4097
      MAE: 0.8981
      RMSE: 1.1102
      MAPE: 2217681283495.6860
      sMAPE: 0.5106
      MASE: 1.0117
      ND: 0.4138
      CRPS: 0.3276
  Output: /fslarge/scratch/users/h61084/codes/evaluating_tsfms/outputs/context_size/tasks/chronos_bolt/context_length/128/univariate/current_velocity/H/short/run_0

--- Term: medium ---
  Config: prediction_length=168, test_length=672, val_length=672
  Dataset info:
    - Frequency: H
    - Num series: 21
    - Target dim: 6
    - Target mode: univariate
    - Series length: min=2208, max=5587, avg=3502.3
    - Test split: 672 steps
    - Prediction length: 168
    - Windows: 4
TIME run allocation action=new run=/fslarge/scratch/users/h61084/codes/evaluating_tsfms/outputs/context_size/tasks/chronos_bolt/context_length/128/univariate/current_velocity/H/medium/run_0 launch_id=selena_context_size_20260920T193931Z_45055 slurm_job_id=3506737 launched_at=2026-09-20T19:42:27.606075+00:00
  Preparing input batches from Test split data...
    Total instances to forecast: 504
  Running predictions (Batch size: 16)...
    Processed 160/504...
    Processed 320/504...
    Processed 480/504...
    Total instances: 504, Series during experiment: 126, Windows: 4
    Collecting ground truth and context...
    Detected to_univariate case: 126 flat series -> 21 series x 6 variates
    Organizing data into arrays...
    Saved predictions (quantiles) to /fslarge/scratch/users/h61084/codes/evaluating_tsfms/outputs/context_size/tasks/chronos_bolt/context_length/128/univariate/current_velocity/H/medium/run_0/predictions.npz
    Computing per-window metrics...
    Saved metrics to /fslarge/scratch/users/h61084/codes/evaluating_tsfms/outputs/context_size/tasks/chronos_bolt/context_length/128/univariate/current_velocity/H/medium/run_0/metrics.npz
    Saved config to /fslarge/scratch/users/h61084/codes/evaluating_tsfms/outputs/context_size/tasks/chronos_bolt/context_length/128/univariate/current_velocity/H/medium/run_0/config.json
    Saved aggregate metrics to /fslarge/scratch/users/h61084/codes/evaluating_tsfms/outputs/context_size/tasks/chronos_bolt/context_length/128/univariate/current_velocity/H/medium/run_0/metrics_summary.json
    Metrics summary (averaged over all series/windows/variates):
      MSE: 13.0731
      MAE: 1.2997
      RMSE: 1.6039
      MAPE: 1950126002389.5005
      sMAPE: 0.6693
      MASE: 1.8490
      ND: 0.5736
      CRPS: 0.4613
  Output: /fslarge/scratch/users/h61084/codes/evaluating_tsfms/outputs/context_size/tasks/chronos_bolt/context_length/128/univariate/current_velocity/H/medium/run_0

--- Term: long ---
  Config: prediction_length=336, test_length=672, val_length=672
  Dataset info:
    - Frequency: H
    - Num series: 21
    - Target dim: 6
    - Target mode: univariate
    - Series length: min=2208, max=5587, avg=3502.3
    - Test split: 672 steps
    - Prediction length: 336
    - Windows: 2
TIME run allocation action=new run=/fslarge/scratch/users/h61084/codes/evaluating_tsfms/outputs/context_size/tasks/chronos_bolt/context_length/128/univariate/current_velocity/H/long/run_0 launch_id=selena_context_size_20260920T193931Z_45055 slurm_job_id=3506737 launched_at=2026-09-20T19:42:29.878713+00:00
  Preparing input batches from Test split data...
    Total instances to forecast: 252
  Running predictions (Batch size: 16)...
    Processed 160/252...
    Total instances: 252, Series during experiment: 126, Windows: 2
    Collecting ground truth and context...
    Detected to_univariate case: 126 flat series -> 21 series x 6 variates
    Organizing data into arrays...
    Saved predictions (quantiles) to /fslarge/scratch/users/h61084/codes/evaluating_tsfms/outputs/context_size/tasks/chronos_bolt/context_length/128/univariate/current_velocity/H/long/run_0/predictions.npz
    Computing per-window metrics...
    Saved metrics to /fslarge/scratch/users/h61084/codes/evaluating_tsfms/outputs/context_size/tasks/chronos_bolt/context_length/128/univariate/current_velocity/H/long/run_0/metrics.npz
    Saved config to /fslarge/scratch/users/h61084/codes/evaluating_tsfms/outputs/context_size/tasks/chronos_bolt/context_length/128/univariate/current_velocity/H/long/run_0/config.json
    Saved aggregate metrics to /fslarge/scratch/users/h61084/codes/evaluating_tsfms/outputs/context_size/tasks/chronos_bolt/context_length/128/univariate/current_velocity/H/long/run_0/metrics_summary.json
    Metrics summary (averaged over all series/windows/variates):
      MSE: 15.9450
      MAE: 1.4257
      RMSE: 1.7699
      MAPE: 2204139937569.4839
      sMAPE: 0.6693
      MASE: 1.8564
      ND: 0.5448
      CRPS: 0.4412
  Output: /fslarge/scratch/users/h61084/codes/evaluating_tsfms/outputs/context_size/tasks/chronos_bolt/context_length/128/univariate/current_velocity/H/long/run_0

============================================================
All experiments completed!
Results saved to: /scratch/users/h61084/codes/evaluating_tsfms/outputs/context_size/tasks
============================================================

############################################################
# All datasets completed!
############################################################

############################################################
# Dataset 1/1: CPHL/15T
############################################################
Loading configuration...

============================================================
Dataset: CPHL/15T
Model: amazon/chronos-bolt-base
Terms: ['short', 'medium', 'long']
Instance normalization: none
============================================================
Loading Chronos-Bolt model: amazon/chronos-bolt-base from /fslarge/scratch/users/h61084/weights/chronos-bolt-base...
[2026-09-20 19:42:40 UTC] resources model_device {"device": "cuda", "model": "chronos_bolt"}

--- Term: short ---
  Config: prediction_length=12, test_length=1440, val_length=1440
  Dataset info:
    - Frequency: 15T
    - Num series: 2
    - Target dim: 1
    - Target mode: univariate
    - Series length: min=9956, max=10831, avg=10393.5
    - Test split: 1440 steps
    - Prediction length: 12
    - Windows: 120
TIME run allocation action=new run=/fslarge/scratch/users/h61084/codes/evaluating_tsfms/outputs/context_size/tasks/chronos_bolt/context_length/128/univariate/CPHL/15T/short/run_0 launch_id=selena_context_size_20260920T193931Z_45055 slurm_job_id=3506737 launched_at=2026-09-20T19:42:41.600003+00:00
  Preparing input batches from Test split data...
    Total instances to forecast: 240
  Running predictions (Batch size: 16)...
    Processed 160/240...
    Total instances: 240, Series during experiment: 2, Windows: 120
    Collecting ground truth and context...
    Organizing data into arrays...
    Saved predictions (quantiles) to /fslarge/scratch/users/h61084/codes/evaluating_tsfms/outputs/context_size/tasks/chronos_bolt/context_length/128/univariate/CPHL/15T/short/run_0/predictions.npz
    Computing per-window metrics...
    Saved metrics to /fslarge/scratch/users/h61084/codes/evaluating_tsfms/outputs/context_size/tasks/chronos_bolt/context_length/128/univariate/CPHL/15T/short/run_0/metrics.npz
    Saved config to /fslarge/scratch/users/h61084/codes/evaluating_tsfms/outputs/context_size/tasks/chronos_bolt/context_length/128/univariate/CPHL/15T/short/run_0/config.json
    Saved aggregate metrics to /fslarge/scratch/users/h61084/codes/evaluating_tsfms/outputs/context_size/tasks/chronos_bolt/context_length/128/univariate/CPHL/15T/short/run_0/metrics_summary.json
    Metrics summary (averaged over all series/windows/variates):
      MSE: 0.0616
      MAE: 0.1453
      RMSE: 0.1683
      MAPE: 0.2048
      sMAPE: 0.1932
      MASE: 0.6992
      ND: 0.1973
      CRPS: 0.1564
  Output: /fslarge/scratch/users/h61084/codes/evaluating_tsfms/outputs/context_size/tasks/chronos_bolt/context_length/128/univariate/CPHL/15T/short/run_0

--- Term: medium ---
  Config: prediction_length=96, test_length=1440, val_length=1440
  Dataset info:
    - Frequency: 15T
    - Num series: 2
    - Target dim: 1
    - Target mode: univariate
    - Series length: min=9956, max=10831, avg=10393.5
    - Test split: 1440 steps
    - Prediction length: 96
    - Windows: 15
TIME run allocation action=new run=/fslarge/scratch/users/h61084/codes/evaluating_tsfms/outputs/context_size/tasks/chronos_bolt/context_length/128/univariate/CPHL/15T/medium/run_0 launch_id=selena_context_size_20260920T193931Z_45055 slurm_job_id=3506737 launched_at=2026-09-20T19:42:42.116369+00:00
  Preparing input batches from Test split data...
    Total instances to forecast: 30
  Running predictions (Batch size: 16)...
    Total instances: 30, Series during experiment: 2, Windows: 15
    Collecting ground truth and context...
    Organizing data into arrays...
    Saved predictions (quantiles) to /fslarge/scratch/users/h61084/codes/evaluating_tsfms/outputs/context_size/tasks/chronos_bolt/context_length/128/univariate/CPHL/15T/medium/run_0/predictions.npz
    Computing per-window metrics...
    Saved metrics to /fslarge/scratch/users/h61084/codes/evaluating_tsfms/outputs/context_size/tasks/chronos_bolt/context_length/128/univariate/CPHL/15T/medium/run_0/metrics.npz
    Saved config to /fslarge/scratch/users/h61084/codes/evaluating_tsfms/outputs/context_size/tasks/chronos_bolt/context_length/128/univariate/CPHL/15T/medium/run_0/config.json
    Saved aggregate metrics to /fslarge/scratch/users/h61084/codes/evaluating_tsfms/outputs/context_size/tasks/chronos_bolt/context_length/128/univariate/CPHL/15T/medium/run_0/metrics_summary.json
    Metrics summary (averaged over all series/windows/variates):
      MSE: 0.1463
      MAE: 0.2521
      RMSE: 0.3123
      MAPE: 0.3991
      sMAPE: 0.3500
      MASE: 1.2572
      ND: 0.3434
      CRPS: 0.2709
  Output: /fslarge/scratch/users/h61084/codes/evaluating_tsfms/outputs/context_size/tasks/chronos_bolt/context_length/128/univariate/CPHL/15T/medium/run_0

--- Term: long ---
  Config: prediction_length=288, test_length=1440, val_length=1440
  Dataset info:
    - Frequency: 15T
    - Num series: 2
    - Target dim: 1
    - Target mode: univariate
    - Series length: min=9956, max=10831, avg=10393.5
    - Test split: 1440 steps
    - Prediction length: 288
    - Windows: 5
TIME run allocation action=new run=/fslarge/scratch/users/h61084/codes/evaluating_tsfms/outputs/context_size/tasks/chronos_bolt/context_length/128/univariate/CPHL/15T/long/run_0 launch_id=selena_context_size_20260920T193931Z_45055 slurm_job_id=3506737 launched_at=2026-09-20T19:42:42.256386+00:00
  Preparing input batches from Test split data...
    Total instances to forecast: 10
  Running predictions (Batch size: 16)...
    Total instances: 10, Series during experiment: 2, Windows: 5
    Collecting ground truth and context...
    Organizing data into arrays...
    Saved predictions (quantiles) to /fslarge/scratch/users/h61084/codes/evaluating_tsfms/outputs/context_size/tasks/chronos_bolt/context_length/128/univariate/CPHL/15T/long/run_0/predictions.npz
    Computing per-window metrics...
    Saved metrics to /fslarge/scratch/users/h61084/codes/evaluating_tsfms/outputs/context_size/tasks/chronos_bolt/context_length/128/univariate/CPHL/15T/long/run_0/metrics.npz
    Saved config to /fslarge/scratch/users/h61084/codes/evaluating_tsfms/outputs/context_size/tasks/chronos_bolt/context_length/128/univariate/CPHL/15T/long/run_0/config.json
    Saved aggregate metrics to /fslarge/scratch/users/h61084/codes/evaluating_tsfms/outputs/context_size/tasks/chronos_bolt/context_length/128/univariate/CPHL/15T/long/run_0/metrics_summary.json
    Metrics summary (averaged over all series/windows/variates):
      MSE: 0.1416
      MAE: 0.2538
      RMSE: 0.3333
      MAPE: 0.4213
      sMAPE: 0.3403
      MASE: 1.2887
      ND: 0.3528
      CRPS: 0.2888
  Output: /fslarge/scratch/users/h61084/codes/evaluating_tsfms/outputs/context_size/tasks/chronos_bolt/context_length/128/univariate/CPHL/15T/long/run_0

============================================================
All experiments completed!
Results saved to: /scratch/users/h61084/codes/evaluating_tsfms/outputs/context_size/tasks
============================================================

############################################################
# All datasets completed!
############################################################

############################################################
# Dataset 1/1: CPHL/30T
############################################################
Loading configuration...

============================================================
Dataset: CPHL/30T
Model: amazon/chronos-bolt-base
Terms: ['short', 'medium', 'long']
Instance normalization: none
============================================================
Loading Chronos-Bolt model: amazon/chronos-bolt-base from /fslarge/scratch/users/h61084/weights/chronos-bolt-base...
[2026-09-20 19:42:50 UTC] resources model_device {"device": "cuda", "model": "chronos_bolt"}

--- Term: short ---
  Config: prediction_length=12, test_length=1440, val_length=1440
  Dataset info:
    - Frequency: 30T
    - Num series: 2
    - Target dim: 1
    - Target mode: univariate
    - Series length: min=11808, max=17566, avg=14687.0
    - Test split: 1440 steps
    - Prediction length: 12
    - Windows: 120
TIME run allocation action=new run=/fslarge/scratch/users/h61084/codes/evaluating_tsfms/outputs/context_size/tasks/chronos_bolt/context_length/128/univariate/CPHL/30T/short/run_0 launch_id=selena_context_size_20260920T193931Z_45055 slurm_job_id=3506737 launched_at=2026-09-20T19:42:51.447372+00:00
  Preparing input batches from Test split data...
    Total instances to forecast: 240
  Running predictions (Batch size: 16)...
    Processed 160/240...
    Total instances: 240, Series during experiment: 2, Windows: 120
    Collecting ground truth and context...
    Organizing data into arrays...
    Saved predictions (quantiles) to /fslarge/scratch/users/h61084/codes/evaluating_tsfms/outputs/context_size/tasks/chronos_bolt/context_length/128/univariate/CPHL/30T/short/run_0/predictions.npz
    Computing per-window metrics...
    Saved metrics to /fslarge/scratch/users/h61084/codes/evaluating_tsfms/outputs/context_size/tasks/chronos_bolt/context_length/128/univariate/CPHL/30T/short/run_0/metrics.npz
    Saved config to /fslarge/scratch/users/h61084/codes/evaluating_tsfms/outputs/context_size/tasks/chronos_bolt/context_length/128/univariate/CPHL/30T/short/run_0/config.json
    Saved aggregate metrics to /fslarge/scratch/users/h61084/codes/evaluating_tsfms/outputs/context_size/tasks/chronos_bolt/context_length/128/univariate/CPHL/30T/short/run_0/metrics_summary.json
    Metrics summary (averaged over all series/windows/variates):
      MSE: 0.6657
      MAE: 0.4760
      RMSE: 0.5738
      MAPE: 0.4266
      sMAPE: 0.3120
      MASE: 1.4497
      ND: 0.3159
      CRPS: 0.2442
  Output: /fslarge/scratch/users/h61084/codes/evaluating_tsfms/outputs/context_size/tasks/chronos_bolt/context_length/128/univariate/CPHL/30T/short/run_0

--- Term: medium ---
  Config: prediction_length=48, test_length=1440, val_length=1440
  Dataset info:
    - Frequency: 30T
    - Num series: 2
    - Target dim: 1
    - Target mode: univariate
    - Series length: min=11808, max=17566, avg=14687.0
    - Test split: 1440 steps
    - Prediction length: 48
    - Windows: 30
TIME run allocation action=new run=/fslarge/scratch/users/h61084/codes/evaluating_tsfms/outputs/context_size/tasks/chronos_bolt/context_length/128/univariate/CPHL/30T/medium/run_0 launch_id=selena_context_size_20260920T193931Z_45055 slurm_job_id=3506737 launched_at=2026-09-20T19:42:51.974240+00:00
  Preparing input batches from Test split data...
    Total instances to forecast: 60
  Running predictions (Batch size: 16)...
    Total instances: 60, Series during experiment: 2, Windows: 30
    Collecting ground truth and context...
    Organizing data into arrays...
    Saved predictions (quantiles) to /fslarge/scratch/users/h61084/codes/evaluating_tsfms/outputs/context_size/tasks/chronos_bolt/context_length/128/univariate/CPHL/30T/medium/run_0/predictions.npz
    Computing per-window metrics...
    Saved metrics to /fslarge/scratch/users/h61084/codes/evaluating_tsfms/outputs/context_size/tasks/chronos_bolt/context_length/128/univariate/CPHL/30T/medium/run_0/metrics.npz
    Saved config to /fslarge/scratch/users/h61084/codes/evaluating_tsfms/outputs/context_size/tasks/chronos_bolt/context_length/128/univariate/CPHL/30T/medium/run_0/config.json
    Saved aggregate metrics to /fslarge/scratch/users/h61084/codes/evaluating_tsfms/outputs/context_size/tasks/chronos_bolt/context_length/128/univariate/CPHL/30T/medium/run_0/metrics_summary.json
    Metrics summary (averaged over all series/windows/variates):
      MSE: 0.8510
      MAE: 0.5476
      RMSE: 0.6664
      MAPE: 0.5190
      sMAPE: 0.3546
      MASE: 1.6657
      ND: 0.3634
      CRPS: 0.2773
  Output: /fslarge/scratch/users/h61084/codes/evaluating_tsfms/outputs/context_size/tasks/chronos_bolt/context_length/128/univariate/CPHL/30T/medium/run_0

--- Term: long ---
  Config: prediction_length=144, test_length=1440, val_length=1440
  Dataset info:
    - Frequency: 30T
    - Num series: 2
    - Target dim: 1
    - Target mode: univariate
    - Series length: min=11808, max=17566, avg=14687.0
    - Test split: 1440 steps
    - Prediction length: 144
    - Windows: 10
TIME run allocation action=new run=/fslarge/scratch/users/h61084/codes/evaluating_tsfms/outputs/context_size/tasks/chronos_bolt/context_length/128/univariate/CPHL/30T/long/run_0 launch_id=selena_context_size_20260920T193931Z_45055 slurm_job_id=3506737 launched_at=2026-09-20T19:42:52.082312+00:00
  Preparing input batches from Test split data...
    Total instances to forecast: 20
  Running predictions (Batch size: 16)...
    Total instances: 20, Series during experiment: 2, Windows: 10
    Collecting ground truth and context...
    Organizing data into arrays...
    Saved predictions (quantiles) to /fslarge/scratch/users/h61084/codes/evaluating_tsfms/outputs/context_size/tasks/chronos_bolt/context_length/128/univariate/CPHL/30T/long/run_0/predictions.npz
    Computing per-window metrics...
    Saved metrics to /fslarge/scratch/users/h61084/codes/evaluating_tsfms/outputs/context_size/tasks/chronos_bolt/context_length/128/univariate/CPHL/30T/long/run_0/metrics.npz
    Saved config to /fslarge/scratch/users/h61084/codes/evaluating_tsfms/outputs/context_size/tasks/chronos_bolt/context_length/128/univariate/CPHL/30T/long/run_0/config.json
    Saved aggregate metrics to /fslarge/scratch/users/h61084/codes/evaluating_tsfms/outputs/context_size/tasks/chronos_bolt/context_length/128/univariate/CPHL/30T/long/run_0/metrics_summary.json
    Metrics summary (averaged over all series/windows/variates):
      MSE: 0.9099
      MAE: 0.5864
      RMSE: 0.7145
      MAPE: 0.6049
      sMAPE: 0.4188
      MASE: 1.8891
      ND: 0.4016
      CRPS: 0.3114
  Output: /fslarge/scratch/users/h61084/codes/evaluating_tsfms/outputs/context_size/tasks/chronos_bolt/context_length/128/univariate/CPHL/30T/long/run_0

============================================================
All experiments completed!
Results saved to: /scratch/users/h61084/codes/evaluating_tsfms/outputs/context_size/tasks
============================================================

############################################################
# All datasets completed!
############################################################

############################################################
# Dataset 1/1: CPHL/H
############################################################
Loading configuration...

============================================================
Dataset: CPHL/H
Model: amazon/chronos-bolt-base
Terms: ['short', 'medium', 'long']
Instance normalization: none
============================================================
Loading Chronos-Bolt model: amazon/chronos-bolt-base from /fslarge/scratch/users/h61084/weights/chronos-bolt-base...
[2026-09-20 19:43:00 UTC] resources model_device {"device": "cuda", "model": "chronos_bolt"}

--- Term: short ---
  Config: prediction_length=24, test_length=672, val_length=672
  Dataset info:
    - Frequency: H
    - Num series: 4
    - Target dim: 1
    - Target mode: univariate
    - Series length: min=2490, max=8783, avg=4971.2
    - Test split: 672 steps
    - Prediction length: 24
    - Windows: 28
TIME run allocation action=new run=/fslarge/scratch/users/h61084/codes/evaluating_tsfms/outputs/context_size/tasks/chronos_bolt/context_length/128/univariate/CPHL/H/short/run_0 launch_id=selena_context_size_20260920T193931Z_45055 slurm_job_id=3506737 launched_at=2026-09-20T19:43:01.336848+00:00
  Preparing input batches from Test split data...
    Total instances to forecast: 112
  Running predictions (Batch size: 16)...
    Total instances: 112, Series during experiment: 4, Windows: 28
    Collecting ground truth and context...
    Organizing data into arrays...
    Saved predictions (quantiles) to /fslarge/scratch/users/h61084/codes/evaluating_tsfms/outputs/context_size/tasks/chronos_bolt/context_length/128/univariate/CPHL/H/short/run_0/predictions.npz
    Computing per-window metrics...
    Saved metrics to /fslarge/scratch/users/h61084/codes/evaluating_tsfms/outputs/context_size/tasks/chronos_bolt/context_length/128/univariate/CPHL/H/short/run_0/metrics.npz
    Saved config to /fslarge/scratch/users/h61084/codes/evaluating_tsfms/outputs/context_size/tasks/chronos_bolt/context_length/128/univariate/CPHL/H/short/run_0/config.json
    Saved aggregate metrics to /fslarge/scratch/users/h61084/codes/evaluating_tsfms/outputs/context_size/tasks/chronos_bolt/context_length/128/univariate/CPHL/H/short/run_0/metrics_summary.json
    Metrics summary (averaged over all series/windows/variates):
      MSE: 0.3745
      MAE: 0.3489
      RMSE: 0.4208
      MAPE: 0.3552
      sMAPE: 0.3033
      MASE: 1.3109
      ND: 0.3006
      CRPS: 0.2353
  Output: /fslarge/scratch/users/h61084/codes/evaluating_tsfms/outputs/context_size/tasks/chronos_bolt/context_length/128/univariate/CPHL/H/short/run_0

--- Term: medium ---
  Config: prediction_length=168, test_length=672, val_length=672
  Dataset info:
    - Frequency: H
    - Num series: 4
    - Target dim: 1
    - Target mode: univariate
    - Series length: min=2490, max=8783, avg=4971.2
    - Test split: 672 steps
    - Prediction length: 168
    - Windows: 4
TIME run allocation action=new run=/fslarge/scratch/users/h61084/codes/evaluating_tsfms/outputs/context_size/tasks/chronos_bolt/context_length/128/univariate/CPHL/H/medium/run_0 launch_id=selena_context_size_20260920T193931Z_45055 slurm_job_id=3506737 launched_at=2026-09-20T19:43:01.704406+00:00
  Preparing input batches from Test split data...
    Total instances to forecast: 16
  Running predictions (Batch size: 16)...
    Total instances: 16, Series during experiment: 4, Windows: 4
    Collecting ground truth and context...
    Organizing data into arrays...
    Saved predictions (quantiles) to /fslarge/scratch/users/h61084/codes/evaluating_tsfms/outputs/context_size/tasks/chronos_bolt/context_length/128/univariate/CPHL/H/medium/run_0/predictions.npz
    Computing per-window metrics...
    Saved metrics to /fslarge/scratch/users/h61084/codes/evaluating_tsfms/outputs/context_size/tasks/chronos_bolt/context_length/128/univariate/CPHL/H/medium/run_0/metrics.npz
    Saved config to /fslarge/scratch/users/h61084/codes/evaluating_tsfms/outputs/context_size/tasks/chronos_bolt/context_length/128/univariate/CPHL/H/medium/run_0/config.json
    Saved aggregate metrics to /fslarge/scratch/users/h61084/codes/evaluating_tsfms/outputs/context_size/tasks/chronos_bolt/context_length/128/univariate/CPHL/H/medium/run_0/metrics_summary.json
    Metrics summary (averaged over all series/windows/variates):
      MSE: 0.4706
      MAE: 0.4549
      RMSE: 0.5560
      MAPE: 0.5466
      sMAPE: 0.4604
      MASE: 2.0232
      ND: 0.4486
      CRPS: 0.3664
  Output: /fslarge/scratch/users/h61084/codes/evaluating_tsfms/outputs/context_size/tasks/chronos_bolt/context_length/128/univariate/CPHL/H/medium/run_0

--- Term: long ---
  Config: prediction_length=336, test_length=672, val_length=672
  Dataset info:
    - Frequency: H
    - Num series: 4
    - Target dim: 1
    - Target mode: univariate
    - Series length: min=2490, max=8783, avg=4971.2
    - Test split: 672 steps
    - Prediction length: 336
    - Windows: 2
TIME run allocation action=new run=/fslarge/scratch/users/h61084/codes/evaluating_tsfms/outputs/context_size/tasks/chronos_bolt/context_length/128/univariate/CPHL/H/long/run_0 launch_id=selena_context_size_20260920T193931Z_45055 slurm_job_id=3506737 launched_at=2026-09-20T19:43:01.826742+00:00
  Preparing input batches from Test split data...
    Total instances to forecast: 8
  Running predictions (Batch size: 16)...
    Total instances: 8, Series during experiment: 4, Windows: 2
    Collecting ground truth and context...
    Organizing data into arrays...
    Saved predictions (quantiles) to /fslarge/scratch/users/h61084/codes/evaluating_tsfms/outputs/context_size/tasks/chronos_bolt/context_length/128/univariate/CPHL/H/long/run_0/predictions.npz
    Computing per-window metrics...
    Saved metrics to /fslarge/scratch/users/h61084/codes/evaluating_tsfms/outputs/context_size/tasks/chronos_bolt/context_length/128/univariate/CPHL/H/long/run_0/metrics.npz
    Saved config to /fslarge/scratch/users/h61084/codes/evaluating_tsfms/outputs/context_size/tasks/chronos_bolt/context_length/128/univariate/CPHL/H/long/run_0/config.json
    Saved aggregate metrics to /fslarge/scratch/users/h61084/codes/evaluating_tsfms/outputs/context_size/tasks/chronos_bolt/context_length/128/univariate/CPHL/H/long/run_0/metrics_summary.json
    Metrics summary (averaged over all series/windows/variates):
      MSE: 0.5050
      MAE: 0.4825
      RMSE: 0.5998
      MAPE: 0.6087
      sMAPE: 0.5210
      MASE: 2.3398
      ND: 0.4916
      CRPS: 0.4108
  Output: /fslarge/scratch/users/h61084/codes/evaluating_tsfms/outputs/context_size/tasks/chronos_bolt/context_length/128/univariate/CPHL/H/long/run_0

============================================================
All experiments completed!
Results saved to: /scratch/users/h61084/codes/evaluating_tsfms/outputs/context_size/tasks
============================================================

############################################################
# All datasets completed!
############################################################

############################################################
# Dataset 1/1: Coastal_T_S/5T
############################################################
Loading configuration...

============================================================
Dataset: Coastal_T_S/5T
Model: amazon/chronos-bolt-base
Terms: ['short', 'medium', 'long']
Instance normalization: none
============================================================
Loading Chronos-Bolt model: amazon/chronos-bolt-base from /fslarge/scratch/users/h61084/weights/chronos-bolt-base...
[2026-09-20 19:43:10 UTC] resources model_device {"device": "cuda", "model": "chronos_bolt"}

--- Term: short ---
  Config: prediction_length=36, test_length=4320, val_length=4320
  Dataset info:
    - Frequency: 5T
    - Num series: 18
    - Target dim: 3
    - Target mode: univariate
    - Series length: min=44614, max=105408, avg=68604.9
    - Test split: 4320 steps
    - Prediction length: 36
    - Windows: 120
TIME run allocation action=new run=/fslarge/scratch/users/h61084/codes/evaluating_tsfms/outputs/context_size/tasks/chronos_bolt/context_length/128/univariate/Coastal_T_S/5T/short/run_0 launch_id=selena_context_size_20260920T193931Z_45055 slurm_job_id=3506737 launched_at=2026-09-20T19:43:11.329080+00:00
  Preparing input batches from Test split data...
    Total instances to forecast: 6480
  Running predictions (Batch size: 16)...
    Processed 160/6480...
    Processed 320/6480...
    Processed 480/6480...
    Processed 640/6480...
    Processed 800/6480...
    Processed 960/6480...
    Processed 1120/6480...
    Processed 1280/6480...
    Processed 1440/6480...
    Processed 1600/6480...
    Processed 1760/6480...
    Processed 1920/6480...
    Processed 2080/6480...
    Processed 2240/6480...
    Processed 2400/6480...
    Processed 2560/6480...
    Processed 2720/6480...
    Processed 2880/6480...
    Processed 3040/6480...
    Processed 3200/6480...
    Processed 3360/6480...
    Processed 3520/6480...
    Processed 3680/6480...
    Processed 3840/6480...
    Processed 4000/6480...
    Processed 4160/6480...
    Processed 4320/6480...
    Processed 4480/6480...
    Processed 4640/6480...
    Processed 4800/6480...
    Processed 4960/6480...
    Processed 5120/6480...
    Processed 5280/6480...
    Processed 5440/6480...
    Processed 5600/6480...
    Processed 5760/6480...
    Processed 5920/6480...
    Processed 6080/6480...
    Processed 6240/6480...
    Processed 6400/6480...
    Total instances: 6480, Series during experiment: 54, Windows: 120
    Collecting ground truth and context...
    Detected to_univariate case: 54 flat series -> 18 series x 3 variates
    Organizing data into arrays...
    Saved predictions (quantiles) to /fslarge/scratch/users/h61084/codes/evaluating_tsfms/outputs/context_size/tasks/chronos_bolt/context_length/128/univariate/Coastal_T_S/5T/short/run_0/predictions.npz
    Computing per-window metrics...
    Saved metrics to /fslarge/scratch/users/h61084/codes/evaluating_tsfms/outputs/context_size/tasks/chronos_bolt/context_length/128/univariate/Coastal_T_S/5T/short/run_0/metrics.npz
    Saved config to /fslarge/scratch/users/h61084/codes/evaluating_tsfms/outputs/context_size/tasks/chronos_bolt/context_length/128/univariate/Coastal_T_S/5T/short/run_0/config.json
    Saved aggregate metrics to /fslarge/scratch/users/h61084/codes/evaluating_tsfms/outputs/context_size/tasks/chronos_bolt/context_length/128/univariate/Coastal_T_S/5T/short/run_0/metrics_summary.json
    Metrics summary (averaged over all series/windows/variates):
      MSE: 121.8551
      MAE: 2.9489
      RMSE: 3.1509
      MAPE: 0.0917
      sMAPE: 0.0696
      MASE: 0.9109
      ND: 0.0649
      CRPS: 0.0437
  Output: /fslarge/scratch/users/h61084/codes/evaluating_tsfms/outputs/context_size/tasks/chronos_bolt/context_length/128/univariate/Coastal_T_S/5T/short/run_0

--- Term: medium ---
  Config: prediction_length=288, test_length=4320, val_length=4320
  Dataset info:
    - Frequency: 5T
    - Num series: 18
    - Target dim: 3
    - Target mode: univariate
    - Series length: min=44614, max=105408, avg=68604.9
    - Test split: 4320 steps
    - Prediction length: 288
    - Windows: 15
TIME run allocation action=new run=/fslarge/scratch/users/h61084/codes/evaluating_tsfms/outputs/context_size/tasks/chronos_bolt/context_length/128/univariate/Coastal_T_S/5T/medium/run_0 launch_id=selena_context_size_20260920T193931Z_45055 slurm_job_id=3506737 launched_at=2026-09-20T19:43:21.691696+00:00
  Preparing input batches from Test split data...
    Total instances to forecast: 810
  Running predictions (Batch size: 16)...
    Processed 160/810...
    Processed 320/810...
    Processed 480/810...
    Processed 640/810...
    Processed 800/810...
    Total instances: 810, Series during experiment: 54, Windows: 15
    Collecting ground truth and context...
    Detected to_univariate case: 54 flat series -> 18 series x 3 variates
    Organizing data into arrays...
    Saved predictions (quantiles) to /fslarge/scratch/users/h61084/codes/evaluating_tsfms/outputs/context_size/tasks/chronos_bolt/context_length/128/univariate/Coastal_T_S/5T/medium/run_0/predictions.npz
    Computing per-window metrics...
    Saved metrics to /fslarge/scratch/users/h61084/codes/evaluating_tsfms/outputs/context_size/tasks/chronos_bolt/context_length/128/univariate/Coastal_T_S/5T/medium/run_0/metrics.npz
    Saved config to /fslarge/scratch/users/h61084/codes/evaluating_tsfms/outputs/context_size/tasks/chronos_bolt/context_length/128/univariate/Coastal_T_S/5T/medium/run_0/config.json
    Saved aggregate metrics to /fslarge/scratch/users/h61084/codes/evaluating_tsfms/outputs/context_size/tasks/chronos_bolt/context_length/128/univariate/Coastal_T_S/5T/medium/run_0/metrics_summary.json
    Metrics summary (averaged over all series/windows/variates):
      MSE: 123.5479
      MAE: 3.1439
      RMSE: 3.4106
      MAPE: 0.0996
      sMAPE: 0.0757
      MASE: 1.2488
      ND: 0.0716
      CRPS: 0.0509
  Output: /fslarge/scratch/users/h61084/codes/evaluating_tsfms/outputs/context_size/tasks/chronos_bolt/context_length/128/univariate/Coastal_T_S/5T/medium/run_0

--- Term: long ---
  Config: prediction_length=864, test_length=4320, val_length=4320
  Dataset info:
    - Frequency: 5T
    - Num series: 18
    - Target dim: 3
    - Target mode: univariate
    - Series length: min=44614, max=105408, avg=68604.9
    - Test split: 4320 steps
    - Prediction length: 864
    - Windows: 5
TIME run allocation action=new run=/fslarge/scratch/users/h61084/codes/evaluating_tsfms/outputs/context_size/tasks/chronos_bolt/context_length/128/univariate/Coastal_T_S/5T/long/run_0 launch_id=selena_context_size_20260920T193931Z_45055 slurm_job_id=3506737 launched_at=2026-09-20T19:43:28.915739+00:00
  Preparing input batches from Test split data...
    Total instances to forecast: 270
  Running predictions (Batch size: 16)...
    Processed 160/270...
    Total instances: 270, Series during experiment: 54, Windows: 5
    Collecting ground truth and context...
    Detected to_univariate case: 54 flat series -> 18 series x 3 variates
    Organizing data into arrays...
    Saved predictions (quantiles) to /fslarge/scratch/users/h61084/codes/evaluating_tsfms/outputs/context_size/tasks/chronos_bolt/context_length/128/univariate/Coastal_T_S/5T/long/run_0/predictions.npz
    Computing per-window metrics...
    Saved metrics to /fslarge/scratch/users/h61084/codes/evaluating_tsfms/outputs/context_size/tasks/chronos_bolt/context_length/128/univariate/Coastal_T_S/5T/long/run_0/metrics.npz
    Saved config to /fslarge/scratch/users/h61084/codes/evaluating_tsfms/outputs/context_size/tasks/chronos_bolt/context_length/128/univariate/Coastal_T_S/5T/long/run_0/config.json
    Saved aggregate metrics to /fslarge/scratch/users/h61084/codes/evaluating_tsfms/outputs/context_size/tasks/chronos_bolt/context_length/128/univariate/Coastal_T_S/5T/long/run_0/metrics_summary.json
    Metrics summary (averaged over all series/windows/variates):
      MSE: 127.2137
      MAE: 3.1822
      RMSE: 3.5120
      MAPE: 0.0972
      sMAPE: 0.0774
      MASE: 1.4782
      ND: 0.0731
      CRPS: 0.0611
  Output: /fslarge/scratch/users/h61084/codes/evaluating_tsfms/outputs/context_size/tasks/chronos_bolt/context_length/128/univariate/Coastal_T_S/5T/long/run_0

============================================================
All experiments completed!
Results saved to: /scratch/users/h61084/codes/evaluating_tsfms/outputs/context_size/tasks
============================================================

############################################################
# All datasets completed!
############################################################

############################################################
# Dataset 1/1: Coastal_T_S/15T
############################################################
Loading configuration...

============================================================
Dataset: Coastal_T_S/15T
Model: amazon/chronos-bolt-base
Terms: ['short', 'medium', 'long']
Instance normalization: none
============================================================
Loading Chronos-Bolt model: amazon/chronos-bolt-base from /fslarge/scratch/users/h61084/weights/chronos-bolt-base...
[2026-09-20 19:43:47 UTC] resources model_device {"device": "cuda", "model": "chronos_bolt"}

--- Term: short ---
  Config: prediction_length=12, test_length=1440, val_length=1440
  Dataset info:
    - Frequency: 15T
    - Num series: 5
    - Target dim: 3
    - Target mode: univariate
    - Series length: min=16686, max=23134, avg=20870.2
    - Test split: 1440 steps
    - Prediction length: 12
    - Windows: 120
TIME run allocation action=new run=/fslarge/scratch/users/h61084/codes/evaluating_tsfms/outputs/context_size/tasks/chronos_bolt/context_length/128/univariate/Coastal_T_S/15T/short/run_0 launch_id=selena_context_size_20260920T193931Z_45055 slurm_job_id=3506737 launched_at=2026-09-20T19:43:48.149684+00:00
  Preparing input batches from Test split data...
    Total instances to forecast: 1800
  Running predictions (Batch size: 16)...
    Processed 160/1800...
    Processed 320/1800...
    Processed 480/1800...
    Processed 640/1800...
    Processed 800/1800...
    Processed 960/1800...
    Processed 1120/1800...
    Processed 1280/1800...
    Processed 1440/1800...
    Processed 1600/1800...
    Processed 1760/1800...
    Total instances: 1800, Series during experiment: 15, Windows: 120
    Collecting ground truth and context...
    Detected to_univariate case: 15 flat series -> 5 series x 3 variates
    Organizing data into arrays...
    Saved predictions (quantiles) to /fslarge/scratch/users/h61084/codes/evaluating_tsfms/outputs/context_size/tasks/chronos_bolt/context_length/128/univariate/Coastal_T_S/15T/short/run_0/predictions.npz
    Computing per-window metrics...
    Saved metrics to /fslarge/scratch/users/h61084/codes/evaluating_tsfms/outputs/context_size/tasks/chronos_bolt/context_length/128/univariate/Coastal_T_S/15T/short/run_0/metrics.npz
    Saved config to /fslarge/scratch/users/h61084/codes/evaluating_tsfms/outputs/context_size/tasks/chronos_bolt/context_length/128/univariate/Coastal_T_S/15T/short/run_0/config.json
    Saved aggregate metrics to /fslarge/scratch/users/h61084/codes/evaluating_tsfms/outputs/context_size/tasks/chronos_bolt/context_length/128/univariate/Coastal_T_S/15T/short/run_0/metrics_summary.json
    Metrics summary (averaged over all series/windows/variates):
      MSE: 120.2917
      MAE: 4.6676
      RMSE: 5.0030
      MAPE: 0.1342
      sMAPE: 0.1190
      MASE: 1.1449
      ND: 0.1151
      CRPS: 0.0758
  Output: /fslarge/scratch/users/h61084/codes/evaluating_tsfms/outputs/context_size/tasks/chronos_bolt/context_length/128/univariate/Coastal_T_S/15T/short/run_0

--- Term: medium ---
  Config: prediction_length=96, test_length=1440, val_length=1440
  Dataset info:
    - Frequency: 15T
    - Num series: 5
    - Target dim: 3
    - Target mode: univariate
    - Series length: min=16686, max=23134, avg=20870.2
    - Test split: 1440 steps
    - Prediction length: 96
    - Windows: 15
TIME run allocation action=new run=/fslarge/scratch/users/h61084/codes/evaluating_tsfms/outputs/context_size/tasks/chronos_bolt/context_length/128/univariate/Coastal_T_S/15T/medium/run_0 launch_id=selena_context_size_20260920T193931Z_45055 slurm_job_id=3506737 launched_at=2026-09-20T19:43:50.650772+00:00
  Preparing input batches from Test split data...
    Total instances to forecast: 225
  Running predictions (Batch size: 16)...
    Processed 160/225...
    Total instances: 225, Series during experiment: 15, Windows: 15
    Collecting ground truth and context...
    Detected to_univariate case: 15 flat series -> 5 series x 3 variates
    Organizing data into arrays...
    Saved predictions (quantiles) to /fslarge/scratch/users/h61084/codes/evaluating_tsfms/outputs/context_size/tasks/chronos_bolt/context_length/128/univariate/Coastal_T_S/15T/medium/run_0/predictions.npz
    Computing per-window metrics...
    Saved metrics to /fslarge/scratch/users/h61084/codes/evaluating_tsfms/outputs/context_size/tasks/chronos_bolt/context_length/128/univariate/Coastal_T_S/15T/medium/run_0/metrics.npz
    Saved config to /fslarge/scratch/users/h61084/codes/evaluating_tsfms/outputs/context_size/tasks/chronos_bolt/context_length/128/univariate/Coastal_T_S/15T/medium/run_0/config.json
    Saved aggregate metrics to /fslarge/scratch/users/h61084/codes/evaluating_tsfms/outputs/context_size/tasks/chronos_bolt/context_length/128/univariate/Coastal_T_S/15T/medium/run_0/metrics_summary.json
    Metrics summary (averaged over all series/windows/variates):
      MSE: 119.3284
      MAE: 4.7318
      RMSE: 5.0418
      MAPE: 0.1393
      sMAPE: 0.1212
      MASE: 1.2978
      ND: 0.1156
      CRPS: 0.0759
  Output: /fslarge/scratch/users/h61084/codes/evaluating_tsfms/outputs/context_size/tasks/chronos_bolt/context_length/128/univariate/Coastal_T_S/15T/medium/run_0

--- Term: long ---
  Config: prediction_length=288, test_length=1440, val_length=1440
  Dataset info:
    - Frequency: 15T
    - Num series: 5
    - Target dim: 3
    - Target mode: univariate
    - Series length: min=16686, max=23134, avg=20870.2
    - Test split: 1440 steps
    - Prediction length: 288
    - Windows: 5
TIME run allocation action=new run=/fslarge/scratch/users/h61084/codes/evaluating_tsfms/outputs/context_size/tasks/chronos_bolt/context_length/128/univariate/Coastal_T_S/15T/long/run_0 launch_id=selena_context_size_20260920T193931Z_45055 slurm_job_id=3506737 launched_at=2026-09-20T19:43:51.397558+00:00
  Preparing input batches from Test split data...
    Total instances to forecast: 75
  Running predictions (Batch size: 16)...
    Total instances: 75, Series during experiment: 15, Windows: 5
    Collecting ground truth and context...
    Detected to_univariate case: 15 flat series -> 5 series x 3 variates
    Organizing data into arrays...
    Saved predictions (quantiles) to /fslarge/scratch/users/h61084/codes/evaluating_tsfms/outputs/context_size/tasks/chronos_bolt/context_length/128/univariate/Coastal_T_S/15T/long/run_0/predictions.npz
    Computing per-window metrics...
    Saved metrics to /fslarge/scratch/users/h61084/codes/evaluating_tsfms/outputs/context_size/tasks/chronos_bolt/context_length/128/univariate/Coastal_T_S/15T/long/run_0/metrics.npz
    Saved config to /fslarge/scratch/users/h61084/codes/evaluating_tsfms/outputs/context_size/tasks/chronos_bolt/context_length/128/univariate/Coastal_T_S/15T/long/run_0/config.json
    Saved aggregate metrics to /fslarge/scratch/users/h61084/codes/evaluating_tsfms/outputs/context_size/tasks/chronos_bolt/context_length/128/univariate/Coastal_T_S/15T/long/run_0/metrics_summary.json
    Metrics summary (averaged over all series/windows/variates):
      MSE: 120.1164
      MAE: 4.7459
      RMSE: 5.0849
      MAPE: 0.1412
      sMAPE: 0.1219
      MASE: 1.4105
      ND: 0.1164
      CRPS: 0.0795
  Output: /fslarge/scratch/users/h61084/codes/evaluating_tsfms/outputs/context_size/tasks/chronos_bolt/context_length/128/univariate/Coastal_T_S/15T/long/run_0

============================================================
All experiments completed!
Results saved to: /scratch/users/h61084/codes/evaluating_tsfms/outputs/context_size/tasks
============================================================

############################################################
# All datasets completed!
############################################################

############################################################
# Dataset 1/1: Coastal_T_S/20T
############################################################
Loading configuration...

============================================================
Dataset: Coastal_T_S/20T
Model: amazon/chronos-bolt-base
Terms: ['short', 'medium', 'long']
Instance normalization: none
============================================================
Loading Chronos-Bolt model: amazon/chronos-bolt-base from /fslarge/scratch/users/h61084/weights/chronos-bolt-base...
[2026-09-20 19:44:00 UTC] resources model_device {"device": "cuda", "model": "chronos_bolt"}

--- Term: short ---
  Config: prediction_length=9, test_length=1080, val_length=1080
  Dataset info:
    - Frequency: 20T
    - Num series: 1
    - Target dim: 3
    - Target mode: univariate
    - Series length: min=8198, max=8198, avg=8198.0
    - Test split: 1080 steps
    - Prediction length: 9
    - Windows: 120
TIME run allocation action=new run=/fslarge/scratch/users/h61084/codes/evaluating_tsfms/outputs/context_size/tasks/chronos_bolt/context_length/128/univariate/Coastal_T_S/20T/short/run_0 launch_id=selena_context_size_20260920T193931Z_45055 slurm_job_id=3506737 launched_at=2026-09-20T19:44:01.157230+00:00
  Preparing input batches from Test split data...
    Total instances to forecast: 360
  Running predictions (Batch size: 16)...
    Processed 160/360...
    Processed 320/360...
    Total instances: 360, Series during experiment: 3, Windows: 120
    Collecting ground truth and context...
    Detected to_univariate case: 3 flat series -> 1 series x 3 variates
    Organizing data into arrays...
    Saved predictions (quantiles) to /fslarge/scratch/users/h61084/codes/evaluating_tsfms/outputs/context_size/tasks/chronos_bolt/context_length/128/univariate/Coastal_T_S/20T/short/run_0/predictions.npz
    Computing per-window metrics...
    Saved metrics to /fslarge/scratch/users/h61084/codes/evaluating_tsfms/outputs/context_size/tasks/chronos_bolt/context_length/128/univariate/Coastal_T_S/20T/short/run_0/metrics.npz
    Saved config to /fslarge/scratch/users/h61084/codes/evaluating_tsfms/outputs/context_size/tasks/chronos_bolt/context_length/128/univariate/Coastal_T_S/20T/short/run_0/config.json
    Saved aggregate metrics to /fslarge/scratch/users/h61084/codes/evaluating_tsfms/outputs/context_size/tasks/chronos_bolt/context_length/128/univariate/Coastal_T_S/20T/short/run_0/metrics_summary.json
    Metrics summary (averaged over all series/windows/variates):
      MSE: 0.0179
      MAE: 0.0878
      RMSE: 0.1030
      MAPE: 0.0037
      sMAPE: 0.0037
      MASE: 0.6551
      ND: 0.0037
      CRPS: 0.0030
  Output: /fslarge/scratch/users/h61084/codes/evaluating_tsfms/outputs/context_size/tasks/chronos_bolt/context_length/128/univariate/Coastal_T_S/20T/short/run_0

--- Term: medium ---
  Config: prediction_length=72, test_length=1080, val_length=1080
  Dataset info:
    - Frequency: 20T
    - Num series: 1
    - Target dim: 3
    - Target mode: univariate
    - Series length: min=8198, max=8198, avg=8198.0
    - Test split: 1080 steps
    - Prediction length: 72
    - Windows: 15
TIME run allocation action=new run=/fslarge/scratch/users/h61084/codes/evaluating_tsfms/outputs/context_size/tasks/chronos_bolt/context_length/128/univariate/Coastal_T_S/20T/medium/run_0 launch_id=selena_context_size_20260920T193931Z_45055 slurm_job_id=3506737 launched_at=2026-09-20T19:44:01.829409+00:00
  Preparing input batches from Test split data...
    Total instances to forecast: 45
  Running predictions (Batch size: 16)...
    Total instances: 45, Series during experiment: 3, Windows: 15
    Collecting ground truth and context...
    Detected to_univariate case: 3 flat series -> 1 series x 3 variates
    Organizing data into arrays...
    Saved predictions (quantiles) to /fslarge/scratch/users/h61084/codes/evaluating_tsfms/outputs/context_size/tasks/chronos_bolt/context_length/128/univariate/Coastal_T_S/20T/medium/run_0/predictions.npz
    Computing per-window metrics...
    Saved metrics to /fslarge/scratch/users/h61084/codes/evaluating_tsfms/outputs/context_size/tasks/chronos_bolt/context_length/128/univariate/Coastal_T_S/20T/medium/run_0/metrics.npz
    Saved config to /fslarge/scratch/users/h61084/codes/evaluating_tsfms/outputs/context_size/tasks/chronos_bolt/context_length/128/univariate/Coastal_T_S/20T/medium/run_0/config.json
    Saved aggregate metrics to /fslarge/scratch/users/h61084/codes/evaluating_tsfms/outputs/context_size/tasks/chronos_bolt/context_length/128/univariate/Coastal_T_S/20T/medium/run_0/metrics_summary.json
    Metrics summary (averaged over all series/windows/variates):
      MSE: 0.2704
      MAE: 0.3450
      RMSE: 0.4129
      MAPE: 0.0165
      sMAPE: 0.0163
      MASE: 2.2207
      ND: 0.0164
      CRPS: 0.0127
  Output: /fslarge/scratch/users/h61084/codes/evaluating_tsfms/outputs/context_size/tasks/chronos_bolt/context_length/128/univariate/Coastal_T_S/20T/medium/run_0

--- Term: long ---
  Config: prediction_length=216, test_length=1080, val_length=1080
  Dataset info:
    - Frequency: 20T
    - Num series: 1
    - Target dim: 3
    - Target mode: univariate
    - Series length: min=8198, max=8198, avg=8198.0
    - Test split: 1080 steps
    - Prediction length: 216
    - Windows: 5
TIME run allocation action=new run=/fslarge/scratch/users/h61084/codes/evaluating_tsfms/outputs/context_size/tasks/chronos_bolt/context_length/128/univariate/Coastal_T_S/20T/long/run_0 launch_id=selena_context_size_20260920T193931Z_45055 slurm_job_id=3506737 launched_at=2026-09-20T19:44:02.015684+00:00
  Preparing input batches from Test split data...
    Total instances to forecast: 15
  Running predictions (Batch size: 16)...
    Total instances: 15, Series during experiment: 3, Windows: 5
    Collecting ground truth and context...
    Detected to_univariate case: 3 flat series -> 1 series x 3 variates
    Organizing data into arrays...
    Saved predictions (quantiles) to /fslarge/scratch/users/h61084/codes/evaluating_tsfms/outputs/context_size/tasks/chronos_bolt/context_length/128/univariate/Coastal_T_S/20T/long/run_0/predictions.npz
    Computing per-window metrics...
    Saved metrics to /fslarge/scratch/users/h61084/codes/evaluating_tsfms/outputs/context_size/tasks/chronos_bolt/context_length/128/univariate/Coastal_T_S/20T/long/run_0/metrics.npz
    Saved config to /fslarge/scratch/users/h61084/codes/evaluating_tsfms/outputs/context_size/tasks/chronos_bolt/context_length/128/univariate/Coastal_T_S/20T/long/run_0/config.json
    Saved aggregate metrics to /fslarge/scratch/users/h61084/codes/evaluating_tsfms/outputs/context_size/tasks/chronos_bolt/context_length/128/univariate/Coastal_T_S/20T/long/run_0/metrics_summary.json
    Metrics summary (averaged over all series/windows/variates):
      MSE: 0.2568
      MAE: 0.3759
      RMSE: 0.4503
      MAPE: 0.0168
      sMAPE: 0.0167
      MASE: 2.6155
      ND: 0.0167
      CRPS: 0.0133
  Output: /fslarge/scratch/users/h61084/codes/evaluating_tsfms/outputs/context_size/tasks/chronos_bolt/context_length/128/univariate/Coastal_T_S/20T/long/run_0

============================================================
All experiments completed!
Results saved to: /scratch/users/h61084/codes/evaluating_tsfms/outputs/context_size/tasks
============================================================

############################################################
# All datasets completed!
############################################################

############################################################
# Dataset 1/1: Coastal_T_S/H
############################################################
Loading configuration...

============================================================
Dataset: Coastal_T_S/H
Model: amazon/chronos-bolt-base
Terms: ['short', 'medium', 'long']
Instance normalization: none
============================================================
Loading Chronos-Bolt model: amazon/chronos-bolt-base from /fslarge/scratch/users/h61084/weights/chronos-bolt-base...
[2026-09-20 19:44:10 UTC] resources model_device {"device": "cuda", "model": "chronos_bolt"}

--- Term: short ---
  Config: prediction_length=24, test_length=672, val_length=672
  Dataset info:
    - Frequency: H
    - Num series: 24
    - Target dim: 3
    - Target mode: univariate
    - Series length: min=2733, max=8784, avg=5488.8
    - Test split: 672 steps
    - Prediction length: 24
    - Windows: 28
TIME run allocation action=new run=/fslarge/scratch/users/h61084/codes/evaluating_tsfms/outputs/context_size/tasks/chronos_bolt/context_length/128/univariate/Coastal_T_S/H/short/run_0 launch_id=selena_context_size_20260920T193931Z_45055 slurm_job_id=3506737 launched_at=2026-09-20T19:44:11.217828+00:00
  Preparing input batches from Test split data...
    Total instances to forecast: 2016
  Running predictions (Batch size: 16)...
    Processed 160/2016...
    Processed 320/2016...
    Processed 480/2016...
    Processed 640/2016...
    Processed 800/2016...
    Processed 960/2016...
    Processed 1120/2016...
    Processed 1280/2016...
    Processed 1440/2016...
    Processed 1600/2016...
    Processed 1760/2016...
    Processed 1920/2016...
    Total instances: 2016, Series during experiment: 72, Windows: 28
    Collecting ground truth and context...
    Detected to_univariate case: 72 flat series -> 24 series x 3 variates
    Organizing data into arrays...
    Saved predictions (quantiles) to /fslarge/scratch/users/h61084/codes/evaluating_tsfms/outputs/context_size/tasks/chronos_bolt/context_length/128/univariate/Coastal_T_S/H/short/run_0/predictions.npz
    Computing per-window metrics...
    Saved metrics to /fslarge/scratch/users/h61084/codes/evaluating_tsfms/outputs/context_size/tasks/chronos_bolt/context_length/128/univariate/Coastal_T_S/H/short/run_0/metrics.npz
    Saved config to /fslarge/scratch/users/h61084/codes/evaluating_tsfms/outputs/context_size/tasks/chronos_bolt/context_length/128/univariate/Coastal_T_S/H/short/run_0/config.json
    Saved aggregate metrics to /fslarge/scratch/users/h61084/codes/evaluating_tsfms/outputs/context_size/tasks/chronos_bolt/context_length/128/univariate/Coastal_T_S/H/short/run_0/metrics_summary.json
    Metrics summary (averaged over all series/windows/variates):
      MSE: 15.6621
      MAE: 1.1578
      RMSE: 1.4236
      MAPE: 0.0315
      sMAPE: 0.0298
      MASE: 1.0420
      ND: 0.0294
      CRPS: 0.0233
  Output: /fslarge/scratch/users/h61084/codes/evaluating_tsfms/outputs/context_size/tasks/chronos_bolt/context_length/128/univariate/Coastal_T_S/H/short/run_0

--- Term: medium ---
  Config: prediction_length=168, test_length=672, val_length=672
  Dataset info:
    - Frequency: H
    - Num series: 24
    - Target dim: 3
    - Target mode: univariate
    - Series length: min=2733, max=8784, avg=5488.8
    - Test split: 672 steps
    - Prediction length: 168
    - Windows: 4
TIME run allocation action=new run=/fslarge/scratch/users/h61084/codes/evaluating_tsfms/outputs/context_size/tasks/chronos_bolt/context_length/128/univariate/Coastal_T_S/H/medium/run_0 launch_id=selena_context_size_20260920T193931Z_45055 slurm_job_id=3506737 launched_at=2026-09-20T19:44:13.905934+00:00
  Preparing input batches from Test split data...
    Total instances to forecast: 288
  Running predictions (Batch size: 16)...
    Processed 160/288...
    Total instances: 288, Series during experiment: 72, Windows: 4
    Collecting ground truth and context...
    Detected to_univariate case: 72 flat series -> 24 series x 3 variates
    Organizing data into arrays...
    Saved predictions (quantiles) to /fslarge/scratch/users/h61084/codes/evaluating_tsfms/outputs/context_size/tasks/chronos_bolt/context_length/128/univariate/Coastal_T_S/H/medium/run_0/predictions.npz
    Computing per-window metrics...
    Saved metrics to /fslarge/scratch/users/h61084/codes/evaluating_tsfms/outputs/context_size/tasks/chronos_bolt/context_length/128/univariate/Coastal_T_S/H/medium/run_0/metrics.npz
    Saved config to /fslarge/scratch/users/h61084/codes/evaluating_tsfms/outputs/context_size/tasks/chronos_bolt/context_length/128/univariate/Coastal_T_S/H/medium/run_0/config.json
    Saved aggregate metrics to /fslarge/scratch/users/h61084/codes/evaluating_tsfms/outputs/context_size/tasks/chronos_bolt/context_length/128/univariate/Coastal_T_S/H/medium/run_0/metrics_summary.json
    Metrics summary (averaged over all series/windows/variates):
      MSE: 30.3272
      MAE: 1.6434
      RMSE: 2.0092
      MAPE: 0.0482
      sMAPE: 0.0438
      MASE: 1.9427
      ND: 0.0457
      CRPS: 0.0377
  Output: /fslarge/scratch/users/h61084/codes/evaluating_tsfms/outputs/context_size/tasks/chronos_bolt/context_length/128/univariate/Coastal_T_S/H/medium/run_0

--- Term: long ---
  Config: prediction_length=336, test_length=672, val_length=672
  Dataset info:
    - Frequency: H
    - Num series: 24
    - Target dim: 3
    - Target mode: univariate
    - Series length: min=2733, max=8784, avg=5488.8
    - Test split: 672 steps
    - Prediction length: 336
    - Windows: 2
TIME run allocation action=new run=/fslarge/scratch/users/h61084/codes/evaluating_tsfms/outputs/context_size/tasks/chronos_bolt/context_length/128/univariate/Coastal_T_S/H/long/run_0 launch_id=selena_context_size_20260920T193931Z_45055 slurm_job_id=3506737 launched_at=2026-09-20T19:44:15.240226+00:00
  Preparing input batches from Test split data...
    Total instances to forecast: 144
  Running predictions (Batch size: 16)...
    Total instances: 144, Series during experiment: 72, Windows: 2
    Collecting ground truth and context...
    Detected to_univariate case: 72 flat series -> 24 series x 3 variates
    Organizing data into arrays...
    Saved predictions (quantiles) to /fslarge/scratch/users/h61084/codes/evaluating_tsfms/outputs/context_size/tasks/chronos_bolt/context_length/128/univariate/Coastal_T_S/H/long/run_0/predictions.npz
    Computing per-window metrics...
    Saved metrics to /fslarge/scratch/users/h61084/codes/evaluating_tsfms/outputs/context_size/tasks/chronos_bolt/context_length/128/univariate/Coastal_T_S/H/long/run_0/metrics.npz
    Saved config to /fslarge/scratch/users/h61084/codes/evaluating_tsfms/outputs/context_size/tasks/chronos_bolt/context_length/128/univariate/Coastal_T_S/H/long/run_0/config.json
    Saved aggregate metrics to /fslarge/scratch/users/h61084/codes/evaluating_tsfms/outputs/context_size/tasks/chronos_bolt/context_length/128/univariate/Coastal_T_S/H/long/run_0/metrics_summary.json
    Metrics summary (averaged over all series/windows/variates):
      MSE: 43.4314
      MAE: 1.9123
      RMSE: 2.3519
      MAPE: 0.0555
      sMAPE: 0.0510
      MASE: 2.5290
      ND: 0.0497
      CRPS: 0.0422
  Output: /fslarge/scratch/users/h61084/codes/evaluating_tsfms/outputs/context_size/tasks/chronos_bolt/context_length/128/univariate/Coastal_T_S/H/long/run_0

============================================================
All experiments completed!
Results saved to: /scratch/users/h61084/codes/evaluating_tsfms/outputs/context_size/tasks
============================================================

############################################################
# All datasets completed!
############################################################

############################################################
# Dataset 1/1: SG_Weather/D
############################################################
Loading configuration...

============================================================
Dataset: SG_Weather/D
Model: amazon/chronos-bolt-base
Terms: ['short', 'medium', 'long']
Instance normalization: none
============================================================
Loading Chronos-Bolt model: amazon/chronos-bolt-base from /fslarge/scratch/users/h61084/weights/chronos-bolt-base...
[2026-09-20 19:44:25 UTC] resources model_device {"device": "cuda", "model": "chronos_bolt"}

--- Term: short ---
  Config: prediction_length=3, test_length=366, val_length=366
  Dataset info:
    - Frequency: D
    - Num series: 6
    - Target dim: 4
    - Target mode: univariate
    - Series length: min=2953, max=2953, avg=2953.0
    - Test split: 366 steps
    - Prediction length: 3
    - Windows: 122
TIME run allocation action=new run=/fslarge/scratch/users/h61084/codes/evaluating_tsfms/outputs/context_size/tasks/chronos_bolt/context_length/128/univariate/SG_Weather/D/short/run_0 launch_id=selena_context_size_20260920T193931Z_45055 slurm_job_id=3506737 launched_at=2026-09-20T19:44:25.853358+00:00
  Preparing input batches from Test split data...
    Total instances to forecast: 2928
  Running predictions (Batch size: 16)...
    Processed 160/2928...
    Processed 320/2928...
    Processed 480/2928...
    Processed 640/2928...
    Processed 800/2928...
    Processed 960/2928...
    Processed 1120/2928...
    Processed 1280/2928...
    Processed 1440/2928...
    Processed 1600/2928...
    Processed 1760/2928...
    Processed 1920/2928...
    Processed 2080/2928...
    Processed 2240/2928...
    Processed 2400/2928...
    Processed 2560/2928...
    Processed 2720/2928...
    Processed 2880/2928...
    Total instances: 2928, Series during experiment: 24, Windows: 122
    Collecting ground truth and context...
    Detected to_univariate case: 24 flat series -> 6 series x 4 variates
    Organizing data into arrays...
    Saved predictions (quantiles) to /fslarge/scratch/users/h61084/codes/evaluating_tsfms/outputs/context_size/tasks/chronos_bolt/context_length/128/univariate/SG_Weather/D/short/run_0/predictions.npz
    Computing per-window metrics...
    Saved metrics to /fslarge/scratch/users/h61084/codes/evaluating_tsfms/outputs/context_size/tasks/chronos_bolt/context_length/128/univariate/SG_Weather/D/short/run_0/metrics.npz
    Saved config to /fslarge/scratch/users/h61084/codes/evaluating_tsfms/outputs/context_size/tasks/chronos_bolt/context_length/128/univariate/SG_Weather/D/short/run_0/config.json
    Saved aggregate metrics to /fslarge/scratch/users/h61084/codes/evaluating_tsfms/outputs/context_size/tasks/chronos_bolt/context_length/128/univariate/SG_Weather/D/short/run_0/metrics_summary.json
    Metrics summary (averaged over all series/windows/variates):
      MSE: 2312.7851
      MAE: 18.5260
      RMSE: 21.1912
      MAPE: 0.4341
      sMAPE: 0.2355
      MASE: 0.9076
      ND: 0.2758
      CRPS: 0.2132
  Output: /fslarge/scratch/users/h61084/codes/evaluating_tsfms/outputs/context_size/tasks/chronos_bolt/context_length/128/univariate/SG_Weather/D/short/run_0

--- Term: medium ---
  Config: prediction_length=7, test_length=366, val_length=366
  Dataset info:
    - Frequency: D
    - Num series: 6
    - Target dim: 4
    - Target mode: univariate
    - Series length: min=2953, max=2953, avg=2953.0
    - Test split: 366 steps
    - Prediction length: 7
    - Windows: 52
TIME run allocation action=new run=/fslarge/scratch/users/h61084/codes/evaluating_tsfms/outputs/context_size/tasks/chronos_bolt/context_length/128/univariate/SG_Weather/D/medium/run_0 launch_id=selena_context_size_20260920T193931Z_45055 slurm_job_id=3506737 launched_at=2026-09-20T19:44:29.481657+00:00
  Preparing input batches from Test split data...
    Total instances to forecast: 1248
  Running predictions (Batch size: 16)...
    Processed 160/1248...
    Processed 320/1248...
    Processed 480/1248...
    Processed 640/1248...
    Processed 800/1248...
    Processed 960/1248...
    Processed 1120/1248...
    Total instances: 1248, Series during experiment: 24, Windows: 52
    Collecting ground truth and context...
    Detected to_univariate case: 24 flat series -> 6 series x 4 variates
    Organizing data into arrays...
    Saved predictions (quantiles) to /fslarge/scratch/users/h61084/codes/evaluating_tsfms/outputs/context_size/tasks/chronos_bolt/context_length/128/univariate/SG_Weather/D/medium/run_0/predictions.npz
    Computing per-window metrics...
    Saved metrics to /fslarge/scratch/users/h61084/codes/evaluating_tsfms/outputs/context_size/tasks/chronos_bolt/context_length/128/univariate/SG_Weather/D/medium/run_0/metrics.npz
    Saved config to /fslarge/scratch/users/h61084/codes/evaluating_tsfms/outputs/context_size/tasks/chronos_bolt/context_length/128/univariate/SG_Weather/D/medium/run_0/config.json
    Saved aggregate metrics to /fslarge/scratch/users/h61084/codes/evaluating_tsfms/outputs/context_size/tasks/chronos_bolt/context_length/128/univariate/SG_Weather/D/medium/run_0/metrics_summary.json
    Metrics summary (averaged over all series/windows/variates):
      MSE: 2387.0597
      MAE: 19.0613
      RMSE: 23.0860
      MAPE: 0.4464
      sMAPE: 0.2415
      MASE: 0.9544
      ND: 0.2525
      CRPS: 0.1959
  Output: /fslarge/scratch/users/h61084/codes/evaluating_tsfms/outputs/context_size/tasks/chronos_bolt/context_length/128/univariate/SG_Weather/D/medium/run_0

--- Term: long ---
  Config: prediction_length=14, test_length=366, val_length=366
  Dataset info:
    - Frequency: D
    - Num series: 6
    - Target dim: 4
    - Target mode: univariate
    - Series length: min=2953, max=2953, avg=2953.0
    - Test split: 366 steps
    - Prediction length: 14
    - Windows: 26
TIME run allocation action=new run=/fslarge/scratch/users/h61084/codes/evaluating_tsfms/outputs/context_size/tasks/chronos_bolt/context_length/128/univariate/SG_Weather/D/long/run_0 launch_id=selena_context_size_20260920T193931Z_45055 slurm_job_id=3506737 launched_at=2026-09-20T19:44:30.952157+00:00
  Preparing input batches from Test split data...
    Total instances to forecast: 624
  Running predictions (Batch size: 16)...
    Processed 160/624...
    Processed 320/624...
    Processed 480/624...
    Total instances: 624, Series during experiment: 24, Windows: 26
    Collecting ground truth and context...
    Detected to_univariate case: 24 flat series -> 6 series x 4 variates
    Organizing data into arrays...
    Saved predictions (quantiles) to /fslarge/scratch/users/h61084/codes/evaluating_tsfms/outputs/context_size/tasks/chronos_bolt/context_length/128/univariate/SG_Weather/D/long/run_0/predictions.npz
    Computing per-window metrics...
    Saved metrics to /fslarge/scratch/users/h61084/codes/evaluating_tsfms/outputs/context_size/tasks/chronos_bolt/context_length/128/univariate/SG_Weather/D/long/run_0/metrics.npz
    Saved config to /fslarge/scratch/users/h61084/codes/evaluating_tsfms/outputs/context_size/tasks/chronos_bolt/context_length/128/univariate/SG_Weather/D/long/run_0/config.json
    Saved aggregate metrics to /fslarge/scratch/users/h61084/codes/evaluating_tsfms/outputs/context_size/tasks/chronos_bolt/context_length/128/univariate/SG_Weather/D/long/run_0/metrics_summary.json
    Metrics summary (averaged over all series/windows/variates):
      MSE: 2404.6683
      MAE: 19.2416
      RMSE: 23.8636
      MAPE: 0.4587
      sMAPE: 0.2460
      MASE: 0.9681
      ND: 0.2449
      CRPS: 0.1900
  Output: /fslarge/scratch/users/h61084/codes/evaluating_tsfms/outputs/context_size/tasks/chronos_bolt/context_length/128/univariate/SG_Weather/D/long/run_0

============================================================
All experiments completed!
Results saved to: /scratch/users/h61084/codes/evaluating_tsfms/outputs/context_size/tasks
============================================================

############################################################
# All datasets completed!
############################################################

############################################################
# Dataset 1/1: SG_PM25/H
############################################################
Loading configuration...

============================================================
Dataset: SG_PM25/H
Model: amazon/chronos-bolt-base
Terms: ['short', 'medium', 'long']
Instance normalization: none
============================================================
Loading Chronos-Bolt model: amazon/chronos-bolt-base from /fslarge/scratch/users/h61084/weights/chronos-bolt-base...
[2026-09-20 19:44:40 UTC] resources model_device {"device": "cuda", "model": "chronos_bolt"}

--- Term: short ---
  Config: prediction_length=24, test_length=2208, val_length=2160
  Dataset info:
    - Frequency: H
    - Num series: 1
    - Target dim: 5
    - Target mode: univariate
    - Series length: min=38688, max=38688, avg=38688.0
    - Test split: 2208 steps
    - Prediction length: 24
    - Windows: 92
TIME run allocation action=new run=/fslarge/scratch/users/h61084/codes/evaluating_tsfms/outputs/context_size/tasks/chronos_bolt/context_length/128/univariate/SG_PM25/H/short/run_0 launch_id=selena_context_size_20260920T193931Z_45055 slurm_job_id=3506737 launched_at=2026-09-20T19:44:40.939905+00:00
  Preparing input batches from Test split data...
    Total instances to forecast: 460
  Running predictions (Batch size: 16)...
    Processed 160/460...
    Processed 320/460...
    Total instances: 460, Series during experiment: 5, Windows: 92
    Collecting ground truth and context...
    Detected to_univariate case: 5 flat series -> 1 series x 5 variates
    Organizing data into arrays...
    Saved predictions (quantiles) to /fslarge/scratch/users/h61084/codes/evaluating_tsfms/outputs/context_size/tasks/chronos_bolt/context_length/128/univariate/SG_PM25/H/short/run_0/predictions.npz
    Computing per-window metrics...
    Saved metrics to /fslarge/scratch/users/h61084/codes/evaluating_tsfms/outputs/context_size/tasks/chronos_bolt/context_length/128/univariate/SG_PM25/H/short/run_0/metrics.npz
    Saved config to /fslarge/scratch/users/h61084/codes/evaluating_tsfms/outputs/context_size/tasks/chronos_bolt/context_length/128/univariate/SG_PM25/H/short/run_0/config.json
    Saved aggregate metrics to /fslarge/scratch/users/h61084/codes/evaluating_tsfms/outputs/context_size/tasks/chronos_bolt/context_length/128/univariate/SG_PM25/H/short/run_0/metrics_summary.json
    Metrics summary (averaged over all series/windows/variates):
      MSE: 44.1425
      MAE: 4.8895
      RMSE: 5.9773
      MAPE: 0.5532
      sMAPE: 0.4100
      MASE: 0.9298
      ND: 0.4212
      CRPS: 0.3282
  Output: /fslarge/scratch/users/h61084/codes/evaluating_tsfms/outputs/context_size/tasks/chronos_bolt/context_length/128/univariate/SG_PM25/H/short/run_0

--- Term: medium ---
  Config: prediction_length=72, test_length=2208, val_length=2160
  Dataset info:
    - Frequency: H
    - Num series: 1
    - Target dim: 5
    - Target mode: univariate
    - Series length: min=38688, max=38688, avg=38688.0
    - Test split: 2208 steps
    - Prediction length: 72
    - Windows: 30
TIME run allocation action=new run=/fslarge/scratch/users/h61084/codes/evaluating_tsfms/outputs/context_size/tasks/chronos_bolt/context_length/128/univariate/SG_PM25/H/medium/run_0 launch_id=selena_context_size_20260920T193931Z_45055 slurm_job_id=3506737 launched_at=2026-09-20T19:44:41.826750+00:00
  Preparing input batches from Test split data...
    Total instances to forecast: 150
  Running predictions (Batch size: 16)...
    Processed 150/150...
    Total instances: 150, Series during experiment: 5, Windows: 30
    Collecting ground truth and context...
    Detected to_univariate case: 5 flat series -> 1 series x 5 variates
    Organizing data into arrays...
    Saved predictions (quantiles) to /fslarge/scratch/users/h61084/codes/evaluating_tsfms/outputs/context_size/tasks/chronos_bolt/context_length/128/univariate/SG_PM25/H/medium/run_0/predictions.npz
    Computing per-window metrics...
    Saved metrics to /fslarge/scratch/users/h61084/codes/evaluating_tsfms/outputs/context_size/tasks/chronos_bolt/context_length/128/univariate/SG_PM25/H/medium/run_0/metrics.npz
    Saved config to /fslarge/scratch/users/h61084/codes/evaluating_tsfms/outputs/context_size/tasks/chronos_bolt/context_length/128/univariate/SG_PM25/H/medium/run_0/config.json
    Saved aggregate metrics to /fslarge/scratch/users/h61084/codes/evaluating_tsfms/outputs/context_size/tasks/chronos_bolt/context_length/128/univariate/SG_PM25/H/medium/run_0/metrics_summary.json
    Metrics summary (averaged over all series/windows/variates):
      MSE: 54.5147
      MAE: 5.4336
      RMSE: 6.7531
      MAPE: 0.6068
      sMAPE: 0.4486
      MASE: 1.0310
      ND: 0.4493
      CRPS: 0.3509
  Output: /fslarge/scratch/users/h61084/codes/evaluating_tsfms/outputs/context_size/tasks/chronos_bolt/context_length/128/univariate/SG_PM25/H/medium/run_0

--- Term: long ---
  Config: prediction_length=168, test_length=2208, val_length=2160
  Dataset info:
    - Frequency: H
    - Num series: 1
    - Target dim: 5
    - Target mode: univariate
    - Series length: min=38688, max=38688, avg=38688.0
    - Test split: 2208 steps
    - Prediction length: 168
    - Windows: 13
TIME run allocation action=new run=/fslarge/scratch/users/h61084/codes/evaluating_tsfms/outputs/context_size/tasks/chronos_bolt/context_length/128/univariate/SG_PM25/H/long/run_0 launch_id=selena_context_size_20260920T193931Z_45055 slurm_job_id=3506737 launched_at=2026-09-20T19:44:42.367137+00:00
  Preparing input batches from Test split data...
    Total instances to forecast: 65
  Running predictions (Batch size: 16)...
    Total instances: 65, Series during experiment: 5, Windows: 13
    Collecting ground truth and context...
    Detected to_univariate case: 5 flat series -> 1 series x 5 variates
    Organizing data into arrays...
    Saved predictions (quantiles) to /fslarge/scratch/users/h61084/codes/evaluating_tsfms/outputs/context_size/tasks/chronos_bolt/context_length/128/univariate/SG_PM25/H/long/run_0/predictions.npz
    Computing per-window metrics...
    Saved metrics to /fslarge/scratch/users/h61084/codes/evaluating_tsfms/outputs/context_size/tasks/chronos_bolt/context_length/128/univariate/SG_PM25/H/long/run_0/metrics.npz
    Saved config to /fslarge/scratch/users/h61084/codes/evaluating_tsfms/outputs/context_size/tasks/chronos_bolt/context_length/128/univariate/SG_PM25/H/long/run_0/config.json
    Saved aggregate metrics to /fslarge/scratch/users/h61084/codes/evaluating_tsfms/outputs/context_size/tasks/chronos_bolt/context_length/128/univariate/SG_PM25/H/long/run_0/metrics_summary.json
    Metrics summary (averaged over all series/windows/variates):
      MSE: 57.0622
      MAE: 5.5307
      RMSE: 7.1363
      MAPE: 0.5981
      sMAPE: 0.4592
      MASE: 1.0502
      ND: 0.4510
      CRPS: 0.3576
  Output: /fslarge/scratch/users/h61084/codes/evaluating_tsfms/outputs/context_size/tasks/chronos_bolt/context_length/128/univariate/SG_PM25/H/long/run_0

============================================================
All experiments completed!
Results saved to: /scratch/users/h61084/codes/evaluating_tsfms/outputs/context_size/tasks
============================================================

############################################################
# All datasets completed!
############################################################

############################################################
# Dataset 1/1: NE_China_Wind/H
############################################################
Loading configuration...

============================================================
Dataset: NE_China_Wind/H
Model: amazon/chronos-bolt-base
Terms: ['short', 'medium', 'long']
Instance normalization: none
============================================================
Loading Chronos-Bolt model: amazon/chronos-bolt-base from /fslarge/scratch/users/h61084/weights/chronos-bolt-base...
[2026-09-20 19:44:51 UTC] resources model_device {"device": "cuda", "model": "chronos_bolt"}

--- Term: short ---
  Config: prediction_length=24, test_length=720, val_length=720
  Dataset info:
    - Frequency: H
    - Num series: 1
    - Target dim: 4
    - Target mode: univariate
    - Series length: min=8764, max=8764, avg=8764.0
    - Test split: 720 steps
    - Prediction length: 24
    - Windows: 30
TIME run allocation action=new run=/fslarge/scratch/users/h61084/codes/evaluating_tsfms/outputs/context_size/tasks/chronos_bolt/context_length/128/univariate/NE_China_Wind/H/short/run_0 launch_id=selena_context_size_20260920T193931Z_45055 slurm_job_id=3506737 launched_at=2026-09-20T19:44:51.885174+00:00
  Preparing input batches from Test split data...
    Total instances to forecast: 120
  Running predictions (Batch size: 16)...
    Total instances: 120, Series during experiment: 4, Windows: 30
    Collecting ground truth and context...
    Detected to_univariate case: 4 flat series -> 1 series x 4 variates
    Organizing data into arrays...
    Saved predictions (quantiles) to /fslarge/scratch/users/h61084/codes/evaluating_tsfms/outputs/context_size/tasks/chronos_bolt/context_length/128/univariate/NE_China_Wind/H/short/run_0/predictions.npz
    Computing per-window metrics...
    Saved metrics to /fslarge/scratch/users/h61084/codes/evaluating_tsfms/outputs/context_size/tasks/chronos_bolt/context_length/128/univariate/NE_China_Wind/H/short/run_0/metrics.npz
    Saved config to /fslarge/scratch/users/h61084/codes/evaluating_tsfms/outputs/context_size/tasks/chronos_bolt/context_length/128/univariate/NE_China_Wind/H/short/run_0/config.json
    Saved aggregate metrics to /fslarge/scratch/users/h61084/codes/evaluating_tsfms/outputs/context_size/tasks/chronos_bolt/context_length/128/univariate/NE_China_Wind/H/short/run_0/metrics_summary.json
    Metrics summary (averaged over all series/windows/variates):
      MSE: 0.1158
      MAE: 0.2329
      RMSE: 0.2712
      MAPE: 1.1570
      sMAPE: 0.4755
      MASE: 0.5480
      ND: 0.4985
      CRPS: 0.3934
  Output: /fslarge/scratch/users/h61084/codes/evaluating_tsfms/outputs/context_size/tasks/chronos_bolt/context_length/128/univariate/NE_China_Wind/H/short/run_0

--- Term: medium ---
  Config: prediction_length=72, test_length=720, val_length=720
  Dataset info:
    - Frequency: H
    - Num series: 1
    - Target dim: 4
    - Target mode: univariate
    - Series length: min=8764, max=8764, avg=8764.0
    - Test split: 720 steps
    - Prediction length: 72
    - Windows: 10
TIME run allocation action=new run=/fslarge/scratch/users/h61084/codes/evaluating_tsfms/outputs/context_size/tasks/chronos_bolt/context_length/128/univariate/NE_China_Wind/H/medium/run_0 launch_id=selena_context_size_20260920T193931Z_45055 slurm_job_id=3506737 launched_at=2026-09-20T19:44:52.278388+00:00
  Preparing input batches from Test split data...
    Total instances to forecast: 40
  Running predictions (Batch size: 16)...
    Total instances: 40, Series during experiment: 4, Windows: 10
    Collecting ground truth and context...
    Detected to_univariate case: 4 flat series -> 1 series x 4 variates
    Organizing data into arrays...
    Saved predictions (quantiles) to /fslarge/scratch/users/h61084/codes/evaluating_tsfms/outputs/context_size/tasks/chronos_bolt/context_length/128/univariate/NE_China_Wind/H/medium/run_0/predictions.npz
    Computing per-window metrics...
    Saved metrics to /fslarge/scratch/users/h61084/codes/evaluating_tsfms/outputs/context_size/tasks/chronos_bolt/context_length/128/univariate/NE_China_Wind/H/medium/run_0/metrics.npz
    Saved config to /fslarge/scratch/users/h61084/codes/evaluating_tsfms/outputs/context_size/tasks/chronos_bolt/context_length/128/univariate/NE_China_Wind/H/medium/run_0/config.json
    Saved aggregate metrics to /fslarge/scratch/users/h61084/codes/evaluating_tsfms/outputs/context_size/tasks/chronos_bolt/context_length/128/univariate/NE_China_Wind/H/medium/run_0/metrics_summary.json
    Metrics summary (averaged over all series/windows/variates):
      MSE: 0.2923
      MAE: 0.3797
      RMSE: 0.4436
      MAPE: 1.3295
      sMAPE: 0.6814
      MASE: 0.9282
      ND: 0.6580
      CRPS: 0.5373
  Output: /fslarge/scratch/users/h61084/codes/evaluating_tsfms/outputs/context_size/tasks/chronos_bolt/context_length/128/univariate/NE_China_Wind/H/medium/run_0

--- Term: long ---
  Config: prediction_length=168, test_length=720, val_length=720
  Dataset info:
    - Frequency: H
    - Num series: 1
    - Target dim: 4
    - Target mode: univariate
    - Series length: min=8764, max=8764, avg=8764.0
    - Test split: 720 steps
    - Prediction length: 168
    - Windows: 4
TIME run allocation action=new run=/fslarge/scratch/users/h61084/codes/evaluating_tsfms/outputs/context_size/tasks/chronos_bolt/context_length/128/univariate/NE_China_Wind/H/long/run_0 launch_id=selena_context_size_20260920T193931Z_45055 slurm_job_id=3506737 launched_at=2026-09-20T19:44:52.461694+00:00
  Preparing input batches from Test split data...
    Total instances to forecast: 16
  Running predictions (Batch size: 16)...
    Total instances: 16, Series during experiment: 4, Windows: 4
    Collecting ground truth and context...
    Detected to_univariate case: 4 flat series -> 1 series x 4 variates
    Organizing data into arrays...
    Saved predictions (quantiles) to /fslarge/scratch/users/h61084/codes/evaluating_tsfms/outputs/context_size/tasks/chronos_bolt/context_length/128/univariate/NE_China_Wind/H/long/run_0/predictions.npz
    Computing per-window metrics...
    Saved metrics to /fslarge/scratch/users/h61084/codes/evaluating_tsfms/outputs/context_size/tasks/chronos_bolt/context_length/128/univariate/NE_China_Wind/H/long/run_0/metrics.npz
    Saved config to /fslarge/scratch/users/h61084/codes/evaluating_tsfms/outputs/context_size/tasks/chronos_bolt/context_length/128/univariate/NE_China_Wind/H/long/run_0/config.json
    Saved aggregate metrics to /fslarge/scratch/users/h61084/codes/evaluating_tsfms/outputs/context_size/tasks/chronos_bolt/context_length/128/univariate/NE_China_Wind/H/long/run_0/metrics_summary.json
    Metrics summary (averaged over all series/windows/variates):
      MSE: 0.3694
      MAE: 0.4584
      RMSE: 0.5606
      MAPE: 1.4801
      sMAPE: 0.7544
      MASE: 1.2520
      ND: 0.6457
      CRPS: 0.5203
  Output: /fslarge/scratch/users/h61084/codes/evaluating_tsfms/outputs/context_size/tasks/chronos_bolt/context_length/128/univariate/NE_China_Wind/H/long/run_0

============================================================
All experiments completed!
Results saved to: /scratch/users/h61084/codes/evaluating_tsfms/outputs/context_size/tasks
============================================================

############################################################
# All datasets completed!
############################################################

############################################################
# Dataset 1/1: Australia_Solar/H
############################################################
Loading configuration...

============================================================
Dataset: Australia_Solar/H
Model: amazon/chronos-bolt-base
Terms: ['short', 'medium', 'long']
Instance normalization: none
============================================================
Loading Chronos-Bolt model: amazon/chronos-bolt-base from /fslarge/scratch/users/h61084/weights/chronos-bolt-base...
[2026-09-20 19:45:00 UTC] resources model_device {"device": "cuda", "model": "chronos_bolt"}

--- Term: short ---
  Config: prediction_length=24, test_length=2520, val_length=2520
  Dataset info:
    - Frequency: H
    - Num series: 1
    - Target dim: 3
    - Target mode: univariate
    - Series length: min=35064, max=35064, avg=35064.0
    - Test split: 2520 steps
    - Prediction length: 24
    - Windows: 105
TIME run allocation action=new run=/fslarge/scratch/users/h61084/codes/evaluating_tsfms/outputs/context_size/tasks/chronos_bolt/context_length/128/univariate/Australia_Solar/H/short/run_0 launch_id=selena_context_size_20260920T193931Z_45055 slurm_job_id=3506737 launched_at=2026-09-20T19:45:01.643453+00:00
  Preparing input batches from Test split data...
    Total instances to forecast: 315
  Running predictions (Batch size: 16)...
    Processed 160/315...
    Processed 315/315...
    Total instances: 315, Series during experiment: 3, Windows: 105
    Collecting ground truth and context...
    Detected to_univariate case: 3 flat series -> 1 series x 3 variates
    Organizing data into arrays...
    ⚠️  Predictions max value (2930387.75) exceeds float16 safe range.
    ⚠️  Applying scale factor: 100 (values will be divided)
    Saved predictions (quantiles) to /fslarge/scratch/users/h61084/codes/evaluating_tsfms/outputs/context_size/tasks/chronos_bolt/context_length/128/univariate/Australia_Solar/H/short/run_0/predictions.npz
    Computing per-window metrics...
    Saved metrics to /fslarge/scratch/users/h61084/codes/evaluating_tsfms/outputs/context_size/tasks/chronos_bolt/context_length/128/univariate/Australia_Solar/H/short/run_0/metrics.npz
    Saved config to /fslarge/scratch/users/h61084/codes/evaluating_tsfms/outputs/context_size/tasks/chronos_bolt/context_length/128/univariate/Australia_Solar/H/short/run_0/config.json
    Saved aggregate metrics to /fslarge/scratch/users/h61084/codes/evaluating_tsfms/outputs/context_size/tasks/chronos_bolt/context_length/128/univariate/Australia_Solar/H/short/run_0/metrics_summary.json
    Metrics summary (averaged over all series/windows/variates):
      MSE: 31334165550.7350
      MAE: 89005.6884
      RMSE: 115649.6718
      MAPE: 237.9837
      sMAPE: 0.5912
      MASE: 1.1994
      ND: 0.3521
      CRPS: 0.2924
  Output: /fslarge/scratch/users/h61084/codes/evaluating_tsfms/outputs/context_size/tasks/chronos_bolt/context_length/128/univariate/Australia_Solar/H/short/run_0

--- Term: medium ---
  Config: prediction_length=72, test_length=2520, val_length=2520
  Dataset info:
    - Frequency: H
    - Num series: 1
    - Target dim: 3
    - Target mode: univariate
    - Series length: min=35064, max=35064, avg=35064.0
    - Test split: 2520 steps
    - Prediction length: 72
    - Windows: 35
TIME run allocation action=new run=/fslarge/scratch/users/h61084/codes/evaluating_tsfms/outputs/context_size/tasks/chronos_bolt/context_length/128/univariate/Australia_Solar/H/medium/run_0 launch_id=selena_context_size_20260920T193931Z_45055 slurm_job_id=3506737 launched_at=2026-09-20T19:45:02.334147+00:00
  Preparing input batches from Test split data...
    Total instances to forecast: 105
  Running predictions (Batch size: 16)...
    Total instances: 105, Series during experiment: 3, Windows: 35
    Collecting ground truth and context...
    Detected to_univariate case: 3 flat series -> 1 series x 3 variates
    Organizing data into arrays...
    ⚠️  Predictions max value (3386074.25) exceeds float16 safe range.
    ⚠️  Applying scale factor: 100 (values will be divided)
    Saved predictions (quantiles) to /fslarge/scratch/users/h61084/codes/evaluating_tsfms/outputs/context_size/tasks/chronos_bolt/context_length/128/univariate/Australia_Solar/H/medium/run_0/predictions.npz
    Computing per-window metrics...
    Saved metrics to /fslarge/scratch/users/h61084/codes/evaluating_tsfms/outputs/context_size/tasks/chronos_bolt/context_length/128/univariate/Australia_Solar/H/medium/run_0/metrics.npz
    Saved config to /fslarge/scratch/users/h61084/codes/evaluating_tsfms/outputs/context_size/tasks/chronos_bolt/context_length/128/univariate/Australia_Solar/H/medium/run_0/config.json
    Saved aggregate metrics to /fslarge/scratch/users/h61084/codes/evaluating_tsfms/outputs/context_size/tasks/chronos_bolt/context_length/128/univariate/Australia_Solar/H/medium/run_0/metrics_summary.json
    Metrics summary (averaged over all series/windows/variates):
      MSE: 35678802957.5853
      MAE: 95975.2480
      RMSE: 135661.6788
      MAPE: 202.9220
      sMAPE: 0.5992
      MASE: 1.3102
      ND: 0.3222
      CRPS: 0.2657
  Output: /fslarge/scratch/users/h61084/codes/evaluating_tsfms/outputs/context_size/tasks/chronos_bolt/context_length/128/univariate/Australia_Solar/H/medium/run_0

--- Term: long ---
  Config: prediction_length=168, test_length=2520, val_length=2520
  Dataset info:
    - Frequency: H
    - Num series: 1
    - Target dim: 3
    - Target mode: univariate
    - Series length: min=35064, max=35064, avg=35064.0
    - Test split: 2520 steps
    - Prediction length: 168
    - Windows: 15
TIME run allocation action=new run=/fslarge/scratch/users/h61084/codes/evaluating_tsfms/outputs/context_size/tasks/chronos_bolt/context_length/128/univariate/Australia_Solar/H/long/run_0 launch_id=selena_context_size_20260920T193931Z_45055 slurm_job_id=3506737 launched_at=2026-09-20T19:45:02.725814+00:00
  Preparing input batches from Test split data...
    Total instances to forecast: 45
  Running predictions (Batch size: 16)...
    Total instances: 45, Series during experiment: 3, Windows: 15
    Collecting ground truth and context...
    Detected to_univariate case: 3 flat series -> 1 series x 3 variates
    Organizing data into arrays...
    ⚠️  Predictions max value (2409937.00) exceeds float16 safe range.
    ⚠️  Applying scale factor: 100 (values will be divided)
    Saved predictions (quantiles) to /fslarge/scratch/users/h61084/codes/evaluating_tsfms/outputs/context_size/tasks/chronos_bolt/context_length/128/univariate/Australia_Solar/H/long/run_0/predictions.npz
    Computing per-window metrics...
    Saved metrics to /fslarge/scratch/users/h61084/codes/evaluating_tsfms/outputs/context_size/tasks/chronos_bolt/context_length/128/univariate/Australia_Solar/H/long/run_0/metrics.npz
    Saved config to /fslarge/scratch/users/h61084/codes/evaluating_tsfms/outputs/context_size/tasks/chronos_bolt/context_length/128/univariate/Australia_Solar/H/long/run_0/config.json
    Saved aggregate metrics to /fslarge/scratch/users/h61084/codes/evaluating_tsfms/outputs/context_size/tasks/chronos_bolt/context_length/128/univariate/Australia_Solar/H/long/run_0/metrics_summary.json
    Metrics summary (averaged over all series/windows/variates):
      MSE: 27558658486.4488
      MAE: 86782.7334
      RMSE: 133989.6358
      MAPE: 187.1180
      sMAPE: 0.6105
      MASE: 1.3002
      ND: 0.2998
      CRPS: 0.2522
  Output: /fslarge/scratch/users/h61084/codes/evaluating_tsfms/outputs/context_size/tasks/chronos_bolt/context_length/128/univariate/Australia_Solar/H/long/run_0

============================================================
All experiments completed!
Results saved to: /scratch/users/h61084/codes/evaluating_tsfms/outputs/context_size/tasks
============================================================

############################################################
# All datasets completed!
############################################################

############################################################
# Dataset 1/1: epf_electricity_price/H
############################################################
Loading configuration...

============================================================
Dataset: epf_electricity_price/H
Model: amazon/chronos-bolt-base
Terms: ['short', 'medium', 'long']
Instance normalization: none
============================================================
Loading Chronos-Bolt model: amazon/chronos-bolt-base from /fslarge/scratch/users/h61084/weights/chronos-bolt-base...
[2026-09-20 19:45:11 UTC] resources model_device {"device": "cuda", "model": "chronos_bolt"}

--- Term: short ---
  Config: prediction_length=24, test_length=2520, val_length=2520
  Dataset info:
    - Frequency: H
    - Num series: 5
    - Target dim: 1
    - Target mode: univariate
    - Series length: min=52416, max=52416, avg=52416.0
    - Test split: 2520 steps
    - Prediction length: 24
    - Windows: 105
TIME run allocation action=new run=/fslarge/scratch/users/h61084/codes/evaluating_tsfms/outputs/context_size/tasks/chronos_bolt/context_length/128/univariate/epf_electricity_price/H/short/run_0 launch_id=selena_context_size_20260920T193931Z_45055 slurm_job_id=3506737 launched_at=2026-09-20T19:45:12.136949+00:00
  Preparing input batches from Test split data...
    Total instances to forecast: 525
  Running predictions (Batch size: 16)...
    Processed 160/525...
    Processed 320/525...
    Processed 480/525...
    Total instances: 525, Series during experiment: 5, Windows: 105
    Collecting ground truth and context...
    Organizing data into arrays...
    Saved predictions (quantiles) to /fslarge/scratch/users/h61084/codes/evaluating_tsfms/outputs/context_size/tasks/chronos_bolt/context_length/128/univariate/epf_electricity_price/H/short/run_0/predictions.npz
    Computing per-window metrics...
    Saved metrics to /fslarge/scratch/users/h61084/codes/evaluating_tsfms/outputs/context_size/tasks/chronos_bolt/context_length/128/univariate/epf_electricity_price/H/short/run_0/metrics.npz
    Saved config to /fslarge/scratch/users/h61084/codes/evaluating_tsfms/outputs/context_size/tasks/chronos_bolt/context_length/128/univariate/epf_electricity_price/H/short/run_0/config.json
    Saved aggregate metrics to /fslarge/scratch/users/h61084/codes/evaluating_tsfms/outputs/context_size/tasks/chronos_bolt/context_length/128/univariate/epf_electricity_price/H/short/run_0/metrics_summary.json
    Metrics summary (averaged over all series/windows/variates):
      MSE: 173.0204
      MAE: 7.5154
      RMSE: 9.3019
      MAPE: 1.5116
      sMAPE: 0.1852
      MASE: 1.1545
      ND: 0.1958
      CRPS: 0.1583
  Output: /fslarge/scratch/users/h61084/codes/evaluating_tsfms/outputs/context_size/tasks/chronos_bolt/context_length/128/univariate/epf_electricity_price/H/short/run_0

--- Term: medium ---
  Config: prediction_length=72, test_length=2520, val_length=2520
  Dataset info:
    - Frequency: H
    - Num series: 5
    - Target dim: 1
    - Target mode: univariate
    - Series length: min=52416, max=52416, avg=52416.0
    - Test split: 2520 steps
    - Prediction length: 72
    - Windows: 35
TIME run allocation action=new run=/fslarge/scratch/users/h61084/codes/evaluating_tsfms/outputs/context_size/tasks/chronos_bolt/context_length/128/univariate/epf_electricity_price/H/medium/run_0 launch_id=selena_context_size_20260920T193931Z_45055 slurm_job_id=3506737 launched_at=2026-09-20T19:45:13.232643+00:00
  Preparing input batches from Test split data...
    Total instances to forecast: 175
  Running predictions (Batch size: 16)...
    Processed 160/175...
    Total instances: 175, Series during experiment: 5, Windows: 35
    Collecting ground truth and context...
    Organizing data into arrays...
    Saved predictions (quantiles) to /fslarge/scratch/users/h61084/codes/evaluating_tsfms/outputs/context_size/tasks/chronos_bolt/context_length/128/univariate/epf_electricity_price/H/medium/run_0/predictions.npz
    Computing per-window metrics...
    Saved metrics to /fslarge/scratch/users/h61084/codes/evaluating_tsfms/outputs/context_size/tasks/chronos_bolt/context_length/128/univariate/epf_electricity_price/H/medium/run_0/metrics.npz
    Saved config to /fslarge/scratch/users/h61084/codes/evaluating_tsfms/outputs/context_size/tasks/chronos_bolt/context_length/128/univariate/epf_electricity_price/H/medium/run_0/config.json
    Saved aggregate metrics to /fslarge/scratch/users/h61084/codes/evaluating_tsfms/outputs/context_size/tasks/chronos_bolt/context_length/128/univariate/epf_electricity_price/H/medium/run_0/metrics_summary.json
    Metrics summary (averaged over all series/windows/variates):
      MSE: 253.4009
      MAE: 9.2788
      RMSE: 11.8884
      MAPE: 2.0109
      sMAPE: 0.2254
      MASE: 1.4336
      ND: 0.2279
      CRPS: 0.1865
  Output: /fslarge/scratch/users/h61084/codes/evaluating_tsfms/outputs/context_size/tasks/chronos_bolt/context_length/128/univariate/epf_electricity_price/H/medium/run_0

--- Term: long ---
  Config: prediction_length=168, test_length=2520, val_length=2520
  Dataset info:
    - Frequency: H
    - Num series: 5
    - Target dim: 1
    - Target mode: univariate
    - Series length: min=52416, max=52416, avg=52416.0
    - Test split: 2520 steps
    - Prediction length: 168
    - Windows: 15
TIME run allocation action=new run=/fslarge/scratch/users/h61084/codes/evaluating_tsfms/outputs/context_size/tasks/chronos_bolt/context_length/128/univariate/epf_electricity_price/H/long/run_0 launch_id=selena_context_size_20260920T193931Z_45055 slurm_job_id=3506737 launched_at=2026-09-20T19:45:13.814832+00:00
  Preparing input batches from Test split data...
    Total instances to forecast: 75
  Running predictions (Batch size: 16)...
    Total instances: 75, Series during experiment: 5, Windows: 15
    Collecting ground truth and context...
    Organizing data into arrays...
    Saved predictions (quantiles) to /fslarge/scratch/users/h61084/codes/evaluating_tsfms/outputs/context_size/tasks/chronos_bolt/context_length/128/univariate/epf_electricity_price/H/long/run_0/predictions.npz
    Computing per-window metrics...
    Saved metrics to /fslarge/scratch/users/h61084/codes/evaluating_tsfms/outputs/context_size/tasks/chronos_bolt/context_length/128/univariate/epf_electricity_price/H/long/run_0/metrics.npz
    Saved config to /fslarge/scratch/users/h61084/codes/evaluating_tsfms/outputs/context_size/tasks/chronos_bolt/context_length/128/univariate/epf_electricity_price/H/long/run_0/config.json
    Saved aggregate metrics to /fslarge/scratch/users/h61084/codes/evaluating_tsfms/outputs/context_size/tasks/chronos_bolt/context_length/128/univariate/epf_electricity_price/H/long/run_0/metrics_summary.json
    Metrics summary (averaged over all series/windows/variates):
      MSE: 290.3372
      MAE: 10.0775
      RMSE: 13.6422
      MAPE: 1.9827
      sMAPE: 0.2464
      MASE: 1.6200
      ND: 0.2354
      CRPS: 0.1937
  Output: /fslarge/scratch/users/h61084/codes/evaluating_tsfms/outputs/context_size/tasks/chronos_bolt/context_length/128/univariate/epf_electricity_price/H/long/run_0

============================================================
All experiments completed!
Results saved to: /scratch/users/h61084/codes/evaluating_tsfms/outputs/context_size/tasks
============================================================

############################################################
# All datasets completed!
############################################################

############################################################
# Dataset 1/1: OpenElectricity_NEM/5T
############################################################
Loading configuration...

============================================================
Dataset: OpenElectricity_NEM/5T
Model: amazon/chronos-bolt-base
Terms: ['short', 'medium', 'long']
Instance normalization: none
============================================================
Loading Chronos-Bolt model: amazon/chronos-bolt-base from /fslarge/scratch/users/h61084/weights/chronos-bolt-base...
[2026-09-20 19:45:22 UTC] resources model_device {"device": "cuda", "model": "chronos_bolt"}

--- Term: short ---
  Config: prediction_length=24, test_length=4032, val_length=4032
  Dataset info:
    - Frequency: 5T
    - Num series: 1
    - Target dim: 10
    - Target mode: univariate
    - Series length: min=43488, max=43488, avg=43488.0
    - Test split: 4032 steps
    - Prediction length: 24
    - Windows: 168
TIME run allocation action=new run=/fslarge/scratch/users/h61084/codes/evaluating_tsfms/outputs/context_size/tasks/chronos_bolt/context_length/128/univariate/OpenElectricity_NEM/5T/short/run_0 launch_id=selena_context_size_20260920T193931Z_45055 slurm_job_id=3506737 launched_at=2026-09-20T19:45:23.559030+00:00
  Preparing input batches from Test split data...
    Total instances to forecast: 1680
  Running predictions (Batch size: 16)...
    Processed 160/1680...
    Processed 320/1680...
    Processed 480/1680...
    Processed 640/1680...
    Processed 800/1680...
    Processed 960/1680...
    Processed 1120/1680...
    Processed 1280/1680...
    Processed 1440/1680...
    Processed 1600/1680...
    Total instances: 1680, Series during experiment: 10, Windows: 168
    Collecting ground truth and context...
    Detected to_univariate case: 10 flat series -> 1 series x 10 variates
    Organizing data into arrays...
    Saved predictions (quantiles) to /fslarge/scratch/users/h61084/codes/evaluating_tsfms/outputs/context_size/tasks/chronos_bolt/context_length/128/univariate/OpenElectricity_NEM/5T/short/run_0/predictions.npz
    Computing per-window metrics...
    Saved metrics to /fslarge/scratch/users/h61084/codes/evaluating_tsfms/outputs/context_size/tasks/chronos_bolt/context_length/128/univariate/OpenElectricity_NEM/5T/short/run_0/metrics.npz
    Saved config to /fslarge/scratch/users/h61084/codes/evaluating_tsfms/outputs/context_size/tasks/chronos_bolt/context_length/128/univariate/OpenElectricity_NEM/5T/short/run_0/config.json
    Saved aggregate metrics to /fslarge/scratch/users/h61084/codes/evaluating_tsfms/outputs/context_size/tasks/chronos_bolt/context_length/128/univariate/OpenElectricity_NEM/5T/short/run_0/metrics_summary.json
    Metrics summary (averaged over all series/windows/variates):
      MSE: 53173.0462
      MAE: 113.9353
      RMSE: 134.4598
      MAPE: 5.1362
      sMAPE: 0.2142
      MASE: 0.6834
      ND: 0.2090
      CRPS: 0.1758
  Output: /fslarge/scratch/users/h61084/codes/evaluating_tsfms/outputs/context_size/tasks/chronos_bolt/context_length/128/univariate/OpenElectricity_NEM/5T/short/run_0

--- Term: medium ---
  Config: prediction_length=96, test_length=4032, val_length=4032
  Dataset info:
    - Frequency: 5T
    - Num series: 1
    - Target dim: 10
    - Target mode: univariate
    - Series length: min=43488, max=43488, avg=43488.0
    - Test split: 4032 steps
    - Prediction length: 96
    - Windows: 42
TIME run allocation action=new run=/fslarge/scratch/users/h61084/codes/evaluating_tsfms/outputs/context_size/tasks/chronos_bolt/context_length/128/univariate/OpenElectricity_NEM/5T/medium/run_0 launch_id=selena_context_size_20260920T193931Z_45055 slurm_job_id=3506737 launched_at=2026-09-20T19:45:26.125583+00:00
  Preparing input batches from Test split data...
    Total instances to forecast: 420
  Running predictions (Batch size: 16)...
    Processed 160/420...
    Processed 320/420...
    Total instances: 420, Series during experiment: 10, Windows: 42
    Collecting ground truth and context...
    Detected to_univariate case: 10 flat series -> 1 series x 10 variates
    Organizing data into arrays...
    Saved predictions (quantiles) to /fslarge/scratch/users/h61084/codes/evaluating_tsfms/outputs/context_size/tasks/chronos_bolt/context_length/128/univariate/OpenElectricity_NEM/5T/medium/run_0/predictions.npz
    Computing per-window metrics...
    Saved metrics to /fslarge/scratch/users/h61084/codes/evaluating_tsfms/outputs/context_size/tasks/chronos_bolt/context_length/128/univariate/OpenElectricity_NEM/5T/medium/run_0/metrics.npz
    Saved config to /fslarge/scratch/users/h61084/codes/evaluating_tsfms/outputs/context_size/tasks/chronos_bolt/context_length/128/univariate/OpenElectricity_NEM/5T/medium/run_0/config.json
    Saved aggregate metrics to /fslarge/scratch/users/h61084/codes/evaluating_tsfms/outputs/context_size/tasks/chronos_bolt/context_length/128/univariate/OpenElectricity_NEM/5T/medium/run_0/metrics_summary.json
    Metrics summary (averaged over all series/windows/variates):
      MSE: 422578.8658
      MAE: 310.8412
      RMSE: 386.1498
      MAPE: 6.5790
      sMAPE: 0.3368
      MASE: 1.4801
      ND: 0.3325
      CRPS: 0.2722
  Output: /fslarge/scratch/users/h61084/codes/evaluating_tsfms/outputs/context_size/tasks/chronos_bolt/context_length/128/univariate/OpenElectricity_NEM/5T/medium/run_0

--- Term: long ---
  Config: prediction_length=288, test_length=4032, val_length=4032
  Dataset info:
    - Frequency: 5T
    - Num series: 1
    - Target dim: 10
    - Target mode: univariate
    - Series length: min=43488, max=43488, avg=43488.0
    - Test split: 4032 steps
    - Prediction length: 288
    - Windows: 14
TIME run allocation action=new run=/fslarge/scratch/users/h61084/codes/evaluating_tsfms/outputs/context_size/tasks/chronos_bolt/context_length/128/univariate/OpenElectricity_NEM/5T/long/run_0 launch_id=selena_context_size_20260920T193931Z_45055 slurm_job_id=3506737 launched_at=2026-09-20T19:45:27.515929+00:00
  Preparing input batches from Test split data...
    Total instances to forecast: 140
  Running predictions (Batch size: 16)...
    Total instances: 140, Series during experiment: 10, Windows: 14
    Collecting ground truth and context...
    Detected to_univariate case: 10 flat series -> 1 series x 10 variates
    Organizing data into arrays...
    Saved predictions (quantiles) to /fslarge/scratch/users/h61084/codes/evaluating_tsfms/outputs/context_size/tasks/chronos_bolt/context_length/128/univariate/OpenElectricity_NEM/5T/long/run_0/predictions.npz
    Computing per-window metrics...
    Saved metrics to /fslarge/scratch/users/h61084/codes/evaluating_tsfms/outputs/context_size/tasks/chronos_bolt/context_length/128/univariate/OpenElectricity_NEM/5T/long/run_0/metrics.npz
    Saved config to /fslarge/scratch/users/h61084/codes/evaluating_tsfms/outputs/context_size/tasks/chronos_bolt/context_length/128/univariate/OpenElectricity_NEM/5T/long/run_0/config.json
    Saved aggregate metrics to /fslarge/scratch/users/h61084/codes/evaluating_tsfms/outputs/context_size/tasks/chronos_bolt/context_length/128/univariate/OpenElectricity_NEM/5T/long/run_0/metrics_summary.json
    Metrics summary (averaged over all series/windows/variates):
      MSE: 430968.7485
      MAE: 325.9755
      RMSE: 427.0693
      MAPE: 6.5620
      sMAPE: 0.4114
      MASE: 1.5684
      ND: 0.3515
      CRPS: 0.2954
  Output: /fslarge/scratch/users/h61084/codes/evaluating_tsfms/outputs/context_size/tasks/chronos_bolt/context_length/128/univariate/OpenElectricity_NEM/5T/long/run_0

============================================================
All experiments completed!
Results saved to: /scratch/users/h61084/codes/evaluating_tsfms/outputs/context_size/tasks
============================================================

############################################################
# All datasets completed!
############################################################

############################################################
# Dataset 1/1: EWELD_Load/15T
############################################################
Loading configuration...

============================================================
Dataset: EWELD_Load/15T
Model: amazon/chronos-bolt-base
Terms: ['short', 'medium', 'long']
Instance normalization: none
============================================================
Loading Chronos-Bolt model: amazon/chronos-bolt-base from /fslarge/scratch/users/h61084/weights/chronos-bolt-base...
[2026-09-20 19:45:37 UTC] resources model_device {"device": "cuda", "model": "chronos_bolt"}

--- Term: short ---
  Config: prediction_length=24, test_length=1344, val_length=1344
  Dataset info:
    - Frequency: 15T
    - Num series: 1
    - Target dim: 10
    - Target mode: univariate
    - Series length: min=20544, max=20544, avg=20544.0
    - Test split: 1344 steps
    - Prediction length: 24
    - Windows: 56
TIME run allocation action=new run=/fslarge/scratch/users/h61084/codes/evaluating_tsfms/outputs/context_size/tasks/chronos_bolt/context_length/128/univariate/EWELD_Load/15T/short/run_0 launch_id=selena_context_size_20260920T193931Z_45055 slurm_job_id=3506737 launched_at=2026-09-20T19:45:38.028102+00:00
  Preparing input batches from Test split data...
    Total instances to forecast: 560
  Running predictions (Batch size: 16)...
    Processed 160/560...
    Processed 320/560...
    Processed 480/560...
    Total instances: 560, Series during experiment: 10, Windows: 56
    Collecting ground truth and context...
    Detected to_univariate case: 10 flat series -> 1 series x 10 variates
    Organizing data into arrays...
    Saved predictions (quantiles) to /fslarge/scratch/users/h61084/codes/evaluating_tsfms/outputs/context_size/tasks/chronos_bolt/context_length/128/univariate/EWELD_Load/15T/short/run_0/predictions.npz
    Computing per-window metrics...
    Saved metrics to /fslarge/scratch/users/h61084/codes/evaluating_tsfms/outputs/context_size/tasks/chronos_bolt/context_length/128/univariate/EWELD_Load/15T/short/run_0/metrics.npz
    Saved config to /fslarge/scratch/users/h61084/codes/evaluating_tsfms/outputs/context_size/tasks/chronos_bolt/context_length/128/univariate/EWELD_Load/15T/short/run_0/config.json
    Saved aggregate metrics to /fslarge/scratch/users/h61084/codes/evaluating_tsfms/outputs/context_size/tasks/chronos_bolt/context_length/128/univariate/EWELD_Load/15T/short/run_0/metrics_summary.json
    Metrics summary (averaged over all series/windows/variates):
      MSE: 1584.8986
      MAE: 16.8833
      RMSE: 20.4421
      MAPE: 1.0736
      sMAPE: 0.4148
      MASE: 0.8867
      ND: 1.0356
      CRPS: 1.0002
  Output: /fslarge/scratch/users/h61084/codes/evaluating_tsfms/outputs/context_size/tasks/chronos_bolt/context_length/128/univariate/EWELD_Load/15T/short/run_0

--- Term: medium ---
  Config: prediction_length=96, test_length=1344, val_length=1344
  Dataset info:
    - Frequency: 15T
    - Num series: 1
    - Target dim: 10
    - Target mode: univariate
    - Series length: min=20544, max=20544, avg=20544.0
    - Test split: 1344 steps
    - Prediction length: 96
    - Windows: 14
TIME run allocation action=new run=/fslarge/scratch/users/h61084/codes/evaluating_tsfms/outputs/context_size/tasks/chronos_bolt/context_length/128/univariate/EWELD_Load/15T/medium/run_0 launch_id=selena_context_size_20260920T193931Z_45055 slurm_job_id=3506737 launched_at=2026-09-20T19:45:39.015591+00:00
  Preparing input batches from Test split data...
    Total instances to forecast: 140
  Running predictions (Batch size: 16)...
    Total instances: 140, Series during experiment: 10, Windows: 14
    Collecting ground truth and context...
    Detected to_univariate case: 10 flat series -> 1 series x 10 variates
    Organizing data into arrays...
    Saved predictions (quantiles) to /fslarge/scratch/users/h61084/codes/evaluating_tsfms/outputs/context_size/tasks/chronos_bolt/context_length/128/univariate/EWELD_Load/15T/medium/run_0/predictions.npz
    Computing per-window metrics...
    Saved metrics to /fslarge/scratch/users/h61084/codes/evaluating_tsfms/outputs/context_size/tasks/chronos_bolt/context_length/128/univariate/EWELD_Load/15T/medium/run_0/metrics.npz
    Saved config to /fslarge/scratch/users/h61084/codes/evaluating_tsfms/outputs/context_size/tasks/chronos_bolt/context_length/128/univariate/EWELD_Load/15T/medium/run_0/config.json
    Saved aggregate metrics to /fslarge/scratch/users/h61084/codes/evaluating_tsfms/outputs/context_size/tasks/chronos_bolt/context_length/128/univariate/EWELD_Load/15T/medium/run_0/metrics_summary.json
    Metrics summary (averaged over all series/windows/variates):
      MSE: 1742.5894
      MAE: 18.4980
      RMSE: 23.7470
      MAPE: 1.0257
      sMAPE: 0.4568
      MASE: 0.9941
      ND: 0.3562
      CRPS: 0.2828
  Output: /fslarge/scratch/users/h61084/codes/evaluating_tsfms/outputs/context_size/tasks/chronos_bolt/context_length/128/univariate/EWELD_Load/15T/medium/run_0

--- Term: long ---
  Config: prediction_length=672, test_length=1344, val_length=1344
  Dataset info:
    - Frequency: 15T
    - Num series: 1
    - Target dim: 10
    - Target mode: univariate
    - Series length: min=20544, max=20544, avg=20544.0
    - Test split: 1344 steps
    - Prediction length: 672
    - Windows: 2
TIME run allocation action=new run=/fslarge/scratch/users/h61084/codes/evaluating_tsfms/outputs/context_size/tasks/chronos_bolt/context_length/128/univariate/EWELD_Load/15T/long/run_0 launch_id=selena_context_size_20260920T193931Z_45055 slurm_job_id=3506737 launched_at=2026-09-20T19:45:39.514320+00:00
  Preparing input batches from Test split data...
    Total instances to forecast: 20
  Running predictions (Batch size: 16)...
    Total instances: 20, Series during experiment: 10, Windows: 2
    Collecting ground truth and context...
    Detected to_univariate case: 10 flat series -> 1 series x 10 variates
    Organizing data into arrays...
    Saved predictions (quantiles) to /fslarge/scratch/users/h61084/codes/evaluating_tsfms/outputs/context_size/tasks/chronos_bolt/context_length/128/univariate/EWELD_Load/15T/long/run_0/predictions.npz
    Computing per-window metrics...
    Saved metrics to /fslarge/scratch/users/h61084/codes/evaluating_tsfms/outputs/context_size/tasks/chronos_bolt/context_length/128/univariate/EWELD_Load/15T/long/run_0/metrics.npz
    Saved config to /fslarge/scratch/users/h61084/codes/evaluating_tsfms/outputs/context_size/tasks/chronos_bolt/context_length/128/univariate/EWELD_Load/15T/long/run_0/config.json
    Saved aggregate metrics to /fslarge/scratch/users/h61084/codes/evaluating_tsfms/outputs/context_size/tasks/chronos_bolt/context_length/128/univariate/EWELD_Load/15T/long/run_0/metrics_summary.json
    Metrics summary (averaged over all series/windows/variates):
      MSE: 1666.3630
      MAE: 18.6013
      RMSE: 24.2985
      MAPE: 1.1553
      sMAPE: 0.4671
      MASE: 1.0676
      ND: 0.3490
      CRPS: 0.2957
  Output: /fslarge/scratch/users/h61084/codes/evaluating_tsfms/outputs/context_size/tasks/chronos_bolt/context_length/128/univariate/EWELD_Load/15T/long/run_0

============================================================
All experiments completed!
Results saved to: /scratch/users/h61084/codes/evaluating_tsfms/outputs/context_size/tasks
============================================================

############################################################
# All datasets completed!
############################################################

############################################################
# Dataset 1/1: SG_Carpark/15T
############################################################
Loading configuration...

============================================================
Dataset: SG_Carpark/15T
Model: amazon/chronos-bolt-base
Terms: ['short', 'medium', 'long']
Instance normalization: none
============================================================
Loading Chronos-Bolt model: amazon/chronos-bolt-base from /fslarge/scratch/users/h61084/weights/chronos-bolt-base...
[2026-09-20 19:45:48 UTC] resources model_device {"device": "cuda", "model": "chronos_bolt"}

--- Term: short ---
  Config: prediction_length=16, test_length=672, val_length=672
  Dataset info:
    - Frequency: 15T
    - Num series: 354
    - Target dim: 1
    - Target mode: univariate
    - Series length: min=14495, max=14495, avg=14495.0
    - Test split: 672 steps
    - Prediction length: 16
    - Windows: 42
TIME run allocation action=new run=/fslarge/scratch/users/h61084/codes/evaluating_tsfms/outputs/context_size/tasks/chronos_bolt/context_length/128/univariate/SG_Carpark/15T/short/run_0 launch_id=selena_context_size_20260920T193931Z_45055 slurm_job_id=3506737 launched_at=2026-09-20T19:45:49.281453+00:00
  Preparing input batches from Test split data...
    Total instances to forecast: 14868
  Running predictions (Batch size: 16)...
    Processed 160/14868...
    Processed 320/14868...
    Processed 480/14868...
    Processed 640/14868...
    Processed 800/14868...
    Processed 960/14868...
    Processed 1120/14868...
    Processed 1280/14868...
    Processed 1440/14868...
    Processed 1600/14868...
    Processed 1760/14868...
    Processed 1920/14868...
    Processed 2080/14868...
    Processed 2240/14868...
    Processed 2400/14868...
    Processed 2560/14868...
    Processed 2720/14868...
    Processed 2880/14868...
    Processed 3040/14868...
    Processed 3200/14868...
    Processed 3360/14868...
    Processed 3520/14868...
    Processed 3680/14868...
    Processed 3840/14868...
    Processed 4000/14868...
    Processed 4160/14868...
    Processed 4320/14868...
    Processed 4480/14868...
    Processed 4640/14868...
    Processed 4800/14868...
    Processed 4960/14868...
    Processed 5120/14868...
    Processed 5280/14868...
    Processed 5440/14868...
    Processed 5600/14868...
    Processed 5760/14868...
    Processed 5920/14868...
    Processed 6080/14868...
    Processed 6240/14868...
    Processed 6400/14868...
    Processed 6560/14868...
    Processed 6720/14868...
    Processed 6880/14868...
    Processed 7040/14868...
    Processed 7200/14868...
    Processed 7360/14868...
    Processed 7520/14868...
    Processed 7680/14868...
    Processed 7840/14868...
    Processed 8000/14868...
    Processed 8160/14868...
    Processed 8320/14868...
    Processed 8480/14868...
    Processed 8640/14868...
    Processed 8800/14868...
    Processed 8960/14868...
    Processed 9120/14868...
    Processed 9280/14868...
    Processed 9440/14868...
    Processed 9600/14868...
    Processed 9760/14868...
    Processed 9920/14868...
    Processed 10080/14868...
    Processed 10240/14868...
    Processed 10400/14868...
    Processed 10560/14868...
    Processed 10720/14868...
    Processed 10880/14868...
    Processed 11040/14868...
    Processed 11200/14868...
    Processed 11360/14868...
    Processed 11520/14868...
    Processed 11680/14868...
    Processed 11840/14868...
    Processed 12000/14868...
    Processed 12160/14868...
    Processed 12320/14868...
    Processed 12480/14868...
    Processed 12640/14868...
    Processed 12800/14868...
    Processed 12960/14868...
    Processed 13120/14868...
    Processed 13280/14868...
    Processed 13440/14868...
    Processed 13600/14868...
    Processed 13760/14868...
    Processed 13920/14868...
    Processed 14080/14868...
    Processed 14240/14868...
    Processed 14400/14868...
    Processed 14560/14868...
    Processed 14720/14868...
    Processed 14868/14868...
    Total instances: 14868, Series during experiment: 354, Windows: 42
    Collecting ground truth and context...
    Organizing data into arrays...
    Saved predictions (quantiles) to /fslarge/scratch/users/h61084/codes/evaluating_tsfms/outputs/context_size/tasks/chronos_bolt/context_length/128/univariate/SG_Carpark/15T/short/run_0/predictions.npz
    Computing per-window metrics...
    Saved metrics to /fslarge/scratch/users/h61084/codes/evaluating_tsfms/outputs/context_size/tasks/chronos_bolt/context_length/128/univariate/SG_Carpark/15T/short/run_0/metrics.npz
    Saved config to /fslarge/scratch/users/h61084/codes/evaluating_tsfms/outputs/context_size/tasks/chronos_bolt/context_length/128/univariate/SG_Carpark/15T/short/run_0/config.json
    Saved aggregate metrics to /fslarge/scratch/users/h61084/codes/evaluating_tsfms/outputs/context_size/tasks/chronos_bolt/context_length/128/univariate/SG_Carpark/15T/short/run_0/metrics_summary.json
    Metrics summary (averaged over all series/windows/variates):
      MSE: 373.9640
      MAE: 8.8886
      RMSE: 10.8916
      MAPE: 0.0541
      sMAPE: 0.0628
      MASE: 0.6036
      ND: 0.0528
      CRPS: 0.0421
  Output: /fslarge/scratch/users/h61084/codes/evaluating_tsfms/outputs/context_size/tasks/chronos_bolt/context_length/128/univariate/SG_Carpark/15T/short/run_0

--- Term: medium ---
  Config: prediction_length=96, test_length=672, val_length=672
  Dataset info:
    - Frequency: 15T
    - Num series: 354
    - Target dim: 1
    - Target mode: univariate
    - Series length: min=14495, max=14495, avg=14495.0
    - Test split: 672 steps
    - Prediction length: 96
    - Windows: 7
TIME run allocation action=new run=/fslarge/scratch/users/h61084/codes/evaluating_tsfms/outputs/context_size/tasks/chronos_bolt/context_length/128/univariate/SG_Carpark/15T/medium/run_0 launch_id=selena_context_size_20260920T193931Z_45055 slurm_job_id=3506737 launched_at=2026-09-20T19:46:07.864246+00:00
  Preparing input batches from Test split data...
    Total instances to forecast: 2478
  Running predictions (Batch size: 16)...
    Processed 160/2478...
    Processed 320/2478...
    Processed 480/2478...
    Processed 640/2478...
    Processed 800/2478...
    Processed 960/2478...
    Processed 1120/2478...
    Processed 1280/2478...
    Processed 1440/2478...
    Processed 1600/2478...
    Processed 1760/2478...
    Processed 1920/2478...
    Processed 2080/2478...
    Processed 2240/2478...
    Processed 2400/2478...
    Total instances: 2478, Series during experiment: 354, Windows: 7
    Collecting ground truth and context...
    Organizing data into arrays...
    Saved predictions (quantiles) to /fslarge/scratch/users/h61084/codes/evaluating_tsfms/outputs/context_size/tasks/chronos_bolt/context_length/128/univariate/SG_Carpark/15T/medium/run_0/predictions.npz
    Computing per-window metrics...
    Saved metrics to /fslarge/scratch/users/h61084/codes/evaluating_tsfms/outputs/context_size/tasks/chronos_bolt/context_length/128/univariate/SG_Carpark/15T/medium/run_0/metrics.npz
    Saved config to /fslarge/scratch/users/h61084/codes/evaluating_tsfms/outputs/context_size/tasks/chronos_bolt/context_length/128/univariate/SG_Carpark/15T/medium/run_0/config.json
    Saved aggregate metrics to /fslarge/scratch/users/h61084/codes/evaluating_tsfms/outputs/context_size/tasks/chronos_bolt/context_length/128/univariate/SG_Carpark/15T/medium/run_0/metrics_summary.json
    Metrics summary (averaged over all series/windows/variates):
      MSE: 933.6276
      MAE: 15.1967
      RMSE: 19.9495
      MAPE: 0.0915
      sMAPE: 0.0919
      MASE: 1.0036
      ND: 0.0807
      CRPS: 0.0662
  Output: /fslarge/scratch/users/h61084/codes/evaluating_tsfms/outputs/context_size/tasks/chronos_bolt/context_length/128/univariate/SG_Carpark/15T/medium/run_0

--- Term: long ---
  Config: prediction_length=672, test_length=672, val_length=672
  Dataset info:
    - Frequency: 15T
    - Num series: 354
    - Target dim: 1
    - Target mode: univariate
    - Series length: min=14495, max=14495, avg=14495.0
    - Test split: 672 steps
    - Prediction length: 672
    - Windows: 1
TIME run allocation action=new run=/fslarge/scratch/users/h61084/codes/evaluating_tsfms/outputs/context_size/tasks/chronos_bolt/context_length/128/univariate/SG_Carpark/15T/long/run_0 launch_id=selena_context_size_20260920T193931Z_45055 slurm_job_id=3506737 launched_at=2026-09-20T19:46:15.093643+00:00
  Preparing input batches from Test split data...
    Total instances to forecast: 354
  Running predictions (Batch size: 16)...
    Processed 160/354...
    Processed 320/354...
    Total instances: 354, Series during experiment: 354, Windows: 1
    Collecting ground truth and context...
    Organizing data into arrays...
    Saved predictions (quantiles) to /fslarge/scratch/users/h61084/codes/evaluating_tsfms/outputs/context_size/tasks/chronos_bolt/context_length/128/univariate/SG_Carpark/15T/long/run_0/predictions.npz
    Computing per-window metrics...
    Saved metrics to /fslarge/scratch/users/h61084/codes/evaluating_tsfms/outputs/context_size/tasks/chronos_bolt/context_length/128/univariate/SG_Carpark/15T/long/run_0/metrics.npz
    Saved config to /fslarge/scratch/users/h61084/codes/evaluating_tsfms/outputs/context_size/tasks/chronos_bolt/context_length/128/univariate/SG_Carpark/15T/long/run_0/config.json
    Saved aggregate metrics to /fslarge/scratch/users/h61084/codes/evaluating_tsfms/outputs/context_size/tasks/chronos_bolt/context_length/128/univariate/SG_Carpark/15T/long/run_0/metrics_summary.json
    Metrics summary (averaged over all series/windows/variates):
      MSE: 1494.2918
      MAE: 22.3766
      RMSE: 28.7441
      MAPE: 0.1273
      sMAPE: 0.1219
      MASE: 1.4058
      ND: 0.1129
      CRPS: 0.0963
  Output: /fslarge/scratch/users/h61084/codes/evaluating_tsfms/outputs/context_size/tasks/chronos_bolt/context_length/128/univariate/SG_Carpark/15T/long/run_0

============================================================
All experiments completed!
Results saved to: /scratch/users/h61084/codes/evaluating_tsfms/outputs/context_size/tasks
============================================================

############################################################
# All datasets completed!
############################################################

############################################################
# Dataset 1/1: Finland_Traffic/15T
############################################################
Loading configuration...

============================================================
Dataset: Finland_Traffic/15T
Model: amazon/chronos-bolt-base
Terms: ['short', 'medium', 'long']
Instance normalization: none
============================================================
Loading Chronos-Bolt model: amazon/chronos-bolt-base from /fslarge/scratch/users/h61084/weights/chronos-bolt-base...
[2026-09-20 19:46:33 UTC] resources model_device {"device": "cuda", "model": "chronos_bolt"}

--- Term: short ---
  Config: prediction_length=16, test_length=2976, val_length=2880
  Dataset info:
    - Frequency: 15T
    - Num series: 1
    - Target dim: 1
    - Target mode: univariate
    - Series length: min=35136, max=35136, avg=35136.0
    - Test split: 2976 steps
    - Prediction length: 16
    - Windows: 186
TIME run allocation action=new run=/fslarge/scratch/users/h61084/codes/evaluating_tsfms/outputs/context_size/tasks/chronos_bolt/context_length/128/univariate/Finland_Traffic/15T/short/run_0 launch_id=selena_context_size_20260920T193931Z_45055 slurm_job_id=3506737 launched_at=2026-09-20T19:46:33.862700+00:00
  Preparing input batches from Test split data...
    Total instances to forecast: 186
  Running predictions (Batch size: 16)...
    Processed 160/186...
    Total instances: 186, Series during experiment: 1, Windows: 186
    Collecting ground truth and context...
    Organizing data into arrays...
    Saved predictions (quantiles) to /fslarge/scratch/users/h61084/codes/evaluating_tsfms/outputs/context_size/tasks/chronos_bolt/context_length/128/univariate/Finland_Traffic/15T/short/run_0/predictions.npz
    Computing per-window metrics...
    Saved metrics to /fslarge/scratch/users/h61084/codes/evaluating_tsfms/outputs/context_size/tasks/chronos_bolt/context_length/128/univariate/Finland_Traffic/15T/short/run_0/metrics.npz
    Saved config to /fslarge/scratch/users/h61084/codes/evaluating_tsfms/outputs/context_size/tasks/chronos_bolt/context_length/128/univariate/Finland_Traffic/15T/short/run_0/config.json
    Saved aggregate metrics to /fslarge/scratch/users/h61084/codes/evaluating_tsfms/outputs/context_size/tasks/chronos_bolt/context_length/128/univariate/Finland_Traffic/15T/short/run_0/metrics_summary.json
    Metrics summary (averaged over all series/windows/variates):
      MSE: 2247.3771
      MAE: 27.8499
      RMSE: 33.1486
      MAPE: 0.3397
      sMAPE: 0.2928
      MASE: 0.6766
      ND: 0.2992
      CRPS: 0.2462
  Output: /fslarge/scratch/users/h61084/codes/evaluating_tsfms/outputs/context_size/tasks/chronos_bolt/context_length/128/univariate/Finland_Traffic/15T/short/run_0

--- Term: medium ---
  Config: prediction_length=96, test_length=2976, val_length=2880
  Dataset info:
    - Frequency: 15T
    - Num series: 1
    - Target dim: 1
    - Target mode: univariate
    - Series length: min=35136, max=35136, avg=35136.0
    - Test split: 2976 steps
    - Prediction length: 96
    - Windows: 31
TIME run allocation action=new run=/fslarge/scratch/users/h61084/codes/evaluating_tsfms/outputs/context_size/tasks/chronos_bolt/context_length/128/univariate/Finland_Traffic/15T/medium/run_0 launch_id=selena_context_size_20260920T193931Z_45055 slurm_job_id=3506737 launched_at=2026-09-20T19:46:34.536447+00:00
  Preparing input batches from Test split data...
    Total instances to forecast: 31
  Running predictions (Batch size: 16)...
    Total instances: 31, Series during experiment: 1, Windows: 31
    Collecting ground truth and context...
    Organizing data into arrays...
    Saved predictions (quantiles) to /fslarge/scratch/users/h61084/codes/evaluating_tsfms/outputs/context_size/tasks/chronos_bolt/context_length/128/univariate/Finland_Traffic/15T/medium/run_0/predictions.npz
    Computing per-window metrics...
    Saved metrics to /fslarge/scratch/users/h61084/codes/evaluating_tsfms/outputs/context_size/tasks/chronos_bolt/context_length/128/univariate/Finland_Traffic/15T/medium/run_0/metrics.npz
    Saved config to /fslarge/scratch/users/h61084/codes/evaluating_tsfms/outputs/context_size/tasks/chronos_bolt/context_length/128/univariate/Finland_Traffic/15T/medium/run_0/config.json
    Saved aggregate metrics to /fslarge/scratch/users/h61084/codes/evaluating_tsfms/outputs/context_size/tasks/chronos_bolt/context_length/128/univariate/Finland_Traffic/15T/medium/run_0/metrics_summary.json
    Metrics summary (averaged over all series/windows/variates):
      MSE: 2714.6503
      MAE: 33.1171
      RMSE: 46.9473
      MAPE: 0.3877
      sMAPE: 0.3156
      MASE: 0.8043
      ND: 0.2625
      CRPS: 0.2137
  Output: /fslarge/scratch/users/h61084/codes/evaluating_tsfms/outputs/context_size/tasks/chronos_bolt/context_length/128/univariate/Finland_Traffic/15T/medium/run_0

--- Term: long ---
  Config: prediction_length=672, test_length=2976, val_length=2880
  Dataset info:
    - Frequency: 15T
    - Num series: 1
    - Target dim: 1
    - Target mode: univariate
    - Series length: min=35136, max=35136, avg=35136.0
    - Test split: 2976 steps
    - Prediction length: 672
    - Windows: 4
TIME run allocation action=new run=/fslarge/scratch/users/h61084/codes/evaluating_tsfms/outputs/context_size/tasks/chronos_bolt/context_length/128/univariate/Finland_Traffic/15T/long/run_0 launch_id=selena_context_size_20260920T193931Z_45055 slurm_job_id=3506737 launched_at=2026-09-20T19:46:34.688794+00:00
  Preparing input batches from Test split data...
    Total instances to forecast: 4
  Running predictions (Batch size: 16)...
    Total instances: 4, Series during experiment: 1, Windows: 4
    Collecting ground truth and context...
    Organizing data into arrays...
    Saved predictions (quantiles) to /fslarge/scratch/users/h61084/codes/evaluating_tsfms/outputs/context_size/tasks/chronos_bolt/context_length/128/univariate/Finland_Traffic/15T/long/run_0/predictions.npz
    Computing per-window metrics...
    Saved metrics to /fslarge/scratch/users/h61084/codes/evaluating_tsfms/outputs/context_size/tasks/chronos_bolt/context_length/128/univariate/Finland_Traffic/15T/long/run_0/metrics.npz
    Saved config to /fslarge/scratch/users/h61084/codes/evaluating_tsfms/outputs/context_size/tasks/chronos_bolt/context_length/128/univariate/Finland_Traffic/15T/long/run_0/config.json
    Saved aggregate metrics to /fslarge/scratch/users/h61084/codes/evaluating_tsfms/outputs/context_size/tasks/chronos_bolt/context_length/128/univariate/Finland_Traffic/15T/long/run_0/metrics_summary.json
    Metrics summary (averaged over all series/windows/variates):
      MSE: 2853.8081
      MAE: 35.2422
      RMSE: 52.7630
      MAPE: 0.3593
      sMAPE: 0.3303
      MASE: 0.8534
      ND: 0.2678
      CRPS: 0.2281
  Output: /fslarge/scratch/users/h61084/codes/evaluating_tsfms/outputs/context_size/tasks/chronos_bolt/context_length/128/univariate/Finland_Traffic/15T/long/run_0

============================================================
All experiments completed!
Results saved to: /scratch/users/h61084/codes/evaluating_tsfms/outputs/context_size/tasks
============================================================

############################################################
# All datasets completed!
############################################################

############################################################
# Dataset 1/1: Port_Activity/D
############################################################
Loading configuration...

============================================================
Dataset: Port_Activity/D
Model: amazon/chronos-bolt-base
Terms: ['short']
Instance normalization: none
============================================================
Loading Chronos-Bolt model: amazon/chronos-bolt-base from /fslarge/scratch/users/h61084/weights/chronos-bolt-base...
[2026-09-20 19:46:44 UTC] resources model_device {"device": "cuda", "model": "chronos_bolt"}

--- Term: short ---
  Config: prediction_length=30, test_length=365, val_length=90
  Dataset info:
    - Frequency: D
    - Num series: 99
    - Target dim: 2
    - Target mode: univariate
    - Series length: min=2127, max=2127, avg=2127.0
    - Test split: 365 steps
    - Prediction length: 30
    - Windows: 12
TIME run allocation action=new run=/fslarge/scratch/users/h61084/codes/evaluating_tsfms/outputs/context_size/tasks/chronos_bolt/context_length/128/univariate/Port_Activity/D/short/run_0 launch_id=selena_context_size_20260920T193931Z_45055 slurm_job_id=3506737 launched_at=2026-09-20T19:46:45.373743+00:00
  Preparing input batches from Test split data...
    Total instances to forecast: 2376
  Running predictions (Batch size: 16)...
    Processed 160/2376...
    Processed 320/2376...
    Processed 480/2376...
    Processed 640/2376...
    Processed 800/2376...
    Processed 960/2376...
    Processed 1120/2376...
    Processed 1280/2376...
    Processed 1440/2376...
    Processed 1600/2376...
    Processed 1760/2376...
    Processed 1920/2376...
    Processed 2080/2376...
    Processed 2240/2376...
    Total instances: 2376, Series during experiment: 198, Windows: 12
    Collecting ground truth and context...
    Detected to_univariate case: 198 flat series -> 99 series x 2 variates
    Organizing data into arrays...
    ⚠️  Predictions max value (587693.88) exceeds float16 safe range.
    ⚠️  Applying scale factor: 10 (values will be divided)
    Saved predictions (quantiles) to /fslarge/scratch/users/h61084/codes/evaluating_tsfms/outputs/context_size/tasks/chronos_bolt/context_length/128/univariate/Port_Activity/D/short/run_0/predictions.npz
    Computing per-window metrics...
    Saved metrics to /fslarge/scratch/users/h61084/codes/evaluating_tsfms/outputs/context_size/tasks/chronos_bolt/context_length/128/univariate/Port_Activity/D/short/run_0/metrics.npz
    Saved config to /fslarge/scratch/users/h61084/codes/evaluating_tsfms/outputs/context_size/tasks/chronos_bolt/context_length/128/univariate/Port_Activity/D/short/run_0/config.json
    Saved aggregate metrics to /fslarge/scratch/users/h61084/codes/evaluating_tsfms/outputs/context_size/tasks/chronos_bolt/context_length/128/univariate/Port_Activity/D/short/run_0/metrics_summary.json
    Metrics summary (averaged over all series/windows/variates):
      MSE: 969572221.3728
      MAE: 15625.4893
      RMSE: 21419.0910
      MAPE: 2.7624
      sMAPE: 0.9557
      MASE: 0.6696
      ND: 0.7480
      CRPS: 0.5993
  Output: /fslarge/scratch/users/h61084/codes/evaluating_tsfms/outputs/context_size/tasks/chronos_bolt/context_length/128/univariate/Port_Activity/D/short/run_0

============================================================
All experiments completed!
Results saved to: /scratch/users/h61084/codes/evaluating_tsfms/outputs/context_size/tasks
============================================================

############################################################
# All datasets completed!
############################################################

############################################################
# Dataset 1/1: Port_Activity/W
############################################################
Loading configuration...

============================================================
Dataset: Port_Activity/W
Model: amazon/chronos-bolt-base
Terms: ['short']
Instance normalization: none
============================================================
Loading Chronos-Bolt model: amazon/chronos-bolt-base from /fslarge/scratch/users/h61084/weights/chronos-bolt-base...
[2026-09-20 19:46:56 UTC] resources model_device {"device": "cuda", "model": "chronos_bolt"}

--- Term: short ---
  Config: prediction_length=13, test_length=52, val_length=13
  Dataset info:
    - Frequency: W
    - Num series: 99
    - Target dim: 2
    - Target mode: univariate
    - Series length: min=304, max=304, avg=304.0
    - Test split: 52 steps
    - Prediction length: 13
    - Windows: 4
TIME run allocation action=new run=/fslarge/scratch/users/h61084/codes/evaluating_tsfms/outputs/context_size/tasks/chronos_bolt/context_length/128/univariate/Port_Activity/W/short/run_0 launch_id=selena_context_size_20260920T193931Z_45055 slurm_job_id=3506737 launched_at=2026-09-20T19:46:57.558486+00:00
  Preparing input batches from Test split data...
    Total instances to forecast: 792
  Running predictions (Batch size: 16)...
    Processed 160/792...
    Processed 320/792...
    Processed 480/792...
    Processed 640/792...
    Processed 792/792...
    Total instances: 792, Series during experiment: 198, Windows: 4
    Collecting ground truth and context...
    Detected to_univariate case: 198 flat series -> 99 series x 2 variates
    Organizing data into arrays...
    ⚠️  Predictions max value (2982626.00) exceeds float16 safe range.
    ⚠️  Applying scale factor: 100 (values will be divided)
    Saved predictions (quantiles) to /fslarge/scratch/users/h61084/codes/evaluating_tsfms/outputs/context_size/tasks/chronos_bolt/context_length/128/univariate/Port_Activity/W/short/run_0/predictions.npz
    Computing per-window metrics...
    Saved metrics to /fslarge/scratch/users/h61084/codes/evaluating_tsfms/outputs/context_size/tasks/chronos_bolt/context_length/128/univariate/Port_Activity/W/short/run_0/metrics.npz
    Saved config to /fslarge/scratch/users/h61084/codes/evaluating_tsfms/outputs/context_size/tasks/chronos_bolt/context_length/128/univariate/Port_Activity/W/short/run_0/config.json
    Saved aggregate metrics to /fslarge/scratch/users/h61084/codes/evaluating_tsfms/outputs/context_size/tasks/chronos_bolt/context_length/128/univariate/Port_Activity/W/short/run_0/metrics_summary.json
    Metrics summary (averaged over all series/windows/variates):
      MSE: 6092610041.7350
      MAE: 44380.8837
      RMSE: 54177.9751
      MAPE: 0.6654
      sMAPE: 0.3435
      MASE: 0.7925
      ND: 0.3452
      CRPS: 0.2685
  Output: /fslarge/scratch/users/h61084/codes/evaluating_tsfms/outputs/context_size/tasks/chronos_bolt/context_length/128/univariate/Port_Activity/W/short/run_0

============================================================
All experiments completed!
Results saved to: /scratch/users/h61084/codes/evaluating_tsfms/outputs/context_size/tasks
============================================================

############################################################
# All datasets completed!
############################################################

############################################################
# Dataset 1/1: ECDC_COVID/D
############################################################
Loading configuration...

============================================================
Dataset: ECDC_COVID/D
Model: amazon/chronos-bolt-base
Terms: ['short']
Instance normalization: none
============================================================
Loading Chronos-Bolt model: amazon/chronos-bolt-base from /fslarge/scratch/users/h61084/weights/chronos-bolt-base...
[2026-09-20 19:47:07 UTC] resources model_device {"device": "cuda", "model": "chronos_bolt"}

--- Term: short ---
  Config: prediction_length=30, test_length=150, val_length=30
  Dataset info:
    - Frequency: D
    - Num series: 9
    - Target dim: 1
    - Target mode: univariate
    - Series length: min=794, max=1229, avg=1116.6
    - Test split: 150 steps
    - Prediction length: 30
    - Windows: 5
TIME run allocation action=new run=/fslarge/scratch/users/h61084/codes/evaluating_tsfms/outputs/context_size/tasks/chronos_bolt/context_length/128/univariate/ECDC_COVID/D/short/run_0 launch_id=selena_context_size_20260920T193931Z_45055 slurm_job_id=3506737 launched_at=2026-09-20T19:47:07.793714+00:00
  Preparing input batches from Test split data...
    Total instances to forecast: 45
  Running predictions (Batch size: 16)...
    Total instances: 45, Series during experiment: 9, Windows: 5
    Collecting ground truth and context...
    Organizing data into arrays...
    Saved predictions (quantiles) to /fslarge/scratch/users/h61084/codes/evaluating_tsfms/outputs/context_size/tasks/chronos_bolt/context_length/128/univariate/ECDC_COVID/D/short/run_0/predictions.npz
    Computing per-window metrics...
    Saved metrics to /fslarge/scratch/users/h61084/codes/evaluating_tsfms/outputs/context_size/tasks/chronos_bolt/context_length/128/univariate/ECDC_COVID/D/short/run_0/metrics.npz
    Saved config to /fslarge/scratch/users/h61084/codes/evaluating_tsfms/outputs/context_size/tasks/chronos_bolt/context_length/128/univariate/ECDC_COVID/D/short/run_0/config.json
    Saved aggregate metrics to /fslarge/scratch/users/h61084/codes/evaluating_tsfms/outputs/context_size/tasks/chronos_bolt/context_length/128/univariate/ECDC_COVID/D/short/run_0/metrics_summary.json
    Metrics summary (averaged over all series/windows/variates):
      MSE: 44437.7458
      MAE: 121.4770
      RMSE: 140.1094
      MAPE: 0.5402
      sMAPE: 0.3436
      MASE: 3.3034
      ND: 0.4039
      CRPS: 0.2979
  Output: /fslarge/scratch/users/h61084/codes/evaluating_tsfms/outputs/context_size/tasks/chronos_bolt/context_length/128/univariate/ECDC_COVID/D/short/run_0

============================================================
All experiments completed!
Results saved to: /scratch/users/h61084/codes/evaluating_tsfms/outputs/context_size/tasks
============================================================

############################################################
# All datasets completed!
############################################################

############################################################
# Dataset 1/1: ECDC_COVID/W
############################################################
Loading configuration...

============================================================
Dataset: ECDC_COVID/W
Model: amazon/chronos-bolt-base
Terms: ['short']
Instance normalization: none
============================================================
Loading Chronos-Bolt model: amazon/chronos-bolt-base from /fslarge/scratch/users/h61084/weights/chronos-bolt-base...
[2026-09-20 19:47:17 UTC] resources model_device {"device": "cuda", "model": "chronos_bolt"}

--- Term: short ---
  Config: prediction_length=13, test_length=52, val_length=13
  Dataset info:
    - Frequency: W
    - Num series: 16
    - Target dim: 1
    - Target mode: univariate
    - Series length: min=114, max=196, avg=165.4
    - Test split: 52 steps
    - Prediction length: 13
    - Windows: 4
TIME run allocation action=new run=/fslarge/scratch/users/h61084/codes/evaluating_tsfms/outputs/context_size/tasks/chronos_bolt/context_length/128/univariate/ECDC_COVID/W/short/run_0 launch_id=selena_context_size_20260920T193931Z_45055 slurm_job_id=3506737 launched_at=2026-09-20T19:47:18.037013+00:00
  Preparing input batches from Test split data...
    Total instances to forecast: 64
  Running predictions (Batch size: 16)...
    Total instances: 64, Series during experiment: 16, Windows: 4
    Collecting ground truth and context...
    Organizing data into arrays...
    Saved predictions (quantiles) to /fslarge/scratch/users/h61084/codes/evaluating_tsfms/outputs/context_size/tasks/chronos_bolt/context_length/128/univariate/ECDC_COVID/W/short/run_0/predictions.npz
    Computing per-window metrics...
    Saved metrics to /fslarge/scratch/users/h61084/codes/evaluating_tsfms/outputs/context_size/tasks/chronos_bolt/context_length/128/univariate/ECDC_COVID/W/short/run_0/metrics.npz
    Saved config to /fslarge/scratch/users/h61084/codes/evaluating_tsfms/outputs/context_size/tasks/chronos_bolt/context_length/128/univariate/ECDC_COVID/W/short/run_0/config.json
    Saved aggregate metrics to /fslarge/scratch/users/h61084/codes/evaluating_tsfms/outputs/context_size/tasks/chronos_bolt/context_length/128/univariate/ECDC_COVID/W/short/run_0/metrics_summary.json
    Metrics summary (averaged over all series/windows/variates):
      MSE: 4284768.1609
      MAE: 642.3324
      RMSE: 724.9784
      MAPE: 0.9544
      sMAPE: 0.5278
      MASE: 1.3956
      ND: 0.5932
      CRPS: 0.4939
  Output: /fslarge/scratch/users/h61084/codes/evaluating_tsfms/outputs/context_size/tasks/chronos_bolt/context_length/128/univariate/ECDC_COVID/W/short/run_0

============================================================
All experiments completed!
Results saved to: /scratch/users/h61084/codes/evaluating_tsfms/outputs/context_size/tasks
============================================================

############################################################
# All datasets completed!
############################################################

############################################################
# Dataset 1/1: Global_Influenza/W
############################################################
Loading configuration...

============================================================
Dataset: Global_Influenza/W
Model: amazon/chronos-bolt-base
Terms: ['short']
Instance normalization: none
============================================================
Loading Chronos-Bolt model: amazon/chronos-bolt-base from /fslarge/scratch/users/h61084/weights/chronos-bolt-base...
[2026-09-20 19:47:26 UTC] resources model_device {"device": "cuda", "model": "chronos_bolt"}

--- Term: short ---
  Config: prediction_length=13, test_length=52, val_length=13
  Dataset info:
    - Frequency: W
    - Num series: 15
    - Target dim: 4
    - Target mode: univariate
    - Series length: min=154, max=210, avg=205.6
    - Test split: 52 steps
    - Prediction length: 13
    - Windows: 4
TIME run allocation action=new run=/fslarge/scratch/users/h61084/codes/evaluating_tsfms/outputs/context_size/tasks/chronos_bolt/context_length/128/univariate/Global_Influenza/W/short/run_0 launch_id=selena_context_size_20260920T193931Z_45055 slurm_job_id=3506737 launched_at=2026-09-20T19:47:27.596001+00:00
  Preparing input batches from Test split data...
    Total instances to forecast: 240
  Running predictions (Batch size: 16)...
    Processed 160/240...
    Total instances: 240, Series during experiment: 60, Windows: 4
    Collecting ground truth and context...
    Detected to_univariate case: 60 flat series -> 15 series x 4 variates
    Organizing data into arrays...
    ⚠️  Predictions max value (93596.98) exceeds float16 safe range.
    ⚠️  Applying scale factor: 10 (values will be divided)
    Saved predictions (quantiles) to /fslarge/scratch/users/h61084/codes/evaluating_tsfms/outputs/context_size/tasks/chronos_bolt/context_length/128/univariate/Global_Influenza/W/short/run_0/predictions.npz
    Computing per-window metrics...
    Saved metrics to /fslarge/scratch/users/h61084/codes/evaluating_tsfms/outputs/context_size/tasks/chronos_bolt/context_length/128/univariate/Global_Influenza/W/short/run_0/metrics.npz
    Saved config to /fslarge/scratch/users/h61084/codes/evaluating_tsfms/outputs/context_size/tasks/chronos_bolt/context_length/128/univariate/Global_Influenza/W/short/run_0/config.json
    Saved aggregate metrics to /fslarge/scratch/users/h61084/codes/evaluating_tsfms/outputs/context_size/tasks/chronos_bolt/context_length/128/univariate/Global_Influenza/W/short/run_0/metrics_summary.json
    Metrics summary (averaged over all series/windows/variates):
      MSE: 3273816.4848
      MAE: 473.8131
      RMSE: 588.3766
      MAPE: 0.7341
      sMAPE: 0.4941
      MASE: 2.8337
      ND: 0.5150
      CRPS: 0.4421
  Output: /fslarge/scratch/users/h61084/codes/evaluating_tsfms/outputs/context_size/tasks/chronos_bolt/context_length/128/univariate/Global_Influenza/W/short/run_0

============================================================
All experiments completed!
Results saved to: /scratch/users/h61084/codes/evaluating_tsfms/outputs/context_size/tasks
============================================================

############################################################
# All datasets completed!
############################################################

############################################################
# Dataset 1/1: Crypto/D
############################################################
Loading configuration...

============================================================
Dataset: Crypto/D
Model: amazon/chronos-bolt-base
Terms: ['short']
Instance normalization: none
============================================================
Loading Chronos-Bolt model: amazon/chronos-bolt-base from /fslarge/scratch/users/h61084/weights/chronos-bolt-base...
[2026-09-20 19:47:36 UTC] resources model_device {"device": "cuda", "model": "chronos_bolt"}

--- Term: short ---
  Config: prediction_length=30, test_length=273, val_length=92
  Dataset info:
    - Frequency: D
    - Num series: 1
    - Target dim: 4
    - Target mode: univariate
    - Series length: min=2842, max=2842, avg=2842.0
    - Test split: 273 steps
    - Prediction length: 30
    - Windows: 9
TIME run allocation action=new run=/fslarge/scratch/users/h61084/codes/evaluating_tsfms/outputs/context_size/tasks/chronos_bolt/context_length/128/univariate/Crypto/D/short/run_0 launch_id=selena_context_size_20260920T193931Z_45055 slurm_job_id=3506737 launched_at=2026-09-20T19:47:37.450069+00:00
  Preparing input batches from Test split data...
    Total instances to forecast: 36
  Running predictions (Batch size: 16)...
    Total instances: 36, Series during experiment: 4, Windows: 9
    Collecting ground truth and context...
    Detected to_univariate case: 4 flat series -> 1 series x 4 variates
    Organizing data into arrays...
    ⚠️  Predictions max value (134290.50) exceeds float16 safe range.
    ⚠️  Applying scale factor: 10 (values will be divided)
    Saved predictions (quantiles) to /fslarge/scratch/users/h61084/codes/evaluating_tsfms/outputs/context_size/tasks/chronos_bolt/context_length/128/univariate/Crypto/D/short/run_0/predictions.npz
    Computing per-window metrics...
    Saved metrics to /fslarge/scratch/users/h61084/codes/evaluating_tsfms/outputs/context_size/tasks/chronos_bolt/context_length/128/univariate/Crypto/D/short/run_0/metrics.npz
    Saved config to /fslarge/scratch/users/h61084/codes/evaluating_tsfms/outputs/context_size/tasks/chronos_bolt/context_length/128/univariate/Crypto/D/short/run_0/config.json
    Saved aggregate metrics to /fslarge/scratch/users/h61084/codes/evaluating_tsfms/outputs/context_size/tasks/chronos_bolt/context_length/128/univariate/Crypto/D/short/run_0/metrics_summary.json
    Metrics summary (averaged over all series/windows/variates):
      MSE: 10154319.2346
      MAE: 1316.6170
      RMSE: 1545.6626
      MAPE: 0.0902
      sMAPE: 0.0918
      MASE: 6.1072
      ND: 0.0917
      CRPS: 0.0730
  Output: /fslarge/scratch/users/h61084/codes/evaluating_tsfms/outputs/context_size/tasks/chronos_bolt/context_length/128/univariate/Crypto/D/short/run_0

============================================================
All experiments completed!
Results saved to: /scratch/users/h61084/codes/evaluating_tsfms/outputs/context_size/tasks
============================================================

############################################################
# All datasets completed!
############################################################

############################################################
# Dataset 1/1: US_Term_Structure/B
############################################################
Loading configuration...

============================================================
Dataset: US_Term_Structure/B
Model: amazon/chronos-bolt-base
Terms: ['short']
Instance normalization: none
============================================================
Loading Chronos-Bolt model: amazon/chronos-bolt-base from /fslarge/scratch/users/h61084/weights/chronos-bolt-base...
[2026-09-20 19:47:46 UTC] resources model_device {"device": "cuda", "model": "chronos_bolt"}

--- Term: short ---
  Config: prediction_length=20, test_length=717, val_length=100
  Dataset info:
    - Frequency: B
    - Num series: 1
    - Target dim: 40
    - Target mode: univariate
    - Series length: min=9326, max=9326, avg=9326.0
    - Test split: 717 steps
    - Prediction length: 20
    - Windows: 35
TIME run allocation action=new run=/fslarge/scratch/users/h61084/codes/evaluating_tsfms/outputs/context_size/tasks/chronos_bolt/context_length/128/univariate/US_Term_Structure/B/short/run_0 launch_id=selena_context_size_20260920T193931Z_45055 slurm_job_id=3506737 launched_at=2026-09-20T19:47:47.242035+00:00
  Preparing input batches from Test split data...
    Total instances to forecast: 1400
  Running predictions (Batch size: 16)...
    Processed 160/1400...
    Processed 320/1400...
    Processed 480/1400...
    Processed 640/1400...
    Processed 800/1400...
    Processed 960/1400...
    Processed 1120/1400...
    Processed 1280/1400...
    Total instances: 1400, Series during experiment: 40, Windows: 35
    Collecting ground truth and context...
    Detected to_univariate case: 40 flat series -> 1 series x 40 variates
    Organizing data into arrays...
    Saved predictions (quantiles) to /fslarge/scratch/users/h61084/codes/evaluating_tsfms/outputs/context_size/tasks/chronos_bolt/context_length/128/univariate/US_Term_Structure/B/short/run_0/predictions.npz
    Computing per-window metrics...
    Saved metrics to /fslarge/scratch/users/h61084/codes/evaluating_tsfms/outputs/context_size/tasks/chronos_bolt/context_length/128/univariate/US_Term_Structure/B/short/run_0/metrics.npz
    Saved config to /fslarge/scratch/users/h61084/codes/evaluating_tsfms/outputs/context_size/tasks/chronos_bolt/context_length/128/univariate/US_Term_Structure/B/short/run_0/config.json
    Saved aggregate metrics to /fslarge/scratch/users/h61084/codes/evaluating_tsfms/outputs/context_size/tasks/chronos_bolt/context_length/128/univariate/US_Term_Structure/B/short/run_0/metrics_summary.json
    Metrics summary (averaged over all series/windows/variates):
      MSE: 0.0274
      MAE: 0.1085
      RMSE: 0.1300
      MAPE: 1.0814
      sMAPE: 0.2803
      MASE: 1.5976
      ND: 0.2840
      CRPS: 0.2311
  Output: /fslarge/scratch/users/h61084/codes/evaluating_tsfms/outputs/context_size/tasks/chronos_bolt/context_length/128/univariate/US_Term_Structure/B/short/run_0

============================================================
All experiments completed!
Results saved to: /scratch/users/h61084/codes/evaluating_tsfms/outputs/context_size/tasks
============================================================

############################################################
# All datasets completed!
############################################################

############################################################
# Dataset 1/1: Oil_Price/B
############################################################
Loading configuration...

============================================================
Dataset: Oil_Price/B
Model: amazon/chronos-bolt-base
Terms: ['short']
Instance normalization: none
============================================================
Loading Chronos-Bolt model: amazon/chronos-bolt-base from /fslarge/scratch/users/h61084/weights/chronos-bolt-base...
[2026-09-20 19:47:58 UTC] resources model_device {"device": "cuda", "model": "chronos_bolt"}

--- Term: short ---
  Config: prediction_length=20, test_length=717, val_length=100
  Dataset info:
    - Frequency: B
    - Num series: 1
    - Target dim: 12
    - Target mode: univariate
    - Series length: min=5035, max=5035, avg=5035.0
    - Test split: 717 steps
    - Prediction length: 20
    - Windows: 35
TIME run allocation action=new run=/fslarge/scratch/users/h61084/codes/evaluating_tsfms/outputs/context_size/tasks/chronos_bolt/context_length/128/univariate/Oil_Price/B/short/run_0 launch_id=selena_context_size_20260920T193931Z_45055 slurm_job_id=3506737 launched_at=2026-09-20T19:47:58.820257+00:00
  Preparing input batches from Test split data...
    Total instances to forecast: 420
  Running predictions (Batch size: 16)...
    Processed 160/420...
    Processed 320/420...
    Total instances: 420, Series during experiment: 12, Windows: 35
    Collecting ground truth and context...
    Detected to_univariate case: 12 flat series -> 1 series x 12 variates
    Organizing data into arrays...
    Saved predictions (quantiles) to /fslarge/scratch/users/h61084/codes/evaluating_tsfms/outputs/context_size/tasks/chronos_bolt/context_length/128/univariate/Oil_Price/B/short/run_0/predictions.npz
    Computing per-window metrics...
    Saved metrics to /fslarge/scratch/users/h61084/codes/evaluating_tsfms/outputs/context_size/tasks/chronos_bolt/context_length/128/univariate/Oil_Price/B/short/run_0/metrics.npz
    Saved config to /fslarge/scratch/users/h61084/codes/evaluating_tsfms/outputs/context_size/tasks/chronos_bolt/context_length/128/univariate/Oil_Price/B/short/run_0/config.json
    Saved aggregate metrics to /fslarge/scratch/users/h61084/codes/evaluating_tsfms/outputs/context_size/tasks/chronos_bolt/context_length/128/univariate/Oil_Price/B/short/run_0/metrics_summary.json
    Metrics summary (averaged over all series/windows/variates):
      MSE: 3.2724
      MAE: 0.6806
      RMSE: 0.7973
      MAPE: 0.0579
      sMAPE: 0.0576
      MASE: 1.3921
      ND: 0.0577
      CRPS: 0.0464
  Output: /fslarge/scratch/users/h61084/codes/evaluating_tsfms/outputs/context_size/tasks/chronos_bolt/context_length/128/univariate/Oil_Price/B/short/run_0

============================================================
All experiments completed!
Results saved to: /scratch/users/h61084/codes/evaluating_tsfms/outputs/context_size/tasks
============================================================

############################################################
# All datasets completed!
############################################################

############################################################
# Dataset 1/1: Job_Claims/W
############################################################
Loading configuration...

============================================================
Dataset: Job_Claims/W
Model: amazon/chronos-bolt-base
Terms: ['short']
Instance normalization: none
============================================================
Loading Chronos-Bolt model: amazon/chronos-bolt-base from /fslarge/scratch/users/h61084/weights/chronos-bolt-base...
[2026-09-20 19:48:08 UTC] resources model_device {"device": "cuda", "model": "chronos_bolt"}

--- Term: short ---
  Config: prediction_length=13, test_length=52, val_length=13
  Dataset info:
    - Frequency: W
    - Num series: 1
    - Target dim: 2
    - Target mode: univariate
    - Series length: min=196, max=196, avg=196.0
    - Test split: 52 steps
    - Prediction length: 13
    - Windows: 4
TIME run allocation action=new run=/fslarge/scratch/users/h61084/codes/evaluating_tsfms/outputs/context_size/tasks/chronos_bolt/context_length/128/univariate/Job_Claims/W/short/run_0 launch_id=selena_context_size_20260920T193931Z_45055 slurm_job_id=3506737 launched_at=2026-09-20T19:48:09.053143+00:00
  Preparing input batches from Test split data...
    Total instances to forecast: 8
  Running predictions (Batch size: 16)...
    Total instances: 8, Series during experiment: 2, Windows: 4
    Collecting ground truth and context...
    Detected to_univariate case: 2 flat series -> 1 series x 2 variates
    Organizing data into arrays...
    ⚠️  Predictions max value (2055438.25) exceeds float16 safe range.
    ⚠️  Applying scale factor: 100 (values will be divided)
    Saved predictions (quantiles) to /fslarge/scratch/users/h61084/codes/evaluating_tsfms/outputs/context_size/tasks/chronos_bolt/context_length/128/univariate/Job_Claims/W/short/run_0/predictions.npz
    Computing per-window metrics...
    Saved metrics to /fslarge/scratch/users/h61084/codes/evaluating_tsfms/outputs/context_size/tasks/chronos_bolt/context_length/128/univariate/Job_Claims/W/short/run_0/metrics.npz
    Saved config to /fslarge/scratch/users/h61084/codes/evaluating_tsfms/outputs/context_size/tasks/chronos_bolt/context_length/128/univariate/Job_Claims/W/short/run_0/config.json
    Saved aggregate metrics to /fslarge/scratch/users/h61084/codes/evaluating_tsfms/outputs/context_size/tasks/chronos_bolt/context_length/128/univariate/Job_Claims/W/short/run_0/metrics_summary.json
    Metrics summary (averaged over all series/windows/variates):
      MSE: 1101859273.7573
      MAE: 21929.5580
      RMSE: 25981.6528
      MAPE: 0.0253
      sMAPE: 0.0253
      MASE: 3.5584
      ND: 0.0253
      CRPS: 0.0205
  Output: /fslarge/scratch/users/h61084/codes/evaluating_tsfms/outputs/context_size/tasks/chronos_bolt/context_length/128/univariate/Job_Claims/W/short/run_0

============================================================
All experiments completed!
Results saved to: /scratch/users/h61084/codes/evaluating_tsfms/outputs/context_size/tasks
============================================================

############################################################
# All datasets completed!
############################################################

############################################################
# Dataset 1/1: Uncertainty_1M/M
############################################################
Loading configuration...

============================================================
Dataset: Uncertainty_1M/M
Model: amazon/chronos-bolt-base
Terms: ['short']
Instance normalization: none
============================================================
Loading Chronos-Bolt model: amazon/chronos-bolt-base from /fslarge/scratch/users/h61084/weights/chronos-bolt-base...
[2026-09-20 19:48:18 UTC] resources model_device {"device": "cuda", "model": "chronos_bolt"}

--- Term: short ---
  Config: prediction_length=6, test_length=42, val_length=18
  Dataset info:
    - Frequency: M
    - Num series: 1
    - Target dim: 3
    - Target mode: univariate
    - Series length: min=780, max=780, avg=780.0
    - Test split: 42 steps
    - Prediction length: 6
    - Windows: 7
TIME run allocation action=new run=/fslarge/scratch/users/h61084/codes/evaluating_tsfms/outputs/context_size/tasks/chronos_bolt/context_length/128/univariate/Uncertainty_1M/M/short/run_0 launch_id=selena_context_size_20260920T193931Z_45055 slurm_job_id=3506737 launched_at=2026-09-20T19:48:19.035624+00:00
  Preparing input batches from Test split data...
    Total instances to forecast: 21
  Running predictions (Batch size: 16)...
    Total instances: 21, Series during experiment: 3, Windows: 7
    Collecting ground truth and context...
    Detected to_univariate case: 3 flat series -> 1 series x 3 variates
    Organizing data into arrays...
    Saved predictions (quantiles) to /fslarge/scratch/users/h61084/codes/evaluating_tsfms/outputs/context_size/tasks/chronos_bolt/context_length/128/univariate/Uncertainty_1M/M/short/run_0/predictions.npz
    Computing per-window metrics...
    Saved metrics to /fslarge/scratch/users/h61084/codes/evaluating_tsfms/outputs/context_size/tasks/chronos_bolt/context_length/128/univariate/Uncertainty_1M/M/short/run_0/metrics.npz
    Saved config to /fslarge/scratch/users/h61084/codes/evaluating_tsfms/outputs/context_size/tasks/chronos_bolt/context_length/128/univariate/Uncertainty_1M/M/short/run_0/config.json
    Saved aggregate metrics to /fslarge/scratch/users/h61084/codes/evaluating_tsfms/outputs/context_size/tasks/chronos_bolt/context_length/128/univariate/Uncertainty_1M/M/short/run_0/metrics_summary.json
    Metrics summary (averaged over all series/windows/variates):
      MSE: 0.0018
      MAE: 0.0330
      RMSE: 0.0364
      MAPE: 0.0408
      sMAPE: 0.0400
      MASE: 0.4076
      ND: 0.0405
      CRPS: 0.0308
  Output: /fslarge/scratch/users/h61084/codes/evaluating_tsfms/outputs/context_size/tasks/chronos_bolt/context_length/128/univariate/Uncertainty_1M/M/short/run_0

============================================================
All experiments completed!
Results saved to: /scratch/users/h61084/codes/evaluating_tsfms/outputs/context_size/tasks
============================================================

############################################################
# All datasets completed!
############################################################

############################################################
# Dataset 1/1: Housing_Inventory/M
############################################################
Loading configuration...

============================================================
Dataset: Housing_Inventory/M
Model: amazon/chronos-bolt-base
Terms: ['short']
Instance normalization: none
============================================================
Loading Chronos-Bolt model: amazon/chronos-bolt-base from /fslarge/scratch/users/h61084/weights/chronos-bolt-base...
[2026-09-20 19:48:27 UTC] resources model_device {"device": "cuda", "model": "chronos_bolt"}

--- Term: short ---
  Config: prediction_length=12, test_length=36, val_length=12
  Dataset info:
    - Frequency: M
    - Num series: 1
    - Target dim: 4
    - Target mode: univariate
    - Series length: min=114, max=114, avg=114.0
    - Test split: 36 steps
    - Prediction length: 12
    - Windows: 3
TIME run allocation action=new run=/fslarge/scratch/users/h61084/codes/evaluating_tsfms/outputs/context_size/tasks/chronos_bolt/context_length/128/univariate/Housing_Inventory/M/short/run_0 launch_id=selena_context_size_20260920T193931Z_45055 slurm_job_id=3506737 launched_at=2026-09-20T19:48:28.509713+00:00
  Preparing input batches from Test split data...
    Total instances to forecast: 12
  Running predictions (Batch size: 16)...
    Total instances: 12, Series during experiment: 4, Windows: 3
    Collecting ground truth and context...
    Detected to_univariate case: 4 flat series -> 1 series x 4 variates
    Organizing data into arrays...
    ⚠️  Predictions max value (1219171.00) exceeds float16 safe range.
    ⚠️  Applying scale factor: 100 (values will be divided)
    Saved predictions (quantiles) to /fslarge/scratch/users/h61084/codes/evaluating_tsfms/outputs/context_size/tasks/chronos_bolt/context_length/128/univariate/Housing_Inventory/M/short/run_0/predictions.npz
    Computing per-window metrics...
    Saved metrics to /fslarge/scratch/users/h61084/codes/evaluating_tsfms/outputs/context_size/tasks/chronos_bolt/context_length/128/univariate/Housing_Inventory/M/short/run_0/metrics.npz
    Saved config to /fslarge/scratch/users/h61084/codes/evaluating_tsfms/outputs/context_size/tasks/chronos_bolt/context_length/128/univariate/Housing_Inventory/M/short/run_0/config.json
    Saved aggregate metrics to /fslarge/scratch/users/h61084/codes/evaluating_tsfms/outputs/context_size/tasks/chronos_bolt/context_length/128/univariate/Housing_Inventory/M/short/run_0/metrics_summary.json
    Metrics summary (averaged over all series/windows/variates):
      MSE: 5481882559.1403
      MAE: 30275.8777
      RMSE: 33075.9156
      MAPE: 0.0694
      sMAPE: 0.0658
      MASE: 0.5280
      ND: 0.0694
      CRPS: 0.0537
  Output: /fslarge/scratch/users/h61084/codes/evaluating_tsfms/outputs/context_size/tasks/chronos_bolt/context_length/128/univariate/Housing_Inventory/M/short/run_0

============================================================
All experiments completed!
Results saved to: /scratch/users/h61084/codes/evaluating_tsfms/outputs/context_size/tasks
============================================================

############################################################
# All datasets completed!
############################################################

############################################################
# Dataset 1/1: JOLTS/M
############################################################
Loading configuration...

============================================================
Dataset: JOLTS/M
Model: amazon/chronos-bolt-base
Terms: ['short']
Instance normalization: none
============================================================
Loading Chronos-Bolt model: amazon/chronos-bolt-base from /fslarge/scratch/users/h61084/weights/chronos-bolt-base...
[2026-09-20 19:48:37 UTC] resources model_device {"device": "cuda", "model": "chronos_bolt"}

--- Term: short ---
  Config: prediction_length=12, test_length=60, val_length=12
  Dataset info:
    - Frequency: M
    - Num series: 1
    - Target dim: 6
    - Target mode: univariate
    - Series length: min=297, max=297, avg=297.0
    - Test split: 60 steps
    - Prediction length: 12
    - Windows: 5
TIME run allocation action=new run=/fslarge/scratch/users/h61084/codes/evaluating_tsfms/outputs/context_size/tasks/chronos_bolt/context_length/128/univariate/JOLTS/M/short/run_0 launch_id=selena_context_size_20260920T193931Z_45055 slurm_job_id=3506737 launched_at=2026-09-20T19:48:37.867626+00:00
  Preparing input batches from Test split data...
    Total instances to forecast: 30
  Running predictions (Batch size: 16)...
    Total instances: 30, Series during experiment: 6, Windows: 5
    Collecting ground truth and context...
    Detected to_univariate case: 6 flat series -> 1 series x 6 variates
    Organizing data into arrays...
    Saved predictions (quantiles) to /fslarge/scratch/users/h61084/codes/evaluating_tsfms/outputs/context_size/tasks/chronos_bolt/context_length/128/univariate/JOLTS/M/short/run_0/predictions.npz
    Computing per-window metrics...
    Saved metrics to /fslarge/scratch/users/h61084/codes/evaluating_tsfms/outputs/context_size/tasks/chronos_bolt/context_length/128/univariate/JOLTS/M/short/run_0/metrics.npz
    Saved config to /fslarge/scratch/users/h61084/codes/evaluating_tsfms/outputs/context_size/tasks/chronos_bolt/context_length/128/univariate/JOLTS/M/short/run_0/config.json
    Saved aggregate metrics to /fslarge/scratch/users/h61084/codes/evaluating_tsfms/outputs/context_size/tasks/chronos_bolt/context_length/128/univariate/JOLTS/M/short/run_0/metrics_summary.json
    Metrics summary (averaged over all series/windows/variates):
      MSE: 586562.0364
      MAE: 431.5709
      RMSE: 514.1942
      MAPE: 0.0962
      sMAPE: 0.0931
      MASE: 1.2499
      ND: 0.0954
      CRPS: 0.0755
  Output: /fslarge/scratch/users/h61084/codes/evaluating_tsfms/outputs/context_size/tasks/chronos_bolt/context_length/128/univariate/JOLTS/M/short/run_0

============================================================
All experiments completed!
Results saved to: /scratch/users/h61084/codes/evaluating_tsfms/outputs/context_size/tasks
============================================================

############################################################
# All datasets completed!
############################################################

############################################################
# Dataset 1/1: US_Labor/M
############################################################
Loading configuration...

============================================================
Dataset: US_Labor/M
Model: amazon/chronos-bolt-base
Terms: ['short']
Instance normalization: none
============================================================
Loading Chronos-Bolt model: amazon/chronos-bolt-base from /fslarge/scratch/users/h61084/weights/chronos-bolt-base...
[2026-09-20 19:48:46 UTC] resources model_device {"device": "cuda", "model": "chronos_bolt"}

--- Term: short ---
  Config: prediction_length=12, test_length=60, val_length=12
  Dataset info:
    - Frequency: M
    - Num series: 1
    - Target dim: 14
    - Target mode: univariate
    - Series length: min=380, max=380, avg=380.0
    - Test split: 60 steps
    - Prediction length: 12
    - Windows: 5
TIME run allocation action=new run=/fslarge/scratch/users/h61084/codes/evaluating_tsfms/outputs/context_size/tasks/chronos_bolt/context_length/128/univariate/US_Labor/M/short/run_0 launch_id=selena_context_size_20260920T193931Z_45055 slurm_job_id=3506737 launched_at=2026-09-20T19:48:47.254474+00:00
  Preparing input batches from Test split data...
    Total instances to forecast: 70
  Running predictions (Batch size: 16)...
    Total instances: 70, Series during experiment: 14, Windows: 5
    Collecting ground truth and context...
    Detected to_univariate case: 14 flat series -> 1 series x 14 variates
    Organizing data into arrays...
    ⚠️  Predictions max value (173112.11) exceeds float16 safe range.
    ⚠️  Applying scale factor: 10 (values will be divided)
    Saved predictions (quantiles) to /fslarge/scratch/users/h61084/codes/evaluating_tsfms/outputs/context_size/tasks/chronos_bolt/context_length/128/univariate/US_Labor/M/short/run_0/predictions.npz
    Computing per-window metrics...
    Saved metrics to /fslarge/scratch/users/h61084/codes/evaluating_tsfms/outputs/context_size/tasks/chronos_bolt/context_length/128/univariate/US_Labor/M/short/run_0/metrics.npz
    Saved config to /fslarge/scratch/users/h61084/codes/evaluating_tsfms/outputs/context_size/tasks/chronos_bolt/context_length/128/univariate/US_Labor/M/short/run_0/config.json
    Saved aggregate metrics to /fslarge/scratch/users/h61084/codes/evaluating_tsfms/outputs/context_size/tasks/chronos_bolt/context_length/128/univariate/US_Labor/M/short/run_0/metrics_summary.json
    Metrics summary (averaged over all series/windows/variates):
      MSE: 790192.4272
      MAE: 384.9455
      RMSE: 431.7192
      MAPE: 0.0711
      sMAPE: 0.0688
      MASE: 0.8955
      ND: 0.0700
      CRPS: 0.0574
  Output: /fslarge/scratch/users/h61084/codes/evaluating_tsfms/outputs/context_size/tasks/chronos_bolt/context_length/128/univariate/US_Labor/M/short/run_0

============================================================
All experiments completed!
Results saved to: /scratch/users/h61084/codes/evaluating_tsfms/outputs/context_size/tasks
============================================================

############################################################
# All datasets completed!
############################################################

############################################################
# Dataset 1/1: Vehicle_Supply/M
############################################################
Loading configuration...

============================================================
Dataset: Vehicle_Supply/M
Model: amazon/chronos-bolt-base
Terms: ['short']
Instance normalization: none
============================================================
Loading Chronos-Bolt model: amazon/chronos-bolt-base from /fslarge/scratch/users/h61084/weights/chronos-bolt-base...
[2026-09-20 19:48:55 UTC] resources model_device {"device": "cuda", "model": "chronos_bolt"}

--- Term: short ---
  Config: prediction_length=12, test_length=60, val_length=12
  Dataset info:
    - Frequency: M
    - Num series: 1
    - Target dim: 6
    - Target mode: univariate
    - Series length: min=391, max=391, avg=391.0
    - Test split: 60 steps
    - Prediction length: 12
    - Windows: 5
TIME run allocation action=new run=/fslarge/scratch/users/h61084/codes/evaluating_tsfms/outputs/context_size/tasks/chronos_bolt/context_length/128/univariate/Vehicle_Supply/M/short/run_0 launch_id=selena_context_size_20260920T193931Z_45055 slurm_job_id=3506737 launched_at=2026-09-20T19:48:56.649110+00:00
  Preparing input batches from Test split data...
    Total instances to forecast: 30
  Running predictions (Batch size: 16)...
    Total instances: 30, Series during experiment: 6, Windows: 5
    Collecting ground truth and context...
    Detected to_univariate case: 6 flat series -> 1 series x 6 variates
    Organizing data into arrays...
    Saved predictions (quantiles) to /fslarge/scratch/users/h61084/codes/evaluating_tsfms/outputs/context_size/tasks/chronos_bolt/context_length/128/univariate/Vehicle_Supply/M/short/run_0/predictions.npz
    Computing per-window metrics...
    Saved metrics to /fslarge/scratch/users/h61084/codes/evaluating_tsfms/outputs/context_size/tasks/chronos_bolt/context_length/128/univariate/Vehicle_Supply/M/short/run_0/metrics.npz
    Saved config to /fslarge/scratch/users/h61084/codes/evaluating_tsfms/outputs/context_size/tasks/chronos_bolt/context_length/128/univariate/Vehicle_Supply/M/short/run_0/config.json
    Saved aggregate metrics to /fslarge/scratch/users/h61084/codes/evaluating_tsfms/outputs/context_size/tasks/chronos_bolt/context_length/128/univariate/Vehicle_Supply/M/short/run_0/metrics_summary.json
    Metrics summary (averaged over all series/windows/variates):
      MSE: 1516.9939
      MAE: 19.3726
      RMSE: 23.3263
      MAPE: 0.2260
      sMAPE: 0.2432
      MASE: 0.7915
      ND: 0.2141
      CRPS: 0.1818
  Output: /fslarge/scratch/users/h61084/codes/evaluating_tsfms/outputs/context_size/tasks/chronos_bolt/context_length/128/univariate/Vehicle_Supply/M/short/run_0

============================================================
All experiments completed!
Results saved to: /scratch/users/h61084/codes/evaluating_tsfms/outputs/context_size/tasks
============================================================

############################################################
# All datasets completed!
############################################################

############################################################
# Dataset 1/1: Auto_Production_SF/M
############################################################
Loading configuration...

============================================================
Dataset: Auto_Production_SF/M
Model: amazon/chronos-bolt-base
Terms: ['short']
Instance normalization: none
============================================================
Loading Chronos-Bolt model: amazon/chronos-bolt-base from /fslarge/scratch/users/h61084/weights/chronos-bolt-base...
[2026-09-20 19:49:05 UTC] resources model_device {"device": "cuda", "model": "chronos_bolt"}

--- Term: short ---
  Config: prediction_length=12, test_length=60, val_length=12
  Dataset info:
    - Frequency: M
    - Num series: 1
    - Target dim: 1
    - Target mode: univariate
    - Series length: min=367, max=367, avg=367.0
    - Test split: 60 steps
    - Prediction length: 12
    - Windows: 5
TIME run allocation action=new run=/fslarge/scratch/users/h61084/codes/evaluating_tsfms/outputs/context_size/tasks/chronos_bolt/context_length/128/univariate/Auto_Production_SF/M/short/run_0 launch_id=selena_context_size_20260920T193931Z_45055 slurm_job_id=3506737 launched_at=2026-09-20T19:49:06.222562+00:00
  Preparing input batches from Test split data...
    Total instances to forecast: 5
  Running predictions (Batch size: 16)...
    Total instances: 5, Series during experiment: 1, Windows: 5
    Collecting ground truth and context...
    Organizing data into arrays...
    Saved predictions (quantiles) to /fslarge/scratch/users/h61084/codes/evaluating_tsfms/outputs/context_size/tasks/chronos_bolt/context_length/128/univariate/Auto_Production_SF/M/short/run_0/predictions.npz
    Computing per-window metrics...
    Saved metrics to /fslarge/scratch/users/h61084/codes/evaluating_tsfms/outputs/context_size/tasks/chronos_bolt/context_length/128/univariate/Auto_Production_SF/M/short/run_0/metrics.npz
    Saved config to /fslarge/scratch/users/h61084/codes/evaluating_tsfms/outputs/context_size/tasks/chronos_bolt/context_length/128/univariate/Auto_Production_SF/M/short/run_0/config.json
    Saved aggregate metrics to /fslarge/scratch/users/h61084/codes/evaluating_tsfms/outputs/context_size/tasks/chronos_bolt/context_length/128/univariate/Auto_Production_SF/M/short/run_0/metrics_summary.json
    Metrics summary (averaged over all series/windows/variates):
      MSE: 26.0057
      MAE: 4.1022
      RMSE: 5.0682
      MAPE: 0.0417
      sMAPE: 0.0414
      MASE: 1.0343
      ND: 0.0411
      CRPS: 0.0319
  Output: /fslarge/scratch/users/h61084/codes/evaluating_tsfms/outputs/context_size/tasks/chronos_bolt/context_length/128/univariate/Auto_Production_SF/M/short/run_0

============================================================
All experiments completed!
Results saved to: /scratch/users/h61084/codes/evaluating_tsfms/outputs/context_size/tasks
============================================================

############################################################
# All datasets completed!
############################################################

############################################################
# Dataset 1/1: Commodity_Production/M
############################################################
Loading configuration...

============================================================
Dataset: Commodity_Production/M
Model: amazon/chronos-bolt-base
Terms: ['short']
Instance normalization: none
============================================================
Loading Chronos-Bolt model: amazon/chronos-bolt-base from /fslarge/scratch/users/h61084/weights/chronos-bolt-base...
[2026-09-20 19:49:14 UTC] resources model_device {"device": "cuda", "model": "chronos_bolt"}

--- Term: short ---
  Config: prediction_length=12, test_length=60, val_length=12
  Dataset info:
    - Frequency: M
    - Num series: 32
    - Target dim: 1
    - Target mode: univariate
    - Series length: min=120, max=648, avg=325.1
    - Test split: 60 steps
    - Prediction length: 12
    - Windows: 5
TIME run allocation action=new run=/fslarge/scratch/users/h61084/codes/evaluating_tsfms/outputs/context_size/tasks/chronos_bolt/context_length/128/univariate/Commodity_Production/M/short/run_0 launch_id=selena_context_size_20260920T193931Z_45055 slurm_job_id=3506737 launched_at=2026-09-20T19:49:15.499514+00:00
  Preparing input batches from Test split data...
    Total instances to forecast: 160
  Running predictions (Batch size: 16)...
    Processed 160/160...
    Total instances: 160, Series during experiment: 32, Windows: 5
    Collecting ground truth and context...
    Organizing data into arrays...
    Saved predictions (quantiles) to /fslarge/scratch/users/h61084/codes/evaluating_tsfms/outputs/context_size/tasks/chronos_bolt/context_length/128/univariate/Commodity_Production/M/short/run_0/predictions.npz
    Computing per-window metrics...
    Saved metrics to /fslarge/scratch/users/h61084/codes/evaluating_tsfms/outputs/context_size/tasks/chronos_bolt/context_length/128/univariate/Commodity_Production/M/short/run_0/metrics.npz
    Saved config to /fslarge/scratch/users/h61084/codes/evaluating_tsfms/outputs/context_size/tasks/chronos_bolt/context_length/128/univariate/Commodity_Production/M/short/run_0/config.json
    Saved aggregate metrics to /fslarge/scratch/users/h61084/codes/evaluating_tsfms/outputs/context_size/tasks/chronos_bolt/context_length/128/univariate/Commodity_Production/M/short/run_0/metrics_summary.json
    Metrics summary (averaged over all series/windows/variates):
      MSE: 62340.7349
      MAE: 70.4874
      RMSE: 81.4567
      MAPE: 0.2112
      sMAPE: 0.1703
      MASE: 0.9576
      ND: 0.1630
      CRPS: 0.1262
  Output: /fslarge/scratch/users/h61084/codes/evaluating_tsfms/outputs/context_size/tasks/chronos_bolt/context_length/128/univariate/Commodity_Production/M/short/run_0

============================================================
All experiments completed!
Results saved to: /scratch/users/h61084/codes/evaluating_tsfms/outputs/context_size/tasks
============================================================

############################################################
# All datasets completed!
############################################################

############################################################
# Dataset 1/1: Commodity_Import/M
############################################################
Loading configuration...

============================================================
Dataset: Commodity_Import/M
Model: amazon/chronos-bolt-base
Terms: ['short']
Instance normalization: none
============================================================
Loading Chronos-Bolt model: amazon/chronos-bolt-base from /fslarge/scratch/users/h61084/weights/chronos-bolt-base...
[2026-09-20 19:49:24 UTC] resources model_device {"device": "cuda", "model": "chronos_bolt"}

--- Term: short ---
  Config: prediction_length=12, test_length=60, val_length=12
  Dataset info:
    - Frequency: M
    - Num series: 8
    - Target dim: 1
    - Target mode: univariate
    - Series length: min=254, max=1240, avg=697.2
    - Test split: 60 steps
    - Prediction length: 12
    - Windows: 5
TIME run allocation action=new run=/fslarge/scratch/users/h61084/codes/evaluating_tsfms/outputs/context_size/tasks/chronos_bolt/context_length/128/univariate/Commodity_Import/M/short/run_0 launch_id=selena_context_size_20260920T193931Z_45055 slurm_job_id=3506737 launched_at=2026-09-20T19:49:24.997902+00:00
  Preparing input batches from Test split data...
    Total instances to forecast: 40
  Running predictions (Batch size: 16)...
    Total instances: 40, Series during experiment: 8, Windows: 5
    Collecting ground truth and context...
    Organizing data into arrays...
    Saved predictions (quantiles) to /fslarge/scratch/users/h61084/codes/evaluating_tsfms/outputs/context_size/tasks/chronos_bolt/context_length/128/univariate/Commodity_Import/M/short/run_0/predictions.npz
    Computing per-window metrics...
    Saved metrics to /fslarge/scratch/users/h61084/codes/evaluating_tsfms/outputs/context_size/tasks/chronos_bolt/context_length/128/univariate/Commodity_Import/M/short/run_0/metrics.npz
    Saved config to /fslarge/scratch/users/h61084/codes/evaluating_tsfms/outputs/context_size/tasks/chronos_bolt/context_length/128/univariate/Commodity_Import/M/short/run_0/config.json
    Saved aggregate metrics to /fslarge/scratch/users/h61084/codes/evaluating_tsfms/outputs/context_size/tasks/chronos_bolt/context_length/128/univariate/Commodity_Import/M/short/run_0/metrics_summary.json
    Metrics summary (averaged over all series/windows/variates):
      MSE: 1599522.3485
      MAE: 497.3001
      RMSE: 606.5951
      MAPE: 0.2700
      sMAPE: 0.2151
      MASE: 1.4016
      ND: 0.2202
      CRPS: 0.1782
  Output: /fslarge/scratch/users/h61084/codes/evaluating_tsfms/outputs/context_size/tasks/chronos_bolt/context_length/128/univariate/Commodity_Import/M/short/run_0

============================================================
All experiments completed!
Results saved to: /scratch/users/h61084/codes/evaluating_tsfms/outputs/context_size/tasks
============================================================

############################################################
# All datasets completed!
############################################################

############################################################
# Dataset 1/1: WUI_Global/Q
############################################################
Loading configuration...

============================================================
Dataset: WUI_Global/Q
Model: amazon/chronos-bolt-base
Terms: ['short']
Instance normalization: none
============================================================
Loading Chronos-Bolt model: amazon/chronos-bolt-base from /fslarge/scratch/users/h61084/weights/chronos-bolt-base...
[2026-09-20 19:49:33 UTC] resources model_device {"device": "cuda", "model": "chronos_bolt"}

--- Term: short ---
  Config: prediction_length=4, test_length=20, val_length=20
  Dataset info:
    - Frequency: Q
    - Num series: 1
    - Target dim: 15
    - Target mode: univariate
    - Series length: min=294, max=294, avg=294.0
    - Test split: 20 steps
    - Prediction length: 4
    - Windows: 5
TIME run allocation action=new run=/fslarge/scratch/users/h61084/codes/evaluating_tsfms/outputs/context_size/tasks/chronos_bolt/context_length/128/univariate/WUI_Global/Q/short/run_0 launch_id=selena_context_size_20260920T193931Z_45055 slurm_job_id=3506737 launched_at=2026-09-20T19:49:34.642778+00:00
  Preparing input batches from Test split data...
    Total instances to forecast: 75
  Running predictions (Batch size: 16)...
    Total instances: 75, Series during experiment: 15, Windows: 5
    Collecting ground truth and context...
    Detected to_univariate case: 15 flat series -> 1 series x 15 variates
    Organizing data into arrays...
    Saved predictions (quantiles) to /fslarge/scratch/users/h61084/codes/evaluating_tsfms/outputs/context_size/tasks/chronos_bolt/context_length/128/univariate/WUI_Global/Q/short/run_0/predictions.npz
    Computing per-window metrics...
    Saved metrics to /fslarge/scratch/users/h61084/codes/evaluating_tsfms/outputs/context_size/tasks/chronos_bolt/context_length/128/univariate/WUI_Global/Q/short/run_0/metrics.npz
    Saved config to /fslarge/scratch/users/h61084/codes/evaluating_tsfms/outputs/context_size/tasks/chronos_bolt/context_length/128/univariate/WUI_Global/Q/short/run_0/config.json
    Saved aggregate metrics to /fslarge/scratch/users/h61084/codes/evaluating_tsfms/outputs/context_size/tasks/chronos_bolt/context_length/128/univariate/WUI_Global/Q/short/run_0/metrics_summary.json
    Metrics summary (averaged over all series/windows/variates):
      MSE: 0.0472
      MAE: 0.1477
      RMSE: 0.1747
      MAPE: 0.6000
      sMAPE: 0.6425
      MASE: 0.9857
      ND: 0.7069
      CRPS: 0.5509
  Output: /fslarge/scratch/users/h61084/codes/evaluating_tsfms/outputs/context_size/tasks/chronos_bolt/context_length/128/univariate/WUI_Global/Q/short/run_0

============================================================
All experiments completed!
Results saved to: /scratch/users/h61084/codes/evaluating_tsfms/outputs/context_size/tasks
============================================================

############################################################
# All datasets completed!
############################################################

############################################################
# Dataset 1/1: Global_Price/Q
############################################################
Loading configuration...

============================================================
Dataset: Global_Price/Q
Model: amazon/chronos-bolt-base
Terms: ['short']
Instance normalization: none
============================================================
Loading Chronos-Bolt model: amazon/chronos-bolt-base from /fslarge/scratch/users/h61084/weights/chronos-bolt-base...
[2026-09-20 19:49:43 UTC] resources model_device {"device": "cuda", "model": "chronos_bolt"}

--- Term: short ---
  Config: prediction_length=4, test_length=20, val_length=8
  Dataset info:
    - Frequency: Q
    - Num series: 1
    - Target dim: 60
    - Target mode: univariate
    - Series length: min=142, max=142, avg=142.0
    - Test split: 20 steps
    - Prediction length: 4
    - Windows: 5
TIME run allocation action=new run=/fslarge/scratch/users/h61084/codes/evaluating_tsfms/outputs/context_size/tasks/chronos_bolt/context_length/128/univariate/Global_Price/Q/short/run_0 launch_id=selena_context_size_20260920T193931Z_45055 slurm_job_id=3506737 launched_at=2026-09-20T19:49:44.064835+00:00
  Preparing input batches from Test split data...
    Total instances to forecast: 300
  Running predictions (Batch size: 16)...
    Processed 160/300...
    Total instances: 300, Series during experiment: 60, Windows: 5
    Collecting ground truth and context...
    Detected to_univariate case: 60 flat series -> 1 series x 60 variates
    Organizing data into arrays...
    Saved predictions (quantiles) to /fslarge/scratch/users/h61084/codes/evaluating_tsfms/outputs/context_size/tasks/chronos_bolt/context_length/128/univariate/Global_Price/Q/short/run_0/predictions.npz
    Computing per-window metrics...
    Saved metrics to /fslarge/scratch/users/h61084/codes/evaluating_tsfms/outputs/context_size/tasks/chronos_bolt/context_length/128/univariate/Global_Price/Q/short/run_0/metrics.npz
    Saved config to /fslarge/scratch/users/h61084/codes/evaluating_tsfms/outputs/context_size/tasks/chronos_bolt/context_length/128/univariate/Global_Price/Q/short/run_0/config.json
    Saved aggregate metrics to /fslarge/scratch/users/h61084/codes/evaluating_tsfms/outputs/context_size/tasks/chronos_bolt/context_length/128/univariate/Global_Price/Q/short/run_0/metrics_summary.json
    Metrics summary (averaged over all series/windows/variates):
      MSE: 1726222.1624
      MAE: 306.4606
      RMSE: 343.4508
      MAPE: 0.1799
      sMAPE: 0.1908
      MASE: 1.5741
      ND: 0.1805
      CRPS: 0.1464
  Output: /fslarge/scratch/users/h61084/codes/evaluating_tsfms/outputs/context_size/tasks/chronos_bolt/context_length/128/univariate/Global_Price/Q/short/run_0

============================================================
All experiments completed!
Results saved to: /scratch/users/h61084/codes/evaluating_tsfms/outputs/context_size/tasks
============================================================

############################################################
# All datasets completed!
############################################################

############################################################
# Dataset 1/1: Vehicle_Sales/M
############################################################
Loading configuration...

============================================================
Dataset: Vehicle_Sales/M
Model: amazon/chronos-bolt-base
Terms: ['short']
Instance normalization: none
============================================================
Loading Chronos-Bolt model: amazon/chronos-bolt-base from /fslarge/scratch/users/h61084/weights/chronos-bolt-base...
[2026-09-20 19:49:53 UTC] resources model_device {"device": "cuda", "model": "chronos_bolt"}

--- Term: short ---
  Config: prediction_length=12, test_length=60, val_length=12
  Dataset info:
    - Frequency: M
    - Num series: 1
    - Target dim: 10
    - Target mode: univariate
    - Series length: min=596, max=596, avg=596.0
    - Test split: 60 steps
    - Prediction length: 12
    - Windows: 5
TIME run allocation action=new run=/fslarge/scratch/users/h61084/codes/evaluating_tsfms/outputs/context_size/tasks/chronos_bolt/context_length/128/univariate/Vehicle_Sales/M/short/run_0 launch_id=selena_context_size_20260920T193931Z_45055 slurm_job_id=3506737 launched_at=2026-09-20T19:49:53.737316+00:00
  Preparing input batches from Test split data...
    Total instances to forecast: 50
  Running predictions (Batch size: 16)...
    Total instances: 50, Series during experiment: 10, Windows: 5
    Collecting ground truth and context...
    Detected to_univariate case: 10 flat series -> 1 series x 10 variates
    Organizing data into arrays...
    Saved predictions (quantiles) to /fslarge/scratch/users/h61084/codes/evaluating_tsfms/outputs/context_size/tasks/chronos_bolt/context_length/128/univariate/Vehicle_Sales/M/short/run_0/predictions.npz
    Computing per-window metrics...
    Saved metrics to /fslarge/scratch/users/h61084/codes/evaluating_tsfms/outputs/context_size/tasks/chronos_bolt/context_length/128/univariate/Vehicle_Sales/M/short/run_0/metrics.npz
    Saved config to /fslarge/scratch/users/h61084/codes/evaluating_tsfms/outputs/context_size/tasks/chronos_bolt/context_length/128/univariate/Vehicle_Sales/M/short/run_0/config.json
    Saved aggregate metrics to /fslarge/scratch/users/h61084/codes/evaluating_tsfms/outputs/context_size/tasks/chronos_bolt/context_length/128/univariate/Vehicle_Sales/M/short/run_0/metrics_summary.json
    Metrics summary (averaged over all series/windows/variates):
      MSE: 2503.2309
      MAE: 11.9756
      RMSE: 13.9781
      MAPE: 0.0818
      sMAPE: 0.0840
      MASE: 0.8186
      ND: 0.0825
      CRPS: 0.0674
  Output: /fslarge/scratch/users/h61084/codes/evaluating_tsfms/outputs/context_size/tasks/chronos_bolt/context_length/128/univariate/Vehicle_Sales/M/short/run_0

============================================================
All experiments completed!
Results saved to: /scratch/users/h61084/codes/evaluating_tsfms/outputs/context_size/tasks
============================================================

############################################################
# All datasets completed!
############################################################

############################################################
# Dataset 1/1: Online_Retail_2_UCI/D
############################################################
Loading configuration...

============================================================
Dataset: Online_Retail_2_UCI/D
Model: amazon/chronos-bolt-base
Terms: ['short']
Instance normalization: none
============================================================
Loading Chronos-Bolt model: amazon/chronos-bolt-base from /fslarge/scratch/users/h61084/weights/chronos-bolt-base...
[2026-09-20 19:50:02 UTC] resources model_device {"device": "cuda", "model": "chronos_bolt"}

--- Term: short ---
  Config: prediction_length=30, test_length=180, val_length=90
  Dataset info:
    - Frequency: D
    - Num series: 1
    - Target dim: 1
    - Target mode: univariate
    - Series length: min=739, max=739, avg=739.0
    - Test split: 180 steps
    - Prediction length: 30
    - Windows: 6
TIME run allocation action=new run=/fslarge/scratch/users/h61084/codes/evaluating_tsfms/outputs/context_size/tasks/chronos_bolt/context_length/128/univariate/Online_Retail_2_UCI/D/short/run_0 launch_id=selena_context_size_20260920T193931Z_45055 slurm_job_id=3506737 launched_at=2026-09-20T19:50:03.131381+00:00
  Preparing input batches from Test split data...
    Total instances to forecast: 6
  Running predictions (Batch size: 16)...
    Total instances: 6, Series during experiment: 1, Windows: 6
    Collecting ground truth and context...
    Organizing data into arrays...
    ⚠️  Predictions max value (88520.74) exceeds float16 safe range.
    ⚠️  Applying scale factor: 10 (values will be divided)
    Saved predictions (quantiles) to /fslarge/scratch/users/h61084/codes/evaluating_tsfms/outputs/context_size/tasks/chronos_bolt/context_length/128/univariate/Online_Retail_2_UCI/D/short/run_0/predictions.npz
    Computing per-window metrics...
    Saved metrics to /fslarge/scratch/users/h61084/codes/evaluating_tsfms/outputs/context_size/tasks/chronos_bolt/context_length/128/univariate/Online_Retail_2_UCI/D/short/run_0/metrics.npz
    Saved config to /fslarge/scratch/users/h61084/codes/evaluating_tsfms/outputs/context_size/tasks/chronos_bolt/context_length/128/univariate/Online_Retail_2_UCI/D/short/run_0/config.json
    Saved aggregate metrics to /fslarge/scratch/users/h61084/codes/evaluating_tsfms/outputs/context_size/tasks/chronos_bolt/context_length/128/univariate/Online_Retail_2_UCI/D/short/run_0/metrics_summary.json
    Metrics summary (averaged over all series/windows/variates):
      MSE: 400954135.8693
      MAE: 11962.9804
      RMSE: 17966.8637
      MAPE: 0.2970
      sMAPE: 0.5702
      MASE: 0.7230
      ND: 0.3397
      CRPS: 0.2807
  Output: /fslarge/scratch/users/h61084/codes/evaluating_tsfms/outputs/context_size/tasks/chronos_bolt/context_length/128/univariate/Online_Retail_2_UCI/D/short/run_0

============================================================
All experiments completed!
Results saved to: /scratch/users/h61084/codes/evaluating_tsfms/outputs/context_size/tasks
============================================================

############################################################
# All datasets completed!
############################################################

############################################################
# Dataset 1/1: Supply_Chain_Customer/D
############################################################
Loading configuration...

============================================================
Dataset: Supply_Chain_Customer/D
Model: amazon/chronos-bolt-base
Terms: ['short']
Instance normalization: none
============================================================
Loading Chronos-Bolt model: amazon/chronos-bolt-base from /fslarge/scratch/users/h61084/weights/chronos-bolt-base...
[2026-09-20 19:50:11 UTC] resources model_device {"device": "cuda", "model": "chronos_bolt"}

--- Term: short ---
  Config: prediction_length=30, test_length=365, val_length=90
  Dataset info:
    - Frequency: D
    - Num series: 1
    - Target dim: 36
    - Target mode: univariate
    - Series length: min=2007, max=2007, avg=2007.0
    - Test split: 365 steps
    - Prediction length: 30
    - Windows: 12
TIME run allocation action=new run=/fslarge/scratch/users/h61084/codes/evaluating_tsfms/outputs/context_size/tasks/chronos_bolt/context_length/128/univariate/Supply_Chain_Customer/D/short/run_0 launch_id=selena_context_size_20260920T193931Z_45055 slurm_job_id=3506737 launched_at=2026-09-20T19:50:12.464773+00:00
  Preparing input batches from Test split data...
    Total instances to forecast: 432
  Running predictions (Batch size: 16)...
    Processed 160/432...
    Processed 320/432...
    Total instances: 432, Series during experiment: 36, Windows: 12
    Collecting ground truth and context...
    Detected to_univariate case: 36 flat series -> 1 series x 36 variates
    Organizing data into arrays...
    ⚠️  Predictions max value (268844.72) exceeds float16 safe range.
    ⚠️  Applying scale factor: 10 (values will be divided)
    Saved predictions (quantiles) to /fslarge/scratch/users/h61084/codes/evaluating_tsfms/outputs/context_size/tasks/chronos_bolt/context_length/128/univariate/Supply_Chain_Customer/D/short/run_0/predictions.npz
    Computing per-window metrics...
    Saved metrics to /fslarge/scratch/users/h61084/codes/evaluating_tsfms/outputs/context_size/tasks/chronos_bolt/context_length/128/univariate/Supply_Chain_Customer/D/short/run_0/metrics.npz
    Saved config to /fslarge/scratch/users/h61084/codes/evaluating_tsfms/outputs/context_size/tasks/chronos_bolt/context_length/128/univariate/Supply_Chain_Customer/D/short/run_0/config.json
    Saved aggregate metrics to /fslarge/scratch/users/h61084/codes/evaluating_tsfms/outputs/context_size/tasks/chronos_bolt/context_length/128/univariate/Supply_Chain_Customer/D/short/run_0/metrics_summary.json
    Metrics summary (averaged over all series/windows/variates):
      MSE: 42885151.1236
      MAE: 1970.2415
      RMSE: 2689.4035
      MAPE: 0.4902
      sMAPE: 0.4594
      MASE: 0.6905
      ND: 0.4058
      CRPS: 0.3299
  Output: /fslarge/scratch/users/h61084/codes/evaluating_tsfms/outputs/context_size/tasks/chronos_bolt/context_length/128/univariate/Supply_Chain_Customer/D/short/run_0

============================================================
All experiments completed!
Results saved to: /scratch/users/h61084/codes/evaluating_tsfms/outputs/context_size/tasks
============================================================

############################################################
# All datasets completed!
############################################################

############################################################
# Dataset 1/1: Supply_Chain_Location/D
############################################################
Loading configuration...

============================================================
Dataset: Supply_Chain_Location/D
Model: amazon/chronos-bolt-base
Terms: ['short']
Instance normalization: none
============================================================
Loading Chronos-Bolt model: amazon/chronos-bolt-base from /fslarge/scratch/users/h61084/weights/chronos-bolt-base...
[2026-09-20 19:50:21 UTC] resources model_device {"device": "cuda", "model": "chronos_bolt"}

--- Term: short ---
  Config: prediction_length=30, test_length=365, val_length=90
  Dataset info:
    - Frequency: D
    - Num series: 1
    - Target dim: 51
    - Target mode: univariate
    - Series length: min=2007, max=2007, avg=2007.0
    - Test split: 365 steps
    - Prediction length: 30
    - Windows: 12
TIME run allocation action=new run=/fslarge/scratch/users/h61084/codes/evaluating_tsfms/outputs/context_size/tasks/chronos_bolt/context_length/128/univariate/Supply_Chain_Location/D/short/run_0 launch_id=selena_context_size_20260920T193931Z_45055 slurm_job_id=3506737 launched_at=2026-09-20T19:50:22.284687+00:00
  Preparing input batches from Test split data...
    Total instances to forecast: 612
  Running predictions (Batch size: 16)...
    Processed 160/612...
    Processed 320/612...
    Processed 480/612...
    Total instances: 612, Series during experiment: 51, Windows: 12
    Collecting ground truth and context...
    Detected to_univariate case: 51 flat series -> 1 series x 51 variates
    Organizing data into arrays...
    ⚠️  Predictions max value (129916.91) exceeds float16 safe range.
    ⚠️  Applying scale factor: 10 (values will be divided)
    Saved predictions (quantiles) to /fslarge/scratch/users/h61084/codes/evaluating_tsfms/outputs/context_size/tasks/chronos_bolt/context_length/128/univariate/Supply_Chain_Location/D/short/run_0/predictions.npz
    Computing per-window metrics...
    Saved metrics to /fslarge/scratch/users/h61084/codes/evaluating_tsfms/outputs/context_size/tasks/chronos_bolt/context_length/128/univariate/Supply_Chain_Location/D/short/run_0/metrics.npz
    Saved config to /fslarge/scratch/users/h61084/codes/evaluating_tsfms/outputs/context_size/tasks/chronos_bolt/context_length/128/univariate/Supply_Chain_Location/D/short/run_0/config.json
    Saved aggregate metrics to /fslarge/scratch/users/h61084/codes/evaluating_tsfms/outputs/context_size/tasks/chronos_bolt/context_length/128/univariate/Supply_Chain_Location/D/short/run_0/metrics_summary.json
    Metrics summary (averaged over all series/windows/variates):
      MSE: 24617587.6593
      MAE: 1908.1904
      RMSE: 2589.2607
      MAPE: 0.5454
      sMAPE: 0.4540
      MASE: 0.7118
      ND: 0.4144
      CRPS: 0.3363
  Output: /fslarge/scratch/users/h61084/codes/evaluating_tsfms/outputs/context_size/tasks/chronos_bolt/context_length/128/univariate/Supply_Chain_Location/D/short/run_0

============================================================
All experiments completed!
Results saved to: /scratch/users/h61084/codes/evaluating_tsfms/outputs/context_size/tasks
============================================================

############################################################
# All datasets completed!
############################################################

############################################################
# Dataset 1/1: azure2019_D/5T
############################################################
Loading configuration...

============================================================
Dataset: azure2019_D/5T
Model: amazon/chronos-bolt-base
Terms: ['short']
Instance normalization: none
============================================================
Loading Chronos-Bolt model: amazon/chronos-bolt-base from /fslarge/scratch/users/h61084/weights/chronos-bolt-base...
[2026-09-20 19:50:31 UTC] resources model_device {"device": "cuda", "model": "chronos_bolt"}

--- Term: short ---
  Config: prediction_length=288, test_length=864, val_length=864
  Dataset info:
    - Frequency: 5T
    - Num series: 989
    - Target dim: 3
    - Target mode: univariate
    - Series length: min=8073, max=8639, avg=8627.0
    - Test split: 864 steps
    - Prediction length: 288
    - Windows: 3
TIME run allocation action=new run=/fslarge/scratch/users/h61084/codes/evaluating_tsfms/outputs/context_size/tasks/chronos_bolt/context_length/128/univariate/azure2019_D/5T/short/run_0 launch_id=selena_context_size_20260920T193931Z_45055 slurm_job_id=3506737 launched_at=2026-09-20T19:50:32.974792+00:00
  Preparing input batches from Test split data...
    Total instances to forecast: 8901
  Running predictions (Batch size: 16)...
    Processed 160/8901...
    Processed 320/8901...
    Processed 480/8901...
    Processed 640/8901...
    Processed 800/8901...
    Processed 960/8901...
    Processed 1120/8901...
    Processed 1280/8901...
    Processed 1440/8901...
    Processed 1600/8901...
    Processed 1760/8901...
    Processed 1920/8901...
    Processed 2080/8901...
    Processed 2240/8901...
    Processed 2400/8901...
    Processed 2560/8901...
    Processed 2720/8901...
    Processed 2880/8901...
    Processed 3040/8901...
    Processed 3200/8901...
    Processed 3360/8901...
    Processed 3520/8901...
    Processed 3680/8901...
    Processed 3840/8901...
    Processed 4000/8901...
    Processed 4160/8901...
    Processed 4320/8901...
    Processed 4480/8901...
    Processed 4640/8901...
    Processed 4800/8901...
    Processed 4960/8901...
    Processed 5120/8901...
    Processed 5280/8901...
    Processed 5440/8901...
    Processed 5600/8901...
    Processed 5760/8901...
    Processed 5920/8901...
    Processed 6080/8901...
    Processed 6240/8901...
    Processed 6400/8901...
    Processed 6560/8901...
    Processed 6720/8901...
    Processed 6880/8901...
    Processed 7040/8901...
    Processed 7200/8901...
    Processed 7360/8901...
    Processed 7520/8901...
    Processed 7680/8901...
    Processed 7840/8901...
    Processed 8000/8901...
    Processed 8160/8901...
    Processed 8320/8901...
    Processed 8480/8901...
    Processed 8640/8901...
    Processed 8800/8901...
    Total instances: 8901, Series during experiment: 2967, Windows: 3
    Collecting ground truth and context...
    Detected to_univariate case: 2967 flat series -> 989 series x 3 variates
    Organizing data into arrays...
    Saved predictions (quantiles) to /fslarge/scratch/users/h61084/codes/evaluating_tsfms/outputs/context_size/tasks/chronos_bolt/context_length/128/univariate/azure2019_D/5T/short/run_0/predictions.npz
    Computing per-window metrics...
    Saved metrics to /fslarge/scratch/users/h61084/codes/evaluating_tsfms/outputs/context_size/tasks/chronos_bolt/context_length/128/univariate/azure2019_D/5T/short/run_0/metrics.npz
    Saved config to /fslarge/scratch/users/h61084/codes/evaluating_tsfms/outputs/context_size/tasks/chronos_bolt/context_length/128/univariate/azure2019_D/5T/short/run_0/config.json
    Saved aggregate metrics to /fslarge/scratch/users/h61084/codes/evaluating_tsfms/outputs/context_size/tasks/chronos_bolt/context_length/128/univariate/azure2019_D/5T/short/run_0/metrics_summary.json
    Metrics summary (averaged over all series/windows/variates):
      MSE: 63.0866
      MAE: 2.9191
      RMSE: 4.0219
      MAPE: 0.2412
      sMAPE: 0.1919
      MASE: 0.8169
      ND: 0.2038
      CRPS: 0.1700
  Output: /fslarge/scratch/users/h61084/codes/evaluating_tsfms/outputs/context_size/tasks/chronos_bolt/context_length/128/univariate/azure2019_D/5T/short/run_0

============================================================
All experiments completed!
Results saved to: /scratch/users/h61084/codes/evaluating_tsfms/outputs/context_size/tasks
============================================================

############################################################
# All datasets completed!
############################################################

############################################################
# Dataset 1/1: azure2019_I/5T
############################################################
Loading configuration...

============================================================
Dataset: azure2019_I/5T
Model: amazon/chronos-bolt-base
Terms: ['short']
Instance normalization: none
============================================================
Loading Chronos-Bolt model: amazon/chronos-bolt-base from /fslarge/scratch/users/h61084/weights/chronos-bolt-base...
[2026-09-20 19:51:57 UTC] resources model_device {"device": "cuda", "model": "chronos_bolt"}

--- Term: short ---
  Config: prediction_length=288, test_length=864, val_length=864
  Dataset info:
    - Frequency: 5T
    - Num series: 492
    - Target dim: 3
    - Target mode: univariate
    - Series length: min=8250, max=8639, avg=8630.4
    - Test split: 864 steps
    - Prediction length: 288
    - Windows: 3
TIME run allocation action=new run=/fslarge/scratch/users/h61084/codes/evaluating_tsfms/outputs/context_size/tasks/chronos_bolt/context_length/128/univariate/azure2019_I/5T/short/run_0 launch_id=selena_context_size_20260920T193931Z_45055 slurm_job_id=3506737 launched_at=2026-09-20T19:51:58.273509+00:00
  Preparing input batches from Test split data...
    Total instances to forecast: 4428
  Running predictions (Batch size: 16)...
    Processed 160/4428...
    Processed 320/4428...
    Processed 480/4428...
    Processed 640/4428...
    Processed 800/4428...
    Processed 960/4428...
    Processed 1120/4428...
    Processed 1280/4428...
    Processed 1440/4428...
    Processed 1600/4428...
    Processed 1760/4428...
    Processed 1920/4428...
    Processed 2080/4428...
    Processed 2240/4428...
    Processed 2400/4428...
    Processed 2560/4428...
    Processed 2720/4428...
    Processed 2880/4428...
    Processed 3040/4428...
    Processed 3200/4428...
    Processed 3360/4428...
    Processed 3520/4428...
    Processed 3680/4428...
    Processed 3840/4428...
    Processed 4000/4428...
    Processed 4160/4428...
    Processed 4320/4428...
    Total instances: 4428, Series during experiment: 1476, Windows: 3
    Collecting ground truth and context...
    Detected to_univariate case: 1476 flat series -> 492 series x 3 variates
    Organizing data into arrays...
    Saved predictions (quantiles) to /fslarge/scratch/users/h61084/codes/evaluating_tsfms/outputs/context_size/tasks/chronos_bolt/context_length/128/univariate/azure2019_I/5T/short/run_0/predictions.npz
    Computing per-window metrics...
    Saved metrics to /fslarge/scratch/users/h61084/codes/evaluating_tsfms/outputs/context_size/tasks/chronos_bolt/context_length/128/univariate/azure2019_I/5T/short/run_0/metrics.npz
    Saved config to /fslarge/scratch/users/h61084/codes/evaluating_tsfms/outputs/context_size/tasks/chronos_bolt/context_length/128/univariate/azure2019_I/5T/short/run_0/config.json
    Saved aggregate metrics to /fslarge/scratch/users/h61084/codes/evaluating_tsfms/outputs/context_size/tasks/chronos_bolt/context_length/128/univariate/azure2019_I/5T/short/run_0/metrics_summary.json
    Metrics summary (averaged over all series/windows/variates):
      MSE: 78.5758
      MAE: 3.1050
      RMSE: 4.3913
      MAPE: 0.2976
      sMAPE: 0.1987
      MASE: 1.1133
      ND: 0.2117
      CRPS: 0.1749
  Output: /fslarge/scratch/users/h61084/codes/evaluating_tsfms/outputs/context_size/tasks/chronos_bolt/context_length/128/univariate/azure2019_I/5T/short/run_0

============================================================
All experiments completed!
Results saved to: /scratch/users/h61084/codes/evaluating_tsfms/outputs/context_size/tasks
============================================================

############################################################
# All datasets completed!
############################################################

############################################################
# Dataset 1/1: azure2019_U/5T
############################################################
Loading configuration...

============================================================
Dataset: azure2019_U/5T
Model: amazon/chronos-bolt-base
Terms: ['short']
Instance normalization: none
============================================================
Loading Chronos-Bolt model: amazon/chronos-bolt-base from /fslarge/scratch/users/h61084/weights/chronos-bolt-base...
[2026-09-20 19:52:43 UTC] resources model_device {"device": "cuda", "model": "chronos_bolt"}

--- Term: short ---
  Config: prediction_length=48, test_length=288, val_length=96
  Dataset info:
    - Frequency: 5T
    - Num series: 78
    - Target dim: 3
    - Target mode: univariate
    - Series length: min=882, max=2006, avg=1406.1
    - Test split: 288 steps
    - Prediction length: 48
    - Windows: 6
TIME run allocation action=new run=/fslarge/scratch/users/h61084/codes/evaluating_tsfms/outputs/context_size/tasks/chronos_bolt/context_length/128/univariate/azure2019_U/5T/short/run_0 launch_id=selena_context_size_20260920T193931Z_45055 slurm_job_id=3506737 launched_at=2026-09-20T19:52:44.932224+00:00
  Preparing input batches from Test split data...
    Total instances to forecast: 1404
  Running predictions (Batch size: 16)...
    Processed 160/1404...
    Processed 320/1404...
    Processed 480/1404...
    Processed 640/1404...
    Processed 800/1404...
    Processed 960/1404...
    Processed 1120/1404...
    Processed 1280/1404...
    Total instances: 1404, Series during experiment: 234, Windows: 6
    Collecting ground truth and context...
    Detected to_univariate case: 234 flat series -> 78 series x 3 variates
    Organizing data into arrays...
    Saved predictions (quantiles) to /fslarge/scratch/users/h61084/codes/evaluating_tsfms/outputs/context_size/tasks/chronos_bolt/context_length/128/univariate/azure2019_U/5T/short/run_0/predictions.npz
    Computing per-window metrics...
    Saved metrics to /fslarge/scratch/users/h61084/codes/evaluating_tsfms/outputs/context_size/tasks/chronos_bolt/context_length/128/univariate/azure2019_U/5T/short/run_0/metrics.npz
    Saved config to /fslarge/scratch/users/h61084/codes/evaluating_tsfms/outputs/context_size/tasks/chronos_bolt/context_length/128/univariate/azure2019_U/5T/short/run_0/config.json
    Saved aggregate metrics to /fslarge/scratch/users/h61084/codes/evaluating_tsfms/outputs/context_size/tasks/chronos_bolt/context_length/128/univariate/azure2019_U/5T/short/run_0/metrics_summary.json
    Metrics summary (averaged over all series/windows/variates):
      MSE: 74.3298
      MAE: 2.6785
      RMSE: 3.6496
      MAPE: 0.4067
      sMAPE: 0.2039
      MASE: 0.8848
      ND: 0.2252
      CRPS: 0.1891
  Output: /fslarge/scratch/users/h61084/codes/evaluating_tsfms/outputs/context_size/tasks/chronos_bolt/context_length/128/univariate/azure2019_U/5T/short/run_0

============================================================
All experiments completed!
Results saved to: /scratch/users/h61084/codes/evaluating_tsfms/outputs/context_size/tasks
============================================================

############################################################
# All datasets completed!
############################################################

############################################################
# Dataset 1/1: Smart_Manufacturing/H
############################################################
Loading configuration...

============================================================
Dataset: Smart_Manufacturing/H
Model: amazon/chronos-bolt-base
Terms: ['short', 'medium', 'long']
Instance normalization: none
============================================================
Loading Chronos-Bolt model: amazon/chronos-bolt-base from /fslarge/scratch/users/h61084/weights/chronos-bolt-base...
[2026-09-20 19:52:55 UTC] resources model_device {"device": "cuda", "model": "chronos_bolt"}

--- Term: short ---
  Config: prediction_length=24, test_length=336, val_length=336
  Dataset info:
    - Frequency: H
    - Num series: 34
    - Target dim: 5
    - Target mode: univariate
    - Series length: min=1661, max=1667, avg=1665.9
    - Test split: 336 steps
    - Prediction length: 24
    - Windows: 14
TIME run allocation action=new run=/fslarge/scratch/users/h61084/codes/evaluating_tsfms/outputs/context_size/tasks/chronos_bolt/context_length/128/univariate/Smart_Manufacturing/H/short/run_0 launch_id=selena_context_size_20260920T193931Z_45055 slurm_job_id=3506737 launched_at=2026-09-20T19:52:56.334718+00:00
  Preparing input batches from Test split data...
    Total instances to forecast: 2380
  Running predictions (Batch size: 16)...
    Processed 160/2380...
    Processed 320/2380...
    Processed 480/2380...
    Processed 640/2380...
    Processed 800/2380...
    Processed 960/2380...
    Processed 1120/2380...
    Processed 1280/2380...
    Processed 1440/2380...
    Processed 1600/2380...
    Processed 1760/2380...
    Processed 1920/2380...
    Processed 2080/2380...
    Processed 2240/2380...
    Total instances: 2380, Series during experiment: 170, Windows: 14
    Collecting ground truth and context...
    Detected to_univariate case: 170 flat series -> 34 series x 5 variates
    Organizing data into arrays...
    Saved predictions (quantiles) to /fslarge/scratch/users/h61084/codes/evaluating_tsfms/outputs/context_size/tasks/chronos_bolt/context_length/128/univariate/Smart_Manufacturing/H/short/run_0/predictions.npz
    Computing per-window metrics...
    Saved metrics to /fslarge/scratch/users/h61084/codes/evaluating_tsfms/outputs/context_size/tasks/chronos_bolt/context_length/128/univariate/Smart_Manufacturing/H/short/run_0/metrics.npz
    Saved config to /fslarge/scratch/users/h61084/codes/evaluating_tsfms/outputs/context_size/tasks/chronos_bolt/context_length/128/univariate/Smart_Manufacturing/H/short/run_0/config.json
    Saved aggregate metrics to /fslarge/scratch/users/h61084/codes/evaluating_tsfms/outputs/context_size/tasks/chronos_bolt/context_length/128/univariate/Smart_Manufacturing/H/short/run_0/metrics_summary.json
    Metrics summary (averaged over all series/windows/variates):
      MSE: 82.0179
      MAE: 5.8512
      RMSE: 7.2242
      MAPE: 0.3441
      sMAPE: 0.2299
      MASE: 0.7288
      ND: 0.2218
      CRPS: 0.1710
  Output: /fslarge/scratch/users/h61084/codes/evaluating_tsfms/outputs/context_size/tasks/chronos_bolt/context_length/128/univariate/Smart_Manufacturing/H/short/run_0

--- Term: medium ---
  Config: prediction_length=168, test_length=336, val_length=336
  Dataset info:
    - Frequency: H
    - Num series: 34
    - Target dim: 5
    - Target mode: univariate
    - Series length: min=1661, max=1667, avg=1665.9
    - Test split: 336 steps
    - Prediction length: 168
    - Windows: 2
TIME run allocation action=new run=/fslarge/scratch/users/h61084/codes/evaluating_tsfms/outputs/context_size/tasks/chronos_bolt/context_length/128/univariate/Smart_Manufacturing/H/medium/run_0 launch_id=selena_context_size_20260920T193931Z_45055 slurm_job_id=3506737 launched_at=2026-09-20T19:52:59.480796+00:00
  Preparing input batches from Test split data...
    Total instances to forecast: 340
  Running predictions (Batch size: 16)...
    Processed 160/340...
    Processed 320/340...
    Total instances: 340, Series during experiment: 170, Windows: 2
    Collecting ground truth and context...
    Detected to_univariate case: 170 flat series -> 34 series x 5 variates
    Organizing data into arrays...
    Saved predictions (quantiles) to /fslarge/scratch/users/h61084/codes/evaluating_tsfms/outputs/context_size/tasks/chronos_bolt/context_length/128/univariate/Smart_Manufacturing/H/medium/run_0/predictions.npz
    Computing per-window metrics...
    Saved metrics to /fslarge/scratch/users/h61084/codes/evaluating_tsfms/outputs/context_size/tasks/chronos_bolt/context_length/128/univariate/Smart_Manufacturing/H/medium/run_0/metrics.npz
    Saved config to /fslarge/scratch/users/h61084/codes/evaluating_tsfms/outputs/context_size/tasks/chronos_bolt/context_length/128/univariate/Smart_Manufacturing/H/medium/run_0/config.json
    Saved aggregate metrics to /fslarge/scratch/users/h61084/codes/evaluating_tsfms/outputs/context_size/tasks/chronos_bolt/context_length/128/univariate/Smart_Manufacturing/H/medium/run_0/metrics_summary.json
    Metrics summary (averaged over all series/windows/variates):
      MSE: 82.6255
      MAE: 5.8771
      RMSE: 7.3354
      MAPE: 0.3553
      sMAPE: 0.2306
      MASE: 0.7314
      ND: 0.2215
      CRPS: 0.1715
  Output: /fslarge/scratch/users/h61084/codes/evaluating_tsfms/outputs/context_size/tasks/chronos_bolt/context_length/128/univariate/Smart_Manufacturing/H/medium/run_0

--- Term: long ---
  Config: prediction_length=336, test_length=336, val_length=336
  Dataset info:
    - Frequency: H
    - Num series: 34
    - Target dim: 5
    - Target mode: univariate
    - Series length: min=1661, max=1667, avg=1665.9
    - Test split: 336 steps
    - Prediction length: 336
    - Windows: 1
TIME run allocation action=new run=/fslarge/scratch/users/h61084/codes/evaluating_tsfms/outputs/context_size/tasks/chronos_bolt/context_length/128/univariate/Smart_Manufacturing/H/long/run_0 launch_id=selena_context_size_20260920T193931Z_45055 slurm_job_id=3506737 launched_at=2026-09-20T19:53:01.053662+00:00
  Preparing input batches from Test split data...
    Total instances to forecast: 170
  Running predictions (Batch size: 16)...
    Processed 160/170...
    Total instances: 170, Series during experiment: 170, Windows: 1
    Collecting ground truth and context...
    Detected to_univariate case: 170 flat series -> 34 series x 5 variates
    Organizing data into arrays...
    Saved predictions (quantiles) to /fslarge/scratch/users/h61084/codes/evaluating_tsfms/outputs/context_size/tasks/chronos_bolt/context_length/128/univariate/Smart_Manufacturing/H/long/run_0/predictions.npz
    Computing per-window metrics...
    Saved metrics to /fslarge/scratch/users/h61084/codes/evaluating_tsfms/outputs/context_size/tasks/chronos_bolt/context_length/128/univariate/Smart_Manufacturing/H/long/run_0/metrics.npz
    Saved config to /fslarge/scratch/users/h61084/codes/evaluating_tsfms/outputs/context_size/tasks/chronos_bolt/context_length/128/univariate/Smart_Manufacturing/H/long/run_0/config.json
    Saved aggregate metrics to /fslarge/scratch/users/h61084/codes/evaluating_tsfms/outputs/context_size/tasks/chronos_bolt/context_length/128/univariate/Smart_Manufacturing/H/long/run_0/metrics_summary.json
    Metrics summary (averaged over all series/windows/variates):
      MSE: 82.9399
      MAE: 5.8846
      RMSE: 7.3550
      MAPE: 0.3594
      sMAPE: 0.2303
      MASE: 0.7307
      ND: 0.2213
      CRPS: 0.1766
  Output: /fslarge/scratch/users/h61084/codes/evaluating_tsfms/outputs/context_size/tasks/chronos_bolt/context_length/128/univariate/Smart_Manufacturing/H/long/run_0

============================================================
All experiments completed!
Results saved to: /scratch/users/h61084/codes/evaluating_tsfms/outputs/context_size/tasks
============================================================

############################################################
# All datasets completed!
############################################################

############################################################
# Dataset 1/1: MetroPT-3/5T
############################################################
Loading configuration...

============================================================
Dataset: MetroPT-3/5T
Model: amazon/chronos-bolt-base
Terms: ['short', 'medium', 'long']
Instance normalization: none
============================================================
Loading Chronos-Bolt model: amazon/chronos-bolt-base from /fslarge/scratch/users/h61084/weights/chronos-bolt-base...
[2026-09-20 19:53:11 UTC] resources model_device {"device": "cuda", "model": "chronos_bolt"}

--- Term: short ---
  Config: prediction_length=48, test_length=1728, val_length=1728
  Dataset info:
    - Frequency: 5T
    - Num series: 1
    - Target dim: 6
    - Target mode: univariate
    - Series length: min=17809, max=17809, avg=17809.0
    - Test split: 1728 steps
    - Prediction length: 48
    - Windows: 36
TIME run allocation action=new run=/fslarge/scratch/users/h61084/codes/evaluating_tsfms/outputs/context_size/tasks/chronos_bolt/context_length/128/univariate/MetroPT-3/5T/short/run_0 launch_id=selena_context_size_20260920T193931Z_45055 slurm_job_id=3506737 launched_at=2026-09-20T19:53:12.042754+00:00
  Preparing input batches from Test split data...
    Total instances to forecast: 216
  Running predictions (Batch size: 16)...
    Processed 160/216...
    Total instances: 216, Series during experiment: 6, Windows: 36
    Collecting ground truth and context...
    Detected to_univariate case: 6 flat series -> 1 series x 6 variates
    Organizing data into arrays...
    Saved predictions (quantiles) to /fslarge/scratch/users/h61084/codes/evaluating_tsfms/outputs/context_size/tasks/chronos_bolt/context_length/128/univariate/MetroPT-3/5T/short/run_0/predictions.npz
    Computing per-window metrics...
    Saved metrics to /fslarge/scratch/users/h61084/codes/evaluating_tsfms/outputs/context_size/tasks/chronos_bolt/context_length/128/univariate/MetroPT-3/5T/short/run_0/metrics.npz
    Saved config to /fslarge/scratch/users/h61084/codes/evaluating_tsfms/outputs/context_size/tasks/chronos_bolt/context_length/128/univariate/MetroPT-3/5T/short/run_0/config.json
    Saved aggregate metrics to /fslarge/scratch/users/h61084/codes/evaluating_tsfms/outputs/context_size/tasks/chronos_bolt/context_length/128/univariate/MetroPT-3/5T/short/run_0/metrics_summary.json
    Metrics summary (averaged over all series/windows/variates):
      MSE: 4.4025
      MAE: 1.2661
      RMSE: 1.6128
      MAPE: 5.4824
      sMAPE: 0.5011
      MASE: 0.7091
      ND: 0.3478
      CRPS: 0.2621
  Output: /fslarge/scratch/users/h61084/codes/evaluating_tsfms/outputs/context_size/tasks/chronos_bolt/context_length/128/univariate/MetroPT-3/5T/short/run_0

--- Term: medium ---
  Config: prediction_length=288, test_length=1728, val_length=1728
  Dataset info:
    - Frequency: 5T
    - Num series: 1
    - Target dim: 6
    - Target mode: univariate
    - Series length: min=17809, max=17809, avg=17809.0
    - Test split: 1728 steps
    - Prediction length: 288
    - Windows: 6
TIME run allocation action=new run=/fslarge/scratch/users/h61084/codes/evaluating_tsfms/outputs/context_size/tasks/chronos_bolt/context_length/128/univariate/MetroPT-3/5T/medium/run_0 launch_id=selena_context_size_20260920T193931Z_45055 slurm_job_id=3506737 launched_at=2026-09-20T19:53:12.603187+00:00
  Preparing input batches from Test split data...
    Total instances to forecast: 36
  Running predictions (Batch size: 16)...
    Total instances: 36, Series during experiment: 6, Windows: 6
    Collecting ground truth and context...
    Detected to_univariate case: 6 flat series -> 1 series x 6 variates
    Organizing data into arrays...
    Saved predictions (quantiles) to /fslarge/scratch/users/h61084/codes/evaluating_tsfms/outputs/context_size/tasks/chronos_bolt/context_length/128/univariate/MetroPT-3/5T/medium/run_0/predictions.npz
    Computing per-window metrics...
    Saved metrics to /fslarge/scratch/users/h61084/codes/evaluating_tsfms/outputs/context_size/tasks/chronos_bolt/context_length/128/univariate/MetroPT-3/5T/medium/run_0/metrics.npz
    Saved config to /fslarge/scratch/users/h61084/codes/evaluating_tsfms/outputs/context_size/tasks/chronos_bolt/context_length/128/univariate/MetroPT-3/5T/medium/run_0/config.json
    Saved aggregate metrics to /fslarge/scratch/users/h61084/codes/evaluating_tsfms/outputs/context_size/tasks/chronos_bolt/context_length/128/univariate/MetroPT-3/5T/medium/run_0/metrics_summary.json
    Metrics summary (averaged over all series/windows/variates):
      MSE: 4.0723
      MAE: 1.2333
      RMSE: 1.6145
      MAPE: 5.7008
      sMAPE: 0.4911
      MASE: 0.7009
      ND: 0.3421
      CRPS: 0.2645
  Output: /fslarge/scratch/users/h61084/codes/evaluating_tsfms/outputs/context_size/tasks/chronos_bolt/context_length/128/univariate/MetroPT-3/5T/medium/run_0

--- Term: long ---
  Config: prediction_length=576, test_length=1728, val_length=1728
  Dataset info:
    - Frequency: 5T
    - Num series: 1
    - Target dim: 6
    - Target mode: univariate
    - Series length: min=17809, max=17809, avg=17809.0
    - Test split: 1728 steps
    - Prediction length: 576
    - Windows: 3
TIME run allocation action=new run=/fslarge/scratch/users/h61084/codes/evaluating_tsfms/outputs/context_size/tasks/chronos_bolt/context_length/128/univariate/MetroPT-3/5T/long/run_0 launch_id=selena_context_size_20260920T193931Z_45055 slurm_job_id=3506737 launched_at=2026-09-20T19:53:13.032093+00:00
  Preparing input batches from Test split data...
    Total instances to forecast: 18
  Running predictions (Batch size: 16)...
    Total instances: 18, Series during experiment: 6, Windows: 3
    Collecting ground truth and context...
    Detected to_univariate case: 6 flat series -> 1 series x 6 variates
    Organizing data into arrays...
    Saved predictions (quantiles) to /fslarge/scratch/users/h61084/codes/evaluating_tsfms/outputs/context_size/tasks/chronos_bolt/context_length/128/univariate/MetroPT-3/5T/long/run_0/predictions.npz
    Computing per-window metrics...
    Saved metrics to /fslarge/scratch/users/h61084/codes/evaluating_tsfms/outputs/context_size/tasks/chronos_bolt/context_length/128/univariate/MetroPT-3/5T/long/run_0/metrics.npz
    Saved config to /fslarge/scratch/users/h61084/codes/evaluating_tsfms/outputs/context_size/tasks/chronos_bolt/context_length/128/univariate/MetroPT-3/5T/long/run_0/config.json
    Saved aggregate metrics to /fslarge/scratch/users/h61084/codes/evaluating_tsfms/outputs/context_size/tasks/chronos_bolt/context_length/128/univariate/MetroPT-3/5T/long/run_0/metrics_summary.json
    Metrics summary (averaged over all series/windows/variates):
      MSE: 4.3180
      MAE: 1.2697
      RMSE: 1.6506
      MAPE: 5.7626
      sMAPE: 0.4937
      MASE: 0.7217
      ND: 0.3452
      CRPS: 0.2875
  Output: /fslarge/scratch/users/h61084/codes/evaluating_tsfms/outputs/context_size/tasks/chronos_bolt/context_length/128/univariate/MetroPT-3/5T/long/run_0

============================================================
All experiments completed!
Results saved to: /scratch/users/h61084/codes/evaluating_tsfms/outputs/context_size/tasks
============================================================

############################################################
# All datasets completed!
############################################################
2026-09-20 21:53:14 | task model=chronos_bolt runner=run_chronos_bolt.sh environment=uv covariate_mode=none target_mode=auto context_length=128 instance_normalization=none completed status=success
2026-09-20 21:53:14 | stage evaluate completed status=success
2026-09-20 21:53:14 | workflow context_size completed status=success exit_code=0
