[2026-09-21 10:44:56 UTC] resources allocation {"ADAPTIME_DEVICE": "unset", "CUDA_VISIBLE_DEVICES": "0", "SLURM_CPUS_PER_TASK": "8", "SLURM_JOB_GPUS": "0,1,2,3", "SLURM_JOB_ID": "3510352", "SLURM_MEM_PER_CPU": "unset", "SLURM_MEM_PER_NODE": "80000", "SLURM_STEP_GPUS": "0", "SLURM_STEP_ID": "0", "cpu_count": 8, "host": "sean0008"}
[2026-09-21 10:44:56 UTC] resources RAM {"MemAvailable_MiB": 372658.67578125, "MemTotal_MiB": 386622.91796875}
[2026-09-21 10:44:56 UTC] resources nvidia_inventory {"columns": "index,uuid,name,driver,total_MiB,free_MiB,used_MiB", "devices": ["0, GPU-4aeb2cd8-4d02-e1ac-4131-1a746cbc40b0, NVIDIA H100 NVL, 560.35.05, 95830, 95350, 1"]}
[2026-09-21 10:44:58 UTC] resources torch {"cuda_available": true, "note": "visibility probe; CPU-only stages need not use an allocated GPU", "version": "2.9.1+cu128", "visible_gpu_count": 1}
[2026-09-21 10:44:58 UTC] resources cuda_device {"capability": "9.0", "free_MiB": 94825.125, "logical_index": 0, "name": "NVIDIA H100 NVL", "total_MiB": 95350.1875}
2026-09-21 12:44:58 | workflow instance_normalization started launch_id=selena_instance_normalization_20260921T103653Z_18902 task=chronos2 slurm_job_id=3510352 slurm_array_job_id=none slurm_array_task_id=none
2026-09-21 12:44:58 | stage evaluate started
2026-09-21 12:44:58 | task model=chronos2 runner=run_chronos2.sh environment=uv covariate_mode=none target_mode=auto context_length=model_default instance_normalization=none started
[2026-09-21 12:44:58] TIME runner: run_chronos2.sh
[2026-09-21 12:44:58] datasets: /scratch/users/h61084/datasets/hf_dataset
[2026-09-21 12:44:58] weights: /scratch/users/h61084/weights
[2026-09-21 12:44:58] outputs: /scratch/users/h61084/codes/evaluating_tsfms/outputs
[2026-09-21 12:44:58] covariate mode: none
[2026-09-21 12:44:58] target mode: auto
[2026-09-21 12:44:58] context length: model_default
[2026-09-21 12:44:58] instance normalization: none

############################################################
# Dataset 1/1: Water_Quality_Darwin/15T
############################################################
[2026-09-21 10:45:06 UTC] resources model_device {"device": "cuda", "model": "chronos2"}
Loading configuration...

============================================================
Dataset: Water_Quality_Darwin/15T
Model: amazon/chronos-2
Checkpoint: /fslarge/scratch/users/h61084/weights/chronos2
Terms: ['short', 'medium', 'long']
Covariate mode: none
Instance normalization: none
============================================================

--- Term: short ---
  Config: prediction_length=16, test_length=1440, val_length=1440
TIME run allocation action=skip run=/fslarge/scratch/users/h61084/codes/evaluating_tsfms/outputs/instance_normalization/tasks/chronos2/normalization/none/multivariate/Water_Quality_Darwin/15T/short/run_0 source_launch=selena_instance_normalization_20260920T193952Z_48346 launch_id=selena_instance_normalization_20260921T103653Z_18902 slurm_job_id=3510352 launched_at=2026-09-21T10:45:06.884272+00:00
  Reused completed task: /fslarge/scratch/users/h61084/codes/evaluating_tsfms/outputs/instance_normalization/tasks/chronos2/normalization/none/multivariate/Water_Quality_Darwin/15T/short/run_0

--- Term: medium ---
  Config: prediction_length=96, test_length=1440, val_length=1440
TIME run allocation action=skip run=/fslarge/scratch/users/h61084/codes/evaluating_tsfms/outputs/instance_normalization/tasks/chronos2/normalization/none/multivariate/Water_Quality_Darwin/15T/medium/run_0 source_launch=selena_instance_normalization_20260920T193952Z_48346 launch_id=selena_instance_normalization_20260921T103653Z_18902 slurm_job_id=3510352 launched_at=2026-09-21T10:45:06.907825+00:00
  Reused completed task: /fslarge/scratch/users/h61084/codes/evaluating_tsfms/outputs/instance_normalization/tasks/chronos2/normalization/none/multivariate/Water_Quality_Darwin/15T/medium/run_0

--- Term: long ---
  Config: prediction_length=288, test_length=1440, val_length=1440
TIME run allocation action=skip run=/fslarge/scratch/users/h61084/codes/evaluating_tsfms/outputs/instance_normalization/tasks/chronos2/normalization/none/multivariate/Water_Quality_Darwin/15T/long/run_0 source_launch=selena_instance_normalization_20260920T193952Z_48346 launch_id=selena_instance_normalization_20260921T103653Z_18902 slurm_job_id=3510352 launched_at=2026-09-21T10:45:06.930652+00:00
  Reused completed task: /fslarge/scratch/users/h61084/codes/evaluating_tsfms/outputs/instance_normalization/tasks/chronos2/normalization/none/multivariate/Water_Quality_Darwin/15T/long/run_0

============================================================
All experiments completed!
Results saved to: /scratch/users/h61084/codes/evaluating_tsfms/outputs/instance_normalization/tasks
============================================================

############################################################
# All 1 dataset(s) completed!
############################################################

############################################################
# Dataset 1/1: current_velocity/5T
############################################################
[2026-09-21 10:45:15 UTC] resources model_device {"device": "cuda", "model": "chronos2"}
Loading configuration...

============================================================
Dataset: current_velocity/5T
Model: amazon/chronos-2
Checkpoint: /fslarge/scratch/users/h61084/weights/chronos2
Terms: ['short', 'medium', 'long']
Covariate mode: none
Instance normalization: none
============================================================

--- Term: short ---
  Config: prediction_length=36, test_length=4320, val_length=4320
TIME run allocation action=skip run=/fslarge/scratch/users/h61084/codes/evaluating_tsfms/outputs/instance_normalization/tasks/chronos2/normalization/none/multivariate/current_velocity/5T/short/run_0 source_launch=selena_instance_normalization_20260920T193952Z_48346 launch_id=selena_instance_normalization_20260921T103653Z_18902 slurm_job_id=3510352 launched_at=2026-09-21T10:45:15.298797+00:00
  Reused completed task: /fslarge/scratch/users/h61084/codes/evaluating_tsfms/outputs/instance_normalization/tasks/chronos2/normalization/none/multivariate/current_velocity/5T/short/run_0

--- Term: medium ---
  Config: prediction_length=288, test_length=4320, val_length=4320
TIME run allocation action=skip run=/fslarge/scratch/users/h61084/codes/evaluating_tsfms/outputs/instance_normalization/tasks/chronos2/normalization/none/multivariate/current_velocity/5T/medium/run_0 source_launch=selena_instance_normalization_20260920T193952Z_48346 launch_id=selena_instance_normalization_20260921T103653Z_18902 slurm_job_id=3510352 launched_at=2026-09-21T10:45:15.330498+00:00
  Reused completed task: /fslarge/scratch/users/h61084/codes/evaluating_tsfms/outputs/instance_normalization/tasks/chronos2/normalization/none/multivariate/current_velocity/5T/medium/run_0

--- Term: long ---
  Config: prediction_length=864, test_length=4320, val_length=4320
TIME run allocation action=skip run=/fslarge/scratch/users/h61084/codes/evaluating_tsfms/outputs/instance_normalization/tasks/chronos2/normalization/none/multivariate/current_velocity/5T/long/run_0 source_launch=selena_instance_normalization_20260920T193952Z_48346 launch_id=selena_instance_normalization_20260921T103653Z_18902 slurm_job_id=3510352 launched_at=2026-09-21T10:45:15.359967+00:00
  Reused completed task: /fslarge/scratch/users/h61084/codes/evaluating_tsfms/outputs/instance_normalization/tasks/chronos2/normalization/none/multivariate/current_velocity/5T/long/run_0

============================================================
All experiments completed!
Results saved to: /scratch/users/h61084/codes/evaluating_tsfms/outputs/instance_normalization/tasks
============================================================

############################################################
# All 1 dataset(s) completed!
############################################################

############################################################
# Dataset 1/1: current_velocity/10T
############################################################
[2026-09-21 10:45:23 UTC] resources model_device {"device": "cuda", "model": "chronos2"}
Loading configuration...

============================================================
Dataset: current_velocity/10T
Model: amazon/chronos-2
Checkpoint: /fslarge/scratch/users/h61084/weights/chronos2
Terms: ['short', 'medium', 'long']
Covariate mode: none
Instance normalization: none
============================================================

--- Term: short ---
  Config: prediction_length=18, test_length=2160, val_length=2160
TIME run allocation action=skip run=/fslarge/scratch/users/h61084/codes/evaluating_tsfms/outputs/instance_normalization/tasks/chronos2/normalization/none/multivariate/current_velocity/10T/short/run_0 source_launch=selena_instance_normalization_20260920T193952Z_48346 launch_id=selena_instance_normalization_20260921T103653Z_18902 slurm_job_id=3510352 launched_at=2026-09-21T10:45:23.737914+00:00
  Reused completed task: /fslarge/scratch/users/h61084/codes/evaluating_tsfms/outputs/instance_normalization/tasks/chronos2/normalization/none/multivariate/current_velocity/10T/short/run_0

--- Term: medium ---
  Config: prediction_length=144, test_length=2160, val_length=2160
TIME run allocation action=skip run=/fslarge/scratch/users/h61084/codes/evaluating_tsfms/outputs/instance_normalization/tasks/chronos2/normalization/none/multivariate/current_velocity/10T/medium/run_0 source_launch=selena_instance_normalization_20260920T193952Z_48346 launch_id=selena_instance_normalization_20260921T103653Z_18902 slurm_job_id=3510352 launched_at=2026-09-21T10:45:23.770872+00:00
  Reused completed task: /fslarge/scratch/users/h61084/codes/evaluating_tsfms/outputs/instance_normalization/tasks/chronos2/normalization/none/multivariate/current_velocity/10T/medium/run_0

--- Term: long ---
  Config: prediction_length=432, test_length=2160, val_length=2160
TIME run allocation action=skip run=/fslarge/scratch/users/h61084/codes/evaluating_tsfms/outputs/instance_normalization/tasks/chronos2/normalization/none/multivariate/current_velocity/10T/long/run_0 source_launch=selena_instance_normalization_20260920T193952Z_48346 launch_id=selena_instance_normalization_20260921T103653Z_18902 slurm_job_id=3510352 launched_at=2026-09-21T10:45:23.801717+00:00
  Reused completed task: /fslarge/scratch/users/h61084/codes/evaluating_tsfms/outputs/instance_normalization/tasks/chronos2/normalization/none/multivariate/current_velocity/10T/long/run_0

============================================================
All experiments completed!
Results saved to: /scratch/users/h61084/codes/evaluating_tsfms/outputs/instance_normalization/tasks
============================================================

############################################################
# All 1 dataset(s) completed!
############################################################

############################################################
# Dataset 1/1: current_velocity/15T
############################################################
[2026-09-21 10:45:32 UTC] resources model_device {"device": "cuda", "model": "chronos2"}
Loading configuration...

============================================================
Dataset: current_velocity/15T
Model: amazon/chronos-2
Checkpoint: /fslarge/scratch/users/h61084/weights/chronos2
Terms: ['short', 'medium', 'long']
Covariate mode: none
Instance normalization: none
============================================================

--- Term: short ---
  Config: prediction_length=12, test_length=1440, val_length=1440
TIME run allocation action=skip run=/fslarge/scratch/users/h61084/codes/evaluating_tsfms/outputs/instance_normalization/tasks/chronos2/normalization/none/multivariate/current_velocity/15T/short/run_0 source_launch=selena_instance_normalization_20260920T193952Z_48346 launch_id=selena_instance_normalization_20260921T103653Z_18902 slurm_job_id=3510352 launched_at=2026-09-21T10:45:32.094197+00:00
  Reused completed task: /fslarge/scratch/users/h61084/codes/evaluating_tsfms/outputs/instance_normalization/tasks/chronos2/normalization/none/multivariate/current_velocity/15T/short/run_0

--- Term: medium ---
  Config: prediction_length=96, test_length=1440, val_length=1440
TIME run allocation action=skip run=/fslarge/scratch/users/h61084/codes/evaluating_tsfms/outputs/instance_normalization/tasks/chronos2/normalization/none/multivariate/current_velocity/15T/medium/run_0 source_launch=selena_instance_normalization_20260920T193952Z_48346 launch_id=selena_instance_normalization_20260921T103653Z_18902 slurm_job_id=3510352 launched_at=2026-09-21T10:45:32.118418+00:00
  Reused completed task: /fslarge/scratch/users/h61084/codes/evaluating_tsfms/outputs/instance_normalization/tasks/chronos2/normalization/none/multivariate/current_velocity/15T/medium/run_0

--- Term: long ---
  Config: prediction_length=288, test_length=1440, val_length=1440
TIME run allocation action=skip run=/fslarge/scratch/users/h61084/codes/evaluating_tsfms/outputs/instance_normalization/tasks/chronos2/normalization/none/multivariate/current_velocity/15T/long/run_0 source_launch=selena_instance_normalization_20260920T193952Z_48346 launch_id=selena_instance_normalization_20260921T103653Z_18902 slurm_job_id=3510352 launched_at=2026-09-21T10:45:32.141571+00:00
  Reused completed task: /fslarge/scratch/users/h61084/codes/evaluating_tsfms/outputs/instance_normalization/tasks/chronos2/normalization/none/multivariate/current_velocity/15T/long/run_0

============================================================
All experiments completed!
Results saved to: /scratch/users/h61084/codes/evaluating_tsfms/outputs/instance_normalization/tasks
============================================================

############################################################
# All 1 dataset(s) completed!
############################################################

############################################################
# Dataset 1/1: current_velocity/20T
############################################################
[2026-09-21 10:45:40 UTC] resources model_device {"device": "cuda", "model": "chronos2"}
Loading configuration...

============================================================
Dataset: current_velocity/20T
Model: amazon/chronos-2
Checkpoint: /fslarge/scratch/users/h61084/weights/chronos2
Terms: ['short', 'medium', 'long']
Covariate mode: none
Instance normalization: none
============================================================

--- Term: short ---
  Config: prediction_length=9, test_length=1080, val_length=1080
TIME run allocation action=skip run=/fslarge/scratch/users/h61084/codes/evaluating_tsfms/outputs/instance_normalization/tasks/chronos2/normalization/none/multivariate/current_velocity/20T/short/run_0 source_launch=selena_instance_normalization_20260920T193952Z_48346 launch_id=selena_instance_normalization_20260921T103653Z_18902 slurm_job_id=3510352 launched_at=2026-09-21T10:45:40.532203+00:00
  Reused completed task: /fslarge/scratch/users/h61084/codes/evaluating_tsfms/outputs/instance_normalization/tasks/chronos2/normalization/none/multivariate/current_velocity/20T/short/run_0

--- Term: medium ---
  Config: prediction_length=72, test_length=1080, val_length=1080
TIME run allocation action=skip run=/fslarge/scratch/users/h61084/codes/evaluating_tsfms/outputs/instance_normalization/tasks/chronos2/normalization/none/multivariate/current_velocity/20T/medium/run_0 source_launch=selena_instance_normalization_20260920T193952Z_48346 launch_id=selena_instance_normalization_20260921T103653Z_18902 slurm_job_id=3510352 launched_at=2026-09-21T10:45:40.546939+00:00
  Reused completed task: /fslarge/scratch/users/h61084/codes/evaluating_tsfms/outputs/instance_normalization/tasks/chronos2/normalization/none/multivariate/current_velocity/20T/medium/run_0

--- Term: long ---
  Config: prediction_length=216, test_length=1080, val_length=1080
TIME run allocation action=skip run=/fslarge/scratch/users/h61084/codes/evaluating_tsfms/outputs/instance_normalization/tasks/chronos2/normalization/none/multivariate/current_velocity/20T/long/run_0 source_launch=selena_instance_normalization_20260920T193952Z_48346 launch_id=selena_instance_normalization_20260921T103653Z_18902 slurm_job_id=3510352 launched_at=2026-09-21T10:45:40.561158+00:00
  Reused completed task: /fslarge/scratch/users/h61084/codes/evaluating_tsfms/outputs/instance_normalization/tasks/chronos2/normalization/none/multivariate/current_velocity/20T/long/run_0

============================================================
All experiments completed!
Results saved to: /scratch/users/h61084/codes/evaluating_tsfms/outputs/instance_normalization/tasks
============================================================

############################################################
# All 1 dataset(s) completed!
############################################################

############################################################
# Dataset 1/1: current_velocity/H
############################################################
[2026-09-21 10:45:48 UTC] resources model_device {"device": "cuda", "model": "chronos2"}
Loading configuration...

============================================================
Dataset: current_velocity/H
Model: amazon/chronos-2
Checkpoint: /fslarge/scratch/users/h61084/weights/chronos2
Terms: ['short', 'medium', 'long']
Covariate mode: none
Instance normalization: none
============================================================

--- Term: short ---
  Config: prediction_length=24, test_length=672, val_length=672
TIME run allocation action=skip run=/fslarge/scratch/users/h61084/codes/evaluating_tsfms/outputs/instance_normalization/tasks/chronos2/normalization/none/multivariate/current_velocity/H/short/run_0 source_launch=selena_instance_normalization_20260920T193952Z_48346 launch_id=selena_instance_normalization_20260921T103653Z_18902 slurm_job_id=3510352 launched_at=2026-09-21T10:45:48.908222+00:00
  Reused completed task: /fslarge/scratch/users/h61084/codes/evaluating_tsfms/outputs/instance_normalization/tasks/chronos2/normalization/none/multivariate/current_velocity/H/short/run_0

--- Term: medium ---
  Config: prediction_length=168, test_length=672, val_length=672
TIME run allocation action=skip run=/fslarge/scratch/users/h61084/codes/evaluating_tsfms/outputs/instance_normalization/tasks/chronos2/normalization/none/multivariate/current_velocity/H/medium/run_0 source_launch=selena_instance_normalization_20260920T193952Z_48346 launch_id=selena_instance_normalization_20260921T103653Z_18902 slurm_job_id=3510352 launched_at=2026-09-21T10:45:48.925187+00:00
  Reused completed task: /fslarge/scratch/users/h61084/codes/evaluating_tsfms/outputs/instance_normalization/tasks/chronos2/normalization/none/multivariate/current_velocity/H/medium/run_0

--- Term: long ---
  Config: prediction_length=336, test_length=672, val_length=672
TIME run allocation action=skip run=/fslarge/scratch/users/h61084/codes/evaluating_tsfms/outputs/instance_normalization/tasks/chronos2/normalization/none/multivariate/current_velocity/H/long/run_0 source_launch=selena_instance_normalization_20260920T193952Z_48346 launch_id=selena_instance_normalization_20260921T103653Z_18902 slurm_job_id=3510352 launched_at=2026-09-21T10:45:48.940084+00:00
  Reused completed task: /fslarge/scratch/users/h61084/codes/evaluating_tsfms/outputs/instance_normalization/tasks/chronos2/normalization/none/multivariate/current_velocity/H/long/run_0

============================================================
All experiments completed!
Results saved to: /scratch/users/h61084/codes/evaluating_tsfms/outputs/instance_normalization/tasks
============================================================

############################################################
# All 1 dataset(s) completed!
############################################################

############################################################
# Dataset 1/1: CPHL/15T
############################################################
[2026-09-21 10:45:57 UTC] resources model_device {"device": "cuda", "model": "chronos2"}
Loading configuration...

============================================================
Dataset: CPHL/15T
Model: amazon/chronos-2
Checkpoint: /fslarge/scratch/users/h61084/weights/chronos2
Terms: ['short', 'medium', 'long']
Covariate mode: none
Instance normalization: none
============================================================

--- Term: short ---
  Config: prediction_length=12, test_length=1440, val_length=1440
TIME run allocation action=skip run=/fslarge/scratch/users/h61084/codes/evaluating_tsfms/outputs/instance_normalization/tasks/chronos2/normalization/none/univariate/CPHL/15T/short/run_0 source_launch=selena_instance_normalization_20260920T193952Z_48346 launch_id=selena_instance_normalization_20260921T103653Z_18902 slurm_job_id=3510352 launched_at=2026-09-21T10:45:57.323876+00:00
  Reused completed task: /fslarge/scratch/users/h61084/codes/evaluating_tsfms/outputs/instance_normalization/tasks/chronos2/normalization/none/univariate/CPHL/15T/short/run_0

--- Term: medium ---
  Config: prediction_length=96, test_length=1440, val_length=1440
TIME run allocation action=skip run=/fslarge/scratch/users/h61084/codes/evaluating_tsfms/outputs/instance_normalization/tasks/chronos2/normalization/none/univariate/CPHL/15T/medium/run_0 source_launch=selena_instance_normalization_20260920T193952Z_48346 launch_id=selena_instance_normalization_20260921T103653Z_18902 slurm_job_id=3510352 launched_at=2026-09-21T10:45:57.336444+00:00
  Reused completed task: /fslarge/scratch/users/h61084/codes/evaluating_tsfms/outputs/instance_normalization/tasks/chronos2/normalization/none/univariate/CPHL/15T/medium/run_0

--- Term: long ---
  Config: prediction_length=288, test_length=1440, val_length=1440
TIME run allocation action=skip run=/fslarge/scratch/users/h61084/codes/evaluating_tsfms/outputs/instance_normalization/tasks/chronos2/normalization/none/univariate/CPHL/15T/long/run_0 source_launch=selena_instance_normalization_20260920T193952Z_48346 launch_id=selena_instance_normalization_20260921T103653Z_18902 slurm_job_id=3510352 launched_at=2026-09-21T10:45:57.348596+00:00
  Reused completed task: /fslarge/scratch/users/h61084/codes/evaluating_tsfms/outputs/instance_normalization/tasks/chronos2/normalization/none/univariate/CPHL/15T/long/run_0

============================================================
All experiments completed!
Results saved to: /scratch/users/h61084/codes/evaluating_tsfms/outputs/instance_normalization/tasks
============================================================

############################################################
# All 1 dataset(s) completed!
############################################################

############################################################
# Dataset 1/1: CPHL/30T
############################################################
[2026-09-21 10:46:05 UTC] resources model_device {"device": "cuda", "model": "chronos2"}
Loading configuration...

============================================================
Dataset: CPHL/30T
Model: amazon/chronos-2
Checkpoint: /fslarge/scratch/users/h61084/weights/chronos2
Terms: ['short', 'medium', 'long']
Covariate mode: none
Instance normalization: none
============================================================

--- Term: short ---
  Config: prediction_length=12, test_length=1440, val_length=1440
TIME run allocation action=skip run=/fslarge/scratch/users/h61084/codes/evaluating_tsfms/outputs/instance_normalization/tasks/chronos2/normalization/none/univariate/CPHL/30T/short/run_0 source_launch=selena_instance_normalization_20260920T193952Z_48346 launch_id=selena_instance_normalization_20260921T103653Z_18902 slurm_job_id=3510352 launched_at=2026-09-21T10:46:05.780262+00:00
  Reused completed task: /fslarge/scratch/users/h61084/codes/evaluating_tsfms/outputs/instance_normalization/tasks/chronos2/normalization/none/univariate/CPHL/30T/short/run_0

--- Term: medium ---
  Config: prediction_length=48, test_length=1440, val_length=1440
TIME run allocation action=skip run=/fslarge/scratch/users/h61084/codes/evaluating_tsfms/outputs/instance_normalization/tasks/chronos2/normalization/none/univariate/CPHL/30T/medium/run_0 source_launch=selena_instance_normalization_20260920T193952Z_48346 launch_id=selena_instance_normalization_20260921T103653Z_18902 slurm_job_id=3510352 launched_at=2026-09-21T10:46:05.793126+00:00
  Reused completed task: /fslarge/scratch/users/h61084/codes/evaluating_tsfms/outputs/instance_normalization/tasks/chronos2/normalization/none/univariate/CPHL/30T/medium/run_0

--- Term: long ---
  Config: prediction_length=144, test_length=1440, val_length=1440
TIME run allocation action=skip run=/fslarge/scratch/users/h61084/codes/evaluating_tsfms/outputs/instance_normalization/tasks/chronos2/normalization/none/univariate/CPHL/30T/long/run_0 source_launch=selena_instance_normalization_20260920T193952Z_48346 launch_id=selena_instance_normalization_20260921T103653Z_18902 slurm_job_id=3510352 launched_at=2026-09-21T10:46:05.805884+00:00
  Reused completed task: /fslarge/scratch/users/h61084/codes/evaluating_tsfms/outputs/instance_normalization/tasks/chronos2/normalization/none/univariate/CPHL/30T/long/run_0

============================================================
All experiments completed!
Results saved to: /scratch/users/h61084/codes/evaluating_tsfms/outputs/instance_normalization/tasks
============================================================

############################################################
# All 1 dataset(s) completed!
############################################################

############################################################
# Dataset 1/1: CPHL/H
############################################################
[2026-09-21 10:46:14 UTC] resources model_device {"device": "cuda", "model": "chronos2"}
Loading configuration...

============================================================
Dataset: CPHL/H
Model: amazon/chronos-2
Checkpoint: /fslarge/scratch/users/h61084/weights/chronos2
Terms: ['short', 'medium', 'long']
Covariate mode: none
Instance normalization: none
============================================================

--- Term: short ---
  Config: prediction_length=24, test_length=672, val_length=672
TIME run allocation action=skip run=/fslarge/scratch/users/h61084/codes/evaluating_tsfms/outputs/instance_normalization/tasks/chronos2/normalization/none/univariate/CPHL/H/short/run_0 source_launch=selena_instance_normalization_20260920T193952Z_48346 launch_id=selena_instance_normalization_20260921T103653Z_18902 slurm_job_id=3510352 launched_at=2026-09-21T10:46:14.143795+00:00
  Reused completed task: /fslarge/scratch/users/h61084/codes/evaluating_tsfms/outputs/instance_normalization/tasks/chronos2/normalization/none/univariate/CPHL/H/short/run_0

--- Term: medium ---
  Config: prediction_length=168, test_length=672, val_length=672
TIME run allocation action=skip run=/fslarge/scratch/users/h61084/codes/evaluating_tsfms/outputs/instance_normalization/tasks/chronos2/normalization/none/univariate/CPHL/H/medium/run_0 source_launch=selena_instance_normalization_20260920T193952Z_48346 launch_id=selena_instance_normalization_20260921T103653Z_18902 slurm_job_id=3510352 launched_at=2026-09-21T10:46:14.155602+00:00
  Reused completed task: /fslarge/scratch/users/h61084/codes/evaluating_tsfms/outputs/instance_normalization/tasks/chronos2/normalization/none/univariate/CPHL/H/medium/run_0

--- Term: long ---
  Config: prediction_length=336, test_length=672, val_length=672
TIME run allocation action=skip run=/fslarge/scratch/users/h61084/codes/evaluating_tsfms/outputs/instance_normalization/tasks/chronos2/normalization/none/univariate/CPHL/H/long/run_0 source_launch=selena_instance_normalization_20260920T193952Z_48346 launch_id=selena_instance_normalization_20260921T103653Z_18902 slurm_job_id=3510352 launched_at=2026-09-21T10:46:14.167153+00:00
  Reused completed task: /fslarge/scratch/users/h61084/codes/evaluating_tsfms/outputs/instance_normalization/tasks/chronos2/normalization/none/univariate/CPHL/H/long/run_0

============================================================
All experiments completed!
Results saved to: /scratch/users/h61084/codes/evaluating_tsfms/outputs/instance_normalization/tasks
============================================================

############################################################
# All 1 dataset(s) completed!
############################################################

############################################################
# Dataset 1/1: Coastal_T_S/5T
############################################################
[2026-09-21 10:46:22 UTC] resources model_device {"device": "cuda", "model": "chronos2"}
Loading configuration...

============================================================
Dataset: Coastal_T_S/5T
Model: amazon/chronos-2
Checkpoint: /fslarge/scratch/users/h61084/weights/chronos2
Terms: ['short', 'medium', 'long']
Covariate mode: none
Instance normalization: none
============================================================

--- Term: short ---
  Config: prediction_length=36, test_length=4320, val_length=4320
TIME run allocation action=skip run=/fslarge/scratch/users/h61084/codes/evaluating_tsfms/outputs/instance_normalization/tasks/chronos2/normalization/none/multivariate/Coastal_T_S/5T/short/run_0 source_launch=selena_instance_normalization_20260920T193952Z_48346 launch_id=selena_instance_normalization_20260921T103653Z_18902 slurm_job_id=3510352 launched_at=2026-09-21T10:46:22.629661+00:00
  Reused completed task: /fslarge/scratch/users/h61084/codes/evaluating_tsfms/outputs/instance_normalization/tasks/chronos2/normalization/none/multivariate/Coastal_T_S/5T/short/run_0

--- Term: medium ---
  Config: prediction_length=288, test_length=4320, val_length=4320
TIME run allocation action=skip run=/fslarge/scratch/users/h61084/codes/evaluating_tsfms/outputs/instance_normalization/tasks/chronos2/normalization/none/multivariate/Coastal_T_S/5T/medium/run_0 source_launch=selena_instance_normalization_20260920T193952Z_48346 launch_id=selena_instance_normalization_20260921T103653Z_18902 slurm_job_id=3510352 launched_at=2026-09-21T10:46:22.682602+00:00
  Reused completed task: /fslarge/scratch/users/h61084/codes/evaluating_tsfms/outputs/instance_normalization/tasks/chronos2/normalization/none/multivariate/Coastal_T_S/5T/medium/run_0

--- Term: long ---
  Config: prediction_length=864, test_length=4320, val_length=4320
TIME run allocation action=skip run=/fslarge/scratch/users/h61084/codes/evaluating_tsfms/outputs/instance_normalization/tasks/chronos2/normalization/none/multivariate/Coastal_T_S/5T/long/run_0 source_launch=selena_instance_normalization_20260920T193952Z_48346 launch_id=selena_instance_normalization_20260921T103653Z_18902 slurm_job_id=3510352 launched_at=2026-09-21T10:46:22.733752+00:00
  Reused completed task: /fslarge/scratch/users/h61084/codes/evaluating_tsfms/outputs/instance_normalization/tasks/chronos2/normalization/none/multivariate/Coastal_T_S/5T/long/run_0

============================================================
All experiments completed!
Results saved to: /scratch/users/h61084/codes/evaluating_tsfms/outputs/instance_normalization/tasks
============================================================

############################################################
# All 1 dataset(s) completed!
############################################################

############################################################
# Dataset 1/1: Coastal_T_S/15T
############################################################
[2026-09-21 10:46:31 UTC] resources model_device {"device": "cuda", "model": "chronos2"}
Loading configuration...

============================================================
Dataset: Coastal_T_S/15T
Model: amazon/chronos-2
Checkpoint: /fslarge/scratch/users/h61084/weights/chronos2
Terms: ['short', 'medium', 'long']
Covariate mode: none
Instance normalization: none
============================================================

--- Term: short ---
  Config: prediction_length=12, test_length=1440, val_length=1440
TIME run allocation action=skip run=/fslarge/scratch/users/h61084/codes/evaluating_tsfms/outputs/instance_normalization/tasks/chronos2/normalization/none/multivariate/Coastal_T_S/15T/short/run_0 source_launch=selena_instance_normalization_20260920T193952Z_48346 launch_id=selena_instance_normalization_20260921T103653Z_18902 slurm_job_id=3510352 launched_at=2026-09-21T10:46:31.091939+00:00
  Reused completed task: /fslarge/scratch/users/h61084/codes/evaluating_tsfms/outputs/instance_normalization/tasks/chronos2/normalization/none/multivariate/Coastal_T_S/15T/short/run_0

--- Term: medium ---
  Config: prediction_length=96, test_length=1440, val_length=1440
TIME run allocation action=skip run=/fslarge/scratch/users/h61084/codes/evaluating_tsfms/outputs/instance_normalization/tasks/chronos2/normalization/none/multivariate/Coastal_T_S/15T/medium/run_0 source_launch=selena_instance_normalization_20260920T193952Z_48346 launch_id=selena_instance_normalization_20260921T103653Z_18902 slurm_job_id=3510352 launched_at=2026-09-21T10:46:31.111339+00:00
  Reused completed task: /fslarge/scratch/users/h61084/codes/evaluating_tsfms/outputs/instance_normalization/tasks/chronos2/normalization/none/multivariate/Coastal_T_S/15T/medium/run_0

--- Term: long ---
  Config: prediction_length=288, test_length=1440, val_length=1440
TIME run allocation action=skip run=/fslarge/scratch/users/h61084/codes/evaluating_tsfms/outputs/instance_normalization/tasks/chronos2/normalization/none/multivariate/Coastal_T_S/15T/long/run_0 source_launch=selena_instance_normalization_20260920T193952Z_48346 launch_id=selena_instance_normalization_20260921T103653Z_18902 slurm_job_id=3510352 launched_at=2026-09-21T10:46:31.129866+00:00
  Reused completed task: /fslarge/scratch/users/h61084/codes/evaluating_tsfms/outputs/instance_normalization/tasks/chronos2/normalization/none/multivariate/Coastal_T_S/15T/long/run_0

============================================================
All experiments completed!
Results saved to: /scratch/users/h61084/codes/evaluating_tsfms/outputs/instance_normalization/tasks
============================================================

############################################################
# All 1 dataset(s) completed!
############################################################

############################################################
# Dataset 1/1: Coastal_T_S/20T
############################################################
[2026-09-21 10:46:39 UTC] resources model_device {"device": "cuda", "model": "chronos2"}
Loading configuration...

============================================================
Dataset: Coastal_T_S/20T
Model: amazon/chronos-2
Checkpoint: /fslarge/scratch/users/h61084/weights/chronos2
Terms: ['short', 'medium', 'long']
Covariate mode: none
Instance normalization: none
============================================================

--- Term: short ---
  Config: prediction_length=9, test_length=1080, val_length=1080
TIME run allocation action=skip run=/fslarge/scratch/users/h61084/codes/evaluating_tsfms/outputs/instance_normalization/tasks/chronos2/normalization/none/multivariate/Coastal_T_S/20T/short/run_0 source_launch=selena_instance_normalization_20260920T193952Z_48346 launch_id=selena_instance_normalization_20260921T103653Z_18902 slurm_job_id=3510352 launched_at=2026-09-21T10:46:39.475551+00:00
  Reused completed task: /fslarge/scratch/users/h61084/codes/evaluating_tsfms/outputs/instance_normalization/tasks/chronos2/normalization/none/multivariate/Coastal_T_S/20T/short/run_0

--- Term: medium ---
  Config: prediction_length=72, test_length=1080, val_length=1080
TIME run allocation action=skip run=/fslarge/scratch/users/h61084/codes/evaluating_tsfms/outputs/instance_normalization/tasks/chronos2/normalization/none/multivariate/Coastal_T_S/20T/medium/run_0 source_launch=selena_instance_normalization_20260920T193952Z_48346 launch_id=selena_instance_normalization_20260921T103653Z_18902 slurm_job_id=3510352 launched_at=2026-09-21T10:46:39.489581+00:00
  Reused completed task: /fslarge/scratch/users/h61084/codes/evaluating_tsfms/outputs/instance_normalization/tasks/chronos2/normalization/none/multivariate/Coastal_T_S/20T/medium/run_0

--- Term: long ---
  Config: prediction_length=216, test_length=1080, val_length=1080
TIME run allocation action=skip run=/fslarge/scratch/users/h61084/codes/evaluating_tsfms/outputs/instance_normalization/tasks/chronos2/normalization/none/multivariate/Coastal_T_S/20T/long/run_0 source_launch=selena_instance_normalization_20260920T193952Z_48346 launch_id=selena_instance_normalization_20260921T103653Z_18902 slurm_job_id=3510352 launched_at=2026-09-21T10:46:39.504361+00:00
  Reused completed task: /fslarge/scratch/users/h61084/codes/evaluating_tsfms/outputs/instance_normalization/tasks/chronos2/normalization/none/multivariate/Coastal_T_S/20T/long/run_0

============================================================
All experiments completed!
Results saved to: /scratch/users/h61084/codes/evaluating_tsfms/outputs/instance_normalization/tasks
============================================================

############################################################
# All 1 dataset(s) completed!
############################################################

############################################################
# Dataset 1/1: Coastal_T_S/H
############################################################
[2026-09-21 10:46:47 UTC] resources model_device {"device": "cuda", "model": "chronos2"}
Loading configuration...

============================================================
Dataset: Coastal_T_S/H
Model: amazon/chronos-2
Checkpoint: /fslarge/scratch/users/h61084/weights/chronos2
Terms: ['short', 'medium', 'long']
Covariate mode: none
Instance normalization: none
============================================================

--- Term: short ---
  Config: prediction_length=24, test_length=672, val_length=672
TIME run allocation action=skip run=/fslarge/scratch/users/h61084/codes/evaluating_tsfms/outputs/instance_normalization/tasks/chronos2/normalization/none/multivariate/Coastal_T_S/H/short/run_0 source_launch=selena_instance_normalization_20260920T193952Z_48346 launch_id=selena_instance_normalization_20260921T103653Z_18902 slurm_job_id=3510352 launched_at=2026-09-21T10:46:47.886875+00:00
  Reused completed task: /fslarge/scratch/users/h61084/codes/evaluating_tsfms/outputs/instance_normalization/tasks/chronos2/normalization/none/multivariate/Coastal_T_S/H/short/run_0

--- Term: medium ---
  Config: prediction_length=168, test_length=672, val_length=672
TIME run allocation action=skip run=/fslarge/scratch/users/h61084/codes/evaluating_tsfms/outputs/instance_normalization/tasks/chronos2/normalization/none/multivariate/Coastal_T_S/H/medium/run_0 source_launch=selena_instance_normalization_20260920T193952Z_48346 launch_id=selena_instance_normalization_20260921T103653Z_18902 slurm_job_id=3510352 launched_at=2026-09-21T10:46:47.901627+00:00
  Reused completed task: /fslarge/scratch/users/h61084/codes/evaluating_tsfms/outputs/instance_normalization/tasks/chronos2/normalization/none/multivariate/Coastal_T_S/H/medium/run_0

--- Term: long ---
  Config: prediction_length=336, test_length=672, val_length=672
TIME run allocation action=skip run=/fslarge/scratch/users/h61084/codes/evaluating_tsfms/outputs/instance_normalization/tasks/chronos2/normalization/none/multivariate/Coastal_T_S/H/long/run_0 source_launch=selena_instance_normalization_20260920T193952Z_48346 launch_id=selena_instance_normalization_20260921T103653Z_18902 slurm_job_id=3510352 launched_at=2026-09-21T10:46:47.915983+00:00
  Reused completed task: /fslarge/scratch/users/h61084/codes/evaluating_tsfms/outputs/instance_normalization/tasks/chronos2/normalization/none/multivariate/Coastal_T_S/H/long/run_0

============================================================
All experiments completed!
Results saved to: /scratch/users/h61084/codes/evaluating_tsfms/outputs/instance_normalization/tasks
============================================================

############################################################
# All 1 dataset(s) completed!
############################################################

############################################################
# Dataset 1/1: SG_Weather/D
############################################################
[2026-09-21 10:46:56 UTC] resources model_device {"device": "cuda", "model": "chronos2"}
Loading configuration...

============================================================
Dataset: SG_Weather/D
Model: amazon/chronos-2
Checkpoint: /fslarge/scratch/users/h61084/weights/chronos2
Terms: ['short', 'medium', 'long']
Covariate mode: none
Instance normalization: none
============================================================

--- Term: short ---
  Config: prediction_length=3, test_length=366, val_length=366
TIME run allocation action=skip run=/fslarge/scratch/users/h61084/codes/evaluating_tsfms/outputs/instance_normalization/tasks/chronos2/normalization/none/multivariate/SG_Weather/D/short/run_0 source_launch=selena_instance_normalization_20260920T193952Z_48346 launch_id=selena_instance_normalization_20260921T103653Z_18902 slurm_job_id=3510352 launched_at=2026-09-21T10:46:56.262132+00:00
  Reused completed task: /fslarge/scratch/users/h61084/codes/evaluating_tsfms/outputs/instance_normalization/tasks/chronos2/normalization/none/multivariate/SG_Weather/D/short/run_0

--- Term: medium ---
  Config: prediction_length=7, test_length=366, val_length=366
TIME run allocation action=skip run=/fslarge/scratch/users/h61084/codes/evaluating_tsfms/outputs/instance_normalization/tasks/chronos2/normalization/none/multivariate/SG_Weather/D/medium/run_0 source_launch=selena_instance_normalization_20260920T193952Z_48346 launch_id=selena_instance_normalization_20260921T103653Z_18902 slurm_job_id=3510352 launched_at=2026-09-21T10:46:56.274795+00:00
  Reused completed task: /fslarge/scratch/users/h61084/codes/evaluating_tsfms/outputs/instance_normalization/tasks/chronos2/normalization/none/multivariate/SG_Weather/D/medium/run_0

--- Term: long ---
  Config: prediction_length=14, test_length=366, val_length=366
TIME run allocation action=skip run=/fslarge/scratch/users/h61084/codes/evaluating_tsfms/outputs/instance_normalization/tasks/chronos2/normalization/none/multivariate/SG_Weather/D/long/run_0 source_launch=selena_instance_normalization_20260920T193952Z_48346 launch_id=selena_instance_normalization_20260921T103653Z_18902 slurm_job_id=3510352 launched_at=2026-09-21T10:46:56.287352+00:00
  Reused completed task: /fslarge/scratch/users/h61084/codes/evaluating_tsfms/outputs/instance_normalization/tasks/chronos2/normalization/none/multivariate/SG_Weather/D/long/run_0

============================================================
All experiments completed!
Results saved to: /scratch/users/h61084/codes/evaluating_tsfms/outputs/instance_normalization/tasks
============================================================

############################################################
# All 1 dataset(s) completed!
############################################################

############################################################
# Dataset 1/1: SG_PM25/H
############################################################
[2026-09-21 10:47:04 UTC] resources model_device {"device": "cuda", "model": "chronos2"}
Loading configuration...

============================================================
Dataset: SG_PM25/H
Model: amazon/chronos-2
Checkpoint: /fslarge/scratch/users/h61084/weights/chronos2
Terms: ['short', 'medium', 'long']
Covariate mode: none
Instance normalization: none
============================================================

--- Term: short ---
  Config: prediction_length=24, test_length=2208, val_length=2160
TIME run allocation action=skip run=/fslarge/scratch/users/h61084/codes/evaluating_tsfms/outputs/instance_normalization/tasks/chronos2/normalization/none/multivariate/SG_PM25/H/short/run_0 source_launch=selena_instance_normalization_20260920T193952Z_48346 launch_id=selena_instance_normalization_20260921T103653Z_18902 slurm_job_id=3510352 launched_at=2026-09-21T10:47:04.692426+00:00
  Reused completed task: /fslarge/scratch/users/h61084/codes/evaluating_tsfms/outputs/instance_normalization/tasks/chronos2/normalization/none/multivariate/SG_PM25/H/short/run_0

--- Term: medium ---
  Config: prediction_length=72, test_length=2208, val_length=2160
TIME run allocation action=skip run=/fslarge/scratch/users/h61084/codes/evaluating_tsfms/outputs/instance_normalization/tasks/chronos2/normalization/none/multivariate/SG_PM25/H/medium/run_0 source_launch=selena_instance_normalization_20260920T193952Z_48346 launch_id=selena_instance_normalization_20260921T103653Z_18902 slurm_job_id=3510352 launched_at=2026-09-21T10:47:04.727590+00:00
  Reused completed task: /fslarge/scratch/users/h61084/codes/evaluating_tsfms/outputs/instance_normalization/tasks/chronos2/normalization/none/multivariate/SG_PM25/H/medium/run_0

--- Term: long ---
  Config: prediction_length=168, test_length=2208, val_length=2160
TIME run allocation action=skip run=/fslarge/scratch/users/h61084/codes/evaluating_tsfms/outputs/instance_normalization/tasks/chronos2/normalization/none/multivariate/SG_PM25/H/long/run_0 source_launch=selena_instance_normalization_20260920T193952Z_48346 launch_id=selena_instance_normalization_20260921T103653Z_18902 slurm_job_id=3510352 launched_at=2026-09-21T10:47:04.761905+00:00
  Reused completed task: /fslarge/scratch/users/h61084/codes/evaluating_tsfms/outputs/instance_normalization/tasks/chronos2/normalization/none/multivariate/SG_PM25/H/long/run_0

============================================================
All experiments completed!
Results saved to: /scratch/users/h61084/codes/evaluating_tsfms/outputs/instance_normalization/tasks
============================================================

############################################################
# All 1 dataset(s) completed!
############################################################

############################################################
# Dataset 1/1: NE_China_Wind/H
############################################################
[2026-09-21 10:47:13 UTC] resources model_device {"device": "cuda", "model": "chronos2"}
Loading configuration...

============================================================
Dataset: NE_China_Wind/H
Model: amazon/chronos-2
Checkpoint: /fslarge/scratch/users/h61084/weights/chronos2
Terms: ['short', 'medium', 'long']
Covariate mode: none
Instance normalization: none
============================================================

--- Term: short ---
  Config: prediction_length=24, test_length=720, val_length=720
TIME run allocation action=skip run=/fslarge/scratch/users/h61084/codes/evaluating_tsfms/outputs/instance_normalization/tasks/chronos2/normalization/none/multivariate/NE_China_Wind/H/short/run_0 source_launch=selena_instance_normalization_20260920T193952Z_48346 launch_id=selena_instance_normalization_20260921T103653Z_18902 slurm_job_id=3510352 launched_at=2026-09-21T10:47:13.096312+00:00
  Reused completed task: /fslarge/scratch/users/h61084/codes/evaluating_tsfms/outputs/instance_normalization/tasks/chronos2/normalization/none/multivariate/NE_China_Wind/H/short/run_0

--- Term: medium ---
  Config: prediction_length=72, test_length=720, val_length=720
TIME run allocation action=skip run=/fslarge/scratch/users/h61084/codes/evaluating_tsfms/outputs/instance_normalization/tasks/chronos2/normalization/none/multivariate/NE_China_Wind/H/medium/run_0 source_launch=selena_instance_normalization_20260920T193952Z_48346 launch_id=selena_instance_normalization_20260921T103653Z_18902 slurm_job_id=3510352 launched_at=2026-09-21T10:47:13.111476+00:00
  Reused completed task: /fslarge/scratch/users/h61084/codes/evaluating_tsfms/outputs/instance_normalization/tasks/chronos2/normalization/none/multivariate/NE_China_Wind/H/medium/run_0

--- Term: long ---
  Config: prediction_length=168, test_length=720, val_length=720
TIME run allocation action=skip run=/fslarge/scratch/users/h61084/codes/evaluating_tsfms/outputs/instance_normalization/tasks/chronos2/normalization/none/multivariate/NE_China_Wind/H/long/run_0 source_launch=selena_instance_normalization_20260920T193952Z_48346 launch_id=selena_instance_normalization_20260921T103653Z_18902 slurm_job_id=3510352 launched_at=2026-09-21T10:47:13.126337+00:00
  Reused completed task: /fslarge/scratch/users/h61084/codes/evaluating_tsfms/outputs/instance_normalization/tasks/chronos2/normalization/none/multivariate/NE_China_Wind/H/long/run_0

============================================================
All experiments completed!
Results saved to: /scratch/users/h61084/codes/evaluating_tsfms/outputs/instance_normalization/tasks
============================================================

############################################################
# All 1 dataset(s) completed!
############################################################

############################################################
# Dataset 1/1: Australia_Solar/H
############################################################
[2026-09-21 10:47:21 UTC] resources model_device {"device": "cuda", "model": "chronos2"}
Loading configuration...

============================================================
Dataset: Australia_Solar/H
Model: amazon/chronos-2
Checkpoint: /fslarge/scratch/users/h61084/weights/chronos2
Terms: ['short', 'medium', 'long']
Covariate mode: none
Instance normalization: none
============================================================

--- Term: short ---
  Config: prediction_length=24, test_length=2520, val_length=2520
TIME run allocation action=skip run=/fslarge/scratch/users/h61084/codes/evaluating_tsfms/outputs/instance_normalization/tasks/chronos2/normalization/none/multivariate/Australia_Solar/H/short/run_0 source_launch=selena_instance_normalization_20260920T193952Z_48346 launch_id=selena_instance_normalization_20260921T103653Z_18902 slurm_job_id=3510352 launched_at=2026-09-21T10:47:21.461702+00:00
  Reused completed task: /fslarge/scratch/users/h61084/codes/evaluating_tsfms/outputs/instance_normalization/tasks/chronos2/normalization/none/multivariate/Australia_Solar/H/short/run_0

--- Term: medium ---
  Config: prediction_length=72, test_length=2520, val_length=2520
TIME run allocation action=skip run=/fslarge/scratch/users/h61084/codes/evaluating_tsfms/outputs/instance_normalization/tasks/chronos2/normalization/none/multivariate/Australia_Solar/H/medium/run_0 source_launch=selena_instance_normalization_20260920T193952Z_48346 launch_id=selena_instance_normalization_20260921T103653Z_18902 slurm_job_id=3510352 launched_at=2026-09-21T10:47:21.484953+00:00
  Reused completed task: /fslarge/scratch/users/h61084/codes/evaluating_tsfms/outputs/instance_normalization/tasks/chronos2/normalization/none/multivariate/Australia_Solar/H/medium/run_0

--- Term: long ---
  Config: prediction_length=168, test_length=2520, val_length=2520
TIME run allocation action=skip run=/fslarge/scratch/users/h61084/codes/evaluating_tsfms/outputs/instance_normalization/tasks/chronos2/normalization/none/multivariate/Australia_Solar/H/long/run_0 source_launch=selena_instance_normalization_20260920T193952Z_48346 launch_id=selena_instance_normalization_20260921T103653Z_18902 slurm_job_id=3510352 launched_at=2026-09-21T10:47:21.507356+00:00
  Reused completed task: /fslarge/scratch/users/h61084/codes/evaluating_tsfms/outputs/instance_normalization/tasks/chronos2/normalization/none/multivariate/Australia_Solar/H/long/run_0

============================================================
All experiments completed!
Results saved to: /scratch/users/h61084/codes/evaluating_tsfms/outputs/instance_normalization/tasks
============================================================

############################################################
# All 1 dataset(s) completed!
############################################################

############################################################
# Dataset 1/1: epf_electricity_price/H
############################################################
[2026-09-21 10:47:29 UTC] resources model_device {"device": "cuda", "model": "chronos2"}
Loading configuration...

============================================================
Dataset: epf_electricity_price/H
Model: amazon/chronos-2
Checkpoint: /fslarge/scratch/users/h61084/weights/chronos2
Terms: ['short', 'medium', 'long']
Covariate mode: none
Instance normalization: none
============================================================

--- Term: short ---
  Config: prediction_length=24, test_length=2520, val_length=2520
TIME run allocation action=skip run=/fslarge/scratch/users/h61084/codes/evaluating_tsfms/outputs/instance_normalization/tasks/chronos2/normalization/none/univariate/epf_electricity_price/H/short/run_0 source_launch=selena_instance_normalization_20260920T193952Z_48346 launch_id=selena_instance_normalization_20260921T103653Z_18902 slurm_job_id=3510352 launched_at=2026-09-21T10:47:29.827751+00:00
  Reused completed task: /fslarge/scratch/users/h61084/codes/evaluating_tsfms/outputs/instance_normalization/tasks/chronos2/normalization/none/univariate/epf_electricity_price/H/short/run_0

--- Term: medium ---
  Config: prediction_length=72, test_length=2520, val_length=2520
TIME run allocation action=skip run=/fslarge/scratch/users/h61084/codes/evaluating_tsfms/outputs/instance_normalization/tasks/chronos2/normalization/none/univariate/epf_electricity_price/H/medium/run_0 source_launch=selena_instance_normalization_20260920T193952Z_48346 launch_id=selena_instance_normalization_20260921T103653Z_18902 slurm_job_id=3510352 launched_at=2026-09-21T10:47:29.844703+00:00
  Reused completed task: /fslarge/scratch/users/h61084/codes/evaluating_tsfms/outputs/instance_normalization/tasks/chronos2/normalization/none/univariate/epf_electricity_price/H/medium/run_0

--- Term: long ---
  Config: prediction_length=168, test_length=2520, val_length=2520
TIME run allocation action=skip run=/fslarge/scratch/users/h61084/codes/evaluating_tsfms/outputs/instance_normalization/tasks/chronos2/normalization/none/univariate/epf_electricity_price/H/long/run_0 source_launch=selena_instance_normalization_20260920T193952Z_48346 launch_id=selena_instance_normalization_20260921T103653Z_18902 slurm_job_id=3510352 launched_at=2026-09-21T10:47:29.861339+00:00
  Reused completed task: /fslarge/scratch/users/h61084/codes/evaluating_tsfms/outputs/instance_normalization/tasks/chronos2/normalization/none/univariate/epf_electricity_price/H/long/run_0

============================================================
All experiments completed!
Results saved to: /scratch/users/h61084/codes/evaluating_tsfms/outputs/instance_normalization/tasks
============================================================

############################################################
# All 1 dataset(s) completed!
############################################################

############################################################
# Dataset 1/1: OpenElectricity_NEM/5T
############################################################
[2026-09-21 10:47:38 UTC] resources model_device {"device": "cuda", "model": "chronos2"}
Loading configuration...

============================================================
Dataset: OpenElectricity_NEM/5T
Model: amazon/chronos-2
Checkpoint: /fslarge/scratch/users/h61084/weights/chronos2
Terms: ['short', 'medium', 'long']
Covariate mode: none
Instance normalization: none
============================================================

--- Term: short ---
  Config: prediction_length=24, test_length=4032, val_length=4032
TIME run allocation action=skip run=/fslarge/scratch/users/h61084/codes/evaluating_tsfms/outputs/instance_normalization/tasks/chronos2/normalization/none/multivariate/OpenElectricity_NEM/5T/short/run_0 source_launch=selena_instance_normalization_20260920T193952Z_48346 launch_id=selena_instance_normalization_20260921T103653Z_18902 slurm_job_id=3510352 launched_at=2026-09-21T10:47:38.257317+00:00
  Reused completed task: /fslarge/scratch/users/h61084/codes/evaluating_tsfms/outputs/instance_normalization/tasks/chronos2/normalization/none/multivariate/OpenElectricity_NEM/5T/short/run_0

--- Term: medium ---
  Config: prediction_length=96, test_length=4032, val_length=4032
TIME run allocation action=skip run=/fslarge/scratch/users/h61084/codes/evaluating_tsfms/outputs/instance_normalization/tasks/chronos2/normalization/none/multivariate/OpenElectricity_NEM/5T/medium/run_0 source_launch=selena_instance_normalization_20260920T193952Z_48346 launch_id=selena_instance_normalization_20260921T103653Z_18902 slurm_job_id=3510352 launched_at=2026-09-21T10:47:38.324811+00:00
  Reused completed task: /fslarge/scratch/users/h61084/codes/evaluating_tsfms/outputs/instance_normalization/tasks/chronos2/normalization/none/multivariate/OpenElectricity_NEM/5T/medium/run_0

--- Term: long ---
  Config: prediction_length=288, test_length=4032, val_length=4032
TIME run allocation action=skip run=/fslarge/scratch/users/h61084/codes/evaluating_tsfms/outputs/instance_normalization/tasks/chronos2/normalization/none/multivariate/OpenElectricity_NEM/5T/long/run_0 source_launch=selena_instance_normalization_20260920T193952Z_48346 launch_id=selena_instance_normalization_20260921T103653Z_18902 slurm_job_id=3510352 launched_at=2026-09-21T10:47:38.390665+00:00
  Reused completed task: /fslarge/scratch/users/h61084/codes/evaluating_tsfms/outputs/instance_normalization/tasks/chronos2/normalization/none/multivariate/OpenElectricity_NEM/5T/long/run_0

============================================================
All experiments completed!
Results saved to: /scratch/users/h61084/codes/evaluating_tsfms/outputs/instance_normalization/tasks
============================================================

############################################################
# All 1 dataset(s) completed!
############################################################

############################################################
# Dataset 1/1: EWELD_Load/15T
############################################################
[2026-09-21 10:47:46 UTC] resources model_device {"device": "cuda", "model": "chronos2"}
Loading configuration...

============================================================
Dataset: EWELD_Load/15T
Model: amazon/chronos-2
Checkpoint: /fslarge/scratch/users/h61084/weights/chronos2
Terms: ['short', 'medium', 'long']
Covariate mode: none
Instance normalization: none
============================================================

--- Term: short ---
  Config: prediction_length=24, test_length=1344, val_length=1344
TIME run allocation action=skip run=/fslarge/scratch/users/h61084/codes/evaluating_tsfms/outputs/instance_normalization/tasks/chronos2/normalization/none/multivariate/EWELD_Load/15T/short/run_0 source_launch=selena_instance_normalization_20260920T193952Z_48346 launch_id=selena_instance_normalization_20260921T103653Z_18902 slurm_job_id=3510352 launched_at=2026-09-21T10:47:46.772840+00:00
  Reused completed task: /fslarge/scratch/users/h61084/codes/evaluating_tsfms/outputs/instance_normalization/tasks/chronos2/normalization/none/multivariate/EWELD_Load/15T/short/run_0

--- Term: medium ---
  Config: prediction_length=96, test_length=1344, val_length=1344
TIME run allocation action=skip run=/fslarge/scratch/users/h61084/codes/evaluating_tsfms/outputs/instance_normalization/tasks/chronos2/normalization/none/multivariate/EWELD_Load/15T/medium/run_0 source_launch=selena_instance_normalization_20260920T193952Z_48346 launch_id=selena_instance_normalization_20260921T103653Z_18902 slurm_job_id=3510352 launched_at=2026-09-21T10:47:46.810328+00:00
  Reused completed task: /fslarge/scratch/users/h61084/codes/evaluating_tsfms/outputs/instance_normalization/tasks/chronos2/normalization/none/multivariate/EWELD_Load/15T/medium/run_0

--- Term: long ---
  Config: prediction_length=672, test_length=1344, val_length=1344
TIME run allocation action=skip run=/fslarge/scratch/users/h61084/codes/evaluating_tsfms/outputs/instance_normalization/tasks/chronos2/normalization/none/multivariate/EWELD_Load/15T/long/run_0 source_launch=selena_instance_normalization_20260920T193952Z_48346 launch_id=selena_instance_normalization_20260921T103653Z_18902 slurm_job_id=3510352 launched_at=2026-09-21T10:47:46.846262+00:00
  Reused completed task: /fslarge/scratch/users/h61084/codes/evaluating_tsfms/outputs/instance_normalization/tasks/chronos2/normalization/none/multivariate/EWELD_Load/15T/long/run_0

============================================================
All experiments completed!
Results saved to: /scratch/users/h61084/codes/evaluating_tsfms/outputs/instance_normalization/tasks
============================================================

############################################################
# All 1 dataset(s) completed!
############################################################

############################################################
# Dataset 1/1: SG_Carpark/15T
############################################################
[2026-09-21 10:47:55 UTC] resources model_device {"device": "cuda", "model": "chronos2"}
Loading configuration...

============================================================
Dataset: SG_Carpark/15T
Model: amazon/chronos-2
Checkpoint: /fslarge/scratch/users/h61084/weights/chronos2
Terms: ['short', 'medium', 'long']
Covariate mode: none
Instance normalization: none
============================================================

--- Term: short ---
  Config: prediction_length=16, test_length=672, val_length=672
TIME run allocation action=skip run=/fslarge/scratch/users/h61084/codes/evaluating_tsfms/outputs/instance_normalization/tasks/chronos2/normalization/none/univariate/SG_Carpark/15T/short/run_0 source_launch=selena_instance_normalization_20260920T193952Z_48346 launch_id=selena_instance_normalization_20260921T103653Z_18902 slurm_job_id=3510352 launched_at=2026-09-21T10:47:55.133642+00:00
  Reused completed task: /fslarge/scratch/users/h61084/codes/evaluating_tsfms/outputs/instance_normalization/tasks/chronos2/normalization/none/univariate/SG_Carpark/15T/short/run_0

--- Term: medium ---
  Config: prediction_length=96, test_length=672, val_length=672
TIME run allocation action=skip run=/fslarge/scratch/users/h61084/codes/evaluating_tsfms/outputs/instance_normalization/tasks/chronos2/normalization/none/univariate/SG_Carpark/15T/medium/run_0 source_launch=selena_instance_normalization_20260920T193952Z_48346 launch_id=selena_instance_normalization_20260921T103653Z_18902 slurm_job_id=3510352 launched_at=2026-09-21T10:47:55.146574+00:00
  Reused completed task: /fslarge/scratch/users/h61084/codes/evaluating_tsfms/outputs/instance_normalization/tasks/chronos2/normalization/none/univariate/SG_Carpark/15T/medium/run_0

--- Term: long ---
  Config: prediction_length=672, test_length=672, val_length=672
TIME run allocation action=skip run=/fslarge/scratch/users/h61084/codes/evaluating_tsfms/outputs/instance_normalization/tasks/chronos2/normalization/none/univariate/SG_Carpark/15T/long/run_0 source_launch=selena_instance_normalization_20260920T193952Z_48346 launch_id=selena_instance_normalization_20260921T103653Z_18902 slurm_job_id=3510352 launched_at=2026-09-21T10:47:55.159127+00:00
  Reused completed task: /fslarge/scratch/users/h61084/codes/evaluating_tsfms/outputs/instance_normalization/tasks/chronos2/normalization/none/univariate/SG_Carpark/15T/long/run_0

============================================================
All experiments completed!
Results saved to: /scratch/users/h61084/codes/evaluating_tsfms/outputs/instance_normalization/tasks
============================================================

############################################################
# All 1 dataset(s) completed!
############################################################

############################################################
# Dataset 1/1: Finland_Traffic/15T
############################################################
[2026-09-21 10:48:03 UTC] resources model_device {"device": "cuda", "model": "chronos2"}
Loading configuration...

============================================================
Dataset: Finland_Traffic/15T
Model: amazon/chronos-2
Checkpoint: /fslarge/scratch/users/h61084/weights/chronos2
Terms: ['short', 'medium', 'long']
Covariate mode: none
Instance normalization: none
============================================================

--- Term: short ---
  Config: prediction_length=16, test_length=2976, val_length=2880
TIME run allocation action=skip run=/fslarge/scratch/users/h61084/codes/evaluating_tsfms/outputs/instance_normalization/tasks/chronos2/normalization/none/univariate/Finland_Traffic/15T/short/run_0 source_launch=selena_instance_normalization_20260920T193952Z_48346 launch_id=selena_instance_normalization_20260921T103653Z_18902 slurm_job_id=3510352 launched_at=2026-09-21T10:48:03.505649+00:00
  Reused completed task: /fslarge/scratch/users/h61084/codes/evaluating_tsfms/outputs/instance_normalization/tasks/chronos2/normalization/none/univariate/Finland_Traffic/15T/short/run_0

--- Term: medium ---
  Config: prediction_length=96, test_length=2976, val_length=2880
TIME run allocation action=skip run=/fslarge/scratch/users/h61084/codes/evaluating_tsfms/outputs/instance_normalization/tasks/chronos2/normalization/none/univariate/Finland_Traffic/15T/medium/run_0 source_launch=selena_instance_normalization_20260920T193952Z_48346 launch_id=selena_instance_normalization_20260921T103653Z_18902 slurm_job_id=3510352 launched_at=2026-09-21T10:48:03.520385+00:00
  Reused completed task: /fslarge/scratch/users/h61084/codes/evaluating_tsfms/outputs/instance_normalization/tasks/chronos2/normalization/none/univariate/Finland_Traffic/15T/medium/run_0

--- Term: long ---
  Config: prediction_length=672, test_length=2976, val_length=2880
TIME run allocation action=skip run=/fslarge/scratch/users/h61084/codes/evaluating_tsfms/outputs/instance_normalization/tasks/chronos2/normalization/none/univariate/Finland_Traffic/15T/long/run_0 source_launch=selena_instance_normalization_20260920T193952Z_48346 launch_id=selena_instance_normalization_20260921T103653Z_18902 slurm_job_id=3510352 launched_at=2026-09-21T10:48:03.534719+00:00
  Reused completed task: /fslarge/scratch/users/h61084/codes/evaluating_tsfms/outputs/instance_normalization/tasks/chronos2/normalization/none/univariate/Finland_Traffic/15T/long/run_0

============================================================
All experiments completed!
Results saved to: /scratch/users/h61084/codes/evaluating_tsfms/outputs/instance_normalization/tasks
============================================================

############################################################
# All 1 dataset(s) completed!
############################################################

############################################################
# Dataset 1/1: Port_Activity/D
############################################################
[2026-09-21 10:48:11 UTC] resources model_device {"device": "cuda", "model": "chronos2"}
Loading configuration...

============================================================
Dataset: Port_Activity/D
Model: amazon/chronos-2
Checkpoint: /fslarge/scratch/users/h61084/weights/chronos2
Terms: ['short']
Covariate mode: none
Instance normalization: none
============================================================

--- Term: short ---
  Config: prediction_length=30, test_length=365, val_length=90
TIME run allocation action=skip run=/fslarge/scratch/users/h61084/codes/evaluating_tsfms/outputs/instance_normalization/tasks/chronos2/normalization/none/multivariate/Port_Activity/D/short/run_0 source_launch=selena_instance_normalization_20260920T193952Z_48346 launch_id=selena_instance_normalization_20260921T103653Z_18902 slurm_job_id=3510352 launched_at=2026-09-21T10:48:11.936828+00:00
  Reused completed task: /fslarge/scratch/users/h61084/codes/evaluating_tsfms/outputs/instance_normalization/tasks/chronos2/normalization/none/multivariate/Port_Activity/D/short/run_0

============================================================
All experiments completed!
Results saved to: /scratch/users/h61084/codes/evaluating_tsfms/outputs/instance_normalization/tasks
============================================================

############################################################
# All 1 dataset(s) completed!
############################################################

############################################################
# Dataset 1/1: Port_Activity/W
############################################################
[2026-09-21 10:48:20 UTC] resources model_device {"device": "cuda", "model": "chronos2"}
Loading configuration...

============================================================
Dataset: Port_Activity/W
Model: amazon/chronos-2
Checkpoint: /fslarge/scratch/users/h61084/weights/chronos2
Terms: ['short']
Covariate mode: none
Instance normalization: none
============================================================

--- Term: short ---
  Config: prediction_length=13, test_length=52, val_length=13
TIME run allocation action=skip run=/fslarge/scratch/users/h61084/codes/evaluating_tsfms/outputs/instance_normalization/tasks/chronos2/normalization/none/multivariate/Port_Activity/W/short/run_0 source_launch=selena_instance_normalization_20260920T193952Z_48346 launch_id=selena_instance_normalization_20260921T103653Z_18902 slurm_job_id=3510352 launched_at=2026-09-21T10:48:20.296296+00:00
  Reused completed task: /fslarge/scratch/users/h61084/codes/evaluating_tsfms/outputs/instance_normalization/tasks/chronos2/normalization/none/multivariate/Port_Activity/W/short/run_0

============================================================
All experiments completed!
Results saved to: /scratch/users/h61084/codes/evaluating_tsfms/outputs/instance_normalization/tasks
============================================================

############################################################
# All 1 dataset(s) completed!
############################################################

############################################################
# Dataset 1/1: ECDC_COVID/D
############################################################
[2026-09-21 10:48:28 UTC] resources model_device {"device": "cuda", "model": "chronos2"}
Loading configuration...

============================================================
Dataset: ECDC_COVID/D
Model: amazon/chronos-2
Checkpoint: /fslarge/scratch/users/h61084/weights/chronos2
Terms: ['short']
Covariate mode: none
Instance normalization: none
============================================================

--- Term: short ---
  Config: prediction_length=30, test_length=150, val_length=30
TIME run allocation action=skip run=/fslarge/scratch/users/h61084/codes/evaluating_tsfms/outputs/instance_normalization/tasks/chronos2/normalization/none/univariate/ECDC_COVID/D/short/run_0 source_launch=selena_instance_normalization_20260920T193952Z_48346 launch_id=selena_instance_normalization_20260921T103653Z_18902 slurm_job_id=3510352 launched_at=2026-09-21T10:48:28.637405+00:00
  Reused completed task: /fslarge/scratch/users/h61084/codes/evaluating_tsfms/outputs/instance_normalization/tasks/chronos2/normalization/none/univariate/ECDC_COVID/D/short/run_0

============================================================
All experiments completed!
Results saved to: /scratch/users/h61084/codes/evaluating_tsfms/outputs/instance_normalization/tasks
============================================================

############################################################
# All 1 dataset(s) completed!
############################################################

############################################################
# Dataset 1/1: ECDC_COVID/W
############################################################
[2026-09-21 10:48:36 UTC] resources model_device {"device": "cuda", "model": "chronos2"}
Loading configuration...

============================================================
Dataset: ECDC_COVID/W
Model: amazon/chronos-2
Checkpoint: /fslarge/scratch/users/h61084/weights/chronos2
Terms: ['short']
Covariate mode: none
Instance normalization: none
============================================================

--- Term: short ---
  Config: prediction_length=13, test_length=52, val_length=13
TIME run allocation action=skip run=/fslarge/scratch/users/h61084/codes/evaluating_tsfms/outputs/instance_normalization/tasks/chronos2/normalization/none/univariate/ECDC_COVID/W/short/run_0 source_launch=selena_instance_normalization_20260920T193952Z_48346 launch_id=selena_instance_normalization_20260921T103653Z_18902 slurm_job_id=3510352 launched_at=2026-09-21T10:48:37.015658+00:00
  Reused completed task: /fslarge/scratch/users/h61084/codes/evaluating_tsfms/outputs/instance_normalization/tasks/chronos2/normalization/none/univariate/ECDC_COVID/W/short/run_0

============================================================
All experiments completed!
Results saved to: /scratch/users/h61084/codes/evaluating_tsfms/outputs/instance_normalization/tasks
============================================================

############################################################
# All 1 dataset(s) completed!
############################################################

############################################################
# Dataset 1/1: Global_Influenza/W
############################################################
[2026-09-21 10:48:45 UTC] resources model_device {"device": "cuda", "model": "chronos2"}
Loading configuration...

============================================================
Dataset: Global_Influenza/W
Model: amazon/chronos-2
Checkpoint: /fslarge/scratch/users/h61084/weights/chronos2
Terms: ['short']
Covariate mode: none
Instance normalization: none
============================================================

--- Term: short ---
  Config: prediction_length=13, test_length=52, val_length=13
TIME run allocation action=skip run=/fslarge/scratch/users/h61084/codes/evaluating_tsfms/outputs/instance_normalization/tasks/chronos2/normalization/none/multivariate/Global_Influenza/W/short/run_0 source_launch=selena_instance_normalization_20260920T193952Z_48346 launch_id=selena_instance_normalization_20260921T103653Z_18902 slurm_job_id=3510352 launched_at=2026-09-21T10:48:45.339029+00:00
  Reused completed task: /fslarge/scratch/users/h61084/codes/evaluating_tsfms/outputs/instance_normalization/tasks/chronos2/normalization/none/multivariate/Global_Influenza/W/short/run_0

============================================================
All experiments completed!
Results saved to: /scratch/users/h61084/codes/evaluating_tsfms/outputs/instance_normalization/tasks
============================================================

############################################################
# All 1 dataset(s) completed!
############################################################

############################################################
# Dataset 1/1: Crypto/D
############################################################
[2026-09-21 10:48:53 UTC] resources model_device {"device": "cuda", "model": "chronos2"}
Loading configuration...

============================================================
Dataset: Crypto/D
Model: amazon/chronos-2
Checkpoint: /fslarge/scratch/users/h61084/weights/chronos2
Terms: ['short']
Covariate mode: none
Instance normalization: none
============================================================

--- Term: short ---
  Config: prediction_length=30, test_length=273, val_length=92
TIME run allocation action=skip run=/fslarge/scratch/users/h61084/codes/evaluating_tsfms/outputs/instance_normalization/tasks/chronos2/normalization/none/multivariate/Crypto/D/short/run_0 source_launch=selena_instance_normalization_20260920T193952Z_48346 launch_id=selena_instance_normalization_20260921T103653Z_18902 slurm_job_id=3510352 launched_at=2026-09-21T10:48:53.717202+00:00
  Reused completed task: /fslarge/scratch/users/h61084/codes/evaluating_tsfms/outputs/instance_normalization/tasks/chronos2/normalization/none/multivariate/Crypto/D/short/run_0

============================================================
All experiments completed!
Results saved to: /scratch/users/h61084/codes/evaluating_tsfms/outputs/instance_normalization/tasks
============================================================

############################################################
# All 1 dataset(s) completed!
############################################################

############################################################
# Dataset 1/1: US_Term_Structure/B
############################################################
[2026-09-21 10:49:02 UTC] resources model_device {"device": "cuda", "model": "chronos2"}
Loading configuration...

============================================================
Dataset: US_Term_Structure/B
Model: amazon/chronos-2
Checkpoint: /fslarge/scratch/users/h61084/weights/chronos2
Terms: ['short']
Covariate mode: none
Instance normalization: none
============================================================

--- Term: short ---
  Config: prediction_length=20, test_length=717, val_length=100
TIME run allocation action=skip run=/fslarge/scratch/users/h61084/codes/evaluating_tsfms/outputs/instance_normalization/tasks/chronos2/normalization/none/multivariate/US_Term_Structure/B/short/run_0 source_launch=selena_instance_normalization_20260920T193952Z_48346 launch_id=selena_instance_normalization_20260921T103653Z_18902 slurm_job_id=3510352 launched_at=2026-09-21T10:49:02.138515+00:00
  Reused completed task: /fslarge/scratch/users/h61084/codes/evaluating_tsfms/outputs/instance_normalization/tasks/chronos2/normalization/none/multivariate/US_Term_Structure/B/short/run_0

============================================================
All experiments completed!
Results saved to: /scratch/users/h61084/codes/evaluating_tsfms/outputs/instance_normalization/tasks
============================================================

############################################################
# All 1 dataset(s) completed!
############################################################

############################################################
# Dataset 1/1: Oil_Price/B
############################################################
[2026-09-21 10:49:10 UTC] resources model_device {"device": "cuda", "model": "chronos2"}
Loading configuration...

============================================================
Dataset: Oil_Price/B
Model: amazon/chronos-2
Checkpoint: /fslarge/scratch/users/h61084/weights/chronos2
Terms: ['short']
Covariate mode: none
Instance normalization: none
============================================================

--- Term: short ---
  Config: prediction_length=20, test_length=717, val_length=100
TIME run allocation action=skip run=/fslarge/scratch/users/h61084/codes/evaluating_tsfms/outputs/instance_normalization/tasks/chronos2/normalization/none/multivariate/Oil_Price/B/short/run_0 source_launch=selena_instance_normalization_20260920T193952Z_48346 launch_id=selena_instance_normalization_20260921T103653Z_18902 slurm_job_id=3510352 launched_at=2026-09-21T10:49:10.528862+00:00
  Reused completed task: /fslarge/scratch/users/h61084/codes/evaluating_tsfms/outputs/instance_normalization/tasks/chronos2/normalization/none/multivariate/Oil_Price/B/short/run_0

============================================================
All experiments completed!
Results saved to: /scratch/users/h61084/codes/evaluating_tsfms/outputs/instance_normalization/tasks
============================================================

############################################################
# All 1 dataset(s) completed!
############################################################

############################################################
# Dataset 1/1: Job_Claims/W
############################################################
[2026-09-21 10:49:18 UTC] resources model_device {"device": "cuda", "model": "chronos2"}
Loading configuration...

============================================================
Dataset: Job_Claims/W
Model: amazon/chronos-2
Checkpoint: /fslarge/scratch/users/h61084/weights/chronos2
Terms: ['short']
Covariate mode: none
Instance normalization: none
============================================================

--- Term: short ---
  Config: prediction_length=13, test_length=52, val_length=13
TIME run allocation action=skip run=/fslarge/scratch/users/h61084/codes/evaluating_tsfms/outputs/instance_normalization/tasks/chronos2/normalization/none/multivariate/Job_Claims/W/short/run_0 source_launch=selena_instance_normalization_20260920T193952Z_48346 launch_id=selena_instance_normalization_20260921T103653Z_18902 slurm_job_id=3510352 launched_at=2026-09-21T10:49:19.021841+00:00
  Reused completed task: /fslarge/scratch/users/h61084/codes/evaluating_tsfms/outputs/instance_normalization/tasks/chronos2/normalization/none/multivariate/Job_Claims/W/short/run_0

============================================================
All experiments completed!
Results saved to: /scratch/users/h61084/codes/evaluating_tsfms/outputs/instance_normalization/tasks
============================================================

############################################################
# All 1 dataset(s) completed!
############################################################

############################################################
# Dataset 1/1: Uncertainty_1M/M
############################################################
[2026-09-21 10:49:27 UTC] resources model_device {"device": "cuda", "model": "chronos2"}
Loading configuration...

============================================================
Dataset: Uncertainty_1M/M
Model: amazon/chronos-2
Checkpoint: /fslarge/scratch/users/h61084/weights/chronos2
Terms: ['short']
Covariate mode: none
Instance normalization: none
============================================================

--- Term: short ---
  Config: prediction_length=6, test_length=42, val_length=18
TIME run allocation action=skip run=/fslarge/scratch/users/h61084/codes/evaluating_tsfms/outputs/instance_normalization/tasks/chronos2/normalization/none/multivariate/Uncertainty_1M/M/short/run_0 source_launch=selena_instance_normalization_20260920T193952Z_48346 launch_id=selena_instance_normalization_20260921T103653Z_18902 slurm_job_id=3510352 launched_at=2026-09-21T10:49:27.349650+00:00
  Reused completed task: /fslarge/scratch/users/h61084/codes/evaluating_tsfms/outputs/instance_normalization/tasks/chronos2/normalization/none/multivariate/Uncertainty_1M/M/short/run_0

============================================================
All experiments completed!
Results saved to: /scratch/users/h61084/codes/evaluating_tsfms/outputs/instance_normalization/tasks
============================================================

############################################################
# All 1 dataset(s) completed!
############################################################

############################################################
# Dataset 1/1: Housing_Inventory/M
############################################################
[2026-09-21 10:49:35 UTC] resources model_device {"device": "cuda", "model": "chronos2"}
Loading configuration...

============================================================
Dataset: Housing_Inventory/M
Model: amazon/chronos-2
Checkpoint: /fslarge/scratch/users/h61084/weights/chronos2
Terms: ['short']
Covariate mode: none
Instance normalization: none
============================================================

--- Term: short ---
  Config: prediction_length=12, test_length=36, val_length=12
TIME run allocation action=skip run=/fslarge/scratch/users/h61084/codes/evaluating_tsfms/outputs/instance_normalization/tasks/chronos2/normalization/none/multivariate/Housing_Inventory/M/short/run_0 source_launch=selena_instance_normalization_20260920T193952Z_48346 launch_id=selena_instance_normalization_20260921T103653Z_18902 slurm_job_id=3510352 launched_at=2026-09-21T10:49:35.713841+00:00
  Reused completed task: /fslarge/scratch/users/h61084/codes/evaluating_tsfms/outputs/instance_normalization/tasks/chronos2/normalization/none/multivariate/Housing_Inventory/M/short/run_0

============================================================
All experiments completed!
Results saved to: /scratch/users/h61084/codes/evaluating_tsfms/outputs/instance_normalization/tasks
============================================================

############################################################
# All 1 dataset(s) completed!
############################################################

############################################################
# Dataset 1/1: JOLTS/M
############################################################
[2026-09-21 10:49:44 UTC] resources model_device {"device": "cuda", "model": "chronos2"}
Loading configuration...

============================================================
Dataset: JOLTS/M
Model: amazon/chronos-2
Checkpoint: /fslarge/scratch/users/h61084/weights/chronos2
Terms: ['short']
Covariate mode: none
Instance normalization: none
============================================================

--- Term: short ---
  Config: prediction_length=12, test_length=60, val_length=12
TIME run allocation action=skip run=/fslarge/scratch/users/h61084/codes/evaluating_tsfms/outputs/instance_normalization/tasks/chronos2/normalization/none/multivariate/JOLTS/M/short/run_0 source_launch=selena_instance_normalization_20260920T193952Z_48346 launch_id=selena_instance_normalization_20260921T103653Z_18902 slurm_job_id=3510352 launched_at=2026-09-21T10:49:44.075715+00:00
  Reused completed task: /fslarge/scratch/users/h61084/codes/evaluating_tsfms/outputs/instance_normalization/tasks/chronos2/normalization/none/multivariate/JOLTS/M/short/run_0

============================================================
All experiments completed!
Results saved to: /scratch/users/h61084/codes/evaluating_tsfms/outputs/instance_normalization/tasks
============================================================

############################################################
# All 1 dataset(s) completed!
############################################################

############################################################
# Dataset 1/1: US_Labor/M
############################################################
[2026-09-21 10:49:52 UTC] resources model_device {"device": "cuda", "model": "chronos2"}
Loading configuration...

============================================================
Dataset: US_Labor/M
Model: amazon/chronos-2
Checkpoint: /fslarge/scratch/users/h61084/weights/chronos2
Terms: ['short']
Covariate mode: none
Instance normalization: none
============================================================

--- Term: short ---
  Config: prediction_length=12, test_length=60, val_length=12
TIME run allocation action=skip run=/fslarge/scratch/users/h61084/codes/evaluating_tsfms/outputs/instance_normalization/tasks/chronos2/normalization/none/multivariate/US_Labor/M/short/run_0 source_launch=selena_instance_normalization_20260920T193952Z_48346 launch_id=selena_instance_normalization_20260921T103653Z_18902 slurm_job_id=3510352 launched_at=2026-09-21T10:49:52.367147+00:00
  Reused completed task: /fslarge/scratch/users/h61084/codes/evaluating_tsfms/outputs/instance_normalization/tasks/chronos2/normalization/none/multivariate/US_Labor/M/short/run_0

============================================================
All experiments completed!
Results saved to: /scratch/users/h61084/codes/evaluating_tsfms/outputs/instance_normalization/tasks
============================================================

############################################################
# All 1 dataset(s) completed!
############################################################

############################################################
# Dataset 1/1: Vehicle_Supply/M
############################################################
[2026-09-21 10:50:00 UTC] resources model_device {"device": "cuda", "model": "chronos2"}
Loading configuration...

============================================================
Dataset: Vehicle_Supply/M
Model: amazon/chronos-2
Checkpoint: /fslarge/scratch/users/h61084/weights/chronos2
Terms: ['short']
Covariate mode: none
Instance normalization: none
============================================================

--- Term: short ---
  Config: prediction_length=12, test_length=60, val_length=12
TIME run allocation action=skip run=/fslarge/scratch/users/h61084/codes/evaluating_tsfms/outputs/instance_normalization/tasks/chronos2/normalization/none/multivariate/Vehicle_Supply/M/short/run_0 source_launch=selena_instance_normalization_20260920T193952Z_48346 launch_id=selena_instance_normalization_20260921T103653Z_18902 slurm_job_id=3510352 launched_at=2026-09-21T10:50:00.694028+00:00
  Reused completed task: /fslarge/scratch/users/h61084/codes/evaluating_tsfms/outputs/instance_normalization/tasks/chronos2/normalization/none/multivariate/Vehicle_Supply/M/short/run_0

============================================================
All experiments completed!
Results saved to: /scratch/users/h61084/codes/evaluating_tsfms/outputs/instance_normalization/tasks
============================================================

############################################################
# All 1 dataset(s) completed!
############################################################

############################################################
# Dataset 1/1: Auto_Production_SF/M
############################################################
[2026-09-21 10:50:09 UTC] resources model_device {"device": "cuda", "model": "chronos2"}
Loading configuration...

============================================================
Dataset: Auto_Production_SF/M
Model: amazon/chronos-2
Checkpoint: /fslarge/scratch/users/h61084/weights/chronos2
Terms: ['short']
Covariate mode: none
Instance normalization: none
============================================================

--- Term: short ---
  Config: prediction_length=12, test_length=60, val_length=12
TIME run allocation action=skip run=/fslarge/scratch/users/h61084/codes/evaluating_tsfms/outputs/instance_normalization/tasks/chronos2/normalization/none/univariate/Auto_Production_SF/M/short/run_0 source_launch=selena_instance_normalization_20260920T193952Z_48346 launch_id=selena_instance_normalization_20260921T103653Z_18902 slurm_job_id=3510352 launched_at=2026-09-21T10:50:09.033968+00:00
  Reused completed task: /fslarge/scratch/users/h61084/codes/evaluating_tsfms/outputs/instance_normalization/tasks/chronos2/normalization/none/univariate/Auto_Production_SF/M/short/run_0

============================================================
All experiments completed!
Results saved to: /scratch/users/h61084/codes/evaluating_tsfms/outputs/instance_normalization/tasks
============================================================

############################################################
# All 1 dataset(s) completed!
############################################################

############################################################
# Dataset 1/1: Commodity_Production/M
############################################################
[2026-09-21 10:50:17 UTC] resources model_device {"device": "cuda", "model": "chronos2"}
Loading configuration...

============================================================
Dataset: Commodity_Production/M
Model: amazon/chronos-2
Checkpoint: /fslarge/scratch/users/h61084/weights/chronos2
Terms: ['short']
Covariate mode: none
Instance normalization: none
============================================================

--- Term: short ---
  Config: prediction_length=12, test_length=60, val_length=12
TIME run allocation action=skip run=/fslarge/scratch/users/h61084/codes/evaluating_tsfms/outputs/instance_normalization/tasks/chronos2/normalization/none/univariate/Commodity_Production/M/short/run_0 source_launch=selena_instance_normalization_20260920T193952Z_48346 launch_id=selena_instance_normalization_20260921T103653Z_18902 slurm_job_id=3510352 launched_at=2026-09-21T10:50:17.434240+00:00
  Reused completed task: /fslarge/scratch/users/h61084/codes/evaluating_tsfms/outputs/instance_normalization/tasks/chronos2/normalization/none/univariate/Commodity_Production/M/short/run_0

============================================================
All experiments completed!
Results saved to: /scratch/users/h61084/codes/evaluating_tsfms/outputs/instance_normalization/tasks
============================================================

############################################################
# All 1 dataset(s) completed!
############################################################

############################################################
# Dataset 1/1: Commodity_Import/M
############################################################
[2026-09-21 10:50:26 UTC] resources model_device {"device": "cuda", "model": "chronos2"}
Loading configuration...

============================================================
Dataset: Commodity_Import/M
Model: amazon/chronos-2
Checkpoint: /fslarge/scratch/users/h61084/weights/chronos2
Terms: ['short']
Covariate mode: none
Instance normalization: none
============================================================

--- Term: short ---
  Config: prediction_length=12, test_length=60, val_length=12
TIME run allocation action=skip run=/fslarge/scratch/users/h61084/codes/evaluating_tsfms/outputs/instance_normalization/tasks/chronos2/normalization/none/univariate/Commodity_Import/M/short/run_0 source_launch=selena_instance_normalization_20260920T193952Z_48346 launch_id=selena_instance_normalization_20260921T103653Z_18902 slurm_job_id=3510352 launched_at=2026-09-21T10:50:26.085518+00:00
  Reused completed task: /fslarge/scratch/users/h61084/codes/evaluating_tsfms/outputs/instance_normalization/tasks/chronos2/normalization/none/univariate/Commodity_Import/M/short/run_0

============================================================
All experiments completed!
Results saved to: /scratch/users/h61084/codes/evaluating_tsfms/outputs/instance_normalization/tasks
============================================================

############################################################
# All 1 dataset(s) completed!
############################################################

############################################################
# Dataset 1/1: WUI_Global/Q
############################################################
[2026-09-21 10:50:34 UTC] resources model_device {"device": "cuda", "model": "chronos2"}
Loading configuration...

============================================================
Dataset: WUI_Global/Q
Model: amazon/chronos-2
Checkpoint: /fslarge/scratch/users/h61084/weights/chronos2
Terms: ['short']
Covariate mode: none
Instance normalization: none
============================================================

--- Term: short ---
  Config: prediction_length=4, test_length=20, val_length=20
TIME run allocation action=skip run=/fslarge/scratch/users/h61084/codes/evaluating_tsfms/outputs/instance_normalization/tasks/chronos2/normalization/none/multivariate/WUI_Global/Q/short/run_0 source_launch=selena_instance_normalization_20260920T193952Z_48346 launch_id=selena_instance_normalization_20260921T103653Z_18902 slurm_job_id=3510352 launched_at=2026-09-21T10:50:34.521434+00:00
  Reused completed task: /fslarge/scratch/users/h61084/codes/evaluating_tsfms/outputs/instance_normalization/tasks/chronos2/normalization/none/multivariate/WUI_Global/Q/short/run_0

============================================================
All experiments completed!
Results saved to: /scratch/users/h61084/codes/evaluating_tsfms/outputs/instance_normalization/tasks
============================================================

############################################################
# All 1 dataset(s) completed!
############################################################

############################################################
# Dataset 1/1: Global_Price/Q
############################################################
[2026-09-21 10:50:42 UTC] resources model_device {"device": "cuda", "model": "chronos2"}
Loading configuration...

============================================================
Dataset: Global_Price/Q
Model: amazon/chronos-2
Checkpoint: /fslarge/scratch/users/h61084/weights/chronos2
Terms: ['short']
Covariate mode: none
Instance normalization: none
============================================================

--- Term: short ---
  Config: prediction_length=4, test_length=20, val_length=8
TIME run allocation action=skip run=/fslarge/scratch/users/h61084/codes/evaluating_tsfms/outputs/instance_normalization/tasks/chronos2/normalization/none/multivariate/Global_Price/Q/short/run_0 source_launch=selena_instance_normalization_20260920T193952Z_48346 launch_id=selena_instance_normalization_20260921T103653Z_18902 slurm_job_id=3510352 launched_at=2026-09-21T10:50:42.894393+00:00
  Reused completed task: /fslarge/scratch/users/h61084/codes/evaluating_tsfms/outputs/instance_normalization/tasks/chronos2/normalization/none/multivariate/Global_Price/Q/short/run_0

============================================================
All experiments completed!
Results saved to: /scratch/users/h61084/codes/evaluating_tsfms/outputs/instance_normalization/tasks
============================================================

############################################################
# All 1 dataset(s) completed!
############################################################

############################################################
# Dataset 1/1: Vehicle_Sales/M
############################################################
[2026-09-21 10:50:51 UTC] resources model_device {"device": "cuda", "model": "chronos2"}
Loading configuration...

============================================================
Dataset: Vehicle_Sales/M
Model: amazon/chronos-2
Checkpoint: /fslarge/scratch/users/h61084/weights/chronos2
Terms: ['short']
Covariate mode: none
Instance normalization: none
============================================================

--- Term: short ---
  Config: prediction_length=12, test_length=60, val_length=12
TIME run allocation action=skip run=/fslarge/scratch/users/h61084/codes/evaluating_tsfms/outputs/instance_normalization/tasks/chronos2/normalization/none/multivariate/Vehicle_Sales/M/short/run_0 source_launch=selena_instance_normalization_20260920T193952Z_48346 launch_id=selena_instance_normalization_20260921T103653Z_18902 slurm_job_id=3510352 launched_at=2026-09-21T10:50:51.214176+00:00
  Reused completed task: /fslarge/scratch/users/h61084/codes/evaluating_tsfms/outputs/instance_normalization/tasks/chronos2/normalization/none/multivariate/Vehicle_Sales/M/short/run_0

============================================================
All experiments completed!
Results saved to: /scratch/users/h61084/codes/evaluating_tsfms/outputs/instance_normalization/tasks
============================================================

############################################################
# All 1 dataset(s) completed!
############################################################

############################################################
# Dataset 1/1: Online_Retail_2_UCI/D
############################################################
[2026-09-21 10:50:59 UTC] resources model_device {"device": "cuda", "model": "chronos2"}
Loading configuration...

============================================================
Dataset: Online_Retail_2_UCI/D
Model: amazon/chronos-2
Checkpoint: /fslarge/scratch/users/h61084/weights/chronos2
Terms: ['short']
Covariate mode: none
Instance normalization: none
============================================================

--- Term: short ---
  Config: prediction_length=30, test_length=180, val_length=90
TIME run allocation action=skip run=/fslarge/scratch/users/h61084/codes/evaluating_tsfms/outputs/instance_normalization/tasks/chronos2/normalization/none/univariate/Online_Retail_2_UCI/D/short/run_0 source_launch=selena_instance_normalization_20260920T193952Z_48346 launch_id=selena_instance_normalization_20260921T103653Z_18902 slurm_job_id=3510352 launched_at=2026-09-21T10:50:59.659062+00:00
  Reused completed task: /fslarge/scratch/users/h61084/codes/evaluating_tsfms/outputs/instance_normalization/tasks/chronos2/normalization/none/univariate/Online_Retail_2_UCI/D/short/run_0

============================================================
All experiments completed!
Results saved to: /scratch/users/h61084/codes/evaluating_tsfms/outputs/instance_normalization/tasks
============================================================

############################################################
# All 1 dataset(s) completed!
############################################################

############################################################
# Dataset 1/1: Supply_Chain_Customer/D
############################################################
[2026-09-21 10:51:08 UTC] resources model_device {"device": "cuda", "model": "chronos2"}
Loading configuration...

============================================================
Dataset: Supply_Chain_Customer/D
Model: amazon/chronos-2
Checkpoint: /fslarge/scratch/users/h61084/weights/chronos2
Terms: ['short']
Covariate mode: none
Instance normalization: none
============================================================

--- Term: short ---
  Config: prediction_length=30, test_length=365, val_length=90
TIME run allocation action=skip run=/fslarge/scratch/users/h61084/codes/evaluating_tsfms/outputs/instance_normalization/tasks/chronos2/normalization/none/multivariate/Supply_Chain_Customer/D/short/run_0 source_launch=selena_instance_normalization_20260920T193952Z_48346 launch_id=selena_instance_normalization_20260921T103653Z_18902 slurm_job_id=3510352 launched_at=2026-09-21T10:51:08.113230+00:00
  Reused completed task: /fslarge/scratch/users/h61084/codes/evaluating_tsfms/outputs/instance_normalization/tasks/chronos2/normalization/none/multivariate/Supply_Chain_Customer/D/short/run_0

============================================================
All experiments completed!
Results saved to: /scratch/users/h61084/codes/evaluating_tsfms/outputs/instance_normalization/tasks
============================================================

############################################################
# All 1 dataset(s) completed!
############################################################

############################################################
# Dataset 1/1: Supply_Chain_Location/D
############################################################
[2026-09-21 10:51:16 UTC] resources model_device {"device": "cuda", "model": "chronos2"}
Loading configuration...

============================================================
Dataset: Supply_Chain_Location/D
Model: amazon/chronos-2
Checkpoint: /fslarge/scratch/users/h61084/weights/chronos2
Terms: ['short']
Covariate mode: none
Instance normalization: none
============================================================

--- Term: short ---
  Config: prediction_length=30, test_length=365, val_length=90
TIME run allocation action=skip run=/fslarge/scratch/users/h61084/codes/evaluating_tsfms/outputs/instance_normalization/tasks/chronos2/normalization/none/multivariate/Supply_Chain_Location/D/short/run_0 source_launch=selena_instance_normalization_20260920T193952Z_48346 launch_id=selena_instance_normalization_20260921T103653Z_18902 slurm_job_id=3510352 launched_at=2026-09-21T10:51:16.700877+00:00
  Reused completed task: /fslarge/scratch/users/h61084/codes/evaluating_tsfms/outputs/instance_normalization/tasks/chronos2/normalization/none/multivariate/Supply_Chain_Location/D/short/run_0

============================================================
All experiments completed!
Results saved to: /scratch/users/h61084/codes/evaluating_tsfms/outputs/instance_normalization/tasks
============================================================

############################################################
# All 1 dataset(s) completed!
############################################################

############################################################
# Dataset 1/1: azure2019_D/5T
############################################################
[2026-09-21 10:51:24 UTC] resources model_device {"device": "cuda", "model": "chronos2"}
Loading configuration...

============================================================
Dataset: azure2019_D/5T
Model: amazon/chronos-2
Checkpoint: /fslarge/scratch/users/h61084/weights/chronos2
Terms: ['short']
Covariate mode: none
Instance normalization: none
============================================================

--- Term: short ---
  Config: prediction_length=288, test_length=864, val_length=864
TIME run allocation action=skip run=/fslarge/scratch/users/h61084/codes/evaluating_tsfms/outputs/instance_normalization/tasks/chronos2/normalization/none/multivariate/azure2019_D/5T/short/run_0 source_launch=selena_instance_normalization_20260920T193952Z_48346 launch_id=selena_instance_normalization_20260921T103653Z_18902 slurm_job_id=3510352 launched_at=2026-09-21T10:51:25.081407+00:00
  Reused completed task: /fslarge/scratch/users/h61084/codes/evaluating_tsfms/outputs/instance_normalization/tasks/chronos2/normalization/none/multivariate/azure2019_D/5T/short/run_0

============================================================
All experiments completed!
Results saved to: /scratch/users/h61084/codes/evaluating_tsfms/outputs/instance_normalization/tasks
============================================================

############################################################
# All 1 dataset(s) completed!
############################################################

############################################################
# Dataset 1/1: azure2019_I/5T
############################################################
[2026-09-21 10:51:33 UTC] resources model_device {"device": "cuda", "model": "chronos2"}
Loading configuration...

============================================================
Dataset: azure2019_I/5T
Model: amazon/chronos-2
Checkpoint: /fslarge/scratch/users/h61084/weights/chronos2
Terms: ['short']
Covariate mode: none
Instance normalization: none
============================================================

--- Term: short ---
  Config: prediction_length=288, test_length=864, val_length=864
TIME run allocation action=skip run=/fslarge/scratch/users/h61084/codes/evaluating_tsfms/outputs/instance_normalization/tasks/chronos2/normalization/none/multivariate/azure2019_I/5T/short/run_0 source_launch=selena_instance_normalization_20260920T193952Z_48346 launch_id=selena_instance_normalization_20260921T103653Z_18902 slurm_job_id=3510352 launched_at=2026-09-21T10:51:33.437530+00:00
  Reused completed task: /fslarge/scratch/users/h61084/codes/evaluating_tsfms/outputs/instance_normalization/tasks/chronos2/normalization/none/multivariate/azure2019_I/5T/short/run_0

============================================================
All experiments completed!
Results saved to: /scratch/users/h61084/codes/evaluating_tsfms/outputs/instance_normalization/tasks
============================================================

############################################################
# All 1 dataset(s) completed!
############################################################

############################################################
# Dataset 1/1: azure2019_U/5T
############################################################
[2026-09-21 10:51:41 UTC] resources model_device {"device": "cuda", "model": "chronos2"}
Loading configuration...

============================================================
Dataset: azure2019_U/5T
Model: amazon/chronos-2
Checkpoint: /fslarge/scratch/users/h61084/weights/chronos2
Terms: ['short']
Covariate mode: none
Instance normalization: none
============================================================

--- Term: short ---
  Config: prediction_length=48, test_length=288, val_length=96
TIME run allocation action=skip run=/fslarge/scratch/users/h61084/codes/evaluating_tsfms/outputs/instance_normalization/tasks/chronos2/normalization/none/multivariate/azure2019_U/5T/short/run_0 source_launch=selena_instance_normalization_20260920T193952Z_48346 launch_id=selena_instance_normalization_20260921T103653Z_18902 slurm_job_id=3510352 launched_at=2026-09-21T10:51:41.828754+00:00
  Reused completed task: /fslarge/scratch/users/h61084/codes/evaluating_tsfms/outputs/instance_normalization/tasks/chronos2/normalization/none/multivariate/azure2019_U/5T/short/run_0

============================================================
All experiments completed!
Results saved to: /scratch/users/h61084/codes/evaluating_tsfms/outputs/instance_normalization/tasks
============================================================

############################################################
# All 1 dataset(s) completed!
############################################################

############################################################
# Dataset 1/1: Smart_Manufacturing/H
############################################################
[2026-09-21 10:51:51 UTC] resources model_device {"device": "cuda", "model": "chronos2"}
Loading configuration...

============================================================
Dataset: Smart_Manufacturing/H
Model: amazon/chronos-2
Checkpoint: /fslarge/scratch/users/h61084/weights/chronos2
Terms: ['short', 'medium', 'long']
Covariate mode: none
Instance normalization: none
============================================================

--- Term: short ---
  Config: prediction_length=24, test_length=336, val_length=336
TIME run allocation action=skip run=/fslarge/scratch/users/h61084/codes/evaluating_tsfms/outputs/instance_normalization/tasks/chronos2/normalization/none/multivariate/Smart_Manufacturing/H/short/run_0 source_launch=selena_instance_normalization_20260920T193952Z_48346 launch_id=selena_instance_normalization_20260921T103653Z_18902 slurm_job_id=3510352 launched_at=2026-09-21T10:51:51.498830+00:00
  Reused completed task: /fslarge/scratch/users/h61084/codes/evaluating_tsfms/outputs/instance_normalization/tasks/chronos2/normalization/none/multivariate/Smart_Manufacturing/H/short/run_0

--- Term: medium ---
  Config: prediction_length=168, test_length=336, val_length=336
TIME run allocation action=skip run=/fslarge/scratch/users/h61084/codes/evaluating_tsfms/outputs/instance_normalization/tasks/chronos2/normalization/none/multivariate/Smart_Manufacturing/H/medium/run_0 source_launch=selena_instance_normalization_20260920T193952Z_48346 launch_id=selena_instance_normalization_20260921T103653Z_18902 slurm_job_id=3510352 launched_at=2026-09-21T10:51:51.512282+00:00
  Reused completed task: /fslarge/scratch/users/h61084/codes/evaluating_tsfms/outputs/instance_normalization/tasks/chronos2/normalization/none/multivariate/Smart_Manufacturing/H/medium/run_0

--- Term: long ---
  Config: prediction_length=336, test_length=336, val_length=336
TIME run allocation action=skip run=/fslarge/scratch/users/h61084/codes/evaluating_tsfms/outputs/instance_normalization/tasks/chronos2/normalization/none/multivariate/Smart_Manufacturing/H/long/run_0 source_launch=selena_instance_normalization_20260920T193952Z_48346 launch_id=selena_instance_normalization_20260921T103653Z_18902 slurm_job_id=3510352 launched_at=2026-09-21T10:51:51.524611+00:00
  Reused completed task: /fslarge/scratch/users/h61084/codes/evaluating_tsfms/outputs/instance_normalization/tasks/chronos2/normalization/none/multivariate/Smart_Manufacturing/H/long/run_0

============================================================
All experiments completed!
Results saved to: /scratch/users/h61084/codes/evaluating_tsfms/outputs/instance_normalization/tasks
============================================================

############################################################
# All 1 dataset(s) completed!
############################################################

############################################################
# Dataset 1/1: MetroPT-3/5T
############################################################
[2026-09-21 10:51:59 UTC] resources model_device {"device": "cuda", "model": "chronos2"}
Loading configuration...

============================================================
Dataset: MetroPT-3/5T
Model: amazon/chronos-2
Checkpoint: /fslarge/scratch/users/h61084/weights/chronos2
Terms: ['short', 'medium', 'long']
Covariate mode: none
Instance normalization: none
============================================================

--- Term: short ---
  Config: prediction_length=48, test_length=1728, val_length=1728
TIME run allocation action=skip run=/fslarge/scratch/users/h61084/codes/evaluating_tsfms/outputs/instance_normalization/tasks/chronos2/normalization/none/multivariate/MetroPT-3/5T/short/run_0 source_launch=selena_instance_normalization_20260920T193952Z_48346 launch_id=selena_instance_normalization_20260921T103653Z_18902 slurm_job_id=3510352 launched_at=2026-09-21T10:51:59.900660+00:00
  Reused completed task: /fslarge/scratch/users/h61084/codes/evaluating_tsfms/outputs/instance_normalization/tasks/chronos2/normalization/none/multivariate/MetroPT-3/5T/short/run_0

--- Term: medium ---
  Config: prediction_length=288, test_length=1728, val_length=1728
TIME run allocation action=skip run=/fslarge/scratch/users/h61084/codes/evaluating_tsfms/outputs/instance_normalization/tasks/chronos2/normalization/none/multivariate/MetroPT-3/5T/medium/run_0 source_launch=selena_instance_normalization_20260920T193952Z_48346 launch_id=selena_instance_normalization_20260921T103653Z_18902 slurm_job_id=3510352 launched_at=2026-09-21T10:51:59.924351+00:00
  Reused completed task: /fslarge/scratch/users/h61084/codes/evaluating_tsfms/outputs/instance_normalization/tasks/chronos2/normalization/none/multivariate/MetroPT-3/5T/medium/run_0

--- Term: long ---
  Config: prediction_length=576, test_length=1728, val_length=1728
TIME run allocation action=skip run=/fslarge/scratch/users/h61084/codes/evaluating_tsfms/outputs/instance_normalization/tasks/chronos2/normalization/none/multivariate/MetroPT-3/5T/long/run_0 source_launch=selena_instance_normalization_20260920T193952Z_48346 launch_id=selena_instance_normalization_20260921T103653Z_18902 slurm_job_id=3510352 launched_at=2026-09-21T10:51:59.947552+00:00
  Reused completed task: /fslarge/scratch/users/h61084/codes/evaluating_tsfms/outputs/instance_normalization/tasks/chronos2/normalization/none/multivariate/MetroPT-3/5T/long/run_0

============================================================
All experiments completed!
Results saved to: /scratch/users/h61084/codes/evaluating_tsfms/outputs/instance_normalization/tasks
============================================================

############################################################
# All 1 dataset(s) completed!
############################################################
2026-09-21 12:52:00 | task model=chronos2 runner=run_chronos2.sh environment=uv covariate_mode=none target_mode=auto context_length=model_default instance_normalization=none completed status=success
2026-09-21 12:52:00 | stage evaluate completed status=success
2026-09-21 12:52:00 | workflow instance_normalization completed status=success exit_code=0
