[2026-09-21 10:36:57 UTC] resources allocation {"ADAPTIME_DEVICE": "unset", "CUDA_VISIBLE_DEVICES": "0", "SLURM_CPUS_PER_TASK": "8", "SLURM_JOB_GPUS": "0,1,2,3", "SLURM_JOB_ID": "3510350", "SLURM_MEM_PER_CPU": "unset", "SLURM_MEM_PER_NODE": "80000", "SLURM_STEP_GPUS": "0", "SLURM_STEP_ID": "0", "cpu_count": 8, "host": "sean0008"}
[2026-09-21 10:36:57 UTC] resources RAM {"MemAvailable_MiB": 373187.30859375, "MemTotal_MiB": 386622.91796875}
[2026-09-21 10:36:57 UTC] resources nvidia_inventory {"columns": "index,uuid,name,driver,total_MiB,free_MiB,used_MiB", "devices": ["0, GPU-4aeb2cd8-4d02-e1ac-4131-1a746cbc40b0, NVIDIA H100 NVL, 560.35.05, 95830, 95350, 1"]}
[2026-09-21 10:37:03 UTC] resources torch {"cuda_available": true, "note": "visibility probe; CPU-only stages need not use an allocated GPU", "version": "2.9.1+cu128", "visible_gpu_count": 1}
[2026-09-21 10:37:03 UTC] resources cuda_device {"capability": "9.0", "free_MiB": 94825.125, "logical_index": 0, "name": "NVIDIA H100 NVL", "total_MiB": 95350.1875}
2026-09-21 12:37:04 | workflow instance_normalization started launch_id=selena_instance_normalization_20260921T103653Z_18902 task=chronos_bolt slurm_job_id=3510350 slurm_array_job_id=none slurm_array_task_id=none
2026-09-21 12:37:04 | stage evaluate started
2026-09-21 12:37:04 | task model=chronos_bolt runner=run_chronos_bolt.sh environment=uv covariate_mode=none target_mode=auto context_length=model_default instance_normalization=none started
[2026-09-21 12:37:04] TIME runner: run_chronos_bolt.sh
[2026-09-21 12:37:04] datasets: /scratch/users/h61084/datasets/hf_dataset
[2026-09-21 12:37:04] weights: /scratch/users/h61084/weights
[2026-09-21 12:37:04] outputs: /scratch/users/h61084/codes/evaluating_tsfms/outputs
[2026-09-21 12:37:04] covariate mode: none
[2026-09-21 12:37:04] target mode: auto
[2026-09-21 12:37:04] context length: model_default
[2026-09-21 12:37:04] instance normalization: none

############################################################
# Dataset 1/1: Water_Quality_Darwin/15T
############################################################
Loading configuration...

============================================================
Dataset: Water_Quality_Darwin/15T
Model: amazon/chronos-bolt-base
Terms: ['short', 'medium', 'long']
Instance normalization: none
============================================================
Loading Chronos-Bolt model: amazon/chronos-bolt-base from /fslarge/scratch/users/h61084/weights/chronos-bolt-base...
[2026-09-21 10:37:20 UTC] resources model_device {"device": "cuda", "model": "chronos_bolt"}

--- Term: short ---
  Config: prediction_length=16, test_length=1440, val_length=1440
  Dataset info:
    - Frequency: 15T
    - Num series: 7
    - Target dim: 6
    - Target mode: univariate
    - Series length: min=8662, max=18985, avg=15229.4
    - Test split: 1440 steps
    - Prediction length: 16
    - Windows: 90
TIME run allocation action=skip run=/fslarge/scratch/users/h61084/codes/evaluating_tsfms/outputs/instance_normalization/tasks/chronos_bolt/normalization/none/univariate/Water_Quality_Darwin/15T/short/run_0 source_launch=selena_instance_normalization_20260920T193952Z_48346 launch_id=selena_instance_normalization_20260921T103653Z_18902 slurm_job_id=3510350 launched_at=2026-09-21T10:37:21.748798+00:00
  Reused completed task: /fslarge/scratch/users/h61084/codes/evaluating_tsfms/outputs/instance_normalization/tasks/chronos_bolt/normalization/none/univariate/Water_Quality_Darwin/15T/short/run_0

--- Term: medium ---
  Config: prediction_length=96, test_length=1440, val_length=1440
  Dataset info:
    - Frequency: 15T
    - Num series: 7
    - Target dim: 6
    - Target mode: univariate
    - Series length: min=8662, max=18985, avg=15229.4
    - Test split: 1440 steps
    - Prediction length: 96
    - Windows: 15
TIME run allocation action=skip run=/fslarge/scratch/users/h61084/codes/evaluating_tsfms/outputs/instance_normalization/tasks/chronos_bolt/normalization/none/univariate/Water_Quality_Darwin/15T/medium/run_0 source_launch=selena_instance_normalization_20260920T193952Z_48346 launch_id=selena_instance_normalization_20260921T103653Z_18902 slurm_job_id=3510350 launched_at=2026-09-21T10:37:21.783645+00:00
  Reused completed task: /fslarge/scratch/users/h61084/codes/evaluating_tsfms/outputs/instance_normalization/tasks/chronos_bolt/normalization/none/univariate/Water_Quality_Darwin/15T/medium/run_0

--- Term: long ---
  Config: prediction_length=288, test_length=1440, val_length=1440
  Dataset info:
    - Frequency: 15T
    - Num series: 7
    - Target dim: 6
    - Target mode: univariate
    - Series length: min=8662, max=18985, avg=15229.4
    - Test split: 1440 steps
    - Prediction length: 288
    - Windows: 5
TIME run allocation action=skip run=/fslarge/scratch/users/h61084/codes/evaluating_tsfms/outputs/instance_normalization/tasks/chronos_bolt/normalization/none/univariate/Water_Quality_Darwin/15T/long/run_0 source_launch=selena_instance_normalization_20260920T193952Z_48346 launch_id=selena_instance_normalization_20260921T103653Z_18902 slurm_job_id=3510350 launched_at=2026-09-21T10:37:21.816386+00:00
  Reused completed task: /fslarge/scratch/users/h61084/codes/evaluating_tsfms/outputs/instance_normalization/tasks/chronos_bolt/normalization/none/univariate/Water_Quality_Darwin/15T/long/run_0

============================================================
All experiments completed!
Results saved to: /scratch/users/h61084/codes/evaluating_tsfms/outputs/instance_normalization/tasks
============================================================

############################################################
# All datasets completed!
############################################################

############################################################
# Dataset 1/1: current_velocity/5T
############################################################
Loading configuration...

============================================================
Dataset: current_velocity/5T
Model: amazon/chronos-bolt-base
Terms: ['short', 'medium', 'long']
Instance normalization: none
============================================================
Loading Chronos-Bolt model: amazon/chronos-bolt-base from /fslarge/scratch/users/h61084/weights/chronos-bolt-base...
[2026-09-21 10:37:30 UTC] resources model_device {"device": "cuda", "model": "chronos_bolt"}

--- Term: short ---
  Config: prediction_length=36, test_length=4320, val_length=4320
  Dataset info:
    - Frequency: 5T
    - Num series: 1
    - Target dim: 6
    - Target mode: univariate
    - Series length: min=26486, max=26486, avg=26486.0
    - Test split: 4320 steps
    - Prediction length: 36
    - Windows: 120
TIME run allocation action=skip run=/fslarge/scratch/users/h61084/codes/evaluating_tsfms/outputs/instance_normalization/tasks/chronos_bolt/normalization/none/univariate/current_velocity/5T/short/run_0 source_launch=selena_instance_normalization_20260920T193952Z_48346 launch_id=selena_instance_normalization_20260921T103653Z_18902 slurm_job_id=3510350 launched_at=2026-09-21T10:37:31.026467+00:00
  Reused completed task: /fslarge/scratch/users/h61084/codes/evaluating_tsfms/outputs/instance_normalization/tasks/chronos_bolt/normalization/none/univariate/current_velocity/5T/short/run_0

--- Term: medium ---
  Config: prediction_length=288, test_length=4320, val_length=4320
  Dataset info:
    - Frequency: 5T
    - Num series: 1
    - Target dim: 6
    - Target mode: univariate
    - Series length: min=26486, max=26486, avg=26486.0
    - Test split: 4320 steps
    - Prediction length: 288
    - Windows: 15
TIME run allocation action=skip run=/fslarge/scratch/users/h61084/codes/evaluating_tsfms/outputs/instance_normalization/tasks/chronos_bolt/normalization/none/univariate/current_velocity/5T/medium/run_0 source_launch=selena_instance_normalization_20260920T193952Z_48346 launch_id=selena_instance_normalization_20260921T103653Z_18902 slurm_job_id=3510350 launched_at=2026-09-21T10:37:31.075235+00:00
  Reused completed task: /fslarge/scratch/users/h61084/codes/evaluating_tsfms/outputs/instance_normalization/tasks/chronos_bolt/normalization/none/univariate/current_velocity/5T/medium/run_0

--- Term: long ---
  Config: prediction_length=864, test_length=4320, val_length=4320
  Dataset info:
    - Frequency: 5T
    - Num series: 1
    - Target dim: 6
    - Target mode: univariate
    - Series length: min=26486, max=26486, avg=26486.0
    - Test split: 4320 steps
    - Prediction length: 864
    - Windows: 5
TIME run allocation action=skip run=/fslarge/scratch/users/h61084/codes/evaluating_tsfms/outputs/instance_normalization/tasks/chronos_bolt/normalization/none/univariate/current_velocity/5T/long/run_0 source_launch=selena_instance_normalization_20260920T193952Z_48346 launch_id=selena_instance_normalization_20260921T103653Z_18902 slurm_job_id=3510350 launched_at=2026-09-21T10:37:31.119971+00:00
  Reused completed task: /fslarge/scratch/users/h61084/codes/evaluating_tsfms/outputs/instance_normalization/tasks/chronos_bolt/normalization/none/univariate/current_velocity/5T/long/run_0

============================================================
All experiments completed!
Results saved to: /scratch/users/h61084/codes/evaluating_tsfms/outputs/instance_normalization/tasks
============================================================

############################################################
# All datasets completed!
############################################################

############################################################
# Dataset 1/1: current_velocity/10T
############################################################
Loading configuration...

============================================================
Dataset: current_velocity/10T
Model: amazon/chronos-bolt-base
Terms: ['short', 'medium', 'long']
Instance normalization: none
============================================================
Loading Chronos-Bolt model: amazon/chronos-bolt-base from /fslarge/scratch/users/h61084/weights/chronos-bolt-base...
[2026-09-21 10:37:39 UTC] resources model_device {"device": "cuda", "model": "chronos_bolt"}

--- Term: short ---
  Config: prediction_length=18, test_length=2160, val_length=2160
  Dataset info:
    - Frequency: 10T
    - Num series: 10
    - Target dim: 6
    - Target mode: univariate
    - Series length: min=7481, max=31957, avg=20668.5
    - Test split: 2160 steps
    - Prediction length: 18
    - Windows: 120
TIME run allocation action=skip run=/fslarge/scratch/users/h61084/codes/evaluating_tsfms/outputs/instance_normalization/tasks/chronos_bolt/normalization/none/univariate/current_velocity/10T/short/run_0 source_launch=selena_instance_normalization_20260920T193952Z_48346 launch_id=selena_instance_normalization_20260921T103653Z_18902 slurm_job_id=3510350 launched_at=2026-09-21T10:37:40.279357+00:00
  Reused completed task: /fslarge/scratch/users/h61084/codes/evaluating_tsfms/outputs/instance_normalization/tasks/chronos_bolt/normalization/none/univariate/current_velocity/10T/short/run_0

--- Term: medium ---
  Config: prediction_length=144, test_length=2160, val_length=2160
  Dataset info:
    - Frequency: 10T
    - Num series: 10
    - Target dim: 6
    - Target mode: univariate
    - Series length: min=7481, max=31957, avg=20668.5
    - Test split: 2160 steps
    - Prediction length: 144
    - Windows: 15
TIME run allocation action=skip run=/fslarge/scratch/users/h61084/codes/evaluating_tsfms/outputs/instance_normalization/tasks/chronos_bolt/normalization/none/univariate/current_velocity/10T/medium/run_0 source_launch=selena_instance_normalization_20260920T193952Z_48346 launch_id=selena_instance_normalization_20260921T103653Z_18902 slurm_job_id=3510350 launched_at=2026-09-21T10:37:40.328264+00:00
  Reused completed task: /fslarge/scratch/users/h61084/codes/evaluating_tsfms/outputs/instance_normalization/tasks/chronos_bolt/normalization/none/univariate/current_velocity/10T/medium/run_0

--- Term: long ---
  Config: prediction_length=432, test_length=2160, val_length=2160
  Dataset info:
    - Frequency: 10T
    - Num series: 10
    - Target dim: 6
    - Target mode: univariate
    - Series length: min=7481, max=31957, avg=20668.5
    - Test split: 2160 steps
    - Prediction length: 432
    - Windows: 5
TIME run allocation action=skip run=/fslarge/scratch/users/h61084/codes/evaluating_tsfms/outputs/instance_normalization/tasks/chronos_bolt/normalization/none/univariate/current_velocity/10T/long/run_0 source_launch=selena_instance_normalization_20260920T193952Z_48346 launch_id=selena_instance_normalization_20260921T103653Z_18902 slurm_job_id=3510350 launched_at=2026-09-21T10:37:40.373431+00:00
  Reused completed task: /fslarge/scratch/users/h61084/codes/evaluating_tsfms/outputs/instance_normalization/tasks/chronos_bolt/normalization/none/univariate/current_velocity/10T/long/run_0

============================================================
All experiments completed!
Results saved to: /scratch/users/h61084/codes/evaluating_tsfms/outputs/instance_normalization/tasks
============================================================

############################################################
# All datasets completed!
############################################################

############################################################
# Dataset 1/1: current_velocity/15T
############################################################
Loading configuration...

============================================================
Dataset: current_velocity/15T
Model: amazon/chronos-bolt-base
Terms: ['short', 'medium', 'long']
Instance normalization: none
============================================================
Loading Chronos-Bolt model: amazon/chronos-bolt-base from /fslarge/scratch/users/h61084/weights/chronos-bolt-base...
[2026-09-21 10:37:48 UTC] resources model_device {"device": "cuda", "model": "chronos_bolt"}

--- Term: short ---
  Config: prediction_length=12, test_length=1440, val_length=1440
  Dataset info:
    - Frequency: 15T
    - Num series: 5
    - Target dim: 6
    - Target mode: univariate
    - Series length: min=3710, max=17953, avg=8503.2
    - Test split: 1440 steps
    - Prediction length: 12
    - Windows: 120
TIME run allocation action=skip run=/fslarge/scratch/users/h61084/codes/evaluating_tsfms/outputs/instance_normalization/tasks/chronos_bolt/normalization/none/univariate/current_velocity/15T/short/run_0 source_launch=selena_instance_normalization_20260920T193952Z_48346 launch_id=selena_instance_normalization_20260921T103653Z_18902 slurm_job_id=3510350 launched_at=2026-09-21T10:37:49.461439+00:00
  Reused completed task: /fslarge/scratch/users/h61084/codes/evaluating_tsfms/outputs/instance_normalization/tasks/chronos_bolt/normalization/none/univariate/current_velocity/15T/short/run_0

--- Term: medium ---
  Config: prediction_length=96, test_length=1440, val_length=1440
  Dataset info:
    - Frequency: 15T
    - Num series: 5
    - Target dim: 6
    - Target mode: univariate
    - Series length: min=3710, max=17953, avg=8503.2
    - Test split: 1440 steps
    - Prediction length: 96
    - Windows: 15
TIME run allocation action=skip run=/fslarge/scratch/users/h61084/codes/evaluating_tsfms/outputs/instance_normalization/tasks/chronos_bolt/normalization/none/univariate/current_velocity/15T/medium/run_0 source_launch=selena_instance_normalization_20260920T193952Z_48346 launch_id=selena_instance_normalization_20260921T103653Z_18902 slurm_job_id=3510350 launched_at=2026-09-21T10:37:49.495411+00:00
  Reused completed task: /fslarge/scratch/users/h61084/codes/evaluating_tsfms/outputs/instance_normalization/tasks/chronos_bolt/normalization/none/univariate/current_velocity/15T/medium/run_0

--- Term: long ---
  Config: prediction_length=288, test_length=1440, val_length=1440
  Dataset info:
    - Frequency: 15T
    - Num series: 5
    - Target dim: 6
    - Target mode: univariate
    - Series length: min=3710, max=17953, avg=8503.2
    - Test split: 1440 steps
    - Prediction length: 288
    - Windows: 5
TIME run allocation action=skip run=/fslarge/scratch/users/h61084/codes/evaluating_tsfms/outputs/instance_normalization/tasks/chronos_bolt/normalization/none/univariate/current_velocity/15T/long/run_0 source_launch=selena_instance_normalization_20260920T193952Z_48346 launch_id=selena_instance_normalization_20260921T103653Z_18902 slurm_job_id=3510350 launched_at=2026-09-21T10:37:49.528657+00:00
  Reused completed task: /fslarge/scratch/users/h61084/codes/evaluating_tsfms/outputs/instance_normalization/tasks/chronos_bolt/normalization/none/univariate/current_velocity/15T/long/run_0

============================================================
All experiments completed!
Results saved to: /scratch/users/h61084/codes/evaluating_tsfms/outputs/instance_normalization/tasks
============================================================

############################################################
# All datasets completed!
############################################################

############################################################
# Dataset 1/1: current_velocity/20T
############################################################
Loading configuration...

============================================================
Dataset: current_velocity/20T
Model: amazon/chronos-bolt-base
Terms: ['short', 'medium', 'long']
Instance normalization: none
============================================================
Loading Chronos-Bolt model: amazon/chronos-bolt-base from /fslarge/scratch/users/h61084/weights/chronos-bolt-base...
[2026-09-21 10:37:57 UTC] resources model_device {"device": "cuda", "model": "chronos_bolt"}

--- Term: short ---
  Config: prediction_length=9, test_length=1080, val_length=1080
  Dataset info:
    - Frequency: 20T
    - Num series: 27
    - Target dim: 6
    - Target mode: univariate
    - Series length: min=2529, max=16759, avg=6460.2
    - Test split: 1080 steps
    - Prediction length: 9
    - Windows: 120
TIME run allocation action=skip run=/fslarge/scratch/users/h61084/codes/evaluating_tsfms/outputs/instance_normalization/tasks/chronos_bolt/normalization/none/univariate/current_velocity/20T/short/run_0 source_launch=selena_instance_normalization_20260920T193952Z_48346 launch_id=selena_instance_normalization_20260921T103653Z_18902 slurm_job_id=3510350 launched_at=2026-09-21T10:37:58.596305+00:00
  Reused completed task: /fslarge/scratch/users/h61084/codes/evaluating_tsfms/outputs/instance_normalization/tasks/chronos_bolt/normalization/none/univariate/current_velocity/20T/short/run_0

--- Term: medium ---
  Config: prediction_length=72, test_length=1080, val_length=1080
  Dataset info:
    - Frequency: 20T
    - Num series: 27
    - Target dim: 6
    - Target mode: univariate
    - Series length: min=2529, max=16759, avg=6460.2
    - Test split: 1080 steps
    - Prediction length: 72
    - Windows: 15
TIME run allocation action=skip run=/fslarge/scratch/users/h61084/codes/evaluating_tsfms/outputs/instance_normalization/tasks/chronos_bolt/normalization/none/univariate/current_velocity/20T/medium/run_0 source_launch=selena_instance_normalization_20260920T193952Z_48346 launch_id=selena_instance_normalization_20260921T103653Z_18902 slurm_job_id=3510350 launched_at=2026-09-21T10:37:58.615453+00:00
  Reused completed task: /fslarge/scratch/users/h61084/codes/evaluating_tsfms/outputs/instance_normalization/tasks/chronos_bolt/normalization/none/univariate/current_velocity/20T/medium/run_0

--- Term: long ---
  Config: prediction_length=216, test_length=1080, val_length=1080
  Dataset info:
    - Frequency: 20T
    - Num series: 27
    - Target dim: 6
    - Target mode: univariate
    - Series length: min=2529, max=16759, avg=6460.2
    - Test split: 1080 steps
    - Prediction length: 216
    - Windows: 5
TIME run allocation action=skip run=/fslarge/scratch/users/h61084/codes/evaluating_tsfms/outputs/instance_normalization/tasks/chronos_bolt/normalization/none/univariate/current_velocity/20T/long/run_0 source_launch=selena_instance_normalization_20260920T193952Z_48346 launch_id=selena_instance_normalization_20260921T103653Z_18902 slurm_job_id=3510350 launched_at=2026-09-21T10:37:58.633757+00:00
  Reused completed task: /fslarge/scratch/users/h61084/codes/evaluating_tsfms/outputs/instance_normalization/tasks/chronos_bolt/normalization/none/univariate/current_velocity/20T/long/run_0

============================================================
All experiments completed!
Results saved to: /scratch/users/h61084/codes/evaluating_tsfms/outputs/instance_normalization/tasks
============================================================

############################################################
# All datasets completed!
############################################################

############################################################
# Dataset 1/1: current_velocity/H
############################################################
Loading configuration...

============================================================
Dataset: current_velocity/H
Model: amazon/chronos-bolt-base
Terms: ['short', 'medium', 'long']
Instance normalization: none
============================================================
Loading Chronos-Bolt model: amazon/chronos-bolt-base from /fslarge/scratch/users/h61084/weights/chronos-bolt-base...
[2026-09-21 10:38:07 UTC] resources model_device {"device": "cuda", "model": "chronos_bolt"}

--- Term: short ---
  Config: prediction_length=24, test_length=672, val_length=672
  Dataset info:
    - Frequency: H
    - Num series: 21
    - Target dim: 6
    - Target mode: univariate
    - Series length: min=2208, max=5587, avg=3502.3
    - Test split: 672 steps
    - Prediction length: 24
    - Windows: 28
TIME run allocation action=skip run=/fslarge/scratch/users/h61084/codes/evaluating_tsfms/outputs/instance_normalization/tasks/chronos_bolt/normalization/none/univariate/current_velocity/H/short/run_0 source_launch=selena_instance_normalization_20260920T193952Z_48346 launch_id=selena_instance_normalization_20260921T103653Z_18902 slurm_job_id=3510350 launched_at=2026-09-21T10:38:07.745289+00:00
  Reused completed task: /fslarge/scratch/users/h61084/codes/evaluating_tsfms/outputs/instance_normalization/tasks/chronos_bolt/normalization/none/univariate/current_velocity/H/short/run_0

--- Term: medium ---
  Config: prediction_length=168, test_length=672, val_length=672
  Dataset info:
    - Frequency: H
    - Num series: 21
    - Target dim: 6
    - Target mode: univariate
    - Series length: min=2208, max=5587, avg=3502.3
    - Test split: 672 steps
    - Prediction length: 168
    - Windows: 4
TIME run allocation action=skip run=/fslarge/scratch/users/h61084/codes/evaluating_tsfms/outputs/instance_normalization/tasks/chronos_bolt/normalization/none/univariate/current_velocity/H/medium/run_0 source_launch=selena_instance_normalization_20260920T193952Z_48346 launch_id=selena_instance_normalization_20260921T103653Z_18902 slurm_job_id=3510350 launched_at=2026-09-21T10:38:07.766250+00:00
  Reused completed task: /fslarge/scratch/users/h61084/codes/evaluating_tsfms/outputs/instance_normalization/tasks/chronos_bolt/normalization/none/univariate/current_velocity/H/medium/run_0

--- Term: long ---
  Config: prediction_length=336, test_length=672, val_length=672
  Dataset info:
    - Frequency: H
    - Num series: 21
    - Target dim: 6
    - Target mode: univariate
    - Series length: min=2208, max=5587, avg=3502.3
    - Test split: 672 steps
    - Prediction length: 336
    - Windows: 2
TIME run allocation action=skip run=/fslarge/scratch/users/h61084/codes/evaluating_tsfms/outputs/instance_normalization/tasks/chronos_bolt/normalization/none/univariate/current_velocity/H/long/run_0 source_launch=selena_instance_normalization_20260920T193952Z_48346 launch_id=selena_instance_normalization_20260921T103653Z_18902 slurm_job_id=3510350 launched_at=2026-09-21T10:38:07.785132+00:00
  Reused completed task: /fslarge/scratch/users/h61084/codes/evaluating_tsfms/outputs/instance_normalization/tasks/chronos_bolt/normalization/none/univariate/current_velocity/H/long/run_0

============================================================
All experiments completed!
Results saved to: /scratch/users/h61084/codes/evaluating_tsfms/outputs/instance_normalization/tasks
============================================================

############################################################
# All datasets completed!
############################################################

############################################################
# Dataset 1/1: CPHL/15T
############################################################
Loading configuration...

============================================================
Dataset: CPHL/15T
Model: amazon/chronos-bolt-base
Terms: ['short', 'medium', 'long']
Instance normalization: none
============================================================
Loading Chronos-Bolt model: amazon/chronos-bolt-base from /fslarge/scratch/users/h61084/weights/chronos-bolt-base...
[2026-09-21 10:38:16 UTC] resources model_device {"device": "cuda", "model": "chronos_bolt"}

--- Term: short ---
  Config: prediction_length=12, test_length=1440, val_length=1440
  Dataset info:
    - Frequency: 15T
    - Num series: 2
    - Target dim: 1
    - Target mode: univariate
    - Series length: min=9956, max=10831, avg=10393.5
    - Test split: 1440 steps
    - Prediction length: 12
    - Windows: 120
TIME run allocation action=skip run=/fslarge/scratch/users/h61084/codes/evaluating_tsfms/outputs/instance_normalization/tasks/chronos_bolt/normalization/none/univariate/CPHL/15T/short/run_0 source_launch=selena_instance_normalization_20260920T193952Z_48346 launch_id=selena_instance_normalization_20260921T103653Z_18902 slurm_job_id=3510350 launched_at=2026-09-21T10:38:16.957878+00:00
  Reused completed task: /fslarge/scratch/users/h61084/codes/evaluating_tsfms/outputs/instance_normalization/tasks/chronos_bolt/normalization/none/univariate/CPHL/15T/short/run_0

--- Term: medium ---
  Config: prediction_length=96, test_length=1440, val_length=1440
  Dataset info:
    - Frequency: 15T
    - Num series: 2
    - Target dim: 1
    - Target mode: univariate
    - Series length: min=9956, max=10831, avg=10393.5
    - Test split: 1440 steps
    - Prediction length: 96
    - Windows: 15
TIME run allocation action=skip run=/fslarge/scratch/users/h61084/codes/evaluating_tsfms/outputs/instance_normalization/tasks/chronos_bolt/normalization/none/univariate/CPHL/15T/medium/run_0 source_launch=selena_instance_normalization_20260920T193952Z_48346 launch_id=selena_instance_normalization_20260921T103653Z_18902 slurm_job_id=3510350 launched_at=2026-09-21T10:38:16.970642+00:00
  Reused completed task: /fslarge/scratch/users/h61084/codes/evaluating_tsfms/outputs/instance_normalization/tasks/chronos_bolt/normalization/none/univariate/CPHL/15T/medium/run_0

--- Term: long ---
  Config: prediction_length=288, test_length=1440, val_length=1440
  Dataset info:
    - Frequency: 15T
    - Num series: 2
    - Target dim: 1
    - Target mode: univariate
    - Series length: min=9956, max=10831, avg=10393.5
    - Test split: 1440 steps
    - Prediction length: 288
    - Windows: 5
TIME run allocation action=skip run=/fslarge/scratch/users/h61084/codes/evaluating_tsfms/outputs/instance_normalization/tasks/chronos_bolt/normalization/none/univariate/CPHL/15T/long/run_0 source_launch=selena_instance_normalization_20260920T193952Z_48346 launch_id=selena_instance_normalization_20260921T103653Z_18902 slurm_job_id=3510350 launched_at=2026-09-21T10:38:16.983269+00:00
  Reused completed task: /fslarge/scratch/users/h61084/codes/evaluating_tsfms/outputs/instance_normalization/tasks/chronos_bolt/normalization/none/univariate/CPHL/15T/long/run_0

============================================================
All experiments completed!
Results saved to: /scratch/users/h61084/codes/evaluating_tsfms/outputs/instance_normalization/tasks
============================================================

############################################################
# All datasets completed!
############################################################

############################################################
# Dataset 1/1: CPHL/30T
############################################################
Loading configuration...

============================================================
Dataset: CPHL/30T
Model: amazon/chronos-bolt-base
Terms: ['short', 'medium', 'long']
Instance normalization: none
============================================================
Loading Chronos-Bolt model: amazon/chronos-bolt-base from /fslarge/scratch/users/h61084/weights/chronos-bolt-base...
[2026-09-21 10:38:25 UTC] resources model_device {"device": "cuda", "model": "chronos_bolt"}

--- Term: short ---
  Config: prediction_length=12, test_length=1440, val_length=1440
  Dataset info:
    - Frequency: 30T
    - Num series: 2
    - Target dim: 1
    - Target mode: univariate
    - Series length: min=11808, max=17566, avg=14687.0
    - Test split: 1440 steps
    - Prediction length: 12
    - Windows: 120
TIME run allocation action=skip run=/fslarge/scratch/users/h61084/codes/evaluating_tsfms/outputs/instance_normalization/tasks/chronos_bolt/normalization/none/univariate/CPHL/30T/short/run_0 source_launch=selena_instance_normalization_20260920T193952Z_48346 launch_id=selena_instance_normalization_20260921T103653Z_18902 slurm_job_id=3510350 launched_at=2026-09-21T10:38:26.090394+00:00
  Reused completed task: /fslarge/scratch/users/h61084/codes/evaluating_tsfms/outputs/instance_normalization/tasks/chronos_bolt/normalization/none/univariate/CPHL/30T/short/run_0

--- Term: medium ---
  Config: prediction_length=48, test_length=1440, val_length=1440
  Dataset info:
    - Frequency: 30T
    - Num series: 2
    - Target dim: 1
    - Target mode: univariate
    - Series length: min=11808, max=17566, avg=14687.0
    - Test split: 1440 steps
    - Prediction length: 48
    - Windows: 30
TIME run allocation action=skip run=/fslarge/scratch/users/h61084/codes/evaluating_tsfms/outputs/instance_normalization/tasks/chronos_bolt/normalization/none/univariate/CPHL/30T/medium/run_0 source_launch=selena_instance_normalization_20260920T193952Z_48346 launch_id=selena_instance_normalization_20260921T103653Z_18902 slurm_job_id=3510350 launched_at=2026-09-21T10:38:26.103839+00:00
  Reused completed task: /fslarge/scratch/users/h61084/codes/evaluating_tsfms/outputs/instance_normalization/tasks/chronos_bolt/normalization/none/univariate/CPHL/30T/medium/run_0

--- Term: long ---
  Config: prediction_length=144, test_length=1440, val_length=1440
  Dataset info:
    - Frequency: 30T
    - Num series: 2
    - Target dim: 1
    - Target mode: univariate
    - Series length: min=11808, max=17566, avg=14687.0
    - Test split: 1440 steps
    - Prediction length: 144
    - Windows: 10
TIME run allocation action=skip run=/fslarge/scratch/users/h61084/codes/evaluating_tsfms/outputs/instance_normalization/tasks/chronos_bolt/normalization/none/univariate/CPHL/30T/long/run_0 source_launch=selena_instance_normalization_20260920T193952Z_48346 launch_id=selena_instance_normalization_20260921T103653Z_18902 slurm_job_id=3510350 launched_at=2026-09-21T10:38:26.116186+00:00
  Reused completed task: /fslarge/scratch/users/h61084/codes/evaluating_tsfms/outputs/instance_normalization/tasks/chronos_bolt/normalization/none/univariate/CPHL/30T/long/run_0

============================================================
All experiments completed!
Results saved to: /scratch/users/h61084/codes/evaluating_tsfms/outputs/instance_normalization/tasks
============================================================

############################################################
# All datasets completed!
############################################################

############################################################
# Dataset 1/1: CPHL/H
############################################################
Loading configuration...

============================================================
Dataset: CPHL/H
Model: amazon/chronos-bolt-base
Terms: ['short', 'medium', 'long']
Instance normalization: none
============================================================
Loading Chronos-Bolt model: amazon/chronos-bolt-base from /fslarge/scratch/users/h61084/weights/chronos-bolt-base...
[2026-09-21 10:38:34 UTC] resources model_device {"device": "cuda", "model": "chronos_bolt"}

--- Term: short ---
  Config: prediction_length=24, test_length=672, val_length=672
  Dataset info:
    - Frequency: H
    - Num series: 4
    - Target dim: 1
    - Target mode: univariate
    - Series length: min=2490, max=8783, avg=4971.2
    - Test split: 672 steps
    - Prediction length: 24
    - Windows: 28
TIME run allocation action=skip run=/fslarge/scratch/users/h61084/codes/evaluating_tsfms/outputs/instance_normalization/tasks/chronos_bolt/normalization/none/univariate/CPHL/H/short/run_0 source_launch=selena_instance_normalization_20260920T193952Z_48346 launch_id=selena_instance_normalization_20260921T103653Z_18902 slurm_job_id=3510350 launched_at=2026-09-21T10:38:35.153090+00:00
  Reused completed task: /fslarge/scratch/users/h61084/codes/evaluating_tsfms/outputs/instance_normalization/tasks/chronos_bolt/normalization/none/univariate/CPHL/H/short/run_0

--- Term: medium ---
  Config: prediction_length=168, test_length=672, val_length=672
  Dataset info:
    - Frequency: H
    - Num series: 4
    - Target dim: 1
    - Target mode: univariate
    - Series length: min=2490, max=8783, avg=4971.2
    - Test split: 672 steps
    - Prediction length: 168
    - Windows: 4
TIME run allocation action=skip run=/fslarge/scratch/users/h61084/codes/evaluating_tsfms/outputs/instance_normalization/tasks/chronos_bolt/normalization/none/univariate/CPHL/H/medium/run_0 source_launch=selena_instance_normalization_20260920T193952Z_48346 launch_id=selena_instance_normalization_20260921T103653Z_18902 slurm_job_id=3510350 launched_at=2026-09-21T10:38:35.165912+00:00
  Reused completed task: /fslarge/scratch/users/h61084/codes/evaluating_tsfms/outputs/instance_normalization/tasks/chronos_bolt/normalization/none/univariate/CPHL/H/medium/run_0

--- Term: long ---
  Config: prediction_length=336, test_length=672, val_length=672
  Dataset info:
    - Frequency: H
    - Num series: 4
    - Target dim: 1
    - Target mode: univariate
    - Series length: min=2490, max=8783, avg=4971.2
    - Test split: 672 steps
    - Prediction length: 336
    - Windows: 2
TIME run allocation action=skip run=/fslarge/scratch/users/h61084/codes/evaluating_tsfms/outputs/instance_normalization/tasks/chronos_bolt/normalization/none/univariate/CPHL/H/long/run_0 source_launch=selena_instance_normalization_20260920T193952Z_48346 launch_id=selena_instance_normalization_20260921T103653Z_18902 slurm_job_id=3510350 launched_at=2026-09-21T10:38:35.177421+00:00
  Reused completed task: /fslarge/scratch/users/h61084/codes/evaluating_tsfms/outputs/instance_normalization/tasks/chronos_bolt/normalization/none/univariate/CPHL/H/long/run_0

============================================================
All experiments completed!
Results saved to: /scratch/users/h61084/codes/evaluating_tsfms/outputs/instance_normalization/tasks
============================================================

############################################################
# All datasets completed!
############################################################

############################################################
# Dataset 1/1: Coastal_T_S/5T
############################################################
Loading configuration...

============================================================
Dataset: Coastal_T_S/5T
Model: amazon/chronos-bolt-base
Terms: ['short', 'medium', 'long']
Instance normalization: none
============================================================
Loading Chronos-Bolt model: amazon/chronos-bolt-base from /fslarge/scratch/users/h61084/weights/chronos-bolt-base...
[2026-09-21 10:38:43 UTC] resources model_device {"device": "cuda", "model": "chronos_bolt"}

--- Term: short ---
  Config: prediction_length=36, test_length=4320, val_length=4320
  Dataset info:
    - Frequency: 5T
    - Num series: 18
    - Target dim: 3
    - Target mode: univariate
    - Series length: min=44614, max=105408, avg=68604.9
    - Test split: 4320 steps
    - Prediction length: 36
    - Windows: 120
TIME run allocation action=skip run=/fslarge/scratch/users/h61084/codes/evaluating_tsfms/outputs/instance_normalization/tasks/chronos_bolt/normalization/none/univariate/Coastal_T_S/5T/short/run_0 source_launch=selena_instance_normalization_20260920T193952Z_48346 launch_id=selena_instance_normalization_20260921T103653Z_18902 slurm_job_id=3510350 launched_at=2026-09-21T10:38:44.414123+00:00
  Reused completed task: /fslarge/scratch/users/h61084/codes/evaluating_tsfms/outputs/instance_normalization/tasks/chronos_bolt/normalization/none/univariate/Coastal_T_S/5T/short/run_0

--- Term: medium ---
  Config: prediction_length=288, test_length=4320, val_length=4320
  Dataset info:
    - Frequency: 5T
    - Num series: 18
    - Target dim: 3
    - Target mode: univariate
    - Series length: min=44614, max=105408, avg=68604.9
    - Test split: 4320 steps
    - Prediction length: 288
    - Windows: 15
TIME run allocation action=skip run=/fslarge/scratch/users/h61084/codes/evaluating_tsfms/outputs/instance_normalization/tasks/chronos_bolt/normalization/none/univariate/Coastal_T_S/5T/medium/run_0 source_launch=selena_instance_normalization_20260920T193952Z_48346 launch_id=selena_instance_normalization_20260921T103653Z_18902 slurm_job_id=3510350 launched_at=2026-09-21T10:38:44.493629+00:00
  Reused completed task: /fslarge/scratch/users/h61084/codes/evaluating_tsfms/outputs/instance_normalization/tasks/chronos_bolt/normalization/none/univariate/Coastal_T_S/5T/medium/run_0

--- Term: long ---
  Config: prediction_length=864, test_length=4320, val_length=4320
  Dataset info:
    - Frequency: 5T
    - Num series: 18
    - Target dim: 3
    - Target mode: univariate
    - Series length: min=44614, max=105408, avg=68604.9
    - Test split: 4320 steps
    - Prediction length: 864
    - Windows: 5
TIME run allocation action=skip run=/fslarge/scratch/users/h61084/codes/evaluating_tsfms/outputs/instance_normalization/tasks/chronos_bolt/normalization/none/univariate/Coastal_T_S/5T/long/run_0 source_launch=selena_instance_normalization_20260920T193952Z_48346 launch_id=selena_instance_normalization_20260921T103653Z_18902 slurm_job_id=3510350 launched_at=2026-09-21T10:38:44.570986+00:00
  Reused completed task: /fslarge/scratch/users/h61084/codes/evaluating_tsfms/outputs/instance_normalization/tasks/chronos_bolt/normalization/none/univariate/Coastal_T_S/5T/long/run_0

============================================================
All experiments completed!
Results saved to: /scratch/users/h61084/codes/evaluating_tsfms/outputs/instance_normalization/tasks
============================================================

############################################################
# All datasets completed!
############################################################

############################################################
# Dataset 1/1: Coastal_T_S/15T
############################################################
Loading configuration...

============================================================
Dataset: Coastal_T_S/15T
Model: amazon/chronos-bolt-base
Terms: ['short', 'medium', 'long']
Instance normalization: none
============================================================
Loading Chronos-Bolt model: amazon/chronos-bolt-base from /fslarge/scratch/users/h61084/weights/chronos-bolt-base...
[2026-09-21 10:38:52 UTC] resources model_device {"device": "cuda", "model": "chronos_bolt"}

--- Term: short ---
  Config: prediction_length=12, test_length=1440, val_length=1440
  Dataset info:
    - Frequency: 15T
    - Num series: 5
    - Target dim: 3
    - Target mode: univariate
    - Series length: min=16686, max=23134, avg=20870.2
    - Test split: 1440 steps
    - Prediction length: 12
    - Windows: 120
TIME run allocation action=skip run=/fslarge/scratch/users/h61084/codes/evaluating_tsfms/outputs/instance_normalization/tasks/chronos_bolt/normalization/none/univariate/Coastal_T_S/15T/short/run_0 source_launch=selena_instance_normalization_20260920T193952Z_48346 launch_id=selena_instance_normalization_20260921T103653Z_18902 slurm_job_id=3510350 launched_at=2026-09-21T10:38:53.699420+00:00
  Reused completed task: /fslarge/scratch/users/h61084/codes/evaluating_tsfms/outputs/instance_normalization/tasks/chronos_bolt/normalization/none/univariate/Coastal_T_S/15T/short/run_0

--- Term: medium ---
  Config: prediction_length=96, test_length=1440, val_length=1440
  Dataset info:
    - Frequency: 15T
    - Num series: 5
    - Target dim: 3
    - Target mode: univariate
    - Series length: min=16686, max=23134, avg=20870.2
    - Test split: 1440 steps
    - Prediction length: 96
    - Windows: 15
TIME run allocation action=skip run=/fslarge/scratch/users/h61084/codes/evaluating_tsfms/outputs/instance_normalization/tasks/chronos_bolt/normalization/none/univariate/Coastal_T_S/15T/medium/run_0 source_launch=selena_instance_normalization_20260920T193952Z_48346 launch_id=selena_instance_normalization_20260921T103653Z_18902 slurm_job_id=3510350 launched_at=2026-09-21T10:38:53.724916+00:00
  Reused completed task: /fslarge/scratch/users/h61084/codes/evaluating_tsfms/outputs/instance_normalization/tasks/chronos_bolt/normalization/none/univariate/Coastal_T_S/15T/medium/run_0

--- Term: long ---
  Config: prediction_length=288, test_length=1440, val_length=1440
  Dataset info:
    - Frequency: 15T
    - Num series: 5
    - Target dim: 3
    - Target mode: univariate
    - Series length: min=16686, max=23134, avg=20870.2
    - Test split: 1440 steps
    - Prediction length: 288
    - Windows: 5
TIME run allocation action=skip run=/fslarge/scratch/users/h61084/codes/evaluating_tsfms/outputs/instance_normalization/tasks/chronos_bolt/normalization/none/univariate/Coastal_T_S/15T/long/run_0 source_launch=selena_instance_normalization_20260920T193952Z_48346 launch_id=selena_instance_normalization_20260921T103653Z_18902 slurm_job_id=3510350 launched_at=2026-09-21T10:38:53.749965+00:00
  Reused completed task: /fslarge/scratch/users/h61084/codes/evaluating_tsfms/outputs/instance_normalization/tasks/chronos_bolt/normalization/none/univariate/Coastal_T_S/15T/long/run_0

============================================================
All experiments completed!
Results saved to: /scratch/users/h61084/codes/evaluating_tsfms/outputs/instance_normalization/tasks
============================================================

############################################################
# All datasets completed!
############################################################

############################################################
# Dataset 1/1: Coastal_T_S/20T
############################################################
Loading configuration...

============================================================
Dataset: Coastal_T_S/20T
Model: amazon/chronos-bolt-base
Terms: ['short', 'medium', 'long']
Instance normalization: none
============================================================
Loading Chronos-Bolt model: amazon/chronos-bolt-base from /fslarge/scratch/users/h61084/weights/chronos-bolt-base...
[2026-09-21 10:39:02 UTC] resources model_device {"device": "cuda", "model": "chronos_bolt"}

--- Term: short ---
  Config: prediction_length=9, test_length=1080, val_length=1080
  Dataset info:
    - Frequency: 20T
    - Num series: 1
    - Target dim: 3
    - Target mode: univariate
    - Series length: min=8198, max=8198, avg=8198.0
    - Test split: 1080 steps
    - Prediction length: 9
    - Windows: 120
TIME run allocation action=skip run=/fslarge/scratch/users/h61084/codes/evaluating_tsfms/outputs/instance_normalization/tasks/chronos_bolt/normalization/none/univariate/Coastal_T_S/20T/short/run_0 source_launch=selena_instance_normalization_20260920T193952Z_48346 launch_id=selena_instance_normalization_20260921T103653Z_18902 slurm_job_id=3510350 launched_at=2026-09-21T10:39:02.838615+00:00
  Reused completed task: /fslarge/scratch/users/h61084/codes/evaluating_tsfms/outputs/instance_normalization/tasks/chronos_bolt/normalization/none/univariate/Coastal_T_S/20T/short/run_0

--- Term: medium ---
  Config: prediction_length=72, test_length=1080, val_length=1080
  Dataset info:
    - Frequency: 20T
    - Num series: 1
    - Target dim: 3
    - Target mode: univariate
    - Series length: min=8198, max=8198, avg=8198.0
    - Test split: 1080 steps
    - Prediction length: 72
    - Windows: 15
TIME run allocation action=skip run=/fslarge/scratch/users/h61084/codes/evaluating_tsfms/outputs/instance_normalization/tasks/chronos_bolt/normalization/none/univariate/Coastal_T_S/20T/medium/run_0 source_launch=selena_instance_normalization_20260920T193952Z_48346 launch_id=selena_instance_normalization_20260921T103653Z_18902 slurm_job_id=3510350 launched_at=2026-09-21T10:39:02.856736+00:00
  Reused completed task: /fslarge/scratch/users/h61084/codes/evaluating_tsfms/outputs/instance_normalization/tasks/chronos_bolt/normalization/none/univariate/Coastal_T_S/20T/medium/run_0

--- Term: long ---
  Config: prediction_length=216, test_length=1080, val_length=1080
  Dataset info:
    - Frequency: 20T
    - Num series: 1
    - Target dim: 3
    - Target mode: univariate
    - Series length: min=8198, max=8198, avg=8198.0
    - Test split: 1080 steps
    - Prediction length: 216
    - Windows: 5
TIME run allocation action=skip run=/fslarge/scratch/users/h61084/codes/evaluating_tsfms/outputs/instance_normalization/tasks/chronos_bolt/normalization/none/univariate/Coastal_T_S/20T/long/run_0 source_launch=selena_instance_normalization_20260920T193952Z_48346 launch_id=selena_instance_normalization_20260921T103653Z_18902 slurm_job_id=3510350 launched_at=2026-09-21T10:39:02.874183+00:00
  Reused completed task: /fslarge/scratch/users/h61084/codes/evaluating_tsfms/outputs/instance_normalization/tasks/chronos_bolt/normalization/none/univariate/Coastal_T_S/20T/long/run_0

============================================================
All experiments completed!
Results saved to: /scratch/users/h61084/codes/evaluating_tsfms/outputs/instance_normalization/tasks
============================================================

############################################################
# All datasets completed!
############################################################

############################################################
# Dataset 1/1: Coastal_T_S/H
############################################################
Loading configuration...

============================================================
Dataset: Coastal_T_S/H
Model: amazon/chronos-bolt-base
Terms: ['short', 'medium', 'long']
Instance normalization: none
============================================================
Loading Chronos-Bolt model: amazon/chronos-bolt-base from /fslarge/scratch/users/h61084/weights/chronos-bolt-base...
[2026-09-21 10:39:11 UTC] resources model_device {"device": "cuda", "model": "chronos_bolt"}

--- Term: short ---
  Config: prediction_length=24, test_length=672, val_length=672
  Dataset info:
    - Frequency: H
    - Num series: 24
    - Target dim: 3
    - Target mode: univariate
    - Series length: min=2733, max=8784, avg=5488.8
    - Test split: 672 steps
    - Prediction length: 24
    - Windows: 28
TIME run allocation action=skip run=/fslarge/scratch/users/h61084/codes/evaluating_tsfms/outputs/instance_normalization/tasks/chronos_bolt/normalization/none/univariate/Coastal_T_S/H/short/run_0 source_launch=selena_instance_normalization_20260920T193952Z_48346 launch_id=selena_instance_normalization_20260921T103653Z_18902 slurm_job_id=3510350 launched_at=2026-09-21T10:39:12.013545+00:00
  Reused completed task: /fslarge/scratch/users/h61084/codes/evaluating_tsfms/outputs/instance_normalization/tasks/chronos_bolt/normalization/none/univariate/Coastal_T_S/H/short/run_0

--- Term: medium ---
  Config: prediction_length=168, test_length=672, val_length=672
  Dataset info:
    - Frequency: H
    - Num series: 24
    - Target dim: 3
    - Target mode: univariate
    - Series length: min=2733, max=8784, avg=5488.8
    - Test split: 672 steps
    - Prediction length: 168
    - Windows: 4
TIME run allocation action=skip run=/fslarge/scratch/users/h61084/codes/evaluating_tsfms/outputs/instance_normalization/tasks/chronos_bolt/normalization/none/univariate/Coastal_T_S/H/medium/run_0 source_launch=selena_instance_normalization_20260920T193952Z_48346 launch_id=selena_instance_normalization_20260921T103653Z_18902 slurm_job_id=3510350 launched_at=2026-09-21T10:39:12.032867+00:00
  Reused completed task: /fslarge/scratch/users/h61084/codes/evaluating_tsfms/outputs/instance_normalization/tasks/chronos_bolt/normalization/none/univariate/Coastal_T_S/H/medium/run_0

--- Term: long ---
  Config: prediction_length=336, test_length=672, val_length=672
  Dataset info:
    - Frequency: H
    - Num series: 24
    - Target dim: 3
    - Target mode: univariate
    - Series length: min=2733, max=8784, avg=5488.8
    - Test split: 672 steps
    - Prediction length: 336
    - Windows: 2
TIME run allocation action=skip run=/fslarge/scratch/users/h61084/codes/evaluating_tsfms/outputs/instance_normalization/tasks/chronos_bolt/normalization/none/univariate/Coastal_T_S/H/long/run_0 source_launch=selena_instance_normalization_20260920T193952Z_48346 launch_id=selena_instance_normalization_20260921T103653Z_18902 slurm_job_id=3510350 launched_at=2026-09-21T10:39:12.051912+00:00
  Reused completed task: /fslarge/scratch/users/h61084/codes/evaluating_tsfms/outputs/instance_normalization/tasks/chronos_bolt/normalization/none/univariate/Coastal_T_S/H/long/run_0

============================================================
All experiments completed!
Results saved to: /scratch/users/h61084/codes/evaluating_tsfms/outputs/instance_normalization/tasks
============================================================

############################################################
# All datasets completed!
############################################################

############################################################
# Dataset 1/1: SG_Weather/D
############################################################
Loading configuration...

============================================================
Dataset: SG_Weather/D
Model: amazon/chronos-bolt-base
Terms: ['short', 'medium', 'long']
Instance normalization: none
============================================================
Loading Chronos-Bolt model: amazon/chronos-bolt-base from /fslarge/scratch/users/h61084/weights/chronos-bolt-base...
[2026-09-21 10:39:20 UTC] resources model_device {"device": "cuda", "model": "chronos_bolt"}

--- Term: short ---
  Config: prediction_length=3, test_length=366, val_length=366
  Dataset info:
    - Frequency: D
    - Num series: 6
    - Target dim: 4
    - Target mode: univariate
    - Series length: min=2953, max=2953, avg=2953.0
    - Test split: 366 steps
    - Prediction length: 3
    - Windows: 122
TIME run allocation action=skip run=/fslarge/scratch/users/h61084/codes/evaluating_tsfms/outputs/instance_normalization/tasks/chronos_bolt/normalization/none/univariate/SG_Weather/D/short/run_0 source_launch=selena_instance_normalization_20260920T193952Z_48346 launch_id=selena_instance_normalization_20260921T103653Z_18902 slurm_job_id=3510350 launched_at=2026-09-21T10:39:21.134959+00:00
  Reused completed task: /fslarge/scratch/users/h61084/codes/evaluating_tsfms/outputs/instance_normalization/tasks/chronos_bolt/normalization/none/univariate/SG_Weather/D/short/run_0

--- Term: medium ---
  Config: prediction_length=7, test_length=366, val_length=366
  Dataset info:
    - Frequency: D
    - Num series: 6
    - Target dim: 4
    - Target mode: univariate
    - Series length: min=2953, max=2953, avg=2953.0
    - Test split: 366 steps
    - Prediction length: 7
    - Windows: 52
TIME run allocation action=skip run=/fslarge/scratch/users/h61084/codes/evaluating_tsfms/outputs/instance_normalization/tasks/chronos_bolt/normalization/none/univariate/SG_Weather/D/medium/run_0 source_launch=selena_instance_normalization_20260920T193952Z_48346 launch_id=selena_instance_normalization_20260921T103653Z_18902 slurm_job_id=3510350 launched_at=2026-09-21T10:39:21.150750+00:00
  Reused completed task: /fslarge/scratch/users/h61084/codes/evaluating_tsfms/outputs/instance_normalization/tasks/chronos_bolt/normalization/none/univariate/SG_Weather/D/medium/run_0

--- Term: long ---
  Config: prediction_length=14, test_length=366, val_length=366
  Dataset info:
    - Frequency: D
    - Num series: 6
    - Target dim: 4
    - Target mode: univariate
    - Series length: min=2953, max=2953, avg=2953.0
    - Test split: 366 steps
    - Prediction length: 14
    - Windows: 26
TIME run allocation action=skip run=/fslarge/scratch/users/h61084/codes/evaluating_tsfms/outputs/instance_normalization/tasks/chronos_bolt/normalization/none/univariate/SG_Weather/D/long/run_0 source_launch=selena_instance_normalization_20260920T193952Z_48346 launch_id=selena_instance_normalization_20260921T103653Z_18902 slurm_job_id=3510350 launched_at=2026-09-21T10:39:21.166094+00:00
  Reused completed task: /fslarge/scratch/users/h61084/codes/evaluating_tsfms/outputs/instance_normalization/tasks/chronos_bolt/normalization/none/univariate/SG_Weather/D/long/run_0

============================================================
All experiments completed!
Results saved to: /scratch/users/h61084/codes/evaluating_tsfms/outputs/instance_normalization/tasks
============================================================

############################################################
# All datasets completed!
############################################################

############################################################
# Dataset 1/1: SG_PM25/H
############################################################
Loading configuration...

============================================================
Dataset: SG_PM25/H
Model: amazon/chronos-bolt-base
Terms: ['short', 'medium', 'long']
Instance normalization: none
============================================================
Loading Chronos-Bolt model: amazon/chronos-bolt-base from /fslarge/scratch/users/h61084/weights/chronos-bolt-base...
[2026-09-21 10:39:29 UTC] resources model_device {"device": "cuda", "model": "chronos_bolt"}

--- Term: short ---
  Config: prediction_length=24, test_length=2208, val_length=2160
  Dataset info:
    - Frequency: H
    - Num series: 1
    - Target dim: 5
    - Target mode: univariate
    - Series length: min=38688, max=38688, avg=38688.0
    - Test split: 2208 steps
    - Prediction length: 24
    - Windows: 92
TIME run allocation action=skip run=/fslarge/scratch/users/h61084/codes/evaluating_tsfms/outputs/instance_normalization/tasks/chronos_bolt/normalization/none/univariate/SG_PM25/H/short/run_0 source_launch=selena_instance_normalization_20260920T193952Z_48346 launch_id=selena_instance_normalization_20260921T103653Z_18902 slurm_job_id=3510350 launched_at=2026-09-21T10:39:30.302011+00:00
  Reused completed task: /fslarge/scratch/users/h61084/codes/evaluating_tsfms/outputs/instance_normalization/tasks/chronos_bolt/normalization/none/univariate/SG_PM25/H/short/run_0

--- Term: medium ---
  Config: prediction_length=72, test_length=2208, val_length=2160
  Dataset info:
    - Frequency: H
    - Num series: 1
    - Target dim: 5
    - Target mode: univariate
    - Series length: min=38688, max=38688, avg=38688.0
    - Test split: 2208 steps
    - Prediction length: 72
    - Windows: 30
TIME run allocation action=skip run=/fslarge/scratch/users/h61084/codes/evaluating_tsfms/outputs/instance_normalization/tasks/chronos_bolt/normalization/none/univariate/SG_PM25/H/medium/run_0 source_launch=selena_instance_normalization_20260920T193952Z_48346 launch_id=selena_instance_normalization_20260921T103653Z_18902 slurm_job_id=3510350 launched_at=2026-09-21T10:39:30.356540+00:00
  Reused completed task: /fslarge/scratch/users/h61084/codes/evaluating_tsfms/outputs/instance_normalization/tasks/chronos_bolt/normalization/none/univariate/SG_PM25/H/medium/run_0

--- Term: long ---
  Config: prediction_length=168, test_length=2208, val_length=2160
  Dataset info:
    - Frequency: H
    - Num series: 1
    - Target dim: 5
    - Target mode: univariate
    - Series length: min=38688, max=38688, avg=38688.0
    - Test split: 2208 steps
    - Prediction length: 168
    - Windows: 13
TIME run allocation action=skip run=/fslarge/scratch/users/h61084/codes/evaluating_tsfms/outputs/instance_normalization/tasks/chronos_bolt/normalization/none/univariate/SG_PM25/H/long/run_0 source_launch=selena_instance_normalization_20260920T193952Z_48346 launch_id=selena_instance_normalization_20260921T103653Z_18902 slurm_job_id=3510350 launched_at=2026-09-21T10:39:30.408724+00:00
  Reused completed task: /fslarge/scratch/users/h61084/codes/evaluating_tsfms/outputs/instance_normalization/tasks/chronos_bolt/normalization/none/univariate/SG_PM25/H/long/run_0

============================================================
All experiments completed!
Results saved to: /scratch/users/h61084/codes/evaluating_tsfms/outputs/instance_normalization/tasks
============================================================

############################################################
# All datasets completed!
############################################################

############################################################
# Dataset 1/1: NE_China_Wind/H
############################################################
Loading configuration...

============================================================
Dataset: NE_China_Wind/H
Model: amazon/chronos-bolt-base
Terms: ['short', 'medium', 'long']
Instance normalization: none
============================================================
Loading Chronos-Bolt model: amazon/chronos-bolt-base from /fslarge/scratch/users/h61084/weights/chronos-bolt-base...
[2026-09-21 10:39:38 UTC] resources model_device {"device": "cuda", "model": "chronos_bolt"}

--- Term: short ---
  Config: prediction_length=24, test_length=720, val_length=720
  Dataset info:
    - Frequency: H
    - Num series: 1
    - Target dim: 4
    - Target mode: univariate
    - Series length: min=8764, max=8764, avg=8764.0
    - Test split: 720 steps
    - Prediction length: 24
    - Windows: 30
TIME run allocation action=skip run=/fslarge/scratch/users/h61084/codes/evaluating_tsfms/outputs/instance_normalization/tasks/chronos_bolt/normalization/none/univariate/NE_China_Wind/H/short/run_0 source_launch=selena_instance_normalization_20260920T193952Z_48346 launch_id=selena_instance_normalization_20260921T103653Z_18902 slurm_job_id=3510350 launched_at=2026-09-21T10:39:39.559768+00:00
  Reused completed task: /fslarge/scratch/users/h61084/codes/evaluating_tsfms/outputs/instance_normalization/tasks/chronos_bolt/normalization/none/univariate/NE_China_Wind/H/short/run_0

--- Term: medium ---
  Config: prediction_length=72, test_length=720, val_length=720
  Dataset info:
    - Frequency: H
    - Num series: 1
    - Target dim: 4
    - Target mode: univariate
    - Series length: min=8764, max=8764, avg=8764.0
    - Test split: 720 steps
    - Prediction length: 72
    - Windows: 10
TIME run allocation action=skip run=/fslarge/scratch/users/h61084/codes/evaluating_tsfms/outputs/instance_normalization/tasks/chronos_bolt/normalization/none/univariate/NE_China_Wind/H/medium/run_0 source_launch=selena_instance_normalization_20260920T193952Z_48346 launch_id=selena_instance_normalization_20260921T103653Z_18902 slurm_job_id=3510350 launched_at=2026-09-21T10:39:39.579805+00:00
  Reused completed task: /fslarge/scratch/users/h61084/codes/evaluating_tsfms/outputs/instance_normalization/tasks/chronos_bolt/normalization/none/univariate/NE_China_Wind/H/medium/run_0

--- Term: long ---
  Config: prediction_length=168, test_length=720, val_length=720
  Dataset info:
    - Frequency: H
    - Num series: 1
    - Target dim: 4
    - Target mode: univariate
    - Series length: min=8764, max=8764, avg=8764.0
    - Test split: 720 steps
    - Prediction length: 168
    - Windows: 4
TIME run allocation action=skip run=/fslarge/scratch/users/h61084/codes/evaluating_tsfms/outputs/instance_normalization/tasks/chronos_bolt/normalization/none/univariate/NE_China_Wind/H/long/run_0 source_launch=selena_instance_normalization_20260920T193952Z_48346 launch_id=selena_instance_normalization_20260921T103653Z_18902 slurm_job_id=3510350 launched_at=2026-09-21T10:39:39.599611+00:00
  Reused completed task: /fslarge/scratch/users/h61084/codes/evaluating_tsfms/outputs/instance_normalization/tasks/chronos_bolt/normalization/none/univariate/NE_China_Wind/H/long/run_0

============================================================
All experiments completed!
Results saved to: /scratch/users/h61084/codes/evaluating_tsfms/outputs/instance_normalization/tasks
============================================================

############################################################
# All datasets completed!
############################################################

############################################################
# Dataset 1/1: Australia_Solar/H
############################################################
Loading configuration...

============================================================
Dataset: Australia_Solar/H
Model: amazon/chronos-bolt-base
Terms: ['short', 'medium', 'long']
Instance normalization: none
============================================================
Loading Chronos-Bolt model: amazon/chronos-bolt-base from /fslarge/scratch/users/h61084/weights/chronos-bolt-base...
[2026-09-21 10:39:47 UTC] resources model_device {"device": "cuda", "model": "chronos_bolt"}

--- Term: short ---
  Config: prediction_length=24, test_length=2520, val_length=2520
  Dataset info:
    - Frequency: H
    - Num series: 1
    - Target dim: 3
    - Target mode: univariate
    - Series length: min=35064, max=35064, avg=35064.0
    - Test split: 2520 steps
    - Prediction length: 24
    - Windows: 105
TIME run allocation action=skip run=/fslarge/scratch/users/h61084/codes/evaluating_tsfms/outputs/instance_normalization/tasks/chronos_bolt/normalization/none/univariate/Australia_Solar/H/short/run_0 source_launch=selena_instance_normalization_20260920T193952Z_48346 launch_id=selena_instance_normalization_20260921T103653Z_18902 slurm_job_id=3510350 launched_at=2026-09-21T10:39:48.706786+00:00
  Reused completed task: /fslarge/scratch/users/h61084/codes/evaluating_tsfms/outputs/instance_normalization/tasks/chronos_bolt/normalization/none/univariate/Australia_Solar/H/short/run_0

--- Term: medium ---
  Config: prediction_length=72, test_length=2520, val_length=2520
  Dataset info:
    - Frequency: H
    - Num series: 1
    - Target dim: 3
    - Target mode: univariate
    - Series length: min=35064, max=35064, avg=35064.0
    - Test split: 2520 steps
    - Prediction length: 72
    - Windows: 35
TIME run allocation action=skip run=/fslarge/scratch/users/h61084/codes/evaluating_tsfms/outputs/instance_normalization/tasks/chronos_bolt/normalization/none/univariate/Australia_Solar/H/medium/run_0 source_launch=selena_instance_normalization_20260920T193952Z_48346 launch_id=selena_instance_normalization_20260921T103653Z_18902 slurm_job_id=3510350 launched_at=2026-09-21T10:39:48.740938+00:00
  Reused completed task: /fslarge/scratch/users/h61084/codes/evaluating_tsfms/outputs/instance_normalization/tasks/chronos_bolt/normalization/none/univariate/Australia_Solar/H/medium/run_0

--- Term: long ---
  Config: prediction_length=168, test_length=2520, val_length=2520
  Dataset info:
    - Frequency: H
    - Num series: 1
    - Target dim: 3
    - Target mode: univariate
    - Series length: min=35064, max=35064, avg=35064.0
    - Test split: 2520 steps
    - Prediction length: 168
    - Windows: 15
TIME run allocation action=skip run=/fslarge/scratch/users/h61084/codes/evaluating_tsfms/outputs/instance_normalization/tasks/chronos_bolt/normalization/none/univariate/Australia_Solar/H/long/run_0 source_launch=selena_instance_normalization_20260920T193952Z_48346 launch_id=selena_instance_normalization_20260921T103653Z_18902 slurm_job_id=3510350 launched_at=2026-09-21T10:39:48.772958+00:00
  Reused completed task: /fslarge/scratch/users/h61084/codes/evaluating_tsfms/outputs/instance_normalization/tasks/chronos_bolt/normalization/none/univariate/Australia_Solar/H/long/run_0

============================================================
All experiments completed!
Results saved to: /scratch/users/h61084/codes/evaluating_tsfms/outputs/instance_normalization/tasks
============================================================

############################################################
# All datasets completed!
############################################################

############################################################
# Dataset 1/1: epf_electricity_price/H
############################################################
Loading configuration...

============================================================
Dataset: epf_electricity_price/H
Model: amazon/chronos-bolt-base
Terms: ['short', 'medium', 'long']
Instance normalization: none
============================================================
Loading Chronos-Bolt model: amazon/chronos-bolt-base from /fslarge/scratch/users/h61084/weights/chronos-bolt-base...
[2026-09-21 10:39:57 UTC] resources model_device {"device": "cuda", "model": "chronos_bolt"}

--- Term: short ---
  Config: prediction_length=24, test_length=2520, val_length=2520
  Dataset info:
    - Frequency: H
    - Num series: 5
    - Target dim: 1
    - Target mode: univariate
    - Series length: min=52416, max=52416, avg=52416.0
    - Test split: 2520 steps
    - Prediction length: 24
    - Windows: 105
TIME run allocation action=skip run=/fslarge/scratch/users/h61084/codes/evaluating_tsfms/outputs/instance_normalization/tasks/chronos_bolt/normalization/none/univariate/epf_electricity_price/H/short/run_0 source_launch=selena_instance_normalization_20260920T193952Z_48346 launch_id=selena_instance_normalization_20260921T103653Z_18902 slurm_job_id=3510350 launched_at=2026-09-21T10:39:57.838469+00:00
  Reused completed task: /fslarge/scratch/users/h61084/codes/evaluating_tsfms/outputs/instance_normalization/tasks/chronos_bolt/normalization/none/univariate/epf_electricity_price/H/short/run_0

--- Term: medium ---
  Config: prediction_length=72, test_length=2520, val_length=2520
  Dataset info:
    - Frequency: H
    - Num series: 5
    - Target dim: 1
    - Target mode: univariate
    - Series length: min=52416, max=52416, avg=52416.0
    - Test split: 2520 steps
    - Prediction length: 72
    - Windows: 35
TIME run allocation action=skip run=/fslarge/scratch/users/h61084/codes/evaluating_tsfms/outputs/instance_normalization/tasks/chronos_bolt/normalization/none/univariate/epf_electricity_price/H/medium/run_0 source_launch=selena_instance_normalization_20260920T193952Z_48346 launch_id=selena_instance_normalization_20260921T103653Z_18902 slurm_job_id=3510350 launched_at=2026-09-21T10:39:57.856134+00:00
  Reused completed task: /fslarge/scratch/users/h61084/codes/evaluating_tsfms/outputs/instance_normalization/tasks/chronos_bolt/normalization/none/univariate/epf_electricity_price/H/medium/run_0

--- Term: long ---
  Config: prediction_length=168, test_length=2520, val_length=2520
  Dataset info:
    - Frequency: H
    - Num series: 5
    - Target dim: 1
    - Target mode: univariate
    - Series length: min=52416, max=52416, avg=52416.0
    - Test split: 2520 steps
    - Prediction length: 168
    - Windows: 15
TIME run allocation action=skip run=/fslarge/scratch/users/h61084/codes/evaluating_tsfms/outputs/instance_normalization/tasks/chronos_bolt/normalization/none/univariate/epf_electricity_price/H/long/run_0 source_launch=selena_instance_normalization_20260920T193952Z_48346 launch_id=selena_instance_normalization_20260921T103653Z_18902 slurm_job_id=3510350 launched_at=2026-09-21T10:39:57.872375+00:00
  Reused completed task: /fslarge/scratch/users/h61084/codes/evaluating_tsfms/outputs/instance_normalization/tasks/chronos_bolt/normalization/none/univariate/epf_electricity_price/H/long/run_0

============================================================
All experiments completed!
Results saved to: /scratch/users/h61084/codes/evaluating_tsfms/outputs/instance_normalization/tasks
============================================================

############################################################
# All datasets completed!
############################################################

############################################################
# Dataset 1/1: OpenElectricity_NEM/5T
############################################################
Loading configuration...

============================================================
Dataset: OpenElectricity_NEM/5T
Model: amazon/chronos-bolt-base
Terms: ['short', 'medium', 'long']
Instance normalization: none
============================================================
Loading Chronos-Bolt model: amazon/chronos-bolt-base from /fslarge/scratch/users/h61084/weights/chronos-bolt-base...
[2026-09-21 10:40:06 UTC] resources model_device {"device": "cuda", "model": "chronos_bolt"}

--- Term: short ---
  Config: prediction_length=24, test_length=4032, val_length=4032
  Dataset info:
    - Frequency: 5T
    - Num series: 1
    - Target dim: 10
    - Target mode: univariate
    - Series length: min=43488, max=43488, avg=43488.0
    - Test split: 4032 steps
    - Prediction length: 24
    - Windows: 168
TIME run allocation action=skip run=/fslarge/scratch/users/h61084/codes/evaluating_tsfms/outputs/instance_normalization/tasks/chronos_bolt/normalization/none/univariate/OpenElectricity_NEM/5T/short/run_0 source_launch=selena_instance_normalization_20260920T193952Z_48346 launch_id=selena_instance_normalization_20260921T103653Z_18902 slurm_job_id=3510350 launched_at=2026-09-21T10:40:07.110365+00:00
  Reused completed task: /fslarge/scratch/users/h61084/codes/evaluating_tsfms/outputs/instance_normalization/tasks/chronos_bolt/normalization/none/univariate/OpenElectricity_NEM/5T/short/run_0

--- Term: medium ---
  Config: prediction_length=96, test_length=4032, val_length=4032
  Dataset info:
    - Frequency: 5T
    - Num series: 1
    - Target dim: 10
    - Target mode: univariate
    - Series length: min=43488, max=43488, avg=43488.0
    - Test split: 4032 steps
    - Prediction length: 96
    - Windows: 42
TIME run allocation action=skip run=/fslarge/scratch/users/h61084/codes/evaluating_tsfms/outputs/instance_normalization/tasks/chronos_bolt/normalization/none/univariate/OpenElectricity_NEM/5T/medium/run_0 source_launch=selena_instance_normalization_20260920T193952Z_48346 launch_id=selena_instance_normalization_20260921T103653Z_18902 slurm_job_id=3510350 launched_at=2026-09-21T10:40:07.219744+00:00
  Reused completed task: /fslarge/scratch/users/h61084/codes/evaluating_tsfms/outputs/instance_normalization/tasks/chronos_bolt/normalization/none/univariate/OpenElectricity_NEM/5T/medium/run_0

--- Term: long ---
  Config: prediction_length=288, test_length=4032, val_length=4032
  Dataset info:
    - Frequency: 5T
    - Num series: 1
    - Target dim: 10
    - Target mode: univariate
    - Series length: min=43488, max=43488, avg=43488.0
    - Test split: 4032 steps
    - Prediction length: 288
    - Windows: 14
TIME run allocation action=skip run=/fslarge/scratch/users/h61084/codes/evaluating_tsfms/outputs/instance_normalization/tasks/chronos_bolt/normalization/none/univariate/OpenElectricity_NEM/5T/long/run_0 source_launch=selena_instance_normalization_20260920T193952Z_48346 launch_id=selena_instance_normalization_20260921T103653Z_18902 slurm_job_id=3510350 launched_at=2026-09-21T10:40:07.326406+00:00
  Reused completed task: /fslarge/scratch/users/h61084/codes/evaluating_tsfms/outputs/instance_normalization/tasks/chronos_bolt/normalization/none/univariate/OpenElectricity_NEM/5T/long/run_0

============================================================
All experiments completed!
Results saved to: /scratch/users/h61084/codes/evaluating_tsfms/outputs/instance_normalization/tasks
============================================================

############################################################
# All datasets completed!
############################################################

############################################################
# Dataset 1/1: EWELD_Load/15T
############################################################
Loading configuration...

============================================================
Dataset: EWELD_Load/15T
Model: amazon/chronos-bolt-base
Terms: ['short', 'medium', 'long']
Instance normalization: none
============================================================
Loading Chronos-Bolt model: amazon/chronos-bolt-base from /fslarge/scratch/users/h61084/weights/chronos-bolt-base...
[2026-09-21 10:40:15 UTC] resources model_device {"device": "cuda", "model": "chronos_bolt"}

--- Term: short ---
  Config: prediction_length=24, test_length=1344, val_length=1344
  Dataset info:
    - Frequency: 15T
    - Num series: 1
    - Target dim: 10
    - Target mode: univariate
    - Series length: min=20544, max=20544, avg=20544.0
    - Test split: 1344 steps
    - Prediction length: 24
    - Windows: 56
TIME run allocation action=skip run=/fslarge/scratch/users/h61084/codes/evaluating_tsfms/outputs/instance_normalization/tasks/chronos_bolt/normalization/none/univariate/EWELD_Load/15T/short/run_0 source_launch=selena_instance_normalization_20260920T193952Z_48346 launch_id=selena_instance_normalization_20260921T103653Z_18902 slurm_job_id=3510350 launched_at=2026-09-21T10:40:16.444257+00:00
  Reused completed task: /fslarge/scratch/users/h61084/codes/evaluating_tsfms/outputs/instance_normalization/tasks/chronos_bolt/normalization/none/univariate/EWELD_Load/15T/short/run_0

--- Term: medium ---
  Config: prediction_length=96, test_length=1344, val_length=1344
  Dataset info:
    - Frequency: 15T
    - Num series: 1
    - Target dim: 10
    - Target mode: univariate
    - Series length: min=20544, max=20544, avg=20544.0
    - Test split: 1344 steps
    - Prediction length: 96
    - Windows: 14
TIME run allocation action=skip run=/fslarge/scratch/users/h61084/codes/evaluating_tsfms/outputs/instance_normalization/tasks/chronos_bolt/normalization/none/univariate/EWELD_Load/15T/medium/run_0 source_launch=selena_instance_normalization_20260920T193952Z_48346 launch_id=selena_instance_normalization_20260921T103653Z_18902 slurm_job_id=3510350 launched_at=2026-09-21T10:40:16.500759+00:00
  Reused completed task: /fslarge/scratch/users/h61084/codes/evaluating_tsfms/outputs/instance_normalization/tasks/chronos_bolt/normalization/none/univariate/EWELD_Load/15T/medium/run_0

--- Term: long ---
  Config: prediction_length=672, test_length=1344, val_length=1344
  Dataset info:
    - Frequency: 15T
    - Num series: 1
    - Target dim: 10
    - Target mode: univariate
    - Series length: min=20544, max=20544, avg=20544.0
    - Test split: 1344 steps
    - Prediction length: 672
    - Windows: 2
TIME run allocation action=skip run=/fslarge/scratch/users/h61084/codes/evaluating_tsfms/outputs/instance_normalization/tasks/chronos_bolt/normalization/none/univariate/EWELD_Load/15T/long/run_0 source_launch=selena_instance_normalization_20260920T193952Z_48346 launch_id=selena_instance_normalization_20260921T103653Z_18902 slurm_job_id=3510350 launched_at=2026-09-21T10:40:16.553096+00:00
  Reused completed task: /fslarge/scratch/users/h61084/codes/evaluating_tsfms/outputs/instance_normalization/tasks/chronos_bolt/normalization/none/univariate/EWELD_Load/15T/long/run_0

============================================================
All experiments completed!
Results saved to: /scratch/users/h61084/codes/evaluating_tsfms/outputs/instance_normalization/tasks
============================================================

############################################################
# All datasets completed!
############################################################

############################################################
# Dataset 1/1: SG_Carpark/15T
############################################################
Loading configuration...

============================================================
Dataset: SG_Carpark/15T
Model: amazon/chronos-bolt-base
Terms: ['short', 'medium', 'long']
Instance normalization: none
============================================================
Loading Chronos-Bolt model: amazon/chronos-bolt-base from /fslarge/scratch/users/h61084/weights/chronos-bolt-base...
[2026-09-21 10:40:24 UTC] resources model_device {"device": "cuda", "model": "chronos_bolt"}

--- Term: short ---
  Config: prediction_length=16, test_length=672, val_length=672
  Dataset info:
    - Frequency: 15T
    - Num series: 354
    - Target dim: 1
    - Target mode: univariate
    - Series length: min=14495, max=14495, avg=14495.0
    - Test split: 672 steps
    - Prediction length: 16
    - Windows: 42
TIME run allocation action=skip run=/fslarge/scratch/users/h61084/codes/evaluating_tsfms/outputs/instance_normalization/tasks/chronos_bolt/normalization/none/univariate/SG_Carpark/15T/short/run_0 source_launch=selena_instance_normalization_20260920T193952Z_48346 launch_id=selena_instance_normalization_20260921T103653Z_18902 slurm_job_id=3510350 launched_at=2026-09-21T10:40:25.591569+00:00
  Reused completed task: /fslarge/scratch/users/h61084/codes/evaluating_tsfms/outputs/instance_normalization/tasks/chronos_bolt/normalization/none/univariate/SG_Carpark/15T/short/run_0

--- Term: medium ---
  Config: prediction_length=96, test_length=672, val_length=672
  Dataset info:
    - Frequency: 15T
    - Num series: 354
    - Target dim: 1
    - Target mode: univariate
    - Series length: min=14495, max=14495, avg=14495.0
    - Test split: 672 steps
    - Prediction length: 96
    - Windows: 7
TIME run allocation action=skip run=/fslarge/scratch/users/h61084/codes/evaluating_tsfms/outputs/instance_normalization/tasks/chronos_bolt/normalization/none/univariate/SG_Carpark/15T/medium/run_0 source_launch=selena_instance_normalization_20260920T193952Z_48346 launch_id=selena_instance_normalization_20260921T103653Z_18902 slurm_job_id=3510350 launched_at=2026-09-21T10:40:25.604830+00:00
  Reused completed task: /fslarge/scratch/users/h61084/codes/evaluating_tsfms/outputs/instance_normalization/tasks/chronos_bolt/normalization/none/univariate/SG_Carpark/15T/medium/run_0

--- Term: long ---
  Config: prediction_length=672, test_length=672, val_length=672
  Dataset info:
    - Frequency: 15T
    - Num series: 354
    - Target dim: 1
    - Target mode: univariate
    - Series length: min=14495, max=14495, avg=14495.0
    - Test split: 672 steps
    - Prediction length: 672
    - Windows: 1
TIME run allocation action=skip run=/fslarge/scratch/users/h61084/codes/evaluating_tsfms/outputs/instance_normalization/tasks/chronos_bolt/normalization/none/univariate/SG_Carpark/15T/long/run_0 source_launch=selena_instance_normalization_20260920T193952Z_48346 launch_id=selena_instance_normalization_20260921T103653Z_18902 slurm_job_id=3510350 launched_at=2026-09-21T10:40:25.619116+00:00
  Reused completed task: /fslarge/scratch/users/h61084/codes/evaluating_tsfms/outputs/instance_normalization/tasks/chronos_bolt/normalization/none/univariate/SG_Carpark/15T/long/run_0

============================================================
All experiments completed!
Results saved to: /scratch/users/h61084/codes/evaluating_tsfms/outputs/instance_normalization/tasks
============================================================

############################################################
# All datasets completed!
############################################################

############################################################
# Dataset 1/1: Finland_Traffic/15T
############################################################
Loading configuration...

============================================================
Dataset: Finland_Traffic/15T
Model: amazon/chronos-bolt-base
Terms: ['short', 'medium', 'long']
Instance normalization: none
============================================================
Loading Chronos-Bolt model: amazon/chronos-bolt-base from /fslarge/scratch/users/h61084/weights/chronos-bolt-base...
[2026-09-21 10:40:34 UTC] resources model_device {"device": "cuda", "model": "chronos_bolt"}

--- Term: short ---
  Config: prediction_length=16, test_length=2976, val_length=2880
  Dataset info:
    - Frequency: 15T
    - Num series: 1
    - Target dim: 1
    - Target mode: univariate
    - Series length: min=35136, max=35136, avg=35136.0
    - Test split: 2976 steps
    - Prediction length: 16
    - Windows: 186
TIME run allocation action=skip run=/fslarge/scratch/users/h61084/codes/evaluating_tsfms/outputs/instance_normalization/tasks/chronos_bolt/normalization/none/univariate/Finland_Traffic/15T/short/run_0 source_launch=selena_instance_normalization_20260920T193952Z_48346 launch_id=selena_instance_normalization_20260921T103653Z_18902 slurm_job_id=3510350 launched_at=2026-09-21T10:40:34.722404+00:00
  Reused completed task: /fslarge/scratch/users/h61084/codes/evaluating_tsfms/outputs/instance_normalization/tasks/chronos_bolt/normalization/none/univariate/Finland_Traffic/15T/short/run_0

--- Term: medium ---
  Config: prediction_length=96, test_length=2976, val_length=2880
  Dataset info:
    - Frequency: 15T
    - Num series: 1
    - Target dim: 1
    - Target mode: univariate
    - Series length: min=35136, max=35136, avg=35136.0
    - Test split: 2976 steps
    - Prediction length: 96
    - Windows: 31
TIME run allocation action=skip run=/fslarge/scratch/users/h61084/codes/evaluating_tsfms/outputs/instance_normalization/tasks/chronos_bolt/normalization/none/univariate/Finland_Traffic/15T/medium/run_0 source_launch=selena_instance_normalization_20260920T193952Z_48346 launch_id=selena_instance_normalization_20260921T103653Z_18902 slurm_job_id=3510350 launched_at=2026-09-21T10:40:34.737462+00:00
  Reused completed task: /fslarge/scratch/users/h61084/codes/evaluating_tsfms/outputs/instance_normalization/tasks/chronos_bolt/normalization/none/univariate/Finland_Traffic/15T/medium/run_0

--- Term: long ---
  Config: prediction_length=672, test_length=2976, val_length=2880
  Dataset info:
    - Frequency: 15T
    - Num series: 1
    - Target dim: 1
    - Target mode: univariate
    - Series length: min=35136, max=35136, avg=35136.0
    - Test split: 2976 steps
    - Prediction length: 672
    - Windows: 4
TIME run allocation action=skip run=/fslarge/scratch/users/h61084/codes/evaluating_tsfms/outputs/instance_normalization/tasks/chronos_bolt/normalization/none/univariate/Finland_Traffic/15T/long/run_0 source_launch=selena_instance_normalization_20260920T193952Z_48346 launch_id=selena_instance_normalization_20260921T103653Z_18902 slurm_job_id=3510350 launched_at=2026-09-21T10:40:34.752186+00:00
  Reused completed task: /fslarge/scratch/users/h61084/codes/evaluating_tsfms/outputs/instance_normalization/tasks/chronos_bolt/normalization/none/univariate/Finland_Traffic/15T/long/run_0

============================================================
All experiments completed!
Results saved to: /scratch/users/h61084/codes/evaluating_tsfms/outputs/instance_normalization/tasks
============================================================

############################################################
# All datasets completed!
############################################################

############################################################
# Dataset 1/1: Port_Activity/D
############################################################
Loading configuration...

============================================================
Dataset: Port_Activity/D
Model: amazon/chronos-bolt-base
Terms: ['short']
Instance normalization: none
============================================================
Loading Chronos-Bolt model: amazon/chronos-bolt-base from /fslarge/scratch/users/h61084/weights/chronos-bolt-base...
[2026-09-21 10:40:43 UTC] resources model_device {"device": "cuda", "model": "chronos_bolt"}

--- Term: short ---
  Config: prediction_length=30, test_length=365, val_length=90
  Dataset info:
    - Frequency: D
    - Num series: 99
    - Target dim: 2
    - Target mode: univariate
    - Series length: min=2127, max=2127, avg=2127.0
    - Test split: 365 steps
    - Prediction length: 30
    - Windows: 12
TIME run allocation action=skip run=/fslarge/scratch/users/h61084/codes/evaluating_tsfms/outputs/instance_normalization/tasks/chronos_bolt/normalization/none/univariate/Port_Activity/D/short/run_0 source_launch=selena_instance_normalization_20260920T193952Z_48346 launch_id=selena_instance_normalization_20260921T103653Z_18902 slurm_job_id=3510350 launched_at=2026-09-21T10:40:43.898105+00:00
  Reused completed task: /fslarge/scratch/users/h61084/codes/evaluating_tsfms/outputs/instance_normalization/tasks/chronos_bolt/normalization/none/univariate/Port_Activity/D/short/run_0

============================================================
All experiments completed!
Results saved to: /scratch/users/h61084/codes/evaluating_tsfms/outputs/instance_normalization/tasks
============================================================

############################################################
# All datasets completed!
############################################################

############################################################
# Dataset 1/1: Port_Activity/W
############################################################
Loading configuration...

============================================================
Dataset: Port_Activity/W
Model: amazon/chronos-bolt-base
Terms: ['short']
Instance normalization: none
============================================================
Loading Chronos-Bolt model: amazon/chronos-bolt-base from /fslarge/scratch/users/h61084/weights/chronos-bolt-base...
[2026-09-21 10:40:52 UTC] resources model_device {"device": "cuda", "model": "chronos_bolt"}

--- Term: short ---
  Config: prediction_length=13, test_length=52, val_length=13
  Dataset info:
    - Frequency: W
    - Num series: 99
    - Target dim: 2
    - Target mode: univariate
    - Series length: min=304, max=304, avg=304.0
    - Test split: 52 steps
    - Prediction length: 13
    - Windows: 4
TIME run allocation action=skip run=/fslarge/scratch/users/h61084/codes/evaluating_tsfms/outputs/instance_normalization/tasks/chronos_bolt/normalization/none/univariate/Port_Activity/W/short/run_0 source_launch=selena_instance_normalization_20260920T193952Z_48346 launch_id=selena_instance_normalization_20260921T103653Z_18902 slurm_job_id=3510350 launched_at=2026-09-21T10:40:53.000606+00:00
  Reused completed task: /fslarge/scratch/users/h61084/codes/evaluating_tsfms/outputs/instance_normalization/tasks/chronos_bolt/normalization/none/univariate/Port_Activity/W/short/run_0

============================================================
All experiments completed!
Results saved to: /scratch/users/h61084/codes/evaluating_tsfms/outputs/instance_normalization/tasks
============================================================

############################################################
# All datasets completed!
############################################################

############################################################
# Dataset 1/1: ECDC_COVID/D
############################################################
Loading configuration...

============================================================
Dataset: ECDC_COVID/D
Model: amazon/chronos-bolt-base
Terms: ['short']
Instance normalization: none
============================================================
Loading Chronos-Bolt model: amazon/chronos-bolt-base from /fslarge/scratch/users/h61084/weights/chronos-bolt-base...
[2026-09-21 10:41:01 UTC] resources model_device {"device": "cuda", "model": "chronos_bolt"}

--- Term: short ---
  Config: prediction_length=30, test_length=150, val_length=30
  Dataset info:
    - Frequency: D
    - Num series: 9
    - Target dim: 1
    - Target mode: univariate
    - Series length: min=794, max=1229, avg=1116.6
    - Test split: 150 steps
    - Prediction length: 30
    - Windows: 5
TIME run allocation action=skip run=/fslarge/scratch/users/h61084/codes/evaluating_tsfms/outputs/instance_normalization/tasks/chronos_bolt/normalization/none/univariate/ECDC_COVID/D/short/run_0 source_launch=selena_instance_normalization_20260920T193952Z_48346 launch_id=selena_instance_normalization_20260921T103653Z_18902 slurm_job_id=3510350 launched_at=2026-09-21T10:41:02.131370+00:00
  Reused completed task: /fslarge/scratch/users/h61084/codes/evaluating_tsfms/outputs/instance_normalization/tasks/chronos_bolt/normalization/none/univariate/ECDC_COVID/D/short/run_0

============================================================
All experiments completed!
Results saved to: /scratch/users/h61084/codes/evaluating_tsfms/outputs/instance_normalization/tasks
============================================================

############################################################
# All datasets completed!
############################################################

############################################################
# Dataset 1/1: ECDC_COVID/W
############################################################
Loading configuration...

============================================================
Dataset: ECDC_COVID/W
Model: amazon/chronos-bolt-base
Terms: ['short']
Instance normalization: none
============================================================
Loading Chronos-Bolt model: amazon/chronos-bolt-base from /fslarge/scratch/users/h61084/weights/chronos-bolt-base...
[2026-09-21 10:41:10 UTC] resources model_device {"device": "cuda", "model": "chronos_bolt"}

--- Term: short ---
  Config: prediction_length=13, test_length=52, val_length=13
  Dataset info:
    - Frequency: W
    - Num series: 16
    - Target dim: 1
    - Target mode: univariate
    - Series length: min=114, max=196, avg=165.4
    - Test split: 52 steps
    - Prediction length: 13
    - Windows: 4
TIME run allocation action=skip run=/fslarge/scratch/users/h61084/codes/evaluating_tsfms/outputs/instance_normalization/tasks/chronos_bolt/normalization/none/univariate/ECDC_COVID/W/short/run_0 source_launch=selena_instance_normalization_20260920T193952Z_48346 launch_id=selena_instance_normalization_20260921T103653Z_18902 slurm_job_id=3510350 launched_at=2026-09-21T10:41:11.250654+00:00
  Reused completed task: /fslarge/scratch/users/h61084/codes/evaluating_tsfms/outputs/instance_normalization/tasks/chronos_bolt/normalization/none/univariate/ECDC_COVID/W/short/run_0

============================================================
All experiments completed!
Results saved to: /scratch/users/h61084/codes/evaluating_tsfms/outputs/instance_normalization/tasks
============================================================

############################################################
# All datasets completed!
############################################################

############################################################
# Dataset 1/1: Global_Influenza/W
############################################################
Loading configuration...

============================================================
Dataset: Global_Influenza/W
Model: amazon/chronos-bolt-base
Terms: ['short']
Instance normalization: none
============================================================
Loading Chronos-Bolt model: amazon/chronos-bolt-base from /fslarge/scratch/users/h61084/weights/chronos-bolt-base...
[2026-09-21 10:41:19 UTC] resources model_device {"device": "cuda", "model": "chronos_bolt"}

--- Term: short ---
  Config: prediction_length=13, test_length=52, val_length=13
  Dataset info:
    - Frequency: W
    - Num series: 15
    - Target dim: 4
    - Target mode: univariate
    - Series length: min=154, max=210, avg=205.6
    - Test split: 52 steps
    - Prediction length: 13
    - Windows: 4
TIME run allocation action=skip run=/fslarge/scratch/users/h61084/codes/evaluating_tsfms/outputs/instance_normalization/tasks/chronos_bolt/normalization/none/univariate/Global_Influenza/W/short/run_0 source_launch=selena_instance_normalization_20260920T193952Z_48346 launch_id=selena_instance_normalization_20260921T103653Z_18902 slurm_job_id=3510350 launched_at=2026-09-21T10:41:20.354226+00:00
  Reused completed task: /fslarge/scratch/users/h61084/codes/evaluating_tsfms/outputs/instance_normalization/tasks/chronos_bolt/normalization/none/univariate/Global_Influenza/W/short/run_0

============================================================
All experiments completed!
Results saved to: /scratch/users/h61084/codes/evaluating_tsfms/outputs/instance_normalization/tasks
============================================================

############################################################
# All datasets completed!
############################################################

############################################################
# Dataset 1/1: Crypto/D
############################################################
Loading configuration...

============================================================
Dataset: Crypto/D
Model: amazon/chronos-bolt-base
Terms: ['short']
Instance normalization: none
============================================================
Loading Chronos-Bolt model: amazon/chronos-bolt-base from /fslarge/scratch/users/h61084/weights/chronos-bolt-base...
[2026-09-21 10:41:28 UTC] resources model_device {"device": "cuda", "model": "chronos_bolt"}

--- Term: short ---
  Config: prediction_length=30, test_length=273, val_length=92
  Dataset info:
    - Frequency: D
    - Num series: 1
    - Target dim: 4
    - Target mode: univariate
    - Series length: min=2842, max=2842, avg=2842.0
    - Test split: 273 steps
    - Prediction length: 30
    - Windows: 9
TIME run allocation action=skip run=/fslarge/scratch/users/h61084/codes/evaluating_tsfms/outputs/instance_normalization/tasks/chronos_bolt/normalization/none/univariate/Crypto/D/short/run_0 source_launch=selena_instance_normalization_20260920T193952Z_48346 launch_id=selena_instance_normalization_20260921T103653Z_18902 slurm_job_id=3510350 launched_at=2026-09-21T10:41:29.502928+00:00
  Reused completed task: /fslarge/scratch/users/h61084/codes/evaluating_tsfms/outputs/instance_normalization/tasks/chronos_bolt/normalization/none/univariate/Crypto/D/short/run_0

============================================================
All experiments completed!
Results saved to: /scratch/users/h61084/codes/evaluating_tsfms/outputs/instance_normalization/tasks
============================================================

############################################################
# All datasets completed!
############################################################

############################################################
# Dataset 1/1: US_Term_Structure/B
############################################################
Loading configuration...

============================================================
Dataset: US_Term_Structure/B
Model: amazon/chronos-bolt-base
Terms: ['short']
Instance normalization: none
============================================================
Loading Chronos-Bolt model: amazon/chronos-bolt-base from /fslarge/scratch/users/h61084/weights/chronos-bolt-base...
[2026-09-21 10:41:37 UTC] resources model_device {"device": "cuda", "model": "chronos_bolt"}

--- Term: short ---
  Config: prediction_length=20, test_length=717, val_length=100
  Dataset info:
    - Frequency: B
    - Num series: 1
    - Target dim: 40
    - Target mode: univariate
    - Series length: min=9326, max=9326, avg=9326.0
    - Test split: 717 steps
    - Prediction length: 20
    - Windows: 35
TIME run allocation action=skip run=/fslarge/scratch/users/h61084/codes/evaluating_tsfms/outputs/instance_normalization/tasks/chronos_bolt/normalization/none/univariate/US_Term_Structure/B/short/run_0 source_launch=selena_instance_normalization_20260920T193952Z_48346 launch_id=selena_instance_normalization_20260921T103653Z_18902 slurm_job_id=3510350 launched_at=2026-09-21T10:41:38.734309+00:00
  Reused completed task: /fslarge/scratch/users/h61084/codes/evaluating_tsfms/outputs/instance_normalization/tasks/chronos_bolt/normalization/none/univariate/US_Term_Structure/B/short/run_0

============================================================
All experiments completed!
Results saved to: /scratch/users/h61084/codes/evaluating_tsfms/outputs/instance_normalization/tasks
============================================================

############################################################
# All datasets completed!
############################################################

############################################################
# Dataset 1/1: Oil_Price/B
############################################################
Loading configuration...

============================================================
Dataset: Oil_Price/B
Model: amazon/chronos-bolt-base
Terms: ['short']
Instance normalization: none
============================================================
Loading Chronos-Bolt model: amazon/chronos-bolt-base from /fslarge/scratch/users/h61084/weights/chronos-bolt-base...
[2026-09-21 10:41:47 UTC] resources model_device {"device": "cuda", "model": "chronos_bolt"}

--- Term: short ---
  Config: prediction_length=20, test_length=717, val_length=100
  Dataset info:
    - Frequency: B
    - Num series: 1
    - Target dim: 12
    - Target mode: univariate
    - Series length: min=5035, max=5035, avg=5035.0
    - Test split: 717 steps
    - Prediction length: 20
    - Windows: 35
TIME run allocation action=skip run=/fslarge/scratch/users/h61084/codes/evaluating_tsfms/outputs/instance_normalization/tasks/chronos_bolt/normalization/none/univariate/Oil_Price/B/short/run_0 source_launch=selena_instance_normalization_20260920T193952Z_48346 launch_id=selena_instance_normalization_20260921T103653Z_18902 slurm_job_id=3510350 launched_at=2026-09-21T10:41:47.867862+00:00
  Reused completed task: /fslarge/scratch/users/h61084/codes/evaluating_tsfms/outputs/instance_normalization/tasks/chronos_bolt/normalization/none/univariate/Oil_Price/B/short/run_0

============================================================
All experiments completed!
Results saved to: /scratch/users/h61084/codes/evaluating_tsfms/outputs/instance_normalization/tasks
============================================================

############################################################
# All datasets completed!
############################################################

############################################################
# Dataset 1/1: Job_Claims/W
############################################################
Loading configuration...

============================================================
Dataset: Job_Claims/W
Model: amazon/chronos-bolt-base
Terms: ['short']
Instance normalization: none
============================================================
Loading Chronos-Bolt model: amazon/chronos-bolt-base from /fslarge/scratch/users/h61084/weights/chronos-bolt-base...
[2026-09-21 10:41:56 UTC] resources model_device {"device": "cuda", "model": "chronos_bolt"}

--- Term: short ---
  Config: prediction_length=13, test_length=52, val_length=13
  Dataset info:
    - Frequency: W
    - Num series: 1
    - Target dim: 2
    - Target mode: univariate
    - Series length: min=196, max=196, avg=196.0
    - Test split: 52 steps
    - Prediction length: 13
    - Windows: 4
TIME run allocation action=skip run=/fslarge/scratch/users/h61084/codes/evaluating_tsfms/outputs/instance_normalization/tasks/chronos_bolt/normalization/none/univariate/Job_Claims/W/short/run_0 source_launch=selena_instance_normalization_20260920T193952Z_48346 launch_id=selena_instance_normalization_20260921T103653Z_18902 slurm_job_id=3510350 launched_at=2026-09-21T10:41:56.989971+00:00
  Reused completed task: /fslarge/scratch/users/h61084/codes/evaluating_tsfms/outputs/instance_normalization/tasks/chronos_bolt/normalization/none/univariate/Job_Claims/W/short/run_0

============================================================
All experiments completed!
Results saved to: /scratch/users/h61084/codes/evaluating_tsfms/outputs/instance_normalization/tasks
============================================================

############################################################
# All datasets completed!
############################################################

############################################################
# Dataset 1/1: Uncertainty_1M/M
############################################################
Loading configuration...

============================================================
Dataset: Uncertainty_1M/M
Model: amazon/chronos-bolt-base
Terms: ['short']
Instance normalization: none
============================================================
Loading Chronos-Bolt model: amazon/chronos-bolt-base from /fslarge/scratch/users/h61084/weights/chronos-bolt-base...
[2026-09-21 10:42:05 UTC] resources model_device {"device": "cuda", "model": "chronos_bolt"}

--- Term: short ---
  Config: prediction_length=6, test_length=42, val_length=18
  Dataset info:
    - Frequency: M
    - Num series: 1
    - Target dim: 3
    - Target mode: univariate
    - Series length: min=780, max=780, avg=780.0
    - Test split: 42 steps
    - Prediction length: 6
    - Windows: 7
TIME run allocation action=skip run=/fslarge/scratch/users/h61084/codes/evaluating_tsfms/outputs/instance_normalization/tasks/chronos_bolt/normalization/none/univariate/Uncertainty_1M/M/short/run_0 source_launch=selena_instance_normalization_20260920T193952Z_48346 launch_id=selena_instance_normalization_20260921T103653Z_18902 slurm_job_id=3510350 launched_at=2026-09-21T10:42:06.096867+00:00
  Reused completed task: /fslarge/scratch/users/h61084/codes/evaluating_tsfms/outputs/instance_normalization/tasks/chronos_bolt/normalization/none/univariate/Uncertainty_1M/M/short/run_0

============================================================
All experiments completed!
Results saved to: /scratch/users/h61084/codes/evaluating_tsfms/outputs/instance_normalization/tasks
============================================================

############################################################
# All datasets completed!
############################################################

############################################################
# Dataset 1/1: Housing_Inventory/M
############################################################
Loading configuration...

============================================================
Dataset: Housing_Inventory/M
Model: amazon/chronos-bolt-base
Terms: ['short']
Instance normalization: none
============================================================
Loading Chronos-Bolt model: amazon/chronos-bolt-base from /fslarge/scratch/users/h61084/weights/chronos-bolt-base...
[2026-09-21 10:42:14 UTC] resources model_device {"device": "cuda", "model": "chronos_bolt"}

--- Term: short ---
  Config: prediction_length=12, test_length=36, val_length=12
  Dataset info:
    - Frequency: M
    - Num series: 1
    - Target dim: 4
    - Target mode: univariate
    - Series length: min=114, max=114, avg=114.0
    - Test split: 36 steps
    - Prediction length: 12
    - Windows: 3
TIME run allocation action=skip run=/fslarge/scratch/users/h61084/codes/evaluating_tsfms/outputs/instance_normalization/tasks/chronos_bolt/normalization/none/univariate/Housing_Inventory/M/short/run_0 source_launch=selena_instance_normalization_20260920T193952Z_48346 launch_id=selena_instance_normalization_20260921T103653Z_18902 slurm_job_id=3510350 launched_at=2026-09-21T10:42:15.195673+00:00
  Reused completed task: /fslarge/scratch/users/h61084/codes/evaluating_tsfms/outputs/instance_normalization/tasks/chronos_bolt/normalization/none/univariate/Housing_Inventory/M/short/run_0

============================================================
All experiments completed!
Results saved to: /scratch/users/h61084/codes/evaluating_tsfms/outputs/instance_normalization/tasks
============================================================

############################################################
# All datasets completed!
############################################################

############################################################
# Dataset 1/1: JOLTS/M
############################################################
Loading configuration...

============================================================
Dataset: JOLTS/M
Model: amazon/chronos-bolt-base
Terms: ['short']
Instance normalization: none
============================================================
Loading Chronos-Bolt model: amazon/chronos-bolt-base from /fslarge/scratch/users/h61084/weights/chronos-bolt-base...
[2026-09-21 10:42:23 UTC] resources model_device {"device": "cuda", "model": "chronos_bolt"}

--- Term: short ---
  Config: prediction_length=12, test_length=60, val_length=12
  Dataset info:
    - Frequency: M
    - Num series: 1
    - Target dim: 6
    - Target mode: univariate
    - Series length: min=297, max=297, avg=297.0
    - Test split: 60 steps
    - Prediction length: 12
    - Windows: 5
TIME run allocation action=skip run=/fslarge/scratch/users/h61084/codes/evaluating_tsfms/outputs/instance_normalization/tasks/chronos_bolt/normalization/none/univariate/JOLTS/M/short/run_0 source_launch=selena_instance_normalization_20260920T193952Z_48346 launch_id=selena_instance_normalization_20260921T103653Z_18902 slurm_job_id=3510350 launched_at=2026-09-21T10:42:24.302121+00:00
  Reused completed task: /fslarge/scratch/users/h61084/codes/evaluating_tsfms/outputs/instance_normalization/tasks/chronos_bolt/normalization/none/univariate/JOLTS/M/short/run_0

============================================================
All experiments completed!
Results saved to: /scratch/users/h61084/codes/evaluating_tsfms/outputs/instance_normalization/tasks
============================================================

############################################################
# All datasets completed!
############################################################

############################################################
# Dataset 1/1: US_Labor/M
############################################################
Loading configuration...

============================================================
Dataset: US_Labor/M
Model: amazon/chronos-bolt-base
Terms: ['short']
Instance normalization: none
============================================================
Loading Chronos-Bolt model: amazon/chronos-bolt-base from /fslarge/scratch/users/h61084/weights/chronos-bolt-base...
[2026-09-21 10:42:32 UTC] resources model_device {"device": "cuda", "model": "chronos_bolt"}

--- Term: short ---
  Config: prediction_length=12, test_length=60, val_length=12
  Dataset info:
    - Frequency: M
    - Num series: 1
    - Target dim: 14
    - Target mode: univariate
    - Series length: min=380, max=380, avg=380.0
    - Test split: 60 steps
    - Prediction length: 12
    - Windows: 5
TIME run allocation action=skip run=/fslarge/scratch/users/h61084/codes/evaluating_tsfms/outputs/instance_normalization/tasks/chronos_bolt/normalization/none/univariate/US_Labor/M/short/run_0 source_launch=selena_instance_normalization_20260920T193952Z_48346 launch_id=selena_instance_normalization_20260921T103653Z_18902 slurm_job_id=3510350 launched_at=2026-09-21T10:42:33.451630+00:00
  Reused completed task: /fslarge/scratch/users/h61084/codes/evaluating_tsfms/outputs/instance_normalization/tasks/chronos_bolt/normalization/none/univariate/US_Labor/M/short/run_0

============================================================
All experiments completed!
Results saved to: /scratch/users/h61084/codes/evaluating_tsfms/outputs/instance_normalization/tasks
============================================================

############################################################
# All datasets completed!
############################################################

############################################################
# Dataset 1/1: Vehicle_Supply/M
############################################################
Loading configuration...

============================================================
Dataset: Vehicle_Supply/M
Model: amazon/chronos-bolt-base
Terms: ['short']
Instance normalization: none
============================================================
Loading Chronos-Bolt model: amazon/chronos-bolt-base from /fslarge/scratch/users/h61084/weights/chronos-bolt-base...
[2026-09-21 10:42:41 UTC] resources model_device {"device": "cuda", "model": "chronos_bolt"}

--- Term: short ---
  Config: prediction_length=12, test_length=60, val_length=12
  Dataset info:
    - Frequency: M
    - Num series: 1
    - Target dim: 6
    - Target mode: univariate
    - Series length: min=391, max=391, avg=391.0
    - Test split: 60 steps
    - Prediction length: 12
    - Windows: 5
TIME run allocation action=skip run=/fslarge/scratch/users/h61084/codes/evaluating_tsfms/outputs/instance_normalization/tasks/chronos_bolt/normalization/none/univariate/Vehicle_Supply/M/short/run_0 source_launch=selena_instance_normalization_20260920T193952Z_48346 launch_id=selena_instance_normalization_20260921T103653Z_18902 slurm_job_id=3510350 launched_at=2026-09-21T10:42:42.566607+00:00
  Reused completed task: /fslarge/scratch/users/h61084/codes/evaluating_tsfms/outputs/instance_normalization/tasks/chronos_bolt/normalization/none/univariate/Vehicle_Supply/M/short/run_0

============================================================
All experiments completed!
Results saved to: /scratch/users/h61084/codes/evaluating_tsfms/outputs/instance_normalization/tasks
============================================================

############################################################
# All datasets completed!
############################################################

############################################################
# Dataset 1/1: Auto_Production_SF/M
############################################################
Loading configuration...

============================================================
Dataset: Auto_Production_SF/M
Model: amazon/chronos-bolt-base
Terms: ['short']
Instance normalization: none
============================================================
Loading Chronos-Bolt model: amazon/chronos-bolt-base from /fslarge/scratch/users/h61084/weights/chronos-bolt-base...
[2026-09-21 10:42:50 UTC] resources model_device {"device": "cuda", "model": "chronos_bolt"}

--- Term: short ---
  Config: prediction_length=12, test_length=60, val_length=12
  Dataset info:
    - Frequency: M
    - Num series: 1
    - Target dim: 1
    - Target mode: univariate
    - Series length: min=367, max=367, avg=367.0
    - Test split: 60 steps
    - Prediction length: 12
    - Windows: 5
TIME run allocation action=skip run=/fslarge/scratch/users/h61084/codes/evaluating_tsfms/outputs/instance_normalization/tasks/chronos_bolt/normalization/none/univariate/Auto_Production_SF/M/short/run_0 source_launch=selena_instance_normalization_20260920T193952Z_48346 launch_id=selena_instance_normalization_20260921T103653Z_18902 slurm_job_id=3510350 launched_at=2026-09-21T10:42:51.677817+00:00
  Reused completed task: /fslarge/scratch/users/h61084/codes/evaluating_tsfms/outputs/instance_normalization/tasks/chronos_bolt/normalization/none/univariate/Auto_Production_SF/M/short/run_0

============================================================
All experiments completed!
Results saved to: /scratch/users/h61084/codes/evaluating_tsfms/outputs/instance_normalization/tasks
============================================================

############################################################
# All datasets completed!
############################################################

############################################################
# Dataset 1/1: Commodity_Production/M
############################################################
Loading configuration...

============================================================
Dataset: Commodity_Production/M
Model: amazon/chronos-bolt-base
Terms: ['short']
Instance normalization: none
============================================================
Loading Chronos-Bolt model: amazon/chronos-bolt-base from /fslarge/scratch/users/h61084/weights/chronos-bolt-base...
[2026-09-21 10:43:00 UTC] resources model_device {"device": "cuda", "model": "chronos_bolt"}

--- Term: short ---
  Config: prediction_length=12, test_length=60, val_length=12
  Dataset info:
    - Frequency: M
    - Num series: 32
    - Target dim: 1
    - Target mode: univariate
    - Series length: min=120, max=648, avg=325.1
    - Test split: 60 steps
    - Prediction length: 12
    - Windows: 5
TIME run allocation action=skip run=/fslarge/scratch/users/h61084/codes/evaluating_tsfms/outputs/instance_normalization/tasks/chronos_bolt/normalization/none/univariate/Commodity_Production/M/short/run_0 source_launch=selena_instance_normalization_20260920T193952Z_48346 launch_id=selena_instance_normalization_20260921T103653Z_18902 slurm_job_id=3510350 launched_at=2026-09-21T10:43:00.783369+00:00
  Reused completed task: /fslarge/scratch/users/h61084/codes/evaluating_tsfms/outputs/instance_normalization/tasks/chronos_bolt/normalization/none/univariate/Commodity_Production/M/short/run_0

============================================================
All experiments completed!
Results saved to: /scratch/users/h61084/codes/evaluating_tsfms/outputs/instance_normalization/tasks
============================================================

############################################################
# All datasets completed!
############################################################

############################################################
# Dataset 1/1: Commodity_Import/M
############################################################
Loading configuration...

============================================================
Dataset: Commodity_Import/M
Model: amazon/chronos-bolt-base
Terms: ['short']
Instance normalization: none
============================================================
Loading Chronos-Bolt model: amazon/chronos-bolt-base from /fslarge/scratch/users/h61084/weights/chronos-bolt-base...
[2026-09-21 10:43:09 UTC] resources model_device {"device": "cuda", "model": "chronos_bolt"}

--- Term: short ---
  Config: prediction_length=12, test_length=60, val_length=12
  Dataset info:
    - Frequency: M
    - Num series: 8
    - Target dim: 1
    - Target mode: univariate
    - Series length: min=254, max=1240, avg=697.2
    - Test split: 60 steps
    - Prediction length: 12
    - Windows: 5
TIME run allocation action=skip run=/fslarge/scratch/users/h61084/codes/evaluating_tsfms/outputs/instance_normalization/tasks/chronos_bolt/normalization/none/univariate/Commodity_Import/M/short/run_0 source_launch=selena_instance_normalization_20260920T193952Z_48346 launch_id=selena_instance_normalization_20260921T103653Z_18902 slurm_job_id=3510350 launched_at=2026-09-21T10:43:09.984205+00:00
  Reused completed task: /fslarge/scratch/users/h61084/codes/evaluating_tsfms/outputs/instance_normalization/tasks/chronos_bolt/normalization/none/univariate/Commodity_Import/M/short/run_0

============================================================
All experiments completed!
Results saved to: /scratch/users/h61084/codes/evaluating_tsfms/outputs/instance_normalization/tasks
============================================================

############################################################
# All datasets completed!
############################################################

############################################################
# Dataset 1/1: WUI_Global/Q
############################################################
Loading configuration...

============================================================
Dataset: WUI_Global/Q
Model: amazon/chronos-bolt-base
Terms: ['short']
Instance normalization: none
============================================================
Loading Chronos-Bolt model: amazon/chronos-bolt-base from /fslarge/scratch/users/h61084/weights/chronos-bolt-base...
[2026-09-21 10:43:18 UTC] resources model_device {"device": "cuda", "model": "chronos_bolt"}

--- Term: short ---
  Config: prediction_length=4, test_length=20, val_length=20
  Dataset info:
    - Frequency: Q
    - Num series: 1
    - Target dim: 15
    - Target mode: univariate
    - Series length: min=294, max=294, avg=294.0
    - Test split: 20 steps
    - Prediction length: 4
    - Windows: 5
TIME run allocation action=skip run=/fslarge/scratch/users/h61084/codes/evaluating_tsfms/outputs/instance_normalization/tasks/chronos_bolt/normalization/none/univariate/WUI_Global/Q/short/run_0 source_launch=selena_instance_normalization_20260920T193952Z_48346 launch_id=selena_instance_normalization_20260921T103653Z_18902 slurm_job_id=3510350 launched_at=2026-09-21T10:43:19.236256+00:00
  Reused completed task: /fslarge/scratch/users/h61084/codes/evaluating_tsfms/outputs/instance_normalization/tasks/chronos_bolt/normalization/none/univariate/WUI_Global/Q/short/run_0

============================================================
All experiments completed!
Results saved to: /scratch/users/h61084/codes/evaluating_tsfms/outputs/instance_normalization/tasks
============================================================

############################################################
# All datasets completed!
############################################################

############################################################
# Dataset 1/1: Global_Price/Q
############################################################
Loading configuration...

============================================================
Dataset: Global_Price/Q
Model: amazon/chronos-bolt-base
Terms: ['short']
Instance normalization: none
============================================================
Loading Chronos-Bolt model: amazon/chronos-bolt-base from /fslarge/scratch/users/h61084/weights/chronos-bolt-base...
[2026-09-21 10:43:27 UTC] resources model_device {"device": "cuda", "model": "chronos_bolt"}

--- Term: short ---
  Config: prediction_length=4, test_length=20, val_length=8
  Dataset info:
    - Frequency: Q
    - Num series: 1
    - Target dim: 60
    - Target mode: univariate
    - Series length: min=142, max=142, avg=142.0
    - Test split: 20 steps
    - Prediction length: 4
    - Windows: 5
TIME run allocation action=skip run=/fslarge/scratch/users/h61084/codes/evaluating_tsfms/outputs/instance_normalization/tasks/chronos_bolt/normalization/none/univariate/Global_Price/Q/short/run_0 source_launch=selena_instance_normalization_20260920T193952Z_48346 launch_id=selena_instance_normalization_20260921T103653Z_18902 slurm_job_id=3510350 launched_at=2026-09-21T10:43:28.468337+00:00
  Reused completed task: /fslarge/scratch/users/h61084/codes/evaluating_tsfms/outputs/instance_normalization/tasks/chronos_bolt/normalization/none/univariate/Global_Price/Q/short/run_0

============================================================
All experiments completed!
Results saved to: /scratch/users/h61084/codes/evaluating_tsfms/outputs/instance_normalization/tasks
============================================================

############################################################
# All datasets completed!
############################################################

############################################################
# Dataset 1/1: Vehicle_Sales/M
############################################################
Loading configuration...

============================================================
Dataset: Vehicle_Sales/M
Model: amazon/chronos-bolt-base
Terms: ['short']
Instance normalization: none
============================================================
Loading Chronos-Bolt model: amazon/chronos-bolt-base from /fslarge/scratch/users/h61084/weights/chronos-bolt-base...
[2026-09-21 10:43:37 UTC] resources model_device {"device": "cuda", "model": "chronos_bolt"}

--- Term: short ---
  Config: prediction_length=12, test_length=60, val_length=12
  Dataset info:
    - Frequency: M
    - Num series: 1
    - Target dim: 10
    - Target mode: univariate
    - Series length: min=596, max=596, avg=596.0
    - Test split: 60 steps
    - Prediction length: 12
    - Windows: 5
TIME run allocation action=skip run=/fslarge/scratch/users/h61084/codes/evaluating_tsfms/outputs/instance_normalization/tasks/chronos_bolt/normalization/none/univariate/Vehicle_Sales/M/short/run_0 source_launch=selena_instance_normalization_20260920T193952Z_48346 launch_id=selena_instance_normalization_20260921T103653Z_18902 slurm_job_id=3510350 launched_at=2026-09-21T10:43:38.220559+00:00
  Reused completed task: /fslarge/scratch/users/h61084/codes/evaluating_tsfms/outputs/instance_normalization/tasks/chronos_bolt/normalization/none/univariate/Vehicle_Sales/M/short/run_0

============================================================
All experiments completed!
Results saved to: /scratch/users/h61084/codes/evaluating_tsfms/outputs/instance_normalization/tasks
============================================================

############################################################
# All datasets completed!
############################################################

############################################################
# Dataset 1/1: Online_Retail_2_UCI/D
############################################################
Loading configuration...

============================================================
Dataset: Online_Retail_2_UCI/D
Model: amazon/chronos-bolt-base
Terms: ['short']
Instance normalization: none
============================================================
Loading Chronos-Bolt model: amazon/chronos-bolt-base from /fslarge/scratch/users/h61084/weights/chronos-bolt-base...
[2026-09-21 10:43:46 UTC] resources model_device {"device": "cuda", "model": "chronos_bolt"}

--- Term: short ---
  Config: prediction_length=30, test_length=180, val_length=90
  Dataset info:
    - Frequency: D
    - Num series: 1
    - Target dim: 1
    - Target mode: univariate
    - Series length: min=739, max=739, avg=739.0
    - Test split: 180 steps
    - Prediction length: 30
    - Windows: 6
TIME run allocation action=skip run=/fslarge/scratch/users/h61084/codes/evaluating_tsfms/outputs/instance_normalization/tasks/chronos_bolt/normalization/none/univariate/Online_Retail_2_UCI/D/short/run_0 source_launch=selena_instance_normalization_20260920T193952Z_48346 launch_id=selena_instance_normalization_20260921T103653Z_18902 slurm_job_id=3510350 launched_at=2026-09-21T10:43:47.340209+00:00
  Reused completed task: /fslarge/scratch/users/h61084/codes/evaluating_tsfms/outputs/instance_normalization/tasks/chronos_bolt/normalization/none/univariate/Online_Retail_2_UCI/D/short/run_0

============================================================
All experiments completed!
Results saved to: /scratch/users/h61084/codes/evaluating_tsfms/outputs/instance_normalization/tasks
============================================================

############################################################
# All datasets completed!
############################################################

############################################################
# Dataset 1/1: Supply_Chain_Customer/D
############################################################
Loading configuration...

============================================================
Dataset: Supply_Chain_Customer/D
Model: amazon/chronos-bolt-base
Terms: ['short']
Instance normalization: none
============================================================
Loading Chronos-Bolt model: amazon/chronos-bolt-base from /fslarge/scratch/users/h61084/weights/chronos-bolt-base...
[2026-09-21 10:43:55 UTC] resources model_device {"device": "cuda", "model": "chronos_bolt"}

--- Term: short ---
  Config: prediction_length=30, test_length=365, val_length=90
  Dataset info:
    - Frequency: D
    - Num series: 1
    - Target dim: 36
    - Target mode: univariate
    - Series length: min=2007, max=2007, avg=2007.0
    - Test split: 365 steps
    - Prediction length: 30
    - Windows: 12
TIME run allocation action=skip run=/fslarge/scratch/users/h61084/codes/evaluating_tsfms/outputs/instance_normalization/tasks/chronos_bolt/normalization/none/univariate/Supply_Chain_Customer/D/short/run_0 source_launch=selena_instance_normalization_20260920T193952Z_48346 launch_id=selena_instance_normalization_20260921T103653Z_18902 slurm_job_id=3510350 launched_at=2026-09-21T10:43:56.575952+00:00
  Reused completed task: /fslarge/scratch/users/h61084/codes/evaluating_tsfms/outputs/instance_normalization/tasks/chronos_bolt/normalization/none/univariate/Supply_Chain_Customer/D/short/run_0

============================================================
All experiments completed!
Results saved to: /scratch/users/h61084/codes/evaluating_tsfms/outputs/instance_normalization/tasks
============================================================

############################################################
# All datasets completed!
############################################################

############################################################
# Dataset 1/1: Supply_Chain_Location/D
############################################################
Loading configuration...

============================================================
Dataset: Supply_Chain_Location/D
Model: amazon/chronos-bolt-base
Terms: ['short']
Instance normalization: none
============================================================
Loading Chronos-Bolt model: amazon/chronos-bolt-base from /fslarge/scratch/users/h61084/weights/chronos-bolt-base...
[2026-09-21 10:44:05 UTC] resources model_device {"device": "cuda", "model": "chronos_bolt"}

--- Term: short ---
  Config: prediction_length=30, test_length=365, val_length=90
  Dataset info:
    - Frequency: D
    - Num series: 1
    - Target dim: 51
    - Target mode: univariate
    - Series length: min=2007, max=2007, avg=2007.0
    - Test split: 365 steps
    - Prediction length: 30
    - Windows: 12
TIME run allocation action=skip run=/fslarge/scratch/users/h61084/codes/evaluating_tsfms/outputs/instance_normalization/tasks/chronos_bolt/normalization/none/univariate/Supply_Chain_Location/D/short/run_0 source_launch=selena_instance_normalization_20260920T193952Z_48346 launch_id=selena_instance_normalization_20260921T103653Z_18902 slurm_job_id=3510350 launched_at=2026-09-21T10:44:06.394842+00:00
  Reused completed task: /fslarge/scratch/users/h61084/codes/evaluating_tsfms/outputs/instance_normalization/tasks/chronos_bolt/normalization/none/univariate/Supply_Chain_Location/D/short/run_0

============================================================
All experiments completed!
Results saved to: /scratch/users/h61084/codes/evaluating_tsfms/outputs/instance_normalization/tasks
============================================================

############################################################
# All datasets completed!
############################################################

############################################################
# Dataset 1/1: azure2019_D/5T
############################################################
Loading configuration...

============================================================
Dataset: azure2019_D/5T
Model: amazon/chronos-bolt-base
Terms: ['short']
Instance normalization: none
============================================================
Loading Chronos-Bolt model: amazon/chronos-bolt-base from /fslarge/scratch/users/h61084/weights/chronos-bolt-base...
[2026-09-21 10:44:15 UTC] resources model_device {"device": "cuda", "model": "chronos_bolt"}

--- Term: short ---
  Config: prediction_length=288, test_length=864, val_length=864
  Dataset info:
    - Frequency: 5T
    - Num series: 989
    - Target dim: 3
    - Target mode: univariate
    - Series length: min=8073, max=8639, avg=8627.0
    - Test split: 864 steps
    - Prediction length: 288
    - Windows: 3
TIME run allocation action=skip run=/fslarge/scratch/users/h61084/codes/evaluating_tsfms/outputs/instance_normalization/tasks/chronos_bolt/normalization/none/univariate/azure2019_D/5T/short/run_0 source_launch=selena_instance_normalization_20260920T193952Z_48346 launch_id=selena_instance_normalization_20260921T103653Z_18902 slurm_job_id=3510350 launched_at=2026-09-21T10:44:16.110582+00:00
  Reused completed task: /fslarge/scratch/users/h61084/codes/evaluating_tsfms/outputs/instance_normalization/tasks/chronos_bolt/normalization/none/univariate/azure2019_D/5T/short/run_0

============================================================
All experiments completed!
Results saved to: /scratch/users/h61084/codes/evaluating_tsfms/outputs/instance_normalization/tasks
============================================================

############################################################
# All datasets completed!
############################################################

############################################################
# Dataset 1/1: azure2019_I/5T
############################################################
Loading configuration...

============================================================
Dataset: azure2019_I/5T
Model: amazon/chronos-bolt-base
Terms: ['short']
Instance normalization: none
============================================================
Loading Chronos-Bolt model: amazon/chronos-bolt-base from /fslarge/scratch/users/h61084/weights/chronos-bolt-base...
[2026-09-21 10:44:24 UTC] resources model_device {"device": "cuda", "model": "chronos_bolt"}

--- Term: short ---
  Config: prediction_length=288, test_length=864, val_length=864
  Dataset info:
    - Frequency: 5T
    - Num series: 492
    - Target dim: 3
    - Target mode: univariate
    - Series length: min=8250, max=8639, avg=8630.4
    - Test split: 864 steps
    - Prediction length: 288
    - Windows: 3
TIME run allocation action=skip run=/fslarge/scratch/users/h61084/codes/evaluating_tsfms/outputs/instance_normalization/tasks/chronos_bolt/normalization/none/univariate/azure2019_I/5T/short/run_0 source_launch=selena_instance_normalization_20260920T193952Z_48346 launch_id=selena_instance_normalization_20260921T103653Z_18902 slurm_job_id=3510350 launched_at=2026-09-21T10:44:25.346465+00:00
  Reused completed task: /fslarge/scratch/users/h61084/codes/evaluating_tsfms/outputs/instance_normalization/tasks/chronos_bolt/normalization/none/univariate/azure2019_I/5T/short/run_0

============================================================
All experiments completed!
Results saved to: /scratch/users/h61084/codes/evaluating_tsfms/outputs/instance_normalization/tasks
============================================================

############################################################
# All datasets completed!
############################################################

############################################################
# Dataset 1/1: azure2019_U/5T
############################################################
Loading configuration...

============================================================
Dataset: azure2019_U/5T
Model: amazon/chronos-bolt-base
Terms: ['short']
Instance normalization: none
============================================================
Loading Chronos-Bolt model: amazon/chronos-bolt-base from /fslarge/scratch/users/h61084/weights/chronos-bolt-base...
[2026-09-21 10:44:33 UTC] resources model_device {"device": "cuda", "model": "chronos_bolt"}

--- Term: short ---
  Config: prediction_length=48, test_length=288, val_length=96
  Dataset info:
    - Frequency: 5T
    - Num series: 78
    - Target dim: 3
    - Target mode: univariate
    - Series length: min=882, max=2006, avg=1406.1
    - Test split: 288 steps
    - Prediction length: 48
    - Windows: 6
TIME run allocation action=skip run=/fslarge/scratch/users/h61084/codes/evaluating_tsfms/outputs/instance_normalization/tasks/chronos_bolt/normalization/none/univariate/azure2019_U/5T/short/run_0 source_launch=selena_instance_normalization_20260920T193952Z_48346 launch_id=selena_instance_normalization_20260921T103653Z_18902 slurm_job_id=3510350 launched_at=2026-09-21T10:44:34.497082+00:00
  Reused completed task: /fslarge/scratch/users/h61084/codes/evaluating_tsfms/outputs/instance_normalization/tasks/chronos_bolt/normalization/none/univariate/azure2019_U/5T/short/run_0

============================================================
All experiments completed!
Results saved to: /scratch/users/h61084/codes/evaluating_tsfms/outputs/instance_normalization/tasks
============================================================

############################################################
# All datasets completed!
############################################################

############################################################
# Dataset 1/1: Smart_Manufacturing/H
############################################################
Loading configuration...

============================================================
Dataset: Smart_Manufacturing/H
Model: amazon/chronos-bolt-base
Terms: ['short', 'medium', 'long']
Instance normalization: none
============================================================
Loading Chronos-Bolt model: amazon/chronos-bolt-base from /fslarge/scratch/users/h61084/weights/chronos-bolt-base...
[2026-09-21 10:44:42 UTC] resources model_device {"device": "cuda", "model": "chronos_bolt"}

--- Term: short ---
  Config: prediction_length=24, test_length=336, val_length=336
  Dataset info:
    - Frequency: H
    - Num series: 34
    - Target dim: 5
    - Target mode: univariate
    - Series length: min=1661, max=1667, avg=1665.9
    - Test split: 336 steps
    - Prediction length: 24
    - Windows: 14
TIME run allocation action=skip run=/fslarge/scratch/users/h61084/codes/evaluating_tsfms/outputs/instance_normalization/tasks/chronos_bolt/normalization/none/univariate/Smart_Manufacturing/H/short/run_0 source_launch=selena_instance_normalization_20260920T193952Z_48346 launch_id=selena_instance_normalization_20260921T103653Z_18902 slurm_job_id=3510350 launched_at=2026-09-21T10:44:43.625170+00:00
  Reused completed task: /fslarge/scratch/users/h61084/codes/evaluating_tsfms/outputs/instance_normalization/tasks/chronos_bolt/normalization/none/univariate/Smart_Manufacturing/H/short/run_0

--- Term: medium ---
  Config: prediction_length=168, test_length=336, val_length=336
  Dataset info:
    - Frequency: H
    - Num series: 34
    - Target dim: 5
    - Target mode: univariate
    - Series length: min=1661, max=1667, avg=1665.9
    - Test split: 336 steps
    - Prediction length: 168
    - Windows: 2
TIME run allocation action=skip run=/fslarge/scratch/users/h61084/codes/evaluating_tsfms/outputs/instance_normalization/tasks/chronos_bolt/normalization/none/univariate/Smart_Manufacturing/H/medium/run_0 source_launch=selena_instance_normalization_20260920T193952Z_48346 launch_id=selena_instance_normalization_20260921T103653Z_18902 slurm_job_id=3510350 launched_at=2026-09-21T10:44:43.641100+00:00
  Reused completed task: /fslarge/scratch/users/h61084/codes/evaluating_tsfms/outputs/instance_normalization/tasks/chronos_bolt/normalization/none/univariate/Smart_Manufacturing/H/medium/run_0

--- Term: long ---
  Config: prediction_length=336, test_length=336, val_length=336
  Dataset info:
    - Frequency: H
    - Num series: 34
    - Target dim: 5
    - Target mode: univariate
    - Series length: min=1661, max=1667, avg=1665.9
    - Test split: 336 steps
    - Prediction length: 336
    - Windows: 1
TIME run allocation action=skip run=/fslarge/scratch/users/h61084/codes/evaluating_tsfms/outputs/instance_normalization/tasks/chronos_bolt/normalization/none/univariate/Smart_Manufacturing/H/long/run_0 source_launch=selena_instance_normalization_20260920T193952Z_48346 launch_id=selena_instance_normalization_20260921T103653Z_18902 slurm_job_id=3510350 launched_at=2026-09-21T10:44:43.656124+00:00
  Reused completed task: /fslarge/scratch/users/h61084/codes/evaluating_tsfms/outputs/instance_normalization/tasks/chronos_bolt/normalization/none/univariate/Smart_Manufacturing/H/long/run_0

============================================================
All experiments completed!
Results saved to: /scratch/users/h61084/codes/evaluating_tsfms/outputs/instance_normalization/tasks
============================================================

############################################################
# All datasets completed!
############################################################

############################################################
# Dataset 1/1: MetroPT-3/5T
############################################################
Loading configuration...

============================================================
Dataset: MetroPT-3/5T
Model: amazon/chronos-bolt-base
Terms: ['short', 'medium', 'long']
Instance normalization: none
============================================================
Loading Chronos-Bolt model: amazon/chronos-bolt-base from /fslarge/scratch/users/h61084/weights/chronos-bolt-base...
[2026-09-21 10:44:52 UTC] resources model_device {"device": "cuda", "model": "chronos_bolt"}

--- Term: short ---
  Config: prediction_length=48, test_length=1728, val_length=1728
  Dataset info:
    - Frequency: 5T
    - Num series: 1
    - Target dim: 6
    - Target mode: univariate
    - Series length: min=17809, max=17809, avg=17809.0
    - Test split: 1728 steps
    - Prediction length: 48
    - Windows: 36
TIME run allocation action=skip run=/fslarge/scratch/users/h61084/codes/evaluating_tsfms/outputs/instance_normalization/tasks/chronos_bolt/normalization/none/univariate/MetroPT-3/5T/short/run_0 source_launch=selena_instance_normalization_20260920T193952Z_48346 launch_id=selena_instance_normalization_20260921T103653Z_18902 slurm_job_id=3510350 launched_at=2026-09-21T10:44:52.824012+00:00
  Reused completed task: /fslarge/scratch/users/h61084/codes/evaluating_tsfms/outputs/instance_normalization/tasks/chronos_bolt/normalization/none/univariate/MetroPT-3/5T/short/run_0

--- Term: medium ---
  Config: prediction_length=288, test_length=1728, val_length=1728
  Dataset info:
    - Frequency: 5T
    - Num series: 1
    - Target dim: 6
    - Target mode: univariate
    - Series length: min=17809, max=17809, avg=17809.0
    - Test split: 1728 steps
    - Prediction length: 288
    - Windows: 6
TIME run allocation action=skip run=/fslarge/scratch/users/h61084/codes/evaluating_tsfms/outputs/instance_normalization/tasks/chronos_bolt/normalization/none/univariate/MetroPT-3/5T/medium/run_0 source_launch=selena_instance_normalization_20260920T193952Z_48346 launch_id=selena_instance_normalization_20260921T103653Z_18902 slurm_job_id=3510350 launched_at=2026-09-21T10:44:52.857644+00:00
  Reused completed task: /fslarge/scratch/users/h61084/codes/evaluating_tsfms/outputs/instance_normalization/tasks/chronos_bolt/normalization/none/univariate/MetroPT-3/5T/medium/run_0

--- Term: long ---
  Config: prediction_length=576, test_length=1728, val_length=1728
  Dataset info:
    - Frequency: 5T
    - Num series: 1
    - Target dim: 6
    - Target mode: univariate
    - Series length: min=17809, max=17809, avg=17809.0
    - Test split: 1728 steps
    - Prediction length: 576
    - Windows: 3
TIME run allocation action=skip run=/fslarge/scratch/users/h61084/codes/evaluating_tsfms/outputs/instance_normalization/tasks/chronos_bolt/normalization/none/univariate/MetroPT-3/5T/long/run_0 source_launch=selena_instance_normalization_20260920T193952Z_48346 launch_id=selena_instance_normalization_20260921T103653Z_18902 slurm_job_id=3510350 launched_at=2026-09-21T10:44:52.889784+00:00
  Reused completed task: /fslarge/scratch/users/h61084/codes/evaluating_tsfms/outputs/instance_normalization/tasks/chronos_bolt/normalization/none/univariate/MetroPT-3/5T/long/run_0

============================================================
All experiments completed!
Results saved to: /scratch/users/h61084/codes/evaluating_tsfms/outputs/instance_normalization/tasks
============================================================

############################################################
# All datasets completed!
############################################################
2026-09-21 12:44:53 | task model=chronos_bolt runner=run_chronos_bolt.sh environment=uv covariate_mode=none target_mode=auto context_length=model_default instance_normalization=none completed status=success
2026-09-21 12:44:53 | stage evaluate completed status=success
2026-09-21 12:44:53 | workflow instance_normalization completed status=success exit_code=0
