[2026-09-20 19:53:47 UTC] resources allocation {"ADAPTIME_DEVICE": "unset", "CUDA_VISIBLE_DEVICES": "0", "SLURM_CPUS_PER_TASK": "8", "SLURM_JOB_GPUS": "0,1,2,3", "SLURM_JOB_ID": "3506740", "SLURM_MEM_PER_CPU": "unset", "SLURM_MEM_PER_NODE": "80000", "SLURM_STEP_GPUS": "0", "SLURM_STEP_ID": "0", "cpu_count": 8, "host": "sean0009"}
[2026-09-20 19:53:47 UTC] resources RAM {"MemAvailable_MiB": 372594.2421875, "MemTotal_MiB": 386622.890625}
[2026-09-20 19:53:47 UTC] resources nvidia_inventory {"columns": "index,uuid,name,driver,total_MiB,free_MiB,used_MiB", "devices": ["0, GPU-a2aeec5f-ef91-feef-20d9-6f73d541bc6b, NVIDIA H100 NVL, 560.35.05, 95830, 95350, 1"]}
[2026-09-20 19:53:48 UTC] resources torch {"cuda_available": true, "note": "visibility probe; CPU-only stages need not use an allocated GPU", "version": "2.9.1+cu128", "visible_gpu_count": 1}
[2026-09-20 19:53:48 UTC] resources cuda_device {"capability": "9.0", "free_MiB": 94825.125, "logical_index": 0, "name": "NVIDIA H100 NVL", "total_MiB": 95350.1875}
2026-09-20 21:53:49 | workflow context_size started launch_id=selena_context_size_20260920T193931Z_45055 task=chronos2 slurm_job_id=3506740 slurm_array_job_id=none slurm_array_task_id=none
2026-09-20 21:53:49 | stage evaluate started
2026-09-20 21:53:49 | task model=chronos2 runner=run_chronos2.sh environment=uv covariate_mode=none target_mode=auto context_length=2048 instance_normalization=none started
[2026-09-20 21:53:49] TIME runner: run_chronos2.sh
[2026-09-20 21:53:49] datasets: /scratch/users/h61084/datasets/hf_dataset
[2026-09-20 21:53:49] weights: /scratch/users/h61084/weights
[2026-09-20 21:53:49] outputs: /scratch/users/h61084/codes/evaluating_tsfms/outputs
[2026-09-20 21:53:49] covariate mode: none
[2026-09-20 21:53:49] target mode: auto
[2026-09-20 21:53:49] context length: 2048
[2026-09-20 21:53:49] instance normalization: none

############################################################
# Dataset 1/1: Water_Quality_Darwin/15T
############################################################
[2026-09-20 19:53:57 UTC] resources model_device {"device": "cuda", "model": "chronos2"}
Loading configuration...

============================================================
Dataset: Water_Quality_Darwin/15T
Model: amazon/chronos-2
Checkpoint: /fslarge/scratch/users/h61084/weights/chronos2
Terms: ['short', 'medium', 'long']
Covariate mode: none
Instance normalization: none
============================================================

--- Term: short ---
  Config: prediction_length=16, test_length=1440, val_length=1440
TIME run allocation action=new run=/fslarge/scratch/users/h61084/codes/evaluating_tsfms/outputs/context_size/tasks/chronos2/context_length/2048/multivariate/Water_Quality_Darwin/15T/short/run_0 launch_id=selena_context_size_20260920T193931Z_45055 slurm_job_id=3506740 launched_at=2026-09-20T19:53:57.264410+00:00
  Initializing Chronos pipeline (/fslarge/scratch/users/h61084/weights/chronos2)...
  Dataset info:
    - Frequency: 15T
    - Num series: 7
    - Target dim: 6
    - Target mode: multivariate
    - Covariate channels: 0
    - Series length: min=8662, max=18985, avg=15229.4
    - Test split: 1440 steps
    - Prediction length: 16
    - Windows: 90
    Processed 160/630...
    Processed 320/630...
    Processed 480/630...
    Processed 630/630...
    Total instances: 630, Series during experiment: 7, Windows: 90
    Collecting ground truth and context...
    Organizing data into arrays...
    Saved predictions (quantiles) to /fslarge/scratch/users/h61084/codes/evaluating_tsfms/outputs/context_size/tasks/chronos2/context_length/2048/multivariate/Water_Quality_Darwin/15T/short/run_0/predictions.npz
    Computing per-window metrics...
    Saved metrics to /fslarge/scratch/users/h61084/codes/evaluating_tsfms/outputs/context_size/tasks/chronos2/context_length/2048/multivariate/Water_Quality_Darwin/15T/short/run_0/metrics.npz
    Saved config to /fslarge/scratch/users/h61084/codes/evaluating_tsfms/outputs/context_size/tasks/chronos2/context_length/2048/multivariate/Water_Quality_Darwin/15T/short/run_0/config.json
    Saved aggregate metrics to /fslarge/scratch/users/h61084/codes/evaluating_tsfms/outputs/context_size/tasks/chronos2/context_length/2048/multivariate/Water_Quality_Darwin/15T/short/run_0/metrics_summary.json
    Metrics summary (averaged over all series/windows/variates):
      MSE: 2.0949
      MAE: 0.4171
      RMSE: 0.4992
      MAPE: 0.0530
      sMAPE: 0.0499
      MASE: 0.5742
      ND: 0.0511
      CRPS: 0.0403
  Completed: 7 series × 90 windows
  Output: /fslarge/scratch/users/h61084/codes/evaluating_tsfms/outputs/context_size/tasks/chronos2/context_length/2048/multivariate/Water_Quality_Darwin/15T/short/run_0

--- Term: medium ---
  Config: prediction_length=96, test_length=1440, val_length=1440
TIME run allocation action=new run=/fslarge/scratch/users/h61084/codes/evaluating_tsfms/outputs/context_size/tasks/chronos2/context_length/2048/multivariate/Water_Quality_Darwin/15T/medium/run_0 launch_id=selena_context_size_20260920T193931Z_45055 slurm_job_id=3506740 launched_at=2026-09-20T19:54:03.866239+00:00
  Initializing Chronos pipeline (/fslarge/scratch/users/h61084/weights/chronos2)...
  Dataset info:
    - Frequency: 15T
    - Num series: 7
    - Target dim: 6
    - Target mode: multivariate
    - Covariate channels: 0
    - Series length: min=8662, max=18985, avg=15229.4
    - Test split: 1440 steps
    - Prediction length: 96
    - Windows: 15
    Total instances: 105, Series during experiment: 7, Windows: 15
    Collecting ground truth and context...
    Organizing data into arrays...
    Saved predictions (quantiles) to /fslarge/scratch/users/h61084/codes/evaluating_tsfms/outputs/context_size/tasks/chronos2/context_length/2048/multivariate/Water_Quality_Darwin/15T/medium/run_0/predictions.npz
    Computing per-window metrics...
    Saved metrics to /fslarge/scratch/users/h61084/codes/evaluating_tsfms/outputs/context_size/tasks/chronos2/context_length/2048/multivariate/Water_Quality_Darwin/15T/medium/run_0/metrics.npz
    Saved config to /fslarge/scratch/users/h61084/codes/evaluating_tsfms/outputs/context_size/tasks/chronos2/context_length/2048/multivariate/Water_Quality_Darwin/15T/medium/run_0/config.json
    Saved aggregate metrics to /fslarge/scratch/users/h61084/codes/evaluating_tsfms/outputs/context_size/tasks/chronos2/context_length/2048/multivariate/Water_Quality_Darwin/15T/medium/run_0/metrics_summary.json
    Metrics summary (averaged over all series/windows/variates):
      MSE: 3.1711
      MAE: 0.5565
      RMSE: 0.7182
      MAPE: 0.0707
      sMAPE: 0.0645
      MASE: 0.8285
      ND: 0.0649
      CRPS: 0.0517
  Completed: 7 series × 15 windows
  Output: /fslarge/scratch/users/h61084/codes/evaluating_tsfms/outputs/context_size/tasks/chronos2/context_length/2048/multivariate/Water_Quality_Darwin/15T/medium/run_0

--- Term: long ---
  Config: prediction_length=288, test_length=1440, val_length=1440
TIME run allocation action=new run=/fslarge/scratch/users/h61084/codes/evaluating_tsfms/outputs/context_size/tasks/chronos2/context_length/2048/multivariate/Water_Quality_Darwin/15T/long/run_0 launch_id=selena_context_size_20260920T193931Z_45055 slurm_job_id=3506740 launched_at=2026-09-20T19:54:05.092536+00:00
  Initializing Chronos pipeline (/fslarge/scratch/users/h61084/weights/chronos2)...
  Dataset info:
    - Frequency: 15T
    - Num series: 7
    - Target dim: 6
    - Target mode: multivariate
    - Covariate channels: 0
    - Series length: min=8662, max=18985, avg=15229.4
    - Test split: 1440 steps
    - Prediction length: 288
    - Windows: 5
    Total instances: 35, Series during experiment: 7, Windows: 5
    Collecting ground truth and context...
    Organizing data into arrays...
    Saved predictions (quantiles) to /fslarge/scratch/users/h61084/codes/evaluating_tsfms/outputs/context_size/tasks/chronos2/context_length/2048/multivariate/Water_Quality_Darwin/15T/long/run_0/predictions.npz
    Computing per-window metrics...
    Saved metrics to /fslarge/scratch/users/h61084/codes/evaluating_tsfms/outputs/context_size/tasks/chronos2/context_length/2048/multivariate/Water_Quality_Darwin/15T/long/run_0/metrics.npz
    Saved config to /fslarge/scratch/users/h61084/codes/evaluating_tsfms/outputs/context_size/tasks/chronos2/context_length/2048/multivariate/Water_Quality_Darwin/15T/long/run_0/config.json
    Saved aggregate metrics to /fslarge/scratch/users/h61084/codes/evaluating_tsfms/outputs/context_size/tasks/chronos2/context_length/2048/multivariate/Water_Quality_Darwin/15T/long/run_0/metrics_summary.json
    Metrics summary (averaged over all series/windows/variates):
      MSE: 7.7456
      MAE: 0.8763
      RMSE: 1.1213
      MAPE: 0.1045
      sMAPE: 0.0909
      MASE: 1.3025
      ND: 0.0904
      CRPS: 0.0733
  Completed: 7 series × 5 windows
  Output: /fslarge/scratch/users/h61084/codes/evaluating_tsfms/outputs/context_size/tasks/chronos2/context_length/2048/multivariate/Water_Quality_Darwin/15T/long/run_0

============================================================
All experiments completed!
Results saved to: /scratch/users/h61084/codes/evaluating_tsfms/outputs/context_size/tasks
============================================================

############################################################
# All 1 dataset(s) completed!
############################################################

############################################################
# Dataset 1/1: current_velocity/5T
############################################################
[2026-09-20 19:54:14 UTC] resources model_device {"device": "cuda", "model": "chronos2"}
Loading configuration...

============================================================
Dataset: current_velocity/5T
Model: amazon/chronos-2
Checkpoint: /fslarge/scratch/users/h61084/weights/chronos2
Terms: ['short', 'medium', 'long']
Covariate mode: none
Instance normalization: none
============================================================

--- Term: short ---
  Config: prediction_length=36, test_length=4320, val_length=4320
TIME run allocation action=new run=/fslarge/scratch/users/h61084/codes/evaluating_tsfms/outputs/context_size/tasks/chronos2/context_length/2048/multivariate/current_velocity/5T/short/run_0 launch_id=selena_context_size_20260920T193931Z_45055 slurm_job_id=3506740 launched_at=2026-09-20T19:54:14.209384+00:00
  Initializing Chronos pipeline (/fslarge/scratch/users/h61084/weights/chronos2)...
  Dataset info:
    - Frequency: 5T
    - Num series: 1
    - Target dim: 6
    - Target mode: multivariate
    - Covariate channels: 0
    - Series length: min=26486, max=26486, avg=26486.0
    - Test split: 4320 steps
    - Prediction length: 36
    - Windows: 120
    Total instances: 120, Series during experiment: 1, Windows: 120
    Collecting ground truth and context...
    Organizing data into arrays...
    Saved predictions (quantiles) to /fslarge/scratch/users/h61084/codes/evaluating_tsfms/outputs/context_size/tasks/chronos2/context_length/2048/multivariate/current_velocity/5T/short/run_0/predictions.npz
    Computing per-window metrics...
    Saved metrics to /fslarge/scratch/users/h61084/codes/evaluating_tsfms/outputs/context_size/tasks/chronos2/context_length/2048/multivariate/current_velocity/5T/short/run_0/metrics.npz
    Saved config to /fslarge/scratch/users/h61084/codes/evaluating_tsfms/outputs/context_size/tasks/chronos2/context_length/2048/multivariate/current_velocity/5T/short/run_0/config.json
    Saved aggregate metrics to /fslarge/scratch/users/h61084/codes/evaluating_tsfms/outputs/context_size/tasks/chronos2/context_length/2048/multivariate/current_velocity/5T/short/run_0/metrics_summary.json
    Metrics summary (averaged over all series/windows/variates):
      MSE: 3.0612
      MAE: 0.5548
      RMSE: 0.6634
      MAPE: 0.4417
      sMAPE: 0.3406
      MASE: 0.3716
      ND: 0.2957
      CRPS: 0.2324
  Completed: 1 series × 120 windows
  Output: /fslarge/scratch/users/h61084/codes/evaluating_tsfms/outputs/context_size/tasks/chronos2/context_length/2048/multivariate/current_velocity/5T/short/run_0

--- Term: medium ---
  Config: prediction_length=288, test_length=4320, val_length=4320
TIME run allocation action=new run=/fslarge/scratch/users/h61084/codes/evaluating_tsfms/outputs/context_size/tasks/chronos2/context_length/2048/multivariate/current_velocity/5T/medium/run_0 launch_id=selena_context_size_20260920T193931Z_45055 slurm_job_id=3506740 launched_at=2026-09-20T19:54:15.992556+00:00
  Initializing Chronos pipeline (/fslarge/scratch/users/h61084/weights/chronos2)...
  Dataset info:
    - Frequency: 5T
    - Num series: 1
    - Target dim: 6
    - Target mode: multivariate
    - Covariate channels: 0
    - Series length: min=26486, max=26486, avg=26486.0
    - Test split: 4320 steps
    - Prediction length: 288
    - Windows: 15
    Total instances: 15, Series during experiment: 1, Windows: 15
    Collecting ground truth and context...
    Organizing data into arrays...
    Saved predictions (quantiles) to /fslarge/scratch/users/h61084/codes/evaluating_tsfms/outputs/context_size/tasks/chronos2/context_length/2048/multivariate/current_velocity/5T/medium/run_0/predictions.npz
    Computing per-window metrics...
    Saved metrics to /fslarge/scratch/users/h61084/codes/evaluating_tsfms/outputs/context_size/tasks/chronos2/context_length/2048/multivariate/current_velocity/5T/medium/run_0/metrics.npz
    Saved config to /fslarge/scratch/users/h61084/codes/evaluating_tsfms/outputs/context_size/tasks/chronos2/context_length/2048/multivariate/current_velocity/5T/medium/run_0/config.json
    Saved aggregate metrics to /fslarge/scratch/users/h61084/codes/evaluating_tsfms/outputs/context_size/tasks/chronos2/context_length/2048/multivariate/current_velocity/5T/medium/run_0/metrics_summary.json
    Metrics summary (averaged over all series/windows/variates):
      MSE: 5.8286
      MAE: 0.8281
      RMSE: 1.0217
      MAPE: 0.6801
      sMAPE: 0.3945
      MASE: 0.5833
      ND: 0.3537
      CRPS: 0.2798
  Completed: 1 series × 15 windows
  Output: /fslarge/scratch/users/h61084/codes/evaluating_tsfms/outputs/context_size/tasks/chronos2/context_length/2048/multivariate/current_velocity/5T/medium/run_0

--- Term: long ---
  Config: prediction_length=864, test_length=4320, val_length=4320
TIME run allocation action=new run=/fslarge/scratch/users/h61084/codes/evaluating_tsfms/outputs/context_size/tasks/chronos2/context_length/2048/multivariate/current_velocity/5T/long/run_0 launch_id=selena_context_size_20260920T193931Z_45055 slurm_job_id=3506740 launched_at=2026-09-20T19:54:16.419535+00:00
  Initializing Chronos pipeline (/fslarge/scratch/users/h61084/weights/chronos2)...
  Dataset info:
    - Frequency: 5T
    - Num series: 1
    - Target dim: 6
    - Target mode: multivariate
    - Covariate channels: 0
    - Series length: min=26486, max=26486, avg=26486.0
    - Test split: 4320 steps
    - Prediction length: 864
    - Windows: 5
    Total instances: 5, Series during experiment: 1, Windows: 5
    Collecting ground truth and context...
    Organizing data into arrays...
    Saved predictions (quantiles) to /fslarge/scratch/users/h61084/codes/evaluating_tsfms/outputs/context_size/tasks/chronos2/context_length/2048/multivariate/current_velocity/5T/long/run_0/predictions.npz
    Computing per-window metrics...
    Saved metrics to /fslarge/scratch/users/h61084/codes/evaluating_tsfms/outputs/context_size/tasks/chronos2/context_length/2048/multivariate/current_velocity/5T/long/run_0/metrics.npz
    Saved config to /fslarge/scratch/users/h61084/codes/evaluating_tsfms/outputs/context_size/tasks/chronos2/context_length/2048/multivariate/current_velocity/5T/long/run_0/config.json
    Saved aggregate metrics to /fslarge/scratch/users/h61084/codes/evaluating_tsfms/outputs/context_size/tasks/chronos2/context_length/2048/multivariate/current_velocity/5T/long/run_0/metrics_summary.json
    Metrics summary (averaged over all series/windows/variates):
      MSE: 5.7062
      MAE: 0.9042
      RMSE: 1.0846
      MAPE: 0.7131
      sMAPE: 0.4558
      MASE: 0.7697
      ND: 0.3903
      CRPS: 0.3174
  Completed: 1 series × 5 windows
  Output: /fslarge/scratch/users/h61084/codes/evaluating_tsfms/outputs/context_size/tasks/chronos2/context_length/2048/multivariate/current_velocity/5T/long/run_0

============================================================
All experiments completed!
Results saved to: /scratch/users/h61084/codes/evaluating_tsfms/outputs/context_size/tasks
============================================================

############################################################
# All 1 dataset(s) completed!
############################################################

############################################################
# Dataset 1/1: current_velocity/10T
############################################################
[2026-09-20 19:54:25 UTC] resources model_device {"device": "cuda", "model": "chronos2"}
Loading configuration...

============================================================
Dataset: current_velocity/10T
Model: amazon/chronos-2
Checkpoint: /fslarge/scratch/users/h61084/weights/chronos2
Terms: ['short', 'medium', 'long']
Covariate mode: none
Instance normalization: none
============================================================

--- Term: short ---
  Config: prediction_length=18, test_length=2160, val_length=2160
TIME run allocation action=new run=/fslarge/scratch/users/h61084/codes/evaluating_tsfms/outputs/context_size/tasks/chronos2/context_length/2048/multivariate/current_velocity/10T/short/run_0 launch_id=selena_context_size_20260920T193931Z_45055 slurm_job_id=3506740 launched_at=2026-09-20T19:54:25.210520+00:00
  Initializing Chronos pipeline (/fslarge/scratch/users/h61084/weights/chronos2)...
  Dataset info:
    - Frequency: 10T
    - Num series: 10
    - Target dim: 6
    - Target mode: multivariate
    - Covariate channels: 0
    - Series length: min=7481, max=31957, avg=20668.5
    - Test split: 2160 steps
    - Prediction length: 18
    - Windows: 120
    Processed 160/1200...
    Processed 320/1200...
    Processed 480/1200...
    Processed 640/1200...
    Processed 800/1200...
    Processed 960/1200...
    Processed 1120/1200...
    Total instances: 1200, Series during experiment: 10, Windows: 120
    Collecting ground truth and context...
    Organizing data into arrays...
    Saved predictions (quantiles) to /fslarge/scratch/users/h61084/codes/evaluating_tsfms/outputs/context_size/tasks/chronos2/context_length/2048/multivariate/current_velocity/10T/short/run_0/predictions.npz
    Computing per-window metrics...
    Saved metrics to /fslarge/scratch/users/h61084/codes/evaluating_tsfms/outputs/context_size/tasks/chronos2/context_length/2048/multivariate/current_velocity/10T/short/run_0/metrics.npz
    Saved config to /fslarge/scratch/users/h61084/codes/evaluating_tsfms/outputs/context_size/tasks/chronos2/context_length/2048/multivariate/current_velocity/10T/short/run_0/config.json
    Saved aggregate metrics to /fslarge/scratch/users/h61084/codes/evaluating_tsfms/outputs/context_size/tasks/chronos2/context_length/2048/multivariate/current_velocity/10T/short/run_0/metrics_summary.json
    Metrics summary (averaged over all series/windows/variates):
      MSE: 6.8609
      MAE: 0.7139
      RMSE: 0.8988
      MAPE: 2877.4924
      sMAPE: 0.4279
      MASE: 0.5134
      ND: 0.3186
      CRPS: 0.2512
  Completed: 10 series × 120 windows
  Output: /fslarge/scratch/users/h61084/codes/evaluating_tsfms/outputs/context_size/tasks/chronos2/context_length/2048/multivariate/current_velocity/10T/short/run_0

--- Term: medium ---
  Config: prediction_length=144, test_length=2160, val_length=2160
TIME run allocation action=new run=/fslarge/scratch/users/h61084/codes/evaluating_tsfms/outputs/context_size/tasks/chronos2/context_length/2048/multivariate/current_velocity/10T/medium/run_0 launch_id=selena_context_size_20260920T193931Z_45055 slurm_job_id=3506740 launched_at=2026-09-20T19:54:36.572760+00:00
  Initializing Chronos pipeline (/fslarge/scratch/users/h61084/weights/chronos2)...
  Dataset info:
    - Frequency: 10T
    - Num series: 10
    - Target dim: 6
    - Target mode: multivariate
    - Covariate channels: 0
    - Series length: min=7481, max=31957, avg=20668.5
    - Test split: 2160 steps
    - Prediction length: 144
    - Windows: 15
    Processed 150/150...
    Total instances: 150, Series during experiment: 10, Windows: 15
    Collecting ground truth and context...
    Organizing data into arrays...
    Saved predictions (quantiles) to /fslarge/scratch/users/h61084/codes/evaluating_tsfms/outputs/context_size/tasks/chronos2/context_length/2048/multivariate/current_velocity/10T/medium/run_0/predictions.npz
    Computing per-window metrics...
    Saved metrics to /fslarge/scratch/users/h61084/codes/evaluating_tsfms/outputs/context_size/tasks/chronos2/context_length/2048/multivariate/current_velocity/10T/medium/run_0/metrics.npz
    Saved config to /fslarge/scratch/users/h61084/codes/evaluating_tsfms/outputs/context_size/tasks/chronos2/context_length/2048/multivariate/current_velocity/10T/medium/run_0/config.json
    Saved aggregate metrics to /fslarge/scratch/users/h61084/codes/evaluating_tsfms/outputs/context_size/tasks/chronos2/context_length/2048/multivariate/current_velocity/10T/medium/run_0/metrics_summary.json
    Metrics summary (averaged over all series/windows/variates):
      MSE: 9.6195
      MAE: 0.8889
      RMSE: 1.1864
      MAPE: 3712.6942
      sMAPE: 0.4753
      MASE: 0.6749
      ND: 0.3301
      CRPS: 0.2607
  Completed: 10 series × 15 windows
  Output: /fslarge/scratch/users/h61084/codes/evaluating_tsfms/outputs/context_size/tasks/chronos2/context_length/2048/multivariate/current_velocity/10T/medium/run_0

--- Term: long ---
  Config: prediction_length=432, test_length=2160, val_length=2160
TIME run allocation action=new run=/fslarge/scratch/users/h61084/codes/evaluating_tsfms/outputs/context_size/tasks/chronos2/context_length/2048/multivariate/current_velocity/10T/long/run_0 launch_id=selena_context_size_20260920T193931Z_45055 slurm_job_id=3506740 launched_at=2026-09-20T19:54:38.367498+00:00
  Initializing Chronos pipeline (/fslarge/scratch/users/h61084/weights/chronos2)...
  Dataset info:
    - Frequency: 10T
    - Num series: 10
    - Target dim: 6
    - Target mode: multivariate
    - Covariate channels: 0
    - Series length: min=7481, max=31957, avg=20668.5
    - Test split: 2160 steps
    - Prediction length: 432
    - Windows: 5
    Total instances: 50, Series during experiment: 10, Windows: 5
    Collecting ground truth and context...
    Organizing data into arrays...
    Saved predictions (quantiles) to /fslarge/scratch/users/h61084/codes/evaluating_tsfms/outputs/context_size/tasks/chronos2/context_length/2048/multivariate/current_velocity/10T/long/run_0/predictions.npz
    Computing per-window metrics...
    Saved metrics to /fslarge/scratch/users/h61084/codes/evaluating_tsfms/outputs/context_size/tasks/chronos2/context_length/2048/multivariate/current_velocity/10T/long/run_0/metrics.npz
    Saved config to /fslarge/scratch/users/h61084/codes/evaluating_tsfms/outputs/context_size/tasks/chronos2/context_length/2048/multivariate/current_velocity/10T/long/run_0/config.json
    Saved aggregate metrics to /fslarge/scratch/users/h61084/codes/evaluating_tsfms/outputs/context_size/tasks/chronos2/context_length/2048/multivariate/current_velocity/10T/long/run_0/metrics_summary.json
    Metrics summary (averaged over all series/windows/variates):
      MSE: 12.3437
      MAE: 1.0806
      RMSE: 1.4094
      MAPE: 3597.7623
      sMAPE: 0.5308
      MASE: 0.9645
      ND: 0.3772
      CRPS: 0.2981
  Completed: 10 series × 5 windows
  Output: /fslarge/scratch/users/h61084/codes/evaluating_tsfms/outputs/context_size/tasks/chronos2/context_length/2048/multivariate/current_velocity/10T/long/run_0

============================================================
All experiments completed!
Results saved to: /scratch/users/h61084/codes/evaluating_tsfms/outputs/context_size/tasks
============================================================

############################################################
# All 1 dataset(s) completed!
############################################################

############################################################
# Dataset 1/1: current_velocity/15T
############################################################
[2026-09-20 19:54:47 UTC] resources model_device {"device": "cuda", "model": "chronos2"}
Loading configuration...

============================================================
Dataset: current_velocity/15T
Model: amazon/chronos-2
Checkpoint: /fslarge/scratch/users/h61084/weights/chronos2
Terms: ['short', 'medium', 'long']
Covariate mode: none
Instance normalization: none
============================================================

--- Term: short ---
  Config: prediction_length=12, test_length=1440, val_length=1440
TIME run allocation action=new run=/fslarge/scratch/users/h61084/codes/evaluating_tsfms/outputs/context_size/tasks/chronos2/context_length/2048/multivariate/current_velocity/15T/short/run_0 launch_id=selena_context_size_20260920T193931Z_45055 slurm_job_id=3506740 launched_at=2026-09-20T19:54:47.741959+00:00
  Initializing Chronos pipeline (/fslarge/scratch/users/h61084/weights/chronos2)...
  Dataset info:
    - Frequency: 15T
    - Num series: 5
    - Target dim: 6
    - Target mode: multivariate
    - Covariate channels: 0
    - Series length: min=3710, max=17953, avg=8503.2
    - Test split: 1440 steps
    - Prediction length: 12
    - Windows: 120
    Processed 160/600...
    Processed 320/600...
    Processed 480/600...
    Total instances: 600, Series during experiment: 5, Windows: 120
    Collecting ground truth and context...
    Organizing data into arrays...
    Saved predictions (quantiles) to /fslarge/scratch/users/h61084/codes/evaluating_tsfms/outputs/context_size/tasks/chronos2/context_length/2048/multivariate/current_velocity/15T/short/run_0/predictions.npz
    Computing per-window metrics...
    Saved metrics to /fslarge/scratch/users/h61084/codes/evaluating_tsfms/outputs/context_size/tasks/chronos2/context_length/2048/multivariate/current_velocity/15T/short/run_0/metrics.npz
    Saved config to /fslarge/scratch/users/h61084/codes/evaluating_tsfms/outputs/context_size/tasks/chronos2/context_length/2048/multivariate/current_velocity/15T/short/run_0/config.json
    Saved aggregate metrics to /fslarge/scratch/users/h61084/codes/evaluating_tsfms/outputs/context_size/tasks/chronos2/context_length/2048/multivariate/current_velocity/15T/short/run_0/metrics_summary.json
    Metrics summary (averaged over all series/windows/variates):
      MSE: 6.1088
      MAE: 0.7457
      RMSE: 0.9067
      MAPE: 111436.9016
      sMAPE: 0.4600
      MASE: 0.5011
      ND: 0.3817
      CRPS: 0.2996
  Completed: 5 series × 120 windows
  Output: /fslarge/scratch/users/h61084/codes/evaluating_tsfms/outputs/context_size/tasks/chronos2/context_length/2048/multivariate/current_velocity/15T/short/run_0

--- Term: medium ---
  Config: prediction_length=96, test_length=1440, val_length=1440
TIME run allocation action=new run=/fslarge/scratch/users/h61084/codes/evaluating_tsfms/outputs/context_size/tasks/chronos2/context_length/2048/multivariate/current_velocity/15T/medium/run_0 launch_id=selena_context_size_20260920T193931Z_45055 slurm_job_id=3506740 launched_at=2026-09-20T19:54:53.544064+00:00
  Initializing Chronos pipeline (/fslarge/scratch/users/h61084/weights/chronos2)...
  Dataset info:
    - Frequency: 15T
    - Num series: 5
    - Target dim: 6
    - Target mode: multivariate
    - Covariate channels: 0
    - Series length: min=3710, max=17953, avg=8503.2
    - Test split: 1440 steps
    - Prediction length: 96
    - Windows: 15
    Total instances: 75, Series during experiment: 5, Windows: 15
    Collecting ground truth and context...
    Organizing data into arrays...
    Saved predictions (quantiles) to /fslarge/scratch/users/h61084/codes/evaluating_tsfms/outputs/context_size/tasks/chronos2/context_length/2048/multivariate/current_velocity/15T/medium/run_0/predictions.npz
    Computing per-window metrics...
    Saved metrics to /fslarge/scratch/users/h61084/codes/evaluating_tsfms/outputs/context_size/tasks/chronos2/context_length/2048/multivariate/current_velocity/15T/medium/run_0/metrics.npz
    Saved config to /fslarge/scratch/users/h61084/codes/evaluating_tsfms/outputs/context_size/tasks/chronos2/context_length/2048/multivariate/current_velocity/15T/medium/run_0/config.json
    Saved aggregate metrics to /fslarge/scratch/users/h61084/codes/evaluating_tsfms/outputs/context_size/tasks/chronos2/context_length/2048/multivariate/current_velocity/15T/medium/run_0/metrics_summary.json
    Metrics summary (averaged over all series/windows/variates):
      MSE: 9.3481
      MAE: 0.9726
      RMSE: 1.2237
      MAPE: 123214.7107
      sMAPE: 0.5653
      MASE: 0.7274
      ND: 0.4309
      CRPS: 0.3376
  Completed: 5 series × 15 windows
  Output: /fslarge/scratch/users/h61084/codes/evaluating_tsfms/outputs/context_size/tasks/chronos2/context_length/2048/multivariate/current_velocity/15T/medium/run_0

--- Term: long ---
  Config: prediction_length=288, test_length=1440, val_length=1440
TIME run allocation action=new run=/fslarge/scratch/users/h61084/codes/evaluating_tsfms/outputs/context_size/tasks/chronos2/context_length/2048/multivariate/current_velocity/15T/long/run_0 launch_id=selena_context_size_20260920T193931Z_45055 slurm_job_id=3506740 launched_at=2026-09-20T19:54:54.465288+00:00
  Initializing Chronos pipeline (/fslarge/scratch/users/h61084/weights/chronos2)...
  Dataset info:
    - Frequency: 15T
    - Num series: 5
    - Target dim: 6
    - Target mode: multivariate
    - Covariate channels: 0
    - Series length: min=3710, max=17953, avg=8503.2
    - Test split: 1440 steps
    - Prediction length: 288
    - Windows: 5
    Total instances: 25, Series during experiment: 5, Windows: 5
    Collecting ground truth and context...
    Organizing data into arrays...
    Saved predictions (quantiles) to /fslarge/scratch/users/h61084/codes/evaluating_tsfms/outputs/context_size/tasks/chronos2/context_length/2048/multivariate/current_velocity/15T/long/run_0/predictions.npz
    Computing per-window metrics...
    Saved metrics to /fslarge/scratch/users/h61084/codes/evaluating_tsfms/outputs/context_size/tasks/chronos2/context_length/2048/multivariate/current_velocity/15T/long/run_0/metrics.npz
    Saved config to /fslarge/scratch/users/h61084/codes/evaluating_tsfms/outputs/context_size/tasks/chronos2/context_length/2048/multivariate/current_velocity/15T/long/run_0/config.json
    Saved aggregate metrics to /fslarge/scratch/users/h61084/codes/evaluating_tsfms/outputs/context_size/tasks/chronos2/context_length/2048/multivariate/current_velocity/15T/long/run_0/metrics_summary.json
    Metrics summary (averaged over all series/windows/variates):
      MSE: 10.7638
      MAE: 1.0678
      RMSE: 1.3543
      MAPE: 104997.4085
      sMAPE: 0.5852
      MASE: 0.8471
      ND: 0.4576
      CRPS: 0.3600
  Completed: 5 series × 5 windows
  Output: /fslarge/scratch/users/h61084/codes/evaluating_tsfms/outputs/context_size/tasks/chronos2/context_length/2048/multivariate/current_velocity/15T/long/run_0

============================================================
All experiments completed!
Results saved to: /scratch/users/h61084/codes/evaluating_tsfms/outputs/context_size/tasks
============================================================

############################################################
# All 1 dataset(s) completed!
############################################################

############################################################
# Dataset 1/1: current_velocity/20T
############################################################
[2026-09-20 19:55:03 UTC] resources model_device {"device": "cuda", "model": "chronos2"}
Loading configuration...

============================================================
Dataset: current_velocity/20T
Model: amazon/chronos-2
Checkpoint: /fslarge/scratch/users/h61084/weights/chronos2
Terms: ['short', 'medium', 'long']
Covariate mode: none
Instance normalization: none
============================================================

--- Term: short ---
  Config: prediction_length=9, test_length=1080, val_length=1080
TIME run allocation action=new run=/fslarge/scratch/users/h61084/codes/evaluating_tsfms/outputs/context_size/tasks/chronos2/context_length/2048/multivariate/current_velocity/20T/short/run_0 launch_id=selena_context_size_20260920T193931Z_45055 slurm_job_id=3506740 launched_at=2026-09-20T19:55:03.434943+00:00
  Initializing Chronos pipeline (/fslarge/scratch/users/h61084/weights/chronos2)...
  Dataset info:
    - Frequency: 20T
    - Num series: 27
    - Target dim: 6
    - Target mode: multivariate
    - Covariate channels: 0
    - Series length: min=2529, max=16759, avg=6460.2
    - Test split: 1080 steps
    - Prediction length: 9
    - Windows: 120
    Processed 160/3240...
    Processed 320/3240...
    Processed 480/3240...
    Processed 640/3240...
    Processed 800/3240...
    Processed 960/3240...
    Processed 1120/3240...
    Processed 1280/3240...
    Processed 1440/3240...
    Processed 1600/3240...
    Processed 1760/3240...
    Processed 1920/3240...
    Processed 2080/3240...
    Processed 2240/3240...
    Processed 2400/3240...
    Processed 2560/3240...
    Processed 2720/3240...
    Processed 2880/3240...
    Processed 3040/3240...
    Processed 3200/3240...
    Total instances: 3240, Series during experiment: 27, Windows: 120
    Collecting ground truth and context...
    Organizing data into arrays...
    Saved predictions (quantiles) to /fslarge/scratch/users/h61084/codes/evaluating_tsfms/outputs/context_size/tasks/chronos2/context_length/2048/multivariate/current_velocity/20T/short/run_0/predictions.npz
    Computing per-window metrics...
    Saved metrics to /fslarge/scratch/users/h61084/codes/evaluating_tsfms/outputs/context_size/tasks/chronos2/context_length/2048/multivariate/current_velocity/20T/short/run_0/metrics.npz
    Saved config to /fslarge/scratch/users/h61084/codes/evaluating_tsfms/outputs/context_size/tasks/chronos2/context_length/2048/multivariate/current_velocity/20T/short/run_0/config.json
    Saved aggregate metrics to /fslarge/scratch/users/h61084/codes/evaluating_tsfms/outputs/context_size/tasks/chronos2/context_length/2048/multivariate/current_velocity/20T/short/run_0/metrics_summary.json
    Metrics summary (averaged over all series/windows/variates):
      MSE: 4.2352
      MAE: 0.6097
      RMSE: 0.7171
      MAPE: 0.8766
      sMAPE: 0.4114
      MASE: 0.4721
      ND: 0.3314
      CRPS: 0.2603
  Completed: 27 series × 120 windows
  Output: /fslarge/scratch/users/h61084/codes/evaluating_tsfms/outputs/context_size/tasks/chronos2/context_length/2048/multivariate/current_velocity/20T/short/run_0

--- Term: medium ---
  Config: prediction_length=72, test_length=1080, val_length=1080
TIME run allocation action=new run=/fslarge/scratch/users/h61084/codes/evaluating_tsfms/outputs/context_size/tasks/chronos2/context_length/2048/multivariate/current_velocity/20T/medium/run_0 launch_id=selena_context_size_20260920T193931Z_45055 slurm_job_id=3506740 launched_at=2026-09-20T19:55:31.455670+00:00
  Initializing Chronos pipeline (/fslarge/scratch/users/h61084/weights/chronos2)...
  Dataset info:
    - Frequency: 20T
    - Num series: 27
    - Target dim: 6
    - Target mode: multivariate
    - Covariate channels: 0
    - Series length: min=2529, max=16759, avg=6460.2
    - Test split: 1080 steps
    - Prediction length: 72
    - Windows: 15
    Processed 160/405...
    Processed 320/405...
    Total instances: 405, Series during experiment: 27, Windows: 15
    Collecting ground truth and context...
    Organizing data into arrays...
    Saved predictions (quantiles) to /fslarge/scratch/users/h61084/codes/evaluating_tsfms/outputs/context_size/tasks/chronos2/context_length/2048/multivariate/current_velocity/20T/medium/run_0/predictions.npz
    Computing per-window metrics...
    Saved metrics to /fslarge/scratch/users/h61084/codes/evaluating_tsfms/outputs/context_size/tasks/chronos2/context_length/2048/multivariate/current_velocity/20T/medium/run_0/metrics.npz
    Saved config to /fslarge/scratch/users/h61084/codes/evaluating_tsfms/outputs/context_size/tasks/chronos2/context_length/2048/multivariate/current_velocity/20T/medium/run_0/config.json
    Saved aggregate metrics to /fslarge/scratch/users/h61084/codes/evaluating_tsfms/outputs/context_size/tasks/chronos2/context_length/2048/multivariate/current_velocity/20T/medium/run_0/metrics_summary.json
    Metrics summary (averaged over all series/windows/variates):
      MSE: 7.8398
      MAE: 0.8845
      RMSE: 1.0887
      MAPE: 1.1215
      sMAPE: 0.5022
      MASE: 0.7314
      ND: 0.3783
      CRPS: 0.2989
  Completed: 27 series × 15 windows
  Output: /fslarge/scratch/users/h61084/codes/evaluating_tsfms/outputs/context_size/tasks/chronos2/context_length/2048/multivariate/current_velocity/20T/medium/run_0

--- Term: long ---
  Config: prediction_length=216, test_length=1080, val_length=1080
TIME run allocation action=new run=/fslarge/scratch/users/h61084/codes/evaluating_tsfms/outputs/context_size/tasks/chronos2/context_length/2048/multivariate/current_velocity/20T/long/run_0 launch_id=selena_context_size_20260920T193931Z_45055 slurm_job_id=3506740 launched_at=2026-09-20T19:55:35.380455+00:00
  Initializing Chronos pipeline (/fslarge/scratch/users/h61084/weights/chronos2)...
  Dataset info:
    - Frequency: 20T
    - Num series: 27
    - Target dim: 6
    - Target mode: multivariate
    - Covariate channels: 0
    - Series length: min=2529, max=16759, avg=6460.2
    - Test split: 1080 steps
    - Prediction length: 216
    - Windows: 5
    Total instances: 135, Series during experiment: 27, Windows: 5
    Collecting ground truth and context...
    Organizing data into arrays...
    Saved predictions (quantiles) to /fslarge/scratch/users/h61084/codes/evaluating_tsfms/outputs/context_size/tasks/chronos2/context_length/2048/multivariate/current_velocity/20T/long/run_0/predictions.npz
    Computing per-window metrics...
    Saved metrics to /fslarge/scratch/users/h61084/codes/evaluating_tsfms/outputs/context_size/tasks/chronos2/context_length/2048/multivariate/current_velocity/20T/long/run_0/metrics.npz
    Saved config to /fslarge/scratch/users/h61084/codes/evaluating_tsfms/outputs/context_size/tasks/chronos2/context_length/2048/multivariate/current_velocity/20T/long/run_0/config.json
    Saved aggregate metrics to /fslarge/scratch/users/h61084/codes/evaluating_tsfms/outputs/context_size/tasks/chronos2/context_length/2048/multivariate/current_velocity/20T/long/run_0/metrics_summary.json
    Metrics summary (averaged over all series/windows/variates):
      MSE: 9.8074
      MAE: 1.0328
      RMSE: 1.2919
      MAPE: 1.5500
      sMAPE: 0.5958
      MASE: 1.0449
      ND: 0.4613
      CRPS: 0.3627
  Completed: 27 series × 5 windows
  Output: /fslarge/scratch/users/h61084/codes/evaluating_tsfms/outputs/context_size/tasks/chronos2/context_length/2048/multivariate/current_velocity/20T/long/run_0

============================================================
All experiments completed!
Results saved to: /scratch/users/h61084/codes/evaluating_tsfms/outputs/context_size/tasks
============================================================

############################################################
# All 1 dataset(s) completed!
############################################################

############################################################
# Dataset 1/1: current_velocity/H
############################################################
[2026-09-20 19:55:45 UTC] resources model_device {"device": "cuda", "model": "chronos2"}
Loading configuration...

============================================================
Dataset: current_velocity/H
Model: amazon/chronos-2
Checkpoint: /fslarge/scratch/users/h61084/weights/chronos2
Terms: ['short', 'medium', 'long']
Covariate mode: none
Instance normalization: none
============================================================

--- Term: short ---
  Config: prediction_length=24, test_length=672, val_length=672
TIME run allocation action=new run=/fslarge/scratch/users/h61084/codes/evaluating_tsfms/outputs/context_size/tasks/chronos2/context_length/2048/multivariate/current_velocity/H/short/run_0 launch_id=selena_context_size_20260920T193931Z_45055 slurm_job_id=3506740 launched_at=2026-09-20T19:55:45.479028+00:00
  Initializing Chronos pipeline (/fslarge/scratch/users/h61084/weights/chronos2)...
  Dataset info:
    - Frequency: H
    - Num series: 21
    - Target dim: 6
    - Target mode: multivariate
    - Covariate channels: 0
    - Series length: min=2208, max=5587, avg=3502.3
    - Test split: 672 steps
    - Prediction length: 24
    - Windows: 28
    Processed 160/588...
    Processed 320/588...
    Processed 480/588...
    Total instances: 588, Series during experiment: 21, Windows: 28
    Collecting ground truth and context...
    Organizing data into arrays...
    Saved predictions (quantiles) to /fslarge/scratch/users/h61084/codes/evaluating_tsfms/outputs/context_size/tasks/chronos2/context_length/2048/multivariate/current_velocity/H/short/run_0/predictions.npz
    Computing per-window metrics...
    Saved metrics to /fslarge/scratch/users/h61084/codes/evaluating_tsfms/outputs/context_size/tasks/chronos2/context_length/2048/multivariate/current_velocity/H/short/run_0/metrics.npz
    Saved config to /fslarge/scratch/users/h61084/codes/evaluating_tsfms/outputs/context_size/tasks/chronos2/context_length/2048/multivariate/current_velocity/H/short/run_0/config.json
    Saved aggregate metrics to /fslarge/scratch/users/h61084/codes/evaluating_tsfms/outputs/context_size/tasks/chronos2/context_length/2048/multivariate/current_velocity/H/short/run_0/metrics_summary.json
    Metrics summary (averaged over all series/windows/variates):
      MSE: 6.3980
      MAE: 0.7902
      RMSE: 0.9826
      MAPE: 1991028390768.9600
      sMAPE: 0.4295
      MASE: 0.6881
      ND: 0.3269
      CRPS: 0.2570
  Completed: 21 series × 28 windows
  Output: /fslarge/scratch/users/h61084/codes/evaluating_tsfms/outputs/context_size/tasks/chronos2/context_length/2048/multivariate/current_velocity/H/short/run_0

--- Term: medium ---
  Config: prediction_length=168, test_length=672, val_length=672
TIME run allocation action=new run=/fslarge/scratch/users/h61084/codes/evaluating_tsfms/outputs/context_size/tasks/chronos2/context_length/2048/multivariate/current_velocity/H/medium/run_0 launch_id=selena_context_size_20260920T193931Z_45055 slurm_job_id=3506740 launched_at=2026-09-20T19:55:51.099371+00:00
  Initializing Chronos pipeline (/fslarge/scratch/users/h61084/weights/chronos2)...
  Dataset info:
    - Frequency: H
    - Num series: 21
    - Target dim: 6
    - Target mode: multivariate
    - Covariate channels: 0
    - Series length: min=2208, max=5587, avg=3502.3
    - Test split: 672 steps
    - Prediction length: 168
    - Windows: 4
    Total instances: 84, Series during experiment: 21, Windows: 4
    Collecting ground truth and context...
    Organizing data into arrays...
    Saved predictions (quantiles) to /fslarge/scratch/users/h61084/codes/evaluating_tsfms/outputs/context_size/tasks/chronos2/context_length/2048/multivariate/current_velocity/H/medium/run_0/predictions.npz
    Computing per-window metrics...
    Saved metrics to /fslarge/scratch/users/h61084/codes/evaluating_tsfms/outputs/context_size/tasks/chronos2/context_length/2048/multivariate/current_velocity/H/medium/run_0/metrics.npz
    Saved config to /fslarge/scratch/users/h61084/codes/evaluating_tsfms/outputs/context_size/tasks/chronos2/context_length/2048/multivariate/current_velocity/H/medium/run_0/config.json
    Saved aggregate metrics to /fslarge/scratch/users/h61084/codes/evaluating_tsfms/outputs/context_size/tasks/chronos2/context_length/2048/multivariate/current_velocity/H/medium/run_0/metrics_summary.json
    Metrics summary (averaged over all series/windows/variates):
      MSE: 11.2182
      MAE: 1.1230
      RMSE: 1.3959
      MAPE: 2679091420874.1631
      sMAPE: 0.5516
      MASE: 1.1506
      ND: 0.4030
      CRPS: 0.3164
  Completed: 21 series × 4 windows
  Output: /fslarge/scratch/users/h61084/codes/evaluating_tsfms/outputs/context_size/tasks/chronos2/context_length/2048/multivariate/current_velocity/H/medium/run_0

--- Term: long ---
  Config: prediction_length=336, test_length=672, val_length=672
TIME run allocation action=new run=/fslarge/scratch/users/h61084/codes/evaluating_tsfms/outputs/context_size/tasks/chronos2/context_length/2048/multivariate/current_velocity/H/long/run_0 launch_id=selena_context_size_20260920T193931Z_45055 slurm_job_id=3506740 launched_at=2026-09-20T19:55:52.133674+00:00
  Initializing Chronos pipeline (/fslarge/scratch/users/h61084/weights/chronos2)...
  Dataset info:
    - Frequency: H
    - Num series: 21
    - Target dim: 6
    - Target mode: multivariate
    - Covariate channels: 0
    - Series length: min=2208, max=5587, avg=3502.3
    - Test split: 672 steps
    - Prediction length: 336
    - Windows: 2
    Total instances: 42, Series during experiment: 21, Windows: 2
    Collecting ground truth and context...
    Organizing data into arrays...
    Saved predictions (quantiles) to /fslarge/scratch/users/h61084/codes/evaluating_tsfms/outputs/context_size/tasks/chronos2/context_length/2048/multivariate/current_velocity/H/long/run_0/predictions.npz
    Computing per-window metrics...
    Saved metrics to /fslarge/scratch/users/h61084/codes/evaluating_tsfms/outputs/context_size/tasks/chronos2/context_length/2048/multivariate/current_velocity/H/long/run_0/metrics.npz
    Saved config to /fslarge/scratch/users/h61084/codes/evaluating_tsfms/outputs/context_size/tasks/chronos2/context_length/2048/multivariate/current_velocity/H/long/run_0/config.json
    Saved aggregate metrics to /fslarge/scratch/users/h61084/codes/evaluating_tsfms/outputs/context_size/tasks/chronos2/context_length/2048/multivariate/current_velocity/H/long/run_0/metrics_summary.json
    Metrics summary (averaged over all series/windows/variates):
      MSE: 11.9631
      MAE: 1.1938
      RMSE: 1.5033
      MAPE: 1951868654127.6750
      sMAPE: 0.5933
      MASE: 1.3697
      ND: 0.4313
      CRPS: 0.3403
  Completed: 21 series × 2 windows
  Output: /fslarge/scratch/users/h61084/codes/evaluating_tsfms/outputs/context_size/tasks/chronos2/context_length/2048/multivariate/current_velocity/H/long/run_0

============================================================
All experiments completed!
Results saved to: /scratch/users/h61084/codes/evaluating_tsfms/outputs/context_size/tasks
============================================================

############################################################
# All 1 dataset(s) completed!
############################################################

############################################################
# Dataset 1/1: CPHL/15T
############################################################
[2026-09-20 19:56:01 UTC] resources model_device {"device": "cuda", "model": "chronos2"}
Loading configuration...

============================================================
Dataset: CPHL/15T
Model: amazon/chronos-2
Checkpoint: /fslarge/scratch/users/h61084/weights/chronos2
Terms: ['short', 'medium', 'long']
Covariate mode: none
Instance normalization: none
============================================================

--- Term: short ---
  Config: prediction_length=12, test_length=1440, val_length=1440
TIME run allocation action=new run=/fslarge/scratch/users/h61084/codes/evaluating_tsfms/outputs/context_size/tasks/chronos2/context_length/2048/univariate/CPHL/15T/short/run_0 launch_id=selena_context_size_20260920T193931Z_45055 slurm_job_id=3506740 launched_at=2026-09-20T19:56:01.221104+00:00
  Initializing Chronos pipeline (/fslarge/scratch/users/h61084/weights/chronos2)...
  Dataset info:
    - Frequency: 15T
    - Num series: 2
    - Target dim: 1
    - Target mode: univariate
    - Covariate channels: 0
    - Series length: min=9956, max=10831, avg=10393.5
    - Test split: 1440 steps
    - Prediction length: 12
    - Windows: 120
    Processed 160/240...
    Total instances: 240, Series during experiment: 2, Windows: 120
    Collecting ground truth and context...
    Organizing data into arrays...
    Saved predictions (quantiles) to /fslarge/scratch/users/h61084/codes/evaluating_tsfms/outputs/context_size/tasks/chronos2/context_length/2048/univariate/CPHL/15T/short/run_0/predictions.npz
    Computing per-window metrics...
    Saved metrics to /fslarge/scratch/users/h61084/codes/evaluating_tsfms/outputs/context_size/tasks/chronos2/context_length/2048/univariate/CPHL/15T/short/run_0/metrics.npz
    Saved config to /fslarge/scratch/users/h61084/codes/evaluating_tsfms/outputs/context_size/tasks/chronos2/context_length/2048/univariate/CPHL/15T/short/run_0/config.json
    Saved aggregate metrics to /fslarge/scratch/users/h61084/codes/evaluating_tsfms/outputs/context_size/tasks/chronos2/context_length/2048/univariate/CPHL/15T/short/run_0/metrics_summary.json
    Metrics summary (averaged over all series/windows/variates):
      MSE: 0.0628
      MAE: 0.1383
      RMSE: 0.1614
      MAPE: 0.1985
      sMAPE: 0.1795
      MASE: 0.6543
      ND: 0.1890
      CRPS: 0.1491
  Completed: 2 series × 120 windows
  Output: /fslarge/scratch/users/h61084/codes/evaluating_tsfms/outputs/context_size/tasks/chronos2/context_length/2048/univariate/CPHL/15T/short/run_0

--- Term: medium ---
  Config: prediction_length=96, test_length=1440, val_length=1440
TIME run allocation action=new run=/fslarge/scratch/users/h61084/codes/evaluating_tsfms/outputs/context_size/tasks/chronos2/context_length/2048/univariate/CPHL/15T/medium/run_0 launch_id=selena_context_size_20260920T193931Z_45055 slurm_job_id=3506740 launched_at=2026-09-20T19:56:02.363194+00:00
  Initializing Chronos pipeline (/fslarge/scratch/users/h61084/weights/chronos2)...
  Dataset info:
    - Frequency: 15T
    - Num series: 2
    - Target dim: 1
    - Target mode: univariate
    - Covariate channels: 0
    - Series length: min=9956, max=10831, avg=10393.5
    - Test split: 1440 steps
    - Prediction length: 96
    - Windows: 15
    Total instances: 30, Series during experiment: 2, Windows: 15
    Collecting ground truth and context...
    Organizing data into arrays...
    Saved predictions (quantiles) to /fslarge/scratch/users/h61084/codes/evaluating_tsfms/outputs/context_size/tasks/chronos2/context_length/2048/univariate/CPHL/15T/medium/run_0/predictions.npz
    Computing per-window metrics...
    Saved metrics to /fslarge/scratch/users/h61084/codes/evaluating_tsfms/outputs/context_size/tasks/chronos2/context_length/2048/univariate/CPHL/15T/medium/run_0/metrics.npz
    Saved config to /fslarge/scratch/users/h61084/codes/evaluating_tsfms/outputs/context_size/tasks/chronos2/context_length/2048/univariate/CPHL/15T/medium/run_0/config.json
    Saved aggregate metrics to /fslarge/scratch/users/h61084/codes/evaluating_tsfms/outputs/context_size/tasks/chronos2/context_length/2048/univariate/CPHL/15T/medium/run_0/metrics_summary.json
    Metrics summary (averaged over all series/windows/variates):
      MSE: 0.1191
      MAE: 0.2181
      RMSE: 0.2756
      MAPE: 0.3545
      sMAPE: 0.2937
      MASE: 1.0656
      ND: 0.2970
      CRPS: 0.2373
  Completed: 2 series × 15 windows
  Output: /fslarge/scratch/users/h61084/codes/evaluating_tsfms/outputs/context_size/tasks/chronos2/context_length/2048/univariate/CPHL/15T/medium/run_0

--- Term: long ---
  Config: prediction_length=288, test_length=1440, val_length=1440
TIME run allocation action=new run=/fslarge/scratch/users/h61084/codes/evaluating_tsfms/outputs/context_size/tasks/chronos2/context_length/2048/univariate/CPHL/15T/long/run_0 launch_id=selena_context_size_20260920T193931Z_45055 slurm_job_id=3506740 launched_at=2026-09-20T19:56:02.662342+00:00
  Initializing Chronos pipeline (/fslarge/scratch/users/h61084/weights/chronos2)...
  Dataset info:
    - Frequency: 15T
    - Num series: 2
    - Target dim: 1
    - Target mode: univariate
    - Covariate channels: 0
    - Series length: min=9956, max=10831, avg=10393.5
    - Test split: 1440 steps
    - Prediction length: 288
    - Windows: 5
    Total instances: 10, Series during experiment: 2, Windows: 5
    Collecting ground truth and context...
    Organizing data into arrays...
    Saved predictions (quantiles) to /fslarge/scratch/users/h61084/codes/evaluating_tsfms/outputs/context_size/tasks/chronos2/context_length/2048/univariate/CPHL/15T/long/run_0/predictions.npz
    Computing per-window metrics...
    Saved metrics to /fslarge/scratch/users/h61084/codes/evaluating_tsfms/outputs/context_size/tasks/chronos2/context_length/2048/univariate/CPHL/15T/long/run_0/metrics.npz
    Saved config to /fslarge/scratch/users/h61084/codes/evaluating_tsfms/outputs/context_size/tasks/chronos2/context_length/2048/univariate/CPHL/15T/long/run_0/config.json
    Saved aggregate metrics to /fslarge/scratch/users/h61084/codes/evaluating_tsfms/outputs/context_size/tasks/chronos2/context_length/2048/univariate/CPHL/15T/long/run_0/metrics_summary.json
    Metrics summary (averaged over all series/windows/variates):
      MSE: 0.1233
      MAE: 0.2334
      RMSE: 0.3085
      MAPE: 0.3900
      sMAPE: 0.3178
      MASE: 1.1684
      ND: 0.3220
      CRPS: 0.2605
  Completed: 2 series × 5 windows
  Output: /fslarge/scratch/users/h61084/codes/evaluating_tsfms/outputs/context_size/tasks/chronos2/context_length/2048/univariate/CPHL/15T/long/run_0

============================================================
All experiments completed!
Results saved to: /scratch/users/h61084/codes/evaluating_tsfms/outputs/context_size/tasks
============================================================

############################################################
# All 1 dataset(s) completed!
############################################################

############################################################
# Dataset 1/1: CPHL/30T
############################################################
[2026-09-20 19:56:11 UTC] resources model_device {"device": "cuda", "model": "chronos2"}
Loading configuration...

============================================================
Dataset: CPHL/30T
Model: amazon/chronos-2
Checkpoint: /fslarge/scratch/users/h61084/weights/chronos2
Terms: ['short', 'medium', 'long']
Covariate mode: none
Instance normalization: none
============================================================

--- Term: short ---
  Config: prediction_length=12, test_length=1440, val_length=1440
TIME run allocation action=new run=/fslarge/scratch/users/h61084/codes/evaluating_tsfms/outputs/context_size/tasks/chronos2/context_length/2048/univariate/CPHL/30T/short/run_0 launch_id=selena_context_size_20260920T193931Z_45055 slurm_job_id=3506740 launched_at=2026-09-20T19:56:11.318878+00:00
  Initializing Chronos pipeline (/fslarge/scratch/users/h61084/weights/chronos2)...
  Dataset info:
    - Frequency: 30T
    - Num series: 2
    - Target dim: 1
    - Target mode: univariate
    - Covariate channels: 0
    - Series length: min=11808, max=17566, avg=14687.0
    - Test split: 1440 steps
    - Prediction length: 12
    - Windows: 120
    Processed 160/240...
    Total instances: 240, Series during experiment: 2, Windows: 120
    Collecting ground truth and context...
    Organizing data into arrays...
    Saved predictions (quantiles) to /fslarge/scratch/users/h61084/codes/evaluating_tsfms/outputs/context_size/tasks/chronos2/context_length/2048/univariate/CPHL/30T/short/run_0/predictions.npz
    Computing per-window metrics...
    Saved metrics to /fslarge/scratch/users/h61084/codes/evaluating_tsfms/outputs/context_size/tasks/chronos2/context_length/2048/univariate/CPHL/30T/short/run_0/metrics.npz
    Saved config to /fslarge/scratch/users/h61084/codes/evaluating_tsfms/outputs/context_size/tasks/chronos2/context_length/2048/univariate/CPHL/30T/short/run_0/config.json
    Saved aggregate metrics to /fslarge/scratch/users/h61084/codes/evaluating_tsfms/outputs/context_size/tasks/chronos2/context_length/2048/univariate/CPHL/30T/short/run_0/metrics_summary.json
    Metrics summary (averaged over all series/windows/variates):
      MSE: 0.5991
      MAE: 0.4531
      RMSE: 0.5483
      MAPE: 0.3759
      sMAPE: 0.2875
      MASE: 1.3454
      ND: 0.2840
      CRPS: 0.2196
  Completed: 2 series × 120 windows
  Output: /fslarge/scratch/users/h61084/codes/evaluating_tsfms/outputs/context_size/tasks/chronos2/context_length/2048/univariate/CPHL/30T/short/run_0

--- Term: medium ---
  Config: prediction_length=48, test_length=1440, val_length=1440
TIME run allocation action=new run=/fslarge/scratch/users/h61084/codes/evaluating_tsfms/outputs/context_size/tasks/chronos2/context_length/2048/univariate/CPHL/30T/medium/run_0 launch_id=selena_context_size_20260920T193931Z_45055 slurm_job_id=3506740 launched_at=2026-09-20T19:56:12.450394+00:00
  Initializing Chronos pipeline (/fslarge/scratch/users/h61084/weights/chronos2)...
  Dataset info:
    - Frequency: 30T
    - Num series: 2
    - Target dim: 1
    - Target mode: univariate
    - Covariate channels: 0
    - Series length: min=11808, max=17566, avg=14687.0
    - Test split: 1440 steps
    - Prediction length: 48
    - Windows: 30
    Total instances: 60, Series during experiment: 2, Windows: 30
    Collecting ground truth and context...
    Organizing data into arrays...
    Saved predictions (quantiles) to /fslarge/scratch/users/h61084/codes/evaluating_tsfms/outputs/context_size/tasks/chronos2/context_length/2048/univariate/CPHL/30T/medium/run_0/predictions.npz
    Computing per-window metrics...
    Saved metrics to /fslarge/scratch/users/h61084/codes/evaluating_tsfms/outputs/context_size/tasks/chronos2/context_length/2048/univariate/CPHL/30T/medium/run_0/metrics.npz
    Saved config to /fslarge/scratch/users/h61084/codes/evaluating_tsfms/outputs/context_size/tasks/chronos2/context_length/2048/univariate/CPHL/30T/medium/run_0/config.json
    Saved aggregate metrics to /fslarge/scratch/users/h61084/codes/evaluating_tsfms/outputs/context_size/tasks/chronos2/context_length/2048/univariate/CPHL/30T/medium/run_0/metrics_summary.json
    Metrics summary (averaged over all series/windows/variates):
      MSE: 0.6984
      MAE: 0.5020
      RMSE: 0.6144
      MAPE: 0.4426
      sMAPE: 0.3299
      MASE: 1.5044
      ND: 0.3239
      CRPS: 0.2476
  Completed: 2 series × 30 windows
  Output: /fslarge/scratch/users/h61084/codes/evaluating_tsfms/outputs/context_size/tasks/chronos2/context_length/2048/univariate/CPHL/30T/medium/run_0

--- Term: long ---
  Config: prediction_length=144, test_length=1440, val_length=1440
TIME run allocation action=new run=/fslarge/scratch/users/h61084/codes/evaluating_tsfms/outputs/context_size/tasks/chronos2/context_length/2048/univariate/CPHL/30T/long/run_0 launch_id=selena_context_size_20260920T193931Z_45055 slurm_job_id=3506740 launched_at=2026-09-20T19:56:12.797550+00:00
  Initializing Chronos pipeline (/fslarge/scratch/users/h61084/weights/chronos2)...
  Dataset info:
    - Frequency: 30T
    - Num series: 2
    - Target dim: 1
    - Target mode: univariate
    - Covariate channels: 0
    - Series length: min=11808, max=17566, avg=14687.0
    - Test split: 1440 steps
    - Prediction length: 144
    - Windows: 10
    Total instances: 20, Series during experiment: 2, Windows: 10
    Collecting ground truth and context...
    Organizing data into arrays...
    Saved predictions (quantiles) to /fslarge/scratch/users/h61084/codes/evaluating_tsfms/outputs/context_size/tasks/chronos2/context_length/2048/univariate/CPHL/30T/long/run_0/predictions.npz
    Computing per-window metrics...
    Saved metrics to /fslarge/scratch/users/h61084/codes/evaluating_tsfms/outputs/context_size/tasks/chronos2/context_length/2048/univariate/CPHL/30T/long/run_0/metrics.npz
    Saved config to /fslarge/scratch/users/h61084/codes/evaluating_tsfms/outputs/context_size/tasks/chronos2/context_length/2048/univariate/CPHL/30T/long/run_0/config.json
    Saved aggregate metrics to /fslarge/scratch/users/h61084/codes/evaluating_tsfms/outputs/context_size/tasks/chronos2/context_length/2048/univariate/CPHL/30T/long/run_0/metrics_summary.json
    Metrics summary (averaged over all series/windows/variates):
      MSE: 0.8283
      MAE: 0.5546
      RMSE: 0.6819
      MAPE: 0.5068
      sMAPE: 0.3963
      MASE: 1.7375
      ND: 0.3633
      CRPS: 0.2822
  Completed: 2 series × 10 windows
  Output: /fslarge/scratch/users/h61084/codes/evaluating_tsfms/outputs/context_size/tasks/chronos2/context_length/2048/univariate/CPHL/30T/long/run_0

============================================================
All experiments completed!
Results saved to: /scratch/users/h61084/codes/evaluating_tsfms/outputs/context_size/tasks
============================================================

############################################################
# All 1 dataset(s) completed!
############################################################

############################################################
# Dataset 1/1: CPHL/H
############################################################
[2026-09-20 19:56:21 UTC] resources model_device {"device": "cuda", "model": "chronos2"}
Loading configuration...

============================================================
Dataset: CPHL/H
Model: amazon/chronos-2
Checkpoint: /fslarge/scratch/users/h61084/weights/chronos2
Terms: ['short', 'medium', 'long']
Covariate mode: none
Instance normalization: none
============================================================

--- Term: short ---
  Config: prediction_length=24, test_length=672, val_length=672
TIME run allocation action=new run=/fslarge/scratch/users/h61084/codes/evaluating_tsfms/outputs/context_size/tasks/chronos2/context_length/2048/univariate/CPHL/H/short/run_0 launch_id=selena_context_size_20260920T193931Z_45055 slurm_job_id=3506740 launched_at=2026-09-20T19:56:21.551085+00:00
  Initializing Chronos pipeline (/fslarge/scratch/users/h61084/weights/chronos2)...
  Dataset info:
    - Frequency: H
    - Num series: 4
    - Target dim: 1
    - Target mode: univariate
    - Covariate channels: 0
    - Series length: min=2490, max=8783, avg=4971.2
    - Test split: 672 steps
    - Prediction length: 24
    - Windows: 28
    Total instances: 112, Series during experiment: 4, Windows: 28
    Collecting ground truth and context...
    Organizing data into arrays...
    Saved predictions (quantiles) to /fslarge/scratch/users/h61084/codes/evaluating_tsfms/outputs/context_size/tasks/chronos2/context_length/2048/univariate/CPHL/H/short/run_0/predictions.npz
    Computing per-window metrics...
    Saved metrics to /fslarge/scratch/users/h61084/codes/evaluating_tsfms/outputs/context_size/tasks/chronos2/context_length/2048/univariate/CPHL/H/short/run_0/metrics.npz
    Saved config to /fslarge/scratch/users/h61084/codes/evaluating_tsfms/outputs/context_size/tasks/chronos2/context_length/2048/univariate/CPHL/H/short/run_0/config.json
    Saved aggregate metrics to /fslarge/scratch/users/h61084/codes/evaluating_tsfms/outputs/context_size/tasks/chronos2/context_length/2048/univariate/CPHL/H/short/run_0/metrics_summary.json
    Metrics summary (averaged over all series/windows/variates):
      MSE: 0.3689
      MAE: 0.3411
      RMSE: 0.4122
      MAPE: 0.3349
      sMAPE: 0.2909
      MASE: 1.2508
      ND: 0.2852
      CRPS: 0.2215
  Completed: 4 series × 28 windows
  Output: /fslarge/scratch/users/h61084/codes/evaluating_tsfms/outputs/context_size/tasks/chronos2/context_length/2048/univariate/CPHL/H/short/run_0

--- Term: medium ---
  Config: prediction_length=168, test_length=672, val_length=672
TIME run allocation action=new run=/fslarge/scratch/users/h61084/codes/evaluating_tsfms/outputs/context_size/tasks/chronos2/context_length/2048/univariate/CPHL/H/medium/run_0 launch_id=selena_context_size_20260920T193931Z_45055 slurm_job_id=3506740 launched_at=2026-09-20T19:56:22.472365+00:00
  Initializing Chronos pipeline (/fslarge/scratch/users/h61084/weights/chronos2)...
  Dataset info:
    - Frequency: H
    - Num series: 4
    - Target dim: 1
    - Target mode: univariate
    - Covariate channels: 0
    - Series length: min=2490, max=8783, avg=4971.2
    - Test split: 672 steps
    - Prediction length: 168
    - Windows: 4
    Total instances: 16, Series during experiment: 4, Windows: 4
    Collecting ground truth and context...
    Organizing data into arrays...
    Saved predictions (quantiles) to /fslarge/scratch/users/h61084/codes/evaluating_tsfms/outputs/context_size/tasks/chronos2/context_length/2048/univariate/CPHL/H/medium/run_0/predictions.npz
    Computing per-window metrics...
    Saved metrics to /fslarge/scratch/users/h61084/codes/evaluating_tsfms/outputs/context_size/tasks/chronos2/context_length/2048/univariate/CPHL/H/medium/run_0/metrics.npz
    Saved config to /fslarge/scratch/users/h61084/codes/evaluating_tsfms/outputs/context_size/tasks/chronos2/context_length/2048/univariate/CPHL/H/medium/run_0/config.json
    Saved aggregate metrics to /fslarge/scratch/users/h61084/codes/evaluating_tsfms/outputs/context_size/tasks/chronos2/context_length/2048/univariate/CPHL/H/medium/run_0/metrics_summary.json
    Metrics summary (averaged over all series/windows/variates):
      MSE: 0.4849
      MAE: 0.4373
      RMSE: 0.5416
      MAPE: 0.4649
      sMAPE: 0.4144
      MASE: 1.8271
      ND: 0.3997
      CRPS: 0.3082
  Completed: 4 series × 4 windows
  Output: /fslarge/scratch/users/h61084/codes/evaluating_tsfms/outputs/context_size/tasks/chronos2/context_length/2048/univariate/CPHL/H/medium/run_0

--- Term: long ---
  Config: prediction_length=336, test_length=672, val_length=672
TIME run allocation action=new run=/fslarge/scratch/users/h61084/codes/evaluating_tsfms/outputs/context_size/tasks/chronos2/context_length/2048/univariate/CPHL/H/long/run_0 launch_id=selena_context_size_20260920T193931Z_45055 slurm_job_id=3506740 launched_at=2026-09-20T19:56:22.743673+00:00
  Initializing Chronos pipeline (/fslarge/scratch/users/h61084/weights/chronos2)...
  Dataset info:
    - Frequency: H
    - Num series: 4
    - Target dim: 1
    - Target mode: univariate
    - Covariate channels: 0
    - Series length: min=2490, max=8783, avg=4971.2
    - Test split: 672 steps
    - Prediction length: 336
    - Windows: 2
    Total instances: 8, Series during experiment: 4, Windows: 2
    Collecting ground truth and context...
    Organizing data into arrays...
    Saved predictions (quantiles) to /fslarge/scratch/users/h61084/codes/evaluating_tsfms/outputs/context_size/tasks/chronos2/context_length/2048/univariate/CPHL/H/long/run_0/predictions.npz
    Computing per-window metrics...
    Saved metrics to /fslarge/scratch/users/h61084/codes/evaluating_tsfms/outputs/context_size/tasks/chronos2/context_length/2048/univariate/CPHL/H/long/run_0/metrics.npz
    Saved config to /fslarge/scratch/users/h61084/codes/evaluating_tsfms/outputs/context_size/tasks/chronos2/context_length/2048/univariate/CPHL/H/long/run_0/config.json
    Saved aggregate metrics to /fslarge/scratch/users/h61084/codes/evaluating_tsfms/outputs/context_size/tasks/chronos2/context_length/2048/univariate/CPHL/H/long/run_0/metrics_summary.json
    Metrics summary (averaged over all series/windows/variates):
      MSE: 0.5382
      MAE: 0.4725
      RMSE: 0.5912
      MAPE: 0.5165
      sMAPE: 0.4809
      MASE: 2.1748
      ND: 0.4521
      CRPS: 0.3603
  Completed: 4 series × 2 windows
  Output: /fslarge/scratch/users/h61084/codes/evaluating_tsfms/outputs/context_size/tasks/chronos2/context_length/2048/univariate/CPHL/H/long/run_0

============================================================
All experiments completed!
Results saved to: /scratch/users/h61084/codes/evaluating_tsfms/outputs/context_size/tasks
============================================================

############################################################
# All 1 dataset(s) completed!
############################################################

############################################################
# Dataset 1/1: Coastal_T_S/5T
############################################################
[2026-09-20 19:56:31 UTC] resources model_device {"device": "cuda", "model": "chronos2"}
Loading configuration...

============================================================
Dataset: Coastal_T_S/5T
Model: amazon/chronos-2
Checkpoint: /fslarge/scratch/users/h61084/weights/chronos2
Terms: ['short', 'medium', 'long']
Covariate mode: none
Instance normalization: none
============================================================

--- Term: short ---
  Config: prediction_length=36, test_length=4320, val_length=4320
TIME run allocation action=new run=/fslarge/scratch/users/h61084/codes/evaluating_tsfms/outputs/context_size/tasks/chronos2/context_length/2048/multivariate/Coastal_T_S/5T/short/run_0 launch_id=selena_context_size_20260920T193931Z_45055 slurm_job_id=3506740 launched_at=2026-09-20T19:56:31.504285+00:00
  Initializing Chronos pipeline (/fslarge/scratch/users/h61084/weights/chronos2)...
  Dataset info:
    - Frequency: 5T
    - Num series: 18
    - Target dim: 3
    - Target mode: multivariate
    - Covariate channels: 0
    - Series length: min=44614, max=105408, avg=68604.9
    - Test split: 4320 steps
    - Prediction length: 36
    - Windows: 120
    Processed 160/2160...
    Processed 320/2160...
    Processed 480/2160...
    Processed 640/2160...
    Processed 800/2160...
    Processed 960/2160...
    Processed 1120/2160...
    Processed 1280/2160...
    Processed 1440/2160...
    Processed 1600/2160...
    Processed 1760/2160...
    Processed 1920/2160...
    Processed 2080/2160...
    Total instances: 2160, Series during experiment: 18, Windows: 120
    Collecting ground truth and context...
    Organizing data into arrays...
    Saved predictions (quantiles) to /fslarge/scratch/users/h61084/codes/evaluating_tsfms/outputs/context_size/tasks/chronos2/context_length/2048/multivariate/Coastal_T_S/5T/short/run_0/predictions.npz
    Computing per-window metrics...
    Saved metrics to /fslarge/scratch/users/h61084/codes/evaluating_tsfms/outputs/context_size/tasks/chronos2/context_length/2048/multivariate/Coastal_T_S/5T/short/run_0/metrics.npz
    Saved config to /fslarge/scratch/users/h61084/codes/evaluating_tsfms/outputs/context_size/tasks/chronos2/context_length/2048/multivariate/Coastal_T_S/5T/short/run_0/config.json
    Saved aggregate metrics to /fslarge/scratch/users/h61084/codes/evaluating_tsfms/outputs/context_size/tasks/chronos2/context_length/2048/multivariate/Coastal_T_S/5T/short/run_0/metrics_summary.json
    Metrics summary (averaged over all series/windows/variates):
      MSE: 117.8823
      MAE: 2.8475
      RMSE: 2.9919
      MAPE: 0.0851
      sMAPE: 0.0668
      MASE: 0.7837
      ND: 0.0617
      CRPS: 0.0375
  Completed: 18 series × 120 windows
  Output: /fslarge/scratch/users/h61084/codes/evaluating_tsfms/outputs/context_size/tasks/chronos2/context_length/2048/multivariate/Coastal_T_S/5T/short/run_0

--- Term: medium ---
  Config: prediction_length=288, test_length=4320, val_length=4320
TIME run allocation action=new run=/fslarge/scratch/users/h61084/codes/evaluating_tsfms/outputs/context_size/tasks/chronos2/context_length/2048/multivariate/Coastal_T_S/5T/medium/run_0 launch_id=selena_context_size_20260920T193931Z_45055 slurm_job_id=3506740 launched_at=2026-09-20T19:56:43.461294+00:00
  Initializing Chronos pipeline (/fslarge/scratch/users/h61084/weights/chronos2)...
  Dataset info:
    - Frequency: 5T
    - Num series: 18
    - Target dim: 3
    - Target mode: multivariate
    - Covariate channels: 0
    - Series length: min=44614, max=105408, avg=68604.9
    - Test split: 4320 steps
    - Prediction length: 288
    - Windows: 15
    Processed 160/270...
    Total instances: 270, Series during experiment: 18, Windows: 15
    Collecting ground truth and context...
    Organizing data into arrays...
    Saved predictions (quantiles) to /fslarge/scratch/users/h61084/codes/evaluating_tsfms/outputs/context_size/tasks/chronos2/context_length/2048/multivariate/Coastal_T_S/5T/medium/run_0/predictions.npz
    Computing per-window metrics...
    Saved metrics to /fslarge/scratch/users/h61084/codes/evaluating_tsfms/outputs/context_size/tasks/chronos2/context_length/2048/multivariate/Coastal_T_S/5T/medium/run_0/metrics.npz
    Saved config to /fslarge/scratch/users/h61084/codes/evaluating_tsfms/outputs/context_size/tasks/chronos2/context_length/2048/multivariate/Coastal_T_S/5T/medium/run_0/config.json
    Saved aggregate metrics to /fslarge/scratch/users/h61084/codes/evaluating_tsfms/outputs/context_size/tasks/chronos2/context_length/2048/multivariate/Coastal_T_S/5T/medium/run_0/metrics_summary.json
    Metrics summary (averaged over all series/windows/variates):
      MSE: 124.3386
      MAE: 2.9656
      RMSE: 3.2118
      MAPE: 0.0869
      sMAPE: 0.0705
      MASE: 1.0073
      ND: 0.0659
      CRPS: 0.0414
  Completed: 18 series × 15 windows
  Output: /fslarge/scratch/users/h61084/codes/evaluating_tsfms/outputs/context_size/tasks/chronos2/context_length/2048/multivariate/Coastal_T_S/5T/medium/run_0

--- Term: long ---
  Config: prediction_length=864, test_length=4320, val_length=4320
TIME run allocation action=new run=/fslarge/scratch/users/h61084/codes/evaluating_tsfms/outputs/context_size/tasks/chronos2/context_length/2048/multivariate/Coastal_T_S/5T/long/run_0 launch_id=selena_context_size_20260920T193931Z_45055 slurm_job_id=3506740 launched_at=2026-09-20T19:56:45.673300+00:00
  Initializing Chronos pipeline (/fslarge/scratch/users/h61084/weights/chronos2)...
  Dataset info:
    - Frequency: 5T
    - Num series: 18
    - Target dim: 3
    - Target mode: multivariate
    - Covariate channels: 0
    - Series length: min=44614, max=105408, avg=68604.9
    - Test split: 4320 steps
    - Prediction length: 864
    - Windows: 5
    Total instances: 90, Series during experiment: 18, Windows: 5
    Collecting ground truth and context...
    Organizing data into arrays...
    Saved predictions (quantiles) to /fslarge/scratch/users/h61084/codes/evaluating_tsfms/outputs/context_size/tasks/chronos2/context_length/2048/multivariate/Coastal_T_S/5T/long/run_0/predictions.npz
    Computing per-window metrics...
    Saved metrics to /fslarge/scratch/users/h61084/codes/evaluating_tsfms/outputs/context_size/tasks/chronos2/context_length/2048/multivariate/Coastal_T_S/5T/long/run_0/metrics.npz
    Saved config to /fslarge/scratch/users/h61084/codes/evaluating_tsfms/outputs/context_size/tasks/chronos2/context_length/2048/multivariate/Coastal_T_S/5T/long/run_0/config.json
    Saved aggregate metrics to /fslarge/scratch/users/h61084/codes/evaluating_tsfms/outputs/context_size/tasks/chronos2/context_length/2048/multivariate/Coastal_T_S/5T/long/run_0/metrics_summary.json
    Metrics summary (averaged over all series/windows/variates):
      MSE: 131.1278
      MAE: 3.0604
      RMSE: 3.3808
      MAPE: 0.0889
      sMAPE: 0.0732
      MASE: 1.2438
      ND: 0.0689
      CRPS: 0.0455
  Completed: 18 series × 5 windows
  Output: /fslarge/scratch/users/h61084/codes/evaluating_tsfms/outputs/context_size/tasks/chronos2/context_length/2048/multivariate/Coastal_T_S/5T/long/run_0

============================================================
All experiments completed!
Results saved to: /scratch/users/h61084/codes/evaluating_tsfms/outputs/context_size/tasks
============================================================

############################################################
# All 1 dataset(s) completed!
############################################################

############################################################
# Dataset 1/1: Coastal_T_S/15T
############################################################
[2026-09-20 19:56:55 UTC] resources model_device {"device": "cuda", "model": "chronos2"}
Loading configuration...

============================================================
Dataset: Coastal_T_S/15T
Model: amazon/chronos-2
Checkpoint: /fslarge/scratch/users/h61084/weights/chronos2
Terms: ['short', 'medium', 'long']
Covariate mode: none
Instance normalization: none
============================================================

--- Term: short ---
  Config: prediction_length=12, test_length=1440, val_length=1440
TIME run allocation action=new run=/fslarge/scratch/users/h61084/codes/evaluating_tsfms/outputs/context_size/tasks/chronos2/context_length/2048/multivariate/Coastal_T_S/15T/short/run_0 launch_id=selena_context_size_20260920T193931Z_45055 slurm_job_id=3506740 launched_at=2026-09-20T19:56:55.442251+00:00
  Initializing Chronos pipeline (/fslarge/scratch/users/h61084/weights/chronos2)...
  Dataset info:
    - Frequency: 15T
    - Num series: 5
    - Target dim: 3
    - Target mode: multivariate
    - Covariate channels: 0
    - Series length: min=16686, max=23134, avg=20870.2
    - Test split: 1440 steps
    - Prediction length: 12
    - Windows: 120
    Processed 160/600...
    Processed 320/600...
    Processed 480/600...
    Total instances: 600, Series during experiment: 5, Windows: 120
    Collecting ground truth and context...
    Organizing data into arrays...
    Saved predictions (quantiles) to /fslarge/scratch/users/h61084/codes/evaluating_tsfms/outputs/context_size/tasks/chronos2/context_length/2048/multivariate/Coastal_T_S/15T/short/run_0/predictions.npz
    Computing per-window metrics...
    Saved metrics to /fslarge/scratch/users/h61084/codes/evaluating_tsfms/outputs/context_size/tasks/chronos2/context_length/2048/multivariate/Coastal_T_S/15T/short/run_0/metrics.npz
    Saved config to /fslarge/scratch/users/h61084/codes/evaluating_tsfms/outputs/context_size/tasks/chronos2/context_length/2048/multivariate/Coastal_T_S/15T/short/run_0/config.json
    Saved aggregate metrics to /fslarge/scratch/users/h61084/codes/evaluating_tsfms/outputs/context_size/tasks/chronos2/context_length/2048/multivariate/Coastal_T_S/15T/short/run_0/metrics_summary.json
    Metrics summary (averaged over all series/windows/variates):
      MSE: 113.4269
      MAE: 4.6411
      RMSE: 4.8885
      MAPE: 0.1324
      sMAPE: 0.1188
      MASE: 1.1273
      ND: 0.1143
      CRPS: 0.0679
  Completed: 5 series × 120 windows
  Output: /fslarge/scratch/users/h61084/codes/evaluating_tsfms/outputs/context_size/tasks/chronos2/context_length/2048/multivariate/Coastal_T_S/15T/short/run_0

--- Term: medium ---
  Config: prediction_length=96, test_length=1440, val_length=1440
TIME run allocation action=new run=/fslarge/scratch/users/h61084/codes/evaluating_tsfms/outputs/context_size/tasks/chronos2/context_length/2048/multivariate/Coastal_T_S/15T/medium/run_0 launch_id=selena_context_size_20260920T193931Z_45055 slurm_job_id=3506740 launched_at=2026-09-20T19:56:58.974220+00:00
  Initializing Chronos pipeline (/fslarge/scratch/users/h61084/weights/chronos2)...
  Dataset info:
    - Frequency: 15T
    - Num series: 5
    - Target dim: 3
    - Target mode: multivariate
    - Covariate channels: 0
    - Series length: min=16686, max=23134, avg=20870.2
    - Test split: 1440 steps
    - Prediction length: 96
    - Windows: 15
    Total instances: 75, Series during experiment: 5, Windows: 15
    Collecting ground truth and context...
    Organizing data into arrays...
    Saved predictions (quantiles) to /fslarge/scratch/users/h61084/codes/evaluating_tsfms/outputs/context_size/tasks/chronos2/context_length/2048/multivariate/Coastal_T_S/15T/medium/run_0/predictions.npz
    Computing per-window metrics...
    Saved metrics to /fslarge/scratch/users/h61084/codes/evaluating_tsfms/outputs/context_size/tasks/chronos2/context_length/2048/multivariate/Coastal_T_S/15T/medium/run_0/metrics.npz
    Saved config to /fslarge/scratch/users/h61084/codes/evaluating_tsfms/outputs/context_size/tasks/chronos2/context_length/2048/multivariate/Coastal_T_S/15T/medium/run_0/config.json
    Saved aggregate metrics to /fslarge/scratch/users/h61084/codes/evaluating_tsfms/outputs/context_size/tasks/chronos2/context_length/2048/multivariate/Coastal_T_S/15T/medium/run_0/metrics_summary.json
    Metrics summary (averaged over all series/windows/variates):
      MSE: 116.8377
      MAE: 4.6803
      RMSE: 4.9934
      MAPE: 0.1286
      sMAPE: 0.1204
      MASE: 1.2469
      ND: 0.1142
      CRPS: 0.0677
  Completed: 5 series × 15 windows
  Output: /fslarge/scratch/users/h61084/codes/evaluating_tsfms/outputs/context_size/tasks/chronos2/context_length/2048/multivariate/Coastal_T_S/15T/medium/run_0

--- Term: long ---
  Config: prediction_length=288, test_length=1440, val_length=1440
TIME run allocation action=new run=/fslarge/scratch/users/h61084/codes/evaluating_tsfms/outputs/context_size/tasks/chronos2/context_length/2048/multivariate/Coastal_T_S/15T/long/run_0 launch_id=selena_context_size_20260920T193931Z_45055 slurm_job_id=3506740 launched_at=2026-09-20T19:56:59.581758+00:00
  Initializing Chronos pipeline (/fslarge/scratch/users/h61084/weights/chronos2)...
  Dataset info:
    - Frequency: 15T
    - Num series: 5
    - Target dim: 3
    - Target mode: multivariate
    - Covariate channels: 0
    - Series length: min=16686, max=23134, avg=20870.2
    - Test split: 1440 steps
    - Prediction length: 288
    - Windows: 5
    Total instances: 25, Series during experiment: 5, Windows: 5
    Collecting ground truth and context...
    Organizing data into arrays...
    Saved predictions (quantiles) to /fslarge/scratch/users/h61084/codes/evaluating_tsfms/outputs/context_size/tasks/chronos2/context_length/2048/multivariate/Coastal_T_S/15T/long/run_0/predictions.npz
    Computing per-window metrics...
    Saved metrics to /fslarge/scratch/users/h61084/codes/evaluating_tsfms/outputs/context_size/tasks/chronos2/context_length/2048/multivariate/Coastal_T_S/15T/long/run_0/metrics.npz
    Saved config to /fslarge/scratch/users/h61084/codes/evaluating_tsfms/outputs/context_size/tasks/chronos2/context_length/2048/multivariate/Coastal_T_S/15T/long/run_0/config.json
    Saved aggregate metrics to /fslarge/scratch/users/h61084/codes/evaluating_tsfms/outputs/context_size/tasks/chronos2/context_length/2048/multivariate/Coastal_T_S/15T/long/run_0/metrics_summary.json
    Metrics summary (averaged over all series/windows/variates):
      MSE: 117.1886
      MAE: 4.7069
      RMSE: 5.0244
      MAPE: 0.1283
      sMAPE: 0.1217
      MASE: 1.3813
      ND: 0.1153
      CRPS: 0.0689
  Completed: 5 series × 5 windows
  Output: /fslarge/scratch/users/h61084/codes/evaluating_tsfms/outputs/context_size/tasks/chronos2/context_length/2048/multivariate/Coastal_T_S/15T/long/run_0

============================================================
All experiments completed!
Results saved to: /scratch/users/h61084/codes/evaluating_tsfms/outputs/context_size/tasks
============================================================

############################################################
# All 1 dataset(s) completed!
############################################################

############################################################
# Dataset 1/1: Coastal_T_S/20T
############################################################
[2026-09-20 19:57:08 UTC] resources model_device {"device": "cuda", "model": "chronos2"}
Loading configuration...

============================================================
Dataset: Coastal_T_S/20T
Model: amazon/chronos-2
Checkpoint: /fslarge/scratch/users/h61084/weights/chronos2
Terms: ['short', 'medium', 'long']
Covariate mode: none
Instance normalization: none
============================================================

--- Term: short ---
  Config: prediction_length=9, test_length=1080, val_length=1080
TIME run allocation action=new run=/fslarge/scratch/users/h61084/codes/evaluating_tsfms/outputs/context_size/tasks/chronos2/context_length/2048/multivariate/Coastal_T_S/20T/short/run_0 launch_id=selena_context_size_20260920T193931Z_45055 slurm_job_id=3506740 launched_at=2026-09-20T19:57:08.418967+00:00
  Initializing Chronos pipeline (/fslarge/scratch/users/h61084/weights/chronos2)...
  Dataset info:
    - Frequency: 20T
    - Num series: 1
    - Target dim: 3
    - Target mode: multivariate
    - Covariate channels: 0
    - Series length: min=8198, max=8198, avg=8198.0
    - Test split: 1080 steps
    - Prediction length: 9
    - Windows: 120
    Total instances: 120, Series during experiment: 1, Windows: 120
    Collecting ground truth and context...
    Organizing data into arrays...
    Saved predictions (quantiles) to /fslarge/scratch/users/h61084/codes/evaluating_tsfms/outputs/context_size/tasks/chronos2/context_length/2048/multivariate/Coastal_T_S/20T/short/run_0/predictions.npz
    Computing per-window metrics...
    Saved metrics to /fslarge/scratch/users/h61084/codes/evaluating_tsfms/outputs/context_size/tasks/chronos2/context_length/2048/multivariate/Coastal_T_S/20T/short/run_0/metrics.npz
    Saved config to /fslarge/scratch/users/h61084/codes/evaluating_tsfms/outputs/context_size/tasks/chronos2/context_length/2048/multivariate/Coastal_T_S/20T/short/run_0/config.json
    Saved aggregate metrics to /fslarge/scratch/users/h61084/codes/evaluating_tsfms/outputs/context_size/tasks/chronos2/context_length/2048/multivariate/Coastal_T_S/20T/short/run_0/metrics_summary.json
    Metrics summary (averaged over all series/windows/variates):
      MSE: 0.0057
      MAE: 0.0511
      RMSE: 0.0586
      MAPE: 0.0021
      sMAPE: 0.0021
      MASE: 0.4080
      ND: 0.0021
      CRPS: 0.0016
  Completed: 1 series × 120 windows
  Output: /fslarge/scratch/users/h61084/codes/evaluating_tsfms/outputs/context_size/tasks/chronos2/context_length/2048/multivariate/Coastal_T_S/20T/short/run_0

--- Term: medium ---
  Config: prediction_length=72, test_length=1080, val_length=1080
TIME run allocation action=new run=/fslarge/scratch/users/h61084/codes/evaluating_tsfms/outputs/context_size/tasks/chronos2/context_length/2048/multivariate/Coastal_T_S/20T/medium/run_0 launch_id=selena_context_size_20260920T193931Z_45055 slurm_job_id=3506740 launched_at=2026-09-20T19:57:09.625083+00:00
  Initializing Chronos pipeline (/fslarge/scratch/users/h61084/weights/chronos2)...
  Dataset info:
    - Frequency: 20T
    - Num series: 1
    - Target dim: 3
    - Target mode: multivariate
    - Covariate channels: 0
    - Series length: min=8198, max=8198, avg=8198.0
    - Test split: 1080 steps
    - Prediction length: 72
    - Windows: 15
    Total instances: 15, Series during experiment: 1, Windows: 15
    Collecting ground truth and context...
    Organizing data into arrays...
    Saved predictions (quantiles) to /fslarge/scratch/users/h61084/codes/evaluating_tsfms/outputs/context_size/tasks/chronos2/context_length/2048/multivariate/Coastal_T_S/20T/medium/run_0/predictions.npz
    Computing per-window metrics...
    Saved metrics to /fslarge/scratch/users/h61084/codes/evaluating_tsfms/outputs/context_size/tasks/chronos2/context_length/2048/multivariate/Coastal_T_S/20T/medium/run_0/metrics.npz
    Saved config to /fslarge/scratch/users/h61084/codes/evaluating_tsfms/outputs/context_size/tasks/chronos2/context_length/2048/multivariate/Coastal_T_S/20T/medium/run_0/config.json
    Saved aggregate metrics to /fslarge/scratch/users/h61084/codes/evaluating_tsfms/outputs/context_size/tasks/chronos2/context_length/2048/multivariate/Coastal_T_S/20T/medium/run_0/metrics_summary.json
    Metrics summary (averaged over all series/windows/variates):
      MSE: 0.0286
      MAE: 0.1187
      RMSE: 0.1441
      MAPE: 0.0049
      sMAPE: 0.0049
      MASE: 0.9212
      ND: 0.0049
      CRPS: 0.0039
  Completed: 1 series × 15 windows
  Output: /fslarge/scratch/users/h61084/codes/evaluating_tsfms/outputs/context_size/tasks/chronos2/context_length/2048/multivariate/Coastal_T_S/20T/medium/run_0

--- Term: long ---
  Config: prediction_length=216, test_length=1080, val_length=1080
TIME run allocation action=new run=/fslarge/scratch/users/h61084/codes/evaluating_tsfms/outputs/context_size/tasks/chronos2/context_length/2048/multivariate/Coastal_T_S/20T/long/run_0 launch_id=selena_context_size_20260920T193931Z_45055 slurm_job_id=3506740 launched_at=2026-09-20T19:57:09.934035+00:00
  Initializing Chronos pipeline (/fslarge/scratch/users/h61084/weights/chronos2)...
  Dataset info:
    - Frequency: 20T
    - Num series: 1
    - Target dim: 3
    - Target mode: multivariate
    - Covariate channels: 0
    - Series length: min=8198, max=8198, avg=8198.0
    - Test split: 1080 steps
    - Prediction length: 216
    - Windows: 5
    Total instances: 5, Series during experiment: 1, Windows: 5
    Collecting ground truth and context...
    Organizing data into arrays...
    Saved predictions (quantiles) to /fslarge/scratch/users/h61084/codes/evaluating_tsfms/outputs/context_size/tasks/chronos2/context_length/2048/multivariate/Coastal_T_S/20T/long/run_0/predictions.npz
    Computing per-window metrics...
    Saved metrics to /fslarge/scratch/users/h61084/codes/evaluating_tsfms/outputs/context_size/tasks/chronos2/context_length/2048/multivariate/Coastal_T_S/20T/long/run_0/metrics.npz
    Saved config to /fslarge/scratch/users/h61084/codes/evaluating_tsfms/outputs/context_size/tasks/chronos2/context_length/2048/multivariate/Coastal_T_S/20T/long/run_0/config.json
    Saved aggregate metrics to /fslarge/scratch/users/h61084/codes/evaluating_tsfms/outputs/context_size/tasks/chronos2/context_length/2048/multivariate/Coastal_T_S/20T/long/run_0/metrics_summary.json
    Metrics summary (averaged over all series/windows/variates):
      MSE: 0.0905
      MAE: 0.1932
      RMSE: 0.2420
      MAPE: 0.0075
      sMAPE: 0.0075
      MASE: 1.5620
      ND: 0.0075
      CRPS: 0.0061
  Completed: 1 series × 5 windows
  Output: /fslarge/scratch/users/h61084/codes/evaluating_tsfms/outputs/context_size/tasks/chronos2/context_length/2048/multivariate/Coastal_T_S/20T/long/run_0

============================================================
All experiments completed!
Results saved to: /scratch/users/h61084/codes/evaluating_tsfms/outputs/context_size/tasks
============================================================

############################################################
# All 1 dataset(s) completed!
############################################################

############################################################
# Dataset 1/1: Coastal_T_S/H
############################################################
[2026-09-20 19:57:18 UTC] resources model_device {"device": "cuda", "model": "chronos2"}
Loading configuration...

============================================================
Dataset: Coastal_T_S/H
Model: amazon/chronos-2
Checkpoint: /fslarge/scratch/users/h61084/weights/chronos2
Terms: ['short', 'medium', 'long']
Covariate mode: none
Instance normalization: none
============================================================

--- Term: short ---
  Config: prediction_length=24, test_length=672, val_length=672
TIME run allocation action=new run=/fslarge/scratch/users/h61084/codes/evaluating_tsfms/outputs/context_size/tasks/chronos2/context_length/2048/multivariate/Coastal_T_S/H/short/run_0 launch_id=selena_context_size_20260920T193931Z_45055 slurm_job_id=3506740 launched_at=2026-09-20T19:57:18.697171+00:00
  Initializing Chronos pipeline (/fslarge/scratch/users/h61084/weights/chronos2)...
  Dataset info:
    - Frequency: H
    - Num series: 24
    - Target dim: 3
    - Target mode: multivariate
    - Covariate channels: 0
    - Series length: min=2733, max=8784, avg=5488.8
    - Test split: 672 steps
    - Prediction length: 24
    - Windows: 28
    Processed 160/672...
    Processed 320/672...
    Processed 480/672...
    Processed 640/672...
    Total instances: 672, Series during experiment: 24, Windows: 28
    Collecting ground truth and context...
    Organizing data into arrays...
    Saved predictions (quantiles) to /fslarge/scratch/users/h61084/codes/evaluating_tsfms/outputs/context_size/tasks/chronos2/context_length/2048/multivariate/Coastal_T_S/H/short/run_0/predictions.npz
    Computing per-window metrics...
    Saved metrics to /fslarge/scratch/users/h61084/codes/evaluating_tsfms/outputs/context_size/tasks/chronos2/context_length/2048/multivariate/Coastal_T_S/H/short/run_0/metrics.npz
    Saved config to /fslarge/scratch/users/h61084/codes/evaluating_tsfms/outputs/context_size/tasks/chronos2/context_length/2048/multivariate/Coastal_T_S/H/short/run_0/config.json
    Saved aggregate metrics to /fslarge/scratch/users/h61084/codes/evaluating_tsfms/outputs/context_size/tasks/chronos2/context_length/2048/multivariate/Coastal_T_S/H/short/run_0/metrics_summary.json
    Metrics summary (averaged over all series/windows/variates):
      MSE: 15.3798
      MAE: 1.0826
      RMSE: 1.3379
      MAPE: 0.0291
      sMAPE: 0.0275
      MASE: 0.9031
      ND: 0.0271
      CRPS: 0.0213
  Completed: 24 series × 28 windows
  Output: /fslarge/scratch/users/h61084/codes/evaluating_tsfms/outputs/context_size/tasks/chronos2/context_length/2048/multivariate/Coastal_T_S/H/short/run_0

--- Term: medium ---
  Config: prediction_length=168, test_length=672, val_length=672
TIME run allocation action=new run=/fslarge/scratch/users/h61084/codes/evaluating_tsfms/outputs/context_size/tasks/chronos2/context_length/2048/multivariate/Coastal_T_S/H/medium/run_0 launch_id=selena_context_size_20260920T193931Z_45055 slurm_job_id=3506740 launched_at=2026-09-20T19:57:22.202246+00:00
  Initializing Chronos pipeline (/fslarge/scratch/users/h61084/weights/chronos2)...
  Dataset info:
    - Frequency: H
    - Num series: 24
    - Target dim: 3
    - Target mode: multivariate
    - Covariate channels: 0
    - Series length: min=2733, max=8784, avg=5488.8
    - Test split: 672 steps
    - Prediction length: 168
    - Windows: 4
    Total instances: 96, Series during experiment: 24, Windows: 4
    Collecting ground truth and context...
    Organizing data into arrays...
    Saved predictions (quantiles) to /fslarge/scratch/users/h61084/codes/evaluating_tsfms/outputs/context_size/tasks/chronos2/context_length/2048/multivariate/Coastal_T_S/H/medium/run_0/predictions.npz
    Computing per-window metrics...
    Saved metrics to /fslarge/scratch/users/h61084/codes/evaluating_tsfms/outputs/context_size/tasks/chronos2/context_length/2048/multivariate/Coastal_T_S/H/medium/run_0/metrics.npz
    Saved config to /fslarge/scratch/users/h61084/codes/evaluating_tsfms/outputs/context_size/tasks/chronos2/context_length/2048/multivariate/Coastal_T_S/H/medium/run_0/config.json
    Saved aggregate metrics to /fslarge/scratch/users/h61084/codes/evaluating_tsfms/outputs/context_size/tasks/chronos2/context_length/2048/multivariate/Coastal_T_S/H/medium/run_0/metrics_summary.json
    Metrics summary (averaged over all series/windows/variates):
      MSE: 29.4567
      MAE: 1.5044
      RMSE: 1.8601
      MAPE: 0.0444
      sMAPE: 0.0406
      MASE: 1.6600
      ND: 0.0422
      CRPS: 0.0333
  Completed: 24 series × 4 windows
  Output: /fslarge/scratch/users/h61084/codes/evaluating_tsfms/outputs/context_size/tasks/chronos2/context_length/2048/multivariate/Coastal_T_S/H/medium/run_0

--- Term: long ---
  Config: prediction_length=336, test_length=672, val_length=672
TIME run allocation action=new run=/fslarge/scratch/users/h61084/codes/evaluating_tsfms/outputs/context_size/tasks/chronos2/context_length/2048/multivariate/Coastal_T_S/H/long/run_0 launch_id=selena_context_size_20260920T193931Z_45055 slurm_job_id=3506740 launched_at=2026-09-20T19:57:22.920296+00:00
  Initializing Chronos pipeline (/fslarge/scratch/users/h61084/weights/chronos2)...
  Dataset info:
    - Frequency: H
    - Num series: 24
    - Target dim: 3
    - Target mode: multivariate
    - Covariate channels: 0
    - Series length: min=2733, max=8784, avg=5488.8
    - Test split: 672 steps
    - Prediction length: 336
    - Windows: 2
    Total instances: 48, Series during experiment: 24, Windows: 2
    Collecting ground truth and context...
    Organizing data into arrays...
    Saved predictions (quantiles) to /fslarge/scratch/users/h61084/codes/evaluating_tsfms/outputs/context_size/tasks/chronos2/context_length/2048/multivariate/Coastal_T_S/H/long/run_0/predictions.npz
    Computing per-window metrics...
    Saved metrics to /fslarge/scratch/users/h61084/codes/evaluating_tsfms/outputs/context_size/tasks/chronos2/context_length/2048/multivariate/Coastal_T_S/H/long/run_0/metrics.npz
    Saved config to /fslarge/scratch/users/h61084/codes/evaluating_tsfms/outputs/context_size/tasks/chronos2/context_length/2048/multivariate/Coastal_T_S/H/long/run_0/config.json
    Saved aggregate metrics to /fslarge/scratch/users/h61084/codes/evaluating_tsfms/outputs/context_size/tasks/chronos2/context_length/2048/multivariate/Coastal_T_S/H/long/run_0/metrics_summary.json
    Metrics summary (averaged over all series/windows/variates):
      MSE: 38.6256
      MAE: 1.7515
      RMSE: 2.1822
      MAPE: 0.0527
      sMAPE: 0.0471
      MASE: 2.5022
      ND: 0.0474
      CRPS: 0.0373
  Completed: 24 series × 2 windows
  Output: /fslarge/scratch/users/h61084/codes/evaluating_tsfms/outputs/context_size/tasks/chronos2/context_length/2048/multivariate/Coastal_T_S/H/long/run_0

============================================================
All experiments completed!
Results saved to: /scratch/users/h61084/codes/evaluating_tsfms/outputs/context_size/tasks
============================================================

############################################################
# All 1 dataset(s) completed!
############################################################

############################################################
# Dataset 1/1: SG_Weather/D
############################################################
[2026-09-20 19:57:31 UTC] resources model_device {"device": "cuda", "model": "chronos2"}
Loading configuration...

============================================================
Dataset: SG_Weather/D
Model: amazon/chronos-2
Checkpoint: /fslarge/scratch/users/h61084/weights/chronos2
Terms: ['short', 'medium', 'long']
Covariate mode: none
Instance normalization: none
============================================================

--- Term: short ---
  Config: prediction_length=3, test_length=366, val_length=366
TIME run allocation action=new run=/fslarge/scratch/users/h61084/codes/evaluating_tsfms/outputs/context_size/tasks/chronos2/context_length/2048/multivariate/SG_Weather/D/short/run_0 launch_id=selena_context_size_20260920T193931Z_45055 slurm_job_id=3506740 launched_at=2026-09-20T19:57:32.000078+00:00
  Initializing Chronos pipeline (/fslarge/scratch/users/h61084/weights/chronos2)...
  Dataset info:
    - Frequency: D
    - Num series: 6
    - Target dim: 4
    - Target mode: multivariate
    - Covariate channels: 0
    - Series length: min=2953, max=2953, avg=2953.0
    - Test split: 366 steps
    - Prediction length: 3
    - Windows: 122
    Processed 160/732...
    Processed 320/732...
    Processed 480/732...
    Processed 640/732...
    Total instances: 732, Series during experiment: 6, Windows: 122
    Collecting ground truth and context...
    Organizing data into arrays...
    Saved predictions (quantiles) to /fslarge/scratch/users/h61084/codes/evaluating_tsfms/outputs/context_size/tasks/chronos2/context_length/2048/multivariate/SG_Weather/D/short/run_0/predictions.npz
    Computing per-window metrics...
    Saved metrics to /fslarge/scratch/users/h61084/codes/evaluating_tsfms/outputs/context_size/tasks/chronos2/context_length/2048/multivariate/SG_Weather/D/short/run_0/metrics.npz
    Saved config to /fslarge/scratch/users/h61084/codes/evaluating_tsfms/outputs/context_size/tasks/chronos2/context_length/2048/multivariate/SG_Weather/D/short/run_0/config.json
    Saved aggregate metrics to /fslarge/scratch/users/h61084/codes/evaluating_tsfms/outputs/context_size/tasks/chronos2/context_length/2048/multivariate/SG_Weather/D/short/run_0/metrics_summary.json
    Metrics summary (averaged over all series/windows/variates):
      MSE: 2316.1287
      MAE: 17.1131
      RMSE: 20.1992
      MAPE: 0.3386
      sMAPE: 0.2206
      MASE: 0.8536
      ND: 0.2271
      CRPS: 0.1847
  Completed: 6 series × 122 windows
  Output: /fslarge/scratch/users/h61084/codes/evaluating_tsfms/outputs/context_size/tasks/chronos2/context_length/2048/multivariate/SG_Weather/D/short/run_0

--- Term: medium ---
  Config: prediction_length=7, test_length=366, val_length=366
TIME run allocation action=new run=/fslarge/scratch/users/h61084/codes/evaluating_tsfms/outputs/context_size/tasks/chronos2/context_length/2048/multivariate/SG_Weather/D/medium/run_0 launch_id=selena_context_size_20260920T193931Z_45055 slurm_job_id=3506740 launched_at=2026-09-20T19:57:36.435368+00:00
  Initializing Chronos pipeline (/fslarge/scratch/users/h61084/weights/chronos2)...
  Dataset info:
    - Frequency: D
    - Num series: 6
    - Target dim: 4
    - Target mode: multivariate
    - Covariate channels: 0
    - Series length: min=2953, max=2953, avg=2953.0
    - Test split: 366 steps
    - Prediction length: 7
    - Windows: 52
    Processed 160/312...
    Processed 312/312...
    Total instances: 312, Series during experiment: 6, Windows: 52
    Collecting ground truth and context...
    Organizing data into arrays...
    Saved predictions (quantiles) to /fslarge/scratch/users/h61084/codes/evaluating_tsfms/outputs/context_size/tasks/chronos2/context_length/2048/multivariate/SG_Weather/D/medium/run_0/predictions.npz
    Computing per-window metrics...
    Saved metrics to /fslarge/scratch/users/h61084/codes/evaluating_tsfms/outputs/context_size/tasks/chronos2/context_length/2048/multivariate/SG_Weather/D/medium/run_0/metrics.npz
    Saved config to /fslarge/scratch/users/h61084/codes/evaluating_tsfms/outputs/context_size/tasks/chronos2/context_length/2048/multivariate/SG_Weather/D/medium/run_0/config.json
    Saved aggregate metrics to /fslarge/scratch/users/h61084/codes/evaluating_tsfms/outputs/context_size/tasks/chronos2/context_length/2048/multivariate/SG_Weather/D/medium/run_0/metrics_summary.json
    Metrics summary (averaged over all series/windows/variates):
      MSE: 2342.9780
      MAE: 17.4430
      RMSE: 22.2742
      MAPE: 0.3450
      sMAPE: 0.2246
      MASE: 0.8906
      ND: 0.2173
      CRPS: 0.1726
  Completed: 6 series × 52 windows
  Output: /fslarge/scratch/users/h61084/codes/evaluating_tsfms/outputs/context_size/tasks/chronos2/context_length/2048/multivariate/SG_Weather/D/medium/run_0

--- Term: long ---
  Config: prediction_length=14, test_length=366, val_length=366
TIME run allocation action=new run=/fslarge/scratch/users/h61084/codes/evaluating_tsfms/outputs/context_size/tasks/chronos2/context_length/2048/multivariate/SG_Weather/D/long/run_0 launch_id=selena_context_size_20260920T193931Z_45055 slurm_job_id=3506740 launched_at=2026-09-20T19:57:38.259043+00:00
  Initializing Chronos pipeline (/fslarge/scratch/users/h61084/weights/chronos2)...
  Dataset info:
    - Frequency: D
    - Num series: 6
    - Target dim: 4
    - Target mode: multivariate
    - Covariate channels: 0
    - Series length: min=2953, max=2953, avg=2953.0
    - Test split: 366 steps
    - Prediction length: 14
    - Windows: 26
    Processed 156/156...
    Total instances: 156, Series during experiment: 6, Windows: 26
    Collecting ground truth and context...
    Organizing data into arrays...
    Saved predictions (quantiles) to /fslarge/scratch/users/h61084/codes/evaluating_tsfms/outputs/context_size/tasks/chronos2/context_length/2048/multivariate/SG_Weather/D/long/run_0/predictions.npz
    Computing per-window metrics...
    Saved metrics to /fslarge/scratch/users/h61084/codes/evaluating_tsfms/outputs/context_size/tasks/chronos2/context_length/2048/multivariate/SG_Weather/D/long/run_0/metrics.npz
    Saved config to /fslarge/scratch/users/h61084/codes/evaluating_tsfms/outputs/context_size/tasks/chronos2/context_length/2048/multivariate/SG_Weather/D/long/run_0/config.json
    Saved aggregate metrics to /fslarge/scratch/users/h61084/codes/evaluating_tsfms/outputs/context_size/tasks/chronos2/context_length/2048/multivariate/SG_Weather/D/long/run_0/metrics_summary.json
    Metrics summary (averaged over all series/windows/variates):
      MSE: 2307.2709
      MAE: 17.3303
      RMSE: 22.9707
      MAPE: 0.3460
      sMAPE: 0.2261
      MASE: 0.9017
      ND: 0.2143
      CRPS: 0.1697
  Completed: 6 series × 26 windows
  Output: /fslarge/scratch/users/h61084/codes/evaluating_tsfms/outputs/context_size/tasks/chronos2/context_length/2048/multivariate/SG_Weather/D/long/run_0

============================================================
All experiments completed!
Results saved to: /scratch/users/h61084/codes/evaluating_tsfms/outputs/context_size/tasks
============================================================

############################################################
# All 1 dataset(s) completed!
############################################################

############################################################
# Dataset 1/1: SG_PM25/H
############################################################
[2026-09-20 19:57:47 UTC] resources model_device {"device": "cuda", "model": "chronos2"}
Loading configuration...

============================================================
Dataset: SG_PM25/H
Model: amazon/chronos-2
Checkpoint: /fslarge/scratch/users/h61084/weights/chronos2
Terms: ['short', 'medium', 'long']
Covariate mode: none
Instance normalization: none
============================================================

--- Term: short ---
  Config: prediction_length=24, test_length=2208, val_length=2160
TIME run allocation action=new run=/fslarge/scratch/users/h61084/codes/evaluating_tsfms/outputs/context_size/tasks/chronos2/context_length/2048/multivariate/SG_PM25/H/short/run_0 launch_id=selena_context_size_20260920T193931Z_45055 slurm_job_id=3506740 launched_at=2026-09-20T19:57:47.691989+00:00
  Initializing Chronos pipeline (/fslarge/scratch/users/h61084/weights/chronos2)...
  Dataset info:
    - Frequency: H
    - Num series: 1
    - Target dim: 5
    - Target mode: multivariate
    - Covariate channels: 0
    - Series length: min=38688, max=38688, avg=38688.0
    - Test split: 2208 steps
    - Prediction length: 24
    - Windows: 92
    Total instances: 92, Series during experiment: 1, Windows: 92
    Collecting ground truth and context...
    Organizing data into arrays...
    Saved predictions (quantiles) to /fslarge/scratch/users/h61084/codes/evaluating_tsfms/outputs/context_size/tasks/chronos2/context_length/2048/multivariate/SG_PM25/H/short/run_0/predictions.npz
    Computing per-window metrics...
    Saved metrics to /fslarge/scratch/users/h61084/codes/evaluating_tsfms/outputs/context_size/tasks/chronos2/context_length/2048/multivariate/SG_PM25/H/short/run_0/metrics.npz
    Saved config to /fslarge/scratch/users/h61084/codes/evaluating_tsfms/outputs/context_size/tasks/chronos2/context_length/2048/multivariate/SG_PM25/H/short/run_0/config.json
    Saved aggregate metrics to /fslarge/scratch/users/h61084/codes/evaluating_tsfms/outputs/context_size/tasks/chronos2/context_length/2048/multivariate/SG_PM25/H/short/run_0/metrics_summary.json
    Metrics summary (averaged over all series/windows/variates):
      MSE: 40.0933
      MAE: 4.5935
      RMSE: 5.6691
      MAPE: 0.4933
      sMAPE: 0.3914
      MASE: 0.8736
      ND: 0.3890
      CRPS: 0.3019
  Completed: 1 series × 92 windows
  Output: /fslarge/scratch/users/h61084/codes/evaluating_tsfms/outputs/context_size/tasks/chronos2/context_length/2048/multivariate/SG_PM25/H/short/run_0

--- Term: medium ---
  Config: prediction_length=72, test_length=2208, val_length=2160
TIME run allocation action=new run=/fslarge/scratch/users/h61084/codes/evaluating_tsfms/outputs/context_size/tasks/chronos2/context_length/2048/multivariate/SG_PM25/H/medium/run_0 launch_id=selena_context_size_20260920T193931Z_45055 slurm_job_id=3506740 launched_at=2026-09-20T19:57:49.071331+00:00
  Initializing Chronos pipeline (/fslarge/scratch/users/h61084/weights/chronos2)...
  Dataset info:
    - Frequency: H
    - Num series: 1
    - Target dim: 5
    - Target mode: multivariate
    - Covariate channels: 0
    - Series length: min=38688, max=38688, avg=38688.0
    - Test split: 2208 steps
    - Prediction length: 72
    - Windows: 30
    Total instances: 30, Series during experiment: 1, Windows: 30
    Collecting ground truth and context...
    Organizing data into arrays...
    Saved predictions (quantiles) to /fslarge/scratch/users/h61084/codes/evaluating_tsfms/outputs/context_size/tasks/chronos2/context_length/2048/multivariate/SG_PM25/H/medium/run_0/predictions.npz
    Computing per-window metrics...
    Saved metrics to /fslarge/scratch/users/h61084/codes/evaluating_tsfms/outputs/context_size/tasks/chronos2/context_length/2048/multivariate/SG_PM25/H/medium/run_0/metrics.npz
    Saved config to /fslarge/scratch/users/h61084/codes/evaluating_tsfms/outputs/context_size/tasks/chronos2/context_length/2048/multivariate/SG_PM25/H/medium/run_0/config.json
    Saved aggregate metrics to /fslarge/scratch/users/h61084/codes/evaluating_tsfms/outputs/context_size/tasks/chronos2/context_length/2048/multivariate/SG_PM25/H/medium/run_0/metrics_summary.json
    Metrics summary (averaged over all series/windows/variates):
      MSE: 46.5403
      MAE: 4.8740
      RMSE: 6.2309
      MAPE: 0.5068
      sMAPE: 0.4130
      MASE: 0.9263
      ND: 0.3982
      CRPS: 0.3115
  Completed: 1 series × 30 windows
  Output: /fslarge/scratch/users/h61084/codes/evaluating_tsfms/outputs/context_size/tasks/chronos2/context_length/2048/multivariate/SG_PM25/H/medium/run_0

--- Term: long ---
  Config: prediction_length=168, test_length=2208, val_length=2160
TIME run allocation action=new run=/fslarge/scratch/users/h61084/codes/evaluating_tsfms/outputs/context_size/tasks/chronos2/context_length/2048/multivariate/SG_PM25/H/long/run_0 launch_id=selena_context_size_20260920T193931Z_45055 slurm_job_id=3506740 launched_at=2026-09-20T19:57:49.561954+00:00
  Initializing Chronos pipeline (/fslarge/scratch/users/h61084/weights/chronos2)...
  Dataset info:
    - Frequency: H
    - Num series: 1
    - Target dim: 5
    - Target mode: multivariate
    - Covariate channels: 0
    - Series length: min=38688, max=38688, avg=38688.0
    - Test split: 2208 steps
    - Prediction length: 168
    - Windows: 13
    Total instances: 13, Series during experiment: 1, Windows: 13
    Collecting ground truth and context...
    Organizing data into arrays...
    Saved predictions (quantiles) to /fslarge/scratch/users/h61084/codes/evaluating_tsfms/outputs/context_size/tasks/chronos2/context_length/2048/multivariate/SG_PM25/H/long/run_0/predictions.npz
    Computing per-window metrics...
    Saved metrics to /fslarge/scratch/users/h61084/codes/evaluating_tsfms/outputs/context_size/tasks/chronos2/context_length/2048/multivariate/SG_PM25/H/long/run_0/metrics.npz
    Saved config to /fslarge/scratch/users/h61084/codes/evaluating_tsfms/outputs/context_size/tasks/chronos2/context_length/2048/multivariate/SG_PM25/H/long/run_0/config.json
    Saved aggregate metrics to /fslarge/scratch/users/h61084/codes/evaluating_tsfms/outputs/context_size/tasks/chronos2/context_length/2048/multivariate/SG_PM25/H/long/run_0/metrics_summary.json
    Metrics summary (averaged over all series/windows/variates):
      MSE: 48.7674
      MAE: 5.0588
      RMSE: 6.5834
      MAPE: 0.5384
      sMAPE: 0.4255
      MASE: 0.9622
      ND: 0.4117
      CRPS: 0.3216
  Completed: 1 series × 13 windows
  Output: /fslarge/scratch/users/h61084/codes/evaluating_tsfms/outputs/context_size/tasks/chronos2/context_length/2048/multivariate/SG_PM25/H/long/run_0

============================================================
All experiments completed!
Results saved to: /scratch/users/h61084/codes/evaluating_tsfms/outputs/context_size/tasks
============================================================

############################################################
# All 1 dataset(s) completed!
############################################################

############################################################
# Dataset 1/1: NE_China_Wind/H
############################################################
[2026-09-20 19:57:58 UTC] resources model_device {"device": "cuda", "model": "chronos2"}
Loading configuration...

============================================================
Dataset: NE_China_Wind/H
Model: amazon/chronos-2
Checkpoint: /fslarge/scratch/users/h61084/weights/chronos2
Terms: ['short', 'medium', 'long']
Covariate mode: none
Instance normalization: none
============================================================

--- Term: short ---
  Config: prediction_length=24, test_length=720, val_length=720
TIME run allocation action=new run=/fslarge/scratch/users/h61084/codes/evaluating_tsfms/outputs/context_size/tasks/chronos2/context_length/2048/multivariate/NE_China_Wind/H/short/run_0 launch_id=selena_context_size_20260920T193931Z_45055 slurm_job_id=3506740 launched_at=2026-09-20T19:57:58.324623+00:00
  Initializing Chronos pipeline (/fslarge/scratch/users/h61084/weights/chronos2)...
  Dataset info:
    - Frequency: H
    - Num series: 1
    - Target dim: 4
    - Target mode: multivariate
    - Covariate channels: 0
    - Series length: min=8764, max=8764, avg=8764.0
    - Test split: 720 steps
    - Prediction length: 24
    - Windows: 30
    Total instances: 30, Series during experiment: 1, Windows: 30
    Collecting ground truth and context...
    Organizing data into arrays...
    Saved predictions (quantiles) to /fslarge/scratch/users/h61084/codes/evaluating_tsfms/outputs/context_size/tasks/chronos2/context_length/2048/multivariate/NE_China_Wind/H/short/run_0/predictions.npz
    Computing per-window metrics...
    Saved metrics to /fslarge/scratch/users/h61084/codes/evaluating_tsfms/outputs/context_size/tasks/chronos2/context_length/2048/multivariate/NE_China_Wind/H/short/run_0/metrics.npz
    Saved config to /fslarge/scratch/users/h61084/codes/evaluating_tsfms/outputs/context_size/tasks/chronos2/context_length/2048/multivariate/NE_China_Wind/H/short/run_0/config.json
    Saved aggregate metrics to /fslarge/scratch/users/h61084/codes/evaluating_tsfms/outputs/context_size/tasks/chronos2/context_length/2048/multivariate/NE_China_Wind/H/short/run_0/metrics_summary.json
    Metrics summary (averaged over all series/windows/variates):
      MSE: 0.0949
      MAE: 0.2105
      RMSE: 0.2464
      MAPE: 0.8276
      sMAPE: 0.4741
      MASE: 0.4972
      ND: 0.4276
      CRPS: 0.3324
  Completed: 1 series × 30 windows
  Output: /fslarge/scratch/users/h61084/codes/evaluating_tsfms/outputs/context_size/tasks/chronos2/context_length/2048/multivariate/NE_China_Wind/H/short/run_0

--- Term: medium ---
  Config: prediction_length=72, test_length=720, val_length=720
TIME run allocation action=new run=/fslarge/scratch/users/h61084/codes/evaluating_tsfms/outputs/context_size/tasks/chronos2/context_length/2048/multivariate/NE_China_Wind/H/medium/run_0 launch_id=selena_context_size_20260920T193931Z_45055 slurm_job_id=3506740 launched_at=2026-09-20T19:57:59.209889+00:00
  Initializing Chronos pipeline (/fslarge/scratch/users/h61084/weights/chronos2)...
  Dataset info:
    - Frequency: H
    - Num series: 1
    - Target dim: 4
    - Target mode: multivariate
    - Covariate channels: 0
    - Series length: min=8764, max=8764, avg=8764.0
    - Test split: 720 steps
    - Prediction length: 72
    - Windows: 10
    Total instances: 10, Series during experiment: 1, Windows: 10
    Collecting ground truth and context...
    Organizing data into arrays...
    Saved predictions (quantiles) to /fslarge/scratch/users/h61084/codes/evaluating_tsfms/outputs/context_size/tasks/chronos2/context_length/2048/multivariate/NE_China_Wind/H/medium/run_0/predictions.npz
    Computing per-window metrics...
    Saved metrics to /fslarge/scratch/users/h61084/codes/evaluating_tsfms/outputs/context_size/tasks/chronos2/context_length/2048/multivariate/NE_China_Wind/H/medium/run_0/metrics.npz
    Saved config to /fslarge/scratch/users/h61084/codes/evaluating_tsfms/outputs/context_size/tasks/chronos2/context_length/2048/multivariate/NE_China_Wind/H/medium/run_0/config.json
    Saved aggregate metrics to /fslarge/scratch/users/h61084/codes/evaluating_tsfms/outputs/context_size/tasks/chronos2/context_length/2048/multivariate/NE_China_Wind/H/medium/run_0/metrics_summary.json
    Metrics summary (averaged over all series/windows/variates):
      MSE: 0.2429
      MAE: 0.3630
      RMSE: 0.4236
      MAPE: 1.1008
      sMAPE: 0.6625
      MASE: 0.8999
      ND: 0.5750
      CRPS: 0.4436
  Completed: 1 series × 10 windows
  Output: /fslarge/scratch/users/h61084/codes/evaluating_tsfms/outputs/context_size/tasks/chronos2/context_length/2048/multivariate/NE_China_Wind/H/medium/run_0

--- Term: long ---
  Config: prediction_length=168, test_length=720, val_length=720
TIME run allocation action=new run=/fslarge/scratch/users/h61084/codes/evaluating_tsfms/outputs/context_size/tasks/chronos2/context_length/2048/multivariate/NE_China_Wind/H/long/run_0 launch_id=selena_context_size_20260920T193931Z_45055 slurm_job_id=3506740 launched_at=2026-09-20T19:57:59.509589+00:00
  Initializing Chronos pipeline (/fslarge/scratch/users/h61084/weights/chronos2)...
  Dataset info:
    - Frequency: H
    - Num series: 1
    - Target dim: 4
    - Target mode: multivariate
    - Covariate channels: 0
    - Series length: min=8764, max=8764, avg=8764.0
    - Test split: 720 steps
    - Prediction length: 168
    - Windows: 4
    Total instances: 4, Series during experiment: 1, Windows: 4
    Collecting ground truth and context...
    Organizing data into arrays...
    Saved predictions (quantiles) to /fslarge/scratch/users/h61084/codes/evaluating_tsfms/outputs/context_size/tasks/chronos2/context_length/2048/multivariate/NE_China_Wind/H/long/run_0/predictions.npz
    Computing per-window metrics...
    Saved metrics to /fslarge/scratch/users/h61084/codes/evaluating_tsfms/outputs/context_size/tasks/chronos2/context_length/2048/multivariate/NE_China_Wind/H/long/run_0/metrics.npz
    Saved config to /fslarge/scratch/users/h61084/codes/evaluating_tsfms/outputs/context_size/tasks/chronos2/context_length/2048/multivariate/NE_China_Wind/H/long/run_0/config.json
    Saved aggregate metrics to /fslarge/scratch/users/h61084/codes/evaluating_tsfms/outputs/context_size/tasks/chronos2/context_length/2048/multivariate/NE_China_Wind/H/long/run_0/metrics_summary.json
    Metrics summary (averaged over all series/windows/variates):
      MSE: 0.3321
      MAE: 0.4404
      RMSE: 0.5348
      MAPE: 1.2850
      sMAPE: 0.7482
      MASE: 1.2054
      ND: 0.5971
      CRPS: 0.4748
  Completed: 1 series × 4 windows
  Output: /fslarge/scratch/users/h61084/codes/evaluating_tsfms/outputs/context_size/tasks/chronos2/context_length/2048/multivariate/NE_China_Wind/H/long/run_0

============================================================
All experiments completed!
Results saved to: /scratch/users/h61084/codes/evaluating_tsfms/outputs/context_size/tasks
============================================================

############################################################
# All 1 dataset(s) completed!
############################################################

############################################################
# Dataset 1/1: Australia_Solar/H
############################################################
[2026-09-20 19:58:08 UTC] resources model_device {"device": "cuda", "model": "chronos2"}
Loading configuration...

============================================================
Dataset: Australia_Solar/H
Model: amazon/chronos-2
Checkpoint: /fslarge/scratch/users/h61084/weights/chronos2
Terms: ['short', 'medium', 'long']
Covariate mode: none
Instance normalization: none
============================================================

--- Term: short ---
  Config: prediction_length=24, test_length=2520, val_length=2520
TIME run allocation action=new run=/fslarge/scratch/users/h61084/codes/evaluating_tsfms/outputs/context_size/tasks/chronos2/context_length/2048/multivariate/Australia_Solar/H/short/run_0 launch_id=selena_context_size_20260920T193931Z_45055 slurm_job_id=3506740 launched_at=2026-09-20T19:58:08.253248+00:00
  Initializing Chronos pipeline (/fslarge/scratch/users/h61084/weights/chronos2)...
  Dataset info:
    - Frequency: H
    - Num series: 1
    - Target dim: 3
    - Target mode: multivariate
    - Covariate channels: 0
    - Series length: min=35064, max=35064, avg=35064.0
    - Test split: 2520 steps
    - Prediction length: 24
    - Windows: 105
    Total instances: 105, Series during experiment: 1, Windows: 105
    Collecting ground truth and context...
    Organizing data into arrays...
    ⚠️  Predictions max value (2157170.75) exceeds float16 safe range.
    ⚠️  Applying scale factor: 100 (values will be divided)
    Saved predictions (quantiles) to /fslarge/scratch/users/h61084/codes/evaluating_tsfms/outputs/context_size/tasks/chronos2/context_length/2048/multivariate/Australia_Solar/H/short/run_0/predictions.npz
    Computing per-window metrics...
    Saved metrics to /fslarge/scratch/users/h61084/codes/evaluating_tsfms/outputs/context_size/tasks/chronos2/context_length/2048/multivariate/Australia_Solar/H/short/run_0/metrics.npz
    Saved config to /fslarge/scratch/users/h61084/codes/evaluating_tsfms/outputs/context_size/tasks/chronos2/context_length/2048/multivariate/Australia_Solar/H/short/run_0/config.json
    Saved aggregate metrics to /fslarge/scratch/users/h61084/codes/evaluating_tsfms/outputs/context_size/tasks/chronos2/context_length/2048/multivariate/Australia_Solar/H/short/run_0/metrics_summary.json
    Metrics summary (averaged over all series/windows/variates):
      MSE: 25889494846.1114
      MAE: 80915.7952
      RMSE: 105945.6786
      MAPE: 263.5251
      sMAPE: 0.5916
      MASE: 1.0922
      ND: 0.3184
      CRPS: 0.2561
  Completed: 1 series × 105 windows
  Output: /fslarge/scratch/users/h61084/codes/evaluating_tsfms/outputs/context_size/tasks/chronos2/context_length/2048/multivariate/Australia_Solar/H/short/run_0

--- Term: medium ---
  Config: prediction_length=72, test_length=2520, val_length=2520
TIME run allocation action=new run=/fslarge/scratch/users/h61084/codes/evaluating_tsfms/outputs/context_size/tasks/chronos2/context_length/2048/multivariate/Australia_Solar/H/medium/run_0 launch_id=selena_context_size_20260920T193931Z_45055 slurm_job_id=3506740 launched_at=2026-09-20T19:58:09.447947+00:00
  Initializing Chronos pipeline (/fslarge/scratch/users/h61084/weights/chronos2)...
  Dataset info:
    - Frequency: H
    - Num series: 1
    - Target dim: 3
    - Target mode: multivariate
    - Covariate channels: 0
    - Series length: min=35064, max=35064, avg=35064.0
    - Test split: 2520 steps
    - Prediction length: 72
    - Windows: 35
    Total instances: 35, Series during experiment: 1, Windows: 35
    Collecting ground truth and context...
    Organizing data into arrays...
    ⚠️  Predictions max value (2309261.00) exceeds float16 safe range.
    ⚠️  Applying scale factor: 100 (values will be divided)
    Saved predictions (quantiles) to /fslarge/scratch/users/h61084/codes/evaluating_tsfms/outputs/context_size/tasks/chronos2/context_length/2048/multivariate/Australia_Solar/H/medium/run_0/predictions.npz
    Computing per-window metrics...
    Saved metrics to /fslarge/scratch/users/h61084/codes/evaluating_tsfms/outputs/context_size/tasks/chronos2/context_length/2048/multivariate/Australia_Solar/H/medium/run_0/metrics.npz
    Saved config to /fslarge/scratch/users/h61084/codes/evaluating_tsfms/outputs/context_size/tasks/chronos2/context_length/2048/multivariate/Australia_Solar/H/medium/run_0/config.json
    Saved aggregate metrics to /fslarge/scratch/users/h61084/codes/evaluating_tsfms/outputs/context_size/tasks/chronos2/context_length/2048/multivariate/Australia_Solar/H/medium/run_0/metrics_summary.json
    Metrics summary (averaged over all series/windows/variates):
      MSE: 26531977401.5208
      MAE: 83405.9082
      RMSE: 121329.6091
      MAPE: 275.8186
      sMAPE: 0.6020
      MASE: 1.1703
      ND: 0.2842
      CRPS: 0.2230
  Completed: 1 series × 35 windows
  Output: /fslarge/scratch/users/h61084/codes/evaluating_tsfms/outputs/context_size/tasks/chronos2/context_length/2048/multivariate/Australia_Solar/H/medium/run_0

--- Term: long ---
  Config: prediction_length=168, test_length=2520, val_length=2520
TIME run allocation action=new run=/fslarge/scratch/users/h61084/codes/evaluating_tsfms/outputs/context_size/tasks/chronos2/context_length/2048/multivariate/Australia_Solar/H/long/run_0 launch_id=selena_context_size_20260920T193931Z_45055 slurm_job_id=3506740 launched_at=2026-09-20T19:58:09.900044+00:00
  Initializing Chronos pipeline (/fslarge/scratch/users/h61084/weights/chronos2)...
  Dataset info:
    - Frequency: H
    - Num series: 1
    - Target dim: 3
    - Target mode: multivariate
    - Covariate channels: 0
    - Series length: min=35064, max=35064, avg=35064.0
    - Test split: 2520 steps
    - Prediction length: 168
    - Windows: 15
    Total instances: 15, Series during experiment: 1, Windows: 15
    Collecting ground truth and context...
    Organizing data into arrays...
    ⚠️  Predictions max value (2276153.00) exceeds float16 safe range.
    ⚠️  Applying scale factor: 100 (values will be divided)
    Saved predictions (quantiles) to /fslarge/scratch/users/h61084/codes/evaluating_tsfms/outputs/context_size/tasks/chronos2/context_length/2048/multivariate/Australia_Solar/H/long/run_0/predictions.npz
    Computing per-window metrics...
    Saved metrics to /fslarge/scratch/users/h61084/codes/evaluating_tsfms/outputs/context_size/tasks/chronos2/context_length/2048/multivariate/Australia_Solar/H/long/run_0/metrics.npz
    Saved config to /fslarge/scratch/users/h61084/codes/evaluating_tsfms/outputs/context_size/tasks/chronos2/context_length/2048/multivariate/Australia_Solar/H/long/run_0/config.json
    Saved aggregate metrics to /fslarge/scratch/users/h61084/codes/evaluating_tsfms/outputs/context_size/tasks/chronos2/context_length/2048/multivariate/Australia_Solar/H/long/run_0/metrics_summary.json
    Metrics summary (averaged over all series/windows/variates):
      MSE: 27706209399.5489
      MAE: 82990.0479
      RMSE: 128755.3410
      MAPE: 307.1170
      sMAPE: 0.5996
      MASE: 1.1987
      ND: 0.2689
      CRPS: 0.2093
  Completed: 1 series × 15 windows
  Output: /fslarge/scratch/users/h61084/codes/evaluating_tsfms/outputs/context_size/tasks/chronos2/context_length/2048/multivariate/Australia_Solar/H/long/run_0

============================================================
All experiments completed!
Results saved to: /scratch/users/h61084/codes/evaluating_tsfms/outputs/context_size/tasks
============================================================

############################################################
# All 1 dataset(s) completed!
############################################################

############################################################
# Dataset 1/1: epf_electricity_price/H
############################################################
[2026-09-20 19:58:18 UTC] resources model_device {"device": "cuda", "model": "chronos2"}
Loading configuration...

============================================================
Dataset: epf_electricity_price/H
Model: amazon/chronos-2
Checkpoint: /fslarge/scratch/users/h61084/weights/chronos2
Terms: ['short', 'medium', 'long']
Covariate mode: none
Instance normalization: none
============================================================

--- Term: short ---
  Config: prediction_length=24, test_length=2520, val_length=2520
TIME run allocation action=new run=/fslarge/scratch/users/h61084/codes/evaluating_tsfms/outputs/context_size/tasks/chronos2/context_length/2048/univariate/epf_electricity_price/H/short/run_0 launch_id=selena_context_size_20260920T193931Z_45055 slurm_job_id=3506740 launched_at=2026-09-20T19:58:18.683121+00:00
  Initializing Chronos pipeline (/fslarge/scratch/users/h61084/weights/chronos2)...
  Dataset info:
    - Frequency: H
    - Num series: 5
    - Target dim: 1
    - Target mode: univariate
    - Covariate channels: 0
    - Series length: min=52416, max=52416, avg=52416.0
    - Test split: 2520 steps
    - Prediction length: 24
    - Windows: 105
    Processed 160/525...
    Processed 320/525...
    Processed 480/525...
    Total instances: 525, Series during experiment: 5, Windows: 105
    Collecting ground truth and context...
    Organizing data into arrays...
    Saved predictions (quantiles) to /fslarge/scratch/users/h61084/codes/evaluating_tsfms/outputs/context_size/tasks/chronos2/context_length/2048/univariate/epf_electricity_price/H/short/run_0/predictions.npz
    Computing per-window metrics...
    Saved metrics to /fslarge/scratch/users/h61084/codes/evaluating_tsfms/outputs/context_size/tasks/chronos2/context_length/2048/univariate/epf_electricity_price/H/short/run_0/metrics.npz
    Saved config to /fslarge/scratch/users/h61084/codes/evaluating_tsfms/outputs/context_size/tasks/chronos2/context_length/2048/univariate/epf_electricity_price/H/short/run_0/config.json
    Saved aggregate metrics to /fslarge/scratch/users/h61084/codes/evaluating_tsfms/outputs/context_size/tasks/chronos2/context_length/2048/univariate/epf_electricity_price/H/short/run_0/metrics_summary.json
    Metrics summary (averaged over all series/windows/variates):
      MSE: 123.6609
      MAE: 6.0821
      RMSE: 7.6353
      MAPE: 1.2752
      sMAPE: 0.1575
      MASE: 0.9646
      ND: 0.1609
      CRPS: 0.1288
  Completed: 5 series × 105 windows
  Output: /fslarge/scratch/users/h61084/codes/evaluating_tsfms/outputs/context_size/tasks/chronos2/context_length/2048/univariate/epf_electricity_price/H/short/run_0

--- Term: medium ---
  Config: prediction_length=72, test_length=2520, val_length=2520
TIME run allocation action=new run=/fslarge/scratch/users/h61084/codes/evaluating_tsfms/outputs/context_size/tasks/chronos2/context_length/2048/univariate/epf_electricity_price/H/medium/run_0 launch_id=selena_context_size_20260920T193931Z_45055 slurm_job_id=3506740 launched_at=2026-09-20T19:58:20.353912+00:00
  Initializing Chronos pipeline (/fslarge/scratch/users/h61084/weights/chronos2)...
  Dataset info:
    - Frequency: H
    - Num series: 5
    - Target dim: 1
    - Target mode: univariate
    - Covariate channels: 0
    - Series length: min=52416, max=52416, avg=52416.0
    - Test split: 2520 steps
    - Prediction length: 72
    - Windows: 35
    Processed 160/175...
    Total instances: 175, Series during experiment: 5, Windows: 35
    Collecting ground truth and context...
    Organizing data into arrays...
    Saved predictions (quantiles) to /fslarge/scratch/users/h61084/codes/evaluating_tsfms/outputs/context_size/tasks/chronos2/context_length/2048/univariate/epf_electricity_price/H/medium/run_0/predictions.npz
    Computing per-window metrics...
    Saved metrics to /fslarge/scratch/users/h61084/codes/evaluating_tsfms/outputs/context_size/tasks/chronos2/context_length/2048/univariate/epf_electricity_price/H/medium/run_0/metrics.npz
    Saved config to /fslarge/scratch/users/h61084/codes/evaluating_tsfms/outputs/context_size/tasks/chronos2/context_length/2048/univariate/epf_electricity_price/H/medium/run_0/config.json
    Saved aggregate metrics to /fslarge/scratch/users/h61084/codes/evaluating_tsfms/outputs/context_size/tasks/chronos2/context_length/2048/univariate/epf_electricity_price/H/medium/run_0/metrics_summary.json
    Metrics summary (averaged over all series/windows/variates):
      MSE: 192.2046
      MAE: 7.6478
      RMSE: 10.0429
      MAPE: 1.7898
      sMAPE: 0.1901
      MASE: 1.2190
      ND: 0.1884
      CRPS: 0.1520
  Completed: 5 series × 35 windows
  Output: /fslarge/scratch/users/h61084/codes/evaluating_tsfms/outputs/context_size/tasks/chronos2/context_length/2048/univariate/epf_electricity_price/H/medium/run_0

--- Term: long ---
  Config: prediction_length=168, test_length=2520, val_length=2520
TIME run allocation action=new run=/fslarge/scratch/users/h61084/codes/evaluating_tsfms/outputs/context_size/tasks/chronos2/context_length/2048/univariate/epf_electricity_price/H/long/run_0 launch_id=selena_context_size_20260920T193931Z_45055 slurm_job_id=3506740 launched_at=2026-09-20T19:58:20.939845+00:00
  Initializing Chronos pipeline (/fslarge/scratch/users/h61084/weights/chronos2)...
  Dataset info:
    - Frequency: H
    - Num series: 5
    - Target dim: 1
    - Target mode: univariate
    - Covariate channels: 0
    - Series length: min=52416, max=52416, avg=52416.0
    - Test split: 2520 steps
    - Prediction length: 168
    - Windows: 15
    Total instances: 75, Series during experiment: 5, Windows: 15
    Collecting ground truth and context...
    Organizing data into arrays...
    Saved predictions (quantiles) to /fslarge/scratch/users/h61084/codes/evaluating_tsfms/outputs/context_size/tasks/chronos2/context_length/2048/univariate/epf_electricity_price/H/long/run_0/predictions.npz
    Computing per-window metrics...
    Saved metrics to /fslarge/scratch/users/h61084/codes/evaluating_tsfms/outputs/context_size/tasks/chronos2/context_length/2048/univariate/epf_electricity_price/H/long/run_0/metrics.npz
    Saved config to /fslarge/scratch/users/h61084/codes/evaluating_tsfms/outputs/context_size/tasks/chronos2/context_length/2048/univariate/epf_electricity_price/H/long/run_0/config.json
    Saved aggregate metrics to /fslarge/scratch/users/h61084/codes/evaluating_tsfms/outputs/context_size/tasks/chronos2/context_length/2048/univariate/epf_electricity_price/H/long/run_0/metrics_summary.json
    Metrics summary (averaged over all series/windows/variates):
      MSE: 226.5979
      MAE: 8.6601
      RMSE: 11.9310
      MAPE: 1.8261
      sMAPE: 0.2112
      MASE: 1.4192
      ND: 0.2047
      CRPS: 0.1632
  Completed: 5 series × 15 windows
  Output: /fslarge/scratch/users/h61084/codes/evaluating_tsfms/outputs/context_size/tasks/chronos2/context_length/2048/univariate/epf_electricity_price/H/long/run_0

============================================================
All experiments completed!
Results saved to: /scratch/users/h61084/codes/evaluating_tsfms/outputs/context_size/tasks
============================================================

############################################################
# All 1 dataset(s) completed!
############################################################

############################################################
# Dataset 1/1: OpenElectricity_NEM/5T
############################################################
[2026-09-20 19:58:29 UTC] resources model_device {"device": "cuda", "model": "chronos2"}
Loading configuration...

============================================================
Dataset: OpenElectricity_NEM/5T
Model: amazon/chronos-2
Checkpoint: /fslarge/scratch/users/h61084/weights/chronos2
Terms: ['short', 'medium', 'long']
Covariate mode: none
Instance normalization: none
============================================================

--- Term: short ---
  Config: prediction_length=24, test_length=4032, val_length=4032
TIME run allocation action=new run=/fslarge/scratch/users/h61084/codes/evaluating_tsfms/outputs/context_size/tasks/chronos2/context_length/2048/multivariate/OpenElectricity_NEM/5T/short/run_0 launch_id=selena_context_size_20260920T193931Z_45055 slurm_job_id=3506740 launched_at=2026-09-20T19:58:29.912941+00:00
  Initializing Chronos pipeline (/fslarge/scratch/users/h61084/weights/chronos2)...
  Dataset info:
    - Frequency: 5T
    - Num series: 1
    - Target dim: 10
    - Target mode: multivariate
    - Covariate channels: 0
    - Series length: min=43488, max=43488, avg=43488.0
    - Test split: 4032 steps
    - Prediction length: 24
    - Windows: 168
    Processed 160/168...
    Total instances: 168, Series during experiment: 1, Windows: 168
    Collecting ground truth and context...
    Organizing data into arrays...
    Saved predictions (quantiles) to /fslarge/scratch/users/h61084/codes/evaluating_tsfms/outputs/context_size/tasks/chronos2/context_length/2048/multivariate/OpenElectricity_NEM/5T/short/run_0/predictions.npz
    Computing per-window metrics...
    Saved metrics to /fslarge/scratch/users/h61084/codes/evaluating_tsfms/outputs/context_size/tasks/chronos2/context_length/2048/multivariate/OpenElectricity_NEM/5T/short/run_0/metrics.npz
    Saved config to /fslarge/scratch/users/h61084/codes/evaluating_tsfms/outputs/context_size/tasks/chronos2/context_length/2048/multivariate/OpenElectricity_NEM/5T/short/run_0/config.json
    Saved aggregate metrics to /fslarge/scratch/users/h61084/codes/evaluating_tsfms/outputs/context_size/tasks/chronos2/context_length/2048/multivariate/OpenElectricity_NEM/5T/short/run_0/metrics_summary.json
    Metrics summary (averaged over all series/windows/variates):
      MSE: 9509.3736
      MAE: 49.9344
      RMSE: 59.2293
      MAPE: 3.1869
      sMAPE: 0.1608
      MASE: 0.3883
      ND: 0.1516
      CRPS: 0.1225
  Completed: 1 series × 168 windows
  Output: /fslarge/scratch/users/h61084/codes/evaluating_tsfms/outputs/context_size/tasks/chronos2/context_length/2048/multivariate/OpenElectricity_NEM/5T/short/run_0

--- Term: medium ---
  Config: prediction_length=96, test_length=4032, val_length=4032
TIME run allocation action=new run=/fslarge/scratch/users/h61084/codes/evaluating_tsfms/outputs/context_size/tasks/chronos2/context_length/2048/multivariate/OpenElectricity_NEM/5T/medium/run_0 launch_id=selena_context_size_20260920T193931Z_45055 slurm_job_id=3506740 launched_at=2026-09-20T19:58:33.075417+00:00
  Initializing Chronos pipeline (/fslarge/scratch/users/h61084/weights/chronos2)...
  Dataset info:
    - Frequency: 5T
    - Num series: 1
    - Target dim: 10
    - Target mode: multivariate
    - Covariate channels: 0
    - Series length: min=43488, max=43488, avg=43488.0
    - Test split: 4032 steps
    - Prediction length: 96
    - Windows: 42
    Total instances: 42, Series during experiment: 1, Windows: 42
    Collecting ground truth and context...
    Organizing data into arrays...
    Saved predictions (quantiles) to /fslarge/scratch/users/h61084/codes/evaluating_tsfms/outputs/context_size/tasks/chronos2/context_length/2048/multivariate/OpenElectricity_NEM/5T/medium/run_0/predictions.npz
    Computing per-window metrics...
    Saved metrics to /fslarge/scratch/users/h61084/codes/evaluating_tsfms/outputs/context_size/tasks/chronos2/context_length/2048/multivariate/OpenElectricity_NEM/5T/medium/run_0/metrics.npz
    Saved config to /fslarge/scratch/users/h61084/codes/evaluating_tsfms/outputs/context_size/tasks/chronos2/context_length/2048/multivariate/OpenElectricity_NEM/5T/medium/run_0/config.json
    Saved aggregate metrics to /fslarge/scratch/users/h61084/codes/evaluating_tsfms/outputs/context_size/tasks/chronos2/context_length/2048/multivariate/OpenElectricity_NEM/5T/medium/run_0/metrics_summary.json
    Metrics summary (averaged over all series/windows/variates):
      MSE: 43480.5578
      MAE: 95.0369
      RMSE: 118.7150
      MAPE: 5.0836
      sMAPE: 0.2204
      MASE: 0.6045
      ND: 0.2098
      CRPS: 0.1666
  Completed: 1 series × 42 windows
  Output: /fslarge/scratch/users/h61084/codes/evaluating_tsfms/outputs/context_size/tasks/chronos2/context_length/2048/multivariate/OpenElectricity_NEM/5T/medium/run_0

--- Term: long ---
  Config: prediction_length=288, test_length=4032, val_length=4032
TIME run allocation action=new run=/fslarge/scratch/users/h61084/codes/evaluating_tsfms/outputs/context_size/tasks/chronos2/context_length/2048/multivariate/OpenElectricity_NEM/5T/long/run_0 launch_id=selena_context_size_20260920T193931Z_45055 slurm_job_id=3506740 launched_at=2026-09-20T19:58:34.029793+00:00
  Initializing Chronos pipeline (/fslarge/scratch/users/h61084/weights/chronos2)...
  Dataset info:
    - Frequency: 5T
    - Num series: 1
    - Target dim: 10
    - Target mode: multivariate
    - Covariate channels: 0
    - Series length: min=43488, max=43488, avg=43488.0
    - Test split: 4032 steps
    - Prediction length: 288
    - Windows: 14
    Total instances: 14, Series during experiment: 1, Windows: 14
    Collecting ground truth and context...
    Organizing data into arrays...
    Saved predictions (quantiles) to /fslarge/scratch/users/h61084/codes/evaluating_tsfms/outputs/context_size/tasks/chronos2/context_length/2048/multivariate/OpenElectricity_NEM/5T/long/run_0/predictions.npz
    Computing per-window metrics...
    Saved metrics to /fslarge/scratch/users/h61084/codes/evaluating_tsfms/outputs/context_size/tasks/chronos2/context_length/2048/multivariate/OpenElectricity_NEM/5T/long/run_0/metrics.npz
    Saved config to /fslarge/scratch/users/h61084/codes/evaluating_tsfms/outputs/context_size/tasks/chronos2/context_length/2048/multivariate/OpenElectricity_NEM/5T/long/run_0/config.json
    Saved aggregate metrics to /fslarge/scratch/users/h61084/codes/evaluating_tsfms/outputs/context_size/tasks/chronos2/context_length/2048/multivariate/OpenElectricity_NEM/5T/long/run_0/metrics_summary.json
    Metrics summary (averaged over all series/windows/variates):
      MSE: 51145.7836
      MAE: 110.8087
      RMSE: 147.9996
      MAPE: 5.7395
      sMAPE: 0.2524
      MASE: 0.7370
      ND: 0.2383
      CRPS: 0.1970
  Completed: 1 series × 14 windows
  Output: /fslarge/scratch/users/h61084/codes/evaluating_tsfms/outputs/context_size/tasks/chronos2/context_length/2048/multivariate/OpenElectricity_NEM/5T/long/run_0

============================================================
All experiments completed!
Results saved to: /scratch/users/h61084/codes/evaluating_tsfms/outputs/context_size/tasks
============================================================

############################################################
# All 1 dataset(s) completed!
############################################################

############################################################
# Dataset 1/1: EWELD_Load/15T
############################################################
[2026-09-20 19:58:42 UTC] resources model_device {"device": "cuda", "model": "chronos2"}
Loading configuration...

============================================================
Dataset: EWELD_Load/15T
Model: amazon/chronos-2
Checkpoint: /fslarge/scratch/users/h61084/weights/chronos2
Terms: ['short', 'medium', 'long']
Covariate mode: none
Instance normalization: none
============================================================

--- Term: short ---
  Config: prediction_length=24, test_length=1344, val_length=1344
TIME run allocation action=new run=/fslarge/scratch/users/h61084/codes/evaluating_tsfms/outputs/context_size/tasks/chronos2/context_length/2048/multivariate/EWELD_Load/15T/short/run_0 launch_id=selena_context_size_20260920T193931Z_45055 slurm_job_id=3506740 launched_at=2026-09-20T19:58:43.022494+00:00
  Initializing Chronos pipeline (/fslarge/scratch/users/h61084/weights/chronos2)...
  Dataset info:
    - Frequency: 15T
    - Num series: 1
    - Target dim: 10
    - Target mode: multivariate
    - Covariate channels: 0
    - Series length: min=20544, max=20544, avg=20544.0
    - Test split: 1344 steps
    - Prediction length: 24
    - Windows: 56
    Total instances: 56, Series during experiment: 1, Windows: 56
    Collecting ground truth and context...
    Organizing data into arrays...
    Saved predictions (quantiles) to /fslarge/scratch/users/h61084/codes/evaluating_tsfms/outputs/context_size/tasks/chronos2/context_length/2048/multivariate/EWELD_Load/15T/short/run_0/predictions.npz
    Computing per-window metrics...
    Saved metrics to /fslarge/scratch/users/h61084/codes/evaluating_tsfms/outputs/context_size/tasks/chronos2/context_length/2048/multivariate/EWELD_Load/15T/short/run_0/metrics.npz
    Saved config to /fslarge/scratch/users/h61084/codes/evaluating_tsfms/outputs/context_size/tasks/chronos2/context_length/2048/multivariate/EWELD_Load/15T/short/run_0/config.json
    Saved aggregate metrics to /fslarge/scratch/users/h61084/codes/evaluating_tsfms/outputs/context_size/tasks/chronos2/context_length/2048/multivariate/EWELD_Load/15T/short/run_0/metrics_summary.json
    Metrics summary (averaged over all series/windows/variates):
      MSE: 1148.2055
      MAE: 12.7887
      RMSE: 16.2846
      MAPE: 0.3444
      sMAPE: 0.2840
      MASE: 0.5427
      ND: 0.3637
      CRPS: 0.3020
  Completed: 1 series × 56 windows
  Output: /fslarge/scratch/users/h61084/codes/evaluating_tsfms/outputs/context_size/tasks/chronos2/context_length/2048/multivariate/EWELD_Load/15T/short/run_0

--- Term: medium ---
  Config: prediction_length=96, test_length=1344, val_length=1344
TIME run allocation action=new run=/fslarge/scratch/users/h61084/codes/evaluating_tsfms/outputs/context_size/tasks/chronos2/context_length/2048/multivariate/EWELD_Load/15T/medium/run_0 launch_id=selena_context_size_20260920T193931Z_45055 slurm_job_id=3506740 launched_at=2026-09-20T19:58:44.525909+00:00
  Initializing Chronos pipeline (/fslarge/scratch/users/h61084/weights/chronos2)...
  Dataset info:
    - Frequency: 15T
    - Num series: 1
    - Target dim: 10
    - Target mode: multivariate
    - Covariate channels: 0
    - Series length: min=20544, max=20544, avg=20544.0
    - Test split: 1344 steps
    - Prediction length: 96
    - Windows: 14
    Total instances: 14, Series during experiment: 1, Windows: 14
    Collecting ground truth and context...
    Organizing data into arrays...
    Saved predictions (quantiles) to /fslarge/scratch/users/h61084/codes/evaluating_tsfms/outputs/context_size/tasks/chronos2/context_length/2048/multivariate/EWELD_Load/15T/medium/run_0/predictions.npz
    Computing per-window metrics...
    Saved metrics to /fslarge/scratch/users/h61084/codes/evaluating_tsfms/outputs/context_size/tasks/chronos2/context_length/2048/multivariate/EWELD_Load/15T/medium/run_0/metrics.npz
    Saved config to /fslarge/scratch/users/h61084/codes/evaluating_tsfms/outputs/context_size/tasks/chronos2/context_length/2048/multivariate/EWELD_Load/15T/medium/run_0/config.json
    Saved aggregate metrics to /fslarge/scratch/users/h61084/codes/evaluating_tsfms/outputs/context_size/tasks/chronos2/context_length/2048/multivariate/EWELD_Load/15T/medium/run_0/metrics_summary.json
    Metrics summary (averaged over all series/windows/variates):
      MSE: 1273.2885
      MAE: 14.3751
      RMSE: 19.4022
      MAPE: 0.3980
      sMAPE: 0.3074
      MASE: 0.6422
      ND: 0.2166
      CRPS: 0.1735
  Completed: 1 series × 14 windows
  Output: /fslarge/scratch/users/h61084/codes/evaluating_tsfms/outputs/context_size/tasks/chronos2/context_length/2048/multivariate/EWELD_Load/15T/medium/run_0

--- Term: long ---
  Config: prediction_length=672, test_length=1344, val_length=1344
TIME run allocation action=new run=/fslarge/scratch/users/h61084/codes/evaluating_tsfms/outputs/context_size/tasks/chronos2/context_length/2048/multivariate/EWELD_Load/15T/long/run_0 launch_id=selena_context_size_20260920T193931Z_45055 slurm_job_id=3506740 launched_at=2026-09-20T19:58:45.009719+00:00
  Initializing Chronos pipeline (/fslarge/scratch/users/h61084/weights/chronos2)...
  Dataset info:
    - Frequency: 15T
    - Num series: 1
    - Target dim: 10
    - Target mode: multivariate
    - Covariate channels: 0
    - Series length: min=20544, max=20544, avg=20544.0
    - Test split: 1344 steps
    - Prediction length: 672
    - Windows: 2
    Total instances: 2, Series during experiment: 1, Windows: 2
    Collecting ground truth and context...
    Organizing data into arrays...
    Saved predictions (quantiles) to /fslarge/scratch/users/h61084/codes/evaluating_tsfms/outputs/context_size/tasks/chronos2/context_length/2048/multivariate/EWELD_Load/15T/long/run_0/predictions.npz
    Computing per-window metrics...
    Saved metrics to /fslarge/scratch/users/h61084/codes/evaluating_tsfms/outputs/context_size/tasks/chronos2/context_length/2048/multivariate/EWELD_Load/15T/long/run_0/metrics.npz
    Saved config to /fslarge/scratch/users/h61084/codes/evaluating_tsfms/outputs/context_size/tasks/chronos2/context_length/2048/multivariate/EWELD_Load/15T/long/run_0/config.json
    Saved aggregate metrics to /fslarge/scratch/users/h61084/codes/evaluating_tsfms/outputs/context_size/tasks/chronos2/context_length/2048/multivariate/EWELD_Load/15T/long/run_0/metrics_summary.json
    Metrics summary (averaged over all series/windows/variates):
      MSE: 1333.8406
      MAE: 14.8738
      RMSE: 20.7440
      MAPE: 0.4236
      sMAPE: 0.3435
      MASE: 0.7365
      ND: 0.2314
      CRPS: 0.1830
  Completed: 1 series × 2 windows
  Output: /fslarge/scratch/users/h61084/codes/evaluating_tsfms/outputs/context_size/tasks/chronos2/context_length/2048/multivariate/EWELD_Load/15T/long/run_0

============================================================
All experiments completed!
Results saved to: /scratch/users/h61084/codes/evaluating_tsfms/outputs/context_size/tasks
============================================================

############################################################
# All 1 dataset(s) completed!
############################################################

############################################################
# Dataset 1/1: SG_Carpark/15T
############################################################
[2026-09-20 19:58:53 UTC] resources model_device {"device": "cuda", "model": "chronos2"}
Loading configuration...

============================================================
Dataset: SG_Carpark/15T
Model: amazon/chronos-2
Checkpoint: /fslarge/scratch/users/h61084/weights/chronos2
Terms: ['short', 'medium', 'long']
Covariate mode: none
Instance normalization: none
============================================================

--- Term: short ---
  Config: prediction_length=16, test_length=672, val_length=672
TIME run allocation action=new run=/fslarge/scratch/users/h61084/codes/evaluating_tsfms/outputs/context_size/tasks/chronos2/context_length/2048/univariate/SG_Carpark/15T/short/run_0 launch_id=selena_context_size_20260920T193931Z_45055 slurm_job_id=3506740 launched_at=2026-09-20T19:58:53.778585+00:00
  Initializing Chronos pipeline (/fslarge/scratch/users/h61084/weights/chronos2)...
  Dataset info:
    - Frequency: 15T
    - Num series: 354
    - Target dim: 1
    - Target mode: univariate
    - Covariate channels: 0
    - Series length: min=14495, max=14495, avg=14495.0
    - Test split: 672 steps
    - Prediction length: 16
    - Windows: 42
    Processed 160/14868...
    Processed 320/14868...
    Processed 480/14868...
    Processed 640/14868...
    Processed 800/14868...
    Processed 960/14868...
    Processed 1120/14868...
    Processed 1280/14868...
    Processed 1440/14868...
    Processed 1600/14868...
    Processed 1760/14868...
    Processed 1920/14868...
    Processed 2080/14868...
    Processed 2240/14868...
    Processed 2400/14868...
    Processed 2560/14868...
    Processed 2720/14868...
    Processed 2880/14868...
    Processed 3040/14868...
    Processed 3200/14868...
    Processed 3360/14868...
    Processed 3520/14868...
    Processed 3680/14868...
    Processed 3840/14868...
    Processed 4000/14868...
    Processed 4160/14868...
    Processed 4320/14868...
    Processed 4480/14868...
    Processed 4640/14868...
    Processed 4800/14868...
    Processed 4960/14868...
    Processed 5120/14868...
    Processed 5280/14868...
    Processed 5440/14868...
    Processed 5600/14868...
    Processed 5760/14868...
    Processed 5920/14868...
    Processed 6080/14868...
    Processed 6240/14868...
    Processed 6400/14868...
    Processed 6560/14868...
    Processed 6720/14868...
    Processed 6880/14868...
    Processed 7040/14868...
    Processed 7200/14868...
    Processed 7360/14868...
    Processed 7520/14868...
    Processed 7680/14868...
    Processed 7840/14868...
    Processed 8000/14868...
    Processed 8160/14868...
    Processed 8320/14868...
    Processed 8480/14868...
    Processed 8640/14868...
    Processed 8800/14868...
    Processed 8960/14868...
    Processed 9120/14868...
    Processed 9280/14868...
    Processed 9440/14868...
    Processed 9600/14868...
    Processed 9760/14868...
    Processed 9920/14868...
    Processed 10080/14868...
    Processed 10240/14868...
    Processed 10400/14868...
    Processed 10560/14868...
    Processed 10720/14868...
    Processed 10880/14868...
    Processed 11040/14868...
    Processed 11200/14868...
    Processed 11360/14868...
    Processed 11520/14868...
    Processed 11680/14868...
    Processed 11840/14868...
    Processed 12000/14868...
    Processed 12160/14868...
    Processed 12320/14868...
    Processed 12480/14868...
    Processed 12640/14868...
    Processed 12800/14868...
    Processed 12960/14868...
    Processed 13120/14868...
    Processed 13280/14868...
    Processed 13440/14868...
    Processed 13600/14868...
    Processed 13760/14868...
    Processed 13920/14868...
    Processed 14080/14868...
    Processed 14240/14868...
    Processed 14400/14868...
    Processed 14560/14868...
    Processed 14720/14868...
    Processed 14868/14868...
    Total instances: 14868, Series during experiment: 354, Windows: 42
    Collecting ground truth and context...
    Organizing data into arrays...
    Saved predictions (quantiles) to /fslarge/scratch/users/h61084/codes/evaluating_tsfms/outputs/context_size/tasks/chronos2/context_length/2048/univariate/SG_Carpark/15T/short/run_0/predictions.npz
    Computing per-window metrics...
    Saved metrics to /fslarge/scratch/users/h61084/codes/evaluating_tsfms/outputs/context_size/tasks/chronos2/context_length/2048/univariate/SG_Carpark/15T/short/run_0/metrics.npz
    Saved config to /fslarge/scratch/users/h61084/codes/evaluating_tsfms/outputs/context_size/tasks/chronos2/context_length/2048/univariate/SG_Carpark/15T/short/run_0/config.json
    Saved aggregate metrics to /fslarge/scratch/users/h61084/codes/evaluating_tsfms/outputs/context_size/tasks/chronos2/context_length/2048/univariate/SG_Carpark/15T/short/run_0/metrics_summary.json
    Metrics summary (averaged over all series/windows/variates):
      MSE: 198.4362
      MAE: 5.3418
      RMSE: 6.8220
      MAPE: 0.0339
      sMAPE: 0.0443
      MASE: 0.3717
      ND: 0.0333
      CRPS: 0.0261
  Completed: 354 series × 42 windows
  Output: /fslarge/scratch/users/h61084/codes/evaluating_tsfms/outputs/context_size/tasks/chronos2/context_length/2048/univariate/SG_Carpark/15T/short/run_0

--- Term: medium ---
  Config: prediction_length=96, test_length=672, val_length=672
TIME run allocation action=new run=/fslarge/scratch/users/h61084/codes/evaluating_tsfms/outputs/context_size/tasks/chronos2/context_length/2048/univariate/SG_Carpark/15T/medium/run_0 launch_id=selena_context_size_20260920T193931Z_45055 slurm_job_id=3506740 launched_at=2026-09-20T19:59:18.038006+00:00
  Initializing Chronos pipeline (/fslarge/scratch/users/h61084/weights/chronos2)...
  Dataset info:
    - Frequency: 15T
    - Num series: 354
    - Target dim: 1
    - Target mode: univariate
    - Covariate channels: 0
    - Series length: min=14495, max=14495, avg=14495.0
    - Test split: 672 steps
    - Prediction length: 96
    - Windows: 7
    Processed 160/2478...
    Processed 320/2478...
    Processed 480/2478...
    Processed 640/2478...
    Processed 800/2478...
    Processed 960/2478...
    Processed 1120/2478...
    Processed 1280/2478...
    Processed 1440/2478...
    Processed 1600/2478...
    Processed 1760/2478...
    Processed 1920/2478...
    Processed 2080/2478...
    Processed 2240/2478...
    Processed 2400/2478...
    Total instances: 2478, Series during experiment: 354, Windows: 7
    Collecting ground truth and context...
    Organizing data into arrays...
    Saved predictions (quantiles) to /fslarge/scratch/users/h61084/codes/evaluating_tsfms/outputs/context_size/tasks/chronos2/context_length/2048/univariate/SG_Carpark/15T/medium/run_0/predictions.npz
    Computing per-window metrics...
    Saved metrics to /fslarge/scratch/users/h61084/codes/evaluating_tsfms/outputs/context_size/tasks/chronos2/context_length/2048/univariate/SG_Carpark/15T/medium/run_0/metrics.npz
    Saved config to /fslarge/scratch/users/h61084/codes/evaluating_tsfms/outputs/context_size/tasks/chronos2/context_length/2048/univariate/SG_Carpark/15T/medium/run_0/config.json
    Saved aggregate metrics to /fslarge/scratch/users/h61084/codes/evaluating_tsfms/outputs/context_size/tasks/chronos2/context_length/2048/univariate/SG_Carpark/15T/medium/run_0/metrics_summary.json
    Metrics summary (averaged over all series/windows/variates):
      MSE: 461.1596
      MAE: 7.9764
      RMSE: 11.0357
      MAPE: 0.0456
      sMAPE: 0.0552
      MASE: 0.5329
      ND: 0.0435
      CRPS: 0.0341
  Completed: 354 series × 7 windows
  Output: /fslarge/scratch/users/h61084/codes/evaluating_tsfms/outputs/context_size/tasks/chronos2/context_length/2048/univariate/SG_Carpark/15T/medium/run_0

--- Term: long ---
  Config: prediction_length=672, test_length=672, val_length=672
TIME run allocation action=new run=/fslarge/scratch/users/h61084/codes/evaluating_tsfms/outputs/context_size/tasks/chronos2/context_length/2048/univariate/SG_Carpark/15T/long/run_0 launch_id=selena_context_size_20260920T193931Z_45055 slurm_job_id=3506740 launched_at=2026-09-20T19:59:22.880968+00:00
  Initializing Chronos pipeline (/fslarge/scratch/users/h61084/weights/chronos2)...
  Dataset info:
    - Frequency: 15T
    - Num series: 354
    - Target dim: 1
    - Target mode: univariate
    - Covariate channels: 0
    - Series length: min=14495, max=14495, avg=14495.0
    - Test split: 672 steps
    - Prediction length: 672
    - Windows: 1
    Processed 160/354...
    Processed 320/354...
    Total instances: 354, Series during experiment: 354, Windows: 1
    Collecting ground truth and context...
    Organizing data into arrays...
    Saved predictions (quantiles) to /fslarge/scratch/users/h61084/codes/evaluating_tsfms/outputs/context_size/tasks/chronos2/context_length/2048/univariate/SG_Carpark/15T/long/run_0/predictions.npz
    Computing per-window metrics...
    Saved metrics to /fslarge/scratch/users/h61084/codes/evaluating_tsfms/outputs/context_size/tasks/chronos2/context_length/2048/univariate/SG_Carpark/15T/long/run_0/metrics.npz
    Saved config to /fslarge/scratch/users/h61084/codes/evaluating_tsfms/outputs/context_size/tasks/chronos2/context_length/2048/univariate/SG_Carpark/15T/long/run_0/config.json
    Saved aggregate metrics to /fslarge/scratch/users/h61084/codes/evaluating_tsfms/outputs/context_size/tasks/chronos2/context_length/2048/univariate/SG_Carpark/15T/long/run_0/metrics_summary.json
    Metrics summary (averaged over all series/windows/variates):
      MSE: 782.0291
      MAE: 11.0737
      RMSE: 15.8743
      MAPE: 0.0639
      sMAPE: 0.0686
      MASE: 0.7345
      ND: 0.0638
      CRPS: 0.0481
  Completed: 354 series × 1 windows
  Output: /fslarge/scratch/users/h61084/codes/evaluating_tsfms/outputs/context_size/tasks/chronos2/context_length/2048/univariate/SG_Carpark/15T/long/run_0

============================================================
All experiments completed!
Results saved to: /scratch/users/h61084/codes/evaluating_tsfms/outputs/context_size/tasks
============================================================

############################################################
# All 1 dataset(s) completed!
############################################################

############################################################
# Dataset 1/1: Finland_Traffic/15T
############################################################
[2026-09-20 19:59:33 UTC] resources model_device {"device": "cuda", "model": "chronos2"}
Loading configuration...

============================================================
Dataset: Finland_Traffic/15T
Model: amazon/chronos-2
Checkpoint: /fslarge/scratch/users/h61084/weights/chronos2
Terms: ['short', 'medium', 'long']
Covariate mode: none
Instance normalization: none
============================================================

--- Term: short ---
  Config: prediction_length=16, test_length=2976, val_length=2880
TIME run allocation action=new run=/fslarge/scratch/users/h61084/codes/evaluating_tsfms/outputs/context_size/tasks/chronos2/context_length/2048/univariate/Finland_Traffic/15T/short/run_0 launch_id=selena_context_size_20260920T193931Z_45055 slurm_job_id=3506740 launched_at=2026-09-20T19:59:33.986492+00:00
  Initializing Chronos pipeline (/fslarge/scratch/users/h61084/weights/chronos2)...
  Dataset info:
    - Frequency: 15T
    - Num series: 1
    - Target dim: 1
    - Target mode: univariate
    - Covariate channels: 0
    - Series length: min=35136, max=35136, avg=35136.0
    - Test split: 2976 steps
    - Prediction length: 16
    - Windows: 186
    Processed 160/186...
    Total instances: 186, Series during experiment: 1, Windows: 186
    Collecting ground truth and context...
    Organizing data into arrays...
    Saved predictions (quantiles) to /fslarge/scratch/users/h61084/codes/evaluating_tsfms/outputs/context_size/tasks/chronos2/context_length/2048/univariate/Finland_Traffic/15T/short/run_0/predictions.npz
    Computing per-window metrics...
    Saved metrics to /fslarge/scratch/users/h61084/codes/evaluating_tsfms/outputs/context_size/tasks/chronos2/context_length/2048/univariate/Finland_Traffic/15T/short/run_0/metrics.npz
    Saved config to /fslarge/scratch/users/h61084/codes/evaluating_tsfms/outputs/context_size/tasks/chronos2/context_length/2048/univariate/Finland_Traffic/15T/short/run_0/config.json
    Saved aggregate metrics to /fslarge/scratch/users/h61084/codes/evaluating_tsfms/outputs/context_size/tasks/chronos2/context_length/2048/univariate/Finland_Traffic/15T/short/run_0/metrics_summary.json
    Metrics summary (averaged over all series/windows/variates):
      MSE: 751.4084
      MAE: 16.0700
      RMSE: 19.7931
      MAPE: 0.2490
      sMAPE: 0.1836
      MASE: 0.3909
      ND: 0.2172
      CRPS: 0.1735
  Completed: 1 series × 186 windows
  Output: /fslarge/scratch/users/h61084/codes/evaluating_tsfms/outputs/context_size/tasks/chronos2/context_length/2048/univariate/Finland_Traffic/15T/short/run_0

--- Term: medium ---
  Config: prediction_length=96, test_length=2976, val_length=2880
TIME run allocation action=new run=/fslarge/scratch/users/h61084/codes/evaluating_tsfms/outputs/context_size/tasks/chronos2/context_length/2048/univariate/Finland_Traffic/15T/medium/run_0 launch_id=selena_context_size_20260920T193931Z_45055 slurm_job_id=3506740 launched_at=2026-09-20T19:59:35.187012+00:00
  Initializing Chronos pipeline (/fslarge/scratch/users/h61084/weights/chronos2)...
  Dataset info:
    - Frequency: 15T
    - Num series: 1
    - Target dim: 1
    - Target mode: univariate
    - Covariate channels: 0
    - Series length: min=35136, max=35136, avg=35136.0
    - Test split: 2976 steps
    - Prediction length: 96
    - Windows: 31
    Total instances: 31, Series during experiment: 1, Windows: 31
    Collecting ground truth and context...
    Organizing data into arrays...
    Saved predictions (quantiles) to /fslarge/scratch/users/h61084/codes/evaluating_tsfms/outputs/context_size/tasks/chronos2/context_length/2048/univariate/Finland_Traffic/15T/medium/run_0/predictions.npz
    Computing per-window metrics...
    Saved metrics to /fslarge/scratch/users/h61084/codes/evaluating_tsfms/outputs/context_size/tasks/chronos2/context_length/2048/univariate/Finland_Traffic/15T/medium/run_0/metrics.npz
    Saved config to /fslarge/scratch/users/h61084/codes/evaluating_tsfms/outputs/context_size/tasks/chronos2/context_length/2048/univariate/Finland_Traffic/15T/medium/run_0/config.json
    Saved aggregate metrics to /fslarge/scratch/users/h61084/codes/evaluating_tsfms/outputs/context_size/tasks/chronos2/context_length/2048/univariate/Finland_Traffic/15T/medium/run_0/metrics_summary.json
    Metrics summary (averaged over all series/windows/variates):
      MSE: 1347.3515
      MAE: 21.8223
      RMSE: 30.6769
      MAPE: 0.2942
      sMAPE: 0.2169
      MASE: 0.5306
      ND: 0.1759
      CRPS: 0.1410
  Completed: 1 series × 31 windows
  Output: /fslarge/scratch/users/h61084/codes/evaluating_tsfms/outputs/context_size/tasks/chronos2/context_length/2048/univariate/Finland_Traffic/15T/medium/run_0

--- Term: long ---
  Config: prediction_length=672, test_length=2976, val_length=2880
TIME run allocation action=new run=/fslarge/scratch/users/h61084/codes/evaluating_tsfms/outputs/context_size/tasks/chronos2/context_length/2048/univariate/Finland_Traffic/15T/long/run_0 launch_id=selena_context_size_20260920T193931Z_45055 slurm_job_id=3506740 launched_at=2026-09-20T19:59:35.492541+00:00
  Initializing Chronos pipeline (/fslarge/scratch/users/h61084/weights/chronos2)...
  Dataset info:
    - Frequency: 15T
    - Num series: 1
    - Target dim: 1
    - Target mode: univariate
    - Covariate channels: 0
    - Series length: min=35136, max=35136, avg=35136.0
    - Test split: 2976 steps
    - Prediction length: 672
    - Windows: 4
    Total instances: 4, Series during experiment: 1, Windows: 4
    Collecting ground truth and context...
    Organizing data into arrays...
    Saved predictions (quantiles) to /fslarge/scratch/users/h61084/codes/evaluating_tsfms/outputs/context_size/tasks/chronos2/context_length/2048/univariate/Finland_Traffic/15T/long/run_0/predictions.npz
    Computing per-window metrics...
    Saved metrics to /fslarge/scratch/users/h61084/codes/evaluating_tsfms/outputs/context_size/tasks/chronos2/context_length/2048/univariate/Finland_Traffic/15T/long/run_0/metrics.npz
    Saved config to /fslarge/scratch/users/h61084/codes/evaluating_tsfms/outputs/context_size/tasks/chronos2/context_length/2048/univariate/Finland_Traffic/15T/long/run_0/config.json
    Saved aggregate metrics to /fslarge/scratch/users/h61084/codes/evaluating_tsfms/outputs/context_size/tasks/chronos2/context_length/2048/univariate/Finland_Traffic/15T/long/run_0/metrics_summary.json
    Metrics summary (averaged over all series/windows/variates):
      MSE: 1772.1612
      MAE: 23.8425
      RMSE: 37.7744
      MAPE: 0.3655
      sMAPE: 0.2278
      MASE: 0.5786
      ND: 0.1848
      CRPS: 0.1547
  Completed: 1 series × 4 windows
  Output: /fslarge/scratch/users/h61084/codes/evaluating_tsfms/outputs/context_size/tasks/chronos2/context_length/2048/univariate/Finland_Traffic/15T/long/run_0

============================================================
All experiments completed!
Results saved to: /scratch/users/h61084/codes/evaluating_tsfms/outputs/context_size/tasks
============================================================

############################################################
# All 1 dataset(s) completed!
############################################################

############################################################
# Dataset 1/1: Port_Activity/D
############################################################
[2026-09-20 19:59:44 UTC] resources model_device {"device": "cuda", "model": "chronos2"}
Loading configuration...

============================================================
Dataset: Port_Activity/D
Model: amazon/chronos-2
Checkpoint: /fslarge/scratch/users/h61084/weights/chronos2
Terms: ['short']
Covariate mode: none
Instance normalization: none
============================================================

--- Term: short ---
  Config: prediction_length=30, test_length=365, val_length=90
TIME run allocation action=new run=/fslarge/scratch/users/h61084/codes/evaluating_tsfms/outputs/context_size/tasks/chronos2/context_length/2048/multivariate/Port_Activity/D/short/run_0 launch_id=selena_context_size_20260920T193931Z_45055 slurm_job_id=3506740 launched_at=2026-09-20T19:59:44.366557+00:00
  Initializing Chronos pipeline (/fslarge/scratch/users/h61084/weights/chronos2)...
  Dataset info:
    - Frequency: D
    - Num series: 99
    - Target dim: 2
    - Target mode: multivariate
    - Covariate channels: 0
    - Series length: min=2127, max=2127, avg=2127.0
    - Test split: 365 steps
    - Prediction length: 30
    - Windows: 12
    Processed 160/1188...
    Processed 320/1188...
    Processed 480/1188...
    Processed 640/1188...
    Processed 800/1188...
    Processed 960/1188...
    Processed 1120/1188...
    Total instances: 1188, Series during experiment: 99, Windows: 12
    Collecting ground truth and context...
    Organizing data into arrays...
    ⚠️  Predictions max value (516638.62) exceeds float16 safe range.
    ⚠️  Applying scale factor: 10 (values will be divided)
    Saved predictions (quantiles) to /fslarge/scratch/users/h61084/codes/evaluating_tsfms/outputs/context_size/tasks/chronos2/context_length/2048/multivariate/Port_Activity/D/short/run_0/predictions.npz
    Computing per-window metrics...
    Saved metrics to /fslarge/scratch/users/h61084/codes/evaluating_tsfms/outputs/context_size/tasks/chronos2/context_length/2048/multivariate/Port_Activity/D/short/run_0/metrics.npz
    Saved config to /fslarge/scratch/users/h61084/codes/evaluating_tsfms/outputs/context_size/tasks/chronos2/context_length/2048/multivariate/Port_Activity/D/short/run_0/config.json
    Saved aggregate metrics to /fslarge/scratch/users/h61084/codes/evaluating_tsfms/outputs/context_size/tasks/chronos2/context_length/2048/multivariate/Port_Activity/D/short/run_0/metrics_summary.json
    Metrics summary (averaged over all series/windows/variates):
      MSE: 951593939.9738
      MAE: 15422.8344
      RMSE: 21229.7476
      MAPE: 2.7262
      sMAPE: 0.9455
      MASE: 0.6588
      ND: 0.7477
      CRPS: 0.5998
  Completed: 99 series × 12 windows
  Output: /fslarge/scratch/users/h61084/codes/evaluating_tsfms/outputs/context_size/tasks/chronos2/context_length/2048/multivariate/Port_Activity/D/short/run_0

============================================================
All experiments completed!
Results saved to: /scratch/users/h61084/codes/evaluating_tsfms/outputs/context_size/tasks
============================================================

############################################################
# All 1 dataset(s) completed!
############################################################

############################################################
# Dataset 1/1: Port_Activity/W
############################################################
[2026-09-20 19:59:57 UTC] resources model_device {"device": "cuda", "model": "chronos2"}
Loading configuration...

============================================================
Dataset: Port_Activity/W
Model: amazon/chronos-2
Checkpoint: /fslarge/scratch/users/h61084/weights/chronos2
Terms: ['short']
Covariate mode: none
Instance normalization: none
============================================================

--- Term: short ---
  Config: prediction_length=13, test_length=52, val_length=13
TIME run allocation action=new run=/fslarge/scratch/users/h61084/codes/evaluating_tsfms/outputs/context_size/tasks/chronos2/context_length/2048/multivariate/Port_Activity/W/short/run_0 launch_id=selena_context_size_20260920T193931Z_45055 slurm_job_id=3506740 launched_at=2026-09-20T19:59:57.115223+00:00
  Initializing Chronos pipeline (/fslarge/scratch/users/h61084/weights/chronos2)...
  Dataset info:
    - Frequency: W
    - Num series: 99
    - Target dim: 2
    - Target mode: multivariate
    - Covariate channels: 0
    - Series length: min=304, max=304, avg=304.0
    - Test split: 52 steps
    - Prediction length: 13
    - Windows: 4
    Processed 160/396...
    Processed 320/396...
    Total instances: 396, Series during experiment: 99, Windows: 4
    Collecting ground truth and context...
    Organizing data into arrays...
    ⚠️  Predictions max value (2878480.00) exceeds float16 safe range.
    ⚠️  Applying scale factor: 100 (values will be divided)
    Saved predictions (quantiles) to /fslarge/scratch/users/h61084/codes/evaluating_tsfms/outputs/context_size/tasks/chronos2/context_length/2048/multivariate/Port_Activity/W/short/run_0/predictions.npz
    Computing per-window metrics...
    Saved metrics to /fslarge/scratch/users/h61084/codes/evaluating_tsfms/outputs/context_size/tasks/chronos2/context_length/2048/multivariate/Port_Activity/W/short/run_0/metrics.npz
    Saved config to /fslarge/scratch/users/h61084/codes/evaluating_tsfms/outputs/context_size/tasks/chronos2/context_length/2048/multivariate/Port_Activity/W/short/run_0/config.json
    Saved aggregate metrics to /fslarge/scratch/users/h61084/codes/evaluating_tsfms/outputs/context_size/tasks/chronos2/context_length/2048/multivariate/Port_Activity/W/short/run_0/metrics_summary.json
    Metrics summary (averaged over all series/windows/variates):
      MSE: 5925837164.9694
      MAE: 43773.5301
      RMSE: 53543.8607
      MAPE: 0.6257
      sMAPE: 0.3408
      MASE: 0.7793
      ND: 0.3350
      CRPS: 0.2604
  Completed: 99 series × 4 windows
  Output: /fslarge/scratch/users/h61084/codes/evaluating_tsfms/outputs/context_size/tasks/chronos2/context_length/2048/multivariate/Port_Activity/W/short/run_0

============================================================
All experiments completed!
Results saved to: /scratch/users/h61084/codes/evaluating_tsfms/outputs/context_size/tasks
============================================================

############################################################
# All 1 dataset(s) completed!
############################################################

############################################################
# Dataset 1/1: ECDC_COVID/D
############################################################
[2026-09-20 20:00:06 UTC] resources model_device {"device": "cuda", "model": "chronos2"}
Loading configuration...

============================================================
Dataset: ECDC_COVID/D
Model: amazon/chronos-2
Checkpoint: /fslarge/scratch/users/h61084/weights/chronos2
Terms: ['short']
Covariate mode: none
Instance normalization: none
============================================================

--- Term: short ---
  Config: prediction_length=30, test_length=150, val_length=30
TIME run allocation action=new run=/fslarge/scratch/users/h61084/codes/evaluating_tsfms/outputs/context_size/tasks/chronos2/context_length/2048/univariate/ECDC_COVID/D/short/run_0 launch_id=selena_context_size_20260920T193931Z_45055 slurm_job_id=3506740 launched_at=2026-09-20T20:00:06.839928+00:00
  Initializing Chronos pipeline (/fslarge/scratch/users/h61084/weights/chronos2)...
  Dataset info:
    - Frequency: D
    - Num series: 9
    - Target dim: 1
    - Target mode: univariate
    - Covariate channels: 0
    - Series length: min=794, max=1229, avg=1116.6
    - Test split: 150 steps
    - Prediction length: 30
    - Windows: 5
    Total instances: 45, Series during experiment: 9, Windows: 5
    Collecting ground truth and context...
    Organizing data into arrays...
    Saved predictions (quantiles) to /fslarge/scratch/users/h61084/codes/evaluating_tsfms/outputs/context_size/tasks/chronos2/context_length/2048/univariate/ECDC_COVID/D/short/run_0/predictions.npz
    Computing per-window metrics...
    Saved metrics to /fslarge/scratch/users/h61084/codes/evaluating_tsfms/outputs/context_size/tasks/chronos2/context_length/2048/univariate/ECDC_COVID/D/short/run_0/metrics.npz
    Saved config to /fslarge/scratch/users/h61084/codes/evaluating_tsfms/outputs/context_size/tasks/chronos2/context_length/2048/univariate/ECDC_COVID/D/short/run_0/config.json
    Saved aggregate metrics to /fslarge/scratch/users/h61084/codes/evaluating_tsfms/outputs/context_size/tasks/chronos2/context_length/2048/univariate/ECDC_COVID/D/short/run_0/metrics_summary.json
    Metrics summary (averaged over all series/windows/variates):
      MSE: 50053.2511
      MAE: 122.2206
      RMSE: 143.2937
      MAPE: 0.5303
      sMAPE: 0.3391
      MASE: 3.2511
      ND: 0.4029
      CRPS: 0.3077
  Completed: 9 series × 5 windows
  Output: /fslarge/scratch/users/h61084/codes/evaluating_tsfms/outputs/context_size/tasks/chronos2/context_length/2048/univariate/ECDC_COVID/D/short/run_0

============================================================
All experiments completed!
Results saved to: /scratch/users/h61084/codes/evaluating_tsfms/outputs/context_size/tasks
============================================================

############################################################
# All 1 dataset(s) completed!
############################################################

############################################################
# Dataset 1/1: ECDC_COVID/W
############################################################
[2026-09-20 20:00:16 UTC] resources model_device {"device": "cuda", "model": "chronos2"}
Loading configuration...

============================================================
Dataset: ECDC_COVID/W
Model: amazon/chronos-2
Checkpoint: /fslarge/scratch/users/h61084/weights/chronos2
Terms: ['short']
Covariate mode: none
Instance normalization: none
============================================================

--- Term: short ---
  Config: prediction_length=13, test_length=52, val_length=13
TIME run allocation action=new run=/fslarge/scratch/users/h61084/codes/evaluating_tsfms/outputs/context_size/tasks/chronos2/context_length/2048/univariate/ECDC_COVID/W/short/run_0 launch_id=selena_context_size_20260920T193931Z_45055 slurm_job_id=3506740 launched_at=2026-09-20T20:00:16.251681+00:00
  Initializing Chronos pipeline (/fslarge/scratch/users/h61084/weights/chronos2)...
  Dataset info:
    - Frequency: W
    - Num series: 16
    - Target dim: 1
    - Target mode: univariate
    - Covariate channels: 0
    - Series length: min=114, max=196, avg=165.4
    - Test split: 52 steps
    - Prediction length: 13
    - Windows: 4
    Total instances: 64, Series during experiment: 16, Windows: 4
    Collecting ground truth and context...
    Organizing data into arrays...
    Saved predictions (quantiles) to /fslarge/scratch/users/h61084/codes/evaluating_tsfms/outputs/context_size/tasks/chronos2/context_length/2048/univariate/ECDC_COVID/W/short/run_0/predictions.npz
    Computing per-window metrics...
    Saved metrics to /fslarge/scratch/users/h61084/codes/evaluating_tsfms/outputs/context_size/tasks/chronos2/context_length/2048/univariate/ECDC_COVID/W/short/run_0/metrics.npz
    Saved config to /fslarge/scratch/users/h61084/codes/evaluating_tsfms/outputs/context_size/tasks/chronos2/context_length/2048/univariate/ECDC_COVID/W/short/run_0/config.json
    Saved aggregate metrics to /fslarge/scratch/users/h61084/codes/evaluating_tsfms/outputs/context_size/tasks/chronos2/context_length/2048/univariate/ECDC_COVID/W/short/run_0/metrics_summary.json
    Metrics summary (averaged over all series/windows/variates):
      MSE: 2437816.6815
      MAE: 573.4416
      RMSE: 668.2329
      MAPE: 1.0931
      sMAPE: 0.5419
      MASE: 1.4614
      ND: 0.6585
      CRPS: 0.5471
  Completed: 16 series × 4 windows
  Output: /fslarge/scratch/users/h61084/codes/evaluating_tsfms/outputs/context_size/tasks/chronos2/context_length/2048/univariate/ECDC_COVID/W/short/run_0

============================================================
All experiments completed!
Results saved to: /scratch/users/h61084/codes/evaluating_tsfms/outputs/context_size/tasks
============================================================

############################################################
# All 1 dataset(s) completed!
############################################################

############################################################
# Dataset 1/1: Global_Influenza/W
############################################################
[2026-09-20 20:00:25 UTC] resources model_device {"device": "cuda", "model": "chronos2"}
Loading configuration...

============================================================
Dataset: Global_Influenza/W
Model: amazon/chronos-2
Checkpoint: /fslarge/scratch/users/h61084/weights/chronos2
Terms: ['short']
Covariate mode: none
Instance normalization: none
============================================================

--- Term: short ---
  Config: prediction_length=13, test_length=52, val_length=13
TIME run allocation action=new run=/fslarge/scratch/users/h61084/codes/evaluating_tsfms/outputs/context_size/tasks/chronos2/context_length/2048/multivariate/Global_Influenza/W/short/run_0 launch_id=selena_context_size_20260920T193931Z_45055 slurm_job_id=3506740 launched_at=2026-09-20T20:00:25.500055+00:00
  Initializing Chronos pipeline (/fslarge/scratch/users/h61084/weights/chronos2)...
  Dataset info:
    - Frequency: W
    - Num series: 15
    - Target dim: 4
    - Target mode: multivariate
    - Covariate channels: 0
    - Series length: min=154, max=210, avg=205.6
    - Test split: 52 steps
    - Prediction length: 13
    - Windows: 4
    Total instances: 60, Series during experiment: 15, Windows: 4
    Collecting ground truth and context...
    Organizing data into arrays...
    ⚠️  Predictions max value (95591.98) exceeds float16 safe range.
    ⚠️  Applying scale factor: 10 (values will be divided)
    Saved predictions (quantiles) to /fslarge/scratch/users/h61084/codes/evaluating_tsfms/outputs/context_size/tasks/chronos2/context_length/2048/multivariate/Global_Influenza/W/short/run_0/predictions.npz
    Computing per-window metrics...
    Saved metrics to /fslarge/scratch/users/h61084/codes/evaluating_tsfms/outputs/context_size/tasks/chronos2/context_length/2048/multivariate/Global_Influenza/W/short/run_0/metrics.npz
    Saved config to /fslarge/scratch/users/h61084/codes/evaluating_tsfms/outputs/context_size/tasks/chronos2/context_length/2048/multivariate/Global_Influenza/W/short/run_0/config.json
    Saved aggregate metrics to /fslarge/scratch/users/h61084/codes/evaluating_tsfms/outputs/context_size/tasks/chronos2/context_length/2048/multivariate/Global_Influenza/W/short/run_0/metrics_summary.json
    Metrics summary (averaged over all series/windows/variates):
      MSE: 2304468.1153
      MAE: 429.1852
      RMSE: 544.7524
      MAPE: 0.6197
      sMAPE: 0.4561
      MASE: 2.6876
      ND: 0.4566
      CRPS: 0.3643
  Completed: 15 series × 4 windows
  Output: /fslarge/scratch/users/h61084/codes/evaluating_tsfms/outputs/context_size/tasks/chronos2/context_length/2048/multivariate/Global_Influenza/W/short/run_0

============================================================
All experiments completed!
Results saved to: /scratch/users/h61084/codes/evaluating_tsfms/outputs/context_size/tasks
============================================================

############################################################
# All 1 dataset(s) completed!
############################################################

############################################################
# Dataset 1/1: Crypto/D
############################################################
[2026-09-20 20:00:34 UTC] resources model_device {"device": "cuda", "model": "chronos2"}
Loading configuration...

============================================================
Dataset: Crypto/D
Model: amazon/chronos-2
Checkpoint: /fslarge/scratch/users/h61084/weights/chronos2
Terms: ['short']
Covariate mode: none
Instance normalization: none
============================================================

--- Term: short ---
  Config: prediction_length=30, test_length=273, val_length=92
TIME run allocation action=new run=/fslarge/scratch/users/h61084/codes/evaluating_tsfms/outputs/context_size/tasks/chronos2/context_length/2048/multivariate/Crypto/D/short/run_0 launch_id=selena_context_size_20260920T193931Z_45055 slurm_job_id=3506740 launched_at=2026-09-20T20:00:34.803275+00:00
  Initializing Chronos pipeline (/fslarge/scratch/users/h61084/weights/chronos2)...
  Dataset info:
    - Frequency: D
    - Num series: 1
    - Target dim: 4
    - Target mode: multivariate
    - Covariate channels: 0
    - Series length: min=2842, max=2842, avg=2842.0
    - Test split: 273 steps
    - Prediction length: 30
    - Windows: 9
    Total instances: 9, Series during experiment: 1, Windows: 9
    Collecting ground truth and context...
    Organizing data into arrays...
    ⚠️  Predictions max value (130795.76) exceeds float16 safe range.
    ⚠️  Applying scale factor: 10 (values will be divided)
    Saved predictions (quantiles) to /fslarge/scratch/users/h61084/codes/evaluating_tsfms/outputs/context_size/tasks/chronos2/context_length/2048/multivariate/Crypto/D/short/run_0/predictions.npz
    Computing per-window metrics...
    Saved metrics to /fslarge/scratch/users/h61084/codes/evaluating_tsfms/outputs/context_size/tasks/chronos2/context_length/2048/multivariate/Crypto/D/short/run_0/metrics.npz
    Saved config to /fslarge/scratch/users/h61084/codes/evaluating_tsfms/outputs/context_size/tasks/chronos2/context_length/2048/multivariate/Crypto/D/short/run_0/config.json
    Saved aggregate metrics to /fslarge/scratch/users/h61084/codes/evaluating_tsfms/outputs/context_size/tasks/chronos2/context_length/2048/multivariate/Crypto/D/short/run_0/metrics_summary.json
    Metrics summary (averaged over all series/windows/variates):
      MSE: 11735767.9176
      MAE: 1398.1357
      RMSE: 1646.1426
      MAPE: 0.0926
      sMAPE: 0.0927
      MASE: 6.2572
      ND: 0.0937
      CRPS: 0.0746
  Completed: 1 series × 9 windows
  Output: /fslarge/scratch/users/h61084/codes/evaluating_tsfms/outputs/context_size/tasks/chronos2/context_length/2048/multivariate/Crypto/D/short/run_0

============================================================
All experiments completed!
Results saved to: /scratch/users/h61084/codes/evaluating_tsfms/outputs/context_size/tasks
============================================================

############################################################
# All 1 dataset(s) completed!
############################################################

############################################################
# Dataset 1/1: US_Term_Structure/B
############################################################
[2026-09-20 20:00:44 UTC] resources model_device {"device": "cuda", "model": "chronos2"}
Loading configuration...

============================================================
Dataset: US_Term_Structure/B
Model: amazon/chronos-2
Checkpoint: /fslarge/scratch/users/h61084/weights/chronos2
Terms: ['short']
Covariate mode: none
Instance normalization: none
============================================================

--- Term: short ---
  Config: prediction_length=20, test_length=717, val_length=100
TIME run allocation action=new run=/fslarge/scratch/users/h61084/codes/evaluating_tsfms/outputs/context_size/tasks/chronos2/context_length/2048/multivariate/US_Term_Structure/B/short/run_0 launch_id=selena_context_size_20260920T193931Z_45055 slurm_job_id=3506740 launched_at=2026-09-20T20:00:44.122374+00:00
  Initializing Chronos pipeline (/fslarge/scratch/users/h61084/weights/chronos2)...
  Dataset info:
    - Frequency: B
    - Num series: 1
    - Target dim: 40
    - Target mode: multivariate
    - Covariate channels: 0
    - Series length: min=9326, max=9326, avg=9326.0
    - Test split: 717 steps
    - Prediction length: 20
    - Windows: 35
    Total instances: 35, Series during experiment: 1, Windows: 35
    Collecting ground truth and context...
    Organizing data into arrays...
    Saved predictions (quantiles) to /fslarge/scratch/users/h61084/codes/evaluating_tsfms/outputs/context_size/tasks/chronos2/context_length/2048/multivariate/US_Term_Structure/B/short/run_0/predictions.npz
    Computing per-window metrics...
    Saved metrics to /fslarge/scratch/users/h61084/codes/evaluating_tsfms/outputs/context_size/tasks/chronos2/context_length/2048/multivariate/US_Term_Structure/B/short/run_0/metrics.npz
    Saved config to /fslarge/scratch/users/h61084/codes/evaluating_tsfms/outputs/context_size/tasks/chronos2/context_length/2048/multivariate/US_Term_Structure/B/short/run_0/config.json
    Saved aggregate metrics to /fslarge/scratch/users/h61084/codes/evaluating_tsfms/outputs/context_size/tasks/chronos2/context_length/2048/multivariate/US_Term_Structure/B/short/run_0/metrics_summary.json
    Metrics summary (averaged over all series/windows/variates):
      MSE: 0.0224
      MAE: 0.1025
      RMSE: 0.1228
      MAPE: 0.9040
      sMAPE: 0.2652
      MASE: 1.5013
      ND: 0.2566
      CRPS: 0.2044
  Completed: 1 series × 35 windows
  Output: /fslarge/scratch/users/h61084/codes/evaluating_tsfms/outputs/context_size/tasks/chronos2/context_length/2048/multivariate/US_Term_Structure/B/short/run_0

============================================================
All experiments completed!
Results saved to: /scratch/users/h61084/codes/evaluating_tsfms/outputs/context_size/tasks
============================================================

############################################################
# All 1 dataset(s) completed!
############################################################

############################################################
# Dataset 1/1: Oil_Price/B
############################################################
[2026-09-20 20:00:55 UTC] resources model_device {"device": "cuda", "model": "chronos2"}
Loading configuration...

============================================================
Dataset: Oil_Price/B
Model: amazon/chronos-2
Checkpoint: /fslarge/scratch/users/h61084/weights/chronos2
Terms: ['short']
Covariate mode: none
Instance normalization: none
============================================================

--- Term: short ---
  Config: prediction_length=20, test_length=717, val_length=100
TIME run allocation action=new run=/fslarge/scratch/users/h61084/codes/evaluating_tsfms/outputs/context_size/tasks/chronos2/context_length/2048/multivariate/Oil_Price/B/short/run_0 launch_id=selena_context_size_20260920T193931Z_45055 slurm_job_id=3506740 launched_at=2026-09-20T20:00:55.656766+00:00
  Initializing Chronos pipeline (/fslarge/scratch/users/h61084/weights/chronos2)...
  Dataset info:
    - Frequency: B
    - Num series: 1
    - Target dim: 12
    - Target mode: multivariate
    - Covariate channels: 0
    - Series length: min=5035, max=5035, avg=5035.0
    - Test split: 717 steps
    - Prediction length: 20
    - Windows: 35
    Total instances: 35, Series during experiment: 1, Windows: 35
    Collecting ground truth and context...
    Organizing data into arrays...
    Saved predictions (quantiles) to /fslarge/scratch/users/h61084/codes/evaluating_tsfms/outputs/context_size/tasks/chronos2/context_length/2048/multivariate/Oil_Price/B/short/run_0/predictions.npz
    Computing per-window metrics...
    Saved metrics to /fslarge/scratch/users/h61084/codes/evaluating_tsfms/outputs/context_size/tasks/chronos2/context_length/2048/multivariate/Oil_Price/B/short/run_0/metrics.npz
    Saved config to /fslarge/scratch/users/h61084/codes/evaluating_tsfms/outputs/context_size/tasks/chronos2/context_length/2048/multivariate/Oil_Price/B/short/run_0/config.json
    Saved aggregate metrics to /fslarge/scratch/users/h61084/codes/evaluating_tsfms/outputs/context_size/tasks/chronos2/context_length/2048/multivariate/Oil_Price/B/short/run_0/metrics_summary.json
    Metrics summary (averaged over all series/windows/variates):
      MSE: 2.9034
      MAE: 0.6564
      RMSE: 0.7612
      MAPE: 0.0558
      sMAPE: 0.0553
      MASE: 1.3347
      ND: 0.0555
      CRPS: 0.0441
  Completed: 1 series × 35 windows
  Output: /fslarge/scratch/users/h61084/codes/evaluating_tsfms/outputs/context_size/tasks/chronos2/context_length/2048/multivariate/Oil_Price/B/short/run_0

============================================================
All experiments completed!
Results saved to: /scratch/users/h61084/codes/evaluating_tsfms/outputs/context_size/tasks
============================================================

############################################################
# All 1 dataset(s) completed!
############################################################

############################################################
# Dataset 1/1: Job_Claims/W
############################################################
[2026-09-20 20:01:05 UTC] resources model_device {"device": "cuda", "model": "chronos2"}
Loading configuration...

============================================================
Dataset: Job_Claims/W
Model: amazon/chronos-2
Checkpoint: /fslarge/scratch/users/h61084/weights/chronos2
Terms: ['short']
Covariate mode: none
Instance normalization: none
============================================================

--- Term: short ---
  Config: prediction_length=13, test_length=52, val_length=13
TIME run allocation action=new run=/fslarge/scratch/users/h61084/codes/evaluating_tsfms/outputs/context_size/tasks/chronos2/context_length/2048/multivariate/Job_Claims/W/short/run_0 launch_id=selena_context_size_20260920T193931Z_45055 slurm_job_id=3506740 launched_at=2026-09-20T20:01:05.341118+00:00
  Initializing Chronos pipeline (/fslarge/scratch/users/h61084/weights/chronos2)...
  Dataset info:
    - Frequency: W
    - Num series: 1
    - Target dim: 2
    - Target mode: multivariate
    - Covariate channels: 0
    - Series length: min=196, max=196, avg=196.0
    - Test split: 52 steps
    - Prediction length: 13
    - Windows: 4
    Total instances: 4, Series during experiment: 1, Windows: 4
    Collecting ground truth and context...
    Organizing data into arrays...
    ⚠️  Predictions max value (2030934.38) exceeds float16 safe range.
    ⚠️  Applying scale factor: 100 (values will be divided)
    Saved predictions (quantiles) to /fslarge/scratch/users/h61084/codes/evaluating_tsfms/outputs/context_size/tasks/chronos2/context_length/2048/multivariate/Job_Claims/W/short/run_0/predictions.npz
    Computing per-window metrics...
    Saved metrics to /fslarge/scratch/users/h61084/codes/evaluating_tsfms/outputs/context_size/tasks/chronos2/context_length/2048/multivariate/Job_Claims/W/short/run_0/metrics.npz
    Saved config to /fslarge/scratch/users/h61084/codes/evaluating_tsfms/outputs/context_size/tasks/chronos2/context_length/2048/multivariate/Job_Claims/W/short/run_0/config.json
    Saved aggregate metrics to /fslarge/scratch/users/h61084/codes/evaluating_tsfms/outputs/context_size/tasks/chronos2/context_length/2048/multivariate/Job_Claims/W/short/run_0/metrics_summary.json
    Metrics summary (averaged over all series/windows/variates):
      MSE: 801192465.5035
      MAE: 18632.7230
      RMSE: 22058.7635
      MAPE: 0.0235
      sMAPE: 0.0238
      MASE: 3.1438
      ND: 0.0238
      CRPS: 0.0184
  Completed: 1 series × 4 windows
  Output: /fslarge/scratch/users/h61084/codes/evaluating_tsfms/outputs/context_size/tasks/chronos2/context_length/2048/multivariate/Job_Claims/W/short/run_0

============================================================
All experiments completed!
Results saved to: /scratch/users/h61084/codes/evaluating_tsfms/outputs/context_size/tasks
============================================================

############################################################
# All 1 dataset(s) completed!
############################################################

############################################################
# Dataset 1/1: Uncertainty_1M/M
############################################################
[2026-09-20 20:01:14 UTC] resources model_device {"device": "cuda", "model": "chronos2"}
Loading configuration...

============================================================
Dataset: Uncertainty_1M/M
Model: amazon/chronos-2
Checkpoint: /fslarge/scratch/users/h61084/weights/chronos2
Terms: ['short']
Covariate mode: none
Instance normalization: none
============================================================

--- Term: short ---
  Config: prediction_length=6, test_length=42, val_length=18
TIME run allocation action=new run=/fslarge/scratch/users/h61084/codes/evaluating_tsfms/outputs/context_size/tasks/chronos2/context_length/2048/multivariate/Uncertainty_1M/M/short/run_0 launch_id=selena_context_size_20260920T193931Z_45055 slurm_job_id=3506740 launched_at=2026-09-20T20:01:14.567744+00:00
  Initializing Chronos pipeline (/fslarge/scratch/users/h61084/weights/chronos2)...
  Dataset info:
    - Frequency: M
    - Num series: 1
    - Target dim: 3
    - Target mode: multivariate
    - Covariate channels: 0
    - Series length: min=780, max=780, avg=780.0
    - Test split: 42 steps
    - Prediction length: 6
    - Windows: 7
    Total instances: 7, Series during experiment: 1, Windows: 7
    Collecting ground truth and context...
    Organizing data into arrays...
    Saved predictions (quantiles) to /fslarge/scratch/users/h61084/codes/evaluating_tsfms/outputs/context_size/tasks/chronos2/context_length/2048/multivariate/Uncertainty_1M/M/short/run_0/predictions.npz
    Computing per-window metrics...
    Saved metrics to /fslarge/scratch/users/h61084/codes/evaluating_tsfms/outputs/context_size/tasks/chronos2/context_length/2048/multivariate/Uncertainty_1M/M/short/run_0/metrics.npz
    Saved config to /fslarge/scratch/users/h61084/codes/evaluating_tsfms/outputs/context_size/tasks/chronos2/context_length/2048/multivariate/Uncertainty_1M/M/short/run_0/config.json
    Saved aggregate metrics to /fslarge/scratch/users/h61084/codes/evaluating_tsfms/outputs/context_size/tasks/chronos2/context_length/2048/multivariate/Uncertainty_1M/M/short/run_0/metrics_summary.json
    Metrics summary (averaged over all series/windows/variates):
      MSE: 0.0013
      MAE: 0.0277
      RMSE: 0.0309
      MAPE: 0.0345
      sMAPE: 0.0338
      MASE: 0.3483
      ND: 0.0342
      CRPS: 0.0270
  Completed: 1 series × 7 windows
  Output: /fslarge/scratch/users/h61084/codes/evaluating_tsfms/outputs/context_size/tasks/chronos2/context_length/2048/multivariate/Uncertainty_1M/M/short/run_0

============================================================
All experiments completed!
Results saved to: /scratch/users/h61084/codes/evaluating_tsfms/outputs/context_size/tasks
============================================================

############################################################
# All 1 dataset(s) completed!
############################################################

############################################################
# Dataset 1/1: Housing_Inventory/M
############################################################
[2026-09-20 20:01:23 UTC] resources model_device {"device": "cuda", "model": "chronos2"}
Loading configuration...

============================================================
Dataset: Housing_Inventory/M
Model: amazon/chronos-2
Checkpoint: /fslarge/scratch/users/h61084/weights/chronos2
Terms: ['short']
Covariate mode: none
Instance normalization: none
============================================================

--- Term: short ---
  Config: prediction_length=12, test_length=36, val_length=12
TIME run allocation action=new run=/fslarge/scratch/users/h61084/codes/evaluating_tsfms/outputs/context_size/tasks/chronos2/context_length/2048/multivariate/Housing_Inventory/M/short/run_0 launch_id=selena_context_size_20260920T193931Z_45055 slurm_job_id=3506740 launched_at=2026-09-20T20:01:23.728418+00:00
  Initializing Chronos pipeline (/fslarge/scratch/users/h61084/weights/chronos2)...
  Dataset info:
    - Frequency: M
    - Num series: 1
    - Target dim: 4
    - Target mode: multivariate
    - Covariate channels: 0
    - Series length: min=114, max=114, avg=114.0
    - Test split: 36 steps
    - Prediction length: 12
    - Windows: 3
    Total instances: 3, Series during experiment: 1, Windows: 3
    Collecting ground truth and context...
    Organizing data into arrays...
    ⚠️  Predictions max value (1090475.75) exceeds float16 safe range.
    ⚠️  Applying scale factor: 100 (values will be divided)
    Saved predictions (quantiles) to /fslarge/scratch/users/h61084/codes/evaluating_tsfms/outputs/context_size/tasks/chronos2/context_length/2048/multivariate/Housing_Inventory/M/short/run_0/predictions.npz
    Computing per-window metrics...
    Saved metrics to /fslarge/scratch/users/h61084/codes/evaluating_tsfms/outputs/context_size/tasks/chronos2/context_length/2048/multivariate/Housing_Inventory/M/short/run_0/metrics.npz
    Saved config to /fslarge/scratch/users/h61084/codes/evaluating_tsfms/outputs/context_size/tasks/chronos2/context_length/2048/multivariate/Housing_Inventory/M/short/run_0/config.json
    Saved aggregate metrics to /fslarge/scratch/users/h61084/codes/evaluating_tsfms/outputs/context_size/tasks/chronos2/context_length/2048/multivariate/Housing_Inventory/M/short/run_0/metrics_summary.json
    Metrics summary (averaged over all series/windows/variates):
      MSE: 5223247912.1033
      MAE: 33986.0197
      RMSE: 37384.3397
      MAPE: 0.0689
      sMAPE: 0.0693
      MASE: 0.5298
      ND: 0.0695
      CRPS: 0.0527
  Completed: 1 series × 3 windows
  Output: /fslarge/scratch/users/h61084/codes/evaluating_tsfms/outputs/context_size/tasks/chronos2/context_length/2048/multivariate/Housing_Inventory/M/short/run_0

============================================================
All experiments completed!
Results saved to: /scratch/users/h61084/codes/evaluating_tsfms/outputs/context_size/tasks
============================================================

############################################################
# All 1 dataset(s) completed!
############################################################

############################################################
# Dataset 1/1: JOLTS/M
############################################################
[2026-09-20 20:01:32 UTC] resources model_device {"device": "cuda", "model": "chronos2"}
Loading configuration...

============================================================
Dataset: JOLTS/M
Model: amazon/chronos-2
Checkpoint: /fslarge/scratch/users/h61084/weights/chronos2
Terms: ['short']
Covariate mode: none
Instance normalization: none
============================================================

--- Term: short ---
  Config: prediction_length=12, test_length=60, val_length=12
TIME run allocation action=new run=/fslarge/scratch/users/h61084/codes/evaluating_tsfms/outputs/context_size/tasks/chronos2/context_length/2048/multivariate/JOLTS/M/short/run_0 launch_id=selena_context_size_20260920T193931Z_45055 slurm_job_id=3506740 launched_at=2026-09-20T20:01:32.932552+00:00
  Initializing Chronos pipeline (/fslarge/scratch/users/h61084/weights/chronos2)...
  Dataset info:
    - Frequency: M
    - Num series: 1
    - Target dim: 6
    - Target mode: multivariate
    - Covariate channels: 0
    - Series length: min=297, max=297, avg=297.0
    - Test split: 60 steps
    - Prediction length: 12
    - Windows: 5
    Total instances: 5, Series during experiment: 1, Windows: 5
    Collecting ground truth and context...
    Organizing data into arrays...
    Saved predictions (quantiles) to /fslarge/scratch/users/h61084/codes/evaluating_tsfms/outputs/context_size/tasks/chronos2/context_length/2048/multivariate/JOLTS/M/short/run_0/predictions.npz
    Computing per-window metrics...
    Saved metrics to /fslarge/scratch/users/h61084/codes/evaluating_tsfms/outputs/context_size/tasks/chronos2/context_length/2048/multivariate/JOLTS/M/short/run_0/metrics.npz
    Saved config to /fslarge/scratch/users/h61084/codes/evaluating_tsfms/outputs/context_size/tasks/chronos2/context_length/2048/multivariate/JOLTS/M/short/run_0/config.json
    Saved aggregate metrics to /fslarge/scratch/users/h61084/codes/evaluating_tsfms/outputs/context_size/tasks/chronos2/context_length/2048/multivariate/JOLTS/M/short/run_0/metrics_summary.json
    Metrics summary (averaged over all series/windows/variates):
      MSE: 433577.2882
      MAE: 294.3197
      RMSE: 354.0508
      MAPE: 0.0707
      sMAPE: 0.0717
      MASE: 0.9042
      ND: 0.0708
      CRPS: 0.0576
  Completed: 1 series × 5 windows
  Output: /fslarge/scratch/users/h61084/codes/evaluating_tsfms/outputs/context_size/tasks/chronos2/context_length/2048/multivariate/JOLTS/M/short/run_0

============================================================
All experiments completed!
Results saved to: /scratch/users/h61084/codes/evaluating_tsfms/outputs/context_size/tasks
============================================================

############################################################
# All 1 dataset(s) completed!
############################################################

############################################################
# Dataset 1/1: US_Labor/M
############################################################
[2026-09-20 20:01:42 UTC] resources model_device {"device": "cuda", "model": "chronos2"}
Loading configuration...

============================================================
Dataset: US_Labor/M
Model: amazon/chronos-2
Checkpoint: /fslarge/scratch/users/h61084/weights/chronos2
Terms: ['short']
Covariate mode: none
Instance normalization: none
============================================================

--- Term: short ---
  Config: prediction_length=12, test_length=60, val_length=12
TIME run allocation action=new run=/fslarge/scratch/users/h61084/codes/evaluating_tsfms/outputs/context_size/tasks/chronos2/context_length/2048/multivariate/US_Labor/M/short/run_0 launch_id=selena_context_size_20260920T193931Z_45055 slurm_job_id=3506740 launched_at=2026-09-20T20:01:42.155286+00:00
  Initializing Chronos pipeline (/fslarge/scratch/users/h61084/weights/chronos2)...
  Dataset info:
    - Frequency: M
    - Num series: 1
    - Target dim: 14
    - Target mode: multivariate
    - Covariate channels: 0
    - Series length: min=380, max=380, avg=380.0
    - Test split: 60 steps
    - Prediction length: 12
    - Windows: 5
    Total instances: 5, Series during experiment: 1, Windows: 5
    Collecting ground truth and context...
    Organizing data into arrays...
    ⚠️  Predictions max value (171793.94) exceeds float16 safe range.
    ⚠️  Applying scale factor: 10 (values will be divided)
    Saved predictions (quantiles) to /fslarge/scratch/users/h61084/codes/evaluating_tsfms/outputs/context_size/tasks/chronos2/context_length/2048/multivariate/US_Labor/M/short/run_0/predictions.npz
    Computing per-window metrics...
    Saved metrics to /fslarge/scratch/users/h61084/codes/evaluating_tsfms/outputs/context_size/tasks/chronos2/context_length/2048/multivariate/US_Labor/M/short/run_0/metrics.npz
    Saved config to /fslarge/scratch/users/h61084/codes/evaluating_tsfms/outputs/context_size/tasks/chronos2/context_length/2048/multivariate/US_Labor/M/short/run_0/config.json
    Saved aggregate metrics to /fslarge/scratch/users/h61084/codes/evaluating_tsfms/outputs/context_size/tasks/chronos2/context_length/2048/multivariate/US_Labor/M/short/run_0/metrics_summary.json
    Metrics summary (averaged over all series/windows/variates):
      MSE: 829229.6449
      MAE: 417.3603
      RMSE: 460.8334
      MAPE: 0.0802
      sMAPE: 0.0699
      MASE: 1.0015
      ND: 0.0784
      CRPS: 0.0575
  Completed: 1 series × 5 windows
  Output: /fslarge/scratch/users/h61084/codes/evaluating_tsfms/outputs/context_size/tasks/chronos2/context_length/2048/multivariate/US_Labor/M/short/run_0

============================================================
All experiments completed!
Results saved to: /scratch/users/h61084/codes/evaluating_tsfms/outputs/context_size/tasks
============================================================

############################################################
# All 1 dataset(s) completed!
############################################################

############################################################
# Dataset 1/1: Vehicle_Supply/M
############################################################
[2026-09-20 20:01:51 UTC] resources model_device {"device": "cuda", "model": "chronos2"}
Loading configuration...

============================================================
Dataset: Vehicle_Supply/M
Model: amazon/chronos-2
Checkpoint: /fslarge/scratch/users/h61084/weights/chronos2
Terms: ['short']
Covariate mode: none
Instance normalization: none
============================================================

--- Term: short ---
  Config: prediction_length=12, test_length=60, val_length=12
TIME run allocation action=new run=/fslarge/scratch/users/h61084/codes/evaluating_tsfms/outputs/context_size/tasks/chronos2/context_length/2048/multivariate/Vehicle_Supply/M/short/run_0 launch_id=selena_context_size_20260920T193931Z_45055 slurm_job_id=3506740 launched_at=2026-09-20T20:01:51.346765+00:00
  Initializing Chronos pipeline (/fslarge/scratch/users/h61084/weights/chronos2)...
  Dataset info:
    - Frequency: M
    - Num series: 1
    - Target dim: 6
    - Target mode: multivariate
    - Covariate channels: 0
    - Series length: min=391, max=391, avg=391.0
    - Test split: 60 steps
    - Prediction length: 12
    - Windows: 5
    Total instances: 5, Series during experiment: 1, Windows: 5
    Collecting ground truth and context...
    Organizing data into arrays...
    Saved predictions (quantiles) to /fslarge/scratch/users/h61084/codes/evaluating_tsfms/outputs/context_size/tasks/chronos2/context_length/2048/multivariate/Vehicle_Supply/M/short/run_0/predictions.npz
    Computing per-window metrics...
    Saved metrics to /fslarge/scratch/users/h61084/codes/evaluating_tsfms/outputs/context_size/tasks/chronos2/context_length/2048/multivariate/Vehicle_Supply/M/short/run_0/metrics.npz
    Saved config to /fslarge/scratch/users/h61084/codes/evaluating_tsfms/outputs/context_size/tasks/chronos2/context_length/2048/multivariate/Vehicle_Supply/M/short/run_0/config.json
    Saved aggregate metrics to /fslarge/scratch/users/h61084/codes/evaluating_tsfms/outputs/context_size/tasks/chronos2/context_length/2048/multivariate/Vehicle_Supply/M/short/run_0/metrics_summary.json
    Metrics summary (averaged over all series/windows/variates):
      MSE: 2017.1984
      MAE: 18.4154
      RMSE: 22.5756
      MAPE: 0.2269
      sMAPE: 0.1917
      MASE: 0.7094
      ND: 0.2077
      CRPS: 0.1673
  Completed: 1 series × 5 windows
  Output: /fslarge/scratch/users/h61084/codes/evaluating_tsfms/outputs/context_size/tasks/chronos2/context_length/2048/multivariate/Vehicle_Supply/M/short/run_0

============================================================
All experiments completed!
Results saved to: /scratch/users/h61084/codes/evaluating_tsfms/outputs/context_size/tasks
============================================================

############################################################
# All 1 dataset(s) completed!
############################################################

############################################################
# Dataset 1/1: Auto_Production_SF/M
############################################################
[2026-09-20 20:02:00 UTC] resources model_device {"device": "cuda", "model": "chronos2"}
Loading configuration...

============================================================
Dataset: Auto_Production_SF/M
Model: amazon/chronos-2
Checkpoint: /fslarge/scratch/users/h61084/weights/chronos2
Terms: ['short']
Covariate mode: none
Instance normalization: none
============================================================

--- Term: short ---
  Config: prediction_length=12, test_length=60, val_length=12
TIME run allocation action=new run=/fslarge/scratch/users/h61084/codes/evaluating_tsfms/outputs/context_size/tasks/chronos2/context_length/2048/univariate/Auto_Production_SF/M/short/run_0 launch_id=selena_context_size_20260920T193931Z_45055 slurm_job_id=3506740 launched_at=2026-09-20T20:02:00.500245+00:00
  Initializing Chronos pipeline (/fslarge/scratch/users/h61084/weights/chronos2)...
  Dataset info:
    - Frequency: M
    - Num series: 1
    - Target dim: 1
    - Target mode: univariate
    - Covariate channels: 0
    - Series length: min=367, max=367, avg=367.0
    - Test split: 60 steps
    - Prediction length: 12
    - Windows: 5
    Total instances: 5, Series during experiment: 1, Windows: 5
    Collecting ground truth and context...
    Organizing data into arrays...
    Saved predictions (quantiles) to /fslarge/scratch/users/h61084/codes/evaluating_tsfms/outputs/context_size/tasks/chronos2/context_length/2048/univariate/Auto_Production_SF/M/short/run_0/predictions.npz
    Computing per-window metrics...
    Saved metrics to /fslarge/scratch/users/h61084/codes/evaluating_tsfms/outputs/context_size/tasks/chronos2/context_length/2048/univariate/Auto_Production_SF/M/short/run_0/metrics.npz
    Saved config to /fslarge/scratch/users/h61084/codes/evaluating_tsfms/outputs/context_size/tasks/chronos2/context_length/2048/univariate/Auto_Production_SF/M/short/run_0/config.json
    Saved aggregate metrics to /fslarge/scratch/users/h61084/codes/evaluating_tsfms/outputs/context_size/tasks/chronos2/context_length/2048/univariate/Auto_Production_SF/M/short/run_0/metrics_summary.json
    Metrics summary (averaged over all series/windows/variates):
      MSE: 9.2722
      MAE: 2.3963
      RMSE: 2.9463
      MAPE: 0.0248
      sMAPE: 0.0245
      MASE: 0.6044
      ND: 0.0240
      CRPS: 0.0190
  Completed: 1 series × 5 windows
  Output: /fslarge/scratch/users/h61084/codes/evaluating_tsfms/outputs/context_size/tasks/chronos2/context_length/2048/univariate/Auto_Production_SF/M/short/run_0

============================================================
All experiments completed!
Results saved to: /scratch/users/h61084/codes/evaluating_tsfms/outputs/context_size/tasks
============================================================

############################################################
# All 1 dataset(s) completed!
############################################################

############################################################
# Dataset 1/1: Commodity_Production/M
############################################################
[2026-09-20 20:02:09 UTC] resources model_device {"device": "cuda", "model": "chronos2"}
Loading configuration...

============================================================
Dataset: Commodity_Production/M
Model: amazon/chronos-2
Checkpoint: /fslarge/scratch/users/h61084/weights/chronos2
Terms: ['short']
Covariate mode: none
Instance normalization: none
============================================================

--- Term: short ---
  Config: prediction_length=12, test_length=60, val_length=12
TIME run allocation action=new run=/fslarge/scratch/users/h61084/codes/evaluating_tsfms/outputs/context_size/tasks/chronos2/context_length/2048/univariate/Commodity_Production/M/short/run_0 launch_id=selena_context_size_20260920T193931Z_45055 slurm_job_id=3506740 launched_at=2026-09-20T20:02:09.674810+00:00
  Initializing Chronos pipeline (/fslarge/scratch/users/h61084/weights/chronos2)...
  Dataset info:
    - Frequency: M
    - Num series: 32
    - Target dim: 1
    - Target mode: univariate
    - Covariate channels: 0
    - Series length: min=120, max=648, avg=325.1
    - Test split: 60 steps
    - Prediction length: 12
    - Windows: 5
    Processed 160/160...
    Total instances: 160, Series during experiment: 32, Windows: 5
    Collecting ground truth and context...
    Organizing data into arrays...
    Saved predictions (quantiles) to /fslarge/scratch/users/h61084/codes/evaluating_tsfms/outputs/context_size/tasks/chronos2/context_length/2048/univariate/Commodity_Production/M/short/run_0/predictions.npz
    Computing per-window metrics...
    Saved metrics to /fslarge/scratch/users/h61084/codes/evaluating_tsfms/outputs/context_size/tasks/chronos2/context_length/2048/univariate/Commodity_Production/M/short/run_0/metrics.npz
    Saved config to /fslarge/scratch/users/h61084/codes/evaluating_tsfms/outputs/context_size/tasks/chronos2/context_length/2048/univariate/Commodity_Production/M/short/run_0/config.json
    Saved aggregate metrics to /fslarge/scratch/users/h61084/codes/evaluating_tsfms/outputs/context_size/tasks/chronos2/context_length/2048/univariate/Commodity_Production/M/short/run_0/metrics_summary.json
    Metrics summary (averaged over all series/windows/variates):
      MSE: 58078.3601
      MAE: 65.7979
      RMSE: 76.8030
      MAPE: 0.2059
      sMAPE: 0.1638
      MASE: 0.9052
      ND: 0.1572
      CRPS: 0.1236
  Completed: 32 series × 5 windows
  Output: /fslarge/scratch/users/h61084/codes/evaluating_tsfms/outputs/context_size/tasks/chronos2/context_length/2048/univariate/Commodity_Production/M/short/run_0

============================================================
All experiments completed!
Results saved to: /scratch/users/h61084/codes/evaluating_tsfms/outputs/context_size/tasks
============================================================

############################################################
# All 1 dataset(s) completed!
############################################################

############################################################
# Dataset 1/1: Commodity_Import/M
############################################################
[2026-09-20 20:02:19 UTC] resources model_device {"device": "cuda", "model": "chronos2"}
Loading configuration...

============================================================
Dataset: Commodity_Import/M
Model: amazon/chronos-2
Checkpoint: /fslarge/scratch/users/h61084/weights/chronos2
Terms: ['short']
Covariate mode: none
Instance normalization: none
============================================================

--- Term: short ---
  Config: prediction_length=12, test_length=60, val_length=12
TIME run allocation action=new run=/fslarge/scratch/users/h61084/codes/evaluating_tsfms/outputs/context_size/tasks/chronos2/context_length/2048/univariate/Commodity_Import/M/short/run_0 launch_id=selena_context_size_20260920T193931Z_45055 slurm_job_id=3506740 launched_at=2026-09-20T20:02:19.061274+00:00
  Initializing Chronos pipeline (/fslarge/scratch/users/h61084/weights/chronos2)...
  Dataset info:
    - Frequency: M
    - Num series: 8
    - Target dim: 1
    - Target mode: univariate
    - Covariate channels: 0
    - Series length: min=254, max=1240, avg=697.2
    - Test split: 60 steps
    - Prediction length: 12
    - Windows: 5
    Total instances: 40, Series during experiment: 8, Windows: 5
    Collecting ground truth and context...
    Organizing data into arrays...
    Saved predictions (quantiles) to /fslarge/scratch/users/h61084/codes/evaluating_tsfms/outputs/context_size/tasks/chronos2/context_length/2048/univariate/Commodity_Import/M/short/run_0/predictions.npz
    Computing per-window metrics...
    Saved metrics to /fslarge/scratch/users/h61084/codes/evaluating_tsfms/outputs/context_size/tasks/chronos2/context_length/2048/univariate/Commodity_Import/M/short/run_0/metrics.npz
    Saved config to /fslarge/scratch/users/h61084/codes/evaluating_tsfms/outputs/context_size/tasks/chronos2/context_length/2048/univariate/Commodity_Import/M/short/run_0/config.json
    Saved aggregate metrics to /fslarge/scratch/users/h61084/codes/evaluating_tsfms/outputs/context_size/tasks/chronos2/context_length/2048/univariate/Commodity_Import/M/short/run_0/metrics_summary.json
    Metrics summary (averaged over all series/windows/variates):
      MSE: 1553827.1324
      MAE: 502.5971
      RMSE: 607.3308
      MAPE: 0.3745
      sMAPE: 0.2365
      MASE: 1.4590
      ND: 0.2954
      CRPS: 0.2376
  Completed: 8 series × 5 windows
  Output: /fslarge/scratch/users/h61084/codes/evaluating_tsfms/outputs/context_size/tasks/chronos2/context_length/2048/univariate/Commodity_Import/M/short/run_0

============================================================
All experiments completed!
Results saved to: /scratch/users/h61084/codes/evaluating_tsfms/outputs/context_size/tasks
============================================================

############################################################
# All 1 dataset(s) completed!
############################################################

############################################################
# Dataset 1/1: WUI_Global/Q
############################################################
[2026-09-20 20:02:28 UTC] resources model_device {"device": "cuda", "model": "chronos2"}
Loading configuration...

============================================================
Dataset: WUI_Global/Q
Model: amazon/chronos-2
Checkpoint: /fslarge/scratch/users/h61084/weights/chronos2
Terms: ['short']
Covariate mode: none
Instance normalization: none
============================================================

--- Term: short ---
  Config: prediction_length=4, test_length=20, val_length=20
TIME run allocation action=new run=/fslarge/scratch/users/h61084/codes/evaluating_tsfms/outputs/context_size/tasks/chronos2/context_length/2048/multivariate/WUI_Global/Q/short/run_0 launch_id=selena_context_size_20260920T193931Z_45055 slurm_job_id=3506740 launched_at=2026-09-20T20:02:28.313892+00:00
  Initializing Chronos pipeline (/fslarge/scratch/users/h61084/weights/chronos2)...
  Dataset info:
    - Frequency: Q
    - Num series: 1
    - Target dim: 15
    - Target mode: multivariate
    - Covariate channels: 0
    - Series length: min=294, max=294, avg=294.0
    - Test split: 20 steps
    - Prediction length: 4
    - Windows: 5
    Total instances: 5, Series during experiment: 1, Windows: 5
    Collecting ground truth and context...
    Organizing data into arrays...
    Saved predictions (quantiles) to /fslarge/scratch/users/h61084/codes/evaluating_tsfms/outputs/context_size/tasks/chronos2/context_length/2048/multivariate/WUI_Global/Q/short/run_0/predictions.npz
    Computing per-window metrics...
    Saved metrics to /fslarge/scratch/users/h61084/codes/evaluating_tsfms/outputs/context_size/tasks/chronos2/context_length/2048/multivariate/WUI_Global/Q/short/run_0/metrics.npz
    Saved config to /fslarge/scratch/users/h61084/codes/evaluating_tsfms/outputs/context_size/tasks/chronos2/context_length/2048/multivariate/WUI_Global/Q/short/run_0/config.json
    Saved aggregate metrics to /fslarge/scratch/users/h61084/codes/evaluating_tsfms/outputs/context_size/tasks/chronos2/context_length/2048/multivariate/WUI_Global/Q/short/run_0/metrics_summary.json
    Metrics summary (averaged over all series/windows/variates):
      MSE: 0.0447
      MAE: 0.1426
      RMSE: 0.1685
      MAPE: 0.5849
      sMAPE: 0.6087
      MASE: 0.9487
      ND: 0.6836
      CRPS: 0.5338
  Completed: 1 series × 5 windows
  Output: /fslarge/scratch/users/h61084/codes/evaluating_tsfms/outputs/context_size/tasks/chronos2/context_length/2048/multivariate/WUI_Global/Q/short/run_0

============================================================
All experiments completed!
Results saved to: /scratch/users/h61084/codes/evaluating_tsfms/outputs/context_size/tasks
============================================================

############################################################
# All 1 dataset(s) completed!
############################################################

############################################################
# Dataset 1/1: Global_Price/Q
############################################################
[2026-09-20 20:02:37 UTC] resources model_device {"device": "cuda", "model": "chronos2"}
Loading configuration...

============================================================
Dataset: Global_Price/Q
Model: amazon/chronos-2
Checkpoint: /fslarge/scratch/users/h61084/weights/chronos2
Terms: ['short']
Covariate mode: none
Instance normalization: none
============================================================

--- Term: short ---
  Config: prediction_length=4, test_length=20, val_length=8
TIME run allocation action=new run=/fslarge/scratch/users/h61084/codes/evaluating_tsfms/outputs/context_size/tasks/chronos2/context_length/2048/multivariate/Global_Price/Q/short/run_0 launch_id=selena_context_size_20260920T193931Z_45055 slurm_job_id=3506740 launched_at=2026-09-20T20:02:37.523657+00:00
  Initializing Chronos pipeline (/fslarge/scratch/users/h61084/weights/chronos2)...
  Dataset info:
    - Frequency: Q
    - Num series: 1
    - Target dim: 60
    - Target mode: multivariate
    - Covariate channels: 0
    - Series length: min=142, max=142, avg=142.0
    - Test split: 20 steps
    - Prediction length: 4
    - Windows: 5
    Total instances: 5, Series during experiment: 1, Windows: 5
    Collecting ground truth and context...
    Organizing data into arrays...
    Saved predictions (quantiles) to /fslarge/scratch/users/h61084/codes/evaluating_tsfms/outputs/context_size/tasks/chronos2/context_length/2048/multivariate/Global_Price/Q/short/run_0/predictions.npz
    Computing per-window metrics...
    Saved metrics to /fslarge/scratch/users/h61084/codes/evaluating_tsfms/outputs/context_size/tasks/chronos2/context_length/2048/multivariate/Global_Price/Q/short/run_0/metrics.npz
    Saved config to /fslarge/scratch/users/h61084/codes/evaluating_tsfms/outputs/context_size/tasks/chronos2/context_length/2048/multivariate/Global_Price/Q/short/run_0/config.json
    Saved aggregate metrics to /fslarge/scratch/users/h61084/codes/evaluating_tsfms/outputs/context_size/tasks/chronos2/context_length/2048/multivariate/Global_Price/Q/short/run_0/metrics_summary.json
    Metrics summary (averaged over all series/windows/variates):
      MSE: 1336712.8818
      MAE: 267.9339
      RMSE: 312.3746
      MAPE: 0.1636
      sMAPE: 0.1726
      MASE: 1.4272
      ND: 0.1651
      CRPS: 0.1332
  Completed: 1 series × 5 windows
  Output: /fslarge/scratch/users/h61084/codes/evaluating_tsfms/outputs/context_size/tasks/chronos2/context_length/2048/multivariate/Global_Price/Q/short/run_0

============================================================
All experiments completed!
Results saved to: /scratch/users/h61084/codes/evaluating_tsfms/outputs/context_size/tasks
============================================================

############################################################
# All 1 dataset(s) completed!
############################################################

############################################################
# Dataset 1/1: Vehicle_Sales/M
############################################################
[2026-09-20 20:02:46 UTC] resources model_device {"device": "cuda", "model": "chronos2"}
Loading configuration...

============================================================
Dataset: Vehicle_Sales/M
Model: amazon/chronos-2
Checkpoint: /fslarge/scratch/users/h61084/weights/chronos2
Terms: ['short']
Covariate mode: none
Instance normalization: none
============================================================

--- Term: short ---
  Config: prediction_length=12, test_length=60, val_length=12
TIME run allocation action=new run=/fslarge/scratch/users/h61084/codes/evaluating_tsfms/outputs/context_size/tasks/chronos2/context_length/2048/multivariate/Vehicle_Sales/M/short/run_0 launch_id=selena_context_size_20260920T193931Z_45055 slurm_job_id=3506740 launched_at=2026-09-20T20:02:46.774885+00:00
  Initializing Chronos pipeline (/fslarge/scratch/users/h61084/weights/chronos2)...
  Dataset info:
    - Frequency: M
    - Num series: 1
    - Target dim: 10
    - Target mode: multivariate
    - Covariate channels: 0
    - Series length: min=596, max=596, avg=596.0
    - Test split: 60 steps
    - Prediction length: 12
    - Windows: 5
    Total instances: 5, Series during experiment: 1, Windows: 5
    Collecting ground truth and context...
    Organizing data into arrays...
    Saved predictions (quantiles) to /fslarge/scratch/users/h61084/codes/evaluating_tsfms/outputs/context_size/tasks/chronos2/context_length/2048/multivariate/Vehicle_Sales/M/short/run_0/predictions.npz
    Computing per-window metrics...
    Saved metrics to /fslarge/scratch/users/h61084/codes/evaluating_tsfms/outputs/context_size/tasks/chronos2/context_length/2048/multivariate/Vehicle_Sales/M/short/run_0/metrics.npz
    Saved config to /fslarge/scratch/users/h61084/codes/evaluating_tsfms/outputs/context_size/tasks/chronos2/context_length/2048/multivariate/Vehicle_Sales/M/short/run_0/config.json
    Saved aggregate metrics to /fslarge/scratch/users/h61084/codes/evaluating_tsfms/outputs/context_size/tasks/chronos2/context_length/2048/multivariate/Vehicle_Sales/M/short/run_0/metrics_summary.json
    Metrics summary (averaged over all series/windows/variates):
      MSE: 1627.4231
      MAE: 10.8849
      RMSE: 12.4165
      MAPE: 0.0863
      sMAPE: 0.0860
      MASE: 0.8348
      ND: 0.0865
      CRPS: 0.0654
  Completed: 1 series × 5 windows
  Output: /fslarge/scratch/users/h61084/codes/evaluating_tsfms/outputs/context_size/tasks/chronos2/context_length/2048/multivariate/Vehicle_Sales/M/short/run_0

============================================================
All experiments completed!
Results saved to: /scratch/users/h61084/codes/evaluating_tsfms/outputs/context_size/tasks
============================================================

############################################################
# All 1 dataset(s) completed!
############################################################

############################################################
# Dataset 1/1: Online_Retail_2_UCI/D
############################################################
[2026-09-20 20:02:56 UTC] resources model_device {"device": "cuda", "model": "chronos2"}
Loading configuration...

============================================================
Dataset: Online_Retail_2_UCI/D
Model: amazon/chronos-2
Checkpoint: /fslarge/scratch/users/h61084/weights/chronos2
Terms: ['short']
Covariate mode: none
Instance normalization: none
============================================================

--- Term: short ---
  Config: prediction_length=30, test_length=180, val_length=90
TIME run allocation action=new run=/fslarge/scratch/users/h61084/codes/evaluating_tsfms/outputs/context_size/tasks/chronos2/context_length/2048/univariate/Online_Retail_2_UCI/D/short/run_0 launch_id=selena_context_size_20260920T193931Z_45055 slurm_job_id=3506740 launched_at=2026-09-20T20:02:56.260509+00:00
  Initializing Chronos pipeline (/fslarge/scratch/users/h61084/weights/chronos2)...
  Dataset info:
    - Frequency: D
    - Num series: 1
    - Target dim: 1
    - Target mode: univariate
    - Covariate channels: 0
    - Series length: min=739, max=739, avg=739.0
    - Test split: 180 steps
    - Prediction length: 30
    - Windows: 6
    Total instances: 6, Series during experiment: 1, Windows: 6
    Collecting ground truth and context...
    Organizing data into arrays...
    ⚠️  Predictions max value (122268.84) exceeds float16 safe range.
    ⚠️  Applying scale factor: 10 (values will be divided)
    Saved predictions (quantiles) to /fslarge/scratch/users/h61084/codes/evaluating_tsfms/outputs/context_size/tasks/chronos2/context_length/2048/univariate/Online_Retail_2_UCI/D/short/run_0/predictions.npz
    Computing per-window metrics...
    Saved metrics to /fslarge/scratch/users/h61084/codes/evaluating_tsfms/outputs/context_size/tasks/chronos2/context_length/2048/univariate/Online_Retail_2_UCI/D/short/run_0/metrics.npz
    Saved config to /fslarge/scratch/users/h61084/codes/evaluating_tsfms/outputs/context_size/tasks/chronos2/context_length/2048/univariate/Online_Retail_2_UCI/D/short/run_0/config.json
    Saved aggregate metrics to /fslarge/scratch/users/h61084/codes/evaluating_tsfms/outputs/context_size/tasks/chronos2/context_length/2048/univariate/Online_Retail_2_UCI/D/short/run_0/metrics_summary.json
    Metrics summary (averaged over all series/windows/variates):
      MSE: 308363502.1284
      MAE: 10064.9802
      RMSE: 16022.4769
      MAPE: 0.3003
      sMAPE: 0.5430
      MASE: 0.6093
      ND: 0.2960
      CRPS: 0.2419
  Completed: 1 series × 6 windows
  Output: /fslarge/scratch/users/h61084/codes/evaluating_tsfms/outputs/context_size/tasks/chronos2/context_length/2048/univariate/Online_Retail_2_UCI/D/short/run_0

============================================================
All experiments completed!
Results saved to: /scratch/users/h61084/codes/evaluating_tsfms/outputs/context_size/tasks
============================================================

############################################################
# All 1 dataset(s) completed!
############################################################

############################################################
# Dataset 1/1: Supply_Chain_Customer/D
############################################################
[2026-09-20 20:03:05 UTC] resources model_device {"device": "cuda", "model": "chronos2"}
Loading configuration...

============================================================
Dataset: Supply_Chain_Customer/D
Model: amazon/chronos-2
Checkpoint: /fslarge/scratch/users/h61084/weights/chronos2
Terms: ['short']
Covariate mode: none
Instance normalization: none
============================================================

--- Term: short ---
  Config: prediction_length=30, test_length=365, val_length=90
TIME run allocation action=new run=/fslarge/scratch/users/h61084/codes/evaluating_tsfms/outputs/context_size/tasks/chronos2/context_length/2048/multivariate/Supply_Chain_Customer/D/short/run_0 launch_id=selena_context_size_20260920T193931Z_45055 slurm_job_id=3506740 launched_at=2026-09-20T20:03:05.490799+00:00
  Initializing Chronos pipeline (/fslarge/scratch/users/h61084/weights/chronos2)...
  Dataset info:
    - Frequency: D
    - Num series: 1
    - Target dim: 36
    - Target mode: multivariate
    - Covariate channels: 0
    - Series length: min=2007, max=2007, avg=2007.0
    - Test split: 365 steps
    - Prediction length: 30
    - Windows: 12
    Total instances: 12, Series during experiment: 1, Windows: 12
    Collecting ground truth and context...
    Organizing data into arrays...
    ⚠️  Predictions max value (254527.22) exceeds float16 safe range.
    ⚠️  Applying scale factor: 10 (values will be divided)
    Saved predictions (quantiles) to /fslarge/scratch/users/h61084/codes/evaluating_tsfms/outputs/context_size/tasks/chronos2/context_length/2048/multivariate/Supply_Chain_Customer/D/short/run_0/predictions.npz
    Computing per-window metrics...
    Saved metrics to /fslarge/scratch/users/h61084/codes/evaluating_tsfms/outputs/context_size/tasks/chronos2/context_length/2048/multivariate/Supply_Chain_Customer/D/short/run_0/metrics.npz
    Saved config to /fslarge/scratch/users/h61084/codes/evaluating_tsfms/outputs/context_size/tasks/chronos2/context_length/2048/multivariate/Supply_Chain_Customer/D/short/run_0/config.json
    Saved aggregate metrics to /fslarge/scratch/users/h61084/codes/evaluating_tsfms/outputs/context_size/tasks/chronos2/context_length/2048/multivariate/Supply_Chain_Customer/D/short/run_0/metrics_summary.json
    Metrics summary (averaged over all series/windows/variates):
      MSE: 28443627.5909
      MAE: 1536.4470
      RMSE: 2180.0842
      MAPE: 0.4113
      sMAPE: 0.3790
      MASE: 0.5533
      ND: 0.3332
      CRPS: 0.2587
  Completed: 1 series × 12 windows
  Output: /fslarge/scratch/users/h61084/codes/evaluating_tsfms/outputs/context_size/tasks/chronos2/context_length/2048/multivariate/Supply_Chain_Customer/D/short/run_0

============================================================
All experiments completed!
Results saved to: /scratch/users/h61084/codes/evaluating_tsfms/outputs/context_size/tasks
============================================================

############################################################
# All 1 dataset(s) completed!
############################################################

############################################################
# Dataset 1/1: Supply_Chain_Location/D
############################################################
[2026-09-20 20:03:15 UTC] resources model_device {"device": "cuda", "model": "chronos2"}
Loading configuration...

============================================================
Dataset: Supply_Chain_Location/D
Model: amazon/chronos-2
Checkpoint: /fslarge/scratch/users/h61084/weights/chronos2
Terms: ['short']
Covariate mode: none
Instance normalization: none
============================================================

--- Term: short ---
  Config: prediction_length=30, test_length=365, val_length=90
TIME run allocation action=new run=/fslarge/scratch/users/h61084/codes/evaluating_tsfms/outputs/context_size/tasks/chronos2/context_length/2048/multivariate/Supply_Chain_Location/D/short/run_0 launch_id=selena_context_size_20260920T193931Z_45055 slurm_job_id=3506740 launched_at=2026-09-20T20:03:15.222451+00:00
  Initializing Chronos pipeline (/fslarge/scratch/users/h61084/weights/chronos2)...
  Dataset info:
    - Frequency: D
    - Num series: 1
    - Target dim: 51
    - Target mode: multivariate
    - Covariate channels: 0
    - Series length: min=2007, max=2007, avg=2007.0
    - Test split: 365 steps
    - Prediction length: 30
    - Windows: 12
    Total instances: 12, Series during experiment: 1, Windows: 12
    Collecting ground truth and context...
    Organizing data into arrays...
    ⚠️  Predictions max value (115510.66) exceeds float16 safe range.
    ⚠️  Applying scale factor: 10 (values will be divided)
    Saved predictions (quantiles) to /fslarge/scratch/users/h61084/codes/evaluating_tsfms/outputs/context_size/tasks/chronos2/context_length/2048/multivariate/Supply_Chain_Location/D/short/run_0/predictions.npz
    Computing per-window metrics...
    Saved metrics to /fslarge/scratch/users/h61084/codes/evaluating_tsfms/outputs/context_size/tasks/chronos2/context_length/2048/multivariate/Supply_Chain_Location/D/short/run_0/metrics.npz
    Saved config to /fslarge/scratch/users/h61084/codes/evaluating_tsfms/outputs/context_size/tasks/chronos2/context_length/2048/multivariate/Supply_Chain_Location/D/short/run_0/config.json
    Saved aggregate metrics to /fslarge/scratch/users/h61084/codes/evaluating_tsfms/outputs/context_size/tasks/chronos2/context_length/2048/multivariate/Supply_Chain_Location/D/short/run_0/metrics_summary.json
    Metrics summary (averaged over all series/windows/variates):
      MSE: 18425020.9472
      MAE: 1703.5771
      RMSE: 2240.5644
      MAPE: 0.4979
      sMAPE: 0.3898
      MASE: 0.6049
      ND: 0.3571
      CRPS: 0.2713
  Completed: 1 series × 12 windows
  Output: /fslarge/scratch/users/h61084/codes/evaluating_tsfms/outputs/context_size/tasks/chronos2/context_length/2048/multivariate/Supply_Chain_Location/D/short/run_0

============================================================
All experiments completed!
Results saved to: /scratch/users/h61084/codes/evaluating_tsfms/outputs/context_size/tasks
============================================================

############################################################
# All 1 dataset(s) completed!
############################################################

############################################################
# Dataset 1/1: azure2019_D/5T
############################################################
[2026-09-20 20:03:25 UTC] resources model_device {"device": "cuda", "model": "chronos2"}
Loading configuration...

============================================================
Dataset: azure2019_D/5T
Model: amazon/chronos-2
Checkpoint: /fslarge/scratch/users/h61084/weights/chronos2
Terms: ['short']
Covariate mode: none
Instance normalization: none
============================================================

--- Term: short ---
  Config: prediction_length=288, test_length=864, val_length=864
TIME run allocation action=new run=/fslarge/scratch/users/h61084/codes/evaluating_tsfms/outputs/context_size/tasks/chronos2/context_length/2048/multivariate/azure2019_D/5T/short/run_0 launch_id=selena_context_size_20260920T193931Z_45055 slurm_job_id=3506740 launched_at=2026-09-20T20:03:25.201535+00:00
  Initializing Chronos pipeline (/fslarge/scratch/users/h61084/weights/chronos2)...
  Dataset info:
    - Frequency: 5T
    - Num series: 989
    - Target dim: 3
    - Target mode: multivariate
    - Covariate channels: 0
    - Series length: min=8073, max=8639, avg=8627.0
    - Test split: 864 steps
    - Prediction length: 288
    - Windows: 3
    Processed 160/2967...
    Processed 320/2967...
    Processed 480/2967...
    Processed 640/2967...
    Processed 800/2967...
    Processed 960/2967...
    Processed 1120/2967...
    Processed 1280/2967...
    Processed 1440/2967...
    Processed 1600/2967...
    Processed 1760/2967...
    Processed 1920/2967...
    Processed 2080/2967...
    Processed 2240/2967...
    Processed 2400/2967...
    Processed 2560/2967...
    Processed 2720/2967...
    Processed 2880/2967...
    Total instances: 2967, Series during experiment: 989, Windows: 3
    Collecting ground truth and context...
    Organizing data into arrays...
    Saved predictions (quantiles) to /fslarge/scratch/users/h61084/codes/evaluating_tsfms/outputs/context_size/tasks/chronos2/context_length/2048/multivariate/azure2019_D/5T/short/run_0/predictions.npz
    Computing per-window metrics...
    Saved metrics to /fslarge/scratch/users/h61084/codes/evaluating_tsfms/outputs/context_size/tasks/chronos2/context_length/2048/multivariate/azure2019_D/5T/short/run_0/metrics.npz
    Saved config to /fslarge/scratch/users/h61084/codes/evaluating_tsfms/outputs/context_size/tasks/chronos2/context_length/2048/multivariate/azure2019_D/5T/short/run_0/config.json
    Saved aggregate metrics to /fslarge/scratch/users/h61084/codes/evaluating_tsfms/outputs/context_size/tasks/chronos2/context_length/2048/multivariate/azure2019_D/5T/short/run_0/metrics_summary.json
    Metrics summary (averaged over all series/windows/variates):
      MSE: 56.1660
      MAE: 2.5918
      RMSE: 3.6736
      MAPE: 0.1991
      sMAPE: 0.1681
      MASE: 0.7178
      ND: 0.1720
      CRPS: 0.1405
  Completed: 989 series × 3 windows
  Output: /fslarge/scratch/users/h61084/codes/evaluating_tsfms/outputs/context_size/tasks/chronos2/context_length/2048/multivariate/azure2019_D/5T/short/run_0

============================================================
All experiments completed!
Results saved to: /scratch/users/h61084/codes/evaluating_tsfms/outputs/context_size/tasks
============================================================

############################################################
# All 1 dataset(s) completed!
############################################################

############################################################
# Dataset 1/1: azure2019_I/5T
############################################################
[2026-09-20 20:03:52 UTC] resources model_device {"device": "cuda", "model": "chronos2"}
Loading configuration...

============================================================
Dataset: azure2019_I/5T
Model: amazon/chronos-2
Checkpoint: /fslarge/scratch/users/h61084/weights/chronos2
Terms: ['short']
Covariate mode: none
Instance normalization: none
============================================================

--- Term: short ---
  Config: prediction_length=288, test_length=864, val_length=864
TIME run allocation action=new run=/fslarge/scratch/users/h61084/codes/evaluating_tsfms/outputs/context_size/tasks/chronos2/context_length/2048/multivariate/azure2019_I/5T/short/run_0 launch_id=selena_context_size_20260920T193931Z_45055 slurm_job_id=3506740 launched_at=2026-09-20T20:03:52.393302+00:00
  Initializing Chronos pipeline (/fslarge/scratch/users/h61084/weights/chronos2)...
  Dataset info:
    - Frequency: 5T
    - Num series: 492
    - Target dim: 3
    - Target mode: multivariate
    - Covariate channels: 0
    - Series length: min=8250, max=8639, avg=8630.4
    - Test split: 864 steps
    - Prediction length: 288
    - Windows: 3
    Processed 160/1476...
    Processed 320/1476...
    Processed 480/1476...
    Processed 640/1476...
    Processed 800/1476...
    Processed 960/1476...
    Processed 1120/1476...
    Processed 1280/1476...
    Processed 1440/1476...
    Total instances: 1476, Series during experiment: 492, Windows: 3
    Collecting ground truth and context...
    Organizing data into arrays...
    Saved predictions (quantiles) to /fslarge/scratch/users/h61084/codes/evaluating_tsfms/outputs/context_size/tasks/chronos2/context_length/2048/multivariate/azure2019_I/5T/short/run_0/predictions.npz
    Computing per-window metrics...
    Saved metrics to /fslarge/scratch/users/h61084/codes/evaluating_tsfms/outputs/context_size/tasks/chronos2/context_length/2048/multivariate/azure2019_I/5T/short/run_0/metrics.npz
    Saved config to /fslarge/scratch/users/h61084/codes/evaluating_tsfms/outputs/context_size/tasks/chronos2/context_length/2048/multivariate/azure2019_I/5T/short/run_0/config.json
    Saved aggregate metrics to /fslarge/scratch/users/h61084/codes/evaluating_tsfms/outputs/context_size/tasks/chronos2/context_length/2048/multivariate/azure2019_I/5T/short/run_0/metrics_summary.json
    Metrics summary (averaged over all series/windows/variates):
      MSE: 45.6952
      MAE: 2.1930
      RMSE: 3.2516
      MAPE: 0.1868
      sMAPE: 0.1484
      MASE: 0.6839
      ND: 0.1559
      CRPS: 0.1251
  Completed: 492 series × 3 windows
  Output: /fslarge/scratch/users/h61084/codes/evaluating_tsfms/outputs/context_size/tasks/chronos2/context_length/2048/multivariate/azure2019_I/5T/short/run_0

============================================================
All experiments completed!
Results saved to: /scratch/users/h61084/codes/evaluating_tsfms/outputs/context_size/tasks
============================================================

############################################################
# All 1 dataset(s) completed!
############################################################

############################################################
# Dataset 1/1: azure2019_U/5T
############################################################
[2026-09-20 20:04:10 UTC] resources model_device {"device": "cuda", "model": "chronos2"}
Loading configuration...

============================================================
Dataset: azure2019_U/5T
Model: amazon/chronos-2
Checkpoint: /fslarge/scratch/users/h61084/weights/chronos2
Terms: ['short']
Covariate mode: none
Instance normalization: none
============================================================

--- Term: short ---
  Config: prediction_length=48, test_length=288, val_length=96
TIME run allocation action=new run=/fslarge/scratch/users/h61084/codes/evaluating_tsfms/outputs/context_size/tasks/chronos2/context_length/2048/multivariate/azure2019_U/5T/short/run_0 launch_id=selena_context_size_20260920T193931Z_45055 slurm_job_id=3506740 launched_at=2026-09-20T20:04:10.539541+00:00
  Initializing Chronos pipeline (/fslarge/scratch/users/h61084/weights/chronos2)...
  Dataset info:
    - Frequency: 5T
    - Num series: 78
    - Target dim: 3
    - Target mode: multivariate
    - Covariate channels: 0
    - Series length: min=882, max=2006, avg=1406.1
    - Test split: 288 steps
    - Prediction length: 48
    - Windows: 6
    Processed 160/468...
    Processed 320/468...
    Processed 468/468...
    Total instances: 468, Series during experiment: 78, Windows: 6
    Collecting ground truth and context...
    Organizing data into arrays...
    Saved predictions (quantiles) to /fslarge/scratch/users/h61084/codes/evaluating_tsfms/outputs/context_size/tasks/chronos2/context_length/2048/multivariate/azure2019_U/5T/short/run_0/predictions.npz
    Computing per-window metrics...
    Saved metrics to /fslarge/scratch/users/h61084/codes/evaluating_tsfms/outputs/context_size/tasks/chronos2/context_length/2048/multivariate/azure2019_U/5T/short/run_0/metrics.npz
    Saved config to /fslarge/scratch/users/h61084/codes/evaluating_tsfms/outputs/context_size/tasks/chronos2/context_length/2048/multivariate/azure2019_U/5T/short/run_0/config.json
    Saved aggregate metrics to /fslarge/scratch/users/h61084/codes/evaluating_tsfms/outputs/context_size/tasks/chronos2/context_length/2048/multivariate/azure2019_U/5T/short/run_0/metrics_summary.json
    Metrics summary (averaged over all series/windows/variates):
      MSE: 67.8880
      MAE: 2.3908
      RMSE: 3.3155
      MAPE: 0.3747
      sMAPE: 0.1649
      MASE: 0.6608
      ND: 0.1779
      CRPS: 0.1467
  Completed: 78 series × 6 windows
  Output: /fslarge/scratch/users/h61084/codes/evaluating_tsfms/outputs/context_size/tasks/chronos2/context_length/2048/multivariate/azure2019_U/5T/short/run_0

============================================================
All experiments completed!
Results saved to: /scratch/users/h61084/codes/evaluating_tsfms/outputs/context_size/tasks
============================================================

############################################################
# All 1 dataset(s) completed!
############################################################

############################################################
# Dataset 1/1: Smart_Manufacturing/H
############################################################
[2026-09-20 20:04:21 UTC] resources model_device {"device": "cuda", "model": "chronos2"}
Loading configuration...

============================================================
Dataset: Smart_Manufacturing/H
Model: amazon/chronos-2
Checkpoint: /fslarge/scratch/users/h61084/weights/chronos2
Terms: ['short', 'medium', 'long']
Covariate mode: none
Instance normalization: none
============================================================

--- Term: short ---
  Config: prediction_length=24, test_length=336, val_length=336
TIME run allocation action=new run=/fslarge/scratch/users/h61084/codes/evaluating_tsfms/outputs/context_size/tasks/chronos2/context_length/2048/multivariate/Smart_Manufacturing/H/short/run_0 launch_id=selena_context_size_20260920T193931Z_45055 slurm_job_id=3506740 launched_at=2026-09-20T20:04:21.238604+00:00
  Initializing Chronos pipeline (/fslarge/scratch/users/h61084/weights/chronos2)...
  Dataset info:
    - Frequency: H
    - Num series: 34
    - Target dim: 5
    - Target mode: multivariate
    - Covariate channels: 0
    - Series length: min=1661, max=1667, avg=1665.9
    - Test split: 336 steps
    - Prediction length: 24
    - Windows: 14
    Processed 160/476...
    Processed 320/476...
    Processed 476/476...
    Total instances: 476, Series during experiment: 34, Windows: 14
    Collecting ground truth and context...
    Organizing data into arrays...
    Saved predictions (quantiles) to /fslarge/scratch/users/h61084/codes/evaluating_tsfms/outputs/context_size/tasks/chronos2/context_length/2048/multivariate/Smart_Manufacturing/H/short/run_0/predictions.npz
    Computing per-window metrics...
    Saved metrics to /fslarge/scratch/users/h61084/codes/evaluating_tsfms/outputs/context_size/tasks/chronos2/context_length/2048/multivariate/Smart_Manufacturing/H/short/run_0/metrics.npz
    Saved config to /fslarge/scratch/users/h61084/codes/evaluating_tsfms/outputs/context_size/tasks/chronos2/context_length/2048/multivariate/Smart_Manufacturing/H/short/run_0/config.json
    Saved aggregate metrics to /fslarge/scratch/users/h61084/codes/evaluating_tsfms/outputs/context_size/tasks/chronos2/context_length/2048/multivariate/Smart_Manufacturing/H/short/run_0/metrics_summary.json
    Metrics summary (averaged over all series/windows/variates):
      MSE: 78.2795
      MAE: 5.7144
      RMSE: 7.0607
      MAPE: 0.3315
      sMAPE: 0.2252
      MASE: 0.7115
      ND: 0.2164
      CRPS: 0.1665
  Completed: 34 series × 14 windows
  Output: /fslarge/scratch/users/h61084/codes/evaluating_tsfms/outputs/context_size/tasks/chronos2/context_length/2048/multivariate/Smart_Manufacturing/H/short/run_0

--- Term: medium ---
  Config: prediction_length=168, test_length=336, val_length=336
TIME run allocation action=new run=/fslarge/scratch/users/h61084/codes/evaluating_tsfms/outputs/context_size/tasks/chronos2/context_length/2048/multivariate/Smart_Manufacturing/H/medium/run_0 launch_id=selena_context_size_20260920T193931Z_45055 slurm_job_id=3506740 launched_at=2026-09-20T20:04:24.563379+00:00
  Initializing Chronos pipeline (/fslarge/scratch/users/h61084/weights/chronos2)...
  Dataset info:
    - Frequency: H
    - Num series: 34
    - Target dim: 5
    - Target mode: multivariate
    - Covariate channels: 0
    - Series length: min=1661, max=1667, avg=1665.9
    - Test split: 336 steps
    - Prediction length: 168
    - Windows: 2
    Total instances: 68, Series during experiment: 34, Windows: 2
    Collecting ground truth and context...
    Organizing data into arrays...
    Saved predictions (quantiles) to /fslarge/scratch/users/h61084/codes/evaluating_tsfms/outputs/context_size/tasks/chronos2/context_length/2048/multivariate/Smart_Manufacturing/H/medium/run_0/predictions.npz
    Computing per-window metrics...
    Saved metrics to /fslarge/scratch/users/h61084/codes/evaluating_tsfms/outputs/context_size/tasks/chronos2/context_length/2048/multivariate/Smart_Manufacturing/H/medium/run_0/metrics.npz
    Saved config to /fslarge/scratch/users/h61084/codes/evaluating_tsfms/outputs/context_size/tasks/chronos2/context_length/2048/multivariate/Smart_Manufacturing/H/medium/run_0/config.json
    Saved aggregate metrics to /fslarge/scratch/users/h61084/codes/evaluating_tsfms/outputs/context_size/tasks/chronos2/context_length/2048/multivariate/Smart_Manufacturing/H/medium/run_0/metrics_summary.json
    Metrics summary (averaged over all series/windows/variates):
      MSE: 78.3652
      MAE: 5.7186
      RMSE: 7.1471
      MAPE: 0.3369
      sMAPE: 0.2253
      MASE: 0.7113
      ND: 0.2152
      CRPS: 0.1656
  Completed: 34 series × 2 windows
  Output: /fslarge/scratch/users/h61084/codes/evaluating_tsfms/outputs/context_size/tasks/chronos2/context_length/2048/multivariate/Smart_Manufacturing/H/medium/run_0

--- Term: long ---
  Config: prediction_length=336, test_length=336, val_length=336
TIME run allocation action=new run=/fslarge/scratch/users/h61084/codes/evaluating_tsfms/outputs/context_size/tasks/chronos2/context_length/2048/multivariate/Smart_Manufacturing/H/long/run_0 launch_id=selena_context_size_20260920T193931Z_45055 slurm_job_id=3506740 launched_at=2026-09-20T20:04:25.231125+00:00
  Initializing Chronos pipeline (/fslarge/scratch/users/h61084/weights/chronos2)...
  Dataset info:
    - Frequency: H
    - Num series: 34
    - Target dim: 5
    - Target mode: multivariate
    - Covariate channels: 0
    - Series length: min=1661, max=1667, avg=1665.9
    - Test split: 336 steps
    - Prediction length: 336
    - Windows: 1
    Total instances: 34, Series during experiment: 34, Windows: 1
    Collecting ground truth and context...
    Organizing data into arrays...
    Saved predictions (quantiles) to /fslarge/scratch/users/h61084/codes/evaluating_tsfms/outputs/context_size/tasks/chronos2/context_length/2048/multivariate/Smart_Manufacturing/H/long/run_0/predictions.npz
    Computing per-window metrics...
    Saved metrics to /fslarge/scratch/users/h61084/codes/evaluating_tsfms/outputs/context_size/tasks/chronos2/context_length/2048/multivariate/Smart_Manufacturing/H/long/run_0/metrics.npz
    Saved config to /fslarge/scratch/users/h61084/codes/evaluating_tsfms/outputs/context_size/tasks/chronos2/context_length/2048/multivariate/Smart_Manufacturing/H/long/run_0/config.json
    Saved aggregate metrics to /fslarge/scratch/users/h61084/codes/evaluating_tsfms/outputs/context_size/tasks/chronos2/context_length/2048/multivariate/Smart_Manufacturing/H/long/run_0/metrics_summary.json
    Metrics summary (averaged over all series/windows/variates):
      MSE: 78.4038
      MAE: 5.7197
      RMSE: 7.1579
      MAPE: 0.3397
      sMAPE: 0.2253
      MASE: 0.7110
      ND: 0.2152
      CRPS: 0.1656
  Completed: 34 series × 1 windows
  Output: /fslarge/scratch/users/h61084/codes/evaluating_tsfms/outputs/context_size/tasks/chronos2/context_length/2048/multivariate/Smart_Manufacturing/H/long/run_0

============================================================
All experiments completed!
Results saved to: /scratch/users/h61084/codes/evaluating_tsfms/outputs/context_size/tasks
============================================================

############################################################
# All 1 dataset(s) completed!
############################################################

############################################################
# Dataset 1/1: MetroPT-3/5T
############################################################
[2026-09-20 20:04:34 UTC] resources model_device {"device": "cuda", "model": "chronos2"}
Loading configuration...

============================================================
Dataset: MetroPT-3/5T
Model: amazon/chronos-2
Checkpoint: /fslarge/scratch/users/h61084/weights/chronos2
Terms: ['short', 'medium', 'long']
Covariate mode: none
Instance normalization: none
============================================================

--- Term: short ---
  Config: prediction_length=48, test_length=1728, val_length=1728
TIME run allocation action=new run=/fslarge/scratch/users/h61084/codes/evaluating_tsfms/outputs/context_size/tasks/chronos2/context_length/2048/multivariate/MetroPT-3/5T/short/run_0 launch_id=selena_context_size_20260920T193931Z_45055 slurm_job_id=3506740 launched_at=2026-09-20T20:04:34.289794+00:00
  Initializing Chronos pipeline (/fslarge/scratch/users/h61084/weights/chronos2)...
  Dataset info:
    - Frequency: 5T
    - Num series: 1
    - Target dim: 6
    - Target mode: multivariate
    - Covariate channels: 0
    - Series length: min=17809, max=17809, avg=17809.0
    - Test split: 1728 steps
    - Prediction length: 48
    - Windows: 36
    Total instances: 36, Series during experiment: 1, Windows: 36
    Collecting ground truth and context...
    Organizing data into arrays...
    Saved predictions (quantiles) to /fslarge/scratch/users/h61084/codes/evaluating_tsfms/outputs/context_size/tasks/chronos2/context_length/2048/multivariate/MetroPT-3/5T/short/run_0/predictions.npz
    Computing per-window metrics...
    Saved metrics to /fslarge/scratch/users/h61084/codes/evaluating_tsfms/outputs/context_size/tasks/chronos2/context_length/2048/multivariate/MetroPT-3/5T/short/run_0/metrics.npz
    Saved config to /fslarge/scratch/users/h61084/codes/evaluating_tsfms/outputs/context_size/tasks/chronos2/context_length/2048/multivariate/MetroPT-3/5T/short/run_0/config.json
    Saved aggregate metrics to /fslarge/scratch/users/h61084/codes/evaluating_tsfms/outputs/context_size/tasks/chronos2/context_length/2048/multivariate/MetroPT-3/5T/short/run_0/metrics_summary.json
    Metrics summary (averaged over all series/windows/variates):
      MSE: 3.2665
      MAE: 1.1068
      RMSE: 1.4527
      MAPE: 4.4727
      sMAPE: 0.4680
      MASE: 0.6139
      ND: 0.3139
      CRPS: 0.2366
  Completed: 1 series × 36 windows
  Output: /fslarge/scratch/users/h61084/codes/evaluating_tsfms/outputs/context_size/tasks/chronos2/context_length/2048/multivariate/MetroPT-3/5T/short/run_0

--- Term: medium ---
  Config: prediction_length=288, test_length=1728, val_length=1728
TIME run allocation action=new run=/fslarge/scratch/users/h61084/codes/evaluating_tsfms/outputs/context_size/tasks/chronos2/context_length/2048/multivariate/MetroPT-3/5T/medium/run_0 launch_id=selena_context_size_20260920T193931Z_45055 slurm_job_id=3506740 launched_at=2026-09-20T20:04:35.332247+00:00
  Initializing Chronos pipeline (/fslarge/scratch/users/h61084/weights/chronos2)...
  Dataset info:
    - Frequency: 5T
    - Num series: 1
    - Target dim: 6
    - Target mode: multivariate
    - Covariate channels: 0
    - Series length: min=17809, max=17809, avg=17809.0
    - Test split: 1728 steps
    - Prediction length: 288
    - Windows: 6
    Total instances: 6, Series during experiment: 1, Windows: 6
    Collecting ground truth and context...
    Organizing data into arrays...
    Saved predictions (quantiles) to /fslarge/scratch/users/h61084/codes/evaluating_tsfms/outputs/context_size/tasks/chronos2/context_length/2048/multivariate/MetroPT-3/5T/medium/run_0/predictions.npz
    Computing per-window metrics...
    Saved metrics to /fslarge/scratch/users/h61084/codes/evaluating_tsfms/outputs/context_size/tasks/chronos2/context_length/2048/multivariate/MetroPT-3/5T/medium/run_0/metrics.npz
    Saved config to /fslarge/scratch/users/h61084/codes/evaluating_tsfms/outputs/context_size/tasks/chronos2/context_length/2048/multivariate/MetroPT-3/5T/medium/run_0/config.json
    Saved aggregate metrics to /fslarge/scratch/users/h61084/codes/evaluating_tsfms/outputs/context_size/tasks/chronos2/context_length/2048/multivariate/MetroPT-3/5T/medium/run_0/metrics_summary.json
    Metrics summary (averaged over all series/windows/variates):
      MSE: 3.3395
      MAE: 1.1515
      RMSE: 1.5174
      MAPE: 3.9561
      sMAPE: 0.5059
      MASE: 0.6523
      ND: 0.3306
      CRPS: 0.2472
  Completed: 1 series × 6 windows
  Output: /fslarge/scratch/users/h61084/codes/evaluating_tsfms/outputs/context_size/tasks/chronos2/context_length/2048/multivariate/MetroPT-3/5T/medium/run_0

--- Term: long ---
  Config: prediction_length=576, test_length=1728, val_length=1728
TIME run allocation action=new run=/fslarge/scratch/users/h61084/codes/evaluating_tsfms/outputs/context_size/tasks/chronos2/context_length/2048/multivariate/MetroPT-3/5T/long/run_0 launch_id=selena_context_size_20260920T193931Z_45055 slurm_job_id=3506740 launched_at=2026-09-20T20:04:35.653595+00:00
  Initializing Chronos pipeline (/fslarge/scratch/users/h61084/weights/chronos2)...
  Dataset info:
    - Frequency: 5T
    - Num series: 1
    - Target dim: 6
    - Target mode: multivariate
    - Covariate channels: 0
    - Series length: min=17809, max=17809, avg=17809.0
    - Test split: 1728 steps
    - Prediction length: 576
    - Windows: 3
    Total instances: 3, Series during experiment: 1, Windows: 3
    Collecting ground truth and context...
    Organizing data into arrays...
    Saved predictions (quantiles) to /fslarge/scratch/users/h61084/codes/evaluating_tsfms/outputs/context_size/tasks/chronos2/context_length/2048/multivariate/MetroPT-3/5T/long/run_0/predictions.npz
    Computing per-window metrics...
    Saved metrics to /fslarge/scratch/users/h61084/codes/evaluating_tsfms/outputs/context_size/tasks/chronos2/context_length/2048/multivariate/MetroPT-3/5T/long/run_0/metrics.npz
    Saved config to /fslarge/scratch/users/h61084/codes/evaluating_tsfms/outputs/context_size/tasks/chronos2/context_length/2048/multivariate/MetroPT-3/5T/long/run_0/config.json
    Saved aggregate metrics to /fslarge/scratch/users/h61084/codes/evaluating_tsfms/outputs/context_size/tasks/chronos2/context_length/2048/multivariate/MetroPT-3/5T/long/run_0/metrics_summary.json
    Metrics summary (averaged over all series/windows/variates):
      MSE: 3.3525
      MAE: 1.1597
      RMSE: 1.5207
      MAPE: 4.2270
      sMAPE: 0.5064
      MASE: 0.6748
      ND: 0.3352
      CRPS: 0.2505
  Completed: 1 series × 3 windows
  Output: /fslarge/scratch/users/h61084/codes/evaluating_tsfms/outputs/context_size/tasks/chronos2/context_length/2048/multivariate/MetroPT-3/5T/long/run_0

============================================================
All experiments completed!
Results saved to: /scratch/users/h61084/codes/evaluating_tsfms/outputs/context_size/tasks
============================================================

############################################################
# All 1 dataset(s) completed!
############################################################
2026-09-20 22:04:36 | task model=chronos2 runner=run_chronos2.sh environment=uv covariate_mode=none target_mode=auto context_length=2048 instance_normalization=none completed status=success
2026-09-20 22:04:36 | stage evaluate completed status=success
2026-09-20 22:04:36 | workflow context_size completed status=success exit_code=0
