2026-09-15 16:06:52 | workflow foundation_models started launch_id=selena_20260915T140649Z_45401 task=chronos_bolt slurm_job_id=3435864 slurm_array_job_id=none slurm_array_task_id=none
2026-09-15 16:06:52 | stage evaluate started
2026-09-15 16:06:52 | task model=chronos_bolt runner=run_chronos_bolt.sh environment=uv covariate_mode=none target_mode=auto started
[2026-09-15 16:06:52] TIME runner: run_chronos_bolt.sh
[2026-09-15 16:06:52] datasets: /scratch/users/h61084/datasets/hf_dataset
[2026-09-15 16:06:52] weights: /scratch/users/h61084/weights
[2026-09-15 16:06:52] outputs: /scratch/users/h61084/codes/evaluating_tsfms/outputs
[2026-09-15 16:06:52] covariate mode: none
[2026-09-15 16:06:52] target mode: auto

############################################################
# Dataset 1/1: Water_Quality_Darwin/15T
############################################################
Loading configuration...

============================================================
Dataset: Water_Quality_Darwin/15T
Model: amazon/chronos-bolt-base
Terms: ['short', 'medium', 'long']
============================================================
Loading Chronos-Bolt model: amazon/chronos-bolt-base from /fslarge/scratch/users/h61084/weights/chronos-bolt-base...

--- Term: short ---
  Config: prediction_length=16, test_length=1440, val_length=1440
  Dataset info:
    - Frequency: 15T
    - Num series: 7
    - Target dim: 6
    - Target mode: univariate
    - Series length: min=8662, max=18985, avg=15229.4
    - Test split: 1440 steps
    - Prediction length: 16
    - Windows: 90
TIME run allocation action=skip run=/fslarge/scratch/users/h61084/codes/evaluating_tsfms/outputs/foundation_models/tasks/chronos_bolt/univariate/Water_Quality_Darwin/15T/short/run_1 source_launch=selena_20260915T093434Z_46580 launch_id=selena_20260915T140649Z_45401 slurm_job_id=3435864 launched_at=2026-09-15T14:07:19.236652+00:00
  Reused completed task: /fslarge/scratch/users/h61084/codes/evaluating_tsfms/outputs/foundation_models/tasks/chronos_bolt/univariate/Water_Quality_Darwin/15T/short/run_1

--- Term: medium ---
  Config: prediction_length=96, test_length=1440, val_length=1440
  Dataset info:
    - Frequency: 15T
    - Num series: 7
    - Target dim: 6
    - Target mode: univariate
    - Series length: min=8662, max=18985, avg=15229.4
    - Test split: 1440 steps
    - Prediction length: 96
    - Windows: 15
TIME run allocation action=skip run=/fslarge/scratch/users/h61084/codes/evaluating_tsfms/outputs/foundation_models/tasks/chronos_bolt/univariate/Water_Quality_Darwin/15T/medium/run_1 source_launch=selena_20260915T093434Z_46580 launch_id=selena_20260915T140649Z_45401 slurm_job_id=3435864 launched_at=2026-09-15T14:07:19.278257+00:00
  Reused completed task: /fslarge/scratch/users/h61084/codes/evaluating_tsfms/outputs/foundation_models/tasks/chronos_bolt/univariate/Water_Quality_Darwin/15T/medium/run_1

--- Term: long ---
  Config: prediction_length=288, test_length=1440, val_length=1440
  Dataset info:
    - Frequency: 15T
    - Num series: 7
    - Target dim: 6
    - Target mode: univariate
    - Series length: min=8662, max=18985, avg=15229.4
    - Test split: 1440 steps
    - Prediction length: 288
    - Windows: 5
TIME run allocation action=skip run=/fslarge/scratch/users/h61084/codes/evaluating_tsfms/outputs/foundation_models/tasks/chronos_bolt/univariate/Water_Quality_Darwin/15T/long/run_1 source_launch=selena_20260915T093434Z_46580 launch_id=selena_20260915T140649Z_45401 slurm_job_id=3435864 launched_at=2026-09-15T14:07:19.311350+00:00
  Reused completed task: /fslarge/scratch/users/h61084/codes/evaluating_tsfms/outputs/foundation_models/tasks/chronos_bolt/univariate/Water_Quality_Darwin/15T/long/run_1

============================================================
All experiments completed!
Results saved to: /scratch/users/h61084/codes/evaluating_tsfms/outputs/foundation_models/tasks
============================================================

############################################################
# All datasets completed!
############################################################

############################################################
# Dataset 1/1: current_velocity/5T
############################################################
Loading configuration...

============================================================
Dataset: current_velocity/5T
Model: amazon/chronos-bolt-base
Terms: ['short', 'medium', 'long']
============================================================
Loading Chronos-Bolt model: amazon/chronos-bolt-base from /fslarge/scratch/users/h61084/weights/chronos-bolt-base...

--- Term: short ---
  Config: prediction_length=36, test_length=4320, val_length=4320
  Dataset info:
    - Frequency: 5T
    - Num series: 1
    - Target dim: 6
    - Target mode: univariate
    - Series length: min=26486, max=26486, avg=26486.0
    - Test split: 4320 steps
    - Prediction length: 36
    - Windows: 120
TIME run allocation action=skip run=/fslarge/scratch/users/h61084/codes/evaluating_tsfms/outputs/foundation_models/tasks/chronos_bolt/univariate/current_velocity/5T/short/run_1 source_launch=selena_20260915T093434Z_46580 launch_id=selena_20260915T140649Z_45401 slurm_job_id=3435864 launched_at=2026-09-15T14:07:30.505031+00:00
  Reused completed task: /fslarge/scratch/users/h61084/codes/evaluating_tsfms/outputs/foundation_models/tasks/chronos_bolt/univariate/current_velocity/5T/short/run_1

--- Term: medium ---
  Config: prediction_length=288, test_length=4320, val_length=4320
  Dataset info:
    - Frequency: 5T
    - Num series: 1
    - Target dim: 6
    - Target mode: univariate
    - Series length: min=26486, max=26486, avg=26486.0
    - Test split: 4320 steps
    - Prediction length: 288
    - Windows: 15
TIME run allocation action=skip run=/fslarge/scratch/users/h61084/codes/evaluating_tsfms/outputs/foundation_models/tasks/chronos_bolt/univariate/current_velocity/5T/medium/run_1 source_launch=selena_20260915T093434Z_46580 launch_id=selena_20260915T140649Z_45401 slurm_job_id=3435864 launched_at=2026-09-15T14:07:30.554581+00:00
  Reused completed task: /fslarge/scratch/users/h61084/codes/evaluating_tsfms/outputs/foundation_models/tasks/chronos_bolt/univariate/current_velocity/5T/medium/run_1

--- Term: long ---
  Config: prediction_length=864, test_length=4320, val_length=4320
  Dataset info:
    - Frequency: 5T
    - Num series: 1
    - Target dim: 6
    - Target mode: univariate
    - Series length: min=26486, max=26486, avg=26486.0
    - Test split: 4320 steps
    - Prediction length: 864
    - Windows: 5
TIME run allocation action=skip run=/fslarge/scratch/users/h61084/codes/evaluating_tsfms/outputs/foundation_models/tasks/chronos_bolt/univariate/current_velocity/5T/long/run_1 source_launch=selena_20260915T093434Z_46580 launch_id=selena_20260915T140649Z_45401 slurm_job_id=3435864 launched_at=2026-09-15T14:07:30.600748+00:00
  Reused completed task: /fslarge/scratch/users/h61084/codes/evaluating_tsfms/outputs/foundation_models/tasks/chronos_bolt/univariate/current_velocity/5T/long/run_1

============================================================
All experiments completed!
Results saved to: /scratch/users/h61084/codes/evaluating_tsfms/outputs/foundation_models/tasks
============================================================

############################################################
# All datasets completed!
############################################################

############################################################
# Dataset 1/1: current_velocity/10T
############################################################
Loading configuration...

============================================================
Dataset: current_velocity/10T
Model: amazon/chronos-bolt-base
Terms: ['short', 'medium', 'long']
============================================================
Loading Chronos-Bolt model: amazon/chronos-bolt-base from /fslarge/scratch/users/h61084/weights/chronos-bolt-base...

--- Term: short ---
  Config: prediction_length=18, test_length=2160, val_length=2160
  Dataset info:
    - Frequency: 10T
    - Num series: 10
    - Target dim: 6
    - Target mode: univariate
    - Series length: min=7481, max=31957, avg=20668.5
    - Test split: 2160 steps
    - Prediction length: 18
    - Windows: 120
TIME run allocation action=skip run=/fslarge/scratch/users/h61084/codes/evaluating_tsfms/outputs/foundation_models/tasks/chronos_bolt/univariate/current_velocity/10T/short/run_1 source_launch=selena_20260915T093434Z_46580 launch_id=selena_20260915T140649Z_45401 slurm_job_id=3435864 launched_at=2026-09-15T14:07:41.846838+00:00
  Reused completed task: /fslarge/scratch/users/h61084/codes/evaluating_tsfms/outputs/foundation_models/tasks/chronos_bolt/univariate/current_velocity/10T/short/run_1

--- Term: medium ---
  Config: prediction_length=144, test_length=2160, val_length=2160
  Dataset info:
    - Frequency: 10T
    - Num series: 10
    - Target dim: 6
    - Target mode: univariate
    - Series length: min=7481, max=31957, avg=20668.5
    - Test split: 2160 steps
    - Prediction length: 144
    - Windows: 15
TIME run allocation action=skip run=/fslarge/scratch/users/h61084/codes/evaluating_tsfms/outputs/foundation_models/tasks/chronos_bolt/univariate/current_velocity/10T/medium/run_1 source_launch=selena_20260915T093434Z_46580 launch_id=selena_20260915T140649Z_45401 slurm_job_id=3435864 launched_at=2026-09-15T14:07:41.895333+00:00
  Reused completed task: /fslarge/scratch/users/h61084/codes/evaluating_tsfms/outputs/foundation_models/tasks/chronos_bolt/univariate/current_velocity/10T/medium/run_1

--- Term: long ---
  Config: prediction_length=432, test_length=2160, val_length=2160
  Dataset info:
    - Frequency: 10T
    - Num series: 10
    - Target dim: 6
    - Target mode: univariate
    - Series length: min=7481, max=31957, avg=20668.5
    - Test split: 2160 steps
    - Prediction length: 432
    - Windows: 5
TIME run allocation action=skip run=/fslarge/scratch/users/h61084/codes/evaluating_tsfms/outputs/foundation_models/tasks/chronos_bolt/univariate/current_velocity/10T/long/run_1 source_launch=selena_20260915T093434Z_46580 launch_id=selena_20260915T140649Z_45401 slurm_job_id=3435864 launched_at=2026-09-15T14:07:41.954450+00:00
  Reused completed task: /fslarge/scratch/users/h61084/codes/evaluating_tsfms/outputs/foundation_models/tasks/chronos_bolt/univariate/current_velocity/10T/long/run_1

============================================================
All experiments completed!
Results saved to: /scratch/users/h61084/codes/evaluating_tsfms/outputs/foundation_models/tasks
============================================================

############################################################
# All datasets completed!
############################################################

############################################################
# Dataset 1/1: current_velocity/15T
############################################################
Loading configuration...

============================================================
Dataset: current_velocity/15T
Model: amazon/chronos-bolt-base
Terms: ['short', 'medium', 'long']
============================================================
Loading Chronos-Bolt model: amazon/chronos-bolt-base from /fslarge/scratch/users/h61084/weights/chronos-bolt-base...

--- Term: short ---
  Config: prediction_length=12, test_length=1440, val_length=1440
  Dataset info:
    - Frequency: 15T
    - Num series: 5
    - Target dim: 6
    - Target mode: univariate
    - Series length: min=3710, max=17953, avg=8503.2
    - Test split: 1440 steps
    - Prediction length: 12
    - Windows: 120
TIME run allocation action=skip run=/fslarge/scratch/users/h61084/codes/evaluating_tsfms/outputs/foundation_models/tasks/chronos_bolt/univariate/current_velocity/15T/short/run_1 source_launch=selena_20260915T093434Z_46580 launch_id=selena_20260915T140649Z_45401 slurm_job_id=3435864 launched_at=2026-09-15T14:07:53.160761+00:00
  Reused completed task: /fslarge/scratch/users/h61084/codes/evaluating_tsfms/outputs/foundation_models/tasks/chronos_bolt/univariate/current_velocity/15T/short/run_1

--- Term: medium ---
  Config: prediction_length=96, test_length=1440, val_length=1440
  Dataset info:
    - Frequency: 15T
    - Num series: 5
    - Target dim: 6
    - Target mode: univariate
    - Series length: min=3710, max=17953, avg=8503.2
    - Test split: 1440 steps
    - Prediction length: 96
    - Windows: 15
TIME run allocation action=skip run=/fslarge/scratch/users/h61084/codes/evaluating_tsfms/outputs/foundation_models/tasks/chronos_bolt/univariate/current_velocity/15T/medium/run_1 source_launch=selena_20260915T093434Z_46580 launch_id=selena_20260915T140649Z_45401 slurm_job_id=3435864 launched_at=2026-09-15T14:07:53.198673+00:00
  Reused completed task: /fslarge/scratch/users/h61084/codes/evaluating_tsfms/outputs/foundation_models/tasks/chronos_bolt/univariate/current_velocity/15T/medium/run_1

--- Term: long ---
  Config: prediction_length=288, test_length=1440, val_length=1440
  Dataset info:
    - Frequency: 15T
    - Num series: 5
    - Target dim: 6
    - Target mode: univariate
    - Series length: min=3710, max=17953, avg=8503.2
    - Test split: 1440 steps
    - Prediction length: 288
    - Windows: 5
TIME run allocation action=skip run=/fslarge/scratch/users/h61084/codes/evaluating_tsfms/outputs/foundation_models/tasks/chronos_bolt/univariate/current_velocity/15T/long/run_1 source_launch=selena_20260915T093434Z_46580 launch_id=selena_20260915T140649Z_45401 slurm_job_id=3435864 launched_at=2026-09-15T14:07:53.233211+00:00
  Reused completed task: /fslarge/scratch/users/h61084/codes/evaluating_tsfms/outputs/foundation_models/tasks/chronos_bolt/univariate/current_velocity/15T/long/run_1

============================================================
All experiments completed!
Results saved to: /scratch/users/h61084/codes/evaluating_tsfms/outputs/foundation_models/tasks
============================================================

############################################################
# All datasets completed!
############################################################

############################################################
# Dataset 1/1: current_velocity/20T
############################################################
Loading configuration...

============================================================
Dataset: current_velocity/20T
Model: amazon/chronos-bolt-base
Terms: ['short', 'medium', 'long']
============================================================
Loading Chronos-Bolt model: amazon/chronos-bolt-base from /fslarge/scratch/users/h61084/weights/chronos-bolt-base...

--- Term: short ---
  Config: prediction_length=9, test_length=1080, val_length=1080
  Dataset info:
    - Frequency: 20T
    - Num series: 27
    - Target dim: 6
    - Target mode: univariate
    - Series length: min=2529, max=16759, avg=6460.2
    - Test split: 1080 steps
    - Prediction length: 9
    - Windows: 120
TIME run allocation action=skip run=/fslarge/scratch/users/h61084/codes/evaluating_tsfms/outputs/foundation_models/tasks/chronos_bolt/univariate/current_velocity/20T/short/run_1 source_launch=selena_20260915T093434Z_46580 launch_id=selena_20260915T140649Z_45401 slurm_job_id=3435864 launched_at=2026-09-15T14:08:04.363814+00:00
  Reused completed task: /fslarge/scratch/users/h61084/codes/evaluating_tsfms/outputs/foundation_models/tasks/chronos_bolt/univariate/current_velocity/20T/short/run_1

--- Term: medium ---
  Config: prediction_length=72, test_length=1080, val_length=1080
  Dataset info:
    - Frequency: 20T
    - Num series: 27
    - Target dim: 6
    - Target mode: univariate
    - Series length: min=2529, max=16759, avg=6460.2
    - Test split: 1080 steps
    - Prediction length: 72
    - Windows: 15
TIME run allocation action=skip run=/fslarge/scratch/users/h61084/codes/evaluating_tsfms/outputs/foundation_models/tasks/chronos_bolt/univariate/current_velocity/20T/medium/run_1 source_launch=selena_20260915T093434Z_46580 launch_id=selena_20260915T140649Z_45401 slurm_job_id=3435864 launched_at=2026-09-15T14:08:04.383997+00:00
  Reused completed task: /fslarge/scratch/users/h61084/codes/evaluating_tsfms/outputs/foundation_models/tasks/chronos_bolt/univariate/current_velocity/20T/medium/run_1

--- Term: long ---
  Config: prediction_length=216, test_length=1080, val_length=1080
  Dataset info:
    - Frequency: 20T
    - Num series: 27
    - Target dim: 6
    - Target mode: univariate
    - Series length: min=2529, max=16759, avg=6460.2
    - Test split: 1080 steps
    - Prediction length: 216
    - Windows: 5
TIME run allocation action=skip run=/fslarge/scratch/users/h61084/codes/evaluating_tsfms/outputs/foundation_models/tasks/chronos_bolt/univariate/current_velocity/20T/long/run_1 source_launch=selena_20260915T093434Z_46580 launch_id=selena_20260915T140649Z_45401 slurm_job_id=3435864 launched_at=2026-09-15T14:08:04.403601+00:00
  Reused completed task: /fslarge/scratch/users/h61084/codes/evaluating_tsfms/outputs/foundation_models/tasks/chronos_bolt/univariate/current_velocity/20T/long/run_1

============================================================
All experiments completed!
Results saved to: /scratch/users/h61084/codes/evaluating_tsfms/outputs/foundation_models/tasks
============================================================

############################################################
# All datasets completed!
############################################################

############################################################
# Dataset 1/1: current_velocity/H
############################################################
Loading configuration...

============================================================
Dataset: current_velocity/H
Model: amazon/chronos-bolt-base
Terms: ['short', 'medium', 'long']
============================================================
Loading Chronos-Bolt model: amazon/chronos-bolt-base from /fslarge/scratch/users/h61084/weights/chronos-bolt-base...

--- Term: short ---
  Config: prediction_length=24, test_length=672, val_length=672
  Dataset info:
    - Frequency: H
    - Num series: 21
    - Target dim: 6
    - Target mode: univariate
    - Series length: min=2208, max=5587, avg=3502.3
    - Test split: 672 steps
    - Prediction length: 24
    - Windows: 28
TIME run allocation action=skip run=/fslarge/scratch/users/h61084/codes/evaluating_tsfms/outputs/foundation_models/tasks/chronos_bolt/univariate/current_velocity/H/short/run_1 source_launch=selena_20260915T093434Z_46580 launch_id=selena_20260915T140649Z_45401 slurm_job_id=3435864 launched_at=2026-09-15T14:08:15.147435+00:00
  Reused completed task: /fslarge/scratch/users/h61084/codes/evaluating_tsfms/outputs/foundation_models/tasks/chronos_bolt/univariate/current_velocity/H/short/run_1

--- Term: medium ---
  Config: prediction_length=168, test_length=672, val_length=672
  Dataset info:
    - Frequency: H
    - Num series: 21
    - Target dim: 6
    - Target mode: univariate
    - Series length: min=2208, max=5587, avg=3502.3
    - Test split: 672 steps
    - Prediction length: 168
    - Windows: 4
TIME run allocation action=skip run=/fslarge/scratch/users/h61084/codes/evaluating_tsfms/outputs/foundation_models/tasks/chronos_bolt/univariate/current_velocity/H/medium/run_1 source_launch=selena_20260915T093434Z_46580 launch_id=selena_20260915T140649Z_45401 slurm_job_id=3435864 launched_at=2026-09-15T14:08:15.188240+00:00
  Reused completed task: /fslarge/scratch/users/h61084/codes/evaluating_tsfms/outputs/foundation_models/tasks/chronos_bolt/univariate/current_velocity/H/medium/run_1

--- Term: long ---
  Config: prediction_length=336, test_length=672, val_length=672
  Dataset info:
    - Frequency: H
    - Num series: 21
    - Target dim: 6
    - Target mode: univariate
    - Series length: min=2208, max=5587, avg=3502.3
    - Test split: 672 steps
    - Prediction length: 336
    - Windows: 2
TIME run allocation action=skip run=/fslarge/scratch/users/h61084/codes/evaluating_tsfms/outputs/foundation_models/tasks/chronos_bolt/univariate/current_velocity/H/long/run_1 source_launch=selena_20260915T093434Z_46580 launch_id=selena_20260915T140649Z_45401 slurm_job_id=3435864 launched_at=2026-09-15T14:08:15.211993+00:00
  Reused completed task: /fslarge/scratch/users/h61084/codes/evaluating_tsfms/outputs/foundation_models/tasks/chronos_bolt/univariate/current_velocity/H/long/run_1

============================================================
All experiments completed!
Results saved to: /scratch/users/h61084/codes/evaluating_tsfms/outputs/foundation_models/tasks
============================================================

############################################################
# All datasets completed!
############################################################

############################################################
# Dataset 1/1: CPHL/15T
############################################################
Loading configuration...

============================================================
Dataset: CPHL/15T
Model: amazon/chronos-bolt-base
Terms: ['short', 'medium', 'long']
============================================================
Loading Chronos-Bolt model: amazon/chronos-bolt-base from /fslarge/scratch/users/h61084/weights/chronos-bolt-base...

--- Term: short ---
  Config: prediction_length=12, test_length=1440, val_length=1440
  Dataset info:
    - Frequency: 15T
    - Num series: 2
    - Target dim: 1
    - Target mode: univariate
    - Series length: min=9956, max=10831, avg=10393.5
    - Test split: 1440 steps
    - Prediction length: 12
    - Windows: 120
TIME run allocation action=skip run=/fslarge/scratch/users/h61084/codes/evaluating_tsfms/outputs/foundation_models/tasks/chronos_bolt/univariate/CPHL/15T/short/run_1 source_launch=selena_20260915T093434Z_46580 launch_id=selena_20260915T140649Z_45401 slurm_job_id=3435864 launched_at=2026-09-15T14:08:26.233342+00:00
  Reused completed task: /fslarge/scratch/users/h61084/codes/evaluating_tsfms/outputs/foundation_models/tasks/chronos_bolt/univariate/CPHL/15T/short/run_1

--- Term: medium ---
  Config: prediction_length=96, test_length=1440, val_length=1440
  Dataset info:
    - Frequency: 15T
    - Num series: 2
    - Target dim: 1
    - Target mode: univariate
    - Series length: min=9956, max=10831, avg=10393.5
    - Test split: 1440 steps
    - Prediction length: 96
    - Windows: 15
TIME run allocation action=skip run=/fslarge/scratch/users/h61084/codes/evaluating_tsfms/outputs/foundation_models/tasks/chronos_bolt/univariate/CPHL/15T/medium/run_1 source_launch=selena_20260915T093434Z_46580 launch_id=selena_20260915T140649Z_45401 slurm_job_id=3435864 launched_at=2026-09-15T14:08:26.247997+00:00
  Reused completed task: /fslarge/scratch/users/h61084/codes/evaluating_tsfms/outputs/foundation_models/tasks/chronos_bolt/univariate/CPHL/15T/medium/run_1

--- Term: long ---
  Config: prediction_length=288, test_length=1440, val_length=1440
  Dataset info:
    - Frequency: 15T
    - Num series: 2
    - Target dim: 1
    - Target mode: univariate
    - Series length: min=9956, max=10831, avg=10393.5
    - Test split: 1440 steps
    - Prediction length: 288
    - Windows: 5
TIME run allocation action=skip run=/fslarge/scratch/users/h61084/codes/evaluating_tsfms/outputs/foundation_models/tasks/chronos_bolt/univariate/CPHL/15T/long/run_1 source_launch=selena_20260915T093434Z_46580 launch_id=selena_20260915T140649Z_45401 slurm_job_id=3435864 launched_at=2026-09-15T14:08:26.262113+00:00
  Reused completed task: /fslarge/scratch/users/h61084/codes/evaluating_tsfms/outputs/foundation_models/tasks/chronos_bolt/univariate/CPHL/15T/long/run_1

============================================================
All experiments completed!
Results saved to: /scratch/users/h61084/codes/evaluating_tsfms/outputs/foundation_models/tasks
============================================================

############################################################
# All datasets completed!
############################################################

############################################################
# Dataset 1/1: CPHL/30T
############################################################
Loading configuration...

============================================================
Dataset: CPHL/30T
Model: amazon/chronos-bolt-base
Terms: ['short', 'medium', 'long']
============================================================
Loading Chronos-Bolt model: amazon/chronos-bolt-base from /fslarge/scratch/users/h61084/weights/chronos-bolt-base...

--- Term: short ---
  Config: prediction_length=12, test_length=1440, val_length=1440
  Dataset info:
    - Frequency: 30T
    - Num series: 2
    - Target dim: 1
    - Target mode: univariate
    - Series length: min=11808, max=17566, avg=14687.0
    - Test split: 1440 steps
    - Prediction length: 12
    - Windows: 120
TIME run allocation action=skip run=/fslarge/scratch/users/h61084/codes/evaluating_tsfms/outputs/foundation_models/tasks/chronos_bolt/univariate/CPHL/30T/short/run_1 source_launch=selena_20260915T093434Z_46580 launch_id=selena_20260915T140649Z_45401 slurm_job_id=3435864 launched_at=2026-09-15T14:08:37.055756+00:00
  Reused completed task: /fslarge/scratch/users/h61084/codes/evaluating_tsfms/outputs/foundation_models/tasks/chronos_bolt/univariate/CPHL/30T/short/run_1

--- Term: medium ---
  Config: prediction_length=48, test_length=1440, val_length=1440
  Dataset info:
    - Frequency: 30T
    - Num series: 2
    - Target dim: 1
    - Target mode: univariate
    - Series length: min=11808, max=17566, avg=14687.0
    - Test split: 1440 steps
    - Prediction length: 48
    - Windows: 30
TIME run allocation action=skip run=/fslarge/scratch/users/h61084/codes/evaluating_tsfms/outputs/foundation_models/tasks/chronos_bolt/univariate/CPHL/30T/medium/run_1 source_launch=selena_20260915T093434Z_46580 launch_id=selena_20260915T140649Z_45401 slurm_job_id=3435864 launched_at=2026-09-15T14:08:37.070310+00:00
  Reused completed task: /fslarge/scratch/users/h61084/codes/evaluating_tsfms/outputs/foundation_models/tasks/chronos_bolt/univariate/CPHL/30T/medium/run_1

--- Term: long ---
  Config: prediction_length=144, test_length=1440, val_length=1440
  Dataset info:
    - Frequency: 30T
    - Num series: 2
    - Target dim: 1
    - Target mode: univariate
    - Series length: min=11808, max=17566, avg=14687.0
    - Test split: 1440 steps
    - Prediction length: 144
    - Windows: 10
TIME run allocation action=skip run=/fslarge/scratch/users/h61084/codes/evaluating_tsfms/outputs/foundation_models/tasks/chronos_bolt/univariate/CPHL/30T/long/run_1 source_launch=selena_20260915T093434Z_46580 launch_id=selena_20260915T140649Z_45401 slurm_job_id=3435864 launched_at=2026-09-15T14:08:37.084291+00:00
  Reused completed task: /fslarge/scratch/users/h61084/codes/evaluating_tsfms/outputs/foundation_models/tasks/chronos_bolt/univariate/CPHL/30T/long/run_1

============================================================
All experiments completed!
Results saved to: /scratch/users/h61084/codes/evaluating_tsfms/outputs/foundation_models/tasks
============================================================

############################################################
# All datasets completed!
############################################################

############################################################
# Dataset 1/1: CPHL/H
############################################################
Loading configuration...

============================================================
Dataset: CPHL/H
Model: amazon/chronos-bolt-base
Terms: ['short', 'medium', 'long']
============================================================
Loading Chronos-Bolt model: amazon/chronos-bolt-base from /fslarge/scratch/users/h61084/weights/chronos-bolt-base...

--- Term: short ---
  Config: prediction_length=24, test_length=672, val_length=672
  Dataset info:
    - Frequency: H
    - Num series: 4
    - Target dim: 1
    - Target mode: univariate
    - Series length: min=2490, max=8783, avg=4971.2
    - Test split: 672 steps
    - Prediction length: 24
    - Windows: 28
TIME run allocation action=skip run=/fslarge/scratch/users/h61084/codes/evaluating_tsfms/outputs/foundation_models/tasks/chronos_bolt/univariate/CPHL/H/short/run_1 source_launch=selena_20260915T093434Z_46580 launch_id=selena_20260915T140649Z_45401 slurm_job_id=3435864 launched_at=2026-09-15T14:08:47.994867+00:00
  Reused completed task: /fslarge/scratch/users/h61084/codes/evaluating_tsfms/outputs/foundation_models/tasks/chronos_bolt/univariate/CPHL/H/short/run_1

--- Term: medium ---
  Config: prediction_length=168, test_length=672, val_length=672
  Dataset info:
    - Frequency: H
    - Num series: 4
    - Target dim: 1
    - Target mode: univariate
    - Series length: min=2490, max=8783, avg=4971.2
    - Test split: 672 steps
    - Prediction length: 168
    - Windows: 4
TIME run allocation action=skip run=/fslarge/scratch/users/h61084/codes/evaluating_tsfms/outputs/foundation_models/tasks/chronos_bolt/univariate/CPHL/H/medium/run_1 source_launch=selena_20260915T093434Z_46580 launch_id=selena_20260915T140649Z_45401 slurm_job_id=3435864 launched_at=2026-09-15T14:08:48.008972+00:00
  Reused completed task: /fslarge/scratch/users/h61084/codes/evaluating_tsfms/outputs/foundation_models/tasks/chronos_bolt/univariate/CPHL/H/medium/run_1

--- Term: long ---
  Config: prediction_length=336, test_length=672, val_length=672
  Dataset info:
    - Frequency: H
    - Num series: 4
    - Target dim: 1
    - Target mode: univariate
    - Series length: min=2490, max=8783, avg=4971.2
    - Test split: 672 steps
    - Prediction length: 336
    - Windows: 2
TIME run allocation action=skip run=/fslarge/scratch/users/h61084/codes/evaluating_tsfms/outputs/foundation_models/tasks/chronos_bolt/univariate/CPHL/H/long/run_1 source_launch=selena_20260915T093434Z_46580 launch_id=selena_20260915T140649Z_45401 slurm_job_id=3435864 launched_at=2026-09-15T14:08:48.022324+00:00
  Reused completed task: /fslarge/scratch/users/h61084/codes/evaluating_tsfms/outputs/foundation_models/tasks/chronos_bolt/univariate/CPHL/H/long/run_1

============================================================
All experiments completed!
Results saved to: /scratch/users/h61084/codes/evaluating_tsfms/outputs/foundation_models/tasks
============================================================

############################################################
# All datasets completed!
############################################################

############################################################
# Dataset 1/1: Coastal_T_S/5T
############################################################
Loading configuration...

============================================================
Dataset: Coastal_T_S/5T
Model: amazon/chronos-bolt-base
Terms: ['short', 'medium', 'long']
============================================================
Loading Chronos-Bolt model: amazon/chronos-bolt-base from /fslarge/scratch/users/h61084/weights/chronos-bolt-base...

--- Term: short ---
  Config: prediction_length=36, test_length=4320, val_length=4320
  Dataset info:
    - Frequency: 5T
    - Num series: 18
    - Target dim: 3
    - Target mode: univariate
    - Series length: min=44614, max=105408, avg=68604.9
    - Test split: 4320 steps
    - Prediction length: 36
    - Windows: 120
TIME run allocation action=skip run=/fslarge/scratch/users/h61084/codes/evaluating_tsfms/outputs/foundation_models/tasks/chronos_bolt/univariate/Coastal_T_S/5T/short/run_1 source_launch=selena_20260915T093434Z_46580 launch_id=selena_20260915T140649Z_45401 slurm_job_id=3435864 launched_at=2026-09-15T14:08:59.425819+00:00
  Reused completed task: /fslarge/scratch/users/h61084/codes/evaluating_tsfms/outputs/foundation_models/tasks/chronos_bolt/univariate/Coastal_T_S/5T/short/run_1

--- Term: medium ---
  Config: prediction_length=288, test_length=4320, val_length=4320
  Dataset info:
    - Frequency: 5T
    - Num series: 18
    - Target dim: 3
    - Target mode: univariate
    - Series length: min=44614, max=105408, avg=68604.9
    - Test split: 4320 steps
    - Prediction length: 288
    - Windows: 15
TIME run allocation action=skip run=/fslarge/scratch/users/h61084/codes/evaluating_tsfms/outputs/foundation_models/tasks/chronos_bolt/univariate/Coastal_T_S/5T/medium/run_1 source_launch=selena_20260915T093434Z_46580 launch_id=selena_20260915T140649Z_45401 slurm_job_id=3435864 launched_at=2026-09-15T14:08:59.511613+00:00
  Reused completed task: /fslarge/scratch/users/h61084/codes/evaluating_tsfms/outputs/foundation_models/tasks/chronos_bolt/univariate/Coastal_T_S/5T/medium/run_1

--- Term: long ---
  Config: prediction_length=864, test_length=4320, val_length=4320
  Dataset info:
    - Frequency: 5T
    - Num series: 18
    - Target dim: 3
    - Target mode: univariate
    - Series length: min=44614, max=105408, avg=68604.9
    - Test split: 4320 steps
    - Prediction length: 864
    - Windows: 5
TIME run allocation action=skip run=/fslarge/scratch/users/h61084/codes/evaluating_tsfms/outputs/foundation_models/tasks/chronos_bolt/univariate/Coastal_T_S/5T/long/run_1 source_launch=selena_20260915T093434Z_46580 launch_id=selena_20260915T140649Z_45401 slurm_job_id=3435864 launched_at=2026-09-15T14:08:59.598684+00:00
  Reused completed task: /fslarge/scratch/users/h61084/codes/evaluating_tsfms/outputs/foundation_models/tasks/chronos_bolt/univariate/Coastal_T_S/5T/long/run_1

============================================================
All experiments completed!
Results saved to: /scratch/users/h61084/codes/evaluating_tsfms/outputs/foundation_models/tasks
============================================================

############################################################
# All datasets completed!
############################################################

############################################################
# Dataset 1/1: Coastal_T_S/15T
############################################################
Loading configuration...

============================================================
Dataset: Coastal_T_S/15T
Model: amazon/chronos-bolt-base
Terms: ['short', 'medium', 'long']
============================================================
Loading Chronos-Bolt model: amazon/chronos-bolt-base from /fslarge/scratch/users/h61084/weights/chronos-bolt-base...

--- Term: short ---
  Config: prediction_length=12, test_length=1440, val_length=1440
  Dataset info:
    - Frequency: 15T
    - Num series: 5
    - Target dim: 3
    - Target mode: univariate
    - Series length: min=16686, max=23134, avg=20870.2
    - Test split: 1440 steps
    - Prediction length: 12
    - Windows: 120
TIME run allocation action=skip run=/fslarge/scratch/users/h61084/codes/evaluating_tsfms/outputs/foundation_models/tasks/chronos_bolt/univariate/Coastal_T_S/15T/short/run_1 source_launch=selena_20260915T093434Z_46580 launch_id=selena_20260915T140649Z_45401 slurm_job_id=3435864 launched_at=2026-09-15T14:09:10.341096+00:00
  Reused completed task: /fslarge/scratch/users/h61084/codes/evaluating_tsfms/outputs/foundation_models/tasks/chronos_bolt/univariate/Coastal_T_S/15T/short/run_1

--- Term: medium ---
  Config: prediction_length=96, test_length=1440, val_length=1440
  Dataset info:
    - Frequency: 15T
    - Num series: 5
    - Target dim: 3
    - Target mode: univariate
    - Series length: min=16686, max=23134, avg=20870.2
    - Test split: 1440 steps
    - Prediction length: 96
    - Windows: 15
TIME run allocation action=skip run=/fslarge/scratch/users/h61084/codes/evaluating_tsfms/outputs/foundation_models/tasks/chronos_bolt/univariate/Coastal_T_S/15T/medium/run_1 source_launch=selena_20260915T093434Z_46580 launch_id=selena_20260915T140649Z_45401 slurm_job_id=3435864 launched_at=2026-09-15T14:09:10.368090+00:00
  Reused completed task: /fslarge/scratch/users/h61084/codes/evaluating_tsfms/outputs/foundation_models/tasks/chronos_bolt/univariate/Coastal_T_S/15T/medium/run_1

--- Term: long ---
  Config: prediction_length=288, test_length=1440, val_length=1440
  Dataset info:
    - Frequency: 15T
    - Num series: 5
    - Target dim: 3
    - Target mode: univariate
    - Series length: min=16686, max=23134, avg=20870.2
    - Test split: 1440 steps
    - Prediction length: 288
    - Windows: 5
TIME run allocation action=skip run=/fslarge/scratch/users/h61084/codes/evaluating_tsfms/outputs/foundation_models/tasks/chronos_bolt/univariate/Coastal_T_S/15T/long/run_1 source_launch=selena_20260915T093434Z_46580 launch_id=selena_20260915T140649Z_45401 slurm_job_id=3435864 launched_at=2026-09-15T14:09:10.398311+00:00
  Reused completed task: /fslarge/scratch/users/h61084/codes/evaluating_tsfms/outputs/foundation_models/tasks/chronos_bolt/univariate/Coastal_T_S/15T/long/run_1

============================================================
All experiments completed!
Results saved to: /scratch/users/h61084/codes/evaluating_tsfms/outputs/foundation_models/tasks
============================================================

############################################################
# All datasets completed!
############################################################

############################################################
# Dataset 1/1: Coastal_T_S/20T
############################################################
Loading configuration...

============================================================
Dataset: Coastal_T_S/20T
Model: amazon/chronos-bolt-base
Terms: ['short', 'medium', 'long']
============================================================
Loading Chronos-Bolt model: amazon/chronos-bolt-base from /fslarge/scratch/users/h61084/weights/chronos-bolt-base...

--- Term: short ---
  Config: prediction_length=9, test_length=1080, val_length=1080
  Dataset info:
    - Frequency: 20T
    - Num series: 1
    - Target dim: 3
    - Target mode: univariate
    - Series length: min=8198, max=8198, avg=8198.0
    - Test split: 1080 steps
    - Prediction length: 9
    - Windows: 120
TIME run allocation action=skip run=/fslarge/scratch/users/h61084/codes/evaluating_tsfms/outputs/foundation_models/tasks/chronos_bolt/univariate/Coastal_T_S/20T/short/run_1 source_launch=selena_20260915T093434Z_46580 launch_id=selena_20260915T140649Z_45401 slurm_job_id=3435864 launched_at=2026-09-15T14:09:21.298494+00:00
  Reused completed task: /fslarge/scratch/users/h61084/codes/evaluating_tsfms/outputs/foundation_models/tasks/chronos_bolt/univariate/Coastal_T_S/20T/short/run_1

--- Term: medium ---
  Config: prediction_length=72, test_length=1080, val_length=1080
  Dataset info:
    - Frequency: 20T
    - Num series: 1
    - Target dim: 3
    - Target mode: univariate
    - Series length: min=8198, max=8198, avg=8198.0
    - Test split: 1080 steps
    - Prediction length: 72
    - Windows: 15
TIME run allocation action=skip run=/fslarge/scratch/users/h61084/codes/evaluating_tsfms/outputs/foundation_models/tasks/chronos_bolt/univariate/Coastal_T_S/20T/medium/run_1 source_launch=selena_20260915T093434Z_46580 launch_id=selena_20260915T140649Z_45401 slurm_job_id=3435864 launched_at=2026-09-15T14:09:21.336542+00:00
  Reused completed task: /fslarge/scratch/users/h61084/codes/evaluating_tsfms/outputs/foundation_models/tasks/chronos_bolt/univariate/Coastal_T_S/20T/medium/run_1

--- Term: long ---
  Config: prediction_length=216, test_length=1080, val_length=1080
  Dataset info:
    - Frequency: 20T
    - Num series: 1
    - Target dim: 3
    - Target mode: univariate
    - Series length: min=8198, max=8198, avg=8198.0
    - Test split: 1080 steps
    - Prediction length: 216
    - Windows: 5
TIME run allocation action=skip run=/fslarge/scratch/users/h61084/codes/evaluating_tsfms/outputs/foundation_models/tasks/chronos_bolt/univariate/Coastal_T_S/20T/long/run_1 source_launch=selena_20260915T093434Z_46580 launch_id=selena_20260915T140649Z_45401 slurm_job_id=3435864 launched_at=2026-09-15T14:09:21.364966+00:00
  Reused completed task: /fslarge/scratch/users/h61084/codes/evaluating_tsfms/outputs/foundation_models/tasks/chronos_bolt/univariate/Coastal_T_S/20T/long/run_1

============================================================
All experiments completed!
Results saved to: /scratch/users/h61084/codes/evaluating_tsfms/outputs/foundation_models/tasks
============================================================

############################################################
# All datasets completed!
############################################################

############################################################
# Dataset 1/1: Coastal_T_S/H
############################################################
Loading configuration...

============================================================
Dataset: Coastal_T_S/H
Model: amazon/chronos-bolt-base
Terms: ['short', 'medium', 'long']
============================================================
Loading Chronos-Bolt model: amazon/chronos-bolt-base from /fslarge/scratch/users/h61084/weights/chronos-bolt-base...

--- Term: short ---
  Config: prediction_length=24, test_length=672, val_length=672
  Dataset info:
    - Frequency: H
    - Num series: 24
    - Target dim: 3
    - Target mode: univariate
    - Series length: min=2733, max=8784, avg=5488.8
    - Test split: 672 steps
    - Prediction length: 24
    - Windows: 28
TIME run allocation action=skip run=/fslarge/scratch/users/h61084/codes/evaluating_tsfms/outputs/foundation_models/tasks/chronos_bolt/univariate/Coastal_T_S/H/short/run_1 source_launch=selena_20260915T093434Z_46580 launch_id=selena_20260915T140649Z_45401 slurm_job_id=3435864 launched_at=2026-09-15T14:09:32.677467+00:00
  Reused completed task: /fslarge/scratch/users/h61084/codes/evaluating_tsfms/outputs/foundation_models/tasks/chronos_bolt/univariate/Coastal_T_S/H/short/run_1

--- Term: medium ---
  Config: prediction_length=168, test_length=672, val_length=672
  Dataset info:
    - Frequency: H
    - Num series: 24
    - Target dim: 3
    - Target mode: univariate
    - Series length: min=2733, max=8784, avg=5488.8
    - Test split: 672 steps
    - Prediction length: 168
    - Windows: 4
TIME run allocation action=skip run=/fslarge/scratch/users/h61084/codes/evaluating_tsfms/outputs/foundation_models/tasks/chronos_bolt/univariate/Coastal_T_S/H/medium/run_1 source_launch=selena_20260915T093434Z_46580 launch_id=selena_20260915T140649Z_45401 slurm_job_id=3435864 launched_at=2026-09-15T14:09:32.698030+00:00
  Reused completed task: /fslarge/scratch/users/h61084/codes/evaluating_tsfms/outputs/foundation_models/tasks/chronos_bolt/univariate/Coastal_T_S/H/medium/run_1

--- Term: long ---
  Config: prediction_length=336, test_length=672, val_length=672
  Dataset info:
    - Frequency: H
    - Num series: 24
    - Target dim: 3
    - Target mode: univariate
    - Series length: min=2733, max=8784, avg=5488.8
    - Test split: 672 steps
    - Prediction length: 336
    - Windows: 2
TIME run allocation action=skip run=/fslarge/scratch/users/h61084/codes/evaluating_tsfms/outputs/foundation_models/tasks/chronos_bolt/univariate/Coastal_T_S/H/long/run_1 source_launch=selena_20260915T093434Z_46580 launch_id=selena_20260915T140649Z_45401 slurm_job_id=3435864 launched_at=2026-09-15T14:09:32.718074+00:00
  Reused completed task: /fslarge/scratch/users/h61084/codes/evaluating_tsfms/outputs/foundation_models/tasks/chronos_bolt/univariate/Coastal_T_S/H/long/run_1

============================================================
All experiments completed!
Results saved to: /scratch/users/h61084/codes/evaluating_tsfms/outputs/foundation_models/tasks
============================================================

############################################################
# All datasets completed!
############################################################

############################################################
# Dataset 1/1: SG_Weather/D
############################################################
Loading configuration...

============================================================
Dataset: SG_Weather/D
Model: amazon/chronos-bolt-base
Terms: ['short', 'medium', 'long']
============================================================
Loading Chronos-Bolt model: amazon/chronos-bolt-base from /fslarge/scratch/users/h61084/weights/chronos-bolt-base...

--- Term: short ---
  Config: prediction_length=3, test_length=366, val_length=366
  Dataset info:
    - Frequency: D
    - Num series: 6
    - Target dim: 4
    - Target mode: univariate
    - Series length: min=2953, max=2953, avg=2953.0
    - Test split: 366 steps
    - Prediction length: 3
    - Windows: 122
TIME run allocation action=skip run=/fslarge/scratch/users/h61084/codes/evaluating_tsfms/outputs/foundation_models/tasks/chronos_bolt/univariate/SG_Weather/D/short/run_1 source_launch=selena_20260915T093434Z_46580 launch_id=selena_20260915T140649Z_45401 slurm_job_id=3435864 launched_at=2026-09-15T14:09:44.108162+00:00
  Reused completed task: /fslarge/scratch/users/h61084/codes/evaluating_tsfms/outputs/foundation_models/tasks/chronos_bolt/univariate/SG_Weather/D/short/run_1

--- Term: medium ---
  Config: prediction_length=7, test_length=366, val_length=366
  Dataset info:
    - Frequency: D
    - Num series: 6
    - Target dim: 4
    - Target mode: univariate
    - Series length: min=2953, max=2953, avg=2953.0
    - Test split: 366 steps
    - Prediction length: 7
    - Windows: 52
TIME run allocation action=skip run=/fslarge/scratch/users/h61084/codes/evaluating_tsfms/outputs/foundation_models/tasks/chronos_bolt/univariate/SG_Weather/D/medium/run_1 source_launch=selena_20260915T093434Z_46580 launch_id=selena_20260915T140649Z_45401 slurm_job_id=3435864 launched_at=2026-09-15T14:09:44.143848+00:00
  Reused completed task: /fslarge/scratch/users/h61084/codes/evaluating_tsfms/outputs/foundation_models/tasks/chronos_bolt/univariate/SG_Weather/D/medium/run_1

--- Term: long ---
  Config: prediction_length=14, test_length=366, val_length=366
  Dataset info:
    - Frequency: D
    - Num series: 6
    - Target dim: 4
    - Target mode: univariate
    - Series length: min=2953, max=2953, avg=2953.0
    - Test split: 366 steps
    - Prediction length: 14
    - Windows: 26
TIME run allocation action=skip run=/fslarge/scratch/users/h61084/codes/evaluating_tsfms/outputs/foundation_models/tasks/chronos_bolt/univariate/SG_Weather/D/long/run_1 source_launch=selena_20260915T093434Z_46580 launch_id=selena_20260915T140649Z_45401 slurm_job_id=3435864 launched_at=2026-09-15T14:09:44.166889+00:00
  Reused completed task: /fslarge/scratch/users/h61084/codes/evaluating_tsfms/outputs/foundation_models/tasks/chronos_bolt/univariate/SG_Weather/D/long/run_1

============================================================
All experiments completed!
Results saved to: /scratch/users/h61084/codes/evaluating_tsfms/outputs/foundation_models/tasks
============================================================

############################################################
# All datasets completed!
############################################################

############################################################
# Dataset 1/1: SG_PM25/H
############################################################
Loading configuration...

============================================================
Dataset: SG_PM25/H
Model: amazon/chronos-bolt-base
Terms: ['short', 'medium', 'long']
============================================================
Loading Chronos-Bolt model: amazon/chronos-bolt-base from /fslarge/scratch/users/h61084/weights/chronos-bolt-base...

--- Term: short ---
  Config: prediction_length=24, test_length=2208, val_length=2160
  Dataset info:
    - Frequency: H
    - Num series: 1
    - Target dim: 5
    - Target mode: univariate
    - Series length: min=38688, max=38688, avg=38688.0
    - Test split: 2208 steps
    - Prediction length: 24
    - Windows: 92
TIME run allocation action=skip run=/fslarge/scratch/users/h61084/codes/evaluating_tsfms/outputs/foundation_models/tasks/chronos_bolt/univariate/SG_PM25/H/short/run_1 source_launch=selena_20260915T093434Z_46580 launch_id=selena_20260915T140649Z_45401 slurm_job_id=3435864 launched_at=2026-09-15T14:09:55.569708+00:00
  Reused completed task: /fslarge/scratch/users/h61084/codes/evaluating_tsfms/outputs/foundation_models/tasks/chronos_bolt/univariate/SG_PM25/H/short/run_1

--- Term: medium ---
  Config: prediction_length=72, test_length=2208, val_length=2160
  Dataset info:
    - Frequency: H
    - Num series: 1
    - Target dim: 5
    - Target mode: univariate
    - Series length: min=38688, max=38688, avg=38688.0
    - Test split: 2208 steps
    - Prediction length: 72
    - Windows: 30
TIME run allocation action=skip run=/fslarge/scratch/users/h61084/codes/evaluating_tsfms/outputs/foundation_models/tasks/chronos_bolt/univariate/SG_PM25/H/medium/run_1 source_launch=selena_20260915T093434Z_46580 launch_id=selena_20260915T140649Z_45401 slurm_job_id=3435864 launched_at=2026-09-15T14:09:55.624817+00:00
  Reused completed task: /fslarge/scratch/users/h61084/codes/evaluating_tsfms/outputs/foundation_models/tasks/chronos_bolt/univariate/SG_PM25/H/medium/run_1

--- Term: long ---
  Config: prediction_length=168, test_length=2208, val_length=2160
  Dataset info:
    - Frequency: H
    - Num series: 1
    - Target dim: 5
    - Target mode: univariate
    - Series length: min=38688, max=38688, avg=38688.0
    - Test split: 2208 steps
    - Prediction length: 168
    - Windows: 13
TIME run allocation action=skip run=/fslarge/scratch/users/h61084/codes/evaluating_tsfms/outputs/foundation_models/tasks/chronos_bolt/univariate/SG_PM25/H/long/run_1 source_launch=selena_20260915T093434Z_46580 launch_id=selena_20260915T140649Z_45401 slurm_job_id=3435864 launched_at=2026-09-15T14:09:55.683597+00:00
  Reused completed task: /fslarge/scratch/users/h61084/codes/evaluating_tsfms/outputs/foundation_models/tasks/chronos_bolt/univariate/SG_PM25/H/long/run_1

============================================================
All experiments completed!
Results saved to: /scratch/users/h61084/codes/evaluating_tsfms/outputs/foundation_models/tasks
============================================================

############################################################
# All datasets completed!
############################################################

############################################################
# Dataset 1/1: NE_China_Wind/H
############################################################
Loading configuration...

============================================================
Dataset: NE_China_Wind/H
Model: amazon/chronos-bolt-base
Terms: ['short', 'medium', 'long']
============================================================
Loading Chronos-Bolt model: amazon/chronos-bolt-base from /fslarge/scratch/users/h61084/weights/chronos-bolt-base...

--- Term: short ---
  Config: prediction_length=24, test_length=720, val_length=720
  Dataset info:
    - Frequency: H
    - Num series: 1
    - Target dim: 4
    - Target mode: univariate
    - Series length: min=8764, max=8764, avg=8764.0
    - Test split: 720 steps
    - Prediction length: 24
    - Windows: 30
TIME run allocation action=skip run=/fslarge/scratch/users/h61084/codes/evaluating_tsfms/outputs/foundation_models/tasks/chronos_bolt/univariate/NE_China_Wind/H/short/run_1 source_launch=selena_20260915T093434Z_46580 launch_id=selena_20260915T140649Z_45401 slurm_job_id=3435864 launched_at=2026-09-15T14:10:06.972149+00:00
  Reused completed task: /fslarge/scratch/users/h61084/codes/evaluating_tsfms/outputs/foundation_models/tasks/chronos_bolt/univariate/NE_China_Wind/H/short/run_1

--- Term: medium ---
  Config: prediction_length=72, test_length=720, val_length=720
  Dataset info:
    - Frequency: H
    - Num series: 1
    - Target dim: 4
    - Target mode: univariate
    - Series length: min=8764, max=8764, avg=8764.0
    - Test split: 720 steps
    - Prediction length: 72
    - Windows: 10
TIME run allocation action=skip run=/fslarge/scratch/users/h61084/codes/evaluating_tsfms/outputs/foundation_models/tasks/chronos_bolt/univariate/NE_China_Wind/H/medium/run_1 source_launch=selena_20260915T093434Z_46580 launch_id=selena_20260915T140649Z_45401 slurm_job_id=3435864 launched_at=2026-09-15T14:10:06.994170+00:00
  Reused completed task: /fslarge/scratch/users/h61084/codes/evaluating_tsfms/outputs/foundation_models/tasks/chronos_bolt/univariate/NE_China_Wind/H/medium/run_1

--- Term: long ---
  Config: prediction_length=168, test_length=720, val_length=720
  Dataset info:
    - Frequency: H
    - Num series: 1
    - Target dim: 4
    - Target mode: univariate
    - Series length: min=8764, max=8764, avg=8764.0
    - Test split: 720 steps
    - Prediction length: 168
    - Windows: 4
TIME run allocation action=skip run=/fslarge/scratch/users/h61084/codes/evaluating_tsfms/outputs/foundation_models/tasks/chronos_bolt/univariate/NE_China_Wind/H/long/run_1 source_launch=selena_20260915T093434Z_46580 launch_id=selena_20260915T140649Z_45401 slurm_job_id=3435864 launched_at=2026-09-15T14:10:07.024531+00:00
  Reused completed task: /fslarge/scratch/users/h61084/codes/evaluating_tsfms/outputs/foundation_models/tasks/chronos_bolt/univariate/NE_China_Wind/H/long/run_1

============================================================
All experiments completed!
Results saved to: /scratch/users/h61084/codes/evaluating_tsfms/outputs/foundation_models/tasks
============================================================

############################################################
# All datasets completed!
############################################################

############################################################
# Dataset 1/1: Australia_Solar/H
############################################################
Loading configuration...

============================================================
Dataset: Australia_Solar/H
Model: amazon/chronos-bolt-base
Terms: ['short', 'medium', 'long']
============================================================
Loading Chronos-Bolt model: amazon/chronos-bolt-base from /fslarge/scratch/users/h61084/weights/chronos-bolt-base...

--- Term: short ---
  Config: prediction_length=24, test_length=2520, val_length=2520
  Dataset info:
    - Frequency: H
    - Num series: 1
    - Target dim: 3
    - Target mode: univariate
    - Series length: min=35064, max=35064, avg=35064.0
    - Test split: 2520 steps
    - Prediction length: 24
    - Windows: 105
TIME run allocation action=skip run=/fslarge/scratch/users/h61084/codes/evaluating_tsfms/outputs/foundation_models/tasks/chronos_bolt/univariate/Australia_Solar/H/short/run_1 source_launch=selena_20260915T093434Z_46580 launch_id=selena_20260915T140649Z_45401 slurm_job_id=3435864 launched_at=2026-09-15T14:10:18.431092+00:00
  Reused completed task: /fslarge/scratch/users/h61084/codes/evaluating_tsfms/outputs/foundation_models/tasks/chronos_bolt/univariate/Australia_Solar/H/short/run_1

--- Term: medium ---
  Config: prediction_length=72, test_length=2520, val_length=2520
  Dataset info:
    - Frequency: H
    - Num series: 1
    - Target dim: 3
    - Target mode: univariate
    - Series length: min=35064, max=35064, avg=35064.0
    - Test split: 2520 steps
    - Prediction length: 72
    - Windows: 35
TIME run allocation action=skip run=/fslarge/scratch/users/h61084/codes/evaluating_tsfms/outputs/foundation_models/tasks/chronos_bolt/univariate/Australia_Solar/H/medium/run_1 source_launch=selena_20260915T093434Z_46580 launch_id=selena_20260915T140649Z_45401 slurm_job_id=3435864 launched_at=2026-09-15T14:10:18.473224+00:00
  Reused completed task: /fslarge/scratch/users/h61084/codes/evaluating_tsfms/outputs/foundation_models/tasks/chronos_bolt/univariate/Australia_Solar/H/medium/run_1

--- Term: long ---
  Config: prediction_length=168, test_length=2520, val_length=2520
  Dataset info:
    - Frequency: H
    - Num series: 1
    - Target dim: 3
    - Target mode: univariate
    - Series length: min=35064, max=35064, avg=35064.0
    - Test split: 2520 steps
    - Prediction length: 168
    - Windows: 15
TIME run allocation action=skip run=/fslarge/scratch/users/h61084/codes/evaluating_tsfms/outputs/foundation_models/tasks/chronos_bolt/univariate/Australia_Solar/H/long/run_1 source_launch=selena_20260915T093434Z_46580 launch_id=selena_20260915T140649Z_45401 slurm_job_id=3435864 launched_at=2026-09-15T14:10:18.507054+00:00
  Reused completed task: /fslarge/scratch/users/h61084/codes/evaluating_tsfms/outputs/foundation_models/tasks/chronos_bolt/univariate/Australia_Solar/H/long/run_1

============================================================
All experiments completed!
Results saved to: /scratch/users/h61084/codes/evaluating_tsfms/outputs/foundation_models/tasks
============================================================

############################################################
# All datasets completed!
############################################################

############################################################
# Dataset 1/1: epf_electricity_price/H
############################################################
Loading configuration...

============================================================
Dataset: epf_electricity_price/H
Model: amazon/chronos-bolt-base
Terms: ['short', 'medium', 'long']
============================================================
Loading Chronos-Bolt model: amazon/chronos-bolt-base from /fslarge/scratch/users/h61084/weights/chronos-bolt-base...

--- Term: short ---
  Config: prediction_length=24, test_length=2520, val_length=2520
  Dataset info:
    - Frequency: H
    - Num series: 5
    - Target dim: 1
    - Target mode: univariate
    - Series length: min=52416, max=52416, avg=52416.0
    - Test split: 2520 steps
    - Prediction length: 24
    - Windows: 105
TIME run allocation action=skip run=/fslarge/scratch/users/h61084/codes/evaluating_tsfms/outputs/foundation_models/tasks/chronos_bolt/univariate/epf_electricity_price/H/short/run_1 source_launch=selena_20260915T093434Z_46580 launch_id=selena_20260915T140649Z_45401 slurm_job_id=3435864 launched_at=2026-09-15T14:10:29.665631+00:00
  Reused completed task: /fslarge/scratch/users/h61084/codes/evaluating_tsfms/outputs/foundation_models/tasks/chronos_bolt/univariate/epf_electricity_price/H/short/run_1

--- Term: medium ---
  Config: prediction_length=72, test_length=2520, val_length=2520
  Dataset info:
    - Frequency: H
    - Num series: 5
    - Target dim: 1
    - Target mode: univariate
    - Series length: min=52416, max=52416, avg=52416.0
    - Test split: 2520 steps
    - Prediction length: 72
    - Windows: 35
TIME run allocation action=skip run=/fslarge/scratch/users/h61084/codes/evaluating_tsfms/outputs/foundation_models/tasks/chronos_bolt/univariate/epf_electricity_price/H/medium/run_1 source_launch=selena_20260915T093434Z_46580 launch_id=selena_20260915T140649Z_45401 slurm_job_id=3435864 launched_at=2026-09-15T14:10:29.687309+00:00
  Reused completed task: /fslarge/scratch/users/h61084/codes/evaluating_tsfms/outputs/foundation_models/tasks/chronos_bolt/univariate/epf_electricity_price/H/medium/run_1

--- Term: long ---
  Config: prediction_length=168, test_length=2520, val_length=2520
  Dataset info:
    - Frequency: H
    - Num series: 5
    - Target dim: 1
    - Target mode: univariate
    - Series length: min=52416, max=52416, avg=52416.0
    - Test split: 2520 steps
    - Prediction length: 168
    - Windows: 15
TIME run allocation action=skip run=/fslarge/scratch/users/h61084/codes/evaluating_tsfms/outputs/foundation_models/tasks/chronos_bolt/univariate/epf_electricity_price/H/long/run_1 source_launch=selena_20260915T093434Z_46580 launch_id=selena_20260915T140649Z_45401 slurm_job_id=3435864 launched_at=2026-09-15T14:10:29.706235+00:00
  Reused completed task: /fslarge/scratch/users/h61084/codes/evaluating_tsfms/outputs/foundation_models/tasks/chronos_bolt/univariate/epf_electricity_price/H/long/run_1

============================================================
All experiments completed!
Results saved to: /scratch/users/h61084/codes/evaluating_tsfms/outputs/foundation_models/tasks
============================================================

############################################################
# All datasets completed!
############################################################

############################################################
# Dataset 1/1: OpenElectricity_NEM/5T
############################################################
Loading configuration...

============================================================
Dataset: OpenElectricity_NEM/5T
Model: amazon/chronos-bolt-base
Terms: ['short', 'medium', 'long']
============================================================
Loading Chronos-Bolt model: amazon/chronos-bolt-base from /fslarge/scratch/users/h61084/weights/chronos-bolt-base...

--- Term: short ---
  Config: prediction_length=24, test_length=4032, val_length=4032
  Dataset info:
    - Frequency: 5T
    - Num series: 1
    - Target dim: 10
    - Target mode: univariate
    - Series length: min=43488, max=43488, avg=43488.0
    - Test split: 4032 steps
    - Prediction length: 24
    - Windows: 168
TIME run allocation action=skip run=/fslarge/scratch/users/h61084/codes/evaluating_tsfms/outputs/foundation_models/tasks/chronos_bolt/univariate/OpenElectricity_NEM/5T/short/run_1 source_launch=selena_20260915T093434Z_46580 launch_id=selena_20260915T140649Z_45401 slurm_job_id=3435864 launched_at=2026-09-15T14:10:40.773217+00:00
  Reused completed task: /fslarge/scratch/users/h61084/codes/evaluating_tsfms/outputs/foundation_models/tasks/chronos_bolt/univariate/OpenElectricity_NEM/5T/short/run_1

--- Term: medium ---
  Config: prediction_length=96, test_length=4032, val_length=4032
  Dataset info:
    - Frequency: 5T
    - Num series: 1
    - Target dim: 10
    - Target mode: univariate
    - Series length: min=43488, max=43488, avg=43488.0
    - Test split: 4032 steps
    - Prediction length: 96
    - Windows: 42
TIME run allocation action=skip run=/fslarge/scratch/users/h61084/codes/evaluating_tsfms/outputs/foundation_models/tasks/chronos_bolt/univariate/OpenElectricity_NEM/5T/medium/run_1 source_launch=selena_20260915T093434Z_46580 launch_id=selena_20260915T140649Z_45401 slurm_job_id=3435864 launched_at=2026-09-15T14:10:40.882468+00:00
  Reused completed task: /fslarge/scratch/users/h61084/codes/evaluating_tsfms/outputs/foundation_models/tasks/chronos_bolt/univariate/OpenElectricity_NEM/5T/medium/run_1

--- Term: long ---
  Config: prediction_length=288, test_length=4032, val_length=4032
  Dataset info:
    - Frequency: 5T
    - Num series: 1
    - Target dim: 10
    - Target mode: univariate
    - Series length: min=43488, max=43488, avg=43488.0
    - Test split: 4032 steps
    - Prediction length: 288
    - Windows: 14
TIME run allocation action=skip run=/fslarge/scratch/users/h61084/codes/evaluating_tsfms/outputs/foundation_models/tasks/chronos_bolt/univariate/OpenElectricity_NEM/5T/long/run_1 source_launch=selena_20260915T093434Z_46580 launch_id=selena_20260915T140649Z_45401 slurm_job_id=3435864 launched_at=2026-09-15T14:10:40.996804+00:00
  Reused completed task: /fslarge/scratch/users/h61084/codes/evaluating_tsfms/outputs/foundation_models/tasks/chronos_bolt/univariate/OpenElectricity_NEM/5T/long/run_1

============================================================
All experiments completed!
Results saved to: /scratch/users/h61084/codes/evaluating_tsfms/outputs/foundation_models/tasks
============================================================

############################################################
# All datasets completed!
############################################################

############################################################
# Dataset 1/1: EWELD_Load/15T
############################################################
Loading configuration...

============================================================
Dataset: EWELD_Load/15T
Model: amazon/chronos-bolt-base
Terms: ['short', 'medium', 'long']
============================================================
Loading Chronos-Bolt model: amazon/chronos-bolt-base from /fslarge/scratch/users/h61084/weights/chronos-bolt-base...

--- Term: short ---
  Config: prediction_length=24, test_length=1344, val_length=1344
  Dataset info:
    - Frequency: 15T
    - Num series: 1
    - Target dim: 10
    - Target mode: univariate
    - Series length: min=20544, max=20544, avg=20544.0
    - Test split: 1344 steps
    - Prediction length: 24
    - Windows: 56
TIME run allocation action=skip run=/fslarge/scratch/users/h61084/codes/evaluating_tsfms/outputs/foundation_models/tasks/chronos_bolt/univariate/EWELD_Load/15T/short/run_1 source_launch=selena_20260915T093434Z_46580 launch_id=selena_20260915T140649Z_45401 slurm_job_id=3435864 launched_at=2026-09-15T14:10:52.060988+00:00
  Reused completed task: /fslarge/scratch/users/h61084/codes/evaluating_tsfms/outputs/foundation_models/tasks/chronos_bolt/univariate/EWELD_Load/15T/short/run_1

--- Term: medium ---
  Config: prediction_length=96, test_length=1344, val_length=1344
  Dataset info:
    - Frequency: 15T
    - Num series: 1
    - Target dim: 10
    - Target mode: univariate
    - Series length: min=20544, max=20544, avg=20544.0
    - Test split: 1344 steps
    - Prediction length: 96
    - Windows: 14
TIME run allocation action=skip run=/fslarge/scratch/users/h61084/codes/evaluating_tsfms/outputs/foundation_models/tasks/chronos_bolt/univariate/EWELD_Load/15T/medium/run_1 source_launch=selena_20260915T093434Z_46580 launch_id=selena_20260915T140649Z_45401 slurm_job_id=3435864 launched_at=2026-09-15T14:10:52.125285+00:00
  Reused completed task: /fslarge/scratch/users/h61084/codes/evaluating_tsfms/outputs/foundation_models/tasks/chronos_bolt/univariate/EWELD_Load/15T/medium/run_1

--- Term: long ---
  Config: prediction_length=672, test_length=1344, val_length=1344
  Dataset info:
    - Frequency: 15T
    - Num series: 1
    - Target dim: 10
    - Target mode: univariate
    - Series length: min=20544, max=20544, avg=20544.0
    - Test split: 1344 steps
    - Prediction length: 672
    - Windows: 2
TIME run allocation action=skip run=/fslarge/scratch/users/h61084/codes/evaluating_tsfms/outputs/foundation_models/tasks/chronos_bolt/univariate/EWELD_Load/15T/long/run_1 source_launch=selena_20260915T093434Z_46580 launch_id=selena_20260915T140649Z_45401 slurm_job_id=3435864 launched_at=2026-09-15T14:10:52.180464+00:00
  Reused completed task: /fslarge/scratch/users/h61084/codes/evaluating_tsfms/outputs/foundation_models/tasks/chronos_bolt/univariate/EWELD_Load/15T/long/run_1

============================================================
All experiments completed!
Results saved to: /scratch/users/h61084/codes/evaluating_tsfms/outputs/foundation_models/tasks
============================================================

############################################################
# All datasets completed!
############################################################

############################################################
# Dataset 1/1: SG_Carpark/15T
############################################################
Loading configuration...

============================================================
Dataset: SG_Carpark/15T
Model: amazon/chronos-bolt-base
Terms: ['short', 'medium', 'long']
============================================================
Loading Chronos-Bolt model: amazon/chronos-bolt-base from /fslarge/scratch/users/h61084/weights/chronos-bolt-base...

--- Term: short ---
  Config: prediction_length=16, test_length=672, val_length=672
  Dataset info:
    - Frequency: 15T
    - Num series: 354
    - Target dim: 1
    - Target mode: univariate
    - Series length: min=14495, max=14495, avg=14495.0
    - Test split: 672 steps
    - Prediction length: 16
    - Windows: 42
TIME run allocation action=skip run=/fslarge/scratch/users/h61084/codes/evaluating_tsfms/outputs/foundation_models/tasks/chronos_bolt/univariate/SG_Carpark/15T/short/run_1 source_launch=selena_20260915T093434Z_46580 launch_id=selena_20260915T140649Z_45401 slurm_job_id=3435864 launched_at=2026-09-15T14:11:03.612485+00:00
  Reused completed task: /fslarge/scratch/users/h61084/codes/evaluating_tsfms/outputs/foundation_models/tasks/chronos_bolt/univariate/SG_Carpark/15T/short/run_1

--- Term: medium ---
  Config: prediction_length=96, test_length=672, val_length=672
  Dataset info:
    - Frequency: 15T
    - Num series: 354
    - Target dim: 1
    - Target mode: univariate
    - Series length: min=14495, max=14495, avg=14495.0
    - Test split: 672 steps
    - Prediction length: 96
    - Windows: 7
TIME run allocation action=skip run=/fslarge/scratch/users/h61084/codes/evaluating_tsfms/outputs/foundation_models/tasks/chronos_bolt/univariate/SG_Carpark/15T/medium/run_1 source_launch=selena_20260915T093434Z_46580 launch_id=selena_20260915T140649Z_45401 slurm_job_id=3435864 launched_at=2026-09-15T14:11:03.628895+00:00
  Reused completed task: /fslarge/scratch/users/h61084/codes/evaluating_tsfms/outputs/foundation_models/tasks/chronos_bolt/univariate/SG_Carpark/15T/medium/run_1

--- Term: long ---
  Config: prediction_length=672, test_length=672, val_length=672
  Dataset info:
    - Frequency: 15T
    - Num series: 354
    - Target dim: 1
    - Target mode: univariate
    - Series length: min=14495, max=14495, avg=14495.0
    - Test split: 672 steps
    - Prediction length: 672
    - Windows: 1
TIME run allocation action=skip run=/fslarge/scratch/users/h61084/codes/evaluating_tsfms/outputs/foundation_models/tasks/chronos_bolt/univariate/SG_Carpark/15T/long/run_1 source_launch=selena_20260915T093434Z_46580 launch_id=selena_20260915T140649Z_45401 slurm_job_id=3435864 launched_at=2026-09-15T14:11:03.651394+00:00
  Reused completed task: /fslarge/scratch/users/h61084/codes/evaluating_tsfms/outputs/foundation_models/tasks/chronos_bolt/univariate/SG_Carpark/15T/long/run_1

============================================================
All experiments completed!
Results saved to: /scratch/users/h61084/codes/evaluating_tsfms/outputs/foundation_models/tasks
============================================================

############################################################
# All datasets completed!
############################################################

############################################################
# Dataset 1/1: Finland_Traffic/15T
############################################################
Loading configuration...

============================================================
Dataset: Finland_Traffic/15T
Model: amazon/chronos-bolt-base
Terms: ['short', 'medium', 'long']
============================================================
Loading Chronos-Bolt model: amazon/chronos-bolt-base from /fslarge/scratch/users/h61084/weights/chronos-bolt-base...

--- Term: short ---
  Config: prediction_length=16, test_length=2976, val_length=2880
  Dataset info:
    - Frequency: 15T
    - Num series: 1
    - Target dim: 1
    - Target mode: univariate
    - Series length: min=35136, max=35136, avg=35136.0
    - Test split: 2976 steps
    - Prediction length: 16
    - Windows: 186
TIME run allocation action=skip run=/fslarge/scratch/users/h61084/codes/evaluating_tsfms/outputs/foundation_models/tasks/chronos_bolt/univariate/Finland_Traffic/15T/short/run_1 source_launch=selena_20260915T093434Z_46580 launch_id=selena_20260915T140649Z_45401 slurm_job_id=3435864 launched_at=2026-09-15T14:11:14.999371+00:00
  Reused completed task: /fslarge/scratch/users/h61084/codes/evaluating_tsfms/outputs/foundation_models/tasks/chronos_bolt/univariate/Finland_Traffic/15T/short/run_1

--- Term: medium ---
  Config: prediction_length=96, test_length=2976, val_length=2880
  Dataset info:
    - Frequency: 15T
    - Num series: 1
    - Target dim: 1
    - Target mode: univariate
    - Series length: min=35136, max=35136, avg=35136.0
    - Test split: 2976 steps
    - Prediction length: 96
    - Windows: 31
TIME run allocation action=skip run=/fslarge/scratch/users/h61084/codes/evaluating_tsfms/outputs/foundation_models/tasks/chronos_bolt/univariate/Finland_Traffic/15T/medium/run_1 source_launch=selena_20260915T093434Z_46580 launch_id=selena_20260915T140649Z_45401 slurm_job_id=3435864 launched_at=2026-09-15T14:11:15.034427+00:00
  Reused completed task: /fslarge/scratch/users/h61084/codes/evaluating_tsfms/outputs/foundation_models/tasks/chronos_bolt/univariate/Finland_Traffic/15T/medium/run_1

--- Term: long ---
  Config: prediction_length=672, test_length=2976, val_length=2880
  Dataset info:
    - Frequency: 15T
    - Num series: 1
    - Target dim: 1
    - Target mode: univariate
    - Series length: min=35136, max=35136, avg=35136.0
    - Test split: 2976 steps
    - Prediction length: 672
    - Windows: 4
TIME run allocation action=skip run=/fslarge/scratch/users/h61084/codes/evaluating_tsfms/outputs/foundation_models/tasks/chronos_bolt/univariate/Finland_Traffic/15T/long/run_1 source_launch=selena_20260915T093434Z_46580 launch_id=selena_20260915T140649Z_45401 slurm_job_id=3435864 launched_at=2026-09-15T14:11:15.054546+00:00
  Reused completed task: /fslarge/scratch/users/h61084/codes/evaluating_tsfms/outputs/foundation_models/tasks/chronos_bolt/univariate/Finland_Traffic/15T/long/run_1

============================================================
All experiments completed!
Results saved to: /scratch/users/h61084/codes/evaluating_tsfms/outputs/foundation_models/tasks
============================================================

############################################################
# All datasets completed!
############################################################

############################################################
# Dataset 1/1: Port_Activity/D
############################################################
Loading configuration...

============================================================
Dataset: Port_Activity/D
Model: amazon/chronos-bolt-base
Terms: ['short']
============================================================
Loading Chronos-Bolt model: amazon/chronos-bolt-base from /fslarge/scratch/users/h61084/weights/chronos-bolt-base...

--- Term: short ---
  Config: prediction_length=30, test_length=365, val_length=90
  Dataset info:
    - Frequency: D
    - Num series: 99
    - Target dim: 2
    - Target mode: univariate
    - Series length: min=2127, max=2127, avg=2127.0
    - Test split: 365 steps
    - Prediction length: 30
    - Windows: 12
TIME run allocation action=skip run=/fslarge/scratch/users/h61084/codes/evaluating_tsfms/outputs/foundation_models/tasks/chronos_bolt/univariate/Port_Activity/D/short/run_1 source_launch=selena_20260915T093434Z_46580 launch_id=selena_20260915T140649Z_45401 slurm_job_id=3435864 launched_at=2026-09-15T14:11:26.400479+00:00
  Reused completed task: /fslarge/scratch/users/h61084/codes/evaluating_tsfms/outputs/foundation_models/tasks/chronos_bolt/univariate/Port_Activity/D/short/run_1

============================================================
All experiments completed!
Results saved to: /scratch/users/h61084/codes/evaluating_tsfms/outputs/foundation_models/tasks
============================================================

############################################################
# All datasets completed!
############################################################

############################################################
# Dataset 1/1: Port_Activity/W
############################################################
Loading configuration...

============================================================
Dataset: Port_Activity/W
Model: amazon/chronos-bolt-base
Terms: ['short']
============================================================
Loading Chronos-Bolt model: amazon/chronos-bolt-base from /fslarge/scratch/users/h61084/weights/chronos-bolt-base...

--- Term: short ---
  Config: prediction_length=13, test_length=52, val_length=13
  Dataset info:
    - Frequency: W
    - Num series: 99
    - Target dim: 2
    - Target mode: univariate
    - Series length: min=304, max=304, avg=304.0
    - Test split: 52 steps
    - Prediction length: 13
    - Windows: 4
TIME run allocation action=skip run=/fslarge/scratch/users/h61084/codes/evaluating_tsfms/outputs/foundation_models/tasks/chronos_bolt/univariate/Port_Activity/W/short/run_1 source_launch=selena_20260915T093434Z_46580 launch_id=selena_20260915T140649Z_45401 slurm_job_id=3435864 launched_at=2026-09-15T14:11:37.852580+00:00
  Reused completed task: /fslarge/scratch/users/h61084/codes/evaluating_tsfms/outputs/foundation_models/tasks/chronos_bolt/univariate/Port_Activity/W/short/run_1

============================================================
All experiments completed!
Results saved to: /scratch/users/h61084/codes/evaluating_tsfms/outputs/foundation_models/tasks
============================================================

############################################################
# All datasets completed!
############################################################

############################################################
# Dataset 1/1: ECDC_COVID/D
############################################################
Loading configuration...

============================================================
Dataset: ECDC_COVID/D
Model: amazon/chronos-bolt-base
Terms: ['short']
============================================================
Loading Chronos-Bolt model: amazon/chronos-bolt-base from /fslarge/scratch/users/h61084/weights/chronos-bolt-base...

--- Term: short ---
  Config: prediction_length=30, test_length=150, val_length=30
  Dataset info:
    - Frequency: D
    - Num series: 9
    - Target dim: 1
    - Target mode: univariate
    - Series length: min=794, max=1229, avg=1116.6
    - Test split: 150 steps
    - Prediction length: 30
    - Windows: 5
TIME run allocation action=skip run=/fslarge/scratch/users/h61084/codes/evaluating_tsfms/outputs/foundation_models/tasks/chronos_bolt/univariate/ECDC_COVID/D/short/run_1 source_launch=selena_20260915T093434Z_46580 launch_id=selena_20260915T140649Z_45401 slurm_job_id=3435864 launched_at=2026-09-15T14:11:49.227189+00:00
  Reused completed task: /fslarge/scratch/users/h61084/codes/evaluating_tsfms/outputs/foundation_models/tasks/chronos_bolt/univariate/ECDC_COVID/D/short/run_1

============================================================
All experiments completed!
Results saved to: /scratch/users/h61084/codes/evaluating_tsfms/outputs/foundation_models/tasks
============================================================

############################################################
# All datasets completed!
############################################################

############################################################
# Dataset 1/1: ECDC_COVID/W
############################################################
Loading configuration...

============================================================
Dataset: ECDC_COVID/W
Model: amazon/chronos-bolt-base
Terms: ['short']
============================================================
Loading Chronos-Bolt model: amazon/chronos-bolt-base from /fslarge/scratch/users/h61084/weights/chronos-bolt-base...

--- Term: short ---
  Config: prediction_length=13, test_length=52, val_length=13
  Dataset info:
    - Frequency: W
    - Num series: 16
    - Target dim: 1
    - Target mode: univariate
    - Series length: min=114, max=196, avg=165.4
    - Test split: 52 steps
    - Prediction length: 13
    - Windows: 4
TIME run allocation action=skip run=/fslarge/scratch/users/h61084/codes/evaluating_tsfms/outputs/foundation_models/tasks/chronos_bolt/univariate/ECDC_COVID/W/short/run_1 source_launch=selena_20260915T093434Z_46580 launch_id=selena_20260915T140649Z_45401 slurm_job_id=3435864 launched_at=2026-09-15T14:12:00.629389+00:00
  Reused completed task: /fslarge/scratch/users/h61084/codes/evaluating_tsfms/outputs/foundation_models/tasks/chronos_bolt/univariate/ECDC_COVID/W/short/run_1

============================================================
All experiments completed!
Results saved to: /scratch/users/h61084/codes/evaluating_tsfms/outputs/foundation_models/tasks
============================================================

############################################################
# All datasets completed!
############################################################

############################################################
# Dataset 1/1: Global_Influenza/W
############################################################
Loading configuration...

============================================================
Dataset: Global_Influenza/W
Model: amazon/chronos-bolt-base
Terms: ['short']
============================================================
Loading Chronos-Bolt model: amazon/chronos-bolt-base from /fslarge/scratch/users/h61084/weights/chronos-bolt-base...

--- Term: short ---
  Config: prediction_length=13, test_length=52, val_length=13
  Dataset info:
    - Frequency: W
    - Num series: 15
    - Target dim: 4
    - Target mode: univariate
    - Series length: min=154, max=210, avg=205.6
    - Test split: 52 steps
    - Prediction length: 13
    - Windows: 4
TIME run allocation action=skip run=/fslarge/scratch/users/h61084/codes/evaluating_tsfms/outputs/foundation_models/tasks/chronos_bolt/univariate/Global_Influenza/W/short/run_1 source_launch=selena_20260915T093434Z_46580 launch_id=selena_20260915T140649Z_45401 slurm_job_id=3435864 launched_at=2026-09-15T14:12:11.974477+00:00
  Reused completed task: /fslarge/scratch/users/h61084/codes/evaluating_tsfms/outputs/foundation_models/tasks/chronos_bolt/univariate/Global_Influenza/W/short/run_1

============================================================
All experiments completed!
Results saved to: /scratch/users/h61084/codes/evaluating_tsfms/outputs/foundation_models/tasks
============================================================

############################################################
# All datasets completed!
############################################################

############################################################
# Dataset 1/1: Crypto/D
############################################################
Loading configuration...

============================================================
Dataset: Crypto/D
Model: amazon/chronos-bolt-base
Terms: ['short']
============================================================
Loading Chronos-Bolt model: amazon/chronos-bolt-base from /fslarge/scratch/users/h61084/weights/chronos-bolt-base...

--- Term: short ---
  Config: prediction_length=30, test_length=273, val_length=92
  Dataset info:
    - Frequency: D
    - Num series: 1
    - Target dim: 4
    - Target mode: univariate
    - Series length: min=2842, max=2842, avg=2842.0
    - Test split: 273 steps
    - Prediction length: 30
    - Windows: 9
TIME run allocation action=skip run=/fslarge/scratch/users/h61084/codes/evaluating_tsfms/outputs/foundation_models/tasks/chronos_bolt/univariate/Crypto/D/short/run_1 source_launch=selena_20260915T093434Z_46580 launch_id=selena_20260915T140649Z_45401 slurm_job_id=3435864 launched_at=2026-09-15T14:12:23.414005+00:00
  Reused completed task: /fslarge/scratch/users/h61084/codes/evaluating_tsfms/outputs/foundation_models/tasks/chronos_bolt/univariate/Crypto/D/short/run_1

============================================================
All experiments completed!
Results saved to: /scratch/users/h61084/codes/evaluating_tsfms/outputs/foundation_models/tasks
============================================================

############################################################
# All datasets completed!
############################################################

############################################################
# Dataset 1/1: US_Term_Structure/B
############################################################
Loading configuration...

============================================================
Dataset: US_Term_Structure/B
Model: amazon/chronos-bolt-base
Terms: ['short']
============================================================
Loading Chronos-Bolt model: amazon/chronos-bolt-base from /fslarge/scratch/users/h61084/weights/chronos-bolt-base...

--- Term: short ---
  Config: prediction_length=20, test_length=717, val_length=100
  Dataset info:
    - Frequency: B
    - Num series: 1
    - Target dim: 40
    - Target mode: univariate
    - Series length: min=9326, max=9326, avg=9326.0
    - Test split: 717 steps
    - Prediction length: 20
    - Windows: 35
TIME run allocation action=skip run=/fslarge/scratch/users/h61084/codes/evaluating_tsfms/outputs/foundation_models/tasks/chronos_bolt/univariate/US_Term_Structure/B/short/run_1 source_launch=selena_20260915T093434Z_46580 launch_id=selena_20260915T140649Z_45401 slurm_job_id=3435864 launched_at=2026-09-15T14:12:34.811699+00:00
  Reused completed task: /fslarge/scratch/users/h61084/codes/evaluating_tsfms/outputs/foundation_models/tasks/chronos_bolt/univariate/US_Term_Structure/B/short/run_1

============================================================
All experiments completed!
Results saved to: /scratch/users/h61084/codes/evaluating_tsfms/outputs/foundation_models/tasks
============================================================

############################################################
# All datasets completed!
############################################################

############################################################
# Dataset 1/1: Oil_Price/B
############################################################
Loading configuration...

============================================================
Dataset: Oil_Price/B
Model: amazon/chronos-bolt-base
Terms: ['short']
============================================================
Loading Chronos-Bolt model: amazon/chronos-bolt-base from /fslarge/scratch/users/h61084/weights/chronos-bolt-base...

--- Term: short ---
  Config: prediction_length=20, test_length=717, val_length=100
  Dataset info:
    - Frequency: B
    - Num series: 1
    - Target dim: 12
    - Target mode: univariate
    - Series length: min=5035, max=5035, avg=5035.0
    - Test split: 717 steps
    - Prediction length: 20
    - Windows: 35
TIME run allocation action=skip run=/fslarge/scratch/users/h61084/codes/evaluating_tsfms/outputs/foundation_models/tasks/chronos_bolt/univariate/Oil_Price/B/short/run_1 source_launch=selena_20260915T093434Z_46580 launch_id=selena_20260915T140649Z_45401 slurm_job_id=3435864 launched_at=2026-09-15T14:12:46.242738+00:00
  Reused completed task: /fslarge/scratch/users/h61084/codes/evaluating_tsfms/outputs/foundation_models/tasks/chronos_bolt/univariate/Oil_Price/B/short/run_1

============================================================
All experiments completed!
Results saved to: /scratch/users/h61084/codes/evaluating_tsfms/outputs/foundation_models/tasks
============================================================

############################################################
# All datasets completed!
############################################################

############################################################
# Dataset 1/1: Job_Claims/W
############################################################
Loading configuration...

============================================================
Dataset: Job_Claims/W
Model: amazon/chronos-bolt-base
Terms: ['short']
============================================================
Loading Chronos-Bolt model: amazon/chronos-bolt-base from /fslarge/scratch/users/h61084/weights/chronos-bolt-base...

--- Term: short ---
  Config: prediction_length=13, test_length=52, val_length=13
  Dataset info:
    - Frequency: W
    - Num series: 1
    - Target dim: 2
    - Target mode: univariate
    - Series length: min=196, max=196, avg=196.0
    - Test split: 52 steps
    - Prediction length: 13
    - Windows: 4
TIME run allocation action=skip run=/fslarge/scratch/users/h61084/codes/evaluating_tsfms/outputs/foundation_models/tasks/chronos_bolt/univariate/Job_Claims/W/short/run_1 source_launch=selena_20260915T093434Z_46580 launch_id=selena_20260915T140649Z_45401 slurm_job_id=3435864 launched_at=2026-09-15T14:12:57.578043+00:00
  Reused completed task: /fslarge/scratch/users/h61084/codes/evaluating_tsfms/outputs/foundation_models/tasks/chronos_bolt/univariate/Job_Claims/W/short/run_1

============================================================
All experiments completed!
Results saved to: /scratch/users/h61084/codes/evaluating_tsfms/outputs/foundation_models/tasks
============================================================

############################################################
# All datasets completed!
############################################################

############################################################
# Dataset 1/1: Uncertainty_1M/M
############################################################
Loading configuration...

============================================================
Dataset: Uncertainty_1M/M
Model: amazon/chronos-bolt-base
Terms: ['short']
============================================================
Loading Chronos-Bolt model: amazon/chronos-bolt-base from /fslarge/scratch/users/h61084/weights/chronos-bolt-base...

--- Term: short ---
  Config: prediction_length=6, test_length=42, val_length=18
  Dataset info:
    - Frequency: M
    - Num series: 1
    - Target dim: 3
    - Target mode: univariate
    - Series length: min=780, max=780, avg=780.0
    - Test split: 42 steps
    - Prediction length: 6
    - Windows: 7
TIME run allocation action=skip run=/fslarge/scratch/users/h61084/codes/evaluating_tsfms/outputs/foundation_models/tasks/chronos_bolt/univariate/Uncertainty_1M/M/short/run_1 source_launch=selena_20260915T093434Z_46580 launch_id=selena_20260915T140649Z_45401 slurm_job_id=3435864 launched_at=2026-09-15T14:13:09.152360+00:00
  Reused completed task: /fslarge/scratch/users/h61084/codes/evaluating_tsfms/outputs/foundation_models/tasks/chronos_bolt/univariate/Uncertainty_1M/M/short/run_1

============================================================
All experiments completed!
Results saved to: /scratch/users/h61084/codes/evaluating_tsfms/outputs/foundation_models/tasks
============================================================

############################################################
# All datasets completed!
############################################################

############################################################
# Dataset 1/1: Housing_Inventory/M
############################################################
Loading configuration...

============================================================
Dataset: Housing_Inventory/M
Model: amazon/chronos-bolt-base
Terms: ['short']
============================================================
Loading Chronos-Bolt model: amazon/chronos-bolt-base from /fslarge/scratch/users/h61084/weights/chronos-bolt-base...

--- Term: short ---
  Config: prediction_length=12, test_length=36, val_length=12
  Dataset info:
    - Frequency: M
    - Num series: 1
    - Target dim: 4
    - Target mode: univariate
    - Series length: min=114, max=114, avg=114.0
    - Test split: 36 steps
    - Prediction length: 12
    - Windows: 3
TIME run allocation action=skip run=/fslarge/scratch/users/h61084/codes/evaluating_tsfms/outputs/foundation_models/tasks/chronos_bolt/univariate/Housing_Inventory/M/short/run_1 source_launch=selena_20260915T093434Z_46580 launch_id=selena_20260915T140649Z_45401 slurm_job_id=3435864 launched_at=2026-09-15T14:13:20.830648+00:00
  Reused completed task: /fslarge/scratch/users/h61084/codes/evaluating_tsfms/outputs/foundation_models/tasks/chronos_bolt/univariate/Housing_Inventory/M/short/run_1

============================================================
All experiments completed!
Results saved to: /scratch/users/h61084/codes/evaluating_tsfms/outputs/foundation_models/tasks
============================================================

############################################################
# All datasets completed!
############################################################

############################################################
# Dataset 1/1: JOLTS/M
############################################################
Loading configuration...

============================================================
Dataset: JOLTS/M
Model: amazon/chronos-bolt-base
Terms: ['short']
============================================================
Loading Chronos-Bolt model: amazon/chronos-bolt-base from /fslarge/scratch/users/h61084/weights/chronos-bolt-base...

--- Term: short ---
  Config: prediction_length=12, test_length=60, val_length=12
  Dataset info:
    - Frequency: M
    - Num series: 1
    - Target dim: 6
    - Target mode: univariate
    - Series length: min=297, max=297, avg=297.0
    - Test split: 60 steps
    - Prediction length: 12
    - Windows: 5
TIME run allocation action=skip run=/fslarge/scratch/users/h61084/codes/evaluating_tsfms/outputs/foundation_models/tasks/chronos_bolt/univariate/JOLTS/M/short/run_1 source_launch=selena_20260915T093434Z_46580 launch_id=selena_20260915T140649Z_45401 slurm_job_id=3435864 launched_at=2026-09-15T14:13:32.971161+00:00
  Reused completed task: /fslarge/scratch/users/h61084/codes/evaluating_tsfms/outputs/foundation_models/tasks/chronos_bolt/univariate/JOLTS/M/short/run_1

============================================================
All experiments completed!
Results saved to: /scratch/users/h61084/codes/evaluating_tsfms/outputs/foundation_models/tasks
============================================================

############################################################
# All datasets completed!
############################################################

############################################################
# Dataset 1/1: US_Labor/M
############################################################
Loading configuration...

============================================================
Dataset: US_Labor/M
Model: amazon/chronos-bolt-base
Terms: ['short']
============================================================
Loading Chronos-Bolt model: amazon/chronos-bolt-base from /fslarge/scratch/users/h61084/weights/chronos-bolt-base...

--- Term: short ---
  Config: prediction_length=12, test_length=60, val_length=12
  Dataset info:
    - Frequency: M
    - Num series: 1
    - Target dim: 14
    - Target mode: univariate
    - Series length: min=380, max=380, avg=380.0
    - Test split: 60 steps
    - Prediction length: 12
    - Windows: 5
TIME run allocation action=skip run=/fslarge/scratch/users/h61084/codes/evaluating_tsfms/outputs/foundation_models/tasks/chronos_bolt/univariate/US_Labor/M/short/run_1 source_launch=selena_20260915T093434Z_46580 launch_id=selena_20260915T140649Z_45401 slurm_job_id=3435864 launched_at=2026-09-15T14:13:44.451254+00:00
  Reused completed task: /fslarge/scratch/users/h61084/codes/evaluating_tsfms/outputs/foundation_models/tasks/chronos_bolt/univariate/US_Labor/M/short/run_1

============================================================
All experiments completed!
Results saved to: /scratch/users/h61084/codes/evaluating_tsfms/outputs/foundation_models/tasks
============================================================

############################################################
# All datasets completed!
############################################################

############################################################
# Dataset 1/1: Vehicle_Supply/M
############################################################
Loading configuration...

============================================================
Dataset: Vehicle_Supply/M
Model: amazon/chronos-bolt-base
Terms: ['short']
============================================================
Loading Chronos-Bolt model: amazon/chronos-bolt-base from /fslarge/scratch/users/h61084/weights/chronos-bolt-base...

--- Term: short ---
  Config: prediction_length=12, test_length=60, val_length=12
  Dataset info:
    - Frequency: M
    - Num series: 1
    - Target dim: 6
    - Target mode: univariate
    - Series length: min=391, max=391, avg=391.0
    - Test split: 60 steps
    - Prediction length: 12
    - Windows: 5
TIME run allocation action=skip run=/fslarge/scratch/users/h61084/codes/evaluating_tsfms/outputs/foundation_models/tasks/chronos_bolt/univariate/Vehicle_Supply/M/short/run_1 source_launch=selena_20260915T093434Z_46580 launch_id=selena_20260915T140649Z_45401 slurm_job_id=3435864 launched_at=2026-09-15T14:13:56.055268+00:00
  Reused completed task: /fslarge/scratch/users/h61084/codes/evaluating_tsfms/outputs/foundation_models/tasks/chronos_bolt/univariate/Vehicle_Supply/M/short/run_1

============================================================
All experiments completed!
Results saved to: /scratch/users/h61084/codes/evaluating_tsfms/outputs/foundation_models/tasks
============================================================

############################################################
# All datasets completed!
############################################################

############################################################
# Dataset 1/1: Auto_Production_SF/M
############################################################
Loading configuration...

============================================================
Dataset: Auto_Production_SF/M
Model: amazon/chronos-bolt-base
Terms: ['short']
============================================================
Loading Chronos-Bolt model: amazon/chronos-bolt-base from /fslarge/scratch/users/h61084/weights/chronos-bolt-base...

--- Term: short ---
  Config: prediction_length=12, test_length=60, val_length=12
  Dataset info:
    - Frequency: M
    - Num series: 1
    - Target dim: 1
    - Target mode: univariate
    - Series length: min=367, max=367, avg=367.0
    - Test split: 60 steps
    - Prediction length: 12
    - Windows: 5
TIME run allocation action=skip run=/fslarge/scratch/users/h61084/codes/evaluating_tsfms/outputs/foundation_models/tasks/chronos_bolt/univariate/Auto_Production_SF/M/short/run_1 source_launch=selena_20260915T093434Z_46580 launch_id=selena_20260915T140649Z_45401 slurm_job_id=3435864 launched_at=2026-09-15T14:14:07.907443+00:00
  Reused completed task: /fslarge/scratch/users/h61084/codes/evaluating_tsfms/outputs/foundation_models/tasks/chronos_bolt/univariate/Auto_Production_SF/M/short/run_1

============================================================
All experiments completed!
Results saved to: /scratch/users/h61084/codes/evaluating_tsfms/outputs/foundation_models/tasks
============================================================

############################################################
# All datasets completed!
############################################################

############################################################
# Dataset 1/1: Commodity_Production/M
############################################################
Loading configuration...

============================================================
Dataset: Commodity_Production/M
Model: amazon/chronos-bolt-base
Terms: ['short']
============================================================
Loading Chronos-Bolt model: amazon/chronos-bolt-base from /fslarge/scratch/users/h61084/weights/chronos-bolt-base...

--- Term: short ---
  Config: prediction_length=12, test_length=60, val_length=12
  Dataset info:
    - Frequency: M
    - Num series: 32
    - Target dim: 1
    - Target mode: univariate
    - Series length: min=120, max=648, avg=325.1
    - Test split: 60 steps
    - Prediction length: 12
    - Windows: 5
TIME run allocation action=skip run=/fslarge/scratch/users/h61084/codes/evaluating_tsfms/outputs/foundation_models/tasks/chronos_bolt/univariate/Commodity_Production/M/short/run_1 source_launch=selena_20260915T093434Z_46580 launch_id=selena_20260915T140649Z_45401 slurm_job_id=3435864 launched_at=2026-09-15T14:14:20.751609+00:00
  Reused completed task: /fslarge/scratch/users/h61084/codes/evaluating_tsfms/outputs/foundation_models/tasks/chronos_bolt/univariate/Commodity_Production/M/short/run_1

============================================================
All experiments completed!
Results saved to: /scratch/users/h61084/codes/evaluating_tsfms/outputs/foundation_models/tasks
============================================================

############################################################
# All datasets completed!
############################################################

############################################################
# Dataset 1/1: Commodity_Import/M
############################################################
Loading configuration...

============================================================
Dataset: Commodity_Import/M
Model: amazon/chronos-bolt-base
Terms: ['short']
============================================================
Loading Chronos-Bolt model: amazon/chronos-bolt-base from /fslarge/scratch/users/h61084/weights/chronos-bolt-base...

--- Term: short ---
  Config: prediction_length=12, test_length=60, val_length=12
  Dataset info:
    - Frequency: M
    - Num series: 8
    - Target dim: 1
    - Target mode: univariate
    - Series length: min=254, max=1240, avg=697.2
    - Test split: 60 steps
    - Prediction length: 12
    - Windows: 5
TIME run allocation action=skip run=/fslarge/scratch/users/h61084/codes/evaluating_tsfms/outputs/foundation_models/tasks/chronos_bolt/univariate/Commodity_Import/M/short/run_1 source_launch=selena_20260915T093434Z_46580 launch_id=selena_20260915T140649Z_45401 slurm_job_id=3435864 launched_at=2026-09-15T14:14:32.257493+00:00
  Reused completed task: /fslarge/scratch/users/h61084/codes/evaluating_tsfms/outputs/foundation_models/tasks/chronos_bolt/univariate/Commodity_Import/M/short/run_1

============================================================
All experiments completed!
Results saved to: /scratch/users/h61084/codes/evaluating_tsfms/outputs/foundation_models/tasks
============================================================

############################################################
# All datasets completed!
############################################################

############################################################
# Dataset 1/1: WUI_Global/Q
############################################################
Loading configuration...

============================================================
Dataset: WUI_Global/Q
Model: amazon/chronos-bolt-base
Terms: ['short']
============================================================
Loading Chronos-Bolt model: amazon/chronos-bolt-base from /fslarge/scratch/users/h61084/weights/chronos-bolt-base...

--- Term: short ---
  Config: prediction_length=4, test_length=20, val_length=20
  Dataset info:
    - Frequency: Q
    - Num series: 1
    - Target dim: 15
    - Target mode: univariate
    - Series length: min=294, max=294, avg=294.0
    - Test split: 20 steps
    - Prediction length: 4
    - Windows: 5
TIME run allocation action=skip run=/fslarge/scratch/users/h61084/codes/evaluating_tsfms/outputs/foundation_models/tasks/chronos_bolt/univariate/WUI_Global/Q/short/run_1 source_launch=selena_20260915T093434Z_46580 launch_id=selena_20260915T140649Z_45401 slurm_job_id=3435864 launched_at=2026-09-15T14:14:43.575034+00:00
  Reused completed task: /fslarge/scratch/users/h61084/codes/evaluating_tsfms/outputs/foundation_models/tasks/chronos_bolt/univariate/WUI_Global/Q/short/run_1

============================================================
All experiments completed!
Results saved to: /scratch/users/h61084/codes/evaluating_tsfms/outputs/foundation_models/tasks
============================================================

############################################################
# All datasets completed!
############################################################

############################################################
# Dataset 1/1: Global_Price/Q
############################################################
Loading configuration...

============================================================
Dataset: Global_Price/Q
Model: amazon/chronos-bolt-base
Terms: ['short']
============================================================
Loading Chronos-Bolt model: amazon/chronos-bolt-base from /fslarge/scratch/users/h61084/weights/chronos-bolt-base...

--- Term: short ---
  Config: prediction_length=4, test_length=20, val_length=8
  Dataset info:
    - Frequency: Q
    - Num series: 1
    - Target dim: 60
    - Target mode: univariate
    - Series length: min=142, max=142, avg=142.0
    - Test split: 20 steps
    - Prediction length: 4
    - Windows: 5
TIME run allocation action=skip run=/fslarge/scratch/users/h61084/codes/evaluating_tsfms/outputs/foundation_models/tasks/chronos_bolt/univariate/Global_Price/Q/short/run_1 source_launch=selena_20260915T093434Z_46580 launch_id=selena_20260915T140649Z_45401 slurm_job_id=3435864 launched_at=2026-09-15T14:14:54.942047+00:00
  Reused completed task: /fslarge/scratch/users/h61084/codes/evaluating_tsfms/outputs/foundation_models/tasks/chronos_bolt/univariate/Global_Price/Q/short/run_1

============================================================
All experiments completed!
Results saved to: /scratch/users/h61084/codes/evaluating_tsfms/outputs/foundation_models/tasks
============================================================

############################################################
# All datasets completed!
############################################################

############################################################
# Dataset 1/1: Vehicle_Sales/M
############################################################
Loading configuration...

============================================================
Dataset: Vehicle_Sales/M
Model: amazon/chronos-bolt-base
Terms: ['short']
============================================================
Loading Chronos-Bolt model: amazon/chronos-bolt-base from /fslarge/scratch/users/h61084/weights/chronos-bolt-base...

--- Term: short ---
  Config: prediction_length=12, test_length=60, val_length=12
  Dataset info:
    - Frequency: M
    - Num series: 1
    - Target dim: 10
    - Target mode: univariate
    - Series length: min=596, max=596, avg=596.0
    - Test split: 60 steps
    - Prediction length: 12
    - Windows: 5
TIME run allocation action=skip run=/fslarge/scratch/users/h61084/codes/evaluating_tsfms/outputs/foundation_models/tasks/chronos_bolt/univariate/Vehicle_Sales/M/short/run_1 source_launch=selena_20260915T093434Z_46580 launch_id=selena_20260915T140649Z_45401 slurm_job_id=3435864 launched_at=2026-09-15T14:15:06.198803+00:00
  Reused completed task: /fslarge/scratch/users/h61084/codes/evaluating_tsfms/outputs/foundation_models/tasks/chronos_bolt/univariate/Vehicle_Sales/M/short/run_1

============================================================
All experiments completed!
Results saved to: /scratch/users/h61084/codes/evaluating_tsfms/outputs/foundation_models/tasks
============================================================

############################################################
# All datasets completed!
############################################################

############################################################
# Dataset 1/1: Online_Retail_2_UCI/D
############################################################
Loading configuration...

============================================================
Dataset: Online_Retail_2_UCI/D
Model: amazon/chronos-bolt-base
Terms: ['short']
============================================================
Loading Chronos-Bolt model: amazon/chronos-bolt-base from /fslarge/scratch/users/h61084/weights/chronos-bolt-base...

--- Term: short ---
  Config: prediction_length=30, test_length=180, val_length=90
  Dataset info:
    - Frequency: D
    - Num series: 1
    - Target dim: 1
    - Target mode: univariate
    - Series length: min=739, max=739, avg=739.0
    - Test split: 180 steps
    - Prediction length: 30
    - Windows: 6
TIME run allocation action=skip run=/fslarge/scratch/users/h61084/codes/evaluating_tsfms/outputs/foundation_models/tasks/chronos_bolt/univariate/Online_Retail_2_UCI/D/short/run_1 source_launch=selena_20260915T093434Z_46580 launch_id=selena_20260915T140649Z_45401 slurm_job_id=3435864 launched_at=2026-09-15T14:15:17.608246+00:00
  Reused completed task: /fslarge/scratch/users/h61084/codes/evaluating_tsfms/outputs/foundation_models/tasks/chronos_bolt/univariate/Online_Retail_2_UCI/D/short/run_1

============================================================
All experiments completed!
Results saved to: /scratch/users/h61084/codes/evaluating_tsfms/outputs/foundation_models/tasks
============================================================

############################################################
# All datasets completed!
############################################################

############################################################
# Dataset 1/1: Supply_Chain_Customer/D
############################################################
Loading configuration...

============================================================
Dataset: Supply_Chain_Customer/D
Model: amazon/chronos-bolt-base
Terms: ['short']
============================================================
Loading Chronos-Bolt model: amazon/chronos-bolt-base from /fslarge/scratch/users/h61084/weights/chronos-bolt-base...

--- Term: short ---
  Config: prediction_length=30, test_length=365, val_length=90
  Dataset info:
    - Frequency: D
    - Num series: 1
    - Target dim: 36
    - Target mode: univariate
    - Series length: min=2007, max=2007, avg=2007.0
    - Test split: 365 steps
    - Prediction length: 30
    - Windows: 12
TIME run allocation action=skip run=/fslarge/scratch/users/h61084/codes/evaluating_tsfms/outputs/foundation_models/tasks/chronos_bolt/univariate/Supply_Chain_Customer/D/short/run_1 source_launch=selena_20260915T093434Z_46580 launch_id=selena_20260915T140649Z_45401 slurm_job_id=3435864 launched_at=2026-09-15T14:15:29.058831+00:00
  Reused completed task: /fslarge/scratch/users/h61084/codes/evaluating_tsfms/outputs/foundation_models/tasks/chronos_bolt/univariate/Supply_Chain_Customer/D/short/run_1

============================================================
All experiments completed!
Results saved to: /scratch/users/h61084/codes/evaluating_tsfms/outputs/foundation_models/tasks
============================================================

############################################################
# All datasets completed!
############################################################

############################################################
# Dataset 1/1: Supply_Chain_Location/D
############################################################
Loading configuration...

============================================================
Dataset: Supply_Chain_Location/D
Model: amazon/chronos-bolt-base
Terms: ['short']
============================================================
Loading Chronos-Bolt model: amazon/chronos-bolt-base from /fslarge/scratch/users/h61084/weights/chronos-bolt-base...

--- Term: short ---
  Config: prediction_length=30, test_length=365, val_length=90
  Dataset info:
    - Frequency: D
    - Num series: 1
    - Target dim: 51
    - Target mode: univariate
    - Series length: min=2007, max=2007, avg=2007.0
    - Test split: 365 steps
    - Prediction length: 30
    - Windows: 12
TIME run allocation action=skip run=/fslarge/scratch/users/h61084/codes/evaluating_tsfms/outputs/foundation_models/tasks/chronos_bolt/univariate/Supply_Chain_Location/D/short/run_1 source_launch=selena_20260915T093434Z_46580 launch_id=selena_20260915T140649Z_45401 slurm_job_id=3435864 launched_at=2026-09-15T14:15:40.455173+00:00
  Reused completed task: /fslarge/scratch/users/h61084/codes/evaluating_tsfms/outputs/foundation_models/tasks/chronos_bolt/univariate/Supply_Chain_Location/D/short/run_1

============================================================
All experiments completed!
Results saved to: /scratch/users/h61084/codes/evaluating_tsfms/outputs/foundation_models/tasks
============================================================

############################################################
# All datasets completed!
############################################################

############################################################
# Dataset 1/1: azure2019_D/5T
############################################################
Loading configuration...

============================================================
Dataset: azure2019_D/5T
Model: amazon/chronos-bolt-base
Terms: ['short']
============================================================
Loading Chronos-Bolt model: amazon/chronos-bolt-base from /fslarge/scratch/users/h61084/weights/chronos-bolt-base...

--- Term: short ---
  Config: prediction_length=288, test_length=864, val_length=864
  Dataset info:
    - Frequency: 5T
    - Num series: 989
    - Target dim: 3
    - Target mode: univariate
    - Series length: min=8073, max=8639, avg=8627.0
    - Test split: 864 steps
    - Prediction length: 288
    - Windows: 3
TIME run allocation action=skip run=/fslarge/scratch/users/h61084/codes/evaluating_tsfms/outputs/foundation_models/tasks/chronos_bolt/univariate/azure2019_D/5T/short/run_1 source_launch=selena_20260915T093434Z_46580 launch_id=selena_20260915T140649Z_45401 slurm_job_id=3435864 launched_at=2026-09-15T14:15:51.849315+00:00
  Reused completed task: /fslarge/scratch/users/h61084/codes/evaluating_tsfms/outputs/foundation_models/tasks/chronos_bolt/univariate/azure2019_D/5T/short/run_1

============================================================
All experiments completed!
Results saved to: /scratch/users/h61084/codes/evaluating_tsfms/outputs/foundation_models/tasks
============================================================

############################################################
# All datasets completed!
############################################################

############################################################
# Dataset 1/1: azure2019_I/5T
############################################################
Loading configuration...

============================================================
Dataset: azure2019_I/5T
Model: amazon/chronos-bolt-base
Terms: ['short']
============================================================
Loading Chronos-Bolt model: amazon/chronos-bolt-base from /fslarge/scratch/users/h61084/weights/chronos-bolt-base...

--- Term: short ---
  Config: prediction_length=288, test_length=864, val_length=864
  Dataset info:
    - Frequency: 5T
    - Num series: 492
    - Target dim: 3
    - Target mode: univariate
    - Series length: min=8250, max=8639, avg=8630.4
    - Test split: 864 steps
    - Prediction length: 288
    - Windows: 3
TIME run allocation action=skip run=/fslarge/scratch/users/h61084/codes/evaluating_tsfms/outputs/foundation_models/tasks/chronos_bolt/univariate/azure2019_I/5T/short/run_1 source_launch=selena_20260915T093434Z_46580 launch_id=selena_20260915T140649Z_45401 slurm_job_id=3435864 launched_at=2026-09-15T14:16:03.647630+00:00
  Reused completed task: /fslarge/scratch/users/h61084/codes/evaluating_tsfms/outputs/foundation_models/tasks/chronos_bolt/univariate/azure2019_I/5T/short/run_1

============================================================
All experiments completed!
Results saved to: /scratch/users/h61084/codes/evaluating_tsfms/outputs/foundation_models/tasks
============================================================

############################################################
# All datasets completed!
############################################################

############################################################
# Dataset 1/1: azure2019_U/5T
############################################################
Loading configuration...

============================================================
Dataset: azure2019_U/5T
Model: amazon/chronos-bolt-base
Terms: ['short']
============================================================
Loading Chronos-Bolt model: amazon/chronos-bolt-base from /fslarge/scratch/users/h61084/weights/chronos-bolt-base...

--- Term: short ---
  Config: prediction_length=48, test_length=288, val_length=96
  Dataset info:
    - Frequency: 5T
    - Num series: 78
    - Target dim: 3
    - Target mode: univariate
    - Series length: min=882, max=2006, avg=1406.1
    - Test split: 288 steps
    - Prediction length: 48
    - Windows: 6
TIME run allocation action=skip run=/fslarge/scratch/users/h61084/codes/evaluating_tsfms/outputs/foundation_models/tasks/chronos_bolt/univariate/azure2019_U/5T/short/run_1 source_launch=selena_20260915T093434Z_46580 launch_id=selena_20260915T140649Z_45401 slurm_job_id=3435864 launched_at=2026-09-15T14:16:15.361728+00:00
  Reused completed task: /fslarge/scratch/users/h61084/codes/evaluating_tsfms/outputs/foundation_models/tasks/chronos_bolt/univariate/azure2019_U/5T/short/run_1

============================================================
All experiments completed!
Results saved to: /scratch/users/h61084/codes/evaluating_tsfms/outputs/foundation_models/tasks
============================================================

############################################################
# All datasets completed!
############################################################

############################################################
# Dataset 1/1: Smart_Manufacturing/H
############################################################
Loading configuration...

============================================================
Dataset: Smart_Manufacturing/H
Model: amazon/chronos-bolt-base
Terms: ['short', 'medium', 'long']
============================================================
Loading Chronos-Bolt model: amazon/chronos-bolt-base from /fslarge/scratch/users/h61084/weights/chronos-bolt-base...

--- Term: short ---
  Config: prediction_length=24, test_length=336, val_length=336
  Dataset info:
    - Frequency: H
    - Num series: 34
    - Target dim: 5
    - Target mode: univariate
    - Series length: min=1661, max=1667, avg=1665.9
    - Test split: 336 steps
    - Prediction length: 24
    - Windows: 14
TIME run allocation action=skip run=/fslarge/scratch/users/h61084/codes/evaluating_tsfms/outputs/foundation_models/tasks/chronos_bolt/univariate/Smart_Manufacturing/H/short/run_1 source_launch=selena_20260915T093434Z_46580 launch_id=selena_20260915T140649Z_45401 slurm_job_id=3435864 launched_at=2026-09-15T14:16:26.728595+00:00
  Reused completed task: /fslarge/scratch/users/h61084/codes/evaluating_tsfms/outputs/foundation_models/tasks/chronos_bolt/univariate/Smart_Manufacturing/H/short/run_1

--- Term: medium ---
  Config: prediction_length=168, test_length=336, val_length=336
  Dataset info:
    - Frequency: H
    - Num series: 34
    - Target dim: 5
    - Target mode: univariate
    - Series length: min=1661, max=1667, avg=1665.9
    - Test split: 336 steps
    - Prediction length: 168
    - Windows: 2
TIME run allocation action=skip run=/fslarge/scratch/users/h61084/codes/evaluating_tsfms/outputs/foundation_models/tasks/chronos_bolt/univariate/Smart_Manufacturing/H/medium/run_1 source_launch=selena_20260915T093434Z_46580 launch_id=selena_20260915T140649Z_45401 slurm_job_id=3435864 launched_at=2026-09-15T14:16:26.746040+00:00
  Reused completed task: /fslarge/scratch/users/h61084/codes/evaluating_tsfms/outputs/foundation_models/tasks/chronos_bolt/univariate/Smart_Manufacturing/H/medium/run_1

--- Term: long ---
  Config: prediction_length=336, test_length=336, val_length=336
  Dataset info:
    - Frequency: H
    - Num series: 34
    - Target dim: 5
    - Target mode: univariate
    - Series length: min=1661, max=1667, avg=1665.9
    - Test split: 336 steps
    - Prediction length: 336
    - Windows: 1
TIME run allocation action=skip run=/fslarge/scratch/users/h61084/codes/evaluating_tsfms/outputs/foundation_models/tasks/chronos_bolt/univariate/Smart_Manufacturing/H/long/run_1 source_launch=selena_20260915T093434Z_46580 launch_id=selena_20260915T140649Z_45401 slurm_job_id=3435864 launched_at=2026-09-15T14:16:26.763020+00:00
  Reused completed task: /fslarge/scratch/users/h61084/codes/evaluating_tsfms/outputs/foundation_models/tasks/chronos_bolt/univariate/Smart_Manufacturing/H/long/run_1

============================================================
All experiments completed!
Results saved to: /scratch/users/h61084/codes/evaluating_tsfms/outputs/foundation_models/tasks
============================================================

############################################################
# All datasets completed!
############################################################

############################################################
# Dataset 1/1: MetroPT-3/5T
############################################################
Loading configuration...

============================================================
Dataset: MetroPT-3/5T
Model: amazon/chronos-bolt-base
Terms: ['short', 'medium', 'long']
============================================================
Loading Chronos-Bolt model: amazon/chronos-bolt-base from /fslarge/scratch/users/h61084/weights/chronos-bolt-base...

--- Term: short ---
  Config: prediction_length=48, test_length=1728, val_length=1728
  Dataset info:
    - Frequency: 5T
    - Num series: 1
    - Target dim: 6
    - Target mode: univariate
    - Series length: min=17809, max=17809, avg=17809.0
    - Test split: 1728 steps
    - Prediction length: 48
    - Windows: 36
TIME run allocation action=skip run=/fslarge/scratch/users/h61084/codes/evaluating_tsfms/outputs/foundation_models/tasks/chronos_bolt/univariate/MetroPT-3/5T/short/run_1 source_launch=selena_20260915T093434Z_46580 launch_id=selena_20260915T140649Z_45401 slurm_job_id=3435864 launched_at=2026-09-15T14:16:37.979496+00:00
  Reused completed task: /fslarge/scratch/users/h61084/codes/evaluating_tsfms/outputs/foundation_models/tasks/chronos_bolt/univariate/MetroPT-3/5T/short/run_1

--- Term: medium ---
  Config: prediction_length=288, test_length=1728, val_length=1728
  Dataset info:
    - Frequency: 5T
    - Num series: 1
    - Target dim: 6
    - Target mode: univariate
    - Series length: min=17809, max=17809, avg=17809.0
    - Test split: 1728 steps
    - Prediction length: 288
    - Windows: 6
TIME run allocation action=skip run=/fslarge/scratch/users/h61084/codes/evaluating_tsfms/outputs/foundation_models/tasks/chronos_bolt/univariate/MetroPT-3/5T/medium/run_1 source_launch=selena_20260915T093434Z_46580 launch_id=selena_20260915T140649Z_45401 slurm_job_id=3435864 launched_at=2026-09-15T14:16:38.015436+00:00
  Reused completed task: /fslarge/scratch/users/h61084/codes/evaluating_tsfms/outputs/foundation_models/tasks/chronos_bolt/univariate/MetroPT-3/5T/medium/run_1

--- Term: long ---
  Config: prediction_length=576, test_length=1728, val_length=1728
  Dataset info:
    - Frequency: 5T
    - Num series: 1
    - Target dim: 6
    - Target mode: univariate
    - Series length: min=17809, max=17809, avg=17809.0
    - Test split: 1728 steps
    - Prediction length: 576
    - Windows: 3
TIME run allocation action=skip run=/fslarge/scratch/users/h61084/codes/evaluating_tsfms/outputs/foundation_models/tasks/chronos_bolt/univariate/MetroPT-3/5T/long/run_1 source_launch=selena_20260915T093434Z_46580 launch_id=selena_20260915T140649Z_45401 slurm_job_id=3435864 launched_at=2026-09-15T14:16:38.054409+00:00
  Reused completed task: /fslarge/scratch/users/h61084/codes/evaluating_tsfms/outputs/foundation_models/tasks/chronos_bolt/univariate/MetroPT-3/5T/long/run_1

============================================================
All experiments completed!
Results saved to: /scratch/users/h61084/codes/evaluating_tsfms/outputs/foundation_models/tasks
============================================================

############################################################
# All datasets completed!
############################################################
2026-09-15 16:16:38 | task model=chronos_bolt runner=run_chronos_bolt.sh environment=uv covariate_mode=none target_mode=auto completed status=success
2026-09-15 16:16:38 | stage evaluate completed status=success
2026-09-15 16:16:38 | workflow foundation_models completed status=success exit_code=0
