[2026-09-20 19:58:19 UTC] resources allocation {"ADAPTIME_DEVICE": "unset", "CUDA_VISIBLE_DEVICES": "0", "SLURM_CPUS_PER_TASK": "8", "SLURM_JOB_GPUS": "0,1,2,3", "SLURM_JOB_ID": "3506742", "SLURM_MEM_PER_CPU": "unset", "SLURM_MEM_PER_NODE": "80000", "SLURM_STEP_GPUS": "0", "SLURM_STEP_ID": "0", "cpu_count": 8, "host": "sean0016"}
[2026-09-20 19:58:19 UTC] resources RAM {"MemAvailable_MiB": 373232.72265625, "MemTotal_MiB": 386622.85546875}
[2026-09-20 19:58:19 UTC] resources nvidia_inventory {"columns": "index,uuid,name,driver,total_MiB,free_MiB,used_MiB", "devices": ["0, GPU-f621a382-04ce-ca49-ff7f-ebcfb1986068, NVIDIA H100 NVL, 560.35.05, 95830, 95350, 1"]}
[2026-09-20 19:58:21 UTC] resources torch {"cuda_available": true, "note": "visibility probe; CPU-only stages need not use an allocated GPU", "version": "2.9.1+cu128", "visible_gpu_count": 1}
[2026-09-20 19:58:21 UTC] resources cuda_device {"capability": "9.0", "free_MiB": 94825.125, "logical_index": 0, "name": "NVIDIA H100 NVL", "total_MiB": 95350.1875}
2026-09-20 21:58:21 | workflow context_size started launch_id=selena_context_size_20260920T193931Z_45055 task=chronos2 slurm_job_id=3506742 slurm_array_job_id=none slurm_array_task_id=none
2026-09-20 21:58:21 | stage evaluate started
2026-09-20 21:58:21 | task model=chronos2 runner=run_chronos2.sh environment=uv covariate_mode=none target_mode=auto context_length=512 instance_normalization=none started
[2026-09-20 21:58:21] TIME runner: run_chronos2.sh
[2026-09-20 21:58:21] datasets: /scratch/users/h61084/datasets/hf_dataset
[2026-09-20 21:58:21] weights: /scratch/users/h61084/weights
[2026-09-20 21:58:21] outputs: /scratch/users/h61084/codes/evaluating_tsfms/outputs
[2026-09-20 21:58:21] covariate mode: none
[2026-09-20 21:58:21] target mode: auto
[2026-09-20 21:58:21] context length: 512
[2026-09-20 21:58:21] instance normalization: none

############################################################
# Dataset 1/1: Water_Quality_Darwin/15T
############################################################
[2026-09-20 19:58:29 UTC] resources model_device {"device": "cuda", "model": "chronos2"}
Loading configuration...

============================================================
Dataset: Water_Quality_Darwin/15T
Model: amazon/chronos-2
Checkpoint: /fslarge/scratch/users/h61084/weights/chronos2
Terms: ['short', 'medium', 'long']
Covariate mode: none
Instance normalization: none
============================================================

--- Term: short ---
  Config: prediction_length=16, test_length=1440, val_length=1440
TIME run allocation action=new run=/fslarge/scratch/users/h61084/codes/evaluating_tsfms/outputs/context_size/tasks/chronos2/context_length/512/multivariate/Water_Quality_Darwin/15T/short/run_0 launch_id=selena_context_size_20260920T193931Z_45055 slurm_job_id=3506742 launched_at=2026-09-20T19:58:29.698268+00:00
  Initializing Chronos pipeline (/fslarge/scratch/users/h61084/weights/chronos2)...
  Dataset info:
    - Frequency: 15T
    - Num series: 7
    - Target dim: 6
    - Target mode: multivariate
    - Covariate channels: 0
    - Series length: min=8662, max=18985, avg=15229.4
    - Test split: 1440 steps
    - Prediction length: 16
    - Windows: 90
    Processed 160/630...
    Processed 320/630...
    Processed 480/630...
    Processed 630/630...
    Total instances: 630, Series during experiment: 7, Windows: 90
    Collecting ground truth and context...
    Organizing data into arrays...
    Saved predictions (quantiles) to /fslarge/scratch/users/h61084/codes/evaluating_tsfms/outputs/context_size/tasks/chronos2/context_length/512/multivariate/Water_Quality_Darwin/15T/short/run_0/predictions.npz
    Computing per-window metrics...
    Saved metrics to /fslarge/scratch/users/h61084/codes/evaluating_tsfms/outputs/context_size/tasks/chronos2/context_length/512/multivariate/Water_Quality_Darwin/15T/short/run_0/metrics.npz
    Saved config to /fslarge/scratch/users/h61084/codes/evaluating_tsfms/outputs/context_size/tasks/chronos2/context_length/512/multivariate/Water_Quality_Darwin/15T/short/run_0/config.json
    Saved aggregate metrics to /fslarge/scratch/users/h61084/codes/evaluating_tsfms/outputs/context_size/tasks/chronos2/context_length/512/multivariate/Water_Quality_Darwin/15T/short/run_0/metrics_summary.json
    Metrics summary (averaged over all series/windows/variates):
      MSE: 2.1621
      MAE: 0.4304
      RMSE: 0.5156
      MAPE: 0.0556
      sMAPE: 0.0527
      MASE: 0.5880
      ND: 0.0537
      CRPS: 0.0426
  Completed: 7 series × 90 windows
  Output: /fslarge/scratch/users/h61084/codes/evaluating_tsfms/outputs/context_size/tasks/chronos2/context_length/512/multivariate/Water_Quality_Darwin/15T/short/run_0

--- Term: medium ---
  Config: prediction_length=96, test_length=1440, val_length=1440
TIME run allocation action=new run=/fslarge/scratch/users/h61084/codes/evaluating_tsfms/outputs/context_size/tasks/chronos2/context_length/512/multivariate/Water_Quality_Darwin/15T/medium/run_0 launch_id=selena_context_size_20260920T193931Z_45055 slurm_job_id=3506742 launched_at=2026-09-20T19:58:32.915267+00:00
  Initializing Chronos pipeline (/fslarge/scratch/users/h61084/weights/chronos2)...
  Dataset info:
    - Frequency: 15T
    - Num series: 7
    - Target dim: 6
    - Target mode: multivariate
    - Covariate channels: 0
    - Series length: min=8662, max=18985, avg=15229.4
    - Test split: 1440 steps
    - Prediction length: 96
    - Windows: 15
    Total instances: 105, Series during experiment: 7, Windows: 15
    Collecting ground truth and context...
    Organizing data into arrays...
    Saved predictions (quantiles) to /fslarge/scratch/users/h61084/codes/evaluating_tsfms/outputs/context_size/tasks/chronos2/context_length/512/multivariate/Water_Quality_Darwin/15T/medium/run_0/predictions.npz
    Computing per-window metrics...
    Saved metrics to /fslarge/scratch/users/h61084/codes/evaluating_tsfms/outputs/context_size/tasks/chronos2/context_length/512/multivariate/Water_Quality_Darwin/15T/medium/run_0/metrics.npz
    Saved config to /fslarge/scratch/users/h61084/codes/evaluating_tsfms/outputs/context_size/tasks/chronos2/context_length/512/multivariate/Water_Quality_Darwin/15T/medium/run_0/config.json
    Saved aggregate metrics to /fslarge/scratch/users/h61084/codes/evaluating_tsfms/outputs/context_size/tasks/chronos2/context_length/512/multivariate/Water_Quality_Darwin/15T/medium/run_0/metrics_summary.json
    Metrics summary (averaged over all series/windows/variates):
      MSE: 3.2241
      MAE: 0.5792
      RMSE: 0.7485
      MAPE: 0.0777
      sMAPE: 0.0698
      MASE: 0.8765
      ND: 0.0702
      CRPS: 0.0561
  Completed: 7 series × 15 windows
  Output: /fslarge/scratch/users/h61084/codes/evaluating_tsfms/outputs/context_size/tasks/chronos2/context_length/512/multivariate/Water_Quality_Darwin/15T/medium/run_0

--- Term: long ---
  Config: prediction_length=288, test_length=1440, val_length=1440
TIME run allocation action=new run=/fslarge/scratch/users/h61084/codes/evaluating_tsfms/outputs/context_size/tasks/chronos2/context_length/512/multivariate/Water_Quality_Darwin/15T/long/run_0 launch_id=selena_context_size_20260920T193931Z_45055 slurm_job_id=3506742 launched_at=2026-09-20T19:58:33.616760+00:00
  Initializing Chronos pipeline (/fslarge/scratch/users/h61084/weights/chronos2)...
  Dataset info:
    - Frequency: 15T
    - Num series: 7
    - Target dim: 6
    - Target mode: multivariate
    - Covariate channels: 0
    - Series length: min=8662, max=18985, avg=15229.4
    - Test split: 1440 steps
    - Prediction length: 288
    - Windows: 5
    Total instances: 35, Series during experiment: 7, Windows: 5
    Collecting ground truth and context...
    Organizing data into arrays...
    Saved predictions (quantiles) to /fslarge/scratch/users/h61084/codes/evaluating_tsfms/outputs/context_size/tasks/chronos2/context_length/512/multivariate/Water_Quality_Darwin/15T/long/run_0/predictions.npz
    Computing per-window metrics...
    Saved metrics to /fslarge/scratch/users/h61084/codes/evaluating_tsfms/outputs/context_size/tasks/chronos2/context_length/512/multivariate/Water_Quality_Darwin/15T/long/run_0/metrics.npz
    Saved config to /fslarge/scratch/users/h61084/codes/evaluating_tsfms/outputs/context_size/tasks/chronos2/context_length/512/multivariate/Water_Quality_Darwin/15T/long/run_0/config.json
    Saved aggregate metrics to /fslarge/scratch/users/h61084/codes/evaluating_tsfms/outputs/context_size/tasks/chronos2/context_length/512/multivariate/Water_Quality_Darwin/15T/long/run_0/metrics_summary.json
    Metrics summary (averaged over all series/windows/variates):
      MSE: 8.3237
      MAE: 0.9593
      RMSE: 1.2190
      MAPE: 0.1406
      sMAPE: 0.1070
      MASE: 1.4102
      ND: 0.1137
      CRPS: 0.0915
  Completed: 7 series × 5 windows
  Output: /fslarge/scratch/users/h61084/codes/evaluating_tsfms/outputs/context_size/tasks/chronos2/context_length/512/multivariate/Water_Quality_Darwin/15T/long/run_0

============================================================
All experiments completed!
Results saved to: /scratch/users/h61084/codes/evaluating_tsfms/outputs/context_size/tasks
============================================================

############################################################
# All 1 dataset(s) completed!
############################################################

############################################################
# Dataset 1/1: current_velocity/5T
############################################################
[2026-09-20 19:58:42 UTC] resources model_device {"device": "cuda", "model": "chronos2"}
Loading configuration...

============================================================
Dataset: current_velocity/5T
Model: amazon/chronos-2
Checkpoint: /fslarge/scratch/users/h61084/weights/chronos2
Terms: ['short', 'medium', 'long']
Covariate mode: none
Instance normalization: none
============================================================

--- Term: short ---
  Config: prediction_length=36, test_length=4320, val_length=4320
TIME run allocation action=new run=/fslarge/scratch/users/h61084/codes/evaluating_tsfms/outputs/context_size/tasks/chronos2/context_length/512/multivariate/current_velocity/5T/short/run_0 launch_id=selena_context_size_20260920T193931Z_45055 slurm_job_id=3506742 launched_at=2026-09-20T19:58:42.727628+00:00
  Initializing Chronos pipeline (/fslarge/scratch/users/h61084/weights/chronos2)...
  Dataset info:
    - Frequency: 5T
    - Num series: 1
    - Target dim: 6
    - Target mode: multivariate
    - Covariate channels: 0
    - Series length: min=26486, max=26486, avg=26486.0
    - Test split: 4320 steps
    - Prediction length: 36
    - Windows: 120
    Total instances: 120, Series during experiment: 1, Windows: 120
    Collecting ground truth and context...
    Organizing data into arrays...
    Saved predictions (quantiles) to /fslarge/scratch/users/h61084/codes/evaluating_tsfms/outputs/context_size/tasks/chronos2/context_length/512/multivariate/current_velocity/5T/short/run_0/predictions.npz
    Computing per-window metrics...
    Saved metrics to /fslarge/scratch/users/h61084/codes/evaluating_tsfms/outputs/context_size/tasks/chronos2/context_length/512/multivariate/current_velocity/5T/short/run_0/metrics.npz
    Saved config to /fslarge/scratch/users/h61084/codes/evaluating_tsfms/outputs/context_size/tasks/chronos2/context_length/512/multivariate/current_velocity/5T/short/run_0/config.json
    Saved aggregate metrics to /fslarge/scratch/users/h61084/codes/evaluating_tsfms/outputs/context_size/tasks/chronos2/context_length/512/multivariate/current_velocity/5T/short/run_0/metrics_summary.json
    Metrics summary (averaged over all series/windows/variates):
      MSE: 3.3514
      MAE: 0.5655
      RMSE: 0.6782
      MAPE: 0.4584
      sMAPE: 0.3490
      MASE: 0.3949
      ND: 0.3026
      CRPS: 0.2376
  Completed: 1 series × 120 windows
  Output: /fslarge/scratch/users/h61084/codes/evaluating_tsfms/outputs/context_size/tasks/chronos2/context_length/512/multivariate/current_velocity/5T/short/run_0

--- Term: medium ---
  Config: prediction_length=288, test_length=4320, val_length=4320
TIME run allocation action=new run=/fslarge/scratch/users/h61084/codes/evaluating_tsfms/outputs/context_size/tasks/chronos2/context_length/512/multivariate/current_velocity/5T/medium/run_0 launch_id=selena_context_size_20260920T193931Z_45055 slurm_job_id=3506742 launched_at=2026-09-20T19:58:43.887576+00:00
  Initializing Chronos pipeline (/fslarge/scratch/users/h61084/weights/chronos2)...
  Dataset info:
    - Frequency: 5T
    - Num series: 1
    - Target dim: 6
    - Target mode: multivariate
    - Covariate channels: 0
    - Series length: min=26486, max=26486, avg=26486.0
    - Test split: 4320 steps
    - Prediction length: 288
    - Windows: 15
    Total instances: 15, Series during experiment: 1, Windows: 15
    Collecting ground truth and context...
    Organizing data into arrays...
    Saved predictions (quantiles) to /fslarge/scratch/users/h61084/codes/evaluating_tsfms/outputs/context_size/tasks/chronos2/context_length/512/multivariate/current_velocity/5T/medium/run_0/predictions.npz
    Computing per-window metrics...
    Saved metrics to /fslarge/scratch/users/h61084/codes/evaluating_tsfms/outputs/context_size/tasks/chronos2/context_length/512/multivariate/current_velocity/5T/medium/run_0/metrics.npz
    Saved config to /fslarge/scratch/users/h61084/codes/evaluating_tsfms/outputs/context_size/tasks/chronos2/context_length/512/multivariate/current_velocity/5T/medium/run_0/config.json
    Saved aggregate metrics to /fslarge/scratch/users/h61084/codes/evaluating_tsfms/outputs/context_size/tasks/chronos2/context_length/512/multivariate/current_velocity/5T/medium/run_0/metrics_summary.json
    Metrics summary (averaged over all series/windows/variates):
      MSE: 7.5207
      MAE: 0.9285
      RMSE: 1.1442
      MAPE: 0.7661
      sMAPE: 0.4130
      MASE: 0.7248
      ND: 0.3850
      CRPS: 0.3058
  Completed: 1 series × 15 windows
  Output: /fslarge/scratch/users/h61084/codes/evaluating_tsfms/outputs/context_size/tasks/chronos2/context_length/512/multivariate/current_velocity/5T/medium/run_0

--- Term: long ---
  Config: prediction_length=864, test_length=4320, val_length=4320
TIME run allocation action=new run=/fslarge/scratch/users/h61084/codes/evaluating_tsfms/outputs/context_size/tasks/chronos2/context_length/512/multivariate/current_velocity/5T/long/run_0 launch_id=selena_context_size_20260920T193931Z_45055 slurm_job_id=3506742 launched_at=2026-09-20T19:58:44.242036+00:00
  Initializing Chronos pipeline (/fslarge/scratch/users/h61084/weights/chronos2)...
  Dataset info:
    - Frequency: 5T
    - Num series: 1
    - Target dim: 6
    - Target mode: multivariate
    - Covariate channels: 0
    - Series length: min=26486, max=26486, avg=26486.0
    - Test split: 4320 steps
    - Prediction length: 864
    - Windows: 5
    Total instances: 5, Series during experiment: 1, Windows: 5
    Collecting ground truth and context...
    Organizing data into arrays...
    Saved predictions (quantiles) to /fslarge/scratch/users/h61084/codes/evaluating_tsfms/outputs/context_size/tasks/chronos2/context_length/512/multivariate/current_velocity/5T/long/run_0/predictions.npz
    Computing per-window metrics...
    Saved metrics to /fslarge/scratch/users/h61084/codes/evaluating_tsfms/outputs/context_size/tasks/chronos2/context_length/512/multivariate/current_velocity/5T/long/run_0/metrics.npz
    Saved config to /fslarge/scratch/users/h61084/codes/evaluating_tsfms/outputs/context_size/tasks/chronos2/context_length/512/multivariate/current_velocity/5T/long/run_0/config.json
    Saved aggregate metrics to /fslarge/scratch/users/h61084/codes/evaluating_tsfms/outputs/context_size/tasks/chronos2/context_length/512/multivariate/current_velocity/5T/long/run_0/metrics_summary.json
    Metrics summary (averaged over all series/windows/variates):
      MSE: 8.6342
      MAE: 1.0686
      RMSE: 1.3181
      MAPE: 0.9355
      sMAPE: 0.4788
      MASE: 1.0900
      ND: 0.4617
      CRPS: 0.3721
  Completed: 1 series × 5 windows
  Output: /fslarge/scratch/users/h61084/codes/evaluating_tsfms/outputs/context_size/tasks/chronos2/context_length/512/multivariate/current_velocity/5T/long/run_0

============================================================
All experiments completed!
Results saved to: /scratch/users/h61084/codes/evaluating_tsfms/outputs/context_size/tasks
============================================================

############################################################
# All 1 dataset(s) completed!
############################################################

############################################################
# Dataset 1/1: current_velocity/10T
############################################################
[2026-09-20 19:58:53 UTC] resources model_device {"device": "cuda", "model": "chronos2"}
Loading configuration...

============================================================
Dataset: current_velocity/10T
Model: amazon/chronos-2
Checkpoint: /fslarge/scratch/users/h61084/weights/chronos2
Terms: ['short', 'medium', 'long']
Covariate mode: none
Instance normalization: none
============================================================

--- Term: short ---
  Config: prediction_length=18, test_length=2160, val_length=2160
TIME run allocation action=new run=/fslarge/scratch/users/h61084/codes/evaluating_tsfms/outputs/context_size/tasks/chronos2/context_length/512/multivariate/current_velocity/10T/short/run_0 launch_id=selena_context_size_20260920T193931Z_45055 slurm_job_id=3506742 launched_at=2026-09-20T19:58:53.096469+00:00
  Initializing Chronos pipeline (/fslarge/scratch/users/h61084/weights/chronos2)...
  Dataset info:
    - Frequency: 10T
    - Num series: 10
    - Target dim: 6
    - Target mode: multivariate
    - Covariate channels: 0
    - Series length: min=7481, max=31957, avg=20668.5
    - Test split: 2160 steps
    - Prediction length: 18
    - Windows: 120
    Processed 160/1200...
    Processed 320/1200...
    Processed 480/1200...
    Processed 640/1200...
    Processed 800/1200...
    Processed 960/1200...
    Processed 1120/1200...
    Total instances: 1200, Series during experiment: 10, Windows: 120
    Collecting ground truth and context...
    Organizing data into arrays...
    Saved predictions (quantiles) to /fslarge/scratch/users/h61084/codes/evaluating_tsfms/outputs/context_size/tasks/chronos2/context_length/512/multivariate/current_velocity/10T/short/run_0/predictions.npz
    Computing per-window metrics...
    Saved metrics to /fslarge/scratch/users/h61084/codes/evaluating_tsfms/outputs/context_size/tasks/chronos2/context_length/512/multivariate/current_velocity/10T/short/run_0/metrics.npz
    Saved config to /fslarge/scratch/users/h61084/codes/evaluating_tsfms/outputs/context_size/tasks/chronos2/context_length/512/multivariate/current_velocity/10T/short/run_0/config.json
    Saved aggregate metrics to /fslarge/scratch/users/h61084/codes/evaluating_tsfms/outputs/context_size/tasks/chronos2/context_length/512/multivariate/current_velocity/10T/short/run_0/metrics_summary.json
    Metrics summary (averaged over all series/windows/variates):
      MSE: 7.2676
      MAE: 0.7397
      RMSE: 0.9285
      MAPE: 3122.1767
      sMAPE: 0.4364
      MASE: 0.5399
      ND: 0.3281
      CRPS: 0.2588
  Completed: 10 series × 120 windows
  Output: /fslarge/scratch/users/h61084/codes/evaluating_tsfms/outputs/context_size/tasks/chronos2/context_length/512/multivariate/current_velocity/10T/short/run_0

--- Term: medium ---
  Config: prediction_length=144, test_length=2160, val_length=2160
TIME run allocation action=new run=/fslarge/scratch/users/h61084/codes/evaluating_tsfms/outputs/context_size/tasks/chronos2/context_length/512/multivariate/current_velocity/10T/medium/run_0 launch_id=selena_context_size_20260920T193931Z_45055 slurm_job_id=3506742 launched_at=2026-09-20T19:58:57.870893+00:00
  Initializing Chronos pipeline (/fslarge/scratch/users/h61084/weights/chronos2)...
  Dataset info:
    - Frequency: 10T
    - Num series: 10
    - Target dim: 6
    - Target mode: multivariate
    - Covariate channels: 0
    - Series length: min=7481, max=31957, avg=20668.5
    - Test split: 2160 steps
    - Prediction length: 144
    - Windows: 15
    Processed 150/150...
    Total instances: 150, Series during experiment: 10, Windows: 15
    Collecting ground truth and context...
    Organizing data into arrays...
    Saved predictions (quantiles) to /fslarge/scratch/users/h61084/codes/evaluating_tsfms/outputs/context_size/tasks/chronos2/context_length/512/multivariate/current_velocity/10T/medium/run_0/predictions.npz
    Computing per-window metrics...
    Saved metrics to /fslarge/scratch/users/h61084/codes/evaluating_tsfms/outputs/context_size/tasks/chronos2/context_length/512/multivariate/current_velocity/10T/medium/run_0/metrics.npz
    Saved config to /fslarge/scratch/users/h61084/codes/evaluating_tsfms/outputs/context_size/tasks/chronos2/context_length/512/multivariate/current_velocity/10T/medium/run_0/config.json
    Saved aggregate metrics to /fslarge/scratch/users/h61084/codes/evaluating_tsfms/outputs/context_size/tasks/chronos2/context_length/512/multivariate/current_velocity/10T/medium/run_0/metrics_summary.json
    Metrics summary (averaged over all series/windows/variates):
      MSE: 10.4933
      MAE: 0.9405
      RMSE: 1.2461
      MAPE: 3935.3314
      sMAPE: 0.4950
      MASE: 0.7354
      ND: 0.3467
      CRPS: 0.2735
  Completed: 10 series × 15 windows
  Output: /fslarge/scratch/users/h61084/codes/evaluating_tsfms/outputs/context_size/tasks/chronos2/context_length/512/multivariate/current_velocity/10T/medium/run_0

--- Term: long ---
  Config: prediction_length=432, test_length=2160, val_length=2160
TIME run allocation action=new run=/fslarge/scratch/users/h61084/codes/evaluating_tsfms/outputs/context_size/tasks/chronos2/context_length/512/multivariate/current_velocity/10T/long/run_0 launch_id=selena_context_size_20260920T193931Z_45055 slurm_job_id=3506742 launched_at=2026-09-20T19:58:58.879656+00:00
  Initializing Chronos pipeline (/fslarge/scratch/users/h61084/weights/chronos2)...
  Dataset info:
    - Frequency: 10T
    - Num series: 10
    - Target dim: 6
    - Target mode: multivariate
    - Covariate channels: 0
    - Series length: min=7481, max=31957, avg=20668.5
    - Test split: 2160 steps
    - Prediction length: 432
    - Windows: 5
    Total instances: 50, Series during experiment: 10, Windows: 5
    Collecting ground truth and context...
    Organizing data into arrays...
    Saved predictions (quantiles) to /fslarge/scratch/users/h61084/codes/evaluating_tsfms/outputs/context_size/tasks/chronos2/context_length/512/multivariate/current_velocity/10T/long/run_0/predictions.npz
    Computing per-window metrics...
    Saved metrics to /fslarge/scratch/users/h61084/codes/evaluating_tsfms/outputs/context_size/tasks/chronos2/context_length/512/multivariate/current_velocity/10T/long/run_0/metrics.npz
    Saved config to /fslarge/scratch/users/h61084/codes/evaluating_tsfms/outputs/context_size/tasks/chronos2/context_length/512/multivariate/current_velocity/10T/long/run_0/config.json
    Saved aggregate metrics to /fslarge/scratch/users/h61084/codes/evaluating_tsfms/outputs/context_size/tasks/chronos2/context_length/512/multivariate/current_velocity/10T/long/run_0/metrics_summary.json
    Metrics summary (averaged over all series/windows/variates):
      MSE: 13.1706
      MAE: 1.1289
      RMSE: 1.4666
      MAPE: 3287.0589
      sMAPE: 0.5560
      MASE: 1.0423
      ND: 0.4059
      CRPS: 0.3218
  Completed: 10 series × 5 windows
  Output: /fslarge/scratch/users/h61084/codes/evaluating_tsfms/outputs/context_size/tasks/chronos2/context_length/512/multivariate/current_velocity/10T/long/run_0

============================================================
All experiments completed!
Results saved to: /scratch/users/h61084/codes/evaluating_tsfms/outputs/context_size/tasks
============================================================

############################################################
# All 1 dataset(s) completed!
############################################################

############################################################
# Dataset 1/1: current_velocity/15T
############################################################
[2026-09-20 19:59:08 UTC] resources model_device {"device": "cuda", "model": "chronos2"}
Loading configuration...

============================================================
Dataset: current_velocity/15T
Model: amazon/chronos-2
Checkpoint: /fslarge/scratch/users/h61084/weights/chronos2
Terms: ['short', 'medium', 'long']
Covariate mode: none
Instance normalization: none
============================================================

--- Term: short ---
  Config: prediction_length=12, test_length=1440, val_length=1440
TIME run allocation action=new run=/fslarge/scratch/users/h61084/codes/evaluating_tsfms/outputs/context_size/tasks/chronos2/context_length/512/multivariate/current_velocity/15T/short/run_0 launch_id=selena_context_size_20260920T193931Z_45055 slurm_job_id=3506742 launched_at=2026-09-20T19:59:08.080324+00:00
  Initializing Chronos pipeline (/fslarge/scratch/users/h61084/weights/chronos2)...
  Dataset info:
    - Frequency: 15T
    - Num series: 5
    - Target dim: 6
    - Target mode: multivariate
    - Covariate channels: 0
    - Series length: min=3710, max=17953, avg=8503.2
    - Test split: 1440 steps
    - Prediction length: 12
    - Windows: 120
    Processed 160/600...
    Processed 320/600...
    Processed 480/600...
    Total instances: 600, Series during experiment: 5, Windows: 120
    Collecting ground truth and context...
    Organizing data into arrays...
    Saved predictions (quantiles) to /fslarge/scratch/users/h61084/codes/evaluating_tsfms/outputs/context_size/tasks/chronos2/context_length/512/multivariate/current_velocity/15T/short/run_0/predictions.npz
    Computing per-window metrics...
    Saved metrics to /fslarge/scratch/users/h61084/codes/evaluating_tsfms/outputs/context_size/tasks/chronos2/context_length/512/multivariate/current_velocity/15T/short/run_0/metrics.npz
    Saved config to /fslarge/scratch/users/h61084/codes/evaluating_tsfms/outputs/context_size/tasks/chronos2/context_length/512/multivariate/current_velocity/15T/short/run_0/config.json
    Saved aggregate metrics to /fslarge/scratch/users/h61084/codes/evaluating_tsfms/outputs/context_size/tasks/chronos2/context_length/512/multivariate/current_velocity/15T/short/run_0/metrics_summary.json
    Metrics summary (averaged over all series/windows/variates):
      MSE: 6.5095
      MAE: 0.7703
      RMSE: 0.9335
      MAPE: 126884.9112
      sMAPE: 0.4647
      MASE: 0.5204
      ND: 0.3913
      CRPS: 0.3074
  Completed: 5 series × 120 windows
  Output: /fslarge/scratch/users/h61084/codes/evaluating_tsfms/outputs/context_size/tasks/chronos2/context_length/512/multivariate/current_velocity/15T/short/run_0

--- Term: medium ---
  Config: prediction_length=96, test_length=1440, val_length=1440
TIME run allocation action=new run=/fslarge/scratch/users/h61084/codes/evaluating_tsfms/outputs/context_size/tasks/chronos2/context_length/512/multivariate/current_velocity/15T/medium/run_0 launch_id=selena_context_size_20260920T193931Z_45055 slurm_job_id=3506742 launched_at=2026-09-20T19:59:10.620173+00:00
  Initializing Chronos pipeline (/fslarge/scratch/users/h61084/weights/chronos2)...
  Dataset info:
    - Frequency: 15T
    - Num series: 5
    - Target dim: 6
    - Target mode: multivariate
    - Covariate channels: 0
    - Series length: min=3710, max=17953, avg=8503.2
    - Test split: 1440 steps
    - Prediction length: 96
    - Windows: 15
    Total instances: 75, Series during experiment: 5, Windows: 15
    Collecting ground truth and context...
    Organizing data into arrays...
    Saved predictions (quantiles) to /fslarge/scratch/users/h61084/codes/evaluating_tsfms/outputs/context_size/tasks/chronos2/context_length/512/multivariate/current_velocity/15T/medium/run_0/predictions.npz
    Computing per-window metrics...
    Saved metrics to /fslarge/scratch/users/h61084/codes/evaluating_tsfms/outputs/context_size/tasks/chronos2/context_length/512/multivariate/current_velocity/15T/medium/run_0/metrics.npz
    Saved config to /fslarge/scratch/users/h61084/codes/evaluating_tsfms/outputs/context_size/tasks/chronos2/context_length/512/multivariate/current_velocity/15T/medium/run_0/config.json
    Saved aggregate metrics to /fslarge/scratch/users/h61084/codes/evaluating_tsfms/outputs/context_size/tasks/chronos2/context_length/512/multivariate/current_velocity/15T/medium/run_0/metrics_summary.json
    Metrics summary (averaged over all series/windows/variates):
      MSE: 10.6948
      MAE: 1.0458
      RMSE: 1.2994
      MAPE: 137966.4622
      sMAPE: 0.5689
      MASE: 0.7812
      ND: 0.4457
      CRPS: 0.3504
  Completed: 5 series × 15 windows
  Output: /fslarge/scratch/users/h61084/codes/evaluating_tsfms/outputs/context_size/tasks/chronos2/context_length/512/multivariate/current_velocity/15T/medium/run_0

--- Term: long ---
  Config: prediction_length=288, test_length=1440, val_length=1440
TIME run allocation action=new run=/fslarge/scratch/users/h61084/codes/evaluating_tsfms/outputs/context_size/tasks/chronos2/context_length/512/multivariate/current_velocity/15T/long/run_0 launch_id=selena_context_size_20260920T193931Z_45055 slurm_job_id=3506742 launched_at=2026-09-20T19:59:11.171141+00:00
  Initializing Chronos pipeline (/fslarge/scratch/users/h61084/weights/chronos2)...
  Dataset info:
    - Frequency: 15T
    - Num series: 5
    - Target dim: 6
    - Target mode: multivariate
    - Covariate channels: 0
    - Series length: min=3710, max=17953, avg=8503.2
    - Test split: 1440 steps
    - Prediction length: 288
    - Windows: 5
    Total instances: 25, Series during experiment: 5, Windows: 5
    Collecting ground truth and context...
    Organizing data into arrays...
    Saved predictions (quantiles) to /fslarge/scratch/users/h61084/codes/evaluating_tsfms/outputs/context_size/tasks/chronos2/context_length/512/multivariate/current_velocity/15T/long/run_0/predictions.npz
    Computing per-window metrics...
    Saved metrics to /fslarge/scratch/users/h61084/codes/evaluating_tsfms/outputs/context_size/tasks/chronos2/context_length/512/multivariate/current_velocity/15T/long/run_0/metrics.npz
    Saved config to /fslarge/scratch/users/h61084/codes/evaluating_tsfms/outputs/context_size/tasks/chronos2/context_length/512/multivariate/current_velocity/15T/long/run_0/config.json
    Saved aggregate metrics to /fslarge/scratch/users/h61084/codes/evaluating_tsfms/outputs/context_size/tasks/chronos2/context_length/512/multivariate/current_velocity/15T/long/run_0/metrics_summary.json
    Metrics summary (averaged over all series/windows/variates):
      MSE: 12.1540
      MAE: 1.1318
      RMSE: 1.4187
      MAPE: 122411.5774
      sMAPE: 0.6022
      MASE: 0.9294
      ND: 0.4729
      CRPS: 0.3810
  Completed: 5 series × 5 windows
  Output: /fslarge/scratch/users/h61084/codes/evaluating_tsfms/outputs/context_size/tasks/chronos2/context_length/512/multivariate/current_velocity/15T/long/run_0

============================================================
All experiments completed!
Results saved to: /scratch/users/h61084/codes/evaluating_tsfms/outputs/context_size/tasks
============================================================

############################################################
# All 1 dataset(s) completed!
############################################################

############################################################
# Dataset 1/1: current_velocity/20T
############################################################
[2026-09-20 19:59:19 UTC] resources model_device {"device": "cuda", "model": "chronos2"}
Loading configuration...

============================================================
Dataset: current_velocity/20T
Model: amazon/chronos-2
Checkpoint: /fslarge/scratch/users/h61084/weights/chronos2
Terms: ['short', 'medium', 'long']
Covariate mode: none
Instance normalization: none
============================================================

--- Term: short ---
  Config: prediction_length=9, test_length=1080, val_length=1080
TIME run allocation action=new run=/fslarge/scratch/users/h61084/codes/evaluating_tsfms/outputs/context_size/tasks/chronos2/context_length/512/multivariate/current_velocity/20T/short/run_0 launch_id=selena_context_size_20260920T193931Z_45055 slurm_job_id=3506742 launched_at=2026-09-20T19:59:20.027930+00:00
  Initializing Chronos pipeline (/fslarge/scratch/users/h61084/weights/chronos2)...
  Dataset info:
    - Frequency: 20T
    - Num series: 27
    - Target dim: 6
    - Target mode: multivariate
    - Covariate channels: 0
    - Series length: min=2529, max=16759, avg=6460.2
    - Test split: 1080 steps
    - Prediction length: 9
    - Windows: 120
    Processed 160/3240...
    Processed 320/3240...
    Processed 480/3240...
    Processed 640/3240...
    Processed 800/3240...
    Processed 960/3240...
    Processed 1120/3240...
    Processed 1280/3240...
    Processed 1440/3240...
    Processed 1600/3240...
    Processed 1760/3240...
    Processed 1920/3240...
    Processed 2080/3240...
    Processed 2240/3240...
    Processed 2400/3240...
    Processed 2560/3240...
    Processed 2720/3240...
    Processed 2880/3240...
    Processed 3040/3240...
    Processed 3200/3240...
    Total instances: 3240, Series during experiment: 27, Windows: 120
    Collecting ground truth and context...
    Organizing data into arrays...
    Saved predictions (quantiles) to /fslarge/scratch/users/h61084/codes/evaluating_tsfms/outputs/context_size/tasks/chronos2/context_length/512/multivariate/current_velocity/20T/short/run_0/predictions.npz
    Computing per-window metrics...
    Saved metrics to /fslarge/scratch/users/h61084/codes/evaluating_tsfms/outputs/context_size/tasks/chronos2/context_length/512/multivariate/current_velocity/20T/short/run_0/metrics.npz
    Saved config to /fslarge/scratch/users/h61084/codes/evaluating_tsfms/outputs/context_size/tasks/chronos2/context_length/512/multivariate/current_velocity/20T/short/run_0/config.json
    Saved aggregate metrics to /fslarge/scratch/users/h61084/codes/evaluating_tsfms/outputs/context_size/tasks/chronos2/context_length/512/multivariate/current_velocity/20T/short/run_0/metrics_summary.json
    Metrics summary (averaged over all series/windows/variates):
      MSE: 4.6665
      MAE: 0.6399
      RMSE: 0.7507
      MAPE: 0.9512
      sMAPE: 0.4232
      MASE: 0.5002
      ND: 0.3442
      CRPS: 0.2703
  Completed: 27 series × 120 windows
  Output: /fslarge/scratch/users/h61084/codes/evaluating_tsfms/outputs/context_size/tasks/chronos2/context_length/512/multivariate/current_velocity/20T/short/run_0

--- Term: medium ---
  Config: prediction_length=72, test_length=1080, val_length=1080
TIME run allocation action=new run=/fslarge/scratch/users/h61084/codes/evaluating_tsfms/outputs/context_size/tasks/chronos2/context_length/512/multivariate/current_velocity/20T/medium/run_0 launch_id=selena_context_size_20260920T193931Z_45055 slurm_job_id=3506742 launched_at=2026-09-20T19:59:30.285027+00:00
  Initializing Chronos pipeline (/fslarge/scratch/users/h61084/weights/chronos2)...
  Dataset info:
    - Frequency: 20T
    - Num series: 27
    - Target dim: 6
    - Target mode: multivariate
    - Covariate channels: 0
    - Series length: min=2529, max=16759, avg=6460.2
    - Test split: 1080 steps
    - Prediction length: 72
    - Windows: 15
    Processed 160/405...
    Processed 320/405...
    Total instances: 405, Series during experiment: 27, Windows: 15
    Collecting ground truth and context...
    Organizing data into arrays...
    Saved predictions (quantiles) to /fslarge/scratch/users/h61084/codes/evaluating_tsfms/outputs/context_size/tasks/chronos2/context_length/512/multivariate/current_velocity/20T/medium/run_0/predictions.npz
    Computing per-window metrics...
    Saved metrics to /fslarge/scratch/users/h61084/codes/evaluating_tsfms/outputs/context_size/tasks/chronos2/context_length/512/multivariate/current_velocity/20T/medium/run_0/metrics.npz
    Saved config to /fslarge/scratch/users/h61084/codes/evaluating_tsfms/outputs/context_size/tasks/chronos2/context_length/512/multivariate/current_velocity/20T/medium/run_0/config.json
    Saved aggregate metrics to /fslarge/scratch/users/h61084/codes/evaluating_tsfms/outputs/context_size/tasks/chronos2/context_length/512/multivariate/current_velocity/20T/medium/run_0/metrics_summary.json
    Metrics summary (averaged over all series/windows/variates):
      MSE: 8.6564
      MAE: 0.9306
      RMSE: 1.1486
      MAPE: 1.1527
      sMAPE: 0.5258
      MASE: 0.7939
      ND: 0.3969
      CRPS: 0.3138
  Completed: 27 series × 15 windows
  Output: /fslarge/scratch/users/h61084/codes/evaluating_tsfms/outputs/context_size/tasks/chronos2/context_length/512/multivariate/current_velocity/20T/medium/run_0

--- Term: long ---
  Config: prediction_length=216, test_length=1080, val_length=1080
TIME run allocation action=new run=/fslarge/scratch/users/h61084/codes/evaluating_tsfms/outputs/context_size/tasks/chronos2/context_length/512/multivariate/current_velocity/20T/long/run_0 launch_id=selena_context_size_20260920T193931Z_45055 slurm_job_id=3506742 launched_at=2026-09-20T19:59:31.932503+00:00
  Initializing Chronos pipeline (/fslarge/scratch/users/h61084/weights/chronos2)...
  Dataset info:
    - Frequency: 20T
    - Num series: 27
    - Target dim: 6
    - Target mode: multivariate
    - Covariate channels: 0
    - Series length: min=2529, max=16759, avg=6460.2
    - Test split: 1080 steps
    - Prediction length: 216
    - Windows: 5
    Total instances: 135, Series during experiment: 27, Windows: 5
    Collecting ground truth and context...
    Organizing data into arrays...
    Saved predictions (quantiles) to /fslarge/scratch/users/h61084/codes/evaluating_tsfms/outputs/context_size/tasks/chronos2/context_length/512/multivariate/current_velocity/20T/long/run_0/predictions.npz
    Computing per-window metrics...
    Saved metrics to /fslarge/scratch/users/h61084/codes/evaluating_tsfms/outputs/context_size/tasks/chronos2/context_length/512/multivariate/current_velocity/20T/long/run_0/metrics.npz
    Saved config to /fslarge/scratch/users/h61084/codes/evaluating_tsfms/outputs/context_size/tasks/chronos2/context_length/512/multivariate/current_velocity/20T/long/run_0/config.json
    Saved aggregate metrics to /fslarge/scratch/users/h61084/codes/evaluating_tsfms/outputs/context_size/tasks/chronos2/context_length/512/multivariate/current_velocity/20T/long/run_0/metrics_summary.json
    Metrics summary (averaged over all series/windows/variates):
      MSE: 11.4245
      MAE: 1.1088
      RMSE: 1.3860
      MAPE: 1.5573
      sMAPE: 0.6232
      MASE: 1.1372
      ND: 0.4794
      CRPS: 0.3802
  Completed: 27 series × 5 windows
  Output: /fslarge/scratch/users/h61084/codes/evaluating_tsfms/outputs/context_size/tasks/chronos2/context_length/512/multivariate/current_velocity/20T/long/run_0

============================================================
All experiments completed!
Results saved to: /scratch/users/h61084/codes/evaluating_tsfms/outputs/context_size/tasks
============================================================

############################################################
# All 1 dataset(s) completed!
############################################################

############################################################
# Dataset 1/1: current_velocity/H
############################################################
[2026-09-20 19:59:41 UTC] resources model_device {"device": "cuda", "model": "chronos2"}
Loading configuration...

============================================================
Dataset: current_velocity/H
Model: amazon/chronos-2
Checkpoint: /fslarge/scratch/users/h61084/weights/chronos2
Terms: ['short', 'medium', 'long']
Covariate mode: none
Instance normalization: none
============================================================

--- Term: short ---
  Config: prediction_length=24, test_length=672, val_length=672
TIME run allocation action=new run=/fslarge/scratch/users/h61084/codes/evaluating_tsfms/outputs/context_size/tasks/chronos2/context_length/512/multivariate/current_velocity/H/short/run_0 launch_id=selena_context_size_20260920T193931Z_45055 slurm_job_id=3506742 launched_at=2026-09-20T19:59:41.339308+00:00
  Initializing Chronos pipeline (/fslarge/scratch/users/h61084/weights/chronos2)...
  Dataset info:
    - Frequency: H
    - Num series: 21
    - Target dim: 6
    - Target mode: multivariate
    - Covariate channels: 0
    - Series length: min=2208, max=5587, avg=3502.3
    - Test split: 672 steps
    - Prediction length: 24
    - Windows: 28
    Processed 160/588...
    Processed 320/588...
    Processed 480/588...
    Total instances: 588, Series during experiment: 21, Windows: 28
    Collecting ground truth and context...
    Organizing data into arrays...
    Saved predictions (quantiles) to /fslarge/scratch/users/h61084/codes/evaluating_tsfms/outputs/context_size/tasks/chronos2/context_length/512/multivariate/current_velocity/H/short/run_0/predictions.npz
    Computing per-window metrics...
    Saved metrics to /fslarge/scratch/users/h61084/codes/evaluating_tsfms/outputs/context_size/tasks/chronos2/context_length/512/multivariate/current_velocity/H/short/run_0/metrics.npz
    Saved config to /fslarge/scratch/users/h61084/codes/evaluating_tsfms/outputs/context_size/tasks/chronos2/context_length/512/multivariate/current_velocity/H/short/run_0/config.json
    Saved aggregate metrics to /fslarge/scratch/users/h61084/codes/evaluating_tsfms/outputs/context_size/tasks/chronos2/context_length/512/multivariate/current_velocity/H/short/run_0/metrics_summary.json
    Metrics summary (averaged over all series/windows/variates):
      MSE: 6.6865
      MAE: 0.8077
      RMSE: 1.0022
      MAPE: 1560166323531.1445
      sMAPE: 0.4353
      MASE: 0.7045
      ND: 0.3365
      CRPS: 0.2645
  Completed: 21 series × 28 windows
  Output: /fslarge/scratch/users/h61084/codes/evaluating_tsfms/outputs/context_size/tasks/chronos2/context_length/512/multivariate/current_velocity/H/short/run_0

--- Term: medium ---
  Config: prediction_length=168, test_length=672, val_length=672
TIME run allocation action=new run=/fslarge/scratch/users/h61084/codes/evaluating_tsfms/outputs/context_size/tasks/chronos2/context_length/512/multivariate/current_velocity/H/medium/run_0 launch_id=selena_context_size_20260920T193931Z_45055 slurm_job_id=3506742 launched_at=2026-09-20T19:59:43.765288+00:00
  Initializing Chronos pipeline (/fslarge/scratch/users/h61084/weights/chronos2)...
  Dataset info:
    - Frequency: H
    - Num series: 21
    - Target dim: 6
    - Target mode: multivariate
    - Covariate channels: 0
    - Series length: min=2208, max=5587, avg=3502.3
    - Test split: 672 steps
    - Prediction length: 168
    - Windows: 4
    Total instances: 84, Series during experiment: 21, Windows: 4
    Collecting ground truth and context...
    Organizing data into arrays...
    Saved predictions (quantiles) to /fslarge/scratch/users/h61084/codes/evaluating_tsfms/outputs/context_size/tasks/chronos2/context_length/512/multivariate/current_velocity/H/medium/run_0/predictions.npz
    Computing per-window metrics...
    Saved metrics to /fslarge/scratch/users/h61084/codes/evaluating_tsfms/outputs/context_size/tasks/chronos2/context_length/512/multivariate/current_velocity/H/medium/run_0/metrics.npz
    Saved config to /fslarge/scratch/users/h61084/codes/evaluating_tsfms/outputs/context_size/tasks/chronos2/context_length/512/multivariate/current_velocity/H/medium/run_0/config.json
    Saved aggregate metrics to /fslarge/scratch/users/h61084/codes/evaluating_tsfms/outputs/context_size/tasks/chronos2/context_length/512/multivariate/current_velocity/H/medium/run_0/metrics_summary.json
    Metrics summary (averaged over all series/windows/variates):
      MSE: 11.9251
      MAE: 1.1737
      RMSE: 1.4521
      MAPE: 2355080884095.5991
      sMAPE: 0.5665
      MASE: 1.2466
      ND: 0.4272
      CRPS: 0.3370
  Completed: 21 series × 4 windows
  Output: /fslarge/scratch/users/h61084/codes/evaluating_tsfms/outputs/context_size/tasks/chronos2/context_length/512/multivariate/current_velocity/H/medium/run_0

--- Term: long ---
  Config: prediction_length=336, test_length=672, val_length=672
TIME run allocation action=new run=/fslarge/scratch/users/h61084/codes/evaluating_tsfms/outputs/context_size/tasks/chronos2/context_length/512/multivariate/current_velocity/H/long/run_0 launch_id=selena_context_size_20260920T193931Z_45055 slurm_job_id=3506742 launched_at=2026-09-20T19:59:44.384944+00:00
  Initializing Chronos pipeline (/fslarge/scratch/users/h61084/weights/chronos2)...
  Dataset info:
    - Frequency: H
    - Num series: 21
    - Target dim: 6
    - Target mode: multivariate
    - Covariate channels: 0
    - Series length: min=2208, max=5587, avg=3502.3
    - Test split: 672 steps
    - Prediction length: 336
    - Windows: 2
    Total instances: 42, Series during experiment: 21, Windows: 2
    Collecting ground truth and context...
    Organizing data into arrays...
    Saved predictions (quantiles) to /fslarge/scratch/users/h61084/codes/evaluating_tsfms/outputs/context_size/tasks/chronos2/context_length/512/multivariate/current_velocity/H/long/run_0/predictions.npz
    Computing per-window metrics...
    Saved metrics to /fslarge/scratch/users/h61084/codes/evaluating_tsfms/outputs/context_size/tasks/chronos2/context_length/512/multivariate/current_velocity/H/long/run_0/metrics.npz
    Saved config to /fslarge/scratch/users/h61084/codes/evaluating_tsfms/outputs/context_size/tasks/chronos2/context_length/512/multivariate/current_velocity/H/long/run_0/config.json
    Saved aggregate metrics to /fslarge/scratch/users/h61084/codes/evaluating_tsfms/outputs/context_size/tasks/chronos2/context_length/512/multivariate/current_velocity/H/long/run_0/metrics_summary.json
    Metrics summary (averaged over all series/windows/variates):
      MSE: 12.9948
      MAE: 1.2621
      RMSE: 1.5794
      MAPE: 2343230562628.0244
      sMAPE: 0.6150
      MASE: 1.4894
      ND: 0.4621
      CRPS: 0.3671
  Completed: 21 series × 2 windows
  Output: /fslarge/scratch/users/h61084/codes/evaluating_tsfms/outputs/context_size/tasks/chronos2/context_length/512/multivariate/current_velocity/H/long/run_0

============================================================
All experiments completed!
Results saved to: /scratch/users/h61084/codes/evaluating_tsfms/outputs/context_size/tasks
============================================================

############################################################
# All 1 dataset(s) completed!
############################################################

############################################################
# Dataset 1/1: CPHL/15T
############################################################
[2026-09-20 19:59:53 UTC] resources model_device {"device": "cuda", "model": "chronos2"}
Loading configuration...

============================================================
Dataset: CPHL/15T
Model: amazon/chronos-2
Checkpoint: /fslarge/scratch/users/h61084/weights/chronos2
Terms: ['short', 'medium', 'long']
Covariate mode: none
Instance normalization: none
============================================================

--- Term: short ---
  Config: prediction_length=12, test_length=1440, val_length=1440
TIME run allocation action=new run=/fslarge/scratch/users/h61084/codes/evaluating_tsfms/outputs/context_size/tasks/chronos2/context_length/512/univariate/CPHL/15T/short/run_0 launch_id=selena_context_size_20260920T193931Z_45055 slurm_job_id=3506742 launched_at=2026-09-20T19:59:53.372555+00:00
  Initializing Chronos pipeline (/fslarge/scratch/users/h61084/weights/chronos2)...
  Dataset info:
    - Frequency: 15T
    - Num series: 2
    - Target dim: 1
    - Target mode: univariate
    - Covariate channels: 0
    - Series length: min=9956, max=10831, avg=10393.5
    - Test split: 1440 steps
    - Prediction length: 12
    - Windows: 120
    Processed 160/240...
    Total instances: 240, Series during experiment: 2, Windows: 120
    Collecting ground truth and context...
    Organizing data into arrays...
    Saved predictions (quantiles) to /fslarge/scratch/users/h61084/codes/evaluating_tsfms/outputs/context_size/tasks/chronos2/context_length/512/univariate/CPHL/15T/short/run_0/predictions.npz
    Computing per-window metrics...
    Saved metrics to /fslarge/scratch/users/h61084/codes/evaluating_tsfms/outputs/context_size/tasks/chronos2/context_length/512/univariate/CPHL/15T/short/run_0/metrics.npz
    Saved config to /fslarge/scratch/users/h61084/codes/evaluating_tsfms/outputs/context_size/tasks/chronos2/context_length/512/univariate/CPHL/15T/short/run_0/config.json
    Saved aggregate metrics to /fslarge/scratch/users/h61084/codes/evaluating_tsfms/outputs/context_size/tasks/chronos2/context_length/512/univariate/CPHL/15T/short/run_0/metrics_summary.json
    Metrics summary (averaged over all series/windows/variates):
      MSE: 0.0665
      MAE: 0.1413
      RMSE: 0.1643
      MAPE: 0.2003
      sMAPE: 0.1839
      MASE: 0.6689
      ND: 0.1911
      CRPS: 0.1514
  Completed: 2 series × 120 windows
  Output: /fslarge/scratch/users/h61084/codes/evaluating_tsfms/outputs/context_size/tasks/chronos2/context_length/512/univariate/CPHL/15T/short/run_0

--- Term: medium ---
  Config: prediction_length=96, test_length=1440, val_length=1440
TIME run allocation action=new run=/fslarge/scratch/users/h61084/codes/evaluating_tsfms/outputs/context_size/tasks/chronos2/context_length/512/univariate/CPHL/15T/medium/run_0 launch_id=selena_context_size_20260920T193931Z_45055 slurm_job_id=3506742 launched_at=2026-09-20T19:59:54.418914+00:00
  Initializing Chronos pipeline (/fslarge/scratch/users/h61084/weights/chronos2)...
  Dataset info:
    - Frequency: 15T
    - Num series: 2
    - Target dim: 1
    - Target mode: univariate
    - Covariate channels: 0
    - Series length: min=9956, max=10831, avg=10393.5
    - Test split: 1440 steps
    - Prediction length: 96
    - Windows: 15
    Total instances: 30, Series during experiment: 2, Windows: 15
    Collecting ground truth and context...
    Organizing data into arrays...
    Saved predictions (quantiles) to /fslarge/scratch/users/h61084/codes/evaluating_tsfms/outputs/context_size/tasks/chronos2/context_length/512/univariate/CPHL/15T/medium/run_0/predictions.npz
    Computing per-window metrics...
    Saved metrics to /fslarge/scratch/users/h61084/codes/evaluating_tsfms/outputs/context_size/tasks/chronos2/context_length/512/univariate/CPHL/15T/medium/run_0/metrics.npz
    Saved config to /fslarge/scratch/users/h61084/codes/evaluating_tsfms/outputs/context_size/tasks/chronos2/context_length/512/univariate/CPHL/15T/medium/run_0/config.json
    Saved aggregate metrics to /fslarge/scratch/users/h61084/codes/evaluating_tsfms/outputs/context_size/tasks/chronos2/context_length/512/univariate/CPHL/15T/medium/run_0/metrics_summary.json
    Metrics summary (averaged over all series/windows/variates):
      MSE: 0.1438
      MAE: 0.2495
      RMSE: 0.3081
      MAPE: 0.4088
      sMAPE: 0.3393
      MASE: 1.2293
      ND: 0.3445
      CRPS: 0.2713
  Completed: 2 series × 15 windows
  Output: /fslarge/scratch/users/h61084/codes/evaluating_tsfms/outputs/context_size/tasks/chronos2/context_length/512/univariate/CPHL/15T/medium/run_0

--- Term: long ---
  Config: prediction_length=288, test_length=1440, val_length=1440
TIME run allocation action=new run=/fslarge/scratch/users/h61084/codes/evaluating_tsfms/outputs/context_size/tasks/chronos2/context_length/512/univariate/CPHL/15T/long/run_0 launch_id=selena_context_size_20260920T193931Z_45055 slurm_job_id=3506742 launched_at=2026-09-20T19:59:54.706331+00:00
  Initializing Chronos pipeline (/fslarge/scratch/users/h61084/weights/chronos2)...
  Dataset info:
    - Frequency: 15T
    - Num series: 2
    - Target dim: 1
    - Target mode: univariate
    - Covariate channels: 0
    - Series length: min=9956, max=10831, avg=10393.5
    - Test split: 1440 steps
    - Prediction length: 288
    - Windows: 5
    Total instances: 10, Series during experiment: 2, Windows: 5
    Collecting ground truth and context...
    Organizing data into arrays...
    Saved predictions (quantiles) to /fslarge/scratch/users/h61084/codes/evaluating_tsfms/outputs/context_size/tasks/chronos2/context_length/512/univariate/CPHL/15T/long/run_0/predictions.npz
    Computing per-window metrics...
    Saved metrics to /fslarge/scratch/users/h61084/codes/evaluating_tsfms/outputs/context_size/tasks/chronos2/context_length/512/univariate/CPHL/15T/long/run_0/metrics.npz
    Saved config to /fslarge/scratch/users/h61084/codes/evaluating_tsfms/outputs/context_size/tasks/chronos2/context_length/512/univariate/CPHL/15T/long/run_0/config.json
    Saved aggregate metrics to /fslarge/scratch/users/h61084/codes/evaluating_tsfms/outputs/context_size/tasks/chronos2/context_length/512/univariate/CPHL/15T/long/run_0/metrics_summary.json
    Metrics summary (averaged over all series/windows/variates):
      MSE: 0.1434
      MAE: 0.2566
      RMSE: 0.3351
      MAPE: 0.4209
      sMAPE: 0.3522
      MASE: 1.3299
      ND: 0.3599
      CRPS: 0.2912
  Completed: 2 series × 5 windows
  Output: /fslarge/scratch/users/h61084/codes/evaluating_tsfms/outputs/context_size/tasks/chronos2/context_length/512/univariate/CPHL/15T/long/run_0

============================================================
All experiments completed!
Results saved to: /scratch/users/h61084/codes/evaluating_tsfms/outputs/context_size/tasks
============================================================

############################################################
# All 1 dataset(s) completed!
############################################################

############################################################
# Dataset 1/1: CPHL/30T
############################################################
[2026-09-20 20:00:03 UTC] resources model_device {"device": "cuda", "model": "chronos2"}
Loading configuration...

============================================================
Dataset: CPHL/30T
Model: amazon/chronos-2
Checkpoint: /fslarge/scratch/users/h61084/weights/chronos2
Terms: ['short', 'medium', 'long']
Covariate mode: none
Instance normalization: none
============================================================

--- Term: short ---
  Config: prediction_length=12, test_length=1440, val_length=1440
TIME run allocation action=new run=/fslarge/scratch/users/h61084/codes/evaluating_tsfms/outputs/context_size/tasks/chronos2/context_length/512/univariate/CPHL/30T/short/run_0 launch_id=selena_context_size_20260920T193931Z_45055 slurm_job_id=3506742 launched_at=2026-09-20T20:00:03.488128+00:00
  Initializing Chronos pipeline (/fslarge/scratch/users/h61084/weights/chronos2)...
  Dataset info:
    - Frequency: 30T
    - Num series: 2
    - Target dim: 1
    - Target mode: univariate
    - Covariate channels: 0
    - Series length: min=11808, max=17566, avg=14687.0
    - Test split: 1440 steps
    - Prediction length: 12
    - Windows: 120
    Processed 160/240...
    Total instances: 240, Series during experiment: 2, Windows: 120
    Collecting ground truth and context...
    Organizing data into arrays...
    Saved predictions (quantiles) to /fslarge/scratch/users/h61084/codes/evaluating_tsfms/outputs/context_size/tasks/chronos2/context_length/512/univariate/CPHL/30T/short/run_0/predictions.npz
    Computing per-window metrics...
    Saved metrics to /fslarge/scratch/users/h61084/codes/evaluating_tsfms/outputs/context_size/tasks/chronos2/context_length/512/univariate/CPHL/30T/short/run_0/metrics.npz
    Saved config to /fslarge/scratch/users/h61084/codes/evaluating_tsfms/outputs/context_size/tasks/chronos2/context_length/512/univariate/CPHL/30T/short/run_0/config.json
    Saved aggregate metrics to /fslarge/scratch/users/h61084/codes/evaluating_tsfms/outputs/context_size/tasks/chronos2/context_length/512/univariate/CPHL/30T/short/run_0/metrics_summary.json
    Metrics summary (averaged over all series/windows/variates):
      MSE: 0.6032
      MAE: 0.4616
      RMSE: 0.5522
      MAPE: 0.4154
      sMAPE: 0.3012
      MASE: 1.4046
      ND: 0.3021
      CRPS: 0.2333
  Completed: 2 series × 120 windows
  Output: /fslarge/scratch/users/h61084/codes/evaluating_tsfms/outputs/context_size/tasks/chronos2/context_length/512/univariate/CPHL/30T/short/run_0

--- Term: medium ---
  Config: prediction_length=48, test_length=1440, val_length=1440
TIME run allocation action=new run=/fslarge/scratch/users/h61084/codes/evaluating_tsfms/outputs/context_size/tasks/chronos2/context_length/512/univariate/CPHL/30T/medium/run_0 launch_id=selena_context_size_20260920T193931Z_45055 slurm_job_id=3506742 launched_at=2026-09-20T20:00:04.527750+00:00
  Initializing Chronos pipeline (/fslarge/scratch/users/h61084/weights/chronos2)...
  Dataset info:
    - Frequency: 30T
    - Num series: 2
    - Target dim: 1
    - Target mode: univariate
    - Covariate channels: 0
    - Series length: min=11808, max=17566, avg=14687.0
    - Test split: 1440 steps
    - Prediction length: 48
    - Windows: 30
    Total instances: 60, Series during experiment: 2, Windows: 30
    Collecting ground truth and context...
    Organizing data into arrays...
    Saved predictions (quantiles) to /fslarge/scratch/users/h61084/codes/evaluating_tsfms/outputs/context_size/tasks/chronos2/context_length/512/univariate/CPHL/30T/medium/run_0/predictions.npz
    Computing per-window metrics...
    Saved metrics to /fslarge/scratch/users/h61084/codes/evaluating_tsfms/outputs/context_size/tasks/chronos2/context_length/512/univariate/CPHL/30T/medium/run_0/metrics.npz
    Saved config to /fslarge/scratch/users/h61084/codes/evaluating_tsfms/outputs/context_size/tasks/chronos2/context_length/512/univariate/CPHL/30T/medium/run_0/config.json
    Saved aggregate metrics to /fslarge/scratch/users/h61084/codes/evaluating_tsfms/outputs/context_size/tasks/chronos2/context_length/512/univariate/CPHL/30T/medium/run_0/metrics_summary.json
    Metrics summary (averaged over all series/windows/variates):
      MSE: 0.7205
      MAE: 0.5183
      RMSE: 0.6261
      MAPE: 0.4998
      sMAPE: 0.3525
      MASE: 1.6020
      ND: 0.3517
      CRPS: 0.2680
  Completed: 2 series × 30 windows
  Output: /fslarge/scratch/users/h61084/codes/evaluating_tsfms/outputs/context_size/tasks/chronos2/context_length/512/univariate/CPHL/30T/medium/run_0

--- Term: long ---
  Config: prediction_length=144, test_length=1440, val_length=1440
TIME run allocation action=new run=/fslarge/scratch/users/h61084/codes/evaluating_tsfms/outputs/context_size/tasks/chronos2/context_length/512/univariate/CPHL/30T/long/run_0 launch_id=selena_context_size_20260920T193931Z_45055 slurm_job_id=3506742 launched_at=2026-09-20T20:00:04.852501+00:00
  Initializing Chronos pipeline (/fslarge/scratch/users/h61084/weights/chronos2)...
  Dataset info:
    - Frequency: 30T
    - Num series: 2
    - Target dim: 1
    - Target mode: univariate
    - Covariate channels: 0
    - Series length: min=11808, max=17566, avg=14687.0
    - Test split: 1440 steps
    - Prediction length: 144
    - Windows: 10
    Total instances: 20, Series during experiment: 2, Windows: 10
    Collecting ground truth and context...
    Organizing data into arrays...
    Saved predictions (quantiles) to /fslarge/scratch/users/h61084/codes/evaluating_tsfms/outputs/context_size/tasks/chronos2/context_length/512/univariate/CPHL/30T/long/run_0/predictions.npz
    Computing per-window metrics...
    Saved metrics to /fslarge/scratch/users/h61084/codes/evaluating_tsfms/outputs/context_size/tasks/chronos2/context_length/512/univariate/CPHL/30T/long/run_0/metrics.npz
    Saved config to /fslarge/scratch/users/h61084/codes/evaluating_tsfms/outputs/context_size/tasks/chronos2/context_length/512/univariate/CPHL/30T/long/run_0/config.json
    Saved aggregate metrics to /fslarge/scratch/users/h61084/codes/evaluating_tsfms/outputs/context_size/tasks/chronos2/context_length/512/univariate/CPHL/30T/long/run_0/metrics_summary.json
    Metrics summary (averaged over all series/windows/variates):
      MSE: 0.8045
      MAE: 0.5610
      RMSE: 0.6853
      MAPE: 0.5923
      sMAPE: 0.4478
      MASE: 1.8744
      ND: 0.4145
      CRPS: 0.3261
  Completed: 2 series × 10 windows
  Output: /fslarge/scratch/users/h61084/codes/evaluating_tsfms/outputs/context_size/tasks/chronos2/context_length/512/univariate/CPHL/30T/long/run_0

============================================================
All experiments completed!
Results saved to: /scratch/users/h61084/codes/evaluating_tsfms/outputs/context_size/tasks
============================================================

############################################################
# All 1 dataset(s) completed!
############################################################

############################################################
# Dataset 1/1: CPHL/H
############################################################
[2026-09-20 20:00:13 UTC] resources model_device {"device": "cuda", "model": "chronos2"}
Loading configuration...

============================================================
Dataset: CPHL/H
Model: amazon/chronos-2
Checkpoint: /fslarge/scratch/users/h61084/weights/chronos2
Terms: ['short', 'medium', 'long']
Covariate mode: none
Instance normalization: none
============================================================

--- Term: short ---
  Config: prediction_length=24, test_length=672, val_length=672
TIME run allocation action=new run=/fslarge/scratch/users/h61084/codes/evaluating_tsfms/outputs/context_size/tasks/chronos2/context_length/512/univariate/CPHL/H/short/run_0 launch_id=selena_context_size_20260920T193931Z_45055 slurm_job_id=3506742 launched_at=2026-09-20T20:00:13.668818+00:00
  Initializing Chronos pipeline (/fslarge/scratch/users/h61084/weights/chronos2)...
  Dataset info:
    - Frequency: H
    - Num series: 4
    - Target dim: 1
    - Target mode: univariate
    - Covariate channels: 0
    - Series length: min=2490, max=8783, avg=4971.2
    - Test split: 672 steps
    - Prediction length: 24
    - Windows: 28
    Total instances: 112, Series during experiment: 4, Windows: 28
    Collecting ground truth and context...
    Organizing data into arrays...
    Saved predictions (quantiles) to /fslarge/scratch/users/h61084/codes/evaluating_tsfms/outputs/context_size/tasks/chronos2/context_length/512/univariate/CPHL/H/short/run_0/predictions.npz
    Computing per-window metrics...
    Saved metrics to /fslarge/scratch/users/h61084/codes/evaluating_tsfms/outputs/context_size/tasks/chronos2/context_length/512/univariate/CPHL/H/short/run_0/metrics.npz
    Saved config to /fslarge/scratch/users/h61084/codes/evaluating_tsfms/outputs/context_size/tasks/chronos2/context_length/512/univariate/CPHL/H/short/run_0/config.json
    Saved aggregate metrics to /fslarge/scratch/users/h61084/codes/evaluating_tsfms/outputs/context_size/tasks/chronos2/context_length/512/univariate/CPHL/H/short/run_0/metrics_summary.json
    Metrics summary (averaged over all series/windows/variates):
      MSE: 0.3516
      MAE: 0.3377
      RMSE: 0.4093
      MAPE: 0.3553
      sMAPE: 0.2911
      MASE: 1.2529
      ND: 0.2921
      CRPS: 0.2286
  Completed: 4 series × 28 windows
  Output: /fslarge/scratch/users/h61084/codes/evaluating_tsfms/outputs/context_size/tasks/chronos2/context_length/512/univariate/CPHL/H/short/run_0

--- Term: medium ---
  Config: prediction_length=168, test_length=672, val_length=672
TIME run allocation action=new run=/fslarge/scratch/users/h61084/codes/evaluating_tsfms/outputs/context_size/tasks/chronos2/context_length/512/univariate/CPHL/H/medium/run_0 launch_id=selena_context_size_20260920T193931Z_45055 slurm_job_id=3506742 launched_at=2026-09-20T20:00:14.574211+00:00
  Initializing Chronos pipeline (/fslarge/scratch/users/h61084/weights/chronos2)...
  Dataset info:
    - Frequency: H
    - Num series: 4
    - Target dim: 1
    - Target mode: univariate
    - Covariate channels: 0
    - Series length: min=2490, max=8783, avg=4971.2
    - Test split: 672 steps
    - Prediction length: 168
    - Windows: 4
    Total instances: 16, Series during experiment: 4, Windows: 4
    Collecting ground truth and context...
    Organizing data into arrays...
    Saved predictions (quantiles) to /fslarge/scratch/users/h61084/codes/evaluating_tsfms/outputs/context_size/tasks/chronos2/context_length/512/univariate/CPHL/H/medium/run_0/predictions.npz
    Computing per-window metrics...
    Saved metrics to /fslarge/scratch/users/h61084/codes/evaluating_tsfms/outputs/context_size/tasks/chronos2/context_length/512/univariate/CPHL/H/medium/run_0/metrics.npz
    Saved config to /fslarge/scratch/users/h61084/codes/evaluating_tsfms/outputs/context_size/tasks/chronos2/context_length/512/univariate/CPHL/H/medium/run_0/config.json
    Saved aggregate metrics to /fslarge/scratch/users/h61084/codes/evaluating_tsfms/outputs/context_size/tasks/chronos2/context_length/512/univariate/CPHL/H/medium/run_0/metrics_summary.json
    Metrics summary (averaged over all series/windows/variates):
      MSE: 0.5259
      MAE: 0.4730
      RMSE: 0.5744
      MAPE: 0.5776
      sMAPE: 0.4525
      MASE: 2.0416
      ND: 0.4690
      CRPS: 0.3635
  Completed: 4 series × 4 windows
  Output: /fslarge/scratch/users/h61084/codes/evaluating_tsfms/outputs/context_size/tasks/chronos2/context_length/512/univariate/CPHL/H/medium/run_0

--- Term: long ---
  Config: prediction_length=336, test_length=672, val_length=672
TIME run allocation action=new run=/fslarge/scratch/users/h61084/codes/evaluating_tsfms/outputs/context_size/tasks/chronos2/context_length/512/univariate/CPHL/H/long/run_0 launch_id=selena_context_size_20260920T193931Z_45055 slurm_job_id=3506742 launched_at=2026-09-20T20:00:14.841689+00:00
  Initializing Chronos pipeline (/fslarge/scratch/users/h61084/weights/chronos2)...
  Dataset info:
    - Frequency: H
    - Num series: 4
    - Target dim: 1
    - Target mode: univariate
    - Covariate channels: 0
    - Series length: min=2490, max=8783, avg=4971.2
    - Test split: 672 steps
    - Prediction length: 336
    - Windows: 2
    Total instances: 8, Series during experiment: 4, Windows: 2
    Collecting ground truth and context...
    Organizing data into arrays...
    Saved predictions (quantiles) to /fslarge/scratch/users/h61084/codes/evaluating_tsfms/outputs/context_size/tasks/chronos2/context_length/512/univariate/CPHL/H/long/run_0/predictions.npz
    Computing per-window metrics...
    Saved metrics to /fslarge/scratch/users/h61084/codes/evaluating_tsfms/outputs/context_size/tasks/chronos2/context_length/512/univariate/CPHL/H/long/run_0/metrics.npz
    Saved config to /fslarge/scratch/users/h61084/codes/evaluating_tsfms/outputs/context_size/tasks/chronos2/context_length/512/univariate/CPHL/H/long/run_0/config.json
    Saved aggregate metrics to /fslarge/scratch/users/h61084/codes/evaluating_tsfms/outputs/context_size/tasks/chronos2/context_length/512/univariate/CPHL/H/long/run_0/metrics_summary.json
    Metrics summary (averaged over all series/windows/variates):
      MSE: 0.6073
      MAE: 0.5398
      RMSE: 0.6621
      MAPE: 0.7025
      sMAPE: 0.5908
      MASE: 2.6827
      ND: 0.5638
      CRPS: 0.4558
  Completed: 4 series × 2 windows
  Output: /fslarge/scratch/users/h61084/codes/evaluating_tsfms/outputs/context_size/tasks/chronos2/context_length/512/univariate/CPHL/H/long/run_0

============================================================
All experiments completed!
Results saved to: /scratch/users/h61084/codes/evaluating_tsfms/outputs/context_size/tasks
============================================================

############################################################
# All 1 dataset(s) completed!
############################################################

############################################################
# Dataset 1/1: Coastal_T_S/5T
############################################################
[2026-09-20 20:00:23 UTC] resources model_device {"device": "cuda", "model": "chronos2"}
Loading configuration...

============================================================
Dataset: Coastal_T_S/5T
Model: amazon/chronos-2
Checkpoint: /fslarge/scratch/users/h61084/weights/chronos2
Terms: ['short', 'medium', 'long']
Covariate mode: none
Instance normalization: none
============================================================

--- Term: short ---
  Config: prediction_length=36, test_length=4320, val_length=4320
TIME run allocation action=new run=/fslarge/scratch/users/h61084/codes/evaluating_tsfms/outputs/context_size/tasks/chronos2/context_length/512/multivariate/Coastal_T_S/5T/short/run_0 launch_id=selena_context_size_20260920T193931Z_45055 slurm_job_id=3506742 launched_at=2026-09-20T20:00:23.653602+00:00
  Initializing Chronos pipeline (/fslarge/scratch/users/h61084/weights/chronos2)...
  Dataset info:
    - Frequency: 5T
    - Num series: 18
    - Target dim: 3
    - Target mode: multivariate
    - Covariate channels: 0
    - Series length: min=44614, max=105408, avg=68604.9
    - Test split: 4320 steps
    - Prediction length: 36
    - Windows: 120
    Processed 160/2160...
    Processed 320/2160...
    Processed 480/2160...
    Processed 640/2160...
    Processed 800/2160...
    Processed 960/2160...
    Processed 1120/2160...
    Processed 1280/2160...
    Processed 1440/2160...
    Processed 1600/2160...
    Processed 1760/2160...
    Processed 1920/2160...
    Processed 2080/2160...
    Total instances: 2160, Series during experiment: 18, Windows: 120
    Collecting ground truth and context...
    Organizing data into arrays...
    Saved predictions (quantiles) to /fslarge/scratch/users/h61084/codes/evaluating_tsfms/outputs/context_size/tasks/chronos2/context_length/512/multivariate/Coastal_T_S/5T/short/run_0/predictions.npz
    Computing per-window metrics...
    Saved metrics to /fslarge/scratch/users/h61084/codes/evaluating_tsfms/outputs/context_size/tasks/chronos2/context_length/512/multivariate/Coastal_T_S/5T/short/run_0/metrics.npz
    Saved config to /fslarge/scratch/users/h61084/codes/evaluating_tsfms/outputs/context_size/tasks/chronos2/context_length/512/multivariate/Coastal_T_S/5T/short/run_0/config.json
    Saved aggregate metrics to /fslarge/scratch/users/h61084/codes/evaluating_tsfms/outputs/context_size/tasks/chronos2/context_length/512/multivariate/Coastal_T_S/5T/short/run_0/metrics_summary.json
    Metrics summary (averaged over all series/windows/variates):
      MSE: 118.8471
      MAE: 2.8562
      RMSE: 3.0267
      MAPE: 0.0867
      sMAPE: 0.0669
      MASE: 0.7999
      ND: 0.0620
      CRPS: 0.0379
  Completed: 18 series × 120 windows
  Output: /fslarge/scratch/users/h61084/codes/evaluating_tsfms/outputs/context_size/tasks/chronos2/context_length/512/multivariate/Coastal_T_S/5T/short/run_0

--- Term: medium ---
  Config: prediction_length=288, test_length=4320, val_length=4320
TIME run allocation action=new run=/fslarge/scratch/users/h61084/codes/evaluating_tsfms/outputs/context_size/tasks/chronos2/context_length/512/multivariate/Coastal_T_S/5T/medium/run_0 launch_id=selena_context_size_20260920T193931Z_45055 slurm_job_id=3506742 launched_at=2026-09-20T20:00:30.281517+00:00
  Initializing Chronos pipeline (/fslarge/scratch/users/h61084/weights/chronos2)...
  Dataset info:
    - Frequency: 5T
    - Num series: 18
    - Target dim: 3
    - Target mode: multivariate
    - Covariate channels: 0
    - Series length: min=44614, max=105408, avg=68604.9
    - Test split: 4320 steps
    - Prediction length: 288
    - Windows: 15
    Processed 160/270...
    Total instances: 270, Series during experiment: 18, Windows: 15
    Collecting ground truth and context...
    Organizing data into arrays...
    Saved predictions (quantiles) to /fslarge/scratch/users/h61084/codes/evaluating_tsfms/outputs/context_size/tasks/chronos2/context_length/512/multivariate/Coastal_T_S/5T/medium/run_0/predictions.npz
    Computing per-window metrics...
    Saved metrics to /fslarge/scratch/users/h61084/codes/evaluating_tsfms/outputs/context_size/tasks/chronos2/context_length/512/multivariate/Coastal_T_S/5T/medium/run_0/metrics.npz
    Saved config to /fslarge/scratch/users/h61084/codes/evaluating_tsfms/outputs/context_size/tasks/chronos2/context_length/512/multivariate/Coastal_T_S/5T/medium/run_0/config.json
    Saved aggregate metrics to /fslarge/scratch/users/h61084/codes/evaluating_tsfms/outputs/context_size/tasks/chronos2/context_length/512/multivariate/Coastal_T_S/5T/medium/run_0/metrics_summary.json
    Metrics summary (averaged over all series/windows/variates):
      MSE: 122.4026
      MAE: 2.9731
      RMSE: 3.2324
      MAPE: 0.0892
      sMAPE: 0.0710
      MASE: 1.0607
      ND: 0.0662
      CRPS: 0.0420
  Completed: 18 series × 15 windows
  Output: /fslarge/scratch/users/h61084/codes/evaluating_tsfms/outputs/context_size/tasks/chronos2/context_length/512/multivariate/Coastal_T_S/5T/medium/run_0

--- Term: long ---
  Config: prediction_length=864, test_length=4320, val_length=4320
TIME run allocation action=new run=/fslarge/scratch/users/h61084/codes/evaluating_tsfms/outputs/context_size/tasks/chronos2/context_length/512/multivariate/Coastal_T_S/5T/long/run_0 launch_id=selena_context_size_20260920T193931Z_45055 slurm_job_id=3506742 launched_at=2026-09-20T20:00:31.794792+00:00
  Initializing Chronos pipeline (/fslarge/scratch/users/h61084/weights/chronos2)...
  Dataset info:
    - Frequency: 5T
    - Num series: 18
    - Target dim: 3
    - Target mode: multivariate
    - Covariate channels: 0
    - Series length: min=44614, max=105408, avg=68604.9
    - Test split: 4320 steps
    - Prediction length: 864
    - Windows: 5
    Total instances: 90, Series during experiment: 18, Windows: 5
    Collecting ground truth and context...
    Organizing data into arrays...
    Saved predictions (quantiles) to /fslarge/scratch/users/h61084/codes/evaluating_tsfms/outputs/context_size/tasks/chronos2/context_length/512/multivariate/Coastal_T_S/5T/long/run_0/predictions.npz
    Computing per-window metrics...
    Saved metrics to /fslarge/scratch/users/h61084/codes/evaluating_tsfms/outputs/context_size/tasks/chronos2/context_length/512/multivariate/Coastal_T_S/5T/long/run_0/metrics.npz
    Saved config to /fslarge/scratch/users/h61084/codes/evaluating_tsfms/outputs/context_size/tasks/chronos2/context_length/512/multivariate/Coastal_T_S/5T/long/run_0/config.json
    Saved aggregate metrics to /fslarge/scratch/users/h61084/codes/evaluating_tsfms/outputs/context_size/tasks/chronos2/context_length/512/multivariate/Coastal_T_S/5T/long/run_0/metrics_summary.json
    Metrics summary (averaged over all series/windows/variates):
      MSE: 129.7443
      MAE: 3.1339
      RMSE: 3.4486
      MAPE: 0.0954
      sMAPE: 0.0753
      MASE: 1.3487
      ND: 0.0710
      CRPS: 0.0476
  Completed: 18 series × 5 windows
  Output: /fslarge/scratch/users/h61084/codes/evaluating_tsfms/outputs/context_size/tasks/chronos2/context_length/512/multivariate/Coastal_T_S/5T/long/run_0

============================================================
All experiments completed!
Results saved to: /scratch/users/h61084/codes/evaluating_tsfms/outputs/context_size/tasks
============================================================

############################################################
# All 1 dataset(s) completed!
############################################################

############################################################
# Dataset 1/1: Coastal_T_S/15T
############################################################
[2026-09-20 20:00:41 UTC] resources model_device {"device": "cuda", "model": "chronos2"}
Loading configuration...

============================================================
Dataset: Coastal_T_S/15T
Model: amazon/chronos-2
Checkpoint: /fslarge/scratch/users/h61084/weights/chronos2
Terms: ['short', 'medium', 'long']
Covariate mode: none
Instance normalization: none
============================================================

--- Term: short ---
  Config: prediction_length=12, test_length=1440, val_length=1440
TIME run allocation action=new run=/fslarge/scratch/users/h61084/codes/evaluating_tsfms/outputs/context_size/tasks/chronos2/context_length/512/multivariate/Coastal_T_S/15T/short/run_0 launch_id=selena_context_size_20260920T193931Z_45055 slurm_job_id=3506742 launched_at=2026-09-20T20:00:41.374028+00:00
  Initializing Chronos pipeline (/fslarge/scratch/users/h61084/weights/chronos2)...
  Dataset info:
    - Frequency: 15T
    - Num series: 5
    - Target dim: 3
    - Target mode: multivariate
    - Covariate channels: 0
    - Series length: min=16686, max=23134, avg=20870.2
    - Test split: 1440 steps
    - Prediction length: 12
    - Windows: 120
    Processed 160/600...
    Processed 320/600...
    Processed 480/600...
    Total instances: 600, Series during experiment: 5, Windows: 120
    Collecting ground truth and context...
    Organizing data into arrays...
    Saved predictions (quantiles) to /fslarge/scratch/users/h61084/codes/evaluating_tsfms/outputs/context_size/tasks/chronos2/context_length/512/multivariate/Coastal_T_S/15T/short/run_0/predictions.npz
    Computing per-window metrics...
    Saved metrics to /fslarge/scratch/users/h61084/codes/evaluating_tsfms/outputs/context_size/tasks/chronos2/context_length/512/multivariate/Coastal_T_S/15T/short/run_0/metrics.npz
    Saved config to /fslarge/scratch/users/h61084/codes/evaluating_tsfms/outputs/context_size/tasks/chronos2/context_length/512/multivariate/Coastal_T_S/15T/short/run_0/config.json
    Saved aggregate metrics to /fslarge/scratch/users/h61084/codes/evaluating_tsfms/outputs/context_size/tasks/chronos2/context_length/512/multivariate/Coastal_T_S/15T/short/run_0/metrics_summary.json
    Metrics summary (averaged over all series/windows/variates):
      MSE: 118.0540
      MAE: 4.6516
      RMSE: 4.9774
      MAPE: 0.1338
      sMAPE: 0.1188
      MASE: 1.1295
      ND: 0.1148
      CRPS: 0.0683
  Completed: 5 series × 120 windows
  Output: /fslarge/scratch/users/h61084/codes/evaluating_tsfms/outputs/context_size/tasks/chronos2/context_length/512/multivariate/Coastal_T_S/15T/short/run_0

--- Term: medium ---
  Config: prediction_length=96, test_length=1440, val_length=1440
TIME run allocation action=new run=/fslarge/scratch/users/h61084/codes/evaluating_tsfms/outputs/context_size/tasks/chronos2/context_length/512/multivariate/Coastal_T_S/15T/medium/run_0 launch_id=selena_context_size_20260920T193931Z_45055 slurm_job_id=3506742 launched_at=2026-09-20T20:00:43.200691+00:00
  Initializing Chronos pipeline (/fslarge/scratch/users/h61084/weights/chronos2)...
  Dataset info:
    - Frequency: 15T
    - Num series: 5
    - Target dim: 3
    - Target mode: multivariate
    - Covariate channels: 0
    - Series length: min=16686, max=23134, avg=20870.2
    - Test split: 1440 steps
    - Prediction length: 96
    - Windows: 15
    Total instances: 75, Series during experiment: 5, Windows: 15
    Collecting ground truth and context...
    Organizing data into arrays...
    Saved predictions (quantiles) to /fslarge/scratch/users/h61084/codes/evaluating_tsfms/outputs/context_size/tasks/chronos2/context_length/512/multivariate/Coastal_T_S/15T/medium/run_0/predictions.npz
    Computing per-window metrics...
    Saved metrics to /fslarge/scratch/users/h61084/codes/evaluating_tsfms/outputs/context_size/tasks/chronos2/context_length/512/multivariate/Coastal_T_S/15T/medium/run_0/metrics.npz
    Saved config to /fslarge/scratch/users/h61084/codes/evaluating_tsfms/outputs/context_size/tasks/chronos2/context_length/512/multivariate/Coastal_T_S/15T/medium/run_0/config.json
    Saved aggregate metrics to /fslarge/scratch/users/h61084/codes/evaluating_tsfms/outputs/context_size/tasks/chronos2/context_length/512/multivariate/Coastal_T_S/15T/medium/run_0/metrics_summary.json
    Metrics summary (averaged over all series/windows/variates):
      MSE: 117.8569
      MAE: 4.6976
      RMSE: 5.0182
      MAPE: 0.1337
      sMAPE: 0.1207
      MASE: 1.2558
      ND: 0.1147
      CRPS: 0.0682
  Completed: 5 series × 15 windows
  Output: /fslarge/scratch/users/h61084/codes/evaluating_tsfms/outputs/context_size/tasks/chronos2/context_length/512/multivariate/Coastal_T_S/15T/medium/run_0

--- Term: long ---
  Config: prediction_length=288, test_length=1440, val_length=1440
TIME run allocation action=new run=/fslarge/scratch/users/h61084/codes/evaluating_tsfms/outputs/context_size/tasks/chronos2/context_length/512/multivariate/Coastal_T_S/15T/long/run_0 launch_id=selena_context_size_20260920T193931Z_45055 slurm_job_id=3506742 launched_at=2026-09-20T20:00:43.635323+00:00
  Initializing Chronos pipeline (/fslarge/scratch/users/h61084/weights/chronos2)...
  Dataset info:
    - Frequency: 15T
    - Num series: 5
    - Target dim: 3
    - Target mode: multivariate
    - Covariate channels: 0
    - Series length: min=16686, max=23134, avg=20870.2
    - Test split: 1440 steps
    - Prediction length: 288
    - Windows: 5
    Total instances: 25, Series during experiment: 5, Windows: 5
    Collecting ground truth and context...
    Organizing data into arrays...
    Saved predictions (quantiles) to /fslarge/scratch/users/h61084/codes/evaluating_tsfms/outputs/context_size/tasks/chronos2/context_length/512/multivariate/Coastal_T_S/15T/long/run_0/predictions.npz
    Computing per-window metrics...
    Saved metrics to /fslarge/scratch/users/h61084/codes/evaluating_tsfms/outputs/context_size/tasks/chronos2/context_length/512/multivariate/Coastal_T_S/15T/long/run_0/metrics.npz
    Saved config to /fslarge/scratch/users/h61084/codes/evaluating_tsfms/outputs/context_size/tasks/chronos2/context_length/512/multivariate/Coastal_T_S/15T/long/run_0/config.json
    Saved aggregate metrics to /fslarge/scratch/users/h61084/codes/evaluating_tsfms/outputs/context_size/tasks/chronos2/context_length/512/multivariate/Coastal_T_S/15T/long/run_0/metrics_summary.json
    Metrics summary (averaged over all series/windows/variates):
      MSE: 119.6906
      MAE: 4.7134
      RMSE: 5.0702
      MAPE: 0.1333
      sMAPE: 0.1214
      MASE: 1.3553
      ND: 0.1154
      CRPS: 0.0692
  Completed: 5 series × 5 windows
  Output: /fslarge/scratch/users/h61084/codes/evaluating_tsfms/outputs/context_size/tasks/chronos2/context_length/512/multivariate/Coastal_T_S/15T/long/run_0

============================================================
All experiments completed!
Results saved to: /scratch/users/h61084/codes/evaluating_tsfms/outputs/context_size/tasks
============================================================

############################################################
# All 1 dataset(s) completed!
############################################################

############################################################
# Dataset 1/1: Coastal_T_S/20T
############################################################
[2026-09-20 20:00:52 UTC] resources model_device {"device": "cuda", "model": "chronos2"}
Loading configuration...

============================================================
Dataset: Coastal_T_S/20T
Model: amazon/chronos-2
Checkpoint: /fslarge/scratch/users/h61084/weights/chronos2
Terms: ['short', 'medium', 'long']
Covariate mode: none
Instance normalization: none
============================================================

--- Term: short ---
  Config: prediction_length=9, test_length=1080, val_length=1080
TIME run allocation action=new run=/fslarge/scratch/users/h61084/codes/evaluating_tsfms/outputs/context_size/tasks/chronos2/context_length/512/multivariate/Coastal_T_S/20T/short/run_0 launch_id=selena_context_size_20260920T193931Z_45055 slurm_job_id=3506742 launched_at=2026-09-20T20:00:52.453831+00:00
  Initializing Chronos pipeline (/fslarge/scratch/users/h61084/weights/chronos2)...
  Dataset info:
    - Frequency: 20T
    - Num series: 1
    - Target dim: 3
    - Target mode: multivariate
    - Covariate channels: 0
    - Series length: min=8198, max=8198, avg=8198.0
    - Test split: 1080 steps
    - Prediction length: 9
    - Windows: 120
    Total instances: 120, Series during experiment: 1, Windows: 120
    Collecting ground truth and context...
    Organizing data into arrays...
    Saved predictions (quantiles) to /fslarge/scratch/users/h61084/codes/evaluating_tsfms/outputs/context_size/tasks/chronos2/context_length/512/multivariate/Coastal_T_S/20T/short/run_0/predictions.npz
    Computing per-window metrics...
    Saved metrics to /fslarge/scratch/users/h61084/codes/evaluating_tsfms/outputs/context_size/tasks/chronos2/context_length/512/multivariate/Coastal_T_S/20T/short/run_0/metrics.npz
    Saved config to /fslarge/scratch/users/h61084/codes/evaluating_tsfms/outputs/context_size/tasks/chronos2/context_length/512/multivariate/Coastal_T_S/20T/short/run_0/config.json
    Saved aggregate metrics to /fslarge/scratch/users/h61084/codes/evaluating_tsfms/outputs/context_size/tasks/chronos2/context_length/512/multivariate/Coastal_T_S/20T/short/run_0/metrics_summary.json
    Metrics summary (averaged over all series/windows/variates):
      MSE: 0.0070
      MAE: 0.0582
      RMSE: 0.0666
      MAPE: 0.0024
      sMAPE: 0.0024
      MASE: 0.4523
      ND: 0.0024
      CRPS: 0.0019
  Completed: 1 series × 120 windows
  Output: /fslarge/scratch/users/h61084/codes/evaluating_tsfms/outputs/context_size/tasks/chronos2/context_length/512/multivariate/Coastal_T_S/20T/short/run_0

--- Term: medium ---
  Config: prediction_length=72, test_length=1080, val_length=1080
TIME run allocation action=new run=/fslarge/scratch/users/h61084/codes/evaluating_tsfms/outputs/context_size/tasks/chronos2/context_length/512/multivariate/Coastal_T_S/20T/medium/run_0 launch_id=selena_context_size_20260920T193931Z_45055 slurm_job_id=3506742 launched_at=2026-09-20T20:00:53.390896+00:00
  Initializing Chronos pipeline (/fslarge/scratch/users/h61084/weights/chronos2)...
  Dataset info:
    - Frequency: 20T
    - Num series: 1
    - Target dim: 3
    - Target mode: multivariate
    - Covariate channels: 0
    - Series length: min=8198, max=8198, avg=8198.0
    - Test split: 1080 steps
    - Prediction length: 72
    - Windows: 15
    Total instances: 15, Series during experiment: 1, Windows: 15
    Collecting ground truth and context...
    Organizing data into arrays...
    Saved predictions (quantiles) to /fslarge/scratch/users/h61084/codes/evaluating_tsfms/outputs/context_size/tasks/chronos2/context_length/512/multivariate/Coastal_T_S/20T/medium/run_0/predictions.npz
    Computing per-window metrics...
    Saved metrics to /fslarge/scratch/users/h61084/codes/evaluating_tsfms/outputs/context_size/tasks/chronos2/context_length/512/multivariate/Coastal_T_S/20T/medium/run_0/metrics.npz
    Saved config to /fslarge/scratch/users/h61084/codes/evaluating_tsfms/outputs/context_size/tasks/chronos2/context_length/512/multivariate/Coastal_T_S/20T/medium/run_0/config.json
    Saved aggregate metrics to /fslarge/scratch/users/h61084/codes/evaluating_tsfms/outputs/context_size/tasks/chronos2/context_length/512/multivariate/Coastal_T_S/20T/medium/run_0/metrics_summary.json
    Metrics summary (averaged over all series/windows/variates):
      MSE: 0.0360
      MAE: 0.1330
      RMSE: 0.1618
      MAPE: 0.0055
      sMAPE: 0.0055
      MASE: 1.0347
      ND: 0.0055
      CRPS: 0.0043
  Completed: 1 series × 15 windows
  Output: /fslarge/scratch/users/h61084/codes/evaluating_tsfms/outputs/context_size/tasks/chronos2/context_length/512/multivariate/Coastal_T_S/20T/medium/run_0

--- Term: long ---
  Config: prediction_length=216, test_length=1080, val_length=1080
TIME run allocation action=new run=/fslarge/scratch/users/h61084/codes/evaluating_tsfms/outputs/context_size/tasks/chronos2/context_length/512/multivariate/Coastal_T_S/20T/long/run_0 launch_id=selena_context_size_20260920T193931Z_45055 slurm_job_id=3506742 launched_at=2026-09-20T20:00:53.668301+00:00
  Initializing Chronos pipeline (/fslarge/scratch/users/h61084/weights/chronos2)...
  Dataset info:
    - Frequency: 20T
    - Num series: 1
    - Target dim: 3
    - Target mode: multivariate
    - Covariate channels: 0
    - Series length: min=8198, max=8198, avg=8198.0
    - Test split: 1080 steps
    - Prediction length: 216
    - Windows: 5
    Total instances: 5, Series during experiment: 1, Windows: 5
    Collecting ground truth and context...
    Organizing data into arrays...
    Saved predictions (quantiles) to /fslarge/scratch/users/h61084/codes/evaluating_tsfms/outputs/context_size/tasks/chronos2/context_length/512/multivariate/Coastal_T_S/20T/long/run_0/predictions.npz
    Computing per-window metrics...
    Saved metrics to /fslarge/scratch/users/h61084/codes/evaluating_tsfms/outputs/context_size/tasks/chronos2/context_length/512/multivariate/Coastal_T_S/20T/long/run_0/metrics.npz
    Saved config to /fslarge/scratch/users/h61084/codes/evaluating_tsfms/outputs/context_size/tasks/chronos2/context_length/512/multivariate/Coastal_T_S/20T/long/run_0/config.json
    Saved aggregate metrics to /fslarge/scratch/users/h61084/codes/evaluating_tsfms/outputs/context_size/tasks/chronos2/context_length/512/multivariate/Coastal_T_S/20T/long/run_0/metrics_summary.json
    Metrics summary (averaged over all series/windows/variates):
      MSE: 0.1206
      MAE: 0.2327
      RMSE: 0.2919
      MAPE: 0.0093
      sMAPE: 0.0093
      MASE: 1.8295
      ND: 0.0093
      CRPS: 0.0073
  Completed: 1 series × 5 windows
  Output: /fslarge/scratch/users/h61084/codes/evaluating_tsfms/outputs/context_size/tasks/chronos2/context_length/512/multivariate/Coastal_T_S/20T/long/run_0

============================================================
All experiments completed!
Results saved to: /scratch/users/h61084/codes/evaluating_tsfms/outputs/context_size/tasks
============================================================

############################################################
# All 1 dataset(s) completed!
############################################################

############################################################
# Dataset 1/1: Coastal_T_S/H
############################################################
[2026-09-20 20:01:02 UTC] resources model_device {"device": "cuda", "model": "chronos2"}
Loading configuration...

============================================================
Dataset: Coastal_T_S/H
Model: amazon/chronos-2
Checkpoint: /fslarge/scratch/users/h61084/weights/chronos2
Terms: ['short', 'medium', 'long']
Covariate mode: none
Instance normalization: none
============================================================

--- Term: short ---
  Config: prediction_length=24, test_length=672, val_length=672
TIME run allocation action=new run=/fslarge/scratch/users/h61084/codes/evaluating_tsfms/outputs/context_size/tasks/chronos2/context_length/512/multivariate/Coastal_T_S/H/short/run_0 launch_id=selena_context_size_20260920T193931Z_45055 slurm_job_id=3506742 launched_at=2026-09-20T20:01:02.469787+00:00
  Initializing Chronos pipeline (/fslarge/scratch/users/h61084/weights/chronos2)...
  Dataset info:
    - Frequency: H
    - Num series: 24
    - Target dim: 3
    - Target mode: multivariate
    - Covariate channels: 0
    - Series length: min=2733, max=8784, avg=5488.8
    - Test split: 672 steps
    - Prediction length: 24
    - Windows: 28
    Processed 160/672...
    Processed 320/672...
    Processed 480/672...
    Processed 640/672...
    Total instances: 672, Series during experiment: 24, Windows: 28
    Collecting ground truth and context...
    Organizing data into arrays...
    Saved predictions (quantiles) to /fslarge/scratch/users/h61084/codes/evaluating_tsfms/outputs/context_size/tasks/chronos2/context_length/512/multivariate/Coastal_T_S/H/short/run_0/predictions.npz
    Computing per-window metrics...
    Saved metrics to /fslarge/scratch/users/h61084/codes/evaluating_tsfms/outputs/context_size/tasks/chronos2/context_length/512/multivariate/Coastal_T_S/H/short/run_0/metrics.npz
    Saved config to /fslarge/scratch/users/h61084/codes/evaluating_tsfms/outputs/context_size/tasks/chronos2/context_length/512/multivariate/Coastal_T_S/H/short/run_0/config.json
    Saved aggregate metrics to /fslarge/scratch/users/h61084/codes/evaluating_tsfms/outputs/context_size/tasks/chronos2/context_length/512/multivariate/Coastal_T_S/H/short/run_0/metrics_summary.json
    Metrics summary (averaged over all series/windows/variates):
      MSE: 15.6747
      MAE: 1.0897
      RMSE: 1.3397
      MAPE: 0.0292
      sMAPE: 0.0277
      MASE: 0.9104
      ND: 0.0272
      CRPS: 0.0215
  Completed: 24 series × 28 windows
  Output: /fslarge/scratch/users/h61084/codes/evaluating_tsfms/outputs/context_size/tasks/chronos2/context_length/512/multivariate/Coastal_T_S/H/short/run_0

--- Term: medium ---
  Config: prediction_length=168, test_length=672, val_length=672
TIME run allocation action=new run=/fslarge/scratch/users/h61084/codes/evaluating_tsfms/outputs/context_size/tasks/chronos2/context_length/512/multivariate/Coastal_T_S/H/medium/run_0 launch_id=selena_context_size_20260920T193931Z_45055 slurm_job_id=3506742 launched_at=2026-09-20T20:01:04.362650+00:00
  Initializing Chronos pipeline (/fslarge/scratch/users/h61084/weights/chronos2)...
  Dataset info:
    - Frequency: H
    - Num series: 24
    - Target dim: 3
    - Target mode: multivariate
    - Covariate channels: 0
    - Series length: min=2733, max=8784, avg=5488.8
    - Test split: 672 steps
    - Prediction length: 168
    - Windows: 4
    Total instances: 96, Series during experiment: 24, Windows: 4
    Collecting ground truth and context...
    Organizing data into arrays...
    Saved predictions (quantiles) to /fslarge/scratch/users/h61084/codes/evaluating_tsfms/outputs/context_size/tasks/chronos2/context_length/512/multivariate/Coastal_T_S/H/medium/run_0/predictions.npz
    Computing per-window metrics...
    Saved metrics to /fslarge/scratch/users/h61084/codes/evaluating_tsfms/outputs/context_size/tasks/chronos2/context_length/512/multivariate/Coastal_T_S/H/medium/run_0/metrics.npz
    Saved config to /fslarge/scratch/users/h61084/codes/evaluating_tsfms/outputs/context_size/tasks/chronos2/context_length/512/multivariate/Coastal_T_S/H/medium/run_0/config.json
    Saved aggregate metrics to /fslarge/scratch/users/h61084/codes/evaluating_tsfms/outputs/context_size/tasks/chronos2/context_length/512/multivariate/Coastal_T_S/H/medium/run_0/metrics_summary.json
    Metrics summary (averaged over all series/windows/variates):
      MSE: 33.6580
      MAE: 1.5935
      RMSE: 1.9457
      MAPE: 0.0461
      sMAPE: 0.0420
      MASE: 1.8107
      ND: 0.0438
      CRPS: 0.0350
  Completed: 24 series × 4 windows
  Output: /fslarge/scratch/users/h61084/codes/evaluating_tsfms/outputs/context_size/tasks/chronos2/context_length/512/multivariate/Coastal_T_S/H/medium/run_0

--- Term: long ---
  Config: prediction_length=336, test_length=672, val_length=672
TIME run allocation action=new run=/fslarge/scratch/users/h61084/codes/evaluating_tsfms/outputs/context_size/tasks/chronos2/context_length/512/multivariate/Coastal_T_S/H/long/run_0 launch_id=selena_context_size_20260920T193931Z_45055 slurm_job_id=3506742 launched_at=2026-09-20T20:01:04.847232+00:00
  Initializing Chronos pipeline (/fslarge/scratch/users/h61084/weights/chronos2)...
  Dataset info:
    - Frequency: H
    - Num series: 24
    - Target dim: 3
    - Target mode: multivariate
    - Covariate channels: 0
    - Series length: min=2733, max=8784, avg=5488.8
    - Test split: 672 steps
    - Prediction length: 336
    - Windows: 2
    Total instances: 48, Series during experiment: 24, Windows: 2
    Collecting ground truth and context...
    Organizing data into arrays...
    Saved predictions (quantiles) to /fslarge/scratch/users/h61084/codes/evaluating_tsfms/outputs/context_size/tasks/chronos2/context_length/512/multivariate/Coastal_T_S/H/long/run_0/predictions.npz
    Computing per-window metrics...
    Saved metrics to /fslarge/scratch/users/h61084/codes/evaluating_tsfms/outputs/context_size/tasks/chronos2/context_length/512/multivariate/Coastal_T_S/H/long/run_0/metrics.npz
    Saved config to /fslarge/scratch/users/h61084/codes/evaluating_tsfms/outputs/context_size/tasks/chronos2/context_length/512/multivariate/Coastal_T_S/H/long/run_0/config.json
    Saved aggregate metrics to /fslarge/scratch/users/h61084/codes/evaluating_tsfms/outputs/context_size/tasks/chronos2/context_length/512/multivariate/Coastal_T_S/H/long/run_0/metrics_summary.json
    Metrics summary (averaged over all series/windows/variates):
      MSE: 57.4211
      MAE: 2.0598
      RMSE: 2.4914
      MAPE: 0.0577
      sMAPE: 0.0524
      MASE: 2.5409
      ND: 0.0517
      CRPS: 0.0413
  Completed: 24 series × 2 windows
  Output: /fslarge/scratch/users/h61084/codes/evaluating_tsfms/outputs/context_size/tasks/chronos2/context_length/512/multivariate/Coastal_T_S/H/long/run_0

============================================================
All experiments completed!
Results saved to: /scratch/users/h61084/codes/evaluating_tsfms/outputs/context_size/tasks
============================================================

############################################################
# All 1 dataset(s) completed!
############################################################

############################################################
# Dataset 1/1: SG_Weather/D
############################################################
[2026-09-20 20:01:13 UTC] resources model_device {"device": "cuda", "model": "chronos2"}
Loading configuration...

============================================================
Dataset: SG_Weather/D
Model: amazon/chronos-2
Checkpoint: /fslarge/scratch/users/h61084/weights/chronos2
Terms: ['short', 'medium', 'long']
Covariate mode: none
Instance normalization: none
============================================================

--- Term: short ---
  Config: prediction_length=3, test_length=366, val_length=366
TIME run allocation action=new run=/fslarge/scratch/users/h61084/codes/evaluating_tsfms/outputs/context_size/tasks/chronos2/context_length/512/multivariate/SG_Weather/D/short/run_0 launch_id=selena_context_size_20260920T193931Z_45055 slurm_job_id=3506742 launched_at=2026-09-20T20:01:13.777268+00:00
  Initializing Chronos pipeline (/fslarge/scratch/users/h61084/weights/chronos2)...
  Dataset info:
    - Frequency: D
    - Num series: 6
    - Target dim: 4
    - Target mode: multivariate
    - Covariate channels: 0
    - Series length: min=2953, max=2953, avg=2953.0
    - Test split: 366 steps
    - Prediction length: 3
    - Windows: 122
    Processed 160/732...
    Processed 320/732...
    Processed 480/732...
    Processed 640/732...
    Total instances: 732, Series during experiment: 6, Windows: 122
    Collecting ground truth and context...
    Organizing data into arrays...
    Saved predictions (quantiles) to /fslarge/scratch/users/h61084/codes/evaluating_tsfms/outputs/context_size/tasks/chronos2/context_length/512/multivariate/SG_Weather/D/short/run_0/predictions.npz
    Computing per-window metrics...
    Saved metrics to /fslarge/scratch/users/h61084/codes/evaluating_tsfms/outputs/context_size/tasks/chronos2/context_length/512/multivariate/SG_Weather/D/short/run_0/metrics.npz
    Saved config to /fslarge/scratch/users/h61084/codes/evaluating_tsfms/outputs/context_size/tasks/chronos2/context_length/512/multivariate/SG_Weather/D/short/run_0/config.json
    Saved aggregate metrics to /fslarge/scratch/users/h61084/codes/evaluating_tsfms/outputs/context_size/tasks/chronos2/context_length/512/multivariate/SG_Weather/D/short/run_0/metrics_summary.json
    Metrics summary (averaged over all series/windows/variates):
      MSE: 2317.9946
      MAE: 17.4821
      RMSE: 20.3988
      MAPE: 0.3666
      sMAPE: 0.2242
      MASE: 0.8700
      ND: 0.2384
      CRPS: 0.1936
  Completed: 6 series × 122 windows
  Output: /fslarge/scratch/users/h61084/codes/evaluating_tsfms/outputs/context_size/tasks/chronos2/context_length/512/multivariate/SG_Weather/D/short/run_0

--- Term: medium ---
  Config: prediction_length=7, test_length=366, val_length=366
TIME run allocation action=new run=/fslarge/scratch/users/h61084/codes/evaluating_tsfms/outputs/context_size/tasks/chronos2/context_length/512/multivariate/SG_Weather/D/medium/run_0 launch_id=selena_context_size_20260920T193931Z_45055 slurm_job_id=3506742 launched_at=2026-09-20T20:01:15.880400+00:00
  Initializing Chronos pipeline (/fslarge/scratch/users/h61084/weights/chronos2)...
  Dataset info:
    - Frequency: D
    - Num series: 6
    - Target dim: 4
    - Target mode: multivariate
    - Covariate channels: 0
    - Series length: min=2953, max=2953, avg=2953.0
    - Test split: 366 steps
    - Prediction length: 7
    - Windows: 52
    Processed 160/312...
    Processed 312/312...
    Total instances: 312, Series during experiment: 6, Windows: 52
    Collecting ground truth and context...
    Organizing data into arrays...
    Saved predictions (quantiles) to /fslarge/scratch/users/h61084/codes/evaluating_tsfms/outputs/context_size/tasks/chronos2/context_length/512/multivariate/SG_Weather/D/medium/run_0/predictions.npz
    Computing per-window metrics...
    Saved metrics to /fslarge/scratch/users/h61084/codes/evaluating_tsfms/outputs/context_size/tasks/chronos2/context_length/512/multivariate/SG_Weather/D/medium/run_0/metrics.npz
    Saved config to /fslarge/scratch/users/h61084/codes/evaluating_tsfms/outputs/context_size/tasks/chronos2/context_length/512/multivariate/SG_Weather/D/medium/run_0/config.json
    Saved aggregate metrics to /fslarge/scratch/users/h61084/codes/evaluating_tsfms/outputs/context_size/tasks/chronos2/context_length/512/multivariate/SG_Weather/D/medium/run_0/metrics_summary.json
    Metrics summary (averaged over all series/windows/variates):
      MSE: 2364.8172
      MAE: 17.9473
      RMSE: 22.4851
      MAPE: 0.3753
      sMAPE: 0.2307
      MASE: 0.9188
      ND: 0.2272
      CRPS: 0.1802
  Completed: 6 series × 52 windows
  Output: /fslarge/scratch/users/h61084/codes/evaluating_tsfms/outputs/context_size/tasks/chronos2/context_length/512/multivariate/SG_Weather/D/medium/run_0

--- Term: long ---
  Config: prediction_length=14, test_length=366, val_length=366
TIME run allocation action=new run=/fslarge/scratch/users/h61084/codes/evaluating_tsfms/outputs/context_size/tasks/chronos2/context_length/512/multivariate/SG_Weather/D/long/run_0 launch_id=selena_context_size_20260920T193931Z_45055 slurm_job_id=3506742 launched_at=2026-09-20T20:01:16.716946+00:00
  Initializing Chronos pipeline (/fslarge/scratch/users/h61084/weights/chronos2)...
  Dataset info:
    - Frequency: D
    - Num series: 6
    - Target dim: 4
    - Target mode: multivariate
    - Covariate channels: 0
    - Series length: min=2953, max=2953, avg=2953.0
    - Test split: 366 steps
    - Prediction length: 14
    - Windows: 26
    Processed 156/156...
    Total instances: 156, Series during experiment: 6, Windows: 26
    Collecting ground truth and context...
    Organizing data into arrays...
    Saved predictions (quantiles) to /fslarge/scratch/users/h61084/codes/evaluating_tsfms/outputs/context_size/tasks/chronos2/context_length/512/multivariate/SG_Weather/D/long/run_0/predictions.npz
    Computing per-window metrics...
    Saved metrics to /fslarge/scratch/users/h61084/codes/evaluating_tsfms/outputs/context_size/tasks/chronos2/context_length/512/multivariate/SG_Weather/D/long/run_0/metrics.npz
    Saved config to /fslarge/scratch/users/h61084/codes/evaluating_tsfms/outputs/context_size/tasks/chronos2/context_length/512/multivariate/SG_Weather/D/long/run_0/config.json
    Saved aggregate metrics to /fslarge/scratch/users/h61084/codes/evaluating_tsfms/outputs/context_size/tasks/chronos2/context_length/512/multivariate/SG_Weather/D/long/run_0/metrics_summary.json
    Metrics summary (averaged over all series/windows/variates):
      MSE: 2320.6195
      MAE: 17.8770
      RMSE: 23.2000
      MAPE: 0.3754
      sMAPE: 0.2320
      MASE: 0.9363
      ND: 0.2232
      CRPS: 0.1762
  Completed: 6 series × 26 windows
  Output: /fslarge/scratch/users/h61084/codes/evaluating_tsfms/outputs/context_size/tasks/chronos2/context_length/512/multivariate/SG_Weather/D/long/run_0

============================================================
All experiments completed!
Results saved to: /scratch/users/h61084/codes/evaluating_tsfms/outputs/context_size/tasks
============================================================

############################################################
# All 1 dataset(s) completed!
############################################################

############################################################
# Dataset 1/1: SG_PM25/H
############################################################
[2026-09-20 20:01:25 UTC] resources model_device {"device": "cuda", "model": "chronos2"}
Loading configuration...

============================================================
Dataset: SG_PM25/H
Model: amazon/chronos-2
Checkpoint: /fslarge/scratch/users/h61084/weights/chronos2
Terms: ['short', 'medium', 'long']
Covariate mode: none
Instance normalization: none
============================================================

--- Term: short ---
  Config: prediction_length=24, test_length=2208, val_length=2160
TIME run allocation action=new run=/fslarge/scratch/users/h61084/codes/evaluating_tsfms/outputs/context_size/tasks/chronos2/context_length/512/multivariate/SG_PM25/H/short/run_0 launch_id=selena_context_size_20260920T193931Z_45055 slurm_job_id=3506742 launched_at=2026-09-20T20:01:25.743688+00:00
  Initializing Chronos pipeline (/fslarge/scratch/users/h61084/weights/chronos2)...
  Dataset info:
    - Frequency: H
    - Num series: 1
    - Target dim: 5
    - Target mode: multivariate
    - Covariate channels: 0
    - Series length: min=38688, max=38688, avg=38688.0
    - Test split: 2208 steps
    - Prediction length: 24
    - Windows: 92
    Total instances: 92, Series during experiment: 1, Windows: 92
    Collecting ground truth and context...
    Organizing data into arrays...
    Saved predictions (quantiles) to /fslarge/scratch/users/h61084/codes/evaluating_tsfms/outputs/context_size/tasks/chronos2/context_length/512/multivariate/SG_PM25/H/short/run_0/predictions.npz
    Computing per-window metrics...
    Saved metrics to /fslarge/scratch/users/h61084/codes/evaluating_tsfms/outputs/context_size/tasks/chronos2/context_length/512/multivariate/SG_PM25/H/short/run_0/metrics.npz
    Saved config to /fslarge/scratch/users/h61084/codes/evaluating_tsfms/outputs/context_size/tasks/chronos2/context_length/512/multivariate/SG_PM25/H/short/run_0/config.json
    Saved aggregate metrics to /fslarge/scratch/users/h61084/codes/evaluating_tsfms/outputs/context_size/tasks/chronos2/context_length/512/multivariate/SG_PM25/H/short/run_0/metrics_summary.json
    Metrics summary (averaged over all series/windows/variates):
      MSE: 40.4907
      MAE: 4.6736
      RMSE: 5.7415
      MAPE: 0.5247
      sMAPE: 0.3986
      MASE: 0.8891
      ND: 0.4028
      CRPS: 0.3121
  Completed: 1 series × 92 windows
  Output: /fslarge/scratch/users/h61084/codes/evaluating_tsfms/outputs/context_size/tasks/chronos2/context_length/512/multivariate/SG_PM25/H/short/run_0

--- Term: medium ---
  Config: prediction_length=72, test_length=2208, val_length=2160
TIME run allocation action=new run=/fslarge/scratch/users/h61084/codes/evaluating_tsfms/outputs/context_size/tasks/chronos2/context_length/512/multivariate/SG_PM25/H/medium/run_0 launch_id=selena_context_size_20260920T193931Z_45055 slurm_job_id=3506742 launched_at=2026-09-20T20:01:26.772474+00:00
  Initializing Chronos pipeline (/fslarge/scratch/users/h61084/weights/chronos2)...
  Dataset info:
    - Frequency: H
    - Num series: 1
    - Target dim: 5
    - Target mode: multivariate
    - Covariate channels: 0
    - Series length: min=38688, max=38688, avg=38688.0
    - Test split: 2208 steps
    - Prediction length: 72
    - Windows: 30
    Total instances: 30, Series during experiment: 1, Windows: 30
    Collecting ground truth and context...
    Organizing data into arrays...
    Saved predictions (quantiles) to /fslarge/scratch/users/h61084/codes/evaluating_tsfms/outputs/context_size/tasks/chronos2/context_length/512/multivariate/SG_PM25/H/medium/run_0/predictions.npz
    Computing per-window metrics...
    Saved metrics to /fslarge/scratch/users/h61084/codes/evaluating_tsfms/outputs/context_size/tasks/chronos2/context_length/512/multivariate/SG_PM25/H/medium/run_0/metrics.npz
    Saved config to /fslarge/scratch/users/h61084/codes/evaluating_tsfms/outputs/context_size/tasks/chronos2/context_length/512/multivariate/SG_PM25/H/medium/run_0/config.json
    Saved aggregate metrics to /fslarge/scratch/users/h61084/codes/evaluating_tsfms/outputs/context_size/tasks/chronos2/context_length/512/multivariate/SG_PM25/H/medium/run_0/metrics_summary.json
    Metrics summary (averaged over all series/windows/variates):
      MSE: 47.8236
      MAE: 5.0361
      RMSE: 6.3537
      MAPE: 0.5588
      sMAPE: 0.4256
      MASE: 0.9572
      ND: 0.4161
      CRPS: 0.3259
  Completed: 1 series × 30 windows
  Output: /fslarge/scratch/users/h61084/codes/evaluating_tsfms/outputs/context_size/tasks/chronos2/context_length/512/multivariate/SG_PM25/H/medium/run_0

--- Term: long ---
  Config: prediction_length=168, test_length=2208, val_length=2160
TIME run allocation action=new run=/fslarge/scratch/users/h61084/codes/evaluating_tsfms/outputs/context_size/tasks/chronos2/context_length/512/multivariate/SG_PM25/H/long/run_0 launch_id=selena_context_size_20260920T193931Z_45055 slurm_job_id=3506742 launched_at=2026-09-20T20:01:27.153737+00:00
  Initializing Chronos pipeline (/fslarge/scratch/users/h61084/weights/chronos2)...
  Dataset info:
    - Frequency: H
    - Num series: 1
    - Target dim: 5
    - Target mode: multivariate
    - Covariate channels: 0
    - Series length: min=38688, max=38688, avg=38688.0
    - Test split: 2208 steps
    - Prediction length: 168
    - Windows: 13
    Total instances: 13, Series during experiment: 1, Windows: 13
    Collecting ground truth and context...
    Organizing data into arrays...
    Saved predictions (quantiles) to /fslarge/scratch/users/h61084/codes/evaluating_tsfms/outputs/context_size/tasks/chronos2/context_length/512/multivariate/SG_PM25/H/long/run_0/predictions.npz
    Computing per-window metrics...
    Saved metrics to /fslarge/scratch/users/h61084/codes/evaluating_tsfms/outputs/context_size/tasks/chronos2/context_length/512/multivariate/SG_PM25/H/long/run_0/metrics.npz
    Saved config to /fslarge/scratch/users/h61084/codes/evaluating_tsfms/outputs/context_size/tasks/chronos2/context_length/512/multivariate/SG_PM25/H/long/run_0/config.json
    Saved aggregate metrics to /fslarge/scratch/users/h61084/codes/evaluating_tsfms/outputs/context_size/tasks/chronos2/context_length/512/multivariate/SG_PM25/H/long/run_0/metrics_summary.json
    Metrics summary (averaged over all series/windows/variates):
      MSE: 49.7143
      MAE: 5.2115
      RMSE: 6.7253
      MAPE: 0.5924
      sMAPE: 0.4366
      MASE: 0.9915
      ND: 0.4299
      CRPS: 0.3362
  Completed: 1 series × 13 windows
  Output: /fslarge/scratch/users/h61084/codes/evaluating_tsfms/outputs/context_size/tasks/chronos2/context_length/512/multivariate/SG_PM25/H/long/run_0

============================================================
All experiments completed!
Results saved to: /scratch/users/h61084/codes/evaluating_tsfms/outputs/context_size/tasks
============================================================

############################################################
# All 1 dataset(s) completed!
############################################################

############################################################
# Dataset 1/1: NE_China_Wind/H
############################################################
[2026-09-20 20:01:35 UTC] resources model_device {"device": "cuda", "model": "chronos2"}
Loading configuration...

============================================================
Dataset: NE_China_Wind/H
Model: amazon/chronos-2
Checkpoint: /fslarge/scratch/users/h61084/weights/chronos2
Terms: ['short', 'medium', 'long']
Covariate mode: none
Instance normalization: none
============================================================

--- Term: short ---
  Config: prediction_length=24, test_length=720, val_length=720
TIME run allocation action=new run=/fslarge/scratch/users/h61084/codes/evaluating_tsfms/outputs/context_size/tasks/chronos2/context_length/512/multivariate/NE_China_Wind/H/short/run_0 launch_id=selena_context_size_20260920T193931Z_45055 slurm_job_id=3506742 launched_at=2026-09-20T20:01:35.982779+00:00
  Initializing Chronos pipeline (/fslarge/scratch/users/h61084/weights/chronos2)...
  Dataset info:
    - Frequency: H
    - Num series: 1
    - Target dim: 4
    - Target mode: multivariate
    - Covariate channels: 0
    - Series length: min=8764, max=8764, avg=8764.0
    - Test split: 720 steps
    - Prediction length: 24
    - Windows: 30
    Total instances: 30, Series during experiment: 1, Windows: 30
    Collecting ground truth and context...
    Organizing data into arrays...
    Saved predictions (quantiles) to /fslarge/scratch/users/h61084/codes/evaluating_tsfms/outputs/context_size/tasks/chronos2/context_length/512/multivariate/NE_China_Wind/H/short/run_0/predictions.npz
    Computing per-window metrics...
    Saved metrics to /fslarge/scratch/users/h61084/codes/evaluating_tsfms/outputs/context_size/tasks/chronos2/context_length/512/multivariate/NE_China_Wind/H/short/run_0/metrics.npz
    Saved config to /fslarge/scratch/users/h61084/codes/evaluating_tsfms/outputs/context_size/tasks/chronos2/context_length/512/multivariate/NE_China_Wind/H/short/run_0/config.json
    Saved aggregate metrics to /fslarge/scratch/users/h61084/codes/evaluating_tsfms/outputs/context_size/tasks/chronos2/context_length/512/multivariate/NE_China_Wind/H/short/run_0/metrics_summary.json
    Metrics summary (averaged over all series/windows/variates):
      MSE: 0.0973
      MAE: 0.2093
      RMSE: 0.2470
      MAPE: 0.8354
      sMAPE: 0.4770
      MASE: 0.4833
      ND: 0.4368
      CRPS: 0.3366
  Completed: 1 series × 30 windows
  Output: /fslarge/scratch/users/h61084/codes/evaluating_tsfms/outputs/context_size/tasks/chronos2/context_length/512/multivariate/NE_China_Wind/H/short/run_0

--- Term: medium ---
  Config: prediction_length=72, test_length=720, val_length=720
TIME run allocation action=new run=/fslarge/scratch/users/h61084/codes/evaluating_tsfms/outputs/context_size/tasks/chronos2/context_length/512/multivariate/NE_China_Wind/H/medium/run_0 launch_id=selena_context_size_20260920T193931Z_45055 slurm_job_id=3506742 launched_at=2026-09-20T20:01:36.778973+00:00
  Initializing Chronos pipeline (/fslarge/scratch/users/h61084/weights/chronos2)...
  Dataset info:
    - Frequency: H
    - Num series: 1
    - Target dim: 4
    - Target mode: multivariate
    - Covariate channels: 0
    - Series length: min=8764, max=8764, avg=8764.0
    - Test split: 720 steps
    - Prediction length: 72
    - Windows: 10
    Total instances: 10, Series during experiment: 1, Windows: 10
    Collecting ground truth and context...
    Organizing data into arrays...
    Saved predictions (quantiles) to /fslarge/scratch/users/h61084/codes/evaluating_tsfms/outputs/context_size/tasks/chronos2/context_length/512/multivariate/NE_China_Wind/H/medium/run_0/predictions.npz
    Computing per-window metrics...
    Saved metrics to /fslarge/scratch/users/h61084/codes/evaluating_tsfms/outputs/context_size/tasks/chronos2/context_length/512/multivariate/NE_China_Wind/H/medium/run_0/metrics.npz
    Saved config to /fslarge/scratch/users/h61084/codes/evaluating_tsfms/outputs/context_size/tasks/chronos2/context_length/512/multivariate/NE_China_Wind/H/medium/run_0/config.json
    Saved aggregate metrics to /fslarge/scratch/users/h61084/codes/evaluating_tsfms/outputs/context_size/tasks/chronos2/context_length/512/multivariate/NE_China_Wind/H/medium/run_0/metrics_summary.json
    Metrics summary (averaged over all series/windows/variates):
      MSE: 0.2244
      MAE: 0.3429
      RMSE: 0.4045
      MAPE: 0.9568
      sMAPE: 0.6566
      MASE: 0.8585
      ND: 0.5414
      CRPS: 0.4313
  Completed: 1 series × 10 windows
  Output: /fslarge/scratch/users/h61084/codes/evaluating_tsfms/outputs/context_size/tasks/chronos2/context_length/512/multivariate/NE_China_Wind/H/medium/run_0

--- Term: long ---
  Config: prediction_length=168, test_length=720, val_length=720
TIME run allocation action=new run=/fslarge/scratch/users/h61084/codes/evaluating_tsfms/outputs/context_size/tasks/chronos2/context_length/512/multivariate/NE_China_Wind/H/long/run_0 launch_id=selena_context_size_20260920T193931Z_45055 slurm_job_id=3506742 launched_at=2026-09-20T20:01:37.054812+00:00
  Initializing Chronos pipeline (/fslarge/scratch/users/h61084/weights/chronos2)...
  Dataset info:
    - Frequency: H
    - Num series: 1
    - Target dim: 4
    - Target mode: multivariate
    - Covariate channels: 0
    - Series length: min=8764, max=8764, avg=8764.0
    - Test split: 720 steps
    - Prediction length: 168
    - Windows: 4
    Total instances: 4, Series during experiment: 1, Windows: 4
    Collecting ground truth and context...
    Organizing data into arrays...
    Saved predictions (quantiles) to /fslarge/scratch/users/h61084/codes/evaluating_tsfms/outputs/context_size/tasks/chronos2/context_length/512/multivariate/NE_China_Wind/H/long/run_0/predictions.npz
    Computing per-window metrics...
    Saved metrics to /fslarge/scratch/users/h61084/codes/evaluating_tsfms/outputs/context_size/tasks/chronos2/context_length/512/multivariate/NE_China_Wind/H/long/run_0/metrics.npz
    Saved config to /fslarge/scratch/users/h61084/codes/evaluating_tsfms/outputs/context_size/tasks/chronos2/context_length/512/multivariate/NE_China_Wind/H/long/run_0/config.json
    Saved aggregate metrics to /fslarge/scratch/users/h61084/codes/evaluating_tsfms/outputs/context_size/tasks/chronos2/context_length/512/multivariate/NE_China_Wind/H/long/run_0/metrics_summary.json
    Metrics summary (averaged over all series/windows/variates):
      MSE: 0.3398
      MAE: 0.4499
      RMSE: 0.5458
      MAPE: 1.4353
      sMAPE: 0.7626
      MASE: 1.2575
      ND: 0.6142
      CRPS: 0.4853
  Completed: 1 series × 4 windows
  Output: /fslarge/scratch/users/h61084/codes/evaluating_tsfms/outputs/context_size/tasks/chronos2/context_length/512/multivariate/NE_China_Wind/H/long/run_0

============================================================
All experiments completed!
Results saved to: /scratch/users/h61084/codes/evaluating_tsfms/outputs/context_size/tasks
============================================================

############################################################
# All 1 dataset(s) completed!
############################################################

############################################################
# Dataset 1/1: Australia_Solar/H
############################################################
[2026-09-20 20:01:45 UTC] resources model_device {"device": "cuda", "model": "chronos2"}
Loading configuration...

============================================================
Dataset: Australia_Solar/H
Model: amazon/chronos-2
Checkpoint: /fslarge/scratch/users/h61084/weights/chronos2
Terms: ['short', 'medium', 'long']
Covariate mode: none
Instance normalization: none
============================================================

--- Term: short ---
  Config: prediction_length=24, test_length=2520, val_length=2520
TIME run allocation action=new run=/fslarge/scratch/users/h61084/codes/evaluating_tsfms/outputs/context_size/tasks/chronos2/context_length/512/multivariate/Australia_Solar/H/short/run_0 launch_id=selena_context_size_20260920T193931Z_45055 slurm_job_id=3506742 launched_at=2026-09-20T20:01:45.833307+00:00
  Initializing Chronos pipeline (/fslarge/scratch/users/h61084/weights/chronos2)...
  Dataset info:
    - Frequency: H
    - Num series: 1
    - Target dim: 3
    - Target mode: multivariate
    - Covariate channels: 0
    - Series length: min=35064, max=35064, avg=35064.0
    - Test split: 2520 steps
    - Prediction length: 24
    - Windows: 105
    Total instances: 105, Series during experiment: 1, Windows: 105
    Collecting ground truth and context...
    Organizing data into arrays...
    ⚠️  Predictions max value (2260421.00) exceeds float16 safe range.
    ⚠️  Applying scale factor: 100 (values will be divided)
    Saved predictions (quantiles) to /fslarge/scratch/users/h61084/codes/evaluating_tsfms/outputs/context_size/tasks/chronos2/context_length/512/multivariate/Australia_Solar/H/short/run_0/predictions.npz
    Computing per-window metrics...
    Saved metrics to /fslarge/scratch/users/h61084/codes/evaluating_tsfms/outputs/context_size/tasks/chronos2/context_length/512/multivariate/Australia_Solar/H/short/run_0/metrics.npz
    Saved config to /fslarge/scratch/users/h61084/codes/evaluating_tsfms/outputs/context_size/tasks/chronos2/context_length/512/multivariate/Australia_Solar/H/short/run_0/config.json
    Saved aggregate metrics to /fslarge/scratch/users/h61084/codes/evaluating_tsfms/outputs/context_size/tasks/chronos2/context_length/512/multivariate/Australia_Solar/H/short/run_0/metrics_summary.json
    Metrics summary (averaged over all series/windows/variates):
      MSE: 28769133709.1076
      MAE: 84648.3726
      RMSE: 110696.4066
      MAPE: 237.0996
      sMAPE: 0.6075
      MASE: 1.1374
      ND: 0.3295
      CRPS: 0.2676
  Completed: 1 series × 105 windows
  Output: /fslarge/scratch/users/h61084/codes/evaluating_tsfms/outputs/context_size/tasks/chronos2/context_length/512/multivariate/Australia_Solar/H/short/run_0

--- Term: medium ---
  Config: prediction_length=72, test_length=2520, val_length=2520
TIME run allocation action=new run=/fslarge/scratch/users/h61084/codes/evaluating_tsfms/outputs/context_size/tasks/chronos2/context_length/512/multivariate/Australia_Solar/H/medium/run_0 launch_id=selena_context_size_20260920T193931Z_45055 slurm_job_id=3506742 launched_at=2026-09-20T20:01:46.801383+00:00
  Initializing Chronos pipeline (/fslarge/scratch/users/h61084/weights/chronos2)...
  Dataset info:
    - Frequency: H
    - Num series: 1
    - Target dim: 3
    - Target mode: multivariate
    - Covariate channels: 0
    - Series length: min=35064, max=35064, avg=35064.0
    - Test split: 2520 steps
    - Prediction length: 72
    - Windows: 35
    Total instances: 35, Series during experiment: 1, Windows: 35
    Collecting ground truth and context...
    Organizing data into arrays...
    ⚠️  Predictions max value (2250822.75) exceeds float16 safe range.
    ⚠️  Applying scale factor: 100 (values will be divided)
    Saved predictions (quantiles) to /fslarge/scratch/users/h61084/codes/evaluating_tsfms/outputs/context_size/tasks/chronos2/context_length/512/multivariate/Australia_Solar/H/medium/run_0/predictions.npz
    Computing per-window metrics...
    Saved metrics to /fslarge/scratch/users/h61084/codes/evaluating_tsfms/outputs/context_size/tasks/chronos2/context_length/512/multivariate/Australia_Solar/H/medium/run_0/metrics.npz
    Saved config to /fslarge/scratch/users/h61084/codes/evaluating_tsfms/outputs/context_size/tasks/chronos2/context_length/512/multivariate/Australia_Solar/H/medium/run_0/config.json
    Saved aggregate metrics to /fslarge/scratch/users/h61084/codes/evaluating_tsfms/outputs/context_size/tasks/chronos2/context_length/512/multivariate/Australia_Solar/H/medium/run_0/metrics_summary.json
    Metrics summary (averaged over all series/windows/variates):
      MSE: 31992110358.7508
      MAE: 90753.8744
      RMSE: 133002.2897
      MAPE: 226.6863
      sMAPE: 0.6237
      MASE: 1.2605
      ND: 0.3112
      CRPS: 0.2455
  Completed: 1 series × 35 windows
  Output: /fslarge/scratch/users/h61084/codes/evaluating_tsfms/outputs/context_size/tasks/chronos2/context_length/512/multivariate/Australia_Solar/H/medium/run_0

--- Term: long ---
  Config: prediction_length=168, test_length=2520, val_length=2520
TIME run allocation action=new run=/fslarge/scratch/users/h61084/codes/evaluating_tsfms/outputs/context_size/tasks/chronos2/context_length/512/multivariate/Australia_Solar/H/long/run_0 launch_id=selena_context_size_20260920T193931Z_45055 slurm_job_id=3506742 launched_at=2026-09-20T20:01:47.177457+00:00
  Initializing Chronos pipeline (/fslarge/scratch/users/h61084/weights/chronos2)...
  Dataset info:
    - Frequency: H
    - Num series: 1
    - Target dim: 3
    - Target mode: multivariate
    - Covariate channels: 0
    - Series length: min=35064, max=35064, avg=35064.0
    - Test split: 2520 steps
    - Prediction length: 168
    - Windows: 15
    Total instances: 15, Series during experiment: 1, Windows: 15
    Collecting ground truth and context...
    Organizing data into arrays...
    ⚠️  Predictions max value (2455793.50) exceeds float16 safe range.
    ⚠️  Applying scale factor: 100 (values will be divided)
    Saved predictions (quantiles) to /fslarge/scratch/users/h61084/codes/evaluating_tsfms/outputs/context_size/tasks/chronos2/context_length/512/multivariate/Australia_Solar/H/long/run_0/predictions.npz
    Computing per-window metrics...
    Saved metrics to /fslarge/scratch/users/h61084/codes/evaluating_tsfms/outputs/context_size/tasks/chronos2/context_length/512/multivariate/Australia_Solar/H/long/run_0/metrics.npz
    Saved config to /fslarge/scratch/users/h61084/codes/evaluating_tsfms/outputs/context_size/tasks/chronos2/context_length/512/multivariate/Australia_Solar/H/long/run_0/config.json
    Saved aggregate metrics to /fslarge/scratch/users/h61084/codes/evaluating_tsfms/outputs/context_size/tasks/chronos2/context_length/512/multivariate/Australia_Solar/H/long/run_0/metrics_summary.json
    Metrics summary (averaged over all series/windows/variates):
      MSE: 28029987915.6471
      MAE: 84388.8623
      RMSE: 129668.1523
      MAPE: 251.8360
      sMAPE: 0.6058
      MASE: 1.2435
      ND: 0.2831
      CRPS: 0.2249
  Completed: 1 series × 15 windows
  Output: /fslarge/scratch/users/h61084/codes/evaluating_tsfms/outputs/context_size/tasks/chronos2/context_length/512/multivariate/Australia_Solar/H/long/run_0

============================================================
All experiments completed!
Results saved to: /scratch/users/h61084/codes/evaluating_tsfms/outputs/context_size/tasks
============================================================

############################################################
# All 1 dataset(s) completed!
############################################################

############################################################
# Dataset 1/1: epf_electricity_price/H
############################################################
[2026-09-20 20:01:56 UTC] resources model_device {"device": "cuda", "model": "chronos2"}
Loading configuration...

============================================================
Dataset: epf_electricity_price/H
Model: amazon/chronos-2
Checkpoint: /fslarge/scratch/users/h61084/weights/chronos2
Terms: ['short', 'medium', 'long']
Covariate mode: none
Instance normalization: none
============================================================

--- Term: short ---
  Config: prediction_length=24, test_length=2520, val_length=2520
TIME run allocation action=new run=/fslarge/scratch/users/h61084/codes/evaluating_tsfms/outputs/context_size/tasks/chronos2/context_length/512/univariate/epf_electricity_price/H/short/run_0 launch_id=selena_context_size_20260920T193931Z_45055 slurm_job_id=3506742 launched_at=2026-09-20T20:01:56.068540+00:00
  Initializing Chronos pipeline (/fslarge/scratch/users/h61084/weights/chronos2)...
  Dataset info:
    - Frequency: H
    - Num series: 5
    - Target dim: 1
    - Target mode: univariate
    - Covariate channels: 0
    - Series length: min=52416, max=52416, avg=52416.0
    - Test split: 2520 steps
    - Prediction length: 24
    - Windows: 105
    Processed 160/525...
    Processed 320/525...
    Processed 480/525...
    Total instances: 525, Series during experiment: 5, Windows: 105
    Collecting ground truth and context...
    Organizing data into arrays...
    Saved predictions (quantiles) to /fslarge/scratch/users/h61084/codes/evaluating_tsfms/outputs/context_size/tasks/chronos2/context_length/512/univariate/epf_electricity_price/H/short/run_0/predictions.npz
    Computing per-window metrics...
    Saved metrics to /fslarge/scratch/users/h61084/codes/evaluating_tsfms/outputs/context_size/tasks/chronos2/context_length/512/univariate/epf_electricity_price/H/short/run_0/metrics.npz
    Saved config to /fslarge/scratch/users/h61084/codes/evaluating_tsfms/outputs/context_size/tasks/chronos2/context_length/512/univariate/epf_electricity_price/H/short/run_0/config.json
    Saved aggregate metrics to /fslarge/scratch/users/h61084/codes/evaluating_tsfms/outputs/context_size/tasks/chronos2/context_length/512/univariate/epf_electricity_price/H/short/run_0/metrics_summary.json
    Metrics summary (averaged over all series/windows/variates):
      MSE: 130.3039
      MAE: 6.3083
      RMSE: 7.8847
      MAPE: 1.2879
      sMAPE: 0.1625
      MASE: 0.9946
      ND: 0.1633
      CRPS: 0.1317
  Completed: 5 series × 105 windows
  Output: /fslarge/scratch/users/h61084/codes/evaluating_tsfms/outputs/context_size/tasks/chronos2/context_length/512/univariate/epf_electricity_price/H/short/run_0

--- Term: medium ---
  Config: prediction_length=72, test_length=2520, val_length=2520
TIME run allocation action=new run=/fslarge/scratch/users/h61084/codes/evaluating_tsfms/outputs/context_size/tasks/chronos2/context_length/512/univariate/epf_electricity_price/H/medium/run_0 launch_id=selena_context_size_20260920T193931Z_45055 slurm_job_id=3506742 launched_at=2026-09-20T20:01:57.549741+00:00
  Initializing Chronos pipeline (/fslarge/scratch/users/h61084/weights/chronos2)...
  Dataset info:
    - Frequency: H
    - Num series: 5
    - Target dim: 1
    - Target mode: univariate
    - Covariate channels: 0
    - Series length: min=52416, max=52416, avg=52416.0
    - Test split: 2520 steps
    - Prediction length: 72
    - Windows: 35
    Processed 160/175...
    Total instances: 175, Series during experiment: 5, Windows: 35
    Collecting ground truth and context...
    Organizing data into arrays...
    Saved predictions (quantiles) to /fslarge/scratch/users/h61084/codes/evaluating_tsfms/outputs/context_size/tasks/chronos2/context_length/512/univariate/epf_electricity_price/H/medium/run_0/predictions.npz
    Computing per-window metrics...
    Saved metrics to /fslarge/scratch/users/h61084/codes/evaluating_tsfms/outputs/context_size/tasks/chronos2/context_length/512/univariate/epf_electricity_price/H/medium/run_0/metrics.npz
    Saved config to /fslarge/scratch/users/h61084/codes/evaluating_tsfms/outputs/context_size/tasks/chronos2/context_length/512/univariate/epf_electricity_price/H/medium/run_0/config.json
    Saved aggregate metrics to /fslarge/scratch/users/h61084/codes/evaluating_tsfms/outputs/context_size/tasks/chronos2/context_length/512/univariate/epf_electricity_price/H/medium/run_0/metrics_summary.json
    Metrics summary (averaged over all series/windows/variates):
      MSE: 200.2629
      MAE: 7.8889
      RMSE: 10.3091
      MAPE: 1.7599
      sMAPE: 0.1985
      MASE: 1.2609
      ND: 0.1917
      CRPS: 0.1549
  Completed: 5 series × 35 windows
  Output: /fslarge/scratch/users/h61084/codes/evaluating_tsfms/outputs/context_size/tasks/chronos2/context_length/512/univariate/epf_electricity_price/H/medium/run_0

--- Term: long ---
  Config: prediction_length=168, test_length=2520, val_length=2520
TIME run allocation action=new run=/fslarge/scratch/users/h61084/codes/evaluating_tsfms/outputs/context_size/tasks/chronos2/context_length/512/univariate/epf_electricity_price/H/long/run_0 launch_id=selena_context_size_20260920T193931Z_45055 slurm_job_id=3506742 launched_at=2026-09-20T20:01:58.052113+00:00
  Initializing Chronos pipeline (/fslarge/scratch/users/h61084/weights/chronos2)...
  Dataset info:
    - Frequency: H
    - Num series: 5
    - Target dim: 1
    - Target mode: univariate
    - Covariate channels: 0
    - Series length: min=52416, max=52416, avg=52416.0
    - Test split: 2520 steps
    - Prediction length: 168
    - Windows: 15
    Total instances: 75, Series during experiment: 5, Windows: 15
    Collecting ground truth and context...
    Organizing data into arrays...
    Saved predictions (quantiles) to /fslarge/scratch/users/h61084/codes/evaluating_tsfms/outputs/context_size/tasks/chronos2/context_length/512/univariate/epf_electricity_price/H/long/run_0/predictions.npz
    Computing per-window metrics...
    Saved metrics to /fslarge/scratch/users/h61084/codes/evaluating_tsfms/outputs/context_size/tasks/chronos2/context_length/512/univariate/epf_electricity_price/H/long/run_0/metrics.npz
    Saved config to /fslarge/scratch/users/h61084/codes/evaluating_tsfms/outputs/context_size/tasks/chronos2/context_length/512/univariate/epf_electricity_price/H/long/run_0/config.json
    Saved aggregate metrics to /fslarge/scratch/users/h61084/codes/evaluating_tsfms/outputs/context_size/tasks/chronos2/context_length/512/univariate/epf_electricity_price/H/long/run_0/metrics_summary.json
    Metrics summary (averaged over all series/windows/variates):
      MSE: 214.6292
      MAE: 8.4530
      RMSE: 11.7542
      MAPE: 1.7427
      sMAPE: 0.2074
      MASE: 1.3991
      ND: 0.1952
      CRPS: 0.1585
  Completed: 5 series × 15 windows
  Output: /fslarge/scratch/users/h61084/codes/evaluating_tsfms/outputs/context_size/tasks/chronos2/context_length/512/univariate/epf_electricity_price/H/long/run_0

============================================================
All experiments completed!
Results saved to: /scratch/users/h61084/codes/evaluating_tsfms/outputs/context_size/tasks
============================================================

############################################################
# All 1 dataset(s) completed!
############################################################

############################################################
# Dataset 1/1: OpenElectricity_NEM/5T
############################################################
[2026-09-20 20:02:06 UTC] resources model_device {"device": "cuda", "model": "chronos2"}
Loading configuration...

============================================================
Dataset: OpenElectricity_NEM/5T
Model: amazon/chronos-2
Checkpoint: /fslarge/scratch/users/h61084/weights/chronos2
Terms: ['short', 'medium', 'long']
Covariate mode: none
Instance normalization: none
============================================================

--- Term: short ---
  Config: prediction_length=24, test_length=4032, val_length=4032
TIME run allocation action=new run=/fslarge/scratch/users/h61084/codes/evaluating_tsfms/outputs/context_size/tasks/chronos2/context_length/512/multivariate/OpenElectricity_NEM/5T/short/run_0 launch_id=selena_context_size_20260920T193931Z_45055 slurm_job_id=3506742 launched_at=2026-09-20T20:02:06.995096+00:00
  Initializing Chronos pipeline (/fslarge/scratch/users/h61084/weights/chronos2)...
  Dataset info:
    - Frequency: 5T
    - Num series: 1
    - Target dim: 10
    - Target mode: multivariate
    - Covariate channels: 0
    - Series length: min=43488, max=43488, avg=43488.0
    - Test split: 4032 steps
    - Prediction length: 24
    - Windows: 168
    Processed 160/168...
    Total instances: 168, Series during experiment: 1, Windows: 168
    Collecting ground truth and context...
    Organizing data into arrays...
    Saved predictions (quantiles) to /fslarge/scratch/users/h61084/codes/evaluating_tsfms/outputs/context_size/tasks/chronos2/context_length/512/multivariate/OpenElectricity_NEM/5T/short/run_0/predictions.npz
    Computing per-window metrics...
    Saved metrics to /fslarge/scratch/users/h61084/codes/evaluating_tsfms/outputs/context_size/tasks/chronos2/context_length/512/multivariate/OpenElectricity_NEM/5T/short/run_0/metrics.npz
    Saved config to /fslarge/scratch/users/h61084/codes/evaluating_tsfms/outputs/context_size/tasks/chronos2/context_length/512/multivariate/OpenElectricity_NEM/5T/short/run_0/config.json
    Saved aggregate metrics to /fslarge/scratch/users/h61084/codes/evaluating_tsfms/outputs/context_size/tasks/chronos2/context_length/512/multivariate/OpenElectricity_NEM/5T/short/run_0/metrics_summary.json
    Metrics summary (averaged over all series/windows/variates):
      MSE: 16098.9971
      MAE: 62.5355
      RMSE: 73.5492
      MAPE: 3.9991
      sMAPE: 0.1669
      MASE: 0.4460
      ND: 0.1630
      CRPS: 0.1332
  Completed: 1 series × 168 windows
  Output: /fslarge/scratch/users/h61084/codes/evaluating_tsfms/outputs/context_size/tasks/chronos2/context_length/512/multivariate/OpenElectricity_NEM/5T/short/run_0

--- Term: medium ---
  Config: prediction_length=96, test_length=4032, val_length=4032
TIME run allocation action=new run=/fslarge/scratch/users/h61084/codes/evaluating_tsfms/outputs/context_size/tasks/chronos2/context_length/512/multivariate/OpenElectricity_NEM/5T/medium/run_0 launch_id=selena_context_size_20260920T193931Z_45055 slurm_job_id=3506742 launched_at=2026-09-20T20:02:08.743413+00:00
  Initializing Chronos pipeline (/fslarge/scratch/users/h61084/weights/chronos2)...
  Dataset info:
    - Frequency: 5T
    - Num series: 1
    - Target dim: 10
    - Target mode: multivariate
    - Covariate channels: 0
    - Series length: min=43488, max=43488, avg=43488.0
    - Test split: 4032 steps
    - Prediction length: 96
    - Windows: 42
    Total instances: 42, Series during experiment: 1, Windows: 42
    Collecting ground truth and context...
    Organizing data into arrays...
    Saved predictions (quantiles) to /fslarge/scratch/users/h61084/codes/evaluating_tsfms/outputs/context_size/tasks/chronos2/context_length/512/multivariate/OpenElectricity_NEM/5T/medium/run_0/predictions.npz
    Computing per-window metrics...
    Saved metrics to /fslarge/scratch/users/h61084/codes/evaluating_tsfms/outputs/context_size/tasks/chronos2/context_length/512/multivariate/OpenElectricity_NEM/5T/medium/run_0/metrics.npz
    Saved config to /fslarge/scratch/users/h61084/codes/evaluating_tsfms/outputs/context_size/tasks/chronos2/context_length/512/multivariate/OpenElectricity_NEM/5T/medium/run_0/config.json
    Saved aggregate metrics to /fslarge/scratch/users/h61084/codes/evaluating_tsfms/outputs/context_size/tasks/chronos2/context_length/512/multivariate/OpenElectricity_NEM/5T/medium/run_0/metrics_summary.json
    Metrics summary (averaged over all series/windows/variates):
      MSE: 82163.9036
      MAE: 130.6878
      RMSE: 158.4357
      MAPE: 6.4508
      sMAPE: 0.2446
      MASE: 0.7528
      ND: 0.2526
      CRPS: 0.2080
  Completed: 1 series × 42 windows
  Output: /fslarge/scratch/users/h61084/codes/evaluating_tsfms/outputs/context_size/tasks/chronos2/context_length/512/multivariate/OpenElectricity_NEM/5T/medium/run_0

--- Term: long ---
  Config: prediction_length=288, test_length=4032, val_length=4032
TIME run allocation action=new run=/fslarge/scratch/users/h61084/codes/evaluating_tsfms/outputs/context_size/tasks/chronos2/context_length/512/multivariate/OpenElectricity_NEM/5T/long/run_0 launch_id=selena_context_size_20260920T193931Z_45055 slurm_job_id=3506742 launched_at=2026-09-20T20:02:09.378314+00:00
  Initializing Chronos pipeline (/fslarge/scratch/users/h61084/weights/chronos2)...
  Dataset info:
    - Frequency: 5T
    - Num series: 1
    - Target dim: 10
    - Target mode: multivariate
    - Covariate channels: 0
    - Series length: min=43488, max=43488, avg=43488.0
    - Test split: 4032 steps
    - Prediction length: 288
    - Windows: 14
    Total instances: 14, Series during experiment: 1, Windows: 14
    Collecting ground truth and context...
    Organizing data into arrays...
    Saved predictions (quantiles) to /fslarge/scratch/users/h61084/codes/evaluating_tsfms/outputs/context_size/tasks/chronos2/context_length/512/multivariate/OpenElectricity_NEM/5T/long/run_0/predictions.npz
    Computing per-window metrics...
    Saved metrics to /fslarge/scratch/users/h61084/codes/evaluating_tsfms/outputs/context_size/tasks/chronos2/context_length/512/multivariate/OpenElectricity_NEM/5T/long/run_0/metrics.npz
    Saved config to /fslarge/scratch/users/h61084/codes/evaluating_tsfms/outputs/context_size/tasks/chronos2/context_length/512/multivariate/OpenElectricity_NEM/5T/long/run_0/config.json
    Saved aggregate metrics to /fslarge/scratch/users/h61084/codes/evaluating_tsfms/outputs/context_size/tasks/chronos2/context_length/512/multivariate/OpenElectricity_NEM/5T/long/run_0/metrics_summary.json
    Metrics summary (averaged over all series/windows/variates):
      MSE: 91133.9411
      MAE: 145.2999
      RMSE: 192.6892
      MAPE: 5.4540
      sMAPE: 0.2909
      MASE: 0.8779
      ND: 0.2594
      CRPS: 0.2109
  Completed: 1 series × 14 windows
  Output: /fslarge/scratch/users/h61084/codes/evaluating_tsfms/outputs/context_size/tasks/chronos2/context_length/512/multivariate/OpenElectricity_NEM/5T/long/run_0

============================================================
All experiments completed!
Results saved to: /scratch/users/h61084/codes/evaluating_tsfms/outputs/context_size/tasks
============================================================

############################################################
# All 1 dataset(s) completed!
############################################################

############################################################
# Dataset 1/1: EWELD_Load/15T
############################################################
[2026-09-20 20:02:18 UTC] resources model_device {"device": "cuda", "model": "chronos2"}
Loading configuration...

============================================================
Dataset: EWELD_Load/15T
Model: amazon/chronos-2
Checkpoint: /fslarge/scratch/users/h61084/weights/chronos2
Terms: ['short', 'medium', 'long']
Covariate mode: none
Instance normalization: none
============================================================

--- Term: short ---
  Config: prediction_length=24, test_length=1344, val_length=1344
TIME run allocation action=new run=/fslarge/scratch/users/h61084/codes/evaluating_tsfms/outputs/context_size/tasks/chronos2/context_length/512/multivariate/EWELD_Load/15T/short/run_0 launch_id=selena_context_size_20260920T193931Z_45055 slurm_job_id=3506742 launched_at=2026-09-20T20:02:18.781154+00:00
  Initializing Chronos pipeline (/fslarge/scratch/users/h61084/weights/chronos2)...
  Dataset info:
    - Frequency: 15T
    - Num series: 1
    - Target dim: 10
    - Target mode: multivariate
    - Covariate channels: 0
    - Series length: min=20544, max=20544, avg=20544.0
    - Test split: 1344 steps
    - Prediction length: 24
    - Windows: 56
    Total instances: 56, Series during experiment: 1, Windows: 56
    Collecting ground truth and context...
    Organizing data into arrays...
    Saved predictions (quantiles) to /fslarge/scratch/users/h61084/codes/evaluating_tsfms/outputs/context_size/tasks/chronos2/context_length/512/multivariate/EWELD_Load/15T/short/run_0/predictions.npz
    Computing per-window metrics...
    Saved metrics to /fslarge/scratch/users/h61084/codes/evaluating_tsfms/outputs/context_size/tasks/chronos2/context_length/512/multivariate/EWELD_Load/15T/short/run_0/metrics.npz
    Saved config to /fslarge/scratch/users/h61084/codes/evaluating_tsfms/outputs/context_size/tasks/chronos2/context_length/512/multivariate/EWELD_Load/15T/short/run_0/config.json
    Saved aggregate metrics to /fslarge/scratch/users/h61084/codes/evaluating_tsfms/outputs/context_size/tasks/chronos2/context_length/512/multivariate/EWELD_Load/15T/short/run_0/metrics_summary.json
    Metrics summary (averaged over all series/windows/variates):
      MSE: 1220.7776
      MAE: 13.5673
      RMSE: 17.0239
      MAPE: 0.3620
      sMAPE: 0.2972
      MASE: 0.5853
      ND: 0.3686
      CRPS: 0.3461
  Completed: 1 series × 56 windows
  Output: /fslarge/scratch/users/h61084/codes/evaluating_tsfms/outputs/context_size/tasks/chronos2/context_length/512/multivariate/EWELD_Load/15T/short/run_0

--- Term: medium ---
  Config: prediction_length=96, test_length=1344, val_length=1344
TIME run allocation action=new run=/fslarge/scratch/users/h61084/codes/evaluating_tsfms/outputs/context_size/tasks/chronos2/context_length/512/multivariate/EWELD_Load/15T/medium/run_0 launch_id=selena_context_size_20260920T193931Z_45055 slurm_job_id=3506742 launched_at=2026-09-20T20:02:19.878401+00:00
  Initializing Chronos pipeline (/fslarge/scratch/users/h61084/weights/chronos2)...
  Dataset info:
    - Frequency: 15T
    - Num series: 1
    - Target dim: 10
    - Target mode: multivariate
    - Covariate channels: 0
    - Series length: min=20544, max=20544, avg=20544.0
    - Test split: 1344 steps
    - Prediction length: 96
    - Windows: 14
    Total instances: 14, Series during experiment: 1, Windows: 14
    Collecting ground truth and context...
    Organizing data into arrays...
    Saved predictions (quantiles) to /fslarge/scratch/users/h61084/codes/evaluating_tsfms/outputs/context_size/tasks/chronos2/context_length/512/multivariate/EWELD_Load/15T/medium/run_0/predictions.npz
    Computing per-window metrics...
    Saved metrics to /fslarge/scratch/users/h61084/codes/evaluating_tsfms/outputs/context_size/tasks/chronos2/context_length/512/multivariate/EWELD_Load/15T/medium/run_0/metrics.npz
    Saved config to /fslarge/scratch/users/h61084/codes/evaluating_tsfms/outputs/context_size/tasks/chronos2/context_length/512/multivariate/EWELD_Load/15T/medium/run_0/config.json
    Saved aggregate metrics to /fslarge/scratch/users/h61084/codes/evaluating_tsfms/outputs/context_size/tasks/chronos2/context_length/512/multivariate/EWELD_Load/15T/medium/run_0/metrics_summary.json
    Metrics summary (averaged over all series/windows/variates):
      MSE: 1337.2642
      MAE: 14.9630
      RMSE: 19.8606
      MAPE: 0.4450
      sMAPE: 0.3341
      MASE: 0.7102
      ND: 0.2516
      CRPS: 0.1997
  Completed: 1 series × 14 windows
  Output: /fslarge/scratch/users/h61084/codes/evaluating_tsfms/outputs/context_size/tasks/chronos2/context_length/512/multivariate/EWELD_Load/15T/medium/run_0

--- Term: long ---
  Config: prediction_length=672, test_length=1344, val_length=1344
TIME run allocation action=new run=/fslarge/scratch/users/h61084/codes/evaluating_tsfms/outputs/context_size/tasks/chronos2/context_length/512/multivariate/EWELD_Load/15T/long/run_0 launch_id=selena_context_size_20260920T193931Z_45055 slurm_job_id=3506742 launched_at=2026-09-20T20:02:20.244169+00:00
  Initializing Chronos pipeline (/fslarge/scratch/users/h61084/weights/chronos2)...
  Dataset info:
    - Frequency: 15T
    - Num series: 1
    - Target dim: 10
    - Target mode: multivariate
    - Covariate channels: 0
    - Series length: min=20544, max=20544, avg=20544.0
    - Test split: 1344 steps
    - Prediction length: 672
    - Windows: 2
    Total instances: 2, Series during experiment: 1, Windows: 2
    Collecting ground truth and context...
    Organizing data into arrays...
    Saved predictions (quantiles) to /fslarge/scratch/users/h61084/codes/evaluating_tsfms/outputs/context_size/tasks/chronos2/context_length/512/multivariate/EWELD_Load/15T/long/run_0/predictions.npz
    Computing per-window metrics...
    Saved metrics to /fslarge/scratch/users/h61084/codes/evaluating_tsfms/outputs/context_size/tasks/chronos2/context_length/512/multivariate/EWELD_Load/15T/long/run_0/metrics.npz
    Saved config to /fslarge/scratch/users/h61084/codes/evaluating_tsfms/outputs/context_size/tasks/chronos2/context_length/512/multivariate/EWELD_Load/15T/long/run_0/config.json
    Saved aggregate metrics to /fslarge/scratch/users/h61084/codes/evaluating_tsfms/outputs/context_size/tasks/chronos2/context_length/512/multivariate/EWELD_Load/15T/long/run_0/metrics_summary.json
    Metrics summary (averaged over all series/windows/variates):
      MSE: 1380.7130
      MAE: 15.8069
      RMSE: 21.4194
      MAPE: 0.4577
      sMAPE: 0.3509
      MASE: 0.7720
      ND: 0.2411
      CRPS: 0.1924
  Completed: 1 series × 2 windows
  Output: /fslarge/scratch/users/h61084/codes/evaluating_tsfms/outputs/context_size/tasks/chronos2/context_length/512/multivariate/EWELD_Load/15T/long/run_0

============================================================
All experiments completed!
Results saved to: /scratch/users/h61084/codes/evaluating_tsfms/outputs/context_size/tasks
============================================================

############################################################
# All 1 dataset(s) completed!
############################################################

############################################################
# Dataset 1/1: SG_Carpark/15T
############################################################
[2026-09-20 20:02:29 UTC] resources model_device {"device": "cuda", "model": "chronos2"}
Loading configuration...

============================================================
Dataset: SG_Carpark/15T
Model: amazon/chronos-2
Checkpoint: /fslarge/scratch/users/h61084/weights/chronos2
Terms: ['short', 'medium', 'long']
Covariate mode: none
Instance normalization: none
============================================================

--- Term: short ---
  Config: prediction_length=16, test_length=672, val_length=672
TIME run allocation action=new run=/fslarge/scratch/users/h61084/codes/evaluating_tsfms/outputs/context_size/tasks/chronos2/context_length/512/univariate/SG_Carpark/15T/short/run_0 launch_id=selena_context_size_20260920T193931Z_45055 slurm_job_id=3506742 launched_at=2026-09-20T20:02:29.143284+00:00
  Initializing Chronos pipeline (/fslarge/scratch/users/h61084/weights/chronos2)...
  Dataset info:
    - Frequency: 15T
    - Num series: 354
    - Target dim: 1
    - Target mode: univariate
    - Covariate channels: 0
    - Series length: min=14495, max=14495, avg=14495.0
    - Test split: 672 steps
    - Prediction length: 16
    - Windows: 42
    Processed 160/14868...
    Processed 320/14868...
    Processed 480/14868...
    Processed 640/14868...
    Processed 800/14868...
    Processed 960/14868...
    Processed 1120/14868...
    Processed 1280/14868...
    Processed 1440/14868...
    Processed 1600/14868...
    Processed 1760/14868...
    Processed 1920/14868...
    Processed 2080/14868...
    Processed 2240/14868...
    Processed 2400/14868...
    Processed 2560/14868...
    Processed 2720/14868...
    Processed 2880/14868...
    Processed 3040/14868...
    Processed 3200/14868...
    Processed 3360/14868...
    Processed 3520/14868...
    Processed 3680/14868...
    Processed 3840/14868...
    Processed 4000/14868...
    Processed 4160/14868...
    Processed 4320/14868...
    Processed 4480/14868...
    Processed 4640/14868...
    Processed 4800/14868...
    Processed 4960/14868...
    Processed 5120/14868...
    Processed 5280/14868...
    Processed 5440/14868...
    Processed 5600/14868...
    Processed 5760/14868...
    Processed 5920/14868...
    Processed 6080/14868...
    Processed 6240/14868...
    Processed 6400/14868...
    Processed 6560/14868...
    Processed 6720/14868...
    Processed 6880/14868...
    Processed 7040/14868...
    Processed 7200/14868...
    Processed 7360/14868...
    Processed 7520/14868...
    Processed 7680/14868...
    Processed 7840/14868...
    Processed 8000/14868...
    Processed 8160/14868...
    Processed 8320/14868...
    Processed 8480/14868...
    Processed 8640/14868...
    Processed 8800/14868...
    Processed 8960/14868...
    Processed 9120/14868...
    Processed 9280/14868...
    Processed 9440/14868...
    Processed 9600/14868...
    Processed 9760/14868...
    Processed 9920/14868...
    Processed 10080/14868...
    Processed 10240/14868...
    Processed 10400/14868...
    Processed 10560/14868...
    Processed 10720/14868...
    Processed 10880/14868...
    Processed 11040/14868...
    Processed 11200/14868...
    Processed 11360/14868...
    Processed 11520/14868...
    Processed 11680/14868...
    Processed 11840/14868...
    Processed 12000/14868...
    Processed 12160/14868...
    Processed 12320/14868...
    Processed 12480/14868...
    Processed 12640/14868...
    Processed 12800/14868...
    Processed 12960/14868...
    Processed 13120/14868...
    Processed 13280/14868...
    Processed 13440/14868...
    Processed 13600/14868...
    Processed 13760/14868...
    Processed 13920/14868...
    Processed 14080/14868...
    Processed 14240/14868...
    Processed 14400/14868...
    Processed 14560/14868...
    Processed 14720/14868...
    Processed 14868/14868...
    Total instances: 14868, Series during experiment: 354, Windows: 42
    Collecting ground truth and context...
    Organizing data into arrays...
    Saved predictions (quantiles) to /fslarge/scratch/users/h61084/codes/evaluating_tsfms/outputs/context_size/tasks/chronos2/context_length/512/univariate/SG_Carpark/15T/short/run_0/predictions.npz
    Computing per-window metrics...
    Saved metrics to /fslarge/scratch/users/h61084/codes/evaluating_tsfms/outputs/context_size/tasks/chronos2/context_length/512/univariate/SG_Carpark/15T/short/run_0/metrics.npz
    Saved config to /fslarge/scratch/users/h61084/codes/evaluating_tsfms/outputs/context_size/tasks/chronos2/context_length/512/univariate/SG_Carpark/15T/short/run_0/config.json
    Saved aggregate metrics to /fslarge/scratch/users/h61084/codes/evaluating_tsfms/outputs/context_size/tasks/chronos2/context_length/512/univariate/SG_Carpark/15T/short/run_0/metrics_summary.json
    Metrics summary (averaged over all series/windows/variates):
      MSE: 252.4056
      MAE: 6.6343
      RMSE: 8.3663
      MAPE: 0.0423
      sMAPE: 0.0509
      MASE: 0.4573
      ND: 0.0423
      CRPS: 0.0333
  Completed: 354 series × 42 windows
  Output: /fslarge/scratch/users/h61084/codes/evaluating_tsfms/outputs/context_size/tasks/chronos2/context_length/512/univariate/SG_Carpark/15T/short/run_0

--- Term: medium ---
  Config: prediction_length=96, test_length=672, val_length=672
TIME run allocation action=new run=/fslarge/scratch/users/h61084/codes/evaluating_tsfms/outputs/context_size/tasks/chronos2/context_length/512/univariate/SG_Carpark/15T/medium/run_0 launch_id=selena_context_size_20260920T193931Z_45055 slurm_job_id=3506742 launched_at=2026-09-20T20:02:47.109378+00:00
  Initializing Chronos pipeline (/fslarge/scratch/users/h61084/weights/chronos2)...
  Dataset info:
    - Frequency: 15T
    - Num series: 354
    - Target dim: 1
    - Target mode: univariate
    - Covariate channels: 0
    - Series length: min=14495, max=14495, avg=14495.0
    - Test split: 672 steps
    - Prediction length: 96
    - Windows: 7
    Processed 160/2478...
    Processed 320/2478...
    Processed 480/2478...
    Processed 640/2478...
    Processed 800/2478...
    Processed 960/2478...
    Processed 1120/2478...
    Processed 1280/2478...
    Processed 1440/2478...
    Processed 1600/2478...
    Processed 1760/2478...
    Processed 1920/2478...
    Processed 2080/2478...
    Processed 2240/2478...
    Processed 2400/2478...
    Total instances: 2478, Series during experiment: 354, Windows: 7
    Collecting ground truth and context...
    Organizing data into arrays...
    Saved predictions (quantiles) to /fslarge/scratch/users/h61084/codes/evaluating_tsfms/outputs/context_size/tasks/chronos2/context_length/512/univariate/SG_Carpark/15T/medium/run_0/predictions.npz
    Computing per-window metrics...
    Saved metrics to /fslarge/scratch/users/h61084/codes/evaluating_tsfms/outputs/context_size/tasks/chronos2/context_length/512/univariate/SG_Carpark/15T/medium/run_0/metrics.npz
    Saved config to /fslarge/scratch/users/h61084/codes/evaluating_tsfms/outputs/context_size/tasks/chronos2/context_length/512/univariate/SG_Carpark/15T/medium/run_0/config.json
    Saved aggregate metrics to /fslarge/scratch/users/h61084/codes/evaluating_tsfms/outputs/context_size/tasks/chronos2/context_length/512/univariate/SG_Carpark/15T/medium/run_0/metrics_summary.json
    Metrics summary (averaged over all series/windows/variates):
      MSE: 606.6113
      MAE: 11.3033
      RMSE: 15.3228
      MAPE: 0.0655
      sMAPE: 0.0705
      MASE: 0.7424
      ND: 0.0597
      CRPS: 0.0471
  Completed: 354 series × 7 windows
  Output: /fslarge/scratch/users/h61084/codes/evaluating_tsfms/outputs/context_size/tasks/chronos2/context_length/512/univariate/SG_Carpark/15T/medium/run_0

--- Term: long ---
  Config: prediction_length=672, test_length=672, val_length=672
TIME run allocation action=new run=/fslarge/scratch/users/h61084/codes/evaluating_tsfms/outputs/context_size/tasks/chronos2/context_length/512/univariate/SG_Carpark/15T/long/run_0 launch_id=selena_context_size_20260920T193931Z_45055 slurm_job_id=3506742 launched_at=2026-09-20T20:02:50.779491+00:00
  Initializing Chronos pipeline (/fslarge/scratch/users/h61084/weights/chronos2)...
  Dataset info:
    - Frequency: 15T
    - Num series: 354
    - Target dim: 1
    - Target mode: univariate
    - Covariate channels: 0
    - Series length: min=14495, max=14495, avg=14495.0
    - Test split: 672 steps
    - Prediction length: 672
    - Windows: 1
    Processed 160/354...
    Processed 320/354...
    Total instances: 354, Series during experiment: 354, Windows: 1
    Collecting ground truth and context...
    Organizing data into arrays...
    Saved predictions (quantiles) to /fslarge/scratch/users/h61084/codes/evaluating_tsfms/outputs/context_size/tasks/chronos2/context_length/512/univariate/SG_Carpark/15T/long/run_0/predictions.npz
    Computing per-window metrics...
    Saved metrics to /fslarge/scratch/users/h61084/codes/evaluating_tsfms/outputs/context_size/tasks/chronos2/context_length/512/univariate/SG_Carpark/15T/long/run_0/metrics.npz
    Saved config to /fslarge/scratch/users/h61084/codes/evaluating_tsfms/outputs/context_size/tasks/chronos2/context_length/512/univariate/SG_Carpark/15T/long/run_0/config.json
    Saved aggregate metrics to /fslarge/scratch/users/h61084/codes/evaluating_tsfms/outputs/context_size/tasks/chronos2/context_length/512/univariate/SG_Carpark/15T/long/run_0/metrics_summary.json
    Metrics summary (averaged over all series/windows/variates):
      MSE: 1073.1946
      MAE: 14.9483
      RMSE: 21.0585
      MAPE: 0.0845
      sMAPE: 0.0875
      MASE: 0.9596
      ND: 0.0819
      CRPS: 0.0637
  Completed: 354 series × 1 windows
  Output: /fslarge/scratch/users/h61084/codes/evaluating_tsfms/outputs/context_size/tasks/chronos2/context_length/512/univariate/SG_Carpark/15T/long/run_0

============================================================
All experiments completed!
Results saved to: /scratch/users/h61084/codes/evaluating_tsfms/outputs/context_size/tasks
============================================================

############################################################
# All 1 dataset(s) completed!
############################################################

############################################################
# Dataset 1/1: Finland_Traffic/15T
############################################################
[2026-09-20 20:03:00 UTC] resources model_device {"device": "cuda", "model": "chronos2"}
Loading configuration...

============================================================
Dataset: Finland_Traffic/15T
Model: amazon/chronos-2
Checkpoint: /fslarge/scratch/users/h61084/weights/chronos2
Terms: ['short', 'medium', 'long']
Covariate mode: none
Instance normalization: none
============================================================

--- Term: short ---
  Config: prediction_length=16, test_length=2976, val_length=2880
TIME run allocation action=new run=/fslarge/scratch/users/h61084/codes/evaluating_tsfms/outputs/context_size/tasks/chronos2/context_length/512/univariate/Finland_Traffic/15T/short/run_0 launch_id=selena_context_size_20260920T193931Z_45055 slurm_job_id=3506742 launched_at=2026-09-20T20:03:00.591181+00:00
  Initializing Chronos pipeline (/fslarge/scratch/users/h61084/weights/chronos2)...
  Dataset info:
    - Frequency: 15T
    - Num series: 1
    - Target dim: 1
    - Target mode: univariate
    - Covariate channels: 0
    - Series length: min=35136, max=35136, avg=35136.0
    - Test split: 2976 steps
    - Prediction length: 16
    - Windows: 186
    Processed 160/186...
    Total instances: 186, Series during experiment: 1, Windows: 186
    Collecting ground truth and context...
    Organizing data into arrays...
    Saved predictions (quantiles) to /fslarge/scratch/users/h61084/codes/evaluating_tsfms/outputs/context_size/tasks/chronos2/context_length/512/univariate/Finland_Traffic/15T/short/run_0/predictions.npz
    Computing per-window metrics...
    Saved metrics to /fslarge/scratch/users/h61084/codes/evaluating_tsfms/outputs/context_size/tasks/chronos2/context_length/512/univariate/Finland_Traffic/15T/short/run_0/metrics.npz
    Saved config to /fslarge/scratch/users/h61084/codes/evaluating_tsfms/outputs/context_size/tasks/chronos2/context_length/512/univariate/Finland_Traffic/15T/short/run_0/config.json
    Saved aggregate metrics to /fslarge/scratch/users/h61084/codes/evaluating_tsfms/outputs/context_size/tasks/chronos2/context_length/512/univariate/Finland_Traffic/15T/short/run_0/metrics_summary.json
    Metrics summary (averaged over all series/windows/variates):
      MSE: 1416.2941
      MAE: 22.5519
      RMSE: 27.1346
      MAPE: 0.3143
      sMAPE: 0.2342
      MASE: 0.5479
      ND: 0.2811
      CRPS: 0.2276
  Completed: 1 series × 186 windows
  Output: /fslarge/scratch/users/h61084/codes/evaluating_tsfms/outputs/context_size/tasks/chronos2/context_length/512/univariate/Finland_Traffic/15T/short/run_0

--- Term: medium ---
  Config: prediction_length=96, test_length=2976, val_length=2880
TIME run allocation action=new run=/fslarge/scratch/users/h61084/codes/evaluating_tsfms/outputs/context_size/tasks/chronos2/context_length/512/univariate/Finland_Traffic/15T/medium/run_0 launch_id=selena_context_size_20260920T193931Z_45055 slurm_job_id=3506742 launched_at=2026-09-20T20:03:01.587959+00:00
  Initializing Chronos pipeline (/fslarge/scratch/users/h61084/weights/chronos2)...
  Dataset info:
    - Frequency: 15T
    - Num series: 1
    - Target dim: 1
    - Target mode: univariate
    - Covariate channels: 0
    - Series length: min=35136, max=35136, avg=35136.0
    - Test split: 2976 steps
    - Prediction length: 96
    - Windows: 31
    Total instances: 31, Series during experiment: 1, Windows: 31
    Collecting ground truth and context...
    Organizing data into arrays...
    Saved predictions (quantiles) to /fslarge/scratch/users/h61084/codes/evaluating_tsfms/outputs/context_size/tasks/chronos2/context_length/512/univariate/Finland_Traffic/15T/medium/run_0/predictions.npz
    Computing per-window metrics...
    Saved metrics to /fslarge/scratch/users/h61084/codes/evaluating_tsfms/outputs/context_size/tasks/chronos2/context_length/512/univariate/Finland_Traffic/15T/medium/run_0/metrics.npz
    Saved config to /fslarge/scratch/users/h61084/codes/evaluating_tsfms/outputs/context_size/tasks/chronos2/context_length/512/univariate/Finland_Traffic/15T/medium/run_0/config.json
    Saved aggregate metrics to /fslarge/scratch/users/h61084/codes/evaluating_tsfms/outputs/context_size/tasks/chronos2/context_length/512/univariate/Finland_Traffic/15T/medium/run_0/metrics_summary.json
    Metrics summary (averaged over all series/windows/variates):
      MSE: 2485.0275
      MAE: 31.6140
      RMSE: 44.5459
      MAPE: 0.3683
      sMAPE: 0.2807
      MASE: 0.7678
      ND: 0.2529
      CRPS: 0.1996
  Completed: 1 series × 31 windows
  Output: /fslarge/scratch/users/h61084/codes/evaluating_tsfms/outputs/context_size/tasks/chronos2/context_length/512/univariate/Finland_Traffic/15T/medium/run_0

--- Term: long ---
  Config: prediction_length=672, test_length=2976, val_length=2880
TIME run allocation action=new run=/fslarge/scratch/users/h61084/codes/evaluating_tsfms/outputs/context_size/tasks/chronos2/context_length/512/univariate/Finland_Traffic/15T/long/run_0 launch_id=selena_context_size_20260920T193931Z_45055 slurm_job_id=3506742 launched_at=2026-09-20T20:03:01.881792+00:00
  Initializing Chronos pipeline (/fslarge/scratch/users/h61084/weights/chronos2)...
  Dataset info:
    - Frequency: 15T
    - Num series: 1
    - Target dim: 1
    - Target mode: univariate
    - Covariate channels: 0
    - Series length: min=35136, max=35136, avg=35136.0
    - Test split: 2976 steps
    - Prediction length: 672
    - Windows: 4
    Total instances: 4, Series during experiment: 1, Windows: 4
    Collecting ground truth and context...
    Organizing data into arrays...
    Saved predictions (quantiles) to /fslarge/scratch/users/h61084/codes/evaluating_tsfms/outputs/context_size/tasks/chronos2/context_length/512/univariate/Finland_Traffic/15T/long/run_0/predictions.npz
    Computing per-window metrics...
    Saved metrics to /fslarge/scratch/users/h61084/codes/evaluating_tsfms/outputs/context_size/tasks/chronos2/context_length/512/univariate/Finland_Traffic/15T/long/run_0/metrics.npz
    Saved config to /fslarge/scratch/users/h61084/codes/evaluating_tsfms/outputs/context_size/tasks/chronos2/context_length/512/univariate/Finland_Traffic/15T/long/run_0/config.json
    Saved aggregate metrics to /fslarge/scratch/users/h61084/codes/evaluating_tsfms/outputs/context_size/tasks/chronos2/context_length/512/univariate/Finland_Traffic/15T/long/run_0/metrics_summary.json
    Metrics summary (averaged over all series/windows/variates):
      MSE: 2279.1982
      MAE: 29.3488
      RMSE: 46.3626
      MAPE: 0.4154
      sMAPE: 0.2706
      MASE: 0.7118
      ND: 0.2259
      CRPS: 0.1836
  Completed: 1 series × 4 windows
  Output: /fslarge/scratch/users/h61084/codes/evaluating_tsfms/outputs/context_size/tasks/chronos2/context_length/512/univariate/Finland_Traffic/15T/long/run_0

============================================================
All experiments completed!
Results saved to: /scratch/users/h61084/codes/evaluating_tsfms/outputs/context_size/tasks
============================================================

############################################################
# All 1 dataset(s) completed!
############################################################

############################################################
# Dataset 1/1: Port_Activity/D
############################################################
[2026-09-20 20:03:10 UTC] resources model_device {"device": "cuda", "model": "chronos2"}
Loading configuration...

============================================================
Dataset: Port_Activity/D
Model: amazon/chronos-2
Checkpoint: /fslarge/scratch/users/h61084/weights/chronos2
Terms: ['short']
Covariate mode: none
Instance normalization: none
============================================================

--- Term: short ---
  Config: prediction_length=30, test_length=365, val_length=90
TIME run allocation action=new run=/fslarge/scratch/users/h61084/codes/evaluating_tsfms/outputs/context_size/tasks/chronos2/context_length/512/multivariate/Port_Activity/D/short/run_0 launch_id=selena_context_size_20260920T193931Z_45055 slurm_job_id=3506742 launched_at=2026-09-20T20:03:10.597578+00:00
  Initializing Chronos pipeline (/fslarge/scratch/users/h61084/weights/chronos2)...
  Dataset info:
    - Frequency: D
    - Num series: 99
    - Target dim: 2
    - Target mode: multivariate
    - Covariate channels: 0
    - Series length: min=2127, max=2127, avg=2127.0
    - Test split: 365 steps
    - Prediction length: 30
    - Windows: 12
    Processed 160/1188...
    Processed 320/1188...
    Processed 480/1188...
    Processed 640/1188...
    Processed 800/1188...
    Processed 960/1188...
    Processed 1120/1188...
    Total instances: 1188, Series during experiment: 99, Windows: 12
    Collecting ground truth and context...
    Organizing data into arrays...
    ⚠️  Predictions max value (534276.88) exceeds float16 safe range.
    ⚠️  Applying scale factor: 10 (values will be divided)
    Saved predictions (quantiles) to /fslarge/scratch/users/h61084/codes/evaluating_tsfms/outputs/context_size/tasks/chronos2/context_length/512/multivariate/Port_Activity/D/short/run_0/predictions.npz
    Computing per-window metrics...
    Saved metrics to /fslarge/scratch/users/h61084/codes/evaluating_tsfms/outputs/context_size/tasks/chronos2/context_length/512/multivariate/Port_Activity/D/short/run_0/metrics.npz
    Saved config to /fslarge/scratch/users/h61084/codes/evaluating_tsfms/outputs/context_size/tasks/chronos2/context_length/512/multivariate/Port_Activity/D/short/run_0/config.json
    Saved aggregate metrics to /fslarge/scratch/users/h61084/codes/evaluating_tsfms/outputs/context_size/tasks/chronos2/context_length/512/multivariate/Port_Activity/D/short/run_0/metrics_summary.json
    Metrics summary (averaged over all series/windows/variates):
      MSE: 960417758.7437
      MAE: 15480.7671
      RMSE: 21305.0033
      MAPE: 2.6374
      sMAPE: 0.9527
      MASE: 0.6607
      ND: 0.7384
      CRPS: 0.5897
  Completed: 99 series × 12 windows
  Output: /fslarge/scratch/users/h61084/codes/evaluating_tsfms/outputs/context_size/tasks/chronos2/context_length/512/multivariate/Port_Activity/D/short/run_0

============================================================
All experiments completed!
Results saved to: /scratch/users/h61084/codes/evaluating_tsfms/outputs/context_size/tasks
============================================================

############################################################
# All 1 dataset(s) completed!
############################################################

############################################################
# Dataset 1/1: Port_Activity/W
############################################################
[2026-09-20 20:03:21 UTC] resources model_device {"device": "cuda", "model": "chronos2"}
Loading configuration...

============================================================
Dataset: Port_Activity/W
Model: amazon/chronos-2
Checkpoint: /fslarge/scratch/users/h61084/weights/chronos2
Terms: ['short']
Covariate mode: none
Instance normalization: none
============================================================

--- Term: short ---
  Config: prediction_length=13, test_length=52, val_length=13
TIME run allocation action=new run=/fslarge/scratch/users/h61084/codes/evaluating_tsfms/outputs/context_size/tasks/chronos2/context_length/512/multivariate/Port_Activity/W/short/run_0 launch_id=selena_context_size_20260920T193931Z_45055 slurm_job_id=3506742 launched_at=2026-09-20T20:03:21.350530+00:00
  Initializing Chronos pipeline (/fslarge/scratch/users/h61084/weights/chronos2)...
  Dataset info:
    - Frequency: W
    - Num series: 99
    - Target dim: 2
    - Target mode: multivariate
    - Covariate channels: 0
    - Series length: min=304, max=304, avg=304.0
    - Test split: 52 steps
    - Prediction length: 13
    - Windows: 4
    Processed 160/396...
    Processed 320/396...
    Total instances: 396, Series during experiment: 99, Windows: 4
    Collecting ground truth and context...
    Organizing data into arrays...
    ⚠️  Predictions max value (2878480.00) exceeds float16 safe range.
    ⚠️  Applying scale factor: 100 (values will be divided)
    Saved predictions (quantiles) to /fslarge/scratch/users/h61084/codes/evaluating_tsfms/outputs/context_size/tasks/chronos2/context_length/512/multivariate/Port_Activity/W/short/run_0/predictions.npz
    Computing per-window metrics...
    Saved metrics to /fslarge/scratch/users/h61084/codes/evaluating_tsfms/outputs/context_size/tasks/chronos2/context_length/512/multivariate/Port_Activity/W/short/run_0/metrics.npz
    Saved config to /fslarge/scratch/users/h61084/codes/evaluating_tsfms/outputs/context_size/tasks/chronos2/context_length/512/multivariate/Port_Activity/W/short/run_0/config.json
    Saved aggregate metrics to /fslarge/scratch/users/h61084/codes/evaluating_tsfms/outputs/context_size/tasks/chronos2/context_length/512/multivariate/Port_Activity/W/short/run_0/metrics_summary.json
    Metrics summary (averaged over all series/windows/variates):
      MSE: 5925837164.9694
      MAE: 43773.5301
      RMSE: 53543.8607
      MAPE: 0.6257
      sMAPE: 0.3408
      MASE: 0.7793
      ND: 0.3350
      CRPS: 0.2604
  Completed: 99 series × 4 windows
  Output: /fslarge/scratch/users/h61084/codes/evaluating_tsfms/outputs/context_size/tasks/chronos2/context_length/512/multivariate/Port_Activity/W/short/run_0

============================================================
All experiments completed!
Results saved to: /scratch/users/h61084/codes/evaluating_tsfms/outputs/context_size/tasks
============================================================

############################################################
# All 1 dataset(s) completed!
############################################################

############################################################
# Dataset 1/1: ECDC_COVID/D
############################################################
[2026-09-20 20:03:30 UTC] resources model_device {"device": "cuda", "model": "chronos2"}
Loading configuration...

============================================================
Dataset: ECDC_COVID/D
Model: amazon/chronos-2
Checkpoint: /fslarge/scratch/users/h61084/weights/chronos2
Terms: ['short']
Covariate mode: none
Instance normalization: none
============================================================

--- Term: short ---
  Config: prediction_length=30, test_length=150, val_length=30
TIME run allocation action=new run=/fslarge/scratch/users/h61084/codes/evaluating_tsfms/outputs/context_size/tasks/chronos2/context_length/512/univariate/ECDC_COVID/D/short/run_0 launch_id=selena_context_size_20260920T193931Z_45055 slurm_job_id=3506742 launched_at=2026-09-20T20:03:31.027024+00:00
  Initializing Chronos pipeline (/fslarge/scratch/users/h61084/weights/chronos2)...
  Dataset info:
    - Frequency: D
    - Num series: 9
    - Target dim: 1
    - Target mode: univariate
    - Covariate channels: 0
    - Series length: min=794, max=1229, avg=1116.6
    - Test split: 150 steps
    - Prediction length: 30
    - Windows: 5
    Total instances: 45, Series during experiment: 9, Windows: 5
    Collecting ground truth and context...
    Organizing data into arrays...
    Saved predictions (quantiles) to /fslarge/scratch/users/h61084/codes/evaluating_tsfms/outputs/context_size/tasks/chronos2/context_length/512/univariate/ECDC_COVID/D/short/run_0/predictions.npz
    Computing per-window metrics...
    Saved metrics to /fslarge/scratch/users/h61084/codes/evaluating_tsfms/outputs/context_size/tasks/chronos2/context_length/512/univariate/ECDC_COVID/D/short/run_0/metrics.npz
    Saved config to /fslarge/scratch/users/h61084/codes/evaluating_tsfms/outputs/context_size/tasks/chronos2/context_length/512/univariate/ECDC_COVID/D/short/run_0/config.json
    Saved aggregate metrics to /fslarge/scratch/users/h61084/codes/evaluating_tsfms/outputs/context_size/tasks/chronos2/context_length/512/univariate/ECDC_COVID/D/short/run_0/metrics_summary.json
    Metrics summary (averaged over all series/windows/variates):
      MSE: 35278.1227
      MAE: 107.0210
      RMSE: 125.3438
      MAPE: 0.4605
      sMAPE: 0.3176
      MASE: 2.9716
      ND: 0.3411
      CRPS: 0.2716
  Completed: 9 series × 5 windows
  Output: /fslarge/scratch/users/h61084/codes/evaluating_tsfms/outputs/context_size/tasks/chronos2/context_length/512/univariate/ECDC_COVID/D/short/run_0

============================================================
All experiments completed!
Results saved to: /scratch/users/h61084/codes/evaluating_tsfms/outputs/context_size/tasks
============================================================

############################################################
# All 1 dataset(s) completed!
############################################################

############################################################
# Dataset 1/1: ECDC_COVID/W
############################################################
[2026-09-20 20:03:40 UTC] resources model_device {"device": "cuda", "model": "chronos2"}
Loading configuration...

============================================================
Dataset: ECDC_COVID/W
Model: amazon/chronos-2
Checkpoint: /fslarge/scratch/users/h61084/weights/chronos2
Terms: ['short']
Covariate mode: none
Instance normalization: none
============================================================

--- Term: short ---
  Config: prediction_length=13, test_length=52, val_length=13
TIME run allocation action=new run=/fslarge/scratch/users/h61084/codes/evaluating_tsfms/outputs/context_size/tasks/chronos2/context_length/512/univariate/ECDC_COVID/W/short/run_0 launch_id=selena_context_size_20260920T193931Z_45055 slurm_job_id=3506742 launched_at=2026-09-20T20:03:40.432709+00:00
  Initializing Chronos pipeline (/fslarge/scratch/users/h61084/weights/chronos2)...
  Dataset info:
    - Frequency: W
    - Num series: 16
    - Target dim: 1
    - Target mode: univariate
    - Covariate channels: 0
    - Series length: min=114, max=196, avg=165.4
    - Test split: 52 steps
    - Prediction length: 13
    - Windows: 4
    Total instances: 64, Series during experiment: 16, Windows: 4
    Collecting ground truth and context...
    Organizing data into arrays...
    Saved predictions (quantiles) to /fslarge/scratch/users/h61084/codes/evaluating_tsfms/outputs/context_size/tasks/chronos2/context_length/512/univariate/ECDC_COVID/W/short/run_0/predictions.npz
    Computing per-window metrics...
    Saved metrics to /fslarge/scratch/users/h61084/codes/evaluating_tsfms/outputs/context_size/tasks/chronos2/context_length/512/univariate/ECDC_COVID/W/short/run_0/metrics.npz
    Saved config to /fslarge/scratch/users/h61084/codes/evaluating_tsfms/outputs/context_size/tasks/chronos2/context_length/512/univariate/ECDC_COVID/W/short/run_0/config.json
    Saved aggregate metrics to /fslarge/scratch/users/h61084/codes/evaluating_tsfms/outputs/context_size/tasks/chronos2/context_length/512/univariate/ECDC_COVID/W/short/run_0/metrics_summary.json
    Metrics summary (averaged over all series/windows/variates):
      MSE: 2437816.6815
      MAE: 573.4416
      RMSE: 668.2329
      MAPE: 1.0931
      sMAPE: 0.5419
      MASE: 1.4614
      ND: 0.6585
      CRPS: 0.5471
  Completed: 16 series × 4 windows
  Output: /fslarge/scratch/users/h61084/codes/evaluating_tsfms/outputs/context_size/tasks/chronos2/context_length/512/univariate/ECDC_COVID/W/short/run_0

============================================================
All experiments completed!
Results saved to: /scratch/users/h61084/codes/evaluating_tsfms/outputs/context_size/tasks
============================================================

############################################################
# All 1 dataset(s) completed!
############################################################

############################################################
# Dataset 1/1: Global_Influenza/W
############################################################
[2026-09-20 20:03:50 UTC] resources model_device {"device": "cuda", "model": "chronos2"}
Loading configuration...

============================================================
Dataset: Global_Influenza/W
Model: amazon/chronos-2
Checkpoint: /fslarge/scratch/users/h61084/weights/chronos2
Terms: ['short']
Covariate mode: none
Instance normalization: none
============================================================

--- Term: short ---
  Config: prediction_length=13, test_length=52, val_length=13
TIME run allocation action=new run=/fslarge/scratch/users/h61084/codes/evaluating_tsfms/outputs/context_size/tasks/chronos2/context_length/512/multivariate/Global_Influenza/W/short/run_0 launch_id=selena_context_size_20260920T193931Z_45055 slurm_job_id=3506742 launched_at=2026-09-20T20:03:50.034762+00:00
  Initializing Chronos pipeline (/fslarge/scratch/users/h61084/weights/chronos2)...
  Dataset info:
    - Frequency: W
    - Num series: 15
    - Target dim: 4
    - Target mode: multivariate
    - Covariate channels: 0
    - Series length: min=154, max=210, avg=205.6
    - Test split: 52 steps
    - Prediction length: 13
    - Windows: 4
    Total instances: 60, Series during experiment: 15, Windows: 4
    Collecting ground truth and context...
    Organizing data into arrays...
    ⚠️  Predictions max value (95591.98) exceeds float16 safe range.
    ⚠️  Applying scale factor: 10 (values will be divided)
    Saved predictions (quantiles) to /fslarge/scratch/users/h61084/codes/evaluating_tsfms/outputs/context_size/tasks/chronos2/context_length/512/multivariate/Global_Influenza/W/short/run_0/predictions.npz
    Computing per-window metrics...
    Saved metrics to /fslarge/scratch/users/h61084/codes/evaluating_tsfms/outputs/context_size/tasks/chronos2/context_length/512/multivariate/Global_Influenza/W/short/run_0/metrics.npz
    Saved config to /fslarge/scratch/users/h61084/codes/evaluating_tsfms/outputs/context_size/tasks/chronos2/context_length/512/multivariate/Global_Influenza/W/short/run_0/config.json
    Saved aggregate metrics to /fslarge/scratch/users/h61084/codes/evaluating_tsfms/outputs/context_size/tasks/chronos2/context_length/512/multivariate/Global_Influenza/W/short/run_0/metrics_summary.json
    Metrics summary (averaged over all series/windows/variates):
      MSE: 2304468.1153
      MAE: 429.1852
      RMSE: 544.7524
      MAPE: 0.6197
      sMAPE: 0.4561
      MASE: 2.6876
      ND: 0.4566
      CRPS: 0.3643
  Completed: 15 series × 4 windows
  Output: /fslarge/scratch/users/h61084/codes/evaluating_tsfms/outputs/context_size/tasks/chronos2/context_length/512/multivariate/Global_Influenza/W/short/run_0

============================================================
All experiments completed!
Results saved to: /scratch/users/h61084/codes/evaluating_tsfms/outputs/context_size/tasks
============================================================

############################################################
# All 1 dataset(s) completed!
############################################################

############################################################
# Dataset 1/1: Crypto/D
############################################################
[2026-09-20 20:03:59 UTC] resources model_device {"device": "cuda", "model": "chronos2"}
Loading configuration...

============================================================
Dataset: Crypto/D
Model: amazon/chronos-2
Checkpoint: /fslarge/scratch/users/h61084/weights/chronos2
Terms: ['short']
Covariate mode: none
Instance normalization: none
============================================================

--- Term: short ---
  Config: prediction_length=30, test_length=273, val_length=92
TIME run allocation action=new run=/fslarge/scratch/users/h61084/codes/evaluating_tsfms/outputs/context_size/tasks/chronos2/context_length/512/multivariate/Crypto/D/short/run_0 launch_id=selena_context_size_20260920T193931Z_45055 slurm_job_id=3506742 launched_at=2026-09-20T20:03:59.400153+00:00
  Initializing Chronos pipeline (/fslarge/scratch/users/h61084/weights/chronos2)...
  Dataset info:
    - Frequency: D
    - Num series: 1
    - Target dim: 4
    - Target mode: multivariate
    - Covariate channels: 0
    - Series length: min=2842, max=2842, avg=2842.0
    - Test split: 273 steps
    - Prediction length: 30
    - Windows: 9
    Total instances: 9, Series during experiment: 1, Windows: 9
    Collecting ground truth and context...
    Organizing data into arrays...
    ⚠️  Predictions max value (126066.43) exceeds float16 safe range.
    ⚠️  Applying scale factor: 10 (values will be divided)
    Saved predictions (quantiles) to /fslarge/scratch/users/h61084/codes/evaluating_tsfms/outputs/context_size/tasks/chronos2/context_length/512/multivariate/Crypto/D/short/run_0/predictions.npz
    Computing per-window metrics...
    Saved metrics to /fslarge/scratch/users/h61084/codes/evaluating_tsfms/outputs/context_size/tasks/chronos2/context_length/512/multivariate/Crypto/D/short/run_0/metrics.npz
    Saved config to /fslarge/scratch/users/h61084/codes/evaluating_tsfms/outputs/context_size/tasks/chronos2/context_length/512/multivariate/Crypto/D/short/run_0/config.json
    Saved aggregate metrics to /fslarge/scratch/users/h61084/codes/evaluating_tsfms/outputs/context_size/tasks/chronos2/context_length/512/multivariate/Crypto/D/short/run_0/metrics_summary.json
    Metrics summary (averaged over all series/windows/variates):
      MSE: 13289838.6416
      MAE: 1462.6682
      RMSE: 1709.0377
      MAPE: 0.0932
      sMAPE: 0.0940
      MASE: 6.4085
      ND: 0.0946
      CRPS: 0.0744
  Completed: 1 series × 9 windows
  Output: /fslarge/scratch/users/h61084/codes/evaluating_tsfms/outputs/context_size/tasks/chronos2/context_length/512/multivariate/Crypto/D/short/run_0

============================================================
All experiments completed!
Results saved to: /scratch/users/h61084/codes/evaluating_tsfms/outputs/context_size/tasks
============================================================

############################################################
# All 1 dataset(s) completed!
############################################################

############################################################
# Dataset 1/1: US_Term_Structure/B
############################################################
[2026-09-20 20:04:08 UTC] resources model_device {"device": "cuda", "model": "chronos2"}
Loading configuration...

============================================================
Dataset: US_Term_Structure/B
Model: amazon/chronos-2
Checkpoint: /fslarge/scratch/users/h61084/weights/chronos2
Terms: ['short']
Covariate mode: none
Instance normalization: none
============================================================

--- Term: short ---
  Config: prediction_length=20, test_length=717, val_length=100
TIME run allocation action=new run=/fslarge/scratch/users/h61084/codes/evaluating_tsfms/outputs/context_size/tasks/chronos2/context_length/512/multivariate/US_Term_Structure/B/short/run_0 launch_id=selena_context_size_20260920T193931Z_45055 slurm_job_id=3506742 launched_at=2026-09-20T20:04:08.788179+00:00
  Initializing Chronos pipeline (/fslarge/scratch/users/h61084/weights/chronos2)...
  Dataset info:
    - Frequency: B
    - Num series: 1
    - Target dim: 40
    - Target mode: multivariate
    - Covariate channels: 0
    - Series length: min=9326, max=9326, avg=9326.0
    - Test split: 717 steps
    - Prediction length: 20
    - Windows: 35
    Total instances: 35, Series during experiment: 1, Windows: 35
    Collecting ground truth and context...
    Organizing data into arrays...
    Saved predictions (quantiles) to /fslarge/scratch/users/h61084/codes/evaluating_tsfms/outputs/context_size/tasks/chronos2/context_length/512/multivariate/US_Term_Structure/B/short/run_0/predictions.npz
    Computing per-window metrics...
    Saved metrics to /fslarge/scratch/users/h61084/codes/evaluating_tsfms/outputs/context_size/tasks/chronos2/context_length/512/multivariate/US_Term_Structure/B/short/run_0/metrics.npz
    Saved config to /fslarge/scratch/users/h61084/codes/evaluating_tsfms/outputs/context_size/tasks/chronos2/context_length/512/multivariate/US_Term_Structure/B/short/run_0/config.json
    Saved aggregate metrics to /fslarge/scratch/users/h61084/codes/evaluating_tsfms/outputs/context_size/tasks/chronos2/context_length/512/multivariate/US_Term_Structure/B/short/run_0/metrics_summary.json
    Metrics summary (averaged over all series/windows/variates):
      MSE: 0.0230
      MAE: 0.1011
      RMSE: 0.1218
      MAPE: 0.9210
      sMAPE: 0.2660
      MASE: 1.4905
      ND: 0.2577
      CRPS: 0.2075
  Completed: 1 series × 35 windows
  Output: /fslarge/scratch/users/h61084/codes/evaluating_tsfms/outputs/context_size/tasks/chronos2/context_length/512/multivariate/US_Term_Structure/B/short/run_0

============================================================
All experiments completed!
Results saved to: /scratch/users/h61084/codes/evaluating_tsfms/outputs/context_size/tasks
============================================================

############################################################
# All 1 dataset(s) completed!
############################################################

############################################################
# Dataset 1/1: Oil_Price/B
############################################################
[2026-09-20 20:04:18 UTC] resources model_device {"device": "cuda", "model": "chronos2"}
Loading configuration...

============================================================
Dataset: Oil_Price/B
Model: amazon/chronos-2
Checkpoint: /fslarge/scratch/users/h61084/weights/chronos2
Terms: ['short']
Covariate mode: none
Instance normalization: none
============================================================

--- Term: short ---
  Config: prediction_length=20, test_length=717, val_length=100
TIME run allocation action=new run=/fslarge/scratch/users/h61084/codes/evaluating_tsfms/outputs/context_size/tasks/chronos2/context_length/512/multivariate/Oil_Price/B/short/run_0 launch_id=selena_context_size_20260920T193931Z_45055 slurm_job_id=3506742 launched_at=2026-09-20T20:04:19.020393+00:00
  Initializing Chronos pipeline (/fslarge/scratch/users/h61084/weights/chronos2)...
  Dataset info:
    - Frequency: B
    - Num series: 1
    - Target dim: 12
    - Target mode: multivariate
    - Covariate channels: 0
    - Series length: min=5035, max=5035, avg=5035.0
    - Test split: 717 steps
    - Prediction length: 20
    - Windows: 35
    Total instances: 35, Series during experiment: 1, Windows: 35
    Collecting ground truth and context...
    Organizing data into arrays...
    Saved predictions (quantiles) to /fslarge/scratch/users/h61084/codes/evaluating_tsfms/outputs/context_size/tasks/chronos2/context_length/512/multivariate/Oil_Price/B/short/run_0/predictions.npz
    Computing per-window metrics...
    Saved metrics to /fslarge/scratch/users/h61084/codes/evaluating_tsfms/outputs/context_size/tasks/chronos2/context_length/512/multivariate/Oil_Price/B/short/run_0/metrics.npz
    Saved config to /fslarge/scratch/users/h61084/codes/evaluating_tsfms/outputs/context_size/tasks/chronos2/context_length/512/multivariate/Oil_Price/B/short/run_0/config.json
    Saved aggregate metrics to /fslarge/scratch/users/h61084/codes/evaluating_tsfms/outputs/context_size/tasks/chronos2/context_length/512/multivariate/Oil_Price/B/short/run_0/metrics_summary.json
    Metrics summary (averaged over all series/windows/variates):
      MSE: 2.9881
      MAE: 0.6701
      RMSE: 0.7714
      MAPE: 0.0566
      sMAPE: 0.0558
      MASE: 1.3474
      ND: 0.0562
      CRPS: 0.0451
  Completed: 1 series × 35 windows
  Output: /fslarge/scratch/users/h61084/codes/evaluating_tsfms/outputs/context_size/tasks/chronos2/context_length/512/multivariate/Oil_Price/B/short/run_0

============================================================
All experiments completed!
Results saved to: /scratch/users/h61084/codes/evaluating_tsfms/outputs/context_size/tasks
============================================================

############################################################
# All 1 dataset(s) completed!
############################################################

############################################################
# Dataset 1/1: Job_Claims/W
############################################################
[2026-09-20 20:04:28 UTC] resources model_device {"device": "cuda", "model": "chronos2"}
Loading configuration...

============================================================
Dataset: Job_Claims/W
Model: amazon/chronos-2
Checkpoint: /fslarge/scratch/users/h61084/weights/chronos2
Terms: ['short']
Covariate mode: none
Instance normalization: none
============================================================

--- Term: short ---
  Config: prediction_length=13, test_length=52, val_length=13
TIME run allocation action=new run=/fslarge/scratch/users/h61084/codes/evaluating_tsfms/outputs/context_size/tasks/chronos2/context_length/512/multivariate/Job_Claims/W/short/run_0 launch_id=selena_context_size_20260920T193931Z_45055 slurm_job_id=3506742 launched_at=2026-09-20T20:04:28.659417+00:00
  Initializing Chronos pipeline (/fslarge/scratch/users/h61084/weights/chronos2)...
  Dataset info:
    - Frequency: W
    - Num series: 1
    - Target dim: 2
    - Target mode: multivariate
    - Covariate channels: 0
    - Series length: min=196, max=196, avg=196.0
    - Test split: 52 steps
    - Prediction length: 13
    - Windows: 4
    Total instances: 4, Series during experiment: 1, Windows: 4
    Collecting ground truth and context...
    Organizing data into arrays...
    ⚠️  Predictions max value (2030934.38) exceeds float16 safe range.
    ⚠️  Applying scale factor: 100 (values will be divided)
    Saved predictions (quantiles) to /fslarge/scratch/users/h61084/codes/evaluating_tsfms/outputs/context_size/tasks/chronos2/context_length/512/multivariate/Job_Claims/W/short/run_0/predictions.npz
    Computing per-window metrics...
    Saved metrics to /fslarge/scratch/users/h61084/codes/evaluating_tsfms/outputs/context_size/tasks/chronos2/context_length/512/multivariate/Job_Claims/W/short/run_0/metrics.npz
    Saved config to /fslarge/scratch/users/h61084/codes/evaluating_tsfms/outputs/context_size/tasks/chronos2/context_length/512/multivariate/Job_Claims/W/short/run_0/config.json
    Saved aggregate metrics to /fslarge/scratch/users/h61084/codes/evaluating_tsfms/outputs/context_size/tasks/chronos2/context_length/512/multivariate/Job_Claims/W/short/run_0/metrics_summary.json
    Metrics summary (averaged over all series/windows/variates):
      MSE: 801192465.5035
      MAE: 18632.7230
      RMSE: 22058.7635
      MAPE: 0.0235
      sMAPE: 0.0238
      MASE: 3.1438
      ND: 0.0238
      CRPS: 0.0184
  Completed: 1 series × 4 windows
  Output: /fslarge/scratch/users/h61084/codes/evaluating_tsfms/outputs/context_size/tasks/chronos2/context_length/512/multivariate/Job_Claims/W/short/run_0

============================================================
All experiments completed!
Results saved to: /scratch/users/h61084/codes/evaluating_tsfms/outputs/context_size/tasks
============================================================

############################################################
# All 1 dataset(s) completed!
############################################################

############################################################
# Dataset 1/1: Uncertainty_1M/M
############################################################
[2026-09-20 20:04:37 UTC] resources model_device {"device": "cuda", "model": "chronos2"}
Loading configuration...

============================================================
Dataset: Uncertainty_1M/M
Model: amazon/chronos-2
Checkpoint: /fslarge/scratch/users/h61084/weights/chronos2
Terms: ['short']
Covariate mode: none
Instance normalization: none
============================================================

--- Term: short ---
  Config: prediction_length=6, test_length=42, val_length=18
TIME run allocation action=new run=/fslarge/scratch/users/h61084/codes/evaluating_tsfms/outputs/context_size/tasks/chronos2/context_length/512/multivariate/Uncertainty_1M/M/short/run_0 launch_id=selena_context_size_20260920T193931Z_45055 slurm_job_id=3506742 launched_at=2026-09-20T20:04:37.967084+00:00
  Initializing Chronos pipeline (/fslarge/scratch/users/h61084/weights/chronos2)...
  Dataset info:
    - Frequency: M
    - Num series: 1
    - Target dim: 3
    - Target mode: multivariate
    - Covariate channels: 0
    - Series length: min=780, max=780, avg=780.0
    - Test split: 42 steps
    - Prediction length: 6
    - Windows: 7
    Total instances: 7, Series during experiment: 1, Windows: 7
    Collecting ground truth and context...
    Organizing data into arrays...
    Saved predictions (quantiles) to /fslarge/scratch/users/h61084/codes/evaluating_tsfms/outputs/context_size/tasks/chronos2/context_length/512/multivariate/Uncertainty_1M/M/short/run_0/predictions.npz
    Computing per-window metrics...
    Saved metrics to /fslarge/scratch/users/h61084/codes/evaluating_tsfms/outputs/context_size/tasks/chronos2/context_length/512/multivariate/Uncertainty_1M/M/short/run_0/metrics.npz
    Saved config to /fslarge/scratch/users/h61084/codes/evaluating_tsfms/outputs/context_size/tasks/chronos2/context_length/512/multivariate/Uncertainty_1M/M/short/run_0/config.json
    Saved aggregate metrics to /fslarge/scratch/users/h61084/codes/evaluating_tsfms/outputs/context_size/tasks/chronos2/context_length/512/multivariate/Uncertainty_1M/M/short/run_0/metrics_summary.json
    Metrics summary (averaged over all series/windows/variates):
      MSE: 0.0014
      MAE: 0.0290
      RMSE: 0.0327
      MAPE: 0.0359
      sMAPE: 0.0352
      MASE: 0.3585
      ND: 0.0357
      CRPS: 0.0275
  Completed: 1 series × 7 windows
  Output: /fslarge/scratch/users/h61084/codes/evaluating_tsfms/outputs/context_size/tasks/chronos2/context_length/512/multivariate/Uncertainty_1M/M/short/run_0

============================================================
All experiments completed!
Results saved to: /scratch/users/h61084/codes/evaluating_tsfms/outputs/context_size/tasks
============================================================

############################################################
# All 1 dataset(s) completed!
############################################################

############################################################
# Dataset 1/1: Housing_Inventory/M
############################################################
[2026-09-20 20:04:47 UTC] resources model_device {"device": "cuda", "model": "chronos2"}
Loading configuration...

============================================================
Dataset: Housing_Inventory/M
Model: amazon/chronos-2
Checkpoint: /fslarge/scratch/users/h61084/weights/chronos2
Terms: ['short']
Covariate mode: none
Instance normalization: none
============================================================

--- Term: short ---
  Config: prediction_length=12, test_length=36, val_length=12
TIME run allocation action=new run=/fslarge/scratch/users/h61084/codes/evaluating_tsfms/outputs/context_size/tasks/chronos2/context_length/512/multivariate/Housing_Inventory/M/short/run_0 launch_id=selena_context_size_20260920T193931Z_45055 slurm_job_id=3506742 launched_at=2026-09-20T20:04:47.189522+00:00
  Initializing Chronos pipeline (/fslarge/scratch/users/h61084/weights/chronos2)...
  Dataset info:
    - Frequency: M
    - Num series: 1
    - Target dim: 4
    - Target mode: multivariate
    - Covariate channels: 0
    - Series length: min=114, max=114, avg=114.0
    - Test split: 36 steps
    - Prediction length: 12
    - Windows: 3
    Total instances: 3, Series during experiment: 1, Windows: 3
    Collecting ground truth and context...
    Organizing data into arrays...
    ⚠️  Predictions max value (1090475.75) exceeds float16 safe range.
    ⚠️  Applying scale factor: 100 (values will be divided)
    Saved predictions (quantiles) to /fslarge/scratch/users/h61084/codes/evaluating_tsfms/outputs/context_size/tasks/chronos2/context_length/512/multivariate/Housing_Inventory/M/short/run_0/predictions.npz
    Computing per-window metrics...
    Saved metrics to /fslarge/scratch/users/h61084/codes/evaluating_tsfms/outputs/context_size/tasks/chronos2/context_length/512/multivariate/Housing_Inventory/M/short/run_0/metrics.npz
    Saved config to /fslarge/scratch/users/h61084/codes/evaluating_tsfms/outputs/context_size/tasks/chronos2/context_length/512/multivariate/Housing_Inventory/M/short/run_0/config.json
    Saved aggregate metrics to /fslarge/scratch/users/h61084/codes/evaluating_tsfms/outputs/context_size/tasks/chronos2/context_length/512/multivariate/Housing_Inventory/M/short/run_0/metrics_summary.json
    Metrics summary (averaged over all series/windows/variates):
      MSE: 5223247912.1033
      MAE: 33986.0197
      RMSE: 37384.3397
      MAPE: 0.0689
      sMAPE: 0.0693
      MASE: 0.5298
      ND: 0.0695
      CRPS: 0.0527
  Completed: 1 series × 3 windows
  Output: /fslarge/scratch/users/h61084/codes/evaluating_tsfms/outputs/context_size/tasks/chronos2/context_length/512/multivariate/Housing_Inventory/M/short/run_0

============================================================
All experiments completed!
Results saved to: /scratch/users/h61084/codes/evaluating_tsfms/outputs/context_size/tasks
============================================================

############################################################
# All 1 dataset(s) completed!
############################################################

############################################################
# Dataset 1/1: JOLTS/M
############################################################
[2026-09-20 20:04:56 UTC] resources model_device {"device": "cuda", "model": "chronos2"}
Loading configuration...

============================================================
Dataset: JOLTS/M
Model: amazon/chronos-2
Checkpoint: /fslarge/scratch/users/h61084/weights/chronos2
Terms: ['short']
Covariate mode: none
Instance normalization: none
============================================================

--- Term: short ---
  Config: prediction_length=12, test_length=60, val_length=12
TIME run allocation action=new run=/fslarge/scratch/users/h61084/codes/evaluating_tsfms/outputs/context_size/tasks/chronos2/context_length/512/multivariate/JOLTS/M/short/run_0 launch_id=selena_context_size_20260920T193931Z_45055 slurm_job_id=3506742 launched_at=2026-09-20T20:04:56.451008+00:00
  Initializing Chronos pipeline (/fslarge/scratch/users/h61084/weights/chronos2)...
  Dataset info:
    - Frequency: M
    - Num series: 1
    - Target dim: 6
    - Target mode: multivariate
    - Covariate channels: 0
    - Series length: min=297, max=297, avg=297.0
    - Test split: 60 steps
    - Prediction length: 12
    - Windows: 5
    Total instances: 5, Series during experiment: 1, Windows: 5
    Collecting ground truth and context...
    Organizing data into arrays...
    Saved predictions (quantiles) to /fslarge/scratch/users/h61084/codes/evaluating_tsfms/outputs/context_size/tasks/chronos2/context_length/512/multivariate/JOLTS/M/short/run_0/predictions.npz
    Computing per-window metrics...
    Saved metrics to /fslarge/scratch/users/h61084/codes/evaluating_tsfms/outputs/context_size/tasks/chronos2/context_length/512/multivariate/JOLTS/M/short/run_0/metrics.npz
    Saved config to /fslarge/scratch/users/h61084/codes/evaluating_tsfms/outputs/context_size/tasks/chronos2/context_length/512/multivariate/JOLTS/M/short/run_0/config.json
    Saved aggregate metrics to /fslarge/scratch/users/h61084/codes/evaluating_tsfms/outputs/context_size/tasks/chronos2/context_length/512/multivariate/JOLTS/M/short/run_0/metrics_summary.json
    Metrics summary (averaged over all series/windows/variates):
      MSE: 433577.2882
      MAE: 294.3197
      RMSE: 354.0508
      MAPE: 0.0707
      sMAPE: 0.0717
      MASE: 0.9042
      ND: 0.0708
      CRPS: 0.0576
  Completed: 1 series × 5 windows
  Output: /fslarge/scratch/users/h61084/codes/evaluating_tsfms/outputs/context_size/tasks/chronos2/context_length/512/multivariate/JOLTS/M/short/run_0

============================================================
All experiments completed!
Results saved to: /scratch/users/h61084/codes/evaluating_tsfms/outputs/context_size/tasks
============================================================

############################################################
# All 1 dataset(s) completed!
############################################################

############################################################
# Dataset 1/1: US_Labor/M
############################################################
[2026-09-20 20:05:06 UTC] resources model_device {"device": "cuda", "model": "chronos2"}
Loading configuration...

============================================================
Dataset: US_Labor/M
Model: amazon/chronos-2
Checkpoint: /fslarge/scratch/users/h61084/weights/chronos2
Terms: ['short']
Covariate mode: none
Instance normalization: none
============================================================

--- Term: short ---
  Config: prediction_length=12, test_length=60, val_length=12
TIME run allocation action=new run=/fslarge/scratch/users/h61084/codes/evaluating_tsfms/outputs/context_size/tasks/chronos2/context_length/512/multivariate/US_Labor/M/short/run_0 launch_id=selena_context_size_20260920T193931Z_45055 slurm_job_id=3506742 launched_at=2026-09-20T20:05:06.258247+00:00
  Initializing Chronos pipeline (/fslarge/scratch/users/h61084/weights/chronos2)...
  Dataset info:
    - Frequency: M
    - Num series: 1
    - Target dim: 14
    - Target mode: multivariate
    - Covariate channels: 0
    - Series length: min=380, max=380, avg=380.0
    - Test split: 60 steps
    - Prediction length: 12
    - Windows: 5
    Total instances: 5, Series during experiment: 1, Windows: 5
    Collecting ground truth and context...
    Organizing data into arrays...
    ⚠️  Predictions max value (171793.94) exceeds float16 safe range.
    ⚠️  Applying scale factor: 10 (values will be divided)
    Saved predictions (quantiles) to /fslarge/scratch/users/h61084/codes/evaluating_tsfms/outputs/context_size/tasks/chronos2/context_length/512/multivariate/US_Labor/M/short/run_0/predictions.npz
    Computing per-window metrics...
    Saved metrics to /fslarge/scratch/users/h61084/codes/evaluating_tsfms/outputs/context_size/tasks/chronos2/context_length/512/multivariate/US_Labor/M/short/run_0/metrics.npz
    Saved config to /fslarge/scratch/users/h61084/codes/evaluating_tsfms/outputs/context_size/tasks/chronos2/context_length/512/multivariate/US_Labor/M/short/run_0/config.json
    Saved aggregate metrics to /fslarge/scratch/users/h61084/codes/evaluating_tsfms/outputs/context_size/tasks/chronos2/context_length/512/multivariate/US_Labor/M/short/run_0/metrics_summary.json
    Metrics summary (averaged over all series/windows/variates):
      MSE: 829229.6449
      MAE: 417.3603
      RMSE: 460.8334
      MAPE: 0.0802
      sMAPE: 0.0699
      MASE: 1.0015
      ND: 0.0784
      CRPS: 0.0575
  Completed: 1 series × 5 windows
  Output: /fslarge/scratch/users/h61084/codes/evaluating_tsfms/outputs/context_size/tasks/chronos2/context_length/512/multivariate/US_Labor/M/short/run_0

============================================================
All experiments completed!
Results saved to: /scratch/users/h61084/codes/evaluating_tsfms/outputs/context_size/tasks
============================================================

############################################################
# All 1 dataset(s) completed!
############################################################

############################################################
# Dataset 1/1: Vehicle_Supply/M
############################################################
[2026-09-20 20:05:15 UTC] resources model_device {"device": "cuda", "model": "chronos2"}
Loading configuration...

============================================================
Dataset: Vehicle_Supply/M
Model: amazon/chronos-2
Checkpoint: /fslarge/scratch/users/h61084/weights/chronos2
Terms: ['short']
Covariate mode: none
Instance normalization: none
============================================================

--- Term: short ---
  Config: prediction_length=12, test_length=60, val_length=12
TIME run allocation action=new run=/fslarge/scratch/users/h61084/codes/evaluating_tsfms/outputs/context_size/tasks/chronos2/context_length/512/multivariate/Vehicle_Supply/M/short/run_0 launch_id=selena_context_size_20260920T193931Z_45055 slurm_job_id=3506742 launched_at=2026-09-20T20:05:15.712414+00:00
  Initializing Chronos pipeline (/fslarge/scratch/users/h61084/weights/chronos2)...
  Dataset info:
    - Frequency: M
    - Num series: 1
    - Target dim: 6
    - Target mode: multivariate
    - Covariate channels: 0
    - Series length: min=391, max=391, avg=391.0
    - Test split: 60 steps
    - Prediction length: 12
    - Windows: 5
    Total instances: 5, Series during experiment: 1, Windows: 5
    Collecting ground truth and context...
    Organizing data into arrays...
    Saved predictions (quantiles) to /fslarge/scratch/users/h61084/codes/evaluating_tsfms/outputs/context_size/tasks/chronos2/context_length/512/multivariate/Vehicle_Supply/M/short/run_0/predictions.npz
    Computing per-window metrics...
    Saved metrics to /fslarge/scratch/users/h61084/codes/evaluating_tsfms/outputs/context_size/tasks/chronos2/context_length/512/multivariate/Vehicle_Supply/M/short/run_0/metrics.npz
    Saved config to /fslarge/scratch/users/h61084/codes/evaluating_tsfms/outputs/context_size/tasks/chronos2/context_length/512/multivariate/Vehicle_Supply/M/short/run_0/config.json
    Saved aggregate metrics to /fslarge/scratch/users/h61084/codes/evaluating_tsfms/outputs/context_size/tasks/chronos2/context_length/512/multivariate/Vehicle_Supply/M/short/run_0/metrics_summary.json
    Metrics summary (averaged over all series/windows/variates):
      MSE: 2017.1984
      MAE: 18.4154
      RMSE: 22.5756
      MAPE: 0.2269
      sMAPE: 0.1917
      MASE: 0.7094
      ND: 0.2077
      CRPS: 0.1673
  Completed: 1 series × 5 windows
  Output: /fslarge/scratch/users/h61084/codes/evaluating_tsfms/outputs/context_size/tasks/chronos2/context_length/512/multivariate/Vehicle_Supply/M/short/run_0

============================================================
All experiments completed!
Results saved to: /scratch/users/h61084/codes/evaluating_tsfms/outputs/context_size/tasks
============================================================

############################################################
# All 1 dataset(s) completed!
############################################################

############################################################
# Dataset 1/1: Auto_Production_SF/M
############################################################
[2026-09-20 20:05:25 UTC] resources model_device {"device": "cuda", "model": "chronos2"}
Loading configuration...

============================================================
Dataset: Auto_Production_SF/M
Model: amazon/chronos-2
Checkpoint: /fslarge/scratch/users/h61084/weights/chronos2
Terms: ['short']
Covariate mode: none
Instance normalization: none
============================================================

--- Term: short ---
  Config: prediction_length=12, test_length=60, val_length=12
TIME run allocation action=new run=/fslarge/scratch/users/h61084/codes/evaluating_tsfms/outputs/context_size/tasks/chronos2/context_length/512/univariate/Auto_Production_SF/M/short/run_0 launch_id=selena_context_size_20260920T193931Z_45055 slurm_job_id=3506742 launched_at=2026-09-20T20:05:25.087205+00:00
  Initializing Chronos pipeline (/fslarge/scratch/users/h61084/weights/chronos2)...
  Dataset info:
    - Frequency: M
    - Num series: 1
    - Target dim: 1
    - Target mode: univariate
    - Covariate channels: 0
    - Series length: min=367, max=367, avg=367.0
    - Test split: 60 steps
    - Prediction length: 12
    - Windows: 5
    Total instances: 5, Series during experiment: 1, Windows: 5
    Collecting ground truth and context...
    Organizing data into arrays...
    Saved predictions (quantiles) to /fslarge/scratch/users/h61084/codes/evaluating_tsfms/outputs/context_size/tasks/chronos2/context_length/512/univariate/Auto_Production_SF/M/short/run_0/predictions.npz
    Computing per-window metrics...
    Saved metrics to /fslarge/scratch/users/h61084/codes/evaluating_tsfms/outputs/context_size/tasks/chronos2/context_length/512/univariate/Auto_Production_SF/M/short/run_0/metrics.npz
    Saved config to /fslarge/scratch/users/h61084/codes/evaluating_tsfms/outputs/context_size/tasks/chronos2/context_length/512/univariate/Auto_Production_SF/M/short/run_0/config.json
    Saved aggregate metrics to /fslarge/scratch/users/h61084/codes/evaluating_tsfms/outputs/context_size/tasks/chronos2/context_length/512/univariate/Auto_Production_SF/M/short/run_0/metrics_summary.json
    Metrics summary (averaged over all series/windows/variates):
      MSE: 9.2722
      MAE: 2.3963
      RMSE: 2.9463
      MAPE: 0.0248
      sMAPE: 0.0245
      MASE: 0.6044
      ND: 0.0240
      CRPS: 0.0190
  Completed: 1 series × 5 windows
  Output: /fslarge/scratch/users/h61084/codes/evaluating_tsfms/outputs/context_size/tasks/chronos2/context_length/512/univariate/Auto_Production_SF/M/short/run_0

============================================================
All experiments completed!
Results saved to: /scratch/users/h61084/codes/evaluating_tsfms/outputs/context_size/tasks
============================================================

############################################################
# All 1 dataset(s) completed!
############################################################

############################################################
# Dataset 1/1: Commodity_Production/M
############################################################
[2026-09-20 20:05:34 UTC] resources model_device {"device": "cuda", "model": "chronos2"}
Loading configuration...

============================================================
Dataset: Commodity_Production/M
Model: amazon/chronos-2
Checkpoint: /fslarge/scratch/users/h61084/weights/chronos2
Terms: ['short']
Covariate mode: none
Instance normalization: none
============================================================

--- Term: short ---
  Config: prediction_length=12, test_length=60, val_length=12
TIME run allocation action=new run=/fslarge/scratch/users/h61084/codes/evaluating_tsfms/outputs/context_size/tasks/chronos2/context_length/512/univariate/Commodity_Production/M/short/run_0 launch_id=selena_context_size_20260920T193931Z_45055 slurm_job_id=3506742 launched_at=2026-09-20T20:05:34.365265+00:00
  Initializing Chronos pipeline (/fslarge/scratch/users/h61084/weights/chronos2)...
  Dataset info:
    - Frequency: M
    - Num series: 32
    - Target dim: 1
    - Target mode: univariate
    - Covariate channels: 0
    - Series length: min=120, max=648, avg=325.1
    - Test split: 60 steps
    - Prediction length: 12
    - Windows: 5
    Processed 160/160...
    Total instances: 160, Series during experiment: 32, Windows: 5
    Collecting ground truth and context...
    Organizing data into arrays...
    Saved predictions (quantiles) to /fslarge/scratch/users/h61084/codes/evaluating_tsfms/outputs/context_size/tasks/chronos2/context_length/512/univariate/Commodity_Production/M/short/run_0/predictions.npz
    Computing per-window metrics...
    Saved metrics to /fslarge/scratch/users/h61084/codes/evaluating_tsfms/outputs/context_size/tasks/chronos2/context_length/512/univariate/Commodity_Production/M/short/run_0/metrics.npz
    Saved config to /fslarge/scratch/users/h61084/codes/evaluating_tsfms/outputs/context_size/tasks/chronos2/context_length/512/univariate/Commodity_Production/M/short/run_0/config.json
    Saved aggregate metrics to /fslarge/scratch/users/h61084/codes/evaluating_tsfms/outputs/context_size/tasks/chronos2/context_length/512/univariate/Commodity_Production/M/short/run_0/metrics_summary.json
    Metrics summary (averaged over all series/windows/variates):
      MSE: 58065.4635
      MAE: 65.7983
      RMSE: 76.7885
      MAPE: 0.2062
      sMAPE: 0.1641
      MASE: 0.9069
      ND: 0.1575
      CRPS: 0.1238
  Completed: 32 series × 5 windows
  Output: /fslarge/scratch/users/h61084/codes/evaluating_tsfms/outputs/context_size/tasks/chronos2/context_length/512/univariate/Commodity_Production/M/short/run_0

============================================================
All experiments completed!
Results saved to: /scratch/users/h61084/codes/evaluating_tsfms/outputs/context_size/tasks
============================================================

############################################################
# All 1 dataset(s) completed!
############################################################

############################################################
# Dataset 1/1: Commodity_Import/M
############################################################
[2026-09-20 20:05:43 UTC] resources model_device {"device": "cuda", "model": "chronos2"}
Loading configuration...

============================================================
Dataset: Commodity_Import/M
Model: amazon/chronos-2
Checkpoint: /fslarge/scratch/users/h61084/weights/chronos2
Terms: ['short']
Covariate mode: none
Instance normalization: none
============================================================

--- Term: short ---
  Config: prediction_length=12, test_length=60, val_length=12
TIME run allocation action=new run=/fslarge/scratch/users/h61084/codes/evaluating_tsfms/outputs/context_size/tasks/chronos2/context_length/512/univariate/Commodity_Import/M/short/run_0 launch_id=selena_context_size_20260920T193931Z_45055 slurm_job_id=3506742 launched_at=2026-09-20T20:05:43.793896+00:00
  Initializing Chronos pipeline (/fslarge/scratch/users/h61084/weights/chronos2)...
  Dataset info:
    - Frequency: M
    - Num series: 8
    - Target dim: 1
    - Target mode: univariate
    - Covariate channels: 0
    - Series length: min=254, max=1240, avg=697.2
    - Test split: 60 steps
    - Prediction length: 12
    - Windows: 5
    Total instances: 40, Series during experiment: 8, Windows: 5
    Collecting ground truth and context...
    Organizing data into arrays...
    Saved predictions (quantiles) to /fslarge/scratch/users/h61084/codes/evaluating_tsfms/outputs/context_size/tasks/chronos2/context_length/512/univariate/Commodity_Import/M/short/run_0/predictions.npz
    Computing per-window metrics...
    Saved metrics to /fslarge/scratch/users/h61084/codes/evaluating_tsfms/outputs/context_size/tasks/chronos2/context_length/512/univariate/Commodity_Import/M/short/run_0/metrics.npz
    Saved config to /fslarge/scratch/users/h61084/codes/evaluating_tsfms/outputs/context_size/tasks/chronos2/context_length/512/univariate/Commodity_Import/M/short/run_0/config.json
    Saved aggregate metrics to /fslarge/scratch/users/h61084/codes/evaluating_tsfms/outputs/context_size/tasks/chronos2/context_length/512/univariate/Commodity_Import/M/short/run_0/metrics_summary.json
    Metrics summary (averaged over all series/windows/variates):
      MSE: 1485869.8145
      MAE: 493.9762
      RMSE: 597.8033
      MAPE: 0.3738
      sMAPE: 0.2356
      MASE: 1.4405
      ND: 0.2947
      CRPS: 0.2372
  Completed: 8 series × 5 windows
  Output: /fslarge/scratch/users/h61084/codes/evaluating_tsfms/outputs/context_size/tasks/chronos2/context_length/512/univariate/Commodity_Import/M/short/run_0

============================================================
All experiments completed!
Results saved to: /scratch/users/h61084/codes/evaluating_tsfms/outputs/context_size/tasks
============================================================

############################################################
# All 1 dataset(s) completed!
############################################################

############################################################
# Dataset 1/1: WUI_Global/Q
############################################################
[2026-09-20 20:05:53 UTC] resources model_device {"device": "cuda", "model": "chronos2"}
Loading configuration...

============================================================
Dataset: WUI_Global/Q
Model: amazon/chronos-2
Checkpoint: /fslarge/scratch/users/h61084/weights/chronos2
Terms: ['short']
Covariate mode: none
Instance normalization: none
============================================================

--- Term: short ---
  Config: prediction_length=4, test_length=20, val_length=20
TIME run allocation action=new run=/fslarge/scratch/users/h61084/codes/evaluating_tsfms/outputs/context_size/tasks/chronos2/context_length/512/multivariate/WUI_Global/Q/short/run_0 launch_id=selena_context_size_20260920T193931Z_45055 slurm_job_id=3506742 launched_at=2026-09-20T20:05:53.063207+00:00
  Initializing Chronos pipeline (/fslarge/scratch/users/h61084/weights/chronos2)...
  Dataset info:
    - Frequency: Q
    - Num series: 1
    - Target dim: 15
    - Target mode: multivariate
    - Covariate channels: 0
    - Series length: min=294, max=294, avg=294.0
    - Test split: 20 steps
    - Prediction length: 4
    - Windows: 5
    Total instances: 5, Series during experiment: 1, Windows: 5
    Collecting ground truth and context...
    Organizing data into arrays...
    Saved predictions (quantiles) to /fslarge/scratch/users/h61084/codes/evaluating_tsfms/outputs/context_size/tasks/chronos2/context_length/512/multivariate/WUI_Global/Q/short/run_0/predictions.npz
    Computing per-window metrics...
    Saved metrics to /fslarge/scratch/users/h61084/codes/evaluating_tsfms/outputs/context_size/tasks/chronos2/context_length/512/multivariate/WUI_Global/Q/short/run_0/metrics.npz
    Saved config to /fslarge/scratch/users/h61084/codes/evaluating_tsfms/outputs/context_size/tasks/chronos2/context_length/512/multivariate/WUI_Global/Q/short/run_0/config.json
    Saved aggregate metrics to /fslarge/scratch/users/h61084/codes/evaluating_tsfms/outputs/context_size/tasks/chronos2/context_length/512/multivariate/WUI_Global/Q/short/run_0/metrics_summary.json
    Metrics summary (averaged over all series/windows/variates):
      MSE: 0.0447
      MAE: 0.1426
      RMSE: 0.1685
      MAPE: 0.5849
      sMAPE: 0.6087
      MASE: 0.9487
      ND: 0.6836
      CRPS: 0.5338
  Completed: 1 series × 5 windows
  Output: /fslarge/scratch/users/h61084/codes/evaluating_tsfms/outputs/context_size/tasks/chronos2/context_length/512/multivariate/WUI_Global/Q/short/run_0

============================================================
All experiments completed!
Results saved to: /scratch/users/h61084/codes/evaluating_tsfms/outputs/context_size/tasks
============================================================

############################################################
# All 1 dataset(s) completed!
############################################################

############################################################
# Dataset 1/1: Global_Price/Q
############################################################
[2026-09-20 20:06:02 UTC] resources model_device {"device": "cuda", "model": "chronos2"}
Loading configuration...

============================================================
Dataset: Global_Price/Q
Model: amazon/chronos-2
Checkpoint: /fslarge/scratch/users/h61084/weights/chronos2
Terms: ['short']
Covariate mode: none
Instance normalization: none
============================================================

--- Term: short ---
  Config: prediction_length=4, test_length=20, val_length=8
TIME run allocation action=new run=/fslarge/scratch/users/h61084/codes/evaluating_tsfms/outputs/context_size/tasks/chronos2/context_length/512/multivariate/Global_Price/Q/short/run_0 launch_id=selena_context_size_20260920T193931Z_45055 slurm_job_id=3506742 launched_at=2026-09-20T20:06:02.341444+00:00
  Initializing Chronos pipeline (/fslarge/scratch/users/h61084/weights/chronos2)...
  Dataset info:
    - Frequency: Q
    - Num series: 1
    - Target dim: 60
    - Target mode: multivariate
    - Covariate channels: 0
    - Series length: min=142, max=142, avg=142.0
    - Test split: 20 steps
    - Prediction length: 4
    - Windows: 5
    Total instances: 5, Series during experiment: 1, Windows: 5
    Collecting ground truth and context...
    Organizing data into arrays...
    Saved predictions (quantiles) to /fslarge/scratch/users/h61084/codes/evaluating_tsfms/outputs/context_size/tasks/chronos2/context_length/512/multivariate/Global_Price/Q/short/run_0/predictions.npz
    Computing per-window metrics...
    Saved metrics to /fslarge/scratch/users/h61084/codes/evaluating_tsfms/outputs/context_size/tasks/chronos2/context_length/512/multivariate/Global_Price/Q/short/run_0/metrics.npz
    Saved config to /fslarge/scratch/users/h61084/codes/evaluating_tsfms/outputs/context_size/tasks/chronos2/context_length/512/multivariate/Global_Price/Q/short/run_0/config.json
    Saved aggregate metrics to /fslarge/scratch/users/h61084/codes/evaluating_tsfms/outputs/context_size/tasks/chronos2/context_length/512/multivariate/Global_Price/Q/short/run_0/metrics_summary.json
    Metrics summary (averaged over all series/windows/variates):
      MSE: 1336712.8818
      MAE: 267.9339
      RMSE: 312.3746
      MAPE: 0.1636
      sMAPE: 0.1726
      MASE: 1.4272
      ND: 0.1651
      CRPS: 0.1332
  Completed: 1 series × 5 windows
  Output: /fslarge/scratch/users/h61084/codes/evaluating_tsfms/outputs/context_size/tasks/chronos2/context_length/512/multivariate/Global_Price/Q/short/run_0

============================================================
All experiments completed!
Results saved to: /scratch/users/h61084/codes/evaluating_tsfms/outputs/context_size/tasks
============================================================

############################################################
# All 1 dataset(s) completed!
############################################################

############################################################
# Dataset 1/1: Vehicle_Sales/M
############################################################
[2026-09-20 20:06:11 UTC] resources model_device {"device": "cuda", "model": "chronos2"}
Loading configuration...

============================================================
Dataset: Vehicle_Sales/M
Model: amazon/chronos-2
Checkpoint: /fslarge/scratch/users/h61084/weights/chronos2
Terms: ['short']
Covariate mode: none
Instance normalization: none
============================================================

--- Term: short ---
  Config: prediction_length=12, test_length=60, val_length=12
TIME run allocation action=new run=/fslarge/scratch/users/h61084/codes/evaluating_tsfms/outputs/context_size/tasks/chronos2/context_length/512/multivariate/Vehicle_Sales/M/short/run_0 launch_id=selena_context_size_20260920T193931Z_45055 slurm_job_id=3506742 launched_at=2026-09-20T20:06:11.576842+00:00
  Initializing Chronos pipeline (/fslarge/scratch/users/h61084/weights/chronos2)...
  Dataset info:
    - Frequency: M
    - Num series: 1
    - Target dim: 10
    - Target mode: multivariate
    - Covariate channels: 0
    - Series length: min=596, max=596, avg=596.0
    - Test split: 60 steps
    - Prediction length: 12
    - Windows: 5
    Total instances: 5, Series during experiment: 1, Windows: 5
    Collecting ground truth and context...
    Organizing data into arrays...
    Saved predictions (quantiles) to /fslarge/scratch/users/h61084/codes/evaluating_tsfms/outputs/context_size/tasks/chronos2/context_length/512/multivariate/Vehicle_Sales/M/short/run_0/predictions.npz
    Computing per-window metrics...
    Saved metrics to /fslarge/scratch/users/h61084/codes/evaluating_tsfms/outputs/context_size/tasks/chronos2/context_length/512/multivariate/Vehicle_Sales/M/short/run_0/metrics.npz
    Saved config to /fslarge/scratch/users/h61084/codes/evaluating_tsfms/outputs/context_size/tasks/chronos2/context_length/512/multivariate/Vehicle_Sales/M/short/run_0/config.json
    Saved aggregate metrics to /fslarge/scratch/users/h61084/codes/evaluating_tsfms/outputs/context_size/tasks/chronos2/context_length/512/multivariate/Vehicle_Sales/M/short/run_0/metrics_summary.json
    Metrics summary (averaged over all series/windows/variates):
      MSE: 1549.5250
      MAE: 10.6070
      RMSE: 12.1206
      MAPE: 0.0863
      sMAPE: 0.0857
      MASE: 0.8281
      ND: 0.0864
      CRPS: 0.0652
  Completed: 1 series × 5 windows
  Output: /fslarge/scratch/users/h61084/codes/evaluating_tsfms/outputs/context_size/tasks/chronos2/context_length/512/multivariate/Vehicle_Sales/M/short/run_0

============================================================
All experiments completed!
Results saved to: /scratch/users/h61084/codes/evaluating_tsfms/outputs/context_size/tasks
============================================================

############################################################
# All 1 dataset(s) completed!
############################################################

############################################################
# Dataset 1/1: Online_Retail_2_UCI/D
############################################################
[2026-09-20 20:06:20 UTC] resources model_device {"device": "cuda", "model": "chronos2"}
Loading configuration...

============================================================
Dataset: Online_Retail_2_UCI/D
Model: amazon/chronos-2
Checkpoint: /fslarge/scratch/users/h61084/weights/chronos2
Terms: ['short']
Covariate mode: none
Instance normalization: none
============================================================

--- Term: short ---
  Config: prediction_length=30, test_length=180, val_length=90
TIME run allocation action=new run=/fslarge/scratch/users/h61084/codes/evaluating_tsfms/outputs/context_size/tasks/chronos2/context_length/512/univariate/Online_Retail_2_UCI/D/short/run_0 launch_id=selena_context_size_20260920T193931Z_45055 slurm_job_id=3506742 launched_at=2026-09-20T20:06:20.835852+00:00
  Initializing Chronos pipeline (/fslarge/scratch/users/h61084/weights/chronos2)...
  Dataset info:
    - Frequency: D
    - Num series: 1
    - Target dim: 1
    - Target mode: univariate
    - Covariate channels: 0
    - Series length: min=739, max=739, avg=739.0
    - Test split: 180 steps
    - Prediction length: 30
    - Windows: 6
    Total instances: 6, Series during experiment: 1, Windows: 6
    Collecting ground truth and context...
    Organizing data into arrays...
    ⚠️  Predictions max value (127416.07) exceeds float16 safe range.
    ⚠️  Applying scale factor: 10 (values will be divided)
    Saved predictions (quantiles) to /fslarge/scratch/users/h61084/codes/evaluating_tsfms/outputs/context_size/tasks/chronos2/context_length/512/univariate/Online_Retail_2_UCI/D/short/run_0/predictions.npz
    Computing per-window metrics...
    Saved metrics to /fslarge/scratch/users/h61084/codes/evaluating_tsfms/outputs/context_size/tasks/chronos2/context_length/512/univariate/Online_Retail_2_UCI/D/short/run_0/metrics.npz
    Saved config to /fslarge/scratch/users/h61084/codes/evaluating_tsfms/outputs/context_size/tasks/chronos2/context_length/512/univariate/Online_Retail_2_UCI/D/short/run_0/config.json
    Saved aggregate metrics to /fslarge/scratch/users/h61084/codes/evaluating_tsfms/outputs/context_size/tasks/chronos2/context_length/512/univariate/Online_Retail_2_UCI/D/short/run_0/metrics_summary.json
    Metrics summary (averaged over all series/windows/variates):
      MSE: 300333797.3172
      MAE: 10033.1328
      RMSE: 15799.3534
      MAPE: 0.3099
      sMAPE: 0.5433
      MASE: 0.6073
      ND: 0.2953
      CRPS: 0.2408
  Completed: 1 series × 6 windows
  Output: /fslarge/scratch/users/h61084/codes/evaluating_tsfms/outputs/context_size/tasks/chronos2/context_length/512/univariate/Online_Retail_2_UCI/D/short/run_0

============================================================
All experiments completed!
Results saved to: /scratch/users/h61084/codes/evaluating_tsfms/outputs/context_size/tasks
============================================================

############################################################
# All 1 dataset(s) completed!
############################################################

############################################################
# Dataset 1/1: Supply_Chain_Customer/D
############################################################
[2026-09-20 20:06:30 UTC] resources model_device {"device": "cuda", "model": "chronos2"}
Loading configuration...

============================================================
Dataset: Supply_Chain_Customer/D
Model: amazon/chronos-2
Checkpoint: /fslarge/scratch/users/h61084/weights/chronos2
Terms: ['short']
Covariate mode: none
Instance normalization: none
============================================================

--- Term: short ---
  Config: prediction_length=30, test_length=365, val_length=90
TIME run allocation action=new run=/fslarge/scratch/users/h61084/codes/evaluating_tsfms/outputs/context_size/tasks/chronos2/context_length/512/multivariate/Supply_Chain_Customer/D/short/run_0 launch_id=selena_context_size_20260920T193931Z_45055 slurm_job_id=3506742 launched_at=2026-09-20T20:06:30.135230+00:00
  Initializing Chronos pipeline (/fslarge/scratch/users/h61084/weights/chronos2)...
  Dataset info:
    - Frequency: D
    - Num series: 1
    - Target dim: 36
    - Target mode: multivariate
    - Covariate channels: 0
    - Series length: min=2007, max=2007, avg=2007.0
    - Test split: 365 steps
    - Prediction length: 30
    - Windows: 12
    Total instances: 12, Series during experiment: 1, Windows: 12
    Collecting ground truth and context...
    Organizing data into arrays...
    ⚠️  Predictions max value (261353.39) exceeds float16 safe range.
    ⚠️  Applying scale factor: 10 (values will be divided)
    Saved predictions (quantiles) to /fslarge/scratch/users/h61084/codes/evaluating_tsfms/outputs/context_size/tasks/chronos2/context_length/512/multivariate/Supply_Chain_Customer/D/short/run_0/predictions.npz
    Computing per-window metrics...
    Saved metrics to /fslarge/scratch/users/h61084/codes/evaluating_tsfms/outputs/context_size/tasks/chronos2/context_length/512/multivariate/Supply_Chain_Customer/D/short/run_0/metrics.npz
    Saved config to /fslarge/scratch/users/h61084/codes/evaluating_tsfms/outputs/context_size/tasks/chronos2/context_length/512/multivariate/Supply_Chain_Customer/D/short/run_0/config.json
    Saved aggregate metrics to /fslarge/scratch/users/h61084/codes/evaluating_tsfms/outputs/context_size/tasks/chronos2/context_length/512/multivariate/Supply_Chain_Customer/D/short/run_0/metrics_summary.json
    Metrics summary (averaged over all series/windows/variates):
      MSE: 32007482.8877
      MAE: 1646.3102
      RMSE: 2315.9862
      MAPE: 0.4191
      sMAPE: 0.3973
      MASE: 0.5879
      ND: 0.3507
      CRPS: 0.2719
  Completed: 1 series × 12 windows
  Output: /fslarge/scratch/users/h61084/codes/evaluating_tsfms/outputs/context_size/tasks/chronos2/context_length/512/multivariate/Supply_Chain_Customer/D/short/run_0

============================================================
All experiments completed!
Results saved to: /scratch/users/h61084/codes/evaluating_tsfms/outputs/context_size/tasks
============================================================

############################################################
# All 1 dataset(s) completed!
############################################################

############################################################
# Dataset 1/1: Supply_Chain_Location/D
############################################################
[2026-09-20 20:06:39 UTC] resources model_device {"device": "cuda", "model": "chronos2"}
Loading configuration...

============================================================
Dataset: Supply_Chain_Location/D
Model: amazon/chronos-2
Checkpoint: /fslarge/scratch/users/h61084/weights/chronos2
Terms: ['short']
Covariate mode: none
Instance normalization: none
============================================================

--- Term: short ---
  Config: prediction_length=30, test_length=365, val_length=90
TIME run allocation action=new run=/fslarge/scratch/users/h61084/codes/evaluating_tsfms/outputs/context_size/tasks/chronos2/context_length/512/multivariate/Supply_Chain_Location/D/short/run_0 launch_id=selena_context_size_20260920T193931Z_45055 slurm_job_id=3506742 launched_at=2026-09-20T20:06:39.579531+00:00
  Initializing Chronos pipeline (/fslarge/scratch/users/h61084/weights/chronos2)...
  Dataset info:
    - Frequency: D
    - Num series: 1
    - Target dim: 51
    - Target mode: multivariate
    - Covariate channels: 0
    - Series length: min=2007, max=2007, avg=2007.0
    - Test split: 365 steps
    - Prediction length: 30
    - Windows: 12
    Total instances: 12, Series during experiment: 1, Windows: 12
    Collecting ground truth and context...
    Organizing data into arrays...
    ⚠️  Predictions max value (115539.98) exceeds float16 safe range.
    ⚠️  Applying scale factor: 10 (values will be divided)
    Saved predictions (quantiles) to /fslarge/scratch/users/h61084/codes/evaluating_tsfms/outputs/context_size/tasks/chronos2/context_length/512/multivariate/Supply_Chain_Location/D/short/run_0/predictions.npz
    Computing per-window metrics...
    Saved metrics to /fslarge/scratch/users/h61084/codes/evaluating_tsfms/outputs/context_size/tasks/chronos2/context_length/512/multivariate/Supply_Chain_Location/D/short/run_0/metrics.npz
    Saved config to /fslarge/scratch/users/h61084/codes/evaluating_tsfms/outputs/context_size/tasks/chronos2/context_length/512/multivariate/Supply_Chain_Location/D/short/run_0/config.json
    Saved aggregate metrics to /fslarge/scratch/users/h61084/codes/evaluating_tsfms/outputs/context_size/tasks/chronos2/context_length/512/multivariate/Supply_Chain_Location/D/short/run_0/metrics_summary.json
    Metrics summary (averaged over all series/windows/variates):
      MSE: 19930876.0919
      MAE: 1745.2381
      RMSE: 2324.4673
      MAPE: 0.4907
      sMAPE: 0.4022
      MASE: 0.6253
      ND: 0.3669
      CRPS: 0.2797
  Completed: 1 series × 12 windows
  Output: /fslarge/scratch/users/h61084/codes/evaluating_tsfms/outputs/context_size/tasks/chronos2/context_length/512/multivariate/Supply_Chain_Location/D/short/run_0

============================================================
All experiments completed!
Results saved to: /scratch/users/h61084/codes/evaluating_tsfms/outputs/context_size/tasks
============================================================

############################################################
# All 1 dataset(s) completed!
############################################################

############################################################
# Dataset 1/1: azure2019_D/5T
############################################################
[2026-09-20 20:06:49 UTC] resources model_device {"device": "cuda", "model": "chronos2"}
Loading configuration...

============================================================
Dataset: azure2019_D/5T
Model: amazon/chronos-2
Checkpoint: /fslarge/scratch/users/h61084/weights/chronos2
Terms: ['short']
Covariate mode: none
Instance normalization: none
============================================================

--- Term: short ---
  Config: prediction_length=288, test_length=864, val_length=864
TIME run allocation action=new run=/fslarge/scratch/users/h61084/codes/evaluating_tsfms/outputs/context_size/tasks/chronos2/context_length/512/multivariate/azure2019_D/5T/short/run_0 launch_id=selena_context_size_20260920T193931Z_45055 slurm_job_id=3506742 launched_at=2026-09-20T20:06:49.171368+00:00
  Initializing Chronos pipeline (/fslarge/scratch/users/h61084/weights/chronos2)...
  Dataset info:
    - Frequency: 5T
    - Num series: 989
    - Target dim: 3
    - Target mode: multivariate
    - Covariate channels: 0
    - Series length: min=8073, max=8639, avg=8627.0
    - Test split: 864 steps
    - Prediction length: 288
    - Windows: 3
    Processed 160/2967...
    Processed 320/2967...
    Processed 480/2967...
    Processed 640/2967...
    Processed 800/2967...
    Processed 960/2967...
    Processed 1120/2967...
    Processed 1280/2967...
    Processed 1440/2967...
    Processed 1600/2967...
    Processed 1760/2967...
    Processed 1920/2967...
    Processed 2080/2967...
    Processed 2240/2967...
    Processed 2400/2967...
    Processed 2560/2967...
    Processed 2720/2967...
    Processed 2880/2967...
    Total instances: 2967, Series during experiment: 989, Windows: 3
    Collecting ground truth and context...
    Organizing data into arrays...
    Saved predictions (quantiles) to /fslarge/scratch/users/h61084/codes/evaluating_tsfms/outputs/context_size/tasks/chronos2/context_length/512/multivariate/azure2019_D/5T/short/run_0/predictions.npz
    Computing per-window metrics...
    Saved metrics to /fslarge/scratch/users/h61084/codes/evaluating_tsfms/outputs/context_size/tasks/chronos2/context_length/512/multivariate/azure2019_D/5T/short/run_0/metrics.npz
    Saved config to /fslarge/scratch/users/h61084/codes/evaluating_tsfms/outputs/context_size/tasks/chronos2/context_length/512/multivariate/azure2019_D/5T/short/run_0/config.json
    Saved aggregate metrics to /fslarge/scratch/users/h61084/codes/evaluating_tsfms/outputs/context_size/tasks/chronos2/context_length/512/multivariate/azure2019_D/5T/short/run_0/metrics_summary.json
    Metrics summary (averaged over all series/windows/variates):
      MSE: 62.0268
      MAE: 2.7323
      RMSE: 3.8463
      MAPE: 0.2208
      sMAPE: 0.1753
      MASE: 0.7529
      ND: 0.1823
      CRPS: 0.1501
  Completed: 989 series × 3 windows
  Output: /fslarge/scratch/users/h61084/codes/evaluating_tsfms/outputs/context_size/tasks/chronos2/context_length/512/multivariate/azure2019_D/5T/short/run_0

============================================================
All experiments completed!
Results saved to: /scratch/users/h61084/codes/evaluating_tsfms/outputs/context_size/tasks
============================================================

############################################################
# All 1 dataset(s) completed!
############################################################

############################################################
# Dataset 1/1: azure2019_I/5T
############################################################
[2026-09-20 20:07:08 UTC] resources model_device {"device": "cuda", "model": "chronos2"}
Loading configuration...

============================================================
Dataset: azure2019_I/5T
Model: amazon/chronos-2
Checkpoint: /fslarge/scratch/users/h61084/weights/chronos2
Terms: ['short']
Covariate mode: none
Instance normalization: none
============================================================

--- Term: short ---
  Config: prediction_length=288, test_length=864, val_length=864
TIME run allocation action=new run=/fslarge/scratch/users/h61084/codes/evaluating_tsfms/outputs/context_size/tasks/chronos2/context_length/512/multivariate/azure2019_I/5T/short/run_0 launch_id=selena_context_size_20260920T193931Z_45055 slurm_job_id=3506742 launched_at=2026-09-20T20:07:08.331278+00:00
  Initializing Chronos pipeline (/fslarge/scratch/users/h61084/weights/chronos2)...
  Dataset info:
    - Frequency: 5T
    - Num series: 492
    - Target dim: 3
    - Target mode: multivariate
    - Covariate channels: 0
    - Series length: min=8250, max=8639, avg=8630.4
    - Test split: 864 steps
    - Prediction length: 288
    - Windows: 3
    Processed 160/1476...
    Processed 320/1476...
    Processed 480/1476...
    Processed 640/1476...
    Processed 800/1476...
    Processed 960/1476...
    Processed 1120/1476...
    Processed 1280/1476...
    Processed 1440/1476...
    Total instances: 1476, Series during experiment: 492, Windows: 3
    Collecting ground truth and context...
    Organizing data into arrays...
    Saved predictions (quantiles) to /fslarge/scratch/users/h61084/codes/evaluating_tsfms/outputs/context_size/tasks/chronos2/context_length/512/multivariate/azure2019_I/5T/short/run_0/predictions.npz
    Computing per-window metrics...
    Saved metrics to /fslarge/scratch/users/h61084/codes/evaluating_tsfms/outputs/context_size/tasks/chronos2/context_length/512/multivariate/azure2019_I/5T/short/run_0/metrics.npz
    Saved config to /fslarge/scratch/users/h61084/codes/evaluating_tsfms/outputs/context_size/tasks/chronos2/context_length/512/multivariate/azure2019_I/5T/short/run_0/config.json
    Saved aggregate metrics to /fslarge/scratch/users/h61084/codes/evaluating_tsfms/outputs/context_size/tasks/chronos2/context_length/512/multivariate/azure2019_I/5T/short/run_0/metrics_summary.json
    Metrics summary (averaged over all series/windows/variates):
      MSE: 50.6021
      MAE: 2.3658
      RMSE: 3.4508
      MAPE: 0.2037
      sMAPE: 0.1581
      MASE: 0.7324
      ND: 0.1678
      CRPS: 0.1351
  Completed: 492 series × 3 windows
  Output: /fslarge/scratch/users/h61084/codes/evaluating_tsfms/outputs/context_size/tasks/chronos2/context_length/512/multivariate/azure2019_I/5T/short/run_0

============================================================
All experiments completed!
Results saved to: /scratch/users/h61084/codes/evaluating_tsfms/outputs/context_size/tasks
============================================================

############################################################
# All 1 dataset(s) completed!
############################################################

############################################################
# Dataset 1/1: azure2019_U/5T
############################################################
[2026-09-20 20:07:22 UTC] resources model_device {"device": "cuda", "model": "chronos2"}
Loading configuration...

============================================================
Dataset: azure2019_U/5T
Model: amazon/chronos-2
Checkpoint: /fslarge/scratch/users/h61084/weights/chronos2
Terms: ['short']
Covariate mode: none
Instance normalization: none
============================================================

--- Term: short ---
  Config: prediction_length=48, test_length=288, val_length=96
TIME run allocation action=new run=/fslarge/scratch/users/h61084/codes/evaluating_tsfms/outputs/context_size/tasks/chronos2/context_length/512/multivariate/azure2019_U/5T/short/run_0 launch_id=selena_context_size_20260920T193931Z_45055 slurm_job_id=3506742 launched_at=2026-09-20T20:07:22.468976+00:00
  Initializing Chronos pipeline (/fslarge/scratch/users/h61084/weights/chronos2)...
  Dataset info:
    - Frequency: 5T
    - Num series: 78
    - Target dim: 3
    - Target mode: multivariate
    - Covariate channels: 0
    - Series length: min=882, max=2006, avg=1406.1
    - Test split: 288 steps
    - Prediction length: 48
    - Windows: 6
    Processed 160/468...
    Processed 320/468...
    Processed 468/468...
    Total instances: 468, Series during experiment: 78, Windows: 6
    Collecting ground truth and context...
    Organizing data into arrays...
    Saved predictions (quantiles) to /fslarge/scratch/users/h61084/codes/evaluating_tsfms/outputs/context_size/tasks/chronos2/context_length/512/multivariate/azure2019_U/5T/short/run_0/predictions.npz
    Computing per-window metrics...
    Saved metrics to /fslarge/scratch/users/h61084/codes/evaluating_tsfms/outputs/context_size/tasks/chronos2/context_length/512/multivariate/azure2019_U/5T/short/run_0/metrics.npz
    Saved config to /fslarge/scratch/users/h61084/codes/evaluating_tsfms/outputs/context_size/tasks/chronos2/context_length/512/multivariate/azure2019_U/5T/short/run_0/config.json
    Saved aggregate metrics to /fslarge/scratch/users/h61084/codes/evaluating_tsfms/outputs/context_size/tasks/chronos2/context_length/512/multivariate/azure2019_U/5T/short/run_0/metrics_summary.json
    Metrics summary (averaged over all series/windows/variates):
      MSE: 58.8991
      MAE: 2.2604
      RMSE: 3.1750
      MAPE: 0.3615
      sMAPE: 0.1627
      MASE: 0.6717
      ND: 0.1776
      CRPS: 0.1465
  Completed: 78 series × 6 windows
  Output: /fslarge/scratch/users/h61084/codes/evaluating_tsfms/outputs/context_size/tasks/chronos2/context_length/512/multivariate/azure2019_U/5T/short/run_0

============================================================
All experiments completed!
Results saved to: /scratch/users/h61084/codes/evaluating_tsfms/outputs/context_size/tasks
============================================================

############################################################
# All 1 dataset(s) completed!
############################################################

############################################################
# Dataset 1/1: Smart_Manufacturing/H
############################################################
[2026-09-20 20:07:32 UTC] resources model_device {"device": "cuda", "model": "chronos2"}
Loading configuration...

============================================================
Dataset: Smart_Manufacturing/H
Model: amazon/chronos-2
Checkpoint: /fslarge/scratch/users/h61084/weights/chronos2
Terms: ['short', 'medium', 'long']
Covariate mode: none
Instance normalization: none
============================================================

--- Term: short ---
  Config: prediction_length=24, test_length=336, val_length=336
TIME run allocation action=new run=/fslarge/scratch/users/h61084/codes/evaluating_tsfms/outputs/context_size/tasks/chronos2/context_length/512/multivariate/Smart_Manufacturing/H/short/run_0 launch_id=selena_context_size_20260920T193931Z_45055 slurm_job_id=3506742 launched_at=2026-09-20T20:07:32.540350+00:00
  Initializing Chronos pipeline (/fslarge/scratch/users/h61084/weights/chronos2)...
  Dataset info:
    - Frequency: H
    - Num series: 34
    - Target dim: 5
    - Target mode: multivariate
    - Covariate channels: 0
    - Series length: min=1661, max=1667, avg=1665.9
    - Test split: 336 steps
    - Prediction length: 24
    - Windows: 14
    Processed 160/476...
    Processed 320/476...
    Processed 476/476...
    Total instances: 476, Series during experiment: 34, Windows: 14
    Collecting ground truth and context...
    Organizing data into arrays...
    Saved predictions (quantiles) to /fslarge/scratch/users/h61084/codes/evaluating_tsfms/outputs/context_size/tasks/chronos2/context_length/512/multivariate/Smart_Manufacturing/H/short/run_0/predictions.npz
    Computing per-window metrics...
    Saved metrics to /fslarge/scratch/users/h61084/codes/evaluating_tsfms/outputs/context_size/tasks/chronos2/context_length/512/multivariate/Smart_Manufacturing/H/short/run_0/metrics.npz
    Saved config to /fslarge/scratch/users/h61084/codes/evaluating_tsfms/outputs/context_size/tasks/chronos2/context_length/512/multivariate/Smart_Manufacturing/H/short/run_0/config.json
    Saved aggregate metrics to /fslarge/scratch/users/h61084/codes/evaluating_tsfms/outputs/context_size/tasks/chronos2/context_length/512/multivariate/Smart_Manufacturing/H/short/run_0/metrics_summary.json
    Metrics summary (averaged over all series/windows/variates):
      MSE: 78.5201
      MAE: 5.7256
      RMSE: 7.0715
      MAPE: 0.3325
      sMAPE: 0.2256
      MASE: 0.7127
      ND: 0.2168
      CRPS: 0.1668
  Completed: 34 series × 14 windows
  Output: /fslarge/scratch/users/h61084/codes/evaluating_tsfms/outputs/context_size/tasks/chronos2/context_length/512/multivariate/Smart_Manufacturing/H/short/run_0

--- Term: medium ---
  Config: prediction_length=168, test_length=336, val_length=336
TIME run allocation action=new run=/fslarge/scratch/users/h61084/codes/evaluating_tsfms/outputs/context_size/tasks/chronos2/context_length/512/multivariate/Smart_Manufacturing/H/medium/run_0 launch_id=selena_context_size_20260920T193931Z_45055 slurm_job_id=3506742 launched_at=2026-09-20T20:07:34.359423+00:00
  Initializing Chronos pipeline (/fslarge/scratch/users/h61084/weights/chronos2)...
  Dataset info:
    - Frequency: H
    - Num series: 34
    - Target dim: 5
    - Target mode: multivariate
    - Covariate channels: 0
    - Series length: min=1661, max=1667, avg=1665.9
    - Test split: 336 steps
    - Prediction length: 168
    - Windows: 2
    Total instances: 68, Series during experiment: 34, Windows: 2
    Collecting ground truth and context...
    Organizing data into arrays...
    Saved predictions (quantiles) to /fslarge/scratch/users/h61084/codes/evaluating_tsfms/outputs/context_size/tasks/chronos2/context_length/512/multivariate/Smart_Manufacturing/H/medium/run_0/predictions.npz
    Computing per-window metrics...
    Saved metrics to /fslarge/scratch/users/h61084/codes/evaluating_tsfms/outputs/context_size/tasks/chronos2/context_length/512/multivariate/Smart_Manufacturing/H/medium/run_0/metrics.npz
    Saved config to /fslarge/scratch/users/h61084/codes/evaluating_tsfms/outputs/context_size/tasks/chronos2/context_length/512/multivariate/Smart_Manufacturing/H/medium/run_0/config.json
    Saved aggregate metrics to /fslarge/scratch/users/h61084/codes/evaluating_tsfms/outputs/context_size/tasks/chronos2/context_length/512/multivariate/Smart_Manufacturing/H/medium/run_0/metrics_summary.json
    Metrics summary (averaged over all series/windows/variates):
      MSE: 78.5783
      MAE: 5.7275
      RMSE: 7.1566
      MAPE: 0.3379
      sMAPE: 0.2256
      MASE: 0.7124
      ND: 0.2156
      CRPS: 0.1659
  Completed: 34 series × 2 windows
  Output: /fslarge/scratch/users/h61084/codes/evaluating_tsfms/outputs/context_size/tasks/chronos2/context_length/512/multivariate/Smart_Manufacturing/H/medium/run_0

--- Term: long ---
  Config: prediction_length=336, test_length=336, val_length=336
TIME run allocation action=new run=/fslarge/scratch/users/h61084/codes/evaluating_tsfms/outputs/context_size/tasks/chronos2/context_length/512/multivariate/Smart_Manufacturing/H/long/run_0 launch_id=selena_context_size_20260920T193931Z_45055 slurm_job_id=3506742 launched_at=2026-09-20T20:07:34.850479+00:00
  Initializing Chronos pipeline (/fslarge/scratch/users/h61084/weights/chronos2)...
  Dataset info:
    - Frequency: H
    - Num series: 34
    - Target dim: 5
    - Target mode: multivariate
    - Covariate channels: 0
    - Series length: min=1661, max=1667, avg=1665.9
    - Test split: 336 steps
    - Prediction length: 336
    - Windows: 1
    Total instances: 34, Series during experiment: 34, Windows: 1
    Collecting ground truth and context...
    Organizing data into arrays...
    Saved predictions (quantiles) to /fslarge/scratch/users/h61084/codes/evaluating_tsfms/outputs/context_size/tasks/chronos2/context_length/512/multivariate/Smart_Manufacturing/H/long/run_0/predictions.npz
    Computing per-window metrics...
    Saved metrics to /fslarge/scratch/users/h61084/codes/evaluating_tsfms/outputs/context_size/tasks/chronos2/context_length/512/multivariate/Smart_Manufacturing/H/long/run_0/metrics.npz
    Saved config to /fslarge/scratch/users/h61084/codes/evaluating_tsfms/outputs/context_size/tasks/chronos2/context_length/512/multivariate/Smart_Manufacturing/H/long/run_0/config.json
    Saved aggregate metrics to /fslarge/scratch/users/h61084/codes/evaluating_tsfms/outputs/context_size/tasks/chronos2/context_length/512/multivariate/Smart_Manufacturing/H/long/run_0/metrics_summary.json
    Metrics summary (averaged over all series/windows/variates):
      MSE: 78.6617
      MAE: 5.7304
      RMSE: 7.1696
      MAPE: 0.3402
      sMAPE: 0.2257
      MASE: 0.7124
      ND: 0.2157
      CRPS: 0.1660
  Completed: 34 series × 1 windows
  Output: /fslarge/scratch/users/h61084/codes/evaluating_tsfms/outputs/context_size/tasks/chronos2/context_length/512/multivariate/Smart_Manufacturing/H/long/run_0

============================================================
All experiments completed!
Results saved to: /scratch/users/h61084/codes/evaluating_tsfms/outputs/context_size/tasks
============================================================

############################################################
# All 1 dataset(s) completed!
############################################################

############################################################
# Dataset 1/1: MetroPT-3/5T
############################################################
[2026-09-20 20:07:43 UTC] resources model_device {"device": "cuda", "model": "chronos2"}
Loading configuration...

============================================================
Dataset: MetroPT-3/5T
Model: amazon/chronos-2
Checkpoint: /fslarge/scratch/users/h61084/weights/chronos2
Terms: ['short', 'medium', 'long']
Covariate mode: none
Instance normalization: none
============================================================

--- Term: short ---
  Config: prediction_length=48, test_length=1728, val_length=1728
TIME run allocation action=new run=/fslarge/scratch/users/h61084/codes/evaluating_tsfms/outputs/context_size/tasks/chronos2/context_length/512/multivariate/MetroPT-3/5T/short/run_0 launch_id=selena_context_size_20260920T193931Z_45055 slurm_job_id=3506742 launched_at=2026-09-20T20:07:43.756640+00:00
  Initializing Chronos pipeline (/fslarge/scratch/users/h61084/weights/chronos2)...
  Dataset info:
    - Frequency: 5T
    - Num series: 1
    - Target dim: 6
    - Target mode: multivariate
    - Covariate channels: 0
    - Series length: min=17809, max=17809, avg=17809.0
    - Test split: 1728 steps
    - Prediction length: 48
    - Windows: 36
    Total instances: 36, Series during experiment: 1, Windows: 36
    Collecting ground truth and context...
    Organizing data into arrays...
    Saved predictions (quantiles) to /fslarge/scratch/users/h61084/codes/evaluating_tsfms/outputs/context_size/tasks/chronos2/context_length/512/multivariate/MetroPT-3/5T/short/run_0/predictions.npz
    Computing per-window metrics...
    Saved metrics to /fslarge/scratch/users/h61084/codes/evaluating_tsfms/outputs/context_size/tasks/chronos2/context_length/512/multivariate/MetroPT-3/5T/short/run_0/metrics.npz
    Saved config to /fslarge/scratch/users/h61084/codes/evaluating_tsfms/outputs/context_size/tasks/chronos2/context_length/512/multivariate/MetroPT-3/5T/short/run_0/config.json
    Saved aggregate metrics to /fslarge/scratch/users/h61084/codes/evaluating_tsfms/outputs/context_size/tasks/chronos2/context_length/512/multivariate/MetroPT-3/5T/short/run_0/metrics_summary.json
    Metrics summary (averaged over all series/windows/variates):
      MSE: 3.4449
      MAE: 1.1394
      RMSE: 1.4955
      MAPE: 4.5010
      sMAPE: 0.4741
      MASE: 0.6303
      ND: 0.3202
      CRPS: 0.2414
  Completed: 1 series × 36 windows
  Output: /fslarge/scratch/users/h61084/codes/evaluating_tsfms/outputs/context_size/tasks/chronos2/context_length/512/multivariate/MetroPT-3/5T/short/run_0

--- Term: medium ---
  Config: prediction_length=288, test_length=1728, val_length=1728
TIME run allocation action=new run=/fslarge/scratch/users/h61084/codes/evaluating_tsfms/outputs/context_size/tasks/chronos2/context_length/512/multivariate/MetroPT-3/5T/medium/run_0 launch_id=selena_context_size_20260920T193931Z_45055 slurm_job_id=3506742 launched_at=2026-09-20T20:07:44.632547+00:00
  Initializing Chronos pipeline (/fslarge/scratch/users/h61084/weights/chronos2)...
  Dataset info:
    - Frequency: 5T
    - Num series: 1
    - Target dim: 6
    - Target mode: multivariate
    - Covariate channels: 0
    - Series length: min=17809, max=17809, avg=17809.0
    - Test split: 1728 steps
    - Prediction length: 288
    - Windows: 6
    Total instances: 6, Series during experiment: 1, Windows: 6
    Collecting ground truth and context...
    Organizing data into arrays...
    Saved predictions (quantiles) to /fslarge/scratch/users/h61084/codes/evaluating_tsfms/outputs/context_size/tasks/chronos2/context_length/512/multivariate/MetroPT-3/5T/medium/run_0/predictions.npz
    Computing per-window metrics...
    Saved metrics to /fslarge/scratch/users/h61084/codes/evaluating_tsfms/outputs/context_size/tasks/chronos2/context_length/512/multivariate/MetroPT-3/5T/medium/run_0/metrics.npz
    Saved config to /fslarge/scratch/users/h61084/codes/evaluating_tsfms/outputs/context_size/tasks/chronos2/context_length/512/multivariate/MetroPT-3/5T/medium/run_0/config.json
    Saved aggregate metrics to /fslarge/scratch/users/h61084/codes/evaluating_tsfms/outputs/context_size/tasks/chronos2/context_length/512/multivariate/MetroPT-3/5T/medium/run_0/metrics_summary.json
    Metrics summary (averaged over all series/windows/variates):
      MSE: 3.3854
      MAE: 1.1520
      RMSE: 1.5300
      MAPE: 3.5404
      sMAPE: 0.5072
      MASE: 0.6602
      ND: 0.3316
      CRPS: 0.2478
  Completed: 1 series × 6 windows
  Output: /fslarge/scratch/users/h61084/codes/evaluating_tsfms/outputs/context_size/tasks/chronos2/context_length/512/multivariate/MetroPT-3/5T/medium/run_0

--- Term: long ---
  Config: prediction_length=576, test_length=1728, val_length=1728
TIME run allocation action=new run=/fslarge/scratch/users/h61084/codes/evaluating_tsfms/outputs/context_size/tasks/chronos2/context_length/512/multivariate/MetroPT-3/5T/long/run_0 launch_id=selena_context_size_20260920T193931Z_45055 slurm_job_id=3506742 launched_at=2026-09-20T20:07:44.933437+00:00
  Initializing Chronos pipeline (/fslarge/scratch/users/h61084/weights/chronos2)...
  Dataset info:
    - Frequency: 5T
    - Num series: 1
    - Target dim: 6
    - Target mode: multivariate
    - Covariate channels: 0
    - Series length: min=17809, max=17809, avg=17809.0
    - Test split: 1728 steps
    - Prediction length: 576
    - Windows: 3
    Total instances: 3, Series during experiment: 1, Windows: 3
    Collecting ground truth and context...
    Organizing data into arrays...
    Saved predictions (quantiles) to /fslarge/scratch/users/h61084/codes/evaluating_tsfms/outputs/context_size/tasks/chronos2/context_length/512/multivariate/MetroPT-3/5T/long/run_0/predictions.npz
    Computing per-window metrics...
    Saved metrics to /fslarge/scratch/users/h61084/codes/evaluating_tsfms/outputs/context_size/tasks/chronos2/context_length/512/multivariate/MetroPT-3/5T/long/run_0/metrics.npz
    Saved config to /fslarge/scratch/users/h61084/codes/evaluating_tsfms/outputs/context_size/tasks/chronos2/context_length/512/multivariate/MetroPT-3/5T/long/run_0/config.json
    Saved aggregate metrics to /fslarge/scratch/users/h61084/codes/evaluating_tsfms/outputs/context_size/tasks/chronos2/context_length/512/multivariate/MetroPT-3/5T/long/run_0/metrics_summary.json
    Metrics summary (averaged over all series/windows/variates):
      MSE: 3.3919
      MAE: 1.1599
      RMSE: 1.5331
      MAPE: 3.5651
      sMAPE: 0.5124
      MASE: 0.6795
      ND: 0.3352
      CRPS: 0.2501
  Completed: 1 series × 3 windows
  Output: /fslarge/scratch/users/h61084/codes/evaluating_tsfms/outputs/context_size/tasks/chronos2/context_length/512/multivariate/MetroPT-3/5T/long/run_0

============================================================
All experiments completed!
Results saved to: /scratch/users/h61084/codes/evaluating_tsfms/outputs/context_size/tasks
============================================================

############################################################
# All 1 dataset(s) completed!
############################################################
2026-09-20 22:07:46 | task model=chronos2 runner=run_chronos2.sh environment=uv covariate_mode=none target_mode=auto context_length=512 instance_normalization=none completed status=success
2026-09-20 22:07:46 | stage evaluate completed status=success
2026-09-20 22:07:46 | workflow context_size completed status=success exit_code=0
