[2026-09-27 15:11:09 UTC] resources allocation {"CUDA_VISIBLE_DEVICES": "0", "SLURM_CPUS_PER_TASK": "8", "SLURM_JOB_GPUS": "0,1,2,3", "SLURM_JOB_ID": "3584825", "SLURM_MEM_PER_CPU": "unset", "SLURM_MEM_PER_NODE": "80000", "SLURM_STEP_GPUS": "0", "SLURM_STEP_ID": "0", "TIME_DEVICE": "unset", "cpu_count": 8, "host": "sean0004"}
[2026-09-27 15:11:09 UTC] resources RAM {"MemAvailable_MiB": 372063.64453125, "MemTotal_MiB": 386622.86328125, "cgroup_reason": "memory.max is unlimited", "cgroup_status": "unlimited"}
[2026-09-27 15:11:09 UTC] resources nvidia_inventory {"columns": "index,uuid,name,driver,total_MiB,free_MiB,used_MiB", "devices": ["0, GPU-638c0130-3dcc-bd87-d90d-4789fd8ad53b, NVIDIA H100 NVL, 560.35.05, 95830, 95350, 1"]}
[2026-09-27 15:11:11 UTC] resources torch {"cuda_available": true, "note": "visibility probe; CPU-only stages need not use an allocated GPU", "version": "2.9.1+cu128", "visible_gpu_count": 1}
[2026-09-27 15:11:11 UTC] resources cuda_device {"capability": "9.0", "free_MiB": 94825.125, "logical_index": 0, "name": "NVIDIA H100 NVL", "total_MiB": 95350.1875}
2026-09-27 17:11:12 | workflow instance_normalization started launch_id=selena_instance_normalization_20260927T131553Z_36892 task=chronos_bolt slurm_job_id=3584825 slurm_array_job_id=none slurm_array_task_id=none
2026-09-27 17:11:12 | stage evaluate started
2026-09-27 17:11:12 | task model=chronos_bolt runner=run_chronos_bolt.sh environment=uv covariate_mode=none target_mode=auto context_length=model_default instance_normalization=none started
[2026-09-27 17:11:12] TIME runner: run_chronos_bolt.sh
[2026-09-27 17:11:12] datasets: /scratch/users/h61084/datasets/hf_dataset
[2026-09-27 17:11:12] weights: /scratch/users/h61084/weights
[2026-09-27 17:11:12] outputs: /scratch/users/h61084/codes/evaluating_tsfms/outputs
[2026-09-27 17:11:12] covariate mode: none
[2026-09-27 17:11:12] target mode: auto
[2026-09-27 17:11:12] context length: model_default
[2026-09-27 17:11:12] instance normalization: none

############################################################
# Dataset 1/1: Water_Quality_Darwin/15T
############################################################
Loading configuration...

============================================================
Dataset: Water_Quality_Darwin/15T
Model: amazon/chronos-bolt-base
Terms: ['short', 'medium', 'long']
Instance normalization: none
============================================================
Loading Chronos-Bolt model: amazon/chronos-bolt-base from /fslarge/scratch/users/h61084/weights/chronos-bolt-base...
[2026-09-27 15:11:25 UTC] resources selected_device {"device": "cuda", "model": "chronos_bolt", "stage": "forecast"}

--- Term: short ---
  Config: prediction_length=16, test_length=1440, val_length=1440
  Dataset info:
    - Frequency: 15T
    - Num series: 7
    - Target dim: 6
    - Target mode: univariate
    - Series length: min=8662, max=18985, avg=15229.4
    - Test split: 1440 steps
    - Prediction length: 16
    - Windows: 90
TIME run allocation action=skip run=/fslarge/scratch/users/h61084/codes/evaluating_tsfms/outputs/foundation_models/inference/chronos_bolt/univariate/Water_Quality_Darwin/15T/short/run_0 source_launch=selena_20260926T154139Z_65000 launch_id=selena_instance_normalization_20260927T131553Z_36892 slurm_job_id=3584825 launched_at=2026-09-27T15:11:27.336655+00:00
TIME run allocation action=skip run=/fslarge/scratch/users/h61084/codes/evaluating_tsfms/outputs/instance_normalization/tasks/chronos_bolt/normalization/none/univariate/Water_Quality_Darwin/15T/short/run_0 source_launch=selena_instance_normalization_20260927T131553Z_36892 launch_id=selena_instance_normalization_20260927T131553Z_36892 slurm_job_id=3584825 launched_at=2026-09-27T15:11:27.356996+00:00
  Reused raw inference: /fslarge/scratch/users/h61084/codes/evaluating_tsfms/outputs/foundation_models/inference/chronos_bolt/univariate/Water_Quality_Darwin/15T/short/run_0

--- Term: medium ---
  Config: prediction_length=96, test_length=1440, val_length=1440
  Dataset info:
    - Frequency: 15T
    - Num series: 7
    - Target dim: 6
    - Target mode: univariate
    - Series length: min=8662, max=18985, avg=15229.4
    - Test split: 1440 steps
    - Prediction length: 96
    - Windows: 15
TIME run allocation action=skip run=/fslarge/scratch/users/h61084/codes/evaluating_tsfms/outputs/foundation_models/inference/chronos_bolt/univariate/Water_Quality_Darwin/15T/medium/run_0 source_launch=selena_20260926T154139Z_65000 launch_id=selena_instance_normalization_20260927T131553Z_36892 slurm_job_id=3584825 launched_at=2026-09-27T15:11:27.391416+00:00
TIME run allocation action=skip run=/fslarge/scratch/users/h61084/codes/evaluating_tsfms/outputs/instance_normalization/tasks/chronos_bolt/normalization/none/univariate/Water_Quality_Darwin/15T/medium/run_0 source_launch=selena_instance_normalization_20260927T131553Z_36892 launch_id=selena_instance_normalization_20260927T131553Z_36892 slurm_job_id=3584825 launched_at=2026-09-27T15:11:27.411021+00:00
  Reused raw inference: /fslarge/scratch/users/h61084/codes/evaluating_tsfms/outputs/foundation_models/inference/chronos_bolt/univariate/Water_Quality_Darwin/15T/medium/run_0

--- Term: long ---
  Config: prediction_length=288, test_length=1440, val_length=1440
  Dataset info:
    - Frequency: 15T
    - Num series: 7
    - Target dim: 6
    - Target mode: univariate
    - Series length: min=8662, max=18985, avg=15229.4
    - Test split: 1440 steps
    - Prediction length: 288
    - Windows: 5
TIME run allocation action=skip run=/fslarge/scratch/users/h61084/codes/evaluating_tsfms/outputs/foundation_models/inference/chronos_bolt/univariate/Water_Quality_Darwin/15T/long/run_0 source_launch=selena_20260926T154139Z_65000 launch_id=selena_instance_normalization_20260927T131553Z_36892 slurm_job_id=3584825 launched_at=2026-09-27T15:11:27.444919+00:00
TIME run allocation action=skip run=/fslarge/scratch/users/h61084/codes/evaluating_tsfms/outputs/instance_normalization/tasks/chronos_bolt/normalization/none/univariate/Water_Quality_Darwin/15T/long/run_0 source_launch=selena_instance_normalization_20260927T131553Z_36892 launch_id=selena_instance_normalization_20260927T131553Z_36892 slurm_job_id=3584825 launched_at=2026-09-27T15:11:27.462897+00:00
  Reused raw inference: /fslarge/scratch/users/h61084/codes/evaluating_tsfms/outputs/foundation_models/inference/chronos_bolt/univariate/Water_Quality_Darwin/15T/long/run_0

============================================================
All experiments completed!
Results saved to: /scratch/users/h61084/codes/evaluating_tsfms/outputs/instance_normalization/tasks
============================================================

############################################################
# All datasets completed!
############################################################

############################################################
# Dataset 1/1: current_velocity/5T
############################################################
Loading configuration...

============================================================
Dataset: current_velocity/5T
Model: amazon/chronos-bolt-base
Terms: ['short', 'medium', 'long']
Instance normalization: none
============================================================
Loading Chronos-Bolt model: amazon/chronos-bolt-base from /fslarge/scratch/users/h61084/weights/chronos-bolt-base...
[2026-09-27 15:11:36 UTC] resources selected_device {"device": "cuda", "model": "chronos_bolt", "stage": "forecast"}

--- Term: short ---
  Config: prediction_length=36, test_length=4320, val_length=4320
  Dataset info:
    - Frequency: 5T
    - Num series: 1
    - Target dim: 6
    - Target mode: univariate
    - Series length: min=26486, max=26486, avg=26486.0
    - Test split: 4320 steps
    - Prediction length: 36
    - Windows: 120
TIME run allocation action=skip run=/fslarge/scratch/users/h61084/codes/evaluating_tsfms/outputs/foundation_models/inference/chronos_bolt/univariate/current_velocity/5T/short/run_0 source_launch=selena_20260926T154139Z_65000 launch_id=selena_instance_normalization_20260927T131553Z_36892 slurm_job_id=3584825 launched_at=2026-09-27T15:11:36.924887+00:00
TIME run allocation action=skip run=/fslarge/scratch/users/h61084/codes/evaluating_tsfms/outputs/instance_normalization/tasks/chronos_bolt/normalization/none/univariate/current_velocity/5T/short/run_0 source_launch=selena_instance_normalization_20260927T131553Z_36892 launch_id=selena_instance_normalization_20260927T131553Z_36892 slurm_job_id=3584825 launched_at=2026-09-27T15:11:36.938837+00:00
  Reused raw inference: /fslarge/scratch/users/h61084/codes/evaluating_tsfms/outputs/foundation_models/inference/chronos_bolt/univariate/current_velocity/5T/short/run_0

--- Term: medium ---
  Config: prediction_length=288, test_length=4320, val_length=4320
  Dataset info:
    - Frequency: 5T
    - Num series: 1
    - Target dim: 6
    - Target mode: univariate
    - Series length: min=26486, max=26486, avg=26486.0
    - Test split: 4320 steps
    - Prediction length: 288
    - Windows: 15
TIME run allocation action=skip run=/fslarge/scratch/users/h61084/codes/evaluating_tsfms/outputs/foundation_models/inference/chronos_bolt/univariate/current_velocity/5T/medium/run_0 source_launch=selena_20260926T154139Z_65000 launch_id=selena_instance_normalization_20260927T131553Z_36892 slurm_job_id=3584825 launched_at=2026-09-27T15:11:36.984522+00:00
TIME run allocation action=skip run=/fslarge/scratch/users/h61084/codes/evaluating_tsfms/outputs/instance_normalization/tasks/chronos_bolt/normalization/none/univariate/current_velocity/5T/medium/run_0 source_launch=selena_instance_normalization_20260927T131553Z_36892 launch_id=selena_instance_normalization_20260927T131553Z_36892 slurm_job_id=3584825 launched_at=2026-09-27T15:11:36.996804+00:00
  Reused raw inference: /fslarge/scratch/users/h61084/codes/evaluating_tsfms/outputs/foundation_models/inference/chronos_bolt/univariate/current_velocity/5T/medium/run_0

--- Term: long ---
  Config: prediction_length=864, test_length=4320, val_length=4320
  Dataset info:
    - Frequency: 5T
    - Num series: 1
    - Target dim: 6
    - Target mode: univariate
    - Series length: min=26486, max=26486, avg=26486.0
    - Test split: 4320 steps
    - Prediction length: 864
    - Windows: 5
TIME run allocation action=skip run=/fslarge/scratch/users/h61084/codes/evaluating_tsfms/outputs/foundation_models/inference/chronos_bolt/univariate/current_velocity/5T/long/run_0 source_launch=selena_20260926T154139Z_65000 launch_id=selena_instance_normalization_20260927T131553Z_36892 slurm_job_id=3584825 launched_at=2026-09-27T15:11:37.040484+00:00
TIME run allocation action=skip run=/fslarge/scratch/users/h61084/codes/evaluating_tsfms/outputs/instance_normalization/tasks/chronos_bolt/normalization/none/univariate/current_velocity/5T/long/run_0 source_launch=selena_instance_normalization_20260927T131553Z_36892 launch_id=selena_instance_normalization_20260927T131553Z_36892 slurm_job_id=3584825 launched_at=2026-09-27T15:11:37.052684+00:00
  Reused raw inference: /fslarge/scratch/users/h61084/codes/evaluating_tsfms/outputs/foundation_models/inference/chronos_bolt/univariate/current_velocity/5T/long/run_0

============================================================
All experiments completed!
Results saved to: /scratch/users/h61084/codes/evaluating_tsfms/outputs/instance_normalization/tasks
============================================================

############################################################
# All datasets completed!
############################################################

############################################################
# Dataset 1/1: current_velocity/10T
############################################################
Loading configuration...

============================================================
Dataset: current_velocity/10T
Model: amazon/chronos-bolt-base
Terms: ['short', 'medium', 'long']
Instance normalization: none
============================================================
Loading Chronos-Bolt model: amazon/chronos-bolt-base from /fslarge/scratch/users/h61084/weights/chronos-bolt-base...
[2026-09-27 15:11:45 UTC] resources selected_device {"device": "cuda", "model": "chronos_bolt", "stage": "forecast"}

--- Term: short ---
  Config: prediction_length=18, test_length=2160, val_length=2160
  Dataset info:
    - Frequency: 10T
    - Num series: 10
    - Target dim: 6
    - Target mode: univariate
    - Series length: min=7481, max=31957, avg=20668.5
    - Test split: 2160 steps
    - Prediction length: 18
    - Windows: 120
TIME run allocation action=skip run=/fslarge/scratch/users/h61084/codes/evaluating_tsfms/outputs/foundation_models/inference/chronos_bolt/univariate/current_velocity/10T/short/run_0 source_launch=selena_20260926T154139Z_65000 launch_id=selena_instance_normalization_20260927T131553Z_36892 slurm_job_id=3584825 launched_at=2026-09-27T15:11:46.283534+00:00
TIME run allocation action=skip run=/fslarge/scratch/users/h61084/codes/evaluating_tsfms/outputs/instance_normalization/tasks/chronos_bolt/normalization/none/univariate/current_velocity/10T/short/run_0 source_launch=selena_instance_normalization_20260927T131553Z_36892 launch_id=selena_instance_normalization_20260927T131553Z_36892 slurm_job_id=3584825 launched_at=2026-09-27T15:11:46.316533+00:00
  Reused raw inference: /fslarge/scratch/users/h61084/codes/evaluating_tsfms/outputs/foundation_models/inference/chronos_bolt/univariate/current_velocity/10T/short/run_0

--- Term: medium ---
  Config: prediction_length=144, test_length=2160, val_length=2160
  Dataset info:
    - Frequency: 10T
    - Num series: 10
    - Target dim: 6
    - Target mode: univariate
    - Series length: min=7481, max=31957, avg=20668.5
    - Test split: 2160 steps
    - Prediction length: 144
    - Windows: 15
TIME run allocation action=skip run=/fslarge/scratch/users/h61084/codes/evaluating_tsfms/outputs/foundation_models/inference/chronos_bolt/univariate/current_velocity/10T/medium/run_0 source_launch=selena_20260926T154139Z_65000 launch_id=selena_instance_normalization_20260927T131553Z_36892 slurm_job_id=3584825 launched_at=2026-09-27T15:11:46.366547+00:00
TIME run allocation action=skip run=/fslarge/scratch/users/h61084/codes/evaluating_tsfms/outputs/instance_normalization/tasks/chronos_bolt/normalization/none/univariate/current_velocity/10T/medium/run_0 source_launch=selena_instance_normalization_20260927T131553Z_36892 launch_id=selena_instance_normalization_20260927T131553Z_36892 slurm_job_id=3584825 launched_at=2026-09-27T15:11:46.399705+00:00
  Reused raw inference: /fslarge/scratch/users/h61084/codes/evaluating_tsfms/outputs/foundation_models/inference/chronos_bolt/univariate/current_velocity/10T/medium/run_0

--- Term: long ---
  Config: prediction_length=432, test_length=2160, val_length=2160
  Dataset info:
    - Frequency: 10T
    - Num series: 10
    - Target dim: 6
    - Target mode: univariate
    - Series length: min=7481, max=31957, avg=20668.5
    - Test split: 2160 steps
    - Prediction length: 432
    - Windows: 5
TIME run allocation action=skip run=/fslarge/scratch/users/h61084/codes/evaluating_tsfms/outputs/foundation_models/inference/chronos_bolt/univariate/current_velocity/10T/long/run_0 source_launch=selena_20260926T154139Z_65000 launch_id=selena_instance_normalization_20260927T131553Z_36892 slurm_job_id=3584825 launched_at=2026-09-27T15:11:46.447769+00:00
TIME run allocation action=skip run=/fslarge/scratch/users/h61084/codes/evaluating_tsfms/outputs/instance_normalization/tasks/chronos_bolt/normalization/none/univariate/current_velocity/10T/long/run_0 source_launch=selena_instance_normalization_20260927T131553Z_36892 launch_id=selena_instance_normalization_20260927T131553Z_36892 slurm_job_id=3584825 launched_at=2026-09-27T15:11:46.479132+00:00
  Reused raw inference: /fslarge/scratch/users/h61084/codes/evaluating_tsfms/outputs/foundation_models/inference/chronos_bolt/univariate/current_velocity/10T/long/run_0

============================================================
All experiments completed!
Results saved to: /scratch/users/h61084/codes/evaluating_tsfms/outputs/instance_normalization/tasks
============================================================

############################################################
# All datasets completed!
############################################################

############################################################
# Dataset 1/1: current_velocity/15T
############################################################
Loading configuration...

============================================================
Dataset: current_velocity/15T
Model: amazon/chronos-bolt-base
Terms: ['short', 'medium', 'long']
Instance normalization: none
============================================================
Loading Chronos-Bolt model: amazon/chronos-bolt-base from /fslarge/scratch/users/h61084/weights/chronos-bolt-base...
[2026-09-27 15:11:55 UTC] resources selected_device {"device": "cuda", "model": "chronos_bolt", "stage": "forecast"}

--- Term: short ---
  Config: prediction_length=12, test_length=1440, val_length=1440
  Dataset info:
    - Frequency: 15T
    - Num series: 5
    - Target dim: 6
    - Target mode: univariate
    - Series length: min=3710, max=17953, avg=8503.2
    - Test split: 1440 steps
    - Prediction length: 12
    - Windows: 120
TIME run allocation action=skip run=/fslarge/scratch/users/h61084/codes/evaluating_tsfms/outputs/foundation_models/inference/chronos_bolt/univariate/current_velocity/15T/short/run_0 source_launch=selena_20260926T154139Z_65000 launch_id=selena_instance_normalization_20260927T131553Z_36892 slurm_job_id=3584825 launched_at=2026-09-27T15:11:55.743610+00:00
TIME run allocation action=skip run=/fslarge/scratch/users/h61084/codes/evaluating_tsfms/outputs/instance_normalization/tasks/chronos_bolt/normalization/none/univariate/current_velocity/15T/short/run_0 source_launch=selena_instance_normalization_20260927T131553Z_36892 launch_id=selena_instance_normalization_20260927T131553Z_36892 slurm_job_id=3584825 launched_at=2026-09-27T15:11:55.760519+00:00
  Reused raw inference: /fslarge/scratch/users/h61084/codes/evaluating_tsfms/outputs/foundation_models/inference/chronos_bolt/univariate/current_velocity/15T/short/run_0

--- Term: medium ---
  Config: prediction_length=96, test_length=1440, val_length=1440
  Dataset info:
    - Frequency: 15T
    - Num series: 5
    - Target dim: 6
    - Target mode: univariate
    - Series length: min=3710, max=17953, avg=8503.2
    - Test split: 1440 steps
    - Prediction length: 96
    - Windows: 15
TIME run allocation action=skip run=/fslarge/scratch/users/h61084/codes/evaluating_tsfms/outputs/foundation_models/inference/chronos_bolt/univariate/current_velocity/15T/medium/run_0 source_launch=selena_20260926T154139Z_65000 launch_id=selena_instance_normalization_20260927T131553Z_36892 slurm_job_id=3584825 launched_at=2026-09-27T15:11:55.794785+00:00
TIME run allocation action=skip run=/fslarge/scratch/users/h61084/codes/evaluating_tsfms/outputs/instance_normalization/tasks/chronos_bolt/normalization/none/univariate/current_velocity/15T/medium/run_0 source_launch=selena_instance_normalization_20260927T131553Z_36892 launch_id=selena_instance_normalization_20260927T131553Z_36892 slurm_job_id=3584825 launched_at=2026-09-27T15:11:55.810047+00:00
  Reused raw inference: /fslarge/scratch/users/h61084/codes/evaluating_tsfms/outputs/foundation_models/inference/chronos_bolt/univariate/current_velocity/15T/medium/run_0

--- Term: long ---
  Config: prediction_length=288, test_length=1440, val_length=1440
  Dataset info:
    - Frequency: 15T
    - Num series: 5
    - Target dim: 6
    - Target mode: univariate
    - Series length: min=3710, max=17953, avg=8503.2
    - Test split: 1440 steps
    - Prediction length: 288
    - Windows: 5
TIME run allocation action=skip run=/fslarge/scratch/users/h61084/codes/evaluating_tsfms/outputs/foundation_models/inference/chronos_bolt/univariate/current_velocity/15T/long/run_0 source_launch=selena_20260926T154139Z_65000 launch_id=selena_instance_normalization_20260927T131553Z_36892 slurm_job_id=3584825 launched_at=2026-09-27T15:11:55.842543+00:00
TIME run allocation action=skip run=/fslarge/scratch/users/h61084/codes/evaluating_tsfms/outputs/instance_normalization/tasks/chronos_bolt/normalization/none/univariate/current_velocity/15T/long/run_0 source_launch=selena_instance_normalization_20260927T131553Z_36892 launch_id=selena_instance_normalization_20260927T131553Z_36892 slurm_job_id=3584825 launched_at=2026-09-27T15:11:55.857398+00:00
  Reused raw inference: /fslarge/scratch/users/h61084/codes/evaluating_tsfms/outputs/foundation_models/inference/chronos_bolt/univariate/current_velocity/15T/long/run_0

============================================================
All experiments completed!
Results saved to: /scratch/users/h61084/codes/evaluating_tsfms/outputs/instance_normalization/tasks
============================================================

############################################################
# All datasets completed!
############################################################

############################################################
# Dataset 1/1: current_velocity/20T
############################################################
Loading configuration...

============================================================
Dataset: current_velocity/20T
Model: amazon/chronos-bolt-base
Terms: ['short', 'medium', 'long']
Instance normalization: none
============================================================
Loading Chronos-Bolt model: amazon/chronos-bolt-base from /fslarge/scratch/users/h61084/weights/chronos-bolt-base...
[2026-09-27 15:12:04 UTC] resources selected_device {"device": "cuda", "model": "chronos_bolt", "stage": "forecast"}

--- Term: short ---
  Config: prediction_length=9, test_length=1080, val_length=1080
  Dataset info:
    - Frequency: 20T
    - Num series: 27
    - Target dim: 6
    - Target mode: univariate
    - Series length: min=2529, max=16759, avg=6460.2
    - Test split: 1080 steps
    - Prediction length: 9
    - Windows: 120
TIME run allocation action=skip run=/fslarge/scratch/users/h61084/codes/evaluating_tsfms/outputs/foundation_models/inference/chronos_bolt/univariate/current_velocity/20T/short/run_0 source_launch=selena_20260926T154139Z_65000 launch_id=selena_instance_normalization_20260927T131553Z_36892 slurm_job_id=3584825 launched_at=2026-09-27T15:12:05.015540+00:00
TIME run allocation action=skip run=/fslarge/scratch/users/h61084/codes/evaluating_tsfms/outputs/instance_normalization/tasks/chronos_bolt/normalization/none/univariate/current_velocity/20T/short/run_0 source_launch=selena_instance_normalization_20260927T131553Z_36892 launch_id=selena_instance_normalization_20260927T131553Z_36892 slurm_job_id=3584825 launched_at=2026-09-27T15:12:05.070521+00:00
  Reused raw inference: /fslarge/scratch/users/h61084/codes/evaluating_tsfms/outputs/foundation_models/inference/chronos_bolt/univariate/current_velocity/20T/short/run_0

--- Term: medium ---
  Config: prediction_length=72, test_length=1080, val_length=1080
  Dataset info:
    - Frequency: 20T
    - Num series: 27
    - Target dim: 6
    - Target mode: univariate
    - Series length: min=2529, max=16759, avg=6460.2
    - Test split: 1080 steps
    - Prediction length: 72
    - Windows: 15
TIME run allocation action=skip run=/fslarge/scratch/users/h61084/codes/evaluating_tsfms/outputs/foundation_models/inference/chronos_bolt/univariate/current_velocity/20T/medium/run_0 source_launch=selena_20260926T154139Z_65000 launch_id=selena_instance_normalization_20260927T131553Z_36892 slurm_job_id=3584825 launched_at=2026-09-27T15:12:05.089534+00:00
TIME run allocation action=skip run=/fslarge/scratch/users/h61084/codes/evaluating_tsfms/outputs/instance_normalization/tasks/chronos_bolt/normalization/none/univariate/current_velocity/20T/medium/run_0 source_launch=selena_instance_normalization_20260927T131553Z_36892 launch_id=selena_instance_normalization_20260927T131553Z_36892 slurm_job_id=3584825 launched_at=2026-09-27T15:12:05.129168+00:00
  Reused raw inference: /fslarge/scratch/users/h61084/codes/evaluating_tsfms/outputs/foundation_models/inference/chronos_bolt/univariate/current_velocity/20T/medium/run_0

--- Term: long ---
  Config: prediction_length=216, test_length=1080, val_length=1080
  Dataset info:
    - Frequency: 20T
    - Num series: 27
    - Target dim: 6
    - Target mode: univariate
    - Series length: min=2529, max=16759, avg=6460.2
    - Test split: 1080 steps
    - Prediction length: 216
    - Windows: 5
TIME run allocation action=skip run=/fslarge/scratch/users/h61084/codes/evaluating_tsfms/outputs/foundation_models/inference/chronos_bolt/univariate/current_velocity/20T/long/run_0 source_launch=selena_20260926T154139Z_65000 launch_id=selena_instance_normalization_20260927T131553Z_36892 slurm_job_id=3584825 launched_at=2026-09-27T15:12:05.147877+00:00
TIME run allocation action=skip run=/fslarge/scratch/users/h61084/codes/evaluating_tsfms/outputs/instance_normalization/tasks/chronos_bolt/normalization/none/univariate/current_velocity/20T/long/run_0 source_launch=selena_instance_normalization_20260927T131553Z_36892 launch_id=selena_instance_normalization_20260927T131553Z_36892 slurm_job_id=3584825 launched_at=2026-09-27T15:12:05.186627+00:00
  Reused raw inference: /fslarge/scratch/users/h61084/codes/evaluating_tsfms/outputs/foundation_models/inference/chronos_bolt/univariate/current_velocity/20T/long/run_0

============================================================
All experiments completed!
Results saved to: /scratch/users/h61084/codes/evaluating_tsfms/outputs/instance_normalization/tasks
============================================================

############################################################
# All datasets completed!
############################################################

############################################################
# Dataset 1/1: current_velocity/H
############################################################
Loading configuration...

============================================================
Dataset: current_velocity/H
Model: amazon/chronos-bolt-base
Terms: ['short', 'medium', 'long']
Instance normalization: none
============================================================
Loading Chronos-Bolt model: amazon/chronos-bolt-base from /fslarge/scratch/users/h61084/weights/chronos-bolt-base...
[2026-09-27 15:12:13 UTC] resources selected_device {"device": "cuda", "model": "chronos_bolt", "stage": "forecast"}

--- Term: short ---
  Config: prediction_length=24, test_length=672, val_length=672
  Dataset info:
    - Frequency: H
    - Num series: 21
    - Target dim: 6
    - Target mode: univariate
    - Series length: min=2208, max=5587, avg=3502.3
    - Test split: 672 steps
    - Prediction length: 24
    - Windows: 28
TIME run allocation action=skip run=/fslarge/scratch/users/h61084/codes/evaluating_tsfms/outputs/foundation_models/inference/chronos_bolt/univariate/current_velocity/H/short/run_0 source_launch=selena_20260926T154139Z_65000 launch_id=selena_instance_normalization_20260927T131553Z_36892 slurm_job_id=3584825 launched_at=2026-09-27T15:12:14.355276+00:00
TIME run allocation action=skip run=/fslarge/scratch/users/h61084/codes/evaluating_tsfms/outputs/instance_normalization/tasks/chronos_bolt/normalization/none/univariate/current_velocity/H/short/run_0 source_launch=selena_instance_normalization_20260927T131553Z_36892 launch_id=selena_instance_normalization_20260927T131553Z_36892 slurm_job_id=3584825 launched_at=2026-09-27T15:12:14.379722+00:00
  Reused raw inference: /fslarge/scratch/users/h61084/codes/evaluating_tsfms/outputs/foundation_models/inference/chronos_bolt/univariate/current_velocity/H/short/run_0

--- Term: medium ---
  Config: prediction_length=168, test_length=672, val_length=672
  Dataset info:
    - Frequency: H
    - Num series: 21
    - Target dim: 6
    - Target mode: univariate
    - Series length: min=2208, max=5587, avg=3502.3
    - Test split: 672 steps
    - Prediction length: 168
    - Windows: 4
TIME run allocation action=skip run=/fslarge/scratch/users/h61084/codes/evaluating_tsfms/outputs/foundation_models/inference/chronos_bolt/univariate/current_velocity/H/medium/run_0 source_launch=selena_20260926T154139Z_65000 launch_id=selena_instance_normalization_20260927T131553Z_36892 slurm_job_id=3584825 launched_at=2026-09-27T15:12:14.399432+00:00
TIME run allocation action=skip run=/fslarge/scratch/users/h61084/codes/evaluating_tsfms/outputs/instance_normalization/tasks/chronos_bolt/normalization/none/univariate/current_velocity/H/medium/run_0 source_launch=selena_instance_normalization_20260927T131553Z_36892 launch_id=selena_instance_normalization_20260927T131553Z_36892 slurm_job_id=3584825 launched_at=2026-09-27T15:12:14.422202+00:00
  Reused raw inference: /fslarge/scratch/users/h61084/codes/evaluating_tsfms/outputs/foundation_models/inference/chronos_bolt/univariate/current_velocity/H/medium/run_0

--- Term: long ---
  Config: prediction_length=336, test_length=672, val_length=672
  Dataset info:
    - Frequency: H
    - Num series: 21
    - Target dim: 6
    - Target mode: univariate
    - Series length: min=2208, max=5587, avg=3502.3
    - Test split: 672 steps
    - Prediction length: 336
    - Windows: 2
TIME run allocation action=skip run=/fslarge/scratch/users/h61084/codes/evaluating_tsfms/outputs/foundation_models/inference/chronos_bolt/univariate/current_velocity/H/long/run_0 source_launch=selena_20260926T154139Z_65000 launch_id=selena_instance_normalization_20260927T131553Z_36892 slurm_job_id=3584825 launched_at=2026-09-27T15:12:14.441412+00:00
TIME run allocation action=skip run=/fslarge/scratch/users/h61084/codes/evaluating_tsfms/outputs/instance_normalization/tasks/chronos_bolt/normalization/none/univariate/current_velocity/H/long/run_0 source_launch=selena_instance_normalization_20260927T131553Z_36892 launch_id=selena_instance_normalization_20260927T131553Z_36892 slurm_job_id=3584825 launched_at=2026-09-27T15:12:14.463316+00:00
  Reused raw inference: /fslarge/scratch/users/h61084/codes/evaluating_tsfms/outputs/foundation_models/inference/chronos_bolt/univariate/current_velocity/H/long/run_0

============================================================
All experiments completed!
Results saved to: /scratch/users/h61084/codes/evaluating_tsfms/outputs/instance_normalization/tasks
============================================================

############################################################
# All datasets completed!
############################################################

############################################################
# Dataset 1/1: CPHL/15T
############################################################
Loading configuration...

============================================================
Dataset: CPHL/15T
Model: amazon/chronos-bolt-base
Terms: ['short', 'medium', 'long']
Instance normalization: none
============================================================
Loading Chronos-Bolt model: amazon/chronos-bolt-base from /fslarge/scratch/users/h61084/weights/chronos-bolt-base...
[2026-09-27 15:12:22 UTC] resources selected_device {"device": "cuda", "model": "chronos_bolt", "stage": "forecast"}

--- Term: short ---
  Config: prediction_length=12, test_length=1440, val_length=1440
  Dataset info:
    - Frequency: 15T
    - Num series: 2
    - Target dim: 1
    - Target mode: univariate
    - Series length: min=9956, max=10831, avg=10393.5
    - Test split: 1440 steps
    - Prediction length: 12
    - Windows: 120
TIME run allocation action=skip run=/fslarge/scratch/users/h61084/codes/evaluating_tsfms/outputs/foundation_models/inference/chronos_bolt/univariate/CPHL/15T/short/run_0 source_launch=selena_20260926T154139Z_65000 launch_id=selena_instance_normalization_20260927T131553Z_36892 slurm_job_id=3584825 launched_at=2026-09-27T15:12:23.601578+00:00
TIME run allocation action=skip run=/fslarge/scratch/users/h61084/codes/evaluating_tsfms/outputs/instance_normalization/tasks/chronos_bolt/normalization/none/univariate/CPHL/15T/short/run_0 source_launch=selena_instance_normalization_20260927T131553Z_36892 launch_id=selena_instance_normalization_20260927T131553Z_36892 slurm_job_id=3584825 launched_at=2026-09-27T15:12:23.611045+00:00
  Reused raw inference: /fslarge/scratch/users/h61084/codes/evaluating_tsfms/outputs/foundation_models/inference/chronos_bolt/univariate/CPHL/15T/short/run_0

--- Term: medium ---
  Config: prediction_length=96, test_length=1440, val_length=1440
  Dataset info:
    - Frequency: 15T
    - Num series: 2
    - Target dim: 1
    - Target mode: univariate
    - Series length: min=9956, max=10831, avg=10393.5
    - Test split: 1440 steps
    - Prediction length: 96
    - Windows: 15
TIME run allocation action=skip run=/fslarge/scratch/users/h61084/codes/evaluating_tsfms/outputs/foundation_models/inference/chronos_bolt/univariate/CPHL/15T/medium/run_0 source_launch=selena_20260926T154139Z_65000 launch_id=selena_instance_normalization_20260927T131553Z_36892 slurm_job_id=3584825 launched_at=2026-09-27T15:12:23.623800+00:00
TIME run allocation action=skip run=/fslarge/scratch/users/h61084/codes/evaluating_tsfms/outputs/instance_normalization/tasks/chronos_bolt/normalization/none/univariate/CPHL/15T/medium/run_0 source_launch=selena_instance_normalization_20260927T131553Z_36892 launch_id=selena_instance_normalization_20260927T131553Z_36892 slurm_job_id=3584825 launched_at=2026-09-27T15:12:23.631910+00:00
  Reused raw inference: /fslarge/scratch/users/h61084/codes/evaluating_tsfms/outputs/foundation_models/inference/chronos_bolt/univariate/CPHL/15T/medium/run_0

--- Term: long ---
  Config: prediction_length=288, test_length=1440, val_length=1440
  Dataset info:
    - Frequency: 15T
    - Num series: 2
    - Target dim: 1
    - Target mode: univariate
    - Series length: min=9956, max=10831, avg=10393.5
    - Test split: 1440 steps
    - Prediction length: 288
    - Windows: 5
TIME run allocation action=skip run=/fslarge/scratch/users/h61084/codes/evaluating_tsfms/outputs/foundation_models/inference/chronos_bolt/univariate/CPHL/15T/long/run_0 source_launch=selena_20260926T154139Z_65000 launch_id=selena_instance_normalization_20260927T131553Z_36892 slurm_job_id=3584825 launched_at=2026-09-27T15:12:23.643843+00:00
TIME run allocation action=skip run=/fslarge/scratch/users/h61084/codes/evaluating_tsfms/outputs/instance_normalization/tasks/chronos_bolt/normalization/none/univariate/CPHL/15T/long/run_0 source_launch=selena_instance_normalization_20260927T131553Z_36892 launch_id=selena_instance_normalization_20260927T131553Z_36892 slurm_job_id=3584825 launched_at=2026-09-27T15:12:23.651312+00:00
  Reused raw inference: /fslarge/scratch/users/h61084/codes/evaluating_tsfms/outputs/foundation_models/inference/chronos_bolt/univariate/CPHL/15T/long/run_0

============================================================
All experiments completed!
Results saved to: /scratch/users/h61084/codes/evaluating_tsfms/outputs/instance_normalization/tasks
============================================================

############################################################
# All datasets completed!
############################################################

############################################################
# Dataset 1/1: CPHL/30T
############################################################
Loading configuration...

============================================================
Dataset: CPHL/30T
Model: amazon/chronos-bolt-base
Terms: ['short', 'medium', 'long']
Instance normalization: none
============================================================
Loading Chronos-Bolt model: amazon/chronos-bolt-base from /fslarge/scratch/users/h61084/weights/chronos-bolt-base...
[2026-09-27 15:12:32 UTC] resources selected_device {"device": "cuda", "model": "chronos_bolt", "stage": "forecast"}

--- Term: short ---
  Config: prediction_length=12, test_length=1440, val_length=1440
  Dataset info:
    - Frequency: 30T
    - Num series: 2
    - Target dim: 1
    - Target mode: univariate
    - Series length: min=11808, max=17566, avg=14687.0
    - Test split: 1440 steps
    - Prediction length: 12
    - Windows: 120
TIME run allocation action=skip run=/fslarge/scratch/users/h61084/codes/evaluating_tsfms/outputs/foundation_models/inference/chronos_bolt/univariate/CPHL/30T/short/run_0 source_launch=selena_20260926T154139Z_65000 launch_id=selena_instance_normalization_20260927T131553Z_36892 slurm_job_id=3584825 launched_at=2026-09-27T15:12:32.825421+00:00
TIME run allocation action=skip run=/fslarge/scratch/users/h61084/codes/evaluating_tsfms/outputs/instance_normalization/tasks/chronos_bolt/normalization/none/univariate/CPHL/30T/short/run_0 source_launch=selena_instance_normalization_20260927T131553Z_36892 launch_id=selena_instance_normalization_20260927T131553Z_36892 slurm_job_id=3584825 launched_at=2026-09-27T15:12:32.834583+00:00
  Reused raw inference: /fslarge/scratch/users/h61084/codes/evaluating_tsfms/outputs/foundation_models/inference/chronos_bolt/univariate/CPHL/30T/short/run_0

--- Term: medium ---
  Config: prediction_length=48, test_length=1440, val_length=1440
  Dataset info:
    - Frequency: 30T
    - Num series: 2
    - Target dim: 1
    - Target mode: univariate
    - Series length: min=11808, max=17566, avg=14687.0
    - Test split: 1440 steps
    - Prediction length: 48
    - Windows: 30
TIME run allocation action=skip run=/fslarge/scratch/users/h61084/codes/evaluating_tsfms/outputs/foundation_models/inference/chronos_bolt/univariate/CPHL/30T/medium/run_0 source_launch=selena_20260926T154139Z_65000 launch_id=selena_instance_normalization_20260927T131553Z_36892 slurm_job_id=3584825 launched_at=2026-09-27T15:12:32.847210+00:00
TIME run allocation action=skip run=/fslarge/scratch/users/h61084/codes/evaluating_tsfms/outputs/instance_normalization/tasks/chronos_bolt/normalization/none/univariate/CPHL/30T/medium/run_0 source_launch=selena_instance_normalization_20260927T131553Z_36892 launch_id=selena_instance_normalization_20260927T131553Z_36892 slurm_job_id=3584825 launched_at=2026-09-27T15:12:32.854850+00:00
  Reused raw inference: /fslarge/scratch/users/h61084/codes/evaluating_tsfms/outputs/foundation_models/inference/chronos_bolt/univariate/CPHL/30T/medium/run_0

--- Term: long ---
  Config: prediction_length=144, test_length=1440, val_length=1440
  Dataset info:
    - Frequency: 30T
    - Num series: 2
    - Target dim: 1
    - Target mode: univariate
    - Series length: min=11808, max=17566, avg=14687.0
    - Test split: 1440 steps
    - Prediction length: 144
    - Windows: 10
TIME run allocation action=skip run=/fslarge/scratch/users/h61084/codes/evaluating_tsfms/outputs/foundation_models/inference/chronos_bolt/univariate/CPHL/30T/long/run_0 source_launch=selena_20260926T154139Z_65000 launch_id=selena_instance_normalization_20260927T131553Z_36892 slurm_job_id=3584825 launched_at=2026-09-27T15:12:32.867320+00:00
TIME run allocation action=skip run=/fslarge/scratch/users/h61084/codes/evaluating_tsfms/outputs/instance_normalization/tasks/chronos_bolt/normalization/none/univariate/CPHL/30T/long/run_0 source_launch=selena_instance_normalization_20260927T131553Z_36892 launch_id=selena_instance_normalization_20260927T131553Z_36892 slurm_job_id=3584825 launched_at=2026-09-27T15:12:32.874892+00:00
  Reused raw inference: /fslarge/scratch/users/h61084/codes/evaluating_tsfms/outputs/foundation_models/inference/chronos_bolt/univariate/CPHL/30T/long/run_0

============================================================
All experiments completed!
Results saved to: /scratch/users/h61084/codes/evaluating_tsfms/outputs/instance_normalization/tasks
============================================================

############################################################
# All datasets completed!
############################################################

############################################################
# Dataset 1/1: CPHL/H
############################################################
Loading configuration...

============================================================
Dataset: CPHL/H
Model: amazon/chronos-bolt-base
Terms: ['short', 'medium', 'long']
Instance normalization: none
============================================================
Loading Chronos-Bolt model: amazon/chronos-bolt-base from /fslarge/scratch/users/h61084/weights/chronos-bolt-base...
[2026-09-27 15:12:41 UTC] resources selected_device {"device": "cuda", "model": "chronos_bolt", "stage": "forecast"}

--- Term: short ---
  Config: prediction_length=24, test_length=672, val_length=672
  Dataset info:
    - Frequency: H
    - Num series: 4
    - Target dim: 1
    - Target mode: univariate
    - Series length: min=2490, max=8783, avg=4971.2
    - Test split: 672 steps
    - Prediction length: 24
    - Windows: 28
TIME run allocation action=skip run=/fslarge/scratch/users/h61084/codes/evaluating_tsfms/outputs/foundation_models/inference/chronos_bolt/univariate/CPHL/H/short/run_0 source_launch=selena_20260926T154139Z_65000 launch_id=selena_instance_normalization_20260927T131553Z_36892 slurm_job_id=3584825 launched_at=2026-09-27T15:12:42.052070+00:00
TIME run allocation action=skip run=/fslarge/scratch/users/h61084/codes/evaluating_tsfms/outputs/instance_normalization/tasks/chronos_bolt/normalization/none/univariate/CPHL/H/short/run_0 source_launch=selena_instance_normalization_20260927T131553Z_36892 launch_id=selena_instance_normalization_20260927T131553Z_36892 slurm_job_id=3584825 launched_at=2026-09-27T15:12:42.060878+00:00
  Reused raw inference: /fslarge/scratch/users/h61084/codes/evaluating_tsfms/outputs/foundation_models/inference/chronos_bolt/univariate/CPHL/H/short/run_0

--- Term: medium ---
  Config: prediction_length=168, test_length=672, val_length=672
  Dataset info:
    - Frequency: H
    - Num series: 4
    - Target dim: 1
    - Target mode: univariate
    - Series length: min=2490, max=8783, avg=4971.2
    - Test split: 672 steps
    - Prediction length: 168
    - Windows: 4
TIME run allocation action=skip run=/fslarge/scratch/users/h61084/codes/evaluating_tsfms/outputs/foundation_models/inference/chronos_bolt/univariate/CPHL/H/medium/run_0 source_launch=selena_20260926T154139Z_65000 launch_id=selena_instance_normalization_20260927T131553Z_36892 slurm_job_id=3584825 launched_at=2026-09-27T15:12:42.072884+00:00
TIME run allocation action=skip run=/fslarge/scratch/users/h61084/codes/evaluating_tsfms/outputs/instance_normalization/tasks/chronos_bolt/normalization/none/univariate/CPHL/H/medium/run_0 source_launch=selena_instance_normalization_20260927T131553Z_36892 launch_id=selena_instance_normalization_20260927T131553Z_36892 slurm_job_id=3584825 launched_at=2026-09-27T15:12:42.080509+00:00
  Reused raw inference: /fslarge/scratch/users/h61084/codes/evaluating_tsfms/outputs/foundation_models/inference/chronos_bolt/univariate/CPHL/H/medium/run_0

--- Term: long ---
  Config: prediction_length=336, test_length=672, val_length=672
  Dataset info:
    - Frequency: H
    - Num series: 4
    - Target dim: 1
    - Target mode: univariate
    - Series length: min=2490, max=8783, avg=4971.2
    - Test split: 672 steps
    - Prediction length: 336
    - Windows: 2
TIME run allocation action=skip run=/fslarge/scratch/users/h61084/codes/evaluating_tsfms/outputs/foundation_models/inference/chronos_bolt/univariate/CPHL/H/long/run_0 source_launch=selena_20260926T154139Z_65000 launch_id=selena_instance_normalization_20260927T131553Z_36892 slurm_job_id=3584825 launched_at=2026-09-27T15:12:42.092253+00:00
TIME run allocation action=skip run=/fslarge/scratch/users/h61084/codes/evaluating_tsfms/outputs/instance_normalization/tasks/chronos_bolt/normalization/none/univariate/CPHL/H/long/run_0 source_launch=selena_instance_normalization_20260927T131553Z_36892 launch_id=selena_instance_normalization_20260927T131553Z_36892 slurm_job_id=3584825 launched_at=2026-09-27T15:12:42.099644+00:00
  Reused raw inference: /fslarge/scratch/users/h61084/codes/evaluating_tsfms/outputs/foundation_models/inference/chronos_bolt/univariate/CPHL/H/long/run_0

============================================================
All experiments completed!
Results saved to: /scratch/users/h61084/codes/evaluating_tsfms/outputs/instance_normalization/tasks
============================================================

############################################################
# All datasets completed!
############################################################

############################################################
# Dataset 1/1: Coastal_T_S/5T
############################################################
Loading configuration...

============================================================
Dataset: Coastal_T_S/5T
Model: amazon/chronos-bolt-base
Terms: ['short', 'medium', 'long']
Instance normalization: none
============================================================
Loading Chronos-Bolt model: amazon/chronos-bolt-base from /fslarge/scratch/users/h61084/weights/chronos-bolt-base...
[2026-09-27 15:12:50 UTC] resources selected_device {"device": "cuda", "model": "chronos_bolt", "stage": "forecast"}

--- Term: short ---
  Config: prediction_length=36, test_length=4320, val_length=4320
  Dataset info:
    - Frequency: 5T
    - Num series: 18
    - Target dim: 3
    - Target mode: univariate
    - Series length: min=44614, max=105408, avg=68604.9
    - Test split: 4320 steps
    - Prediction length: 36
    - Windows: 120
TIME run allocation action=skip run=/fslarge/scratch/users/h61084/codes/evaluating_tsfms/outputs/foundation_models/inference/chronos_bolt/univariate/Coastal_T_S/5T/short/run_0 source_launch=selena_20260926T154139Z_65000 launch_id=selena_instance_normalization_20260927T131553Z_36892 slurm_job_id=3584825 launched_at=2026-09-27T15:12:51.404677+00:00
TIME run allocation action=skip run=/fslarge/scratch/users/h61084/codes/evaluating_tsfms/outputs/instance_normalization/tasks/chronos_bolt/normalization/none/univariate/Coastal_T_S/5T/short/run_0 source_launch=selena_instance_normalization_20260927T131553Z_36892 launch_id=selena_instance_normalization_20260927T131553Z_36892 slurm_job_id=3584825 launched_at=2026-09-27T15:12:51.456278+00:00
  Reused raw inference: /fslarge/scratch/users/h61084/codes/evaluating_tsfms/outputs/foundation_models/inference/chronos_bolt/univariate/Coastal_T_S/5T/short/run_0

--- Term: medium ---
  Config: prediction_length=288, test_length=4320, val_length=4320
  Dataset info:
    - Frequency: 5T
    - Num series: 18
    - Target dim: 3
    - Target mode: univariate
    - Series length: min=44614, max=105408, avg=68604.9
    - Test split: 4320 steps
    - Prediction length: 288
    - Windows: 15
TIME run allocation action=skip run=/fslarge/scratch/users/h61084/codes/evaluating_tsfms/outputs/foundation_models/inference/chronos_bolt/univariate/Coastal_T_S/5T/medium/run_0 source_launch=selena_20260926T154139Z_65000 launch_id=selena_instance_normalization_20260927T131553Z_36892 slurm_job_id=3584825 launched_at=2026-09-27T15:12:51.539388+00:00
TIME run allocation action=skip run=/fslarge/scratch/users/h61084/codes/evaluating_tsfms/outputs/instance_normalization/tasks/chronos_bolt/normalization/none/univariate/Coastal_T_S/5T/medium/run_0 source_launch=selena_instance_normalization_20260927T131553Z_36892 launch_id=selena_instance_normalization_20260927T131553Z_36892 slurm_job_id=3584825 launched_at=2026-09-27T15:12:51.589629+00:00
  Reused raw inference: /fslarge/scratch/users/h61084/codes/evaluating_tsfms/outputs/foundation_models/inference/chronos_bolt/univariate/Coastal_T_S/5T/medium/run_0

--- Term: long ---
  Config: prediction_length=864, test_length=4320, val_length=4320
  Dataset info:
    - Frequency: 5T
    - Num series: 18
    - Target dim: 3
    - Target mode: univariate
    - Series length: min=44614, max=105408, avg=68604.9
    - Test split: 4320 steps
    - Prediction length: 864
    - Windows: 5
TIME run allocation action=skip run=/fslarge/scratch/users/h61084/codes/evaluating_tsfms/outputs/foundation_models/inference/chronos_bolt/univariate/Coastal_T_S/5T/long/run_0 source_launch=selena_20260926T154139Z_65000 launch_id=selena_instance_normalization_20260927T131553Z_36892 slurm_job_id=3584825 launched_at=2026-09-27T15:12:51.669923+00:00
TIME run allocation action=skip run=/fslarge/scratch/users/h61084/codes/evaluating_tsfms/outputs/instance_normalization/tasks/chronos_bolt/normalization/none/univariate/Coastal_T_S/5T/long/run_0 source_launch=selena_instance_normalization_20260927T131553Z_36892 launch_id=selena_instance_normalization_20260927T131553Z_36892 slurm_job_id=3584825 launched_at=2026-09-27T15:12:51.719981+00:00
  Reused raw inference: /fslarge/scratch/users/h61084/codes/evaluating_tsfms/outputs/foundation_models/inference/chronos_bolt/univariate/Coastal_T_S/5T/long/run_0

============================================================
All experiments completed!
Results saved to: /scratch/users/h61084/codes/evaluating_tsfms/outputs/instance_normalization/tasks
============================================================

############################################################
# All datasets completed!
############################################################

############################################################
# Dataset 1/1: Coastal_T_S/15T
############################################################
Loading configuration...

============================================================
Dataset: Coastal_T_S/15T
Model: amazon/chronos-bolt-base
Terms: ['short', 'medium', 'long']
Instance normalization: none
============================================================
Loading Chronos-Bolt model: amazon/chronos-bolt-base from /fslarge/scratch/users/h61084/weights/chronos-bolt-base...
[2026-09-27 15:13:00 UTC] resources selected_device {"device": "cuda", "model": "chronos_bolt", "stage": "forecast"}

--- Term: short ---
  Config: prediction_length=12, test_length=1440, val_length=1440
  Dataset info:
    - Frequency: 15T
    - Num series: 5
    - Target dim: 3
    - Target mode: univariate
    - Series length: min=16686, max=23134, avg=20870.2
    - Test split: 1440 steps
    - Prediction length: 12
    - Windows: 120
TIME run allocation action=skip run=/fslarge/scratch/users/h61084/codes/evaluating_tsfms/outputs/foundation_models/inference/chronos_bolt/univariate/Coastal_T_S/15T/short/run_0 source_launch=selena_20260926T154139Z_65000 launch_id=selena_instance_normalization_20260927T131553Z_36892 slurm_job_id=3584825 launched_at=2026-09-27T15:13:00.902709+00:00
TIME run allocation action=skip run=/fslarge/scratch/users/h61084/codes/evaluating_tsfms/outputs/instance_normalization/tasks/chronos_bolt/normalization/none/univariate/Coastal_T_S/15T/short/run_0 source_launch=selena_instance_normalization_20260927T131553Z_36892 launch_id=selena_instance_normalization_20260927T131553Z_36892 slurm_job_id=3584825 launched_at=2026-09-27T15:13:00.915262+00:00
  Reused raw inference: /fslarge/scratch/users/h61084/codes/evaluating_tsfms/outputs/foundation_models/inference/chronos_bolt/univariate/Coastal_T_S/15T/short/run_0

--- Term: medium ---
  Config: prediction_length=96, test_length=1440, val_length=1440
  Dataset info:
    - Frequency: 15T
    - Num series: 5
    - Target dim: 3
    - Target mode: univariate
    - Series length: min=16686, max=23134, avg=20870.2
    - Test split: 1440 steps
    - Prediction length: 96
    - Windows: 15
TIME run allocation action=skip run=/fslarge/scratch/users/h61084/codes/evaluating_tsfms/outputs/foundation_models/inference/chronos_bolt/univariate/Coastal_T_S/15T/medium/run_0 source_launch=selena_20260926T154139Z_65000 launch_id=selena_instance_normalization_20260927T131553Z_36892 slurm_job_id=3584825 launched_at=2026-09-27T15:13:00.940658+00:00
TIME run allocation action=skip run=/fslarge/scratch/users/h61084/codes/evaluating_tsfms/outputs/instance_normalization/tasks/chronos_bolt/normalization/none/univariate/Coastal_T_S/15T/medium/run_0 source_launch=selena_instance_normalization_20260927T131553Z_36892 launch_id=selena_instance_normalization_20260927T131553Z_36892 slurm_job_id=3584825 launched_at=2026-09-27T15:13:00.951961+00:00
  Reused raw inference: /fslarge/scratch/users/h61084/codes/evaluating_tsfms/outputs/foundation_models/inference/chronos_bolt/univariate/Coastal_T_S/15T/medium/run_0

--- Term: long ---
  Config: prediction_length=288, test_length=1440, val_length=1440
  Dataset info:
    - Frequency: 15T
    - Num series: 5
    - Target dim: 3
    - Target mode: univariate
    - Series length: min=16686, max=23134, avg=20870.2
    - Test split: 1440 steps
    - Prediction length: 288
    - Windows: 5
TIME run allocation action=skip run=/fslarge/scratch/users/h61084/codes/evaluating_tsfms/outputs/foundation_models/inference/chronos_bolt/univariate/Coastal_T_S/15T/long/run_0 source_launch=selena_20260926T154139Z_65000 launch_id=selena_instance_normalization_20260927T131553Z_36892 slurm_job_id=3584825 launched_at=2026-09-27T15:13:00.976726+00:00
TIME run allocation action=skip run=/fslarge/scratch/users/h61084/codes/evaluating_tsfms/outputs/instance_normalization/tasks/chronos_bolt/normalization/none/univariate/Coastal_T_S/15T/long/run_0 source_launch=selena_instance_normalization_20260927T131553Z_36892 launch_id=selena_instance_normalization_20260927T131553Z_36892 slurm_job_id=3584825 launched_at=2026-09-27T15:13:00.987931+00:00
  Reused raw inference: /fslarge/scratch/users/h61084/codes/evaluating_tsfms/outputs/foundation_models/inference/chronos_bolt/univariate/Coastal_T_S/15T/long/run_0

============================================================
All experiments completed!
Results saved to: /scratch/users/h61084/codes/evaluating_tsfms/outputs/instance_normalization/tasks
============================================================

############################################################
# All datasets completed!
############################################################

############################################################
# Dataset 1/1: Coastal_T_S/20T
############################################################
Loading configuration...

============================================================
Dataset: Coastal_T_S/20T
Model: amazon/chronos-bolt-base
Terms: ['short', 'medium', 'long']
Instance normalization: none
============================================================
Loading Chronos-Bolt model: amazon/chronos-bolt-base from /fslarge/scratch/users/h61084/weights/chronos-bolt-base...
[2026-09-27 15:13:09 UTC] resources selected_device {"device": "cuda", "model": "chronos_bolt", "stage": "forecast"}

--- Term: short ---
  Config: prediction_length=9, test_length=1080, val_length=1080
  Dataset info:
    - Frequency: 20T
    - Num series: 1
    - Target dim: 3
    - Target mode: univariate
    - Series length: min=8198, max=8198, avg=8198.0
    - Test split: 1080 steps
    - Prediction length: 9
    - Windows: 120
TIME run allocation action=skip run=/fslarge/scratch/users/h61084/codes/evaluating_tsfms/outputs/foundation_models/inference/chronos_bolt/univariate/Coastal_T_S/20T/short/run_0 source_launch=selena_20260926T154139Z_65000 launch_id=selena_instance_normalization_20260927T131553Z_36892 slurm_job_id=3584825 launched_at=2026-09-27T15:13:10.159590+00:00
TIME run allocation action=skip run=/fslarge/scratch/users/h61084/codes/evaluating_tsfms/outputs/instance_normalization/tasks/chronos_bolt/normalization/none/univariate/Coastal_T_S/20T/short/run_0 source_launch=selena_instance_normalization_20260927T131553Z_36892 launch_id=selena_instance_normalization_20260927T131553Z_36892 slurm_job_id=3584825 launched_at=2026-09-27T15:13:10.168736+00:00
  Reused raw inference: /fslarge/scratch/users/h61084/codes/evaluating_tsfms/outputs/foundation_models/inference/chronos_bolt/univariate/Coastal_T_S/20T/short/run_0

--- Term: medium ---
  Config: prediction_length=72, test_length=1080, val_length=1080
  Dataset info:
    - Frequency: 20T
    - Num series: 1
    - Target dim: 3
    - Target mode: univariate
    - Series length: min=8198, max=8198, avg=8198.0
    - Test split: 1080 steps
    - Prediction length: 72
    - Windows: 15
TIME run allocation action=skip run=/fslarge/scratch/users/h61084/codes/evaluating_tsfms/outputs/foundation_models/inference/chronos_bolt/univariate/Coastal_T_S/20T/medium/run_0 source_launch=selena_20260926T154139Z_65000 launch_id=selena_instance_normalization_20260927T131553Z_36892 slurm_job_id=3584825 launched_at=2026-09-27T15:13:10.186882+00:00
TIME run allocation action=skip run=/fslarge/scratch/users/h61084/codes/evaluating_tsfms/outputs/instance_normalization/tasks/chronos_bolt/normalization/none/univariate/Coastal_T_S/20T/medium/run_0 source_launch=selena_instance_normalization_20260927T131553Z_36892 launch_id=selena_instance_normalization_20260927T131553Z_36892 slurm_job_id=3584825 launched_at=2026-09-27T15:13:10.194834+00:00
  Reused raw inference: /fslarge/scratch/users/h61084/codes/evaluating_tsfms/outputs/foundation_models/inference/chronos_bolt/univariate/Coastal_T_S/20T/medium/run_0

--- Term: long ---
  Config: prediction_length=216, test_length=1080, val_length=1080
  Dataset info:
    - Frequency: 20T
    - Num series: 1
    - Target dim: 3
    - Target mode: univariate
    - Series length: min=8198, max=8198, avg=8198.0
    - Test split: 1080 steps
    - Prediction length: 216
    - Windows: 5
TIME run allocation action=skip run=/fslarge/scratch/users/h61084/codes/evaluating_tsfms/outputs/foundation_models/inference/chronos_bolt/univariate/Coastal_T_S/20T/long/run_0 source_launch=selena_20260926T154139Z_65000 launch_id=selena_instance_normalization_20260927T131553Z_36892 slurm_job_id=3584825 launched_at=2026-09-27T15:13:10.212770+00:00
TIME run allocation action=skip run=/fslarge/scratch/users/h61084/codes/evaluating_tsfms/outputs/instance_normalization/tasks/chronos_bolt/normalization/none/univariate/Coastal_T_S/20T/long/run_0 source_launch=selena_instance_normalization_20260927T131553Z_36892 launch_id=selena_instance_normalization_20260927T131553Z_36892 slurm_job_id=3584825 launched_at=2026-09-27T15:13:10.220688+00:00
  Reused raw inference: /fslarge/scratch/users/h61084/codes/evaluating_tsfms/outputs/foundation_models/inference/chronos_bolt/univariate/Coastal_T_S/20T/long/run_0

============================================================
All experiments completed!
Results saved to: /scratch/users/h61084/codes/evaluating_tsfms/outputs/instance_normalization/tasks
============================================================

############################################################
# All datasets completed!
############################################################

############################################################
# Dataset 1/1: Coastal_T_S/H
############################################################
Loading configuration...

============================================================
Dataset: Coastal_T_S/H
Model: amazon/chronos-bolt-base
Terms: ['short', 'medium', 'long']
Instance normalization: none
============================================================
Loading Chronos-Bolt model: amazon/chronos-bolt-base from /fslarge/scratch/users/h61084/weights/chronos-bolt-base...
[2026-09-27 15:13:18 UTC] resources selected_device {"device": "cuda", "model": "chronos_bolt", "stage": "forecast"}

--- Term: short ---
  Config: prediction_length=24, test_length=672, val_length=672
  Dataset info:
    - Frequency: H
    - Num series: 24
    - Target dim: 3
    - Target mode: univariate
    - Series length: min=2733, max=8784, avg=5488.8
    - Test split: 672 steps
    - Prediction length: 24
    - Windows: 28
TIME run allocation action=skip run=/fslarge/scratch/users/h61084/codes/evaluating_tsfms/outputs/foundation_models/inference/chronos_bolt/univariate/Coastal_T_S/H/short/run_0 source_launch=selena_20260926T154139Z_65000 launch_id=selena_instance_normalization_20260927T131553Z_36892 slurm_job_id=3584825 launched_at=2026-09-27T15:13:19.418321+00:00
TIME run allocation action=skip run=/fslarge/scratch/users/h61084/codes/evaluating_tsfms/outputs/instance_normalization/tasks/chronos_bolt/normalization/none/univariate/Coastal_T_S/H/short/run_0 source_launch=selena_instance_normalization_20260927T131553Z_36892 launch_id=selena_instance_normalization_20260927T131553Z_36892 slurm_job_id=3584825 launched_at=2026-09-27T15:13:19.436883+00:00
  Reused raw inference: /fslarge/scratch/users/h61084/codes/evaluating_tsfms/outputs/foundation_models/inference/chronos_bolt/univariate/Coastal_T_S/H/short/run_0

--- Term: medium ---
  Config: prediction_length=168, test_length=672, val_length=672
  Dataset info:
    - Frequency: H
    - Num series: 24
    - Target dim: 3
    - Target mode: univariate
    - Series length: min=2733, max=8784, avg=5488.8
    - Test split: 672 steps
    - Prediction length: 168
    - Windows: 4
TIME run allocation action=skip run=/fslarge/scratch/users/h61084/codes/evaluating_tsfms/outputs/foundation_models/inference/chronos_bolt/univariate/Coastal_T_S/H/medium/run_0 source_launch=selena_20260926T154139Z_65000 launch_id=selena_instance_normalization_20260927T131553Z_36892 slurm_job_id=3584825 launched_at=2026-09-27T15:13:19.458138+00:00
TIME run allocation action=skip run=/fslarge/scratch/users/h61084/codes/evaluating_tsfms/outputs/instance_normalization/tasks/chronos_bolt/normalization/none/univariate/Coastal_T_S/H/medium/run_0 source_launch=selena_instance_normalization_20260927T131553Z_36892 launch_id=selena_instance_normalization_20260927T131553Z_36892 slurm_job_id=3584825 launched_at=2026-09-27T15:13:19.474297+00:00
  Reused raw inference: /fslarge/scratch/users/h61084/codes/evaluating_tsfms/outputs/foundation_models/inference/chronos_bolt/univariate/Coastal_T_S/H/medium/run_0

--- Term: long ---
  Config: prediction_length=336, test_length=672, val_length=672
  Dataset info:
    - Frequency: H
    - Num series: 24
    - Target dim: 3
    - Target mode: univariate
    - Series length: min=2733, max=8784, avg=5488.8
    - Test split: 672 steps
    - Prediction length: 336
    - Windows: 2
TIME run allocation action=skip run=/fslarge/scratch/users/h61084/codes/evaluating_tsfms/outputs/foundation_models/inference/chronos_bolt/univariate/Coastal_T_S/H/long/run_0 source_launch=selena_20260926T154139Z_65000 launch_id=selena_instance_normalization_20260927T131553Z_36892 slurm_job_id=3584825 launched_at=2026-09-27T15:13:19.492893+00:00
TIME run allocation action=skip run=/fslarge/scratch/users/h61084/codes/evaluating_tsfms/outputs/instance_normalization/tasks/chronos_bolt/normalization/none/univariate/Coastal_T_S/H/long/run_0 source_launch=selena_instance_normalization_20260927T131553Z_36892 launch_id=selena_instance_normalization_20260927T131553Z_36892 slurm_job_id=3584825 launched_at=2026-09-27T15:13:19.508524+00:00
  Reused raw inference: /fslarge/scratch/users/h61084/codes/evaluating_tsfms/outputs/foundation_models/inference/chronos_bolt/univariate/Coastal_T_S/H/long/run_0

============================================================
All experiments completed!
Results saved to: /scratch/users/h61084/codes/evaluating_tsfms/outputs/instance_normalization/tasks
============================================================

############################################################
# All datasets completed!
############################################################

############################################################
# Dataset 1/1: SG_Weather/D
############################################################
Loading configuration...

============================================================
Dataset: SG_Weather/D
Model: amazon/chronos-bolt-base
Terms: ['short', 'medium', 'long']
Instance normalization: none
============================================================
Loading Chronos-Bolt model: amazon/chronos-bolt-base from /fslarge/scratch/users/h61084/weights/chronos-bolt-base...
[2026-09-27 15:13:27 UTC] resources selected_device {"device": "cuda", "model": "chronos_bolt", "stage": "forecast"}

--- Term: short ---
  Config: prediction_length=3, test_length=366, val_length=366
  Dataset info:
    - Frequency: D
    - Num series: 6
    - Target dim: 4
    - Target mode: univariate
    - Series length: min=2953, max=2953, avg=2953.0
    - Test split: 366 steps
    - Prediction length: 3
    - Windows: 122
TIME run allocation action=skip run=/fslarge/scratch/users/h61084/codes/evaluating_tsfms/outputs/foundation_models/inference/chronos_bolt/univariate/SG_Weather/D/short/run_0 source_launch=selena_20260926T154139Z_65000 launch_id=selena_instance_normalization_20260927T131553Z_36892 slurm_job_id=3584825 launched_at=2026-09-27T15:13:28.696475+00:00
TIME run allocation action=skip run=/fslarge/scratch/users/h61084/codes/evaluating_tsfms/outputs/instance_normalization/tasks/chronos_bolt/normalization/none/univariate/SG_Weather/D/short/run_0 source_launch=selena_instance_normalization_20260927T131553Z_36892 launch_id=selena_instance_normalization_20260927T131553Z_36892 slurm_job_id=3584825 launched_at=2026-09-27T15:13:28.707378+00:00
  Reused raw inference: /fslarge/scratch/users/h61084/codes/evaluating_tsfms/outputs/foundation_models/inference/chronos_bolt/univariate/SG_Weather/D/short/run_0

--- Term: medium ---
  Config: prediction_length=7, test_length=366, val_length=366
  Dataset info:
    - Frequency: D
    - Num series: 6
    - Target dim: 4
    - Target mode: univariate
    - Series length: min=2953, max=2953, avg=2953.0
    - Test split: 366 steps
    - Prediction length: 7
    - Windows: 52
TIME run allocation action=skip run=/fslarge/scratch/users/h61084/codes/evaluating_tsfms/outputs/foundation_models/inference/chronos_bolt/univariate/SG_Weather/D/medium/run_0 source_launch=selena_20260926T154139Z_65000 launch_id=selena_instance_normalization_20260927T131553Z_36892 slurm_job_id=3584825 launched_at=2026-09-27T15:13:28.724021+00:00
TIME run allocation action=skip run=/fslarge/scratch/users/h61084/codes/evaluating_tsfms/outputs/instance_normalization/tasks/chronos_bolt/normalization/none/univariate/SG_Weather/D/medium/run_0 source_launch=selena_instance_normalization_20260927T131553Z_36892 launch_id=selena_instance_normalization_20260927T131553Z_36892 slurm_job_id=3584825 launched_at=2026-09-27T15:13:28.732955+00:00
  Reused raw inference: /fslarge/scratch/users/h61084/codes/evaluating_tsfms/outputs/foundation_models/inference/chronos_bolt/univariate/SG_Weather/D/medium/run_0

--- Term: long ---
  Config: prediction_length=14, test_length=366, val_length=366
  Dataset info:
    - Frequency: D
    - Num series: 6
    - Target dim: 4
    - Target mode: univariate
    - Series length: min=2953, max=2953, avg=2953.0
    - Test split: 366 steps
    - Prediction length: 14
    - Windows: 26
TIME run allocation action=skip run=/fslarge/scratch/users/h61084/codes/evaluating_tsfms/outputs/foundation_models/inference/chronos_bolt/univariate/SG_Weather/D/long/run_0 source_launch=selena_20260926T154139Z_65000 launch_id=selena_instance_normalization_20260927T131553Z_36892 slurm_job_id=3584825 launched_at=2026-09-27T15:13:28.748943+00:00
TIME run allocation action=skip run=/fslarge/scratch/users/h61084/codes/evaluating_tsfms/outputs/instance_normalization/tasks/chronos_bolt/normalization/none/univariate/SG_Weather/D/long/run_0 source_launch=selena_instance_normalization_20260927T131553Z_36892 launch_id=selena_instance_normalization_20260927T131553Z_36892 slurm_job_id=3584825 launched_at=2026-09-27T15:13:28.757846+00:00
  Reused raw inference: /fslarge/scratch/users/h61084/codes/evaluating_tsfms/outputs/foundation_models/inference/chronos_bolt/univariate/SG_Weather/D/long/run_0

============================================================
All experiments completed!
Results saved to: /scratch/users/h61084/codes/evaluating_tsfms/outputs/instance_normalization/tasks
============================================================

############################################################
# All datasets completed!
############################################################

############################################################
# Dataset 1/1: SG_PM25/H
############################################################
Loading configuration...

============================================================
Dataset: SG_PM25/H
Model: amazon/chronos-bolt-base
Terms: ['short', 'medium', 'long']
Instance normalization: none
============================================================
Loading Chronos-Bolt model: amazon/chronos-bolt-base from /fslarge/scratch/users/h61084/weights/chronos-bolt-base...
[2026-09-27 15:13:37 UTC] resources selected_device {"device": "cuda", "model": "chronos_bolt", "stage": "forecast"}

--- Term: short ---
  Config: prediction_length=24, test_length=2208, val_length=2160
  Dataset info:
    - Frequency: H
    - Num series: 1
    - Target dim: 5
    - Target mode: univariate
    - Series length: min=38688, max=38688, avg=38688.0
    - Test split: 2208 steps
    - Prediction length: 24
    - Windows: 92
TIME run allocation action=skip run=/fslarge/scratch/users/h61084/codes/evaluating_tsfms/outputs/foundation_models/inference/chronos_bolt/univariate/SG_PM25/H/short/run_0 source_launch=selena_20260926T154139Z_65000 launch_id=selena_instance_normalization_20260927T131553Z_36892 slurm_job_id=3584825 launched_at=2026-09-27T15:13:38.007861+00:00
TIME run allocation action=skip run=/fslarge/scratch/users/h61084/codes/evaluating_tsfms/outputs/instance_normalization/tasks/chronos_bolt/normalization/none/univariate/SG_PM25/H/short/run_0 source_launch=selena_instance_normalization_20260927T131553Z_36892 launch_id=selena_instance_normalization_20260927T131553Z_36892 slurm_job_id=3584825 launched_at=2026-09-27T15:13:38.018890+00:00
  Reused raw inference: /fslarge/scratch/users/h61084/codes/evaluating_tsfms/outputs/foundation_models/inference/chronos_bolt/univariate/SG_PM25/H/short/run_0

--- Term: medium ---
  Config: prediction_length=72, test_length=2208, val_length=2160
  Dataset info:
    - Frequency: H
    - Num series: 1
    - Target dim: 5
    - Target mode: univariate
    - Series length: min=38688, max=38688, avg=38688.0
    - Test split: 2208 steps
    - Prediction length: 72
    - Windows: 30
TIME run allocation action=skip run=/fslarge/scratch/users/h61084/codes/evaluating_tsfms/outputs/foundation_models/inference/chronos_bolt/univariate/SG_PM25/H/medium/run_0 source_launch=selena_20260926T154139Z_65000 launch_id=selena_instance_normalization_20260927T131553Z_36892 slurm_job_id=3584825 launched_at=2026-09-27T15:13:38.072040+00:00
TIME run allocation action=skip run=/fslarge/scratch/users/h61084/codes/evaluating_tsfms/outputs/instance_normalization/tasks/chronos_bolt/normalization/none/univariate/SG_PM25/H/medium/run_0 source_launch=selena_instance_normalization_20260927T131553Z_36892 launch_id=selena_instance_normalization_20260927T131553Z_36892 slurm_job_id=3584825 launched_at=2026-09-27T15:13:38.081400+00:00
  Reused raw inference: /fslarge/scratch/users/h61084/codes/evaluating_tsfms/outputs/foundation_models/inference/chronos_bolt/univariate/SG_PM25/H/medium/run_0

--- Term: long ---
  Config: prediction_length=168, test_length=2208, val_length=2160
  Dataset info:
    - Frequency: H
    - Num series: 1
    - Target dim: 5
    - Target mode: univariate
    - Series length: min=38688, max=38688, avg=38688.0
    - Test split: 2208 steps
    - Prediction length: 168
    - Windows: 13
TIME run allocation action=skip run=/fslarge/scratch/users/h61084/codes/evaluating_tsfms/outputs/foundation_models/inference/chronos_bolt/univariate/SG_PM25/H/long/run_0 source_launch=selena_20260926T154139Z_65000 launch_id=selena_instance_normalization_20260927T131553Z_36892 slurm_job_id=3584825 launched_at=2026-09-27T15:13:38.133158+00:00
TIME run allocation action=skip run=/fslarge/scratch/users/h61084/codes/evaluating_tsfms/outputs/instance_normalization/tasks/chronos_bolt/normalization/none/univariate/SG_PM25/H/long/run_0 source_launch=selena_instance_normalization_20260927T131553Z_36892 launch_id=selena_instance_normalization_20260927T131553Z_36892 slurm_job_id=3584825 launched_at=2026-09-27T15:13:38.142589+00:00
  Reused raw inference: /fslarge/scratch/users/h61084/codes/evaluating_tsfms/outputs/foundation_models/inference/chronos_bolt/univariate/SG_PM25/H/long/run_0

============================================================
All experiments completed!
Results saved to: /scratch/users/h61084/codes/evaluating_tsfms/outputs/instance_normalization/tasks
============================================================

############################################################
# All datasets completed!
############################################################

############################################################
# Dataset 1/1: NE_China_Wind/H
############################################################
Loading configuration...

============================================================
Dataset: NE_China_Wind/H
Model: amazon/chronos-bolt-base
Terms: ['short', 'medium', 'long']
Instance normalization: none
============================================================
Loading Chronos-Bolt model: amazon/chronos-bolt-base from /fslarge/scratch/users/h61084/weights/chronos-bolt-base...
[2026-09-27 15:13:46 UTC] resources selected_device {"device": "cuda", "model": "chronos_bolt", "stage": "forecast"}

--- Term: short ---
  Config: prediction_length=24, test_length=720, val_length=720
  Dataset info:
    - Frequency: H
    - Num series: 1
    - Target dim: 4
    - Target mode: univariate
    - Series length: min=8764, max=8764, avg=8764.0
    - Test split: 720 steps
    - Prediction length: 24
    - Windows: 30
TIME run allocation action=skip run=/fslarge/scratch/users/h61084/codes/evaluating_tsfms/outputs/foundation_models/inference/chronos_bolt/univariate/NE_China_Wind/H/short/run_0 source_launch=selena_20260926T154139Z_65000 launch_id=selena_instance_normalization_20260927T131553Z_36892 slurm_job_id=3584825 launched_at=2026-09-27T15:13:47.308077+00:00
TIME run allocation action=skip run=/fslarge/scratch/users/h61084/codes/evaluating_tsfms/outputs/instance_normalization/tasks/chronos_bolt/normalization/none/univariate/NE_China_Wind/H/short/run_0 source_launch=selena_instance_normalization_20260927T131553Z_36892 launch_id=selena_instance_normalization_20260927T131553Z_36892 slurm_job_id=3584825 launched_at=2026-09-27T15:13:47.316882+00:00
  Reused raw inference: /fslarge/scratch/users/h61084/codes/evaluating_tsfms/outputs/foundation_models/inference/chronos_bolt/univariate/NE_China_Wind/H/short/run_0

--- Term: medium ---
  Config: prediction_length=72, test_length=720, val_length=720
  Dataset info:
    - Frequency: H
    - Num series: 1
    - Target dim: 4
    - Target mode: univariate
    - Series length: min=8764, max=8764, avg=8764.0
    - Test split: 720 steps
    - Prediction length: 72
    - Windows: 10
TIME run allocation action=skip run=/fslarge/scratch/users/h61084/codes/evaluating_tsfms/outputs/foundation_models/inference/chronos_bolt/univariate/NE_China_Wind/H/medium/run_0 source_launch=selena_20260926T154139Z_65000 launch_id=selena_instance_normalization_20260927T131553Z_36892 slurm_job_id=3584825 launched_at=2026-09-27T15:13:47.336446+00:00
TIME run allocation action=skip run=/fslarge/scratch/users/h61084/codes/evaluating_tsfms/outputs/instance_normalization/tasks/chronos_bolt/normalization/none/univariate/NE_China_Wind/H/medium/run_0 source_launch=selena_instance_normalization_20260927T131553Z_36892 launch_id=selena_instance_normalization_20260927T131553Z_36892 slurm_job_id=3584825 launched_at=2026-09-27T15:13:47.344023+00:00
  Reused raw inference: /fslarge/scratch/users/h61084/codes/evaluating_tsfms/outputs/foundation_models/inference/chronos_bolt/univariate/NE_China_Wind/H/medium/run_0

--- Term: long ---
  Config: prediction_length=168, test_length=720, val_length=720
  Dataset info:
    - Frequency: H
    - Num series: 1
    - Target dim: 4
    - Target mode: univariate
    - Series length: min=8764, max=8764, avg=8764.0
    - Test split: 720 steps
    - Prediction length: 168
    - Windows: 4
TIME run allocation action=skip run=/fslarge/scratch/users/h61084/codes/evaluating_tsfms/outputs/foundation_models/inference/chronos_bolt/univariate/NE_China_Wind/H/long/run_0 source_launch=selena_20260926T154139Z_65000 launch_id=selena_instance_normalization_20260927T131553Z_36892 slurm_job_id=3584825 launched_at=2026-09-27T15:13:47.363547+00:00
TIME run allocation action=skip run=/fslarge/scratch/users/h61084/codes/evaluating_tsfms/outputs/instance_normalization/tasks/chronos_bolt/normalization/none/univariate/NE_China_Wind/H/long/run_0 source_launch=selena_instance_normalization_20260927T131553Z_36892 launch_id=selena_instance_normalization_20260927T131553Z_36892 slurm_job_id=3584825 launched_at=2026-09-27T15:13:47.371073+00:00
  Reused raw inference: /fslarge/scratch/users/h61084/codes/evaluating_tsfms/outputs/foundation_models/inference/chronos_bolt/univariate/NE_China_Wind/H/long/run_0

============================================================
All experiments completed!
Results saved to: /scratch/users/h61084/codes/evaluating_tsfms/outputs/instance_normalization/tasks
============================================================

############################################################
# All datasets completed!
############################################################

############################################################
# Dataset 1/1: Australia_Solar/H
############################################################
Loading configuration...

============================================================
Dataset: Australia_Solar/H
Model: amazon/chronos-bolt-base
Terms: ['short', 'medium', 'long']
Instance normalization: none
============================================================
Loading Chronos-Bolt model: amazon/chronos-bolt-base from /fslarge/scratch/users/h61084/weights/chronos-bolt-base...
[2026-09-27 15:13:55 UTC] resources selected_device {"device": "cuda", "model": "chronos_bolt", "stage": "forecast"}

--- Term: short ---
  Config: prediction_length=24, test_length=2520, val_length=2520
  Dataset info:
    - Frequency: H
    - Num series: 1
    - Target dim: 3
    - Target mode: univariate
    - Series length: min=35064, max=35064, avg=35064.0
    - Test split: 2520 steps
    - Prediction length: 24
    - Windows: 105
TIME run allocation action=skip run=/fslarge/scratch/users/h61084/codes/evaluating_tsfms/outputs/foundation_models/inference/chronos_bolt/univariate/Australia_Solar/H/short/run_0 source_launch=selena_20260926T154139Z_65000 launch_id=selena_instance_normalization_20260927T131553Z_36892 slurm_job_id=3584825 launched_at=2026-09-27T15:13:56.627346+00:00
TIME run allocation action=skip run=/fslarge/scratch/users/h61084/codes/evaluating_tsfms/outputs/instance_normalization/tasks/chronos_bolt/normalization/none/univariate/Australia_Solar/H/short/run_0 source_launch=selena_instance_normalization_20260927T131553Z_36892 launch_id=selena_instance_normalization_20260927T131553Z_36892 slurm_job_id=3584825 launched_at=2026-09-27T15:13:56.637684+00:00
  Reused raw inference: /fslarge/scratch/users/h61084/codes/evaluating_tsfms/outputs/foundation_models/inference/chronos_bolt/univariate/Australia_Solar/H/short/run_0

--- Term: medium ---
  Config: prediction_length=72, test_length=2520, val_length=2520
  Dataset info:
    - Frequency: H
    - Num series: 1
    - Target dim: 3
    - Target mode: univariate
    - Series length: min=35064, max=35064, avg=35064.0
    - Test split: 2520 steps
    - Prediction length: 72
    - Windows: 35
TIME run allocation action=skip run=/fslarge/scratch/users/h61084/codes/evaluating_tsfms/outputs/foundation_models/inference/chronos_bolt/univariate/Australia_Solar/H/medium/run_0 source_launch=selena_20260926T154139Z_65000 launch_id=selena_instance_normalization_20260927T131553Z_36892 slurm_job_id=3584825 launched_at=2026-09-27T15:13:56.670954+00:00
TIME run allocation action=skip run=/fslarge/scratch/users/h61084/codes/evaluating_tsfms/outputs/instance_normalization/tasks/chronos_bolt/normalization/none/univariate/Australia_Solar/H/medium/run_0 source_launch=selena_instance_normalization_20260927T131553Z_36892 launch_id=selena_instance_normalization_20260927T131553Z_36892 slurm_job_id=3584825 launched_at=2026-09-27T15:13:56.679928+00:00
  Reused raw inference: /fslarge/scratch/users/h61084/codes/evaluating_tsfms/outputs/foundation_models/inference/chronos_bolt/univariate/Australia_Solar/H/medium/run_0

--- Term: long ---
  Config: prediction_length=168, test_length=2520, val_length=2520
  Dataset info:
    - Frequency: H
    - Num series: 1
    - Target dim: 3
    - Target mode: univariate
    - Series length: min=35064, max=35064, avg=35064.0
    - Test split: 2520 steps
    - Prediction length: 168
    - Windows: 15
TIME run allocation action=skip run=/fslarge/scratch/users/h61084/codes/evaluating_tsfms/outputs/foundation_models/inference/chronos_bolt/univariate/Australia_Solar/H/long/run_0 source_launch=selena_20260926T154139Z_65000 launch_id=selena_instance_normalization_20260927T131553Z_36892 slurm_job_id=3584825 launched_at=2026-09-27T15:13:56.711481+00:00
TIME run allocation action=skip run=/fslarge/scratch/users/h61084/codes/evaluating_tsfms/outputs/instance_normalization/tasks/chronos_bolt/normalization/none/univariate/Australia_Solar/H/long/run_0 source_launch=selena_instance_normalization_20260927T131553Z_36892 launch_id=selena_instance_normalization_20260927T131553Z_36892 slurm_job_id=3584825 launched_at=2026-09-27T15:13:56.720168+00:00
  Reused raw inference: /fslarge/scratch/users/h61084/codes/evaluating_tsfms/outputs/foundation_models/inference/chronos_bolt/univariate/Australia_Solar/H/long/run_0

============================================================
All experiments completed!
Results saved to: /scratch/users/h61084/codes/evaluating_tsfms/outputs/instance_normalization/tasks
============================================================

############################################################
# All datasets completed!
############################################################

############################################################
# Dataset 1/1: epf_electricity_price/H
############################################################
Loading configuration...

============================================================
Dataset: epf_electricity_price/H
Model: amazon/chronos-bolt-base
Terms: ['short', 'medium', 'long']
Instance normalization: none
============================================================
Loading Chronos-Bolt model: amazon/chronos-bolt-base from /fslarge/scratch/users/h61084/weights/chronos-bolt-base...
[2026-09-27 15:14:05 UTC] resources selected_device {"device": "cuda", "model": "chronos_bolt", "stage": "forecast"}

--- Term: short ---
  Config: prediction_length=24, test_length=2520, val_length=2520
  Dataset info:
    - Frequency: H
    - Num series: 5
    - Target dim: 1
    - Target mode: univariate
    - Series length: min=52416, max=52416, avg=52416.0
    - Test split: 2520 steps
    - Prediction length: 24
    - Windows: 105
TIME run allocation action=skip run=/fslarge/scratch/users/h61084/codes/evaluating_tsfms/outputs/foundation_models/inference/chronos_bolt/univariate/epf_electricity_price/H/short/run_0 source_launch=selena_20260926T154139Z_65000 launch_id=selena_instance_normalization_20260927T131553Z_36892 slurm_job_id=3584825 launched_at=2026-09-27T15:14:05.866970+00:00
TIME run allocation action=skip run=/fslarge/scratch/users/h61084/codes/evaluating_tsfms/outputs/instance_normalization/tasks/chronos_bolt/normalization/none/univariate/epf_electricity_price/H/short/run_0 source_launch=selena_instance_normalization_20260927T131553Z_36892 launch_id=selena_instance_normalization_20260927T131553Z_36892 slurm_job_id=3584825 launched_at=2026-09-27T15:14:05.878037+00:00
  Reused raw inference: /fslarge/scratch/users/h61084/codes/evaluating_tsfms/outputs/foundation_models/inference/chronos_bolt/univariate/epf_electricity_price/H/short/run_0

--- Term: medium ---
  Config: prediction_length=72, test_length=2520, val_length=2520
  Dataset info:
    - Frequency: H
    - Num series: 5
    - Target dim: 1
    - Target mode: univariate
    - Series length: min=52416, max=52416, avg=52416.0
    - Test split: 2520 steps
    - Prediction length: 72
    - Windows: 35
TIME run allocation action=skip run=/fslarge/scratch/users/h61084/codes/evaluating_tsfms/outputs/foundation_models/inference/chronos_bolt/univariate/epf_electricity_price/H/medium/run_0 source_launch=selena_20260926T154139Z_65000 launch_id=selena_instance_normalization_20260927T131553Z_36892 slurm_job_id=3584825 launched_at=2026-09-27T15:14:05.895642+00:00
TIME run allocation action=skip run=/fslarge/scratch/users/h61084/codes/evaluating_tsfms/outputs/instance_normalization/tasks/chronos_bolt/normalization/none/univariate/epf_electricity_price/H/medium/run_0 source_launch=selena_instance_normalization_20260927T131553Z_36892 launch_id=selena_instance_normalization_20260927T131553Z_36892 slurm_job_id=3584825 launched_at=2026-09-27T15:14:05.905136+00:00
  Reused raw inference: /fslarge/scratch/users/h61084/codes/evaluating_tsfms/outputs/foundation_models/inference/chronos_bolt/univariate/epf_electricity_price/H/medium/run_0

--- Term: long ---
  Config: prediction_length=168, test_length=2520, val_length=2520
  Dataset info:
    - Frequency: H
    - Num series: 5
    - Target dim: 1
    - Target mode: univariate
    - Series length: min=52416, max=52416, avg=52416.0
    - Test split: 2520 steps
    - Prediction length: 168
    - Windows: 15
TIME run allocation action=skip run=/fslarge/scratch/users/h61084/codes/evaluating_tsfms/outputs/foundation_models/inference/chronos_bolt/univariate/epf_electricity_price/H/long/run_0 source_launch=selena_20260926T154139Z_65000 launch_id=selena_instance_normalization_20260927T131553Z_36892 slurm_job_id=3584825 launched_at=2026-09-27T15:14:05.921996+00:00
TIME run allocation action=skip run=/fslarge/scratch/users/h61084/codes/evaluating_tsfms/outputs/instance_normalization/tasks/chronos_bolt/normalization/none/univariate/epf_electricity_price/H/long/run_0 source_launch=selena_instance_normalization_20260927T131553Z_36892 launch_id=selena_instance_normalization_20260927T131553Z_36892 slurm_job_id=3584825 launched_at=2026-09-27T15:14:05.931506+00:00
  Reused raw inference: /fslarge/scratch/users/h61084/codes/evaluating_tsfms/outputs/foundation_models/inference/chronos_bolt/univariate/epf_electricity_price/H/long/run_0

============================================================
All experiments completed!
Results saved to: /scratch/users/h61084/codes/evaluating_tsfms/outputs/instance_normalization/tasks
============================================================

############################################################
# All datasets completed!
############################################################

############################################################
# Dataset 1/1: OpenElectricity_NEM/5T
############################################################
Loading configuration...

============================================================
Dataset: OpenElectricity_NEM/5T
Model: amazon/chronos-bolt-base
Terms: ['short', 'medium', 'long']
Instance normalization: none
============================================================
Loading Chronos-Bolt model: amazon/chronos-bolt-base from /fslarge/scratch/users/h61084/weights/chronos-bolt-base...
[2026-09-27 15:14:14 UTC] resources selected_device {"device": "cuda", "model": "chronos_bolt", "stage": "forecast"}

--- Term: short ---
  Config: prediction_length=24, test_length=4032, val_length=4032
  Dataset info:
    - Frequency: 5T
    - Num series: 1
    - Target dim: 10
    - Target mode: univariate
    - Series length: min=43488, max=43488, avg=43488.0
    - Test split: 4032 steps
    - Prediction length: 24
    - Windows: 168
TIME run allocation action=skip run=/fslarge/scratch/users/h61084/codes/evaluating_tsfms/outputs/foundation_models/inference/chronos_bolt/univariate/OpenElectricity_NEM/5T/short/run_0 source_launch=selena_20260926T154139Z_65000 launch_id=selena_instance_normalization_20260927T131553Z_36892 slurm_job_id=3584825 launched_at=2026-09-27T15:14:15.211857+00:00
TIME run allocation action=skip run=/fslarge/scratch/users/h61084/codes/evaluating_tsfms/outputs/instance_normalization/tasks/chronos_bolt/normalization/none/univariate/OpenElectricity_NEM/5T/short/run_0 source_launch=selena_instance_normalization_20260927T131553Z_36892 launch_id=selena_instance_normalization_20260927T131553Z_36892 slurm_job_id=3584825 launched_at=2026-09-27T15:14:15.227188+00:00
  Reused raw inference: /fslarge/scratch/users/h61084/codes/evaluating_tsfms/outputs/foundation_models/inference/chronos_bolt/univariate/OpenElectricity_NEM/5T/short/run_0

--- Term: medium ---
  Config: prediction_length=96, test_length=4032, val_length=4032
  Dataset info:
    - Frequency: 5T
    - Num series: 1
    - Target dim: 10
    - Target mode: univariate
    - Series length: min=43488, max=43488, avg=43488.0
    - Test split: 4032 steps
    - Prediction length: 96
    - Windows: 42
TIME run allocation action=skip run=/fslarge/scratch/users/h61084/codes/evaluating_tsfms/outputs/foundation_models/inference/chronos_bolt/univariate/OpenElectricity_NEM/5T/medium/run_0 source_launch=selena_20260926T154139Z_65000 launch_id=selena_instance_normalization_20260927T131553Z_36892 slurm_job_id=3584825 launched_at=2026-09-27T15:14:15.339585+00:00
TIME run allocation action=skip run=/fslarge/scratch/users/h61084/codes/evaluating_tsfms/outputs/instance_normalization/tasks/chronos_bolt/normalization/none/univariate/OpenElectricity_NEM/5T/medium/run_0 source_launch=selena_instance_normalization_20260927T131553Z_36892 launch_id=selena_instance_normalization_20260927T131553Z_36892 slurm_job_id=3584825 launched_at=2026-09-27T15:14:15.353796+00:00
  Reused raw inference: /fslarge/scratch/users/h61084/codes/evaluating_tsfms/outputs/foundation_models/inference/chronos_bolt/univariate/OpenElectricity_NEM/5T/medium/run_0

--- Term: long ---
  Config: prediction_length=288, test_length=4032, val_length=4032
  Dataset info:
    - Frequency: 5T
    - Num series: 1
    - Target dim: 10
    - Target mode: univariate
    - Series length: min=43488, max=43488, avg=43488.0
    - Test split: 4032 steps
    - Prediction length: 288
    - Windows: 14
TIME run allocation action=skip run=/fslarge/scratch/users/h61084/codes/evaluating_tsfms/outputs/foundation_models/inference/chronos_bolt/univariate/OpenElectricity_NEM/5T/long/run_0 source_launch=selena_20260926T154139Z_65000 launch_id=selena_instance_normalization_20260927T131553Z_36892 slurm_job_id=3584825 launched_at=2026-09-27T15:14:15.463543+00:00
TIME run allocation action=skip run=/fslarge/scratch/users/h61084/codes/evaluating_tsfms/outputs/instance_normalization/tasks/chronos_bolt/normalization/none/univariate/OpenElectricity_NEM/5T/long/run_0 source_launch=selena_instance_normalization_20260927T131553Z_36892 launch_id=selena_instance_normalization_20260927T131553Z_36892 slurm_job_id=3584825 launched_at=2026-09-27T15:14:15.477918+00:00
  Reused raw inference: /fslarge/scratch/users/h61084/codes/evaluating_tsfms/outputs/foundation_models/inference/chronos_bolt/univariate/OpenElectricity_NEM/5T/long/run_0

============================================================
All experiments completed!
Results saved to: /scratch/users/h61084/codes/evaluating_tsfms/outputs/instance_normalization/tasks
============================================================

############################################################
# All datasets completed!
############################################################

############################################################
# Dataset 1/1: EWELD_Load/15T
############################################################
Loading configuration...

============================================================
Dataset: EWELD_Load/15T
Model: amazon/chronos-bolt-base
Terms: ['short', 'medium', 'long']
Instance normalization: none
============================================================
Loading Chronos-Bolt model: amazon/chronos-bolt-base from /fslarge/scratch/users/h61084/weights/chronos-bolt-base...
[2026-09-27 15:14:23 UTC] resources selected_device {"device": "cuda", "model": "chronos_bolt", "stage": "forecast"}

--- Term: short ---
  Config: prediction_length=24, test_length=1344, val_length=1344
  Dataset info:
    - Frequency: 15T
    - Num series: 1
    - Target dim: 10
    - Target mode: univariate
    - Series length: min=20544, max=20544, avg=20544.0
    - Test split: 1344 steps
    - Prediction length: 24
    - Windows: 56
TIME run allocation action=skip run=/fslarge/scratch/users/h61084/codes/evaluating_tsfms/outputs/foundation_models/inference/chronos_bolt/univariate/EWELD_Load/15T/short/run_0 source_launch=selena_20260926T154139Z_65000 launch_id=selena_instance_normalization_20260927T131553Z_36892 slurm_job_id=3584825 launched_at=2026-09-27T15:14:24.693512+00:00
TIME run allocation action=skip run=/fslarge/scratch/users/h61084/codes/evaluating_tsfms/outputs/instance_normalization/tasks/chronos_bolt/normalization/none/univariate/EWELD_Load/15T/short/run_0 source_launch=selena_instance_normalization_20260927T131553Z_36892 launch_id=selena_instance_normalization_20260927T131553Z_36892 slurm_job_id=3584825 launched_at=2026-09-27T15:14:24.704589+00:00
  Reused raw inference: /fslarge/scratch/users/h61084/codes/evaluating_tsfms/outputs/foundation_models/inference/chronos_bolt/univariate/EWELD_Load/15T/short/run_0

--- Term: medium ---
  Config: prediction_length=96, test_length=1344, val_length=1344
  Dataset info:
    - Frequency: 15T
    - Num series: 1
    - Target dim: 10
    - Target mode: univariate
    - Series length: min=20544, max=20544, avg=20544.0
    - Test split: 1344 steps
    - Prediction length: 96
    - Windows: 14
TIME run allocation action=skip run=/fslarge/scratch/users/h61084/codes/evaluating_tsfms/outputs/foundation_models/inference/chronos_bolt/univariate/EWELD_Load/15T/medium/run_0 source_launch=selena_20260926T154139Z_65000 launch_id=selena_instance_normalization_20260927T131553Z_36892 slurm_job_id=3584825 launched_at=2026-09-27T15:14:24.759485+00:00
TIME run allocation action=skip run=/fslarge/scratch/users/h61084/codes/evaluating_tsfms/outputs/instance_normalization/tasks/chronos_bolt/normalization/none/univariate/EWELD_Load/15T/medium/run_0 source_launch=selena_instance_normalization_20260927T131553Z_36892 launch_id=selena_instance_normalization_20260927T131553Z_36892 slurm_job_id=3584825 launched_at=2026-09-27T15:14:24.769421+00:00
  Reused raw inference: /fslarge/scratch/users/h61084/codes/evaluating_tsfms/outputs/foundation_models/inference/chronos_bolt/univariate/EWELD_Load/15T/medium/run_0

--- Term: long ---
  Config: prediction_length=672, test_length=1344, val_length=1344
  Dataset info:
    - Frequency: 15T
    - Num series: 1
    - Target dim: 10
    - Target mode: univariate
    - Series length: min=20544, max=20544, avg=20544.0
    - Test split: 1344 steps
    - Prediction length: 672
    - Windows: 2
TIME run allocation action=skip run=/fslarge/scratch/users/h61084/codes/evaluating_tsfms/outputs/foundation_models/inference/chronos_bolt/univariate/EWELD_Load/15T/long/run_0 source_launch=selena_20260926T154139Z_65000 launch_id=selena_instance_normalization_20260927T131553Z_36892 slurm_job_id=3584825 launched_at=2026-09-27T15:14:24.822150+00:00
TIME run allocation action=skip run=/fslarge/scratch/users/h61084/codes/evaluating_tsfms/outputs/instance_normalization/tasks/chronos_bolt/normalization/none/univariate/EWELD_Load/15T/long/run_0 source_launch=selena_instance_normalization_20260927T131553Z_36892 launch_id=selena_instance_normalization_20260927T131553Z_36892 slurm_job_id=3584825 launched_at=2026-09-27T15:14:24.831871+00:00
  Reused raw inference: /fslarge/scratch/users/h61084/codes/evaluating_tsfms/outputs/foundation_models/inference/chronos_bolt/univariate/EWELD_Load/15T/long/run_0

============================================================
All experiments completed!
Results saved to: /scratch/users/h61084/codes/evaluating_tsfms/outputs/instance_normalization/tasks
============================================================

############################################################
# All datasets completed!
############################################################

############################################################
# Dataset 1/1: SG_Carpark/15T
############################################################
Loading configuration...

============================================================
Dataset: SG_Carpark/15T
Model: amazon/chronos-bolt-base
Terms: ['short', 'medium', 'long']
Instance normalization: none
============================================================
Loading Chronos-Bolt model: amazon/chronos-bolt-base from /fslarge/scratch/users/h61084/weights/chronos-bolt-base...
[2026-09-27 15:14:33 UTC] resources selected_device {"device": "cuda", "model": "chronos_bolt", "stage": "forecast"}

--- Term: short ---
  Config: prediction_length=16, test_length=672, val_length=672
  Dataset info:
    - Frequency: 15T
    - Num series: 354
    - Target dim: 1
    - Target mode: univariate
    - Series length: min=14495, max=14495, avg=14495.0
    - Test split: 672 steps
    - Prediction length: 16
    - Windows: 42
TIME run allocation action=skip run=/fslarge/scratch/users/h61084/codes/evaluating_tsfms/outputs/foundation_models/inference/chronos_bolt/univariate/SG_Carpark/15T/short/run_0 source_launch=selena_20260926T154139Z_65000 launch_id=selena_instance_normalization_20260927T131553Z_36892 slurm_job_id=3584825 launched_at=2026-09-27T15:14:34.060388+00:00
TIME run allocation action=skip run=/fslarge/scratch/users/h61084/codes/evaluating_tsfms/outputs/instance_normalization/tasks/chronos_bolt/normalization/none/univariate/SG_Carpark/15T/short/run_0 source_launch=selena_instance_normalization_20260927T131553Z_36892 launch_id=selena_instance_normalization_20260927T131553Z_36892 slurm_job_id=3584825 launched_at=2026-09-27T15:14:34.112897+00:00
  Reused raw inference: /fslarge/scratch/users/h61084/codes/evaluating_tsfms/outputs/foundation_models/inference/chronos_bolt/univariate/SG_Carpark/15T/short/run_0

--- Term: medium ---
  Config: prediction_length=96, test_length=672, val_length=672
  Dataset info:
    - Frequency: 15T
    - Num series: 354
    - Target dim: 1
    - Target mode: univariate
    - Series length: min=14495, max=14495, avg=14495.0
    - Test split: 672 steps
    - Prediction length: 96
    - Windows: 7
TIME run allocation action=skip run=/fslarge/scratch/users/h61084/codes/evaluating_tsfms/outputs/foundation_models/inference/chronos_bolt/univariate/SG_Carpark/15T/medium/run_0 source_launch=selena_20260926T154139Z_65000 launch_id=selena_instance_normalization_20260927T131553Z_36892 slurm_job_id=3584825 launched_at=2026-09-27T15:14:34.126722+00:00
TIME run allocation action=skip run=/fslarge/scratch/users/h61084/codes/evaluating_tsfms/outputs/instance_normalization/tasks/chronos_bolt/normalization/none/univariate/SG_Carpark/15T/medium/run_0 source_launch=selena_instance_normalization_20260927T131553Z_36892 launch_id=selena_instance_normalization_20260927T131553Z_36892 slurm_job_id=3584825 launched_at=2026-09-27T15:14:34.177847+00:00
  Reused raw inference: /fslarge/scratch/users/h61084/codes/evaluating_tsfms/outputs/foundation_models/inference/chronos_bolt/univariate/SG_Carpark/15T/medium/run_0

--- Term: long ---
  Config: prediction_length=672, test_length=672, val_length=672
  Dataset info:
    - Frequency: 15T
    - Num series: 354
    - Target dim: 1
    - Target mode: univariate
    - Series length: min=14495, max=14495, avg=14495.0
    - Test split: 672 steps
    - Prediction length: 672
    - Windows: 1
TIME run allocation action=skip run=/fslarge/scratch/users/h61084/codes/evaluating_tsfms/outputs/foundation_models/inference/chronos_bolt/univariate/SG_Carpark/15T/long/run_0 source_launch=selena_20260926T154139Z_65000 launch_id=selena_instance_normalization_20260927T131553Z_36892 slurm_job_id=3584825 launched_at=2026-09-27T15:14:34.191714+00:00
TIME run allocation action=skip run=/fslarge/scratch/users/h61084/codes/evaluating_tsfms/outputs/instance_normalization/tasks/chronos_bolt/normalization/none/univariate/SG_Carpark/15T/long/run_0 source_launch=selena_instance_normalization_20260927T131553Z_36892 launch_id=selena_instance_normalization_20260927T131553Z_36892 slurm_job_id=3584825 launched_at=2026-09-27T15:14:34.242162+00:00
  Reused raw inference: /fslarge/scratch/users/h61084/codes/evaluating_tsfms/outputs/foundation_models/inference/chronos_bolt/univariate/SG_Carpark/15T/long/run_0

============================================================
All experiments completed!
Results saved to: /scratch/users/h61084/codes/evaluating_tsfms/outputs/instance_normalization/tasks
============================================================

############################################################
# All datasets completed!
############################################################

############################################################
# Dataset 1/1: Finland_Traffic/15T
############################################################
Loading configuration...

============================================================
Dataset: Finland_Traffic/15T
Model: amazon/chronos-bolt-base
Terms: ['short', 'medium', 'long']
Instance normalization: none
============================================================
Loading Chronos-Bolt model: amazon/chronos-bolt-base from /fslarge/scratch/users/h61084/weights/chronos-bolt-base...
[2026-09-27 15:14:42 UTC] resources selected_device {"device": "cuda", "model": "chronos_bolt", "stage": "forecast"}

--- Term: short ---
  Config: prediction_length=16, test_length=2976, val_length=2880
  Dataset info:
    - Frequency: 15T
    - Num series: 1
    - Target dim: 1
    - Target mode: univariate
    - Series length: min=35136, max=35136, avg=35136.0
    - Test split: 2976 steps
    - Prediction length: 16
    - Windows: 186
TIME run allocation action=skip run=/fslarge/scratch/users/h61084/codes/evaluating_tsfms/outputs/foundation_models/inference/chronos_bolt/univariate/Finland_Traffic/15T/short/run_0 source_launch=selena_20260926T154139Z_65000 launch_id=selena_instance_normalization_20260927T131553Z_36892 slurm_job_id=3584825 launched_at=2026-09-27T15:14:43.420749+00:00
TIME run allocation action=skip run=/fslarge/scratch/users/h61084/codes/evaluating_tsfms/outputs/instance_normalization/tasks/chronos_bolt/normalization/none/univariate/Finland_Traffic/15T/short/run_0 source_launch=selena_instance_normalization_20260927T131553Z_36892 launch_id=selena_instance_normalization_20260927T131553Z_36892 slurm_job_id=3584825 launched_at=2026-09-27T15:14:43.430625+00:00
  Reused raw inference: /fslarge/scratch/users/h61084/codes/evaluating_tsfms/outputs/foundation_models/inference/chronos_bolt/univariate/Finland_Traffic/15T/short/run_0

--- Term: medium ---
  Config: prediction_length=96, test_length=2976, val_length=2880
  Dataset info:
    - Frequency: 15T
    - Num series: 1
    - Target dim: 1
    - Target mode: univariate
    - Series length: min=35136, max=35136, avg=35136.0
    - Test split: 2976 steps
    - Prediction length: 96
    - Windows: 31
TIME run allocation action=skip run=/fslarge/scratch/users/h61084/codes/evaluating_tsfms/outputs/foundation_models/inference/chronos_bolt/univariate/Finland_Traffic/15T/medium/run_0 source_launch=selena_20260926T154139Z_65000 launch_id=selena_instance_normalization_20260927T131553Z_36892 slurm_job_id=3584825 launched_at=2026-09-27T15:14:43.446105+00:00
TIME run allocation action=skip run=/fslarge/scratch/users/h61084/codes/evaluating_tsfms/outputs/instance_normalization/tasks/chronos_bolt/normalization/none/univariate/Finland_Traffic/15T/medium/run_0 source_launch=selena_instance_normalization_20260927T131553Z_36892 launch_id=selena_instance_normalization_20260927T131553Z_36892 slurm_job_id=3584825 launched_at=2026-09-27T15:14:43.453838+00:00
  Reused raw inference: /fslarge/scratch/users/h61084/codes/evaluating_tsfms/outputs/foundation_models/inference/chronos_bolt/univariate/Finland_Traffic/15T/medium/run_0

--- Term: long ---
  Config: prediction_length=672, test_length=2976, val_length=2880
  Dataset info:
    - Frequency: 15T
    - Num series: 1
    - Target dim: 1
    - Target mode: univariate
    - Series length: min=35136, max=35136, avg=35136.0
    - Test split: 2976 steps
    - Prediction length: 672
    - Windows: 4
TIME run allocation action=skip run=/fslarge/scratch/users/h61084/codes/evaluating_tsfms/outputs/foundation_models/inference/chronos_bolt/univariate/Finland_Traffic/15T/long/run_0 source_launch=selena_20260926T154139Z_65000 launch_id=selena_instance_normalization_20260927T131553Z_36892 slurm_job_id=3584825 launched_at=2026-09-27T15:14:43.469156+00:00
TIME run allocation action=skip run=/fslarge/scratch/users/h61084/codes/evaluating_tsfms/outputs/instance_normalization/tasks/chronos_bolt/normalization/none/univariate/Finland_Traffic/15T/long/run_0 source_launch=selena_instance_normalization_20260927T131553Z_36892 launch_id=selena_instance_normalization_20260927T131553Z_36892 slurm_job_id=3584825 launched_at=2026-09-27T15:14:43.476834+00:00
  Reused raw inference: /fslarge/scratch/users/h61084/codes/evaluating_tsfms/outputs/foundation_models/inference/chronos_bolt/univariate/Finland_Traffic/15T/long/run_0

============================================================
All experiments completed!
Results saved to: /scratch/users/h61084/codes/evaluating_tsfms/outputs/instance_normalization/tasks
============================================================

############################################################
# All datasets completed!
############################################################

############################################################
# Dataset 1/1: Port_Activity/D
############################################################
Loading configuration...

============================================================
Dataset: Port_Activity/D
Model: amazon/chronos-bolt-base
Terms: ['short']
Instance normalization: none
============================================================
Loading Chronos-Bolt model: amazon/chronos-bolt-base from /fslarge/scratch/users/h61084/weights/chronos-bolt-base...
[2026-09-27 15:14:51 UTC] resources selected_device {"device": "cuda", "model": "chronos_bolt", "stage": "forecast"}

--- Term: short ---
  Config: prediction_length=30, test_length=365, val_length=90
  Dataset info:
    - Frequency: D
    - Num series: 99
    - Target dim: 2
    - Target mode: univariate
    - Series length: min=2127, max=2127, avg=2127.0
    - Test split: 365 steps
    - Prediction length: 30
    - Windows: 12
TIME run allocation action=skip run=/fslarge/scratch/users/h61084/codes/evaluating_tsfms/outputs/foundation_models/inference/chronos_bolt/univariate/Port_Activity/D/short/run_0 source_launch=selena_20260926T154139Z_65000 launch_id=selena_instance_normalization_20260927T131553Z_36892 slurm_job_id=3584825 launched_at=2026-09-27T15:14:52.644637+00:00
TIME run allocation action=skip run=/fslarge/scratch/users/h61084/codes/evaluating_tsfms/outputs/instance_normalization/tasks/chronos_bolt/normalization/none/univariate/Port_Activity/D/short/run_0 source_launch=selena_instance_normalization_20260927T131553Z_36892 launch_id=selena_instance_normalization_20260927T131553Z_36892 slurm_job_id=3584825 launched_at=2026-09-27T15:14:52.665898+00:00
  Reused raw inference: /fslarge/scratch/users/h61084/codes/evaluating_tsfms/outputs/foundation_models/inference/chronos_bolt/univariate/Port_Activity/D/short/run_0

============================================================
All experiments completed!
Results saved to: /scratch/users/h61084/codes/evaluating_tsfms/outputs/instance_normalization/tasks
============================================================

############################################################
# All datasets completed!
############################################################

############################################################
# Dataset 1/1: Port_Activity/W
############################################################
Loading configuration...

============================================================
Dataset: Port_Activity/W
Model: amazon/chronos-bolt-base
Terms: ['short']
Instance normalization: none
============================================================
Loading Chronos-Bolt model: amazon/chronos-bolt-base from /fslarge/scratch/users/h61084/weights/chronos-bolt-base...
[2026-09-27 15:15:01 UTC] resources selected_device {"device": "cuda", "model": "chronos_bolt", "stage": "forecast"}

--- Term: short ---
  Config: prediction_length=13, test_length=52, val_length=13
  Dataset info:
    - Frequency: W
    - Num series: 99
    - Target dim: 2
    - Target mode: univariate
    - Series length: min=304, max=304, avg=304.0
    - Test split: 52 steps
    - Prediction length: 13
    - Windows: 4
TIME run allocation action=skip run=/fslarge/scratch/users/h61084/codes/evaluating_tsfms/outputs/foundation_models/inference/chronos_bolt/univariate/Port_Activity/W/short/run_0 source_launch=selena_20260926T154139Z_65000 launch_id=selena_instance_normalization_20260927T131553Z_36892 slurm_job_id=3584825 launched_at=2026-09-27T15:15:01.822433+00:00
TIME run allocation action=skip run=/fslarge/scratch/users/h61084/codes/evaluating_tsfms/outputs/instance_normalization/tasks/chronos_bolt/normalization/none/univariate/Port_Activity/W/short/run_0 source_launch=selena_instance_normalization_20260927T131553Z_36892 launch_id=selena_instance_normalization_20260927T131553Z_36892 slurm_job_id=3584825 launched_at=2026-09-27T15:15:01.833231+00:00
  Reused raw inference: /fslarge/scratch/users/h61084/codes/evaluating_tsfms/outputs/foundation_models/inference/chronos_bolt/univariate/Port_Activity/W/short/run_0

============================================================
All experiments completed!
Results saved to: /scratch/users/h61084/codes/evaluating_tsfms/outputs/instance_normalization/tasks
============================================================

############################################################
# All datasets completed!
############################################################

############################################################
# Dataset 1/1: ECDC_COVID/D
############################################################
Loading configuration...

============================================================
Dataset: ECDC_COVID/D
Model: amazon/chronos-bolt-base
Terms: ['short']
Instance normalization: none
============================================================
Loading Chronos-Bolt model: amazon/chronos-bolt-base from /fslarge/scratch/users/h61084/weights/chronos-bolt-base...
[2026-09-27 15:15:10 UTC] resources selected_device {"device": "cuda", "model": "chronos_bolt", "stage": "forecast"}

--- Term: short ---
  Config: prediction_length=30, test_length=150, val_length=30
  Dataset info:
    - Frequency: D
    - Num series: 9
    - Target dim: 1
    - Target mode: univariate
    - Series length: min=794, max=1229, avg=1116.6
    - Test split: 150 steps
    - Prediction length: 30
    - Windows: 5
TIME run allocation action=skip run=/fslarge/scratch/users/h61084/codes/evaluating_tsfms/outputs/foundation_models/inference/chronos_bolt/univariate/ECDC_COVID/D/short/run_0 source_launch=selena_20260926T154139Z_65000 launch_id=selena_instance_normalization_20260927T131553Z_36892 slurm_job_id=3584825 launched_at=2026-09-27T15:15:11.019528+00:00
TIME run allocation action=skip run=/fslarge/scratch/users/h61084/codes/evaluating_tsfms/outputs/instance_normalization/tasks/chronos_bolt/normalization/none/univariate/ECDC_COVID/D/short/run_0 source_launch=selena_instance_normalization_20260927T131553Z_36892 launch_id=selena_instance_normalization_20260927T131553Z_36892 slurm_job_id=3584825 launched_at=2026-09-27T15:15:11.028278+00:00
  Reused raw inference: /fslarge/scratch/users/h61084/codes/evaluating_tsfms/outputs/foundation_models/inference/chronos_bolt/univariate/ECDC_COVID/D/short/run_0

============================================================
All experiments completed!
Results saved to: /scratch/users/h61084/codes/evaluating_tsfms/outputs/instance_normalization/tasks
============================================================

############################################################
# All datasets completed!
############################################################

############################################################
# Dataset 1/1: ECDC_COVID/W
############################################################
Loading configuration...

============================================================
Dataset: ECDC_COVID/W
Model: amazon/chronos-bolt-base
Terms: ['short']
Instance normalization: none
============================================================
Loading Chronos-Bolt model: amazon/chronos-bolt-base from /fslarge/scratch/users/h61084/weights/chronos-bolt-base...
[2026-09-27 15:15:19 UTC] resources selected_device {"device": "cuda", "model": "chronos_bolt", "stage": "forecast"}

--- Term: short ---
  Config: prediction_length=13, test_length=52, val_length=13
  Dataset info:
    - Frequency: W
    - Num series: 16
    - Target dim: 1
    - Target mode: univariate
    - Series length: min=114, max=196, avg=165.4
    - Test split: 52 steps
    - Prediction length: 13
    - Windows: 4
TIME run allocation action=skip run=/fslarge/scratch/users/h61084/codes/evaluating_tsfms/outputs/foundation_models/inference/chronos_bolt/univariate/ECDC_COVID/W/short/run_0 source_launch=selena_20260926T154139Z_65000 launch_id=selena_instance_normalization_20260927T131553Z_36892 slurm_job_id=3584825 launched_at=2026-09-27T15:15:20.238513+00:00
TIME run allocation action=skip run=/fslarge/scratch/users/h61084/codes/evaluating_tsfms/outputs/instance_normalization/tasks/chronos_bolt/normalization/none/univariate/ECDC_COVID/W/short/run_0 source_launch=selena_instance_normalization_20260927T131553Z_36892 launch_id=selena_instance_normalization_20260927T131553Z_36892 slurm_job_id=3584825 launched_at=2026-09-27T15:15:20.247281+00:00
  Reused raw inference: /fslarge/scratch/users/h61084/codes/evaluating_tsfms/outputs/foundation_models/inference/chronos_bolt/univariate/ECDC_COVID/W/short/run_0

============================================================
All experiments completed!
Results saved to: /scratch/users/h61084/codes/evaluating_tsfms/outputs/instance_normalization/tasks
============================================================

############################################################
# All datasets completed!
############################################################

############################################################
# Dataset 1/1: Global_Influenza/W
############################################################
Loading configuration...

============================================================
Dataset: Global_Influenza/W
Model: amazon/chronos-bolt-base
Terms: ['short']
Instance normalization: none
============================================================
Loading Chronos-Bolt model: amazon/chronos-bolt-base from /fslarge/scratch/users/h61084/weights/chronos-bolt-base...
[2026-09-27 15:15:28 UTC] resources selected_device {"device": "cuda", "model": "chronos_bolt", "stage": "forecast"}

--- Term: short ---
  Config: prediction_length=13, test_length=52, val_length=13
  Dataset info:
    - Frequency: W
    - Num series: 15
    - Target dim: 4
    - Target mode: univariate
    - Series length: min=154, max=210, avg=205.6
    - Test split: 52 steps
    - Prediction length: 13
    - Windows: 4
TIME run allocation action=skip run=/fslarge/scratch/users/h61084/codes/evaluating_tsfms/outputs/foundation_models/inference/chronos_bolt/univariate/Global_Influenza/W/short/run_0 source_launch=selena_20260926T154139Z_65000 launch_id=selena_instance_normalization_20260927T131553Z_36892 slurm_job_id=3584825 launched_at=2026-09-27T15:15:29.436180+00:00
TIME run allocation action=skip run=/fslarge/scratch/users/h61084/codes/evaluating_tsfms/outputs/instance_normalization/tasks/chronos_bolt/normalization/none/univariate/Global_Influenza/W/short/run_0 source_launch=selena_instance_normalization_20260927T131553Z_36892 launch_id=selena_instance_normalization_20260927T131553Z_36892 slurm_job_id=3584825 launched_at=2026-09-27T15:15:29.445317+00:00
  Reused raw inference: /fslarge/scratch/users/h61084/codes/evaluating_tsfms/outputs/foundation_models/inference/chronos_bolt/univariate/Global_Influenza/W/short/run_0

============================================================
All experiments completed!
Results saved to: /scratch/users/h61084/codes/evaluating_tsfms/outputs/instance_normalization/tasks
============================================================

############################################################
# All datasets completed!
############################################################

############################################################
# Dataset 1/1: Crypto/D
############################################################
Loading configuration...

============================================================
Dataset: Crypto/D
Model: amazon/chronos-bolt-base
Terms: ['short']
Instance normalization: none
============================================================
Loading Chronos-Bolt model: amazon/chronos-bolt-base from /fslarge/scratch/users/h61084/weights/chronos-bolt-base...
[2026-09-27 15:15:37 UTC] resources selected_device {"device": "cuda", "model": "chronos_bolt", "stage": "forecast"}

--- Term: short ---
  Config: prediction_length=30, test_length=273, val_length=92
  Dataset info:
    - Frequency: D
    - Num series: 1
    - Target dim: 4
    - Target mode: univariate
    - Series length: min=2842, max=2842, avg=2842.0
    - Test split: 273 steps
    - Prediction length: 30
    - Windows: 9
TIME run allocation action=skip run=/fslarge/scratch/users/h61084/codes/evaluating_tsfms/outputs/foundation_models/inference/chronos_bolt/univariate/Crypto/D/short/run_0 source_launch=selena_20260926T154139Z_65000 launch_id=selena_instance_normalization_20260927T131553Z_36892 slurm_job_id=3584825 launched_at=2026-09-27T15:15:38.613600+00:00
TIME run allocation action=skip run=/fslarge/scratch/users/h61084/codes/evaluating_tsfms/outputs/instance_normalization/tasks/chronos_bolt/normalization/none/univariate/Crypto/D/short/run_0 source_launch=selena_instance_normalization_20260927T131553Z_36892 launch_id=selena_instance_normalization_20260927T131553Z_36892 slurm_job_id=3584825 launched_at=2026-09-27T15:15:38.622795+00:00
  Reused raw inference: /fslarge/scratch/users/h61084/codes/evaluating_tsfms/outputs/foundation_models/inference/chronos_bolt/univariate/Crypto/D/short/run_0

============================================================
All experiments completed!
Results saved to: /scratch/users/h61084/codes/evaluating_tsfms/outputs/instance_normalization/tasks
============================================================

############################################################
# All datasets completed!
############################################################

############################################################
# Dataset 1/1: US_Term_Structure/B
############################################################
Loading configuration...

============================================================
Dataset: US_Term_Structure/B
Model: amazon/chronos-bolt-base
Terms: ['short']
Instance normalization: none
============================================================
Loading Chronos-Bolt model: amazon/chronos-bolt-base from /fslarge/scratch/users/h61084/weights/chronos-bolt-base...
[2026-09-27 15:15:47 UTC] resources selected_device {"device": "cuda", "model": "chronos_bolt", "stage": "forecast"}

--- Term: short ---
  Config: prediction_length=20, test_length=717, val_length=100
  Dataset info:
    - Frequency: B
    - Num series: 1
    - Target dim: 40
    - Target mode: univariate
    - Series length: min=9326, max=9326, avg=9326.0
    - Test split: 717 steps
    - Prediction length: 20
    - Windows: 35
TIME run allocation action=skip run=/fslarge/scratch/users/h61084/codes/evaluating_tsfms/outputs/foundation_models/inference/chronos_bolt/univariate/US_Term_Structure/B/short/run_0 source_launch=selena_20260926T154139Z_65000 launch_id=selena_instance_normalization_20260927T131553Z_36892 slurm_job_id=3584825 launched_at=2026-09-27T15:15:47.915227+00:00
TIME run allocation action=skip run=/fslarge/scratch/users/h61084/codes/evaluating_tsfms/outputs/instance_normalization/tasks/chronos_bolt/normalization/none/univariate/US_Term_Structure/B/short/run_0 source_launch=selena_instance_normalization_20260927T131553Z_36892 launch_id=selena_instance_normalization_20260927T131553Z_36892 slurm_job_id=3584825 launched_at=2026-09-27T15:15:47.929109+00:00
  Reused raw inference: /fslarge/scratch/users/h61084/codes/evaluating_tsfms/outputs/foundation_models/inference/chronos_bolt/univariate/US_Term_Structure/B/short/run_0

============================================================
All experiments completed!
Results saved to: /scratch/users/h61084/codes/evaluating_tsfms/outputs/instance_normalization/tasks
============================================================

############################################################
# All datasets completed!
############################################################

############################################################
# Dataset 1/1: Oil_Price/B
############################################################
Loading configuration...

============================================================
Dataset: Oil_Price/B
Model: amazon/chronos-bolt-base
Terms: ['short']
Instance normalization: none
============================================================
Loading Chronos-Bolt model: amazon/chronos-bolt-base from /fslarge/scratch/users/h61084/weights/chronos-bolt-base...
[2026-09-27 15:15:56 UTC] resources selected_device {"device": "cuda", "model": "chronos_bolt", "stage": "forecast"}

--- Term: short ---
  Config: prediction_length=20, test_length=717, val_length=100
  Dataset info:
    - Frequency: B
    - Num series: 1
    - Target dim: 12
    - Target mode: univariate
    - Series length: min=5035, max=5035, avg=5035.0
    - Test split: 717 steps
    - Prediction length: 20
    - Windows: 35
TIME run allocation action=skip run=/fslarge/scratch/users/h61084/codes/evaluating_tsfms/outputs/foundation_models/inference/chronos_bolt/univariate/Oil_Price/B/short/run_0 source_launch=selena_20260926T154139Z_65000 launch_id=selena_instance_normalization_20260927T131553Z_36892 slurm_job_id=3584825 launched_at=2026-09-27T15:15:57.112986+00:00
TIME run allocation action=skip run=/fslarge/scratch/users/h61084/codes/evaluating_tsfms/outputs/instance_normalization/tasks/chronos_bolt/normalization/none/univariate/Oil_Price/B/short/run_0 source_launch=selena_instance_normalization_20260927T131553Z_36892 launch_id=selena_instance_normalization_20260927T131553Z_36892 slurm_job_id=3584825 launched_at=2026-09-27T15:15:57.123191+00:00
  Reused raw inference: /fslarge/scratch/users/h61084/codes/evaluating_tsfms/outputs/foundation_models/inference/chronos_bolt/univariate/Oil_Price/B/short/run_0

============================================================
All experiments completed!
Results saved to: /scratch/users/h61084/codes/evaluating_tsfms/outputs/instance_normalization/tasks
============================================================

############################################################
# All datasets completed!
############################################################

############################################################
# Dataset 1/1: Job_Claims/W
############################################################
Loading configuration...

============================================================
Dataset: Job_Claims/W
Model: amazon/chronos-bolt-base
Terms: ['short']
Instance normalization: none
============================================================
Loading Chronos-Bolt model: amazon/chronos-bolt-base from /fslarge/scratch/users/h61084/weights/chronos-bolt-base...
[2026-09-27 15:16:05 UTC] resources selected_device {"device": "cuda", "model": "chronos_bolt", "stage": "forecast"}

--- Term: short ---
  Config: prediction_length=13, test_length=52, val_length=13
  Dataset info:
    - Frequency: W
    - Num series: 1
    - Target dim: 2
    - Target mode: univariate
    - Series length: min=196, max=196, avg=196.0
    - Test split: 52 steps
    - Prediction length: 13
    - Windows: 4
TIME run allocation action=skip run=/fslarge/scratch/users/h61084/codes/evaluating_tsfms/outputs/foundation_models/inference/chronos_bolt/univariate/Job_Claims/W/short/run_0 source_launch=selena_20260926T154139Z_65000 launch_id=selena_instance_normalization_20260927T131553Z_36892 slurm_job_id=3584825 launched_at=2026-09-27T15:16:06.282782+00:00
TIME run allocation action=skip run=/fslarge/scratch/users/h61084/codes/evaluating_tsfms/outputs/instance_normalization/tasks/chronos_bolt/normalization/none/univariate/Job_Claims/W/short/run_0 source_launch=selena_instance_normalization_20260927T131553Z_36892 launch_id=selena_instance_normalization_20260927T131553Z_36892 slurm_job_id=3584825 launched_at=2026-09-27T15:16:06.291115+00:00
  Reused raw inference: /fslarge/scratch/users/h61084/codes/evaluating_tsfms/outputs/foundation_models/inference/chronos_bolt/univariate/Job_Claims/W/short/run_0

============================================================
All experiments completed!
Results saved to: /scratch/users/h61084/codes/evaluating_tsfms/outputs/instance_normalization/tasks
============================================================

############################################################
# All datasets completed!
############################################################

############################################################
# Dataset 1/1: Uncertainty_1M/M
############################################################
Loading configuration...

============================================================
Dataset: Uncertainty_1M/M
Model: amazon/chronos-bolt-base
Terms: ['short']
Instance normalization: none
============================================================
Loading Chronos-Bolt model: amazon/chronos-bolt-base from /fslarge/scratch/users/h61084/weights/chronos-bolt-base...
[2026-09-27 15:16:14 UTC] resources selected_device {"device": "cuda", "model": "chronos_bolt", "stage": "forecast"}

--- Term: short ---
  Config: prediction_length=6, test_length=42, val_length=18
  Dataset info:
    - Frequency: M
    - Num series: 1
    - Target dim: 3
    - Target mode: univariate
    - Series length: min=780, max=780, avg=780.0
    - Test split: 42 steps
    - Prediction length: 6
    - Windows: 7
TIME run allocation action=skip run=/fslarge/scratch/users/h61084/codes/evaluating_tsfms/outputs/foundation_models/inference/chronos_bolt/univariate/Uncertainty_1M/M/short/run_0 source_launch=selena_20260926T154139Z_65000 launch_id=selena_instance_normalization_20260927T131553Z_36892 slurm_job_id=3584825 launched_at=2026-09-27T15:16:15.457946+00:00
TIME run allocation action=skip run=/fslarge/scratch/users/h61084/codes/evaluating_tsfms/outputs/instance_normalization/tasks/chronos_bolt/normalization/none/univariate/Uncertainty_1M/M/short/run_0 source_launch=selena_instance_normalization_20260927T131553Z_36892 launch_id=selena_instance_normalization_20260927T131553Z_36892 slurm_job_id=3584825 launched_at=2026-09-27T15:16:15.466052+00:00
  Reused raw inference: /fslarge/scratch/users/h61084/codes/evaluating_tsfms/outputs/foundation_models/inference/chronos_bolt/univariate/Uncertainty_1M/M/short/run_0

============================================================
All experiments completed!
Results saved to: /scratch/users/h61084/codes/evaluating_tsfms/outputs/instance_normalization/tasks
============================================================

############################################################
# All datasets completed!
############################################################

############################################################
# Dataset 1/1: Housing_Inventory/M
############################################################
Loading configuration...

============================================================
Dataset: Housing_Inventory/M
Model: amazon/chronos-bolt-base
Terms: ['short']
Instance normalization: none
============================================================
Loading Chronos-Bolt model: amazon/chronos-bolt-base from /fslarge/scratch/users/h61084/weights/chronos-bolt-base...
[2026-09-27 15:16:23 UTC] resources selected_device {"device": "cuda", "model": "chronos_bolt", "stage": "forecast"}

--- Term: short ---
  Config: prediction_length=12, test_length=36, val_length=12
  Dataset info:
    - Frequency: M
    - Num series: 1
    - Target dim: 4
    - Target mode: univariate
    - Series length: min=114, max=114, avg=114.0
    - Test split: 36 steps
    - Prediction length: 12
    - Windows: 3
TIME run allocation action=skip run=/fslarge/scratch/users/h61084/codes/evaluating_tsfms/outputs/foundation_models/inference/chronos_bolt/univariate/Housing_Inventory/M/short/run_0 source_launch=selena_20260926T154139Z_65000 launch_id=selena_instance_normalization_20260927T131553Z_36892 slurm_job_id=3584825 launched_at=2026-09-27T15:16:24.608613+00:00
TIME run allocation action=skip run=/fslarge/scratch/users/h61084/codes/evaluating_tsfms/outputs/instance_normalization/tasks/chronos_bolt/normalization/none/univariate/Housing_Inventory/M/short/run_0 source_launch=selena_instance_normalization_20260927T131553Z_36892 launch_id=selena_instance_normalization_20260927T131553Z_36892 slurm_job_id=3584825 launched_at=2026-09-27T15:16:24.616961+00:00
  Reused raw inference: /fslarge/scratch/users/h61084/codes/evaluating_tsfms/outputs/foundation_models/inference/chronos_bolt/univariate/Housing_Inventory/M/short/run_0

============================================================
All experiments completed!
Results saved to: /scratch/users/h61084/codes/evaluating_tsfms/outputs/instance_normalization/tasks
============================================================

############################################################
# All datasets completed!
############################################################

############################################################
# Dataset 1/1: JOLTS/M
############################################################
Loading configuration...

============================================================
Dataset: JOLTS/M
Model: amazon/chronos-bolt-base
Terms: ['short']
Instance normalization: none
============================================================
Loading Chronos-Bolt model: amazon/chronos-bolt-base from /fslarge/scratch/users/h61084/weights/chronos-bolt-base...
[2026-09-27 15:16:33 UTC] resources selected_device {"device": "cuda", "model": "chronos_bolt", "stage": "forecast"}

--- Term: short ---
  Config: prediction_length=12, test_length=60, val_length=12
  Dataset info:
    - Frequency: M
    - Num series: 1
    - Target dim: 6
    - Target mode: univariate
    - Series length: min=297, max=297, avg=297.0
    - Test split: 60 steps
    - Prediction length: 12
    - Windows: 5
TIME run allocation action=skip run=/fslarge/scratch/users/h61084/codes/evaluating_tsfms/outputs/foundation_models/inference/chronos_bolt/univariate/JOLTS/M/short/run_0 source_launch=selena_20260926T154139Z_65000 launch_id=selena_instance_normalization_20260927T131553Z_36892 slurm_job_id=3584825 launched_at=2026-09-27T15:16:33.760667+00:00
TIME run allocation action=skip run=/fslarge/scratch/users/h61084/codes/evaluating_tsfms/outputs/instance_normalization/tasks/chronos_bolt/normalization/none/univariate/JOLTS/M/short/run_0 source_launch=selena_instance_normalization_20260927T131553Z_36892 launch_id=selena_instance_normalization_20260927T131553Z_36892 slurm_job_id=3584825 launched_at=2026-09-27T15:16:33.769113+00:00
  Reused raw inference: /fslarge/scratch/users/h61084/codes/evaluating_tsfms/outputs/foundation_models/inference/chronos_bolt/univariate/JOLTS/M/short/run_0

============================================================
All experiments completed!
Results saved to: /scratch/users/h61084/codes/evaluating_tsfms/outputs/instance_normalization/tasks
============================================================

############################################################
# All datasets completed!
############################################################

############################################################
# Dataset 1/1: US_Labor/M
############################################################
Loading configuration...

============================================================
Dataset: US_Labor/M
Model: amazon/chronos-bolt-base
Terms: ['short']
Instance normalization: none
============================================================
Loading Chronos-Bolt model: amazon/chronos-bolt-base from /fslarge/scratch/users/h61084/weights/chronos-bolt-base...
[2026-09-27 15:16:42 UTC] resources selected_device {"device": "cuda", "model": "chronos_bolt", "stage": "forecast"}

--- Term: short ---
  Config: prediction_length=12, test_length=60, val_length=12
  Dataset info:
    - Frequency: M
    - Num series: 1
    - Target dim: 14
    - Target mode: univariate
    - Series length: min=380, max=380, avg=380.0
    - Test split: 60 steps
    - Prediction length: 12
    - Windows: 5
TIME run allocation action=skip run=/fslarge/scratch/users/h61084/codes/evaluating_tsfms/outputs/foundation_models/inference/chronos_bolt/univariate/US_Labor/M/short/run_0 source_launch=selena_20260926T154139Z_65000 launch_id=selena_instance_normalization_20260927T131553Z_36892 slurm_job_id=3584825 launched_at=2026-09-27T15:16:42.908546+00:00
TIME run allocation action=skip run=/fslarge/scratch/users/h61084/codes/evaluating_tsfms/outputs/instance_normalization/tasks/chronos_bolt/normalization/none/univariate/US_Labor/M/short/run_0 source_launch=selena_instance_normalization_20260927T131553Z_36892 launch_id=selena_instance_normalization_20260927T131553Z_36892 slurm_job_id=3584825 launched_at=2026-09-27T15:16:42.917144+00:00
  Reused raw inference: /fslarge/scratch/users/h61084/codes/evaluating_tsfms/outputs/foundation_models/inference/chronos_bolt/univariate/US_Labor/M/short/run_0

============================================================
All experiments completed!
Results saved to: /scratch/users/h61084/codes/evaluating_tsfms/outputs/instance_normalization/tasks
============================================================

############################################################
# All datasets completed!
############################################################

############################################################
# Dataset 1/1: Vehicle_Supply/M
############################################################
Loading configuration...

============================================================
Dataset: Vehicle_Supply/M
Model: amazon/chronos-bolt-base
Terms: ['short']
Instance normalization: none
============================================================
Loading Chronos-Bolt model: amazon/chronos-bolt-base from /fslarge/scratch/users/h61084/weights/chronos-bolt-base...
[2026-09-27 15:16:51 UTC] resources selected_device {"device": "cuda", "model": "chronos_bolt", "stage": "forecast"}

--- Term: short ---
  Config: prediction_length=12, test_length=60, val_length=12
  Dataset info:
    - Frequency: M
    - Num series: 1
    - Target dim: 6
    - Target mode: univariate
    - Series length: min=391, max=391, avg=391.0
    - Test split: 60 steps
    - Prediction length: 12
    - Windows: 5
TIME run allocation action=skip run=/fslarge/scratch/users/h61084/codes/evaluating_tsfms/outputs/foundation_models/inference/chronos_bolt/univariate/Vehicle_Supply/M/short/run_0 source_launch=selena_20260926T154139Z_65000 launch_id=selena_instance_normalization_20260927T131553Z_36892 slurm_job_id=3584825 launched_at=2026-09-27T15:16:52.535072+00:00
TIME run allocation action=skip run=/fslarge/scratch/users/h61084/codes/evaluating_tsfms/outputs/instance_normalization/tasks/chronos_bolt/normalization/none/univariate/Vehicle_Supply/M/short/run_0 source_launch=selena_instance_normalization_20260927T131553Z_36892 launch_id=selena_instance_normalization_20260927T131553Z_36892 slurm_job_id=3584825 launched_at=2026-09-27T15:16:52.543617+00:00
  Reused raw inference: /fslarge/scratch/users/h61084/codes/evaluating_tsfms/outputs/foundation_models/inference/chronos_bolt/univariate/Vehicle_Supply/M/short/run_0

============================================================
All experiments completed!
Results saved to: /scratch/users/h61084/codes/evaluating_tsfms/outputs/instance_normalization/tasks
============================================================

############################################################
# All datasets completed!
############################################################

############################################################
# Dataset 1/1: Auto_Production_SF/M
############################################################
Loading configuration...

============================================================
Dataset: Auto_Production_SF/M
Model: amazon/chronos-bolt-base
Terms: ['short']
Instance normalization: none
============================================================
Loading Chronos-Bolt model: amazon/chronos-bolt-base from /fslarge/scratch/users/h61084/weights/chronos-bolt-base...
[2026-09-27 15:17:01 UTC] resources selected_device {"device": "cuda", "model": "chronos_bolt", "stage": "forecast"}

--- Term: short ---
  Config: prediction_length=12, test_length=60, val_length=12
  Dataset info:
    - Frequency: M
    - Num series: 1
    - Target dim: 1
    - Target mode: univariate
    - Series length: min=367, max=367, avg=367.0
    - Test split: 60 steps
    - Prediction length: 12
    - Windows: 5
TIME run allocation action=skip run=/fslarge/scratch/users/h61084/codes/evaluating_tsfms/outputs/foundation_models/inference/chronos_bolt/univariate/Auto_Production_SF/M/short/run_0 source_launch=selena_20260926T154139Z_65000 launch_id=selena_instance_normalization_20260927T131553Z_36892 slurm_job_id=3584825 launched_at=2026-09-27T15:17:01.987359+00:00
TIME run allocation action=new run=/fslarge/scratch/users/h61084/codes/evaluating_tsfms/outputs/instance_normalization/tasks/chronos_bolt/normalization/none/univariate/Auto_Production_SF/M/short/run_0 launch_id=selena_instance_normalization_20260927T131553Z_36892 slurm_job_id=3584825 launched_at=2026-09-27T15:17:01.995072+00:00
    Total instances: 5, Series during experiment: 1, Windows: 5
    Collecting ground truth and context...
    Organizing data into arrays...
    Saved predictions (quantiles) to /fslarge/scratch/users/h61084/codes/evaluating_tsfms/outputs/instance_normalization/tasks/chronos_bolt/normalization/none/univariate/Auto_Production_SF/M/short/run_0/predictions.npz
    Computing per-window metrics...
    Saved metrics to /fslarge/scratch/users/h61084/codes/evaluating_tsfms/outputs/instance_normalization/tasks/chronos_bolt/normalization/none/univariate/Auto_Production_SF/M/short/run_0/metrics.npz
    Saved config to /fslarge/scratch/users/h61084/codes/evaluating_tsfms/outputs/instance_normalization/tasks/chronos_bolt/normalization/none/univariate/Auto_Production_SF/M/short/run_0/config.json
    Saved aggregate metrics to /fslarge/scratch/users/h61084/codes/evaluating_tsfms/outputs/instance_normalization/tasks/chronos_bolt/normalization/none/univariate/Auto_Production_SF/M/short/run_0/metrics_summary.json
    Metrics summary (averaged over all series/windows/variates):
      MSE: 26.3340
      MAE: 4.0893
      RMSE: 5.0599
      MAPE: 0.0417
      sMAPE: 0.0414
      MASE: 1.0324
      ND: 0.0410
      CRPS: 0.0318
  Reused raw inference: /fslarge/scratch/users/h61084/codes/evaluating_tsfms/outputs/foundation_models/inference/chronos_bolt/univariate/Auto_Production_SF/M/short/run_0

============================================================
All experiments completed!
Results saved to: /scratch/users/h61084/codes/evaluating_tsfms/outputs/instance_normalization/tasks
============================================================

############################################################
# All datasets completed!
############################################################

############################################################
# Dataset 1/1: Commodity_Production/M
############################################################
Loading configuration...

============================================================
Dataset: Commodity_Production/M
Model: amazon/chronos-bolt-base
Terms: ['short']
Instance normalization: none
============================================================
Loading Chronos-Bolt model: amazon/chronos-bolt-base from /fslarge/scratch/users/h61084/weights/chronos-bolt-base...
[2026-09-27 15:17:10 UTC] resources selected_device {"device": "cuda", "model": "chronos_bolt", "stage": "forecast"}

--- Term: short ---
  Config: prediction_length=12, test_length=60, val_length=12
  Dataset info:
    - Frequency: M
    - Num series: 32
    - Target dim: 1
    - Target mode: univariate
    - Series length: min=120, max=648, avg=325.1
    - Test split: 60 steps
    - Prediction length: 12
    - Windows: 5
TIME run allocation action=skip run=/fslarge/scratch/users/h61084/codes/evaluating_tsfms/outputs/foundation_models/inference/chronos_bolt/univariate/Commodity_Production/M/short/run_0 source_launch=selena_20260926T154139Z_65000 launch_id=selena_instance_normalization_20260927T131553Z_36892 slurm_job_id=3584825 launched_at=2026-09-27T15:17:11.280454+00:00
TIME run allocation action=new run=/fslarge/scratch/users/h61084/codes/evaluating_tsfms/outputs/instance_normalization/tasks/chronos_bolt/normalization/none/univariate/Commodity_Production/M/short/run_0 launch_id=selena_instance_normalization_20260927T131553Z_36892 slurm_job_id=3584825 launched_at=2026-09-27T15:17:11.288903+00:00
    Total instances: 160, Series during experiment: 32, Windows: 5
    Collecting ground truth and context...
    Organizing data into arrays...
    Saved predictions (quantiles) to /fslarge/scratch/users/h61084/codes/evaluating_tsfms/outputs/instance_normalization/tasks/chronos_bolt/normalization/none/univariate/Commodity_Production/M/short/run_0/predictions.npz
    Computing per-window metrics...
    Saved metrics to /fslarge/scratch/users/h61084/codes/evaluating_tsfms/outputs/instance_normalization/tasks/chronos_bolt/normalization/none/univariate/Commodity_Production/M/short/run_0/metrics.npz
    Saved config to /fslarge/scratch/users/h61084/codes/evaluating_tsfms/outputs/instance_normalization/tasks/chronos_bolt/normalization/none/univariate/Commodity_Production/M/short/run_0/config.json
    Saved aggregate metrics to /fslarge/scratch/users/h61084/codes/evaluating_tsfms/outputs/instance_normalization/tasks/chronos_bolt/normalization/none/univariate/Commodity_Production/M/short/run_0/metrics_summary.json
    Metrics summary (averaged over all series/windows/variates):
      MSE: 61141.7135
      MAE: 67.7134
      RMSE: 78.4478
      MAPE: 0.2140
      sMAPE: 0.1661
      MASE: 0.9386
      ND: 0.1597
      CRPS: 0.1242
  Reused raw inference: /fslarge/scratch/users/h61084/codes/evaluating_tsfms/outputs/foundation_models/inference/chronos_bolt/univariate/Commodity_Production/M/short/run_0

============================================================
All experiments completed!
Results saved to: /scratch/users/h61084/codes/evaluating_tsfms/outputs/instance_normalization/tasks
============================================================

############################################################
# All datasets completed!
############################################################

############################################################
# Dataset 1/1: Commodity_Import/M
############################################################
Loading configuration...

============================================================
Dataset: Commodity_Import/M
Model: amazon/chronos-bolt-base
Terms: ['short']
Instance normalization: none
============================================================
Loading Chronos-Bolt model: amazon/chronos-bolt-base from /fslarge/scratch/users/h61084/weights/chronos-bolt-base...
[2026-09-27 15:17:19 UTC] resources selected_device {"device": "cuda", "model": "chronos_bolt", "stage": "forecast"}

--- Term: short ---
  Config: prediction_length=12, test_length=60, val_length=12
  Dataset info:
    - Frequency: M
    - Num series: 8
    - Target dim: 1
    - Target mode: univariate
    - Series length: min=254, max=1240, avg=697.2
    - Test split: 60 steps
    - Prediction length: 12
    - Windows: 5
TIME run allocation action=skip run=/fslarge/scratch/users/h61084/codes/evaluating_tsfms/outputs/foundation_models/inference/chronos_bolt/univariate/Commodity_Import/M/short/run_0 source_launch=selena_20260926T154139Z_65000 launch_id=selena_instance_normalization_20260927T131553Z_36892 slurm_job_id=3584825 launched_at=2026-09-27T15:17:20.616753+00:00
TIME run allocation action=new run=/fslarge/scratch/users/h61084/codes/evaluating_tsfms/outputs/instance_normalization/tasks/chronos_bolt/normalization/none/univariate/Commodity_Import/M/short/run_0 launch_id=selena_instance_normalization_20260927T131553Z_36892 slurm_job_id=3584825 launched_at=2026-09-27T15:17:20.624669+00:00
    Total instances: 40, Series during experiment: 8, Windows: 5
    Collecting ground truth and context...
    Organizing data into arrays...
    Saved predictions (quantiles) to /fslarge/scratch/users/h61084/codes/evaluating_tsfms/outputs/instance_normalization/tasks/chronos_bolt/normalization/none/univariate/Commodity_Import/M/short/run_0/predictions.npz
    Computing per-window metrics...
    Saved metrics to /fslarge/scratch/users/h61084/codes/evaluating_tsfms/outputs/instance_normalization/tasks/chronos_bolt/normalization/none/univariate/Commodity_Import/M/short/run_0/metrics.npz
    Saved config to /fslarge/scratch/users/h61084/codes/evaluating_tsfms/outputs/instance_normalization/tasks/chronos_bolt/normalization/none/univariate/Commodity_Import/M/short/run_0/config.json
    Saved aggregate metrics to /fslarge/scratch/users/h61084/codes/evaluating_tsfms/outputs/instance_normalization/tasks/chronos_bolt/normalization/none/univariate/Commodity_Import/M/short/run_0/metrics_summary.json
    Metrics summary (averaged over all series/windows/variates):
      MSE: 1702244.8219
      MAE: 527.9195
      RMSE: 630.6833
      MAPE: 0.3501
      sMAPE: 0.2394
      MASE: 1.5321
      ND: 0.2731
      CRPS: 0.2144
  Reused raw inference: /fslarge/scratch/users/h61084/codes/evaluating_tsfms/outputs/foundation_models/inference/chronos_bolt/univariate/Commodity_Import/M/short/run_0

============================================================
All experiments completed!
Results saved to: /scratch/users/h61084/codes/evaluating_tsfms/outputs/instance_normalization/tasks
============================================================

############################################################
# All datasets completed!
############################################################

############################################################
# Dataset 1/1: WUI_Global/Q
############################################################
Loading configuration...

============================================================
Dataset: WUI_Global/Q
Model: amazon/chronos-bolt-base
Terms: ['short']
Instance normalization: none
============================================================
Loading Chronos-Bolt model: amazon/chronos-bolt-base from /fslarge/scratch/users/h61084/weights/chronos-bolt-base...
[2026-09-27 15:17:29 UTC] resources selected_device {"device": "cuda", "model": "chronos_bolt", "stage": "forecast"}

--- Term: short ---
  Config: prediction_length=4, test_length=20, val_length=20
  Dataset info:
    - Frequency: Q
    - Num series: 1
    - Target dim: 15
    - Target mode: univariate
    - Series length: min=294, max=294, avg=294.0
    - Test split: 20 steps
    - Prediction length: 4
    - Windows: 5
TIME run allocation action=skip run=/fslarge/scratch/users/h61084/codes/evaluating_tsfms/outputs/foundation_models/inference/chronos_bolt/univariate/WUI_Global/Q/short/run_0 source_launch=selena_20260926T154139Z_65000 launch_id=selena_instance_normalization_20260927T131553Z_36892 slurm_job_id=3584825 launched_at=2026-09-27T15:17:30.049571+00:00
TIME run allocation action=new run=/fslarge/scratch/users/h61084/codes/evaluating_tsfms/outputs/instance_normalization/tasks/chronos_bolt/normalization/none/univariate/WUI_Global/Q/short/run_0 launch_id=selena_instance_normalization_20260927T131553Z_36892 slurm_job_id=3584825 launched_at=2026-09-27T15:17:30.057330+00:00
    Total instances: 75, Series during experiment: 15, Windows: 5
    Collecting ground truth and context...
    Detected to_univariate case: 15 flat series -> 1 series x 15 variates
    Organizing data into arrays...
    Saved predictions (quantiles) to /fslarge/scratch/users/h61084/codes/evaluating_tsfms/outputs/instance_normalization/tasks/chronos_bolt/normalization/none/univariate/WUI_Global/Q/short/run_0/predictions.npz
    Computing per-window metrics...
    Saved metrics to /fslarge/scratch/users/h61084/codes/evaluating_tsfms/outputs/instance_normalization/tasks/chronos_bolt/normalization/none/univariate/WUI_Global/Q/short/run_0/metrics.npz
    Saved config to /fslarge/scratch/users/h61084/codes/evaluating_tsfms/outputs/instance_normalization/tasks/chronos_bolt/normalization/none/univariate/WUI_Global/Q/short/run_0/config.json
    Saved aggregate metrics to /fslarge/scratch/users/h61084/codes/evaluating_tsfms/outputs/instance_normalization/tasks/chronos_bolt/normalization/none/univariate/WUI_Global/Q/short/run_0/metrics_summary.json
    Metrics summary (averaged over all series/windows/variates):
      MSE: 0.0486
      MAE: 0.1491
      RMSE: 0.1769
      MAPE: 0.5773
      sMAPE: 0.6600
      MASE: 0.9985
      ND: 0.6986
      CRPS: 0.5497
  Reused raw inference: /fslarge/scratch/users/h61084/codes/evaluating_tsfms/outputs/foundation_models/inference/chronos_bolt/univariate/WUI_Global/Q/short/run_0

============================================================
All experiments completed!
Results saved to: /scratch/users/h61084/codes/evaluating_tsfms/outputs/instance_normalization/tasks
============================================================

############################################################
# All datasets completed!
############################################################

############################################################
# Dataset 1/1: Global_Price/Q
############################################################
Loading configuration...

============================================================
Dataset: Global_Price/Q
Model: amazon/chronos-bolt-base
Terms: ['short']
Instance normalization: none
============================================================
Loading Chronos-Bolt model: amazon/chronos-bolt-base from /fslarge/scratch/users/h61084/weights/chronos-bolt-base...
[2026-09-27 15:17:38 UTC] resources selected_device {"device": "cuda", "model": "chronos_bolt", "stage": "forecast"}

--- Term: short ---
  Config: prediction_length=4, test_length=20, val_length=8
  Dataset info:
    - Frequency: Q
    - Num series: 1
    - Target dim: 60
    - Target mode: univariate
    - Series length: min=142, max=142, avg=142.0
    - Test split: 20 steps
    - Prediction length: 4
    - Windows: 5
TIME run allocation action=skip run=/fslarge/scratch/users/h61084/codes/evaluating_tsfms/outputs/foundation_models/inference/chronos_bolt/univariate/Global_Price/Q/short/run_0 source_launch=selena_20260926T154139Z_65000 launch_id=selena_instance_normalization_20260927T131553Z_36892 slurm_job_id=3584825 launched_at=2026-09-27T15:17:39.571727+00:00
TIME run allocation action=new run=/fslarge/scratch/users/h61084/codes/evaluating_tsfms/outputs/instance_normalization/tasks/chronos_bolt/normalization/none/univariate/Global_Price/Q/short/run_0 launch_id=selena_instance_normalization_20260927T131553Z_36892 slurm_job_id=3584825 launched_at=2026-09-27T15:17:39.579781+00:00
    Total instances: 300, Series during experiment: 60, Windows: 5
    Collecting ground truth and context...
    Detected to_univariate case: 60 flat series -> 1 series x 60 variates
    Organizing data into arrays...
    Saved predictions (quantiles) to /fslarge/scratch/users/h61084/codes/evaluating_tsfms/outputs/instance_normalization/tasks/chronos_bolt/normalization/none/univariate/Global_Price/Q/short/run_0/predictions.npz
    Computing per-window metrics...
    Saved metrics to /fslarge/scratch/users/h61084/codes/evaluating_tsfms/outputs/instance_normalization/tasks/chronos_bolt/normalization/none/univariate/Global_Price/Q/short/run_0/metrics.npz
    Saved config to /fslarge/scratch/users/h61084/codes/evaluating_tsfms/outputs/instance_normalization/tasks/chronos_bolt/normalization/none/univariate/Global_Price/Q/short/run_0/config.json
    Saved aggregate metrics to /fslarge/scratch/users/h61084/codes/evaluating_tsfms/outputs/instance_normalization/tasks/chronos_bolt/normalization/none/univariate/Global_Price/Q/short/run_0/metrics_summary.json
    Metrics summary (averaged over all series/windows/variates):
      MSE: 1713971.9016
      MAE: 304.0817
      RMSE: 341.7313
      MAPE: 0.1793
      sMAPE: 0.1905
      MASE: 1.5685
      ND: 0.1799
      CRPS: 0.1462
  Reused raw inference: /fslarge/scratch/users/h61084/codes/evaluating_tsfms/outputs/foundation_models/inference/chronos_bolt/univariate/Global_Price/Q/short/run_0

============================================================
All experiments completed!
Results saved to: /scratch/users/h61084/codes/evaluating_tsfms/outputs/instance_normalization/tasks
============================================================

############################################################
# All datasets completed!
############################################################

############################################################
# Dataset 1/1: Vehicle_Sales/M
############################################################
Loading configuration...

============================================================
Dataset: Vehicle_Sales/M
Model: amazon/chronos-bolt-base
Terms: ['short']
Instance normalization: none
============================================================
Loading Chronos-Bolt model: amazon/chronos-bolt-base from /fslarge/scratch/users/h61084/weights/chronos-bolt-base...
[2026-09-27 15:17:48 UTC] resources selected_device {"device": "cuda", "model": "chronos_bolt", "stage": "forecast"}

--- Term: short ---
  Config: prediction_length=12, test_length=60, val_length=12
  Dataset info:
    - Frequency: M
    - Num series: 1
    - Target dim: 10
    - Target mode: univariate
    - Series length: min=596, max=596, avg=596.0
    - Test split: 60 steps
    - Prediction length: 12
    - Windows: 5
TIME run allocation action=skip run=/fslarge/scratch/users/h61084/codes/evaluating_tsfms/outputs/foundation_models/inference/chronos_bolt/univariate/Vehicle_Sales/M/short/run_0 source_launch=selena_20260926T154139Z_65000 launch_id=selena_instance_normalization_20260927T131553Z_36892 slurm_job_id=3584825 launched_at=2026-09-27T15:17:49.041628+00:00
TIME run allocation action=new run=/fslarge/scratch/users/h61084/codes/evaluating_tsfms/outputs/instance_normalization/tasks/chronos_bolt/normalization/none/univariate/Vehicle_Sales/M/short/run_0 launch_id=selena_instance_normalization_20260927T131553Z_36892 slurm_job_id=3584825 launched_at=2026-09-27T15:17:49.049550+00:00
    Total instances: 50, Series during experiment: 10, Windows: 5
    Collecting ground truth and context...
    Detected to_univariate case: 10 flat series -> 1 series x 10 variates
    Organizing data into arrays...
    Saved predictions (quantiles) to /fslarge/scratch/users/h61084/codes/evaluating_tsfms/outputs/instance_normalization/tasks/chronos_bolt/normalization/none/univariate/Vehicle_Sales/M/short/run_0/predictions.npz
    Computing per-window metrics...
    Saved metrics to /fslarge/scratch/users/h61084/codes/evaluating_tsfms/outputs/instance_normalization/tasks/chronos_bolt/normalization/none/univariate/Vehicle_Sales/M/short/run_0/metrics.npz
    Saved config to /fslarge/scratch/users/h61084/codes/evaluating_tsfms/outputs/instance_normalization/tasks/chronos_bolt/normalization/none/univariate/Vehicle_Sales/M/short/run_0/config.json
    Saved aggregate metrics to /fslarge/scratch/users/h61084/codes/evaluating_tsfms/outputs/instance_normalization/tasks/chronos_bolt/normalization/none/univariate/Vehicle_Sales/M/short/run_0/metrics_summary.json
    Metrics summary (averaged over all series/windows/variates):
      MSE: 1736.5521
      MAE: 10.7605
      RMSE: 12.6642
      MAPE: 0.0823
      sMAPE: 0.0821
      MASE: 0.7724
      ND: 0.0824
      CRPS: 0.0650
  Reused raw inference: /fslarge/scratch/users/h61084/codes/evaluating_tsfms/outputs/foundation_models/inference/chronos_bolt/univariate/Vehicle_Sales/M/short/run_0

============================================================
All experiments completed!
Results saved to: /scratch/users/h61084/codes/evaluating_tsfms/outputs/instance_normalization/tasks
============================================================

############################################################
# All datasets completed!
############################################################

############################################################
# Dataset 1/1: Online_Retail_2_UCI/D
############################################################
Loading configuration...

============================================================
Dataset: Online_Retail_2_UCI/D
Model: amazon/chronos-bolt-base
Terms: ['short']
Instance normalization: none
============================================================
Loading Chronos-Bolt model: amazon/chronos-bolt-base from /fslarge/scratch/users/h61084/weights/chronos-bolt-base...
[2026-09-27 15:17:57 UTC] resources selected_device {"device": "cuda", "model": "chronos_bolt", "stage": "forecast"}

--- Term: short ---
  Config: prediction_length=30, test_length=180, val_length=90
  Dataset info:
    - Frequency: D
    - Num series: 1
    - Target dim: 1
    - Target mode: univariate
    - Series length: min=739, max=739, avg=739.0
    - Test split: 180 steps
    - Prediction length: 30
    - Windows: 6
TIME run allocation action=skip run=/fslarge/scratch/users/h61084/codes/evaluating_tsfms/outputs/foundation_models/inference/chronos_bolt/univariate/Online_Retail_2_UCI/D/short/run_0 source_launch=selena_20260926T154139Z_65000 launch_id=selena_instance_normalization_20260927T131553Z_36892 slurm_job_id=3584825 launched_at=2026-09-27T15:17:58.255031+00:00
TIME run allocation action=new run=/fslarge/scratch/users/h61084/codes/evaluating_tsfms/outputs/instance_normalization/tasks/chronos_bolt/normalization/none/univariate/Online_Retail_2_UCI/D/short/run_0 launch_id=selena_instance_normalization_20260927T131553Z_36892 slurm_job_id=3584825 launched_at=2026-09-27T15:17:58.262496+00:00
    Total instances: 6, Series during experiment: 1, Windows: 6
    Collecting ground truth and context...
    Organizing data into arrays...
    ⚠️  Predictions max value (117518.18) exceeds float16 safe range.
    ⚠️  Applying scale factor: 10 (values will be divided)
    Saved predictions (quantiles) to /fslarge/scratch/users/h61084/codes/evaluating_tsfms/outputs/instance_normalization/tasks/chronos_bolt/normalization/none/univariate/Online_Retail_2_UCI/D/short/run_0/predictions.npz
    Computing per-window metrics...
    Saved metrics to /fslarge/scratch/users/h61084/codes/evaluating_tsfms/outputs/instance_normalization/tasks/chronos_bolt/normalization/none/univariate/Online_Retail_2_UCI/D/short/run_0/metrics.npz
    Saved config to /fslarge/scratch/users/h61084/codes/evaluating_tsfms/outputs/instance_normalization/tasks/chronos_bolt/normalization/none/univariate/Online_Retail_2_UCI/D/short/run_0/config.json
    Saved aggregate metrics to /fslarge/scratch/users/h61084/codes/evaluating_tsfms/outputs/instance_normalization/tasks/chronos_bolt/normalization/none/univariate/Online_Retail_2_UCI/D/short/run_0/metrics_summary.json
    Metrics summary (averaged over all series/windows/variates):
      MSE: 314035391.6255
      MAE: 10246.2875
      RMSE: 16013.3716
      MAPE: 0.2655
      sMAPE: 0.5281
      MASE: 0.6195
      ND: 0.2986
      CRPS: 0.2480
  Reused raw inference: /fslarge/scratch/users/h61084/codes/evaluating_tsfms/outputs/foundation_models/inference/chronos_bolt/univariate/Online_Retail_2_UCI/D/short/run_0

============================================================
All experiments completed!
Results saved to: /scratch/users/h61084/codes/evaluating_tsfms/outputs/instance_normalization/tasks
============================================================

############################################################
# All datasets completed!
############################################################

############################################################
# Dataset 1/1: Supply_Chain_Customer/D
############################################################
Loading configuration...

============================================================
Dataset: Supply_Chain_Customer/D
Model: amazon/chronos-bolt-base
Terms: ['short']
Instance normalization: none
============================================================
Loading Chronos-Bolt model: amazon/chronos-bolt-base from /fslarge/scratch/users/h61084/weights/chronos-bolt-base...
[2026-09-27 15:18:06 UTC] resources selected_device {"device": "cuda", "model": "chronos_bolt", "stage": "forecast"}

--- Term: short ---
  Config: prediction_length=30, test_length=365, val_length=90
  Dataset info:
    - Frequency: D
    - Num series: 1
    - Target dim: 36
    - Target mode: univariate
    - Series length: min=2007, max=2007, avg=2007.0
    - Test split: 365 steps
    - Prediction length: 30
    - Windows: 12
TIME run allocation action=skip run=/fslarge/scratch/users/h61084/codes/evaluating_tsfms/outputs/foundation_models/inference/chronos_bolt/univariate/Supply_Chain_Customer/D/short/run_0 source_launch=selena_20260926T154139Z_65000 launch_id=selena_instance_normalization_20260927T131553Z_36892 slurm_job_id=3584825 launched_at=2026-09-27T15:18:07.967354+00:00
TIME run allocation action=new run=/fslarge/scratch/users/h61084/codes/evaluating_tsfms/outputs/instance_normalization/tasks/chronos_bolt/normalization/none/univariate/Supply_Chain_Customer/D/short/run_0 launch_id=selena_instance_normalization_20260927T131553Z_36892 slurm_job_id=3584825 launched_at=2026-09-27T15:18:07.977664+00:00
    Total instances: 432, Series during experiment: 36, Windows: 12
    Collecting ground truth and context...
    Detected to_univariate case: 36 flat series -> 1 series x 36 variates
    Organizing data into arrays...
    ⚠️  Predictions max value (244396.00) exceeds float16 safe range.
    ⚠️  Applying scale factor: 10 (values will be divided)
    Saved predictions (quantiles) to /fslarge/scratch/users/h61084/codes/evaluating_tsfms/outputs/instance_normalization/tasks/chronos_bolt/normalization/none/univariate/Supply_Chain_Customer/D/short/run_0/predictions.npz
    Computing per-window metrics...
    Saved metrics to /fslarge/scratch/users/h61084/codes/evaluating_tsfms/outputs/instance_normalization/tasks/chronos_bolt/normalization/none/univariate/Supply_Chain_Customer/D/short/run_0/metrics.npz
    Saved config to /fslarge/scratch/users/h61084/codes/evaluating_tsfms/outputs/instance_normalization/tasks/chronos_bolt/normalization/none/univariate/Supply_Chain_Customer/D/short/run_0/config.json
    Saved aggregate metrics to /fslarge/scratch/users/h61084/codes/evaluating_tsfms/outputs/instance_normalization/tasks/chronos_bolt/normalization/none/univariate/Supply_Chain_Customer/D/short/run_0/metrics_summary.json
    Metrics summary (averaged over all series/windows/variates):
      MSE: 32848610.4769
      MAE: 1710.8665
      RMSE: 2393.5512
      MAPE: 0.4313
      sMAPE: 0.4205
      MASE: 0.6131
      ND: 0.3630
      CRPS: 0.2916
  Reused raw inference: /fslarge/scratch/users/h61084/codes/evaluating_tsfms/outputs/foundation_models/inference/chronos_bolt/univariate/Supply_Chain_Customer/D/short/run_0

============================================================
All experiments completed!
Results saved to: /scratch/users/h61084/codes/evaluating_tsfms/outputs/instance_normalization/tasks
============================================================

############################################################
# All datasets completed!
############################################################

############################################################
# Dataset 1/1: Supply_Chain_Location/D
############################################################
Loading configuration...

============================================================
Dataset: Supply_Chain_Location/D
Model: amazon/chronos-bolt-base
Terms: ['short']
Instance normalization: none
============================================================
Loading Chronos-Bolt model: amazon/chronos-bolt-base from /fslarge/scratch/users/h61084/weights/chronos-bolt-base...
[2026-09-27 15:18:16 UTC] resources selected_device {"device": "cuda", "model": "chronos_bolt", "stage": "forecast"}

--- Term: short ---
  Config: prediction_length=30, test_length=365, val_length=90
  Dataset info:
    - Frequency: D
    - Num series: 1
    - Target dim: 51
    - Target mode: univariate
    - Series length: min=2007, max=2007, avg=2007.0
    - Test split: 365 steps
    - Prediction length: 30
    - Windows: 12
TIME run allocation action=skip run=/fslarge/scratch/users/h61084/codes/evaluating_tsfms/outputs/foundation_models/inference/chronos_bolt/univariate/Supply_Chain_Location/D/short/run_0 source_launch=selena_20260926T154139Z_65000 launch_id=selena_instance_normalization_20260927T131553Z_36892 slurm_job_id=3584825 launched_at=2026-09-27T15:18:17.371322+00:00
TIME run allocation action=new run=/fslarge/scratch/users/h61084/codes/evaluating_tsfms/outputs/instance_normalization/tasks/chronos_bolt/normalization/none/univariate/Supply_Chain_Location/D/short/run_0 launch_id=selena_instance_normalization_20260927T131553Z_36892 slurm_job_id=3584825 launched_at=2026-09-27T15:18:17.383284+00:00
    Total instances: 612, Series during experiment: 51, Windows: 12
    Collecting ground truth and context...
    Detected to_univariate case: 51 flat series -> 1 series x 51 variates
    Organizing data into arrays...
    ⚠️  Predictions max value (121406.55) exceeds float16 safe range.
    ⚠️  Applying scale factor: 10 (values will be divided)
    Saved predictions (quantiles) to /fslarge/scratch/users/h61084/codes/evaluating_tsfms/outputs/instance_normalization/tasks/chronos_bolt/normalization/none/univariate/Supply_Chain_Location/D/short/run_0/predictions.npz
    Computing per-window metrics...
    Saved metrics to /fslarge/scratch/users/h61084/codes/evaluating_tsfms/outputs/instance_normalization/tasks/chronos_bolt/normalization/none/univariate/Supply_Chain_Location/D/short/run_0/metrics.npz
    Saved config to /fslarge/scratch/users/h61084/codes/evaluating_tsfms/outputs/instance_normalization/tasks/chronos_bolt/normalization/none/univariate/Supply_Chain_Location/D/short/run_0/config.json
    Saved aggregate metrics to /fslarge/scratch/users/h61084/codes/evaluating_tsfms/outputs/instance_normalization/tasks/chronos_bolt/normalization/none/univariate/Supply_Chain_Location/D/short/run_0/metrics_summary.json
    Metrics summary (averaged over all series/windows/variates):
      MSE: 21468139.9859
      MAE: 1791.9018
      RMSE: 2409.5008
      MAPE: 0.5009
      sMAPE: 0.4225
      MASE: 0.6500
      ND: 0.3807
      CRPS: 0.3041
  Reused raw inference: /fslarge/scratch/users/h61084/codes/evaluating_tsfms/outputs/foundation_models/inference/chronos_bolt/univariate/Supply_Chain_Location/D/short/run_0

============================================================
All experiments completed!
Results saved to: /scratch/users/h61084/codes/evaluating_tsfms/outputs/instance_normalization/tasks
============================================================

############################################################
# All datasets completed!
############################################################

############################################################
# Dataset 1/1: azure2019_D/5T
############################################################
Loading configuration...

============================================================
Dataset: azure2019_D/5T
Model: amazon/chronos-bolt-base
Terms: ['short']
Instance normalization: none
============================================================
Loading Chronos-Bolt model: amazon/chronos-bolt-base from /fslarge/scratch/users/h61084/weights/chronos-bolt-base...
[2026-09-27 15:18:26 UTC] resources selected_device {"device": "cuda", "model": "chronos_bolt", "stage": "forecast"}

--- Term: short ---
  Config: prediction_length=288, test_length=864, val_length=864
  Dataset info:
    - Frequency: 5T
    - Num series: 989
    - Target dim: 3
    - Target mode: univariate
    - Series length: min=8073, max=8639, avg=8627.0
    - Test split: 864 steps
    - Prediction length: 288
    - Windows: 3
TIME run allocation action=skip run=/fslarge/scratch/users/h61084/codes/evaluating_tsfms/outputs/foundation_models/inference/chronos_bolt/univariate/azure2019_D/5T/short/run_0 source_launch=selena_20260926T154139Z_65000 launch_id=selena_instance_normalization_20260927T131553Z_36892 slurm_job_id=3584825 launched_at=2026-09-27T15:18:26.845405+00:00
TIME run allocation action=new run=/fslarge/scratch/users/h61084/codes/evaluating_tsfms/outputs/instance_normalization/tasks/chronos_bolt/normalization/none/univariate/azure2019_D/5T/short/run_0 launch_id=selena_instance_normalization_20260927T131553Z_36892 slurm_job_id=3584825 launched_at=2026-09-27T15:18:27.330170+00:00
    Total instances: 8901, Series during experiment: 2967, Windows: 3
    Collecting ground truth and context...
    Detected to_univariate case: 2967 flat series -> 989 series x 3 variates
    Organizing data into arrays...
    Saved predictions (quantiles) to /fslarge/scratch/users/h61084/codes/evaluating_tsfms/outputs/instance_normalization/tasks/chronos_bolt/normalization/none/univariate/azure2019_D/5T/short/run_0/predictions.npz
    Computing per-window metrics...
    Saved metrics to /fslarge/scratch/users/h61084/codes/evaluating_tsfms/outputs/instance_normalization/tasks/chronos_bolt/normalization/none/univariate/azure2019_D/5T/short/run_0/metrics.npz
    Saved config to /fslarge/scratch/users/h61084/codes/evaluating_tsfms/outputs/instance_normalization/tasks/chronos_bolt/normalization/none/univariate/azure2019_D/5T/short/run_0/config.json
    Saved aggregate metrics to /fslarge/scratch/users/h61084/codes/evaluating_tsfms/outputs/instance_normalization/tasks/chronos_bolt/normalization/none/univariate/azure2019_D/5T/short/run_0/metrics_summary.json
    Metrics summary (averaged over all series/windows/variates):
      MSE: 62.9263
      MAE: 2.9807
      RMSE: 4.0452
      MAPE: 0.2409
      sMAPE: 0.1939
      MASE: 0.8068
      ND: 0.1994
      CRPS: 0.1641
  Reused raw inference: /fslarge/scratch/users/h61084/codes/evaluating_tsfms/outputs/foundation_models/inference/chronos_bolt/univariate/azure2019_D/5T/short/run_0

============================================================
All experiments completed!
Results saved to: /scratch/users/h61084/codes/evaluating_tsfms/outputs/instance_normalization/tasks
============================================================

############################################################
# All datasets completed!
############################################################

############################################################
# Dataset 1/1: azure2019_I/5T
############################################################
Loading configuration...

============================================================
Dataset: azure2019_I/5T
Model: amazon/chronos-bolt-base
Terms: ['short']
Instance normalization: none
============================================================
Loading Chronos-Bolt model: amazon/chronos-bolt-base from /fslarge/scratch/users/h61084/weights/chronos-bolt-base...
[2026-09-27 15:18:41 UTC] resources selected_device {"device": "cuda", "model": "chronos_bolt", "stage": "forecast"}

--- Term: short ---
  Config: prediction_length=288, test_length=864, val_length=864
  Dataset info:
    - Frequency: 5T
    - Num series: 492
    - Target dim: 3
    - Target mode: univariate
    - Series length: min=8250, max=8639, avg=8630.4
    - Test split: 864 steps
    - Prediction length: 288
    - Windows: 3
TIME run allocation action=skip run=/fslarge/scratch/users/h61084/codes/evaluating_tsfms/outputs/foundation_models/inference/chronos_bolt/univariate/azure2019_I/5T/short/run_0 source_launch=selena_20260926T154139Z_65000 launch_id=selena_instance_normalization_20260927T131553Z_36892 slurm_job_id=3584825 launched_at=2026-09-27T15:18:42.046191+00:00
TIME run allocation action=new run=/fslarge/scratch/users/h61084/codes/evaluating_tsfms/outputs/instance_normalization/tasks/chronos_bolt/normalization/none/univariate/azure2019_I/5T/short/run_0 launch_id=selena_instance_normalization_20260927T131553Z_36892 slurm_job_id=3584825 launched_at=2026-09-27T15:18:42.319396+00:00
    Total instances: 4428, Series during experiment: 1476, Windows: 3
    Collecting ground truth and context...
    Detected to_univariate case: 1476 flat series -> 492 series x 3 variates
    Organizing data into arrays...
    Saved predictions (quantiles) to /fslarge/scratch/users/h61084/codes/evaluating_tsfms/outputs/instance_normalization/tasks/chronos_bolt/normalization/none/univariate/azure2019_I/5T/short/run_0/predictions.npz
    Computing per-window metrics...
    Saved metrics to /fslarge/scratch/users/h61084/codes/evaluating_tsfms/outputs/instance_normalization/tasks/chronos_bolt/normalization/none/univariate/azure2019_I/5T/short/run_0/metrics.npz
    Saved config to /fslarge/scratch/users/h61084/codes/evaluating_tsfms/outputs/instance_normalization/tasks/chronos_bolt/normalization/none/univariate/azure2019_I/5T/short/run_0/config.json
    Saved aggregate metrics to /fslarge/scratch/users/h61084/codes/evaluating_tsfms/outputs/instance_normalization/tasks/chronos_bolt/normalization/none/univariate/azure2019_I/5T/short/run_0/metrics_summary.json
    Metrics summary (averaged over all series/windows/variates):
      MSE: 53.7407
      MAE: 2.5716
      RMSE: 3.6391
      MAPE: 0.2263
      sMAPE: 0.1742
      MASE: 0.7880
      ND: 0.1796
      CRPS: 0.1459
  Reused raw inference: /fslarge/scratch/users/h61084/codes/evaluating_tsfms/outputs/foundation_models/inference/chronos_bolt/univariate/azure2019_I/5T/short/run_0

============================================================
All experiments completed!
Results saved to: /scratch/users/h61084/codes/evaluating_tsfms/outputs/instance_normalization/tasks
============================================================

############################################################
# All datasets completed!
############################################################

############################################################
# Dataset 1/1: azure2019_U/5T
############################################################
Loading configuration...

============================================================
Dataset: azure2019_U/5T
Model: amazon/chronos-bolt-base
Terms: ['short']
Instance normalization: none
============================================================
Loading Chronos-Bolt model: amazon/chronos-bolt-base from /fslarge/scratch/users/h61084/weights/chronos-bolt-base...
[2026-09-27 15:18:53 UTC] resources selected_device {"device": "cuda", "model": "chronos_bolt", "stage": "forecast"}

--- Term: short ---
  Config: prediction_length=48, test_length=288, val_length=96
  Dataset info:
    - Frequency: 5T
    - Num series: 78
    - Target dim: 3
    - Target mode: univariate
    - Series length: min=882, max=2006, avg=1406.1
    - Test split: 288 steps
    - Prediction length: 48
    - Windows: 6
TIME run allocation action=skip run=/fslarge/scratch/users/h61084/codes/evaluating_tsfms/outputs/foundation_models/inference/chronos_bolt/univariate/azure2019_U/5T/short/run_0 source_launch=selena_20260926T154139Z_65000 launch_id=selena_instance_normalization_20260927T131553Z_36892 slurm_job_id=3584825 launched_at=2026-09-27T15:18:54.176848+00:00
TIME run allocation action=new run=/fslarge/scratch/users/h61084/codes/evaluating_tsfms/outputs/instance_normalization/tasks/chronos_bolt/normalization/none/univariate/azure2019_U/5T/short/run_0 launch_id=selena_instance_normalization_20260927T131553Z_36892 slurm_job_id=3584825 launched_at=2026-09-27T15:18:54.197929+00:00
    Total instances: 1404, Series during experiment: 234, Windows: 6
    Collecting ground truth and context...
    Detected to_univariate case: 234 flat series -> 78 series x 3 variates
    Organizing data into arrays...
    Saved predictions (quantiles) to /fslarge/scratch/users/h61084/codes/evaluating_tsfms/outputs/instance_normalization/tasks/chronos_bolt/normalization/none/univariate/azure2019_U/5T/short/run_0/predictions.npz
    Computing per-window metrics...
    Saved metrics to /fslarge/scratch/users/h61084/codes/evaluating_tsfms/outputs/instance_normalization/tasks/chronos_bolt/normalization/none/univariate/azure2019_U/5T/short/run_0/metrics.npz
    Saved config to /fslarge/scratch/users/h61084/codes/evaluating_tsfms/outputs/instance_normalization/tasks/chronos_bolt/normalization/none/univariate/azure2019_U/5T/short/run_0/config.json
    Saved aggregate metrics to /fslarge/scratch/users/h61084/codes/evaluating_tsfms/outputs/instance_normalization/tasks/chronos_bolt/normalization/none/univariate/azure2019_U/5T/short/run_0/metrics_summary.json
    Metrics summary (averaged over all series/windows/variates):
      MSE: 71.6663
      MAE: 2.6218
      RMSE: 3.5617
      MAPE: 0.4058
      sMAPE: 0.2047
      MASE: 0.7730
      ND: 0.2184
      CRPS: 0.1794
  Reused raw inference: /fslarge/scratch/users/h61084/codes/evaluating_tsfms/outputs/foundation_models/inference/chronos_bolt/univariate/azure2019_U/5T/short/run_0

============================================================
All experiments completed!
Results saved to: /scratch/users/h61084/codes/evaluating_tsfms/outputs/instance_normalization/tasks
============================================================

############################################################
# All datasets completed!
############################################################

############################################################
# Dataset 1/1: Smart_Manufacturing/H
############################################################
Loading configuration...

============================================================
Dataset: Smart_Manufacturing/H
Model: amazon/chronos-bolt-base
Terms: ['short', 'medium', 'long']
Instance normalization: none
============================================================
Loading Chronos-Bolt model: amazon/chronos-bolt-base from /fslarge/scratch/users/h61084/weights/chronos-bolt-base...
[2026-09-27 15:19:03 UTC] resources selected_device {"device": "cuda", "model": "chronos_bolt", "stage": "forecast"}

--- Term: short ---
  Config: prediction_length=24, test_length=336, val_length=336
  Dataset info:
    - Frequency: H
    - Num series: 34
    - Target dim: 5
    - Target mode: univariate
    - Series length: min=1661, max=1667, avg=1665.9
    - Test split: 336 steps
    - Prediction length: 24
    - Windows: 14
TIME run allocation action=skip run=/fslarge/scratch/users/h61084/codes/evaluating_tsfms/outputs/foundation_models/inference/chronos_bolt/univariate/Smart_Manufacturing/H/short/run_0 source_launch=selena_20260926T154139Z_65000 launch_id=selena_instance_normalization_20260927T131553Z_36892 slurm_job_id=3584825 launched_at=2026-09-27T15:19:03.795573+00:00
TIME run allocation action=new run=/fslarge/scratch/users/h61084/codes/evaluating_tsfms/outputs/instance_normalization/tasks/chronos_bolt/normalization/none/univariate/Smart_Manufacturing/H/short/run_0 launch_id=selena_instance_normalization_20260927T131553Z_36892 slurm_job_id=3584825 launched_at=2026-09-27T15:19:03.814195+00:00
    Total instances: 2380, Series during experiment: 170, Windows: 14
    Collecting ground truth and context...
    Detected to_univariate case: 170 flat series -> 34 series x 5 variates
    Organizing data into arrays...
    Saved predictions (quantiles) to /fslarge/scratch/users/h61084/codes/evaluating_tsfms/outputs/instance_normalization/tasks/chronos_bolt/normalization/none/univariate/Smart_Manufacturing/H/short/run_0/predictions.npz
    Computing per-window metrics...
    Saved metrics to /fslarge/scratch/users/h61084/codes/evaluating_tsfms/outputs/instance_normalization/tasks/chronos_bolt/normalization/none/univariate/Smart_Manufacturing/H/short/run_0/metrics.npz
    Saved config to /fslarge/scratch/users/h61084/codes/evaluating_tsfms/outputs/instance_normalization/tasks/chronos_bolt/normalization/none/univariate/Smart_Manufacturing/H/short/run_0/config.json
    Saved aggregate metrics to /fslarge/scratch/users/h61084/codes/evaluating_tsfms/outputs/instance_normalization/tasks/chronos_bolt/normalization/none/univariate/Smart_Manufacturing/H/short/run_0/metrics_summary.json
    Metrics summary (averaged over all series/windows/variates):
      MSE: 79.1682
      MAE: 5.7509
      RMSE: 7.1013
      MAPE: 0.3446
      sMAPE: 0.2264
      MASE: 0.7167
      ND: 0.2186
      CRPS: 0.1675
  Reused raw inference: /fslarge/scratch/users/h61084/codes/evaluating_tsfms/outputs/foundation_models/inference/chronos_bolt/univariate/Smart_Manufacturing/H/short/run_0

--- Term: medium ---
  Config: prediction_length=168, test_length=336, val_length=336
  Dataset info:
    - Frequency: H
    - Num series: 34
    - Target dim: 5
    - Target mode: univariate
    - Series length: min=1661, max=1667, avg=1665.9
    - Test split: 336 steps
    - Prediction length: 168
    - Windows: 2
TIME run allocation action=skip run=/fslarge/scratch/users/h61084/codes/evaluating_tsfms/outputs/foundation_models/inference/chronos_bolt/univariate/Smart_Manufacturing/H/medium/run_0 source_launch=selena_20260926T154139Z_65000 launch_id=selena_instance_normalization_20260927T131553Z_36892 slurm_job_id=3584825 launched_at=2026-09-27T15:19:04.468424+00:00
TIME run allocation action=new run=/fslarge/scratch/users/h61084/codes/evaluating_tsfms/outputs/instance_normalization/tasks/chronos_bolt/normalization/none/univariate/Smart_Manufacturing/H/medium/run_0 launch_id=selena_instance_normalization_20260927T131553Z_36892 slurm_job_id=3584825 launched_at=2026-09-27T15:19:04.484508+00:00
    Total instances: 340, Series during experiment: 170, Windows: 2
    Collecting ground truth and context...
    Detected to_univariate case: 170 flat series -> 34 series x 5 variates
    Organizing data into arrays...
    Saved predictions (quantiles) to /fslarge/scratch/users/h61084/codes/evaluating_tsfms/outputs/instance_normalization/tasks/chronos_bolt/normalization/none/univariate/Smart_Manufacturing/H/medium/run_0/predictions.npz
    Computing per-window metrics...
    Saved metrics to /fslarge/scratch/users/h61084/codes/evaluating_tsfms/outputs/instance_normalization/tasks/chronos_bolt/normalization/none/univariate/Smart_Manufacturing/H/medium/run_0/metrics.npz
    Saved config to /fslarge/scratch/users/h61084/codes/evaluating_tsfms/outputs/instance_normalization/tasks/chronos_bolt/normalization/none/univariate/Smart_Manufacturing/H/medium/run_0/config.json
    Saved aggregate metrics to /fslarge/scratch/users/h61084/codes/evaluating_tsfms/outputs/instance_normalization/tasks/chronos_bolt/normalization/none/univariate/Smart_Manufacturing/H/medium/run_0/metrics_summary.json
    Metrics summary (averaged over all series/windows/variates):
      MSE: 78.6815
      MAE: 5.7346
      RMSE: 7.1633
      MAPE: 0.3461
      sMAPE: 0.2259
      MASE: 0.7140
      ND: 0.2162
      CRPS: 0.1686
  Reused raw inference: /fslarge/scratch/users/h61084/codes/evaluating_tsfms/outputs/foundation_models/inference/chronos_bolt/univariate/Smart_Manufacturing/H/medium/run_0

--- Term: long ---
  Config: prediction_length=336, test_length=336, val_length=336
  Dataset info:
    - Frequency: H
    - Num series: 34
    - Target dim: 5
    - Target mode: univariate
    - Series length: min=1661, max=1667, avg=1665.9
    - Test split: 336 steps
    - Prediction length: 336
    - Windows: 1
TIME run allocation action=skip run=/fslarge/scratch/users/h61084/codes/evaluating_tsfms/outputs/foundation_models/inference/chronos_bolt/univariate/Smart_Manufacturing/H/long/run_0 source_launch=selena_20260926T154139Z_65000 launch_id=selena_instance_normalization_20260927T131553Z_36892 slurm_job_id=3584825 launched_at=2026-09-27T15:19:04.645837+00:00
TIME run allocation action=new run=/fslarge/scratch/users/h61084/codes/evaluating_tsfms/outputs/instance_normalization/tasks/chronos_bolt/normalization/none/univariate/Smart_Manufacturing/H/long/run_0 launch_id=selena_instance_normalization_20260927T131553Z_36892 slurm_job_id=3584825 launched_at=2026-09-27T15:19:04.661977+00:00
    Total instances: 170, Series during experiment: 170, Windows: 1
    Collecting ground truth and context...
    Detected to_univariate case: 170 flat series -> 34 series x 5 variates
    Organizing data into arrays...
    Saved predictions (quantiles) to /fslarge/scratch/users/h61084/codes/evaluating_tsfms/outputs/instance_normalization/tasks/chronos_bolt/normalization/none/univariate/Smart_Manufacturing/H/long/run_0/predictions.npz
    Computing per-window metrics...
    Saved metrics to /fslarge/scratch/users/h61084/codes/evaluating_tsfms/outputs/instance_normalization/tasks/chronos_bolt/normalization/none/univariate/Smart_Manufacturing/H/long/run_0/metrics.npz
    Saved config to /fslarge/scratch/users/h61084/codes/evaluating_tsfms/outputs/instance_normalization/tasks/chronos_bolt/normalization/none/univariate/Smart_Manufacturing/H/long/run_0/config.json
    Saved aggregate metrics to /fslarge/scratch/users/h61084/codes/evaluating_tsfms/outputs/instance_normalization/tasks/chronos_bolt/normalization/none/univariate/Smart_Manufacturing/H/long/run_0/metrics_summary.json
    Metrics summary (averaged over all series/windows/variates):
      MSE: 78.7499
      MAE: 5.7349
      RMSE: 7.1749
      MAPE: 0.3493
      sMAPE: 0.2259
      MASE: 0.7137
      ND: 0.2162
      CRPS: 0.1739
  Reused raw inference: /fslarge/scratch/users/h61084/codes/evaluating_tsfms/outputs/foundation_models/inference/chronos_bolt/univariate/Smart_Manufacturing/H/long/run_0

============================================================
All experiments completed!
Results saved to: /scratch/users/h61084/codes/evaluating_tsfms/outputs/instance_normalization/tasks
============================================================

############################################################
# All datasets completed!
############################################################

############################################################
# Dataset 1/1: MetroPT-3/5T
############################################################
Loading configuration...

============================================================
Dataset: MetroPT-3/5T
Model: amazon/chronos-bolt-base
Terms: ['short', 'medium', 'long']
Instance normalization: none
============================================================
Loading Chronos-Bolt model: amazon/chronos-bolt-base from /fslarge/scratch/users/h61084/weights/chronos-bolt-base...
[2026-09-27 15:19:13 UTC] resources selected_device {"device": "cuda", "model": "chronos_bolt", "stage": "forecast"}

--- Term: short ---
  Config: prediction_length=48, test_length=1728, val_length=1728
  Dataset info:
    - Frequency: 5T
    - Num series: 1
    - Target dim: 6
    - Target mode: univariate
    - Series length: min=17809, max=17809, avg=17809.0
    - Test split: 1728 steps
    - Prediction length: 48
    - Windows: 36
TIME run allocation action=skip run=/fslarge/scratch/users/h61084/codes/evaluating_tsfms/outputs/foundation_models/inference/chronos_bolt/univariate/MetroPT-3/5T/short/run_0 source_launch=selena_20260926T154139Z_65000 launch_id=selena_instance_normalization_20260927T131553Z_36892 slurm_job_id=3584825 launched_at=2026-09-27T15:19:13.931620+00:00
TIME run allocation action=new run=/fslarge/scratch/users/h61084/codes/evaluating_tsfms/outputs/instance_normalization/tasks/chronos_bolt/normalization/none/univariate/MetroPT-3/5T/short/run_0 launch_id=selena_instance_normalization_20260927T131553Z_36892 slurm_job_id=3584825 launched_at=2026-09-27T15:19:13.941762+00:00
    Total instances: 216, Series during experiment: 6, Windows: 36
    Collecting ground truth and context...
    Detected to_univariate case: 6 flat series -> 1 series x 6 variates
    Organizing data into arrays...
    Saved predictions (quantiles) to /fslarge/scratch/users/h61084/codes/evaluating_tsfms/outputs/instance_normalization/tasks/chronos_bolt/normalization/none/univariate/MetroPT-3/5T/short/run_0/predictions.npz
    Computing per-window metrics...
    Saved metrics to /fslarge/scratch/users/h61084/codes/evaluating_tsfms/outputs/instance_normalization/tasks/chronos_bolt/normalization/none/univariate/MetroPT-3/5T/short/run_0/metrics.npz
    Saved config to /fslarge/scratch/users/h61084/codes/evaluating_tsfms/outputs/instance_normalization/tasks/chronos_bolt/normalization/none/univariate/MetroPT-3/5T/short/run_0/config.json
    Saved aggregate metrics to /fslarge/scratch/users/h61084/codes/evaluating_tsfms/outputs/instance_normalization/tasks/chronos_bolt/normalization/none/univariate/MetroPT-3/5T/short/run_0/metrics_summary.json
    Metrics summary (averaged over all series/windows/variates):
      MSE: 3.5402
      MAE: 1.1859
      RMSE: 1.5190
      MAPE: 5.0638
      sMAPE: 0.4972
      MASE: 0.6495
      ND: 0.3394
      CRPS: 0.2533
  Reused raw inference: /fslarge/scratch/users/h61084/codes/evaluating_tsfms/outputs/foundation_models/inference/chronos_bolt/univariate/MetroPT-3/5T/short/run_0

--- Term: medium ---
  Config: prediction_length=288, test_length=1728, val_length=1728
  Dataset info:
    - Frequency: 5T
    - Num series: 1
    - Target dim: 6
    - Target mode: univariate
    - Series length: min=17809, max=17809, avg=17809.0
    - Test split: 1728 steps
    - Prediction length: 288
    - Windows: 6
TIME run allocation action=skip run=/fslarge/scratch/users/h61084/codes/evaluating_tsfms/outputs/foundation_models/inference/chronos_bolt/univariate/MetroPT-3/5T/medium/run_0 source_launch=selena_20260926T154139Z_65000 launch_id=selena_instance_normalization_20260927T131553Z_36892 slurm_job_id=3584825 launched_at=2026-09-27T15:19:14.063982+00:00
TIME run allocation action=new run=/fslarge/scratch/users/h61084/codes/evaluating_tsfms/outputs/instance_normalization/tasks/chronos_bolt/normalization/none/univariate/MetroPT-3/5T/medium/run_0 launch_id=selena_instance_normalization_20260927T131553Z_36892 slurm_job_id=3584825 launched_at=2026-09-27T15:19:14.072343+00:00
    Total instances: 36, Series during experiment: 6, Windows: 6
    Collecting ground truth and context...
    Detected to_univariate case: 6 flat series -> 1 series x 6 variates
    Organizing data into arrays...
    Saved predictions (quantiles) to /fslarge/scratch/users/h61084/codes/evaluating_tsfms/outputs/instance_normalization/tasks/chronos_bolt/normalization/none/univariate/MetroPT-3/5T/medium/run_0/predictions.npz
    Computing per-window metrics...
    Saved metrics to /fslarge/scratch/users/h61084/codes/evaluating_tsfms/outputs/instance_normalization/tasks/chronos_bolt/normalization/none/univariate/MetroPT-3/5T/medium/run_0/metrics.npz
    Saved config to /fslarge/scratch/users/h61084/codes/evaluating_tsfms/outputs/instance_normalization/tasks/chronos_bolt/normalization/none/univariate/MetroPT-3/5T/medium/run_0/config.json
    Saved aggregate metrics to /fslarge/scratch/users/h61084/codes/evaluating_tsfms/outputs/instance_normalization/tasks/chronos_bolt/normalization/none/univariate/MetroPT-3/5T/medium/run_0/metrics_summary.json
    Metrics summary (averaged over all series/windows/variates):
      MSE: 3.4239
      MAE: 1.2081
      RMSE: 1.5178
      MAPE: 7.1321
      sMAPE: 0.4817
      MASE: 0.6856
      ND: 0.3474
      CRPS: 0.2611
  Reused raw inference: /fslarge/scratch/users/h61084/codes/evaluating_tsfms/outputs/foundation_models/inference/chronos_bolt/univariate/MetroPT-3/5T/medium/run_0

--- Term: long ---
  Config: prediction_length=576, test_length=1728, val_length=1728
  Dataset info:
    - Frequency: 5T
    - Num series: 1
    - Target dim: 6
    - Target mode: univariate
    - Series length: min=17809, max=17809, avg=17809.0
    - Test split: 1728 steps
    - Prediction length: 576
    - Windows: 3
TIME run allocation action=skip run=/fslarge/scratch/users/h61084/codes/evaluating_tsfms/outputs/foundation_models/inference/chronos_bolt/univariate/MetroPT-3/5T/long/run_0 source_launch=selena_20260926T154139Z_65000 launch_id=selena_instance_normalization_20260927T131553Z_36892 slurm_job_id=3584825 launched_at=2026-09-27T15:19:14.138167+00:00
TIME run allocation action=new run=/fslarge/scratch/users/h61084/codes/evaluating_tsfms/outputs/instance_normalization/tasks/chronos_bolt/normalization/none/univariate/MetroPT-3/5T/long/run_0 launch_id=selena_instance_normalization_20260927T131553Z_36892 slurm_job_id=3584825 launched_at=2026-09-27T15:19:14.146352+00:00
    Total instances: 18, Series during experiment: 6, Windows: 3
    Collecting ground truth and context...
    Detected to_univariate case: 6 flat series -> 1 series x 6 variates
    Organizing data into arrays...
    Saved predictions (quantiles) to /fslarge/scratch/users/h61084/codes/evaluating_tsfms/outputs/instance_normalization/tasks/chronos_bolt/normalization/none/univariate/MetroPT-3/5T/long/run_0/predictions.npz
    Computing per-window metrics...
    Saved metrics to /fslarge/scratch/users/h61084/codes/evaluating_tsfms/outputs/instance_normalization/tasks/chronos_bolt/normalization/none/univariate/MetroPT-3/5T/long/run_0/metrics.npz
    Saved config to /fslarge/scratch/users/h61084/codes/evaluating_tsfms/outputs/instance_normalization/tasks/chronos_bolt/normalization/none/univariate/MetroPT-3/5T/long/run_0/config.json
    Saved aggregate metrics to /fslarge/scratch/users/h61084/codes/evaluating_tsfms/outputs/instance_normalization/tasks/chronos_bolt/normalization/none/univariate/MetroPT-3/5T/long/run_0/metrics_summary.json
    Metrics summary (averaged over all series/windows/variates):
      MSE: 3.3339
      MAE: 1.2067
      RMSE: 1.5065
      MAPE: 6.7195
      sMAPE: 0.4852
      MASE: 0.6948
      ND: 0.3485
      CRPS: 0.2770
  Reused raw inference: /fslarge/scratch/users/h61084/codes/evaluating_tsfms/outputs/foundation_models/inference/chronos_bolt/univariate/MetroPT-3/5T/long/run_0

============================================================
All experiments completed!
Results saved to: /scratch/users/h61084/codes/evaluating_tsfms/outputs/instance_normalization/tasks
============================================================

############################################################
# All datasets completed!
############################################################
2026-09-27 17:19:14 | task model=chronos_bolt runner=run_chronos_bolt.sh environment=uv covariate_mode=none target_mode=auto context_length=model_default instance_normalization=none completed status=success
2026-09-27 17:19:14 | stage evaluate completed status=success
2026-09-27 17:19:15 | workflow instance_normalization completed status=success exit_code=0
