[2026-09-27 15:31:44 UTC] resources allocation {"CUDA_VISIBLE_DEVICES": "0", "SLURM_CPUS_PER_TASK": "2", "SLURM_JOB_GPUS": "0,1,2,3", "SLURM_JOB_ID": "3584831", "SLURM_MEM_PER_CPU": "unset", "SLURM_MEM_PER_NODE": "16000", "SLURM_STEP_GPUS": "0", "SLURM_STEP_ID": "0", "TIME_DEVICE": "unset", "cpu_count": 2, "host": "sean0002"}
[2026-09-27 15:31:44 UTC] resources RAM {"MemAvailable_MiB": 371453.8984375, "MemTotal_MiB": 386622.87109375, "cgroup_reason": "memory.max is unlimited", "cgroup_status": "unlimited"}
[2026-09-27 15:31:44 UTC] resources nvidia_inventory {"columns": "index,uuid,name,driver,total_MiB,free_MiB,used_MiB", "devices": ["0, GPU-bba3a23f-18bb-dc1e-ae14-b380837a9165, NVIDIA H100 NVL, 560.35.05, 95830, 95350, 1"]}
[2026-09-27 15:31:46 UTC] resources torch {"cuda_available": true, "note": "visibility probe; CPU-only stages need not use an allocated GPU", "version": "2.9.1+cu128", "visible_gpu_count": 1}
[2026-09-27 15:31:46 UTC] resources cuda_device {"capability": "9.0", "free_MiB": 94825.125, "logical_index": 0, "name": "NVIDIA H100 NVL", "total_MiB": 95350.1875}
2026-09-27 17:31:47 | workflow instance_normalization_summary started launch_id=selena_instance_normalization_20260927T131553Z_36892 task=macro_mase_timing_and_plots slurm_job_id=3584831 slurm_array_job_id=none slurm_array_task_id=none
2026-09-27 17:31:47 | stage summarize started
2026-09-27 17:31:47 | task foundation_ablation experiment=instance_normalization outputs=/scratch/users/h61084/codes/evaluating_tsfms/outputs/reports/instance_normalization/selena_instance_normalization_20260927T131553Z_36892 started
[2026-09-27 15:31:47 UTC] resources selected_device {"component": "foundation_summary", "device": "cpu", "stage": "report"}
Foundation-model summary written to /scratch/users/h61084/codes/evaluating_tsfms/outputs/reports/instance_normalization/selena_instance_normalization_20260927T131553Z_36892/foundation_model_summary.csv and /scratch/users/h61084/codes/evaluating_tsfms/outputs/reports/instance_normalization/selena_instance_normalization_20260927T131553Z_36892/foundation_model_summary.md

ts_icl__experiment_config.instance_normalization-none__pipeline_config.raw_inference.completed_at-2026-09-26T16_23_54.550901_00_00/univariate state=completed  scaled_MASE=0.357783  inference=0.423s  coverage=1/1 timed tasks, 21/21/21 finite/grid/total MASE values
ts_icl__experiment_config.instance_normalization-zscore__pipeline_config.raw_inference.completed_at-2026-09-27T14_53_40.229664_00_00/univariate state=completed  scaled_MASE=0.357783  inference=0.416s  coverage=1/1 timed tasks, 21/21/21 finite/grid/total MASE values
chronos2__experiment_config.instance_normalization-zscore__pipeline_config.raw_inference.completed_at-2026-09-27T14_15_41.838054_00_00/multivariate state=completed  scaled_MASE=0.359569  inference=0.284s  coverage=1/1 timed tasks, 21/21/21 finite/grid/total MASE values
chronos2__experiment_config.instance_normalization-none__pipeline_config.raw_inference.completed_at-2026-09-26T15_54_57.246214_00_00/multivariate state=completed  scaled_MASE=0.359569  inference=0.188s  coverage=1/1 timed tasks, 21/21/21 finite/grid/total MASE values
chronos2__experiment_config.instance_normalization-zscore__pipeline_config.raw_inference.completed_at-2026-09-27T14_17_34.914373_00_00/multivariate state=completed  scaled_MASE=0.362935  inference=0.624s  coverage=1/1 timed tasks, 432/432/432 finite/grid/total MASE values
chronos2__experiment_config.instance_normalization-none__pipeline_config.raw_inference.completed_at-2026-09-26T15_56_49.384839_00_00/multivariate state=completed  scaled_MASE=0.362935  inference=0.623s  coverage=1/1 timed tasks, 432/432/432 finite/grid/total MASE values
chronos2__experiment_config.instance_normalization-zscore__pipeline_config.raw_inference.completed_at-2026-09-27T14_11_40.244871_00_00/multivariate state=completed  scaled_MASE=0.374456  inference=8.348s  coverage=1/1 timed tasks, 1680/1680/1680 finite/grid/total MASE values
chronos2__experiment_config.instance_normalization-none__pipeline_config.raw_inference.completed_at-2026-09-26T15_50_56.705854_00_00/multivariate state=completed  scaled_MASE=0.374456  inference=8.477s  coverage=1/1 timed tasks, 1680/1680/1680 finite/grid/total MASE values
chronos2__experiment_config.instance_normalization-zscore__pipeline_config.raw_inference.completed_at-2026-09-27T14_17_25.127440_00_00/univariate state=completed  scaled_MASE=0.375338  inference=0.209s  coverage=1/1 timed tasks, 6/6/6 finite/grid/total MASE values
chronos2__experiment_config.instance_normalization-none__pipeline_config.raw_inference.completed_at-2026-09-26T15_56_39.615774_00_00/univariate state=completed  scaled_MASE=0.375338  inference=0.210s  coverage=1/1 timed tasks, 6/6/6 finite/grid/total MASE values
chronos2__experiment_config.instance_normalization-none__pipeline_config.raw_inference.completed_at-2026-09-26T15_49_05.643932_00_00/multivariate state=completed  scaled_MASE=0.378429  inference=1.715s  coverage=1/1 timed tasks, 360/360/360 finite/grid/total MASE values
chronos2__experiment_config.instance_normalization-zscore__pipeline_config.raw_inference.completed_at-2026-09-27T14_09_53.373880_00_00/multivariate state=completed  scaled_MASE=0.378429  inference=1.778s  coverage=1/1 timed tasks, 360/360/360 finite/grid/total MASE values
chronos_bolt__experiment_config.instance_normalization-zscore__pipeline_config.raw_inference.completed_at-2026-09-27T15_21_33.110682_00_00/univariate state=completed  scaled_MASE=0.381658  inference=0.226s  coverage=1/1 timed tasks, 6/6/6 finite/grid/total MASE values
chronos_bolt__experiment_config.instance_normalization-none__pipeline_config.raw_inference.completed_at-2026-09-26T15_57_44.023468_00_00/univariate state=completed  scaled_MASE=0.381658  inference=0.227s  coverage=1/1 timed tasks, 6/6/6 finite/grid/total MASE values
chronos2__experiment_config.instance_normalization-zscore__pipeline_config.raw_inference.completed_at-2026-09-27T14_13_22.374683_00_00/univariate state=completed  scaled_MASE=0.392813  inference=74.202s  coverage=1/1 timed tasks, 14868/14868/14868 finite/grid/total MASE values
chronos2__experiment_config.instance_normalization-none__pipeline_config.raw_inference.completed_at-2026-09-26T15_52_38.199887_00_00/univariate state=completed  scaled_MASE=0.392813  inference=73.499s  coverage=1/1 timed tasks, 14868/14868/14868 finite/grid/total MASE values
ts_icl__experiment_config.instance_normalization-zscore__pipeline_config.raw_inference.completed_at-2026-09-27T14_54_36.702080_00_00/univariate state=completed  scaled_MASE=0.396801  inference=0.240s  coverage=1/1 timed tasks, 6/6/6 finite/grid/total MASE values
ts_icl__experiment_config.instance_normalization-none__pipeline_config.raw_inference.completed_at-2026-09-26T16_24_51.108817_00_00/univariate state=completed  scaled_MASE=0.396801  inference=0.235s  coverage=1/1 timed tasks, 6/6/6 finite/grid/total MASE values
ts_icl__experiment_config.instance_normalization-none__pipeline_config.raw_inference.completed_at-2026-09-26T16_25_02.734529_00_00/univariate state=completed  scaled_MASE=0.400153  inference=7.479s  coverage=1/1 timed tasks, 432/432/432 finite/grid/total MASE values
ts_icl__experiment_config.instance_normalization-zscore__pipeline_config.raw_inference.completed_at-2026-09-27T14_54_48.384050_00_00/univariate state=completed  scaled_MASE=0.400153  inference=7.530s  coverage=1/1 timed tasks, 432/432/432 finite/grid/total MASE values
chronos_bolt__experiment_config.instance_normalization-none__pipeline_config.raw_inference.completed_at-2026-09-26T15_57_54.164063_00_00/univariate state=completed  scaled_MASE=0.402221  inference=0.891s  coverage=1/1 timed tasks, 432/432/432 finite/grid/total MASE values
chronos_bolt__experiment_config.instance_normalization-zscore__pipeline_config.raw_inference.completed_at-2026-09-27T15_21_43.220715_00_00/univariate state=completed  scaled_MASE=0.402221  inference=0.901s  coverage=1/1 timed tasks, 432/432/432 finite/grid/total MASE values
chronos2__experiment_config.instance_normalization-zscore__pipeline_config.raw_inference.completed_at-2026-09-27T14_04_42.473723_00_00/multivariate state=completed  scaled_MASE=0.407105  inference=3.548s  coverage=1/1 timed tasks, 720/720/720 finite/grid/total MASE values
chronos2__experiment_config.instance_normalization-none__pipeline_config.raw_inference.completed_at-2026-09-26T15_43_56.445281_00_00/multivariate state=completed  scaled_MASE=0.407105  inference=3.526s  coverage=1/1 timed tasks, 720/720/720 finite/grid/total MASE values
ts_icl__experiment_config.instance_normalization-zscore__pipeline_config.raw_inference.completed_at-2026-09-27T14_42_56.129078_00_00/univariate state=completed  scaled_MASE=0.415164  inference=40.530s  coverage=1/1 timed tasks, 1680/1680/1680 finite/grid/total MASE values
ts_icl__experiment_config.instance_normalization-none__pipeline_config.raw_inference.completed_at-2026-09-26T16_13_14.902402_00_00/univariate state=completed  scaled_MASE=0.415164  inference=40.016s  coverage=1/1 timed tasks, 1680/1680/1680 finite/grid/total MASE values
chronos2__experiment_config.instance_normalization-none__pipeline_config.raw_inference.completed_at-2026-09-26T15_56_59.410157_00_00/multivariate state=completed  scaled_MASE=0.424066  inference=0.802s  coverage=1/1 timed tasks, 612/612/612 finite/grid/total MASE values
chronos2__experiment_config.instance_normalization-zscore__pipeline_config.raw_inference.completed_at-2026-09-27T14_17_44.941597_00_00/multivariate state=completed  scaled_MASE=0.424066  inference=0.806s  coverage=1/1 timed tasks, 612/612/612 finite/grid/total MASE values
chronos_bolt__experiment_config.instance_normalization-zscore__pipeline_config.raw_inference.completed_at-2026-09-27T15_19_48.015395_00_00/univariate state=completed  scaled_MASE=0.428492  inference=0.255s  coverage=1/1 timed tasks, 21/21/21 finite/grid/total MASE values
chronos_bolt__experiment_config.instance_normalization-none__pipeline_config.raw_inference.completed_at-2026-09-26T15_55_57.614904_00_00/univariate state=completed  scaled_MASE=0.428492  inference=0.251s  coverage=1/1 timed tasks, 21/21/21 finite/grid/total MASE values
ts_icl__experiment_config.instance_normalization-none__pipeline_config.raw_inference.completed_at-2026-09-26T16_19_55.707136_00_00/univariate state=completed  scaled_MASE=0.430538  inference=356.362s  coverage=1/1 timed tasks, 14868/14868/14868 finite/grid/total MASE values
ts_icl__experiment_config.instance_normalization-zscore__pipeline_config.raw_inference.completed_at-2026-09-27T14_49_41.503253_00_00/univariate state=completed  scaled_MASE=0.430538  inference=360.208s  coverage=1/1 timed tasks, 14868/14868/14868 finite/grid/total MASE values
chronos_bolt__experiment_config.instance_normalization-zscore__pipeline_config.raw_inference.completed_at-2026-09-27T15_16_45.257093_00_00/univariate state=completed  scaled_MASE=0.432262  inference=24.012s  coverage=1/1 timed tasks, 14868/14868/14868 finite/grid/total MASE values
chronos_bolt__experiment_config.instance_normalization-none__pipeline_config.raw_inference.completed_at-2026-09-26T15_52_56.939323_00_00/univariate state=completed  scaled_MASE=0.432262  inference=22.856s  coverage=1/1 timed tasks, 14868/14868/14868 finite/grid/total MASE values
ts_icl__experiment_config.instance_normalization-zscore__pipeline_config.raw_inference.completed_at-2026-09-27T14_37_49.554391_00_00/univariate state=completed  scaled_MASE=0.441650  inference=8.796s  coverage=1/1 timed tasks, 360/360/360 finite/grid/total MASE values
ts_icl__experiment_config.instance_normalization-none__pipeline_config.raw_inference.completed_at-2026-09-26T16_08_08.642942_00_00/univariate state=completed  scaled_MASE=0.441650  inference=8.716s  coverage=1/1 timed tasks, 360/360/360 finite/grid/total MASE values
ts_icl__experiment_config.instance_normalization-zscore__pipeline_config.raw_inference.completed_at-2026-09-27T14_15_00.932768_00_00/univariate state=completed  scaled_MASE=0.446640  inference=17.397s  coverage=1/1 timed tasks, 720/720/720 finite/grid/total MASE values
ts_icl__experiment_config.instance_normalization-none__pipeline_config.raw_inference.completed_at-2026-09-26T15_45_23.572457_00_00/univariate state=completed  scaled_MASE=0.446640  inference=17.322s  coverage=1/1 timed tasks, 720/720/720 finite/grid/total MASE values
chronos_bolt__experiment_config.instance_normalization-zscore__pipeline_config.raw_inference.completed_at-2026-09-27T15_15_45.938920_00_00/univariate state=completed  scaled_MASE=0.449536  inference=2.867s  coverage=1/1 timed tasks, 1680/1680/1680 finite/grid/total MASE values
chronos_bolt__experiment_config.instance_normalization-none__pipeline_config.raw_inference.completed_at-2026-09-26T15_51_59.733636_00_00/univariate state=completed  scaled_MASE=0.449536  inference=2.757s  coverage=1/1 timed tasks, 1680/1680/1680 finite/grid/total MASE values
chronos_bolt__experiment_config.instance_normalization-none__pipeline_config.raw_inference.completed_at-2026-09-26T15_58_04.699286_00_00/univariate state=completed  scaled_MASE=0.455691  inference=1.232s  coverage=1/1 timed tasks, 612/612/612 finite/grid/total MASE values
chronos_bolt__experiment_config.instance_normalization-zscore__pipeline_config.raw_inference.completed_at-2026-09-27T15_21_53.759563_00_00/univariate state=completed  scaled_MASE=0.455691  inference=1.204s  coverage=1/1 timed tasks, 612/612/612 finite/grid/total MASE values
ts_icl__experiment_config.instance_normalization-zscore__pipeline_config.raw_inference.completed_at-2026-09-27T14_55_03.203425_00_00/univariate state=completed  scaled_MASE=0.462289  inference=10.538s  coverage=1/1 timed tasks, 612/612/612 finite/grid/total MASE values
ts_icl__experiment_config.instance_normalization-none__pipeline_config.raw_inference.completed_at-2026-09-26T16_25_17.435025_00_00/univariate state=completed  scaled_MASE=0.462289  inference=10.442s  coverage=1/1 timed tasks, 612/612/612 finite/grid/total MASE values
chronos2__experiment_config.instance_normalization-zscore__pipeline_config.raw_inference.completed_at-2026-09-27T14_07_13.580368_00_00/multivariate state=completed  scaled_MASE=0.465378  inference=61.256s  coverage=1/1 timed tasks, 19440/19440/19440 finite/grid/total MASE values
chronos2__experiment_config.instance_normalization-none__pipeline_config.raw_inference.completed_at-2026-09-26T15_46_27.114547_00_00/multivariate state=completed  scaled_MASE=0.465378  inference=61.060s  coverage=1/1 timed tasks, 19440/19440/19440 finite/grid/total MASE values
chronos_bolt__experiment_config.instance_normalization-none__pipeline_config.raw_inference.completed_at-2026-09-26T15_43_53.773511_00_00/univariate state=completed  scaled_MASE=0.473302  inference=1.294s  coverage=1/1 timed tasks, 720/720/720 finite/grid/total MASE values
chronos_bolt__experiment_config.instance_normalization-zscore__pipeline_config.raw_inference.completed_at-2026-09-27T13_55_40.507043_00_00/univariate state=completed  scaled_MASE=0.473302  inference=1.354s  coverage=1/1 timed tasks, 720/720/720 finite/grid/total MASE values
chronos2__experiment_config.instance_normalization-none__pipeline_config.raw_inference.completed_at-2026-09-26T15_47_18.765098_00_00/univariate state=completed  scaled_MASE=0.475787  inference=1.336s  coverage=1/1 timed tasks, 240/240/240 finite/grid/total MASE values
chronos2__experiment_config.instance_normalization-zscore__pipeline_config.raw_inference.completed_at-2026-09-27T14_08_05.271983_00_00/univariate state=completed  scaled_MASE=0.475787  inference=1.354s  coverage=1/1 timed tasks, 240/240/240 finite/grid/total MASE values
chronos_bolt__experiment_config.instance_normalization-none__pipeline_config.raw_inference.completed_at-2026-09-26T15_50_12.641595_00_00/univariate state=completed  scaled_MASE=0.478130  inference=0.751s  coverage=1/1 timed tasks, 360/360/360 finite/grid/total MASE values
chronos_bolt__experiment_config.instance_normalization-zscore__pipeline_config.raw_inference.completed_at-2026-09-27T15_13_57.631465_00_00/univariate state=completed  scaled_MASE=0.478130  inference=0.774s  coverage=1/1 timed tasks, 360/360/360 finite/grid/total MASE values
chronos_bolt__experiment_config.instance_normalization-none__pipeline_config.raw_inference.completed_at-2026-09-26T15_47_48.643530_00_00/univariate state=completed  scaled_MASE=0.479368  inference=0.563s  coverage=1/1 timed tasks, 240/240/240 finite/grid/total MASE values
chronos_bolt__experiment_config.instance_normalization-zscore__pipeline_config.raw_inference.completed_at-2026-09-27T13_59_38.075760_00_00/univariate state=completed  scaled_MASE=0.479368  inference=0.583s  coverage=1/1 timed tasks, 240/240/240 finite/grid/total MASE values
ts_icl__experiment_config.instance_normalization-zscore__pipeline_config.raw_inference.completed_at-2026-09-27T14_32_50.218566_00_00/univariate state=completed  scaled_MASE=0.481506  inference=5.893s  coverage=1/1 timed tasks, 240/240/240 finite/grid/total MASE values
ts_icl__experiment_config.instance_normalization-none__pipeline_config.raw_inference.completed_at-2026-09-26T16_03_10.504315_00_00/univariate state=completed  scaled_MASE=0.481506  inference=5.848s  coverage=1/1 timed tasks, 240/240/240 finite/grid/total MASE values
chronos2__experiment_config.instance_normalization-none__pipeline_config.raw_inference.completed_at-2026-09-26T15_44_40.984294_00_00/multivariate state=completed  scaled_MASE=0.498224  inference=33.506s  coverage=1/1 timed tasks, 7200/7200/7200 finite/grid/total MASE values
chronos2__experiment_config.instance_normalization-zscore__pipeline_config.raw_inference.completed_at-2026-09-27T14_05_26.756421_00_00/multivariate state=completed  scaled_MASE=0.498224  inference=33.513s  coverage=1/1 timed tasks, 7200/7200/7200 finite/grid/total MASE values
ts_icl__experiment_config.instance_normalization-none__pipeline_config.raw_inference.completed_at-2026-09-26T16_24_08.825830_00_00/univariate state=completed  scaled_MASE=0.501801  inference=1.012s  coverage=1/1 timed tasks, 70/70/70 finite/grid/total MASE values
ts_icl__experiment_config.instance_normalization-zscore__pipeline_config.raw_inference.completed_at-2026-09-27T14_53_54.452148_00_00/univariate state=completed  scaled_MASE=0.501801  inference=0.969s  coverage=1/1 timed tasks, 70/70/70 finite/grid/total MASE values
chronos2__experiment_config.instance_normalization-zscore__pipeline_config.raw_inference.completed_at-2026-09-27T14_05_58.604298_00_00/multivariate state=completed  scaled_MASE=0.505099  inference=12.280s  coverage=1/1 timed tasks, 3600/3600/3600 finite/grid/total MASE values
chronos2__experiment_config.instance_normalization-none__pipeline_config.raw_inference.completed_at-2026-09-26T15_45_12.225547_00_00/multivariate state=completed  scaled_MASE=0.505099  inference=12.134s  coverage=1/1 timed tasks, 3600/3600/3600 finite/grid/total MASE values
ts_icl__experiment_config.instance_normalization-zscore__pipeline_config.raw_inference.completed_at-2026-09-27T14_29_02.560904_00_00/univariate state=completed  scaled_MASE=0.513732  inference=500.221s  coverage=1/1 timed tasks, 19440/19440/19440 finite/grid/total MASE values
ts_icl__experiment_config.instance_normalization-none__pipeline_config.raw_inference.completed_at-2026-09-26T15_59_21.915743_00_00/univariate state=completed  scaled_MASE=0.513732  inference=499.061s  coverage=1/1 timed tasks, 19440/19440/19440 finite/grid/total MASE values
chronos2__experiment_config.instance_normalization-none__pipeline_config.raw_inference.completed_at-2026-09-26T15_53_10.265308_00_00/univariate state=completed  scaled_MASE=0.514218  inference=1.065s  coverage=1/1 timed tasks, 186/186/186 finite/grid/total MASE values
chronos2__experiment_config.instance_normalization-zscore__pipeline_config.raw_inference.completed_at-2026-09-27T14_13_54.734414_00_00/univariate state=completed  scaled_MASE=0.514218  inference=1.074s  coverage=1/1 timed tasks, 186/186/186 finite/grid/total MASE values
ts_icl__experiment_config.instance_normalization-none__pipeline_config.raw_inference.completed_at-2026-09-26T15_50_36.202883_00_00/univariate state=completed  scaled_MASE=0.523848  inference=92.084s  coverage=1/1 timed tasks, 3600/3600/3600 finite/grid/total MASE values
ts_icl__experiment_config.instance_normalization-zscore__pipeline_config.raw_inference.completed_at-2026-09-27T14_20_17.669964_00_00/univariate state=completed  scaled_MASE=0.523848  inference=92.242s  coverage=1/1 timed tasks, 3600/3600/3600 finite/grid/total MASE values
chronos_bolt__experiment_config.instance_normalization-zscore__pipeline_config.raw_inference.completed_at-2026-09-27T13_57_02.136017_00_00/univariate state=completed  scaled_MASE=0.531026  inference=5.845s  coverage=1/1 timed tasks, 3600/3600/3600 finite/grid/total MASE values
chronos_bolt__experiment_config.instance_normalization-none__pipeline_config.raw_inference.completed_at-2026-09-26T15_45_14.194522_00_00/univariate state=completed  scaled_MASE=0.531026  inference=5.602s  coverage=1/1 timed tasks, 3600/3600/3600 finite/grid/total MASE values
chronos_bolt__experiment_config.instance_normalization-none__pipeline_config.raw_inference.completed_at-2026-09-26T15_56_26.248635_00_00/univariate state=completed  scaled_MASE=0.533883  inference=0.306s  coverage=1/1 timed tasks, 70/70/70 finite/grid/total MASE values
chronos_bolt__experiment_config.instance_normalization-zscore__pipeline_config.raw_inference.completed_at-2026-09-27T15_20_16.599617_00_00/univariate state=completed  scaled_MASE=0.533883  inference=0.306s  coverage=1/1 timed tasks, 70/70/70 finite/grid/total MASE values
chronos2__experiment_config.instance_normalization-none__pipeline_config.raw_inference.completed_at-2026-09-26T15_55_15.950479_00_00/multivariate state=completed  scaled_MASE=0.536433  inference=0.188s  coverage=1/1 timed tasks, 30/30/30 finite/grid/total MASE values
chronos2__experiment_config.instance_normalization-zscore__pipeline_config.raw_inference.completed_at-2026-09-27T14_16_01.147695_00_00/multivariate state=completed  scaled_MASE=0.536433  inference=0.188s  coverage=1/1 timed tasks, 30/30/30 finite/grid/total MASE values
chronos2__experiment_config.instance_normalization-none__pipeline_config.raw_inference.completed_at-2026-09-26T15_52_59.550091_00_00/univariate state=completed  scaled_MASE=0.555102  inference=2.082s  coverage=1/1 timed tasks, 354/354/354 finite/grid/total MASE values
chronos2__experiment_config.instance_normalization-zscore__pipeline_config.raw_inference.completed_at-2026-09-27T14_13_43.945921_00_00/univariate state=completed  scaled_MASE=0.555102  inference=2.114s  coverage=1/1 timed tasks, 354/354/354 finite/grid/total MASE values
ts_icl__experiment_config.instance_normalization-none__pipeline_config.raw_inference.completed_at-2026-09-26T16_21_29.290215_00_00/univariate state=completed  scaled_MASE=0.557917  inference=4.841s  coverage=1/1 timed tasks, 186/186/186 finite/grid/total MASE values
ts_icl__experiment_config.instance_normalization-zscore__pipeline_config.raw_inference.completed_at-2026-09-27T14_51_15.536209_00_00/univariate state=completed  scaled_MASE=0.557917  inference=4.859s  coverage=1/1 timed tasks, 186/186/186 finite/grid/total MASE values
chronos2__experiment_config.instance_normalization-zscore__pipeline_config.raw_inference.completed_at-2026-09-27T14_13_40.138598_00_00/univariate state=completed  scaled_MASE=0.558076  inference=12.592s  coverage=1/1 timed tasks, 2478/2478/2478 finite/grid/total MASE values
chronos2__experiment_config.instance_normalization-none__pipeline_config.raw_inference.completed_at-2026-09-26T15_52_55.794388_00_00/univariate state=completed  scaled_MASE=0.558076  inference=12.439s  coverage=1/1 timed tasks, 2478/2478/2478 finite/grid/total MASE values
chronos2__experiment_config.instance_normalization-none__pipeline_config.raw_inference.completed_at-2026-09-26T15_43_37.521897_00_00/multivariate state=completed  scaled_MASE=0.560618  inference=18.992s  coverage=1/1 timed tasks, 3780/3780/3780 finite/grid/total MASE values
chronos2__experiment_config.instance_normalization-zscore__pipeline_config.raw_inference.completed_at-2026-09-27T14_04_23.375294_00_00/multivariate state=completed  scaled_MASE=0.560618  inference=18.120s  coverage=1/1 timed tasks, 3780/3780/3780 finite/grid/total MASE values
ts_icl__experiment_config.instance_normalization-zscore__pipeline_config.raw_inference.completed_at-2026-09-27T14_18_03.856768_00_00/univariate state=completed  scaled_MASE=0.561568  inference=173.230s  coverage=1/1 timed tasks, 7200/7200/7200 finite/grid/total MASE values
ts_icl__experiment_config.instance_normalization-none__pipeline_config.raw_inference.completed_at-2026-09-26T15_48_24.790174_00_00/univariate state=completed  scaled_MASE=0.561568  inference=171.616s  coverage=1/1 timed tasks, 7200/7200/7200 finite/grid/total MASE values
chronos2__experiment_config.instance_normalization-none__pipeline_config.raw_inference.completed_at-2026-09-26T15_55_25.157102_00_00/multivariate state=completed  scaled_MASE=0.564976  inference=0.191s  coverage=1/1 timed tasks, 70/70/70 finite/grid/total MASE values
chronos2__experiment_config.instance_normalization-zscore__pipeline_config.raw_inference.completed_at-2026-09-27T14_16_10.547571_00_00/multivariate state=completed  scaled_MASE=0.564976  inference=0.186s  coverage=1/1 timed tasks, 70/70/70 finite/grid/total MASE values
chronos2__experiment_config.instance_normalization-zscore__pipeline_config.raw_inference.completed_at-2026-09-27T14_11_43.411799_00_00/multivariate state=completed  scaled_MASE=0.567636  inference=2.078s  coverage=1/1 timed tasks, 420/420/420 finite/grid/total MASE values
chronos2__experiment_config.instance_normalization-none__pipeline_config.raw_inference.completed_at-2026-09-26T15_50_59.789761_00_00/multivariate state=completed  scaled_MASE=0.567636  inference=2.031s  coverage=1/1 timed tasks, 420/420/420 finite/grid/total MASE values
chronos_bolt__experiment_config.instance_normalization-zscore__pipeline_config.raw_inference.completed_at-2026-09-27T15_18_02.632370_00_00/univariate state=completed  scaled_MASE=0.569352  inference=0.657s  coverage=1/1 timed tasks, 186/186/186 finite/grid/total MASE values
chronos_bolt__experiment_config.instance_normalization-none__pipeline_config.raw_inference.completed_at-2026-09-26T15_54_12.227336_00_00/univariate state=completed  scaled_MASE=0.569352  inference=0.488s  coverage=1/1 timed tasks, 186/186/186 finite/grid/total MASE values
chronos_bolt__experiment_config.instance_normalization-zscore__pipeline_config.raw_inference.completed_at-2026-09-27T13_57_54.586938_00_00/univariate state=completed  scaled_MASE=0.572953  inference=30.881s  coverage=1/1 timed tasks, 19440/19440/19440 finite/grid/total MASE values
chronos_bolt__experiment_config.instance_normalization-none__pipeline_config.raw_inference.completed_at-2026-09-26T15_46_05.176927_00_00/univariate state=completed  scaled_MASE=0.572953  inference=29.693s  coverage=1/1 timed tasks, 19440/19440/19440 finite/grid/total MASE values
chronos2__experiment_config.instance_normalization-none__pipeline_config.raw_inference.completed_at-2026-09-26T15_58_51.103489_00_00/multivariate state=completed  scaled_MASE=0.593650  inference=1.529s  coverage=1/1 timed tasks, 1404/1404/1404 finite/grid/total MASE values
chronos2__experiment_config.instance_normalization-zscore__pipeline_config.raw_inference.completed_at-2026-09-27T14_19_35.005606_00_00/multivariate state=completed  scaled_MASE=0.593650  inference=1.560s  coverage=1/1 timed tasks, 1404/1404/1404 finite/grid/total MASE values
chronos2__experiment_config.instance_normalization-none__pipeline_config.raw_inference.completed_at-2026-09-26T15_51_13.717626_00_00/multivariate state=completed  scaled_MASE=0.593973  inference=2.847s  coverage=1/1 timed tasks, 560/560/560 finite/grid/total MASE values
chronos2__experiment_config.instance_normalization-zscore__pipeline_config.raw_inference.completed_at-2026-09-27T14_11_57.069198_00_00/multivariate state=completed  scaled_MASE=0.593973  inference=2.874s  coverage=1/1 timed tasks, 560/560/560 finite/grid/total MASE values
chronos_bolt__experiment_config.instance_normalization-none__pipeline_config.raw_inference.completed_at-2026-09-26T15_57_34.693765_00_00/univariate state=completed  scaled_MASE=0.594003  inference=0.286s  coverage=1/1 timed tasks, 50/50/50 finite/grid/total MASE values
chronos_bolt__experiment_config.instance_normalization-zscore__pipeline_config.raw_inference.completed_at-2026-09-27T15_21_23.683654_00_00/univariate state=completed  scaled_MASE=0.594003  inference=0.295s  coverage=1/1 timed tasks, 50/50/50 finite/grid/total MASE values
chronos2__experiment_config.instance_normalization-none__pipeline_config.raw_inference.completed_at-2026-09-26T15_50_10.856785_00_00/multivariate state=completed  scaled_MASE=0.596549  inference=0.858s  coverage=1/1 timed tasks, 120/120/120 finite/grid/total MASE values
chronos2__experiment_config.instance_normalization-zscore__pipeline_config.raw_inference.completed_at-2026-09-27T14_10_55.577377_00_00/multivariate state=completed  scaled_MASE=0.596549  inference=0.687s  coverage=1/1 timed tasks, 120/120/120 finite/grid/total MASE values
ts_icl__experiment_config.instance_normalization-none__pipeline_config.raw_inference.completed_at-2026-09-26T16_24_46.721344_00_00/univariate state=completed  scaled_MASE=0.611742  inference=0.750s  coverage=1/1 timed tasks, 50/50/50 finite/grid/total MASE values
ts_icl__experiment_config.instance_normalization-zscore__pipeline_config.raw_inference.completed_at-2026-09-27T14_54_32.321273_00_00/univariate state=completed  scaled_MASE=0.611742  inference=0.740s  coverage=1/1 timed tasks, 50/50/50 finite/grid/total MASE values
ts_icl__experiment_config.instance_normalization-zscore__pipeline_config.raw_inference.completed_at-2026-09-27T14_41_29.792647_00_00/univariate state=completed  scaled_MASE=0.612909  inference=3.017s  coverage=1/1 timed tasks, 120/120/120 finite/grid/total MASE values
ts_icl__experiment_config.instance_normalization-none__pipeline_config.raw_inference.completed_at-2026-09-26T16_11_49.521143_00_00/univariate state=completed  scaled_MASE=0.612910  inference=3.289s  coverage=1/1 timed tasks, 120/120/120 finite/grid/total MASE values
ts_icl__experiment_config.instance_normalization-none__pipeline_config.raw_inference.completed_at-2026-09-26T16_13_49.181705_00_00/univariate state=completed  scaled_MASE=0.613943  inference=13.504s  coverage=1/1 timed tasks, 560/560/560 finite/grid/total MASE values
ts_icl__experiment_config.instance_normalization-zscore__pipeline_config.raw_inference.completed_at-2026-09-27T14_43_30.910336_00_00/univariate state=completed  scaled_MASE=0.613943  inference=13.716s  coverage=1/1 timed tasks, 560/560/560 finite/grid/total MASE values
chronos_bolt__experiment_config.instance_normalization-zscore__pipeline_config.raw_inference.completed_at-2026-09-27T13_56_09.557772_00_00/univariate state=completed  scaled_MASE=0.617476  inference=11.601s  coverage=1/1 timed tasks, 7200/7200/7200 finite/grid/total MASE values
chronos_bolt__experiment_config.instance_normalization-none__pipeline_config.raw_inference.completed_at-2026-09-26T15_44_21.546581_00_00/univariate state=completed  scaled_MASE=0.617476  inference=11.125s  coverage=1/1 timed tasks, 7200/7200/7200 finite/grid/total MASE values
chronos_bolt__experiment_config.instance_normalization-none__pipeline_config.raw_inference.completed_at-2026-09-26T15_43_26.091522_00_00/univariate state=completed  scaled_MASE=0.617795  inference=7.331s  coverage=1/1 timed tasks, 3780/3780/3780 finite/grid/total MASE values
chronos_bolt__experiment_config.instance_normalization-zscore__pipeline_config.raw_inference.completed_at-2026-09-27T13_55_13.519905_00_00/univariate state=completed  scaled_MASE=0.617795  inference=6.216s  coverage=1/1 timed tasks, 3780/3780/3780 finite/grid/total MASE values
ts_icl__experiment_config.instance_normalization-none__pipeline_config.raw_inference.completed_at-2026-09-26T15_44_38.711832_00_00/univariate state=completed  scaled_MASE=0.619810  inference=98.359s  coverage=1/1 timed tasks, 3780/3780/3780 finite/grid/total MASE values
ts_icl__experiment_config.instance_normalization-zscore__pipeline_config.raw_inference.completed_at-2026-09-27T14_14_15.389021_00_00/univariate state=completed  scaled_MASE=0.619810  inference=90.480s  coverage=1/1 timed tasks, 3780/3780/3780 finite/grid/total MASE values
chronos2__experiment_config.instance_normalization-none__pipeline_config.raw_inference.completed_at-2026-09-26T15_47_07.012752_00_00/multivariate state=completed  scaled_MASE=0.622334  inference=1.296s  coverage=1/1 timed tasks, 504/504/504 finite/grid/total MASE values
chronos2__experiment_config.instance_normalization-zscore__pipeline_config.raw_inference.completed_at-2026-09-27T14_07_53.499296_00_00/multivariate state=completed  scaled_MASE=0.622334  inference=1.308s  coverage=1/1 timed tasks, 504/504/504 finite/grid/total MASE values
ts_icl__experiment_config.instance_normalization-zscore__pipeline_config.raw_inference.completed_at-2026-09-27T15_01_37.960155_00_00/univariate state=completed  scaled_MASE=0.624586  inference=20.829s  coverage=1/1 timed tasks, 1404/1404/1404 finite/grid/total MASE values
ts_icl__experiment_config.instance_normalization-none__pipeline_config.raw_inference.completed_at-2026-09-26T16_31_49.821962_00_00/univariate state=completed  scaled_MASE=0.624586  inference=20.772s  coverage=1/1 timed tasks, 1404/1404/1404 finite/grid/total MASE values
chronos_bolt__experiment_config.instance_normalization-zscore__pipeline_config.raw_inference.completed_at-2026-09-27T15_16_07.501690_00_00/univariate state=completed  scaled_MASE=0.625922  inference=1.093s  coverage=1/1 timed tasks, 560/560/560 finite/grid/total MASE values
chronos_bolt__experiment_config.instance_normalization-none__pipeline_config.raw_inference.completed_at-2026-09-26T15_52_20.891228_00_00/univariate state=completed  scaled_MASE=0.625922  inference=1.054s  coverage=1/1 timed tasks, 560/560/560 finite/grid/total MASE values
chronos_bolt__experiment_config.instance_normalization-none__pipeline_config.raw_inference.completed_at-2026-09-26T15_56_16.748087_00_00/univariate state=completed  scaled_MASE=0.626155  inference=0.251s  coverage=1/1 timed tasks, 30/30/30 finite/grid/total MASE values
chronos_bolt__experiment_config.instance_normalization-zscore__pipeline_config.raw_inference.completed_at-2026-09-27T15_20_06.856868_00_00/univariate state=completed  scaled_MASE=0.626156  inference=0.253s  coverage=1/1 timed tasks, 30/30/30 finite/grid/total MASE values
chronos2__experiment_config.instance_normalization-none__pipeline_config.raw_inference.completed_at-2026-09-26T15_55_43.778346_00_00/univariate state=completed  scaled_MASE=0.627278  inference=0.211s  coverage=1/1 timed tasks, 5/5/5 finite/grid/total MASE values
chronos2__experiment_config.instance_normalization-zscore__pipeline_config.raw_inference.completed_at-2026-09-27T14_16_29.353294_00_00/univariate state=completed  scaled_MASE=0.627278  inference=0.212s  coverage=1/1 timed tasks, 5/5/5 finite/grid/total MASE values
ts_icl__experiment_config.instance_normalization-zscore__pipeline_config.raw_inference.completed_at-2026-09-27T14_43_07.776081_00_00/univariate state=completed  scaled_MASE=0.630974  inference=10.217s  coverage=1/1 timed tasks, 420/420/420 finite/grid/total MASE values
ts_icl__experiment_config.instance_normalization-none__pipeline_config.raw_inference.completed_at-2026-09-26T16_13_26.362732_00_00/univariate state=completed  scaled_MASE=0.630974  inference=10.126s  coverage=1/1 timed tasks, 420/420/420 finite/grid/total MASE values
ts_icl__experiment_config.instance_normalization-none__pipeline_config.raw_inference.completed_at-2026-09-26T16_24_03.718436_00_00/univariate state=completed  scaled_MASE=0.631934  inference=0.576s  coverage=1/1 timed tasks, 30/30/30 finite/grid/total MASE values
ts_icl__experiment_config.instance_normalization-zscore__pipeline_config.raw_inference.completed_at-2026-09-27T14_53_49.336156_00_00/univariate state=completed  scaled_MASE=0.631934  inference=0.520s  coverage=1/1 timed tasks, 30/30/30 finite/grid/total MASE values
chronos2__experiment_config.instance_normalization-none__pipeline_config.raw_inference.completed_at-2026-09-26T15_53_11.055192_00_00/univariate state=completed  scaled_MASE=0.633417  inference=0.028s  coverage=1/1 timed tasks, 4/4/4 finite/grid/total MASE values
chronos2__experiment_config.instance_normalization-zscore__pipeline_config.raw_inference.completed_at-2026-09-27T14_13_55.527929_00_00/univariate state=completed  scaled_MASE=0.633417  inference=0.028s  coverage=1/1 timed tasks, 4/4/4 finite/grid/total MASE values
chronos2__experiment_config.instance_normalization-none__pipeline_config.raw_inference.completed_at-2026-09-26T15_54_02.005414_00_00/multivariate state=completed  scaled_MASE=0.635250  inference=0.237s  coverage=1/1 timed tasks, 237/237/240 finite/grid/total MASE values
chronos2__experiment_config.instance_normalization-zscore__pipeline_config.raw_inference.completed_at-2026-09-27T14_14_46.480284_00_00/multivariate state=completed  scaled_MASE=0.635250  inference=0.242s  coverage=1/1 timed tasks, 237/237/240 finite/grid/total MASE values
ts_icl__experiment_config.instance_normalization-zscore__pipeline_config.raw_inference.completed_at-2026-09-27T14_32_32.811722_00_00/univariate state=completed  scaled_MASE=0.635796  inference=12.459s  coverage=1/1 timed tasks, 504/504/504 finite/grid/total MASE values
ts_icl__experiment_config.instance_normalization-none__pipeline_config.raw_inference.completed_at-2026-09-26T16_02_53.134787_00_00/univariate state=completed  scaled_MASE=0.635796  inference=12.478s  coverage=1/1 timed tasks, 504/504/504 finite/grid/total MASE values
chronos2__experiment_config.instance_normalization-zscore__pipeline_config.raw_inference.completed_at-2026-09-27T14_16_20.027029_00_00/multivariate state=completed  scaled_MASE=0.637732  inference=0.188s  coverage=1/1 timed tasks, 30/30/30 finite/grid/total MASE values
chronos2__experiment_config.instance_normalization-none__pipeline_config.raw_inference.completed_at-2026-09-26T15_55_34.412670_00_00/multivariate state=completed  scaled_MASE=0.637732  inference=0.188s  coverage=1/1 timed tasks, 30/30/30 finite/grid/total MASE values
chronos_bolt__experiment_config.instance_normalization-none__pipeline_config.raw_inference.completed_at-2026-09-26T15_51_20.362300_00_00/univariate state=completed  scaled_MASE=0.640784  inference=0.392s  coverage=1/1 timed tasks, 120/120/120 finite/grid/total MASE values
chronos_bolt__experiment_config.instance_normalization-zscore__pipeline_config.raw_inference.completed_at-2026-09-27T15_15_06.382527_00_00/univariate state=completed  scaled_MASE=0.640784  inference=0.401s  coverage=1/1 timed tasks, 120/120/120 finite/grid/total MASE values
chronos2__experiment_config.instance_normalization-zscore__pipeline_config.raw_inference.completed_at-2026-09-27T14_17_15.959950_00_00/multivariate state=completed  scaled_MASE=0.641943  inference=0.188s  coverage=1/1 timed tasks, 50/50/50 finite/grid/total MASE values
chronos2__experiment_config.instance_normalization-none__pipeline_config.raw_inference.completed_at-2026-09-26T15_56_30.337924_00_00/multivariate state=completed  scaled_MASE=0.641943  inference=0.188s  coverage=1/1 timed tasks, 50/50/50 finite/grid/total MASE values
ts_icl__experiment_config.instance_normalization-none__pipeline_config.raw_inference.completed_at-2026-09-26T16_21_13.726040_00_00/univariate state=completed  scaled_MASE=0.642844  inference=9.855s  coverage=1/1 timed tasks, 354/354/354 finite/grid/total MASE values
ts_icl__experiment_config.instance_normalization-zscore__pipeline_config.raw_inference.completed_at-2026-09-27T14_50_59.972772_00_00/univariate state=completed  scaled_MASE=0.642844  inference=9.954s  coverage=1/1 timed tasks, 354/354/354 finite/grid/total MASE values
ts_icl__experiment_config.instance_normalization-zscore__pipeline_config.raw_inference.completed_at-2026-09-27T14_42_08.704078_00_00/univariate state=completed  scaled_MASE=0.643527  inference=4.281s  coverage=1/1 timed tasks, 175/175/175 finite/grid/total MASE values
ts_icl__experiment_config.instance_normalization-none__pipeline_config.raw_inference.completed_at-2026-09-26T16_12_28.153615_00_00/univariate state=completed  scaled_MASE=0.643527  inference=4.208s  coverage=1/1 timed tasks, 175/175/175 finite/grid/total MASE values
chronos_bolt__experiment_config.instance_normalization-none__pipeline_config.raw_inference.completed_at-2026-09-26T15_53_27.734483_00_00/univariate state=completed  scaled_MASE=0.645090  inference=25.756s  coverage=1/1 timed tasks, 2478/2478/2478 finite/grid/total MASE values
chronos_bolt__experiment_config.instance_normalization-zscore__pipeline_config.raw_inference.completed_at-2026-09-27T15_17_16.553395_00_00/univariate state=completed  scaled_MASE=0.645090  inference=26.206s  coverage=1/1 timed tasks, 2478/2478/2478 finite/grid/total MASE values
chronos2__experiment_config.instance_normalization-none__pipeline_config.raw_inference.completed_at-2026-09-26T15_43_57.424005_00_00/multivariate state=completed  scaled_MASE=0.646492  inference=0.417s  coverage=1/1 timed tasks, 90/90/90 finite/grid/total MASE values
chronos2__experiment_config.instance_normalization-zscore__pipeline_config.raw_inference.completed_at-2026-09-27T14_04_43.458370_00_00/multivariate state=completed  scaled_MASE=0.646492  inference=0.424s  coverage=1/1 timed tasks, 90/90/90 finite/grid/total MASE values
ts_icl__experiment_config.instance_normalization-zscore__pipeline_config.raw_inference.completed_at-2026-09-27T14_51_17.399334_00_00/univariate state=completed  scaled_MASE=0.646549  inference=0.134s  coverage=1/1 timed tasks, 4/4/4 finite/grid/total MASE values
ts_icl__experiment_config.instance_normalization-none__pipeline_config.raw_inference.completed_at-2026-09-26T16_21_31.124155_00_00/univariate state=completed  scaled_MASE=0.646549  inference=0.133s  coverage=1/1 timed tasks, 4/4/4 finite/grid/total MASE values
chronos2__experiment_config.instance_normalization-none__pipeline_config.raw_inference.completed_at-2026-09-26T15_44_50.763864_00_00/multivariate state=completed  scaled_MASE=0.648101  inference=1.585s  coverage=1/1 timed tasks, 300/300/300 finite/grid/total MASE values
chronos2__experiment_config.instance_normalization-zscore__pipeline_config.raw_inference.completed_at-2026-09-27T14_05_36.580260_00_00/multivariate state=completed  scaled_MASE=0.648101  inference=1.577s  coverage=1/1 timed tasks, 300/300/300 finite/grid/total MASE values
chronos2__experiment_config.instance_normalization-none__pipeline_config.raw_inference.completed_at-2026-09-26T15_48_21.812438_00_00/multivariate state=completed  scaled_MASE=0.648183  inference=30.978s  coverage=1/1 timed tasks, 6480/6480/6480 finite/grid/total MASE values
chronos2__experiment_config.instance_normalization-zscore__pipeline_config.raw_inference.completed_at-2026-09-27T14_09_08.275129_00_00/multivariate state=completed  scaled_MASE=0.648183  inference=30.898s  coverage=1/1 timed tasks, 6480/6480/6480 finite/grid/total MASE values
chronos2__experiment_config.instance_normalization-none__pipeline_config.raw_inference.completed_at-2026-09-26T15_50_37.744630_00_00/univariate state=completed  scaled_MASE=0.649178  inference=0.831s  coverage=1/1 timed tasks, 175/175/175 finite/grid/total MASE values
chronos2__experiment_config.instance_normalization-zscore__pipeline_config.raw_inference.completed_at-2026-09-27T14_11_21.869248_00_00/univariate state=completed  scaled_MASE=0.649178  inference=0.841s  coverage=1/1 timed tasks, 175/175/175 finite/grid/total MASE values
chronos2__experiment_config.instance_normalization-none__pipeline_config.raw_inference.completed_at-2026-09-26T15_44_48.299109_00_00/multivariate state=completed  scaled_MASE=0.650473  inference=4.345s  coverage=1/1 timed tasks, 900/900/900 finite/grid/total MASE values
chronos2__experiment_config.instance_normalization-zscore__pipeline_config.raw_inference.completed_at-2026-09-27T14_05_34.124958_00_00/multivariate state=completed  scaled_MASE=0.650473  inference=4.370s  coverage=1/1 timed tasks, 900/900/900 finite/grid/total MASE values
ts_icl__experiment_config.instance_normalization-zscore__pipeline_config.raw_inference.completed_at-2026-09-27T14_50_48.184536_00_00/univariate state=completed  scaled_MASE=0.661656  inference=60.985s  coverage=1/1 timed tasks, 2478/2478/2478 finite/grid/total MASE values
ts_icl__experiment_config.instance_normalization-none__pipeline_config.raw_inference.completed_at-2026-09-26T16_21_01.989257_00_00/univariate state=completed  scaled_MASE=0.661656  inference=60.460s  coverage=1/1 timed tasks, 2478/2478/2478 finite/grid/total MASE values
ts_icl__experiment_config.instance_normalization-none__pipeline_config.raw_inference.completed_at-2026-09-26T16_21_30.587111_00_00/univariate state=completed  scaled_MASE=0.663387  inference=0.741s  coverage=1/1 timed tasks, 31/31/31 finite/grid/total MASE values
ts_icl__experiment_config.instance_normalization-zscore__pipeline_config.raw_inference.completed_at-2026-09-27T14_51_16.851523_00_00/univariate state=completed  scaled_MASE=0.663387  inference=0.755s  coverage=1/1 timed tasks, 31/31/31 finite/grid/total MASE values
ts_icl__experiment_config.instance_normalization-zscore__pipeline_config.raw_inference.completed_at-2026-09-27T14_35_54.311614_00_00/univariate state=completed  scaled_MASE=0.666208  inference=155.960s  coverage=1/1 timed tasks, 6480/6480/6480 finite/grid/total MASE values
ts_icl__experiment_config.instance_normalization-none__pipeline_config.raw_inference.completed_at-2026-09-26T16_06_13.734355_00_00/univariate state=completed  scaled_MASE=0.666208  inference=154.900s  coverage=1/1 timed tasks, 6480/6480/6480 finite/grid/total MASE values
chronos2__experiment_config.instance_normalization-none__pipeline_config.raw_inference.completed_at-2026-09-26T15_47_04.422482_00_00/multivariate state=completed  scaled_MASE=0.666234  inference=7.239s  coverage=1/1 timed tasks, 3528/3528/3528 finite/grid/total MASE values
chronos2__experiment_config.instance_normalization-zscore__pipeline_config.raw_inference.completed_at-2026-09-27T14_07_50.872328_00_00/multivariate state=completed  scaled_MASE=0.666234  inference=7.280s  coverage=1/1 timed tasks, 3528/3528/3528 finite/grid/total MASE values
ts_icl__experiment_config.instance_normalization-zscore__pipeline_config.raw_inference.completed_at-2026-09-27T14_42_03.676774_00_00/univariate state=completed  scaled_MASE=0.669972  inference=12.806s  coverage=1/1 timed tasks, 525/525/525 finite/grid/total MASE values
ts_icl__experiment_config.instance_normalization-none__pipeline_config.raw_inference.completed_at-2026-09-26T16_12_23.199767_00_00/univariate state=completed  scaled_MASE=0.669972  inference=12.709s  coverage=1/1 timed tasks, 525/525/525 finite/grid/total MASE values
chronos2__experiment_config.instance_normalization-zscore__pipeline_config.raw_inference.completed_at-2026-09-27T14_11_20.505494_00_00/univariate state=completed  scaled_MASE=0.670712  inference=2.771s  coverage=1/1 timed tasks, 525/525/525 finite/grid/total MASE values
chronos2__experiment_config.instance_normalization-none__pipeline_config.raw_inference.completed_at-2026-09-26T15_50_36.390851_00_00/univariate state=completed  scaled_MASE=0.670712  inference=3.001s  coverage=1/1 timed tasks, 525/525/525 finite/grid/total MASE values
chronos_bolt__experiment_config.instance_normalization-zscore__pipeline_config.raw_inference.completed_at-2026-09-27T15_15_32.014988_00_00/univariate state=completed  scaled_MASE=0.670874  inference=1.855s  coverage=1/1 timed tasks, 175/175/175 finite/grid/total MASE values
chronos_bolt__experiment_config.instance_normalization-none__pipeline_config.raw_inference.completed_at-2026-09-26T15_51_46.085598_00_00/univariate state=completed  scaled_MASE=0.670874  inference=1.827s  coverage=1/1 timed tasks, 175/175/175 finite/grid/total MASE values
chronos_bolt__experiment_config.instance_normalization-zscore__pipeline_config.raw_inference.completed_at-2026-09-27T15_12_19.040429_00_00/univariate state=completed  scaled_MASE=0.672181  inference=10.896s  coverage=1/1 timed tasks, 6480/6480/6480 finite/grid/total MASE values
chronos_bolt__experiment_config.instance_normalization-none__pipeline_config.raw_inference.completed_at-2026-09-26T15_48_30.087755_00_00/univariate state=completed  scaled_MASE=0.672181  inference=10.093s  coverage=1/1 timed tasks, 6480/6480/6480 finite/grid/total MASE values
ts_icl__experiment_config.instance_normalization-zscore__pipeline_config.raw_inference.completed_at-2026-09-27T14_32_40.009771_00_00/univariate state=completed  scaled_MASE=0.675418  inference=6.494s  coverage=1/1 timed tasks, 252/252/252 finite/grid/total MASE values
ts_icl__experiment_config.instance_normalization-none__pipeline_config.raw_inference.completed_at-2026-09-26T16_03_00.356111_00_00/univariate state=completed  scaled_MASE=0.675418  inference=6.514s  coverage=1/1 timed tasks, 252/252/252 finite/grid/total MASE values
chronos2__experiment_config.instance_normalization-zscore__pipeline_config.raw_inference.completed_at-2026-09-27T14_18_42.985101_00_00/multivariate state=completed  scaled_MASE=0.675894  inference=44.697s  coverage=1/1 timed tasks, 8901/8901/8901 finite/grid/total MASE values
chronos2__experiment_config.instance_normalization-none__pipeline_config.raw_inference.completed_at-2026-09-26T15_57_57.227203_00_00/multivariate state=completed  scaled_MASE=0.675894  inference=44.533s  coverage=1/1 timed tasks, 8901/8901/8901 finite/grid/total MASE values
chronos_bolt__experiment_config.instance_normalization-zscore__pipeline_config.raw_inference.completed_at-2026-09-27T15_18_03.619889_00_00/univariate state=completed  scaled_MASE=0.680191  inference=0.403s  coverage=1/1 timed tasks, 4/4/4 finite/grid/total MASE values
chronos_bolt__experiment_config.instance_normalization-none__pipeline_config.raw_inference.completed_at-2026-09-26T15_54_13.144229_00_00/univariate state=completed  scaled_MASE=0.680191  inference=0.401s  coverage=1/1 timed tasks, 4/4/4 finite/grid/total MASE values
chronos_bolt__experiment_config.instance_normalization-zscore__pipeline_config.raw_inference.completed_at-2026-09-27T15_18_56.844304_00_00/univariate state=completed  scaled_MASE=0.682699  inference=0.567s  coverage=1/1 timed tasks, 237/237/240 finite/grid/total MASE values
chronos_bolt__experiment_config.instance_normalization-none__pipeline_config.raw_inference.completed_at-2026-09-26T15_55_07.075343_00_00/univariate state=completed  scaled_MASE=0.682699  inference=0.483s  coverage=1/1 timed tasks, 237/237/240 finite/grid/total MASE values
chronos2__experiment_config.instance_normalization-zscore__pipeline_config.raw_inference.completed_at-2026-09-27T14_19_21.604604_00_00/multivariate state=completed  scaled_MASE=0.683829  inference=22.427s  coverage=1/1 timed tasks, 4428/4428/4428 finite/grid/total MASE values
chronos2__experiment_config.instance_normalization-none__pipeline_config.raw_inference.completed_at-2026-09-26T15_58_37.436343_00_00/multivariate state=completed  scaled_MASE=0.683829  inference=22.432s  coverage=1/1 timed tasks, 4428/4428/4428 finite/grid/total MASE values
chronos2__experiment_config.instance_normalization-none__pipeline_config.raw_inference.completed_at-2026-09-26T15_47_08.231485_00_00/multivariate state=completed  scaled_MASE=0.684066  inference=0.660s  coverage=1/1 timed tasks, 252/252/252 finite/grid/total MASE values
chronos2__experiment_config.instance_normalization-zscore__pipeline_config.raw_inference.completed_at-2026-09-27T14_07_54.720440_00_00/multivariate state=completed  scaled_MASE=0.684066  inference=0.659s  coverage=1/1 timed tasks, 252/252/252 finite/grid/total MASE values
chronos2__experiment_config.instance_normalization-none__pipeline_config.raw_inference.completed_at-2026-09-26T15_53_10.748185_00_00/univariate state=completed  scaled_MASE=0.685201  inference=0.149s  coverage=1/1 timed tasks, 31/31/31 finite/grid/total MASE values
chronos2__experiment_config.instance_normalization-zscore__pipeline_config.raw_inference.completed_at-2026-09-27T14_13_55.224984_00_00/univariate state=completed  scaled_MASE=0.685201  inference=0.152s  coverage=1/1 timed tasks, 31/31/31 finite/grid/total MASE values
chronos_bolt__experiment_config.instance_normalization-zscore__pipeline_config.raw_inference.completed_at-2026-09-27T15_15_29.856155_00_00/univariate state=completed  scaled_MASE=0.690471  inference=1.062s  coverage=1/1 timed tasks, 525/525/525 finite/grid/total MASE values
chronos_bolt__experiment_config.instance_normalization-none__pipeline_config.raw_inference.completed_at-2026-09-26T15_51_43.958774_00_00/univariate state=completed  scaled_MASE=0.690471  inference=1.017s  coverage=1/1 timed tasks, 525/525/525 finite/grid/total MASE values
chronos2__experiment_config.instance_normalization-zscore__pipeline_config.raw_inference.completed_at-2026-09-27T14_14_08.041270_00_00/multivariate state=completed  scaled_MASE=0.690791  inference=3.300s  coverage=1/1 timed tasks, 2376/2376/2376 finite/grid/total MASE values
chronos2__experiment_config.instance_normalization-none__pipeline_config.raw_inference.completed_at-2026-09-26T15_53_23.611682_00_00/multivariate state=completed  scaled_MASE=0.690791  inference=3.218s  coverage=1/1 timed tasks, 2376/2376/2376 finite/grid/total MASE values
chronos_bolt__experiment_config.instance_normalization-none__pipeline_config.raw_inference.completed_at-2026-09-26T15_54_26.337432_00_00/univariate state=completed  scaled_MASE=0.694191  inference=3.956s  coverage=1/1 timed tasks, 2376/2376/2376 finite/grid/total MASE values
chronos_bolt__experiment_config.instance_normalization-zscore__pipeline_config.raw_inference.completed_at-2026-09-27T15_18_17.080789_00_00/univariate state=completed  scaled_MASE=0.694191  inference=4.097s  coverage=1/1 timed tasks, 2376/2376/2376 finite/grid/total MASE values
chronos_bolt__experiment_config.instance_normalization-none__pipeline_config.raw_inference.completed_at-2026-09-26T16_07_11.019872_00_00/univariate state=completed  scaled_MASE=0.694462  inference=2.280s  coverage=1/1 timed tasks, 1404/1404/1404 finite/grid/total MASE values
chronos_bolt__experiment_config.instance_normalization-zscore__pipeline_config.raw_inference.completed_at-2026-09-27T15_31_03.385077_00_00/univariate state=completed  scaled_MASE=0.694462  inference=2.242s  coverage=1/1 timed tasks, 1404/1404/1404 finite/grid/total MASE values
ts_icl__experiment_config.instance_normalization-zscore__pipeline_config.raw_inference.completed_at-2026-09-27T14_52_03.390921_00_00/univariate state=completed  scaled_MASE=0.695885  inference=41.684s  coverage=1/1 timed tasks, 2376/2376/2376 finite/grid/total MASE values
ts_icl__experiment_config.instance_normalization-none__pipeline_config.raw_inference.completed_at-2026-09-26T16_22_17.175763_00_00/univariate state=completed  scaled_MASE=0.695885  inference=41.823s  coverage=1/1 timed tasks, 2376/2376/2376 finite/grid/total MASE values
chronos2__experiment_config.instance_normalization-none__pipeline_config.raw_inference.completed_at-2026-09-26T15_50_38.490692_00_00/univariate state=completed  scaled_MASE=0.701295  inference=0.371s  coverage=1/1 timed tasks, 75/75/75 finite/grid/total MASE values
chronos2__experiment_config.instance_normalization-zscore__pipeline_config.raw_inference.completed_at-2026-09-27T14_11_22.620930_00_00/univariate state=completed  scaled_MASE=0.701295  inference=0.376s  coverage=1/1 timed tasks, 75/75/75 finite/grid/total MASE values
chronos2__experiment_config.instance_normalization-none__pipeline_config.raw_inference.completed_at-2026-09-26T15_59_16.297649_00_00/multivariate state=completed  scaled_MASE=0.701342  inference=1.144s  coverage=1/1 timed tasks, 210/210/216 finite/grid/total MASE values
chronos2__experiment_config.instance_normalization-zscore__pipeline_config.raw_inference.completed_at-2026-09-27T14_19_59.554411_00_00/multivariate state=completed  scaled_MASE=0.701342  inference=1.148s  coverage=1/1 timed tasks, 210/210/216 finite/grid/total MASE values
ts_icl__experiment_config.instance_normalization-none__pipeline_config.raw_inference.completed_at-2026-09-26T16_22_49.277269_00_00/univariate state=completed  scaled_MASE=0.701642  inference=2.937s  coverage=1/1 timed tasks, 237/237/240 finite/grid/total MASE values
ts_icl__experiment_config.instance_normalization-zscore__pipeline_config.raw_inference.completed_at-2026-09-27T14_52_34.909914_00_00/univariate state=completed  scaled_MASE=0.701642  inference=2.959s  coverage=1/1 timed tasks, 237/237/240 finite/grid/total MASE values
chronos_bolt__experiment_config.instance_normalization-zscore__pipeline_config.raw_inference.completed_at-2026-09-27T15_15_51.271780_00_00/univariate state=completed  scaled_MASE=0.701852  inference=4.447s  coverage=1/1 timed tasks, 420/420/420 finite/grid/total MASE values
chronos_bolt__experiment_config.instance_normalization-none__pipeline_config.raw_inference.completed_at-2026-09-26T15_52_04.973736_00_00/univariate state=completed  scaled_MASE=0.701852  inference=4.358s  coverage=1/1 timed tasks, 420/420/420 finite/grid/total MASE values
ts_icl__experiment_config.instance_normalization-zscore__pipeline_config.raw_inference.completed_at-2026-09-27T14_42_11.078599_00_00/univariate state=completed  scaled_MASE=0.705055  inference=1.882s  coverage=1/1 timed tasks, 75/75/75 finite/grid/total MASE values
ts_icl__experiment_config.instance_normalization-none__pipeline_config.raw_inference.completed_at-2026-09-26T16_12_30.492191_00_00/univariate state=completed  scaled_MASE=0.705055  inference=1.848s  coverage=1/1 timed tasks, 75/75/75 finite/grid/total MASE values
ts_icl__experiment_config.instance_normalization-zscore__pipeline_config.raw_inference.completed_at-2026-09-27T14_59_01.860242_00_00/univariate state=completed  scaled_MASE=0.706627  inference=231.097s  coverage=1/1 timed tasks, 8901/8901/8901 finite/grid/total MASE values
ts_icl__experiment_config.instance_normalization-none__pipeline_config.raw_inference.completed_at-2026-09-26T16_29_13.775290_00_00/univariate state=completed  scaled_MASE=0.706627  inference=228.805s  coverage=1/1 timed tasks, 8901/8901/8901 finite/grid/total MASE values
chronos2__experiment_config.instance_normalization-none__pipeline_config.raw_inference.completed_at-2026-09-26T15_59_05.052734_00_00/multivariate state=completed  scaled_MASE=0.707075  inference=0.341s  coverage=1/1 timed tasks, 340/340/340 finite/grid/total MASE values
chronos2__experiment_config.instance_normalization-zscore__pipeline_config.raw_inference.completed_at-2026-09-27T14_19_48.464237_00_00/multivariate state=completed  scaled_MASE=0.707075  inference=0.350s  coverage=1/1 timed tasks, 340/340/340 finite/grid/total MASE values
ts_icl__experiment_config.instance_normalization-zscore__pipeline_config.raw_inference.completed_at-2026-09-27T14_15_04.036736_00_00/univariate state=completed  scaled_MASE=0.707616  inference=2.314s  coverage=1/1 timed tasks, 90/90/90 finite/grid/total MASE values
ts_icl__experiment_config.instance_normalization-none__pipeline_config.raw_inference.completed_at-2026-09-26T15_45_26.670824_00_00/univariate state=completed  scaled_MASE=0.707616  inference=2.299s  coverage=1/1 timed tasks, 90/90/90 finite/grid/total MASE values
ts_icl__experiment_config.instance_normalization-zscore__pipeline_config.raw_inference.completed_at-2026-09-27T15_02_21.603898_00_00/univariate state=completed  scaled_MASE=0.707981  inference=4.756s  coverage=1/1 timed tasks, 340/340/340 finite/grid/total MASE values
ts_icl__experiment_config.instance_normalization-none__pipeline_config.raw_inference.completed_at-2026-09-26T16_32_33.210606_00_00/univariate state=completed  scaled_MASE=0.707981  inference=4.725s  coverage=1/1 timed tasks, 340/340/340 finite/grid/total MASE values
chronos2__experiment_config.instance_normalization-none__pipeline_config.raw_inference.completed_at-2026-09-26T15_59_05.721714_00_00/multivariate state=completed  scaled_MASE=0.709425  inference=0.218s  coverage=1/1 timed tasks, 170/170/170 finite/grid/total MASE values
chronos2__experiment_config.instance_normalization-zscore__pipeline_config.raw_inference.completed_at-2026-09-27T14_19_49.137841_00_00/multivariate state=completed  scaled_MASE=0.709425  inference=0.214s  coverage=1/1 timed tasks, 170/170/170 finite/grid/total MASE values
chronos_bolt__experiment_config.instance_normalization-none__pipeline_config.raw_inference.completed_at-2026-09-26T16_07_30.046027_00_00/univariate state=completed  scaled_MASE=0.709820  inference=5.085s  coverage=1/1 timed tasks, 340/340/340 finite/grid/total MASE values
chronos_bolt__experiment_config.instance_normalization-zscore__pipeline_config.raw_inference.completed_at-2026-09-27T15_31_22.640692_00_00/univariate state=completed  scaled_MASE=0.709820  inference=5.061s  coverage=1/1 timed tasks, 340/340/340 finite/grid/total MASE values
ts_icl__experiment_config.instance_normalization-zscore__pipeline_config.raw_inference.completed_at-2026-09-27T15_02_24.587339_00_00/univariate state=completed  scaled_MASE=0.710095  inference=2.326s  coverage=1/1 timed tasks, 170/170/170 finite/grid/total MASE values
ts_icl__experiment_config.instance_normalization-none__pipeline_config.raw_inference.completed_at-2026-09-26T16_32_36.167971_00_00/univariate state=completed  scaled_MASE=0.710095  inference=2.308s  coverage=1/1 timed tasks, 170/170/170 finite/grid/total MASE values
ts_icl__experiment_config.instance_normalization-none__pipeline_config.raw_inference.completed_at-2026-09-26T16_02_39.022288_00_00/univariate state=completed  scaled_MASE=0.710132  inference=86.376s  coverage=1/1 timed tasks, 3528/3528/3528 finite/grid/total MASE values
ts_icl__experiment_config.instance_normalization-zscore__pipeline_config.raw_inference.completed_at-2026-09-27T14_32_18.706554_00_00/univariate state=completed  scaled_MASE=0.710132  inference=85.556s  coverage=1/1 timed tasks, 3528/3528/3528 finite/grid/total MASE values
chronos2__experiment_config.instance_normalization-none__pipeline_config.raw_inference.completed_at-2026-09-26T15_51_01.033165_00_00/multivariate state=completed  scaled_MASE=0.711783  inference=0.676s  coverage=1/1 timed tasks, 140/140/140 finite/grid/total MASE values
chronos2__experiment_config.instance_normalization-zscore__pipeline_config.raw_inference.completed_at-2026-09-27T14_11_44.674728_00_00/multivariate state=completed  scaled_MASE=0.711783  inference=0.685s  coverage=1/1 timed tasks, 140/140/140 finite/grid/total MASE values
chronos_bolt__experiment_config.instance_normalization-zscore__pipeline_config.raw_inference.completed_at-2026-09-27T15_31_28.764553_00_00/univariate state=completed  scaled_MASE=0.712132  inference=5.885s  coverage=1/1 timed tasks, 170/170/170 finite/grid/total MASE values
chronos_bolt__experiment_config.instance_normalization-none__pipeline_config.raw_inference.completed_at-2026-09-26T16_07_36.052058_00_00/univariate state=completed  scaled_MASE=0.712132  inference=5.768s  coverage=1/1 timed tasks, 170/170/170 finite/grid/total MASE values
chronos2__experiment_config.instance_normalization-zscore__pipeline_config.raw_inference.completed_at-2026-09-27T14_19_47.167537_00_00/multivariate state=completed  scaled_MASE=0.712376  inference=2.607s  coverage=1/1 timed tasks, 2380/2380/2380 finite/grid/total MASE values
chronos2__experiment_config.instance_normalization-none__pipeline_config.raw_inference.completed_at-2026-09-26T15_59_03.772445_00_00/multivariate state=completed  scaled_MASE=0.712376  inference=2.656s  coverage=1/1 timed tasks, 2380/2380/2380 finite/grid/total MASE values
ts_icl__experiment_config.instance_normalization-none__pipeline_config.raw_inference.completed_at-2026-09-26T16_24_13.471230_00_00/univariate state=completed  scaled_MASE=0.712833  inference=0.551s  coverage=1/1 timed tasks, 30/30/30 finite/grid/total MASE values
ts_icl__experiment_config.instance_normalization-zscore__pipeline_config.raw_inference.completed_at-2026-09-27T14_53_59.097645_00_00/univariate state=completed  scaled_MASE=0.712833  inference=0.514s  coverage=1/1 timed tasks, 30/30/30 finite/grid/total MASE values
ts_icl__experiment_config.instance_normalization-none__pipeline_config.raw_inference.completed_at-2026-09-26T16_32_27.329224_00_00/univariate state=completed  scaled_MASE=0.713203  inference=32.867s  coverage=1/1 timed tasks, 2380/2380/2380 finite/grid/total MASE values
ts_icl__experiment_config.instance_normalization-zscore__pipeline_config.raw_inference.completed_at-2026-09-27T15_02_15.670942_00_00/univariate state=completed  scaled_MASE=0.713203  inference=33.048s  coverage=1/1 timed tasks, 2380/2380/2380 finite/grid/total MASE values
ts_icl__experiment_config.instance_normalization-zscore__pipeline_config.raw_inference.completed_at-2026-09-27T14_43_35.072985_00_00/univariate state=completed  scaled_MASE=0.713692  inference=3.434s  coverage=1/1 timed tasks, 140/140/140 finite/grid/total MASE values
ts_icl__experiment_config.instance_normalization-none__pipeline_config.raw_inference.completed_at-2026-09-26T16_13_53.280812_00_00/univariate state=completed  scaled_MASE=0.713692  inference=3.383s  coverage=1/1 timed tasks, 140/140/140 finite/grid/total MASE values
chronos2__experiment_config.instance_normalization-none__pipeline_config.raw_inference.completed_at-2026-09-26T15_47_29.958670_00_00/univariate state=completed  scaled_MASE=0.714848  inference=1.331s  coverage=1/1 timed tasks, 240/240/240 finite/grid/total MASE values
chronos2__experiment_config.instance_normalization-zscore__pipeline_config.raw_inference.completed_at-2026-09-27T14_08_16.501385_00_00/univariate state=completed  scaled_MASE=0.714848  inference=1.348s  coverage=1/1 timed tasks, 240/240/240 finite/grid/total MASE values
chronos2__experiment_config.instance_normalization-zscore__pipeline_config.raw_inference.completed_at-2026-09-27T14_11_58.211642_00_00/multivariate state=completed  scaled_MASE=0.715620  inference=0.649s  coverage=1/1 timed tasks, 140/140/140 finite/grid/total MASE values
chronos2__experiment_config.instance_normalization-none__pipeline_config.raw_inference.completed_at-2026-09-26T15_51_14.853419_00_00/multivariate state=completed  scaled_MASE=0.715620  inference=0.647s  coverage=1/1 timed tasks, 140/140/140 finite/grid/total MASE values
chronos2__experiment_config.instance_normalization-none__pipeline_config.raw_inference.completed_at-2026-09-26T15_46_42.608244_00_00/multivariate state=completed  scaled_MASE=0.717130  inference=9.412s  coverage=1/1 timed tasks, 2430/2430/2430 finite/grid/total MASE values
chronos2__experiment_config.instance_normalization-zscore__pipeline_config.raw_inference.completed_at-2026-09-27T14_07_29.122103_00_00/multivariate state=completed  scaled_MASE=0.717130  inference=9.431s  coverage=1/1 timed tasks, 2430/2430/2430 finite/grid/total MASE values
chronos_bolt__experiment_config.instance_normalization-none__pipeline_config.raw_inference.completed_at-2026-09-26T16_07_24.222941_00_00/univariate state=completed  scaled_MASE=0.717581  inference=3.558s  coverage=1/1 timed tasks, 2380/2380/2380 finite/grid/total MASE values
chronos_bolt__experiment_config.instance_normalization-zscore__pipeline_config.raw_inference.completed_at-2026-09-27T15_31_16.836584_00_00/univariate state=completed  scaled_MASE=0.717581  inference=3.775s  coverage=1/1 timed tasks, 2380/2380/2380 finite/grid/total MASE values
ts_icl__experiment_config.instance_normalization-zscore__pipeline_config.raw_inference.completed_at-2026-09-27T14_33_01.933170_00_00/univariate state=completed  scaled_MASE=0.723785  inference=5.637s  coverage=1/1 timed tasks, 240/240/240 finite/grid/total MASE values
ts_icl__experiment_config.instance_normalization-none__pipeline_config.raw_inference.completed_at-2026-09-26T16_03_22.385156_00_00/univariate state=completed  scaled_MASE=0.723785  inference=5.800s  coverage=1/1 timed tasks, 240/240/240 finite/grid/total MASE values
chronos_bolt__experiment_config.instance_normalization-zscore__pipeline_config.raw_inference.completed_at-2026-09-27T15_20_26.421252_00_00/univariate state=completed  scaled_MASE=0.729160  inference=0.252s  coverage=1/1 timed tasks, 30/30/30 finite/grid/total MASE values
chronos_bolt__experiment_config.instance_normalization-none__pipeline_config.raw_inference.completed_at-2026-09-26T15_56_36.189832_00_00/univariate state=completed  scaled_MASE=0.729160  inference=0.362s  coverage=1/1 timed tasks, 30/30/30 finite/grid/total MASE values
chronos2__experiment_config.instance_normalization-none__pipeline_config.raw_inference.completed_at-2026-09-26T15_45_15.327163_00_00/multivariate state=completed  scaled_MASE=0.729628  inference=1.714s  coverage=1/1 timed tasks, 450/450/450 finite/grid/total MASE values
chronos2__experiment_config.instance_normalization-zscore__pipeline_config.raw_inference.completed_at-2026-09-27T14_06_01.750345_00_00/multivariate state=completed  scaled_MASE=0.729628  inference=1.725s  coverage=1/1 timed tasks, 450/450/450 finite/grid/total MASE values
ts_icl__experiment_config.instance_normalization-none__pipeline_config.raw_inference.completed_at-2026-09-26T16_31_21.980707_00_00/univariate state=completed  scaled_MASE=0.730853  inference=114.054s  coverage=1/1 timed tasks, 4428/4428/4428 finite/grid/total MASE values
ts_icl__experiment_config.instance_normalization-zscore__pipeline_config.raw_inference.completed_at-2026-09-27T15_01_09.441195_00_00/univariate state=completed  scaled_MASE=0.730853  inference=114.748s  coverage=1/1 timed tasks, 4428/4428/4428 finite/grid/total MASE values
chronos_bolt__experiment_config.instance_normalization-zscore__pipeline_config.raw_inference.completed_at-2026-09-27T13_59_48.987687_00_00/univariate state=completed  scaled_MASE=0.732882  inference=0.640s  coverage=1/1 timed tasks, 240/240/240 finite/grid/total MASE values
chronos_bolt__experiment_config.instance_normalization-none__pipeline_config.raw_inference.completed_at-2026-09-26T15_47_59.276103_00_00/univariate state=completed  scaled_MASE=0.732882  inference=0.577s  coverage=1/1 timed tasks, 240/240/240 finite/grid/total MASE values
chronos_bolt__experiment_config.instance_normalization-none__pipeline_config.raw_inference.completed_at-2026-09-26T15_51_47.690968_00_00/univariate state=completed  scaled_MASE=0.736475  inference=1.452s  coverage=1/1 timed tasks, 75/75/75 finite/grid/total MASE values
chronos_bolt__experiment_config.instance_normalization-zscore__pipeline_config.raw_inference.completed_at-2026-09-27T15_15_33.646912_00_00/univariate state=completed  scaled_MASE=0.736475  inference=1.477s  coverage=1/1 timed tasks, 75/75/75 finite/grid/total MASE values
ts_icl__experiment_config.instance_normalization-none__pipeline_config.raw_inference.completed_at-2026-09-26T16_32_44.445985_00_00/univariate state=completed  scaled_MASE=0.737474  inference=3.997s  coverage=1/1 timed tasks, 210/210/216 finite/grid/total MASE values
ts_icl__experiment_config.instance_normalization-zscore__pipeline_config.raw_inference.completed_at-2026-09-27T15_02_32.906347_00_00/univariate state=completed  scaled_MASE=0.737474  inference=4.030s  coverage=1/1 timed tasks, 210/210/216 finite/grid/total MASE values
chronos2__experiment_config.instance_normalization-none__pipeline_config.raw_inference.completed_at-2026-09-26T15_45_16.522128_00_00/multivariate state=completed  scaled_MASE=0.738188  inference=0.710s  coverage=1/1 timed tasks, 150/150/150 finite/grid/total MASE values
chronos2__experiment_config.instance_normalization-zscore__pipeline_config.raw_inference.completed_at-2026-09-27T14_06_02.950155_00_00/multivariate state=completed  scaled_MASE=0.738188  inference=0.711s  coverage=1/1 timed tasks, 150/150/150 finite/grid/total MASE values
ts_icl__experiment_config.instance_normalization-none__pipeline_config.raw_inference.completed_at-2026-09-26T15_48_59.404650_00_00/univariate state=completed  scaled_MASE=0.738772  inference=7.912s  coverage=1/1 timed tasks, 300/300/300 finite/grid/total MASE values
ts_icl__experiment_config.instance_normalization-zscore__pipeline_config.raw_inference.completed_at-2026-09-27T14_18_39.013234_00_00/univariate state=completed  scaled_MASE=0.738772  inference=7.973s  coverage=1/1 timed tasks, 300/300/300 finite/grid/total MASE values
ts_icl__experiment_config.instance_normalization-none__pipeline_config.raw_inference.completed_at-2026-09-26T15_48_50.433201_00_00/univariate state=completed  scaled_MASE=0.740771  inference=22.284s  coverage=1/1 timed tasks, 900/900/900 finite/grid/total MASE values
ts_icl__experiment_config.instance_normalization-zscore__pipeline_config.raw_inference.completed_at-2026-09-27T14_18_29.878323_00_00/univariate state=completed  scaled_MASE=0.740771  inference=22.499s  coverage=1/1 timed tasks, 900/900/900 finite/grid/total MASE values
chronos2__experiment_config.instance_normalization-none__pipeline_config.raw_inference.completed_at-2026-09-26T15_55_53.197161_00_00/univariate state=completed  scaled_MASE=0.741942  inference=0.358s  coverage=1/1 timed tasks, 160/160/160 finite/grid/total MASE values
chronos2__experiment_config.instance_normalization-zscore__pipeline_config.raw_inference.completed_at-2026-09-27T14_16_38.779218_00_00/univariate state=completed  scaled_MASE=0.741942  inference=0.365s  coverage=1/1 timed tasks, 160/160/160 finite/grid/total MASE values
chronos_bolt__experiment_config.instance_normalization-zscore__pipeline_config.raw_inference.completed_at-2026-09-27T15_17_50.923566_00_00/univariate state=completed  scaled_MASE=0.742127  inference=32.898s  coverage=1/1 timed tasks, 354/354/354 finite/grid/total MASE values
chronos_bolt__experiment_config.instance_normalization-none__pipeline_config.raw_inference.completed_at-2026-09-26T15_54_01.859387_00_00/univariate state=completed  scaled_MASE=0.742127  inference=32.653s  coverage=1/1 timed tasks, 354/354/354 finite/grid/total MASE values
chronos2__experiment_config.instance_normalization-zscore__pipeline_config.raw_inference.completed_at-2026-09-27T14_10_43.931907_00_00/multivariate state=completed  scaled_MASE=0.742140  inference=2.333s  coverage=1/1 timed tasks, 460/460/460 finite/grid/total MASE values
chronos2__experiment_config.instance_normalization-none__pipeline_config.raw_inference.completed_at-2026-09-26T15_49_58.583374_00_00/multivariate state=completed  scaled_MASE=0.742140  inference=2.381s  coverage=1/1 timed tasks, 460/460/460 finite/grid/total MASE values
ts_icl__experiment_config.instance_normalization-zscore__pipeline_config.raw_inference.completed_at-2026-09-27T14_41_22.587880_00_00/univariate state=completed  scaled_MASE=0.742359  inference=1.680s  coverage=1/1 timed tasks, 65/65/65 finite/grid/total MASE values
ts_icl__experiment_config.instance_normalization-none__pipeline_config.raw_inference.completed_at-2026-09-26T16_11_42.068261_00_00/univariate state=completed  scaled_MASE=0.742359  inference=1.661s  coverage=1/1 timed tasks, 65/65/65 finite/grid/total MASE values
chronos_bolt__experiment_config.instance_normalization-none__pipeline_config.raw_inference.completed_at-2026-09-26T15_52_22.640518_00_00/univariate state=completed  scaled_MASE=0.742457  inference=1.469s  coverage=1/1 timed tasks, 140/140/140 finite/grid/total MASE values
chronos_bolt__experiment_config.instance_normalization-zscore__pipeline_config.raw_inference.completed_at-2026-09-27T15_16_09.287984_00_00/univariate state=completed  scaled_MASE=0.742457  inference=1.491s  coverage=1/1 timed tasks, 140/140/140 finite/grid/total MASE values
chronos2__experiment_config.instance_normalization-zscore__pipeline_config.raw_inference.completed_at-2026-09-27T14_08_06.068322_00_00/univariate state=completed  scaled_MASE=0.743184  inference=0.048s  coverage=1/1 timed tasks, 10/10/10 finite/grid/total MASE values
chronos2__experiment_config.instance_normalization-none__pipeline_config.raw_inference.completed_at-2026-09-26T15_47_19.553828_00_00/univariate state=completed  scaled_MASE=0.743184  inference=0.047s  coverage=1/1 timed tasks, 10/10/10 finite/grid/total MASE values
chronos2__experiment_config.instance_normalization-none__pipeline_config.raw_inference.completed_at-2026-09-26T15_56_11.762064_00_00/multivariate state=completed  scaled_MASE=0.743929  inference=0.186s  coverage=1/1 timed tasks, 75/75/75 finite/grid/total MASE values
chronos2__experiment_config.instance_normalization-zscore__pipeline_config.raw_inference.completed_at-2026-09-27T14_16_57.402161_00_00/multivariate state=completed  scaled_MASE=0.743929  inference=0.185s  coverage=1/1 timed tasks, 75/75/75 finite/grid/total MASE values
chronos_bolt__experiment_config.instance_normalization-none__pipeline_config.raw_inference.completed_at-2026-09-26T16_07_45.846542_00_00/univariate state=completed  scaled_MASE=0.744344  inference=0.566s  coverage=1/1 timed tasks, 210/210/216 finite/grid/total MASE values
chronos_bolt__experiment_config.instance_normalization-zscore__pipeline_config.raw_inference.completed_at-2026-09-27T15_31_38.691862_00_00/univariate state=completed  scaled_MASE=0.744344  inference=0.578s  coverage=1/1 timed tasks, 210/210/216 finite/grid/total MASE values
chronos2__experiment_config.instance_normalization-none__pipeline_config.raw_inference.completed_at-2026-09-26T15_50_00.474439_00_00/multivariate state=completed  scaled_MASE=0.744697  inference=0.310s  coverage=1/1 timed tasks, 65/65/65 finite/grid/total MASE values
chronos2__experiment_config.instance_normalization-zscore__pipeline_config.raw_inference.completed_at-2026-09-27T14_10_45.786384_00_00/multivariate state=completed  scaled_MASE=0.744697  inference=0.311s  coverage=1/1 timed tasks, 65/65/65 finite/grid/total MASE values
ts_icl__experiment_config.instance_normalization-zscore__pipeline_config.raw_inference.completed_at-2026-09-27T14_41_15.996332_00_00/univariate state=completed  scaled_MASE=0.748568  inference=11.229s  coverage=1/1 timed tasks, 460/460/460 finite/grid/total MASE values
ts_icl__experiment_config.instance_normalization-none__pipeline_config.raw_inference.completed_at-2026-09-26T16_11_35.524471_00_00/univariate state=completed  scaled_MASE=0.748568  inference=11.347s  coverage=1/1 timed tasks, 460/460/460 finite/grid/total MASE values
chronos2__experiment_config.instance_normalization-none__pipeline_config.raw_inference.completed_at-2026-09-26T15_49_42.699250_00_00/multivariate state=completed  scaled_MASE=0.752414  inference=2.047s  coverage=1/1 timed tasks, 1222/1222/1248 finite/grid/total MASE values
chronos2__experiment_config.instance_normalization-zscore__pipeline_config.raw_inference.completed_at-2026-09-27T14_10_30.495792_00_00/multivariate state=completed  scaled_MASE=0.752414  inference=2.061s  coverage=1/1 timed tasks, 1222/1222/1248 finite/grid/total MASE values
ts_icl__experiment_config.instance_normalization-none__pipeline_config.raw_inference.completed_at-2026-09-26T16_24_34.130643_00_00/univariate state=completed  scaled_MASE=0.755841  inference=1.035s  coverage=1/1 timed tasks, 75/75/75 finite/grid/total MASE values
ts_icl__experiment_config.instance_normalization-zscore__pipeline_config.raw_inference.completed_at-2026-09-27T14_54_19.654270_00_00/univariate state=completed  scaled_MASE=0.755841  inference=1.069s  coverage=1/1 timed tasks, 75/75/75 finite/grid/total MASE values
chronos2__experiment_config.instance_normalization-none__pipeline_config.raw_inference.completed_at-2026-09-26T15_49_44.402219_00_00/multivariate state=completed  scaled_MASE=0.757408  inference=1.144s  coverage=1/1 timed tasks, 622/622/624 finite/grid/total MASE values
chronos2__experiment_config.instance_normalization-zscore__pipeline_config.raw_inference.completed_at-2026-09-27T14_10_32.180083_00_00/multivariate state=completed  scaled_MASE=0.757408  inference=1.123s  coverage=1/1 timed tasks, 622/622/624 finite/grid/total MASE values
ts_icl__experiment_config.instance_normalization-zscore__pipeline_config.raw_inference.completed_at-2026-09-27T14_40_45.373615_00_00/univariate state=completed  scaled_MASE=0.759007  inference=28.624s  coverage=1/1 timed tasks, 1222/1222/1248 finite/grid/total MASE values
ts_icl__experiment_config.instance_normalization-none__pipeline_config.raw_inference.completed_at-2026-09-26T16_11_04.726473_00_00/univariate state=completed  scaled_MASE=0.759007  inference=28.505s  coverage=1/1 timed tasks, 1222/1222/1248 finite/grid/total MASE values
ts_icl__experiment_config.instance_normalization-zscore__pipeline_config.raw_inference.completed_at-2026-09-27T14_53_44.668095_00_00/univariate state=completed  scaled_MASE=0.759372  inference=0.310s  coverage=1/1 timed tasks, 12/12/12 finite/grid/total MASE values
ts_icl__experiment_config.instance_normalization-none__pipeline_config.raw_inference.completed_at-2026-09-26T16_23_59.040212_00_00/univariate state=completed  scaled_MASE=0.759372  inference=0.358s  coverage=1/1 timed tasks, 12/12/12 finite/grid/total MASE values
chronos_bolt__experiment_config.instance_normalization-none__pipeline_config.raw_inference.completed_at-2026-09-26T16_03_52.198815_00_00/univariate state=completed  scaled_MASE=0.759654  inference=334.810s  coverage=1/1 timed tasks, 8901/8901/8901 finite/grid/total MASE values
chronos_bolt__experiment_config.instance_normalization-zscore__pipeline_config.raw_inference.completed_at-2026-09-27T15_27_43.290354_00_00/univariate state=completed  scaled_MASE=0.759654  inference=336.876s  coverage=1/1 timed tasks, 8901/8901/8901 finite/grid/total MASE values
chronos2__experiment_config.instance_normalization-zscore__pipeline_config.raw_inference.completed_at-2026-09-27T14_10_10.175833_00_00/multivariate state=completed  scaled_MASE=0.761045  inference=6.554s  coverage=1/1 timed tasks, 2016/2016/2016 finite/grid/total MASE values
chronos2__experiment_config.instance_normalization-none__pipeline_config.raw_inference.completed_at-2026-09-26T15_49_22.458019_00_00/multivariate state=completed  scaled_MASE=0.761045  inference=6.526s  coverage=1/1 timed tasks, 2016/2016/2016 finite/grid/total MASE values
chronos2__experiment_config.instance_normalization-none__pipeline_config.raw_inference.completed_at-2026-09-26T15_49_06.577617_00_00/multivariate state=completed  scaled_MASE=0.762374  inference=0.095s  coverage=1/1 timed tasks, 15/15/15 finite/grid/total MASE values
chronos2__experiment_config.instance_normalization-zscore__pipeline_config.raw_inference.completed_at-2026-09-27T14_09_54.315141_00_00/multivariate state=completed  scaled_MASE=0.762374  inference=0.096s  coverage=1/1 timed tasks, 15/15/15 finite/grid/total MASE values
chronos2__experiment_config.instance_normalization-zscore__pipeline_config.raw_inference.completed_at-2026-09-27T14_20_00.089181_00_00/multivariate state=completed  scaled_MASE=0.762719  inference=0.175s  coverage=1/1 timed tasks, 36/36/36 finite/grid/total MASE values
chronos2__experiment_config.instance_normalization-none__pipeline_config.raw_inference.completed_at-2026-09-26T15_59_16.828646_00_00/multivariate state=completed  scaled_MASE=0.762720  inference=0.174s  coverage=1/1 timed tasks, 36/36/36 finite/grid/total MASE values
chronos_bolt__experiment_config.instance_normalization-none__pipeline_config.raw_inference.completed_at-2026-09-26T15_54_12.688321_00_00/univariate state=completed  scaled_MASE=0.763005  inference=0.347s  coverage=1/1 timed tasks, 31/31/31 finite/grid/total MASE values
chronos_bolt__experiment_config.instance_normalization-zscore__pipeline_config.raw_inference.completed_at-2026-09-27T15_18_03.161930_00_00/univariate state=completed  scaled_MASE=0.763005  inference=0.414s  coverage=1/1 timed tasks, 31/31/31 finite/grid/total MASE values
ts_icl__experiment_config.instance_normalization-zscore__pipeline_config.raw_inference.completed_at-2026-09-27T14_41_00.363988_00_00/univariate state=completed  scaled_MASE=0.763148  inference=14.290s  coverage=1/1 timed tasks, 622/622/624 finite/grid/total MASE values
ts_icl__experiment_config.instance_normalization-none__pipeline_config.raw_inference.completed_at-2026-09-26T16_11_19.657416_00_00/univariate state=completed  scaled_MASE=0.763148  inference=14.221s  coverage=1/1 timed tasks, 622/622/624 finite/grid/total MASE values
ts_icl__experiment_config.instance_normalization-zscore__pipeline_config.raw_inference.completed_at-2026-09-27T14_20_32.385068_00_00/univariate state=completed  scaled_MASE=0.763247  inference=12.987s  coverage=1/1 timed tasks, 450/450/450 finite/grid/total MASE values
ts_icl__experiment_config.instance_normalization-none__pipeline_config.raw_inference.completed_at-2026-09-26T15_50_51.004427_00_00/univariate state=completed  scaled_MASE=0.763247  inference=13.078s  coverage=1/1 timed tasks, 450/450/450 finite/grid/total MASE values
chronos_bolt__experiment_config.instance_normalization-zscore__pipeline_config.raw_inference.completed_at-2026-09-27T15_14_56.688492_00_00/univariate state=completed  scaled_MASE=0.763987  inference=1.303s  coverage=1/1 timed tasks, 65/65/65 finite/grid/total MASE values
chronos_bolt__experiment_config.instance_normalization-none__pipeline_config.raw_inference.completed_at-2026-09-26T15_51_10.785196_00_00/univariate state=completed  scaled_MASE=0.763987  inference=1.284s  coverage=1/1 timed tasks, 65/65/65 finite/grid/total MASE values
ts_icl__experiment_config.instance_normalization-none__pipeline_config.raw_inference.completed_at-2026-09-26T16_03_12.456172_00_00/univariate state=completed  scaled_MASE=0.765212  inference=0.276s  coverage=1/1 timed tasks, 10/10/10 finite/grid/total MASE values
ts_icl__experiment_config.instance_normalization-zscore__pipeline_config.raw_inference.completed_at-2026-09-27T14_32_52.153051_00_00/univariate state=completed  scaled_MASE=0.765212  inference=0.273s  coverage=1/1 timed tasks, 10/10/10 finite/grid/total MASE values
ts_icl__experiment_config.instance_normalization-zscore__pipeline_config.raw_inference.completed_at-2026-09-27T14_20_37.738234_00_00/univariate state=completed  scaled_MASE=0.765507  inference=4.709s  coverage=1/1 timed tasks, 150/150/150 finite/grid/total MASE values
ts_icl__experiment_config.instance_normalization-none__pipeline_config.raw_inference.completed_at-2026-09-26T15_50_56.336626_00_00/univariate state=completed  scaled_MASE=0.765507  inference=4.702s  coverage=1/1 timed tasks, 150/150/150 finite/grid/total MASE values
chronos2__experiment_config.instance_normalization-zscore__pipeline_config.raw_inference.completed_at-2026-09-27T14_17_06.646509_00_00/multivariate state=completed  scaled_MASE=0.767099  inference=0.201s  coverage=1/1 timed tasks, 300/300/300 finite/grid/total MASE values
chronos2__experiment_config.instance_normalization-none__pipeline_config.raw_inference.completed_at-2026-09-26T15_56_21.042709_00_00/multivariate state=completed  scaled_MASE=0.767099  inference=0.201s  coverage=1/1 timed tasks, 300/300/300 finite/grid/total MASE values
chronos_bolt__experiment_config.instance_normalization-none__pipeline_config.raw_inference.completed_at-2026-09-26T15_51_07.500172_00_00/univariate state=completed  scaled_MASE=0.767982  inference=0.904s  coverage=1/1 timed tasks, 460/460/460 finite/grid/total MASE values
chronos_bolt__experiment_config.instance_normalization-zscore__pipeline_config.raw_inference.completed_at-2026-09-27T15_14_53.343401_00_00/univariate state=completed  scaled_MASE=0.767982  inference=0.939s  coverage=1/1 timed tasks, 460/460/460 finite/grid/total MASE values
chronos_bolt__experiment_config.instance_normalization-none__pipeline_config.raw_inference.completed_at-2026-09-26T15_56_56.468880_00_00/univariate state=completed  scaled_MASE=0.769259  inference=0.401s  coverage=1/1 timed tasks, 160/160/160 finite/grid/total MASE values
chronos_bolt__experiment_config.instance_normalization-zscore__pipeline_config.raw_inference.completed_at-2026-09-27T15_20_45.316175_00_00/univariate state=completed  scaled_MASE=0.769259  inference=0.404s  coverage=1/1 timed tasks, 160/160/160 finite/grid/total MASE values
chronos2__experiment_config.instance_normalization-zscore__pipeline_config.raw_inference.completed_at-2026-09-27T14_20_00.483219_00_00/multivariate state=completed  scaled_MASE=0.769703  inference=0.090s  coverage=1/1 timed tasks, 18/18/18 finite/grid/total MASE values
chronos2__experiment_config.instance_normalization-none__pipeline_config.raw_inference.completed_at-2026-09-26T15_59_17.220077_00_00/multivariate state=completed  scaled_MASE=0.769703  inference=0.090s  coverage=1/1 timed tasks, 18/18/18 finite/grid/total MASE values
chronos2__experiment_config.instance_normalization-zscore__pipeline_config.raw_inference.completed_at-2026-09-27T14_09_53.942544_00_00/multivariate state=completed  scaled_MASE=0.771289  inference=0.206s  coverage=1/1 timed tasks, 45/45/45 finite/grid/total MASE values
chronos2__experiment_config.instance_normalization-none__pipeline_config.raw_inference.completed_at-2026-09-26T15_49_06.207636_00_00/multivariate state=completed  scaled_MASE=0.771289  inference=0.204s  coverage=1/1 timed tasks, 45/45/45 finite/grid/total MASE values
chronos_bolt__experiment_config.instance_normalization-none__pipeline_config.raw_inference.completed_at-2026-09-26T15_56_07.298844_00_00/univariate state=completed  scaled_MASE=0.771986  inference=0.252s  coverage=1/1 timed tasks, 12/12/12 finite/grid/total MASE values
chronos_bolt__experiment_config.instance_normalization-zscore__pipeline_config.raw_inference.completed_at-2026-09-27T15_19_57.420759_00_00/univariate state=completed  scaled_MASE=0.771986  inference=0.234s  coverage=1/1 timed tasks, 12/12/12 finite/grid/total MASE values
ts_icl__experiment_config.instance_normalization-zscore__pipeline_config.raw_inference.completed_at-2026-09-27T14_54_09.642812_00_00/univariate state=completed  scaled_MASE=0.772256  inference=2.059s  coverage=1/1 timed tasks, 160/160/160 finite/grid/total MASE values
ts_icl__experiment_config.instance_normalization-none__pipeline_config.raw_inference.completed_at-2026-09-26T16_24_24.089912_00_00/univariate state=completed  scaled_MASE=0.772256  inference=2.169s  coverage=1/1 timed tasks, 160/160/160 finite/grid/total MASE values
chronos_bolt__experiment_config.instance_normalization-none__pipeline_config.raw_inference.completed_at-2026-09-26T15_47_49.520618_00_00/univariate state=completed  scaled_MASE=0.772631  inference=0.395s  coverage=1/1 timed tasks, 10/10/10 finite/grid/total MASE values
chronos_bolt__experiment_config.instance_normalization-zscore__pipeline_config.raw_inference.completed_at-2026-09-27T13_59_38.947164_00_00/univariate state=completed  scaled_MASE=0.772631  inference=0.393s  coverage=1/1 timed tasks, 10/10/10 finite/grid/total MASE values
chronos_bolt__experiment_config.instance_normalization-none__pipeline_config.raw_inference.completed_at-2026-09-26T15_50_55.876369_00_00/univariate state=completed  scaled_MASE=0.772657  inference=1.901s  coverage=1/1 timed tasks, 1222/1222/1248 finite/grid/total MASE values
chronos_bolt__experiment_config.instance_normalization-zscore__pipeline_config.raw_inference.completed_at-2026-09-27T15_14_41.644060_00_00/univariate state=completed  scaled_MASE=0.772657  inference=1.991s  coverage=1/1 timed tasks, 1222/1222/1248 finite/grid/total MASE values
ts_icl__experiment_config.instance_normalization-none__pipeline_config.raw_inference.completed_at-2026-09-26T16_13_30.673581_00_00/univariate state=completed  scaled_MASE=0.773321  inference=3.575s  coverage=1/1 timed tasks, 140/140/140 finite/grid/total MASE values
ts_icl__experiment_config.instance_normalization-zscore__pipeline_config.raw_inference.completed_at-2026-09-27T14_43_12.146350_00_00/univariate state=completed  scaled_MASE=0.773321  inference=3.612s  coverage=1/1 timed tasks, 140/140/140 finite/grid/total MASE values
chronos2__experiment_config.instance_normalization-zscore__pipeline_config.raw_inference.completed_at-2026-09-27T14_15_51.833518_00_00/multivariate state=completed  scaled_MASE=0.774600  inference=0.214s  coverage=1/1 timed tasks, 12/12/12 finite/grid/total MASE values
chronos2__experiment_config.instance_normalization-none__pipeline_config.raw_inference.completed_at-2026-09-26T15_55_06.641830_00_00/multivariate state=completed  scaled_MASE=0.774600  inference=0.213s  coverage=1/1 timed tasks, 12/12/12 finite/grid/total MASE values
chronos_bolt__experiment_config.instance_normalization-zscore__pipeline_config.raw_inference.completed_at-2026-09-27T13_59_38.505408_00_00/univariate state=completed  scaled_MASE=0.774852  inference=0.321s  coverage=1/1 timed tasks, 30/30/30 finite/grid/total MASE values
chronos_bolt__experiment_config.instance_normalization-none__pipeline_config.raw_inference.completed_at-2026-09-26T15_47_49.077237_00_00/univariate state=completed  scaled_MASE=0.774852  inference=0.324s  coverage=1/1 timed tasks, 30/30/30 finite/grid/total MASE values
chronos2__experiment_config.instance_normalization-zscore__pipeline_config.raw_inference.completed_at-2026-09-27T14_08_05.751521_00_00/univariate state=completed  scaled_MASE=0.775940  inference=0.149s  coverage=1/1 timed tasks, 30/30/30 finite/grid/total MASE values
chronos2__experiment_config.instance_normalization-none__pipeline_config.raw_inference.completed_at-2026-09-26T15_47_19.240511_00_00/univariate state=completed  scaled_MASE=0.775940  inference=0.147s  coverage=1/1 timed tasks, 30/30/30 finite/grid/total MASE values
chronos2__experiment_config.instance_normalization-zscore__pipeline_config.raw_inference.completed_at-2026-09-27T14_04_43.982450_00_00/multivariate state=completed  scaled_MASE=0.777713  inference=0.168s  coverage=1/1 timed tasks, 30/30/30 finite/grid/total MASE values
chronos2__experiment_config.instance_normalization-none__pipeline_config.raw_inference.completed_at-2026-09-26T15_43_57.943761_00_00/multivariate state=completed  scaled_MASE=0.777713  inference=0.165s  coverage=1/1 timed tasks, 30/30/30 finite/grid/total MASE values
ts_icl__experiment_config.instance_normalization-none__pipeline_config.raw_inference.completed_at-2026-09-26T16_24_28.930878_00_00/univariate state=completed  scaled_MASE=0.777928  inference=0.691s  coverage=1/1 timed tasks, 40/40/40 finite/grid/total MASE values
ts_icl__experiment_config.instance_normalization-zscore__pipeline_config.raw_inference.completed_at-2026-09-27T14_54_14.434936_00_00/univariate state=completed  scaled_MASE=0.777928  inference=0.666s  coverage=1/1 timed tasks, 40/40/40 finite/grid/total MASE values
ts_icl__experiment_config.instance_normalization-zscore__pipeline_config.raw_inference.completed_at-2026-09-27T14_43_36.296485_00_00/univariate state=completed  scaled_MASE=0.778895  inference=0.606s  coverage=1/1 timed tasks, 20/20/20 finite/grid/total MASE values
ts_icl__experiment_config.instance_normalization-none__pipeline_config.raw_inference.completed_at-2026-09-26T16_13_54.542217_00_00/univariate state=completed  scaled_MASE=0.778895  inference=0.588s  coverage=1/1 timed tasks, 20/20/20 finite/grid/total MASE values
chronos2__experiment_config.instance_normalization-none__pipeline_config.raw_inference.completed_at-2026-09-26T15_48_51.967815_00_00/multivariate state=completed  scaled_MASE=0.780774  inference=8.634s  coverage=1/1 timed tasks, 1800/1800/1800 finite/grid/total MASE values
chronos2__experiment_config.instance_normalization-zscore__pipeline_config.raw_inference.completed_at-2026-09-27T14_09_38.423124_00_00/multivariate state=completed  scaled_MASE=0.780774  inference=8.636s  coverage=1/1 timed tasks, 1800/1800/1800 finite/grid/total MASE values
chronos2__experiment_config.instance_normalization-zscore__pipeline_config.raw_inference.completed_at-2026-09-27T14_10_45.108589_00_00/multivariate state=completed  scaled_MASE=0.781505  inference=0.687s  coverage=1/1 timed tasks, 150/150/150 finite/grid/total MASE values
chronos2__experiment_config.instance_normalization-none__pipeline_config.raw_inference.completed_at-2026-09-26T15_49_59.800093_00_00/multivariate state=completed  scaled_MASE=0.781505  inference=0.720s  coverage=1/1 timed tasks, 150/150/150 finite/grid/total MASE values
chronos2__experiment_config.instance_normalization-zscore__pipeline_config.raw_inference.completed_at-2026-09-27T14_07_33.893068_00_00/multivariate state=completed  scaled_MASE=0.781871  inference=3.445s  coverage=1/1 timed tasks, 810/810/810 finite/grid/total MASE values
chronos2__experiment_config.instance_normalization-none__pipeline_config.raw_inference.completed_at-2026-09-26T15_46_47.354798_00_00/multivariate state=completed  scaled_MASE=0.781871  inference=3.441s  coverage=1/1 timed tasks, 810/810/810 finite/grid/total MASE values
chronos_bolt__experiment_config.instance_normalization-zscore__pipeline_config.raw_inference.completed_at-2026-09-27T15_14_43.000136_00_00/univariate state=completed  scaled_MASE=0.782736  inference=0.999s  coverage=1/1 timed tasks, 622/622/624 finite/grid/total MASE values
chronos_bolt__experiment_config.instance_normalization-none__pipeline_config.raw_inference.completed_at-2026-09-26T15_50_57.183615_00_00/univariate state=completed  scaled_MASE=0.782736  inference=0.955s  coverage=1/1 timed tasks, 622/622/624 finite/grid/total MASE values
chronos_bolt__experiment_config.instance_normalization-zscore__pipeline_config.raw_inference.completed_at-2026-09-27T15_21_04.313936_00_00/univariate state=completed  scaled_MASE=0.782969  inference=0.307s  coverage=1/1 timed tasks, 75/75/75 finite/grid/total MASE values
chronos_bolt__experiment_config.instance_normalization-none__pipeline_config.raw_inference.completed_at-2026-09-26T15_57_15.535235_00_00/univariate state=completed  scaled_MASE=0.782969  inference=0.305s  coverage=1/1 timed tasks, 75/75/75 finite/grid/total MASE values
ts_icl__experiment_config.instance_normalization-zscore__pipeline_config.raw_inference.completed_at-2026-09-27T14_38_48.970492_00_00/univariate state=completed  scaled_MASE=0.783251  inference=52.695s  coverage=1/1 timed tasks, 2016/2016/2016 finite/grid/total MASE values
ts_icl__experiment_config.instance_normalization-none__pipeline_config.raw_inference.completed_at-2026-09-26T16_09_07.941690_00_00/univariate state=completed  scaled_MASE=0.783251  inference=52.635s  coverage=1/1 timed tasks, 2016/2016/2016 finite/grid/total MASE values
ts_icl__experiment_config.instance_normalization-none__pipeline_config.raw_inference.completed_at-2026-09-26T16_11_39.916630_00_00/univariate state=completed  scaled_MASE=0.784982  inference=3.667s  coverage=1/1 timed tasks, 150/150/150 finite/grid/total MASE values
ts_icl__experiment_config.instance_normalization-zscore__pipeline_config.raw_inference.completed_at-2026-09-27T14_41_20.403775_00_00/univariate state=completed  scaled_MASE=0.784982  inference=3.695s  coverage=1/1 timed tasks, 150/150/150 finite/grid/total MASE values
chronos_bolt__experiment_config.instance_normalization-zscore__pipeline_config.raw_inference.completed_at-2026-09-27T15_13_41.431751_00_00/univariate state=completed  scaled_MASE=0.785655  inference=3.067s  coverage=1/1 timed tasks, 1800/1800/1800 finite/grid/total MASE values
chronos_bolt__experiment_config.instance_normalization-none__pipeline_config.raw_inference.completed_at-2026-09-26T15_49_54.637419_00_00/univariate state=completed  scaled_MASE=0.785655  inference=3.225s  coverage=1/1 timed tasks, 1800/1800/1800 finite/grid/total MASE values
chronos2__experiment_config.instance_normalization-none__pipeline_config.raw_inference.completed_at-2026-09-26T15_49_24.607194_00_00/multivariate state=completed  scaled_MASE=0.787644  inference=1.244s  coverage=1/1 timed tasks, 288/288/288 finite/grid/total MASE values
chronos2__experiment_config.instance_normalization-zscore__pipeline_config.raw_inference.completed_at-2026-09-27T14_10_12.349844_00_00/multivariate state=completed  scaled_MASE=0.787644  inference=1.252s  coverage=1/1 timed tasks, 288/288/288 finite/grid/total MASE values
chronos_bolt__experiment_config.instance_normalization-zscore__pipeline_config.raw_inference.completed_at-2026-09-27T13_57_08.031374_00_00/univariate state=completed  scaled_MASE=0.787964  inference=4.662s  coverage=1/1 timed tasks, 450/450/450 finite/grid/total MASE values
chronos_bolt__experiment_config.instance_normalization-none__pipeline_config.raw_inference.completed_at-2026-09-26T15_45_20.089987_00_00/univariate state=completed  scaled_MASE=0.787965  inference=4.685s  coverage=1/1 timed tasks, 450/450/450 finite/grid/total MASE values
ts_icl__experiment_config.instance_normalization-zscore__pipeline_config.raw_inference.completed_at-2026-09-27T14_32_51.500997_00_00/univariate state=completed  scaled_MASE=0.787990  inference=0.732s  coverage=1/1 timed tasks, 30/30/30 finite/grid/total MASE values
ts_icl__experiment_config.instance_normalization-none__pipeline_config.raw_inference.completed_at-2026-09-26T16_03_11.786602_00_00/univariate state=completed  scaled_MASE=0.787990  inference=0.732s  coverage=1/1 timed tasks, 30/30/30 finite/grid/total MASE values
ts_icl__experiment_config.instance_normalization-none__pipeline_config.raw_inference.completed_at-2026-09-26T16_07_45.465539_00_00/univariate state=completed  scaled_MASE=0.789302  inference=43.218s  coverage=1/1 timed tasks, 1800/1800/1800 finite/grid/total MASE values
ts_icl__experiment_config.instance_normalization-zscore__pipeline_config.raw_inference.completed_at-2026-09-27T14_37_26.896875_00_00/univariate state=completed  scaled_MASE=0.789302  inference=43.413s  coverage=1/1 timed tasks, 1800/1800/1800 finite/grid/total MASE values
chronos2__experiment_config.instance_normalization-none__pipeline_config.raw_inference.completed_at-2026-09-26T15_43_42.011428_00_00/multivariate state=completed  scaled_MASE=0.789323  inference=2.964s  coverage=1/1 timed tasks, 630/630/630 finite/grid/total MASE values
chronos2__experiment_config.instance_normalization-zscore__pipeline_config.raw_inference.completed_at-2026-09-27T14_04_27.915004_00_00/multivariate state=completed  scaled_MASE=0.789323  inference=3.001s  coverage=1/1 timed tasks, 630/630/630 finite/grid/total MASE values
chronos2__experiment_config.instance_normalization-zscore__pipeline_config.raw_inference.completed_at-2026-09-27T14_16_48.127804_00_00/univariate state=completed  scaled_MASE=0.795690  inference=0.247s  coverage=1/1 timed tasks, 40/40/40 finite/grid/total MASE values
chronos2__experiment_config.instance_normalization-none__pipeline_config.raw_inference.completed_at-2026-09-26T15_56_02.550081_00_00/univariate state=completed  scaled_MASE=0.795690  inference=0.250s  coverage=1/1 timed tasks, 40/40/40 finite/grid/total MASE values
ts_icl__experiment_config.instance_normalization-zscore__pipeline_config.raw_inference.completed_at-2026-09-27T15_02_34.199364_00_00/univariate state=completed  scaled_MASE=0.796474  inference=0.710s  coverage=1/1 timed tasks, 36/36/36 finite/grid/total MASE values
ts_icl__experiment_config.instance_normalization-none__pipeline_config.raw_inference.completed_at-2026-09-26T16_32_45.727670_00_00/univariate state=completed  scaled_MASE=0.796474  inference=0.705s  coverage=1/1 timed tasks, 36/36/36 finite/grid/total MASE values
ts_icl__experiment_config.instance_normalization-zscore__pipeline_config.raw_inference.completed_at-2026-09-27T14_33_13.539194_00_00/univariate state=completed  scaled_MASE=0.796590  inference=0.250s  coverage=1/1 timed tasks, 8/8/8 finite/grid/total MASE values
ts_icl__experiment_config.instance_normalization-none__pipeline_config.raw_inference.completed_at-2026-09-26T16_03_34.042014_00_00/univariate state=completed  scaled_MASE=0.796590  inference=0.249s  coverage=1/1 timed tasks, 8/8/8 finite/grid/total MASE values
chronos2__experiment_config.instance_normalization-zscore__pipeline_config.raw_inference.completed_at-2026-09-27T14_10_27.488398_00_00/multivariate state=completed  scaled_MASE=0.796892  inference=4.867s  coverage=1/1 timed tasks, 2862/2862/2928 finite/grid/total MASE values
chronos2__experiment_config.instance_normalization-none__pipeline_config.raw_inference.completed_at-2026-09-26T15_49_39.685431_00_00/multivariate state=completed  scaled_MASE=0.796892  inference=4.826s  coverage=1/1 timed tasks, 2862/2862/2928 finite/grid/total MASE values
ts_icl__experiment_config.instance_normalization-none__pipeline_config.raw_inference.completed_at-2026-09-26T16_09_17.673881_00_00/univariate state=completed  scaled_MASE=0.797062  inference=8.498s  coverage=1/1 timed tasks, 288/288/288 finite/grid/total MASE values
ts_icl__experiment_config.instance_normalization-zscore__pipeline_config.raw_inference.completed_at-2026-09-27T14_38_58.651583_00_00/univariate state=completed  scaled_MASE=0.797062  inference=8.546s  coverage=1/1 timed tasks, 288/288/288 finite/grid/total MASE values
ts_icl__experiment_config.instance_normalization-none__pipeline_config.raw_inference.completed_at-2026-09-26T16_03_32.393368_00_00/univariate state=completed  scaled_MASE=0.797120  inference=3.026s  coverage=1/1 timed tasks, 112/112/112 finite/grid/total MASE values
ts_icl__experiment_config.instance_normalization-zscore__pipeline_config.raw_inference.completed_at-2026-09-27T14_33_11.881211_00_00/univariate state=completed  scaled_MASE=0.797120  inference=2.935s  coverage=1/1 timed tasks, 112/112/112 finite/grid/total MASE values
chronos_bolt__experiment_config.instance_normalization-zscore__pipeline_config.raw_inference.completed_at-2026-09-27T15_16_11.309990_00_00/univariate state=completed  scaled_MASE=0.798018  inference=1.864s  coverage=1/1 timed tasks, 20/20/20 finite/grid/total MASE values
chronos_bolt__experiment_config.instance_normalization-none__pipeline_config.raw_inference.completed_at-2026-09-26T15_52_24.634567_00_00/univariate state=completed  scaled_MASE=0.798018  inference=1.845s  coverage=1/1 timed tasks, 20/20/20 finite/grid/total MASE values
chronos2__experiment_config.instance_normalization-none__pipeline_config.raw_inference.completed_at-2026-09-26T15_47_40.569043_00_00/univariate state=completed  scaled_MASE=0.798582  inference=0.574s  coverage=1/1 timed tasks, 112/112/112 finite/grid/total MASE values
chronos2__experiment_config.instance_normalization-zscore__pipeline_config.raw_inference.completed_at-2026-09-27T14_08_27.160127_00_00/univariate state=completed  scaled_MASE=0.798582  inference=0.582s  coverage=1/1 timed tasks, 112/112/112 finite/grid/total MASE values
ts_icl__experiment_config.instance_normalization-zscore__pipeline_config.raw_inference.completed_at-2026-09-27T14_40_15.560845_00_00/univariate state=completed  scaled_MASE=0.798737  inference=67.291s  coverage=1/1 timed tasks, 2862/2862/2928 finite/grid/total MASE values
ts_icl__experiment_config.instance_normalization-none__pipeline_config.raw_inference.completed_at-2026-09-26T16_10_35.031952_00_00/univariate state=completed  scaled_MASE=0.798737  inference=67.366s  coverage=1/1 timed tasks, 2862/2862/2928 finite/grid/total MASE values
chronos2__experiment_config.instance_normalization-zscore__pipeline_config.raw_inference.completed_at-2026-09-27T14_14_18.353717_00_00/multivariate state=completed  scaled_MASE=0.798873  inference=0.590s  coverage=1/1 timed tasks, 792/792/792 finite/grid/total MASE values
chronos2__experiment_config.instance_normalization-none__pipeline_config.raw_inference.completed_at-2026-09-26T15_53_33.873091_00_00/multivariate state=completed  scaled_MASE=0.798873  inference=0.565s  coverage=1/1 timed tasks, 792/792/792 finite/grid/total MASE values
chronos_bolt__experiment_config.instance_normalization-none__pipeline_config.raw_inference.completed_at-2026-09-26T16_06_55.799472_00_00/univariate state=completed  scaled_MASE=0.799078  inference=166.609s  coverage=1/1 timed tasks, 4428/4428/4428 finite/grid/total MASE values
chronos_bolt__experiment_config.instance_normalization-zscore__pipeline_config.raw_inference.completed_at-2026-09-27T15_30_48.832562_00_00/univariate state=completed  scaled_MASE=0.799078  inference=167.807s  coverage=1/1 timed tasks, 4428/4428/4428 finite/grid/total MASE values
ts_icl__experiment_config.instance_normalization-none__pipeline_config.raw_inference.completed_at-2026-09-26T16_00_36.082241_00_00/univariate state=completed  scaled_MASE=0.799132  inference=67.294s  coverage=1/1 timed tasks, 2430/2430/2430 finite/grid/total MASE values
ts_icl__experiment_config.instance_normalization-zscore__pipeline_config.raw_inference.completed_at-2026-09-27T14_30_16.914422_00_00/univariate state=completed  scaled_MASE=0.799132  inference=67.446s  coverage=1/1 timed tasks, 2430/2430/2430 finite/grid/total MASE values
chronos_bolt__experiment_config.instance_normalization-none__pipeline_config.raw_inference.completed_at-2026-09-26T16_07_48.889946_00_00/univariate state=completed  scaled_MASE=0.799869  inference=1.404s  coverage=1/1 timed tasks, 18/18/18 finite/grid/total MASE values
chronos_bolt__experiment_config.instance_normalization-zscore__pipeline_config.raw_inference.completed_at-2026-09-27T15_31_41.762863_00_00/univariate state=completed  scaled_MASE=0.799869  inference=1.421s  coverage=1/1 timed tasks, 18/18/18 finite/grid/total MASE values
chronos_bolt__experiment_config.instance_normalization-zscore__pipeline_config.raw_inference.completed_at-2026-09-27T13_59_05.297396_00_00/univariate state=completed  scaled_MASE=0.801074  inference=5.830s  coverage=1/1 timed tasks, 3528/3528/3528 finite/grid/total MASE values
chronos_bolt__experiment_config.instance_normalization-none__pipeline_config.raw_inference.completed_at-2026-09-26T15_47_15.799291_00_00/univariate state=completed  scaled_MASE=0.801074  inference=5.566s  coverage=1/1 timed tasks, 3528/3528/3528 finite/grid/total MASE values
chronos2__experiment_config.instance_normalization-zscore__pipeline_config.raw_inference.completed_at-2026-09-27T14_08_17.129063_00_00/univariate state=completed  scaled_MASE=0.801888  inference=0.291s  coverage=1/1 timed tasks, 60/60/60 finite/grid/total MASE values
chronos2__experiment_config.instance_normalization-none__pipeline_config.raw_inference.completed_at-2026-09-26T15_47_30.579448_00_00/univariate state=completed  scaled_MASE=0.801888  inference=0.287s  coverage=1/1 timed tasks, 60/60/60 finite/grid/total MASE values
chronos_bolt__experiment_config.instance_normalization-zscore__pipeline_config.raw_inference.completed_at-2026-09-27T15_18_28.028645_00_00/univariate state=completed  scaled_MASE=0.803067  inference=1.149s  coverage=1/1 timed tasks, 792/792/792 finite/grid/total MASE values
chronos_bolt__experiment_config.instance_normalization-none__pipeline_config.raw_inference.completed_at-2026-09-26T15_54_37.367123_00_00/univariate state=completed  scaled_MASE=0.803067  inference=1.150s  coverage=1/1 timed tasks, 792/792/792 finite/grid/total MASE values
chronos_bolt__experiment_config.instance_normalization-none__pipeline_config.raw_inference.completed_at-2026-09-26T16_07_47.396009_00_00/univariate state=completed  scaled_MASE=0.803194  inference=1.404s  coverage=1/1 timed tasks, 36/36/36 finite/grid/total MASE values
chronos_bolt__experiment_config.instance_normalization-zscore__pipeline_config.raw_inference.completed_at-2026-09-27T15_31_40.252745_00_00/univariate state=completed  scaled_MASE=0.803194  inference=1.415s  coverage=1/1 timed tasks, 36/36/36 finite/grid/total MASE values
ts_icl__experiment_config.instance_normalization-none__pipeline_config.raw_inference.completed_at-2026-09-26T16_32_46.568368_00_00/univariate state=completed  scaled_MASE=0.803483  inference=0.396s  coverage=1/1 timed tasks, 18/18/18 finite/grid/total MASE values
ts_icl__experiment_config.instance_normalization-zscore__pipeline_config.raw_inference.completed_at-2026-09-27T15_02_35.033558_00_00/univariate state=completed  scaled_MASE=0.803483  inference=0.399s  coverage=1/1 timed tasks, 18/18/18 finite/grid/total MASE values
chronos_bolt__experiment_config.instance_normalization-none__pipeline_config.raw_inference.completed_at-2026-09-26T15_43_57.504418_00_00/univariate state=completed  scaled_MASE=0.804158  inference=3.361s  coverage=1/1 timed tasks, 90/90/90 finite/grid/total MASE values
chronos_bolt__experiment_config.instance_normalization-zscore__pipeline_config.raw_inference.completed_at-2026-09-27T13_55_44.226903_00_00/univariate state=completed  scaled_MASE=0.804160  inference=3.348s  coverage=1/1 timed tasks, 90/90/90 finite/grid/total MASE values
chronos_bolt__experiment_config.instance_normalization-none__pipeline_config.raw_inference.completed_at-2026-09-26T15_47_26.753659_00_00/univariate state=completed  scaled_MASE=0.804623  inference=9.822s  coverage=1/1 timed tasks, 504/504/504 finite/grid/total MASE values
chronos_bolt__experiment_config.instance_normalization-zscore__pipeline_config.raw_inference.completed_at-2026-09-27T13_59_16.157938_00_00/univariate state=completed  scaled_MASE=0.804624  inference=9.728s  coverage=1/1 timed tasks, 504/504/504 finite/grid/total MASE values
chronos2__experiment_config.instance_normalization-none__pipeline_config.raw_inference.completed_at-2026-09-26T15_51_15.309082_00_00/multivariate state=completed  scaled_MASE=0.805583  inference=0.098s  coverage=1/1 timed tasks, 20/20/20 finite/grid/total MASE values
chronos2__experiment_config.instance_normalization-zscore__pipeline_config.raw_inference.completed_at-2026-09-27T14_11_58.666160_00_00/multivariate state=completed  scaled_MASE=0.805583  inference=0.100s  coverage=1/1 timed tasks, 20/20/20 finite/grid/total MASE values
ts_icl__experiment_config.instance_normalization-zscore__pipeline_config.raw_inference.completed_at-2026-09-27T14_52_17.607370_00_00/univariate state=completed  scaled_MASE=0.807619  inference=9.425s  coverage=1/1 timed tasks, 792/792/792 finite/grid/total MASE values
ts_icl__experiment_config.instance_normalization-none__pipeline_config.raw_inference.completed_at-2026-09-26T16_22_31.377150_00_00/univariate state=completed  scaled_MASE=0.807619  inference=9.430s  coverage=1/1 timed tasks, 792/792/792 finite/grid/total MASE values
chronos2__experiment_config.instance_normalization-none__pipeline_config.raw_inference.completed_at-2026-09-26T15_47_30.955919_00_00/univariate state=completed  scaled_MASE=0.807887  inference=0.100s  coverage=1/1 timed tasks, 20/20/20 finite/grid/total MASE values
chronos2__experiment_config.instance_normalization-zscore__pipeline_config.raw_inference.completed_at-2026-09-27T14_08_17.511379_00_00/univariate state=completed  scaled_MASE=0.807887  inference=0.102s  coverage=1/1 timed tasks, 20/20/20 finite/grid/total MASE values
ts_icl__experiment_config.instance_normalization-zscore__pipeline_config.raw_inference.completed_at-2026-09-27T14_33_12.886478_00_00/univariate state=completed  scaled_MASE=0.812418  inference=0.486s  coverage=1/1 timed tasks, 16/16/16 finite/grid/total MASE values
ts_icl__experiment_config.instance_normalization-none__pipeline_config.raw_inference.completed_at-2026-09-26T16_03_33.387940_00_00/univariate state=completed  scaled_MASE=0.812418  inference=0.484s  coverage=1/1 timed tasks, 16/16/16 finite/grid/total MASE values
chronos_bolt__experiment_config.instance_normalization-zscore__pipeline_config.raw_inference.completed_at-2026-09-27T15_14_38.890072_00_00/univariate state=completed  scaled_MASE=0.814345  inference=4.910s  coverage=1/1 timed tasks, 2862/2862/2928 finite/grid/total MASE values
chronos_bolt__experiment_config.instance_normalization-none__pipeline_config.raw_inference.completed_at-2026-09-26T15_50_53.220168_00_00/univariate state=completed  scaled_MASE=0.814345  inference=4.694s  coverage=1/1 timed tasks, 2862/2862/2928 finite/grid/total MASE values
ts_icl__experiment_config.instance_normalization-zscore__pipeline_config.raw_inference.completed_at-2026-09-27T14_41_31.294688_00_00/univariate state=completed  scaled_MASE=0.814475  inference=0.979s  coverage=1/1 timed tasks, 40/40/40 finite/grid/total MASE values
ts_icl__experiment_config.instance_normalization-none__pipeline_config.raw_inference.completed_at-2026-09-26T16_11_51.007506_00_00/univariate state=completed  scaled_MASE=0.814475  inference=0.961s  coverage=1/1 timed tasks, 40/40/40 finite/grid/total MASE values
chronos_bolt__experiment_config.instance_normalization-none__pipeline_config.raw_inference.completed_at-2026-09-26T15_50_26.168306_00_00/univariate state=completed  scaled_MASE=0.814935  inference=3.239s  coverage=1/1 timed tasks, 2016/2016/2016 finite/grid/total MASE values
chronos_bolt__experiment_config.instance_normalization-zscore__pipeline_config.raw_inference.completed_at-2026-09-27T15_14_11.468059_00_00/univariate state=completed  scaled_MASE=0.814936  inference=3.414s  coverage=1/1 timed tasks, 2016/2016/2016 finite/grid/total MASE values
chronos2__experiment_config.instance_normalization-none__pipeline_config.raw_inference.completed_at-2026-09-26T15_50_11.329123_00_00/multivariate state=completed  scaled_MASE=0.816028  inference=0.175s  coverage=1/1 timed tasks, 40/40/40 finite/grid/total MASE values
chronos2__experiment_config.instance_normalization-zscore__pipeline_config.raw_inference.completed_at-2026-09-27T14_10_56.055165_00_00/multivariate state=completed  scaled_MASE=0.816028  inference=0.177s  coverage=1/1 timed tasks, 40/40/40 finite/grid/total MASE values
ts_icl__experiment_config.instance_normalization-zscore__pipeline_config.raw_inference.completed_at-2026-09-27T14_33_04.792298_00_00/univariate state=completed  scaled_MASE=0.818215  inference=0.500s  coverage=1/1 timed tasks, 20/20/20 finite/grid/total MASE values
ts_icl__experiment_config.instance_normalization-none__pipeline_config.raw_inference.completed_at-2026-09-26T16_03_25.220219_00_00/univariate state=completed  scaled_MASE=0.818215  inference=0.489s  coverage=1/1 timed tasks, 20/20/20 finite/grid/total MASE values
ts_icl__experiment_config.instance_normalization-none__pipeline_config.raw_inference.completed_at-2026-09-26T16_03_24.322351_00_00/univariate state=completed  scaled_MASE=0.820126  inference=1.394s  coverage=1/1 timed tasks, 60/60/60 finite/grid/total MASE values
ts_icl__experiment_config.instance_normalization-zscore__pipeline_config.raw_inference.completed_at-2026-09-27T14_33_03.882319_00_00/univariate state=completed  scaled_MASE=0.820126  inference=1.401s  coverage=1/1 timed tasks, 60/60/60 finite/grid/total MASE values
chronos_bolt__experiment_config.instance_normalization-zscore__pipeline_config.raw_inference.completed_at-2026-09-27T15_14_55.226214_00_00/univariate state=completed  scaled_MASE=0.820902  inference=1.601s  coverage=1/1 timed tasks, 150/150/150 finite/grid/total MASE values
chronos_bolt__experiment_config.instance_normalization-none__pipeline_config.raw_inference.completed_at-2026-09-26T15_51_09.342246_00_00/univariate state=completed  scaled_MASE=0.820902  inference=1.565s  coverage=1/1 timed tasks, 150/150/150 finite/grid/total MASE values
chronos_bolt__experiment_config.instance_normalization-zscore__pipeline_config.raw_inference.completed_at-2026-09-27T13_59_28.113837_00_00/univariate state=completed  scaled_MASE=0.822363  inference=11.596s  coverage=1/1 timed tasks, 252/252/252 finite/grid/total MASE values
chronos_bolt__experiment_config.instance_normalization-none__pipeline_config.raw_inference.completed_at-2026-09-26T15_47_38.827413_00_00/univariate state=completed  scaled_MASE=0.822363  inference=11.712s  coverage=1/1 timed tasks, 252/252/252 finite/grid/total MASE values
chronos2__experiment_config.instance_normalization-none__pipeline_config.raw_inference.completed_at-2026-09-26T15_47_40.936798_00_00/univariate state=completed  scaled_MASE=0.824049  inference=0.075s  coverage=1/1 timed tasks, 16/16/16 finite/grid/total MASE values
chronos2__experiment_config.instance_normalization-zscore__pipeline_config.raw_inference.completed_at-2026-09-27T14_08_27.530650_00_00/univariate state=completed  scaled_MASE=0.824049  inference=0.076s  coverage=1/1 timed tasks, 16/16/16 finite/grid/total MASE values
ts_icl__experiment_config.instance_normalization-zscore__pipeline_config.raw_inference.completed_at-2026-09-27T14_54_27.391522_00_00/univariate state=completed  scaled_MASE=0.824793  inference=3.584s  coverage=1/1 timed tasks, 300/300/300 finite/grid/total MASE values
ts_icl__experiment_config.instance_normalization-none__pipeline_config.raw_inference.completed_at-2026-09-26T16_24_41.799969_00_00/univariate state=completed  scaled_MASE=0.824793  inference=3.558s  coverage=1/1 timed tasks, 300/300/300 finite/grid/total MASE values
chronos_bolt__experiment_config.instance_normalization-none__pipeline_config.raw_inference.completed_at-2026-09-26T15_45_25.976054_00_00/univariate state=completed  scaled_MASE=0.824896  inference=5.592s  coverage=1/1 timed tasks, 150/150/150 finite/grid/total MASE values
chronos_bolt__experiment_config.instance_normalization-zscore__pipeline_config.raw_inference.completed_at-2026-09-27T13_57_13.919209_00_00/univariate state=completed  scaled_MASE=0.824896  inference=5.581s  coverage=1/1 timed tasks, 150/150/150 finite/grid/total MASE values
chronos_bolt__experiment_config.instance_normalization-zscore__pipeline_config.raw_inference.completed_at-2026-09-27T13_59_49.205362_00_00/univariate state=completed  scaled_MASE=0.828975  inference=0.102s  coverage=1/1 timed tasks, 60/60/60 finite/grid/total MASE values
chronos_bolt__experiment_config.instance_normalization-none__pipeline_config.raw_inference.completed_at-2026-09-26T15_47_59.487268_00_00/univariate state=completed  scaled_MASE=0.828975  inference=0.098s  coverage=1/1 timed tasks, 60/60/60 finite/grid/total MASE values
chronos_bolt__experiment_config.instance_normalization-none__pipeline_config.raw_inference.completed_at-2026-09-26T15_57_05.887193_00_00/univariate state=completed  scaled_MASE=0.835575  inference=0.270s  coverage=1/1 timed tasks, 40/40/40 finite/grid/total MASE values
chronos_bolt__experiment_config.instance_normalization-zscore__pipeline_config.raw_inference.completed_at-2026-09-27T15_20_54.813567_00_00/univariate state=completed  scaled_MASE=0.835575  inference=0.271s  coverage=1/1 timed tasks, 40/40/40 finite/grid/total MASE values
ts_icl__experiment_config.instance_normalization-none__pipeline_config.raw_inference.completed_at-2026-09-26T16_12_04.977334_00_00/univariate state=completed  scaled_MASE=0.840263  inference=2.136s  coverage=1/1 timed tasks, 105/105/105 finite/grid/total MASE values
ts_icl__experiment_config.instance_normalization-zscore__pipeline_config.raw_inference.completed_at-2026-09-27T14_41_45.300865_00_00/univariate state=completed  scaled_MASE=0.840263  inference=2.157s  coverage=1/1 timed tasks, 105/105/105 finite/grid/total MASE values
ts_icl__experiment_config.instance_normalization-zscore__pipeline_config.raw_inference.completed_at-2026-09-27T14_30_42.449017_00_00/univariate state=completed  scaled_MASE=0.840276  inference=24.010s  coverage=1/1 timed tasks, 810/810/810 finite/grid/total MASE values
ts_icl__experiment_config.instance_normalization-none__pipeline_config.raw_inference.completed_at-2026-09-26T16_01_01.534693_00_00/univariate state=completed  scaled_MASE=0.840276  inference=23.953s  coverage=1/1 timed tasks, 810/810/810 finite/grid/total MASE values
chronos_bolt__experiment_config.instance_normalization-zscore__pipeline_config.raw_inference.completed_at-2026-09-27T15_21_14.125091_00_00/univariate state=completed  scaled_MASE=0.843047  inference=0.568s  coverage=1/1 timed tasks, 300/300/300 finite/grid/total MASE values
chronos_bolt__experiment_config.instance_normalization-none__pipeline_config.raw_inference.completed_at-2026-09-26T15_57_25.251262_00_00/univariate state=completed  scaled_MASE=0.843047  inference=0.550s  coverage=1/1 timed tasks, 300/300/300 finite/grid/total MASE values
chronos2__experiment_config.instance_normalization-none__pipeline_config.raw_inference.completed_at-2026-09-26T15_48_30.671929_00_00/multivariate state=completed  scaled_MASE=0.843553  inference=4.067s  coverage=1/1 timed tasks, 810/810/810 finite/grid/total MASE values
chronos2__experiment_config.instance_normalization-zscore__pipeline_config.raw_inference.completed_at-2026-09-27T14_09_17.089335_00_00/multivariate state=completed  scaled_MASE=0.843553  inference=4.045s  coverage=1/1 timed tasks, 810/810/810 finite/grid/total MASE values
chronos2__experiment_config.instance_normalization-none__pipeline_config.raw_inference.completed_at-2026-09-26T15_43_43.625983_00_00/multivariate state=completed  scaled_MASE=0.844542  inference=1.021s  coverage=1/1 timed tasks, 210/210/210 finite/grid/total MASE values
chronos2__experiment_config.instance_normalization-zscore__pipeline_config.raw_inference.completed_at-2026-09-27T14_04_29.549472_00_00/multivariate state=completed  scaled_MASE=0.844542  inference=1.035s  coverage=1/1 timed tasks, 210/210/210 finite/grid/total MASE values
chronos2__experiment_config.instance_normalization-none__pipeline_config.raw_inference.completed_at-2026-09-26T15_48_33.655572_00_00/multivariate state=completed  scaled_MASE=0.845619  inference=1.535s  coverage=1/1 timed tasks, 270/270/270 finite/grid/total MASE values
chronos2__experiment_config.instance_normalization-zscore__pipeline_config.raw_inference.completed_at-2026-09-27T14_09_20.063160_00_00/multivariate state=completed  scaled_MASE=0.845619  inference=1.532s  coverage=1/1 timed tasks, 270/270/270 finite/grid/total MASE values
chronos_bolt__experiment_config.instance_normalization-zscore__pipeline_config.raw_inference.completed_at-2026-09-27T13_59_59.481921_00_00/univariate state=completed  scaled_MASE=0.846071  inference=0.476s  coverage=1/1 timed tasks, 112/112/112 finite/grid/total MASE values
chronos_bolt__experiment_config.instance_normalization-none__pipeline_config.raw_inference.completed_at-2026-09-26T15_48_09.461246_00_00/univariate state=completed  scaled_MASE=0.846071  inference=0.387s  coverage=1/1 timed tasks, 112/112/112 finite/grid/total MASE values
chronos2__experiment_config.instance_normalization-none__pipeline_config.raw_inference.completed_at-2026-09-26T15_54_27.831601_00_00/multivariate state=completed  scaled_MASE=0.847262  inference=7.176s  coverage=1/1 timed tasks, 1400/1400/1400 finite/grid/total MASE values
chronos2__experiment_config.instance_normalization-zscore__pipeline_config.raw_inference.completed_at-2026-09-27T14_15_12.216454_00_00/multivariate state=completed  scaled_MASE=0.847262  inference=7.180s  coverage=1/1 timed tasks, 1400/1400/1400 finite/grid/total MASE values
chronos2__experiment_config.instance_normalization-zscore__pipeline_config.raw_inference.completed_at-2026-09-27T14_08_27.840525_00_00/univariate state=completed  scaled_MASE=0.847423  inference=0.045s  coverage=1/1 timed tasks, 8/8/8 finite/grid/total MASE values
chronos2__experiment_config.instance_normalization-none__pipeline_config.raw_inference.completed_at-2026-09-26T15_47_41.256424_00_00/univariate state=completed  scaled_MASE=0.847423  inference=0.057s  coverage=1/1 timed tasks, 8/8/8 finite/grid/total MASE values
ts_icl__experiment_config.instance_normalization-zscore__pipeline_config.raw_inference.completed_at-2026-09-27T14_36_20.606296_00_00/univariate state=completed  scaled_MASE=0.848247  inference=20.976s  coverage=1/1 timed tasks, 810/810/810 finite/grid/total MASE values
ts_icl__experiment_config.instance_normalization-none__pipeline_config.raw_inference.completed_at-2026-09-26T16_06_39.839239_00_00/univariate state=completed  scaled_MASE=0.848248  inference=20.870s  coverage=1/1 timed tasks, 810/810/810 finite/grid/total MASE values
chronos_bolt__experiment_config.instance_normalization-zscore__pipeline_config.raw_inference.completed_at-2026-09-27T15_14_17.794750_00_00/univariate state=completed  scaled_MASE=0.848721  inference=5.630s  coverage=1/1 timed tasks, 288/288/288 finite/grid/total MASE values
chronos_bolt__experiment_config.instance_normalization-none__pipeline_config.raw_inference.completed_at-2026-09-26T15_50_32.392678_00_00/univariate state=completed  scaled_MASE=0.848721  inference=5.519s  coverage=1/1 timed tasks, 288/288/288 finite/grid/total MASE values
chronos_bolt__experiment_config.instance_normalization-none__pipeline_config.raw_inference.completed_at-2026-09-26T15_48_10.275697_00_00/univariate state=completed  scaled_MASE=0.853238  inference=0.372s  coverage=1/1 timed tasks, 8/8/8 finite/grid/total MASE values
chronos_bolt__experiment_config.instance_normalization-zscore__pipeline_config.raw_inference.completed_at-2026-09-27T14_00_00.301902_00_00/univariate state=completed  scaled_MASE=0.853238  inference=0.372s  coverage=1/1 timed tasks, 8/8/8 finite/grid/total MASE values
chronos_bolt__experiment_config.instance_normalization-zscore__pipeline_config.raw_inference.completed_at-2026-09-27T13_55_21.462890_00_00/univariate state=completed  scaled_MASE=0.859894  inference=6.584s  coverage=1/1 timed tasks, 630/630/630 finite/grid/total MASE values
chronos_bolt__experiment_config.instance_normalization-none__pipeline_config.raw_inference.completed_at-2026-09-26T15_43_34.471466_00_00/univariate state=completed  scaled_MASE=0.859894  inference=7.036s  coverage=1/1 timed tasks, 630/630/630 finite/grid/total MASE values
chronos2__experiment_config.instance_normalization-zscore__pipeline_config.raw_inference.completed_at-2026-09-27T14_09_40.454690_00_00/multivariate state=completed  scaled_MASE=0.861002  inference=1.082s  coverage=1/1 timed tasks, 225/225/225 finite/grid/total MASE values
chronos2__experiment_config.instance_normalization-none__pipeline_config.raw_inference.completed_at-2026-09-26T15_48_53.914141_00_00/multivariate state=completed  scaled_MASE=0.861002  inference=1.064s  coverage=1/1 timed tasks, 225/225/225 finite/grid/total MASE values
ts_icl__experiment_config.instance_normalization-none__pipeline_config.raw_inference.completed_at-2026-09-26T16_12_02.213610_00_00/univariate state=completed  scaled_MASE=0.861531  inference=6.231s  coverage=1/1 timed tasks, 312/312/315 finite/grid/total MASE values
ts_icl__experiment_config.instance_normalization-zscore__pipeline_config.raw_inference.completed_at-2026-09-27T14_41_42.517943_00_00/univariate state=completed  scaled_MASE=0.861531  inference=6.196s  coverage=1/1 timed tasks, 312/312/315 finite/grid/total MASE values
chronos_bolt__experiment_config.instance_normalization-zscore__pipeline_config.raw_inference.completed_at-2026-09-27T13_59_49.686356_00_00/univariate state=completed  scaled_MASE=0.861618  inference=0.422s  coverage=1/1 timed tasks, 20/20/20 finite/grid/total MASE values
chronos_bolt__experiment_config.instance_normalization-none__pipeline_config.raw_inference.completed_at-2026-09-26T15_47_59.975928_00_00/univariate state=completed  scaled_MASE=0.861618  inference=0.431s  coverage=1/1 timed tasks, 20/20/20 finite/grid/total MASE values
chronos_bolt__experiment_config.instance_normalization-zscore__pipeline_config.raw_inference.completed_at-2026-09-27T15_15_06.908470_00_00/univariate state=completed  scaled_MASE=0.861949  inference=0.441s  coverage=1/1 timed tasks, 40/40/40 finite/grid/total MASE values
chronos_bolt__experiment_config.instance_normalization-none__pipeline_config.raw_inference.completed_at-2026-09-26T15_51_20.880163_00_00/univariate state=completed  scaled_MASE=0.861949  inference=0.435s  coverage=1/1 timed tasks, 40/40/40 finite/grid/total MASE values
chronos_bolt__experiment_config.instance_normalization-zscore__pipeline_config.raw_inference.completed_at-2026-09-27T15_13_47.560033_00_00/univariate state=completed  scaled_MASE=0.863424  inference=2.824s  coverage=1/1 timed tasks, 75/75/75 finite/grid/total MASE values
chronos_bolt__experiment_config.instance_normalization-none__pipeline_config.raw_inference.completed_at-2026-09-26T15_50_00.788347_00_00/univariate state=completed  scaled_MASE=0.863424  inference=2.802s  coverage=1/1 timed tasks, 75/75/75 finite/grid/total MASE values
chronos_bolt__experiment_config.instance_normalization-none__pipeline_config.raw_inference.completed_at-2026-09-26T15_49_57.796501_00_00/univariate state=completed  scaled_MASE=0.864297  inference=2.475s  coverage=1/1 timed tasks, 225/225/225 finite/grid/total MASE values
chronos_bolt__experiment_config.instance_normalization-zscore__pipeline_config.raw_inference.completed_at-2026-09-27T15_13_44.544496_00_00/univariate state=completed  scaled_MASE=0.864297  inference=2.412s  coverage=1/1 timed tasks, 225/225/225 finite/grid/total MASE values
ts_icl__experiment_config.instance_normalization-none__pipeline_config.raw_inference.completed_at-2026-09-26T16_23_30.955745_00_00/univariate state=completed  scaled_MASE=0.866769  inference=32.254s  coverage=1/1 timed tasks, 1400/1400/1400 finite/grid/total MASE values
ts_icl__experiment_config.instance_normalization-zscore__pipeline_config.raw_inference.completed_at-2026-09-27T14_53_16.873970_00_00/univariate state=completed  scaled_MASE=0.866769  inference=32.472s  coverage=1/1 timed tasks, 1400/1400/1400 finite/grid/total MASE values
chronos2__experiment_config.instance_normalization-zscore__pipeline_config.raw_inference.completed_at-2026-09-27T14_15_23.041376_00_00/multivariate state=completed  scaled_MASE=0.866902  inference=1.289s  coverage=1/1 timed tasks, 420/420/420 finite/grid/total MASE values
chronos2__experiment_config.instance_normalization-none__pipeline_config.raw_inference.completed_at-2026-09-26T15_54_38.621987_00_00/multivariate state=completed  scaled_MASE=0.866902  inference=1.283s  coverage=1/1 timed tasks, 420/420/420 finite/grid/total MASE values
ts_icl__experiment_config.instance_normalization-none__pipeline_config.raw_inference.completed_at-2026-09-26T16_23_45.381839_00_00/univariate state=completed  scaled_MASE=0.866938  inference=9.865s  coverage=1/1 timed tasks, 420/420/420 finite/grid/total MASE values
ts_icl__experiment_config.instance_normalization-zscore__pipeline_config.raw_inference.completed_at-2026-09-27T14_53_31.159490_00_00/univariate state=completed  scaled_MASE=0.866938  inference=9.691s  coverage=1/1 timed tasks, 420/420/420 finite/grid/total MASE values
chronos2__experiment_config.instance_normalization-none__pipeline_config.raw_inference.completed_at-2026-09-26T15_50_23.714072_00_00/multivariate state=completed  scaled_MASE=0.868298  inference=0.503s  coverage=1/1 timed tasks, 105/105/105 finite/grid/total MASE values
chronos2__experiment_config.instance_normalization-zscore__pipeline_config.raw_inference.completed_at-2026-09-27T14_11_08.064732_00_00/multivariate state=completed  scaled_MASE=0.868298  inference=0.506s  coverage=1/1 timed tasks, 105/105/105 finite/grid/total MASE values
chronos2__experiment_config.instance_normalization-none__pipeline_config.raw_inference.completed_at-2026-09-26T15_49_25.733402_00_00/multivariate state=completed  scaled_MASE=0.868741  inference=0.675s  coverage=1/1 timed tasks, 144/144/144 finite/grid/total MASE values
chronos2__experiment_config.instance_normalization-zscore__pipeline_config.raw_inference.completed_at-2026-09-27T14_10_13.482540_00_00/multivariate state=completed  scaled_MASE=0.868741  inference=0.676s  coverage=1/1 timed tasks, 144/144/144 finite/grid/total MASE values
chronos2__experiment_config.instance_normalization-none__pipeline_config.raw_inference.completed_at-2026-09-26T15_48_54.664121_00_00/multivariate state=completed  scaled_MASE=0.870759  inference=0.356s  coverage=1/1 timed tasks, 75/75/75 finite/grid/total MASE values
chronos2__experiment_config.instance_normalization-zscore__pipeline_config.raw_inference.completed_at-2026-09-27T14_09_41.216754_00_00/multivariate state=completed  scaled_MASE=0.870759  inference=0.360s  coverage=1/1 timed tasks, 75/75/75 finite/grid/total MASE values
ts_icl__experiment_config.instance_normalization-zscore__pipeline_config.raw_inference.completed_at-2026-09-27T14_41_46.674130_00_00/univariate state=completed  scaled_MASE=0.871158  inference=0.917s  coverage=1/1 timed tasks, 45/45/45 finite/grid/total MASE values
ts_icl__experiment_config.instance_normalization-none__pipeline_config.raw_inference.completed_at-2026-09-26T16_12_06.332146_00_00/univariate state=completed  scaled_MASE=0.871158  inference=0.906s  coverage=1/1 timed tasks, 45/45/45 finite/grid/total MASE values
chronos_bolt__experiment_config.instance_normalization-none__pipeline_config.raw_inference.completed_at-2026-09-26T15_51_32.471780_00_00/univariate state=completed  scaled_MASE=0.873659  inference=1.097s  coverage=1/1 timed tasks, 105/105/105 finite/grid/total MASE values
chronos_bolt__experiment_config.instance_normalization-zscore__pipeline_config.raw_inference.completed_at-2026-09-27T15_15_18.563294_00_00/univariate state=completed  scaled_MASE=0.873659  inference=1.126s  coverage=1/1 timed tasks, 105/105/105 finite/grid/total MASE values
chronos_bolt__experiment_config.instance_normalization-none__pipeline_config.raw_inference.completed_at-2026-09-26T15_48_09.858670_00_00/univariate state=completed  scaled_MASE=0.873788  inference=0.326s  coverage=1/1 timed tasks, 16/16/16 finite/grid/total MASE values
chronos_bolt__experiment_config.instance_normalization-zscore__pipeline_config.raw_inference.completed_at-2026-09-27T13_59_59.885028_00_00/univariate state=completed  scaled_MASE=0.873788  inference=0.331s  coverage=1/1 timed tasks, 16/16/16 finite/grid/total MASE values
ts_icl__experiment_config.instance_normalization-none__pipeline_config.raw_inference.completed_at-2026-09-26T16_07_52.159828_00_00/univariate state=completed  scaled_MASE=0.874199  inference=5.454s  coverage=1/1 timed tasks, 225/225/225 finite/grid/total MASE values
ts_icl__experiment_config.instance_normalization-zscore__pipeline_config.raw_inference.completed_at-2026-09-27T14_37_33.623104_00_00/univariate state=completed  scaled_MASE=0.874199  inference=5.509s  coverage=1/1 timed tasks, 225/225/225 finite/grid/total MASE values
chronos2__experiment_config.instance_normalization-zscore__pipeline_config.raw_inference.completed_at-2026-09-27T14_11_07.155438_00_00/multivariate state=completed  scaled_MASE=0.874323  inference=1.627s  coverage=1/1 timed tasks, 312/312/315 finite/grid/total MASE values
chronos2__experiment_config.instance_normalization-none__pipeline_config.raw_inference.completed_at-2026-09-26T15_50_22.809923_00_00/multivariate state=completed  scaled_MASE=0.874323  inference=1.624s  coverage=1/1 timed tasks, 312/312/315 finite/grid/total MASE values
ts_icl__experiment_config.instance_normalization-none__pipeline_config.raw_inference.completed_at-2026-09-26T16_07_54.679891_00_00/univariate state=completed  scaled_MASE=0.875631  inference=1.921s  coverage=1/1 timed tasks, 75/75/75 finite/grid/total MASE values
ts_icl__experiment_config.instance_normalization-zscore__pipeline_config.raw_inference.completed_at-2026-09-27T14_37_36.175829_00_00/univariate state=completed  scaled_MASE=0.875631  inference=1.933s  coverage=1/1 timed tasks, 75/75/75 finite/grid/total MASE values
chronos_bolt__experiment_config.instance_normalization-zscore__pipeline_config.raw_inference.completed_at-2026-09-27T15_15_56.897838_00_00/univariate state=completed  scaled_MASE=0.877589  inference=5.234s  coverage=1/1 timed tasks, 140/140/140 finite/grid/total MASE values
chronos_bolt__experiment_config.instance_normalization-none__pipeline_config.raw_inference.completed_at-2026-09-26T15_52_10.540675_00_00/univariate state=completed  scaled_MASE=0.877589  inference=5.179s  coverage=1/1 timed tasks, 140/140/140 finite/grid/total MASE values
chronos_bolt__experiment_config.instance_normalization-none__pipeline_config.raw_inference.completed_at-2026-09-26T15_54_57.466201_00_00/univariate state=completed  scaled_MASE=0.880035  inference=0.288s  coverage=1/1 timed tasks, 64/64/64 finite/grid/total MASE values
chronos_bolt__experiment_config.instance_normalization-zscore__pipeline_config.raw_inference.completed_at-2026-09-27T15_18_47.085268_00_00/univariate state=completed  scaled_MASE=0.880035  inference=0.294s  coverage=1/1 timed tasks, 64/64/64 finite/grid/total MASE values
ts_icl__experiment_config.instance_normalization-none__pipeline_config.raw_inference.completed_at-2026-09-26T16_09_22.797780_00_00/univariate state=completed  scaled_MASE=0.881699  inference=4.473s  coverage=1/1 timed tasks, 144/144/144 finite/grid/total MASE values
ts_icl__experiment_config.instance_normalization-zscore__pipeline_config.raw_inference.completed_at-2026-09-27T14_39_03.783305_00_00/univariate state=completed  scaled_MASE=0.881699  inference=4.488s  coverage=1/1 timed tasks, 144/144/144 finite/grid/total MASE values
ts_icl__experiment_config.instance_normalization-none__pipeline_config.raw_inference.completed_at-2026-09-26T16_11_51.810372_00_00/univariate state=completed  scaled_MASE=0.889843  inference=0.398s  coverage=1/1 timed tasks, 16/16/16 finite/grid/total MASE values
ts_icl__experiment_config.instance_normalization-zscore__pipeline_config.raw_inference.completed_at-2026-09-27T14_41_32.118246_00_00/univariate state=completed  scaled_MASE=0.889843  inference=0.403s  coverage=1/1 timed tasks, 16/16/16 finite/grid/total MASE values
chronos_bolt__experiment_config.instance_normalization-zscore__pipeline_config.raw_inference.completed_at-2026-09-27T15_19_18.598914_00_00/univariate state=completed  scaled_MASE=0.890834  inference=2.449s  coverage=1/1 timed tasks, 1400/1400/1400 finite/grid/total MASE values
chronos_bolt__experiment_config.instance_normalization-none__pipeline_config.raw_inference.completed_at-2026-09-26T15_55_28.176860_00_00/univariate state=completed  scaled_MASE=0.890834  inference=2.332s  coverage=1/1 timed tasks, 1400/1400/1400 finite/grid/total MASE values
chronos_bolt__experiment_config.instance_normalization-zscore__pipeline_config.raw_inference.completed_at-2026-09-27T15_15_17.246540_00_00/univariate state=completed  scaled_MASE=0.892551  inference=0.728s  coverage=1/1 timed tasks, 312/312/315 finite/grid/total MASE values
chronos_bolt__experiment_config.instance_normalization-none__pipeline_config.raw_inference.completed_at-2026-09-26T15_51_31.186818_00_00/univariate state=completed  scaled_MASE=0.892551  inference=0.710s  coverage=1/1 timed tasks, 312/312/315 finite/grid/total MASE values
chronos_bolt__experiment_config.instance_normalization-zscore__pipeline_config.raw_inference.completed_at-2026-09-27T15_12_54.337653_00_00/univariate state=completed  scaled_MASE=0.894634  inference=30.567s  coverage=1/1 timed tasks, 810/810/810 finite/grid/total MASE values
chronos_bolt__experiment_config.instance_normalization-none__pipeline_config.raw_inference.completed_at-2026-09-26T15_49_05.119306_00_00/univariate state=completed  scaled_MASE=0.894635  inference=30.309s  coverage=1/1 timed tasks, 810/810/810 finite/grid/total MASE values
chronos2__experiment_config.instance_normalization-none__pipeline_config.raw_inference.completed_at-2026-09-26T15_50_11.706461_00_00/multivariate state=completed  scaled_MASE=0.904207  inference=0.106s  coverage=1/1 timed tasks, 16/16/16 finite/grid/total MASE values
chronos2__experiment_config.instance_normalization-zscore__pipeline_config.raw_inference.completed_at-2026-09-27T14_10_56.426652_00_00/multivariate state=completed  scaled_MASE=0.904207  inference=0.096s  coverage=1/1 timed tasks, 16/16/16 finite/grid/total MASE values
chronos_bolt__experiment_config.instance_normalization-none__pipeline_config.raw_inference.completed_at-2026-09-26T15_50_39.241563_00_00/univariate state=completed  scaled_MASE=0.907901  inference=6.603s  coverage=1/1 timed tasks, 144/144/144 finite/grid/total MASE values
chronos_bolt__experiment_config.instance_normalization-zscore__pipeline_config.raw_inference.completed_at-2026-09-27T15_14_24.709633_00_00/univariate state=completed  scaled_MASE=0.907902  inference=6.672s  coverage=1/1 timed tasks, 144/144/144 finite/grid/total MASE values
ts_icl__experiment_config.instance_normalization-zscore__pipeline_config.raw_inference.completed_at-2026-09-27T14_54_03.457704_00_00/univariate state=completed  scaled_MASE=0.916808  inference=0.231s  coverage=1/1 timed tasks, 5/5/5 finite/grid/total MASE values
ts_icl__experiment_config.instance_normalization-none__pipeline_config.raw_inference.completed_at-2026-09-26T16_24_17.804507_00_00/univariate state=completed  scaled_MASE=0.916808  inference=0.228s  coverage=1/1 timed tasks, 5/5/5 finite/grid/total MASE values
chronos_bolt__experiment_config.instance_normalization-none__pipeline_config.raw_inference.completed_at-2026-09-26T15_55_38.573670_00_00/univariate state=completed  scaled_MASE=0.917641  inference=0.850s  coverage=1/1 timed tasks, 420/420/420 finite/grid/total MASE values
chronos_bolt__experiment_config.instance_normalization-zscore__pipeline_config.raw_inference.completed_at-2026-09-27T15_19_29.071961_00_00/univariate state=completed  scaled_MASE=0.917641  inference=0.878s  coverage=1/1 timed tasks, 420/420/420 finite/grid/total MASE values
chronos2__experiment_config.instance_normalization-none__pipeline_config.raw_inference.completed_at-2026-09-26T15_53_43.404506_00_00/univariate state=completed  scaled_MASE=0.917693  inference=0.248s  coverage=1/1 timed tasks, 45/45/45 finite/grid/total MASE values
chronos2__experiment_config.instance_normalization-zscore__pipeline_config.raw_inference.completed_at-2026-09-27T14_14_27.850593_00_00/univariate state=completed  scaled_MASE=0.917693  inference=0.252s  coverage=1/1 timed tasks, 45/45/45 finite/grid/total MASE values
ts_icl__experiment_config.instance_normalization-zscore__pipeline_config.raw_inference.completed_at-2026-09-27T14_14_32.507827_00_00/univariate state=completed  scaled_MASE=0.920376  inference=15.321s  coverage=1/1 timed tasks, 630/630/630 finite/grid/total MASE values
ts_icl__experiment_config.instance_normalization-none__pipeline_config.raw_inference.completed_at-2026-09-26T15_44_55.697653_00_00/univariate state=completed  scaled_MASE=0.920376  inference=15.171s  coverage=1/1 timed tasks, 630/630/630 finite/grid/total MASE values
chronos_bolt__experiment_config.instance_normalization-zscore__pipeline_config.raw_inference.completed_at-2026-09-27T15_13_27.830712_00_00/univariate state=completed  scaled_MASE=0.922731  inference=32.138s  coverage=1/1 timed tasks, 270/270/270 finite/grid/total MASE values
chronos_bolt__experiment_config.instance_normalization-none__pipeline_config.raw_inference.completed_at-2026-09-26T15_49_38.648611_00_00/univariate state=completed  scaled_MASE=0.922745  inference=32.159s  coverage=1/1 timed tasks, 270/270/270 finite/grid/total MASE values
ts_icl__experiment_config.instance_normalization-zscore__pipeline_config.raw_inference.completed_at-2026-09-27T14_52_22.752560_00_00/univariate state=completed  scaled_MASE=0.924736  inference=0.796s  coverage=1/1 timed tasks, 45/45/45 finite/grid/total MASE values
ts_icl__experiment_config.instance_normalization-none__pipeline_config.raw_inference.completed_at-2026-09-26T16_22_36.905392_00_00/univariate state=completed  scaled_MASE=0.924736  inference=1.223s  coverage=1/1 timed tasks, 45/45/45 finite/grid/total MASE values
ts_icl__experiment_config.instance_normalization-zscore__pipeline_config.raw_inference.completed_at-2026-09-27T14_14_38.739316_00_00/univariate state=completed  scaled_MASE=0.932270  inference=5.417s  coverage=1/1 timed tasks, 210/210/210 finite/grid/total MASE values
ts_icl__experiment_config.instance_normalization-none__pipeline_config.raw_inference.completed_at-2026-09-26T15_45_01.873570_00_00/univariate state=completed  scaled_MASE=0.932270  inference=5.356s  coverage=1/1 timed tasks, 210/210/210 finite/grid/total MASE values
ts_icl__experiment_config.instance_normalization-zscore__pipeline_config.raw_inference.completed_at-2026-09-27T14_36_36.848027_00_00/univariate state=completed  scaled_MASE=0.935437  inference=14.467s  coverage=1/1 timed tasks, 270/270/270 finite/grid/total MASE values
ts_icl__experiment_config.instance_normalization-none__pipeline_config.raw_inference.completed_at-2026-09-26T16_06_55.979969_00_00/univariate state=completed  scaled_MASE=0.935437  inference=14.443s  coverage=1/1 timed tasks, 270/270/270 finite/grid/total MASE values
chronos_bolt__experiment_config.instance_normalization-zscore__pipeline_config.raw_inference.completed_at-2026-09-27T15_15_19.532456_00_00/univariate state=completed  scaled_MASE=0.941352  inference=0.856s  coverage=1/1 timed tasks, 45/45/45 finite/grid/total MASE values
chronos_bolt__experiment_config.instance_normalization-none__pipeline_config.raw_inference.completed_at-2026-09-26T15_51_33.421927_00_00/univariate state=completed  scaled_MASE=0.941352  inference=0.839s  coverage=1/1 timed tasks, 45/45/45 finite/grid/total MASE values
chronos2__experiment_config.instance_normalization-zscore__pipeline_config.raw_inference.completed_at-2026-09-27T14_11_08.602036_00_00/multivariate state=completed  scaled_MASE=0.941662  inference=0.212s  coverage=1/1 timed tasks, 45/45/45 finite/grid/total MASE values
chronos2__experiment_config.instance_normalization-none__pipeline_config.raw_inference.completed_at-2026-09-26T15_50_24.246215_00_00/multivariate state=completed  scaled_MASE=0.941662  inference=0.210s  coverage=1/1 timed tasks, 45/45/45 finite/grid/total MASE values
chronos_bolt__experiment_config.instance_normalization-none__pipeline_config.raw_inference.completed_at-2026-09-26T15_43_42.647011_00_00/univariate state=completed  scaled_MASE=0.942405  inference=7.772s  coverage=1/1 timed tasks, 210/210/210 finite/grid/total MASE values
chronos_bolt__experiment_config.instance_normalization-zscore__pipeline_config.raw_inference.completed_at-2026-09-27T13_55_29.610426_00_00/univariate state=completed  scaled_MASE=0.942405  inference=7.741s  coverage=1/1 timed tasks, 210/210/210 finite/grid/total MASE values
chronos2__experiment_config.instance_normalization-zscore__pipeline_config.raw_inference.completed_at-2026-09-27T14_14_37.143989_00_00/univariate state=completed  scaled_MASE=0.946863  inference=0.267s  coverage=1/1 timed tasks, 64/64/64 finite/grid/total MASE values
chronos2__experiment_config.instance_normalization-none__pipeline_config.raw_inference.completed_at-2026-09-26T15_53_52.688939_00_00/univariate state=completed  scaled_MASE=0.946863  inference=0.264s  coverage=1/1 timed tasks, 64/64/64 finite/grid/total MASE values
chronos_bolt__experiment_config.instance_normalization-zscore__pipeline_config.raw_inference.completed_at-2026-09-27T15_15_07.274686_00_00/univariate state=completed  scaled_MASE=0.947041  inference=0.305s  coverage=1/1 timed tasks, 16/16/16 finite/grid/total MASE values
chronos_bolt__experiment_config.instance_normalization-none__pipeline_config.raw_inference.completed_at-2026-09-26T15_51_21.235337_00_00/univariate state=completed  scaled_MASE=0.947041  inference=0.297s  coverage=1/1 timed tasks, 16/16/16 finite/grid/total MASE values
ts_icl__experiment_config.instance_normalization-zscore__pipeline_config.raw_inference.completed_at-2026-09-27T14_37_52.031320_00_00/univariate state=completed  scaled_MASE=0.950458  inference=0.387s  coverage=1/1 timed tasks, 15/15/15 finite/grid/total MASE values
ts_icl__experiment_config.instance_normalization-none__pipeline_config.raw_inference.completed_at-2026-09-26T16_08_11.081393_00_00/univariate state=completed  scaled_MASE=0.950458  inference=0.379s  coverage=1/1 timed tasks, 15/15/15 finite/grid/total MASE values
chronos_bolt__experiment_config.instance_normalization-zscore__pipeline_config.raw_inference.completed_at-2026-09-27T13_56_46.705403_00_00/univariate state=completed  scaled_MASE=0.957924  inference=16.377s  coverage=1/1 timed tasks, 300/300/300 finite/grid/total MASE values
chronos_bolt__experiment_config.instance_normalization-none__pipeline_config.raw_inference.completed_at-2026-09-26T15_44_59.079417_00_00/univariate state=completed  scaled_MASE=0.957925  inference=16.540s  coverage=1/1 timed tasks, 300/300/300 finite/grid/total MASE values
chronos_bolt__experiment_config.instance_normalization-zscore__pipeline_config.raw_inference.completed_at-2026-09-27T13_56_29.616493_00_00/univariate state=completed  scaled_MASE=0.960806  inference=17.206s  coverage=1/1 timed tasks, 900/900/900 finite/grid/total MASE values
chronos_bolt__experiment_config.instance_normalization-none__pipeline_config.raw_inference.completed_at-2026-09-26T15_44_41.816363_00_00/univariate state=completed  scaled_MASE=0.960807  inference=17.393s  coverage=1/1 timed tasks, 900/900/900 finite/grid/total MASE values
ts_icl__experiment_config.instance_normalization-none__pipeline_config.raw_inference.completed_at-2026-09-26T16_08_10.313554_00_00/univariate state=completed  scaled_MASE=0.974199  inference=1.091s  coverage=1/1 timed tasks, 45/45/45 finite/grid/total MASE values
ts_icl__experiment_config.instance_normalization-zscore__pipeline_config.raw_inference.completed_at-2026-09-27T14_37_51.237120_00_00/univariate state=completed  scaled_MASE=0.974200  inference=1.109s  coverage=1/1 timed tasks, 45/45/45 finite/grid/total MASE values
chronos_bolt__experiment_config.instance_normalization-zscore__pipeline_config.raw_inference.completed_at-2026-09-27T13_55_47.742519_00_00/univariate state=completed  scaled_MASE=0.975926  inference=3.357s  coverage=1/1 timed tasks, 30/30/30 finite/grid/total MASE values
chronos_bolt__experiment_config.instance_normalization-none__pipeline_config.raw_inference.completed_at-2026-09-26T15_44_01.047999_00_00/univariate state=completed  scaled_MASE=0.975985  inference=3.388s  coverage=1/1 timed tasks, 30/30/30 finite/grid/total MASE values
chronos_bolt__experiment_config.instance_normalization-zscore__pipeline_config.raw_inference.completed_at-2026-09-27T15_18_37.645978_00_00/univariate state=completed  scaled_MASE=0.996163  inference=0.277s  coverage=1/1 timed tasks, 45/45/45 finite/grid/total MASE values
chronos_bolt__experiment_config.instance_normalization-none__pipeline_config.raw_inference.completed_at-2026-09-26T15_54_48.077915_00_00/univariate state=completed  scaled_MASE=0.996163  inference=0.444s  coverage=1/1 timed tasks, 45/45/45 finite/grid/total MASE values
ts_icl__experiment_config.instance_normalization-zscore__pipeline_config.raw_inference.completed_at-2026-09-27T14_15_06.110910_00_00/univariate state=completed  scaled_MASE=1.001221  inference=1.582s  coverage=1/1 timed tasks, 30/30/30 finite/grid/total MASE values
ts_icl__experiment_config.instance_normalization-none__pipeline_config.raw_inference.completed_at-2026-09-26T15_45_28.747308_00_00/univariate state=completed  scaled_MASE=1.001222  inference=1.567s  coverage=1/1 timed tasks, 30/30/30 finite/grid/total MASE values
chronos2__experiment_config.instance_normalization-zscore__pipeline_config.raw_inference.completed_at-2026-09-27T14_14_55.872291_00_00/multivariate state=completed  scaled_MASE=1.009700  inference=0.224s  coverage=1/1 timed tasks, 36/36/36 finite/grid/total MASE values
chronos2__experiment_config.instance_normalization-none__pipeline_config.raw_inference.completed_at-2026-09-26T15_54_11.319860_00_00/multivariate state=completed  scaled_MASE=1.009700  inference=0.224s  coverage=1/1 timed tasks, 36/36/36 finite/grid/total MASE values
chronos_bolt__experiment_config.instance_normalization-none__pipeline_config.raw_inference.completed_at-2026-09-26T15_47_00.563033_00_00/univariate state=completed  scaled_MASE=1.031794  inference=22.958s  coverage=1/1 timed tasks, 810/810/810 finite/grid/total MASE values
chronos_bolt__experiment_config.instance_normalization-zscore__pipeline_config.raw_inference.completed_at-2026-09-27T13_58_49.592570_00_00/univariate state=completed  scaled_MASE=1.031794  inference=22.678s  coverage=1/1 timed tasks, 810/810/810 finite/grid/total MASE values
ts_icl__experiment_config.instance_normalization-zscore__pipeline_config.raw_inference.completed_at-2026-09-27T14_52_40.146907_00_00/univariate state=completed  scaled_MASE=1.037134  inference=1.019s  coverage=1/1 timed tasks, 36/36/36 finite/grid/total MASE values
ts_icl__experiment_config.instance_normalization-none__pipeline_config.raw_inference.completed_at-2026-09-26T16_22_54.440894_00_00/univariate state=completed  scaled_MASE=1.037134  inference=1.000s  coverage=1/1 timed tasks, 36/36/36 finite/grid/total MASE values
ts_icl__experiment_config.instance_normalization-none__pipeline_config.raw_inference.completed_at-2026-09-26T16_23_50.018373_00_00/univariate state=completed  scaled_MASE=1.037518  inference=0.405s  coverage=1/1 timed tasks, 8/8/8 finite/grid/total MASE values
ts_icl__experiment_config.instance_normalization-zscore__pipeline_config.raw_inference.completed_at-2026-09-27T14_53_35.681148_00_00/univariate state=completed  scaled_MASE=1.037519  inference=0.255s  coverage=1/1 timed tasks, 8/8/8 finite/grid/total MASE values
chronos_bolt__experiment_config.instance_normalization-none__pipeline_config.raw_inference.completed_at-2026-09-26T15_56_47.002109_00_00/univariate state=completed  scaled_MASE=1.071555  inference=0.235s  coverage=1/1 timed tasks, 5/5/5 finite/grid/total MASE values
chronos_bolt__experiment_config.instance_normalization-zscore__pipeline_config.raw_inference.completed_at-2026-09-27T15_20_35.755413_00_00/univariate state=completed  scaled_MASE=1.071555  inference=0.226s  coverage=1/1 timed tasks, 5/5/5 finite/grid/total MASE values
chronos_bolt__experiment_config.instance_normalization-zscore__pipeline_config.raw_inference.completed_at-2026-09-27T15_19_06.822117_00_00/univariate state=completed  scaled_MASE=1.077968  inference=0.271s  coverage=1/1 timed tasks, 36/36/36 finite/grid/total MASE values
chronos_bolt__experiment_config.instance_normalization-none__pipeline_config.raw_inference.completed_at-2026-09-26T15_55_16.526428_00_00/univariate state=completed  scaled_MASE=1.077968  inference=0.305s  coverage=1/1 timed tasks, 36/36/36 finite/grid/total MASE values
chronos_bolt__experiment_config.instance_normalization-none__pipeline_config.raw_inference.completed_at-2026-09-26T15_46_36.440621_00_00/univariate state=completed  scaled_MASE=1.085225  inference=25.103s  coverage=1/1 timed tasks, 2430/2430/2430 finite/grid/total MASE values
chronos_bolt__experiment_config.instance_normalization-zscore__pipeline_config.raw_inference.completed_at-2026-09-27T13_58_25.759099_00_00/univariate state=completed  scaled_MASE=1.085225  inference=25.047s  coverage=1/1 timed tasks, 2430/2430/2430 finite/grid/total MASE values
chronos2__experiment_config.instance_normalization-none__pipeline_config.raw_inference.completed_at-2026-09-26T15_54_47.983176_00_00/multivariate state=completed  scaled_MASE=1.155223  inference=0.211s  coverage=1/1 timed tasks, 8/8/8 finite/grid/total MASE values
chronos2__experiment_config.instance_normalization-zscore__pipeline_config.raw_inference.completed_at-2026-09-27T14_15_32.471755_00_00/multivariate state=completed  scaled_MASE=1.155224  inference=0.213s  coverage=1/1 timed tasks, 8/8/8 finite/grid/total MASE values
ts_icl__experiment_config.instance_normalization-none__pipeline_config.raw_inference.completed_at-2026-09-26T16_22_42.213998_00_00/univariate state=completed  scaled_MASE=1.213494  inference=1.155s  coverage=1/1 timed tasks, 64/64/64 finite/grid/total MASE values
ts_icl__experiment_config.instance_normalization-zscore__pipeline_config.raw_inference.completed_at-2026-09-27T14_52_27.798771_00_00/univariate state=completed  scaled_MASE=1.213494  inference=0.919s  coverage=1/1 timed tasks, 64/64/64 finite/grid/total MASE values
chronos_bolt__experiment_config.instance_normalization-none__pipeline_config.raw_inference.completed_at-2026-09-26T15_50_13.749029_00_00/univariate state=completed  scaled_MASE=1.289842  inference=0.428s  coverage=1/1 timed tasks, 15/15/15 finite/grid/total MASE values
chronos_bolt__experiment_config.instance_normalization-zscore__pipeline_config.raw_inference.completed_at-2026-09-27T15_13_58.755768_00_00/univariate state=completed  scaled_MASE=1.289842  inference=0.436s  coverage=1/1 timed tasks, 15/15/15 finite/grid/total MASE values
chronos_bolt__experiment_config.instance_normalization-none__pipeline_config.raw_inference.completed_at-2026-09-26T15_50_13.260754_00_00/univariate state=completed  scaled_MASE=1.367947  inference=0.476s  coverage=1/1 timed tasks, 45/45/45 finite/grid/total MASE values
chronos_bolt__experiment_config.instance_normalization-zscore__pipeline_config.raw_inference.completed_at-2026-09-27T15_13_58.259843_00_00/univariate state=completed  scaled_MASE=1.367948  inference=0.482s  coverage=1/1 timed tasks, 45/45/45 finite/grid/total MASE values
chronos_bolt__experiment_config.instance_normalization-none__pipeline_config.raw_inference.completed_at-2026-09-26T15_55_48.059660_00_00/univariate state=completed  scaled_MASE=1.523767  inference=0.230s  coverage=1/1 timed tasks, 8/8/8 finite/grid/total MASE values
chronos_bolt__experiment_config.instance_normalization-zscore__pipeline_config.raw_inference.completed_at-2026-09-27T15_19_38.589649_00_00/univariate state=completed  scaled_MASE=1.523767  inference=0.229s  coverage=1/1 timed tasks, 8/8/8 finite/grid/total MASE values
2026-09-27 17:47:43 | task foundation_ablation experiment=instance_normalization outputs=/scratch/users/h61084/codes/evaluating_tsfms/outputs/reports/instance_normalization/selena_instance_normalization_20260927T131553Z_36892 completed status=success
2026-09-27 17:47:43 | stage summarize completed status=success
2026-09-27 17:47:43 | workflow instance_normalization_summary completed status=success exit_code=0
