[2026-09-27 14:10:48 UTC] resources allocation {"CUDA_VISIBLE_DEVICES": "0", "SLURM_CPUS_PER_TASK": "8", "SLURM_JOB_GPUS": "0,1,2,3", "SLURM_JOB_ID": "3584829", "SLURM_MEM_PER_CPU": "unset", "SLURM_MEM_PER_NODE": "80000", "SLURM_STEP_GPUS": "0", "SLURM_STEP_ID": "0", "TIME_DEVICE": "unset", "cpu_count": 8, "host": "sean0003"}
[2026-09-27 14:10:48 UTC] resources RAM {"MemAvailable_MiB": 368521.75390625, "MemTotal_MiB": 386622.86328125, "cgroup_reason": "memory.max is unlimited", "cgroup_status": "unlimited"}
[2026-09-27 14:10:48 UTC] resources nvidia_inventory {"columns": "index,uuid,name,driver,total_MiB,free_MiB,used_MiB", "devices": ["0, GPU-278171c2-c035-6646-8ac7-af452a78b698, NVIDIA H100 NVL, 560.35.05, 95830, 95350, 1"]}
[2026-09-27 14:10:50 UTC] resources torch {"cuda_available": true, "note": "visibility probe; CPU-only stages need not use an allocated GPU", "version": "2.9.1+cu128", "visible_gpu_count": 1}
[2026-09-27 14:10:50 UTC] resources cuda_device {"capability": "9.0", "free_MiB": 94825.125, "logical_index": 0, "name": "NVIDIA H100 NVL", "total_MiB": 95350.1875}
2026-09-27 16:10:50 | workflow instance_normalization started launch_id=selena_instance_normalization_20260927T131553Z_36892 task=ts_icl slurm_job_id=3584829 slurm_array_job_id=none slurm_array_task_id=none
2026-09-27 16:10:50 | stage evaluate started
2026-09-27 16:10:50 | task model=ts_icl runner=run_tsicl.sh environment=uv covariate_mode=none target_mode=auto context_length=model_default instance_normalization=none started
[2026-09-27 16:10:50] TIME runner: run_tsicl.sh
[2026-09-27 16:10:50] datasets: /scratch/users/h61084/datasets/hf_dataset
[2026-09-27 16:10:50] weights: /scratch/users/h61084/weights
[2026-09-27 16:10:50] outputs: /scratch/users/h61084/codes/evaluating_tsfms/outputs
[2026-09-27 16:10:50] covariate mode: none
[2026-09-27 16:10:50] target mode: auto
[2026-09-27 16:10:50] context length: model_default
[2026-09-27 16:10:50] instance normalization: none

############################################################
# Dataset 1/1: Water_Quality_Darwin/15T
############################################################
[2026-09-27 14:10:54 UTC] resources selected_device {"device": "cuda", "model": "ts_icl", "stage": "forecast"}
Loading configuration...

============================================================
Dataset: Water_Quality_Darwin/15T
Terms: ['short', 'medium', 'long']
Covariate mode: none
Instance normalization: none
============================================================

--- Term: short ---
  Config: prediction_length=16, test_length=1440, val_length=1440
TIME run allocation action=skip run=/fslarge/scratch/users/h61084/codes/evaluating_tsfms/outputs/foundation_models/inference/ts_icl/univariate/Water_Quality_Darwin/15T/short/run_0 source_launch=selena_20260926T154139Z_65000 launch_id=selena_instance_normalization_20260927T131553Z_36892 slurm_job_id=3584829 launched_at=2026-09-27T14:10:54.105810+00:00
TIME run allocation action=new run=/fslarge/scratch/users/h61084/codes/evaluating_tsfms/outputs/instance_normalization/tasks/ts_icl/normalization/none/univariate/Water_Quality_Darwin/15T/short/run_0 launch_id=selena_instance_normalization_20260927T131553Z_36892 slurm_job_id=3584829 launched_at=2026-09-27T14:10:54.126677+00:00
    Total instances: 3780, Series during experiment: 42, Windows: 90
    Collecting ground truth and context...
    Detected to_univariate case: 42 flat series -> 7 series x 6 variates
    Organizing data into arrays...
    Saved predictions (quantiles) to /fslarge/scratch/users/h61084/codes/evaluating_tsfms/outputs/instance_normalization/tasks/ts_icl/normalization/none/univariate/Water_Quality_Darwin/15T/short/run_0/predictions.npz
    Computing per-window metrics...
    Saved metrics to /fslarge/scratch/users/h61084/codes/evaluating_tsfms/outputs/instance_normalization/tasks/ts_icl/normalization/none/univariate/Water_Quality_Darwin/15T/short/run_0/metrics.npz
    Saved config to /fslarge/scratch/users/h61084/codes/evaluating_tsfms/outputs/instance_normalization/tasks/ts_icl/normalization/none/univariate/Water_Quality_Darwin/15T/short/run_0/config.json
    Saved aggregate metrics to /fslarge/scratch/users/h61084/codes/evaluating_tsfms/outputs/instance_normalization/tasks/ts_icl/normalization/none/univariate/Water_Quality_Darwin/15T/short/run_0/metrics_summary.json
    Metrics summary (averaged over all series/windows/variates):
      MSE: 2.4406
      MAE: 0.4819
      RMSE: 0.5741
      MAPE: 0.0637
      sMAPE: 0.0586
      MASE: 0.6738
      ND: 0.0608
      CRPS: 0.0481
  Reused raw inference: /fslarge/scratch/users/h61084/codes/evaluating_tsfms/outputs/foundation_models/inference/ts_icl/univariate/Water_Quality_Darwin/15T/short/run_0

--- Term: medium ---
  Config: prediction_length=96, test_length=1440, val_length=1440
TIME run allocation action=skip run=/fslarge/scratch/users/h61084/codes/evaluating_tsfms/outputs/foundation_models/inference/ts_icl/univariate/Water_Quality_Darwin/15T/medium/run_0 source_launch=selena_20260926T154139Z_65000 launch_id=selena_instance_normalization_20260927T131553Z_36892 slurm_job_id=3584829 launched_at=2026-09-27T14:10:55.385463+00:00
TIME run allocation action=new run=/fslarge/scratch/users/h61084/codes/evaluating_tsfms/outputs/instance_normalization/tasks/ts_icl/normalization/none/univariate/Water_Quality_Darwin/15T/medium/run_0 launch_id=selena_instance_normalization_20260927T131553Z_36892 slurm_job_id=3584829 launched_at=2026-09-27T14:10:55.403862+00:00
    Total instances: 630, Series during experiment: 42, Windows: 15
    Collecting ground truth and context...
    Detected to_univariate case: 42 flat series -> 7 series x 6 variates
    Organizing data into arrays...
    Saved predictions (quantiles) to /fslarge/scratch/users/h61084/codes/evaluating_tsfms/outputs/instance_normalization/tasks/ts_icl/normalization/none/univariate/Water_Quality_Darwin/15T/medium/run_0/predictions.npz
    Computing per-window metrics...
    Saved metrics to /fslarge/scratch/users/h61084/codes/evaluating_tsfms/outputs/instance_normalization/tasks/ts_icl/normalization/none/univariate/Water_Quality_Darwin/15T/medium/run_0/metrics.npz
    Saved config to /fslarge/scratch/users/h61084/codes/evaluating_tsfms/outputs/instance_normalization/tasks/ts_icl/normalization/none/univariate/Water_Quality_Darwin/15T/medium/run_0/config.json
    Saved aggregate metrics to /fslarge/scratch/users/h61084/codes/evaluating_tsfms/outputs/instance_normalization/tasks/ts_icl/normalization/none/univariate/Water_Quality_Darwin/15T/medium/run_0/metrics_summary.json
    Metrics summary (averaged over all series/windows/variates):
      MSE: 4.1850
      MAE: 0.6728
      RMSE: 0.8521
      MAPE: 0.0875
      sMAPE: 0.0761
      MASE: 1.0025
      ND: 0.0756
      CRPS: 0.0602
  Reused raw inference: /fslarge/scratch/users/h61084/codes/evaluating_tsfms/outputs/foundation_models/inference/ts_icl/univariate/Water_Quality_Darwin/15T/medium/run_0

--- Term: long ---
  Config: prediction_length=288, test_length=1440, val_length=1440
TIME run allocation action=skip run=/fslarge/scratch/users/h61084/codes/evaluating_tsfms/outputs/foundation_models/inference/ts_icl/univariate/Water_Quality_Darwin/15T/long/run_0 source_launch=selena_20260926T154139Z_65000 launch_id=selena_instance_normalization_20260927T131553Z_36892 slurm_job_id=3584829 launched_at=2026-09-27T14:10:55.702294+00:00
TIME run allocation action=new run=/fslarge/scratch/users/h61084/codes/evaluating_tsfms/outputs/instance_normalization/tasks/ts_icl/normalization/none/univariate/Water_Quality_Darwin/15T/long/run_0 launch_id=selena_instance_normalization_20260927T131553Z_36892 slurm_job_id=3584829 launched_at=2026-09-27T14:10:55.718904+00:00
    Total instances: 210, Series during experiment: 42, Windows: 5
    Collecting ground truth and context...
    Detected to_univariate case: 42 flat series -> 7 series x 6 variates
    Organizing data into arrays...
    Saved predictions (quantiles) to /fslarge/scratch/users/h61084/codes/evaluating_tsfms/outputs/instance_normalization/tasks/ts_icl/normalization/none/univariate/Water_Quality_Darwin/15T/long/run_0/predictions.npz
    Computing per-window metrics...
    Saved metrics to /fslarge/scratch/users/h61084/codes/evaluating_tsfms/outputs/instance_normalization/tasks/ts_icl/normalization/none/univariate/Water_Quality_Darwin/15T/long/run_0/metrics.npz
    Saved config to /fslarge/scratch/users/h61084/codes/evaluating_tsfms/outputs/instance_normalization/tasks/ts_icl/normalization/none/univariate/Water_Quality_Darwin/15T/long/run_0/config.json
    Saved aggregate metrics to /fslarge/scratch/users/h61084/codes/evaluating_tsfms/outputs/instance_normalization/tasks/ts_icl/normalization/none/univariate/Water_Quality_Darwin/15T/long/run_0/metrics_summary.json
    Metrics summary (averaged over all series/windows/variates):
      MSE: 9.9407
      MAE: 0.9790
      RMSE: 1.2299
      MAPE: 0.1198
      sMAPE: 0.0988
      MASE: 1.4835
      ND: 0.0985
      CRPS: 0.0784
  Reused raw inference: /fslarge/scratch/users/h61084/codes/evaluating_tsfms/outputs/foundation_models/inference/ts_icl/univariate/Water_Quality_Darwin/15T/long/run_0

============================================================
All experiments completed!
Results saved to: /scratch/users/h61084/codes/evaluating_tsfms/outputs/instance_normalization/tasks
============================================================

############################################################
# All 1 dataset(s) completed!
############################################################

############################################################
# Dataset 1/1: current_velocity/5T
############################################################
[2026-09-27 14:10:59 UTC] resources selected_device {"device": "cuda", "model": "ts_icl", "stage": "forecast"}
Loading configuration...

============================================================
Dataset: current_velocity/5T
Terms: ['short', 'medium', 'long']
Covariate mode: none
Instance normalization: none
============================================================

--- Term: short ---
  Config: prediction_length=36, test_length=4320, val_length=4320
TIME run allocation action=skip run=/fslarge/scratch/users/h61084/codes/evaluating_tsfms/outputs/foundation_models/inference/ts_icl/univariate/current_velocity/5T/short/run_0 source_launch=selena_20260926T154139Z_65000 launch_id=selena_instance_normalization_20260927T131553Z_36892 slurm_job_id=3584829 launched_at=2026-09-27T14:10:59.262296+00:00
TIME run allocation action=new run=/fslarge/scratch/users/h61084/codes/evaluating_tsfms/outputs/instance_normalization/tasks/ts_icl/normalization/none/univariate/current_velocity/5T/short/run_0 launch_id=selena_instance_normalization_20260927T131553Z_36892 slurm_job_id=3584829 launched_at=2026-09-27T14:10:59.275188+00:00
    Total instances: 720, Series during experiment: 6, Windows: 120
    Collecting ground truth and context...
    Detected to_univariate case: 6 flat series -> 1 series x 6 variates
    Organizing data into arrays...
    Saved predictions (quantiles) to /fslarge/scratch/users/h61084/codes/evaluating_tsfms/outputs/instance_normalization/tasks/ts_icl/normalization/none/univariate/current_velocity/5T/short/run_0/predictions.npz
    Computing per-window metrics...
    Saved metrics to /fslarge/scratch/users/h61084/codes/evaluating_tsfms/outputs/instance_normalization/tasks/ts_icl/normalization/none/univariate/current_velocity/5T/short/run_0/metrics.npz
    Saved config to /fslarge/scratch/users/h61084/codes/evaluating_tsfms/outputs/instance_normalization/tasks/ts_icl/normalization/none/univariate/current_velocity/5T/short/run_0/config.json
    Saved aggregate metrics to /fslarge/scratch/users/h61084/codes/evaluating_tsfms/outputs/instance_normalization/tasks/ts_icl/normalization/none/univariate/current_velocity/5T/short/run_0/metrics_summary.json
    Metrics summary (averaged over all series/windows/variates):
      MSE: 3.1018
      MAE: 0.5676
      RMSE: 0.6768
      MAPE: 0.4209
      sMAPE: 0.3450
      MASE: 0.4067
      ND: 0.2929
      CRPS: 0.2302
  Reused raw inference: /fslarge/scratch/users/h61084/codes/evaluating_tsfms/outputs/foundation_models/inference/ts_icl/univariate/current_velocity/5T/short/run_0

--- Term: medium ---
  Config: prediction_length=288, test_length=4320, val_length=4320
TIME run allocation action=skip run=/fslarge/scratch/users/h61084/codes/evaluating_tsfms/outputs/foundation_models/inference/ts_icl/univariate/current_velocity/5T/medium/run_0 source_launch=selena_20260926T154139Z_65000 launch_id=selena_instance_normalization_20260927T131553Z_36892 slurm_job_id=3584829 launched_at=2026-09-27T14:10:59.591268+00:00
TIME run allocation action=new run=/fslarge/scratch/users/h61084/codes/evaluating_tsfms/outputs/instance_normalization/tasks/ts_icl/normalization/none/univariate/current_velocity/5T/medium/run_0 launch_id=selena_instance_normalization_20260927T131553Z_36892 slurm_job_id=3584829 launched_at=2026-09-27T14:10:59.602509+00:00
    Total instances: 90, Series during experiment: 6, Windows: 15
    Collecting ground truth and context...
    Detected to_univariate case: 6 flat series -> 1 series x 6 variates
    Organizing data into arrays...
    Saved predictions (quantiles) to /fslarge/scratch/users/h61084/codes/evaluating_tsfms/outputs/instance_normalization/tasks/ts_icl/normalization/none/univariate/current_velocity/5T/medium/run_0/predictions.npz
    Computing per-window metrics...
    Saved metrics to /fslarge/scratch/users/h61084/codes/evaluating_tsfms/outputs/instance_normalization/tasks/ts_icl/normalization/none/univariate/current_velocity/5T/medium/run_0/metrics.npz
    Saved config to /fslarge/scratch/users/h61084/codes/evaluating_tsfms/outputs/instance_normalization/tasks/ts_icl/normalization/none/univariate/current_velocity/5T/medium/run_0/config.json
    Saved aggregate metrics to /fslarge/scratch/users/h61084/codes/evaluating_tsfms/outputs/instance_normalization/tasks/ts_icl/normalization/none/univariate/current_velocity/5T/medium/run_0/metrics_summary.json
    Metrics summary (averaged over all series/windows/variates):
      MSE: 5.1449
      MAE: 0.8054
      RMSE: 0.9830
      MAPE: 0.6744
      sMAPE: 0.4108
      MASE: 0.6444
      ND: 0.3626
      CRPS: 0.2818
  Reused raw inference: /fslarge/scratch/users/h61084/codes/evaluating_tsfms/outputs/foundation_models/inference/ts_icl/univariate/current_velocity/5T/medium/run_0

--- Term: long ---
  Config: prediction_length=864, test_length=4320, val_length=4320
TIME run allocation action=skip run=/fslarge/scratch/users/h61084/codes/evaluating_tsfms/outputs/foundation_models/inference/ts_icl/univariate/current_velocity/5T/long/run_0 source_launch=selena_20260926T154139Z_65000 launch_id=selena_instance_normalization_20260927T131553Z_36892 slurm_job_id=3584829 launched_at=2026-09-27T14:10:59.708005+00:00
TIME run allocation action=new run=/fslarge/scratch/users/h61084/codes/evaluating_tsfms/outputs/instance_normalization/tasks/ts_icl/normalization/none/univariate/current_velocity/5T/long/run_0 launch_id=selena_instance_normalization_20260927T131553Z_36892 slurm_job_id=3584829 launched_at=2026-09-27T14:10:59.718962+00:00
    Total instances: 30, Series during experiment: 6, Windows: 5
    Collecting ground truth and context...
    Detected to_univariate case: 6 flat series -> 1 series x 6 variates
    Organizing data into arrays...
    Saved predictions (quantiles) to /fslarge/scratch/users/h61084/codes/evaluating_tsfms/outputs/instance_normalization/tasks/ts_icl/normalization/none/univariate/current_velocity/5T/long/run_0/predictions.npz
    Computing per-window metrics...
    Saved metrics to /fslarge/scratch/users/h61084/codes/evaluating_tsfms/outputs/instance_normalization/tasks/ts_icl/normalization/none/univariate/current_velocity/5T/long/run_0/metrics.npz
    Saved config to /fslarge/scratch/users/h61084/codes/evaluating_tsfms/outputs/instance_normalization/tasks/ts_icl/normalization/none/univariate/current_velocity/5T/long/run_0/config.json
    Saved aggregate metrics to /fslarge/scratch/users/h61084/codes/evaluating_tsfms/outputs/instance_normalization/tasks/ts_icl/normalization/none/univariate/current_velocity/5T/long/run_0/metrics_summary.json
    Metrics summary (averaged over all series/windows/variates):
      MSE: 6.0612
      MAE: 0.9560
      RMSE: 1.1603
      MAPE: 0.8441
      sMAPE: 0.4962
      MASE: 1.0940
      ND: 0.4478
      CRPS: 0.3638
  Reused raw inference: /fslarge/scratch/users/h61084/codes/evaluating_tsfms/outputs/foundation_models/inference/ts_icl/univariate/current_velocity/5T/long/run_0

============================================================
All experiments completed!
Results saved to: /scratch/users/h61084/codes/evaluating_tsfms/outputs/instance_normalization/tasks
============================================================

############################################################
# All 1 dataset(s) completed!
############################################################

############################################################
# Dataset 1/1: current_velocity/10T
############################################################
[2026-09-27 14:11:03 UTC] resources selected_device {"device": "cuda", "model": "ts_icl", "stage": "forecast"}
Loading configuration...

============================================================
Dataset: current_velocity/10T
Terms: ['short', 'medium', 'long']
Covariate mode: none
Instance normalization: none
============================================================

--- Term: short ---
  Config: prediction_length=18, test_length=2160, val_length=2160
TIME run allocation action=skip run=/fslarge/scratch/users/h61084/codes/evaluating_tsfms/outputs/foundation_models/inference/ts_icl/univariate/current_velocity/10T/short/run_0 source_launch=selena_20260926T154139Z_65000 launch_id=selena_instance_normalization_20260927T131553Z_36892 slurm_job_id=3584829 launched_at=2026-09-27T14:11:03.157113+00:00
TIME run allocation action=new run=/fslarge/scratch/users/h61084/codes/evaluating_tsfms/outputs/instance_normalization/tasks/ts_icl/normalization/none/univariate/current_velocity/10T/short/run_0 launch_id=selena_instance_normalization_20260927T131553Z_36892 slurm_job_id=3584829 launched_at=2026-09-27T14:11:03.189428+00:00
    Total instances: 7200, Series during experiment: 60, Windows: 120
    Collecting ground truth and context...
    Detected to_univariate case: 60 flat series -> 10 series x 6 variates
    Organizing data into arrays...
    Saved predictions (quantiles) to /fslarge/scratch/users/h61084/codes/evaluating_tsfms/outputs/instance_normalization/tasks/ts_icl/normalization/none/univariate/current_velocity/10T/short/run_0/predictions.npz
    Computing per-window metrics...
    Saved metrics to /fslarge/scratch/users/h61084/codes/evaluating_tsfms/outputs/instance_normalization/tasks/ts_icl/normalization/none/univariate/current_velocity/10T/short/run_0/metrics.npz
    Saved config to /fslarge/scratch/users/h61084/codes/evaluating_tsfms/outputs/instance_normalization/tasks/ts_icl/normalization/none/univariate/current_velocity/10T/short/run_0/config.json
    Saved aggregate metrics to /fslarge/scratch/users/h61084/codes/evaluating_tsfms/outputs/instance_normalization/tasks/ts_icl/normalization/none/univariate/current_velocity/10T/short/run_0/metrics_summary.json
    Metrics summary (averaged over all series/windows/variates):
      MSE: 7.5322
      MAE: 0.7542
      RMSE: 0.9460
      MAPE: 3401.5310
      sMAPE: 0.4606
      MASE: 0.5855
      ND: 0.3464
      CRPS: 0.2733
  Reused raw inference: /fslarge/scratch/users/h61084/codes/evaluating_tsfms/outputs/foundation_models/inference/ts_icl/univariate/current_velocity/10T/short/run_0

--- Term: medium ---
  Config: prediction_length=144, test_length=2160, val_length=2160
TIME run allocation action=skip run=/fslarge/scratch/users/h61084/codes/evaluating_tsfms/outputs/foundation_models/inference/ts_icl/univariate/current_velocity/10T/medium/run_0 source_launch=selena_20260926T154139Z_65000 launch_id=selena_instance_normalization_20260927T131553Z_36892 slurm_job_id=3584829 launched_at=2026-09-27T14:11:05.855768+00:00
TIME run allocation action=new run=/fslarge/scratch/users/h61084/codes/evaluating_tsfms/outputs/instance_normalization/tasks/ts_icl/normalization/none/univariate/current_velocity/10T/medium/run_0 launch_id=selena_instance_normalization_20260927T131553Z_36892 slurm_job_id=3584829 launched_at=2026-09-27T14:11:05.886325+00:00
    Total instances: 900, Series during experiment: 60, Windows: 15
    Collecting ground truth and context...
    Detected to_univariate case: 60 flat series -> 10 series x 6 variates
    Organizing data into arrays...
    Saved predictions (quantiles) to /fslarge/scratch/users/h61084/codes/evaluating_tsfms/outputs/instance_normalization/tasks/ts_icl/normalization/none/univariate/current_velocity/10T/medium/run_0/predictions.npz
    Computing per-window metrics...
    Saved metrics to /fslarge/scratch/users/h61084/codes/evaluating_tsfms/outputs/instance_normalization/tasks/ts_icl/normalization/none/univariate/current_velocity/10T/medium/run_0/metrics.npz
    Saved config to /fslarge/scratch/users/h61084/codes/evaluating_tsfms/outputs/instance_normalization/tasks/ts_icl/normalization/none/univariate/current_velocity/10T/medium/run_0/config.json
    Saved aggregate metrics to /fslarge/scratch/users/h61084/codes/evaluating_tsfms/outputs/instance_normalization/tasks/ts_icl/normalization/none/univariate/current_velocity/10T/medium/run_0/metrics_summary.json
    Metrics summary (averaged over all series/windows/variates):
      MSE: 10.3333
      MAE: 0.9472
      RMSE: 1.2530
      MAPE: 3552.2526
      sMAPE: 0.5114
      MASE: 0.7732
      ND: 0.3588
      CRPS: 0.2834
  Reused raw inference: /fslarge/scratch/users/h61084/codes/evaluating_tsfms/outputs/foundation_models/inference/ts_icl/univariate/current_velocity/10T/medium/run_0

--- Term: long ---
  Config: prediction_length=432, test_length=2160, val_length=2160
TIME run allocation action=skip run=/fslarge/scratch/users/h61084/codes/evaluating_tsfms/outputs/foundation_models/inference/ts_icl/univariate/current_velocity/10T/long/run_0 source_launch=selena_20260926T154139Z_65000 launch_id=selena_instance_normalization_20260927T131553Z_36892 slurm_job_id=3584829 launched_at=2026-09-27T14:11:06.404535+00:00
TIME run allocation action=new run=/fslarge/scratch/users/h61084/codes/evaluating_tsfms/outputs/instance_normalization/tasks/ts_icl/normalization/none/univariate/current_velocity/10T/long/run_0 launch_id=selena_instance_normalization_20260927T131553Z_36892 slurm_job_id=3584829 launched_at=2026-09-27T14:11:06.434295+00:00
    Total instances: 300, Series during experiment: 60, Windows: 5
    Collecting ground truth and context...
    Detected to_univariate case: 60 flat series -> 10 series x 6 variates
    Organizing data into arrays...
    Saved predictions (quantiles) to /fslarge/scratch/users/h61084/codes/evaluating_tsfms/outputs/instance_normalization/tasks/ts_icl/normalization/none/univariate/current_velocity/10T/long/run_0/predictions.npz
    Computing per-window metrics...
    Saved metrics to /fslarge/scratch/users/h61084/codes/evaluating_tsfms/outputs/instance_normalization/tasks/ts_icl/normalization/none/univariate/current_velocity/10T/long/run_0/metrics.npz
    Saved config to /fslarge/scratch/users/h61084/codes/evaluating_tsfms/outputs/instance_normalization/tasks/ts_icl/normalization/none/univariate/current_velocity/10T/long/run_0/config.json
    Saved aggregate metrics to /fslarge/scratch/users/h61084/codes/evaluating_tsfms/outputs/instance_normalization/tasks/ts_icl/normalization/none/univariate/current_velocity/10T/long/run_0/metrics_summary.json
    Metrics summary (averaged over all series/windows/variates):
      MSE: 12.9428
      MAE: 1.1220
      RMSE: 1.4615
      MAPE: 3492.0681
      sMAPE: 0.5718
      MASE: 1.0620
      ND: 0.4087
      CRPS: 0.3229
  Reused raw inference: /fslarge/scratch/users/h61084/codes/evaluating_tsfms/outputs/foundation_models/inference/ts_icl/univariate/current_velocity/10T/long/run_0

============================================================
All experiments completed!
Results saved to: /scratch/users/h61084/codes/evaluating_tsfms/outputs/instance_normalization/tasks
============================================================

############################################################
# All 1 dataset(s) completed!
############################################################

############################################################
# Dataset 1/1: current_velocity/15T
############################################################
[2026-09-27 14:11:10 UTC] resources selected_device {"device": "cuda", "model": "ts_icl", "stage": "forecast"}
Loading configuration...

============================================================
Dataset: current_velocity/15T
Terms: ['short', 'medium', 'long']
Covariate mode: none
Instance normalization: none
============================================================

--- Term: short ---
  Config: prediction_length=12, test_length=1440, val_length=1440
TIME run allocation action=skip run=/fslarge/scratch/users/h61084/codes/evaluating_tsfms/outputs/foundation_models/inference/ts_icl/univariate/current_velocity/15T/short/run_0 source_launch=selena_20260926T154139Z_65000 launch_id=selena_instance_normalization_20260927T131553Z_36892 slurm_job_id=3584829 launched_at=2026-09-27T14:11:10.080284+00:00
TIME run allocation action=new run=/fslarge/scratch/users/h61084/codes/evaluating_tsfms/outputs/instance_normalization/tasks/ts_icl/normalization/none/univariate/current_velocity/15T/short/run_0 launch_id=selena_instance_normalization_20260927T131553Z_36892 slurm_job_id=3584829 launched_at=2026-09-27T14:11:10.095929+00:00
    Total instances: 3600, Series during experiment: 30, Windows: 120
    Collecting ground truth and context...
    Detected to_univariate case: 30 flat series -> 5 series x 6 variates
    Organizing data into arrays...
    Saved predictions (quantiles) to /fslarge/scratch/users/h61084/codes/evaluating_tsfms/outputs/instance_normalization/tasks/ts_icl/normalization/none/univariate/current_velocity/15T/short/run_0/predictions.npz
    Computing per-window metrics...
    Saved metrics to /fslarge/scratch/users/h61084/codes/evaluating_tsfms/outputs/instance_normalization/tasks/ts_icl/normalization/none/univariate/current_velocity/15T/short/run_0/metrics.npz
    Saved config to /fslarge/scratch/users/h61084/codes/evaluating_tsfms/outputs/instance_normalization/tasks/ts_icl/normalization/none/univariate/current_velocity/15T/short/run_0/config.json
    Saved aggregate metrics to /fslarge/scratch/users/h61084/codes/evaluating_tsfms/outputs/instance_normalization/tasks/ts_icl/normalization/none/univariate/current_velocity/15T/short/run_0/metrics_summary.json
    Metrics summary (averaged over all series/windows/variates):
      MSE: 6.1683
      MAE: 0.7504
      RMSE: 0.9148
      MAPE: 129506.9539
      sMAPE: 0.4729
      MASE: 0.5193
      ND: 0.3877
      CRPS: 0.3056
  Reused raw inference: /fslarge/scratch/users/h61084/codes/evaluating_tsfms/outputs/foundation_models/inference/ts_icl/univariate/current_velocity/15T/short/run_0

--- Term: medium ---
  Config: prediction_length=96, test_length=1440, val_length=1440
TIME run allocation action=skip run=/fslarge/scratch/users/h61084/codes/evaluating_tsfms/outputs/foundation_models/inference/ts_icl/univariate/current_velocity/15T/medium/run_0 source_launch=selena_20260926T154139Z_65000 launch_id=selena_instance_normalization_20260927T131553Z_36892 slurm_job_id=3584829 launched_at=2026-09-27T14:11:11.241921+00:00
TIME run allocation action=new run=/fslarge/scratch/users/h61084/codes/evaluating_tsfms/outputs/instance_normalization/tasks/ts_icl/normalization/none/univariate/current_velocity/15T/medium/run_0 launch_id=selena_instance_normalization_20260927T131553Z_36892 slurm_job_id=3584829 launched_at=2026-09-27T14:11:11.256334+00:00
    Total instances: 450, Series during experiment: 30, Windows: 15
    Collecting ground truth and context...
    Detected to_univariate case: 30 flat series -> 5 series x 6 variates
    Organizing data into arrays...
    Saved predictions (quantiles) to /fslarge/scratch/users/h61084/codes/evaluating_tsfms/outputs/instance_normalization/tasks/ts_icl/normalization/none/univariate/current_velocity/15T/medium/run_0/predictions.npz
    Computing per-window metrics...
    Saved metrics to /fslarge/scratch/users/h61084/codes/evaluating_tsfms/outputs/instance_normalization/tasks/ts_icl/normalization/none/univariate/current_velocity/15T/medium/run_0/metrics.npz
    Saved config to /fslarge/scratch/users/h61084/codes/evaluating_tsfms/outputs/instance_normalization/tasks/ts_icl/normalization/none/univariate/current_velocity/15T/medium/run_0/config.json
    Saved aggregate metrics to /fslarge/scratch/users/h61084/codes/evaluating_tsfms/outputs/instance_normalization/tasks/ts_icl/normalization/none/univariate/current_velocity/15T/medium/run_0/metrics_summary.json
    Metrics summary (averaged over all series/windows/variates):
      MSE: 9.5815
      MAE: 0.9858
      RMSE: 1.2468
      MAPE: 130063.5843
      sMAPE: 0.5828
      MASE: 0.7575
      ND: 0.4344
      CRPS: 0.3416
  Reused raw inference: /fslarge/scratch/users/h61084/codes/evaluating_tsfms/outputs/foundation_models/inference/ts_icl/univariate/current_velocity/15T/medium/run_0

--- Term: long ---
  Config: prediction_length=288, test_length=1440, val_length=1440
TIME run allocation action=skip run=/fslarge/scratch/users/h61084/codes/evaluating_tsfms/outputs/foundation_models/inference/ts_icl/univariate/current_velocity/15T/long/run_0 source_launch=selena_20260926T154139Z_65000 launch_id=selena_instance_normalization_20260927T131553Z_36892 slurm_job_id=3584829 launched_at=2026-09-27T14:11:11.473084+00:00
TIME run allocation action=new run=/fslarge/scratch/users/h61084/codes/evaluating_tsfms/outputs/instance_normalization/tasks/ts_icl/normalization/none/univariate/current_velocity/15T/long/run_0 launch_id=selena_instance_normalization_20260927T131553Z_36892 slurm_job_id=3584829 launched_at=2026-09-27T14:11:11.487335+00:00
    Total instances: 150, Series during experiment: 30, Windows: 5
    Collecting ground truth and context...
    Detected to_univariate case: 30 flat series -> 5 series x 6 variates
    Organizing data into arrays...
    Saved predictions (quantiles) to /fslarge/scratch/users/h61084/codes/evaluating_tsfms/outputs/instance_normalization/tasks/ts_icl/normalization/none/univariate/current_velocity/15T/long/run_0/predictions.npz
    Computing per-window metrics...
    Saved metrics to /fslarge/scratch/users/h61084/codes/evaluating_tsfms/outputs/instance_normalization/tasks/ts_icl/normalization/none/univariate/current_velocity/15T/long/run_0/metrics.npz
    Saved config to /fslarge/scratch/users/h61084/codes/evaluating_tsfms/outputs/instance_normalization/tasks/ts_icl/normalization/none/univariate/current_velocity/15T/long/run_0/config.json
    Saved aggregate metrics to /fslarge/scratch/users/h61084/codes/evaluating_tsfms/outputs/instance_normalization/tasks/ts_icl/normalization/none/univariate/current_velocity/15T/long/run_0/metrics_summary.json
    Metrics summary (averaged over all series/windows/variates):
      MSE: 11.0254
      MAE: 1.0749
      RMSE: 1.3699
      MAPE: 128137.1378
      sMAPE: 0.6050
      MASE: 0.8640
      ND: 0.4478
      CRPS: 0.3527
  Reused raw inference: /fslarge/scratch/users/h61084/codes/evaluating_tsfms/outputs/foundation_models/inference/ts_icl/univariate/current_velocity/15T/long/run_0

============================================================
All experiments completed!
Results saved to: /scratch/users/h61084/codes/evaluating_tsfms/outputs/instance_normalization/tasks
============================================================

############################################################
# All 1 dataset(s) completed!
############################################################

############################################################
# Dataset 1/1: current_velocity/20T
############################################################
[2026-09-27 14:11:14 UTC] resources selected_device {"device": "cuda", "model": "ts_icl", "stage": "forecast"}
Loading configuration...

============================================================
Dataset: current_velocity/20T
Terms: ['short', 'medium', 'long']
Covariate mode: none
Instance normalization: none
============================================================

--- Term: short ---
  Config: prediction_length=9, test_length=1080, val_length=1080
TIME run allocation action=skip run=/fslarge/scratch/users/h61084/codes/evaluating_tsfms/outputs/foundation_models/inference/ts_icl/univariate/current_velocity/20T/short/run_0 source_launch=selena_20260926T154139Z_65000 launch_id=selena_instance_normalization_20260927T131553Z_36892 slurm_job_id=3584829 launched_at=2026-09-27T14:11:14.935866+00:00
TIME run allocation action=new run=/fslarge/scratch/users/h61084/codes/evaluating_tsfms/outputs/instance_normalization/tasks/ts_icl/normalization/none/univariate/current_velocity/20T/short/run_0 launch_id=selena_instance_normalization_20260927T131553Z_36892 slurm_job_id=3584829 launched_at=2026-09-27T14:11:14.974481+00:00
    Total instances: 19440, Series during experiment: 162, Windows: 120
    Collecting ground truth and context...
    Detected to_univariate case: 162 flat series -> 27 series x 6 variates
    Organizing data into arrays...
    Saved predictions (quantiles) to /fslarge/scratch/users/h61084/codes/evaluating_tsfms/outputs/instance_normalization/tasks/ts_icl/normalization/none/univariate/current_velocity/20T/short/run_0/predictions.npz
    Computing per-window metrics...
    Saved metrics to /fslarge/scratch/users/h61084/codes/evaluating_tsfms/outputs/instance_normalization/tasks/ts_icl/normalization/none/univariate/current_velocity/20T/short/run_0/metrics.npz
    Saved config to /fslarge/scratch/users/h61084/codes/evaluating_tsfms/outputs/instance_normalization/tasks/ts_icl/normalization/none/univariate/current_velocity/20T/short/run_0/config.json
    Saved aggregate metrics to /fslarge/scratch/users/h61084/codes/evaluating_tsfms/outputs/instance_normalization/tasks/ts_icl/normalization/none/univariate/current_velocity/20T/short/run_0/metrics_summary.json
    Metrics summary (averaged over all series/windows/variates):
      MSE: 4.3049
      MAE: 0.6205
      RMSE: 0.7298
      MAPE: 0.9968
      sMAPE: 0.4385
      MASE: 0.5218
      ND: 0.3535
      CRPS: 0.2792
  Reused raw inference: /fslarge/scratch/users/h61084/codes/evaluating_tsfms/outputs/foundation_models/inference/ts_icl/univariate/current_velocity/20T/short/run_0

--- Term: medium ---
  Config: prediction_length=72, test_length=1080, val_length=1080
TIME run allocation action=skip run=/fslarge/scratch/users/h61084/codes/evaluating_tsfms/outputs/foundation_models/inference/ts_icl/univariate/current_velocity/20T/medium/run_0 source_launch=selena_20260926T154139Z_65000 launch_id=selena_instance_normalization_20260927T131553Z_36892 slurm_job_id=3584829 launched_at=2026-09-27T14:11:20.738650+00:00
TIME run allocation action=new run=/fslarge/scratch/users/h61084/codes/evaluating_tsfms/outputs/instance_normalization/tasks/ts_icl/normalization/none/univariate/current_velocity/20T/medium/run_0 launch_id=selena_instance_normalization_20260927T131553Z_36892 slurm_job_id=3584829 launched_at=2026-09-27T14:11:20.775860+00:00
    Total instances: 2430, Series during experiment: 162, Windows: 15
    Collecting ground truth and context...
    Detected to_univariate case: 162 flat series -> 27 series x 6 variates
    Organizing data into arrays...
    Saved predictions (quantiles) to /fslarge/scratch/users/h61084/codes/evaluating_tsfms/outputs/instance_normalization/tasks/ts_icl/normalization/none/univariate/current_velocity/20T/medium/run_0/predictions.npz
    Computing per-window metrics...
    Saved metrics to /fslarge/scratch/users/h61084/codes/evaluating_tsfms/outputs/instance_normalization/tasks/ts_icl/normalization/none/univariate/current_velocity/20T/medium/run_0/metrics.npz
    Saved config to /fslarge/scratch/users/h61084/codes/evaluating_tsfms/outputs/instance_normalization/tasks/ts_icl/normalization/none/univariate/current_velocity/20T/medium/run_0/config.json
    Saved aggregate metrics to /fslarge/scratch/users/h61084/codes/evaluating_tsfms/outputs/instance_normalization/tasks/ts_icl/normalization/none/univariate/current_velocity/20T/medium/run_0/metrics_summary.json
    Metrics summary (averaged over all series/windows/variates):
      MSE: 8.2592
      MAE: 0.9173
      RMSE: 1.1248
      MAPE: 1.2758
      sMAPE: 0.5438
      MASE: 0.8134
      ND: 0.4049
      CRPS: 0.3198
  Reused raw inference: /fslarge/scratch/users/h61084/codes/evaluating_tsfms/outputs/foundation_models/inference/ts_icl/univariate/current_velocity/20T/medium/run_0

--- Term: long ---
  Config: prediction_length=216, test_length=1080, val_length=1080
TIME run allocation action=skip run=/fslarge/scratch/users/h61084/codes/evaluating_tsfms/outputs/foundation_models/inference/ts_icl/univariate/current_velocity/20T/long/run_0 source_launch=selena_20260926T154139Z_65000 launch_id=selena_instance_normalization_20260927T131553Z_36892 slurm_job_id=3584829 launched_at=2026-09-27T14:11:21.657983+00:00
TIME run allocation action=new run=/fslarge/scratch/users/h61084/codes/evaluating_tsfms/outputs/instance_normalization/tasks/ts_icl/normalization/none/univariate/current_velocity/20T/long/run_0 launch_id=selena_instance_normalization_20260927T131553Z_36892 slurm_job_id=3584829 launched_at=2026-09-27T14:11:21.694764+00:00
    Total instances: 810, Series during experiment: 162, Windows: 5
    Collecting ground truth and context...
    Detected to_univariate case: 162 flat series -> 27 series x 6 variates
    Organizing data into arrays...
    Saved predictions (quantiles) to /fslarge/scratch/users/h61084/codes/evaluating_tsfms/outputs/instance_normalization/tasks/ts_icl/normalization/none/univariate/current_velocity/20T/long/run_0/predictions.npz
    Computing per-window metrics...
    Saved metrics to /fslarge/scratch/users/h61084/codes/evaluating_tsfms/outputs/instance_normalization/tasks/ts_icl/normalization/none/univariate/current_velocity/20T/long/run_0/metrics.npz
    Saved config to /fslarge/scratch/users/h61084/codes/evaluating_tsfms/outputs/instance_normalization/tasks/ts_icl/normalization/none/univariate/current_velocity/20T/long/run_0/config.json
    Saved aggregate metrics to /fslarge/scratch/users/h61084/codes/evaluating_tsfms/outputs/instance_normalization/tasks/ts_icl/normalization/none/univariate/current_velocity/20T/long/run_0/metrics_summary.json
    Metrics summary (averaged over all series/windows/variates):
      MSE: 10.3806
      MAE: 1.0751
      RMSE: 1.3357
      MAPE: 1.5607
      sMAPE: 0.6273
      MASE: 1.1122
      ND: 0.4758
      CRPS: 0.3745
  Reused raw inference: /fslarge/scratch/users/h61084/codes/evaluating_tsfms/outputs/foundation_models/inference/ts_icl/univariate/current_velocity/20T/long/run_0

============================================================
All experiments completed!
Results saved to: /scratch/users/h61084/codes/evaluating_tsfms/outputs/instance_normalization/tasks
============================================================

############################################################
# All 1 dataset(s) completed!
############################################################

############################################################
# Dataset 1/1: current_velocity/H
############################################################
[2026-09-27 14:11:25 UTC] resources selected_device {"device": "cuda", "model": "ts_icl", "stage": "forecast"}
Loading configuration...

============================================================
Dataset: current_velocity/H
Terms: ['short', 'medium', 'long']
Covariate mode: none
Instance normalization: none
============================================================

--- Term: short ---
  Config: prediction_length=24, test_length=672, val_length=672
TIME run allocation action=skip run=/fslarge/scratch/users/h61084/codes/evaluating_tsfms/outputs/foundation_models/inference/ts_icl/univariate/current_velocity/H/short/run_0 source_launch=selena_20260926T154139Z_65000 launch_id=selena_instance_normalization_20260927T131553Z_36892 slurm_job_id=3584829 launched_at=2026-09-27T14:11:25.458436+00:00
TIME run allocation action=new run=/fslarge/scratch/users/h61084/codes/evaluating_tsfms/outputs/instance_normalization/tasks/ts_icl/normalization/none/univariate/current_velocity/H/short/run_0 launch_id=selena_instance_normalization_20260927T131553Z_36892 slurm_job_id=3584829 launched_at=2026-09-27T14:11:25.481419+00:00
    Total instances: 3528, Series during experiment: 126, Windows: 28
    Collecting ground truth and context...
    Detected to_univariate case: 126 flat series -> 21 series x 6 variates
    Organizing data into arrays...
    Saved predictions (quantiles) to /fslarge/scratch/users/h61084/codes/evaluating_tsfms/outputs/instance_normalization/tasks/ts_icl/normalization/none/univariate/current_velocity/H/short/run_0/predictions.npz
    Computing per-window metrics...
    Saved metrics to /fslarge/scratch/users/h61084/codes/evaluating_tsfms/outputs/instance_normalization/tasks/ts_icl/normalization/none/univariate/current_velocity/H/short/run_0/metrics.npz
    Saved config to /fslarge/scratch/users/h61084/codes/evaluating_tsfms/outputs/instance_normalization/tasks/ts_icl/normalization/none/univariate/current_velocity/H/short/run_0/config.json
    Saved aggregate metrics to /fslarge/scratch/users/h61084/codes/evaluating_tsfms/outputs/instance_normalization/tasks/ts_icl/normalization/none/univariate/current_velocity/H/short/run_0/metrics_summary.json
    Metrics summary (averaged over all series/windows/variates):
      MSE: 6.5493
      MAE: 0.8089
      RMSE: 1.0056
      MAPE: 2025123755425.3701
      sMAPE: 0.4539
      MASE: 0.7341
      ND: 0.3423
      CRPS: 0.2696
  Reused raw inference: /fslarge/scratch/users/h61084/codes/evaluating_tsfms/outputs/foundation_models/inference/ts_icl/univariate/current_velocity/H/short/run_0

--- Term: medium ---
  Config: prediction_length=168, test_length=672, val_length=672
TIME run allocation action=skip run=/fslarge/scratch/users/h61084/codes/evaluating_tsfms/outputs/foundation_models/inference/ts_icl/univariate/current_velocity/H/medium/run_0 source_launch=selena_20260926T154139Z_65000 launch_id=selena_instance_normalization_20260927T131553Z_36892 slurm_job_id=3584829 launched_at=2026-09-27T14:11:26.474420+00:00
TIME run allocation action=new run=/fslarge/scratch/users/h61084/codes/evaluating_tsfms/outputs/instance_normalization/tasks/ts_icl/normalization/none/univariate/current_velocity/H/medium/run_0 launch_id=selena_instance_normalization_20260927T131553Z_36892 slurm_job_id=3584829 launched_at=2026-09-27T14:11:26.496048+00:00
    Total instances: 504, Series during experiment: 126, Windows: 4
    Collecting ground truth and context...
    Detected to_univariate case: 126 flat series -> 21 series x 6 variates
    Organizing data into arrays...
    Saved predictions (quantiles) to /fslarge/scratch/users/h61084/codes/evaluating_tsfms/outputs/instance_normalization/tasks/ts_icl/normalization/none/univariate/current_velocity/H/medium/run_0/predictions.npz
    Computing per-window metrics...
    Saved metrics to /fslarge/scratch/users/h61084/codes/evaluating_tsfms/outputs/instance_normalization/tasks/ts_icl/normalization/none/univariate/current_velocity/H/medium/run_0/metrics.npz
    Saved config to /fslarge/scratch/users/h61084/codes/evaluating_tsfms/outputs/instance_normalization/tasks/ts_icl/normalization/none/univariate/current_velocity/H/medium/run_0/config.json
    Saved aggregate metrics to /fslarge/scratch/users/h61084/codes/evaluating_tsfms/outputs/instance_normalization/tasks/ts_icl/normalization/none/univariate/current_velocity/H/medium/run_0/metrics_summary.json
    Metrics summary (averaged over all series/windows/variates):
      MSE: 10.2963
      MAE: 1.0877
      RMSE: 1.3648
      MAPE: 2156859346044.2639
      sMAPE: 0.5735
      MASE: 1.1722
      ND: 0.4090
      CRPS: 0.3207
  Reused raw inference: /fslarge/scratch/users/h61084/codes/evaluating_tsfms/outputs/foundation_models/inference/ts_icl/univariate/current_velocity/H/medium/run_0

--- Term: long ---
  Config: prediction_length=336, test_length=672, val_length=672
TIME run allocation action=skip run=/fslarge/scratch/users/h61084/codes/evaluating_tsfms/outputs/foundation_models/inference/ts_icl/univariate/current_velocity/H/long/run_0 source_launch=selena_20260926T154139Z_65000 launch_id=selena_instance_normalization_20260927T131553Z_36892 slurm_job_id=3584829 launched_at=2026-09-27T14:11:26.738489+00:00
TIME run allocation action=new run=/fslarge/scratch/users/h61084/codes/evaluating_tsfms/outputs/instance_normalization/tasks/ts_icl/normalization/none/univariate/current_velocity/H/long/run_0 launch_id=selena_instance_normalization_20260927T131553Z_36892 slurm_job_id=3584829 launched_at=2026-09-27T14:11:26.759284+00:00
    Total instances: 252, Series during experiment: 126, Windows: 2
    Collecting ground truth and context...
    Detected to_univariate case: 126 flat series -> 21 series x 6 variates
    Organizing data into arrays...
    Saved predictions (quantiles) to /fslarge/scratch/users/h61084/codes/evaluating_tsfms/outputs/instance_normalization/tasks/ts_icl/normalization/none/univariate/current_velocity/H/long/run_0/predictions.npz
    Computing per-window metrics...
    Saved metrics to /fslarge/scratch/users/h61084/codes/evaluating_tsfms/outputs/instance_normalization/tasks/ts_icl/normalization/none/univariate/current_velocity/H/long/run_0/metrics.npz
    Saved config to /fslarge/scratch/users/h61084/codes/evaluating_tsfms/outputs/instance_normalization/tasks/ts_icl/normalization/none/univariate/current_velocity/H/long/run_0/config.json
    Saved aggregate metrics to /fslarge/scratch/users/h61084/codes/evaluating_tsfms/outputs/instance_normalization/tasks/ts_icl/normalization/none/univariate/current_velocity/H/long/run_0/metrics_summary.json
    Metrics summary (averaged over all series/windows/variates):
      MSE: 11.3038
      MAE: 1.1699
      RMSE: 1.4713
      MAPE: 1966124521745.4373
      sMAPE: 0.5920
      MASE: 1.3360
      ND: 0.4184
      CRPS: 0.3289
  Reused raw inference: /fslarge/scratch/users/h61084/codes/evaluating_tsfms/outputs/foundation_models/inference/ts_icl/univariate/current_velocity/H/long/run_0

============================================================
All experiments completed!
Results saved to: /scratch/users/h61084/codes/evaluating_tsfms/outputs/instance_normalization/tasks
============================================================

############################################################
# All 1 dataset(s) completed!
############################################################

############################################################
# Dataset 1/1: CPHL/15T
############################################################
[2026-09-27 14:11:30 UTC] resources selected_device {"device": "cuda", "model": "ts_icl", "stage": "forecast"}
Loading configuration...

============================================================
Dataset: CPHL/15T
Terms: ['short', 'medium', 'long']
Covariate mode: none
Instance normalization: none
============================================================

--- Term: short ---
  Config: prediction_length=12, test_length=1440, val_length=1440
TIME run allocation action=skip run=/fslarge/scratch/users/h61084/codes/evaluating_tsfms/outputs/foundation_models/inference/ts_icl/univariate/CPHL/15T/short/run_0 source_launch=selena_20260926T154139Z_65000 launch_id=selena_instance_normalization_20260927T131553Z_36892 slurm_job_id=3584829 launched_at=2026-09-27T14:11:30.250126+00:00
TIME run allocation action=new run=/fslarge/scratch/users/h61084/codes/evaluating_tsfms/outputs/instance_normalization/tasks/ts_icl/normalization/none/univariate/CPHL/15T/short/run_0 launch_id=selena_instance_normalization_20260927T131553Z_36892 slurm_job_id=3584829 launched_at=2026-09-27T14:11:30.258812+00:00
    Total instances: 240, Series during experiment: 2, Windows: 120
    Collecting ground truth and context...
    Organizing data into arrays...
    Saved predictions (quantiles) to /fslarge/scratch/users/h61084/codes/evaluating_tsfms/outputs/instance_normalization/tasks/ts_icl/normalization/none/univariate/CPHL/15T/short/run_0/predictions.npz
    Computing per-window metrics...
    Saved metrics to /fslarge/scratch/users/h61084/codes/evaluating_tsfms/outputs/instance_normalization/tasks/ts_icl/normalization/none/univariate/CPHL/15T/short/run_0/metrics.npz
    Saved config to /fslarge/scratch/users/h61084/codes/evaluating_tsfms/outputs/instance_normalization/tasks/ts_icl/normalization/none/univariate/CPHL/15T/short/run_0/config.json
    Saved aggregate metrics to /fslarge/scratch/users/h61084/codes/evaluating_tsfms/outputs/instance_normalization/tasks/ts_icl/normalization/none/univariate/CPHL/15T/short/run_0/metrics_summary.json
    Metrics summary (averaged over all series/windows/variates):
      MSE: 0.0621
      MAE: 0.1384
      RMSE: 0.1619
      MAPE: 0.2036
      sMAPE: 0.1804
      MASE: 0.6590
      ND: 0.1933
      CRPS: 0.1538
  Reused raw inference: /fslarge/scratch/users/h61084/codes/evaluating_tsfms/outputs/foundation_models/inference/ts_icl/univariate/CPHL/15T/short/run_0

--- Term: medium ---
  Config: prediction_length=96, test_length=1440, val_length=1440
TIME run allocation action=skip run=/fslarge/scratch/users/h61084/codes/evaluating_tsfms/outputs/foundation_models/inference/ts_icl/univariate/CPHL/15T/medium/run_0 source_launch=selena_20260926T154139Z_65000 launch_id=selena_instance_normalization_20260927T131553Z_36892 slurm_job_id=3584829 launched_at=2026-09-27T14:11:30.352480+00:00
TIME run allocation action=new run=/fslarge/scratch/users/h61084/codes/evaluating_tsfms/outputs/instance_normalization/tasks/ts_icl/normalization/none/univariate/CPHL/15T/medium/run_0 launch_id=selena_instance_normalization_20260927T131553Z_36892 slurm_job_id=3584829 launched_at=2026-09-27T14:11:30.359211+00:00
    Total instances: 30, Series during experiment: 2, Windows: 15
    Collecting ground truth and context...
    Organizing data into arrays...
    Saved predictions (quantiles) to /fslarge/scratch/users/h61084/codes/evaluating_tsfms/outputs/instance_normalization/tasks/ts_icl/normalization/none/univariate/CPHL/15T/medium/run_0/predictions.npz
    Computing per-window metrics...
    Saved metrics to /fslarge/scratch/users/h61084/codes/evaluating_tsfms/outputs/instance_normalization/tasks/ts_icl/normalization/none/univariate/CPHL/15T/medium/run_0/metrics.npz
    Saved config to /fslarge/scratch/users/h61084/codes/evaluating_tsfms/outputs/instance_normalization/tasks/ts_icl/normalization/none/univariate/CPHL/15T/medium/run_0/config.json
    Saved aggregate metrics to /fslarge/scratch/users/h61084/codes/evaluating_tsfms/outputs/instance_normalization/tasks/ts_icl/normalization/none/univariate/CPHL/15T/medium/run_0/metrics_summary.json
    Metrics summary (averaged over all series/windows/variates):
      MSE: 0.1202
      MAE: 0.2200
      RMSE: 0.2767
      MAPE: 0.3692
      sMAPE: 0.2933
      MASE: 1.0818
      ND: 0.3018
      CRPS: 0.2417
  Reused raw inference: /fslarge/scratch/users/h61084/codes/evaluating_tsfms/outputs/foundation_models/inference/ts_icl/univariate/CPHL/15T/medium/run_0

--- Term: long ---
  Config: prediction_length=288, test_length=1440, val_length=1440
TIME run allocation action=skip run=/fslarge/scratch/users/h61084/codes/evaluating_tsfms/outputs/foundation_models/inference/ts_icl/univariate/CPHL/15T/long/run_0 source_launch=selena_20260926T154139Z_65000 launch_id=selena_instance_normalization_20260927T131553Z_36892 slurm_job_id=3584829 launched_at=2026-09-27T14:11:30.392979+00:00
TIME run allocation action=new run=/fslarge/scratch/users/h61084/codes/evaluating_tsfms/outputs/instance_normalization/tasks/ts_icl/normalization/none/univariate/CPHL/15T/long/run_0 launch_id=selena_instance_normalization_20260927T131553Z_36892 slurm_job_id=3584829 launched_at=2026-09-27T14:11:30.399436+00:00
    Total instances: 10, Series during experiment: 2, Windows: 5
    Collecting ground truth and context...
    Organizing data into arrays...
    Saved predictions (quantiles) to /fslarge/scratch/users/h61084/codes/evaluating_tsfms/outputs/instance_normalization/tasks/ts_icl/normalization/none/univariate/CPHL/15T/long/run_0/predictions.npz
    Computing per-window metrics...
    Saved metrics to /fslarge/scratch/users/h61084/codes/evaluating_tsfms/outputs/instance_normalization/tasks/ts_icl/normalization/none/univariate/CPHL/15T/long/run_0/metrics.npz
    Saved config to /fslarge/scratch/users/h61084/codes/evaluating_tsfms/outputs/instance_normalization/tasks/ts_icl/normalization/none/univariate/CPHL/15T/long/run_0/config.json
    Saved aggregate metrics to /fslarge/scratch/users/h61084/codes/evaluating_tsfms/outputs/instance_normalization/tasks/ts_icl/normalization/none/univariate/CPHL/15T/long/run_0/metrics_summary.json
    Metrics summary (averaged over all series/windows/variates):
      MSE: 0.1242
      MAE: 0.2359
      RMSE: 0.3083
      MAPE: 0.4078
      sMAPE: 0.3192
      MASE: 1.1912
      ND: 0.3302
      CRPS: 0.2688
  Reused raw inference: /fslarge/scratch/users/h61084/codes/evaluating_tsfms/outputs/foundation_models/inference/ts_icl/univariate/CPHL/15T/long/run_0

============================================================
All experiments completed!
Results saved to: /scratch/users/h61084/codes/evaluating_tsfms/outputs/instance_normalization/tasks
============================================================

############################################################
# All 1 dataset(s) completed!
############################################################

############################################################
# Dataset 1/1: CPHL/30T
############################################################
[2026-09-27 14:11:33 UTC] resources selected_device {"device": "cuda", "model": "ts_icl", "stage": "forecast"}
Loading configuration...

============================================================
Dataset: CPHL/30T
Terms: ['short', 'medium', 'long']
Covariate mode: none
Instance normalization: none
============================================================

--- Term: short ---
  Config: prediction_length=12, test_length=1440, val_length=1440
TIME run allocation action=skip run=/fslarge/scratch/users/h61084/codes/evaluating_tsfms/outputs/foundation_models/inference/ts_icl/univariate/CPHL/30T/short/run_0 source_launch=selena_20260926T154139Z_65000 launch_id=selena_instance_normalization_20260927T131553Z_36892 slurm_job_id=3584829 launched_at=2026-09-27T14:11:33.766829+00:00
TIME run allocation action=new run=/fslarge/scratch/users/h61084/codes/evaluating_tsfms/outputs/instance_normalization/tasks/ts_icl/normalization/none/univariate/CPHL/30T/short/run_0 launch_id=selena_instance_normalization_20260927T131553Z_36892 slurm_job_id=3584829 launched_at=2026-09-27T14:11:33.774633+00:00
    Total instances: 240, Series during experiment: 2, Windows: 120
    Collecting ground truth and context...
    Organizing data into arrays...
    Saved predictions (quantiles) to /fslarge/scratch/users/h61084/codes/evaluating_tsfms/outputs/instance_normalization/tasks/ts_icl/normalization/none/univariate/CPHL/30T/short/run_0/predictions.npz
    Computing per-window metrics...
    Saved metrics to /fslarge/scratch/users/h61084/codes/evaluating_tsfms/outputs/instance_normalization/tasks/ts_icl/normalization/none/univariate/CPHL/30T/short/run_0/metrics.npz
    Saved config to /fslarge/scratch/users/h61084/codes/evaluating_tsfms/outputs/instance_normalization/tasks/ts_icl/normalization/none/univariate/CPHL/30T/short/run_0/config.json
    Saved aggregate metrics to /fslarge/scratch/users/h61084/codes/evaluating_tsfms/outputs/instance_normalization/tasks/ts_icl/normalization/none/univariate/CPHL/30T/short/run_0/metrics_summary.json
    Metrics summary (averaged over all series/windows/variates):
      MSE: 0.6326
      MAE: 0.4630
      RMSE: 0.5595
      MAPE: 0.3837
      sMAPE: 0.2969
      MASE: 1.3866
      ND: 0.2923
      CRPS: 0.2264
  Reused raw inference: /fslarge/scratch/users/h61084/codes/evaluating_tsfms/outputs/foundation_models/inference/ts_icl/univariate/CPHL/30T/short/run_0

--- Term: medium ---
  Config: prediction_length=48, test_length=1440, val_length=1440
TIME run allocation action=skip run=/fslarge/scratch/users/h61084/codes/evaluating_tsfms/outputs/foundation_models/inference/ts_icl/univariate/CPHL/30T/medium/run_0 source_launch=selena_20260926T154139Z_65000 launch_id=selena_instance_normalization_20260927T131553Z_36892 slurm_job_id=3584829 launched_at=2026-09-27T14:11:33.875278+00:00
TIME run allocation action=new run=/fslarge/scratch/users/h61084/codes/evaluating_tsfms/outputs/instance_normalization/tasks/ts_icl/normalization/none/univariate/CPHL/30T/medium/run_0 launch_id=selena_instance_normalization_20260927T131553Z_36892 slurm_job_id=3584829 launched_at=2026-09-27T14:11:33.882169+00:00
    Total instances: 60, Series during experiment: 2, Windows: 30
    Collecting ground truth and context...
    Organizing data into arrays...
    Saved predictions (quantiles) to /fslarge/scratch/users/h61084/codes/evaluating_tsfms/outputs/instance_normalization/tasks/ts_icl/normalization/none/univariate/CPHL/30T/medium/run_0/predictions.npz
    Computing per-window metrics...
    Saved metrics to /fslarge/scratch/users/h61084/codes/evaluating_tsfms/outputs/instance_normalization/tasks/ts_icl/normalization/none/univariate/CPHL/30T/medium/run_0/metrics.npz
    Saved config to /fslarge/scratch/users/h61084/codes/evaluating_tsfms/outputs/instance_normalization/tasks/ts_icl/normalization/none/univariate/CPHL/30T/medium/run_0/config.json
    Saved aggregate metrics to /fslarge/scratch/users/h61084/codes/evaluating_tsfms/outputs/instance_normalization/tasks/ts_icl/normalization/none/univariate/CPHL/30T/medium/run_0/metrics_summary.json
    Metrics summary (averaged over all series/windows/variates):
      MSE: 0.7616
      MAE: 0.5196
      RMSE: 0.6341
      MAPE: 0.4483
      sMAPE: 0.3376
      MASE: 1.5528
      ND: 0.3301
      CRPS: 0.2519
  Reused raw inference: /fslarge/scratch/users/h61084/codes/evaluating_tsfms/outputs/foundation_models/inference/ts_icl/univariate/CPHL/30T/medium/run_0

--- Term: long ---
  Config: prediction_length=144, test_length=1440, val_length=1440
TIME run allocation action=skip run=/fslarge/scratch/users/h61084/codes/evaluating_tsfms/outputs/foundation_models/inference/ts_icl/univariate/CPHL/30T/long/run_0 source_launch=selena_20260926T154139Z_65000 launch_id=selena_instance_normalization_20260927T131553Z_36892 slurm_job_id=3584829 launched_at=2026-09-27T14:11:33.925488+00:00
TIME run allocation action=new run=/fslarge/scratch/users/h61084/codes/evaluating_tsfms/outputs/instance_normalization/tasks/ts_icl/normalization/none/univariate/CPHL/30T/long/run_0 launch_id=selena_instance_normalization_20260927T131553Z_36892 slurm_job_id=3584829 launched_at=2026-09-27T14:11:33.932220+00:00
    Total instances: 20, Series during experiment: 2, Windows: 10
    Collecting ground truth and context...
    Organizing data into arrays...
    Saved predictions (quantiles) to /fslarge/scratch/users/h61084/codes/evaluating_tsfms/outputs/instance_normalization/tasks/ts_icl/normalization/none/univariate/CPHL/30T/long/run_0/predictions.npz
    Computing per-window metrics...
    Saved metrics to /fslarge/scratch/users/h61084/codes/evaluating_tsfms/outputs/instance_normalization/tasks/ts_icl/normalization/none/univariate/CPHL/30T/long/run_0/metrics.npz
    Saved config to /fslarge/scratch/users/h61084/codes/evaluating_tsfms/outputs/instance_normalization/tasks/ts_icl/normalization/none/univariate/CPHL/30T/long/run_0/config.json
    Saved aggregate metrics to /fslarge/scratch/users/h61084/codes/evaluating_tsfms/outputs/instance_normalization/tasks/ts_icl/normalization/none/univariate/CPHL/30T/long/run_0/metrics_summary.json
    Metrics summary (averaged over all series/windows/variates):
      MSE: 0.8846
      MAE: 0.5727
      RMSE: 0.7040
      MAPE: 0.5412
      sMAPE: 0.4010
      MASE: 1.8194
      ND: 0.3792
      CRPS: 0.2879
  Reused raw inference: /fslarge/scratch/users/h61084/codes/evaluating_tsfms/outputs/foundation_models/inference/ts_icl/univariate/CPHL/30T/long/run_0

============================================================
All experiments completed!
Results saved to: /scratch/users/h61084/codes/evaluating_tsfms/outputs/instance_normalization/tasks
============================================================

############################################################
# All 1 dataset(s) completed!
############################################################

############################################################
# Dataset 1/1: CPHL/H
############################################################
[2026-09-27 14:11:37 UTC] resources selected_device {"device": "cuda", "model": "ts_icl", "stage": "forecast"}
Loading configuration...

============================================================
Dataset: CPHL/H
Terms: ['short', 'medium', 'long']
Covariate mode: none
Instance normalization: none
============================================================

--- Term: short ---
  Config: prediction_length=24, test_length=672, val_length=672
TIME run allocation action=skip run=/fslarge/scratch/users/h61084/codes/evaluating_tsfms/outputs/foundation_models/inference/ts_icl/univariate/CPHL/H/short/run_0 source_launch=selena_20260926T154139Z_65000 launch_id=selena_instance_normalization_20260927T131553Z_36892 slurm_job_id=3584829 launched_at=2026-09-27T14:11:37.286705+00:00
TIME run allocation action=new run=/fslarge/scratch/users/h61084/codes/evaluating_tsfms/outputs/instance_normalization/tasks/ts_icl/normalization/none/univariate/CPHL/H/short/run_0 launch_id=selena_instance_normalization_20260927T131553Z_36892 slurm_job_id=3584829 launched_at=2026-09-27T14:11:37.294642+00:00
    Total instances: 112, Series during experiment: 4, Windows: 28
    Collecting ground truth and context...
    Organizing data into arrays...
    Saved predictions (quantiles) to /fslarge/scratch/users/h61084/codes/evaluating_tsfms/outputs/instance_normalization/tasks/ts_icl/normalization/none/univariate/CPHL/H/short/run_0/predictions.npz
    Computing per-window metrics...
    Saved metrics to /fslarge/scratch/users/h61084/codes/evaluating_tsfms/outputs/instance_normalization/tasks/ts_icl/normalization/none/univariate/CPHL/H/short/run_0/metrics.npz
    Saved config to /fslarge/scratch/users/h61084/codes/evaluating_tsfms/outputs/instance_normalization/tasks/ts_icl/normalization/none/univariate/CPHL/H/short/run_0/config.json
    Saved aggregate metrics to /fslarge/scratch/users/h61084/codes/evaluating_tsfms/outputs/instance_normalization/tasks/ts_icl/normalization/none/univariate/CPHL/H/short/run_0/metrics_summary.json
    Metrics summary (averaged over all series/windows/variates):
      MSE: 0.3580
      MAE: 0.3362
      RMSE: 0.4081
      MAPE: 0.3261
      sMAPE: 0.2881
      MASE: 1.2400
      ND: 0.2811
      CRPS: 0.2180
  Reused raw inference: /fslarge/scratch/users/h61084/codes/evaluating_tsfms/outputs/foundation_models/inference/ts_icl/univariate/CPHL/H/short/run_0

--- Term: medium ---
  Config: prediction_length=168, test_length=672, val_length=672
TIME run allocation action=skip run=/fslarge/scratch/users/h61084/codes/evaluating_tsfms/outputs/foundation_models/inference/ts_icl/univariate/CPHL/H/medium/run_0 source_launch=selena_20260926T154139Z_65000 launch_id=selena_instance_normalization_20260927T131553Z_36892 slurm_job_id=3584829 launched_at=2026-09-27T14:11:37.357590+00:00
TIME run allocation action=new run=/fslarge/scratch/users/h61084/codes/evaluating_tsfms/outputs/instance_normalization/tasks/ts_icl/normalization/none/univariate/CPHL/H/medium/run_0 launch_id=selena_instance_normalization_20260927T131553Z_36892 slurm_job_id=3584829 launched_at=2026-09-27T14:11:37.364156+00:00
    Total instances: 16, Series during experiment: 4, Windows: 4
    Collecting ground truth and context...
    Organizing data into arrays...
    Saved predictions (quantiles) to /fslarge/scratch/users/h61084/codes/evaluating_tsfms/outputs/instance_normalization/tasks/ts_icl/normalization/none/univariate/CPHL/H/medium/run_0/predictions.npz
    Computing per-window metrics...
    Saved metrics to /fslarge/scratch/users/h61084/codes/evaluating_tsfms/outputs/instance_normalization/tasks/ts_icl/normalization/none/univariate/CPHL/H/medium/run_0/metrics.npz
    Saved config to /fslarge/scratch/users/h61084/codes/evaluating_tsfms/outputs/instance_normalization/tasks/ts_icl/normalization/none/univariate/CPHL/H/medium/run_0/config.json
    Saved aggregate metrics to /fslarge/scratch/users/h61084/codes/evaluating_tsfms/outputs/instance_normalization/tasks/ts_icl/normalization/none/univariate/CPHL/H/medium/run_0/metrics_summary.json
    Metrics summary (averaged over all series/windows/variates):
      MSE: 0.4866
      MAE: 0.4328
      RMSE: 0.5371
      MAPE: 0.4598
      sMAPE: 0.4108
      MASE: 1.8098
      ND: 0.3874
      CRPS: 0.2993
  Reused raw inference: /fslarge/scratch/users/h61084/codes/evaluating_tsfms/outputs/foundation_models/inference/ts_icl/univariate/CPHL/H/medium/run_0

--- Term: long ---
  Config: prediction_length=336, test_length=672, val_length=672
TIME run allocation action=skip run=/fslarge/scratch/users/h61084/codes/evaluating_tsfms/outputs/foundation_models/inference/ts_icl/univariate/CPHL/H/long/run_0 source_launch=selena_20260926T154139Z_65000 launch_id=selena_instance_normalization_20260927T131553Z_36892 slurm_job_id=3584829 launched_at=2026-09-27T14:11:37.394854+00:00
TIME run allocation action=new run=/fslarge/scratch/users/h61084/codes/evaluating_tsfms/outputs/instance_normalization/tasks/ts_icl/normalization/none/univariate/CPHL/H/long/run_0 launch_id=selena_instance_normalization_20260927T131553Z_36892 slurm_job_id=3584829 launched_at=2026-09-27T14:11:37.401012+00:00
    Total instances: 8, Series during experiment: 4, Windows: 2
    Collecting ground truth and context...
    Organizing data into arrays...
    Saved predictions (quantiles) to /fslarge/scratch/users/h61084/codes/evaluating_tsfms/outputs/instance_normalization/tasks/ts_icl/normalization/none/univariate/CPHL/H/long/run_0/predictions.npz
    Computing per-window metrics...
    Saved metrics to /fslarge/scratch/users/h61084/codes/evaluating_tsfms/outputs/instance_normalization/tasks/ts_icl/normalization/none/univariate/CPHL/H/long/run_0/metrics.npz
    Saved config to /fslarge/scratch/users/h61084/codes/evaluating_tsfms/outputs/instance_normalization/tasks/ts_icl/normalization/none/univariate/CPHL/H/long/run_0/config.json
    Saved aggregate metrics to /fslarge/scratch/users/h61084/codes/evaluating_tsfms/outputs/instance_normalization/tasks/ts_icl/normalization/none/univariate/CPHL/H/long/run_0/metrics_summary.json
    Metrics summary (averaged over all series/windows/variates):
      MSE: 0.5153
      MAE: 0.4527
      RMSE: 0.5693
      MAPE: 0.4969
      sMAPE: 0.4453
      MASE: 2.0108
      ND: 0.4233
      CRPS: 0.3313
  Reused raw inference: /fslarge/scratch/users/h61084/codes/evaluating_tsfms/outputs/foundation_models/inference/ts_icl/univariate/CPHL/H/long/run_0

============================================================
All experiments completed!
Results saved to: /scratch/users/h61084/codes/evaluating_tsfms/outputs/instance_normalization/tasks
============================================================

############################################################
# All 1 dataset(s) completed!
############################################################

############################################################
# Dataset 1/1: Coastal_T_S/5T
############################################################
[2026-09-27 14:11:40 UTC] resources selected_device {"device": "cuda", "model": "ts_icl", "stage": "forecast"}
Loading configuration...

============================================================
Dataset: Coastal_T_S/5T
Terms: ['short', 'medium', 'long']
Covariate mode: none
Instance normalization: none
============================================================

--- Term: short ---
  Config: prediction_length=36, test_length=4320, val_length=4320
TIME run allocation action=skip run=/fslarge/scratch/users/h61084/codes/evaluating_tsfms/outputs/foundation_models/inference/ts_icl/univariate/Coastal_T_S/5T/short/run_0 source_launch=selena_20260926T154139Z_65000 launch_id=selena_instance_normalization_20260927T131553Z_36892 slurm_job_id=3584829 launched_at=2026-09-27T14:11:40.843972+00:00
TIME run allocation action=new run=/fslarge/scratch/users/h61084/codes/evaluating_tsfms/outputs/instance_normalization/tasks/ts_icl/normalization/none/univariate/Coastal_T_S/5T/short/run_0 launch_id=selena_instance_normalization_20260927T131553Z_36892 slurm_job_id=3584829 launched_at=2026-09-27T14:11:40.894216+00:00
    Total instances: 6480, Series during experiment: 54, Windows: 120
    Collecting ground truth and context...
    Detected to_univariate case: 54 flat series -> 18 series x 3 variates
    Organizing data into arrays...
    Saved predictions (quantiles) to /fslarge/scratch/users/h61084/codes/evaluating_tsfms/outputs/instance_normalization/tasks/ts_icl/normalization/none/univariate/Coastal_T_S/5T/short/run_0/predictions.npz
    Computing per-window metrics...
    Saved metrics to /fslarge/scratch/users/h61084/codes/evaluating_tsfms/outputs/instance_normalization/tasks/ts_icl/normalization/none/univariate/Coastal_T_S/5T/short/run_0/metrics.npz
    Saved config to /fslarge/scratch/users/h61084/codes/evaluating_tsfms/outputs/instance_normalization/tasks/ts_icl/normalization/none/univariate/Coastal_T_S/5T/short/run_0/config.json
    Saved aggregate metrics to /fslarge/scratch/users/h61084/codes/evaluating_tsfms/outputs/instance_normalization/tasks/ts_icl/normalization/none/univariate/Coastal_T_S/5T/short/run_0/metrics_summary.json
    Metrics summary (averaged over all series/windows/variates):
      MSE: 150.2955
      MAE: 2.8807
      RMSE: 3.3617
      MAPE: 0.0884
      sMAPE: 0.0657
      MASE: 0.8116
      ND: 0.0626
      CRPS: 0.0383
  Reused raw inference: /fslarge/scratch/users/h61084/codes/evaluating_tsfms/outputs/foundation_models/inference/ts_icl/univariate/Coastal_T_S/5T/short/run_0

--- Term: medium ---
  Config: prediction_length=288, test_length=4320, val_length=4320
TIME run allocation action=skip run=/fslarge/scratch/users/h61084/codes/evaluating_tsfms/outputs/foundation_models/inference/ts_icl/univariate/Coastal_T_S/5T/medium/run_0 source_launch=selena_20260926T154139Z_65000 launch_id=selena_instance_normalization_20260927T131553Z_36892 slurm_job_id=3584829 launched_at=2026-09-27T14:11:45.170986+00:00
TIME run allocation action=new run=/fslarge/scratch/users/h61084/codes/evaluating_tsfms/outputs/instance_normalization/tasks/ts_icl/normalization/none/univariate/Coastal_T_S/5T/medium/run_0 launch_id=selena_instance_normalization_20260927T131553Z_36892 slurm_job_id=3584829 launched_at=2026-09-27T14:11:45.218857+00:00
    Total instances: 810, Series during experiment: 54, Windows: 15
    Collecting ground truth and context...
    Detected to_univariate case: 54 flat series -> 18 series x 3 variates
    Organizing data into arrays...
    Saved predictions (quantiles) to /fslarge/scratch/users/h61084/codes/evaluating_tsfms/outputs/instance_normalization/tasks/ts_icl/normalization/none/univariate/Coastal_T_S/5T/medium/run_0/predictions.npz
    Computing per-window metrics...
    Saved metrics to /fslarge/scratch/users/h61084/codes/evaluating_tsfms/outputs/instance_normalization/tasks/ts_icl/normalization/none/univariate/Coastal_T_S/5T/medium/run_0/metrics.npz
    Saved config to /fslarge/scratch/users/h61084/codes/evaluating_tsfms/outputs/instance_normalization/tasks/ts_icl/normalization/none/univariate/Coastal_T_S/5T/medium/run_0/config.json
    Saved aggregate metrics to /fslarge/scratch/users/h61084/codes/evaluating_tsfms/outputs/instance_normalization/tasks/ts_icl/normalization/none/univariate/Coastal_T_S/5T/medium/run_0/metrics_summary.json
    Metrics summary (averaged over all series/windows/variates):
      MSE: 149.2626
      MAE: 2.9972
      RMSE: 3.5198
      MAPE: 0.0928
      sMAPE: 0.0698
      MASE: 1.0366
      ND: 0.0668
      CRPS: 0.0421
  Reused raw inference: /fslarge/scratch/users/h61084/codes/evaluating_tsfms/outputs/foundation_models/inference/ts_icl/univariate/Coastal_T_S/5T/medium/run_0

--- Term: long ---
  Config: prediction_length=864, test_length=4320, val_length=4320
TIME run allocation action=skip run=/fslarge/scratch/users/h61084/codes/evaluating_tsfms/outputs/foundation_models/inference/ts_icl/univariate/Coastal_T_S/5T/long/run_0 source_launch=selena_20260926T154139Z_65000 launch_id=selena_instance_normalization_20260927T131553Z_36892 slurm_job_id=3584829 launched_at=2026-09-27T14:11:46.095172+00:00
TIME run allocation action=new run=/fslarge/scratch/users/h61084/codes/evaluating_tsfms/outputs/instance_normalization/tasks/ts_icl/normalization/none/univariate/Coastal_T_S/5T/long/run_0 launch_id=selena_instance_normalization_20260927T131553Z_36892 slurm_job_id=3584829 launched_at=2026-09-27T14:11:46.143028+00:00
    Total instances: 270, Series during experiment: 54, Windows: 5
    Collecting ground truth and context...
    Detected to_univariate case: 54 flat series -> 18 series x 3 variates
    Organizing data into arrays...
    Saved predictions (quantiles) to /fslarge/scratch/users/h61084/codes/evaluating_tsfms/outputs/instance_normalization/tasks/ts_icl/normalization/none/univariate/Coastal_T_S/5T/long/run_0/predictions.npz
    Computing per-window metrics...
    Saved metrics to /fslarge/scratch/users/h61084/codes/evaluating_tsfms/outputs/instance_normalization/tasks/ts_icl/normalization/none/univariate/Coastal_T_S/5T/long/run_0/metrics.npz
    Saved config to /fslarge/scratch/users/h61084/codes/evaluating_tsfms/outputs/instance_normalization/tasks/ts_icl/normalization/none/univariate/Coastal_T_S/5T/long/run_0/config.json
    Saved aggregate metrics to /fslarge/scratch/users/h61084/codes/evaluating_tsfms/outputs/instance_normalization/tasks/ts_icl/normalization/none/univariate/Coastal_T_S/5T/long/run_0/metrics_summary.json
    Metrics summary (averaged over all series/windows/variates):
      MSE: 146.2734
      MAE: 3.1573
      RMSE: 3.6863
      MAPE: 0.0955
      sMAPE: 0.0748
      MASE: 1.3854
      ND: 0.0721
      CRPS: 0.0526
  Reused raw inference: /fslarge/scratch/users/h61084/codes/evaluating_tsfms/outputs/foundation_models/inference/ts_icl/univariate/Coastal_T_S/5T/long/run_0

============================================================
All experiments completed!
Results saved to: /scratch/users/h61084/codes/evaluating_tsfms/outputs/instance_normalization/tasks
============================================================

############################################################
# All 1 dataset(s) completed!
############################################################

############################################################
# Dataset 1/1: Coastal_T_S/15T
############################################################
[2026-09-27 14:11:49 UTC] resources selected_device {"device": "cuda", "model": "ts_icl", "stage": "forecast"}
Loading configuration...

============================================================
Dataset: Coastal_T_S/15T
Terms: ['short', 'medium', 'long']
Covariate mode: none
Instance normalization: none
============================================================

--- Term: short ---
  Config: prediction_length=12, test_length=1440, val_length=1440
TIME run allocation action=skip run=/fslarge/scratch/users/h61084/codes/evaluating_tsfms/outputs/foundation_models/inference/ts_icl/univariate/Coastal_T_S/15T/short/run_0 source_launch=selena_20260926T154139Z_65000 launch_id=selena_instance_normalization_20260927T131553Z_36892 slurm_job_id=3584829 launched_at=2026-09-27T14:11:49.969619+00:00
TIME run allocation action=new run=/fslarge/scratch/users/h61084/codes/evaluating_tsfms/outputs/instance_normalization/tasks/ts_icl/normalization/none/univariate/Coastal_T_S/15T/short/run_0 launch_id=selena_instance_normalization_20260927T131553Z_36892 slurm_job_id=3584829 launched_at=2026-09-27T14:11:49.981036+00:00
    Total instances: 1800, Series during experiment: 15, Windows: 120
    Collecting ground truth and context...
    Detected to_univariate case: 15 flat series -> 5 series x 3 variates
    Organizing data into arrays...
    Saved predictions (quantiles) to /fslarge/scratch/users/h61084/codes/evaluating_tsfms/outputs/instance_normalization/tasks/ts_icl/normalization/none/univariate/Coastal_T_S/15T/short/run_0/predictions.npz
    Computing per-window metrics...
    Saved metrics to /fslarge/scratch/users/h61084/codes/evaluating_tsfms/outputs/instance_normalization/tasks/ts_icl/normalization/none/univariate/Coastal_T_S/15T/short/run_0/metrics.npz
    Saved config to /fslarge/scratch/users/h61084/codes/evaluating_tsfms/outputs/instance_normalization/tasks/ts_icl/normalization/none/univariate/Coastal_T_S/15T/short/run_0/config.json
    Saved aggregate metrics to /fslarge/scratch/users/h61084/codes/evaluating_tsfms/outputs/instance_normalization/tasks/ts_icl/normalization/none/univariate/Coastal_T_S/15T/short/run_0/metrics_summary.json
    Metrics summary (averaged over all series/windows/variates):
      MSE: 140.8304
      MAE: 4.6245
      RMSE: 5.4081
      MAPE: 0.1244
      sMAPE: 0.1163
      MASE: 1.1429
      ND: 0.1133
      CRPS: 0.0676
  Reused raw inference: /fslarge/scratch/users/h61084/codes/evaluating_tsfms/outputs/foundation_models/inference/ts_icl/univariate/Coastal_T_S/15T/short/run_0

--- Term: medium ---
  Config: prediction_length=96, test_length=1440, val_length=1440
TIME run allocation action=skip run=/fslarge/scratch/users/h61084/codes/evaluating_tsfms/outputs/foundation_models/inference/ts_icl/univariate/Coastal_T_S/15T/medium/run_0 source_launch=selena_20260926T154139Z_65000 launch_id=selena_instance_normalization_20260927T131553Z_36892 slurm_job_id=3584829 launched_at=2026-09-27T14:11:50.618403+00:00
TIME run allocation action=new run=/fslarge/scratch/users/h61084/codes/evaluating_tsfms/outputs/instance_normalization/tasks/ts_icl/normalization/none/univariate/Coastal_T_S/15T/medium/run_0 launch_id=selena_instance_normalization_20260927T131553Z_36892 slurm_job_id=3584829 launched_at=2026-09-27T14:11:50.628867+00:00
    Total instances: 225, Series during experiment: 15, Windows: 15
    Collecting ground truth and context...
    Detected to_univariate case: 15 flat series -> 5 series x 3 variates
    Organizing data into arrays...
    Saved predictions (quantiles) to /fslarge/scratch/users/h61084/codes/evaluating_tsfms/outputs/instance_normalization/tasks/ts_icl/normalization/none/univariate/Coastal_T_S/15T/medium/run_0/predictions.npz
    Computing per-window metrics...
    Saved metrics to /fslarge/scratch/users/h61084/codes/evaluating_tsfms/outputs/instance_normalization/tasks/ts_icl/normalization/none/univariate/Coastal_T_S/15T/medium/run_0/metrics.npz
    Saved config to /fslarge/scratch/users/h61084/codes/evaluating_tsfms/outputs/instance_normalization/tasks/ts_icl/normalization/none/univariate/Coastal_T_S/15T/medium/run_0/config.json
    Saved aggregate metrics to /fslarge/scratch/users/h61084/codes/evaluating_tsfms/outputs/instance_normalization/tasks/ts_icl/normalization/none/univariate/Coastal_T_S/15T/medium/run_0/metrics_summary.json
    Metrics summary (averaged over all series/windows/variates):
      MSE: 138.1957
      MAE: 4.6632
      RMSE: 5.4266
      MAPE: 0.1278
      sMAPE: 0.1178
      MASE: 1.2691
      ND: 0.1137
      CRPS: 0.0676
  Reused raw inference: /fslarge/scratch/users/h61084/codes/evaluating_tsfms/outputs/foundation_models/inference/ts_icl/univariate/Coastal_T_S/15T/medium/run_0

--- Term: long ---
  Config: prediction_length=288, test_length=1440, val_length=1440
TIME run allocation action=skip run=/fslarge/scratch/users/h61084/codes/evaluating_tsfms/outputs/foundation_models/inference/ts_icl/univariate/Coastal_T_S/15T/long/run_0 source_launch=selena_20260926T154139Z_65000 launch_id=selena_instance_normalization_20260927T131553Z_36892 slurm_job_id=3584829 launched_at=2026-09-27T14:11:50.764709+00:00
TIME run allocation action=new run=/fslarge/scratch/users/h61084/codes/evaluating_tsfms/outputs/instance_normalization/tasks/ts_icl/normalization/none/univariate/Coastal_T_S/15T/long/run_0 launch_id=selena_instance_normalization_20260927T131553Z_36892 slurm_job_id=3584829 launched_at=2026-09-27T14:11:50.775005+00:00
    Total instances: 75, Series during experiment: 15, Windows: 5
    Collecting ground truth and context...
    Detected to_univariate case: 15 flat series -> 5 series x 3 variates
    Organizing data into arrays...
    Saved predictions (quantiles) to /fslarge/scratch/users/h61084/codes/evaluating_tsfms/outputs/instance_normalization/tasks/ts_icl/normalization/none/univariate/Coastal_T_S/15T/long/run_0/predictions.npz
    Computing per-window metrics...
    Saved metrics to /fslarge/scratch/users/h61084/codes/evaluating_tsfms/outputs/instance_normalization/tasks/ts_icl/normalization/none/univariate/Coastal_T_S/15T/long/run_0/metrics.npz
    Saved config to /fslarge/scratch/users/h61084/codes/evaluating_tsfms/outputs/instance_normalization/tasks/ts_icl/normalization/none/univariate/Coastal_T_S/15T/long/run_0/config.json
    Saved aggregate metrics to /fslarge/scratch/users/h61084/codes/evaluating_tsfms/outputs/instance_normalization/tasks/ts_icl/normalization/none/univariate/Coastal_T_S/15T/long/run_0/metrics_summary.json
    Metrics summary (averaged over all series/windows/variates):
      MSE: 140.7787
      MAE: 4.6981
      RMSE: 5.4699
      MAPE: 0.1283
      sMAPE: 0.1192
      MASE: 1.3953
      ND: 0.1151
      CRPS: 0.0686
  Reused raw inference: /fslarge/scratch/users/h61084/codes/evaluating_tsfms/outputs/foundation_models/inference/ts_icl/univariate/Coastal_T_S/15T/long/run_0

============================================================
All experiments completed!
Results saved to: /scratch/users/h61084/codes/evaluating_tsfms/outputs/instance_normalization/tasks
============================================================

############################################################
# All 1 dataset(s) completed!
############################################################

############################################################
# Dataset 1/1: Coastal_T_S/20T
############################################################
[2026-09-27 14:11:54 UTC] resources selected_device {"device": "cuda", "model": "ts_icl", "stage": "forecast"}
Loading configuration...

============================================================
Dataset: Coastal_T_S/20T
Terms: ['short', 'medium', 'long']
Covariate mode: none
Instance normalization: none
============================================================

--- Term: short ---
  Config: prediction_length=9, test_length=1080, val_length=1080
TIME run allocation action=skip run=/fslarge/scratch/users/h61084/codes/evaluating_tsfms/outputs/foundation_models/inference/ts_icl/univariate/Coastal_T_S/20T/short/run_0 source_launch=selena_20260926T154139Z_65000 launch_id=selena_instance_normalization_20260927T131553Z_36892 slurm_job_id=3584829 launched_at=2026-09-27T14:11:54.191801+00:00
TIME run allocation action=new run=/fslarge/scratch/users/h61084/codes/evaluating_tsfms/outputs/instance_normalization/tasks/ts_icl/normalization/none/univariate/Coastal_T_S/20T/short/run_0 launch_id=selena_instance_normalization_20260927T131553Z_36892 slurm_job_id=3584829 launched_at=2026-09-27T14:11:54.199571+00:00
    Total instances: 360, Series during experiment: 3, Windows: 120
    Collecting ground truth and context...
    Detected to_univariate case: 3 flat series -> 1 series x 3 variates
    Organizing data into arrays...
    Saved predictions (quantiles) to /fslarge/scratch/users/h61084/codes/evaluating_tsfms/outputs/instance_normalization/tasks/ts_icl/normalization/none/univariate/Coastal_T_S/20T/short/run_0/predictions.npz
    Computing per-window metrics...
    Saved metrics to /fslarge/scratch/users/h61084/codes/evaluating_tsfms/outputs/instance_normalization/tasks/ts_icl/normalization/none/univariate/Coastal_T_S/20T/short/run_0/metrics.npz
    Saved config to /fslarge/scratch/users/h61084/codes/evaluating_tsfms/outputs/instance_normalization/tasks/ts_icl/normalization/none/univariate/Coastal_T_S/20T/short/run_0/config.json
    Saved aggregate metrics to /fslarge/scratch/users/h61084/codes/evaluating_tsfms/outputs/instance_normalization/tasks/ts_icl/normalization/none/univariate/Coastal_T_S/20T/short/run_0/metrics_summary.json
    Metrics summary (averaged over all series/windows/variates):
      MSE: 0.0106
      MAE: 0.0720
      RMSE: 0.0827
      MAPE: 0.0030
      sMAPE: 0.0030
      MASE: 0.5645
      ND: 0.0030
      CRPS: 0.0023
  Reused raw inference: /fslarge/scratch/users/h61084/codes/evaluating_tsfms/outputs/foundation_models/inference/ts_icl/univariate/Coastal_T_S/20T/short/run_0

--- Term: medium ---
  Config: prediction_length=72, test_length=1080, val_length=1080
TIME run allocation action=skip run=/fslarge/scratch/users/h61084/codes/evaluating_tsfms/outputs/foundation_models/inference/ts_icl/univariate/Coastal_T_S/20T/medium/run_0 source_launch=selena_20260926T154139Z_65000 launch_id=selena_instance_normalization_20260927T131553Z_36892 slurm_job_id=3584829 launched_at=2026-09-27T14:11:54.327493+00:00
TIME run allocation action=new run=/fslarge/scratch/users/h61084/codes/evaluating_tsfms/outputs/instance_normalization/tasks/ts_icl/normalization/none/univariate/Coastal_T_S/20T/medium/run_0 launch_id=selena_instance_normalization_20260927T131553Z_36892 slurm_job_id=3584829 launched_at=2026-09-27T14:11:54.334248+00:00
    Total instances: 45, Series during experiment: 3, Windows: 15
    Collecting ground truth and context...
    Detected to_univariate case: 3 flat series -> 1 series x 3 variates
    Organizing data into arrays...
    Saved predictions (quantiles) to /fslarge/scratch/users/h61084/codes/evaluating_tsfms/outputs/instance_normalization/tasks/ts_icl/normalization/none/univariate/Coastal_T_S/20T/medium/run_0/predictions.npz
    Computing per-window metrics...
    Saved metrics to /fslarge/scratch/users/h61084/codes/evaluating_tsfms/outputs/instance_normalization/tasks/ts_icl/normalization/none/univariate/Coastal_T_S/20T/medium/run_0/metrics.npz
    Saved config to /fslarge/scratch/users/h61084/codes/evaluating_tsfms/outputs/instance_normalization/tasks/ts_icl/normalization/none/univariate/Coastal_T_S/20T/medium/run_0/config.json
    Saved aggregate metrics to /fslarge/scratch/users/h61084/codes/evaluating_tsfms/outputs/instance_normalization/tasks/ts_icl/normalization/none/univariate/Coastal_T_S/20T/medium/run_0/metrics_summary.json
    Metrics summary (averaged over all series/windows/variates):
      MSE: 0.0449
      MAE: 0.1574
      RMSE: 0.1907
      MAPE: 0.0066
      sMAPE: 0.0066
      MASE: 1.2497
      ND: 0.0066
      CRPS: 0.0051
  Reused raw inference: /fslarge/scratch/users/h61084/codes/evaluating_tsfms/outputs/foundation_models/inference/ts_icl/univariate/Coastal_T_S/20T/medium/run_0

--- Term: long ---
  Config: prediction_length=216, test_length=1080, val_length=1080
TIME run allocation action=skip run=/fslarge/scratch/users/h61084/codes/evaluating_tsfms/outputs/foundation_models/inference/ts_icl/univariate/Coastal_T_S/20T/long/run_0 source_launch=selena_20260926T154139Z_65000 launch_id=selena_instance_normalization_20260927T131553Z_36892 slurm_job_id=3584829 launched_at=2026-09-27T14:11:54.378912+00:00
TIME run allocation action=new run=/fslarge/scratch/users/h61084/codes/evaluating_tsfms/outputs/instance_normalization/tasks/ts_icl/normalization/none/univariate/Coastal_T_S/20T/long/run_0 launch_id=selena_instance_normalization_20260927T131553Z_36892 slurm_job_id=3584829 launched_at=2026-09-27T14:11:54.385348+00:00
    Total instances: 15, Series during experiment: 3, Windows: 5
    Collecting ground truth and context...
    Detected to_univariate case: 3 flat series -> 1 series x 3 variates
    Organizing data into arrays...
    Saved predictions (quantiles) to /fslarge/scratch/users/h61084/codes/evaluating_tsfms/outputs/instance_normalization/tasks/ts_icl/normalization/none/univariate/Coastal_T_S/20T/long/run_0/predictions.npz
    Computing per-window metrics...
    Saved metrics to /fslarge/scratch/users/h61084/codes/evaluating_tsfms/outputs/instance_normalization/tasks/ts_icl/normalization/none/univariate/Coastal_T_S/20T/long/run_0/metrics.npz
    Saved config to /fslarge/scratch/users/h61084/codes/evaluating_tsfms/outputs/instance_normalization/tasks/ts_icl/normalization/none/univariate/Coastal_T_S/20T/long/run_0/config.json
    Saved aggregate metrics to /fslarge/scratch/users/h61084/codes/evaluating_tsfms/outputs/instance_normalization/tasks/ts_icl/normalization/none/univariate/Coastal_T_S/20T/long/run_0/metrics_summary.json
    Metrics summary (averaged over all series/windows/variates):
      MSE: 0.1077
      MAE: 0.2288
      RMSE: 0.2901
      MAPE: 0.0095
      sMAPE: 0.0095
      MASE: 1.7467
      ND: 0.0095
      CRPS: 0.0076
  Reused raw inference: /fslarge/scratch/users/h61084/codes/evaluating_tsfms/outputs/foundation_models/inference/ts_icl/univariate/Coastal_T_S/20T/long/run_0

============================================================
All experiments completed!
Results saved to: /scratch/users/h61084/codes/evaluating_tsfms/outputs/instance_normalization/tasks
============================================================

############################################################
# All 1 dataset(s) completed!
############################################################

############################################################
# Dataset 1/1: Coastal_T_S/H
############################################################
[2026-09-27 14:11:57 UTC] resources selected_device {"device": "cuda", "model": "ts_icl", "stage": "forecast"}
Loading configuration...

============================================================
Dataset: Coastal_T_S/H
Terms: ['short', 'medium', 'long']
Covariate mode: none
Instance normalization: none
============================================================

--- Term: short ---
  Config: prediction_length=24, test_length=672, val_length=672
TIME run allocation action=skip run=/fslarge/scratch/users/h61084/codes/evaluating_tsfms/outputs/foundation_models/inference/ts_icl/univariate/Coastal_T_S/H/short/run_0 source_launch=selena_20260926T154139Z_65000 launch_id=selena_instance_normalization_20260927T131553Z_36892 slurm_job_id=3584829 launched_at=2026-09-27T14:11:57.764479+00:00
TIME run allocation action=new run=/fslarge/scratch/users/h61084/codes/evaluating_tsfms/outputs/instance_normalization/tasks/ts_icl/normalization/none/univariate/Coastal_T_S/H/short/run_0 launch_id=selena_instance_normalization_20260927T131553Z_36892 slurm_job_id=3584829 launched_at=2026-09-27T14:11:57.781594+00:00
    Total instances: 2016, Series during experiment: 72, Windows: 28
    Collecting ground truth and context...
    Detected to_univariate case: 72 flat series -> 24 series x 3 variates
    Organizing data into arrays...
    Saved predictions (quantiles) to /fslarge/scratch/users/h61084/codes/evaluating_tsfms/outputs/instance_normalization/tasks/ts_icl/normalization/none/univariate/Coastal_T_S/H/short/run_0/predictions.npz
    Computing per-window metrics...
    Saved metrics to /fslarge/scratch/users/h61084/codes/evaluating_tsfms/outputs/instance_normalization/tasks/ts_icl/normalization/none/univariate/Coastal_T_S/H/short/run_0/metrics.npz
    Saved config to /fslarge/scratch/users/h61084/codes/evaluating_tsfms/outputs/instance_normalization/tasks/ts_icl/normalization/none/univariate/Coastal_T_S/H/short/run_0/config.json
    Saved aggregate metrics to /fslarge/scratch/users/h61084/codes/evaluating_tsfms/outputs/instance_normalization/tasks/ts_icl/normalization/none/univariate/Coastal_T_S/H/short/run_0/metrics_summary.json
    Metrics summary (averaged over all series/windows/variates):
      MSE: 14.8776
      MAE: 1.1126
      RMSE: 1.3756
      MAPE: 0.0303
      sMAPE: 0.0285
      MASE: 0.9438
      ND: 0.0282
      CRPS: 0.0223
  Reused raw inference: /fslarge/scratch/users/h61084/codes/evaluating_tsfms/outputs/foundation_models/inference/ts_icl/univariate/Coastal_T_S/H/short/run_0

--- Term: medium ---
  Config: prediction_length=168, test_length=672, val_length=672
TIME run allocation action=skip run=/fslarge/scratch/users/h61084/codes/evaluating_tsfms/outputs/foundation_models/inference/ts_icl/univariate/Coastal_T_S/H/medium/run_0 source_launch=selena_20260926T154139Z_65000 launch_id=selena_instance_normalization_20260927T131553Z_36892 slurm_job_id=3584829 launched_at=2026-09-27T14:11:58.385070+00:00
TIME run allocation action=new run=/fslarge/scratch/users/h61084/codes/evaluating_tsfms/outputs/instance_normalization/tasks/ts_icl/normalization/none/univariate/Coastal_T_S/H/medium/run_0 launch_id=selena_instance_normalization_20260927T131553Z_36892 slurm_job_id=3584829 launched_at=2026-09-27T14:11:58.400018+00:00
    Total instances: 288, Series during experiment: 72, Windows: 4
    Collecting ground truth and context...
    Detected to_univariate case: 72 flat series -> 24 series x 3 variates
    Organizing data into arrays...
    Saved predictions (quantiles) to /fslarge/scratch/users/h61084/codes/evaluating_tsfms/outputs/instance_normalization/tasks/ts_icl/normalization/none/univariate/Coastal_T_S/H/medium/run_0/predictions.npz
    Computing per-window metrics...
    Saved metrics to /fslarge/scratch/users/h61084/codes/evaluating_tsfms/outputs/instance_normalization/tasks/ts_icl/normalization/none/univariate/Coastal_T_S/H/medium/run_0/metrics.npz
    Saved config to /fslarge/scratch/users/h61084/codes/evaluating_tsfms/outputs/instance_normalization/tasks/ts_icl/normalization/none/univariate/Coastal_T_S/H/medium/run_0/config.json
    Saved aggregate metrics to /fslarge/scratch/users/h61084/codes/evaluating_tsfms/outputs/instance_normalization/tasks/ts_icl/normalization/none/univariate/Coastal_T_S/H/medium/run_0/metrics_summary.json
    Metrics summary (averaged over all series/windows/variates):
      MSE: 21.4807
      MAE: 1.3721
      RMSE: 1.7067
      MAPE: 0.0411
      sMAPE: 0.0365
      MASE: 1.6380
      ND: 0.0389
      CRPS: 0.0310
  Reused raw inference: /fslarge/scratch/users/h61084/codes/evaluating_tsfms/outputs/foundation_models/inference/ts_icl/univariate/Coastal_T_S/H/medium/run_0

--- Term: long ---
  Config: prediction_length=336, test_length=672, val_length=672
TIME run allocation action=skip run=/fslarge/scratch/users/h61084/codes/evaluating_tsfms/outputs/foundation_models/inference/ts_icl/univariate/Coastal_T_S/H/long/run_0 source_launch=selena_20260926T154139Z_65000 launch_id=selena_instance_normalization_20260927T131553Z_36892 slurm_job_id=3584829 launched_at=2026-09-27T14:11:58.552655+00:00
TIME run allocation action=new run=/fslarge/scratch/users/h61084/codes/evaluating_tsfms/outputs/instance_normalization/tasks/ts_icl/normalization/none/univariate/Coastal_T_S/H/long/run_0 launch_id=selena_instance_normalization_20260927T131553Z_36892 slurm_job_id=3584829 launched_at=2026-09-27T14:11:58.567259+00:00
    Total instances: 144, Series during experiment: 72, Windows: 2
    Collecting ground truth and context...
    Detected to_univariate case: 72 flat series -> 24 series x 3 variates
    Organizing data into arrays...
    Saved predictions (quantiles) to /fslarge/scratch/users/h61084/codes/evaluating_tsfms/outputs/instance_normalization/tasks/ts_icl/normalization/none/univariate/Coastal_T_S/H/long/run_0/predictions.npz
    Computing per-window metrics...
    Saved metrics to /fslarge/scratch/users/h61084/codes/evaluating_tsfms/outputs/instance_normalization/tasks/ts_icl/normalization/none/univariate/Coastal_T_S/H/long/run_0/metrics.npz
    Saved config to /fslarge/scratch/users/h61084/codes/evaluating_tsfms/outputs/instance_normalization/tasks/ts_icl/normalization/none/univariate/Coastal_T_S/H/long/run_0/config.json
    Saved aggregate metrics to /fslarge/scratch/users/h61084/codes/evaluating_tsfms/outputs/instance_normalization/tasks/ts_icl/normalization/none/univariate/Coastal_T_S/H/long/run_0/metrics_summary.json
    Metrics summary (averaged over all series/windows/variates):
      MSE: 23.7223
      MAE: 1.4988
      RMSE: 1.8977
      MAPE: 0.0473
      sMAPE: 0.0418
      MASE: 2.3337
      ND: 0.0423
      CRPS: 0.0336
  Reused raw inference: /fslarge/scratch/users/h61084/codes/evaluating_tsfms/outputs/foundation_models/inference/ts_icl/univariate/Coastal_T_S/H/long/run_0

============================================================
All experiments completed!
Results saved to: /scratch/users/h61084/codes/evaluating_tsfms/outputs/instance_normalization/tasks
============================================================

############################################################
# All 1 dataset(s) completed!
############################################################

############################################################
# Dataset 1/1: SG_Weather/D
############################################################
[2026-09-27 14:12:01 UTC] resources selected_device {"device": "cuda", "model": "ts_icl", "stage": "forecast"}
Loading configuration...

============================================================
Dataset: SG_Weather/D
Terms: ['short', 'medium', 'long']
Covariate mode: none
Instance normalization: none
============================================================

--- Term: short ---
  Config: prediction_length=3, test_length=366, val_length=366
TIME run allocation action=skip run=/fslarge/scratch/users/h61084/codes/evaluating_tsfms/outputs/foundation_models/inference/ts_icl/univariate/SG_Weather/D/short/run_0 source_launch=selena_20260926T154139Z_65000 launch_id=selena_instance_normalization_20260927T131553Z_36892 slurm_job_id=3584829 launched_at=2026-09-27T14:12:02.013812+00:00
TIME run allocation action=new run=/fslarge/scratch/users/h61084/codes/evaluating_tsfms/outputs/instance_normalization/tasks/ts_icl/normalization/none/univariate/SG_Weather/D/short/run_0 launch_id=selena_instance_normalization_20260927T131553Z_36892 slurm_job_id=3584829 launched_at=2026-09-27T14:12:02.023105+00:00
    Total instances: 2928, Series during experiment: 24, Windows: 122
    Collecting ground truth and context...
    Detected to_univariate case: 24 flat series -> 6 series x 4 variates
    Organizing data into arrays...
    Saved predictions (quantiles) to /fslarge/scratch/users/h61084/codes/evaluating_tsfms/outputs/instance_normalization/tasks/ts_icl/normalization/none/univariate/SG_Weather/D/short/run_0/predictions.npz
    Computing per-window metrics...
    Saved metrics to /fslarge/scratch/users/h61084/codes/evaluating_tsfms/outputs/instance_normalization/tasks/ts_icl/normalization/none/univariate/SG_Weather/D/short/run_0/metrics.npz
    Saved config to /fslarge/scratch/users/h61084/codes/evaluating_tsfms/outputs/instance_normalization/tasks/ts_icl/normalization/none/univariate/SG_Weather/D/short/run_0/config.json
    Saved aggregate metrics to /fslarge/scratch/users/h61084/codes/evaluating_tsfms/outputs/instance_normalization/tasks/ts_icl/normalization/none/univariate/SG_Weather/D/short/run_0/metrics_summary.json
    Metrics summary (averaged over all series/windows/variates):
      MSE: 2291.7746
      MAE: 17.0255
      RMSE: 20.1840
      MAPE: 0.3486
      sMAPE: 0.2191
      MASE: 0.8538
      ND: 0.2288
      CRPS: 0.1868
  Reused raw inference: /fslarge/scratch/users/h61084/codes/evaluating_tsfms/outputs/foundation_models/inference/ts_icl/univariate/SG_Weather/D/short/run_0

--- Term: medium ---
  Config: prediction_length=7, test_length=366, val_length=366
TIME run allocation action=skip run=/fslarge/scratch/users/h61084/codes/evaluating_tsfms/outputs/foundation_models/inference/ts_icl/univariate/SG_Weather/D/medium/run_0 source_launch=selena_20260926T154139Z_65000 launch_id=selena_instance_normalization_20260927T131553Z_36892 slurm_job_id=3584829 launched_at=2026-09-27T14:12:02.751821+00:00
TIME run allocation action=new run=/fslarge/scratch/users/h61084/codes/evaluating_tsfms/outputs/instance_normalization/tasks/ts_icl/normalization/none/univariate/SG_Weather/D/medium/run_0 launch_id=selena_instance_normalization_20260927T131553Z_36892 slurm_job_id=3584829 launched_at=2026-09-27T14:12:02.760030+00:00
    Total instances: 1248, Series during experiment: 24, Windows: 52
    Collecting ground truth and context...
    Detected to_univariate case: 24 flat series -> 6 series x 4 variates
    Organizing data into arrays...
    Saved predictions (quantiles) to /fslarge/scratch/users/h61084/codes/evaluating_tsfms/outputs/instance_normalization/tasks/ts_icl/normalization/none/univariate/SG_Weather/D/medium/run_0/predictions.npz
    Computing per-window metrics...
    Saved metrics to /fslarge/scratch/users/h61084/codes/evaluating_tsfms/outputs/instance_normalization/tasks/ts_icl/normalization/none/univariate/SG_Weather/D/medium/run_0/metrics.npz
    Saved config to /fslarge/scratch/users/h61084/codes/evaluating_tsfms/outputs/instance_normalization/tasks/ts_icl/normalization/none/univariate/SG_Weather/D/medium/run_0/config.json
    Saved aggregate metrics to /fslarge/scratch/users/h61084/codes/evaluating_tsfms/outputs/instance_normalization/tasks/ts_icl/normalization/none/univariate/SG_Weather/D/medium/run_0/metrics_summary.json
    Metrics summary (averaged over all series/windows/variates):
      MSE: 2396.4372
      MAE: 17.5949
      RMSE: 22.4892
      MAPE: 0.3582
      sMAPE: 0.2243
      MASE: 0.8959
      ND: 0.2204
      CRPS: 0.1737
  Reused raw inference: /fslarge/scratch/users/h61084/codes/evaluating_tsfms/outputs/foundation_models/inference/ts_icl/univariate/SG_Weather/D/medium/run_0

--- Term: long ---
  Config: prediction_length=14, test_length=366, val_length=366
TIME run allocation action=skip run=/fslarge/scratch/users/h61084/codes/evaluating_tsfms/outputs/foundation_models/inference/ts_icl/univariate/SG_Weather/D/long/run_0 source_launch=selena_20260926T154139Z_65000 launch_id=selena_instance_normalization_20260927T131553Z_36892 slurm_job_id=3584829 launched_at=2026-09-27T14:12:03.093598+00:00
TIME run allocation action=new run=/fslarge/scratch/users/h61084/codes/evaluating_tsfms/outputs/instance_normalization/tasks/ts_icl/normalization/none/univariate/SG_Weather/D/long/run_0 launch_id=selena_instance_normalization_20260927T131553Z_36892 slurm_job_id=3584829 launched_at=2026-09-27T14:12:03.101570+00:00
    Total instances: 624, Series during experiment: 24, Windows: 26
    Collecting ground truth and context...
    Detected to_univariate case: 24 flat series -> 6 series x 4 variates
    Organizing data into arrays...
    Saved predictions (quantiles) to /fslarge/scratch/users/h61084/codes/evaluating_tsfms/outputs/instance_normalization/tasks/ts_icl/normalization/none/univariate/SG_Weather/D/long/run_0/predictions.npz
    Computing per-window metrics...
    Saved metrics to /fslarge/scratch/users/h61084/codes/evaluating_tsfms/outputs/instance_normalization/tasks/ts_icl/normalization/none/univariate/SG_Weather/D/long/run_0/metrics.npz
    Saved config to /fslarge/scratch/users/h61084/codes/evaluating_tsfms/outputs/instance_normalization/tasks/ts_icl/normalization/none/univariate/SG_Weather/D/long/run_0/config.json
    Saved aggregate metrics to /fslarge/scratch/users/h61084/codes/evaluating_tsfms/outputs/instance_normalization/tasks/ts_icl/normalization/none/univariate/SG_Weather/D/long/run_0/metrics_summary.json
    Metrics summary (averaged over all series/windows/variates):
      MSE: 2325.1323
      MAE: 17.4186
      RMSE: 23.0609
      MAPE: 0.3529
      sMAPE: 0.2258
      MASE: 0.9065
      ND: 0.2146
      CRPS: 0.1700
  Reused raw inference: /fslarge/scratch/users/h61084/codes/evaluating_tsfms/outputs/foundation_models/inference/ts_icl/univariate/SG_Weather/D/long/run_0

============================================================
All experiments completed!
Results saved to: /scratch/users/h61084/codes/evaluating_tsfms/outputs/instance_normalization/tasks
============================================================

############################################################
# All 1 dataset(s) completed!
############################################################

############################################################
# Dataset 1/1: SG_PM25/H
############################################################
[2026-09-27 14:12:06 UTC] resources selected_device {"device": "cuda", "model": "ts_icl", "stage": "forecast"}
Loading configuration...

============================================================
Dataset: SG_PM25/H
Terms: ['short', 'medium', 'long']
Covariate mode: none
Instance normalization: none
============================================================

--- Term: short ---
  Config: prediction_length=24, test_length=2208, val_length=2160
TIME run allocation action=skip run=/fslarge/scratch/users/h61084/codes/evaluating_tsfms/outputs/foundation_models/inference/ts_icl/univariate/SG_PM25/H/short/run_0 source_launch=selena_20260926T154139Z_65000 launch_id=selena_instance_normalization_20260927T131553Z_36892 slurm_job_id=3584829 launched_at=2026-09-27T14:12:06.649415+00:00
TIME run allocation action=new run=/fslarge/scratch/users/h61084/codes/evaluating_tsfms/outputs/instance_normalization/tasks/ts_icl/normalization/none/univariate/SG_PM25/H/short/run_0 launch_id=selena_instance_normalization_20260927T131553Z_36892 slurm_job_id=3584829 launched_at=2026-09-27T14:12:06.659333+00:00
    Total instances: 460, Series during experiment: 5, Windows: 92
    Collecting ground truth and context...
    Detected to_univariate case: 5 flat series -> 1 series x 5 variates
    Organizing data into arrays...
    Saved predictions (quantiles) to /fslarge/scratch/users/h61084/codes/evaluating_tsfms/outputs/instance_normalization/tasks/ts_icl/normalization/none/univariate/SG_PM25/H/short/run_0/predictions.npz
    Computing per-window metrics...
    Saved metrics to /fslarge/scratch/users/h61084/codes/evaluating_tsfms/outputs/instance_normalization/tasks/ts_icl/normalization/none/univariate/SG_PM25/H/short/run_0/metrics.npz
    Saved config to /fslarge/scratch/users/h61084/codes/evaluating_tsfms/outputs/instance_normalization/tasks/ts_icl/normalization/none/univariate/SG_PM25/H/short/run_0/config.json
    Saved aggregate metrics to /fslarge/scratch/users/h61084/codes/evaluating_tsfms/outputs/instance_normalization/tasks/ts_icl/normalization/none/univariate/SG_PM25/H/short/run_0/metrics_summary.json
    Metrics summary (averaged over all series/windows/variates):
      MSE: 40.4106
      MAE: 4.6113
      RMSE: 5.6814
      MAPE: 0.4973
      sMAPE: 0.3933
      MASE: 0.8773
      ND: 0.3911
      CRPS: 0.3050
  Reused raw inference: /fslarge/scratch/users/h61084/codes/evaluating_tsfms/outputs/foundation_models/inference/ts_icl/univariate/SG_PM25/H/short/run_0

--- Term: medium ---
  Config: prediction_length=72, test_length=2208, val_length=2160
TIME run allocation action=skip run=/fslarge/scratch/users/h61084/codes/evaluating_tsfms/outputs/foundation_models/inference/ts_icl/univariate/SG_PM25/H/medium/run_0 source_launch=selena_20260926T154139Z_65000 launch_id=selena_instance_normalization_20260927T131553Z_36892 slurm_job_id=3584829 launched_at=2026-09-27T14:12:06.911097+00:00
TIME run allocation action=new run=/fslarge/scratch/users/h61084/codes/evaluating_tsfms/outputs/instance_normalization/tasks/ts_icl/normalization/none/univariate/SG_PM25/H/medium/run_0 launch_id=selena_instance_normalization_20260927T131553Z_36892 slurm_job_id=3584829 launched_at=2026-09-27T14:12:06.919595+00:00
    Total instances: 150, Series during experiment: 5, Windows: 30
    Collecting ground truth and context...
    Detected to_univariate case: 5 flat series -> 1 series x 5 variates
    Organizing data into arrays...
    Saved predictions (quantiles) to /fslarge/scratch/users/h61084/codes/evaluating_tsfms/outputs/instance_normalization/tasks/ts_icl/normalization/none/univariate/SG_PM25/H/medium/run_0/predictions.npz
    Computing per-window metrics...
    Saved metrics to /fslarge/scratch/users/h61084/codes/evaluating_tsfms/outputs/instance_normalization/tasks/ts_icl/normalization/none/univariate/SG_PM25/H/medium/run_0/metrics.npz
    Saved config to /fslarge/scratch/users/h61084/codes/evaluating_tsfms/outputs/instance_normalization/tasks/ts_icl/normalization/none/univariate/SG_PM25/H/medium/run_0/config.json
    Saved aggregate metrics to /fslarge/scratch/users/h61084/codes/evaluating_tsfms/outputs/instance_normalization/tasks/ts_icl/normalization/none/univariate/SG_PM25/H/medium/run_0/metrics_summary.json
    Metrics summary (averaged over all series/windows/variates):
      MSE: 46.3990
      MAE: 4.8950
      RMSE: 6.2311
      MAPE: 0.5167
      sMAPE: 0.4149
      MASE: 0.9304
      ND: 0.4006
      CRPS: 0.3146
  Reused raw inference: /fslarge/scratch/users/h61084/codes/evaluating_tsfms/outputs/foundation_models/inference/ts_icl/univariate/SG_PM25/H/medium/run_0

--- Term: long ---
  Config: prediction_length=168, test_length=2208, val_length=2160
TIME run allocation action=skip run=/fslarge/scratch/users/h61084/codes/evaluating_tsfms/outputs/foundation_models/inference/ts_icl/univariate/SG_PM25/H/long/run_0 source_launch=selena_20260926T154139Z_65000 launch_id=selena_instance_normalization_20260927T131553Z_36892 slurm_job_id=3584829 launched_at=2026-09-27T14:12:07.050946+00:00
TIME run allocation action=new run=/fslarge/scratch/users/h61084/codes/evaluating_tsfms/outputs/instance_normalization/tasks/ts_icl/normalization/none/univariate/SG_PM25/H/long/run_0 launch_id=selena_instance_normalization_20260927T131553Z_36892 slurm_job_id=3584829 launched_at=2026-09-27T14:12:07.060115+00:00
    Total instances: 65, Series during experiment: 5, Windows: 13
    Collecting ground truth and context...
    Detected to_univariate case: 5 flat series -> 1 series x 5 variates
    Organizing data into arrays...
    Saved predictions (quantiles) to /fslarge/scratch/users/h61084/codes/evaluating_tsfms/outputs/instance_normalization/tasks/ts_icl/normalization/none/univariate/SG_PM25/H/long/run_0/predictions.npz
    Computing per-window metrics...
    Saved metrics to /fslarge/scratch/users/h61084/codes/evaluating_tsfms/outputs/instance_normalization/tasks/ts_icl/normalization/none/univariate/SG_PM25/H/long/run_0/metrics.npz
    Saved config to /fslarge/scratch/users/h61084/codes/evaluating_tsfms/outputs/instance_normalization/tasks/ts_icl/normalization/none/univariate/SG_PM25/H/long/run_0/config.json
    Saved aggregate metrics to /fslarge/scratch/users/h61084/codes/evaluating_tsfms/outputs/instance_normalization/tasks/ts_icl/normalization/none/univariate/SG_PM25/H/long/run_0/metrics_summary.json
    Metrics summary (averaged over all series/windows/variates):
      MSE: 48.4370
      MAE: 5.0411
      RMSE: 6.5604
      MAPE: 0.5431
      sMAPE: 0.4253
      MASE: 0.9584
      ND: 0.4112
      CRPS: 0.3242
  Reused raw inference: /fslarge/scratch/users/h61084/codes/evaluating_tsfms/outputs/foundation_models/inference/ts_icl/univariate/SG_PM25/H/long/run_0

============================================================
All experiments completed!
Results saved to: /scratch/users/h61084/codes/evaluating_tsfms/outputs/instance_normalization/tasks
============================================================

############################################################
# All 1 dataset(s) completed!
############################################################

############################################################
# Dataset 1/1: NE_China_Wind/H
############################################################
[2026-09-27 14:12:10 UTC] resources selected_device {"device": "cuda", "model": "ts_icl", "stage": "forecast"}
Loading configuration...

============================================================
Dataset: NE_China_Wind/H
Terms: ['short', 'medium', 'long']
Covariate mode: none
Instance normalization: none
============================================================

--- Term: short ---
  Config: prediction_length=24, test_length=720, val_length=720
TIME run allocation action=skip run=/fslarge/scratch/users/h61084/codes/evaluating_tsfms/outputs/foundation_models/inference/ts_icl/univariate/NE_China_Wind/H/short/run_0 source_launch=selena_20260926T154139Z_65000 launch_id=selena_instance_normalization_20260927T131553Z_36892 slurm_job_id=3584829 launched_at=2026-09-27T14:12:10.482996+00:00
TIME run allocation action=new run=/fslarge/scratch/users/h61084/codes/evaluating_tsfms/outputs/instance_normalization/tasks/ts_icl/normalization/none/univariate/NE_China_Wind/H/short/run_0 launch_id=selena_instance_normalization_20260927T131553Z_36892 slurm_job_id=3584829 launched_at=2026-09-27T14:12:10.491001+00:00
    Total instances: 120, Series during experiment: 4, Windows: 30
    Collecting ground truth and context...
    Detected to_univariate case: 4 flat series -> 1 series x 4 variates
    Organizing data into arrays...
    Saved predictions (quantiles) to /fslarge/scratch/users/h61084/codes/evaluating_tsfms/outputs/instance_normalization/tasks/ts_icl/normalization/none/univariate/NE_China_Wind/H/short/run_0/predictions.npz
    Computing per-window metrics...
    Saved metrics to /fslarge/scratch/users/h61084/codes/evaluating_tsfms/outputs/instance_normalization/tasks/ts_icl/normalization/none/univariate/NE_China_Wind/H/short/run_0/metrics.npz
    Saved config to /fslarge/scratch/users/h61084/codes/evaluating_tsfms/outputs/instance_normalization/tasks/ts_icl/normalization/none/univariate/NE_China_Wind/H/short/run_0/config.json
    Saved aggregate metrics to /fslarge/scratch/users/h61084/codes/evaluating_tsfms/outputs/instance_normalization/tasks/ts_icl/normalization/none/univariate/NE_China_Wind/H/short/run_0/metrics_summary.json
    Metrics summary (averaged over all series/windows/variates):
      MSE: 0.1041
      MAE: 0.2173
      RMSE: 0.2530
      MAPE: 0.8451
      sMAPE: 0.5001
      MASE: 0.5101
      ND: 0.4379
      CRPS: 0.3447
  Reused raw inference: /fslarge/scratch/users/h61084/codes/evaluating_tsfms/outputs/foundation_models/inference/ts_icl/univariate/NE_China_Wind/H/short/run_0

--- Term: medium ---
  Config: prediction_length=72, test_length=720, val_length=720
TIME run allocation action=skip run=/fslarge/scratch/users/h61084/codes/evaluating_tsfms/outputs/foundation_models/inference/ts_icl/univariate/NE_China_Wind/H/medium/run_0 source_launch=selena_20260926T154139Z_65000 launch_id=selena_instance_normalization_20260927T131553Z_36892 slurm_job_id=3584829 launched_at=2026-09-27T14:12:10.558857+00:00
TIME run allocation action=new run=/fslarge/scratch/users/h61084/codes/evaluating_tsfms/outputs/instance_normalization/tasks/ts_icl/normalization/none/univariate/NE_China_Wind/H/medium/run_0 launch_id=selena_instance_normalization_20260927T131553Z_36892 slurm_job_id=3584829 launched_at=2026-09-27T14:12:10.565544+00:00
    Total instances: 40, Series during experiment: 4, Windows: 10
    Collecting ground truth and context...
    Detected to_univariate case: 4 flat series -> 1 series x 4 variates
    Organizing data into arrays...
    Saved predictions (quantiles) to /fslarge/scratch/users/h61084/codes/evaluating_tsfms/outputs/instance_normalization/tasks/ts_icl/normalization/none/univariate/NE_China_Wind/H/medium/run_0/predictions.npz
    Computing per-window metrics...
    Saved metrics to /fslarge/scratch/users/h61084/codes/evaluating_tsfms/outputs/instance_normalization/tasks/ts_icl/normalization/none/univariate/NE_China_Wind/H/medium/run_0/metrics.npz
    Saved config to /fslarge/scratch/users/h61084/codes/evaluating_tsfms/outputs/instance_normalization/tasks/ts_icl/normalization/none/univariate/NE_China_Wind/H/medium/run_0/config.json
    Saved aggregate metrics to /fslarge/scratch/users/h61084/codes/evaluating_tsfms/outputs/instance_normalization/tasks/ts_icl/normalization/none/univariate/NE_China_Wind/H/medium/run_0/metrics_summary.json
    Metrics summary (averaged over all series/windows/variates):
      MSE: 0.2463
      MAE: 0.3568
      RMSE: 0.4121
      MAPE: 0.9195
      sMAPE: 0.7285
      MASE: 0.8898
      ND: 0.5354
      CRPS: 0.4308
  Reused raw inference: /fslarge/scratch/users/h61084/codes/evaluating_tsfms/outputs/foundation_models/inference/ts_icl/univariate/NE_China_Wind/H/medium/run_0

--- Term: long ---
  Config: prediction_length=168, test_length=720, val_length=720
TIME run allocation action=skip run=/fslarge/scratch/users/h61084/codes/evaluating_tsfms/outputs/foundation_models/inference/ts_icl/univariate/NE_China_Wind/H/long/run_0 source_launch=selena_20260926T154139Z_65000 launch_id=selena_instance_normalization_20260927T131553Z_36892 slurm_job_id=3584829 launched_at=2026-09-27T14:12:10.610022+00:00
TIME run allocation action=new run=/fslarge/scratch/users/h61084/codes/evaluating_tsfms/outputs/instance_normalization/tasks/ts_icl/normalization/none/univariate/NE_China_Wind/H/long/run_0 launch_id=selena_instance_normalization_20260927T131553Z_36892 slurm_job_id=3584829 launched_at=2026-09-27T14:12:10.616391+00:00
    Total instances: 16, Series during experiment: 4, Windows: 4
    Collecting ground truth and context...
    Detected to_univariate case: 4 flat series -> 1 series x 4 variates
    Organizing data into arrays...
    Saved predictions (quantiles) to /fslarge/scratch/users/h61084/codes/evaluating_tsfms/outputs/instance_normalization/tasks/ts_icl/normalization/none/univariate/NE_China_Wind/H/long/run_0/predictions.npz
    Computing per-window metrics...
    Saved metrics to /fslarge/scratch/users/h61084/codes/evaluating_tsfms/outputs/instance_normalization/tasks/ts_icl/normalization/none/univariate/NE_China_Wind/H/long/run_0/metrics.npz
    Saved config to /fslarge/scratch/users/h61084/codes/evaluating_tsfms/outputs/instance_normalization/tasks/ts_icl/normalization/none/univariate/NE_China_Wind/H/long/run_0/config.json
    Saved aggregate metrics to /fslarge/scratch/users/h61084/codes/evaluating_tsfms/outputs/instance_normalization/tasks/ts_icl/normalization/none/univariate/NE_China_Wind/H/long/run_0/metrics_summary.json
    Metrics summary (averaged over all series/windows/variates):
      MSE: 0.3432
      MAE: 0.4473
      RMSE: 0.5446
      MAPE: 1.1507
      sMAPE: 0.8581
      MASE: 1.1844
      ND: 0.6220
      CRPS: 0.4897
  Reused raw inference: /fslarge/scratch/users/h61084/codes/evaluating_tsfms/outputs/foundation_models/inference/ts_icl/univariate/NE_China_Wind/H/long/run_0

============================================================
All experiments completed!
Results saved to: /scratch/users/h61084/codes/evaluating_tsfms/outputs/instance_normalization/tasks
============================================================

############################################################
# All 1 dataset(s) completed!
############################################################

############################################################
# Dataset 1/1: Australia_Solar/H
############################################################
[2026-09-27 14:12:13 UTC] resources selected_device {"device": "cuda", "model": "ts_icl", "stage": "forecast"}
Loading configuration...

============================================================
Dataset: Australia_Solar/H
Terms: ['short', 'medium', 'long']
Covariate mode: none
Instance normalization: none
============================================================

--- Term: short ---
  Config: prediction_length=24, test_length=2520, val_length=2520
TIME run allocation action=skip run=/fslarge/scratch/users/h61084/codes/evaluating_tsfms/outputs/foundation_models/inference/ts_icl/univariate/Australia_Solar/H/short/run_0 source_launch=selena_20260926T154139Z_65000 launch_id=selena_instance_normalization_20260927T131553Z_36892 slurm_job_id=3584829 launched_at=2026-09-27T14:12:13.995692+00:00
TIME run allocation action=new run=/fslarge/scratch/users/h61084/codes/evaluating_tsfms/outputs/instance_normalization/tasks/ts_icl/normalization/none/univariate/Australia_Solar/H/short/run_0 launch_id=selena_instance_normalization_20260927T131553Z_36892 slurm_job_id=3584829 launched_at=2026-09-27T14:12:14.005135+00:00
    Total instances: 315, Series during experiment: 3, Windows: 105
    Collecting ground truth and context...
    Detected to_univariate case: 3 flat series -> 1 series x 3 variates
    Organizing data into arrays...
    ⚠️  Predictions max value (1970096.12) exceeds float16 safe range.
    ⚠️  Applying scale factor: 100 (values will be divided)
    Saved predictions (quantiles) to /fslarge/scratch/users/h61084/codes/evaluating_tsfms/outputs/instance_normalization/tasks/ts_icl/normalization/none/univariate/Australia_Solar/H/short/run_0/predictions.npz
    Computing per-window metrics...
    Saved metrics to /fslarge/scratch/users/h61084/codes/evaluating_tsfms/outputs/instance_normalization/tasks/ts_icl/normalization/none/univariate/Australia_Solar/H/short/run_0/metrics.npz
    Saved config to /fslarge/scratch/users/h61084/codes/evaluating_tsfms/outputs/instance_normalization/tasks/ts_icl/normalization/none/univariate/Australia_Solar/H/short/run_0/config.json
    Saved aggregate metrics to /fslarge/scratch/users/h61084/codes/evaluating_tsfms/outputs/instance_normalization/tasks/ts_icl/normalization/none/univariate/Australia_Solar/H/short/run_0/metrics_summary.json
    Metrics summary (averaged over all series/windows/variates):
      MSE: 26561679454.2023
      MAE: 80553.0087
      RMSE: 107351.2897
      MAPE: 30.6508
      sMAPE: 0.5143
      MASE: 1.0644
      ND: 0.3169
      CRPS: 0.2508
  Reused raw inference: /fslarge/scratch/users/h61084/codes/evaluating_tsfms/outputs/foundation_models/inference/ts_icl/univariate/Australia_Solar/H/short/run_0

--- Term: medium ---
  Config: prediction_length=72, test_length=2520, val_length=2520
TIME run allocation action=skip run=/fslarge/scratch/users/h61084/codes/evaluating_tsfms/outputs/foundation_models/inference/ts_icl/univariate/Australia_Solar/H/medium/run_0 source_launch=selena_20260926T154139Z_65000 launch_id=selena_instance_normalization_20260927T131553Z_36892 slurm_job_id=3584829 launched_at=2026-09-27T14:12:14.173338+00:00
TIME run allocation action=new run=/fslarge/scratch/users/h61084/codes/evaluating_tsfms/outputs/instance_normalization/tasks/ts_icl/normalization/none/univariate/Australia_Solar/H/medium/run_0 launch_id=selena_instance_normalization_20260927T131553Z_36892 slurm_job_id=3584829 launched_at=2026-09-27T14:12:14.181088+00:00
    Total instances: 105, Series during experiment: 3, Windows: 35
    Collecting ground truth and context...
    Detected to_univariate case: 3 flat series -> 1 series x 3 variates
    Organizing data into arrays...
    ⚠️  Predictions max value (1995744.62) exceeds float16 safe range.
    ⚠️  Applying scale factor: 100 (values will be divided)
    Saved predictions (quantiles) to /fslarge/scratch/users/h61084/codes/evaluating_tsfms/outputs/instance_normalization/tasks/ts_icl/normalization/none/univariate/Australia_Solar/H/medium/run_0/predictions.npz
    Computing per-window metrics...
    Saved metrics to /fslarge/scratch/users/h61084/codes/evaluating_tsfms/outputs/instance_normalization/tasks/ts_icl/normalization/none/univariate/Australia_Solar/H/medium/run_0/metrics.npz
    Saved config to /fslarge/scratch/users/h61084/codes/evaluating_tsfms/outputs/instance_normalization/tasks/ts_icl/normalization/none/univariate/Australia_Solar/H/medium/run_0/config.json
    Saved aggregate metrics to /fslarge/scratch/users/h61084/codes/evaluating_tsfms/outputs/instance_normalization/tasks/ts_icl/normalization/none/univariate/Australia_Solar/H/medium/run_0/metrics_summary.json
    Metrics summary (averaged over all series/windows/variates):
      MSE: 27598332271.4045
      MAE: 83721.7559
      RMSE: 124198.3510
      MAPE: 26.7073
      sMAPE: 0.5282
      MASE: 1.1419
      ND: 0.2818
      CRPS: 0.2158
  Reused raw inference: /fslarge/scratch/users/h61084/codes/evaluating_tsfms/outputs/foundation_models/inference/ts_icl/univariate/Australia_Solar/H/medium/run_0

--- Term: long ---
  Config: prediction_length=168, test_length=2520, val_length=2520
TIME run allocation action=skip run=/fslarge/scratch/users/h61084/codes/evaluating_tsfms/outputs/foundation_models/inference/ts_icl/univariate/Australia_Solar/H/long/run_0 source_launch=selena_20260926T154139Z_65000 launch_id=selena_instance_normalization_20260927T131553Z_36892 slurm_job_id=3584829 launched_at=2026-09-27T14:12:14.272909+00:00
TIME run allocation action=new run=/fslarge/scratch/users/h61084/codes/evaluating_tsfms/outputs/instance_normalization/tasks/ts_icl/normalization/none/univariate/Australia_Solar/H/long/run_0 launch_id=selena_instance_normalization_20260927T131553Z_36892 slurm_job_id=3584829 launched_at=2026-09-27T14:12:14.280562+00:00
    Total instances: 45, Series during experiment: 3, Windows: 15
    Collecting ground truth and context...
    Detected to_univariate case: 3 flat series -> 1 series x 3 variates
    Organizing data into arrays...
    ⚠️  Predictions max value (1939533.38) exceeds float16 safe range.
    ⚠️  Applying scale factor: 100 (values will be divided)
    Saved predictions (quantiles) to /fslarge/scratch/users/h61084/codes/evaluating_tsfms/outputs/instance_normalization/tasks/ts_icl/normalization/none/univariate/Australia_Solar/H/long/run_0/predictions.npz
    Computing per-window metrics...
    Saved metrics to /fslarge/scratch/users/h61084/codes/evaluating_tsfms/outputs/instance_normalization/tasks/ts_icl/normalization/none/univariate/Australia_Solar/H/long/run_0/metrics.npz
    Saved config to /fslarge/scratch/users/h61084/codes/evaluating_tsfms/outputs/instance_normalization/tasks/ts_icl/normalization/none/univariate/Australia_Solar/H/long/run_0/config.json
    Saved aggregate metrics to /fslarge/scratch/users/h61084/codes/evaluating_tsfms/outputs/instance_normalization/tasks/ts_icl/normalization/none/univariate/Australia_Solar/H/long/run_0/metrics_summary.json
    Metrics summary (averaged over all series/windows/variates):
      MSE: 25644661678.9956
      MAE: 79150.5956
      RMSE: 126181.9330
      MAPE: 19.7439
      sMAPE: 0.5107
      MASE: 1.1118
      ND: 0.2549
      CRPS: 0.1967
  Reused raw inference: /fslarge/scratch/users/h61084/codes/evaluating_tsfms/outputs/foundation_models/inference/ts_icl/univariate/Australia_Solar/H/long/run_0

============================================================
All experiments completed!
Results saved to: /scratch/users/h61084/codes/evaluating_tsfms/outputs/instance_normalization/tasks
============================================================

############################################################
# All 1 dataset(s) completed!
############################################################

############################################################
# Dataset 1/1: epf_electricity_price/H
############################################################
[2026-09-27 14:12:17 UTC] resources selected_device {"device": "cuda", "model": "ts_icl", "stage": "forecast"}
Loading configuration...

============================================================
Dataset: epf_electricity_price/H
Terms: ['short', 'medium', 'long']
Covariate mode: none
Instance normalization: none
============================================================

--- Term: short ---
  Config: prediction_length=24, test_length=2520, val_length=2520
TIME run allocation action=skip run=/fslarge/scratch/users/h61084/codes/evaluating_tsfms/outputs/foundation_models/inference/ts_icl/univariate/epf_electricity_price/H/short/run_0 source_launch=selena_20260926T154139Z_65000 launch_id=selena_instance_normalization_20260927T131553Z_36892 slurm_job_id=3584829 launched_at=2026-09-27T14:12:17.669381+00:00
TIME run allocation action=new run=/fslarge/scratch/users/h61084/codes/evaluating_tsfms/outputs/instance_normalization/tasks/ts_icl/normalization/none/univariate/epf_electricity_price/H/short/run_0 launch_id=selena_instance_normalization_20260927T131553Z_36892 slurm_job_id=3584829 launched_at=2026-09-27T14:12:17.679677+00:00
    Total instances: 525, Series during experiment: 5, Windows: 105
    Collecting ground truth and context...
    Organizing data into arrays...
    Saved predictions (quantiles) to /fslarge/scratch/users/h61084/codes/evaluating_tsfms/outputs/instance_normalization/tasks/ts_icl/normalization/none/univariate/epf_electricity_price/H/short/run_0/predictions.npz
    Computing per-window metrics...
    Saved metrics to /fslarge/scratch/users/h61084/codes/evaluating_tsfms/outputs/instance_normalization/tasks/ts_icl/normalization/none/univariate/epf_electricity_price/H/short/run_0/metrics.npz
    Saved config to /fslarge/scratch/users/h61084/codes/evaluating_tsfms/outputs/instance_normalization/tasks/ts_icl/normalization/none/univariate/epf_electricity_price/H/short/run_0/config.json
    Saved aggregate metrics to /fslarge/scratch/users/h61084/codes/evaluating_tsfms/outputs/instance_normalization/tasks/ts_icl/normalization/none/univariate/epf_electricity_price/H/short/run_0/metrics_summary.json
    Metrics summary (averaged over all series/windows/variates):
      MSE: 125.8112
      MAE: 6.0489
      RMSE: 7.6737
      MAPE: 1.3445
      sMAPE: 0.1548
      MASE: 0.9572
      ND: 0.1586
      CRPS: 0.1268
  Reused raw inference: /fslarge/scratch/users/h61084/codes/evaluating_tsfms/outputs/foundation_models/inference/ts_icl/univariate/epf_electricity_price/H/short/run_0

--- Term: medium ---
  Config: prediction_length=72, test_length=2520, val_length=2520
TIME run allocation action=skip run=/fslarge/scratch/users/h61084/codes/evaluating_tsfms/outputs/foundation_models/inference/ts_icl/univariate/epf_electricity_price/H/medium/run_0 source_launch=selena_20260926T154139Z_65000 launch_id=selena_instance_normalization_20260927T131553Z_36892 slurm_job_id=3584829 launched_at=2026-09-27T14:12:17.962490+00:00
TIME run allocation action=new run=/fslarge/scratch/users/h61084/codes/evaluating_tsfms/outputs/instance_normalization/tasks/ts_icl/normalization/none/univariate/epf_electricity_price/H/medium/run_0 launch_id=selena_instance_normalization_20260927T131553Z_36892 slurm_job_id=3584829 launched_at=2026-09-27T14:12:17.971217+00:00
    Total instances: 175, Series during experiment: 5, Windows: 35
    Collecting ground truth and context...
    Organizing data into arrays...
    Saved predictions (quantiles) to /fslarge/scratch/users/h61084/codes/evaluating_tsfms/outputs/instance_normalization/tasks/ts_icl/normalization/none/univariate/epf_electricity_price/H/medium/run_0/predictions.npz
    Computing per-window metrics...
    Saved metrics to /fslarge/scratch/users/h61084/codes/evaluating_tsfms/outputs/instance_normalization/tasks/ts_icl/normalization/none/univariate/epf_electricity_price/H/medium/run_0/metrics.npz
    Saved config to /fslarge/scratch/users/h61084/codes/evaluating_tsfms/outputs/instance_normalization/tasks/ts_icl/normalization/none/univariate/epf_electricity_price/H/medium/run_0/config.json
    Saved aggregate metrics to /fslarge/scratch/users/h61084/codes/evaluating_tsfms/outputs/instance_normalization/tasks/ts_icl/normalization/none/univariate/epf_electricity_price/H/medium/run_0/metrics_summary.json
    Metrics summary (averaged over all series/windows/variates):
      MSE: 183.6915
      MAE: 7.4686
      RMSE: 9.9306
      MAPE: 1.7993
      sMAPE: 0.1848
      MASE: 1.1992
      ND: 0.1824
      CRPS: 0.1472
  Reused raw inference: /fslarge/scratch/users/h61084/codes/evaluating_tsfms/outputs/foundation_models/inference/ts_icl/univariate/epf_electricity_price/H/medium/run_0

--- Term: long ---
  Config: prediction_length=168, test_length=2520, val_length=2520
TIME run allocation action=skip run=/fslarge/scratch/users/h61084/codes/evaluating_tsfms/outputs/foundation_models/inference/ts_icl/univariate/epf_electricity_price/H/long/run_0 source_launch=selena_20260926T154139Z_65000 launch_id=selena_instance_normalization_20260927T131553Z_36892 slurm_job_id=3584829 launched_at=2026-09-27T14:12:18.098618+00:00
TIME run allocation action=new run=/fslarge/scratch/users/h61084/codes/evaluating_tsfms/outputs/instance_normalization/tasks/ts_icl/normalization/none/univariate/epf_electricity_price/H/long/run_0 launch_id=selena_instance_normalization_20260927T131553Z_36892 slurm_job_id=3584829 launched_at=2026-09-27T14:12:18.107037+00:00
    Total instances: 75, Series during experiment: 5, Windows: 15
    Collecting ground truth and context...
    Organizing data into arrays...
    Saved predictions (quantiles) to /fslarge/scratch/users/h61084/codes/evaluating_tsfms/outputs/instance_normalization/tasks/ts_icl/normalization/none/univariate/epf_electricity_price/H/long/run_0/predictions.npz
    Computing per-window metrics...
    Saved metrics to /fslarge/scratch/users/h61084/codes/evaluating_tsfms/outputs/instance_normalization/tasks/ts_icl/normalization/none/univariate/epf_electricity_price/H/long/run_0/metrics.npz
    Saved config to /fslarge/scratch/users/h61084/codes/evaluating_tsfms/outputs/instance_normalization/tasks/ts_icl/normalization/none/univariate/epf_electricity_price/H/long/run_0/config.json
    Saved aggregate metrics to /fslarge/scratch/users/h61084/codes/evaluating_tsfms/outputs/instance_normalization/tasks/ts_icl/normalization/none/univariate/epf_electricity_price/H/long/run_0/metrics_summary.json
    Metrics summary (averaged over all series/windows/variates):
      MSE: 211.9565
      MAE: 8.5241
      RMSE: 11.9438
      MAPE: 1.8658
      sMAPE: 0.2066
      MASE: 1.4069
      ND: 0.2028
      CRPS: 0.1620
  Reused raw inference: /fslarge/scratch/users/h61084/codes/evaluating_tsfms/outputs/foundation_models/inference/ts_icl/univariate/epf_electricity_price/H/long/run_0

============================================================
All experiments completed!
Results saved to: /scratch/users/h61084/codes/evaluating_tsfms/outputs/instance_normalization/tasks
============================================================

############################################################
# All 1 dataset(s) completed!
############################################################

############################################################
# Dataset 1/1: OpenElectricity_NEM/5T
############################################################
[2026-09-27 14:12:21 UTC] resources selected_device {"device": "cuda", "model": "ts_icl", "stage": "forecast"}
Loading configuration...

============================================================
Dataset: OpenElectricity_NEM/5T
Terms: ['short', 'medium', 'long']
Covariate mode: none
Instance normalization: none
============================================================

--- Term: short ---
  Config: prediction_length=24, test_length=4032, val_length=4032
TIME run allocation action=skip run=/fslarge/scratch/users/h61084/codes/evaluating_tsfms/outputs/foundation_models/inference/ts_icl/univariate/OpenElectricity_NEM/5T/short/run_0 source_launch=selena_20260926T154139Z_65000 launch_id=selena_instance_normalization_20260927T131553Z_36892 slurm_job_id=3584829 launched_at=2026-09-27T14:12:21.622582+00:00
TIME run allocation action=new run=/fslarge/scratch/users/h61084/codes/evaluating_tsfms/outputs/instance_normalization/tasks/ts_icl/normalization/none/univariate/OpenElectricity_NEM/5T/short/run_0 launch_id=selena_instance_normalization_20260927T131553Z_36892 slurm_job_id=3584829 launched_at=2026-09-27T14:12:21.637353+00:00
    Total instances: 1680, Series during experiment: 10, Windows: 168
    Collecting ground truth and context...
    Detected to_univariate case: 10 flat series -> 1 series x 10 variates
    Organizing data into arrays...
    Saved predictions (quantiles) to /fslarge/scratch/users/h61084/codes/evaluating_tsfms/outputs/instance_normalization/tasks/ts_icl/normalization/none/univariate/OpenElectricity_NEM/5T/short/run_0/predictions.npz
    Computing per-window metrics...
    Saved metrics to /fslarge/scratch/users/h61084/codes/evaluating_tsfms/outputs/instance_normalization/tasks/ts_icl/normalization/none/univariate/OpenElectricity_NEM/5T/short/run_0/metrics.npz
    Saved config to /fslarge/scratch/users/h61084/codes/evaluating_tsfms/outputs/instance_normalization/tasks/ts_icl/normalization/none/univariate/OpenElectricity_NEM/5T/short/run_0/config.json
    Saved aggregate metrics to /fslarge/scratch/users/h61084/codes/evaluating_tsfms/outputs/instance_normalization/tasks/ts_icl/normalization/none/univariate/OpenElectricity_NEM/5T/short/run_0/metrics_summary.json
    Metrics summary (averaged over all series/windows/variates):
      MSE: 13372.5875
      MAE: 58.6463
      RMSE: 69.0528
      MAPE: 4.2428
      sMAPE: 0.1707
      MASE: 0.4242
      ND: 0.1706
      CRPS: 0.1386
  Reused raw inference: /fslarge/scratch/users/h61084/codes/evaluating_tsfms/outputs/foundation_models/inference/ts_icl/univariate/OpenElectricity_NEM/5T/short/run_0

--- Term: medium ---
  Config: prediction_length=96, test_length=4032, val_length=4032
TIME run allocation action=skip run=/fslarge/scratch/users/h61084/codes/evaluating_tsfms/outputs/foundation_models/inference/ts_icl/univariate/OpenElectricity_NEM/5T/medium/run_0 source_launch=selena_20260926T154139Z_65000 launch_id=selena_instance_normalization_20260927T131553Z_36892 slurm_job_id=3584829 launched_at=2026-09-27T14:12:22.443973+00:00
TIME run allocation action=new run=/fslarge/scratch/users/h61084/codes/evaluating_tsfms/outputs/instance_normalization/tasks/ts_icl/normalization/none/univariate/OpenElectricity_NEM/5T/medium/run_0 launch_id=selena_instance_normalization_20260927T131553Z_36892 slurm_job_id=3584829 launched_at=2026-09-27T14:12:22.457290+00:00
    Total instances: 420, Series during experiment: 10, Windows: 42
    Collecting ground truth and context...
    Detected to_univariate case: 10 flat series -> 1 series x 10 variates
    Organizing data into arrays...
    Saved predictions (quantiles) to /fslarge/scratch/users/h61084/codes/evaluating_tsfms/outputs/instance_normalization/tasks/ts_icl/normalization/none/univariate/OpenElectricity_NEM/5T/medium/run_0/predictions.npz
    Computing per-window metrics...
    Saved metrics to /fslarge/scratch/users/h61084/codes/evaluating_tsfms/outputs/instance_normalization/tasks/ts_icl/normalization/none/univariate/OpenElectricity_NEM/5T/medium/run_0/metrics.npz
    Saved config to /fslarge/scratch/users/h61084/codes/evaluating_tsfms/outputs/instance_normalization/tasks/ts_icl/normalization/none/univariate/OpenElectricity_NEM/5T/medium/run_0/config.json
    Saved aggregate metrics to /fslarge/scratch/users/h61084/codes/evaluating_tsfms/outputs/instance_normalization/tasks/ts_icl/normalization/none/univariate/OpenElectricity_NEM/5T/medium/run_0/metrics_summary.json
    Metrics summary (averaged over all series/windows/variates):
      MSE: 38726.7989
      MAE: 99.3839
      RMSE: 123.4942
      MAPE: 6.2509
      sMAPE: 0.2330
      MASE: 0.6449
      ND: 0.2502
      CRPS: 0.2004
  Reused raw inference: /fslarge/scratch/users/h61084/codes/evaluating_tsfms/outputs/foundation_models/inference/ts_icl/univariate/OpenElectricity_NEM/5T/medium/run_0

--- Term: long ---
  Config: prediction_length=288, test_length=4032, val_length=4032
TIME run allocation action=skip run=/fslarge/scratch/users/h61084/codes/evaluating_tsfms/outputs/foundation_models/inference/ts_icl/univariate/OpenElectricity_NEM/5T/long/run_0 source_launch=selena_20260926T154139Z_65000 launch_id=selena_instance_normalization_20260927T131553Z_36892 slurm_job_id=3584829 launched_at=2026-09-27T14:12:22.775575+00:00
TIME run allocation action=new run=/fslarge/scratch/users/h61084/codes/evaluating_tsfms/outputs/instance_normalization/tasks/ts_icl/normalization/none/univariate/OpenElectricity_NEM/5T/long/run_0 launch_id=selena_instance_normalization_20260927T131553Z_36892 slurm_job_id=3584829 launched_at=2026-09-27T14:12:22.788793+00:00
    Total instances: 140, Series during experiment: 10, Windows: 14
    Collecting ground truth and context...
    Detected to_univariate case: 10 flat series -> 1 series x 10 variates
    Organizing data into arrays...
    Saved predictions (quantiles) to /fslarge/scratch/users/h61084/codes/evaluating_tsfms/outputs/instance_normalization/tasks/ts_icl/normalization/none/univariate/OpenElectricity_NEM/5T/long/run_0/predictions.npz
    Computing per-window metrics...
    Saved metrics to /fslarge/scratch/users/h61084/codes/evaluating_tsfms/outputs/instance_normalization/tasks/ts_icl/normalization/none/univariate/OpenElectricity_NEM/5T/long/run_0/metrics.npz
    Saved config to /fslarge/scratch/users/h61084/codes/evaluating_tsfms/outputs/instance_normalization/tasks/ts_icl/normalization/none/univariate/OpenElectricity_NEM/5T/long/run_0/config.json
    Saved aggregate metrics to /fslarge/scratch/users/h61084/codes/evaluating_tsfms/outputs/instance_normalization/tasks/ts_icl/normalization/none/univariate/OpenElectricity_NEM/5T/long/run_0/metrics_summary.json
    Metrics summary (averaged over all series/windows/variates):
      MSE: 50546.4312
      MAE: 119.9254
      RMSE: 154.3390
      MAPE: 9.1083
      sMAPE: 0.2664
      MASE: 0.7907
      ND: 0.2939
      CRPS: 0.2384
  Reused raw inference: /fslarge/scratch/users/h61084/codes/evaluating_tsfms/outputs/foundation_models/inference/ts_icl/univariate/OpenElectricity_NEM/5T/long/run_0

============================================================
All experiments completed!
Results saved to: /scratch/users/h61084/codes/evaluating_tsfms/outputs/instance_normalization/tasks
============================================================

############################################################
# All 1 dataset(s) completed!
############################################################

############################################################
# Dataset 1/1: EWELD_Load/15T
############################################################
[2026-09-27 14:12:26 UTC] resources selected_device {"device": "cuda", "model": "ts_icl", "stage": "forecast"}
Loading configuration...

============================================================
Dataset: EWELD_Load/15T
Terms: ['short', 'medium', 'long']
Covariate mode: none
Instance normalization: none
============================================================

--- Term: short ---
  Config: prediction_length=24, test_length=1344, val_length=1344
TIME run allocation action=skip run=/fslarge/scratch/users/h61084/codes/evaluating_tsfms/outputs/foundation_models/inference/ts_icl/univariate/EWELD_Load/15T/short/run_0 source_launch=selena_20260926T154139Z_65000 launch_id=selena_instance_normalization_20260927T131553Z_36892 slurm_job_id=3584829 launched_at=2026-09-27T14:12:26.309582+00:00
TIME run allocation action=new run=/fslarge/scratch/users/h61084/codes/evaluating_tsfms/outputs/instance_normalization/tasks/ts_icl/normalization/none/univariate/EWELD_Load/15T/short/run_0 launch_id=selena_instance_normalization_20260927T131553Z_36892 slurm_job_id=3584829 launched_at=2026-09-27T14:12:26.320461+00:00
    Total instances: 560, Series during experiment: 10, Windows: 56
    Collecting ground truth and context...
    Detected to_univariate case: 10 flat series -> 1 series x 10 variates
    Organizing data into arrays...
    Saved predictions (quantiles) to /fslarge/scratch/users/h61084/codes/evaluating_tsfms/outputs/instance_normalization/tasks/ts_icl/normalization/none/univariate/EWELD_Load/15T/short/run_0/predictions.npz
    Computing per-window metrics...
    Saved metrics to /fslarge/scratch/users/h61084/codes/evaluating_tsfms/outputs/instance_normalization/tasks/ts_icl/normalization/none/univariate/EWELD_Load/15T/short/run_0/metrics.npz
    Saved config to /fslarge/scratch/users/h61084/codes/evaluating_tsfms/outputs/instance_normalization/tasks/ts_icl/normalization/none/univariate/EWELD_Load/15T/short/run_0/config.json
    Saved aggregate metrics to /fslarge/scratch/users/h61084/codes/evaluating_tsfms/outputs/instance_normalization/tasks/ts_icl/normalization/none/univariate/EWELD_Load/15T/short/run_0/metrics_summary.json
    Metrics summary (averaged over all series/windows/variates):
      MSE: 1182.3066
      MAE: 13.2897
      RMSE: 16.7327
      MAPE: 0.3259
      sMAPE: 0.2715
      MASE: 0.5592
      ND: 0.2998
      CRPS: 0.2572
  Reused raw inference: /fslarge/scratch/users/h61084/codes/evaluating_tsfms/outputs/foundation_models/inference/ts_icl/univariate/EWELD_Load/15T/short/run_0

--- Term: medium ---
  Config: prediction_length=96, test_length=1344, val_length=1344
TIME run allocation action=skip run=/fslarge/scratch/users/h61084/codes/evaluating_tsfms/outputs/foundation_models/inference/ts_icl/univariate/EWELD_Load/15T/medium/run_0 source_launch=selena_20260926T154139Z_65000 launch_id=selena_instance_normalization_20260927T131553Z_36892 slurm_job_id=3584829 launched_at=2026-09-27T14:12:26.575157+00:00
TIME run allocation action=new run=/fslarge/scratch/users/h61084/codes/evaluating_tsfms/outputs/instance_normalization/tasks/ts_icl/normalization/none/univariate/EWELD_Load/15T/medium/run_0 launch_id=selena_instance_normalization_20260927T131553Z_36892 slurm_job_id=3584829 launched_at=2026-09-27T14:12:26.584914+00:00
    Total instances: 140, Series during experiment: 10, Windows: 14
    Collecting ground truth and context...
    Detected to_univariate case: 10 flat series -> 1 series x 10 variates
    Organizing data into arrays...
    Saved predictions (quantiles) to /fslarge/scratch/users/h61084/codes/evaluating_tsfms/outputs/instance_normalization/tasks/ts_icl/normalization/none/univariate/EWELD_Load/15T/medium/run_0/predictions.npz
    Computing per-window metrics...
    Saved metrics to /fslarge/scratch/users/h61084/codes/evaluating_tsfms/outputs/instance_normalization/tasks/ts_icl/normalization/none/univariate/EWELD_Load/15T/medium/run_0/metrics.npz
    Saved config to /fslarge/scratch/users/h61084/codes/evaluating_tsfms/outputs/instance_normalization/tasks/ts_icl/normalization/none/univariate/EWELD_Load/15T/medium/run_0/config.json
    Saved aggregate metrics to /fslarge/scratch/users/h61084/codes/evaluating_tsfms/outputs/instance_normalization/tasks/ts_icl/normalization/none/univariate/EWELD_Load/15T/medium/run_0/metrics_summary.json
    Metrics summary (averaged over all series/windows/variates):
      MSE: 1263.0092
      MAE: 14.4729
      RMSE: 19.3504
      MAPE: 0.3673
      sMAPE: 0.2981
      MASE: 0.6500
      ND: 0.2189
      CRPS: 0.1731
  Reused raw inference: /fslarge/scratch/users/h61084/codes/evaluating_tsfms/outputs/foundation_models/inference/ts_icl/univariate/EWELD_Load/15T/medium/run_0

--- Term: long ---
  Config: prediction_length=672, test_length=1344, val_length=1344
TIME run allocation action=skip run=/fslarge/scratch/users/h61084/codes/evaluating_tsfms/outputs/foundation_models/inference/ts_icl/univariate/EWELD_Load/15T/long/run_0 source_launch=selena_20260926T154139Z_65000 launch_id=selena_instance_normalization_20260927T131553Z_36892 slurm_job_id=3584829 launched_at=2026-09-27T14:12:26.706899+00:00
TIME run allocation action=new run=/fslarge/scratch/users/h61084/codes/evaluating_tsfms/outputs/instance_normalization/tasks/ts_icl/normalization/none/univariate/EWELD_Load/15T/long/run_0 launch_id=selena_instance_normalization_20260927T131553Z_36892 slurm_job_id=3584829 launched_at=2026-09-27T14:12:26.715880+00:00
    Total instances: 20, Series during experiment: 10, Windows: 2
    Collecting ground truth and context...
    Detected to_univariate case: 10 flat series -> 1 series x 10 variates
    Organizing data into arrays...
    Saved predictions (quantiles) to /fslarge/scratch/users/h61084/codes/evaluating_tsfms/outputs/instance_normalization/tasks/ts_icl/normalization/none/univariate/EWELD_Load/15T/long/run_0/predictions.npz
    Computing per-window metrics...
    Saved metrics to /fslarge/scratch/users/h61084/codes/evaluating_tsfms/outputs/instance_normalization/tasks/ts_icl/normalization/none/univariate/EWELD_Load/15T/long/run_0/metrics.npz
    Saved config to /fslarge/scratch/users/h61084/codes/evaluating_tsfms/outputs/instance_normalization/tasks/ts_icl/normalization/none/univariate/EWELD_Load/15T/long/run_0/config.json
    Saved aggregate metrics to /fslarge/scratch/users/h61084/codes/evaluating_tsfms/outputs/instance_normalization/tasks/ts_icl/normalization/none/univariate/EWELD_Load/15T/long/run_0/metrics_summary.json
    Metrics summary (averaged over all series/windows/variates):
      MSE: 1392.1341
      MAE: 15.8035
      RMSE: 21.4135
      MAPE: 0.4381
      sMAPE: 0.3346
      MASE: 0.7579
      ND: 0.2365
      CRPS: 0.1876
  Reused raw inference: /fslarge/scratch/users/h61084/codes/evaluating_tsfms/outputs/foundation_models/inference/ts_icl/univariate/EWELD_Load/15T/long/run_0

============================================================
All experiments completed!
Results saved to: /scratch/users/h61084/codes/evaluating_tsfms/outputs/instance_normalization/tasks
============================================================

############################################################
# All 1 dataset(s) completed!
############################################################

############################################################
# Dataset 1/1: SG_Carpark/15T
############################################################
[2026-09-27 14:12:30 UTC] resources selected_device {"device": "cuda", "model": "ts_icl", "stage": "forecast"}
Loading configuration...

============================================================
Dataset: SG_Carpark/15T
Terms: ['short', 'medium', 'long']
Covariate mode: none
Instance normalization: none
============================================================

--- Term: short ---
  Config: prediction_length=16, test_length=672, val_length=672
TIME run allocation action=skip run=/fslarge/scratch/users/h61084/codes/evaluating_tsfms/outputs/foundation_models/inference/ts_icl/univariate/SG_Carpark/15T/short/run_0 source_launch=selena_20260926T154139Z_65000 launch_id=selena_instance_normalization_20260927T131553Z_36892 slurm_job_id=3584829 launched_at=2026-09-27T14:12:30.096825+00:00
TIME run allocation action=new run=/fslarge/scratch/users/h61084/codes/evaluating_tsfms/outputs/instance_normalization/tasks/ts_icl/normalization/none/univariate/SG_Carpark/15T/short/run_0 launch_id=selena_instance_normalization_20260927T131553Z_36892 slurm_job_id=3584829 launched_at=2026-09-27T14:12:30.147645+00:00
    Total instances: 14868, Series during experiment: 354, Windows: 42
    Collecting ground truth and context...
    Organizing data into arrays...
    Saved predictions (quantiles) to /fslarge/scratch/users/h61084/codes/evaluating_tsfms/outputs/instance_normalization/tasks/ts_icl/normalization/none/univariate/SG_Carpark/15T/short/run_0/predictions.npz
    Computing per-window metrics...
    Saved metrics to /fslarge/scratch/users/h61084/codes/evaluating_tsfms/outputs/instance_normalization/tasks/ts_icl/normalization/none/univariate/SG_Carpark/15T/short/run_0/metrics.npz
    Saved config to /fslarge/scratch/users/h61084/codes/evaluating_tsfms/outputs/instance_normalization/tasks/ts_icl/normalization/none/univariate/SG_Carpark/15T/short/run_0/config.json
    Saved aggregate metrics to /fslarge/scratch/users/h61084/codes/evaluating_tsfms/outputs/instance_normalization/tasks/ts_icl/normalization/none/univariate/SG_Carpark/15T/short/run_0/metrics_summary.json
    Metrics summary (averaged over all series/windows/variates):
      MSE: 234.4970
      MAE: 5.8842
      RMSE: 7.5258
      MAPE: 0.0373
      sMAPE: 0.0467
      MASE: 0.4056
      ND: 0.0366
      CRPS: 0.0287
  Reused raw inference: /fslarge/scratch/users/h61084/codes/evaluating_tsfms/outputs/foundation_models/inference/ts_icl/univariate/SG_Carpark/15T/short/run_0

--- Term: medium ---
  Config: prediction_length=96, test_length=672, val_length=672
TIME run allocation action=skip run=/fslarge/scratch/users/h61084/codes/evaluating_tsfms/outputs/foundation_models/inference/ts_icl/univariate/SG_Carpark/15T/medium/run_0 source_launch=selena_20260926T154139Z_65000 launch_id=selena_instance_normalization_20260927T131553Z_36892 slurm_job_id=3584829 launched_at=2026-09-27T14:12:34.797697+00:00
TIME run allocation action=new run=/fslarge/scratch/users/h61084/codes/evaluating_tsfms/outputs/instance_normalization/tasks/ts_icl/normalization/none/univariate/SG_Carpark/15T/medium/run_0 launch_id=selena_instance_normalization_20260927T131553Z_36892 slurm_job_id=3584829 launched_at=2026-09-27T14:12:34.845886+00:00
    Total instances: 2478, Series during experiment: 354, Windows: 7
    Collecting ground truth and context...
    Organizing data into arrays...
    Saved predictions (quantiles) to /fslarge/scratch/users/h61084/codes/evaluating_tsfms/outputs/instance_normalization/tasks/ts_icl/normalization/none/univariate/SG_Carpark/15T/medium/run_0/predictions.npz
    Computing per-window metrics...
    Saved metrics to /fslarge/scratch/users/h61084/codes/evaluating_tsfms/outputs/instance_normalization/tasks/ts_icl/normalization/none/univariate/SG_Carpark/15T/medium/run_0/metrics.npz
    Saved config to /fslarge/scratch/users/h61084/codes/evaluating_tsfms/outputs/instance_normalization/tasks/ts_icl/normalization/none/univariate/SG_Carpark/15T/medium/run_0/config.json
    Saved aggregate metrics to /fslarge/scratch/users/h61084/codes/evaluating_tsfms/outputs/instance_normalization/tasks/ts_icl/normalization/none/univariate/SG_Carpark/15T/medium/run_0/metrics_summary.json
    Metrics summary (averaged over all series/windows/variates):
      MSE: 515.6485
      MAE: 9.5156
      RMSE: 13.0862
      MAPE: 0.0603
      sMAPE: 0.0619
      MASE: 0.6268
      ND: 0.0521
      CRPS: 0.0406
  Reused raw inference: /fslarge/scratch/users/h61084/codes/evaluating_tsfms/outputs/foundation_models/inference/ts_icl/univariate/SG_Carpark/15T/medium/run_0

--- Term: long ---
  Config: prediction_length=672, test_length=672, val_length=672
TIME run allocation action=skip run=/fslarge/scratch/users/h61084/codes/evaluating_tsfms/outputs/foundation_models/inference/ts_icl/univariate/SG_Carpark/15T/long/run_0 source_launch=selena_20260926T154139Z_65000 launch_id=selena_instance_normalization_20260927T131553Z_36892 slurm_job_id=3584829 launched_at=2026-09-27T14:12:35.981397+00:00
TIME run allocation action=new run=/fslarge/scratch/users/h61084/codes/evaluating_tsfms/outputs/instance_normalization/tasks/ts_icl/normalization/none/univariate/SG_Carpark/15T/long/run_0 launch_id=selena_instance_normalization_20260927T131553Z_36892 slurm_job_id=3584829 launched_at=2026-09-27T14:12:36.029307+00:00
    Total instances: 354, Series during experiment: 354, Windows: 1
    Collecting ground truth and context...
    Organizing data into arrays...
    Saved predictions (quantiles) to /fslarge/scratch/users/h61084/codes/evaluating_tsfms/outputs/instance_normalization/tasks/ts_icl/normalization/none/univariate/SG_Carpark/15T/long/run_0/predictions.npz
    Computing per-window metrics...
    Saved metrics to /fslarge/scratch/users/h61084/codes/evaluating_tsfms/outputs/instance_normalization/tasks/ts_icl/normalization/none/univariate/SG_Carpark/15T/long/run_0/metrics.npz
    Saved config to /fslarge/scratch/users/h61084/codes/evaluating_tsfms/outputs/instance_normalization/tasks/ts_icl/normalization/none/univariate/SG_Carpark/15T/long/run_0/config.json
    Saved aggregate metrics to /fslarge/scratch/users/h61084/codes/evaluating_tsfms/outputs/instance_normalization/tasks/ts_icl/normalization/none/univariate/SG_Carpark/15T/long/run_0/metrics_summary.json
    Metrics summary (averaged over all series/windows/variates):
      MSE: 896.3041
      MAE: 12.9956
      RMSE: 18.7886
      MAPE: 0.0767
      sMAPE: 0.0754
      MASE: 0.8408
      ND: 0.0717
      CRPS: 0.0554
  Reused raw inference: /fslarge/scratch/users/h61084/codes/evaluating_tsfms/outputs/foundation_models/inference/ts_icl/univariate/SG_Carpark/15T/long/run_0

============================================================
All experiments completed!
Results saved to: /scratch/users/h61084/codes/evaluating_tsfms/outputs/instance_normalization/tasks
============================================================

############################################################
# All 1 dataset(s) completed!
############################################################

############################################################
# Dataset 1/1: Finland_Traffic/15T
############################################################
[2026-09-27 14:12:39 UTC] resources selected_device {"device": "cuda", "model": "ts_icl", "stage": "forecast"}
Loading configuration...

============================================================
Dataset: Finland_Traffic/15T
Terms: ['short', 'medium', 'long']
Covariate mode: none
Instance normalization: none
============================================================

--- Term: short ---
  Config: prediction_length=16, test_length=2976, val_length=2880
TIME run allocation action=skip run=/fslarge/scratch/users/h61084/codes/evaluating_tsfms/outputs/foundation_models/inference/ts_icl/univariate/Finland_Traffic/15T/short/run_0 source_launch=selena_20260926T154139Z_65000 launch_id=selena_instance_normalization_20260927T131553Z_36892 slurm_job_id=3584829 launched_at=2026-09-27T14:12:39.905132+00:00
TIME run allocation action=new run=/fslarge/scratch/users/h61084/codes/evaluating_tsfms/outputs/instance_normalization/tasks/ts_icl/normalization/none/univariate/Finland_Traffic/15T/short/run_0 launch_id=selena_instance_normalization_20260927T131553Z_36892 slurm_job_id=3584829 launched_at=2026-09-27T14:12:39.913429+00:00
    Total instances: 186, Series during experiment: 1, Windows: 186
    Collecting ground truth and context...
    Organizing data into arrays...
    Saved predictions (quantiles) to /fslarge/scratch/users/h61084/codes/evaluating_tsfms/outputs/instance_normalization/tasks/ts_icl/normalization/none/univariate/Finland_Traffic/15T/short/run_0/predictions.npz
    Computing per-window metrics...
    Saved metrics to /fslarge/scratch/users/h61084/codes/evaluating_tsfms/outputs/instance_normalization/tasks/ts_icl/normalization/none/univariate/Finland_Traffic/15T/short/run_0/metrics.npz
    Saved config to /fslarge/scratch/users/h61084/codes/evaluating_tsfms/outputs/instance_normalization/tasks/ts_icl/normalization/none/univariate/Finland_Traffic/15T/short/run_0/config.json
    Saved aggregate metrics to /fslarge/scratch/users/h61084/codes/evaluating_tsfms/outputs/instance_normalization/tasks/ts_icl/normalization/none/univariate/Finland_Traffic/15T/short/run_0/metrics_summary.json
    Metrics summary (averaged over all series/windows/variates):
      MSE: 862.8356
      MAE: 17.9488
      RMSE: 21.8407
      MAPE: 0.2560
      sMAPE: 0.1935
      MASE: 0.4364
      ND: 0.2271
      CRPS: 0.1778
  Reused raw inference: /fslarge/scratch/users/h61084/codes/evaluating_tsfms/outputs/foundation_models/inference/ts_icl/univariate/Finland_Traffic/15T/short/run_0

--- Term: medium ---
  Config: prediction_length=96, test_length=2976, val_length=2880
TIME run allocation action=skip run=/fslarge/scratch/users/h61084/codes/evaluating_tsfms/outputs/foundation_models/inference/ts_icl/univariate/Finland_Traffic/15T/medium/run_0 source_launch=selena_20260926T154139Z_65000 launch_id=selena_instance_normalization_20260927T131553Z_36892 slurm_job_id=3584829 launched_at=2026-09-27T14:12:40.012467+00:00
TIME run allocation action=new run=/fslarge/scratch/users/h61084/codes/evaluating_tsfms/outputs/instance_normalization/tasks/ts_icl/normalization/none/univariate/Finland_Traffic/15T/medium/run_0 launch_id=selena_instance_normalization_20260927T131553Z_36892 slurm_job_id=3584829 launched_at=2026-09-27T14:12:40.019092+00:00
    Total instances: 31, Series during experiment: 1, Windows: 31
    Collecting ground truth and context...
    Organizing data into arrays...
    Saved predictions (quantiles) to /fslarge/scratch/users/h61084/codes/evaluating_tsfms/outputs/instance_normalization/tasks/ts_icl/normalization/none/univariate/Finland_Traffic/15T/medium/run_0/predictions.npz
    Computing per-window metrics...
    Saved metrics to /fslarge/scratch/users/h61084/codes/evaluating_tsfms/outputs/instance_normalization/tasks/ts_icl/normalization/none/univariate/Finland_Traffic/15T/medium/run_0/metrics.npz
    Saved config to /fslarge/scratch/users/h61084/codes/evaluating_tsfms/outputs/instance_normalization/tasks/ts_icl/normalization/none/univariate/Finland_Traffic/15T/medium/run_0/config.json
    Saved aggregate metrics to /fslarge/scratch/users/h61084/codes/evaluating_tsfms/outputs/instance_normalization/tasks/ts_icl/normalization/none/univariate/Finland_Traffic/15T/medium/run_0/metrics_summary.json
    Metrics summary (averaged over all series/windows/variates):
      MSE: 1261.8300
      MAE: 21.3380
      RMSE: 30.3176
      MAPE: 0.2862
      sMAPE: 0.2135
      MASE: 0.5188
      ND: 0.1711
      CRPS: 0.1359
  Reused raw inference: /fslarge/scratch/users/h61084/codes/evaluating_tsfms/outputs/foundation_models/inference/ts_icl/univariate/Finland_Traffic/15T/medium/run_0

--- Term: long ---
  Config: prediction_length=672, test_length=2976, val_length=2880
TIME run allocation action=skip run=/fslarge/scratch/users/h61084/codes/evaluating_tsfms/outputs/foundation_models/inference/ts_icl/univariate/Finland_Traffic/15T/long/run_0 source_launch=selena_20260926T154139Z_65000 launch_id=selena_instance_normalization_20260927T131553Z_36892 slurm_job_id=3584829 launched_at=2026-09-27T14:12:40.059685+00:00
TIME run allocation action=new run=/fslarge/scratch/users/h61084/codes/evaluating_tsfms/outputs/instance_normalization/tasks/ts_icl/normalization/none/univariate/Finland_Traffic/15T/long/run_0 launch_id=selena_instance_normalization_20260927T131553Z_36892 slurm_job_id=3584829 launched_at=2026-09-27T14:12:40.066199+00:00
    Total instances: 4, Series during experiment: 1, Windows: 4
    Collecting ground truth and context...
    Organizing data into arrays...
    Saved predictions (quantiles) to /fslarge/scratch/users/h61084/codes/evaluating_tsfms/outputs/instance_normalization/tasks/ts_icl/normalization/none/univariate/Finland_Traffic/15T/long/run_0/predictions.npz
    Computing per-window metrics...
    Saved metrics to /fslarge/scratch/users/h61084/codes/evaluating_tsfms/outputs/instance_normalization/tasks/ts_icl/normalization/none/univariate/Finland_Traffic/15T/long/run_0/metrics.npz
    Saved config to /fslarge/scratch/users/h61084/codes/evaluating_tsfms/outputs/instance_normalization/tasks/ts_icl/normalization/none/univariate/Finland_Traffic/15T/long/run_0/config.json
    Saved aggregate metrics to /fslarge/scratch/users/h61084/codes/evaluating_tsfms/outputs/instance_normalization/tasks/ts_icl/normalization/none/univariate/Finland_Traffic/15T/long/run_0/metrics_summary.json
    Metrics summary (averaged over all series/windows/variates):
      MSE: 1803.7999
      MAE: 24.9325
      RMSE: 39.6595
      MAPE: 0.3711
      sMAPE: 0.2374
      MASE: 0.6049
      ND: 0.1928
      CRPS: 0.1582
  Reused raw inference: /fslarge/scratch/users/h61084/codes/evaluating_tsfms/outputs/foundation_models/inference/ts_icl/univariate/Finland_Traffic/15T/long/run_0

============================================================
All experiments completed!
Results saved to: /scratch/users/h61084/codes/evaluating_tsfms/outputs/instance_normalization/tasks
============================================================

############################################################
# All 1 dataset(s) completed!
############################################################

############################################################
# Dataset 1/1: Port_Activity/D
############################################################
[2026-09-27 14:12:43 UTC] resources selected_device {"device": "cuda", "model": "ts_icl", "stage": "forecast"}
Loading configuration...

============================================================
Dataset: Port_Activity/D
Terms: ['short']
Covariate mode: none
Instance normalization: none
============================================================

--- Term: short ---
  Config: prediction_length=30, test_length=365, val_length=90
TIME run allocation action=skip run=/fslarge/scratch/users/h61084/codes/evaluating_tsfms/outputs/foundation_models/inference/ts_icl/univariate/Port_Activity/D/short/run_0 source_launch=selena_20260926T154139Z_65000 launch_id=selena_instance_normalization_20260927T131553Z_36892 slurm_job_id=3584829 launched_at=2026-09-27T14:12:43.422176+00:00
TIME run allocation action=new run=/fslarge/scratch/users/h61084/codes/evaluating_tsfms/outputs/instance_normalization/tasks/ts_icl/normalization/none/univariate/Port_Activity/D/short/run_0 launch_id=selena_instance_normalization_20260927T131553Z_36892 slurm_job_id=3584829 launched_at=2026-09-27T14:12:43.443252+00:00
    Total instances: 2376, Series during experiment: 198, Windows: 12
    Collecting ground truth and context...
    Detected to_univariate case: 198 flat series -> 99 series x 2 variates
    Organizing data into arrays...
    ⚠️  Predictions max value (536474.38) exceeds float16 safe range.
    ⚠️  Applying scale factor: 10 (values will be divided)
    Saved predictions (quantiles) to /fslarge/scratch/users/h61084/codes/evaluating_tsfms/outputs/instance_normalization/tasks/ts_icl/normalization/none/univariate/Port_Activity/D/short/run_0/predictions.npz
    Computing per-window metrics...
    Saved metrics to /fslarge/scratch/users/h61084/codes/evaluating_tsfms/outputs/instance_normalization/tasks/ts_icl/normalization/none/univariate/Port_Activity/D/short/run_0/metrics.npz
    Saved config to /fslarge/scratch/users/h61084/codes/evaluating_tsfms/outputs/instance_normalization/tasks/ts_icl/normalization/none/univariate/Port_Activity/D/short/run_0/config.json
    Saved aggregate metrics to /fslarge/scratch/users/h61084/codes/evaluating_tsfms/outputs/instance_normalization/tasks/ts_icl/normalization/none/univariate/Port_Activity/D/short/run_0/metrics_summary.json
    Metrics summary (averaged over all series/windows/variates):
      MSE: 941257987.9869
      MAE: 15490.3952
      RMSE: 21063.9204
      MAPE: 3.0724
      sMAPE: 0.9235
      MASE: 0.6636
      ND: 0.7555
      CRPS: 0.6014
  Reused raw inference: /fslarge/scratch/users/h61084/codes/evaluating_tsfms/outputs/foundation_models/inference/ts_icl/univariate/Port_Activity/D/short/run_0

============================================================
All experiments completed!
Results saved to: /scratch/users/h61084/codes/evaluating_tsfms/outputs/instance_normalization/tasks
============================================================

############################################################
# All 1 dataset(s) completed!
############################################################

############################################################
# Dataset 1/1: Port_Activity/W
############################################################
[2026-09-27 14:12:47 UTC] resources selected_device {"device": "cuda", "model": "ts_icl", "stage": "forecast"}
Loading configuration...

============================================================
Dataset: Port_Activity/W
Terms: ['short']
Covariate mode: none
Instance normalization: none
============================================================

--- Term: short ---
  Config: prediction_length=13, test_length=52, val_length=13
TIME run allocation action=skip run=/fslarge/scratch/users/h61084/codes/evaluating_tsfms/outputs/foundation_models/inference/ts_icl/univariate/Port_Activity/W/short/run_0 source_launch=selena_20260926T154139Z_65000 launch_id=selena_instance_normalization_20260927T131553Z_36892 slurm_job_id=3584829 launched_at=2026-09-27T14:12:47.432495+00:00
TIME run allocation action=new run=/fslarge/scratch/users/h61084/codes/evaluating_tsfms/outputs/instance_normalization/tasks/ts_icl/normalization/none/univariate/Port_Activity/W/short/run_0 launch_id=selena_instance_normalization_20260927T131553Z_36892 slurm_job_id=3584829 launched_at=2026-09-27T14:12:47.442455+00:00
    Total instances: 792, Series during experiment: 198, Windows: 4
    Collecting ground truth and context...
    Detected to_univariate case: 198 flat series -> 99 series x 2 variates
    Organizing data into arrays...
    ⚠️  Predictions max value (2973387.25) exceeds float16 safe range.
    ⚠️  Applying scale factor: 100 (values will be divided)
    Saved predictions (quantiles) to /fslarge/scratch/users/h61084/codes/evaluating_tsfms/outputs/instance_normalization/tasks/ts_icl/normalization/none/univariate/Port_Activity/W/short/run_0/predictions.npz
    Computing per-window metrics...
    Saved metrics to /fslarge/scratch/users/h61084/codes/evaluating_tsfms/outputs/instance_normalization/tasks/ts_icl/normalization/none/univariate/Port_Activity/W/short/run_0/metrics.npz
    Saved config to /fslarge/scratch/users/h61084/codes/evaluating_tsfms/outputs/instance_normalization/tasks/ts_icl/normalization/none/univariate/Port_Activity/W/short/run_0/config.json
    Saved aggregate metrics to /fslarge/scratch/users/h61084/codes/evaluating_tsfms/outputs/instance_normalization/tasks/ts_icl/normalization/none/univariate/Port_Activity/W/short/run_0/metrics_summary.json
    Metrics summary (averaged over all series/windows/variates):
      MSE: 6154894922.7862
      MAE: 44470.8496
      RMSE: 54264.4000
      MAPE: 0.6758
      sMAPE: 0.3424
      MASE: 0.7879
      ND: 0.3442
      CRPS: 0.2675
  Reused raw inference: /fslarge/scratch/users/h61084/codes/evaluating_tsfms/outputs/foundation_models/inference/ts_icl/univariate/Port_Activity/W/short/run_0

============================================================
All experiments completed!
Results saved to: /scratch/users/h61084/codes/evaluating_tsfms/outputs/instance_normalization/tasks
============================================================

############################################################
# All 1 dataset(s) completed!
############################################################

############################################################
# Dataset 1/1: ECDC_COVID/D
############################################################
[2026-09-27 14:12:50 UTC] resources selected_device {"device": "cuda", "model": "ts_icl", "stage": "forecast"}
Loading configuration...

============================================================
Dataset: ECDC_COVID/D
Terms: ['short']
Covariate mode: none
Instance normalization: none
============================================================

--- Term: short ---
  Config: prediction_length=30, test_length=150, val_length=30
TIME run allocation action=skip run=/fslarge/scratch/users/h61084/codes/evaluating_tsfms/outputs/foundation_models/inference/ts_icl/univariate/ECDC_COVID/D/short/run_0 source_launch=selena_20260926T154139Z_65000 launch_id=selena_instance_normalization_20260927T131553Z_36892 slurm_job_id=3584829 launched_at=2026-09-27T14:12:50.982038+00:00
TIME run allocation action=new run=/fslarge/scratch/users/h61084/codes/evaluating_tsfms/outputs/instance_normalization/tasks/ts_icl/normalization/none/univariate/ECDC_COVID/D/short/run_0 launch_id=selena_instance_normalization_20260927T131553Z_36892 slurm_job_id=3584829 launched_at=2026-09-27T14:12:50.990004+00:00
    Total instances: 45, Series during experiment: 9, Windows: 5
    Collecting ground truth and context...
    Organizing data into arrays...
    Saved predictions (quantiles) to /fslarge/scratch/users/h61084/codes/evaluating_tsfms/outputs/instance_normalization/tasks/ts_icl/normalization/none/univariate/ECDC_COVID/D/short/run_0/predictions.npz
    Computing per-window metrics...
    Saved metrics to /fslarge/scratch/users/h61084/codes/evaluating_tsfms/outputs/instance_normalization/tasks/ts_icl/normalization/none/univariate/ECDC_COVID/D/short/run_0/metrics.npz
    Saved config to /fslarge/scratch/users/h61084/codes/evaluating_tsfms/outputs/instance_normalization/tasks/ts_icl/normalization/none/univariate/ECDC_COVID/D/short/run_0/config.json
    Saved aggregate metrics to /fslarge/scratch/users/h61084/codes/evaluating_tsfms/outputs/instance_normalization/tasks/ts_icl/normalization/none/univariate/ECDC_COVID/D/short/run_0/metrics_summary.json
    Metrics summary (averaged over all series/windows/variates):
      MSE: 54432.1388
      MAE: 128.8028
      RMSE: 150.4587
      MAPE: 0.5665
      sMAPE: 0.3210
      MASE: 3.2760
      ND: 0.4230
      CRPS: 0.3235
  Reused raw inference: /fslarge/scratch/users/h61084/codes/evaluating_tsfms/outputs/foundation_models/inference/ts_icl/univariate/ECDC_COVID/D/short/run_0

============================================================
All experiments completed!
Results saved to: /scratch/users/h61084/codes/evaluating_tsfms/outputs/instance_normalization/tasks
============================================================

############################################################
# All 1 dataset(s) completed!
############################################################

############################################################
# Dataset 1/1: ECDC_COVID/W
############################################################
[2026-09-27 14:12:54 UTC] resources selected_device {"device": "cuda", "model": "ts_icl", "stage": "forecast"}
Loading configuration...

============================================================
Dataset: ECDC_COVID/W
Terms: ['short']
Covariate mode: none
Instance normalization: none
============================================================

--- Term: short ---
  Config: prediction_length=13, test_length=52, val_length=13
TIME run allocation action=skip run=/fslarge/scratch/users/h61084/codes/evaluating_tsfms/outputs/foundation_models/inference/ts_icl/univariate/ECDC_COVID/W/short/run_0 source_launch=selena_20260926T154139Z_65000 launch_id=selena_instance_normalization_20260927T131553Z_36892 slurm_job_id=3584829 launched_at=2026-09-27T14:12:54.372811+00:00
TIME run allocation action=new run=/fslarge/scratch/users/h61084/codes/evaluating_tsfms/outputs/instance_normalization/tasks/ts_icl/normalization/none/univariate/ECDC_COVID/W/short/run_0 launch_id=selena_instance_normalization_20260927T131553Z_36892 slurm_job_id=3584829 launched_at=2026-09-27T14:12:54.380586+00:00
    Total instances: 64, Series during experiment: 16, Windows: 4
    Collecting ground truth and context...
    Organizing data into arrays...
    Saved predictions (quantiles) to /fslarge/scratch/users/h61084/codes/evaluating_tsfms/outputs/instance_normalization/tasks/ts_icl/normalization/none/univariate/ECDC_COVID/W/short/run_0/predictions.npz
    Computing per-window metrics...
    Saved metrics to /fslarge/scratch/users/h61084/codes/evaluating_tsfms/outputs/instance_normalization/tasks/ts_icl/normalization/none/univariate/ECDC_COVID/W/short/run_0/metrics.npz
    Saved config to /fslarge/scratch/users/h61084/codes/evaluating_tsfms/outputs/instance_normalization/tasks/ts_icl/normalization/none/univariate/ECDC_COVID/W/short/run_0/config.json
    Saved aggregate metrics to /fslarge/scratch/users/h61084/codes/evaluating_tsfms/outputs/instance_normalization/tasks/ts_icl/normalization/none/univariate/ECDC_COVID/W/short/run_0/metrics_summary.json
    Metrics summary (averaged over all series/windows/variates):
      MSE: 2753977.8990
      MAE: 674.2487
      RMSE: 772.7467
      MAPE: 1.6960
      sMAPE: 0.5688
      MASE: 1.8729
      ND: 0.8898
      CRPS: 0.7339
  Reused raw inference: /fslarge/scratch/users/h61084/codes/evaluating_tsfms/outputs/foundation_models/inference/ts_icl/univariate/ECDC_COVID/W/short/run_0

============================================================
All experiments completed!
Results saved to: /scratch/users/h61084/codes/evaluating_tsfms/outputs/instance_normalization/tasks
============================================================

############################################################
# All 1 dataset(s) completed!
############################################################

############################################################
# Dataset 1/1: Global_Influenza/W
############################################################
[2026-09-27 14:12:57 UTC] resources selected_device {"device": "cuda", "model": "ts_icl", "stage": "forecast"}
Loading configuration...

============================================================
Dataset: Global_Influenza/W
Terms: ['short']
Covariate mode: none
Instance normalization: none
============================================================

--- Term: short ---
  Config: prediction_length=13, test_length=52, val_length=13
TIME run allocation action=skip run=/fslarge/scratch/users/h61084/codes/evaluating_tsfms/outputs/foundation_models/inference/ts_icl/univariate/Global_Influenza/W/short/run_0 source_launch=selena_20260926T154139Z_65000 launch_id=selena_instance_normalization_20260927T131553Z_36892 slurm_job_id=3584829 launched_at=2026-09-27T14:12:57.754060+00:00
TIME run allocation action=new run=/fslarge/scratch/users/h61084/codes/evaluating_tsfms/outputs/instance_normalization/tasks/ts_icl/normalization/none/univariate/Global_Influenza/W/short/run_0 launch_id=selena_instance_normalization_20260927T131553Z_36892 slurm_job_id=3584829 launched_at=2026-09-27T14:12:57.762358+00:00
    Total instances: 240, Series during experiment: 60, Windows: 4
    Collecting ground truth and context...
    Detected to_univariate case: 60 flat series -> 15 series x 4 variates
    Organizing data into arrays...
    ⚠️  Predictions max value (101161.20) exceeds float16 safe range.
    ⚠️  Applying scale factor: 10 (values will be divided)
    Saved predictions (quantiles) to /fslarge/scratch/users/h61084/codes/evaluating_tsfms/outputs/instance_normalization/tasks/ts_icl/normalization/none/univariate/Global_Influenza/W/short/run_0/predictions.npz
    Computing per-window metrics...
    Saved metrics to /fslarge/scratch/users/h61084/codes/evaluating_tsfms/outputs/instance_normalization/tasks/ts_icl/normalization/none/univariate/Global_Influenza/W/short/run_0/metrics.npz
    Saved config to /fslarge/scratch/users/h61084/codes/evaluating_tsfms/outputs/instance_normalization/tasks/ts_icl/normalization/none/univariate/Global_Influenza/W/short/run_0/config.json
    Saved aggregate metrics to /fslarge/scratch/users/h61084/codes/evaluating_tsfms/outputs/instance_normalization/tasks/ts_icl/normalization/none/univariate/Global_Influenza/W/short/run_0/metrics_summary.json
    Metrics summary (averaged over all series/windows/variates):
      MSE: 3247863.6702
      MAE: 509.4105
      RMSE: 629.7399
      MAPE: 0.6950
      sMAPE: 0.4856
      MASE: 2.9685
      ND: 0.5066
      CRPS: 0.4121
  Reused raw inference: /fslarge/scratch/users/h61084/codes/evaluating_tsfms/outputs/foundation_models/inference/ts_icl/univariate/Global_Influenza/W/short/run_0

============================================================
All experiments completed!
Results saved to: /scratch/users/h61084/codes/evaluating_tsfms/outputs/instance_normalization/tasks
============================================================

############################################################
# All 1 dataset(s) completed!
############################################################

############################################################
# Dataset 1/1: Crypto/D
############################################################
[2026-09-27 14:13:01 UTC] resources selected_device {"device": "cuda", "model": "ts_icl", "stage": "forecast"}
Loading configuration...

============================================================
Dataset: Crypto/D
Terms: ['short']
Covariate mode: none
Instance normalization: none
============================================================

--- Term: short ---
  Config: prediction_length=30, test_length=273, val_length=92
TIME run allocation action=skip run=/fslarge/scratch/users/h61084/codes/evaluating_tsfms/outputs/foundation_models/inference/ts_icl/univariate/Crypto/D/short/run_0 source_launch=selena_20260926T154139Z_65000 launch_id=selena_instance_normalization_20260927T131553Z_36892 slurm_job_id=3584829 launched_at=2026-09-27T14:13:01.192479+00:00
TIME run allocation action=new run=/fslarge/scratch/users/h61084/codes/evaluating_tsfms/outputs/instance_normalization/tasks/ts_icl/normalization/none/univariate/Crypto/D/short/run_0 launch_id=selena_instance_normalization_20260927T131553Z_36892 slurm_job_id=3584829 launched_at=2026-09-27T14:13:01.201089+00:00
    Total instances: 36, Series during experiment: 4, Windows: 9
    Collecting ground truth and context...
    Detected to_univariate case: 4 flat series -> 1 series x 4 variates
    Organizing data into arrays...
    ⚠️  Predictions max value (130982.32) exceeds float16 safe range.
    ⚠️  Applying scale factor: 10 (values will be divided)
    Saved predictions (quantiles) to /fslarge/scratch/users/h61084/codes/evaluating_tsfms/outputs/instance_normalization/tasks/ts_icl/normalization/none/univariate/Crypto/D/short/run_0/predictions.npz
    Computing per-window metrics...
    Saved metrics to /fslarge/scratch/users/h61084/codes/evaluating_tsfms/outputs/instance_normalization/tasks/ts_icl/normalization/none/univariate/Crypto/D/short/run_0/metrics.npz
    Saved config to /fslarge/scratch/users/h61084/codes/evaluating_tsfms/outputs/instance_normalization/tasks/ts_icl/normalization/none/univariate/Crypto/D/short/run_0/config.json
    Saved aggregate metrics to /fslarge/scratch/users/h61084/codes/evaluating_tsfms/outputs/instance_normalization/tasks/ts_icl/normalization/none/univariate/Crypto/D/short/run_0/metrics_summary.json
    Metrics summary (averaged over all series/windows/variates):
      MSE: 13951502.9075
      MAE: 1490.4351
      RMSE: 1754.5660
      MAPE: 0.0913
      sMAPE: 0.0922
      MASE: 6.3987
      ND: 0.0927
      CRPS: 0.0757
  Reused raw inference: /fslarge/scratch/users/h61084/codes/evaluating_tsfms/outputs/foundation_models/inference/ts_icl/univariate/Crypto/D/short/run_0

============================================================
All experiments completed!
Results saved to: /scratch/users/h61084/codes/evaluating_tsfms/outputs/instance_normalization/tasks
============================================================

############################################################
# All 1 dataset(s) completed!
############################################################

############################################################
# Dataset 1/1: US_Term_Structure/B
############################################################
[2026-09-27 14:13:04 UTC] resources selected_device {"device": "cuda", "model": "ts_icl", "stage": "forecast"}
Loading configuration...

============================================================
Dataset: US_Term_Structure/B
Terms: ['short']
Covariate mode: none
Instance normalization: none
============================================================

--- Term: short ---
  Config: prediction_length=20, test_length=717, val_length=100
TIME run allocation action=skip run=/fslarge/scratch/users/h61084/codes/evaluating_tsfms/outputs/foundation_models/inference/ts_icl/univariate/US_Term_Structure/B/short/run_0 source_launch=selena_20260926T154139Z_65000 launch_id=selena_instance_normalization_20260927T131553Z_36892 slurm_job_id=3584829 launched_at=2026-09-27T14:13:04.663203+00:00
TIME run allocation action=new run=/fslarge/scratch/users/h61084/codes/evaluating_tsfms/outputs/instance_normalization/tasks/ts_icl/normalization/none/univariate/US_Term_Structure/B/short/run_0 launch_id=selena_instance_normalization_20260927T131553Z_36892 slurm_job_id=3584829 launched_at=2026-09-27T14:13:04.676606+00:00
    Total instances: 1400, Series during experiment: 40, Windows: 35
    Collecting ground truth and context...
    Detected to_univariate case: 40 flat series -> 1 series x 40 variates
    Organizing data into arrays...
    Saved predictions (quantiles) to /fslarge/scratch/users/h61084/codes/evaluating_tsfms/outputs/instance_normalization/tasks/ts_icl/normalization/none/univariate/US_Term_Structure/B/short/run_0/predictions.npz
    Computing per-window metrics...
    Saved metrics to /fslarge/scratch/users/h61084/codes/evaluating_tsfms/outputs/instance_normalization/tasks/ts_icl/normalization/none/univariate/US_Term_Structure/B/short/run_0/metrics.npz
    Saved config to /fslarge/scratch/users/h61084/codes/evaluating_tsfms/outputs/instance_normalization/tasks/ts_icl/normalization/none/univariate/US_Term_Structure/B/short/run_0/config.json
    Saved aggregate metrics to /fslarge/scratch/users/h61084/codes/evaluating_tsfms/outputs/instance_normalization/tasks/ts_icl/normalization/none/univariate/US_Term_Structure/B/short/run_0/metrics_summary.json
    Metrics summary (averaged over all series/windows/variates):
      MSE: 0.0243
      MAE: 0.1047
      RMSE: 0.1256
      MAPE: 0.9670
      sMAPE: 0.2743
      MASE: 1.5298
      ND: 0.2635
      CRPS: 0.2101
  Reused raw inference: /fslarge/scratch/users/h61084/codes/evaluating_tsfms/outputs/foundation_models/inference/ts_icl/univariate/US_Term_Structure/B/short/run_0

============================================================
All experiments completed!
Results saved to: /scratch/users/h61084/codes/evaluating_tsfms/outputs/instance_normalization/tasks
============================================================

############################################################
# All 1 dataset(s) completed!
############################################################

############################################################
# Dataset 1/1: Oil_Price/B
############################################################
[2026-09-27 14:13:08 UTC] resources selected_device {"device": "cuda", "model": "ts_icl", "stage": "forecast"}
Loading configuration...

============================================================
Dataset: Oil_Price/B
Terms: ['short']
Covariate mode: none
Instance normalization: none
============================================================

--- Term: short ---
  Config: prediction_length=20, test_length=717, val_length=100
TIME run allocation action=skip run=/fslarge/scratch/users/h61084/codes/evaluating_tsfms/outputs/foundation_models/inference/ts_icl/univariate/Oil_Price/B/short/run_0 source_launch=selena_20260926T154139Z_65000 launch_id=selena_instance_normalization_20260927T131553Z_36892 slurm_job_id=3584829 launched_at=2026-09-27T14:13:08.453583+00:00
TIME run allocation action=new run=/fslarge/scratch/users/h61084/codes/evaluating_tsfms/outputs/instance_normalization/tasks/ts_icl/normalization/none/univariate/Oil_Price/B/short/run_0 launch_id=selena_instance_normalization_20260927T131553Z_36892 slurm_job_id=3584829 launched_at=2026-09-27T14:13:08.463395+00:00
    Total instances: 420, Series during experiment: 12, Windows: 35
    Collecting ground truth and context...
    Detected to_univariate case: 12 flat series -> 1 series x 12 variates
    Organizing data into arrays...
    Saved predictions (quantiles) to /fslarge/scratch/users/h61084/codes/evaluating_tsfms/outputs/instance_normalization/tasks/ts_icl/normalization/none/univariate/Oil_Price/B/short/run_0/predictions.npz
    Computing per-window metrics...
    Saved metrics to /fslarge/scratch/users/h61084/codes/evaluating_tsfms/outputs/instance_normalization/tasks/ts_icl/normalization/none/univariate/Oil_Price/B/short/run_0/metrics.npz
    Saved config to /fslarge/scratch/users/h61084/codes/evaluating_tsfms/outputs/instance_normalization/tasks/ts_icl/normalization/none/univariate/Oil_Price/B/short/run_0/config.json
    Saved aggregate metrics to /fslarge/scratch/users/h61084/codes/evaluating_tsfms/outputs/instance_normalization/tasks/ts_icl/normalization/none/univariate/Oil_Price/B/short/run_0/metrics_summary.json
    Metrics summary (averaged over all series/windows/variates):
      MSE: 3.2052
      MAE: 0.6758
      RMSE: 0.7789
      MAPE: 0.0564
      sMAPE: 0.0557
      MASE: 1.3435
      ND: 0.0560
      CRPS: 0.0451
  Reused raw inference: /fslarge/scratch/users/h61084/codes/evaluating_tsfms/outputs/foundation_models/inference/ts_icl/univariate/Oil_Price/B/short/run_0

============================================================
All experiments completed!
Results saved to: /scratch/users/h61084/codes/evaluating_tsfms/outputs/instance_normalization/tasks
============================================================

############################################################
# All 1 dataset(s) completed!
############################################################

############################################################
# Dataset 1/1: Job_Claims/W
############################################################
[2026-09-27 14:13:11 UTC] resources selected_device {"device": "cuda", "model": "ts_icl", "stage": "forecast"}
Loading configuration...

============================================================
Dataset: Job_Claims/W
Terms: ['short']
Covariate mode: none
Instance normalization: none
============================================================

--- Term: short ---
  Config: prediction_length=13, test_length=52, val_length=13
TIME run allocation action=skip run=/fslarge/scratch/users/h61084/codes/evaluating_tsfms/outputs/foundation_models/inference/ts_icl/univariate/Job_Claims/W/short/run_0 source_launch=selena_20260926T154139Z_65000 launch_id=selena_instance_normalization_20260927T131553Z_36892 slurm_job_id=3584829 launched_at=2026-09-27T14:13:11.927272+00:00
TIME run allocation action=new run=/fslarge/scratch/users/h61084/codes/evaluating_tsfms/outputs/instance_normalization/tasks/ts_icl/normalization/none/univariate/Job_Claims/W/short/run_0 launch_id=selena_instance_normalization_20260927T131553Z_36892 slurm_job_id=3584829 launched_at=2026-09-27T14:13:11.934826+00:00
    Total instances: 8, Series during experiment: 2, Windows: 4
    Collecting ground truth and context...
    Detected to_univariate case: 2 flat series -> 1 series x 2 variates
    Organizing data into arrays...
    ⚠️  Predictions max value (2039636.00) exceeds float16 safe range.
    ⚠️  Applying scale factor: 100 (values will be divided)
    Saved predictions (quantiles) to /fslarge/scratch/users/h61084/codes/evaluating_tsfms/outputs/instance_normalization/tasks/ts_icl/normalization/none/univariate/Job_Claims/W/short/run_0/predictions.npz
    Computing per-window metrics...
    Saved metrics to /fslarge/scratch/users/h61084/codes/evaluating_tsfms/outputs/instance_normalization/tasks/ts_icl/normalization/none/univariate/Job_Claims/W/short/run_0/metrics.npz
    Saved config to /fslarge/scratch/users/h61084/codes/evaluating_tsfms/outputs/instance_normalization/tasks/ts_icl/normalization/none/univariate/Job_Claims/W/short/run_0/config.json
    Saved aggregate metrics to /fslarge/scratch/users/h61084/codes/evaluating_tsfms/outputs/instance_normalization/tasks/ts_icl/normalization/none/univariate/Job_Claims/W/short/run_0/metrics_summary.json
    Metrics summary (averaged over all series/windows/variates):
      MSE: 584168288.0829
      MAE: 15750.9817
      RMSE: 19132.3169
      MAPE: 0.0223
      sMAPE: 0.0226
      MASE: 2.8235
      ND: 0.0225
      CRPS: 0.0174
  Reused raw inference: /fslarge/scratch/users/h61084/codes/evaluating_tsfms/outputs/foundation_models/inference/ts_icl/univariate/Job_Claims/W/short/run_0

============================================================
All experiments completed!
Results saved to: /scratch/users/h61084/codes/evaluating_tsfms/outputs/instance_normalization/tasks
============================================================

############################################################
# All 1 dataset(s) completed!
############################################################

############################################################
# Dataset 1/1: Uncertainty_1M/M
############################################################
[2026-09-27 14:13:15 UTC] resources selected_device {"device": "cuda", "model": "ts_icl", "stage": "forecast"}
Loading configuration...

============================================================
Dataset: Uncertainty_1M/M
Terms: ['short']
Covariate mode: none
Instance normalization: none
============================================================

--- Term: short ---
  Config: prediction_length=6, test_length=42, val_length=18
TIME run allocation action=skip run=/fslarge/scratch/users/h61084/codes/evaluating_tsfms/outputs/foundation_models/inference/ts_icl/univariate/Uncertainty_1M/M/short/run_0 source_launch=selena_20260926T154139Z_65000 launch_id=selena_instance_normalization_20260927T131553Z_36892 slurm_job_id=3584829 launched_at=2026-09-27T14:13:15.284176+00:00
TIME run allocation action=new run=/fslarge/scratch/users/h61084/codes/evaluating_tsfms/outputs/instance_normalization/tasks/ts_icl/normalization/none/univariate/Uncertainty_1M/M/short/run_0 launch_id=selena_instance_normalization_20260927T131553Z_36892 slurm_job_id=3584829 launched_at=2026-09-27T14:13:15.291813+00:00
    Total instances: 21, Series during experiment: 3, Windows: 7
    Collecting ground truth and context...
    Detected to_univariate case: 3 flat series -> 1 series x 3 variates
    Organizing data into arrays...
    Saved predictions (quantiles) to /fslarge/scratch/users/h61084/codes/evaluating_tsfms/outputs/instance_normalization/tasks/ts_icl/normalization/none/univariate/Uncertainty_1M/M/short/run_0/predictions.npz
    Computing per-window metrics...
    Saved metrics to /fslarge/scratch/users/h61084/codes/evaluating_tsfms/outputs/instance_normalization/tasks/ts_icl/normalization/none/univariate/Uncertainty_1M/M/short/run_0/metrics.npz
    Saved config to /fslarge/scratch/users/h61084/codes/evaluating_tsfms/outputs/instance_normalization/tasks/ts_icl/normalization/none/univariate/Uncertainty_1M/M/short/run_0/config.json
    Saved aggregate metrics to /fslarge/scratch/users/h61084/codes/evaluating_tsfms/outputs/instance_normalization/tasks/ts_icl/normalization/none/univariate/Uncertainty_1M/M/short/run_0/metrics_summary.json
    Metrics summary (averaged over all series/windows/variates):
      MSE: 0.0013
      MAE: 0.0277
      RMSE: 0.0312
      MAPE: 0.0342
      sMAPE: 0.0337
      MASE: 0.3466
      ND: 0.0340
      CRPS: 0.0266
  Reused raw inference: /fslarge/scratch/users/h61084/codes/evaluating_tsfms/outputs/foundation_models/inference/ts_icl/univariate/Uncertainty_1M/M/short/run_0

============================================================
All experiments completed!
Results saved to: /scratch/users/h61084/codes/evaluating_tsfms/outputs/instance_normalization/tasks
============================================================

############################################################
# All 1 dataset(s) completed!
############################################################

############################################################
# Dataset 1/1: Housing_Inventory/M
############################################################
[2026-09-27 14:13:18 UTC] resources selected_device {"device": "cuda", "model": "ts_icl", "stage": "forecast"}
Loading configuration...

============================================================
Dataset: Housing_Inventory/M
Terms: ['short']
Covariate mode: none
Instance normalization: none
============================================================

--- Term: short ---
  Config: prediction_length=12, test_length=36, val_length=12
TIME run allocation action=skip run=/fslarge/scratch/users/h61084/codes/evaluating_tsfms/outputs/foundation_models/inference/ts_icl/univariate/Housing_Inventory/M/short/run_0 source_launch=selena_20260926T154139Z_65000 launch_id=selena_instance_normalization_20260927T131553Z_36892 slurm_job_id=3584829 launched_at=2026-09-27T14:13:18.639918+00:00
TIME run allocation action=new run=/fslarge/scratch/users/h61084/codes/evaluating_tsfms/outputs/instance_normalization/tasks/ts_icl/normalization/none/univariate/Housing_Inventory/M/short/run_0 launch_id=selena_instance_normalization_20260927T131553Z_36892 slurm_job_id=3584829 launched_at=2026-09-27T14:13:18.647603+00:00
    Total instances: 12, Series during experiment: 4, Windows: 3
    Collecting ground truth and context...
    Detected to_univariate case: 4 flat series -> 1 series x 4 variates
    Organizing data into arrays...
    ⚠️  Predictions max value (1189209.75) exceeds float16 safe range.
    ⚠️  Applying scale factor: 100 (values will be divided)
    Saved predictions (quantiles) to /fslarge/scratch/users/h61084/codes/evaluating_tsfms/outputs/instance_normalization/tasks/ts_icl/normalization/none/univariate/Housing_Inventory/M/short/run_0/predictions.npz
    Computing per-window metrics...
    Saved metrics to /fslarge/scratch/users/h61084/codes/evaluating_tsfms/outputs/instance_normalization/tasks/ts_icl/normalization/none/univariate/Housing_Inventory/M/short/run_0/metrics.npz
    Saved config to /fslarge/scratch/users/h61084/codes/evaluating_tsfms/outputs/instance_normalization/tasks/ts_icl/normalization/none/univariate/Housing_Inventory/M/short/run_0/config.json
    Saved aggregate metrics to /fslarge/scratch/users/h61084/codes/evaluating_tsfms/outputs/instance_normalization/tasks/ts_icl/normalization/none/univariate/Housing_Inventory/M/short/run_0/metrics_summary.json
    Metrics summary (averaged over all series/windows/variates):
      MSE: 4081737329.3869
      MAE: 30245.8174
      RMSE: 33557.2549
      MAPE: 0.0648
      sMAPE: 0.0648
      MASE: 0.5194
      ND: 0.0655
      CRPS: 0.0503
  Reused raw inference: /fslarge/scratch/users/h61084/codes/evaluating_tsfms/outputs/foundation_models/inference/ts_icl/univariate/Housing_Inventory/M/short/run_0

============================================================
All experiments completed!
Results saved to: /scratch/users/h61084/codes/evaluating_tsfms/outputs/instance_normalization/tasks
============================================================

############################################################
# All 1 dataset(s) completed!
############################################################

############################################################
# Dataset 1/1: JOLTS/M
############################################################
[2026-09-27 14:13:21 UTC] resources selected_device {"device": "cuda", "model": "ts_icl", "stage": "forecast"}
Loading configuration...

============================================================
Dataset: JOLTS/M
Terms: ['short']
Covariate mode: none
Instance normalization: none
============================================================

--- Term: short ---
  Config: prediction_length=12, test_length=60, val_length=12
TIME run allocation action=skip run=/fslarge/scratch/users/h61084/codes/evaluating_tsfms/outputs/foundation_models/inference/ts_icl/univariate/JOLTS/M/short/run_0 source_launch=selena_20260926T154139Z_65000 launch_id=selena_instance_normalization_20260927T131553Z_36892 slurm_job_id=3584829 launched_at=2026-09-27T14:13:22.007294+00:00
TIME run allocation action=new run=/fslarge/scratch/users/h61084/codes/evaluating_tsfms/outputs/instance_normalization/tasks/ts_icl/normalization/none/univariate/JOLTS/M/short/run_0 launch_id=selena_instance_normalization_20260927T131553Z_36892 slurm_job_id=3584829 launched_at=2026-09-27T14:13:22.015107+00:00
    Total instances: 30, Series during experiment: 6, Windows: 5
    Collecting ground truth and context...
    Detected to_univariate case: 6 flat series -> 1 series x 6 variates
    Organizing data into arrays...
    Saved predictions (quantiles) to /fslarge/scratch/users/h61084/codes/evaluating_tsfms/outputs/instance_normalization/tasks/ts_icl/normalization/none/univariate/JOLTS/M/short/run_0/predictions.npz
    Computing per-window metrics...
    Saved metrics to /fslarge/scratch/users/h61084/codes/evaluating_tsfms/outputs/instance_normalization/tasks/ts_icl/normalization/none/univariate/JOLTS/M/short/run_0/metrics.npz
    Saved config to /fslarge/scratch/users/h61084/codes/evaluating_tsfms/outputs/instance_normalization/tasks/ts_icl/normalization/none/univariate/JOLTS/M/short/run_0/config.json
    Saved aggregate metrics to /fslarge/scratch/users/h61084/codes/evaluating_tsfms/outputs/instance_normalization/tasks/ts_icl/normalization/none/univariate/JOLTS/M/short/run_0/metrics_summary.json
    Metrics summary (averaged over all series/windows/variates):
      MSE: 353319.6593
      MAE: 326.4235
      RMSE: 393.9018
      MAPE: 0.0799
      sMAPE: 0.0803
      MASE: 1.0652
      ND: 0.0803
      CRPS: 0.0650
  Reused raw inference: /fslarge/scratch/users/h61084/codes/evaluating_tsfms/outputs/foundation_models/inference/ts_icl/univariate/JOLTS/M/short/run_0

============================================================
All experiments completed!
Results saved to: /scratch/users/h61084/codes/evaluating_tsfms/outputs/instance_normalization/tasks
============================================================

############################################################
# All 1 dataset(s) completed!
############################################################

############################################################
# Dataset 1/1: US_Labor/M
############################################################
[2026-09-27 14:13:25 UTC] resources selected_device {"device": "cuda", "model": "ts_icl", "stage": "forecast"}
Loading configuration...

============================================================
Dataset: US_Labor/M
Terms: ['short']
Covariate mode: none
Instance normalization: none
============================================================

--- Term: short ---
  Config: prediction_length=12, test_length=60, val_length=12
TIME run allocation action=skip run=/fslarge/scratch/users/h61084/codes/evaluating_tsfms/outputs/foundation_models/inference/ts_icl/univariate/US_Labor/M/short/run_0 source_launch=selena_20260926T154139Z_65000 launch_id=selena_instance_normalization_20260927T131553Z_36892 slurm_job_id=3584829 launched_at=2026-09-27T14:13:25.382100+00:00
TIME run allocation action=new run=/fslarge/scratch/users/h61084/codes/evaluating_tsfms/outputs/instance_normalization/tasks/ts_icl/normalization/none/univariate/US_Labor/M/short/run_0 launch_id=selena_instance_normalization_20260927T131553Z_36892 slurm_job_id=3584829 launched_at=2026-09-27T14:13:25.389931+00:00
    Total instances: 70, Series during experiment: 14, Windows: 5
    Collecting ground truth and context...
    Detected to_univariate case: 14 flat series -> 1 series x 14 variates
    Organizing data into arrays...
    ⚠️  Predictions max value (173036.62) exceeds float16 safe range.
    ⚠️  Applying scale factor: 10 (values will be divided)
    Saved predictions (quantiles) to /fslarge/scratch/users/h61084/codes/evaluating_tsfms/outputs/instance_normalization/tasks/ts_icl/normalization/none/univariate/US_Labor/M/short/run_0/predictions.npz
    Computing per-window metrics...
    Saved metrics to /fslarge/scratch/users/h61084/codes/evaluating_tsfms/outputs/instance_normalization/tasks/ts_icl/normalization/none/univariate/US_Labor/M/short/run_0/metrics.npz
    Saved config to /fslarge/scratch/users/h61084/codes/evaluating_tsfms/outputs/instance_normalization/tasks/ts_icl/normalization/none/univariate/US_Labor/M/short/run_0/config.json
    Saved aggregate metrics to /fslarge/scratch/users/h61084/codes/evaluating_tsfms/outputs/instance_normalization/tasks/ts_icl/normalization/none/univariate/US_Labor/M/short/run_0/metrics_summary.json
    Metrics summary (averaged over all series/windows/variates):
      MSE: 848823.4033
      MAE: 406.7476
      RMSE: 460.1667
      MAPE: 0.0656
      sMAPE: 0.0605
      MASE: 0.8895
      ND: 0.0642
      CRPS: 0.0499
  Reused raw inference: /fslarge/scratch/users/h61084/codes/evaluating_tsfms/outputs/foundation_models/inference/ts_icl/univariate/US_Labor/M/short/run_0

============================================================
All experiments completed!
Results saved to: /scratch/users/h61084/codes/evaluating_tsfms/outputs/instance_normalization/tasks
============================================================

############################################################
# All 1 dataset(s) completed!
############################################################

############################################################
# Dataset 1/1: Vehicle_Supply/M
############################################################
[2026-09-27 14:13:28 UTC] resources selected_device {"device": "cuda", "model": "ts_icl", "stage": "forecast"}
Loading configuration...

============================================================
Dataset: Vehicle_Supply/M
Terms: ['short']
Covariate mode: none
Instance normalization: none
============================================================

--- Term: short ---
  Config: prediction_length=12, test_length=60, val_length=12
TIME run allocation action=skip run=/fslarge/scratch/users/h61084/codes/evaluating_tsfms/outputs/foundation_models/inference/ts_icl/univariate/Vehicle_Supply/M/short/run_0 source_launch=selena_20260926T154139Z_65000 launch_id=selena_instance_normalization_20260927T131553Z_36892 slurm_job_id=3584829 launched_at=2026-09-27T14:13:28.783238+00:00
TIME run allocation action=new run=/fslarge/scratch/users/h61084/codes/evaluating_tsfms/outputs/instance_normalization/tasks/ts_icl/normalization/none/univariate/Vehicle_Supply/M/short/run_0 launch_id=selena_instance_normalization_20260927T131553Z_36892 slurm_job_id=3584829 launched_at=2026-09-27T14:13:28.790858+00:00
    Total instances: 30, Series during experiment: 6, Windows: 5
    Collecting ground truth and context...
    Detected to_univariate case: 6 flat series -> 1 series x 6 variates
    Organizing data into arrays...
    Saved predictions (quantiles) to /fslarge/scratch/users/h61084/codes/evaluating_tsfms/outputs/instance_normalization/tasks/ts_icl/normalization/none/univariate/Vehicle_Supply/M/short/run_0/predictions.npz
    Computing per-window metrics...
    Saved metrics to /fslarge/scratch/users/h61084/codes/evaluating_tsfms/outputs/instance_normalization/tasks/ts_icl/normalization/none/univariate/Vehicle_Supply/M/short/run_0/metrics.npz
    Saved config to /fslarge/scratch/users/h61084/codes/evaluating_tsfms/outputs/instance_normalization/tasks/ts_icl/normalization/none/univariate/Vehicle_Supply/M/short/run_0/config.json
    Saved aggregate metrics to /fslarge/scratch/users/h61084/codes/evaluating_tsfms/outputs/instance_normalization/tasks/ts_icl/normalization/none/univariate/Vehicle_Supply/M/short/run_0/metrics_summary.json
    Metrics summary (averaged over all series/windows/variates):
      MSE: 2393.9417
      MAE: 19.6360
      RMSE: 23.2576
      MAPE: 0.2531
      sMAPE: 0.2025
      MASE: 0.7929
      ND: 0.2294
      CRPS: 0.1872
  Reused raw inference: /fslarge/scratch/users/h61084/codes/evaluating_tsfms/outputs/foundation_models/inference/ts_icl/univariate/Vehicle_Supply/M/short/run_0

============================================================
All experiments completed!
Results saved to: /scratch/users/h61084/codes/evaluating_tsfms/outputs/instance_normalization/tasks
============================================================

############################################################
# All 1 dataset(s) completed!
############################################################

############################################################
# Dataset 1/1: Auto_Production_SF/M
############################################################
[2026-09-27 14:13:32 UTC] resources selected_device {"device": "cuda", "model": "ts_icl", "stage": "forecast"}
Loading configuration...

============================================================
Dataset: Auto_Production_SF/M
Terms: ['short']
Covariate mode: none
Instance normalization: none
============================================================

--- Term: short ---
  Config: prediction_length=12, test_length=60, val_length=12
TIME run allocation action=skip run=/fslarge/scratch/users/h61084/codes/evaluating_tsfms/outputs/foundation_models/inference/ts_icl/univariate/Auto_Production_SF/M/short/run_0 source_launch=selena_20260926T154139Z_65000 launch_id=selena_instance_normalization_20260927T131553Z_36892 slurm_job_id=3584829 launched_at=2026-09-27T14:13:32.150104+00:00
TIME run allocation action=new run=/fslarge/scratch/users/h61084/codes/evaluating_tsfms/outputs/instance_normalization/tasks/ts_icl/normalization/none/univariate/Auto_Production_SF/M/short/run_0 launch_id=selena_instance_normalization_20260927T131553Z_36892 slurm_job_id=3584829 launched_at=2026-09-27T14:13:32.158067+00:00
    Total instances: 5, Series during experiment: 1, Windows: 5
    Collecting ground truth and context...
    Organizing data into arrays...
    Saved predictions (quantiles) to /fslarge/scratch/users/h61084/codes/evaluating_tsfms/outputs/instance_normalization/tasks/ts_icl/normalization/none/univariate/Auto_Production_SF/M/short/run_0/predictions.npz
    Computing per-window metrics...
    Saved metrics to /fslarge/scratch/users/h61084/codes/evaluating_tsfms/outputs/instance_normalization/tasks/ts_icl/normalization/none/univariate/Auto_Production_SF/M/short/run_0/metrics.npz
    Saved config to /fslarge/scratch/users/h61084/codes/evaluating_tsfms/outputs/instance_normalization/tasks/ts_icl/normalization/none/univariate/Auto_Production_SF/M/short/run_0/config.json
    Saved aggregate metrics to /fslarge/scratch/users/h61084/codes/evaluating_tsfms/outputs/instance_normalization/tasks/ts_icl/normalization/none/univariate/Auto_Production_SF/M/short/run_0/metrics_summary.json
    Metrics summary (averaged over all series/windows/variates):
      MSE: 20.0699
      MAE: 3.5014
      RMSE: 4.3114
      MAPE: 0.0362
      sMAPE: 0.0358
      MASE: 0.8833
      ND: 0.0351
      CRPS: 0.0274
  Reused raw inference: /fslarge/scratch/users/h61084/codes/evaluating_tsfms/outputs/foundation_models/inference/ts_icl/univariate/Auto_Production_SF/M/short/run_0

============================================================
All experiments completed!
Results saved to: /scratch/users/h61084/codes/evaluating_tsfms/outputs/instance_normalization/tasks
============================================================

############################################################
# All 1 dataset(s) completed!
############################################################

############################################################
# Dataset 1/1: Commodity_Production/M
############################################################
[2026-09-27 14:13:35 UTC] resources selected_device {"device": "cuda", "model": "ts_icl", "stage": "forecast"}
Loading configuration...

============================================================
Dataset: Commodity_Production/M
Terms: ['short']
Covariate mode: none
Instance normalization: none
============================================================

--- Term: short ---
  Config: prediction_length=12, test_length=60, val_length=12
TIME run allocation action=skip run=/fslarge/scratch/users/h61084/codes/evaluating_tsfms/outputs/foundation_models/inference/ts_icl/univariate/Commodity_Production/M/short/run_0 source_launch=selena_20260926T154139Z_65000 launch_id=selena_instance_normalization_20260927T131553Z_36892 slurm_job_id=3584829 launched_at=2026-09-27T14:13:35.516732+00:00
TIME run allocation action=new run=/fslarge/scratch/users/h61084/codes/evaluating_tsfms/outputs/instance_normalization/tasks/ts_icl/normalization/none/univariate/Commodity_Production/M/short/run_0 launch_id=selena_instance_normalization_20260927T131553Z_36892 slurm_job_id=3584829 launched_at=2026-09-27T14:13:35.524812+00:00
    Total instances: 160, Series during experiment: 32, Windows: 5
    Collecting ground truth and context...
    Organizing data into arrays...
    Saved predictions (quantiles) to /fslarge/scratch/users/h61084/codes/evaluating_tsfms/outputs/instance_normalization/tasks/ts_icl/normalization/none/univariate/Commodity_Production/M/short/run_0/predictions.npz
    Computing per-window metrics...
    Saved metrics to /fslarge/scratch/users/h61084/codes/evaluating_tsfms/outputs/instance_normalization/tasks/ts_icl/normalization/none/univariate/Commodity_Production/M/short/run_0/metrics.npz
    Saved config to /fslarge/scratch/users/h61084/codes/evaluating_tsfms/outputs/instance_normalization/tasks/ts_icl/normalization/none/univariate/Commodity_Production/M/short/run_0/config.json
    Saved aggregate metrics to /fslarge/scratch/users/h61084/codes/evaluating_tsfms/outputs/instance_normalization/tasks/ts_icl/normalization/none/univariate/Commodity_Production/M/short/run_0/metrics_summary.json
    Metrics summary (averaged over all series/windows/variates):
      MSE: 54963.7442
      MAE: 66.8284
      RMSE: 79.1090
      MAPE: 0.2175
      sMAPE: 0.1640
      MASE: 0.9422
      ND: 0.1612
      CRPS: 0.1250
  Reused raw inference: /fslarge/scratch/users/h61084/codes/evaluating_tsfms/outputs/foundation_models/inference/ts_icl/univariate/Commodity_Production/M/short/run_0

============================================================
All experiments completed!
Results saved to: /scratch/users/h61084/codes/evaluating_tsfms/outputs/instance_normalization/tasks
============================================================

############################################################
# All 1 dataset(s) completed!
############################################################

############################################################
# Dataset 1/1: Commodity_Import/M
############################################################
[2026-09-27 14:13:38 UTC] resources selected_device {"device": "cuda", "model": "ts_icl", "stage": "forecast"}
Loading configuration...

============================================================
Dataset: Commodity_Import/M
Terms: ['short']
Covariate mode: none
Instance normalization: none
============================================================

--- Term: short ---
  Config: prediction_length=12, test_length=60, val_length=12
TIME run allocation action=skip run=/fslarge/scratch/users/h61084/codes/evaluating_tsfms/outputs/foundation_models/inference/ts_icl/univariate/Commodity_Import/M/short/run_0 source_launch=selena_20260926T154139Z_65000 launch_id=selena_instance_normalization_20260927T131553Z_36892 slurm_job_id=3584829 launched_at=2026-09-27T14:13:38.933165+00:00
TIME run allocation action=new run=/fslarge/scratch/users/h61084/codes/evaluating_tsfms/outputs/instance_normalization/tasks/ts_icl/normalization/none/univariate/Commodity_Import/M/short/run_0 launch_id=selena_instance_normalization_20260927T131553Z_36892 slurm_job_id=3584829 launched_at=2026-09-27T14:13:38.940929+00:00
    Total instances: 40, Series during experiment: 8, Windows: 5
    Collecting ground truth and context...
    Organizing data into arrays...
    Saved predictions (quantiles) to /fslarge/scratch/users/h61084/codes/evaluating_tsfms/outputs/instance_normalization/tasks/ts_icl/normalization/none/univariate/Commodity_Import/M/short/run_0/predictions.npz
    Computing per-window metrics...
    Saved metrics to /fslarge/scratch/users/h61084/codes/evaluating_tsfms/outputs/instance_normalization/tasks/ts_icl/normalization/none/univariate/Commodity_Import/M/short/run_0/metrics.npz
    Saved config to /fslarge/scratch/users/h61084/codes/evaluating_tsfms/outputs/instance_normalization/tasks/ts_icl/normalization/none/univariate/Commodity_Import/M/short/run_0/config.json
    Saved aggregate metrics to /fslarge/scratch/users/h61084/codes/evaluating_tsfms/outputs/instance_normalization/tasks/ts_icl/normalization/none/univariate/Commodity_Import/M/short/run_0/metrics_summary.json
    Metrics summary (averaged over all series/windows/variates):
      MSE: 1722639.4124
      MAE: 519.2990
      RMSE: 622.3143
      MAPE: 0.3668
      sMAPE: 0.2335
      MASE: 1.4264
      ND: 0.2788
      CRPS: 0.2218
  Reused raw inference: /fslarge/scratch/users/h61084/codes/evaluating_tsfms/outputs/foundation_models/inference/ts_icl/univariate/Commodity_Import/M/short/run_0

============================================================
All experiments completed!
Results saved to: /scratch/users/h61084/codes/evaluating_tsfms/outputs/instance_normalization/tasks
============================================================

############################################################
# All 1 dataset(s) completed!
############################################################

############################################################
# Dataset 1/1: WUI_Global/Q
############################################################
[2026-09-27 14:13:42 UTC] resources selected_device {"device": "cuda", "model": "ts_icl", "stage": "forecast"}
Loading configuration...

============================================================
Dataset: WUI_Global/Q
Terms: ['short']
Covariate mode: none
Instance normalization: none
============================================================

--- Term: short ---
  Config: prediction_length=4, test_length=20, val_length=20
TIME run allocation action=skip run=/fslarge/scratch/users/h61084/codes/evaluating_tsfms/outputs/foundation_models/inference/ts_icl/univariate/WUI_Global/Q/short/run_0 source_launch=selena_20260926T154139Z_65000 launch_id=selena_instance_normalization_20260927T131553Z_36892 slurm_job_id=3584829 launched_at=2026-09-27T14:13:42.318081+00:00
TIME run allocation action=new run=/fslarge/scratch/users/h61084/codes/evaluating_tsfms/outputs/instance_normalization/tasks/ts_icl/normalization/none/univariate/WUI_Global/Q/short/run_0 launch_id=selena_instance_normalization_20260927T131553Z_36892 slurm_job_id=3584829 launched_at=2026-09-27T14:13:42.325730+00:00
    Total instances: 75, Series during experiment: 15, Windows: 5
    Collecting ground truth and context...
    Detected to_univariate case: 15 flat series -> 1 series x 15 variates
    Organizing data into arrays...
    Saved predictions (quantiles) to /fslarge/scratch/users/h61084/codes/evaluating_tsfms/outputs/instance_normalization/tasks/ts_icl/normalization/none/univariate/WUI_Global/Q/short/run_0/predictions.npz
    Computing per-window metrics...
    Saved metrics to /fslarge/scratch/users/h61084/codes/evaluating_tsfms/outputs/instance_normalization/tasks/ts_icl/normalization/none/univariate/WUI_Global/Q/short/run_0/metrics.npz
    Saved config to /fslarge/scratch/users/h61084/codes/evaluating_tsfms/outputs/instance_normalization/tasks/ts_icl/normalization/none/univariate/WUI_Global/Q/short/run_0/config.json
    Saved aggregate metrics to /fslarge/scratch/users/h61084/codes/evaluating_tsfms/outputs/instance_normalization/tasks/ts_icl/normalization/none/univariate/WUI_Global/Q/short/run_0/metrics_summary.json
    Metrics summary (averaged over all series/windows/variates):
      MSE: 0.0463
      MAE: 0.1452
      RMSE: 0.1717
      MAPE: 0.5729
      sMAPE: 0.6208
      MASE: 0.9639
      ND: 0.6662
      CRPS: 0.5246
  Reused raw inference: /fslarge/scratch/users/h61084/codes/evaluating_tsfms/outputs/foundation_models/inference/ts_icl/univariate/WUI_Global/Q/short/run_0

============================================================
All experiments completed!
Results saved to: /scratch/users/h61084/codes/evaluating_tsfms/outputs/instance_normalization/tasks
============================================================

############################################################
# All 1 dataset(s) completed!
############################################################

############################################################
# Dataset 1/1: Global_Price/Q
############################################################
[2026-09-27 14:13:45 UTC] resources selected_device {"device": "cuda", "model": "ts_icl", "stage": "forecast"}
Loading configuration...

============================================================
Dataset: Global_Price/Q
Terms: ['short']
Covariate mode: none
Instance normalization: none
============================================================

--- Term: short ---
  Config: prediction_length=4, test_length=20, val_length=8
TIME run allocation action=skip run=/fslarge/scratch/users/h61084/codes/evaluating_tsfms/outputs/foundation_models/inference/ts_icl/univariate/Global_Price/Q/short/run_0 source_launch=selena_20260926T154139Z_65000 launch_id=selena_instance_normalization_20260927T131553Z_36892 slurm_job_id=3584829 launched_at=2026-09-27T14:13:45.709656+00:00
TIME run allocation action=new run=/fslarge/scratch/users/h61084/codes/evaluating_tsfms/outputs/instance_normalization/tasks/ts_icl/normalization/none/univariate/Global_Price/Q/short/run_0 launch_id=selena_instance_normalization_20260927T131553Z_36892 slurm_job_id=3584829 launched_at=2026-09-27T14:13:45.717794+00:00
    Total instances: 300, Series during experiment: 60, Windows: 5
    Collecting ground truth and context...
    Detected to_univariate case: 60 flat series -> 1 series x 60 variates
    Organizing data into arrays...
    Saved predictions (quantiles) to /fslarge/scratch/users/h61084/codes/evaluating_tsfms/outputs/instance_normalization/tasks/ts_icl/normalization/none/univariate/Global_Price/Q/short/run_0/predictions.npz
    Computing per-window metrics...
    Saved metrics to /fslarge/scratch/users/h61084/codes/evaluating_tsfms/outputs/instance_normalization/tasks/ts_icl/normalization/none/univariate/Global_Price/Q/short/run_0/metrics.npz
    Saved config to /fslarge/scratch/users/h61084/codes/evaluating_tsfms/outputs/instance_normalization/tasks/ts_icl/normalization/none/univariate/Global_Price/Q/short/run_0/config.json
    Saved aggregate metrics to /fslarge/scratch/users/h61084/codes/evaluating_tsfms/outputs/instance_normalization/tasks/ts_icl/normalization/none/univariate/Global_Price/Q/short/run_0/metrics_summary.json
    Metrics summary (averaged over all series/windows/variates):
      MSE: 1409198.0047
      MAE: 275.8798
      RMSE: 320.1379
      MAPE: 0.1790
      sMAPE: 0.1899
      MASE: 1.5345
      ND: 0.1801
      CRPS: 0.1458
  Reused raw inference: /fslarge/scratch/users/h61084/codes/evaluating_tsfms/outputs/foundation_models/inference/ts_icl/univariate/Global_Price/Q/short/run_0

============================================================
All experiments completed!
Results saved to: /scratch/users/h61084/codes/evaluating_tsfms/outputs/instance_normalization/tasks
============================================================

############################################################
# All 1 dataset(s) completed!
############################################################

############################################################
# Dataset 1/1: Vehicle_Sales/M
############################################################
[2026-09-27 14:13:49 UTC] resources selected_device {"device": "cuda", "model": "ts_icl", "stage": "forecast"}
Loading configuration...

============================================================
Dataset: Vehicle_Sales/M
Terms: ['short']
Covariate mode: none
Instance normalization: none
============================================================

--- Term: short ---
  Config: prediction_length=12, test_length=60, val_length=12
TIME run allocation action=skip run=/fslarge/scratch/users/h61084/codes/evaluating_tsfms/outputs/foundation_models/inference/ts_icl/univariate/Vehicle_Sales/M/short/run_0 source_launch=selena_20260926T154139Z_65000 launch_id=selena_instance_normalization_20260927T131553Z_36892 slurm_job_id=3584829 launched_at=2026-09-27T14:13:49.146917+00:00
TIME run allocation action=new run=/fslarge/scratch/users/h61084/codes/evaluating_tsfms/outputs/instance_normalization/tasks/ts_icl/normalization/none/univariate/Vehicle_Sales/M/short/run_0 launch_id=selena_instance_normalization_20260927T131553Z_36892 slurm_job_id=3584829 launched_at=2026-09-27T14:13:49.154589+00:00
    Total instances: 50, Series during experiment: 10, Windows: 5
    Collecting ground truth and context...
    Detected to_univariate case: 10 flat series -> 1 series x 10 variates
    Organizing data into arrays...
    Saved predictions (quantiles) to /fslarge/scratch/users/h61084/codes/evaluating_tsfms/outputs/instance_normalization/tasks/ts_icl/normalization/none/univariate/Vehicle_Sales/M/short/run_0/predictions.npz
    Computing per-window metrics...
    Saved metrics to /fslarge/scratch/users/h61084/codes/evaluating_tsfms/outputs/instance_normalization/tasks/ts_icl/normalization/none/univariate/Vehicle_Sales/M/short/run_0/metrics.npz
    Saved config to /fslarge/scratch/users/h61084/codes/evaluating_tsfms/outputs/instance_normalization/tasks/ts_icl/normalization/none/univariate/Vehicle_Sales/M/short/run_0/config.json
    Saved aggregate metrics to /fslarge/scratch/users/h61084/codes/evaluating_tsfms/outputs/instance_normalization/tasks/ts_icl/normalization/none/univariate/Vehicle_Sales/M/short/run_0/metrics_summary.json
    Metrics summary (averaged over all series/windows/variates):
      MSE: 1517.8761
      MAE: 10.5004
      RMSE: 12.4093
      MAPE: 0.0871
      sMAPE: 0.0851
      MASE: 0.7955
      ND: 0.0869
      CRPS: 0.0678
  Reused raw inference: /fslarge/scratch/users/h61084/codes/evaluating_tsfms/outputs/foundation_models/inference/ts_icl/univariate/Vehicle_Sales/M/short/run_0

============================================================
All experiments completed!
Results saved to: /scratch/users/h61084/codes/evaluating_tsfms/outputs/instance_normalization/tasks
============================================================

############################################################
# All 1 dataset(s) completed!
############################################################

############################################################
# Dataset 1/1: Online_Retail_2_UCI/D
############################################################
[2026-09-27 14:13:52 UTC] resources selected_device {"device": "cuda", "model": "ts_icl", "stage": "forecast"}
Loading configuration...

============================================================
Dataset: Online_Retail_2_UCI/D
Terms: ['short']
Covariate mode: none
Instance normalization: none
============================================================

--- Term: short ---
  Config: prediction_length=30, test_length=180, val_length=90
TIME run allocation action=skip run=/fslarge/scratch/users/h61084/codes/evaluating_tsfms/outputs/foundation_models/inference/ts_icl/univariate/Online_Retail_2_UCI/D/short/run_0 source_launch=selena_20260926T154139Z_65000 launch_id=selena_instance_normalization_20260927T131553Z_36892 slurm_job_id=3584829 launched_at=2026-09-27T14:13:52.545409+00:00
TIME run allocation action=new run=/fslarge/scratch/users/h61084/codes/evaluating_tsfms/outputs/instance_normalization/tasks/ts_icl/normalization/none/univariate/Online_Retail_2_UCI/D/short/run_0 launch_id=selena_instance_normalization_20260927T131553Z_36892 slurm_job_id=3584829 launched_at=2026-09-27T14:13:52.553119+00:00
    Total instances: 6, Series during experiment: 1, Windows: 6
    Collecting ground truth and context...
    Organizing data into arrays...
    ⚠️  Predictions max value (105359.71) exceeds float16 safe range.
    ⚠️  Applying scale factor: 10 (values will be divided)
    Saved predictions (quantiles) to /fslarge/scratch/users/h61084/codes/evaluating_tsfms/outputs/instance_normalization/tasks/ts_icl/normalization/none/univariate/Online_Retail_2_UCI/D/short/run_0/predictions.npz
    Computing per-window metrics...
    Saved metrics to /fslarge/scratch/users/h61084/codes/evaluating_tsfms/outputs/instance_normalization/tasks/ts_icl/normalization/none/univariate/Online_Retail_2_UCI/D/short/run_0/metrics.npz
    Saved config to /fslarge/scratch/users/h61084/codes/evaluating_tsfms/outputs/instance_normalization/tasks/ts_icl/normalization/none/univariate/Online_Retail_2_UCI/D/short/run_0/config.json
    Saved aggregate metrics to /fslarge/scratch/users/h61084/codes/evaluating_tsfms/outputs/instance_normalization/tasks/ts_icl/normalization/none/univariate/Online_Retail_2_UCI/D/short/run_0/metrics_summary.json
    Metrics summary (averaged over all series/windows/variates):
      MSE: 359078391.6318
      MAE: 10657.6066
      RMSE: 16811.2753
      MAPE: 0.3064
      sMAPE: 0.5687
      MASE: 0.6441
      ND: 0.3062
      CRPS: 0.2471
  Reused raw inference: /fslarge/scratch/users/h61084/codes/evaluating_tsfms/outputs/foundation_models/inference/ts_icl/univariate/Online_Retail_2_UCI/D/short/run_0

============================================================
All experiments completed!
Results saved to: /scratch/users/h61084/codes/evaluating_tsfms/outputs/instance_normalization/tasks
============================================================

############################################################
# All 1 dataset(s) completed!
############################################################

############################################################
# Dataset 1/1: Supply_Chain_Customer/D
############################################################
[2026-09-27 14:13:55 UTC] resources selected_device {"device": "cuda", "model": "ts_icl", "stage": "forecast"}
Loading configuration...

============================================================
Dataset: Supply_Chain_Customer/D
Terms: ['short']
Covariate mode: none
Instance normalization: none
============================================================

--- Term: short ---
  Config: prediction_length=30, test_length=365, val_length=90
TIME run allocation action=skip run=/fslarge/scratch/users/h61084/codes/evaluating_tsfms/outputs/foundation_models/inference/ts_icl/univariate/Supply_Chain_Customer/D/short/run_0 source_launch=selena_20260926T154139Z_65000 launch_id=selena_instance_normalization_20260927T131553Z_36892 slurm_job_id=3584829 launched_at=2026-09-27T14:13:55.920906+00:00
TIME run allocation action=new run=/fslarge/scratch/users/h61084/codes/evaluating_tsfms/outputs/instance_normalization/tasks/ts_icl/normalization/none/univariate/Supply_Chain_Customer/D/short/run_0 launch_id=selena_instance_normalization_20260927T131553Z_36892 slurm_job_id=3584829 launched_at=2026-09-27T14:13:55.931555+00:00
    Total instances: 432, Series during experiment: 36, Windows: 12
    Collecting ground truth and context...
    Detected to_univariate case: 36 flat series -> 1 series x 36 variates
    Organizing data into arrays...
    ⚠️  Predictions max value (243479.61) exceeds float16 safe range.
    ⚠️  Applying scale factor: 10 (values will be divided)
    Saved predictions (quantiles) to /fslarge/scratch/users/h61084/codes/evaluating_tsfms/outputs/instance_normalization/tasks/ts_icl/normalization/none/univariate/Supply_Chain_Customer/D/short/run_0/predictions.npz
    Computing per-window metrics...
    Saved metrics to /fslarge/scratch/users/h61084/codes/evaluating_tsfms/outputs/instance_normalization/tasks/ts_icl/normalization/none/univariate/Supply_Chain_Customer/D/short/run_0/metrics.npz
    Saved config to /fslarge/scratch/users/h61084/codes/evaluating_tsfms/outputs/instance_normalization/tasks/ts_icl/normalization/none/univariate/Supply_Chain_Customer/D/short/run_0/config.json
    Saved aggregate metrics to /fslarge/scratch/users/h61084/codes/evaluating_tsfms/outputs/instance_normalization/tasks/ts_icl/normalization/none/univariate/Supply_Chain_Customer/D/short/run_0/metrics_summary.json
    Metrics summary (averaged over all series/windows/variates):
      MSE: 34709178.6582
      MAE: 1688.5848
      RMSE: 2404.3762
      MAPE: 0.4201
      sMAPE: 0.4144
      MASE: 0.6100
      ND: 0.3638
      CRPS: 0.2818
  Reused raw inference: /fslarge/scratch/users/h61084/codes/evaluating_tsfms/outputs/foundation_models/inference/ts_icl/univariate/Supply_Chain_Customer/D/short/run_0

============================================================
All experiments completed!
Results saved to: /scratch/users/h61084/codes/evaluating_tsfms/outputs/instance_normalization/tasks
============================================================

############################################################
# All 1 dataset(s) completed!
############################################################

############################################################
# Dataset 1/1: Supply_Chain_Location/D
############################################################
[2026-09-27 14:13:59 UTC] resources selected_device {"device": "cuda", "model": "ts_icl", "stage": "forecast"}
Loading configuration...

============================================================
Dataset: Supply_Chain_Location/D
Terms: ['short']
Covariate mode: none
Instance normalization: none
============================================================

--- Term: short ---
  Config: prediction_length=30, test_length=365, val_length=90
TIME run allocation action=skip run=/fslarge/scratch/users/h61084/codes/evaluating_tsfms/outputs/foundation_models/inference/ts_icl/univariate/Supply_Chain_Location/D/short/run_0 source_launch=selena_20260926T154139Z_65000 launch_id=selena_instance_normalization_20260927T131553Z_36892 slurm_job_id=3584829 launched_at=2026-09-27T14:13:59.430320+00:00
TIME run allocation action=new run=/fslarge/scratch/users/h61084/codes/evaluating_tsfms/outputs/instance_normalization/tasks/ts_icl/normalization/none/univariate/Supply_Chain_Location/D/short/run_0 launch_id=selena_instance_normalization_20260927T131553Z_36892 slurm_job_id=3584829 launched_at=2026-09-27T14:13:59.442685+00:00
    Total instances: 612, Series during experiment: 51, Windows: 12
    Collecting ground truth and context...
    Detected to_univariate case: 51 flat series -> 1 series x 51 variates
    Organizing data into arrays...
    ⚠️  Predictions max value (104365.87) exceeds float16 safe range.
    ⚠️  Applying scale factor: 10 (values will be divided)
    Saved predictions (quantiles) to /fslarge/scratch/users/h61084/codes/evaluating_tsfms/outputs/instance_normalization/tasks/ts_icl/normalization/none/univariate/Supply_Chain_Location/D/short/run_0/predictions.npz
    Computing per-window metrics...
    Saved metrics to /fslarge/scratch/users/h61084/codes/evaluating_tsfms/outputs/instance_normalization/tasks/ts_icl/normalization/none/univariate/Supply_Chain_Location/D/short/run_0/metrics.npz
    Saved config to /fslarge/scratch/users/h61084/codes/evaluating_tsfms/outputs/instance_normalization/tasks/ts_icl/normalization/none/univariate/Supply_Chain_Location/D/short/run_0/config.json
    Saved aggregate metrics to /fslarge/scratch/users/h61084/codes/evaluating_tsfms/outputs/instance_normalization/tasks/ts_icl/normalization/none/univariate/Supply_Chain_Location/D/short/run_0/metrics_summary.json
    Metrics summary (averaged over all series/windows/variates):
      MSE: 23491889.9600
      MAE: 1830.0067
      RMSE: 2506.7225
      MAPE: 0.4833
      sMAPE: 0.4194
      MASE: 0.6594
      ND: 0.3850
      CRPS: 0.2952
  Reused raw inference: /fslarge/scratch/users/h61084/codes/evaluating_tsfms/outputs/foundation_models/inference/ts_icl/univariate/Supply_Chain_Location/D/short/run_0

============================================================
All experiments completed!
Results saved to: /scratch/users/h61084/codes/evaluating_tsfms/outputs/instance_normalization/tasks
============================================================

############################################################
# All 1 dataset(s) completed!
############################################################

############################################################
# Dataset 1/1: azure2019_D/5T
############################################################
[2026-09-27 14:14:02 UTC] resources selected_device {"device": "cuda", "model": "ts_icl", "stage": "forecast"}
Loading configuration...

============================================================
Dataset: azure2019_D/5T
Terms: ['short']
Covariate mode: none
Instance normalization: none
============================================================

--- Term: short ---
  Config: prediction_length=288, test_length=864, val_length=864
TIME run allocation action=skip run=/fslarge/scratch/users/h61084/codes/evaluating_tsfms/outputs/foundation_models/inference/ts_icl/univariate/azure2019_D/5T/short/run_0 source_launch=selena_20260926T154139Z_65000 launch_id=selena_instance_normalization_20260927T131553Z_36892 slurm_job_id=3584829 launched_at=2026-09-27T14:14:03.006710+00:00
TIME run allocation action=new run=/fslarge/scratch/users/h61084/codes/evaluating_tsfms/outputs/instance_normalization/tasks/ts_icl/normalization/none/univariate/azure2019_D/5T/short/run_0 launch_id=selena_instance_normalization_20260927T131553Z_36892 slurm_job_id=3584829 launched_at=2026-09-27T14:14:03.500186+00:00
    Total instances: 8901, Series during experiment: 2967, Windows: 3
    Collecting ground truth and context...
    Detected to_univariate case: 2967 flat series -> 989 series x 3 variates
    Organizing data into arrays...
    Saved predictions (quantiles) to /fslarge/scratch/users/h61084/codes/evaluating_tsfms/outputs/instance_normalization/tasks/ts_icl/normalization/none/univariate/azure2019_D/5T/short/run_0/predictions.npz
    Computing per-window metrics...
    Saved metrics to /fslarge/scratch/users/h61084/codes/evaluating_tsfms/outputs/instance_normalization/tasks/ts_icl/normalization/none/univariate/azure2019_D/5T/short/run_0/metrics.npz
    Saved config to /fslarge/scratch/users/h61084/codes/evaluating_tsfms/outputs/instance_normalization/tasks/ts_icl/normalization/none/univariate/azure2019_D/5T/short/run_0/config.json
    Saved aggregate metrics to /fslarge/scratch/users/h61084/codes/evaluating_tsfms/outputs/instance_normalization/tasks/ts_icl/normalization/none/univariate/azure2019_D/5T/short/run_0/metrics_summary.json
    Metrics summary (averaged over all series/windows/variates):
      MSE: 58.2144
      MAE: 2.6800
      RMSE: 3.8103
      MAPE: 0.2140
      sMAPE: 0.1765
      MASE: 0.7505
      ND: 0.1827
      CRPS: 0.1483
  Reused raw inference: /fslarge/scratch/users/h61084/codes/evaluating_tsfms/outputs/foundation_models/inference/ts_icl/univariate/azure2019_D/5T/short/run_0

============================================================
All experiments completed!
Results saved to: /scratch/users/h61084/codes/evaluating_tsfms/outputs/instance_normalization/tasks
============================================================

############################################################
# All 1 dataset(s) completed!
############################################################

############################################################
# Dataset 1/1: azure2019_I/5T
############################################################
[2026-09-27 14:14:12 UTC] resources selected_device {"device": "cuda", "model": "ts_icl", "stage": "forecast"}
Loading configuration...

============================================================
Dataset: azure2019_I/5T
Terms: ['short']
Covariate mode: none
Instance normalization: none
============================================================

--- Term: short ---
  Config: prediction_length=288, test_length=864, val_length=864
TIME run allocation action=skip run=/fslarge/scratch/users/h61084/codes/evaluating_tsfms/outputs/foundation_models/inference/ts_icl/univariate/azure2019_I/5T/short/run_0 source_launch=selena_20260926T154139Z_65000 launch_id=selena_instance_normalization_20260927T131553Z_36892 slurm_job_id=3584829 launched_at=2026-09-27T14:14:12.314061+00:00
TIME run allocation action=new run=/fslarge/scratch/users/h61084/codes/evaluating_tsfms/outputs/instance_normalization/tasks/ts_icl/normalization/none/univariate/azure2019_I/5T/short/run_0 launch_id=selena_instance_normalization_20260927T131553Z_36892 slurm_job_id=3584829 launched_at=2026-09-27T14:14:12.583170+00:00
    Total instances: 4428, Series during experiment: 1476, Windows: 3
    Collecting ground truth and context...
    Detected to_univariate case: 1476 flat series -> 492 series x 3 variates
    Organizing data into arrays...
    Saved predictions (quantiles) to /fslarge/scratch/users/h61084/codes/evaluating_tsfms/outputs/instance_normalization/tasks/ts_icl/normalization/none/univariate/azure2019_I/5T/short/run_0/predictions.npz
    Computing per-window metrics...
    Saved metrics to /fslarge/scratch/users/h61084/codes/evaluating_tsfms/outputs/instance_normalization/tasks/ts_icl/normalization/none/univariate/azure2019_I/5T/short/run_0/metrics.npz
    Saved config to /fslarge/scratch/users/h61084/codes/evaluating_tsfms/outputs/instance_normalization/tasks/ts_icl/normalization/none/univariate/azure2019_I/5T/short/run_0/config.json
    Saved aggregate metrics to /fslarge/scratch/users/h61084/codes/evaluating_tsfms/outputs/instance_normalization/tasks/ts_icl/normalization/none/univariate/azure2019_I/5T/short/run_0/metrics_summary.json
    Metrics summary (averaged over all series/windows/variates):
      MSE: 47.5400
      MAE: 2.2888
      RMSE: 3.3753
      MAPE: 0.2066
      sMAPE: 0.1566
      MASE: 0.7207
      ND: 0.1639
      CRPS: 0.1313
  Reused raw inference: /fslarge/scratch/users/h61084/codes/evaluating_tsfms/outputs/foundation_models/inference/ts_icl/univariate/azure2019_I/5T/short/run_0

============================================================
All experiments completed!
Results saved to: /scratch/users/h61084/codes/evaluating_tsfms/outputs/instance_normalization/tasks
============================================================

############################################################
# All 1 dataset(s) completed!
############################################################

############################################################
# Dataset 1/1: azure2019_U/5T
############################################################
[2026-09-27 14:14:18 UTC] resources selected_device {"device": "cuda", "model": "ts_icl", "stage": "forecast"}
Loading configuration...

============================================================
Dataset: azure2019_U/5T
Terms: ['short']
Covariate mode: none
Instance normalization: none
============================================================

--- Term: short ---
  Config: prediction_length=48, test_length=288, val_length=96
TIME run allocation action=skip run=/fslarge/scratch/users/h61084/codes/evaluating_tsfms/outputs/foundation_models/inference/ts_icl/univariate/azure2019_U/5T/short/run_0 source_launch=selena_20260926T154139Z_65000 launch_id=selena_instance_normalization_20260927T131553Z_36892 slurm_job_id=3584829 launched_at=2026-09-27T14:14:18.615939+00:00
TIME run allocation action=new run=/fslarge/scratch/users/h61084/codes/evaluating_tsfms/outputs/instance_normalization/tasks/ts_icl/normalization/none/univariate/azure2019_U/5T/short/run_0 launch_id=selena_instance_normalization_20260927T131553Z_36892 slurm_job_id=3584829 launched_at=2026-09-27T14:14:18.637045+00:00
    Total instances: 1404, Series during experiment: 234, Windows: 6
    Collecting ground truth and context...
    Detected to_univariate case: 234 flat series -> 78 series x 3 variates
    Organizing data into arrays...
    Saved predictions (quantiles) to /fslarge/scratch/users/h61084/codes/evaluating_tsfms/outputs/instance_normalization/tasks/ts_icl/normalization/none/univariate/azure2019_U/5T/short/run_0/predictions.npz
    Computing per-window metrics...
    Saved metrics to /fslarge/scratch/users/h61084/codes/evaluating_tsfms/outputs/instance_normalization/tasks/ts_icl/normalization/none/univariate/azure2019_U/5T/short/run_0/metrics.npz
    Saved config to /fslarge/scratch/users/h61084/codes/evaluating_tsfms/outputs/instance_normalization/tasks/ts_icl/normalization/none/univariate/azure2019_U/5T/short/run_0/config.json
    Saved aggregate metrics to /fslarge/scratch/users/h61084/codes/evaluating_tsfms/outputs/instance_normalization/tasks/ts_icl/normalization/none/univariate/azure2019_U/5T/short/run_0/metrics_summary.json
    Metrics summary (averaged over all series/windows/variates):
      MSE: 60.0609
      MAE: 2.3185
      RMSE: 3.2622
      MAPE: 0.3670
      sMAPE: 0.1761
      MASE: 0.6952
      ND: 0.1949
      CRPS: 0.1591
  Reused raw inference: /fslarge/scratch/users/h61084/codes/evaluating_tsfms/outputs/foundation_models/inference/ts_icl/univariate/azure2019_U/5T/short/run_0

============================================================
All experiments completed!
Results saved to: /scratch/users/h61084/codes/evaluating_tsfms/outputs/instance_normalization/tasks
============================================================

############################################################
# All 1 dataset(s) completed!
############################################################

############################################################
# Dataset 1/1: Smart_Manufacturing/H
############################################################
[2026-09-27 14:14:22 UTC] resources selected_device {"device": "cuda", "model": "ts_icl", "stage": "forecast"}
Loading configuration...

============================================================
Dataset: Smart_Manufacturing/H
Terms: ['short', 'medium', 'long']
Covariate mode: none
Instance normalization: none
============================================================

--- Term: short ---
  Config: prediction_length=24, test_length=336, val_length=336
TIME run allocation action=skip run=/fslarge/scratch/users/h61084/codes/evaluating_tsfms/outputs/foundation_models/inference/ts_icl/univariate/Smart_Manufacturing/H/short/run_0 source_launch=selena_20260926T154139Z_65000 launch_id=selena_instance_normalization_20260927T131553Z_36892 slurm_job_id=3584829 launched_at=2026-09-27T14:14:22.392540+00:00
TIME run allocation action=new run=/fslarge/scratch/users/h61084/codes/evaluating_tsfms/outputs/instance_normalization/tasks/ts_icl/normalization/none/univariate/Smart_Manufacturing/H/short/run_0 launch_id=selena_instance_normalization_20260927T131553Z_36892 slurm_job_id=3584829 launched_at=2026-09-27T14:14:22.411876+00:00
    Total instances: 2380, Series during experiment: 170, Windows: 14
    Collecting ground truth and context...
    Detected to_univariate case: 170 flat series -> 34 series x 5 variates
    Organizing data into arrays...
    Saved predictions (quantiles) to /fslarge/scratch/users/h61084/codes/evaluating_tsfms/outputs/instance_normalization/tasks/ts_icl/normalization/none/univariate/Smart_Manufacturing/H/short/run_0/predictions.npz
    Computing per-window metrics...
    Saved metrics to /fslarge/scratch/users/h61084/codes/evaluating_tsfms/outputs/instance_normalization/tasks/ts_icl/normalization/none/univariate/Smart_Manufacturing/H/short/run_0/metrics.npz
    Saved config to /fslarge/scratch/users/h61084/codes/evaluating_tsfms/outputs/instance_normalization/tasks/ts_icl/normalization/none/univariate/Smart_Manufacturing/H/short/run_0/config.json
    Saved aggregate metrics to /fslarge/scratch/users/h61084/codes/evaluating_tsfms/outputs/instance_normalization/tasks/ts_icl/normalization/none/univariate/Smart_Manufacturing/H/short/run_0/metrics_summary.json
    Metrics summary (averaged over all series/windows/variates):
      MSE: 78.4577
      MAE: 5.7205
      RMSE: 7.0686
      MAPE: 0.3356
      sMAPE: 0.2254
      MASE: 0.7123
      ND: 0.2168
      CRPS: 0.1668
  Reused raw inference: /fslarge/scratch/users/h61084/codes/evaluating_tsfms/outputs/foundation_models/inference/ts_icl/univariate/Smart_Manufacturing/H/short/run_0

--- Term: medium ---
  Config: prediction_length=168, test_length=336, val_length=336
TIME run allocation action=skip run=/fslarge/scratch/users/h61084/codes/evaluating_tsfms/outputs/foundation_models/inference/ts_icl/univariate/Smart_Manufacturing/H/medium/run_0 source_launch=selena_20260926T154139Z_65000 launch_id=selena_instance_normalization_20260927T131553Z_36892 slurm_job_id=3584829 launched_at=2026-09-27T14:14:23.060319+00:00
TIME run allocation action=new run=/fslarge/scratch/users/h61084/codes/evaluating_tsfms/outputs/instance_normalization/tasks/ts_icl/normalization/none/univariate/Smart_Manufacturing/H/medium/run_0 launch_id=selena_instance_normalization_20260927T131553Z_36892 slurm_job_id=3584829 launched_at=2026-09-27T14:14:23.076669+00:00
    Total instances: 340, Series during experiment: 170, Windows: 2
    Collecting ground truth and context...
    Detected to_univariate case: 170 flat series -> 34 series x 5 variates
    Organizing data into arrays...
    Saved predictions (quantiles) to /fslarge/scratch/users/h61084/codes/evaluating_tsfms/outputs/instance_normalization/tasks/ts_icl/normalization/none/univariate/Smart_Manufacturing/H/medium/run_0/predictions.npz
    Computing per-window metrics...
    Saved metrics to /fslarge/scratch/users/h61084/codes/evaluating_tsfms/outputs/instance_normalization/tasks/ts_icl/normalization/none/univariate/Smart_Manufacturing/H/medium/run_0/metrics.npz
    Saved config to /fslarge/scratch/users/h61084/codes/evaluating_tsfms/outputs/instance_normalization/tasks/ts_icl/normalization/none/univariate/Smart_Manufacturing/H/medium/run_0/config.json
    Saved aggregate metrics to /fslarge/scratch/users/h61084/codes/evaluating_tsfms/outputs/instance_normalization/tasks/ts_icl/normalization/none/univariate/Smart_Manufacturing/H/medium/run_0/metrics_summary.json
    Metrics summary (averaged over all series/windows/variates):
      MSE: 78.5396
      MAE: 5.7243
      RMSE: 7.1555
      MAPE: 0.3423
      sMAPE: 0.2254
      MASE: 0.7122
      ND: 0.2156
      CRPS: 0.1658
  Reused raw inference: /fslarge/scratch/users/h61084/codes/evaluating_tsfms/outputs/foundation_models/inference/ts_icl/univariate/Smart_Manufacturing/H/medium/run_0

--- Term: long ---
  Config: prediction_length=336, test_length=336, val_length=336
TIME run allocation action=skip run=/fslarge/scratch/users/h61084/codes/evaluating_tsfms/outputs/foundation_models/inference/ts_icl/univariate/Smart_Manufacturing/H/long/run_0 source_launch=selena_20260926T154139Z_65000 launch_id=selena_instance_normalization_20260927T131553Z_36892 slurm_job_id=3584829 launched_at=2026-09-27T14:14:23.234824+00:00
TIME run allocation action=new run=/fslarge/scratch/users/h61084/codes/evaluating_tsfms/outputs/instance_normalization/tasks/ts_icl/normalization/none/univariate/Smart_Manufacturing/H/long/run_0 launch_id=selena_instance_normalization_20260927T131553Z_36892 slurm_job_id=3584829 launched_at=2026-09-27T14:14:23.251087+00:00
    Total instances: 170, Series during experiment: 170, Windows: 1
    Collecting ground truth and context...
    Detected to_univariate case: 170 flat series -> 34 series x 5 variates
    Organizing data into arrays...
    Saved predictions (quantiles) to /fslarge/scratch/users/h61084/codes/evaluating_tsfms/outputs/instance_normalization/tasks/ts_icl/normalization/none/univariate/Smart_Manufacturing/H/long/run_0/predictions.npz
    Computing per-window metrics...
    Saved metrics to /fslarge/scratch/users/h61084/codes/evaluating_tsfms/outputs/instance_normalization/tasks/ts_icl/normalization/none/univariate/Smart_Manufacturing/H/long/run_0/metrics.npz
    Saved config to /fslarge/scratch/users/h61084/codes/evaluating_tsfms/outputs/instance_normalization/tasks/ts_icl/normalization/none/univariate/Smart_Manufacturing/H/long/run_0/config.json
    Saved aggregate metrics to /fslarge/scratch/users/h61084/codes/evaluating_tsfms/outputs/instance_normalization/tasks/ts_icl/normalization/none/univariate/Smart_Manufacturing/H/long/run_0/metrics_summary.json
    Metrics summary (averaged over all series/windows/variates):
      MSE: 78.5131
      MAE: 5.7229
      RMSE: 7.1635
      MAPE: 0.3446
      sMAPE: 0.2254
      MASE: 0.7117
      ND: 0.2155
      CRPS: 0.1657
  Reused raw inference: /fslarge/scratch/users/h61084/codes/evaluating_tsfms/outputs/foundation_models/inference/ts_icl/univariate/Smart_Manufacturing/H/long/run_0

============================================================
All experiments completed!
Results saved to: /scratch/users/h61084/codes/evaluating_tsfms/outputs/instance_normalization/tasks
============================================================

############################################################
# All 1 dataset(s) completed!
############################################################

############################################################
# Dataset 1/1: MetroPT-3/5T
############################################################
[2026-09-27 14:14:26 UTC] resources selected_device {"device": "cuda", "model": "ts_icl", "stage": "forecast"}
Loading configuration...

============================================================
Dataset: MetroPT-3/5T
Terms: ['short', 'medium', 'long']
Covariate mode: none
Instance normalization: none
============================================================

--- Term: short ---
  Config: prediction_length=48, test_length=1728, val_length=1728
TIME run allocation action=skip run=/fslarge/scratch/users/h61084/codes/evaluating_tsfms/outputs/foundation_models/inference/ts_icl/univariate/MetroPT-3/5T/short/run_0 source_launch=selena_20260926T154139Z_65000 launch_id=selena_instance_normalization_20260927T131553Z_36892 slurm_job_id=3584829 launched_at=2026-09-27T14:14:26.718483+00:00
TIME run allocation action=new run=/fslarge/scratch/users/h61084/codes/evaluating_tsfms/outputs/instance_normalization/tasks/ts_icl/normalization/none/univariate/MetroPT-3/5T/short/run_0 launch_id=selena_instance_normalization_20260927T131553Z_36892 slurm_job_id=3584829 launched_at=2026-09-27T14:14:26.728352+00:00
    Total instances: 216, Series during experiment: 6, Windows: 36
    Collecting ground truth and context...
    Detected to_univariate case: 6 flat series -> 1 series x 6 variates
    Organizing data into arrays...
    Saved predictions (quantiles) to /fslarge/scratch/users/h61084/codes/evaluating_tsfms/outputs/instance_normalization/tasks/ts_icl/normalization/none/univariate/MetroPT-3/5T/short/run_0/predictions.npz
    Computing per-window metrics...
    Saved metrics to /fslarge/scratch/users/h61084/codes/evaluating_tsfms/outputs/instance_normalization/tasks/ts_icl/normalization/none/univariate/MetroPT-3/5T/short/run_0/metrics.npz
    Saved config to /fslarge/scratch/users/h61084/codes/evaluating_tsfms/outputs/instance_normalization/tasks/ts_icl/normalization/none/univariate/MetroPT-3/5T/short/run_0/config.json
    Saved aggregate metrics to /fslarge/scratch/users/h61084/codes/evaluating_tsfms/outputs/instance_normalization/tasks/ts_icl/normalization/none/univariate/MetroPT-3/5T/short/run_0/metrics_summary.json
    Metrics summary (averaged over all series/windows/variates):
      MSE: 3.5101
      MAE: 1.1696
      RMSE: 1.5281
      MAPE: 3.5495
      sMAPE: 0.5156
      MASE: 0.6435
      ND: 0.3336
      CRPS: 0.2506
  Reused raw inference: /fslarge/scratch/users/h61084/codes/evaluating_tsfms/outputs/foundation_models/inference/ts_icl/univariate/MetroPT-3/5T/short/run_0

--- Term: medium ---
  Config: prediction_length=288, test_length=1728, val_length=1728
TIME run allocation action=skip run=/fslarge/scratch/users/h61084/codes/evaluating_tsfms/outputs/foundation_models/inference/ts_icl/univariate/MetroPT-3/5T/medium/run_0 source_launch=selena_20260926T154139Z_65000 launch_id=selena_instance_normalization_20260927T131553Z_36892 slurm_job_id=3584829 launched_at=2026-09-27T14:14:26.846702+00:00
TIME run allocation action=new run=/fslarge/scratch/users/h61084/codes/evaluating_tsfms/outputs/instance_normalization/tasks/ts_icl/normalization/none/univariate/MetroPT-3/5T/medium/run_0 launch_id=selena_instance_normalization_20260927T131553Z_36892 slurm_job_id=3584829 launched_at=2026-09-27T14:14:26.855087+00:00
    Total instances: 36, Series during experiment: 6, Windows: 6
    Collecting ground truth and context...
    Detected to_univariate case: 6 flat series -> 1 series x 6 variates
    Organizing data into arrays...
    Saved predictions (quantiles) to /fslarge/scratch/users/h61084/codes/evaluating_tsfms/outputs/instance_normalization/tasks/ts_icl/normalization/none/univariate/MetroPT-3/5T/medium/run_0/predictions.npz
    Computing per-window metrics...
    Saved metrics to /fslarge/scratch/users/h61084/codes/evaluating_tsfms/outputs/instance_normalization/tasks/ts_icl/normalization/none/univariate/MetroPT-3/5T/medium/run_0/metrics.npz
    Saved config to /fslarge/scratch/users/h61084/codes/evaluating_tsfms/outputs/instance_normalization/tasks/ts_icl/normalization/none/univariate/MetroPT-3/5T/medium/run_0/config.json
    Saved aggregate metrics to /fslarge/scratch/users/h61084/codes/evaluating_tsfms/outputs/instance_normalization/tasks/ts_icl/normalization/none/univariate/MetroPT-3/5T/medium/run_0/metrics_summary.json
    Metrics summary (averaged over all series/windows/variates):
      MSE: 3.4076
      MAE: 1.1588
      RMSE: 1.5320
      MAPE: 3.5140
      sMAPE: 0.5156
      MASE: 0.6798
      ND: 0.3343
      CRPS: 0.2506
  Reused raw inference: /fslarge/scratch/users/h61084/codes/evaluating_tsfms/outputs/foundation_models/inference/ts_icl/univariate/MetroPT-3/5T/medium/run_0

--- Term: long ---
  Config: prediction_length=576, test_length=1728, val_length=1728
TIME run allocation action=skip run=/fslarge/scratch/users/h61084/codes/evaluating_tsfms/outputs/foundation_models/inference/ts_icl/univariate/MetroPT-3/5T/long/run_0 source_launch=selena_20260926T154139Z_65000 launch_id=selena_instance_normalization_20260927T131553Z_36892 slurm_job_id=3584829 launched_at=2026-09-27T14:14:26.918482+00:00
TIME run allocation action=new run=/fslarge/scratch/users/h61084/codes/evaluating_tsfms/outputs/instance_normalization/tasks/ts_icl/normalization/none/univariate/MetroPT-3/5T/long/run_0 launch_id=selena_instance_normalization_20260927T131553Z_36892 slurm_job_id=3584829 launched_at=2026-09-27T14:14:26.926931+00:00
    Total instances: 18, Series during experiment: 6, Windows: 3
    Collecting ground truth and context...
    Detected to_univariate case: 6 flat series -> 1 series x 6 variates
    Organizing data into arrays...
    Saved predictions (quantiles) to /fslarge/scratch/users/h61084/codes/evaluating_tsfms/outputs/instance_normalization/tasks/ts_icl/normalization/none/univariate/MetroPT-3/5T/long/run_0/predictions.npz
    Computing per-window metrics...
    Saved metrics to /fslarge/scratch/users/h61084/codes/evaluating_tsfms/outputs/instance_normalization/tasks/ts_icl/normalization/none/univariate/MetroPT-3/5T/long/run_0/metrics.npz
    Saved config to /fslarge/scratch/users/h61084/codes/evaluating_tsfms/outputs/instance_normalization/tasks/ts_icl/normalization/none/univariate/MetroPT-3/5T/long/run_0/config.json
    Saved aggregate metrics to /fslarge/scratch/users/h61084/codes/evaluating_tsfms/outputs/instance_normalization/tasks/ts_icl/normalization/none/univariate/MetroPT-3/5T/long/run_0/metrics_summary.json
    Metrics summary (averaged over all series/windows/variates):
      MSE: 3.3996
      MAE: 1.1593
      RMSE: 1.5330
      MAPE: 3.5786
      sMAPE: 0.5169
      MASE: 0.6980
      ND: 0.3366
      CRPS: 0.2530
  Reused raw inference: /fslarge/scratch/users/h61084/codes/evaluating_tsfms/outputs/foundation_models/inference/ts_icl/univariate/MetroPT-3/5T/long/run_0

============================================================
All experiments completed!
Results saved to: /scratch/users/h61084/codes/evaluating_tsfms/outputs/instance_normalization/tasks
============================================================

############################################################
# All 1 dataset(s) completed!
############################################################
2026-09-27 16:14:27 | task model=ts_icl runner=run_tsicl.sh environment=uv covariate_mode=none target_mode=auto context_length=model_default instance_normalization=none completed status=success
2026-09-27 16:14:27 | stage evaluate completed status=success
2026-09-27 16:14:27 | workflow instance_normalization completed status=success exit_code=0
