[2026-09-27 13:53:09 UTC] resources allocation {"CUDA_VISIBLE_DEVICES": "0", "SLURM_CPUS_PER_TASK": "8", "SLURM_JOB_GPUS": "0,1,2,3", "SLURM_JOB_ID": "3584822", "SLURM_MEM_PER_CPU": "unset", "SLURM_MEM_PER_NODE": "80000", "SLURM_STEP_GPUS": "0", "SLURM_STEP_ID": "0", "TIME_DEVICE": "unset", "cpu_count": 8, "host": "sean0003"}
[2026-09-27 13:53:09 UTC] resources RAM {"MemAvailable_MiB": 368460.75390625, "MemTotal_MiB": 386622.86328125, "cgroup_reason": "memory.max is unlimited", "cgroup_status": "unlimited"}
[2026-09-27 13:53:09 UTC] resources nvidia_inventory {"columns": "index,uuid,name,driver,total_MiB,free_MiB,used_MiB", "devices": ["0, GPU-278171c2-c035-6646-8ac7-af452a78b698, NVIDIA H100 NVL, 560.35.05, 95830, 95350, 1"]}
[2026-09-27 13:53:10 UTC] resources torch {"cuda_available": true, "note": "visibility probe; CPU-only stages need not use an allocated GPU", "version": "2.9.1+cu128", "visible_gpu_count": 1}
[2026-09-27 13:53:11 UTC] resources cuda_device {"capability": "9.0", "free_MiB": 94825.125, "logical_index": 0, "name": "NVIDIA H100 NVL", "total_MiB": 95350.1875}
2026-09-27 15:53:11 | workflow context_size started launch_id=selena_context_size_20260927T131553Z_36791 task=ts_icl slurm_job_id=3584822 slurm_array_job_id=none slurm_array_task_id=none
2026-09-27 15:53:11 | stage evaluate started
2026-09-27 15:53:11 | task model=ts_icl runner=run_tsicl.sh environment=uv covariate_mode=none target_mode=auto context_length=512 instance_normalization=none started
[2026-09-27 15:53:11] TIME runner: run_tsicl.sh
[2026-09-27 15:53:11] datasets: /scratch/users/h61084/datasets/hf_dataset
[2026-09-27 15:53:11] weights: /scratch/users/h61084/weights
[2026-09-27 15:53:11] outputs: /scratch/users/h61084/codes/evaluating_tsfms/outputs
[2026-09-27 15:53:11] covariate mode: none
[2026-09-27 15:53:11] target mode: auto
[2026-09-27 15:53:11] context length: 512
[2026-09-27 15:53:11] instance normalization: none

############################################################
# Dataset 1/1: Water_Quality_Darwin/15T
############################################################
[2026-09-27 13:53:14 UTC] resources selected_device {"device": "cuda", "model": "ts_icl", "stage": "forecast"}
Loading configuration...

============================================================
Dataset: Water_Quality_Darwin/15T
Terms: ['short', 'medium', 'long']
Covariate mode: none
Instance normalization: none
============================================================

--- Term: short ---
  Config: prediction_length=16, test_length=1440, val_length=1440
TIME run allocation action=new run=/fslarge/scratch/users/h61084/codes/evaluating_tsfms/outputs/context_size/inference/ts_icl/context_length/512/univariate/Water_Quality_Darwin/15T/short/run_0 launch_id=selena_context_size_20260927T131553Z_36791 slurm_job_id=3584822 launched_at=2026-09-27T13:53:14.740171+00:00
  Initializing model pipeline...
  Dataset info:
    - Frequency: 15T
    - Num series: 7
    - Target dim: 6
    - Target mode: univariate
    - Covariate channels: 0
    - Series length: min=8662,               max=18985, avg=15229.4
    - Test split: 1440 steps
    - Prediction length: 16
    - Windows: 90
    Processed 160/3780...
    Processed 320/3780...
    Processed 480/3780...
    Processed 640/3780...
    Processed 800/3780...
    Processed 960/3780...
    Processed 1120/3780...
    Processed 1280/3780...
    Processed 1440/3780...
    Processed 1600/3780...
    Processed 1760/3780...
    Processed 1920/3780...
    Processed 2080/3780...
    Processed 2240/3780...
    Processed 2400/3780...
    Processed 2560/3780...
    Processed 2720/3780...
    Processed 2880/3780...
    Processed 3040/3780...
    Processed 3200/3780...
    Processed 3360/3780...
    Processed 3520/3780...
    Processed 3680/3780...
TIME run allocation action=new run=/fslarge/scratch/users/h61084/codes/evaluating_tsfms/outputs/context_size/tasks/ts_icl/context_length/512/univariate/Water_Quality_Darwin/15T/short/run_0 launch_id=selena_context_size_20260927T131553Z_36791 slurm_job_id=3584822 launched_at=2026-09-27T13:53:23.783098+00:00
    Total instances: 3780, Series during experiment: 42, Windows: 90
    Collecting ground truth and context...
    Detected to_univariate case: 42 flat series -> 7 series x 6 variates
    Organizing data into arrays...
    Saved predictions (quantiles) to /fslarge/scratch/users/h61084/codes/evaluating_tsfms/outputs/context_size/tasks/ts_icl/context_length/512/univariate/Water_Quality_Darwin/15T/short/run_0/predictions.npz
    Computing per-window metrics...
    Saved metrics to /fslarge/scratch/users/h61084/codes/evaluating_tsfms/outputs/context_size/tasks/ts_icl/context_length/512/univariate/Water_Quality_Darwin/15T/short/run_0/metrics.npz
    Saved config to /fslarge/scratch/users/h61084/codes/evaluating_tsfms/outputs/context_size/tasks/ts_icl/context_length/512/univariate/Water_Quality_Darwin/15T/short/run_0/config.json
    Saved aggregate metrics to /fslarge/scratch/users/h61084/codes/evaluating_tsfms/outputs/context_size/tasks/ts_icl/context_length/512/univariate/Water_Quality_Darwin/15T/short/run_0/metrics_summary.json
    Metrics summary (averaged over all series/windows/variates):
      MSE: 2.3861
      MAE: 0.4768
      RMSE: 0.5698
      MAPE: 0.0639
      sMAPE: 0.0600
      MASE: 0.6506
      ND: 0.0613
      CRPS: 0.0487
  Completed: 7 series × 90 windows
  Output: /fslarge/scratch/users/h61084/codes/evaluating_tsfms/outputs/context_size/tasks/ts_icl/context_length/512/univariate/Water_Quality_Darwin/15T/short/run_0
  Inference time: 8.174s

--- Term: medium ---
  Config: prediction_length=96, test_length=1440, val_length=1440
TIME run allocation action=new run=/fslarge/scratch/users/h61084/codes/evaluating_tsfms/outputs/context_size/inference/ts_icl/context_length/512/univariate/Water_Quality_Darwin/15T/medium/run_0 launch_id=selena_context_size_20260927T131553Z_36791 slurm_job_id=3584822 launched_at=2026-09-27T13:53:25.009730+00:00
  Initializing model pipeline...
  Dataset info:
    - Frequency: 15T
    - Num series: 7
    - Target dim: 6
    - Target mode: univariate
    - Covariate channels: 0
    - Series length: min=8662,               max=18985, avg=15229.4
    - Test split: 1440 steps
    - Prediction length: 96
    - Windows: 15
    Processed 160/630...
    Processed 320/630...
    Processed 480/630...
    Processed 630/630...
TIME run allocation action=new run=/fslarge/scratch/users/h61084/codes/evaluating_tsfms/outputs/context_size/tasks/ts_icl/context_length/512/univariate/Water_Quality_Darwin/15T/medium/run_0 launch_id=selena_context_size_20260927T131553Z_36791 slurm_job_id=3584822 launched_at=2026-09-27T13:53:27.140239+00:00
    Total instances: 630, Series during experiment: 42, Windows: 15
    Collecting ground truth and context...
    Detected to_univariate case: 42 flat series -> 7 series x 6 variates
    Organizing data into arrays...
    Saved predictions (quantiles) to /fslarge/scratch/users/h61084/codes/evaluating_tsfms/outputs/context_size/tasks/ts_icl/context_length/512/univariate/Water_Quality_Darwin/15T/medium/run_0/predictions.npz
    Computing per-window metrics...
    Saved metrics to /fslarge/scratch/users/h61084/codes/evaluating_tsfms/outputs/context_size/tasks/ts_icl/context_length/512/univariate/Water_Quality_Darwin/15T/medium/run_0/metrics.npz
    Saved config to /fslarge/scratch/users/h61084/codes/evaluating_tsfms/outputs/context_size/tasks/ts_icl/context_length/512/univariate/Water_Quality_Darwin/15T/medium/run_0/config.json
    Saved aggregate metrics to /fslarge/scratch/users/h61084/codes/evaluating_tsfms/outputs/context_size/tasks/ts_icl/context_length/512/univariate/Water_Quality_Darwin/15T/medium/run_0/metrics_summary.json
    Metrics summary (averaged over all series/windows/variates):
      MSE: 4.5826
      MAE: 0.7164
      RMSE: 0.9051
      MAPE: 0.0940
      sMAPE: 0.0848
      MASE: 1.0416
      ND: 0.0851
      CRPS: 0.0670
  Completed: 7 series × 15 windows
  Output: /fslarge/scratch/users/h61084/codes/evaluating_tsfms/outputs/context_size/tasks/ts_icl/context_length/512/univariate/Water_Quality_Darwin/15T/medium/run_0
  Inference time: 1.586s

--- Term: long ---
  Config: prediction_length=288, test_length=1440, val_length=1440
TIME run allocation action=new run=/fslarge/scratch/users/h61084/codes/evaluating_tsfms/outputs/context_size/inference/ts_icl/context_length/512/univariate/Water_Quality_Darwin/15T/long/run_0 launch_id=selena_context_size_20260927T131553Z_36791 slurm_job_id=3584822 launched_at=2026-09-27T13:53:27.424998+00:00
  Initializing model pipeline...
  Dataset info:
    - Frequency: 15T
    - Num series: 7
    - Target dim: 6
    - Target mode: univariate
    - Covariate channels: 0
    - Series length: min=8662,               max=18985, avg=15229.4
    - Test split: 1440 steps
    - Prediction length: 288
    - Windows: 5
    Processed 160/210...
TIME run allocation action=new run=/fslarge/scratch/users/h61084/codes/evaluating_tsfms/outputs/context_size/tasks/ts_icl/context_length/512/univariate/Water_Quality_Darwin/15T/long/run_0 launch_id=selena_context_size_20260927T131553Z_36791 slurm_job_id=3584822 launched_at=2026-09-27T13:53:28.602576+00:00
    Total instances: 210, Series during experiment: 42, Windows: 5
    Collecting ground truth and context...
    Detected to_univariate case: 42 flat series -> 7 series x 6 variates
    Organizing data into arrays...
    Saved predictions (quantiles) to /fslarge/scratch/users/h61084/codes/evaluating_tsfms/outputs/context_size/tasks/ts_icl/context_length/512/univariate/Water_Quality_Darwin/15T/long/run_0/predictions.npz
    Computing per-window metrics...
    Saved metrics to /fslarge/scratch/users/h61084/codes/evaluating_tsfms/outputs/context_size/tasks/ts_icl/context_length/512/univariate/Water_Quality_Darwin/15T/long/run_0/metrics.npz
    Saved config to /fslarge/scratch/users/h61084/codes/evaluating_tsfms/outputs/context_size/tasks/ts_icl/context_length/512/univariate/Water_Quality_Darwin/15T/long/run_0/config.json
    Saved aggregate metrics to /fslarge/scratch/users/h61084/codes/evaluating_tsfms/outputs/context_size/tasks/ts_icl/context_length/512/univariate/Water_Quality_Darwin/15T/long/run_0/metrics_summary.json
    Metrics summary (averaged over all series/windows/variates):
      MSE: 12.6138
      MAE: 1.1078
      RMSE: 1.3808
      MAPE: 0.1424
      sMAPE: 0.1225
      MASE: 1.5574
      ND: 0.1224
      CRPS: 0.0973
  Completed: 7 series × 5 windows
  Output: /fslarge/scratch/users/h61084/codes/evaluating_tsfms/outputs/context_size/tasks/ts_icl/context_length/512/univariate/Water_Quality_Darwin/15T/long/run_0
  Inference time: 0.658s

============================================================
All experiments completed!
Results saved to: /scratch/users/h61084/codes/evaluating_tsfms/outputs/context_size/tasks
============================================================

############################################################
# All 1 dataset(s) completed!
############################################################

############################################################
# Dataset 1/1: current_velocity/5T
############################################################
[2026-09-27 13:53:32 UTC] resources selected_device {"device": "cuda", "model": "ts_icl", "stage": "forecast"}
Loading configuration...

============================================================
Dataset: current_velocity/5T
Terms: ['short', 'medium', 'long']
Covariate mode: none
Instance normalization: none
============================================================

--- Term: short ---
  Config: prediction_length=36, test_length=4320, val_length=4320
TIME run allocation action=new run=/fslarge/scratch/users/h61084/codes/evaluating_tsfms/outputs/context_size/inference/ts_icl/context_length/512/univariate/current_velocity/5T/short/run_0 launch_id=selena_context_size_20260927T131553Z_36791 slurm_job_id=3584822 launched_at=2026-09-27T13:53:32.365149+00:00
  Initializing model pipeline...
  Dataset info:
    - Frequency: 5T
    - Num series: 1
    - Target dim: 6
    - Target mode: univariate
    - Covariate channels: 0
    - Series length: min=26486,               max=26486, avg=26486.0
    - Test split: 4320 steps
    - Prediction length: 36
    - Windows: 120
    Processed 160/720...
    Processed 320/720...
    Processed 480/720...
    Processed 640/720...
TIME run allocation action=new run=/fslarge/scratch/users/h61084/codes/evaluating_tsfms/outputs/context_size/tasks/ts_icl/context_length/512/univariate/current_velocity/5T/short/run_0 launch_id=selena_context_size_20260927T131553Z_36791 slurm_job_id=3584822 launched_at=2026-09-27T13:53:35.187231+00:00
    Total instances: 720, Series during experiment: 6, Windows: 120
    Collecting ground truth and context...
    Detected to_univariate case: 6 flat series -> 1 series x 6 variates
    Organizing data into arrays...
    Saved predictions (quantiles) to /fslarge/scratch/users/h61084/codes/evaluating_tsfms/outputs/context_size/tasks/ts_icl/context_length/512/univariate/current_velocity/5T/short/run_0/predictions.npz
    Computing per-window metrics...
    Saved metrics to /fslarge/scratch/users/h61084/codes/evaluating_tsfms/outputs/context_size/tasks/ts_icl/context_length/512/univariate/current_velocity/5T/short/run_0/metrics.npz
    Saved config to /fslarge/scratch/users/h61084/codes/evaluating_tsfms/outputs/context_size/tasks/ts_icl/context_length/512/univariate/current_velocity/5T/short/run_0/config.json
    Saved aggregate metrics to /fslarge/scratch/users/h61084/codes/evaluating_tsfms/outputs/context_size/tasks/ts_icl/context_length/512/univariate/current_velocity/5T/short/run_0/metrics_summary.json
    Metrics summary (averaged over all series/windows/variates):
      MSE: 3.6280
      MAE: 0.5867
      RMSE: 0.6992
      MAPE: 0.4353
      sMAPE: 0.3507
      MASE: 0.4155
      ND: 0.2987
      CRPS: 0.2347
  Completed: 1 series × 120 windows
  Output: /fslarge/scratch/users/h61084/codes/evaluating_tsfms/outputs/context_size/tasks/ts_icl/context_length/512/univariate/current_velocity/5T/short/run_0
  Inference time: 2.156s

--- Term: medium ---
  Config: prediction_length=288, test_length=4320, val_length=4320
TIME run allocation action=new run=/fslarge/scratch/users/h61084/codes/evaluating_tsfms/outputs/context_size/inference/ts_icl/context_length/512/univariate/current_velocity/5T/medium/run_0 launch_id=selena_context_size_20260927T131553Z_36791 slurm_job_id=3584822 launched_at=2026-09-27T13:53:35.497462+00:00
  Initializing model pipeline...
  Dataset info:
    - Frequency: 5T
    - Num series: 1
    - Target dim: 6
    - Target mode: univariate
    - Covariate channels: 0
    - Series length: min=26486,               max=26486, avg=26486.0
    - Test split: 4320 steps
    - Prediction length: 288
    - Windows: 15
TIME run allocation action=new run=/fslarge/scratch/users/h61084/codes/evaluating_tsfms/outputs/context_size/tasks/ts_icl/context_length/512/univariate/current_velocity/5T/medium/run_0 launch_id=selena_context_size_20260927T131553Z_36791 slurm_job_id=3584822 launched_at=2026-09-27T13:53:36.256202+00:00
    Total instances: 90, Series during experiment: 6, Windows: 15
    Collecting ground truth and context...
    Detected to_univariate case: 6 flat series -> 1 series x 6 variates
    Organizing data into arrays...
    Saved predictions (quantiles) to /fslarge/scratch/users/h61084/codes/evaluating_tsfms/outputs/context_size/tasks/ts_icl/context_length/512/univariate/current_velocity/5T/medium/run_0/predictions.npz
    Computing per-window metrics...
    Saved metrics to /fslarge/scratch/users/h61084/codes/evaluating_tsfms/outputs/context_size/tasks/ts_icl/context_length/512/univariate/current_velocity/5T/medium/run_0/metrics.npz
    Saved config to /fslarge/scratch/users/h61084/codes/evaluating_tsfms/outputs/context_size/tasks/ts_icl/context_length/512/univariate/current_velocity/5T/medium/run_0/config.json
    Saved aggregate metrics to /fslarge/scratch/users/h61084/codes/evaluating_tsfms/outputs/context_size/tasks/ts_icl/context_length/512/univariate/current_velocity/5T/medium/run_0/metrics_summary.json
    Metrics summary (averaged over all series/windows/variates):
      MSE: 6.6126
      MAE: 0.8840
      RMSE: 1.0928
      MAPE: 0.7716
      sMAPE: 0.4120
      MASE: 0.7145
      ND: 0.3756
      CRPS: 0.2964
  Completed: 1 series × 15 windows
  Output: /fslarge/scratch/users/h61084/codes/evaluating_tsfms/outputs/context_size/tasks/ts_icl/context_length/512/univariate/current_velocity/5T/medium/run_0
  Inference time: 0.281s

--- Term: long ---
  Config: prediction_length=864, test_length=4320, val_length=4320
TIME run allocation action=new run=/fslarge/scratch/users/h61084/codes/evaluating_tsfms/outputs/context_size/inference/ts_icl/context_length/512/univariate/current_velocity/5T/long/run_0 launch_id=selena_context_size_20260927T131553Z_36791 slurm_job_id=3584822 launched_at=2026-09-27T13:53:36.357309+00:00
  Initializing model pipeline...
  Dataset info:
    - Frequency: 5T
    - Num series: 1
    - Target dim: 6
    - Target mode: univariate
    - Covariate channels: 0
    - Series length: min=26486,               max=26486, avg=26486.0
    - Test split: 4320 steps
    - Prediction length: 864
    - Windows: 5
TIME run allocation action=new run=/fslarge/scratch/users/h61084/codes/evaluating_tsfms/outputs/context_size/tasks/ts_icl/context_length/512/univariate/current_velocity/5T/long/run_0 launch_id=selena_context_size_20260927T131553Z_36791 slurm_job_id=3584822 launched_at=2026-09-27T13:53:37.002237+00:00
    Total instances: 30, Series during experiment: 6, Windows: 5
    Collecting ground truth and context...
    Detected to_univariate case: 6 flat series -> 1 series x 6 variates
    Organizing data into arrays...
    Saved predictions (quantiles) to /fslarge/scratch/users/h61084/codes/evaluating_tsfms/outputs/context_size/tasks/ts_icl/context_length/512/univariate/current_velocity/5T/long/run_0/predictions.npz
    Computing per-window metrics...
    Saved metrics to /fslarge/scratch/users/h61084/codes/evaluating_tsfms/outputs/context_size/tasks/ts_icl/context_length/512/univariate/current_velocity/5T/long/run_0/metrics.npz
    Saved config to /fslarge/scratch/users/h61084/codes/evaluating_tsfms/outputs/context_size/tasks/ts_icl/context_length/512/univariate/current_velocity/5T/long/run_0/config.json
    Saved aggregate metrics to /fslarge/scratch/users/h61084/codes/evaluating_tsfms/outputs/context_size/tasks/ts_icl/context_length/512/univariate/current_velocity/5T/long/run_0/metrics_summary.json
    Metrics summary (averaged over all series/windows/variates):
      MSE: 6.3560
      MAE: 0.9800
      RMSE: 1.2016
      MAPE: 1.1912
      sMAPE: 0.4800
      MASE: 1.1780
      ND: 0.5265
      CRPS: 0.4361
  Completed: 1 series × 5 windows
  Output: /fslarge/scratch/users/h61084/codes/evaluating_tsfms/outputs/context_size/tasks/ts_icl/context_length/512/univariate/current_velocity/5T/long/run_0
  Inference time: 0.256s

============================================================
All experiments completed!
Results saved to: /scratch/users/h61084/codes/evaluating_tsfms/outputs/context_size/tasks
============================================================

############################################################
# All 1 dataset(s) completed!
############################################################

############################################################
# Dataset 1/1: current_velocity/10T
############################################################
[2026-09-27 13:53:40 UTC] resources selected_device {"device": "cuda", "model": "ts_icl", "stage": "forecast"}
Loading configuration...

============================================================
Dataset: current_velocity/10T
Terms: ['short', 'medium', 'long']
Covariate mode: none
Instance normalization: none
============================================================

--- Term: short ---
  Config: prediction_length=18, test_length=2160, val_length=2160
TIME run allocation action=new run=/fslarge/scratch/users/h61084/codes/evaluating_tsfms/outputs/context_size/inference/ts_icl/context_length/512/univariate/current_velocity/10T/short/run_0 launch_id=selena_context_size_20260927T131553Z_36791 slurm_job_id=3584822 launched_at=2026-09-27T13:53:40.595039+00:00
  Initializing model pipeline...
  Dataset info:
    - Frequency: 10T
    - Num series: 10
    - Target dim: 6
    - Target mode: univariate
    - Covariate channels: 0
    - Series length: min=7481,               max=31957, avg=20668.5
    - Test split: 2160 steps
    - Prediction length: 18
    - Windows: 120
    Processed 160/7200...
    Processed 320/7200...
    Processed 480/7200...
    Processed 640/7200...
    Processed 800/7200...
    Processed 960/7200...
    Processed 1120/7200...
    Processed 1280/7200...
    Processed 1440/7200...
    Processed 1600/7200...
    Processed 1760/7200...
    Processed 1920/7200...
    Processed 2080/7200...
    Processed 2240/7200...
    Processed 2400/7200...
    Processed 2560/7200...
    Processed 2720/7200...
    Processed 2880/7200...
    Processed 3040/7200...
    Processed 3200/7200...
    Processed 3360/7200...
    Processed 3520/7200...
    Processed 3680/7200...
    Processed 3840/7200...
    Processed 4000/7200...
    Processed 4160/7200...
    Processed 4320/7200...
    Processed 4480/7200...
    Processed 4640/7200...
    Processed 4800/7200...
    Processed 4960/7200...
    Processed 5120/7200...
    Processed 5280/7200...
    Processed 5440/7200...
    Processed 5600/7200...
    Processed 5760/7200...
    Processed 5920/7200...
    Processed 6080/7200...
    Processed 6240/7200...
    Processed 6400/7200...
    Processed 6560/7200...
    Processed 6720/7200...
    Processed 6880/7200...
    Processed 7040/7200...
    Processed 7200/7200...
TIME run allocation action=new run=/fslarge/scratch/users/h61084/codes/evaluating_tsfms/outputs/context_size/tasks/ts_icl/context_length/512/univariate/current_velocity/10T/short/run_0 launch_id=selena_context_size_20260927T131553Z_36791 slurm_job_id=3584822 launched_at=2026-09-27T13:53:57.464180+00:00
    Total instances: 7200, Series during experiment: 60, Windows: 120
    Collecting ground truth and context...
    Detected to_univariate case: 60 flat series -> 10 series x 6 variates
    Organizing data into arrays...
    Saved predictions (quantiles) to /fslarge/scratch/users/h61084/codes/evaluating_tsfms/outputs/context_size/tasks/ts_icl/context_length/512/univariate/current_velocity/10T/short/run_0/predictions.npz
    Computing per-window metrics...
    Saved metrics to /fslarge/scratch/users/h61084/codes/evaluating_tsfms/outputs/context_size/tasks/ts_icl/context_length/512/univariate/current_velocity/10T/short/run_0/metrics.npz
    Saved config to /fslarge/scratch/users/h61084/codes/evaluating_tsfms/outputs/context_size/tasks/ts_icl/context_length/512/univariate/current_velocity/10T/short/run_0/config.json
    Saved aggregate metrics to /fslarge/scratch/users/h61084/codes/evaluating_tsfms/outputs/context_size/tasks/ts_icl/context_length/512/univariate/current_velocity/10T/short/run_0/metrics_summary.json
    Metrics summary (averaged over all series/windows/variates):
      MSE: 7.8071
      MAE: 0.7723
      RMSE: 0.9664
      MAPE: 3564.2028
      sMAPE: 0.4689
      MASE: 0.6046
      ND: 0.3549
      CRPS: 0.2799
  Completed: 10 series × 120 windows
  Output: /fslarge/scratch/users/h61084/codes/evaluating_tsfms/outputs/context_size/tasks/ts_icl/context_length/512/univariate/current_velocity/10T/short/run_0
  Inference time: 16.067s

--- Term: medium ---
  Config: prediction_length=144, test_length=2160, val_length=2160
TIME run allocation action=new run=/fslarge/scratch/users/h61084/codes/evaluating_tsfms/outputs/context_size/inference/ts_icl/context_length/512/univariate/current_velocity/10T/medium/run_0 launch_id=selena_context_size_20260927T131553Z_36791 slurm_job_id=3584822 launched_at=2026-09-27T13:54:00.161723+00:00
  Initializing model pipeline...
  Dataset info:
    - Frequency: 10T
    - Num series: 10
    - Target dim: 6
    - Target mode: univariate
    - Covariate channels: 0
    - Series length: min=7481,               max=31957, avg=20668.5
    - Test split: 2160 steps
    - Prediction length: 144
    - Windows: 15
    Processed 160/900...
    Processed 320/900...
    Processed 480/900...
    Processed 640/900...
    Processed 800/900...
TIME run allocation action=new run=/fslarge/scratch/users/h61084/codes/evaluating_tsfms/outputs/context_size/tasks/ts_icl/context_length/512/univariate/current_velocity/10T/medium/run_0 launch_id=selena_context_size_20260927T131553Z_36791 slurm_job_id=3584822 launched_at=2026-09-27T13:54:03.241934+00:00
    Total instances: 900, Series during experiment: 60, Windows: 15
    Collecting ground truth and context...
    Detected to_univariate case: 60 flat series -> 10 series x 6 variates
    Organizing data into arrays...
    Saved predictions (quantiles) to /fslarge/scratch/users/h61084/codes/evaluating_tsfms/outputs/context_size/tasks/ts_icl/context_length/512/univariate/current_velocity/10T/medium/run_0/predictions.npz
    Computing per-window metrics...
    Saved metrics to /fslarge/scratch/users/h61084/codes/evaluating_tsfms/outputs/context_size/tasks/ts_icl/context_length/512/univariate/current_velocity/10T/medium/run_0/metrics.npz
    Saved config to /fslarge/scratch/users/h61084/codes/evaluating_tsfms/outputs/context_size/tasks/ts_icl/context_length/512/univariate/current_velocity/10T/medium/run_0/config.json
    Saved aggregate metrics to /fslarge/scratch/users/h61084/codes/evaluating_tsfms/outputs/context_size/tasks/ts_icl/context_length/512/univariate/current_velocity/10T/medium/run_0/metrics_summary.json
    Metrics summary (averaged over all series/windows/variates):
      MSE: 11.4363
      MAE: 1.0297
      RMSE: 1.3389
      MAPE: 4067.5330
      sMAPE: 0.5366
      MASE: 0.8542
      ND: 0.3786
      CRPS: 0.3017
  Completed: 10 series × 15 windows
  Output: /fslarge/scratch/users/h61084/codes/evaluating_tsfms/outputs/context_size/tasks/ts_icl/context_length/512/univariate/current_velocity/10T/medium/run_0
  Inference time: 2.376s

--- Term: long ---
  Config: prediction_length=432, test_length=2160, val_length=2160
TIME run allocation action=new run=/fslarge/scratch/users/h61084/codes/evaluating_tsfms/outputs/context_size/inference/ts_icl/context_length/512/univariate/current_velocity/10T/long/run_0 launch_id=selena_context_size_20260927T131553Z_36791 slurm_job_id=3584822 launched_at=2026-09-27T13:54:03.748490+00:00
  Initializing model pipeline...
  Dataset info:
    - Frequency: 10T
    - Num series: 10
    - Target dim: 6
    - Target mode: univariate
    - Covariate channels: 0
    - Series length: min=7481,               max=31957, avg=20668.5
    - Test split: 2160 steps
    - Prediction length: 432
    - Windows: 5
    Processed 160/300...
TIME run allocation action=new run=/fslarge/scratch/users/h61084/codes/evaluating_tsfms/outputs/context_size/tasks/ts_icl/context_length/512/univariate/current_velocity/10T/long/run_0 launch_id=selena_context_size_20260927T131553Z_36791 slurm_job_id=3584822 launched_at=2026-09-27T13:54:05.288641+00:00
    Total instances: 300, Series during experiment: 60, Windows: 5
    Collecting ground truth and context...
    Detected to_univariate case: 60 flat series -> 10 series x 6 variates
    Organizing data into arrays...
    Saved predictions (quantiles) to /fslarge/scratch/users/h61084/codes/evaluating_tsfms/outputs/context_size/tasks/ts_icl/context_length/512/univariate/current_velocity/10T/long/run_0/predictions.npz
    Computing per-window metrics...
    Saved metrics to /fslarge/scratch/users/h61084/codes/evaluating_tsfms/outputs/context_size/tasks/ts_icl/context_length/512/univariate/current_velocity/10T/long/run_0/metrics.npz
    Saved config to /fslarge/scratch/users/h61084/codes/evaluating_tsfms/outputs/context_size/tasks/ts_icl/context_length/512/univariate/current_velocity/10T/long/run_0/config.json
    Saved aggregate metrics to /fslarge/scratch/users/h61084/codes/evaluating_tsfms/outputs/context_size/tasks/ts_icl/context_length/512/univariate/current_velocity/10T/long/run_0/metrics_summary.json
    Metrics summary (averaged over all series/windows/variates):
      MSE: 14.4127
      MAE: 1.2473
      RMSE: 1.5975
      MAPE: 4404.1826
      sMAPE: 0.6321
      MASE: 1.3101
      ND: 0.4664
      CRPS: 0.3705
  Completed: 10 series × 5 windows
  Output: /fslarge/scratch/users/h61084/codes/evaluating_tsfms/outputs/context_size/tasks/ts_icl/context_length/512/univariate/current_velocity/10T/long/run_0
  Inference time: 1.001s

============================================================
All experiments completed!
Results saved to: /scratch/users/h61084/codes/evaluating_tsfms/outputs/context_size/tasks
============================================================

############################################################
# All 1 dataset(s) completed!
############################################################

############################################################
# Dataset 1/1: current_velocity/15T
############################################################
[2026-09-27 13:54:09 UTC] resources selected_device {"device": "cuda", "model": "ts_icl", "stage": "forecast"}
Loading configuration...

============================================================
Dataset: current_velocity/15T
Terms: ['short', 'medium', 'long']
Covariate mode: none
Instance normalization: none
============================================================

--- Term: short ---
  Config: prediction_length=12, test_length=1440, val_length=1440
TIME run allocation action=new run=/fslarge/scratch/users/h61084/codes/evaluating_tsfms/outputs/context_size/inference/ts_icl/context_length/512/univariate/current_velocity/15T/short/run_0 launch_id=selena_context_size_20260927T131553Z_36791 slurm_job_id=3584822 launched_at=2026-09-27T13:54:09.080466+00:00
  Initializing model pipeline...
  Dataset info:
    - Frequency: 15T
    - Num series: 5
    - Target dim: 6
    - Target mode: univariate
    - Covariate channels: 0
    - Series length: min=3710,               max=17953, avg=8503.2
    - Test split: 1440 steps
    - Prediction length: 12
    - Windows: 120
    Processed 160/3600...
    Processed 320/3600...
    Processed 480/3600...
    Processed 640/3600...
    Processed 800/3600...
    Processed 960/3600...
    Processed 1120/3600...
    Processed 1280/3600...
    Processed 1440/3600...
    Processed 1600/3600...
    Processed 1760/3600...
    Processed 1920/3600...
    Processed 2080/3600...
    Processed 2240/3600...
    Processed 2400/3600...
    Processed 2560/3600...
    Processed 2720/3600...
    Processed 2880/3600...
    Processed 3040/3600...
    Processed 3200/3600...
    Processed 3360/3600...
    Processed 3520/3600...
TIME run allocation action=new run=/fslarge/scratch/users/h61084/codes/evaluating_tsfms/outputs/context_size/tasks/ts_icl/context_length/512/univariate/current_velocity/15T/short/run_0 launch_id=selena_context_size_20260927T131553Z_36791 slurm_job_id=3584822 launched_at=2026-09-27T13:54:17.134745+00:00
    Total instances: 3600, Series during experiment: 30, Windows: 120
    Collecting ground truth and context...
    Detected to_univariate case: 30 flat series -> 5 series x 6 variates
    Organizing data into arrays...
    Saved predictions (quantiles) to /fslarge/scratch/users/h61084/codes/evaluating_tsfms/outputs/context_size/tasks/ts_icl/context_length/512/univariate/current_velocity/15T/short/run_0/predictions.npz
    Computing per-window metrics...
    Saved metrics to /fslarge/scratch/users/h61084/codes/evaluating_tsfms/outputs/context_size/tasks/ts_icl/context_length/512/univariate/current_velocity/15T/short/run_0/metrics.npz
    Saved config to /fslarge/scratch/users/h61084/codes/evaluating_tsfms/outputs/context_size/tasks/ts_icl/context_length/512/univariate/current_velocity/15T/short/run_0/config.json
    Saved aggregate metrics to /fslarge/scratch/users/h61084/codes/evaluating_tsfms/outputs/context_size/tasks/ts_icl/context_length/512/univariate/current_velocity/15T/short/run_0/metrics_summary.json
    Metrics summary (averaged over all series/windows/variates):
      MSE: 6.3592
      MAE: 0.7641
      RMSE: 0.9297
      MAPE: 129598.1998
      sMAPE: 0.4734
      MASE: 0.5307
      ND: 0.3945
      CRPS: 0.3107
  Completed: 5 series × 120 windows
  Output: /fslarge/scratch/users/h61084/codes/evaluating_tsfms/outputs/context_size/tasks/ts_icl/context_length/512/univariate/current_velocity/15T/short/run_0
  Inference time: 7.376s

--- Term: medium ---
  Config: prediction_length=96, test_length=1440, val_length=1440
TIME run allocation action=new run=/fslarge/scratch/users/h61084/codes/evaluating_tsfms/outputs/context_size/inference/ts_icl/context_length/512/univariate/current_velocity/15T/medium/run_0 launch_id=selena_context_size_20260927T131553Z_36791 slurm_job_id=3584822 launched_at=2026-09-27T13:54:18.265705+00:00
  Initializing model pipeline...
  Dataset info:
    - Frequency: 15T
    - Num series: 5
    - Target dim: 6
    - Target mode: univariate
    - Covariate channels: 0
    - Series length: min=3710,               max=17953, avg=8503.2
    - Test split: 1440 steps
    - Prediction length: 96
    - Windows: 15
    Processed 160/450...
    Processed 320/450...
TIME run allocation action=new run=/fslarge/scratch/users/h61084/codes/evaluating_tsfms/outputs/context_size/tasks/ts_icl/context_length/512/univariate/current_velocity/15T/medium/run_0 launch_id=selena_context_size_20260927T131553Z_36791 slurm_job_id=3584822 launched_at=2026-09-27T13:54:19.906607+00:00
    Total instances: 450, Series during experiment: 30, Windows: 15
    Collecting ground truth and context...
    Detected to_univariate case: 30 flat series -> 5 series x 6 variates
    Organizing data into arrays...
    Saved predictions (quantiles) to /fslarge/scratch/users/h61084/codes/evaluating_tsfms/outputs/context_size/tasks/ts_icl/context_length/512/univariate/current_velocity/15T/medium/run_0/predictions.npz
    Computing per-window metrics...
    Saved metrics to /fslarge/scratch/users/h61084/codes/evaluating_tsfms/outputs/context_size/tasks/ts_icl/context_length/512/univariate/current_velocity/15T/medium/run_0/metrics.npz
    Saved config to /fslarge/scratch/users/h61084/codes/evaluating_tsfms/outputs/context_size/tasks/ts_icl/context_length/512/univariate/current_velocity/15T/medium/run_0/config.json
    Saved aggregate metrics to /fslarge/scratch/users/h61084/codes/evaluating_tsfms/outputs/context_size/tasks/ts_icl/context_length/512/univariate/current_velocity/15T/medium/run_0/metrics_summary.json
    Metrics summary (averaged over all series/windows/variates):
      MSE: 10.1477
      MAE: 1.0220
      RMSE: 1.2791
      MAPE: 129986.0685
      sMAPE: 0.5771
      MASE: 0.8058
      ND: 0.4492
      CRPS: 0.3540
  Completed: 5 series × 15 windows
  Output: /fslarge/scratch/users/h61084/codes/evaluating_tsfms/outputs/context_size/tasks/ts_icl/context_length/512/univariate/current_velocity/15T/medium/run_0
  Inference time: 1.130s

--- Term: long ---
  Config: prediction_length=288, test_length=1440, val_length=1440
TIME run allocation action=new run=/fslarge/scratch/users/h61084/codes/evaluating_tsfms/outputs/context_size/inference/ts_icl/context_length/512/univariate/current_velocity/15T/long/run_0 launch_id=selena_context_size_20260927T131553Z_36791 slurm_job_id=3584822 launched_at=2026-09-27T13:54:20.112478+00:00
  Initializing model pipeline...
  Dataset info:
    - Frequency: 15T
    - Num series: 5
    - Target dim: 6
    - Target mode: univariate
    - Covariate channels: 0
    - Series length: min=3710,               max=17953, avg=8503.2
    - Test split: 1440 steps
    - Prediction length: 288
    - Windows: 5
    Processed 150/150...
TIME run allocation action=new run=/fslarge/scratch/users/h61084/codes/evaluating_tsfms/outputs/context_size/tasks/ts_icl/context_length/512/univariate/current_velocity/15T/long/run_0 launch_id=selena_context_size_20260927T131553Z_36791 slurm_job_id=3584822 launched_at=2026-09-27T13:54:21.055129+00:00
    Total instances: 150, Series during experiment: 30, Windows: 5
    Collecting ground truth and context...
    Detected to_univariate case: 30 flat series -> 5 series x 6 variates
    Organizing data into arrays...
    Saved predictions (quantiles) to /fslarge/scratch/users/h61084/codes/evaluating_tsfms/outputs/context_size/tasks/ts_icl/context_length/512/univariate/current_velocity/15T/long/run_0/predictions.npz
    Computing per-window metrics...
    Saved metrics to /fslarge/scratch/users/h61084/codes/evaluating_tsfms/outputs/context_size/tasks/ts_icl/context_length/512/univariate/current_velocity/15T/long/run_0/metrics.npz
    Saved config to /fslarge/scratch/users/h61084/codes/evaluating_tsfms/outputs/context_size/tasks/ts_icl/context_length/512/univariate/current_velocity/15T/long/run_0/config.json
    Saved aggregate metrics to /fslarge/scratch/users/h61084/codes/evaluating_tsfms/outputs/context_size/tasks/ts_icl/context_length/512/univariate/current_velocity/15T/long/run_0/metrics_summary.json
    Metrics summary (averaged over all series/windows/variates):
      MSE: 11.8178
      MAE: 1.1162
      RMSE: 1.4095
      MAPE: 135483.9251
      sMAPE: 0.6026
      MASE: 0.9635
      ND: 0.4601
      CRPS: 0.3638
  Completed: 5 series × 5 windows
  Output: /fslarge/scratch/users/h61084/codes/evaluating_tsfms/outputs/context_size/tasks/ts_icl/context_length/512/univariate/current_velocity/15T/long/run_0
  Inference time: 0.456s

============================================================
All experiments completed!
Results saved to: /scratch/users/h61084/codes/evaluating_tsfms/outputs/context_size/tasks
============================================================

############################################################
# All 1 dataset(s) completed!
############################################################

############################################################
# Dataset 1/1: current_velocity/20T
############################################################
[2026-09-27 13:54:24 UTC] resources selected_device {"device": "cuda", "model": "ts_icl", "stage": "forecast"}
Loading configuration...

============================================================
Dataset: current_velocity/20T
Terms: ['short', 'medium', 'long']
Covariate mode: none
Instance normalization: none
============================================================

--- Term: short ---
  Config: prediction_length=9, test_length=1080, val_length=1080
TIME run allocation action=new run=/fslarge/scratch/users/h61084/codes/evaluating_tsfms/outputs/context_size/inference/ts_icl/context_length/512/univariate/current_velocity/20T/short/run_0 launch_id=selena_context_size_20260927T131553Z_36791 slurm_job_id=3584822 launched_at=2026-09-27T13:54:24.624041+00:00
  Initializing model pipeline...
  Dataset info:
    - Frequency: 20T
    - Num series: 27
    - Target dim: 6
    - Target mode: univariate
    - Covariate channels: 0
    - Series length: min=2529,               max=16759, avg=6460.2
    - Test split: 1080 steps
    - Prediction length: 9
    - Windows: 120
    Processed 160/19440...
    Processed 320/19440...
    Processed 480/19440...
    Processed 640/19440...
    Processed 800/19440...
    Processed 960/19440...
    Processed 1120/19440...
    Processed 1280/19440...
    Processed 1440/19440...
    Processed 1600/19440...
    Processed 1760/19440...
    Processed 1920/19440...
    Processed 2080/19440...
    Processed 2240/19440...
    Processed 2400/19440...
    Processed 2560/19440...
    Processed 2720/19440...
    Processed 2880/19440...
    Processed 3040/19440...
    Processed 3200/19440...
    Processed 3360/19440...
    Processed 3520/19440...
    Processed 3680/19440...
    Processed 3840/19440...
    Processed 4000/19440...
    Processed 4160/19440...
    Processed 4320/19440...
    Processed 4480/19440...
    Processed 4640/19440...
    Processed 4800/19440...
    Processed 4960/19440...
    Processed 5120/19440...
    Processed 5280/19440...
    Processed 5440/19440...
    Processed 5600/19440...
    Processed 5760/19440...
    Processed 5920/19440...
    Processed 6080/19440...
    Processed 6240/19440...
    Processed 6400/19440...
    Processed 6560/19440...
    Processed 6720/19440...
    Processed 6880/19440...
    Processed 7040/19440...
    Processed 7200/19440...
    Processed 7360/19440...
    Processed 7520/19440...
    Processed 7680/19440...
    Processed 7840/19440...
    Processed 8000/19440...
    Processed 8160/19440...
    Processed 8320/19440...
    Processed 8480/19440...
    Processed 8640/19440...
    Processed 8800/19440...
    Processed 8960/19440...
    Processed 9120/19440...
    Processed 9280/19440...
    Processed 9440/19440...
    Processed 9600/19440...
    Processed 9760/19440...
    Processed 9920/19440...
    Processed 10080/19440...
    Processed 10240/19440...
    Processed 10400/19440...
    Processed 10560/19440...
    Processed 10720/19440...
    Processed 10880/19440...
    Processed 11040/19440...
    Processed 11200/19440...
    Processed 11360/19440...
    Processed 11520/19440...
    Processed 11680/19440...
    Processed 11840/19440...
    Processed 12000/19440...
    Processed 12160/19440...
    Processed 12320/19440...
    Processed 12480/19440...
    Processed 12640/19440...
    Processed 12800/19440...
    Processed 12960/19440...
    Processed 13120/19440...
    Processed 13280/19440...
    Processed 13440/19440...
    Processed 13600/19440...
    Processed 13760/19440...
    Processed 13920/19440...
    Processed 14080/19440...
    Processed 14240/19440...
    Processed 14400/19440...
    Processed 14560/19440...
    Processed 14720/19440...
    Processed 14880/19440...
    Processed 15040/19440...
    Processed 15200/19440...
    Processed 15360/19440...
    Processed 15520/19440...
    Processed 15680/19440...
    Processed 15840/19440...
    Processed 16000/19440...
    Processed 16160/19440...
    Processed 16320/19440...
    Processed 16480/19440...
    Processed 16640/19440...
    Processed 16800/19440...
    Processed 16960/19440...
    Processed 17120/19440...
    Processed 17280/19440...
    Processed 17440/19440...
    Processed 17600/19440...
    Processed 17760/19440...
    Processed 17920/19440...
    Processed 18080/19440...
    Processed 18240/19440...
    Processed 18400/19440...
    Processed 18560/19440...
    Processed 18720/19440...
    Processed 18880/19440...
    Processed 19040/19440...
    Processed 19200/19440...
    Processed 19360/19440...
TIME run allocation action=new run=/fslarge/scratch/users/h61084/codes/evaluating_tsfms/outputs/context_size/tasks/ts_icl/context_length/512/univariate/current_velocity/20T/short/run_0 launch_id=selena_context_size_20260927T131553Z_36791 slurm_job_id=3584822 launched_at=2026-09-27T13:55:04.911912+00:00
    Total instances: 19440, Series during experiment: 162, Windows: 120
    Collecting ground truth and context...
    Detected to_univariate case: 162 flat series -> 27 series x 6 variates
    Organizing data into arrays...
    Saved predictions (quantiles) to /fslarge/scratch/users/h61084/codes/evaluating_tsfms/outputs/context_size/tasks/ts_icl/context_length/512/univariate/current_velocity/20T/short/run_0/predictions.npz
    Computing per-window metrics...
    Saved metrics to /fslarge/scratch/users/h61084/codes/evaluating_tsfms/outputs/context_size/tasks/ts_icl/context_length/512/univariate/current_velocity/20T/short/run_0/metrics.npz
    Saved config to /fslarge/scratch/users/h61084/codes/evaluating_tsfms/outputs/context_size/tasks/ts_icl/context_length/512/univariate/current_velocity/20T/short/run_0/config.json
    Saved aggregate metrics to /fslarge/scratch/users/h61084/codes/evaluating_tsfms/outputs/context_size/tasks/ts_icl/context_length/512/univariate/current_velocity/20T/short/run_0/metrics_summary.json
    Metrics summary (averaged over all series/windows/variates):
      MSE: 4.6697
      MAE: 0.6477
      RMSE: 0.7584
      MAPE: 1.0189
      sMAPE: 0.4421
      MASE: 0.5369
      ND: 0.3637
      CRPS: 0.2868
  Completed: 27 series × 120 windows
  Output: /fslarge/scratch/users/h61084/codes/evaluating_tsfms/outputs/context_size/tasks/ts_icl/context_length/512/univariate/current_velocity/20T/short/run_0
  Inference time: 39.415s

--- Term: medium ---
  Config: prediction_length=72, test_length=1080, val_length=1080
TIME run allocation action=new run=/fslarge/scratch/users/h61084/codes/evaluating_tsfms/outputs/context_size/inference/ts_icl/context_length/512/univariate/current_velocity/20T/medium/run_0 launch_id=selena_context_size_20260927T131553Z_36791 slurm_job_id=3584822 launched_at=2026-09-27T13:55:10.789544+00:00
  Initializing model pipeline...
  Dataset info:
    - Frequency: 20T
    - Num series: 27
    - Target dim: 6
    - Target mode: univariate
    - Covariate channels: 0
    - Series length: min=2529,               max=16759, avg=6460.2
    - Test split: 1080 steps
    - Prediction length: 72
    - Windows: 15
    Processed 160/2430...
    Processed 320/2430...
    Processed 480/2430...
    Processed 640/2430...
    Processed 800/2430...
    Processed 960/2430...
    Processed 1120/2430...
    Processed 1280/2430...
    Processed 1440/2430...
    Processed 1600/2430...
    Processed 1760/2430...
    Processed 1920/2430...
    Processed 2080/2430...
    Processed 2240/2430...
    Processed 2400/2430...
TIME run allocation action=new run=/fslarge/scratch/users/h61084/codes/evaluating_tsfms/outputs/context_size/tasks/ts_icl/context_length/512/univariate/current_velocity/20T/medium/run_0 launch_id=selena_context_size_20260927T131553Z_36791 slurm_job_id=3584822 launched_at=2026-09-27T13:55:17.130830+00:00
    Total instances: 2430, Series during experiment: 162, Windows: 15
    Collecting ground truth and context...
    Detected to_univariate case: 162 flat series -> 27 series x 6 variates
    Organizing data into arrays...
    Saved predictions (quantiles) to /fslarge/scratch/users/h61084/codes/evaluating_tsfms/outputs/context_size/tasks/ts_icl/context_length/512/univariate/current_velocity/20T/medium/run_0/predictions.npz
    Computing per-window metrics...
    Saved metrics to /fslarge/scratch/users/h61084/codes/evaluating_tsfms/outputs/context_size/tasks/ts_icl/context_length/512/univariate/current_velocity/20T/medium/run_0/metrics.npz
    Saved config to /fslarge/scratch/users/h61084/codes/evaluating_tsfms/outputs/context_size/tasks/ts_icl/context_length/512/univariate/current_velocity/20T/medium/run_0/config.json
    Saved aggregate metrics to /fslarge/scratch/users/h61084/codes/evaluating_tsfms/outputs/context_size/tasks/ts_icl/context_length/512/univariate/current_velocity/20T/medium/run_0/metrics_summary.json
    Metrics summary (averaged over all series/windows/variates):
      MSE: 8.8384
      MAE: 0.9598
      RMSE: 1.1784
      MAPE: 1.3536
      sMAPE: 0.5563
      MASE: 0.8836
      ND: 0.4346
      CRPS: 0.3439
  Completed: 27 series × 15 windows
  Output: /fslarge/scratch/users/h61084/codes/evaluating_tsfms/outputs/context_size/tasks/ts_icl/context_length/512/univariate/current_velocity/20T/medium/run_0
  Inference time: 5.621s

--- Term: long ---
  Config: prediction_length=216, test_length=1080, val_length=1080
TIME run allocation action=new run=/fslarge/scratch/users/h61084/codes/evaluating_tsfms/outputs/context_size/inference/ts_icl/context_length/512/univariate/current_velocity/20T/long/run_0 launch_id=selena_context_size_20260927T131553Z_36791 slurm_job_id=3584822 launched_at=2026-09-27T13:55:18.031574+00:00
  Initializing model pipeline...
  Dataset info:
    - Frequency: 20T
    - Num series: 27
    - Target dim: 6
    - Target mode: univariate
    - Covariate channels: 0
    - Series length: min=2529,               max=16759, avg=6460.2
    - Test split: 1080 steps
    - Prediction length: 216
    - Windows: 5
    Processed 160/810...
    Processed 320/810...
    Processed 480/810...
    Processed 640/810...
    Processed 800/810...
TIME run allocation action=new run=/fslarge/scratch/users/h61084/codes/evaluating_tsfms/outputs/context_size/tasks/ts_icl/context_length/512/univariate/current_velocity/20T/long/run_0 launch_id=selena_context_size_20260927T131553Z_36791 slurm_job_id=3584822 launched_at=2026-09-27T13:55:20.823076+00:00
    Total instances: 810, Series during experiment: 162, Windows: 5
    Collecting ground truth and context...
    Detected to_univariate case: 162 flat series -> 27 series x 6 variates
    Organizing data into arrays...
    Saved predictions (quantiles) to /fslarge/scratch/users/h61084/codes/evaluating_tsfms/outputs/context_size/tasks/ts_icl/context_length/512/univariate/current_velocity/20T/long/run_0/predictions.npz
    Computing per-window metrics...
    Saved metrics to /fslarge/scratch/users/h61084/codes/evaluating_tsfms/outputs/context_size/tasks/ts_icl/context_length/512/univariate/current_velocity/20T/long/run_0/metrics.npz
    Saved config to /fslarge/scratch/users/h61084/codes/evaluating_tsfms/outputs/context_size/tasks/ts_icl/context_length/512/univariate/current_velocity/20T/long/run_0/config.json
    Saved aggregate metrics to /fslarge/scratch/users/h61084/codes/evaluating_tsfms/outputs/context_size/tasks/ts_icl/context_length/512/univariate/current_velocity/20T/long/run_0/metrics_summary.json
    Metrics summary (averaged over all series/windows/variates):
      MSE: 11.3085
      MAE: 1.1324
      RMSE: 1.4089
      MAPE: 1.8163
      sMAPE: 0.6489
      MASE: 1.2793
      ND: 0.5274
      CRPS: 0.4152
  Completed: 27 series × 5 windows
  Output: /fslarge/scratch/users/h61084/codes/evaluating_tsfms/outputs/context_size/tasks/ts_icl/context_length/512/univariate/current_velocity/20T/long/run_0
  Inference time: 2.183s

============================================================
All experiments completed!
Results saved to: /scratch/users/h61084/codes/evaluating_tsfms/outputs/context_size/tasks
============================================================

############################################################
# All 1 dataset(s) completed!
############################################################

############################################################
# Dataset 1/1: current_velocity/H
############################################################
[2026-09-27 13:55:24 UTC] resources selected_device {"device": "cuda", "model": "ts_icl", "stage": "forecast"}
Loading configuration...

============================================================
Dataset: current_velocity/H
Terms: ['short', 'medium', 'long']
Covariate mode: none
Instance normalization: none
============================================================

--- Term: short ---
  Config: prediction_length=24, test_length=672, val_length=672
TIME run allocation action=new run=/fslarge/scratch/users/h61084/codes/evaluating_tsfms/outputs/context_size/inference/ts_icl/context_length/512/univariate/current_velocity/H/short/run_0 launch_id=selena_context_size_20260927T131553Z_36791 slurm_job_id=3584822 launched_at=2026-09-27T13:55:24.871554+00:00
  Initializing model pipeline...
  Dataset info:
    - Frequency: H
    - Num series: 21
    - Target dim: 6
    - Target mode: univariate
    - Covariate channels: 0
    - Series length: min=2208,               max=5587, avg=3502.3
    - Test split: 672 steps
    - Prediction length: 24
    - Windows: 28
    Processed 160/3528...
    Processed 320/3528...
    Processed 480/3528...
    Processed 640/3528...
    Processed 800/3528...
    Processed 960/3528...
    Processed 1120/3528...
    Processed 1280/3528...
    Processed 1440/3528...
    Processed 1600/3528...
    Processed 1760/3528...
    Processed 1920/3528...
    Processed 2080/3528...
    Processed 2240/3528...
    Processed 2400/3528...
    Processed 2560/3528...
    Processed 2720/3528...
    Processed 2880/3528...
    Processed 3040/3528...
    Processed 3200/3528...
    Processed 3360/3528...
    Processed 3520/3528...
TIME run allocation action=new run=/fslarge/scratch/users/h61084/codes/evaluating_tsfms/outputs/context_size/tasks/ts_icl/context_length/512/univariate/current_velocity/H/short/run_0 launch_id=selena_context_size_20260927T131553Z_36791 slurm_job_id=3584822 launched_at=2026-09-27T13:55:33.558544+00:00
    Total instances: 3528, Series during experiment: 126, Windows: 28
    Collecting ground truth and context...
    Detected to_univariate case: 126 flat series -> 21 series x 6 variates
    Organizing data into arrays...
    Saved predictions (quantiles) to /fslarge/scratch/users/h61084/codes/evaluating_tsfms/outputs/context_size/tasks/ts_icl/context_length/512/univariate/current_velocity/H/short/run_0/predictions.npz
    Computing per-window metrics...
    Saved metrics to /fslarge/scratch/users/h61084/codes/evaluating_tsfms/outputs/context_size/tasks/ts_icl/context_length/512/univariate/current_velocity/H/short/run_0/metrics.npz
    Saved config to /fslarge/scratch/users/h61084/codes/evaluating_tsfms/outputs/context_size/tasks/ts_icl/context_length/512/univariate/current_velocity/H/short/run_0/config.json
    Saved aggregate metrics to /fslarge/scratch/users/h61084/codes/evaluating_tsfms/outputs/context_size/tasks/ts_icl/context_length/512/univariate/current_velocity/H/short/run_0/metrics_summary.json
    Metrics summary (averaged over all series/windows/variates):
      MSE: 6.5798
      MAE: 0.8118
      RMSE: 1.0068
      MAPE: 1959387067254.3362
      sMAPE: 0.4564
      MASE: 0.7376
      ND: 0.3489
      CRPS: 0.2748
  Completed: 21 series × 28 windows
  Output: /fslarge/scratch/users/h61084/codes/evaluating_tsfms/outputs/context_size/tasks/ts_icl/context_length/512/univariate/current_velocity/H/short/run_0
  Inference time: 7.960s

--- Term: medium ---
  Config: prediction_length=168, test_length=672, val_length=672
TIME run allocation action=new run=/fslarge/scratch/users/h61084/codes/evaluating_tsfms/outputs/context_size/inference/ts_icl/context_length/512/univariate/current_velocity/H/medium/run_0 launch_id=selena_context_size_20260927T131553Z_36791 slurm_job_id=3584822 launched_at=2026-09-27T13:55:34.540473+00:00
  Initializing model pipeline...
  Dataset info:
    - Frequency: H
    - Num series: 21
    - Target dim: 6
    - Target mode: univariate
    - Covariate channels: 0
    - Series length: min=2208,               max=5587, avg=3502.3
    - Test split: 672 steps
    - Prediction length: 168
    - Windows: 4
    Processed 160/504...
    Processed 320/504...
    Processed 480/504...
TIME run allocation action=new run=/fslarge/scratch/users/h61084/codes/evaluating_tsfms/outputs/context_size/tasks/ts_icl/context_length/512/univariate/current_velocity/H/medium/run_0 launch_id=selena_context_size_20260927T131553Z_36791 slurm_job_id=3584822 launched_at=2026-09-27T13:55:36.381397+00:00
    Total instances: 504, Series during experiment: 126, Windows: 4
    Collecting ground truth and context...
    Detected to_univariate case: 126 flat series -> 21 series x 6 variates
    Organizing data into arrays...
    Saved predictions (quantiles) to /fslarge/scratch/users/h61084/codes/evaluating_tsfms/outputs/context_size/tasks/ts_icl/context_length/512/univariate/current_velocity/H/medium/run_0/predictions.npz
    Computing per-window metrics...
    Saved metrics to /fslarge/scratch/users/h61084/codes/evaluating_tsfms/outputs/context_size/tasks/ts_icl/context_length/512/univariate/current_velocity/H/medium/run_0/metrics.npz
    Saved config to /fslarge/scratch/users/h61084/codes/evaluating_tsfms/outputs/context_size/tasks/ts_icl/context_length/512/univariate/current_velocity/H/medium/run_0/config.json
    Saved aggregate metrics to /fslarge/scratch/users/h61084/codes/evaluating_tsfms/outputs/context_size/tasks/ts_icl/context_length/512/univariate/current_velocity/H/medium/run_0/metrics_summary.json
    Metrics summary (averaged over all series/windows/variates):
      MSE: 10.8893
      MAE: 1.1353
      RMSE: 1.4122
      MAPE: 2148352339382.9053
      sMAPE: 0.5849
      MASE: 1.2572
      ND: 0.4295
      CRPS: 0.3370
  Completed: 21 series × 4 windows
  Output: /fslarge/scratch/users/h61084/codes/evaluating_tsfms/outputs/context_size/tasks/ts_icl/context_length/512/univariate/current_velocity/H/medium/run_0
  Inference time: 1.302s

--- Term: long ---
  Config: prediction_length=336, test_length=672, val_length=672
TIME run allocation action=new run=/fslarge/scratch/users/h61084/codes/evaluating_tsfms/outputs/context_size/inference/ts_icl/context_length/512/univariate/current_velocity/H/long/run_0 launch_id=selena_context_size_20260927T131553Z_36791 slurm_job_id=3584822 launched_at=2026-09-27T13:55:36.615505+00:00
  Initializing model pipeline...
  Dataset info:
    - Frequency: H
    - Num series: 21
    - Target dim: 6
    - Target mode: univariate
    - Covariate channels: 0
    - Series length: min=2208,               max=5587, avg=3502.3
    - Test split: 672 steps
    - Prediction length: 336
    - Windows: 2
    Processed 160/252...
TIME run allocation action=new run=/fslarge/scratch/users/h61084/codes/evaluating_tsfms/outputs/context_size/tasks/ts_icl/context_length/512/univariate/current_velocity/H/long/run_0 launch_id=selena_context_size_20260927T131553Z_36791 slurm_job_id=3584822 launched_at=2026-09-27T13:55:37.903771+00:00
    Total instances: 252, Series during experiment: 126, Windows: 2
    Collecting ground truth and context...
    Detected to_univariate case: 126 flat series -> 21 series x 6 variates
    Organizing data into arrays...
    Saved predictions (quantiles) to /fslarge/scratch/users/h61084/codes/evaluating_tsfms/outputs/context_size/tasks/ts_icl/context_length/512/univariate/current_velocity/H/long/run_0/predictions.npz
    Computing per-window metrics...
    Saved metrics to /fslarge/scratch/users/h61084/codes/evaluating_tsfms/outputs/context_size/tasks/ts_icl/context_length/512/univariate/current_velocity/H/long/run_0/metrics.npz
    Saved config to /fslarge/scratch/users/h61084/codes/evaluating_tsfms/outputs/context_size/tasks/ts_icl/context_length/512/univariate/current_velocity/H/long/run_0/config.json
    Saved aggregate metrics to /fslarge/scratch/users/h61084/codes/evaluating_tsfms/outputs/context_size/tasks/ts_icl/context_length/512/univariate/current_velocity/H/long/run_0/metrics_summary.json
    Metrics summary (averaged over all series/windows/variates):
      MSE: 11.6745
      MAE: 1.2042
      RMSE: 1.5097
      MAPE: 1840624902634.5178
      sMAPE: 0.6142
      MASE: 1.4552
      ND: 0.4395
      CRPS: 0.3474
  Completed: 21 series × 2 windows
  Output: /fslarge/scratch/users/h61084/codes/evaluating_tsfms/outputs/context_size/tasks/ts_icl/context_length/512/univariate/current_velocity/H/long/run_0
  Inference time: 0.765s

============================================================
All experiments completed!
Results saved to: /scratch/users/h61084/codes/evaluating_tsfms/outputs/context_size/tasks
============================================================

############################################################
# All 1 dataset(s) completed!
############################################################

############################################################
# Dataset 1/1: CPHL/15T
############################################################
[2026-09-27 13:55:41 UTC] resources selected_device {"device": "cuda", "model": "ts_icl", "stage": "forecast"}
Loading configuration...

============================================================
Dataset: CPHL/15T
Terms: ['short', 'medium', 'long']
Covariate mode: none
Instance normalization: none
============================================================

--- Term: short ---
  Config: prediction_length=12, test_length=1440, val_length=1440
TIME run allocation action=new run=/fslarge/scratch/users/h61084/codes/evaluating_tsfms/outputs/context_size/inference/ts_icl/context_length/512/univariate/CPHL/15T/short/run_0 launch_id=selena_context_size_20260927T131553Z_36791 slurm_job_id=3584822 launched_at=2026-09-27T13:55:41.610059+00:00
  Initializing model pipeline...
  Dataset info:
    - Frequency: 15T
    - Num series: 2
    - Target dim: 1
    - Target mode: univariate
    - Covariate channels: 0
    - Series length: min=9956,               max=10831, avg=10393.5
    - Test split: 1440 steps
    - Prediction length: 12
    - Windows: 120
    Processed 160/240...
TIME run allocation action=new run=/fslarge/scratch/users/h61084/codes/evaluating_tsfms/outputs/context_size/tasks/ts_icl/context_length/512/univariate/CPHL/15T/short/run_0 launch_id=selena_context_size_20260927T131553Z_36791 slurm_job_id=3584822 launched_at=2026-09-27T13:55:42.981106+00:00
    Total instances: 240, Series during experiment: 2, Windows: 120
    Collecting ground truth and context...
    Organizing data into arrays...
    Saved predictions (quantiles) to /fslarge/scratch/users/h61084/codes/evaluating_tsfms/outputs/context_size/tasks/ts_icl/context_length/512/univariate/CPHL/15T/short/run_0/predictions.npz
    Computing per-window metrics...
    Saved metrics to /fslarge/scratch/users/h61084/codes/evaluating_tsfms/outputs/context_size/tasks/ts_icl/context_length/512/univariate/CPHL/15T/short/run_0/metrics.npz
    Saved config to /fslarge/scratch/users/h61084/codes/evaluating_tsfms/outputs/context_size/tasks/ts_icl/context_length/512/univariate/CPHL/15T/short/run_0/config.json
    Saved aggregate metrics to /fslarge/scratch/users/h61084/codes/evaluating_tsfms/outputs/context_size/tasks/ts_icl/context_length/512/univariate/CPHL/15T/short/run_0/metrics_summary.json
    Metrics summary (averaged over all series/windows/variates):
      MSE: 0.0625
      MAE: 0.1389
      RMSE: 0.1620
      MAPE: 0.2020
      sMAPE: 0.1804
      MASE: 0.6619
      ND: 0.1920
      CRPS: 0.1523
  Completed: 2 series × 120 windows
  Output: /fslarge/scratch/users/h61084/codes/evaluating_tsfms/outputs/context_size/tasks/ts_icl/context_length/512/univariate/CPHL/15T/short/run_0
  Inference time: 0.759s

--- Term: medium ---
  Config: prediction_length=96, test_length=1440, val_length=1440
TIME run allocation action=new run=/fslarge/scratch/users/h61084/codes/evaluating_tsfms/outputs/context_size/inference/ts_icl/context_length/512/univariate/CPHL/15T/medium/run_0 launch_id=selena_context_size_20260927T131553Z_36791 slurm_job_id=3584822 launched_at=2026-09-27T13:55:43.073466+00:00
  Initializing model pipeline...
  Dataset info:
    - Frequency: 15T
    - Num series: 2
    - Target dim: 1
    - Target mode: univariate
    - Covariate channels: 0
    - Series length: min=9956,               max=10831, avg=10393.5
    - Test split: 1440 steps
    - Prediction length: 96
    - Windows: 15
TIME run allocation action=new run=/fslarge/scratch/users/h61084/codes/evaluating_tsfms/outputs/context_size/tasks/ts_icl/context_length/512/univariate/CPHL/15T/medium/run_0 launch_id=selena_context_size_20260927T131553Z_36791 slurm_job_id=3584822 launched_at=2026-09-27T13:55:43.628634+00:00
    Total instances: 30, Series during experiment: 2, Windows: 15
    Collecting ground truth and context...
    Organizing data into arrays...
    Saved predictions (quantiles) to /fslarge/scratch/users/h61084/codes/evaluating_tsfms/outputs/context_size/tasks/ts_icl/context_length/512/univariate/CPHL/15T/medium/run_0/predictions.npz
    Computing per-window metrics...
    Saved metrics to /fslarge/scratch/users/h61084/codes/evaluating_tsfms/outputs/context_size/tasks/ts_icl/context_length/512/univariate/CPHL/15T/medium/run_0/metrics.npz
    Saved config to /fslarge/scratch/users/h61084/codes/evaluating_tsfms/outputs/context_size/tasks/ts_icl/context_length/512/univariate/CPHL/15T/medium/run_0/config.json
    Saved aggregate metrics to /fslarge/scratch/users/h61084/codes/evaluating_tsfms/outputs/context_size/tasks/ts_icl/context_length/512/univariate/CPHL/15T/medium/run_0/metrics_summary.json
    Metrics summary (averaged over all series/windows/variates):
      MSE: 0.1234
      MAE: 0.2246
      RMSE: 0.2830
      MAPE: 0.3719
      sMAPE: 0.3002
      MASE: 1.1008
      ND: 0.3088
      CRPS: 0.2486
  Completed: 2 series × 15 windows
  Output: /fslarge/scratch/users/h61084/codes/evaluating_tsfms/outputs/context_size/tasks/ts_icl/context_length/512/univariate/CPHL/15T/medium/run_0
  Inference time: 0.113s

--- Term: long ---
  Config: prediction_length=288, test_length=1440, val_length=1440
TIME run allocation action=new run=/fslarge/scratch/users/h61084/codes/evaluating_tsfms/outputs/context_size/inference/ts_icl/context_length/512/univariate/CPHL/15T/long/run_0 launch_id=selena_context_size_20260927T131553Z_36791 slurm_job_id=3584822 launched_at=2026-09-27T13:55:43.661589+00:00
  Initializing model pipeline...
  Dataset info:
    - Frequency: 15T
    - Num series: 2
    - Target dim: 1
    - Target mode: univariate
    - Covariate channels: 0
    - Series length: min=9956,               max=10831, avg=10393.5
    - Test split: 1440 steps
    - Prediction length: 288
    - Windows: 5
TIME run allocation action=new run=/fslarge/scratch/users/h61084/codes/evaluating_tsfms/outputs/context_size/tasks/ts_icl/context_length/512/univariate/CPHL/15T/long/run_0 launch_id=selena_context_size_20260927T131553Z_36791 slurm_job_id=3584822 launched_at=2026-09-27T13:55:44.079226+00:00
    Total instances: 10, Series during experiment: 2, Windows: 5
    Collecting ground truth and context...
    Organizing data into arrays...
    Saved predictions (quantiles) to /fslarge/scratch/users/h61084/codes/evaluating_tsfms/outputs/context_size/tasks/ts_icl/context_length/512/univariate/CPHL/15T/long/run_0/predictions.npz
    Computing per-window metrics...
    Saved metrics to /fslarge/scratch/users/h61084/codes/evaluating_tsfms/outputs/context_size/tasks/ts_icl/context_length/512/univariate/CPHL/15T/long/run_0/metrics.npz
    Saved config to /fslarge/scratch/users/h61084/codes/evaluating_tsfms/outputs/context_size/tasks/ts_icl/context_length/512/univariate/CPHL/15T/long/run_0/config.json
    Saved aggregate metrics to /fslarge/scratch/users/h61084/codes/evaluating_tsfms/outputs/context_size/tasks/ts_icl/context_length/512/univariate/CPHL/15T/long/run_0/metrics_summary.json
    Metrics summary (averaged over all series/windows/variates):
      MSE: 0.1298
      MAE: 0.2433
      RMSE: 0.3191
      MAPE: 0.4053
      sMAPE: 0.3329
      MASE: 1.2478
      ND: 0.3415
      CRPS: 0.2753
  Completed: 2 series × 5 windows
  Output: /fslarge/scratch/users/h61084/codes/evaluating_tsfms/outputs/context_size/tasks/ts_icl/context_length/512/univariate/CPHL/15T/long/run_0
  Inference time: 0.054s

============================================================
All experiments completed!
Results saved to: /scratch/users/h61084/codes/evaluating_tsfms/outputs/context_size/tasks
============================================================

############################################################
# All 1 dataset(s) completed!
############################################################

############################################################
# Dataset 1/1: CPHL/30T
############################################################
[2026-09-27 13:55:47 UTC] resources selected_device {"device": "cuda", "model": "ts_icl", "stage": "forecast"}
Loading configuration...

============================================================
Dataset: CPHL/30T
Terms: ['short', 'medium', 'long']
Covariate mode: none
Instance normalization: none
============================================================

--- Term: short ---
  Config: prediction_length=12, test_length=1440, val_length=1440
TIME run allocation action=new run=/fslarge/scratch/users/h61084/codes/evaluating_tsfms/outputs/context_size/inference/ts_icl/context_length/512/univariate/CPHL/30T/short/run_0 launch_id=selena_context_size_20260927T131553Z_36791 slurm_job_id=3584822 launched_at=2026-09-27T13:55:47.578794+00:00
  Initializing model pipeline...
  Dataset info:
    - Frequency: 30T
    - Num series: 2
    - Target dim: 1
    - Target mode: univariate
    - Covariate channels: 0
    - Series length: min=11808,               max=17566, avg=14687.0
    - Test split: 1440 steps
    - Prediction length: 12
    - Windows: 120
    Processed 160/240...
TIME run allocation action=new run=/fslarge/scratch/users/h61084/codes/evaluating_tsfms/outputs/context_size/tasks/ts_icl/context_length/512/univariate/CPHL/30T/short/run_0 launch_id=selena_context_size_20260927T131553Z_36791 slurm_job_id=3584822 launched_at=2026-09-27T13:55:48.910000+00:00
    Total instances: 240, Series during experiment: 2, Windows: 120
    Collecting ground truth and context...
    Organizing data into arrays...
    Saved predictions (quantiles) to /fslarge/scratch/users/h61084/codes/evaluating_tsfms/outputs/context_size/tasks/ts_icl/context_length/512/univariate/CPHL/30T/short/run_0/predictions.npz
    Computing per-window metrics...
    Saved metrics to /fslarge/scratch/users/h61084/codes/evaluating_tsfms/outputs/context_size/tasks/ts_icl/context_length/512/univariate/CPHL/30T/short/run_0/metrics.npz
    Saved config to /fslarge/scratch/users/h61084/codes/evaluating_tsfms/outputs/context_size/tasks/ts_icl/context_length/512/univariate/CPHL/30T/short/run_0/config.json
    Saved aggregate metrics to /fslarge/scratch/users/h61084/codes/evaluating_tsfms/outputs/context_size/tasks/ts_icl/context_length/512/univariate/CPHL/30T/short/run_0/metrics_summary.json
    Metrics summary (averaged over all series/windows/variates):
      MSE: 0.5908
      MAE: 0.4548
      RMSE: 0.5452
      MAPE: 0.4140
      sMAPE: 0.2958
      MASE: 1.3746
      ND: 0.3001
      CRPS: 0.2324
  Completed: 2 series × 120 windows
  Output: /fslarge/scratch/users/h61084/codes/evaluating_tsfms/outputs/context_size/tasks/ts_icl/context_length/512/univariate/CPHL/30T/short/run_0
  Inference time: 0.720s

--- Term: medium ---
  Config: prediction_length=48, test_length=1440, val_length=1440
TIME run allocation action=new run=/fslarge/scratch/users/h61084/codes/evaluating_tsfms/outputs/context_size/inference/ts_icl/context_length/512/univariate/CPHL/30T/medium/run_0 launch_id=selena_context_size_20260927T131553Z_36791 slurm_job_id=3584822 launched_at=2026-09-27T13:55:49.007854+00:00
  Initializing model pipeline...
  Dataset info:
    - Frequency: 30T
    - Num series: 2
    - Target dim: 1
    - Target mode: univariate
    - Covariate channels: 0
    - Series length: min=11808,               max=17566, avg=14687.0
    - Test split: 1440 steps
    - Prediction length: 48
    - Windows: 30
TIME run allocation action=new run=/fslarge/scratch/users/h61084/codes/evaluating_tsfms/outputs/context_size/tasks/ts_icl/context_length/512/univariate/CPHL/30T/medium/run_0 launch_id=selena_context_size_20260927T131553Z_36791 slurm_job_id=3584822 launched_at=2026-09-27T13:55:49.643023+00:00
    Total instances: 60, Series during experiment: 2, Windows: 30
    Collecting ground truth and context...
    Organizing data into arrays...
    Saved predictions (quantiles) to /fslarge/scratch/users/h61084/codes/evaluating_tsfms/outputs/context_size/tasks/ts_icl/context_length/512/univariate/CPHL/30T/medium/run_0/predictions.npz
    Computing per-window metrics...
    Saved metrics to /fslarge/scratch/users/h61084/codes/evaluating_tsfms/outputs/context_size/tasks/ts_icl/context_length/512/univariate/CPHL/30T/medium/run_0/metrics.npz
    Saved config to /fslarge/scratch/users/h61084/codes/evaluating_tsfms/outputs/context_size/tasks/ts_icl/context_length/512/univariate/CPHL/30T/medium/run_0/config.json
    Saved aggregate metrics to /fslarge/scratch/users/h61084/codes/evaluating_tsfms/outputs/context_size/tasks/ts_icl/context_length/512/univariate/CPHL/30T/medium/run_0/metrics_summary.json
    Metrics summary (averaged over all series/windows/variates):
      MSE: 0.7113
      MAE: 0.5122
      RMSE: 0.6176
      MAPE: 0.4987
      sMAPE: 0.3375
      MASE: 1.5591
      ND: 0.3446
      CRPS: 0.2631
  Completed: 2 series × 30 windows
  Output: /fslarge/scratch/users/h61084/codes/evaluating_tsfms/outputs/context_size/tasks/ts_icl/context_length/512/univariate/CPHL/30T/medium/run_0
  Inference time: 0.187s

--- Term: long ---
  Config: prediction_length=144, test_length=1440, val_length=1440
TIME run allocation action=new run=/fslarge/scratch/users/h61084/codes/evaluating_tsfms/outputs/context_size/inference/ts_icl/context_length/512/univariate/CPHL/30T/long/run_0 launch_id=selena_context_size_20260927T131553Z_36791 slurm_job_id=3584822 launched_at=2026-09-27T13:55:49.685381+00:00
  Initializing model pipeline...
  Dataset info:
    - Frequency: 30T
    - Num series: 2
    - Target dim: 1
    - Target mode: univariate
    - Covariate channels: 0
    - Series length: min=11808,               max=17566, avg=14687.0
    - Test split: 1440 steps
    - Prediction length: 144
    - Windows: 10
TIME run allocation action=new run=/fslarge/scratch/users/h61084/codes/evaluating_tsfms/outputs/context_size/tasks/ts_icl/context_length/512/univariate/CPHL/30T/long/run_0 launch_id=selena_context_size_20260927T131553Z_36791 slurm_job_id=3584822 launched_at=2026-09-27T13:55:50.136429+00:00
    Total instances: 20, Series during experiment: 2, Windows: 10
    Collecting ground truth and context...
    Organizing data into arrays...
    Saved predictions (quantiles) to /fslarge/scratch/users/h61084/codes/evaluating_tsfms/outputs/context_size/tasks/ts_icl/context_length/512/univariate/CPHL/30T/long/run_0/predictions.npz
    Computing per-window metrics...
    Saved metrics to /fslarge/scratch/users/h61084/codes/evaluating_tsfms/outputs/context_size/tasks/ts_icl/context_length/512/univariate/CPHL/30T/long/run_0/metrics.npz
    Saved config to /fslarge/scratch/users/h61084/codes/evaluating_tsfms/outputs/context_size/tasks/ts_icl/context_length/512/univariate/CPHL/30T/long/run_0/config.json
    Saved aggregate metrics to /fslarge/scratch/users/h61084/codes/evaluating_tsfms/outputs/context_size/tasks/ts_icl/context_length/512/univariate/CPHL/30T/long/run_0/metrics_summary.json
    Metrics summary (averaged over all series/windows/variates):
      MSE: 0.8372
      MAE: 0.5673
      RMSE: 0.6909
      MAPE: 0.6129
      sMAPE: 0.4160
      MASE: 1.8790
      ND: 0.4067
      CRPS: 0.3150
  Completed: 2 series × 10 windows
  Output: /fslarge/scratch/users/h61084/codes/evaluating_tsfms/outputs/context_size/tasks/ts_icl/context_length/512/univariate/CPHL/30T/long/run_0
  Inference time: 0.088s

============================================================
All experiments completed!
Results saved to: /scratch/users/h61084/codes/evaluating_tsfms/outputs/context_size/tasks
============================================================

############################################################
# All 1 dataset(s) completed!
############################################################

############################################################
# Dataset 1/1: CPHL/H
############################################################
[2026-09-27 13:55:53 UTC] resources selected_device {"device": "cuda", "model": "ts_icl", "stage": "forecast"}
Loading configuration...

============================================================
Dataset: CPHL/H
Terms: ['short', 'medium', 'long']
Covariate mode: none
Instance normalization: none
============================================================

--- Term: short ---
  Config: prediction_length=24, test_length=672, val_length=672
TIME run allocation action=new run=/fslarge/scratch/users/h61084/codes/evaluating_tsfms/outputs/context_size/inference/ts_icl/context_length/512/univariate/CPHL/H/short/run_0 launch_id=selena_context_size_20260927T131553Z_36791 slurm_job_id=3584822 launched_at=2026-09-27T13:55:53.638179+00:00
  Initializing model pipeline...
  Dataset info:
    - Frequency: H
    - Num series: 4
    - Target dim: 1
    - Target mode: univariate
    - Covariate channels: 0
    - Series length: min=2490,               max=8783, avg=4971.2
    - Test split: 672 steps
    - Prediction length: 24
    - Windows: 28
TIME run allocation action=new run=/fslarge/scratch/users/h61084/codes/evaluating_tsfms/outputs/context_size/tasks/ts_icl/context_length/512/univariate/CPHL/H/short/run_0 launch_id=selena_context_size_20260927T131553Z_36791 slurm_job_id=3584822 launched_at=2026-09-27T13:55:54.705368+00:00
    Total instances: 112, Series during experiment: 4, Windows: 28
    Collecting ground truth and context...
    Organizing data into arrays...
    Saved predictions (quantiles) to /fslarge/scratch/users/h61084/codes/evaluating_tsfms/outputs/context_size/tasks/ts_icl/context_length/512/univariate/CPHL/H/short/run_0/predictions.npz
    Computing per-window metrics...
    Saved metrics to /fslarge/scratch/users/h61084/codes/evaluating_tsfms/outputs/context_size/tasks/ts_icl/context_length/512/univariate/CPHL/H/short/run_0/metrics.npz
    Saved config to /fslarge/scratch/users/h61084/codes/evaluating_tsfms/outputs/context_size/tasks/ts_icl/context_length/512/univariate/CPHL/H/short/run_0/config.json
    Saved aggregate metrics to /fslarge/scratch/users/h61084/codes/evaluating_tsfms/outputs/context_size/tasks/ts_icl/context_length/512/univariate/CPHL/H/short/run_0/metrics_summary.json
    Metrics summary (averaged over all series/windows/variates):
      MSE: 0.3464
      MAE: 0.3362
      RMSE: 0.4074
      MAPE: 0.3472
      sMAPE: 0.2861
      MASE: 1.2417
      ND: 0.2860
      CRPS: 0.2227
  Completed: 4 series × 28 windows
  Output: /fslarge/scratch/users/h61084/codes/evaluating_tsfms/outputs/context_size/tasks/ts_icl/context_length/512/univariate/CPHL/H/short/run_0
  Inference time: 0.420s

--- Term: medium ---
  Config: prediction_length=168, test_length=672, val_length=672
TIME run allocation action=new run=/fslarge/scratch/users/h61084/codes/evaluating_tsfms/outputs/context_size/inference/ts_icl/context_length/512/univariate/CPHL/H/medium/run_0 launch_id=selena_context_size_20260927T131553Z_36791 slurm_job_id=3584822 launched_at=2026-09-27T13:55:54.762242+00:00
  Initializing model pipeline...
  Dataset info:
    - Frequency: H
    - Num series: 4
    - Target dim: 1
    - Target mode: univariate
    - Covariate channels: 0
    - Series length: min=2490,               max=8783, avg=4971.2
    - Test split: 672 steps
    - Prediction length: 168
    - Windows: 4
TIME run allocation action=new run=/fslarge/scratch/users/h61084/codes/evaluating_tsfms/outputs/context_size/tasks/ts_icl/context_length/512/univariate/CPHL/H/medium/run_0 launch_id=selena_context_size_20260927T131553Z_36791 slurm_job_id=3584822 launched_at=2026-09-27T13:55:55.272919+00:00
    Total instances: 16, Series during experiment: 4, Windows: 4
    Collecting ground truth and context...
    Organizing data into arrays...
    Saved predictions (quantiles) to /fslarge/scratch/users/h61084/codes/evaluating_tsfms/outputs/context_size/tasks/ts_icl/context_length/512/univariate/CPHL/H/medium/run_0/predictions.npz
    Computing per-window metrics...
    Saved metrics to /fslarge/scratch/users/h61084/codes/evaluating_tsfms/outputs/context_size/tasks/ts_icl/context_length/512/univariate/CPHL/H/medium/run_0/metrics.npz
    Saved config to /fslarge/scratch/users/h61084/codes/evaluating_tsfms/outputs/context_size/tasks/ts_icl/context_length/512/univariate/CPHL/H/medium/run_0/config.json
    Saved aggregate metrics to /fslarge/scratch/users/h61084/codes/evaluating_tsfms/outputs/context_size/tasks/ts_icl/context_length/512/univariate/CPHL/H/medium/run_0/metrics_summary.json
    Metrics summary (averaged over all series/windows/variates):
      MSE: 0.5292
      MAE: 0.4683
      RMSE: 0.5692
      MAPE: 0.5327
      sMAPE: 0.4431
      MASE: 2.0000
      ND: 0.4431
      CRPS: 0.3395
  Completed: 4 series × 4 windows
  Output: /fslarge/scratch/users/h61084/codes/evaluating_tsfms/outputs/context_size/tasks/ts_icl/context_length/512/univariate/CPHL/H/medium/run_0
  Inference time: 0.067s

--- Term: long ---
  Config: prediction_length=336, test_length=672, val_length=672
TIME run allocation action=new run=/fslarge/scratch/users/h61084/codes/evaluating_tsfms/outputs/context_size/inference/ts_icl/context_length/512/univariate/CPHL/H/long/run_0 launch_id=selena_context_size_20260927T131553Z_36791 slurm_job_id=3584822 launched_at=2026-09-27T13:55:55.300392+00:00
  Initializing model pipeline...
  Dataset info:
    - Frequency: H
    - Num series: 4
    - Target dim: 1
    - Target mode: univariate
    - Covariate channels: 0
    - Series length: min=2490,               max=8783, avg=4971.2
    - Test split: 672 steps
    - Prediction length: 336
    - Windows: 2
TIME run allocation action=new run=/fslarge/scratch/users/h61084/codes/evaluating_tsfms/outputs/context_size/tasks/ts_icl/context_length/512/univariate/CPHL/H/long/run_0 launch_id=selena_context_size_20260927T131553Z_36791 slurm_job_id=3584822 launched_at=2026-09-27T13:55:55.715049+00:00
    Total instances: 8, Series during experiment: 4, Windows: 2
    Collecting ground truth and context...
    Organizing data into arrays...
    Saved predictions (quantiles) to /fslarge/scratch/users/h61084/codes/evaluating_tsfms/outputs/context_size/tasks/ts_icl/context_length/512/univariate/CPHL/H/long/run_0/predictions.npz
    Computing per-window metrics...
    Saved metrics to /fslarge/scratch/users/h61084/codes/evaluating_tsfms/outputs/context_size/tasks/ts_icl/context_length/512/univariate/CPHL/H/long/run_0/metrics.npz
    Saved config to /fslarge/scratch/users/h61084/codes/evaluating_tsfms/outputs/context_size/tasks/ts_icl/context_length/512/univariate/CPHL/H/long/run_0/config.json
    Saved aggregate metrics to /fslarge/scratch/users/h61084/codes/evaluating_tsfms/outputs/context_size/tasks/ts_icl/context_length/512/univariate/CPHL/H/long/run_0/metrics_summary.json
    Metrics summary (averaged over all series/windows/variates):
      MSE: 0.5735
      MAE: 0.4931
      RMSE: 0.6129
      MAPE: 0.5424
      sMAPE: 0.4928
      MASE: 2.2285
      ND: 0.4657
      CRPS: 0.3629
  Completed: 4 series × 2 windows
  Output: /fslarge/scratch/users/h61084/codes/evaluating_tsfms/outputs/context_size/tasks/ts_icl/context_length/512/univariate/CPHL/H/long/run_0
  Inference time: 0.048s

============================================================
All experiments completed!
Results saved to: /scratch/users/h61084/codes/evaluating_tsfms/outputs/context_size/tasks
============================================================

############################################################
# All 1 dataset(s) completed!
############################################################

############################################################
# Dataset 1/1: Coastal_T_S/5T
############################################################
[2026-09-27 13:55:59 UTC] resources selected_device {"device": "cuda", "model": "ts_icl", "stage": "forecast"}
Loading configuration...

============================================================
Dataset: Coastal_T_S/5T
Terms: ['short', 'medium', 'long']
Covariate mode: none
Instance normalization: none
============================================================

--- Term: short ---
  Config: prediction_length=36, test_length=4320, val_length=4320
TIME run allocation action=new run=/fslarge/scratch/users/h61084/codes/evaluating_tsfms/outputs/context_size/inference/ts_icl/context_length/512/univariate/Coastal_T_S/5T/short/run_0 launch_id=selena_context_size_20260927T131553Z_36791 slurm_job_id=3584822 launched_at=2026-09-27T13:55:59.321334+00:00
  Initializing model pipeline...
  Dataset info:
    - Frequency: 5T
    - Num series: 18
    - Target dim: 3
    - Target mode: univariate
    - Covariate channels: 0
    - Series length: min=44614,               max=105408, avg=68604.9
    - Test split: 4320 steps
    - Prediction length: 36
    - Windows: 120
    Processed 160/6480...
    Processed 320/6480...
    Processed 480/6480...
    Processed 640/6480...
    Processed 800/6480...
    Processed 960/6480...
    Processed 1120/6480...
    Processed 1280/6480...
    Processed 1440/6480...
    Processed 1600/6480...
    Processed 1760/6480...
    Processed 1920/6480...
    Processed 2080/6480...
    Processed 2240/6480...
    Processed 2400/6480...
    Processed 2560/6480...
    Processed 2720/6480...
    Processed 2880/6480...
    Processed 3040/6480...
    Processed 3200/6480...
    Processed 3360/6480...
    Processed 3520/6480...
    Processed 3680/6480...
    Processed 3840/6480...
    Processed 4000/6480...
    Processed 4160/6480...
    Processed 4320/6480...
    Processed 4480/6480...
    Processed 4640/6480...
    Processed 4800/6480...
    Processed 4960/6480...
    Processed 5120/6480...
    Processed 5280/6480...
    Processed 5440/6480...
    Processed 5600/6480...
    Processed 5760/6480...
    Processed 5920/6480...
    Processed 6080/6480...
    Processed 6240/6480...
    Processed 6400/6480...
TIME run allocation action=new run=/fslarge/scratch/users/h61084/codes/evaluating_tsfms/outputs/context_size/tasks/ts_icl/context_length/512/univariate/Coastal_T_S/5T/short/run_0 launch_id=selena_context_size_20260927T131553Z_36791 slurm_job_id=3584822 launched_at=2026-09-27T13:56:15.241308+00:00
    Total instances: 6480, Series during experiment: 54, Windows: 120
    Collecting ground truth and context...
    Detected to_univariate case: 54 flat series -> 18 series x 3 variates
    Organizing data into arrays...
    Saved predictions (quantiles) to /fslarge/scratch/users/h61084/codes/evaluating_tsfms/outputs/context_size/tasks/ts_icl/context_length/512/univariate/Coastal_T_S/5T/short/run_0/predictions.npz
    Computing per-window metrics...
    Saved metrics to /fslarge/scratch/users/h61084/codes/evaluating_tsfms/outputs/context_size/tasks/ts_icl/context_length/512/univariate/Coastal_T_S/5T/short/run_0/metrics.npz
    Saved config to /fslarge/scratch/users/h61084/codes/evaluating_tsfms/outputs/context_size/tasks/ts_icl/context_length/512/univariate/Coastal_T_S/5T/short/run_0/config.json
    Saved aggregate metrics to /fslarge/scratch/users/h61084/codes/evaluating_tsfms/outputs/context_size/tasks/ts_icl/context_length/512/univariate/Coastal_T_S/5T/short/run_0/metrics_summary.json
    Metrics summary (averaged over all series/windows/variates):
      MSE: 148.8343
      MAE: 2.8790
      RMSE: 3.3649
      MAPE: 0.0951
      sMAPE: 0.0657
      MASE: 0.8163
      ND: 0.0627
      CRPS: 0.0381
  Completed: 18 series × 120 windows
  Output: /fslarge/scratch/users/h61084/codes/evaluating_tsfms/outputs/context_size/tasks/ts_icl/context_length/512/univariate/Coastal_T_S/5T/short/run_0
  Inference time: 14.784s

--- Term: medium ---
  Config: prediction_length=288, test_length=4320, val_length=4320
TIME run allocation action=new run=/fslarge/scratch/users/h61084/codes/evaluating_tsfms/outputs/context_size/inference/ts_icl/context_length/512/univariate/Coastal_T_S/5T/medium/run_0 launch_id=selena_context_size_20260927T131553Z_36791 slurm_job_id=3584822 launched_at=2026-09-27T13:56:19.472915+00:00
  Initializing model pipeline...
  Dataset info:
    - Frequency: 5T
    - Num series: 18
    - Target dim: 3
    - Target mode: univariate
    - Covariate channels: 0
    - Series length: min=44614,               max=105408, avg=68604.9
    - Test split: 4320 steps
    - Prediction length: 288
    - Windows: 15
    Processed 160/810...
    Processed 320/810...
    Processed 480/810...
    Processed 640/810...
    Processed 800/810...
TIME run allocation action=new run=/fslarge/scratch/users/h61084/codes/evaluating_tsfms/outputs/context_size/tasks/ts_icl/context_length/512/univariate/Coastal_T_S/5T/medium/run_0 launch_id=selena_context_size_20260927T131553Z_36791 slurm_job_id=3584822 launched_at=2026-09-27T13:56:23.018683+00:00
    Total instances: 810, Series during experiment: 54, Windows: 15
    Collecting ground truth and context...
    Detected to_univariate case: 54 flat series -> 18 series x 3 variates
    Organizing data into arrays...
    Saved predictions (quantiles) to /fslarge/scratch/users/h61084/codes/evaluating_tsfms/outputs/context_size/tasks/ts_icl/context_length/512/univariate/Coastal_T_S/5T/medium/run_0/predictions.npz
    Computing per-window metrics...
    Saved metrics to /fslarge/scratch/users/h61084/codes/evaluating_tsfms/outputs/context_size/tasks/ts_icl/context_length/512/univariate/Coastal_T_S/5T/medium/run_0/metrics.npz
    Saved config to /fslarge/scratch/users/h61084/codes/evaluating_tsfms/outputs/context_size/tasks/ts_icl/context_length/512/univariate/Coastal_T_S/5T/medium/run_0/config.json
    Saved aggregate metrics to /fslarge/scratch/users/h61084/codes/evaluating_tsfms/outputs/context_size/tasks/ts_icl/context_length/512/univariate/Coastal_T_S/5T/medium/run_0/metrics_summary.json
    Metrics summary (averaged over all series/windows/variates):
      MSE: 147.7618
      MAE: 2.9938
      RMSE: 3.5212
      MAPE: 0.0892
      sMAPE: 0.0700
      MASE: 1.0585
      ND: 0.0666
      CRPS: 0.0421
  Completed: 18 series × 15 windows
  Output: /fslarge/scratch/users/h61084/codes/evaluating_tsfms/outputs/context_size/tasks/ts_icl/context_length/512/univariate/Coastal_T_S/5T/medium/run_0
  Inference time: 2.555s

--- Term: long ---
  Config: prediction_length=864, test_length=4320, val_length=4320
TIME run allocation action=new run=/fslarge/scratch/users/h61084/codes/evaluating_tsfms/outputs/context_size/inference/ts_icl/context_length/512/univariate/Coastal_T_S/5T/long/run_0 launch_id=selena_context_size_20260927T131553Z_36791 slurm_job_id=3584822 launched_at=2026-09-27T13:56:23.863580+00:00
  Initializing model pipeline...
  Dataset info:
    - Frequency: 5T
    - Num series: 18
    - Target dim: 3
    - Target mode: univariate
    - Covariate channels: 0
    - Series length: min=44614,               max=105408, avg=68604.9
    - Test split: 4320 steps
    - Prediction length: 864
    - Windows: 5
    Processed 160/270...
TIME run allocation action=new run=/fslarge/scratch/users/h61084/codes/evaluating_tsfms/outputs/context_size/tasks/ts_icl/context_length/512/univariate/Coastal_T_S/5T/long/run_0 launch_id=selena_context_size_20260927T131553Z_36791 slurm_job_id=3584822 launched_at=2026-09-27T13:56:26.626843+00:00
    Total instances: 270, Series during experiment: 54, Windows: 5
    Collecting ground truth and context...
    Detected to_univariate case: 54 flat series -> 18 series x 3 variates
    Organizing data into arrays...
    Saved predictions (quantiles) to /fslarge/scratch/users/h61084/codes/evaluating_tsfms/outputs/context_size/tasks/ts_icl/context_length/512/univariate/Coastal_T_S/5T/long/run_0/predictions.npz
    Computing per-window metrics...
    Saved metrics to /fslarge/scratch/users/h61084/codes/evaluating_tsfms/outputs/context_size/tasks/ts_icl/context_length/512/univariate/Coastal_T_S/5T/long/run_0/metrics.npz
    Saved config to /fslarge/scratch/users/h61084/codes/evaluating_tsfms/outputs/context_size/tasks/ts_icl/context_length/512/univariate/Coastal_T_S/5T/long/run_0/config.json
    Saved aggregate metrics to /fslarge/scratch/users/h61084/codes/evaluating_tsfms/outputs/context_size/tasks/ts_icl/context_length/512/univariate/Coastal_T_S/5T/long/run_0/metrics_summary.json
    Metrics summary (averaged over all series/windows/variates):
      MSE: 148.9582
      MAE: 3.1156
      RMSE: 3.6590
      MAPE: 0.0886
      sMAPE: 0.0741
      MASE: 1.3511
      ND: 0.0706
      CRPS: 0.0516
  Completed: 18 series × 5 windows
  Output: /fslarge/scratch/users/h61084/codes/evaluating_tsfms/outputs/context_size/tasks/ts_icl/context_length/512/univariate/Coastal_T_S/5T/long/run_0
  Inference time: 1.935s

============================================================
All experiments completed!
Results saved to: /scratch/users/h61084/codes/evaluating_tsfms/outputs/context_size/tasks
============================================================

############################################################
# All 1 dataset(s) completed!
############################################################

############################################################
# Dataset 1/1: Coastal_T_S/15T
############################################################
[2026-09-27 13:56:30 UTC] resources selected_device {"device": "cuda", "model": "ts_icl", "stage": "forecast"}
Loading configuration...

============================================================
Dataset: Coastal_T_S/15T
Terms: ['short', 'medium', 'long']
Covariate mode: none
Instance normalization: none
============================================================

--- Term: short ---
  Config: prediction_length=12, test_length=1440, val_length=1440
TIME run allocation action=new run=/fslarge/scratch/users/h61084/codes/evaluating_tsfms/outputs/context_size/inference/ts_icl/context_length/512/univariate/Coastal_T_S/15T/short/run_0 launch_id=selena_context_size_20260927T131553Z_36791 slurm_job_id=3584822 launched_at=2026-09-27T13:56:30.615817+00:00
  Initializing model pipeline...
  Dataset info:
    - Frequency: 15T
    - Num series: 5
    - Target dim: 3
    - Target mode: univariate
    - Covariate channels: 0
    - Series length: min=16686,               max=23134, avg=20870.2
    - Test split: 1440 steps
    - Prediction length: 12
    - Windows: 120
    Processed 160/1800...
    Processed 320/1800...
    Processed 480/1800...
    Processed 640/1800...
    Processed 800/1800...
    Processed 960/1800...
    Processed 1120/1800...
    Processed 1280/1800...
    Processed 1440/1800...
    Processed 1600/1800...
    Processed 1760/1800...
TIME run allocation action=new run=/fslarge/scratch/users/h61084/codes/evaluating_tsfms/outputs/context_size/tasks/ts_icl/context_length/512/univariate/Coastal_T_S/15T/short/run_0 launch_id=selena_context_size_20260927T131553Z_36791 slurm_job_id=3584822 launched_at=2026-09-27T13:56:35.068101+00:00
    Total instances: 1800, Series during experiment: 15, Windows: 120
    Collecting ground truth and context...
    Detected to_univariate case: 15 flat series -> 5 series x 3 variates
    Organizing data into arrays...
    Saved predictions (quantiles) to /fslarge/scratch/users/h61084/codes/evaluating_tsfms/outputs/context_size/tasks/ts_icl/context_length/512/univariate/Coastal_T_S/15T/short/run_0/predictions.npz
    Computing per-window metrics...
    Saved metrics to /fslarge/scratch/users/h61084/codes/evaluating_tsfms/outputs/context_size/tasks/ts_icl/context_length/512/univariate/Coastal_T_S/15T/short/run_0/metrics.npz
    Saved config to /fslarge/scratch/users/h61084/codes/evaluating_tsfms/outputs/context_size/tasks/ts_icl/context_length/512/univariate/Coastal_T_S/15T/short/run_0/config.json
    Saved aggregate metrics to /fslarge/scratch/users/h61084/codes/evaluating_tsfms/outputs/context_size/tasks/ts_icl/context_length/512/univariate/Coastal_T_S/15T/short/run_0/metrics_summary.json
    Metrics summary (averaged over all series/windows/variates):
      MSE: 150.4366
      MAE: 4.6621
      RMSE: 5.5686
      MAPE: 0.1336
      sMAPE: 0.1165
      MASE: 1.1422
      ND: 0.1149
      CRPS: 0.0680
  Completed: 5 series × 120 windows
  Output: /fslarge/scratch/users/h61084/codes/evaluating_tsfms/outputs/context_size/tasks/ts_icl/context_length/512/univariate/Coastal_T_S/15T/short/run_0
  Inference time: 3.799s

--- Term: medium ---
  Config: prediction_length=96, test_length=1440, val_length=1440
TIME run allocation action=new run=/fslarge/scratch/users/h61084/codes/evaluating_tsfms/outputs/context_size/inference/ts_icl/context_length/512/univariate/Coastal_T_S/15T/medium/run_0 launch_id=selena_context_size_20260927T131553Z_36791 slurm_job_id=3584822 launched_at=2026-09-27T13:56:35.702292+00:00
  Initializing model pipeline...
  Dataset info:
    - Frequency: 15T
    - Num series: 5
    - Target dim: 3
    - Target mode: univariate
    - Covariate channels: 0
    - Series length: min=16686,               max=23134, avg=20870.2
    - Test split: 1440 steps
    - Prediction length: 96
    - Windows: 15
    Processed 160/225...
TIME run allocation action=new run=/fslarge/scratch/users/h61084/codes/evaluating_tsfms/outputs/context_size/tasks/ts_icl/context_length/512/univariate/Coastal_T_S/15T/medium/run_0 launch_id=selena_context_size_20260927T131553Z_36791 slurm_job_id=3584822 launched_at=2026-09-27T13:56:36.785473+00:00
    Total instances: 225, Series during experiment: 15, Windows: 15
    Collecting ground truth and context...
    Detected to_univariate case: 15 flat series -> 5 series x 3 variates
    Organizing data into arrays...
    Saved predictions (quantiles) to /fslarge/scratch/users/h61084/codes/evaluating_tsfms/outputs/context_size/tasks/ts_icl/context_length/512/univariate/Coastal_T_S/15T/medium/run_0/predictions.npz
    Computing per-window metrics...
    Saved metrics to /fslarge/scratch/users/h61084/codes/evaluating_tsfms/outputs/context_size/tasks/ts_icl/context_length/512/univariate/Coastal_T_S/15T/medium/run_0/metrics.npz
    Saved config to /fslarge/scratch/users/h61084/codes/evaluating_tsfms/outputs/context_size/tasks/ts_icl/context_length/512/univariate/Coastal_T_S/15T/medium/run_0/config.json
    Saved aggregate metrics to /fslarge/scratch/users/h61084/codes/evaluating_tsfms/outputs/context_size/tasks/ts_icl/context_length/512/univariate/Coastal_T_S/15T/medium/run_0/metrics_summary.json
    Metrics summary (averaged over all series/windows/variates):
      MSE: 148.4787
      MAE: 4.6792
      RMSE: 5.6146
      MAPE: 0.1274
      sMAPE: 0.1177
      MASE: 1.2712
      ND: 0.1143
      CRPS: 0.0680
  Completed: 5 series × 15 windows
  Output: /fslarge/scratch/users/h61084/codes/evaluating_tsfms/outputs/context_size/tasks/ts_icl/context_length/512/univariate/Coastal_T_S/15T/medium/run_0
  Inference time: 0.599s

--- Term: long ---
  Config: prediction_length=288, test_length=1440, val_length=1440
TIME run allocation action=new run=/fslarge/scratch/users/h61084/codes/evaluating_tsfms/outputs/context_size/inference/ts_icl/context_length/512/univariate/Coastal_T_S/15T/long/run_0 launch_id=selena_context_size_20260927T131553Z_36791 slurm_job_id=3584822 launched_at=2026-09-27T13:56:36.917918+00:00
  Initializing model pipeline...
  Dataset info:
    - Frequency: 15T
    - Num series: 5
    - Target dim: 3
    - Target mode: univariate
    - Covariate channels: 0
    - Series length: min=16686,               max=23134, avg=20870.2
    - Test split: 1440 steps
    - Prediction length: 288
    - Windows: 5
TIME run allocation action=new run=/fslarge/scratch/users/h61084/codes/evaluating_tsfms/outputs/context_size/tasks/ts_icl/context_length/512/univariate/Coastal_T_S/15T/long/run_0 launch_id=selena_context_size_20260927T131553Z_36791 slurm_job_id=3584822 launched_at=2026-09-27T13:56:37.635629+00:00
    Total instances: 75, Series during experiment: 15, Windows: 5
    Collecting ground truth and context...
    Detected to_univariate case: 15 flat series -> 5 series x 3 variates
    Organizing data into arrays...
    Saved predictions (quantiles) to /fslarge/scratch/users/h61084/codes/evaluating_tsfms/outputs/context_size/tasks/ts_icl/context_length/512/univariate/Coastal_T_S/15T/long/run_0/predictions.npz
    Computing per-window metrics...
    Saved metrics to /fslarge/scratch/users/h61084/codes/evaluating_tsfms/outputs/context_size/tasks/ts_icl/context_length/512/univariate/Coastal_T_S/15T/long/run_0/metrics.npz
    Saved config to /fslarge/scratch/users/h61084/codes/evaluating_tsfms/outputs/context_size/tasks/ts_icl/context_length/512/univariate/Coastal_T_S/15T/long/run_0/config.json
    Saved aggregate metrics to /fslarge/scratch/users/h61084/codes/evaluating_tsfms/outputs/context_size/tasks/ts_icl/context_length/512/univariate/Coastal_T_S/15T/long/run_0/metrics_summary.json
    Metrics summary (averaged over all series/windows/variates):
      MSE: 151.4994
      MAE: 4.6652
      RMSE: 5.6648
      MAPE: 0.1193
      sMAPE: 0.1178
      MASE: 1.3980
      ND: 0.1145
      CRPS: 0.0688
  Completed: 5 series × 5 windows
  Output: /fslarge/scratch/users/h61084/codes/evaluating_tsfms/outputs/context_size/tasks/ts_icl/context_length/512/univariate/Coastal_T_S/15T/long/run_0
  Inference time: 0.255s

============================================================
All experiments completed!
Results saved to: /scratch/users/h61084/codes/evaluating_tsfms/outputs/context_size/tasks
============================================================

############################################################
# All 1 dataset(s) completed!
############################################################

############################################################
# Dataset 1/1: Coastal_T_S/20T
############################################################
[2026-09-27 13:56:41 UTC] resources selected_device {"device": "cuda", "model": "ts_icl", "stage": "forecast"}
Loading configuration...

============================================================
Dataset: Coastal_T_S/20T
Terms: ['short', 'medium', 'long']
Covariate mode: none
Instance normalization: none
============================================================

--- Term: short ---
  Config: prediction_length=9, test_length=1080, val_length=1080
TIME run allocation action=new run=/fslarge/scratch/users/h61084/codes/evaluating_tsfms/outputs/context_size/inference/ts_icl/context_length/512/univariate/Coastal_T_S/20T/short/run_0 launch_id=selena_context_size_20260927T131553Z_36791 slurm_job_id=3584822 launched_at=2026-09-27T13:56:41.198125+00:00
  Initializing model pipeline...
  Dataset info:
    - Frequency: 20T
    - Num series: 1
    - Target dim: 3
    - Target mode: univariate
    - Covariate channels: 0
    - Series length: min=8198,               max=8198, avg=8198.0
    - Test split: 1080 steps
    - Prediction length: 9
    - Windows: 120
    Processed 160/360...
    Processed 320/360...
TIME run allocation action=new run=/fslarge/scratch/users/h61084/codes/evaluating_tsfms/outputs/context_size/tasks/ts_icl/context_length/512/univariate/Coastal_T_S/20T/short/run_0 launch_id=selena_context_size_20260927T131553Z_36791 slurm_job_id=3584822 launched_at=2026-09-27T13:56:42.907633+00:00
    Total instances: 360, Series during experiment: 3, Windows: 120
    Collecting ground truth and context...
    Detected to_univariate case: 3 flat series -> 1 series x 3 variates
    Organizing data into arrays...
    Saved predictions (quantiles) to /fslarge/scratch/users/h61084/codes/evaluating_tsfms/outputs/context_size/tasks/ts_icl/context_length/512/univariate/Coastal_T_S/20T/short/run_0/predictions.npz
    Computing per-window metrics...
    Saved metrics to /fslarge/scratch/users/h61084/codes/evaluating_tsfms/outputs/context_size/tasks/ts_icl/context_length/512/univariate/Coastal_T_S/20T/short/run_0/metrics.npz
    Saved config to /fslarge/scratch/users/h61084/codes/evaluating_tsfms/outputs/context_size/tasks/ts_icl/context_length/512/univariate/Coastal_T_S/20T/short/run_0/config.json
    Saved aggregate metrics to /fslarge/scratch/users/h61084/codes/evaluating_tsfms/outputs/context_size/tasks/ts_icl/context_length/512/univariate/Coastal_T_S/20T/short/run_0/metrics_summary.json
    Metrics summary (averaged over all series/windows/variates):
      MSE: 0.0098
      MAE: 0.0663
      RMSE: 0.0775
      MAPE: 0.0027
      sMAPE: 0.0027
      MASE: 0.5066
      ND: 0.0027
      CRPS: 0.0021
  Completed: 1 series × 120 windows
  Output: /fslarge/scratch/users/h61084/codes/evaluating_tsfms/outputs/context_size/tasks/ts_icl/context_length/512/univariate/Coastal_T_S/20T/short/run_0
  Inference time: 1.087s

--- Term: medium ---
  Config: prediction_length=72, test_length=1080, val_length=1080
TIME run allocation action=new run=/fslarge/scratch/users/h61084/codes/evaluating_tsfms/outputs/context_size/inference/ts_icl/context_length/512/univariate/Coastal_T_S/20T/medium/run_0 launch_id=selena_context_size_20260927T131553Z_36791 slurm_job_id=3584822 launched_at=2026-09-27T13:56:43.038866+00:00
  Initializing model pipeline...
  Dataset info:
    - Frequency: 20T
    - Num series: 1
    - Target dim: 3
    - Target mode: univariate
    - Covariate channels: 0
    - Series length: min=8198,               max=8198, avg=8198.0
    - Test split: 1080 steps
    - Prediction length: 72
    - Windows: 15
TIME run allocation action=new run=/fslarge/scratch/users/h61084/codes/evaluating_tsfms/outputs/context_size/tasks/ts_icl/context_length/512/univariate/Coastal_T_S/20T/medium/run_0 launch_id=selena_context_size_20260927T131553Z_36791 slurm_job_id=3584822 launched_at=2026-09-27T13:56:43.607229+00:00
    Total instances: 45, Series during experiment: 3, Windows: 15
    Collecting ground truth and context...
    Detected to_univariate case: 3 flat series -> 1 series x 3 variates
    Organizing data into arrays...
    Saved predictions (quantiles) to /fslarge/scratch/users/h61084/codes/evaluating_tsfms/outputs/context_size/tasks/ts_icl/context_length/512/univariate/Coastal_T_S/20T/medium/run_0/predictions.npz
    Computing per-window metrics...
    Saved metrics to /fslarge/scratch/users/h61084/codes/evaluating_tsfms/outputs/context_size/tasks/ts_icl/context_length/512/univariate/Coastal_T_S/20T/medium/run_0/metrics.npz
    Saved config to /fslarge/scratch/users/h61084/codes/evaluating_tsfms/outputs/context_size/tasks/ts_icl/context_length/512/univariate/Coastal_T_S/20T/medium/run_0/config.json
    Saved aggregate metrics to /fslarge/scratch/users/h61084/codes/evaluating_tsfms/outputs/context_size/tasks/ts_icl/context_length/512/univariate/Coastal_T_S/20T/medium/run_0/metrics_summary.json
    Metrics summary (averaged over all series/windows/variates):
      MSE: 0.0527
      MAE: 0.1643
      RMSE: 0.2061
      MAPE: 0.0070
      sMAPE: 0.0071
      MASE: 1.2244
      ND: 0.0070
      CRPS: 0.0056
  Completed: 1 series × 15 windows
  Output: /fslarge/scratch/users/h61084/codes/evaluating_tsfms/outputs/context_size/tasks/ts_icl/context_length/512/univariate/Coastal_T_S/20T/medium/run_0
  Inference time: 0.129s

--- Term: long ---
  Config: prediction_length=216, test_length=1080, val_length=1080
TIME run allocation action=new run=/fslarge/scratch/users/h61084/codes/evaluating_tsfms/outputs/context_size/inference/ts_icl/context_length/512/univariate/Coastal_T_S/20T/long/run_0 launch_id=selena_context_size_20260927T131553Z_36791 slurm_job_id=3584822 launched_at=2026-09-27T13:56:43.652518+00:00
  Initializing model pipeline...
  Dataset info:
    - Frequency: 20T
    - Num series: 1
    - Target dim: 3
    - Target mode: univariate
    - Covariate channels: 0
    - Series length: min=8198,               max=8198, avg=8198.0
    - Test split: 1080 steps
    - Prediction length: 216
    - Windows: 5
TIME run allocation action=new run=/fslarge/scratch/users/h61084/codes/evaluating_tsfms/outputs/context_size/tasks/ts_icl/context_length/512/univariate/Coastal_T_S/20T/long/run_0 launch_id=selena_context_size_20260927T131553Z_36791 slurm_job_id=3584822 launched_at=2026-09-27T13:56:44.080991+00:00
    Total instances: 15, Series during experiment: 3, Windows: 5
    Collecting ground truth and context...
    Detected to_univariate case: 3 flat series -> 1 series x 3 variates
    Organizing data into arrays...
    Saved predictions (quantiles) to /fslarge/scratch/users/h61084/codes/evaluating_tsfms/outputs/context_size/tasks/ts_icl/context_length/512/univariate/Coastal_T_S/20T/long/run_0/predictions.npz
    Computing per-window metrics...
    Saved metrics to /fslarge/scratch/users/h61084/codes/evaluating_tsfms/outputs/context_size/tasks/ts_icl/context_length/512/univariate/Coastal_T_S/20T/long/run_0/metrics.npz
    Saved config to /fslarge/scratch/users/h61084/codes/evaluating_tsfms/outputs/context_size/tasks/ts_icl/context_length/512/univariate/Coastal_T_S/20T/long/run_0/config.json
    Saved aggregate metrics to /fslarge/scratch/users/h61084/codes/evaluating_tsfms/outputs/context_size/tasks/ts_icl/context_length/512/univariate/Coastal_T_S/20T/long/run_0/metrics_summary.json
    Metrics summary (averaged over all series/windows/variates):
      MSE: 0.1503
      MAE: 0.2677
      RMSE: 0.3332
      MAPE: 0.0114
      sMAPE: 0.0114
      MASE: 1.9434
      ND: 0.0114
      CRPS: 0.0091
  Completed: 1 series × 5 windows
  Output: /fslarge/scratch/users/h61084/codes/evaluating_tsfms/outputs/context_size/tasks/ts_icl/context_length/512/univariate/Coastal_T_S/20T/long/run_0
  Inference time: 0.061s

============================================================
All experiments completed!
Results saved to: /scratch/users/h61084/codes/evaluating_tsfms/outputs/context_size/tasks
============================================================

############################################################
# All 1 dataset(s) completed!
############################################################

############################################################
# Dataset 1/1: Coastal_T_S/H
############################################################
[2026-09-27 13:56:47 UTC] resources selected_device {"device": "cuda", "model": "ts_icl", "stage": "forecast"}
Loading configuration...

============================================================
Dataset: Coastal_T_S/H
Terms: ['short', 'medium', 'long']
Covariate mode: none
Instance normalization: none
============================================================

--- Term: short ---
  Config: prediction_length=24, test_length=672, val_length=672
TIME run allocation action=new run=/fslarge/scratch/users/h61084/codes/evaluating_tsfms/outputs/context_size/inference/ts_icl/context_length/512/univariate/Coastal_T_S/H/short/run_0 launch_id=selena_context_size_20260927T131553Z_36791 slurm_job_id=3584822 launched_at=2026-09-27T13:56:47.598518+00:00
  Initializing model pipeline...
  Dataset info:
    - Frequency: H
    - Num series: 24
    - Target dim: 3
    - Target mode: univariate
    - Covariate channels: 0
    - Series length: min=2733,               max=8784, avg=5488.8
    - Test split: 672 steps
    - Prediction length: 24
    - Windows: 28
    Processed 160/2016...
    Processed 320/2016...
    Processed 480/2016...
    Processed 640/2016...
    Processed 800/2016...
    Processed 960/2016...
    Processed 1120/2016...
    Processed 1280/2016...
    Processed 1440/2016...
    Processed 1600/2016...
    Processed 1760/2016...
    Processed 1920/2016...
TIME run allocation action=new run=/fslarge/scratch/users/h61084/codes/evaluating_tsfms/outputs/context_size/tasks/ts_icl/context_length/512/univariate/Coastal_T_S/H/short/run_0 launch_id=selena_context_size_20260927T131553Z_36791 slurm_job_id=3584822 launched_at=2026-09-27T13:56:52.903530+00:00
    Total instances: 2016, Series during experiment: 72, Windows: 28
    Collecting ground truth and context...
    Detected to_univariate case: 72 flat series -> 24 series x 3 variates
    Organizing data into arrays...
    Saved predictions (quantiles) to /fslarge/scratch/users/h61084/codes/evaluating_tsfms/outputs/context_size/tasks/ts_icl/context_length/512/univariate/Coastal_T_S/H/short/run_0/predictions.npz
    Computing per-window metrics...
    Saved metrics to /fslarge/scratch/users/h61084/codes/evaluating_tsfms/outputs/context_size/tasks/ts_icl/context_length/512/univariate/Coastal_T_S/H/short/run_0/metrics.npz
    Saved config to /fslarge/scratch/users/h61084/codes/evaluating_tsfms/outputs/context_size/tasks/ts_icl/context_length/512/univariate/Coastal_T_S/H/short/run_0/config.json
    Saved aggregate metrics to /fslarge/scratch/users/h61084/codes/evaluating_tsfms/outputs/context_size/tasks/ts_icl/context_length/512/univariate/Coastal_T_S/H/short/run_0/metrics_summary.json
    Metrics summary (averaged over all series/windows/variates):
      MSE: 15.2940
      MAE: 1.0824
      RMSE: 1.3439
      MAPE: 0.0294
      sMAPE: 0.0276
      MASE: 0.9265
      ND: 0.0273
      CRPS: 0.0216
  Completed: 24 series × 28 windows
  Output: /fslarge/scratch/users/h61084/codes/evaluating_tsfms/outputs/context_size/tasks/ts_icl/context_length/512/univariate/Coastal_T_S/H/short/run_0
  Inference time: 4.620s

--- Term: medium ---
  Config: prediction_length=168, test_length=672, val_length=672
TIME run allocation action=new run=/fslarge/scratch/users/h61084/codes/evaluating_tsfms/outputs/context_size/inference/ts_icl/context_length/512/univariate/Coastal_T_S/H/medium/run_0 launch_id=selena_context_size_20260927T131553Z_36791 slurm_job_id=3584822 launched_at=2026-09-27T13:56:53.521486+00:00
  Initializing model pipeline...
  Dataset info:
    - Frequency: H
    - Num series: 24
    - Target dim: 3
    - Target mode: univariate
    - Covariate channels: 0
    - Series length: min=2733,               max=8784, avg=5488.8
    - Test split: 672 steps
    - Prediction length: 168
    - Windows: 4
    Processed 160/288...
TIME run allocation action=new run=/fslarge/scratch/users/h61084/codes/evaluating_tsfms/outputs/context_size/tasks/ts_icl/context_length/512/univariate/Coastal_T_S/H/medium/run_0 launch_id=selena_context_size_20260927T131553Z_36791 slurm_job_id=3584822 launched_at=2026-09-27T13:56:54.789052+00:00
    Total instances: 288, Series during experiment: 72, Windows: 4
    Collecting ground truth and context...
    Detected to_univariate case: 72 flat series -> 24 series x 3 variates
    Organizing data into arrays...
    Saved predictions (quantiles) to /fslarge/scratch/users/h61084/codes/evaluating_tsfms/outputs/context_size/tasks/ts_icl/context_length/512/univariate/Coastal_T_S/H/medium/run_0/predictions.npz
    Computing per-window metrics...
    Saved metrics to /fslarge/scratch/users/h61084/codes/evaluating_tsfms/outputs/context_size/tasks/ts_icl/context_length/512/univariate/Coastal_T_S/H/medium/run_0/metrics.npz
    Saved config to /fslarge/scratch/users/h61084/codes/evaluating_tsfms/outputs/context_size/tasks/ts_icl/context_length/512/univariate/Coastal_T_S/H/medium/run_0/config.json
    Saved aggregate metrics to /fslarge/scratch/users/h61084/codes/evaluating_tsfms/outputs/context_size/tasks/ts_icl/context_length/512/univariate/Coastal_T_S/H/medium/run_0/metrics_summary.json
    Metrics summary (averaged over all series/windows/variates):
      MSE: 27.8057
      MAE: 1.4639
      RMSE: 1.8062
      MAPE: 0.0433
      sMAPE: 0.0394
      MASE: 1.7256
      ND: 0.0412
      CRPS: 0.0329
  Completed: 24 series × 4 windows
  Output: /fslarge/scratch/users/h61084/codes/evaluating_tsfms/outputs/context_size/tasks/ts_icl/context_length/512/univariate/Coastal_T_S/H/medium/run_0
  Inference time: 0.763s

--- Term: long ---
  Config: prediction_length=336, test_length=672, val_length=672
TIME run allocation action=new run=/fslarge/scratch/users/h61084/codes/evaluating_tsfms/outputs/context_size/inference/ts_icl/context_length/512/univariate/Coastal_T_S/H/long/run_0 launch_id=selena_context_size_20260927T131553Z_36791 slurm_job_id=3584822 launched_at=2026-09-27T13:56:54.943257+00:00
  Initializing model pipeline...
  Dataset info:
    - Frequency: H
    - Num series: 24
    - Target dim: 3
    - Target mode: univariate
    - Covariate channels: 0
    - Series length: min=2733,               max=8784, avg=5488.8
    - Test split: 672 steps
    - Prediction length: 336
    - Windows: 2
TIME run allocation action=new run=/fslarge/scratch/users/h61084/codes/evaluating_tsfms/outputs/context_size/tasks/ts_icl/context_length/512/univariate/Coastal_T_S/H/long/run_0 launch_id=selena_context_size_20260927T131553Z_36791 slurm_job_id=3584822 launched_at=2026-09-27T13:56:55.886157+00:00
    Total instances: 144, Series during experiment: 72, Windows: 2
    Collecting ground truth and context...
    Detected to_univariate case: 72 flat series -> 24 series x 3 variates
    Organizing data into arrays...
    Saved predictions (quantiles) to /fslarge/scratch/users/h61084/codes/evaluating_tsfms/outputs/context_size/tasks/ts_icl/context_length/512/univariate/Coastal_T_S/H/long/run_0/predictions.npz
    Computing per-window metrics...
    Saved metrics to /fslarge/scratch/users/h61084/codes/evaluating_tsfms/outputs/context_size/tasks/ts_icl/context_length/512/univariate/Coastal_T_S/H/long/run_0/metrics.npz
    Saved config to /fslarge/scratch/users/h61084/codes/evaluating_tsfms/outputs/context_size/tasks/ts_icl/context_length/512/univariate/Coastal_T_S/H/long/run_0/config.json
    Saved aggregate metrics to /fslarge/scratch/users/h61084/codes/evaluating_tsfms/outputs/context_size/tasks/ts_icl/context_length/512/univariate/Coastal_T_S/H/long/run_0/metrics_summary.json
    Metrics summary (averaged over all series/windows/variates):
      MSE: 36.6604
      MAE: 1.6990
      RMSE: 2.1173
      MAPE: 0.0508
      sMAPE: 0.0474
      MASE: 2.4221
      ND: 0.0456
      CRPS: 0.0366
  Completed: 24 series × 2 windows
  Output: /fslarge/scratch/users/h61084/codes/evaluating_tsfms/outputs/context_size/tasks/ts_icl/context_length/512/univariate/Coastal_T_S/H/long/run_0
  Inference time: 0.456s

============================================================
All experiments completed!
Results saved to: /scratch/users/h61084/codes/evaluating_tsfms/outputs/context_size/tasks
============================================================

############################################################
# All 1 dataset(s) completed!
############################################################

############################################################
# Dataset 1/1: SG_Weather/D
############################################################
[2026-09-27 13:56:59 UTC] resources selected_device {"device": "cuda", "model": "ts_icl", "stage": "forecast"}
Loading configuration...

============================================================
Dataset: SG_Weather/D
Terms: ['short', 'medium', 'long']
Covariate mode: none
Instance normalization: none
============================================================

--- Term: short ---
  Config: prediction_length=3, test_length=366, val_length=366
TIME run allocation action=new run=/fslarge/scratch/users/h61084/codes/evaluating_tsfms/outputs/context_size/inference/ts_icl/context_length/512/univariate/SG_Weather/D/short/run_0 launch_id=selena_context_size_20260927T131553Z_36791 slurm_job_id=3584822 launched_at=2026-09-27T13:56:59.480213+00:00
  Initializing model pipeline...
  Dataset info:
    - Frequency: D
    - Num series: 6
    - Target dim: 4
    - Target mode: univariate
    - Covariate channels: 0
    - Series length: min=2953,               max=2953, avg=2953.0
    - Test split: 366 steps
    - Prediction length: 3
    - Windows: 122
    Processed 160/2928...
    Processed 320/2928...
    Processed 480/2928...
    Processed 640/2928...
    Processed 800/2928...
    Processed 960/2928...
    Processed 1120/2928...
    Processed 1280/2928...
    Processed 1440/2928...
    Processed 1600/2928...
    Processed 1760/2928...
    Processed 1920/2928...
    Processed 2080/2928...
    Processed 2240/2928...
    Processed 2400/2928...
    Processed 2560/2928...
    Processed 2720/2928...
    Processed 2880/2928...
TIME run allocation action=new run=/fslarge/scratch/users/h61084/codes/evaluating_tsfms/outputs/context_size/tasks/ts_icl/context_length/512/univariate/SG_Weather/D/short/run_0 launch_id=selena_context_size_20260927T131553Z_36791 slurm_job_id=3584822 launched_at=2026-09-27T13:57:06.715429+00:00
    Total instances: 2928, Series during experiment: 24, Windows: 122
    Collecting ground truth and context...
    Detected to_univariate case: 24 flat series -> 6 series x 4 variates
    Organizing data into arrays...
    Saved predictions (quantiles) to /fslarge/scratch/users/h61084/codes/evaluating_tsfms/outputs/context_size/tasks/ts_icl/context_length/512/univariate/SG_Weather/D/short/run_0/predictions.npz
    Computing per-window metrics...
    Saved metrics to /fslarge/scratch/users/h61084/codes/evaluating_tsfms/outputs/context_size/tasks/ts_icl/context_length/512/univariate/SG_Weather/D/short/run_0/metrics.npz
    Saved config to /fslarge/scratch/users/h61084/codes/evaluating_tsfms/outputs/context_size/tasks/ts_icl/context_length/512/univariate/SG_Weather/D/short/run_0/config.json
    Saved aggregate metrics to /fslarge/scratch/users/h61084/codes/evaluating_tsfms/outputs/context_size/tasks/ts_icl/context_length/512/univariate/SG_Weather/D/short/run_0/metrics_summary.json
    Metrics summary (averaged over all series/windows/variates):
      MSE: 2309.8959
      MAE: 17.5030
      RMSE: 20.4738
      MAPE: 0.4017
      sMAPE: 0.2229
      MASE: 0.8686
      ND: 0.2510
      CRPS: 0.2000
  Completed: 6 series × 122 windows
  Output: /fslarge/scratch/users/h61084/codes/evaluating_tsfms/outputs/context_size/tasks/ts_icl/context_length/512/univariate/SG_Weather/D/short/run_0
  Inference time: 6.616s

--- Term: medium ---
  Config: prediction_length=7, test_length=366, val_length=366
TIME run allocation action=new run=/fslarge/scratch/users/h61084/codes/evaluating_tsfms/outputs/context_size/inference/ts_icl/context_length/512/univariate/SG_Weather/D/medium/run_0 launch_id=selena_context_size_20260927T131553Z_36791 slurm_job_id=3584822 launched_at=2026-09-27T13:57:07.442118+00:00
  Initializing model pipeline...
  Dataset info:
    - Frequency: D
    - Num series: 6
    - Target dim: 4
    - Target mode: univariate
    - Covariate channels: 0
    - Series length: min=2953,               max=2953, avg=2953.0
    - Test split: 366 steps
    - Prediction length: 7
    - Windows: 52
    Processed 160/1248...
    Processed 320/1248...
    Processed 480/1248...
    Processed 640/1248...
    Processed 800/1248...
    Processed 960/1248...
    Processed 1120/1248...
TIME run allocation action=new run=/fslarge/scratch/users/h61084/codes/evaluating_tsfms/outputs/context_size/tasks/ts_icl/context_length/512/univariate/SG_Weather/D/medium/run_0 launch_id=selena_context_size_20260927T131553Z_36791 slurm_job_id=3584822 launched_at=2026-09-27T13:57:10.876653+00:00
    Total instances: 1248, Series during experiment: 24, Windows: 52
    Collecting ground truth and context...
    Detected to_univariate case: 24 flat series -> 6 series x 4 variates
    Organizing data into arrays...
    Saved predictions (quantiles) to /fslarge/scratch/users/h61084/codes/evaluating_tsfms/outputs/context_size/tasks/ts_icl/context_length/512/univariate/SG_Weather/D/medium/run_0/predictions.npz
    Computing per-window metrics...
    Saved metrics to /fslarge/scratch/users/h61084/codes/evaluating_tsfms/outputs/context_size/tasks/ts_icl/context_length/512/univariate/SG_Weather/D/medium/run_0/metrics.npz
    Saved config to /fslarge/scratch/users/h61084/codes/evaluating_tsfms/outputs/context_size/tasks/ts_icl/context_length/512/univariate/SG_Weather/D/medium/run_0/config.json
    Saved aggregate metrics to /fslarge/scratch/users/h61084/codes/evaluating_tsfms/outputs/context_size/tasks/ts_icl/context_length/512/univariate/SG_Weather/D/medium/run_0/metrics_summary.json
    Metrics summary (averaged over all series/windows/variates):
      MSE: 2371.4758
      MAE: 18.0241
      RMSE: 22.5807
      MAPE: 0.3964
      sMAPE: 0.2299
      MASE: 0.9139
      ND: 0.2336
      CRPS: 0.1830
  Completed: 6 series × 52 windows
  Output: /fslarge/scratch/users/h61084/codes/evaluating_tsfms/outputs/context_size/tasks/ts_icl/context_length/512/univariate/SG_Weather/D/medium/run_0
  Inference time: 2.975s

--- Term: long ---
  Config: prediction_length=14, test_length=366, val_length=366
TIME run allocation action=new run=/fslarge/scratch/users/h61084/codes/evaluating_tsfms/outputs/context_size/inference/ts_icl/context_length/512/univariate/SG_Weather/D/long/run_0 launch_id=selena_context_size_20260927T131553Z_36791 slurm_job_id=3584822 launched_at=2026-09-27T13:57:11.204438+00:00
  Initializing model pipeline...
  Dataset info:
    - Frequency: D
    - Num series: 6
    - Target dim: 4
    - Target mode: univariate
    - Covariate channels: 0
    - Series length: min=2953,               max=2953, avg=2953.0
    - Test split: 366 steps
    - Prediction length: 14
    - Windows: 26
    Processed 160/624...
    Processed 320/624...
    Processed 480/624...
TIME run allocation action=new run=/fslarge/scratch/users/h61084/codes/evaluating_tsfms/outputs/context_size/tasks/ts_icl/context_length/512/univariate/SG_Weather/D/long/run_0 launch_id=selena_context_size_20260927T131553Z_36791 slurm_job_id=3584822 launched_at=2026-09-27T13:57:13.170406+00:00
    Total instances: 624, Series during experiment: 24, Windows: 26
    Collecting ground truth and context...
    Detected to_univariate case: 24 flat series -> 6 series x 4 variates
    Organizing data into arrays...
    Saved predictions (quantiles) to /fslarge/scratch/users/h61084/codes/evaluating_tsfms/outputs/context_size/tasks/ts_icl/context_length/512/univariate/SG_Weather/D/long/run_0/predictions.npz
    Computing per-window metrics...
    Saved metrics to /fslarge/scratch/users/h61084/codes/evaluating_tsfms/outputs/context_size/tasks/ts_icl/context_length/512/univariate/SG_Weather/D/long/run_0/metrics.npz
    Saved config to /fslarge/scratch/users/h61084/codes/evaluating_tsfms/outputs/context_size/tasks/ts_icl/context_length/512/univariate/SG_Weather/D/long/run_0/config.json
    Saved aggregate metrics to /fslarge/scratch/users/h61084/codes/evaluating_tsfms/outputs/context_size/tasks/ts_icl/context_length/512/univariate/SG_Weather/D/long/run_0/metrics_summary.json
    Metrics summary (averaged over all series/windows/variates):
      MSE: 2350.1439
      MAE: 17.9707
      RMSE: 23.3012
      MAPE: 0.3974
      sMAPE: 0.2316
      MASE: 0.9307
      ND: 0.2270
      CRPS: 0.1780
  Completed: 6 series × 26 windows
  Output: /fslarge/scratch/users/h61084/codes/evaluating_tsfms/outputs/context_size/tasks/ts_icl/context_length/512/univariate/SG_Weather/D/long/run_0
  Inference time: 1.527s

============================================================
All experiments completed!
Results saved to: /scratch/users/h61084/codes/evaluating_tsfms/outputs/context_size/tasks
============================================================

############################################################
# All 1 dataset(s) completed!
############################################################

############################################################
# Dataset 1/1: SG_PM25/H
############################################################
[2026-09-27 13:57:17 UTC] resources selected_device {"device": "cuda", "model": "ts_icl", "stage": "forecast"}
Loading configuration...

============================================================
Dataset: SG_PM25/H
Terms: ['short', 'medium', 'long']
Covariate mode: none
Instance normalization: none
============================================================

--- Term: short ---
  Config: prediction_length=24, test_length=2208, val_length=2160
TIME run allocation action=new run=/fslarge/scratch/users/h61084/codes/evaluating_tsfms/outputs/context_size/inference/ts_icl/context_length/512/univariate/SG_PM25/H/short/run_0 launch_id=selena_context_size_20260927T131553Z_36791 slurm_job_id=3584822 launched_at=2026-09-27T13:57:17.513700+00:00
  Initializing model pipeline...
  Dataset info:
    - Frequency: H
    - Num series: 1
    - Target dim: 5
    - Target mode: univariate
    - Covariate channels: 0
    - Series length: min=38688,               max=38688, avg=38688.0
    - Test split: 2208 steps
    - Prediction length: 24
    - Windows: 92
    Processed 160/460...
    Processed 320/460...
TIME run allocation action=new run=/fslarge/scratch/users/h61084/codes/evaluating_tsfms/outputs/context_size/tasks/ts_icl/context_length/512/univariate/SG_PM25/H/short/run_0 launch_id=selena_context_size_20260927T131553Z_36791 slurm_job_id=3584822 launched_at=2026-09-27T13:57:19.543872+00:00
    Total instances: 460, Series during experiment: 5, Windows: 92
    Collecting ground truth and context...
    Detected to_univariate case: 5 flat series -> 1 series x 5 variates
    Organizing data into arrays...
    Saved predictions (quantiles) to /fslarge/scratch/users/h61084/codes/evaluating_tsfms/outputs/context_size/tasks/ts_icl/context_length/512/univariate/SG_PM25/H/short/run_0/predictions.npz
    Computing per-window metrics...
    Saved metrics to /fslarge/scratch/users/h61084/codes/evaluating_tsfms/outputs/context_size/tasks/ts_icl/context_length/512/univariate/SG_PM25/H/short/run_0/metrics.npz
    Saved config to /fslarge/scratch/users/h61084/codes/evaluating_tsfms/outputs/context_size/tasks/ts_icl/context_length/512/univariate/SG_PM25/H/short/run_0/config.json
    Saved aggregate metrics to /fslarge/scratch/users/h61084/codes/evaluating_tsfms/outputs/context_size/tasks/ts_icl/context_length/512/univariate/SG_PM25/H/short/run_0/metrics_summary.json
    Metrics summary (averaged over all series/windows/variates):
      MSE: 39.8142
      MAE: 4.6033
      RMSE: 5.6642
      MAPE: 0.5143
      sMAPE: 0.3930
      MASE: 0.8761
      ND: 0.3948
      CRPS: 0.3085
  Completed: 1 series × 92 windows
  Output: /fslarge/scratch/users/h61084/codes/evaluating_tsfms/outputs/context_size/tasks/ts_icl/context_length/512/univariate/SG_PM25/H/short/run_0
  Inference time: 1.388s

--- Term: medium ---
  Config: prediction_length=72, test_length=2208, val_length=2160
TIME run allocation action=new run=/fslarge/scratch/users/h61084/codes/evaluating_tsfms/outputs/context_size/inference/ts_icl/context_length/512/univariate/SG_PM25/H/medium/run_0 launch_id=selena_context_size_20260927T131553Z_36791 slurm_job_id=3584822 launched_at=2026-09-27T13:57:19.792463+00:00
  Initializing model pipeline...
  Dataset info:
    - Frequency: H
    - Num series: 1
    - Target dim: 5
    - Target mode: univariate
    - Covariate channels: 0
    - Series length: min=38688,               max=38688, avg=38688.0
    - Test split: 2208 steps
    - Prediction length: 72
    - Windows: 30
    Processed 150/150...
TIME run allocation action=new run=/fslarge/scratch/users/h61084/codes/evaluating_tsfms/outputs/context_size/tasks/ts_icl/context_length/512/univariate/SG_PM25/H/medium/run_0 launch_id=selena_context_size_20260927T131553Z_36791 slurm_job_id=3584822 launched_at=2026-09-27T13:57:20.618829+00:00
    Total instances: 150, Series during experiment: 5, Windows: 30
    Collecting ground truth and context...
    Detected to_univariate case: 5 flat series -> 1 series x 5 variates
    Organizing data into arrays...
    Saved predictions (quantiles) to /fslarge/scratch/users/h61084/codes/evaluating_tsfms/outputs/context_size/tasks/ts_icl/context_length/512/univariate/SG_PM25/H/medium/run_0/predictions.npz
    Computing per-window metrics...
    Saved metrics to /fslarge/scratch/users/h61084/codes/evaluating_tsfms/outputs/context_size/tasks/ts_icl/context_length/512/univariate/SG_PM25/H/medium/run_0/metrics.npz
    Saved config to /fslarge/scratch/users/h61084/codes/evaluating_tsfms/outputs/context_size/tasks/ts_icl/context_length/512/univariate/SG_PM25/H/medium/run_0/config.json
    Saved aggregate metrics to /fslarge/scratch/users/h61084/codes/evaluating_tsfms/outputs/context_size/tasks/ts_icl/context_length/512/univariate/SG_PM25/H/medium/run_0/metrics_summary.json
    Metrics summary (averaged over all series/windows/variates):
      MSE: 46.1639
      MAE: 4.9481
      RMSE: 6.2585
      MAPE: 0.5480
      sMAPE: 0.4179
      MASE: 0.9404
      ND: 0.4084
      CRPS: 0.3206
  Completed: 1 series × 30 windows
  Output: /fslarge/scratch/users/h61084/codes/evaluating_tsfms/outputs/context_size/tasks/ts_icl/context_length/512/univariate/SG_PM25/H/medium/run_0
  Inference time: 0.379s

--- Term: long ---
  Config: prediction_length=168, test_length=2208, val_length=2160
TIME run allocation action=new run=/fslarge/scratch/users/h61084/codes/evaluating_tsfms/outputs/context_size/inference/ts_icl/context_length/512/univariate/SG_PM25/H/long/run_0 launch_id=selena_context_size_20260927T131553Z_36791 slurm_job_id=3584822 launched_at=2026-09-27T13:57:20.745803+00:00
  Initializing model pipeline...
  Dataset info:
    - Frequency: H
    - Num series: 1
    - Target dim: 5
    - Target mode: univariate
    - Covariate channels: 0
    - Series length: min=38688,               max=38688, avg=38688.0
    - Test split: 2208 steps
    - Prediction length: 168
    - Windows: 13
TIME run allocation action=new run=/fslarge/scratch/users/h61084/codes/evaluating_tsfms/outputs/context_size/tasks/ts_icl/context_length/512/univariate/SG_PM25/H/long/run_0 launch_id=selena_context_size_20260927T131553Z_36791 slurm_job_id=3584822 launched_at=2026-09-27T13:57:21.314432+00:00
    Total instances: 65, Series during experiment: 5, Windows: 13
    Collecting ground truth and context...
    Detected to_univariate case: 5 flat series -> 1 series x 5 variates
    Organizing data into arrays...
    Saved predictions (quantiles) to /fslarge/scratch/users/h61084/codes/evaluating_tsfms/outputs/context_size/tasks/ts_icl/context_length/512/univariate/SG_PM25/H/long/run_0/predictions.npz
    Computing per-window metrics...
    Saved metrics to /fslarge/scratch/users/h61084/codes/evaluating_tsfms/outputs/context_size/tasks/ts_icl/context_length/512/univariate/SG_PM25/H/long/run_0/metrics.npz
    Saved config to /fslarge/scratch/users/h61084/codes/evaluating_tsfms/outputs/context_size/tasks/ts_icl/context_length/512/univariate/SG_PM25/H/long/run_0/config.json
    Saved aggregate metrics to /fslarge/scratch/users/h61084/codes/evaluating_tsfms/outputs/context_size/tasks/ts_icl/context_length/512/univariate/SG_PM25/H/long/run_0/metrics_summary.json
    Metrics summary (averaged over all series/windows/variates):
      MSE: 47.7376
      MAE: 5.0303
      RMSE: 6.5195
      MAPE: 0.5500
      sMAPE: 0.4235
      MASE: 0.9563
      ND: 0.4105
      CRPS: 0.3225
  Completed: 1 series × 13 windows
  Output: /fslarge/scratch/users/h61084/codes/evaluating_tsfms/outputs/context_size/tasks/ts_icl/context_length/512/univariate/SG_PM25/H/long/run_0
  Inference time: 0.208s

============================================================
All experiments completed!
Results saved to: /scratch/users/h61084/codes/evaluating_tsfms/outputs/context_size/tasks
============================================================

############################################################
# All 1 dataset(s) completed!
############################################################

############################################################
# Dataset 1/1: NE_China_Wind/H
############################################################
[2026-09-27 13:57:25 UTC] resources selected_device {"device": "cuda", "model": "ts_icl", "stage": "forecast"}
Loading configuration...

============================================================
Dataset: NE_China_Wind/H
Terms: ['short', 'medium', 'long']
Covariate mode: none
Instance normalization: none
============================================================

--- Term: short ---
  Config: prediction_length=24, test_length=720, val_length=720
TIME run allocation action=new run=/fslarge/scratch/users/h61084/codes/evaluating_tsfms/outputs/context_size/inference/ts_icl/context_length/512/univariate/NE_China_Wind/H/short/run_0 launch_id=selena_context_size_20260927T131553Z_36791 slurm_job_id=3584822 launched_at=2026-09-27T13:57:25.053226+00:00
  Initializing model pipeline...
  Dataset info:
    - Frequency: H
    - Num series: 1
    - Target dim: 4
    - Target mode: univariate
    - Covariate channels: 0
    - Series length: min=8764,               max=8764, avg=8764.0
    - Test split: 720 steps
    - Prediction length: 24
    - Windows: 30
TIME run allocation action=new run=/fslarge/scratch/users/h61084/codes/evaluating_tsfms/outputs/context_size/tasks/ts_icl/context_length/512/univariate/NE_China_Wind/H/short/run_0 launch_id=selena_context_size_20260927T131553Z_36791 slurm_job_id=3584822 launched_at=2026-09-27T13:57:26.106035+00:00
    Total instances: 120, Series during experiment: 4, Windows: 30
    Collecting ground truth and context...
    Detected to_univariate case: 4 flat series -> 1 series x 4 variates
    Organizing data into arrays...
    Saved predictions (quantiles) to /fslarge/scratch/users/h61084/codes/evaluating_tsfms/outputs/context_size/tasks/ts_icl/context_length/512/univariate/NE_China_Wind/H/short/run_0/predictions.npz
    Computing per-window metrics...
    Saved metrics to /fslarge/scratch/users/h61084/codes/evaluating_tsfms/outputs/context_size/tasks/ts_icl/context_length/512/univariate/NE_China_Wind/H/short/run_0/metrics.npz
    Saved config to /fslarge/scratch/users/h61084/codes/evaluating_tsfms/outputs/context_size/tasks/ts_icl/context_length/512/univariate/NE_China_Wind/H/short/run_0/config.json
    Saved aggregate metrics to /fslarge/scratch/users/h61084/codes/evaluating_tsfms/outputs/context_size/tasks/ts_icl/context_length/512/univariate/NE_China_Wind/H/short/run_0/metrics_summary.json
    Metrics summary (averaged over all series/windows/variates):
      MSE: 0.1048
      MAE: 0.2211
      RMSE: 0.2582
      MAPE: 0.9176
      sMAPE: 0.4941
      MASE: 0.5341
      ND: 0.4558
      CRPS: 0.3530
  Completed: 1 series × 30 windows
  Output: /fslarge/scratch/users/h61084/codes/evaluating_tsfms/outputs/context_size/tasks/ts_icl/context_length/512/univariate/NE_China_Wind/H/short/run_0
  Inference time: 0.436s

--- Term: medium ---
  Config: prediction_length=72, test_length=720, val_length=720
TIME run allocation action=new run=/fslarge/scratch/users/h61084/codes/evaluating_tsfms/outputs/context_size/inference/ts_icl/context_length/512/univariate/NE_China_Wind/H/medium/run_0 launch_id=selena_context_size_20260927T131553Z_36791 slurm_job_id=3584822 launched_at=2026-09-27T13:57:26.174697+00:00
  Initializing model pipeline...
  Dataset info:
    - Frequency: H
    - Num series: 1
    - Target dim: 4
    - Target mode: univariate
    - Covariate channels: 0
    - Series length: min=8764,               max=8764, avg=8764.0
    - Test split: 720 steps
    - Prediction length: 72
    - Windows: 10
TIME run allocation action=new run=/fslarge/scratch/users/h61084/codes/evaluating_tsfms/outputs/context_size/tasks/ts_icl/context_length/512/univariate/NE_China_Wind/H/medium/run_0 launch_id=selena_context_size_20260927T131553Z_36791 slurm_job_id=3584822 launched_at=2026-09-27T13:57:26.733968+00:00
    Total instances: 40, Series during experiment: 4, Windows: 10
    Collecting ground truth and context...
    Detected to_univariate case: 4 flat series -> 1 series x 4 variates
    Organizing data into arrays...
    Saved predictions (quantiles) to /fslarge/scratch/users/h61084/codes/evaluating_tsfms/outputs/context_size/tasks/ts_icl/context_length/512/univariate/NE_China_Wind/H/medium/run_0/predictions.npz
    Computing per-window metrics...
    Saved metrics to /fslarge/scratch/users/h61084/codes/evaluating_tsfms/outputs/context_size/tasks/ts_icl/context_length/512/univariate/NE_China_Wind/H/medium/run_0/metrics.npz
    Saved config to /fslarge/scratch/users/h61084/codes/evaluating_tsfms/outputs/context_size/tasks/ts_icl/context_length/512/univariate/NE_China_Wind/H/medium/run_0/config.json
    Saved aggregate metrics to /fslarge/scratch/users/h61084/codes/evaluating_tsfms/outputs/context_size/tasks/ts_icl/context_length/512/univariate/NE_China_Wind/H/medium/run_0/metrics_summary.json
    Metrics summary (averaged over all series/windows/variates):
      MSE: 0.2359
      MAE: 0.3524
      RMSE: 0.4110
      MAPE: 1.0282
      sMAPE: 0.6844
      MASE: 0.8935
      ND: 0.5585
      CRPS: 0.4392
  Completed: 1 series × 10 windows
  Output: /fslarge/scratch/users/h61084/codes/evaluating_tsfms/outputs/context_size/tasks/ts_icl/context_length/512/univariate/NE_China_Wind/H/medium/run_0
  Inference time: 0.121s

--- Term: long ---
  Config: prediction_length=168, test_length=720, val_length=720
TIME run allocation action=new run=/fslarge/scratch/users/h61084/codes/evaluating_tsfms/outputs/context_size/inference/ts_icl/context_length/512/univariate/NE_China_Wind/H/long/run_0 launch_id=selena_context_size_20260927T131553Z_36791 slurm_job_id=3584822 launched_at=2026-09-27T13:57:26.778440+00:00
  Initializing model pipeline...
  Dataset info:
    - Frequency: H
    - Num series: 1
    - Target dim: 4
    - Target mode: univariate
    - Covariate channels: 0
    - Series length: min=8764,               max=8764, avg=8764.0
    - Test split: 720 steps
    - Prediction length: 168
    - Windows: 4
TIME run allocation action=new run=/fslarge/scratch/users/h61084/codes/evaluating_tsfms/outputs/context_size/tasks/ts_icl/context_length/512/univariate/NE_China_Wind/H/long/run_0 launch_id=selena_context_size_20260927T131553Z_36791 slurm_job_id=3584822 launched_at=2026-09-27T13:57:27.203296+00:00
    Total instances: 16, Series during experiment: 4, Windows: 4
    Collecting ground truth and context...
    Detected to_univariate case: 4 flat series -> 1 series x 4 variates
    Organizing data into arrays...
    Saved predictions (quantiles) to /fslarge/scratch/users/h61084/codes/evaluating_tsfms/outputs/context_size/tasks/ts_icl/context_length/512/univariate/NE_China_Wind/H/long/run_0/predictions.npz
    Computing per-window metrics...
    Saved metrics to /fslarge/scratch/users/h61084/codes/evaluating_tsfms/outputs/context_size/tasks/ts_icl/context_length/512/univariate/NE_China_Wind/H/long/run_0/metrics.npz
    Saved config to /fslarge/scratch/users/h61084/codes/evaluating_tsfms/outputs/context_size/tasks/ts_icl/context_length/512/univariate/NE_China_Wind/H/long/run_0/config.json
    Saved aggregate metrics to /fslarge/scratch/users/h61084/codes/evaluating_tsfms/outputs/context_size/tasks/ts_icl/context_length/512/univariate/NE_China_Wind/H/long/run_0/metrics_summary.json
    Metrics summary (averaged over all series/windows/variates):
      MSE: 0.3194
      MAE: 0.4389
      RMSE: 0.5288
      MAPE: 1.3372
      sMAPE: 0.7755
      MASE: 1.2184
      ND: 0.6078
      CRPS: 0.4801
  Completed: 1 series × 4 windows
  Output: /fslarge/scratch/users/h61084/codes/evaluating_tsfms/outputs/context_size/tasks/ts_icl/context_length/512/univariate/NE_China_Wind/H/long/run_0
  Inference time: 0.066s

============================================================
All experiments completed!
Results saved to: /scratch/users/h61084/codes/evaluating_tsfms/outputs/context_size/tasks
============================================================

############################################################
# All 1 dataset(s) completed!
############################################################

############################################################
# Dataset 1/1: Australia_Solar/H
############################################################
[2026-09-27 13:57:30 UTC] resources selected_device {"device": "cuda", "model": "ts_icl", "stage": "forecast"}
Loading configuration...

============================================================
Dataset: Australia_Solar/H
Terms: ['short', 'medium', 'long']
Covariate mode: none
Instance normalization: none
============================================================

--- Term: short ---
  Config: prediction_length=24, test_length=2520, val_length=2520
TIME run allocation action=new run=/fslarge/scratch/users/h61084/codes/evaluating_tsfms/outputs/context_size/inference/ts_icl/context_length/512/univariate/Australia_Solar/H/short/run_0 launch_id=selena_context_size_20260927T131553Z_36791 slurm_job_id=3584822 launched_at=2026-09-27T13:57:30.732505+00:00
  Initializing model pipeline...
  Dataset info:
    - Frequency: H
    - Num series: 1
    - Target dim: 3
    - Target mode: univariate
    - Covariate channels: 0
    - Series length: min=35064,               max=35064, avg=35064.0
    - Test split: 2520 steps
    - Prediction length: 24
    - Windows: 105
    Processed 160/315...
    Processed 315/315...
TIME run allocation action=new run=/fslarge/scratch/users/h61084/codes/evaluating_tsfms/outputs/context_size/tasks/ts_icl/context_length/512/univariate/Australia_Solar/H/short/run_0 launch_id=selena_context_size_20260927T131553Z_36791 slurm_job_id=3584822 launched_at=2026-09-27T13:57:32.443886+00:00
    Total instances: 315, Series during experiment: 3, Windows: 105
    Collecting ground truth and context...
    Detected to_univariate case: 3 flat series -> 1 series x 3 variates
    Organizing data into arrays...
    ⚠️  Predictions max value (2014139.62) exceeds float16 safe range.
    ⚠️  Applying scale factor: 100 (values will be divided)
    Saved predictions (quantiles) to /fslarge/scratch/users/h61084/codes/evaluating_tsfms/outputs/context_size/tasks/ts_icl/context_length/512/univariate/Australia_Solar/H/short/run_0/predictions.npz
    Computing per-window metrics...
    Saved metrics to /fslarge/scratch/users/h61084/codes/evaluating_tsfms/outputs/context_size/tasks/ts_icl/context_length/512/univariate/Australia_Solar/H/short/run_0/metrics.npz
    Saved config to /fslarge/scratch/users/h61084/codes/evaluating_tsfms/outputs/context_size/tasks/ts_icl/context_length/512/univariate/Australia_Solar/H/short/run_0/config.json
    Saved aggregate metrics to /fslarge/scratch/users/h61084/codes/evaluating_tsfms/outputs/context_size/tasks/ts_icl/context_length/512/univariate/Australia_Solar/H/short/run_0/metrics_summary.json
    Metrics summary (averaged over all series/windows/variates):
      MSE: 26454220582.7268
      MAE: 81481.5109
      RMSE: 108315.0800
      MAPE: 27.3741
      sMAPE: 0.5199
      MASE: 1.0990
      ND: 0.3219
      CRPS: 0.2596
  Completed: 1 series × 105 windows
  Output: /fslarge/scratch/users/h61084/codes/evaluating_tsfms/outputs/context_size/tasks/ts_icl/context_length/512/univariate/Australia_Solar/H/short/run_0
  Inference time: 1.085s

--- Term: medium ---
  Config: prediction_length=72, test_length=2520, val_length=2520
TIME run allocation action=new run=/fslarge/scratch/users/h61084/codes/evaluating_tsfms/outputs/context_size/inference/ts_icl/context_length/512/univariate/Australia_Solar/H/medium/run_0 launch_id=selena_context_size_20260927T131553Z_36791 slurm_job_id=3584822 launched_at=2026-09-27T13:57:32.612184+00:00
  Initializing model pipeline...
  Dataset info:
    - Frequency: H
    - Num series: 1
    - Target dim: 3
    - Target mode: univariate
    - Covariate channels: 0
    - Series length: min=35064,               max=35064, avg=35064.0
    - Test split: 2520 steps
    - Prediction length: 72
    - Windows: 35
TIME run allocation action=new run=/fslarge/scratch/users/h61084/codes/evaluating_tsfms/outputs/context_size/tasks/ts_icl/context_length/512/univariate/Australia_Solar/H/medium/run_0 launch_id=selena_context_size_20260927T131553Z_36791 slurm_job_id=3584822 launched_at=2026-09-27T13:57:33.341040+00:00
    Total instances: 105, Series during experiment: 3, Windows: 35
    Collecting ground truth and context...
    Detected to_univariate case: 3 flat series -> 1 series x 3 variates
    Organizing data into arrays...
    ⚠️  Predictions max value (2014139.62) exceeds float16 safe range.
    ⚠️  Applying scale factor: 100 (values will be divided)
    Saved predictions (quantiles) to /fslarge/scratch/users/h61084/codes/evaluating_tsfms/outputs/context_size/tasks/ts_icl/context_length/512/univariate/Australia_Solar/H/medium/run_0/predictions.npz
    Computing per-window metrics...
    Saved metrics to /fslarge/scratch/users/h61084/codes/evaluating_tsfms/outputs/context_size/tasks/ts_icl/context_length/512/univariate/Australia_Solar/H/medium/run_0/metrics.npz
    Saved config to /fslarge/scratch/users/h61084/codes/evaluating_tsfms/outputs/context_size/tasks/ts_icl/context_length/512/univariate/Australia_Solar/H/medium/run_0/config.json
    Saved aggregate metrics to /fslarge/scratch/users/h61084/codes/evaluating_tsfms/outputs/context_size/tasks/ts_icl/context_length/512/univariate/Australia_Solar/H/medium/run_0/metrics_summary.json
    Metrics summary (averaged over all series/windows/variates):
      MSE: 25932234017.5339
      MAE: 81133.4953
      RMSE: 120605.3723
      MAPE: 20.8904
      sMAPE: 0.5192
      MASE: 1.1460
      ND: 0.2818
      CRPS: 0.2197
  Completed: 1 series × 35 windows
  Output: /fslarge/scratch/users/h61084/codes/evaluating_tsfms/outputs/context_size/tasks/ts_icl/context_length/512/univariate/Australia_Solar/H/medium/run_0
  Inference time: 0.277s

--- Term: long ---
  Config: prediction_length=168, test_length=2520, val_length=2520
TIME run allocation action=new run=/fslarge/scratch/users/h61084/codes/evaluating_tsfms/outputs/context_size/inference/ts_icl/context_length/512/univariate/Australia_Solar/H/long/run_0 launch_id=selena_context_size_20260927T131553Z_36791 slurm_job_id=3584822 launched_at=2026-09-27T13:57:33.430398+00:00
  Initializing model pipeline...
  Dataset info:
    - Frequency: H
    - Num series: 1
    - Target dim: 3
    - Target mode: univariate
    - Covariate channels: 0
    - Series length: min=35064,               max=35064, avg=35064.0
    - Test split: 2520 steps
    - Prediction length: 168
    - Windows: 15
TIME run allocation action=new run=/fslarge/scratch/users/h61084/codes/evaluating_tsfms/outputs/context_size/tasks/ts_icl/context_length/512/univariate/Australia_Solar/H/long/run_0 launch_id=selena_context_size_20260927T131553Z_36791 slurm_job_id=3584822 launched_at=2026-09-27T13:57:33.933122+00:00
    Total instances: 45, Series during experiment: 3, Windows: 15
    Collecting ground truth and context...
    Detected to_univariate case: 3 flat series -> 1 series x 3 variates
    Organizing data into arrays...
    ⚠️  Predictions max value (1988968.50) exceeds float16 safe range.
    ⚠️  Applying scale factor: 100 (values will be divided)
    Saved predictions (quantiles) to /fslarge/scratch/users/h61084/codes/evaluating_tsfms/outputs/context_size/tasks/ts_icl/context_length/512/univariate/Australia_Solar/H/long/run_0/predictions.npz
    Computing per-window metrics...
    Saved metrics to /fslarge/scratch/users/h61084/codes/evaluating_tsfms/outputs/context_size/tasks/ts_icl/context_length/512/univariate/Australia_Solar/H/long/run_0/metrics.npz
    Saved config to /fslarge/scratch/users/h61084/codes/evaluating_tsfms/outputs/context_size/tasks/ts_icl/context_length/512/univariate/Australia_Solar/H/long/run_0/config.json
    Saved aggregate metrics to /fslarge/scratch/users/h61084/codes/evaluating_tsfms/outputs/context_size/tasks/ts_icl/context_length/512/univariate/Australia_Solar/H/long/run_0/metrics_summary.json
    Metrics summary (averaged over all series/windows/variates):
      MSE: 23980488024.9441
      MAE: 76123.8413
      RMSE: 123370.8785
      MAPE: 19.4458
      sMAPE: 0.5069
      MASE: 1.1117
      ND: 0.2545
      CRPS: 0.2004
  Completed: 1 series × 15 windows
  Output: /fslarge/scratch/users/h61084/codes/evaluating_tsfms/outputs/context_size/tasks/ts_icl/context_length/512/univariate/Australia_Solar/H/long/run_0
  Inference time: 0.146s

============================================================
All experiments completed!
Results saved to: /scratch/users/h61084/codes/evaluating_tsfms/outputs/context_size/tasks
============================================================

############################################################
# All 1 dataset(s) completed!
############################################################

############################################################
# Dataset 1/1: epf_electricity_price/H
############################################################
[2026-09-27 13:57:37 UTC] resources selected_device {"device": "cuda", "model": "ts_icl", "stage": "forecast"}
Loading configuration...

============================================================
Dataset: epf_electricity_price/H
Terms: ['short', 'medium', 'long']
Covariate mode: none
Instance normalization: none
============================================================

--- Term: short ---
  Config: prediction_length=24, test_length=2520, val_length=2520
TIME run allocation action=new run=/fslarge/scratch/users/h61084/codes/evaluating_tsfms/outputs/context_size/inference/ts_icl/context_length/512/univariate/epf_electricity_price/H/short/run_0 launch_id=selena_context_size_20260927T131553Z_36791 slurm_job_id=3584822 launched_at=2026-09-27T13:57:37.505570+00:00
  Initializing model pipeline...
  Dataset info:
    - Frequency: H
    - Num series: 5
    - Target dim: 1
    - Target mode: univariate
    - Covariate channels: 0
    - Series length: min=52416,               max=52416, avg=52416.0
    - Test split: 2520 steps
    - Prediction length: 24
    - Windows: 105
    Processed 160/525...
    Processed 320/525...
    Processed 480/525...
TIME run allocation action=new run=/fslarge/scratch/users/h61084/codes/evaluating_tsfms/outputs/context_size/tasks/ts_icl/context_length/512/univariate/epf_electricity_price/H/short/run_0 launch_id=selena_context_size_20260927T131553Z_36791 slurm_job_id=3584822 launched_at=2026-09-27T13:57:39.472739+00:00
    Total instances: 525, Series during experiment: 5, Windows: 105
    Collecting ground truth and context...
    Organizing data into arrays...
    Saved predictions (quantiles) to /fslarge/scratch/users/h61084/codes/evaluating_tsfms/outputs/context_size/tasks/ts_icl/context_length/512/univariate/epf_electricity_price/H/short/run_0/predictions.npz
    Computing per-window metrics...
    Saved metrics to /fslarge/scratch/users/h61084/codes/evaluating_tsfms/outputs/context_size/tasks/ts_icl/context_length/512/univariate/epf_electricity_price/H/short/run_0/metrics.npz
    Saved config to /fslarge/scratch/users/h61084/codes/evaluating_tsfms/outputs/context_size/tasks/ts_icl/context_length/512/univariate/epf_electricity_price/H/short/run_0/config.json
    Saved aggregate metrics to /fslarge/scratch/users/h61084/codes/evaluating_tsfms/outputs/context_size/tasks/ts_icl/context_length/512/univariate/epf_electricity_price/H/short/run_0/metrics_summary.json
    Metrics summary (averaged over all series/windows/variates):
      MSE: 127.0842
      MAE: 6.2344
      RMSE: 7.8069
      MAPE: 1.3261
      sMAPE: 0.1601
      MASE: 0.9781
      ND: 0.1643
      CRPS: 0.1312
  Completed: 5 series × 105 windows
  Output: /fslarge/scratch/users/h61084/codes/evaluating_tsfms/outputs/context_size/tasks/ts_icl/context_length/512/univariate/epf_electricity_price/H/short/run_0
  Inference time: 1.352s

--- Term: medium ---
  Config: prediction_length=72, test_length=2520, val_length=2520
TIME run allocation action=new run=/fslarge/scratch/users/h61084/codes/evaluating_tsfms/outputs/context_size/inference/ts_icl/context_length/512/univariate/epf_electricity_price/H/medium/run_0 launch_id=selena_context_size_20260927T131553Z_36791 slurm_job_id=3584822 launched_at=2026-09-27T13:57:39.746442+00:00
  Initializing model pipeline...
  Dataset info:
    - Frequency: H
    - Num series: 5
    - Target dim: 1
    - Target mode: univariate
    - Covariate channels: 0
    - Series length: min=52416,               max=52416, avg=52416.0
    - Test split: 2520 steps
    - Prediction length: 72
    - Windows: 35
    Processed 160/175...
TIME run allocation action=new run=/fslarge/scratch/users/h61084/codes/evaluating_tsfms/outputs/context_size/tasks/ts_icl/context_length/512/univariate/epf_electricity_price/H/medium/run_0 launch_id=selena_context_size_20260927T131553Z_36791 slurm_job_id=3584822 launched_at=2026-09-27T13:57:40.627961+00:00
    Total instances: 175, Series during experiment: 5, Windows: 35
    Collecting ground truth and context...
    Organizing data into arrays...
    Saved predictions (quantiles) to /fslarge/scratch/users/h61084/codes/evaluating_tsfms/outputs/context_size/tasks/ts_icl/context_length/512/univariate/epf_electricity_price/H/medium/run_0/predictions.npz
    Computing per-window metrics...
    Saved metrics to /fslarge/scratch/users/h61084/codes/evaluating_tsfms/outputs/context_size/tasks/ts_icl/context_length/512/univariate/epf_electricity_price/H/medium/run_0/metrics.npz
    Saved config to /fslarge/scratch/users/h61084/codes/evaluating_tsfms/outputs/context_size/tasks/ts_icl/context_length/512/univariate/epf_electricity_price/H/medium/run_0/config.json
    Saved aggregate metrics to /fslarge/scratch/users/h61084/codes/evaluating_tsfms/outputs/context_size/tasks/ts_icl/context_length/512/univariate/epf_electricity_price/H/medium/run_0/metrics_summary.json
    Metrics summary (averaged over all series/windows/variates):
      MSE: 184.7455
      MAE: 7.6399
      RMSE: 10.0529
      MAPE: 1.7908
      sMAPE: 0.1926
      MASE: 1.2181
      ND: 0.1887
      CRPS: 0.1536
  Completed: 5 series × 35 windows
  Output: /fslarge/scratch/users/h61084/codes/evaluating_tsfms/outputs/context_size/tasks/ts_icl/context_length/512/univariate/epf_electricity_price/H/medium/run_0
  Inference time: 0.425s

--- Term: long ---
  Config: prediction_length=168, test_length=2520, val_length=2520
TIME run allocation action=new run=/fslarge/scratch/users/h61084/codes/evaluating_tsfms/outputs/context_size/inference/ts_icl/context_length/512/univariate/epf_electricity_price/H/long/run_0 launch_id=selena_context_size_20260927T131553Z_36791 slurm_job_id=3584822 launched_at=2026-09-27T13:57:40.747203+00:00
  Initializing model pipeline...
  Dataset info:
    - Frequency: H
    - Num series: 5
    - Target dim: 1
    - Target mode: univariate
    - Covariate channels: 0
    - Series length: min=52416,               max=52416, avg=52416.0
    - Test split: 2520 steps
    - Prediction length: 168
    - Windows: 15
TIME run allocation action=new run=/fslarge/scratch/users/h61084/codes/evaluating_tsfms/outputs/context_size/tasks/ts_icl/context_length/512/univariate/epf_electricity_price/H/long/run_0 launch_id=selena_context_size_20260927T131553Z_36791 slurm_job_id=3584822 launched_at=2026-09-27T13:57:41.329417+00:00
    Total instances: 75, Series during experiment: 5, Windows: 15
    Collecting ground truth and context...
    Organizing data into arrays...
    Saved predictions (quantiles) to /fslarge/scratch/users/h61084/codes/evaluating_tsfms/outputs/context_size/tasks/ts_icl/context_length/512/univariate/epf_electricity_price/H/long/run_0/predictions.npz
    Computing per-window metrics...
    Saved metrics to /fslarge/scratch/users/h61084/codes/evaluating_tsfms/outputs/context_size/tasks/ts_icl/context_length/512/univariate/epf_electricity_price/H/long/run_0/metrics.npz
    Saved config to /fslarge/scratch/users/h61084/codes/evaluating_tsfms/outputs/context_size/tasks/ts_icl/context_length/512/univariate/epf_electricity_price/H/long/run_0/config.json
    Saved aggregate metrics to /fslarge/scratch/users/h61084/codes/evaluating_tsfms/outputs/context_size/tasks/ts_icl/context_length/512/univariate/epf_electricity_price/H/long/run_0/metrics_summary.json
    Metrics summary (averaged over all series/windows/variates):
      MSE: 216.8934
      MAE: 8.6233
      RMSE: 12.0152
      MAPE: 1.8624
      sMAPE: 0.2158
      MASE: 1.4163
      ND: 0.2038
      CRPS: 0.1658
  Completed: 5 series × 15 windows
  Output: /fslarge/scratch/users/h61084/codes/evaluating_tsfms/outputs/context_size/tasks/ts_icl/context_length/512/univariate/epf_electricity_price/H/long/run_0
  Inference time: 0.216s

============================================================
All experiments completed!
Results saved to: /scratch/users/h61084/codes/evaluating_tsfms/outputs/context_size/tasks
============================================================

############################################################
# All 1 dataset(s) completed!
############################################################

############################################################
# Dataset 1/1: OpenElectricity_NEM/5T
############################################################
[2026-09-27 13:57:44 UTC] resources selected_device {"device": "cuda", "model": "ts_icl", "stage": "forecast"}
Loading configuration...

============================================================
Dataset: OpenElectricity_NEM/5T
Terms: ['short', 'medium', 'long']
Covariate mode: none
Instance normalization: none
============================================================

--- Term: short ---
  Config: prediction_length=24, test_length=4032, val_length=4032
TIME run allocation action=new run=/fslarge/scratch/users/h61084/codes/evaluating_tsfms/outputs/context_size/inference/ts_icl/context_length/512/univariate/OpenElectricity_NEM/5T/short/run_0 launch_id=selena_context_size_20260927T131553Z_36791 slurm_job_id=3584822 launched_at=2026-09-27T13:57:44.991827+00:00
  Initializing model pipeline...
  Dataset info:
    - Frequency: 5T
    - Num series: 1
    - Target dim: 10
    - Target mode: univariate
    - Covariate channels: 0
    - Series length: min=43488,               max=43488, avg=43488.0
    - Test split: 4032 steps
    - Prediction length: 24
    - Windows: 168
    Processed 160/1680...
    Processed 320/1680...
    Processed 480/1680...
    Processed 640/1680...
    Processed 800/1680...
    Processed 960/1680...
    Processed 1120/1680...
    Processed 1280/1680...
    Processed 1440/1680...
    Processed 1600/1680...
TIME run allocation action=new run=/fslarge/scratch/users/h61084/codes/evaluating_tsfms/outputs/context_size/tasks/ts_icl/context_length/512/univariate/OpenElectricity_NEM/5T/short/run_0 launch_id=selena_context_size_20260927T131553Z_36791 slurm_job_id=3584822 launched_at=2026-09-27T13:57:49.538691+00:00
    Total instances: 1680, Series during experiment: 10, Windows: 168
    Collecting ground truth and context...
    Detected to_univariate case: 10 flat series -> 1 series x 10 variates
    Organizing data into arrays...
    Saved predictions (quantiles) to /fslarge/scratch/users/h61084/codes/evaluating_tsfms/outputs/context_size/tasks/ts_icl/context_length/512/univariate/OpenElectricity_NEM/5T/short/run_0/predictions.npz
    Computing per-window metrics...
    Saved metrics to /fslarge/scratch/users/h61084/codes/evaluating_tsfms/outputs/context_size/tasks/ts_icl/context_length/512/univariate/OpenElectricity_NEM/5T/short/run_0/metrics.npz
    Saved config to /fslarge/scratch/users/h61084/codes/evaluating_tsfms/outputs/context_size/tasks/ts_icl/context_length/512/univariate/OpenElectricity_NEM/5T/short/run_0/config.json
    Saved aggregate metrics to /fslarge/scratch/users/h61084/codes/evaluating_tsfms/outputs/context_size/tasks/ts_icl/context_length/512/univariate/OpenElectricity_NEM/5T/short/run_0/metrics_summary.json
    Metrics summary (averaged over all series/windows/variates):
      MSE: 22693.6483
      MAE: 73.8950
      RMSE: 87.1637
      MAPE: 4.3525
      sMAPE: 0.1826
      MASE: 0.4970
      ND: 0.1790
      CRPS: 0.1462
  Completed: 1 series × 168 windows
  Output: /fslarge/scratch/users/h61084/codes/evaluating_tsfms/outputs/context_size/tasks/ts_icl/context_length/512/univariate/OpenElectricity_NEM/5T/short/run_0
  Inference time: 3.870s

--- Term: medium ---
  Config: prediction_length=96, test_length=4032, val_length=4032
TIME run allocation action=new run=/fslarge/scratch/users/h61084/codes/evaluating_tsfms/outputs/context_size/inference/ts_icl/context_length/512/univariate/OpenElectricity_NEM/5T/medium/run_0 launch_id=selena_context_size_20260927T131553Z_36791 slurm_job_id=3584822 launched_at=2026-09-27T13:57:50.359369+00:00
  Initializing model pipeline...
  Dataset info:
    - Frequency: 5T
    - Num series: 1
    - Target dim: 10
    - Target mode: univariate
    - Covariate channels: 0
    - Series length: min=43488,               max=43488, avg=43488.0
    - Test split: 4032 steps
    - Prediction length: 96
    - Windows: 42
    Processed 160/420...
    Processed 320/420...
TIME run allocation action=new run=/fslarge/scratch/users/h61084/codes/evaluating_tsfms/outputs/context_size/tasks/ts_icl/context_length/512/univariate/OpenElectricity_NEM/5T/medium/run_0 launch_id=selena_context_size_20260927T131553Z_36791 slurm_job_id=3584822 launched_at=2026-09-27T13:57:51.933081+00:00
    Total instances: 420, Series during experiment: 10, Windows: 42
    Collecting ground truth and context...
    Detected to_univariate case: 10 flat series -> 1 series x 10 variates
    Organizing data into arrays...
    Saved predictions (quantiles) to /fslarge/scratch/users/h61084/codes/evaluating_tsfms/outputs/context_size/tasks/ts_icl/context_length/512/univariate/OpenElectricity_NEM/5T/medium/run_0/predictions.npz
    Computing per-window metrics...
    Saved metrics to /fslarge/scratch/users/h61084/codes/evaluating_tsfms/outputs/context_size/tasks/ts_icl/context_length/512/univariate/OpenElectricity_NEM/5T/medium/run_0/metrics.npz
    Saved config to /fslarge/scratch/users/h61084/codes/evaluating_tsfms/outputs/context_size/tasks/ts_icl/context_length/512/univariate/OpenElectricity_NEM/5T/medium/run_0/config.json
    Saved aggregate metrics to /fslarge/scratch/users/h61084/codes/evaluating_tsfms/outputs/context_size/tasks/ts_icl/context_length/512/univariate/OpenElectricity_NEM/5T/medium/run_0/metrics_summary.json
    Metrics summary (averaged over all series/windows/variates):
      MSE: 134542.0968
      MAE: 172.8180
      RMSE: 209.3573
      MAPE: 6.0747
      sMAPE: 0.2645
      MASE: 0.9020
      ND: 0.2643
      CRPS: 0.2128
  Completed: 1 series × 42 windows
  Output: /fslarge/scratch/users/h61084/codes/evaluating_tsfms/outputs/context_size/tasks/ts_icl/context_length/512/univariate/OpenElectricity_NEM/5T/medium/run_0
  Inference time: 1.074s

--- Term: long ---
  Config: prediction_length=288, test_length=4032, val_length=4032
TIME run allocation action=new run=/fslarge/scratch/users/h61084/codes/evaluating_tsfms/outputs/context_size/inference/ts_icl/context_length/512/univariate/OpenElectricity_NEM/5T/long/run_0 launch_id=selena_context_size_20260927T131553Z_36791 slurm_job_id=3584822 launched_at=2026-09-27T13:57:52.257735+00:00
  Initializing model pipeline...
  Dataset info:
    - Frequency: 5T
    - Num series: 1
    - Target dim: 10
    - Target mode: univariate
    - Covariate channels: 0
    - Series length: min=43488,               max=43488, avg=43488.0
    - Test split: 4032 steps
    - Prediction length: 288
    - Windows: 14
TIME run allocation action=new run=/fslarge/scratch/users/h61084/codes/evaluating_tsfms/outputs/context_size/tasks/ts_icl/context_length/512/univariate/OpenElectricity_NEM/5T/long/run_0 launch_id=selena_context_size_20260927T131553Z_36791 slurm_job_id=3584822 launched_at=2026-09-27T13:57:53.112260+00:00
    Total instances: 140, Series during experiment: 10, Windows: 14
    Collecting ground truth and context...
    Detected to_univariate case: 10 flat series -> 1 series x 10 variates
    Organizing data into arrays...
    Saved predictions (quantiles) to /fslarge/scratch/users/h61084/codes/evaluating_tsfms/outputs/context_size/tasks/ts_icl/context_length/512/univariate/OpenElectricity_NEM/5T/long/run_0/predictions.npz
    Computing per-window metrics...
    Saved metrics to /fslarge/scratch/users/h61084/codes/evaluating_tsfms/outputs/context_size/tasks/ts_icl/context_length/512/univariate/OpenElectricity_NEM/5T/long/run_0/metrics.npz
    Saved config to /fslarge/scratch/users/h61084/codes/evaluating_tsfms/outputs/context_size/tasks/ts_icl/context_length/512/univariate/OpenElectricity_NEM/5T/long/run_0/config.json
    Saved aggregate metrics to /fslarge/scratch/users/h61084/codes/evaluating_tsfms/outputs/context_size/tasks/ts_icl/context_length/512/univariate/OpenElectricity_NEM/5T/long/run_0/metrics_summary.json
    Metrics summary (averaged over all series/windows/variates):
      MSE: 131978.9555
      MAE: 170.8249
      RMSE: 221.3718
      MAPE: 5.4969
      sMAPE: 0.3362
      MASE: 0.9743
      ND: 0.2751
      CRPS: 0.2218
  Completed: 1 series × 14 windows
  Output: /fslarge/scratch/users/h61084/codes/evaluating_tsfms/outputs/context_size/tasks/ts_icl/context_length/512/univariate/OpenElectricity_NEM/5T/long/run_0
  Inference time: 0.443s

============================================================
All experiments completed!
Results saved to: /scratch/users/h61084/codes/evaluating_tsfms/outputs/context_size/tasks
============================================================

############################################################
# All 1 dataset(s) completed!
############################################################

############################################################
# Dataset 1/1: EWELD_Load/15T
############################################################
[2026-09-27 13:57:56 UTC] resources selected_device {"device": "cuda", "model": "ts_icl", "stage": "forecast"}
Loading configuration...

============================================================
Dataset: EWELD_Load/15T
Terms: ['short', 'medium', 'long']
Covariate mode: none
Instance normalization: none
============================================================

--- Term: short ---
  Config: prediction_length=24, test_length=1344, val_length=1344
TIME run allocation action=new run=/fslarge/scratch/users/h61084/codes/evaluating_tsfms/outputs/context_size/inference/ts_icl/context_length/512/univariate/EWELD_Load/15T/short/run_0 launch_id=selena_context_size_20260927T131553Z_36791 slurm_job_id=3584822 launched_at=2026-09-27T13:57:56.787763+00:00
  Initializing model pipeline...
  Dataset info:
    - Frequency: 15T
    - Num series: 1
    - Target dim: 10
    - Target mode: univariate
    - Covariate channels: 0
    - Series length: min=20544,               max=20544, avg=20544.0
    - Test split: 1344 steps
    - Prediction length: 24
    - Windows: 56
    Processed 160/560...
    Processed 320/560...
    Processed 480/560...
TIME run allocation action=new run=/fslarge/scratch/users/h61084/codes/evaluating_tsfms/outputs/context_size/tasks/ts_icl/context_length/512/univariate/EWELD_Load/15T/short/run_0 launch_id=selena_context_size_20260927T131553Z_36791 slurm_job_id=3584822 launched_at=2026-09-27T13:57:58.821756+00:00
    Total instances: 560, Series during experiment: 10, Windows: 56
    Collecting ground truth and context...
    Detected to_univariate case: 10 flat series -> 1 series x 10 variates
    Organizing data into arrays...
    Saved predictions (quantiles) to /fslarge/scratch/users/h61084/codes/evaluating_tsfms/outputs/context_size/tasks/ts_icl/context_length/512/univariate/EWELD_Load/15T/short/run_0/predictions.npz
    Computing per-window metrics...
    Saved metrics to /fslarge/scratch/users/h61084/codes/evaluating_tsfms/outputs/context_size/tasks/ts_icl/context_length/512/univariate/EWELD_Load/15T/short/run_0/metrics.npz
    Saved config to /fslarge/scratch/users/h61084/codes/evaluating_tsfms/outputs/context_size/tasks/ts_icl/context_length/512/univariate/EWELD_Load/15T/short/run_0/config.json
    Saved aggregate metrics to /fslarge/scratch/users/h61084/codes/evaluating_tsfms/outputs/context_size/tasks/ts_icl/context_length/512/univariate/EWELD_Load/15T/short/run_0/metrics_summary.json
    Metrics summary (averaged over all series/windows/variates):
      MSE: 1275.3396
      MAE: 14.2166
      RMSE: 17.6949
      MAPE: 0.4510
      sMAPE: 0.2988
      MASE: 0.6364
      ND: 0.6791
      CRPS: 0.5194
  Completed: 1 series × 56 windows
  Output: /fslarge/scratch/users/h61084/codes/evaluating_tsfms/outputs/context_size/tasks/ts_icl/context_length/512/univariate/EWELD_Load/15T/short/run_0
  Inference time: 1.400s

--- Term: medium ---
  Config: prediction_length=96, test_length=1344, val_length=1344
TIME run allocation action=new run=/fslarge/scratch/users/h61084/codes/evaluating_tsfms/outputs/context_size/inference/ts_icl/context_length/512/univariate/EWELD_Load/15T/medium/run_0 launch_id=selena_context_size_20260927T131553Z_36791 slurm_job_id=3584822 launched_at=2026-09-27T13:57:59.074717+00:00
  Initializing model pipeline...
  Dataset info:
    - Frequency: 15T
    - Num series: 1
    - Target dim: 10
    - Target mode: univariate
    - Covariate channels: 0
    - Series length: min=20544,               max=20544, avg=20544.0
    - Test split: 1344 steps
    - Prediction length: 96
    - Windows: 14
TIME run allocation action=new run=/fslarge/scratch/users/h61084/codes/evaluating_tsfms/outputs/context_size/tasks/ts_icl/context_length/512/univariate/EWELD_Load/15T/medium/run_0 launch_id=selena_context_size_20260927T131553Z_36791 slurm_job_id=3584822 launched_at=2026-09-27T13:57:59.900678+00:00
    Total instances: 140, Series during experiment: 10, Windows: 14
    Collecting ground truth and context...
    Detected to_univariate case: 10 flat series -> 1 series x 10 variates
    Organizing data into arrays...
    Saved predictions (quantiles) to /fslarge/scratch/users/h61084/codes/evaluating_tsfms/outputs/context_size/tasks/ts_icl/context_length/512/univariate/EWELD_Load/15T/medium/run_0/predictions.npz
    Computing per-window metrics...
    Saved metrics to /fslarge/scratch/users/h61084/codes/evaluating_tsfms/outputs/context_size/tasks/ts_icl/context_length/512/univariate/EWELD_Load/15T/medium/run_0/metrics.npz
    Saved config to /fslarge/scratch/users/h61084/codes/evaluating_tsfms/outputs/context_size/tasks/ts_icl/context_length/512/univariate/EWELD_Load/15T/medium/run_0/config.json
    Saved aggregate metrics to /fslarge/scratch/users/h61084/codes/evaluating_tsfms/outputs/context_size/tasks/ts_icl/context_length/512/univariate/EWELD_Load/15T/medium/run_0/metrics_summary.json
    Metrics summary (averaged over all series/windows/variates):
      MSE: 1400.3547
      MAE: 15.5971
      RMSE: 20.5647
      MAPE: 0.4627
      sMAPE: 0.3424
      MASE: 0.7580
      ND: 0.2686
      CRPS: 0.2154
  Completed: 1 series × 14 windows
  Output: /fslarge/scratch/users/h61084/codes/evaluating_tsfms/outputs/context_size/tasks/ts_icl/context_length/512/univariate/EWELD_Load/15T/medium/run_0
  Inference time: 0.372s

--- Term: long ---
  Config: prediction_length=672, test_length=1344, val_length=1344
TIME run allocation action=new run=/fslarge/scratch/users/h61084/codes/evaluating_tsfms/outputs/context_size/inference/ts_icl/context_length/512/univariate/EWELD_Load/15T/long/run_0 launch_id=selena_context_size_20260927T131553Z_36791 slurm_job_id=3584822 launched_at=2026-09-27T13:58:00.020867+00:00
  Initializing model pipeline...
  Dataset info:
    - Frequency: 15T
    - Num series: 1
    - Target dim: 10
    - Target mode: univariate
    - Covariate channels: 0
    - Series length: min=20544,               max=20544, avg=20544.0
    - Test split: 1344 steps
    - Prediction length: 672
    - Windows: 2
TIME run allocation action=new run=/fslarge/scratch/users/h61084/codes/evaluating_tsfms/outputs/context_size/tasks/ts_icl/context_length/512/univariate/EWELD_Load/15T/long/run_0 launch_id=selena_context_size_20260927T131553Z_36791 slurm_job_id=3584822 launched_at=2026-09-27T13:58:00.499633+00:00
    Total instances: 20, Series during experiment: 10, Windows: 2
    Collecting ground truth and context...
    Detected to_univariate case: 10 flat series -> 1 series x 10 variates
    Organizing data into arrays...
    Saved predictions (quantiles) to /fslarge/scratch/users/h61084/codes/evaluating_tsfms/outputs/context_size/tasks/ts_icl/context_length/512/univariate/EWELD_Load/15T/long/run_0/predictions.npz
    Computing per-window metrics...
    Saved metrics to /fslarge/scratch/users/h61084/codes/evaluating_tsfms/outputs/context_size/tasks/ts_icl/context_length/512/univariate/EWELD_Load/15T/long/run_0/metrics.npz
    Saved config to /fslarge/scratch/users/h61084/codes/evaluating_tsfms/outputs/context_size/tasks/ts_icl/context_length/512/univariate/EWELD_Load/15T/long/run_0/config.json
    Saved aggregate metrics to /fslarge/scratch/users/h61084/codes/evaluating_tsfms/outputs/context_size/tasks/ts_icl/context_length/512/univariate/EWELD_Load/15T/long/run_0/metrics_summary.json
    Metrics summary (averaged over all series/windows/variates):
      MSE: 1788.3583
      MAE: 18.3794
      RMSE: 24.8565
      MAPE: 1.0763
      sMAPE: 0.4058
      MASE: 0.9551
      ND: 0.3113
      CRPS: 0.2481
  Completed: 1 series × 2 windows
  Output: /fslarge/scratch/users/h61084/codes/evaluating_tsfms/outputs/context_size/tasks/ts_icl/context_length/512/univariate/EWELD_Load/15T/long/run_0
  Inference time: 0.116s

============================================================
All experiments completed!
Results saved to: /scratch/users/h61084/codes/evaluating_tsfms/outputs/context_size/tasks
============================================================

############################################################
# All 1 dataset(s) completed!
############################################################

############################################################
# Dataset 1/1: SG_Carpark/15T
############################################################
[2026-09-27 13:58:03 UTC] resources selected_device {"device": "cuda", "model": "ts_icl", "stage": "forecast"}
Loading configuration...

============================================================
Dataset: SG_Carpark/15T
Terms: ['short', 'medium', 'long']
Covariate mode: none
Instance normalization: none
============================================================

--- Term: short ---
  Config: prediction_length=16, test_length=672, val_length=672
TIME run allocation action=new run=/fslarge/scratch/users/h61084/codes/evaluating_tsfms/outputs/context_size/inference/ts_icl/context_length/512/univariate/SG_Carpark/15T/short/run_0 launch_id=selena_context_size_20260927T131553Z_36791 slurm_job_id=3584822 launched_at=2026-09-27T13:58:04.028896+00:00
  Initializing model pipeline...
  Dataset info:
    - Frequency: 15T
    - Num series: 354
    - Target dim: 1
    - Target mode: univariate
    - Covariate channels: 0
    - Series length: min=14495,               max=14495, avg=14495.0
    - Test split: 672 steps
    - Prediction length: 16
    - Windows: 42
    Processed 160/14868...
    Processed 320/14868...
    Processed 480/14868...
    Processed 640/14868...
    Processed 800/14868...
    Processed 960/14868...
    Processed 1120/14868...
    Processed 1280/14868...
    Processed 1440/14868...
    Processed 1600/14868...
    Processed 1760/14868...
    Processed 1920/14868...
    Processed 2080/14868...
    Processed 2240/14868...
    Processed 2400/14868...
    Processed 2560/14868...
    Processed 2720/14868...
    Processed 2880/14868...
    Processed 3040/14868...
    Processed 3200/14868...
    Processed 3360/14868...
    Processed 3520/14868...
    Processed 3680/14868...
    Processed 3840/14868...
    Processed 4000/14868...
    Processed 4160/14868...
    Processed 4320/14868...
    Processed 4480/14868...
    Processed 4640/14868...
    Processed 4800/14868...
    Processed 4960/14868...
    Processed 5120/14868...
    Processed 5280/14868...
    Processed 5440/14868...
    Processed 5600/14868...
    Processed 5760/14868...
    Processed 5920/14868...
    Processed 6080/14868...
    Processed 6240/14868...
    Processed 6400/14868...
    Processed 6560/14868...
    Processed 6720/14868...
    Processed 6880/14868...
    Processed 7040/14868...
    Processed 7200/14868...
    Processed 7360/14868...
    Processed 7520/14868...
    Processed 7680/14868...
    Processed 7840/14868...
    Processed 8000/14868...
    Processed 8160/14868...
    Processed 8320/14868...
    Processed 8480/14868...
    Processed 8640/14868...
    Processed 8800/14868...
    Processed 8960/14868...
    Processed 9120/14868...
    Processed 9280/14868...
    Processed 9440/14868...
    Processed 9600/14868...
    Processed 9760/14868...
    Processed 9920/14868...
    Processed 10080/14868...
    Processed 10240/14868...
    Processed 10400/14868...
    Processed 10560/14868...
    Processed 10720/14868...
    Processed 10880/14868...
    Processed 11040/14868...
    Processed 11200/14868...
    Processed 11360/14868...
    Processed 11520/14868...
    Processed 11680/14868...
    Processed 11840/14868...
    Processed 12000/14868...
    Processed 12160/14868...
    Processed 12320/14868...
    Processed 12480/14868...
    Processed 12640/14868...
    Processed 12800/14868...
    Processed 12960/14868...
    Processed 13120/14868...
    Processed 13280/14868...
    Processed 13440/14868...
    Processed 13600/14868...
    Processed 13760/14868...
    Processed 13920/14868...
    Processed 14080/14868...
    Processed 14240/14868...
    Processed 14400/14868...
    Processed 14560/14868...
    Processed 14720/14868...
    Processed 14868/14868...
TIME run allocation action=new run=/fslarge/scratch/users/h61084/codes/evaluating_tsfms/outputs/context_size/tasks/ts_icl/context_length/512/univariate/SG_Carpark/15T/short/run_0 launch_id=selena_context_size_20260927T131553Z_36791 slurm_job_id=3584822 launched_at=2026-09-27T13:58:41.037183+00:00
    Total instances: 14868, Series during experiment: 354, Windows: 42
    Collecting ground truth and context...
    Organizing data into arrays...
    Saved predictions (quantiles) to /fslarge/scratch/users/h61084/codes/evaluating_tsfms/outputs/context_size/tasks/ts_icl/context_length/512/univariate/SG_Carpark/15T/short/run_0/predictions.npz
    Computing per-window metrics...
    Saved metrics to /fslarge/scratch/users/h61084/codes/evaluating_tsfms/outputs/context_size/tasks/ts_icl/context_length/512/univariate/SG_Carpark/15T/short/run_0/metrics.npz
    Saved config to /fslarge/scratch/users/h61084/codes/evaluating_tsfms/outputs/context_size/tasks/ts_icl/context_length/512/univariate/SG_Carpark/15T/short/run_0/config.json
    Saved aggregate metrics to /fslarge/scratch/users/h61084/codes/evaluating_tsfms/outputs/context_size/tasks/ts_icl/context_length/512/univariate/SG_Carpark/15T/short/run_0/metrics_summary.json
    Metrics summary (averaged over all series/windows/variates):
      MSE: 315.2339
      MAE: 7.5447
      RMSE: 9.5331
      MAPE: 0.0476
      sMAPE: 0.0552
      MASE: 0.5147
      ND: 0.0477
      CRPS: 0.0374
  Completed: 354 series × 42 windows
  Output: /fslarge/scratch/users/h61084/codes/evaluating_tsfms/outputs/context_size/tasks/ts_icl/context_length/512/univariate/SG_Carpark/15T/short/run_0
  Inference time: 36.078s

--- Term: medium ---
  Config: prediction_length=96, test_length=672, val_length=672
TIME run allocation action=new run=/fslarge/scratch/users/h61084/codes/evaluating_tsfms/outputs/context_size/inference/ts_icl/context_length/512/univariate/SG_Carpark/15T/medium/run_0 launch_id=selena_context_size_20260927T131553Z_36791 slurm_job_id=3584822 launched_at=2026-09-27T13:58:45.775533+00:00
  Initializing model pipeline...
  Dataset info:
    - Frequency: 15T
    - Num series: 354
    - Target dim: 1
    - Target mode: univariate
    - Covariate channels: 0
    - Series length: min=14495,               max=14495, avg=14495.0
    - Test split: 672 steps
    - Prediction length: 96
    - Windows: 7
    Processed 160/2478...
    Processed 320/2478...
    Processed 480/2478...
    Processed 640/2478...
    Processed 800/2478...
    Processed 960/2478...
    Processed 1120/2478...
    Processed 1280/2478...
    Processed 1440/2478...
    Processed 1600/2478...
    Processed 1760/2478...
    Processed 1920/2478...
    Processed 2080/2478...
    Processed 2240/2478...
    Processed 2400/2478...
TIME run allocation action=new run=/fslarge/scratch/users/h61084/codes/evaluating_tsfms/outputs/context_size/tasks/ts_icl/context_length/512/univariate/SG_Carpark/15T/medium/run_0 launch_id=selena_context_size_20260927T131553Z_36791 slurm_job_id=3584822 launched_at=2026-09-27T13:58:53.150786+00:00
    Total instances: 2478, Series during experiment: 354, Windows: 7
    Collecting ground truth and context...
    Organizing data into arrays...
    Saved predictions (quantiles) to /fslarge/scratch/users/h61084/codes/evaluating_tsfms/outputs/context_size/tasks/ts_icl/context_length/512/univariate/SG_Carpark/15T/medium/run_0/predictions.npz
    Computing per-window metrics...
    Saved metrics to /fslarge/scratch/users/h61084/codes/evaluating_tsfms/outputs/context_size/tasks/ts_icl/context_length/512/univariate/SG_Carpark/15T/medium/run_0/metrics.npz
    Saved config to /fslarge/scratch/users/h61084/codes/evaluating_tsfms/outputs/context_size/tasks/ts_icl/context_length/512/univariate/SG_Carpark/15T/medium/run_0/config.json
    Saved aggregate metrics to /fslarge/scratch/users/h61084/codes/evaluating_tsfms/outputs/context_size/tasks/ts_icl/context_length/512/univariate/SG_Carpark/15T/medium/run_0/metrics_summary.json
    Metrics summary (averaged over all series/windows/variates):
      MSE: 1033.4520
      MAE: 15.0995
      RMSE: 20.2481
      MAPE: 0.0805
      sMAPE: 0.0878
      MASE: 0.9646
      ND: 0.0762
      CRPS: 0.0609
  Completed: 354 series × 7 windows
  Output: /fslarge/scratch/users/h61084/codes/evaluating_tsfms/outputs/context_size/tasks/ts_icl/context_length/512/univariate/SG_Carpark/15T/medium/run_0
  Inference time: 6.636s

--- Term: long ---
  Config: prediction_length=672, test_length=672, val_length=672
TIME run allocation action=new run=/fslarge/scratch/users/h61084/codes/evaluating_tsfms/outputs/context_size/inference/ts_icl/context_length/512/univariate/SG_Carpark/15T/long/run_0 launch_id=selena_context_size_20260927T131553Z_36791 slurm_job_id=3584822 launched_at=2026-09-27T13:58:54.304966+00:00
  Initializing model pipeline...
  Dataset info:
    - Frequency: 15T
    - Num series: 354
    - Target dim: 1
    - Target mode: univariate
    - Covariate channels: 0
    - Series length: min=14495,               max=14495, avg=14495.0
    - Test split: 672 steps
    - Prediction length: 672
    - Windows: 1
    Processed 160/354...
    Processed 320/354...
TIME run allocation action=new run=/fslarge/scratch/users/h61084/codes/evaluating_tsfms/outputs/context_size/tasks/ts_icl/context_length/512/univariate/SG_Carpark/15T/long/run_0 launch_id=selena_context_size_20260927T131553Z_36791 slurm_job_id=3584822 launched_at=2026-09-27T13:58:56.524494+00:00
    Total instances: 354, Series during experiment: 354, Windows: 1
    Collecting ground truth and context...
    Organizing data into arrays...
    Saved predictions (quantiles) to /fslarge/scratch/users/h61084/codes/evaluating_tsfms/outputs/context_size/tasks/ts_icl/context_length/512/univariate/SG_Carpark/15T/long/run_0/predictions.npz
    Computing per-window metrics...
    Saved metrics to /fslarge/scratch/users/h61084/codes/evaluating_tsfms/outputs/context_size/tasks/ts_icl/context_length/512/univariate/SG_Carpark/15T/long/run_0/metrics.npz
    Saved config to /fslarge/scratch/users/h61084/codes/evaluating_tsfms/outputs/context_size/tasks/ts_icl/context_length/512/univariate/SG_Carpark/15T/long/run_0/config.json
    Saved aggregate metrics to /fslarge/scratch/users/h61084/codes/evaluating_tsfms/outputs/context_size/tasks/ts_icl/context_length/512/univariate/SG_Carpark/15T/long/run_0/metrics_summary.json
    Metrics summary (averaged over all series/windows/variates):
      MSE: 2188.2221
      MAE: 27.6688
      RMSE: 36.8215
      MAPE: 0.1444
      sMAPE: 0.1442
      MASE: 1.7569
      ND: 0.1403
      CRPS: 0.1036
  Completed: 354 series × 1 windows
  Output: /fslarge/scratch/users/h61084/codes/evaluating_tsfms/outputs/context_size/tasks/ts_icl/context_length/512/univariate/SG_Carpark/15T/long/run_0
  Inference time: 1.548s

============================================================
All experiments completed!
Results saved to: /scratch/users/h61084/codes/evaluating_tsfms/outputs/context_size/tasks
============================================================

############################################################
# All 1 dataset(s) completed!
############################################################

############################################################
# Dataset 1/1: Finland_Traffic/15T
############################################################
[2026-09-27 13:59:00 UTC] resources selected_device {"device": "cuda", "model": "ts_icl", "stage": "forecast"}
Loading configuration...

============================================================
Dataset: Finland_Traffic/15T
Terms: ['short', 'medium', 'long']
Covariate mode: none
Instance normalization: none
============================================================

--- Term: short ---
  Config: prediction_length=16, test_length=2976, val_length=2880
TIME run allocation action=new run=/fslarge/scratch/users/h61084/codes/evaluating_tsfms/outputs/context_size/inference/ts_icl/context_length/512/univariate/Finland_Traffic/15T/short/run_0 launch_id=selena_context_size_20260927T131553Z_36791 slurm_job_id=3584822 launched_at=2026-09-27T13:59:00.542089+00:00
  Initializing model pipeline...
  Dataset info:
    - Frequency: 15T
    - Num series: 1
    - Target dim: 1
    - Target mode: univariate
    - Covariate channels: 0
    - Series length: min=35136,               max=35136, avg=35136.0
    - Test split: 2976 steps
    - Prediction length: 16
    - Windows: 186
    Processed 160/186...
TIME run allocation action=new run=/fslarge/scratch/users/h61084/codes/evaluating_tsfms/outputs/context_size/tasks/ts_icl/context_length/512/univariate/Finland_Traffic/15T/short/run_0 launch_id=selena_context_size_20260927T131553Z_36791 slurm_job_id=3584822 launched_at=2026-09-27T13:59:01.698158+00:00
    Total instances: 186, Series during experiment: 1, Windows: 186
    Collecting ground truth and context...
    Organizing data into arrays...
    Saved predictions (quantiles) to /fslarge/scratch/users/h61084/codes/evaluating_tsfms/outputs/context_size/tasks/ts_icl/context_length/512/univariate/Finland_Traffic/15T/short/run_0/predictions.npz
    Computing per-window metrics...
    Saved metrics to /fslarge/scratch/users/h61084/codes/evaluating_tsfms/outputs/context_size/tasks/ts_icl/context_length/512/univariate/Finland_Traffic/15T/short/run_0/metrics.npz
    Saved config to /fslarge/scratch/users/h61084/codes/evaluating_tsfms/outputs/context_size/tasks/ts_icl/context_length/512/univariate/Finland_Traffic/15T/short/run_0/config.json
    Saved aggregate metrics to /fslarge/scratch/users/h61084/codes/evaluating_tsfms/outputs/context_size/tasks/ts_icl/context_length/512/univariate/Finland_Traffic/15T/short/run_0/metrics_summary.json
    Metrics summary (averaged over all series/windows/variates):
      MSE: 1572.2635
      MAE: 23.8370
      RMSE: 28.4985
      MAPE: 0.3058
      sMAPE: 0.2479
      MASE: 0.5790
      ND: 0.2693
      CRPS: 0.2179
  Completed: 1 series × 186 windows
  Output: /fslarge/scratch/users/h61084/codes/evaluating_tsfms/outputs/context_size/tasks/ts_icl/context_length/512/univariate/Finland_Traffic/15T/short/run_0
  Inference time: 0.546s

--- Term: medium ---
  Config: prediction_length=96, test_length=2976, val_length=2880
TIME run allocation action=new run=/fslarge/scratch/users/h61084/codes/evaluating_tsfms/outputs/context_size/inference/ts_icl/context_length/512/univariate/Finland_Traffic/15T/medium/run_0 launch_id=selena_context_size_20260927T131553Z_36791 slurm_job_id=3584822 launched_at=2026-09-27T13:59:01.797776+00:00
  Initializing model pipeline...
  Dataset info:
    - Frequency: 15T
    - Num series: 1
    - Target dim: 1
    - Target mode: univariate
    - Covariate channels: 0
    - Series length: min=35136,               max=35136, avg=35136.0
    - Test split: 2976 steps
    - Prediction length: 96
    - Windows: 31
TIME run allocation action=new run=/fslarge/scratch/users/h61084/codes/evaluating_tsfms/outputs/context_size/tasks/ts_icl/context_length/512/univariate/Finland_Traffic/15T/medium/run_0 launch_id=selena_context_size_20260927T131553Z_36791 slurm_job_id=3584822 launched_at=2026-09-27T13:59:02.335328+00:00
    Total instances: 31, Series during experiment: 1, Windows: 31
    Collecting ground truth and context...
    Organizing data into arrays...
    Saved predictions (quantiles) to /fslarge/scratch/users/h61084/codes/evaluating_tsfms/outputs/context_size/tasks/ts_icl/context_length/512/univariate/Finland_Traffic/15T/medium/run_0/predictions.npz
    Computing per-window metrics...
    Saved metrics to /fslarge/scratch/users/h61084/codes/evaluating_tsfms/outputs/context_size/tasks/ts_icl/context_length/512/univariate/Finland_Traffic/15T/medium/run_0/metrics.npz
    Saved config to /fslarge/scratch/users/h61084/codes/evaluating_tsfms/outputs/context_size/tasks/ts_icl/context_length/512/univariate/Finland_Traffic/15T/medium/run_0/config.json
    Saved aggregate metrics to /fslarge/scratch/users/h61084/codes/evaluating_tsfms/outputs/context_size/tasks/ts_icl/context_length/512/univariate/Finland_Traffic/15T/medium/run_0/metrics_summary.json
    Metrics summary (averaged over all series/windows/variates):
      MSE: 2605.9914
      MAE: 32.5582
      RMSE: 46.3789
      MAPE: 0.3633
      sMAPE: 0.3020
      MASE: 0.7906
      ND: 0.2583
      CRPS: 0.2068
  Completed: 1 series × 31 windows
  Output: /fslarge/scratch/users/h61084/codes/evaluating_tsfms/outputs/context_size/tasks/ts_icl/context_length/512/univariate/Finland_Traffic/15T/medium/run_0
  Inference time: 0.095s

--- Term: long ---
  Config: prediction_length=672, test_length=2976, val_length=2880
TIME run allocation action=new run=/fslarge/scratch/users/h61084/codes/evaluating_tsfms/outputs/context_size/inference/ts_icl/context_length/512/univariate/Finland_Traffic/15T/long/run_0 launch_id=selena_context_size_20260927T131553Z_36791 slurm_job_id=3584822 launched_at=2026-09-27T13:59:02.374503+00:00
  Initializing model pipeline...
  Dataset info:
    - Frequency: 15T
    - Num series: 1
    - Target dim: 1
    - Target mode: univariate
    - Covariate channels: 0
    - Series length: min=35136,               max=35136, avg=35136.0
    - Test split: 2976 steps
    - Prediction length: 672
    - Windows: 4
TIME run allocation action=new run=/fslarge/scratch/users/h61084/codes/evaluating_tsfms/outputs/context_size/tasks/ts_icl/context_length/512/univariate/Finland_Traffic/15T/long/run_0 launch_id=selena_context_size_20260927T131553Z_36791 slurm_job_id=3584822 launched_at=2026-09-27T13:59:02.771647+00:00
    Total instances: 4, Series during experiment: 1, Windows: 4
    Collecting ground truth and context...
    Organizing data into arrays...
    Saved predictions (quantiles) to /fslarge/scratch/users/h61084/codes/evaluating_tsfms/outputs/context_size/tasks/ts_icl/context_length/512/univariate/Finland_Traffic/15T/long/run_0/predictions.npz
    Computing per-window metrics...
    Saved metrics to /fslarge/scratch/users/h61084/codes/evaluating_tsfms/outputs/context_size/tasks/ts_icl/context_length/512/univariate/Finland_Traffic/15T/long/run_0/metrics.npz
    Saved config to /fslarge/scratch/users/h61084/codes/evaluating_tsfms/outputs/context_size/tasks/ts_icl/context_length/512/univariate/Finland_Traffic/15T/long/run_0/config.json
    Saved aggregate metrics to /fslarge/scratch/users/h61084/codes/evaluating_tsfms/outputs/context_size/tasks/ts_icl/context_length/512/univariate/Finland_Traffic/15T/long/run_0/metrics_summary.json
    Metrics summary (averaged over all series/windows/variates):
      MSE: 5818.1901
      MAE: 51.8750
      RMSE: 76.2316
      MAPE: 0.7647
      sMAPE: 0.4448
      MASE: 1.2569
      ND: 0.3961
      CRPS: 0.3041
  Completed: 1 series × 4 windows
  Output: /fslarge/scratch/users/h61084/codes/evaluating_tsfms/outputs/context_size/tasks/ts_icl/context_length/512/univariate/Finland_Traffic/15T/long/run_0
  Inference time: 0.043s

============================================================
All experiments completed!
Results saved to: /scratch/users/h61084/codes/evaluating_tsfms/outputs/context_size/tasks
============================================================

############################################################
# All 1 dataset(s) completed!
############################################################

############################################################
# Dataset 1/1: Port_Activity/D
############################################################
[2026-09-27 13:59:06 UTC] resources selected_device {"device": "cuda", "model": "ts_icl", "stage": "forecast"}
Loading configuration...

============================================================
Dataset: Port_Activity/D
Terms: ['short']
Covariate mode: none
Instance normalization: none
============================================================

--- Term: short ---
  Config: prediction_length=30, test_length=365, val_length=90
TIME run allocation action=new run=/fslarge/scratch/users/h61084/codes/evaluating_tsfms/outputs/context_size/inference/ts_icl/context_length/512/univariate/Port_Activity/D/short/run_0 launch_id=selena_context_size_20260927T131553Z_36791 slurm_job_id=3584822 launched_at=2026-09-27T13:59:06.308561+00:00
  Initializing model pipeline...
  Dataset info:
    - Frequency: D
    - Num series: 99
    - Target dim: 2
    - Target mode: univariate
    - Covariate channels: 0
    - Series length: min=2127,               max=2127, avg=2127.0
    - Test split: 365 steps
    - Prediction length: 30
    - Windows: 12
    Processed 160/2376...
    Processed 320/2376...
    Processed 480/2376...
    Processed 640/2376...
    Processed 800/2376...
    Processed 960/2376...
    Processed 1120/2376...
    Processed 1280/2376...
    Processed 1440/2376...
    Processed 1600/2376...
    Processed 1760/2376...
    Processed 1920/2376...
    Processed 2080/2376...
    Processed 2240/2376...
TIME run allocation action=new run=/fslarge/scratch/users/h61084/codes/evaluating_tsfms/outputs/context_size/tasks/ts_icl/context_length/512/univariate/Port_Activity/D/short/run_0 launch_id=selena_context_size_20260927T131553Z_36791 slurm_job_id=3584822 launched_at=2026-09-27T13:59:12.409206+00:00
    Total instances: 2376, Series during experiment: 198, Windows: 12
    Collecting ground truth and context...
    Detected to_univariate case: 198 flat series -> 99 series x 2 variates
    Organizing data into arrays...
    ⚠️  Predictions max value (541761.19) exceeds float16 safe range.
    ⚠️  Applying scale factor: 10 (values will be divided)
    Saved predictions (quantiles) to /fslarge/scratch/users/h61084/codes/evaluating_tsfms/outputs/context_size/tasks/ts_icl/context_length/512/univariate/Port_Activity/D/short/run_0/predictions.npz
    Computing per-window metrics...
    Saved metrics to /fslarge/scratch/users/h61084/codes/evaluating_tsfms/outputs/context_size/tasks/ts_icl/context_length/512/univariate/Port_Activity/D/short/run_0/metrics.npz
    Saved config to /fslarge/scratch/users/h61084/codes/evaluating_tsfms/outputs/context_size/tasks/ts_icl/context_length/512/univariate/Port_Activity/D/short/run_0/config.json
    Saved aggregate metrics to /fslarge/scratch/users/h61084/codes/evaluating_tsfms/outputs/context_size/tasks/ts_icl/context_length/512/univariate/Port_Activity/D/short/run_0/metrics_summary.json
    Metrics summary (averaged over all series/windows/variates):
      MSE: 943019829.7041
      MAE: 15528.0895
      RMSE: 21062.9958
      MAPE: 3.1110
      sMAPE: 0.9231
      MASE: 0.6649
      ND: 0.7512
      CRPS: 0.6012
  Completed: 99 series × 12 windows
  Output: /fslarge/scratch/users/h61084/codes/evaluating_tsfms/outputs/context_size/tasks/ts_icl/context_length/512/univariate/Port_Activity/D/short/run_0
  Inference time: 5.403s

============================================================
All experiments completed!
Results saved to: /scratch/users/h61084/codes/evaluating_tsfms/outputs/context_size/tasks
============================================================

############################################################
# All 1 dataset(s) completed!
############################################################

############################################################
# Dataset 1/1: Port_Activity/W
############################################################
[2026-09-27 13:59:16 UTC] resources selected_device {"device": "cuda", "model": "ts_icl", "stage": "forecast"}
Loading configuration...

============================================================
Dataset: Port_Activity/W
Terms: ['short']
Covariate mode: none
Instance normalization: none
============================================================

--- Term: short ---
  Config: prediction_length=13, test_length=52, val_length=13
TIME run allocation action=new run=/fslarge/scratch/users/h61084/codes/evaluating_tsfms/outputs/context_size/inference/ts_icl/context_length/512/univariate/Port_Activity/W/short/run_0 launch_id=selena_context_size_20260927T131553Z_36791 slurm_job_id=3584822 launched_at=2026-09-27T13:59:16.571539+00:00
  Initializing model pipeline...
  Dataset info:
    - Frequency: W
    - Num series: 99
    - Target dim: 2
    - Target mode: univariate
    - Covariate channels: 0
    - Series length: min=304,               max=304, avg=304.0
    - Test split: 52 steps
    - Prediction length: 13
    - Windows: 4
    Processed 160/792...
    Processed 320/792...
    Processed 480/792...
    Processed 640/792...
    Processed 792/792...
TIME run allocation action=new run=/fslarge/scratch/users/h61084/codes/evaluating_tsfms/outputs/context_size/tasks/ts_icl/context_length/512/univariate/Port_Activity/W/short/run_0 launch_id=selena_context_size_20260927T131553Z_36791 slurm_job_id=3584822 launched_at=2026-09-27T13:59:26.529808+00:00
    Total instances: 792, Series during experiment: 198, Windows: 4
    Collecting ground truth and context...
    Detected to_univariate case: 198 flat series -> 99 series x 2 variates
    Organizing data into arrays...
    ⚠️  Predictions max value (2973387.25) exceeds float16 safe range.
    ⚠️  Applying scale factor: 100 (values will be divided)
    Saved predictions (quantiles) to /fslarge/scratch/users/h61084/codes/evaluating_tsfms/outputs/context_size/tasks/ts_icl/context_length/512/univariate/Port_Activity/W/short/run_0/predictions.npz
    Computing per-window metrics...
    Saved metrics to /fslarge/scratch/users/h61084/codes/evaluating_tsfms/outputs/context_size/tasks/ts_icl/context_length/512/univariate/Port_Activity/W/short/run_0/metrics.npz
    Saved config to /fslarge/scratch/users/h61084/codes/evaluating_tsfms/outputs/context_size/tasks/ts_icl/context_length/512/univariate/Port_Activity/W/short/run_0/config.json
    Saved aggregate metrics to /fslarge/scratch/users/h61084/codes/evaluating_tsfms/outputs/context_size/tasks/ts_icl/context_length/512/univariate/Port_Activity/W/short/run_0/metrics_summary.json
    Metrics summary (averaged over all series/windows/variates):
      MSE: 6154894922.7862
      MAE: 44470.8496
      RMSE: 54264.4000
      MAPE: 0.6758
      sMAPE: 0.3424
      MASE: 0.7879
      ND: 0.3442
      CRPS: 0.2675
  Completed: 99 series × 4 windows
  Output: /fslarge/scratch/users/h61084/codes/evaluating_tsfms/outputs/context_size/tasks/ts_icl/context_length/512/univariate/Port_Activity/W/short/run_0
  Inference time: 9.333s

============================================================
All experiments completed!
Results saved to: /scratch/users/h61084/codes/evaluating_tsfms/outputs/context_size/tasks
============================================================

############################################################
# All 1 dataset(s) completed!
############################################################

############################################################
# Dataset 1/1: ECDC_COVID/D
############################################################
[2026-09-27 13:59:30 UTC] resources selected_device {"device": "cuda", "model": "ts_icl", "stage": "forecast"}
Loading configuration...

============================================================
Dataset: ECDC_COVID/D
Terms: ['short']
Covariate mode: none
Instance normalization: none
============================================================

--- Term: short ---
  Config: prediction_length=30, test_length=150, val_length=30
TIME run allocation action=new run=/fslarge/scratch/users/h61084/codes/evaluating_tsfms/outputs/context_size/inference/ts_icl/context_length/512/univariate/ECDC_COVID/D/short/run_0 launch_id=selena_context_size_20260927T131553Z_36791 slurm_job_id=3584822 launched_at=2026-09-27T13:59:30.204609+00:00
  Initializing model pipeline...
  Dataset info:
    - Frequency: D
    - Num series: 9
    - Target dim: 1
    - Target mode: univariate
    - Covariate channels: 0
    - Series length: min=794,               max=1229, avg=1116.6
    - Test split: 150 steps
    - Prediction length: 30
    - Windows: 5
TIME run allocation action=new run=/fslarge/scratch/users/h61084/codes/evaluating_tsfms/outputs/context_size/tasks/ts_icl/context_length/512/univariate/ECDC_COVID/D/short/run_0 launch_id=selena_context_size_20260927T131553Z_36791 slurm_job_id=3584822 launched_at=2026-09-27T13:59:31.081551+00:00
    Total instances: 45, Series during experiment: 9, Windows: 5
    Collecting ground truth and context...
    Organizing data into arrays...
    Saved predictions (quantiles) to /fslarge/scratch/users/h61084/codes/evaluating_tsfms/outputs/context_size/tasks/ts_icl/context_length/512/univariate/ECDC_COVID/D/short/run_0/predictions.npz
    Computing per-window metrics...
    Saved metrics to /fslarge/scratch/users/h61084/codes/evaluating_tsfms/outputs/context_size/tasks/ts_icl/context_length/512/univariate/ECDC_COVID/D/short/run_0/metrics.npz
    Saved config to /fslarge/scratch/users/h61084/codes/evaluating_tsfms/outputs/context_size/tasks/ts_icl/context_length/512/univariate/ECDC_COVID/D/short/run_0/config.json
    Saved aggregate metrics to /fslarge/scratch/users/h61084/codes/evaluating_tsfms/outputs/context_size/tasks/ts_icl/context_length/512/univariate/ECDC_COVID/D/short/run_0/metrics_summary.json
    Metrics summary (averaged over all series/windows/variates):
      MSE: 35235.2504
      MAE: 111.4618
      RMSE: 130.1488
      MAPE: 0.5486
      sMAPE: 0.3107
      MASE: 2.9802
      ND: 0.3980
      CRPS: 0.2964
  Completed: 9 series × 5 windows
  Output: /fslarge/scratch/users/h61084/codes/evaluating_tsfms/outputs/context_size/tasks/ts_icl/context_length/512/univariate/ECDC_COVID/D/short/run_0
  Inference time: 0.270s

============================================================
All experiments completed!
Results saved to: /scratch/users/h61084/codes/evaluating_tsfms/outputs/context_size/tasks
============================================================

############################################################
# All 1 dataset(s) completed!
############################################################

############################################################
# Dataset 1/1: ECDC_COVID/W
############################################################
[2026-09-27 13:59:34 UTC] resources selected_device {"device": "cuda", "model": "ts_icl", "stage": "forecast"}
Loading configuration...

============================================================
Dataset: ECDC_COVID/W
Terms: ['short']
Covariate mode: none
Instance normalization: none
============================================================

--- Term: short ---
  Config: prediction_length=13, test_length=52, val_length=13
TIME run allocation action=new run=/fslarge/scratch/users/h61084/codes/evaluating_tsfms/outputs/context_size/inference/ts_icl/context_length/512/univariate/ECDC_COVID/W/short/run_0 launch_id=selena_context_size_20260927T131553Z_36791 slurm_job_id=3584822 launched_at=2026-09-27T13:59:34.566215+00:00
  Initializing model pipeline...
  Dataset info:
    - Frequency: W
    - Num series: 16
    - Target dim: 1
    - Target mode: univariate
    - Covariate channels: 0
    - Series length: min=114,               max=196, avg=165.4
    - Test split: 52 steps
    - Prediction length: 13
    - Windows: 4
TIME run allocation action=new run=/fslarge/scratch/users/h61084/codes/evaluating_tsfms/outputs/context_size/tasks/ts_icl/context_length/512/univariate/ECDC_COVID/W/short/run_0 launch_id=selena_context_size_20260927T131553Z_36791 slurm_job_id=3584822 launched_at=2026-09-27T13:59:36.097004+00:00
    Total instances: 64, Series during experiment: 16, Windows: 4
    Collecting ground truth and context...
    Organizing data into arrays...
    Saved predictions (quantiles) to /fslarge/scratch/users/h61084/codes/evaluating_tsfms/outputs/context_size/tasks/ts_icl/context_length/512/univariate/ECDC_COVID/W/short/run_0/predictions.npz
    Computing per-window metrics...
    Saved metrics to /fslarge/scratch/users/h61084/codes/evaluating_tsfms/outputs/context_size/tasks/ts_icl/context_length/512/univariate/ECDC_COVID/W/short/run_0/metrics.npz
    Saved config to /fslarge/scratch/users/h61084/codes/evaluating_tsfms/outputs/context_size/tasks/ts_icl/context_length/512/univariate/ECDC_COVID/W/short/run_0/config.json
    Saved aggregate metrics to /fslarge/scratch/users/h61084/codes/evaluating_tsfms/outputs/context_size/tasks/ts_icl/context_length/512/univariate/ECDC_COVID/W/short/run_0/metrics_summary.json
    Metrics summary (averaged over all series/windows/variates):
      MSE: 2753977.8990
      MAE: 674.2487
      RMSE: 772.7467
      MAPE: 1.6960
      sMAPE: 0.5688
      MASE: 1.8729
      ND: 0.8898
      CRPS: 0.7339
  Completed: 16 series × 4 windows
  Output: /fslarge/scratch/users/h61084/codes/evaluating_tsfms/outputs/context_size/tasks/ts_icl/context_length/512/univariate/ECDC_COVID/W/short/run_0
  Inference time: 0.925s

============================================================
All experiments completed!
Results saved to: /scratch/users/h61084/codes/evaluating_tsfms/outputs/context_size/tasks
============================================================

############################################################
# All 1 dataset(s) completed!
############################################################

############################################################
# Dataset 1/1: Global_Influenza/W
############################################################
[2026-09-27 13:59:39 UTC] resources selected_device {"device": "cuda", "model": "ts_icl", "stage": "forecast"}
Loading configuration...

============================================================
Dataset: Global_Influenza/W
Terms: ['short']
Covariate mode: none
Instance normalization: none
============================================================

--- Term: short ---
  Config: prediction_length=13, test_length=52, val_length=13
TIME run allocation action=new run=/fslarge/scratch/users/h61084/codes/evaluating_tsfms/outputs/context_size/inference/ts_icl/context_length/512/univariate/Global_Influenza/W/short/run_0 launch_id=selena_context_size_20260927T131553Z_36791 slurm_job_id=3584822 launched_at=2026-09-27T13:59:39.627011+00:00
  Initializing model pipeline...
  Dataset info:
    - Frequency: W
    - Num series: 15
    - Target dim: 4
    - Target mode: univariate
    - Covariate channels: 0
    - Series length: min=154,               max=210, avg=205.6
    - Test split: 52 steps
    - Prediction length: 13
    - Windows: 4
    Processed 160/240...
TIME run allocation action=new run=/fslarge/scratch/users/h61084/codes/evaluating_tsfms/outputs/context_size/tasks/ts_icl/context_length/512/univariate/Global_Influenza/W/short/run_0 launch_id=selena_context_size_20260927T131553Z_36791 slurm_job_id=3584822 launched_at=2026-09-27T13:59:43.188532+00:00
    Total instances: 240, Series during experiment: 60, Windows: 4
    Collecting ground truth and context...
    Detected to_univariate case: 60 flat series -> 15 series x 4 variates
    Organizing data into arrays...
    ⚠️  Predictions max value (101161.20) exceeds float16 safe range.
    ⚠️  Applying scale factor: 10 (values will be divided)
    Saved predictions (quantiles) to /fslarge/scratch/users/h61084/codes/evaluating_tsfms/outputs/context_size/tasks/ts_icl/context_length/512/univariate/Global_Influenza/W/short/run_0/predictions.npz
    Computing per-window metrics...
    Saved metrics to /fslarge/scratch/users/h61084/codes/evaluating_tsfms/outputs/context_size/tasks/ts_icl/context_length/512/univariate/Global_Influenza/W/short/run_0/metrics.npz
    Saved config to /fslarge/scratch/users/h61084/codes/evaluating_tsfms/outputs/context_size/tasks/ts_icl/context_length/512/univariate/Global_Influenza/W/short/run_0/config.json
    Saved aggregate metrics to /fslarge/scratch/users/h61084/codes/evaluating_tsfms/outputs/context_size/tasks/ts_icl/context_length/512/univariate/Global_Influenza/W/short/run_0/metrics_summary.json
    Metrics summary (averaged over all series/windows/variates):
      MSE: 3247863.6702
      MAE: 509.4105
      RMSE: 629.7399
      MAPE: 0.6950
      sMAPE: 0.4856
      MASE: 2.9685
      ND: 0.5066
      CRPS: 0.4121
  Completed: 15 series × 4 windows
  Output: /fslarge/scratch/users/h61084/codes/evaluating_tsfms/outputs/context_size/tasks/ts_icl/context_length/512/univariate/Global_Influenza/W/short/run_0
  Inference time: 2.940s

============================================================
All experiments completed!
Results saved to: /scratch/users/h61084/codes/evaluating_tsfms/outputs/context_size/tasks
============================================================

############################################################
# All 1 dataset(s) completed!
############################################################

############################################################
# Dataset 1/1: Crypto/D
############################################################
[2026-09-27 13:59:46 UTC] resources selected_device {"device": "cuda", "model": "ts_icl", "stage": "forecast"}
Loading configuration...

============================================================
Dataset: Crypto/D
Terms: ['short']
Covariate mode: none
Instance normalization: none
============================================================

--- Term: short ---
  Config: prediction_length=30, test_length=273, val_length=92
TIME run allocation action=new run=/fslarge/scratch/users/h61084/codes/evaluating_tsfms/outputs/context_size/inference/ts_icl/context_length/512/univariate/Crypto/D/short/run_0 launch_id=selena_context_size_20260927T131553Z_36791 slurm_job_id=3584822 launched_at=2026-09-27T13:59:46.736399+00:00
  Initializing model pipeline...
  Dataset info:
    - Frequency: D
    - Num series: 1
    - Target dim: 4
    - Target mode: univariate
    - Covariate channels: 0
    - Series length: min=2842,               max=2842, avg=2842.0
    - Test split: 273 steps
    - Prediction length: 30
    - Windows: 9
TIME run allocation action=new run=/fslarge/scratch/users/h61084/codes/evaluating_tsfms/outputs/context_size/tasks/ts_icl/context_length/512/univariate/Crypto/D/short/run_0 launch_id=selena_context_size_20260927T131553Z_36791 slurm_job_id=3584822 launched_at=2026-09-27T13:59:47.589295+00:00
    Total instances: 36, Series during experiment: 4, Windows: 9
    Collecting ground truth and context...
    Detected to_univariate case: 4 flat series -> 1 series x 4 variates
    Organizing data into arrays...
    ⚠️  Predictions max value (129354.23) exceeds float16 safe range.
    ⚠️  Applying scale factor: 10 (values will be divided)
    Saved predictions (quantiles) to /fslarge/scratch/users/h61084/codes/evaluating_tsfms/outputs/context_size/tasks/ts_icl/context_length/512/univariate/Crypto/D/short/run_0/predictions.npz
    Computing per-window metrics...
    Saved metrics to /fslarge/scratch/users/h61084/codes/evaluating_tsfms/outputs/context_size/tasks/ts_icl/context_length/512/univariate/Crypto/D/short/run_0/metrics.npz
    Saved config to /fslarge/scratch/users/h61084/codes/evaluating_tsfms/outputs/context_size/tasks/ts_icl/context_length/512/univariate/Crypto/D/short/run_0/config.json
    Saved aggregate metrics to /fslarge/scratch/users/h61084/codes/evaluating_tsfms/outputs/context_size/tasks/ts_icl/context_length/512/univariate/Crypto/D/short/run_0/metrics_summary.json
    Metrics summary (averaged over all series/windows/variates):
      MSE: 16454020.9609
      MAE: 1607.4382
      RMSE: 1891.3959
      MAPE: 0.1015
      sMAPE: 0.1028
      MASE: 7.0151
      ND: 0.1030
      CRPS: 0.0795
  Completed: 1 series × 9 windows
  Output: /fslarge/scratch/users/h61084/codes/evaluating_tsfms/outputs/context_size/tasks/ts_icl/context_length/512/univariate/Crypto/D/short/run_0
  Inference time: 0.248s

============================================================
All experiments completed!
Results saved to: /scratch/users/h61084/codes/evaluating_tsfms/outputs/context_size/tasks
============================================================

############################################################
# All 1 dataset(s) completed!
############################################################

############################################################
# Dataset 1/1: US_Term_Structure/B
############################################################
[2026-09-27 13:59:51 UTC] resources selected_device {"device": "cuda", "model": "ts_icl", "stage": "forecast"}
Loading configuration...

============================================================
Dataset: US_Term_Structure/B
Terms: ['short']
Covariate mode: none
Instance normalization: none
============================================================

--- Term: short ---
  Config: prediction_length=20, test_length=717, val_length=100
TIME run allocation action=new run=/fslarge/scratch/users/h61084/codes/evaluating_tsfms/outputs/context_size/inference/ts_icl/context_length/512/univariate/US_Term_Structure/B/short/run_0 launch_id=selena_context_size_20260927T131553Z_36791 slurm_job_id=3584822 launched_at=2026-09-27T13:59:51.169186+00:00
  Initializing model pipeline...
  Dataset info:
    - Frequency: B
    - Num series: 1
    - Target dim: 40
    - Target mode: univariate
    - Covariate channels: 0
    - Series length: min=9326,               max=9326, avg=9326.0
    - Test split: 717 steps
    - Prediction length: 20
    - Windows: 35
    Processed 160/1400...
    Processed 320/1400...
    Processed 480/1400...
    Processed 640/1400...
    Processed 800/1400...
    Processed 960/1400...
    Processed 1120/1400...
    Processed 1280/1400...
TIME run allocation action=new run=/fslarge/scratch/users/h61084/codes/evaluating_tsfms/outputs/context_size/tasks/ts_icl/context_length/512/univariate/US_Term_Structure/B/short/run_0 launch_id=selena_context_size_20260927T131553Z_36791 slurm_job_id=3584822 launched_at=2026-09-27T13:59:55.468644+00:00
    Total instances: 1400, Series during experiment: 40, Windows: 35
    Collecting ground truth and context...
    Detected to_univariate case: 40 flat series -> 1 series x 40 variates
    Organizing data into arrays...
    Saved predictions (quantiles) to /fslarge/scratch/users/h61084/codes/evaluating_tsfms/outputs/context_size/tasks/ts_icl/context_length/512/univariate/US_Term_Structure/B/short/run_0/predictions.npz
    Computing per-window metrics...
    Saved metrics to /fslarge/scratch/users/h61084/codes/evaluating_tsfms/outputs/context_size/tasks/ts_icl/context_length/512/univariate/US_Term_Structure/B/short/run_0/metrics.npz
    Saved config to /fslarge/scratch/users/h61084/codes/evaluating_tsfms/outputs/context_size/tasks/ts_icl/context_length/512/univariate/US_Term_Structure/B/short/run_0/config.json
    Saved aggregate metrics to /fslarge/scratch/users/h61084/codes/evaluating_tsfms/outputs/context_size/tasks/ts_icl/context_length/512/univariate/US_Term_Structure/B/short/run_0/metrics_summary.json
    Metrics summary (averaged over all series/windows/variates):
      MSE: 0.0242
      MAE: 0.1029
      RMSE: 0.1238
      MAPE: 0.9332
      sMAPE: 0.2644
      MASE: 1.4985
      ND: 0.2558
      CRPS: 0.2056
  Completed: 1 series × 35 windows
  Output: /fslarge/scratch/users/h61084/codes/evaluating_tsfms/outputs/context_size/tasks/ts_icl/context_length/512/univariate/US_Term_Structure/B/short/run_0
  Inference time: 3.640s

============================================================
All experiments completed!
Results saved to: /scratch/users/h61084/codes/evaluating_tsfms/outputs/context_size/tasks
============================================================

############################################################
# All 1 dataset(s) completed!
############################################################

############################################################
# Dataset 1/1: Oil_Price/B
############################################################
[2026-09-27 13:59:59 UTC] resources selected_device {"device": "cuda", "model": "ts_icl", "stage": "forecast"}
Loading configuration...

============================================================
Dataset: Oil_Price/B
Terms: ['short']
Covariate mode: none
Instance normalization: none
============================================================

--- Term: short ---
  Config: prediction_length=20, test_length=717, val_length=100
TIME run allocation action=new run=/fslarge/scratch/users/h61084/codes/evaluating_tsfms/outputs/context_size/inference/ts_icl/context_length/512/univariate/Oil_Price/B/short/run_0 launch_id=selena_context_size_20260927T131553Z_36791 slurm_job_id=3584822 launched_at=2026-09-27T13:59:59.393322+00:00
  Initializing model pipeline...
  Dataset info:
    - Frequency: B
    - Num series: 1
    - Target dim: 12
    - Target mode: univariate
    - Covariate channels: 0
    - Series length: min=5035,               max=5035, avg=5035.0
    - Test split: 717 steps
    - Prediction length: 20
    - Windows: 35
    Processed 160/420...
    Processed 320/420...
TIME run allocation action=new run=/fslarge/scratch/users/h61084/codes/evaluating_tsfms/outputs/context_size/tasks/ts_icl/context_length/512/univariate/Oil_Price/B/short/run_0 launch_id=selena_context_size_20260927T131553Z_36791 slurm_job_id=3584822 launched_at=2026-09-27T14:00:01.263178+00:00
    Total instances: 420, Series during experiment: 12, Windows: 35
    Collecting ground truth and context...
    Detected to_univariate case: 12 flat series -> 1 series x 12 variates
    Organizing data into arrays...
    Saved predictions (quantiles) to /fslarge/scratch/users/h61084/codes/evaluating_tsfms/outputs/context_size/tasks/ts_icl/context_length/512/univariate/Oil_Price/B/short/run_0/predictions.npz
    Computing per-window metrics...
    Saved metrics to /fslarge/scratch/users/h61084/codes/evaluating_tsfms/outputs/context_size/tasks/ts_icl/context_length/512/univariate/Oil_Price/B/short/run_0/metrics.npz
    Saved config to /fslarge/scratch/users/h61084/codes/evaluating_tsfms/outputs/context_size/tasks/ts_icl/context_length/512/univariate/Oil_Price/B/short/run_0/config.json
    Saved aggregate metrics to /fslarge/scratch/users/h61084/codes/evaluating_tsfms/outputs/context_size/tasks/ts_icl/context_length/512/univariate/Oil_Price/B/short/run_0/metrics_summary.json
    Metrics summary (averaged over all series/windows/variates):
      MSE: 3.1859
      MAE: 0.6947
      RMSE: 0.8029
      MAPE: 0.0578
      sMAPE: 0.0567
      MASE: 1.3751
      ND: 0.0573
      CRPS: 0.0459
  Completed: 1 series × 35 windows
  Output: /fslarge/scratch/users/h61084/codes/evaluating_tsfms/outputs/context_size/tasks/ts_icl/context_length/512/univariate/Oil_Price/B/short/run_0
  Inference time: 1.243s

============================================================
All experiments completed!
Results saved to: /scratch/users/h61084/codes/evaluating_tsfms/outputs/context_size/tasks
============================================================

############################################################
# All 1 dataset(s) completed!
############################################################

############################################################
# Dataset 1/1: Job_Claims/W
############################################################
[2026-09-27 14:00:04 UTC] resources selected_device {"device": "cuda", "model": "ts_icl", "stage": "forecast"}
Loading configuration...

============================================================
Dataset: Job_Claims/W
Terms: ['short']
Covariate mode: none
Instance normalization: none
============================================================

--- Term: short ---
  Config: prediction_length=13, test_length=52, val_length=13
TIME run allocation action=new run=/fslarge/scratch/users/h61084/codes/evaluating_tsfms/outputs/context_size/inference/ts_icl/context_length/512/univariate/Job_Claims/W/short/run_0 launch_id=selena_context_size_20260927T131553Z_36791 slurm_job_id=3584822 launched_at=2026-09-27T14:00:04.985971+00:00
  Initializing model pipeline...
  Dataset info:
    - Frequency: W
    - Num series: 1
    - Target dim: 2
    - Target mode: univariate
    - Covariate channels: 0
    - Series length: min=196,               max=196, avg=196.0
    - Test split: 52 steps
    - Prediction length: 13
    - Windows: 4
TIME run allocation action=new run=/fslarge/scratch/users/h61084/codes/evaluating_tsfms/outputs/context_size/tasks/ts_icl/context_length/512/univariate/Job_Claims/W/short/run_0 launch_id=selena_context_size_20260927T131553Z_36791 slurm_job_id=3584822 launched_at=2026-09-27T14:00:05.977309+00:00
    Total instances: 8, Series during experiment: 2, Windows: 4
    Collecting ground truth and context...
    Detected to_univariate case: 2 flat series -> 1 series x 2 variates
    Organizing data into arrays...
    ⚠️  Predictions max value (2039636.00) exceeds float16 safe range.
    ⚠️  Applying scale factor: 100 (values will be divided)
    Saved predictions (quantiles) to /fslarge/scratch/users/h61084/codes/evaluating_tsfms/outputs/context_size/tasks/ts_icl/context_length/512/univariate/Job_Claims/W/short/run_0/predictions.npz
    Computing per-window metrics...
    Saved metrics to /fslarge/scratch/users/h61084/codes/evaluating_tsfms/outputs/context_size/tasks/ts_icl/context_length/512/univariate/Job_Claims/W/short/run_0/metrics.npz
    Saved config to /fslarge/scratch/users/h61084/codes/evaluating_tsfms/outputs/context_size/tasks/ts_icl/context_length/512/univariate/Job_Claims/W/short/run_0/config.json
    Saved aggregate metrics to /fslarge/scratch/users/h61084/codes/evaluating_tsfms/outputs/context_size/tasks/ts_icl/context_length/512/univariate/Job_Claims/W/short/run_0/metrics_summary.json
    Metrics summary (averaged over all series/windows/variates):
      MSE: 584168288.0829
      MAE: 15750.9817
      RMSE: 19132.3169
      MAPE: 0.0223
      sMAPE: 0.0226
      MASE: 2.8235
      ND: 0.0225
      CRPS: 0.0174
  Completed: 1 series × 4 windows
  Output: /fslarge/scratch/users/h61084/codes/evaluating_tsfms/outputs/context_size/tasks/ts_icl/context_length/512/univariate/Job_Claims/W/short/run_0
  Inference time: 0.296s

============================================================
All experiments completed!
Results saved to: /scratch/users/h61084/codes/evaluating_tsfms/outputs/context_size/tasks
============================================================

############################################################
# All 1 dataset(s) completed!
############################################################

############################################################
# Dataset 1/1: Uncertainty_1M/M
############################################################
[2026-09-27 14:00:09 UTC] resources selected_device {"device": "cuda", "model": "ts_icl", "stage": "forecast"}
Loading configuration...

============================================================
Dataset: Uncertainty_1M/M
Terms: ['short']
Covariate mode: none
Instance normalization: none
============================================================

--- Term: short ---
  Config: prediction_length=6, test_length=42, val_length=18
TIME run allocation action=new run=/fslarge/scratch/users/h61084/codes/evaluating_tsfms/outputs/context_size/inference/ts_icl/context_length/512/univariate/Uncertainty_1M/M/short/run_0 launch_id=selena_context_size_20260927T131553Z_36791 slurm_job_id=3584822 launched_at=2026-09-27T14:00:10.001837+00:00
  Initializing model pipeline...
  Dataset info:
    - Frequency: M
    - Num series: 1
    - Target dim: 3
    - Target mode: univariate
    - Covariate channels: 0
    - Series length: min=780,               max=780, avg=780.0
    - Test split: 42 steps
    - Prediction length: 6
    - Windows: 7
TIME run allocation action=new run=/fslarge/scratch/users/h61084/codes/evaluating_tsfms/outputs/context_size/tasks/ts_icl/context_length/512/univariate/Uncertainty_1M/M/short/run_0 launch_id=selena_context_size_20260927T131553Z_36791 slurm_job_id=3584822 launched_at=2026-09-27T14:00:10.933874+00:00
    Total instances: 21, Series during experiment: 3, Windows: 7
    Collecting ground truth and context...
    Detected to_univariate case: 3 flat series -> 1 series x 3 variates
    Organizing data into arrays...
    Saved predictions (quantiles) to /fslarge/scratch/users/h61084/codes/evaluating_tsfms/outputs/context_size/tasks/ts_icl/context_length/512/univariate/Uncertainty_1M/M/short/run_0/predictions.npz
    Computing per-window metrics...
    Saved metrics to /fslarge/scratch/users/h61084/codes/evaluating_tsfms/outputs/context_size/tasks/ts_icl/context_length/512/univariate/Uncertainty_1M/M/short/run_0/metrics.npz
    Saved config to /fslarge/scratch/users/h61084/codes/evaluating_tsfms/outputs/context_size/tasks/ts_icl/context_length/512/univariate/Uncertainty_1M/M/short/run_0/config.json
    Saved aggregate metrics to /fslarge/scratch/users/h61084/codes/evaluating_tsfms/outputs/context_size/tasks/ts_icl/context_length/512/univariate/Uncertainty_1M/M/short/run_0/metrics_summary.json
    Metrics summary (averaged over all series/windows/variates):
      MSE: 0.0014
      MAE: 0.0290
      RMSE: 0.0325
      MAPE: 0.0360
      sMAPE: 0.0354
      MASE: 0.3617
      ND: 0.0358
      CRPS: 0.0276
  Completed: 1 series × 7 windows
  Output: /fslarge/scratch/users/h61084/codes/evaluating_tsfms/outputs/context_size/tasks/ts_icl/context_length/512/univariate/Uncertainty_1M/M/short/run_0
  Inference time: 0.220s

============================================================
All experiments completed!
Results saved to: /scratch/users/h61084/codes/evaluating_tsfms/outputs/context_size/tasks
============================================================

############################################################
# All 1 dataset(s) completed!
############################################################

############################################################
# Dataset 1/1: Housing_Inventory/M
############################################################
[2026-09-27 14:00:14 UTC] resources selected_device {"device": "cuda", "model": "ts_icl", "stage": "forecast"}
Loading configuration...

============================================================
Dataset: Housing_Inventory/M
Terms: ['short']
Covariate mode: none
Instance normalization: none
============================================================

--- Term: short ---
  Config: prediction_length=12, test_length=36, val_length=12
TIME run allocation action=new run=/fslarge/scratch/users/h61084/codes/evaluating_tsfms/outputs/context_size/inference/ts_icl/context_length/512/univariate/Housing_Inventory/M/short/run_0 launch_id=selena_context_size_20260927T131553Z_36791 slurm_job_id=3584822 launched_at=2026-09-27T14:00:14.432645+00:00
  Initializing model pipeline...
  Dataset info:
    - Frequency: M
    - Num series: 1
    - Target dim: 4
    - Target mode: univariate
    - Covariate channels: 0
    - Series length: min=114,               max=114, avg=114.0
    - Test split: 36 steps
    - Prediction length: 12
    - Windows: 3
TIME run allocation action=new run=/fslarge/scratch/users/h61084/codes/evaluating_tsfms/outputs/context_size/tasks/ts_icl/context_length/512/univariate/Housing_Inventory/M/short/run_0 launch_id=selena_context_size_20260927T131553Z_36791 slurm_job_id=3584822 launched_at=2026-09-27T14:00:15.339801+00:00
    Total instances: 12, Series during experiment: 4, Windows: 3
    Collecting ground truth and context...
    Detected to_univariate case: 4 flat series -> 1 series x 4 variates
    Organizing data into arrays...
    ⚠️  Predictions max value (1189209.75) exceeds float16 safe range.
    ⚠️  Applying scale factor: 100 (values will be divided)
    Saved predictions (quantiles) to /fslarge/scratch/users/h61084/codes/evaluating_tsfms/outputs/context_size/tasks/ts_icl/context_length/512/univariate/Housing_Inventory/M/short/run_0/predictions.npz
    Computing per-window metrics...
    Saved metrics to /fslarge/scratch/users/h61084/codes/evaluating_tsfms/outputs/context_size/tasks/ts_icl/context_length/512/univariate/Housing_Inventory/M/short/run_0/metrics.npz
    Saved config to /fslarge/scratch/users/h61084/codes/evaluating_tsfms/outputs/context_size/tasks/ts_icl/context_length/512/univariate/Housing_Inventory/M/short/run_0/config.json
    Saved aggregate metrics to /fslarge/scratch/users/h61084/codes/evaluating_tsfms/outputs/context_size/tasks/ts_icl/context_length/512/univariate/Housing_Inventory/M/short/run_0/metrics_summary.json
    Metrics summary (averaged over all series/windows/variates):
      MSE: 4081737329.3869
      MAE: 30245.8174
      RMSE: 33557.2549
      MAPE: 0.0648
      sMAPE: 0.0648
      MASE: 0.5194
      ND: 0.0655
      CRPS: 0.0503
  Completed: 1 series × 3 windows
  Output: /fslarge/scratch/users/h61084/codes/evaluating_tsfms/outputs/context_size/tasks/ts_icl/context_length/512/univariate/Housing_Inventory/M/short/run_0
  Inference time: 0.298s

============================================================
All experiments completed!
Results saved to: /scratch/users/h61084/codes/evaluating_tsfms/outputs/context_size/tasks
============================================================

############################################################
# All 1 dataset(s) completed!
############################################################

############################################################
# Dataset 1/1: JOLTS/M
############################################################
[2026-09-27 14:00:18 UTC] resources selected_device {"device": "cuda", "model": "ts_icl", "stage": "forecast"}
Loading configuration...

============================================================
Dataset: JOLTS/M
Terms: ['short']
Covariate mode: none
Instance normalization: none
============================================================

--- Term: short ---
  Config: prediction_length=12, test_length=60, val_length=12
TIME run allocation action=new run=/fslarge/scratch/users/h61084/codes/evaluating_tsfms/outputs/context_size/inference/ts_icl/context_length/512/univariate/JOLTS/M/short/run_0 launch_id=selena_context_size_20260927T131553Z_36791 slurm_job_id=3584822 launched_at=2026-09-27T14:00:18.819358+00:00
  Initializing model pipeline...
  Dataset info:
    - Frequency: M
    - Num series: 1
    - Target dim: 6
    - Target mode: univariate
    - Covariate channels: 0
    - Series length: min=297,               max=297, avg=297.0
    - Test split: 60 steps
    - Prediction length: 12
    - Windows: 5
TIME run allocation action=new run=/fslarge/scratch/users/h61084/codes/evaluating_tsfms/outputs/context_size/tasks/ts_icl/context_length/512/univariate/JOLTS/M/short/run_0 launch_id=selena_context_size_20260927T131553Z_36791 slurm_job_id=3584822 launched_at=2026-09-27T14:00:19.962592+00:00
    Total instances: 30, Series during experiment: 6, Windows: 5
    Collecting ground truth and context...
    Detected to_univariate case: 6 flat series -> 1 series x 6 variates
    Organizing data into arrays...
    Saved predictions (quantiles) to /fslarge/scratch/users/h61084/codes/evaluating_tsfms/outputs/context_size/tasks/ts_icl/context_length/512/univariate/JOLTS/M/short/run_0/predictions.npz
    Computing per-window metrics...
    Saved metrics to /fslarge/scratch/users/h61084/codes/evaluating_tsfms/outputs/context_size/tasks/ts_icl/context_length/512/univariate/JOLTS/M/short/run_0/metrics.npz
    Saved config to /fslarge/scratch/users/h61084/codes/evaluating_tsfms/outputs/context_size/tasks/ts_icl/context_length/512/univariate/JOLTS/M/short/run_0/config.json
    Saved aggregate metrics to /fslarge/scratch/users/h61084/codes/evaluating_tsfms/outputs/context_size/tasks/ts_icl/context_length/512/univariate/JOLTS/M/short/run_0/metrics_summary.json
    Metrics summary (averaged over all series/windows/variates):
      MSE: 353319.6593
      MAE: 326.4235
      RMSE: 393.9018
      MAPE: 0.0799
      sMAPE: 0.0803
      MASE: 1.0652
      ND: 0.0803
      CRPS: 0.0650
  Completed: 1 series × 5 windows
  Output: /fslarge/scratch/users/h61084/codes/evaluating_tsfms/outputs/context_size/tasks/ts_icl/context_length/512/univariate/JOLTS/M/short/run_0
  Inference time: 0.521s

============================================================
All experiments completed!
Results saved to: /scratch/users/h61084/codes/evaluating_tsfms/outputs/context_size/tasks
============================================================

############################################################
# All 1 dataset(s) completed!
############################################################

############################################################
# Dataset 1/1: US_Labor/M
############################################################
[2026-09-27 14:00:23 UTC] resources selected_device {"device": "cuda", "model": "ts_icl", "stage": "forecast"}
Loading configuration...

============================================================
Dataset: US_Labor/M
Terms: ['short']
Covariate mode: none
Instance normalization: none
============================================================

--- Term: short ---
  Config: prediction_length=12, test_length=60, val_length=12
TIME run allocation action=new run=/fslarge/scratch/users/h61084/codes/evaluating_tsfms/outputs/context_size/inference/ts_icl/context_length/512/univariate/US_Labor/M/short/run_0 launch_id=selena_context_size_20260927T131553Z_36791 slurm_job_id=3584822 launched_at=2026-09-27T14:00:23.505179+00:00
  Initializing model pipeline...
  Dataset info:
    - Frequency: M
    - Num series: 1
    - Target dim: 14
    - Target mode: univariate
    - Covariate channels: 0
    - Series length: min=380,               max=380, avg=380.0
    - Test split: 60 steps
    - Prediction length: 12
    - Windows: 5
TIME run allocation action=new run=/fslarge/scratch/users/h61084/codes/evaluating_tsfms/outputs/context_size/tasks/ts_icl/context_length/512/univariate/US_Labor/M/short/run_0 launch_id=selena_context_size_20260927T131553Z_36791 slurm_job_id=3584822 launched_at=2026-09-27T14:00:25.216362+00:00
    Total instances: 70, Series during experiment: 14, Windows: 5
    Collecting ground truth and context...
    Detected to_univariate case: 14 flat series -> 1 series x 14 variates
    Organizing data into arrays...
    ⚠️  Predictions max value (173036.62) exceeds float16 safe range.
    ⚠️  Applying scale factor: 10 (values will be divided)
    Saved predictions (quantiles) to /fslarge/scratch/users/h61084/codes/evaluating_tsfms/outputs/context_size/tasks/ts_icl/context_length/512/univariate/US_Labor/M/short/run_0/predictions.npz
    Computing per-window metrics...
    Saved metrics to /fslarge/scratch/users/h61084/codes/evaluating_tsfms/outputs/context_size/tasks/ts_icl/context_length/512/univariate/US_Labor/M/short/run_0/metrics.npz
    Saved config to /fslarge/scratch/users/h61084/codes/evaluating_tsfms/outputs/context_size/tasks/ts_icl/context_length/512/univariate/US_Labor/M/short/run_0/config.json
    Saved aggregate metrics to /fslarge/scratch/users/h61084/codes/evaluating_tsfms/outputs/context_size/tasks/ts_icl/context_length/512/univariate/US_Labor/M/short/run_0/metrics_summary.json
    Metrics summary (averaged over all series/windows/variates):
      MSE: 848823.4033
      MAE: 406.7476
      RMSE: 460.1667
      MAPE: 0.0656
      sMAPE: 0.0605
      MASE: 0.8895
      ND: 0.0642
      CRPS: 0.0499
  Completed: 1 series × 5 windows
  Output: /fslarge/scratch/users/h61084/codes/evaluating_tsfms/outputs/context_size/tasks/ts_icl/context_length/512/univariate/US_Labor/M/short/run_0
  Inference time: 1.099s

============================================================
All experiments completed!
Results saved to: /scratch/users/h61084/codes/evaluating_tsfms/outputs/context_size/tasks
============================================================

############################################################
# All 1 dataset(s) completed!
############################################################

############################################################
# Dataset 1/1: Vehicle_Supply/M
############################################################
[2026-09-27 14:00:28 UTC] resources selected_device {"device": "cuda", "model": "ts_icl", "stage": "forecast"}
Loading configuration...

============================================================
Dataset: Vehicle_Supply/M
Terms: ['short']
Covariate mode: none
Instance normalization: none
============================================================

--- Term: short ---
  Config: prediction_length=12, test_length=60, val_length=12
TIME run allocation action=new run=/fslarge/scratch/users/h61084/codes/evaluating_tsfms/outputs/context_size/inference/ts_icl/context_length/512/univariate/Vehicle_Supply/M/short/run_0 launch_id=selena_context_size_20260927T131553Z_36791 slurm_job_id=3584822 launched_at=2026-09-27T14:00:28.767481+00:00
  Initializing model pipeline...
  Dataset info:
    - Frequency: M
    - Num series: 1
    - Target dim: 6
    - Target mode: univariate
    - Covariate channels: 0
    - Series length: min=391,               max=391, avg=391.0
    - Test split: 60 steps
    - Prediction length: 12
    - Windows: 5
TIME run allocation action=new run=/fslarge/scratch/users/h61084/codes/evaluating_tsfms/outputs/context_size/tasks/ts_icl/context_length/512/univariate/Vehicle_Supply/M/short/run_0 launch_id=selena_context_size_20260927T131553Z_36791 slurm_job_id=3584822 launched_at=2026-09-27T14:00:29.936548+00:00
    Total instances: 30, Series during experiment: 6, Windows: 5
    Collecting ground truth and context...
    Detected to_univariate case: 6 flat series -> 1 series x 6 variates
    Organizing data into arrays...
    Saved predictions (quantiles) to /fslarge/scratch/users/h61084/codes/evaluating_tsfms/outputs/context_size/tasks/ts_icl/context_length/512/univariate/Vehicle_Supply/M/short/run_0/predictions.npz
    Computing per-window metrics...
    Saved metrics to /fslarge/scratch/users/h61084/codes/evaluating_tsfms/outputs/context_size/tasks/ts_icl/context_length/512/univariate/Vehicle_Supply/M/short/run_0/metrics.npz
    Saved config to /fslarge/scratch/users/h61084/codes/evaluating_tsfms/outputs/context_size/tasks/ts_icl/context_length/512/univariate/Vehicle_Supply/M/short/run_0/config.json
    Saved aggregate metrics to /fslarge/scratch/users/h61084/codes/evaluating_tsfms/outputs/context_size/tasks/ts_icl/context_length/512/univariate/Vehicle_Supply/M/short/run_0/metrics_summary.json
    Metrics summary (averaged over all series/windows/variates):
      MSE: 2393.9417
      MAE: 19.6360
      RMSE: 23.2576
      MAPE: 0.2531
      sMAPE: 0.2025
      MASE: 0.7929
      ND: 0.2294
      CRPS: 0.1872
  Completed: 1 series × 5 windows
  Output: /fslarge/scratch/users/h61084/codes/evaluating_tsfms/outputs/context_size/tasks/ts_icl/context_length/512/univariate/Vehicle_Supply/M/short/run_0
  Inference time: 0.554s

============================================================
All experiments completed!
Results saved to: /scratch/users/h61084/codes/evaluating_tsfms/outputs/context_size/tasks
============================================================

############################################################
# All 1 dataset(s) completed!
############################################################

############################################################
# Dataset 1/1: Auto_Production_SF/M
############################################################
[2026-09-27 14:00:33 UTC] resources selected_device {"device": "cuda", "model": "ts_icl", "stage": "forecast"}
Loading configuration...

============================================================
Dataset: Auto_Production_SF/M
Terms: ['short']
Covariate mode: none
Instance normalization: none
============================================================

--- Term: short ---
  Config: prediction_length=12, test_length=60, val_length=12
TIME run allocation action=new run=/fslarge/scratch/users/h61084/codes/evaluating_tsfms/outputs/context_size/inference/ts_icl/context_length/512/univariate/Auto_Production_SF/M/short/run_0 launch_id=selena_context_size_20260927T131553Z_36791 slurm_job_id=3584822 launched_at=2026-09-27T14:00:33.420336+00:00
  Initializing model pipeline...
  Dataset info:
    - Frequency: M
    - Num series: 1
    - Target dim: 1
    - Target mode: univariate
    - Covariate channels: 0
    - Series length: min=367,               max=367, avg=367.0
    - Test split: 60 steps
    - Prediction length: 12
    - Windows: 5
TIME run allocation action=new run=/fslarge/scratch/users/h61084/codes/evaluating_tsfms/outputs/context_size/tasks/ts_icl/context_length/512/univariate/Auto_Production_SF/M/short/run_0 launch_id=selena_context_size_20260927T131553Z_36791 slurm_job_id=3584822 launched_at=2026-09-27T14:00:34.255065+00:00
    Total instances: 5, Series during experiment: 1, Windows: 5
    Collecting ground truth and context...
    Organizing data into arrays...
    Saved predictions (quantiles) to /fslarge/scratch/users/h61084/codes/evaluating_tsfms/outputs/context_size/tasks/ts_icl/context_length/512/univariate/Auto_Production_SF/M/short/run_0/predictions.npz
    Computing per-window metrics...
    Saved metrics to /fslarge/scratch/users/h61084/codes/evaluating_tsfms/outputs/context_size/tasks/ts_icl/context_length/512/univariate/Auto_Production_SF/M/short/run_0/metrics.npz
    Saved config to /fslarge/scratch/users/h61084/codes/evaluating_tsfms/outputs/context_size/tasks/ts_icl/context_length/512/univariate/Auto_Production_SF/M/short/run_0/config.json
    Saved aggregate metrics to /fslarge/scratch/users/h61084/codes/evaluating_tsfms/outputs/context_size/tasks/ts_icl/context_length/512/univariate/Auto_Production_SF/M/short/run_0/metrics_summary.json
    Metrics summary (averaged over all series/windows/variates):
      MSE: 20.0699
      MAE: 3.5014
      RMSE: 4.3114
      MAPE: 0.0362
      sMAPE: 0.0358
      MASE: 0.8833
      ND: 0.0351
      CRPS: 0.0274
  Completed: 1 series × 5 windows
  Output: /fslarge/scratch/users/h61084/codes/evaluating_tsfms/outputs/context_size/tasks/ts_icl/context_length/512/univariate/Auto_Production_SF/M/short/run_0
  Inference time: 0.225s

============================================================
All experiments completed!
Results saved to: /scratch/users/h61084/codes/evaluating_tsfms/outputs/context_size/tasks
============================================================

############################################################
# All 1 dataset(s) completed!
############################################################

############################################################
# Dataset 1/1: Commodity_Production/M
############################################################
[2026-09-27 14:00:37 UTC] resources selected_device {"device": "cuda", "model": "ts_icl", "stage": "forecast"}
Loading configuration...

============================================================
Dataset: Commodity_Production/M
Terms: ['short']
Covariate mode: none
Instance normalization: none
============================================================

--- Term: short ---
  Config: prediction_length=12, test_length=60, val_length=12
TIME run allocation action=new run=/fslarge/scratch/users/h61084/codes/evaluating_tsfms/outputs/context_size/inference/ts_icl/context_length/512/univariate/Commodity_Production/M/short/run_0 launch_id=selena_context_size_20260927T131553Z_36791 slurm_job_id=3584822 launched_at=2026-09-27T14:00:37.734650+00:00
  Initializing model pipeline...
  Dataset info:
    - Frequency: M
    - Num series: 32
    - Target dim: 1
    - Target mode: univariate
    - Covariate channels: 0
    - Series length: min=120,               max=648, avg=325.1
    - Test split: 60 steps
    - Prediction length: 12
    - Windows: 5
    Processed 160/160...
TIME run allocation action=new run=/fslarge/scratch/users/h61084/codes/evaluating_tsfms/outputs/context_size/tasks/ts_icl/context_length/512/univariate/Commodity_Production/M/short/run_0 launch_id=selena_context_size_20260927T131553Z_36791 slurm_job_id=3584822 launched_at=2026-09-27T14:00:40.493090+00:00
    Total instances: 160, Series during experiment: 32, Windows: 5
    Collecting ground truth and context...
    Organizing data into arrays...
    Saved predictions (quantiles) to /fslarge/scratch/users/h61084/codes/evaluating_tsfms/outputs/context_size/tasks/ts_icl/context_length/512/univariate/Commodity_Production/M/short/run_0/predictions.npz
    Computing per-window metrics...
    Saved metrics to /fslarge/scratch/users/h61084/codes/evaluating_tsfms/outputs/context_size/tasks/ts_icl/context_length/512/univariate/Commodity_Production/M/short/run_0/metrics.npz
    Saved config to /fslarge/scratch/users/h61084/codes/evaluating_tsfms/outputs/context_size/tasks/ts_icl/context_length/512/univariate/Commodity_Production/M/short/run_0/config.json
    Saved aggregate metrics to /fslarge/scratch/users/h61084/codes/evaluating_tsfms/outputs/context_size/tasks/ts_icl/context_length/512/univariate/Commodity_Production/M/short/run_0/metrics_summary.json
    Metrics summary (averaged over all series/windows/variates):
      MSE: 55053.3456
      MAE: 66.9488
      RMSE: 79.2214
      MAPE: 0.2177
      sMAPE: 0.1642
      MASE: 0.9429
      ND: 0.1614
      CRPS: 0.1252
  Completed: 32 series × 5 windows
  Output: /fslarge/scratch/users/h61084/codes/evaluating_tsfms/outputs/context_size/tasks/ts_icl/context_length/512/univariate/Commodity_Production/M/short/run_0
  Inference time: 2.084s

============================================================
All experiments completed!
Results saved to: /scratch/users/h61084/codes/evaluating_tsfms/outputs/context_size/tasks
============================================================

############################################################
# All 1 dataset(s) completed!
############################################################

############################################################
# Dataset 1/1: Commodity_Import/M
############################################################
[2026-09-27 14:00:44 UTC] resources selected_device {"device": "cuda", "model": "ts_icl", "stage": "forecast"}
Loading configuration...

============================================================
Dataset: Commodity_Import/M
Terms: ['short']
Covariate mode: none
Instance normalization: none
============================================================

--- Term: short ---
  Config: prediction_length=12, test_length=60, val_length=12
TIME run allocation action=new run=/fslarge/scratch/users/h61084/codes/evaluating_tsfms/outputs/context_size/inference/ts_icl/context_length/512/univariate/Commodity_Import/M/short/run_0 launch_id=selena_context_size_20260927T131553Z_36791 slurm_job_id=3584822 launched_at=2026-09-27T14:00:44.117803+00:00
  Initializing model pipeline...
  Dataset info:
    - Frequency: M
    - Num series: 8
    - Target dim: 1
    - Target mode: univariate
    - Covariate channels: 0
    - Series length: min=254,               max=1240, avg=697.2
    - Test split: 60 steps
    - Prediction length: 12
    - Windows: 5
TIME run allocation action=new run=/fslarge/scratch/users/h61084/codes/evaluating_tsfms/outputs/context_size/tasks/ts_icl/context_length/512/univariate/Commodity_Import/M/short/run_0 launch_id=selena_context_size_20260927T131553Z_36791 slurm_job_id=3584822 launched_at=2026-09-27T14:00:45.355228+00:00
    Total instances: 40, Series during experiment: 8, Windows: 5
    Collecting ground truth and context...
    Organizing data into arrays...
    Saved predictions (quantiles) to /fslarge/scratch/users/h61084/codes/evaluating_tsfms/outputs/context_size/tasks/ts_icl/context_length/512/univariate/Commodity_Import/M/short/run_0/predictions.npz
    Computing per-window metrics...
    Saved metrics to /fslarge/scratch/users/h61084/codes/evaluating_tsfms/outputs/context_size/tasks/ts_icl/context_length/512/univariate/Commodity_Import/M/short/run_0/metrics.npz
    Saved config to /fslarge/scratch/users/h61084/codes/evaluating_tsfms/outputs/context_size/tasks/ts_icl/context_length/512/univariate/Commodity_Import/M/short/run_0/config.json
    Saved aggregate metrics to /fslarge/scratch/users/h61084/codes/evaluating_tsfms/outputs/context_size/tasks/ts_icl/context_length/512/univariate/Commodity_Import/M/short/run_0/metrics_summary.json
    Metrics summary (averaged over all series/windows/variates):
      MSE: 1611647.8219
      MAE: 503.9440
      RMSE: 607.6037
      MAPE: 0.3677
      sMAPE: 0.2344
      MASE: 1.4494
      ND: 0.2800
      CRPS: 0.2226
  Completed: 8 series × 5 windows
  Output: /fslarge/scratch/users/h61084/codes/evaluating_tsfms/outputs/context_size/tasks/ts_icl/context_length/512/univariate/Commodity_Import/M/short/run_0
  Inference time: 0.623s

============================================================
All experiments completed!
Results saved to: /scratch/users/h61084/codes/evaluating_tsfms/outputs/context_size/tasks
============================================================

############################################################
# All 1 dataset(s) completed!
############################################################

############################################################
# Dataset 1/1: WUI_Global/Q
############################################################
[2026-09-27 14:00:48 UTC] resources selected_device {"device": "cuda", "model": "ts_icl", "stage": "forecast"}
Loading configuration...

============================================================
Dataset: WUI_Global/Q
Terms: ['short']
Covariate mode: none
Instance normalization: none
============================================================

--- Term: short ---
  Config: prediction_length=4, test_length=20, val_length=20
TIME run allocation action=new run=/fslarge/scratch/users/h61084/codes/evaluating_tsfms/outputs/context_size/inference/ts_icl/context_length/512/univariate/WUI_Global/Q/short/run_0 launch_id=selena_context_size_20260927T131553Z_36791 slurm_job_id=3584822 launched_at=2026-09-27T14:00:48.859054+00:00
  Initializing model pipeline...
  Dataset info:
    - Frequency: Q
    - Num series: 1
    - Target dim: 15
    - Target mode: univariate
    - Covariate channels: 0
    - Series length: min=294,               max=294, avg=294.0
    - Test split: 20 steps
    - Prediction length: 4
    - Windows: 5
TIME run allocation action=new run=/fslarge/scratch/users/h61084/codes/evaluating_tsfms/outputs/context_size/tasks/ts_icl/context_length/512/univariate/WUI_Global/Q/short/run_0 launch_id=selena_context_size_20260927T131553Z_36791 slurm_job_id=3584822 launched_at=2026-09-27T14:00:50.562537+00:00
    Total instances: 75, Series during experiment: 15, Windows: 5
    Collecting ground truth and context...
    Detected to_univariate case: 15 flat series -> 1 series x 15 variates
    Organizing data into arrays...
    Saved predictions (quantiles) to /fslarge/scratch/users/h61084/codes/evaluating_tsfms/outputs/context_size/tasks/ts_icl/context_length/512/univariate/WUI_Global/Q/short/run_0/predictions.npz
    Computing per-window metrics...
    Saved metrics to /fslarge/scratch/users/h61084/codes/evaluating_tsfms/outputs/context_size/tasks/ts_icl/context_length/512/univariate/WUI_Global/Q/short/run_0/metrics.npz
    Saved config to /fslarge/scratch/users/h61084/codes/evaluating_tsfms/outputs/context_size/tasks/ts_icl/context_length/512/univariate/WUI_Global/Q/short/run_0/config.json
    Saved aggregate metrics to /fslarge/scratch/users/h61084/codes/evaluating_tsfms/outputs/context_size/tasks/ts_icl/context_length/512/univariate/WUI_Global/Q/short/run_0/metrics_summary.json
    Metrics summary (averaged over all series/windows/variates):
      MSE: 0.0463
      MAE: 0.1452
      RMSE: 0.1717
      MAPE: 0.5729
      sMAPE: 0.6208
      MASE: 0.9639
      ND: 0.6662
      CRPS: 0.5246
  Completed: 1 series × 5 windows
  Output: /fslarge/scratch/users/h61084/codes/evaluating_tsfms/outputs/context_size/tasks/ts_icl/context_length/512/univariate/WUI_Global/Q/short/run_0
  Inference time: 1.091s

============================================================
All experiments completed!
Results saved to: /scratch/users/h61084/codes/evaluating_tsfms/outputs/context_size/tasks
============================================================

############################################################
# All 1 dataset(s) completed!
############################################################

############################################################
# Dataset 1/1: Global_Price/Q
############################################################
[2026-09-27 14:00:54 UTC] resources selected_device {"device": "cuda", "model": "ts_icl", "stage": "forecast"}
Loading configuration...

============================================================
Dataset: Global_Price/Q
Terms: ['short']
Covariate mode: none
Instance normalization: none
============================================================

--- Term: short ---
  Config: prediction_length=4, test_length=20, val_length=8
TIME run allocation action=new run=/fslarge/scratch/users/h61084/codes/evaluating_tsfms/outputs/context_size/inference/ts_icl/context_length/512/univariate/Global_Price/Q/short/run_0 launch_id=selena_context_size_20260927T131553Z_36791 slurm_job_id=3584822 launched_at=2026-09-27T14:00:54.244261+00:00
  Initializing model pipeline...
  Dataset info:
    - Frequency: Q
    - Num series: 1
    - Target dim: 60
    - Target mode: univariate
    - Covariate channels: 0
    - Series length: min=142,               max=142, avg=142.0
    - Test split: 20 steps
    - Prediction length: 4
    - Windows: 5
    Processed 160/300...
TIME run allocation action=new run=/fslarge/scratch/users/h61084/codes/evaluating_tsfms/outputs/context_size/tasks/ts_icl/context_length/512/univariate/Global_Price/Q/short/run_0 launch_id=selena_context_size_20260927T131553Z_36791 slurm_job_id=3584822 launched_at=2026-09-27T14:00:58.475924+00:00
    Total instances: 300, Series during experiment: 60, Windows: 5
    Collecting ground truth and context...
    Detected to_univariate case: 60 flat series -> 1 series x 60 variates
    Organizing data into arrays...
    Saved predictions (quantiles) to /fslarge/scratch/users/h61084/codes/evaluating_tsfms/outputs/context_size/tasks/ts_icl/context_length/512/univariate/Global_Price/Q/short/run_0/predictions.npz
    Computing per-window metrics...
    Saved metrics to /fslarge/scratch/users/h61084/codes/evaluating_tsfms/outputs/context_size/tasks/ts_icl/context_length/512/univariate/Global_Price/Q/short/run_0/metrics.npz
    Saved config to /fslarge/scratch/users/h61084/codes/evaluating_tsfms/outputs/context_size/tasks/ts_icl/context_length/512/univariate/Global_Price/Q/short/run_0/config.json
    Saved aggregate metrics to /fslarge/scratch/users/h61084/codes/evaluating_tsfms/outputs/context_size/tasks/ts_icl/context_length/512/univariate/Global_Price/Q/short/run_0/metrics_summary.json
    Metrics summary (averaged over all series/windows/variates):
      MSE: 1409198.0047
      MAE: 275.8798
      RMSE: 320.1379
      MAPE: 0.1790
      sMAPE: 0.1899
      MASE: 1.5345
      ND: 0.1801
      CRPS: 0.1458
  Completed: 1 series × 5 windows
  Output: /fslarge/scratch/users/h61084/codes/evaluating_tsfms/outputs/context_size/tasks/ts_icl/context_length/512/univariate/Global_Price/Q/short/run_0
  Inference time: 3.624s

============================================================
All experiments completed!
Results saved to: /scratch/users/h61084/codes/evaluating_tsfms/outputs/context_size/tasks
============================================================

############################################################
# All 1 dataset(s) completed!
############################################################

############################################################
# Dataset 1/1: Vehicle_Sales/M
############################################################
[2026-09-27 14:01:02 UTC] resources selected_device {"device": "cuda", "model": "ts_icl", "stage": "forecast"}
Loading configuration...

============================================================
Dataset: Vehicle_Sales/M
Terms: ['short']
Covariate mode: none
Instance normalization: none
============================================================

--- Term: short ---
  Config: prediction_length=12, test_length=60, val_length=12
TIME run allocation action=new run=/fslarge/scratch/users/h61084/codes/evaluating_tsfms/outputs/context_size/inference/ts_icl/context_length/512/univariate/Vehicle_Sales/M/short/run_0 launch_id=selena_context_size_20260927T131553Z_36791 slurm_job_id=3584822 launched_at=2026-09-27T14:01:02.100649+00:00
  Initializing model pipeline...
  Dataset info:
    - Frequency: M
    - Num series: 1
    - Target dim: 10
    - Target mode: univariate
    - Covariate channels: 0
    - Series length: min=596,               max=596, avg=596.0
    - Test split: 60 steps
    - Prediction length: 12
    - Windows: 5
TIME run allocation action=new run=/fslarge/scratch/users/h61084/codes/evaluating_tsfms/outputs/context_size/tasks/ts_icl/context_length/512/univariate/Vehicle_Sales/M/short/run_0 launch_id=selena_context_size_20260927T131553Z_36791 slurm_job_id=3584822 launched_at=2026-09-27T14:01:02.980183+00:00
    Total instances: 50, Series during experiment: 10, Windows: 5
    Collecting ground truth and context...
    Detected to_univariate case: 10 flat series -> 1 series x 10 variates
    Organizing data into arrays...
    Saved predictions (quantiles) to /fslarge/scratch/users/h61084/codes/evaluating_tsfms/outputs/context_size/tasks/ts_icl/context_length/512/univariate/Vehicle_Sales/M/short/run_0/predictions.npz
    Computing per-window metrics...
    Saved metrics to /fslarge/scratch/users/h61084/codes/evaluating_tsfms/outputs/context_size/tasks/ts_icl/context_length/512/univariate/Vehicle_Sales/M/short/run_0/metrics.npz
    Saved config to /fslarge/scratch/users/h61084/codes/evaluating_tsfms/outputs/context_size/tasks/ts_icl/context_length/512/univariate/Vehicle_Sales/M/short/run_0/config.json
    Saved aggregate metrics to /fslarge/scratch/users/h61084/codes/evaluating_tsfms/outputs/context_size/tasks/ts_icl/context_length/512/univariate/Vehicle_Sales/M/short/run_0/metrics_summary.json
    Metrics summary (averaged over all series/windows/variates):
      MSE: 1537.1002
      MAE: 10.6002
      RMSE: 12.5267
      MAPE: 0.0863
      sMAPE: 0.0846
      MASE: 0.7948
      ND: 0.0862
      CRPS: 0.0673
  Completed: 1 series × 5 windows
  Output: /fslarge/scratch/users/h61084/codes/evaluating_tsfms/outputs/context_size/tasks/ts_icl/context_length/512/univariate/Vehicle_Sales/M/short/run_0
  Inference time: 0.272s

============================================================
All experiments completed!
Results saved to: /scratch/users/h61084/codes/evaluating_tsfms/outputs/context_size/tasks
============================================================

############################################################
# All 1 dataset(s) completed!
############################################################

############################################################
# Dataset 1/1: Online_Retail_2_UCI/D
############################################################
[2026-09-27 14:01:06 UTC] resources selected_device {"device": "cuda", "model": "ts_icl", "stage": "forecast"}
Loading configuration...

============================================================
Dataset: Online_Retail_2_UCI/D
Terms: ['short']
Covariate mode: none
Instance normalization: none
============================================================

--- Term: short ---
  Config: prediction_length=30, test_length=180, val_length=90
TIME run allocation action=new run=/fslarge/scratch/users/h61084/codes/evaluating_tsfms/outputs/context_size/inference/ts_icl/context_length/512/univariate/Online_Retail_2_UCI/D/short/run_0 launch_id=selena_context_size_20260927T131553Z_36791 slurm_job_id=3584822 launched_at=2026-09-27T14:01:06.462787+00:00
  Initializing model pipeline...
  Dataset info:
    - Frequency: D
    - Num series: 1
    - Target dim: 1
    - Target mode: univariate
    - Covariate channels: 0
    - Series length: min=739,               max=739, avg=739.0
    - Test split: 180 steps
    - Prediction length: 30
    - Windows: 6
TIME run allocation action=new run=/fslarge/scratch/users/h61084/codes/evaluating_tsfms/outputs/context_size/tasks/ts_icl/context_length/512/univariate/Online_Retail_2_UCI/D/short/run_0 launch_id=selena_context_size_20260927T131553Z_36791 slurm_job_id=3584822 launched_at=2026-09-27T14:01:07.390197+00:00
    Total instances: 6, Series during experiment: 1, Windows: 6
    Collecting ground truth and context...
    Organizing data into arrays...
    ⚠️  Predictions max value (105510.09) exceeds float16 safe range.
    ⚠️  Applying scale factor: 10 (values will be divided)
    Saved predictions (quantiles) to /fslarge/scratch/users/h61084/codes/evaluating_tsfms/outputs/context_size/tasks/ts_icl/context_length/512/univariate/Online_Retail_2_UCI/D/short/run_0/predictions.npz
    Computing per-window metrics...
    Saved metrics to /fslarge/scratch/users/h61084/codes/evaluating_tsfms/outputs/context_size/tasks/ts_icl/context_length/512/univariate/Online_Retail_2_UCI/D/short/run_0/metrics.npz
    Saved config to /fslarge/scratch/users/h61084/codes/evaluating_tsfms/outputs/context_size/tasks/ts_icl/context_length/512/univariate/Online_Retail_2_UCI/D/short/run_0/config.json
    Saved aggregate metrics to /fslarge/scratch/users/h61084/codes/evaluating_tsfms/outputs/context_size/tasks/ts_icl/context_length/512/univariate/Online_Retail_2_UCI/D/short/run_0/metrics_summary.json
    Metrics summary (averaged over all series/windows/variates):
      MSE: 403457665.6397
      MAE: 11793.9995
      RMSE: 17800.5966
      MAPE: 0.3404
      sMAPE: 0.6119
      MASE: 0.7123
      ND: 0.3332
      CRPS: 0.2641
  Completed: 1 series × 6 windows
  Output: /fslarge/scratch/users/h61084/codes/evaluating_tsfms/outputs/context_size/tasks/ts_icl/context_length/512/univariate/Online_Retail_2_UCI/D/short/run_0
  Inference time: 0.314s

============================================================
All experiments completed!
Results saved to: /scratch/users/h61084/codes/evaluating_tsfms/outputs/context_size/tasks
============================================================

############################################################
# All 1 dataset(s) completed!
############################################################

############################################################
# Dataset 1/1: Supply_Chain_Customer/D
############################################################
[2026-09-27 14:01:10 UTC] resources selected_device {"device": "cuda", "model": "ts_icl", "stage": "forecast"}
Loading configuration...

============================================================
Dataset: Supply_Chain_Customer/D
Terms: ['short']
Covariate mode: none
Instance normalization: none
============================================================

--- Term: short ---
  Config: prediction_length=30, test_length=365, val_length=90
TIME run allocation action=new run=/fslarge/scratch/users/h61084/codes/evaluating_tsfms/outputs/context_size/inference/ts_icl/context_length/512/univariate/Supply_Chain_Customer/D/short/run_0 launch_id=selena_context_size_20260927T131553Z_36791 slurm_job_id=3584822 launched_at=2026-09-27T14:01:10.886817+00:00
  Initializing model pipeline...
  Dataset info:
    - Frequency: D
    - Num series: 1
    - Target dim: 36
    - Target mode: univariate
    - Covariate channels: 0
    - Series length: min=2007,               max=2007, avg=2007.0
    - Test split: 365 steps
    - Prediction length: 30
    - Windows: 12
    Processed 160/432...
    Processed 320/432...
TIME run allocation action=new run=/fslarge/scratch/users/h61084/codes/evaluating_tsfms/outputs/context_size/tasks/ts_icl/context_length/512/univariate/Supply_Chain_Customer/D/short/run_0 launch_id=selena_context_size_20260927T131553Z_36791 slurm_job_id=3584822 launched_at=2026-09-27T14:01:12.690988+00:00
    Total instances: 432, Series during experiment: 36, Windows: 12
    Collecting ground truth and context...
    Detected to_univariate case: 36 flat series -> 1 series x 36 variates
    Organizing data into arrays...
    ⚠️  Predictions max value (241267.20) exceeds float16 safe range.
    ⚠️  Applying scale factor: 10 (values will be divided)
    Saved predictions (quantiles) to /fslarge/scratch/users/h61084/codes/evaluating_tsfms/outputs/context_size/tasks/ts_icl/context_length/512/univariate/Supply_Chain_Customer/D/short/run_0/predictions.npz
    Computing per-window metrics...
    Saved metrics to /fslarge/scratch/users/h61084/codes/evaluating_tsfms/outputs/context_size/tasks/ts_icl/context_length/512/univariate/Supply_Chain_Customer/D/short/run_0/metrics.npz
    Saved config to /fslarge/scratch/users/h61084/codes/evaluating_tsfms/outputs/context_size/tasks/ts_icl/context_length/512/univariate/Supply_Chain_Customer/D/short/run_0/config.json
    Saved aggregate metrics to /fslarge/scratch/users/h61084/codes/evaluating_tsfms/outputs/context_size/tasks/ts_icl/context_length/512/univariate/Supply_Chain_Customer/D/short/run_0/metrics_summary.json
    Metrics summary (averaged over all series/windows/variates):
      MSE: 36217331.8323
      MAE: 1770.2455
      RMSE: 2486.4031
      MAPE: 0.4447
      sMAPE: 0.4283
      MASE: 0.6325
      ND: 0.3753
      CRPS: 0.2932
  Completed: 1 series × 12 windows
  Output: /fslarge/scratch/users/h61084/codes/evaluating_tsfms/outputs/context_size/tasks/ts_icl/context_length/512/univariate/Supply_Chain_Customer/D/short/run_0
  Inference time: 1.175s

============================================================
All experiments completed!
Results saved to: /scratch/users/h61084/codes/evaluating_tsfms/outputs/context_size/tasks
============================================================

############################################################
# All 1 dataset(s) completed!
############################################################

############################################################
# Dataset 1/1: Supply_Chain_Location/D
############################################################
[2026-09-27 14:01:16 UTC] resources selected_device {"device": "cuda", "model": "ts_icl", "stage": "forecast"}
Loading configuration...

============================================================
Dataset: Supply_Chain_Location/D
Terms: ['short']
Covariate mode: none
Instance normalization: none
============================================================

--- Term: short ---
  Config: prediction_length=30, test_length=365, val_length=90
TIME run allocation action=new run=/fslarge/scratch/users/h61084/codes/evaluating_tsfms/outputs/context_size/inference/ts_icl/context_length/512/univariate/Supply_Chain_Location/D/short/run_0 launch_id=selena_context_size_20260927T131553Z_36791 slurm_job_id=3584822 launched_at=2026-09-27T14:01:16.354985+00:00
  Initializing model pipeline...
  Dataset info:
    - Frequency: D
    - Num series: 1
    - Target dim: 51
    - Target mode: univariate
    - Covariate channels: 0
    - Series length: min=2007,               max=2007, avg=2007.0
    - Test split: 365 steps
    - Prediction length: 30
    - Windows: 12
    Processed 160/612...
    Processed 320/612...
    Processed 480/612...
TIME run allocation action=new run=/fslarge/scratch/users/h61084/codes/evaluating_tsfms/outputs/context_size/tasks/ts_icl/context_length/512/univariate/Supply_Chain_Location/D/short/run_0 launch_id=selena_context_size_20260927T131553Z_36791 slurm_job_id=3584822 launched_at=2026-09-27T14:01:18.549527+00:00
    Total instances: 612, Series during experiment: 51, Windows: 12
    Collecting ground truth and context...
    Detected to_univariate case: 51 flat series -> 1 series x 51 variates
    Organizing data into arrays...
    ⚠️  Predictions max value (114629.80) exceeds float16 safe range.
    ⚠️  Applying scale factor: 10 (values will be divided)
    Saved predictions (quantiles) to /fslarge/scratch/users/h61084/codes/evaluating_tsfms/outputs/context_size/tasks/ts_icl/context_length/512/univariate/Supply_Chain_Location/D/short/run_0/predictions.npz
    Computing per-window metrics...
    Saved metrics to /fslarge/scratch/users/h61084/codes/evaluating_tsfms/outputs/context_size/tasks/ts_icl/context_length/512/univariate/Supply_Chain_Location/D/short/run_0/metrics.npz
    Saved config to /fslarge/scratch/users/h61084/codes/evaluating_tsfms/outputs/context_size/tasks/ts_icl/context_length/512/univariate/Supply_Chain_Location/D/short/run_0/config.json
    Saved aggregate metrics to /fslarge/scratch/users/h61084/codes/evaluating_tsfms/outputs/context_size/tasks/ts_icl/context_length/512/univariate/Supply_Chain_Location/D/short/run_0/metrics_summary.json
    Metrics summary (averaged over all series/windows/variates):
      MSE: 24431557.6181
      MAE: 1861.9025
      RMSE: 2554.2571
      MAPE: 0.4989
      sMAPE: 0.4315
      MASE: 0.6763
      ND: 0.3948
      CRPS: 0.3044
  Completed: 1 series × 12 windows
  Output: /fslarge/scratch/users/h61084/codes/evaluating_tsfms/outputs/context_size/tasks/ts_icl/context_length/512/univariate/Supply_Chain_Location/D/short/run_0
  Inference time: 1.522s

============================================================
All experiments completed!
Results saved to: /scratch/users/h61084/codes/evaluating_tsfms/outputs/context_size/tasks
============================================================

############################################################
# All 1 dataset(s) completed!
############################################################

############################################################
# Dataset 1/1: azure2019_D/5T
############################################################
[2026-09-27 14:01:22 UTC] resources selected_device {"device": "cuda", "model": "ts_icl", "stage": "forecast"}
Loading configuration...

============================================================
Dataset: azure2019_D/5T
Terms: ['short']
Covariate mode: none
Instance normalization: none
============================================================

--- Term: short ---
  Config: prediction_length=288, test_length=864, val_length=864
TIME run allocation action=new run=/fslarge/scratch/users/h61084/codes/evaluating_tsfms/outputs/context_size/inference/ts_icl/context_length/512/univariate/azure2019_D/5T/short/run_0 launch_id=selena_context_size_20260927T131553Z_36791 slurm_job_id=3584822 launched_at=2026-09-27T14:01:22.283318+00:00
  Initializing model pipeline...
  Dataset info:
    - Frequency: 5T
    - Num series: 989
    - Target dim: 3
    - Target mode: univariate
    - Covariate channels: 0
    - Series length: min=8073,               max=8639, avg=8627.0
    - Test split: 864 steps
    - Prediction length: 288
    - Windows: 3
    Processed 160/8901...
    Processed 320/8901...
    Processed 480/8901...
    Processed 640/8901...
    Processed 800/8901...
    Processed 960/8901...
    Processed 1120/8901...
    Processed 1280/8901...
    Processed 1440/8901...
    Processed 1600/8901...
    Processed 1760/8901...
    Processed 1920/8901...
    Processed 2080/8901...
    Processed 2240/8901...
    Processed 2400/8901...
    Processed 2560/8901...
    Processed 2720/8901...
    Processed 2880/8901...
    Processed 3040/8901...
    Processed 3200/8901...
    Processed 3360/8901...
    Processed 3520/8901...
    Processed 3680/8901...
    Processed 3840/8901...
    Processed 4000/8901...
    Processed 4160/8901...
    Processed 4320/8901...
    Processed 4480/8901...
    Processed 4640/8901...
    Processed 4800/8901...
    Processed 4960/8901...
    Processed 5120/8901...
    Processed 5280/8901...
    Processed 5440/8901...
    Processed 5600/8901...
    Processed 5760/8901...
    Processed 5920/8901...
    Processed 6080/8901...
    Processed 6240/8901...
    Processed 6400/8901...
    Processed 6560/8901...
    Processed 6720/8901...
    Processed 6880/8901...
    Processed 7040/8901...
    Processed 7200/8901...
    Processed 7360/8901...
    Processed 7520/8901...
    Processed 7680/8901...
    Processed 7840/8901...
    Processed 8000/8901...
    Processed 8160/8901...
    Processed 8320/8901...
    Processed 8480/8901...
    Processed 8640/8901...
    Processed 8800/8901...
TIME run allocation action=new run=/fslarge/scratch/users/h61084/codes/evaluating_tsfms/outputs/context_size/tasks/ts_icl/context_length/512/univariate/azure2019_D/5T/short/run_0 launch_id=selena_context_size_20260927T131553Z_36791 slurm_job_id=3584822 launched_at=2026-09-27T14:01:53.033115+00:00
    Total instances: 8901, Series during experiment: 2967, Windows: 3
    Collecting ground truth and context...
    Detected to_univariate case: 2967 flat series -> 989 series x 3 variates
    Organizing data into arrays...
    Saved predictions (quantiles) to /fslarge/scratch/users/h61084/codes/evaluating_tsfms/outputs/context_size/tasks/ts_icl/context_length/512/univariate/azure2019_D/5T/short/run_0/predictions.npz
    Computing per-window metrics...
    Saved metrics to /fslarge/scratch/users/h61084/codes/evaluating_tsfms/outputs/context_size/tasks/ts_icl/context_length/512/univariate/azure2019_D/5T/short/run_0/metrics.npz
    Saved config to /fslarge/scratch/users/h61084/codes/evaluating_tsfms/outputs/context_size/tasks/ts_icl/context_length/512/univariate/azure2019_D/5T/short/run_0/config.json
    Saved aggregate metrics to /fslarge/scratch/users/h61084/codes/evaluating_tsfms/outputs/context_size/tasks/ts_icl/context_length/512/univariate/azure2019_D/5T/short/run_0/metrics_summary.json
    Metrics summary (averaged over all series/windows/variates):
      MSE: 60.5691
      MAE: 2.7330
      RMSE: 3.8716
      MAPE: 0.2301
      sMAPE: 0.1795
      MASE: 0.7598
      ND: 0.1905
      CRPS: 0.1577
  Completed: 989 series × 3 windows
  Output: /fslarge/scratch/users/h61084/codes/evaluating_tsfms/outputs/context_size/tasks/ts_icl/context_length/512/univariate/azure2019_D/5T/short/run_0
  Inference time: 26.942s

============================================================
All experiments completed!
Results saved to: /scratch/users/h61084/codes/evaluating_tsfms/outputs/context_size/tasks
============================================================

############################################################
# All 1 dataset(s) completed!
############################################################

############################################################
# Dataset 1/1: azure2019_I/5T
############################################################
[2026-09-27 14:02:02 UTC] resources selected_device {"device": "cuda", "model": "ts_icl", "stage": "forecast"}
Loading configuration...

============================================================
Dataset: azure2019_I/5T
Terms: ['short']
Covariate mode: none
Instance normalization: none
============================================================

--- Term: short ---
  Config: prediction_length=288, test_length=864, val_length=864
TIME run allocation action=new run=/fslarge/scratch/users/h61084/codes/evaluating_tsfms/outputs/context_size/inference/ts_icl/context_length/512/univariate/azure2019_I/5T/short/run_0 launch_id=selena_context_size_20260927T131553Z_36791 slurm_job_id=3584822 launched_at=2026-09-27T14:02:02.331882+00:00
  Initializing model pipeline...
  Dataset info:
    - Frequency: 5T
    - Num series: 492
    - Target dim: 3
    - Target mode: univariate
    - Covariate channels: 0
    - Series length: min=8250,               max=8639, avg=8630.4
    - Test split: 864 steps
    - Prediction length: 288
    - Windows: 3
    Processed 160/4428...
    Processed 320/4428...
    Processed 480/4428...
    Processed 640/4428...
    Processed 800/4428...
    Processed 960/4428...
    Processed 1120/4428...
    Processed 1280/4428...
    Processed 1440/4428...
    Processed 1600/4428...
    Processed 1760/4428...
    Processed 1920/4428...
    Processed 2080/4428...
    Processed 2240/4428...
    Processed 2400/4428...
    Processed 2560/4428...
    Processed 2720/4428...
    Processed 2880/4428...
    Processed 3040/4428...
    Processed 3200/4428...
    Processed 3360/4428...
    Processed 3520/4428...
    Processed 3680/4428...
    Processed 3840/4428...
    Processed 4000/4428...
    Processed 4160/4428...
    Processed 4320/4428...
TIME run allocation action=new run=/fslarge/scratch/users/h61084/codes/evaluating_tsfms/outputs/context_size/tasks/ts_icl/context_length/512/univariate/azure2019_I/5T/short/run_0 launch_id=selena_context_size_20260927T131553Z_36791 slurm_job_id=3584822 launched_at=2026-09-27T14:02:18.026864+00:00
    Total instances: 4428, Series during experiment: 1476, Windows: 3
    Collecting ground truth and context...
    Detected to_univariate case: 1476 flat series -> 492 series x 3 variates
    Organizing data into arrays...
    Saved predictions (quantiles) to /fslarge/scratch/users/h61084/codes/evaluating_tsfms/outputs/context_size/tasks/ts_icl/context_length/512/univariate/azure2019_I/5T/short/run_0/predictions.npz
    Computing per-window metrics...
    Saved metrics to /fslarge/scratch/users/h61084/codes/evaluating_tsfms/outputs/context_size/tasks/ts_icl/context_length/512/univariate/azure2019_I/5T/short/run_0/metrics.npz
    Saved config to /fslarge/scratch/users/h61084/codes/evaluating_tsfms/outputs/context_size/tasks/ts_icl/context_length/512/univariate/azure2019_I/5T/short/run_0/config.json
    Saved aggregate metrics to /fslarge/scratch/users/h61084/codes/evaluating_tsfms/outputs/context_size/tasks/ts_icl/context_length/512/univariate/azure2019_I/5T/short/run_0/metrics_summary.json
    Metrics summary (averaged over all series/windows/variates):
      MSE: 54.0548
      MAE: 2.4984
      RMSE: 3.6308
      MAPE: 0.2205
      sMAPE: 0.1674
      MASE: 0.8047
      ND: 0.1782
      CRPS: 0.1447
  Completed: 492 series × 3 windows
  Output: /fslarge/scratch/users/h61084/codes/evaluating_tsfms/outputs/context_size/tasks/ts_icl/context_length/512/univariate/azure2019_I/5T/short/run_0
  Inference time: 13.393s

============================================================
All experiments completed!
Results saved to: /scratch/users/h61084/codes/evaluating_tsfms/outputs/context_size/tasks
============================================================

############################################################
# All 1 dataset(s) completed!
############################################################

############################################################
# Dataset 1/1: azure2019_U/5T
############################################################
[2026-09-27 14:02:24 UTC] resources selected_device {"device": "cuda", "model": "ts_icl", "stage": "forecast"}
Loading configuration...

============================================================
Dataset: azure2019_U/5T
Terms: ['short']
Covariate mode: none
Instance normalization: none
============================================================

--- Term: short ---
  Config: prediction_length=48, test_length=288, val_length=96
TIME run allocation action=new run=/fslarge/scratch/users/h61084/codes/evaluating_tsfms/outputs/context_size/inference/ts_icl/context_length/512/univariate/azure2019_U/5T/short/run_0 launch_id=selena_context_size_20260927T131553Z_36791 slurm_job_id=3584822 launched_at=2026-09-27T14:02:24.222904+00:00
  Initializing model pipeline...
  Dataset info:
    - Frequency: 5T
    - Num series: 78
    - Target dim: 3
    - Target mode: univariate
    - Covariate channels: 0
    - Series length: min=882,               max=2006, avg=1406.1
    - Test split: 288 steps
    - Prediction length: 48
    - Windows: 6
    Processed 160/1404...
    Processed 320/1404...
    Processed 480/1404...
    Processed 640/1404...
    Processed 800/1404...
    Processed 960/1404...
    Processed 1120/1404...
    Processed 1280/1404...
TIME run allocation action=new run=/fslarge/scratch/users/h61084/codes/evaluating_tsfms/outputs/context_size/tasks/ts_icl/context_length/512/univariate/azure2019_U/5T/short/run_0 launch_id=selena_context_size_20260927T131553Z_36791 slurm_job_id=3584822 launched_at=2026-09-27T14:02:28.280427+00:00
    Total instances: 1404, Series during experiment: 234, Windows: 6
    Collecting ground truth and context...
    Detected to_univariate case: 234 flat series -> 78 series x 3 variates
    Organizing data into arrays...
    Saved predictions (quantiles) to /fslarge/scratch/users/h61084/codes/evaluating_tsfms/outputs/context_size/tasks/ts_icl/context_length/512/univariate/azure2019_U/5T/short/run_0/predictions.npz
    Computing per-window metrics...
    Saved metrics to /fslarge/scratch/users/h61084/codes/evaluating_tsfms/outputs/context_size/tasks/ts_icl/context_length/512/univariate/azure2019_U/5T/short/run_0/metrics.npz
    Saved config to /fslarge/scratch/users/h61084/codes/evaluating_tsfms/outputs/context_size/tasks/ts_icl/context_length/512/univariate/azure2019_U/5T/short/run_0/config.json
    Saved aggregate metrics to /fslarge/scratch/users/h61084/codes/evaluating_tsfms/outputs/context_size/tasks/ts_icl/context_length/512/univariate/azure2019_U/5T/short/run_0/metrics_summary.json
    Metrics summary (averaged over all series/windows/variates):
      MSE: 64.7221
      MAE: 2.3436
      RMSE: 3.3383
      MAPE: 0.3883
      sMAPE: 0.1707
      MASE: 0.7180
      ND: 0.1923
      CRPS: 0.1605
  Completed: 78 series × 6 windows
  Output: /fslarge/scratch/users/h61084/codes/evaluating_tsfms/outputs/context_size/tasks/ts_icl/context_length/512/univariate/azure2019_U/5T/short/run_0
  Inference time: 3.368s

============================================================
All experiments completed!
Results saved to: /scratch/users/h61084/codes/evaluating_tsfms/outputs/context_size/tasks
============================================================

############################################################
# All 1 dataset(s) completed!
############################################################

############################################################
# Dataset 1/1: Smart_Manufacturing/H
############################################################
[2026-09-27 14:02:32 UTC] resources selected_device {"device": "cuda", "model": "ts_icl", "stage": "forecast"}
Loading configuration...

============================================================
Dataset: Smart_Manufacturing/H
Terms: ['short', 'medium', 'long']
Covariate mode: none
Instance normalization: none
============================================================

--- Term: short ---
  Config: prediction_length=24, test_length=336, val_length=336
TIME run allocation action=new run=/fslarge/scratch/users/h61084/codes/evaluating_tsfms/outputs/context_size/inference/ts_icl/context_length/512/univariate/Smart_Manufacturing/H/short/run_0 launch_id=selena_context_size_20260927T131553Z_36791 slurm_job_id=3584822 launched_at=2026-09-27T14:02:32.250217+00:00
  Initializing model pipeline...
  Dataset info:
    - Frequency: H
    - Num series: 34
    - Target dim: 5
    - Target mode: univariate
    - Covariate channels: 0
    - Series length: min=1661,               max=1667, avg=1665.9
    - Test split: 336 steps
    - Prediction length: 24
    - Windows: 14
    Processed 160/2380...
    Processed 320/2380...
    Processed 480/2380...
    Processed 640/2380...
    Processed 800/2380...
    Processed 960/2380...
    Processed 1120/2380...
    Processed 1280/2380...
    Processed 1440/2380...
    Processed 1600/2380...
    Processed 1760/2380...
    Processed 1920/2380...
    Processed 2080/2380...
    Processed 2240/2380...
TIME run allocation action=new run=/fslarge/scratch/users/h61084/codes/evaluating_tsfms/outputs/context_size/tasks/ts_icl/context_length/512/univariate/Smart_Manufacturing/H/short/run_0 launch_id=selena_context_size_20260927T131553Z_36791 slurm_job_id=3584822 launched_at=2026-09-27T14:02:38.737267+00:00
    Total instances: 2380, Series during experiment: 170, Windows: 14
    Collecting ground truth and context...
    Detected to_univariate case: 170 flat series -> 34 series x 5 variates
    Organizing data into arrays...
    Saved predictions (quantiles) to /fslarge/scratch/users/h61084/codes/evaluating_tsfms/outputs/context_size/tasks/ts_icl/context_length/512/univariate/Smart_Manufacturing/H/short/run_0/predictions.npz
    Computing per-window metrics...
    Saved metrics to /fslarge/scratch/users/h61084/codes/evaluating_tsfms/outputs/context_size/tasks/ts_icl/context_length/512/univariate/Smart_Manufacturing/H/short/run_0/metrics.npz
    Saved config to /fslarge/scratch/users/h61084/codes/evaluating_tsfms/outputs/context_size/tasks/ts_icl/context_length/512/univariate/Smart_Manufacturing/H/short/run_0/config.json
    Saved aggregate metrics to /fslarge/scratch/users/h61084/codes/evaluating_tsfms/outputs/context_size/tasks/ts_icl/context_length/512/univariate/Smart_Manufacturing/H/short/run_0/metrics_summary.json
    Metrics summary (averaged over all series/windows/variates):
      MSE: 78.7304
      MAE: 5.7327
      RMSE: 7.0811
      MAPE: 0.3385
      sMAPE: 0.2259
      MASE: 0.7140
      ND: 0.2174
      CRPS: 0.1673
  Completed: 34 series × 14 windows
  Output: /fslarge/scratch/users/h61084/codes/evaluating_tsfms/outputs/context_size/tasks/ts_icl/context_length/512/univariate/Smart_Manufacturing/H/short/run_0
  Inference time: 5.789s

--- Term: medium ---
  Config: prediction_length=168, test_length=336, val_length=336
TIME run allocation action=new run=/fslarge/scratch/users/h61084/codes/evaluating_tsfms/outputs/context_size/inference/ts_icl/context_length/512/univariate/Smart_Manufacturing/H/medium/run_0 launch_id=selena_context_size_20260927T131553Z_36791 slurm_job_id=3584822 launched_at=2026-09-27T14:02:39.390945+00:00
  Initializing model pipeline...
  Dataset info:
    - Frequency: H
    - Num series: 34
    - Target dim: 5
    - Target mode: univariate
    - Covariate channels: 0
    - Series length: min=1661,               max=1667, avg=1665.9
    - Test split: 336 steps
    - Prediction length: 168
    - Windows: 2
    Processed 160/340...
    Processed 320/340...
TIME run allocation action=new run=/fslarge/scratch/users/h61084/codes/evaluating_tsfms/outputs/context_size/tasks/ts_icl/context_length/512/univariate/Smart_Manufacturing/H/medium/run_0 launch_id=selena_context_size_20260927T131553Z_36791 slurm_job_id=3584822 launched_at=2026-09-27T14:02:40.841262+00:00
    Total instances: 340, Series during experiment: 170, Windows: 2
    Collecting ground truth and context...
    Detected to_univariate case: 170 flat series -> 34 series x 5 variates
    Organizing data into arrays...
    Saved predictions (quantiles) to /fslarge/scratch/users/h61084/codes/evaluating_tsfms/outputs/context_size/tasks/ts_icl/context_length/512/univariate/Smart_Manufacturing/H/medium/run_0/predictions.npz
    Computing per-window metrics...
    Saved metrics to /fslarge/scratch/users/h61084/codes/evaluating_tsfms/outputs/context_size/tasks/ts_icl/context_length/512/univariate/Smart_Manufacturing/H/medium/run_0/metrics.npz
    Saved config to /fslarge/scratch/users/h61084/codes/evaluating_tsfms/outputs/context_size/tasks/ts_icl/context_length/512/univariate/Smart_Manufacturing/H/medium/run_0/config.json
    Saved aggregate metrics to /fslarge/scratch/users/h61084/codes/evaluating_tsfms/outputs/context_size/tasks/ts_icl/context_length/512/univariate/Smart_Manufacturing/H/medium/run_0/metrics_summary.json
    Metrics summary (averaged over all series/windows/variates):
      MSE: 78.8822
      MAE: 5.7396
      RMSE: 7.1710
      MAPE: 0.3443
      sMAPE: 0.2260
      MASE: 0.7139
      ND: 0.2162
      CRPS: 0.1663
  Completed: 34 series × 2 windows
  Output: /fslarge/scratch/users/h61084/codes/evaluating_tsfms/outputs/context_size/tasks/ts_icl/context_length/512/univariate/Smart_Manufacturing/H/medium/run_0
  Inference time: 0.934s

--- Term: long ---
  Config: prediction_length=336, test_length=336, val_length=336
TIME run allocation action=new run=/fslarge/scratch/users/h61084/codes/evaluating_tsfms/outputs/context_size/inference/ts_icl/context_length/512/univariate/Smart_Manufacturing/H/long/run_0 launch_id=selena_context_size_20260927T131553Z_36791 slurm_job_id=3584822 launched_at=2026-09-27T14:02:41.001970+00:00
  Initializing model pipeline...
  Dataset info:
    - Frequency: H
    - Num series: 34
    - Target dim: 5
    - Target mode: univariate
    - Covariate channels: 0
    - Series length: min=1661,               max=1667, avg=1665.9
    - Test split: 336 steps
    - Prediction length: 336
    - Windows: 1
    Processed 160/170...
TIME run allocation action=new run=/fslarge/scratch/users/h61084/codes/evaluating_tsfms/outputs/context_size/tasks/ts_icl/context_length/512/univariate/Smart_Manufacturing/H/long/run_0 launch_id=selena_context_size_20260927T131553Z_36791 slurm_job_id=3584822 launched_at=2026-09-27T14:02:42.043587+00:00
    Total instances: 170, Series during experiment: 170, Windows: 1
    Collecting ground truth and context...
    Detected to_univariate case: 170 flat series -> 34 series x 5 variates
    Organizing data into arrays...
    Saved predictions (quantiles) to /fslarge/scratch/users/h61084/codes/evaluating_tsfms/outputs/context_size/tasks/ts_icl/context_length/512/univariate/Smart_Manufacturing/H/long/run_0/predictions.npz
    Computing per-window metrics...
    Saved metrics to /fslarge/scratch/users/h61084/codes/evaluating_tsfms/outputs/context_size/tasks/ts_icl/context_length/512/univariate/Smart_Manufacturing/H/long/run_0/metrics.npz
    Saved config to /fslarge/scratch/users/h61084/codes/evaluating_tsfms/outputs/context_size/tasks/ts_icl/context_length/512/univariate/Smart_Manufacturing/H/long/run_0/config.json
    Saved aggregate metrics to /fslarge/scratch/users/h61084/codes/evaluating_tsfms/outputs/context_size/tasks/ts_icl/context_length/512/univariate/Smart_Manufacturing/H/long/run_0/metrics_summary.json
    Metrics summary (averaged over all series/windows/variates):
      MSE: 78.9458
      MAE: 5.7416
      RMSE: 7.1828
      MAPE: 0.3468
      sMAPE: 0.2260
      MASE: 0.7137
      ND: 0.2161
      CRPS: 0.1662
  Completed: 34 series × 1 windows
  Output: /fslarge/scratch/users/h61084/codes/evaluating_tsfms/outputs/context_size/tasks/ts_icl/context_length/512/univariate/Smart_Manufacturing/H/long/run_0
  Inference time: 0.547s

============================================================
All experiments completed!
Results saved to: /scratch/users/h61084/codes/evaluating_tsfms/outputs/context_size/tasks
============================================================

############################################################
# All 1 dataset(s) completed!
############################################################

############################################################
# Dataset 1/1: MetroPT-3/5T
############################################################
[2026-09-27 14:02:45 UTC] resources selected_device {"device": "cuda", "model": "ts_icl", "stage": "forecast"}
Loading configuration...

============================================================
Dataset: MetroPT-3/5T
Terms: ['short', 'medium', 'long']
Covariate mode: none
Instance normalization: none
============================================================

--- Term: short ---
  Config: prediction_length=48, test_length=1728, val_length=1728
TIME run allocation action=new run=/fslarge/scratch/users/h61084/codes/evaluating_tsfms/outputs/context_size/inference/ts_icl/context_length/512/univariate/MetroPT-3/5T/short/run_0 launch_id=selena_context_size_20260927T131553Z_36791 slurm_job_id=3584822 launched_at=2026-09-27T14:02:45.666995+00:00
  Initializing model pipeline...
  Dataset info:
    - Frequency: 5T
    - Num series: 1
    - Target dim: 6
    - Target mode: univariate
    - Covariate channels: 0
    - Series length: min=17809,               max=17809, avg=17809.0
    - Test split: 1728 steps
    - Prediction length: 48
    - Windows: 36
    Processed 160/216...
TIME run allocation action=new run=/fslarge/scratch/users/h61084/codes/evaluating_tsfms/outputs/context_size/tasks/ts_icl/context_length/512/univariate/MetroPT-3/5T/short/run_0 launch_id=selena_context_size_20260927T131553Z_36791 slurm_job_id=3584822 launched_at=2026-09-27T14:02:47.060905+00:00
    Total instances: 216, Series during experiment: 6, Windows: 36
    Collecting ground truth and context...
    Detected to_univariate case: 6 flat series -> 1 series x 6 variates
    Organizing data into arrays...
    Saved predictions (quantiles) to /fslarge/scratch/users/h61084/codes/evaluating_tsfms/outputs/context_size/tasks/ts_icl/context_length/512/univariate/MetroPT-3/5T/short/run_0/predictions.npz
    Computing per-window metrics...
    Saved metrics to /fslarge/scratch/users/h61084/codes/evaluating_tsfms/outputs/context_size/tasks/ts_icl/context_length/512/univariate/MetroPT-3/5T/short/run_0/metrics.npz
    Saved config to /fslarge/scratch/users/h61084/codes/evaluating_tsfms/outputs/context_size/tasks/ts_icl/context_length/512/univariate/MetroPT-3/5T/short/run_0/config.json
    Saved aggregate metrics to /fslarge/scratch/users/h61084/codes/evaluating_tsfms/outputs/context_size/tasks/ts_icl/context_length/512/univariate/MetroPT-3/5T/short/run_0/metrics_summary.json
    Metrics summary (averaged over all series/windows/variates):
      MSE: 3.7110
      MAE: 1.1910
      RMSE: 1.5510
      MAPE: 3.7128
      sMAPE: 0.5144
      MASE: 0.6551
      ND: 0.3358
      CRPS: 0.2539
  Completed: 1 series × 36 windows
  Output: /fslarge/scratch/users/h61084/codes/evaluating_tsfms/outputs/context_size/tasks/ts_icl/context_length/512/univariate/MetroPT-3/5T/short/run_0
  Inference time: 0.766s

--- Term: medium ---
  Config: prediction_length=288, test_length=1728, val_length=1728
TIME run allocation action=new run=/fslarge/scratch/users/h61084/codes/evaluating_tsfms/outputs/context_size/inference/ts_icl/context_length/512/univariate/MetroPT-3/5T/medium/run_0 launch_id=selena_context_size_20260927T131553Z_36791 slurm_job_id=3584822 launched_at=2026-09-27T14:02:47.180309+00:00
  Initializing model pipeline...
  Dataset info:
    - Frequency: 5T
    - Num series: 1
    - Target dim: 6
    - Target mode: univariate
    - Covariate channels: 0
    - Series length: min=17809,               max=17809, avg=17809.0
    - Test split: 1728 steps
    - Prediction length: 288
    - Windows: 6
TIME run allocation action=new run=/fslarge/scratch/users/h61084/codes/evaluating_tsfms/outputs/context_size/tasks/ts_icl/context_length/512/univariate/MetroPT-3/5T/medium/run_0 launch_id=selena_context_size_20260927T131553Z_36791 slurm_job_id=3584822 launched_at=2026-09-27T14:02:47.797364+00:00
    Total instances: 36, Series during experiment: 6, Windows: 6
    Collecting ground truth and context...
    Detected to_univariate case: 6 flat series -> 1 series x 6 variates
    Organizing data into arrays...
    Saved predictions (quantiles) to /fslarge/scratch/users/h61084/codes/evaluating_tsfms/outputs/context_size/tasks/ts_icl/context_length/512/univariate/MetroPT-3/5T/medium/run_0/predictions.npz
    Computing per-window metrics...
    Saved metrics to /fslarge/scratch/users/h61084/codes/evaluating_tsfms/outputs/context_size/tasks/ts_icl/context_length/512/univariate/MetroPT-3/5T/medium/run_0/metrics.npz
    Saved config to /fslarge/scratch/users/h61084/codes/evaluating_tsfms/outputs/context_size/tasks/ts_icl/context_length/512/univariate/MetroPT-3/5T/medium/run_0/config.json
    Saved aggregate metrics to /fslarge/scratch/users/h61084/codes/evaluating_tsfms/outputs/context_size/tasks/ts_icl/context_length/512/univariate/MetroPT-3/5T/medium/run_0/metrics_summary.json
    Metrics summary (averaged over all series/windows/variates):
      MSE: 4.0119
      MAE: 1.2353
      RMSE: 1.6173
      MAPE: 4.1121
      sMAPE: 0.5100
      MASE: 0.6826
      ND: 0.3364
      CRPS: 0.2518
  Completed: 1 series × 6 windows
  Output: /fslarge/scratch/users/h61084/codes/evaluating_tsfms/outputs/context_size/tasks/ts_icl/context_length/512/univariate/MetroPT-3/5T/medium/run_0
  Inference time: 0.155s

--- Term: long ---
  Config: prediction_length=576, test_length=1728, val_length=1728
TIME run allocation action=new run=/fslarge/scratch/users/h61084/codes/evaluating_tsfms/outputs/context_size/inference/ts_icl/context_length/512/univariate/MetroPT-3/5T/long/run_0 launch_id=selena_context_size_20260927T131553Z_36791 slurm_job_id=3584822 launched_at=2026-09-27T14:02:47.863984+00:00
  Initializing model pipeline...
  Dataset info:
    - Frequency: 5T
    - Num series: 1
    - Target dim: 6
    - Target mode: univariate
    - Covariate channels: 0
    - Series length: min=17809,               max=17809, avg=17809.0
    - Test split: 1728 steps
    - Prediction length: 576
    - Windows: 3
TIME run allocation action=new run=/fslarge/scratch/users/h61084/codes/evaluating_tsfms/outputs/context_size/tasks/ts_icl/context_length/512/univariate/MetroPT-3/5T/long/run_0 launch_id=selena_context_size_20260927T131553Z_36791 slurm_job_id=3584822 launched_at=2026-09-27T14:02:48.353226+00:00
    Total instances: 18, Series during experiment: 6, Windows: 3
    Collecting ground truth and context...
    Detected to_univariate case: 6 flat series -> 1 series x 6 variates
    Organizing data into arrays...
    Saved predictions (quantiles) to /fslarge/scratch/users/h61084/codes/evaluating_tsfms/outputs/context_size/tasks/ts_icl/context_length/512/univariate/MetroPT-3/5T/long/run_0/predictions.npz
    Computing per-window metrics...
    Saved metrics to /fslarge/scratch/users/h61084/codes/evaluating_tsfms/outputs/context_size/tasks/ts_icl/context_length/512/univariate/MetroPT-3/5T/long/run_0/metrics.npz
    Saved config to /fslarge/scratch/users/h61084/codes/evaluating_tsfms/outputs/context_size/tasks/ts_icl/context_length/512/univariate/MetroPT-3/5T/long/run_0/config.json
    Saved aggregate metrics to /fslarge/scratch/users/h61084/codes/evaluating_tsfms/outputs/context_size/tasks/ts_icl/context_length/512/univariate/MetroPT-3/5T/long/run_0/metrics_summary.json
    Metrics summary (averaged over all series/windows/variates):
      MSE: 3.8108
      MAE: 1.2224
      RMSE: 1.5920
      MAPE: 4.5308
      sMAPE: 0.5080
      MASE: 0.6920
      ND: 0.3393
      CRPS: 0.2535
  Completed: 1 series × 3 windows
  Output: /fslarge/scratch/users/h61084/codes/evaluating_tsfms/outputs/context_size/tasks/ts_icl/context_length/512/univariate/MetroPT-3/5T/long/run_0
  Inference time: 0.109s

============================================================
All experiments completed!
Results saved to: /scratch/users/h61084/codes/evaluating_tsfms/outputs/context_size/tasks
============================================================

############################################################
# All 1 dataset(s) completed!
############################################################
2026-09-27 16:02:49 | task model=ts_icl runner=run_tsicl.sh environment=uv covariate_mode=none target_mode=auto context_length=512 instance_normalization=none completed status=success
2026-09-27 16:02:49 | stage evaluate completed status=success
2026-09-27 16:02:49 | workflow context_size completed status=success exit_code=0
