model,dataset,frequency,term,horizon_steps,MASE,scaled_MASE,MASE_std,MASE_variance,seasonal_MASE_variance,inference_seconds,domain,reference_loss,reference_scaled_MASE,reference_inference_seconds,loss_ratio_to_reference,paired_improvement_percent
chronos2__experiment_config.instance_normalization-none,Australia_Solar,H,long,168,1.2018281745126123,0.9416618511442288,0.5483988825028004,0.3007413343303203,0.42093784470046247,0.20905262231826782,Climate,1.2762842341465261,1.0,0.36489084642380476,0.9416618511442288,5.833814885577116
chronos2__experiment_config.instance_normalization-zscore,Australia_Solar,H,long,168,1.2018281467580079,0.9416618293978156,0.5483988382750132,0.3007412858213841,0.42093784470046247,0.20932776108384132,Climate,1.2762842341465261,1.0,0.36489084642380476,0.9416618293978156,5.833817060218438
chronos2__experiment_config.instance_normalization-none,Australia_Solar,H,medium,72,1.1800124167717907,0.8682980074506915,0.6348134682146531,0.4029881394267164,0.6875907422688505,0.5053723715245724,Climate,1.3589947306642882,1.0,0.6641839258372784,0.8682980074506915,13.170199254930848
chronos2__experiment_config.instance_normalization-zscore,Australia_Solar,H,medium,72,1.1800124228402709,0.86829801191611,0.6348134291688935,0.4029880898531697,0.6875907422688505,0.5002698469907045,Climate,1.3589947306642882,1.0,0.6641839258372784,0.86829801191611,13.170198808389
chronos2__experiment_config.instance_normalization-none,Australia_Solar,H,short,24,1.0801986215576171,0.8743228947714544,0.810968166898839,0.6576693677232631,0.9323109223171446,1.6216213647276163,Climate,1.235468758758717,1.0,1.7007500659674406,0.8743228947714544,12.567710522854558
chronos2__experiment_config.instance_normalization-zscore,Australia_Solar,H,short,24,1.0801985992755336,0.8743228767361271,0.8109681491340273,0.6576693389098699,0.9323109223171446,1.6017009858042002,Climate,1.235468758758717,1.0,1.7007500659674406,0.8743228767361271,12.567712326387293
chronos_bolt__experiment_config.instance_normalization-none,Australia_Solar,H,long,168,1.201433091645914,0.9413522940282448,0.6010582387692367,0.3612710063923768,0.42093784470046247,0.8490017261356115,Climate,1.2762842341465261,1.0,0.36489084642380476,0.9413522940282448,5.864770597175517
chronos_bolt__experiment_config.instance_normalization-zscore,Australia_Solar,H,long,168,1.2014330779349105,0.9413522832853374,0.6010582225489376,0.36127098689368814,0.42093784470046247,0.8569054249674082,Climate,1.2762842341465261,1.0,0.36489084642380476,0.9413522832853374,5.864771671466262
chronos_bolt__experiment_config.instance_normalization-none,Australia_Solar,H,medium,72,1.1872985525551225,0.8736594232229001,0.6483106105803038,0.4203066477910064,0.6875907422688505,1.1164879240095615,Climate,1.3589947306642882,1.0,0.6641839258372784,0.8736594232229001,12.634057677709986
chronos_bolt__experiment_config.instance_normalization-zscore,Australia_Solar,H,medium,72,1.18729855385675,0.8736594241806871,0.6483106204313557,0.42030666056408933,0.6875907422688505,1.1331193931400776,Climate,1.3589947306642882,1.0,0.6641839258372784,0.8736594241806871,12.634057581931291
chronos_bolt__experiment_config.instance_normalization-none,Australia_Solar,H,short,24,1.1027190648704128,0.892551152793472,0.8258981161013979,0.682107698179838,0.9323109223171446,0.7210534103214741,Climate,1.235468758758717,1.0,1.7007500659674406,0.892551152793472,10.744884720652802
chronos_bolt__experiment_config.instance_normalization-zscore,Australia_Solar,H,short,24,1.1027190566898326,0.8925511461720337,0.8258981146145943,0.6821076957239416,0.9323109223171446,0.8476351033896208,Climate,1.235468758758717,1.0,1.7007500659674406,0.8925511461720337,10.744885382796632
ts_icl__experiment_config.instance_normalization-none,Australia_Solar,H,long,168,1.111845003542755,0.8711578297339584,0.49642875543185283,0.24644150921961835,0.42093784470046247,0.9053368084132671,Climate,1.2762842341465261,1.0,0.36489084642380476,0.8711578297339584,12.884217026604162
ts_icl__experiment_config.instance_normalization-zscore,Australia_Solar,H,long,168,1.1118449968239532,0.8711578244696124,0.496428760348435,0.24644151410108392,0.42093784470046247,0.9114031121134758,Climate,1.2762842341465261,1.0,0.36489084642380476,0.8711578244696124,12.884217553038757
ts_icl__experiment_config.instance_normalization-none,Australia_Solar,H,medium,72,1.1419134558402046,0.8402633432449201,0.5905637853973333,0.3487655846228276,0.6875907422688505,2.138026639819145,Climate,1.3589947306642882,1.0,0.6641839258372784,0.8402633432449201,15.973665675507986
ts_icl__experiment_config.instance_normalization-zscore,Australia_Solar,H,medium,72,1.1419134773738127,0.8402633590901678,0.5905637558341059,0.34876554970488544,0.6875907422688505,2.145168984308839,Climate,1.3589947306642882,1.0,0.6641839258372784,0.8402633590901678,15.97366409098322
ts_icl__experiment_config.instance_normalization-none,Australia_Solar,H,short,24,1.0643945028329198,0.8615308928590987,0.8157588596668807,0.6654625171250095,0.9323109223171446,6.12104719504714,Climate,1.235468758758717,1.0,1.7007500659674406,0.8615308928590987,13.846910714090132
ts_icl__experiment_config.instance_normalization-zscore,Australia_Solar,H,short,24,1.0643945249003672,0.8615309107206975,0.8157588359678788,0.6654624784596685,0.9323109223171446,6.155461307615042,Climate,1.235468758758717,1.0,1.7007500659674406,0.8615309107206975,13.846908927930246
chronos2__experiment_config.instance_normalization-none,Auto_Production_SF,M,short,12,0.6043605475858413,0.6272780561526403,0.14086698570498227,0.01984350766160768,0.1698127796753019,0.21119166165590286,Economics,0.9634651517903213,1.0,0.024433504790067673,0.6272780561526403,37.27219438473597
chronos2__experiment_config.instance_normalization-zscore,Auto_Production_SF,M,short,12,0.6043606096198142,0.6272781205389575,0.1408667273972306,0.019843434887605683,0.1698127796753019,0.21008162014186382,Economics,0.9634651517903213,1.0,0.024433504790067673,0.6272781205389575,37.27218794610425
chronos_bolt__experiment_config.instance_normalization-none,Auto_Production_SF,M,short,12,1.0324059356330573,1.0715550362300386,0.2201815228105807,0.048479902987186275,0.1698127796753019,0.24564150907099247,Economics,0.9634651517903213,1.0,0.024433504790067673,1.0715550362300386,-7.155503623003856
chronos_bolt__experiment_config.instance_normalization-zscore,Auto_Production_SF,M,short,12,1.0324059660308114,1.0715550677804833,0.22018131505855648,0.04847981150091531,0.1698127796753019,0.22720883786678314,Economics,0.9634651517903213,1.0,0.024433504790067673,1.0715550677804833,-7.155506778048326
ts_icl__experiment_config.instance_normalization-none,Auto_Production_SF,M,short,12,0.8833127368059295,0.916808184670248,0.24298659391688243,0.059042484823327926,0.1698127796753019,0.2251001037657261,Economics,0.9634651517903213,1.0,0.024433504790067673,0.916808184670248,8.319181532975195
ts_icl__experiment_config.instance_normalization-zscore,Auto_Production_SF,M,short,12,0.8833127026504636,0.9168081492195981,0.24298669699131167,0.059042534914747515,0.1698127796753019,0.2625321913510561,Economics,0.9634651517903213,1.0,0.024433504790067673,0.9168081492195981,8.319185078040192
chronos2__experiment_config.instance_normalization-none,CPHL,15T,long,288,1.1569175338572653,0.7431837188676761,0.4260351872588614,0.18150598078269312,0.9348312901421038,0.04692547023296356,Climate,1.556704626979664,1.0,0.08728386927396059,0.7431837188676761,25.681628113232392
chronos2__experiment_config.instance_normalization-zscore,CPHL,15T,long,288,1.1569174979212755,0.7431836957830208,0.42603520206978596,0.18150599340264334,0.9348312901421038,0.04825928620994091,Climate,1.556704626979664,1.0,0.08728386927396059,0.7431836957830208,25.68163042169792
chronos2__experiment_config.instance_normalization-none,CPHL,15T,medium,96,1.065225535608098,0.775940065614347,0.6680661285833984,0.4463123521604098,0.6233469173388662,0.14556272700428963,Climate,1.37281934883039,1.0,0.15893543139100075,0.775940065614347,22.405993438565297
chronos2__experiment_config.instance_normalization-zscore,CPHL,15T,medium,96,1.065225515766032,0.7759400511608314,0.6680661266334478,0.44631234955501786,0.6233469173388662,0.14864269271492958,Climate,1.37281934883039,1.0,0.15893543139100075,0.7759400511608314,22.405994883916858
chronos2__experiment_config.instance_normalization-none,CPHL,15T,short,12,0.6512083950143714,0.47578666614966564,0.6998075043932335,0.4897305432050854,1.2103073573379792,1.3151648472994566,Climate,1.3686982871636935,1.0,0.8933454435318708,0.47578666614966564,52.42133338503343
chronos2__experiment_config.instance_normalization-zscore,CPHL,15T,short,12,0.6512084069388726,0.47578667486195914,0.6998075246339636,0.48973057153431554,1.2103073573379792,1.3300997447222471,Climate,1.3686982871636935,1.0,0.8933454435318708,0.47578667486195914,52.42133251380409
chronos_bolt__experiment_config.instance_normalization-none,CPHL,15T,long,288,1.202757658522571,0.7726306183441974,0.48688862746289285,0.23706053555269965,0.9348312901421038,0.39845877327024937,Climate,1.556704626979664,1.0,0.08728386927396059,0.7726306183441974,22.736938165580256
chronos_bolt__experiment_config.instance_normalization-zscore,CPHL,15T,long,288,1.2027577113562997,0.7726306522836666,0.4868885527388099,0.23706046278809287,0.9348312901421038,0.4059591945260763,Climate,1.556704626979664,1.0,0.08728386927396059,0.7726306522836666,22.736934771633344
chronos_bolt__experiment_config.instance_normalization-none,CPHL,15T,medium,96,1.063731294575291,0.7748516186645863,0.6831529075045506,0.466697895031921,0.6233469173388662,0.3242933265864849,Climate,1.37281934883039,1.0,0.15893543139100075,0.7748516186645863,22.51483813354137
chronos_bolt__experiment_config.instance_normalization-zscore,CPHL,15T,medium,96,1.063731265310583,0.7748515973473548,0.6831528950907674,0.466697878070897,0.6233469173388662,0.3315148577094078,Climate,1.37281934883039,1.0,0.15893543139100075,0.7748515973473548,22.514840265264525
chronos_bolt__experiment_config.instance_normalization-none,CPHL,15T,short,12,0.656110489198097,0.47936824013839624,0.7044300796257641,0.49622173708156037,1.2103073573379792,0.5681767277419567,Climate,1.3686982871636935,1.0,0.8933454435318708,0.47936824013839624,52.063175986160374
chronos_bolt__experiment_config.instance_normalization-zscore,CPHL,15T,short,12,0.6561104914860817,0.4793682418100464,0.7044300869040415,0.49622174733563545,1.2103073573379792,0.5857364051043987,Climate,1.3686982871636935,1.0,0.8933454435318708,0.4793682418100464,52.063175818995354
ts_icl__experiment_config.instance_normalization-none,CPHL,15T,long,288,1.1912087384583099,0.7652117927917428,0.5189998297249171,0.26936082325449295,0.9348312901421038,0.27797516994178295,Climate,1.556704626979664,1.0,0.08728386927396059,0.7652117927917428,23.478820720825723
ts_icl__experiment_config.instance_normalization-zscore,CPHL,15T,long,288,1.1912087469278128,0.7652117982324043,0.518999824034849,0.2693608173482043,0.9348312901421038,0.27855213172733784,Climate,1.556704626979664,1.0,0.08728386927396059,0.7652117982324043,23.478820176759573
ts_icl__experiment_config.instance_normalization-none,CPHL,15T,medium,96,1.0817674350374027,0.7879896476976693,0.6606872151574578,0.43650759627251684,0.6233469173388662,0.7345142420381308,Climate,1.37281934883039,1.0,0.15893543139100075,0.7879896476976693,21.201035230233067
ts_icl__experiment_config.instance_normalization-zscore,CPHL,15T,medium,96,1.081767427914643,0.787989642509252,0.6606872015381712,0.43650757827634,0.6233469173388662,0.736442968249321,Climate,1.37281934883039,1.0,0.15893543139100075,0.787989642509252,21.201035749074805
ts_icl__experiment_config.instance_normalization-none,CPHL,15T,short,12,0.6590360706082912,0.4815057319710606,0.6875696668349319,0.47275204675149923,1.2103073573379792,5.8714370131492615,Climate,1.3686982871636935,1.0,0.8933454435318708,0.4815057319710606,51.84942680289394
ts_icl__experiment_config.instance_normalization-zscore,CPHL,15T,short,12,0.6590360565435699,0.48150572169507694,0.687569683540508,0.47275206972399425,1.2103073573379792,5.90120842307806,Climate,1.3686982871636935,1.0,0.8933454435318708,0.48150572169507694,51.84942783049231
chronos2__experiment_config.instance_normalization-none,CPHL,30T,long,144,1.7964635512898783,0.807887085239443,0.9683303472969411,0.9376636614962145,1.6073134698343936,0.09915800578892231,Climate,2.2236567264315648,1.0,0.13040409795939922,0.807887085239443,19.211291476055703
chronos2__experiment_config.instance_normalization-zscore,CPHL,30T,long,144,1.7964635829209612,0.8078870994642477,0.9683303679098114,0.9376637014163508,1.6073134698343936,0.10087611339986324,Climate,2.2236567264315648,1.0,0.13040409795939922,0.8078870994642477,19.211290053575226
chronos2__experiment_config.instance_normalization-none,CPHL,30T,medium,48,1.5182478312316134,0.801888244042546,0.9574351493573398,0.9166820652249115,1.4876388063522994,0.2835054397583008,Climate,1.893340926882399,1.0,0.283974077552557,0.801888244042546,19.8111755957454
chronos2__experiment_config.instance_normalization-zscore,CPHL,30T,medium,48,1.518247822073535,0.8018882392055521,0.9574351277697073,0.9166820238873957,1.4876388063522994,0.2874357085675001,Climate,1.893340926882399,1.0,0.283974077552557,0.8018882392055521,19.81117607944479
chronos2__experiment_config.instance_normalization-none,CPHL,30T,short,12,1.369510162917805,0.7148483192029693,1.006554438691692,1.0131518380499471,2.00872837438365,1.3119864650070667,Climate,1.9158052500490743,1.0,0.9665918750688434,0.7148483192029693,28.515168079703066
chronos2__experiment_config.instance_normalization-zscore,CPHL,30T,short,12,1.3695101686353566,0.7148483221873809,1.0065544241409183,1.0131518087576556,2.00872837438365,1.3330206349492073,Climate,1.9158052500490743,1.0,0.9665918750688434,0.7148483221873809,28.51516778126191
chronos_bolt__experiment_config.instance_normalization-none,CPHL,30T,long,144,1.9159433983126628,0.8616183314352175,1.0327211046263514,1.0665128799406716,1.6073134698343936,0.4242540802806616,Climate,2.2236567264315648,1.0,0.13040409795939922,0.8616183314352175,13.838166856478251
chronos_bolt__experiment_config.instance_normalization-zscore,CPHL,30T,long,144,1.9159433616832473,0.8616183149626141,1.0327211044777438,1.066512879633731,1.6073134698343936,0.42815956845879555,Climate,2.2236567264315648,1.0,0.13040409795939922,0.8616183149626141,13.83816850373859
chronos_bolt__experiment_config.instance_normalization-none,CPHL,30T,medium,48,1.5695327782076256,0.8289752552869808,0.9341613766293314,0.8726574775860075,1.4876388063522994,0.0995113980025053,Climate,1.893340926882399,1.0,0.283974077552557,0.8289752552869808,17.10247447130192
chronos_bolt__experiment_config.instance_normalization-zscore,CPHL,30T,medium,48,1.569532751874397,0.8289752413786411,0.9341613681929702,0.872657461824162,1.4876388063522994,0.10253741405904293,Climate,1.893340926882399,1.0,0.283974077552557,0.8289752413786411,17.10247586213589
chronos_bolt__experiment_config.instance_normalization-none,CPHL,30T,short,12,1.4040590147394727,0.732881912033338,0.9908685937638231,0.9818205701074963,2.00872837438365,0.5818223841488361,Climate,1.9158052500490743,1.0,0.9665918750688434,0.732881912033338,26.711808796666205
chronos_bolt__experiment_config.instance_normalization-zscore,CPHL,30T,short,12,1.4040589915752781,0.7328818999422371,0.9908686168474968,0.9818206158532714,2.00872837438365,0.5969175472855568,Climate,1.9158052500490743,1.0,0.9665918750688434,0.7328818999422371,26.711810005776293
ts_icl__experiment_config.instance_normalization-none,CPHL,30T,long,144,1.8194283328811713,0.8182145702861777,0.9723053929440609,0.9453777771481047,1.6073134698343936,0.4896411169320345,Climate,2.2236567264315648,1.0,0.13040409795939922,0.8182145702861777,18.178542971382228
ts_icl__experiment_config.instance_normalization-zscore,CPHL,30T,long,144,1.8194282941879476,0.8182145528854596,0.9723053710630545,0.9453777345980641,1.6073134698343936,0.49556721933186054,Climate,2.2236567264315648,1.0,0.13040409795939922,0.8182145528854596,18.178544711454037
ts_icl__experiment_config.instance_normalization-none,CPHL,30T,medium,48,1.5527782568287,0.8201260717400357,0.9757767575509083,0.9521402805765642,1.4876388063522994,1.3958153408020735,Climate,1.893340926882399,1.0,0.283974077552557,0.8201260717400357,17.98739282599643
ts_icl__experiment_config.instance_normalization-zscore,CPHL,30T,medium,48,1.552778256929351,0.8201260717931961,0.9757767718507097,0.9521403084833918,1.4876388063522994,1.3940903656184673,Climate,1.893340926882399,1.0,0.283974077552557,0.8201260717931961,17.98739282068039
ts_icl__experiment_config.instance_normalization-none,CPHL,30T,short,12,1.386630846888305,0.723784866365089,0.9963323569745067,0.9926781655543758,2.00872837438365,5.632538180798292,Climate,1.9158052500490743,1.0,0.9665918750688434,0.723784866365089,27.6215133634911
ts_icl__experiment_config.instance_normalization-zscore,CPHL,30T,short,12,1.3866308235474505,0.7237848541817762,0.9963322972240106,0.9926780464916742,2.00872837438365,5.625122444704175,Climate,1.9158052500490743,1.0,0.9665918750688434,0.7237848541817762,27.62151458182238
chronos2__experiment_config.instance_normalization-none,CPHL,H,long,336,2.139118123635133,0.8474232166084327,0.7135558023180002,0.509161883021685,1.3278778683794659,0.04443582706153393,Climate,2.524261882033793,1.0,0.07477753702551126,0.8474232166084327,15.257678339156733
chronos2__experiment_config.instance_normalization-zscore,CPHL,H,long,336,2.139118076463215,0.8474231979210222,0.7135558141034957,0.5091618998409025,1.3278778683794659,0.0449962317943573,Climate,2.524261882033793,1.0,0.07477753702551126,0.8474231979210222,15.257680207897783
chronos2__experiment_config.instance_normalization-none,CPHL,H,medium,168,1.8356686518765377,0.8240486507551307,0.7463910255879903,0.557099563078292,0.6049068284587019,0.07445507124066353,Climate,2.2276216946589162,1.0,0.1013115681707859,0.8240486507551307,17.59513492448693
chronos2__experiment_config.instance_normalization-zscore,CPHL,H,medium,168,1.835668688941209,0.8240486673938048,0.7463910495429835,0.5570995988378765,0.6049068284587019,0.07547250762581825,Climate,2.2276216946589162,1.0,0.1013115681707859,0.8240486673938048,17.595133260619523
chronos2__experiment_config.instance_normalization-none,CPHL,H,short,24,1.242231586401445,0.7985822986378156,0.823487584800338,0.6781318023202939,0.9459225828742138,0.5673689842224121,Climate,1.5555461077967614,1.0,0.4137184591963887,0.7985822986378156,20.14177013621844
chronos2__experiment_config.instance_normalization-zscore,CPHL,H,short,24,1.2422316114706249,0.7985823147538148,0.8234875443449027,0.6781317356911981,0.9459225828742138,0.5754556655883789,Climate,1.5555461077967614,1.0,0.4137184591963887,0.7985823147538148,20.14176852461852
chronos_bolt__experiment_config.instance_normalization-none,CPHL,H,long,336,2.1537965293959545,0.853238146455963,0.838506938916045,0.703093886610356,1.3278778683794659,0.37738635018467903,Climate,2.524261882033793,1.0,0.07477753702551126,0.853238146455963,14.676185354403703
chronos_bolt__experiment_config.instance_normalization-zscore,CPHL,H,long,336,2.1537965960228598,0.853238172850572,0.8385070084934383,0.703094003292615,1.3278778683794659,0.380357313901186,Climate,2.524261882033793,1.0,0.07477753702551126,0.853238172850572,14.676182714942797
chronos_bolt__experiment_config.instance_normalization-none,CPHL,H,medium,168,1.9464693816144993,0.8737881240254909,0.8771552998162625,0.7694014199957573,0.6049068284587019,0.3297951500862837,Climate,2.2276216946589162,1.0,0.1013115681707859,0.8737881240254909,12.621187597450911
chronos_bolt__experiment_config.instance_normalization-zscore,CPHL,H,medium,168,1.9464694170253773,0.8737881399217619,0.8771553470549162,0.7694015028670304,0.6049068284587019,0.3340014349669218,Climate,2.2276216946589162,1.0,0.1013115681707859,0.8737881399217619,12.621186007823814
chronos_bolt__experiment_config.instance_normalization-none,CPHL,H,short,24,1.316102276045098,0.8460708875477784,0.8662887053598273,0.7504561210340057,0.9459225828742138,0.3849081452935934,Climate,1.5555461077967614,1.0,0.4137184591963887,0.8460708875477784,15.392911245222162
chronos_bolt__experiment_config.instance_normalization-zscore,CPHL,H,short,24,1.3161022448669424,0.8460708675045566,0.8662886939828325,0.7504561013224816,0.9459225828742138,0.3955194614827633,Climate,1.5555461077967614,1.0,0.4137184591963887,0.8460708675045566,15.392913249544337
ts_icl__experiment_config.instance_normalization-none,CPHL,H,long,336,2.0108007570754864,0.7965895976907863,0.655035583452054,0.4290716155883728,1.3278778683794659,0.2532028239220381,Climate,2.524261882033793,1.0,0.07477753702551126,0.7965895976907863,20.34104023092137
ts_icl__experiment_config.instance_normalization-zscore,CPHL,H,long,336,2.0108006933882816,0.7965895724607556,0.6550355460084143,0.4290715665345415,1.3278778683794659,0.24793802574276924,Climate,2.524261882033793,1.0,0.07477753702551126,0.7965895724607556,20.341042753924444
ts_icl__experiment_config.instance_normalization-none,CPHL,H,medium,168,1.8097602851403476,0.8124181450914852,0.7277884497448394,0.5296760275819965,0.6049068284587019,0.4791966378688812,Climate,2.2276216946589162,1.0,0.1013115681707859,0.8124181450914852,18.758185490851474
ts_icl__experiment_config.instance_normalization-zscore,CPHL,H,medium,168,1.809760257081192,0.8124181324954705,0.7277884274628141,0.5296759951487958,0.6049068284587019,0.48202768340706825,Climate,2.2276216946589162,1.0,0.1013115681707859,0.8124181324954705,18.758186750452953
ts_icl__experiment_config.instance_normalization-none,CPHL,H,short,24,1.239956715693167,0.7971198728717931,0.8214185015739649,0.6747283547280178,0.9459225828742138,2.909355439245701,Climate,1.5555461077967614,1.0,0.4137184591963887,0.7971198728717931,20.28801271282069
ts_icl__experiment_config.instance_normalization-zscore,CPHL,H,short,24,1.2399567254257318,0.7971198791284799,0.8214185262791199,0.6747283953145613,0.9459225828742138,2.901768546551466,Climate,1.5555461077967614,1.0,0.4137184591963887,0.7971198791284799,20.28801208715201
chronos2__experiment_config.instance_normalization-none,Coastal_T_S,15T,long,288,1.3875581107601154,0.8707587642007973,1.0881091527396196,1.1839815282757329,1.3306993853637727,0.359173271805048,Climate,1.5935046166703226,1.0,0.7146508358418941,0.8707587642007973,12.924123579920266
chronos2__experiment_config.instance_normalization-zscore,Coastal_T_S,15T,long,288,1.3875582685180183,0.870758863201391,1.0881093145808947,1.1839818804777043,1.3306993853637727,0.35727146081626415,Climate,1.5935046166703226,1.0,0.7146508358418941,0.870758863201391,12.924113679860906
chronos2__experiment_config.instance_normalization-none,Coastal_T_S,15T,medium,96,1.249904498327334,0.8610019760282506,1.0713332032773761,1.1477548324445639,1.2834579947320974,1.0614064373075962,Climate,1.4516859811322,1.0,1.338175474666059,0.8610019760282506,13.899802397174943
chronos2__experiment_config.instance_normalization-zscore,Coastal_T_S,15T,medium,96,1.2499044087373687,0.8610019143138259,1.0713332919110254,1.1477550223569146,1.2834579947320974,1.0489714480936527,Climate,1.4516859811322,1.0,1.338175474666059,0.8610019143138259,13.899808568617411
chronos2__experiment_config.instance_normalization-none,Coastal_T_S,15T,short,12,1.1305421467327808,0.7807741631203355,1.1399986256225172,1.299596866421228,1.6108624064484944,8.633081635460258,Climate,1.447975868226236,1.0,7.751331891864538,0.7807741631203355,21.922583687966444
chronos2__experiment_config.instance_normalization-zscore,Coastal_T_S,15T,short,12,1.1305421706416163,0.7807741796322375,1.1399986401185374,1.2995968994721143,1.6108624064484944,8.510571226477623,Climate,1.447975868226236,1.0,7.751331891864538,0.7807741796322375,21.92258203677625
chronos_bolt__experiment_config.instance_normalization-none,Coastal_T_S,15T,long,288,1.3758704254220318,0.8634241853010478,1.0563493057927515,1.115873855848828,1.3306993853637727,2.840127572417259,Climate,1.5935046166703226,1.0,0.7146508358418941,0.8634241853010478,13.65758146989522
chronos_bolt__experiment_config.instance_normalization-zscore,Coastal_T_S,15T,long,288,1.3758702303092447,0.8634240628584863,1.0563497598775484,1.1158748151933544,1.3306993853637727,2.944834740832448,Climate,1.5935046166703226,1.0,0.7146508358418941,0.8634240628584863,13.657593714151373
chronos_bolt__experiment_config.instance_normalization-none,Coastal_T_S,15T,medium,96,1.2546875781987985,0.8642968207354607,1.0661573169195302,1.1366914244210515,1.2834579947320974,2.484602026641369,Climate,1.4516859811322,1.0,1.338175474666059,0.8642968207354607,13.570317926453935
chronos_bolt__experiment_config.instance_normalization-zscore,Coastal_T_S,15T,medium,96,1.2546879976547154,0.8642971096794351,1.0661571872227003,1.1366911478666197,1.2834579947320974,2.474050587043166,Climate,1.4516859811322,1.0,1.338175474666059,0.8642971096794351,13.570289032056493
chronos_bolt__experiment_config.instance_normalization-none,Coastal_T_S,15T,short,12,1.1376097055054408,0.7856551552195463,1.131899817222922,1.2811971962292843,1.6108624064484944,2.996539270505309,Climate,1.447975868226236,1.0,7.751331891864538,0.7856551552195463,21.43448447804537
chronos_bolt__experiment_config.instance_normalization-zscore,Coastal_T_S,15T,short,12,1.1376095233615986,0.7856550294275036,1.131899828211389,1.281197221104972,1.6108624064484944,3.0536319129168987,Climate,1.447975868226236,1.0,7.751331891864538,0.7856550294275036,21.434497057249636
ts_icl__experiment_config.instance_normalization-none,Coastal_T_S,15T,long,288,1.3953221482634197,0.8756310673131206,1.0627287840070623,1.1293924683571293,1.3306993853637727,1.9290167763829231,Climate,1.5935046166703226,1.0,0.7146508358418941,0.8756310673131206,12.436893268687943
ts_icl__experiment_config.instance_normalization-zscore,Coastal_T_S,15T,long,288,1.3953222179138693,0.8756311110220932,1.0627286711583876,1.1293922285020725,1.3306993853637727,1.9271161686629057,Climate,1.5935046166703226,1.0,0.7146508358418941,0.8756311110220932,12.436888897790677
ts_icl__experiment_config.instance_normalization-none,Coastal_T_S,15T,medium,96,1.2690630394887432,0.874199417768693,1.091372934587032,1.19109488234911,1.2834579947320974,5.472728364169598,Climate,1.4516859811322,1.0,1.338175474666059,0.874199417768693,12.580058223130697
ts_icl__experiment_config.instance_normalization-zscore,Coastal_T_S,15T,medium,96,1.269063087468385,0.8741994508196713,1.0913729279324011,1.1910948678237423,1.2834579947320974,5.521067574620247,Climate,1.4516859811322,1.0,1.338175474666059,0.8741994508196713,12.580054918032868
ts_icl__experiment_config.instance_normalization-none,Coastal_T_S,15T,short,12,1.142890894709768,0.7893024461172853,1.1848235279347754,1.4038067923478075,1.6108624064484944,43.28922618739307,Climate,1.447975868226236,1.0,7.751331891864538,0.7893024461172853,21.06975538827147
ts_icl__experiment_config.instance_normalization-zscore,Coastal_T_S,15T,short,12,1.1428909290174043,0.7893024698107991,1.184823587451437,1.4038069333812933,1.6108624064484944,43.412869680672884,Climate,1.447975868226236,1.0,7.751331891864538,0.7893024698107991,21.06975301892009
chronos2__experiment_config.instance_normalization-none,Coastal_T_S,20T,long,216,1.4010791372080962,0.7623737013340763,1.0382638711302885,1.0779918660944523,1.7356310305571765,0.10718867368996143,Climate,1.837785242009726,1.0,0.11135085113346577,0.7623737013340763,23.762629866592366
chronos2__experiment_config.instance_normalization-zscore,Coastal_T_S,20T,long,216,1.4010792415808109,0.7623737581267377,1.0382636110803456,1.077991326093599,1.7356310305571765,0.09480555355548859,Climate,1.837785242009726,1.0,0.11135085113346577,0.7623737581267377,23.76262418732623
chronos2__experiment_config.instance_normalization-none,Coastal_T_S,20T,medium,72,0.9893873247652253,0.7712892645100224,0.6390491723308408,0.4083838446567327,0.8089647179022766,0.20444283820688725,Climate,1.2827707713444634,1.0,0.2132205916568637,0.7712892645100224,22.871073548997757
chronos2__experiment_config.instance_normalization-zscore,Coastal_T_S,20T,medium,72,0.9893871549779638,0.771289132150239,0.6390490584679758,0.40838369912880634,0.8089647179022766,0.20357832498848438,Climate,1.2827707713444634,1.0,0.2132205916568637,0.771289132150239,22.871086784976104
chronos2__experiment_config.instance_normalization-none,Coastal_T_S,20T,short,9,0.4837238683743286,0.3784291897259098,0.40475140646475044,0.16382370103519364,1.391596656960766,1.7177638206630945,Climate,1.2782414293270614,1.0,1.2665154142305255,0.3784291897259098,62.15708102740902
chronos2__experiment_config.instance_normalization-zscore,Coastal_T_S,20T,short,9,0.48372410642941577,0.3784293759623137,0.4047516685506992,0.16382391319457507,1.391596656960766,1.7042808644473553,Climate,1.2782414293270614,1.0,1.2665154142305255,0.3784293759623137,62.157062403768634
chronos_bolt__experiment_config.instance_normalization-none,Coastal_T_S,20T,long,216,2.370452159975281,1.289841764853358,1.2342614465608033,1.5234013184663666,1.7356310305571765,0.43537916615605354,Climate,1.837785242009726,1.0,0.11135085113346577,1.289841764853358,-28.9841764853358
chronos_bolt__experiment_config.instance_normalization-zscore,Coastal_T_S,20T,long,216,2.3704527366607775,1.2898420786470939,1.2342626895718645,1.5234043868691727,1.7356310305571765,0.4476838484406471,Climate,1.837785242009726,1.0,0.11135085113346577,1.2898420786470939,-28.98420786470939
chronos_bolt__experiment_config.instance_normalization-none,Coastal_T_S,20T,medium,72,1.7547628129002864,1.3679472997822761,0.7389592289151671,0.5460607419988983,0.8089647179022766,0.48140740394592285,Climate,1.2827707713444634,1.0,0.2132205916568637,1.3679472997822761,-36.794729978227615
chronos_bolt__experiment_config.instance_normalization-zscore,Coastal_T_S,20T,medium,72,1.7547639742522632,1.3679482051287362,0.7389590893824434,0.54606053578093,0.8089647179022766,0.49058735370635986,Climate,1.2827707713444634,1.0,0.2132205916568637,1.3679482051287362,-36.79482051287361
chronos_bolt__experiment_config.instance_normalization-none,Coastal_T_S,20T,short,9,0.6111656872978505,0.47813008816308095,0.5266911393309351,0.2774035562497185,1.391596656960766,0.7565740533173084,Climate,1.2782414293270614,1.0,1.2665154142305255,0.47813008816308095,52.1869911836919
chronos_bolt__experiment_config.instance_normalization-zscore,Coastal_T_S,20T,short,9,0.6111659647928618,0.47813030525431655,0.5266909319701939,0.2774033378196314,1.391596656960766,0.7796103209257126,Climate,1.2782414293270614,1.0,1.2665154142305255,0.47813030525431655,52.18696947456834
ts_icl__experiment_config.instance_normalization-none,Coastal_T_S,20T,long,216,1.746738194256302,0.9504582768039541,1.2230793355572167,1.4959230610670826,1.7356310305571765,0.3815845772624016,Climate,1.837785242009726,1.0,0.11135085113346577,0.9504582768039541,4.954172319604588
ts_icl__experiment_config.instance_normalization-zscore,Coastal_T_S,20T,long,216,1.7467376909070182,0.9504580029148879,1.22307925116095,1.4959228546204302,1.7356310305571765,0.38550781458616257,Climate,1.837785242009726,1.0,0.11135085113346577,0.9504580029148879,4.954199708511209
ts_icl__experiment_config.instance_normalization-none,Coastal_T_S,20T,medium,72,1.2496745099830937,0.9741993954799253,0.79962746015091,0.6394040750273952,0.8089647179022766,1.099823446944356,Climate,1.2827707713444634,1.0,0.2132205916568637,0.9741993954799253,2.580060452007471
ts_icl__experiment_config.instance_normalization-zscore,Coastal_T_S,20T,medium,72,1.2496746789595572,0.974199527207641,0.7996278811453887,0.6394047483050639,0.8089647179022766,1.0968803521245718,Climate,1.2827707713444634,1.0,0.2132205916568637,0.974199527207641,2.5800472792358975
ts_icl__experiment_config.instance_normalization-none,Coastal_T_S,20T,short,9,0.5645352327609865,0.4416499260692792,0.48722191787216823,0.23738519725503385,1.391596656960766,8.74669199809432,Climate,1.2782414293270614,1.0,1.2665154142305255,0.4416499260692792,55.835007393072075
ts_icl__experiment_config.instance_normalization-zscore,Coastal_T_S,20T,short,9,0.5645351863843108,0.4416498897876546,0.4872219658108841,0.23738524396862234,1.391596656960766,8.699636520817876,Climate,1.2782414293270614,1.0,1.2665154142305255,0.4416498897876546,55.835011021234536
chronos2__experiment_config.instance_normalization-none,Coastal_T_S,5T,long,864,1.252382036034176,0.8456190568789844,1.0629670684043102,1.1298989885120536,1.8076699969987622,1.5339131727814674,Climate,1.4810239029575263,1.0,6.789144224487245,0.8456190568789844,15.438094312101558
chronos2__experiment_config.instance_normalization-zscore,Coastal_T_S,5T,long,864,1.252382452127561,0.8456193378287951,1.0629673674163287,1.1298996241920003,1.8076699969987622,1.5130887031555176,Climate,1.4810239029575263,1.0,6.789144224487245,0.8456193378287951,15.438066217120493
chronos2__experiment_config.instance_normalization-none,Coastal_T_S,5T,medium,288,1.030877263252768,0.8435526763689123,1.0289278420307564,1.0586925041060693,1.3691485194510418,4.064687540754676,Climate,1.222066258731106,1.0,10.081392582505941,0.8435526763689123,15.644732363108771
chronos2__experiment_config.instance_normalization-zscore,Coastal_T_S,5T,medium,288,1.030877301860017,0.8435527079606927,1.0289278353253624,1.058692490307336,1.3691485194510418,3.998549450188875,Climate,1.222066258731106,1.0,10.081392582505941,0.8435527079606927,15.64472920393073
chronos2__experiment_config.instance_normalization-none,Coastal_T_S,5T,short,36,0.7896222491456418,0.6481834190583823,0.9763084538059924,0.9531781969730476,1.685129568284737,30.82134125754237,Climate,1.2182080348379292,1.0,47.6121036214754,0.6481834190583823,35.18165809416177
chronos2__experiment_config.instance_normalization-zscore,Coastal_T_S,5T,short,36,0.789622267484622,0.6481834341124451,0.9763084468680657,0.9531781834259346,1.685129568284737,30.44821929000318,Climate,1.2182080348379292,1.0,47.6121036214754,0.6481834341124451,35.181656588755494
chronos_bolt__experiment_config.instance_normalization-none,Coastal_T_S,5T,long,864,1.3666070271612945,0.9227447473550242,1.1964248883542792,1.4314325134735495,1.8076699969987622,32.250730408355594,Climate,1.4810239029575263,1.0,6.789144224487245,0.9227447473550242,7.725525264497579
chronos_bolt__experiment_config.instance_normalization-zscore,Coastal_T_S,5T,long,864,1.3665872417537726,0.9227313880787273,1.1963582862701383,1.4312731491272221,1.8076699969987622,33.552197298035026,Climate,1.4810239029575263,1.0,6.789144224487245,0.9227313880787273,7.726861192127266
chronos_bolt__experiment_config.instance_normalization-none,Coastal_T_S,5T,medium,288,1.0933035912750042,0.8946352814046282,1.0173260361135275,1.0349522637544624,1.3691485194510418,30.701079508289695,Climate,1.222066258731106,1.0,10.081392582505941,0.8946352814046282,10.536471859537178
chronos_bolt__experiment_config.instance_normalization-zscore,Coastal_T_S,5T,medium,288,1.0933022319424865,0.8946341690815378,1.01732520340632,1.0349505694857106,1.3691485194510418,31.297972487285733,Climate,1.222066258731106,1.0,10.081392582505941,0.8946341690815378,10.536583091846218
chronos_bolt__experiment_config.instance_normalization-none,Coastal_T_S,5T,short,36,0.8188563892682863,0.6721810773290682,0.9877799442439955,0.9757092182506709,1.685129568284737,10.431915890425444,Climate,1.2182080348379292,1.0,47.6121036214754,0.6721810773290682,32.781892267093184
chronos_bolt__experiment_config.instance_normalization-zscore,Coastal_T_S,5T,short,36,0.8188563225104004,0.672181022528998,0.9877797721826055,0.97570887833312,1.685129568284737,10.641952002421021,Climate,1.2182080348379292,1.0,47.6121036214754,0.672181022528998,32.781897747100196
ts_icl__experiment_config.instance_normalization-none,Coastal_T_S,5T,long,864,1.3854049722183888,0.9354372805542223,1.1512137753414318,1.3252931565358725,1.8076699969987622,14.459717318415642,Climate,1.4810239029575263,1.0,6.789144224487245,0.9354372805542223,6.456271944577773
ts_icl__experiment_config.instance_normalization-zscore,Coastal_T_S,5T,long,864,1.385404544607082,0.9354369918274125,1.1512125013416228,1.3252902232452357,1.8076699969987622,14.516112312674522,Climate,1.4810239029575263,1.0,6.789144224487245,0.9354369918274125,6.456300817258754
ts_icl__experiment_config.instance_normalization-none,Coastal_T_S,5T,medium,288,1.0366148259413028,0.848247644949824,0.9630163514867381,0.9274004932308287,1.3691485194510418,20.83780102804303,Climate,1.222066258731106,1.0,10.081392582505941,0.848247644949824,15.175235505017604
ts_icl__experiment_config.instance_normalization-zscore,Coastal_T_S,5T,medium,288,1.0366144899899346,0.848247370045443,0.9630161817732932,0.9274001663572125,1.3691485194510418,21.00366397574544,Climate,1.222066258731106,1.0,10.081392582505941,0.848247370045443,15.175262995455697
ts_icl__experiment_config.instance_normalization-none,Coastal_T_S,5T,short,36,0.811580262149247,0.6662082656984116,0.97879065939408,0.9580311549170981,1.685129568284737,155.0419281795621,Climate,1.2182080348379292,1.0,47.6121036214754,0.6662082656984116,33.379173430158836
ts_icl__experiment_config.instance_normalization-zscore,Coastal_T_S,5T,short,36,0.8115802041121697,0.66620821805706,0.9787906823372797,0.9580311998302777,1.685129568284737,155.70007232949138,Climate,1.2182080348379292,1.0,47.6121036214754,0.66620821805706,33.379178194294
chronos2__experiment_config.instance_normalization-none,Coastal_T_S,H,long,336,2.2993970749811012,0.8687413044985622,3.270865420000294,10.698560595753698,9.314770885075767,0.6736093759536743,Climate,2.646814492501095,1.0,1.3289766171947122,0.8687413044985622,13.125869550143776
chronos2__experiment_config.instance_normalization-zscore,Coastal_T_S,H,long,336,2.2993972540342207,0.8687413721470959,3.270865546396044,10.698561422600692,9.314770885075767,0.7430706955492496,Climate,2.646814492501095,1.0,1.3289766171947122,0.8687413721470959,13.12586278529041
chronos2__experiment_config.instance_normalization-none,Coastal_T_S,H,medium,168,1.6186084008630783,0.787644250251116,1.5734960211707336,2.4758897286401296,3.0797064254343613,1.2505418434739113,Climate,2.05499932278695,1.0,1.804201859049499,0.787644250251116,21.235574974888404
chronos2__experiment_config.instance_normalization-zscore,Coastal_T_S,H,medium,168,1.6186084472175173,0.787644272808028,1.5734986033522511,2.475897854751485,3.0797064254343613,1.2555002886801958,Climate,2.05499932278695,1.0,1.804201859049499,0.787644272808028,21.235572719197204
chronos2__experiment_config.instance_normalization-none,Coastal_T_S,H,short,24,0.9170105849553357,0.7610451411813391,1.5165902284567034,2.300045921050356,2.6970812724109106,6.521967297419906,Climate,1.204935864293014,1.0,7.276267562992871,0.7610451411813391,23.895485881866087
chronos2__experiment_config.instance_normalization-zscore,Coastal_T_S,H,short,24,0.9170105728447442,0.7610451311305207,1.5165897574963962,2.300044492542978,2.6970812724109106,6.473368382081389,Climate,1.204935864293014,1.0,7.276267562992871,0.7610451311305207,23.895486886947925
chronos_bolt__experiment_config.instance_normalization-none,Coastal_T_S,H,long,336,2.403046401752879,0.9079013314159889,3.082862745184153,9.504042705644373,9.314770885075767,6.734227243810892,Climate,2.646814492501095,1.0,1.3289766171947122,0.9079013314159889,9.209866858401107
chronos_bolt__experiment_config.instance_normalization-zscore,Coastal_T_S,H,long,336,2.4030485392489465,0.9079021389890445,3.082892280611889,9.504224813856375,9.314770885075767,6.863490300253034,Climate,2.646814492501095,1.0,1.3289766171947122,0.9079021389890445,9.209786101095553
chronos_bolt__experiment_config.instance_normalization-none,Coastal_T_S,H,medium,168,1.744121568445221,0.8487212375719313,1.5067842447478743,2.2703987602204223,3.0797064254343613,5.65841456130147,Climate,2.05499932278695,1.0,1.804201859049499,0.8487212375719313,15.12787624280687
chronos_bolt__experiment_config.instance_normalization-zscore,Coastal_T_S,H,medium,168,1.7441207324569956,0.8487208307648749,1.506782674214333,2.2703940273124967,3.0797064254343613,5.731456559151411,Climate,2.05499932278695,1.0,1.804201859049499,0.8487208307648749,15.127916923512508
chronos_bolt__experiment_config.instance_normalization-none,Coastal_T_S,H,short,24,0.9819445754980096,0.8149351385388113,1.5453785426098658,2.388194839958993,2.6970812724109106,3.289857106283307,Climate,1.204935864293014,1.0,7.276267562992871,0.8149351385388113,18.506486146118874
chronos_bolt__experiment_config.instance_normalization-zscore,Coastal_T_S,H,short,24,0.9819451560183926,0.814935620324108,1.5453795171097089,2.388197851902237,2.6970812724109106,3.4031011890619993,Climate,1.204935864293014,1.0,7.276267562992871,0.814935620324108,18.506437967589196
ts_icl__experiment_config.instance_normalization-none,Coastal_T_S,H,long,336,2.333693521642404,0.8816989359300323,3.155265365007714,9.95569952361726,9.314770885075767,4.472137741744518,Climate,2.646814492501095,1.0,1.3289766171947122,0.8816989359300323,11.830106406996766
ts_icl__experiment_config.instance_normalization-zscore,Coastal_T_S,H,long,336,2.33369391000263,0.8816990826574388,3.1552665247356364,9.9557068421173,9.314770885075767,4.475108206272125,Climate,2.646814492501095,1.0,1.3289766171947122,0.8816990826574388,11.83009173425612
ts_icl__experiment_config.instance_normalization-none,Coastal_T_S,H,medium,168,1.6379611443059245,0.797061646757408,1.5057726269213727,2.2673512039856916,3.0797064254343613,8.496492609381676,Climate,2.05499932278695,1.0,1.804201859049499,0.797061646757408,20.293835324259202
ts_icl__experiment_config.instance_normalization-zscore,Coastal_T_S,H,medium,168,1.637961323805617,0.797061734105219,1.505773030595044,2.2673524196673833,3.0797064254343613,8.490387421101332,Climate,2.05499932278695,1.0,1.804201859049499,0.797061734105219,20.293826589478105
ts_icl__experiment_config.instance_normalization-none,Coastal_T_S,H,short,24,0.9437669634863203,0.7832507865803029,1.508582454592123,2.2758210223031945,2.6970812724109106,52.533929930999875,Climate,1.204935864293014,1.0,7.276267562992871,0.7832507865803029,21.67492134196971
ts_icl__experiment_config.instance_normalization-zscore,Coastal_T_S,H,short,24,0.9437667801236647,0.7832506344040244,1.5085821866169622,2.275820213778015,2.6970812724109106,52.43146516010165,Climate,1.204935864293014,1.0,7.276267562992871,0.7832506344040244,21.67493655959756
chronos2__experiment_config.instance_normalization-none,Commodity_Import,M,short,12,1.4590158630789132,0.7956903841503931,1.6016277886445178,2.565211573358328,4.658598925947419,0.24425853602588177,Economics,1.8336477254740147,1.0,0.23737083096057177,0.7956903841503931,20.430961584960695
chronos2__experiment_config.instance_normalization-zscore,Commodity_Import,M,short,12,1.45901555484479,0.7956902160515162,1.6016271212227229,2.565209435436187,4.658598925947419,0.2444066945463419,Economics,1.8336477254740147,1.0,0.23737083096057177,0.7956902160515162,20.430978394848374
chronos_bolt__experiment_config.instance_normalization-none,Commodity_Import,M,short,12,1.5321493333429275,0.8355745283335996,1.7122452683210576,2.9317838588878504,4.658598925947419,0.2730582132935524,Economics,1.8336477254740147,1.0,0.23737083096057177,0.8355745283335996,16.442547166640043
chronos_bolt__experiment_config.instance_normalization-zscore,Commodity_Import,M,short,12,1.5321493405028856,0.8355745322383616,1.71224530492086,2.9317839842235287,4.658598925947419,0.27967757545411587,Economics,1.8336477254740147,1.0,0.23737083096057177,0.8355745322383616,16.442546776163837
ts_icl__experiment_config.instance_normalization-none,Commodity_Import,M,short,12,1.426445685398948,0.7779278787206516,1.5916557676720682,2.5333680827637606,4.658598925947419,0.6647952646017075,Economics,1.8336477254740147,1.0,0.23737083096057177,0.7779278787206516,22.207212127934838
ts_icl__experiment_config.instance_normalization-zscore,Commodity_Import,M,short,12,1.4264459907392875,0.7779280452413716,1.5916565293398142,2.533370507390063,4.658598925947419,0.6617402508854866,Economics,1.8336477254740147,1.0,0.23737083096057177,0.7779280452413716,22.20719547586284
chronos2__experiment_config.instance_normalization-none,Commodity_Production,M,short,12,0.9052348777989669,0.741941898777288,0.5973176292754274,0.356788350243217,0.5329512558073002,0.3514576815068722,Economics,1.220088634016739,1.0,0.6614465108141303,0.741941898777288,25.8058101222712
chronos2__experiment_config.instance_normalization-zscore,Commodity_Production,M,short,12,0.9052348938949537,0.7419419119697613,0.5973176570253943,0.3567883833943066,0.5329512558073002,0.36580405198037624,Economics,1.220088634016739,1.0,0.6614465108141303,0.7419419119697613,25.805808803023865
chronos_bolt__experiment_config.instance_normalization-none,Commodity_Production,M,short,12,0.9385643093449965,0.7692591203436454,0.5687851465897595,0.32351654298113425,0.5329512558073002,0.7253223154693842,Economics,1.220088634016739,1.0,0.6614465108141303,0.7692591203436454,23.07408796563546
chronos_bolt__experiment_config.instance_normalization-zscore,Commodity_Production,M,short,12,0.9385643330016856,0.7692591397329656,0.5687851537890357,0.32351655117081707,0.5329512558073002,0.402540922164917,Economics,1.220088634016739,1.0,0.6614465108141303,0.7692591397329656,23.074086026703444
ts_icl__experiment_config.instance_normalization-none,Commodity_Production,M,short,12,0.9422205607088643,0.7722558299776257,0.5677282457403984,0.3223153610114702,0.5329512558073002,2.076766714453697,Economics,1.220088634016739,1.0,0.6614465108141303,0.7722558299776257,22.774417002237435
ts_icl__experiment_config.instance_normalization-zscore,Commodity_Production,M,short,12,0.9422205380597157,0.7722558114140985,0.5677282500350129,0.3223153658878181,0.5329512558073002,2.0278945546597242,Economics,1.220088634016739,1.0,0.6614465108141303,0.7722558114140985,22.774418858590153
chronos2__experiment_config.instance_normalization-none,Crypto,D,short,30,6.229414404066677,1.0097000501280702,5.260729005933562,27.67526967387072,27.688250742146593,0.22297536954283714,Finance,6.169569272851417,1.0,0.13141694758087397,1.0097000501280702,-0.9700050128070181
chronos2__experiment_config.instance_normalization-zscore,Crypto,D,short,30,6.229413797740662,1.0096999518511909,5.2607285766893535,27.675265157595987,27.688250742146593,0.22273551486432552,Finance,6.169569272851417,1.0,0.13141694758087397,1.0096999518511909,-0.969995185119088
chronos_bolt__experiment_config.instance_normalization-none,Crypto,D,short,30,6.650599959702402,1.0779682771320378,5.239885057850734,27.456395419487393,27.688250742146593,0.46507631056010723,Finance,6.169569272851417,1.0,0.13141694758087397,1.0779682771320378,-7.79682771320378
chronos_bolt__experiment_config.instance_normalization-zscore,Crypto,D,short,30,6.6505995166865794,1.0779682053254331,5.239885063303242,27.456395476628416,27.688250742146593,0.27612623013556004,Finance,6.169569272851417,1.0,0.13141694758087397,1.0779682053254331,-7.796820532543314
ts_icl__experiment_config.instance_normalization-none,Crypto,D,short,30,6.398672126021581,1.0371343351598803,5.831420992220647,34.00547078851163,27.688250742146593,0.9946298785507679,Finance,6.169569272851417,1.0,0.13141694758087397,1.0371343351598803,-3.7134335159880294
ts_icl__experiment_config.instance_normalization-zscore,Crypto,D,short,30,6.398671321984825,1.0371342048368837,5.831420780957671,34.00546832458497,27.688250742146593,1.0099670477211475,Finance,6.169569272851417,1.0,0.13141694758087397,1.0371342048368837,-3.7134204836883677
chronos2__experiment_config.instance_normalization-none,ECDC_COVID,D,short,30,3.2510704942152295,0.9176932756570406,2.779602333137446,7.726189130383133,9.46457225161981,0.24704633466899395,Healthcare,3.5426548068444346,1.0,0.16327598877251148,0.9176932756570406,8.230672434295938
chronos2__experiment_config.instance_normalization-zscore,ECDC_COVID,D,short,30,3.251070667105938,0.9176933244596245,2.779603202009749,7.726193960622852,9.46457225161981,0.24937300942838192,Healthcare,3.5426548068444346,1.0,0.16327598877251148,0.9176933244596245,8.230667554037552
chronos_bolt__experiment_config.instance_normalization-none,ECDC_COVID,D,short,30,3.529062284006213,0.9961631816873716,2.8679351889692692,8.225052248128199,9.46457225161981,0.27573862485587597,Healthcare,3.5426548068444346,1.0,0.16327598877251148,0.9961631816873716,0.3836818312628387
chronos_bolt__experiment_config.instance_normalization-zscore,ECDC_COVID,D,short,30,3.5290621916882112,0.9961631556283829,2.8679352466831802,8.225052579167714,9.46457225161981,0.2783624418079853,Healthcare,3.5426548068444346,1.0,0.16327598877251148,0.9961631556283829,0.3836844371617132
ts_icl__experiment_config.instance_normalization-none,ECDC_COVID,D,short,30,3.2760216772323703,0.9247363505196929,2.719318127790975,7.394691080132613,9.46457225161981,0.7936076410114765,Healthcare,3.5426548068444346,1.0,0.16327598877251148,0.9247363505196929,7.5263649480307055
ts_icl__experiment_config.instance_normalization-zscore,ECDC_COVID,D,short,30,3.276021323038484,0.9247362505399023,2.7193177518928384,7.39468903575952,9.46457225161981,0.7858391385525465,Healthcare,3.5426548068444346,1.0,0.16327598877251148,0.9247362505399023,7.526374946009772
chronos2__experiment_config.instance_normalization-none,ECDC_COVID,W,short,13,1.4613553532441703,0.9468634994013284,1.0834214880532544,1.173802120775528,2.5262185251337717,0.262391597032547,Healthcare,1.5433643330513203,1.0,0.24623477086424828,0.9468634994013284,5.313650059867159
chronos2__experiment_config.instance_normalization-zscore,ECDC_COVID,W,short,13,1.4613553433276807,0.9468634929760862,1.083421589238305,1.1738023400276547,2.5262185251337717,0.2638458963483572,Healthcare,1.5433643330513203,1.0,0.24623477086424828,0.9468634929760862,5.3136507023913815
chronos_bolt__experiment_config.instance_normalization-none,ECDC_COVID,W,short,13,1.358214699186885,0.8800350442864106,1.0784750951291076,1.1631085308137377,2.5262185251337717,0.29214220121502876,Healthcare,1.5433643330513203,1.0,0.24623477086424828,0.8800350442864106,11.996495571358945
chronos_bolt__experiment_config.instance_normalization-zscore,ECDC_COVID,W,short,13,1.3582147211742939,0.8800350585328255,1.0784752226410426,1.1631088058506465,2.5262185251337717,0.29422706365585327,Healthcare,1.5433643330513203,1.0,0.24623477086424828,0.8800350585328255,11.99649414671745
ts_icl__experiment_config.instance_normalization-none,ECDC_COVID,W,short,13,1.8728634975946643,1.2134940904665752,1.471044106407669,2.163970762996737,2.5262185251337717,0.9134049918502569,Healthcare,1.5433643330513203,1.0,0.24623477086424828,1.2134940904665752,-21.34940904665752
ts_icl__experiment_config.instance_normalization-zscore,ECDC_COVID,W,short,13,1.8728635557945341,1.2134941281763165,1.4710442216499457,2.1639711020496946,2.5262185251337717,0.9186346661299467,Healthcare,1.5433643330513203,1.0,0.24623477086424828,1.2134941281763165,-21.349412817631652
chronos2__experiment_config.instance_normalization-none,EWELD_Load,15T,long,672,0.7839039420360605,0.805583445825203,0.477712702578765,0.22820942620510762,0.237943187485963,0.0986800529062748,Energy,0.9730884442803625,1.0,0.3245005141943693,0.805583445825203,19.441655417479698
chronos2__experiment_config.instance_normalization-zscore,EWELD_Load,15T,long,672,0.7839039509951047,0.8055834550320169,0.4777127165559345,0.2282094395592506,0.237943187485963,0.09858676046133041,Energy,0.9730884442803625,1.0,0.3245005141943693,0.8055834550320169,19.44165449679831
chronos2__experiment_config.instance_normalization-none,EWELD_Load,15T,medium,96,0.6517499017231616,0.7156200869243586,0.3887161257301279,0.15110022640264062,0.24043824963022473,0.6514555308967829,Energy,0.9107484734313388,1.0,0.8178674932569265,0.7156200869243586,28.437991307564136
chronos2__experiment_config.instance_normalization-zscore,EWELD_Load,15T,medium,96,0.6517498974798168,0.7156200822651746,0.3887161116005648,0.15110021541786273,0.24043824963022473,0.6402316782623529,Energy,0.9107484734313388,1.0,0.8178674932569265,0.7156200822651746,28.43799177348254
chronos2__experiment_config.instance_normalization-none,EWELD_Load,15T,short,24,0.5410549755223345,0.5939734485800114,0.47205005577124226,0.22283125515363292,0.6284262662910528,2.840679233893752,Energy,0.9109076791493171,1.0,2.7549216523766518,0.5939734485800114,40.60265514199885
chronos2__experiment_config.instance_normalization-zscore,EWELD_Load,15T,short,24,0.5410549800349319,0.5939734535339684,0.4720500614427002,0.22283126050805702,0.6284262662910528,2.807466631755233,Energy,0.9109076791493171,1.0,2.7549216523766518,0.5939734535339684,40.60265464660316
chronos_bolt__experiment_config.instance_normalization-none,EWELD_Load,15T,long,672,0.7765424508227898,0.7980183665597569,0.4768922179785327,0.22742618756848437,0.237943187485963,1.8663465734571218,Energy,0.9730884442803625,1.0,0.3245005141943693,0.7980183665597569,20.198163344024312
chronos_bolt__experiment_config.instance_normalization-zscore,EWELD_Load,15T,long,672,0.776542434847093,0.7980183501422391,0.4768921737446327,0.22742614537888098,0.237943187485963,1.862486595287919,Energy,0.9730884442803625,1.0,0.3245005141943693,0.7980183501422391,20.19816498577609
chronos_bolt__experiment_config.instance_normalization-none,EWELD_Load,15T,medium,96,0.6761916492113271,0.7424570767203215,0.4183117755597538,0.17498474157195382,0.24043824963022473,1.4875921439379454,Energy,0.9107484734313388,1.0,0.8178674932569265,0.7424570767203215,25.754292327967853
chronos_bolt__experiment_config.instance_normalization-zscore,EWELD_Load,15T,medium,96,0.6761916557582759,0.742457083908858,0.4183117864163381,0.17498475065482808,0.24043824963022473,1.4939611684530973,Energy,0.9107484734313388,1.0,0.8178674932569265,0.742457083908858,25.754291609114198
chronos_bolt__experiment_config.instance_normalization-none,EWELD_Load,15T,short,24,0.570156750162608,0.6259215540866543,0.5042486701499416,0.2542667213479846,0.6284262662910528,1.0589059740304947,Energy,0.9109076791493171,1.0,2.7549216523766518,0.6259215540866543,37.40784459133457
chronos_bolt__experiment_config.instance_normalization-zscore,EWELD_Load,15T,short,24,0.5701567471000543,0.6259215507245641,0.5042486896601907,0.2542667410240193,0.6284262662910528,1.0918422900140285,Energy,0.9109076791493171,1.0,2.7549216523766518,0.6259215507245641,37.407844927543586
ts_icl__experiment_config.instance_normalization-none,EWELD_Load,15T,long,672,0.7579333755376296,0.778894642098182,0.32588797812403386,0.10620297428577079,0.237943187485963,0.5836849343031645,Energy,0.9730884442803625,1.0,0.3245005141943693,0.778894642098182,22.110535790181796
ts_icl__experiment_config.instance_normalization-zscore,EWELD_Load,15T,long,672,0.7579333657439078,0.7788946320336068,0.3258880007857252,0.10620298905611683,0.237943187485963,0.5836130045354366,Energy,0.9730884442803625,1.0,0.3245005141943693,0.7788946320336068,22.110536796639323
ts_icl__experiment_config.instance_normalization-none,EWELD_Load,15T,medium,96,0.6499942144093132,0.7136923457696206,0.3601716829422542,0.1297236411934557,0.24043824963022473,3.4020820073783398,Energy,0.9107484734313388,1.0,0.8178674932569265,0.7136923457696206,28.63076542303794
ts_icl__experiment_config.instance_normalization-zscore,EWELD_Load,15T,medium,96,0.6499942051682999,0.7136923356230065,0.36017169053034553,0.129723646659487,0.24043824963022473,3.4062092155218124,Energy,0.9107484734313388,1.0,0.8178674932569265,0.7136923356230065,28.63076643769935
ts_icl__experiment_config.instance_normalization-none,EWELD_Load,15T,short,24,0.5592457058390135,0.6139433431511792,0.48391903234026534,0.23417762986113877,0.6284262662910528,13.650616109371185,Energy,0.9109076791493171,1.0,2.7549216523766518,0.6139433431511792,38.605665684882084
ts_icl__experiment_config.instance_normalization-zscore,EWELD_Load,15T,short,24,0.5592457153795347,0.6139433536248216,0.48391906699692516,0.23417766340317456,0.6284262662910528,13.54350208491087,Energy,0.9109076791493171,1.0,2.7549216523766518,0.6139433536248216,38.60566463751785
chronos2__experiment_config.instance_normalization-none,Finland_Traffic,15T,long,672,0.592638224850232,0.6334165647741988,0.2859540958184824,0.08176974491536582,0.018781384922048106,0.027544734999537468,Transport,0.9356216079721509,1.0,0.06827850919216871,0.6334165647741988,36.65834352258012
chronos2__experiment_config.instance_normalization-zscore,Finland_Traffic,15T,long,672,0.592638229960345,0.6334165702359292,0.2859540797464621,0.08176973572364601,0.018781384922048106,0.027952052652835846,Transport,0.9356216079721509,1.0,0.06827850919216871,0.6334165702359292,36.65834297640708
chronos2__experiment_config.instance_normalization-none,Finland_Traffic,15T,medium,96,0.5358107102757379,0.685200749309695,0.3875487554094553,0.15019403781941784,0.17085736839439175,0.14960377290844917,Transport,0.7819762468379376,1.0,0.20476613473147154,0.685200749309695,31.4799250690305
chronos2__experiment_config.instance_normalization-zscore,Finland_Traffic,15T,medium,96,0.5358107443943588,0.6852007929409704,0.38754876715888564,0.15019404692637217,0.17085736839439175,0.15838264487683773,Transport,0.7819762468379376,1.0,0.20476613473147154,0.6852007929409704,31.479920705902963
chronos2__experiment_config.instance_normalization-none,Finland_Traffic,15T,short,16,0.4022035802507917,0.5142179910500525,0.41731007380654556,0.17414769770042451,0.5444992622161519,1.1766762807965279,Transport,0.7821655158923493,1.0,0.952554508112371,0.5142179910500525,48.57820089499475
chronos2__experiment_config.instance_normalization-zscore,Finland_Traffic,15T,short,16,0.40220358959633706,0.5142180029983487,0.4173100433741763,0.1741476723009569,0.5444992622161519,1.0649587381631136,Transport,0.7821655158923493,1.0,0.952554508112371,0.5142180029983487,48.57819970016513
chronos_bolt__experiment_config.instance_normalization-none,Finland_Traffic,15T,long,672,0.6364014052199654,0.6801910086271843,0.23617155323924038,0.05577700255943535,0.018781384922048106,0.40563616156578064,Transport,0.9356216079721509,1.0,0.06827850919216871,0.6801910086271843,31.980899137281572
chronos_bolt__experiment_config.instance_normalization-zscore,Finland_Traffic,15T,long,672,0.6364013978272087,0.6801910007257458,0.2361715491766789,0.055777000640512456,0.018781384922048106,0.4048766177147627,Transport,0.9356216079721509,1.0,0.06827850919216871,0.6801910007257458,31.980899927425423
chronos_bolt__experiment_config.instance_normalization-none,Finland_Traffic,15T,medium,96,0.5966518526730152,0.7630050849826767,0.3205898457254907,0.10277784918229393,0.17085736839439175,0.35098837688565254,Transport,0.7819762468379376,1.0,0.20476613473147154,0.7630050849826767,23.69949150173233
chronos_bolt__experiment_config.instance_normalization-zscore,Finland_Traffic,15T,medium,96,0.5966518623620541,0.7630050973731285,0.3205898439331156,0.10277784803305945,0.17085736839439175,0.35698665492236614,Transport,0.7819762468379376,1.0,0.20476613473147154,0.7630050973731285,23.69949026268715
chronos_bolt__experiment_config.instance_normalization-none,Finland_Traffic,15T,short,16,0.445327653983243,0.5693521958394981,0.4072292728430738,0.16583568066029863,0.5444992622161519,0.4966258127242327,Transport,0.7821655158923493,1.0,0.952554508112371,0.5693521958394981,43.06478041605018
chronos_bolt__experiment_config.instance_normalization-zscore,Finland_Traffic,15T,short,16,0.4453276444950652,0.569352183708846,0.4072292593679781,0.16583566968539198,0.5444992622161519,0.5513544846326113,Transport,0.7821655158923493,1.0,0.952554508112371,0.569352183708846,43.0647816291154
ts_icl__experiment_config.instance_normalization-none,Finland_Traffic,15T,long,672,0.6049253900009155,0.6465491870287388,0.2520353112392925,0.06352179811148706,0.018781384922048106,0.13234722428023815,Transport,0.9356216079721509,1.0,0.06827850919216871,0.6465491870287388,35.34508129712612
ts_icl__experiment_config.instance_normalization-zscore,Finland_Traffic,15T,long,672,0.6049253804234677,0.6465491767922845,0.2520352993591373,0.06352179212304995,0.018781384922048106,0.13372636958956718,Transport,0.9356216079721509,1.0,0.06827850919216871,0.6465491767922845,35.345082320771546
ts_icl__experiment_config.instance_normalization-none,Finland_Traffic,15T,medium,96,0.5187531956915099,0.6633874082354576,0.31447244750129294,0.09889292023745344,0.17085736839439175,0.7494252398610115,Transport,0.7819762468379376,1.0,0.20476613473147154,0.6633874082354576,33.66125917645424
ts_icl__experiment_config.instance_normalization-zscore,Finland_Traffic,15T,medium,96,0.5187532107107791,0.6633874274422675,0.31447243562487326,0.09889291276784004,0.17085736839439175,0.747206274420023,Transport,0.7819762468379376,1.0,0.20476613473147154,0.6633874274422675,33.66125725577325
ts_icl__experiment_config.instance_normalization-none,Finland_Traffic,15T,short,16,0.4363837318757116,0.5579173755542706,0.40038212393055095,0.16030584516313906,0.5444992622161519,4.800061758607626,Transport,0.7821655158923493,1.0,0.952554508112371,0.5579173755542706,44.208262444572945
ts_icl__experiment_config.instance_normalization-zscore,Finland_Traffic,15T,short,16,0.4363837482163045,0.5579173964457476,0.4003821689403815,0.16030588120540418,0.5444992622161519,4.826254867017269,Transport,0.7821655158923493,1.0,0.952554508112371,0.5579173964457476,44.208260355425246
chronos2__experiment_config.instance_normalization-none,Global_Influenza,W,short,13,2.687638735307393,0.6352501786041488,3.4594214508926644,11.967596774896307,30.38882579215142,0.23787686601281166,Healthcare,4.230835072275004,1.0,0.980701144784689,0.6352501786041488,36.47498213958512
chronos2__experiment_config.instance_normalization-zscore,Global_Influenza,W,short,13,2.6876389041972,0.6352502185229365,3.4594218041664515,11.967599219142265,30.38882579215142,0.24095364473760128,Healthcare,4.230835072275004,1.0,0.980701144784689,0.6352502185229365,36.47497814770635
chronos_bolt__experiment_config.instance_normalization-none,Global_Influenza,W,short,13,2.8883879320915615,0.6826992503251653,3.7614182853939284,14.148267517695801,30.38882579215142,0.47934900410473347,Healthcare,4.230835072275004,1.0,0.980701144784689,0.6826992503251653,31.730074967483468
chronos_bolt__experiment_config.instance_normalization-zscore,Global_Influenza,W,short,13,2.8883879164930666,0.6826992466383057,3.761418214468971,14.148266984138942,30.38882579215142,0.49533955939114094,Healthcare,4.230835072275004,1.0,0.980701144784689,0.6826992466383057,31.730075336169428
ts_icl__experiment_config.instance_normalization-none,Global_Influenza,W,short,13,2.968530838215052,0.7016418242507416,3.8934898860737452,15.159263492958546,30.38882579215142,2.9173231795430183,Healthcare,4.230835072275004,1.0,0.980701144784689,0.7016418242507416,29.835817574925837
ts_icl__experiment_config.instance_normalization-zscore,Global_Influenza,W,short,13,2.9685309544319263,0.7016418517197571,3.893490115537811,15.15926527979064,30.38882579215142,2.9416758343577385,Healthcare,4.230835072275004,1.0,0.980701144784689,0.7016418517197571,29.835814828024287
chronos2__experiment_config.instance_normalization-none,Global_Price,Q,short,4,1.427177654123309,0.7670994049743153,1.5014577384862482,2.254375340460239,3.4498076767502495,0.1998362559825182,Economics,1.8604859355497676,1.0,1.0117378337308764,0.7670994049743153,23.29005950256847
chronos2__experiment_config.instance_normalization-zscore,Global_Price,Q,short,4,1.4271775948856797,0.7670993731344459,1.501457792902346,2.2543755038671844,3.4498076767502495,0.1999328713864088,Economics,1.8604859355497676,1.0,1.0117378337308764,0.7670993731344459,23.290062686555412
chronos_bolt__experiment_config.instance_normalization-none,Global_Price,Q,short,4,1.5684767906961357,0.8430468410032113,1.8965182154211866,3.596781341424362,3.4498076767502495,0.5596249662339687,Economics,1.8604859355497676,1.0,1.0117378337308764,0.8430468410032113,15.695315899678874
chronos_bolt__experiment_config.instance_normalization-zscore,Global_Price,Q,short,4,1.568476767004656,0.8430468282691834,1.8965181908588413,3.5967812482584924,3.4498076767502495,0.5709562953561544,Economics,1.8604859355497676,1.0,1.0117378337308764,0.8430468282691834,15.695317173081659
ts_icl__experiment_config.instance_normalization-none,Global_Price,Q,short,4,1.5345163921503744,0.8247933310481758,1.5491348706434118,2.3998188474433806,3.4498076767502495,3.5543451849371195,Economics,1.8604859355497676,1.0,1.0117378337308764,0.8247933310481758,17.520666895182423
ts_icl__experiment_config.instance_normalization-zscore,Global_Price,Q,short,4,1.5345163336454395,0.8247932996021251,1.5491347637261383,2.399818516184838,3.4498076767502495,3.547418912872672,Economics,1.8604859355497676,1.0,1.0117378337308764,0.8247932996021251,17.52067003978749
chronos2__experiment_config.instance_normalization-none,Housing_Inventory,M,short,12,0.5298324093950973,0.7746001702407476,0.2927894925929342,0.08572568697282786,0.15831152058175027,0.21107325702905655,Economics,0.6840076077319015,1.0,0.04277162812650204,0.7746001702407476,22.539982975925245
chronos2__experiment_config.instance_normalization-zscore,Housing_Inventory,M,short,12,0.5298322699978302,0.77459996644584,0.2927894861062921,0.08572568317438661,0.15831152058175027,0.20964658446609974,Economics,0.6840076077319015,1.0,0.04277162812650204,0.77459996644584,22.540003355416005
chronos_bolt__experiment_config.instance_normalization-none,Housing_Inventory,M,short,12,0.5280441169302251,0.7719857366516212,0.31559262893014084,0.09959870743503756,0.15831152058175027,0.23369509913027287,Economics,0.6840076077319015,1.0,0.04277162812650204,0.7719857366516212,22.80142633483788
chronos_bolt__experiment_config.instance_normalization-zscore,Housing_Inventory,M,short,12,0.5280441361809324,0.771985764795617,0.31559272860516696,0.09959877034845456,0.15831152058175027,0.2365986593067646,Economics,0.6840076077319015,1.0,0.04277162812650204,0.771985764795617,22.801423520438302
ts_icl__experiment_config.instance_normalization-none,Housing_Inventory,M,short,12,0.519415995523202,0.7593716643672015,0.19546829206475433,0.0382078532027121,0.15831152058175027,0.306493304669857,Economics,0.6840076077319015,1.0,0.04277162812650204,0.7593716643672015,24.062833563279852
ts_icl__experiment_config.instance_normalization-zscore,Housing_Inventory,M,short,12,0.519415927767595,0.7593715653103984,0.19546827746166653,0.03820784749383105,0.15831152058175027,0.30778591707348824,Economics,0.6840076077319015,1.0,0.04277162812650204,0.7593715653103984,24.06284346896016
chronos2__experiment_config.instance_normalization-none,JOLTS,M,short,12,0.9042078797292128,0.5364326507424232,0.8184561814037029,0.6698705208779311,0.8877843622848538,0.1877338718622923,Economics,1.68559441428069,1.0,0.12435972783714533,0.5364326507424232,46.35673492575768
chronos2__experiment_config.instance_normalization-zscore,JOLTS,M,short,12,0.9042079444621286,0.5364326891460364,0.8184562477018653,0.6698706294022172,0.8877843622848538,0.18675625883042812,Economics,1.68559441428069,1.0,0.12435972783714533,0.5364326891460364,46.35673108539636
chronos_bolt__experiment_config.instance_normalization-none,JOLTS,M,short,12,1.0554441681567701,0.6261554732353394,0.6334810906386756,0.401298292196766,0.8877843622848538,0.2493442203849554,Economics,1.68559441428069,1.0,0.12435972783714533,0.6261554732353394,37.38445267646606
chronos_bolt__experiment_config.instance_normalization-zscore,JOLTS,M,short,12,1.0554442283231331,0.6261555089297879,0.6334810436059327,0.4012982326080617,0.8877843622848538,0.2567199431359768,Economics,1.68559441428069,1.0,0.12435972783714533,0.6261555089297879,37.38444910702121
ts_icl__experiment_config.instance_normalization-none,JOLTS,M,short,12,1.0651837489836085,0.6319336015586908,0.618562703921515,0.3826198186826959,0.8877843622848538,0.5139637738466263,Economics,1.68559441428069,1.0,0.12435972783714533,0.6319336015586908,36.80663984413092
ts_icl__experiment_config.instance_normalization-zscore,JOLTS,M,short,12,1.065183888266753,0.631933684190161,0.6185627289282776,0.3826198496191978,0.8877843622848538,0.5134272649884224,Economics,1.68559441428069,1.0,0.12435972783714533,0.631933684190161,36.8066315809839
chronos2__experiment_config.instance_normalization-none,Job_Claims,W,short,13,3.14383480240003,1.1552232026779394,1.4576157403339423,2.1246436464692664,1.8094438105119042,0.21145673282444477,Economics,2.721408984092651,1.0,0.03477336373180151,1.1552232026779394,-15.522320267793944
chronos2__experiment_config.instance_normalization-zscore,Job_Claims,W,short,13,3.143836630722344,1.1552238745072472,1.457613788526316,2.12463795650204,1.8094438105119042,0.21047525480389595,Economics,2.721408984092651,1.0,0.03477336373180151,1.1552238745072472,-15.522387450724718
chronos_bolt__experiment_config.instance_normalization-none,Job_Claims,W,short,13,4.146792423445997,1.5237667133771828,2.345969624815185,5.5035734805555,1.8094438105119042,0.2444455288350582,Economics,2.721408984092651,1.0,0.03477336373180151,1.5237667133771828,-52.376671337718285
chronos_bolt__experiment_config.instance_normalization-zscore,Job_Claims,W,short,13,4.1467931338454544,1.5237669744182323,2.345969941870576,5.503574968160233,1.8094438105119042,0.2329488806426525,Economics,2.721408984092651,1.0,0.03477336373180151,1.5237669744182323,-52.376697441823225
ts_icl__experiment_config.instance_normalization-none,Job_Claims,W,short,13,2.8235117450947285,1.0375183449451717,1.1189269330871932,1.2519974815879118,1.8094438105119042,0.2724496740847826,Economics,2.721408984092651,1.0,0.03477336373180151,1.0375183449451717,-3.75183449451717
ts_icl__experiment_config.instance_normalization-zscore,Job_Claims,W,short,13,2.8235139232811886,1.0375191453344086,1.1189285413076295,1.2520010805528194,1.8094438105119042,0.2588525600731373,Economics,2.721408984092651,1.0,0.03477336373180151,1.0375191453344086,-3.751914533440859
chronos2__experiment_config.instance_normalization-none,MetroPT-3,5T,long,576,0.6686335696286634,0.7697031603954076,0.10726380241873122,0.011505523309324611,0.022228105801810265,0.08841684740036726,Transport,0.8686901704875118,1.0,0.25579052697867155,0.7697031603954076,23.029683960459234
chronos2__experiment_config.instance_normalization-zscore,MetroPT-3,5T,long,576,0.6686335673090456,0.7697031577251601,0.1072638009454062,0.011505522993255725,0.022228105801810265,0.08994992822408676,Transport,0.8686901704875118,1.0,0.25579052697867155,0.7697031577251601,23.029684227483994
chronos2__experiment_config.instance_normalization-none,MetroPT-3,5T,medium,288,0.6510332169597657,0.7627195008885047,0.11963009967999404,0.01431136074944531,0.019695959012921885,0.16860939003527164,Transport,0.8535683382965379,1.0,0.3266339413821697,0.7627195008885047,23.72804991114953
chronos2__experiment_config.instance_normalization-zscore,MetroPT-3,5T,medium,288,0.6510332132341381,0.7627194965237368,0.11963010230115506,0.014311361376584826,0.019695959012921885,0.17195847630500793,Transport,0.8535683382965379,1.0,0.3266339413821697,0.7627194965237368,23.72805034762632
chronos2__experiment_config.instance_normalization-none,MetroPT-3,5T,short,48,0.6120071780108346,0.7013424427645181,0.19064442473566048,0.03634529668279092,0.07601067700804957,1.3918094160035253,Transport,0.8726224746907574,1.0,1.0416007470339537,0.7013424427645181,29.865755723548194
chronos2__experiment_config.instance_normalization-zscore,MetroPT-3,5T,short,48,0.612007179731248,0.7013424447360618,0.19064441715420216,0.03634529379206545,0.07601067700804957,1.3044844437390566,Transport,0.8726224746907574,1.0,1.0416007470339537,0.7013424447360618,29.865755526393823
chronos_bolt__experiment_config.instance_normalization-none,MetroPT-3,5T,long,576,0.694838569336889,0.7998692663311054,0.11405846037937939,0.01300933238411446,0.022228105801810265,1.3902344349771738,Transport,0.8686901704875118,1.0,0.25579052697867155,0.7998692663311054,20.013073366889454
chronos_bolt__experiment_config.instance_normalization-zscore,MetroPT-3,5T,long,576,0.694838594184483,0.7998692949346223,0.11405842305186677,0.013009323869078611,0.022228105801810265,1.4595689233392477,Transport,0.8686901704875118,1.0,0.25579052697867155,0.7998692949346223,20.013070506537765
chronos_bolt__experiment_config.instance_normalization-none,MetroPT-3,5T,medium,288,0.6855807975211551,0.8031938003808404,0.11475872335331143,0.013169564585681866,0.019695959012921885,1.376041790470481,Transport,0.8535683382965379,1.0,0.3266339413821697,0.8031938003808404,19.68061996191596
chronos_bolt__experiment_config.instance_normalization-zscore,MetroPT-3,5T,medium,288,0.6855808040042297,0.8031938079761017,0.1147586891410174,0.013169556733364667,0.019695959012921885,1.450010847300291,Transport,0.8535683382965379,1.0,0.3266339413821697,0.8031938079761017,19.680619202389828
chronos_bolt__experiment_config.instance_normalization-none,MetroPT-3,5T,short,48,0.6495314561459699,0.7443441751556454,0.1993031622716708,0.03972175049148794,0.07601067700804957,0.5627939570695162,Transport,0.8726224746907574,1.0,1.0416007470339537,0.7443441751556454,25.565582484435456
chronos_bolt__experiment_config.instance_normalization-zscore,MetroPT-3,5T,short,48,0.6495314608205368,0.7443441805125633,0.19930315612767183,0.03972174804245113,0.07601067700804957,0.5829910803586245,Transport,0.8726224746907574,1.0,1.0416007470339537,0.7443441805125633,25.565581948743667
ts_icl__experiment_config.instance_normalization-none,MetroPT-3,5T,long,576,0.6979776681435321,0.803482866338668,0.11176594897748358,0.012491627350837465,0.022228105801810265,0.39819441735744476,Transport,0.8686901704875118,1.0,0.25579052697867155,0.803482866338668,19.651713366133205
ts_icl__experiment_config.instance_normalization-zscore,MetroPT-3,5T,long,576,0.6979776737494608,0.8034828727919799,0.1117659634922638,0.012491630595354042,0.022228105801810265,0.40492323599755764,Transport,0.8686901704875118,1.0,0.25579052697867155,0.8034828727919799,19.651712720802006
ts_icl__experiment_config.instance_normalization-none,MetroPT-3,5T,medium,288,0.679845185530925,0.7964742306253869,0.1130321905172604,0.012776276093130253,0.019695959012921885,0.7099000308662653,Transport,0.8535683382965379,1.0,0.3266339413821697,0.7964742306253869,20.352576937461308
ts_icl__experiment_config.instance_normalization-zscore,MetroPT-3,5T,medium,288,0.679845179638104,0.7964742237216386,0.11303219813696676,0.012776277815674511,0.019695959012921885,0.7099018022418022,Transport,0.8535683382965379,1.0,0.3266339413821697,0.7964742237216386,20.352577627836144
ts_icl__experiment_config.instance_normalization-none,MetroPT-3,5T,short,48,0.6435365645174245,0.7374742035443024,0.19052131004758435,0.03629836958224777,0.07601067700804957,4.032386006787419,Transport,0.8726224746907574,1.0,1.0416007470339537,0.7374742035443024,26.252579645569764
ts_icl__experiment_config.instance_normalization-zscore,MetroPT-3,5T,short,48,0.6435365656141897,0.7374742048011634,0.19052130697522848,0.036298368411549244,0.07601067700804957,4.027565591037273,Transport,0.8726224746907574,1.0,1.0416007470339537,0.7374742048011634,26.252579519883657
chronos2__experiment_config.instance_normalization-none,NE_China_Wind,H,long,168,1.203564641776657,0.9042069727404326,0.7800305769335097,0.6084477009512241,0.6787319478156216,0.09554894454777241,Climate,1.3310720643183538,1.0,0.10292179975658655,0.9042069727404326,9.57930272595674
chronos2__experiment_config.instance_normalization-zscore,NE_China_Wind,H,long,168,1.2035646425515467,0.9042069733225871,0.7800306495022035,0.6084478141628294,0.6787319478156216,0.10537894070148468,Climate,1.3310720643183538,1.0,0.10292179975658655,0.9042069733225871,9.579302667741285
chronos2__experiment_config.instance_normalization-none,NE_China_Wind,H,medium,72,0.8915087697288963,0.8160283807582627,0.5893853384860852,0.3473750772223573,0.5857512612541707,0.1755607146769762,Climate,1.092497259593467,1.0,0.18750894628465176,0.8160283807582627,18.397161924173734
chronos2__experiment_config.instance_normalization-zscore,NE_China_Wind,H,medium,72,0.8915088549627072,0.8160284587756766,0.5893854404613256,0.3473751974277907,0.5857512612541707,0.1741956677287817,Climate,1.092497259593467,1.0,0.18750894628465176,0.8160284587756766,18.397154122432337
chronos2__experiment_config.instance_normalization-none,NE_China_Wind,H,short,24,0.49645280308376133,0.5965490516104354,0.35813801515039784,0.1282628378958666,0.39953287968674783,0.6860145106911659,Climate,0.8322078490336116,1.0,0.45941207837313414,0.5965490516104354,40.34509483895646
chronos2__experiment_config.instance_normalization-zscore,NE_China_Wind,H,short,24,0.49645288742882665,0.5965491529613964,0.3581380964936987,0.12826289616012984,0.39953287968674783,0.7336231265217066,Climate,0.8322078490336116,1.0,0.45941207837313414,0.5965491529613964,40.34508470386036
chronos_bolt__experiment_config.instance_normalization-none,NE_China_Wind,H,long,168,1.2605794159420194,0.947040697295053,0.8161876447941399,0.666162271514605,0.6787319478156216,0.3016734551638365,Climate,1.3310720643183538,1.0,0.10292179975658655,0.947040697295053,5.295930270494697
chronos_bolt__experiment_config.instance_normalization-zscore,NE_China_Wind,H,long,168,1.2605793369120337,0.9470406379218697,0.8161875377541682,0.6661620967852118,0.6787319478156216,0.30326456762850285,Climate,1.3310720643183538,1.0,0.10292179975658655,0.9470406379218697,5.2959362078130345
chronos_bolt__experiment_config.instance_normalization-none,NE_China_Wind,H,medium,72,0.9416772869144727,0.861949335474657,0.6704649418343095,0.44952323822888396,0.5857512612541707,0.5326475854963064,Climate,1.092497259593467,1.0,0.18750894628465176,0.861949335474657,13.805066452534298
chronos_bolt__experiment_config.instance_normalization-zscore,NE_China_Wind,H,medium,72,0.941677274249838,0.861949323882285,0.6704649440274358,0.44952324116971265,0.5857512612541707,0.4432621616870165,Climate,1.092497259593467,1.0,0.18750894628465176,0.861949323882285,13.805067611771504
chronos_bolt__experiment_config.instance_normalization-none,NE_China_Wind,H,short,24,0.5332655848362043,0.6407841327805917,0.40494142443183145,0.16397755722088067,0.39953287968674783,0.419863099232316,Climate,0.8322078490336116,1.0,0.45941207837313414,0.6407841327805917,35.921586721940834
chronos_bolt__experiment_config.instance_normalization-zscore,NE_China_Wind,H,short,24,0.5332655923766986,0.6407841418414222,0.4049414063397313,0.1639775425683994,0.39953287968674783,0.4024114701896906,Climate,0.8322078490336116,1.0,0.45941207837313414,0.6407841418414222,35.92158581585778
ts_icl__experiment_config.instance_normalization-none,NE_China_Wind,H,long,168,1.184444580234607,0.8898425652416986,0.5939409804717056,0.352765888283691,0.6787319478156216,0.40618436224758625,Climate,1.3310720643183538,1.0,0.10292179975658655,0.8898425652416986,11.015743475830142
ts_icl__experiment_config.instance_normalization-zscore,NE_China_Wind,H,long,168,1.184444760298078,0.8898427005187252,0.593940878051202,0.35276576662023285,0.6787319478156216,0.4022247865796089,Climate,1.3310720643183538,1.0,0.10292179975658655,0.8898427005187252,11.015729948127484
ts_icl__experiment_config.instance_normalization-none,NE_China_Wind,H,medium,72,0.889811358229547,0.8144746821247477,0.6279708242360341,0.39434735609168403,0.5857512612541707,0.9722194354981184,Climate,1.092497259593467,1.0,0.18750894628465176,0.8144746821247477,18.55253178752523
ts_icl__experiment_config.instance_normalization-zscore,NE_China_Wind,H,medium,72,0.8898112985151242,0.8144746274661,0.6279707650857401,0.39434728180236983,0.5857512612541707,0.969893267378211,Climate,1.092497259593467,1.0,0.18750894628465176,0.8144746274661,18.55253725339
ts_icl__experiment_config.instance_normalization-none,NE_China_Wind,H,short,24,0.510068111026166,0.6129095172780149,0.3842149979946972,0.14762116468406516,0.39953287968674783,2.9991722386330366,Climate,0.8322078490336116,1.0,0.45941207837313414,0.6129095172780149,38.70904827219851
ts_icl__experiment_config.instance_normalization-zscore,NE_China_Wind,H,short,24,0.5100680529991034,0.6129094475513683,0.38421492939787205,0.1476211119722118,0.39953287968674783,3.0049804262816906,Climate,0.8322078490336116,1.0,0.45941207837313414,0.6129094475513683,38.709055244863166
chronos2__experiment_config.instance_normalization-none,Oil_Price,B,short,20,1.3434109152905664,0.866901838908831,0.96605146144525,0.9332554261605034,1.308977194348269,1.2792961858212948,Finance,1.5496690109476723,1.0,12.918505388312042,0.866901838908831,13.309816109116902
chronos2__experiment_config.instance_normalization-zscore,Oil_Price,B,short,20,1.343410864922128,0.8669018064061235,0.9660514378922797,0.933255380653741,1.308977194348269,1.273494290187955,Finance,1.5496690109476723,1.0,12.918505388312042,0.8669018064061235,13.309819359387653
chronos_bolt__experiment_config.instance_normalization-none,Oil_Price,B,short,20,1.4220399114774767,0.9176410584656743,0.9826661196167252,0.9656327026425922,1.308977194348269,0.8512936551123857,Finance,1.5496690109476723,1.0,12.918505388312042,0.9176410584656743,8.235894153432566
chronos_bolt__experiment_config.instance_normalization-zscore,Oil_Price,B,short,20,1.4220399138175597,0.9176410599757278,0.9826661592267094,0.9656327804893725,1.308977194348269,0.8817434795200825,Finance,1.5496690109476723,1.0,12.918505388312042,0.9176410599757278,8.235894002427225
ts_icl__experiment_config.instance_normalization-none,Oil_Price,B,short,20,1.343467022681446,0.866938044957015,1.0052451019175774,1.0105177149292806,1.308977194348269,9.600897895172238,Finance,1.5496690109476723,1.0,12.918505388312042,0.866938044957015,13.3061955042985
ts_icl__experiment_config.instance_normalization-zscore,Oil_Price,B,short,20,1.3434670379093367,0.866938054783559,1.0052450177012329,1.0105175456131519,1.308977194348269,9.64954255335033,Finance,1.5496690109476723,1.0,12.918505388312042,0.866938054783559,13.306194521644098
chronos2__experiment_config.instance_normalization-none,Online_Retail_2_UCI,D,short,30,0.6092702040045644,0.3753379415224901,0.17989870353493534,0.03236354353355056,0.7074258093720319,0.20978226140141487,Sales,1.6232577008686375,1.0,0.02367151528596878,0.3753379415224901,62.46620584775099
chronos2__experiment_config.instance_normalization-zscore,Online_Retail_2_UCI,D,short,30,0.6092701998543976,0.37533793896580003,0.17989869117879556,0.03236353908784366,0.7074258093720319,0.20760849863290787,Sales,1.6232577008686375,1.0,0.02367151528596878,0.37533793896580003,62.46620610342
chronos_bolt__experiment_config.instance_normalization-none,Online_Retail_2_UCI,D,short,30,0.6195295273705109,0.381658147710612,0.19487140080464294,0.0379748628515638,0.7074258093720319,0.22341580502688885,Sales,1.6232577008686375,1.0,0.02367151528596878,0.381658147710612,61.8341852289388
chronos_bolt__experiment_config.instance_normalization-zscore,Online_Retail_2_UCI,D,short,30,0.6195295195084619,0.38165814286723504,0.1948714122018582,0.03797486729354652,0.7074258093720319,0.22832232527434826,Sales,1.6232577008686375,1.0,0.02367151528596878,0.38165814286723504,61.834185713276504
ts_icl__experiment_config.instance_normalization-none,Online_Retail_2_UCI,D,short,30,0.644110333658554,0.3968010336953139,0.23493879488709848,0.05519623734300213,0.7074258093720319,0.23373020067811012,Sales,1.6232577008686375,1.0,0.02367151528596878,0.3968010336953139,60.31989663046862
ts_icl__experiment_config.instance_normalization-zscore,Online_Retail_2_UCI,D,short,30,0.644110230918008,0.39680097040250095,0.2349388336434498,0.05519625555374458,0.7074258093720319,0.23289961740374565,Sales,1.6232577008686375,1.0,0.02367151528596878,0.39680097040250095,60.3199029597499
chronos2__experiment_config.instance_normalization-none,OpenElectricity_NEM,5T,long,288,0.7277800559655977,0.7117830610199366,0.3874881954089126,0.15014710158125563,0.21617743752963614,0.6784628536552191,Energy,1.0224745372877215,1.0,1.473781293258071,0.7117830610199366,28.82169389800634
chronos2__experiment_config.instance_normalization-zscore,OpenElectricity_NEM,5T,long,288,0.7277800687560657,0.7117830735292633,0.38748820482518437,0.15014710887864402,0.21617743752963614,0.6747782826423645,Energy,1.0224745372877215,1.0,1.473781293258071,0.7117830735292633,28.82169264707367
chronos2__experiment_config.instance_normalization-none,OpenElectricity_NEM,5T,medium,96,0.5801664817821864,0.5676356985687455,0.3953468037691756,0.15629909525050303,0.5621339027558641,2.0410958137363195,Energy,1.0220753966761364,1.0,2.961383949033916,0.5676356985687455,43.236430143125446
chronos2__experiment_config.instance_normalization-zscore,OpenElectricity_NEM,5T,medium,96,0.5801664805983303,0.567635697410459,0.3953468078896459,0.15629909850853257,0.5621339027558641,2.013385755941272,Energy,1.0220753966761364,1.0,2.961383949033916,0.567635697410459,43.236430258954094
chronos2__experiment_config.instance_normalization-none,OpenElectricity_NEM,5T,short,24,0.38256966810718757,0.3744558321278641,0.3970587506548639,0.1576556514716014,0.8538266760641295,8.416386919096112,Energy,1.021668339182264,1.0,9.567372966557741,0.3744558321278641,62.55441678721358
chronos2__experiment_config.instance_normalization-zscore,OpenElectricity_NEM,5T,short,24,0.38256966122656544,0.37445582539317157,0.39705874314787937,0.15765564551017364,0.8538266760641295,8.195153562352061,Energy,1.021668339182264,1.0,9.567372966557741,0.37445582539317157,62.55441746068284
chronos_bolt__experiment_config.instance_normalization-none,OpenElectricity_NEM,5T,long,288,0.8973124209379337,0.8775890139212654,0.42232540236504357,0.17835874548279596,0.21617743752963614,5.283336440101266,Energy,1.0224745372877215,1.0,1.473781293258071,0.8775890139212654,12.241098607873457
chronos_bolt__experiment_config.instance_normalization-zscore,OpenElectricity_NEM,5T,long,288,0.8973123747375235,0.8775889687363649,0.4223254699513291,0.17835880256961098,0.21617743752963614,5.305199891328812,Energy,1.0224745372877215,1.0,1.473781293258071,0.8775889687363649,12.241103126363505
chronos_bolt__experiment_config.instance_normalization-none,OpenElectricity_NEM,5T,medium,96,0.7173457233720583,0.7018520607236205,0.45819108216279253,0.2099390677735109,0.5621339027558641,4.423981098458171,Energy,1.0220753966761364,1.0,2.961383949033916,0.7018520607236205,29.81479392763795
chronos_bolt__experiment_config.instance_normalization-zscore,OpenElectricity_NEM,5T,medium,96,0.7173457135977502,0.7018520511604238,0.45819106113890096,0.2099390485075921,0.5621339027558641,4.4452407490462065,Energy,1.0220753966761364,1.0,2.961383949033916,0.7018520511604238,29.814794883957617
chronos_bolt__experiment_config.instance_normalization-none,OpenElectricity_NEM,5T,short,24,0.4592765393518389,0.4495358442050191,0.4873320855502841,0.23749256160678944,0.8538266760641295,2.7699806727468967,Energy,1.021668339182264,1.0,9.567372966557741,0.4495358442050191,55.046415579498095
chronos_bolt__experiment_config.instance_normalization-zscore,OpenElectricity_NEM,5T,short,24,0.4592765287562789,0.449535833834178,0.48733209567078795,0.237492571470882,0.8538266760641295,2.8762597739696503,Energy,1.021668339182264,1.0,9.567372966557741,0.449535833834178,55.046416616582206
ts_icl__experiment_config.instance_normalization-none,OpenElectricity_NEM,5T,long,288,0.7907008535945231,0.773320825858397,0.4049384846169692,0.1639751763238874,0.21617743752963614,3.583269467577338,Energy,1.0224745372877215,1.0,1.473781293258071,0.773320825858397,22.6679174141603
ts_icl__experiment_config.instance_normalization-zscore,OpenElectricity_NEM,5T,long,288,0.7907008687761191,0.7733208407062934,0.40493848919712927,0.16397518003325356,0.21617743752963614,3.597798263654113,Energy,1.0224745372877215,1.0,1.473781293258071,0.7733208407062934,22.667915929370665
ts_icl__experiment_config.instance_normalization-none,OpenElectricity_NEM,5T,medium,96,0.6449028965535343,0.630973897474497,0.428831663374471,0.18389659551251558,0.5621339027558641,10.156885143369436,Energy,1.0220753966761364,1.0,2.961383949033916,0.630973897474497,36.9026102525503
ts_icl__experiment_config.instance_normalization-zscore,OpenElectricity_NEM,5T,medium,96,0.6449028933921254,0.63097389438137,0.42883167726617255,0.18389660742691877,0.5621339027558641,10.185629727318883,Energy,1.0220753966761364,1.0,2.961383949033916,0.63097389438137,36.902610561863
ts_icl__experiment_config.instance_normalization-none,OpenElectricity_NEM,5T,short,24,0.4241598137214453,0.4151639014877761,0.42680526203633284,0.18216273170190275,0.8538266760641295,40.245431415736675,Energy,1.021668339182264,1.0,9.567372966557741,0.4151639014877761,58.48360985122238
ts_icl__experiment_config.instance_normalization-zscore,OpenElectricity_NEM,5T,short,24,0.42415981172852796,0.4151638995371261,0.42680526033431,0.18216273024903815,0.8538266760641295,40.1904084533453,Energy,1.021668339182264,1.0,9.567372966557741,0.4151638995371261,58.483610046287396
chronos2__experiment_config.instance_normalization-none,Port_Activity,D,short,30,0.6587580455178945,0.6907909446775197,0.23055050255831952,0.0531535342298937,0.36546784286960077,3.2284260895103216,Transport,0.9536286637709488,1.0,8.336052159778774,0.6907909446775197,30.92090553224803
chronos2__experiment_config.instance_normalization-zscore,Port_Activity,D,short,30,0.6587580453297049,0.6907909444801792,0.2305505024240366,0.05315353416797571,0.36546784286960077,3.2611621636897326,Transport,0.9536286637709488,1.0,8.336052159778774,0.6907909444801792,30.92090555198208
chronos_bolt__experiment_config.instance_normalization-none,Port_Activity,D,short,30,0.662000459082709,0.6941910244863553,0.2355561369237364,0.05548669364243405,0.36546784286960077,3.949440086260438,Transport,0.9536286637709488,1.0,8.336052159778774,0.6941910244863553,30.580897551364473
chronos_bolt__experiment_config.instance_normalization-zscore,Port_Activity,D,short,30,0.6620004593780406,0.6941910247960478,0.23555613723605273,0.055486693789570114,0.36546784286960077,4.084533920511603,Transport,0.9536286637709488,1.0,8.336052159778774,0.6941910247960478,30.580897520395222
ts_icl__experiment_config.instance_normalization-none,Port_Activity,D,short,30,0.6636159462695193,0.6958850666729881,0.22852152281296448,0.05222208638875625,0.36546784286960077,41.75900338962674,Transport,0.9536286637709488,1.0,8.336052159778774,0.6958850666729881,30.41149333270119
ts_icl__experiment_config.instance_normalization-zscore,Port_Activity,D,short,30,0.6636159445820514,0.6958850649034651,0.22852152125173036,0.052222085675205046,0.36546784286960077,41.494866486638784,Transport,0.9536286637709488,1.0,8.336052159778774,0.6958850649034651,30.411493509653486
chronos2__experiment_config.instance_normalization-none,Port_Activity,W,short,13,0.7793327862026835,0.7988733113320162,0.3147555246209859,0.09907104027943206,0.21474218187417846,0.5618080906569958,Transport,0.9755398949343401,1.0,3.622349251061678,0.7988733113320162,20.112668866798376
chronos2__experiment_config.instance_normalization-zscore,Port_Activity,W,short,13,0.77933278420036,0.7988733092794876,0.3147555213844207,0.09907103824197852,0.21474218187417846,0.5952233579009771,Transport,0.9755398949343401,1.0,3.622349251061678,0.7988733092794876,20.112669072051236
chronos_bolt__experiment_config.instance_normalization-none,Port_Activity,W,short,13,0.7834238251459267,0.8030669265439482,0.30709717554035704,0.09430867522486486,0.21474218187417846,1.1033330727368593,Transport,0.9755398949343401,1.0,3.622349251061678,0.8030669265439482,19.69330734560518
chronos_bolt__experiment_config.instance_normalization-zscore,Port_Activity,W,short,13,0.7834238248254553,0.8030669262154415,0.30709717395212505,0.09430867424938175,0.21474218187417846,1.148323655128479,Transport,0.9755398949343401,1.0,3.622349251061678,0.8030669262154415,19.69330737845585
ts_icl__experiment_config.instance_normalization-none,Port_Activity,W,short,13,0.7878643592183598,0.8076187999173401,0.3125384682935249,0.09768029416326265,0.21474218187417846,9.326696237549186,Transport,0.9755398949343401,1.0,3.622349251061678,0.8076187999173401,19.23812000826599
ts_icl__experiment_config.instance_normalization-zscore,Port_Activity,W,short,13,0.787864356527081,0.8076187971585818,0.31253846710958577,0.09768029342320964,0.21474218187417846,9.338925529271364,Transport,0.9755398949343401,1.0,3.622349251061678,0.8076187971585818,19.238120284141825
chronos2__experiment_config.instance_normalization-none,SG_Carpark,15T,long,672,0.7260138576806109,0.5551023033224332,0.8167279252106057,0.6670445038188207,0.6407367954972765,2.0832717679440975,Transport,1.307891992764626,1.0,6.359087245538831,0.5551023033224332,44.48976966775668
chronos2__experiment_config.instance_normalization-zscore,SG_Carpark,15T,long,672,0.7260138591778799,0.5551023044672286,0.8167279433567732,0.6670445334597845,0.6407367954972765,2.09243749640882,Transport,1.307891992764626,1.0,6.359087245538831,0.5551023044672286,44.489769553277135
chronos2__experiment_config.instance_normalization-none,SG_Carpark,15T,medium,96,0.5286342047799814,0.558075969445258,0.5457085903482337,0.2977978655798563,0.6915537435383057,12.472904123365879,Transport,0.9472441633805834,1.0,14.793124185875058,0.558075969445258,44.1924030554742
chronos2__experiment_config.instance_normalization-zscore,SG_Carpark,15T,medium,96,0.528634202932731,0.5580759674951268,0.5457085926351808,0.29779786807586967,0.6915537435383057,12.410228421911597,Transport,0.9472441633805834,1.0,14.793124185875058,0.5580759674951268,44.192403250487324
chronos2__experiment_config.instance_normalization-none,SG_Carpark,15T,short,16,0.3700561151945231,0.3928127857824786,0.4441244159876106,0.19724649687633616,1.3572945477146132,73.89258954487741,Transport,0.9420673883040124,1.0,64.31157630681992,0.3928127857824786,60.71872142175214
chronos2__experiment_config.instance_normalization-zscore,SG_Carpark,15T,short,16,0.37005611232383323,0.3928127827352551,0.44412440396041797,0.19724648619319654,1.3572945477146132,73.03995652683079,Transport,0.9420673883040124,1.0,64.31157630681992,0.3928127827352551,60.71872172647449
chronos_bolt__experiment_config.instance_normalization-none,SG_Carpark,15T,long,672,0.9706223534883668,0.7421273001577617,0.9013709600699411,0.8124696076574074,0.6407367954972765,32.9647605381906,Transport,1.307891992764626,1.0,6.359087245538831,0.7421273001577617,25.787269984223826
chronos_bolt__experiment_config.instance_normalization-zscore,SG_Carpark,15T,long,672,0.9706222299347952,0.7421272056900441,0.901370968949947,0.8124696236657661,0.6407367954972765,34.14456353150308,Transport,1.307891992764626,1.0,6.359087245538831,0.7421272056900441,25.78727943099559
chronos_bolt__experiment_config.instance_normalization-none,SG_Carpark,15T,medium,96,0.6110573661681822,0.6450896081401051,0.586846019308562,0.3443882503783051,0.6915537435383057,26.18824034743011,Transport,0.9472441633805834,1.0,14.793124185875058,0.6450896081401051,35.49103918598949
chronos_bolt__experiment_config.instance_normalization-zscore,SG_Carpark,15T,medium,96,0.6110573663253239,0.6450896083059987,0.586846022746944,0.34438825441390664,0.6915537435383057,26.63917015865445,Transport,0.9472441633805834,1.0,14.793124185875058,0.6450896083059987,35.49103916940013
chronos_bolt__experiment_config.instance_normalization-none,SG_Carpark,15T,short,16,0.40722017076287736,0.43226225195629453,0.480367022877228,0.23075247666793128,1.3572945477146132,22.966596806421876,Transport,0.9420673883040124,1.0,64.31157630681992,0.43226225195629453,56.77377480437055
chronos_bolt__experiment_config.instance_normalization-zscore,SG_Carpark,15T,short,16,0.4072201688519189,0.43226224992782136,0.4803670222791809,0.23075247609336708,1.3572945477146132,23.890349401161075,Transport,0.9420673883040124,1.0,64.31157630681992,0.43226224992782136,56.773775007217864
ts_icl__experiment_config.instance_normalization-none,SG_Carpark,15T,long,672,0.8407709166409469,0.642844303116898,0.8385551376165519,0.7031747188231142,0.6407367954972765,9.888214100152254,Transport,1.307891992764626,1.0,6.359087245538831,0.642844303116898,35.7155696883102
ts_icl__experiment_config.instance_normalization-zscore,SG_Carpark,15T,long,672,0.8407709278077415,0.6428443116549077,0.8385551896124146,0.7031748060259126,0.6407367954972765,9.919694785028696,Transport,1.307891992764626,1.0,6.359087245538831,0.6428443116549077,35.71556883450923
ts_icl__experiment_config.instance_normalization-none,SG_Carpark,15T,medium,96,0.6267502229170061,0.661656463187085,0.5924049275067159,0.35094359813423737,0.6915537435383057,60.70587822049856,Transport,0.9472441633805834,1.0,14.793124185875058,0.661656463187085,33.834353681291496
ts_icl__experiment_config.instance_normalization-zscore,SG_Carpark,15T,medium,96,0.6267502191255863,0.6616564591845058,0.592404913263411,0.3509435812586295,0.6915537435383057,60.85711002908647,Transport,0.9472441633805834,1.0,14.793124185875058,0.6616564591845058,33.83435408154942
ts_icl__experiment_config.instance_normalization-none,SG_Carpark,15T,short,16,0.40559594179022385,0.4305381407166755,0.4789251489973232,0.22936929834210823,1.3572945477146132,357.3000048864633,Transport,0.9420673883040124,1.0,64.31157630681992,0.4305381407166755,56.94618592833245
ts_icl__experiment_config.instance_normalization-zscore,SG_Carpark,15T,short,16,0.40559594268265325,0.430538141663985,0.4789251666405036,0.22936931524163415,1.3572945477146132,358.59314460866153,Transport,0.9420673883040124,1.0,64.31157630681992,0.430538141663985,56.94618583360149
chronos2__experiment_config.instance_normalization-none,SG_PM25,H,long,168,0.9613872795889807,0.7446972215904354,0.325448097685637,0.10591646428719992,0.12490674689861864,0.30981582403182983,Climate,1.2909773955323274,1.0,0.5450284564867616,0.7446972215904354,25.53027784095646
chronos2__experiment_config.instance_normalization-zscore,SG_PM25,H,long,168,0.9613872798401589,0.7446972217849998,0.3254480978795123,0.10591646441339261,0.12490674689861864,0.3069488052278757,Climate,1.2909773955323274,1.0,0.5450284564867616,0.7446972217849998,25.530277821500025
chronos2__experiment_config.instance_normalization-none,SG_PM25,H,medium,72,0.9262713766391221,0.7815046969507259,0.4310729199793134,0.18582386233949155,0.20283745879242823,0.6836307551711798,Climate,1.1852409592075988,1.0,0.9929322004318237,0.7815046969507259,21.849530304927413
chronos2__experiment_config.instance_normalization-zscore,SG_PM25,H,medium,72,0.9262713759627763,0.7815046963800859,0.43107293374768674,0.1858238742098375,0.20283745879242823,0.6782475747168064,Climate,1.1852409592075988,1.0,0.9929322004318237,0.7815046963800859,21.84953036199141
chronos2__experiment_config.instance_normalization-none,SG_PM25,H,short,24,0.8697938508370043,0.7421402495275882,0.4242571695312254,0.17999414589864693,0.2568254349370439,2.3364775236696005,Climate,1.1720073818805468,1.0,2.6252891682088375,0.7421402495275882,25.785975047241184
chronos2__experiment_config.instance_normalization-zscore,SG_PM25,H,short,24,0.8697938488167253,0.7421402478038115,0.42425717426368476,0.1799941499142066,0.2568254349370439,2.348799306899309,Climate,1.1720073818805468,1.0,2.6252891682088375,0.7421402478038115,25.78597521961885
chronos_bolt__experiment_config.instance_normalization-none,SG_PM25,H,long,168,0.9862905912465224,0.7639874986655603,0.3027029620866387,0.09162908325602502,0.12490674689861864,1.2998870816081762,Climate,1.2909773955323274,1.0,0.5450284564867616,0.7639874986655603,23.601250133443973
chronos_bolt__experiment_config.instance_normalization-zscore,SG_PM25,H,long,168,0.9862905901510536,0.7639874978170025,0.3027029594052086,0.09162908163267135,0.12490674689861864,1.3165535181760788,Climate,1.2909773955323274,1.0,0.5450284564867616,0.7639874978170025,23.601250218299754
chronos_bolt__experiment_config.instance_normalization-none,SG_PM25,H,medium,72,0.9729665091471766,0.8209018610001972,0.46533561142663354,0.21653723126179888,0.20283745879242823,1.5949251614511013,Climate,1.1852409592075988,1.0,0.9929322004318237,0.8209018610001972,17.909813899980275
chronos_bolt__experiment_config.instance_normalization-zscore,SG_PM25,H,medium,72,0.9729665077216267,0.8209018597974461,0.46533560652610195,0.21653722670101516,0.20283745879242823,1.6425397247076035,Climate,1.1852409592075988,1.0,0.9929322004318237,0.8209018597974461,17.90981402025539
chronos_bolt__experiment_config.instance_normalization-none,SG_PM25,H,short,24,0.9000802175033318,0.76798169654794,0.48510197291938995,0.23532392413028452,0.2568254349370439,0.9116211086511612,Climate,1.1720073818805468,1.0,2.6252891682088375,0.76798169654794,23.201830345205998
chronos_bolt__experiment_config.instance_normalization-zscore,SG_PM25,H,short,24,0.9000802200088764,0.7679816986857634,0.4851019794204507,0.23532393043763936,0.2568254349370439,1.0307193845510483,Climate,1.1720073818805468,1.0,2.6252891682088375,0.7679816986857634,23.201830131423662
ts_icl__experiment_config.instance_normalization-none,SG_PM25,H,long,168,0.9583690716461833,0.7423592968883899,0.3088221541804876,0.09537112291267684,0.12490674689861864,1.6581529080867767,Climate,1.2909773955323274,1.0,0.5450284564867616,0.7423592968883899,25.764070311161014
ts_icl__experiment_config.instance_normalization-zscore,SG_PM25,H,long,168,0.958369070730638,0.7423592961792022,0.3088221514152794,0.09537112120476177,0.12490674689861864,1.6674880050122738,Climate,1.2909773955323274,1.0,0.5450284564867616,0.7423592961792022,25.764070382079783
ts_icl__experiment_config.instance_normalization-none,SG_PM25,H,medium,72,0.9303932258723374,0.7849823435855258,0.4265067685624113,0.1819080236295503,0.20283745879242823,3.654555620625615,Climate,1.1852409592075988,1.0,0.9929322004318237,0.7849823435855258,21.501765641447424
ts_icl__experiment_config.instance_normalization-zscore,SG_PM25,H,medium,72,0.9303932299866138,0.784982347056783,0.4265067711308869,0.18190802582049476,0.20283745879242823,3.6622754856944084,Climate,1.1852409592075988,1.0,0.9929322004318237,0.784982347056783,21.501765294321697
ts_icl__experiment_config.instance_normalization-none,SG_PM25,H,short,24,0.8773276053246772,0.748568327203673,0.4317145147421827,0.1863774222390783,0.2568254349370439,11.121446063742042,Climate,1.1720073818805468,1.0,2.6252891682088375,0.748568327203673,25.143167279632706
ts_icl__experiment_config.instance_normalization-zscore,SG_PM25,H,short,24,0.8773276051651707,0.7485683270675761,0.43171451693942997,0.1863774241362454,0.2568254349370439,11.1768086142838,Climate,1.1720073818805468,1.0,2.6252891682088375,0.7485683270675761,25.143167293242385
chronos2__experiment_config.instance_normalization-none,SG_Weather,D,long,14,0.8996563650699254,0.757408476991288,0.40568437996138856,0.16457981614465628,0.5518559441190071,1.0762068443000317,Climate,1.1878086823687262,1.0,2.067176808603108,0.757408476991288,24.2591523008712
chronos2__experiment_config.instance_normalization-zscore,SG_Weather,D,long,14,0.8996563763648089,0.757408486500297,0.4056843848085408,0.16457982007748423,0.5518559441190071,1.07293969579041,Climate,1.1878086823687262,1.0,2.067176808603108,0.757408486500297,24.2591513499703
chronos2__experiment_config.instance_normalization-none,SG_Weather,D,medium,7,0.8880768388465542,0.7524136034517775,0.48357800795848366,0.2338476897810953,0.6201815357152103,2.0418411660939455,Climate,1.180304070490495,1.0,3.9589907936751842,0.7524136034517775,24.758639654822247
chronos2__experiment_config.instance_normalization-zscore,SG_Weather,D,medium,7,0.8880768539824089,0.7524136162754685,0.4835780010575289,0.2338476831067954,0.6201815357152103,2.03629001788795,Climate,1.180304070490495,1.0,3.9589907936751842,0.7524136162754685,24.758638372453145
chronos2__experiment_config.instance_normalization-none,SG_Weather,D,short,3,0.8518474893871785,0.7968924694631168,0.5783635060442408,0.3345043451237866,0.6515856757834457,4.828420761972666,Climate,1.0689616504483799,1.0,9.068410464562476,0.7968924694631168,20.310753053688323
chronos2__experiment_config.instance_normalization-zscore,SG_Weather,D,short,3,0.8518474883449698,0.7968924684881439,0.5783635038140564,0.33450434254407213,0.6515856757834457,4.949545593932271,Climate,1.0689616504483799,1.0,9.068410464562476,0.7968924684881439,20.31075315118561
chronos_bolt__experiment_config.instance_normalization-none,SG_Weather,D,long,14,0.9297402102509469,0.7827356577297115,0.40902170023827783,0.1672987512658116,0.5518559441190071,0.9672224149107933,Climate,1.1878086823687262,1.0,2.067176808603108,0.7827356577297115,21.726434227028847
chronos_bolt__experiment_config.instance_normalization-zscore,SG_Weather,D,long,14,0.9297402027884455,0.782735651447133,0.4090216903807944,0.16729874320196245,0.5518559441190071,0.9985714387148619,Climate,1.1878086823687262,1.0,2.067176808603108,0.782735651447133,21.7264348552867
chronos_bolt__experiment_config.instance_normalization-none,SG_Weather,D,medium,7,0.9119706600002427,0.7726573878723118,0.4785226952275493,0.22898396984783803,0.6201815357152103,1.9264111053198576,Climate,1.180304070490495,1.0,3.9589907936751842,0.7726573878723118,22.734261212768825
chronos_bolt__experiment_config.instance_normalization-zscore,SG_Weather,D,medium,7,0.9119706616241023,0.7726573892481093,0.4785226814393331,0.22898395665188945,0.6201815357152103,1.98993019759655,Climate,1.180304070490495,1.0,3.9589907936751842,0.7726573892481093,22.734261075189067
chronos_bolt__experiment_config.instance_normalization-none,SG_Weather,D,short,3,0.8705035534727462,0.8143449796422634,0.5605906107329273,0.31426183284191633,0.6515856757834457,4.726004678755999,Climate,1.0689616504483799,1.0,9.068410464562476,0.8143449796422634,18.56550203577366
chronos_bolt__experiment_config.instance_normalization-zscore,SG_Weather,D,short,3,0.870503549931053,0.8143449763290546,0.5605906231509462,0.3142618467647662,0.6515856757834457,4.919122872874141,Climate,1.0689616504483799,1.0,9.068410464562476,0.8143449763290546,18.565502367094545
ts_icl__experiment_config.instance_normalization-none,SG_Weather,D,long,14,0.9064737909955272,0.7631479753017452,0.4047141312484307,0.16379352803217198,0.5518559441190071,14.305076332762837,Climate,1.1878086823687262,1.0,2.067176808603108,0.7631479753017452,23.685202469825484
ts_icl__experiment_config.instance_normalization-zscore,SG_Weather,D,long,14,0.9064737805282199,0.7631479664894614,0.4047141336392814,0.16379352996739413,0.5518559441190071,14.362254766747355,Climate,1.1878086823687262,1.0,2.067176808603108,0.7631479664894614,23.685203351053865
ts_icl__experiment_config.instance_normalization-none,SG_Weather,D,medium,7,0.8958595179797237,0.7590073951091556,0.48298316041851735,0.23327273324785927,0.6201815357152103,28.690509144216776,Climate,1.180304070490495,1.0,3.9589907936751842,0.7590073951091556,24.09926048908444
ts_icl__experiment_config.instance_normalization-zscore,SG_Weather,D,medium,7,0.8958595133232519,0.7590073911640096,0.48298317128247503,0.23327274374207663,0.6201815357152103,28.78627499192953,Climate,1.180304070490495,1.0,3.9589907936751842,0.7590073911640096,24.099260883599037
ts_icl__experiment_config.instance_normalization-none,SG_Weather,D,short,3,0.8538191570818253,0.7987369394624099,0.5720213828226673,0.3272084624063566,0.6515856757834457,67.43115456774831,Climate,1.0689616504483799,1.0,9.068410464562476,0.7987369394624099,20.126306053759013
ts_icl__experiment_config.instance_normalization-zscore,SG_Weather,D,short,3,0.8538191495214833,0.7987369323898063,0.5720213866476447,0.3272084667822942,0.6515856757834457,67.7009904384613,Climate,1.0689616504483799,1.0,9.068410464562476,0.7987369323898063,20.126306761019375
chronos2__experiment_config.instance_normalization-none,Smart_Manufacturing,H,long,336,0.7110117882880749,0.7094252865029487,0.039934067950313734,0.0015947297830602744,0.0120211297863795,0.21308455429971218,Industry,1.0022363197581337,1.0,1.5732318125665188,0.7094252865029487,29.057471349705132
chronos2__experiment_config.instance_normalization-zscore,Smart_Manufacturing,H,long,336,0.7110117888364271,0.7094252870500773,0.03993406936492116,0.0015947298960423348,0.0120211297863795,0.211611645296216,Industry,1.0022363197581337,1.0,1.5732318125665188,0.7094252870500773,29.057471294992265
chronos2__experiment_config.instance_normalization-none,Smart_Manufacturing,H,medium,168,0.7112583040053169,0.7070750885992407,0.053463719689721426,0.0028583693230611064,0.01326920601468509,0.3402230702340603,Industry,1.0059162251273246,1.0,2.0938354451209307,0.7070750885992407,29.292491140075928
chronos2__experiment_config.instance_normalization-zscore,Smart_Manufacturing,H,medium,168,0.7112583047281167,0.7070750893177895,0.05346371910669267,0.0028583692607193345,0.01326920601468509,0.34671840257942677,Industry,1.0059162251273246,1.0,2.0938354451209307,0.7070750893177895,29.29249106822105
chronos2__experiment_config.instance_normalization-none,Smart_Manufacturing,H,short,24,0.7114646384560039,0.7123756061122287,0.1280125292580992,0.016387207647055705,0.03817606606400739,2.5418504495173693,Industry,0.9987212256449988,1.0,8.254228632897139,0.7123756061122287,28.76243938877713
chronos2__experiment_config.instance_normalization-zscore,Smart_Manufacturing,H,short,24,0.711464638110214,0.712375605765996,0.128012529026412,0.016387207587737974,0.03817606606400739,2.5603141617029905,Industry,0.9987212256449988,1.0,8.254228632897139,0.712375605765996,28.762439423400398
chronos_bolt__experiment_config.instance_normalization-none,Smart_Manufacturing,H,long,336,0.7137246917722527,0.7121321366047616,0.040108178297483,0.0016086659663426862,0.0120211297863795,5.688317589461803,Industry,1.0022363197581337,1.0,1.5732318125665188,0.7121321366047616,28.78678633952384
chronos_bolt__experiment_config.instance_normalization-zscore,Smart_Manufacturing,H,long,336,0.7137246909374704,0.7121321357718419,0.04010818073343323,0.0016086661617457448,0.0120211297863795,6.097161570563912,Industry,1.0022363197581337,1.0,1.5732318125665188,0.7121321357718419,28.786786422815812
chronos_bolt__experiment_config.instance_normalization-none,Smart_Manufacturing,H,medium,168,0.7140192438721245,0.7098197901935094,0.05376503679546214,0.002890679181617398,0.01326920601468509,4.974058223888278,Industry,1.0059162251273246,1.0,2.0938354451209307,0.7098197901935094,29.018020980649062
chronos_bolt__experiment_config.instance_normalization-zscore,Smart_Manufacturing,H,medium,168,0.7140192464473536,0.7098197927535924,0.053765039024942236,0.0028906794213535616,0.01326920601468509,5.2189008463174105,Industry,1.0059162251273246,1.0,2.0938354451209307,0.7098197927535924,29.01802072464076
chronos_bolt__experiment_config.instance_normalization-none,Smart_Manufacturing,H,short,24,0.7166630909129093,0.7175807147285476,0.12860883402699494,0.01654023218978313,0.03817606606400739,3.5812291875481606,Industry,0.9987212256449988,1.0,8.254228632897139,0.7175807147285476,28.241928527145244
chronos_bolt__experiment_config.instance_normalization-zscore,Smart_Manufacturing,H,short,24,0.7166630913962603,0.7175807152125175,0.12860883292986863,0.016540231907582865,0.03817606606400739,3.739982657134533,Industry,0.9987212256449988,1.0,8.254228632897139,0.7175807152125175,28.241928478748246
ts_icl__experiment_config.instance_normalization-none,Smart_Manufacturing,H,long,336,0.7116831869990798,0.710095187102008,0.039755539553210296,0.0015805029251668682,0.0120211297863795,2.315230378881097,Industry,1.0022363197581337,1.0,1.5732318125665188,0.710095187102008,28.9904812897992
ts_icl__experiment_config.instance_normalization-zscore,Smart_Manufacturing,H,long,336,0.7116831849561083,0.710095185063595,0.03975554034979794,0.0015805029885044123,0.0120211297863795,2.3168245404958725,Industry,1.0022363197581337,1.0,1.5732318125665188,0.710095185063595,28.990481493640495
ts_icl__experiment_config.instance_normalization-none,Smart_Manufacturing,H,medium,168,0.7121692492493292,0.7079806761832337,0.053205922749034865,0.0028308702155762657,0.01326920601468509,4.724881660193205,Industry,1.0059162251273246,1.0,2.0938354451209307,0.7079806761832337,29.20193238167663
ts_icl__experiment_config.instance_normalization-zscore,Smart_Manufacturing,H,medium,168,0.7121692477722631,0.7079806747148548,0.05320592330371888,0.002830870274601216,0.01326920601468509,4.733857413753867,Industry,1.0059162251273246,1.0,2.0938354451209307,0.7079806747148548,29.20193252851452
ts_icl__experiment_config.instance_normalization-none,Smart_Manufacturing,H,short,24,0.7122914326225457,0.7132034589157052,0.12809217220561023,0.016407604580351707,0.03817606606400739,32.966648664325476,Industry,0.9987212256449988,1.0,8.254228632897139,0.7132034589157052,28.679654108429474
ts_icl__experiment_config.instance_normalization-zscore,Smart_Manufacturing,H,short,24,0.7122914334278272,0.7132034597220178,0.1280921722018491,0.016407604579388165,0.03817606606400739,32.86653036996722,Industry,0.9987212256449988,1.0,8.254228632897139,0.7132034597220178,28.679654027798218
chronos2__experiment_config.instance_normalization-none,Supply_Chain_Customer,D,short,30,0.5532599382047175,0.36293523418942514,0.23218993591856718,0.05391216634186834,0.7613944839464535,0.6200577896088362,Sales,1.5244040426120686,1.0,1.5101168360561132,0.36293523418942514,63.70647658105748
chronos2__experiment_config.instance_normalization-zscore,Supply_Chain_Customer,D,short,30,0.5532599357423302,0.3629352325741137,0.23218993236884394,0.05391216469344832,0.7613944839464535,0.618597686290741,Sales,1.5244040426120686,1.0,1.5101168360561132,0.3629352325741137,63.70647674258863
chronos_bolt__experiment_config.instance_normalization-none,Supply_Chain_Customer,D,short,30,0.6131470465479132,0.4022208216512499,0.2372922619965897,0.05630761760345817,0.7613944839464535,0.986896300688386,Sales,1.5244040426120686,1.0,1.5101168360561132,0.4022208216512499,59.777917834875005
chronos_bolt__experiment_config.instance_normalization-zscore,Supply_Chain_Customer,D,short,30,0.6131470466713907,0.40222082173225043,0.2372922645466597,0.056307618813681924,0.7613944839464535,0.9004523884505033,Sales,1.5244040426120686,1.0,1.5101168360561132,0.40222082173225043,59.77791782677495
ts_icl__experiment_config.instance_normalization-none,Supply_Chain_Customer,D,short,30,0.6099946202120283,0.4001528486941045,0.25698699621847304,0.06604231622539349,0.7613944839464535,7.45619429089129,Sales,1.5244040426120686,1.0,1.5101168360561132,0.4001528486941045,59.98471513058955
ts_icl__experiment_config.instance_normalization-zscore,Supply_Chain_Customer,D,short,30,0.609994624865117,0.40015285174650306,0.25698699938587627,0.06604231785335636,0.7613944839464535,7.451500196009874,Sales,1.5244040426120686,1.0,1.5101168360561132,0.40015285174650306,59.98471482534969
chronos2__experiment_config.instance_normalization-none,Supply_Chain_Location,D,short,30,0.6049073017593081,0.424066140216457,0.22729073363230748,0.05166107759511255,0.5773547972858538,0.8036781344562769,Sales,1.4264456517338167,1.0,2.1239393455907702,0.424066140216457,57.593385978354306
chronos2__experiment_config.instance_normalization-zscore,Supply_Chain_Location,D,short,30,0.6049073018947783,0.4240661403114274,0.22729073486774162,0.05166107815671801,0.5773547972858538,0.7944529373198748,Sales,1.4264456517338167,1.0,2.1239393455907702,0.4240661403114274,57.593385968857255
chronos_bolt__experiment_config.instance_normalization-none,Supply_Chain_Location,D,short,30,0.6500187666725908,0.4556912251669076,0.24486762345032992,0.05996015301421256,0.5773547972858538,1.1597744729369879,Sales,1.4264456517338167,1.0,2.1239393455907702,0.4556912251669076,54.43087748330924
chronos_bolt__experiment_config.instance_normalization-zscore,Supply_Chain_Location,D,short,30,0.650018766830815,0.45569122527782957,0.24486762226629774,0.059960152434350274,0.5773547972858538,1.2041655778884888,Sales,1.4264456517338167,1.0,2.1239393455907702,0.45569122527782957,54.43087747221704
ts_icl__experiment_config.instance_normalization-none,Supply_Chain_Location,D,short,30,0.6594302215265823,0.4622890614339619,0.2549053192887686,0.06497672180170905,0.5773547972858538,10.518072932958603,Sales,1.4264456517338167,1.0,2.1239393455907702,0.4622890614339619,53.77109385660381
ts_icl__experiment_config.instance_normalization-zscore,Supply_Chain_Location,D,short,30,0.6594302206965358,0.4622890608520635,0.2549053202574709,0.06497672229556381,0.5773547972858538,10.582654137164354,Sales,1.4264456517338167,1.0,2.1239393455907702,0.4622890608520635,53.771093914793646
chronos2__experiment_config.instance_normalization-none,US_Labor,M,short,12,1.0014785119848475,0.564975767585351,1.7268395026384211,2.98197466787251,2.936809552255237,0.18606744334101677,Economics,1.7726043654315742,1.0,0.31104636937379837,0.564975767585351,43.5024232414649
chronos2__experiment_config.instance_normalization-zscore,US_Labor,M,short,12,1.0014787780687073,0.564975917694346,1.7268402842162665,2.981977367192116,2.936809552255237,0.18503836542367935,Economics,1.7726043654315742,1.0,0.31104636937379837,0.564975917694346,43.5024082305654
chronos_bolt__experiment_config.instance_normalization-none,US_Labor,M,short,12,0.946363574229049,0.5338831341525208,0.9659141913066747,0.9329902249676274,2.936809552255237,0.3049826920032501,Economics,1.7726043654315742,1.0,0.31104636937379837,0.5338831341525208,46.61168658474792
chronos_bolt__experiment_config.instance_normalization-zscore,US_Labor,M,short,12,0.9463636140735575,0.5338831566304686,0.965914216991569,0.9329902745864359,2.936809552255237,0.30852966383099556,Economics,1.7726043654315742,1.0,0.31104636937379837,0.5338831566304686,46.61168433695314
ts_icl__experiment_config.instance_normalization-none,US_Labor,M,short,12,0.8894946186201814,0.5018009861459509,1.016796550534122,1.0338752251780896,2.936809552255237,0.9799473695456982,Economics,1.7726043654315742,1.0,0.31104636937379837,0.5018009861459509,49.819901385404904
ts_icl__experiment_config.instance_normalization-zscore,US_Labor,M,short,12,0.889494681312471,0.5018010215132843,1.0167969020724457,1.0338759400641226,2.936809552255237,0.965310400351882,Economics,1.7726043654315742,1.0,0.31104636937379837,0.5018010215132843,49.819897848671566
chronos2__experiment_config.instance_normalization-none,US_Term_Structure,B,short,20,1.495406901303508,0.8472618196493663,0.9476559745688263,0.898051846135992,1.0333743744905457,7.165125150233507,Finance,1.7649879489699798,1.0,76.68119631055743,0.8472618196493663,15.27381803506337
chronos2__experiment_config.instance_normalization-zscore,US_Term_Structure,B,short,20,1.49540693565119,0.8472618391099423,0.9476559754998773,0.8980518479006241,1.0333743744905457,7.063587887212634,Finance,1.7649879489699798,1.0,76.68119631055743,0.8472618391099423,15.273816089005765
chronos_bolt__experiment_config.instance_normalization-none,US_Term_Structure,B,short,20,1.5723117180459338,0.8908342512839882,0.9380717493980566,0.8799786070187302,1.0333743744905457,2.3850711416453123,Finance,1.7649879489699798,1.0,76.68119631055743,0.8908342512839882,10.916574871601181
chronos_bolt__experiment_config.instance_normalization-zscore,US_Term_Structure,B,short,20,1.5723117026986744,0.8908342425885977,0.9380717458415164,0.8799786003461505,1.0333743744905457,2.446334281936288,Finance,1.7649879489699798,1.0,76.68119631055743,0.8908342425885977,10.916575741140234
ts_icl__experiment_config.instance_normalization-none,US_Term_Structure,B,short,20,1.5298372792725325,0.8667692491415153,0.9775761775485553,0.9556551829104446,1.0333743744905457,32.14428020641208,Finance,1.7649879489699798,1.0,76.68119631055743,0.8667692491415153,13.323075085848469
ts_icl__experiment_config.instance_normalization-zscore,US_Term_Structure,B,short,20,1.52983733074465,0.8667692783043872,0.9775761421458101,0.9556551136926851,1.0333743744905457,32.29533651843667,Finance,1.7649879489699798,1.0,76.68119631055743,0.8667692783043872,13.323072169561279
chronos2__experiment_config.instance_normalization-none,Uncertainty_1M,M,short,6,0.3483185384775645,0.3595686470735416,0.2715395691880628,0.07373373763483874,0.4634703206443205,0.18825621530413628,Economics,0.9687122092330922,1.0,0.12652770429849625,0.3595686470735416,64.04313529264584
chronos2__experiment_config.instance_normalization-zscore,Uncertainty_1M,M,short,6,0.3483185334939846,0.35956864192900034,0.27153945649997324,0.07373367643630087,0.4634703206443205,0.18722490593791008,Economics,0.9687122092330922,1.0,0.12652770429849625,0.35956864192900034,64.04313580709997
chronos_bolt__experiment_config.instance_normalization-none,Uncertainty_1M,M,short,6,0.41508574302996104,0.4284923211183383,0.30096071987020206,0.09057735490479024,0.4634703206443205,0.25056175515055656,Economics,0.9687122092330922,1.0,0.12652770429849625,0.4284923211183383,57.15076788816618
chronos_bolt__experiment_config.instance_normalization-zscore,Uncertainty_1M,M,short,6,0.4150857339926756,0.4284923117891636,0.3009607348423224,0.09057736391683067,0.4634703206443205,0.2529600728303194,Economics,0.9687122092330922,1.0,0.12652770429849625,0.4284923117891636,57.150768821083645
ts_icl__experiment_config.instance_normalization-none,Uncertainty_1M,M,short,6,0.34658902070398,0.35778326875674127,0.25651473278304093,0.0657998081347549,0.4634703206443205,0.4152598865330219,Economics,0.9687122092330922,1.0,0.12652770429849625,0.35778326875674127,64.22167312432587
ts_icl__experiment_config.instance_normalization-zscore,Uncertainty_1M,M,short,6,0.34658920212281064,0.3577834560350979,0.25651489256610444,0.0657998901082001,0.4634703206443205,0.44226013496518135,Economics,0.9687122092330922,1.0,0.12652770429849625,0.3577834560350979,64.22165439649021
chronos2__experiment_config.instance_normalization-none,Vehicle_Sales,M,short,12,0.8347676413435652,0.6419425789779618,0.5915784869414173,0.34996510621189664,0.8704781233070326,0.18680567294359207,Sales,1.3003774304433904,1.0,0.2621117187663913,0.6419425789779618,35.80574210220382
chronos2__experiment_config.instance_normalization-zscore,Vehicle_Sales,M,short,12,0.8347676310696169,0.6419425710772185,0.5915785568291199,0.34996518890002426,0.8704781233070326,0.18677224218845367,Sales,1.3003774304433904,1.0,0.2621117187663913,0.6419425710772185,35.80574289227815
chronos_bolt__experiment_config.instance_normalization-none,Vehicle_Sales,M,short,12,0.772428342710334,0.5940031906328601,0.5417925529036383,0.29353917038184163,0.8704781233070326,0.3311510905623436,Sales,1.3003774304433904,1.0,0.2621117187663913,0.5940031906328601,40.59968093671399
chronos_bolt__experiment_config.instance_normalization-zscore,Vehicle_Sales,M,short,12,0.7724283500510529,0.5940031962779281,0.5417926846765929,0.29353931316907006,0.8704781233070326,0.29572271928191185,Sales,1.3003774304433904,1.0,0.2621117187663913,0.5940031962779281,40.59968037220719
ts_icl__experiment_config.instance_normalization-none,Vehicle_Sales,M,short,12,0.7954957586106187,0.6117422065218235,0.5567863785959307,0.31001107138997114,0.8704781233070326,0.74185386672616,Sales,1.3003774304433904,1.0,0.2621117187663913,0.6117422065218235,38.825779347817644
ts_icl__experiment_config.instance_normalization-zscore,Vehicle_Sales,M,short,12,0.7954958588163555,0.611742283580787,0.556786485313046,0.31001119022725476,0.8704781233070326,0.7439607493579388,Sales,1.3003774304433904,1.0,0.2621117187663913,0.611742283580787,38.8257716419213
chronos2__experiment_config.instance_normalization-none,Vehicle_Supply,M,short,12,0.709383837497795,0.6377317787460499,0.5874999575031618,0.3451562000662169,0.6181637851735725,0.18751759827136993,Economics,1.1123545370322176,1.0,0.13469098322093487,0.6377317787460499,36.22682212539501
chronos2__experiment_config.instance_normalization-zscore,Vehicle_Supply,M,short,12,0.7093838199201887,0.6377317629438882,0.5874999779619746,0.3451562241053207,0.6181637851735725,0.18684497103095055,Economics,1.1123545370322176,1.0,0.13469098322093487,0.6377317629438882,36.226823705611174
chronos_bolt__experiment_config.instance_normalization-none,Vehicle_Supply,M,short,12,0.8110847872803042,0.7291603173969096,0.6191332332765777,0.38332596054750906,0.6181637851735725,0.2718400377780199,Economics,1.1123545370322176,1.0,0.13469098322093487,0.7291603173969096,27.083968260309042
chronos_bolt__experiment_config.instance_normalization-zscore,Vehicle_Supply,M,short,12,0.811084740250338,0.7291602751172545,0.6191332457277072,0.38332597596532547,0.6181637851735725,0.2522733621299267,Economics,1.1123545370322176,1.0,0.13469098322093487,0.7291602751172545,27.083972488274554
ts_icl__experiment_config.instance_normalization-none,Vehicle_Supply,M,short,12,0.7929232236339933,0.7128331815407766,0.680503041764283,0.4630843898504414,0.6181637851735725,0.5273714549839497,Economics,1.1123545370322176,1.0,0.13469098322093487,0.7128331815407766,28.71668184592234
ts_icl__experiment_config.instance_normalization-zscore,Vehicle_Supply,M,short,12,0.7929232765464906,0.7128332291087917,0.6805029333454198,0.46308424229172085,0.6181637851735725,0.5142660066485405,Economics,1.1123545370322176,1.0,0.13469098322093487,0.7128332291087917,28.716677089120836
chronos2__experiment_config.instance_normalization-none,WUI_Global,Q,short,4,0.9486989791711424,0.7439285982659435,0.6821879571895761,0.4653804089344869,0.6093761678421035,0.183876009657979,Economics,1.2752554228759418,1.0,0.30773282889276743,0.7439285982659435,25.60714017340565
chronos2__experiment_config.instance_normalization-zscore,WUI_Global,Q,short,4,0.9486989904510663,0.7439286071111706,0.6821879751335838,0.46538043341685903,0.6093761678421035,0.18289203010499477,Economics,1.2752554228759418,1.0,0.30773282889276743,0.7439286071111706,25.60713928888294
chronos_bolt__experiment_config.instance_normalization-none,WUI_Global,Q,short,4,0.9984850154591438,0.7829686489059356,0.7443992227743562,0.5541302028670656,0.6093761678421035,0.3060130886733532,Economics,1.2752554228759418,1.0,0.30773282889276743,0.7829686489059356,21.703135109406436
chronos_bolt__experiment_config.instance_normalization-zscore,WUI_Global,Q,short,4,0.9984850137395245,0.7829686475574847,0.7443992413532182,0.5541302305272469,0.6093761678421035,0.3095064237713814,Economics,1.2752554228759418,1.0,0.30773282889276743,0.7829686475574847,21.703135244251527
ts_icl__experiment_config.instance_normalization-none,WUI_Global,Q,short,4,0.9638907561105797,0.7558413309365304,0.6931553964727619,0.48046440365931176,0.6093761678421035,1.0440638437867165,Economics,1.2752554228759418,1.0,0.30773282889276743,0.7558413309365304,24.415866906346963
ts_icl__experiment_config.instance_normalization-zscore,WUI_Global,Q,short,4,0.9638907967644111,0.755841362815502,0.6931554145493306,0.4804644287190544,0.6093761678421035,1.0466637276113033,Economics,1.2752554228759418,1.0,0.30773282889276743,0.755841362815502,24.415863718449803
chronos2__experiment_config.instance_normalization-none,Water_Quality_Darwin,15T,long,288,1.3438600557963685,0.8445418310748797,1.2001470719880054,1.4403529944013826,1.5257973604856987,1.0101999398320913,Climate,1.591229713377238,1.0,2.003494313918054,0.8445418310748797,15.545816892512033
chronos2__experiment_config.instance_normalization-zscore,Water_Quality_Darwin,15T,long,288,1.3438600856523237,0.8445418498376988,1.2001474734662356,1.4403539580673885,1.5257973604856987,0.9973337016999722,Climate,1.591229713377238,1.0,2.003494313918054,0.8445418498376988,15.545815016230124
chronos2__experiment_config.instance_normalization-none,Water_Quality_Darwin,15T,medium,96,0.8597502615495578,0.7893230283527041,0.8508925605185566,0.7240181495458253,0.8662032158339698,2.934805303812027,Climate,1.0892248555624096,1.0,3.5120491245761514,0.7893230283527041,21.067697164729594
chronos2__experiment_config.instance_normalization-zscore,Water_Quality_Darwin,15T,medium,96,0.8597502692905208,0.789323035459559,0.8508926838160806,0.7240183593717325,0.8662032158339698,2.9048180766403675,Climate,1.0892248555624096,1.0,3.5120491245761514,0.789323035459559,21.067696454044103
chronos2__experiment_config.instance_normalization-none,Water_Quality_Darwin,15T,short,16,0.6094823944099157,0.5606183090187876,0.7654295555367676,0.5858824044892137,1.3381496638898256,17.682263385504484,Climate,1.0871610587899843,1.0,15.32182686496526,0.5606183090187876,43.938169098121236
chronos2__experiment_config.instance_normalization-zscore,Water_Quality_Darwin,15T,short,16,0.6094824223192408,0.5606183346905359,0.765429464668499,0.585882265382705,1.3381496638898256,17.648615581914783,Climate,1.0871610587899843,1.0,15.32182686496526,0.5606183346905359,43.93816653094641
chronos_bolt__experiment_config.instance_normalization-none,Water_Quality_Darwin,15T,long,288,1.4995828558644622,0.9424050112046589,1.2783666944687477,1.6342214055269526,1.5257973604856987,7.917098978534341,Climate,1.591229713377238,1.0,2.003494313918054,0.9424050112046589,5.759498879534108
chronos_bolt__experiment_config.instance_normalization-zscore,Water_Quality_Darwin,15T,long,288,1.4995829608979865,0.9424050772124285,1.278366634222838,1.634221251494227,1.5257973604856987,7.804683002177626,Climate,1.591229713377238,1.0,2.003494313918054,0.9424050772124285,5.7594922787571505
chronos_bolt__experiment_config.instance_normalization-none,Water_Quality_Darwin,15T,medium,96,0.936617812198225,0.859893902911913,0.8437925032653494,0.7119857885668047,0.8662032158339698,6.610257191583514,Climate,1.0892248555624096,1.0,3.5120491245761514,0.859893902911913,14.010609708808698
chronos_bolt__experiment_config.instance_normalization-zscore,Water_Quality_Darwin,15T,medium,96,0.9366175807572521,0.8598936904296401,0.8437925698065742,0.7119859008607824,0.8662032158339698,6.511228164192289,Climate,1.0892248555624096,1.0,3.5120491245761514,0.8598936904296401,14.010630957035985
chronos_bolt__experiment_config.instance_normalization-none,Water_Quality_Darwin,15T,short,16,0.6716427400325539,0.6177950678072444,0.8446393818831036,0.7134156854278714,1.3381496638898256,5.982610646635294,Climate,1.0871610587899843,1.0,15.32182686496526,0.6177950678072444,38.22049321927557
chronos_bolt__experiment_config.instance_normalization-zscore,Water_Quality_Darwin,15T,short,16,0.6716430002675761,0.6177953071784213,0.8446400926519517,0.7134168861150976,1.3381496638898256,6.109880494885147,Climate,1.0871610587899843,1.0,15.32182686496526,0.6177953071784213,38.220469282157865
ts_icl__experiment_config.instance_normalization-none,Water_Quality_Darwin,15T,long,288,1.4834560814452424,0.9322702240751551,1.3296979706278405,1.7680966930917972,1.5257973604856987,5.368980211671442,Climate,1.591229713377238,1.0,2.003494313918054,0.9322702240751551,6.7729775924844855
ts_icl__experiment_config.instance_normalization-zscore,Water_Quality_Darwin,15T,long,288,1.483455855505305,0.9322700820843819,1.329697935241294,1.7680965989849606,1.5257973604856987,5.508957479149103,Climate,1.591229713377238,1.0,2.003494313918054,0.9322700820843819,6.772991791561811
ts_icl__experiment_config.instance_normalization-none,Water_Quality_Darwin,15T,medium,96,1.0024962693142256,0.9203758656394206,0.9503358169498803,0.9031381649777965,0.8662032158339698,15.167710351757705,Climate,1.0892248555624096,1.0,3.5120491245761514,0.9203758656394206,7.962413436057936
ts_icl__experiment_config.instance_normalization-zscore,Water_Quality_Darwin,15T,medium,96,1.0024962476298211,0.9203758457313141,0.9503360656006569,0.903138637581336,0.8662032158339698,16.002324730157852,Climate,1.0892248555624096,1.0,3.5120491245761514,0.9203758457313141,7.962415426868585
ts_icl__experiment_config.instance_normalization-none,Water_Quality_Darwin,15T,short,16,0.673833606957897,0.6198102861666855,0.8382314701905285,0.7026319976177748,1.3381496638898256,90.26624273881316,Climate,1.0871610587899843,1.0,15.32182686496526,0.6198102861666855,38.01897138333145
ts_icl__experiment_config.instance_normalization-zscore,Water_Quality_Darwin,15T,short,16,0.673833641391626,0.6198103178397563,0.8382315931011475,0.7026322036728876,1.3381496638898256,91.80298569239676,Climate,1.0871610587899843,1.0,15.32182686496526,0.6198103178397563,38.018968216024376
chronos2__experiment_config.instance_normalization-none,azure2019_D,5T,short,288,0.7178189979723392,0.6758937981312688,1.0831060420395902,1.1731186983026665,1.8286138989937584,44.54886529408395,Unclassified,1.0620292713988297,1.0,79.90540184918791,0.6758937981312688,32.41062018687312
chronos2__experiment_config.instance_normalization-zscore,azure2019_D,5T,short,288,0.717818997885611,0.6758937980496061,1.0831060243700434,1.173118660026681,1.8286138989937584,43.79839472286403,Unclassified,1.0620292713988297,1.0,79.90540184918791,0.6758937980496061,32.410620195039385
chronos_bolt__experiment_config.instance_normalization-none,azure2019_D,5T,short,288,0.8067747649753241,0.7596539819591765,0.9523595026502596,0.9069886222882497,1.8286138989937584,327.4097180105746,Unclassified,1.0620292713988297,1.0,79.90540184918791,0.7596539819591765,24.034601804082346
chronos_bolt__experiment_config.instance_normalization-zscore,azure2019_D,5T,short,288,0.8067747655351596,0.7596539824863141,0.9523594640916697,0.9069885488449723,1.8286138989937584,356.54816551320255,Unclassified,1.0620292713988297,1.0,79.90540184918791,0.7596539824863141,24.03460175136859
ts_icl__experiment_config.instance_normalization-none,azure2019_D,5T,short,288,0.7504585763698494,0.7066270173338993,0.9677617853288395,0.9365628731428628,1.8286138989937584,229.45071330107749,Unclassified,1.0620292713988297,1.0,79.90540184918791,0.7066270173338993,29.33729826661007
ts_icl__experiment_config.instance_normalization-zscore,azure2019_D,5T,short,288,0.7504585730847735,0.7066270142406929,0.9677616934804735,0.9365626953681938,1.8286138989937584,230.2114213705063,Unclassified,1.0620292713988297,1.0,79.90540184918791,0.7066270142406929,29.337298575930713
chronos2__experiment_config.instance_normalization-none,azure2019_I,5T,short,288,0.6743310940180272,0.6838294889497023,0.36258742908662556,0.1314696437316487,0.20206072558210966,22.339793471619487,Unclassified,0.9861099951301255,1.0,39.59057625103742,0.6838294889497023,31.61705110502977
chronos2__experiment_config.instance_normalization-zscore,azure2019_I,5T,short,288,0.6743310920010495,0.6838294869043141,0.362587422362488,0.13146963885547325,0.20206072558210966,22.011453196406364,Unclassified,0.9861099951301255,1.0,39.59057625103742,0.6838294869043141,31.617051309568588
chronos_bolt__experiment_config.instance_normalization-none,azure2019_I,5T,short,288,0.7879785915455384,0.7990777858828598,0.4356335166395865,0.1897765608197729,0.20206072558210966,163.1973357014358,Unclassified,0.9861099951301255,1.0,39.59057625103742,0.7990777858828598,20.092221411714018
chronos_bolt__experiment_config.instance_normalization-zscore,azure2019_I,5T,short,288,0.7879785936192821,0.7990777879858136,0.43563352992365684,0.1897765723937456,0.20206072558210966,179.25950842536986,Unclassified,0.9861099951301255,1.0,39.59057625103742,0.7990777879858136,20.092221201418635
ts_icl__experiment_config.instance_normalization-none,azure2019_I,5T,short,288,0.7207014084333551,0.7308529596013804,0.38286609819501044,0.1465864491470714,0.20206072558210966,114.13501165248454,Unclassified,0.9861099951301255,1.0,39.59057625103742,0.7308529596013804,26.91470403986196
ts_icl__experiment_config.instance_normalization-zscore,azure2019_I,5T,short,288,0.7207014109743052,0.7308529621781215,0.3828661175077117,0.1465864639354289,0.20206072558210966,114.65038610063493,Unclassified,0.9861099951301255,1.0,39.59057625103742,0.7308529621781215,26.914703782187853
chronos2__experiment_config.instance_normalization-none,azure2019_U,5T,short,48,0.6607650521734936,0.5936503488136183,0.9575795512510058,0.9169585969740777,1.2257899723905192,1.5236703995615244,Cloud operations,1.1130542641708217,1.0,5.367972842417657,0.5936503488136183,40.63496511863816
chronos2__experiment_config.instance_normalization-zscore,azure2019_U,5T,short,48,0.6607650592212252,0.5936503551455034,0.9575795575531906,0.9169586090437641,1.2257899723905192,1.5394543930888176,Cloud operations,1.1130542641708217,1.0,5.367972842417657,0.5936503551455034,40.634964485449665
chronos_bolt__experiment_config.instance_normalization-none,azure2019_U,5T,short,48,0.7729739710685387,0.6944620724708077,1.0012581885494383,1.0025179601373027,1.2257899723905192,2.317170634865761,Cloud operations,1.1130542641708217,1.0,5.367972842417657,0.6944620724708077,30.55379275291923
chronos_bolt__experiment_config.instance_normalization-zscore,azure2019_U,5T,short,48,0.7729739745845665,0.6944620756297083,1.0012581966181773,1.0025179762950844,1.2257899723905192,2.251298349350691,Cloud operations,1.1130542641708217,1.0,5.367972842417657,0.6944620756297083,30.55379243702917
ts_icl__experiment_config.instance_normalization-none,azure2019_U,5T,short,48,0.6951977394287573,0.6245856664918761,0.9573218036892632,0.9164650358188643,1.2257899723905192,20.618280664086342,Cloud operations,1.1130542641708217,1.0,5.367972842417657,0.6245856664918761,37.54143335081239
ts_icl__experiment_config.instance_normalization-zscore,azure2019_U,5T,short,48,0.6951977277956157,0.6245856560403267,0.9573217783917584,0.916464987383159,1.2257899723905192,20.581714438274503,Cloud operations,1.1130542641708217,1.0,5.367972842417657,0.6245856560403267,37.54143439596733
chronos2__experiment_config.instance_normalization-none,current_velocity,10T,long,432,0.9316454809403314,0.6481012388791804,0.7219218654628167,0.5211711798333132,0.6433695275713929,1.5442974232137203,Climate,1.437499922931037,1.0,3.6895391680300236,0.6481012388791804,35.18987611208196
chronos2__experiment_config.instance_normalization-zscore,current_velocity,10T,long,432,0.9316456379273624,0.6481013480875556,0.7219219029837555,0.5211712340076868,0.6433695275713929,1.5580031592398882,Climate,1.437499922931037,1.0,3.6895391680300236,0.6481013480875556,35.189865191244444
chronos2__experiment_config.instance_normalization-none,current_velocity,10T,medium,144,0.6789060806388872,0.650473103577329,0.3840414186056275,0.14748781120462284,0.25305105017876023,4.279708232730627,Climate,1.0437112263446233,1.0,6.091557212173939,0.650473103577329,34.952689642267096
chronos2__experiment_config.instance_normalization-zscore,current_velocity,10T,medium,144,0.6789061463640189,0.6504731665498543,0.3840414792890777,0.14748785781454313,0.25305105017876023,4.282843597233295,Climate,1.0437112263446233,1.0,6.091557212173939,0.6504731665498543,34.95268334501457
chronos2__experiment_config.instance_normalization-none,current_velocity,10T,short,18,0.5194504740187809,0.4982241238609957,0.36295210966394853,0.13173423390951092,0.4807344590412708,32.82732632569969,Climate,1.042604019237951,1.0,31.85003567300737,0.4982241238609957,50.17758761390043
chronos2__experiment_config.instance_normalization-zscore,current_velocity,10T,short,18,0.5194505070443204,0.49822415553700966,0.36295209911582155,0.13173422625258113,0.4807344590412708,32.83476488292217,Climate,1.042604019237951,1.0,31.85003567300737,0.49822415553700966,50.17758444629903
chronos_bolt__experiment_config.instance_normalization-none,current_velocity,10T,long,432,1.3770165825586909,0.9579246305286601,0.9062009471766741,0.8212001566639012,0.6433695275713929,16.86636292003095,Climate,1.437499922931037,1.0,3.6895391680300236,0.9579246305286601,4.207536947133994
chronos_bolt__experiment_config.instance_normalization-zscore,current_velocity,10T,long,432,1.3770159919951062,0.9579242197017964,0.9061983675713545,0.8211954813889878,0.6433695275713929,16.80975652113557,Climate,1.437499922931037,1.0,3.6895391680300236,0.9579242197017964,4.207578029820358
chronos_bolt__experiment_config.instance_normalization-none,current_velocity,10T,medium,144,1.002804817780753,0.9608067753499822,0.4777945055545001,0.2282875895380692,0.25305105017876023,17.71652975305915,Climate,1.0437112263446233,1.0,6.091557212173939,0.9608067753499822,3.9193224650017844
chronos_bolt__experiment_config.instance_normalization-zscore,current_velocity,10T,medium,144,1.002804503298743,0.9608064740386596,0.4777940808758593,0.22828718372000714,0.25305105017876023,17.58398455940187,Climate,1.0437112263446233,1.0,6.091557212173939,0.9608064740386596,3.9193525961340403
chronos_bolt__experiment_config.instance_normalization-none,current_velocity,10T,short,18,0.6437833307149723,0.6174763561582273,0.4150342852693608,0.17225345794904917,0.4807344590412708,11.12451002933085,Climate,1.042604019237951,1.0,31.85003567300737,0.6174763561582273,38.25236438417727
chronos_bolt__experiment_config.instance_normalization-zscore,current_velocity,10T,short,18,0.6437833231292522,0.6174763488824832,0.4150342310778065,0.1722534129663461,0.4807344590412708,11.896617664024234,Climate,1.042604019237951,1.0,31.85003567300737,0.6174763488824832,38.252365111751686
ts_icl__experiment_config.instance_normalization-none,current_velocity,10T,long,432,1.0619848659125353,0.7387721202427384,0.7138262231933302,0.5095478769184542,0.6433695275713929,8.107810992747545,Climate,1.437499922931037,1.0,3.6895391680300236,0.7387721202427384,26.12278797572616
ts_icl__experiment_config.instance_normalization-zscore,current_velocity,10T,long,432,1.0619849763891098,0.7387721970960118,0.7138258884418901,0.5095473990098537,0.6433695275713929,7.968123700469732,Climate,1.437499922931037,1.0,3.6895391680300236,0.7387721970960118,26.12278029039882
ts_icl__experiment_config.instance_normalization-none,current_velocity,10T,medium,144,0.7731507634952759,0.7407707649203622,0.3718416498509573,0.13826621256388194,0.25305105017876023,22.84137781523168,Climate,1.0437112263446233,1.0,6.091557212173939,0.7407707649203622,25.92292350796378
ts_icl__experiment_config.instance_normalization-zscore,current_velocity,10T,medium,144,0.7731508172546347,0.7407708164282482,0.37184160369801983,0.13826617824071524,0.25305105017876023,22.45366283506155,Climate,1.0437112263446233,1.0,6.091557212173939,0.7407708164282482,25.922918357175185
ts_icl__experiment_config.instance_normalization-none,current_velocity,10T,short,18,0.5854931056397984,0.5615680496491282,0.37688907253306747,0.1420453729948358,0.4807344590412708,176.11300492100418,Climate,1.042604019237951,1.0,31.85003567300737,0.5615680496491282,43.84319503508718
ts_icl__experiment_config.instance_normalization-zscore,current_velocity,10T,short,18,0.5854929622488915,0.5615679121176165,0.3768890535647565,0.14204535869693788,0.4807344590412708,172.7505906186998,Climate,1.042604019237951,1.0,31.85003567300737,0.5615679121176165,43.84320878823835
chronos2__experiment_config.instance_normalization-none,current_velocity,15T,long,288,0.8331182837324931,0.7381883703886466,0.4264630203402527,0.18187070771773076,0.18788879728392668,0.697211904451251,Climate,1.1285984948447063,1.0,1.2894736649468541,0.7381883703886466,26.18116296113534
chronos2__experiment_config.instance_normalization-zscore,current_velocity,15T,long,288,0.8331184254810055,0.7381884959855821,0.42646293374719685,0.18187063386026603,0.18788879728392668,0.7023951634764671,Climate,1.1285984948447063,1.0,1.2894736649468541,0.7381884959855821,26.181150401441787
chronos2__experiment_config.instance_normalization-none,current_velocity,15T,medium,96,0.7241171493827121,0.7296279661124532,0.40405155127113823,0.16325765608461323,0.20323056826444055,1.6827319152653217,Climate,0.9924470867542217,1.0,2.322853246703744,0.7296279661124532,27.037203388754683
chronos2__experiment_config.instance_normalization-zscore,current_velocity,15T,medium,96,0.7241171816521089,0.7296279986274328,0.40405158638709654,0.16325768446192934,0.20323056826444055,1.6907346714287996,Climate,0.9924470867542217,1.0,2.322853246703744,0.7296279986274328,27.037200137256722
chronos2__experiment_config.instance_normalization-none,current_velocity,15T,short,12,0.5007411130559184,0.5050993677405062,0.370423337418388,0.13721344890417694,0.453088957404636,11.865426881238818,Climate,0.9913714905166404,1.0,12.830142772756517,0.5050993677405062,49.49006322594938
chronos2__experiment_config.instance_normalization-zscore,current_velocity,15T,short,12,0.5007410964751977,0.5050993510154735,0.3704232803103245,0.13721340659586126,0.453088957404636,11.901874566450715,Climate,0.9913714905166404,1.0,12.830142772756517,0.5050993510154735,49.490064898452644
chronos_bolt__experiment_config.instance_normalization-none,current_velocity,15T,long,288,0.9309764178821907,0.8248960300184449,0.4705162732999425,0.22138556344006616,0.18788879728392668,5.673598097637296,Climate,1.1285984948447063,1.0,1.2894736649468541,0.8248960300184449,17.510396998155507
chronos_bolt__experiment_config.instance_normalization-zscore,current_velocity,15T,long,288,0.9309766159587626,0.8248962055251223,0.4705170119734859,0.22138625855645747,0.18788879728392668,5.700340425595641,Climate,1.1285984948447063,1.0,1.2894736649468541,0.8248962055251223,17.510379447487768
chronos_bolt__experiment_config.instance_normalization-none,current_velocity,15T,medium,96,0.7820132300395952,0.7879646587478571,0.4130459250166466,0.17060693617285727,0.20323056826444055,4.754264997318387,Climate,0.9924470867542217,1.0,2.322853246703744,0.7879646587478571,21.203534125214286
chronos_bolt__experiment_config.instance_normalization-zscore,current_velocity,15T,medium,96,0.7820129823376649,0.7879644091608176,0.4130459773465607,0.17060697940217553,0.20323056826444055,4.780833970755339,Climate,0.9924470867542217,1.0,2.322853246703744,0.7879644091608176,21.203559083918243
chronos_bolt__experiment_config.instance_normalization-none,current_velocity,15T,short,12,0.5264439061535141,0.5310258678905166,0.3845825746094821,0.14790375669325784,0.453088957404636,5.638931795954704,Climate,0.9913714905166404,1.0,12.830142772756517,0.5310258678905166,46.897413210948336
chronos_bolt__experiment_config.instance_normalization-zscore,current_velocity,15T,short,12,0.5264437637204555,0.5310257242177765,0.38458285788586555,0.14790397457965984,0.453088957404636,5.881068903952837,Climate,0.9913714905166404,1.0,12.830142772756517,0.5310257242177765,46.89742757822235
ts_icl__experiment_config.instance_normalization-none,current_velocity,15T,long,288,0.8639502699452303,0.7655071966617399,0.42461987949106356,0.18030204205900532,0.18788879728392668,4.726219426840544,Climate,1.1285984948447063,1.0,1.2894736649468541,0.7655071966617399,23.449280333826007
ts_icl__experiment_config.instance_normalization-zscore,current_velocity,15T,long,288,0.863949564042157,0.7655065711930046,0.4246199906116607,0.18030213642704684,0.18788879728392668,4.731276823207736,Climate,1.1285984948447063,1.0,1.2894736649468541,0.7655065711930046,23.449342880699543
ts_icl__experiment_config.instance_normalization-none,current_velocity,15T,medium,96,0.7574821876670954,0.7632469254803556,0.4159638872280825,0.17302595547789693,0.20323056826444055,13.070541828870773,Climate,0.9924470867542217,1.0,2.322853246703744,0.7632469254803556,23.675307451964443
ts_icl__experiment_config.instance_normalization-zscore,current_velocity,15T,medium,96,0.757481881357724,0.7632466168398492,0.4159639018616637,0.1730259676519798,0.20323056826444055,13.030782690271735,Climate,0.9924470867542217,1.0,2.322853246703744,0.7632466168398492,23.675338316015083
ts_icl__experiment_config.instance_normalization-none,current_velocity,15T,short,12,0.5193276915541719,0.5238477165442099,0.38905613308127585,0.15136467468815543,0.453088957404636,93.19883430935442,Climate,0.9913714905166404,1.0,12.830142772756517,0.5238477165442099,47.615228345579006
ts_icl__experiment_config.instance_normalization-zscore,current_velocity,15T,short,12,0.5193277495091694,0.523847775003625,0.3890561934421999,0.15136472165573447,0.453088957404636,92.52589423209429,Climate,0.9913714905166404,1.0,12.830142772756517,0.523847775003625,47.6152224996375
chronos2__experiment_config.instance_normalization-none,current_velocity,20T,long,216,1.0349358614818083,0.7818707943035755,0.6976374435518404,0.4866980026455474,0.5739694775146801,3.3882613219320774,Climate,1.3236660955006534,1.0,5.862513719126582,0.7818707943035755,21.812920569642447
chronos2__experiment_config.instance_normalization-zscore,current_velocity,20T,long,216,1.0349358265848114,0.7818707679396782,0.697637388913184,0.4866979264096052,0.5739694775146801,3.385623447597027,Climate,1.3236660955006534,1.0,5.862513719126582,0.7818707679396782,21.812923206032174
chronos2__experiment_config.instance_normalization-none,current_velocity,20T,medium,72,0.7299694722683221,0.7171297699160067,0.42078303966854297,0.1770583664726986,0.3226624593318943,9.24405125156045,Climate,1.0179042941611798,1.0,11.10418189316988,0.7171297699160067,28.287023008399327
chronos2__experiment_config.instance_normalization-zscore,current_velocity,20T,medium,72,0.7299694921432092,0.7171297894413071,0.42078302020558167,0.17705835009333093,0.3226624593318943,9.21066609583795,Climate,1.0179042941611798,1.0,11.10418189316988,0.7171297894413071,28.28702105586929
chronos2__experiment_config.instance_normalization-none,current_velocity,20T,short,9,0.4727036485451953,0.46537768567175847,0.3362000653035052,0.11303048391008118,0.5877917674840182,59.92649777419865,Climate,1.0157419728083052,1.0,65.24346527643502,0.46537768567175847,53.46223143282416
chronos2__experiment_config.instance_normalization-zscore,current_velocity,20T,short,9,0.47270364192587994,0.46537767915502926,0.33620006819481907,0.113030485854201,0.5877917674840182,59.94850476644933,Climate,1.0157419728083052,1.0,65.24346527643502,0.46537767915502926,53.462232084497074
chronos_bolt__experiment_config.instance_normalization-none,current_velocity,20T,long,216,1.365751198444944,1.0317943498646256,0.8180825367327199,0.669259036907042,0.5739694775146801,23.388579776510596,Climate,1.3236660955006534,1.0,5.862513719126582,1.0317943498646256,-3.1794349864625593
chronos_bolt__experiment_config.instance_normalization-zscore,current_velocity,20T,long,216,1.3657512364762703,1.0317943785964383,0.8180827953711972,0.6692594600823522,0.5739694775146801,24.12162076868117,Climate,1.3236660955006534,1.0,5.862513719126582,1.0317943785964383,-3.17943785964383
chronos_bolt__experiment_config.instance_normalization-none,current_velocity,20T,medium,72,1.1046554990495228,1.0852253059408024,0.6847937011577467,0.46894241314532537,0.3226624593318943,25.503793200477958,Climate,1.0179042941611798,1.0,11.10418189316988,1.0852253059408024,-8.522530594080235
chronos_bolt__experiment_config.instance_normalization-zscore,current_velocity,20T,medium,72,1.104655534832395,1.0852253410942765,0.6847937544776131,0.46894248617154555,0.3226624593318943,26.02537066116929,Climate,1.0179042941611798,1.0,11.10418189316988,1.0852253410942765,-8.52253410942765
chronos_bolt__experiment_config.instance_normalization-none,current_velocity,20T,short,9,0.5819725735844418,0.5729531605112412,0.43537891255147965,0.18955479749450896,0.5877917674840182,29.56893015652895,Climate,1.0157419728083052,1.0,65.24346527643502,0.5729531605112412,42.704683948875875
chronos_bolt__experiment_config.instance_normalization-zscore,current_velocity,20T,short,9,0.5819725420436309,0.57295312945925,0.4353787939375022,0.189554694210474,0.5877917674840182,30.851480804383755,Climate,1.0157419728083052,1.0,65.24346527643502,0.57295312945925,42.704687054074995
ts_icl__experiment_config.instance_normalization-none,current_velocity,20T,long,216,1.1122450157855845,0.840276123688805,0.6802913862736099,0.4627963702380698,0.5739694775146801,23.892365666106343,Climate,1.3236660955006534,1.0,5.862513719126582,0.840276123688805,15.9723876311195
ts_icl__experiment_config.instance_normalization-zscore,current_velocity,20T,long,216,1.1122449477999594,0.8402760723271924,0.6802913242538448,0.46279628585504967,0.5739694775146801,24.043267192319036,Climate,1.3236660955006534,1.0,5.862513719126582,0.8402760723271924,15.972392767280763
ts_icl__experiment_config.instance_normalization-none,current_velocity,20T,medium,72,0.8134401959265366,0.7991322962212916,0.45504919886610307,0.20706977338868224,0.3226624593318943,67.3364599198103,Climate,1.0179042941611798,1.0,11.10418189316988,0.7991322962212916,20.086770377870845
ts_icl__experiment_config.instance_normalization-zscore,current_velocity,20T,medium,72,0.8134402023168751,0.799132302499228,0.4550491734607143,0.20706975026727922,0.3226624593318943,67.62021929770708,Climate,1.0179042941611798,1.0,11.10418189316988,0.799132302499228,20.086769750077206
ts_icl__experiment_config.instance_normalization-none,current_velocity,20T,short,9,0.5218188258961157,0.5137316758245211,0.369536976968835,0.13655757734726529,0.5877917674840182,498.4907118547708,Climate,1.0157419728083052,1.0,65.24346527643502,0.5137316758245211,48.626832417547895
ts_icl__experiment_config.instance_normalization-zscore,current_velocity,20T,short,9,0.5218188171749306,0.5137316672384968,0.36953695155560856,0.1365575585650122,0.5877917674840182,501.3833225108683,Climate,1.0157419728083052,1.0,65.24346527643502,0.5137316672384968,48.626833276150315
chronos2__experiment_config.instance_normalization-none,current_velocity,5T,long,864,0.8498128607052333,0.7777128406354761,0.38290662610168397,0.14661748431257482,0.29190573790947194,0.16312324069440365,Climate,1.0927077660320532,1.0,0.6923420028761029,0.7777128406354761,22.228715936452392
chronos2__experiment_config.instance_normalization-zscore,current_velocity,5T,long,864,0.8498126532589745,0.777712650789421,0.3829062784824962,0.14661721810131492,0.29190573790947194,0.1630476862192154,Climate,1.0927077660320532,1.0,0.6923420028761029,0.777712650789421,22.228734921057903
chronos2__experiment_config.instance_normalization-none,current_velocity,5T,medium,288,0.5887550969808875,0.6464918202535772,0.31666406544864184,0.10027613034646171,0.11522061713881367,0.41297556832432747,Climate,0.9106922601897061,1.0,0.8633319521322846,0.6464918202535772,35.35081797464228
chronos2__experiment_config.instance_normalization-zscore,current_velocity,5T,medium,288,0.5887551047418029,0.6464918287755729,0.3166639311327096,0.10027604528042144,0.11522061713881367,0.40955761075019836,Climate,0.9106922601897061,1.0,0.8633319521322846,0.6464918287755729,35.35081712244271
chronos2__experiment_config.instance_normalization-none,current_velocity,5T,short,36,0.3706701929271874,0.4071054800668598,0.3024086970579897,0.09145102005631098,0.38424047675878115,3.4781714007258415,Climate,0.9105016048084428,1.0,3.565892705693841,0.4071054800668598,59.28945199331401
chronos2__experiment_config.instance_normalization-zscore,current_velocity,5T,short,36,0.3706701173164491,0.4071053970239109,0.3024087504747729,0.09145105236371345,0.38424047675878115,3.450973343104124,Climate,0.9105016048084428,1.0,3.565892705693841,0.4071053970239109,59.28946029760891
chronos_bolt__experiment_config.instance_normalization-none,current_velocity,5T,long,864,1.0664668009130953,0.9759853769372879,0.6220267257977385,0.386917247606655,0.29190573790947194,3.435517957434058,Climate,1.0927077660320532,1.0,0.6923420028761029,0.9759853769372879,2.401462306271207
chronos_bolt__experiment_config.instance_normalization-zscore,current_velocity,5T,long,864,1.0664022448944934,0.9759262979954073,0.6220913663368965,0.3869976680709068,0.29190573790947194,3.378384090960026,Climate,1.0927077660320532,1.0,0.6923420028761029,0.9759262979954073,2.407370200459269
chronos_bolt__experiment_config.instance_normalization-none,current_velocity,5T,medium,288,0.7323406240134054,0.8041581728836168,0.3640244437201134,0.132513795625738,0.11522061713881367,3.4156764447689056,Climate,0.9106922601897061,1.0,0.8633319521322846,0.8041581728836168,19.58418271163832
chronos_bolt__experiment_config.instance_normalization-zscore,current_velocity,5T,medium,288,0.7323418910981913,0.8041595642260507,0.3640249992615293,0.1325142000873564,0.11522061713881367,3.3553059068508446,Climate,0.9106922601897061,1.0,0.8633319521322846,0.8041595642260507,19.584043577394926
chronos_bolt__experiment_config.instance_normalization-none,current_velocity,5T,short,36,0.4309424156630221,0.473302203298902,0.3107609798347468,0.09657238658785193,0.38424047675878115,1.2999343574047089,Climate,0.9105016048084428,1.0,3.565892705693841,0.473302203298902,52.6697796701098
chronos_bolt__experiment_config.instance_normalization-zscore,current_velocity,5T,short,36,0.43094242012176104,0.4733022081959158,0.31076094229503626,0.09657236325609884,0.38424047675878115,1.3213647953234613,Climate,0.9105016048084428,1.0,3.565892705693841,0.4733022081959158,52.669779180408426
ts_icl__experiment_config.instance_normalization-none,current_velocity,5T,long,864,1.0940430192022368,1.001221967310649,0.6784415276478244,0.4602829064371137,0.29190573790947194,1.5858080899342895,Climate,1.0927077660320532,1.0,0.6923420028761029,1.001221967310649,-0.12219673106490525
ts_icl__experiment_config.instance_normalization-zscore,current_velocity,5T,long,864,1.094042335801692,1.001221341891332,0.6784406252585974,0.46028168200127656,0.29190573790947194,1.6168361324816942,Climate,1.0927077660320532,1.0,0.6923420028761029,1.001221341891332,-0.12213418913320506
ts_icl__experiment_config.instance_normalization-none,current_velocity,5T,medium,288,0.6444202193835324,0.7076157858740267,0.28944571868642954,0.0837788240659037,0.11522061713881367,2.313676162622869,Climate,0.9106922601897061,1.0,0.8633319521322846,0.7076157858740267,29.238421412597326
ts_icl__experiment_config.instance_normalization-zscore,current_velocity,5T,medium,288,0.6444202134867695,0.7076157793989931,0.28944568164346485,0.08377880262205001,0.11522061713881367,2.3635719809681177,Climate,0.9106922601897061,1.0,0.8633319521322846,0.7076157793989931,29.23842206010069
ts_icl__experiment_config.instance_normalization-none,current_velocity,5T,short,36,0.40666683057892833,0.4466404325168494,0.29461280492591785,0.08679670482631692,0.38424047675878115,17.38656665571034,Climate,0.9105016048084428,1.0,3.565892705693841,0.4466404325168494,55.33595674831506
ts_icl__experiment_config.instance_normalization-zscore,current_velocity,5T,short,36,0.40666682082423605,0.44664042180331276,0.2946128830032637,0.08679675083149477,0.38424047675878115,17.70098090544343,Climate,0.9105016048084428,1.0,3.565892705693841,0.44664042180331276,55.33595781966872
chronos2__experiment_config.instance_normalization-none,current_velocity,H,long,336,1.353132705831222,0.6840660462276843,1.2101044402836905,1.4643527563943035,1.9703509296939952,0.6496572941541672,Climate,1.97807318941371,1.0,2.3988108662888408,0.6840660462276843,31.59339537723157
chronos2__experiment_config.instance_normalization-zscore,current_velocity,H,long,336,1.3531327655131264,0.6840660763994215,1.210104069747867,1.4643518596203509,1.9703509296939952,0.6545008234679699,Climate,1.97807318941371,1.0,2.3988108662888408,0.6840660763994215,31.593392360057848
chronos2__experiment_config.instance_normalization-none,current_velocity,H,medium,168,1.1473694546649549,0.6223341959795847,0.9173868595481307,0.8415986500715817,1.2185305146164476,1.276093127205968,Climate,1.8436548434542293,1.0,3.0981775810942054,0.6223341959795847,37.76658040204153
chronos2__experiment_config.instance_normalization-zscore,current_velocity,H,medium,168,1.1473695199420828,0.622334231385956,0.9173867371251174,0.8415984254530693,1.2185305146164476,1.2815745435655117,Climate,1.8436548434542293,1.0,3.0981775810942054,0.622334231385956,37.7665768614044
chronos2__experiment_config.instance_normalization-none,current_velocity,H,short,24,0.6887220923168162,0.6662337992328787,0.46794063824903037,0.21896844092490989,0.3826492950103123,7.077555386349559,Climate,1.0337543563683367,1.0,12.451473160646856,0.6662337992328787,33.37662007671213
chronos2__experiment_config.instance_normalization-zscore,current_velocity,H,short,24,0.6887221376270086,0.6662338430635936,0.4679406162461211,0.2189684203327996,0.3826492950103123,7.126040866598487,Climate,1.0337543563683367,1.0,12.451473160646856,0.6662338430635936,33.376615693640645
chronos_bolt__experiment_config.instance_normalization-none,current_velocity,H,long,336,1.6266933009882154,0.822362544365893,1.2967850347324767,1.681651426306111,1.9703509296939952,11.940663436427712,Climate,1.97807318941371,1.0,2.3988108662888408,0.822362544365893,17.763745563410705
chronos_bolt__experiment_config.instance_normalization-zscore,current_velocity,H,long,336,1.626693277229513,0.8223625323548599,1.2967854320770147,1.6816524568471698,1.9703509296939952,12.313243700191379,Climate,1.97807318941371,1.0,2.3988108662888408,0.8223625323548599,17.76374676451401
chronos_bolt__experiment_config.instance_normalization-none,current_velocity,H,medium,168,1.4834479710008108,0.8046234772564353,1.0013297400320422,1.0026612482726371,1.2185305146164476,9.97281014546752,Climate,1.8436548434542293,1.0,3.0981775810942054,0.8046234772564353,19.537652274356464
chronos_bolt__experiment_config.instance_normalization-zscore,current_velocity,H,medium,168,1.4834480346003907,0.804623511752903,1.0013295281914614,1.0026608240281347,1.2185305146164476,10.234666353091598,Climate,1.8436548434542293,1.0,3.0981775810942054,0.804623511752903,19.5376488247097
chronos_bolt__experiment_config.instance_normalization-none,current_velocity,H,short,24,0.8281138920709751,0.8010741497430847,0.48416436618895486,0.23441513348715237,0.3826492950103123,5.611193262040615,Climate,1.0337543563683367,1.0,12.451473160646856,0.8010741497430847,19.892585025691535
chronos_bolt__experiment_config.instance_normalization-zscore,current_velocity,H,short,24,0.8281135269270253,0.801073796521889,0.4841641360096431,0.23441491059796415,0.3826492950103123,5.851784149184823,Climate,1.0337543563683367,1.0,12.451473160646856,0.801073796521889,19.892620347811096
ts_icl__experiment_config.instance_normalization-none,current_velocity,H,long,336,1.3360270016711546,0.6754183863475475,1.2599132255114833,1.5873813358187499,1.9703509296939952,6.483652178198099,Climate,1.97807318941371,1.0,2.3988108662888408,0.6754183863475475,32.45816136524525
ts_icl__experiment_config.instance_normalization-zscore,current_velocity,H,long,336,1.3360269914459884,0.6754183811782917,1.2599129971704415,1.587380760439005,1.9703509296939952,6.493636442348361,Climate,1.97807318941371,1.0,2.3988108662888408,0.6754183811782917,32.458161882170835
ts_icl__experiment_config.instance_normalization-none,current_velocity,H,medium,168,1.172189045510165,0.6357963637672974,0.8861673208434371,0.7852925205308352,1.2185305146164476,12.445163508877158,Climate,1.8436548434542293,1.0,3.0981775810942054,0.6357963637672974,36.420363623270255
ts_icl__experiment_config.instance_normalization-zscore,current_velocity,H,medium,168,1.1721889040514335,0.6357962870399577,0.8861669858386628,0.7852919267903808,1.2185305146164476,12.46254413574934,Climate,1.8436548434542293,1.0,3.0981775810942054,0.6357962870399577,36.42037129600423
ts_icl__experiment_config.instance_normalization-none,current_velocity,H,short,24,0.7341019003197232,0.7101318565647288,0.47165741721324433,0.22246071921226845,0.3826492950103123,85.74536653421819,Climate,1.0337543563683367,1.0,12.451473160646856,0.7101318565647288,28.986814343527122
ts_icl__experiment_config.instance_normalization-zscore,current_velocity,H,short,24,0.7341019370808456,0.7101318921255196,0.47165742885357653,0.2224607301927666,0.3826492950103123,85.7518674954772,Climate,1.0337543563683367,1.0,12.451473160646856,0.7101318921255196,28.986810787448036
chronos2__experiment_config.instance_normalization-none,epf_electricity_price,H,long,168,1.3994284061370788,0.7012950561917676,0.9389933556592038,0.8817085219721321,2.061898174629208,0.37102823331952095,Finance,1.9954916176600113,1.0,0.6750172125175595,0.7012950561917676,29.870494380823242
chronos2__experiment_config.instance_normalization-zscore,epf_electricity_price,H,long,168,1.399428433948072,0.7012950701286806,0.9389934248857733,0.8817086519787144,2.061898174629208,0.37170927599072456,Finance,1.9954916176600113,1.0,0.6750172125175595,0.7012950701286806,29.870492987131936
chronos2__experiment_config.instance_normalization-none,epf_electricity_price,H,medium,72,1.209757884715994,0.6491778388804407,0.94462963780452,0.8923251526186987,2.1638735496972785,0.8470256254076958,Finance,1.8635230783637327,1.0,1.2589816534891725,0.6491778388804407,35.08221611195593
chronos2__experiment_config.instance_normalization-zscore,epf_electricity_price,H,medium,72,1.2097578852458801,0.6491778391647871,0.9446296438579335,0.8923251640551662,2.1638735496972785,0.834017114713788,Finance,1.8635230783637327,1.0,1.2589816534891725,0.6491778391647871,35.08221608352129
chronos2__experiment_config.instance_normalization-none,epf_electricity_price,H,short,24,0.9582914513423078,0.6707122771675035,0.8828304515994457,0.7793896062712813,1.4925386582068707,2.754687637090683,Finance,1.4287668259022852,1.0,3.303646160289645,0.6707122771675035,32.92877228324965
chronos2__experiment_config.instance_normalization-zscore,epf_electricity_price,H,short,24,0.9582914472549781,0.6707122743067641,0.8828304405044641,0.7793895866813061,1.4925386582068707,2.73174368403852,Finance,1.4287668259022852,1.0,3.303646160289645,0.6707122743067641,32.92877256932359
chronos_bolt__experiment_config.instance_normalization-none,epf_electricity_price,H,long,168,1.469630560166673,0.7364754365092334,0.9704849551531478,0.9418410481786074,2.061898174629208,1.4658843912184238,Finance,1.9954916176600113,1.0,0.6750172125175595,0.7364754365092334,26.352456349076657
chronos_bolt__experiment_config.instance_normalization-zscore,epf_electricity_price,H,long,168,1.4696305721618073,0.7364754425203507,0.970485008517137,0.9418411517565075,2.061898174629208,1.4695164784789085,Finance,1.9954916176600113,1.0,0.6750172125175595,0.7364754425203507,26.35245574796493
chronos_bolt__experiment_config.instance_normalization-none,epf_electricity_price,H,medium,72,1.2501886284244879,0.670873703116259,0.9651566312776669,0.9315273228992542,2.1638735496972785,1.8468762785196304,Finance,1.8635230783637327,1.0,1.2589816534891725,0.670873703116259,32.912629688374096
chronos_bolt__experiment_config.instance_normalization-zscore,epf_electricity_price,H,medium,72,1.2501886032382659,0.6708736896008793,0.9651566317153908,0.9315273237441986,2.1638735496972785,1.8648447021842003,Finance,1.8635230783637327,1.0,1.2589816534891725,0.6708736896008793,32.912631039912064
chronos_bolt__experiment_config.instance_normalization-none,epf_electricity_price,H,short,24,0.9865224365484573,0.6904712642144776,0.8574124195719857,0.7351560572362867,1.4925386582068707,1.0197414681315422,Finance,1.4287668259022852,1.0,3.303646160289645,0.6904712642144776,30.952873578552243
chronos_bolt__experiment_config.instance_normalization-zscore,epf_electricity_price,H,short,24,0.9865224224960375,0.690471254379129,0.8574124270128443,0.735156069996056,1.4925386582068707,1.0524193346500397,Finance,1.4287668259022852,1.0,3.303646160289645,0.690471254379129,30.952874562087096
ts_icl__experiment_config.instance_normalization-none,epf_electricity_price,H,long,168,1.406930503128837,0.7050545793716021,0.8288598021531841,0.6870085716254155,2.061898174629208,1.8601945545524359,Finance,1.9954916176600113,1.0,0.6750172125175595,0.7050545793716021,29.49454206283979
ts_icl__experiment_config.instance_normalization-zscore,epf_electricity_price,H,long,168,1.4069304885280667,0.7050545720547232,0.8288597907909042,0.6870085527899416,2.061898174629208,1.8667349815368652,Finance,1.9954916176600113,1.0,0.6750172125175595,0.7050545720547232,29.49454279452768
ts_icl__experiment_config.instance_normalization-none,epf_electricity_price,H,medium,72,1.1992278750561916,0.6435272463108824,0.8801189845570391,0.7746094269777135,2.1638735496972785,4.238079050555825,Finance,1.8635230783637327,1.0,1.2589816534891725,0.6435272463108824,35.64727536891176
ts_icl__experiment_config.instance_normalization-zscore,epf_electricity_price,H,medium,72,1.1992278725439685,0.6435272449627782,0.8801189734671474,0.7746094074568652,2.1638735496972785,4.246553482487798,Finance,1.8635230783637327,1.0,1.2589816534891725,0.6435272449627782,35.64727550372218
ts_icl__experiment_config.instance_normalization-none,epf_electricity_price,H,short,24,0.9572336223044459,0.6699718981086645,0.8398324239936795,0.7053185003910996,1.4925386582068707,12.727186312898993,Finance,1.4287668259022852,1.0,3.303646160289645,0.6699718981086645,33.00281018913355
ts_icl__experiment_config.instance_normalization-zscore,epf_electricity_price,H,short,24,0.9572336179185607,0.6699718950389647,0.8398323840528031,0.7053184333038149,1.4925386582068707,12.722335847094655,Finance,1.4287668259022852,1.0,3.303646160289645,0.6699718950389647,33.00281049610353
seasonal_naive,epf_electricity_price,H,short,24,1.4287668259022852,1.0,1.221694993935422,1.4925386582068707,1.4925386582068707,3.303646160289645,Finance,1.4287668259022852,1.0,3.303646160289645,1.0,0.0
seasonal_naive,current_velocity,5T,medium,288,0.9106922601897061,1.0,0.3394416255246455,0.11522061713881367,0.11522061713881367,0.8633319521322846,Climate,0.9106922601897061,1.0,0.8633319521322846,1.0,0.0
seasonal_naive,ECDC_COVID,W,short,13,1.5433643330513203,1.0,1.5894082311142634,2.5262185251337717,2.5262185251337717,0.24623477086424828,Healthcare,1.5433643330513203,1.0,0.24623477086424828,1.0,0.0
seasonal_naive,OpenElectricity_NEM,5T,short,24,1.021668339182264,1.0,0.9240274217057249,0.8538266760641295,0.8538266760641295,9.567372966557741,Energy,1.021668339182264,1.0,9.567372966557741,1.0,0.0
seasonal_naive,Auto_Production_SF,M,short,12,0.9634651517903213,1.0,0.4120834620259613,0.1698127796753019,0.1698127796753019,0.024433504790067673,Economics,0.9634651517903213,1.0,0.024433504790067673,1.0,0.0
seasonal_naive,SG_Carpark,15T,medium,96,0.9472441633805834,1.0,0.8315971040944682,0.6915537435383057,0.6915537435383057,14.793124185875058,Transport,0.9472441633805834,1.0,14.793124185875058,1.0,0.0
seasonal_naive,US_Labor,M,short,12,1.7726043654315742,1.0,1.713712213954034,2.936809552255237,2.936809552255237,0.31104636937379837,Economics,1.7726043654315742,1.0,0.31104636937379837,1.0,0.0
seasonal_naive,Coastal_T_S,20T,long,216,1.837785242009726,1.0,1.3174335013795484,1.7356310305571765,1.7356310305571765,0.11135085113346577,Climate,1.837785242009726,1.0,0.11135085113346577,1.0,0.0
seasonal_naive,Global_Price,Q,short,4,1.8604859355497676,1.0,1.8573657897006313,3.4498076767502495,3.4498076767502495,1.0117378337308764,Economics,1.8604859355497676,1.0,1.0117378337308764,1.0,0.0
seasonal_naive,SG_PM25,H,medium,72,1.1852409592075988,1.0,0.4503747981319872,0.20283745879242823,0.20283745879242823,0.9929322004318237,Climate,1.1852409592075988,1.0,0.9929322004318237,1.0,0.0
seasonal_naive,ECDC_COVID,D,short,30,3.5426548068444346,1.0,3.0764544936695892,9.46457225161981,9.46457225161981,0.16327598877251148,Healthcare,3.5426548068444346,1.0,0.16327598877251148,1.0,0.0
seasonal_naive,current_velocity,20T,long,216,1.3236660955006534,1.0,0.7576077332727538,0.5739694775146801,0.5739694775146801,5.862513719126582,Climate,1.3236660955006534,1.0,5.862513719126582,1.0,0.0
seasonal_naive,Coastal_T_S,5T,medium,288,1.222066258731106,1.0,1.1701062000737548,1.3691485194510418,1.3691485194510418,10.081392582505941,Climate,1.222066258731106,1.0,10.081392582505941,1.0,0.0
seasonal_naive,Coastal_T_S,5T,short,36,1.2182080348379292,1.0,1.2981254054538556,1.685129568284737,1.685129568284737,47.6121036214754,Climate,1.2182080348379292,1.0,47.6121036214754,1.0,0.0
seasonal_naive,Australia_Solar,H,medium,72,1.3589947306642882,1.0,0.829210915430357,0.6875907422688505,0.6875907422688505,0.6641839258372784,Climate,1.3589947306642882,1.0,0.6641839258372784,1.0,0.0
seasonal_naive,Coastal_T_S,H,medium,168,2.05499932278695,1.0,1.7549092356684324,3.0797064254343613,3.0797064254343613,1.804201859049499,Climate,2.05499932278695,1.0,1.804201859049499,1.0,0.0
seasonal_naive,Global_Influenza,W,short,13,4.230835072275004,1.0,5.512606079900088,30.38882579215142,30.38882579215142,0.980701144784689,Healthcare,4.230835072275004,1.0,0.980701144784689,1.0,0.0
seasonal_naive,OpenElectricity_NEM,5T,long,288,1.0224745372877215,1.0,0.4649488547460206,0.21617743752963614,0.21617743752963614,1.473781293258071,Energy,1.0224745372877215,1.0,1.473781293258071,1.0,0.0
seasonal_naive,Coastal_T_S,20T,medium,72,1.2827707713444634,1.0,0.8994246593808047,0.8089647179022766,0.8089647179022766,0.2132205916568637,Climate,1.2827707713444634,1.0,0.2132205916568637,1.0,0.0
seasonal_naive,current_velocity,10T,short,18,1.042604019237951,1.0,0.6933501705785258,0.4807344590412708,0.4807344590412708,31.85003567300737,Climate,1.042604019237951,1.0,31.85003567300737,1.0,0.0
seasonal_naive,azure2019_I,5T,short,288,0.9861099951301255,1.0,0.44951165233184964,0.20206072558210966,0.20206072558210966,39.59057625103742,Unclassified,0.9861099951301255,1.0,39.59057625103742,1.0,0.0
seasonal_naive,current_velocity,20T,medium,72,1.0179042941611798,1.0,0.5680338540367944,0.3226624593318943,0.3226624593318943,11.10418189316988,Climate,1.0179042941611798,1.0,11.10418189316988,1.0,0.0
seasonal_naive,MetroPT-3,5T,short,48,0.8726224746907574,1.0,0.2757003391511327,0.07601067700804957,0.07601067700804957,1.0416007470339537,Transport,0.8726224746907574,1.0,1.0416007470339537,1.0,0.0
seasonal_naive,Uncertainty_1M,M,short,6,0.9687122092330922,1.0,0.6807865455811538,0.4634703206443205,0.4634703206443205,0.12652770429849625,Economics,0.9687122092330922,1.0,0.12652770429849625,1.0,0.0
seasonal_naive,epf_electricity_price,H,medium,72,1.8635230783637327,1.0,1.4710110637576044,2.1638735496972785,2.1638735496972785,1.2589816534891725,Finance,1.8635230783637327,1.0,1.2589816534891725,1.0,0.0
seasonal_naive,OpenElectricity_NEM,5T,medium,96,1.0220753966761364,1.0,0.7497558954458872,0.5621339027558641,0.5621339027558641,2.961383949033916,Energy,1.0220753966761364,1.0,2.961383949033916,1.0,0.0
seasonal_naive,Commodity_Import,M,short,12,1.8336477254740147,1.0,2.1583787725854373,4.658598925947419,4.658598925947419,0.23737083096057177,Economics,1.8336477254740147,1.0,0.23737083096057177,1.0,0.0
seasonal_naive,CPHL,15T,long,288,1.556704626979664,1.0,0.966866738564371,0.9348312901421038,0.9348312901421038,0.08728386927396059,Climate,1.556704626979664,1.0,0.08728386927396059,1.0,0.0
seasonal_naive,current_velocity,10T,long,432,1.437499922931037,1.0,0.802103190101743,0.6433695275713929,0.6433695275713929,3.6895391680300236,Climate,1.437499922931037,1.0,3.6895391680300236,1.0,0.0
seasonal_naive,CPHL,30T,short,12,1.9158052500490743,1.0,1.417296149145848,2.00872837438365,2.00872837438365,0.9665918750688434,Climate,1.9158052500490743,1.0,0.9665918750688434,1.0,0.0
seasonal_naive,Housing_Inventory,M,short,12,0.6840076077319015,1.0,0.39788380286429137,0.15831152058175027,0.15831152058175027,0.04277162812650204,Economics,0.6840076077319015,1.0,0.04277162812650204,1.0,0.0
seasonal_naive,NE_China_Wind,H,short,24,0.8322078490336116,1.0,0.6320861331232855,0.39953287968674783,0.39953287968674783,0.45941207837313414,Climate,0.8322078490336116,1.0,0.45941207837313414,1.0,0.0
seasonal_naive,MetroPT-3,5T,long,576,0.8686901704875118,1.0,0.14909093131981657,0.022228105801810265,0.022228105801810265,0.25579052697867155,Transport,0.8686901704875118,1.0,0.25579052697867155,1.0,0.0
seasonal_naive,Supply_Chain_Customer,D,short,30,1.5244040426120686,1.0,0.8725792135654238,0.7613944839464535,0.7613944839464535,1.5101168360561132,Sales,1.5244040426120686,1.0,1.5101168360561132,1.0,0.0
seasonal_naive,Water_Quality_Darwin,15T,short,16,1.0871610587899843,1.0,1.156784190715721,1.3381496638898256,1.3381496638898256,15.32182686496526,Climate,1.0871610587899843,1.0,15.32182686496526,1.0,0.0
seasonal_naive,CPHL,15T,medium,96,1.37281934883039,1.0,0.7895232215323791,0.6233469173388662,0.6233469173388662,0.15893543139100075,Climate,1.37281934883039,1.0,0.15893543139100075,1.0,0.0
seasonal_naive,current_velocity,10T,medium,144,1.0437112263446233,1.0,0.503041797645842,0.25305105017876023,0.25305105017876023,6.091557212173939,Climate,1.0437112263446233,1.0,6.091557212173939,1.0,0.0
seasonal_naive,CPHL,15T,short,12,1.3686982871636935,1.0,1.1001396990100754,1.2103073573379792,1.2103073573379792,0.8933454435318708,Climate,1.3686982871636935,1.0,0.8933454435318708,1.0,0.0
seasonal_naive,SG_Weather,D,long,14,1.1878086823687262,1.0,0.7428700721653868,0.5518559441190071,0.5518559441190071,2.067176808603108,Climate,1.1878086823687262,1.0,2.067176808603108,1.0,0.0
seasonal_naive,CPHL,30T,long,144,2.2236567264315648,1.0,1.2677986708600044,1.6073134698343936,1.6073134698343936,0.13040409795939922,Climate,2.2236567264315648,1.0,0.13040409795939922,1.0,0.0
seasonal_naive,NE_China_Wind,H,long,168,1.3310720643183538,1.0,0.8238518967724852,0.6787319478156216,0.6787319478156216,0.10292179975658655,Climate,1.3310720643183538,1.0,0.10292179975658655,1.0,0.0
seasonal_naive,Finland_Traffic,15T,short,16,0.7821655158923493,1.0,0.7379019326551136,0.5444992622161519,0.5444992622161519,0.952554508112371,Transport,0.7821655158923493,1.0,0.952554508112371,1.0,0.0
seasonal_naive,MetroPT-3,5T,medium,288,0.8535683382965379,1.0,0.1403422923174689,0.019695959012921885,0.019695959012921885,0.3266339413821697,Transport,0.8535683382965379,1.0,0.3266339413821697,1.0,0.0
seasonal_naive,current_velocity,H,long,336,1.97807318941371,1.0,1.4036918927221869,1.9703509296939952,1.9703509296939952,2.3988108662888408,Climate,1.97807318941371,1.0,2.3988108662888408,1.0,0.0
seasonal_naive,Water_Quality_Darwin,15T,long,288,1.591229713377238,1.0,1.2352317031576296,1.5257973604856987,1.5257973604856987,2.003494313918054,Climate,1.591229713377238,1.0,2.003494313918054,1.0,0.0
seasonal_naive,JOLTS,M,short,12,1.68559441428069,1.0,0.9422230958137535,0.8877843622848538,0.8877843622848538,0.12435972783714533,Economics,1.68559441428069,1.0,0.12435972783714533,1.0,0.0
seasonal_naive,azure2019_D,5T,short,288,1.0620292713988297,1.0,1.3522625111248772,1.8286138989937584,1.8286138989937584,79.90540184918791,Unclassified,1.0620292713988297,1.0,79.90540184918791,1.0,0.0
seasonal_naive,CPHL,30T,medium,48,1.893340926882399,1.0,1.2196879954940523,1.4876388063522994,1.4876388063522994,0.283974077552557,Climate,1.893340926882399,1.0,0.283974077552557,1.0,0.0
seasonal_naive,Port_Activity,W,short,13,0.9755398949343401,1.0,0.46340282894494556,0.21474218187417846,0.21474218187417846,3.622349251061678,Transport,0.9755398949343401,1.0,3.622349251061678,1.0,0.0
seasonal_naive,SG_Weather,D,short,3,1.0689616504483799,1.0,0.8072085701870649,0.6515856757834457,0.6515856757834457,9.068410464562476,Climate,1.0689616504483799,1.0,9.068410464562476,1.0,0.0
seasonal_naive,Finland_Traffic,15T,long,672,0.9356216079721509,1.0,0.13704519299139284,0.018781384922048106,0.018781384922048106,0.06827850919216871,Transport,0.9356216079721509,1.0,0.06827850919216871,1.0,0.0
seasonal_naive,NE_China_Wind,H,medium,72,1.092497259593467,1.0,0.7653438843122552,0.5857512612541707,0.5857512612541707,0.18750894628465176,Climate,1.092497259593467,1.0,0.18750894628465176,1.0,0.0
seasonal_naive,Online_Retail_2_UCI,D,short,30,1.6232577008686375,1.0,0.8410860891561767,0.7074258093720319,0.7074258093720319,0.02367151528596878,Sales,1.6232577008686375,1.0,0.02367151528596878,1.0,0.0
seasonal_naive,SG_Carpark,15T,long,672,1.307891992764626,1.0,0.8004603647259972,0.6407367954972765,0.6407367954972765,6.359087245538831,Transport,1.307891992764626,1.0,6.359087245538831,1.0,0.0
seasonal_naive,current_velocity,H,short,24,1.0337543563683367,1.0,0.6185865299295744,0.3826492950103123,0.3826492950103123,12.451473160646856,Climate,1.0337543563683367,1.0,12.451473160646856,1.0,0.0
seasonal_naive,Water_Quality_Darwin,15T,medium,96,1.0892248555624096,1.0,0.9307003899397323,0.8662032158339698,0.8662032158339698,3.5120491245761514,Climate,1.0892248555624096,1.0,3.5120491245761514,1.0,0.0
seasonal_naive,SG_PM25,H,long,168,1.2909773955323274,1.0,0.353421486186987,0.12490674689861864,0.12490674689861864,0.5450284564867616,Climate,1.2909773955323274,1.0,0.5450284564867616,1.0,0.0
seasonal_naive,current_velocity,15T,short,12,0.9913714905166404,1.0,0.6731188285916804,0.453088957404636,0.453088957404636,12.830142772756517,Climate,0.9913714905166404,1.0,12.830142772756517,1.0,0.0
seasonal_naive,Port_Activity,D,short,30,0.9536286637709488,1.0,0.6045393642018696,0.36546784286960077,0.36546784286960077,8.336052159778774,Transport,0.9536286637709488,1.0,8.336052159778774,1.0,0.0
seasonal_naive,Supply_Chain_Location,D,short,30,1.4264456517338167,1.0,0.7598386653006373,0.5773547972858538,0.5773547972858538,2.1239393455907702,Sales,1.4264456517338167,1.0,2.1239393455907702,1.0,0.0
seasonal_naive,Smart_Manufacturing,H,short,24,0.9987212256449988,1.0,0.19538696492859342,0.03817606606400739,0.03817606606400739,8.254228632897139,Industry,0.9987212256449988,1.0,8.254228632897139,1.0,0.0
seasonal_naive,Australia_Solar,H,long,168,1.2762842341465261,1.0,0.6487972292638606,0.42093784470046247,0.42093784470046247,0.36489084642380476,Climate,1.2762842341465261,1.0,0.36489084642380476,1.0,0.0
seasonal_naive,EWELD_Load,15T,long,672,0.9730884442803625,1.0,0.4877942060807641,0.237943187485963,0.237943187485963,0.3245005141943693,Energy,0.9730884442803625,1.0,0.3245005141943693,1.0,0.0
seasonal_naive,Finland_Traffic,15T,medium,96,0.7819762468379376,1.0,0.4133489668481001,0.17085736839439175,0.17085736839439175,0.20476613473147154,Transport,0.7819762468379376,1.0,0.20476613473147154,1.0,0.0
seasonal_naive,azure2019_U,5T,short,48,1.1130542641708217,1.0,1.1071539966917516,1.2257899723905192,1.2257899723905192,5.367972842417657,Cloud operations,1.1130542641708217,1.0,5.367972842417657,1.0,0.0
seasonal_naive,Coastal_T_S,15T,long,288,1.5935046166703226,1.0,1.1535594416256896,1.3306993853637727,1.3306993853637727,0.7146508358418941,Climate,1.5935046166703226,1.0,0.7146508358418941,1.0,0.0
seasonal_naive,CPHL,H,short,24,1.5555461077967614,1.0,0.9725855144275046,0.9459225828742138,0.9459225828742138,0.4137184591963887,Climate,1.5555461077967614,1.0,0.4137184591963887,1.0,0.0
seasonal_naive,Job_Claims,W,short,13,2.721408984092651,1.0,1.3451556826300457,1.8094438105119042,1.8094438105119042,0.03477336373180151,Economics,2.721408984092651,1.0,0.03477336373180151,1.0,0.0
seasonal_naive,current_velocity,5T,short,36,0.9105016048084428,1.0,0.6198713388750775,0.38424047675878115,0.38424047675878115,3.565892705693841,Climate,0.9105016048084428,1.0,3.565892705693841,1.0,0.0
seasonal_naive,Crypto,D,short,30,6.169569272851417,1.0,5.261962632150346,27.688250742146593,27.688250742146593,0.13141694758087397,Finance,6.169569272851417,1.0,0.13141694758087397,1.0,0.0
seasonal_naive,SG_Carpark,15T,short,16,0.9420673883040124,1.0,1.1650298484221824,1.3572945477146132,1.3572945477146132,64.31157630681992,Transport,0.9420673883040124,1.0,64.31157630681992,1.0,0.0
seasonal_naive,current_velocity,15T,long,288,1.1285984948447063,1.0,0.4334614138351033,0.18788879728392668,0.18788879728392668,1.2894736649468541,Climate,1.1285984948447063,1.0,1.2894736649468541,1.0,0.0
seasonal_naive,Commodity_Production,M,short,12,1.220088634016739,1.0,0.730035105873204,0.5329512558073002,0.5329512558073002,0.6614465108141303,Economics,1.220088634016739,1.0,0.6614465108141303,1.0,0.0
seasonal_naive,SG_PM25,H,short,24,1.1720073818805468,1.0,0.5067794736737509,0.2568254349370439,0.2568254349370439,2.6252891682088375,Climate,1.1720073818805468,1.0,2.6252891682088375,1.0,0.0
seasonal_naive,Smart_Manufacturing,H,long,336,1.0022363197581337,1.0,0.10964091292204521,0.0120211297863795,0.0120211297863795,1.5732318125665188,Industry,1.0022363197581337,1.0,1.5732318125665188,1.0,0.0
seasonal_naive,Vehicle_Supply,M,short,12,1.1123545370322176,1.0,0.786233925224276,0.6181637851735725,0.6181637851735725,0.13469098322093487,Economics,1.1123545370322176,1.0,0.13469098322093487,1.0,0.0
seasonal_naive,SG_Weather,D,medium,7,1.180304070490495,1.0,0.7875160542587117,0.6201815357152103,0.6201815357152103,3.9589907936751842,Climate,1.180304070490495,1.0,3.9589907936751842,1.0,0.0
seasonal_naive,EWELD_Load,15T,medium,96,0.9107484734313388,1.0,0.4903450312078473,0.24043824963022473,0.24043824963022473,0.8178674932569265,Energy,0.9107484734313388,1.0,0.8178674932569265,1.0,0.0
seasonal_naive,US_Term_Structure,B,short,20,1.7649879489699798,1.0,1.016550232153112,1.0333743744905457,1.0333743744905457,76.68119631055743,Finance,1.7649879489699798,1.0,76.68119631055743,1.0,0.0
seasonal_naive,Australia_Solar,H,short,24,1.235468758758717,1.0,0.9655624901150337,0.9323109223171446,0.9323109223171446,1.7007500659674406,Climate,1.235468758758717,1.0,1.7007500659674406,1.0,0.0
seasonal_naive,EWELD_Load,15T,short,24,0.9109076791493171,1.0,0.7927334143903945,0.6284262662910528,0.6284262662910528,2.7549216523766518,Energy,0.9109076791493171,1.0,2.7549216523766518,1.0,0.0
seasonal_naive,Coastal_T_S,15T,medium,96,1.4516859811322,1.0,1.1328980513409392,1.2834579947320974,1.2834579947320974,1.338175474666059,Climate,1.4516859811322,1.0,1.338175474666059,1.0,0.0
seasonal_naive,Coastal_T_S,H,short,24,1.204935864293014,1.0,1.6422792918413454,2.6970812724109106,2.6970812724109106,7.276267562992871,Climate,1.204935864293014,1.0,7.276267562992871,1.0,0.0
seasonal_naive,WUI_Global,Q,short,4,1.2752554228759418,1.0,0.7806254978170413,0.6093761678421035,0.6093761678421035,0.30773282889276743,Economics,1.2752554228759418,1.0,0.30773282889276743,1.0,0.0
seasonal_naive,epf_electricity_price,H,long,168,1.9954916176600113,1.0,1.435931117647782,2.061898174629208,2.061898174629208,0.6750172125175595,Finance,1.9954916176600113,1.0,0.6750172125175595,1.0,0.0
seasonal_naive,CPHL,H,long,336,2.524261882033793,1.0,1.1523358314221883,1.3278778683794659,1.3278778683794659,0.07477753702551126,Climate,2.524261882033793,1.0,0.07477753702551126,1.0,0.0
seasonal_naive,Coastal_T_S,15T,short,12,1.447975868226236,1.0,1.26919754429659,1.6108624064484944,1.6108624064484944,7.751331891864538,Climate,1.447975868226236,1.0,7.751331891864538,1.0,0.0
seasonal_naive,current_velocity,5T,long,864,1.0927077660320532,1.0,0.5402830164917938,0.29190573790947194,0.29190573790947194,0.6923420028761029,Climate,1.0927077660320532,1.0,0.6923420028761029,1.0,0.0
seasonal_naive,current_velocity,H,medium,168,1.8436548434542293,1.0,1.1038706965113476,1.2185305146164476,1.2185305146164476,3.0981775810942054,Climate,1.8436548434542293,1.0,3.0981775810942054,1.0,0.0
seasonal_naive,current_velocity,15T,medium,96,0.9924470867542217,1.0,0.45081101169385884,0.20323056826444055,0.20323056826444055,2.322853246703744,Climate,0.9924470867542217,1.0,2.322853246703744,1.0,0.0
seasonal_naive,Coastal_T_S,20T,short,9,1.2782414293270614,1.0,1.1796595512946801,1.391596656960766,1.391596656960766,1.2665154142305255,Climate,1.2782414293270614,1.0,1.2665154142305255,1.0,0.0
seasonal_naive,Smart_Manufacturing,H,medium,168,1.0059162251273246,1.0,0.11519203971926659,0.01326920601468509,0.01326920601468509,2.0938354451209307,Industry,1.0059162251273246,1.0,2.0938354451209307,1.0,0.0
seasonal_naive,Coastal_T_S,5T,long,864,1.4810239029575263,1.0,1.344496187052519,1.8076699969987622,1.8076699969987622,6.789144224487245,Climate,1.4810239029575263,1.0,6.789144224487245,1.0,0.0
seasonal_naive,current_velocity,20T,short,9,1.0157419728083052,1.0,0.76667579033384,0.5877917674840182,0.5877917674840182,65.24346527643502,Climate,1.0157419728083052,1.0,65.24346527643502,1.0,0.0
seasonal_naive,Oil_Price,B,short,20,1.5496690109476723,1.0,1.1441054122537264,1.308977194348269,1.308977194348269,12.918505388312042,Finance,1.5496690109476723,1.0,12.918505388312042,1.0,0.0
seasonal_naive,Vehicle_Sales,M,short,12,1.3003774304433904,1.0,0.9329941711002446,0.8704781233070326,0.8704781233070326,0.2621117187663913,Sales,1.3003774304433904,1.0,0.2621117187663913,1.0,0.0
seasonal_naive,Coastal_T_S,H,long,336,2.646814492501095,1.0,3.0520109575615497,9.314770885075767,9.314770885075767,1.3289766171947122,Climate,2.646814492501095,1.0,1.3289766171947122,1.0,0.0
seasonal_naive,CPHL,H,medium,168,2.2276216946589162,1.0,0.7777575640639581,0.6049068284587019,0.6049068284587019,0.1013115681707859,Climate,2.2276216946589162,1.0,0.1013115681707859,1.0,0.0
