domain,model,tasks,finite_MASE_tasks,mean_task_MASE,scaled_MASE,total_inference_seconds,timed_tasks,prediction_nan_values,prediction_values,prediction_nan_rate,relative_improvement_percent,relative_scaled_improvement_percent,relative_tasks,mean_paired_improvement_percent,paired_percentage_tasks,reference_mean_loss,reference_total_inference_seconds
Climate,chronos2__model_config.context_length-1024__pipeline_config.raw_inference.completed_at-2026-09-27T13_47_17.205991_00_00,1,1,1.2101589412344493,0.9481892111937777,0.03714730404317379,1,0,56439,0.0,5.181078880622225,5.181078880622225,1,5.181078880622225,1,1.2762842341465261,0.36444639787077904
Climate,chronos2__model_config.context_length-2048__pipeline_config.raw_inference.completed_at-2026-09-27T13_43_00.015323_00_00,1,1,1.1987197732703678,0.9392263425333096,0.06075688824057579,1,0,56439,0.0,6.077365746669039,6.077365746669039,1,6.077365746669039,1,1.2762842341465261,0.36444639787077904
Climate,chronos2__model_config.context_length-4096__pipeline_config.raw_inference.completed_at-2026-09-27T13_43_36.730550_00_00,1,1,1.197978616803683,0.9386456282638268,0.1230241023004055,1,0,56439,0.0,6.135437173617319,6.135437173617319,1,6.135437173617319,1,1.2762842341465261,0.36444639787077904
Climate,chronos2__model_config.context_length-512__pipeline_config.raw_inference.completed_at-2026-09-27T13_48_40.521193_00_00,1,1,1.2435342998580428,0.9743396232498446,0.027842868119478226,1,0,56439,0.0,2.5660376750155423,2.5660376750155423,1,2.5660376750155423,1,1.2762842341465261,0.36444639787077904
Climate,chronos2__model_config.context_length-8192__pipeline_config.raw_inference.completed_at-2026-09-26T15_50_24.246215_00_00,1,1,1.2018281745126123,0.9416618511442288,0.21007609739899635,1,0,56439,0.0,5.833814885577116,5.833814885577116,1,5.833814885577116,1,1.2762842341465261,0.36444639787077904
Climate,chronos2__model_config.context_length-1024__pipeline_config.raw_inference.completed_at-2026-09-27T13_47_16.845881_00_00,1,1,1.192384679690315,0.8774019889742083,0.10918907821178436,1,0,56439,0.0,12.259801102579171,12.259801102579171,1,12.259801102579171,1,1.3589947306642882,0.665783291682601
Climate,chronos2__model_config.context_length-2048__pipeline_config.raw_inference.completed_at-2026-09-27T13_42_59.635203_00_00,1,1,1.1702760412750741,0.8611336121244806,0.1660711169242859,1,0,56439,0.0,13.886638787551941,13.886638787551941,1,13.886638787551941,1,1.3589947306642882,0.665783291682601
Climate,chronos2__model_config.context_length-4096__pipeline_config.raw_inference.completed_at-2026-09-27T13_43_36.284415_00_00,1,1,1.1772909041326418,0.8662954149624789,0.2825839724391699,1,0,56439,0.0,13.370458503752115,13.370458503752115,1,13.370458503752115,1,1.3589947306642882,0.665783291682601
Climate,chronos2__model_config.context_length-512__pipeline_config.raw_inference.completed_at-2026-09-27T13_48_40.171380_00_00,1,1,1.2604545161763114,0.92749036308639,0.08763460256159306,1,0,56439,0.0,7.250963691361001,7.250963691361001,1,7.250963691361001,1,1.3589947306642882,0.665783291682601
Climate,chronos2__model_config.context_length-8192__pipeline_config.raw_inference.completed_at-2026-09-26T15_50_23.714072_00_00,1,1,1.1800124167717907,0.8682980074506915,0.502515560016036,1,0,56439,0.0,13.170199254930848,13.170199254930848,1,13.170199254930848,1,1.3589947306642882,0.665783291682601
Climate,chronos2__model_config.context_length-1024__pipeline_config.raw_inference.completed_at-2026-09-27T13_47_16.337286_00_00,1,1,1.0742782619446927,0.869530900177538,0.38195967487990856,1,0,56439,0.0,13.046909982246202,13.046909982246202,1,13.046909982246202,1,1.235468758758717,1.7036103140562773
Climate,chronos2__model_config.context_length-2048__pipeline_config.raw_inference.completed_at-2026-09-27T13_42_59.064595_00_00,1,1,1.0922029382691996,0.8840393012985148,0.552669720724225,1,0,56439,0.0,11.596069870148519,11.596069870148519,1,11.596069870148519,1,1.235468758758717,1.7036103140562773
Climate,chronos2__model_config.context_length-4096__pipeline_config.raw_inference.completed_at-2026-09-27T13_43_35.600981_00_00,1,1,1.0819885546023305,0.8757716833644672,0.9132762216031551,1,0,56439,0.0,12.42283166355328,12.42283166355328,1,12.42283166355328,1,1.235468758758717,1.7036103140562773
Climate,chronos2__model_config.context_length-512__pipeline_config.raw_inference.completed_at-2026-09-27T13_48_39.682711_00_00,1,1,1.1373642359451646,0.9205932791759797,0.31362409517169,1,0,56439,0.0,7.940672082402034,7.940672082402034,1,7.940672082402034,1,1.235468758758717,1.7036103140562773
Climate,chronos2__model_config.context_length-8192__pipeline_config.raw_inference.completed_at-2026-09-26T15_50_22.809923_00_00,1,1,1.0801986215576171,0.8743228947714544,1.6244224272668362,1,0,56439,0.0,12.567710522854558,12.567710522854558,1,12.567710522854558,1,1.235468758758717,1.7036103140562773
Climate,chronos_bolt__model_config.context_length-1024__pipeline_config.raw_inference.completed_at-2026-09-27T13_23_28.226958_00_00,1,1,1.2129555857039984,0.9503804507270461,0.47223346680402756,1,0,56439,0.0,4.961954927295387,4.961954927295387,1,4.961954927295387,1,1.2762842341465261,0.36444639787077904
Climate,chronos_bolt__model_config.context_length-128__pipeline_config.raw_inference.completed_at-2026-09-27T13_29_54.978478_00_00,1,1,1.3001706284959422,1.0187155758179443,0.200600516051054,1,0,56439,0.0,-1.8715575817944252,-1.8715575817944252,1,-1.8715575817944252,1,1.2762842341465261,0.36444639787077904
Climate,chronos_bolt__model_config.context_length-2048__pipeline_config.raw_inference.completed_at-2026-09-26T15_51_33.421927_00_00,1,1,1.201433091645914,0.9413522940282448,0.8393427040427923,1,0,56439,0.0,5.864770597175517,5.864770597175517,1,5.864770597175517,1,1.2762842341465261,0.36444639787077904
Climate,chronos_bolt__model_config.context_length-256__pipeline_config.raw_inference.completed_at-2026-09-27T13_29_06.518215_00_00,1,1,1.2559472970551622,0.9840655109988382,0.23399989306926727,1,0,56439,0.0,1.593448900116179,1.593448900116179,1,1.593448900116179,1,1.2762842341465261,0.36444639787077904
Climate,chronos_bolt__model_config.context_length-512__pipeline_config.raw_inference.completed_at-2026-09-27T14_59_06.358241_00_00,1,1,1.2536992196724726,0.9823040872324521,0.30225186608731747,1,0,56439,0.0,1.7695912767547894,1.7695912767547894,1,1.7695912767547894,1,1.2762842341465261,0.36444639787077904
Climate,chronos_bolt__model_config.context_length-1024__pipeline_config.raw_inference.completed_at-2026-09-27T13_23_27.642776_00_00,1,1,1.21158987139441,0.8915338993273171,0.6269263010472059,1,0,56439,0.0,10.846610067268292,10.846610067268292,1,10.846610067268292,1,1.3589947306642882,0.665783291682601
Climate,chronos_bolt__model_config.context_length-128__pipeline_config.raw_inference.completed_at-2026-09-27T13_29_54.666261_00_00,1,1,1.310228042799928,0.9641156166657668,0.3099177647382021,1,0,56439,0.0,3.588438333423316,3.588438333423316,1,3.588438333423316,1,1.3589947306642882,0.665783291682601
Climate,chronos_bolt__model_config.context_length-2048__pipeline_config.raw_inference.completed_at-2026-09-26T15_51_32.471780_00_00,1,1,1.1872985525551225,0.8736594232229001,1.0969584342092276,1,0,56439,0.0,12.634057677709986,12.634057677709986,1,12.634057677709986,1,1.3589947306642882,0.665783291682601
Climate,chronos_bolt__model_config.context_length-256__pipeline_config.raw_inference.completed_at-2026-09-27T13_29_06.175860_00_00,1,1,1.2253233570264728,0.9016395202853541,0.3530225120484829,1,0,56439,0.0,9.83604797146459,9.83604797146459,1,9.83604797146459,1,1.3589947306642882,0.665783291682601
Climate,chronos_bolt__model_config.context_length-512__pipeline_config.raw_inference.completed_at-2026-09-27T14_59_05.946956_00_00,1,1,1.2049266429863645,0.8866308424885401,0.4130118805915117,1,0,56439,0.0,11.336915751145993,11.336915751145993,1,11.336915751145993,1,1.3589947306642882,0.665783291682601
Climate,chronos_bolt__model_config.context_length-1024__pipeline_config.raw_inference.completed_at-2026-09-27T13_23_26.826863_00_00,1,1,1.1094176146704364,0.8979730218229679,0.5981581080704927,1,0,56439,0.0,10.20269781770321,10.20269781770321,1,10.20269781770321,1,1.235468758758717,1.7036103140562773
Climate,chronos_bolt__model_config.context_length-128__pipeline_config.raw_inference.completed_at-2026-09-27T13_29_54.167867_00_00,1,1,1.199373611109903,0.9707842489800559,0.5628394819796085,1,0,56439,0.0,2.9215751019944114,2.9215751019944114,1,2.9215751019944114,1,1.235468758758717,1.7036103140562773
Climate,chronos_bolt__model_config.context_length-2048__pipeline_config.raw_inference.completed_at-2026-09-26T15_51_31.186818_00_00,1,1,1.1027190648704128,0.892551152793472,0.7095697037875652,1,0,56439,0.0,10.744884720652802,10.744884720652802,1,10.744884720652802,1,1.235468758758717,1.7036103140562773
Climate,chronos_bolt__model_config.context_length-256__pipeline_config.raw_inference.completed_at-2026-09-27T13_29_05.637133_00_00,1,1,1.1192076304996914,0.9058971524493797,0.574603158980608,1,0,56439,0.0,9.410284755062026,9.410284755062026,1,9.410284755062026,1,1.235468758758717,1.7036103140562773
Climate,chronos_bolt__model_config.context_length-512__pipeline_config.raw_inference.completed_at-2026-09-27T14_59_05.347414_00_00,1,1,1.1014036885451057,0.8914864748597064,0.5583960190415382,1,0,56439,0.0,10.851352514029355,10.851352514029355,1,10.851352514029355,1,1.235468758758717,1.7036103140562773
Climate,ts_icl__model_config.context_length-1024__pipeline_config.raw_inference.completed_at-2026-09-27T13_57_07.143807_00_00,1,1,1.1215215903786517,0.878739672850878,0.20702840015292168,1,0,56439,0.0,12.126032714912204,12.126032714912204,1,12.126032714912204,1,1.2762842341465261,0.36444639787077904
Climate,ts_icl__model_config.context_length-2048__pipeline_config.raw_inference.completed_at-2026-09-27T14_01_33.329298_00_00,1,1,1.104788646655742,0.8656290010465684,0.3828835729509592,1,0,56439,0.0,13.437099895343163,13.437099895343163,1,13.437099895343163,1,1.2762842341465261,0.36444639787077904
Climate,ts_icl__model_config.context_length-256__pipeline_config.raw_inference.completed_at-2026-09-27T15_06_20.151486_00_00,1,1,1.1861348088826185,0.9293657142727363,0.12215500883758068,1,0,56439,0.0,7.063428572726371,7.063428572726371,1,7.063428572726371,1,1.2762842341465261,0.36444639787077904
Climate,ts_icl__model_config.context_length-4096__pipeline_config.raw_inference.completed_at-2026-09-26T16_12_06.332146_00_00,1,1,1.111845003542755,0.8711578297339584,0.9061672259122133,1,0,56439,0.0,12.884217026604162,12.884217026604162,1,12.884217026604162,1,1.2762842341465261,0.36444639787077904
Climate,ts_icl__model_config.context_length-512__pipeline_config.raw_inference.completed_at-2026-09-27T13_57_33.927067_00_00,1,1,1.1116878207531098,0.8710346731631572,0.14575088024139404,1,0,56439,0.0,12.896532683684281,12.896532683684281,1,12.896532683684281,1,1.2762842341465261,0.36444639787077904
Climate,ts_icl__model_config.context_length-1024__pipeline_config.raw_inference.completed_at-2026-09-27T13_57_06.473154_00_00,1,1,1.1577909082238707,0.8519465764653352,0.4386454466730356,1,0,56439,0.0,14.805342353466477,14.805342353466477,1,14.805342353466477,1,1.3589947306642882,0.665783291682601
Climate,ts_icl__model_config.context_length-2048__pipeline_config.raw_inference.completed_at-2026-09-27T14_01_32.485696_00_00,1,1,1.1305915266013082,0.8319322371828958,0.8510529045015574,1,0,56439,0.0,16.806776281710423,16.806776281710423,1,16.806776281710423,1,1.3589947306642882,0.665783291682601
Climate,ts_icl__model_config.context_length-256__pipeline_config.raw_inference.completed_at-2026-09-27T15_06_19.584738_00_00,1,1,1.273459021975374,0.9370595729630949,0.2266568411141634,1,0,56439,0.0,6.294042703690506,6.294042703690506,1,6.294042703690506,1,1.3589947306642882,0.665783291682601
Climate,ts_icl__model_config.context_length-4096__pipeline_config.raw_inference.completed_at-2026-09-26T16_12_04.977334_00_00,1,1,1.1419134558402046,0.8402633432449201,2.1358568239957094,1,0,56439,0.0,15.973665675507986,15.973665675507986,1,15.973665675507986,1,1.3589947306642882,0.665783291682601
Climate,ts_icl__model_config.context_length-512__pipeline_config.raw_inference.completed_at-2026-09-27T13_57_33.334825_00_00,1,1,1.1459780132885615,0.843254199174413,0.2766559552401304,1,0,56439,0.0,15.674580082558698,15.674580082558698,1,15.674580082558698,1,1.3589947306642882,0.665783291682601
Climate,ts_icl__model_config.context_length-1024__pipeline_config.raw_inference.completed_at-2026-09-27T13_57_05.412136_00_00,1,1,1.0726377106215768,0.8682030225509404,1.276662740856409,1,0,56439,0.0,13.17969774490596,13.17969774490596,1,13.17969774490596,1,1.235468758758717,1.7036103140562773
Climate,ts_icl__model_config.context_length-2048__pipeline_config.raw_inference.completed_at-2026-09-27T14_01_31.003676_00_00,1,1,1.0591295261250315,0.85726937133493,2.45113986171782,1,0,56439,0.0,14.273062866507003,14.273062866507003,1,14.273062866507003,1,1.235468758758717,1.7036103140562773
Climate,ts_icl__model_config.context_length-256__pipeline_config.raw_inference.completed_at-2026-09-27T15_06_18.732581_00_00,1,1,1.188248527887578,0.9617795022849616,0.7249487191438675,1,0,56439,0.0,3.8220497715038437,3.8220497715038437,1,3.8220497715038437,1,1.235468758758717,1.7036103140562773
Climate,ts_icl__model_config.context_length-4096__pipeline_config.raw_inference.completed_at-2026-09-26T16_12_02.213610_00_00,1,1,1.0643945028329198,0.8615308928590987,6.231191927567124,1,0,56439,0.0,13.846910714090132,13.846910714090132,1,13.846910714090132,1,1.235468758758717,1.7036103140562773
Climate,ts_icl__model_config.context_length-512__pipeline_config.raw_inference.completed_at-2026-09-27T13_57_32.437488_00_00,1,1,1.0990376346337218,0.8895713686341463,1.0851853117346764,1,0,56439,0.0,11.042863136585368,11.042863136585368,1,11.042863136585368,1,1.235468758758717,1.7036103140562773
Economics,chronos2__model_config.context_length-1024__pipeline_config.raw_inference.completed_at-2026-09-27T13_51_01.590823_00_00,1,1,0.6043605475858413,0.6272780561526403,0.21197184547781944,1,0,540,0.0,37.27219438473597,37.27219438473597,1,37.27219438473597,1,0.9634651517903213,0.02470598742365837
Economics,chronos2__model_config.context_length-2048__pipeline_config.raw_inference.completed_at-2026-09-27T13_46_58.186569_00_00,1,1,0.6043605475858413,0.6272780561526403,0.2127179354429245,1,0,540,0.0,37.27219438473597,37.27219438473597,1,37.27219438473597,1,0.9634651517903213,0.02470598742365837
Economics,chronos2__model_config.context_length-4096__pipeline_config.raw_inference.completed_at-2026-09-27T13_47_57.169859_00_00,1,1,0.6043605475858413,0.6272780561526403,0.2125555593520403,1,0,540,0.0,37.27219438473597,37.27219438473597,1,37.27219438473597,1,0.9634651517903213,0.02470598742365837
Economics,chronos2__model_config.context_length-512__pipeline_config.raw_inference.completed_at-2026-09-27T13_52_23.534985_00_00,1,1,0.6043605475858413,0.6272780561526403,0.22631120681762695,1,0,540,0.0,37.27219438473597,37.27219438473597,1,37.27219438473597,1,0.9634651517903213,0.02470598742365837
Economics,chronos2__model_config.context_length-8192__pipeline_config.raw_inference.completed_at-2026-09-26T15_55_43.778346_00_00,1,1,0.6043605475858413,0.6272780561526403,0.21113148890435696,1,0,540,0.0,37.27219438473597,37.27219438473597,1,37.27219438473597,1,0.9634651517903213,0.02470598742365837
Economics,chronos_bolt__model_config.context_length-1024__pipeline_config.raw_inference.completed_at-2026-09-27T13_28_02.992576_00_00,1,1,1.0324059356330573,1.0715550362300386,0.22666936740279198,1,0,540,0.0,-7.155503623003856,-7.155503623003856,1,-7.155503623003856,1,0.9634651517903213,0.02470598742365837
Economics,chronos_bolt__model_config.context_length-128__pipeline_config.raw_inference.completed_at-2026-09-27T13_34_03.670148_00_00,1,1,1.0342956170942137,1.0735163749018575,0.21550355665385723,1,0,540,0.0,-7.351637490185747,-7.351637490185747,1,-7.351637490185747,1,0.9634651517903213,0.02470598742365837
Economics,chronos_bolt__model_config.context_length-2048__pipeline_config.raw_inference.completed_at-2026-09-26T15_56_47.002109_00_00,1,1,1.0324059356330573,1.0715550362300386,0.2345883771777153,1,0,540,0.0,-7.155503623003856,-7.155503623003856,1,-7.155503623003856,1,0.9634651517903213,0.02470598742365837
Economics,chronos_bolt__model_config.context_length-256__pipeline_config.raw_inference.completed_at-2026-09-27T13_33_17.506148_00_00,1,1,1.0224802807944144,1.0612529979879715,0.21424703672528267,1,0,540,0.0,-6.125299798797146,-6.125299798797146,1,-6.125299798797146,1,0.9634651517903213,0.02470598742365837
Economics,chronos_bolt__model_config.context_length-512__pipeline_config.raw_inference.completed_at-2026-09-27T15_25_11.479394_00_00,1,1,1.0324059356330573,1.0715550362300386,0.22785817831754684,1,0,540,0.0,-7.155503623003856,-7.155503623003856,1,-7.155503623003856,1,0.9634651517903213,0.02470598742365837
Economics,ts_icl__model_config.context_length-1024__pipeline_config.raw_inference.completed_at-2026-09-27T14_00_50.974396_00_00,1,1,0.8833127368059295,0.916808184670248,0.2348019964993,1,0,540,0.0,8.319181532975195,8.319181532975195,1,8.319181532975195,1,0.9634651517903213,0.02470598742365837
Economics,ts_icl__model_config.context_length-2048__pipeline_config.raw_inference.completed_at-2026-09-27T14_07_42.868359_00_00,1,1,0.8833127368059295,0.916808184670248,0.2234075516462326,1,0,540,0.0,8.319181532975195,8.319181532975195,1,8.319181532975195,1,0.9634651517903213,0.02470598742365837
Economics,ts_icl__model_config.context_length-256__pipeline_config.raw_inference.completed_at-2026-09-27T15_09_07.151278_00_00,1,1,0.891370771740719,0.9251717823777686,0.18136981688439846,1,0,540,0.0,7.482821762223136,7.482821762223136,1,7.482821762223136,1,0.9634651517903213,0.02470598742365837
Economics,ts_icl__model_config.context_length-4096__pipeline_config.raw_inference.completed_at-2026-09-26T16_24_17.804507_00_00,1,1,0.8833127368059295,0.916808184670248,0.22836863808333874,1,0,540,0.0,8.319181532975195,8.319181532975195,1,8.319181532975195,1,0.9634651517903213,0.02470598742365837
Economics,ts_icl__model_config.context_length-512__pipeline_config.raw_inference.completed_at-2026-09-27T14_00_34.249036_00_00,1,1,0.8833127368059295,0.916808184670248,0.22467910312116146,1,0,540,0.0,8.319181532975195,8.319181532975195,1,8.319181532975195,1,0.9634651517903213,0.02470598742365837
Climate,chronos2__model_config.context_length-1024__pipeline_config.raw_inference.completed_at-2026-09-27T13_45_15.773834_00_00,1,1,1.18406127941538,0.7606203893109184,0.017802540212869644,1,0,25875,0.0,23.937961068908166,23.937961068908166,1,23.937961068908166,1,1.556704626979664,0.0893244743347168
Climate,chronos2__model_config.context_length-2048__pipeline_config.raw_inference.completed_at-2026-09-27T13_40_47.101961_00_00,1,1,1.1683829753776573,0.7505489192542372,0.02056788094341755,1,0,25875,0.0,24.945108074576282,24.945108074576282,1,24.945108074576282,1,1.556704626979664,0.0893244743347168
Climate,chronos2__model_config.context_length-4096__pipeline_config.raw_inference.completed_at-2026-09-27T13_41_04.346888_00_00,1,1,1.1714750504326958,0.7525352145355956,0.027015743777155876,1,0,25875,0.0,24.746478546440443,24.746478546440443,1,24.746478546440443,1,1.556704626979664,0.0893244743347168
Climate,chronos2__model_config.context_length-512__pipeline_config.raw_inference.completed_at-2026-09-27T13_46_43.024392_00_00,1,1,1.3299085530529935,0.8543101433656667,0.01838514395058155,1,0,25875,0.0,14.568985663433331,14.568985663433331,1,14.568985663433331,1,1.556704626979664,0.0893244743347168
Climate,chronos2__model_config.context_length-8192__pipeline_config.raw_inference.completed_at-2026-09-26T15_47_19.553828_00_00,1,1,1.1569175338572653,0.7431837188676761,0.047206612303853035,1,0,25875,0.0,25.681628113232392,25.681628113232392,1,25.681628113232392,1,1.556704626979664,0.0893244743347168
Climate,chronos2__model_config.context_length-1024__pipeline_config.raw_inference.completed_at-2026-09-27T13_45_15.490597_00_00,1,1,1.1057325988813402,0.8054465431474277,0.03630051948130131,1,0,25875,0.0,19.45534568525723,19.45534568525723,1,19.45534568525723,1,1.37281934883039,0.1615915559232235
Climate,chronos2__model_config.context_length-2048__pipeline_config.raw_inference.completed_at-2026-09-27T13_40_46.817859_00_00,1,1,1.0656346997165929,0.7762381121918837,0.04923380725085735,1,0,25875,0.0,22.376188780811635,22.376188780811635,1,22.376188780811635,1,1.37281934883039,0.1615915559232235
Climate,chronos2__model_config.context_length-4096__pipeline_config.raw_inference.completed_at-2026-09-27T13_41_04.051064_00_00,1,1,1.0622188003737625,0.7737498755963399,0.07559996843338013,1,0,25875,0.0,22.62501244036601,22.62501244036601,1,22.62501244036601,1,1.37281934883039,0.1615915559232235
Climate,chronos2__model_config.context_length-512__pipeline_config.raw_inference.completed_at-2026-09-27T13_46_42.736396_00_00,1,1,1.2292813896681343,0.8954429369861762,0.035428110510110855,1,0,25875,0.0,10.455706301382383,10.455706301382383,1,10.455706301382383,1,1.37281934883039,0.1615915559232235
Climate,chronos2__model_config.context_length-8192__pipeline_config.raw_inference.completed_at-2026-09-26T15_47_19.240511_00_00,1,1,1.065225535608098,0.775940065614347,0.147317573428154,1,0,25875,0.0,22.405993438565297,22.405993438565297,1,22.405993438565297,1,1.37281934883039,0.1615915559232235
Climate,chronos2__model_config.context_length-1024__pipeline_config.raw_inference.completed_at-2026-09-27T13_45_15.128052_00_00,1,1,0.6636488241827478,0.4848759075734686,0.4263860434293747,1,0,25875,0.0,51.51240924265315,51.51240924265315,1,51.51240924265315,1,1.3686982871636935,0.901126891374588
Climate,chronos2__model_config.context_length-2048__pipeline_config.raw_inference.completed_at-2026-09-27T13_40_46.441836_00_00,1,1,0.6542958599498647,0.47804243351961784,0.5212013516575098,1,0,25875,0.0,52.19575664803821,52.19575664803821,1,52.19575664803821,1,1.3686982871636935,0.901126891374588
Climate,chronos2__model_config.context_length-4096__pipeline_config.raw_inference.completed_at-2026-09-27T13_41_03.640422_00_00,1,1,0.6520608852237937,0.4764095135788013,0.7632217332720757,1,0,25875,0.0,52.359048642119866,52.359048642119866,1,52.359048642119866,1,1.3686982871636935,0.901126891374588
Climate,chronos2__model_config.context_length-512__pipeline_config.raw_inference.completed_at-2026-09-27T13_46_42.371110_00_00,1,1,0.6688527864448341,0.48867803278315985,0.4285079129040241,1,0,25875,0.0,51.13219672168401,51.13219672168401,1,51.13219672168401,1,1.3686982871636935,0.901126891374588
Climate,chronos2__model_config.context_length-8192__pipeline_config.raw_inference.completed_at-2026-09-26T15_47_18.765098_00_00,1,1,0.6512083950143714,0.47578666614966564,1.3360461238771677,1,0,25875,0.0,52.42133338503343,52.42133338503343,1,52.42133338503343,1,1.3686982871636935,0.901126891374588
Climate,chronos_bolt__model_config.context_length-1024__pipeline_config.raw_inference.completed_at-2026-09-27T13_20_25.733151_00_00,1,1,1.2084599001512557,0.7762936392730606,0.22943622805178165,1,0,25875,0.0,22.37063607269394,22.37063607269394,1,22.37063607269394,1,1.556704626979664,0.0893244743347168
Climate,chronos_bolt__model_config.context_length-128__pipeline_config.raw_inference.completed_at-2026-09-27T13_27_27.803587_00_00,1,1,1.2887310852439788,0.8278584536260996,0.10671943612396717,1,0,25875,0.0,17.214154637390045,17.214154637390045,1,17.214154637390045,1,1.556704626979664,0.0893244743347168
Climate,chronos_bolt__model_config.context_length-2048__pipeline_config.raw_inference.completed_at-2026-09-26T15_47_49.520618_00_00,1,1,1.202757658522571,0.7726306183441974,0.3947097398340702,1,0,25875,0.0,22.736938165580256,22.736938165580256,1,22.736938165580256,1,1.556704626979664,0.0893244743347168
Climate,chronos_bolt__model_config.context_length-256__pipeline_config.raw_inference.completed_at-2026-09-27T13_26_35.461891_00_00,1,1,1.2466304498521468,0.8008137370741123,0.13178601674735546,1,0,25875,0.0,19.91862629258877,19.91862629258877,1,19.91862629258877,1,1.556704626979664,0.0893244743347168
Climate,chronos_bolt__model_config.context_length-512__pipeline_config.raw_inference.completed_at-2026-09-27T14_56_27.753742_00_00,1,1,1.2915069639041832,0.8296416298382691,0.1499428916722536,1,0,25875,0.0,17.035837016173094,17.035837016173094,1,17.035837016173094,1,1.556704626979664,0.0893244743347168
Climate,chronos_bolt__model_config.context_length-1024__pipeline_config.raw_inference.completed_at-2026-09-27T13_20_25.456689_00_00,1,1,1.055099126891076,0.7685637063536408,0.19958105124533176,1,0,25875,0.0,23.14362936463592,23.14362936463592,1,23.14362936463592,1,1.37281934883039,0.1615915559232235
Climate,chronos_bolt__model_config.context_length-128__pipeline_config.raw_inference.completed_at-2026-09-27T13_27_27.647454_00_00,1,1,1.2572274911856498,0.9157996587510063,0.10737471282482147,1,0,25875,0.0,8.420034124899367,8.420034124899367,1,8.420034124899367,1,1.37281934883039,0.1615915559232235
Climate,chronos_bolt__model_config.context_length-2048__pipeline_config.raw_inference.completed_at-2026-09-26T15_47_49.077237_00_00,1,1,1.063731294575291,0.7748516186645863,0.324214955791831,1,0,25875,0.0,22.51483813354137,22.51483813354137,1,22.51483813354137,1,1.37281934883039,0.1615915559232235
Climate,chronos_bolt__model_config.context_length-256__pipeline_config.raw_inference.completed_at-2026-09-27T13_26_35.281254_00_00,1,1,1.2320662705280483,0.8974715220744376,0.1187387965619564,1,0,25875,0.0,10.252847792556242,10.252847792556242,1,10.252847792556242,1,1.37281934883039,0.1615915559232235
Climate,chronos_bolt__model_config.context_length-512__pipeline_config.raw_inference.completed_at-2026-09-27T14_56_27.556609_00_00,1,1,1.0988934601508522,0.8004647232624481,0.1940485592931509,1,0,25875,0.0,19.95352767375519,19.95352767375519,1,19.95352767375519,1,1.37281934883039,0.1615915559232235
Climate,chronos_bolt__model_config.context_length-1024__pipeline_config.raw_inference.completed_at-2026-09-27T13_20_25.150362_00_00,1,1,0.6616094200085765,0.48338587562610824,0.4861730504781008,1,0,25875,0.0,51.661412437389174,51.661412437389174,1,51.661412437389174,1,1.3686982871636935,0.901126891374588
Climate,chronos_bolt__model_config.context_length-128__pipeline_config.raw_inference.completed_at-2026-09-27T13_27_27.432478_00_00,1,1,0.6992033544107813,0.5108528015036217,0.45456872321665287,1,0,25875,0.0,48.914719849637834,48.914719849637834,1,48.914719849637834,1,1.3686982871636935,0.901126891374588
Climate,chronos_bolt__model_config.context_length-2048__pipeline_config.raw_inference.completed_at-2026-09-26T15_47_48.643530_00_00,1,1,0.656110489198097,0.47936824013839624,0.5634506475180387,1,0,25875,0.0,52.063175986160374,52.063175986160374,1,52.063175986160374,1,1.3686982871636935,0.901126891374588
Climate,chronos_bolt__model_config.context_length-256__pipeline_config.raw_inference.completed_at-2026-09-27T13_26_35.054325_00_00,1,1,0.6811880074607212,0.49769040689918864,0.4559942316263914,1,0,25875,0.0,50.23095931008113,50.23095931008113,1,50.23095931008113,1,1.3686982871636935,0.901126891374588
Climate,chronos_bolt__model_config.context_length-512__pipeline_config.raw_inference.completed_at-2026-09-27T14_56_27.256289_00_00,1,1,0.6679538061532213,0.4880212187138767,0.8046330865472555,1,0,25875,0.0,51.19787812861233,51.19787812861233,1,51.19787812861233,1,1.3686982871636935,0.901126891374588
Climate,ts_icl__model_config.context_length-1024__pipeline_config.raw_inference.completed_at-2026-09-27T13_54_46.354726_00_00,1,1,1.1486793371018784,0.7378916444351804,0.07224429026246071,1,0,25875,0.0,26.21083555648196,26.21083555648196,1,26.21083555648196,1,1.556704626979664,0.0893244743347168
Climate,ts_icl__model_config.context_length-2048__pipeline_config.raw_inference.completed_at-2026-09-27T13_57_39.822988_00_00,1,1,1.2039284743621266,0.7733827300931213,0.11760258488357067,1,0,25875,0.0,22.661726990687868,22.661726990687868,1,22.661726990687868,1,1.556704626979664,0.0893244743347168
Climate,ts_icl__model_config.context_length-256__pipeline_config.raw_inference.completed_at-2026-09-27T15_04_41.997747_00_00,1,1,1.1954442978075486,0.7679326425122556,0.05183950811624527,1,0,25875,0.0,23.20673574877444,23.20673574877444,1,23.20673574877444,1,1.556704626979664,0.0893244743347168
Climate,ts_icl__model_config.context_length-4096__pipeline_config.raw_inference.completed_at-2026-09-26T16_03_12.456172_00_00,1,1,1.1912087384583099,0.7652117927917428,0.2756928838789463,1,0,25875,0.0,23.478820720825723,23.478820720825723,1,23.478820720825723,1,1.556704626979664,0.0893244743347168
Climate,ts_icl__model_config.context_length-512__pipeline_config.raw_inference.completed_at-2026-09-27T13_55_44.073349_00_00,1,1,1.247779242307837,0.8015517013839629,0.05398154631257057,1,0,25875,0.0,19.844829861603706,19.844829861603706,1,19.844829861603706,1,1.556704626979664,0.0893244743347168
Climate,ts_icl__model_config.context_length-1024__pipeline_config.raw_inference.completed_at-2026-09-27T13_54_45.877226_00_00,1,1,1.0621231109344644,0.7736801727331193,0.15504936128854752,1,0,25875,0.0,22.631982726688072,22.631982726688072,1,22.631982726688072,1,1.37281934883039,0.1615915559232235
Climate,ts_icl__model_config.context_length-2048__pipeline_config.raw_inference.completed_at-2026-09-27T13_57_39.298387_00_00,1,1,1.0677116887011409,0.7777510490442944,0.30241416953504086,1,0,25875,0.0,22.224895095570563,22.224895095570563,1,22.224895095570563,1,1.37281934883039,0.1615915559232235
Climate,ts_icl__model_config.context_length-256__pipeline_config.raw_inference.completed_at-2026-09-27T15_04_41.553733_00_00,1,1,1.0830629388750412,0.7889333289174468,0.08478875644505024,1,0,25875,0.0,21.106667108255316,21.106667108255316,1,21.106667108255316,1,1.37281934883039,0.1615915559232235
Climate,ts_icl__model_config.context_length-4096__pipeline_config.raw_inference.completed_at-2026-09-26T16_03_11.786602_00_00,1,1,1.0817674350374027,0.7879896476976693,0.7321706265211105,1,0,25875,0.0,21.201035230233067,21.201035230233067,1,21.201035230233067,1,1.37281934883039,0.1615915559232235
Climate,ts_icl__model_config.context_length-512__pipeline_config.raw_inference.completed_at-2026-09-27T13_55_43.622371_00_00,1,1,1.100826326063215,0.8018726768391583,0.1126392874866724,1,0,25875,0.0,19.81273231608417,19.81273231608417,1,19.81273231608417,1,1.37281934883039,0.1615915559232235
Climate,ts_icl__model_config.context_length-1024__pipeline_config.raw_inference.completed_at-2026-09-27T13_54_45.180960_00_00,1,1,0.669490353475855,0.48914385277942946,1.059083752334118,1,0,25875,0.0,51.08561472205706,51.08561472205706,1,51.08561472205706,1,1.3686982871636935,0.901126891374588
Climate,ts_icl__model_config.context_length-2048__pipeline_config.raw_inference.completed_at-2026-09-27T13_57_38.447851_00_00,1,1,0.6576299244602875,0.480478371769626,2.3618140444159508,1,0,25875,0.0,51.952162823037405,51.952162823037405,1,51.952162823037405,1,1.3686982871636935,0.901126891374588
Climate,ts_icl__model_config.context_length-256__pipeline_config.raw_inference.completed_at-2026-09-27T15_04_40.928567_00_00,1,1,0.6827197320559023,0.49880951737776996,0.5915303695946932,1,0,25875,0.0,50.119048262223,50.119048262223,1,50.119048262223,1,1.3686982871636935,0.901126891374588
Climate,ts_icl__model_config.context_length-4096__pipeline_config.raw_inference.completed_at-2026-09-26T16_03_10.504315_00_00,1,1,0.6590360706082912,0.4815057319710606,5.848209362477064,1,0,25875,0.0,51.84942680289394,51.84942680289394,1,51.84942680289394,1,1.3686982871636935,0.901126891374588
Climate,ts_icl__model_config.context_length-512__pipeline_config.raw_inference.completed_at-2026-09-27T13_55_42.974367_00_00,1,1,0.6619057833914844,0.4836024049998112,0.7594106271862984,1,0,25875,0.0,51.639759500018876,51.639759500018876,1,51.639759500018876,1,1.3686982871636935,0.901126891374588
Climate,chronos2__model_config.context_length-1024__pipeline_config.raw_inference.completed_at-2026-09-27T13_45_26.123183_00_00,1,1,1.7847860949434295,0.8026356198456867,0.034623883664608,1,0,24129,0.0,19.736438015431336,19.736438015431336,1,19.736438015431336,1,2.2236567264315648,0.12914972193539143
Climate,chronos2__model_config.context_length-2048__pipeline_config.raw_inference.completed_at-2026-09-27T13_40_57.491231_00_00,1,1,1.7375017863284548,0.7813714075898432,0.04097121208906174,1,0,24129,0.0,21.862859241015677,21.862859241015677,1,21.862859241015677,1,2.2236567264315648,0.12914972193539143
Climate,chronos2__model_config.context_length-4096__pipeline_config.raw_inference.completed_at-2026-09-27T13_41_14.995410_00_00,1,1,1.778744072981183,0.7999184639598758,0.05799880437552929,1,0,24129,0.0,20.008153604012424,20.008153604012424,1,20.008153604012424,1,2.2236567264315648,0.12914972193539143
Climate,chronos2__model_config.context_length-512__pipeline_config.raw_inference.completed_at-2026-09-27T13_46_53.252847_00_00,1,1,1.874402638495716,0.8429370487879585,0.03483719378709793,1,0,24129,0.0,15.70629512120415,15.70629512120415,1,15.70629512120415,1,2.2236567264315648,0.12914972193539143
Climate,chronos2__model_config.context_length-8192__pipeline_config.raw_inference.completed_at-2026-09-26T15_47_30.955919_00_00,1,1,1.7964635512898783,0.807887085239443,0.10036924481391907,1,0,24129,0.0,19.211291476055703,19.211291476055703,1,19.211291476055703,1,2.2236567264315648,0.12914972193539143
Climate,chronos2__model_config.context_length-1024__pipeline_config.raw_inference.completed_at-2026-09-27T13_45_25.812428_00_00,1,1,1.5359080075707365,0.8112157645584641,0.06780277192592621,1,0,24129,0.0,18.878423544153588,18.878423544153588,1,18.878423544153588,1,1.893340926882399,0.28066136315464973
Climate,chronos2__model_config.context_length-2048__pipeline_config.raw_inference.completed_at-2026-09-27T13_40_57.172855_00_00,1,1,1.5044037938965074,0.794576281818235,0.09066575765609741,1,0,24129,0.0,20.5423718181765,20.5423718181765,1,20.5423718181765,1,1.893340926882399,0.28066136315464973
Climate,chronos2__model_config.context_length-4096__pipeline_config.raw_inference.completed_at-2026-09-27T13_41_14.657867_00_00,1,1,1.5131584461368148,0.7992001993156098,0.14980143308639526,1,0,24129,0.0,20.079980068439017,20.079980068439017,1,20.079980068439017,1,1.893340926882399,0.28066136315464973
Climate,chronos2__model_config.context_length-512__pipeline_config.raw_inference.completed_at-2026-09-27T13_46_52.941171_00_00,1,1,1.6019931468531172,0.8461197474302639,0.06773462146520615,1,0,24129,0.0,15.388025256973615,15.388025256973615,1,15.388025256973615,1,1.893340926882399,0.28066136315464973
Climate,chronos2__model_config.context_length-8192__pipeline_config.raw_inference.completed_at-2026-09-26T15_47_30.579448_00_00,1,1,1.5182478312316134,0.801888244042546,0.2868414707481861,1,0,24129,0.0,19.8111755957454,19.8111755957454,1,19.8111755957454,1,1.893340926882399,0.28066136315464973
Climate,chronos2__model_config.context_length-1024__pipeline_config.raw_inference.completed_at-2026-09-27T13_45_25.411560_00_00,1,1,1.3596391936680357,0.709695932628438,0.4551682695746422,1,0,24129,0.0,29.0304067371562,29.0304067371562,1,29.0304067371562,1,1.9158052500490743,0.9648008923977613
Climate,chronos2__model_config.context_length-2048__pipeline_config.raw_inference.completed_at-2026-09-27T13_40_56.746644_00_00,1,1,1.345439279615339,0.7022839506160007,0.525176839902997,1,0,24129,0.0,29.771604938399932,29.771604938399932,1,29.771604938399932,1,1.9158052500490743,0.9648008923977613
Climate,chronos2__model_config.context_length-4096__pipeline_config.raw_inference.completed_at-2026-09-27T13_41_14.170307_00_00,1,1,1.3550671271483778,0.7073094340427698,0.763494985178113,1,0,24129,0.0,29.26905659572302,29.26905659572302,1,29.26905659572302,1,1.9158052500490743,0.9648008923977613
Climate,chronos2__model_config.context_length-512__pipeline_config.raw_inference.completed_at-2026-09-27T13_46_52.536311_00_00,1,1,1.4046331873744626,0.7331816150615947,0.43311725184321404,1,0,24129,0.0,26.681838493840527,26.681838493840527,1,26.681838493840527,1,1.9158052500490743,0.9648008923977613
Climate,chronos2__model_config.context_length-8192__pipeline_config.raw_inference.completed_at-2026-09-26T15_47_29.958670_00_00,1,1,1.369510162917805,0.7148483192029693,1.3313274756073952,1,0,24129,0.0,28.515168079703066,28.515168079703066,1,28.515168079703066,1,1.9158052500490743,0.9648008923977613
Climate,chronos_bolt__model_config.context_length-1024__pipeline_config.raw_inference.completed_at-2026-09-27T13_20_35.915976_00_00,1,1,1.9233021168278595,0.8649276185332336,0.25393807888031006,1,0,24129,0.0,13.507238146676636,13.507238146676636,1,13.507238146676636,1,2.2236567264315648,0.12914972193539143
Climate,chronos_bolt__model_config.context_length-128__pipeline_config.raw_inference.completed_at-2026-09-27T13_27_37.940341_00_00,1,1,1.8890977794498383,0.849545596222213,0.1439135316759348,1,0,24129,0.0,15.045440377778696,15.045440377778696,1,15.045440377778696,1,2.2236567264315648,0.12914972193539143
Climate,chronos_bolt__model_config.context_length-2048__pipeline_config.raw_inference.completed_at-2026-09-26T15_47_59.975928_00_00,1,1,1.9159433983126628,0.8616183314352175,0.4307162221521139,1,0,24129,0.0,13.838166856478251,13.838166856478251,1,13.838166856478251,1,2.2236567264315648,0.12914972193539143
Climate,chronos_bolt__model_config.context_length-256__pipeline_config.raw_inference.completed_at-2026-09-27T13_26_45.550212_00_00,1,1,1.9911838500050565,0.8954546924157797,0.1577097252011299,1,0,24129,0.0,10.454530758422031,10.454530758422031,1,10.454530758422031,1,2.2236567264315648,0.12914972193539143
Climate,chronos_bolt__model_config.context_length-512__pipeline_config.raw_inference.completed_at-2026-09-27T14_56_37.884357_00_00,1,1,1.8898821768877876,0.8498983473589445,0.1890429612249136,1,0,24129,0.0,15.010165264105545,15.010165264105545,1,15.010165264105545,1,2.2236567264315648,0.12914972193539143
Climate,chronos_bolt__model_config.context_length-1024__pipeline_config.raw_inference.completed_at-2026-09-27T13_20_35.604927_00_00,1,1,1.5654055976476244,0.8267954151422917,0.0762823224067688,1,0,24129,0.0,17.32045848577083,17.32045848577083,1,17.32045848577083,1,1.893340926882399,0.28066136315464973
Climate,chronos_bolt__model_config.context_length-128__pipeline_config.raw_inference.completed_at-2026-09-27T13_27_37.737795_00_00,1,1,1.66572492214595,0.8797807613490696,0.07070593163371086,1,0,24129,0.0,12.021923865093044,12.021923865093044,1,12.021923865093044,1,1.893340926882399,0.28066136315464973
Climate,chronos_bolt__model_config.context_length-2048__pipeline_config.raw_inference.completed_at-2026-09-26T15_47_59.487268_00_00,1,1,1.5695327782076256,0.8289752552869808,0.09779190272092819,1,0,24129,0.0,17.10247447130192,17.10247447130192,1,17.10247447130192,1,1.893340926882399,0.28066136315464973
Climate,chronos_bolt__model_config.context_length-256__pipeline_config.raw_inference.completed_at-2026-09-27T13_26_45.334974_00_00,1,1,1.600187255318829,0.845165935304488,0.07106977701187134,1,0,24129,0.0,15.483406469551198,15.483406469551198,1,15.483406469551198,1,1.893340926882399,0.28066136315464973
Climate,chronos_bolt__model_config.context_length-512__pipeline_config.raw_inference.completed_at-2026-09-27T14_56_37.638757_00_00,1,1,1.5799987579965304,0.8345030393433569,0.06984177604317665,1,0,24129,0.0,16.54969606566431,16.54969606566431,1,16.54969606566431,1,1.893340926882399,0.28066136315464973
Climate,chronos_bolt__model_config.context_length-1024__pipeline_config.raw_inference.completed_at-2026-09-27T13_20_35.416136_00_00,1,1,1.4093454758470156,0.7356413058221416,0.48381638526916504,1,0,24129,0.0,26.435869417785838,26.435869417785838,1,26.435869417785838,1,1.9158052500490743,0.9648008923977613
Climate,chronos_bolt__model_config.context_length-128__pipeline_config.raw_inference.completed_at-2026-09-27T13_27_37.550532_00_00,1,1,1.4497156636957058,0.7567134830946781,0.4609423726797104,1,0,24129,0.0,24.328651690532187,24.328651690532187,1,24.328651690532187,1,1.9158052500490743,0.9648008923977613
Climate,chronos_bolt__model_config.context_length-2048__pipeline_config.raw_inference.completed_at-2026-09-26T15_47_59.276103_00_00,1,1,1.4040590147394727,0.732881912033338,0.5769863706082106,1,0,24129,0.0,26.711808796666205,26.711808796666205,1,26.711808796666205,1,1.9158052500490743,0.9648008923977613
Climate,chronos_bolt__model_config.context_length-256__pipeline_config.raw_inference.completed_at-2026-09-27T13_26_45.150388_00_00,1,1,1.4129224110236014,0.7375083719952269,0.4581526964902878,1,0,24129,0.0,26.24916280047731,26.24916280047731,1,26.24916280047731,1,1.9158052500490743,0.9648008923977613
Climate,chronos_bolt__model_config.context_length-512__pipeline_config.raw_inference.completed_at-2026-09-27T14_56_37.456114_00_00,1,1,1.439198207030807,0.7512236470768316,0.4532135520130396,1,0,24129,0.0,24.877635292316835,24.877635292316835,1,24.877635292316835,1,1.9158052500490743,0.9648008923977613
Climate,ts_icl__model_config.context_length-1024__pipeline_config.raw_inference.completed_at-2026-09-27T13_54_52.953474_00_00,1,1,1.8310666029222034,0.8234484132182694,0.12053828127682209,1,0,24129,0.0,17.655158678173056,17.655158678173056,1,17.655158678173056,1,2.2236567264315648,0.12914972193539143
Climate,ts_icl__model_config.context_length-2048__pipeline_config.raw_inference.completed_at-2026-09-27T13_57_47.820628_00_00,1,1,1.8487260408426747,0.8313900337528428,0.2132615726441145,1,0,24129,0.0,16.860996624715717,16.860996624715717,1,16.860996624715717,1,2.2236567264315648,0.12914972193539143
Climate,ts_icl__model_config.context_length-256__pipeline_config.raw_inference.completed_at-2026-09-27T15_04_47.953893_00_00,1,1,1.8899119505192565,0.8499117368498291,0.0761282853782177,1,0,24129,0.0,15.008826315017087,15.008826315017087,1,15.008826315017087,1,2.2236567264315648,0.12914972193539143
Climate,ts_icl__model_config.context_length-4096__pipeline_config.raw_inference.completed_at-2026-09-26T16_03_25.220219_00_00,1,1,1.8194283328811713,0.8182145702861777,0.4885022006928921,1,0,24129,0.0,18.178542971382228,18.178542971382228,1,18.178542971382228,1,2.2236567264315648,0.12914972193539143
Climate,ts_icl__model_config.context_length-512__pipeline_config.raw_inference.completed_at-2026-09-27T13_55_50.130592_00_00,1,1,1.8790482421253736,0.8450262218039359,0.08819627575576305,1,0,24129,0.0,15.497377819606406,15.497377819606406,1,15.497377819606406,1,2.2236567264315648,0.12914972193539143
Climate,ts_icl__model_config.context_length-1024__pipeline_config.raw_inference.completed_at-2026-09-27T13_54_52.417008_00_00,1,1,1.5465740882587617,0.816849235285571,0.2827574647963047,1,0,24129,0.0,18.315076471442904,18.315076471442904,1,18.315076471442904,1,1.893340926882399,0.28066136315464973
Climate,ts_icl__model_config.context_length-2048__pipeline_config.raw_inference.completed_at-2026-09-27T13_57_47.214465_00_00,1,1,1.5508080647665818,0.8190854815145012,0.5331386104226112,1,0,24129,0.0,18.091451848549877,18.091451848549877,1,18.091451848549877,1,1.893340926882399,0.28066136315464973
Climate,ts_icl__model_config.context_length-256__pipeline_config.raw_inference.completed_at-2026-09-27T15_04_47.479573_00_00,1,1,1.5921904148108423,0.8409422688773568,0.1444494854658842,1,0,24129,0.0,15.90577311226432,15.90577311226432,1,15.90577311226432,1,1.893340926882399,0.28066136315464973
Climate,ts_icl__model_config.context_length-4096__pipeline_config.raw_inference.completed_at-2026-09-26T16_03_24.322351_00_00,1,1,1.5527782568287,0.8201260717400357,1.3937448561191559,1,0,24129,0.0,17.98739282599643,17.98739282599643,1,17.98739282599643,1,1.893340926882399,0.28066136315464973
Climate,ts_icl__model_config.context_length-512__pipeline_config.raw_inference.completed_at-2026-09-27T13_55_49.637164_00_00,1,1,1.5590866116328235,0.8234579359143928,0.18716881051659584,1,0,24129,0.0,17.654206408560725,17.654206408560725,1,17.654206408560725,1,1.893340926882399,0.28066136315464973
Climate,ts_icl__model_config.context_length-1024__pipeline_config.raw_inference.completed_at-2026-09-27T13_54_51.585653_00_00,1,1,1.3679543333087865,0.7140362170287119,1.0874519497156143,1,0,24129,0.0,28.596378297128812,28.596378297128812,1,28.596378297128812,1,1.9158052500490743,0.9648008923977613
Climate,ts_icl__model_config.context_length-2048__pipeline_config.raw_inference.completed_at-2026-09-27T13_57_46.135871_00_00,1,1,1.3764932344426322,0.7184932990487277,2.148610021919012,1,0,24129,0.0,28.15067009512723,28.15067009512723,1,28.15067009512723,1,1.9158052500490743,0.9648008923977613
Climate,ts_icl__model_config.context_length-256__pipeline_config.raw_inference.completed_at-2026-09-27T15_04_46.791886_00_00,1,1,1.3835640176665336,0.7221840620966525,0.6617840453982353,1,0,24129,0.0,27.781593790334746,27.781593790334746,1,27.781593790334746,1,1.9158052500490743,0.9648008923977613
Climate,ts_icl__model_config.context_length-4096__pipeline_config.raw_inference.completed_at-2026-09-26T16_03_22.385156_00_00,1,1,1.386630846888305,0.723784866365089,5.800372153520584,1,0,24129,0.0,27.6215133634911,27.6215133634911,1,27.6215133634911,1,1.9158052500490743,0.9648008923977613
Climate,ts_icl__model_config.context_length-512__pipeline_config.raw_inference.completed_at-2026-09-27T13_55_48.904030_00_00,1,1,1.3746091525517012,0.7175098578086108,0.7195194717496634,1,0,24129,0.0,28.249014219138925,28.249014219138925,1,28.249014219138925,1,1.9158052500490743,0.9648008923977613
Climate,chronos2__model_config.context_length-1024__pipeline_config.raw_inference.completed_at-2026-09-27T13_45_36.087411_00_00,1,1,2.3926316201312336,0.947853959670577,0.01918179914355278,1,0,23886,0.0,5.2146040329423045,5.2146040329423045,1,5.2146040329423045,1,2.524261882033793,0.07402554526925087
Climate,chronos2__model_config.context_length-2048__pipeline_config.raw_inference.completed_at-2026-09-27T13_41_07.554909_00_00,1,1,2.174828509030533,0.8615700789643417,0.019381416961550713,1,0,23886,0.0,13.842992103565832,13.842992103565832,1,13.842992103565832,1,2.524261882033793,0.07402554526925087
Climate,chronos2__model_config.context_length-4096__pipeline_config.raw_inference.completed_at-2026-09-27T13_41_25.143554_00_00,1,1,2.137182347597084,0.8466563484590435,0.027004782110452652,1,0,23886,0.0,15.334365154095654,15.334365154095654,1,15.334365154095654,1,2.524261882033793,0.07402554526925087
Climate,chronos2__model_config.context_length-512__pipeline_config.raw_inference.completed_at-2026-09-27T13_47_03.205295_00_00,1,1,2.682734452927134,1.0627797662442455,0.01934092678129673,1,0,23886,0.0,-6.277976624424553,-6.277976624424553,1,-6.277976624424553,1,2.524261882033793,0.07402554526925087
Climate,chronos2__model_config.context_length-8192__pipeline_config.raw_inference.completed_at-2026-09-26T15_47_41.256424_00_00,1,1,2.139118123635133,0.8474232166084327,0.05661956965923309,1,0,23886,0.0,15.257678339156733,15.257678339156733,1,15.257678339156733,1,2.524261882033793,0.07402554526925087
Climate,chronos2__model_config.context_length-1024__pipeline_config.raw_inference.completed_at-2026-09-27T13_45_35.807221_00_00,1,1,1.9084801928093498,0.8567344255019782,0.018315106630325317,1,0,23886,0.0,14.32655744980218,14.32655744980218,1,14.32655744980218,1,2.2276216946589162,0.10067129507660866
Climate,chronos2__model_config.context_length-2048__pipeline_config.raw_inference.completed_at-2026-09-27T13_41_07.272574_00_00,1,1,1.8270603741779807,0.820184315208751,0.025647273287177086,1,0,23886,0.0,17.9815684791249,17.9815684791249,1,17.9815684791249,1,2.2276216946589162,0.10067129507660866
Climate,chronos2__model_config.context_length-4096__pipeline_config.raw_inference.completed_at-2026-09-27T13_41_24.850007_00_00,1,1,1.8417847255790012,0.8267942128571374,0.042383112013339996,1,0,23886,0.0,17.32057871428626,17.32057871428626,1,17.32057871428626,1,2.2276216946589162,0.10067129507660866
Climate,chronos2__model_config.context_length-512__pipeline_config.raw_inference.completed_at-2026-09-27T13_47_02.923550_00_00,1,1,2.0415819309667222,0.9164850278939847,0.018161052837967873,1,0,23886,0.0,8.351497210601533,8.351497210601533,1,8.351497210601533,1,2.2276216946589162,0.10067129507660866
Climate,chronos2__model_config.context_length-8192__pipeline_config.raw_inference.completed_at-2026-09-26T15_47_40.936798_00_00,1,1,1.8356686518765377,0.8240486507551307,0.07455896027386189,1,0,23886,0.0,17.59513492448693,17.59513492448693,1,17.59513492448693,1,2.2276216946589162,0.10067129507660866
Climate,chronos2__model_config.context_length-1024__pipeline_config.raw_inference.completed_at-2026-09-27T13_45_35.497741_00_00,1,1,1.2554534595075206,0.8070821258302109,0.3040750566869974,1,0,23886,0.0,19.291787416978913,19.291787416978913,1,19.291787416978913,1,1.5555461077967614,0.4084245152771473
Climate,chronos2__model_config.context_length-2048__pipeline_config.raw_inference.completed_at-2026-09-27T13_41_06.954311_00_00,1,1,1.2507627956862315,0.8040666807734695,0.3497636653482914,1,0,23886,0.0,19.593331922653046,19.593331922653046,1,19.593331922653046,1,1.5555461077967614,0.4084245152771473
Climate,chronos2__model_config.context_length-4096__pipeline_config.raw_inference.completed_at-2026-09-27T13_41_24.510789_00_00,1,1,1.2463106254917533,0.8012045539794369,0.42958169989287853,1,0,23886,0.0,19.87954460205631,19.87954460205631,1,19.87954460205631,1,1.5555461077967614,0.4084245152771473
Climate,chronos2__model_config.context_length-512__pipeline_config.raw_inference.completed_at-2026-09-27T13_47_02.612372_00_00,1,1,1.2529311696141938,0.805460643907763,0.30554725229740143,1,0,23886,0.0,19.453935609223706,19.453935609223706,1,19.453935609223706,1,1.5555461077967614,0.4084245152771473
Climate,chronos2__model_config.context_length-8192__pipeline_config.raw_inference.completed_at-2026-09-26T15_47_40.569043_00_00,1,1,1.242231586401445,0.7985822986378156,0.5735014602541924,1,0,23886,0.0,20.14177013621844,20.14177013621844,1,20.14177013621844,1,1.5555461077967614,0.4084245152771473
Climate,chronos_bolt__model_config.context_length-1024__pipeline_config.raw_inference.completed_at-2026-09-27T13_20_46.544194_00_00,1,1,2.206187057473418,0.8739929375694954,0.2331855744123459,1,0,23886,0.0,12.600706243050464,12.600706243050464,1,12.600706243050464,1,2.524261882033793,0.07402554526925087
Climate,chronos_bolt__model_config.context_length-128__pipeline_config.raw_inference.completed_at-2026-09-27T13_27_47.880125_00_00,1,1,2.339849298089435,0.9269439572585958,0.12383802235126495,1,0,23886,0.0,7.30560427414042,7.30560427414042,1,7.30560427414042,1,2.524261882033793,0.07402554526925087
Climate,chronos_bolt__model_config.context_length-2048__pipeline_config.raw_inference.completed_at-2026-09-26T15_48_10.275697_00_00,1,1,2.1537965293959545,0.853238146455963,0.37182822450995445,1,0,23886,0.0,14.676185354403703,14.676185354403703,1,14.676185354403703,1,2.524261882033793,0.07402554526925087
Climate,chronos_bolt__model_config.context_length-256__pipeline_config.raw_inference.completed_at-2026-09-27T13_26_55.474709_00_00,1,1,2.307774189834354,0.914237229607486,0.13620072416961193,1,0,23886,0.0,8.576277039251401,8.576277039251401,1,8.576277039251401,1,2.524261882033793,0.07402554526925087
Climate,chronos_bolt__model_config.context_length-512__pipeline_config.raw_inference.completed_at-2026-09-27T14_56_47.850447_00_00,1,1,2.294229093273524,0.908871266330365,0.16706071607768536,1,0,23886,0.0,9.112873366963504,9.112873366963504,1,9.112873366963504,1,2.524261882033793,0.07402554526925087
Climate,chronos_bolt__model_config.context_length-1024__pipeline_config.raw_inference.completed_at-2026-09-27T13_20_46.269032_00_00,1,1,2.0020520050341277,0.8987396782112383,0.18809630535542965,1,0,23886,0.0,10.126032178876166,10.126032178876166,1,10.126032178876166,1,2.2276216946589162,0.10067129507660866
Climate,chronos_bolt__model_config.context_length-128__pipeline_config.raw_inference.completed_at-2026-09-27T13_27_47.711515_00_00,1,1,2.02321006671551,0.9082377279618365,0.09262890182435513,1,0,23886,0.0,9.176227203816346,9.176227203816346,1,9.176227203816346,1,2.2276216946589162,0.10067129507660866
Climate,chronos_bolt__model_config.context_length-2048__pipeline_config.raw_inference.completed_at-2026-09-26T15_48_09.858670_00_00,1,1,1.9464693816144993,0.8737881240254909,0.3257381711155176,1,0,23886,0.0,12.621187597450911,12.621187597450911,1,12.621187597450911,1,2.2276216946589162,0.10067129507660866
Climate,chronos_bolt__model_config.context_length-256__pipeline_config.raw_inference.completed_at-2026-09-27T13_26_55.295603_00_00,1,1,2.1445618765726295,0.9627136787698575,0.10633180104196072,1,0,23886,0.0,3.7286321230142527,3.7286321230142527,1,3.7286321230142527,1,2.2276216946589162,0.10067129507660866
Climate,chronos_bolt__model_config.context_length-512__pipeline_config.raw_inference.completed_at-2026-09-27T14_56_47.641608_00_00,1,1,2.0676290743936123,0.928177831698752,0.1309933438897133,1,0,23886,0.0,7.1822168301247995,7.1822168301247995,1,7.1822168301247995,1,2.2276216946589162,0.10067129507660866
Climate,chronos_bolt__model_config.context_length-1024__pipeline_config.raw_inference.completed_at-2026-09-27T13_20_46.011986_00_00,1,1,1.3240948758527316,0.8512090186308576,0.8499729540199041,1,0,23886,0.0,14.879098136914237,14.879098136914237,1,14.879098136914237,1,1.5555461077967614,0.4084245152771473
Climate,chronos_bolt__model_config.context_length-128__pipeline_config.raw_inference.completed_at-2026-09-27T13_27_47.546267_00_00,1,1,1.3109085235828686,0.8427320264004313,0.32851907797157764,1,0,23886,0.0,15.726797359956867,15.726797359956867,1,15.726797359956867,1,1.5555461077967614,0.4084245152771473
Climate,chronos_bolt__model_config.context_length-2048__pipeline_config.raw_inference.completed_at-2026-09-26T15_48_09.461246_00_00,1,1,1.316102276045098,0.8460708875477784,0.38748606108129025,1,0,23886,0.0,15.392911245222162,15.392911245222162,1,15.392911245222162,1,1.5555461077967614,0.4084245152771473
Climate,chronos_bolt__model_config.context_length-256__pipeline_config.raw_inference.completed_at-2026-09-27T13_26_55.117257_00_00,1,1,1.3106106172057956,0.8425405139948654,0.32585041783750057,1,0,23886,0.0,15.74594860051346,15.74594860051346,1,15.74594860051346,1,1.5555461077967614,0.4084245152771473
Climate,chronos_bolt__model_config.context_length-512__pipeline_config.raw_inference.completed_at-2026-09-27T14_56_47.441847_00_00,1,1,1.3220979204430134,0.8499252537847313,0.3231370095163584,1,0,23886,0.0,15.007474621526873,15.007474621526873,1,15.007474621526873,1,1.5555461077967614,0.4084245152771473
Climate,ts_icl__model_config.context_length-1024__pipeline_config.raw_inference.completed_at-2026-09-27T13_54_58.742423_00_00,1,1,2.0390948466545784,0.8077984543393268,0.06301836855709553,1,0,23886,0.0,19.220154566067315,19.220154566067315,1,19.220154566067315,1,2.524261882033793,0.07402554526925087
Climate,ts_icl__model_config.context_length-2048__pipeline_config.raw_inference.completed_at-2026-09-27T13_57_54.800392_00_00,1,1,2.0378160224371427,0.8072918412075684,0.17136332765221596,1,0,23886,0.0,19.270815879243163,19.270815879243163,1,19.270815879243163,1,2.524261882033793,0.07402554526925087
Climate,ts_icl__model_config.context_length-256__pipeline_config.raw_inference.completed_at-2026-09-27T15_04_53.500573_00_00,1,1,2.1876217989606745,0.8666382099776873,0.043137043714523315,1,0,23886,0.0,13.336179002231274,13.336179002231274,1,13.336179002231274,1,2.524261882033793,0.07402554526925087
Climate,ts_icl__model_config.context_length-4096__pipeline_config.raw_inference.completed_at-2026-09-26T16_03_34.042014_00_00,1,1,2.0108007570754864,0.7965895976907863,0.24878704361617565,1,0,23886,0.0,20.34104023092137,20.34104023092137,1,20.34104023092137,1,2.524261882033793,0.07402554526925087
Climate,ts_icl__model_config.context_length-512__pipeline_config.raw_inference.completed_at-2026-09-27T13_55_55.709375_00_00,1,1,2.228456404390375,0.8828150598205412,0.04791700281202793,1,0,23886,0.0,11.71849401794588,11.71849401794588,1,11.71849401794588,1,2.524261882033793,0.07402554526925087
Climate,ts_icl__model_config.context_length-1024__pipeline_config.raw_inference.completed_at-2026-09-27T13_54_58.277613_00_00,1,1,1.8482244238863959,0.829685053040116,0.09481539390981197,1,0,23886,0.0,17.031494695988403,17.031494695988403,1,17.031494695988403,1,2.2276216946589162,0.10067129507660866
Climate,ts_icl__model_config.context_length-2048__pipeline_config.raw_inference.completed_at-2026-09-27T13_57_54.228873_00_00,1,1,1.8045151747786154,0.8100635664957083,0.32528884522616863,1,0,23886,0.0,18.993643350429167,18.993643350429167,1,18.993643350429167,1,2.2276216946589162,0.10067129507660866
Climate,ts_icl__model_config.context_length-256__pipeline_config.raw_inference.completed_at-2026-09-27T15_04_53.046094_00_00,1,1,1.9419492821212772,0.8717590095200702,0.05677485093474388,1,0,23886,0.0,12.824099047992977,12.824099047992977,1,12.824099047992977,1,2.2276216946589162,0.10067129507660866
Climate,ts_icl__model_config.context_length-4096__pipeline_config.raw_inference.completed_at-2026-09-26T16_03_33.387940_00_00,1,1,1.8097602851403476,0.8124181450914852,0.4841473549604416,1,0,23886,0.0,18.758185490851474,18.758185490851474,1,18.758185490851474,1,2.2276216946589162,0.10067129507660866
Climate,ts_icl__model_config.context_length-512__pipeline_config.raw_inference.completed_at-2026-09-27T13_55_55.267050_00_00,1,1,1.9999753890347625,0.8978074660657271,0.06674859300255775,1,0,23886,0.0,10.219253393427286,10.219253393427286,1,10.219253393427286,1,2.2276216946589162,0.10067129507660866
Climate,ts_icl__model_config.context_length-1024__pipeline_config.raw_inference.completed_at-2026-09-27T13_54_57.677388_00_00,1,1,1.2436758775479397,0.7995107771568744,0.5840762164443731,1,0,23886,0.0,20.048922284312564,20.048922284312564,1,20.048922284312564,1,1.5555461077967614,0.4084245152771473
Climate,ts_icl__model_config.context_length-2048__pipeline_config.raw_inference.completed_at-2026-09-27T13_57_53.392718_00_00,1,1,1.237220501202693,0.7953608671587772,1.4078764524310827,1,0,23886,0.0,20.46391328412228,20.46391328412228,1,20.46391328412228,1,1.5555461077967614,0.4084245152771473
Climate,ts_icl__model_config.context_length-256__pipeline_config.raw_inference.completed_at-2026-09-27T15_04_52.477298_00_00,1,1,1.24482979397911,0.8002525850823268,0.3590147141367197,1,0,23886,0.0,19.974741491767322,19.974741491767322,1,19.974741491767322,1,1.5555461077967614,0.4084245152771473
Climate,ts_icl__model_config.context_length-4096__pipeline_config.raw_inference.completed_at-2026-09-26T16_03_32.393368_00_00,1,1,1.239956715693167,0.7971198728717931,3.0255052018910646,1,0,23886,0.0,20.28801271282069,20.28801271282069,1,20.28801271282069,1,1.5555461077967614,0.4084245152771473
Climate,ts_icl__model_config.context_length-512__pipeline_config.raw_inference.completed_at-2026-09-27T13_55_54.699287_00_00,1,1,1.2417045712191412,0.7982435011057706,0.4195910133421421,1,0,23886,0.0,20.175649889422942,20.175649889422942,1,20.175649889422942,1,1.5555461077967614,0.4084245152771473
Climate,chronos2__model_config.context_length-1024__pipeline_config.raw_inference.completed_at-2026-09-27T13_46_09.885766_00_00,1,1,1.388250340537347,0.8711931713371117,0.07529268600046635,1,0,194400,0.0,12.88068286628883,12.88068286628883,1,12.88068286628883,1,1.5935046166703226,0.7003484927117825
Climate,chronos2__model_config.context_length-2048__pipeline_config.raw_inference.completed_at-2026-09-27T13_41_47.558191_00_00,1,1,1.381332515045637,0.8668519065429344,0.1181135717779398,1,0,194400,0.0,13.314809345706557,13.314809345706557,1,13.314809345706557,1,1.5935046166703226,0.7003484927117825
Climate,chronos2__model_config.context_length-4096__pipeline_config.raw_inference.completed_at-2026-09-27T13_42_16.762188_00_00,1,1,1.379729042656724,0.8658456512913723,0.1993931569159031,1,0,194400,0.0,13.415434870862775,13.415434870862775,1,13.415434870862775,1,1.5935046166703226,0.7003484927117825
Climate,chronos2__model_config.context_length-512__pipeline_config.raw_inference.completed_at-2026-09-27T13_47_35.130598_00_00,1,1,1.3553050909661635,0.8505184589914245,0.056145353242754936,1,0,194400,0.0,14.948154100857547,14.948154100857547,1,14.948154100857547,1,1.5935046166703226,0.7003484927117825
Climate,chronos2__model_config.context_length-8192__pipeline_config.raw_inference.completed_at-2026-09-26T15_48_54.664121_00_00,1,1,1.3875581107601154,0.8707587642007973,0.35609316267073154,1,0,194400,0.0,12.924123579920266,12.924123579920266,1,12.924123579920266,1,1.5935046166703226,0.7003484927117825
Climate,chronos2__model_config.context_length-1024__pipeline_config.raw_inference.completed_at-2026-09-27T13_46_09.418572_00_00,1,1,1.2552668769226487,0.8646958731003519,0.16484692692756653,1,0,194400,0.0,13.53041268996481,13.53041268996481,1,13.53041268996481,1,1.4516859811322,1.3113287333399057
Climate,chronos2__model_config.context_length-2048__pipeline_config.raw_inference.completed_at-2026-09-27T13_41_47.047080_00_00,1,1,1.2469487141591924,0.858965871659566,0.2966073974967003,1,0,194400,0.0,14.103412834043406,14.103412834043406,1,14.103412834043406,1,1.4516859811322,1.3113287333399057
Climate,chronos2__model_config.context_length-4096__pipeline_config.raw_inference.completed_at-2026-09-27T13_42_16.167332_00_00,1,1,1.2465876689898292,0.8587171641745756,0.5660080723464489,1,0,194400,0.0,14.128283582542444,14.128283582542444,1,14.128283582542444,1,1.4516859811322,1.3113287333399057
Climate,chronos2__model_config.context_length-512__pipeline_config.raw_inference.completed_at-2026-09-27T13_47_34.681057_00_00,1,1,1.2557547768710555,0.8650319650339713,0.11960430443286896,1,0,194400,0.0,13.496803496602872,13.496803496602872,1,13.496803496602872,1,1.4516859811322,1.3113287333399057
Climate,chronos2__model_config.context_length-8192__pipeline_config.raw_inference.completed_at-2026-09-26T15_48_53.914141_00_00,1,1,1.249904498327334,0.8610019760282506,1.0642402078956366,1,0,194400,0.0,13.899802397174943,13.899802397174943,1,13.899802397174943,1,1.4516859811322,1.3113287333399057
Climate,chronos2__model_config.context_length-1024__pipeline_config.raw_inference.completed_at-2026-09-27T13_46_08.375055_00_00,1,1,1.127956378901236,0.7789883820943628,1.3362237345427275,1,0,194400,0.0,22.101161790563715,22.101161790563715,1,22.101161790563715,1,1.447975868226236,7.719230720773339
Climate,chronos2__model_config.context_length-2048__pipeline_config.raw_inference.completed_at-2026-09-27T13_41_45.866128_00_00,1,1,1.1272692016005204,0.7785138042261851,2.4219555761665106,1,0,194400,0.0,22.14861957738149,22.14861957738149,1,22.14861957738149,1,1.447975868226236,7.719230720773339
Climate,chronos2__model_config.context_length-4096__pipeline_config.raw_inference.completed_at-2026-09-27T13_42_14.706612_00_00,1,1,1.1287743300095334,0.7795532748707179,4.61906398460269,1,0,194400,0.0,22.04467251292821,22.04467251292821,1,22.04467251292821,1,1.447975868226236,7.719230720773339
Climate,chronos2__model_config.context_length-512__pipeline_config.raw_inference.completed_at-2026-09-27T13_47_33.679473_00_00,1,1,1.1294515583247713,0.7800209817780627,1.0141194686293602,1,0,194400,0.0,21.997901822193732,21.997901822193732,1,21.997901822193732,1,1.447975868226236,7.719230720773339
Climate,chronos2__model_config.context_length-8192__pipeline_config.raw_inference.completed_at-2026-09-26T15_48_51.967815_00_00,1,1,1.1305421467327808,0.7807741631203355,8.633932314813137,1,0,194400,0.0,21.922583687966444,21.922583687966444,1,21.922583687966444,1,1.447975868226236,7.719230720773339
Climate,chronos_bolt__model_config.context_length-1024__pipeline_config.raw_inference.completed_at-2026-09-27T13_22_06.944958_00_00,1,1,1.411785706836631,0.8859627340061312,1.5864778850227594,1,0,194400,0.0,11.403726599386877,11.403726599386877,1,11.403726599386877,1,1.5935046166703226,0.7003484927117825
Climate,chronos_bolt__model_config.context_length-128__pipeline_config.raw_inference.completed_at-2026-09-27T13_28_41.601674_00_00,1,1,1.410453523894815,0.885126725796378,0.6223335396498442,1,0,194400,0.0,11.487327420362202,11.487327420362202,1,11.487327420362202,1,1.5935046166703226,0.7003484927117825
Climate,chronos_bolt__model_config.context_length-2048__pipeline_config.raw_inference.completed_at-2026-09-26T15_50_00.788347_00_00,1,1,1.3758704254220318,0.8634241853010478,2.80189080350101,1,0,194400,0.0,13.65758146989522,13.65758146989522,1,13.65758146989522,1,1.5935046166703226,0.7003484927117825
Climate,chronos_bolt__model_config.context_length-256__pipeline_config.raw_inference.completed_at-2026-09-27T13_27_52.156580_00_00,1,1,1.3969701001772288,0.8766652355838424,0.7306430842727423,1,0,194400,0.0,12.333476441615765,12.333476441615765,1,12.333476441615765,1,1.5935046166703226,0.7003484927117825
Climate,chronos_bolt__model_config.context_length-512__pipeline_config.raw_inference.completed_at-2026-09-27T14_57_50.955503_00_00,1,1,1.4138227400623862,0.8872410693209115,0.9954293705523014,1,0,194400,0.0,11.275893067908848,11.275893067908848,1,11.275893067908848,1,1.5935046166703226,0.7003484927117825
Climate,chronos_bolt__model_config.context_length-1024__pipeline_config.raw_inference.completed_at-2026-09-27T13_22_05.173605_00_00,1,1,1.2703406737486362,0.8750795215077238,1.4897035229951143,1,0,194400,0.0,12.492047849227617,12.492047849227617,1,12.492047849227617,1,1.4516859811322,1.3113287333399057
Climate,chronos_bolt__model_config.context_length-128__pipeline_config.raw_inference.completed_at-2026-09-27T13_28_40.787306_00_00,1,1,1.2978348943375144,0.8940190311167061,0.6472363658249378,1,0,194400,0.0,10.598096888329389,10.598096888329389,1,10.598096888329389,1,1.4516859811322,1.3113287333399057
Climate,chronos_bolt__model_config.context_length-2048__pipeline_config.raw_inference.completed_at-2026-09-26T15_49_57.796501_00_00,1,1,1.2546875781987985,0.8642968207354607,2.475498855113983,1,0,194400,0.0,13.570317926453935,13.570317926453935,1,13.570317926453935,1,1.4516859811322,1.3113287333399057
Climate,chronos_bolt__model_config.context_length-256__pipeline_config.raw_inference.completed_at-2026-09-27T13_27_51.235936_00_00,1,1,1.2820608457480365,0.8831530113338496,0.727934030815959,1,0,194400,0.0,11.68469886661504,11.68469886661504,1,11.68469886661504,1,1.4516859811322,1.3113287333399057
Climate,chronos_bolt__model_config.context_length-512__pipeline_config.raw_inference.completed_at-2026-09-27T14_57_49.772450_00_00,1,1,1.2825241599776216,0.8834721672915476,0.8472334463149309,1,0,194400,0.0,11.652783270845235,11.652783270845235,1,11.652783270845235,1,1.4516859811322,1.3113287333399057
Climate,chronos_bolt__model_config.context_length-1024__pipeline_config.raw_inference.completed_at-2026-09-27T13_22_03.001275_00_00,1,1,1.1379204497320063,0.7858697611624935,2.644150609150529,1,0,194400,0.0,21.413023883750647,21.413023883750647,1,21.413023883750647,1,1.447975868226236,7.719230720773339
Climate,chronos_bolt__model_config.context_length-128__pipeline_config.raw_inference.completed_at-2026-09-27T13_28_39.443351_00_00,1,1,1.1449270432919922,0.7907086495125936,2.1423698868602514,1,0,194400,0.0,20.929135048740644,20.929135048740644,1,20.929135048740644,1,1.447975868226236,7.719230720773339
Climate,chronos_bolt__model_config.context_length-2048__pipeline_config.raw_inference.completed_at-2026-09-26T15_49_54.637419_00_00,1,1,1.1376097055054408,0.7856551552195463,3.2253792844712734,1,0,194400,0.0,21.43448447804537,21.43448447804537,1,21.43448447804537,1,1.447975868226236,7.719230720773339
Climate,chronos_bolt__model_config.context_length-256__pipeline_config.raw_inference.completed_at-2026-09-27T13_27_49.827815_00_00,1,1,1.139768465329903,0.7871460362983219,2.134361995384097,1,0,194400,0.0,21.28539637016781,21.28539637016781,1,21.28539637016781,1,1.447975868226236,7.719230720773339
Climate,chronos_bolt__model_config.context_length-512__pipeline_config.raw_inference.completed_at-2026-09-27T14_57_48.237098_00_00,1,1,1.1368961420738575,0.7851623545816065,2.105567567050457,1,0,194400,0.0,21.483764541839346,21.483764541839346,1,21.483764541839346,1,1.447975868226236,7.719230720773339
Climate,ts_icl__model_config.context_length-1024__pipeline_config.raw_inference.completed_at-2026-09-27T13_55_58.144793_00_00,1,1,1.3830914054411358,0.8679556939917428,0.38748973980546,1,0,194400,0.0,13.204430600825724,13.204430600825724,1,13.204430600825724,1,1.5935046166703226,0.7003484927117825
Climate,ts_icl__model_config.context_length-2048__pipeline_config.raw_inference.completed_at-2026-09-27T13_59_41.562519_00_00,1,1,1.394550021143209,0.8751465207908619,0.7452716305851936,1,0,194400,0.0,12.485347920913814,12.485347920913814,1,12.485347920913814,1,1.5935046166703226,0.7003484927117825
Climate,ts_icl__model_config.context_length-256__pipeline_config.raw_inference.completed_at-2026-09-27T15_05_30.111826_00_00,1,1,1.4196690040784943,0.8909098782813298,0.20635712705552578,1,0,194400,0.0,10.909012171867015,10.909012171867015,1,10.909012171867015,1,1.5935046166703226,0.7003484927117825
Climate,ts_icl__model_config.context_length-4096__pipeline_config.raw_inference.completed_at-2026-09-26T16_07_54.679891_00_00,1,1,1.3953221482634197,0.8756310673131206,1.9205797761678696,1,0,194400,0.0,12.436893268687943,12.436893268687943,1,12.436893268687943,1,1.5935046166703226,0.7003484927117825
Climate,ts_icl__model_config.context_length-512__pipeline_config.raw_inference.completed_at-2026-09-27T13_56_37.629842_00_00,1,1,1.3979918075979252,0.8773064056250257,0.25521383062005043,1,0,194400,0.0,12.269359437497428,12.269359437497428,1,12.269359437497428,1,1.5935046166703226,0.7003484927117825
Climate,ts_icl__model_config.context_length-1024__pipeline_config.raw_inference.completed_at-2026-09-27T13_55_57.151731_00_00,1,1,1.262827881141465,0.8699043026898692,0.9835759047418833,1,0,194400,0.0,13.009569731013082,13.009569731013082,1,13.009569731013082,1,1.4516859811322,1.3113287333399057
Climate,ts_icl__model_config.context_length-2048__pipeline_config.raw_inference.completed_at-2026-09-27T13_59_40.209119_00_00,1,1,1.2662783258181924,0.8722811560325159,2.0475531443953514,1,0,194400,0.0,12.771884396748412,12.771884396748412,1,12.771884396748412,1,1.4516859811322,1.3113287333399057
Climate,ts_icl__model_config.context_length-256__pipeline_config.raw_inference.completed_at-2026-09-27T15_05_29.311605_00_00,1,1,1.278742669836208,0.8808672718867824,0.46242484264075756,1,0,194400,0.0,11.913272811321763,11.913272811321763,1,11.913272811321763,1,1.4516859811322,1.3113287333399057
Climate,ts_icl__model_config.context_length-4096__pipeline_config.raw_inference.completed_at-2026-09-26T16_07_52.159828_00_00,1,1,1.2690630394887432,0.874199417768693,5.45385835506022,1,0,194400,0.0,12.580058223130697,12.580058223130697,1,12.580058223130697,1,1.4516859811322,1.3113287333399057
Climate,ts_icl__model_config.context_length-512__pipeline_config.raw_inference.completed_at-2026-09-27T13_56_36.779541_00_00,1,1,1.271247710634439,0.8757043376853213,0.5990217737853527,1,0,194400,0.0,12.42956623146787,12.42956623146787,1,12.42956623146787,1,1.4516859811322,1.3113287333399057
Climate,ts_icl__model_config.context_length-1024__pipeline_config.raw_inference.completed_at-2026-09-27T13_55_55.062641_00_00,1,1,1.141019555083094,0.7880100629583267,6.625317469239235,1,0,194400,0.0,21.198993704167336,21.198993704167336,1,21.198993704167336,1,1.447975868226236,7.719230720773339
Climate,ts_icl__model_config.context_length-2048__pipeline_config.raw_inference.completed_at-2026-09-27T13_59_37.036908_00_00,1,1,1.1405260685323357,0.7876692516495286,15.561780415475368,1,0,194400,0.0,21.233074835047137,21.233074835047137,1,21.233074835047137,1,1.447975868226236,7.719230720773339
Climate,ts_icl__model_config.context_length-256__pipeline_config.raw_inference.completed_at-2026-09-27T15_05_27.737695_00_00,1,1,1.1465372817468171,0.791820711177542,3.145370641723275,1,0,194400,0.0,20.817928882245795,20.817928882245795,1,20.817928882245795,1,1.447975868226236,7.719230720773339
Climate,ts_icl__model_config.context_length-4096__pipeline_config.raw_inference.completed_at-2026-09-26T16_07_45.465539_00_00,1,1,1.142890894709768,0.7893024461172853,43.21806778386235,1,0,194400,0.0,21.06975538827147,21.06975538827147,1,21.06975538827147,1,1.447975868226236,7.719230720773339
Climate,ts_icl__model_config.context_length-512__pipeline_config.raw_inference.completed_at-2026-09-27T13_56_35.061882_00_00,1,1,1.1421979912786098,0.788823913673228,3.7986755929887295,1,0,194400,0.0,21.117608632677197,21.117608632677197,1,21.117608632677197,1,1.447975868226236,7.719230720773339
Climate,chronos2__model_config.context_length-1024__pipeline_config.raw_inference.completed_at-2026-09-27T13_46_20.197097_00_00,1,1,1.703097730301255,0.926712050663122,0.04212372191250324,1,0,29160,0.0,7.328794933687799,7.328794933687799,1,7.328794933687799,1,1.837785242009726,0.10938471369445324
Climate,chronos2__model_config.context_length-2048__pipeline_config.raw_inference.completed_at-2026-09-27T13_41_58.004263_00_00,1,1,1.561994618698674,0.8499331603025286,0.04967375658452511,1,0,29160,0.0,15.006683969747137,15.006683969747137,1,15.006683969747137,1,1.837785242009726,0.10938471369445324
Climate,chronos2__model_config.context_length-4096__pipeline_config.raw_inference.completed_at-2026-09-27T13_42_27.884871_00_00,1,1,1.4304203039078922,0.7783392048265899,0.07397065125405788,1,0,29160,0.0,22.166079517341007,22.166079517341007,1,22.166079517341007,1,1.837785242009726,0.10938471369445324
Climate,chronos2__model_config.context_length-512__pipeline_config.raw_inference.completed_at-2026-09-27T13_47_45.259106_00_00,1,1,1.8294665310405496,0.9954735130204444,0.043553611263632774,1,0,29160,0.0,0.45264869795555995,0.45264869795555995,1,0.45264869795555995,1,1.837785242009726,0.10938471369445324
Climate,chronos2__model_config.context_length-8192__pipeline_config.raw_inference.completed_at-2026-09-26T15_49_06.577617_00_00,1,1,1.4010791372080962,0.7623737013340763,0.09528536908328533,1,0,29160,0.0,23.762629866592366,23.762629866592366,1,23.762629866592366,1,1.837785242009726,0.10938471369445324
Climate,chronos2__model_config.context_length-1024__pipeline_config.raw_inference.completed_at-2026-09-27T13_46_19.882664_00_00,1,1,1.049202974341325,0.8179193023252801,0.03248022682964802,1,0,29160,0.0,18.20806976747199,18.20806976747199,1,18.20806976747199,1,1.2827707713444634,0.2092900276184082
Climate,chronos2__model_config.context_length-2048__pipeline_config.raw_inference.completed_at-2026-09-27T13_41_57.682860_00_00,1,1,0.9211509078349037,0.718094712174843,0.05686277337372303,1,0,29160,0.0,28.1905287825157,28.1905287825157,1,28.1905287825157,1,1.2827707713444634,0.2092900276184082
Climate,chronos2__model_config.context_length-4096__pipeline_config.raw_inference.completed_at-2026-09-27T13_42_27.536214_00_00,1,1,0.9440051090866264,0.7359109906263462,0.11024022847414017,1,0,29160,0.0,26.408900937365377,26.408900937365377,1,26.408900937365377,1,1.2827707713444634,0.2092900276184082
Climate,chronos2__model_config.context_length-512__pipeline_config.raw_inference.completed_at-2026-09-27T13_47_44.941847_00_00,1,1,1.034676042463729,0.8065946508738205,0.02198481559753418,1,0,29160,0.0,19.340534912617947,19.340534912617947,1,19.340534912617947,1,1.2827707713444634,0.2092900276184082
Climate,chronos2__model_config.context_length-8192__pipeline_config.raw_inference.completed_at-2026-09-26T15_49_06.207636_00_00,1,1,0.9893873247652253,0.7712892645100224,0.2036834917962551,1,0,29160,0.0,22.871073548997757,22.871073548997757,1,22.871073548997757,1,1.2827707713444634,0.2092900276184082
Climate,chronos2__model_config.context_length-1024__pipeline_config.raw_inference.completed_at-2026-09-27T13_46_19.491675_00_00,1,1,0.4247354579698039,0.33228109199481093,0.40050868690013885,1,0,29160,0.0,66.7718908005189,66.7718908005189,1,66.7718908005189,1,1.2782414293270614,1.2500160355120897
Climate,chronos2__model_config.context_length-2048__pipeline_config.raw_inference.completed_at-2026-09-27T13_41_57.268539_00_00,1,1,0.407988850591002,0.31917980534067847,0.5904588513076305,1,0,29160,0.0,68.08201946593215,68.08201946593215,1,68.08201946593215,1,1.2782414293270614,1.2500160355120897
Climate,chronos2__model_config.context_length-4096__pipeline_config.raw_inference.completed_at-2026-09-27T13_42_27.064788_00_00,1,1,0.4121756648164214,0.32245525403867875,1.0697051361203194,1,0,29160,0.0,67.75447459613213,67.75447459613213,1,67.75447459613213,1,1.2782414293270614,1.2500160355120897
Climate,chronos2__model_config.context_length-512__pipeline_config.raw_inference.completed_at-2026-09-27T13_47_44.561070_00_00,1,1,0.45226763383292456,0.35382019660481806,0.32045408338308334,1,0,29160,0.0,64.61798033951818,64.6179803395182,1,64.61798033951818,1,1.2782414293270614,1.2500160355120897
Climate,chronos2__model_config.context_length-8192__pipeline_config.raw_inference.completed_at-2026-09-26T15_49_05.643932_00_00,1,1,0.4837238683743286,0.3784291897259098,1.715425917878747,1,0,29160,0.0,62.15708102740902,62.15708102740902,1,62.15708102740902,1,1.2782414293270614,1.2500160355120897
Climate,chronos_bolt__model_config.context_length-1024__pipeline_config.raw_inference.completed_at-2026-09-27T13_22_17.631857_00_00,1,1,2.4361936004408027,1.3256138664911044,0.22622966766357422,1,0,29160,0.0,-32.56138664911043,-32.56138664911043,1,-32.56138664911043,1,1.837785242009726,0.10938471369445324
Climate,chronos_bolt__model_config.context_length-128__pipeline_config.raw_inference.completed_at-2026-09-27T13_28_51.928869_00_00,1,1,2.615492524773471,1.4231763673938727,0.09465942159295082,1,0,29160,0.0,-42.31763673938727,-42.31763673938727,1,-42.31763673938727,1,1.837785242009726,0.10938471369445324
Climate,chronos_bolt__model_config.context_length-2048__pipeline_config.raw_inference.completed_at-2026-09-26T15_50_13.749029_00_00,1,1,2.370452159975281,1.289841764853358,0.42830513417720795,1,0,29160,0.0,-28.9841764853358,-28.9841764853358,1,-28.9841764853358,1,1.837785242009726,0.10938471369445324
Climate,chronos_bolt__model_config.context_length-256__pipeline_config.raw_inference.completed_at-2026-09-27T13_28_02.510789_00_00,1,1,2.2979779564081664,1.250406143154786,0.11155191995203495,1,0,29160,0.0,-25.040614315478592,-25.040614315478592,1,-25.040614315478592,1,1.837785242009726,0.10938471369445324
Climate,chronos_bolt__model_config.context_length-512__pipeline_config.raw_inference.completed_at-2026-09-27T14_58_01.382322_00_00,1,1,2.5753286089547536,1.4013218465822919,0.14278334192931652,1,0,29160,0.0,-40.132184658229185,-40.132184658229185,1,-40.132184658229185,1,1.837785242009726,0.10938471369445324
Climate,chronos_bolt__model_config.context_length-1024__pipeline_config.raw_inference.completed_at-2026-09-27T13_22_17.347895_00_00,1,1,1.776409107403916,1.384821939419522,0.28114450350403786,1,0,29160,0.0,-38.482193941952204,-38.482193941952204,1,-38.482193941952204,1,1.2827707713444634,0.2092900276184082
Climate,chronos_bolt__model_config.context_length-128__pipeline_config.raw_inference.completed_at-2026-09-27T13_28_51.773441_00_00,1,1,2.220709713600709,1.731182034396682,0.14738757722079754,1,0,29160,0.0,-73.11820343966819,-73.11820343966819,1,-73.11820343966819,1,1.2827707713444634,0.2092900276184082
Climate,chronos_bolt__model_config.context_length-2048__pipeline_config.raw_inference.completed_at-2026-09-26T15_50_13.260754_00_00,1,1,1.7547628129002864,1.3679472997822761,0.47553866542875767,1,0,29160,0.0,-36.794729978227615,-36.794729978227615,1,-36.794729978227615,1,1.2827707713444634,0.2092900276184082
Climate,chronos_bolt__model_config.context_length-256__pipeline_config.raw_inference.completed_at-2026-09-27T13_28_02.341748_00_00,1,1,1.974588574784911,1.5393152220917523,0.16258306428790092,1,0,29160,0.0,-53.93152220917523,-53.93152220917523,1,-53.93152220917523,1,1.2827707713444634,0.2092900276184082
Climate,chronos_bolt__model_config.context_length-512__pipeline_config.raw_inference.completed_at-2026-09-27T14_58_01.181810_00_00,1,1,1.8913440425525607,1.4744209057478412,0.19213820807635784,1,0,29160,0.0,-47.442090574784125,-47.442090574784125,1,-47.442090574784125,1,1.2827707713444634,0.2092900276184082
Climate,chronos_bolt__model_config.context_length-1024__pipeline_config.raw_inference.completed_at-2026-09-27T13_22_16.924936_00_00,1,1,0.6375754221625826,0.49879107931765154,0.6303732506930828,1,0,29160,0.0,50.120892068234845,50.120892068234845,1,50.120892068234845,1,1.2782414293270614,1.2500160355120897
Climate,chronos_bolt__model_config.context_length-128__pipeline_config.raw_inference.completed_at-2026-09-27T13_28_51.482888_00_00,1,1,0.6550997941774986,0.5125008305530985,0.594029450789094,1,0,29160,0.0,48.749916944690156,48.749916944690156,1,48.749916944690156,1,1.2782414293270614,1.2500160355120897
Climate,chronos_bolt__model_config.context_length-2048__pipeline_config.raw_inference.completed_at-2026-09-26T15_50_12.641595_00_00,1,1,0.6111656872978505,0.47813008816308095,0.7514343541115522,1,0,29160,0.0,52.1869911836919,52.1869911836919,1,52.1869911836919,1,1.2782414293270614,1.2500160355120897
Climate,chronos_bolt__model_config.context_length-256__pipeline_config.raw_inference.completed_at-2026-09-27T13_28_02.037349_00_00,1,1,0.6087186208712713,0.47621568735394154,0.5940534844994545,1,0,29160,0.0,52.37843126460584,52.37843126460584,1,52.37843126460584,1,1.2782414293270614,1.2500160355120897
Climate,chronos_bolt__model_config.context_length-512__pipeline_config.raw_inference.completed_at-2026-09-27T14_58_00.849113_00_00,1,1,0.6343437265060493,0.49626284358503675,0.5929381977766752,1,0,29160,0.0,50.37371564149633,50.37371564149633,1,50.37371564149633,1,1.2782414293270614,1.2500160355120897
Climate,ts_icl__model_config.context_length-1024__pipeline_config.raw_inference.completed_at-2026-09-27T13_56_05.085349_00_00,1,1,1.743163268070423,0.9485130407098991,0.08648763783276081,1,0,29160,0.0,5.148695929010094,5.148695929010094,1,5.148695929010094,1,1.837785242009726,0.10938471369445324
Climate,ts_icl__model_config.context_length-2048__pipeline_config.raw_inference.completed_at-2026-09-27T13_59_50.691994_00_00,1,1,1.8421459327017173,1.0023727966643277,0.15880411863327026,1,0,29160,0.0,-0.23727966643276588,-0.23727966643276588,1,-0.23727966643276588,1,1.837785242009726,0.10938471369445324
Climate,ts_icl__model_config.context_length-256__pipeline_config.raw_inference.completed_at-2026-09-27T15_05_36.230123_00_00,1,1,2.2946884617691796,1.248616219847213,0.05045940354466438,1,0,29160,0.0,-24.861621984721303,-24.861621984721303,1,-24.861621984721303,1,1.837785242009726,0.10938471369445324
Climate,ts_icl__model_config.context_length-4096__pipeline_config.raw_inference.completed_at-2026-09-26T16_08_11.081393_00_00,1,1,1.746738194256302,0.9504582768039541,0.3787784017622471,1,0,29160,0.0,4.954172319604588,4.954172319604588,1,4.954172319604588,1,1.837785242009726,0.10938471369445324
Climate,ts_icl__model_config.context_length-512__pipeline_config.raw_inference.completed_at-2026-09-27T13_56_44.075201_00_00,1,1,1.9434167605698578,1.0574776182469598,0.06088994815945625,1,0,29160,0.0,-5.747761824695985,-5.747761824695985,1,-5.747761824695985,1,1.837785242009726,0.10938471369445324
Climate,ts_icl__model_config.context_length-1024__pipeline_config.raw_inference.completed_at-2026-09-27T13_56_04.583867_00_00,1,1,1.166780560451526,0.9095783802655802,0.20848997682332993,1,0,29160,0.0,9.042161973441976,9.042161973441976,1,9.042161973441976,1,1.2827707713444634,0.2092900276184082
Climate,ts_icl__model_config.context_length-2048__pipeline_config.raw_inference.completed_at-2026-09-27T13_59_50.117153_00_00,1,1,1.2101180991624403,0.9433627006437976,0.4212769437581301,1,0,29160,0.0,5.663729935620243,5.663729935620243,1,5.663729935620243,1,1.2827707713444634,0.2092900276184082
Climate,ts_icl__model_config.context_length-256__pipeline_config.raw_inference.completed_at-2026-09-27T15_05_35.766956_00_00,1,1,1.5176557444473846,1.183107518778854,0.10378949344158173,1,0,29160,0.0,-18.3107518778854,-18.3107518778854,1,-18.3107518778854,1,1.2827707713444634,0.2092900276184082
Climate,ts_icl__model_config.context_length-4096__pipeline_config.raw_inference.completed_at-2026-09-26T16_08_10.313554_00_00,1,1,1.2496745099830937,0.9741993954799253,1.090745884925127,1,0,29160,0.0,2.580060452007471,2.580060452007471,1,2.580060452007471,1,1.2827707713444634,0.2092900276184082
Climate,ts_icl__model_config.context_length-512__pipeline_config.raw_inference.completed_at-2026-09-27T13_56_43.601241_00_00,1,1,1.224382465895013,0.9544826661522278,0.12864593788981438,1,0,29160,0.0,4.551733384777224,4.551733384777224,1,4.551733384777224,1,1.2827707713444634,0.2092900276184082
Climate,ts_icl__model_config.context_length-1024__pipeline_config.raw_inference.completed_at-2026-09-27T13_56_03.794459_00_00,1,1,0.5175591588724757,0.4048993773773614,1.4501908160746098,1,0,29160,0.0,59.51006226226385,59.51006226226385,1,59.51006226226385,1,1.2782414293270614,1.2500160355120897
Climate,ts_icl__model_config.context_length-2048__pipeline_config.raw_inference.completed_at-2026-09-27T13_59_49.115143_00_00,1,1,0.5258794340951446,0.41140853521857546,3.225551111623645,1,0,29160,0.0,58.859146478142456,58.859146478142456,1,58.859146478142456,1,1.2782414293270614,1.2500160355120897
Climate,ts_icl__model_config.context_length-256__pipeline_config.raw_inference.completed_at-2026-09-27T15_05_35.081791_00_00,1,1,0.5197539183484305,0.406616392196002,0.7461084611713886,1,0,29160,0.0,59.3383607803998,59.3383607803998,1,59.3383607803998,1,1.2782414293270614,1.2500160355120897
Climate,ts_icl__model_config.context_length-4096__pipeline_config.raw_inference.completed_at-2026-09-26T16_08_08.642942_00_00,1,1,0.5645352327609865,0.4416499260692792,8.71646397933364,1,0,29160,0.0,55.835007393072075,55.835007393072075,1,55.835007393072075,1,1.2782414293270614,1.2500160355120897
Climate,ts_icl__model_config.context_length-512__pipeline_config.raw_inference.completed_at-2026-09-27T13_56_42.901294_00_00,1,1,0.5066357226894695,0.3963537020985083,1.0868454817682505,1,0,29160,0.0,60.36462979014917,60.36462979014917,1,60.36462979014917,1,1.2782414293270614,1.2500160355120897
Climate,chronos2__model_config.context_length-1024__pipeline_config.raw_inference.completed_at-2026-09-27T13_45_57.553571_00_00,1,1,1.336696511900192,0.9025489117568459,0.4710989389568567,1,0,2099520,0.0,9.745108824315407,9.745108824315407,1,9.745108824315407,1,1.4810239029575263,6.811730781570077
Climate,chronos2__model_config.context_length-2048__pipeline_config.raw_inference.completed_at-2026-09-27T13_41_33.662867_00_00,1,1,1.2437897056808243,0.8398174419717617,0.6011111047118902,1,0,2099520,0.0,16.018255802823834,16.018255802823834,1,16.018255802823834,1,1.4810239029575263,6.811730781570077
Climate,chronos2__model_config.context_length-4096__pipeline_config.raw_inference.completed_at-2026-09-27T13_42_00.513544_00_00,1,1,1.2609860050491057,0.8514285303099993,0.8665367886424065,1,0,2099520,0.0,14.857146969000068,14.857146969000068,1,14.857146969000068,1,1.4810239029575263,6.811730781570077
Climate,chronos2__model_config.context_length-512__pipeline_config.raw_inference.completed_at-2026-09-27T13_47_23.055419_00_00,1,1,1.3487081974181134,0.9106593045019831,0.38579854369163513,1,0,2099520,0.0,8.934069549801693,8.934069549801693,1,8.934069549801693,1,1.4810239029575263,6.811730781570077
Climate,chronos2__model_config.context_length-8192__pipeline_config.raw_inference.completed_at-2026-09-26T15_48_33.655572_00_00,1,1,1.252382036034176,0.8456190568789844,1.5354538895189762,1,0,2099520,0.0,15.438094312101558,15.438094312101558,1,15.438094312101558,1,1.4810239029575263,6.811730781570077
Climate,chronos2__model_config.context_length-1024__pipeline_config.raw_inference.completed_at-2026-09-27T13_45_55.645833_00_00,1,1,1.0361146555944432,0.8478383624389239,0.7970377206802368,1,0,2099520,0.0,15.216163756107616,15.216163756107616,1,15.216163756107616,1,1.222066258731106,10.114560516551137
Climate,chronos2__model_config.context_length-2048__pipeline_config.raw_inference.completed_at-2026-09-27T13_41_31.616173_00_00,1,1,1.007346627728468,0.8242978811757838,1.3131426982581615,1,0,2099520,0.0,17.570211882421617,17.570211882421617,1,17.570211882421617,1,1.222066258731106,10.114560516551137
Climate,chronos2__model_config.context_length-4096__pipeline_config.raw_inference.completed_at-2026-09-27T13_41_58.214673_00_00,1,1,1.017259852809125,0.83240973682177,2.269179565832019,1,0,2099520,0.0,16.759026317823,16.759026317823,1,16.759026317823,1,1.222066258731106,10.114560516551137
Climate,chronos2__model_config.context_length-512__pipeline_config.raw_inference.completed_at-2026-09-27T13_47_21.205134_00_00,1,1,1.0607427401409144,0.8679911850625049,0.6109539717435837,1,0,2099520,0.0,13.200881493749506,13.200881493749506,1,13.200881493749506,1,1.222066258731106,10.114560516551137
Climate,chronos2__model_config.context_length-8192__pipeline_config.raw_inference.completed_at-2026-09-26T15_48_30.671929_00_00,1,1,1.030877263252768,0.8435526763689123,4.066814675927162,1,0,2099520,0.0,15.644732363108771,15.644732363108771,1,15.644732363108771,1,1.222066258731106,10.114560516551137
Climate,chronos2__model_config.context_length-1024__pipeline_config.raw_inference.completed_at-2026-09-27T13_45_50.102121_00_00,1,1,0.7894743351543577,0.6480619997383202,4.557175815105438,1,0,2099520,0.0,35.19380002616798,35.19380002616798,1,35.19380002616798,1,1.2182080348379292,48.18329762108624
Climate,chronos2__model_config.context_length-2048__pipeline_config.raw_inference.completed_at-2026-09-27T13_41_25.509256_00_00,1,1,0.7836889987318624,0.6433129451786325,8.338565073907375,1,0,2099520,0.0,35.66870548213675,35.66870548213675,1,35.66870548213675,1,1.2182080348379292,48.18329762108624
Climate,chronos2__model_config.context_length-4096__pipeline_config.raw_inference.completed_at-2026-09-27T13_41_51.188380_00_00,1,1,0.7857868204173036,0.6450350005463927,16.51249418593943,1,0,2099520,0.0,35.496499945360725,35.496499945360725,1,35.496499945360725,1,1.2182080348379292,48.18329762108624
Climate,chronos2__model_config.context_length-512__pipeline_config.raw_inference.completed_at-2026-09-27T13_47_15.763942_00_00,1,1,0.7998616409395869,0.6565887090426232,2.9992729239165783,1,0,2099520,0.0,34.34112909573768,34.34112909573768,1,34.34112909573768,1,1.2182080348379292,48.18329762108624
Climate,chronos2__model_config.context_length-8192__pipeline_config.raw_inference.completed_at-2026-09-26T15_48_21.812438_00_00,1,1,0.7896222491456418,0.6481834190583823,30.978325570002198,1,0,2099520,0.0,35.18165809416177,35.18165809416177,1,35.18165809416177,1,1.2182080348379292,48.18329762108624
Climate,chronos_bolt__model_config.context_length-1024__pipeline_config.raw_inference.completed_at-2026-09-27T13_21_49.612342_00_00,1,1,1.3615128207031986,0.9193050956060396,22.172438144683838,1,0,2099520,0.0,8.069490439396043,8.069490439396043,1,8.069490439396043,1,1.4810239029575263,6.811730781570077
Climate,chronos_bolt__model_config.context_length-128__pipeline_config.raw_inference.completed_at-2026-09-27T13_28_27.295328_00_00,1,1,1.4781590074624227,0.9980655980707789,9.79082958959043,1,0,2099520,0.0,0.1934401929221119,0.1934401929221119,1,0.1934401929221119,1,1.4810239029575263,6.811730781570077
Climate,chronos_bolt__model_config.context_length-2048__pipeline_config.raw_inference.completed_at-2026-09-26T15_49_38.648611_00_00,1,1,1.3666070271612945,0.9227447473550242,32.15862756036222,1,0,2099520,0.0,7.725525264497579,7.725525264497579,1,7.725525264497579,1,1.4810239029575263,6.811730781570077
Climate,chronos_bolt__model_config.context_length-256__pipeline_config.raw_inference.completed_at-2026-09-27T13_27_37.958027_00_00,1,1,1.4534787552711412,0.9814012808089195,11.529784452170134,1,0,2099520,0.0,1.859871919108047,1.859871919108047,1,1.859871919108047,1,1.4810239029575263,6.811730781570077
Climate,chronos_bolt__model_config.context_length-512__pipeline_config.raw_inference.completed_at-2026-09-27T14_57_36.425987_00_00,1,1,1.4862485964505923,1.0035277577104815,14.786118168383837,1,0,2099520,0.0,-0.3527757710481527,-0.3527757710481527,1,-0.3527757710481527,1,1.4810239029575263,6.811730781570077
Climate,chronos_bolt__model_config.context_length-1024__pipeline_config.raw_inference.completed_at-2026-09-27T13_21_26.064911_00_00,1,1,1.1013748915633461,0.901239915343808,17.09666114114225,1,0,2099520,0.0,9.8760084656192,9.8760084656192,1,9.8760084656192,1,1.222066258731106,10.114560516551137
Climate,chronos_bolt__model_config.context_length-128__pipeline_config.raw_inference.completed_at-2026-09-27T13_28_16.108255_00_00,1,1,1.2487524823227307,1.021836969477689,6.483073052018881,1,0,2099520,0.0,-2.1836969477688983,-2.1836969477688983,1,-2.1836969477688983,1,1.222066258731106,10.114560516551137
Climate,chronos_bolt__model_config.context_length-2048__pipeline_config.raw_inference.completed_at-2026-09-26T15_49_05.119306_00_00,1,1,1.0933035912750042,0.8946352814046282,30.308664947748184,1,0,2099520,0.0,10.536471859537178,10.536471859537178,1,10.536471859537178,1,1.222066258731106,10.114560516551137
Climate,chronos_bolt__model_config.context_length-256__pipeline_config.raw_inference.completed_at-2026-09-27T13_27_25.057003_00_00,1,1,1.1892259985013844,0.9731272670404794,7.7059357557445765,1,0,2099520,0.0,2.687273295952064,2.687273295952064,1,2.687273295952064,1,1.222066258731106,10.114560516551137
Climate,chronos_bolt__model_config.context_length-512__pipeline_config.raw_inference.completed_at-2026-09-27T14_57_20.273362_00_00,1,1,1.103457939453854,0.9029444447632445,10.66084210574627,1,0,2099520,0.0,9.705555523675546,9.705555523675546,1,9.705555523675546,1,1.222066258731106,10.114560516551137
Climate,chronos_bolt__model_config.context_length-1024__pipeline_config.raw_inference.completed_at-2026-09-27T13_21_04.221617_00_00,1,1,0.8243632151011341,0.676701508713007,7.944204352796078,1,0,2099520,0.0,32.329849128699294,32.329849128699294,1,32.329849128699294,1,1.2182080348379292,48.18329762108624
Climate,chronos_bolt__model_config.context_length-128__pipeline_config.raw_inference.completed_at-2026-09-27T13_28_04.842704_00_00,1,1,0.9108512067877779,0.7476975859127032,7.1438653990626335,1,0,2099520,0.0,25.230241408729682,25.230241408729682,1,25.230241408729682,1,1.2182080348379292,48.18329762108624
Climate,chronos_bolt__model_config.context_length-2048__pipeline_config.raw_inference.completed_at-2026-09-26T15_48_30.087755_00_00,1,1,0.8188563892682863,0.6721810773290682,10.092537354677916,1,0,2099520,0.0,32.781892267093184,32.781892267093184,1,32.781892267093184,1,1.2182080348379292,48.18329762108624
Climate,chronos_bolt__model_config.context_length-256__pipeline_config.raw_inference.completed_at-2026-09-27T13_27_12.612094_00_00,1,1,0.8631520883619029,0.7085424358383394,7.253913210704923,1,0,2099520,0.0,29.14575641616606,29.14575641616606,1,29.14575641616606,1,1.2182080348379292,48.18329762108624
Climate,chronos_bolt__model_config.context_length-512__pipeline_config.raw_inference.completed_at-2026-09-27T14_57_04.882582_00_00,1,1,0.8273742516349004,0.6791732019276778,7.141362331807613,1,0,2099520,0.0,32.08267980723222,32.08267980723222,1,32.08267980723222,1,1.2182080348379292,48.18329762108624
Climate,ts_icl__model_config.context_length-1024__pipeline_config.raw_inference.completed_at-2026-09-27T13_55_43.771384_00_00,1,1,1.3836908552857283,0.9342798941479411,2.963689560070634,1,0,2099520,0.0,6.57201058520589,6.57201058520589,1,6.57201058520589,1,1.4810239029575263,6.811730781570077
Climate,ts_icl__model_config.context_length-2048__pipeline_config.raw_inference.completed_at-2026-09-27T13_59_16.427804_00_00,1,1,1.4111830145618014,0.9528428351114008,5.6910824198275805,1,0,2099520,0.0,4.715716488859922,4.715716488859922,1,4.715716488859922,1,1.4810239029575263,6.811730781570077
Climate,ts_icl__model_config.context_length-256__pipeline_config.raw_inference.completed_at-2026-09-27T15_05_19.499471_00_00,1,1,1.4359387588957306,0.9695581253133302,1.5113556161522865,1,0,2099520,0.0,3.044187468666981,3.044187468666981,1,3.044187468666981,1,1.4810239029575263,6.811730781570077
Climate,ts_icl__model_config.context_length-4096__pipeline_config.raw_inference.completed_at-2026-09-26T16_06_55.979969_00_00,1,1,1.3854049722183888,0.9354372805542223,14.442658975720406,1,0,2099520,0.0,6.456271944577773,6.456271944577773,1,6.456271944577773,1,1.4810239029575263,6.811730781570077
Climate,ts_icl__model_config.context_length-512__pipeline_config.raw_inference.completed_at-2026-09-27T13_56_26.620894_00_00,1,1,1.3510540597667198,0.9122432508136677,1.9345319047570229,1,0,2099520,0.0,8.775674918633225,8.775674918633225,1,8.775674918633225,1,1.4810239029575263,6.811730781570077
Climate,ts_icl__model_config.context_length-1024__pipeline_config.raw_inference.completed_at-2026-09-27T13_55_39.112709_00_00,1,1,1.0516797011713563,0.8605750250099654,4.009095676243305,1,0,2099520,0.0,13.942497499003458,13.942497499003458,1,13.942497499003458,1,1.222066258731106,10.114560516551137
Climate,ts_icl__model_config.context_length-2048__pipeline_config.raw_inference.completed_at-2026-09-27T13_59_09.050782_00_00,1,1,1.052089036323933,0.8609099783315649,7.997177792713046,1,0,2099520,0.0,13.909002166843509,13.909002166843509,1,13.909002166843509,1,1.222066258731106,10.114560516551137
Climate,ts_icl__model_config.context_length-256__pipeline_config.raw_inference.completed_at-2026-09-27T15_05_16.311983_00_00,1,1,1.2409244415766545,1.01543139147392,2.045681731775403,1,0,2099520,0.0,-1.543139147391992,-1.543139147391992,1,-1.543139147391992,1,1.222066258731106,10.114560516551137
Climate,ts_icl__model_config.context_length-4096__pipeline_config.raw_inference.completed_at-2026-09-26T16_06_39.839239_00_00,1,1,1.0366148259413028,0.848247644949824,20.870247155427933,1,0,2099520,0.0,15.175235505017604,15.175235505017604,1,15.175235505017604,1,1.222066258731106,10.114560516551137
Climate,ts_icl__model_config.context_length-512__pipeline_config.raw_inference.completed_at-2026-09-27T13_56_23.012586_00_00,1,1,1.058530158535308,0.8661806599867993,2.555371306836605,1,0,2099520,0.0,13.381934001320072,13.381934001320072,1,13.381934001320072,1,1.222066258731106,10.114560516551137
Climate,ts_icl__model_config.context_length-1024__pipeline_config.raw_inference.completed_at-2026-09-27T13_55_29.864993_00_00,1,1,0.8050590521308276,0.6608551487988937,26.369510477408767,1,0,2099520,0.0,33.914485120110626,33.914485120110626,1,33.914485120110626,1,1.2182080348379292,48.18329762108624
Climate,ts_icl__model_config.context_length-2048__pipeline_config.raw_inference.completed_at-2026-09-27T13_58_55.740899_00_00,1,1,0.8096687892266164,0.6646391799035664,56.17023554444313,1,0,2099520,0.0,33.536082009643366,33.536082009643366,1,33.536082009643366,1,1.2182080348379292,48.18329762108624
Climate,ts_icl__model_config.context_length-256__pipeline_config.raw_inference.completed_at-2026-09-27T15_05_09.070369_00_00,1,1,0.8549680648387449,0.7018243521538504,10.832495849579573,1,0,2099520,0.0,29.81756478461496,29.81756478461496,1,29.81756478461496,1,1.2182080348379292,48.18329762108624
Climate,ts_icl__model_config.context_length-4096__pipeline_config.raw_inference.completed_at-2026-09-26T16_06_13.734355_00_00,1,1,0.811580262149247,0.6662082656984116,154.89970768243074,1,0,2099520,0.0,33.379173430158836,33.379173430158836,1,33.379173430158836,1,1.2182080348379292,48.18329762108624
Climate,ts_icl__model_config.context_length-512__pipeline_config.raw_inference.completed_at-2026-09-27T13_56_15.234854_00_00,1,1,0.8163350899508057,0.670111398550586,14.784025797620416,1,0,2099520,0.0,32.9888601449414,32.9888601449414,1,32.9888601449414,1,1.2182080348379292,48.18329762108624
Climate,chronos2__model_config.context_length-1024__pipeline_config.raw_inference.completed_at-2026-09-27T13_46_32.519657_00_00,1,1,2.6130404721331715,0.9872397478313605,0.13316397368907928,1,0,435456,0.0,1.2760252168639519,1.2760252168639519,1,1.2760252168639519,1,2.646814492501095,1.3307417184114456
Climate,chronos2__model_config.context_length-2048__pipeline_config.raw_inference.completed_at-2026-09-27T13_42_11.784661_00_00,1,1,2.5021981357355503,0.9453621108788436,0.21624062210321426,1,0,435456,0.0,5.463788912115641,5.463788912115641,1,5.463788912115641,1,2.646814492501095,1.3307417184114456
Climate,chronos2__model_config.context_length-4096__pipeline_config.raw_inference.completed_at-2026-09-27T13_42_44.592872_00_00,1,1,2.298948845709404,0.8685719578091864,0.3757937029004097,1,0,435456,0.0,13.142804219081361,13.142804219081361,1,13.142804219081361,1,2.646814492501095,1.3307417184114456
Climate,chronos2__model_config.context_length-512__pipeline_config.raw_inference.completed_at-2026-09-27T13_47_57.027356_00_00,1,1,2.5408693565217795,0.9599725873197849,0.09324268065392971,1,0,435456,0.0,4.002741268021515,4.002741268021515,1,4.002741268021515,1,2.646814492501095,1.3307417184114456
Climate,chronos2__model_config.context_length-8192__pipeline_config.raw_inference.completed_at-2026-09-26T15_49_25.733402_00_00,1,1,2.2993970749811012,0.8687413044985622,0.6750923916697502,1,0,435456,0.0,13.125869550143776,13.125869550143776,1,13.125869550143776,1,2.646814492501095,1.3307417184114456
Climate,chronos2__model_config.context_length-1024__pipeline_config.raw_inference.completed_at-2026-09-27T13_46_31.937212_00_00,1,1,1.7039112162841765,0.8291541497801397,0.2151452973484993,1,0,435456,0.0,17.084585021986033,17.084585021986033,1,17.084585021986033,1,2.05499932278695,1.8770372215658426
Climate,chronos2__model_config.context_length-2048__pipeline_config.raw_inference.completed_at-2026-09-27T13_42_11.119342_00_00,1,1,1.6599965085400787,0.8077844552711695,0.38805911503732204,1,0,435456,0.0,19.22155447288305,19.22155447288305,1,19.22155447288305,1,2.05499932278695,1.8770372215658426
Climate,chronos2__model_config.context_length-4096__pipeline_config.raw_inference.completed_at-2026-09-27T13_42_43.765772_00_00,1,1,1.6152486144512244,0.7860093171518205,0.7216041889041662,1,0,435456,0.0,21.399068284817947,21.399068284817947,1,21.399068284817947,1,2.05499932278695,1.8770372215658426
Climate,chronos2__model_config.context_length-512__pipeline_config.raw_inference.completed_at-2026-09-27T13_47_56.480272_00_00,1,1,1.8106816429152413,0.881110578887992,0.15510035306215286,1,0,435456,0.0,11.888942111200794,11.888942111200794,1,11.888942111200794,1,2.05499932278695,1.8770372215658426
Climate,chronos2__model_config.context_length-8192__pipeline_config.raw_inference.completed_at-2026-09-26T15_49_24.607194_00_00,1,1,1.6186084008630783,0.787644250251116,1.2439574021846056,1,0,435456,0.0,21.235574974888404,21.235574974888404,1,21.235574974888404,1,2.05499932278695,1.8770372215658426
Climate,chronos2__model_config.context_length-1024__pipeline_config.raw_inference.completed_at-2026-09-27T13_46_30.822435_00_00,1,1,0.9060724612148625,0.7519673769080589,1.4920863844454288,1,0,435456,0.0,24.803262309194107,24.803262309194107,1,24.803262309194107,1,1.204935864293014,7.291973510757089
Climate,chronos2__model_config.context_length-2048__pipeline_config.raw_inference.completed_at-2026-09-27T13_42_09.833088_00_00,1,1,0.9031213737216471,0.7495182112879892,2.635166145861149,1,0,435456,0.0,25.048178871201078,25.048178871201078,1,25.048178871201078,1,1.204935864293014,7.291973510757089
Climate,chronos2__model_config.context_length-4096__pipeline_config.raw_inference.completed_at-2026-09-27T13_42_42.143676_00_00,1,1,0.9134041670976728,0.7580521039877961,5.014685723930597,1,0,435456,0.0,24.19478960122039,24.19478960122039,1,24.19478960122039,1,1.204935864293014,7.291973510757089
Climate,chronos2__model_config.context_length-512__pipeline_config.raw_inference.completed_at-2026-09-27T13_47_55.418364_00_00,1,1,0.9104168661534557,0.7555728841116662,1.0037706904113293,1,0,435456,0.0,24.442711588833376,24.442711588833376,1,24.442711588833376,1,1.204935864293014,7.291973510757089
Climate,chronos2__model_config.context_length-8192__pipeline_config.raw_inference.completed_at-2026-09-26T15_49_22.458019_00_00,1,1,0.9170105849553357,0.7610451411813391,6.526400502771139,1,0,435456,0.0,23.895485881866087,23.895485881866087,1,23.895485881866087,1,1.204935864293014,7.291973510757089
Climate,chronos_bolt__model_config.context_length-1024__pipeline_config.raw_inference.completed_at-2026-09-27T13_22_37.894252_00_00,1,1,2.471691589549686,0.9338363517928574,4.033429274335504,1,0,435456,0.0,6.61636482071426,6.61636482071426,1,6.61636482071426,1,2.646814492501095,1.3307417184114456
Climate,chronos_bolt__model_config.context_length-128__pipeline_config.raw_inference.completed_at-2026-09-27T13_29_07.265917_00_00,1,1,2.5290184593436007,0.9554951684406928,1.4339398108422756,1,0,435456,0.0,4.450483155930717,4.450483155930717,1,4.450483155930717,1,2.646814492501095,1.3307417184114456
Climate,chronos_bolt__model_config.context_length-2048__pipeline_config.raw_inference.completed_at-2026-09-26T15_50_39.241563_00_00,1,1,2.403046401752879,0.9079013314159889,6.603076305240393,1,0,435456,0.0,9.209866858401107,9.209866858401107,1,9.209866858401107,1,2.646814492501095,1.3307417184114456
Climate,chronos_bolt__model_config.context_length-256__pipeline_config.raw_inference.completed_at-2026-09-27T13_28_18.209402_00_00,1,1,2.636078053815906,0.9959436376385246,1.6806134544312954,1,0,435456,0.0,0.40563623614754407,0.40563623614754407,1,0.40563623614754407,1,2.646814492501095,1.3307417184114456
Climate,chronos_bolt__model_config.context_length-512__pipeline_config.raw_inference.completed_at-2026-09-27T14_58_18.181024_00_00,1,1,2.6015062656491175,0.9828819787029488,2.4043137803673744,1,0,435456,0.0,1.71180212970512,1.71180212970512,1,1.71180212970512,1,2.646814492501095,1.3307417184114456
Climate,chronos_bolt__model_config.context_length-1024__pipeline_config.raw_inference.completed_at-2026-09-27T13_22_33.621329_00_00,1,1,1.7952779115861728,0.873614843410971,2.9519158713519573,1,0,435456,0.0,12.638515658902904,12.638515658902904,1,12.638515658902904,1,2.05499932278695,1.8770372215658426
Climate,chronos_bolt__model_config.context_length-128__pipeline_config.raw_inference.completed_at-2026-09-27T13_29_05.586692_00_00,1,1,1.942651123270294,0.9453293252845011,1.2101054806262255,1,0,435456,0.0,5.467067471549891,5.467067471549891,1,5.467067471549891,1,2.05499932278695,1.8770372215658426
Climate,chronos_bolt__model_config.context_length-2048__pipeline_config.raw_inference.completed_at-2026-09-26T15_50_32.392678_00_00,1,1,1.744121568445221,0.8487212375719313,5.51859312877059,1,0,435456,0.0,15.12787624280687,15.12787624280687,1,15.12787624280687,1,2.05499932278695,1.8770372215658426
Climate,chronos_bolt__model_config.context_length-256__pipeline_config.raw_inference.completed_at-2026-09-27T13_28_16.288384_00_00,1,1,1.9421666095075136,0.9450935520862289,1.4182823430746794,1,0,435456,0.0,5.490644791377108,5.490644791377108,1,5.490644791377108,1,2.05499932278695,1.8770372215658426
Climate,chronos_bolt__model_config.context_length-512__pipeline_config.raw_inference.completed_at-2026-09-27T14_58_15.538510_00_00,1,1,1.8988758339767717,0.9240274743261488,1.873175336048007,1,0,435456,0.0,7.597252567385116,7.597252567385116,1,7.597252567385116,1,2.05499932278695,1.8770372215658426
Climate,chronos_bolt__model_config.context_length-1024__pipeline_config.raw_inference.completed_at-2026-09-27T13_22_29.979321_00_00,1,1,0.9754059141779295,0.8095085747574132,2.6094624754041433,1,0,435456,0.0,19.049142524258677,19.049142524258677,1,19.049142524258677,1,1.204935864293014,7.291973510757089
Climate,chronos_bolt__model_config.context_length-128__pipeline_config.raw_inference.completed_at-2026-09-27T13_29_03.673067_00_00,1,1,1.0419708074044522,0.8647520903660876,2.345812266692519,1,0,435456,0.0,13.524790963391242,13.524790963391242,1,13.524790963391242,1,1.204935864293014,7.291973510757089
Climate,chronos_bolt__model_config.context_length-2048__pipeline_config.raw_inference.completed_at-2026-09-26T15_50_26.168306_00_00,1,1,0.9819445754980096,0.8149351385388113,3.239248387515545,1,0,435456,0.0,18.506486146118874,18.506486146118874,1,18.506486146118874,1,1.204935864293014,7.291973510757089
Climate,chronos_bolt__model_config.context_length-256__pipeline_config.raw_inference.completed_at-2026-09-27T13_28_14.175188_00_00,1,1,1.0321960804825157,0.8566398520207946,2.333216607570648,1,0,435456,0.0,14.336014797920537,14.336014797920537,1,14.336014797920537,1,1.204935864293014,7.291973510757089
Climate,chronos_bolt__model_config.context_length-512__pipeline_config.raw_inference.completed_at-2026-09-27T14_58_12.980681_00_00,1,1,0.9901406580785878,0.8217372288603465,2.3208977170288563,1,0,435456,0.0,17.82627711396535,17.82627711396535,1,17.82627711396535,1,1.204935864293014,7.291973510757089
Climate,ts_icl__model_config.context_length-1024__pipeline_config.raw_inference.completed_at-2026-09-27T13_56_20.473628_00_00,1,1,2.370899834862908,0.8957559517601618,0.7047892827540636,1,0,435456,0.0,10.424404823983824,10.424404823983824,1,10.424404823983824,1,2.646814492501095,1.3307417184114456
Climate,ts_icl__model_config.context_length-2048__pipeline_config.raw_inference.completed_at-2026-09-27T14_00_18.316064_00_00,1,1,2.3712932015385526,0.8959045706666847,1.4309963267296553,1,0,435456,0.0,10.409542933331528,10.409542933331528,1,10.409542933331528,1,2.646814492501095,1.3307417184114456
Climate,ts_icl__model_config.context_length-256__pipeline_config.raw_inference.completed_at-2026-09-27T15_05_46.551422_00_00,1,1,2.489669210682699,0.9406285244909997,0.3635988552123308,1,0,435456,0.0,5.937147550900034,5.937147550900034,1,5.937147550900034,1,2.646814492501095,1.3307417184114456
Climate,ts_icl__model_config.context_length-4096__pipeline_config.raw_inference.completed_at-2026-09-26T16_09_22.797780_00_00,1,1,2.333693521642404,0.8816989359300323,4.473325552418828,1,0,435456,0.0,11.830106406996766,11.830106406996766,1,11.830106406996766,1,2.646814492501095,1.3307417184114456
Climate,ts_icl__model_config.context_length-512__pipeline_config.raw_inference.completed_at-2026-09-27T13_56_55.880122_00_00,1,1,2.422087786587836,0.915095407498353,0.4558039363473654,1,0,435456,0.0,8.490459250164694,8.490459250164694,1,8.490459250164694,1,2.646814492501095,1.3307417184114456
Climate,ts_icl__model_config.context_length-1024__pipeline_config.raw_inference.completed_at-2026-09-27T13_56_19.118950_00_00,1,1,1.6626737756503727,0.8090872620802069,1.2529134284704924,1,0,435456,0.0,19.09127379197931,19.09127379197931,1,19.09127379197931,1,2.05499932278695,1.8770372215658426
Climate,ts_icl__model_config.context_length-2048__pipeline_config.raw_inference.completed_at-2026-09-27T14_00_16.227937_00_00,1,1,1.6305682373077568,0.793464123918256,2.638075741007924,1,0,435456,0.0,20.653587608174394,20.653587608174394,1,20.653587608174394,1,2.05499932278695,1.8770372215658426
Climate,ts_icl__model_config.context_length-256__pipeline_config.raw_inference.completed_at-2026-09-27T15_05_45.549332_00_00,1,1,1.7716371471129777,0.8621108179784303,0.5652539022266865,1,0,435456,0.0,13.788918202156975,13.788918202156975,1,13.788918202156975,1,2.05499932278695,1.8770372215658426
Climate,ts_icl__model_config.context_length-4096__pipeline_config.raw_inference.completed_at-2026-09-26T16_09_17.673881_00_00,1,1,1.6379611443059245,0.797061646757408,8.498017262667418,1,0,435456,0.0,20.293835324259202,20.293835324259202,1,20.293835324259202,1,2.05499932278695,1.8770372215658426
Climate,ts_icl__model_config.context_length-512__pipeline_config.raw_inference.completed_at-2026-09-27T13_56_54.782840_00_00,1,1,1.725598091182622,0.8397073770527571,0.7631531208753586,1,0,435456,0.0,16.02926229472429,16.02926229472429,1,16.02926229472429,1,2.05499932278695,1.8770372215658426
Climate,ts_icl__model_config.context_length-1024__pipeline_config.raw_inference.completed_at-2026-09-27T13_56_16.749888_00_00,1,1,0.9256710088607687,0.7682325975116513,7.43869586288929,1,0,435456,0.0,23.17674024883487,23.17674024883487,1,23.17674024883487,1,1.204935864293014,7.291973510757089
Climate,ts_icl__model_config.context_length-2048__pipeline_config.raw_inference.completed_at-2026-09-27T14_00_12.471192_00_00,1,1,0.9308152016810062,0.7725018644267463,17.523188108578324,1,0,435456,0.0,22.74981355732537,22.74981355732537,1,22.74981355732537,1,1.204935864293014,7.291973510757089
Climate,ts_icl__model_config.context_length-256__pipeline_config.raw_inference.completed_at-2026-09-27T15_05_43.863803_00_00,1,1,0.9372988938747067,0.7778828082477726,3.389658935368061,1,0,435456,0.0,22.211719175222743,22.211719175222743,1,22.211719175222743,1,1.204935864293014,7.291973510757089
Climate,ts_icl__model_config.context_length-4096__pipeline_config.raw_inference.completed_at-2026-09-26T16_09_07.941690_00_00,1,1,0.9437669634863203,0.7832507865803029,52.63533495925367,1,0,435456,0.0,21.67492134196971,21.67492134196971,1,21.67492134196971,1,1.204935864293014,7.291973510757089
Climate,ts_icl__model_config.context_length-512__pipeline_config.raw_inference.completed_at-2026-09-27T13_56_52.897392_00_00,1,1,0.9265321036885272,0.7689472370649058,4.619576867669821,1,0,435456,0.0,23.105276293509426,23.105276293509426,1,23.105276293509426,1,1.204935864293014,7.291973510757089
Economics,chronos2__model_config.context_length-1024__pipeline_config.raw_inference.completed_at-2026-09-27T13_51_20.311905_00_00,1,1,1.4666912228731408,0.7998762262222356,0.24301106296479702,1,0,4320,0.0,20.012377377776435,20.012377377776435,1,20.012377377776435,1,1.8336477254740147,0.23624540865421295
Economics,chronos2__model_config.context_length-2048__pipeline_config.raw_inference.completed_at-2026-09-27T13_47_17.085172_00_00,1,1,1.4590158630789132,0.7956903841503931,0.24387824162840843,1,0,4320,0.0,20.430961584960695,20.430961584960695,1,20.430961584960695,1,1.8336477254740147,0.23624540865421295
Economics,chronos2__model_config.context_length-4096__pipeline_config.raw_inference.completed_at-2026-09-27T13_48_15.910356_00_00,1,1,1.4590158630789132,0.7956903841503931,0.24475296959280968,1,0,4320,0.0,20.430961584960695,20.430961584960695,1,20.430961584960695,1,1.8336477254740147,0.23624540865421295
Economics,chronos2__model_config.context_length-512__pipeline_config.raw_inference.completed_at-2026-09-27T13_52_42.447102_00_00,1,1,1.4405135041341788,0.7855999187421853,0.24530143663287163,1,0,4320,0.0,21.440008125781475,21.440008125781475,1,21.440008125781475,1,1.8336477254740147,0.23624540865421295
Economics,chronos2__model_config.context_length-8192__pipeline_config.raw_inference.completed_at-2026-09-26T15_56_02.550081_00_00,1,1,1.4590158630789132,0.7956903841503931,0.25034067779779434,1,0,4320,0.0,20.430961584960695,20.430961584960695,1,20.430961584960695,1,1.8336477254740147,0.23624540865421295
Economics,chronos_bolt__model_config.context_length-1024__pipeline_config.raw_inference.completed_at-2026-09-27T13_28_22.236482_00_00,1,1,1.528388148439712,0.8335233246858306,0.3557719476521015,1,0,4320,0.0,16.647667531416943,16.647667531416943,1,16.647667531416943,1,1.8336477254740147,0.23624540865421295
Economics,chronos_bolt__model_config.context_length-128__pipeline_config.raw_inference.completed_at-2026-09-27T13_34_22.776403_00_00,1,1,1.4015883469254056,0.7643716551733415,0.26075420901179314,1,0,4320,0.0,23.56283448266585,23.56283448266585,1,23.56283448266585,1,1.8336477254740147,0.23624540865421295
Economics,chronos_bolt__model_config.context_length-2048__pipeline_config.raw_inference.completed_at-2026-09-26T15_57_05.887193_00_00,1,1,1.5321493333429275,0.8355745283335996,0.27026289515197277,1,0,4320,0.0,16.442547166640043,16.442547166640043,1,16.442547166640043,1,1.8336477254740147,0.23624540865421295
Economics,chronos_bolt__model_config.context_length-256__pipeline_config.raw_inference.completed_at-2026-09-27T13_33_36.663244_00_00,1,1,1.4569036434692026,0.7945384619025335,0.27195582538843155,1,0,4320,0.0,20.54615380974665,20.54615380974665,1,20.54615380974665,1,1.8336477254740147,0.23624540865421295
Economics,chronos_bolt__model_config.context_length-512__pipeline_config.raw_inference.completed_at-2026-09-27T15_25_30.900582_00_00,1,1,1.50006337348388,0.8180760964301907,0.3539734836667776,1,0,4320,0.0,18.192390356980926,18.192390356980926,1,18.192390356980926,1,1.8336477254740147,0.23624540865421295
Economics,ts_icl__model_config.context_length-1024__pipeline_config.raw_inference.completed_at-2026-09-27T14_01_02.010611_00_00,1,1,1.4390890540537984,0.7848230791886597,0.6499057207256556,1,0,4320,0.0,21.517692081134033,21.517692081134033,1,21.517692081134033,1,1.8336477254740147,0.23624540865421295
Economics,ts_icl__model_config.context_length-2048__pipeline_config.raw_inference.completed_at-2026-09-27T14_07_53.897731_00_00,1,1,1.426445685398948,0.7779278787206516,0.6649963576346636,1,0,4320,0.0,22.207212127934838,22.207212127934838,1,22.207212127934838,1,1.8336477254740147,0.23624540865421295
Economics,ts_icl__model_config.context_length-256__pipeline_config.raw_inference.completed_at-2026-09-27T15_09_17.636882_00_00,1,1,1.431615073114016,0.7807470612949554,0.40377371571958065,1,0,4320,0.0,21.925293870504458,21.925293870504458,1,21.925293870504458,1,1.8336477254740147,0.23624540865421295
Economics,ts_icl__model_config.context_length-4096__pipeline_config.raw_inference.completed_at-2026-09-26T16_24_28.930878_00_00,1,1,1.426445685398948,0.7779278787206516,0.6909284833818674,1,0,4320,0.0,22.207212127934838,22.207212127934838,1,22.207212127934838,1,1.8336477254740147,0.23624540865421295
Economics,ts_icl__model_config.context_length-512__pipeline_config.raw_inference.completed_at-2026-09-27T14_00_45.348824_00_00,1,1,1.4493782023764046,0.7904343796471196,0.6229476407170296,1,0,4320,0.0,20.95656203528804,20.95656203528804,1,20.95656203528804,1,1.8336477254740147,0.23624540865421295
Economics,chronos2__model_config.context_length-1024__pipeline_config.raw_inference.completed_at-2026-09-27T13_51_11.025913_00_00,1,1,0.9052348777989669,0.741941898777288,0.356245506554842,1,0,17280,0.0,25.8058101222712,25.8058101222712,1,25.8058101222712,1,1.220088634016739,0.670241279527545
Economics,chronos2__model_config.context_length-2048__pipeline_config.raw_inference.completed_at-2026-09-27T13_47_07.682244_00_00,1,1,0.9052348777989669,0.741941898777288,0.36429889500141144,1,0,17280,0.0,25.8058101222712,25.8058101222712,1,25.8058101222712,1,1.220088634016739,0.670241279527545
Economics,chronos2__model_config.context_length-4096__pipeline_config.raw_inference.completed_at-2026-09-27T13_48_06.604102_00_00,1,1,0.9052348777989669,0.741941898777288,0.3558211661875248,1,0,17280,0.0,25.8058101222712,25.8058101222712,1,25.8058101222712,1,1.220088634016739,0.670241279527545
Economics,chronos2__model_config.context_length-512__pipeline_config.raw_inference.completed_at-2026-09-27T13_52_33.102716_00_00,1,1,0.9068815114786911,0.7432915004650795,0.3573927879333496,1,0,17280,0.0,25.67084995349205,25.67084995349205,1,25.67084995349205,1,1.220088634016739,0.670241279527545
Economics,chronos2__model_config.context_length-8192__pipeline_config.raw_inference.completed_at-2026-09-26T15_55_53.197161_00_00,1,1,0.9052348777989669,0.741941898777288,0.3581456486135721,1,0,17280,0.0,25.8058101222712,25.8058101222712,1,25.8058101222712,1,1.220088634016739,0.670241279527545
Economics,chronos_bolt__model_config.context_length-1024__pipeline_config.raw_inference.completed_at-2026-09-27T13_28_12.587418_00_00,1,1,0.9385643093449965,0.7692591203436454,0.3937109746038914,1,0,17280,0.0,23.07408796563546,23.07408796563546,1,23.07408796563546,1,1.220088634016739,0.670241279527545
Economics,chronos_bolt__model_config.context_length-128__pipeline_config.raw_inference.completed_at-2026-09-27T13_34_13.228058_00_00,1,1,0.9575798132833271,0.7848444666932203,0.3956293407827616,1,0,17280,0.0,21.51555333067797,21.51555333067797,1,21.51555333067797,1,1.220088634016739,0.670241279527545
Economics,chronos_bolt__model_config.context_length-2048__pipeline_config.raw_inference.completed_at-2026-09-26T15_56_56.468880_00_00,1,1,0.9385643093449965,0.7692591203436454,0.40148663707077503,1,0,17280,0.0,23.07408796563546,23.07408796563546,1,23.07408796563546,1,1.220088634016739,0.670241279527545
Economics,chronos_bolt__model_config.context_length-256__pipeline_config.raw_inference.completed_at-2026-09-27T13_33_27.121284_00_00,1,1,0.9366073184089541,0.76765514594254,0.39210998080670834,1,0,17280,0.0,23.234485405745996,23.234485405745996,1,23.234485405745996,1,1.220088634016739,0.670241279527545
Economics,chronos_bolt__model_config.context_length-512__pipeline_config.raw_inference.completed_at-2026-09-27T15_25_21.206352_00_00,1,1,0.9390335586915584,0.7696437230138768,0.39603124745190144,1,0,17280,0.0,23.035627698612316,23.035627698612316,1,23.035627698612316,1,1.220088634016739,0.670241279527545
Economics,ts_icl__model_config.context_length-1024__pipeline_config.raw_inference.completed_at-2026-09-27T14_00_57.148333_00_00,1,1,0.9422205607088643,0.7722558299776257,2.069445585832,1,0,17280,0.0,22.774417002237435,22.774417002237435,1,22.774417002237435,1,1.220088634016739,0.670241279527545
Economics,ts_icl__model_config.context_length-2048__pipeline_config.raw_inference.completed_at-2026-09-27T14_07_49.071146_00_00,1,1,0.9422205607088643,0.7722558299776257,2.0956754311919212,1,0,17280,0.0,22.774417002237435,22.774417002237435,1,22.774417002237435,1,1.220088634016739,0.670241279527545
Economics,ts_icl__model_config.context_length-256__pipeline_config.raw_inference.completed_at-2026-09-27T15_09_13.099191_00_00,1,1,0.932351425148374,0.7641669622631553,1.8459576144814491,1,0,17280,0.0,23.58330377368447,23.58330377368447,1,23.58330377368447,1,1.220088634016739,0.670241279527545
Economics,ts_icl__model_config.context_length-4096__pipeline_config.raw_inference.completed_at-2026-09-26T16_24_24.089912_00_00,1,1,0.9422205607088643,0.7722558299776257,2.1694455929100513,1,0,17280,0.0,22.774417002237435,22.774417002237435,1,22.774417002237435,1,1.220088634016739,0.670241279527545
Economics,ts_icl__model_config.context_length-512__pipeline_config.raw_inference.completed_at-2026-09-27T14_00_40.486377_00_00,1,1,0.942914959749519,0.7728249681707818,2.084027485921979,1,0,17280,0.0,22.717503182921817,22.717503182921817,1,22.717503182921817,1,1.220088634016739,0.670241279527545
Finance,chronos2__model_config.context_length-1024__pipeline_config.raw_inference.completed_at-2026-09-27T13_49_36.634663_00_00,1,1,6.604793759429539,1.070543739332547,0.18742545880377293,1,0,9720,0.0,-7.054373933254698,-7.054373933254698,1,-7.054373933254698,1,6.169569272851417,0.1304615642875433
Finance,chronos2__model_config.context_length-2048__pipeline_config.raw_inference.completed_at-2026-09-27T13_45_31.584463_00_00,1,1,6.25717156439853,1.0141990935951717,0.2083361353725195,1,0,9720,0.0,-1.4199093595171686,-1.4199093595171686,1,-1.4199093595171686,1,6.169569272851417,0.1304615642875433
Finance,chronos2__model_config.context_length-4096__pipeline_config.raw_inference.completed_at-2026-09-27T13_46_28.668595_00_00,1,1,6.229414404066677,1.0097000501280702,0.22303937189280987,1,0,9720,0.0,-0.9700050128070181,-0.9700050128070181,1,-0.9700050128070181,1,6.169569272851417,0.1304615642875433
Finance,chronos2__model_config.context_length-512__pipeline_config.raw_inference.completed_at-2026-09-27T13_50_58.011137_00_00,1,1,6.408520657932051,1.0387306430178387,0.18205469846725464,1,0,9720,0.0,-3.8730643017838684,-3.8730643017838684,1,-3.8730643017838684,1,6.169569272851417,0.1304615642875433
Finance,chronos2__model_config.context_length-8192__pipeline_config.raw_inference.completed_at-2026-09-26T15_54_11.319860_00_00,1,1,6.229414404066677,1.0097000501280702,0.22353448905050755,1,0,9720,0.0,-0.9700050128070181,-0.9700050128070181,1,-0.9700050128070181,1,6.169569272851417,0.1304615642875433
Finance,chronos_bolt__model_config.context_length-1024__pipeline_config.raw_inference.completed_at-2026-09-27T13_26_32.856879_00_00,1,1,6.813766399527318,1.1044152514034695,0.2599809765815735,1,0,9720,0.0,-10.441525140346952,-10.441525140346952,1,-10.441525140346952,1,6.169569272851417,0.1304615642875433
Finance,chronos_bolt__model_config.context_length-128__pipeline_config.raw_inference.completed_at-2026-09-27T13_32_35.738959_00_00,1,1,6.1071865191850625,0.989888637130494,0.2592364065349102,1,0,9720,0.0,1.011136286950598,1.011136286950598,1,1.011136286950598,1,6.169569272851417,0.1304615642875433
Finance,chronos_bolt__model_config.context_length-2048__pipeline_config.raw_inference.completed_at-2026-09-26T15_55_16.526428_00_00,1,1,6.650599959702402,1.0779682771320378,0.3054798562079668,1,0,9720,0.0,-7.79682771320378,-7.79682771320378,1,-7.79682771320378,1,6.169569272851417,0.1304615642875433
Finance,chronos_bolt__model_config.context_length-256__pipeline_config.raw_inference.completed_at-2026-09-27T13_31_49.437728_00_00,1,1,6.444532092139102,1.0445675876430518,0.25795107148587704,1,0,9720,0.0,-4.45675876430518,-4.45675876430518,1,-4.45675876430518,1,6.169569272851417,0.1304615642875433
Finance,chronos_bolt__model_config.context_length-512__pipeline_config.raw_inference.completed_at-2026-09-27T15_23_42.371875_00_00,1,1,6.763113512056713,1.096205134095362,0.25954499281942844,1,0,9720,0.0,-9.620513409536201,-9.620513409536201,1,-9.620513409536201,1,6.169569272851417,0.1304615642875433
Finance,ts_icl__model_config.context_length-1024__pipeline_config.raw_inference.completed_at-2026-09-27T14_00_02.161096_00_00,1,1,6.657377360560697,1.079066798043071,0.302298903465271,1,0,9720,0.0,-7.906679804307104,-7.906679804307104,1,-7.906679804307104,1,6.169569272851417,0.1304615642875433
Finance,ts_icl__model_config.context_length-2048__pipeline_config.raw_inference.completed_at-2026-09-27T14_06_45.817690_00_00,1,1,6.493467375365084,1.052499305573721,0.4709858428686857,1,0,9720,0.0,-5.249930557372107,-5.249930557372107,1,-5.249930557372107,1,6.169569272851417,0.1304615642875433
Finance,ts_icl__model_config.context_length-256__pipeline_config.raw_inference.completed_at-2026-09-27T15_08_22.882411_00_00,1,1,7.130019759655196,1.1556754522605244,0.2482830248773098,1,0,9720,0.0,-15.567545226052438,-15.567545226052438,1,-15.567545226052438,1,6.169569272851417,0.1304615642875433
Finance,ts_icl__model_config.context_length-4096__pipeline_config.raw_inference.completed_at-2026-09-26T16_22_54.440894_00_00,1,1,6.398672126021581,1.0371343351598803,0.9998526759445667,1,0,9720,0.0,-3.7134335159880294,-3.7134335159880294,1,-3.7134335159880294,1,6.169569272851417,0.1304615642875433
Finance,ts_icl__model_config.context_length-512__pipeline_config.raw_inference.completed_at-2026-09-27T13_59_47.582838_00_00,1,1,7.015133301788021,1.1370539808439182,0.24766716361045837,1,0,9720,0.0,-13.705398084391817,-13.705398084391817,1,-13.705398084391817,1,6.169569272851417,0.1304615642875433
Healthcare,chronos2__model_config.context_length-1024__pipeline_config.raw_inference.completed_at-2026-09-27T13_49_08.120262_00_00,1,1,3.324465042537479,0.9384106620025717,0.24637144431471825,1,0,10980,0.0,6.158933799742828,6.158933799742828,1,6.158933799742828,1,3.5426548068444346,0.15913516841828823
Healthcare,chronos2__model_config.context_length-2048__pipeline_config.raw_inference.completed_at-2026-09-27T13_45_03.426835_00_00,1,1,3.2510704942152295,0.9176932756570406,0.24738374911248684,1,0,10980,0.0,8.230672434295938,8.230672434295938,1,8.230672434295938,1,3.5426548068444346,0.15913516841828823
Healthcare,chronos2__model_config.context_length-4096__pipeline_config.raw_inference.completed_at-2026-09-27T13_46_00.635630_00_00,1,1,3.2510704942152295,0.9176932756570406,0.25549259036779404,1,0,10980,0.0,8.230672434295938,8.230672434295938,1,8.230672434295938,1,3.5426548068444346,0.15913516841828823
Healthcare,chronos2__model_config.context_length-512__pipeline_config.raw_inference.completed_at-2026-09-27T13_50_29.901774_00_00,1,1,2.9715728195826028,0.8387982972096245,0.2563095409423113,1,0,10980,0.0,16.12017027903755,16.12017027903755,1,16.12017027903755,1,3.5426548068444346,0.15913516841828823
Healthcare,chronos2__model_config.context_length-8192__pipeline_config.raw_inference.completed_at-2026-09-26T15_53_43.404506_00_00,1,1,3.2510704942152295,0.9176932756570406,0.2482460793107748,1,0,10980,0.0,8.230672434295938,8.230672434295938,1,8.230672434295938,1,3.5426548068444346,0.15913516841828823
Healthcare,chronos_bolt__model_config.context_length-1024__pipeline_config.raw_inference.completed_at-2026-09-27T13_26_04.244957_00_00,1,1,3.4848410559402145,0.9836806705546012,0.27330635488033295,1,0,10980,0.0,1.6319329445398822,1.6319329445398822,1,1.6319329445398822,1,3.5426548068444346,0.15913516841828823
Healthcare,chronos_bolt__model_config.context_length-128__pipeline_config.raw_inference.completed_at-2026-09-27T13_32_06.986075_00_00,1,1,3.30338977659579,0.9324616584753381,0.2597436774522066,1,0,10980,0.0,6.753834152466187,6.753834152466187,1,6.753834152466187,1,3.5426548068444346,0.15913516841828823
Healthcare,chronos_bolt__model_config.context_length-2048__pipeline_config.raw_inference.completed_at-2026-09-26T15_54_48.077915_00_00,1,1,3.529062284006213,0.9961631816873716,0.4442441388964653,1,0,10980,0.0,0.3836818312628387,0.3836818312628387,1,0.3836818312628387,1,3.5426548068444346,0.15913516841828823
Healthcare,chronos_bolt__model_config.context_length-256__pipeline_config.raw_inference.completed_at-2026-09-27T13_31_20.152743_00_00,1,1,3.2775295525912074,0.9251619848083975,0.2614036314189434,1,0,10980,0.0,7.483801519160249,7.483801519160249,1,7.483801519160249,1,3.5426548068444346,0.15913516841828823
Healthcare,chronos_bolt__model_config.context_length-512__pipeline_config.raw_inference.completed_at-2026-09-27T15_23_13.268492_00_00,1,1,3.631515530558623,1.0250830884066122,0.2552989795804024,1,0,10980,0.0,-2.508308840661222,-2.508308840661222,1,-2.508308840661222,1,3.5426548068444346,0.15913516841828823
Healthcare,ts_icl__model_config.context_length-1024__pipeline_config.raw_inference.completed_at-2026-09-27T13_59_45.599914_00_00,1,1,3.2440149989014015,0.9157016914642492,0.7380954474210739,1,0,10980,0.0,8.429830853575082,8.429830853575082,1,8.429830853575082,1,3.5426548068444346,0.15913516841828823
Healthcare,ts_icl__model_config.context_length-2048__pipeline_config.raw_inference.completed_at-2026-09-27T14_06_28.925943_00_00,1,1,3.2760216772323703,0.9247363505196929,0.7820961065590382,1,0,10980,0.0,7.5263649480307055,7.5263649480307055,1,7.5263649480307055,1,3.5426548068444346,0.15913516841828823
Healthcare,ts_icl__model_config.context_length-256__pipeline_config.raw_inference.completed_at-2026-09-27T15_08_06.302923_00_00,1,1,3.204686385777611,0.904600239229104,0.2408238872885704,1,0,10980,0.0,9.539976077089596,9.539976077089596,1,9.539976077089596,1,3.5426548068444346,0.15913516841828823
Healthcare,ts_icl__model_config.context_length-4096__pipeline_config.raw_inference.completed_at-2026-09-26T16_22_36.905392_00_00,1,1,3.2760216772323703,0.9247363505196929,1.222763068974018,1,0,10980,0.0,7.5263649480307055,7.5263649480307055,1,7.5263649480307055,1,3.5426548068444346,0.15913516841828823
Healthcare,ts_icl__model_config.context_length-512__pipeline_config.raw_inference.completed_at-2026-09-27T13_59_31.074946_00_00,1,1,2.980247441882054,0.8412469191534536,0.26993133686482906,1,0,10980,0.0,15.875308084654637,15.875308084654637,1,15.875308084654637,1,3.5426548068444346,0.15913516841828823
Healthcare,chronos2__model_config.context_length-1024__pipeline_config.raw_inference.completed_at-2026-09-27T13_49_17.762147_00_00,1,1,1.4613553532441703,0.9468634994013284,0.3142946530133486,1,0,7380,0.0,5.313650059867159,5.313650059867159,1,5.313650059867159,1,1.5433643330513203,0.24591735564172268
Healthcare,chronos2__model_config.context_length-2048__pipeline_config.raw_inference.completed_at-2026-09-27T13_45_12.798430_00_00,1,1,1.4613553532441703,0.9468634994013284,0.2624673955142498,1,0,7380,0.0,5.313650059867159,5.313650059867159,1,5.313650059867159,1,1.5433643330513203,0.24591735564172268
Healthcare,chronos2__model_config.context_length-4096__pipeline_config.raw_inference.completed_at-2026-09-27T13_46_09.997610_00_00,1,1,1.4613553532441703,0.9468634994013284,0.26271309703588486,1,0,7380,0.0,5.313650059867159,5.313650059867159,1,5.313650059867159,1,1.5433643330513203,0.24591735564172268
Healthcare,chronos2__model_config.context_length-512__pipeline_config.raw_inference.completed_at-2026-09-27T13_50_39.303433_00_00,1,1,1.4613553532441703,0.9468634994013284,0.27349671721458435,1,0,7380,0.0,5.313650059867159,5.313650059867159,1,5.313650059867159,1,1.5433643330513203,0.24591735564172268
Healthcare,chronos2__model_config.context_length-8192__pipeline_config.raw_inference.completed_at-2026-09-26T15_53_52.688939_00_00,1,1,1.4613553532441703,0.9468634994013284,0.26371740363538265,1,0,7380,0.0,5.313650059867159,5.313650059867159,1,5.313650059867159,1,1.5433643330513203,0.24591735564172268
Healthcare,chronos_bolt__model_config.context_length-1024__pipeline_config.raw_inference.completed_at-2026-09-27T13_26_13.720792_00_00,1,1,1.358214699186885,0.8800350442864106,0.29029753990471363,1,0,7380,0.0,11.996495571358945,11.996495571358945,1,11.996495571358945,1,1.5433643330513203,0.24591735564172268
Healthcare,chronos_bolt__model_config.context_length-128__pipeline_config.raw_inference.completed_at-2026-09-27T13_32_16.532350_00_00,1,1,1.39564137599976,0.9042851037256359,0.3028856683522463,1,0,7380,0.0,9.571489627436414,9.571489627436414,1,9.571489627436414,1,1.5433643330513203,0.24591735564172268
Healthcare,chronos_bolt__model_config.context_length-2048__pipeline_config.raw_inference.completed_at-2026-09-26T15_54_57.466201_00_00,1,1,1.358214699186885,0.8800350442864106,0.28816516138613224,1,0,7380,0.0,11.996495571358945,11.996495571358945,1,11.996495571358945,1,1.5433643330513203,0.24591735564172268
Healthcare,chronos_bolt__model_config.context_length-256__pipeline_config.raw_inference.completed_at-2026-09-27T13_31_30.140833_00_00,1,1,1.358214699186885,0.8800350442864106,0.2953015323728323,1,0,7380,0.0,11.996495571358945,11.996495571358945,1,11.996495571358945,1,1.5433643330513203,0.24591735564172268
Healthcare,chronos_bolt__model_config.context_length-512__pipeline_config.raw_inference.completed_at-2026-09-27T15_23_22.799164_00_00,1,1,1.358214699186885,0.8800350442864106,0.28965548425912857,1,0,7380,0.0,11.996495571358945,11.996495571358945,1,11.996495571358945,1,1.5433643330513203,0.24591735564172268
Healthcare,ts_icl__model_config.context_length-1024__pipeline_config.raw_inference.completed_at-2026-09-27T13_59_50.625093_00_00,1,1,1.8728634975946643,1.2134940904665752,0.9035427924245596,1,0,7380,0.0,-21.34940904665752,-21.34940904665752,1,-21.34940904665752,1,1.5433643330513203,0.24591735564172268
Healthcare,ts_icl__model_config.context_length-2048__pipeline_config.raw_inference.completed_at-2026-09-27T14_06_34.000232_00_00,1,1,1.8728634975946643,1.2134940904665752,0.9187439456582069,1,0,7380,0.0,-21.34940904665752,-21.34940904665752,1,-21.34940904665752,1,1.5433643330513203,0.24591735564172268
Healthcare,ts_icl__model_config.context_length-256__pipeline_config.raw_inference.completed_at-2026-09-27T15_08_11.342740_00_00,1,1,1.8728634975946643,1.2134940904665752,0.9075671005994081,1,0,7380,0.0,-21.34940904665752,-21.34940904665752,1,-21.34940904665752,1,1.5433643330513203,0.24591735564172268
Healthcare,ts_icl__model_config.context_length-4096__pipeline_config.raw_inference.completed_at-2026-09-26T16_22_42.213998_00_00,1,1,1.8728634975946643,1.2134940904665752,1.1548915188759565,1,0,7380,0.0,-21.34940904665752,-21.34940904665752,1,-21.34940904665752,1,1.5433643330513203,0.24591735564172268
Healthcare,ts_icl__model_config.context_length-512__pipeline_config.raw_inference.completed_at-2026-09-27T13_59_36.090445_00_00,1,1,1.8728634975946643,1.2134940904665752,0.9245454203337431,1,0,7380,0.0,-21.34940904665752,-21.34940904665752,1,-21.34940904665752,1,1.5433643330513203,0.24591735564172268
Energy,chronos2__model_config.context_length-1024__pipeline_config.raw_inference.completed_at-2026-09-27T13_47_51.164997_00_00,1,1,0.7339936546876784,0.7542928487147906,0.03227790258824825,1,0,120960,0.0,24.570715128520938,24.570715128520938,1,24.570715128520938,1,0.9730884442803625,0.3239206336438656
Energy,chronos2__model_config.context_length-2048__pipeline_config.raw_inference.completed_at-2026-09-27T13_43_36.236460_00_00,1,1,0.736502167141356,0.7568707361292617,0.040964456275105476,1,0,120960,0.0,24.31292638707383,24.31292638707383,1,24.31292638707383,1,0.9730884442803625,0.3239206336438656
Energy,chronos2__model_config.context_length-4096__pipeline_config.raw_inference.completed_at-2026-09-27T13_44_17.448348_00_00,1,1,0.7672370517513688,0.7884556190766103,0.06422095745801926,1,0,120960,0.0,21.154438092338967,21.154438092338967,1,21.154438092338967,1,0.9730884442803625,0.3239206336438656
Energy,chronos2__model_config.context_length-512__pipeline_config.raw_inference.completed_at-2026-09-27T13_49_13.865106_00_00,1,1,0.7720132187192006,0.7933638748429851,0.029237685725092888,1,0,120960,0.0,20.66361251570149,20.66361251570149,1,20.66361251570149,1,0.9730884442803625,0.3239206336438656
Energy,chronos2__model_config.context_length-8192__pipeline_config.raw_inference.completed_at-2026-09-26T15_51_15.309082_00_00,1,1,0.7839039420360605,0.805583445825203,0.09806406125426292,1,0,120960,0.0,19.441655417479698,19.441655417479698,1,19.441655417479698,1,0.9730884442803625,0.3239206336438656
Energy,chronos2__model_config.context_length-1024__pipeline_config.raw_inference.completed_at-2026-09-27T13_47_50.780077_00_00,1,1,0.6788102390292021,0.7453322830964674,0.0936870165169239,1,0,120960,0.0,25.466771690353262,25.466771690353262,1,25.466771690353262,1,0.9107484734313388,0.8218998499214649
Energy,chronos2__model_config.context_length-2048__pipeline_config.raw_inference.completed_at-2026-09-27T13_43_35.842788_00_00,1,1,0.6421823464082713,0.7051149303482037,0.17172281257808208,1,0,120960,0.0,29.488506965179628,29.488506965179628,1,29.488506965179628,1,0.9107484734313388,0.8218998499214649
Energy,chronos2__model_config.context_length-4096__pipeline_config.raw_inference.completed_at-2026-09-27T13_44_17.029087_00_00,1,1,0.6444613752108457,0.7076172994095405,0.3210712671279907,1,0,120960,0.0,29.238270059045945,29.238270059045945,1,29.238270059045945,1,0.9107484734313388,0.8218998499214649
Energy,chronos2__model_config.context_length-512__pipeline_config.raw_inference.completed_at-2026-09-27T13_49_13.481300_00_00,1,1,0.7102014431260106,0.7797997623320229,0.05499548837542534,1,0,120960,0.0,22.020023766797713,22.020023766797713,1,22.020023766797713,1,0.9107484734313388,0.8218998499214649
Energy,chronos2__model_config.context_length-8192__pipeline_config.raw_inference.completed_at-2026-09-26T15_51_14.853419_00_00,1,1,0.6517499017231616,0.7156200869243586,0.6471758801490068,1,0,120960,0.0,28.437991307564136,28.437991307564136,1,28.437991307564136,1,0.9107484734313388,0.8218998499214649
Energy,chronos2__model_config.context_length-1024__pipeline_config.raw_inference.completed_at-2026-09-27T13_47_50.199039_00_00,1,1,0.5598059828734926,0.614558418693195,0.4794878512620926,1,0,120960,0.0,38.54415813068049,38.54415813068049,1,38.54415813068049,1,0.9109076791493171,2.521622147411108
Energy,chronos2__model_config.context_length-2048__pipeline_config.raw_inference.completed_at-2026-09-27T13_43_35.182195_00_00,1,1,0.5427070616303975,0.595787118775004,0.7769469190388918,1,0,120960,0.0,40.4212881224996,40.4212881224996,1,40.4212881224996,1,0.9109076791493171,2.521622147411108
Energy,chronos2__model_config.context_length-4096__pipeline_config.raw_inference.completed_at-2026-09-27T13_44_16.220838_00_00,1,1,0.5402466573351691,0.5930860719493519,1.4532081913203,1,0,120960,0.0,40.69139280506481,40.69139280506481,1,40.69139280506481,1,0.9109076791493171,2.521622147411108
Energy,chronos2__model_config.context_length-512__pipeline_config.raw_inference.completed_at-2026-09-27T13_49_12.936849_00_00,1,1,0.5852597729755333,0.6425017445479201,0.33793726935982704,1,0,120960,0.0,35.74982554520799,35.74982554520799,1,35.74982554520799,1,0.9109076791493171,2.521622147411108
Energy,chronos2__model_config.context_length-8192__pipeline_config.raw_inference.completed_at-2026-09-26T15_51_13.717626_00_00,1,1,0.5410549755223345,0.5939734485800114,2.847157733514905,1,0,120960,0.0,40.60265514199885,40.60265514199885,1,40.60265514199885,1,0.9109076791493171,2.521622147411108
Energy,chronos_bolt__model_config.context_length-1024__pipeline_config.raw_inference.completed_at-2026-09-27T13_24_11.506848_00_00,1,1,0.786833187701504,0.8085937021720553,1.2444403544068336,1,0,120960,0.0,19.14062978279447,19.14062978279447,1,19.14062978279447,1,0.9730884442803625,0.3239206336438656
Energy,chronos_bolt__model_config.context_length-128__pipeline_config.raw_inference.completed_at-2026-09-27T13_30_35.174316_00_00,1,1,1.0675865160732805,1.0971114931518924,0.6043526623398066,1,0,120960,0.0,-9.711149315189239,-9.711149315189239,1,-9.711149315189239,1,0.9730884442803625,0.3239206336438656
Energy,chronos_bolt__model_config.context_length-2048__pipeline_config.raw_inference.completed_at-2026-09-26T15_52_24.634567_00_00,1,1,0.7765424508227898,0.7980183665597569,1.8454545363783836,1,0,120960,0.0,20.198163344024312,20.198163344024312,1,20.198163344024312,1,0.9730884442803625,0.3239206336438656
Energy,chronos_bolt__model_config.context_length-256__pipeline_config.raw_inference.completed_at-2026-09-27T13_29_46.191116_00_00,1,1,0.8975165351324648,0.9223380879794681,0.6849927194416523,1,0,120960,0.0,7.766191202053186,7.766191202053186,1,7.766191202053186,1,0.9730884442803625,0.3239206336438656
Energy,chronos_bolt__model_config.context_length-512__pipeline_config.raw_inference.completed_at-2026-09-27T14_59_46.694068_00_00,1,1,0.8115405650029974,0.8339843821731578,0.8490044884383678,1,0,120960,0.0,16.601561782684215,16.601561782684215,1,16.601561782684215,1,0.9730884442803625,0.3239206336438656
Energy,chronos_bolt__model_config.context_length-1024__pipeline_config.raw_inference.completed_at-2026-09-27T13_24_10.113206_00_00,1,1,0.7013381874763969,0.7700679253779399,0.8218209315091372,1,0,120960,0.0,22.993207462206012,22.993207462206012,1,22.993207462206012,1,0.9107484734313388,0.8218998499214649
Energy,chronos_bolt__model_config.context_length-128__pipeline_config.raw_inference.completed_at-2026-09-27T13_30_34.420436_00_00,1,1,0.9941196862358392,1.0915414247035637,0.39097735658288,1,0,120960,0.0,-9.154142470356375,-9.154142470356375,1,-9.154142470356375,1,0.9107484734313388,0.8218998499214649
Energy,chronos_bolt__model_config.context_length-2048__pipeline_config.raw_inference.completed_at-2026-09-26T15_52_22.640518_00_00,1,1,0.6761916492113271,0.7424570767203215,1.4686845429241657,1,0,120960,0.0,25.754292327967853,25.754292327967853,1,25.754292327967853,1,0.9107484734313388,0.8218998499214649
Energy,chronos_bolt__model_config.context_length-256__pipeline_config.raw_inference.completed_at-2026-09-27T13_29_45.355991_00_00,1,1,0.8234332677794279,0.9041280790480584,0.4454974867403507,1,0,120960,0.0,9.587192095194164,9.587192095194164,1,9.587192095194164,1,0.9107484734313388,0.8218998499214649
Energy,chronos_bolt__model_config.context_length-512__pipeline_config.raw_inference.completed_at-2026-09-27T14_59_45.696351_00_00,1,1,0.7609317975014325,0.8355015898457051,0.5324000008404255,1,0,120960,0.0,16.449841015429488,16.449841015429488,1,16.449841015429488,1,0.9107484734313388,0.8218998499214649
Energy,chronos_bolt__model_config.context_length-1024__pipeline_config.raw_inference.completed_at-2026-09-27T13_24_09.007800_00_00,1,1,0.5814818712169881,0.638354340980005,0.8718069456517696,1,0,120960,0.0,36.1645659019995,36.1645659019995,1,36.1645659019995,1,0.9109076791493171,2.521622147411108
Energy,chronos_bolt__model_config.context_length-128__pipeline_config.raw_inference.completed_at-2026-09-27T13_30_33.744719_00_00,1,1,0.8866533087393715,0.9733734043908858,0.8053306899964809,1,0,120960,0.0,2.662659560911418,2.662659560911418,1,2.662659560911418,1,0.9109076791493171,2.521622147411108
Energy,chronos_bolt__model_config.context_length-2048__pipeline_config.raw_inference.completed_at-2026-09-26T15_52_20.891228_00_00,1,1,0.570156750162608,0.6259215540866543,1.0544631276279688,1,0,120960,0.0,37.40784459133457,37.40784459133457,1,37.40784459133457,1,0.9109076791493171,2.521622147411108
Energy,chronos_bolt__model_config.context_length-256__pipeline_config.raw_inference.completed_at-2026-09-27T13_29_44.625477_00_00,1,1,0.7018686823949896,0.7705157157643616,0.7999385297298431,1,0,120960,0.0,22.94842842356384,22.94842842356384,1,22.94842842356384,1,0.9109076791493171,2.521622147411108
Energy,chronos_bolt__model_config.context_length-512__pipeline_config.raw_inference.completed_at-2026-09-27T14_59_44.879204_00_00,1,1,0.6343085239350916,0.6963477621875608,0.8491310775279999,1,0,120960,0.0,30.365223781243923,30.365223781243923,1,30.365223781243923,1,0.9109076791493171,2.521622147411108
Energy,ts_icl__model_config.context_length-1024__pipeline_config.raw_inference.completed_at-2026-09-27T13_57_39.949441_00_00,1,1,0.7437364203656587,0.7643050585352303,0.15521427802741528,1,0,120960,0.0,23.569494146476966,23.569494146476966,1,23.569494146476966,1,0.9730884442803625,0.3239206336438656
Energy,ts_icl__model_config.context_length-2048__pipeline_config.raw_inference.completed_at-2026-09-27T14_02_24.093355_00_00,1,1,0.7492488640413211,0.7699699533431623,0.2573004215955734,1,0,120960,0.0,23.00300466568377,23.00300466568377,1,23.00300466568377,1,0.9730884442803625,0.3239206336438656
Energy,ts_icl__model_config.context_length-256__pipeline_config.raw_inference.completed_at-2026-09-27T15_06_44.440666_00_00,1,1,1.4071418867620769,1.4460575449569892,0.10024832747876644,1,0,120960,0.0,-44.605754495698925,-44.605754495698925,1,-44.605754495698925,1,0.9730884442803625,0.3239206336438656
Energy,ts_icl__model_config.context_length-4096__pipeline_config.raw_inference.completed_at-2026-09-26T16_13_54.542217_00_00,1,1,0.7579333755376296,0.778894642098182,0.5884481072425842,1,0,120960,0.0,22.110535790181796,22.110535790181796,1,22.110535790181796,1,0.9730884442803625,0.3239206336438656
Energy,ts_icl__model_config.context_length-512__pipeline_config.raw_inference.completed_at-2026-09-27T13_58_00.493914_00_00,1,1,0.9550656687184123,0.9814787898593547,0.1163294967263937,1,0,120960,0.0,1.8521210140645339,1.8521210140645339,1,1.8521210140645339,1,0.9730884442803625,0.3239206336438656
Energy,ts_icl__model_config.context_length-1024__pipeline_config.raw_inference.completed_at-2026-09-27T13_57_39.300487_00_00,1,1,0.657958896469152,0.7224375507215773,0.6317133828997612,1,0,120960,0.0,27.756244927842268,27.756244927842268,1,27.756244927842268,1,0.9107484734313388,0.8218998499214649
Energy,ts_icl__model_config.context_length-2048__pipeline_config.raw_inference.completed_at-2026-09-27T14_02_23.342021_00_00,1,1,0.6512765643033479,0.7151003633852894,1.2822833396494389,1,0,120960,0.0,28.489963661471062,28.489963661471062,1,28.489963661471062,1,0.9107484734313388,0.8218998499214649
Energy,ts_icl__model_config.context_length-256__pipeline_config.raw_inference.completed_at-2026-09-27T15_06_43.848407_00_00,1,1,0.8831141222260322,0.9696575377159938,0.27786674350500107,1,0,120960,0.0,3.0342462284006166,3.0342462284006166,1,3.0342462284006166,1,0.9107484734313388,0.8218998499214649
Energy,ts_icl__model_config.context_length-4096__pipeline_config.raw_inference.completed_at-2026-09-26T16_13_53.280812_00_00,1,1,0.6499942144093132,0.7136923457696206,3.3829814791679382,1,0,120960,0.0,28.63076542303794,28.63076542303794,1,28.63076542303794,1,0.9107484734313388,0.8218998499214649
Energy,ts_icl__model_config.context_length-512__pipeline_config.raw_inference.completed_at-2026-09-27T13_57_59.894629_00_00,1,1,0.7579582798084404,0.8322366733734446,0.3720997478812933,1,0,120960,0.0,16.776332662655534,16.776332662655534,1,16.776332662655534,1,0.9107484734313388,0.8218998499214649
Energy,ts_icl__model_config.context_length-1024__pipeline_config.raw_inference.completed_at-2026-09-27T13_57_37.941537_00_00,1,1,0.5624719381533362,0.6174851206421053,2.1834300197660923,1,0,120960,0.0,38.25148793578948,38.25148793578948,1,38.25148793578948,1,0.9109076791493171,2.521622147411108
Energy,ts_icl__model_config.context_length-2048__pipeline_config.raw_inference.completed_at-2026-09-27T14_02_21.342475_00_00,1,1,0.5547592743884325,0.609018111370533,5.040649626404047,1,0,120960,0.0,39.09818886294671,39.09818886294671,1,39.09818886294671,1,0.9109076791493171,2.521622147411108
Energy,ts_icl__model_config.context_length-256__pipeline_config.raw_inference.completed_at-2026-09-27T15_06_42.857859_00_00,1,1,0.7780693124459063,0.8541692316970403,1.0718459244817495,1,0,120960,0.0,14.58307683029597,14.58307683029597,1,14.58307683029597,1,0.9109076791493171,2.521622147411108
Energy,ts_icl__model_config.context_length-4096__pipeline_config.raw_inference.completed_at-2026-09-26T16_13_49.181705_00_00,1,1,0.5592457058390135,0.6139433431511792,13.503925709053874,1,0,120960,0.0,38.605665684882084,38.605665684882084,1,38.605665684882084,1,0.9109076791493171,2.521622147411108
Energy,ts_icl__model_config.context_length-512__pipeline_config.raw_inference.completed_at-2026-09-27T13_57_58.815260_00_00,1,1,0.6364389723340449,0.6986865814199805,1.4000399261713028,1,0,120960,0.0,30.131341858001946,30.131341858001946,1,30.131341858001946,1,0.9109076791493171,2.521622147411108
Transport,chronos2__model_config.context_length-1024__pipeline_config.raw_inference.completed_at-2026-09-27T13_48_36.544091_00_00,1,1,0.6253298217633885,0.6683576099944045,0.01825072430074215,1,0,24192,0.0,33.16423900055955,33.16423900055955,1,33.16423900055955,1,0.9356216079721509,0.06830772198736668
Transport,chronos2__model_config.context_length-2048__pipeline_config.raw_inference.completed_at-2026-09-27T13_44_31.231650_00_00,1,1,0.5786461560994236,0.6184617276567294,0.018335530534386635,1,0,24192,0.0,38.15382723432707,38.15382723432707,1,38.15382723432707,1,0.9356216079721509,0.06830772198736668
Transport,chronos2__model_config.context_length-4096__pipeline_config.raw_inference.completed_at-2026-09-27T13_45_28.370461_00_00,1,1,0.5862159543184277,0.6265523896877301,0.018553992733359337,1,0,24192,0.0,37.344761031226994,37.344761031226994,1,37.344761031226994,1,0.9356216079721509,0.06830772198736668
Transport,chronos2__model_config.context_length-512__pipeline_config.raw_inference.completed_at-2026-09-27T13_49_59.267552_00_00,1,1,0.7117659888597004,0.7607412898493965,0.01871262863278389,1,0,24192,0.0,23.925871015060352,23.925871015060352,1,23.925871015060352,1,0.9356216079721509,0.06830772198736668
Transport,chronos2__model_config.context_length-8192__pipeline_config.raw_inference.completed_at-2026-09-26T15_53_11.055192_00_00,1,1,0.592638224850232,0.6334165647741988,0.027524907141923904,1,0,24192,0.0,36.65834352258012,36.65834352258012,1,36.65834352258012,1,0.9356216079721509,0.06830772198736668
Transport,chronos2__model_config.context_length-1024__pipeline_config.raw_inference.completed_at-2026-09-27T13_48_36.254958_00_00,1,1,0.6079762272694573,0.7774868223017248,0.0363849475979805,1,0,26784,0.0,22.251317769827516,22.251317769827516,1,22.251317769827516,1,0.7819762468379376,0.20554260909557343
Transport,chronos2__model_config.context_length-2048__pipeline_config.raw_inference.completed_at-2026-09-27T13_44_30.940079_00_00,1,1,0.5306412828467878,0.6785900275008758,0.04954034648835659,1,0,26784,0.0,32.14099724991242,32.14099724991242,1,32.14099724991242,1,0.7819762468379376,0.20554260909557343
Transport,chronos2__model_config.context_length-4096__pipeline_config.raw_inference.completed_at-2026-09-27T13_45_28.076495_00_00,1,1,0.5322049453243708,0.6805896566250417,0.08051898889243603,1,0,26784,0.0,31.941034337495832,31.941034337495832,1,31.941034337495832,1,0.7819762468379376,0.20554260909557343
Transport,chronos2__model_config.context_length-512__pipeline_config.raw_inference.completed_at-2026-09-27T13_49_58.975851_00_00,1,1,0.7677903047260584,0.9818588580289456,0.0377927478402853,1,0,26784,0.0,1.814114197105443,1.814114197105443,1,1.814114197105443,1,0.7819762468379376,0.20554260909557343
Transport,chronos2__model_config.context_length-8192__pipeline_config.raw_inference.completed_at-2026-09-26T15_53_10.748185_00_00,1,1,0.5358107102757379,0.685200749309695,0.1494110133498907,1,0,26784,0.0,31.4799250690305,31.4799250690305,1,31.4799250690305,1,0.7819762468379376,0.20554260909557343
Transport,chronos2__model_config.context_length-1024__pipeline_config.raw_inference.completed_at-2026-09-27T13_48_35.887228_00_00,1,1,0.4339420295933635,0.5547956548535535,0.6413869839161634,1,0,26784,0.0,44.52043451464465,44.52043451464465,1,44.52043451464465,1,0.7821655158923493,0.94864846393466
Transport,chronos2__model_config.context_length-2048__pipeline_config.raw_inference.completed_at-2026-09-27T13_44_30.554033_00_00,1,1,0.39088172401735316,0.49974297776527243,0.525593588128686,1,0,26784,0.0,50.025702223472756,50.025702223472756,1,50.025702223472756,1,0.7821655158923493,0.94864846393466
Transport,chronos2__model_config.context_length-4096__pipeline_config.raw_inference.completed_at-2026-09-27T13_45_27.657912_00_00,1,1,0.39643595470326487,0.5068440715530432,0.6520158816128969,1,0,26784,0.0,49.31559284469568,49.31559284469568,1,49.31559284469568,1,0.7821655158923493,0.94864846393466
Transport,chronos2__model_config.context_length-512__pipeline_config.raw_inference.completed_at-2026-09-27T13_49_58.602946_00_00,1,1,0.5479216544655633,0.700518807506434,0.4684792160987854,1,0,26784,0.0,29.948119249356598,29.948119249356598,1,29.948119249356598,1,0.7821655158923493,0.94864846393466
Transport,chronos2__model_config.context_length-8192__pipeline_config.raw_inference.completed_at-2026-09-26T15_53_10.265308_00_00,1,1,0.4022035802507917,0.5142179910500525,1.0646973364055157,1,0,26784,0.0,48.57820089499475,48.57820089499475,1,48.57820089499475,1,0.7821655158923493,0.94864846393466
Transport,chronos_bolt__model_config.context_length-1024__pipeline_config.raw_inference.completed_at-2026-09-27T13_25_31.381007_00_00,1,1,0.6563317891134344,0.7014927653669263,0.3113250080496073,1,0,24192,0.0,29.85072346330737,29.85072346330737,1,29.85072346330737,1,0.9356216079721509,0.06830772198736668
Transport,chronos_bolt__model_config.context_length-128__pipeline_config.raw_inference.completed_at-2026-09-27T13_31_34.241967_00_00,1,1,0.8533599919827128,0.912078114390998,0.2106492705643177,1,0,24192,0.0,8.792188560900204,8.792188560900204,1,8.792188560900204,1,0.9356216079721509,0.06830772198736668
Transport,chronos_bolt__model_config.context_length-2048__pipeline_config.raw_inference.completed_at-2026-09-26T15_54_13.144229_00_00,1,1,0.6364014052199654,0.6801910086271843,0.40079152025282383,1,0,24192,0.0,31.980899137281572,31.980899137281572,1,31.980899137281572,1,0.9356216079721509,0.06830772198736668
Transport,chronos_bolt__model_config.context_length-256__pipeline_config.raw_inference.completed_at-2026-09-27T13_30_47.537983_00_00,1,1,0.8012965708992139,0.8564323056154394,0.2240690439939499,1,0,24192,0.0,14.356769438456062,14.356769438456062,1,14.356769438456062,1,0.9356216079721509,0.06830772198736668
Transport,chronos_bolt__model_config.context_length-512__pipeline_config.raw_inference.completed_at-2026-09-27T15_00_52.240141_00_00,1,1,0.7125269272549728,0.7615545870079792,0.24776490405201912,1,0,24192,0.0,23.84454129920208,23.84454129920208,1,23.84454129920208,1,0.9356216079721509,0.06830772198736668
Transport,chronos_bolt__model_config.context_length-1024__pipeline_config.raw_inference.completed_at-2026-09-27T13_25_31.015994_00_00,1,1,0.6465001044920291,0.8267515888190583,0.2022633422166109,1,0,26784,0.0,17.32484111809417,17.32484111809417,1,17.32484111809417,1,0.7819762468379376,0.20554260909557343
Transport,chronos_bolt__model_config.context_length-128__pipeline_config.raw_inference.completed_at-2026-09-27T13_31_33.975450_00_00,1,1,0.804329285916578,1.0285853172254642,0.10724971443414688,1,0,26784,0.0,-2.85853172254642,-2.85853172254642,1,-2.85853172254642,1,0.7819762468379376,0.20554260909557343
Transport,chronos_bolt__model_config.context_length-2048__pipeline_config.raw_inference.completed_at-2026-09-26T15_54_12.688321_00_00,1,1,0.5966518526730152,0.7630050849826767,0.3466839361935854,1,0,26784,0.0,23.69949150173233,23.69949150173233,1,23.69949150173233,1,0.7819762468379376,0.20554260909557343
Transport,chronos_bolt__model_config.context_length-256__pipeline_config.raw_inference.completed_at-2026-09-27T13_30_47.257910_00_00,1,1,0.8153399340262332,1.0426658575924879,0.12083289958536625,1,0,26784,0.0,-4.266585759248787,-4.266585759248787,1,-4.266585759248787,1,0.7819762468379376,0.20554260909557343
Transport,chronos_bolt__model_config.context_length-512__pipeline_config.raw_inference.completed_at-2026-09-27T15_00_51.935213_00_00,1,1,0.8015276624541519,1.0250025697011564,0.13981824181973934,1,0,26784,0.0,-2.500256970115644,-2.500256970115644,1,-2.500256970115644,1,0.7819762468379376,0.20554260909557343
Transport,chronos_bolt__model_config.context_length-1024__pipeline_config.raw_inference.completed_at-2026-09-27T13_25_30.700581_00_00,1,1,0.4867717781292505,0.6223385821016503,0.4265314694494009,1,0,26784,0.0,37.766141789834975,37.766141789834975,1,37.766141789834975,1,0.7821655158923493,0.94864846393466
Transport,chronos_bolt__model_config.context_length-128__pipeline_config.raw_inference.completed_at-2026-09-27T13_31_33.754071_00_00,1,1,0.676581014761465,0.8650100279473123,0.41459318436682224,1,0,26784,0.0,13.49899720526877,13.49899720526877,1,13.49899720526877,1,0.7821655158923493,0.94864846393466
Transport,chronos_bolt__model_config.context_length-2048__pipeline_config.raw_inference.completed_at-2026-09-26T15_54_12.227336_00_00,1,1,0.445327653983243,0.5693521958394981,0.4878161810338497,1,0,26784,0.0,43.06478041605018,43.06478041605018,1,43.06478041605018,1,0.7821655158923493,0.94864846393466
Transport,chronos_bolt__model_config.context_length-256__pipeline_config.raw_inference.completed_at-2026-09-27T13_30_47.021642_00_00,1,1,0.6922926345924768,0.8850973617811069,0.41958213597536087,1,0,26784,0.0,11.490263821889313,11.490263821889313,1,11.490263821889313,1,0.7821655158923493,0.94864846393466
Transport,chronos_bolt__model_config.context_length-512__pipeline_config.raw_inference.completed_at-2026-09-27T15_00_51.679669_00_00,1,1,0.6072394890417453,0.7763567642699818,0.40810571797192097,1,0,26784,0.0,22.36432357300182,22.36432357300182,1,22.36432357300182,1,0.7821655158923493,0.94864846393466
Transport,ts_icl__model_config.context_length-1024__pipeline_config.raw_inference.completed_at-2026-09-27T13_59_13.423776_00_00,1,1,0.6860273022056718,0.733231571780984,0.04929291643202305,1,0,24192,0.0,26.6768428219016,26.6768428219016,1,26.6768428219016,1,0.9356216079721509,0.06830772198736668
Transport,ts_icl__model_config.context_length-2048__pipeline_config.raw_inference.completed_at-2026-09-27T14_05_23.606987_00_00,1,1,0.6123227795772235,0.6544555772972801,0.06967603042721748,1,0,24192,0.0,34.55444227027199,34.55444227027199,1,34.55444227027199,1,0.9356216079721509,0.06830772198736668
Transport,ts_icl__model_config.context_length-256__pipeline_config.raw_inference.completed_at-2026-09-27T15_07_39.677797_00_00,1,1,1.7719189794106986,1.8938414464915185,0.03944679535925388,1,0,24192,0.0,-89.38414464915185,-89.38414464915185,1,-89.38414464915185,1,0.9356216079721509,0.06830772198736668
Transport,ts_icl__model_config.context_length-4096__pipeline_config.raw_inference.completed_at-2026-09-26T16_21_31.124155_00_00,1,1,0.6049253900009155,0.6465491870287388,0.13298251666128635,1,0,24192,0.0,35.34508129712612,35.34508129712612,1,35.34508129712612,1,0.9356216079721509,0.06830772198736668
Transport,ts_icl__model_config.context_length-512__pipeline_config.raw_inference.completed_at-2026-09-27T13_59_02.765815_00_00,1,1,1.2568520690591602,1.3433337348666394,0.042726267129182816,1,0,24192,0.0,-34.333373486663945,-34.333373486663945,1,-34.333373486663945,1,0.9356216079721509,0.06830772198736668
Transport,ts_icl__model_config.context_length-1024__pipeline_config.raw_inference.completed_at-2026-09-27T13_59_12.963892_00_00,1,1,0.5836858637814463,0.7464240328803919,0.14709949120879173,1,0,26784,0.0,25.357596711960806,25.357596711960806,1,25.357596711960806,1,0.7819762468379376,0.20554260909557343
Transport,ts_icl__model_config.context_length-2048__pipeline_config.raw_inference.completed_at-2026-09-27T14_05_23.130322_00_00,1,1,0.5247672397982651,0.671078235330365,0.28959335945546627,1,0,26784,0.0,32.8921764669635,32.8921764669635,1,32.8921764669635,1,0.7819762468379376,0.20554260909557343
Transport,ts_icl__model_config.context_length-256__pipeline_config.raw_inference.completed_at-2026-09-27T15_07_39.241887_00_00,1,1,1.0591061365661096,1.3543968130090867,0.07535499893128872,1,0,26784,0.0,-35.43968130090867,-35.43968130090867,1,-35.43968130090867,1,0.7819762468379376,0.20554260909557343
Transport,ts_icl__model_config.context_length-4096__pipeline_config.raw_inference.completed_at-2026-09-26T16_21_30.587111_00_00,1,1,0.5187531956915099,0.6633874082354576,0.7406959868967533,1,0,26784,0.0,33.66125917645424,33.66125917645424,1,33.66125917645424,1,0.7819762468379376,0.20554260909557343
Transport,ts_icl__model_config.context_length-512__pipeline_config.raw_inference.completed_at-2026-09-27T13_59_02.329278_00_00,1,1,0.7905759249298702,1.0109973648518185,0.09470696561038494,1,0,26784,0.0,-1.0997364851818459,-1.0997364851818459,1,-1.0997364851818459,1,0.7819762468379376,0.20554260909557343
Transport,ts_icl__model_config.context_length-1024__pipeline_config.raw_inference.completed_at-2026-09-27T13_59_12.263005_00_00,1,1,0.47709653858909506,0.6099687711811097,1.0007598735392094,1,0,26784,0.0,39.00312288188903,39.00312288188903,1,39.00312288188903,1,0.7821655158923493,0.94864846393466
Transport,ts_icl__model_config.context_length-2048__pipeline_config.raw_inference.completed_at-2026-09-27T14_05_22.287010_00_00,1,1,0.4353184695083119,0.5565554357272706,1.859704276546836,1,0,26784,0.0,44.34445642727294,44.34445642727294,1,44.34445642727294,1,0.7821655158923493,0.94864846393466
Transport,ts_icl__model_config.context_length-256__pipeline_config.raw_inference.completed_at-2026-09-27T15_07_38.612189_00_00,1,1,0.6625520437132466,0.847073963568134,0.49783892184495926,1,0,26784,0.0,15.292603643186597,15.292603643186597,1,15.292603643186597,1,0.7821655158923493,0.94864846393466
Transport,ts_icl__model_config.context_length-4096__pipeline_config.raw_inference.completed_at-2026-09-26T16_21_29.290215_00_00,1,1,0.4363837318757116,0.5579173755542706,4.841252971440554,1,0,26784,0.0,44.208262444572945,44.208262444572945,1,44.208262444572945,1,0.7821655158923493,0.94864846393466
Transport,ts_icl__model_config.context_length-512__pipeline_config.raw_inference.completed_at-2026-09-27T13_59_01.691670_00_00,1,1,0.5789689029732736,0.7402127698160476,0.5459160953760147,1,0,26784,0.0,25.978723018395243,25.978723018395243,1,25.978723018395243,1,0.7821655158923493,0.94864846393466
Healthcare,chronos2__model_config.context_length-1024__pipeline_config.raw_inference.completed_at-2026-09-27T13_49_27.364446_00_00,1,1,2.687638735307393,0.6352501786041488,0.23584375716745853,1,0,27540,0.0,36.47498213958512,36.47498213958512,1,36.47498213958512,1,4.230835072275004,0.9592583514750004
Healthcare,chronos2__model_config.context_length-2048__pipeline_config.raw_inference.completed_at-2026-09-27T13_45_22.159493_00_00,1,1,2.687638735307393,0.6352501786041488,0.23722201772034168,1,0,27540,0.0,36.47498213958512,36.47498213958512,1,36.47498213958512,1,4.230835072275004,0.9592583514750004
Healthcare,chronos2__model_config.context_length-4096__pipeline_config.raw_inference.completed_at-2026-09-27T13_46_19.305282_00_00,1,1,2.687638735307393,0.6352501786041488,0.23745408654212952,1,0,27540,0.0,36.47498213958512,36.47498213958512,1,36.47498213958512,1,4.230835072275004,0.9592583514750004
Healthcare,chronos2__model_config.context_length-512__pipeline_config.raw_inference.completed_at-2026-09-27T13_50_48.646907_00_00,1,1,2.687638735307393,0.6352501786041488,0.2381615899503231,1,0,27540,0.0,36.47498213958512,36.47498213958512,1,36.47498213958512,1,4.230835072275004,0.9592583514750004
Healthcare,chronos2__model_config.context_length-8192__pipeline_config.raw_inference.completed_at-2026-09-26T15_54_02.005414_00_00,1,1,2.687638735307393,0.6352501786041488,0.23693689703941345,1,0,27540,0.0,36.47498213958512,36.47498213958512,1,36.47498213958512,1,4.230835072275004,0.9592583514750004
Healthcare,chronos_bolt__model_config.context_length-1024__pipeline_config.raw_inference.completed_at-2026-09-27T13_26_23.339948_00_00,1,1,2.8883879320915615,0.6826992503251653,0.48223889246582985,1,0,27540,0.0,31.730074967483468,31.730074967483468,1,31.730074967483468,1,4.230835072275004,0.9592583514750004
Healthcare,chronos_bolt__model_config.context_length-128__pipeline_config.raw_inference.completed_at-2026-09-27T13_32_26.244594_00_00,1,1,2.833676476109428,0.6697676528869522,0.4726398680359125,1,0,27540,0.0,33.02323471130478,33.02323471130478,1,33.02323471130478,1,4.230835072275004,0.9592583514750004
Healthcare,chronos_bolt__model_config.context_length-2048__pipeline_config.raw_inference.completed_at-2026-09-26T15_55_07.075343_00_00,1,1,2.8883879320915615,0.6826992503251653,0.48335096053779125,1,0,27540,0.0,31.730074967483468,31.730074967483468,1,31.730074967483468,1,4.230835072275004,0.9592583514750004
Healthcare,chronos_bolt__model_config.context_length-256__pipeline_config.raw_inference.completed_at-2026-09-27T13_31_39.893106_00_00,1,1,2.8883879320915615,0.6826992503251653,0.482175474986434,1,0,27540,0.0,31.730074967483468,31.730074967483468,1,31.730074967483468,1,4.230835072275004,0.9592583514750004
Healthcare,chronos_bolt__model_config.context_length-512__pipeline_config.raw_inference.completed_at-2026-09-27T15_23_32.750605_00_00,1,1,2.8883879320915615,0.6826992503251653,0.5501916166394949,1,0,27540,0.0,31.730074967483468,31.730074967483468,1,31.730074967483468,1,4.230835072275004,0.9592583514750004
Healthcare,ts_icl__model_config.context_length-1024__pipeline_config.raw_inference.completed_at-2026-09-27T13_59_57.707808_00_00,1,1,2.968530838215052,0.7016418242507416,2.9265398383140564,1,0,27540,0.0,29.835817574925837,29.835817574925837,1,29.835817574925837,1,4.230835072275004,0.9592583514750004
Healthcare,ts_icl__model_config.context_length-2048__pipeline_config.raw_inference.completed_at-2026-09-27T14_06_41.114252_00_00,1,1,2.968530838215052,0.7016418242507416,2.9641392566263676,1,0,27540,0.0,29.835817574925837,29.835817574925837,1,29.835817574925837,1,4.230835072275004,0.9592583514750004
Healthcare,ts_icl__model_config.context_length-256__pipeline_config.raw_inference.completed_at-2026-09-27T15_08_18.457491_00_00,1,1,2.968530838215052,0.7016418242507416,2.96618165448308,1,0,27540,0.0,29.835817574925837,29.835817574925837,1,29.835817574925837,1,4.230835072275004,0.9592583514750004
Healthcare,ts_icl__model_config.context_length-4096__pipeline_config.raw_inference.completed_at-2026-09-26T16_22_49.277269_00_00,1,1,2.968530838215052,0.7016418242507416,2.9371749740093946,1,0,27540,0.0,29.835817574925837,29.835817574925837,1,29.835817574925837,1,4.230835072275004,0.9592583514750004
Healthcare,ts_icl__model_config.context_length-512__pipeline_config.raw_inference.completed_at-2026-09-27T13_59_43.181919_00_00,1,1,2.968530838215052,0.7016418242507416,2.9397427067160606,1,0,27540,0.0,29.835817574925837,29.835817574925837,1,29.835817574925837,1,4.230835072275004,0.9592583514750004
Economics,chronos2__model_config.context_length-1024__pipeline_config.raw_inference.completed_at-2026-09-27T13_51_38.760456_00_00,1,1,1.427177654123309,0.7670994049743153,0.20012315176427364,1,0,10800,0.0,23.29005950256847,23.29005950256847,1,23.29005950256847,1,1.8604859355497676,1.0270398706197739
Economics,chronos2__model_config.context_length-2048__pipeline_config.raw_inference.completed_at-2026-09-27T13_47_35.687941_00_00,1,1,1.427177654123309,0.7670994049743153,0.20039736106991768,1,0,10800,0.0,23.29005950256847,23.29005950256847,1,23.29005950256847,1,1.8604859355497676,1.0270398706197739
Economics,chronos2__model_config.context_length-4096__pipeline_config.raw_inference.completed_at-2026-09-27T13_48_34.466060_00_00,1,1,1.427177654123309,0.7670994049743153,0.20156671665608883,1,0,10800,0.0,23.29005950256847,23.29005950256847,1,23.29005950256847,1,1.8604859355497676,1.0270398706197739
Economics,chronos2__model_config.context_length-512__pipeline_config.raw_inference.completed_at-2026-09-27T13_53_00.980199_00_00,1,1,1.427177654123309,0.7670994049743153,0.2003219798207283,1,0,10800,0.0,23.29005950256847,23.29005950256847,1,23.29005950256847,1,1.8604859355497676,1.0270398706197739
Economics,chronos2__model_config.context_length-8192__pipeline_config.raw_inference.completed_at-2026-09-26T15_56_21.042709_00_00,1,1,1.427177654123309,0.7670994049743153,0.20113585516810417,1,0,10800,0.0,23.29005950256847,23.29005950256847,1,23.29005950256847,1,1.8604859355497676,1.0270398706197739
Economics,chronos_bolt__model_config.context_length-1024__pipeline_config.raw_inference.completed_at-2026-09-27T13_28_42.614580_00_00,1,1,1.5684767906961357,0.8430468410032113,0.5498877074569464,1,0,10800,0.0,15.695315899678874,15.695315899678874,1,15.695315899678874,1,1.8604859355497676,1.0270398706197739
Economics,chronos_bolt__model_config.context_length-128__pipeline_config.raw_inference.completed_at-2026-09-27T13_34_42.308630_00_00,1,1,1.5740563587431624,0.8460458252687806,0.5260772723704576,1,0,10800,0.0,15.395417473121942,15.395417473121942,1,15.395417473121942,1,1.8604859355497676,1.0270398706197739
Economics,chronos_bolt__model_config.context_length-2048__pipeline_config.raw_inference.completed_at-2026-09-26T15_57_25.251262_00_00,1,1,1.5684767906961357,0.8430468410032113,0.5499611962586641,1,0,10800,0.0,15.695315899678874,15.695315899678874,1,15.695315899678874,1,1.8604859355497676,1.0270398706197739
Economics,chronos_bolt__model_config.context_length-256__pipeline_config.raw_inference.completed_at-2026-09-27T13_33_56.011275_00_00,1,1,1.5684767906961357,0.8430468410032113,0.5549340881407261,1,0,10800,0.0,15.695315899678874,15.695315899678874,1,15.695315899678874,1,1.8604859355497676,1.0270398706197739
Economics,chronos_bolt__model_config.context_length-512__pipeline_config.raw_inference.completed_at-2026-09-27T15_25_50.425591_00_00,1,1,1.5684767906961357,0.8430468410032113,0.5514360871165991,1,0,10800,0.0,15.695315899678874,15.695315899678874,1,15.695315899678874,1,1.8604859355497676,1.0270398706197739
Economics,ts_icl__model_config.context_length-1024__pipeline_config.raw_inference.completed_at-2026-09-27T14_01_14.941004_00_00,1,1,1.5345163921503744,0.8247933310481758,3.5964853428304195,1,0,10800,0.0,17.520666895182423,17.520666895182423,1,17.520666895182423,1,1.8604859355497676,1.0270398706197739
Economics,ts_icl__model_config.context_length-2048__pipeline_config.raw_inference.completed_at-2026-09-27T14_08_06.842307_00_00,1,1,1.5345163921503744,0.8247933310481758,3.6143269687891006,1,0,10800,0.0,17.520666895182423,17.520666895182423,1,17.520666895182423,1,1.8604859355497676,1.0270398706197739
Economics,ts_icl__model_config.context_length-256__pipeline_config.raw_inference.completed_at-2026-09-27T15_09_29.732953_00_00,1,1,1.5345163921503744,0.8247933310481758,3.599771223962307,1,0,10800,0.0,17.520666895182423,17.520666895182423,1,17.520666895182423,1,1.8604859355497676,1.0270398706197739
Economics,ts_icl__model_config.context_length-4096__pipeline_config.raw_inference.completed_at-2026-09-26T16_24_41.799969_00_00,1,1,1.5345163921503744,0.8247933310481758,3.557822410017252,1,0,10800,0.0,17.520666895182423,17.520666895182423,1,17.520666895182423,1,1.8604859355497676,1.0270398706197739
Economics,ts_icl__model_config.context_length-512__pipeline_config.raw_inference.completed_at-2026-09-27T14_00_58.469360_00_00,1,1,1.5345163921503744,0.8247933310481758,3.6236882619559765,1,0,10800,0.0,17.520666895182423,17.520666895182423,1,17.520666895182423,1,1.8604859355497676,1.0270398706197739
Economics,chronos2__model_config.context_length-1024__pipeline_config.raw_inference.completed_at-2026-09-27T13_50_24.509783_00_00,1,1,0.5298324093950973,0.7746001702407476,0.21005216240882874,1,0,1296,0.0,22.539982975925245,22.539982975925245,1,22.539982975925245,1,0.6840076077319015,0.042518192902207375
Economics,chronos2__model_config.context_length-2048__pipeline_config.raw_inference.completed_at-2026-09-27T13_46_20.809960_00_00,1,1,0.5298324093950973,0.7746001702407476,0.21263539604842663,1,0,1296,0.0,22.539982975925245,22.539982975925245,1,22.539982975925245,1,0.6840076077319015,0.042518192902207375
Economics,chronos2__model_config.context_length-4096__pipeline_config.raw_inference.completed_at-2026-09-27T13_47_20.049842_00_00,1,1,0.5298324093950973,0.7746001702407476,0.21343308687210083,1,0,1296,0.0,22.539982975925245,22.539982975925245,1,22.539982975925245,1,0.6840076077319015,0.042518192902207375
Economics,chronos2__model_config.context_length-512__pipeline_config.raw_inference.completed_at-2026-09-27T13_51_46.265357_00_00,1,1,0.5298324093950973,0.7746001702407476,0.21313614584505558,1,0,1296,0.0,22.539982975925245,22.539982975925245,1,22.539982975925245,1,0.6840076077319015,0.042518192902207375
Economics,chronos2__model_config.context_length-8192__pipeline_config.raw_inference.completed_at-2026-09-26T15_55_06.641830_00_00,1,1,0.5298324093950973,0.7746001702407476,0.2125970870256424,1,0,1296,0.0,22.539982975925245,22.539982975925245,1,22.539982975925245,1,0.6840076077319015,0.042518192902207375
Economics,chronos_bolt__model_config.context_length-1024__pipeline_config.raw_inference.completed_at-2026-09-27T13_27_24.525880_00_00,1,1,0.5280441169302251,0.7719857366516212,0.23255754821002483,1,0,1296,0.0,22.80142633483788,22.80142633483788,1,22.80142633483788,1,0.6840076077319015,0.042518192902207375
Economics,chronos_bolt__model_config.context_length-128__pipeline_config.raw_inference.completed_at-2026-09-27T13_33_25.752330_00_00,1,1,0.5280441169302251,0.7719857366516212,0.23589540645480156,1,0,1296,0.0,22.80142633483788,22.80142633483788,1,22.80142633483788,1,0.6840076077319015,0.042518192902207375
Economics,chronos_bolt__model_config.context_length-2048__pipeline_config.raw_inference.completed_at-2026-09-26T15_56_07.298844_00_00,1,1,0.5280441169302251,0.7719857366516212,0.2515050657093525,1,0,1296,0.0,22.80142633483788,22.80142633483788,1,22.80142633483788,1,0.6840076077319015,0.042518192902207375
Economics,chronos_bolt__model_config.context_length-256__pipeline_config.raw_inference.completed_at-2026-09-27T13_32_39.562964_00_00,1,1,0.5280441169302251,0.7719857366516212,0.23497340083122253,1,0,1296,0.0,22.80142633483788,22.80142633483788,1,22.80142633483788,1,0.6840076077319015,0.042518192902207375
Economics,chronos_bolt__model_config.context_length-512__pipeline_config.raw_inference.completed_at-2026-09-27T15_24_32.674987_00_00,1,1,0.5280441169302251,0.7719857366516212,0.36559723876416683,1,0,1296,0.0,22.80142633483788,22.80142633483788,1,22.80142633483788,1,0.6840076077319015,0.042518192902207375
Economics,ts_icl__model_config.context_length-1024__pipeline_config.raw_inference.completed_at-2026-09-27T14_00_32.181898_00_00,1,1,0.519415995523202,0.7593716643672015,0.29842154681682587,1,0,1296,0.0,24.062833563279852,24.062833563279852,1,24.062833563279852,1,0.6840076077319015,0.042518192902207375
Economics,ts_icl__model_config.context_length-2048__pipeline_config.raw_inference.completed_at-2026-09-27T14_07_24.107297_00_00,1,1,0.519415995523202,0.7593716643672015,0.2998427711427212,1,0,1296,0.0,24.062833563279852,24.062833563279852,1,24.062833563279852,1,0.6840076077319015,0.042518192902207375
Economics,ts_icl__model_config.context_length-256__pipeline_config.raw_inference.completed_at-2026-09-27T15_08_49.492855_00_00,1,1,0.519415995523202,0.7593716643672015,0.2963353153318167,1,0,1296,0.0,24.062833563279852,24.062833563279852,1,24.062833563279852,1,0.6840076077319015,0.042518192902207375
Economics,ts_icl__model_config.context_length-4096__pipeline_config.raw_inference.completed_at-2026-09-26T16_23_59.040212_00_00,1,1,0.519415995523202,0.7593716643672015,0.3577870484441519,1,0,1296,0.0,24.062833563279852,24.062833563279852,1,24.062833563279852,1,0.6840076077319015,0.042518192902207375
Economics,ts_icl__model_config.context_length-512__pipeline_config.raw_inference.completed_at-2026-09-27T14_00_15.333273_00_00,1,1,0.519415995523202,0.7593716643672015,0.29810927249491215,1,0,1296,0.0,24.062833563279852,24.062833563279852,1,24.062833563279852,1,0.6840076077319015,0.042518192902207375
Economics,chronos2__model_config.context_length-1024__pipeline_config.raw_inference.completed_at-2026-09-27T13_50_33.690574_00_00,1,1,0.9042078797292128,0.5364326507424232,0.18552490882575512,1,0,3240,0.0,46.35673492575768,46.35673492575768,1,46.35673492575768,1,1.68559441428069,0.12467530183494091
Economics,chronos2__model_config.context_length-2048__pipeline_config.raw_inference.completed_at-2026-09-27T13_46_30.182853_00_00,1,1,0.9042078797292128,0.5364326507424232,0.18927415646612644,1,0,3240,0.0,46.35673492575768,46.35673492575768,1,46.35673492575768,1,1.68559441428069,0.12467530183494091
Economics,chronos2__model_config.context_length-4096__pipeline_config.raw_inference.completed_at-2026-09-27T13_47_29.340639_00_00,1,1,0.9042078797292128,0.5364326507424232,0.1897037848830223,1,0,3240,0.0,46.35673492575768,46.35673492575768,1,46.35673492575768,1,1.68559441428069,0.12467530183494091
Economics,chronos2__model_config.context_length-512__pipeline_config.raw_inference.completed_at-2026-09-27T13_51_55.530285_00_00,1,1,0.9042078797292128,0.5364326507424232,0.1889418214559555,1,0,3240,0.0,46.35673492575768,46.35673492575768,1,46.35673492575768,1,1.68559441428069,0.12467530183494091
Economics,chronos2__model_config.context_length-8192__pipeline_config.raw_inference.completed_at-2026-09-26T15_55_15.950479_00_00,1,1,0.9042078797292128,0.5364326507424232,0.18847018666565418,1,0,3240,0.0,46.35673492575768,46.35673492575768,1,46.35673492575768,1,1.68559441428069,0.12467530183494091
Economics,chronos_bolt__model_config.context_length-1024__pipeline_config.raw_inference.completed_at-2026-09-27T13_27_34.618795_00_00,1,1,1.0554441681567701,0.6261554732353394,0.2510750759392977,1,0,3240,0.0,37.38445267646606,37.38445267646606,1,37.38445267646606,1,1.68559441428069,0.12467530183494091
Economics,chronos_bolt__model_config.context_length-128__pipeline_config.raw_inference.completed_at-2026-09-27T13_33_35.238137_00_00,1,1,1.2499440942933553,0.7415449907187525,0.24149776436388493,1,0,3240,0.0,25.845500928124753,25.845500928124753,1,25.845500928124753,1,1.68559441428069,0.12467530183494091
Economics,chronos_bolt__model_config.context_length-2048__pipeline_config.raw_inference.completed_at-2026-09-26T15_56_16.748087_00_00,1,1,1.0554441681567701,0.6261554732353394,0.2509199474006891,1,0,3240,0.0,37.38445267646606,37.38445267646606,1,37.38445267646606,1,1.68559441428069,0.12467530183494091
Economics,chronos_bolt__model_config.context_length-256__pipeline_config.raw_inference.completed_at-2026-09-27T13_32_48.994090_00_00,1,1,1.0670260346756115,0.633026560621912,0.25248295441269875,1,0,3240,0.0,36.6973439378088,36.6973439378088,1,36.6973439378088,1,1.68559441428069,0.12467530183494091
Economics,chronos_bolt__model_config.context_length-512__pipeline_config.raw_inference.completed_at-2026-09-27T15_24_42.466032_00_00,1,1,1.0554441681567701,0.6261554732353394,0.2542088683694601,1,0,3240,0.0,37.38445267646606,37.38445267646606,1,37.38445267646606,1,1.68559441428069,0.12467530183494091
Economics,ts_icl__model_config.context_length-1024__pipeline_config.raw_inference.completed_at-2026-09-27T14_00_36.834599_00_00,1,1,1.0651837489836085,0.6319336015586908,0.5132206808775663,1,0,3240,0.0,36.80663984413092,36.80663984413092,1,36.80663984413092,1,1.68559441428069,0.12467530183494091
Economics,ts_icl__model_config.context_length-2048__pipeline_config.raw_inference.completed_at-2026-09-27T14_07_28.742062_00_00,1,1,1.0651837489836085,0.6319336015586908,0.5097640082240105,1,0,3240,0.0,36.80663984413092,36.80663984413092,1,36.80663984413092,1,1.68559441428069,0.12467530183494091
Economics,ts_icl__model_config.context_length-256__pipeline_config.raw_inference.completed_at-2026-09-27T15_08_54.107868_00_00,1,1,1.0698589479579566,0.6347072219116885,0.5148282088339329,1,0,3240,0.0,36.529277808831154,36.529277808831154,1,36.529277808831154,1,1.68559441428069,0.12467530183494091
Economics,ts_icl__model_config.context_length-4096__pipeline_config.raw_inference.completed_at-2026-09-26T16_24_03.718436_00_00,1,1,1.0651837489836085,0.6319336015586908,0.5758270882070065,1,0,3240,0.0,36.80663984413092,36.80663984413092,1,36.80663984413092,1,1.68559441428069,0.12467530183494091
Economics,ts_icl__model_config.context_length-512__pipeline_config.raw_inference.completed_at-2026-09-27T14_00_19.956040_00_00,1,1,1.0651837489836085,0.6319336015586908,0.5205473732203245,1,0,3240,0.0,36.80663984413092,36.80663984413092,1,36.80663984413092,1,1.68559441428069,0.12467530183494091
Economics,chronos2__model_config.context_length-1024__pipeline_config.raw_inference.completed_at-2026-09-27T13_50_05.947290_00_00,1,1,3.14383480240003,1.1552232026779394,0.26512263901531696,1,0,936,0.0,-15.522320267793944,-15.522320267793944,1,-15.522320267793944,1,2.721408984092651,0.03467201255261898
Economics,chronos2__model_config.context_length-2048__pipeline_config.raw_inference.completed_at-2026-09-27T13_46_02.179379_00_00,1,1,3.14383480240003,1.1552232026779394,0.2117517851293087,1,0,936,0.0,-15.522320267793944,-15.522320267793944,1,-15.522320267793944,1,2.721408984092651,0.03467201255261898
Economics,chronos2__model_config.context_length-4096__pipeline_config.raw_inference.completed_at-2026-09-27T13_47_01.540132_00_00,1,1,3.14383480240003,1.1552232026779394,0.2125393357127905,1,0,936,0.0,-15.522320267793944,-15.522320267793944,1,-15.522320267793944,1,2.721408984092651,0.03467201255261898
Economics,chronos2__model_config.context_length-512__pipeline_config.raw_inference.completed_at-2026-09-27T13_51_27.596632_00_00,1,1,3.14383480240003,1.1552232026779394,0.21626685373485088,1,0,936,0.0,-15.522320267793944,-15.522320267793944,1,-15.522320267793944,1,2.721408984092651,0.03467201255261898
Economics,chronos2__model_config.context_length-8192__pipeline_config.raw_inference.completed_at-2026-09-26T15_54_47.983176_00_00,1,1,3.14383480240003,1.1552232026779394,0.21054657548666,1,0,936,0.0,-15.522320267793944,-15.522320267793944,1,-15.522320267793944,1,2.721408984092651,0.03467201255261898
Economics,chronos_bolt__model_config.context_length-1024__pipeline_config.raw_inference.completed_at-2026-09-27T13_27_05.046445_00_00,1,1,4.146792423445997,1.5237667133771828,0.3307660464197397,1,0,936,0.0,-52.376671337718285,-52.376671337718285,1,-52.376671337718285,1,2.721408984092651,0.03467201255261898
Economics,chronos_bolt__model_config.context_length-128__pipeline_config.raw_inference.completed_at-2026-09-27T13_33_06.705766_00_00,1,1,3.558373987269446,1.3075484089561968,0.2185864895582199,1,0,936,0.0,-30.754840895619683,-30.754840895619683,1,-30.754840895619683,1,2.721408984092651,0.03467201255261898
Economics,chronos_bolt__model_config.context_length-2048__pipeline_config.raw_inference.completed_at-2026-09-26T15_55_48.059660_00_00,1,1,4.146792423445997,1.5237667133771828,0.23013658821582794,1,0,936,0.0,-52.376671337718285,-52.376671337718285,1,-52.376671337718285,1,2.721408984092651,0.03467201255261898
Economics,chronos_bolt__model_config.context_length-256__pipeline_config.raw_inference.completed_at-2026-09-27T13_32_20.705098_00_00,1,1,4.146792423445997,1.5237667133771828,0.2280412781983614,1,0,936,0.0,-52.376671337718285,-52.376671337718285,1,-52.376671337718285,1,2.721408984092651,0.03467201255261898
Economics,chronos_bolt__model_config.context_length-512__pipeline_config.raw_inference.completed_at-2026-09-27T15_24_13.298696_00_00,1,1,4.146792423445997,1.5237667133771828,0.2290396634489298,1,0,936,0.0,-52.376671337718285,-52.376671337718285,1,-52.376671337718285,1,2.721408984092651,0.03467201255261898
Economics,ts_icl__model_config.context_length-1024__pipeline_config.raw_inference.completed_at-2026-09-27T14_00_23.237174_00_00,1,1,2.8235117450947285,1.0375183449451717,0.25667519494891167,1,0,936,0.0,-3.75183449451717,-3.75183449451717,1,-3.75183449451717,1,2.721408984092651,0.03467201255261898
Economics,ts_icl__model_config.context_length-2048__pipeline_config.raw_inference.completed_at-2026-09-27T14_07_15.087475_00_00,1,1,2.8235117450947285,1.0375183449451717,0.2591305039823055,1,0,936,0.0,-3.75183449451717,-3.75183449451717,1,-3.75183449451717,1,2.721408984092651,0.03467201255261898
Economics,ts_icl__model_config.context_length-256__pipeline_config.raw_inference.completed_at-2026-09-27T15_08_40.749841_00_00,1,1,2.8235117450947285,1.0375183449451717,0.25926162116229534,1,0,936,0.0,-3.75183449451717,-3.75183449451717,1,-3.75183449451717,1,2.721408984092651,0.03467201255261898
Economics,ts_icl__model_config.context_length-4096__pipeline_config.raw_inference.completed_at-2026-09-26T16_23_50.018373_00_00,1,1,2.8235117450947285,1.0375183449451717,0.405135216191411,1,0,936,0.0,-3.75183449451717,-3.75183449451717,1,-3.75183449451717,1,2.721408984092651,0.03467201255261898
Economics,ts_icl__model_config.context_length-512__pipeline_config.raw_inference.completed_at-2026-09-27T14_00_05.970575_00_00,1,1,2.8235117450947285,1.0375183449451717,0.2959228064864874,1,0,936,0.0,-3.75183449451717,-3.75183449451717,1,-3.75183449451717,1,2.721408984092651,0.03467201255261898
Transport,chronos2__model_config.context_length-1024__pipeline_config.raw_inference.completed_at-2026-09-27T13_53_34.393410_00_00,1,1,0.6607532200780499,0.7606316296951224,0.02632669359445572,1,0,80298,0.0,23.936837030487755,23.936837030487755,1,23.936837030487755,1,0.8686901704875118,0.25662210769951344
Transport,chronos2__model_config.context_length-2048__pipeline_config.raw_inference.completed_at-2026-09-27T13_49_42.358473_00_00,1,1,0.6747563942420807,0.7767515014742311,0.03514016419649124,1,0,80298,0.0,22.32484985257689,22.32484985257689,1,22.32484985257689,1,0.8686901704875118,0.25662210769951344
Transport,chronos2__model_config.context_length-4096__pipeline_config.raw_inference.completed_at-2026-09-27T13_50_57.481601_00_00,1,1,0.6667100086957658,0.7674888370402602,0.04789300821721554,1,0,80298,0.0,23.251116295973983,23.251116295973983,1,23.251116295973983,1,0.8686901704875118,0.25662210769951344
Transport,chronos2__model_config.context_length-512__pipeline_config.raw_inference.completed_at-2026-09-27T13_54_51.531000_00_00,1,1,0.6794932775606255,0.7822044045684223,0.021590081974864006,1,0,80298,0.0,21.779559543157767,21.779559543157767,1,21.779559543157767,1,0.8686901704875118,0.25662210769951344
Transport,chronos2__model_config.context_length-8192__pipeline_config.raw_inference.completed_at-2026-09-26T15_59_17.220077_00_00,1,1,0.6686335696286634,0.7697031603954076,0.08982253074645996,1,0,80298,0.0,23.029683960459234,23.029683960459234,1,23.029683960459234,1,0.8686901704875118,0.25662210769951344
Transport,chronos2__model_config.context_length-1024__pipeline_config.raw_inference.completed_at-2026-09-27T13_53_34.068027_00_00,1,1,0.6549661785373264,0.7673271713011746,0.03539923019707203,1,0,80298,0.0,23.267282869882543,23.267282869882543,1,23.267282869882543,1,0.8535683382965379,0.3273764196783304
Transport,chronos2__model_config.context_length-2048__pipeline_config.raw_inference.completed_at-2026-09-27T13_49_42.023303_00_00,1,1,0.6522556919543174,0.764151694351762,0.047961264848709106,1,0,80298,0.0,23.5848305648238,23.5848305648238,1,23.5848305648238,1,0.8535683382965379,0.3273764196783304
Transport,chronos2__model_config.context_length-4096__pipeline_config.raw_inference.completed_at-2026-09-27T13_50_57.129584_00_00,1,1,0.6507833240528066,0.7624267382639469,0.08713641576468945,1,0,80298,0.0,23.757326173605307,23.757326173605307,1,23.757326173605307,1,0.8535683382965379,0.3273764196783304
Transport,chronos2__model_config.context_length-512__pipeline_config.raw_inference.completed_at-2026-09-27T13_54_51.210078_00_00,1,1,0.6601708098542202,0.7734246693963834,0.026671724393963814,1,0,80298,0.0,22.657533060361658,22.657533060361658,1,22.657533060361658,1,0.8535683382965379,0.3273764196783304
Transport,chronos2__model_config.context_length-8192__pipeline_config.raw_inference.completed_at-2026-09-26T15_59_16.828646_00_00,1,1,0.6510332169597657,0.7627195008885047,0.1743956096470356,1,0,80298,0.0,23.72804991114953,23.72804991114953,1,23.72804991114953,1,0.8535683382965379,0.3273764196783304
Transport,chronos2__model_config.context_length-1024__pipeline_config.raw_inference.completed_at-2026-09-27T13_53_33.678211_00_00,1,1,0.6210957758806417,0.7117577118338002,0.3093861769884825,1,0,80298,0.0,28.82422881661998,28.82422881661998,1,28.82422881661998,1,0.8726224746907574,1.047394271939993
Transport,chronos2__model_config.context_length-2048__pipeline_config.raw_inference.completed_at-2026-09-27T13_49_41.620011_00_00,1,1,0.6138846551725118,0.7034939770375065,0.42584486305713654,1,0,80298,0.0,29.65060229624935,29.65060229624935,1,29.65060229624935,1,0.8726224746907574,1.047394271939993
Transport,chronos2__model_config.context_length-4096__pipeline_config.raw_inference.completed_at-2026-09-27T13_50_56.686778_00_00,1,1,0.6128994648141513,0.7023649775137323,0.6373227369040251,1,0,80298,0.0,29.76350224862677,29.76350224862677,1,29.76350224862677,1,0.8726224746907574,1.047394271939993
Transport,chronos2__model_config.context_length-512__pipeline_config.raw_inference.completed_at-2026-09-27T13_54_50.823961_00_00,1,1,0.6302571048986634,0.7222563286855702,0.25136671029031277,1,0,80298,0.0,27.77436713144298,27.77436713144298,1,27.77436713144298,1,0.8726224746907574,1.047394271939993
Transport,chronos2__model_config.context_length-8192__pipeline_config.raw_inference.completed_at-2026-09-26T15_59_16.297649_00_00,1,1,0.6120071780108346,0.7013424427645181,1.1435055248439312,1,0,80298,0.0,29.865755723548194,29.865755723548194,1,29.865755723548194,1,0.8726224746907574,1.047394271939993
Transport,chronos_bolt__model_config.context_length-1024__pipeline_config.raw_inference.completed_at-2026-09-27T13_35_21.189429_00_00,1,1,0.701166061717593,0.807153212432571,0.9202129412442446,1,0,80298,0.0,19.284678756742903,19.284678756742903,1,19.284678756742903,1,0.8686901704875118,0.25662210769951344
Transport,chronos_bolt__model_config.context_length-128__pipeline_config.raw_inference.completed_at-2026-09-27T13_38_19.337071_00_00,1,1,0.7216836597244431,0.830772218038834,0.43645680509507656,1,0,80298,0.0,16.922778196116596,16.922778196116596,1,16.922778196116596,1,0.8686901704875118,0.25662210769951344
Transport,chronos_bolt__model_config.context_length-2048__pipeline_config.raw_inference.completed_at-2026-09-26T16_07_48.889946_00_00,1,1,0.694838569336889,0.7998692663311054,1.4043840672820807,1,0,80298,0.0,20.013073366889454,20.013073366889454,1,20.013073366889454,1,0.8686901704875118,0.25662210769951344
Transport,chronos_bolt__model_config.context_length-256__pipeline_config.raw_inference.completed_at-2026-09-27T13_37_53.418455_00_00,1,1,0.711176452891046,0.8186767584718168,0.5094136353582144,1,0,80298,0.0,18.132324152818324,18.132324152818324,1,18.132324152818324,1,0.8686901704875118,0.25662210769951344
Transport,chronos_bolt__model_config.context_length-512__pipeline_config.raw_inference.completed_at-2026-09-27T15_30_39.867872_00_00,1,1,0.6994125472728324,0.8051346395232258,0.6377622243016958,1,0,80298,0.0,19.486536047677415,19.486536047677415,1,19.486536047677415,1,0.8686901704875118,0.25662210769951344
Transport,chronos_bolt__model_config.context_length-1024__pipeline_config.raw_inference.completed_at-2026-09-27T13_35_20.179730_00_00,1,1,0.7024467559131792,0.8229531537159036,0.8180015310645103,1,0,80298,0.0,17.704684628409638,17.704684628409638,1,17.704684628409638,1,0.8535683382965379,0.3273764196783304
Transport,chronos_bolt__model_config.context_length-128__pipeline_config.raw_inference.completed_at-2026-09-27T13_38_18.810960_00_00,1,1,0.7009093614536069,0.8211520156106168,0.36492989026010036,1,0,80298,0.0,17.884798438938322,17.884798438938322,1,17.884798438938322,1,0.8535683382965379,0.3273764196783304
Transport,chronos_bolt__model_config.context_length-2048__pipeline_config.raw_inference.completed_at-2026-09-26T16_07_47.396009_00_00,1,1,0.6855807975211551,0.8031938003808404,1.4036972597241402,1,0,80298,0.0,19.68061996191596,19.68061996191596,1,19.68061996191596,1,0.8535683382965379,0.3273764196783304
Transport,chronos_bolt__model_config.context_length-256__pipeline_config.raw_inference.completed_at-2026-09-27T13_37_52.818820_00_00,1,1,0.7226980268755113,0.8466785779774777,0.4247356429696083,1,0,80298,0.0,15.33214220225223,15.33214220225223,1,15.33214220225223,1,0.8535683382965379,0.3273764196783304
Transport,chronos_bolt__model_config.context_length-512__pipeline_config.raw_inference.completed_at-2026-09-27T15_30_39.137404_00_00,1,1,0.7043414775241973,0.8251729192882764,0.5613843854516745,1,0,80298,0.0,17.48270807117236,17.48270807117236,1,17.48270807117236,1,0.8535683382965379,0.3273764196783304
Transport,chronos_bolt__model_config.context_length-1024__pipeline_config.raw_inference.completed_at-2026-09-27T13_35_19.215149_00_00,1,1,0.6568532373964728,0.7527347237180093,0.5027546342462301,1,0,80298,0.0,24.72652762819907,24.72652762819907,1,24.72652762819907,1,0.8726224746907574,1.047394271939993
Transport,chronos_bolt__model_config.context_length-128__pipeline_config.raw_inference.completed_at-2026-09-27T13_38_18.300828_00_00,1,1,0.709059035354158,0.8125610512214192,0.4779231268912554,1,0,80298,0.0,18.743894877858082,18.743894877858082,1,18.743894877858082,1,0.8726224746907574,1.047394271939993
Transport,chronos_bolt__model_config.context_length-2048__pipeline_config.raw_inference.completed_at-2026-09-26T16_07_45.846542_00_00,1,1,0.6495314561459699,0.7443441751556454,0.5659189783036709,1,0,80298,0.0,25.565582484435456,25.565582484435456,1,25.565582484435456,1,0.8726224746907574,1.047394271939993
Transport,chronos_bolt__model_config.context_length-256__pipeline_config.raw_inference.completed_at-2026-09-27T13_37_52.247920_00_00,1,1,0.6838114437310413,0.7836280448465099,0.4799754377454519,1,0,80298,0.0,21.637195515349006,21.637195515349006,1,21.637195515349006,1,0.8726224746907574,1.047394271939993
Transport,chronos_bolt__model_config.context_length-512__pipeline_config.raw_inference.completed_at-2026-09-27T15_30_38.427291_00_00,1,1,0.6638292102988992,0.7607289859617116,0.4737882912158966,1,0,80298,0.0,23.927101403828843,23.927101403828843,1,23.927101403828843,1,0.8726224746907574,1.047394271939993
Transport,ts_icl__model_config.context_length-1024__pipeline_config.raw_inference.completed_at-2026-09-27T14_03_45.629644_00_00,1,1,0.690542332293996,0.7949236169052786,0.13375263288617134,1,0,80298,0.0,20.507638309472142,20.507638309472142,1,20.507638309472142,1,0.8686901704875118,0.25662210769951344
Transport,ts_icl__model_config.context_length-2048__pipeline_config.raw_inference.completed_at-2026-09-27T14_12_35.625329_00_00,1,1,0.6950628403427839,0.8001274377868375,0.1904264371842146,1,0,80298,0.0,19.98725622131625,19.98725622131625,1,19.98725622131625,1,0.8686901704875118,0.25662210769951344
Transport,ts_icl__model_config.context_length-256__pipeline_config.raw_inference.completed_at-2026-09-27T15_11_07.335061_00_00,1,1,0.7336688308328198,0.8445690486184301,0.09666512347757816,1,0,80298,0.0,15.543095138156993,15.543095138156993,1,15.543095138156993,1,0.8686901704875118,0.25662210769951344
Transport,ts_icl__model_config.context_length-4096__pipeline_config.raw_inference.completed_at-2026-09-26T16_32_46.568368_00_00,1,1,0.6979776681435321,0.803482866338668,0.3963604625314474,1,0,80298,0.0,19.651713366133205,19.651713366133205,1,19.651713366133205,1,0.8686901704875118,0.25662210769951344
Transport,ts_icl__model_config.context_length-512__pipeline_config.raw_inference.completed_at-2026-09-27T14_02_48.347562_00_00,1,1,0.6920076976668856,0.7966104845856936,0.10872804559767246,1,0,80298,0.0,20.33895154143064,20.33895154143064,1,20.33895154143064,1,0.8686901704875118,0.25662210769951344
Transport,ts_icl__model_config.context_length-1024__pipeline_config.raw_inference.completed_at-2026-09-27T14_03_45.061940_00_00,1,1,0.6769547131918299,0.7930878909389083,0.20987787283957005,1,0,80298,0.0,20.69121090610917,20.69121090610917,1,20.69121090610917,1,0.8535683382965379,0.3273764196783304
Transport,ts_icl__model_config.context_length-2048__pipeline_config.raw_inference.completed_at-2026-09-27T14_12_34.991710_00_00,1,1,0.6766533239917333,0.7927347977106637,0.34193105250597,1,0,80298,0.0,20.72652022893363,20.72652022893363,1,20.72652022893363,1,0.8535683382965379,0.3273764196783304
Transport,ts_icl__model_config.context_length-256__pipeline_config.raw_inference.completed_at-2026-09-27T15_11_06.805392_00_00,1,1,0.7528788346656303,0.8820369745299443,0.13535181619226933,1,0,80298,0.0,11.796302547005567,11.796302547005567,1,11.796302547005567,1,0.8535683382965379,0.3273764196783304
Transport,ts_icl__model_config.context_length-4096__pipeline_config.raw_inference.completed_at-2026-09-26T16_32_45.727670_00_00,1,1,0.679845185530925,0.7964742306253869,0.7053412981331348,1,0,80298,0.0,20.352576937461308,20.352576937461308,1,20.352576937461308,1,0.8535683382965379,0.3273764196783304
Transport,ts_icl__model_config.context_length-512__pipeline_config.raw_inference.completed_at-2026-09-27T14_02_47.791690_00_00,1,1,0.6826252532090636,0.799731225470916,0.15534832887351513,1,0,80298,0.0,20.026877452908398,20.026877452908398,1,20.026877452908398,1,0.8535683382965379,0.3273764196783304
Transport,ts_icl__model_config.context_length-1024__pipeline_config.raw_inference.completed_at-2026-09-27T14_03_44.276238_00_00,1,1,0.6487510832139933,0.7434498904510793,1.0315620601177216,1,0,80298,0.0,25.655010954892067,25.655010954892067,1,25.655010954892067,1,0.8726224746907574,1.047394271939993
Transport,ts_icl__model_config.context_length-2048__pipeline_config.raw_inference.completed_at-2026-09-27T14_12_34.067338_00_00,1,1,0.6441305027107695,0.7381548394556747,1.8773309234529734,1,0,80298,0.0,26.184516054432528,26.184516054432528,1,26.184516054432528,1,0.8726224746907574,1.047394271939993
Transport,ts_icl__model_config.context_length-256__pipeline_config.raw_inference.completed_at-2026-09-27T15_11_06.096370_00_00,1,1,0.6742528000360932,0.7726741169198479,0.6240075007081032,1,0,80298,0.0,22.73258830801521,22.73258830801521,1,22.73258830801521,1,0.8726224746907574,1.047394271939993
Transport,ts_icl__model_config.context_length-4096__pipeline_config.raw_inference.completed_at-2026-09-26T16_32_44.445985_00_00,1,1,0.6435365645174245,0.7374742035443024,3.99725404381752,1,0,80298,0.0,26.252579645569764,26.252579645569764,1,26.252579645569764,1,0.8726224746907574,1.047394271939993
Transport,ts_icl__model_config.context_length-512__pipeline_config.raw_inference.completed_at-2026-09-27T14_02_47.054230_00_00,1,1,0.6551386610011872,0.7507698689898599,0.7659744303673506,1,0,80298,0.0,24.923013101014014,24.923013101014014,1,24.923013101014014,1,0.8726224746907574,1.047394271939993
Climate,chronos2__model_config.context_length-1024__pipeline_config.raw_inference.completed_at-2026-09-27T13_47_06.881263_00_00,1,1,1.171278703339822,0.8799513826019912,0.04048524424433708,1,0,24192,0.0,12.004861739800877,12.004861739800877,1,12.004861739800877,1,1.3310720643183538,0.10447249189019203
Climate,chronos2__model_config.context_length-2048__pipeline_config.raw_inference.completed_at-2026-09-27T13_42_49.307573_00_00,1,1,1.205376411053669,0.9055681081181327,0.04664710722863674,1,0,24192,0.0,9.443189188186729,9.443189188186729,1,9.443189188186729,1,1.3310720643183538,0.10447249189019203
Climate,chronos2__model_config.context_length-4096__pipeline_config.raw_inference.completed_at-2026-09-27T13_43_25.505185_00_00,1,1,1.2057967883587484,0.9058839267100394,0.06456104479730129,1,0,24192,0.0,9.411607328996062,9.411607328996062,1,9.411607328996062,1,1.3310720643183538,0.10447249189019203
Climate,chronos2__model_config.context_length-512__pipeline_config.raw_inference.completed_at-2026-09-27T13_48_30.211643_00_00,1,1,1.2575496987502208,0.944764549163772,0.04015284776687622,1,0,24192,0.0,5.523545083622805,5.523545083622805,1,5.523545083622805,1,1.3310720643183538,0.10447249189019203
Climate,chronos2__model_config.context_length-8192__pipeline_config.raw_inference.completed_at-2026-09-26T15_50_11.706461_00_00,1,1,1.203564641776657,0.9042069727404326,0.106172950938344,1,0,24192,0.0,9.57930272595674,9.57930272595674,1,9.57930272595674,1,1.3310720643183538,0.10447249189019203
Climate,chronos2__model_config.context_length-1024__pipeline_config.raw_inference.completed_at-2026-09-27T13_47_06.567723_00_00,1,1,0.8948913564377328,0.8191245777318782,0.027230998501181602,1,0,25920,0.0,18.087542226812182,18.087542226812182,1,18.087542226812182,1,1.092497259593467,0.19002198800444603
Climate,chronos2__model_config.context_length-2048__pipeline_config.raw_inference.completed_at-2026-09-27T13_42_48.990834_00_00,1,1,0.8999345318006091,0.8237407681328985,0.04539409279823303,1,0,25920,0.0,17.625923186710146,17.625923186710146,1,17.625923186710146,1,1.092497259593467,0.19002198800444603
Climate,chronos2__model_config.context_length-4096__pipeline_config.raw_inference.completed_at-2026-09-27T13_43_25.166541_00_00,1,1,0.9101636908444272,0.8331038662587689,0.08585904724895954,1,0,25920,0.0,16.689613374123113,16.689613374123113,1,16.689613374123113,1,1.092497259593467,0.19002198800444603
Climate,chronos2__model_config.context_length-512__pipeline_config.raw_inference.completed_at-2026-09-27T13_48_29.899016_00_00,1,1,0.8585428336564289,0.7858535352078634,0.02090124413371086,1,0,25920,0.0,21.414646479213662,21.414646479213662,1,21.414646479213662,1,1.092497259593467,0.19002198800444603
Climate,chronos2__model_config.context_length-8192__pipeline_config.raw_inference.completed_at-2026-09-26T15_50_11.329123_00_00,1,1,0.8915087697288963,0.8160283807582627,0.1753155943006277,1,0,25920,0.0,18.397161924173734,18.397161924173734,1,18.397161924173734,1,1.092497259593467,0.19002198800444603
Climate,chronos2__model_config.context_length-1024__pipeline_config.raw_inference.completed_at-2026-09-27T13_47_06.243282_00_00,1,1,0.4923072064268061,0.5915676077779009,0.24315780587494373,1,0,25920,0.0,40.84323922220992,40.84323922220992,1,40.84323922220992,1,0.8322078490336116,0.4648978114128113
Climate,chronos2__model_config.context_length-2048__pipeline_config.raw_inference.completed_at-2026-09-27T13_42_48.650586_00_00,1,1,0.4972135234830992,0.5974631506545879,0.302546713501215,1,0,25920,0.0,40.25368493454121,40.25368493454121,1,40.25368493454121,1,0.8322078490336116,0.4648978114128113
Climate,chronos2__model_config.context_length-4096__pipeline_config.raw_inference.completed_at-2026-09-27T13_43_24.782013_00_00,1,1,0.5020865068476658,0.6033186390043136,0.4136318676173687,1,0,25920,0.0,39.66813609956864,39.66813609956864,1,39.66813609956864,1,0.8322078490336116,0.4648978114128113
Climate,chronos2__model_config.context_length-512__pipeline_config.raw_inference.completed_at-2026-09-27T13_48_29.580141_00_00,1,1,0.48331958294569416,0.5807678736831688,0.21142564713954926,1,0,25920,0.0,41.923212631683114,41.923212631683114,1,41.923212631683114,1,0.8322078490336116,0.4648978114128113
Climate,chronos2__model_config.context_length-8192__pipeline_config.raw_inference.completed_at-2026-09-26T15_50_10.856785_00_00,1,1,0.49645280308376133,0.5965490516104354,0.8576976526528597,1,0,25920,0.0,40.34509483895646,40.34509483895646,1,40.34509483895646,1,0.8322078490336116,0.4648978114128113
Climate,chronos_bolt__model_config.context_length-1024__pipeline_config.raw_inference.completed_at-2026-09-27T13_23_17.033735_00_00,1,1,1.1733824824530803,0.8815318974138137,0.16151126846671104,1,0,24192,0.0,11.846810258618634,11.846810258618634,1,11.846810258618634,1,1.3310720643183538,0.10447249189019203
Climate,chronos_bolt__model_config.context_length-128__pipeline_config.raw_inference.completed_at-2026-09-27T13_29_44.332245_00_00,1,1,1.252009165162565,0.9406020896424739,0.0683048889040947,1,0,24192,0.0,5.939791035752606,5.939791035752606,1,5.939791035752606,1,1.3310720643183538,0.10447249189019203
Climate,chronos_bolt__model_config.context_length-2048__pipeline_config.raw_inference.completed_at-2026-09-26T15_51_21.235337_00_00,1,1,1.2605794159420194,0.947040697295053,0.2967744283378124,1,0,24192,0.0,5.295930270494697,5.295930270494697,1,5.295930270494697,1,1.3310720643183538,0.10447249189019203
Climate,chronos_bolt__model_config.context_length-256__pipeline_config.raw_inference.completed_at-2026-09-27T13_28_55.790431_00_00,1,1,1.2179730930797736,0.9150316693811026,0.07921123690903187,1,0,24192,0.0,8.496833061889742,8.496833061889742,1,8.496833061889742,1,1.3310720643183538,0.10447249189019203
Climate,chronos_bolt__model_config.context_length-512__pipeline_config.raw_inference.completed_at-2026-09-27T14_58_55.520690_00_00,1,1,1.0884927457149507,0.8177564347519917,0.10404632054269314,1,0,24192,0.0,18.224356524800832,18.224356524800832,1,18.224356524800832,1,1.3310720643183538,0.10447249189019203
Climate,chronos_bolt__model_config.context_length-1024__pipeline_config.raw_inference.completed_at-2026-09-27T13_23_16.812876_00_00,1,1,0.9119861000140116,0.8347719795227441,0.25981384702026844,1,0,25920,0.0,16.522802047725595,16.522802047725595,1,16.522802047725595,1,1.092497259593467,0.19002198800444603
Climate,chronos_bolt__model_config.context_length-128__pipeline_config.raw_inference.completed_at-2026-09-27T13_29_44.205318_00_00,1,1,0.9281736684362001,0.8495890129569625,0.14187410101294518,1,0,25920,0.0,15.041098704303746,15.041098704303746,1,15.041098704303746,1,1.092497259593467,0.19002198800444603
Climate,chronos_bolt__model_config.context_length-2048__pipeline_config.raw_inference.completed_at-2026-09-26T15_51_20.880163_00_00,1,1,0.9416772869144727,0.861949335474657,0.4348701946437359,1,0,25920,0.0,13.805066452534298,13.805066452534298,1,13.805066452534298,1,1.092497259593467,0.19002198800444603
Climate,chronos_bolt__model_config.context_length-256__pipeline_config.raw_inference.completed_at-2026-09-27T13_28_55.655133_00_00,1,1,0.940509450570514,0.8608803750413895,0.20147790759801865,1,0,25920,0.0,13.911962495861053,13.911962495861053,1,13.911962495861053,1,1.092497259593467,0.19002198800444603
Climate,chronos_bolt__model_config.context_length-512__pipeline_config.raw_inference.completed_at-2026-09-27T14_58_55.360274_00_00,1,1,0.8919006323111216,0.8163870659437716,0.18127813190221786,1,0,25920,0.0,18.361293405622835,18.361293405622835,1,18.361293405622835,1,1.092497259593467,0.19002198800444603
Climate,chronos_bolt__model_config.context_length-1024__pipeline_config.raw_inference.completed_at-2026-09-27T13_23_16.470941_00_00,1,1,0.5324785977742932,0.6398384711134673,0.35365593805909157,1,0,25920,0.0,36.016152888653274,36.016152888653274,1,36.016152888653274,1,0.8322078490336116,0.4648978114128113
Climate,chronos_bolt__model_config.context_length-128__pipeline_config.raw_inference.completed_at-2026-09-27T13_29_43.980712_00_00,1,1,0.5480001525620691,0.6584895266229774,0.3430780526250601,1,0,25920,0.0,34.15104733770226,34.15104733770226,1,34.15104733770226,1,0.8322078490336116,0.4648978114128113
Climate,chronos_bolt__model_config.context_length-2048__pipeline_config.raw_inference.completed_at-2026-09-26T15_51_20.362300_00_00,1,1,0.5332655848362043,0.6407841327805917,0.3917584456503391,1,0,25920,0.0,35.921586721940834,35.921586721940834,1,35.921586721940834,1,0.8322078490336116,0.4648978114128113
Climate,chronos_bolt__model_config.context_length-256__pipeline_config.raw_inference.completed_at-2026-09-27T13_28_55.372270_00_00,1,1,0.5320235925544116,0.639291726426536,0.4986711572855711,1,0,25920,0.0,36.0708273573464,36.0708273573464,1,36.0708273573464,1,0.8322078490336116,0.4648978114128113
Climate,chronos_bolt__model_config.context_length-512__pipeline_config.raw_inference.completed_at-2026-09-27T14_58_55.098528_00_00,1,1,0.5380960679919714,0.6465885519066266,0.3468571715056896,1,0,25920,0.0,35.341144809337344,35.341144809337344,1,35.341144809337344,1,0.8322078490336116,0.4648978114128113
Climate,ts_icl__model_config.context_length-1024__pipeline_config.raw_inference.completed_at-2026-09-27T13_56_59.847242_00_00,1,1,1.2089403937456291,0.9082456360953916,0.08700808696448803,1,0,24192,0.0,9.175436390460845,9.175436390460845,1,9.175436390460845,1,1.3310720643183538,0.10447249189019203
Climate,ts_icl__model_config.context_length-2048__pipeline_config.raw_inference.completed_at-2026-09-27T14_01_24.358078_00_00,1,1,1.2269790631914428,0.9217976216935952,0.16228541173040867,1,0,24192,0.0,7.820237830640475,7.820237830640475,1,7.820237830640475,1,1.3310720643183538,0.10447249189019203
Climate,ts_icl__model_config.context_length-256__pipeline_config.raw_inference.completed_at-2026-09-27T15_06_13.829443_00_00,1,1,1.1872395291856008,0.8919423380683674,0.05542980693280697,1,0,24192,0.0,10.805766193163258,10.805766193163258,1,10.805766193163258,1,1.3310720643183538,0.10447249189019203
Climate,ts_icl__model_config.context_length-4096__pipeline_config.raw_inference.completed_at-2026-09-26T16_11_51.810372_00_00,1,1,1.184444580234607,0.8898425652416986,0.3980697076767683,1,0,24192,0.0,11.015743475830142,11.015743475830142,1,11.015743475830142,1,1.3310720643183538,0.10447249189019203
Climate,ts_icl__model_config.context_length-512__pipeline_config.raw_inference.completed_at-2026-09-27T13_57_27.197284_00_00,1,1,1.2183886671783162,0.9153438794482227,0.0664672926068306,1,0,24192,0.0,8.46561205517773,8.46561205517773,1,8.46561205517773,1,1.3310720643183538,0.10447249189019203
Climate,ts_icl__model_config.context_length-1024__pipeline_config.raw_inference.completed_at-2026-09-27T13_56_59.350960_00_00,1,1,0.8956736474573397,0.8198406353812109,0.19254978001117706,1,0,25920,0.0,18.015936461878912,18.015936461878912,1,18.015936461878912,1,1.092497259593467,0.19002198800444603
Climate,ts_icl__model_config.context_length-2048__pipeline_config.raw_inference.completed_at-2026-09-27T14_01_23.794300_00_00,1,1,0.9096986257129329,0.8326781762834299,0.3731389567255974,1,0,25920,0.0,16.73218237165701,16.73218237165701,1,16.73218237165701,1,1.092497259593467,0.19002198800444603
Climate,ts_icl__model_config.context_length-256__pipeline_config.raw_inference.completed_at-2026-09-27T15_06_13.369223_00_00,1,1,0.9169991250476848,0.8393605722992042,0.09767498075962067,1,0,25920,0.0,16.063942770079574,16.063942770079574,1,16.063942770079574,1,1.092497259593467,0.19002198800444603
Climate,ts_icl__model_config.context_length-4096__pipeline_config.raw_inference.completed_at-2026-09-26T16_11_51.007506_00_00,1,1,0.889811358229547,0.8144746821247477,0.9607861638069153,1,0,25920,0.0,18.55253178752523,18.55253178752523,1,18.55253178752523,1,1.092497259593467,0.19002198800444603
Climate,ts_icl__model_config.context_length-512__pipeline_config.raw_inference.completed_at-2026-09-27T13_57_26.727934_00_00,1,1,0.8934574612228096,0.8178120845404017,0.1205749548971653,1,0,25920,0.0,18.218791545959835,18.218791545959835,1,18.218791545959835,1,1.092497259593467,0.19002198800444603
Climate,ts_icl__model_config.context_length-1024__pipeline_config.raw_inference.completed_at-2026-09-27T13_56_58.643596_00_00,1,1,0.5259167888969829,0.6319536513717043,0.7834676969796419,1,0,25920,0.0,36.804634862829566,36.804634862829566,1,36.804634862829566,1,0.8322078490336116,0.4648978114128113
Climate,ts_icl__model_config.context_length-2048__pipeline_config.raw_inference.completed_at-2026-09-27T14_01_22.917843_00_00,1,1,0.518102080968955,0.622563319452698,1.1720475368201733,1,0,25920,0.0,37.74366805473019,37.74366805473019,1,37.74366805473019,1,0.8322078490336116,0.4648978114128113
Climate,ts_icl__model_config.context_length-256__pipeline_config.raw_inference.completed_at-2026-09-27T15_06_12.755241_00_00,1,1,0.5312767844758193,0.6383943447454338,0.36287095956504345,1,0,25920,0.0,36.160565525456626,36.160565525456626,1,36.160565525456626,1,0.8322078490336116,0.4648978114128113
Climate,ts_icl__model_config.context_length-4096__pipeline_config.raw_inference.completed_at-2026-09-26T16_11_49.521143_00_00,1,1,0.510068111026166,0.6129095172780149,3.288859996944666,1,0,25920,0.0,38.70904827219851,38.70904827219851,1,38.70904827219851,1,0.8322078490336116,0.4648978114128113
Climate,ts_icl__model_config.context_length-512__pipeline_config.raw_inference.completed_at-2026-09-27T13_57_26.099797_00_00,1,1,0.5340681969728291,0.6417485698951381,0.4359620586037636,1,0,25920,0.0,35.825143010486194,35.825143010486194,1,35.825143010486194,1,0.8322078490336116,0.4648978114128113
Finance,chronos2__model_config.context_length-1024__pipeline_config.raw_inference.completed_at-2026-09-27T13_49_56.593638_00_00,1,1,1.3416777793038055,0.8657834478365974,0.4275270439684391,1,0,69984,0.0,13.421655216340255,13.421655216340255,1,13.421655216340255,1,1.5496690109476723,12.73761128820479
Finance,chronos2__model_config.context_length-2048__pipeline_config.raw_inference.completed_at-2026-09-27T13_45_52.760791_00_00,1,1,1.3347030421981891,0.8612826563409017,0.6315541919320822,1,0,69984,0.0,13.871734365909827,13.871734365909827,1,13.871734365909827,1,1.5496690109476723,12.73761128820479
Finance,chronos2__model_config.context_length-4096__pipeline_config.raw_inference.completed_at-2026-09-27T13_46_52.132284_00_00,1,1,1.3406052611536932,0.8650913528520972,1.082300778478384,1,0,69984,0.0,13.490864714790284,13.490864714790284,1,13.490864714790284,1,1.5496690109476723,12.73761128820479
Finance,chronos2__model_config.context_length-512__pipeline_config.raw_inference.completed_at-2026-09-27T13_51_17.903488_00_00,1,1,1.3474421144501965,0.8695031680514747,0.3860457558184862,1,0,69984,0.0,13.049683194852534,13.049683194852534,1,13.049683194852534,1,1.5496690109476723,12.73761128820479
Finance,chronos2__model_config.context_length-8192__pipeline_config.raw_inference.completed_at-2026-09-26T15_54_38.621987_00_00,1,1,1.3434109152905664,0.866901838908831,1.2827612645924091,1,0,69984,0.0,13.309816109116902,13.309816109116902,1,13.309816109116902,1,1.5496690109476723,12.73761128820479
Finance,chronos_bolt__model_config.context_length-1024__pipeline_config.raw_inference.completed_at-2026-09-27T13_26_55.432809_00_00,1,1,1.4459113886027488,0.9330453008920451,0.7120964396744967,1,0,69984,0.0,6.695469910795493,6.695469910795493,1,6.695469910795493,1,1.5496690109476723,12.73761128820479
Finance,chronos_bolt__model_config.context_length-128__pipeline_config.raw_inference.completed_at-2026-09-27T13_32_57.166201_00_00,1,1,1.392086112370161,0.8983118992092742,0.665399044752121,1,0,69984,0.0,10.168810079072577,10.168810079072577,1,10.168810079072577,1,1.5496690109476723,12.73761128820479
Finance,chronos_bolt__model_config.context_length-2048__pipeline_config.raw_inference.completed_at-2026-09-26T15_55_38.573670_00_00,1,1,1.4220399114774767,0.9176410584656743,0.8497904893010855,1,0,69984,0.0,8.235894153432566,8.235894153432566,1,8.235894153432566,1,1.5496690109476723,12.73761128820479
Finance,chronos_bolt__model_config.context_length-256__pipeline_config.raw_inference.completed_at-2026-09-27T13_32_11.140032_00_00,1,1,1.4422359853790756,0.930673566542511,0.659261915832758,1,0,69984,0.0,6.932643345748901,6.932643345748901,1,6.932643345748901,1,1.5496690109476723,12.73761128820479
Finance,chronos_bolt__model_config.context_length-512__pipeline_config.raw_inference.completed_at-2026-09-27T15_24_03.741368_00_00,1,1,1.4368159083697634,0.9271759957896457,0.6607622746378183,1,0,69984,0.0,7.282400421035429,7.282400421035429,1,7.282400421035429,1,1.5496690109476723,12.73761128820479
Finance,ts_icl__model_config.context_length-1024__pipeline_config.raw_inference.completed_at-2026-09-27T14_00_18.739329_00_00,1,1,1.3619679885471292,0.8788767013636299,1.8917506616562605,1,0,69984,0.0,12.112329863637006,12.112329863637006,1,12.112329863637006,1,1.5496690109476723,12.73761128820479
Finance,ts_icl__model_config.context_length-2048__pipeline_config.raw_inference.completed_at-2026-09-27T14_07_10.579889_00_00,1,1,1.3380281093651931,0.8634283191524531,3.8743789959698915,1,0,69984,0.0,13.657168084754689,13.657168084754689,1,13.657168084754689,1,1.5496690109476723,12.73761128820479
Finance,ts_icl__model_config.context_length-256__pipeline_config.raw_inference.completed_at-2026-09-27T15_08_36.028125_00_00,1,1,1.4307183204559502,0.9232412278677625,1.027605028823018,1,0,69984,0.0,7.675877213223748,7.675877213223748,1,7.675877213223748,1,1.5496690109476723,12.73761128820479
Finance,ts_icl__model_config.context_length-4096__pipeline_config.raw_inference.completed_at-2026-09-26T16_23_45.381839_00_00,1,1,1.343467022681446,0.866938044957015,9.864931035786867,1,0,69984,0.0,13.3061955042985,13.3061955042985,1,13.3061955042985,1,1.5496690109476723,12.73761128820479
Finance,ts_icl__model_config.context_length-512__pipeline_config.raw_inference.completed_at-2026-09-27T14_00_01.256432_00_00,1,1,1.3750778472807699,0.8873364812527713,1.2427716478705406,1,0,69984,0.0,11.266351874722869,11.266351874722869,1,11.266351874722869,1,1.5496690109476723,12.73761128820479
Sales,chronos2__model_config.context_length-1024__pipeline_config.raw_inference.completed_at-2026-09-27T13_51_57.364999_00_00,1,1,0.6092702040045644,0.3753379415224901,0.2084367759525776,1,0,1620,0.0,62.46620584775099,62.46620584775099,1,62.46620584775099,1,1.6232577008686375,0.0238774586468935
Sales,chronos2__model_config.context_length-2048__pipeline_config.raw_inference.completed_at-2026-09-27T13_47_54.723066_00_00,1,1,0.6092702040045644,0.3753379415224901,0.4393996987491846,1,0,1620,0.0,62.46620584775099,62.46620584775099,1,62.46620584775099,1,1.6232577008686375,0.0238774586468935
Sales,chronos2__model_config.context_length-4096__pipeline_config.raw_inference.completed_at-2026-09-27T13_48_53.301452_00_00,1,1,0.6092702040045644,0.3753379415224901,0.21211718954145908,1,0,1620,0.0,62.46620584775099,62.46620584775099,1,62.46620584775099,1,1.6232577008686375,0.0238774586468935
Sales,chronos2__model_config.context_length-512__pipeline_config.raw_inference.completed_at-2026-09-27T13_53_19.549641_00_00,1,1,0.60725023102919,0.3740935470099654,0.20955201238393784,1,0,1620,0.0,62.59064529900347,62.59064529900347,1,62.59064529900347,1,1.6232577008686375,0.0238774586468935
Sales,chronos2__model_config.context_length-8192__pipeline_config.raw_inference.completed_at-2026-09-26T15_56_39.615774_00_00,1,1,0.6092702040045644,0.3753379415224901,0.20953883975744247,1,0,1620,0.0,62.46620584775099,62.46620584775099,1,62.46620584775099,1,1.6232577008686375,0.0238774586468935
Sales,chronos_bolt__model_config.context_length-1024__pipeline_config.raw_inference.completed_at-2026-09-27T13_29_01.547918_00_00,1,1,0.6195295273705109,0.381658147710612,0.22691343910992146,1,0,1620,0.0,61.8341852289388,61.8341852289388,1,61.8341852289388,1,1.6232577008686375,0.0238774586468935
Sales,chronos_bolt__model_config.context_length-128__pipeline_config.raw_inference.completed_at-2026-09-27T13_35_01.312835_00_00,1,1,0.7230373447791615,0.44542363445573047,0.21637241914868355,1,0,1620,0.0,55.45763655442695,55.45763655442695,1,55.45763655442695,1,1.6232577008686375,0.0238774586468935
Sales,chronos_bolt__model_config.context_length-2048__pipeline_config.raw_inference.completed_at-2026-09-26T15_57_44.023468_00_00,1,1,0.6195295273705109,0.381658147710612,0.2266604658216238,1,0,1620,0.0,61.8341852289388,61.8341852289388,1,61.8341852289388,1,1.6232577008686375,0.0238774586468935
Sales,chronos_bolt__model_config.context_length-256__pipeline_config.raw_inference.completed_at-2026-09-27T13_34_15.032201_00_00,1,1,0.7454869581441171,0.459253609420853,0.21502904780209064,1,0,1620,0.0,54.074639057914695,54.074639057914695,1,54.074639057914695,1,1.6232577008686375,0.0238774586468935
Sales,chronos_bolt__model_config.context_length-512__pipeline_config.raw_inference.completed_at-2026-09-27T15_26_09.528441_00_00,1,1,0.6180407247822134,0.38074097812780283,0.2177612092345953,1,0,1620,0.0,61.92590218721972,61.92590218721972,1,61.92590218721972,1,1.6232577008686375,0.0238774586468935
Sales,ts_icl__model_config.context_length-1024__pipeline_config.raw_inference.completed_at-2026-09-27T14_01_24.224959_00_00,1,1,0.644110333658554,0.3968010336953139,0.2403000369668007,1,0,1620,0.0,60.31989663046862,60.31989663046862,1,60.31989663046862,1,1.6232577008686375,0.0238774586468935
Sales,ts_icl__model_config.context_length-2048__pipeline_config.raw_inference.completed_at-2026-09-27T14_08_16.362426_00_00,1,1,0.644110333658554,0.3968010336953139,0.2544394638389349,1,0,1620,0.0,60.31989663046862,60.31989663046862,1,60.31989663046862,1,1.6232577008686375,0.0238774586468935
Sales,ts_icl__model_config.context_length-256__pipeline_config.raw_inference.completed_at-2026-09-27T15_09_38.471775_00_00,1,1,0.7509704384185563,0.4626316807347946,0.1804957278072834,1,0,1620,0.0,53.736831926520544,53.736831926520544,1,53.736831926520544,1,1.6232577008686375,0.0238774586468935
Sales,ts_icl__model_config.context_length-4096__pipeline_config.raw_inference.completed_at-2026-09-26T16_24_51.108817_00_00,1,1,0.644110333658554,0.3968010336953139,0.23457277566194534,1,0,1620,0.0,60.31989663046862,60.31989663046862,1,60.31989663046862,1,1.6232577008686375,0.0238774586468935
Sales,ts_icl__model_config.context_length-512__pipeline_config.raw_inference.completed_at-2026-09-27T14_01_07.383937_00_00,1,1,0.7122804794226703,0.43879691994777836,0.3138533588498831,1,0,1620,0.0,56.120308005222164,56.120308005222164,1,56.120308005222164,1,1.6232577008686375,0.0238774586468935
Energy,chronos2__model_config.context_length-1024__pipeline_config.raw_inference.completed_at-2026-09-27T13_47_40.548805_00_00,1,1,0.8117877933082013,0.7939442633570115,0.13031765818595886,1,0,362880,0.0,20.60557366429885,20.60557366429885,1,20.60557366429885,1,1.0224745372877215,1.548388870432973
Energy,chronos2__model_config.context_length-2048__pipeline_config.raw_inference.completed_at-2026-09-27T13_43_25.160194_00_00,1,1,0.7369632284325451,0.7207643824436537,0.19173427484929562,1,0,362880,0.0,27.92356175563463,27.92356175563463,1,27.92356175563463,1,1.0224745372877215,1.548388870432973
Energy,chronos2__model_config.context_length-4096__pipeline_config.raw_inference.completed_at-2026-09-27T13_44_05.494006_00_00,1,1,0.7240037392364038,0.708089749752537,0.34513370506465435,1,0,362880,0.0,29.1910250247463,29.1910250247463,1,29.1910250247463,1,1.0224745372877215,1.548388870432973
Energy,chronos2__model_config.context_length-512__pipeline_config.raw_inference.completed_at-2026-09-27T13_49_03.366015_00_00,1,1,0.8778724685428445,0.8585763620789449,0.08894406072795391,1,0,362880,0.0,14.142363792105506,14.142363792105506,1,14.142363792105506,1,1.0224745372877215,1.548388870432973
Energy,chronos2__model_config.context_length-8192__pipeline_config.raw_inference.completed_at-2026-09-26T15_51_01.033165_00_00,1,1,0.7277800559655977,0.7117830610199366,0.6761443838477135,1,0,362880,0.0,28.82169389800634,28.82169389800634,1,28.82169389800634,1,1.0224745372877215,1.548388870432973
Energy,chronos2__model_config.context_length-1024__pipeline_config.raw_inference.completed_at-2026-09-27T13_47_39.849433_00_00,1,1,0.6873150691793612,0.6724700265895841,0.30671440437436104,1,0,362880,0.0,32.75299734104159,32.75299734104159,1,32.75299734104159,1,1.0220753966761364,3.178912067785859
Energy,chronos2__model_config.context_length-2048__pipeline_config.raw_inference.completed_at-2026-09-27T13_43_24.396191_00_00,1,1,0.6045299936117529,0.5914729926752257,0.4959190543740988,1,0,362880,0.0,40.85270073247743,40.85270073247743,1,40.85270073247743,1,1.0220753966761364,3.178912067785859
Energy,chronos2__model_config.context_length-4096__pipeline_config.raw_inference.completed_at-2026-09-27T13_44_04.576991_00_00,1,1,0.5808028387994557,0.5682583111659558,0.9770876727998257,1,0,362880,0.0,43.17416888340442,43.17416888340442,1,43.17416888340442,1,1.0220753966761364,3.178912067785859
Energy,chronos2__model_config.context_length-512__pipeline_config.raw_inference.completed_at-2026-09-27T13_49_02.707518_00_00,1,1,0.7527567784143697,0.736498286586674,0.17616077698767185,1,0,362880,0.0,26.350171341332597,26.350171341332597,1,26.350171341332597,1,1.0220753966761364,3.178912067785859
Energy,chronos2__model_config.context_length-8192__pipeline_config.raw_inference.completed_at-2026-09-26T15_50_59.789761_00_00,1,1,0.5801664817821864,0.5676356985687455,2.03146000392735,1,0,362880,0.0,43.236430143125446,43.236430143125446,1,43.236430143125446,1,1.0220753966761364,3.178912067785859
Energy,chronos2__model_config.context_length-1024__pipeline_config.raw_inference.completed_at-2026-09-27T13_47_38.477138_00_00,1,1,0.4174124972628178,0.4085596873804583,1.1148623675107956,1,0,362880,0.0,59.144031261954176,59.144031261954176,1,59.144031261954176,1,1.021668339182264,10.443060778081417
Energy,chronos2__model_config.context_length-2048__pipeline_config.raw_inference.completed_at-2026-09-27T13_43_22.836747_00_00,1,1,0.3882687871118561,0.3800340797705678,2.062115242704749,1,0,362880,0.0,61.99659202294322,61.99659202294322,1,61.99659202294322,1,1.021668339182264,10.443060778081417
Energy,chronos2__model_config.context_length-4096__pipeline_config.raw_inference.completed_at-2026-09-27T13_44_02.539607_00_00,1,1,0.38368277365813164,0.37554533006790497,4.146078247576952,1,0,362880,0.0,62.4454669932095,62.4454669932095,1,62.4454669932095,1,1.021668339182264,10.443060778081417
Energy,chronos2__model_config.context_length-512__pipeline_config.raw_inference.completed_at-2026-09-27T13_49_01.474983_00_00,1,1,0.4459997795142809,0.4365406682478346,0.6697459872812033,1,0,362880,0.0,56.345933175216544,56.345933175216544,1,56.345933175216544,1,1.021668339182264,10.443060778081417
Energy,chronos2__model_config.context_length-8192__pipeline_config.raw_inference.completed_at-2026-09-26T15_50_56.705854_00_00,1,1,0.38256966810718757,0.3744558321278641,8.476671669632196,1,0,362880,0.0,62.55441678721358,62.55441678721358,1,62.55441678721358,1,1.021668339182264,10.443060778081417
Energy,chronos_bolt__model_config.context_length-1024__pipeline_config.raw_inference.completed_at-2026-09-27T13_23_58.755169_00_00,1,1,0.9935770046083269,0.9717376505472205,2.9317499678581953,1,0,362880,0.0,2.82623494527795,2.82623494527795,1,2.82623494527795,1,1.0224745372877215,1.548388870432973
Energy,chronos_bolt__model_config.context_length-128__pipeline_config.raw_inference.completed_at-2026-09-27T13_30_22.798621_00_00,1,1,1.5684043420527558,1.533929975618954,1.1224934197962284,1,0,362880,0.0,-53.39299756189539,-53.39299756189539,1,-53.39299756189539,1,1.0224745372877215,1.548388870432973
Energy,chronos_bolt__model_config.context_length-2048__pipeline_config.raw_inference.completed_at-2026-09-26T15_52_10.540675_00_00,1,1,0.8973124209379337,0.8775890139212654,5.179444497451186,1,0,362880,0.0,12.241098607873457,12.241098607873457,1,12.241098607873457,1,1.0224745372877215,1.548388870432973
Energy,chronos_bolt__model_config.context_length-256__pipeline_config.raw_inference.completed_at-2026-09-27T13_29_33.870858_00_00,1,1,1.8434339024976234,1.8029142392021114,1.3281497731804848,1,0,362880,0.0,-80.29142392021113,-80.29142392021113,1,-80.29142392021113,1,1.0224745372877215,1.548388870432973
Energy,chronos_bolt__model_config.context_length-512__pipeline_config.raw_inference.completed_at-2026-09-27T14_59_34.070501_00_00,1,1,1.3542399679858315,1.3244730490581909,1.8402245696634054,1,0,362880,0.0,-32.44730490581909,-32.44730490581909,1,-32.44730490581909,1,1.0224745372877215,1.548388870432973
Energy,chronos_bolt__model_config.context_length-1024__pipeline_config.raw_inference.completed_at-2026-09-27T13_23_55.438664_00_00,1,1,0.8215585245547776,0.8038140113993015,2.3945304583758116,1,0,362880,0.0,19.618598860069845,19.618598860069845,1,19.618598860069845,1,1.0220753966761364,3.178912067785859
Energy,chronos_bolt__model_config.context_length-128__pipeline_config.raw_inference.completed_at-2026-09-27T13_30_21.283967_00_00,1,1,1.4801433212311297,1.4481742991218294,1.1231452394276857,1,0,362880,0.0,-44.81742991218294,-44.81742991218294,1,-44.81742991218294,1,1.0220753966761364,3.178912067785859
Energy,chronos_bolt__model_config.context_length-2048__pipeline_config.raw_inference.completed_at-2026-09-26T15_52_04.973736_00_00,1,1,0.7173457233720583,0.7018520607236205,4.3582125287503,1,0,362880,0.0,29.81479392763795,29.81479392763795,1,29.81479392763795,1,1.0220753966761364,3.178912067785859
Energy,chronos_bolt__model_config.context_length-256__pipeline_config.raw_inference.completed_at-2026-09-27T13_29_32.151614_00_00,1,1,1.3936380891812847,1.363537458893441,1.293145276606083,1,0,362880,0.0,-36.353745889344104,-36.353745889344104,1,-36.353745889344104,1,1.0220753966761364,3.178912067785859
Energy,chronos_bolt__model_config.context_length-512__pipeline_config.raw_inference.completed_at-2026-09-27T14_59_31.843799_00_00,1,1,1.0658624266423566,1.0428412914630554,1.521312152966857,1,0,362880,0.0,-4.2841291463055375,-4.2841291463055375,1,-4.2841291463055375,1,1.0220753966761364,3.178912067785859
Energy,chronos_bolt__model_config.context_length-1024__pipeline_config.raw_inference.completed_at-2026-09-27T13_23_52.155325_00_00,1,1,0.5038250497107322,0.4931395350021222,2.1991986241191626,1,0,362880,0.0,50.686046499787786,50.686046499787786,1,50.686046499787786,1,1.021668339182264,10.443060778081417
Energy,chronos_bolt__model_config.context_length-128__pipeline_config.raw_inference.completed_at-2026-09-27T13_30_19.268799_00_00,1,1,0.6833740995595842,0.6688805685282876,2.1285081487149,1,0,362880,0.0,33.11194314717124,33.11194314717124,1,33.11194314717124,1,1.021668339182264,10.443060778081417
Energy,chronos_bolt__model_config.context_length-2048__pipeline_config.raw_inference.completed_at-2026-09-26T15_51_59.733636_00_00,1,1,0.4592765393518389,0.4495358442050191,2.7573469653725624,1,0,362880,0.0,55.046415579498095,55.046415579498095,1,55.046415579498095,1,1.021668339182264,10.443060778081417
Energy,chronos_bolt__model_config.context_length-256__pipeline_config.raw_inference.completed_at-2026-09-27T13_29_29.962611_00_00,1,1,0.6355385365853258,0.6220595394920491,2.099579967558384,1,0,362880,0.0,37.794046050795096,37.794046050795096,1,37.794046050795096,1,1.021668339182264,10.443060778081417
Energy,chronos_bolt__model_config.context_length-512__pipeline_config.raw_inference.completed_at-2026-09-27T14_59_29.439524_00_00,1,1,0.5854332440068626,0.5730169190477598,2.0068476609885693,1,0,362880,0.0,42.69830809522402,42.69830809522402,1,42.69830809522402,1,1.021668339182264,10.443060778081417
Energy,ts_icl__model_config.context_length-1024__pipeline_config.raw_inference.completed_at-2026-09-27T13_57_30.967443_00_00,1,1,0.8456954304121322,0.8271065924589923,0.6896294876933098,1,0,362880,0.0,17.289340754100767,17.289340754100767,1,17.289340754100767,1,1.0224745372877215,1.548388870432973
Energy,ts_icl__model_config.context_length-2048__pipeline_config.raw_inference.completed_at-2026-09-27T14_02_11.949837_00_00,1,1,0.7890508870554024,0.7717071264664321,1.3819068372249603,1,0,362880,0.0,22.829287353356786,22.829287353356786,1,22.829287353356786,1,1.0224745372877215,1.548388870432973
Energy,ts_icl__model_config.context_length-256__pipeline_config.raw_inference.completed_at-2026-09-27T15_06_37.479376_00_00,1,1,2.196981874986385,2.1486910381301363,0.3533394895493984,1,0,362880,0.0,-114.86910381301362,-114.86910381301362,1,-114.86910381301362,1,1.0224745372877215,1.548388870432973
Energy,ts_icl__model_config.context_length-4096__pipeline_config.raw_inference.completed_at-2026-09-26T16_13_30.673581_00_00,1,1,0.7907008535945231,0.773320825858397,3.5753011647611856,1,0,362880,0.0,22.6679174141603,22.6679174141603,1,22.6679174141603,1,1.0224745372877215,1.548388870432973
Energy,ts_icl__model_config.context_length-512__pipeline_config.raw_inference.completed_at-2026-09-27T13_57_53.106392_00_00,1,1,0.9742743134413936,0.9528592428578351,0.44257150776684284,1,0,362880,0.0,4.714075714216492,4.714075714216492,1,4.714075714216492,1,1.0224745372877215,1.548388870432973
Energy,ts_icl__model_config.context_length-1024__pipeline_config.raw_inference.completed_at-2026-09-27T13_57_29.532203_00_00,1,1,0.7279730862951177,0.7122498874961075,1.832991037517786,1,0,362880,0.0,28.775011250389248,28.775011250389248,1,28.775011250389248,1,1.0220753966761364,3.178912067785859
Energy,ts_icl__model_config.context_length-2048__pipeline_config.raw_inference.completed_at-2026-09-27T14_02_09.829695_00_00,1,1,0.6519088508837666,0.6378285330062945,3.78190697170794,1,0,362880,0.0,36.21714669937055,36.21714669937055,1,36.21714669937055,1,1.0220753966761364,3.178912067785859
Energy,ts_icl__model_config.context_length-256__pipeline_config.raw_inference.completed_at-2026-09-27T15_06_36.398070_00_00,1,1,1.5025371314572058,1.4700844344199713,0.7870582789182663,1,0,362880,0.0,-47.00844344199713,-47.00844344199713,1,-47.00844344199713,1,1.0220753966761364,3.178912067785859
Energy,ts_icl__model_config.context_length-4096__pipeline_config.raw_inference.completed_at-2026-09-26T16_13_26.362732_00_00,1,1,0.6449028965535343,0.630973897474497,10.126248680055141,1,0,362880,0.0,36.9026102525503,36.9026102525503,1,36.9026102525503,1,1.0220753966761364,3.178912067785859
Energy,ts_icl__model_config.context_length-512__pipeline_config.raw_inference.completed_at-2026-09-27T13_57_51.926987_00_00,1,1,0.9020308704579938,0.8825482673699648,1.074075486510992,1,0,362880,0.0,11.745173263003517,11.745173263003517,1,11.745173263003517,1,1.0220753966761364,3.178912067785859
Energy,ts_icl__model_config.context_length-1024__pipeline_config.raw_inference.completed_at-2026-09-27T13_57_26.339638_00_00,1,1,0.4518590415360596,0.4422756624696076,6.2456972394138575,1,0,362880,0.0,55.77243375303924,55.77243375303924,1,55.77243375303924,1,1.021668339182264,10.443060778081417
Energy,ts_icl__model_config.context_length-2048__pipeline_config.raw_inference.completed_at-2026-09-27T14_02_04.713461_00_00,1,1,0.426087578876941,0.4170507810959263,14.58447857759893,1,0,362880,0.0,58.294921890407366,58.294921890407366,1,58.294921890407366,1,1.021668339182264,10.443060778081417
Energy,ts_icl__model_config.context_length-256__pipeline_config.raw_inference.completed_at-2026-09-27T15_06_34.289680_00_00,1,1,0.6009085054935613,0.5881639691159698,2.865797895938158,1,0,362880,0.0,41.18360308840302,41.18360308840302,1,41.18360308840302,1,1.021668339182264,10.443060778081417
Energy,ts_icl__model_config.context_length-4096__pipeline_config.raw_inference.completed_at-2026-09-26T16_13_14.902402_00_00,1,1,0.4241598137214453,0.4151639014877761,40.01643034815788,1,0,362880,0.0,58.48360985122238,58.48360985122238,1,58.48360985122238,1,1.021668339182264,10.443060778081417
Energy,ts_icl__model_config.context_length-512__pipeline_config.raw_inference.completed_at-2026-09-27T13_57_49.532494_00_00,1,1,0.4970005166706015,0.48645974198280145,3.8698417842388153,1,0,362880,0.0,51.35402580171985,51.35402580171986,1,51.35402580171985,1,1.021668339182264,10.443060778081417
Transport,chronos2__model_config.context_length-1024__pipeline_config.raw_inference.completed_at-2026-09-27T13_48_48.333697_00_00,1,1,0.6600231628373281,0.6921175798422293,1.9160809144377708,1,0,641520,0.0,30.78824201577707,30.78824201577707,1,30.78824201577707,1,0.9536286637709488,8.429396253079176
Transport,chronos2__model_config.context_length-2048__pipeline_config.raw_inference.completed_at-2026-09-27T13_44_43.497769_00_00,1,1,0.6588129479361982,0.6908485167916868,3.029401620849967,1,0,641520,0.0,30.91514832083132,30.91514832083132,1,30.91514832083132,1,0.9536286637709488,8.429396253079176
Transport,chronos2__model_config.context_length-4096__pipeline_config.raw_inference.completed_at-2026-09-27T13_45_40.748200_00_00,1,1,0.6587580455178945,0.6907909446775197,3.200995583087206,1,0,641520,0.0,30.92090553224803,30.92090553224803,1,30.92090553224803,1,0.9536286637709488,8.429396253079176
Transport,chronos2__model_config.context_length-512__pipeline_config.raw_inference.completed_at-2026-09-27T13_50_10.032911_00_00,1,1,0.6607167160903469,0.6928448579530573,1.388109227642417,1,0,641520,0.0,30.715514204694273,30.715514204694273,1,30.715514204694273,1,0.9536286637709488,8.429396253079176
Transport,chronos2__model_config.context_length-8192__pipeline_config.raw_inference.completed_at-2026-09-26T15_53_23.611682_00_00,1,1,0.6587580455178945,0.6907909446775197,3.217762650921941,1,0,641520,0.0,30.92090553224803,30.92090553224803,1,30.92090553224803,1,0.9536286637709488,8.429396253079176
Transport,chronos_bolt__model_config.context_length-1024__pipeline_config.raw_inference.completed_at-2026-09-27T13_25_43.656030_00_00,1,1,0.6622519893500471,0.6944547857142777,3.0060690753161907,1,0,641520,0.0,30.554521428572233,30.554521428572233,1,30.554521428572233,1,0.9536286637709488,8.429396253079176
Transport,chronos_bolt__model_config.context_length-128__pipeline_config.raw_inference.completed_at-2026-09-27T13_31_46.335312_00_00,1,1,0.6696001712775096,0.7021602817911315,2.7163937725126743,1,0,641520,0.0,29.783971820886844,29.783971820886844,1,29.783971820886844,1,0.9536286637709488,8.429396253079176
Transport,chronos_bolt__model_config.context_length-2048__pipeline_config.raw_inference.completed_at-2026-09-26T15_54_26.337432_00_00,1,1,0.662000459082709,0.6941910244863553,3.9558901842683554,1,0,641520,0.0,30.580897551364473,30.580897551364473,1,30.580897551364473,1,0.9536286637709488,8.429396253079176
Transport,chronos_bolt__model_config.context_length-256__pipeline_config.raw_inference.completed_at-2026-09-27T13_30_59.552776_00_00,1,1,0.6659705068653659,0.6983541205985863,2.7388152983039618,1,0,641520,0.0,30.164587940141374,30.164587940141374,1,30.164587940141374,1,0.9536286637709488,8.429396253079176
Transport,chronos_bolt__model_config.context_length-512__pipeline_config.raw_inference.completed_at-2026-09-27T15_01_04.360407_00_00,1,1,0.6631260884149834,0.6953713888934226,2.7066233064979315,1,0,641520,0.0,30.462861110657734,30.462861110657734,1,30.462861110657734,1,0.9536286637709488,8.429396253079176
Transport,ts_icl__model_config.context_length-1024__pipeline_config.raw_inference.completed_at-2026-09-27T13_59_26.423460_00_00,1,1,0.6650871833801423,0.6974278444506665,8.755457470193505,1,0,641520,0.0,30.257215554933346,30.257215554933346,1,30.257215554933346,1,0.9536286637709488,8.429396253079176
Transport,ts_icl__model_config.context_length-2048__pipeline_config.raw_inference.completed_at-2026-09-27T14_06_09.425033_00_00,1,1,0.6636205694873705,0.695889914700346,41.503102511167526,1,0,641520,0.0,30.4110085299654,30.4110085299654,1,30.4110085299654,1,0.9536286637709488,8.429396253079176
Transport,ts_icl__model_config.context_length-256__pipeline_config.raw_inference.completed_at-2026-09-27T15_07_47.900793_00_00,1,1,0.6652624332830421,0.6976116160900454,3.985845947638154,1,0,641520,0.0,30.23883839099546,30.23883839099546,1,30.23883839099546,1,0.9536286637709488,8.429396253079176
Transport,ts_icl__model_config.context_length-4096__pipeline_config.raw_inference.completed_at-2026-09-26T16_22_17.175763_00_00,1,1,0.6636159462695193,0.6958850666729881,41.82253032922745,1,0,641520,0.0,30.41149333270119,30.41149333270119,1,30.41149333270119,1,0.9536286637709488,8.429396253079176
Transport,ts_icl__model_config.context_length-512__pipeline_config.raw_inference.completed_at-2026-09-27T13_59_12.402528_00_00,1,1,0.664859838267423,0.6971894444094804,5.402877574786544,1,0,641520,0.0,30.28105555905196,30.28105555905196,1,30.28105555905196,1,0.9536286637709488,8.429396253079176
Transport,chronos2__model_config.context_length-1024__pipeline_config.raw_inference.completed_at-2026-09-27T13_48_58.619661_00_00,1,1,0.7793327862026835,0.7988733113320162,0.5613799765706062,1,0,92664,0.0,20.112668866798376,20.112668866798376,1,20.112668866798376,1,0.9755398949343401,3.7023675721138716
Transport,chronos2__model_config.context_length-2048__pipeline_config.raw_inference.completed_at-2026-09-27T13_44_53.846339_00_00,1,1,0.7793327862026835,0.7988733113320162,0.5678093265742064,1,0,92664,0.0,20.112668866798376,20.112668866798376,1,20.112668866798376,1,0.9755398949343401,3.7023675721138716
Transport,chronos2__model_config.context_length-4096__pipeline_config.raw_inference.completed_at-2026-09-27T13_45_51.127115_00_00,1,1,0.7793327862026835,0.7988733113320162,0.5768413487821817,1,0,92664,0.0,20.112668866798376,20.112668866798376,1,20.112668866798376,1,0.9755398949343401,3.7023675721138716
Transport,chronos2__model_config.context_length-512__pipeline_config.raw_inference.completed_at-2026-09-27T13_50_20.404284_00_00,1,1,0.7793327862026835,0.7988733113320162,0.5917067117989063,1,0,92664,0.0,20.112668866798376,20.112668866798376,1,20.112668866798376,1,0.9755398949343401,3.7023675721138716
Transport,chronos2__model_config.context_length-8192__pipeline_config.raw_inference.completed_at-2026-09-26T15_53_33.873091_00_00,1,1,0.7793327862026835,0.7988733113320162,0.5649919267743826,1,0,92664,0.0,20.112668866798376,20.112668866798376,1,20.112668866798376,1,0.9755398949343401,3.7023675721138716
Transport,chronos_bolt__model_config.context_length-1024__pipeline_config.raw_inference.completed_at-2026-09-27T13_25_54.597543_00_00,1,1,0.7834238251459267,0.8030669265439482,1.1051202397793531,1,0,92664,0.0,19.69330734560518,19.69330734560518,1,19.69330734560518,1,0.9755398949343401,3.7023675721138716
Transport,chronos_bolt__model_config.context_length-128__pipeline_config.raw_inference.completed_at-2026-09-27T13_31_57.310060_00_00,1,1,0.7924529934346941,0.8123224868092463,1.0468449387699366,1,0,92664,0.0,18.767751319075366,18.767751319075366,1,18.767751319075366,1,0.9755398949343401,3.7023675721138716
Transport,chronos_bolt__model_config.context_length-2048__pipeline_config.raw_inference.completed_at-2026-09-26T15_54_37.367123_00_00,1,1,0.7834238251459267,0.8030669265439482,1.150308296084404,1,0,92664,0.0,19.69330734560518,19.69330734560518,1,19.69330734560518,1,0.9755398949343401,3.7023675721138716
Transport,chronos_bolt__model_config.context_length-256__pipeline_config.raw_inference.completed_at-2026-09-27T13_31_10.455554_00_00,1,1,0.785075824448637,0.8047603470911637,1.0485348515212536,1,0,92664,0.0,19.523965290883627,19.523965290883627,1,19.523965290883627,1,0.9755398949343401,3.7023675721138716
Transport,chronos_bolt__model_config.context_length-512__pipeline_config.raw_inference.completed_at-2026-09-27T15_23_03.602043_00_00,1,1,0.7834238251459267,0.8030669265439482,1.3808131124824286,1,0,92664,0.0,19.69330734560518,19.69330734560518,1,19.69330734560518,1,0.9755398949343401,3.7023675721138716
Transport,ts_icl__model_config.context_length-1024__pipeline_config.raw_inference.completed_at-2026-09-27T13_59_40.564143_00_00,1,1,0.7878643592183598,0.8076187999173401,9.39296294376254,1,0,92664,0.0,19.23812000826599,19.23812000826599,1,19.23812000826599,1,0.9755398949343401,3.7023675721138716
Transport,ts_icl__model_config.context_length-2048__pipeline_config.raw_inference.completed_at-2026-09-27T14_06_23.803563_00_00,1,1,0.7878643592183598,0.8076187999173401,9.417580058798194,1,0,92664,0.0,19.23812000826599,19.23812000826599,1,19.23812000826599,1,0.9755398949343401,3.7023675721138716
Transport,ts_icl__model_config.context_length-256__pipeline_config.raw_inference.completed_at-2026-09-27T15_08_01.771119_00_00,1,1,0.788846960373271,0.808626038227135,9.124821119010448,1,0,92664,0.0,19.137396177286504,19.137396177286504,1,19.137396177286504,1,0.9755398949343401,3.7023675721138716
Transport,ts_icl__model_config.context_length-4096__pipeline_config.raw_inference.completed_at-2026-09-26T16_22_31.377150_00_00,1,1,0.7878643592183598,0.8076187999173401,9.429790884256363,1,0,92664,0.0,19.23812000826599,19.23812000826599,1,19.23812000826599,1,0.9755398949343401,3.7023675721138716
Transport,ts_icl__model_config.context_length-512__pipeline_config.raw_inference.completed_at-2026-09-27T13_59_26.523348_00_00,1,1,0.7878643592183598,0.8076187999173401,9.33318586833775,1,0,92664,0.0,19.23812000826599,19.23812000826599,1,19.23812000826599,1,0.9755398949343401,3.7023675721138716
Transport,chronos2__model_config.context_length-1024__pipeline_config.raw_inference.completed_at-2026-09-27T13_48_25.405004_00_00,1,1,0.8323048170508887,0.6363712154025504,0.6904624048620462,1,0,2115504,0.0,36.36287845974496,36.36287845974496,1,36.36287845974496,1,1.307891992764626,6.209343260154128
Transport,chronos2__model_config.context_length-2048__pipeline_config.raw_inference.completed_at-2026-09-27T13_44_19.100673_00_00,1,1,0.7344846100303379,0.5615789484862448,0.8084385972470045,1,0,2115504,0.0,43.84210515137552,43.84210515137552,1,43.84210515137552,1,1.307891992764626,6.209343260154128
Transport,chronos2__model_config.context_length-4096__pipeline_config.raw_inference.completed_at-2026-09-27T13_45_17.194614_00_00,1,1,0.7206119959302046,0.550972098549952,1.1950184274464846,1,0,2115504,0.0,44.9027901450048,44.9027901450048,1,44.9027901450048,1,1.307891992764626,6.209343260154128
Transport,chronos2__model_config.context_length-512__pipeline_config.raw_inference.completed_at-2026-09-27T13_49_48.211369_00_00,1,1,0.9595722797138757,0.7336785338715386,0.6352510396391153,1,0,2115504,0.0,26.632146612846142,26.632146612846142,1,26.632146612846142,1,1.307891992764626,6.209343260154128
Transport,chronos2__model_config.context_length-8192__pipeline_config.raw_inference.completed_at-2026-09-26T15_52_59.550091_00_00,1,1,0.7260138576806109,0.5551023033224332,2.0824789125472307,1,0,2115504,0.0,44.48976966775668,44.48976966775668,1,44.48976966775668,1,1.307891992764626,6.209343260154128
Transport,chronos2__model_config.context_length-1024__pipeline_config.raw_inference.completed_at-2026-09-27T13_48_23.040459_00_00,1,1,0.5971690674265364,0.630427814192407,2.653001941740513,1,0,2115504,0.0,36.957218580759296,36.957218580759296,1,36.957218580759296,1,0.9472441633805834,14.223496982827783
Transport,chronos2__model_config.context_length-2048__pipeline_config.raw_inference.completed_at-2026-09-27T13_44_16.609509_00_00,1,1,0.5328764763677057,0.5625545101971844,3.900374511256814,1,0,2115504,0.0,43.744548980281564,43.744548980281564,1,43.744548980281564,1,0.9472441633805834,14.223496982827783
Transport,chronos2__model_config.context_length-4096__pipeline_config.raw_inference.completed_at-2026-09-27T13_45_14.322792_00_00,1,1,0.5252616935066274,0.5545156294571836,6.226120004430413,1,0,2115504,0.0,44.54843705428164,44.54843705428164,1,44.54843705428164,1,0.9472441633805834,14.223496982827783
Transport,chronos2__model_config.context_length-512__pipeline_config.raw_inference.completed_at-2026-09-27T13_49_45.860843_00_00,1,1,0.7423938431116032,0.783740741628961,2.6401256546378136,1,0,2115504,0.0,21.6259258371039,21.6259258371039,1,21.6259258371039,1,0.9472441633805834,14.223496982827783
Transport,chronos2__model_config.context_length-8192__pipeline_config.raw_inference.completed_at-2026-09-26T15_52_55.794388_00_00,1,1,0.5286342047799814,0.558075969445258,12.438771849498153,1,0,2115504,0.0,44.1924030554742,44.1924030554742,1,44.1924030554742,1,0.9472441633805834,14.223496982827783
Transport,chronos2__model_config.context_length-1024__pipeline_config.raw_inference.completed_at-2026-09-27T13_48_15.245675_00_00,1,1,0.39637423791309156,0.4207493464206178,14.768828082829714,1,0,2115504,0.0,57.92506535793822,57.92506535793822,1,57.92506535793822,1,0.9420673883040124,61.188514133915305
Transport,chronos2__model_config.context_length-2048__pipeline_config.raw_inference.completed_at-2026-09-27T13_44_07.521053_00_00,1,1,0.37169406636338814,0.3945514630673529,21.268370412290096,1,0,2115504,0.0,60.54485369326471,60.54485369326471,1,60.54485369326471,1,0.9420673883040124,61.188514133915305
Transport,chronos2__model_config.context_length-4096__pipeline_config.raw_inference.completed_at-2026-09-27T13_45_02.936022_00_00,1,1,0.36813365550504334,0.39077210407186264,36.08492377586663,1,0,2115504,0.0,60.92278959281374,60.92278959281374,1,60.92278959281374,1,0.9420673883040124,61.188514133915305
Transport,chronos2__model_config.context_length-512__pipeline_config.raw_inference.completed_at-2026-09-27T13_49_38.035709_00_00,1,1,0.45730894769086783,0.4854312476670626,14.749177718535066,1,0,2115504,0.0,51.456875233293744,51.456875233293744,1,51.456875233293744,1,0.9420673883040124,61.188514133915305
Transport,chronos2__model_config.context_length-8192__pipeline_config.raw_inference.completed_at-2026-09-26T15_52_38.199887_00_00,1,1,0.3700561151945231,0.3928127857824786,73.49860926344991,1,0,2115504,0.0,60.71872142175214,60.71872142175214,1,60.71872142175214,1,0.9420673883040124,61.188514133915305
Transport,chronos_bolt__model_config.context_length-1024__pipeline_config.raw_inference.completed_at-2026-09-27T13_25_20.591214_00_00,1,1,0.9611144607924185,0.7348576687596442,21.400595104321837,1,0,2115504,0.0,26.51423312403558,26.51423312403558,1,26.51423312403558,1,1.307891992764626,6.209343260154128
Transport,chronos_bolt__model_config.context_length-128__pipeline_config.raw_inference.completed_at-2026-09-27T13_31_23.329437_00_00,1,1,1.4057749792147625,1.074840267385712,8.939733499661088,1,0,2115504,0.0,-7.484026738571203,-7.484026738571203,1,-7.484026738571203,1,1.307891992764626,6.209343260154128
Transport,chronos_bolt__model_config.context_length-2048__pipeline_config.raw_inference.completed_at-2026-09-26T15_54_01.859387_00_00,1,1,0.9706223534883668,0.7421273001577617,32.652760710567236,1,0,2115504,0.0,25.787269984223826,25.787269984223826,1,25.787269984223826,1,1.307891992764626,6.209343260154128
Transport,chronos_bolt__model_config.context_length-256__pipeline_config.raw_inference.completed_at-2026-09-27T13_30_36.655614_00_00,1,1,0.9626648346352339,0.7360430677462518,10.567607102915645,1,0,2115504,0.0,26.395693225374817,26.395693225374817,1,26.395693225374817,1,1.307891992764626,6.209343260154128
Transport,chronos_bolt__model_config.context_length-512__pipeline_config.raw_inference.completed_at-2026-09-27T15_00_41.486168_00_00,1,1,0.9956288533367972,0.7612469981043571,13.763093989342451,1,0,2115504,0.0,23.875300189564285,23.875300189564285,1,23.875300189564285,1,1.307891992764626,6.209343260154128
Transport,chronos_bolt__model_config.context_length-1024__pipeline_config.raw_inference.completed_at-2026-09-27T13_24_57.734832_00_00,1,1,0.6438826462426821,0.6797430600625228,13.977745031937957,1,0,2115504,0.0,32.025693993747716,32.025693993747716,1,32.025693993747716,1,0.9472441633805834,14.223496982827783
Transport,chronos_bolt__model_config.context_length-128__pipeline_config.raw_inference.completed_at-2026-09-27T13_31_12.920262_00_00,1,1,1.0036389884921735,1.059535679703029,6.493394775316119,1,0,2115504,0.0,-5.953567970302909,-5.953567970302909,1,-5.953567970302909,1,0.9472441633805834,14.223496982827783
Transport,chronos_bolt__model_config.context_length-2048__pipeline_config.raw_inference.completed_at-2026-09-26T15_53_27.734483_00_00,1,1,0.6110573661681822,0.6450896081401051,25.755703112110496,1,0,2115504,0.0,35.49103918598949,35.49103918598949,1,35.49103918598949,1,0.9472441633805834,14.223496982827783
Transport,chronos_bolt__model_config.context_length-256__pipeline_config.raw_inference.completed_at-2026-09-27T13_30_24.633206_00_00,1,1,0.839893804982021,0.8866708684533418,7.526067491620779,1,0,2115504,0.0,11.332913154665825,11.332913154665825,1,11.332913154665825,1,0.9472441633805834,14.223496982827783
Transport,chronos_bolt__model_config.context_length-512__pipeline_config.raw_inference.completed_at-2026-09-27T15_00_26.271912_00_00,1,1,0.7250370495669488,0.7654172784547881,8.701258359476924,1,0,2115504,0.0,23.458272154521186,23.458272154521186,1,23.458272154521186,1,0.9472441633805834,14.223496982827783
Transport,chronos_bolt__model_config.context_length-1024__pipeline_config.raw_inference.completed_at-2026-09-27T13_24_38.801459_00_00,1,1,0.4219257596778393,0.44787216383471773,17.840563591569662,1,0,2115504,0.0,55.21278361652823,55.21278361652823,1,55.21278361652823,1,0.9420673883040124,61.188514133915305
Transport,chronos_bolt__model_config.context_length-128__pipeline_config.raw_inference.completed_at-2026-09-27T13_31_01.422959_00_00,1,1,0.6036241433187272,0.6407441238417363,16.24403634853661,1,0,2115504,0.0,35.92558761582637,35.92558761582637,1,35.92558761582637,1,0.9420673883040124,61.188514133915305
Transport,chronos_bolt__model_config.context_length-2048__pipeline_config.raw_inference.completed_at-2026-09-26T15_52_56.939323_00_00,1,1,0.40722017076287736,0.43226225195629453,22.855650447309017,1,0,2115504,0.0,56.77377480437055,56.77377480437055,1,56.77377480437055,1,0.9420673883040124,61.188514133915305
Transport,chronos_bolt__model_config.context_length-256__pipeline_config.raw_inference.completed_at-2026-09-27T13_30_12.143463_00_00,1,1,0.5174729592072732,0.5492950564172174,16.323430372402072,1,0,2115504,0.0,45.07049435827825,45.07049435827825,1,45.07049435827825,1,0.9420673883040124,61.188514133915305
Transport,chronos_bolt__model_config.context_length-512__pipeline_config.raw_inference.completed_at-2026-09-27T15_00_12.613096_00_00,1,1,0.4678130972189297,0.4965813518511935,15.933391829952598,1,0,2115504,0.0,50.34186481488065,50.34186481488065,1,50.34186481488065,1,0.9420673883040124,61.188514133915305
Transport,ts_icl__model_config.context_length-1024__pipeline_config.raw_inference.completed_at-2026-09-27T13_59_06.498707_00_00,1,1,0.9328476148233518,0.713245145611371,2.3129899837076664,1,0,2115504,0.0,28.675485438862903,28.675485438862903,1,28.675485438862903,1,1.307891992764626,6.209343260154128
Transport,ts_icl__model_config.context_length-2048__pipeline_config.raw_inference.completed_at-2026-09-27T14_05_13.213961_00_00,1,1,0.8668643485238084,0.6627950574813353,4.145065784454346,1,0,2115504,0.0,33.72049425186647,33.72049425186647,1,33.72049425186647,1,1.307891992764626,6.209343260154128
Transport,ts_icl__model_config.context_length-256__pipeline_config.raw_inference.completed_at-2026-09-27T15_07_33.047755_00_00,1,1,1.9032890425165079,1.4552341118729,1.221120672300458,1,0,2115504,0.0,-45.523411187289994,-45.523411187289994,1,-45.523411187289994,1,1.307891992764626,6.209343260154128
Transport,ts_icl__model_config.context_length-4096__pipeline_config.raw_inference.completed_at-2026-09-26T16_21_13.726040_00_00,1,1,0.8407709166409469,0.642844303116898,9.854780355468392,1,0,2115504,0.0,35.7155696883102,35.7155696883102,1,35.7155696883102,1,1.307891992764626,6.209343260154128
Transport,ts_icl__model_config.context_length-512__pipeline_config.raw_inference.completed_at-2026-09-27T13_58_56.518828_00_00,1,1,1.7569394216263845,1.3433367826593698,1.5481970831751823,1,0,2115504,0.0,-34.33367826593698,-34.33367826593698,1,-34.33367826593698,1,1.307891992764626,6.209343260154128
Transport,ts_icl__model_config.context_length-1024__pipeline_config.raw_inference.completed_at-2026-09-27T13_59_02.357975_00_00,1,1,0.6882166730239624,0.7265462270760396,11.656889555975795,1,0,2115504,0.0,27.345377292396044,27.345377292396044,1,27.345377292396044,1,0.9472441633805834,14.223496982827783
Transport,ts_icl__model_config.context_length-2048__pipeline_config.raw_inference.completed_at-2026-09-27T14_05_07.267812_00_00,1,1,0.6461145230298208,0.6820992390430017,22.94826021231711,1,0,2115504,0.0,31.790076095699828,31.790076095699828,1,31.790076095699828,1,0.9472441633805834,14.223496982827783
Transport,ts_icl__model_config.context_length-256__pipeline_config.raw_inference.completed_at-2026-09-27T15_07_30.070493_00_00,1,1,1.2303539266756591,1.2988772844846002,5.105987023562193,1,0,2115504,0.0,-29.887728448460017,-29.887728448460017,1,-29.887728448460017,1,0.9472441633805834,14.223496982827783
Transport,ts_icl__model_config.context_length-4096__pipeline_config.raw_inference.completed_at-2026-09-26T16_21_01.989257_00_00,1,1,0.6267502229170061,0.661656463187085,60.45972050353885,1,0,2115504,0.0,33.834353681291496,33.834353681291496,1,33.834353681291496,1,0.9472441633805834,14.223496982827783
Transport,ts_icl__model_config.context_length-512__pipeline_config.raw_inference.completed_at-2026-09-27T13_58_53.144818_00_00,1,1,0.9646051387907304,1.0183278779445715,6.636373458430171,1,0,2115504,0.0,-1.832787794457147,-1.832787794457147,1,-1.832787794457147,1,0.9472441633805834,14.223496982827783
Transport,ts_icl__model_config.context_length-1024__pipeline_config.raw_inference.completed_at-2026-09-27T13_58_45.218576_00_00,1,1,0.428485505011667,0.4548353019448662,60.55642822571099,1,0,2115504,0.0,54.51646980551338,54.51646980551338,1,54.51646980551338,1,0.9420673883040124,61.188514133915305
Transport,ts_icl__model_config.context_length-2048__pipeline_config.raw_inference.completed_at-2026-09-27T14_04_38.770749_00_00,1,1,0.4068659634682698,0.4318862626173097,130.00557653978467,1,0,2115504,0.0,56.81137373826903,56.81137373826903,1,56.81137373826903,1,0.9420673883040124,61.188514133915305
Transport,ts_icl__model_config.context_length-256__pipeline_config.raw_inference.completed_at-2026-09-27T15_07_19.582210_00_00,1,1,0.5752736451549326,0.6106502064471075,30.675825841724873,1,0,2115504,0.0,38.934979355289244,38.934979355289244,1,38.934979355289244,1,0.9420673883040124,61.188514133915305
Transport,ts_icl__model_config.context_length-4096__pipeline_config.raw_inference.completed_at-2026-09-26T16_19_55.707136_00_00,1,1,0.40559594179022385,0.4305381407166755,356.3620943184942,1,0,2115504,0.0,56.94618592833245,56.94618592833245,1,56.94618592833245,1,0.9420673883040124,61.188514133915305
Transport,ts_icl__model_config.context_length-512__pipeline_config.raw_inference.completed_at-2026-09-27T13_58_41.030602_00_00,1,1,0.514743060324518,0.5463972818878712,36.078238824382424,1,0,2115504,0.0,45.36027181121288,45.36027181121288,1,45.36027181121288,1,0.9420673883040124,61.188514133915305
Climate,chronos2__model_config.context_length-1024__pipeline_config.raw_inference.completed_at-2026-09-27T13_46_56.957145_00_00,1,1,0.9586511709791703,0.7425778129785734,0.05135091952979565,1,0,98280,0.0,25.74221870214266,25.74221870214266,1,25.74221870214266,1,1.2909773955323274,0.5505183693021536
Climate,chronos2__model_config.context_length-2048__pipeline_config.raw_inference.completed_at-2026-09-27T13_42_39.188304_00_00,1,1,0.9621911481125732,0.745319903696547,0.08627805300056934,1,0,98280,0.0,25.4680096303453,25.4680096303453,1,25.4680096303453,1,1.2909773955323274,0.5505183693021536
Climate,chronos2__model_config.context_length-4096__pipeline_config.raw_inference.completed_at-2026-09-27T13_43_15.150824_00_00,1,1,0.9624437210098892,0.7455155484058889,0.1661977432668209,1,0,98280,0.0,25.448445159411115,25.448445159411115,1,25.448445159411115,1,1.2909773955323274,0.5505183693021536
Climate,chronos2__model_config.context_length-512__pipeline_config.raw_inference.completed_at-2026-09-27T13_48_20.246676_00_00,1,1,0.9915167508234237,0.7680357179411165,0.03942858800292015,1,0,98280,0.0,23.196428205888353,23.196428205888353,1,23.196428205888353,1,1.2909773955323274,0.5505183693021536
Climate,chronos2__model_config.context_length-8192__pipeline_config.raw_inference.completed_at-2026-09-26T15_50_00.474439_00_00,1,1,0.9613872795889807,0.7446972215904354,0.3097974080592394,1,0,98280,0.0,25.53027784095646,25.53027784095646,1,25.53027784095646,1,1.2909773955323274,0.5505183693021536
Climate,chronos2__model_config.context_length-1024__pipeline_config.raw_inference.completed_at-2026-09-27T13_46_56.544511_00_00,1,1,0.9282438542605831,0.7831688966277094,0.0962396040558815,1,0,97200,0.0,21.68311033722906,21.68311033722906,1,21.68311033722906,1,1.1852409592075988,0.9979876652359962
Climate,chronos2__model_config.context_length-2048__pipeline_config.raw_inference.completed_at-2026-09-27T13_42_38.740979_00_00,1,1,0.9263204696912787,0.7815461172642707,0.17444725707173347,1,0,97200,0.0,21.84538827357293,21.84538827357293,1,21.84538827357293,1,1.1852409592075988,0.9979876652359962
Climate,chronos2__model_config.context_length-4096__pipeline_config.raw_inference.completed_at-2026-09-27T13_43_14.619562_00_00,1,1,0.9260483588176813,0.7813165345186834,0.34220758080482483,1,0,97200,0.0,21.868346548131655,21.868346548131655,1,21.868346548131655,1,1.1852409592075988,0.9979876652359962
Climate,chronos2__model_config.context_length-512__pipeline_config.raw_inference.completed_at-2026-09-27T13_48_19.843453_00_00,1,1,0.9571572397715985,0.8075634176627787,0.06563372537493706,1,0,97200,0.0,19.243658233722126,19.243658233722126,1,19.243658233722126,1,1.1852409592075988,0.9979876652359962
Climate,chronos2__model_config.context_length-8192__pipeline_config.raw_inference.completed_at-2026-09-26T15_49_59.800093_00_00,1,1,0.9262713766391221,0.7815046969507259,0.7197570148855448,1,0,97200,0.0,21.849530304927413,21.849530304927413,1,21.849530304927413,1,1.1852409592075988,0.9979876652359962
Climate,chronos2__model_config.context_length-1024__pipeline_config.raw_inference.completed_at-2026-09-27T13_46_55.966615_00_00,1,1,0.8780745128794543,0.7492056163251618,0.42939082346856594,1,0,99360,0.0,25.07943836748382,25.07943836748382,1,25.07943836748382,1,1.1720073818805468,2.634098643437028
Climate,chronos2__model_config.context_length-2048__pipeline_config.raw_inference.completed_at-2026-09-27T13_42_38.083971_00_00,1,1,0.8735657945316674,0.7453586112486644,0.6648097075521946,1,0,99360,0.0,25.464138875133557,25.464138875133557,1,25.464138875133557,1,1.1720073818805468,2.634098643437028
Climate,chronos2__model_config.context_length-4096__pipeline_config.raw_inference.completed_at-2026-09-27T13_43_13.792906_00_00,1,1,0.8711161079705733,0.7432684481669579,1.1695971135050058,1,0,99360,0.0,25.673155183304207,25.673155183304207,1,25.673155183304207,1,1.1720073818805468,2.634098643437028
Climate,chronos2__model_config.context_length-512__pipeline_config.raw_inference.completed_at-2026-09-27T13_48_19.294095_00_00,1,1,0.8890789172327846,0.758594980695609,0.3269758392125368,1,0,99360,0.0,24.140501930439097,24.140501930439097,1,24.140501930439097,1,1.1720073818805468,2.634098643437028
Climate,chronos2__model_config.context_length-8192__pipeline_config.raw_inference.completed_at-2026-09-26T15_49_58.583374_00_00,1,1,0.8697938508370043,0.7421402495275882,2.3806664291769266,1,0,99360,0.0,25.785975047241184,25.785975047241184,1,25.785975047241184,1,1.1720073818805468,2.634098643437028
Climate,chronos_bolt__model_config.context_length-1024__pipeline_config.raw_inference.completed_at-2026-09-27T13_23_06.868242_00_00,1,1,0.9766646475607526,0.75653117625505,0.7022168524563313,1,0,98280,0.0,24.346882374495003,24.346882374495003,1,24.346882374495003,1,1.2909773955323274,0.5505183693021536
Climate,chronos_bolt__model_config.context_length-128__pipeline_config.raw_inference.completed_at-2026-09-27T13_29_34.319584_00_00,1,1,1.050233256508938,0.8135179284652619,0.31844797171652317,1,0,98280,0.0,18.648207153473805,18.648207153473805,1,18.648207153473805,1,1.2909773955323274,0.5505183693021536
Climate,chronos_bolt__model_config.context_length-2048__pipeline_config.raw_inference.completed_at-2026-09-26T15_51_10.785196_00_00,1,1,0.9862905912465224,0.7639874986655603,1.2839510161429644,1,0,98280,0.0,23.601250133443973,23.601250133443973,1,23.601250133443973,1,1.2909773955323274,0.5505183693021536
Climate,chronos_bolt__model_config.context_length-256__pipeline_config.raw_inference.completed_at-2026-09-27T13_28_45.318234_00_00,1,1,1.0045068969119446,0.7780979747501634,0.36465929076075554,1,0,98280,0.0,22.19020252498366,22.19020252498366,1,22.19020252498366,1,1.2909773955323274,0.5505183693021536
Climate,chronos_bolt__model_config.context_length-512__pipeline_config.raw_inference.completed_at-2026-09-27T14_58_45.471876_00_00,1,1,0.9697104950072142,0.751144441694395,0.4692753218114376,1,0,98280,0.0,24.885555830560502,24.885555830560502,1,24.885555830560502,1,1.2909773955323274,0.5505183693021536
Climate,chronos_bolt__model_config.context_length-1024__pipeline_config.raw_inference.completed_at-2026-09-27T13_23_06.005438_00_00,1,1,0.9583587828029103,0.8085771718888519,0.8875023629516363,1,0,97200,0.0,19.142282811114807,19.142282811114807,1,19.142282811114807,1,1.1852409592075988,0.9979876652359962
Climate,chronos_bolt__model_config.context_length-128__pipeline_config.raw_inference.completed_at-2026-09-27T13_29_33.843560_00_00,1,1,1.0309595735373351,0.869831206497108,0.4293118864297867,1,0,97200,0.0,13.016879350289202,13.016879350289202,1,13.016879350289202,1,1.1852409592075988,0.9979876652359962
Climate,chronos_bolt__model_config.context_length-2048__pipeline_config.raw_inference.completed_at-2026-09-26T15_51_09.342246_00_00,1,1,0.9729665091471766,0.8209018610001972,1.5653606411069632,1,0,97200,0.0,17.909813899980275,17.909813899980275,1,17.909813899980275,1,1.1852409592075988,0.9979876652359962
Climate,chronos_bolt__model_config.context_length-256__pipeline_config.raw_inference.completed_at-2026-09-27T13_28_44.796046_00_00,1,1,0.9820944963849175,0.8286032378103975,0.5480512604117393,1,0,97200,0.0,17.139676218960254,17.139676218960254,1,17.139676218960254,1,1.1852409592075988,0.9979876652359962
Climate,chronos_bolt__model_config.context_length-512__pipeline_config.raw_inference.completed_at-2026-09-27T14_58_44.847070_00_00,1,1,0.946149504741605,0.7982760782872033,0.5738851297646761,1,0,97200,0.0,20.172392171279675,20.172392171279675,1,20.172392171279675,1,1.1852409592075988,0.9979876652359962
Climate,chronos_bolt__model_config.context_length-1024__pipeline_config.raw_inference.completed_at-2026-09-27T13_23_04.839059_00_00,1,1,0.8977512345855528,0.7659945222743089,0.7619634997099638,1,0,99360,0.0,23.400547772569112,23.400547772569112,1,23.400547772569112,1,1.1720073818805468,2.634098643437028
Climate,chronos_bolt__model_config.context_length-128__pipeline_config.raw_inference.completed_at-2026-09-27T13_29_33.137728_00_00,1,1,0.9297670735826621,0.7933116189855413,0.7098369598388672,1,0,99360,0.0,20.668838101445875,20.668838101445875,1,20.668838101445875,1,1.1720073818805468,2.634098643437028
Climate,chronos_bolt__model_config.context_length-2048__pipeline_config.raw_inference.completed_at-2026-09-26T15_51_07.500172_00_00,1,1,0.9000802175033318,0.76798169654794,0.9036677163094282,1,0,99360,0.0,23.201830345205998,23.201830345205998,1,23.201830345205998,1,1.1720073818805468,2.634098643437028
Climate,chronos_bolt__model_config.context_length-256__pipeline_config.raw_inference.completed_at-2026-09-27T13_28_43.966754_00_00,1,1,0.9134313574512088,0.7793733824317393,0.7887676395475864,1,0,99360,0.0,22.062661756826074,22.062661756826074,1,22.062661756826074,1,1.1720073818805468,2.634098643437028
Climate,chronos_bolt__model_config.context_length-512__pipeline_config.raw_inference.completed_at-2026-09-27T14_58_43.997054_00_00,1,1,0.8940392460833096,0.7628273165385505,0.7018631938844919,1,0,99360,0.0,23.717268346144948,23.717268346144948,1,23.717268346144948,1,1.1720073818805468,2.634098643437028
Climate,ts_icl__model_config.context_length-1024__pipeline_config.raw_inference.completed_at-2026-09-27T13_56_53.621122_00_00,1,1,0.9597665430269091,0.7434417878642675,0.32083368860185146,1,0,98280,0.0,25.655821213573248,25.655821213573248,1,25.655821213573248,1,1.2909773955323274,0.5505183693021536
Climate,ts_icl__model_config.context_length-2048__pipeline_config.raw_inference.completed_at-2026-09-27T14_01_17.549445_00_00,1,1,0.9561813346729537,0.7406646607306998,0.6271097846329212,1,0,98280,0.0,25.933533926930018,25.933533926930018,1,25.933533926930018,1,1.2909773955323274,0.5505183693021536
Climate,ts_icl__model_config.context_length-256__pipeline_config.raw_inference.completed_at-2026-09-27T15_06_08.236536_00_00,1,1,0.9810055016014465,0.759893631752502,0.16625339165329933,1,0,98280,0.0,24.0106368247498,24.0106368247498,1,24.0106368247498,1,1.2909773955323274,0.5505183693021536
Climate,ts_icl__model_config.context_length-4096__pipeline_config.raw_inference.completed_at-2026-09-26T16_11_42.068261_00_00,1,1,0.9583690716461833,0.7423592968883899,1.6614338345825672,1,0,98280,0.0,25.764070311161014,25.764070311161014,1,25.764070311161014,1,1.2909773955323274,0.5505183693021536
Climate,ts_icl__model_config.context_length-512__pipeline_config.raw_inference.completed_at-2026-09-27T13_57_21.308506_00_00,1,1,0.9562650552607892,0.740729511275818,0.2078871838748455,1,0,98280,0.0,25.9270488724182,25.9270488724182,1,25.9270488724182,1,1.2909773955323274,0.5505183693021536
Climate,ts_icl__model_config.context_length-1024__pipeline_config.raw_inference.completed_at-2026-09-27T13_56_52.758259_00_00,1,1,0.9320712980382192,0.7863981503485689,0.656980874016881,1,0,97200,0.0,21.360184965143112,21.360184965143112,1,21.360184965143112,1,1.1852409592075988,0.9979876652359962
Climate,ts_icl__model_config.context_length-2048__pipeline_config.raw_inference.completed_at-2026-09-27T14_01_16.426954_00_00,1,1,0.9286667364581783,0.7835256866916286,1.3642945792526007,1,0,97200,0.0,21.64743133083714,21.64743133083714,1,21.64743133083714,1,1.1852409592075988,0.9979876652359962
Climate,ts_icl__model_config.context_length-256__pipeline_config.raw_inference.completed_at-2026-09-27T15_06_07.576251_00_00,1,1,0.9504438269231483,0.8018992421242127,0.2894572243094444,1,0,97200,0.0,19.81007578757873,19.81007578757873,1,19.81007578757873,1,1.1852409592075988,0.9979876652359962
Climate,ts_icl__model_config.context_length-4096__pipeline_config.raw_inference.completed_at-2026-09-26T16_11_39.916630_00_00,1,1,0.9303932258723374,0.7849823435855258,3.6671226527541876,1,0,97200,0.0,21.501765641447424,21.501765641447424,1,21.501765641447424,1,1.1852409592075988,0.9979876652359962
Climate,ts_icl__model_config.context_length-512__pipeline_config.raw_inference.completed_at-2026-09-27T13_57_20.612849_00_00,1,1,0.9404077098945375,0.7934316668597529,0.37905832193791866,1,0,97200,0.0,20.656833314024713,20.656833314024713,1,20.656833314024713,1,1.1852409592075988,0.9979876652359962
Climate,ts_icl__model_config.context_length-1024__pipeline_config.raw_inference.completed_at-2026-09-27T13_56_51.348265_00_00,1,1,0.8770183136280414,0.7483044281008026,1.8312978968024254,1,0,99360,0.0,25.169557189919743,25.169557189919743,1,25.169557189919743,1,1.1720073818805468,2.634098643437028
Climate,ts_icl__model_config.context_length-2048__pipeline_config.raw_inference.completed_at-2026-09-27T14_01_14.352394_00_00,1,1,0.8789060627826024,0.7499151254255344,4.1200378723442554,1,0,99360,0.0,25.00848745744656,25.00848745744656,1,25.00848745744656,1,1.1720073818805468,2.634098643437028
Climate,ts_icl__model_config.context_length-256__pipeline_config.raw_inference.completed_at-2026-09-27T15_06_06.583045_00_00,1,1,0.8883680577659662,0.7579884491346236,0.9352134633809328,1,0,99360,0.0,24.20115508653764,24.20115508653764,1,24.20115508653764,1,1.1720073818805468,2.634098643437028
Climate,ts_icl__model_config.context_length-4096__pipeline_config.raw_inference.completed_at-2026-09-26T16_11_35.524471_00_00,1,1,0.8773276053246772,0.748568327203673,11.347293699160218,1,0,99360,0.0,25.143167279632706,25.143167279632706,1,25.143167279632706,1,1.1720073818805468,2.634098643437028
Climate,ts_icl__model_config.context_length-512__pipeline_config.raw_inference.completed_at-2026-09-27T13_57_19.537326_00_00,1,1,0.8760718375556346,0.7474968597466782,1.387737112119794,1,0,99360,0.0,25.250314025332177,25.250314025332177,1,25.250314025332177,1,1.1720073818805468,2.634098643437028
Climate,chronos2__model_config.context_length-1024__pipeline_config.raw_inference.completed_at-2026-09-27T13_46_46.165125_00_00,1,1,0.9168516748044591,0.7718849747554252,0.37162312865257263,1,0,75996,0.0,22.811502524457484,22.811502524457484,1,22.811502524457484,1,1.1878086823687262,2.041143773123622
Climate,chronos2__model_config.context_length-2048__pipeline_config.raw_inference.completed_at-2026-09-27T13_42_28.123655_00_00,1,1,0.9016702746359176,0.7591039601072862,0.6954656112939119,1,0,75996,0.0,24.08960398927138,24.08960398927138,1,24.08960398927138,1,1.1878086823687262,2.041143773123622
Climate,chronos2__model_config.context_length-4096__pipeline_config.raw_inference.completed_at-2026-09-27T13_43_03.385611_00_00,1,1,0.8996563650699254,0.757408476991288,1.0739705543965101,1,0,75996,0.0,24.2591523008712,24.2591523008712,1,24.2591523008712,1,1.1878086823687262,2.041143773123622
Climate,chronos2__model_config.context_length-512__pipeline_config.raw_inference.completed_at-2026-09-27T13_48_09.647020_00_00,1,1,0.9362860234238188,0.7882464889519739,0.22824827954173088,1,0,75996,0.0,21.17535110480261,21.17535110480261,1,21.17535110480261,1,1.1878086823687262,2.041143773123622
Climate,chronos2__model_config.context_length-8192__pipeline_config.raw_inference.completed_at-2026-09-26T15_49_44.402219_00_00,1,1,0.8996563650699254,0.757408476991288,1.1441433914005756,1,0,75996,0.0,24.2591523008712,24.2591523008712,1,24.2591523008712,1,1.1878086823687262,2.041143773123622
Climate,chronos2__model_config.context_length-1024__pipeline_config.raw_inference.completed_at-2026-09-27T13_46_45.234633_00_00,1,1,0.9025188338528152,0.7646494292591556,0.7378740012645721,1,0,75996,0.0,23.535057074084442,23.535057074084442,1,23.535057074084442,1,1.180304070490495,3.9050807133316994
Climate,chronos2__model_config.context_length-2048__pipeline_config.raw_inference.completed_at-2026-09-27T13_42_26.868813_00_00,1,1,0.8906476166677824,0.7545916674655362,1.4272373840212822,1,0,75996,0.0,24.54083325344638,24.54083325344638,1,24.54083325344638,1,1.180304070490495,3.9050807133316994
Climate,chronos2__model_config.context_length-4096__pipeline_config.raw_inference.completed_at-2026-09-27T13_43_01.750313_00_00,1,1,0.8880768388465542,0.7524136034517775,2.0440236795693636,1,0,75996,0.0,24.758639654822247,24.758639654822247,1,24.758639654822247,1,1.180304070490495,3.9050807133316994
Climate,chronos2__model_config.context_length-512__pipeline_config.raw_inference.completed_at-2026-09-27T13_48_08.860342_00_00,1,1,0.9188313864259708,0.7784700649588839,0.45200417563319206,1,0,75996,0.0,22.152993504111606,22.152993504111606,1,22.152993504111606,1,1.180304070490495,3.9050807133316994
Climate,chronos2__model_config.context_length-8192__pipeline_config.raw_inference.completed_at-2026-09-26T15_49_42.699250_00_00,1,1,0.8880768388465542,0.7524136034517775,2.047043412923813,1,0,75996,0.0,24.758639654822247,24.758639654822247,1,24.758639654822247,1,1.180304070490495,3.9050807133316994
Climate,chronos2__model_config.context_length-1024__pipeline_config.raw_inference.completed_at-2026-09-27T13_46_43.543828_00_00,1,1,0.8594183492683298,0.8039749123907707,1.8884740937501192,1,0,76428,0.0,19.60250876092293,19.60250876092293,1,19.60250876092293,1,1.0689616504483799,8.924038581550121
Climate,chronos2__model_config.context_length-2048__pipeline_config.raw_inference.completed_at-2026-09-27T13_42_24.490940_00_00,1,1,0.853553098287927,0.7984880448516568,3.5250882729887962,1,0,76428,0.0,20.15119551483432,20.15119551483432,1,20.15119551483432,1,1.0689616504483799,8.924038581550121
Climate,chronos2__model_config.context_length-4096__pipeline_config.raw_inference.completed_at-2026-09-27T13_42_58.766469_00_00,1,1,0.8518474893871785,0.7968924694631168,5.006639309227467,1,0,76428,0.0,20.310753053688323,20.310753053688323,1,20.310753053688323,1,1.0689616504483799,8.924038581550121
Climate,chronos2__model_config.context_length-512__pipeline_config.raw_inference.completed_at-2026-09-27T13_48_07.456666_00_00,1,1,0.8700346881378158,0.813906362097159,1.2191672157496214,1,0,76428,0.0,18.609363790284096,18.609363790284096,1,18.609363790284096,1,1.0689616504483799,8.924038581550121
Climate,chronos2__model_config.context_length-8192__pipeline_config.raw_inference.completed_at-2026-09-26T15_49_39.685431_00_00,1,1,0.8518474893871785,0.7968924694631168,4.826221268624067,1,0,76428,0.0,20.310753053688323,20.310753053688323,1,20.310753053688323,1,1.0689616504483799,8.924038581550121
Climate,chronos_bolt__model_config.context_length-1024__pipeline_config.raw_inference.completed_at-2026-09-27T13_22_54.691417_00_00,1,1,0.9331972052433387,0.7856460548700135,0.7344585433602333,1,0,75996,0.0,21.435394512998652,21.435394512998652,1,21.435394512998652,1,1.1878086823687262,2.041143773123622
Climate,chronos_bolt__model_config.context_length-128__pipeline_config.raw_inference.completed_at-2026-09-27T13_29_22.972335_00_00,1,1,0.9681455823792673,0.8150686190040243,0.656269883736968,1,0,75996,0.0,18.493138099597573,18.493138099597573,1,18.493138099597573,1,1.1878086823687262,2.041143773123622
Climate,chronos_bolt__model_config.context_length-2048__pipeline_config.raw_inference.completed_at-2026-09-26T15_50_57.183615_00_00,1,1,0.9297402102509469,0.7827356577297115,0.9545588120818138,1,0,75996,0.0,21.726434227028847,21.726434227028847,1,21.726434227028847,1,1.1878086823687262,2.041143773123622
Climate,chronos_bolt__model_config.context_length-256__pipeline_config.raw_inference.completed_at-2026-09-27T13_28_33.811832_00_00,1,1,0.9713934693931862,0.8178029709768031,0.6572802867740393,1,0,75996,0.0,18.21970290231969,18.21970290231969,1,18.21970290231969,1,1.1878086823687262,2.041143773123622
Climate,chronos_bolt__model_config.context_length-512__pipeline_config.raw_inference.completed_at-2026-09-27T14_58_33.848410_00_00,1,1,0.9427817103638856,0.79371511957952,0.6555039808154106,1,0,75996,0.0,20.628488042047998,20.628488042047998,1,20.628488042047998,1,1.1878086823687262,2.041143773123622
Climate,chronos_bolt__model_config.context_length-1024__pipeline_config.raw_inference.completed_at-2026-09-27T13_22_53.609018_00_00,1,1,0.9162506613374568,0.7762835732293065,1.4629100318998098,1,0,75996,0.0,22.371642677069346,22.371642677069346,1,22.371642677069346,1,1.180304070490495,3.9050807133316994
Climate,chronos_bolt__model_config.context_length-128__pipeline_config.raw_inference.completed_at-2026-09-27T13_29_21.969167_00_00,1,1,0.9544037816338888,0.8086083963408432,1.3033953104168177,1,0,75996,0.0,19.139160365915675,19.139160365915675,1,19.139160365915675,1,1.180304070490495,3.9050807133316994
Climate,chronos_bolt__model_config.context_length-2048__pipeline_config.raw_inference.completed_at-2026-09-26T15_50_55.876369_00_00,1,1,0.9119706600002427,0.7726573878723118,1.9005167838186026,1,0,75996,0.0,22.734261212768825,22.734261212768825,1,22.734261212768825,1,1.180304070490495,3.9050807133316994
Climate,chronos_bolt__model_config.context_length-256__pipeline_config.raw_inference.completed_at-2026-09-27T13_28_32.800380_00_00,1,1,0.9501786175874966,0.8050286712919952,1.3077854327857494,1,0,75996,0.0,19.49713287080048,19.49713287080048,1,19.49713287080048,1,1.180304070490495,3.9050807133316994
Climate,chronos_bolt__model_config.context_length-512__pipeline_config.raw_inference.completed_at-2026-09-27T14_58_32.845906_00_00,1,1,0.9248183282513192,0.7835424373881855,1.3040654473006725,1,0,75996,0.0,21.645756261181447,21.645756261181447,1,21.645756261181447,1,1.180304070490495,3.9050807133316994
Climate,chronos_bolt__model_config.context_length-1024__pipeline_config.raw_inference.completed_at-2026-09-27T13_22_51.399269_00_00,1,1,0.8750055662318564,0.818556555199929,3.684556011110544,1,0,76428,0.0,18.144344480007103,18.144344480007103,1,18.144344480007103,1,1.0689616504483799,8.924038581550121
Climate,chronos_bolt__model_config.context_length-128__pipeline_config.raw_inference.completed_at-2026-09-27T13_29_19.923212_00_00,1,1,0.9075615240565056,0.8490122388168234,3.2758374456316233,1,0,76428,0.0,15.098776118317659,15.098776118317659,1,15.098776118317659,1,1.0689616504483799,8.924038581550121
Climate,chronos_bolt__model_config.context_length-2048__pipeline_config.raw_inference.completed_at-2026-09-26T15_50_53.220168_00_00,1,1,0.8705035534727462,0.8143449796422634,4.693757863715291,1,0,76428,0.0,18.56550203577366,18.56550203577366,1,18.56550203577366,1,1.0689616504483799,8.924038581550121
Climate,chronos_bolt__model_config.context_length-256__pipeline_config.raw_inference.completed_at-2026-09-27T13_28_30.749504_00_00,1,1,0.900584674931306,0.8424854853806518,3.2840823400765657,1,0,76428,0.0,15.751451461934817,15.751451461934817,1,15.751451461934817,1,1.0689616504483799,8.924038581550121
Climate,chronos_bolt__model_config.context_length-512__pipeline_config.raw_inference.completed_at-2026-09-27T14_58_30.797364_00_00,1,1,0.8801712498112108,0.8233889863513997,3.281323876231909,1,0,76428,0.0,17.66110136486003,17.66110136486003,1,17.66110136486003,1,1.0689616504483799,8.924038581550121
Climate,ts_icl__model_config.context_length-1024__pipeline_config.raw_inference.completed_at-2026-09-27T13_56_45.078047_00_00,1,1,0.9150534312980418,0.7703710579663753,2.4986558482050896,1,0,75996,0.0,22.96289420336247,22.96289420336247,1,22.96289420336247,1,1.1878086823687262,2.041143773123622
Climate,ts_icl__model_config.context_length-2048__pipeline_config.raw_inference.completed_at-2026-09-27T14_01_05.850224_00_00,1,1,0.9069965188391198,0.7635880527749543,5.427090898156166,1,0,75996,0.0,23.641194722504565,23.641194722504565,1,23.641194722504565,1,1.1878086823687262,2.041143773123622
Climate,ts_icl__model_config.context_length-256__pipeline_config.raw_inference.completed_at-2026-09-27T15_06_01.269751_00_00,1,1,0.9553894616018139,0.8043294141414911,1.2671807277947664,1,0,75996,0.0,19.567058585850894,19.567058585850894,1,19.567058585850894,1,1.1878086823687262,2.041143773123622
Climate,ts_icl__model_config.context_length-4096__pipeline_config.raw_inference.completed_at-2026-09-26T16_11_19.657416_00_00,1,1,0.9064737909955272,0.7631479753017452,14.220845015719533,1,0,75996,0.0,23.685202469825484,23.685202469825484,1,23.685202469825484,1,1.1878086823687262,2.041143773123622
Climate,ts_icl__model_config.context_length-512__pipeline_config.raw_inference.completed_at-2026-09-27T13_57_13.164353_00_00,1,1,0.9307450663912425,0.7835816324689193,1.527142956852913,1,0,75996,0.0,21.641836753108066,21.641836753108066,1,21.641836753108066,1,1.1878086823687262,2.041143773123622
Climate,ts_icl__model_config.context_length-1024__pipeline_config.raw_inference.completed_at-2026-09-27T13_56_41.815537_00_00,1,1,0.9020180270113842,0.7642251260190398,4.847034223377705,1,0,75996,0.0,23.577487398096018,23.577487398096018,1,23.577487398096018,1,1.180304070490495,3.9050807133316994
Climate,ts_icl__model_config.context_length-2048__pipeline_config.raw_inference.completed_at-2026-09-27T14_00_59.720571_00_00,1,1,0.8964222320874258,0.7594841486185018,10.820451647043228,1,0,75996,0.0,24.05158513814982,24.05158513814982,1,24.05158513814982,1,1.180304070490495,3.9050807133316994
Climate,ts_icl__model_config.context_length-256__pipeline_config.raw_inference.completed_at-2026-09-27T15_05_59.240640_00_00,1,1,0.9341821812886695,0.7914758617247287,2.2644860316067934,1,0,75996,0.0,20.852413827527126,20.852413827527126,1,20.852413827527126,1,1.180304070490495,3.9050807133316994
Climate,ts_icl__model_config.context_length-4096__pipeline_config.raw_inference.completed_at-2026-09-26T16_11_04.726473_00_00,1,1,0.8958595179797237,0.7590073951091556,28.505006393417716,1,0,75996,0.0,24.09926048908444,24.09926048908444,1,24.09926048908444,1,1.180304070490495,3.9050807133316994
Climate,ts_icl__model_config.context_length-512__pipeline_config.raw_inference.completed_at-2026-09-27T13_57_10.870493_00_00,1,1,0.9138806023364293,0.7742755660892121,2.974504604935646,1,0,75996,0.0,22.57244339107879,22.57244339107879,1,22.57244339107879,1,1.180304070490495,3.9050807133316994
Climate,ts_icl__model_config.context_length-1024__pipeline_config.raw_inference.completed_at-2026-09-27T13_56_35.794393_00_00,1,1,0.860082993979146,0.8045966790467938,11.081912774592638,1,0,76428,0.0,19.540332095320622,19.540332095320622,1,19.540332095320622,1,1.0689616504483799,8.924038581550121
Climate,ts_icl__model_config.context_length-2048__pipeline_config.raw_inference.completed_at-2026-09-27T14_00_47.726030_00_00,1,1,0.853972129942296,0.7988800436237299,25.14050400070846,1,0,76428,0.0,20.11199563762701,20.11199563762701,1,20.11199563762701,1,1.0689616504483799,8.924038581550121
Climate,ts_icl__model_config.context_length-256__pipeline_config.raw_inference.completed_at-2026-09-27T15_05_55.803199_00_00,1,1,0.885038881595241,0.8279425938470367,5.015876214951277,1,0,76428,0.0,17.205740615296328,17.205740615296328,1,17.205740615296328,1,1.0689616504483799,8.924038581550121
Climate,ts_icl__model_config.context_length-4096__pipeline_config.raw_inference.completed_at-2026-09-26T16_10_35.031952_00_00,1,1,0.8538191570818253,0.7987369394624099,67.36613115482032,1,0,76428,0.0,20.126306053759013,20.126306053759013,1,20.126306053759013,1,1.0689616504483799,8.924038581550121
Climate,ts_icl__model_config.context_length-512__pipeline_config.raw_inference.completed_at-2026-09-27T13_57_06.708985_00_00,1,1,0.8685646559538254,0.8125311657247037,6.615774556994438,1,0,76428,0.0,18.746883427529625,18.746883427529625,1,18.746883427529625,1,1.0689616504483799,8.924038581550121
Industry,chronos2__model_config.context_length-1024__pipeline_config.raw_inference.completed_at-2026-09-27T13_53_24.124790_00_00,1,1,0.7114217844519983,0.7098343678302172,0.1797883938997984,1,0,365850,0.0,29.016563216978277,29.016563216978277,1,29.016563216978277,1,1.0022363197581337,1.5401713643223047
Industry,chronos2__model_config.context_length-2048__pipeline_config.raw_inference.completed_at-2026-09-27T13_49_31.926309_00_00,1,1,0.7110117882880749,0.7094252865029487,0.20507215149700642,1,0,365850,0.0,29.057471349705132,29.057471349705132,1,29.057471349705132,1,1.0022363197581337,1.5401713643223047
Industry,chronos2__model_config.context_length-4096__pipeline_config.raw_inference.completed_at-2026-09-27T13_50_46.847502_00_00,1,1,0.7110117882880749,0.7094252865029487,0.2067328318953514,1,0,365850,0.0,29.057471349705132,29.057471349705132,1,29.057471349705132,1,1.0022363197581337,1.5401713643223047
Industry,chronos2__model_config.context_length-512__pipeline_config.raw_inference.completed_at-2026-09-27T13_54_41.384943_00_00,1,1,0.712443265290074,0.7108535694076678,0.13715254329144955,1,0,365850,0.0,28.914643059233224,28.914643059233224,1,28.914643059233224,1,1.0022363197581337,1.5401713643223047
Industry,chronos2__model_config.context_length-8192__pipeline_config.raw_inference.completed_at-2026-09-26T15_59_05.721714_00_00,1,1,0.7110117882880749,0.7094252865029487,0.21825782395899296,1,0,365850,0.0,29.057471349705132,29.057471349705132,1,29.057471349705132,1,1.0022363197581337,1.5401713643223047
Industry,chronos2__model_config.context_length-1024__pipeline_config.raw_inference.completed_at-2026-09-27T13_53_23.489801_00_00,1,1,0.7114719774045293,0.7072875052934693,0.2566473186016083,1,0,365850,0.0,29.27124947065307,29.27124947065307,1,29.27124947065307,1,1.0059162251273246,2.056097447872162
Industry,chronos2__model_config.context_length-2048__pipeline_config.raw_inference.completed_at-2026-09-27T13_49_31.268680_00_00,1,1,0.7112583040053169,0.7070750885992407,0.336949709802866,1,0,365850,0.0,29.292491140075928,29.292491140075928,1,29.292491140075928,1,1.0059162251273246,2.056097447872162
Industry,chronos2__model_config.context_length-4096__pipeline_config.raw_inference.completed_at-2026-09-27T13_50_46.185616_00_00,1,1,0.7112583040053169,0.7070750885992407,0.33974650874733925,1,0,365850,0.0,29.292491140075928,29.292491140075928,1,29.292491140075928,1,1.0059162251273246,2.056097447872162
Industry,chronos2__model_config.context_length-512__pipeline_config.raw_inference.completed_at-2026-09-27T13_54_40.793426_00_00,1,1,0.712359360876472,0.7081696696822884,0.15988630056381226,1,0,365850,0.0,29.183033031771156,29.183033031771156,1,29.183033031771156,1,1.0059162251273246,2.056097447872162
Industry,chronos2__model_config.context_length-8192__pipeline_config.raw_inference.completed_at-2026-09-26T15_59_05.052734_00_00,1,1,0.7112583040053169,0.7070750885992407,0.3412276729941368,1,0,365850,0.0,29.292491140075928,29.292491140075928,1,29.292491140075928,1,1.0059162251273246,2.056097447872162
Industry,chronos2__model_config.context_length-1024__pipeline_config.raw_inference.completed_at-2026-09-27T13_53_22.292981_00_00,1,1,0.7118669226308638,0.7127784053764579,1.5006525348871946,1,0,365850,0.0,28.722159462354213,28.722159462354213,1,28.722159462354213,1,0.9987212256449988,8.228978088125587
Industry,chronos2__model_config.context_length-2048__pipeline_config.raw_inference.completed_at-2026-09-27T13_49_29.997213_00_00,1,1,0.7114646384560039,0.7123756061122287,2.440098140388727,1,0,365850,0.0,28.76243938877713,28.76243938877713,1,28.76243938877713,1,0.9987212256449988,8.228978088125587
Industry,chronos2__model_config.context_length-4096__pipeline_config.raw_inference.completed_at-2026-09-27T13_50_44.906560_00_00,1,1,0.7114646384560039,0.7123756061122287,2.462526189163327,1,0,365850,0.0,28.76243938877713,28.76243938877713,1,28.76243938877713,1,0.9987212256449988,8.228978088125587
Industry,chronos2__model_config.context_length-512__pipeline_config.raw_inference.completed_at-2026-09-27T13_54_39.696006_00_00,1,1,0.7127244259361389,0.7136370066390088,0.9377275016158819,1,0,365850,0.0,28.636299336099125,28.636299336099125,1,28.636299336099125,1,0.9987212256449988,8.228978088125587
Industry,chronos2__model_config.context_length-8192__pipeline_config.raw_inference.completed_at-2026-09-26T15_59_03.772445_00_00,1,1,0.7114646384560039,0.7123756061122287,2.655595652759075,1,0,365850,0.0,28.76243938877713,28.76243938877713,1,28.76243938877713,1,0.9987212256449988,8.228978088125587
Industry,chronos_bolt__model_config.context_length-1024__pipeline_config.raw_inference.completed_at-2026-09-27T13_35_09.406385_00_00,1,1,0.7135322639243675,0.711940138126866,4.585964584723115,1,0,365850,0.0,28.805986187313405,28.805986187313405,1,28.805986187313405,1,1.0022363197581337,1.5401713643223047
Industry,chronos_bolt__model_config.context_length-128__pipeline_config.raw_inference.completed_at-2026-09-27T13_38_08.448004_00_00,1,1,0.7307200499249907,0.7290895725085407,1.7284492794424295,1,0,365850,0.0,27.091042749145934,27.091042749145934,1,27.091042749145934,1,1.0022363197581337,1.5401713643223047
Industry,chronos_bolt__model_config.context_length-2048__pipeline_config.raw_inference.completed_at-2026-09-26T16_07_36.052058_00_00,1,1,0.7137246917722527,0.7121321366047616,5.767583016306162,1,0,365850,0.0,28.78678633952384,28.78678633952384,1,28.78678633952384,1,1.0022363197581337,1.5401713643223047
Industry,chronos_bolt__model_config.context_length-256__pipeline_config.raw_inference.completed_at-2026-09-27T13_37_42.479971_00_00,1,1,0.7175655155245673,0.7159643902126147,2.0040167700499296,1,0,365850,0.0,28.40356097873853,28.40356097873853,1,28.40356097873853,1,1.0022363197581337,1.5401713643223047
Industry,chronos_bolt__model_config.context_length-512__pipeline_config.raw_inference.completed_at-2026-09-27T15_30_28.579526_00_00,1,1,0.7145098235386237,0.7129155164832321,2.8880250100046396,1,0,365850,0.0,28.708448351676786,28.708448351676786,1,28.708448351676786,1,1.0022363197581337,1.5401713643223047
Industry,chronos_bolt__model_config.context_length-1024__pipeline_config.raw_inference.completed_at-2026-09-27T13_35_04.581731_00_00,1,1,0.7137657415966836,0.7095677788737706,3.496258396655321,1,0,365850,0.0,29.043222112622935,29.043222112622935,1,29.043222112622935,1,1.0059162251273246,2.056097447872162
Industry,chronos_bolt__model_config.context_length-128__pipeline_config.raw_inference.completed_at-2026-09-27T13_38_06.478076_00_00,1,1,0.7313688414221176,0.727067347312689,1.466819416731596,1,0,365850,0.0,27.293265268731105,27.293265268731105,1,27.293265268731105,1,1.0059162251273246,2.056097447872162
Industry,chronos_bolt__model_config.context_length-2048__pipeline_config.raw_inference.completed_at-2026-09-26T16_07_30.046027_00_00,1,1,0.7140192438721245,0.7098197901935094,5.085257804021239,1,0,365850,0.0,29.018020980649062,29.018020980649062,1,29.018020980649062,1,1.0059162251273246,2.056097447872162
Industry,chronos_bolt__model_config.context_length-256__pipeline_config.raw_inference.completed_at-2026-09-27T13_37_40.234560_00_00,1,1,0.7174062259745644,0.7131868520002828,1.6870720405131578,1,0,365850,0.0,28.681314799971723,28.681314799971723,1,28.681314799971723,1,1.0059162251273246,2.056097447872162
Industry,chronos_bolt__model_config.context_length-512__pipeline_config.raw_inference.completed_at-2026-09-27T15_30_25.451677_00_00,1,1,0.7150946650989732,0.7108888864064794,2.249887388199568,1,0,365850,0.0,28.91111135935206,28.91111135935206,1,28.91111135935206,1,1.0059162251273246,2.056097447872162
Industry,chronos_bolt__model_config.context_length-1024__pipeline_config.raw_inference.completed_at-2026-09-27T13_35_00.354156_00_00,1,1,0.7162312124556529,0.7171482832890561,3.005122359842062,1,0,365850,0.0,28.28517167109439,28.28517167109439,1,28.28517167109439,1,0.9987212256449988,8.228978088125587
Industry,chronos_bolt__model_config.context_length-128__pipeline_config.raw_inference.completed_at-2026-09-27T13_38_04.269545_00_00,1,1,0.7288052906430453,0.7297384614734356,2.7546626925468445,1,0,365850,0.0,27.026153852656442,27.026153852656442,1,27.026153852656442,1,0.9987212256449988,8.228978088125587
Industry,chronos_bolt__model_config.context_length-2048__pipeline_config.raw_inference.completed_at-2026-09-26T16_07_24.222941_00_00,1,1,0.7166630909129093,0.7175807147285476,3.5580036360770464,1,0,365850,0.0,28.241928527145244,28.241928527145244,1,28.241928527145244,1,0.9987212256449988,8.228978088125587
Industry,chronos_bolt__model_config.context_length-256__pipeline_config.raw_inference.completed_at-2026-09-27T13_37_37.791210_00_00,1,1,0.7195761061312351,0.7204974598056781,2.7112518548965454,1,0,365850,0.0,27.950254019432187,27.950254019432187,1,27.950254019432187,1,0.9987212256449988,8.228978088125587
Industry,chronos_bolt__model_config.context_length-512__pipeline_config.raw_inference.completed_at-2026-09-27T15_30_22.454151_00_00,1,1,0.7172990276362182,0.7182174657126856,2.699529943987727,1,0,365850,0.0,28.178253428731438,28.178253428731438,1,28.178253428731438,1,0.9987212256449988,8.228978088125587
Industry,ts_icl__model_config.context_length-1024__pipeline_config.raw_inference.completed_at-2026-09-27T14_03_38.719449_00_00,1,1,0.7123442244773626,0.7107547495876723,0.7721416354179382,1,0,365850,0.0,28.924525041232773,28.924525041232773,1,28.924525041232773,1,1.0022363197581337,1.5401713643223047
Industry,ts_icl__model_config.context_length-2048__pipeline_config.raw_inference.completed_at-2026-09-27T14_12_27.606459_00_00,1,1,0.7116831869990798,0.710095187102008,2.303410416468978,1,0,365850,0.0,28.9904812897992,28.9904812897992,1,28.9904812897992,1,1.0022363197581337,1.5401713643223047
Industry,ts_icl__model_config.context_length-256__pipeline_config.raw_inference.completed_at-2026-09-27T15_11_01.193693_00_00,1,1,0.7166423550975864,0.7150432896609967,0.4479478243738413,1,0,365850,0.0,28.495671033900326,28.495671033900326,1,28.495671033900326,1,1.0022363197581337,1.5401713643223047
Industry,ts_icl__model_config.context_length-4096__pipeline_config.raw_inference.completed_at-2026-09-26T16_32_36.167971_00_00,1,1,0.7116831869990798,0.710095187102008,2.3083442095667124,1,0,365850,0.0,28.9904812897992,28.9904812897992,1,28.9904812897992,1,1.0022363197581337,1.5401713643223047
Industry,ts_icl__model_config.context_length-512__pipeline_config.raw_inference.completed_at-2026-09-27T14_02_42.037935_00_00,1,1,0.7136701737115454,0.7120777401918272,0.5467697158455849,1,0,365850,0.0,28.79222598081728,28.79222598081728,1,28.79222598081728,1,1.0022363197581337,1.5401713643223047
Industry,ts_icl__model_config.context_length-1024__pipeline_config.raw_inference.completed_at-2026-09-27T14_03_37.291357_00_00,1,1,0.7128403335198051,0.7086478135190402,1.2792634852230549,1,0,365850,0.0,29.135218648095986,29.135218648095986,1,29.135218648095986,1,1.0059162251273246,2.056097447872162
Industry,ts_icl__model_config.context_length-2048__pipeline_config.raw_inference.completed_at-2026-09-27T14_12_24.652308_00_00,1,1,0.7121692492493292,0.7079806761832337,4.700878733769059,1,0,365850,0.0,29.20193238167663,29.20193238167663,1,29.20193238167663,1,1.0059162251273246,2.056097447872162
Industry,ts_icl__model_config.context_length-256__pipeline_config.raw_inference.completed_at-2026-09-27T15_11_00.094782_00_00,1,1,0.7165113981650871,0.7122972870572738,0.7870780862867832,1,0,365850,0.0,28.77027129427262,28.77027129427262,1,28.77027129427262,1,1.0059162251273246,2.056097447872162
Industry,ts_icl__model_config.context_length-4096__pipeline_config.raw_inference.completed_at-2026-09-26T16_32_33.210606_00_00,1,1,0.7121692492493292,0.7079806761832337,4.724684810265899,1,0,365850,0.0,29.20193238167663,29.20193238167663,1,29.20193238167663,1,1.0059162251273246,2.056097447872162
Industry,ts_icl__model_config.context_length-512__pipeline_config.raw_inference.completed_at-2026-09-27T14_02_40.835140_00_00,1,1,0.7139247732574803,0.7097258752011031,0.9338578954339027,1,0,365850,0.0,29.02741247988969,29.02741247988969,1,29.02741247988969,1,1.0059162251273246,2.056097447872162
Industry,ts_icl__model_config.context_length-1024__pipeline_config.raw_inference.completed_at-2026-09-27T14_03_34.754787_00_00,1,1,0.7127979797954462,0.713710654677539,8.289793979376554,1,0,365850,0.0,28.6289345322461,28.6289345322461,1,28.6289345322461,1,0.9987212256449988,8.228978088125587
Industry,ts_icl__model_config.context_length-2048__pipeline_config.raw_inference.completed_at-2026-09-27T14_12_18.773443_00_00,1,1,0.7122914326225457,0.7132034589157052,32.77084722928703,1,0,365850,0.0,28.679654108429474,28.679654108429474,1,28.679654108429474,1,0.9987212256449988,8.228978088125587
Industry,ts_icl__model_config.context_length-256__pipeline_config.raw_inference.completed_at-2026-09-27T15_10_58.141942_00_00,1,1,0.7168660342693856,0.7177839179360745,4.881478996947408,1,0,365850,0.0,28.221608206392546,28.221608206392546,1,28.221608206392546,1,0.9987212256449988,8.228978088125587
Industry,ts_icl__model_config.context_length-4096__pipeline_config.raw_inference.completed_at-2026-09-26T16_32_27.329224_00_00,1,1,0.7122914326225457,0.7132034589157052,32.867394868284464,1,0,365850,0.0,28.679654108429474,28.679654108429474,1,28.679654108429474,1,0.9987212256449988,8.228978088125587
Industry,ts_icl__model_config.context_length-512__pipeline_config.raw_inference.completed_at-2026-09-27T14_02_38.730586_00_00,1,1,0.7139847402694566,0.7148989346935604,5.789191102609038,1,0,365850,0.0,28.510106530643963,28.510106530643963,1,28.510106530643963,1,0.9987212256449988,8.228978088125587
Sales,chronos2__model_config.context_length-1024__pipeline_config.raw_inference.completed_at-2026-09-27T13_52_07.062000_00_00,1,1,0.5599238347212872,0.3673067107338923,0.45327049493789673,1,0,116640,0.0,63.26932892661077,63.26932892661077,1,63.26932892661077,1,1.5244040426120686,1.5145772155374289
Sales,chronos2__model_config.context_length-2048__pipeline_config.raw_inference.completed_at-2026-09-27T13_48_04.475399_00_00,1,1,0.5532599382047175,0.36293523418942514,0.6172565594315529,1,0,116640,0.0,63.70647658105748,63.70647658105748,1,63.70647658105748,1,1.5244040426120686,1.5145772155374289
Sales,chronos2__model_config.context_length-4096__pipeline_config.raw_inference.completed_at-2026-09-27T13_49_03.038267_00_00,1,1,0.5532599382047175,0.36293523418942514,0.6194587405771017,1,0,116640,0.0,63.70647658105748,63.70647658105748,1,63.70647658105748,1,1.5244040426120686,1.5145772155374289
Sales,chronos2__model_config.context_length-512__pipeline_config.raw_inference.completed_at-2026-09-27T13_53_29.176034_00_00,1,1,0.587928841561423,0.3856778289265135,0.36847043968737125,1,0,116640,0.0,61.43221710734865,61.43221710734865,1,61.43221710734865,1,1.5244040426120686,1.5145772155374289
Sales,chronos2__model_config.context_length-8192__pipeline_config.raw_inference.completed_at-2026-09-26T15_56_49.384839_00_00,1,1,0.5532599382047175,0.36293523418942514,0.6225547306239605,1,0,116640,0.0,63.70647658105748,63.70647658105748,1,63.70647658105748,1,1.5244040426120686,1.5145772155374289
Sales,chronos_bolt__model_config.context_length-1024__pipeline_config.raw_inference.completed_at-2026-09-27T13_29_11.476450_00_00,1,1,0.609071400551082,0.3995472220786277,0.7151553109288216,1,0,116640,0.0,60.04527779213723,60.04527779213723,1,60.04527779213723,1,1.5244040426120686,1.5145772155374289
Sales,chronos_bolt__model_config.context_length-128__pipeline_config.raw_inference.completed_at-2026-09-27T13_35_11.265757_00_00,1,1,0.6905279071320712,0.4529822067047596,0.6637359317392111,1,0,116640,0.0,54.701779329524044,54.701779329524044,1,54.701779329524044,1,1.5244040426120686,1.5145772155374289
Sales,chronos_bolt__model_config.context_length-2048__pipeline_config.raw_inference.completed_at-2026-09-26T15_57_54.164063_00_00,1,1,0.6131470465479132,0.4022208216512499,0.8910238165408373,1,0,116640,0.0,59.777917834875005,59.777917834875005,1,59.777917834875005,1,1.5244040426120686,1.5145772155374289
Sales,chronos_bolt__model_config.context_length-256__pipeline_config.raw_inference.completed_at-2026-09-27T13_34_24.955664_00_00,1,1,0.6651533275089626,0.4363366331469585,0.6651225872337818,1,0,116640,0.0,56.366336685304155,56.366336685304155,1,56.366336685304155,1,1.5244040426120686,1.5145772155374289
Sales,chronos_bolt__model_config.context_length-512__pipeline_config.raw_inference.completed_at-2026-09-27T15_26_19.458848_00_00,1,1,0.632466916977732,0.4148945419312842,0.6569653358310461,1,0,116640,0.0,58.51054580687158,58.51054580687158,1,58.51054580687158,1,1.5244040426120686,1.5145772155374289
Sales,ts_icl__model_config.context_length-1024__pipeline_config.raw_inference.completed_at-2026-09-27T14_01_30.088656_00_00,1,1,0.6132575834524348,0.4022933332042448,1.705846719443798,1,0,116640,0.0,59.77066667957551,59.77066667957551,1,59.77066667957551,1,1.5244040426120686,1.5145772155374289
Sales,ts_icl__model_config.context_length-2048__pipeline_config.raw_inference.completed_at-2026-09-27T14_08_27.968571_00_00,1,1,0.6099946202120283,0.4001528486941045,7.462831061333418,1,0,116640,0.0,59.98471513058955,59.98471513058955,1,59.98471513058955,1,1.5244040426120686,1.5145772155374289
Sales,ts_icl__model_config.context_length-256__pipeline_config.raw_inference.completed_at-2026-09-27T15_09_43.490256_00_00,1,1,0.6731269326105794,0.44156727074613067,0.8482831474393606,1,0,116640,0.0,55.843272925386934,55.843272925386934,1,55.843272925386934,1,1.5244040426120686,1.5145772155374289
Sales,ts_icl__model_config.context_length-4096__pipeline_config.raw_inference.completed_at-2026-09-26T16_25_02.734529_00_00,1,1,0.6099946202120283,0.4001528486941045,7.478603854775429,1,0,116640,0.0,59.98471513058955,59.98471513058955,1,59.98471513058955,1,1.5244040426120686,1.5145772155374289
Sales,ts_icl__model_config.context_length-512__pipeline_config.raw_inference.completed_at-2026-09-27T14_01_12.684288_00_00,1,1,0.6324849227559755,0.41490635361489303,1.1751389149576426,1,0,116640,0.0,58.5093646385107,58.5093646385107,1,58.5093646385107,1,1.5244040426120686,1.5145772155374289
Sales,chronos2__model_config.context_length-1024__pipeline_config.raw_inference.completed_at-2026-09-27T13_52_16.823297_00_00,1,1,0.6110523213965638,0.42837406434226344,0.5200031585991383,1,0,165240,0.0,57.162593565773655,57.162593565773655,1,57.162593565773655,1,1.4264456517338167,2.1833340283483267
Sales,chronos2__model_config.context_length-2048__pipeline_config.raw_inference.completed_at-2026-09-27T13_48_14.546017_00_00,1,1,0.6049073017593081,0.424066140216457,0.7948675323277712,1,0,165240,0.0,57.593385978354306,57.593385978354306,1,57.593385978354306,1,1.4264456517338167,2.1833340283483267
Sales,chronos2__model_config.context_length-4096__pipeline_config.raw_inference.completed_at-2026-09-27T13_49_13.047774_00_00,1,1,0.6049073017593081,0.424066140216457,0.7969425451010466,1,0,165240,0.0,57.593385978354306,57.593385978354306,1,57.593385978354306,1,1.4264456517338167,2.1833340283483267
Sales,chronos2__model_config.context_length-512__pipeline_config.raw_inference.completed_at-2026-09-27T13_53_38.875732_00_00,1,1,0.6252835234730517,0.4383507515432024,0.38783992640674114,1,0,165240,0.0,56.164924845679764,56.164924845679764,1,56.164924845679764,1,1.4264456517338167,2.1833340283483267
Sales,chronos2__model_config.context_length-8192__pipeline_config.raw_inference.completed_at-2026-09-26T15_56_59.410157_00_00,1,1,0.6049073017593081,0.424066140216457,0.8022119756788015,1,0,165240,0.0,57.593385978354306,57.593385978354306,1,57.593385978354306,1,1.4264456517338167,2.1833340283483267
Sales,chronos_bolt__model_config.context_length-1024__pipeline_config.raw_inference.completed_at-2026-09-27T13_29_21.795505_00_00,1,1,0.6460288825754117,0.45289414411981016,0.9457484949380159,1,0,165240,0.0,54.71058558801898,54.71058558801898,1,54.71058558801898,1,1.4264456517338167,2.1833340283483267
Sales,chronos_bolt__model_config.context_length-128__pipeline_config.raw_inference.completed_at-2026-09-27T13_35_21.542921_00_00,1,1,0.7117986230173354,0.4990015723011656,0.8568964470177889,1,0,165240,0.0,50.09984276988344,50.09984276988344,1,50.09984276988344,1,1.4264456517338167,2.1833340283483267
Sales,chronos_bolt__model_config.context_length-2048__pipeline_config.raw_inference.completed_at-2026-09-26T15_58_04.699286_00_00,1,1,0.6500187666725908,0.4556912251669076,1.2324194479733706,1,0,165240,0.0,54.43087748330924,54.43087748330924,1,54.43087748330924,1,1.4264456517338167,2.1833340283483267
Sales,chronos_bolt__model_config.context_length-256__pipeline_config.raw_inference.completed_at-2026-09-27T13_34_35.224226_00_00,1,1,0.6960541568451261,0.48796402162191455,0.8716856725513935,1,0,165240,0.0,51.203597837808545,51.203597837808545,1,51.203597837808545,1,1.4264456517338167,2.1833340283483267
Sales,chronos_bolt__model_config.context_length-512__pipeline_config.raw_inference.completed_at-2026-09-27T15_26_29.675321_00_00,1,1,0.6602365766453409,0.4628543511930064,0.8566942550241947,1,0,165240,0.0,53.71456488069937,53.71456488069937,1,53.71456488069937,1,1.4264456517338167,2.1833340283483267
Sales,ts_icl__model_config.context_length-1024__pipeline_config.raw_inference.completed_at-2026-09-27T14_01_36.744670_00_00,1,1,0.6611217748105092,0.46347491333225954,2.37735147587955,1,0,165240,0.0,53.65250866677405,53.65250866677405,1,53.65250866677405,1,1.4264456517338167,2.1833340283483267
Sales,ts_icl__model_config.context_length-2048__pipeline_config.raw_inference.completed_at-2026-09-27T14_08_42.805051_00_00,1,1,0.6594302215265823,0.4622890614339619,10.549842638894916,1,0,165240,0.0,53.77109385660381,53.77109385660381,1,53.77109385660381,1,1.4264456517338167,2.1833340283483267
Sales,ts_icl__model_config.context_length-256__pipeline_config.raw_inference.completed_at-2026-09-27T15_09_48.916661_00_00,1,1,0.7127109884453481,0.4996411798648353,1.1448356974869967,1,0,165240,0.0,50.03588201351648,50.03588201351648,1,50.03588201351648,1,1.4264456517338167,2.1833340283483267
Sales,ts_icl__model_config.context_length-4096__pipeline_config.raw_inference.completed_at-2026-09-26T16_25_17.435025_00_00,1,1,0.6594302215265823,0.4622890614339619,10.442289749160409,1,0,165240,0.0,53.77109385660381,53.77109385660381,1,53.77109385660381,1,1.4264456517338167,2.1833340283483267
Sales,ts_icl__model_config.context_length-512__pipeline_config.raw_inference.completed_at-2026-09-27T14_01_18.543195_00_00,1,1,0.6762937461999182,0.4741111204467527,1.5222131181508303,1,0,165240,0.0,52.58888795532472,52.58888795532472,1,52.58888795532472,1,1.4264456517338167,2.1833340283483267
Economics,chronos2__model_config.context_length-1024__pipeline_config.raw_inference.completed_at-2026-09-27T13_50_42.804963_00_00,1,1,1.0014785119848475,0.564975767585351,0.1840304546058178,1,0,7560,0.0,43.5024232414649,43.5024232414649,1,43.5024232414649,1,1.7726043654315742,0.30578317306935787
Economics,chronos2__model_config.context_length-2048__pipeline_config.raw_inference.completed_at-2026-09-27T13_46_39.411836_00_00,1,1,1.0014785119848475,0.564975767585351,0.18713058717548847,1,0,7560,0.0,43.5024232414649,43.5024232414649,1,43.5024232414649,1,1.7726043654315742,0.30578317306935787
Economics,chronos2__model_config.context_length-4096__pipeline_config.raw_inference.completed_at-2026-09-27T13_47_38.611068_00_00,1,1,1.0014785119848475,0.564975767585351,0.1845790110528469,1,0,7560,0.0,43.5024232414649,43.5024232414649,1,43.5024232414649,1,1.7726043654315742,0.30578317306935787
Economics,chronos2__model_config.context_length-512__pipeline_config.raw_inference.completed_at-2026-09-27T13_52_04.781121_00_00,1,1,1.0014785119848475,0.564975767585351,0.1893247477710247,1,0,7560,0.0,43.5024232414649,43.5024232414649,1,43.5024232414649,1,1.7726043654315742,0.30578317306935787
Economics,chronos2__model_config.context_length-8192__pipeline_config.raw_inference.completed_at-2026-09-26T15_55_25.157102_00_00,1,1,1.0014785119848475,0.564975767585351,0.1909192819148302,1,0,7560,0.0,43.5024232414649,43.5024232414649,1,43.5024232414649,1,1.7726043654315742,0.30578317306935787
Economics,chronos_bolt__model_config.context_length-1024__pipeline_config.raw_inference.completed_at-2026-09-27T13_27_44.073341_00_00,1,1,0.946363574229049,0.5338831341525208,0.30358743108808994,1,0,7560,0.0,46.61168658474792,46.61168658474792,1,46.61168658474792,1,1.7726043654315742,0.30578317306935787
Economics,chronos_bolt__model_config.context_length-128__pipeline_config.raw_inference.completed_at-2026-09-27T13_33_44.752594_00_00,1,1,0.8954925737010817,0.5051846825859853,0.29183243960142136,1,0,7560,0.0,49.481531741401476,49.481531741401476,1,49.481531741401476,1,1.7726043654315742,0.30578317306935787
Economics,chronos_bolt__model_config.context_length-2048__pipeline_config.raw_inference.completed_at-2026-09-26T15_56_26.248635_00_00,1,1,0.946363574229049,0.5338831341525208,0.30582667514681816,1,0,7560,0.0,46.61168658474792,46.61168658474792,1,46.61168658474792,1,1.7726043654315742,0.30578317306935787
Economics,chronos_bolt__model_config.context_length-256__pipeline_config.raw_inference.completed_at-2026-09-27T13_32_58.497147_00_00,1,1,0.9219326220591433,0.5201006158160292,0.29415114410221577,1,0,7560,0.0,47.98993841839708,47.98993841839708,1,47.98993841839708,1,1.7726043654315742,0.30578317306935787
Economics,chronos_bolt__model_config.context_length-512__pipeline_config.raw_inference.completed_at-2026-09-27T15_24_52.260669_00_00,1,1,0.946363574229049,0.5338831341525208,0.306242473423481,1,0,7560,0.0,46.61168658474792,46.61168658474792,1,46.61168658474792,1,1.7726043654315742,0.30578317306935787
Economics,ts_icl__model_config.context_length-1024__pipeline_config.raw_inference.completed_at-2026-09-27T14_00_41.946442_00_00,1,1,0.8894946186201814,0.5018009861459509,0.9811413902789354,1,0,7560,0.0,49.819901385404904,49.819901385404904,1,49.819901385404904,1,1.7726043654315742,0.30578317306935787
Economics,ts_icl__model_config.context_length-2048__pipeline_config.raw_inference.completed_at-2026-09-27T14_07_33.858559_00_00,1,1,0.8894946186201814,0.5018009861459509,0.9971345867961645,1,0,7560,0.0,49.819901385404904,49.819901385404904,1,49.819901385404904,1,1.7726043654315742,0.30578317306935787
Economics,ts_icl__model_config.context_length-256__pipeline_config.raw_inference.completed_at-2026-09-27T15_08_58.499194_00_00,1,1,0.861107107347078,0.4857864079204301,0.2763233222067356,1,0,7560,0.0,51.42135920795698,51.42135920795698,1,51.42135920795698,1,1.7726043654315742,0.30578317306935787
Economics,ts_icl__model_config.context_length-4096__pipeline_config.raw_inference.completed_at-2026-09-26T16_24_08.825830_00_00,1,1,0.8894946186201814,0.5018009861459509,1.0123887546360493,1,0,7560,0.0,49.819901385404904,49.819901385404904,1,49.819901385404904,1,1.7726043654315742,0.30578317306935787
Economics,ts_icl__model_config.context_length-512__pipeline_config.raw_inference.completed_at-2026-09-27T14_00_25.209588_00_00,1,1,0.8894946186201814,0.5018009861459509,1.0988834016025066,1,0,7560,0.0,49.819901385404904,49.819901385404904,1,49.819901385404904,1,1.7726043654315742,0.30578317306935787
Finance,chronos2__model_config.context_length-1024__pipeline_config.raw_inference.completed_at-2026-09-27T13_49_46.786649_00_00,1,1,1.488265636983855,0.843215749916244,1.0218585301190615,1,0,241200,0.0,15.678425008375596,15.678425008375596,1,15.678425008375596,1,1.7649879489699798,77.26410664245486
Finance,chronos2__model_config.context_length-2048__pipeline_config.raw_inference.completed_at-2026-09-27T13_45_42.643717_00_00,1,1,1.501271885636013,0.8505847796366726,1.8204657193273306,1,0,241200,0.0,14.941522036332744,14.941522036332744,1,14.941522036332744,1,1.7649879489699798,77.26410664245486
Finance,chronos2__model_config.context_length-4096__pipeline_config.raw_inference.completed_at-2026-09-27T13_46_41.555567_00_00,1,1,1.4971261242029459,0.8482358902657925,3.511544220149517,1,0,241200,0.0,15.17641097342075,15.17641097342075,1,15.17641097342075,1,1.7649879489699798,77.26410664245486
Finance,chronos2__model_config.context_length-512__pipeline_config.raw_inference.completed_at-2026-09-27T13_51_07.958241_00_00,1,1,1.490464269814844,0.844461442745066,0.6162319984287024,1,0,241200,0.0,15.553855725493404,15.553855725493404,1,15.553855725493404,1,1.7649879489699798,77.26410664245486
Finance,chronos2__model_config.context_length-8192__pipeline_config.raw_inference.completed_at-2026-09-26T15_54_27.831601_00_00,1,1,1.495406901303508,0.8472618196493663,7.176064524799585,1,0,241200,0.0,15.27381803506337,15.27381803506337,1,15.27381803506337,1,1.7649879489699798,77.26410664245486
Finance,chronos_bolt__model_config.context_length-1024__pipeline_config.raw_inference.completed_at-2026-09-27T13_26_44.788952_00_00,1,1,1.6044687529792911,0.909053658930439,2.274445556104183,1,0,241200,0.0,9.0946341069561,9.0946341069561,1,9.0946341069561,1,1.7649879489699798,77.26410664245486
Finance,chronos_bolt__model_config.context_length-128__pipeline_config.raw_inference.completed_at-2026-09-27T13_32_46.821216_00_00,1,1,1.597635461209567,0.9051820790855386,1.707573028281331,1,0,241200,0.0,9.48179209144614,9.48179209144614,1,9.48179209144614,1,1.7649879489699798,77.26410664245486
Finance,chronos_bolt__model_config.context_length-2048__pipeline_config.raw_inference.completed_at-2026-09-26T15_55_28.176860_00_00,1,1,1.5723117180459338,0.8908342512839882,2.331964299082756,1,0,241200,0.0,10.916574871601181,10.916574871601181,1,10.916574871601181,1,1.7649879489699798,77.26410664245486
Finance,chronos_bolt__model_config.context_length-256__pipeline_config.raw_inference.completed_at-2026-09-27T13_32_00.809012_00_00,1,1,1.559364503046506,0.8834986686206711,1.8012144919484854,1,0,241200,0.0,11.650133137932894,11.650133137932894,1,11.650133137932894,1,1.7649879489699798,77.26410664245486
Finance,chronos_bolt__model_config.context_length-512__pipeline_config.raw_inference.completed_at-2026-09-27T15_23_53.442645_00_00,1,1,1.546352283100039,0.8761262557075625,1.699008785188198,1,0,241200,0.0,12.387374429243748,12.387374429243748,1,12.387374429243748,1,1.7649879489699798,77.26410664245486
Finance,ts_icl__model_config.context_length-1024__pipeline_config.raw_inference.completed_at-2026-09-27T14_00_12.271364_00_00,1,1,1.5199552845825461,0.8611703470664313,5.839230848476291,1,0,241200,0.0,13.882965293356875,13.882965293356875,1,13.882965293356875,1,1.7649879489699798,77.26410664245486
Finance,ts_icl__model_config.context_length-2048__pipeline_config.raw_inference.completed_at-2026-09-27T14_07_02.114406_00_00,1,1,1.5014381066043538,0.85067895646572,12.019424280151725,1,0,241200,0.0,14.932104353427999,14.932104353427999,1,14.932104353427999,1,1.7649879489699798,77.26410664245486
Finance,ts_icl__model_config.context_length-256__pipeline_config.raw_inference.completed_at-2026-09-27T15_08_30.318235_00_00,1,1,1.5210902816475813,0.8618134092843334,3.1540105920284986,1,0,241200,0.0,13.818659071566664,13.818659071566664,1,13.818659071566664,1,1.7649879489699798,77.26410664245486
Finance,ts_icl__model_config.context_length-4096__pipeline_config.raw_inference.completed_at-2026-09-26T16_23_30.955745_00_00,1,1,1.5298372792725325,0.8667692491415153,32.254486959427595,1,0,241200,0.0,13.323075085848469,13.323075085848469,1,13.323075085848469,1,1.7649879489699798,77.26410664245486
Finance,ts_icl__model_config.context_length-512__pipeline_config.raw_inference.completed_at-2026-09-27T13_59_55.462410_00_00,1,1,1.4985224367801102,0.8490270076091031,3.6399148758500814,1,0,241200,0.0,15.09729923908969,15.09729923908969,1,15.09729923908969,1,1.7649879489699798,77.26410664245486
Economics,chronos2__model_config.context_length-1024__pipeline_config.raw_inference.completed_at-2026-09-27T13_50_15.245754_00_00,1,1,0.3483185384775645,0.35956864707354164,0.18774462305009365,1,0,1134,0.0,64.04313529264584,64.04313529264584,1,64.04313529264584,1,0.9687122092330922,0.128484595566988
Economics,chronos2__model_config.context_length-2048__pipeline_config.raw_inference.completed_at-2026-09-27T13_46_11.468879_00_00,1,1,0.3483185384775645,0.35956864707354164,0.18775729276239872,1,0,1134,0.0,64.04313529264584,64.04313529264584,1,64.04313529264584,1,0.9687122092330922,0.128484595566988
Economics,chronos2__model_config.context_length-4096__pipeline_config.raw_inference.completed_at-2026-09-27T13_47_10.753486_00_00,1,1,0.3483185384775645,0.35956864707354164,0.1878244113177061,1,0,1134,0.0,64.04313529264584,64.04313529264584,1,64.04313529264584,1,0.9687122092330922,0.128484595566988
Economics,chronos2__model_config.context_length-512__pipeline_config.raw_inference.completed_at-2026-09-27T13_51_36.947822_00_00,1,1,0.35847618857587665,0.37005437235035393,0.18676392547786236,1,0,1134,0.0,62.9945627649646,62.9945627649646,1,62.9945627649646,1,0.9687122092330922,0.128484595566988
Economics,chronos2__model_config.context_length-8192__pipeline_config.raw_inference.completed_at-2026-09-26T15_54_57.246214_00_00,1,1,0.3483185384775645,0.35956864707354164,0.1882578246295452,1,0,1134,0.0,64.04313529264584,64.04313529264584,1,64.04313529264584,1,0.9687122092330922,0.128484595566988
Economics,chronos_bolt__model_config.context_length-1024__pipeline_config.raw_inference.completed_at-2026-09-27T13_27_15.025753_00_00,1,1,0.41508574302996104,0.4284923211183383,0.41510075703263283,1,0,1134,0.0,57.15076788816618,57.15076788816618,1,57.15076788816618,1,0.9687122092330922,0.128484595566988
Economics,chronos_bolt__model_config.context_length-128__pipeline_config.raw_inference.completed_at-2026-09-27T13_33_16.205896_00_00,1,1,0.4076368013620144,0.42080279104227597,0.24275114201009274,1,0,1134,0.0,57.9197208957724,57.9197208957724,1,57.9197208957724,1,0.9687122092330922,0.128484595566988
Economics,chronos_bolt__model_config.context_length-2048__pipeline_config.raw_inference.completed_at-2026-09-26T15_55_57.614904_00_00,1,1,0.41508574302996104,0.4284923211183383,0.25068590603768826,1,0,1134,0.0,57.15076788816618,57.15076788816618,1,57.15076788816618,1,0.9687122092330922,0.128484595566988
Economics,chronos_bolt__model_config.context_length-256__pipeline_config.raw_inference.completed_at-2026-09-27T13_32_30.144508_00_00,1,1,0.4749161079296356,0.49025510714437687,0.2421636115759611,1,0,1134,0.0,50.97448928556232,50.97448928556232,1,50.97448928556232,1,0.9687122092330922,0.128484595566988
Economics,chronos_bolt__model_config.context_length-512__pipeline_config.raw_inference.completed_at-2026-09-27T15_24_22.694467_00_00,1,1,0.4314074026019966,0.44534114310743766,0.24190028570592403,1,0,1134,0.0,55.46588568925623,55.46588568925623,1,55.46588568925623,1,0.9687122092330922,0.128484595566988
Economics,ts_icl__model_config.context_length-1024__pipeline_config.raw_inference.completed_at-2026-09-27T14_00_27.765085_00_00,1,1,0.34658902070398,0.35778326875674127,0.4104080218821764,1,0,1134,0.0,64.22167312432587,64.22167312432587,1,64.22167312432587,1,0.9687122092330922,0.128484595566988
Economics,ts_icl__model_config.context_length-2048__pipeline_config.raw_inference.completed_at-2026-09-27T14_07_19.665944_00_00,1,1,0.34658902070398,0.35778326875674127,0.42101066932082176,1,0,1134,0.0,64.22167312432587,64.22167312432587,1,64.22167312432587,1,0.9687122092330922,0.128484595566988
Economics,ts_icl__model_config.context_length-256__pipeline_config.raw_inference.completed_at-2026-09-27T15_08_45.093222_00_00,1,1,0.3970072145331496,0.4098298862646227,0.20058903098106384,1,0,1134,0.0,59.017011373537734,59.017011373537734,1,59.017011373537734,1,0.9687122092330922,0.128484595566988
Economics,ts_icl__model_config.context_length-4096__pipeline_config.raw_inference.completed_at-2026-09-26T16_23_54.550901_00_00,1,1,0.34658902070398,0.35778326875674127,0.4226381927728653,1,0,1134,0.0,64.22167312432587,64.22167312432587,1,64.22167312432587,1,0.9687122092330922,0.128484595566988
Economics,ts_icl__model_config.context_length-512__pipeline_config.raw_inference.completed_at-2026-09-27T14_00_10.927288_00_00,1,1,0.36174101924813823,0.37342465161507615,0.2197869960218668,1,0,1134,0.0,62.65753483849239,62.65753483849239,1,62.65753483849239,1,0.9687122092330922,0.128484595566988
Sales,chronos2__model_config.context_length-1024__pipeline_config.raw_inference.completed_at-2026-09-27T13_51_48.084754_00_00,1,1,0.8347676413435652,0.6419425789779618,0.187467148527503,1,0,5400,0.0,35.80574210220382,35.80574210220382,1,35.80574210220382,1,1.3003774304433904,0.27607775293290615
Sales,chronos2__model_config.context_length-2048__pipeline_config.raw_inference.completed_at-2026-09-27T13_47_45.011989_00_00,1,1,0.8347676413435652,0.6419425789779618,0.18988102301955223,1,0,5400,0.0,35.80574210220382,35.80574210220382,1,35.80574210220382,1,1.3003774304433904,0.27607775293290615
Sales,chronos2__model_config.context_length-4096__pipeline_config.raw_inference.completed_at-2026-09-27T13_48_43.876067_00_00,1,1,0.8347676413435652,0.6419425789779618,0.18801314942538738,1,0,5400,0.0,35.80574210220382,35.80574210220382,1,35.80574210220382,1,1.3003774304433904,0.27607775293290615
Sales,chronos2__model_config.context_length-512__pipeline_config.raw_inference.completed_at-2026-09-27T13_53_10.257076_00_00,1,1,0.8280630096812075,0.6367866669285873,0.18910651467740536,1,0,5400,0.0,36.321333307141266,36.321333307141266,1,36.321333307141266,1,1.3003774304433904,0.27607775293290615
Sales,chronos2__model_config.context_length-8192__pipeline_config.raw_inference.completed_at-2026-09-26T15_56_30.337924_00_00,1,1,0.8347676413435652,0.6419425789779618,0.1882450208067894,1,0,5400,0.0,35.80574210220382,35.80574210220382,1,35.80574210220382,1,1.3003774304433904,0.27607775293290615
Sales,chronos_bolt__model_config.context_length-1024__pipeline_config.raw_inference.completed_at-2026-09-27T13_28_52.165445_00_00,1,1,0.772428342710334,0.5940031906328601,0.29057532735168934,1,0,5400,0.0,40.59968093671399,40.59968093671399,1,40.59968093671399,1,1.3003774304433904,0.27607775293290615
Sales,chronos_bolt__model_config.context_length-128__pipeline_config.raw_inference.completed_at-2026-09-27T13_34_51.851337_00_00,1,1,0.8186263775160688,0.6295298259959351,0.2776528690010309,1,0,5400,0.0,37.04701740040649,37.04701740040649,1,37.04701740040649,1,1.3003774304433904,0.27607775293290615
Sales,chronos_bolt__model_config.context_length-2048__pipeline_config.raw_inference.completed_at-2026-09-26T15_57_34.693765_00_00,1,1,0.772428342710334,0.5940031906328601,0.2863972056657076,1,0,5400,0.0,40.59968093671399,40.59968093671399,1,40.59968093671399,1,1.3003774304433904,0.27607775293290615
Sales,chronos_bolt__model_config.context_length-256__pipeline_config.raw_inference.completed_at-2026-09-27T13_34_05.572527_00_00,1,1,0.8455032945896184,0.6501983768676504,0.2740479726344347,1,0,5400,0.0,34.98016231323496,34.98016231323496,1,34.98016231323496,1,1.3003774304433904,0.27607775293290615
Sales,chronos_bolt__model_config.context_length-512__pipeline_config.raw_inference.completed_at-2026-09-27T15_26_00.047356_00_00,1,1,0.7712553567784853,0.5931011556510251,0.2755671590566635,1,0,5400,0.0,40.68988443489749,40.68988443489749,1,40.68988443489749,1,1.3003774304433904,0.27607775293290615
Sales,ts_icl__model_config.context_length-1024__pipeline_config.raw_inference.completed_at-2026-09-27T14_01_19.862438_00_00,1,1,0.7954957586106187,0.6117422065218235,0.7398041747510433,1,0,5400,0.0,38.825779347817644,38.825779347817644,1,38.825779347817644,1,1.3003774304433904,0.27607775293290615
Sales,ts_icl__model_config.context_length-2048__pipeline_config.raw_inference.completed_at-2026-09-27T14_08_11.948934_00_00,1,1,0.7954957586106187,0.6117422065218235,0.8631249088793993,1,0,5400,0.0,38.825779347817644,38.825779347817644,1,38.825779347817644,1,1.3003774304433904,0.27607775293290615
Sales,ts_icl__model_config.context_length-256__pipeline_config.raw_inference.completed_at-2026-09-27T15_09_34.170359_00_00,1,1,0.8098029747540526,0.622744563074994,0.25050861202180386,1,0,5400,0.0,37.725543692500594,37.725543692500594,1,37.725543692500594,1,1.3003774304433904,0.27607775293290615
Sales,ts_icl__model_config.context_length-4096__pipeline_config.raw_inference.completed_at-2026-09-26T16_24_46.721344_00_00,1,1,0.7954957586106187,0.6117422065218235,0.7498055472970009,1,0,5400,0.0,38.825779347817644,38.825779347817644,1,38.825779347817644,1,1.3003774304433904,0.27607775293290615
Sales,ts_icl__model_config.context_length-512__pipeline_config.raw_inference.completed_at-2026-09-27T14_01_02.973613_00_00,1,1,0.7947507840576177,0.6111693155014472,0.27246607653796673,1,0,5400,0.0,38.88306844985529,38.88306844985529,1,38.88306844985529,1,1.3003774304433904,0.27607775293290615
Economics,chronos2__model_config.context_length-1024__pipeline_config.raw_inference.completed_at-2026-09-27T13_50_52.185153_00_00,1,1,0.709383837497795,0.6377317787460499,0.20024531707167625,1,0,3240,0.0,36.22682212539501,36.22682212539501,1,36.22682212539501,1,1.1123545370322176,0.13430923037230968
Economics,chronos2__model_config.context_length-2048__pipeline_config.raw_inference.completed_at-2026-09-27T13_46_48.851903_00_00,1,1,0.709383837497795,0.6377317787460499,0.18738888949155807,1,0,3240,0.0,36.22682212539501,36.22682212539501,1,36.22682212539501,1,1.1123545370322176,0.13430923037230968
Economics,chronos2__model_config.context_length-4096__pipeline_config.raw_inference.completed_at-2026-09-27T13_47_47.870080_00_00,1,1,0.709383837497795,0.6377317787460499,0.18745707906782627,1,0,3240,0.0,36.22682212539501,36.22682212539501,1,36.22682212539501,1,1.1123545370322176,0.13430923037230968
Economics,chronos2__model_config.context_length-512__pipeline_config.raw_inference.completed_at-2026-09-27T13_52_14.047824_00_00,1,1,0.709383837497795,0.6377317787460499,0.18849363923072815,1,0,3240,0.0,36.22682212539501,36.22682212539501,1,36.22682212539501,1,1.1123545370322176,0.13430923037230968
Economics,chronos2__model_config.context_length-8192__pipeline_config.raw_inference.completed_at-2026-09-26T15_55_34.412670_00_00,1,1,0.709383837497795,0.6377317787460499,0.18787822872400284,1,0,3240,0.0,36.22682212539501,36.22682212539501,1,36.22682212539501,1,1.1123545370322176,0.13430923037230968
Economics,chronos_bolt__model_config.context_length-1024__pipeline_config.raw_inference.completed_at-2026-09-27T13_27_53.528895_00_00,1,1,0.8110847872803042,0.7291603173969096,0.24987133778631687,1,0,3240,0.0,27.083968260309042,27.083968260309042,1,27.083968260309042,1,1.1123545370322176,0.13430923037230968
Economics,chronos_bolt__model_config.context_length-128__pipeline_config.raw_inference.completed_at-2026-09-27T13_33_54.266043_00_00,1,1,0.7915282084083504,0.7115790712915706,0.24321225844323635,1,0,3240,0.0,28.84209287084294,28.84209287084294,1,28.84209287084294,1,1.1123545370322176,0.13430923037230968
Economics,chronos_bolt__model_config.context_length-2048__pipeline_config.raw_inference.completed_at-2026-09-26T15_56_36.189832_00_00,1,1,0.8110847872803042,0.7291603173969096,0.3622156959027052,1,0,3240,0.0,27.083968260309042,27.083968260309042,1,27.083968260309042,1,1.1123545370322176,0.13430923037230968
Economics,chronos_bolt__model_config.context_length-256__pipeline_config.raw_inference.completed_at-2026-09-27T13_33_08.091737_00_00,1,1,0.8049692998418753,0.7236625311832217,0.23878882266581059,1,0,3240,0.0,27.633746881677833,27.633746881677833,1,27.633746881677833,1,1.1123545370322176,0.13430923037230968
Economics,chronos_bolt__model_config.context_length-512__pipeline_config.raw_inference.completed_at-2026-09-27T15_25_01.958010_00_00,1,1,0.8110847872803042,0.7291603173969096,0.2528922986239195,1,0,3240,0.0,27.083968260309042,27.083968260309042,1,27.083968260309042,1,1.1123545370322176,0.13430923037230968
Economics,ts_icl__model_config.context_length-1024__pipeline_config.raw_inference.completed_at-2026-09-27T14_00_46.657036_00_00,1,1,0.7929232236339933,0.7128331815407766,0.517662338912487,1,0,3240,0.0,28.71668184592234,28.71668184592234,1,28.71668184592234,1,1.1123545370322176,0.13430923037230968
Economics,ts_icl__model_config.context_length-2048__pipeline_config.raw_inference.completed_at-2026-09-27T14_07_38.540922_00_00,1,1,0.7929232236339933,0.7128331815407766,0.5302619207650423,1,0,3240,0.0,28.71668184592234,28.71668184592234,1,28.71668184592234,1,1.1123545370322176,0.13430923037230968
Economics,ts_icl__model_config.context_length-256__pipeline_config.raw_inference.completed_at-2026-09-27T15_09_02.844643_00_00,1,1,0.8017494321486598,0.7207678896044619,0.2167909312993288,1,0,3240,0.0,27.92321103955381,27.92321103955381,1,27.92321103955381,1,1.1123545370322176,0.13430923037230968
Economics,ts_icl__model_config.context_length-4096__pipeline_config.raw_inference.completed_at-2026-09-26T16_24_13.471230_00_00,1,1,0.7929232236339933,0.7128331815407766,0.5505684707313776,1,0,3240,0.0,28.71668184592234,28.71668184592234,1,28.71668184592234,1,1.1123545370322176,0.13430923037230968
Economics,ts_icl__model_config.context_length-512__pipeline_config.raw_inference.completed_at-2026-09-27T14_00_29.930066_00_00,1,1,0.7929232236339933,0.7128331815407766,0.5543703623116016,1,0,3240,0.0,28.71668184592234,28.71668184592234,1,28.71668184592234,1,1.1123545370322176,0.13430923037230968
Economics,chronos2__model_config.context_length-1024__pipeline_config.raw_inference.completed_at-2026-09-27T13_51_29.511316_00_00,1,1,0.9486989791711424,0.7439285982659435,0.1836316492408514,1,0,2700,0.0,25.60714017340565,25.60714017340565,1,25.60714017340565,1,1.2752554228759418,0.3126157093793154
Economics,chronos2__model_config.context_length-2048__pipeline_config.raw_inference.completed_at-2026-09-27T13_47_26.390683_00_00,1,1,0.9486989791711424,0.7439285982659435,0.18416192382574081,1,0,2700,0.0,25.60714017340565,25.60714017340565,1,25.60714017340565,1,1.2752554228759418,0.3126157093793154
Economics,chronos2__model_config.context_length-4096__pipeline_config.raw_inference.completed_at-2026-09-27T13_48_25.163713_00_00,1,1,0.9486989791711424,0.7439285982659435,0.1847123336046934,1,0,2700,0.0,25.60714017340565,25.60714017340565,1,25.60714017340565,1,1.2752554228759418,0.3126157093793154
Economics,chronos2__model_config.context_length-512__pipeline_config.raw_inference.completed_at-2026-09-27T13_52_51.718146_00_00,1,1,0.9486989791711424,0.7439285982659435,0.18453517369925976,1,0,2700,0.0,25.60714017340565,25.60714017340565,1,25.60714017340565,1,1.2752554228759418,0.3126157093793154
Economics,chronos2__model_config.context_length-8192__pipeline_config.raw_inference.completed_at-2026-09-26T15_56_11.762064_00_00,1,1,0.9486989791711424,0.7439285982659435,0.18553589098155499,1,0,2700,0.0,25.60714017340565,25.60714017340565,1,25.60714017340565,1,1.2752554228759418,0.3126157093793154
Economics,chronos_bolt__model_config.context_length-1024__pipeline_config.raw_inference.completed_at-2026-09-27T13_28_32.596238_00_00,1,1,0.9984850154591438,0.7829686489059356,0.3030396141111851,1,0,2700,0.0,21.703135109406436,21.703135109406436,1,21.703135109406436,1,1.2752554228759418,0.3126157093793154
Economics,chronos_bolt__model_config.context_length-128__pipeline_config.raw_inference.completed_at-2026-09-27T13_34_32.381063_00_00,1,1,0.9856588122986761,0.7729108966075434,0.29306622594594955,1,0,2700,0.0,22.70891033924566,22.70891033924566,1,22.70891033924566,1,1.2752554228759418,0.3126157093793154
Economics,chronos_bolt__model_config.context_length-2048__pipeline_config.raw_inference.completed_at-2026-09-26T15_57_15.535235_00_00,1,1,0.9984850154591438,0.7829686489059356,0.3053137753158808,1,0,2700,0.0,21.703135109406436,21.703135109406436,1,21.703135109406436,1,1.2752554228759418,0.3126157093793154
Economics,chronos_bolt__model_config.context_length-256__pipeline_config.raw_inference.completed_at-2026-09-27T13_33_46.197769_00_00,1,1,0.9914554142807526,0.7774563405069341,0.301948893815279,1,0,2700,0.0,22.25436594930659,22.25436594930659,1,22.25436594930659,1,1.2752554228759418,0.3126157093793154
Economics,chronos_bolt__model_config.context_length-512__pipeline_config.raw_inference.completed_at-2026-09-27T15_25_40.643451_00_00,1,1,0.9984850154591438,0.7829686489059356,0.3061897028237581,1,0,2700,0.0,21.703135109406436,21.703135109406436,1,21.703135109406436,1,1.2752554228759418,0.3126157093793154
Economics,ts_icl__model_config.context_length-1024__pipeline_config.raw_inference.completed_at-2026-09-27T14_01_07.205106_00_00,1,1,0.9638907561105797,0.7558413309365304,1.0327071491628885,1,0,2700,0.0,24.415866906346963,24.415866906346963,1,24.415866906346963,1,1.2752554228759418,0.3126157093793154
Economics,ts_icl__model_config.context_length-2048__pipeline_config.raw_inference.completed_at-2026-09-27T14_07_59.088544_00_00,1,1,0.9638907561105797,0.7558413309365304,1.0587695743888617,1,0,2700,0.0,24.415866906346963,24.415866906346963,1,24.415866906346963,1,1.2752554228759418,0.3126157093793154
Economics,ts_icl__model_config.context_length-256__pipeline_config.raw_inference.completed_at-2026-09-27T15_09_22.021258_00_00,1,1,0.9629877274651132,0.7551332150334197,0.2796152476221323,1,0,2700,0.0,24.486678496658033,24.486678496658033,1,24.486678496658033,1,1.2752554228759418,0.3126157093793154
Economics,ts_icl__model_config.context_length-4096__pipeline_config.raw_inference.completed_at-2026-09-26T16_24_34.130643_00_00,1,1,0.9638907561105797,0.7558413309365304,1.0347337275743484,1,0,2700,0.0,24.415866906346963,24.415866906346963,1,24.415866906346963,1,1.2752554228759418,0.3126157093793154
Economics,ts_icl__model_config.context_length-512__pipeline_config.raw_inference.completed_at-2026-09-27T14_00_50.556087_00_00,1,1,0.9638907561105797,0.7558413309365304,1.090794913470745,1,0,2700,0.0,24.415866906346963,24.415866906346963,1,24.415866906346963,1,1.2752554228759418,0.3126157093793154
Climate,chronos2__model_config.context_length-1024__pipeline_config.raw_inference.completed_at-2026-09-27T13_43_35.385718_00_00,1,1,1.3460121349779366,0.8458942939930089,0.18792255781590939,1,0,544158,0.0,15.410570600699113,15.410570600699113,1,15.410570600699113,1,1.591229713377238,1.976928286254406
Climate,chronos2__model_config.context_length-2048__pipeline_config.raw_inference.completed_at-2026-09-27T13_38_42.054964_00_00,1,1,1.3025300242113493,0.8185681886538241,0.294986579567194,1,0,544158,0.0,18.143181134617592,18.143181134617592,1,18.143181134617592,1,1.591229713377238,1.976928286254406
Climate,chronos2__model_config.context_length-4096__pipeline_config.raw_inference.completed_at-2026-09-27T13_38_21.129768_00_00,1,1,1.3194861103619278,0.8292241524081652,0.5090870764106512,1,0,544158,0.0,17.077584759183484,17.077584759183484,1,17.077584759183484,1,1.591229713377238,1.976928286254406
Climate,chronos2__model_config.context_length-512__pipeline_config.raw_inference.completed_at-2026-09-27T13_45_14.766566_00_00,1,1,1.4102368956898794,0.8862560093204783,0.13288399390876293,1,0,544158,0.0,11.374399067952169,11.374399067952169,1,11.374399067952169,1,1.591229713377238,1.976928286254406
Climate,chronos2__model_config.context_length-8192__pipeline_config.raw_inference.completed_at-2026-09-26T15_43_43.625983_00_00,1,1,1.3438600557963685,0.8445418310748797,1.0208313520997763,1,0,544158,0.0,15.545816892512033,15.545816892512033,1,15.545816892512033,1,1.591229713377238,1.976928286254406
Climate,chronos2__model_config.context_length-1024__pipeline_config.raw_inference.completed_at-2026-09-27T13_43_34.604930_00_00,1,1,0.8517935855387496,0.7820181307733151,0.44288429990410805,1,0,544158,0.0,21.798186922668496,21.798186922668496,1,21.798186922668496,1,1.0892248555624096,3.473233863711357
Climate,chronos2__model_config.context_length-2048__pipeline_config.raw_inference.completed_at-2026-09-27T13_38_41.163694_00_00,1,1,0.8285298020584818,0.760660021507386,0.7975771967321634,1,0,544158,0.0,23.933997849261402,23.933997849261402,1,23.933997849261402,1,1.0892248555624096,3.473233863711357
Climate,chronos2__model_config.context_length-4096__pipeline_config.raw_inference.completed_at-2026-09-27T13_38_20.026125_00_00,1,1,0.8383405522136559,0.7696671150428235,1.4827993623912334,1,0,544158,0.0,23.033288495717652,23.033288495717652,1,23.033288495717652,1,1.0892248555624096,3.473233863711357
Climate,chronos2__model_config.context_length-512__pipeline_config.raw_inference.completed_at-2026-09-27T13_45_14.035513_00_00,1,1,0.8764682693344769,0.80467156515807,0.27730775624513626,1,0,544158,0.0,19.532843484192995,19.532843484192995,1,19.532843484192995,1,1.0892248555624096,3.473233863711357
Climate,chronos2__model_config.context_length-8192__pipeline_config.raw_inference.completed_at-2026-09-26T15_43_42.011428_00_00,1,1,0.8597502615495578,0.7893230283527041,2.964181561022997,1,0,544158,0.0,21.067697164729594,21.067697164729594,1,21.067697164729594,1,1.0892248555624096,3.473233863711357
Climate,chronos2__model_config.context_length-1024__pipeline_config.raw_inference.completed_at-2026-09-27T13_43_32.635987_00_00,1,1,0.5890252443164739,0.5418012718116135,2.8200874384492636,1,0,544158,0.0,45.81987281883865,45.81987281883865,1,45.81987281883865,1,1.0871610587899843,15.371167872101068
Climate,chronos2__model_config.context_length-2048__pipeline_config.raw_inference.completed_at-2026-09-27T13_38_38.820413_00_00,1,1,0.5742264481874954,0.5281889408608991,4.840489709749818,1,0,544158,0.0,47.181105913910095,47.181105913910095,1,47.181105913910095,1,1.0871610587899843,15.371167872101068
Climate,chronos2__model_config.context_length-4096__pipeline_config.raw_inference.completed_at-2026-09-27T13_38_17.032499_00_00,1,1,0.5825656093207207,0.5358595256981694,8.910269234329462,1,0,544158,0.0,46.41404743018306,46.41404743018306,1,46.41404743018306,1,1.0871610587899843,15.371167872101068
Climate,chronos2__model_config.context_length-512__pipeline_config.raw_inference.completed_at-2026-09-27T13_45_12.209769_00_00,1,1,0.5880222129460679,0.540878656563122,1.7462638076394796,1,0,544158,0.0,45.9121343436878,45.9121343436878,1,45.9121343436878,1,1.0871610587899843,15.371167872101068
Climate,chronos2__model_config.context_length-8192__pipeline_config.raw_inference.completed_at-2026-09-26T15_43_37.521897_00_00,1,1,0.6094823944099157,0.5606183090187876,18.992396723479033,1,0,544158,0.0,43.938169098121236,43.938169098121236,1,43.938169098121236,1,1.0871610587899843,15.371167872101068
Climate,chronos_bolt__model_config.context_length-1024__pipeline_config.raw_inference.completed_at-2026-09-27T13_17_25.306945_00_00,1,1,1.474023924545438,0.9263426343497311,4.427041687071323,1,0,544158,0.0,7.365736565026893,7.365736565026893,1,7.365736565026893,1,1.591229713377238,1.976928286254406
Climate,chronos_bolt__model_config.context_length-128__pipeline_config.raw_inference.completed_at-2026-09-27T13_25_09.995101_00_00,1,1,1.719240614297949,1.0804477818912894,1.7247790433466434,1,0,544158,0.0,-8.044778189128943,-8.044778189128943,1,-8.044778189128943,1,1.591229713377238,1.976928286254406
Climate,chronos_bolt__model_config.context_length-2048__pipeline_config.raw_inference.completed_at-2026-09-26T15_43_42.647011_00_00,1,1,1.4995828558644622,0.9424050112046589,7.7722183633595705,1,0,544158,0.0,5.759498879534108,5.759498879534108,1,5.759498879534108,1,1.591229713377238,1.976928286254406
Climate,chronos_bolt__model_config.context_length-256__pipeline_config.raw_inference.completed_at-2026-09-27T13_24_12.310612_00_00,1,1,1.5842109346727122,0.9955890851927162,2.022181747481227,1,0,544158,0.0,0.4410914807283839,0.4410914807283839,1,0.4410914807283839,1,1.591229713377238,1.976928286254406
Climate,chronos_bolt__model_config.context_length-512__pipeline_config.raw_inference.completed_at-2026-09-27T13_21_04.429940_00_00,1,1,1.4808325742158883,0.9306214946633683,2.803531050682068,1,0,544158,0.0,6.93785053366317,6.93785053366317,1,6.93785053366317,1,1.591229713377238,1.976928286254406
Climate,chronos_bolt__model_config.context_length-1024__pipeline_config.raw_inference.completed_at-2026-09-27T13_17_20.475623_00_00,1,1,0.9809941466721519,0.9006351091443154,4.203739624470472,1,0,544158,0.0,9.936489085568457,9.936489085568457,1,9.936489085568457,1,1.0892248555624096,3.473233863711357
Climate,chronos_bolt__model_config.context_length-128__pipeline_config.raw_inference.completed_at-2026-09-27T13_25_07.870234_00_00,1,1,1.2411912323891754,1.1395179113391602,1.6974555030465126,1,0,544158,0.0,-13.951791133916025,-13.951791133916025,1,-13.951791133916025,1,1.0892248555624096,3.473233863711357
Climate,chronos_bolt__model_config.context_length-2048__pipeline_config.raw_inference.completed_at-2026-09-26T15_43_34.471466_00_00,1,1,0.936617812198225,0.859893902911913,7.036460706964135,1,0,544158,0.0,14.010609708808698,14.010609708808698,1,14.010609708808698,1,1.0892248555624096,3.473233863711357
Climate,chronos_bolt__model_config.context_length-256__pipeline_config.raw_inference.completed_at-2026-09-27T13_24_09.885497_00_00,1,1,1.0910531962540637,1.001678570482777,1.9369818083941936,1,0,544158,0.0,-0.16785704827770864,-0.16785704827770864,1,-0.16785704827770864,1,1.0892248555624096,3.473233863711357
Climate,chronos_bolt__model_config.context_length-512__pipeline_config.raw_inference.completed_at-2026-09-27T13_21_01.217015_00_00,1,1,1.0102645021232894,0.9275077565152057,2.26833607442677,1,0,544158,0.0,7.249224348479433,7.249224348479433,1,7.249224348479433,1,1.0892248555624096,3.473233863711357
Climate,chronos_bolt__model_config.context_length-1024__pipeline_config.raw_inference.completed_at-2026-09-27T13_17_14.910180_00_00,1,1,0.6855867510304583,0.6306211443900684,5.660004910081625,1,0,544158,0.0,36.93788556099315,36.93788556099315,1,36.93788556099315,1,1.0871610587899843,15.371167872101068
Climate,chronos_bolt__model_config.context_length-128__pipeline_config.raw_inference.completed_at-2026-09-27T13_25_04.829539_00_00,1,1,0.7794525148407846,0.7169614000967981,4.544233925640583,1,0,544158,0.0,28.30385999032019,28.30385999032019,1,28.30385999032019,1,1.0871610587899843,15.371167872101068
Climate,chronos_bolt__model_config.context_length-2048__pipeline_config.raw_inference.completed_at-2026-09-26T15_43_26.091522_00_00,1,1,0.6716427400325539,0.6177950678072444,7.3311514891684055,1,0,544158,0.0,38.22049321927557,38.22049321927557,1,38.22049321927557,1,1.0871610587899843,15.371167872101068
Climate,chronos_bolt__model_config.context_length-256__pipeline_config.raw_inference.completed_at-2026-09-27T13_24_06.608151_00_00,1,1,0.6740664845280215,0.6200244932229829,4.612908557057381,1,0,544158,0.0,37.99755067770171,37.99755067770171,1,37.99755067770171,1,1.0871610587899843,15.371167872101068
Climate,chronos_bolt__model_config.context_length-512__pipeline_config.raw_inference.completed_at-2026-09-27T13_20_57.600453_00_00,1,1,0.6782083015553398,0.6238342479909914,4.552643395960331,1,0,544158,0.0,37.61657520090086,37.61657520090086,1,37.61657520090086,1,1.0871610587899843,15.371167872101068
Climate,ts_icl__model_config.context_length-1024__pipeline_config.raw_inference.completed_at-2026-09-27T13_51_27.128434_00_00,1,1,1.5839591622161742,0.9954308601077888,1.0343466959893703,1,0,544158,0.0,0.45691398922111937,0.45691398922111937,1,0.45691398922111937,1,1.591229713377238,1.976928286254406
Climate,ts_icl__model_config.context_length-2048__pipeline_config.raw_inference.completed_at-2026-09-27T13_50_36.294455_00_00,1,1,1.502460205320633,0.9442132664376912,2.054704751819372,1,0,544158,0.0,5.578673356230879,5.578673356230879,1,5.578673356230879,1,1.591229713377238,1.976928286254406
Climate,ts_icl__model_config.context_length-256__pipeline_config.raw_inference.completed_at-2026-09-27T15_02_48.191339_00_00,1,1,1.6354882702032378,1.027814058808684,0.5348905455321074,1,0,544158,0.0,-2.781405880868393,-2.781405880868393,1,-2.781405880868393,1,1.591229713377238,1.976928286254406
Climate,ts_icl__model_config.context_length-4096__pipeline_config.raw_inference.completed_at-2026-09-26T15_45_01.873570_00_00,1,1,1.4834560814452424,0.9322702240751551,5.35576812364161,1,0,544158,0.0,6.7729775924844855,6.7729775924844855,1,6.7729775924844855,1,1.591229713377238,1.976928286254406
Climate,ts_icl__model_config.context_length-512__pipeline_config.raw_inference.completed_at-2026-09-27T13_53_28.596611_00_00,1,1,1.5574327991626387,0.9787605058336496,0.657605916261673,1,0,544158,0.0,2.1239494166350403,2.1239494166350403,1,2.1239494166350403,1,1.591229713377238,1.976928286254406
Climate,ts_icl__model_config.context_length-1024__pipeline_config.raw_inference.completed_at-2026-09-27T13_51_25.279524_00_00,1,1,1.0026597834543869,0.9205259853684429,2.66905689612031,1,0,544158,0.0,7.947401463155712,7.947401463155712,1,7.947401463155712,1,1.0892248555624096,3.473233863711357
Climate,ts_icl__model_config.context_length-2048__pipeline_config.raw_inference.completed_at-2026-09-27T13_50_33.418558_00_00,1,1,0.97908867838581,0.8988857290446867,5.619395123794675,1,0,544158,0.0,10.111427095531333,10.111427095531333,1,10.111427095531333,1,1.0892248555624096,3.473233863711357
Climate,ts_icl__model_config.context_length-256__pipeline_config.raw_inference.completed_at-2026-09-27T15_02_46.844440_00_00,1,1,1.1584939890785102,1.063594888752639,1.319847945123911,1,0,544158,0.0,-6.359488875263897,-6.359488875263897,1,-6.359488875263897,1,1.0892248555624096,3.473233863711357
Climate,ts_icl__model_config.context_length-4096__pipeline_config.raw_inference.completed_at-2026-09-26T15_44_55.697653_00_00,1,1,1.0024962693142256,0.9203758656394206,15.171297745779157,1,0,544158,0.0,7.962413436057936,7.962413436057936,1,7.962413436057936,1,1.0892248555624096,3.473233863711357
Climate,ts_icl__model_config.context_length-512__pipeline_config.raw_inference.completed_at-2026-09-27T13_53_27.133888_00_00,1,1,1.0415551812249164,0.956235230867111,1.586466597393155,1,0,544158,0.0,4.376476913288895,4.376476913288895,1,4.376476913288895,1,1.0892248555624096,3.473233863711357
Climate,ts_icl__model_config.context_length-1024__pipeline_config.raw_inference.completed_at-2026-09-27T13_51_20.821879_00_00,1,1,0.6588886627162889,0.6060635242487762,14.08144299685955,1,0,544158,0.0,39.39364757512238,39.39364757512238,1,39.39364757512238,1,1.0871610587899843,15.371167872101068
Climate,ts_icl__model_config.context_length-2048__pipeline_config.raw_inference.completed_at-2026-09-27T13_50_25.991693_00_00,1,1,0.6545353988236057,0.6020592749634602,33.01847505569458,1,0,544158,0.0,39.79407250365398,39.79407250365398,1,39.79407250365398,1,1.0871610587899843,15.371167872101068
Climate,ts_icl__model_config.context_length-256__pipeline_config.raw_inference.completed_at-2026-09-27T13_53_50.847207_00_00,1,1,0.6929298507361571,0.6373755251198856,6.254736579954624,1,0,544158,0.0,36.26244748801144,36.26244748801144,1,36.26244748801144,1,1.0871610587899843,15.371167872101068
Climate,ts_icl__model_config.context_length-4096__pipeline_config.raw_inference.completed_at-2026-09-26T15_44_38.711832_00_00,1,1,0.673833606957897,0.6198102861666855,98.3594409506768,1,0,544158,0.0,38.01897138333145,38.01897138333145,1,38.01897138333145,1,1.0871610587899843,15.371167872101068
Climate,ts_icl__model_config.context_length-512__pipeline_config.raw_inference.completed_at-2026-09-27T13_53_23.774800_00_00,1,1,0.6506449470602564,0.5984807327300957,8.17410434782505,1,0,544158,0.0,40.151926726990425,40.151926726990425,1,40.151926726990425,1,1.0871610587899843,15.371167872101068
Unclassified,chronos2__model_config.context_length-1024__pipeline_config.raw_inference.completed_at-2026-09-27T13_52_37.635303_00_00,1,1,0.7277300713466219,0.6852260017166075,8.38722006417811,1,0,23071392,0.0,31.477399828339248,31.477399828339248,1,31.477399828339248,1,1.0620292713988297,79.56320598907769
Unclassified,chronos2__model_config.context_length-2048__pipeline_config.raw_inference.completed_at-2026-09-27T13_48_41.299824_00_00,1,1,0.7178154206427957,0.6758904297405476,14.1750094499439,1,0,23071392,0.0,32.410957025945244,32.410957025945244,1,32.410957025945244,1,1.0620292713988297,79.56320598907769
Unclassified,chronos2__model_config.context_length-4096__pipeline_config.raw_inference.completed_at-2026-09-27T13_49_50.206054_00_00,1,1,0.7156455229203694,0.6738472678608677,24.578947745263577,1,0,23071392,0.0,32.615273213913234,32.615273213913234,1,32.615273213913234,1,1.0620292713988297,79.56320598907769
Unclassified,chronos2__model_config.context_length-512__pipeline_config.raw_inference.completed_at-2026-09-27T13_53_57.453857_00_00,1,1,0.7529190444806252,0.7089437784411851,5.96712464466691,1,0,23071392,0.0,29.105622155881495,29.105622155881495,1,29.105622155881495,1,1.0620292713988297,79.56320598907769
Unclassified,chronos2__model_config.context_length-8192__pipeline_config.raw_inference.completed_at-2026-09-26T15_57_57.227203_00_00,1,1,0.7178189979723392,0.6758937981312688,44.5327014233917,1,0,23071392,0.0,32.41062018687312,32.41062018687312,1,32.41062018687312,1,1.0620292713988297,79.56320598907769
Unclassified,chronos_bolt__model_config.context_length-1024__pipeline_config.raw_inference.completed_at-2026-09-27T13_32_42.878998_00_00,1,1,0.8081503358177572,0.7609492107061407,188.51386543922126,1,0,23071392,0.0,23.905078929385926,23.905078929385926,1,23.905078929385926,1,1.0620292713988297,79.56320598907769
Unclassified,chronos_bolt__model_config.context_length-128__pipeline_config.raw_inference.completed_at-2026-09-27T13_36_44.678167_00_00,1,1,0.8168819356904116,0.7691708295520636,70.45925712585449,1,0,23071392,0.0,23.08291704479364,23.08291704479364,1,23.08291704479364,1,1.0620292713988297,79.56320598907769
Unclassified,chronos_bolt__model_config.context_length-2048__pipeline_config.raw_inference.completed_at-2026-09-26T16_03_52.198815_00_00,1,1,0.8067747649753241,0.7596539819591765,334.8097234405577,1,0,23071392,0.0,24.034601804082346,24.034601804082346,1,24.034601804082346,1,1.0620292713988297,79.56320598907769
Unclassified,chronos_bolt__model_config.context_length-256__pipeline_config.raw_inference.completed_at-2026-09-27T13_36_11.571553_00_00,1,1,0.802683170550348,0.7558013626998346,83.70357546024024,1,0,23071392,0.0,24.419863730016544,24.419863730016544,1,24.419863730016544,1,1.0620292713988297,79.56320598907769
Unclassified,chronos_bolt__model_config.context_length-512__pipeline_config.raw_inference.completed_at-2026-09-27T15_28_40.379169_00_00,1,1,0.8062474798779404,0.7591574936687088,118.03580299019814,1,0,23071392,0.0,24.084250633129123,24.084250633129123,1,24.084250633129123,1,1.0620292713988297,79.56320598907769
Unclassified,ts_icl__model_config.context_length-1024__pipeline_config.raw_inference.completed_at-2026-09-27T14_02_27.203752_00_00,1,1,0.7537086378399602,0.7096872545209876,42.77591720223427,1,0,23071392,0.0,29.03127454790124,29.03127454790124,1,29.03127454790124,1,1.0620292713988297,79.56320598907769
Unclassified,ts_icl__model_config.context_length-2048__pipeline_config.raw_inference.completed_at-2026-09-27T14_10_17.334503_00_00,1,1,0.751829195626656,0.7079175836993643,86.94783109799027,1,0,23071392,0.0,29.20824163006357,29.20824163006357,1,29.20824163006357,1,1.0620292713988297,79.56320598907769
Unclassified,ts_icl__model_config.context_length-256__pipeline_config.raw_inference.completed_at-2026-09-27T15_10_17.604085_00_00,1,1,0.7760958137062125,0.7307668767773171,21.146446388214827,1,0,23071392,0.0,26.923312322268288,26.923312322268288,1,26.923312322268288,1,1.0620292713988297,79.56320598907769
Unclassified,ts_icl__model_config.context_length-4096__pipeline_config.raw_inference.completed_at-2026-09-26T16_29_13.775290_00_00,1,1,0.7504585763698494,0.7066270173338993,228.80527818202972,1,0,23071392,0.0,29.33729826661007,29.33729826661007,1,29.33729826661007,1,1.0620292713988297,79.56320598907769
Unclassified,ts_icl__model_config.context_length-512__pipeline_config.raw_inference.completed_at-2026-09-27T14_01_53.026296_00_00,1,1,0.7598360567032386,0.715456793109324,26.941900687292218,1,0,23071392,0.0,28.454320689067604,28.454320689067604,1,28.454320689067604,1,1.0620292713988297,79.56320598907769
Unclassified,chronos2__model_config.context_length-1024__pipeline_config.raw_inference.completed_at-2026-09-27T13_52_58.146166_00_00,1,1,0.7086884187726149,0.7186707591165806,4.277916459366679,1,0,11477376,0.0,28.132924088341937,28.132924088341937,1,28.132924088341937,1,0.9861099951301255,39.65254486165941
Unclassified,chronos2__model_config.context_length-2048__pipeline_config.raw_inference.completed_at-2026-09-27T13_49_04.547403_00_00,1,1,0.6839065684291975,0.6935398401868448,7.060622256249189,1,0,11477376,0.0,30.64601598131552,30.64601598131552,1,30.64601598131552,1,0.9861099951301255,39.65254486165941
Unclassified,chronos2__model_config.context_length-4096__pipeline_config.raw_inference.completed_at-2026-09-27T13_50_19.347386_00_00,1,1,0.6750400992344475,0.6845484809687689,12.428139423951507,1,0,11477376,0.0,31.545151903123113,31.545151903123113,1,31.545151903123113,1,0.9861099951301255,39.65254486165941
Unclassified,chronos2__model_config.context_length-512__pipeline_config.raw_inference.completed_at-2026-09-27T13_54_16.594502_00_00,1,1,0.7323841077607467,0.7427002173972513,3.064852500334382,1,0,11477376,0.0,25.729978260274866,25.729978260274866,1,25.729978260274866,1,0.9861099951301255,39.65254486165941
Unclassified,chronos2__model_config.context_length-8192__pipeline_config.raw_inference.completed_at-2026-09-26T15_58_37.436343_00_00,1,1,0.6743310940180272,0.6838294889497023,22.43196304142475,1,0,11477376,0.0,31.61705110502977,31.61705110502977,1,31.61705110502977,1,0.9861099951301255,39.65254486165941
Unclassified,chronos_bolt__model_config.context_length-1024__pipeline_config.raw_inference.completed_at-2026-09-27T13_34_33.599262_00_00,1,1,0.8046304845645249,0.8159642317167134,93.77379813976586,1,0,11477376,0.0,18.40357682832866,18.40357682832866,1,18.40357682832866,1,0.9861099951301255,39.65254486165941
Unclassified,chronos_bolt__model_config.context_length-128__pipeline_config.raw_inference.completed_at-2026-09-27T13_37_37.560012_00_00,1,1,1.113275636231577,1.128956852409422,35.283334320411086,1,0,11477376,0.0,-12.8956852409422,-12.8956852409422,1,-12.8956852409422,1,0.9861099951301255,39.65254486165941
Unclassified,chronos_bolt__model_config.context_length-2048__pipeline_config.raw_inference.completed_at-2026-09-26T16_06_55.799472_00_00,1,1,0.7879785915455384,0.7990777858828598,166.60857436805964,1,0,11477376,0.0,20.092221411714018,20.092221411714018,1,20.092221411714018,1,0.9861099951301255,39.65254486165941
Unclassified,chronos_bolt__model_config.context_length-256__pipeline_config.raw_inference.completed_at-2026-09-27T13_37_10.582113_00_00,1,1,1.071905576671551,1.0870040684762596,41.834851767867804,1,0,11477376,0.0,-8.700406847625963,-8.700406847625963,1,-8.700406847625963,1,0.9861099951301255,39.65254486165941
Unclassified,chronos_bolt__model_config.context_length-512__pipeline_config.raw_inference.completed_at-2026-09-27T15_29_56.074350_00_00,1,1,0.8347652865482473,0.8465235021150891,58.99706372246146,1,0,11477376,0.0,15.347649788491092,15.347649788491092,1,15.347649788491092,1,0.9861099951301255,39.65254486165941
Unclassified,ts_icl__model_config.context_length-1024__pipeline_config.raw_inference.completed_at-2026-09-27T14_03_00.602727_00_00,1,1,0.7491454128479018,0.7596976164398839,21.37888748012483,1,0,11477376,0.0,24.030238356011612,24.030238356011612,1,24.030238356011612,1,0.9861099951301255,39.65254486165941
Unclassified,ts_icl__model_config.context_length-2048__pipeline_config.raw_inference.completed_at-2026-09-27T14_11_11.828953_00_00,1,1,0.7263871791544934,0.7366188181254977,43.305719539523125,1,0,11477376,0.0,26.33811818745023,26.33811818745023,1,26.33811818745023,1,0.9861099951301255,39.65254486165941
Unclassified,ts_icl__model_config.context_length-256__pipeline_config.raw_inference.completed_at-2026-09-27T15_10_39.333184_00_00,1,1,1.062126029494824,1.0770867699750548,10.549276199191809,1,0,11477376,0.0,-7.708676997505481,-7.708676997505481,1,-7.708676997505481,1,0.9861099951301255,39.65254486165941
Unclassified,ts_icl__model_config.context_length-4096__pipeline_config.raw_inference.completed_at-2026-09-26T16_31_21.980707_00_00,1,1,0.7207014084333551,0.7308529596013804,114.0537664052099,1,0,11477376,0.0,26.91470403986196,26.91470403986196,1,26.91470403986196,1,0.9861099951301255,39.65254486165941
Unclassified,ts_icl__model_config.context_length-512__pipeline_config.raw_inference.completed_at-2026-09-27T14_02_18.020284_00_00,1,1,0.8047053577401891,0.816040159530075,13.393410680815578,1,0,11477376,0.0,18.395984046992496,18.395984046992496,1,18.395984046992496,1,0.9861099951301255,39.65254486165941
Cloud operations,chronos2__model_config.context_length-1024__pipeline_config.raw_inference.completed_at-2026-09-27T13_53_11.303992_00_00,1,1,0.6622607274970368,0.5949941065904752,1.1318035572767258,1,0,606528,0.0,40.50058934095247,40.50058934095247,1,40.50058934095247,1,1.1130542641708217,5.47015979513526
Cloud operations,chronos2__model_config.context_length-2048__pipeline_config.raw_inference.completed_at-2026-09-27T13_49_17.972927_00_00,1,1,0.6607650521734936,0.5936503488136183,1.5111513007432222,1,0,606528,0.0,40.63496511863816,40.63496511863816,1,40.63496511863816,1,1.1130542641708217,5.47015979513526
Cloud operations,chronos2__model_config.context_length-4096__pipeline_config.raw_inference.completed_at-2026-09-27T13_50_32.909269_00_00,1,1,0.6607650521734936,0.5936503488136183,1.5207548718899488,1,0,606528,0.0,40.63496511863816,40.63496511863816,1,40.63496511863816,1,1.1130542641708217,5.47015979513526
Cloud operations,chronos2__model_config.context_length-512__pipeline_config.raw_inference.completed_at-2026-09-27T13_54_29.208755_00_00,1,1,0.6717322210171628,0.6035035690893066,0.7960495930165052,1,0,606528,0.0,39.64964309106934,39.64964309106934,1,39.64964309106934,1,1.1130542641708217,5.47015979513526
Cloud operations,chronos2__model_config.context_length-8192__pipeline_config.raw_inference.completed_at-2026-09-26T15_58_51.103489_00_00,1,1,0.6607650521734936,0.5936503488136183,1.5292853713035583,1,0,606528,0.0,40.63496511863816,40.63496511863816,1,40.63496511863816,1,1.1130542641708217,5.47015979513526
Cloud operations,chronos_bolt__model_config.context_length-1024__pipeline_config.raw_inference.completed_at-2026-09-27T13_34_47.672030_00_00,1,1,0.772569461187094,0.6940986491459387,1.9096038397401571,1,0,606528,0.0,30.590135085406132,30.590135085406132,1,30.590135085406132,1,1.1130542641708217,5.47015979513526
Cloud operations,chronos_bolt__model_config.context_length-128__pipeline_config.raw_inference.completed_at-2026-09-27T13_37_51.711293_00_00,1,1,0.8848484282665456,0.7949733061089527,1.7160678748041391,1,0,606528,0.0,20.50266938910473,20.50266938910473,1,20.50266938910473,1,1.1130542641708217,5.47015979513526
Cloud operations,chronos_bolt__model_config.context_length-2048__pipeline_config.raw_inference.completed_at-2026-09-26T16_07_11.019872_00_00,1,1,0.7729739710685387,0.6944620724708077,2.28006730414927,1,0,606528,0.0,30.55379275291923,30.55379275291923,1,30.55379275291923,1,1.1130542641708217,5.47015979513526
Cloud operations,chronos_bolt__model_config.context_length-256__pipeline_config.raw_inference.completed_at-2026-09-27T13_37_25.436398_00_00,1,1,0.869780338305278,0.7814357002200855,1.7839710526168346,1,0,606528,0.0,21.856429977991453,21.856429977991453,1,21.856429977991453,1,1.1130542641708217,5.47015979513526
Cloud operations,chronos_bolt__model_config.context_length-512__pipeline_config.raw_inference.completed_at-2026-09-27T15_30_10.053200_00_00,1,1,0.7997451823696359,0.7185140995487872,1.7273340038955212,1,0,606528,0.0,28.14859004512128,28.14859004512128,1,28.14859004512128,1,1.1130542641708217,5.47015979513526
Cloud operations,ts_icl__model_config.context_length-1024__pipeline_config.raw_inference.completed_at-2026-09-27T14_03_21.680581_00_00,1,1,0.695411503846695,0.6247777186000425,13.872394090518355,1,0,606528,0.0,37.52222813999575,37.52222813999575,1,37.52222813999575,1,1.1130542641708217,5.47015979513526
Cloud operations,ts_icl__model_config.context_length-2048__pipeline_config.raw_inference.completed_at-2026-09-27T14_11_40.574281_00_00,1,1,0.6951977394287573,0.6245856664918761,20.913242796435952,1,0,606528,0.0,37.54143335081239,37.54143335081239,1,37.54143335081239,1,1.1130542641708217,5.47015979513526
Cloud operations,ts_icl__model_config.context_length-256__pipeline_config.raw_inference.completed_at-2026-09-27T15_10_48.672800_00_00,1,1,0.7993778447837492,0.7181840728845793,2.4298321157693863,1,0,606528,0.0,28.18159271154207,28.18159271154207,1,28.18159271154207,1,1.1130542641708217,5.47015979513526
Cloud operations,ts_icl__model_config.context_length-4096__pipeline_config.raw_inference.completed_at-2026-09-26T16_31_49.821962_00_00,1,1,0.6951977394287573,0.6245856664918761,20.772321673110127,1,0,606528,0.0,37.54143335081239,37.54143335081239,1,37.54143335081239,1,1.1130542641708217,5.47015979513526
Cloud operations,ts_icl__model_config.context_length-512__pipeline_config.raw_inference.completed_at-2026-09-27T14_02_28.273953_00_00,1,1,0.7179792546134529,0.645053235700343,3.3677621595561504,1,0,606528,0.0,35.4946764299657,35.4946764299657,1,35.4946764299657,1,1.1130542641708217,5.47015979513526
Climate,chronos2__model_config.context_length-1024__pipeline_config.raw_inference.completed_at-2026-09-27T13_44_05.374328_00_00,1,1,1.028648831218645,0.7155818339949878,0.344091784209013,1,0,1166184,0.0,28.441816600501223,28.441816600501223,1,28.441816600501223,1,1.437499922931037,3.6355012618005276
Climate,chronos2__model_config.context_length-2048__pipeline_config.raw_inference.completed_at-2026-09-27T13_39_17.599760_00_00,1,1,0.9645223401744799,0.6709720987030287,0.4750718083232641,1,0,1166184,0.0,32.90279012969714,32.90279012969714,1,32.90279012969714,1,1.437499922931037,3.6355012618005276
Climate,chronos2__model_config.context_length-4096__pipeline_config.raw_inference.completed_at-2026-09-27T13_39_06.398629_00_00,1,1,0.9433700614648247,0.6562574692465443,0.7837383411824703,1,0,1166184,0.0,34.37425307534557,34.37425307534557,1,34.37425307534557,1,1.437499922931037,3.6355012618005276
Climate,chronos2__model_config.context_length-512__pipeline_config.raw_inference.completed_at-2026-09-27T13_45_41.996199_00_00,1,1,1.0422975242091639,0.7250765774539574,0.27961030416190624,1,0,1166184,0.0,27.492342254604264,27.492342254604264,1,27.492342254604264,1,1.437499922931037,3.6355012618005276
Climate,chronos2__model_config.context_length-8192__pipeline_config.raw_inference.completed_at-2026-09-26T15_44_50.763864_00_00,1,1,0.9316454809403314,0.6481012388791804,1.584635715931654,1,0,1166184,0.0,35.18987611208196,35.18987611208196,1,35.18987611208196,1,1.437499922931037,3.6355012618005276
Climate,chronos2__model_config.context_length-1024__pipeline_config.raw_inference.completed_at-2026-09-27T13_44_04.154683_00_00,1,1,0.6999049632187728,0.6705925408793783,0.6795480828732252,1,0,1166184,0.0,32.94074591206218,32.94074591206218,1,32.94074591206218,1,1.0437112263446233,6.013604203239083
Climate,chronos2__model_config.context_length-2048__pipeline_config.raw_inference.completed_at-2026-09-27T13_39_16.243170_00_00,1,1,0.6749399560571021,0.6466730825737458,1.2021102365106344,1,0,1166184,0.0,35.33269174262542,35.33269174262542,1,35.33269174262542,1,1.0437112263446233,6.013604203239083
Climate,chronos2__model_config.context_length-4096__pipeline_config.raw_inference.completed_at-2026-09-27T13_39_04.730471_00_00,1,1,0.6754467866526496,0.6471586868124992,2.1707261241972446,1,0,1166184,0.0,35.28413131875008,35.28413131875008,1,35.28413131875008,1,1.0437112263446233,6.013604203239083
Climate,chronos2__model_config.context_length-512__pipeline_config.raw_inference.completed_at-2026-09-27T13_45_40.829773_00_00,1,1,0.7354347198806159,0.704634290900865,0.42060238867998123,1,0,1166184,0.0,29.536570909913497,29.536570909913497,1,29.536570909913497,1,1.0437112263446233,6.013604203239083
Climate,chronos2__model_config.context_length-8192__pipeline_config.raw_inference.completed_at-2026-09-26T15_44_48.299109_00_00,1,1,0.6789060806388872,0.650473103577329,4.344946587458253,1,0,1166184,0.0,34.952689642267096,34.952689642267096,1,34.952689642267096,1,1.0437112263446233,6.013604203239083
Climate,chronos2__model_config.context_length-1024__pipeline_config.raw_inference.completed_at-2026-09-27T13_44_00.478137_00_00,1,1,0.5251652501208918,0.5037053765673567,4.803565030917525,1,0,1166184,0.0,49.62946234326433,49.62946234326433,1,49.62946234326433,1,1.042604019237951,31.680090492591262
Climate,chronos2__model_config.context_length-2048__pipeline_config.raw_inference.completed_at-2026-09-27T13_39_12.034280_00_00,1,1,0.513400898214542,0.49242175240202074,9.14427530579269,1,0,1166184,0.0,50.757824759797934,50.757824759797934,1,50.757824759797934,1,1.042604019237951,31.680090492591262
Climate,chronos2__model_config.context_length-4096__pipeline_config.raw_inference.completed_at-2026-09-27T13_38_59.548176_00_00,1,1,0.5137122038947823,0.49272033717101854,16.86175960302353,1,0,1166184,0.0,50.72796628289815,50.72796628289815,1,50.72796628289815,1,1.042604019237951,31.680090492591262
Climate,chronos2__model_config.context_length-512__pipeline_config.raw_inference.completed_at-2026-09-27T13_45_37.391591_00_00,1,1,0.5398725358059934,0.5178116771510157,2.6027838308364153,1,0,1166184,0.0,48.218832284898426,48.218832284898426,1,48.218832284898426,1,1.042604019237951,31.680090492591262
Climate,chronos2__model_config.context_length-8192__pipeline_config.raw_inference.completed_at-2026-09-26T15_44_40.984294_00_00,1,1,0.5194504740187809,0.4982241238609957,33.50611853227019,1,0,1166184,0.0,50.17758761390043,50.17758761390043,1,50.17758761390043,1,1.042604019237951,31.680090492591262
Climate,chronos_bolt__model_config.context_length-1024__pipeline_config.raw_inference.completed_at-2026-09-27T13_18_21.454133_00_00,1,1,1.3916956142699655,0.9681361313970178,9.990652920678258,1,0,1166184,0.0,3.186386860298218,3.186386860298218,1,3.186386860298218,1,1.437499922931037,3.6355012618005276
Climate,chronos_bolt__model_config.context_length-128__pipeline_config.raw_inference.completed_at-2026-09-27T13_25_51.231751_00_00,1,1,1.6735999230737175,1.1642434871657432,3.7354819886386395,1,0,1166184,0.0,-16.424348716574322,-16.424348716574322,1,-16.424348716574322,1,1.437499922931037,3.6355012618005276
Climate,chronos_bolt__model_config.context_length-2048__pipeline_config.raw_inference.completed_at-2026-09-26T15_44_59.079417_00_00,1,1,1.3770165825586909,0.9579246305286601,16.539647737517953,1,0,1166184,0.0,4.207536947133994,4.207536947133994,1,4.207536947133994,1,1.437499922931037,3.6355012618005276
Climate,chronos_bolt__model_config.context_length-256__pipeline_config.raw_inference.completed_at-2026-09-27T13_24_55.268640_00_00,1,1,1.545855533681598,1.0753778202155488,4.456288492307067,1,0,1166184,0.0,-7.537782021554884,-7.537782021554884,1,-7.537782021554884,1,1.437499922931037,3.6355012618005276
Climate,chronos_bolt__model_config.context_length-512__pipeline_config.raw_inference.completed_at-2026-09-27T13_21_54.419124_00_00,1,1,1.4351119364813474,0.9983387919459359,6.2379298862069845,1,0,1166184,0.0,0.16612080540641116,0.16612080540641116,1,0.16612080540641116,1,1.437499922931037,3.6355012618005276
Climate,chronos_bolt__model_config.context_length-1024__pipeline_config.raw_inference.completed_at-2026-09-27T13_18_10.755516_00_00,1,1,1.057199676720964,1.0129235463180568,9.193695846945047,1,0,1166184,0.0,-1.292354631805681,-1.292354631805681,1,-1.292354631805681,1,1.0437112263446233,6.013604203239083
Climate,chronos_bolt__model_config.context_length-128__pipeline_config.raw_inference.completed_at-2026-09-27T13_25_46.792802_00_00,1,1,1.5927235978764958,1.52601941770299,3.7790849935263395,1,0,1166184,0.0,-52.601941770299,-52.601941770299,1,-52.601941770299,1,1.0437112263446233,6.013604203239083
Climate,chronos_bolt__model_config.context_length-2048__pipeline_config.raw_inference.completed_at-2026-09-26T15_44_41.816363_00_00,1,1,1.002804817780753,0.9608067753499822,17.39283923432231,1,0,1166184,0.0,3.9193224650017844,3.9193224650017844,1,3.9193224650017844,1,1.0437112263446233,6.013604203239083
Climate,chronos_bolt__model_config.context_length-256__pipeline_config.raw_inference.completed_at-2026-09-27T13_24_50.108489_00_00,1,1,1.3401524167793286,1.2840260629110292,4.422421341761947,1,0,1166184,0.0,-28.402606291102916,-28.402606291102916,1,-28.402606291102916,1,1.0437112263446233,6.013604203239083
Climate,chronos_bolt__model_config.context_length-512__pipeline_config.raw_inference.completed_at-2026-09-27T13_21_47.468629_00_00,1,1,1.1919031485078797,1.1419855592454122,5.826698472723365,1,0,1166184,0.0,-14.198555924541223,-14.198555924541223,1,-14.198555924541223,1,1.0437112263446233,6.013604203239083
Climate,chronos_bolt__model_config.context_length-1024__pipeline_config.raw_inference.completed_at-2026-09-27T13_17_58.710561_00_00,1,1,0.6677468103847819,0.640460614062129,8.630590049549937,1,0,1166184,0.0,35.95393859378711,35.95393859378711,1,35.95393859378711,1,1.042604019237951,31.680090492591262
Climate,chronos_bolt__model_config.context_length-128__pipeline_config.raw_inference.completed_at-2026-09-27T13_25_40.148309_00_00,1,1,0.8187967315676103,0.785338169102855,7.8222051952034235,1,0,1166184,0.0,21.466183089714498,21.466183089714498,1,21.466183089714498,1,1.042604019237951,31.680090492591262
Climate,chronos_bolt__model_config.context_length-2048__pipeline_config.raw_inference.completed_at-2026-09-26T15_44_21.546581_00_00,1,1,0.6437833307149723,0.6174763561582273,11.125371668487787,1,0,1166184,0.0,38.25236438417727,38.25236438417727,1,38.25236438417727,1,1.042604019237951,31.680090492591262
Climate,chronos_bolt__model_config.context_length-256__pipeline_config.raw_inference.completed_at-2026-09-27T13_24_42.806008_00_00,1,1,0.7428770336916423,0.7125207844821257,7.791486471891403,1,0,1166184,0.0,28.747921551787424,28.747921551787424,1,28.747921551787424,1,1.042604019237951,31.680090492591262
Climate,chronos_bolt__model_config.context_length-512__pipeline_config.raw_inference.completed_at-2026-09-27T13_21_38.755577_00_00,1,1,0.7007421003746798,0.6721076146309686,7.852211220189929,1,0,1166184,0.0,32.78923853690314,32.78923853690314,1,32.78923853690314,1,1.042604019237951,31.680090492591262
Climate,ts_icl__model_config.context_length-1024__pipeline_config.raw_inference.completed_at-2026-09-27T13_52_17.746951_00_00,1,1,1.1880192117963826,0.8264481916451393,1.551656600087881,1,0,1166184,0.0,17.355180835486074,17.355180835486074,1,17.355180835486074,1,1.437499922931037,3.6355012618005276
Climate,ts_icl__model_config.context_length-2048__pipeline_config.raw_inference.completed_at-2026-09-27T13_52_13.289070_00_00,1,1,1.1017830098455443,0.7664577870717574,3.107270486652851,1,0,1166184,0.0,23.354221292824263,23.354221292824263,1,23.354221292824263,1,1.437499922931037,3.6355012618005276
Climate,ts_icl__model_config.context_length-256__pipeline_config.raw_inference.completed_at-2026-09-27T15_03_18.689991_00_00,1,1,1.5078778950197378,1.0489585919039226,0.8353674616664648,1,0,1166184,0.0,-4.89585919039226,-4.89585919039226,1,-4.89585919039226,1,1.437499922931037,3.6355012618005276
Climate,ts_icl__model_config.context_length-4096__pipeline_config.raw_inference.completed_at-2026-09-26T15_48_59.404650_00_00,1,1,1.0619848659125353,0.7387721202427384,7.911812745034695,1,0,1166184,0.0,26.12278797572616,26.12278797572616,1,26.12278797572616,1,1.437499922931037,3.6355012618005276
Climate,ts_icl__model_config.context_length-512__pipeline_config.raw_inference.completed_at-2026-09-27T13_54_05.282760_00_00,1,1,1.310057955647716,0.91134471365851,1.0012464635074139,1,0,1166184,0.0,8.865528634149001,8.865528634149001,1,8.865528634149001,1,1.437499922931037,3.6355012618005276
Climate,ts_icl__model_config.context_length-1024__pipeline_config.raw_inference.completed_at-2026-09-27T13_52_15.148028_00_00,1,1,0.7986083373564372,0.7651621609488605,3.9603328555822372,1,0,1166184,0.0,23.483783905113953,23.483783905113953,1,23.483783905113953,1,1.0437112263446233,6.013604203239083
Climate,ts_icl__model_config.context_length-2048__pipeline_config.raw_inference.completed_at-2026-09-27T13_52_09.127396_00_00,1,1,0.7822471327963524,0.7494861730442497,8.310856787487864,1,0,1166184,0.0,25.05138269557503,25.05138269557503,1,25.05138269557503,1,1.0437112263446233,6.013604203239083
Climate,ts_icl__model_config.context_length-256__pipeline_config.raw_inference.completed_at-2026-09-27T15_03_16.801007_00_00,1,1,1.2054371886200337,1.1549527859749302,1.7558909058570862,1,0,1166184,0.0,-15.495278597493023,-15.495278597493023,1,-15.495278597493023,1,1.0437112263446233,6.013604203239083
Climate,ts_icl__model_config.context_length-4096__pipeline_config.raw_inference.completed_at-2026-09-26T15_48_50.433201_00_00,1,1,0.7731507634952759,0.7407707649203622,22.28370183520019,1,0,1166184,0.0,25.92292350796378,25.92292350796378,1,25.92292350796378,1,1.0437112263446233,6.013604203239083
Climate,ts_icl__model_config.context_length-512__pipeline_config.raw_inference.completed_at-2026-09-27T13_54_03.236188_00_00,1,1,0.8541656980104042,0.8183927473904232,2.3763414826244116,1,0,1166184,0.0,18.160725260957676,18.160725260957676,1,18.160725260957676,1,1.0437112263446233,6.013604203239083
Climate,ts_icl__model_config.context_length-1024__pipeline_config.raw_inference.completed_at-2026-09-27T13_52_07.853682_00_00,1,1,0.5820797800368924,0.5582942030689081,26.128260215744376,1,0,1166184,0.0,44.17057969310919,44.17057969310919,1,44.17057969310919,1,1.042604019237951,31.680090492591262
Climate,ts_icl__model_config.context_length-2048__pipeline_config.raw_inference.completed_at-2026-09-27T13_51_57.402791_00_00,1,1,0.5788086143808884,0.5551567073412444,62.03292251750827,1,0,1166184,0.0,44.48432926587556,44.48432926587556,1,44.48432926587556,1,1.042604019237951,31.680090492591262
Climate,ts_icl__model_config.context_length-256__pipeline_config.raw_inference.completed_at-2026-09-27T15_03_11.691596_00_00,1,1,0.6471138933218122,0.6206708216939292,11.753108760342002,1,0,1166184,0.0,37.93291783060708,37.93291783060708,1,37.93291783060708,1,1.042604019237951,31.680090492591262
Climate,ts_icl__model_config.context_length-4096__pipeline_config.raw_inference.completed_at-2026-09-26T15_48_24.790174_00_00,1,1,0.5854931056397984,0.5615680496491282,171.61584774963558,1,0,1166184,0.0,43.84319503508718,43.84319503508718,1,43.84319503508718,1,1.042604019237951,31.680090492591262
Climate,ts_icl__model_config.context_length-512__pipeline_config.raw_inference.completed_at-2026-09-27T13_53_57.457419_00_00,1,1,0.6046126677506649,0.5799063274210106,16.066796431317925,1,0,1166184,0.0,42.009367257898944,42.009367257898944,1,42.009367257898944,1,1.042604019237951,31.680090492591262
Climate,chronos2__model_config.context_length-1024__pipeline_config.raw_inference.completed_at-2026-09-27T13_44_19.492273_00_00,1,1,0.88145937997613,0.7810212258854887,0.12180689536035061,1,0,388800,0.0,21.897877411451127,21.897877411451127,1,21.897877411451127,1,1.1285984948447063,1.367406515404582
Climate,chronos2__model_config.context_length-2048__pipeline_config.raw_inference.completed_at-2026-09-27T13_39_34.274106_00_00,1,1,0.8470913544657007,0.7505692753757034,0.19904854148626328,1,0,388800,0.0,24.94307246242966,24.94307246242966,1,24.94307246242966,1,1.1285984948447063,1.367406515404582
Climate,chronos2__model_config.context_length-4096__pipeline_config.raw_inference.completed_at-2026-09-27T13_39_27.120786_00_00,1,1,0.8295304619383379,0.7350093640276211,0.3550296127796173,1,0,388800,0.0,26.499063597237893,26.499063597237893,1,26.499063597237893,1,1.1285984948447063,1.367406515404582
Climate,chronos2__model_config.context_length-512__pipeline_config.raw_inference.completed_at-2026-09-27T13_45_54.934560_00_00,1,1,0.9294026353704483,0.8235015726282117,0.07943889684975147,1,0,388800,0.0,17.649842737178833,17.649842737178833,1,17.649842737178833,1,1.1285984948447063,1.367406515404582
Climate,chronos2__model_config.context_length-8192__pipeline_config.raw_inference.completed_at-2026-09-26T15_45_16.522128_00_00,1,1,0.8331182837324931,0.7381883703886466,0.7104298360645771,1,0,388800,0.0,26.18116296113534,26.18116296113534,1,26.18116296113534,1,1.1285984948447063,1.367406515404582
Climate,chronos2__model_config.context_length-1024__pipeline_config.raw_inference.completed_at-2026-09-27T13_44_18.884702_00_00,1,1,0.7509097829489032,0.7566245021734495,0.30393048748373985,1,0,388800,0.0,24.337549782655053,24.337549782655053,1,24.337549782655053,1,0.9924470867542217,2.295259775593877
Climate,chronos2__model_config.context_length-2048__pipeline_config.raw_inference.completed_at-2026-09-27T13_39_33.590994_00_00,1,1,0.7274269247032482,0.732962930126868,0.5569209773093462,1,0,388800,0.0,26.703706987313204,26.703706987313204,1,26.703706987313204,1,0.9924470867542217,2.295259775593877
Climate,chronos2__model_config.context_length-4096__pipeline_config.raw_inference.completed_at-2026-09-27T13_39_26.275870_00_00,1,1,0.7229376429722548,0.7284394831936158,1.0441776234656572,1,0,388800,0.0,27.156051680638416,27.156051680638416,1,27.156051680638416,1,0.9924470867542217,2.295259775593877
Climate,chronos2__model_config.context_length-512__pipeline_config.raw_inference.completed_at-2026-09-27T13_45_54.367957_00_00,1,1,0.7811720001986248,0.7871170268164444,0.18569017574191093,1,0,388800,0.0,21.288297318355564,21.288297318355564,1,21.288297318355564,1,0.9924470867542217,2.295259775593877
Climate,chronos2__model_config.context_length-8192__pipeline_config.raw_inference.completed_at-2026-09-26T15_45_15.327163_00_00,1,1,0.7241171493827121,0.7296279661124532,1.714488673955202,1,0,388800,0.0,27.037203388754683,27.037203388754683,1,27.037203388754683,1,0.9924470867542217,2.295259775593877
Climate,chronos2__model_config.context_length-1024__pipeline_config.raw_inference.completed_at-2026-09-27T13_44_17.169488_00_00,1,1,0.5103311283667865,0.514772850791618,2.3957964535802603,1,0,388800,0.0,48.5227149208382,48.5227149208382,1,48.5227149208382,1,0.9913714905166404,12.934377044439316
Climate,chronos2__model_config.context_length-2048__pipeline_config.raw_inference.completed_at-2026-09-27T13_39_31.626949_00_00,1,1,0.5010639083542826,0.5054249725228226,4.602680299431086,1,0,388800,0.0,49.45750274771774,49.45750274771774,1,49.45750274771774,1,0.9913714905166404,12.934377044439316
Climate,chronos2__model_config.context_length-4096__pipeline_config.raw_inference.completed_at-2026-09-27T13_39_23.824966_00_00,1,1,0.4993983749594209,0.5037449429770932,8.043255584314466,1,0,388800,0.0,49.62550570229068,49.62550570229068,1,49.62550570229068,1,0.9913714905166404,12.934377044439316
Climate,chronos2__model_config.context_length-512__pipeline_config.raw_inference.completed_at-2026-09-27T13_45_52.773773_00_00,1,1,0.5203800803843558,0.5249092649549226,1.3581120241433382,1,0,388800,0.0,47.50907350450774,47.50907350450774,1,47.50907350450774,1,0.9913714905166404,12.934377044439316
Climate,chronos2__model_config.context_length-8192__pipeline_config.raw_inference.completed_at-2026-09-26T15_45_12.225547_00_00,1,1,0.5007411130559184,0.5050993677405062,12.134375179186463,1,0,388800,0.0,49.49006322594938,49.49006322594938,1,49.49006322594938,1,0.9913714905166404,12.934377044439316
Climate,chronos_bolt__model_config.context_length-1024__pipeline_config.raw_inference.completed_at-2026-09-27T13_18_42.459879_00_00,1,1,0.9676930654294315,0.8574289881208682,3.1563418488949537,1,0,388800,0.0,14.257101187913179,14.257101187913179,1,14.257101187913179,1,1.1285984948447063,1.367406515404582
Climate,chronos_bolt__model_config.context_length-128__pipeline_config.raw_inference.completed_at-2026-09-27T13_26_08.773849_00_00,1,1,1.0262812117336733,0.9093412904780528,1.2219502814114094,1,0,388800,0.0,9.065870952194722,9.065870952194722,1,9.065870952194722,1,1.1285984948447063,1.367406515404582
Climate,chronos_bolt__model_config.context_length-2048__pipeline_config.raw_inference.completed_at-2026-09-26T15_45_25.976054_00_00,1,1,0.9309764178821907,0.8248960300184449,5.592255461961031,1,0,388800,0.0,17.510396998155507,17.510396998155507,1,17.510396998155507,1,1.1285984948447063,1.367406515404582
Climate,chronos_bolt__model_config.context_length-256__pipeline_config.raw_inference.completed_at-2026-09-27T13_25_13.566521_00_00,1,1,1.0347766381440398,0.9168687029716655,1.4365163575857878,1,0,388800,0.0,8.313129702833455,8.313129702833455,1,8.313129702833455,1,1.1285984948447063,1.367406515404582
Climate,chronos_bolt__model_config.context_length-512__pipeline_config.raw_inference.completed_at-2026-09-27T13_22_13.285627_00_00,1,1,0.998578986786805,0.884795603882325,2.000611511990428,1,0,388800,0.0,11.520439611767497,11.520439611767497,1,11.520439611767497,1,1.1285984948447063,1.367406515404582
Climate,chronos_bolt__model_config.context_length-1024__pipeline_config.raw_inference.completed_at-2026-09-27T13_18_39.009957_00_00,1,1,0.8156104009029224,0.821817517315064,2.556298565119505,1,0,388800,0.0,17.818248268493598,17.818248268493598,1,17.818248268493598,1,0.9924470867542217,2.295259775593877
Climate,chronos_bolt__model_config.context_length-128__pipeline_config.raw_inference.completed_at-2026-09-27T13_26_07.252261_00_00,1,1,0.8648734151278276,0.871455442482459,1.195930115878582,1,0,388800,0.0,12.854455751754102,12.854455751754102,1,12.854455751754102,1,0.9924470867542217,2.295259775593877
Climate,chronos_bolt__model_config.context_length-2048__pipeline_config.raw_inference.completed_at-2026-09-26T15_45_20.089987_00_00,1,1,0.7820132300395952,0.7879646587478571,4.684758359566331,1,0,388800,0.0,21.203534125214286,21.203534125214286,1,21.203534125214286,1,0.9924470867542217,2.295259775593877
Climate,chronos_bolt__model_config.context_length-256__pipeline_config.raw_inference.completed_at-2026-09-27T13_25_11.838564_00_00,1,1,0.8487838304487934,0.8552434097264812,1.368468515574932,1,0,388800,0.0,14.475659027351885,14.475659027351885,1,14.475659027351885,1,0.9924470867542217,2.295259775593877
Climate,chronos_bolt__model_config.context_length-512__pipeline_config.raw_inference.completed_at-2026-09-27T13_22_10.987546_00_00,1,1,0.8343737195556625,0.8407236322134464,1.6217367239296436,1,0,388800,0.0,15.927636778655362,15.927636778655362,1,15.927636778655362,1,0.9924470867542217,2.295259775593877
Climate,chronos_bolt__model_config.context_length-1024__pipeline_config.raw_inference.completed_at-2026-09-27T13_18_35.241380_00_00,1,1,0.5375037623208784,0.5421819847177219,4.386772103607655,1,0,388800,0.0,45.7818015282278,45.7818015282278,1,45.7818015282278,1,0.9913714905166404,12.934377044439316
Climate,chronos_bolt__model_config.context_length-128__pipeline_config.raw_inference.completed_at-2026-09-27T13_26_04.830348_00_00,1,1,0.5686535807716795,0.5736029189979359,3.998331105336547,1,0,388800,0.0,42.639708100206406,42.639708100206406,1,42.639708100206406,1,0.9913714905166404,12.934377044439316
Climate,chronos_bolt__model_config.context_length-2048__pipeline_config.raw_inference.completed_at-2026-09-26T15_45_14.194522_00_00,1,1,0.5264439061535141,0.5310258678905166,5.602128099650145,1,0,388800,0.0,46.897413210948336,46.897413210948336,1,46.897413210948336,1,0.9913714905166404,12.934377044439316
Climate,chronos_bolt__model_config.context_length-256__pipeline_config.raw_inference.completed_at-2026-09-27T13_25_09.260410_00_00,1,1,0.5433380272147861,0.5480670287700451,4.017798252403736,1,0,388800,0.0,45.19329712299549,45.19329712299549,1,45.19329712299549,1,0.9913714905166404,12.934377044439316
Climate,chronos_bolt__model_config.context_length-512__pipeline_config.raw_inference.completed_at-2026-09-27T13_22_08.152048_00_00,1,1,0.539949960567622,0.5446494737166933,3.949093220755458,1,0,388800,0.0,45.535052628330675,45.535052628330675,1,45.535052628330675,1,0.9913714905166404,12.934377044439316
Climate,ts_icl__model_config.context_length-1024__pipeline_config.raw_inference.completed_at-2026-09-27T13_52_40.354982_00_00,1,1,0.9127967313754908,0.8087878333570615,0.7213107421994209,1,0,388800,0.0,19.12121666429385,19.12121666429385,1,19.12121666429385,1,1.1285984948447063,1.367406515404582
Climate,ts_icl__model_config.context_length-2048__pipeline_config.raw_inference.completed_at-2026-09-27T13_52_57.122306_00_00,1,1,0.8577556102201068,0.7600183893016204,1.4629691895097494,1,0,388800,0.0,23.998161069837963,23.998161069837963,1,23.998161069837963,1,1.1285984948447063,1.367406515404582
Climate,ts_icl__model_config.context_length-256__pipeline_config.raw_inference.completed_at-2026-09-27T15_03_32.515774_00_00,1,1,1.007685302505933,0.8928642977187287,0.3617688771337271,1,0,388800,0.0,10.713570228127134,10.713570228127134,1,10.713570228127134,1,1.1285984948447063,1.367406515404582
Climate,ts_icl__model_config.context_length-4096__pipeline_config.raw_inference.completed_at-2026-09-26T15_50_56.336626_00_00,1,1,0.8639502699452303,0.7655071966617399,4.701869150623679,1,0,388800,0.0,23.449280333826007,23.449280333826007,1,23.449280333826007,1,1.1285984948447063,1.367406515404582
Climate,ts_icl__model_config.context_length-512__pipeline_config.raw_inference.completed_at-2026-09-27T13_54_21.049096_00_00,1,1,0.9634606295615398,0.8536788184305621,0.45577110908925533,1,0,388800,0.0,14.632118156943786,14.632118156943786,1,14.632118156943786,1,1.1285984948447063,1.367406515404582
Climate,ts_icl__model_config.context_length-1024__pipeline_config.raw_inference.completed_at-2026-09-27T13_52_38.922769_00_00,1,1,0.7727366186486406,0.7786174486902473,1.8924004398286343,1,0,388800,0.0,22.13825513097527,22.13825513097527,1,22.13825513097527,1,0.9924470867542217,2.295259775593877
Climate,ts_icl__model_config.context_length-2048__pipeline_config.raw_inference.completed_at-2026-09-27T13_52_54.957751_00_00,1,1,0.7559540178183866,0.7617071256571664,4.029896050691605,1,0,388800,0.0,23.829287434283366,23.829287434283366,1,23.829287434283366,1,0.9924470867542217,2.295259775593877
Climate,ts_icl__model_config.context_length-256__pipeline_config.raw_inference.completed_at-2026-09-27T15_03_31.450034_00_00,1,1,0.845178920002259,0.8516110644915084,0.8230410646647215,1,0,388800,0.0,14.838893550849164,14.838893550849164,1,14.838893550849164,1,0.9924470867542217,2.295259775593877
Climate,ts_icl__model_config.context_length-4096__pipeline_config.raw_inference.completed_at-2026-09-26T15_50_51.004427_00_00,1,1,0.7574821876670954,0.7632469254803556,13.078402074053884,1,0,388800,0.0,23.675307451964443,23.675307451964443,1,23.675307451964443,1,0.9924470867542217,2.295259775593877
Climate,ts_icl__model_config.context_length-512__pipeline_config.raw_inference.completed_at-2026-09-27T13_54_19.900358_00_00,1,1,0.8057579546074379,0.8118900900224849,1.1304007433354855,1,0,388800,0.0,18.81099099775151,18.81099099775151,1,18.81099099775151,1,0.9924470867542217,2.295259775593877
Climate,ts_icl__model_config.context_length-1024__pipeline_config.raw_inference.completed_at-2026-09-27T13_52_35.379909_00_00,1,1,0.5239723131218501,0.5285327630803552,13.14309872314334,1,0,388800,0.0,47.146723691964475,47.146723691964475,1,47.146723691964475,1,0.9913714905166404,12.934377044439316
Climate,ts_icl__model_config.context_length-2048__pipeline_config.raw_inference.completed_at-2026-09-27T13_52_49.263825_00_00,1,1,0.5195816002062952,0.5241038351178748,31.228565840050578,1,0,388800,0.0,47.58961648821251,47.58961648821251,1,47.58961648821251,1,0.9913714905166404,12.934377044439316
Climate,ts_icl__model_config.context_length-256__pipeline_config.raw_inference.completed_at-2026-09-27T15_03_28.987392_00_00,1,1,0.5408306067737723,0.5455377847227838,5.827367005869746,1,0,388800,0.0,45.44622152772162,45.44622152772162,1,45.44622152772162,1,0.9913714905166404,12.934377044439316
Climate,ts_icl__model_config.context_length-4096__pipeline_config.raw_inference.completed_at-2026-09-26T15_50_36.202883_00_00,1,1,0.5193276915541719,0.5238477165442099,92.08401364088058,1,0,388800,0.0,47.615228345579006,47.615228345579006,1,47.615228345579006,1,0.9913714905166404,12.934377044439316
Climate,ts_icl__model_config.context_length-512__pipeline_config.raw_inference.completed_at-2026-09-27T13_54_17.128426_00_00,1,1,0.5307258755872055,0.5353451059104237,7.376061571761966,1,0,388800,0.0,46.46548940895763,46.46548940895763,1,46.46548940895763,1,0.9913714905166404,12.934377044439316
Climate,chronos2__model_config.context_length-1024__pipeline_config.raw_inference.completed_at-2026-09-27T13_44_50.805053_00_00,1,1,1.08629315418601,0.8206700752391325,0.6337081212550402,1,0,1574640,0.0,17.932992476086753,17.932992476086753,1,17.932992476086753,1,1.3236660955006534,5.839939741417766
Climate,chronos2__model_config.context_length-2048__pipeline_config.raw_inference.completed_at-2026-09-27T13_40_19.540966_00_00,1,1,1.0448818058337623,0.7893847318334116,1.096536224707961,1,0,1574640,0.0,21.061526816658837,21.061526816658837,1,21.061526816658837,1,1.3236660955006534,5.839939741417766
Climate,chronos2__model_config.context_length-4096__pipeline_config.raw_inference.completed_at-2026-09-27T13_40_33.786098_00_00,1,1,1.0314689567462747,0.7792516256572544,1.9531799741089344,1,0,1574640,0.0,22.074837434274563,22.074837434274563,1,22.074837434274563,1,1.3236660955006534,5.839939741417766
Climate,chronos2__model_config.context_length-512__pipeline_config.raw_inference.completed_at-2026-09-27T13_46_19.500115_00_00,1,1,1.1372380671414286,0.8591578125382809,0.40359657257795334,1,0,1574640,0.0,14.084218746171906,14.084218746171906,1,14.084218746171906,1,1.3236660955006534,5.839939741417766
Climate,chronos2__model_config.context_length-8192__pipeline_config.raw_inference.completed_at-2026-09-26T15_46_47.354798_00_00,1,1,1.0349358614818083,0.7818707943035755,3.4409340750426054,1,0,1574640,0.0,21.812920569642447,21.812920569642447,1,21.812920569642447,1,1.3236660955006534,5.839939741417766
Climate,chronos2__model_config.context_length-1024__pipeline_config.raw_inference.completed_at-2026-09-27T13_44_48.880343_00_00,1,1,0.7521749305971691,0.7389446482461407,1.6540076825767756,1,0,1574640,0.0,26.10553517538593,26.10553517538593,1,26.10553517538593,1,1.0179042941611798,11.161925012245774
Climate,chronos2__model_config.context_length-2048__pipeline_config.raw_inference.completed_at-2026-09-27T13_40_17.141749_00_00,1,1,0.7314132880742543,0.7185481899130675,3.122912550345063,1,0,1574640,0.0,28.145181008693253,28.145181008693253,1,28.145181008693253,1,1.0179042941611798,11.161925012245774
Climate,chronos2__model_config.context_length-4096__pipeline_config.raw_inference.completed_at-2026-09-27T13_40_30.519117_00_00,1,1,0.728165329171501,0.7153573605577106,5.700005551800132,1,0,1574640,0.0,28.46426394422894,28.46426394422894,1,28.46426394422894,1,1.0179042941611798,11.161925012245774
Climate,chronos2__model_config.context_length-512__pipeline_config.raw_inference.completed_at-2026-09-27T13_46_17.796925_00_00,1,1,0.7938831180662261,0.7799192150185771,0.8880006242543459,1,0,1574640,0.0,22.008078498142293,22.008078498142293,1,22.008078498142293,1,1.0179042941611798,11.161925012245774
Climate,chronos2__model_config.context_length-8192__pipeline_config.raw_inference.completed_at-2026-09-26T15_46_42.608244_00_00,1,1,0.7299694722683221,0.7171297699160067,9.41227262839675,1,0,1574640,0.0,28.287023008399327,28.287023008399327,1,28.287023008399327,1,1.0179042941611798,11.161925012245774
Climate,chronos2__model_config.context_length-1024__pipeline_config.raw_inference.completed_at-2026-09-27T13_44_41.161754_00_00,1,1,0.48050397120626,0.47305711890370267,12.351947883144021,1,0,1574640,0.0,52.694288109629724,52.694288109629724,1,52.694288109629724,1,1.0157419728083052,66.02086149714887
Climate,chronos2__model_config.context_length-2048__pipeline_config.raw_inference.completed_at-2026-09-27T13_40_07.918652_00_00,1,1,0.47205614306458066,0.46474021523344977,24.266766456887126,1,0,1574640,0.0,53.52597847665502,53.52597847665502,1,53.52597847665502,1,1.0157419728083052,66.02086149714887
Climate,chronos2__model_config.context_length-4096__pipeline_config.raw_inference.completed_at-2026-09-27T13_40_18.645641_00_00,1,1,0.47062659654857947,0.46333282383458024,42.170377334579825,1,0,1574640,0.0,53.66671761654198,53.66671761654198,1,53.66671761654198,1,1.0157419728083052,66.02086149714887
Climate,chronos2__model_config.context_length-512__pipeline_config.raw_inference.completed_at-2026-09-27T13_46_10.823523_00_00,1,1,0.5002369253325676,0.4924842516348138,6.5675608310848475,1,0,1574640,0.0,50.75157483651862,50.75157483651862,1,50.75157483651862,1,1.0157419728083052,66.02086149714887
Climate,chronos2__model_config.context_length-8192__pipeline_config.raw_inference.completed_at-2026-09-26T15_46_27.114547_00_00,1,1,0.4727036485451953,0.46537768567175847,61.059814048931,1,0,1574640,0.0,53.46223143282416,53.46223143282416,1,53.46223143282416,1,1.0157419728083052,66.02086149714887
Climate,chronos_bolt__model_config.context_length-1024__pipeline_config.raw_inference.completed_at-2026-09-27T13_19_47.893157_00_00,1,1,1.380085302815108,1.0426234437115465,12.163262132555246,1,0,1574640,0.0,-4.262344371154647,-4.262344371154647,1,-4.262344371154647,1,1.3236660955006534,5.839939741417766
Climate,chronos_bolt__model_config.context_length-128__pipeline_config.raw_inference.completed_at-2026-09-27T13_26_57.646348_00_00,1,1,1.5863039550354536,1.1984170029190497,4.867498280480504,1,0,1574640,0.0,-19.841700291904974,-19.841700291904974,1,-19.841700291904974,1,1.3236660955006534,5.839939741417766
Climate,chronos_bolt__model_config.context_length-2048__pipeline_config.raw_inference.completed_at-2026-09-26T15_47_00.563033_00_00,1,1,1.365751198444944,1.0317943498646256,22.958402873948216,1,0,1574640,0.0,-3.1794349864625593,-3.1794349864625593,1,-3.1794349864625593,1,1.3236660955006534,5.839939741417766
Climate,chronos_bolt__model_config.context_length-256__pipeline_config.raw_inference.completed_at-2026-09-27T13_26_03.771179_00_00,1,1,1.4998332946189028,1.1330903614718766,5.63285294175148,1,0,1574640,0.0,-13.309036147187658,-13.309036147187658,1,-13.309036147187658,1,1.3236660955006534,5.839939741417766
Climate,chronos_bolt__model_config.context_length-512__pipeline_config.raw_inference.completed_at-2026-09-27T13_23_06.564491_00_00,1,1,1.4333534079910482,1.082866300544555,7.83131998218596,1,0,1574640,0.0,-8.28663005445549,-8.28663005445549,1,-8.28663005445549,1,1.3236660955006534,5.839939741417766
Climate,chronos_bolt__model_config.context_length-1024__pipeline_config.raw_inference.completed_at-2026-09-27T13_19_34.588333_00_00,1,1,1.1266186125126252,1.1068021020984424,13.612717444077134,1,0,1574640,0.0,-10.680210209844244,-10.680210209844244,1,-10.680210209844244,1,1.0179042941611798,11.161925012245774
Climate,chronos_bolt__model_config.context_length-128__pipeline_config.raw_inference.completed_at-2026-09-27T13_26_51.626198_00_00,1,1,1.3636252108763116,1.339639903965656,6.239334220066667,1,0,1574640,0.0,-33.96399039656559,-33.96399039656559,1,-33.96399039656559,1,1.0179042941611798,11.161925012245774
Climate,chronos_bolt__model_config.context_length-2048__pipeline_config.raw_inference.completed_at-2026-09-26T15_46_36.440621_00_00,1,1,1.1046554990495228,1.0852253059408024,25.102548386901617,1,0,1574640,0.0,-8.522530594080235,-8.522530594080235,1,-8.522530594080235,1,1.0179042941611798,11.161925012245774
Climate,chronos_bolt__model_config.context_length-256__pipeline_config.raw_inference.completed_at-2026-09-27T13_25_56.990356_00_00,1,1,1.245915258450196,1.2240003953190042,7.095046663656831,1,0,1574640,0.0,-22.40003953190042,-22.40003953190042,1,-22.40003953190042,1,1.0179042941611798,11.161925012245774
Climate,chronos_bolt__model_config.context_length-512__pipeline_config.raw_inference.completed_at-2026-09-27T13_22_57.596089_00_00,1,1,1.1923958651460953,1.1714223743684156,8.352042751386762,1,0,1574640,0.0,-17.142237436841555,-17.142237436841555,1,-17.142237436841555,1,1.0179042941611798,11.161925012245774
Climate,chronos_bolt__model_config.context_length-1024__pipeline_config.raw_inference.completed_at-2026-09-27T13_19_14.921458_00_00,1,1,0.5966822530654938,0.5874348693259149,23.000020755454898,1,0,1574640,0.0,41.256513067408505,41.256513067408505,1,41.256513067408505,1,1.0157419728083052,66.02086149714887
Climate,chronos_bolt__model_config.context_length-128__pipeline_config.raw_inference.completed_at-2026-09-27T13_26_39.371682_00_00,1,1,0.6757746611780505,0.6653015030083682,20.95185411721468,1,0,1574640,0.0,33.46984969916318,33.46984969916318,1,33.46984969916318,1,1.0157419728083052,66.02086149714887
Climate,chronos_bolt__model_config.context_length-2048__pipeline_config.raw_inference.completed_at-2026-09-26T15_46_05.176927_00_00,1,1,0.5819725735844418,0.5729531605112412,29.692712292075157,1,0,1574640,0.0,42.704683948875875,42.704683948875875,1,42.704683948875875,1,1.0157419728083052,66.02086149714887
Climate,chronos_bolt__model_config.context_length-256__pipeline_config.raw_inference.completed_at-2026-09-27T13_25_43.743688_00_00,1,1,0.6363444032544595,0.6264823353662405,20.585040448233485,1,0,1574640,0.0,37.351766463375945,37.351766463375945,1,37.351766463375945,1,1.0157419728083052,66.02086149714887
Climate,chronos_bolt__model_config.context_length-512__pipeline_config.raw_inference.completed_at-2026-09-27T13_22_43.266223_00_00,1,1,0.6202361335960357,0.6106237117298775,20.37571570277214,1,0,1574640,0.0,38.93762882701225,38.93762882701225,1,38.93762882701225,1,1.0157419728083052,66.02086149714887
Climate,ts_icl__model_config.context_length-1024__pipeline_config.raw_inference.completed_at-2026-09-27T13_54_16.441814_00_00,1,1,1.1984507156902597,0.9054025934213922,3.579614344984293,1,0,1574640,0.0,9.459740657860783,9.459740657860783,1,9.459740657860783,1,1.3236660955006534,5.839939741417766
Climate,ts_icl__model_config.context_length-2048__pipeline_config.raw_inference.completed_at-2026-09-27T13_56_30.590163_00_00,1,1,1.1334475910781985,0.8562941930226685,8.03608033619821,1,0,1574640,0.0,14.370580697733148,14.370580697733148,1,14.370580697733148,1,1.3236660955006534,5.839939741417766
Climate,ts_icl__model_config.context_length-256__pipeline_config.raw_inference.completed_at-2026-09-27T15_04_21.673308_00_00,1,1,1.4254672946852904,1.0769085190975844,1.6015441082417965,1,0,1574640,0.0,-7.690851909758445,-7.690851909758445,1,-7.690851909758445,1,1.3236660955006534,5.839939741417766
Climate,ts_icl__model_config.context_length-4096__pipeline_config.raw_inference.completed_at-2026-09-26T16_01_01.534693_00_00,1,1,1.1122450157855845,0.840276123688805,23.952521642670035,1,0,1574640,0.0,15.9723876311195,15.9723876311195,1,15.9723876311195,1,1.3236660955006534,5.839939741417766
Climate,ts_icl__model_config.context_length-512__pipeline_config.raw_inference.completed_at-2026-09-27T13_55_20.817226_00_00,1,1,1.2792500239543294,0.9664446557199726,2.183426244184375,1,0,1574640,0.0,3.3555344280027377,3.3555344280027377,1,3.3555344280027377,1,1.3236660955006534,5.839939741417766
Climate,ts_icl__model_config.context_length-1024__pipeline_config.raw_inference.completed_at-2026-09-27T13_54_11.375534_00_00,1,1,0.8397294889205501,0.8249591771420343,10.00815437734127,1,0,1574640,0.0,17.504082285796574,17.504082285796574,1,17.504082285796574,1,1.0179042941611798,11.161925012245774
Climate,ts_icl__model_config.context_length-2048__pipeline_config.raw_inference.completed_at-2026-09-27T13_56_21.049751_00_00,1,1,0.8215074218015946,0.8070576246842253,22.37318659015,1,0,1574640,0.0,19.294237531577473,19.294237531577473,1,19.294237531577473,1,1.0179042941611798,11.161925012245774
Climate,ts_icl__model_config.context_length-256__pipeline_config.raw_inference.completed_at-2026-09-27T15_04_18.575378_00_00,1,1,0.9731247527385586,0.9560081024517905,4.077083200216293,1,0,1574640,0.0,4.399189754820954,4.399189754820954,1,4.399189754820954,1,1.0179042941611798,11.161925012245774
Climate,ts_icl__model_config.context_length-4096__pipeline_config.raw_inference.completed_at-2026-09-26T16_00_36.082241_00_00,1,1,0.8134401959265366,0.7991322962212916,67.29389851354063,1,0,1574640,0.0,20.086770377870845,20.086770377870845,1,20.086770377870845,1,1.0179042941611798,11.161925012245774
Climate,ts_icl__model_config.context_length-512__pipeline_config.raw_inference.completed_at-2026-09-27T13_55_17.123540_00_00,1,1,0.8836384728221512,0.8680958297266322,5.621113549917936,1,0,1574640,0.0,13.190417027336776,13.190417027336776,1,13.190417027336776,1,1.0179042941611798,11.161925012245774
Climate,ts_icl__model_config.context_length-1024__pipeline_config.raw_inference.completed_at-2026-09-27T13_53_54.905508_00_00,1,1,0.5292275361821545,0.5210255658914592,70.01716937683523,1,0,1574640,0.0,47.89744341085408,47.89744341085408,1,47.89744341085408,1,1.0157419728083052,66.02086149714887
Climate,ts_icl__model_config.context_length-2048__pipeline_config.raw_inference.completed_at-2026-09-27T13_55_52.192369_00_00,1,1,0.5237926507593346,0.5156749103427931,170.4962451979518,1,0,1574640,0.0,48.432508965720686,48.432508965720686,1,48.432508965720686,1,1.0157419728083052,66.02086149714887
Climate,ts_icl__model_config.context_length-256__pipeline_config.raw_inference.completed_at-2026-09-27T15_04_07.997747_00_00,1,1,0.5502791251248823,0.5417508972317846,30.960999676957726,1,0,1574640,0.0,45.82491027682154,45.82491027682154,1,45.82491027682154,1,1.0157419728083052,66.02086149714887
Climate,ts_icl__model_config.context_length-4096__pipeline_config.raw_inference.completed_at-2026-09-26T15_59_21.915743_00_00,1,1,0.5218188258961157,0.5137316758245211,499.06127027608454,1,0,1574640,0.0,48.626832417547895,48.626832417547895,1,48.626832417547895,1,1.0157419728083052,66.02086149714887
Climate,ts_icl__model_config.context_length-512__pipeline_config.raw_inference.completed_at-2026-09-27T13_55_04.905668_00_00,1,1,0.5369327150185011,0.5286113298380288,39.41526676155627,1,0,1574640,0.0,47.13886701619712,47.13886701619712,1,47.13886701619712,1,1.0157419728083052,66.02086149714887
Climate,chronos2__model_config.context_length-1024__pipeline_config.raw_inference.completed_at-2026-09-27T13_43_46.334604_00_00,1,1,0.8129713104500458,0.7439970097423086,0.03982266038656235,1,0,233280,0.0,25.600299025769136,25.600299025769136,1,25.600299025769136,1,1.0927077660320532,0.6847126875072718
Climate,chronos2__model_config.context_length-2048__pipeline_config.raw_inference.completed_at-2026-09-27T13_38_53.544091_00_00,1,1,0.7696979755263302,0.7043950811490363,0.05023111030459404,1,0,233280,0.0,29.560491885096376,29.560491885096376,1,29.560491885096376,1,1.0927077660320532,0.6847126875072718
Climate,chronos2__model_config.context_length-4096__pipeline_config.raw_inference.completed_at-2026-09-27T13_38_33.409222_00_00,1,1,0.8086425705840131,0.7400355298292011,0.085165249183774,1,0,233280,0.0,25.996447017079895,25.996447017079895,1,25.996447017079895,1,1.0927077660320532,0.6847126875072718
Climate,chronos2__model_config.context_length-512__pipeline_config.raw_inference.completed_at-2026-09-27T13_45_25.499315_00_00,1,1,1.0900122552715623,0.9975331823893967,0.032115692272782326,1,0,233280,0.0,0.24668176106033002,0.24668176106033002,1,0.24668176106033002,1,1.0927077660320532,0.6847126875072718
Climate,chronos2__model_config.context_length-8192__pipeline_config.raw_inference.completed_at-2026-09-26T15_43_57.943761_00_00,1,1,0.8498128607052333,0.7777128406354761,0.16537532024085522,1,0,233280,0.0,22.228715936452392,22.228715936452392,1,22.228715936452392,1,1.0927077660320532,0.6847126875072718
Climate,chronos2__model_config.context_length-1024__pipeline_config.raw_inference.completed_at-2026-09-27T13_43_45.940943_00_00,1,1,0.6155869064946786,0.6759549118891665,0.07451827637851238,1,0,233280,0.0,32.40450881108335,32.40450881108335,1,32.40450881108335,1,0.9106922601897061,0.8513255435973406
Climate,chronos2__model_config.context_length-2048__pipeline_config.raw_inference.completed_at-2026-09-27T13_38_53.142138_00_00,1,1,0.583282789142385,0.6404828663207058,0.12315907701849937,1,0,233280,0.0,35.951713367929415,35.951713367929415,1,35.951713367929415,1,0.9106922601897061,0.8513255435973406
Climate,chronos2__model_config.context_length-4096__pipeline_config.raw_inference.completed_at-2026-09-27T13_38_32.966978_00_00,1,1,0.58740586351684,0.645010273167884,0.21318562142550945,1,0,233280,0.0,35.498972683211605,35.498972683211605,1,35.498972683211605,1,0.9106922601897061,0.8513255435973406
Climate,chronos2__model_config.context_length-512__pipeline_config.raw_inference.completed_at-2026-09-27T13_45_25.113520_00_00,1,1,0.7248077468889641,0.7958865783464324,0.04916899651288986,1,0,233280,0.0,20.41134216535676,20.41134216535676,1,20.41134216535676,1,0.9106922601897061,0.8513255435973406
Climate,chronos2__model_config.context_length-8192__pipeline_config.raw_inference.completed_at-2026-09-26T15_43_57.424005_00_00,1,1,0.5887550969808875,0.6464918202535772,0.4173429775983095,1,0,233280,0.0,35.35081797464228,35.35081797464228,1,35.35081797464228,1,0.9106922601897061,0.8513255435973406
Climate,chronos2__model_config.context_length-1024__pipeline_config.raw_inference.completed_at-2026-09-27T13_43_45.309685_00_00,1,1,0.3744786742687937,0.41128831875873406,0.657172167673707,1,0,233280,0.0,58.87116812412659,58.87116812412659,1,58.87116812412659,1,0.9105016048084428,3.5645995773375034
Climate,chronos2__model_config.context_length-2048__pipeline_config.raw_inference.completed_at-2026-09-27T13_38_52.454982_00_00,1,1,0.37157183882223677,0.40809575387888575,1.0278380252420902,1,0,233280,0.0,59.19042461211143,59.19042461211143,1,59.19042461211143,1,0.9105016048084428,3.5645995773375034
Climate,chronos2__model_config.context_length-4096__pipeline_config.raw_inference.completed_at-2026-09-27T13_38_32.186996_00_00,1,1,0.3698294324757343,0.4061820764759019,1.8088905606418848,1,0,233280,0.0,59.38179235240981,59.38179235240981,1,59.38179235240981,1,0.9105016048084428,3.5645995773375034
Climate,chronos2__model_config.context_length-512__pipeline_config.raw_inference.completed_at-2026-09-27T13_45_24.499901_00_00,1,1,0.3948737411152899,0.4336881330355985,0.42042239755392075,1,0,233280,0.0,56.63118669644014,56.63118669644015,1,56.63118669644014,1,0.9105016048084428,3.5645995773375034
Climate,chronos2__model_config.context_length-8192__pipeline_config.raw_inference.completed_at-2026-09-26T15_43_56.445281_00_00,1,1,0.3706701929271874,0.4071054800668598,3.5260367542505264,1,0,233280,0.0,59.28945199331401,59.28945199331401,1,59.28945199331401,1,0.9105016048084428,3.5645995773375034
Climate,chronos_bolt__model_config.context_length-1024__pipeline_config.raw_inference.completed_at-2026-09-27T13_17_40.627817_00_00,1,1,1.1086638958682484,1.014602376163333,2.4329176526516676,1,0,233280,0.0,-1.460237616333293,-1.460237616333293,1,-1.460237616333293,1,1.0927077660320532,0.6847126875072718
Climate,chronos_bolt__model_config.context_length-128__pipeline_config.raw_inference.completed_at-2026-09-27T13_25_22.785931_00_00,1,1,1.426899148078199,1.3058378392053476,1.0849969498813152,1,0,233280,0.0,-30.583783920534756,-30.583783920534756,1,-30.583783920534756,1,1.0927077660320532,0.6847126875072718
Climate,chronos_bolt__model_config.context_length-2048__pipeline_config.raw_inference.completed_at-2026-09-26T15_44_01.047999_00_00,1,1,1.0664668009130953,0.9759853769372879,3.3876731004565954,1,0,233280,0.0,2.401462306271207,2.401462306271207,1,2.401462306271207,1,1.0927077660320532,0.6847126875072718
Climate,chronos_bolt__model_config.context_length-256__pipeline_config.raw_inference.completed_at-2026-09-27T13_24_25.540417_00_00,1,1,1.6672731965282088,1.525818016817592,1.267783084884286,1,0,233280,0.0,-52.58180168175921,-52.58180168175921,1,-52.58180168175921,1,1.0927077660320532,0.6847126875072718
Climate,chronos_bolt__model_config.context_length-512__pipeline_config.raw_inference.completed_at-2026-09-27T13_21_19.120465_00_00,1,1,1.0701056422430486,0.979315490846121,1.6161827966570854,1,0,233280,0.0,2.0684509153878983,2.0684509153878983,1,2.0684509153878983,1,1.0927077660320532,0.6847126875072718
Climate,chronos_bolt__model_config.context_length-1024__pipeline_config.raw_inference.completed_at-2026-09-27T13_17_38.038337_00_00,1,1,0.7541329751483808,0.8280876077625691,1.89762332290411,1,0,233280,0.0,17.191239223743093,17.191239223743093,1,17.191239223743093,1,0.9106922601897061,0.8513255435973406
Climate,chronos_bolt__model_config.context_length-128__pipeline_config.raw_inference.completed_at-2026-09-27T13_25_21.542663_00_00,1,1,1.0257652031016928,1.126357659927862,0.7653939090669155,1,0,233280,0.0,-12.635765992786197,-12.635765992786197,1,-12.635765992786197,1,0.9106922601897061,0.8513255435973406
Climate,chronos_bolt__model_config.context_length-2048__pipeline_config.raw_inference.completed_at-2026-09-26T15_43_57.504418_00_00,1,1,0.7323406240134054,0.8041581728836168,3.3606549240648746,1,0,233280,0.0,19.58418271163832,19.58418271163832,1,19.58418271163832,1,0.9106922601897061,0.8513255435973406
Climate,chronos_bolt__model_config.context_length-256__pipeline_config.raw_inference.completed_at-2026-09-27T13_24_24.116643_00_00,1,1,1.0931452834973838,1.2003454199442423,0.8861220385879278,1,0,233280,0.0,-20.034541994424227,-20.034541994424227,1,-20.034541994424227,1,0.9106922601897061,0.8513255435973406
Climate,chronos_bolt__model_config.context_length-512__pipeline_config.raw_inference.completed_at-2026-09-27T13_21_17.343737_00_00,1,1,0.7022322636315759,0.771097212888681,1.220308804884553,1,0,233280,0.0,22.890278711131895,22.890278711131895,1,22.890278711131895,1,0.9106922601897061,0.8513255435973406
Climate,chronos_bolt__model_config.context_length-1024__pipeline_config.raw_inference.completed_at-2026-09-27T13_17_35.774010_00_00,1,1,0.43405145576618803,0.4767168486842004,1.0586238354444504,1,0,233280,0.0,52.32831513157996,52.32831513157996,1,52.32831513157996,1,0.9105016048084428,3.5645995773375034
Climate,chronos_bolt__model_config.context_length-128__pipeline_config.raw_inference.completed_at-2026-09-27T13_25_20.410567_00_00,1,1,0.49718790792204376,0.5460593427802308,0.9799307342618704,1,0,233280,0.0,45.394065721976915,45.394065721976915,1,45.394065721976915,1,0.9105016048084428,3.5645995773375034
Climate,chronos_bolt__model_config.context_length-2048__pipeline_config.raw_inference.completed_at-2026-09-26T15_43_53.773511_00_00,1,1,0.4309424156630221,0.473302203298902,1.2937045767903328,1,0,233280,0.0,52.6697796701098,52.6697796701098,1,52.6697796701098,1,0.9105016048084428,3.5645995773375034
Climate,chronos_bolt__model_config.context_length-256__pipeline_config.raw_inference.completed_at-2026-09-27T13_24_22.865912_00_00,1,1,0.48500514889945795,0.5326790708968563,0.9633793365210295,1,0,233280,0.0,46.73209291031437,46.73209291031437,1,46.73209291031437,1,0.9105016048084428,3.5645995773375034
Climate,chronos_bolt__model_config.context_length-512__pipeline_config.raw_inference.completed_at-2026-09-27T13_21_15.748779_00_00,1,1,0.4504187791676003,0.49469300964314317,1.1147591043263674,1,0,233280,0.0,50.53069903568568,50.53069903568568,1,50.53069903568568,1,0.9105016048084428,3.5645995773375034
Climate,ts_icl__model_config.context_length-1024__pipeline_config.raw_inference.completed_at-2026-09-27T13_51_37.296363_00_00,1,1,1.0722364883861657,0.9812655512459431,0.3230316676199436,1,0,233280,0.0,1.8734448754056943,1.8734448754056943,1,1.8734448754056943,1,1.0927077660320532,0.6847126875072718
Climate,ts_icl__model_config.context_length-2048__pipeline_config.raw_inference.completed_at-2026-09-27T13_50_50.839634_00_00,1,1,1.1272302704456914,1.0315935380774308,0.6184382569044828,1,0,233280,0.0,-3.1593538077430816,-3.1593538077430816,1,-3.1593538077430816,1,1.0927077660320532,0.6847126875072718
Climate,ts_icl__model_config.context_length-256__pipeline_config.raw_inference.completed_at-2026-09-27T15_02_55.549559_00_00,1,1,1.4546698774429092,1.3312524379004351,0.16951866261661053,1,0,233280,0.0,-33.12524379004351,-33.12524379004351,1,-33.12524379004351,1,1.0927077660320532,0.6847126875072718
Climate,ts_icl__model_config.context_length-4096__pipeline_config.raw_inference.completed_at-2026-09-26T15_45_28.747308_00_00,1,1,1.0940430192022368,1.001221967310649,1.5666938815265894,1,0,233280,0.0,-0.12219673106490525,-0.12219673106490525,1,-0.12219673106490525,1,1.0927077660320532,0.6847126875072718
Climate,ts_icl__model_config.context_length-512__pipeline_config.raw_inference.completed_at-2026-09-27T13_53_36.996353_00_00,1,1,1.178045493541227,1.078097484214888,0.2557846736162901,1,0,233280,0.0,-7.809748421488805,-7.809748421488805,1,-7.809748421488805,1,1.0927077660320532,0.6847126875072718
Climate,ts_icl__model_config.context_length-1024__pipeline_config.raw_inference.completed_at-2026-09-27T13_51_36.473954_00_00,1,1,0.6440718742058924,0.7072332799575193,0.44249727949500084,1,0,233280,0.0,29.276672004248073,29.276672004248073,1,29.276672004248073,1,0.9106922601897061,0.8513255435973406
Climate,ts_icl__model_config.context_length-2048__pipeline_config.raw_inference.completed_at-2026-09-27T13_50_49.725347_00_00,1,1,0.6642099026337789,0.7293461596955019,0.8668331131339073,1,0,233280,0.0,27.065384030449813,27.065384030449813,1,27.065384030449813,1,0.9106922601897061,0.8513255435973406
Climate,ts_icl__model_config.context_length-256__pipeline_config.raw_inference.completed_at-2026-09-27T15_02_54.884913_00_00,1,1,1.160498616084958,1.2743038091080459,0.2308286502957344,1,0,233280,0.0,-27.430380910804587,-27.430380910804587,1,-27.430380910804587,1,0.9106922601897061,0.8513255435973406
Climate,ts_icl__model_config.context_length-4096__pipeline_config.raw_inference.completed_at-2026-09-26T15_45_26.670824_00_00,1,1,0.6444202193835324,0.7076157858740267,2.2985218074172735,1,0,233280,0.0,29.238421412597326,29.238421412597326,1,29.238421412597326,1,0.9106922601897061,0.8513255435973406
Climate,ts_icl__model_config.context_length-512__pipeline_config.raw_inference.completed_at-2026-09-27T13_53_36.249867_00_00,1,1,0.7144987288231971,0.7845665984625367,0.28098200261592865,1,0,233280,0.0,21.54334015374633,21.54334015374633,1,21.54334015374633,1,0.9106922601897061,0.8513255435973406
Climate,ts_icl__model_config.context_length-1024__pipeline_config.raw_inference.completed_at-2026-09-27T13_51_35.244288_00_00,1,1,0.40640284796585396,0.4463505015472824,3.526314375922084,1,0,233280,0.0,55.36494984527176,55.36494984527176,1,55.36494984527176,1,0.9105016048084428,3.5645995773375034
Climate,ts_icl__model_config.context_length-2048__pipeline_config.raw_inference.completed_at-2026-09-27T13_50_48.068176_00_00,1,1,0.40903487144701545,0.44924124162644485,6.651299377903342,1,0,233280,0.0,55.07587583735551,55.07587583735551,1,55.07587583735551,1,0.9105016048084428,3.5645995773375034
Climate,ts_icl__model_config.context_length-256__pipeline_config.raw_inference.completed_at-2026-09-27T15_02_53.859720_00_00,1,1,0.43984028575885836,0.48307469578968487,1.340854186564684,1,0,233280,0.0,51.69253042103151,51.69253042103151,1,51.69253042103151,1,0.9105016048084428,3.5645995773375034
Climate,ts_icl__model_config.context_length-4096__pipeline_config.raw_inference.completed_at-2026-09-26T15_45_23.572457_00_00,1,1,0.40666683057892833,0.4466404325168494,17.32212566398084,1,0,233280,0.0,55.33595674831506,55.33595674831506,1,55.33595674831506,1,0.9105016048084428,3.5645995773375034
Climate,ts_icl__model_config.context_length-512__pipeline_config.raw_inference.completed_at-2026-09-27T13_53_35.180863_00_00,1,1,0.4155373910003822,0.45638293090961174,2.1564340107142925,1,0,233280,0.0,54.36170690903883,54.36170690903883,1,54.36170690903883,1,0.9105016048084428,3.5645995773375034
Climate,chronos2__model_config.context_length-1024__pipeline_config.raw_inference.completed_at-2026-09-27T13_45_05.494612_00_00,1,1,1.421720272587057,0.7187399739280866,0.20675129629671574,1,0,762048,0.0,28.126002607191335,28.126002607191335,1,28.126002607191335,1,1.97807318941371,2.397734012454748
Climate,chronos2__model_config.context_length-2048__pipeline_config.raw_inference.completed_at-2026-09-27T13_40_36.547939_00_00,1,1,1.36967784452616,0.6924303164596882,0.33931356854736805,1,0,762048,0.0,30.756968354031176,30.756968354031176,1,30.756968354031176,1,1.97807318941371,2.397734012454748
Climate,chronos2__model_config.context_length-4096__pipeline_config.raw_inference.completed_at-2026-09-27T13_40_53.681222_00_00,1,1,1.3520757064359312,0.6835316881458158,0.5706493072211742,1,0,762048,0.0,31.64683118541842,31.64683118541842,1,31.64683118541842,1,1.97807318941371,2.397734012454748
Climate,chronos2__model_config.context_length-512__pipeline_config.raw_inference.completed_at-2026-09-27T13_46_32.692875_00_00,1,1,1.48938491035147,0.7529473218293381,0.1386785637587309,1,0,762048,0.0,24.70526781706619,24.70526781706619,1,24.70526781706619,1,1.97807318941371,2.397734012454748
Climate,chronos2__model_config.context_length-8192__pipeline_config.raw_inference.completed_at-2026-09-26T15_47_08.231485_00_00,1,1,1.353132705831222,0.6840660462276843,0.6601189766079187,1,0,762048,0.0,31.59339537723157,31.59339537723157,1,31.59339537723157,1,1.97807318941371,2.397734012454748
Climate,chronos2__model_config.context_length-1024__pipeline_config.raw_inference.completed_at-2026-09-27T13_45_04.733257_00_00,1,1,1.184645283205768,0.6425526379906576,0.3798231463879347,1,0,762048,0.0,35.744736200934234,35.744736200934234,1,35.744736200934234,1,1.8436548434542293,3.0831002853810787
Climate,chronos2__model_config.context_length-2048__pipeline_config.raw_inference.completed_at-2026-09-27T13_40_35.645367_00_00,1,1,1.150631367693281,0.6241034604598139,0.6468443125486374,1,0,762048,0.0,37.58965395401861,37.58965395401861,1,37.58965395401861,1,1.8436548434542293,3.0831002853810787
Climate,chronos2__model_config.context_length-4096__pipeline_config.raw_inference.completed_at-2026-09-27T13_40_52.552180_00_00,1,1,1.147386278420859,0.6223433211995053,1.1260520834475756,1,0,762048,0.0,37.76566788004947,37.76566788004947,1,37.76566788004947,1,1.8436548434542293,3.0831002853810787
Climate,chronos2__model_config.context_length-512__pipeline_config.raw_inference.completed_at-2026-09-27T13_46_31.992764_00_00,1,1,1.2465764023181647,0.6761441311772912,0.22931555658578873,1,0,762048,0.0,32.38558688227088,32.38558688227088,1,32.38558688227088,1,1.8436548434542293,3.0831002853810787
Climate,chronos2__model_config.context_length-8192__pipeline_config.raw_inference.completed_at-2026-09-26T15_47_07.012752_00_00,1,1,1.1473694546649549,0.6223341959795847,1.2962880432605743,1,0,762048,0.0,37.76658040204153,37.76658040204153,1,37.76658040204153,1,1.8436548434542293,3.0831002853810787
Climate,chronos2__model_config.context_length-1024__pipeline_config.raw_inference.completed_at-2026-09-27T13_45_03.061855_00_00,1,1,0.6919011248531655,0.6693090293557461,2.4418620243668556,1,0,762048,0.0,33.06909706442539,33.06909706442539,1,33.06909706442539,1,1.0337543563683367,12.391531351953745
Climate,chronos2__model_config.context_length-2048__pipeline_config.raw_inference.completed_at-2026-09-27T13_40_33.686433_00_00,1,1,0.6880794040722541,0.6656120961748913,4.54646959528327,1,0,762048,0.0,33.438790382510874,33.438790382510874,1,33.438790382510874,1,1.0337543563683367,12.391531351953745
Climate,chronos2__model_config.context_length-4096__pipeline_config.raw_inference.completed_at-2026-09-27T13_40_50.125850_00_00,1,1,0.6880054466222426,0.6655405535984988,6.761834919452667,1,0,762048,0.0,33.44594464015012,33.44594464015012,1,33.44594464015012,1,1.0337543563683367,12.391531351953745
Climate,chronos2__model_config.context_length-512__pipeline_config.raw_inference.completed_at-2026-09-27T13_46_30.455490_00_00,1,1,0.7044898843360395,0.6814867381173317,1.3611244317144156,1,0,762048,0.0,31.851326188266825,31.851326188266825,1,31.851326188266825,1,1.0337543563683367,12.391531351953745
Climate,chronos2__model_config.context_length-8192__pipeline_config.raw_inference.completed_at-2026-09-26T15_47_04.422482_00_00,1,1,0.6887220923168162,0.6662337992328787,7.23914753831923,1,0,762048,0.0,33.37662007671213,33.37662007671213,1,33.37662007671213,1,1.0337543563683367,12.391531351953745
Climate,chronos_bolt__model_config.context_length-1024__pipeline_config.raw_inference.completed_at-2026-09-27T13_20_15.337330_00_00,1,1,1.6261693218920492,0.8220976506809825,6.790171725675464,1,0,762048,0.0,17.79023493190175,17.79023493190175,1,17.79023493190175,1,1.97807318941371,2.397734012454748
Climate,chronos_bolt__model_config.context_length-128__pipeline_config.raw_inference.completed_at-2026-09-27T13_27_17.600676_00_00,1,1,1.8564145801117014,0.9384964065267638,2.541432026773691,1,0,762048,0.0,6.1503593473236196,6.1503593473236196,1,6.1503593473236196,1,1.97807318941371,2.397734012454748
Climate,chronos_bolt__model_config.context_length-2048__pipeline_config.raw_inference.completed_at-2026-09-26T15_47_38.827413_00_00,1,1,1.6266933009882154,0.822362544365893,11.711758149787784,1,0,762048,0.0,17.763745563410705,17.763745563410705,1,17.763745563410705,1,1.97807318941371,2.397734012454748
Climate,chronos_bolt__model_config.context_length-256__pipeline_config.raw_inference.completed_at-2026-09-27T13_26_25.277428_00_00,1,1,1.775159913751287,0.8974187220430577,2.945381239056587,1,0,762048,0.0,10.258127795694227,10.258127795694227,1,10.258127795694227,1,1.97807318941371,2.397734012454748
Climate,chronos_bolt__model_config.context_length-512__pipeline_config.raw_inference.completed_at-2026-09-27T13_23_29.169501_00_00,1,1,1.6873463098206345,0.853025216079469,4.254245286807418,1,0,762048,0.0,14.697478392053098,14.697478392053098,1,14.697478392053098,1,1.97807318941371,2.397734012454748
Climate,chronos_bolt__model_config.context_length-1024__pipeline_config.raw_inference.completed_at-2026-09-27T13_20_08.190859_00_00,1,1,1.4945224022521884,0.8106302584555825,5.1548885107040405,1,0,762048,0.0,18.936974154441756,18.936974154441756,1,18.936974154441756,1,1.8436548434542293,3.0831002853810787
Climate,chronos_bolt__model_config.context_length-128__pipeline_config.raw_inference.completed_at-2026-09-27T13_27_14.694172_00_00,1,1,1.8490450302987618,1.0029236420600471,2.1322516947984695,1,0,762048,0.0,-0.2923642060047138,-0.2923642060047138,1,-0.2923642060047138,1,1.8436548434542293,3.0831002853810787
Climate,chronos_bolt__model_config.context_length-2048__pipeline_config.raw_inference.completed_at-2026-09-26T15_47_26.753659_00_00,1,1,1.4834479710008108,0.8046234772564353,9.822451688349247,1,0,762048,0.0,19.537652274356464,19.537652274356464,1,19.537652274356464,1,1.8436548434542293,3.0831002853810787
Climate,chronos_bolt__model_config.context_length-256__pipeline_config.raw_inference.completed_at-2026-09-27T13_26_21.971641_00_00,1,1,1.6840101567808305,0.9134085822841481,2.469757916405797,1,0,762048,0.0,8.659141771585189,8.659141771585189,1,8.659141771585189,1,1.8436548434542293,3.0831002853810787
Climate,chronos_bolt__model_config.context_length-512__pipeline_config.raw_inference.completed_at-2026-09-27T13_23_24.554284_00_00,1,1,1.5502030639630566,0.8408314980794517,3.273389484733343,1,0,762048,0.0,15.916850192054833,15.916850192054833,1,15.916850192054833,1,1.8436548434542293,3.0831002853810787
Climate,chronos_bolt__model_config.context_length-1024__pipeline_config.raw_inference.completed_at-2026-09-27T13_20_01.926054_00_00,1,1,0.8282681461880218,0.8012233671234966,4.376493668183684,1,0,762048,0.0,19.87766328765034,19.87766328765034,1,19.87766328765034,1,1.0337543563683367,12.391531351953745
Climate,chronos_bolt__model_config.context_length-128__pipeline_config.raw_inference.completed_at-2026-09-27T13_27_11.434711_00_00,1,1,1.011671128824737,0.9786378384694989,3.996107019484043,1,0,762048,0.0,2.136216153050108,2.136216153050108,1,2.136216153050108,1,1.0337543563683367,12.391531351953745
Climate,chronos_bolt__model_config.context_length-2048__pipeline_config.raw_inference.completed_at-2026-09-26T15_47_15.799291_00_00,1,1,0.8281138920709751,0.8010741497430847,5.566486759111285,1,0,762048,0.0,19.892585025691535,19.892585025691535,1,19.892585025691535,1,1.0337543563683367,12.391531351953745
Climate,chronos_bolt__model_config.context_length-256__pipeline_config.raw_inference.completed_at-2026-09-27T13_26_18.384842_00_00,1,1,0.9295072195692622,0.8991567618004501,4.186061745509505,1,0,762048,0.0,10.084323819954989,10.084323819954989,1,10.084323819954989,1,1.0337543563683367,12.391531351953745
Climate,chronos_bolt__model_config.context_length-512__pipeline_config.raw_inference.completed_at-2026-09-27T13_23_20.154925_00_00,1,1,0.8553566664879464,0.8274273875786934,3.867231070995331,1,0,762048,0.0,17.25726124213066,17.25726124213066,1,17.25726124213066,1,1.0337543563683367,12.391531351953745
Climate,ts_icl__model_config.context_length-1024__pipeline_config.raw_inference.completed_at-2026-09-27T13_54_39.801178_00_00,1,1,1.354624772842383,0.6848203494653736,1.1991561762988567,1,0,762048,0.0,31.51796505346264,31.51796505346264,1,31.51796505346264,1,1.97807318941371,2.397734012454748
Climate,ts_icl__model_config.context_length-2048__pipeline_config.raw_inference.completed_at-2026-09-27T13_57_30.539070_00_00,1,1,1.3329455386978089,0.673860575954162,3.684228152036667,1,0,762048,0.0,32.613942404583796,32.613942404583796,1,32.613942404583796,1,1.97807318941371,2.397734012454748
Climate,ts_icl__model_config.context_length-256__pipeline_config.raw_inference.completed_at-2026-09-27T15_04_36.015761_00_00,1,1,1.7055713920150761,0.8622387690925623,0.602401502430439,1,0,762048,0.0,13.776123090743775,13.776123090743775,1,13.776123090743775,1,1.97807318941371,2.397734012454748
Climate,ts_icl__model_config.context_length-4096__pipeline_config.raw_inference.completed_at-2026-09-26T16_03_00.356111_00_00,1,1,1.3360270016711546,0.6754183863475475,6.513747241348028,1,0,762048,0.0,32.45816136524525,32.45816136524525,1,32.45816136524525,1,1.97807318941371,2.397734012454748
Climate,ts_icl__model_config.context_length-512__pipeline_config.raw_inference.completed_at-2026-09-27T13_55_37.897978_00_00,1,1,1.4551952537927157,0.7356629985081733,0.764944376423955,1,0,762048,0.0,26.43370014918267,26.43370014918267,1,26.43370014918267,1,1.97807318941371,2.397734012454748
Climate,ts_icl__model_config.context_length-1024__pipeline_config.raw_inference.completed_at-2026-09-27T13_54_37.829211_00_00,1,1,1.1836255746413695,0.641999547173242,2.1510188318789005,1,0,762048,0.0,35.800045282675796,35.800045282675796,1,35.800045282675796,1,1.8436548434542293,3.0831002853810787
Climate,ts_icl__model_config.context_length-2048__pipeline_config.raw_inference.completed_at-2026-09-27T13_57_26.141174_00_00,1,1,1.1706036982460004,0.634936470024283,6.569376474246383,1,0,762048,0.0,36.5063529975717,36.5063529975717,1,36.5063529975717,1,1.8436548434542293,3.0831002853810787
Climate,ts_icl__model_config.context_length-256__pipeline_config.raw_inference.completed_at-2026-09-27T15_04_34.647841_00_00,1,1,1.4304392586034618,0.7758715052777578,0.9622291065752506,1,0,762048,0.0,22.412849472224217,22.412849472224217,1,22.412849472224217,1,1.8436548434542293,3.0831002853810787
Climate,ts_icl__model_config.context_length-4096__pipeline_config.raw_inference.completed_at-2026-09-26T16_02_53.134787_00_00,1,1,1.172189045510165,0.6357963637672974,12.478444524109364,1,0,762048,0.0,36.420363623270255,36.420363623270255,1,36.420363623270255,1,1.8436548434542293,3.0831002853810787
Climate,ts_icl__model_config.context_length-512__pipeline_config.raw_inference.completed_at-2026-09-27T13_55_36.375462_00_00,1,1,1.257177102448728,0.6818939602020679,1.302138639613986,1,0,762048,0.0,31.810603979793207,31.810603979793207,1,31.810603979793207,1,1.8436548434542293,3.0831002853810787
Climate,ts_icl__model_config.context_length-1024__pipeline_config.raw_inference.completed_at-2026-09-27T13_54_34.138467_00_00,1,1,0.7297687018470441,0.7059401465651677,12.991071552038193,1,0,762048,0.0,29.40598534348323,29.40598534348323,1,29.40598534348323,1,1.0337543563683367,12.391531351953745
Climate,ts_icl__model_config.context_length-2048__pipeline_config.raw_inference.completed_at-2026-09-27T13_57_17.900193_00_00,1,1,0.7327431007398849,0.7088174247836508,41.38344041630626,1,0,762048,0.0,29.118257521634916,29.118257521634916,1,29.118257521634916,1,1.0337543563683367,12.391531351953745
Climate,ts_icl__model_config.context_length-256__pipeline_config.raw_inference.completed_at-2026-09-27T15_04_32.137191_00_00,1,1,0.7702793797432829,0.7451280616115971,5.800650542601943,1,0,762048,0.0,25.487193838840295,25.487193838840295,1,25.487193838840295,1,1.0337543563683367,12.391531351953745
Climate,ts_icl__model_config.context_length-4096__pipeline_config.raw_inference.completed_at-2026-09-26T16_02_39.022288_00_00,1,1,0.7341019003197232,0.7101318565647288,86.37623649835587,1,0,762048,0.0,28.986814343527122,28.986814343527122,1,28.986814343527122,1,1.0337543563683367,12.391531351953745
Climate,ts_icl__model_config.context_length-512__pipeline_config.raw_inference.completed_at-2026-09-27T13_55_33.551552_00_00,1,1,0.7375643862519653,0.7134812847058648,7.960464842617512,1,0,762048,0.0,28.65187152941352,28.65187152941352,1,28.65187152941352,1,1.0337543563683367,12.391531351953745
Finance,chronos2__model_config.context_length-1024__pipeline_config.raw_inference.completed_at-2026-09-27T13_47_28.157472_00_00,1,1,1.4128496720580803,0.7080208503781344,0.09192497842013836,1,0,113400,0.0,29.197914962186555,29.197914962186555,1,29.197914962186555,1,1.9954916176600113,0.669268723577261
Finance,chronos2__model_config.context_length-2048__pipeline_config.raw_inference.completed_at-2026-09-27T13_43_11.493224_00_00,1,1,1.4191799193563364,0.71119312494057,0.12820745632052422,1,0,113400,0.0,28.880687505943005,28.880687505943005,1,28.880687505943005,1,1.9954916176600113,0.669268723577261
Finance,chronos2__model_config.context_length-4096__pipeline_config.raw_inference.completed_at-2026-09-27T13_43_48.987284_00_00,1,1,1.4125436159079292,0.707867476569173,0.20496642775833607,1,0,113400,0.0,29.213252343082697,29.213252343082697,1,29.213252343082697,1,1.9954916176600113,0.669268723577261
Finance,chronos2__model_config.context_length-512__pipeline_config.raw_inference.completed_at-2026-09-27T13_48_51.539847_00_00,1,1,1.3991212981532697,0.7011411552777816,0.09161053225398064,1,0,113400,0.0,29.885884472221836,29.885884472221836,1,29.885884472221836,1,1.9954916176600113,0.669268723577261
Finance,chronos2__model_config.context_length-8192__pipeline_config.raw_inference.completed_at-2026-09-26T15_50_38.490692_00_00,1,1,1.3994284061370788,0.7012950561917676,0.3714833986014128,1,0,113400,0.0,29.870494380823242,29.870494380823242,1,29.870494380823242,1,1.9954916176600113,0.669268723577261
Finance,chronos2__model_config.context_length-1024__pipeline_config.raw_inference.completed_at-2026-09-27T13_47_27.694130_00_00,1,1,1.2235406182766408,0.6565739015966313,0.1843571774661541,1,0,113400,0.0,34.34260984033687,34.34260984033687,1,34.34260984033687,1,1.8635230783637327,1.244692673906684
Finance,chronos2__model_config.context_length-2048__pipeline_config.raw_inference.completed_at-2026-09-27T13_43_10.992727_00_00,1,1,1.2189841923712095,0.6541288415067761,0.2691599540412426,1,0,113400,0.0,34.587115849322394,34.587115849322394,1,34.587115849322394,1,1.8635230783637327,1.244692673906684
Finance,chronos2__model_config.context_length-4096__pipeline_config.raw_inference.completed_at-2026-09-27T13_43_48.408391_00_00,1,1,1.2121132477097687,0.6504417690249725,0.4324882123619318,1,0,113400,0.0,34.955823097502744,34.955823097502744,1,34.955823097502744,1,1.8635230783637327,1.244692673906684
Finance,chronos2__model_config.context_length-512__pipeline_config.raw_inference.completed_at-2026-09-27T13_48_51.074588_00_00,1,1,1.2609115453782815,0.6766278132092818,0.184271777048707,1,0,113400,0.0,32.337218679071825,32.337218679071825,1,32.337218679071825,1,1.8635230783637327,1.244692673906684
Finance,chronos2__model_config.context_length-8192__pipeline_config.raw_inference.completed_at-2026-09-26T15_50_37.744630_00_00,1,1,1.209757884715994,0.6491778388804407,0.8312169946730137,1,0,113400,0.0,35.08221611195593,35.08221611195593,1,35.08221611195593,1,1.8635230783637327,1.244692673906684
Finance,chronos2__model_config.context_length-1024__pipeline_config.raw_inference.completed_at-2026-09-27T13_47_26.989557_00_00,1,1,0.9744065626990152,0.6819913123918344,0.726962698623538,1,0,113400,0.0,31.80086876081656,31.80086876081656,1,31.80086876081656,1,1.4287668259022852,3.3176403511315584
Finance,chronos2__model_config.context_length-2048__pipeline_config.raw_inference.completed_at-2026-09-27T13_43_10.204461_00_00,1,1,0.9646194323762095,0.6751412581034975,0.950148681178689,1,0,113400,0.0,32.485874189650254,32.485874189650254,1,32.485874189650254,1,1.4287668259022852,3.3176403511315584
Finance,chronos2__model_config.context_length-4096__pipeline_config.raw_inference.completed_at-2026-09-27T13_43_47.455517_00_00,1,1,0.9556715227997729,0.6688785779976755,1.5351990833878517,1,0,113400,0.0,33.112142200232455,33.112142200232455,1,33.112142200232455,1,1.4287668259022852,3.3176403511315584
Finance,chronos2__model_config.context_length-512__pipeline_config.raw_inference.completed_at-2026-09-27T13_48_50.370656_00_00,1,1,0.9945893599603899,0.6961173383433602,0.7256231885403395,1,0,113400,0.0,30.38826616566398,30.38826616566398,1,30.38826616566398,1,1.4287668259022852,3.3176403511315584
Finance,chronos2__model_config.context_length-8192__pipeline_config.raw_inference.completed_at-2026-09-26T15_50_36.390851_00_00,1,1,0.9582914513423078,0.6707122771675035,3.000778591260314,1,0,113400,0.0,32.92877228324965,32.92877228324965,1,32.92877228324965,1,1.4287668259022852,3.3176403511315584
Finance,chronos_bolt__model_config.context_length-1024__pipeline_config.raw_inference.completed_at-2026-09-27T13_23_40.570065_00_00,1,1,1.463454739781967,0.7333805498507026,0.7777055259793997,1,0,113400,0.0,26.661945014929746,26.661945014929746,1,26.661945014929746,1,1.9954916176600113,0.669268723577261
Finance,chronos_bolt__model_config.context_length-128__pipeline_config.raw_inference.completed_at-2026-09-27T13_30_07.192986_00_00,1,1,1.6199773391738514,0.8118186640510663,0.33020078390836716,1,0,113400,0.0,18.81813359489337,18.81813359489337,1,18.81813359489337,1,1.9954916176600113,0.669268723577261
Finance,chronos_bolt__model_config.context_length-2048__pipeline_config.raw_inference.completed_at-2026-09-26T15_51_47.690968_00_00,1,1,1.469630560166673,0.7364754365092334,1.4523073974996805,1,0,113400,0.0,26.352456349076657,26.352456349076657,1,26.352456349076657,1,1.9954916176600113,0.669268723577261
Finance,chronos_bolt__model_config.context_length-256__pipeline_config.raw_inference.completed_at-2026-09-27T13_29_18.112495_00_00,1,1,1.4288560748591783,0.7160421332837814,0.3822655100375414,1,0,113400,0.0,28.39578667162186,28.39578667162186,1,28.39578667162186,1,1.9954916176600113,0.669268723577261
Finance,chronos_bolt__model_config.context_length-512__pipeline_config.raw_inference.completed_at-2026-09-27T14_59_17.988680_00_00,1,1,1.4133551388765304,0.7082741547839143,0.5019554570317268,1,0,113400,0.0,29.17258452160857,29.17258452160857,1,29.17258452160857,1,1.9954916176600113,0.669268723577261
Finance,chronos_bolt__model_config.context_length-1024__pipeline_config.raw_inference.completed_at-2026-09-27T13_23_39.638763_00_00,1,1,1.2326324615191815,0.6614527482007333,1.0110259894281626,1,0,113400,0.0,33.85472517992667,33.85472517992667,1,33.85472517992667,1,1.8635230783637327,1.244692673906684
Finance,chronos_bolt__model_config.context_length-128__pipeline_config.raw_inference.completed_at-2026-09-27T13_30_06.706228_00_00,1,1,1.4336324531332814,0.7693129587598577,0.5468507949262857,1,0,113400,0.0,23.06870412401423,23.06870412401423,1,23.06870412401423,1,1.8635230783637327,1.244692673906684
Finance,chronos_bolt__model_config.context_length-2048__pipeline_config.raw_inference.completed_at-2026-09-26T15_51_46.085598_00_00,1,1,1.2501886284244879,0.670873703116259,1.8267841301858425,1,0,113400,0.0,32.912629688374096,32.912629688374096,1,32.912629688374096,1,1.8635230783637327,1.244692673906684
Finance,chronos_bolt__model_config.context_length-256__pipeline_config.raw_inference.completed_at-2026-09-27T13_29_17.577539_00_00,1,1,1.2628222313387714,0.6776531216600725,0.5447619464248419,1,0,113400,0.0,32.23468783399275,32.23468783399275,1,32.23468783399275,1,1.8635230783637327,1.244692673906684
Finance,chronos_bolt__model_config.context_length-512__pipeline_config.raw_inference.completed_at-2026-09-27T14_59_17.335220_00_00,1,1,1.2281833513446072,0.659065275662169,0.6437712945044041,1,0,113400,0.0,34.0934724337831,34.0934724337831,1,34.0934724337831,1,1.8635230783637327,1.244692673906684
Finance,chronos_bolt__model_config.context_length-1024__pipeline_config.raw_inference.completed_at-2026-09-27T13_23_38.326092_00_00,1,1,0.9775172662434276,0.6841685070803015,0.8404288832098246,1,0,113400,0.0,31.583149291969846,31.583149291969846,1,31.583149291969846,1,1.4287668259022852,3.3176403511315584
Finance,chronos_bolt__model_config.context_length-128__pipeline_config.raw_inference.completed_at-2026-09-27T13_30_05.852652_00_00,1,1,1.1544724382681613,0.8080201872961997,1.0593513455241919,1,0,113400,0.0,19.197981270380026,19.197981270380026,1,19.197981270380026,1,1.4287668259022852,3.3176403511315584
Finance,chronos_bolt__model_config.context_length-2048__pipeline_config.raw_inference.completed_at-2026-09-26T15_51_43.958774_00_00,1,1,0.9865224365484573,0.6904712642144776,1.0168719850480556,1,0,113400,0.0,30.952873578552243,30.952873578552243,1,30.952873578552243,1,1.4287668259022852,3.3176403511315584
Finance,chronos_bolt__model_config.context_length-256__pipeline_config.raw_inference.completed_at-2026-09-27T13_29_16.732366_00_00,1,1,0.9952080225773015,0.6965503429496372,0.7799143008887768,1,0,113400,0.0,30.344965705036277,30.344965705036277,1,30.344965705036277,1,1.4287668259022852,3.3176403511315584
Finance,chronos_bolt__model_config.context_length-512__pipeline_config.raw_inference.completed_at-2026-09-27T14_59_16.391012_00_00,1,1,0.9712647188833294,0.679792322494584,0.7748287003487349,1,0,113400,0.0,32.0207677505416,32.0207677505416,1,32.0207677505416,1,1.4287668259022852,3.3176403511315584
Finance,ts_icl__model_config.context_length-1024__pipeline_config.raw_inference.completed_at-2026-09-27T13_57_15.733022_00_00,1,1,1.3948284335994554,0.698989873600714,0.3481301758438349,1,0,113400,0.0,30.101012639928605,30.101012639928605,1,30.101012639928605,1,1.9954916176600113,0.669268723577261
Finance,ts_icl__model_config.context_length-2048__pipeline_config.raw_inference.completed_at-2026-09-27T14_01_45.750015_00_00,1,1,1.4159511561288947,0.7095750959802539,0.7007056474685669,1,0,113400,0.0,29.042490401974607,29.042490401974607,1,29.042490401974607,1,1.9954916176600113,0.669268723577261
Finance,ts_icl__model_config.context_length-256__pipeline_config.raw_inference.completed_at-2026-09-27T15_06_27.075585_00_00,1,1,1.539288931068404,0.7713833109824997,0.17192878015339375,1,0,113400,0.0,22.861668901750033,22.861668901750033,1,22.861668901750033,1,1.9954916176600113,0.669268723577261
Finance,ts_icl__model_config.context_length-4096__pipeline_config.raw_inference.completed_at-2026-09-26T16_12_30.492191_00_00,1,1,1.406930503128837,0.7050545793716021,1.847748752683401,1,0,113400,0.0,29.49454206283979,29.49454206283979,1,29.49454206283979,1,1.9954916176600113,0.669268723577261
Finance,ts_icl__model_config.context_length-512__pipeline_config.raw_inference.completed_at-2026-09-27T13_57_41.323568_00_00,1,1,1.4163253954732837,0.7097626384089352,0.21611211821436882,1,0,113400,0.0,29.023736159106484,29.023736159106484,1,29.023736159106484,1,1.9954916176600113,0.669268723577261
Finance,ts_icl__model_config.context_length-1024__pipeline_config.raw_inference.completed_at-2026-09-27T13_57_14.897838_00_00,1,1,1.2024064594590345,0.645232931869461,0.7421186100691557,1,0,113400,0.0,35.4767068130539,35.4767068130539,1,35.4767068130539,1,1.8635230783637327,1.244692673906684
Finance,ts_icl__model_config.context_length-2048__pipeline_config.raw_inference.completed_at-2026-09-27T14_01_44.532523_00_00,1,1,1.2079697693989044,0.6482183040413768,1.5682123713195324,1,0,113400,0.0,35.17816959586232,35.17816959586232,1,35.17816959586232,1,1.8635230783637327,1.244692673906684
Finance,ts_icl__model_config.context_length-256__pipeline_config.raw_inference.completed_at-2026-09-27T15_06_26.415184_00_00,1,1,1.3320260790729581,0.7147891510109681,0.3225046582520008,1,0,113400,0.0,28.521084898903194,28.521084898903194,1,28.521084898903194,1,1.8635230783637327,1.244692673906684
Finance,ts_icl__model_config.context_length-4096__pipeline_config.raw_inference.completed_at-2026-09-26T16_12_28.153615_00_00,1,1,1.1992278750561916,0.6435272463108824,4.207989783957601,1,0,113400,0.0,35.64727536891176,35.64727536891176,1,35.64727536891176,1,1.8635230783637327,1.244692673906684
Finance,ts_icl__model_config.context_length-512__pipeline_config.raw_inference.completed_at-2026-09-27T13_57_40.622026_00_00,1,1,1.218148854694314,0.6536805842854977,0.42474858462810516,1,0,113400,0.0,34.631941571450234,34.631941571450234,1,34.631941571450234,1,1.8635230783637327,1.244692673906684
Finance,ts_icl__model_config.context_length-1024__pipeline_config.raw_inference.completed_at-2026-09-27T13_57_13.422400_00_00,1,1,0.9612822693808168,0.6728055634786694,2.071825500577688,1,0,113400,0.0,32.719443652133066,32.719443652133066,1,32.719443652133066,1,1.4287668259022852,3.3176403511315584
Finance,ts_icl__model_config.context_length-2048__pipeline_config.raw_inference.completed_at-2026-09-27T14_01_42.211237_00_00,1,1,0.9567930331417808,0.6696635278731037,4.665388202294707,1,0,113400,0.0,33.03364721268963,33.03364721268963,1,33.03364721268963,1,1.4287668259022852,3.3176403511315584
Finance,ts_icl__model_config.context_length-256__pipeline_config.raw_inference.completed_at-2026-09-27T15_06_25.360014_00_00,1,1,1.037001294779962,0.7258016325547606,1.0164293386042118,1,0,113400,0.0,27.41983674452394,27.41983674452394,1,27.41983674452394,1,1.4287668259022852,3.3176403511315584
Finance,ts_icl__model_config.context_length-4096__pipeline_config.raw_inference.completed_at-2026-09-26T16_12_23.199767_00_00,1,1,0.9572336223044459,0.6699718981086645,12.709033731371164,1,0,113400,0.0,33.00281018913355,33.00281018913355,1,33.00281018913355,1,1.4287668259022852,3.3176403511315584
Finance,ts_icl__model_config.context_length-512__pipeline_config.raw_inference.completed_at-2026-09-27T13_57_39.466380_00_00,1,1,0.9781336402458538,0.6845999098755317,1.3518702816218138,1,0,113400,0.0,31.540009012446834,31.540009012446834,1,31.540009012446834,1,1.4287668259022852,3.3176403511315584
Climate,seasonal_naive,51,51,1.394134037709458,1.0,297.30811541341245,51,0,23273217,0.0,0.0,0.0,51,0.0,51,1.394134037709458,297.30811541341245
Economics,seasonal_naive,11,11,1.4634204534099011,1.0,3.0412907619029284,11,0,53046,0.0,0.0,0.0,11,0.0,11,1.4634204534099011,3.0412907619029284
Finance,seasonal_naive,6,6,2.462001292449183,1.0,95.3637812435627,6,0,661104,0.0,0.0,0.0,6,0.0,6,2.462001292449183,95.3637812435627
Unclassified,seasonal_naive,2,2,1.0240696332644776,1.0,119.2157508507371,2,0,34548768,0.0,0.0,0.0,2,0.0,2,1.0240696332644776,119.2157508507371
Energy,seasonal_naive,6,6,0.9768271450011902,1.0,18.837804347276688,6,0,1451520,0.0,0.0,0.0,6,0.0,6,0.9768271450011902,18.837804347276688
Transport,seasonal_naive,11,11,0.9291833143028868,1.0,96.6070097964257,11,0,7399350,0.0,0.0,0.0,11,0.0,11,0.9291833143028868,96.6070097964257
Healthcare,seasonal_naive,3,3,3.1056180707235863,1.0,1.3643108755350113,3,0,45900,0.0,0.0,0.0,3,0.0,3,3.1056180707235863,1.3643108755350113
Sales,seasonal_naive,4,4,1.4686212064144781,1.0,3.997866455465555,4,0,288900,0.0,0.0,0.0,4,0.0,4,1.4686212064144781,3.997866455465555
Industry,seasonal_naive,3,3,1.0022912568434859,1.0,11.825246900320053,3,0,1097550,0.0,0.0,0.0,3,0.0,3,1.0022912568434859,11.825246900320053
Cloud operations,seasonal_naive,1,1,1.1130542641708217,1.0,5.47015979513526,1,0,606528,0.0,0.0,0.0,1,0.0,1,1.1130542641708217,5.47015979513526
