frequency,horizon_steps,model,mean_loss,tasks,mean_loss_ratio,mean_paired_improvement_percent,relative_tasks
H,168,chronos2__model_config.context_length-1024__pipeline_config.raw_inference.completed_at-2026-09-27T13_47_17.205991_00_00,1.2101589412344493,1,0.9481892111937777,5.181078880622225,1
H,168,chronos2__model_config.context_length-2048__pipeline_config.raw_inference.completed_at-2026-09-27T13_43_00.015323_00_00,1.1987197732703678,1,0.9392263425333096,6.077365746669039,1
H,168,chronos2__model_config.context_length-4096__pipeline_config.raw_inference.completed_at-2026-09-27T13_43_36.730550_00_00,1.197978616803683,1,0.9386456282638268,6.135437173617319,1
H,168,chronos2__model_config.context_length-512__pipeline_config.raw_inference.completed_at-2026-09-27T13_48_40.521193_00_00,1.2435342998580428,1,0.9743396232498446,2.5660376750155423,1
H,168,chronos2__model_config.context_length-8192__pipeline_config.raw_inference.completed_at-2026-09-26T15_50_24.246215_00_00,1.2018281745126123,1,0.9416618511442288,5.833814885577116,1
H,168,chronos_bolt__model_config.context_length-1024__pipeline_config.raw_inference.completed_at-2026-09-27T13_23_28.226958_00_00,1.2129555857039984,1,0.9503804507270461,4.961954927295387,1
H,168,chronos_bolt__model_config.context_length-128__pipeline_config.raw_inference.completed_at-2026-09-27T13_29_54.978478_00_00,1.3001706284959422,1,1.0187155758179443,-1.8715575817944252,1
H,168,chronos_bolt__model_config.context_length-2048__pipeline_config.raw_inference.completed_at-2026-09-26T15_51_33.421927_00_00,1.201433091645914,1,0.9413522940282448,5.864770597175517,1
H,168,chronos_bolt__model_config.context_length-256__pipeline_config.raw_inference.completed_at-2026-09-27T13_29_06.518215_00_00,1.2559472970551622,1,0.9840655109988382,1.593448900116179,1
H,168,chronos_bolt__model_config.context_length-512__pipeline_config.raw_inference.completed_at-2026-09-27T14_59_06.358241_00_00,1.2536992196724726,1,0.9823040872324521,1.7695912767547894,1
H,168,ts_icl__model_config.context_length-1024__pipeline_config.raw_inference.completed_at-2026-09-27T13_57_07.143807_00_00,1.1215215903786517,1,0.878739672850878,12.126032714912204,1
H,168,ts_icl__model_config.context_length-2048__pipeline_config.raw_inference.completed_at-2026-09-27T14_01_33.329298_00_00,1.104788646655742,1,0.8656290010465684,13.437099895343163,1
H,168,ts_icl__model_config.context_length-256__pipeline_config.raw_inference.completed_at-2026-09-27T15_06_20.151486_00_00,1.1861348088826185,1,0.9293657142727363,7.063428572726371,1
H,168,ts_icl__model_config.context_length-4096__pipeline_config.raw_inference.completed_at-2026-09-26T16_12_06.332146_00_00,1.111845003542755,1,0.8711578297339584,12.884217026604162,1
H,168,ts_icl__model_config.context_length-512__pipeline_config.raw_inference.completed_at-2026-09-27T13_57_33.927067_00_00,1.1116878207531098,1,0.8710346731631572,12.896532683684281,1
H,168,chronos2__model_config.context_length-1024__pipeline_config.raw_inference.completed_at-2026-09-27T13_45_35.807221_00_00,1.9084801928093498,1,0.8567344255019782,14.32655744980218,1
H,168,chronos2__model_config.context_length-2048__pipeline_config.raw_inference.completed_at-2026-09-27T13_41_07.272574_00_00,1.8270603741779807,1,0.820184315208751,17.9815684791249,1
H,168,chronos2__model_config.context_length-4096__pipeline_config.raw_inference.completed_at-2026-09-27T13_41_24.850007_00_00,1.8417847255790012,1,0.8267942128571374,17.32057871428626,1
H,168,chronos2__model_config.context_length-512__pipeline_config.raw_inference.completed_at-2026-09-27T13_47_02.923550_00_00,2.0415819309667222,1,0.9164850278939847,8.351497210601533,1
H,168,chronos2__model_config.context_length-8192__pipeline_config.raw_inference.completed_at-2026-09-26T15_47_40.936798_00_00,1.8356686518765377,1,0.8240486507551307,17.59513492448693,1
H,168,chronos_bolt__model_config.context_length-1024__pipeline_config.raw_inference.completed_at-2026-09-27T13_20_46.269032_00_00,2.0020520050341277,1,0.8987396782112383,10.126032178876166,1
H,168,chronos_bolt__model_config.context_length-128__pipeline_config.raw_inference.completed_at-2026-09-27T13_27_47.711515_00_00,2.02321006671551,1,0.9082377279618365,9.176227203816346,1
H,168,chronos_bolt__model_config.context_length-2048__pipeline_config.raw_inference.completed_at-2026-09-26T15_48_09.858670_00_00,1.9464693816144993,1,0.8737881240254909,12.621187597450911,1
H,168,chronos_bolt__model_config.context_length-256__pipeline_config.raw_inference.completed_at-2026-09-27T13_26_55.295603_00_00,2.1445618765726295,1,0.9627136787698575,3.7286321230142527,1
H,168,chronos_bolt__model_config.context_length-512__pipeline_config.raw_inference.completed_at-2026-09-27T14_56_47.641608_00_00,2.0676290743936123,1,0.928177831698752,7.1822168301247995,1
H,168,ts_icl__model_config.context_length-1024__pipeline_config.raw_inference.completed_at-2026-09-27T13_54_58.277613_00_00,1.8482244238863959,1,0.829685053040116,17.031494695988403,1
H,168,ts_icl__model_config.context_length-2048__pipeline_config.raw_inference.completed_at-2026-09-27T13_57_54.228873_00_00,1.8045151747786154,1,0.8100635664957083,18.993643350429167,1
H,168,ts_icl__model_config.context_length-256__pipeline_config.raw_inference.completed_at-2026-09-27T15_04_53.046094_00_00,1.9419492821212772,1,0.8717590095200702,12.824099047992977,1
H,168,ts_icl__model_config.context_length-4096__pipeline_config.raw_inference.completed_at-2026-09-26T16_03_33.387940_00_00,1.8097602851403476,1,0.8124181450914852,18.758185490851474,1
H,168,ts_icl__model_config.context_length-512__pipeline_config.raw_inference.completed_at-2026-09-27T13_55_55.267050_00_00,1.9999753890347625,1,0.8978074660657271,10.219253393427286,1
H,168,chronos2__model_config.context_length-1024__pipeline_config.raw_inference.completed_at-2026-09-27T13_46_31.937212_00_00,1.7039112162841765,1,0.8291541497801397,17.084585021986033,1
H,168,chronos2__model_config.context_length-2048__pipeline_config.raw_inference.completed_at-2026-09-27T13_42_11.119342_00_00,1.6599965085400787,1,0.8077844552711695,19.22155447288305,1
H,168,chronos2__model_config.context_length-4096__pipeline_config.raw_inference.completed_at-2026-09-27T13_42_43.765772_00_00,1.6152486144512244,1,0.7860093171518205,21.399068284817947,1
H,168,chronos2__model_config.context_length-512__pipeline_config.raw_inference.completed_at-2026-09-27T13_47_56.480272_00_00,1.8106816429152413,1,0.881110578887992,11.888942111200794,1
H,168,chronos2__model_config.context_length-8192__pipeline_config.raw_inference.completed_at-2026-09-26T15_49_24.607194_00_00,1.6186084008630783,1,0.787644250251116,21.235574974888404,1
H,168,chronos_bolt__model_config.context_length-1024__pipeline_config.raw_inference.completed_at-2026-09-27T13_22_33.621329_00_00,1.7952779115861728,1,0.873614843410971,12.638515658902904,1
H,168,chronos_bolt__model_config.context_length-128__pipeline_config.raw_inference.completed_at-2026-09-27T13_29_05.586692_00_00,1.942651123270294,1,0.9453293252845011,5.467067471549891,1
H,168,chronos_bolt__model_config.context_length-2048__pipeline_config.raw_inference.completed_at-2026-09-26T15_50_32.392678_00_00,1.744121568445221,1,0.8487212375719313,15.12787624280687,1
H,168,chronos_bolt__model_config.context_length-256__pipeline_config.raw_inference.completed_at-2026-09-27T13_28_16.288384_00_00,1.9421666095075136,1,0.9450935520862289,5.490644791377108,1
H,168,chronos_bolt__model_config.context_length-512__pipeline_config.raw_inference.completed_at-2026-09-27T14_58_15.538510_00_00,1.8988758339767717,1,0.9240274743261488,7.597252567385116,1
H,168,ts_icl__model_config.context_length-1024__pipeline_config.raw_inference.completed_at-2026-09-27T13_56_19.118950_00_00,1.6626737756503727,1,0.8090872620802069,19.09127379197931,1
H,168,ts_icl__model_config.context_length-2048__pipeline_config.raw_inference.completed_at-2026-09-27T14_00_16.227937_00_00,1.6305682373077568,1,0.793464123918256,20.653587608174394,1
H,168,ts_icl__model_config.context_length-256__pipeline_config.raw_inference.completed_at-2026-09-27T15_05_45.549332_00_00,1.7716371471129777,1,0.8621108179784303,13.788918202156975,1
H,168,ts_icl__model_config.context_length-4096__pipeline_config.raw_inference.completed_at-2026-09-26T16_09_17.673881_00_00,1.6379611443059245,1,0.797061646757408,20.293835324259202,1
H,168,ts_icl__model_config.context_length-512__pipeline_config.raw_inference.completed_at-2026-09-27T13_56_54.782840_00_00,1.725598091182622,1,0.8397073770527571,16.02926229472429,1
H,168,chronos2__model_config.context_length-1024__pipeline_config.raw_inference.completed_at-2026-09-27T13_47_06.881263_00_00,1.171278703339822,1,0.8799513826019912,12.004861739800877,1
H,168,chronos2__model_config.context_length-2048__pipeline_config.raw_inference.completed_at-2026-09-27T13_42_49.307573_00_00,1.205376411053669,1,0.9055681081181327,9.443189188186729,1
H,168,chronos2__model_config.context_length-4096__pipeline_config.raw_inference.completed_at-2026-09-27T13_43_25.505185_00_00,1.2057967883587484,1,0.9058839267100394,9.411607328996062,1
H,168,chronos2__model_config.context_length-512__pipeline_config.raw_inference.completed_at-2026-09-27T13_48_30.211643_00_00,1.2575496987502208,1,0.944764549163772,5.523545083622805,1
H,168,chronos2__model_config.context_length-8192__pipeline_config.raw_inference.completed_at-2026-09-26T15_50_11.706461_00_00,1.203564641776657,1,0.9042069727404326,9.57930272595674,1
H,168,chronos_bolt__model_config.context_length-1024__pipeline_config.raw_inference.completed_at-2026-09-27T13_23_17.033735_00_00,1.1733824824530803,1,0.8815318974138137,11.846810258618634,1
H,168,chronos_bolt__model_config.context_length-128__pipeline_config.raw_inference.completed_at-2026-09-27T13_29_44.332245_00_00,1.252009165162565,1,0.9406020896424739,5.939791035752606,1
H,168,chronos_bolt__model_config.context_length-2048__pipeline_config.raw_inference.completed_at-2026-09-26T15_51_21.235337_00_00,1.2605794159420194,1,0.947040697295053,5.295930270494697,1
H,168,chronos_bolt__model_config.context_length-256__pipeline_config.raw_inference.completed_at-2026-09-27T13_28_55.790431_00_00,1.2179730930797736,1,0.9150316693811026,8.496833061889742,1
H,168,chronos_bolt__model_config.context_length-512__pipeline_config.raw_inference.completed_at-2026-09-27T14_58_55.520690_00_00,1.0884927457149507,1,0.8177564347519917,18.224356524800832,1
H,168,ts_icl__model_config.context_length-1024__pipeline_config.raw_inference.completed_at-2026-09-27T13_56_59.847242_00_00,1.2089403937456291,1,0.9082456360953916,9.175436390460845,1
H,168,ts_icl__model_config.context_length-2048__pipeline_config.raw_inference.completed_at-2026-09-27T14_01_24.358078_00_00,1.2269790631914428,1,0.9217976216935952,7.820237830640475,1
H,168,ts_icl__model_config.context_length-256__pipeline_config.raw_inference.completed_at-2026-09-27T15_06_13.829443_00_00,1.1872395291856008,1,0.8919423380683674,10.805766193163258,1
H,168,ts_icl__model_config.context_length-4096__pipeline_config.raw_inference.completed_at-2026-09-26T16_11_51.810372_00_00,1.184444580234607,1,0.8898425652416986,11.015743475830142,1
H,168,ts_icl__model_config.context_length-512__pipeline_config.raw_inference.completed_at-2026-09-27T13_57_27.197284_00_00,1.2183886671783162,1,0.9153438794482227,8.46561205517773,1
H,168,chronos2__model_config.context_length-1024__pipeline_config.raw_inference.completed_at-2026-09-27T13_46_56.957145_00_00,0.9586511709791703,1,0.7425778129785734,25.74221870214266,1
H,168,chronos2__model_config.context_length-2048__pipeline_config.raw_inference.completed_at-2026-09-27T13_42_39.188304_00_00,0.9621911481125732,1,0.745319903696547,25.4680096303453,1
H,168,chronos2__model_config.context_length-4096__pipeline_config.raw_inference.completed_at-2026-09-27T13_43_15.150824_00_00,0.9624437210098892,1,0.7455155484058889,25.448445159411115,1
H,168,chronos2__model_config.context_length-512__pipeline_config.raw_inference.completed_at-2026-09-27T13_48_20.246676_00_00,0.9915167508234237,1,0.7680357179411165,23.196428205888353,1
H,168,chronos2__model_config.context_length-8192__pipeline_config.raw_inference.completed_at-2026-09-26T15_50_00.474439_00_00,0.9613872795889807,1,0.7446972215904354,25.53027784095646,1
H,168,chronos_bolt__model_config.context_length-1024__pipeline_config.raw_inference.completed_at-2026-09-27T13_23_06.868242_00_00,0.9766646475607526,1,0.75653117625505,24.346882374495003,1
H,168,chronos_bolt__model_config.context_length-128__pipeline_config.raw_inference.completed_at-2026-09-27T13_29_34.319584_00_00,1.050233256508938,1,0.8135179284652619,18.648207153473805,1
H,168,chronos_bolt__model_config.context_length-2048__pipeline_config.raw_inference.completed_at-2026-09-26T15_51_10.785196_00_00,0.9862905912465224,1,0.7639874986655603,23.601250133443973,1
H,168,chronos_bolt__model_config.context_length-256__pipeline_config.raw_inference.completed_at-2026-09-27T13_28_45.318234_00_00,1.0045068969119446,1,0.7780979747501634,22.19020252498366,1
H,168,chronos_bolt__model_config.context_length-512__pipeline_config.raw_inference.completed_at-2026-09-27T14_58_45.471876_00_00,0.9697104950072142,1,0.751144441694395,24.885555830560502,1
H,168,ts_icl__model_config.context_length-1024__pipeline_config.raw_inference.completed_at-2026-09-27T13_56_53.621122_00_00,0.9597665430269091,1,0.7434417878642675,25.655821213573248,1
H,168,ts_icl__model_config.context_length-2048__pipeline_config.raw_inference.completed_at-2026-09-27T14_01_17.549445_00_00,0.9561813346729537,1,0.7406646607306998,25.933533926930018,1
H,168,ts_icl__model_config.context_length-256__pipeline_config.raw_inference.completed_at-2026-09-27T15_06_08.236536_00_00,0.9810055016014465,1,0.759893631752502,24.0106368247498,1
H,168,ts_icl__model_config.context_length-4096__pipeline_config.raw_inference.completed_at-2026-09-26T16_11_42.068261_00_00,0.9583690716461833,1,0.7423592968883899,25.764070311161014,1
H,168,ts_icl__model_config.context_length-512__pipeline_config.raw_inference.completed_at-2026-09-27T13_57_21.308506_00_00,0.9562650552607892,1,0.740729511275818,25.9270488724182,1
H,168,chronos2__model_config.context_length-1024__pipeline_config.raw_inference.completed_at-2026-09-27T13_53_23.489801_00_00,0.7114719774045293,1,0.7072875052934693,29.27124947065307,1
H,168,chronos2__model_config.context_length-2048__pipeline_config.raw_inference.completed_at-2026-09-27T13_49_31.268680_00_00,0.7112583040053169,1,0.7070750885992407,29.292491140075928,1
H,168,chronos2__model_config.context_length-4096__pipeline_config.raw_inference.completed_at-2026-09-27T13_50_46.185616_00_00,0.7112583040053169,1,0.7070750885992407,29.292491140075928,1
H,168,chronos2__model_config.context_length-512__pipeline_config.raw_inference.completed_at-2026-09-27T13_54_40.793426_00_00,0.712359360876472,1,0.7081696696822884,29.183033031771156,1
H,168,chronos2__model_config.context_length-8192__pipeline_config.raw_inference.completed_at-2026-09-26T15_59_05.052734_00_00,0.7112583040053169,1,0.7070750885992407,29.292491140075928,1
H,168,chronos_bolt__model_config.context_length-1024__pipeline_config.raw_inference.completed_at-2026-09-27T13_35_04.581731_00_00,0.7137657415966836,1,0.7095677788737706,29.043222112622935,1
H,168,chronos_bolt__model_config.context_length-128__pipeline_config.raw_inference.completed_at-2026-09-27T13_38_06.478076_00_00,0.7313688414221176,1,0.727067347312689,27.293265268731105,1
H,168,chronos_bolt__model_config.context_length-2048__pipeline_config.raw_inference.completed_at-2026-09-26T16_07_30.046027_00_00,0.7140192438721245,1,0.7098197901935094,29.018020980649062,1
H,168,chronos_bolt__model_config.context_length-256__pipeline_config.raw_inference.completed_at-2026-09-27T13_37_40.234560_00_00,0.7174062259745644,1,0.7131868520002828,28.681314799971723,1
H,168,chronos_bolt__model_config.context_length-512__pipeline_config.raw_inference.completed_at-2026-09-27T15_30_25.451677_00_00,0.7150946650989732,1,0.7108888864064794,28.91111135935206,1
H,168,ts_icl__model_config.context_length-1024__pipeline_config.raw_inference.completed_at-2026-09-27T14_03_37.291357_00_00,0.7128403335198051,1,0.7086478135190402,29.135218648095986,1
H,168,ts_icl__model_config.context_length-2048__pipeline_config.raw_inference.completed_at-2026-09-27T14_12_24.652308_00_00,0.7121692492493292,1,0.7079806761832337,29.20193238167663,1
H,168,ts_icl__model_config.context_length-256__pipeline_config.raw_inference.completed_at-2026-09-27T15_11_00.094782_00_00,0.7165113981650871,1,0.7122972870572738,28.77027129427262,1
H,168,ts_icl__model_config.context_length-4096__pipeline_config.raw_inference.completed_at-2026-09-26T16_32_33.210606_00_00,0.7121692492493292,1,0.7079806761832337,29.20193238167663,1
H,168,ts_icl__model_config.context_length-512__pipeline_config.raw_inference.completed_at-2026-09-27T14_02_40.835140_00_00,0.7139247732574803,1,0.7097258752011031,29.02741247988969,1
H,168,chronos2__model_config.context_length-1024__pipeline_config.raw_inference.completed_at-2026-09-27T13_45_04.733257_00_00,1.184645283205768,1,0.6425526379906576,35.744736200934234,1
H,168,chronos2__model_config.context_length-2048__pipeline_config.raw_inference.completed_at-2026-09-27T13_40_35.645367_00_00,1.150631367693281,1,0.6241034604598139,37.58965395401861,1
H,168,chronos2__model_config.context_length-4096__pipeline_config.raw_inference.completed_at-2026-09-27T13_40_52.552180_00_00,1.147386278420859,1,0.6223433211995053,37.76566788004947,1
H,168,chronos2__model_config.context_length-512__pipeline_config.raw_inference.completed_at-2026-09-27T13_46_31.992764_00_00,1.2465764023181647,1,0.6761441311772912,32.38558688227088,1
H,168,chronos2__model_config.context_length-8192__pipeline_config.raw_inference.completed_at-2026-09-26T15_47_07.012752_00_00,1.1473694546649549,1,0.6223341959795847,37.76658040204153,1
H,168,chronos_bolt__model_config.context_length-1024__pipeline_config.raw_inference.completed_at-2026-09-27T13_20_08.190859_00_00,1.4945224022521884,1,0.8106302584555825,18.936974154441756,1
H,168,chronos_bolt__model_config.context_length-128__pipeline_config.raw_inference.completed_at-2026-09-27T13_27_14.694172_00_00,1.8490450302987618,1,1.0029236420600471,-0.2923642060047138,1
H,168,chronos_bolt__model_config.context_length-2048__pipeline_config.raw_inference.completed_at-2026-09-26T15_47_26.753659_00_00,1.4834479710008108,1,0.8046234772564353,19.537652274356464,1
H,168,chronos_bolt__model_config.context_length-256__pipeline_config.raw_inference.completed_at-2026-09-27T13_26_21.971641_00_00,1.6840101567808305,1,0.9134085822841481,8.659141771585189,1
H,168,chronos_bolt__model_config.context_length-512__pipeline_config.raw_inference.completed_at-2026-09-27T13_23_24.554284_00_00,1.5502030639630566,1,0.8408314980794517,15.916850192054833,1
H,168,ts_icl__model_config.context_length-1024__pipeline_config.raw_inference.completed_at-2026-09-27T13_54_37.829211_00_00,1.1836255746413695,1,0.641999547173242,35.800045282675796,1
H,168,ts_icl__model_config.context_length-2048__pipeline_config.raw_inference.completed_at-2026-09-27T13_57_26.141174_00_00,1.1706036982460004,1,0.634936470024283,36.5063529975717,1
H,168,ts_icl__model_config.context_length-256__pipeline_config.raw_inference.completed_at-2026-09-27T15_04_34.647841_00_00,1.4304392586034618,1,0.7758715052777578,22.412849472224217,1
H,168,ts_icl__model_config.context_length-4096__pipeline_config.raw_inference.completed_at-2026-09-26T16_02_53.134787_00_00,1.172189045510165,1,0.6357963637672974,36.420363623270255,1
H,168,ts_icl__model_config.context_length-512__pipeline_config.raw_inference.completed_at-2026-09-27T13_55_36.375462_00_00,1.257177102448728,1,0.6818939602020679,31.810603979793207,1
H,168,chronos2__model_config.context_length-1024__pipeline_config.raw_inference.completed_at-2026-09-27T13_47_28.157472_00_00,1.4128496720580803,1,0.7080208503781344,29.197914962186555,1
H,168,chronos2__model_config.context_length-2048__pipeline_config.raw_inference.completed_at-2026-09-27T13_43_11.493224_00_00,1.4191799193563364,1,0.71119312494057,28.880687505943005,1
H,168,chronos2__model_config.context_length-4096__pipeline_config.raw_inference.completed_at-2026-09-27T13_43_48.987284_00_00,1.4125436159079292,1,0.707867476569173,29.213252343082697,1
H,168,chronos2__model_config.context_length-512__pipeline_config.raw_inference.completed_at-2026-09-27T13_48_51.539847_00_00,1.3991212981532697,1,0.7011411552777816,29.885884472221836,1
H,168,chronos2__model_config.context_length-8192__pipeline_config.raw_inference.completed_at-2026-09-26T15_50_38.490692_00_00,1.3994284061370788,1,0.7012950561917676,29.870494380823242,1
H,168,chronos_bolt__model_config.context_length-1024__pipeline_config.raw_inference.completed_at-2026-09-27T13_23_40.570065_00_00,1.463454739781967,1,0.7333805498507026,26.661945014929746,1
H,168,chronos_bolt__model_config.context_length-128__pipeline_config.raw_inference.completed_at-2026-09-27T13_30_07.192986_00_00,1.6199773391738514,1,0.8118186640510663,18.81813359489337,1
H,168,chronos_bolt__model_config.context_length-2048__pipeline_config.raw_inference.completed_at-2026-09-26T15_51_47.690968_00_00,1.469630560166673,1,0.7364754365092334,26.352456349076657,1
H,168,chronos_bolt__model_config.context_length-256__pipeline_config.raw_inference.completed_at-2026-09-27T13_29_18.112495_00_00,1.4288560748591783,1,0.7160421332837814,28.39578667162186,1
H,168,chronos_bolt__model_config.context_length-512__pipeline_config.raw_inference.completed_at-2026-09-27T14_59_17.988680_00_00,1.4133551388765304,1,0.7082741547839143,29.17258452160857,1
H,168,ts_icl__model_config.context_length-1024__pipeline_config.raw_inference.completed_at-2026-09-27T13_57_15.733022_00_00,1.3948284335994554,1,0.698989873600714,30.101012639928605,1
H,168,ts_icl__model_config.context_length-2048__pipeline_config.raw_inference.completed_at-2026-09-27T14_01_45.750015_00_00,1.4159511561288947,1,0.7095750959802539,29.042490401974607,1
H,168,ts_icl__model_config.context_length-256__pipeline_config.raw_inference.completed_at-2026-09-27T15_06_27.075585_00_00,1.539288931068404,1,0.7713833109824997,22.861668901750033,1
H,168,ts_icl__model_config.context_length-4096__pipeline_config.raw_inference.completed_at-2026-09-26T16_12_30.492191_00_00,1.406930503128837,1,0.7050545793716021,29.49454206283979,1
H,168,ts_icl__model_config.context_length-512__pipeline_config.raw_inference.completed_at-2026-09-27T13_57_41.323568_00_00,1.4163253954732837,1,0.7097626384089352,29.023736159106484,1
H,168,seasonal_naive,1.6282521747105798,8,1.0,0.0,8
H,72,chronos2__model_config.context_length-1024__pipeline_config.raw_inference.completed_at-2026-09-27T13_47_16.845881_00_00,1.192384679690315,1,0.8774019889742083,12.259801102579171,1
H,72,chronos2__model_config.context_length-2048__pipeline_config.raw_inference.completed_at-2026-09-27T13_42_59.635203_00_00,1.1702760412750741,1,0.8611336121244806,13.886638787551941,1
H,72,chronos2__model_config.context_length-4096__pipeline_config.raw_inference.completed_at-2026-09-27T13_43_36.284415_00_00,1.1772909041326418,1,0.8662954149624789,13.370458503752115,1
H,72,chronos2__model_config.context_length-512__pipeline_config.raw_inference.completed_at-2026-09-27T13_48_40.171380_00_00,1.2604545161763114,1,0.92749036308639,7.250963691361001,1
H,72,chronos2__model_config.context_length-8192__pipeline_config.raw_inference.completed_at-2026-09-26T15_50_23.714072_00_00,1.1800124167717907,1,0.8682980074506915,13.170199254930848,1
H,72,chronos_bolt__model_config.context_length-1024__pipeline_config.raw_inference.completed_at-2026-09-27T13_23_27.642776_00_00,1.21158987139441,1,0.8915338993273171,10.846610067268292,1
H,72,chronos_bolt__model_config.context_length-128__pipeline_config.raw_inference.completed_at-2026-09-27T13_29_54.666261_00_00,1.310228042799928,1,0.9641156166657668,3.588438333423316,1
H,72,chronos_bolt__model_config.context_length-2048__pipeline_config.raw_inference.completed_at-2026-09-26T15_51_32.471780_00_00,1.1872985525551225,1,0.8736594232229001,12.634057677709986,1
H,72,chronos_bolt__model_config.context_length-256__pipeline_config.raw_inference.completed_at-2026-09-27T13_29_06.175860_00_00,1.2253233570264728,1,0.9016395202853541,9.83604797146459,1
H,72,chronos_bolt__model_config.context_length-512__pipeline_config.raw_inference.completed_at-2026-09-27T14_59_05.946956_00_00,1.2049266429863645,1,0.8866308424885401,11.336915751145993,1
H,72,ts_icl__model_config.context_length-1024__pipeline_config.raw_inference.completed_at-2026-09-27T13_57_06.473154_00_00,1.1577909082238707,1,0.8519465764653352,14.805342353466477,1
H,72,ts_icl__model_config.context_length-2048__pipeline_config.raw_inference.completed_at-2026-09-27T14_01_32.485696_00_00,1.1305915266013082,1,0.8319322371828958,16.806776281710423,1
H,72,ts_icl__model_config.context_length-256__pipeline_config.raw_inference.completed_at-2026-09-27T15_06_19.584738_00_00,1.273459021975374,1,0.9370595729630949,6.294042703690506,1
H,72,ts_icl__model_config.context_length-4096__pipeline_config.raw_inference.completed_at-2026-09-26T16_12_04.977334_00_00,1.1419134558402046,1,0.8402633432449201,15.973665675507986,1
H,72,ts_icl__model_config.context_length-512__pipeline_config.raw_inference.completed_at-2026-09-27T13_57_33.334825_00_00,1.1459780132885615,1,0.843254199174413,15.674580082558698,1
H,72,chronos2__model_config.context_length-1024__pipeline_config.raw_inference.completed_at-2026-09-27T13_47_06.567723_00_00,0.8948913564377328,1,0.8191245777318782,18.087542226812182,1
H,72,chronos2__model_config.context_length-2048__pipeline_config.raw_inference.completed_at-2026-09-27T13_42_48.990834_00_00,0.8999345318006091,1,0.8237407681328985,17.625923186710146,1
H,72,chronos2__model_config.context_length-4096__pipeline_config.raw_inference.completed_at-2026-09-27T13_43_25.166541_00_00,0.9101636908444272,1,0.8331038662587689,16.689613374123113,1
H,72,chronos2__model_config.context_length-512__pipeline_config.raw_inference.completed_at-2026-09-27T13_48_29.899016_00_00,0.8585428336564289,1,0.7858535352078634,21.414646479213662,1
H,72,chronos2__model_config.context_length-8192__pipeline_config.raw_inference.completed_at-2026-09-26T15_50_11.329123_00_00,0.8915087697288963,1,0.8160283807582627,18.397161924173734,1
H,72,chronos_bolt__model_config.context_length-1024__pipeline_config.raw_inference.completed_at-2026-09-27T13_23_16.812876_00_00,0.9119861000140116,1,0.8347719795227441,16.522802047725595,1
H,72,chronos_bolt__model_config.context_length-128__pipeline_config.raw_inference.completed_at-2026-09-27T13_29_44.205318_00_00,0.9281736684362001,1,0.8495890129569625,15.041098704303746,1
H,72,chronos_bolt__model_config.context_length-2048__pipeline_config.raw_inference.completed_at-2026-09-26T15_51_20.880163_00_00,0.9416772869144727,1,0.861949335474657,13.805066452534298,1
H,72,chronos_bolt__model_config.context_length-256__pipeline_config.raw_inference.completed_at-2026-09-27T13_28_55.655133_00_00,0.940509450570514,1,0.8608803750413895,13.911962495861053,1
H,72,chronos_bolt__model_config.context_length-512__pipeline_config.raw_inference.completed_at-2026-09-27T14_58_55.360274_00_00,0.8919006323111216,1,0.8163870659437716,18.361293405622835,1
H,72,ts_icl__model_config.context_length-1024__pipeline_config.raw_inference.completed_at-2026-09-27T13_56_59.350960_00_00,0.8956736474573397,1,0.8198406353812109,18.015936461878912,1
H,72,ts_icl__model_config.context_length-2048__pipeline_config.raw_inference.completed_at-2026-09-27T14_01_23.794300_00_00,0.9096986257129329,1,0.8326781762834299,16.73218237165701,1
H,72,ts_icl__model_config.context_length-256__pipeline_config.raw_inference.completed_at-2026-09-27T15_06_13.369223_00_00,0.9169991250476848,1,0.8393605722992042,16.063942770079574,1
H,72,ts_icl__model_config.context_length-4096__pipeline_config.raw_inference.completed_at-2026-09-26T16_11_51.007506_00_00,0.889811358229547,1,0.8144746821247477,18.55253178752523,1
H,72,ts_icl__model_config.context_length-512__pipeline_config.raw_inference.completed_at-2026-09-27T13_57_26.727934_00_00,0.8934574612228096,1,0.8178120845404017,18.218791545959835,1
H,72,chronos2__model_config.context_length-1024__pipeline_config.raw_inference.completed_at-2026-09-27T13_46_56.544511_00_00,0.9282438542605831,1,0.7831688966277094,21.68311033722906,1
H,72,chronos2__model_config.context_length-2048__pipeline_config.raw_inference.completed_at-2026-09-27T13_42_38.740979_00_00,0.9263204696912787,1,0.7815461172642707,21.84538827357293,1
H,72,chronos2__model_config.context_length-4096__pipeline_config.raw_inference.completed_at-2026-09-27T13_43_14.619562_00_00,0.9260483588176813,1,0.7813165345186834,21.868346548131655,1
H,72,chronos2__model_config.context_length-512__pipeline_config.raw_inference.completed_at-2026-09-27T13_48_19.843453_00_00,0.9571572397715985,1,0.8075634176627787,19.243658233722126,1
H,72,chronos2__model_config.context_length-8192__pipeline_config.raw_inference.completed_at-2026-09-26T15_49_59.800093_00_00,0.9262713766391221,1,0.7815046969507259,21.849530304927413,1
H,72,chronos_bolt__model_config.context_length-1024__pipeline_config.raw_inference.completed_at-2026-09-27T13_23_06.005438_00_00,0.9583587828029103,1,0.8085771718888519,19.142282811114807,1
H,72,chronos_bolt__model_config.context_length-128__pipeline_config.raw_inference.completed_at-2026-09-27T13_29_33.843560_00_00,1.0309595735373351,1,0.869831206497108,13.016879350289202,1
H,72,chronos_bolt__model_config.context_length-2048__pipeline_config.raw_inference.completed_at-2026-09-26T15_51_09.342246_00_00,0.9729665091471766,1,0.8209018610001972,17.909813899980275,1
H,72,chronos_bolt__model_config.context_length-256__pipeline_config.raw_inference.completed_at-2026-09-27T13_28_44.796046_00_00,0.9820944963849175,1,0.8286032378103975,17.139676218960254,1
H,72,chronos_bolt__model_config.context_length-512__pipeline_config.raw_inference.completed_at-2026-09-27T14_58_44.847070_00_00,0.946149504741605,1,0.7982760782872033,20.172392171279675,1
H,72,ts_icl__model_config.context_length-1024__pipeline_config.raw_inference.completed_at-2026-09-27T13_56_52.758259_00_00,0.9320712980382192,1,0.7863981503485689,21.360184965143112,1
H,72,ts_icl__model_config.context_length-2048__pipeline_config.raw_inference.completed_at-2026-09-27T14_01_16.426954_00_00,0.9286667364581783,1,0.7835256866916286,21.64743133083714,1
H,72,ts_icl__model_config.context_length-256__pipeline_config.raw_inference.completed_at-2026-09-27T15_06_07.576251_00_00,0.9504438269231483,1,0.8018992421242127,19.81007578757873,1
H,72,ts_icl__model_config.context_length-4096__pipeline_config.raw_inference.completed_at-2026-09-26T16_11_39.916630_00_00,0.9303932258723374,1,0.7849823435855258,21.501765641447424,1
H,72,ts_icl__model_config.context_length-512__pipeline_config.raw_inference.completed_at-2026-09-27T13_57_20.612849_00_00,0.9404077098945375,1,0.7934316668597529,20.656833314024713,1
H,72,chronos2__model_config.context_length-1024__pipeline_config.raw_inference.completed_at-2026-09-27T13_47_27.694130_00_00,1.2235406182766408,1,0.6565739015966313,34.34260984033687,1
H,72,chronos2__model_config.context_length-2048__pipeline_config.raw_inference.completed_at-2026-09-27T13_43_10.992727_00_00,1.2189841923712095,1,0.6541288415067761,34.587115849322394,1
H,72,chronos2__model_config.context_length-4096__pipeline_config.raw_inference.completed_at-2026-09-27T13_43_48.408391_00_00,1.2121132477097687,1,0.6504417690249725,34.955823097502744,1
H,72,chronos2__model_config.context_length-512__pipeline_config.raw_inference.completed_at-2026-09-27T13_48_51.074588_00_00,1.2609115453782815,1,0.6766278132092818,32.337218679071825,1
H,72,chronos2__model_config.context_length-8192__pipeline_config.raw_inference.completed_at-2026-09-26T15_50_37.744630_00_00,1.209757884715994,1,0.6491778388804407,35.08221611195593,1
H,72,chronos_bolt__model_config.context_length-1024__pipeline_config.raw_inference.completed_at-2026-09-27T13_23_39.638763_00_00,1.2326324615191815,1,0.6614527482007333,33.85472517992667,1
H,72,chronos_bolt__model_config.context_length-128__pipeline_config.raw_inference.completed_at-2026-09-27T13_30_06.706228_00_00,1.4336324531332814,1,0.7693129587598577,23.06870412401423,1
H,72,chronos_bolt__model_config.context_length-2048__pipeline_config.raw_inference.completed_at-2026-09-26T15_51_46.085598_00_00,1.2501886284244879,1,0.670873703116259,32.912629688374096,1
H,72,chronos_bolt__model_config.context_length-256__pipeline_config.raw_inference.completed_at-2026-09-27T13_29_17.577539_00_00,1.2628222313387714,1,0.6776531216600725,32.23468783399275,1
H,72,chronos_bolt__model_config.context_length-512__pipeline_config.raw_inference.completed_at-2026-09-27T14_59_17.335220_00_00,1.2281833513446072,1,0.659065275662169,34.0934724337831,1
H,72,ts_icl__model_config.context_length-1024__pipeline_config.raw_inference.completed_at-2026-09-27T13_57_14.897838_00_00,1.2024064594590345,1,0.645232931869461,35.4767068130539,1
H,72,ts_icl__model_config.context_length-2048__pipeline_config.raw_inference.completed_at-2026-09-27T14_01_44.532523_00_00,1.2079697693989044,1,0.6482183040413768,35.17816959586232,1
H,72,ts_icl__model_config.context_length-256__pipeline_config.raw_inference.completed_at-2026-09-27T15_06_26.415184_00_00,1.3320260790729581,1,0.7147891510109681,28.521084898903194,1
H,72,ts_icl__model_config.context_length-4096__pipeline_config.raw_inference.completed_at-2026-09-26T16_12_28.153615_00_00,1.1992278750561916,1,0.6435272463108824,35.64727536891176,1
H,72,ts_icl__model_config.context_length-512__pipeline_config.raw_inference.completed_at-2026-09-27T13_57_40.622026_00_00,1.218148854694314,1,0.6536805842854977,34.631941571450234,1
H,72,seasonal_naive,1.3750640069572717,4,1.0,0.0,4
H,24,chronos2__model_config.context_length-1024__pipeline_config.raw_inference.completed_at-2026-09-27T13_47_16.337286_00_00,1.0742782619446927,1,0.869530900177538,13.046909982246202,1
H,24,chronos2__model_config.context_length-2048__pipeline_config.raw_inference.completed_at-2026-09-27T13_42_59.064595_00_00,1.0922029382691996,1,0.8840393012985148,11.596069870148519,1
H,24,chronos2__model_config.context_length-4096__pipeline_config.raw_inference.completed_at-2026-09-27T13_43_35.600981_00_00,1.0819885546023305,1,0.8757716833644672,12.42283166355328,1
H,24,chronos2__model_config.context_length-512__pipeline_config.raw_inference.completed_at-2026-09-27T13_48_39.682711_00_00,1.1373642359451646,1,0.9205932791759797,7.940672082402034,1
H,24,chronos2__model_config.context_length-8192__pipeline_config.raw_inference.completed_at-2026-09-26T15_50_22.809923_00_00,1.0801986215576171,1,0.8743228947714544,12.567710522854558,1
H,24,chronos_bolt__model_config.context_length-1024__pipeline_config.raw_inference.completed_at-2026-09-27T13_23_26.826863_00_00,1.1094176146704364,1,0.8979730218229679,10.20269781770321,1
H,24,chronos_bolt__model_config.context_length-128__pipeline_config.raw_inference.completed_at-2026-09-27T13_29_54.167867_00_00,1.199373611109903,1,0.9707842489800559,2.9215751019944114,1
H,24,chronos_bolt__model_config.context_length-2048__pipeline_config.raw_inference.completed_at-2026-09-26T15_51_31.186818_00_00,1.1027190648704128,1,0.892551152793472,10.744884720652802,1
H,24,chronos_bolt__model_config.context_length-256__pipeline_config.raw_inference.completed_at-2026-09-27T13_29_05.637133_00_00,1.1192076304996914,1,0.9058971524493797,9.410284755062026,1
H,24,chronos_bolt__model_config.context_length-512__pipeline_config.raw_inference.completed_at-2026-09-27T14_59_05.347414_00_00,1.1014036885451057,1,0.8914864748597064,10.851352514029355,1
H,24,ts_icl__model_config.context_length-1024__pipeline_config.raw_inference.completed_at-2026-09-27T13_57_05.412136_00_00,1.0726377106215768,1,0.8682030225509404,13.17969774490596,1
H,24,ts_icl__model_config.context_length-2048__pipeline_config.raw_inference.completed_at-2026-09-27T14_01_31.003676_00_00,1.0591295261250315,1,0.85726937133493,14.273062866507003,1
H,24,ts_icl__model_config.context_length-256__pipeline_config.raw_inference.completed_at-2026-09-27T15_06_18.732581_00_00,1.188248527887578,1,0.9617795022849616,3.8220497715038437,1
H,24,ts_icl__model_config.context_length-4096__pipeline_config.raw_inference.completed_at-2026-09-26T16_12_02.213610_00_00,1.0643945028329198,1,0.8615308928590987,13.846910714090132,1
H,24,ts_icl__model_config.context_length-512__pipeline_config.raw_inference.completed_at-2026-09-27T13_57_32.437488_00_00,1.0990376346337218,1,0.8895713686341463,11.042863136585368,1
H,24,chronos2__model_config.context_length-1024__pipeline_config.raw_inference.completed_at-2026-09-27T13_45_35.497741_00_00,1.2554534595075206,1,0.8070821258302109,19.291787416978913,1
H,24,chronos2__model_config.context_length-2048__pipeline_config.raw_inference.completed_at-2026-09-27T13_41_06.954311_00_00,1.2507627956862315,1,0.8040666807734695,19.593331922653046,1
H,24,chronos2__model_config.context_length-4096__pipeline_config.raw_inference.completed_at-2026-09-27T13_41_24.510789_00_00,1.2463106254917533,1,0.8012045539794369,19.87954460205631,1
H,24,chronos2__model_config.context_length-512__pipeline_config.raw_inference.completed_at-2026-09-27T13_47_02.612372_00_00,1.2529311696141938,1,0.805460643907763,19.453935609223706,1
H,24,chronos2__model_config.context_length-8192__pipeline_config.raw_inference.completed_at-2026-09-26T15_47_40.569043_00_00,1.242231586401445,1,0.7985822986378156,20.14177013621844,1
H,24,chronos_bolt__model_config.context_length-1024__pipeline_config.raw_inference.completed_at-2026-09-27T13_20_46.011986_00_00,1.3240948758527316,1,0.8512090186308576,14.879098136914237,1
H,24,chronos_bolt__model_config.context_length-128__pipeline_config.raw_inference.completed_at-2026-09-27T13_27_47.546267_00_00,1.3109085235828686,1,0.8427320264004313,15.726797359956867,1
H,24,chronos_bolt__model_config.context_length-2048__pipeline_config.raw_inference.completed_at-2026-09-26T15_48_09.461246_00_00,1.316102276045098,1,0.8460708875477784,15.392911245222162,1
H,24,chronos_bolt__model_config.context_length-256__pipeline_config.raw_inference.completed_at-2026-09-27T13_26_55.117257_00_00,1.3106106172057956,1,0.8425405139948654,15.74594860051346,1
H,24,chronos_bolt__model_config.context_length-512__pipeline_config.raw_inference.completed_at-2026-09-27T14_56_47.441847_00_00,1.3220979204430134,1,0.8499252537847313,15.007474621526873,1
H,24,ts_icl__model_config.context_length-1024__pipeline_config.raw_inference.completed_at-2026-09-27T13_54_57.677388_00_00,1.2436758775479397,1,0.7995107771568744,20.048922284312564,1
H,24,ts_icl__model_config.context_length-2048__pipeline_config.raw_inference.completed_at-2026-09-27T13_57_53.392718_00_00,1.237220501202693,1,0.7953608671587772,20.46391328412228,1
H,24,ts_icl__model_config.context_length-256__pipeline_config.raw_inference.completed_at-2026-09-27T15_04_52.477298_00_00,1.24482979397911,1,0.8002525850823268,19.974741491767322,1
H,24,ts_icl__model_config.context_length-4096__pipeline_config.raw_inference.completed_at-2026-09-26T16_03_32.393368_00_00,1.239956715693167,1,0.7971198728717931,20.28801271282069,1
H,24,ts_icl__model_config.context_length-512__pipeline_config.raw_inference.completed_at-2026-09-27T13_55_54.699287_00_00,1.2417045712191412,1,0.7982435011057706,20.175649889422942,1
H,24,chronos2__model_config.context_length-1024__pipeline_config.raw_inference.completed_at-2026-09-27T13_46_30.822435_00_00,0.9060724612148625,1,0.7519673769080589,24.803262309194107,1
H,24,chronos2__model_config.context_length-2048__pipeline_config.raw_inference.completed_at-2026-09-27T13_42_09.833088_00_00,0.9031213737216471,1,0.7495182112879892,25.048178871201078,1
H,24,chronos2__model_config.context_length-4096__pipeline_config.raw_inference.completed_at-2026-09-27T13_42_42.143676_00_00,0.9134041670976728,1,0.7580521039877961,24.19478960122039,1
H,24,chronos2__model_config.context_length-512__pipeline_config.raw_inference.completed_at-2026-09-27T13_47_55.418364_00_00,0.9104168661534557,1,0.7555728841116662,24.442711588833376,1
H,24,chronos2__model_config.context_length-8192__pipeline_config.raw_inference.completed_at-2026-09-26T15_49_22.458019_00_00,0.9170105849553357,1,0.7610451411813391,23.895485881866087,1
H,24,chronos_bolt__model_config.context_length-1024__pipeline_config.raw_inference.completed_at-2026-09-27T13_22_29.979321_00_00,0.9754059141779295,1,0.8095085747574132,19.049142524258677,1
H,24,chronos_bolt__model_config.context_length-128__pipeline_config.raw_inference.completed_at-2026-09-27T13_29_03.673067_00_00,1.0419708074044522,1,0.8647520903660876,13.524790963391242,1
H,24,chronos_bolt__model_config.context_length-2048__pipeline_config.raw_inference.completed_at-2026-09-26T15_50_26.168306_00_00,0.9819445754980096,1,0.8149351385388113,18.506486146118874,1
H,24,chronos_bolt__model_config.context_length-256__pipeline_config.raw_inference.completed_at-2026-09-27T13_28_14.175188_00_00,1.0321960804825157,1,0.8566398520207946,14.336014797920537,1
H,24,chronos_bolt__model_config.context_length-512__pipeline_config.raw_inference.completed_at-2026-09-27T14_58_12.980681_00_00,0.9901406580785878,1,0.8217372288603465,17.82627711396535,1
H,24,ts_icl__model_config.context_length-1024__pipeline_config.raw_inference.completed_at-2026-09-27T13_56_16.749888_00_00,0.9256710088607687,1,0.7682325975116513,23.17674024883487,1
H,24,ts_icl__model_config.context_length-2048__pipeline_config.raw_inference.completed_at-2026-09-27T14_00_12.471192_00_00,0.9308152016810062,1,0.7725018644267463,22.74981355732537,1
H,24,ts_icl__model_config.context_length-256__pipeline_config.raw_inference.completed_at-2026-09-27T15_05_43.863803_00_00,0.9372988938747067,1,0.7778828082477726,22.211719175222743,1
H,24,ts_icl__model_config.context_length-4096__pipeline_config.raw_inference.completed_at-2026-09-26T16_09_07.941690_00_00,0.9437669634863203,1,0.7832507865803029,21.67492134196971,1
H,24,ts_icl__model_config.context_length-512__pipeline_config.raw_inference.completed_at-2026-09-27T13_56_52.897392_00_00,0.9265321036885272,1,0.7689472370649058,23.105276293509426,1
H,24,chronos2__model_config.context_length-1024__pipeline_config.raw_inference.completed_at-2026-09-27T13_47_06.243282_00_00,0.4923072064268061,1,0.5915676077779009,40.84323922220992,1
H,24,chronos2__model_config.context_length-2048__pipeline_config.raw_inference.completed_at-2026-09-27T13_42_48.650586_00_00,0.4972135234830992,1,0.5974631506545879,40.25368493454121,1
H,24,chronos2__model_config.context_length-4096__pipeline_config.raw_inference.completed_at-2026-09-27T13_43_24.782013_00_00,0.5020865068476658,1,0.6033186390043136,39.66813609956864,1
H,24,chronos2__model_config.context_length-512__pipeline_config.raw_inference.completed_at-2026-09-27T13_48_29.580141_00_00,0.48331958294569416,1,0.5807678736831688,41.923212631683114,1
H,24,chronos2__model_config.context_length-8192__pipeline_config.raw_inference.completed_at-2026-09-26T15_50_10.856785_00_00,0.49645280308376133,1,0.5965490516104354,40.34509483895646,1
H,24,chronos_bolt__model_config.context_length-1024__pipeline_config.raw_inference.completed_at-2026-09-27T13_23_16.470941_00_00,0.5324785977742932,1,0.6398384711134673,36.016152888653274,1
H,24,chronos_bolt__model_config.context_length-128__pipeline_config.raw_inference.completed_at-2026-09-27T13_29_43.980712_00_00,0.5480001525620691,1,0.6584895266229774,34.15104733770226,1
H,24,chronos_bolt__model_config.context_length-2048__pipeline_config.raw_inference.completed_at-2026-09-26T15_51_20.362300_00_00,0.5332655848362043,1,0.6407841327805917,35.921586721940834,1
H,24,chronos_bolt__model_config.context_length-256__pipeline_config.raw_inference.completed_at-2026-09-27T13_28_55.372270_00_00,0.5320235925544116,1,0.639291726426536,36.0708273573464,1
H,24,chronos_bolt__model_config.context_length-512__pipeline_config.raw_inference.completed_at-2026-09-27T14_58_55.098528_00_00,0.5380960679919714,1,0.6465885519066266,35.341144809337344,1
H,24,ts_icl__model_config.context_length-1024__pipeline_config.raw_inference.completed_at-2026-09-27T13_56_58.643596_00_00,0.5259167888969829,1,0.6319536513717043,36.804634862829566,1
H,24,ts_icl__model_config.context_length-2048__pipeline_config.raw_inference.completed_at-2026-09-27T14_01_22.917843_00_00,0.518102080968955,1,0.622563319452698,37.74366805473019,1
H,24,ts_icl__model_config.context_length-256__pipeline_config.raw_inference.completed_at-2026-09-27T15_06_12.755241_00_00,0.5312767844758193,1,0.6383943447454338,36.160565525456626,1
H,24,ts_icl__model_config.context_length-4096__pipeline_config.raw_inference.completed_at-2026-09-26T16_11_49.521143_00_00,0.510068111026166,1,0.6129095172780149,38.70904827219851,1
H,24,ts_icl__model_config.context_length-512__pipeline_config.raw_inference.completed_at-2026-09-27T13_57_26.099797_00_00,0.5340681969728291,1,0.6417485698951381,35.825143010486194,1
H,24,chronos2__model_config.context_length-1024__pipeline_config.raw_inference.completed_at-2026-09-27T13_46_55.966615_00_00,0.8780745128794543,1,0.7492056163251618,25.07943836748382,1
H,24,chronos2__model_config.context_length-2048__pipeline_config.raw_inference.completed_at-2026-09-27T13_42_38.083971_00_00,0.8735657945316674,1,0.7453586112486644,25.464138875133557,1
H,24,chronos2__model_config.context_length-4096__pipeline_config.raw_inference.completed_at-2026-09-27T13_43_13.792906_00_00,0.8711161079705733,1,0.7432684481669579,25.673155183304207,1
H,24,chronos2__model_config.context_length-512__pipeline_config.raw_inference.completed_at-2026-09-27T13_48_19.294095_00_00,0.8890789172327846,1,0.758594980695609,24.140501930439097,1
H,24,chronos2__model_config.context_length-8192__pipeline_config.raw_inference.completed_at-2026-09-26T15_49_58.583374_00_00,0.8697938508370043,1,0.7421402495275882,25.785975047241184,1
H,24,chronos_bolt__model_config.context_length-1024__pipeline_config.raw_inference.completed_at-2026-09-27T13_23_04.839059_00_00,0.8977512345855528,1,0.7659945222743089,23.400547772569112,1
H,24,chronos_bolt__model_config.context_length-128__pipeline_config.raw_inference.completed_at-2026-09-27T13_29_33.137728_00_00,0.9297670735826621,1,0.7933116189855413,20.668838101445875,1
H,24,chronos_bolt__model_config.context_length-2048__pipeline_config.raw_inference.completed_at-2026-09-26T15_51_07.500172_00_00,0.9000802175033318,1,0.76798169654794,23.201830345205998,1
H,24,chronos_bolt__model_config.context_length-256__pipeline_config.raw_inference.completed_at-2026-09-27T13_28_43.966754_00_00,0.9134313574512088,1,0.7793733824317393,22.062661756826074,1
H,24,chronos_bolt__model_config.context_length-512__pipeline_config.raw_inference.completed_at-2026-09-27T14_58_43.997054_00_00,0.8940392460833096,1,0.7628273165385505,23.717268346144948,1
H,24,ts_icl__model_config.context_length-1024__pipeline_config.raw_inference.completed_at-2026-09-27T13_56_51.348265_00_00,0.8770183136280414,1,0.7483044281008026,25.169557189919743,1
H,24,ts_icl__model_config.context_length-2048__pipeline_config.raw_inference.completed_at-2026-09-27T14_01_14.352394_00_00,0.8789060627826024,1,0.7499151254255344,25.00848745744656,1
H,24,ts_icl__model_config.context_length-256__pipeline_config.raw_inference.completed_at-2026-09-27T15_06_06.583045_00_00,0.8883680577659662,1,0.7579884491346236,24.20115508653764,1
H,24,ts_icl__model_config.context_length-4096__pipeline_config.raw_inference.completed_at-2026-09-26T16_11_35.524471_00_00,0.8773276053246772,1,0.748568327203673,25.143167279632706,1
H,24,ts_icl__model_config.context_length-512__pipeline_config.raw_inference.completed_at-2026-09-27T13_57_19.537326_00_00,0.8760718375556346,1,0.7474968597466782,25.250314025332177,1
H,24,chronos2__model_config.context_length-1024__pipeline_config.raw_inference.completed_at-2026-09-27T13_53_22.292981_00_00,0.7118669226308638,1,0.7127784053764579,28.722159462354213,1
H,24,chronos2__model_config.context_length-2048__pipeline_config.raw_inference.completed_at-2026-09-27T13_49_29.997213_00_00,0.7114646384560039,1,0.7123756061122287,28.76243938877713,1
H,24,chronos2__model_config.context_length-4096__pipeline_config.raw_inference.completed_at-2026-09-27T13_50_44.906560_00_00,0.7114646384560039,1,0.7123756061122287,28.76243938877713,1
H,24,chronos2__model_config.context_length-512__pipeline_config.raw_inference.completed_at-2026-09-27T13_54_39.696006_00_00,0.7127244259361389,1,0.7136370066390088,28.636299336099125,1
H,24,chronos2__model_config.context_length-8192__pipeline_config.raw_inference.completed_at-2026-09-26T15_59_03.772445_00_00,0.7114646384560039,1,0.7123756061122287,28.76243938877713,1
H,24,chronos_bolt__model_config.context_length-1024__pipeline_config.raw_inference.completed_at-2026-09-27T13_35_00.354156_00_00,0.7162312124556529,1,0.7171482832890561,28.28517167109439,1
H,24,chronos_bolt__model_config.context_length-128__pipeline_config.raw_inference.completed_at-2026-09-27T13_38_04.269545_00_00,0.7288052906430453,1,0.7297384614734356,27.026153852656442,1
H,24,chronos_bolt__model_config.context_length-2048__pipeline_config.raw_inference.completed_at-2026-09-26T16_07_24.222941_00_00,0.7166630909129093,1,0.7175807147285476,28.241928527145244,1
H,24,chronos_bolt__model_config.context_length-256__pipeline_config.raw_inference.completed_at-2026-09-27T13_37_37.791210_00_00,0.7195761061312351,1,0.7204974598056781,27.950254019432187,1
H,24,chronos_bolt__model_config.context_length-512__pipeline_config.raw_inference.completed_at-2026-09-27T15_30_22.454151_00_00,0.7172990276362182,1,0.7182174657126856,28.178253428731438,1
H,24,ts_icl__model_config.context_length-1024__pipeline_config.raw_inference.completed_at-2026-09-27T14_03_34.754787_00_00,0.7127979797954462,1,0.713710654677539,28.6289345322461,1
H,24,ts_icl__model_config.context_length-2048__pipeline_config.raw_inference.completed_at-2026-09-27T14_12_18.773443_00_00,0.7122914326225457,1,0.7132034589157052,28.679654108429474,1
H,24,ts_icl__model_config.context_length-256__pipeline_config.raw_inference.completed_at-2026-09-27T15_10_58.141942_00_00,0.7168660342693856,1,0.7177839179360745,28.221608206392546,1
H,24,ts_icl__model_config.context_length-4096__pipeline_config.raw_inference.completed_at-2026-09-26T16_32_27.329224_00_00,0.7122914326225457,1,0.7132034589157052,28.679654108429474,1
H,24,ts_icl__model_config.context_length-512__pipeline_config.raw_inference.completed_at-2026-09-27T14_02_38.730586_00_00,0.7139847402694566,1,0.7148989346935604,28.510106530643963,1
H,24,chronos2__model_config.context_length-1024__pipeline_config.raw_inference.completed_at-2026-09-27T13_45_03.061855_00_00,0.6919011248531655,1,0.6693090293557461,33.06909706442539,1
H,24,chronos2__model_config.context_length-2048__pipeline_config.raw_inference.completed_at-2026-09-27T13_40_33.686433_00_00,0.6880794040722541,1,0.6656120961748913,33.438790382510874,1
H,24,chronos2__model_config.context_length-4096__pipeline_config.raw_inference.completed_at-2026-09-27T13_40_50.125850_00_00,0.6880054466222426,1,0.6655405535984988,33.44594464015012,1
H,24,chronos2__model_config.context_length-512__pipeline_config.raw_inference.completed_at-2026-09-27T13_46_30.455490_00_00,0.7044898843360395,1,0.6814867381173317,31.851326188266825,1
H,24,chronos2__model_config.context_length-8192__pipeline_config.raw_inference.completed_at-2026-09-26T15_47_04.422482_00_00,0.6887220923168162,1,0.6662337992328787,33.37662007671213,1
H,24,chronos_bolt__model_config.context_length-1024__pipeline_config.raw_inference.completed_at-2026-09-27T13_20_01.926054_00_00,0.8282681461880218,1,0.8012233671234966,19.87766328765034,1
H,24,chronos_bolt__model_config.context_length-128__pipeline_config.raw_inference.completed_at-2026-09-27T13_27_11.434711_00_00,1.011671128824737,1,0.9786378384694989,2.136216153050108,1
H,24,chronos_bolt__model_config.context_length-2048__pipeline_config.raw_inference.completed_at-2026-09-26T15_47_15.799291_00_00,0.8281138920709751,1,0.8010741497430847,19.892585025691535,1
H,24,chronos_bolt__model_config.context_length-256__pipeline_config.raw_inference.completed_at-2026-09-27T13_26_18.384842_00_00,0.9295072195692622,1,0.8991567618004501,10.084323819954989,1
H,24,chronos_bolt__model_config.context_length-512__pipeline_config.raw_inference.completed_at-2026-09-27T13_23_20.154925_00_00,0.8553566664879464,1,0.8274273875786934,17.25726124213066,1
H,24,ts_icl__model_config.context_length-1024__pipeline_config.raw_inference.completed_at-2026-09-27T13_54_34.138467_00_00,0.7297687018470441,1,0.7059401465651677,29.40598534348323,1
H,24,ts_icl__model_config.context_length-2048__pipeline_config.raw_inference.completed_at-2026-09-27T13_57_17.900193_00_00,0.7327431007398849,1,0.7088174247836508,29.118257521634916,1
H,24,ts_icl__model_config.context_length-256__pipeline_config.raw_inference.completed_at-2026-09-27T15_04_32.137191_00_00,0.7702793797432829,1,0.7451280616115971,25.487193838840295,1
H,24,ts_icl__model_config.context_length-4096__pipeline_config.raw_inference.completed_at-2026-09-26T16_02_39.022288_00_00,0.7341019003197232,1,0.7101318565647288,28.986814343527122,1
H,24,ts_icl__model_config.context_length-512__pipeline_config.raw_inference.completed_at-2026-09-27T13_55_33.551552_00_00,0.7375643862519653,1,0.7134812847058648,28.65187152941352,1
H,24,chronos2__model_config.context_length-1024__pipeline_config.raw_inference.completed_at-2026-09-27T13_47_26.989557_00_00,0.9744065626990152,1,0.6819913123918344,31.80086876081656,1
H,24,chronos2__model_config.context_length-2048__pipeline_config.raw_inference.completed_at-2026-09-27T13_43_10.204461_00_00,0.9646194323762095,1,0.6751412581034975,32.485874189650254,1
H,24,chronos2__model_config.context_length-4096__pipeline_config.raw_inference.completed_at-2026-09-27T13_43_47.455517_00_00,0.9556715227997729,1,0.6688785779976755,33.112142200232455,1
H,24,chronos2__model_config.context_length-512__pipeline_config.raw_inference.completed_at-2026-09-27T13_48_50.370656_00_00,0.9945893599603899,1,0.6961173383433602,30.38826616566398,1
H,24,chronos2__model_config.context_length-8192__pipeline_config.raw_inference.completed_at-2026-09-26T15_50_36.390851_00_00,0.9582914513423078,1,0.6707122771675035,32.92877228324965,1
H,24,chronos_bolt__model_config.context_length-1024__pipeline_config.raw_inference.completed_at-2026-09-27T13_23_38.326092_00_00,0.9775172662434276,1,0.6841685070803015,31.583149291969846,1
H,24,chronos_bolt__model_config.context_length-128__pipeline_config.raw_inference.completed_at-2026-09-27T13_30_05.852652_00_00,1.1544724382681613,1,0.8080201872961997,19.197981270380026,1
H,24,chronos_bolt__model_config.context_length-2048__pipeline_config.raw_inference.completed_at-2026-09-26T15_51_43.958774_00_00,0.9865224365484573,1,0.6904712642144776,30.952873578552243,1
H,24,chronos_bolt__model_config.context_length-256__pipeline_config.raw_inference.completed_at-2026-09-27T13_29_16.732366_00_00,0.9952080225773015,1,0.6965503429496372,30.344965705036277,1
H,24,chronos_bolt__model_config.context_length-512__pipeline_config.raw_inference.completed_at-2026-09-27T14_59_16.391012_00_00,0.9712647188833294,1,0.679792322494584,32.0207677505416,1
H,24,ts_icl__model_config.context_length-1024__pipeline_config.raw_inference.completed_at-2026-09-27T13_57_13.422400_00_00,0.9612822693808168,1,0.6728055634786694,32.719443652133066,1
H,24,ts_icl__model_config.context_length-2048__pipeline_config.raw_inference.completed_at-2026-09-27T14_01_42.211237_00_00,0.9567930331417808,1,0.6696635278731037,33.03364721268963,1
H,24,ts_icl__model_config.context_length-256__pipeline_config.raw_inference.completed_at-2026-09-27T15_06_25.360014_00_00,1.037001294779962,1,0.7258016325547606,27.41983674452394,1
H,24,ts_icl__model_config.context_length-4096__pipeline_config.raw_inference.completed_at-2026-09-26T16_12_23.199767_00_00,0.9572336223044459,1,0.6699718981086645,33.00281018913355,1
H,24,ts_icl__model_config.context_length-512__pipeline_config.raw_inference.completed_at-2026-09-27T13_57_39.466380_00_00,0.9781336402458538,1,0.6845999098755317,31.540009012446834,1
H,24,seasonal_naive,1.1826760462097838,8,1.0,0.0,8
M,12,chronos2__model_config.context_length-1024__pipeline_config.raw_inference.completed_at-2026-09-27T13_51_01.590823_00_00,0.6043605475858413,1,0.6272780561526403,37.27219438473597,1
M,12,chronos2__model_config.context_length-2048__pipeline_config.raw_inference.completed_at-2026-09-27T13_46_58.186569_00_00,0.6043605475858413,1,0.6272780561526403,37.27219438473597,1
M,12,chronos2__model_config.context_length-4096__pipeline_config.raw_inference.completed_at-2026-09-27T13_47_57.169859_00_00,0.6043605475858413,1,0.6272780561526403,37.27219438473597,1
M,12,chronos2__model_config.context_length-512__pipeline_config.raw_inference.completed_at-2026-09-27T13_52_23.534985_00_00,0.6043605475858413,1,0.6272780561526403,37.27219438473597,1
M,12,chronos2__model_config.context_length-8192__pipeline_config.raw_inference.completed_at-2026-09-26T15_55_43.778346_00_00,0.6043605475858413,1,0.6272780561526403,37.27219438473597,1
M,12,chronos_bolt__model_config.context_length-1024__pipeline_config.raw_inference.completed_at-2026-09-27T13_28_02.992576_00_00,1.0324059356330573,1,1.0715550362300386,-7.155503623003856,1
M,12,chronos_bolt__model_config.context_length-128__pipeline_config.raw_inference.completed_at-2026-09-27T13_34_03.670148_00_00,1.0342956170942137,1,1.0735163749018575,-7.351637490185747,1
M,12,chronos_bolt__model_config.context_length-2048__pipeline_config.raw_inference.completed_at-2026-09-26T15_56_47.002109_00_00,1.0324059356330573,1,1.0715550362300386,-7.155503623003856,1
M,12,chronos_bolt__model_config.context_length-256__pipeline_config.raw_inference.completed_at-2026-09-27T13_33_17.506148_00_00,1.0224802807944144,1,1.0612529979879715,-6.125299798797146,1
M,12,chronos_bolt__model_config.context_length-512__pipeline_config.raw_inference.completed_at-2026-09-27T15_25_11.479394_00_00,1.0324059356330573,1,1.0715550362300386,-7.155503623003856,1
M,12,ts_icl__model_config.context_length-1024__pipeline_config.raw_inference.completed_at-2026-09-27T14_00_50.974396_00_00,0.8833127368059295,1,0.916808184670248,8.319181532975195,1
M,12,ts_icl__model_config.context_length-2048__pipeline_config.raw_inference.completed_at-2026-09-27T14_07_42.868359_00_00,0.8833127368059295,1,0.916808184670248,8.319181532975195,1
M,12,ts_icl__model_config.context_length-256__pipeline_config.raw_inference.completed_at-2026-09-27T15_09_07.151278_00_00,0.891370771740719,1,0.9251717823777686,7.482821762223136,1
M,12,ts_icl__model_config.context_length-4096__pipeline_config.raw_inference.completed_at-2026-09-26T16_24_17.804507_00_00,0.8833127368059295,1,0.916808184670248,8.319181532975195,1
M,12,ts_icl__model_config.context_length-512__pipeline_config.raw_inference.completed_at-2026-09-27T14_00_34.249036_00_00,0.8833127368059295,1,0.916808184670248,8.319181532975195,1
M,12,chronos2__model_config.context_length-1024__pipeline_config.raw_inference.completed_at-2026-09-27T13_51_20.311905_00_00,1.4666912228731408,1,0.7998762262222356,20.012377377776435,1
M,12,chronos2__model_config.context_length-2048__pipeline_config.raw_inference.completed_at-2026-09-27T13_47_17.085172_00_00,1.4590158630789132,1,0.7956903841503931,20.430961584960695,1
M,12,chronos2__model_config.context_length-4096__pipeline_config.raw_inference.completed_at-2026-09-27T13_48_15.910356_00_00,1.4590158630789132,1,0.7956903841503931,20.430961584960695,1
M,12,chronos2__model_config.context_length-512__pipeline_config.raw_inference.completed_at-2026-09-27T13_52_42.447102_00_00,1.4405135041341788,1,0.7855999187421853,21.440008125781475,1
M,12,chronos2__model_config.context_length-8192__pipeline_config.raw_inference.completed_at-2026-09-26T15_56_02.550081_00_00,1.4590158630789132,1,0.7956903841503931,20.430961584960695,1
M,12,chronos_bolt__model_config.context_length-1024__pipeline_config.raw_inference.completed_at-2026-09-27T13_28_22.236482_00_00,1.528388148439712,1,0.8335233246858306,16.647667531416943,1
M,12,chronos_bolt__model_config.context_length-128__pipeline_config.raw_inference.completed_at-2026-09-27T13_34_22.776403_00_00,1.4015883469254056,1,0.7643716551733415,23.56283448266585,1
M,12,chronos_bolt__model_config.context_length-2048__pipeline_config.raw_inference.completed_at-2026-09-26T15_57_05.887193_00_00,1.5321493333429275,1,0.8355745283335996,16.442547166640043,1
M,12,chronos_bolt__model_config.context_length-256__pipeline_config.raw_inference.completed_at-2026-09-27T13_33_36.663244_00_00,1.4569036434692026,1,0.7945384619025335,20.54615380974665,1
M,12,chronos_bolt__model_config.context_length-512__pipeline_config.raw_inference.completed_at-2026-09-27T15_25_30.900582_00_00,1.50006337348388,1,0.8180760964301907,18.192390356980926,1
M,12,ts_icl__model_config.context_length-1024__pipeline_config.raw_inference.completed_at-2026-09-27T14_01_02.010611_00_00,1.4390890540537984,1,0.7848230791886597,21.517692081134033,1
M,12,ts_icl__model_config.context_length-2048__pipeline_config.raw_inference.completed_at-2026-09-27T14_07_53.897731_00_00,1.426445685398948,1,0.7779278787206516,22.207212127934838,1
M,12,ts_icl__model_config.context_length-256__pipeline_config.raw_inference.completed_at-2026-09-27T15_09_17.636882_00_00,1.431615073114016,1,0.7807470612949554,21.925293870504458,1
M,12,ts_icl__model_config.context_length-4096__pipeline_config.raw_inference.completed_at-2026-09-26T16_24_28.930878_00_00,1.426445685398948,1,0.7779278787206516,22.207212127934838,1
M,12,ts_icl__model_config.context_length-512__pipeline_config.raw_inference.completed_at-2026-09-27T14_00_45.348824_00_00,1.4493782023764046,1,0.7904343796471196,20.95656203528804,1
M,12,chronos2__model_config.context_length-1024__pipeline_config.raw_inference.completed_at-2026-09-27T13_51_11.025913_00_00,0.9052348777989669,1,0.741941898777288,25.8058101222712,1
M,12,chronos2__model_config.context_length-2048__pipeline_config.raw_inference.completed_at-2026-09-27T13_47_07.682244_00_00,0.9052348777989669,1,0.741941898777288,25.8058101222712,1
M,12,chronos2__model_config.context_length-4096__pipeline_config.raw_inference.completed_at-2026-09-27T13_48_06.604102_00_00,0.9052348777989669,1,0.741941898777288,25.8058101222712,1
M,12,chronos2__model_config.context_length-512__pipeline_config.raw_inference.completed_at-2026-09-27T13_52_33.102716_00_00,0.9068815114786911,1,0.7432915004650795,25.67084995349205,1
M,12,chronos2__model_config.context_length-8192__pipeline_config.raw_inference.completed_at-2026-09-26T15_55_53.197161_00_00,0.9052348777989669,1,0.741941898777288,25.8058101222712,1
M,12,chronos_bolt__model_config.context_length-1024__pipeline_config.raw_inference.completed_at-2026-09-27T13_28_12.587418_00_00,0.9385643093449965,1,0.7692591203436454,23.07408796563546,1
M,12,chronos_bolt__model_config.context_length-128__pipeline_config.raw_inference.completed_at-2026-09-27T13_34_13.228058_00_00,0.9575798132833271,1,0.7848444666932203,21.51555333067797,1
M,12,chronos_bolt__model_config.context_length-2048__pipeline_config.raw_inference.completed_at-2026-09-26T15_56_56.468880_00_00,0.9385643093449965,1,0.7692591203436454,23.07408796563546,1
M,12,chronos_bolt__model_config.context_length-256__pipeline_config.raw_inference.completed_at-2026-09-27T13_33_27.121284_00_00,0.9366073184089541,1,0.76765514594254,23.234485405745996,1
M,12,chronos_bolt__model_config.context_length-512__pipeline_config.raw_inference.completed_at-2026-09-27T15_25_21.206352_00_00,0.9390335586915584,1,0.7696437230138768,23.035627698612316,1
M,12,ts_icl__model_config.context_length-1024__pipeline_config.raw_inference.completed_at-2026-09-27T14_00_57.148333_00_00,0.9422205607088643,1,0.7722558299776257,22.774417002237435,1
M,12,ts_icl__model_config.context_length-2048__pipeline_config.raw_inference.completed_at-2026-09-27T14_07_49.071146_00_00,0.9422205607088643,1,0.7722558299776257,22.774417002237435,1
M,12,ts_icl__model_config.context_length-256__pipeline_config.raw_inference.completed_at-2026-09-27T15_09_13.099191_00_00,0.932351425148374,1,0.7641669622631553,23.58330377368447,1
M,12,ts_icl__model_config.context_length-4096__pipeline_config.raw_inference.completed_at-2026-09-26T16_24_24.089912_00_00,0.9422205607088643,1,0.7722558299776257,22.774417002237435,1
M,12,ts_icl__model_config.context_length-512__pipeline_config.raw_inference.completed_at-2026-09-27T14_00_40.486377_00_00,0.942914959749519,1,0.7728249681707818,22.717503182921817,1
M,12,chronos2__model_config.context_length-1024__pipeline_config.raw_inference.completed_at-2026-09-27T13_50_24.509783_00_00,0.5298324093950973,1,0.7746001702407476,22.539982975925245,1
M,12,chronos2__model_config.context_length-2048__pipeline_config.raw_inference.completed_at-2026-09-27T13_46_20.809960_00_00,0.5298324093950973,1,0.7746001702407476,22.539982975925245,1
M,12,chronos2__model_config.context_length-4096__pipeline_config.raw_inference.completed_at-2026-09-27T13_47_20.049842_00_00,0.5298324093950973,1,0.7746001702407476,22.539982975925245,1
M,12,chronos2__model_config.context_length-512__pipeline_config.raw_inference.completed_at-2026-09-27T13_51_46.265357_00_00,0.5298324093950973,1,0.7746001702407476,22.539982975925245,1
M,12,chronos2__model_config.context_length-8192__pipeline_config.raw_inference.completed_at-2026-09-26T15_55_06.641830_00_00,0.5298324093950973,1,0.7746001702407476,22.539982975925245,1
M,12,chronos_bolt__model_config.context_length-1024__pipeline_config.raw_inference.completed_at-2026-09-27T13_27_24.525880_00_00,0.5280441169302251,1,0.7719857366516212,22.80142633483788,1
M,12,chronos_bolt__model_config.context_length-128__pipeline_config.raw_inference.completed_at-2026-09-27T13_33_25.752330_00_00,0.5280441169302251,1,0.7719857366516212,22.80142633483788,1
M,12,chronos_bolt__model_config.context_length-2048__pipeline_config.raw_inference.completed_at-2026-09-26T15_56_07.298844_00_00,0.5280441169302251,1,0.7719857366516212,22.80142633483788,1
M,12,chronos_bolt__model_config.context_length-256__pipeline_config.raw_inference.completed_at-2026-09-27T13_32_39.562964_00_00,0.5280441169302251,1,0.7719857366516212,22.80142633483788,1
M,12,chronos_bolt__model_config.context_length-512__pipeline_config.raw_inference.completed_at-2026-09-27T15_24_32.674987_00_00,0.5280441169302251,1,0.7719857366516212,22.80142633483788,1
M,12,ts_icl__model_config.context_length-1024__pipeline_config.raw_inference.completed_at-2026-09-27T14_00_32.181898_00_00,0.519415995523202,1,0.7593716643672015,24.062833563279852,1
M,12,ts_icl__model_config.context_length-2048__pipeline_config.raw_inference.completed_at-2026-09-27T14_07_24.107297_00_00,0.519415995523202,1,0.7593716643672015,24.062833563279852,1
M,12,ts_icl__model_config.context_length-256__pipeline_config.raw_inference.completed_at-2026-09-27T15_08_49.492855_00_00,0.519415995523202,1,0.7593716643672015,24.062833563279852,1
M,12,ts_icl__model_config.context_length-4096__pipeline_config.raw_inference.completed_at-2026-09-26T16_23_59.040212_00_00,0.519415995523202,1,0.7593716643672015,24.062833563279852,1
M,12,ts_icl__model_config.context_length-512__pipeline_config.raw_inference.completed_at-2026-09-27T14_00_15.333273_00_00,0.519415995523202,1,0.7593716643672015,24.062833563279852,1
M,12,chronos2__model_config.context_length-1024__pipeline_config.raw_inference.completed_at-2026-09-27T13_50_33.690574_00_00,0.9042078797292128,1,0.5364326507424232,46.35673492575768,1
M,12,chronos2__model_config.context_length-2048__pipeline_config.raw_inference.completed_at-2026-09-27T13_46_30.182853_00_00,0.9042078797292128,1,0.5364326507424232,46.35673492575768,1
M,12,chronos2__model_config.context_length-4096__pipeline_config.raw_inference.completed_at-2026-09-27T13_47_29.340639_00_00,0.9042078797292128,1,0.5364326507424232,46.35673492575768,1
M,12,chronos2__model_config.context_length-512__pipeline_config.raw_inference.completed_at-2026-09-27T13_51_55.530285_00_00,0.9042078797292128,1,0.5364326507424232,46.35673492575768,1
M,12,chronos2__model_config.context_length-8192__pipeline_config.raw_inference.completed_at-2026-09-26T15_55_15.950479_00_00,0.9042078797292128,1,0.5364326507424232,46.35673492575768,1
M,12,chronos_bolt__model_config.context_length-1024__pipeline_config.raw_inference.completed_at-2026-09-27T13_27_34.618795_00_00,1.0554441681567701,1,0.6261554732353394,37.38445267646606,1
M,12,chronos_bolt__model_config.context_length-128__pipeline_config.raw_inference.completed_at-2026-09-27T13_33_35.238137_00_00,1.2499440942933553,1,0.7415449907187525,25.845500928124753,1
M,12,chronos_bolt__model_config.context_length-2048__pipeline_config.raw_inference.completed_at-2026-09-26T15_56_16.748087_00_00,1.0554441681567701,1,0.6261554732353394,37.38445267646606,1
M,12,chronos_bolt__model_config.context_length-256__pipeline_config.raw_inference.completed_at-2026-09-27T13_32_48.994090_00_00,1.0670260346756115,1,0.633026560621912,36.6973439378088,1
M,12,chronos_bolt__model_config.context_length-512__pipeline_config.raw_inference.completed_at-2026-09-27T15_24_42.466032_00_00,1.0554441681567701,1,0.6261554732353394,37.38445267646606,1
M,12,ts_icl__model_config.context_length-1024__pipeline_config.raw_inference.completed_at-2026-09-27T14_00_36.834599_00_00,1.0651837489836085,1,0.6319336015586908,36.80663984413092,1
M,12,ts_icl__model_config.context_length-2048__pipeline_config.raw_inference.completed_at-2026-09-27T14_07_28.742062_00_00,1.0651837489836085,1,0.6319336015586908,36.80663984413092,1
M,12,ts_icl__model_config.context_length-256__pipeline_config.raw_inference.completed_at-2026-09-27T15_08_54.107868_00_00,1.0698589479579566,1,0.6347072219116885,36.529277808831154,1
M,12,ts_icl__model_config.context_length-4096__pipeline_config.raw_inference.completed_at-2026-09-26T16_24_03.718436_00_00,1.0651837489836085,1,0.6319336015586908,36.80663984413092,1
M,12,ts_icl__model_config.context_length-512__pipeline_config.raw_inference.completed_at-2026-09-27T14_00_19.956040_00_00,1.0651837489836085,1,0.6319336015586908,36.80663984413092,1
M,12,chronos2__model_config.context_length-1024__pipeline_config.raw_inference.completed_at-2026-09-27T13_50_42.804963_00_00,1.0014785119848475,1,0.564975767585351,43.5024232414649,1
M,12,chronos2__model_config.context_length-2048__pipeline_config.raw_inference.completed_at-2026-09-27T13_46_39.411836_00_00,1.0014785119848475,1,0.564975767585351,43.5024232414649,1
M,12,chronos2__model_config.context_length-4096__pipeline_config.raw_inference.completed_at-2026-09-27T13_47_38.611068_00_00,1.0014785119848475,1,0.564975767585351,43.5024232414649,1
M,12,chronos2__model_config.context_length-512__pipeline_config.raw_inference.completed_at-2026-09-27T13_52_04.781121_00_00,1.0014785119848475,1,0.564975767585351,43.5024232414649,1
M,12,chronos2__model_config.context_length-8192__pipeline_config.raw_inference.completed_at-2026-09-26T15_55_25.157102_00_00,1.0014785119848475,1,0.564975767585351,43.5024232414649,1
M,12,chronos_bolt__model_config.context_length-1024__pipeline_config.raw_inference.completed_at-2026-09-27T13_27_44.073341_00_00,0.946363574229049,1,0.5338831341525208,46.61168658474792,1
M,12,chronos_bolt__model_config.context_length-128__pipeline_config.raw_inference.completed_at-2026-09-27T13_33_44.752594_00_00,0.8954925737010817,1,0.5051846825859853,49.481531741401476,1
M,12,chronos_bolt__model_config.context_length-2048__pipeline_config.raw_inference.completed_at-2026-09-26T15_56_26.248635_00_00,0.946363574229049,1,0.5338831341525208,46.61168658474792,1
M,12,chronos_bolt__model_config.context_length-256__pipeline_config.raw_inference.completed_at-2026-09-27T13_32_58.497147_00_00,0.9219326220591433,1,0.5201006158160292,47.98993841839708,1
M,12,chronos_bolt__model_config.context_length-512__pipeline_config.raw_inference.completed_at-2026-09-27T15_24_52.260669_00_00,0.946363574229049,1,0.5338831341525208,46.61168658474792,1
M,12,ts_icl__model_config.context_length-1024__pipeline_config.raw_inference.completed_at-2026-09-27T14_00_41.946442_00_00,0.8894946186201814,1,0.5018009861459509,49.819901385404904,1
M,12,ts_icl__model_config.context_length-2048__pipeline_config.raw_inference.completed_at-2026-09-27T14_07_33.858559_00_00,0.8894946186201814,1,0.5018009861459509,49.819901385404904,1
M,12,ts_icl__model_config.context_length-256__pipeline_config.raw_inference.completed_at-2026-09-27T15_08_58.499194_00_00,0.861107107347078,1,0.48578640792043015,51.42135920795698,1
M,12,ts_icl__model_config.context_length-4096__pipeline_config.raw_inference.completed_at-2026-09-26T16_24_08.825830_00_00,0.8894946186201814,1,0.5018009861459509,49.819901385404904,1
M,12,ts_icl__model_config.context_length-512__pipeline_config.raw_inference.completed_at-2026-09-27T14_00_25.209588_00_00,0.8894946186201814,1,0.5018009861459509,49.819901385404904,1
M,12,chronos2__model_config.context_length-1024__pipeline_config.raw_inference.completed_at-2026-09-27T13_51_48.084754_00_00,0.8347676413435652,1,0.6419425789779618,35.80574210220382,1
M,12,chronos2__model_config.context_length-2048__pipeline_config.raw_inference.completed_at-2026-09-27T13_47_45.011989_00_00,0.8347676413435652,1,0.6419425789779618,35.80574210220382,1
M,12,chronos2__model_config.context_length-4096__pipeline_config.raw_inference.completed_at-2026-09-27T13_48_43.876067_00_00,0.8347676413435652,1,0.6419425789779618,35.80574210220382,1
M,12,chronos2__model_config.context_length-512__pipeline_config.raw_inference.completed_at-2026-09-27T13_53_10.257076_00_00,0.8280630096812075,1,0.6367866669285873,36.321333307141266,1
M,12,chronos2__model_config.context_length-8192__pipeline_config.raw_inference.completed_at-2026-09-26T15_56_30.337924_00_00,0.8347676413435652,1,0.6419425789779618,35.80574210220382,1
M,12,chronos_bolt__model_config.context_length-1024__pipeline_config.raw_inference.completed_at-2026-09-27T13_28_52.165445_00_00,0.772428342710334,1,0.5940031906328601,40.59968093671399,1
M,12,chronos_bolt__model_config.context_length-128__pipeline_config.raw_inference.completed_at-2026-09-27T13_34_51.851337_00_00,0.8186263775160688,1,0.6295298259959351,37.04701740040649,1
M,12,chronos_bolt__model_config.context_length-2048__pipeline_config.raw_inference.completed_at-2026-09-26T15_57_34.693765_00_00,0.772428342710334,1,0.5940031906328601,40.59968093671399,1
M,12,chronos_bolt__model_config.context_length-256__pipeline_config.raw_inference.completed_at-2026-09-27T13_34_05.572527_00_00,0.8455032945896184,1,0.6501983768676504,34.98016231323496,1
M,12,chronos_bolt__model_config.context_length-512__pipeline_config.raw_inference.completed_at-2026-09-27T15_26_00.047356_00_00,0.7712553567784853,1,0.5931011556510251,40.68988443489749,1
M,12,ts_icl__model_config.context_length-1024__pipeline_config.raw_inference.completed_at-2026-09-27T14_01_19.862438_00_00,0.7954957586106187,1,0.6117422065218235,38.825779347817644,1
M,12,ts_icl__model_config.context_length-2048__pipeline_config.raw_inference.completed_at-2026-09-27T14_08_11.948934_00_00,0.7954957586106187,1,0.6117422065218235,38.825779347817644,1
M,12,ts_icl__model_config.context_length-256__pipeline_config.raw_inference.completed_at-2026-09-27T15_09_34.170359_00_00,0.8098029747540526,1,0.622744563074994,37.725543692500594,1
M,12,ts_icl__model_config.context_length-4096__pipeline_config.raw_inference.completed_at-2026-09-26T16_24_46.721344_00_00,0.7954957586106187,1,0.6117422065218235,38.825779347817644,1
M,12,ts_icl__model_config.context_length-512__pipeline_config.raw_inference.completed_at-2026-09-27T14_01_02.973613_00_00,0.7947507840576177,1,0.6111693155014472,38.88306844985529,1
M,12,chronos2__model_config.context_length-1024__pipeline_config.raw_inference.completed_at-2026-09-27T13_50_52.185153_00_00,0.709383837497795,1,0.6377317787460499,36.22682212539501,1
M,12,chronos2__model_config.context_length-2048__pipeline_config.raw_inference.completed_at-2026-09-27T13_46_48.851903_00_00,0.709383837497795,1,0.6377317787460499,36.22682212539501,1
M,12,chronos2__model_config.context_length-4096__pipeline_config.raw_inference.completed_at-2026-09-27T13_47_47.870080_00_00,0.709383837497795,1,0.6377317787460499,36.22682212539501,1
M,12,chronos2__model_config.context_length-512__pipeline_config.raw_inference.completed_at-2026-09-27T13_52_14.047824_00_00,0.709383837497795,1,0.6377317787460499,36.22682212539501,1
M,12,chronos2__model_config.context_length-8192__pipeline_config.raw_inference.completed_at-2026-09-26T15_55_34.412670_00_00,0.709383837497795,1,0.6377317787460499,36.22682212539501,1
M,12,chronos_bolt__model_config.context_length-1024__pipeline_config.raw_inference.completed_at-2026-09-27T13_27_53.528895_00_00,0.8110847872803042,1,0.7291603173969096,27.083968260309042,1
M,12,chronos_bolt__model_config.context_length-128__pipeline_config.raw_inference.completed_at-2026-09-27T13_33_54.266043_00_00,0.7915282084083504,1,0.7115790712915706,28.84209287084294,1
M,12,chronos_bolt__model_config.context_length-2048__pipeline_config.raw_inference.completed_at-2026-09-26T15_56_36.189832_00_00,0.8110847872803042,1,0.7291603173969096,27.083968260309042,1
M,12,chronos_bolt__model_config.context_length-256__pipeline_config.raw_inference.completed_at-2026-09-27T13_33_08.091737_00_00,0.8049692998418753,1,0.7236625311832217,27.633746881677833,1
M,12,chronos_bolt__model_config.context_length-512__pipeline_config.raw_inference.completed_at-2026-09-27T15_25_01.958010_00_00,0.8110847872803042,1,0.7291603173969096,27.083968260309042,1
M,12,ts_icl__model_config.context_length-1024__pipeline_config.raw_inference.completed_at-2026-09-27T14_00_46.657036_00_00,0.7929232236339933,1,0.7128331815407766,28.71668184592234,1
M,12,ts_icl__model_config.context_length-2048__pipeline_config.raw_inference.completed_at-2026-09-27T14_07_38.540922_00_00,0.7929232236339933,1,0.7128331815407766,28.71668184592234,1
M,12,ts_icl__model_config.context_length-256__pipeline_config.raw_inference.completed_at-2026-09-27T15_09_02.844643_00_00,0.8017494321486598,1,0.7207678896044619,27.92321103955381,1
M,12,ts_icl__model_config.context_length-4096__pipeline_config.raw_inference.completed_at-2026-09-26T16_24_13.471230_00_00,0.7929232236339933,1,0.7128331815407766,28.71668184592234,1
M,12,ts_icl__model_config.context_length-512__pipeline_config.raw_inference.completed_at-2026-09-27T14_00_29.930066_00_00,0.7929232236339933,1,0.7128331815407766,28.71668184592234,1
M,12,seasonal_naive,1.3215174832751062,8,1.0,0.0,8
15T,288,chronos2__model_config.context_length-1024__pipeline_config.raw_inference.completed_at-2026-09-27T13_45_15.773834_00_00,1.18406127941538,1,0.7606203893109184,23.937961068908166,1
15T,288,chronos2__model_config.context_length-2048__pipeline_config.raw_inference.completed_at-2026-09-27T13_40_47.101961_00_00,1.1683829753776573,1,0.7505489192542372,24.945108074576282,1
15T,288,chronos2__model_config.context_length-4096__pipeline_config.raw_inference.completed_at-2026-09-27T13_41_04.346888_00_00,1.1714750504326958,1,0.7525352145355956,24.746478546440443,1
15T,288,chronos2__model_config.context_length-512__pipeline_config.raw_inference.completed_at-2026-09-27T13_46_43.024392_00_00,1.3299085530529935,1,0.8543101433656667,14.568985663433331,1
15T,288,chronos2__model_config.context_length-8192__pipeline_config.raw_inference.completed_at-2026-09-26T15_47_19.553828_00_00,1.1569175338572653,1,0.7431837188676761,25.681628113232392,1
15T,288,chronos_bolt__model_config.context_length-1024__pipeline_config.raw_inference.completed_at-2026-09-27T13_20_25.733151_00_00,1.2084599001512557,1,0.7762936392730606,22.37063607269394,1
15T,288,chronos_bolt__model_config.context_length-128__pipeline_config.raw_inference.completed_at-2026-09-27T13_27_27.803587_00_00,1.2887310852439788,1,0.8278584536260996,17.214154637390045,1
15T,288,chronos_bolt__model_config.context_length-2048__pipeline_config.raw_inference.completed_at-2026-09-26T15_47_49.520618_00_00,1.202757658522571,1,0.7726306183441974,22.736938165580256,1
15T,288,chronos_bolt__model_config.context_length-256__pipeline_config.raw_inference.completed_at-2026-09-27T13_26_35.461891_00_00,1.2466304498521468,1,0.8008137370741123,19.91862629258877,1
15T,288,chronos_bolt__model_config.context_length-512__pipeline_config.raw_inference.completed_at-2026-09-27T14_56_27.753742_00_00,1.2915069639041832,1,0.8296416298382691,17.035837016173094,1
15T,288,ts_icl__model_config.context_length-1024__pipeline_config.raw_inference.completed_at-2026-09-27T13_54_46.354726_00_00,1.1486793371018784,1,0.7378916444351804,26.21083555648196,1
15T,288,ts_icl__model_config.context_length-2048__pipeline_config.raw_inference.completed_at-2026-09-27T13_57_39.822988_00_00,1.2039284743621266,1,0.7733827300931213,22.661726990687868,1
15T,288,ts_icl__model_config.context_length-256__pipeline_config.raw_inference.completed_at-2026-09-27T15_04_41.997747_00_00,1.1954442978075486,1,0.7679326425122556,23.20673574877444,1
15T,288,ts_icl__model_config.context_length-4096__pipeline_config.raw_inference.completed_at-2026-09-26T16_03_12.456172_00_00,1.1912087384583099,1,0.7652117927917428,23.478820720825723,1
15T,288,ts_icl__model_config.context_length-512__pipeline_config.raw_inference.completed_at-2026-09-27T13_55_44.073349_00_00,1.247779242307837,1,0.8015517013839629,19.844829861603706,1
15T,288,chronos2__model_config.context_length-1024__pipeline_config.raw_inference.completed_at-2026-09-27T13_46_09.885766_00_00,1.388250340537347,1,0.8711931713371117,12.88068286628883,1
15T,288,chronos2__model_config.context_length-2048__pipeline_config.raw_inference.completed_at-2026-09-27T13_41_47.558191_00_00,1.381332515045637,1,0.8668519065429344,13.314809345706557,1
15T,288,chronos2__model_config.context_length-4096__pipeline_config.raw_inference.completed_at-2026-09-27T13_42_16.762188_00_00,1.379729042656724,1,0.8658456512913723,13.415434870862775,1
15T,288,chronos2__model_config.context_length-512__pipeline_config.raw_inference.completed_at-2026-09-27T13_47_35.130598_00_00,1.3553050909661635,1,0.8505184589914245,14.948154100857547,1
15T,288,chronos2__model_config.context_length-8192__pipeline_config.raw_inference.completed_at-2026-09-26T15_48_54.664121_00_00,1.3875581107601154,1,0.8707587642007973,12.924123579920266,1
15T,288,chronos_bolt__model_config.context_length-1024__pipeline_config.raw_inference.completed_at-2026-09-27T13_22_06.944958_00_00,1.411785706836631,1,0.8859627340061312,11.403726599386877,1
15T,288,chronos_bolt__model_config.context_length-128__pipeline_config.raw_inference.completed_at-2026-09-27T13_28_41.601674_00_00,1.410453523894815,1,0.885126725796378,11.487327420362202,1
15T,288,chronos_bolt__model_config.context_length-2048__pipeline_config.raw_inference.completed_at-2026-09-26T15_50_00.788347_00_00,1.3758704254220318,1,0.8634241853010478,13.65758146989522,1
15T,288,chronos_bolt__model_config.context_length-256__pipeline_config.raw_inference.completed_at-2026-09-27T13_27_52.156580_00_00,1.3969701001772288,1,0.8766652355838424,12.333476441615765,1
15T,288,chronos_bolt__model_config.context_length-512__pipeline_config.raw_inference.completed_at-2026-09-27T14_57_50.955503_00_00,1.4138227400623862,1,0.8872410693209115,11.275893067908848,1
15T,288,ts_icl__model_config.context_length-1024__pipeline_config.raw_inference.completed_at-2026-09-27T13_55_58.144793_00_00,1.3830914054411358,1,0.8679556939917428,13.204430600825724,1
15T,288,ts_icl__model_config.context_length-2048__pipeline_config.raw_inference.completed_at-2026-09-27T13_59_41.562519_00_00,1.394550021143209,1,0.8751465207908619,12.485347920913814,1
15T,288,ts_icl__model_config.context_length-256__pipeline_config.raw_inference.completed_at-2026-09-27T15_05_30.111826_00_00,1.4196690040784943,1,0.8909098782813298,10.909012171867015,1
15T,288,ts_icl__model_config.context_length-4096__pipeline_config.raw_inference.completed_at-2026-09-26T16_07_54.679891_00_00,1.3953221482634197,1,0.8756310673131206,12.436893268687943,1
15T,288,ts_icl__model_config.context_length-512__pipeline_config.raw_inference.completed_at-2026-09-27T13_56_37.629842_00_00,1.3979918075979252,1,0.8773064056250257,12.269359437497428,1
15T,288,chronos2__model_config.context_length-1024__pipeline_config.raw_inference.completed_at-2026-09-27T13_43_35.385718_00_00,1.3460121349779366,1,0.8458942939930089,15.410570600699113,1
15T,288,chronos2__model_config.context_length-2048__pipeline_config.raw_inference.completed_at-2026-09-27T13_38_42.054964_00_00,1.3025300242113493,1,0.8185681886538241,18.143181134617592,1
15T,288,chronos2__model_config.context_length-4096__pipeline_config.raw_inference.completed_at-2026-09-27T13_38_21.129768_00_00,1.3194861103619278,1,0.8292241524081652,17.077584759183484,1
15T,288,chronos2__model_config.context_length-512__pipeline_config.raw_inference.completed_at-2026-09-27T13_45_14.766566_00_00,1.4102368956898794,1,0.8862560093204783,11.374399067952169,1
15T,288,chronos2__model_config.context_length-8192__pipeline_config.raw_inference.completed_at-2026-09-26T15_43_43.625983_00_00,1.3438600557963685,1,0.8445418310748797,15.545816892512033,1
15T,288,chronos_bolt__model_config.context_length-1024__pipeline_config.raw_inference.completed_at-2026-09-27T13_17_25.306945_00_00,1.474023924545438,1,0.9263426343497311,7.365736565026893,1
15T,288,chronos_bolt__model_config.context_length-128__pipeline_config.raw_inference.completed_at-2026-09-27T13_25_09.995101_00_00,1.719240614297949,1,1.0804477818912894,-8.044778189128943,1
15T,288,chronos_bolt__model_config.context_length-2048__pipeline_config.raw_inference.completed_at-2026-09-26T15_43_42.647011_00_00,1.4995828558644622,1,0.9424050112046589,5.759498879534108,1
15T,288,chronos_bolt__model_config.context_length-256__pipeline_config.raw_inference.completed_at-2026-09-27T13_24_12.310612_00_00,1.5842109346727122,1,0.9955890851927162,0.4410914807283839,1
15T,288,chronos_bolt__model_config.context_length-512__pipeline_config.raw_inference.completed_at-2026-09-27T13_21_04.429940_00_00,1.4808325742158883,1,0.9306214946633683,6.93785053366317,1
15T,288,ts_icl__model_config.context_length-1024__pipeline_config.raw_inference.completed_at-2026-09-27T13_51_27.128434_00_00,1.5839591622161742,1,0.9954308601077888,0.45691398922111937,1
15T,288,ts_icl__model_config.context_length-2048__pipeline_config.raw_inference.completed_at-2026-09-27T13_50_36.294455_00_00,1.502460205320633,1,0.9442132664376912,5.578673356230879,1
15T,288,ts_icl__model_config.context_length-256__pipeline_config.raw_inference.completed_at-2026-09-27T15_02_48.191339_00_00,1.6354882702032378,1,1.027814058808684,-2.781405880868393,1
15T,288,ts_icl__model_config.context_length-4096__pipeline_config.raw_inference.completed_at-2026-09-26T15_45_01.873570_00_00,1.4834560814452424,1,0.9322702240751551,6.7729775924844855,1
15T,288,ts_icl__model_config.context_length-512__pipeline_config.raw_inference.completed_at-2026-09-27T13_53_28.596611_00_00,1.5574327991626387,1,0.9787605058336496,2.1239494166350403,1
15T,288,chronos2__model_config.context_length-1024__pipeline_config.raw_inference.completed_at-2026-09-27T13_44_19.492273_00_00,0.88145937997613,1,0.7810212258854887,21.897877411451127,1
15T,288,chronos2__model_config.context_length-2048__pipeline_config.raw_inference.completed_at-2026-09-27T13_39_34.274106_00_00,0.8470913544657007,1,0.7505692753757034,24.94307246242966,1
15T,288,chronos2__model_config.context_length-4096__pipeline_config.raw_inference.completed_at-2026-09-27T13_39_27.120786_00_00,0.8295304619383379,1,0.7350093640276211,26.499063597237893,1
15T,288,chronos2__model_config.context_length-512__pipeline_config.raw_inference.completed_at-2026-09-27T13_45_54.934560_00_00,0.9294026353704483,1,0.8235015726282117,17.649842737178833,1
15T,288,chronos2__model_config.context_length-8192__pipeline_config.raw_inference.completed_at-2026-09-26T15_45_16.522128_00_00,0.8331182837324931,1,0.7381883703886466,26.18116296113534,1
15T,288,chronos_bolt__model_config.context_length-1024__pipeline_config.raw_inference.completed_at-2026-09-27T13_18_42.459879_00_00,0.9676930654294315,1,0.8574289881208682,14.257101187913179,1
15T,288,chronos_bolt__model_config.context_length-128__pipeline_config.raw_inference.completed_at-2026-09-27T13_26_08.773849_00_00,1.0262812117336733,1,0.9093412904780528,9.065870952194722,1
15T,288,chronos_bolt__model_config.context_length-2048__pipeline_config.raw_inference.completed_at-2026-09-26T15_45_25.976054_00_00,0.9309764178821907,1,0.8248960300184449,17.510396998155507,1
15T,288,chronos_bolt__model_config.context_length-256__pipeline_config.raw_inference.completed_at-2026-09-27T13_25_13.566521_00_00,1.0347766381440398,1,0.9168687029716655,8.313129702833455,1
15T,288,chronos_bolt__model_config.context_length-512__pipeline_config.raw_inference.completed_at-2026-09-27T13_22_13.285627_00_00,0.998578986786805,1,0.884795603882325,11.520439611767497,1
15T,288,ts_icl__model_config.context_length-1024__pipeline_config.raw_inference.completed_at-2026-09-27T13_52_40.354982_00_00,0.9127967313754908,1,0.8087878333570615,19.12121666429385,1
15T,288,ts_icl__model_config.context_length-2048__pipeline_config.raw_inference.completed_at-2026-09-27T13_52_57.122306_00_00,0.8577556102201068,1,0.7600183893016204,23.998161069837963,1
15T,288,ts_icl__model_config.context_length-256__pipeline_config.raw_inference.completed_at-2026-09-27T15_03_32.515774_00_00,1.007685302505933,1,0.8928642977187287,10.713570228127134,1
15T,288,ts_icl__model_config.context_length-4096__pipeline_config.raw_inference.completed_at-2026-09-26T15_50_56.336626_00_00,0.8639502699452303,1,0.7655071966617399,23.449280333826007,1
15T,288,ts_icl__model_config.context_length-512__pipeline_config.raw_inference.completed_at-2026-09-27T13_54_21.049096_00_00,0.9634606295615398,1,0.8536788184305621,14.632118156943786,1
15T,288,seasonal_naive,1.467509362967983,4,1.0,0.0,4
15T,96,chronos2__model_config.context_length-1024__pipeline_config.raw_inference.completed_at-2026-09-27T13_45_15.490597_00_00,1.1057325988813402,1,0.8054465431474277,19.45534568525723,1
15T,96,chronos2__model_config.context_length-2048__pipeline_config.raw_inference.completed_at-2026-09-27T13_40_46.817859_00_00,1.0656346997165929,1,0.7762381121918837,22.376188780811635,1
15T,96,chronos2__model_config.context_length-4096__pipeline_config.raw_inference.completed_at-2026-09-27T13_41_04.051064_00_00,1.0622188003737625,1,0.7737498755963399,22.62501244036601,1
15T,96,chronos2__model_config.context_length-512__pipeline_config.raw_inference.completed_at-2026-09-27T13_46_42.736396_00_00,1.2292813896681343,1,0.8954429369861762,10.455706301382383,1
15T,96,chronos2__model_config.context_length-8192__pipeline_config.raw_inference.completed_at-2026-09-26T15_47_19.240511_00_00,1.065225535608098,1,0.775940065614347,22.405993438565297,1
15T,96,chronos_bolt__model_config.context_length-1024__pipeline_config.raw_inference.completed_at-2026-09-27T13_20_25.456689_00_00,1.055099126891076,1,0.7685637063536408,23.14362936463592,1
15T,96,chronos_bolt__model_config.context_length-128__pipeline_config.raw_inference.completed_at-2026-09-27T13_27_27.647454_00_00,1.2572274911856498,1,0.9157996587510063,8.420034124899367,1
15T,96,chronos_bolt__model_config.context_length-2048__pipeline_config.raw_inference.completed_at-2026-09-26T15_47_49.077237_00_00,1.063731294575291,1,0.7748516186645863,22.51483813354137,1
15T,96,chronos_bolt__model_config.context_length-256__pipeline_config.raw_inference.completed_at-2026-09-27T13_26_35.281254_00_00,1.2320662705280483,1,0.8974715220744376,10.252847792556242,1
15T,96,chronos_bolt__model_config.context_length-512__pipeline_config.raw_inference.completed_at-2026-09-27T14_56_27.556609_00_00,1.0988934601508522,1,0.8004647232624481,19.95352767375519,1
15T,96,ts_icl__model_config.context_length-1024__pipeline_config.raw_inference.completed_at-2026-09-27T13_54_45.877226_00_00,1.0621231109344644,1,0.7736801727331193,22.631982726688072,1
15T,96,ts_icl__model_config.context_length-2048__pipeline_config.raw_inference.completed_at-2026-09-27T13_57_39.298387_00_00,1.0677116887011409,1,0.7777510490442944,22.224895095570563,1
15T,96,ts_icl__model_config.context_length-256__pipeline_config.raw_inference.completed_at-2026-09-27T15_04_41.553733_00_00,1.0830629388750412,1,0.7889333289174468,21.106667108255316,1
15T,96,ts_icl__model_config.context_length-4096__pipeline_config.raw_inference.completed_at-2026-09-26T16_03_11.786602_00_00,1.0817674350374027,1,0.7879896476976693,21.201035230233067,1
15T,96,ts_icl__model_config.context_length-512__pipeline_config.raw_inference.completed_at-2026-09-27T13_55_43.622371_00_00,1.100826326063215,1,0.8018726768391583,19.81273231608417,1
15T,96,chronos2__model_config.context_length-1024__pipeline_config.raw_inference.completed_at-2026-09-27T13_46_09.418572_00_00,1.2552668769226487,1,0.8646958731003519,13.53041268996481,1
15T,96,chronos2__model_config.context_length-2048__pipeline_config.raw_inference.completed_at-2026-09-27T13_41_47.047080_00_00,1.2469487141591924,1,0.858965871659566,14.103412834043406,1
15T,96,chronos2__model_config.context_length-4096__pipeline_config.raw_inference.completed_at-2026-09-27T13_42_16.167332_00_00,1.2465876689898292,1,0.8587171641745756,14.128283582542444,1
15T,96,chronos2__model_config.context_length-512__pipeline_config.raw_inference.completed_at-2026-09-27T13_47_34.681057_00_00,1.2557547768710555,1,0.8650319650339713,13.496803496602872,1
15T,96,chronos2__model_config.context_length-8192__pipeline_config.raw_inference.completed_at-2026-09-26T15_48_53.914141_00_00,1.249904498327334,1,0.8610019760282506,13.899802397174943,1
15T,96,chronos_bolt__model_config.context_length-1024__pipeline_config.raw_inference.completed_at-2026-09-27T13_22_05.173605_00_00,1.2703406737486362,1,0.8750795215077238,12.492047849227617,1
15T,96,chronos_bolt__model_config.context_length-128__pipeline_config.raw_inference.completed_at-2026-09-27T13_28_40.787306_00_00,1.2978348943375144,1,0.8940190311167061,10.598096888329389,1
15T,96,chronos_bolt__model_config.context_length-2048__pipeline_config.raw_inference.completed_at-2026-09-26T15_49_57.796501_00_00,1.2546875781987985,1,0.8642968207354607,13.570317926453935,1
15T,96,chronos_bolt__model_config.context_length-256__pipeline_config.raw_inference.completed_at-2026-09-27T13_27_51.235936_00_00,1.2820608457480365,1,0.8831530113338496,11.68469886661504,1
15T,96,chronos_bolt__model_config.context_length-512__pipeline_config.raw_inference.completed_at-2026-09-27T14_57_49.772450_00_00,1.2825241599776216,1,0.8834721672915476,11.652783270845235,1
15T,96,ts_icl__model_config.context_length-1024__pipeline_config.raw_inference.completed_at-2026-09-27T13_55_57.151731_00_00,1.262827881141465,1,0.8699043026898692,13.009569731013082,1
15T,96,ts_icl__model_config.context_length-2048__pipeline_config.raw_inference.completed_at-2026-09-27T13_59_40.209119_00_00,1.2662783258181924,1,0.8722811560325159,12.771884396748412,1
15T,96,ts_icl__model_config.context_length-256__pipeline_config.raw_inference.completed_at-2026-09-27T15_05_29.311605_00_00,1.278742669836208,1,0.8808672718867824,11.913272811321763,1
15T,96,ts_icl__model_config.context_length-4096__pipeline_config.raw_inference.completed_at-2026-09-26T16_07_52.159828_00_00,1.2690630394887432,1,0.874199417768693,12.580058223130697,1
15T,96,ts_icl__model_config.context_length-512__pipeline_config.raw_inference.completed_at-2026-09-27T13_56_36.779541_00_00,1.271247710634439,1,0.8757043376853213,12.42956623146787,1
15T,96,chronos2__model_config.context_length-1024__pipeline_config.raw_inference.completed_at-2026-09-27T13_47_50.780077_00_00,0.6788102390292021,1,0.7453322830964674,25.466771690353262,1
15T,96,chronos2__model_config.context_length-2048__pipeline_config.raw_inference.completed_at-2026-09-27T13_43_35.842788_00_00,0.6421823464082713,1,0.7051149303482037,29.488506965179628,1
15T,96,chronos2__model_config.context_length-4096__pipeline_config.raw_inference.completed_at-2026-09-27T13_44_17.029087_00_00,0.6444613752108457,1,0.7076172994095405,29.238270059045945,1
15T,96,chronos2__model_config.context_length-512__pipeline_config.raw_inference.completed_at-2026-09-27T13_49_13.481300_00_00,0.7102014431260106,1,0.7797997623320229,22.020023766797713,1
15T,96,chronos2__model_config.context_length-8192__pipeline_config.raw_inference.completed_at-2026-09-26T15_51_14.853419_00_00,0.6517499017231616,1,0.7156200869243586,28.437991307564136,1
15T,96,chronos_bolt__model_config.context_length-1024__pipeline_config.raw_inference.completed_at-2026-09-27T13_24_10.113206_00_00,0.7013381874763969,1,0.7700679253779399,22.993207462206012,1
15T,96,chronos_bolt__model_config.context_length-128__pipeline_config.raw_inference.completed_at-2026-09-27T13_30_34.420436_00_00,0.9941196862358392,1,1.0915414247035637,-9.154142470356375,1
15T,96,chronos_bolt__model_config.context_length-2048__pipeline_config.raw_inference.completed_at-2026-09-26T15_52_22.640518_00_00,0.6761916492113271,1,0.7424570767203215,25.754292327967853,1
15T,96,chronos_bolt__model_config.context_length-256__pipeline_config.raw_inference.completed_at-2026-09-27T13_29_45.355991_00_00,0.8234332677794279,1,0.9041280790480584,9.587192095194164,1
15T,96,chronos_bolt__model_config.context_length-512__pipeline_config.raw_inference.completed_at-2026-09-27T14_59_45.696351_00_00,0.7609317975014325,1,0.8355015898457051,16.449841015429488,1
15T,96,ts_icl__model_config.context_length-1024__pipeline_config.raw_inference.completed_at-2026-09-27T13_57_39.300487_00_00,0.657958896469152,1,0.7224375507215773,27.756244927842268,1
15T,96,ts_icl__model_config.context_length-2048__pipeline_config.raw_inference.completed_at-2026-09-27T14_02_23.342021_00_00,0.6512765643033479,1,0.7151003633852894,28.489963661471062,1
15T,96,ts_icl__model_config.context_length-256__pipeline_config.raw_inference.completed_at-2026-09-27T15_06_43.848407_00_00,0.8831141222260322,1,0.9696575377159938,3.0342462284006166,1
15T,96,ts_icl__model_config.context_length-4096__pipeline_config.raw_inference.completed_at-2026-09-26T16_13_53.280812_00_00,0.6499942144093132,1,0.7136923457696206,28.63076542303794,1
15T,96,ts_icl__model_config.context_length-512__pipeline_config.raw_inference.completed_at-2026-09-27T13_57_59.894629_00_00,0.7579582798084404,1,0.8322366733734446,16.776332662655534,1
15T,96,chronos2__model_config.context_length-1024__pipeline_config.raw_inference.completed_at-2026-09-27T13_48_36.254958_00_00,0.6079762272694573,1,0.7774868223017248,22.251317769827516,1
15T,96,chronos2__model_config.context_length-2048__pipeline_config.raw_inference.completed_at-2026-09-27T13_44_30.940079_00_00,0.5306412828467878,1,0.6785900275008758,32.14099724991242,1
15T,96,chronos2__model_config.context_length-4096__pipeline_config.raw_inference.completed_at-2026-09-27T13_45_28.076495_00_00,0.5322049453243708,1,0.6805896566250417,31.941034337495832,1
15T,96,chronos2__model_config.context_length-512__pipeline_config.raw_inference.completed_at-2026-09-27T13_49_58.975851_00_00,0.7677903047260584,1,0.9818588580289456,1.814114197105443,1
15T,96,chronos2__model_config.context_length-8192__pipeline_config.raw_inference.completed_at-2026-09-26T15_53_10.748185_00_00,0.5358107102757379,1,0.685200749309695,31.4799250690305,1
15T,96,chronos_bolt__model_config.context_length-1024__pipeline_config.raw_inference.completed_at-2026-09-27T13_25_31.015994_00_00,0.6465001044920291,1,0.8267515888190583,17.32484111809417,1
15T,96,chronos_bolt__model_config.context_length-128__pipeline_config.raw_inference.completed_at-2026-09-27T13_31_33.975450_00_00,0.804329285916578,1,1.0285853172254642,-2.85853172254642,1
15T,96,chronos_bolt__model_config.context_length-2048__pipeline_config.raw_inference.completed_at-2026-09-26T15_54_12.688321_00_00,0.5966518526730152,1,0.7630050849826767,23.69949150173233,1
15T,96,chronos_bolt__model_config.context_length-256__pipeline_config.raw_inference.completed_at-2026-09-27T13_30_47.257910_00_00,0.8153399340262332,1,1.0426658575924879,-4.266585759248787,1
15T,96,chronos_bolt__model_config.context_length-512__pipeline_config.raw_inference.completed_at-2026-09-27T15_00_51.935213_00_00,0.8015276624541519,1,1.0250025697011564,-2.500256970115644,1
15T,96,ts_icl__model_config.context_length-1024__pipeline_config.raw_inference.completed_at-2026-09-27T13_59_12.963892_00_00,0.5836858637814463,1,0.7464240328803919,25.357596711960806,1
15T,96,ts_icl__model_config.context_length-2048__pipeline_config.raw_inference.completed_at-2026-09-27T14_05_23.130322_00_00,0.5247672397982651,1,0.671078235330365,32.8921764669635,1
15T,96,ts_icl__model_config.context_length-256__pipeline_config.raw_inference.completed_at-2026-09-27T15_07_39.241887_00_00,1.0591061365661096,1,1.3543968130090867,-35.43968130090867,1
15T,96,ts_icl__model_config.context_length-4096__pipeline_config.raw_inference.completed_at-2026-09-26T16_21_30.587111_00_00,0.5187531956915099,1,0.6633874082354576,33.66125917645424,1
15T,96,ts_icl__model_config.context_length-512__pipeline_config.raw_inference.completed_at-2026-09-27T13_59_02.329278_00_00,0.7905759249298702,1,1.0109973648518185,-1.0997364851818459,1
15T,96,chronos2__model_config.context_length-1024__pipeline_config.raw_inference.completed_at-2026-09-27T13_48_23.040459_00_00,0.5971690674265364,1,0.630427814192407,36.957218580759296,1
15T,96,chronos2__model_config.context_length-2048__pipeline_config.raw_inference.completed_at-2026-09-27T13_44_16.609509_00_00,0.5328764763677057,1,0.5625545101971844,43.744548980281564,1
15T,96,chronos2__model_config.context_length-4096__pipeline_config.raw_inference.completed_at-2026-09-27T13_45_14.322792_00_00,0.5252616935066274,1,0.5545156294571836,44.54843705428164,1
15T,96,chronos2__model_config.context_length-512__pipeline_config.raw_inference.completed_at-2026-09-27T13_49_45.860843_00_00,0.7423938431116032,1,0.783740741628961,21.6259258371039,1
15T,96,chronos2__model_config.context_length-8192__pipeline_config.raw_inference.completed_at-2026-09-26T15_52_55.794388_00_00,0.5286342047799814,1,0.558075969445258,44.1924030554742,1
15T,96,chronos_bolt__model_config.context_length-1024__pipeline_config.raw_inference.completed_at-2026-09-27T13_24_57.734832_00_00,0.6438826462426821,1,0.6797430600625228,32.025693993747716,1
15T,96,chronos_bolt__model_config.context_length-128__pipeline_config.raw_inference.completed_at-2026-09-27T13_31_12.920262_00_00,1.0036389884921735,1,1.059535679703029,-5.953567970302909,1
15T,96,chronos_bolt__model_config.context_length-2048__pipeline_config.raw_inference.completed_at-2026-09-26T15_53_27.734483_00_00,0.6110573661681822,1,0.6450896081401051,35.49103918598949,1
15T,96,chronos_bolt__model_config.context_length-256__pipeline_config.raw_inference.completed_at-2026-09-27T13_30_24.633206_00_00,0.839893804982021,1,0.8866708684533418,11.332913154665825,1
15T,96,chronos_bolt__model_config.context_length-512__pipeline_config.raw_inference.completed_at-2026-09-27T15_00_26.271912_00_00,0.7250370495669488,1,0.7654172784547881,23.458272154521186,1
15T,96,ts_icl__model_config.context_length-1024__pipeline_config.raw_inference.completed_at-2026-09-27T13_59_02.357975_00_00,0.6882166730239624,1,0.7265462270760396,27.345377292396044,1
15T,96,ts_icl__model_config.context_length-2048__pipeline_config.raw_inference.completed_at-2026-09-27T14_05_07.267812_00_00,0.6461145230298208,1,0.6820992390430017,31.790076095699828,1
15T,96,ts_icl__model_config.context_length-256__pipeline_config.raw_inference.completed_at-2026-09-27T15_07_30.070493_00_00,1.2303539266756591,1,1.2988772844846002,-29.887728448460017,1
15T,96,ts_icl__model_config.context_length-4096__pipeline_config.raw_inference.completed_at-2026-09-26T16_21_01.989257_00_00,0.6267502229170061,1,0.661656463187085,33.834353681291496,1
15T,96,ts_icl__model_config.context_length-512__pipeline_config.raw_inference.completed_at-2026-09-27T13_58_53.144818_00_00,0.9646051387907304,1,1.0183278779445715,-1.832787794457147,1
15T,96,chronos2__model_config.context_length-1024__pipeline_config.raw_inference.completed_at-2026-09-27T13_43_34.604930_00_00,0.8517935855387496,1,0.7820181307733151,21.798186922668496,1
15T,96,chronos2__model_config.context_length-2048__pipeline_config.raw_inference.completed_at-2026-09-27T13_38_41.163694_00_00,0.8285298020584818,1,0.760660021507386,23.933997849261402,1
15T,96,chronos2__model_config.context_length-4096__pipeline_config.raw_inference.completed_at-2026-09-27T13_38_20.026125_00_00,0.8383405522136559,1,0.7696671150428235,23.033288495717652,1
15T,96,chronos2__model_config.context_length-512__pipeline_config.raw_inference.completed_at-2026-09-27T13_45_14.035513_00_00,0.8764682693344769,1,0.80467156515807,19.532843484192995,1
15T,96,chronos2__model_config.context_length-8192__pipeline_config.raw_inference.completed_at-2026-09-26T15_43_42.011428_00_00,0.8597502615495578,1,0.7893230283527041,21.067697164729594,1
15T,96,chronos_bolt__model_config.context_length-1024__pipeline_config.raw_inference.completed_at-2026-09-27T13_17_20.475623_00_00,0.9809941466721519,1,0.9006351091443154,9.936489085568457,1
15T,96,chronos_bolt__model_config.context_length-128__pipeline_config.raw_inference.completed_at-2026-09-27T13_25_07.870234_00_00,1.2411912323891754,1,1.1395179113391602,-13.951791133916025,1
15T,96,chronos_bolt__model_config.context_length-2048__pipeline_config.raw_inference.completed_at-2026-09-26T15_43_34.471466_00_00,0.936617812198225,1,0.859893902911913,14.010609708808698,1
15T,96,chronos_bolt__model_config.context_length-256__pipeline_config.raw_inference.completed_at-2026-09-27T13_24_09.885497_00_00,1.0910531962540637,1,1.001678570482777,-0.16785704827770864,1
15T,96,chronos_bolt__model_config.context_length-512__pipeline_config.raw_inference.completed_at-2026-09-27T13_21_01.217015_00_00,1.0102645021232894,1,0.9275077565152057,7.249224348479433,1
15T,96,ts_icl__model_config.context_length-1024__pipeline_config.raw_inference.completed_at-2026-09-27T13_51_25.279524_00_00,1.0026597834543869,1,0.9205259853684429,7.947401463155712,1
15T,96,ts_icl__model_config.context_length-2048__pipeline_config.raw_inference.completed_at-2026-09-27T13_50_33.418558_00_00,0.97908867838581,1,0.8988857290446867,10.111427095531333,1
15T,96,ts_icl__model_config.context_length-256__pipeline_config.raw_inference.completed_at-2026-09-27T15_02_46.844440_00_00,1.1584939890785102,1,1.063594888752639,-6.359488875263897,1
15T,96,ts_icl__model_config.context_length-4096__pipeline_config.raw_inference.completed_at-2026-09-26T15_44_55.697653_00_00,1.0024962693142256,1,0.9203758656394206,7.962413436057936,1
15T,96,ts_icl__model_config.context_length-512__pipeline_config.raw_inference.completed_at-2026-09-27T13_53_27.133888_00_00,1.0415551812249164,1,0.956235230867111,4.376476913288895,1
15T,96,chronos2__model_config.context_length-1024__pipeline_config.raw_inference.completed_at-2026-09-27T13_44_18.884702_00_00,0.7509097829489032,1,0.7566245021734495,24.337549782655053,1
15T,96,chronos2__model_config.context_length-2048__pipeline_config.raw_inference.completed_at-2026-09-27T13_39_33.590994_00_00,0.7274269247032482,1,0.732962930126868,26.703706987313204,1
15T,96,chronos2__model_config.context_length-4096__pipeline_config.raw_inference.completed_at-2026-09-27T13_39_26.275870_00_00,0.7229376429722548,1,0.7284394831936158,27.156051680638416,1
15T,96,chronos2__model_config.context_length-512__pipeline_config.raw_inference.completed_at-2026-09-27T13_45_54.367957_00_00,0.7811720001986248,1,0.7871170268164444,21.288297318355564,1
15T,96,chronos2__model_config.context_length-8192__pipeline_config.raw_inference.completed_at-2026-09-26T15_45_15.327163_00_00,0.7241171493827121,1,0.7296279661124532,27.037203388754683,1
15T,96,chronos_bolt__model_config.context_length-1024__pipeline_config.raw_inference.completed_at-2026-09-27T13_18_39.009957_00_00,0.8156104009029224,1,0.821817517315064,17.818248268493598,1
15T,96,chronos_bolt__model_config.context_length-128__pipeline_config.raw_inference.completed_at-2026-09-27T13_26_07.252261_00_00,0.8648734151278276,1,0.871455442482459,12.854455751754102,1
15T,96,chronos_bolt__model_config.context_length-2048__pipeline_config.raw_inference.completed_at-2026-09-26T15_45_20.089987_00_00,0.7820132300395952,1,0.7879646587478571,21.203534125214286,1
15T,96,chronos_bolt__model_config.context_length-256__pipeline_config.raw_inference.completed_at-2026-09-27T13_25_11.838564_00_00,0.8487838304487934,1,0.8552434097264812,14.475659027351885,1
15T,96,chronos_bolt__model_config.context_length-512__pipeline_config.raw_inference.completed_at-2026-09-27T13_22_10.987546_00_00,0.8343737195556625,1,0.8407236322134464,15.927636778655362,1
15T,96,ts_icl__model_config.context_length-1024__pipeline_config.raw_inference.completed_at-2026-09-27T13_52_38.922769_00_00,0.7727366186486406,1,0.7786174486902473,22.13825513097527,1
15T,96,ts_icl__model_config.context_length-2048__pipeline_config.raw_inference.completed_at-2026-09-27T13_52_54.957751_00_00,0.7559540178183866,1,0.7617071256571664,23.829287434283366,1
15T,96,ts_icl__model_config.context_length-256__pipeline_config.raw_inference.completed_at-2026-09-27T15_03_31.450034_00_00,0.845178920002259,1,0.8516110644915084,14.838893550849164,1
15T,96,ts_icl__model_config.context_length-4096__pipeline_config.raw_inference.completed_at-2026-09-26T15_50_51.004427_00_00,0.7574821876670954,1,0.7632469254803556,23.675307451964443,1
15T,96,ts_icl__model_config.context_length-512__pipeline_config.raw_inference.completed_at-2026-09-27T13_54_19.900358_00_00,0.8057579546074379,1,0.8118900900224849,18.81099099775151,1
15T,96,seasonal_naive,1.0780208794184403,7,1.0,0.0,7
15T,12,chronos2__model_config.context_length-1024__pipeline_config.raw_inference.completed_at-2026-09-27T13_45_15.128052_00_00,0.6636488241827478,1,0.4848759075734686,51.51240924265315,1
15T,12,chronos2__model_config.context_length-2048__pipeline_config.raw_inference.completed_at-2026-09-27T13_40_46.441836_00_00,0.6542958599498647,1,0.47804243351961784,52.19575664803821,1
15T,12,chronos2__model_config.context_length-4096__pipeline_config.raw_inference.completed_at-2026-09-27T13_41_03.640422_00_00,0.6520608852237937,1,0.4764095135788013,52.359048642119866,1
15T,12,chronos2__model_config.context_length-512__pipeline_config.raw_inference.completed_at-2026-09-27T13_46_42.371110_00_00,0.6688527864448341,1,0.48867803278315985,51.13219672168401,1
15T,12,chronos2__model_config.context_length-8192__pipeline_config.raw_inference.completed_at-2026-09-26T15_47_18.765098_00_00,0.6512083950143714,1,0.47578666614966564,52.42133338503343,1
15T,12,chronos_bolt__model_config.context_length-1024__pipeline_config.raw_inference.completed_at-2026-09-27T13_20_25.150362_00_00,0.6616094200085765,1,0.48338587562610824,51.661412437389174,1
15T,12,chronos_bolt__model_config.context_length-128__pipeline_config.raw_inference.completed_at-2026-09-27T13_27_27.432478_00_00,0.6992033544107813,1,0.5108528015036217,48.914719849637834,1
15T,12,chronos_bolt__model_config.context_length-2048__pipeline_config.raw_inference.completed_at-2026-09-26T15_47_48.643530_00_00,0.656110489198097,1,0.47936824013839624,52.063175986160374,1
15T,12,chronos_bolt__model_config.context_length-256__pipeline_config.raw_inference.completed_at-2026-09-27T13_26_35.054325_00_00,0.6811880074607212,1,0.49769040689918864,50.23095931008113,1
15T,12,chronos_bolt__model_config.context_length-512__pipeline_config.raw_inference.completed_at-2026-09-27T14_56_27.256289_00_00,0.6679538061532213,1,0.4880212187138767,51.19787812861233,1
15T,12,ts_icl__model_config.context_length-1024__pipeline_config.raw_inference.completed_at-2026-09-27T13_54_45.180960_00_00,0.669490353475855,1,0.48914385277942946,51.08561472205706,1
15T,12,ts_icl__model_config.context_length-2048__pipeline_config.raw_inference.completed_at-2026-09-27T13_57_38.447851_00_00,0.6576299244602875,1,0.480478371769626,51.952162823037405,1
15T,12,ts_icl__model_config.context_length-256__pipeline_config.raw_inference.completed_at-2026-09-27T15_04_40.928567_00_00,0.6827197320559023,1,0.49880951737776996,50.119048262223,1
15T,12,ts_icl__model_config.context_length-4096__pipeline_config.raw_inference.completed_at-2026-09-26T16_03_10.504315_00_00,0.6590360706082912,1,0.4815057319710606,51.84942680289394,1
15T,12,ts_icl__model_config.context_length-512__pipeline_config.raw_inference.completed_at-2026-09-27T13_55_42.974367_00_00,0.6619057833914844,1,0.4836024049998112,51.639759500018876,1
15T,12,chronos2__model_config.context_length-1024__pipeline_config.raw_inference.completed_at-2026-09-27T13_46_08.375055_00_00,1.127956378901236,1,0.7789883820943628,22.101161790563715,1
15T,12,chronos2__model_config.context_length-2048__pipeline_config.raw_inference.completed_at-2026-09-27T13_41_45.866128_00_00,1.1272692016005204,1,0.7785138042261851,22.14861957738149,1
15T,12,chronos2__model_config.context_length-4096__pipeline_config.raw_inference.completed_at-2026-09-27T13_42_14.706612_00_00,1.1287743300095334,1,0.7795532748707179,22.04467251292821,1
15T,12,chronos2__model_config.context_length-512__pipeline_config.raw_inference.completed_at-2026-09-27T13_47_33.679473_00_00,1.1294515583247713,1,0.7800209817780627,21.997901822193732,1
15T,12,chronos2__model_config.context_length-8192__pipeline_config.raw_inference.completed_at-2026-09-26T15_48_51.967815_00_00,1.1305421467327808,1,0.7807741631203355,21.922583687966444,1
15T,12,chronos_bolt__model_config.context_length-1024__pipeline_config.raw_inference.completed_at-2026-09-27T13_22_03.001275_00_00,1.1379204497320063,1,0.7858697611624935,21.413023883750647,1
15T,12,chronos_bolt__model_config.context_length-128__pipeline_config.raw_inference.completed_at-2026-09-27T13_28_39.443351_00_00,1.1449270432919922,1,0.7907086495125936,20.929135048740644,1
15T,12,chronos_bolt__model_config.context_length-2048__pipeline_config.raw_inference.completed_at-2026-09-26T15_49_54.637419_00_00,1.1376097055054408,1,0.7856551552195463,21.43448447804537,1
15T,12,chronos_bolt__model_config.context_length-256__pipeline_config.raw_inference.completed_at-2026-09-27T13_27_49.827815_00_00,1.139768465329903,1,0.7871460362983219,21.28539637016781,1
15T,12,chronos_bolt__model_config.context_length-512__pipeline_config.raw_inference.completed_at-2026-09-27T14_57_48.237098_00_00,1.1368961420738575,1,0.7851623545816065,21.483764541839346,1
15T,12,ts_icl__model_config.context_length-1024__pipeline_config.raw_inference.completed_at-2026-09-27T13_55_55.062641_00_00,1.141019555083094,1,0.7880100629583267,21.198993704167336,1
15T,12,ts_icl__model_config.context_length-2048__pipeline_config.raw_inference.completed_at-2026-09-27T13_59_37.036908_00_00,1.1405260685323357,1,0.7876692516495286,21.233074835047137,1
15T,12,ts_icl__model_config.context_length-256__pipeline_config.raw_inference.completed_at-2026-09-27T15_05_27.737695_00_00,1.1465372817468171,1,0.791820711177542,20.817928882245795,1
15T,12,ts_icl__model_config.context_length-4096__pipeline_config.raw_inference.completed_at-2026-09-26T16_07_45.465539_00_00,1.142890894709768,1,0.7893024461172853,21.06975538827147,1
15T,12,ts_icl__model_config.context_length-512__pipeline_config.raw_inference.completed_at-2026-09-27T13_56_35.061882_00_00,1.1421979912786098,1,0.788823913673228,21.117608632677197,1
15T,12,chronos2__model_config.context_length-1024__pipeline_config.raw_inference.completed_at-2026-09-27T13_44_17.169488_00_00,0.5103311283667865,1,0.514772850791618,48.5227149208382,1
15T,12,chronos2__model_config.context_length-2048__pipeline_config.raw_inference.completed_at-2026-09-27T13_39_31.626949_00_00,0.5010639083542826,1,0.5054249725228226,49.45750274771774,1
15T,12,chronos2__model_config.context_length-4096__pipeline_config.raw_inference.completed_at-2026-09-27T13_39_23.824966_00_00,0.4993983749594209,1,0.5037449429770932,49.62550570229068,1
15T,12,chronos2__model_config.context_length-512__pipeline_config.raw_inference.completed_at-2026-09-27T13_45_52.773773_00_00,0.5203800803843558,1,0.5249092649549226,47.50907350450774,1
15T,12,chronos2__model_config.context_length-8192__pipeline_config.raw_inference.completed_at-2026-09-26T15_45_12.225547_00_00,0.5007411130559184,1,0.5050993677405062,49.49006322594938,1
15T,12,chronos_bolt__model_config.context_length-1024__pipeline_config.raw_inference.completed_at-2026-09-27T13_18_35.241380_00_00,0.5375037623208784,1,0.5421819847177219,45.7818015282278,1
15T,12,chronos_bolt__model_config.context_length-128__pipeline_config.raw_inference.completed_at-2026-09-27T13_26_04.830348_00_00,0.5686535807716795,1,0.5736029189979359,42.639708100206406,1
15T,12,chronos_bolt__model_config.context_length-2048__pipeline_config.raw_inference.completed_at-2026-09-26T15_45_14.194522_00_00,0.5264439061535141,1,0.5310258678905166,46.897413210948336,1
15T,12,chronos_bolt__model_config.context_length-256__pipeline_config.raw_inference.completed_at-2026-09-27T13_25_09.260410_00_00,0.5433380272147861,1,0.5480670287700451,45.19329712299549,1
15T,12,chronos_bolt__model_config.context_length-512__pipeline_config.raw_inference.completed_at-2026-09-27T13_22_08.152048_00_00,0.539949960567622,1,0.5446494737166933,45.535052628330675,1
15T,12,ts_icl__model_config.context_length-1024__pipeline_config.raw_inference.completed_at-2026-09-27T13_52_35.379909_00_00,0.5239723131218501,1,0.5285327630803552,47.146723691964475,1
15T,12,ts_icl__model_config.context_length-2048__pipeline_config.raw_inference.completed_at-2026-09-27T13_52_49.263825_00_00,0.5195816002062952,1,0.5241038351178748,47.58961648821251,1
15T,12,ts_icl__model_config.context_length-256__pipeline_config.raw_inference.completed_at-2026-09-27T15_03_28.987392_00_00,0.5408306067737723,1,0.5455377847227838,45.44622152772162,1
15T,12,ts_icl__model_config.context_length-4096__pipeline_config.raw_inference.completed_at-2026-09-26T15_50_36.202883_00_00,0.5193276915541719,1,0.5238477165442099,47.615228345579006,1
15T,12,ts_icl__model_config.context_length-512__pipeline_config.raw_inference.completed_at-2026-09-27T13_54_17.128426_00_00,0.5307258755872055,1,0.5353451059104237,46.46548940895763,1
15T,12,seasonal_naive,1.2693485486355234,3,1.0,0.0,3
30T,144,chronos2__model_config.context_length-1024__pipeline_config.raw_inference.completed_at-2026-09-27T13_45_26.123183_00_00,1.7847860949434295,1,0.8026356198456867,19.736438015431336,1
30T,144,chronos2__model_config.context_length-2048__pipeline_config.raw_inference.completed_at-2026-09-27T13_40_57.491231_00_00,1.7375017863284548,1,0.7813714075898432,21.862859241015677,1
30T,144,chronos2__model_config.context_length-4096__pipeline_config.raw_inference.completed_at-2026-09-27T13_41_14.995410_00_00,1.778744072981183,1,0.7999184639598758,20.008153604012424,1
30T,144,chronos2__model_config.context_length-512__pipeline_config.raw_inference.completed_at-2026-09-27T13_46_53.252847_00_00,1.874402638495716,1,0.8429370487879585,15.70629512120415,1
30T,144,chronos2__model_config.context_length-8192__pipeline_config.raw_inference.completed_at-2026-09-26T15_47_30.955919_00_00,1.7964635512898783,1,0.807887085239443,19.211291476055703,1
30T,144,chronos_bolt__model_config.context_length-1024__pipeline_config.raw_inference.completed_at-2026-09-27T13_20_35.915976_00_00,1.9233021168278595,1,0.8649276185332336,13.507238146676636,1
30T,144,chronos_bolt__model_config.context_length-128__pipeline_config.raw_inference.completed_at-2026-09-27T13_27_37.940341_00_00,1.8890977794498383,1,0.849545596222213,15.045440377778696,1
30T,144,chronos_bolt__model_config.context_length-2048__pipeline_config.raw_inference.completed_at-2026-09-26T15_47_59.975928_00_00,1.9159433983126628,1,0.8616183314352175,13.838166856478251,1
30T,144,chronos_bolt__model_config.context_length-256__pipeline_config.raw_inference.completed_at-2026-09-27T13_26_45.550212_00_00,1.9911838500050565,1,0.8954546924157797,10.454530758422031,1
30T,144,chronos_bolt__model_config.context_length-512__pipeline_config.raw_inference.completed_at-2026-09-27T14_56_37.884357_00_00,1.8898821768877876,1,0.8498983473589445,15.010165264105545,1
30T,144,ts_icl__model_config.context_length-1024__pipeline_config.raw_inference.completed_at-2026-09-27T13_54_52.953474_00_00,1.8310666029222034,1,0.8234484132182694,17.655158678173056,1
30T,144,ts_icl__model_config.context_length-2048__pipeline_config.raw_inference.completed_at-2026-09-27T13_57_47.820628_00_00,1.8487260408426747,1,0.8313900337528428,16.860996624715717,1
30T,144,ts_icl__model_config.context_length-256__pipeline_config.raw_inference.completed_at-2026-09-27T15_04_47.953893_00_00,1.8899119505192565,1,0.8499117368498291,15.008826315017087,1
30T,144,ts_icl__model_config.context_length-4096__pipeline_config.raw_inference.completed_at-2026-09-26T16_03_25.220219_00_00,1.8194283328811713,1,0.8182145702861777,18.178542971382228,1
30T,144,ts_icl__model_config.context_length-512__pipeline_config.raw_inference.completed_at-2026-09-27T13_55_50.130592_00_00,1.8790482421253736,1,0.8450262218039359,15.497377819606406,1
30T,144,seasonal_naive,2.2236567264315648,1,1.0,0.0,1
30T,48,chronos2__model_config.context_length-1024__pipeline_config.raw_inference.completed_at-2026-09-27T13_45_25.812428_00_00,1.5359080075707365,1,0.8112157645584641,18.878423544153588,1
30T,48,chronos2__model_config.context_length-2048__pipeline_config.raw_inference.completed_at-2026-09-27T13_40_57.172855_00_00,1.5044037938965074,1,0.794576281818235,20.5423718181765,1
30T,48,chronos2__model_config.context_length-4096__pipeline_config.raw_inference.completed_at-2026-09-27T13_41_14.657867_00_00,1.5131584461368148,1,0.7992001993156098,20.079980068439017,1
30T,48,chronos2__model_config.context_length-512__pipeline_config.raw_inference.completed_at-2026-09-27T13_46_52.941171_00_00,1.6019931468531172,1,0.8461197474302639,15.388025256973615,1
30T,48,chronos2__model_config.context_length-8192__pipeline_config.raw_inference.completed_at-2026-09-26T15_47_30.579448_00_00,1.5182478312316134,1,0.801888244042546,19.8111755957454,1
30T,48,chronos_bolt__model_config.context_length-1024__pipeline_config.raw_inference.completed_at-2026-09-27T13_20_35.604927_00_00,1.5654055976476244,1,0.8267954151422917,17.32045848577083,1
30T,48,chronos_bolt__model_config.context_length-128__pipeline_config.raw_inference.completed_at-2026-09-27T13_27_37.737795_00_00,1.66572492214595,1,0.8797807613490696,12.021923865093044,1
30T,48,chronos_bolt__model_config.context_length-2048__pipeline_config.raw_inference.completed_at-2026-09-26T15_47_59.487268_00_00,1.5695327782076256,1,0.8289752552869808,17.10247447130192,1
30T,48,chronos_bolt__model_config.context_length-256__pipeline_config.raw_inference.completed_at-2026-09-27T13_26_45.334974_00_00,1.600187255318829,1,0.845165935304488,15.483406469551198,1
30T,48,chronos_bolt__model_config.context_length-512__pipeline_config.raw_inference.completed_at-2026-09-27T14_56_37.638757_00_00,1.5799987579965304,1,0.8345030393433569,16.54969606566431,1
30T,48,ts_icl__model_config.context_length-1024__pipeline_config.raw_inference.completed_at-2026-09-27T13_54_52.417008_00_00,1.5465740882587617,1,0.816849235285571,18.315076471442904,1
30T,48,ts_icl__model_config.context_length-2048__pipeline_config.raw_inference.completed_at-2026-09-27T13_57_47.214465_00_00,1.5508080647665818,1,0.8190854815145012,18.091451848549877,1
30T,48,ts_icl__model_config.context_length-256__pipeline_config.raw_inference.completed_at-2026-09-27T15_04_47.479573_00_00,1.5921904148108423,1,0.8409422688773568,15.90577311226432,1
30T,48,ts_icl__model_config.context_length-4096__pipeline_config.raw_inference.completed_at-2026-09-26T16_03_24.322351_00_00,1.5527782568287,1,0.8201260717400357,17.98739282599643,1
30T,48,ts_icl__model_config.context_length-512__pipeline_config.raw_inference.completed_at-2026-09-27T13_55_49.637164_00_00,1.5590866116328235,1,0.8234579359143928,17.654206408560725,1
30T,48,seasonal_naive,1.893340926882399,1,1.0,0.0,1
30T,12,chronos2__model_config.context_length-1024__pipeline_config.raw_inference.completed_at-2026-09-27T13_45_25.411560_00_00,1.3596391936680357,1,0.709695932628438,29.0304067371562,1
30T,12,chronos2__model_config.context_length-2048__pipeline_config.raw_inference.completed_at-2026-09-27T13_40_56.746644_00_00,1.345439279615339,1,0.7022839506160007,29.771604938399932,1
30T,12,chronos2__model_config.context_length-4096__pipeline_config.raw_inference.completed_at-2026-09-27T13_41_14.170307_00_00,1.3550671271483778,1,0.7073094340427698,29.26905659572302,1
30T,12,chronos2__model_config.context_length-512__pipeline_config.raw_inference.completed_at-2026-09-27T13_46_52.536311_00_00,1.4046331873744626,1,0.7331816150615947,26.681838493840527,1
30T,12,chronos2__model_config.context_length-8192__pipeline_config.raw_inference.completed_at-2026-09-26T15_47_29.958670_00_00,1.369510162917805,1,0.7148483192029693,28.515168079703066,1
30T,12,chronos_bolt__model_config.context_length-1024__pipeline_config.raw_inference.completed_at-2026-09-27T13_20_35.416136_00_00,1.4093454758470156,1,0.7356413058221416,26.435869417785838,1
30T,12,chronos_bolt__model_config.context_length-128__pipeline_config.raw_inference.completed_at-2026-09-27T13_27_37.550532_00_00,1.4497156636957058,1,0.7567134830946781,24.328651690532187,1
30T,12,chronos_bolt__model_config.context_length-2048__pipeline_config.raw_inference.completed_at-2026-09-26T15_47_59.276103_00_00,1.4040590147394727,1,0.732881912033338,26.711808796666205,1
30T,12,chronos_bolt__model_config.context_length-256__pipeline_config.raw_inference.completed_at-2026-09-27T13_26_45.150388_00_00,1.4129224110236014,1,0.7375083719952269,26.24916280047731,1
30T,12,chronos_bolt__model_config.context_length-512__pipeline_config.raw_inference.completed_at-2026-09-27T14_56_37.456114_00_00,1.439198207030807,1,0.7512236470768316,24.877635292316835,1
30T,12,ts_icl__model_config.context_length-1024__pipeline_config.raw_inference.completed_at-2026-09-27T13_54_51.585653_00_00,1.3679543333087865,1,0.7140362170287119,28.596378297128812,1
30T,12,ts_icl__model_config.context_length-2048__pipeline_config.raw_inference.completed_at-2026-09-27T13_57_46.135871_00_00,1.3764932344426322,1,0.7184932990487277,28.15067009512723,1
30T,12,ts_icl__model_config.context_length-256__pipeline_config.raw_inference.completed_at-2026-09-27T15_04_46.791886_00_00,1.3835640176665336,1,0.7221840620966525,27.781593790334746,1
30T,12,ts_icl__model_config.context_length-4096__pipeline_config.raw_inference.completed_at-2026-09-26T16_03_22.385156_00_00,1.386630846888305,1,0.723784866365089,27.6215133634911,1
30T,12,ts_icl__model_config.context_length-512__pipeline_config.raw_inference.completed_at-2026-09-27T13_55_48.904030_00_00,1.3746091525517012,1,0.7175098578086108,28.249014219138925,1
30T,12,seasonal_naive,1.9158052500490743,1,1.0,0.0,1
H,336,chronos2__model_config.context_length-1024__pipeline_config.raw_inference.completed_at-2026-09-27T13_45_36.087411_00_00,2.3926316201312336,1,0.947853959670577,5.2146040329423045,1
H,336,chronos2__model_config.context_length-2048__pipeline_config.raw_inference.completed_at-2026-09-27T13_41_07.554909_00_00,2.174828509030533,1,0.8615700789643417,13.842992103565832,1
H,336,chronos2__model_config.context_length-4096__pipeline_config.raw_inference.completed_at-2026-09-27T13_41_25.143554_00_00,2.137182347597084,1,0.8466563484590435,15.334365154095654,1
H,336,chronos2__model_config.context_length-512__pipeline_config.raw_inference.completed_at-2026-09-27T13_47_03.205295_00_00,2.682734452927134,1,1.0627797662442455,-6.277976624424553,1
H,336,chronos2__model_config.context_length-8192__pipeline_config.raw_inference.completed_at-2026-09-26T15_47_41.256424_00_00,2.139118123635133,1,0.8474232166084327,15.257678339156733,1
H,336,chronos_bolt__model_config.context_length-1024__pipeline_config.raw_inference.completed_at-2026-09-27T13_20_46.544194_00_00,2.206187057473418,1,0.8739929375694954,12.600706243050464,1
H,336,chronos_bolt__model_config.context_length-128__pipeline_config.raw_inference.completed_at-2026-09-27T13_27_47.880125_00_00,2.339849298089435,1,0.9269439572585958,7.30560427414042,1
H,336,chronos_bolt__model_config.context_length-2048__pipeline_config.raw_inference.completed_at-2026-09-26T15_48_10.275697_00_00,2.1537965293959545,1,0.853238146455963,14.676185354403703,1
H,336,chronos_bolt__model_config.context_length-256__pipeline_config.raw_inference.completed_at-2026-09-27T13_26_55.474709_00_00,2.307774189834354,1,0.914237229607486,8.576277039251401,1
H,336,chronos_bolt__model_config.context_length-512__pipeline_config.raw_inference.completed_at-2026-09-27T14_56_47.850447_00_00,2.294229093273524,1,0.908871266330365,9.112873366963504,1
H,336,ts_icl__model_config.context_length-1024__pipeline_config.raw_inference.completed_at-2026-09-27T13_54_58.742423_00_00,2.0390948466545784,1,0.8077984543393268,19.220154566067315,1
H,336,ts_icl__model_config.context_length-2048__pipeline_config.raw_inference.completed_at-2026-09-27T13_57_54.800392_00_00,2.0378160224371427,1,0.8072918412075684,19.270815879243163,1
H,336,ts_icl__model_config.context_length-256__pipeline_config.raw_inference.completed_at-2026-09-27T15_04_53.500573_00_00,2.1876217989606745,1,0.8666382099776873,13.336179002231274,1
H,336,ts_icl__model_config.context_length-4096__pipeline_config.raw_inference.completed_at-2026-09-26T16_03_34.042014_00_00,2.0108007570754864,1,0.7965895976907863,20.34104023092137,1
H,336,ts_icl__model_config.context_length-512__pipeline_config.raw_inference.completed_at-2026-09-27T13_55_55.709375_00_00,2.228456404390375,1,0.8828150598205412,11.71849401794588,1
H,336,chronos2__model_config.context_length-1024__pipeline_config.raw_inference.completed_at-2026-09-27T13_46_32.519657_00_00,2.6130404721331715,1,0.9872397478313605,1.2760252168639519,1
H,336,chronos2__model_config.context_length-2048__pipeline_config.raw_inference.completed_at-2026-09-27T13_42_11.784661_00_00,2.5021981357355503,1,0.9453621108788436,5.463788912115641,1
H,336,chronos2__model_config.context_length-4096__pipeline_config.raw_inference.completed_at-2026-09-27T13_42_44.592872_00_00,2.298948845709404,1,0.8685719578091864,13.142804219081361,1
H,336,chronos2__model_config.context_length-512__pipeline_config.raw_inference.completed_at-2026-09-27T13_47_57.027356_00_00,2.5408693565217795,1,0.9599725873197849,4.002741268021515,1
H,336,chronos2__model_config.context_length-8192__pipeline_config.raw_inference.completed_at-2026-09-26T15_49_25.733402_00_00,2.2993970749811012,1,0.8687413044985622,13.125869550143776,1
H,336,chronos_bolt__model_config.context_length-1024__pipeline_config.raw_inference.completed_at-2026-09-27T13_22_37.894252_00_00,2.471691589549686,1,0.9338363517928574,6.61636482071426,1
H,336,chronos_bolt__model_config.context_length-128__pipeline_config.raw_inference.completed_at-2026-09-27T13_29_07.265917_00_00,2.5290184593436007,1,0.9554951684406928,4.450483155930717,1
H,336,chronos_bolt__model_config.context_length-2048__pipeline_config.raw_inference.completed_at-2026-09-26T15_50_39.241563_00_00,2.403046401752879,1,0.9079013314159889,9.209866858401107,1
H,336,chronos_bolt__model_config.context_length-256__pipeline_config.raw_inference.completed_at-2026-09-27T13_28_18.209402_00_00,2.636078053815906,1,0.9959436376385246,0.40563623614754407,1
H,336,chronos_bolt__model_config.context_length-512__pipeline_config.raw_inference.completed_at-2026-09-27T14_58_18.181024_00_00,2.6015062656491175,1,0.9828819787029488,1.71180212970512,1
H,336,ts_icl__model_config.context_length-1024__pipeline_config.raw_inference.completed_at-2026-09-27T13_56_20.473628_00_00,2.370899834862908,1,0.8957559517601618,10.424404823983824,1
H,336,ts_icl__model_config.context_length-2048__pipeline_config.raw_inference.completed_at-2026-09-27T14_00_18.316064_00_00,2.3712932015385526,1,0.8959045706666847,10.409542933331528,1
H,336,ts_icl__model_config.context_length-256__pipeline_config.raw_inference.completed_at-2026-09-27T15_05_46.551422_00_00,2.489669210682699,1,0.9406285244909997,5.937147550900034,1
H,336,ts_icl__model_config.context_length-4096__pipeline_config.raw_inference.completed_at-2026-09-26T16_09_22.797780_00_00,2.333693521642404,1,0.8816989359300323,11.830106406996766,1
H,336,ts_icl__model_config.context_length-512__pipeline_config.raw_inference.completed_at-2026-09-27T13_56_55.880122_00_00,2.422087786587836,1,0.915095407498353,8.490459250164694,1
H,336,chronos2__model_config.context_length-1024__pipeline_config.raw_inference.completed_at-2026-09-27T13_53_24.124790_00_00,0.7114217844519983,1,0.7098343678302172,29.016563216978277,1
H,336,chronos2__model_config.context_length-2048__pipeline_config.raw_inference.completed_at-2026-09-27T13_49_31.926309_00_00,0.7110117882880749,1,0.7094252865029487,29.057471349705132,1
H,336,chronos2__model_config.context_length-4096__pipeline_config.raw_inference.completed_at-2026-09-27T13_50_46.847502_00_00,0.7110117882880749,1,0.7094252865029487,29.057471349705132,1
H,336,chronos2__model_config.context_length-512__pipeline_config.raw_inference.completed_at-2026-09-27T13_54_41.384943_00_00,0.712443265290074,1,0.7108535694076678,28.914643059233224,1
H,336,chronos2__model_config.context_length-8192__pipeline_config.raw_inference.completed_at-2026-09-26T15_59_05.721714_00_00,0.7110117882880749,1,0.7094252865029487,29.057471349705132,1
H,336,chronos_bolt__model_config.context_length-1024__pipeline_config.raw_inference.completed_at-2026-09-27T13_35_09.406385_00_00,0.7135322639243675,1,0.711940138126866,28.805986187313405,1
H,336,chronos_bolt__model_config.context_length-128__pipeline_config.raw_inference.completed_at-2026-09-27T13_38_08.448004_00_00,0.7307200499249907,1,0.7290895725085407,27.091042749145934,1
H,336,chronos_bolt__model_config.context_length-2048__pipeline_config.raw_inference.completed_at-2026-09-26T16_07_36.052058_00_00,0.7137246917722527,1,0.7121321366047616,28.78678633952384,1
H,336,chronos_bolt__model_config.context_length-256__pipeline_config.raw_inference.completed_at-2026-09-27T13_37_42.479971_00_00,0.7175655155245673,1,0.7159643902126147,28.40356097873853,1
H,336,chronos_bolt__model_config.context_length-512__pipeline_config.raw_inference.completed_at-2026-09-27T15_30_28.579526_00_00,0.7145098235386237,1,0.7129155164832321,28.708448351676786,1
H,336,ts_icl__model_config.context_length-1024__pipeline_config.raw_inference.completed_at-2026-09-27T14_03_38.719449_00_00,0.7123442244773626,1,0.7107547495876723,28.924525041232773,1
H,336,ts_icl__model_config.context_length-2048__pipeline_config.raw_inference.completed_at-2026-09-27T14_12_27.606459_00_00,0.7116831869990798,1,0.710095187102008,28.9904812897992,1
H,336,ts_icl__model_config.context_length-256__pipeline_config.raw_inference.completed_at-2026-09-27T15_11_01.193693_00_00,0.7166423550975864,1,0.7150432896609967,28.495671033900326,1
H,336,ts_icl__model_config.context_length-4096__pipeline_config.raw_inference.completed_at-2026-09-26T16_32_36.167971_00_00,0.7116831869990798,1,0.710095187102008,28.9904812897992,1
H,336,ts_icl__model_config.context_length-512__pipeline_config.raw_inference.completed_at-2026-09-27T14_02_42.037935_00_00,0.7136701737115454,1,0.7120777401918272,28.79222598081728,1
H,336,chronos2__model_config.context_length-1024__pipeline_config.raw_inference.completed_at-2026-09-27T13_45_05.494612_00_00,1.421720272587057,1,0.7187399739280866,28.126002607191335,1
H,336,chronos2__model_config.context_length-2048__pipeline_config.raw_inference.completed_at-2026-09-27T13_40_36.547939_00_00,1.36967784452616,1,0.6924303164596882,30.756968354031176,1
H,336,chronos2__model_config.context_length-4096__pipeline_config.raw_inference.completed_at-2026-09-27T13_40_53.681222_00_00,1.3520757064359312,1,0.6835316881458158,31.64683118541842,1
H,336,chronos2__model_config.context_length-512__pipeline_config.raw_inference.completed_at-2026-09-27T13_46_32.692875_00_00,1.48938491035147,1,0.7529473218293381,24.70526781706619,1
H,336,chronos2__model_config.context_length-8192__pipeline_config.raw_inference.completed_at-2026-09-26T15_47_08.231485_00_00,1.353132705831222,1,0.6840660462276843,31.59339537723157,1
H,336,chronos_bolt__model_config.context_length-1024__pipeline_config.raw_inference.completed_at-2026-09-27T13_20_15.337330_00_00,1.6261693218920492,1,0.8220976506809825,17.79023493190175,1
H,336,chronos_bolt__model_config.context_length-128__pipeline_config.raw_inference.completed_at-2026-09-27T13_27_17.600676_00_00,1.8564145801117014,1,0.9384964065267638,6.1503593473236196,1
H,336,chronos_bolt__model_config.context_length-2048__pipeline_config.raw_inference.completed_at-2026-09-26T15_47_38.827413_00_00,1.6266933009882154,1,0.822362544365893,17.763745563410705,1
H,336,chronos_bolt__model_config.context_length-256__pipeline_config.raw_inference.completed_at-2026-09-27T13_26_25.277428_00_00,1.775159913751287,1,0.8974187220430577,10.258127795694227,1
H,336,chronos_bolt__model_config.context_length-512__pipeline_config.raw_inference.completed_at-2026-09-27T13_23_29.169501_00_00,1.6873463098206345,1,0.853025216079469,14.697478392053098,1
H,336,ts_icl__model_config.context_length-1024__pipeline_config.raw_inference.completed_at-2026-09-27T13_54_39.801178_00_00,1.354624772842383,1,0.6848203494653736,31.51796505346264,1
H,336,ts_icl__model_config.context_length-2048__pipeline_config.raw_inference.completed_at-2026-09-27T13_57_30.539070_00_00,1.3329455386978089,1,0.673860575954162,32.613942404583796,1
H,336,ts_icl__model_config.context_length-256__pipeline_config.raw_inference.completed_at-2026-09-27T15_04_36.015761_00_00,1.7055713920150761,1,0.8622387690925623,13.776123090743775,1
H,336,ts_icl__model_config.context_length-4096__pipeline_config.raw_inference.completed_at-2026-09-26T16_03_00.356111_00_00,1.3360270016711546,1,0.6754183863475475,32.45816136524525,1
H,336,ts_icl__model_config.context_length-512__pipeline_config.raw_inference.completed_at-2026-09-27T13_55_37.897978_00_00,1.4551952537927157,1,0.7356629985081733,26.43370014918267,1
H,336,seasonal_naive,2.037846470926683,4,1.0,0.0,4
20T,216,chronos2__model_config.context_length-1024__pipeline_config.raw_inference.completed_at-2026-09-27T13_46_20.197097_00_00,1.703097730301255,1,0.926712050663122,7.328794933687799,1
20T,216,chronos2__model_config.context_length-2048__pipeline_config.raw_inference.completed_at-2026-09-27T13_41_58.004263_00_00,1.561994618698674,1,0.8499331603025286,15.006683969747137,1
20T,216,chronos2__model_config.context_length-4096__pipeline_config.raw_inference.completed_at-2026-09-27T13_42_27.884871_00_00,1.4304203039078922,1,0.7783392048265899,22.166079517341007,1
20T,216,chronos2__model_config.context_length-512__pipeline_config.raw_inference.completed_at-2026-09-27T13_47_45.259106_00_00,1.8294665310405496,1,0.9954735130204444,0.45264869795555995,1
20T,216,chronos2__model_config.context_length-8192__pipeline_config.raw_inference.completed_at-2026-09-26T15_49_06.577617_00_00,1.4010791372080962,1,0.7623737013340763,23.762629866592366,1
20T,216,chronos_bolt__model_config.context_length-1024__pipeline_config.raw_inference.completed_at-2026-09-27T13_22_17.631857_00_00,2.4361936004408027,1,1.3256138664911044,-32.56138664911043,1
20T,216,chronos_bolt__model_config.context_length-128__pipeline_config.raw_inference.completed_at-2026-09-27T13_28_51.928869_00_00,2.615492524773471,1,1.4231763673938727,-42.31763673938727,1
20T,216,chronos_bolt__model_config.context_length-2048__pipeline_config.raw_inference.completed_at-2026-09-26T15_50_13.749029_00_00,2.370452159975281,1,1.289841764853358,-28.9841764853358,1
20T,216,chronos_bolt__model_config.context_length-256__pipeline_config.raw_inference.completed_at-2026-09-27T13_28_02.510789_00_00,2.2979779564081664,1,1.250406143154786,-25.040614315478592,1
20T,216,chronos_bolt__model_config.context_length-512__pipeline_config.raw_inference.completed_at-2026-09-27T14_58_01.382322_00_00,2.5753286089547536,1,1.4013218465822919,-40.132184658229185,1
20T,216,ts_icl__model_config.context_length-1024__pipeline_config.raw_inference.completed_at-2026-09-27T13_56_05.085349_00_00,1.743163268070423,1,0.9485130407098991,5.148695929010094,1
20T,216,ts_icl__model_config.context_length-2048__pipeline_config.raw_inference.completed_at-2026-09-27T13_59_50.691994_00_00,1.8421459327017173,1,1.0023727966643277,-0.23727966643276588,1
20T,216,ts_icl__model_config.context_length-256__pipeline_config.raw_inference.completed_at-2026-09-27T15_05_36.230123_00_00,2.2946884617691796,1,1.248616219847213,-24.861621984721303,1
20T,216,ts_icl__model_config.context_length-4096__pipeline_config.raw_inference.completed_at-2026-09-26T16_08_11.081393_00_00,1.746738194256302,1,0.9504582768039541,4.954172319604588,1
20T,216,ts_icl__model_config.context_length-512__pipeline_config.raw_inference.completed_at-2026-09-27T13_56_44.075201_00_00,1.9434167605698578,1,1.0574776182469598,-5.747761824695985,1
20T,216,chronos2__model_config.context_length-1024__pipeline_config.raw_inference.completed_at-2026-09-27T13_44_50.805053_00_00,1.08629315418601,1,0.8206700752391325,17.932992476086753,1
20T,216,chronos2__model_config.context_length-2048__pipeline_config.raw_inference.completed_at-2026-09-27T13_40_19.540966_00_00,1.0448818058337623,1,0.7893847318334116,21.061526816658837,1
20T,216,chronos2__model_config.context_length-4096__pipeline_config.raw_inference.completed_at-2026-09-27T13_40_33.786098_00_00,1.0314689567462747,1,0.7792516256572544,22.074837434274563,1
20T,216,chronos2__model_config.context_length-512__pipeline_config.raw_inference.completed_at-2026-09-27T13_46_19.500115_00_00,1.1372380671414286,1,0.8591578125382809,14.084218746171906,1
20T,216,chronos2__model_config.context_length-8192__pipeline_config.raw_inference.completed_at-2026-09-26T15_46_47.354798_00_00,1.0349358614818083,1,0.7818707943035755,21.812920569642447,1
20T,216,chronos_bolt__model_config.context_length-1024__pipeline_config.raw_inference.completed_at-2026-09-27T13_19_47.893157_00_00,1.380085302815108,1,1.0426234437115465,-4.262344371154647,1
20T,216,chronos_bolt__model_config.context_length-128__pipeline_config.raw_inference.completed_at-2026-09-27T13_26_57.646348_00_00,1.5863039550354536,1,1.1984170029190497,-19.841700291904974,1
20T,216,chronos_bolt__model_config.context_length-2048__pipeline_config.raw_inference.completed_at-2026-09-26T15_47_00.563033_00_00,1.365751198444944,1,1.0317943498646256,-3.1794349864625593,1
20T,216,chronos_bolt__model_config.context_length-256__pipeline_config.raw_inference.completed_at-2026-09-27T13_26_03.771179_00_00,1.4998332946189028,1,1.1330903614718766,-13.309036147187658,1
20T,216,chronos_bolt__model_config.context_length-512__pipeline_config.raw_inference.completed_at-2026-09-27T13_23_06.564491_00_00,1.4333534079910482,1,1.082866300544555,-8.28663005445549,1
20T,216,ts_icl__model_config.context_length-1024__pipeline_config.raw_inference.completed_at-2026-09-27T13_54_16.441814_00_00,1.1984507156902597,1,0.9054025934213922,9.459740657860783,1
20T,216,ts_icl__model_config.context_length-2048__pipeline_config.raw_inference.completed_at-2026-09-27T13_56_30.590163_00_00,1.1334475910781985,1,0.8562941930226685,14.370580697733148,1
20T,216,ts_icl__model_config.context_length-256__pipeline_config.raw_inference.completed_at-2026-09-27T15_04_21.673308_00_00,1.4254672946852904,1,1.0769085190975844,-7.690851909758445,1
20T,216,ts_icl__model_config.context_length-4096__pipeline_config.raw_inference.completed_at-2026-09-26T16_01_01.534693_00_00,1.1122450157855845,1,0.840276123688805,15.9723876311195,1
20T,216,ts_icl__model_config.context_length-512__pipeline_config.raw_inference.completed_at-2026-09-27T13_55_20.817226_00_00,1.2792500239543294,1,0.9664446557199726,3.3555344280027377,1
20T,216,seasonal_naive,1.5807256687551896,2,1.0,0.0,2
20T,72,chronos2__model_config.context_length-1024__pipeline_config.raw_inference.completed_at-2026-09-27T13_46_19.882664_00_00,1.049202974341325,1,0.8179193023252801,18.20806976747199,1
20T,72,chronos2__model_config.context_length-2048__pipeline_config.raw_inference.completed_at-2026-09-27T13_41_57.682860_00_00,0.9211509078349037,1,0.718094712174843,28.1905287825157,1
20T,72,chronos2__model_config.context_length-4096__pipeline_config.raw_inference.completed_at-2026-09-27T13_42_27.536214_00_00,0.9440051090866264,1,0.7359109906263462,26.408900937365377,1
20T,72,chronos2__model_config.context_length-512__pipeline_config.raw_inference.completed_at-2026-09-27T13_47_44.941847_00_00,1.034676042463729,1,0.8065946508738205,19.340534912617947,1
20T,72,chronos2__model_config.context_length-8192__pipeline_config.raw_inference.completed_at-2026-09-26T15_49_06.207636_00_00,0.9893873247652253,1,0.7712892645100224,22.871073548997757,1
20T,72,chronos_bolt__model_config.context_length-1024__pipeline_config.raw_inference.completed_at-2026-09-27T13_22_17.347895_00_00,1.776409107403916,1,1.384821939419522,-38.482193941952204,1
20T,72,chronos_bolt__model_config.context_length-128__pipeline_config.raw_inference.completed_at-2026-09-27T13_28_51.773441_00_00,2.220709713600709,1,1.731182034396682,-73.11820343966819,1
20T,72,chronos_bolt__model_config.context_length-2048__pipeline_config.raw_inference.completed_at-2026-09-26T15_50_13.260754_00_00,1.7547628129002864,1,1.3679472997822761,-36.794729978227615,1
20T,72,chronos_bolt__model_config.context_length-256__pipeline_config.raw_inference.completed_at-2026-09-27T13_28_02.341748_00_00,1.974588574784911,1,1.5393152220917523,-53.93152220917523,1
20T,72,chronos_bolt__model_config.context_length-512__pipeline_config.raw_inference.completed_at-2026-09-27T14_58_01.181810_00_00,1.8913440425525607,1,1.4744209057478412,-47.442090574784125,1
20T,72,ts_icl__model_config.context_length-1024__pipeline_config.raw_inference.completed_at-2026-09-27T13_56_04.583867_00_00,1.166780560451526,1,0.9095783802655802,9.042161973441976,1
20T,72,ts_icl__model_config.context_length-2048__pipeline_config.raw_inference.completed_at-2026-09-27T13_59_50.117153_00_00,1.2101180991624403,1,0.9433627006437976,5.663729935620243,1
20T,72,ts_icl__model_config.context_length-256__pipeline_config.raw_inference.completed_at-2026-09-27T15_05_35.766956_00_00,1.5176557444473846,1,1.183107518778854,-18.3107518778854,1
20T,72,ts_icl__model_config.context_length-4096__pipeline_config.raw_inference.completed_at-2026-09-26T16_08_10.313554_00_00,1.2496745099830937,1,0.9741993954799253,2.580060452007471,1
20T,72,ts_icl__model_config.context_length-512__pipeline_config.raw_inference.completed_at-2026-09-27T13_56_43.601241_00_00,1.224382465895013,1,0.9544826661522278,4.551733384777224,1
20T,72,chronos2__model_config.context_length-1024__pipeline_config.raw_inference.completed_at-2026-09-27T13_44_48.880343_00_00,0.7521749305971691,1,0.7389446482461407,26.10553517538593,1
20T,72,chronos2__model_config.context_length-2048__pipeline_config.raw_inference.completed_at-2026-09-27T13_40_17.141749_00_00,0.7314132880742543,1,0.7185481899130675,28.145181008693253,1
20T,72,chronos2__model_config.context_length-4096__pipeline_config.raw_inference.completed_at-2026-09-27T13_40_30.519117_00_00,0.728165329171501,1,0.7153573605577106,28.46426394422894,1
20T,72,chronos2__model_config.context_length-512__pipeline_config.raw_inference.completed_at-2026-09-27T13_46_17.796925_00_00,0.7938831180662261,1,0.7799192150185771,22.008078498142293,1
20T,72,chronos2__model_config.context_length-8192__pipeline_config.raw_inference.completed_at-2026-09-26T15_46_42.608244_00_00,0.7299694722683221,1,0.7171297699160067,28.287023008399327,1
20T,72,chronos_bolt__model_config.context_length-1024__pipeline_config.raw_inference.completed_at-2026-09-27T13_19_34.588333_00_00,1.1266186125126252,1,1.1068021020984424,-10.680210209844244,1
20T,72,chronos_bolt__model_config.context_length-128__pipeline_config.raw_inference.completed_at-2026-09-27T13_26_51.626198_00_00,1.3636252108763116,1,1.339639903965656,-33.96399039656559,1
20T,72,chronos_bolt__model_config.context_length-2048__pipeline_config.raw_inference.completed_at-2026-09-26T15_46_36.440621_00_00,1.1046554990495228,1,1.0852253059408024,-8.522530594080235,1
20T,72,chronos_bolt__model_config.context_length-256__pipeline_config.raw_inference.completed_at-2026-09-27T13_25_56.990356_00_00,1.245915258450196,1,1.2240003953190042,-22.40003953190042,1
20T,72,chronos_bolt__model_config.context_length-512__pipeline_config.raw_inference.completed_at-2026-09-27T13_22_57.596089_00_00,1.1923958651460953,1,1.1714223743684156,-17.142237436841555,1
20T,72,ts_icl__model_config.context_length-1024__pipeline_config.raw_inference.completed_at-2026-09-27T13_54_11.375534_00_00,0.8397294889205501,1,0.8249591771420343,17.504082285796574,1
20T,72,ts_icl__model_config.context_length-2048__pipeline_config.raw_inference.completed_at-2026-09-27T13_56_21.049751_00_00,0.8215074218015946,1,0.8070576246842253,19.294237531577473,1
20T,72,ts_icl__model_config.context_length-256__pipeline_config.raw_inference.completed_at-2026-09-27T15_04_18.575378_00_00,0.9731247527385586,1,0.9560081024517905,4.399189754820954,1
20T,72,ts_icl__model_config.context_length-4096__pipeline_config.raw_inference.completed_at-2026-09-26T16_00_36.082241_00_00,0.8134401959265366,1,0.7991322962212916,20.086770377870845,1
20T,72,ts_icl__model_config.context_length-512__pipeline_config.raw_inference.completed_at-2026-09-27T13_55_17.123540_00_00,0.8836384728221512,1,0.8680958297266322,13.190417027336776,1
20T,72,seasonal_naive,1.1503375327528216,2,1.0,0.0,2
20T,9,chronos2__model_config.context_length-1024__pipeline_config.raw_inference.completed_at-2026-09-27T13_46_19.491675_00_00,0.4247354579698039,1,0.33228109199481093,66.7718908005189,1
20T,9,chronos2__model_config.context_length-2048__pipeline_config.raw_inference.completed_at-2026-09-27T13_41_57.268539_00_00,0.407988850591002,1,0.3191798053406784,68.08201946593215,1
20T,9,chronos2__model_config.context_length-4096__pipeline_config.raw_inference.completed_at-2026-09-27T13_42_27.064788_00_00,0.4121756648164214,1,0.32245525403867875,67.75447459613213,1
20T,9,chronos2__model_config.context_length-512__pipeline_config.raw_inference.completed_at-2026-09-27T13_47_44.561070_00_00,0.45226763383292456,1,0.3538201966048181,64.61798033951818,1
20T,9,chronos2__model_config.context_length-8192__pipeline_config.raw_inference.completed_at-2026-09-26T15_49_05.643932_00_00,0.4837238683743286,1,0.3784291897259098,62.15708102740902,1
20T,9,chronos_bolt__model_config.context_length-1024__pipeline_config.raw_inference.completed_at-2026-09-27T13_22_16.924936_00_00,0.6375754221625826,1,0.49879107931765154,50.120892068234845,1
20T,9,chronos_bolt__model_config.context_length-128__pipeline_config.raw_inference.completed_at-2026-09-27T13_28_51.482888_00_00,0.6550997941774986,1,0.5125008305530985,48.749916944690156,1
20T,9,chronos_bolt__model_config.context_length-2048__pipeline_config.raw_inference.completed_at-2026-09-26T15_50_12.641595_00_00,0.6111656872978505,1,0.47813008816308095,52.1869911836919,1
20T,9,chronos_bolt__model_config.context_length-256__pipeline_config.raw_inference.completed_at-2026-09-27T13_28_02.037349_00_00,0.6087186208712713,1,0.47621568735394154,52.37843126460584,1
20T,9,chronos_bolt__model_config.context_length-512__pipeline_config.raw_inference.completed_at-2026-09-27T14_58_00.849113_00_00,0.6343437265060493,1,0.49626284358503675,50.37371564149633,1
20T,9,ts_icl__model_config.context_length-1024__pipeline_config.raw_inference.completed_at-2026-09-27T13_56_03.794459_00_00,0.5175591588724757,1,0.4048993773773614,59.51006226226385,1
20T,9,ts_icl__model_config.context_length-2048__pipeline_config.raw_inference.completed_at-2026-09-27T13_59_49.115143_00_00,0.5258794340951446,1,0.41140853521857546,58.859146478142456,1
20T,9,ts_icl__model_config.context_length-256__pipeline_config.raw_inference.completed_at-2026-09-27T15_05_35.081791_00_00,0.5197539183484305,1,0.406616392196002,59.3383607803998,1
20T,9,ts_icl__model_config.context_length-4096__pipeline_config.raw_inference.completed_at-2026-09-26T16_08_08.642942_00_00,0.5645352327609865,1,0.4416499260692792,55.835007393072075,1
20T,9,ts_icl__model_config.context_length-512__pipeline_config.raw_inference.completed_at-2026-09-27T13_56_42.901294_00_00,0.5066357226894695,1,0.3963537020985083,60.36462979014917,1
20T,9,chronos2__model_config.context_length-1024__pipeline_config.raw_inference.completed_at-2026-09-27T13_44_41.161754_00_00,0.48050397120626,1,0.47305711890370267,52.694288109629724,1
20T,9,chronos2__model_config.context_length-2048__pipeline_config.raw_inference.completed_at-2026-09-27T13_40_07.918652_00_00,0.47205614306458066,1,0.46474021523344977,53.52597847665502,1
20T,9,chronos2__model_config.context_length-4096__pipeline_config.raw_inference.completed_at-2026-09-27T13_40_18.645641_00_00,0.47062659654857947,1,0.46333282383458024,53.66671761654198,1
20T,9,chronos2__model_config.context_length-512__pipeline_config.raw_inference.completed_at-2026-09-27T13_46_10.823523_00_00,0.5002369253325676,1,0.4924842516348138,50.75157483651862,1
20T,9,chronos2__model_config.context_length-8192__pipeline_config.raw_inference.completed_at-2026-09-26T15_46_27.114547_00_00,0.4727036485451953,1,0.46537768567175847,53.46223143282416,1
20T,9,chronos_bolt__model_config.context_length-1024__pipeline_config.raw_inference.completed_at-2026-09-27T13_19_14.921458_00_00,0.5966822530654938,1,0.5874348693259149,41.256513067408505,1
20T,9,chronos_bolt__model_config.context_length-128__pipeline_config.raw_inference.completed_at-2026-09-27T13_26_39.371682_00_00,0.6757746611780505,1,0.6653015030083682,33.46984969916318,1
20T,9,chronos_bolt__model_config.context_length-2048__pipeline_config.raw_inference.completed_at-2026-09-26T15_46_05.176927_00_00,0.5819725735844418,1,0.5729531605112412,42.704683948875875,1
20T,9,chronos_bolt__model_config.context_length-256__pipeline_config.raw_inference.completed_at-2026-09-27T13_25_43.743688_00_00,0.6363444032544595,1,0.6264823353662405,37.351766463375945,1
20T,9,chronos_bolt__model_config.context_length-512__pipeline_config.raw_inference.completed_at-2026-09-27T13_22_43.266223_00_00,0.6202361335960357,1,0.6106237117298775,38.93762882701225,1
20T,9,ts_icl__model_config.context_length-1024__pipeline_config.raw_inference.completed_at-2026-09-27T13_53_54.905508_00_00,0.5292275361821545,1,0.5210255658914592,47.89744341085408,1
20T,9,ts_icl__model_config.context_length-2048__pipeline_config.raw_inference.completed_at-2026-09-27T13_55_52.192369_00_00,0.5237926507593346,1,0.5156749103427931,48.432508965720686,1
20T,9,ts_icl__model_config.context_length-256__pipeline_config.raw_inference.completed_at-2026-09-27T15_04_07.997747_00_00,0.5502791251248823,1,0.5417508972317846,45.82491027682154,1
20T,9,ts_icl__model_config.context_length-4096__pipeline_config.raw_inference.completed_at-2026-09-26T15_59_21.915743_00_00,0.5218188258961157,1,0.5137316758245211,48.626832417547895,1
20T,9,ts_icl__model_config.context_length-512__pipeline_config.raw_inference.completed_at-2026-09-27T13_55_04.905668_00_00,0.5369327150185011,1,0.5286113298380288,47.13886701619712,1
20T,9,seasonal_naive,1.1469917010676833,2,1.0,0.0,2
5T,864,chronos2__model_config.context_length-1024__pipeline_config.raw_inference.completed_at-2026-09-27T13_45_57.553571_00_00,1.336696511900192,1,0.9025489117568459,9.745108824315407,1
5T,864,chronos2__model_config.context_length-2048__pipeline_config.raw_inference.completed_at-2026-09-27T13_41_33.662867_00_00,1.2437897056808243,1,0.8398174419717617,16.018255802823834,1
5T,864,chronos2__model_config.context_length-4096__pipeline_config.raw_inference.completed_at-2026-09-27T13_42_00.513544_00_00,1.2609860050491057,1,0.8514285303099993,14.857146969000068,1
5T,864,chronos2__model_config.context_length-512__pipeline_config.raw_inference.completed_at-2026-09-27T13_47_23.055419_00_00,1.3487081974181134,1,0.9106593045019831,8.934069549801693,1
5T,864,chronos2__model_config.context_length-8192__pipeline_config.raw_inference.completed_at-2026-09-26T15_48_33.655572_00_00,1.252382036034176,1,0.8456190568789844,15.438094312101558,1
5T,864,chronos_bolt__model_config.context_length-1024__pipeline_config.raw_inference.completed_at-2026-09-27T13_21_49.612342_00_00,1.3615128207031986,1,0.9193050956060396,8.069490439396043,1
5T,864,chronos_bolt__model_config.context_length-128__pipeline_config.raw_inference.completed_at-2026-09-27T13_28_27.295328_00_00,1.4781590074624227,1,0.9980655980707789,0.1934401929221119,1
5T,864,chronos_bolt__model_config.context_length-2048__pipeline_config.raw_inference.completed_at-2026-09-26T15_49_38.648611_00_00,1.3666070271612945,1,0.9227447473550242,7.725525264497579,1
5T,864,chronos_bolt__model_config.context_length-256__pipeline_config.raw_inference.completed_at-2026-09-27T13_27_37.958027_00_00,1.4534787552711412,1,0.9814012808089195,1.859871919108047,1
5T,864,chronos_bolt__model_config.context_length-512__pipeline_config.raw_inference.completed_at-2026-09-27T14_57_36.425987_00_00,1.4862485964505923,1,1.0035277577104815,-0.3527757710481527,1
5T,864,ts_icl__model_config.context_length-1024__pipeline_config.raw_inference.completed_at-2026-09-27T13_55_43.771384_00_00,1.3836908552857283,1,0.9342798941479411,6.57201058520589,1
5T,864,ts_icl__model_config.context_length-2048__pipeline_config.raw_inference.completed_at-2026-09-27T13_59_16.427804_00_00,1.4111830145618014,1,0.9528428351114008,4.715716488859922,1
5T,864,ts_icl__model_config.context_length-256__pipeline_config.raw_inference.completed_at-2026-09-27T15_05_19.499471_00_00,1.4359387588957306,1,0.9695581253133302,3.044187468666981,1
5T,864,ts_icl__model_config.context_length-4096__pipeline_config.raw_inference.completed_at-2026-09-26T16_06_55.979969_00_00,1.3854049722183888,1,0.9354372805542223,6.456271944577773,1
5T,864,ts_icl__model_config.context_length-512__pipeline_config.raw_inference.completed_at-2026-09-27T13_56_26.620894_00_00,1.3510540597667198,1,0.9122432508136677,8.775674918633225,1
5T,864,chronos2__model_config.context_length-1024__pipeline_config.raw_inference.completed_at-2026-09-27T13_43_46.334604_00_00,0.8129713104500458,1,0.7439970097423086,25.600299025769136,1
5T,864,chronos2__model_config.context_length-2048__pipeline_config.raw_inference.completed_at-2026-09-27T13_38_53.544091_00_00,0.7696979755263302,1,0.7043950811490363,29.560491885096376,1
5T,864,chronos2__model_config.context_length-4096__pipeline_config.raw_inference.completed_at-2026-09-27T13_38_33.409222_00_00,0.8086425705840131,1,0.7400355298292011,25.996447017079895,1
5T,864,chronos2__model_config.context_length-512__pipeline_config.raw_inference.completed_at-2026-09-27T13_45_25.499315_00_00,1.0900122552715623,1,0.9975331823893967,0.24668176106033002,1
5T,864,chronos2__model_config.context_length-8192__pipeline_config.raw_inference.completed_at-2026-09-26T15_43_57.943761_00_00,0.8498128607052333,1,0.7777128406354761,22.228715936452392,1
5T,864,chronos_bolt__model_config.context_length-1024__pipeline_config.raw_inference.completed_at-2026-09-27T13_17_40.627817_00_00,1.1086638958682484,1,1.014602376163333,-1.460237616333293,1
5T,864,chronos_bolt__model_config.context_length-128__pipeline_config.raw_inference.completed_at-2026-09-27T13_25_22.785931_00_00,1.426899148078199,1,1.3058378392053476,-30.583783920534756,1
5T,864,chronos_bolt__model_config.context_length-2048__pipeline_config.raw_inference.completed_at-2026-09-26T15_44_01.047999_00_00,1.0664668009130953,1,0.9759853769372879,2.401462306271207,1
5T,864,chronos_bolt__model_config.context_length-256__pipeline_config.raw_inference.completed_at-2026-09-27T13_24_25.540417_00_00,1.6672731965282088,1,1.525818016817592,-52.58180168175921,1
5T,864,chronos_bolt__model_config.context_length-512__pipeline_config.raw_inference.completed_at-2026-09-27T13_21_19.120465_00_00,1.0701056422430486,1,0.979315490846121,2.0684509153878983,1
5T,864,ts_icl__model_config.context_length-1024__pipeline_config.raw_inference.completed_at-2026-09-27T13_51_37.296363_00_00,1.0722364883861657,1,0.9812655512459431,1.8734448754056943,1
5T,864,ts_icl__model_config.context_length-2048__pipeline_config.raw_inference.completed_at-2026-09-27T13_50_50.839634_00_00,1.1272302704456914,1,1.0315935380774308,-3.1593538077430816,1
5T,864,ts_icl__model_config.context_length-256__pipeline_config.raw_inference.completed_at-2026-09-27T15_02_55.549559_00_00,1.4546698774429092,1,1.3312524379004351,-33.12524379004351,1
5T,864,ts_icl__model_config.context_length-4096__pipeline_config.raw_inference.completed_at-2026-09-26T15_45_28.747308_00_00,1.0940430192022368,1,1.001221967310649,-0.12219673106490525,1
5T,864,ts_icl__model_config.context_length-512__pipeline_config.raw_inference.completed_at-2026-09-27T13_53_36.996353_00_00,1.178045493541227,1,1.078097484214888,-7.809748421488805,1
5T,864,seasonal_naive,1.2868658344947899,2,1.0,0.0,2
5T,288,chronos2__model_config.context_length-1024__pipeline_config.raw_inference.completed_at-2026-09-27T13_45_55.645833_00_00,1.0361146555944432,1,0.8478383624389239,15.216163756107616,1
5T,288,chronos2__model_config.context_length-2048__pipeline_config.raw_inference.completed_at-2026-09-27T13_41_31.616173_00_00,1.007346627728468,1,0.8242978811757838,17.570211882421617,1
5T,288,chronos2__model_config.context_length-4096__pipeline_config.raw_inference.completed_at-2026-09-27T13_41_58.214673_00_00,1.017259852809125,1,0.83240973682177,16.759026317823,1
5T,288,chronos2__model_config.context_length-512__pipeline_config.raw_inference.completed_at-2026-09-27T13_47_21.205134_00_00,1.0607427401409144,1,0.8679911850625049,13.200881493749506,1
5T,288,chronos2__model_config.context_length-8192__pipeline_config.raw_inference.completed_at-2026-09-26T15_48_30.671929_00_00,1.030877263252768,1,0.8435526763689123,15.644732363108771,1
5T,288,chronos_bolt__model_config.context_length-1024__pipeline_config.raw_inference.completed_at-2026-09-27T13_21_26.064911_00_00,1.1013748915633461,1,0.901239915343808,9.8760084656192,1
5T,288,chronos_bolt__model_config.context_length-128__pipeline_config.raw_inference.completed_at-2026-09-27T13_28_16.108255_00_00,1.2487524823227307,1,1.021836969477689,-2.1836969477688983,1
5T,288,chronos_bolt__model_config.context_length-2048__pipeline_config.raw_inference.completed_at-2026-09-26T15_49_05.119306_00_00,1.0933035912750042,1,0.8946352814046282,10.536471859537178,1
5T,288,chronos_bolt__model_config.context_length-256__pipeline_config.raw_inference.completed_at-2026-09-27T13_27_25.057003_00_00,1.1892259985013844,1,0.9731272670404794,2.687273295952064,1
5T,288,chronos_bolt__model_config.context_length-512__pipeline_config.raw_inference.completed_at-2026-09-27T14_57_20.273362_00_00,1.103457939453854,1,0.9029444447632445,9.705555523675546,1
5T,288,ts_icl__model_config.context_length-1024__pipeline_config.raw_inference.completed_at-2026-09-27T13_55_39.112709_00_00,1.0516797011713563,1,0.8605750250099654,13.942497499003458,1
5T,288,ts_icl__model_config.context_length-2048__pipeline_config.raw_inference.completed_at-2026-09-27T13_59_09.050782_00_00,1.052089036323933,1,0.8609099783315649,13.909002166843509,1
5T,288,ts_icl__model_config.context_length-256__pipeline_config.raw_inference.completed_at-2026-09-27T15_05_16.311983_00_00,1.2409244415766545,1,1.01543139147392,-1.543139147391992,1
5T,288,ts_icl__model_config.context_length-4096__pipeline_config.raw_inference.completed_at-2026-09-26T16_06_39.839239_00_00,1.0366148259413028,1,0.848247644949824,15.175235505017604,1
5T,288,ts_icl__model_config.context_length-512__pipeline_config.raw_inference.completed_at-2026-09-27T13_56_23.012586_00_00,1.058530158535308,1,0.8661806599867993,13.381934001320072,1
5T,288,chronos2__model_config.context_length-1024__pipeline_config.raw_inference.completed_at-2026-09-27T13_53_34.068027_00_00,0.6549661785373264,1,0.7673271713011746,23.267282869882543,1
5T,288,chronos2__model_config.context_length-2048__pipeline_config.raw_inference.completed_at-2026-09-27T13_49_42.023303_00_00,0.6522556919543174,1,0.764151694351762,23.5848305648238,1
5T,288,chronos2__model_config.context_length-4096__pipeline_config.raw_inference.completed_at-2026-09-27T13_50_57.129584_00_00,0.6507833240528066,1,0.7624267382639469,23.757326173605307,1
5T,288,chronos2__model_config.context_length-512__pipeline_config.raw_inference.completed_at-2026-09-27T13_54_51.210078_00_00,0.6601708098542202,1,0.7734246693963834,22.657533060361658,1
5T,288,chronos2__model_config.context_length-8192__pipeline_config.raw_inference.completed_at-2026-09-26T15_59_16.828646_00_00,0.6510332169597657,1,0.7627195008885047,23.72804991114953,1
5T,288,chronos_bolt__model_config.context_length-1024__pipeline_config.raw_inference.completed_at-2026-09-27T13_35_20.179730_00_00,0.7024467559131792,1,0.8229531537159036,17.704684628409638,1
5T,288,chronos_bolt__model_config.context_length-128__pipeline_config.raw_inference.completed_at-2026-09-27T13_38_18.810960_00_00,0.7009093614536069,1,0.8211520156106168,17.884798438938322,1
5T,288,chronos_bolt__model_config.context_length-2048__pipeline_config.raw_inference.completed_at-2026-09-26T16_07_47.396009_00_00,0.6855807975211551,1,0.8031938003808404,19.68061996191596,1
5T,288,chronos_bolt__model_config.context_length-256__pipeline_config.raw_inference.completed_at-2026-09-27T13_37_52.818820_00_00,0.7226980268755113,1,0.8466785779774777,15.33214220225223,1
5T,288,chronos_bolt__model_config.context_length-512__pipeline_config.raw_inference.completed_at-2026-09-27T15_30_39.137404_00_00,0.7043414775241973,1,0.8251729192882764,17.48270807117236,1
5T,288,ts_icl__model_config.context_length-1024__pipeline_config.raw_inference.completed_at-2026-09-27T14_03_45.061940_00_00,0.6769547131918299,1,0.7930878909389083,20.69121090610917,1
5T,288,ts_icl__model_config.context_length-2048__pipeline_config.raw_inference.completed_at-2026-09-27T14_12_34.991710_00_00,0.6766533239917333,1,0.7927347977106637,20.72652022893363,1
5T,288,ts_icl__model_config.context_length-256__pipeline_config.raw_inference.completed_at-2026-09-27T15_11_06.805392_00_00,0.7528788346656303,1,0.8820369745299443,11.796302547005567,1
5T,288,ts_icl__model_config.context_length-4096__pipeline_config.raw_inference.completed_at-2026-09-26T16_32_45.727670_00_00,0.679845185530925,1,0.7964742306253869,20.352576937461308,1
5T,288,ts_icl__model_config.context_length-512__pipeline_config.raw_inference.completed_at-2026-09-27T14_02_47.791690_00_00,0.6826252532090636,1,0.799731225470916,20.026877452908398,1
5T,288,chronos2__model_config.context_length-1024__pipeline_config.raw_inference.completed_at-2026-09-27T13_47_40.548805_00_00,0.8117877933082013,1,0.7939442633570115,20.60557366429885,1
5T,288,chronos2__model_config.context_length-2048__pipeline_config.raw_inference.completed_at-2026-09-27T13_43_25.160194_00_00,0.7369632284325451,1,0.7207643824436537,27.92356175563463,1
5T,288,chronos2__model_config.context_length-4096__pipeline_config.raw_inference.completed_at-2026-09-27T13_44_05.494006_00_00,0.7240037392364038,1,0.708089749752537,29.1910250247463,1
5T,288,chronos2__model_config.context_length-512__pipeline_config.raw_inference.completed_at-2026-09-27T13_49_03.366015_00_00,0.8778724685428445,1,0.8585763620789449,14.142363792105506,1
5T,288,chronos2__model_config.context_length-8192__pipeline_config.raw_inference.completed_at-2026-09-26T15_51_01.033165_00_00,0.7277800559655977,1,0.7117830610199366,28.82169389800634,1
5T,288,chronos_bolt__model_config.context_length-1024__pipeline_config.raw_inference.completed_at-2026-09-27T13_23_58.755169_00_00,0.9935770046083269,1,0.9717376505472205,2.82623494527795,1
5T,288,chronos_bolt__model_config.context_length-128__pipeline_config.raw_inference.completed_at-2026-09-27T13_30_22.798621_00_00,1.5684043420527558,1,1.533929975618954,-53.39299756189539,1
5T,288,chronos_bolt__model_config.context_length-2048__pipeline_config.raw_inference.completed_at-2026-09-26T15_52_10.540675_00_00,0.8973124209379337,1,0.8775890139212654,12.241098607873457,1
5T,288,chronos_bolt__model_config.context_length-256__pipeline_config.raw_inference.completed_at-2026-09-27T13_29_33.870858_00_00,1.8434339024976234,1,1.8029142392021114,-80.29142392021113,1
5T,288,chronos_bolt__model_config.context_length-512__pipeline_config.raw_inference.completed_at-2026-09-27T14_59_34.070501_00_00,1.3542399679858315,1,1.3244730490581909,-32.44730490581909,1
5T,288,ts_icl__model_config.context_length-1024__pipeline_config.raw_inference.completed_at-2026-09-27T13_57_30.967443_00_00,0.8456954304121322,1,0.8271065924589923,17.289340754100767,1
5T,288,ts_icl__model_config.context_length-2048__pipeline_config.raw_inference.completed_at-2026-09-27T14_02_11.949837_00_00,0.7890508870554024,1,0.7717071264664321,22.829287353356786,1
5T,288,ts_icl__model_config.context_length-256__pipeline_config.raw_inference.completed_at-2026-09-27T15_06_37.479376_00_00,2.196981874986385,1,2.1486910381301363,-114.86910381301362,1
5T,288,ts_icl__model_config.context_length-4096__pipeline_config.raw_inference.completed_at-2026-09-26T16_13_30.673581_00_00,0.7907008535945231,1,0.773320825858397,22.6679174141603,1
5T,288,ts_icl__model_config.context_length-512__pipeline_config.raw_inference.completed_at-2026-09-27T13_57_53.106392_00_00,0.9742743134413936,1,0.9528592428578351,4.714075714216492,1
5T,288,chronos2__model_config.context_length-1024__pipeline_config.raw_inference.completed_at-2026-09-27T13_52_37.635303_00_00,0.7277300713466219,1,0.6852260017166075,31.477399828339248,1
5T,288,chronos2__model_config.context_length-2048__pipeline_config.raw_inference.completed_at-2026-09-27T13_48_41.299824_00_00,0.7178154206427957,1,0.6758904297405476,32.410957025945244,1
5T,288,chronos2__model_config.context_length-4096__pipeline_config.raw_inference.completed_at-2026-09-27T13_49_50.206054_00_00,0.7156455229203694,1,0.6738472678608677,32.615273213913234,1
5T,288,chronos2__model_config.context_length-512__pipeline_config.raw_inference.completed_at-2026-09-27T13_53_57.453857_00_00,0.7529190444806252,1,0.7089437784411851,29.105622155881495,1
5T,288,chronos2__model_config.context_length-8192__pipeline_config.raw_inference.completed_at-2026-09-26T15_57_57.227203_00_00,0.7178189979723392,1,0.6758937981312688,32.41062018687312,1
5T,288,chronos_bolt__model_config.context_length-1024__pipeline_config.raw_inference.completed_at-2026-09-27T13_32_42.878998_00_00,0.8081503358177572,1,0.7609492107061407,23.905078929385926,1
5T,288,chronos_bolt__model_config.context_length-128__pipeline_config.raw_inference.completed_at-2026-09-27T13_36_44.678167_00_00,0.8168819356904116,1,0.7691708295520636,23.08291704479364,1
5T,288,chronos_bolt__model_config.context_length-2048__pipeline_config.raw_inference.completed_at-2026-09-26T16_03_52.198815_00_00,0.8067747649753241,1,0.7596539819591765,24.034601804082346,1
5T,288,chronos_bolt__model_config.context_length-256__pipeline_config.raw_inference.completed_at-2026-09-27T13_36_11.571553_00_00,0.802683170550348,1,0.7558013626998346,24.419863730016544,1
5T,288,chronos_bolt__model_config.context_length-512__pipeline_config.raw_inference.completed_at-2026-09-27T15_28_40.379169_00_00,0.8062474798779404,1,0.7591574936687088,24.084250633129123,1
5T,288,ts_icl__model_config.context_length-1024__pipeline_config.raw_inference.completed_at-2026-09-27T14_02_27.203752_00_00,0.7537086378399602,1,0.7096872545209876,29.03127454790124,1
5T,288,ts_icl__model_config.context_length-2048__pipeline_config.raw_inference.completed_at-2026-09-27T14_10_17.334503_00_00,0.751829195626656,1,0.7079175836993643,29.20824163006357,1
5T,288,ts_icl__model_config.context_length-256__pipeline_config.raw_inference.completed_at-2026-09-27T15_10_17.604085_00_00,0.7760958137062125,1,0.7307668767773171,26.923312322268288,1
5T,288,ts_icl__model_config.context_length-4096__pipeline_config.raw_inference.completed_at-2026-09-26T16_29_13.775290_00_00,0.7504585763698494,1,0.7066270173338993,29.33729826661007,1
5T,288,ts_icl__model_config.context_length-512__pipeline_config.raw_inference.completed_at-2026-09-27T14_01_53.026296_00_00,0.7598360567032386,1,0.715456793109324,28.454320689067604,1
5T,288,chronos2__model_config.context_length-1024__pipeline_config.raw_inference.completed_at-2026-09-27T13_52_58.146166_00_00,0.7086884187726149,1,0.7186707591165806,28.132924088341937,1
5T,288,chronos2__model_config.context_length-2048__pipeline_config.raw_inference.completed_at-2026-09-27T13_49_04.547403_00_00,0.6839065684291975,1,0.6935398401868448,30.64601598131552,1
5T,288,chronos2__model_config.context_length-4096__pipeline_config.raw_inference.completed_at-2026-09-27T13_50_19.347386_00_00,0.6750400992344475,1,0.6845484809687689,31.545151903123113,1
5T,288,chronos2__model_config.context_length-512__pipeline_config.raw_inference.completed_at-2026-09-27T13_54_16.594502_00_00,0.7323841077607467,1,0.7427002173972513,25.729978260274866,1
5T,288,chronos2__model_config.context_length-8192__pipeline_config.raw_inference.completed_at-2026-09-26T15_58_37.436343_00_00,0.6743310940180272,1,0.6838294889497023,31.61705110502977,1
5T,288,chronos_bolt__model_config.context_length-1024__pipeline_config.raw_inference.completed_at-2026-09-27T13_34_33.599262_00_00,0.8046304845645249,1,0.8159642317167134,18.40357682832866,1
5T,288,chronos_bolt__model_config.context_length-128__pipeline_config.raw_inference.completed_at-2026-09-27T13_37_37.560012_00_00,1.113275636231577,1,1.128956852409422,-12.8956852409422,1
5T,288,chronos_bolt__model_config.context_length-2048__pipeline_config.raw_inference.completed_at-2026-09-26T16_06_55.799472_00_00,0.7879785915455384,1,0.7990777858828598,20.092221411714018,1
5T,288,chronos_bolt__model_config.context_length-256__pipeline_config.raw_inference.completed_at-2026-09-27T13_37_10.582113_00_00,1.071905576671551,1,1.0870040684762596,-8.700406847625963,1
5T,288,chronos_bolt__model_config.context_length-512__pipeline_config.raw_inference.completed_at-2026-09-27T15_29_56.074350_00_00,0.8347652865482473,1,0.8465235021150891,15.347649788491092,1
5T,288,ts_icl__model_config.context_length-1024__pipeline_config.raw_inference.completed_at-2026-09-27T14_03_00.602727_00_00,0.7491454128479018,1,0.7596976164398839,24.030238356011612,1
5T,288,ts_icl__model_config.context_length-2048__pipeline_config.raw_inference.completed_at-2026-09-27T14_11_11.828953_00_00,0.7263871791544934,1,0.7366188181254977,26.33811818745023,1
5T,288,ts_icl__model_config.context_length-256__pipeline_config.raw_inference.completed_at-2026-09-27T15_10_39.333184_00_00,1.062126029494824,1,1.0770867699750548,-7.708676997505481,1
5T,288,ts_icl__model_config.context_length-4096__pipeline_config.raw_inference.completed_at-2026-09-26T16_31_21.980707_00_00,0.7207014084333551,1,0.7308529596013804,26.91470403986196,1
5T,288,ts_icl__model_config.context_length-512__pipeline_config.raw_inference.completed_at-2026-09-27T14_02_18.020284_00_00,0.8047053577401891,1,0.816040159530075,18.395984046992496,1
5T,288,chronos2__model_config.context_length-1024__pipeline_config.raw_inference.completed_at-2026-09-27T13_43_45.940943_00_00,0.6155869064946786,1,0.6759549118891665,32.40450881108335,1
5T,288,chronos2__model_config.context_length-2048__pipeline_config.raw_inference.completed_at-2026-09-27T13_38_53.142138_00_00,0.583282789142385,1,0.6404828663207058,35.951713367929415,1
5T,288,chronos2__model_config.context_length-4096__pipeline_config.raw_inference.completed_at-2026-09-27T13_38_32.966978_00_00,0.58740586351684,1,0.645010273167884,35.498972683211605,1
5T,288,chronos2__model_config.context_length-512__pipeline_config.raw_inference.completed_at-2026-09-27T13_45_25.113520_00_00,0.7248077468889641,1,0.7958865783464324,20.41134216535676,1
5T,288,chronos2__model_config.context_length-8192__pipeline_config.raw_inference.completed_at-2026-09-26T15_43_57.424005_00_00,0.5887550969808875,1,0.6464918202535772,35.35081797464228,1
5T,288,chronos_bolt__model_config.context_length-1024__pipeline_config.raw_inference.completed_at-2026-09-27T13_17_38.038337_00_00,0.7541329751483808,1,0.8280876077625691,17.191239223743093,1
5T,288,chronos_bolt__model_config.context_length-128__pipeline_config.raw_inference.completed_at-2026-09-27T13_25_21.542663_00_00,1.0257652031016928,1,1.126357659927862,-12.635765992786197,1
5T,288,chronos_bolt__model_config.context_length-2048__pipeline_config.raw_inference.completed_at-2026-09-26T15_43_57.504418_00_00,0.7323406240134054,1,0.8041581728836168,19.58418271163832,1
5T,288,chronos_bolt__model_config.context_length-256__pipeline_config.raw_inference.completed_at-2026-09-27T13_24_24.116643_00_00,1.0931452834973838,1,1.2003454199442423,-20.034541994424227,1
5T,288,chronos_bolt__model_config.context_length-512__pipeline_config.raw_inference.completed_at-2026-09-27T13_21_17.343737_00_00,0.7022322636315759,1,0.771097212888681,22.890278711131895,1
5T,288,ts_icl__model_config.context_length-1024__pipeline_config.raw_inference.completed_at-2026-09-27T13_51_36.473954_00_00,0.6440718742058924,1,0.7072332799575193,29.276672004248073,1
5T,288,ts_icl__model_config.context_length-2048__pipeline_config.raw_inference.completed_at-2026-09-27T13_50_49.725347_00_00,0.6642099026337789,1,0.7293461596955019,27.065384030449813,1
5T,288,ts_icl__model_config.context_length-256__pipeline_config.raw_inference.completed_at-2026-09-27T15_02_54.884913_00_00,1.160498616084958,1,1.2743038091080459,-27.430380910804587,1
5T,288,ts_icl__model_config.context_length-4096__pipeline_config.raw_inference.completed_at-2026-09-26T15_45_26.670824_00_00,0.6444202193835324,1,0.7076157858740267,29.238421412597326,1
5T,288,ts_icl__model_config.context_length-512__pipeline_config.raw_inference.completed_at-2026-09-27T13_53_36.249867_00_00,0.7144987288231971,1,0.7845665984625367,21.54334015374633,1
5T,288,seasonal_naive,1.0094901101723377,6,1.0,0.0,6
5T,36,chronos2__model_config.context_length-1024__pipeline_config.raw_inference.completed_at-2026-09-27T13_45_50.102121_00_00,0.7894743351543577,1,0.6480619997383202,35.19380002616798,1
5T,36,chronos2__model_config.context_length-2048__pipeline_config.raw_inference.completed_at-2026-09-27T13_41_25.509256_00_00,0.7836889987318624,1,0.6433129451786325,35.66870548213675,1
5T,36,chronos2__model_config.context_length-4096__pipeline_config.raw_inference.completed_at-2026-09-27T13_41_51.188380_00_00,0.7857868204173036,1,0.6450350005463927,35.496499945360725,1
5T,36,chronos2__model_config.context_length-512__pipeline_config.raw_inference.completed_at-2026-09-27T13_47_15.763942_00_00,0.7998616409395869,1,0.6565887090426232,34.34112909573768,1
5T,36,chronos2__model_config.context_length-8192__pipeline_config.raw_inference.completed_at-2026-09-26T15_48_21.812438_00_00,0.7896222491456418,1,0.6481834190583823,35.18165809416177,1
5T,36,chronos_bolt__model_config.context_length-1024__pipeline_config.raw_inference.completed_at-2026-09-27T13_21_04.221617_00_00,0.8243632151011341,1,0.676701508713007,32.329849128699294,1
5T,36,chronos_bolt__model_config.context_length-128__pipeline_config.raw_inference.completed_at-2026-09-27T13_28_04.842704_00_00,0.9108512067877779,1,0.7476975859127032,25.230241408729682,1
5T,36,chronos_bolt__model_config.context_length-2048__pipeline_config.raw_inference.completed_at-2026-09-26T15_48_30.087755_00_00,0.8188563892682863,1,0.6721810773290682,32.781892267093184,1
5T,36,chronos_bolt__model_config.context_length-256__pipeline_config.raw_inference.completed_at-2026-09-27T13_27_12.612094_00_00,0.8631520883619029,1,0.7085424358383394,29.14575641616606,1
5T,36,chronos_bolt__model_config.context_length-512__pipeline_config.raw_inference.completed_at-2026-09-27T14_57_04.882582_00_00,0.8273742516349004,1,0.6791732019276778,32.08267980723222,1
5T,36,ts_icl__model_config.context_length-1024__pipeline_config.raw_inference.completed_at-2026-09-27T13_55_29.864993_00_00,0.8050590521308276,1,0.6608551487988937,33.914485120110626,1
5T,36,ts_icl__model_config.context_length-2048__pipeline_config.raw_inference.completed_at-2026-09-27T13_58_55.740899_00_00,0.8096687892266164,1,0.6646391799035664,33.536082009643366,1
5T,36,ts_icl__model_config.context_length-256__pipeline_config.raw_inference.completed_at-2026-09-27T15_05_09.070369_00_00,0.8549680648387449,1,0.7018243521538504,29.81756478461496,1
5T,36,ts_icl__model_config.context_length-4096__pipeline_config.raw_inference.completed_at-2026-09-26T16_06_13.734355_00_00,0.811580262149247,1,0.6662082656984116,33.379173430158836,1
5T,36,ts_icl__model_config.context_length-512__pipeline_config.raw_inference.completed_at-2026-09-27T13_56_15.234854_00_00,0.8163350899508057,1,0.670111398550586,32.9888601449414,1
5T,36,chronos2__model_config.context_length-1024__pipeline_config.raw_inference.completed_at-2026-09-27T13_43_45.309685_00_00,0.3744786742687937,1,0.41128831875873406,58.87116812412659,1
5T,36,chronos2__model_config.context_length-2048__pipeline_config.raw_inference.completed_at-2026-09-27T13_38_52.454982_00_00,0.37157183882223677,1,0.40809575387888575,59.19042461211143,1
5T,36,chronos2__model_config.context_length-4096__pipeline_config.raw_inference.completed_at-2026-09-27T13_38_32.186996_00_00,0.3698294324757343,1,0.4061820764759019,59.38179235240981,1
5T,36,chronos2__model_config.context_length-512__pipeline_config.raw_inference.completed_at-2026-09-27T13_45_24.499901_00_00,0.3948737411152899,1,0.43368813303559856,56.63118669644014,1
5T,36,chronos2__model_config.context_length-8192__pipeline_config.raw_inference.completed_at-2026-09-26T15_43_56.445281_00_00,0.3706701929271874,1,0.4071054800668598,59.28945199331401,1
5T,36,chronos_bolt__model_config.context_length-1024__pipeline_config.raw_inference.completed_at-2026-09-27T13_17_35.774010_00_00,0.43405145576618803,1,0.4767168486842004,52.32831513157996,1
5T,36,chronos_bolt__model_config.context_length-128__pipeline_config.raw_inference.completed_at-2026-09-27T13_25_20.410567_00_00,0.49718790792204376,1,0.5460593427802308,45.394065721976915,1
5T,36,chronos_bolt__model_config.context_length-2048__pipeline_config.raw_inference.completed_at-2026-09-26T15_43_53.773511_00_00,0.4309424156630221,1,0.473302203298902,52.6697796701098,1
5T,36,chronos_bolt__model_config.context_length-256__pipeline_config.raw_inference.completed_at-2026-09-27T13_24_22.865912_00_00,0.48500514889945795,1,0.5326790708968563,46.73209291031437,1
5T,36,chronos_bolt__model_config.context_length-512__pipeline_config.raw_inference.completed_at-2026-09-27T13_21_15.748779_00_00,0.4504187791676003,1,0.49469300964314317,50.53069903568568,1
5T,36,ts_icl__model_config.context_length-1024__pipeline_config.raw_inference.completed_at-2026-09-27T13_51_35.244288_00_00,0.40640284796585396,1,0.4463505015472824,55.36494984527176,1
5T,36,ts_icl__model_config.context_length-2048__pipeline_config.raw_inference.completed_at-2026-09-27T13_50_48.068176_00_00,0.40903487144701545,1,0.44924124162644485,55.07587583735551,1
5T,36,ts_icl__model_config.context_length-256__pipeline_config.raw_inference.completed_at-2026-09-27T15_02_53.859720_00_00,0.43984028575885836,1,0.48307469578968487,51.69253042103151,1
5T,36,ts_icl__model_config.context_length-4096__pipeline_config.raw_inference.completed_at-2026-09-26T15_45_23.572457_00_00,0.40666683057892833,1,0.4466404325168494,55.33595674831506,1
5T,36,ts_icl__model_config.context_length-512__pipeline_config.raw_inference.completed_at-2026-09-27T13_53_35.180863_00_00,0.4155373910003822,1,0.45638293090961174,54.36170690903883,1
5T,36,seasonal_naive,1.064354819823186,2,1.0,0.0,2
D,30,chronos2__model_config.context_length-1024__pipeline_config.raw_inference.completed_at-2026-09-27T13_49_36.634663_00_00,6.604793759429539,1,1.070543739332547,-7.054373933254698,1
D,30,chronos2__model_config.context_length-2048__pipeline_config.raw_inference.completed_at-2026-09-27T13_45_31.584463_00_00,6.25717156439853,1,1.0141990935951717,-1.4199093595171686,1
D,30,chronos2__model_config.context_length-4096__pipeline_config.raw_inference.completed_at-2026-09-27T13_46_28.668595_00_00,6.229414404066677,1,1.0097000501280702,-0.9700050128070181,1
D,30,chronos2__model_config.context_length-512__pipeline_config.raw_inference.completed_at-2026-09-27T13_50_58.011137_00_00,6.408520657932051,1,1.0387306430178387,-3.8730643017838684,1
D,30,chronos2__model_config.context_length-8192__pipeline_config.raw_inference.completed_at-2026-09-26T15_54_11.319860_00_00,6.229414404066677,1,1.0097000501280702,-0.9700050128070181,1
D,30,chronos_bolt__model_config.context_length-1024__pipeline_config.raw_inference.completed_at-2026-09-27T13_26_32.856879_00_00,6.813766399527318,1,1.1044152514034695,-10.441525140346952,1
D,30,chronos_bolt__model_config.context_length-128__pipeline_config.raw_inference.completed_at-2026-09-27T13_32_35.738959_00_00,6.1071865191850625,1,0.989888637130494,1.011136286950598,1
D,30,chronos_bolt__model_config.context_length-2048__pipeline_config.raw_inference.completed_at-2026-09-26T15_55_16.526428_00_00,6.650599959702402,1,1.0779682771320378,-7.79682771320378,1
D,30,chronos_bolt__model_config.context_length-256__pipeline_config.raw_inference.completed_at-2026-09-27T13_31_49.437728_00_00,6.444532092139102,1,1.0445675876430518,-4.45675876430518,1
D,30,chronos_bolt__model_config.context_length-512__pipeline_config.raw_inference.completed_at-2026-09-27T15_23_42.371875_00_00,6.763113512056713,1,1.096205134095362,-9.620513409536201,1
D,30,ts_icl__model_config.context_length-1024__pipeline_config.raw_inference.completed_at-2026-09-27T14_00_02.161096_00_00,6.657377360560697,1,1.079066798043071,-7.906679804307104,1
D,30,ts_icl__model_config.context_length-2048__pipeline_config.raw_inference.completed_at-2026-09-27T14_06_45.817690_00_00,6.493467375365084,1,1.052499305573721,-5.249930557372107,1
D,30,ts_icl__model_config.context_length-256__pipeline_config.raw_inference.completed_at-2026-09-27T15_08_22.882411_00_00,7.130019759655196,1,1.1556754522605244,-15.567545226052438,1
D,30,ts_icl__model_config.context_length-4096__pipeline_config.raw_inference.completed_at-2026-09-26T16_22_54.440894_00_00,6.398672126021581,1,1.0371343351598803,-3.7134335159880294,1
D,30,ts_icl__model_config.context_length-512__pipeline_config.raw_inference.completed_at-2026-09-27T13_59_47.582838_00_00,7.015133301788021,1,1.1370539808439182,-13.705398084391817,1
D,30,chronos2__model_config.context_length-1024__pipeline_config.raw_inference.completed_at-2026-09-27T13_49_08.120262_00_00,3.324465042537479,1,0.9384106620025717,6.158933799742828,1
D,30,chronos2__model_config.context_length-2048__pipeline_config.raw_inference.completed_at-2026-09-27T13_45_03.426835_00_00,3.2510704942152295,1,0.9176932756570406,8.230672434295938,1
D,30,chronos2__model_config.context_length-4096__pipeline_config.raw_inference.completed_at-2026-09-27T13_46_00.635630_00_00,3.2510704942152295,1,0.9176932756570406,8.230672434295938,1
D,30,chronos2__model_config.context_length-512__pipeline_config.raw_inference.completed_at-2026-09-27T13_50_29.901774_00_00,2.9715728195826028,1,0.8387982972096245,16.12017027903755,1
D,30,chronos2__model_config.context_length-8192__pipeline_config.raw_inference.completed_at-2026-09-26T15_53_43.404506_00_00,3.2510704942152295,1,0.9176932756570406,8.230672434295938,1
D,30,chronos_bolt__model_config.context_length-1024__pipeline_config.raw_inference.completed_at-2026-09-27T13_26_04.244957_00_00,3.4848410559402145,1,0.9836806705546012,1.6319329445398822,1
D,30,chronos_bolt__model_config.context_length-128__pipeline_config.raw_inference.completed_at-2026-09-27T13_32_06.986075_00_00,3.30338977659579,1,0.9324616584753381,6.753834152466187,1
D,30,chronos_bolt__model_config.context_length-2048__pipeline_config.raw_inference.completed_at-2026-09-26T15_54_48.077915_00_00,3.529062284006213,1,0.9961631816873716,0.3836818312628387,1
D,30,chronos_bolt__model_config.context_length-256__pipeline_config.raw_inference.completed_at-2026-09-27T13_31_20.152743_00_00,3.2775295525912074,1,0.9251619848083975,7.483801519160249,1
D,30,chronos_bolt__model_config.context_length-512__pipeline_config.raw_inference.completed_at-2026-09-27T15_23_13.268492_00_00,3.631515530558623,1,1.0250830884066122,-2.508308840661222,1
D,30,ts_icl__model_config.context_length-1024__pipeline_config.raw_inference.completed_at-2026-09-27T13_59_45.599914_00_00,3.2440149989014015,1,0.9157016914642492,8.429830853575082,1
D,30,ts_icl__model_config.context_length-2048__pipeline_config.raw_inference.completed_at-2026-09-27T14_06_28.925943_00_00,3.2760216772323703,1,0.9247363505196929,7.5263649480307055,1
D,30,ts_icl__model_config.context_length-256__pipeline_config.raw_inference.completed_at-2026-09-27T15_08_06.302923_00_00,3.204686385777611,1,0.904600239229104,9.539976077089596,1
D,30,ts_icl__model_config.context_length-4096__pipeline_config.raw_inference.completed_at-2026-09-26T16_22_36.905392_00_00,3.2760216772323703,1,0.9247363505196929,7.5263649480307055,1
D,30,ts_icl__model_config.context_length-512__pipeline_config.raw_inference.completed_at-2026-09-27T13_59_31.074946_00_00,2.980247441882054,1,0.8412469191534536,15.875308084654637,1
D,30,chronos2__model_config.context_length-1024__pipeline_config.raw_inference.completed_at-2026-09-27T13_51_57.364999_00_00,0.6092702040045644,1,0.3753379415224901,62.46620584775099,1
D,30,chronos2__model_config.context_length-2048__pipeline_config.raw_inference.completed_at-2026-09-27T13_47_54.723066_00_00,0.6092702040045644,1,0.3753379415224901,62.46620584775099,1
D,30,chronos2__model_config.context_length-4096__pipeline_config.raw_inference.completed_at-2026-09-27T13_48_53.301452_00_00,0.6092702040045644,1,0.3753379415224901,62.46620584775099,1
D,30,chronos2__model_config.context_length-512__pipeline_config.raw_inference.completed_at-2026-09-27T13_53_19.549641_00_00,0.60725023102919,1,0.3740935470099654,62.59064529900347,1
D,30,chronos2__model_config.context_length-8192__pipeline_config.raw_inference.completed_at-2026-09-26T15_56_39.615774_00_00,0.6092702040045644,1,0.3753379415224901,62.46620584775099,1
D,30,chronos_bolt__model_config.context_length-1024__pipeline_config.raw_inference.completed_at-2026-09-27T13_29_01.547918_00_00,0.6195295273705109,1,0.381658147710612,61.8341852289388,1
D,30,chronos_bolt__model_config.context_length-128__pipeline_config.raw_inference.completed_at-2026-09-27T13_35_01.312835_00_00,0.7230373447791615,1,0.44542363445573047,55.45763655442695,1
D,30,chronos_bolt__model_config.context_length-2048__pipeline_config.raw_inference.completed_at-2026-09-26T15_57_44.023468_00_00,0.6195295273705109,1,0.381658147710612,61.8341852289388,1
D,30,chronos_bolt__model_config.context_length-256__pipeline_config.raw_inference.completed_at-2026-09-27T13_34_15.032201_00_00,0.7454869581441171,1,0.459253609420853,54.074639057914695,1
D,30,chronos_bolt__model_config.context_length-512__pipeline_config.raw_inference.completed_at-2026-09-27T15_26_09.528441_00_00,0.6180407247822134,1,0.38074097812780283,61.92590218721972,1
D,30,ts_icl__model_config.context_length-1024__pipeline_config.raw_inference.completed_at-2026-09-27T14_01_24.224959_00_00,0.644110333658554,1,0.3968010336953139,60.31989663046862,1
D,30,ts_icl__model_config.context_length-2048__pipeline_config.raw_inference.completed_at-2026-09-27T14_08_16.362426_00_00,0.644110333658554,1,0.3968010336953139,60.31989663046862,1
D,30,ts_icl__model_config.context_length-256__pipeline_config.raw_inference.completed_at-2026-09-27T15_09_38.471775_00_00,0.7509704384185563,1,0.4626316807347946,53.736831926520544,1
D,30,ts_icl__model_config.context_length-4096__pipeline_config.raw_inference.completed_at-2026-09-26T16_24_51.108817_00_00,0.644110333658554,1,0.3968010336953139,60.31989663046862,1
D,30,ts_icl__model_config.context_length-512__pipeline_config.raw_inference.completed_at-2026-09-27T14_01_07.383937_00_00,0.7122804794226703,1,0.43879691994777836,56.120308005222164,1
D,30,chronos2__model_config.context_length-1024__pipeline_config.raw_inference.completed_at-2026-09-27T13_48_48.333697_00_00,0.6600231628373281,1,0.6921175798422293,30.78824201577707,1
D,30,chronos2__model_config.context_length-2048__pipeline_config.raw_inference.completed_at-2026-09-27T13_44_43.497769_00_00,0.6588129479361982,1,0.6908485167916868,30.91514832083132,1
D,30,chronos2__model_config.context_length-4096__pipeline_config.raw_inference.completed_at-2026-09-27T13_45_40.748200_00_00,0.6587580455178945,1,0.6907909446775197,30.92090553224803,1
D,30,chronos2__model_config.context_length-512__pipeline_config.raw_inference.completed_at-2026-09-27T13_50_10.032911_00_00,0.6607167160903469,1,0.6928448579530573,30.715514204694273,1
D,30,chronos2__model_config.context_length-8192__pipeline_config.raw_inference.completed_at-2026-09-26T15_53_23.611682_00_00,0.6587580455178945,1,0.6907909446775197,30.92090553224803,1
D,30,chronos_bolt__model_config.context_length-1024__pipeline_config.raw_inference.completed_at-2026-09-27T13_25_43.656030_00_00,0.6622519893500471,1,0.6944547857142777,30.554521428572233,1
D,30,chronos_bolt__model_config.context_length-128__pipeline_config.raw_inference.completed_at-2026-09-27T13_31_46.335312_00_00,0.6696001712775096,1,0.7021602817911315,29.783971820886844,1
D,30,chronos_bolt__model_config.context_length-2048__pipeline_config.raw_inference.completed_at-2026-09-26T15_54_26.337432_00_00,0.662000459082709,1,0.6941910244863553,30.580897551364473,1
D,30,chronos_bolt__model_config.context_length-256__pipeline_config.raw_inference.completed_at-2026-09-27T13_30_59.552776_00_00,0.6659705068653659,1,0.6983541205985863,30.164587940141374,1
D,30,chronos_bolt__model_config.context_length-512__pipeline_config.raw_inference.completed_at-2026-09-27T15_01_04.360407_00_00,0.6631260884149834,1,0.6953713888934226,30.462861110657734,1
D,30,ts_icl__model_config.context_length-1024__pipeline_config.raw_inference.completed_at-2026-09-27T13_59_26.423460_00_00,0.6650871833801423,1,0.6974278444506665,30.257215554933346,1
D,30,ts_icl__model_config.context_length-2048__pipeline_config.raw_inference.completed_at-2026-09-27T14_06_09.425033_00_00,0.6636205694873705,1,0.695889914700346,30.4110085299654,1
D,30,ts_icl__model_config.context_length-256__pipeline_config.raw_inference.completed_at-2026-09-27T15_07_47.900793_00_00,0.6652624332830421,1,0.6976116160900454,30.23883839099546,1
D,30,ts_icl__model_config.context_length-4096__pipeline_config.raw_inference.completed_at-2026-09-26T16_22_17.175763_00_00,0.6636159462695193,1,0.6958850666729881,30.41149333270119,1
D,30,ts_icl__model_config.context_length-512__pipeline_config.raw_inference.completed_at-2026-09-27T13_59_12.402528_00_00,0.664859838267423,1,0.6971894444094804,30.28105555905196,1
D,30,chronos2__model_config.context_length-1024__pipeline_config.raw_inference.completed_at-2026-09-27T13_52_07.062000_00_00,0.5599238347212872,1,0.3673067107338923,63.26932892661077,1
D,30,chronos2__model_config.context_length-2048__pipeline_config.raw_inference.completed_at-2026-09-27T13_48_04.475399_00_00,0.5532599382047175,1,0.36293523418942514,63.70647658105748,1
D,30,chronos2__model_config.context_length-4096__pipeline_config.raw_inference.completed_at-2026-09-27T13_49_03.038267_00_00,0.5532599382047175,1,0.36293523418942514,63.70647658105748,1
D,30,chronos2__model_config.context_length-512__pipeline_config.raw_inference.completed_at-2026-09-27T13_53_29.176034_00_00,0.587928841561423,1,0.3856778289265135,61.43221710734865,1
D,30,chronos2__model_config.context_length-8192__pipeline_config.raw_inference.completed_at-2026-09-26T15_56_49.384839_00_00,0.5532599382047175,1,0.36293523418942514,63.70647658105748,1
D,30,chronos_bolt__model_config.context_length-1024__pipeline_config.raw_inference.completed_at-2026-09-27T13_29_11.476450_00_00,0.609071400551082,1,0.3995472220786277,60.04527779213723,1
D,30,chronos_bolt__model_config.context_length-128__pipeline_config.raw_inference.completed_at-2026-09-27T13_35_11.265757_00_00,0.6905279071320712,1,0.4529822067047596,54.701779329524044,1
D,30,chronos_bolt__model_config.context_length-2048__pipeline_config.raw_inference.completed_at-2026-09-26T15_57_54.164063_00_00,0.6131470465479132,1,0.4022208216512499,59.777917834875005,1
D,30,chronos_bolt__model_config.context_length-256__pipeline_config.raw_inference.completed_at-2026-09-27T13_34_24.955664_00_00,0.6651533275089626,1,0.4363366331469585,56.366336685304155,1
D,30,chronos_bolt__model_config.context_length-512__pipeline_config.raw_inference.completed_at-2026-09-27T15_26_19.458848_00_00,0.632466916977732,1,0.4148945419312842,58.51054580687158,1
D,30,ts_icl__model_config.context_length-1024__pipeline_config.raw_inference.completed_at-2026-09-27T14_01_30.088656_00_00,0.6132575834524348,1,0.4022933332042448,59.77066667957551,1
D,30,ts_icl__model_config.context_length-2048__pipeline_config.raw_inference.completed_at-2026-09-27T14_08_27.968571_00_00,0.6099946202120283,1,0.4001528486941045,59.98471513058955,1
D,30,ts_icl__model_config.context_length-256__pipeline_config.raw_inference.completed_at-2026-09-27T15_09_43.490256_00_00,0.6731269326105794,1,0.44156727074613067,55.843272925386934,1
D,30,ts_icl__model_config.context_length-4096__pipeline_config.raw_inference.completed_at-2026-09-26T16_25_02.734529_00_00,0.6099946202120283,1,0.4001528486941045,59.98471513058955,1
D,30,ts_icl__model_config.context_length-512__pipeline_config.raw_inference.completed_at-2026-09-27T14_01_12.684288_00_00,0.6324849227559755,1,0.41490635361489303,58.5093646385107,1
D,30,chronos2__model_config.context_length-1024__pipeline_config.raw_inference.completed_at-2026-09-27T13_52_16.823297_00_00,0.6110523213965638,1,0.42837406434226344,57.162593565773655,1
D,30,chronos2__model_config.context_length-2048__pipeline_config.raw_inference.completed_at-2026-09-27T13_48_14.546017_00_00,0.6049073017593081,1,0.424066140216457,57.593385978354306,1
D,30,chronos2__model_config.context_length-4096__pipeline_config.raw_inference.completed_at-2026-09-27T13_49_13.047774_00_00,0.6049073017593081,1,0.424066140216457,57.593385978354306,1
D,30,chronos2__model_config.context_length-512__pipeline_config.raw_inference.completed_at-2026-09-27T13_53_38.875732_00_00,0.6252835234730517,1,0.4383507515432024,56.164924845679764,1
D,30,chronos2__model_config.context_length-8192__pipeline_config.raw_inference.completed_at-2026-09-26T15_56_59.410157_00_00,0.6049073017593081,1,0.424066140216457,57.593385978354306,1
D,30,chronos_bolt__model_config.context_length-1024__pipeline_config.raw_inference.completed_at-2026-09-27T13_29_21.795505_00_00,0.6460288825754117,1,0.45289414411981016,54.71058558801898,1
D,30,chronos_bolt__model_config.context_length-128__pipeline_config.raw_inference.completed_at-2026-09-27T13_35_21.542921_00_00,0.7117986230173354,1,0.4990015723011656,50.09984276988344,1
D,30,chronos_bolt__model_config.context_length-2048__pipeline_config.raw_inference.completed_at-2026-09-26T15_58_04.699286_00_00,0.6500187666725908,1,0.4556912251669076,54.43087748330924,1
D,30,chronos_bolt__model_config.context_length-256__pipeline_config.raw_inference.completed_at-2026-09-27T13_34_35.224226_00_00,0.6960541568451261,1,0.48796402162191455,51.203597837808545,1
D,30,chronos_bolt__model_config.context_length-512__pipeline_config.raw_inference.completed_at-2026-09-27T15_26_29.675321_00_00,0.6602365766453409,1,0.4628543511930064,53.71456488069937,1
D,30,ts_icl__model_config.context_length-1024__pipeline_config.raw_inference.completed_at-2026-09-27T14_01_36.744670_00_00,0.6611217748105092,1,0.46347491333225954,53.65250866677405,1
D,30,ts_icl__model_config.context_length-2048__pipeline_config.raw_inference.completed_at-2026-09-27T14_08_42.805051_00_00,0.6594302215265823,1,0.4622890614339619,53.77109385660381,1
D,30,ts_icl__model_config.context_length-256__pipeline_config.raw_inference.completed_at-2026-09-27T15_09_48.916661_00_00,0.7127109884453481,1,0.4996411798648353,50.03588201351648,1
D,30,ts_icl__model_config.context_length-4096__pipeline_config.raw_inference.completed_at-2026-09-26T16_25_17.435025_00_00,0.6594302215265823,1,0.4622890614339619,53.77109385660381,1
D,30,ts_icl__model_config.context_length-512__pipeline_config.raw_inference.completed_at-2026-09-27T14_01_18.543195_00_00,0.6762937461999182,1,0.4741111204467527,52.58888795532472,1
D,30,seasonal_naive,2.539993356446887,6,1.0,0.0,6
W,13,chronos2__model_config.context_length-1024__pipeline_config.raw_inference.completed_at-2026-09-27T13_49_17.762147_00_00,1.4613553532441703,1,0.9468634994013284,5.313650059867159,1
W,13,chronos2__model_config.context_length-2048__pipeline_config.raw_inference.completed_at-2026-09-27T13_45_12.798430_00_00,1.4613553532441703,1,0.9468634994013284,5.313650059867159,1
W,13,chronos2__model_config.context_length-4096__pipeline_config.raw_inference.completed_at-2026-09-27T13_46_09.997610_00_00,1.4613553532441703,1,0.9468634994013284,5.313650059867159,1
W,13,chronos2__model_config.context_length-512__pipeline_config.raw_inference.completed_at-2026-09-27T13_50_39.303433_00_00,1.4613553532441703,1,0.9468634994013284,5.313650059867159,1
W,13,chronos2__model_config.context_length-8192__pipeline_config.raw_inference.completed_at-2026-09-26T15_53_52.688939_00_00,1.4613553532441703,1,0.9468634994013284,5.313650059867159,1
W,13,chronos_bolt__model_config.context_length-1024__pipeline_config.raw_inference.completed_at-2026-09-27T13_26_13.720792_00_00,1.358214699186885,1,0.8800350442864106,11.996495571358945,1
W,13,chronos_bolt__model_config.context_length-128__pipeline_config.raw_inference.completed_at-2026-09-27T13_32_16.532350_00_00,1.39564137599976,1,0.9042851037256359,9.571489627436414,1
W,13,chronos_bolt__model_config.context_length-2048__pipeline_config.raw_inference.completed_at-2026-09-26T15_54_57.466201_00_00,1.358214699186885,1,0.8800350442864106,11.996495571358945,1
W,13,chronos_bolt__model_config.context_length-256__pipeline_config.raw_inference.completed_at-2026-09-27T13_31_30.140833_00_00,1.358214699186885,1,0.8800350442864106,11.996495571358945,1
W,13,chronos_bolt__model_config.context_length-512__pipeline_config.raw_inference.completed_at-2026-09-27T15_23_22.799164_00_00,1.358214699186885,1,0.8800350442864106,11.996495571358945,1
W,13,ts_icl__model_config.context_length-1024__pipeline_config.raw_inference.completed_at-2026-09-27T13_59_50.625093_00_00,1.8728634975946643,1,1.2134940904665752,-21.34940904665752,1
W,13,ts_icl__model_config.context_length-2048__pipeline_config.raw_inference.completed_at-2026-09-27T14_06_34.000232_00_00,1.8728634975946643,1,1.2134940904665752,-21.34940904665752,1
W,13,ts_icl__model_config.context_length-256__pipeline_config.raw_inference.completed_at-2026-09-27T15_08_11.342740_00_00,1.8728634975946643,1,1.2134940904665752,-21.34940904665752,1
W,13,ts_icl__model_config.context_length-4096__pipeline_config.raw_inference.completed_at-2026-09-26T16_22_42.213998_00_00,1.8728634975946643,1,1.2134940904665752,-21.34940904665752,1
W,13,ts_icl__model_config.context_length-512__pipeline_config.raw_inference.completed_at-2026-09-27T13_59_36.090445_00_00,1.8728634975946643,1,1.2134940904665752,-21.34940904665752,1
W,13,chronos2__model_config.context_length-1024__pipeline_config.raw_inference.completed_at-2026-09-27T13_49_27.364446_00_00,2.687638735307393,1,0.6352501786041488,36.47498213958512,1
W,13,chronos2__model_config.context_length-2048__pipeline_config.raw_inference.completed_at-2026-09-27T13_45_22.159493_00_00,2.687638735307393,1,0.6352501786041488,36.47498213958512,1
W,13,chronos2__model_config.context_length-4096__pipeline_config.raw_inference.completed_at-2026-09-27T13_46_19.305282_00_00,2.687638735307393,1,0.6352501786041488,36.47498213958512,1
W,13,chronos2__model_config.context_length-512__pipeline_config.raw_inference.completed_at-2026-09-27T13_50_48.646907_00_00,2.687638735307393,1,0.6352501786041488,36.47498213958512,1
W,13,chronos2__model_config.context_length-8192__pipeline_config.raw_inference.completed_at-2026-09-26T15_54_02.005414_00_00,2.687638735307393,1,0.6352501786041488,36.47498213958512,1
W,13,chronos_bolt__model_config.context_length-1024__pipeline_config.raw_inference.completed_at-2026-09-27T13_26_23.339948_00_00,2.8883879320915615,1,0.6826992503251653,31.730074967483468,1
W,13,chronos_bolt__model_config.context_length-128__pipeline_config.raw_inference.completed_at-2026-09-27T13_32_26.244594_00_00,2.833676476109428,1,0.6697676528869522,33.02323471130478,1
W,13,chronos_bolt__model_config.context_length-2048__pipeline_config.raw_inference.completed_at-2026-09-26T15_55_07.075343_00_00,2.8883879320915615,1,0.6826992503251653,31.730074967483468,1
W,13,chronos_bolt__model_config.context_length-256__pipeline_config.raw_inference.completed_at-2026-09-27T13_31_39.893106_00_00,2.8883879320915615,1,0.6826992503251653,31.730074967483468,1
W,13,chronos_bolt__model_config.context_length-512__pipeline_config.raw_inference.completed_at-2026-09-27T15_23_32.750605_00_00,2.8883879320915615,1,0.6826992503251653,31.730074967483468,1
W,13,ts_icl__model_config.context_length-1024__pipeline_config.raw_inference.completed_at-2026-09-27T13_59_57.707808_00_00,2.968530838215052,1,0.7016418242507416,29.835817574925837,1
W,13,ts_icl__model_config.context_length-2048__pipeline_config.raw_inference.completed_at-2026-09-27T14_06_41.114252_00_00,2.968530838215052,1,0.7016418242507416,29.835817574925837,1
W,13,ts_icl__model_config.context_length-256__pipeline_config.raw_inference.completed_at-2026-09-27T15_08_18.457491_00_00,2.968530838215052,1,0.7016418242507416,29.835817574925837,1
W,13,ts_icl__model_config.context_length-4096__pipeline_config.raw_inference.completed_at-2026-09-26T16_22_49.277269_00_00,2.968530838215052,1,0.7016418242507416,29.835817574925837,1
W,13,ts_icl__model_config.context_length-512__pipeline_config.raw_inference.completed_at-2026-09-27T13_59_43.181919_00_00,2.968530838215052,1,0.7016418242507416,29.835817574925837,1
W,13,chronos2__model_config.context_length-1024__pipeline_config.raw_inference.completed_at-2026-09-27T13_50_05.947290_00_00,3.14383480240003,1,1.1552232026779394,-15.522320267793944,1
W,13,chronos2__model_config.context_length-2048__pipeline_config.raw_inference.completed_at-2026-09-27T13_46_02.179379_00_00,3.14383480240003,1,1.1552232026779394,-15.522320267793944,1
W,13,chronos2__model_config.context_length-4096__pipeline_config.raw_inference.completed_at-2026-09-27T13_47_01.540132_00_00,3.14383480240003,1,1.1552232026779394,-15.522320267793944,1
W,13,chronos2__model_config.context_length-512__pipeline_config.raw_inference.completed_at-2026-09-27T13_51_27.596632_00_00,3.14383480240003,1,1.1552232026779394,-15.522320267793944,1
W,13,chronos2__model_config.context_length-8192__pipeline_config.raw_inference.completed_at-2026-09-26T15_54_47.983176_00_00,3.14383480240003,1,1.1552232026779394,-15.522320267793944,1
W,13,chronos_bolt__model_config.context_length-1024__pipeline_config.raw_inference.completed_at-2026-09-27T13_27_05.046445_00_00,4.146792423445997,1,1.5237667133771828,-52.376671337718285,1
W,13,chronos_bolt__model_config.context_length-128__pipeline_config.raw_inference.completed_at-2026-09-27T13_33_06.705766_00_00,3.558373987269446,1,1.3075484089561968,-30.754840895619683,1
W,13,chronos_bolt__model_config.context_length-2048__pipeline_config.raw_inference.completed_at-2026-09-26T15_55_48.059660_00_00,4.146792423445997,1,1.5237667133771828,-52.376671337718285,1
W,13,chronos_bolt__model_config.context_length-256__pipeline_config.raw_inference.completed_at-2026-09-27T13_32_20.705098_00_00,4.146792423445997,1,1.5237667133771828,-52.376671337718285,1
W,13,chronos_bolt__model_config.context_length-512__pipeline_config.raw_inference.completed_at-2026-09-27T15_24_13.298696_00_00,4.146792423445997,1,1.5237667133771828,-52.376671337718285,1
W,13,ts_icl__model_config.context_length-1024__pipeline_config.raw_inference.completed_at-2026-09-27T14_00_23.237174_00_00,2.8235117450947285,1,1.0375183449451717,-3.75183449451717,1
W,13,ts_icl__model_config.context_length-2048__pipeline_config.raw_inference.completed_at-2026-09-27T14_07_15.087475_00_00,2.8235117450947285,1,1.0375183449451717,-3.75183449451717,1
W,13,ts_icl__model_config.context_length-256__pipeline_config.raw_inference.completed_at-2026-09-27T15_08_40.749841_00_00,2.8235117450947285,1,1.0375183449451717,-3.75183449451717,1
W,13,ts_icl__model_config.context_length-4096__pipeline_config.raw_inference.completed_at-2026-09-26T16_23_50.018373_00_00,2.8235117450947285,1,1.0375183449451717,-3.75183449451717,1
W,13,ts_icl__model_config.context_length-512__pipeline_config.raw_inference.completed_at-2026-09-27T14_00_05.970575_00_00,2.8235117450947285,1,1.0375183449451717,-3.75183449451717,1
W,13,chronos2__model_config.context_length-1024__pipeline_config.raw_inference.completed_at-2026-09-27T13_48_58.619661_00_00,0.7793327862026835,1,0.7988733113320162,20.112668866798376,1
W,13,chronos2__model_config.context_length-2048__pipeline_config.raw_inference.completed_at-2026-09-27T13_44_53.846339_00_00,0.7793327862026835,1,0.7988733113320162,20.112668866798376,1
W,13,chronos2__model_config.context_length-4096__pipeline_config.raw_inference.completed_at-2026-09-27T13_45_51.127115_00_00,0.7793327862026835,1,0.7988733113320162,20.112668866798376,1
W,13,chronos2__model_config.context_length-512__pipeline_config.raw_inference.completed_at-2026-09-27T13_50_20.404284_00_00,0.7793327862026835,1,0.7988733113320162,20.112668866798376,1
W,13,chronos2__model_config.context_length-8192__pipeline_config.raw_inference.completed_at-2026-09-26T15_53_33.873091_00_00,0.7793327862026835,1,0.7988733113320162,20.112668866798376,1
W,13,chronos_bolt__model_config.context_length-1024__pipeline_config.raw_inference.completed_at-2026-09-27T13_25_54.597543_00_00,0.7834238251459267,1,0.8030669265439482,19.69330734560518,1
W,13,chronos_bolt__model_config.context_length-128__pipeline_config.raw_inference.completed_at-2026-09-27T13_31_57.310060_00_00,0.7924529934346941,1,0.8123224868092463,18.767751319075366,1
W,13,chronos_bolt__model_config.context_length-2048__pipeline_config.raw_inference.completed_at-2026-09-26T15_54_37.367123_00_00,0.7834238251459267,1,0.8030669265439482,19.69330734560518,1
W,13,chronos_bolt__model_config.context_length-256__pipeline_config.raw_inference.completed_at-2026-09-27T13_31_10.455554_00_00,0.785075824448637,1,0.8047603470911637,19.523965290883627,1
W,13,chronos_bolt__model_config.context_length-512__pipeline_config.raw_inference.completed_at-2026-09-27T15_23_03.602043_00_00,0.7834238251459267,1,0.8030669265439482,19.69330734560518,1
W,13,ts_icl__model_config.context_length-1024__pipeline_config.raw_inference.completed_at-2026-09-27T13_59_40.564143_00_00,0.7878643592183598,1,0.8076187999173401,19.23812000826599,1
W,13,ts_icl__model_config.context_length-2048__pipeline_config.raw_inference.completed_at-2026-09-27T14_06_23.803563_00_00,0.7878643592183598,1,0.8076187999173401,19.23812000826599,1
W,13,ts_icl__model_config.context_length-256__pipeline_config.raw_inference.completed_at-2026-09-27T15_08_01.771119_00_00,0.788846960373271,1,0.808626038227135,19.137396177286504,1
W,13,ts_icl__model_config.context_length-4096__pipeline_config.raw_inference.completed_at-2026-09-26T16_22_31.377150_00_00,0.7878643592183598,1,0.8076187999173401,19.23812000826599,1
W,13,ts_icl__model_config.context_length-512__pipeline_config.raw_inference.completed_at-2026-09-27T13_59_26.523348_00_00,0.7878643592183598,1,0.8076187999173401,19.23812000826599,1
W,13,seasonal_naive,2.367787071088329,4,1.0,0.0,4
15T,672,chronos2__model_config.context_length-1024__pipeline_config.raw_inference.completed_at-2026-09-27T13_47_51.164997_00_00,0.7339936546876784,1,0.7542928487147906,24.570715128520938,1
15T,672,chronos2__model_config.context_length-2048__pipeline_config.raw_inference.completed_at-2026-09-27T13_43_36.236460_00_00,0.736502167141356,1,0.7568707361292617,24.31292638707383,1
15T,672,chronos2__model_config.context_length-4096__pipeline_config.raw_inference.completed_at-2026-09-27T13_44_17.448348_00_00,0.7672370517513688,1,0.7884556190766103,21.154438092338967,1
15T,672,chronos2__model_config.context_length-512__pipeline_config.raw_inference.completed_at-2026-09-27T13_49_13.865106_00_00,0.7720132187192006,1,0.7933638748429851,20.66361251570149,1
15T,672,chronos2__model_config.context_length-8192__pipeline_config.raw_inference.completed_at-2026-09-26T15_51_15.309082_00_00,0.7839039420360605,1,0.805583445825203,19.441655417479698,1
15T,672,chronos_bolt__model_config.context_length-1024__pipeline_config.raw_inference.completed_at-2026-09-27T13_24_11.506848_00_00,0.786833187701504,1,0.8085937021720553,19.14062978279447,1
15T,672,chronos_bolt__model_config.context_length-128__pipeline_config.raw_inference.completed_at-2026-09-27T13_30_35.174316_00_00,1.0675865160732805,1,1.0971114931518924,-9.711149315189239,1
15T,672,chronos_bolt__model_config.context_length-2048__pipeline_config.raw_inference.completed_at-2026-09-26T15_52_24.634567_00_00,0.7765424508227898,1,0.7980183665597569,20.198163344024312,1
15T,672,chronos_bolt__model_config.context_length-256__pipeline_config.raw_inference.completed_at-2026-09-27T13_29_46.191116_00_00,0.8975165351324648,1,0.9223380879794681,7.766191202053186,1
15T,672,chronos_bolt__model_config.context_length-512__pipeline_config.raw_inference.completed_at-2026-09-27T14_59_46.694068_00_00,0.8115405650029974,1,0.8339843821731578,16.601561782684215,1
15T,672,ts_icl__model_config.context_length-1024__pipeline_config.raw_inference.completed_at-2026-09-27T13_57_39.949441_00_00,0.7437364203656587,1,0.7643050585352303,23.569494146476966,1
15T,672,ts_icl__model_config.context_length-2048__pipeline_config.raw_inference.completed_at-2026-09-27T14_02_24.093355_00_00,0.7492488640413211,1,0.7699699533431623,23.00300466568377,1
15T,672,ts_icl__model_config.context_length-256__pipeline_config.raw_inference.completed_at-2026-09-27T15_06_44.440666_00_00,1.4071418867620769,1,1.4460575449569892,-44.605754495698925,1
15T,672,ts_icl__model_config.context_length-4096__pipeline_config.raw_inference.completed_at-2026-09-26T16_13_54.542217_00_00,0.7579333755376296,1,0.778894642098182,22.110535790181796,1
15T,672,ts_icl__model_config.context_length-512__pipeline_config.raw_inference.completed_at-2026-09-27T13_58_00.493914_00_00,0.9550656687184123,1,0.9814787898593547,1.8521210140645339,1
15T,672,chronos2__model_config.context_length-1024__pipeline_config.raw_inference.completed_at-2026-09-27T13_48_36.544091_00_00,0.6253298217633885,1,0.6683576099944045,33.16423900055955,1
15T,672,chronos2__model_config.context_length-2048__pipeline_config.raw_inference.completed_at-2026-09-27T13_44_31.231650_00_00,0.5786461560994236,1,0.6184617276567294,38.15382723432707,1
15T,672,chronos2__model_config.context_length-4096__pipeline_config.raw_inference.completed_at-2026-09-27T13_45_28.370461_00_00,0.5862159543184277,1,0.6265523896877301,37.344761031226994,1
15T,672,chronos2__model_config.context_length-512__pipeline_config.raw_inference.completed_at-2026-09-27T13_49_59.267552_00_00,0.7117659888597004,1,0.7607412898493965,23.925871015060352,1
15T,672,chronos2__model_config.context_length-8192__pipeline_config.raw_inference.completed_at-2026-09-26T15_53_11.055192_00_00,0.592638224850232,1,0.6334165647741988,36.65834352258012,1
15T,672,chronos_bolt__model_config.context_length-1024__pipeline_config.raw_inference.completed_at-2026-09-27T13_25_31.381007_00_00,0.6563317891134344,1,0.7014927653669263,29.85072346330737,1
15T,672,chronos_bolt__model_config.context_length-128__pipeline_config.raw_inference.completed_at-2026-09-27T13_31_34.241967_00_00,0.8533599919827128,1,0.912078114390998,8.792188560900204,1
15T,672,chronos_bolt__model_config.context_length-2048__pipeline_config.raw_inference.completed_at-2026-09-26T15_54_13.144229_00_00,0.6364014052199654,1,0.6801910086271843,31.980899137281572,1
15T,672,chronos_bolt__model_config.context_length-256__pipeline_config.raw_inference.completed_at-2026-09-27T13_30_47.537983_00_00,0.8012965708992139,1,0.8564323056154394,14.356769438456062,1
15T,672,chronos_bolt__model_config.context_length-512__pipeline_config.raw_inference.completed_at-2026-09-27T15_00_52.240141_00_00,0.7125269272549728,1,0.7615545870079792,23.84454129920208,1
15T,672,ts_icl__model_config.context_length-1024__pipeline_config.raw_inference.completed_at-2026-09-27T13_59_13.423776_00_00,0.6860273022056718,1,0.733231571780984,26.6768428219016,1
15T,672,ts_icl__model_config.context_length-2048__pipeline_config.raw_inference.completed_at-2026-09-27T14_05_23.606987_00_00,0.6123227795772235,1,0.6544555772972801,34.55444227027199,1
15T,672,ts_icl__model_config.context_length-256__pipeline_config.raw_inference.completed_at-2026-09-27T15_07_39.677797_00_00,1.7719189794106986,1,1.8938414464915185,-89.38414464915185,1
15T,672,ts_icl__model_config.context_length-4096__pipeline_config.raw_inference.completed_at-2026-09-26T16_21_31.124155_00_00,0.6049253900009155,1,0.6465491870287388,35.34508129712612,1
15T,672,ts_icl__model_config.context_length-512__pipeline_config.raw_inference.completed_at-2026-09-27T13_59_02.765815_00_00,1.2568520690591602,1,1.3433337348666394,-34.333373486663945,1
15T,672,chronos2__model_config.context_length-1024__pipeline_config.raw_inference.completed_at-2026-09-27T13_48_25.405004_00_00,0.8323048170508887,1,0.6363712154025504,36.36287845974496,1
15T,672,chronos2__model_config.context_length-2048__pipeline_config.raw_inference.completed_at-2026-09-27T13_44_19.100673_00_00,0.7344846100303379,1,0.5615789484862448,43.84210515137552,1
15T,672,chronos2__model_config.context_length-4096__pipeline_config.raw_inference.completed_at-2026-09-27T13_45_17.194614_00_00,0.7206119959302046,1,0.550972098549952,44.9027901450048,1
15T,672,chronos2__model_config.context_length-512__pipeline_config.raw_inference.completed_at-2026-09-27T13_49_48.211369_00_00,0.9595722797138757,1,0.7336785338715386,26.632146612846142,1
15T,672,chronos2__model_config.context_length-8192__pipeline_config.raw_inference.completed_at-2026-09-26T15_52_59.550091_00_00,0.7260138576806109,1,0.5551023033224332,44.48976966775668,1
15T,672,chronos_bolt__model_config.context_length-1024__pipeline_config.raw_inference.completed_at-2026-09-27T13_25_20.591214_00_00,0.9611144607924185,1,0.7348576687596442,26.51423312403558,1
15T,672,chronos_bolt__model_config.context_length-128__pipeline_config.raw_inference.completed_at-2026-09-27T13_31_23.329437_00_00,1.4057749792147625,1,1.074840267385712,-7.484026738571203,1
15T,672,chronos_bolt__model_config.context_length-2048__pipeline_config.raw_inference.completed_at-2026-09-26T15_54_01.859387_00_00,0.9706223534883668,1,0.7421273001577617,25.787269984223826,1
15T,672,chronos_bolt__model_config.context_length-256__pipeline_config.raw_inference.completed_at-2026-09-27T13_30_36.655614_00_00,0.9626648346352339,1,0.7360430677462518,26.395693225374817,1
15T,672,chronos_bolt__model_config.context_length-512__pipeline_config.raw_inference.completed_at-2026-09-27T15_00_41.486168_00_00,0.9956288533367972,1,0.7612469981043571,23.875300189564285,1
15T,672,ts_icl__model_config.context_length-1024__pipeline_config.raw_inference.completed_at-2026-09-27T13_59_06.498707_00_00,0.9328476148233518,1,0.713245145611371,28.675485438862903,1
15T,672,ts_icl__model_config.context_length-2048__pipeline_config.raw_inference.completed_at-2026-09-27T14_05_13.213961_00_00,0.8668643485238084,1,0.6627950574813353,33.72049425186647,1
15T,672,ts_icl__model_config.context_length-256__pipeline_config.raw_inference.completed_at-2026-09-27T15_07_33.047755_00_00,1.9032890425165079,1,1.4552341118729,-45.523411187289994,1
15T,672,ts_icl__model_config.context_length-4096__pipeline_config.raw_inference.completed_at-2026-09-26T16_21_13.726040_00_00,0.8407709166409469,1,0.642844303116898,35.7155696883102,1
15T,672,ts_icl__model_config.context_length-512__pipeline_config.raw_inference.completed_at-2026-09-27T13_58_56.518828_00_00,1.7569394216263845,1,1.3433367826593698,-34.33367826593698,1
15T,672,seasonal_naive,1.0722006816723797,3,1.0,0.0,3
15T,24,chronos2__model_config.context_length-1024__pipeline_config.raw_inference.completed_at-2026-09-27T13_47_50.199039_00_00,0.5598059828734926,1,0.614558418693195,38.54415813068049,1
15T,24,chronos2__model_config.context_length-2048__pipeline_config.raw_inference.completed_at-2026-09-27T13_43_35.182195_00_00,0.5427070616303975,1,0.595787118775004,40.4212881224996,1
15T,24,chronos2__model_config.context_length-4096__pipeline_config.raw_inference.completed_at-2026-09-27T13_44_16.220838_00_00,0.5402466573351691,1,0.5930860719493519,40.69139280506481,1
15T,24,chronos2__model_config.context_length-512__pipeline_config.raw_inference.completed_at-2026-09-27T13_49_12.936849_00_00,0.5852597729755333,1,0.6425017445479201,35.74982554520799,1
15T,24,chronos2__model_config.context_length-8192__pipeline_config.raw_inference.completed_at-2026-09-26T15_51_13.717626_00_00,0.5410549755223345,1,0.5939734485800114,40.60265514199885,1
15T,24,chronos_bolt__model_config.context_length-1024__pipeline_config.raw_inference.completed_at-2026-09-27T13_24_09.007800_00_00,0.5814818712169881,1,0.638354340980005,36.1645659019995,1
15T,24,chronos_bolt__model_config.context_length-128__pipeline_config.raw_inference.completed_at-2026-09-27T13_30_33.744719_00_00,0.8866533087393715,1,0.9733734043908858,2.662659560911418,1
15T,24,chronos_bolt__model_config.context_length-2048__pipeline_config.raw_inference.completed_at-2026-09-26T15_52_20.891228_00_00,0.570156750162608,1,0.6259215540866543,37.40784459133457,1
15T,24,chronos_bolt__model_config.context_length-256__pipeline_config.raw_inference.completed_at-2026-09-27T13_29_44.625477_00_00,0.7018686823949896,1,0.7705157157643616,22.94842842356384,1
15T,24,chronos_bolt__model_config.context_length-512__pipeline_config.raw_inference.completed_at-2026-09-27T14_59_44.879204_00_00,0.6343085239350916,1,0.6963477621875608,30.365223781243923,1
15T,24,ts_icl__model_config.context_length-1024__pipeline_config.raw_inference.completed_at-2026-09-27T13_57_37.941537_00_00,0.5624719381533362,1,0.6174851206421053,38.25148793578948,1
15T,24,ts_icl__model_config.context_length-2048__pipeline_config.raw_inference.completed_at-2026-09-27T14_02_21.342475_00_00,0.5547592743884325,1,0.609018111370533,39.09818886294671,1
15T,24,ts_icl__model_config.context_length-256__pipeline_config.raw_inference.completed_at-2026-09-27T15_06_42.857859_00_00,0.7780693124459063,1,0.8541692316970403,14.58307683029597,1
15T,24,ts_icl__model_config.context_length-4096__pipeline_config.raw_inference.completed_at-2026-09-26T16_13_49.181705_00_00,0.5592457058390135,1,0.6139433431511792,38.605665684882084,1
15T,24,ts_icl__model_config.context_length-512__pipeline_config.raw_inference.completed_at-2026-09-27T13_57_58.815260_00_00,0.6364389723340449,1,0.6986865814199805,30.131341858001946,1
15T,24,seasonal_naive,0.9109076791493171,1,1.0,0.0,1
15T,16,chronos2__model_config.context_length-1024__pipeline_config.raw_inference.completed_at-2026-09-27T13_48_35.887228_00_00,0.4339420295933635,1,0.5547956548535535,44.52043451464465,1
15T,16,chronos2__model_config.context_length-2048__pipeline_config.raw_inference.completed_at-2026-09-27T13_44_30.554033_00_00,0.39088172401735316,1,0.49974297776527243,50.025702223472756,1
15T,16,chronos2__model_config.context_length-4096__pipeline_config.raw_inference.completed_at-2026-09-27T13_45_27.657912_00_00,0.39643595470326487,1,0.5068440715530432,49.31559284469568,1
15T,16,chronos2__model_config.context_length-512__pipeline_config.raw_inference.completed_at-2026-09-27T13_49_58.602946_00_00,0.5479216544655633,1,0.700518807506434,29.948119249356598,1
15T,16,chronos2__model_config.context_length-8192__pipeline_config.raw_inference.completed_at-2026-09-26T15_53_10.265308_00_00,0.4022035802507917,1,0.5142179910500525,48.57820089499475,1
15T,16,chronos_bolt__model_config.context_length-1024__pipeline_config.raw_inference.completed_at-2026-09-27T13_25_30.700581_00_00,0.4867717781292505,1,0.6223385821016503,37.766141789834975,1
15T,16,chronos_bolt__model_config.context_length-128__pipeline_config.raw_inference.completed_at-2026-09-27T13_31_33.754071_00_00,0.676581014761465,1,0.8650100279473123,13.49899720526877,1
15T,16,chronos_bolt__model_config.context_length-2048__pipeline_config.raw_inference.completed_at-2026-09-26T15_54_12.227336_00_00,0.445327653983243,1,0.5693521958394981,43.06478041605018,1
15T,16,chronos_bolt__model_config.context_length-256__pipeline_config.raw_inference.completed_at-2026-09-27T13_30_47.021642_00_00,0.6922926345924768,1,0.8850973617811069,11.490263821889313,1
15T,16,chronos_bolt__model_config.context_length-512__pipeline_config.raw_inference.completed_at-2026-09-27T15_00_51.679669_00_00,0.6072394890417453,1,0.7763567642699818,22.36432357300182,1
15T,16,ts_icl__model_config.context_length-1024__pipeline_config.raw_inference.completed_at-2026-09-27T13_59_12.263005_00_00,0.47709653858909506,1,0.6099687711811097,39.00312288188903,1
15T,16,ts_icl__model_config.context_length-2048__pipeline_config.raw_inference.completed_at-2026-09-27T14_05_22.287010_00_00,0.4353184695083119,1,0.5565554357272706,44.34445642727294,1
15T,16,ts_icl__model_config.context_length-256__pipeline_config.raw_inference.completed_at-2026-09-27T15_07_38.612189_00_00,0.6625520437132466,1,0.847073963568134,15.292603643186597,1
15T,16,ts_icl__model_config.context_length-4096__pipeline_config.raw_inference.completed_at-2026-09-26T16_21_29.290215_00_00,0.4363837318757116,1,0.5579173755542706,44.208262444572945,1
15T,16,ts_icl__model_config.context_length-512__pipeline_config.raw_inference.completed_at-2026-09-27T13_59_01.691670_00_00,0.5789689029732736,1,0.7402127698160476,25.978723018395243,1
15T,16,chronos2__model_config.context_length-1024__pipeline_config.raw_inference.completed_at-2026-09-27T13_48_15.245675_00_00,0.39637423791309156,1,0.4207493464206178,57.92506535793822,1
15T,16,chronos2__model_config.context_length-2048__pipeline_config.raw_inference.completed_at-2026-09-27T13_44_07.521053_00_00,0.37169406636338814,1,0.3945514630673529,60.54485369326471,1
15T,16,chronos2__model_config.context_length-4096__pipeline_config.raw_inference.completed_at-2026-09-27T13_45_02.936022_00_00,0.36813365550504334,1,0.39077210407186264,60.92278959281374,1
15T,16,chronos2__model_config.context_length-512__pipeline_config.raw_inference.completed_at-2026-09-27T13_49_38.035709_00_00,0.45730894769086783,1,0.4854312476670626,51.456875233293744,1
15T,16,chronos2__model_config.context_length-8192__pipeline_config.raw_inference.completed_at-2026-09-26T15_52_38.199887_00_00,0.3700561151945231,1,0.3928127857824786,60.71872142175214,1
15T,16,chronos_bolt__model_config.context_length-1024__pipeline_config.raw_inference.completed_at-2026-09-27T13_24_38.801459_00_00,0.4219257596778393,1,0.44787216383471773,55.21278361652823,1
15T,16,chronos_bolt__model_config.context_length-128__pipeline_config.raw_inference.completed_at-2026-09-27T13_31_01.422959_00_00,0.6036241433187272,1,0.6407441238417363,35.92558761582637,1
15T,16,chronos_bolt__model_config.context_length-2048__pipeline_config.raw_inference.completed_at-2026-09-26T15_52_56.939323_00_00,0.40722017076287736,1,0.43226225195629453,56.77377480437055,1
15T,16,chronos_bolt__model_config.context_length-256__pipeline_config.raw_inference.completed_at-2026-09-27T13_30_12.143463_00_00,0.5174729592072732,1,0.5492950564172174,45.07049435827825,1
15T,16,chronos_bolt__model_config.context_length-512__pipeline_config.raw_inference.completed_at-2026-09-27T15_00_12.613096_00_00,0.4678130972189297,1,0.4965813518511935,50.34186481488065,1
15T,16,ts_icl__model_config.context_length-1024__pipeline_config.raw_inference.completed_at-2026-09-27T13_58_45.218576_00_00,0.428485505011667,1,0.4548353019448662,54.51646980551338,1
15T,16,ts_icl__model_config.context_length-2048__pipeline_config.raw_inference.completed_at-2026-09-27T14_04_38.770749_00_00,0.4068659634682698,1,0.4318862626173097,56.81137373826903,1
15T,16,ts_icl__model_config.context_length-256__pipeline_config.raw_inference.completed_at-2026-09-27T15_07_19.582210_00_00,0.5752736451549326,1,0.6106502064471075,38.934979355289244,1
15T,16,ts_icl__model_config.context_length-4096__pipeline_config.raw_inference.completed_at-2026-09-26T16_19_55.707136_00_00,0.40559594179022385,1,0.4305381407166755,56.94618592833245,1
15T,16,ts_icl__model_config.context_length-512__pipeline_config.raw_inference.completed_at-2026-09-27T13_58_41.030602_00_00,0.514743060324518,1,0.5463972818878712,45.36027181121288,1
15T,16,chronos2__model_config.context_length-1024__pipeline_config.raw_inference.completed_at-2026-09-27T13_43_32.635987_00_00,0.5890252443164739,1,0.5418012718116135,45.81987281883865,1
15T,16,chronos2__model_config.context_length-2048__pipeline_config.raw_inference.completed_at-2026-09-27T13_38_38.820413_00_00,0.5742264481874954,1,0.5281889408608991,47.181105913910095,1
15T,16,chronos2__model_config.context_length-4096__pipeline_config.raw_inference.completed_at-2026-09-27T13_38_17.032499_00_00,0.5825656093207207,1,0.5358595256981694,46.41404743018306,1
15T,16,chronos2__model_config.context_length-512__pipeline_config.raw_inference.completed_at-2026-09-27T13_45_12.209769_00_00,0.5880222129460679,1,0.540878656563122,45.9121343436878,1
15T,16,chronos2__model_config.context_length-8192__pipeline_config.raw_inference.completed_at-2026-09-26T15_43_37.521897_00_00,0.6094823944099157,1,0.5606183090187876,43.938169098121236,1
15T,16,chronos_bolt__model_config.context_length-1024__pipeline_config.raw_inference.completed_at-2026-09-27T13_17_14.910180_00_00,0.6855867510304583,1,0.6306211443900684,36.93788556099315,1
15T,16,chronos_bolt__model_config.context_length-128__pipeline_config.raw_inference.completed_at-2026-09-27T13_25_04.829539_00_00,0.7794525148407846,1,0.7169614000967981,28.30385999032019,1
15T,16,chronos_bolt__model_config.context_length-2048__pipeline_config.raw_inference.completed_at-2026-09-26T15_43_26.091522_00_00,0.6716427400325539,1,0.6177950678072444,38.22049321927557,1
15T,16,chronos_bolt__model_config.context_length-256__pipeline_config.raw_inference.completed_at-2026-09-27T13_24_06.608151_00_00,0.6740664845280215,1,0.6200244932229829,37.99755067770171,1
15T,16,chronos_bolt__model_config.context_length-512__pipeline_config.raw_inference.completed_at-2026-09-27T13_20_57.600453_00_00,0.6782083015553398,1,0.6238342479909914,37.61657520090086,1
15T,16,ts_icl__model_config.context_length-1024__pipeline_config.raw_inference.completed_at-2026-09-27T13_51_20.821879_00_00,0.6588886627162889,1,0.6060635242487762,39.39364757512238,1
15T,16,ts_icl__model_config.context_length-2048__pipeline_config.raw_inference.completed_at-2026-09-27T13_50_25.991693_00_00,0.6545353988236057,1,0.6020592749634602,39.79407250365398,1
15T,16,ts_icl__model_config.context_length-256__pipeline_config.raw_inference.completed_at-2026-09-27T13_53_50.847207_00_00,0.6929298507361571,1,0.6373755251198856,36.26244748801144,1
15T,16,ts_icl__model_config.context_length-4096__pipeline_config.raw_inference.completed_at-2026-09-26T15_44_38.711832_00_00,0.673833606957897,1,0.6198102861666855,38.01897138333145,1
15T,16,ts_icl__model_config.context_length-512__pipeline_config.raw_inference.completed_at-2026-09-27T13_53_23.774800_00_00,0.6506449470602564,1,0.5984807327300957,40.151926726990425,1
15T,16,seasonal_naive,0.9371313209954485,3,1.0,0.0,3
Q,4,chronos2__model_config.context_length-1024__pipeline_config.raw_inference.completed_at-2026-09-27T13_51_38.760456_00_00,1.427177654123309,1,0.7670994049743153,23.29005950256847,1
Q,4,chronos2__model_config.context_length-2048__pipeline_config.raw_inference.completed_at-2026-09-27T13_47_35.687941_00_00,1.427177654123309,1,0.7670994049743153,23.29005950256847,1
Q,4,chronos2__model_config.context_length-4096__pipeline_config.raw_inference.completed_at-2026-09-27T13_48_34.466060_00_00,1.427177654123309,1,0.7670994049743153,23.29005950256847,1
Q,4,chronos2__model_config.context_length-512__pipeline_config.raw_inference.completed_at-2026-09-27T13_53_00.980199_00_00,1.427177654123309,1,0.7670994049743153,23.29005950256847,1
Q,4,chronos2__model_config.context_length-8192__pipeline_config.raw_inference.completed_at-2026-09-26T15_56_21.042709_00_00,1.427177654123309,1,0.7670994049743153,23.29005950256847,1
Q,4,chronos_bolt__model_config.context_length-1024__pipeline_config.raw_inference.completed_at-2026-09-27T13_28_42.614580_00_00,1.5684767906961357,1,0.8430468410032113,15.695315899678874,1
Q,4,chronos_bolt__model_config.context_length-128__pipeline_config.raw_inference.completed_at-2026-09-27T13_34_42.308630_00_00,1.5740563587431624,1,0.8460458252687806,15.395417473121942,1
Q,4,chronos_bolt__model_config.context_length-2048__pipeline_config.raw_inference.completed_at-2026-09-26T15_57_25.251262_00_00,1.5684767906961357,1,0.8430468410032113,15.695315899678874,1
Q,4,chronos_bolt__model_config.context_length-256__pipeline_config.raw_inference.completed_at-2026-09-27T13_33_56.011275_00_00,1.5684767906961357,1,0.8430468410032113,15.695315899678874,1
Q,4,chronos_bolt__model_config.context_length-512__pipeline_config.raw_inference.completed_at-2026-09-27T15_25_50.425591_00_00,1.5684767906961357,1,0.8430468410032113,15.695315899678874,1
Q,4,ts_icl__model_config.context_length-1024__pipeline_config.raw_inference.completed_at-2026-09-27T14_01_14.941004_00_00,1.5345163921503744,1,0.8247933310481758,17.520666895182423,1
Q,4,ts_icl__model_config.context_length-2048__pipeline_config.raw_inference.completed_at-2026-09-27T14_08_06.842307_00_00,1.5345163921503744,1,0.8247933310481758,17.520666895182423,1
Q,4,ts_icl__model_config.context_length-256__pipeline_config.raw_inference.completed_at-2026-09-27T15_09_29.732953_00_00,1.5345163921503744,1,0.8247933310481758,17.520666895182423,1
Q,4,ts_icl__model_config.context_length-4096__pipeline_config.raw_inference.completed_at-2026-09-26T16_24_41.799969_00_00,1.5345163921503744,1,0.8247933310481758,17.520666895182423,1
Q,4,ts_icl__model_config.context_length-512__pipeline_config.raw_inference.completed_at-2026-09-27T14_00_58.469360_00_00,1.5345163921503744,1,0.8247933310481758,17.520666895182423,1
Q,4,chronos2__model_config.context_length-1024__pipeline_config.raw_inference.completed_at-2026-09-27T13_51_29.511316_00_00,0.9486989791711424,1,0.7439285982659435,25.60714017340565,1
Q,4,chronos2__model_config.context_length-2048__pipeline_config.raw_inference.completed_at-2026-09-27T13_47_26.390683_00_00,0.9486989791711424,1,0.7439285982659435,25.60714017340565,1
Q,4,chronos2__model_config.context_length-4096__pipeline_config.raw_inference.completed_at-2026-09-27T13_48_25.163713_00_00,0.9486989791711424,1,0.7439285982659435,25.60714017340565,1
Q,4,chronos2__model_config.context_length-512__pipeline_config.raw_inference.completed_at-2026-09-27T13_52_51.718146_00_00,0.9486989791711424,1,0.7439285982659435,25.60714017340565,1
Q,4,chronos2__model_config.context_length-8192__pipeline_config.raw_inference.completed_at-2026-09-26T15_56_11.762064_00_00,0.9486989791711424,1,0.7439285982659435,25.60714017340565,1
Q,4,chronos_bolt__model_config.context_length-1024__pipeline_config.raw_inference.completed_at-2026-09-27T13_28_32.596238_00_00,0.9984850154591438,1,0.7829686489059356,21.703135109406436,1
Q,4,chronos_bolt__model_config.context_length-128__pipeline_config.raw_inference.completed_at-2026-09-27T13_34_32.381063_00_00,0.9856588122986761,1,0.7729108966075434,22.70891033924566,1
Q,4,chronos_bolt__model_config.context_length-2048__pipeline_config.raw_inference.completed_at-2026-09-26T15_57_15.535235_00_00,0.9984850154591438,1,0.7829686489059356,21.703135109406436,1
Q,4,chronos_bolt__model_config.context_length-256__pipeline_config.raw_inference.completed_at-2026-09-27T13_33_46.197769_00_00,0.9914554142807526,1,0.7774563405069341,22.25436594930659,1
Q,4,chronos_bolt__model_config.context_length-512__pipeline_config.raw_inference.completed_at-2026-09-27T15_25_40.643451_00_00,0.9984850154591438,1,0.7829686489059356,21.703135109406436,1
Q,4,ts_icl__model_config.context_length-1024__pipeline_config.raw_inference.completed_at-2026-09-27T14_01_07.205106_00_00,0.9638907561105797,1,0.7558413309365304,24.415866906346963,1
Q,4,ts_icl__model_config.context_length-2048__pipeline_config.raw_inference.completed_at-2026-09-27T14_07_59.088544_00_00,0.9638907561105797,1,0.7558413309365304,24.415866906346963,1
Q,4,ts_icl__model_config.context_length-256__pipeline_config.raw_inference.completed_at-2026-09-27T15_09_22.021258_00_00,0.9629877274651132,1,0.7551332150334197,24.486678496658033,1
Q,4,ts_icl__model_config.context_length-4096__pipeline_config.raw_inference.completed_at-2026-09-26T16_24_34.130643_00_00,0.9638907561105797,1,0.7558413309365304,24.415866906346963,1
Q,4,ts_icl__model_config.context_length-512__pipeline_config.raw_inference.completed_at-2026-09-27T14_00_50.556087_00_00,0.9638907561105797,1,0.7558413309365304,24.415866906346963,1
Q,4,seasonal_naive,1.5678706792128547,2,1.0,0.0,2
5T,576,chronos2__model_config.context_length-1024__pipeline_config.raw_inference.completed_at-2026-09-27T13_53_34.393410_00_00,0.6607532200780499,1,0.7606316296951224,23.936837030487755,1
5T,576,chronos2__model_config.context_length-2048__pipeline_config.raw_inference.completed_at-2026-09-27T13_49_42.358473_00_00,0.6747563942420807,1,0.7767515014742311,22.32484985257689,1
5T,576,chronos2__model_config.context_length-4096__pipeline_config.raw_inference.completed_at-2026-09-27T13_50_57.481601_00_00,0.6667100086957658,1,0.7674888370402602,23.251116295973983,1
5T,576,chronos2__model_config.context_length-512__pipeline_config.raw_inference.completed_at-2026-09-27T13_54_51.531000_00_00,0.6794932775606255,1,0.7822044045684223,21.779559543157767,1
5T,576,chronos2__model_config.context_length-8192__pipeline_config.raw_inference.completed_at-2026-09-26T15_59_17.220077_00_00,0.6686335696286634,1,0.7697031603954076,23.029683960459234,1
5T,576,chronos_bolt__model_config.context_length-1024__pipeline_config.raw_inference.completed_at-2026-09-27T13_35_21.189429_00_00,0.701166061717593,1,0.807153212432571,19.284678756742903,1
5T,576,chronos_bolt__model_config.context_length-128__pipeline_config.raw_inference.completed_at-2026-09-27T13_38_19.337071_00_00,0.7216836597244431,1,0.830772218038834,16.922778196116596,1
5T,576,chronos_bolt__model_config.context_length-2048__pipeline_config.raw_inference.completed_at-2026-09-26T16_07_48.889946_00_00,0.694838569336889,1,0.7998692663311054,20.013073366889454,1
5T,576,chronos_bolt__model_config.context_length-256__pipeline_config.raw_inference.completed_at-2026-09-27T13_37_53.418455_00_00,0.711176452891046,1,0.8186767584718168,18.132324152818324,1
5T,576,chronos_bolt__model_config.context_length-512__pipeline_config.raw_inference.completed_at-2026-09-27T15_30_39.867872_00_00,0.6994125472728324,1,0.8051346395232258,19.486536047677415,1
5T,576,ts_icl__model_config.context_length-1024__pipeline_config.raw_inference.completed_at-2026-09-27T14_03_45.629644_00_00,0.690542332293996,1,0.7949236169052786,20.507638309472142,1
5T,576,ts_icl__model_config.context_length-2048__pipeline_config.raw_inference.completed_at-2026-09-27T14_12_35.625329_00_00,0.6950628403427839,1,0.8001274377868375,19.98725622131625,1
5T,576,ts_icl__model_config.context_length-256__pipeline_config.raw_inference.completed_at-2026-09-27T15_11_07.335061_00_00,0.7336688308328198,1,0.8445690486184301,15.543095138156993,1
5T,576,ts_icl__model_config.context_length-4096__pipeline_config.raw_inference.completed_at-2026-09-26T16_32_46.568368_00_00,0.6979776681435321,1,0.803482866338668,19.651713366133205,1
5T,576,ts_icl__model_config.context_length-512__pipeline_config.raw_inference.completed_at-2026-09-27T14_02_48.347562_00_00,0.6920076976668856,1,0.7966104845856936,20.33895154143064,1
5T,576,seasonal_naive,0.8686901704875118,1,1.0,0.0,1
5T,48,chronos2__model_config.context_length-1024__pipeline_config.raw_inference.completed_at-2026-09-27T13_53_33.678211_00_00,0.6210957758806417,1,0.7117577118338002,28.82422881661998,1
5T,48,chronos2__model_config.context_length-2048__pipeline_config.raw_inference.completed_at-2026-09-27T13_49_41.620011_00_00,0.6138846551725118,1,0.7034939770375065,29.65060229624935,1
5T,48,chronos2__model_config.context_length-4096__pipeline_config.raw_inference.completed_at-2026-09-27T13_50_56.686778_00_00,0.6128994648141513,1,0.7023649775137323,29.76350224862677,1
5T,48,chronos2__model_config.context_length-512__pipeline_config.raw_inference.completed_at-2026-09-27T13_54_50.823961_00_00,0.6302571048986634,1,0.7222563286855702,27.77436713144298,1
5T,48,chronos2__model_config.context_length-8192__pipeline_config.raw_inference.completed_at-2026-09-26T15_59_16.297649_00_00,0.6120071780108346,1,0.7013424427645181,29.865755723548194,1
5T,48,chronos_bolt__model_config.context_length-1024__pipeline_config.raw_inference.completed_at-2026-09-27T13_35_19.215149_00_00,0.6568532373964728,1,0.7527347237180093,24.72652762819907,1
5T,48,chronos_bolt__model_config.context_length-128__pipeline_config.raw_inference.completed_at-2026-09-27T13_38_18.300828_00_00,0.709059035354158,1,0.8125610512214192,18.743894877858082,1
5T,48,chronos_bolt__model_config.context_length-2048__pipeline_config.raw_inference.completed_at-2026-09-26T16_07_45.846542_00_00,0.6495314561459699,1,0.7443441751556454,25.565582484435456,1
5T,48,chronos_bolt__model_config.context_length-256__pipeline_config.raw_inference.completed_at-2026-09-27T13_37_52.247920_00_00,0.6838114437310413,1,0.7836280448465099,21.637195515349006,1
5T,48,chronos_bolt__model_config.context_length-512__pipeline_config.raw_inference.completed_at-2026-09-27T15_30_38.427291_00_00,0.6638292102988992,1,0.7607289859617116,23.927101403828843,1
5T,48,ts_icl__model_config.context_length-1024__pipeline_config.raw_inference.completed_at-2026-09-27T14_03_44.276238_00_00,0.6487510832139933,1,0.7434498904510793,25.655010954892067,1
5T,48,ts_icl__model_config.context_length-2048__pipeline_config.raw_inference.completed_at-2026-09-27T14_12_34.067338_00_00,0.6441305027107695,1,0.7381548394556747,26.184516054432528,1
5T,48,ts_icl__model_config.context_length-256__pipeline_config.raw_inference.completed_at-2026-09-27T15_11_06.096370_00_00,0.6742528000360932,1,0.7726741169198479,22.73258830801521,1
5T,48,ts_icl__model_config.context_length-4096__pipeline_config.raw_inference.completed_at-2026-09-26T16_32_44.445985_00_00,0.6435365645174245,1,0.7374742035443024,26.252579645569764,1
5T,48,ts_icl__model_config.context_length-512__pipeline_config.raw_inference.completed_at-2026-09-27T14_02_47.054230_00_00,0.6551386610011872,1,0.7507698689898599,24.923013101014014,1
5T,48,chronos2__model_config.context_length-1024__pipeline_config.raw_inference.completed_at-2026-09-27T13_53_11.303992_00_00,0.6622607274970368,1,0.5949941065904752,40.50058934095247,1
5T,48,chronos2__model_config.context_length-2048__pipeline_config.raw_inference.completed_at-2026-09-27T13_49_17.972927_00_00,0.6607650521734936,1,0.5936503488136183,40.63496511863816,1
5T,48,chronos2__model_config.context_length-4096__pipeline_config.raw_inference.completed_at-2026-09-27T13_50_32.909269_00_00,0.6607650521734936,1,0.5936503488136183,40.63496511863816,1
5T,48,chronos2__model_config.context_length-512__pipeline_config.raw_inference.completed_at-2026-09-27T13_54_29.208755_00_00,0.6717322210171628,1,0.6035035690893066,39.64964309106934,1
5T,48,chronos2__model_config.context_length-8192__pipeline_config.raw_inference.completed_at-2026-09-26T15_58_51.103489_00_00,0.6607650521734936,1,0.5936503488136183,40.63496511863816,1
5T,48,chronos_bolt__model_config.context_length-1024__pipeline_config.raw_inference.completed_at-2026-09-27T13_34_47.672030_00_00,0.772569461187094,1,0.6940986491459387,30.590135085406132,1
5T,48,chronos_bolt__model_config.context_length-128__pipeline_config.raw_inference.completed_at-2026-09-27T13_37_51.711293_00_00,0.8848484282665456,1,0.7949733061089527,20.50266938910473,1
5T,48,chronos_bolt__model_config.context_length-2048__pipeline_config.raw_inference.completed_at-2026-09-26T16_07_11.019872_00_00,0.7729739710685387,1,0.6944620724708077,30.55379275291923,1
5T,48,chronos_bolt__model_config.context_length-256__pipeline_config.raw_inference.completed_at-2026-09-27T13_37_25.436398_00_00,0.869780338305278,1,0.7814357002200855,21.856429977991453,1
5T,48,chronos_bolt__model_config.context_length-512__pipeline_config.raw_inference.completed_at-2026-09-27T15_30_10.053200_00_00,0.7997451823696359,1,0.7185140995487872,28.14859004512128,1
5T,48,ts_icl__model_config.context_length-1024__pipeline_config.raw_inference.completed_at-2026-09-27T14_03_21.680581_00_00,0.695411503846695,1,0.6247777186000425,37.52222813999575,1
5T,48,ts_icl__model_config.context_length-2048__pipeline_config.raw_inference.completed_at-2026-09-27T14_11_40.574281_00_00,0.6951977394287573,1,0.6245856664918761,37.54143335081239,1
5T,48,ts_icl__model_config.context_length-256__pipeline_config.raw_inference.completed_at-2026-09-27T15_10_48.672800_00_00,0.7993778447837492,1,0.7181840728845793,28.18159271154207,1
5T,48,ts_icl__model_config.context_length-4096__pipeline_config.raw_inference.completed_at-2026-09-26T16_31_49.821962_00_00,0.6951977394287573,1,0.6245856664918761,37.54143335081239,1
5T,48,ts_icl__model_config.context_length-512__pipeline_config.raw_inference.completed_at-2026-09-27T14_02_28.273953_00_00,0.7179792546134529,1,0.645053235700343,35.4946764299657,1
5T,48,seasonal_naive,0.9928383694307895,2,1.0,0.0,2
B,20,chronos2__model_config.context_length-1024__pipeline_config.raw_inference.completed_at-2026-09-27T13_49_56.593638_00_00,1.3416777793038055,1,0.8657834478365974,13.421655216340255,1
B,20,chronos2__model_config.context_length-2048__pipeline_config.raw_inference.completed_at-2026-09-27T13_45_52.760791_00_00,1.3347030421981891,1,0.8612826563409017,13.871734365909827,1
B,20,chronos2__model_config.context_length-4096__pipeline_config.raw_inference.completed_at-2026-09-27T13_46_52.132284_00_00,1.3406052611536932,1,0.8650913528520972,13.490864714790284,1
B,20,chronos2__model_config.context_length-512__pipeline_config.raw_inference.completed_at-2026-09-27T13_51_17.903488_00_00,1.3474421144501965,1,0.8695031680514747,13.049683194852534,1
B,20,chronos2__model_config.context_length-8192__pipeline_config.raw_inference.completed_at-2026-09-26T15_54_38.621987_00_00,1.3434109152905664,1,0.866901838908831,13.309816109116902,1
B,20,chronos_bolt__model_config.context_length-1024__pipeline_config.raw_inference.completed_at-2026-09-27T13_26_55.432809_00_00,1.4459113886027488,1,0.9330453008920451,6.695469910795493,1
B,20,chronos_bolt__model_config.context_length-128__pipeline_config.raw_inference.completed_at-2026-09-27T13_32_57.166201_00_00,1.392086112370161,1,0.8983118992092742,10.168810079072577,1
B,20,chronos_bolt__model_config.context_length-2048__pipeline_config.raw_inference.completed_at-2026-09-26T15_55_38.573670_00_00,1.4220399114774767,1,0.9176410584656743,8.235894153432566,1
B,20,chronos_bolt__model_config.context_length-256__pipeline_config.raw_inference.completed_at-2026-09-27T13_32_11.140032_00_00,1.4422359853790756,1,0.930673566542511,6.932643345748901,1
B,20,chronos_bolt__model_config.context_length-512__pipeline_config.raw_inference.completed_at-2026-09-27T15_24_03.741368_00_00,1.4368159083697634,1,0.9271759957896457,7.282400421035429,1
B,20,ts_icl__model_config.context_length-1024__pipeline_config.raw_inference.completed_at-2026-09-27T14_00_18.739329_00_00,1.3619679885471292,1,0.8788767013636299,12.112329863637006,1
B,20,ts_icl__model_config.context_length-2048__pipeline_config.raw_inference.completed_at-2026-09-27T14_07_10.579889_00_00,1.3380281093651931,1,0.8634283191524531,13.657168084754689,1
B,20,ts_icl__model_config.context_length-256__pipeline_config.raw_inference.completed_at-2026-09-27T15_08_36.028125_00_00,1.4307183204559502,1,0.9232412278677625,7.675877213223748,1
B,20,ts_icl__model_config.context_length-4096__pipeline_config.raw_inference.completed_at-2026-09-26T16_23_45.381839_00_00,1.343467022681446,1,0.866938044957015,13.3061955042985,1
B,20,ts_icl__model_config.context_length-512__pipeline_config.raw_inference.completed_at-2026-09-27T14_00_01.256432_00_00,1.3750778472807699,1,0.8873364812527713,11.266351874722869,1
B,20,chronos2__model_config.context_length-1024__pipeline_config.raw_inference.completed_at-2026-09-27T13_49_46.786649_00_00,1.488265636983855,1,0.843215749916244,15.678425008375596,1
B,20,chronos2__model_config.context_length-2048__pipeline_config.raw_inference.completed_at-2026-09-27T13_45_42.643717_00_00,1.501271885636013,1,0.8505847796366726,14.941522036332744,1
B,20,chronos2__model_config.context_length-4096__pipeline_config.raw_inference.completed_at-2026-09-27T13_46_41.555567_00_00,1.4971261242029459,1,0.8482358902657925,15.17641097342075,1
B,20,chronos2__model_config.context_length-512__pipeline_config.raw_inference.completed_at-2026-09-27T13_51_07.958241_00_00,1.490464269814844,1,0.844461442745066,15.553855725493404,1
B,20,chronos2__model_config.context_length-8192__pipeline_config.raw_inference.completed_at-2026-09-26T15_54_27.831601_00_00,1.495406901303508,1,0.8472618196493663,15.27381803506337,1
B,20,chronos_bolt__model_config.context_length-1024__pipeline_config.raw_inference.completed_at-2026-09-27T13_26_44.788952_00_00,1.6044687529792911,1,0.909053658930439,9.0946341069561,1
B,20,chronos_bolt__model_config.context_length-128__pipeline_config.raw_inference.completed_at-2026-09-27T13_32_46.821216_00_00,1.597635461209567,1,0.9051820790855386,9.48179209144614,1
B,20,chronos_bolt__model_config.context_length-2048__pipeline_config.raw_inference.completed_at-2026-09-26T15_55_28.176860_00_00,1.5723117180459338,1,0.8908342512839882,10.916574871601181,1
B,20,chronos_bolt__model_config.context_length-256__pipeline_config.raw_inference.completed_at-2026-09-27T13_32_00.809012_00_00,1.559364503046506,1,0.8834986686206711,11.650133137932894,1
B,20,chronos_bolt__model_config.context_length-512__pipeline_config.raw_inference.completed_at-2026-09-27T15_23_53.442645_00_00,1.546352283100039,1,0.8761262557075625,12.387374429243748,1
B,20,ts_icl__model_config.context_length-1024__pipeline_config.raw_inference.completed_at-2026-09-27T14_00_12.271364_00_00,1.5199552845825461,1,0.8611703470664313,13.882965293356875,1
B,20,ts_icl__model_config.context_length-2048__pipeline_config.raw_inference.completed_at-2026-09-27T14_07_02.114406_00_00,1.5014381066043538,1,0.85067895646572,14.932104353427999,1
B,20,ts_icl__model_config.context_length-256__pipeline_config.raw_inference.completed_at-2026-09-27T15_08_30.318235_00_00,1.5210902816475813,1,0.8618134092843334,13.818659071566664,1
B,20,ts_icl__model_config.context_length-4096__pipeline_config.raw_inference.completed_at-2026-09-26T16_23_30.955745_00_00,1.5298372792725325,1,0.8667692491415153,13.323075085848469,1
B,20,ts_icl__model_config.context_length-512__pipeline_config.raw_inference.completed_at-2026-09-27T13_59_55.462410_00_00,1.4985224367801102,1,0.8490270076091031,15.09729923908969,1
B,20,seasonal_naive,1.6573284799588262,2,1.0,0.0,2
5T,96,chronos2__model_config.context_length-1024__pipeline_config.raw_inference.completed_at-2026-09-27T13_47_39.849433_00_00,0.6873150691793612,1,0.6724700265895841,32.75299734104159,1
5T,96,chronos2__model_config.context_length-2048__pipeline_config.raw_inference.completed_at-2026-09-27T13_43_24.396191_00_00,0.6045299936117529,1,0.5914729926752257,40.85270073247743,1
5T,96,chronos2__model_config.context_length-4096__pipeline_config.raw_inference.completed_at-2026-09-27T13_44_04.576991_00_00,0.5808028387994557,1,0.5682583111659558,43.17416888340442,1
5T,96,chronos2__model_config.context_length-512__pipeline_config.raw_inference.completed_at-2026-09-27T13_49_02.707518_00_00,0.7527567784143697,1,0.736498286586674,26.350171341332597,1
5T,96,chronos2__model_config.context_length-8192__pipeline_config.raw_inference.completed_at-2026-09-26T15_50_59.789761_00_00,0.5801664817821864,1,0.5676356985687455,43.236430143125446,1
5T,96,chronos_bolt__model_config.context_length-1024__pipeline_config.raw_inference.completed_at-2026-09-27T13_23_55.438664_00_00,0.8215585245547776,1,0.8038140113993015,19.618598860069845,1
5T,96,chronos_bolt__model_config.context_length-128__pipeline_config.raw_inference.completed_at-2026-09-27T13_30_21.283967_00_00,1.4801433212311297,1,1.4481742991218294,-44.81742991218294,1
5T,96,chronos_bolt__model_config.context_length-2048__pipeline_config.raw_inference.completed_at-2026-09-26T15_52_04.973736_00_00,0.7173457233720583,1,0.7018520607236205,29.81479392763795,1
5T,96,chronos_bolt__model_config.context_length-256__pipeline_config.raw_inference.completed_at-2026-09-27T13_29_32.151614_00_00,1.3936380891812847,1,1.363537458893441,-36.353745889344104,1
5T,96,chronos_bolt__model_config.context_length-512__pipeline_config.raw_inference.completed_at-2026-09-27T14_59_31.843799_00_00,1.0658624266423566,1,1.0428412914630554,-4.2841291463055375,1
5T,96,ts_icl__model_config.context_length-1024__pipeline_config.raw_inference.completed_at-2026-09-27T13_57_29.532203_00_00,0.7279730862951177,1,0.7122498874961075,28.775011250389248,1
5T,96,ts_icl__model_config.context_length-2048__pipeline_config.raw_inference.completed_at-2026-09-27T14_02_09.829695_00_00,0.6519088508837666,1,0.6378285330062945,36.21714669937055,1
5T,96,ts_icl__model_config.context_length-256__pipeline_config.raw_inference.completed_at-2026-09-27T15_06_36.398070_00_00,1.5025371314572058,1,1.4700844344199713,-47.00844344199713,1
5T,96,ts_icl__model_config.context_length-4096__pipeline_config.raw_inference.completed_at-2026-09-26T16_13_26.362732_00_00,0.6449028965535343,1,0.630973897474497,36.9026102525503,1
5T,96,ts_icl__model_config.context_length-512__pipeline_config.raw_inference.completed_at-2026-09-27T13_57_51.926987_00_00,0.9020308704579938,1,0.8825482673699648,11.745173263003517,1
5T,96,seasonal_naive,1.0220753966761364,1,1.0,0.0,1
5T,24,chronos2__model_config.context_length-1024__pipeline_config.raw_inference.completed_at-2026-09-27T13_47_38.477138_00_00,0.4174124972628178,1,0.4085596873804583,59.144031261954176,1
5T,24,chronos2__model_config.context_length-2048__pipeline_config.raw_inference.completed_at-2026-09-27T13_43_22.836747_00_00,0.3882687871118561,1,0.3800340797705678,61.99659202294322,1
5T,24,chronos2__model_config.context_length-4096__pipeline_config.raw_inference.completed_at-2026-09-27T13_44_02.539607_00_00,0.38368277365813164,1,0.37554533006790497,62.4454669932095,1
5T,24,chronos2__model_config.context_length-512__pipeline_config.raw_inference.completed_at-2026-09-27T13_49_01.474983_00_00,0.4459997795142809,1,0.4365406682478346,56.345933175216544,1
5T,24,chronos2__model_config.context_length-8192__pipeline_config.raw_inference.completed_at-2026-09-26T15_50_56.705854_00_00,0.38256966810718757,1,0.3744558321278641,62.55441678721358,1
5T,24,chronos_bolt__model_config.context_length-1024__pipeline_config.raw_inference.completed_at-2026-09-27T13_23_52.155325_00_00,0.5038250497107322,1,0.4931395350021222,50.686046499787786,1
5T,24,chronos_bolt__model_config.context_length-128__pipeline_config.raw_inference.completed_at-2026-09-27T13_30_19.268799_00_00,0.6833740995595842,1,0.6688805685282876,33.11194314717124,1
5T,24,chronos_bolt__model_config.context_length-2048__pipeline_config.raw_inference.completed_at-2026-09-26T15_51_59.733636_00_00,0.4592765393518389,1,0.4495358442050191,55.046415579498095,1
5T,24,chronos_bolt__model_config.context_length-256__pipeline_config.raw_inference.completed_at-2026-09-27T13_29_29.962611_00_00,0.6355385365853258,1,0.6220595394920491,37.794046050795096,1
5T,24,chronos_bolt__model_config.context_length-512__pipeline_config.raw_inference.completed_at-2026-09-27T14_59_29.439524_00_00,0.5854332440068626,1,0.5730169190477598,42.69830809522402,1
5T,24,ts_icl__model_config.context_length-1024__pipeline_config.raw_inference.completed_at-2026-09-27T13_57_26.339638_00_00,0.4518590415360596,1,0.4422756624696076,55.77243375303924,1
5T,24,ts_icl__model_config.context_length-2048__pipeline_config.raw_inference.completed_at-2026-09-27T14_02_04.713461_00_00,0.426087578876941,1,0.4170507810959263,58.294921890407366,1
5T,24,ts_icl__model_config.context_length-256__pipeline_config.raw_inference.completed_at-2026-09-27T15_06_34.289680_00_00,0.6009085054935613,1,0.5881639691159698,41.18360308840302,1
5T,24,ts_icl__model_config.context_length-4096__pipeline_config.raw_inference.completed_at-2026-09-26T16_13_14.902402_00_00,0.4241598137214453,1,0.4151639014877761,58.48360985122238,1
5T,24,ts_icl__model_config.context_length-512__pipeline_config.raw_inference.completed_at-2026-09-27T13_57_49.532494_00_00,0.4970005166706015,1,0.4864597419828015,51.35402580171985,1
5T,24,seasonal_naive,1.021668339182264,1,1.0,0.0,1
D,14,chronos2__model_config.context_length-1024__pipeline_config.raw_inference.completed_at-2026-09-27T13_46_46.165125_00_00,0.9168516748044591,1,0.7718849747554252,22.811502524457484,1
D,14,chronos2__model_config.context_length-2048__pipeline_config.raw_inference.completed_at-2026-09-27T13_42_28.123655_00_00,0.9016702746359176,1,0.7591039601072862,24.08960398927138,1
D,14,chronos2__model_config.context_length-4096__pipeline_config.raw_inference.completed_at-2026-09-27T13_43_03.385611_00_00,0.8996563650699254,1,0.757408476991288,24.2591523008712,1
D,14,chronos2__model_config.context_length-512__pipeline_config.raw_inference.completed_at-2026-09-27T13_48_09.647020_00_00,0.9362860234238188,1,0.7882464889519739,21.17535110480261,1
D,14,chronos2__model_config.context_length-8192__pipeline_config.raw_inference.completed_at-2026-09-26T15_49_44.402219_00_00,0.8996563650699254,1,0.757408476991288,24.2591523008712,1
D,14,chronos_bolt__model_config.context_length-1024__pipeline_config.raw_inference.completed_at-2026-09-27T13_22_54.691417_00_00,0.9331972052433387,1,0.7856460548700135,21.435394512998652,1
D,14,chronos_bolt__model_config.context_length-128__pipeline_config.raw_inference.completed_at-2026-09-27T13_29_22.972335_00_00,0.9681455823792673,1,0.8150686190040243,18.493138099597573,1
D,14,chronos_bolt__model_config.context_length-2048__pipeline_config.raw_inference.completed_at-2026-09-26T15_50_57.183615_00_00,0.9297402102509469,1,0.7827356577297115,21.726434227028847,1
D,14,chronos_bolt__model_config.context_length-256__pipeline_config.raw_inference.completed_at-2026-09-27T13_28_33.811832_00_00,0.9713934693931862,1,0.8178029709768031,18.21970290231969,1
D,14,chronos_bolt__model_config.context_length-512__pipeline_config.raw_inference.completed_at-2026-09-27T14_58_33.848410_00_00,0.9427817103638856,1,0.79371511957952,20.628488042047998,1
D,14,ts_icl__model_config.context_length-1024__pipeline_config.raw_inference.completed_at-2026-09-27T13_56_45.078047_00_00,0.9150534312980418,1,0.7703710579663753,22.96289420336247,1
D,14,ts_icl__model_config.context_length-2048__pipeline_config.raw_inference.completed_at-2026-09-27T14_01_05.850224_00_00,0.9069965188391198,1,0.7635880527749543,23.641194722504565,1
D,14,ts_icl__model_config.context_length-256__pipeline_config.raw_inference.completed_at-2026-09-27T15_06_01.269751_00_00,0.9553894616018139,1,0.8043294141414911,19.567058585850894,1
D,14,ts_icl__model_config.context_length-4096__pipeline_config.raw_inference.completed_at-2026-09-26T16_11_19.657416_00_00,0.9064737909955272,1,0.7631479753017452,23.685202469825484,1
D,14,ts_icl__model_config.context_length-512__pipeline_config.raw_inference.completed_at-2026-09-27T13_57_13.164353_00_00,0.9307450663912425,1,0.7835816324689193,21.641836753108066,1
D,14,seasonal_naive,1.1878086823687262,1,1.0,0.0,1
D,7,chronos2__model_config.context_length-1024__pipeline_config.raw_inference.completed_at-2026-09-27T13_46_45.234633_00_00,0.9025188338528152,1,0.7646494292591556,23.535057074084442,1
D,7,chronos2__model_config.context_length-2048__pipeline_config.raw_inference.completed_at-2026-09-27T13_42_26.868813_00_00,0.8906476166677824,1,0.7545916674655362,24.54083325344638,1
D,7,chronos2__model_config.context_length-4096__pipeline_config.raw_inference.completed_at-2026-09-27T13_43_01.750313_00_00,0.8880768388465542,1,0.7524136034517775,24.758639654822247,1
D,7,chronos2__model_config.context_length-512__pipeline_config.raw_inference.completed_at-2026-09-27T13_48_08.860342_00_00,0.9188313864259708,1,0.7784700649588839,22.152993504111606,1
D,7,chronos2__model_config.context_length-8192__pipeline_config.raw_inference.completed_at-2026-09-26T15_49_42.699250_00_00,0.8880768388465542,1,0.7524136034517775,24.758639654822247,1
D,7,chronos_bolt__model_config.context_length-1024__pipeline_config.raw_inference.completed_at-2026-09-27T13_22_53.609018_00_00,0.9162506613374568,1,0.7762835732293065,22.371642677069346,1
D,7,chronos_bolt__model_config.context_length-128__pipeline_config.raw_inference.completed_at-2026-09-27T13_29_21.969167_00_00,0.9544037816338888,1,0.8086083963408432,19.139160365915675,1
D,7,chronos_bolt__model_config.context_length-2048__pipeline_config.raw_inference.completed_at-2026-09-26T15_50_55.876369_00_00,0.9119706600002427,1,0.7726573878723118,22.734261212768825,1
D,7,chronos_bolt__model_config.context_length-256__pipeline_config.raw_inference.completed_at-2026-09-27T13_28_32.800380_00_00,0.9501786175874966,1,0.8050286712919952,19.49713287080048,1
D,7,chronos_bolt__model_config.context_length-512__pipeline_config.raw_inference.completed_at-2026-09-27T14_58_32.845906_00_00,0.9248183282513192,1,0.7835424373881855,21.645756261181447,1
D,7,ts_icl__model_config.context_length-1024__pipeline_config.raw_inference.completed_at-2026-09-27T13_56_41.815537_00_00,0.9020180270113842,1,0.7642251260190398,23.577487398096018,1
D,7,ts_icl__model_config.context_length-2048__pipeline_config.raw_inference.completed_at-2026-09-27T14_00_59.720571_00_00,0.8964222320874258,1,0.7594841486185018,24.05158513814982,1
D,7,ts_icl__model_config.context_length-256__pipeline_config.raw_inference.completed_at-2026-09-27T15_05_59.240640_00_00,0.9341821812886695,1,0.7914758617247287,20.852413827527126,1
D,7,ts_icl__model_config.context_length-4096__pipeline_config.raw_inference.completed_at-2026-09-26T16_11_04.726473_00_00,0.8958595179797237,1,0.7590073951091556,24.09926048908444,1
D,7,ts_icl__model_config.context_length-512__pipeline_config.raw_inference.completed_at-2026-09-27T13_57_10.870493_00_00,0.9138806023364293,1,0.7742755660892121,22.57244339107879,1
D,7,seasonal_naive,1.180304070490495,1,1.0,0.0,1
D,3,chronos2__model_config.context_length-1024__pipeline_config.raw_inference.completed_at-2026-09-27T13_46_43.543828_00_00,0.8594183492683298,1,0.8039749123907707,19.60250876092293,1
D,3,chronos2__model_config.context_length-2048__pipeline_config.raw_inference.completed_at-2026-09-27T13_42_24.490940_00_00,0.853553098287927,1,0.7984880448516568,20.15119551483432,1
D,3,chronos2__model_config.context_length-4096__pipeline_config.raw_inference.completed_at-2026-09-27T13_42_58.766469_00_00,0.8518474893871785,1,0.7968924694631168,20.310753053688323,1
D,3,chronos2__model_config.context_length-512__pipeline_config.raw_inference.completed_at-2026-09-27T13_48_07.456666_00_00,0.8700346881378158,1,0.813906362097159,18.609363790284096,1
D,3,chronos2__model_config.context_length-8192__pipeline_config.raw_inference.completed_at-2026-09-26T15_49_39.685431_00_00,0.8518474893871785,1,0.7968924694631168,20.310753053688323,1
D,3,chronos_bolt__model_config.context_length-1024__pipeline_config.raw_inference.completed_at-2026-09-27T13_22_51.399269_00_00,0.8750055662318564,1,0.818556555199929,18.144344480007103,1
D,3,chronos_bolt__model_config.context_length-128__pipeline_config.raw_inference.completed_at-2026-09-27T13_29_19.923212_00_00,0.9075615240565056,1,0.8490122388168234,15.098776118317659,1
D,3,chronos_bolt__model_config.context_length-2048__pipeline_config.raw_inference.completed_at-2026-09-26T15_50_53.220168_00_00,0.8705035534727462,1,0.8143449796422634,18.56550203577366,1
D,3,chronos_bolt__model_config.context_length-256__pipeline_config.raw_inference.completed_at-2026-09-27T13_28_30.749504_00_00,0.900584674931306,1,0.8424854853806518,15.751451461934817,1
D,3,chronos_bolt__model_config.context_length-512__pipeline_config.raw_inference.completed_at-2026-09-27T14_58_30.797364_00_00,0.8801712498112108,1,0.8233889863513997,17.66110136486003,1
D,3,ts_icl__model_config.context_length-1024__pipeline_config.raw_inference.completed_at-2026-09-27T13_56_35.794393_00_00,0.860082993979146,1,0.8045966790467938,19.540332095320622,1
D,3,ts_icl__model_config.context_length-2048__pipeline_config.raw_inference.completed_at-2026-09-27T14_00_47.726030_00_00,0.853972129942296,1,0.7988800436237299,20.11199563762701,1
D,3,ts_icl__model_config.context_length-256__pipeline_config.raw_inference.completed_at-2026-09-27T15_05_55.803199_00_00,0.885038881595241,1,0.8279425938470367,17.205740615296328,1
D,3,ts_icl__model_config.context_length-4096__pipeline_config.raw_inference.completed_at-2026-09-26T16_10_35.031952_00_00,0.8538191570818253,1,0.7987369394624099,20.126306053759013,1
D,3,ts_icl__model_config.context_length-512__pipeline_config.raw_inference.completed_at-2026-09-27T13_57_06.708985_00_00,0.8685646559538254,1,0.8125311657247037,18.746883427529625,1
D,3,seasonal_naive,1.0689616504483799,1,1.0,0.0,1
M,6,chronos2__model_config.context_length-1024__pipeline_config.raw_inference.completed_at-2026-09-27T13_50_15.245754_00_00,0.3483185384775645,1,0.3595686470735416,64.04313529264584,1
M,6,chronos2__model_config.context_length-2048__pipeline_config.raw_inference.completed_at-2026-09-27T13_46_11.468879_00_00,0.3483185384775645,1,0.3595686470735416,64.04313529264584,1
M,6,chronos2__model_config.context_length-4096__pipeline_config.raw_inference.completed_at-2026-09-27T13_47_10.753486_00_00,0.3483185384775645,1,0.3595686470735416,64.04313529264584,1
M,6,chronos2__model_config.context_length-512__pipeline_config.raw_inference.completed_at-2026-09-27T13_51_36.947822_00_00,0.35847618857587665,1,0.37005437235035393,62.9945627649646,1
M,6,chronos2__model_config.context_length-8192__pipeline_config.raw_inference.completed_at-2026-09-26T15_54_57.246214_00_00,0.3483185384775645,1,0.3595686470735416,64.04313529264584,1
M,6,chronos_bolt__model_config.context_length-1024__pipeline_config.raw_inference.completed_at-2026-09-27T13_27_15.025753_00_00,0.41508574302996104,1,0.4284923211183383,57.15076788816618,1
M,6,chronos_bolt__model_config.context_length-128__pipeline_config.raw_inference.completed_at-2026-09-27T13_33_16.205896_00_00,0.4076368013620144,1,0.42080279104227597,57.9197208957724,1
M,6,chronos_bolt__model_config.context_length-2048__pipeline_config.raw_inference.completed_at-2026-09-26T15_55_57.614904_00_00,0.41508574302996104,1,0.4284923211183383,57.15076788816618,1
M,6,chronos_bolt__model_config.context_length-256__pipeline_config.raw_inference.completed_at-2026-09-27T13_32_30.144508_00_00,0.4749161079296356,1,0.49025510714437687,50.97448928556232,1
M,6,chronos_bolt__model_config.context_length-512__pipeline_config.raw_inference.completed_at-2026-09-27T15_24_22.694467_00_00,0.4314074026019966,1,0.44534114310743766,55.46588568925623,1
M,6,ts_icl__model_config.context_length-1024__pipeline_config.raw_inference.completed_at-2026-09-27T14_00_27.765085_00_00,0.34658902070398,1,0.35778326875674127,64.22167312432587,1
M,6,ts_icl__model_config.context_length-2048__pipeline_config.raw_inference.completed_at-2026-09-27T14_07_19.665944_00_00,0.34658902070398,1,0.35778326875674127,64.22167312432587,1
M,6,ts_icl__model_config.context_length-256__pipeline_config.raw_inference.completed_at-2026-09-27T15_08_45.093222_00_00,0.3970072145331496,1,0.4098298862646227,59.017011373537734,1
M,6,ts_icl__model_config.context_length-4096__pipeline_config.raw_inference.completed_at-2026-09-26T16_23_54.550901_00_00,0.34658902070398,1,0.35778326875674127,64.22167312432587,1
M,6,ts_icl__model_config.context_length-512__pipeline_config.raw_inference.completed_at-2026-09-27T14_00_10.927288_00_00,0.36174101924813823,1,0.37342465161507615,62.65753483849239,1
M,6,seasonal_naive,0.9687122092330922,1,1.0,0.0,1
10T,432,chronos2__model_config.context_length-1024__pipeline_config.raw_inference.completed_at-2026-09-27T13_44_05.374328_00_00,1.028648831218645,1,0.7155818339949878,28.441816600501223,1
10T,432,chronos2__model_config.context_length-2048__pipeline_config.raw_inference.completed_at-2026-09-27T13_39_17.599760_00_00,0.9645223401744799,1,0.6709720987030287,32.90279012969714,1
10T,432,chronos2__model_config.context_length-4096__pipeline_config.raw_inference.completed_at-2026-09-27T13_39_06.398629_00_00,0.9433700614648247,1,0.6562574692465443,34.37425307534557,1
10T,432,chronos2__model_config.context_length-512__pipeline_config.raw_inference.completed_at-2026-09-27T13_45_41.996199_00_00,1.0422975242091639,1,0.7250765774539574,27.492342254604264,1
10T,432,chronos2__model_config.context_length-8192__pipeline_config.raw_inference.completed_at-2026-09-26T15_44_50.763864_00_00,0.9316454809403314,1,0.6481012388791804,35.18987611208196,1
10T,432,chronos_bolt__model_config.context_length-1024__pipeline_config.raw_inference.completed_at-2026-09-27T13_18_21.454133_00_00,1.3916956142699655,1,0.9681361313970178,3.186386860298218,1
10T,432,chronos_bolt__model_config.context_length-128__pipeline_config.raw_inference.completed_at-2026-09-27T13_25_51.231751_00_00,1.6735999230737175,1,1.1642434871657432,-16.424348716574322,1
10T,432,chronos_bolt__model_config.context_length-2048__pipeline_config.raw_inference.completed_at-2026-09-26T15_44_59.079417_00_00,1.3770165825586909,1,0.9579246305286601,4.207536947133994,1
10T,432,chronos_bolt__model_config.context_length-256__pipeline_config.raw_inference.completed_at-2026-09-27T13_24_55.268640_00_00,1.545855533681598,1,1.0753778202155488,-7.537782021554884,1
10T,432,chronos_bolt__model_config.context_length-512__pipeline_config.raw_inference.completed_at-2026-09-27T13_21_54.419124_00_00,1.4351119364813474,1,0.9983387919459359,0.16612080540641116,1
10T,432,ts_icl__model_config.context_length-1024__pipeline_config.raw_inference.completed_at-2026-09-27T13_52_17.746951_00_00,1.1880192117963826,1,0.8264481916451393,17.355180835486074,1
10T,432,ts_icl__model_config.context_length-2048__pipeline_config.raw_inference.completed_at-2026-09-27T13_52_13.289070_00_00,1.1017830098455443,1,0.7664577870717574,23.354221292824263,1
10T,432,ts_icl__model_config.context_length-256__pipeline_config.raw_inference.completed_at-2026-09-27T15_03_18.689991_00_00,1.5078778950197378,1,1.0489585919039226,-4.89585919039226,1
10T,432,ts_icl__model_config.context_length-4096__pipeline_config.raw_inference.completed_at-2026-09-26T15_48_59.404650_00_00,1.0619848659125353,1,0.7387721202427384,26.12278797572616,1
10T,432,ts_icl__model_config.context_length-512__pipeline_config.raw_inference.completed_at-2026-09-27T13_54_05.282760_00_00,1.310057955647716,1,0.91134471365851,8.865528634149001,1
10T,432,seasonal_naive,1.437499922931037,1,1.0,0.0,1
10T,144,chronos2__model_config.context_length-1024__pipeline_config.raw_inference.completed_at-2026-09-27T13_44_04.154683_00_00,0.6999049632187728,1,0.6705925408793783,32.94074591206218,1
10T,144,chronos2__model_config.context_length-2048__pipeline_config.raw_inference.completed_at-2026-09-27T13_39_16.243170_00_00,0.6749399560571021,1,0.6466730825737458,35.33269174262542,1
10T,144,chronos2__model_config.context_length-4096__pipeline_config.raw_inference.completed_at-2026-09-27T13_39_04.730471_00_00,0.6754467866526496,1,0.6471586868124992,35.28413131875008,1
10T,144,chronos2__model_config.context_length-512__pipeline_config.raw_inference.completed_at-2026-09-27T13_45_40.829773_00_00,0.7354347198806159,1,0.704634290900865,29.536570909913497,1
10T,144,chronos2__model_config.context_length-8192__pipeline_config.raw_inference.completed_at-2026-09-26T15_44_48.299109_00_00,0.6789060806388872,1,0.650473103577329,34.952689642267096,1
10T,144,chronos_bolt__model_config.context_length-1024__pipeline_config.raw_inference.completed_at-2026-09-27T13_18_10.755516_00_00,1.057199676720964,1,1.0129235463180568,-1.292354631805681,1
10T,144,chronos_bolt__model_config.context_length-128__pipeline_config.raw_inference.completed_at-2026-09-27T13_25_46.792802_00_00,1.5927235978764958,1,1.52601941770299,-52.601941770299,1
10T,144,chronos_bolt__model_config.context_length-2048__pipeline_config.raw_inference.completed_at-2026-09-26T15_44_41.816363_00_00,1.002804817780753,1,0.9608067753499822,3.9193224650017844,1
10T,144,chronos_bolt__model_config.context_length-256__pipeline_config.raw_inference.completed_at-2026-09-27T13_24_50.108489_00_00,1.3401524167793286,1,1.2840260629110292,-28.402606291102916,1
10T,144,chronos_bolt__model_config.context_length-512__pipeline_config.raw_inference.completed_at-2026-09-27T13_21_47.468629_00_00,1.1919031485078797,1,1.1419855592454122,-14.198555924541223,1
10T,144,ts_icl__model_config.context_length-1024__pipeline_config.raw_inference.completed_at-2026-09-27T13_52_15.148028_00_00,0.7986083373564372,1,0.7651621609488605,23.483783905113953,1
10T,144,ts_icl__model_config.context_length-2048__pipeline_config.raw_inference.completed_at-2026-09-27T13_52_09.127396_00_00,0.7822471327963524,1,0.7494861730442497,25.05138269557503,1
10T,144,ts_icl__model_config.context_length-256__pipeline_config.raw_inference.completed_at-2026-09-27T15_03_16.801007_00_00,1.2054371886200337,1,1.1549527859749302,-15.495278597493023,1
10T,144,ts_icl__model_config.context_length-4096__pipeline_config.raw_inference.completed_at-2026-09-26T15_48_50.433201_00_00,0.7731507634952759,1,0.7407707649203622,25.92292350796378,1
10T,144,ts_icl__model_config.context_length-512__pipeline_config.raw_inference.completed_at-2026-09-27T13_54_03.236188_00_00,0.8541656980104042,1,0.8183927473904232,18.160725260957676,1
10T,144,seasonal_naive,1.0437112263446233,1,1.0,0.0,1
10T,18,chronos2__model_config.context_length-1024__pipeline_config.raw_inference.completed_at-2026-09-27T13_44_00.478137_00_00,0.5251652501208918,1,0.5037053765673567,49.62946234326433,1
10T,18,chronos2__model_config.context_length-2048__pipeline_config.raw_inference.completed_at-2026-09-27T13_39_12.034280_00_00,0.513400898214542,1,0.49242175240202074,50.757824759797934,1
10T,18,chronos2__model_config.context_length-4096__pipeline_config.raw_inference.completed_at-2026-09-27T13_38_59.548176_00_00,0.5137122038947823,1,0.49272033717101854,50.72796628289815,1
10T,18,chronos2__model_config.context_length-512__pipeline_config.raw_inference.completed_at-2026-09-27T13_45_37.391591_00_00,0.5398725358059934,1,0.5178116771510157,48.218832284898426,1
10T,18,chronos2__model_config.context_length-8192__pipeline_config.raw_inference.completed_at-2026-09-26T15_44_40.984294_00_00,0.5194504740187809,1,0.4982241238609957,50.17758761390043,1
10T,18,chronos_bolt__model_config.context_length-1024__pipeline_config.raw_inference.completed_at-2026-09-27T13_17_58.710561_00_00,0.6677468103847819,1,0.640460614062129,35.95393859378711,1
10T,18,chronos_bolt__model_config.context_length-128__pipeline_config.raw_inference.completed_at-2026-09-27T13_25_40.148309_00_00,0.8187967315676103,1,0.785338169102855,21.466183089714498,1
10T,18,chronos_bolt__model_config.context_length-2048__pipeline_config.raw_inference.completed_at-2026-09-26T15_44_21.546581_00_00,0.6437833307149723,1,0.6174763561582273,38.25236438417727,1
10T,18,chronos_bolt__model_config.context_length-256__pipeline_config.raw_inference.completed_at-2026-09-27T13_24_42.806008_00_00,0.7428770336916423,1,0.7125207844821257,28.747921551787424,1
10T,18,chronos_bolt__model_config.context_length-512__pipeline_config.raw_inference.completed_at-2026-09-27T13_21_38.755577_00_00,0.7007421003746798,1,0.6721076146309686,32.78923853690314,1
10T,18,ts_icl__model_config.context_length-1024__pipeline_config.raw_inference.completed_at-2026-09-27T13_52_07.853682_00_00,0.5820797800368924,1,0.5582942030689081,44.17057969310919,1
10T,18,ts_icl__model_config.context_length-2048__pipeline_config.raw_inference.completed_at-2026-09-27T13_51_57.402791_00_00,0.5788086143808884,1,0.5551567073412444,44.48432926587556,1
10T,18,ts_icl__model_config.context_length-256__pipeline_config.raw_inference.completed_at-2026-09-27T15_03_11.691596_00_00,0.6471138933218122,1,0.6206708216939292,37.93291783060708,1
10T,18,ts_icl__model_config.context_length-4096__pipeline_config.raw_inference.completed_at-2026-09-26T15_48_24.790174_00_00,0.5854931056397984,1,0.5615680496491282,43.84319503508718,1
10T,18,ts_icl__model_config.context_length-512__pipeline_config.raw_inference.completed_at-2026-09-27T13_53_57.457419_00_00,0.6046126677506649,1,0.5799063274210106,42.009367257898944,1
10T,18,seasonal_naive,1.042604019237951,1,1.0,0.0,1
