model,tasks,relative_improvement_percent,relative_scaled_improvement_percent,mean_paired_improvement_percent,paired_percentage_tasks
chronos2__model_config.context_length-1024__pipeline_config.raw_inference.completed_at-2026-09-27T13_47_17.205991_00_00,1,5.181078880622225,5.181078880622225,5.181078880622225,1
chronos2__model_config.context_length-2048__pipeline_config.raw_inference.completed_at-2026-09-27T13_43_00.015323_00_00,1,6.077365746669039,6.077365746669039,6.077365746669039,1
chronos2__model_config.context_length-4096__pipeline_config.raw_inference.completed_at-2026-09-27T13_43_36.730550_00_00,1,6.135437173617319,6.135437173617319,6.135437173617319,1
chronos2__model_config.context_length-512__pipeline_config.raw_inference.completed_at-2026-09-27T13_48_40.521193_00_00,1,2.5660376750155423,2.5660376750155423,2.5660376750155423,1
chronos2__model_config.context_length-8192__pipeline_config.raw_inference.completed_at-2026-09-26T15_50_24.246215_00_00,1,5.833814885577116,5.833814885577116,5.833814885577116,1
chronos2__model_config.context_length-1024__pipeline_config.raw_inference.completed_at-2026-09-27T13_47_16.845881_00_00,1,12.259801102579171,12.259801102579171,12.259801102579171,1
chronos2__model_config.context_length-2048__pipeline_config.raw_inference.completed_at-2026-09-27T13_42_59.635203_00_00,1,13.886638787551941,13.886638787551941,13.886638787551941,1
chronos2__model_config.context_length-4096__pipeline_config.raw_inference.completed_at-2026-09-27T13_43_36.284415_00_00,1,13.370458503752115,13.370458503752115,13.370458503752115,1
chronos2__model_config.context_length-512__pipeline_config.raw_inference.completed_at-2026-09-27T13_48_40.171380_00_00,1,7.250963691361001,7.250963691361001,7.250963691361001,1
chronos2__model_config.context_length-8192__pipeline_config.raw_inference.completed_at-2026-09-26T15_50_23.714072_00_00,1,13.170199254930848,13.170199254930848,13.170199254930848,1
chronos2__model_config.context_length-1024__pipeline_config.raw_inference.completed_at-2026-09-27T13_47_16.337286_00_00,1,13.046909982246202,13.046909982246202,13.046909982246202,1
chronos2__model_config.context_length-2048__pipeline_config.raw_inference.completed_at-2026-09-27T13_42_59.064595_00_00,1,11.596069870148519,11.596069870148519,11.596069870148519,1
chronos2__model_config.context_length-4096__pipeline_config.raw_inference.completed_at-2026-09-27T13_43_35.600981_00_00,1,12.42283166355328,12.42283166355328,12.42283166355328,1
chronos2__model_config.context_length-512__pipeline_config.raw_inference.completed_at-2026-09-27T13_48_39.682711_00_00,1,7.940672082402034,7.940672082402034,7.940672082402034,1
chronos2__model_config.context_length-8192__pipeline_config.raw_inference.completed_at-2026-09-26T15_50_22.809923_00_00,1,12.567710522854558,12.567710522854558,12.567710522854558,1
chronos_bolt__model_config.context_length-1024__pipeline_config.raw_inference.completed_at-2026-09-27T13_23_28.226958_00_00,1,4.961954927295387,4.961954927295387,4.961954927295387,1
chronos_bolt__model_config.context_length-128__pipeline_config.raw_inference.completed_at-2026-09-27T13_29_54.978478_00_00,1,-1.8715575817944252,-1.8715575817944252,-1.8715575817944252,1
chronos_bolt__model_config.context_length-2048__pipeline_config.raw_inference.completed_at-2026-09-26T15_51_33.421927_00_00,1,5.864770597175517,5.864770597175517,5.864770597175517,1
chronos_bolt__model_config.context_length-256__pipeline_config.raw_inference.completed_at-2026-09-27T13_29_06.518215_00_00,1,1.593448900116179,1.593448900116179,1.593448900116179,1
chronos_bolt__model_config.context_length-512__pipeline_config.raw_inference.completed_at-2026-09-27T14_59_06.358241_00_00,1,1.7695912767547894,1.7695912767547894,1.7695912767547894,1
chronos_bolt__model_config.context_length-1024__pipeline_config.raw_inference.completed_at-2026-09-27T13_23_27.642776_00_00,1,10.846610067268292,10.846610067268292,10.846610067268292,1
chronos_bolt__model_config.context_length-128__pipeline_config.raw_inference.completed_at-2026-09-27T13_29_54.666261_00_00,1,3.588438333423316,3.588438333423316,3.588438333423316,1
chronos_bolt__model_config.context_length-2048__pipeline_config.raw_inference.completed_at-2026-09-26T15_51_32.471780_00_00,1,12.634057677709986,12.634057677709986,12.634057677709986,1
chronos_bolt__model_config.context_length-256__pipeline_config.raw_inference.completed_at-2026-09-27T13_29_06.175860_00_00,1,9.83604797146459,9.83604797146459,9.83604797146459,1
chronos_bolt__model_config.context_length-512__pipeline_config.raw_inference.completed_at-2026-09-27T14_59_05.946956_00_00,1,11.336915751145993,11.336915751145993,11.336915751145993,1
chronos_bolt__model_config.context_length-1024__pipeline_config.raw_inference.completed_at-2026-09-27T13_23_26.826863_00_00,1,10.20269781770321,10.20269781770321,10.20269781770321,1
chronos_bolt__model_config.context_length-128__pipeline_config.raw_inference.completed_at-2026-09-27T13_29_54.167867_00_00,1,2.9215751019944114,2.9215751019944114,2.9215751019944114,1
chronos_bolt__model_config.context_length-2048__pipeline_config.raw_inference.completed_at-2026-09-26T15_51_31.186818_00_00,1,10.744884720652802,10.744884720652802,10.744884720652802,1
chronos_bolt__model_config.context_length-256__pipeline_config.raw_inference.completed_at-2026-09-27T13_29_05.637133_00_00,1,9.410284755062026,9.410284755062026,9.410284755062026,1
chronos_bolt__model_config.context_length-512__pipeline_config.raw_inference.completed_at-2026-09-27T14_59_05.347414_00_00,1,10.851352514029355,10.851352514029355,10.851352514029355,1
ts_icl__model_config.context_length-1024__pipeline_config.raw_inference.completed_at-2026-09-27T13_57_07.143807_00_00,1,12.126032714912204,12.126032714912204,12.126032714912204,1
ts_icl__model_config.context_length-2048__pipeline_config.raw_inference.completed_at-2026-09-27T14_01_33.329298_00_00,1,13.437099895343163,13.437099895343163,13.437099895343163,1
ts_icl__model_config.context_length-256__pipeline_config.raw_inference.completed_at-2026-09-27T15_06_20.151486_00_00,1,7.063428572726371,7.063428572726371,7.063428572726371,1
ts_icl__model_config.context_length-4096__pipeline_config.raw_inference.completed_at-2026-09-26T16_12_06.332146_00_00,1,12.884217026604162,12.884217026604162,12.884217026604162,1
ts_icl__model_config.context_length-512__pipeline_config.raw_inference.completed_at-2026-09-27T13_57_33.927067_00_00,1,12.896532683684281,12.896532683684281,12.896532683684281,1
ts_icl__model_config.context_length-1024__pipeline_config.raw_inference.completed_at-2026-09-27T13_57_06.473154_00_00,1,14.805342353466477,14.805342353466477,14.805342353466477,1
ts_icl__model_config.context_length-2048__pipeline_config.raw_inference.completed_at-2026-09-27T14_01_32.485696_00_00,1,16.806776281710423,16.806776281710423,16.806776281710423,1
ts_icl__model_config.context_length-256__pipeline_config.raw_inference.completed_at-2026-09-27T15_06_19.584738_00_00,1,6.294042703690506,6.294042703690506,6.294042703690506,1
ts_icl__model_config.context_length-4096__pipeline_config.raw_inference.completed_at-2026-09-26T16_12_04.977334_00_00,1,15.973665675507986,15.973665675507986,15.973665675507986,1
ts_icl__model_config.context_length-512__pipeline_config.raw_inference.completed_at-2026-09-27T13_57_33.334825_00_00,1,15.674580082558698,15.674580082558698,15.674580082558698,1
ts_icl__model_config.context_length-1024__pipeline_config.raw_inference.completed_at-2026-09-27T13_57_05.412136_00_00,1,13.17969774490596,13.17969774490596,13.17969774490596,1
ts_icl__model_config.context_length-2048__pipeline_config.raw_inference.completed_at-2026-09-27T14_01_31.003676_00_00,1,14.273062866507003,14.273062866507003,14.273062866507003,1
ts_icl__model_config.context_length-256__pipeline_config.raw_inference.completed_at-2026-09-27T15_06_18.732581_00_00,1,3.8220497715038437,3.8220497715038437,3.8220497715038437,1
ts_icl__model_config.context_length-4096__pipeline_config.raw_inference.completed_at-2026-09-26T16_12_02.213610_00_00,1,13.846910714090132,13.846910714090132,13.846910714090132,1
ts_icl__model_config.context_length-512__pipeline_config.raw_inference.completed_at-2026-09-27T13_57_32.437488_00_00,1,11.042863136585368,11.042863136585368,11.042863136585368,1
chronos2__model_config.context_length-1024__pipeline_config.raw_inference.completed_at-2026-09-27T13_51_01.590823_00_00,1,37.27219438473597,37.27219438473597,37.27219438473597,1
chronos2__model_config.context_length-2048__pipeline_config.raw_inference.completed_at-2026-09-27T13_46_58.186569_00_00,1,37.27219438473597,37.27219438473597,37.27219438473597,1
chronos2__model_config.context_length-4096__pipeline_config.raw_inference.completed_at-2026-09-27T13_47_57.169859_00_00,1,37.27219438473597,37.27219438473597,37.27219438473597,1
chronos2__model_config.context_length-512__pipeline_config.raw_inference.completed_at-2026-09-27T13_52_23.534985_00_00,1,37.27219438473597,37.27219438473597,37.27219438473597,1
chronos2__model_config.context_length-8192__pipeline_config.raw_inference.completed_at-2026-09-26T15_55_43.778346_00_00,1,37.27219438473597,37.27219438473597,37.27219438473597,1
chronos_bolt__model_config.context_length-1024__pipeline_config.raw_inference.completed_at-2026-09-27T13_28_02.992576_00_00,1,-7.155503623003856,-7.155503623003856,-7.155503623003856,1
chronos_bolt__model_config.context_length-128__pipeline_config.raw_inference.completed_at-2026-09-27T13_34_03.670148_00_00,1,-7.351637490185747,-7.351637490185747,-7.351637490185747,1
chronos_bolt__model_config.context_length-2048__pipeline_config.raw_inference.completed_at-2026-09-26T15_56_47.002109_00_00,1,-7.155503623003856,-7.155503623003856,-7.155503623003856,1
chronos_bolt__model_config.context_length-256__pipeline_config.raw_inference.completed_at-2026-09-27T13_33_17.506148_00_00,1,-6.125299798797146,-6.125299798797146,-6.125299798797146,1
chronos_bolt__model_config.context_length-512__pipeline_config.raw_inference.completed_at-2026-09-27T15_25_11.479394_00_00,1,-7.155503623003856,-7.155503623003856,-7.155503623003856,1
ts_icl__model_config.context_length-1024__pipeline_config.raw_inference.completed_at-2026-09-27T14_00_50.974396_00_00,1,8.319181532975195,8.319181532975195,8.319181532975195,1
ts_icl__model_config.context_length-2048__pipeline_config.raw_inference.completed_at-2026-09-27T14_07_42.868359_00_00,1,8.319181532975195,8.319181532975195,8.319181532975195,1
ts_icl__model_config.context_length-256__pipeline_config.raw_inference.completed_at-2026-09-27T15_09_07.151278_00_00,1,7.482821762223136,7.482821762223136,7.482821762223136,1
ts_icl__model_config.context_length-4096__pipeline_config.raw_inference.completed_at-2026-09-26T16_24_17.804507_00_00,1,8.319181532975195,8.319181532975195,8.319181532975195,1
ts_icl__model_config.context_length-512__pipeline_config.raw_inference.completed_at-2026-09-27T14_00_34.249036_00_00,1,8.319181532975195,8.319181532975195,8.319181532975195,1
chronos2__model_config.context_length-1024__pipeline_config.raw_inference.completed_at-2026-09-27T13_45_15.773834_00_00,1,23.937961068908166,23.937961068908166,23.937961068908166,1
chronos2__model_config.context_length-2048__pipeline_config.raw_inference.completed_at-2026-09-27T13_40_47.101961_00_00,1,24.945108074576282,24.945108074576282,24.945108074576282,1
chronos2__model_config.context_length-4096__pipeline_config.raw_inference.completed_at-2026-09-27T13_41_04.346888_00_00,1,24.746478546440443,24.746478546440443,24.746478546440443,1
chronos2__model_config.context_length-512__pipeline_config.raw_inference.completed_at-2026-09-27T13_46_43.024392_00_00,1,14.568985663433331,14.568985663433331,14.568985663433331,1
chronos2__model_config.context_length-8192__pipeline_config.raw_inference.completed_at-2026-09-26T15_47_19.553828_00_00,1,25.681628113232392,25.681628113232392,25.681628113232392,1
chronos2__model_config.context_length-1024__pipeline_config.raw_inference.completed_at-2026-09-27T13_45_15.490597_00_00,1,19.45534568525723,19.45534568525723,19.45534568525723,1
chronos2__model_config.context_length-2048__pipeline_config.raw_inference.completed_at-2026-09-27T13_40_46.817859_00_00,1,22.376188780811635,22.376188780811635,22.376188780811635,1
chronos2__model_config.context_length-4096__pipeline_config.raw_inference.completed_at-2026-09-27T13_41_04.051064_00_00,1,22.62501244036601,22.62501244036601,22.62501244036601,1
chronos2__model_config.context_length-512__pipeline_config.raw_inference.completed_at-2026-09-27T13_46_42.736396_00_00,1,10.455706301382383,10.455706301382383,10.455706301382383,1
chronos2__model_config.context_length-8192__pipeline_config.raw_inference.completed_at-2026-09-26T15_47_19.240511_00_00,1,22.405993438565297,22.405993438565297,22.405993438565297,1
chronos2__model_config.context_length-1024__pipeline_config.raw_inference.completed_at-2026-09-27T13_45_15.128052_00_00,1,51.51240924265315,51.51240924265315,51.51240924265315,1
chronos2__model_config.context_length-2048__pipeline_config.raw_inference.completed_at-2026-09-27T13_40_46.441836_00_00,1,52.19575664803821,52.19575664803821,52.19575664803821,1
chronos2__model_config.context_length-4096__pipeline_config.raw_inference.completed_at-2026-09-27T13_41_03.640422_00_00,1,52.359048642119866,52.359048642119866,52.359048642119866,1
chronos2__model_config.context_length-512__pipeline_config.raw_inference.completed_at-2026-09-27T13_46_42.371110_00_00,1,51.13219672168401,51.13219672168401,51.13219672168401,1
chronos2__model_config.context_length-8192__pipeline_config.raw_inference.completed_at-2026-09-26T15_47_18.765098_00_00,1,52.42133338503343,52.42133338503343,52.42133338503343,1
chronos_bolt__model_config.context_length-1024__pipeline_config.raw_inference.completed_at-2026-09-27T13_20_25.733151_00_00,1,22.37063607269394,22.37063607269394,22.37063607269394,1
chronos_bolt__model_config.context_length-128__pipeline_config.raw_inference.completed_at-2026-09-27T13_27_27.803587_00_00,1,17.214154637390045,17.214154637390045,17.214154637390045,1
chronos_bolt__model_config.context_length-2048__pipeline_config.raw_inference.completed_at-2026-09-26T15_47_49.520618_00_00,1,22.736938165580256,22.736938165580256,22.736938165580256,1
chronos_bolt__model_config.context_length-256__pipeline_config.raw_inference.completed_at-2026-09-27T13_26_35.461891_00_00,1,19.91862629258877,19.91862629258877,19.91862629258877,1
chronos_bolt__model_config.context_length-512__pipeline_config.raw_inference.completed_at-2026-09-27T14_56_27.753742_00_00,1,17.035837016173094,17.035837016173094,17.035837016173094,1
chronos_bolt__model_config.context_length-1024__pipeline_config.raw_inference.completed_at-2026-09-27T13_20_25.456689_00_00,1,23.14362936463592,23.14362936463592,23.14362936463592,1
chronos_bolt__model_config.context_length-128__pipeline_config.raw_inference.completed_at-2026-09-27T13_27_27.647454_00_00,1,8.420034124899367,8.420034124899367,8.420034124899367,1
chronos_bolt__model_config.context_length-2048__pipeline_config.raw_inference.completed_at-2026-09-26T15_47_49.077237_00_00,1,22.51483813354137,22.51483813354137,22.51483813354137,1
chronos_bolt__model_config.context_length-256__pipeline_config.raw_inference.completed_at-2026-09-27T13_26_35.281254_00_00,1,10.252847792556242,10.252847792556242,10.252847792556242,1
chronos_bolt__model_config.context_length-512__pipeline_config.raw_inference.completed_at-2026-09-27T14_56_27.556609_00_00,1,19.95352767375519,19.95352767375519,19.95352767375519,1
chronos_bolt__model_config.context_length-1024__pipeline_config.raw_inference.completed_at-2026-09-27T13_20_25.150362_00_00,1,51.661412437389174,51.661412437389174,51.661412437389174,1
chronos_bolt__model_config.context_length-128__pipeline_config.raw_inference.completed_at-2026-09-27T13_27_27.432478_00_00,1,48.914719849637834,48.914719849637834,48.914719849637834,1
chronos_bolt__model_config.context_length-2048__pipeline_config.raw_inference.completed_at-2026-09-26T15_47_48.643530_00_00,1,52.063175986160374,52.063175986160374,52.063175986160374,1
chronos_bolt__model_config.context_length-256__pipeline_config.raw_inference.completed_at-2026-09-27T13_26_35.054325_00_00,1,50.23095931008113,50.23095931008113,50.23095931008113,1
chronos_bolt__model_config.context_length-512__pipeline_config.raw_inference.completed_at-2026-09-27T14_56_27.256289_00_00,1,51.19787812861233,51.19787812861233,51.19787812861233,1
ts_icl__model_config.context_length-1024__pipeline_config.raw_inference.completed_at-2026-09-27T13_54_46.354726_00_00,1,26.21083555648196,26.21083555648196,26.21083555648196,1
ts_icl__model_config.context_length-2048__pipeline_config.raw_inference.completed_at-2026-09-27T13_57_39.822988_00_00,1,22.661726990687868,22.661726990687868,22.661726990687868,1
ts_icl__model_config.context_length-256__pipeline_config.raw_inference.completed_at-2026-09-27T15_04_41.997747_00_00,1,23.20673574877444,23.20673574877444,23.20673574877444,1
ts_icl__model_config.context_length-4096__pipeline_config.raw_inference.completed_at-2026-09-26T16_03_12.456172_00_00,1,23.478820720825723,23.478820720825723,23.478820720825723,1
ts_icl__model_config.context_length-512__pipeline_config.raw_inference.completed_at-2026-09-27T13_55_44.073349_00_00,1,19.844829861603706,19.844829861603706,19.844829861603706,1
ts_icl__model_config.context_length-1024__pipeline_config.raw_inference.completed_at-2026-09-27T13_54_45.877226_00_00,1,22.631982726688072,22.631982726688072,22.631982726688072,1
ts_icl__model_config.context_length-2048__pipeline_config.raw_inference.completed_at-2026-09-27T13_57_39.298387_00_00,1,22.224895095570563,22.224895095570563,22.224895095570563,1
ts_icl__model_config.context_length-256__pipeline_config.raw_inference.completed_at-2026-09-27T15_04_41.553733_00_00,1,21.106667108255316,21.106667108255316,21.106667108255316,1
ts_icl__model_config.context_length-4096__pipeline_config.raw_inference.completed_at-2026-09-26T16_03_11.786602_00_00,1,21.201035230233067,21.201035230233067,21.201035230233067,1
ts_icl__model_config.context_length-512__pipeline_config.raw_inference.completed_at-2026-09-27T13_55_43.622371_00_00,1,19.81273231608417,19.81273231608417,19.81273231608417,1
ts_icl__model_config.context_length-1024__pipeline_config.raw_inference.completed_at-2026-09-27T13_54_45.180960_00_00,1,51.08561472205706,51.08561472205706,51.08561472205706,1
ts_icl__model_config.context_length-2048__pipeline_config.raw_inference.completed_at-2026-09-27T13_57_38.447851_00_00,1,51.952162823037405,51.952162823037405,51.952162823037405,1
ts_icl__model_config.context_length-256__pipeline_config.raw_inference.completed_at-2026-09-27T15_04_40.928567_00_00,1,50.119048262223,50.119048262223,50.119048262223,1
ts_icl__model_config.context_length-4096__pipeline_config.raw_inference.completed_at-2026-09-26T16_03_10.504315_00_00,1,51.84942680289394,51.84942680289394,51.84942680289394,1
ts_icl__model_config.context_length-512__pipeline_config.raw_inference.completed_at-2026-09-27T13_55_42.974367_00_00,1,51.639759500018876,51.639759500018876,51.639759500018876,1
chronos2__model_config.context_length-1024__pipeline_config.raw_inference.completed_at-2026-09-27T13_45_26.123183_00_00,1,19.736438015431336,19.736438015431336,19.736438015431336,1
chronos2__model_config.context_length-2048__pipeline_config.raw_inference.completed_at-2026-09-27T13_40_57.491231_00_00,1,21.862859241015677,21.862859241015677,21.862859241015677,1
chronos2__model_config.context_length-4096__pipeline_config.raw_inference.completed_at-2026-09-27T13_41_14.995410_00_00,1,20.008153604012424,20.008153604012424,20.008153604012424,1
chronos2__model_config.context_length-512__pipeline_config.raw_inference.completed_at-2026-09-27T13_46_53.252847_00_00,1,15.70629512120415,15.70629512120415,15.70629512120415,1
chronos2__model_config.context_length-8192__pipeline_config.raw_inference.completed_at-2026-09-26T15_47_30.955919_00_00,1,19.211291476055703,19.211291476055703,19.211291476055703,1
chronos2__model_config.context_length-1024__pipeline_config.raw_inference.completed_at-2026-09-27T13_45_25.812428_00_00,1,18.878423544153588,18.878423544153588,18.878423544153588,1
chronos2__model_config.context_length-2048__pipeline_config.raw_inference.completed_at-2026-09-27T13_40_57.172855_00_00,1,20.5423718181765,20.5423718181765,20.5423718181765,1
chronos2__model_config.context_length-4096__pipeline_config.raw_inference.completed_at-2026-09-27T13_41_14.657867_00_00,1,20.079980068439017,20.079980068439017,20.079980068439017,1
chronos2__model_config.context_length-512__pipeline_config.raw_inference.completed_at-2026-09-27T13_46_52.941171_00_00,1,15.388025256973615,15.388025256973615,15.388025256973615,1
chronos2__model_config.context_length-8192__pipeline_config.raw_inference.completed_at-2026-09-26T15_47_30.579448_00_00,1,19.8111755957454,19.8111755957454,19.8111755957454,1
chronos2__model_config.context_length-1024__pipeline_config.raw_inference.completed_at-2026-09-27T13_45_25.411560_00_00,1,29.0304067371562,29.0304067371562,29.0304067371562,1
chronos2__model_config.context_length-2048__pipeline_config.raw_inference.completed_at-2026-09-27T13_40_56.746644_00_00,1,29.771604938399932,29.771604938399932,29.771604938399932,1
chronos2__model_config.context_length-4096__pipeline_config.raw_inference.completed_at-2026-09-27T13_41_14.170307_00_00,1,29.26905659572302,29.26905659572302,29.26905659572302,1
chronos2__model_config.context_length-512__pipeline_config.raw_inference.completed_at-2026-09-27T13_46_52.536311_00_00,1,26.681838493840527,26.681838493840527,26.681838493840527,1
chronos2__model_config.context_length-8192__pipeline_config.raw_inference.completed_at-2026-09-26T15_47_29.958670_00_00,1,28.515168079703066,28.515168079703066,28.515168079703066,1
chronos_bolt__model_config.context_length-1024__pipeline_config.raw_inference.completed_at-2026-09-27T13_20_35.915976_00_00,1,13.507238146676636,13.507238146676636,13.507238146676636,1
chronos_bolt__model_config.context_length-128__pipeline_config.raw_inference.completed_at-2026-09-27T13_27_37.940341_00_00,1,15.045440377778696,15.045440377778696,15.045440377778696,1
chronos_bolt__model_config.context_length-2048__pipeline_config.raw_inference.completed_at-2026-09-26T15_47_59.975928_00_00,1,13.838166856478251,13.838166856478251,13.838166856478251,1
chronos_bolt__model_config.context_length-256__pipeline_config.raw_inference.completed_at-2026-09-27T13_26_45.550212_00_00,1,10.454530758422031,10.454530758422031,10.454530758422031,1
chronos_bolt__model_config.context_length-512__pipeline_config.raw_inference.completed_at-2026-09-27T14_56_37.884357_00_00,1,15.010165264105545,15.010165264105545,15.010165264105545,1
chronos_bolt__model_config.context_length-1024__pipeline_config.raw_inference.completed_at-2026-09-27T13_20_35.604927_00_00,1,17.32045848577083,17.32045848577083,17.32045848577083,1
chronos_bolt__model_config.context_length-128__pipeline_config.raw_inference.completed_at-2026-09-27T13_27_37.737795_00_00,1,12.021923865093044,12.021923865093044,12.021923865093044,1
chronos_bolt__model_config.context_length-2048__pipeline_config.raw_inference.completed_at-2026-09-26T15_47_59.487268_00_00,1,17.10247447130192,17.10247447130192,17.10247447130192,1
chronos_bolt__model_config.context_length-256__pipeline_config.raw_inference.completed_at-2026-09-27T13_26_45.334974_00_00,1,15.483406469551198,15.483406469551198,15.483406469551198,1
chronos_bolt__model_config.context_length-512__pipeline_config.raw_inference.completed_at-2026-09-27T14_56_37.638757_00_00,1,16.54969606566431,16.54969606566431,16.54969606566431,1
chronos_bolt__model_config.context_length-1024__pipeline_config.raw_inference.completed_at-2026-09-27T13_20_35.416136_00_00,1,26.435869417785838,26.435869417785838,26.435869417785838,1
chronos_bolt__model_config.context_length-128__pipeline_config.raw_inference.completed_at-2026-09-27T13_27_37.550532_00_00,1,24.328651690532187,24.328651690532187,24.328651690532187,1
chronos_bolt__model_config.context_length-2048__pipeline_config.raw_inference.completed_at-2026-09-26T15_47_59.276103_00_00,1,26.711808796666205,26.711808796666205,26.711808796666205,1
chronos_bolt__model_config.context_length-256__pipeline_config.raw_inference.completed_at-2026-09-27T13_26_45.150388_00_00,1,26.24916280047731,26.24916280047731,26.24916280047731,1
chronos_bolt__model_config.context_length-512__pipeline_config.raw_inference.completed_at-2026-09-27T14_56_37.456114_00_00,1,24.877635292316835,24.877635292316835,24.877635292316835,1
ts_icl__model_config.context_length-1024__pipeline_config.raw_inference.completed_at-2026-09-27T13_54_52.953474_00_00,1,17.655158678173056,17.655158678173056,17.655158678173056,1
ts_icl__model_config.context_length-2048__pipeline_config.raw_inference.completed_at-2026-09-27T13_57_47.820628_00_00,1,16.860996624715717,16.860996624715717,16.860996624715717,1
ts_icl__model_config.context_length-256__pipeline_config.raw_inference.completed_at-2026-09-27T15_04_47.953893_00_00,1,15.008826315017087,15.008826315017087,15.008826315017087,1
ts_icl__model_config.context_length-4096__pipeline_config.raw_inference.completed_at-2026-09-26T16_03_25.220219_00_00,1,18.178542971382228,18.178542971382228,18.178542971382228,1
ts_icl__model_config.context_length-512__pipeline_config.raw_inference.completed_at-2026-09-27T13_55_50.130592_00_00,1,15.497377819606406,15.497377819606406,15.497377819606406,1
ts_icl__model_config.context_length-1024__pipeline_config.raw_inference.completed_at-2026-09-27T13_54_52.417008_00_00,1,18.315076471442904,18.315076471442904,18.315076471442904,1
ts_icl__model_config.context_length-2048__pipeline_config.raw_inference.completed_at-2026-09-27T13_57_47.214465_00_00,1,18.091451848549877,18.091451848549877,18.091451848549877,1
ts_icl__model_config.context_length-256__pipeline_config.raw_inference.completed_at-2026-09-27T15_04_47.479573_00_00,1,15.90577311226432,15.90577311226432,15.90577311226432,1
ts_icl__model_config.context_length-4096__pipeline_config.raw_inference.completed_at-2026-09-26T16_03_24.322351_00_00,1,17.98739282599643,17.98739282599643,17.98739282599643,1
ts_icl__model_config.context_length-512__pipeline_config.raw_inference.completed_at-2026-09-27T13_55_49.637164_00_00,1,17.654206408560725,17.654206408560725,17.654206408560725,1
ts_icl__model_config.context_length-1024__pipeline_config.raw_inference.completed_at-2026-09-27T13_54_51.585653_00_00,1,28.596378297128812,28.596378297128812,28.596378297128812,1
ts_icl__model_config.context_length-2048__pipeline_config.raw_inference.completed_at-2026-09-27T13_57_46.135871_00_00,1,28.15067009512723,28.15067009512723,28.15067009512723,1
ts_icl__model_config.context_length-256__pipeline_config.raw_inference.completed_at-2026-09-27T15_04_46.791886_00_00,1,27.781593790334746,27.781593790334746,27.781593790334746,1
ts_icl__model_config.context_length-4096__pipeline_config.raw_inference.completed_at-2026-09-26T16_03_22.385156_00_00,1,27.6215133634911,27.6215133634911,27.6215133634911,1
ts_icl__model_config.context_length-512__pipeline_config.raw_inference.completed_at-2026-09-27T13_55_48.904030_00_00,1,28.249014219138925,28.249014219138925,28.249014219138925,1
chronos2__model_config.context_length-1024__pipeline_config.raw_inference.completed_at-2026-09-27T13_45_36.087411_00_00,1,5.2146040329423045,5.2146040329423045,5.2146040329423045,1
chronos2__model_config.context_length-2048__pipeline_config.raw_inference.completed_at-2026-09-27T13_41_07.554909_00_00,1,13.842992103565832,13.842992103565832,13.842992103565832,1
chronos2__model_config.context_length-4096__pipeline_config.raw_inference.completed_at-2026-09-27T13_41_25.143554_00_00,1,15.334365154095654,15.334365154095654,15.334365154095654,1
chronos2__model_config.context_length-512__pipeline_config.raw_inference.completed_at-2026-09-27T13_47_03.205295_00_00,1,-6.277976624424553,-6.277976624424553,-6.277976624424553,1
chronos2__model_config.context_length-8192__pipeline_config.raw_inference.completed_at-2026-09-26T15_47_41.256424_00_00,1,15.257678339156733,15.257678339156733,15.257678339156733,1
chronos2__model_config.context_length-1024__pipeline_config.raw_inference.completed_at-2026-09-27T13_45_35.807221_00_00,1,14.32655744980218,14.32655744980218,14.32655744980218,1
chronos2__model_config.context_length-2048__pipeline_config.raw_inference.completed_at-2026-09-27T13_41_07.272574_00_00,1,17.9815684791249,17.9815684791249,17.9815684791249,1
chronos2__model_config.context_length-4096__pipeline_config.raw_inference.completed_at-2026-09-27T13_41_24.850007_00_00,1,17.32057871428626,17.32057871428626,17.32057871428626,1
chronos2__model_config.context_length-512__pipeline_config.raw_inference.completed_at-2026-09-27T13_47_02.923550_00_00,1,8.351497210601533,8.351497210601533,8.351497210601533,1
chronos2__model_config.context_length-8192__pipeline_config.raw_inference.completed_at-2026-09-26T15_47_40.936798_00_00,1,17.59513492448693,17.59513492448693,17.59513492448693,1
chronos2__model_config.context_length-1024__pipeline_config.raw_inference.completed_at-2026-09-27T13_45_35.497741_00_00,1,19.291787416978913,19.291787416978913,19.291787416978913,1
chronos2__model_config.context_length-2048__pipeline_config.raw_inference.completed_at-2026-09-27T13_41_06.954311_00_00,1,19.593331922653046,19.593331922653046,19.593331922653046,1
chronos2__model_config.context_length-4096__pipeline_config.raw_inference.completed_at-2026-09-27T13_41_24.510789_00_00,1,19.87954460205631,19.87954460205631,19.87954460205631,1
chronos2__model_config.context_length-512__pipeline_config.raw_inference.completed_at-2026-09-27T13_47_02.612372_00_00,1,19.453935609223706,19.453935609223706,19.453935609223706,1
chronos2__model_config.context_length-8192__pipeline_config.raw_inference.completed_at-2026-09-26T15_47_40.569043_00_00,1,20.14177013621844,20.14177013621844,20.14177013621844,1
chronos_bolt__model_config.context_length-1024__pipeline_config.raw_inference.completed_at-2026-09-27T13_20_46.544194_00_00,1,12.600706243050464,12.600706243050464,12.600706243050464,1
chronos_bolt__model_config.context_length-128__pipeline_config.raw_inference.completed_at-2026-09-27T13_27_47.880125_00_00,1,7.30560427414042,7.30560427414042,7.30560427414042,1
chronos_bolt__model_config.context_length-2048__pipeline_config.raw_inference.completed_at-2026-09-26T15_48_10.275697_00_00,1,14.676185354403703,14.676185354403703,14.676185354403703,1
chronos_bolt__model_config.context_length-256__pipeline_config.raw_inference.completed_at-2026-09-27T13_26_55.474709_00_00,1,8.576277039251401,8.576277039251401,8.576277039251401,1
chronos_bolt__model_config.context_length-512__pipeline_config.raw_inference.completed_at-2026-09-27T14_56_47.850447_00_00,1,9.112873366963504,9.112873366963504,9.112873366963504,1
chronos_bolt__model_config.context_length-1024__pipeline_config.raw_inference.completed_at-2026-09-27T13_20_46.269032_00_00,1,10.126032178876166,10.126032178876166,10.126032178876166,1
chronos_bolt__model_config.context_length-128__pipeline_config.raw_inference.completed_at-2026-09-27T13_27_47.711515_00_00,1,9.176227203816346,9.176227203816346,9.176227203816346,1
chronos_bolt__model_config.context_length-2048__pipeline_config.raw_inference.completed_at-2026-09-26T15_48_09.858670_00_00,1,12.621187597450911,12.621187597450911,12.621187597450911,1
chronos_bolt__model_config.context_length-256__pipeline_config.raw_inference.completed_at-2026-09-27T13_26_55.295603_00_00,1,3.7286321230142527,3.7286321230142527,3.7286321230142527,1
chronos_bolt__model_config.context_length-512__pipeline_config.raw_inference.completed_at-2026-09-27T14_56_47.641608_00_00,1,7.1822168301247995,7.1822168301247995,7.1822168301247995,1
chronos_bolt__model_config.context_length-1024__pipeline_config.raw_inference.completed_at-2026-09-27T13_20_46.011986_00_00,1,14.879098136914237,14.879098136914237,14.879098136914237,1
chronos_bolt__model_config.context_length-128__pipeline_config.raw_inference.completed_at-2026-09-27T13_27_47.546267_00_00,1,15.726797359956867,15.726797359956867,15.726797359956867,1
chronos_bolt__model_config.context_length-2048__pipeline_config.raw_inference.completed_at-2026-09-26T15_48_09.461246_00_00,1,15.392911245222162,15.392911245222162,15.392911245222162,1
chronos_bolt__model_config.context_length-256__pipeline_config.raw_inference.completed_at-2026-09-27T13_26_55.117257_00_00,1,15.74594860051346,15.74594860051346,15.74594860051346,1
chronos_bolt__model_config.context_length-512__pipeline_config.raw_inference.completed_at-2026-09-27T14_56_47.441847_00_00,1,15.007474621526873,15.007474621526873,15.007474621526873,1
ts_icl__model_config.context_length-1024__pipeline_config.raw_inference.completed_at-2026-09-27T13_54_58.742423_00_00,1,19.220154566067315,19.220154566067315,19.220154566067315,1
ts_icl__model_config.context_length-2048__pipeline_config.raw_inference.completed_at-2026-09-27T13_57_54.800392_00_00,1,19.270815879243163,19.270815879243163,19.270815879243163,1
ts_icl__model_config.context_length-256__pipeline_config.raw_inference.completed_at-2026-09-27T15_04_53.500573_00_00,1,13.336179002231274,13.336179002231274,13.336179002231274,1
ts_icl__model_config.context_length-4096__pipeline_config.raw_inference.completed_at-2026-09-26T16_03_34.042014_00_00,1,20.34104023092137,20.34104023092137,20.34104023092137,1
ts_icl__model_config.context_length-512__pipeline_config.raw_inference.completed_at-2026-09-27T13_55_55.709375_00_00,1,11.71849401794588,11.71849401794588,11.71849401794588,1
ts_icl__model_config.context_length-1024__pipeline_config.raw_inference.completed_at-2026-09-27T13_54_58.277613_00_00,1,17.031494695988403,17.031494695988403,17.031494695988403,1
ts_icl__model_config.context_length-2048__pipeline_config.raw_inference.completed_at-2026-09-27T13_57_54.228873_00_00,1,18.993643350429167,18.993643350429167,18.993643350429167,1
ts_icl__model_config.context_length-256__pipeline_config.raw_inference.completed_at-2026-09-27T15_04_53.046094_00_00,1,12.824099047992977,12.824099047992977,12.824099047992977,1
ts_icl__model_config.context_length-4096__pipeline_config.raw_inference.completed_at-2026-09-26T16_03_33.387940_00_00,1,18.758185490851474,18.758185490851474,18.758185490851474,1
ts_icl__model_config.context_length-512__pipeline_config.raw_inference.completed_at-2026-09-27T13_55_55.267050_00_00,1,10.219253393427286,10.219253393427286,10.219253393427286,1
ts_icl__model_config.context_length-1024__pipeline_config.raw_inference.completed_at-2026-09-27T13_54_57.677388_00_00,1,20.048922284312564,20.048922284312564,20.048922284312564,1
ts_icl__model_config.context_length-2048__pipeline_config.raw_inference.completed_at-2026-09-27T13_57_53.392718_00_00,1,20.46391328412228,20.46391328412228,20.46391328412228,1
ts_icl__model_config.context_length-256__pipeline_config.raw_inference.completed_at-2026-09-27T15_04_52.477298_00_00,1,19.974741491767322,19.974741491767322,19.974741491767322,1
ts_icl__model_config.context_length-4096__pipeline_config.raw_inference.completed_at-2026-09-26T16_03_32.393368_00_00,1,20.28801271282069,20.28801271282069,20.28801271282069,1
ts_icl__model_config.context_length-512__pipeline_config.raw_inference.completed_at-2026-09-27T13_55_54.699287_00_00,1,20.175649889422942,20.175649889422942,20.175649889422942,1
chronos2__model_config.context_length-1024__pipeline_config.raw_inference.completed_at-2026-09-27T13_46_09.885766_00_00,1,12.88068286628883,12.88068286628883,12.88068286628883,1
chronos2__model_config.context_length-2048__pipeline_config.raw_inference.completed_at-2026-09-27T13_41_47.558191_00_00,1,13.314809345706557,13.314809345706557,13.314809345706557,1
chronos2__model_config.context_length-4096__pipeline_config.raw_inference.completed_at-2026-09-27T13_42_16.762188_00_00,1,13.415434870862775,13.415434870862775,13.415434870862775,1
chronos2__model_config.context_length-512__pipeline_config.raw_inference.completed_at-2026-09-27T13_47_35.130598_00_00,1,14.948154100857547,14.948154100857547,14.948154100857547,1
chronos2__model_config.context_length-8192__pipeline_config.raw_inference.completed_at-2026-09-26T15_48_54.664121_00_00,1,12.924123579920266,12.924123579920266,12.924123579920266,1
chronos2__model_config.context_length-1024__pipeline_config.raw_inference.completed_at-2026-09-27T13_46_09.418572_00_00,1,13.53041268996481,13.53041268996481,13.53041268996481,1
chronos2__model_config.context_length-2048__pipeline_config.raw_inference.completed_at-2026-09-27T13_41_47.047080_00_00,1,14.103412834043406,14.103412834043406,14.103412834043406,1
chronos2__model_config.context_length-4096__pipeline_config.raw_inference.completed_at-2026-09-27T13_42_16.167332_00_00,1,14.128283582542444,14.128283582542444,14.128283582542444,1
chronos2__model_config.context_length-512__pipeline_config.raw_inference.completed_at-2026-09-27T13_47_34.681057_00_00,1,13.496803496602872,13.496803496602872,13.496803496602872,1
chronos2__model_config.context_length-8192__pipeline_config.raw_inference.completed_at-2026-09-26T15_48_53.914141_00_00,1,13.899802397174943,13.899802397174943,13.899802397174943,1
chronos2__model_config.context_length-1024__pipeline_config.raw_inference.completed_at-2026-09-27T13_46_08.375055_00_00,1,22.101161790563715,22.101161790563715,22.101161790563715,1
chronos2__model_config.context_length-2048__pipeline_config.raw_inference.completed_at-2026-09-27T13_41_45.866128_00_00,1,22.14861957738149,22.14861957738149,22.14861957738149,1
chronos2__model_config.context_length-4096__pipeline_config.raw_inference.completed_at-2026-09-27T13_42_14.706612_00_00,1,22.04467251292821,22.04467251292821,22.04467251292821,1
chronos2__model_config.context_length-512__pipeline_config.raw_inference.completed_at-2026-09-27T13_47_33.679473_00_00,1,21.997901822193732,21.997901822193732,21.997901822193732,1
chronos2__model_config.context_length-8192__pipeline_config.raw_inference.completed_at-2026-09-26T15_48_51.967815_00_00,1,21.922583687966444,21.922583687966444,21.922583687966444,1
chronos_bolt__model_config.context_length-1024__pipeline_config.raw_inference.completed_at-2026-09-27T13_22_06.944958_00_00,1,11.403726599386877,11.403726599386877,11.403726599386877,1
chronos_bolt__model_config.context_length-128__pipeline_config.raw_inference.completed_at-2026-09-27T13_28_41.601674_00_00,1,11.487327420362202,11.487327420362202,11.487327420362202,1
chronos_bolt__model_config.context_length-2048__pipeline_config.raw_inference.completed_at-2026-09-26T15_50_00.788347_00_00,1,13.65758146989522,13.65758146989522,13.65758146989522,1
chronos_bolt__model_config.context_length-256__pipeline_config.raw_inference.completed_at-2026-09-27T13_27_52.156580_00_00,1,12.333476441615765,12.333476441615765,12.333476441615765,1
chronos_bolt__model_config.context_length-512__pipeline_config.raw_inference.completed_at-2026-09-27T14_57_50.955503_00_00,1,11.275893067908848,11.275893067908848,11.275893067908848,1
chronos_bolt__model_config.context_length-1024__pipeline_config.raw_inference.completed_at-2026-09-27T13_22_05.173605_00_00,1,12.492047849227617,12.492047849227617,12.492047849227617,1
chronos_bolt__model_config.context_length-128__pipeline_config.raw_inference.completed_at-2026-09-27T13_28_40.787306_00_00,1,10.598096888329389,10.598096888329389,10.598096888329389,1
chronos_bolt__model_config.context_length-2048__pipeline_config.raw_inference.completed_at-2026-09-26T15_49_57.796501_00_00,1,13.570317926453935,13.570317926453935,13.570317926453935,1
chronos_bolt__model_config.context_length-256__pipeline_config.raw_inference.completed_at-2026-09-27T13_27_51.235936_00_00,1,11.68469886661504,11.68469886661504,11.68469886661504,1
chronos_bolt__model_config.context_length-512__pipeline_config.raw_inference.completed_at-2026-09-27T14_57_49.772450_00_00,1,11.652783270845235,11.652783270845235,11.652783270845235,1
chronos_bolt__model_config.context_length-1024__pipeline_config.raw_inference.completed_at-2026-09-27T13_22_03.001275_00_00,1,21.413023883750647,21.413023883750647,21.413023883750647,1
chronos_bolt__model_config.context_length-128__pipeline_config.raw_inference.completed_at-2026-09-27T13_28_39.443351_00_00,1,20.929135048740644,20.929135048740644,20.929135048740644,1
chronos_bolt__model_config.context_length-2048__pipeline_config.raw_inference.completed_at-2026-09-26T15_49_54.637419_00_00,1,21.43448447804537,21.43448447804537,21.43448447804537,1
chronos_bolt__model_config.context_length-256__pipeline_config.raw_inference.completed_at-2026-09-27T13_27_49.827815_00_00,1,21.28539637016781,21.28539637016781,21.28539637016781,1
chronos_bolt__model_config.context_length-512__pipeline_config.raw_inference.completed_at-2026-09-27T14_57_48.237098_00_00,1,21.483764541839346,21.483764541839346,21.483764541839346,1
ts_icl__model_config.context_length-1024__pipeline_config.raw_inference.completed_at-2026-09-27T13_55_58.144793_00_00,1,13.204430600825724,13.204430600825724,13.204430600825724,1
ts_icl__model_config.context_length-2048__pipeline_config.raw_inference.completed_at-2026-09-27T13_59_41.562519_00_00,1,12.485347920913814,12.485347920913814,12.485347920913814,1
ts_icl__model_config.context_length-256__pipeline_config.raw_inference.completed_at-2026-09-27T15_05_30.111826_00_00,1,10.909012171867015,10.909012171867015,10.909012171867015,1
ts_icl__model_config.context_length-4096__pipeline_config.raw_inference.completed_at-2026-09-26T16_07_54.679891_00_00,1,12.436893268687943,12.436893268687943,12.436893268687943,1
ts_icl__model_config.context_length-512__pipeline_config.raw_inference.completed_at-2026-09-27T13_56_37.629842_00_00,1,12.269359437497428,12.269359437497428,12.269359437497428,1
ts_icl__model_config.context_length-1024__pipeline_config.raw_inference.completed_at-2026-09-27T13_55_57.151731_00_00,1,13.009569731013082,13.009569731013082,13.009569731013082,1
ts_icl__model_config.context_length-2048__pipeline_config.raw_inference.completed_at-2026-09-27T13_59_40.209119_00_00,1,12.771884396748412,12.771884396748412,12.771884396748412,1
ts_icl__model_config.context_length-256__pipeline_config.raw_inference.completed_at-2026-09-27T15_05_29.311605_00_00,1,11.913272811321763,11.913272811321763,11.913272811321763,1
ts_icl__model_config.context_length-4096__pipeline_config.raw_inference.completed_at-2026-09-26T16_07_52.159828_00_00,1,12.580058223130697,12.580058223130697,12.580058223130697,1
ts_icl__model_config.context_length-512__pipeline_config.raw_inference.completed_at-2026-09-27T13_56_36.779541_00_00,1,12.42956623146787,12.42956623146787,12.42956623146787,1
ts_icl__model_config.context_length-1024__pipeline_config.raw_inference.completed_at-2026-09-27T13_55_55.062641_00_00,1,21.198993704167336,21.198993704167336,21.198993704167336,1
ts_icl__model_config.context_length-2048__pipeline_config.raw_inference.completed_at-2026-09-27T13_59_37.036908_00_00,1,21.233074835047137,21.233074835047137,21.233074835047137,1
ts_icl__model_config.context_length-256__pipeline_config.raw_inference.completed_at-2026-09-27T15_05_27.737695_00_00,1,20.817928882245795,20.817928882245795,20.817928882245795,1
ts_icl__model_config.context_length-4096__pipeline_config.raw_inference.completed_at-2026-09-26T16_07_45.465539_00_00,1,21.06975538827147,21.06975538827147,21.06975538827147,1
ts_icl__model_config.context_length-512__pipeline_config.raw_inference.completed_at-2026-09-27T13_56_35.061882_00_00,1,21.117608632677197,21.117608632677197,21.117608632677197,1
chronos2__model_config.context_length-1024__pipeline_config.raw_inference.completed_at-2026-09-27T13_46_20.197097_00_00,1,7.328794933687799,7.328794933687799,7.328794933687799,1
chronos2__model_config.context_length-2048__pipeline_config.raw_inference.completed_at-2026-09-27T13_41_58.004263_00_00,1,15.006683969747137,15.006683969747137,15.006683969747137,1
chronos2__model_config.context_length-4096__pipeline_config.raw_inference.completed_at-2026-09-27T13_42_27.884871_00_00,1,22.166079517341007,22.166079517341007,22.166079517341007,1
chronos2__model_config.context_length-512__pipeline_config.raw_inference.completed_at-2026-09-27T13_47_45.259106_00_00,1,0.45264869795555995,0.45264869795555995,0.45264869795555995,1
chronos2__model_config.context_length-8192__pipeline_config.raw_inference.completed_at-2026-09-26T15_49_06.577617_00_00,1,23.762629866592366,23.762629866592366,23.762629866592366,1
chronos2__model_config.context_length-1024__pipeline_config.raw_inference.completed_at-2026-09-27T13_46_19.882664_00_00,1,18.20806976747199,18.20806976747199,18.20806976747199,1
chronos2__model_config.context_length-2048__pipeline_config.raw_inference.completed_at-2026-09-27T13_41_57.682860_00_00,1,28.1905287825157,28.1905287825157,28.1905287825157,1
chronos2__model_config.context_length-4096__pipeline_config.raw_inference.completed_at-2026-09-27T13_42_27.536214_00_00,1,26.408900937365377,26.408900937365377,26.408900937365377,1
chronos2__model_config.context_length-512__pipeline_config.raw_inference.completed_at-2026-09-27T13_47_44.941847_00_00,1,19.340534912617947,19.340534912617947,19.340534912617947,1
chronos2__model_config.context_length-8192__pipeline_config.raw_inference.completed_at-2026-09-26T15_49_06.207636_00_00,1,22.871073548997757,22.871073548997757,22.871073548997757,1
chronos2__model_config.context_length-1024__pipeline_config.raw_inference.completed_at-2026-09-27T13_46_19.491675_00_00,1,66.7718908005189,66.7718908005189,66.7718908005189,1
chronos2__model_config.context_length-2048__pipeline_config.raw_inference.completed_at-2026-09-27T13_41_57.268539_00_00,1,68.08201946593215,68.08201946593215,68.08201946593215,1
chronos2__model_config.context_length-4096__pipeline_config.raw_inference.completed_at-2026-09-27T13_42_27.064788_00_00,1,67.75447459613213,67.75447459613213,67.75447459613213,1
chronos2__model_config.context_length-512__pipeline_config.raw_inference.completed_at-2026-09-27T13_47_44.561070_00_00,1,64.61798033951818,64.6179803395182,64.61798033951818,1
chronos2__model_config.context_length-8192__pipeline_config.raw_inference.completed_at-2026-09-26T15_49_05.643932_00_00,1,62.15708102740902,62.15708102740902,62.15708102740902,1
chronos_bolt__model_config.context_length-1024__pipeline_config.raw_inference.completed_at-2026-09-27T13_22_17.631857_00_00,1,-32.56138664911043,-32.56138664911043,-32.56138664911043,1
chronos_bolt__model_config.context_length-128__pipeline_config.raw_inference.completed_at-2026-09-27T13_28_51.928869_00_00,1,-42.31763673938727,-42.31763673938727,-42.31763673938727,1
chronos_bolt__model_config.context_length-2048__pipeline_config.raw_inference.completed_at-2026-09-26T15_50_13.749029_00_00,1,-28.9841764853358,-28.9841764853358,-28.9841764853358,1
chronos_bolt__model_config.context_length-256__pipeline_config.raw_inference.completed_at-2026-09-27T13_28_02.510789_00_00,1,-25.040614315478592,-25.040614315478592,-25.040614315478592,1
chronos_bolt__model_config.context_length-512__pipeline_config.raw_inference.completed_at-2026-09-27T14_58_01.382322_00_00,1,-40.132184658229185,-40.132184658229185,-40.132184658229185,1
chronos_bolt__model_config.context_length-1024__pipeline_config.raw_inference.completed_at-2026-09-27T13_22_17.347895_00_00,1,-38.482193941952204,-38.482193941952204,-38.482193941952204,1
chronos_bolt__model_config.context_length-128__pipeline_config.raw_inference.completed_at-2026-09-27T13_28_51.773441_00_00,1,-73.11820343966819,-73.11820343966819,-73.11820343966819,1
chronos_bolt__model_config.context_length-2048__pipeline_config.raw_inference.completed_at-2026-09-26T15_50_13.260754_00_00,1,-36.794729978227615,-36.794729978227615,-36.794729978227615,1
chronos_bolt__model_config.context_length-256__pipeline_config.raw_inference.completed_at-2026-09-27T13_28_02.341748_00_00,1,-53.93152220917523,-53.93152220917523,-53.93152220917523,1
chronos_bolt__model_config.context_length-512__pipeline_config.raw_inference.completed_at-2026-09-27T14_58_01.181810_00_00,1,-47.442090574784125,-47.442090574784125,-47.442090574784125,1
chronos_bolt__model_config.context_length-1024__pipeline_config.raw_inference.completed_at-2026-09-27T13_22_16.924936_00_00,1,50.120892068234845,50.120892068234845,50.120892068234845,1
chronos_bolt__model_config.context_length-128__pipeline_config.raw_inference.completed_at-2026-09-27T13_28_51.482888_00_00,1,48.749916944690156,48.749916944690156,48.749916944690156,1
chronos_bolt__model_config.context_length-2048__pipeline_config.raw_inference.completed_at-2026-09-26T15_50_12.641595_00_00,1,52.1869911836919,52.1869911836919,52.1869911836919,1
chronos_bolt__model_config.context_length-256__pipeline_config.raw_inference.completed_at-2026-09-27T13_28_02.037349_00_00,1,52.37843126460584,52.37843126460584,52.37843126460584,1
chronos_bolt__model_config.context_length-512__pipeline_config.raw_inference.completed_at-2026-09-27T14_58_00.849113_00_00,1,50.37371564149633,50.37371564149633,50.37371564149633,1
ts_icl__model_config.context_length-1024__pipeline_config.raw_inference.completed_at-2026-09-27T13_56_05.085349_00_00,1,5.148695929010094,5.148695929010094,5.148695929010094,1
ts_icl__model_config.context_length-2048__pipeline_config.raw_inference.completed_at-2026-09-27T13_59_50.691994_00_00,1,-0.23727966643276588,-0.23727966643276588,-0.23727966643276588,1
ts_icl__model_config.context_length-256__pipeline_config.raw_inference.completed_at-2026-09-27T15_05_36.230123_00_00,1,-24.861621984721303,-24.861621984721303,-24.861621984721303,1
ts_icl__model_config.context_length-4096__pipeline_config.raw_inference.completed_at-2026-09-26T16_08_11.081393_00_00,1,4.954172319604588,4.954172319604588,4.954172319604588,1
ts_icl__model_config.context_length-512__pipeline_config.raw_inference.completed_at-2026-09-27T13_56_44.075201_00_00,1,-5.747761824695985,-5.747761824695985,-5.747761824695985,1
ts_icl__model_config.context_length-1024__pipeline_config.raw_inference.completed_at-2026-09-27T13_56_04.583867_00_00,1,9.042161973441976,9.042161973441976,9.042161973441976,1
ts_icl__model_config.context_length-2048__pipeline_config.raw_inference.completed_at-2026-09-27T13_59_50.117153_00_00,1,5.663729935620243,5.663729935620243,5.663729935620243,1
ts_icl__model_config.context_length-256__pipeline_config.raw_inference.completed_at-2026-09-27T15_05_35.766956_00_00,1,-18.3107518778854,-18.3107518778854,-18.3107518778854,1
ts_icl__model_config.context_length-4096__pipeline_config.raw_inference.completed_at-2026-09-26T16_08_10.313554_00_00,1,2.580060452007471,2.580060452007471,2.580060452007471,1
ts_icl__model_config.context_length-512__pipeline_config.raw_inference.completed_at-2026-09-27T13_56_43.601241_00_00,1,4.551733384777224,4.551733384777224,4.551733384777224,1
ts_icl__model_config.context_length-1024__pipeline_config.raw_inference.completed_at-2026-09-27T13_56_03.794459_00_00,1,59.51006226226385,59.51006226226385,59.51006226226385,1
ts_icl__model_config.context_length-2048__pipeline_config.raw_inference.completed_at-2026-09-27T13_59_49.115143_00_00,1,58.859146478142456,58.859146478142456,58.859146478142456,1
ts_icl__model_config.context_length-256__pipeline_config.raw_inference.completed_at-2026-09-27T15_05_35.081791_00_00,1,59.3383607803998,59.3383607803998,59.3383607803998,1
ts_icl__model_config.context_length-4096__pipeline_config.raw_inference.completed_at-2026-09-26T16_08_08.642942_00_00,1,55.835007393072075,55.835007393072075,55.835007393072075,1
ts_icl__model_config.context_length-512__pipeline_config.raw_inference.completed_at-2026-09-27T13_56_42.901294_00_00,1,60.36462979014917,60.36462979014917,60.36462979014917,1
chronos2__model_config.context_length-1024__pipeline_config.raw_inference.completed_at-2026-09-27T13_45_57.553571_00_00,1,9.745108824315407,9.745108824315407,9.745108824315407,1
chronos2__model_config.context_length-2048__pipeline_config.raw_inference.completed_at-2026-09-27T13_41_33.662867_00_00,1,16.018255802823834,16.018255802823834,16.018255802823834,1
chronos2__model_config.context_length-4096__pipeline_config.raw_inference.completed_at-2026-09-27T13_42_00.513544_00_00,1,14.857146969000068,14.857146969000068,14.857146969000068,1
chronos2__model_config.context_length-512__pipeline_config.raw_inference.completed_at-2026-09-27T13_47_23.055419_00_00,1,8.934069549801693,8.934069549801693,8.934069549801693,1
chronos2__model_config.context_length-8192__pipeline_config.raw_inference.completed_at-2026-09-26T15_48_33.655572_00_00,1,15.438094312101558,15.438094312101558,15.438094312101558,1
chronos2__model_config.context_length-1024__pipeline_config.raw_inference.completed_at-2026-09-27T13_45_55.645833_00_00,1,15.216163756107616,15.216163756107616,15.216163756107616,1
chronos2__model_config.context_length-2048__pipeline_config.raw_inference.completed_at-2026-09-27T13_41_31.616173_00_00,1,17.570211882421617,17.570211882421617,17.570211882421617,1
chronos2__model_config.context_length-4096__pipeline_config.raw_inference.completed_at-2026-09-27T13_41_58.214673_00_00,1,16.759026317823,16.759026317823,16.759026317823,1
chronos2__model_config.context_length-512__pipeline_config.raw_inference.completed_at-2026-09-27T13_47_21.205134_00_00,1,13.200881493749506,13.200881493749506,13.200881493749506,1
chronos2__model_config.context_length-8192__pipeline_config.raw_inference.completed_at-2026-09-26T15_48_30.671929_00_00,1,15.644732363108771,15.644732363108771,15.644732363108771,1
chronos2__model_config.context_length-1024__pipeline_config.raw_inference.completed_at-2026-09-27T13_45_50.102121_00_00,1,35.19380002616798,35.19380002616798,35.19380002616798,1
chronos2__model_config.context_length-2048__pipeline_config.raw_inference.completed_at-2026-09-27T13_41_25.509256_00_00,1,35.66870548213675,35.66870548213675,35.66870548213675,1
chronos2__model_config.context_length-4096__pipeline_config.raw_inference.completed_at-2026-09-27T13_41_51.188380_00_00,1,35.496499945360725,35.496499945360725,35.496499945360725,1
chronos2__model_config.context_length-512__pipeline_config.raw_inference.completed_at-2026-09-27T13_47_15.763942_00_00,1,34.34112909573768,34.34112909573768,34.34112909573768,1
chronos2__model_config.context_length-8192__pipeline_config.raw_inference.completed_at-2026-09-26T15_48_21.812438_00_00,1,35.18165809416177,35.18165809416177,35.18165809416177,1
chronos_bolt__model_config.context_length-1024__pipeline_config.raw_inference.completed_at-2026-09-27T13_21_49.612342_00_00,1,8.069490439396043,8.069490439396043,8.069490439396043,1
chronos_bolt__model_config.context_length-128__pipeline_config.raw_inference.completed_at-2026-09-27T13_28_27.295328_00_00,1,0.1934401929221119,0.1934401929221119,0.1934401929221119,1
chronos_bolt__model_config.context_length-2048__pipeline_config.raw_inference.completed_at-2026-09-26T15_49_38.648611_00_00,1,7.725525264497579,7.725525264497579,7.725525264497579,1
chronos_bolt__model_config.context_length-256__pipeline_config.raw_inference.completed_at-2026-09-27T13_27_37.958027_00_00,1,1.859871919108047,1.859871919108047,1.859871919108047,1
chronos_bolt__model_config.context_length-512__pipeline_config.raw_inference.completed_at-2026-09-27T14_57_36.425987_00_00,1,-0.3527757710481527,-0.3527757710481527,-0.3527757710481527,1
chronos_bolt__model_config.context_length-1024__pipeline_config.raw_inference.completed_at-2026-09-27T13_21_26.064911_00_00,1,9.8760084656192,9.8760084656192,9.8760084656192,1
chronos_bolt__model_config.context_length-128__pipeline_config.raw_inference.completed_at-2026-09-27T13_28_16.108255_00_00,1,-2.1836969477688983,-2.1836969477688983,-2.1836969477688983,1
chronos_bolt__model_config.context_length-2048__pipeline_config.raw_inference.completed_at-2026-09-26T15_49_05.119306_00_00,1,10.536471859537178,10.536471859537178,10.536471859537178,1
chronos_bolt__model_config.context_length-256__pipeline_config.raw_inference.completed_at-2026-09-27T13_27_25.057003_00_00,1,2.687273295952064,2.687273295952064,2.687273295952064,1
chronos_bolt__model_config.context_length-512__pipeline_config.raw_inference.completed_at-2026-09-27T14_57_20.273362_00_00,1,9.705555523675546,9.705555523675546,9.705555523675546,1
chronos_bolt__model_config.context_length-1024__pipeline_config.raw_inference.completed_at-2026-09-27T13_21_04.221617_00_00,1,32.329849128699294,32.329849128699294,32.329849128699294,1
chronos_bolt__model_config.context_length-128__pipeline_config.raw_inference.completed_at-2026-09-27T13_28_04.842704_00_00,1,25.230241408729682,25.230241408729682,25.230241408729682,1
chronos_bolt__model_config.context_length-2048__pipeline_config.raw_inference.completed_at-2026-09-26T15_48_30.087755_00_00,1,32.781892267093184,32.781892267093184,32.781892267093184,1
chronos_bolt__model_config.context_length-256__pipeline_config.raw_inference.completed_at-2026-09-27T13_27_12.612094_00_00,1,29.14575641616606,29.14575641616606,29.14575641616606,1
chronos_bolt__model_config.context_length-512__pipeline_config.raw_inference.completed_at-2026-09-27T14_57_04.882582_00_00,1,32.08267980723222,32.08267980723222,32.08267980723222,1
ts_icl__model_config.context_length-1024__pipeline_config.raw_inference.completed_at-2026-09-27T13_55_43.771384_00_00,1,6.57201058520589,6.57201058520589,6.57201058520589,1
ts_icl__model_config.context_length-2048__pipeline_config.raw_inference.completed_at-2026-09-27T13_59_16.427804_00_00,1,4.715716488859922,4.715716488859922,4.715716488859922,1
ts_icl__model_config.context_length-256__pipeline_config.raw_inference.completed_at-2026-09-27T15_05_19.499471_00_00,1,3.044187468666981,3.044187468666981,3.044187468666981,1
ts_icl__model_config.context_length-4096__pipeline_config.raw_inference.completed_at-2026-09-26T16_06_55.979969_00_00,1,6.456271944577773,6.456271944577773,6.456271944577773,1
ts_icl__model_config.context_length-512__pipeline_config.raw_inference.completed_at-2026-09-27T13_56_26.620894_00_00,1,8.775674918633225,8.775674918633225,8.775674918633225,1
ts_icl__model_config.context_length-1024__pipeline_config.raw_inference.completed_at-2026-09-27T13_55_39.112709_00_00,1,13.942497499003458,13.942497499003458,13.942497499003458,1
ts_icl__model_config.context_length-2048__pipeline_config.raw_inference.completed_at-2026-09-27T13_59_09.050782_00_00,1,13.909002166843509,13.909002166843509,13.909002166843509,1
ts_icl__model_config.context_length-256__pipeline_config.raw_inference.completed_at-2026-09-27T15_05_16.311983_00_00,1,-1.543139147391992,-1.543139147391992,-1.543139147391992,1
ts_icl__model_config.context_length-4096__pipeline_config.raw_inference.completed_at-2026-09-26T16_06_39.839239_00_00,1,15.175235505017604,15.175235505017604,15.175235505017604,1
ts_icl__model_config.context_length-512__pipeline_config.raw_inference.completed_at-2026-09-27T13_56_23.012586_00_00,1,13.381934001320072,13.381934001320072,13.381934001320072,1
ts_icl__model_config.context_length-1024__pipeline_config.raw_inference.completed_at-2026-09-27T13_55_29.864993_00_00,1,33.914485120110626,33.914485120110626,33.914485120110626,1
ts_icl__model_config.context_length-2048__pipeline_config.raw_inference.completed_at-2026-09-27T13_58_55.740899_00_00,1,33.536082009643366,33.536082009643366,33.536082009643366,1
ts_icl__model_config.context_length-256__pipeline_config.raw_inference.completed_at-2026-09-27T15_05_09.070369_00_00,1,29.81756478461496,29.81756478461496,29.81756478461496,1
ts_icl__model_config.context_length-4096__pipeline_config.raw_inference.completed_at-2026-09-26T16_06_13.734355_00_00,1,33.379173430158836,33.379173430158836,33.379173430158836,1
ts_icl__model_config.context_length-512__pipeline_config.raw_inference.completed_at-2026-09-27T13_56_15.234854_00_00,1,32.9888601449414,32.9888601449414,32.9888601449414,1
chronos2__model_config.context_length-1024__pipeline_config.raw_inference.completed_at-2026-09-27T13_46_32.519657_00_00,1,1.2760252168639519,1.2760252168639519,1.2760252168639519,1
chronos2__model_config.context_length-2048__pipeline_config.raw_inference.completed_at-2026-09-27T13_42_11.784661_00_00,1,5.463788912115641,5.463788912115641,5.463788912115641,1
chronos2__model_config.context_length-4096__pipeline_config.raw_inference.completed_at-2026-09-27T13_42_44.592872_00_00,1,13.142804219081361,13.142804219081361,13.142804219081361,1
chronos2__model_config.context_length-512__pipeline_config.raw_inference.completed_at-2026-09-27T13_47_57.027356_00_00,1,4.002741268021515,4.002741268021515,4.002741268021515,1
chronos2__model_config.context_length-8192__pipeline_config.raw_inference.completed_at-2026-09-26T15_49_25.733402_00_00,1,13.125869550143776,13.125869550143776,13.125869550143776,1
chronos2__model_config.context_length-1024__pipeline_config.raw_inference.completed_at-2026-09-27T13_46_31.937212_00_00,1,17.084585021986033,17.084585021986033,17.084585021986033,1
chronos2__model_config.context_length-2048__pipeline_config.raw_inference.completed_at-2026-09-27T13_42_11.119342_00_00,1,19.22155447288305,19.22155447288305,19.22155447288305,1
chronos2__model_config.context_length-4096__pipeline_config.raw_inference.completed_at-2026-09-27T13_42_43.765772_00_00,1,21.399068284817947,21.399068284817947,21.399068284817947,1
chronos2__model_config.context_length-512__pipeline_config.raw_inference.completed_at-2026-09-27T13_47_56.480272_00_00,1,11.888942111200794,11.888942111200794,11.888942111200794,1
chronos2__model_config.context_length-8192__pipeline_config.raw_inference.completed_at-2026-09-26T15_49_24.607194_00_00,1,21.235574974888404,21.235574974888404,21.235574974888404,1
chronos2__model_config.context_length-1024__pipeline_config.raw_inference.completed_at-2026-09-27T13_46_30.822435_00_00,1,24.803262309194107,24.803262309194107,24.803262309194107,1
chronos2__model_config.context_length-2048__pipeline_config.raw_inference.completed_at-2026-09-27T13_42_09.833088_00_00,1,25.048178871201078,25.048178871201078,25.048178871201078,1
chronos2__model_config.context_length-4096__pipeline_config.raw_inference.completed_at-2026-09-27T13_42_42.143676_00_00,1,24.19478960122039,24.19478960122039,24.19478960122039,1
chronos2__model_config.context_length-512__pipeline_config.raw_inference.completed_at-2026-09-27T13_47_55.418364_00_00,1,24.442711588833376,24.442711588833376,24.442711588833376,1
chronos2__model_config.context_length-8192__pipeline_config.raw_inference.completed_at-2026-09-26T15_49_22.458019_00_00,1,23.895485881866087,23.895485881866087,23.895485881866087,1
chronos_bolt__model_config.context_length-1024__pipeline_config.raw_inference.completed_at-2026-09-27T13_22_37.894252_00_00,1,6.61636482071426,6.61636482071426,6.61636482071426,1
chronos_bolt__model_config.context_length-128__pipeline_config.raw_inference.completed_at-2026-09-27T13_29_07.265917_00_00,1,4.450483155930717,4.450483155930717,4.450483155930717,1
chronos_bolt__model_config.context_length-2048__pipeline_config.raw_inference.completed_at-2026-09-26T15_50_39.241563_00_00,1,9.209866858401107,9.209866858401107,9.209866858401107,1
chronos_bolt__model_config.context_length-256__pipeline_config.raw_inference.completed_at-2026-09-27T13_28_18.209402_00_00,1,0.40563623614754407,0.40563623614754407,0.40563623614754407,1
chronos_bolt__model_config.context_length-512__pipeline_config.raw_inference.completed_at-2026-09-27T14_58_18.181024_00_00,1,1.71180212970512,1.71180212970512,1.71180212970512,1
chronos_bolt__model_config.context_length-1024__pipeline_config.raw_inference.completed_at-2026-09-27T13_22_33.621329_00_00,1,12.638515658902904,12.638515658902904,12.638515658902904,1
chronos_bolt__model_config.context_length-128__pipeline_config.raw_inference.completed_at-2026-09-27T13_29_05.586692_00_00,1,5.467067471549891,5.467067471549891,5.467067471549891,1
chronos_bolt__model_config.context_length-2048__pipeline_config.raw_inference.completed_at-2026-09-26T15_50_32.392678_00_00,1,15.12787624280687,15.12787624280687,15.12787624280687,1
chronos_bolt__model_config.context_length-256__pipeline_config.raw_inference.completed_at-2026-09-27T13_28_16.288384_00_00,1,5.490644791377108,5.490644791377108,5.490644791377108,1
chronos_bolt__model_config.context_length-512__pipeline_config.raw_inference.completed_at-2026-09-27T14_58_15.538510_00_00,1,7.597252567385116,7.597252567385116,7.597252567385116,1
chronos_bolt__model_config.context_length-1024__pipeline_config.raw_inference.completed_at-2026-09-27T13_22_29.979321_00_00,1,19.049142524258677,19.049142524258677,19.049142524258677,1
chronos_bolt__model_config.context_length-128__pipeline_config.raw_inference.completed_at-2026-09-27T13_29_03.673067_00_00,1,13.524790963391242,13.524790963391242,13.524790963391242,1
chronos_bolt__model_config.context_length-2048__pipeline_config.raw_inference.completed_at-2026-09-26T15_50_26.168306_00_00,1,18.506486146118874,18.506486146118874,18.506486146118874,1
chronos_bolt__model_config.context_length-256__pipeline_config.raw_inference.completed_at-2026-09-27T13_28_14.175188_00_00,1,14.336014797920537,14.336014797920537,14.336014797920537,1
chronos_bolt__model_config.context_length-512__pipeline_config.raw_inference.completed_at-2026-09-27T14_58_12.980681_00_00,1,17.82627711396535,17.82627711396535,17.82627711396535,1
ts_icl__model_config.context_length-1024__pipeline_config.raw_inference.completed_at-2026-09-27T13_56_20.473628_00_00,1,10.424404823983824,10.424404823983824,10.424404823983824,1
ts_icl__model_config.context_length-2048__pipeline_config.raw_inference.completed_at-2026-09-27T14_00_18.316064_00_00,1,10.409542933331528,10.409542933331528,10.409542933331528,1
ts_icl__model_config.context_length-256__pipeline_config.raw_inference.completed_at-2026-09-27T15_05_46.551422_00_00,1,5.937147550900034,5.937147550900034,5.937147550900034,1
ts_icl__model_config.context_length-4096__pipeline_config.raw_inference.completed_at-2026-09-26T16_09_22.797780_00_00,1,11.830106406996766,11.830106406996766,11.830106406996766,1
ts_icl__model_config.context_length-512__pipeline_config.raw_inference.completed_at-2026-09-27T13_56_55.880122_00_00,1,8.490459250164694,8.490459250164694,8.490459250164694,1
ts_icl__model_config.context_length-1024__pipeline_config.raw_inference.completed_at-2026-09-27T13_56_19.118950_00_00,1,19.09127379197931,19.09127379197931,19.09127379197931,1
ts_icl__model_config.context_length-2048__pipeline_config.raw_inference.completed_at-2026-09-27T14_00_16.227937_00_00,1,20.653587608174394,20.653587608174394,20.653587608174394,1
ts_icl__model_config.context_length-256__pipeline_config.raw_inference.completed_at-2026-09-27T15_05_45.549332_00_00,1,13.788918202156975,13.788918202156975,13.788918202156975,1
ts_icl__model_config.context_length-4096__pipeline_config.raw_inference.completed_at-2026-09-26T16_09_17.673881_00_00,1,20.293835324259202,20.293835324259202,20.293835324259202,1
ts_icl__model_config.context_length-512__pipeline_config.raw_inference.completed_at-2026-09-27T13_56_54.782840_00_00,1,16.02926229472429,16.02926229472429,16.02926229472429,1
ts_icl__model_config.context_length-1024__pipeline_config.raw_inference.completed_at-2026-09-27T13_56_16.749888_00_00,1,23.17674024883487,23.17674024883487,23.17674024883487,1
ts_icl__model_config.context_length-2048__pipeline_config.raw_inference.completed_at-2026-09-27T14_00_12.471192_00_00,1,22.74981355732537,22.74981355732537,22.74981355732537,1
ts_icl__model_config.context_length-256__pipeline_config.raw_inference.completed_at-2026-09-27T15_05_43.863803_00_00,1,22.211719175222743,22.211719175222743,22.211719175222743,1
ts_icl__model_config.context_length-4096__pipeline_config.raw_inference.completed_at-2026-09-26T16_09_07.941690_00_00,1,21.67492134196971,21.67492134196971,21.67492134196971,1
ts_icl__model_config.context_length-512__pipeline_config.raw_inference.completed_at-2026-09-27T13_56_52.897392_00_00,1,23.105276293509426,23.105276293509426,23.105276293509426,1
chronos2__model_config.context_length-1024__pipeline_config.raw_inference.completed_at-2026-09-27T13_51_20.311905_00_00,1,20.012377377776435,20.012377377776435,20.012377377776435,1
chronos2__model_config.context_length-2048__pipeline_config.raw_inference.completed_at-2026-09-27T13_47_17.085172_00_00,1,20.430961584960695,20.430961584960695,20.430961584960695,1
chronos2__model_config.context_length-4096__pipeline_config.raw_inference.completed_at-2026-09-27T13_48_15.910356_00_00,1,20.430961584960695,20.430961584960695,20.430961584960695,1
chronos2__model_config.context_length-512__pipeline_config.raw_inference.completed_at-2026-09-27T13_52_42.447102_00_00,1,21.440008125781475,21.440008125781475,21.440008125781475,1
chronos2__model_config.context_length-8192__pipeline_config.raw_inference.completed_at-2026-09-26T15_56_02.550081_00_00,1,20.430961584960695,20.430961584960695,20.430961584960695,1
chronos_bolt__model_config.context_length-1024__pipeline_config.raw_inference.completed_at-2026-09-27T13_28_22.236482_00_00,1,16.647667531416943,16.647667531416943,16.647667531416943,1
chronos_bolt__model_config.context_length-128__pipeline_config.raw_inference.completed_at-2026-09-27T13_34_22.776403_00_00,1,23.56283448266585,23.56283448266585,23.56283448266585,1
chronos_bolt__model_config.context_length-2048__pipeline_config.raw_inference.completed_at-2026-09-26T15_57_05.887193_00_00,1,16.442547166640043,16.442547166640043,16.442547166640043,1
chronos_bolt__model_config.context_length-256__pipeline_config.raw_inference.completed_at-2026-09-27T13_33_36.663244_00_00,1,20.54615380974665,20.54615380974665,20.54615380974665,1
chronos_bolt__model_config.context_length-512__pipeline_config.raw_inference.completed_at-2026-09-27T15_25_30.900582_00_00,1,18.192390356980926,18.192390356980926,18.192390356980926,1
ts_icl__model_config.context_length-1024__pipeline_config.raw_inference.completed_at-2026-09-27T14_01_02.010611_00_00,1,21.517692081134033,21.517692081134033,21.517692081134033,1
ts_icl__model_config.context_length-2048__pipeline_config.raw_inference.completed_at-2026-09-27T14_07_53.897731_00_00,1,22.207212127934838,22.207212127934838,22.207212127934838,1
ts_icl__model_config.context_length-256__pipeline_config.raw_inference.completed_at-2026-09-27T15_09_17.636882_00_00,1,21.925293870504458,21.925293870504458,21.925293870504458,1
ts_icl__model_config.context_length-4096__pipeline_config.raw_inference.completed_at-2026-09-26T16_24_28.930878_00_00,1,22.207212127934838,22.207212127934838,22.207212127934838,1
ts_icl__model_config.context_length-512__pipeline_config.raw_inference.completed_at-2026-09-27T14_00_45.348824_00_00,1,20.95656203528804,20.95656203528804,20.95656203528804,1
chronos2__model_config.context_length-1024__pipeline_config.raw_inference.completed_at-2026-09-27T13_51_11.025913_00_00,1,25.8058101222712,25.8058101222712,25.8058101222712,1
chronos2__model_config.context_length-2048__pipeline_config.raw_inference.completed_at-2026-09-27T13_47_07.682244_00_00,1,25.8058101222712,25.8058101222712,25.8058101222712,1
chronos2__model_config.context_length-4096__pipeline_config.raw_inference.completed_at-2026-09-27T13_48_06.604102_00_00,1,25.8058101222712,25.8058101222712,25.8058101222712,1
chronos2__model_config.context_length-512__pipeline_config.raw_inference.completed_at-2026-09-27T13_52_33.102716_00_00,1,25.67084995349205,25.67084995349205,25.67084995349205,1
chronos2__model_config.context_length-8192__pipeline_config.raw_inference.completed_at-2026-09-26T15_55_53.197161_00_00,1,25.8058101222712,25.8058101222712,25.8058101222712,1
chronos_bolt__model_config.context_length-1024__pipeline_config.raw_inference.completed_at-2026-09-27T13_28_12.587418_00_00,1,23.07408796563546,23.07408796563546,23.07408796563546,1
chronos_bolt__model_config.context_length-128__pipeline_config.raw_inference.completed_at-2026-09-27T13_34_13.228058_00_00,1,21.51555333067797,21.51555333067797,21.51555333067797,1
chronos_bolt__model_config.context_length-2048__pipeline_config.raw_inference.completed_at-2026-09-26T15_56_56.468880_00_00,1,23.07408796563546,23.07408796563546,23.07408796563546,1
chronos_bolt__model_config.context_length-256__pipeline_config.raw_inference.completed_at-2026-09-27T13_33_27.121284_00_00,1,23.234485405745996,23.234485405745996,23.234485405745996,1
chronos_bolt__model_config.context_length-512__pipeline_config.raw_inference.completed_at-2026-09-27T15_25_21.206352_00_00,1,23.035627698612316,23.035627698612316,23.035627698612316,1
ts_icl__model_config.context_length-1024__pipeline_config.raw_inference.completed_at-2026-09-27T14_00_57.148333_00_00,1,22.774417002237435,22.774417002237435,22.774417002237435,1
ts_icl__model_config.context_length-2048__pipeline_config.raw_inference.completed_at-2026-09-27T14_07_49.071146_00_00,1,22.774417002237435,22.774417002237435,22.774417002237435,1
ts_icl__model_config.context_length-256__pipeline_config.raw_inference.completed_at-2026-09-27T15_09_13.099191_00_00,1,23.58330377368447,23.58330377368447,23.58330377368447,1
ts_icl__model_config.context_length-4096__pipeline_config.raw_inference.completed_at-2026-09-26T16_24_24.089912_00_00,1,22.774417002237435,22.774417002237435,22.774417002237435,1
ts_icl__model_config.context_length-512__pipeline_config.raw_inference.completed_at-2026-09-27T14_00_40.486377_00_00,1,22.717503182921817,22.717503182921817,22.717503182921817,1
chronos2__model_config.context_length-1024__pipeline_config.raw_inference.completed_at-2026-09-27T13_49_36.634663_00_00,1,-7.054373933254698,-7.054373933254698,-7.054373933254698,1
chronos2__model_config.context_length-2048__pipeline_config.raw_inference.completed_at-2026-09-27T13_45_31.584463_00_00,1,-1.4199093595171686,-1.4199093595171686,-1.4199093595171686,1
chronos2__model_config.context_length-4096__pipeline_config.raw_inference.completed_at-2026-09-27T13_46_28.668595_00_00,1,-0.9700050128070181,-0.9700050128070181,-0.9700050128070181,1
chronos2__model_config.context_length-512__pipeline_config.raw_inference.completed_at-2026-09-27T13_50_58.011137_00_00,1,-3.8730643017838684,-3.8730643017838684,-3.8730643017838684,1
chronos2__model_config.context_length-8192__pipeline_config.raw_inference.completed_at-2026-09-26T15_54_11.319860_00_00,1,-0.9700050128070181,-0.9700050128070181,-0.9700050128070181,1
chronos_bolt__model_config.context_length-1024__pipeline_config.raw_inference.completed_at-2026-09-27T13_26_32.856879_00_00,1,-10.441525140346952,-10.441525140346952,-10.441525140346952,1
chronos_bolt__model_config.context_length-128__pipeline_config.raw_inference.completed_at-2026-09-27T13_32_35.738959_00_00,1,1.011136286950598,1.011136286950598,1.011136286950598,1
chronos_bolt__model_config.context_length-2048__pipeline_config.raw_inference.completed_at-2026-09-26T15_55_16.526428_00_00,1,-7.79682771320378,-7.79682771320378,-7.79682771320378,1
chronos_bolt__model_config.context_length-256__pipeline_config.raw_inference.completed_at-2026-09-27T13_31_49.437728_00_00,1,-4.45675876430518,-4.45675876430518,-4.45675876430518,1
chronos_bolt__model_config.context_length-512__pipeline_config.raw_inference.completed_at-2026-09-27T15_23_42.371875_00_00,1,-9.620513409536201,-9.620513409536201,-9.620513409536201,1
ts_icl__model_config.context_length-1024__pipeline_config.raw_inference.completed_at-2026-09-27T14_00_02.161096_00_00,1,-7.906679804307104,-7.906679804307104,-7.906679804307104,1
ts_icl__model_config.context_length-2048__pipeline_config.raw_inference.completed_at-2026-09-27T14_06_45.817690_00_00,1,-5.249930557372107,-5.249930557372107,-5.249930557372107,1
ts_icl__model_config.context_length-256__pipeline_config.raw_inference.completed_at-2026-09-27T15_08_22.882411_00_00,1,-15.567545226052438,-15.567545226052438,-15.567545226052438,1
ts_icl__model_config.context_length-4096__pipeline_config.raw_inference.completed_at-2026-09-26T16_22_54.440894_00_00,1,-3.7134335159880294,-3.7134335159880294,-3.7134335159880294,1
ts_icl__model_config.context_length-512__pipeline_config.raw_inference.completed_at-2026-09-27T13_59_47.582838_00_00,1,-13.705398084391817,-13.705398084391817,-13.705398084391817,1
chronos2__model_config.context_length-1024__pipeline_config.raw_inference.completed_at-2026-09-27T13_49_08.120262_00_00,1,6.158933799742828,6.158933799742828,6.158933799742828,1
chronos2__model_config.context_length-2048__pipeline_config.raw_inference.completed_at-2026-09-27T13_45_03.426835_00_00,1,8.230672434295938,8.230672434295938,8.230672434295938,1
chronos2__model_config.context_length-4096__pipeline_config.raw_inference.completed_at-2026-09-27T13_46_00.635630_00_00,1,8.230672434295938,8.230672434295938,8.230672434295938,1
chronos2__model_config.context_length-512__pipeline_config.raw_inference.completed_at-2026-09-27T13_50_29.901774_00_00,1,16.12017027903755,16.12017027903755,16.12017027903755,1
chronos2__model_config.context_length-8192__pipeline_config.raw_inference.completed_at-2026-09-26T15_53_43.404506_00_00,1,8.230672434295938,8.230672434295938,8.230672434295938,1
chronos_bolt__model_config.context_length-1024__pipeline_config.raw_inference.completed_at-2026-09-27T13_26_04.244957_00_00,1,1.6319329445398822,1.6319329445398822,1.6319329445398822,1
chronos_bolt__model_config.context_length-128__pipeline_config.raw_inference.completed_at-2026-09-27T13_32_06.986075_00_00,1,6.753834152466187,6.753834152466187,6.753834152466187,1
chronos_bolt__model_config.context_length-2048__pipeline_config.raw_inference.completed_at-2026-09-26T15_54_48.077915_00_00,1,0.3836818312628387,0.3836818312628387,0.3836818312628387,1
chronos_bolt__model_config.context_length-256__pipeline_config.raw_inference.completed_at-2026-09-27T13_31_20.152743_00_00,1,7.483801519160249,7.483801519160249,7.483801519160249,1
chronos_bolt__model_config.context_length-512__pipeline_config.raw_inference.completed_at-2026-09-27T15_23_13.268492_00_00,1,-2.508308840661222,-2.508308840661222,-2.508308840661222,1
ts_icl__model_config.context_length-1024__pipeline_config.raw_inference.completed_at-2026-09-27T13_59_45.599914_00_00,1,8.429830853575082,8.429830853575082,8.429830853575082,1
ts_icl__model_config.context_length-2048__pipeline_config.raw_inference.completed_at-2026-09-27T14_06_28.925943_00_00,1,7.5263649480307055,7.5263649480307055,7.5263649480307055,1
ts_icl__model_config.context_length-256__pipeline_config.raw_inference.completed_at-2026-09-27T15_08_06.302923_00_00,1,9.539976077089596,9.539976077089596,9.539976077089596,1
ts_icl__model_config.context_length-4096__pipeline_config.raw_inference.completed_at-2026-09-26T16_22_36.905392_00_00,1,7.5263649480307055,7.5263649480307055,7.5263649480307055,1
ts_icl__model_config.context_length-512__pipeline_config.raw_inference.completed_at-2026-09-27T13_59_31.074946_00_00,1,15.875308084654637,15.875308084654637,15.875308084654637,1
chronos2__model_config.context_length-1024__pipeline_config.raw_inference.completed_at-2026-09-27T13_49_17.762147_00_00,1,5.313650059867159,5.313650059867159,5.313650059867159,1
chronos2__model_config.context_length-2048__pipeline_config.raw_inference.completed_at-2026-09-27T13_45_12.798430_00_00,1,5.313650059867159,5.313650059867159,5.313650059867159,1
chronos2__model_config.context_length-4096__pipeline_config.raw_inference.completed_at-2026-09-27T13_46_09.997610_00_00,1,5.313650059867159,5.313650059867159,5.313650059867159,1
chronos2__model_config.context_length-512__pipeline_config.raw_inference.completed_at-2026-09-27T13_50_39.303433_00_00,1,5.313650059867159,5.313650059867159,5.313650059867159,1
chronos2__model_config.context_length-8192__pipeline_config.raw_inference.completed_at-2026-09-26T15_53_52.688939_00_00,1,5.313650059867159,5.313650059867159,5.313650059867159,1
chronos_bolt__model_config.context_length-1024__pipeline_config.raw_inference.completed_at-2026-09-27T13_26_13.720792_00_00,1,11.996495571358945,11.996495571358945,11.996495571358945,1
chronos_bolt__model_config.context_length-128__pipeline_config.raw_inference.completed_at-2026-09-27T13_32_16.532350_00_00,1,9.571489627436414,9.571489627436414,9.571489627436414,1
chronos_bolt__model_config.context_length-2048__pipeline_config.raw_inference.completed_at-2026-09-26T15_54_57.466201_00_00,1,11.996495571358945,11.996495571358945,11.996495571358945,1
chronos_bolt__model_config.context_length-256__pipeline_config.raw_inference.completed_at-2026-09-27T13_31_30.140833_00_00,1,11.996495571358945,11.996495571358945,11.996495571358945,1
chronos_bolt__model_config.context_length-512__pipeline_config.raw_inference.completed_at-2026-09-27T15_23_22.799164_00_00,1,11.996495571358945,11.996495571358945,11.996495571358945,1
ts_icl__model_config.context_length-1024__pipeline_config.raw_inference.completed_at-2026-09-27T13_59_50.625093_00_00,1,-21.34940904665752,-21.34940904665752,-21.34940904665752,1
ts_icl__model_config.context_length-2048__pipeline_config.raw_inference.completed_at-2026-09-27T14_06_34.000232_00_00,1,-21.34940904665752,-21.34940904665752,-21.34940904665752,1
ts_icl__model_config.context_length-256__pipeline_config.raw_inference.completed_at-2026-09-27T15_08_11.342740_00_00,1,-21.34940904665752,-21.34940904665752,-21.34940904665752,1
ts_icl__model_config.context_length-4096__pipeline_config.raw_inference.completed_at-2026-09-26T16_22_42.213998_00_00,1,-21.34940904665752,-21.34940904665752,-21.34940904665752,1
ts_icl__model_config.context_length-512__pipeline_config.raw_inference.completed_at-2026-09-27T13_59_36.090445_00_00,1,-21.34940904665752,-21.34940904665752,-21.34940904665752,1
chronos2__model_config.context_length-1024__pipeline_config.raw_inference.completed_at-2026-09-27T13_47_51.164997_00_00,1,24.570715128520938,24.570715128520938,24.570715128520938,1
chronos2__model_config.context_length-2048__pipeline_config.raw_inference.completed_at-2026-09-27T13_43_36.236460_00_00,1,24.31292638707383,24.31292638707383,24.31292638707383,1
chronos2__model_config.context_length-4096__pipeline_config.raw_inference.completed_at-2026-09-27T13_44_17.448348_00_00,1,21.154438092338967,21.154438092338967,21.154438092338967,1
chronos2__model_config.context_length-512__pipeline_config.raw_inference.completed_at-2026-09-27T13_49_13.865106_00_00,1,20.66361251570149,20.66361251570149,20.66361251570149,1
chronos2__model_config.context_length-8192__pipeline_config.raw_inference.completed_at-2026-09-26T15_51_15.309082_00_00,1,19.441655417479698,19.441655417479698,19.441655417479698,1
chronos2__model_config.context_length-1024__pipeline_config.raw_inference.completed_at-2026-09-27T13_47_50.780077_00_00,1,25.466771690353262,25.466771690353262,25.466771690353262,1
chronos2__model_config.context_length-2048__pipeline_config.raw_inference.completed_at-2026-09-27T13_43_35.842788_00_00,1,29.488506965179628,29.488506965179628,29.488506965179628,1
chronos2__model_config.context_length-4096__pipeline_config.raw_inference.completed_at-2026-09-27T13_44_17.029087_00_00,1,29.238270059045945,29.238270059045945,29.238270059045945,1
chronos2__model_config.context_length-512__pipeline_config.raw_inference.completed_at-2026-09-27T13_49_13.481300_00_00,1,22.020023766797713,22.020023766797713,22.020023766797713,1
chronos2__model_config.context_length-8192__pipeline_config.raw_inference.completed_at-2026-09-26T15_51_14.853419_00_00,1,28.437991307564136,28.437991307564136,28.437991307564136,1
chronos2__model_config.context_length-1024__pipeline_config.raw_inference.completed_at-2026-09-27T13_47_50.199039_00_00,1,38.54415813068049,38.54415813068049,38.54415813068049,1
chronos2__model_config.context_length-2048__pipeline_config.raw_inference.completed_at-2026-09-27T13_43_35.182195_00_00,1,40.4212881224996,40.4212881224996,40.4212881224996,1
chronos2__model_config.context_length-4096__pipeline_config.raw_inference.completed_at-2026-09-27T13_44_16.220838_00_00,1,40.69139280506481,40.69139280506481,40.69139280506481,1
chronos2__model_config.context_length-512__pipeline_config.raw_inference.completed_at-2026-09-27T13_49_12.936849_00_00,1,35.74982554520799,35.74982554520799,35.74982554520799,1
chronos2__model_config.context_length-8192__pipeline_config.raw_inference.completed_at-2026-09-26T15_51_13.717626_00_00,1,40.60265514199885,40.60265514199885,40.60265514199885,1
chronos_bolt__model_config.context_length-1024__pipeline_config.raw_inference.completed_at-2026-09-27T13_24_11.506848_00_00,1,19.14062978279447,19.14062978279447,19.14062978279447,1
chronos_bolt__model_config.context_length-128__pipeline_config.raw_inference.completed_at-2026-09-27T13_30_35.174316_00_00,1,-9.711149315189239,-9.711149315189239,-9.711149315189239,1
chronos_bolt__model_config.context_length-2048__pipeline_config.raw_inference.completed_at-2026-09-26T15_52_24.634567_00_00,1,20.198163344024312,20.198163344024312,20.198163344024312,1
chronos_bolt__model_config.context_length-256__pipeline_config.raw_inference.completed_at-2026-09-27T13_29_46.191116_00_00,1,7.766191202053186,7.766191202053186,7.766191202053186,1
chronos_bolt__model_config.context_length-512__pipeline_config.raw_inference.completed_at-2026-09-27T14_59_46.694068_00_00,1,16.601561782684215,16.601561782684215,16.601561782684215,1
chronos_bolt__model_config.context_length-1024__pipeline_config.raw_inference.completed_at-2026-09-27T13_24_10.113206_00_00,1,22.993207462206012,22.993207462206012,22.993207462206012,1
chronos_bolt__model_config.context_length-128__pipeline_config.raw_inference.completed_at-2026-09-27T13_30_34.420436_00_00,1,-9.154142470356375,-9.154142470356375,-9.154142470356375,1
chronos_bolt__model_config.context_length-2048__pipeline_config.raw_inference.completed_at-2026-09-26T15_52_22.640518_00_00,1,25.754292327967853,25.754292327967853,25.754292327967853,1
chronos_bolt__model_config.context_length-256__pipeline_config.raw_inference.completed_at-2026-09-27T13_29_45.355991_00_00,1,9.587192095194164,9.587192095194164,9.587192095194164,1
chronos_bolt__model_config.context_length-512__pipeline_config.raw_inference.completed_at-2026-09-27T14_59_45.696351_00_00,1,16.449841015429488,16.449841015429488,16.449841015429488,1
chronos_bolt__model_config.context_length-1024__pipeline_config.raw_inference.completed_at-2026-09-27T13_24_09.007800_00_00,1,36.1645659019995,36.1645659019995,36.1645659019995,1
chronos_bolt__model_config.context_length-128__pipeline_config.raw_inference.completed_at-2026-09-27T13_30_33.744719_00_00,1,2.662659560911418,2.662659560911418,2.662659560911418,1
chronos_bolt__model_config.context_length-2048__pipeline_config.raw_inference.completed_at-2026-09-26T15_52_20.891228_00_00,1,37.40784459133457,37.40784459133457,37.40784459133457,1
chronos_bolt__model_config.context_length-256__pipeline_config.raw_inference.completed_at-2026-09-27T13_29_44.625477_00_00,1,22.94842842356384,22.94842842356384,22.94842842356384,1
chronos_bolt__model_config.context_length-512__pipeline_config.raw_inference.completed_at-2026-09-27T14_59_44.879204_00_00,1,30.365223781243923,30.365223781243923,30.365223781243923,1
ts_icl__model_config.context_length-1024__pipeline_config.raw_inference.completed_at-2026-09-27T13_57_39.949441_00_00,1,23.569494146476966,23.569494146476966,23.569494146476966,1
ts_icl__model_config.context_length-2048__pipeline_config.raw_inference.completed_at-2026-09-27T14_02_24.093355_00_00,1,23.00300466568377,23.00300466568377,23.00300466568377,1
ts_icl__model_config.context_length-256__pipeline_config.raw_inference.completed_at-2026-09-27T15_06_44.440666_00_00,1,-44.605754495698925,-44.605754495698925,-44.605754495698925,1
ts_icl__model_config.context_length-4096__pipeline_config.raw_inference.completed_at-2026-09-26T16_13_54.542217_00_00,1,22.110535790181796,22.110535790181796,22.110535790181796,1
ts_icl__model_config.context_length-512__pipeline_config.raw_inference.completed_at-2026-09-27T13_58_00.493914_00_00,1,1.8521210140645339,1.8521210140645339,1.8521210140645339,1
ts_icl__model_config.context_length-1024__pipeline_config.raw_inference.completed_at-2026-09-27T13_57_39.300487_00_00,1,27.756244927842268,27.756244927842268,27.756244927842268,1
ts_icl__model_config.context_length-2048__pipeline_config.raw_inference.completed_at-2026-09-27T14_02_23.342021_00_00,1,28.489963661471062,28.489963661471062,28.489963661471062,1
ts_icl__model_config.context_length-256__pipeline_config.raw_inference.completed_at-2026-09-27T15_06_43.848407_00_00,1,3.0342462284006166,3.0342462284006166,3.0342462284006166,1
ts_icl__model_config.context_length-4096__pipeline_config.raw_inference.completed_at-2026-09-26T16_13_53.280812_00_00,1,28.63076542303794,28.63076542303794,28.63076542303794,1
ts_icl__model_config.context_length-512__pipeline_config.raw_inference.completed_at-2026-09-27T13_57_59.894629_00_00,1,16.776332662655534,16.776332662655534,16.776332662655534,1
ts_icl__model_config.context_length-1024__pipeline_config.raw_inference.completed_at-2026-09-27T13_57_37.941537_00_00,1,38.25148793578948,38.25148793578948,38.25148793578948,1
ts_icl__model_config.context_length-2048__pipeline_config.raw_inference.completed_at-2026-09-27T14_02_21.342475_00_00,1,39.09818886294671,39.09818886294671,39.09818886294671,1
ts_icl__model_config.context_length-256__pipeline_config.raw_inference.completed_at-2026-09-27T15_06_42.857859_00_00,1,14.58307683029597,14.58307683029597,14.58307683029597,1
ts_icl__model_config.context_length-4096__pipeline_config.raw_inference.completed_at-2026-09-26T16_13_49.181705_00_00,1,38.605665684882084,38.605665684882084,38.605665684882084,1
ts_icl__model_config.context_length-512__pipeline_config.raw_inference.completed_at-2026-09-27T13_57_58.815260_00_00,1,30.131341858001946,30.131341858001946,30.131341858001946,1
chronos2__model_config.context_length-1024__pipeline_config.raw_inference.completed_at-2026-09-27T13_48_36.544091_00_00,1,33.16423900055955,33.16423900055955,33.16423900055955,1
chronos2__model_config.context_length-2048__pipeline_config.raw_inference.completed_at-2026-09-27T13_44_31.231650_00_00,1,38.15382723432707,38.15382723432707,38.15382723432707,1
chronos2__model_config.context_length-4096__pipeline_config.raw_inference.completed_at-2026-09-27T13_45_28.370461_00_00,1,37.344761031226994,37.344761031226994,37.344761031226994,1
chronos2__model_config.context_length-512__pipeline_config.raw_inference.completed_at-2026-09-27T13_49_59.267552_00_00,1,23.925871015060352,23.925871015060352,23.925871015060352,1
chronos2__model_config.context_length-8192__pipeline_config.raw_inference.completed_at-2026-09-26T15_53_11.055192_00_00,1,36.65834352258012,36.65834352258012,36.65834352258012,1
chronos2__model_config.context_length-1024__pipeline_config.raw_inference.completed_at-2026-09-27T13_48_36.254958_00_00,1,22.251317769827516,22.251317769827516,22.251317769827516,1
chronos2__model_config.context_length-2048__pipeline_config.raw_inference.completed_at-2026-09-27T13_44_30.940079_00_00,1,32.14099724991242,32.14099724991242,32.14099724991242,1
chronos2__model_config.context_length-4096__pipeline_config.raw_inference.completed_at-2026-09-27T13_45_28.076495_00_00,1,31.941034337495832,31.941034337495832,31.941034337495832,1
chronos2__model_config.context_length-512__pipeline_config.raw_inference.completed_at-2026-09-27T13_49_58.975851_00_00,1,1.814114197105443,1.814114197105443,1.814114197105443,1
chronos2__model_config.context_length-8192__pipeline_config.raw_inference.completed_at-2026-09-26T15_53_10.748185_00_00,1,31.4799250690305,31.4799250690305,31.4799250690305,1
chronos2__model_config.context_length-1024__pipeline_config.raw_inference.completed_at-2026-09-27T13_48_35.887228_00_00,1,44.52043451464465,44.52043451464465,44.52043451464465,1
chronos2__model_config.context_length-2048__pipeline_config.raw_inference.completed_at-2026-09-27T13_44_30.554033_00_00,1,50.025702223472756,50.025702223472756,50.025702223472756,1
chronos2__model_config.context_length-4096__pipeline_config.raw_inference.completed_at-2026-09-27T13_45_27.657912_00_00,1,49.31559284469568,49.31559284469568,49.31559284469568,1
chronos2__model_config.context_length-512__pipeline_config.raw_inference.completed_at-2026-09-27T13_49_58.602946_00_00,1,29.948119249356598,29.948119249356598,29.948119249356598,1
chronos2__model_config.context_length-8192__pipeline_config.raw_inference.completed_at-2026-09-26T15_53_10.265308_00_00,1,48.57820089499475,48.57820089499475,48.57820089499475,1
chronos_bolt__model_config.context_length-1024__pipeline_config.raw_inference.completed_at-2026-09-27T13_25_31.381007_00_00,1,29.85072346330737,29.85072346330737,29.85072346330737,1
chronos_bolt__model_config.context_length-128__pipeline_config.raw_inference.completed_at-2026-09-27T13_31_34.241967_00_00,1,8.792188560900204,8.792188560900204,8.792188560900204,1
chronos_bolt__model_config.context_length-2048__pipeline_config.raw_inference.completed_at-2026-09-26T15_54_13.144229_00_00,1,31.980899137281572,31.980899137281572,31.980899137281572,1
chronos_bolt__model_config.context_length-256__pipeline_config.raw_inference.completed_at-2026-09-27T13_30_47.537983_00_00,1,14.356769438456062,14.356769438456062,14.356769438456062,1
chronos_bolt__model_config.context_length-512__pipeline_config.raw_inference.completed_at-2026-09-27T15_00_52.240141_00_00,1,23.84454129920208,23.84454129920208,23.84454129920208,1
chronos_bolt__model_config.context_length-1024__pipeline_config.raw_inference.completed_at-2026-09-27T13_25_31.015994_00_00,1,17.32484111809417,17.32484111809417,17.32484111809417,1
chronos_bolt__model_config.context_length-128__pipeline_config.raw_inference.completed_at-2026-09-27T13_31_33.975450_00_00,1,-2.85853172254642,-2.85853172254642,-2.85853172254642,1
chronos_bolt__model_config.context_length-2048__pipeline_config.raw_inference.completed_at-2026-09-26T15_54_12.688321_00_00,1,23.69949150173233,23.69949150173233,23.69949150173233,1
chronos_bolt__model_config.context_length-256__pipeline_config.raw_inference.completed_at-2026-09-27T13_30_47.257910_00_00,1,-4.266585759248787,-4.266585759248787,-4.266585759248787,1
chronos_bolt__model_config.context_length-512__pipeline_config.raw_inference.completed_at-2026-09-27T15_00_51.935213_00_00,1,-2.500256970115644,-2.500256970115644,-2.500256970115644,1
chronos_bolt__model_config.context_length-1024__pipeline_config.raw_inference.completed_at-2026-09-27T13_25_30.700581_00_00,1,37.766141789834975,37.766141789834975,37.766141789834975,1
chronos_bolt__model_config.context_length-128__pipeline_config.raw_inference.completed_at-2026-09-27T13_31_33.754071_00_00,1,13.49899720526877,13.49899720526877,13.49899720526877,1
chronos_bolt__model_config.context_length-2048__pipeline_config.raw_inference.completed_at-2026-09-26T15_54_12.227336_00_00,1,43.06478041605018,43.06478041605018,43.06478041605018,1
chronos_bolt__model_config.context_length-256__pipeline_config.raw_inference.completed_at-2026-09-27T13_30_47.021642_00_00,1,11.490263821889313,11.490263821889313,11.490263821889313,1
chronos_bolt__model_config.context_length-512__pipeline_config.raw_inference.completed_at-2026-09-27T15_00_51.679669_00_00,1,22.36432357300182,22.36432357300182,22.36432357300182,1
ts_icl__model_config.context_length-1024__pipeline_config.raw_inference.completed_at-2026-09-27T13_59_13.423776_00_00,1,26.6768428219016,26.6768428219016,26.6768428219016,1
ts_icl__model_config.context_length-2048__pipeline_config.raw_inference.completed_at-2026-09-27T14_05_23.606987_00_00,1,34.55444227027199,34.55444227027199,34.55444227027199,1
ts_icl__model_config.context_length-256__pipeline_config.raw_inference.completed_at-2026-09-27T15_07_39.677797_00_00,1,-89.38414464915185,-89.38414464915185,-89.38414464915185,1
ts_icl__model_config.context_length-4096__pipeline_config.raw_inference.completed_at-2026-09-26T16_21_31.124155_00_00,1,35.34508129712612,35.34508129712612,35.34508129712612,1
ts_icl__model_config.context_length-512__pipeline_config.raw_inference.completed_at-2026-09-27T13_59_02.765815_00_00,1,-34.333373486663945,-34.333373486663945,-34.333373486663945,1
ts_icl__model_config.context_length-1024__pipeline_config.raw_inference.completed_at-2026-09-27T13_59_12.963892_00_00,1,25.357596711960806,25.357596711960806,25.357596711960806,1
ts_icl__model_config.context_length-2048__pipeline_config.raw_inference.completed_at-2026-09-27T14_05_23.130322_00_00,1,32.8921764669635,32.8921764669635,32.8921764669635,1
ts_icl__model_config.context_length-256__pipeline_config.raw_inference.completed_at-2026-09-27T15_07_39.241887_00_00,1,-35.43968130090867,-35.43968130090867,-35.43968130090867,1
ts_icl__model_config.context_length-4096__pipeline_config.raw_inference.completed_at-2026-09-26T16_21_30.587111_00_00,1,33.66125917645424,33.66125917645424,33.66125917645424,1
ts_icl__model_config.context_length-512__pipeline_config.raw_inference.completed_at-2026-09-27T13_59_02.329278_00_00,1,-1.0997364851818459,-1.0997364851818459,-1.0997364851818459,1
ts_icl__model_config.context_length-1024__pipeline_config.raw_inference.completed_at-2026-09-27T13_59_12.263005_00_00,1,39.00312288188903,39.00312288188903,39.00312288188903,1
ts_icl__model_config.context_length-2048__pipeline_config.raw_inference.completed_at-2026-09-27T14_05_22.287010_00_00,1,44.34445642727294,44.34445642727294,44.34445642727294,1
ts_icl__model_config.context_length-256__pipeline_config.raw_inference.completed_at-2026-09-27T15_07_38.612189_00_00,1,15.292603643186597,15.292603643186597,15.292603643186597,1
ts_icl__model_config.context_length-4096__pipeline_config.raw_inference.completed_at-2026-09-26T16_21_29.290215_00_00,1,44.208262444572945,44.208262444572945,44.208262444572945,1
ts_icl__model_config.context_length-512__pipeline_config.raw_inference.completed_at-2026-09-27T13_59_01.691670_00_00,1,25.978723018395243,25.978723018395243,25.978723018395243,1
chronos2__model_config.context_length-1024__pipeline_config.raw_inference.completed_at-2026-09-27T13_49_27.364446_00_00,1,36.47498213958512,36.47498213958512,36.47498213958512,1
chronos2__model_config.context_length-2048__pipeline_config.raw_inference.completed_at-2026-09-27T13_45_22.159493_00_00,1,36.47498213958512,36.47498213958512,36.47498213958512,1
chronos2__model_config.context_length-4096__pipeline_config.raw_inference.completed_at-2026-09-27T13_46_19.305282_00_00,1,36.47498213958512,36.47498213958512,36.47498213958512,1
chronos2__model_config.context_length-512__pipeline_config.raw_inference.completed_at-2026-09-27T13_50_48.646907_00_00,1,36.47498213958512,36.47498213958512,36.47498213958512,1
chronos2__model_config.context_length-8192__pipeline_config.raw_inference.completed_at-2026-09-26T15_54_02.005414_00_00,1,36.47498213958512,36.47498213958512,36.47498213958512,1
chronos_bolt__model_config.context_length-1024__pipeline_config.raw_inference.completed_at-2026-09-27T13_26_23.339948_00_00,1,31.730074967483468,31.730074967483468,31.730074967483468,1
chronos_bolt__model_config.context_length-128__pipeline_config.raw_inference.completed_at-2026-09-27T13_32_26.244594_00_00,1,33.02323471130478,33.02323471130478,33.02323471130478,1
chronos_bolt__model_config.context_length-2048__pipeline_config.raw_inference.completed_at-2026-09-26T15_55_07.075343_00_00,1,31.730074967483468,31.730074967483468,31.730074967483468,1
chronos_bolt__model_config.context_length-256__pipeline_config.raw_inference.completed_at-2026-09-27T13_31_39.893106_00_00,1,31.730074967483468,31.730074967483468,31.730074967483468,1
chronos_bolt__model_config.context_length-512__pipeline_config.raw_inference.completed_at-2026-09-27T15_23_32.750605_00_00,1,31.730074967483468,31.730074967483468,31.730074967483468,1
ts_icl__model_config.context_length-1024__pipeline_config.raw_inference.completed_at-2026-09-27T13_59_57.707808_00_00,1,29.835817574925837,29.835817574925837,29.835817574925837,1
ts_icl__model_config.context_length-2048__pipeline_config.raw_inference.completed_at-2026-09-27T14_06_41.114252_00_00,1,29.835817574925837,29.835817574925837,29.835817574925837,1
ts_icl__model_config.context_length-256__pipeline_config.raw_inference.completed_at-2026-09-27T15_08_18.457491_00_00,1,29.835817574925837,29.835817574925837,29.835817574925837,1
ts_icl__model_config.context_length-4096__pipeline_config.raw_inference.completed_at-2026-09-26T16_22_49.277269_00_00,1,29.835817574925837,29.835817574925837,29.835817574925837,1
ts_icl__model_config.context_length-512__pipeline_config.raw_inference.completed_at-2026-09-27T13_59_43.181919_00_00,1,29.835817574925837,29.835817574925837,29.835817574925837,1
chronos2__model_config.context_length-1024__pipeline_config.raw_inference.completed_at-2026-09-27T13_51_38.760456_00_00,1,23.29005950256847,23.29005950256847,23.29005950256847,1
chronos2__model_config.context_length-2048__pipeline_config.raw_inference.completed_at-2026-09-27T13_47_35.687941_00_00,1,23.29005950256847,23.29005950256847,23.29005950256847,1
chronos2__model_config.context_length-4096__pipeline_config.raw_inference.completed_at-2026-09-27T13_48_34.466060_00_00,1,23.29005950256847,23.29005950256847,23.29005950256847,1
chronos2__model_config.context_length-512__pipeline_config.raw_inference.completed_at-2026-09-27T13_53_00.980199_00_00,1,23.29005950256847,23.29005950256847,23.29005950256847,1
chronos2__model_config.context_length-8192__pipeline_config.raw_inference.completed_at-2026-09-26T15_56_21.042709_00_00,1,23.29005950256847,23.29005950256847,23.29005950256847,1
chronos_bolt__model_config.context_length-1024__pipeline_config.raw_inference.completed_at-2026-09-27T13_28_42.614580_00_00,1,15.695315899678874,15.695315899678874,15.695315899678874,1
chronos_bolt__model_config.context_length-128__pipeline_config.raw_inference.completed_at-2026-09-27T13_34_42.308630_00_00,1,15.395417473121942,15.395417473121942,15.395417473121942,1
chronos_bolt__model_config.context_length-2048__pipeline_config.raw_inference.completed_at-2026-09-26T15_57_25.251262_00_00,1,15.695315899678874,15.695315899678874,15.695315899678874,1
chronos_bolt__model_config.context_length-256__pipeline_config.raw_inference.completed_at-2026-09-27T13_33_56.011275_00_00,1,15.695315899678874,15.695315899678874,15.695315899678874,1
chronos_bolt__model_config.context_length-512__pipeline_config.raw_inference.completed_at-2026-09-27T15_25_50.425591_00_00,1,15.695315899678874,15.695315899678874,15.695315899678874,1
ts_icl__model_config.context_length-1024__pipeline_config.raw_inference.completed_at-2026-09-27T14_01_14.941004_00_00,1,17.520666895182423,17.520666895182423,17.520666895182423,1
ts_icl__model_config.context_length-2048__pipeline_config.raw_inference.completed_at-2026-09-27T14_08_06.842307_00_00,1,17.520666895182423,17.520666895182423,17.520666895182423,1
ts_icl__model_config.context_length-256__pipeline_config.raw_inference.completed_at-2026-09-27T15_09_29.732953_00_00,1,17.520666895182423,17.520666895182423,17.520666895182423,1
ts_icl__model_config.context_length-4096__pipeline_config.raw_inference.completed_at-2026-09-26T16_24_41.799969_00_00,1,17.520666895182423,17.520666895182423,17.520666895182423,1
ts_icl__model_config.context_length-512__pipeline_config.raw_inference.completed_at-2026-09-27T14_00_58.469360_00_00,1,17.520666895182423,17.520666895182423,17.520666895182423,1
chronos2__model_config.context_length-1024__pipeline_config.raw_inference.completed_at-2026-09-27T13_50_24.509783_00_00,1,22.539982975925245,22.539982975925245,22.539982975925245,1
chronos2__model_config.context_length-2048__pipeline_config.raw_inference.completed_at-2026-09-27T13_46_20.809960_00_00,1,22.539982975925245,22.539982975925245,22.539982975925245,1
chronos2__model_config.context_length-4096__pipeline_config.raw_inference.completed_at-2026-09-27T13_47_20.049842_00_00,1,22.539982975925245,22.539982975925245,22.539982975925245,1
chronos2__model_config.context_length-512__pipeline_config.raw_inference.completed_at-2026-09-27T13_51_46.265357_00_00,1,22.539982975925245,22.539982975925245,22.539982975925245,1
chronos2__model_config.context_length-8192__pipeline_config.raw_inference.completed_at-2026-09-26T15_55_06.641830_00_00,1,22.539982975925245,22.539982975925245,22.539982975925245,1
chronos_bolt__model_config.context_length-1024__pipeline_config.raw_inference.completed_at-2026-09-27T13_27_24.525880_00_00,1,22.80142633483788,22.80142633483788,22.80142633483788,1
chronos_bolt__model_config.context_length-128__pipeline_config.raw_inference.completed_at-2026-09-27T13_33_25.752330_00_00,1,22.80142633483788,22.80142633483788,22.80142633483788,1
chronos_bolt__model_config.context_length-2048__pipeline_config.raw_inference.completed_at-2026-09-26T15_56_07.298844_00_00,1,22.80142633483788,22.80142633483788,22.80142633483788,1
chronos_bolt__model_config.context_length-256__pipeline_config.raw_inference.completed_at-2026-09-27T13_32_39.562964_00_00,1,22.80142633483788,22.80142633483788,22.80142633483788,1
chronos_bolt__model_config.context_length-512__pipeline_config.raw_inference.completed_at-2026-09-27T15_24_32.674987_00_00,1,22.80142633483788,22.80142633483788,22.80142633483788,1
ts_icl__model_config.context_length-1024__pipeline_config.raw_inference.completed_at-2026-09-27T14_00_32.181898_00_00,1,24.062833563279852,24.062833563279852,24.062833563279852,1
ts_icl__model_config.context_length-2048__pipeline_config.raw_inference.completed_at-2026-09-27T14_07_24.107297_00_00,1,24.062833563279852,24.062833563279852,24.062833563279852,1
ts_icl__model_config.context_length-256__pipeline_config.raw_inference.completed_at-2026-09-27T15_08_49.492855_00_00,1,24.062833563279852,24.062833563279852,24.062833563279852,1
ts_icl__model_config.context_length-4096__pipeline_config.raw_inference.completed_at-2026-09-26T16_23_59.040212_00_00,1,24.062833563279852,24.062833563279852,24.062833563279852,1
ts_icl__model_config.context_length-512__pipeline_config.raw_inference.completed_at-2026-09-27T14_00_15.333273_00_00,1,24.062833563279852,24.062833563279852,24.062833563279852,1
chronos2__model_config.context_length-1024__pipeline_config.raw_inference.completed_at-2026-09-27T13_50_33.690574_00_00,1,46.35673492575768,46.35673492575768,46.35673492575768,1
chronos2__model_config.context_length-2048__pipeline_config.raw_inference.completed_at-2026-09-27T13_46_30.182853_00_00,1,46.35673492575768,46.35673492575768,46.35673492575768,1
chronos2__model_config.context_length-4096__pipeline_config.raw_inference.completed_at-2026-09-27T13_47_29.340639_00_00,1,46.35673492575768,46.35673492575768,46.35673492575768,1
chronos2__model_config.context_length-512__pipeline_config.raw_inference.completed_at-2026-09-27T13_51_55.530285_00_00,1,46.35673492575768,46.35673492575768,46.35673492575768,1
chronos2__model_config.context_length-8192__pipeline_config.raw_inference.completed_at-2026-09-26T15_55_15.950479_00_00,1,46.35673492575768,46.35673492575768,46.35673492575768,1
chronos_bolt__model_config.context_length-1024__pipeline_config.raw_inference.completed_at-2026-09-27T13_27_34.618795_00_00,1,37.38445267646606,37.38445267646606,37.38445267646606,1
chronos_bolt__model_config.context_length-128__pipeline_config.raw_inference.completed_at-2026-09-27T13_33_35.238137_00_00,1,25.845500928124753,25.845500928124753,25.845500928124753,1
chronos_bolt__model_config.context_length-2048__pipeline_config.raw_inference.completed_at-2026-09-26T15_56_16.748087_00_00,1,37.38445267646606,37.38445267646606,37.38445267646606,1
chronos_bolt__model_config.context_length-256__pipeline_config.raw_inference.completed_at-2026-09-27T13_32_48.994090_00_00,1,36.6973439378088,36.6973439378088,36.6973439378088,1
chronos_bolt__model_config.context_length-512__pipeline_config.raw_inference.completed_at-2026-09-27T15_24_42.466032_00_00,1,37.38445267646606,37.38445267646606,37.38445267646606,1
ts_icl__model_config.context_length-1024__pipeline_config.raw_inference.completed_at-2026-09-27T14_00_36.834599_00_00,1,36.80663984413092,36.80663984413092,36.80663984413092,1
ts_icl__model_config.context_length-2048__pipeline_config.raw_inference.completed_at-2026-09-27T14_07_28.742062_00_00,1,36.80663984413092,36.80663984413092,36.80663984413092,1
ts_icl__model_config.context_length-256__pipeline_config.raw_inference.completed_at-2026-09-27T15_08_54.107868_00_00,1,36.529277808831154,36.529277808831154,36.529277808831154,1
ts_icl__model_config.context_length-4096__pipeline_config.raw_inference.completed_at-2026-09-26T16_24_03.718436_00_00,1,36.80663984413092,36.80663984413092,36.80663984413092,1
ts_icl__model_config.context_length-512__pipeline_config.raw_inference.completed_at-2026-09-27T14_00_19.956040_00_00,1,36.80663984413092,36.80663984413092,36.80663984413092,1
chronos2__model_config.context_length-1024__pipeline_config.raw_inference.completed_at-2026-09-27T13_50_05.947290_00_00,1,-15.522320267793944,-15.522320267793944,-15.522320267793944,1
chronos2__model_config.context_length-2048__pipeline_config.raw_inference.completed_at-2026-09-27T13_46_02.179379_00_00,1,-15.522320267793944,-15.522320267793944,-15.522320267793944,1
chronos2__model_config.context_length-4096__pipeline_config.raw_inference.completed_at-2026-09-27T13_47_01.540132_00_00,1,-15.522320267793944,-15.522320267793944,-15.522320267793944,1
chronos2__model_config.context_length-512__pipeline_config.raw_inference.completed_at-2026-09-27T13_51_27.596632_00_00,1,-15.522320267793944,-15.522320267793944,-15.522320267793944,1
chronos2__model_config.context_length-8192__pipeline_config.raw_inference.completed_at-2026-09-26T15_54_47.983176_00_00,1,-15.522320267793944,-15.522320267793944,-15.522320267793944,1
chronos_bolt__model_config.context_length-1024__pipeline_config.raw_inference.completed_at-2026-09-27T13_27_05.046445_00_00,1,-52.376671337718285,-52.376671337718285,-52.376671337718285,1
chronos_bolt__model_config.context_length-128__pipeline_config.raw_inference.completed_at-2026-09-27T13_33_06.705766_00_00,1,-30.754840895619683,-30.754840895619683,-30.754840895619683,1
chronos_bolt__model_config.context_length-2048__pipeline_config.raw_inference.completed_at-2026-09-26T15_55_48.059660_00_00,1,-52.376671337718285,-52.376671337718285,-52.376671337718285,1
chronos_bolt__model_config.context_length-256__pipeline_config.raw_inference.completed_at-2026-09-27T13_32_20.705098_00_00,1,-52.376671337718285,-52.376671337718285,-52.376671337718285,1
chronos_bolt__model_config.context_length-512__pipeline_config.raw_inference.completed_at-2026-09-27T15_24_13.298696_00_00,1,-52.376671337718285,-52.376671337718285,-52.376671337718285,1
ts_icl__model_config.context_length-1024__pipeline_config.raw_inference.completed_at-2026-09-27T14_00_23.237174_00_00,1,-3.75183449451717,-3.75183449451717,-3.75183449451717,1
ts_icl__model_config.context_length-2048__pipeline_config.raw_inference.completed_at-2026-09-27T14_07_15.087475_00_00,1,-3.75183449451717,-3.75183449451717,-3.75183449451717,1
ts_icl__model_config.context_length-256__pipeline_config.raw_inference.completed_at-2026-09-27T15_08_40.749841_00_00,1,-3.75183449451717,-3.75183449451717,-3.75183449451717,1
ts_icl__model_config.context_length-4096__pipeline_config.raw_inference.completed_at-2026-09-26T16_23_50.018373_00_00,1,-3.75183449451717,-3.75183449451717,-3.75183449451717,1
ts_icl__model_config.context_length-512__pipeline_config.raw_inference.completed_at-2026-09-27T14_00_05.970575_00_00,1,-3.75183449451717,-3.75183449451717,-3.75183449451717,1
chronos2__model_config.context_length-1024__pipeline_config.raw_inference.completed_at-2026-09-27T13_53_34.393410_00_00,1,23.936837030487755,23.936837030487755,23.936837030487755,1
chronos2__model_config.context_length-2048__pipeline_config.raw_inference.completed_at-2026-09-27T13_49_42.358473_00_00,1,22.32484985257689,22.32484985257689,22.32484985257689,1
chronos2__model_config.context_length-4096__pipeline_config.raw_inference.completed_at-2026-09-27T13_50_57.481601_00_00,1,23.251116295973983,23.251116295973983,23.251116295973983,1
chronos2__model_config.context_length-512__pipeline_config.raw_inference.completed_at-2026-09-27T13_54_51.531000_00_00,1,21.779559543157767,21.779559543157767,21.779559543157767,1
chronos2__model_config.context_length-8192__pipeline_config.raw_inference.completed_at-2026-09-26T15_59_17.220077_00_00,1,23.029683960459234,23.029683960459234,23.029683960459234,1
chronos2__model_config.context_length-1024__pipeline_config.raw_inference.completed_at-2026-09-27T13_53_34.068027_00_00,1,23.267282869882543,23.267282869882543,23.267282869882543,1
chronos2__model_config.context_length-2048__pipeline_config.raw_inference.completed_at-2026-09-27T13_49_42.023303_00_00,1,23.5848305648238,23.5848305648238,23.5848305648238,1
chronos2__model_config.context_length-4096__pipeline_config.raw_inference.completed_at-2026-09-27T13_50_57.129584_00_00,1,23.757326173605307,23.757326173605307,23.757326173605307,1
chronos2__model_config.context_length-512__pipeline_config.raw_inference.completed_at-2026-09-27T13_54_51.210078_00_00,1,22.657533060361658,22.657533060361658,22.657533060361658,1
chronos2__model_config.context_length-8192__pipeline_config.raw_inference.completed_at-2026-09-26T15_59_16.828646_00_00,1,23.72804991114953,23.72804991114953,23.72804991114953,1
chronos2__model_config.context_length-1024__pipeline_config.raw_inference.completed_at-2026-09-27T13_53_33.678211_00_00,1,28.82422881661998,28.82422881661998,28.82422881661998,1
chronos2__model_config.context_length-2048__pipeline_config.raw_inference.completed_at-2026-09-27T13_49_41.620011_00_00,1,29.65060229624935,29.65060229624935,29.65060229624935,1
chronos2__model_config.context_length-4096__pipeline_config.raw_inference.completed_at-2026-09-27T13_50_56.686778_00_00,1,29.76350224862677,29.76350224862677,29.76350224862677,1
chronos2__model_config.context_length-512__pipeline_config.raw_inference.completed_at-2026-09-27T13_54_50.823961_00_00,1,27.77436713144298,27.77436713144298,27.77436713144298,1
chronos2__model_config.context_length-8192__pipeline_config.raw_inference.completed_at-2026-09-26T15_59_16.297649_00_00,1,29.865755723548194,29.865755723548194,29.865755723548194,1
chronos_bolt__model_config.context_length-1024__pipeline_config.raw_inference.completed_at-2026-09-27T13_35_21.189429_00_00,1,19.284678756742903,19.284678756742903,19.284678756742903,1
chronos_bolt__model_config.context_length-128__pipeline_config.raw_inference.completed_at-2026-09-27T13_38_19.337071_00_00,1,16.922778196116596,16.922778196116596,16.922778196116596,1
chronos_bolt__model_config.context_length-2048__pipeline_config.raw_inference.completed_at-2026-09-26T16_07_48.889946_00_00,1,20.013073366889454,20.013073366889454,20.013073366889454,1
chronos_bolt__model_config.context_length-256__pipeline_config.raw_inference.completed_at-2026-09-27T13_37_53.418455_00_00,1,18.132324152818324,18.132324152818324,18.132324152818324,1
chronos_bolt__model_config.context_length-512__pipeline_config.raw_inference.completed_at-2026-09-27T15_30_39.867872_00_00,1,19.486536047677415,19.486536047677415,19.486536047677415,1
chronos_bolt__model_config.context_length-1024__pipeline_config.raw_inference.completed_at-2026-09-27T13_35_20.179730_00_00,1,17.704684628409638,17.704684628409638,17.704684628409638,1
chronos_bolt__model_config.context_length-128__pipeline_config.raw_inference.completed_at-2026-09-27T13_38_18.810960_00_00,1,17.884798438938322,17.884798438938322,17.884798438938322,1
chronos_bolt__model_config.context_length-2048__pipeline_config.raw_inference.completed_at-2026-09-26T16_07_47.396009_00_00,1,19.68061996191596,19.68061996191596,19.68061996191596,1
chronos_bolt__model_config.context_length-256__pipeline_config.raw_inference.completed_at-2026-09-27T13_37_52.818820_00_00,1,15.33214220225223,15.33214220225223,15.33214220225223,1
chronos_bolt__model_config.context_length-512__pipeline_config.raw_inference.completed_at-2026-09-27T15_30_39.137404_00_00,1,17.48270807117236,17.48270807117236,17.48270807117236,1
chronos_bolt__model_config.context_length-1024__pipeline_config.raw_inference.completed_at-2026-09-27T13_35_19.215149_00_00,1,24.72652762819907,24.72652762819907,24.72652762819907,1
chronos_bolt__model_config.context_length-128__pipeline_config.raw_inference.completed_at-2026-09-27T13_38_18.300828_00_00,1,18.743894877858082,18.743894877858082,18.743894877858082,1
chronos_bolt__model_config.context_length-2048__pipeline_config.raw_inference.completed_at-2026-09-26T16_07_45.846542_00_00,1,25.565582484435456,25.565582484435456,25.565582484435456,1
chronos_bolt__model_config.context_length-256__pipeline_config.raw_inference.completed_at-2026-09-27T13_37_52.247920_00_00,1,21.637195515349006,21.637195515349006,21.637195515349006,1
chronos_bolt__model_config.context_length-512__pipeline_config.raw_inference.completed_at-2026-09-27T15_30_38.427291_00_00,1,23.927101403828843,23.927101403828843,23.927101403828843,1
ts_icl__model_config.context_length-1024__pipeline_config.raw_inference.completed_at-2026-09-27T14_03_45.629644_00_00,1,20.507638309472142,20.507638309472142,20.507638309472142,1
ts_icl__model_config.context_length-2048__pipeline_config.raw_inference.completed_at-2026-09-27T14_12_35.625329_00_00,1,19.98725622131625,19.98725622131625,19.98725622131625,1
ts_icl__model_config.context_length-256__pipeline_config.raw_inference.completed_at-2026-09-27T15_11_07.335061_00_00,1,15.543095138156993,15.543095138156993,15.543095138156993,1
ts_icl__model_config.context_length-4096__pipeline_config.raw_inference.completed_at-2026-09-26T16_32_46.568368_00_00,1,19.651713366133205,19.651713366133205,19.651713366133205,1
ts_icl__model_config.context_length-512__pipeline_config.raw_inference.completed_at-2026-09-27T14_02_48.347562_00_00,1,20.33895154143064,20.33895154143064,20.33895154143064,1
ts_icl__model_config.context_length-1024__pipeline_config.raw_inference.completed_at-2026-09-27T14_03_45.061940_00_00,1,20.69121090610917,20.69121090610917,20.69121090610917,1
ts_icl__model_config.context_length-2048__pipeline_config.raw_inference.completed_at-2026-09-27T14_12_34.991710_00_00,1,20.72652022893363,20.72652022893363,20.72652022893363,1
ts_icl__model_config.context_length-256__pipeline_config.raw_inference.completed_at-2026-09-27T15_11_06.805392_00_00,1,11.796302547005567,11.796302547005567,11.796302547005567,1
ts_icl__model_config.context_length-4096__pipeline_config.raw_inference.completed_at-2026-09-26T16_32_45.727670_00_00,1,20.352576937461308,20.352576937461308,20.352576937461308,1
ts_icl__model_config.context_length-512__pipeline_config.raw_inference.completed_at-2026-09-27T14_02_47.791690_00_00,1,20.026877452908398,20.026877452908398,20.026877452908398,1
ts_icl__model_config.context_length-1024__pipeline_config.raw_inference.completed_at-2026-09-27T14_03_44.276238_00_00,1,25.655010954892067,25.655010954892067,25.655010954892067,1
ts_icl__model_config.context_length-2048__pipeline_config.raw_inference.completed_at-2026-09-27T14_12_34.067338_00_00,1,26.184516054432528,26.184516054432528,26.184516054432528,1
ts_icl__model_config.context_length-256__pipeline_config.raw_inference.completed_at-2026-09-27T15_11_06.096370_00_00,1,22.73258830801521,22.73258830801521,22.73258830801521,1
ts_icl__model_config.context_length-4096__pipeline_config.raw_inference.completed_at-2026-09-26T16_32_44.445985_00_00,1,26.252579645569764,26.252579645569764,26.252579645569764,1
ts_icl__model_config.context_length-512__pipeline_config.raw_inference.completed_at-2026-09-27T14_02_47.054230_00_00,1,24.923013101014014,24.923013101014014,24.923013101014014,1
chronos2__model_config.context_length-1024__pipeline_config.raw_inference.completed_at-2026-09-27T13_47_06.881263_00_00,1,12.004861739800877,12.004861739800877,12.004861739800877,1
chronos2__model_config.context_length-2048__pipeline_config.raw_inference.completed_at-2026-09-27T13_42_49.307573_00_00,1,9.443189188186729,9.443189188186729,9.443189188186729,1
chronos2__model_config.context_length-4096__pipeline_config.raw_inference.completed_at-2026-09-27T13_43_25.505185_00_00,1,9.411607328996062,9.411607328996062,9.411607328996062,1
chronos2__model_config.context_length-512__pipeline_config.raw_inference.completed_at-2026-09-27T13_48_30.211643_00_00,1,5.523545083622805,5.523545083622805,5.523545083622805,1
chronos2__model_config.context_length-8192__pipeline_config.raw_inference.completed_at-2026-09-26T15_50_11.706461_00_00,1,9.57930272595674,9.57930272595674,9.57930272595674,1
chronos2__model_config.context_length-1024__pipeline_config.raw_inference.completed_at-2026-09-27T13_47_06.567723_00_00,1,18.087542226812182,18.087542226812182,18.087542226812182,1
chronos2__model_config.context_length-2048__pipeline_config.raw_inference.completed_at-2026-09-27T13_42_48.990834_00_00,1,17.625923186710146,17.625923186710146,17.625923186710146,1
chronos2__model_config.context_length-4096__pipeline_config.raw_inference.completed_at-2026-09-27T13_43_25.166541_00_00,1,16.689613374123113,16.689613374123113,16.689613374123113,1
chronos2__model_config.context_length-512__pipeline_config.raw_inference.completed_at-2026-09-27T13_48_29.899016_00_00,1,21.414646479213662,21.414646479213662,21.414646479213662,1
chronos2__model_config.context_length-8192__pipeline_config.raw_inference.completed_at-2026-09-26T15_50_11.329123_00_00,1,18.397161924173734,18.397161924173734,18.397161924173734,1
chronos2__model_config.context_length-1024__pipeline_config.raw_inference.completed_at-2026-09-27T13_47_06.243282_00_00,1,40.84323922220992,40.84323922220992,40.84323922220992,1
chronos2__model_config.context_length-2048__pipeline_config.raw_inference.completed_at-2026-09-27T13_42_48.650586_00_00,1,40.25368493454121,40.25368493454121,40.25368493454121,1
chronos2__model_config.context_length-4096__pipeline_config.raw_inference.completed_at-2026-09-27T13_43_24.782013_00_00,1,39.66813609956864,39.66813609956864,39.66813609956864,1
chronos2__model_config.context_length-512__pipeline_config.raw_inference.completed_at-2026-09-27T13_48_29.580141_00_00,1,41.923212631683114,41.923212631683114,41.923212631683114,1
chronos2__model_config.context_length-8192__pipeline_config.raw_inference.completed_at-2026-09-26T15_50_10.856785_00_00,1,40.34509483895646,40.34509483895646,40.34509483895646,1
chronos_bolt__model_config.context_length-1024__pipeline_config.raw_inference.completed_at-2026-09-27T13_23_17.033735_00_00,1,11.846810258618634,11.846810258618634,11.846810258618634,1
chronos_bolt__model_config.context_length-128__pipeline_config.raw_inference.completed_at-2026-09-27T13_29_44.332245_00_00,1,5.939791035752606,5.939791035752606,5.939791035752606,1
chronos_bolt__model_config.context_length-2048__pipeline_config.raw_inference.completed_at-2026-09-26T15_51_21.235337_00_00,1,5.295930270494697,5.295930270494697,5.295930270494697,1
chronos_bolt__model_config.context_length-256__pipeline_config.raw_inference.completed_at-2026-09-27T13_28_55.790431_00_00,1,8.496833061889742,8.496833061889742,8.496833061889742,1
chronos_bolt__model_config.context_length-512__pipeline_config.raw_inference.completed_at-2026-09-27T14_58_55.520690_00_00,1,18.224356524800832,18.224356524800832,18.224356524800832,1
chronos_bolt__model_config.context_length-1024__pipeline_config.raw_inference.completed_at-2026-09-27T13_23_16.812876_00_00,1,16.522802047725595,16.522802047725595,16.522802047725595,1
chronos_bolt__model_config.context_length-128__pipeline_config.raw_inference.completed_at-2026-09-27T13_29_44.205318_00_00,1,15.041098704303746,15.041098704303746,15.041098704303746,1
chronos_bolt__model_config.context_length-2048__pipeline_config.raw_inference.completed_at-2026-09-26T15_51_20.880163_00_00,1,13.805066452534298,13.805066452534298,13.805066452534298,1
chronos_bolt__model_config.context_length-256__pipeline_config.raw_inference.completed_at-2026-09-27T13_28_55.655133_00_00,1,13.911962495861053,13.911962495861053,13.911962495861053,1
chronos_bolt__model_config.context_length-512__pipeline_config.raw_inference.completed_at-2026-09-27T14_58_55.360274_00_00,1,18.361293405622835,18.361293405622835,18.361293405622835,1
chronos_bolt__model_config.context_length-1024__pipeline_config.raw_inference.completed_at-2026-09-27T13_23_16.470941_00_00,1,36.016152888653274,36.016152888653274,36.016152888653274,1
chronos_bolt__model_config.context_length-128__pipeline_config.raw_inference.completed_at-2026-09-27T13_29_43.980712_00_00,1,34.15104733770226,34.15104733770226,34.15104733770226,1
chronos_bolt__model_config.context_length-2048__pipeline_config.raw_inference.completed_at-2026-09-26T15_51_20.362300_00_00,1,35.921586721940834,35.921586721940834,35.921586721940834,1
chronos_bolt__model_config.context_length-256__pipeline_config.raw_inference.completed_at-2026-09-27T13_28_55.372270_00_00,1,36.0708273573464,36.0708273573464,36.0708273573464,1
chronos_bolt__model_config.context_length-512__pipeline_config.raw_inference.completed_at-2026-09-27T14_58_55.098528_00_00,1,35.341144809337344,35.341144809337344,35.341144809337344,1
ts_icl__model_config.context_length-1024__pipeline_config.raw_inference.completed_at-2026-09-27T13_56_59.847242_00_00,1,9.175436390460845,9.175436390460845,9.175436390460845,1
ts_icl__model_config.context_length-2048__pipeline_config.raw_inference.completed_at-2026-09-27T14_01_24.358078_00_00,1,7.820237830640475,7.820237830640475,7.820237830640475,1
ts_icl__model_config.context_length-256__pipeline_config.raw_inference.completed_at-2026-09-27T15_06_13.829443_00_00,1,10.805766193163258,10.805766193163258,10.805766193163258,1
ts_icl__model_config.context_length-4096__pipeline_config.raw_inference.completed_at-2026-09-26T16_11_51.810372_00_00,1,11.015743475830142,11.015743475830142,11.015743475830142,1
ts_icl__model_config.context_length-512__pipeline_config.raw_inference.completed_at-2026-09-27T13_57_27.197284_00_00,1,8.46561205517773,8.46561205517773,8.46561205517773,1
ts_icl__model_config.context_length-1024__pipeline_config.raw_inference.completed_at-2026-09-27T13_56_59.350960_00_00,1,18.015936461878912,18.015936461878912,18.015936461878912,1
ts_icl__model_config.context_length-2048__pipeline_config.raw_inference.completed_at-2026-09-27T14_01_23.794300_00_00,1,16.73218237165701,16.73218237165701,16.73218237165701,1
ts_icl__model_config.context_length-256__pipeline_config.raw_inference.completed_at-2026-09-27T15_06_13.369223_00_00,1,16.063942770079574,16.063942770079574,16.063942770079574,1
ts_icl__model_config.context_length-4096__pipeline_config.raw_inference.completed_at-2026-09-26T16_11_51.007506_00_00,1,18.55253178752523,18.55253178752523,18.55253178752523,1
ts_icl__model_config.context_length-512__pipeline_config.raw_inference.completed_at-2026-09-27T13_57_26.727934_00_00,1,18.218791545959835,18.218791545959835,18.218791545959835,1
ts_icl__model_config.context_length-1024__pipeline_config.raw_inference.completed_at-2026-09-27T13_56_58.643596_00_00,1,36.804634862829566,36.804634862829566,36.804634862829566,1
ts_icl__model_config.context_length-2048__pipeline_config.raw_inference.completed_at-2026-09-27T14_01_22.917843_00_00,1,37.74366805473019,37.74366805473019,37.74366805473019,1
ts_icl__model_config.context_length-256__pipeline_config.raw_inference.completed_at-2026-09-27T15_06_12.755241_00_00,1,36.160565525456626,36.160565525456626,36.160565525456626,1
ts_icl__model_config.context_length-4096__pipeline_config.raw_inference.completed_at-2026-09-26T16_11_49.521143_00_00,1,38.70904827219851,38.70904827219851,38.70904827219851,1
ts_icl__model_config.context_length-512__pipeline_config.raw_inference.completed_at-2026-09-27T13_57_26.099797_00_00,1,35.825143010486194,35.825143010486194,35.825143010486194,1
chronos2__model_config.context_length-1024__pipeline_config.raw_inference.completed_at-2026-09-27T13_49_56.593638_00_00,1,13.421655216340255,13.421655216340255,13.421655216340255,1
chronos2__model_config.context_length-2048__pipeline_config.raw_inference.completed_at-2026-09-27T13_45_52.760791_00_00,1,13.871734365909827,13.871734365909827,13.871734365909827,1
chronos2__model_config.context_length-4096__pipeline_config.raw_inference.completed_at-2026-09-27T13_46_52.132284_00_00,1,13.490864714790284,13.490864714790284,13.490864714790284,1
chronos2__model_config.context_length-512__pipeline_config.raw_inference.completed_at-2026-09-27T13_51_17.903488_00_00,1,13.049683194852534,13.049683194852534,13.049683194852534,1
chronos2__model_config.context_length-8192__pipeline_config.raw_inference.completed_at-2026-09-26T15_54_38.621987_00_00,1,13.309816109116902,13.309816109116902,13.309816109116902,1
chronos_bolt__model_config.context_length-1024__pipeline_config.raw_inference.completed_at-2026-09-27T13_26_55.432809_00_00,1,6.695469910795493,6.695469910795493,6.695469910795493,1
chronos_bolt__model_config.context_length-128__pipeline_config.raw_inference.completed_at-2026-09-27T13_32_57.166201_00_00,1,10.168810079072577,10.168810079072577,10.168810079072577,1
chronos_bolt__model_config.context_length-2048__pipeline_config.raw_inference.completed_at-2026-09-26T15_55_38.573670_00_00,1,8.235894153432566,8.235894153432566,8.235894153432566,1
chronos_bolt__model_config.context_length-256__pipeline_config.raw_inference.completed_at-2026-09-27T13_32_11.140032_00_00,1,6.932643345748901,6.932643345748901,6.932643345748901,1
chronos_bolt__model_config.context_length-512__pipeline_config.raw_inference.completed_at-2026-09-27T15_24_03.741368_00_00,1,7.282400421035429,7.282400421035429,7.282400421035429,1
ts_icl__model_config.context_length-1024__pipeline_config.raw_inference.completed_at-2026-09-27T14_00_18.739329_00_00,1,12.112329863637006,12.112329863637006,12.112329863637006,1
ts_icl__model_config.context_length-2048__pipeline_config.raw_inference.completed_at-2026-09-27T14_07_10.579889_00_00,1,13.657168084754689,13.657168084754689,13.657168084754689,1
ts_icl__model_config.context_length-256__pipeline_config.raw_inference.completed_at-2026-09-27T15_08_36.028125_00_00,1,7.675877213223748,7.675877213223748,7.675877213223748,1
ts_icl__model_config.context_length-4096__pipeline_config.raw_inference.completed_at-2026-09-26T16_23_45.381839_00_00,1,13.3061955042985,13.3061955042985,13.3061955042985,1
ts_icl__model_config.context_length-512__pipeline_config.raw_inference.completed_at-2026-09-27T14_00_01.256432_00_00,1,11.266351874722869,11.266351874722869,11.266351874722869,1
chronos2__model_config.context_length-1024__pipeline_config.raw_inference.completed_at-2026-09-27T13_51_57.364999_00_00,1,62.46620584775099,62.46620584775099,62.46620584775099,1
chronos2__model_config.context_length-2048__pipeline_config.raw_inference.completed_at-2026-09-27T13_47_54.723066_00_00,1,62.46620584775099,62.46620584775099,62.46620584775099,1
chronos2__model_config.context_length-4096__pipeline_config.raw_inference.completed_at-2026-09-27T13_48_53.301452_00_00,1,62.46620584775099,62.46620584775099,62.46620584775099,1
chronos2__model_config.context_length-512__pipeline_config.raw_inference.completed_at-2026-09-27T13_53_19.549641_00_00,1,62.59064529900347,62.59064529900347,62.59064529900347,1
chronos2__model_config.context_length-8192__pipeline_config.raw_inference.completed_at-2026-09-26T15_56_39.615774_00_00,1,62.46620584775099,62.46620584775099,62.46620584775099,1
chronos_bolt__model_config.context_length-1024__pipeline_config.raw_inference.completed_at-2026-09-27T13_29_01.547918_00_00,1,61.8341852289388,61.8341852289388,61.8341852289388,1
chronos_bolt__model_config.context_length-128__pipeline_config.raw_inference.completed_at-2026-09-27T13_35_01.312835_00_00,1,55.45763655442695,55.45763655442695,55.45763655442695,1
chronos_bolt__model_config.context_length-2048__pipeline_config.raw_inference.completed_at-2026-09-26T15_57_44.023468_00_00,1,61.8341852289388,61.8341852289388,61.8341852289388,1
chronos_bolt__model_config.context_length-256__pipeline_config.raw_inference.completed_at-2026-09-27T13_34_15.032201_00_00,1,54.074639057914695,54.074639057914695,54.074639057914695,1
chronos_bolt__model_config.context_length-512__pipeline_config.raw_inference.completed_at-2026-09-27T15_26_09.528441_00_00,1,61.92590218721972,61.92590218721972,61.92590218721972,1
ts_icl__model_config.context_length-1024__pipeline_config.raw_inference.completed_at-2026-09-27T14_01_24.224959_00_00,1,60.31989663046862,60.31989663046862,60.31989663046862,1
ts_icl__model_config.context_length-2048__pipeline_config.raw_inference.completed_at-2026-09-27T14_08_16.362426_00_00,1,60.31989663046862,60.31989663046862,60.31989663046862,1
ts_icl__model_config.context_length-256__pipeline_config.raw_inference.completed_at-2026-09-27T15_09_38.471775_00_00,1,53.736831926520544,53.736831926520544,53.736831926520544,1
ts_icl__model_config.context_length-4096__pipeline_config.raw_inference.completed_at-2026-09-26T16_24_51.108817_00_00,1,60.31989663046862,60.31989663046862,60.31989663046862,1
ts_icl__model_config.context_length-512__pipeline_config.raw_inference.completed_at-2026-09-27T14_01_07.383937_00_00,1,56.120308005222164,56.120308005222164,56.120308005222164,1
chronos2__model_config.context_length-1024__pipeline_config.raw_inference.completed_at-2026-09-27T13_47_40.548805_00_00,1,20.60557366429885,20.60557366429885,20.60557366429885,1
chronos2__model_config.context_length-2048__pipeline_config.raw_inference.completed_at-2026-09-27T13_43_25.160194_00_00,1,27.92356175563463,27.92356175563463,27.92356175563463,1
chronos2__model_config.context_length-4096__pipeline_config.raw_inference.completed_at-2026-09-27T13_44_05.494006_00_00,1,29.1910250247463,29.1910250247463,29.1910250247463,1
chronos2__model_config.context_length-512__pipeline_config.raw_inference.completed_at-2026-09-27T13_49_03.366015_00_00,1,14.142363792105506,14.142363792105506,14.142363792105506,1
chronos2__model_config.context_length-8192__pipeline_config.raw_inference.completed_at-2026-09-26T15_51_01.033165_00_00,1,28.82169389800634,28.82169389800634,28.82169389800634,1
chronos2__model_config.context_length-1024__pipeline_config.raw_inference.completed_at-2026-09-27T13_47_39.849433_00_00,1,32.75299734104159,32.75299734104159,32.75299734104159,1
chronos2__model_config.context_length-2048__pipeline_config.raw_inference.completed_at-2026-09-27T13_43_24.396191_00_00,1,40.85270073247743,40.85270073247743,40.85270073247743,1
chronos2__model_config.context_length-4096__pipeline_config.raw_inference.completed_at-2026-09-27T13_44_04.576991_00_00,1,43.17416888340442,43.17416888340442,43.17416888340442,1
chronos2__model_config.context_length-512__pipeline_config.raw_inference.completed_at-2026-09-27T13_49_02.707518_00_00,1,26.350171341332597,26.350171341332597,26.350171341332597,1
chronos2__model_config.context_length-8192__pipeline_config.raw_inference.completed_at-2026-09-26T15_50_59.789761_00_00,1,43.236430143125446,43.236430143125446,43.236430143125446,1
chronos2__model_config.context_length-1024__pipeline_config.raw_inference.completed_at-2026-09-27T13_47_38.477138_00_00,1,59.144031261954176,59.144031261954176,59.144031261954176,1
chronos2__model_config.context_length-2048__pipeline_config.raw_inference.completed_at-2026-09-27T13_43_22.836747_00_00,1,61.99659202294322,61.99659202294322,61.99659202294322,1
chronos2__model_config.context_length-4096__pipeline_config.raw_inference.completed_at-2026-09-27T13_44_02.539607_00_00,1,62.4454669932095,62.4454669932095,62.4454669932095,1
chronos2__model_config.context_length-512__pipeline_config.raw_inference.completed_at-2026-09-27T13_49_01.474983_00_00,1,56.345933175216544,56.345933175216544,56.345933175216544,1
chronos2__model_config.context_length-8192__pipeline_config.raw_inference.completed_at-2026-09-26T15_50_56.705854_00_00,1,62.55441678721358,62.55441678721358,62.55441678721358,1
chronos_bolt__model_config.context_length-1024__pipeline_config.raw_inference.completed_at-2026-09-27T13_23_58.755169_00_00,1,2.82623494527795,2.82623494527795,2.82623494527795,1
chronos_bolt__model_config.context_length-128__pipeline_config.raw_inference.completed_at-2026-09-27T13_30_22.798621_00_00,1,-53.39299756189539,-53.39299756189539,-53.39299756189539,1
chronos_bolt__model_config.context_length-2048__pipeline_config.raw_inference.completed_at-2026-09-26T15_52_10.540675_00_00,1,12.241098607873457,12.241098607873457,12.241098607873457,1
chronos_bolt__model_config.context_length-256__pipeline_config.raw_inference.completed_at-2026-09-27T13_29_33.870858_00_00,1,-80.29142392021113,-80.29142392021113,-80.29142392021113,1
chronos_bolt__model_config.context_length-512__pipeline_config.raw_inference.completed_at-2026-09-27T14_59_34.070501_00_00,1,-32.44730490581909,-32.44730490581909,-32.44730490581909,1
chronos_bolt__model_config.context_length-1024__pipeline_config.raw_inference.completed_at-2026-09-27T13_23_55.438664_00_00,1,19.618598860069845,19.618598860069845,19.618598860069845,1
chronos_bolt__model_config.context_length-128__pipeline_config.raw_inference.completed_at-2026-09-27T13_30_21.283967_00_00,1,-44.81742991218294,-44.81742991218294,-44.81742991218294,1
chronos_bolt__model_config.context_length-2048__pipeline_config.raw_inference.completed_at-2026-09-26T15_52_04.973736_00_00,1,29.81479392763795,29.81479392763795,29.81479392763795,1
chronos_bolt__model_config.context_length-256__pipeline_config.raw_inference.completed_at-2026-09-27T13_29_32.151614_00_00,1,-36.353745889344104,-36.353745889344104,-36.353745889344104,1
chronos_bolt__model_config.context_length-512__pipeline_config.raw_inference.completed_at-2026-09-27T14_59_31.843799_00_00,1,-4.2841291463055375,-4.2841291463055375,-4.2841291463055375,1
chronos_bolt__model_config.context_length-1024__pipeline_config.raw_inference.completed_at-2026-09-27T13_23_52.155325_00_00,1,50.686046499787786,50.686046499787786,50.686046499787786,1
chronos_bolt__model_config.context_length-128__pipeline_config.raw_inference.completed_at-2026-09-27T13_30_19.268799_00_00,1,33.11194314717124,33.11194314717124,33.11194314717124,1
chronos_bolt__model_config.context_length-2048__pipeline_config.raw_inference.completed_at-2026-09-26T15_51_59.733636_00_00,1,55.046415579498095,55.046415579498095,55.046415579498095,1
chronos_bolt__model_config.context_length-256__pipeline_config.raw_inference.completed_at-2026-09-27T13_29_29.962611_00_00,1,37.794046050795096,37.794046050795096,37.794046050795096,1
chronos_bolt__model_config.context_length-512__pipeline_config.raw_inference.completed_at-2026-09-27T14_59_29.439524_00_00,1,42.69830809522402,42.69830809522402,42.69830809522402,1
ts_icl__model_config.context_length-1024__pipeline_config.raw_inference.completed_at-2026-09-27T13_57_30.967443_00_00,1,17.289340754100767,17.289340754100767,17.289340754100767,1
ts_icl__model_config.context_length-2048__pipeline_config.raw_inference.completed_at-2026-09-27T14_02_11.949837_00_00,1,22.829287353356786,22.829287353356786,22.829287353356786,1
ts_icl__model_config.context_length-256__pipeline_config.raw_inference.completed_at-2026-09-27T15_06_37.479376_00_00,1,-114.86910381301362,-114.86910381301362,-114.86910381301362,1
ts_icl__model_config.context_length-4096__pipeline_config.raw_inference.completed_at-2026-09-26T16_13_30.673581_00_00,1,22.6679174141603,22.6679174141603,22.6679174141603,1
ts_icl__model_config.context_length-512__pipeline_config.raw_inference.completed_at-2026-09-27T13_57_53.106392_00_00,1,4.714075714216492,4.714075714216492,4.714075714216492,1
ts_icl__model_config.context_length-1024__pipeline_config.raw_inference.completed_at-2026-09-27T13_57_29.532203_00_00,1,28.775011250389248,28.775011250389248,28.775011250389248,1
ts_icl__model_config.context_length-2048__pipeline_config.raw_inference.completed_at-2026-09-27T14_02_09.829695_00_00,1,36.21714669937055,36.21714669937055,36.21714669937055,1
ts_icl__model_config.context_length-256__pipeline_config.raw_inference.completed_at-2026-09-27T15_06_36.398070_00_00,1,-47.00844344199713,-47.00844344199713,-47.00844344199713,1
ts_icl__model_config.context_length-4096__pipeline_config.raw_inference.completed_at-2026-09-26T16_13_26.362732_00_00,1,36.9026102525503,36.9026102525503,36.9026102525503,1
ts_icl__model_config.context_length-512__pipeline_config.raw_inference.completed_at-2026-09-27T13_57_51.926987_00_00,1,11.745173263003517,11.745173263003517,11.745173263003517,1
ts_icl__model_config.context_length-1024__pipeline_config.raw_inference.completed_at-2026-09-27T13_57_26.339638_00_00,1,55.77243375303924,55.77243375303924,55.77243375303924,1
ts_icl__model_config.context_length-2048__pipeline_config.raw_inference.completed_at-2026-09-27T14_02_04.713461_00_00,1,58.294921890407366,58.294921890407366,58.294921890407366,1
ts_icl__model_config.context_length-256__pipeline_config.raw_inference.completed_at-2026-09-27T15_06_34.289680_00_00,1,41.18360308840302,41.18360308840302,41.18360308840302,1
ts_icl__model_config.context_length-4096__pipeline_config.raw_inference.completed_at-2026-09-26T16_13_14.902402_00_00,1,58.48360985122238,58.48360985122238,58.48360985122238,1
ts_icl__model_config.context_length-512__pipeline_config.raw_inference.completed_at-2026-09-27T13_57_49.532494_00_00,1,51.35402580171985,51.35402580171986,51.35402580171985,1
chronos2__model_config.context_length-1024__pipeline_config.raw_inference.completed_at-2026-09-27T13_48_48.333697_00_00,1,30.78824201577707,30.78824201577707,30.78824201577707,1
chronos2__model_config.context_length-2048__pipeline_config.raw_inference.completed_at-2026-09-27T13_44_43.497769_00_00,1,30.91514832083132,30.91514832083132,30.91514832083132,1
chronos2__model_config.context_length-4096__pipeline_config.raw_inference.completed_at-2026-09-27T13_45_40.748200_00_00,1,30.92090553224803,30.92090553224803,30.92090553224803,1
chronos2__model_config.context_length-512__pipeline_config.raw_inference.completed_at-2026-09-27T13_50_10.032911_00_00,1,30.715514204694273,30.715514204694273,30.715514204694273,1
chronos2__model_config.context_length-8192__pipeline_config.raw_inference.completed_at-2026-09-26T15_53_23.611682_00_00,1,30.92090553224803,30.92090553224803,30.92090553224803,1
chronos_bolt__model_config.context_length-1024__pipeline_config.raw_inference.completed_at-2026-09-27T13_25_43.656030_00_00,1,30.554521428572233,30.554521428572233,30.554521428572233,1
chronos_bolt__model_config.context_length-128__pipeline_config.raw_inference.completed_at-2026-09-27T13_31_46.335312_00_00,1,29.783971820886844,29.783971820886844,29.783971820886844,1
chronos_bolt__model_config.context_length-2048__pipeline_config.raw_inference.completed_at-2026-09-26T15_54_26.337432_00_00,1,30.580897551364473,30.580897551364473,30.580897551364473,1
chronos_bolt__model_config.context_length-256__pipeline_config.raw_inference.completed_at-2026-09-27T13_30_59.552776_00_00,1,30.164587940141374,30.164587940141374,30.164587940141374,1
chronos_bolt__model_config.context_length-512__pipeline_config.raw_inference.completed_at-2026-09-27T15_01_04.360407_00_00,1,30.462861110657734,30.462861110657734,30.462861110657734,1
ts_icl__model_config.context_length-1024__pipeline_config.raw_inference.completed_at-2026-09-27T13_59_26.423460_00_00,1,30.257215554933346,30.257215554933346,30.257215554933346,1
ts_icl__model_config.context_length-2048__pipeline_config.raw_inference.completed_at-2026-09-27T14_06_09.425033_00_00,1,30.4110085299654,30.4110085299654,30.4110085299654,1
ts_icl__model_config.context_length-256__pipeline_config.raw_inference.completed_at-2026-09-27T15_07_47.900793_00_00,1,30.23883839099546,30.23883839099546,30.23883839099546,1
ts_icl__model_config.context_length-4096__pipeline_config.raw_inference.completed_at-2026-09-26T16_22_17.175763_00_00,1,30.41149333270119,30.41149333270119,30.41149333270119,1
ts_icl__model_config.context_length-512__pipeline_config.raw_inference.completed_at-2026-09-27T13_59_12.402528_00_00,1,30.28105555905196,30.28105555905196,30.28105555905196,1
chronos2__model_config.context_length-1024__pipeline_config.raw_inference.completed_at-2026-09-27T13_48_58.619661_00_00,1,20.112668866798376,20.112668866798376,20.112668866798376,1
chronos2__model_config.context_length-2048__pipeline_config.raw_inference.completed_at-2026-09-27T13_44_53.846339_00_00,1,20.112668866798376,20.112668866798376,20.112668866798376,1
chronos2__model_config.context_length-4096__pipeline_config.raw_inference.completed_at-2026-09-27T13_45_51.127115_00_00,1,20.112668866798376,20.112668866798376,20.112668866798376,1
chronos2__model_config.context_length-512__pipeline_config.raw_inference.completed_at-2026-09-27T13_50_20.404284_00_00,1,20.112668866798376,20.112668866798376,20.112668866798376,1
chronos2__model_config.context_length-8192__pipeline_config.raw_inference.completed_at-2026-09-26T15_53_33.873091_00_00,1,20.112668866798376,20.112668866798376,20.112668866798376,1
chronos_bolt__model_config.context_length-1024__pipeline_config.raw_inference.completed_at-2026-09-27T13_25_54.597543_00_00,1,19.69330734560518,19.69330734560518,19.69330734560518,1
chronos_bolt__model_config.context_length-128__pipeline_config.raw_inference.completed_at-2026-09-27T13_31_57.310060_00_00,1,18.767751319075366,18.767751319075366,18.767751319075366,1
chronos_bolt__model_config.context_length-2048__pipeline_config.raw_inference.completed_at-2026-09-26T15_54_37.367123_00_00,1,19.69330734560518,19.69330734560518,19.69330734560518,1
chronos_bolt__model_config.context_length-256__pipeline_config.raw_inference.completed_at-2026-09-27T13_31_10.455554_00_00,1,19.523965290883627,19.523965290883627,19.523965290883627,1
chronos_bolt__model_config.context_length-512__pipeline_config.raw_inference.completed_at-2026-09-27T15_23_03.602043_00_00,1,19.69330734560518,19.69330734560518,19.69330734560518,1
ts_icl__model_config.context_length-1024__pipeline_config.raw_inference.completed_at-2026-09-27T13_59_40.564143_00_00,1,19.23812000826599,19.23812000826599,19.23812000826599,1
ts_icl__model_config.context_length-2048__pipeline_config.raw_inference.completed_at-2026-09-27T14_06_23.803563_00_00,1,19.23812000826599,19.23812000826599,19.23812000826599,1
ts_icl__model_config.context_length-256__pipeline_config.raw_inference.completed_at-2026-09-27T15_08_01.771119_00_00,1,19.137396177286504,19.137396177286504,19.137396177286504,1
ts_icl__model_config.context_length-4096__pipeline_config.raw_inference.completed_at-2026-09-26T16_22_31.377150_00_00,1,19.23812000826599,19.23812000826599,19.23812000826599,1
ts_icl__model_config.context_length-512__pipeline_config.raw_inference.completed_at-2026-09-27T13_59_26.523348_00_00,1,19.23812000826599,19.23812000826599,19.23812000826599,1
chronos2__model_config.context_length-1024__pipeline_config.raw_inference.completed_at-2026-09-27T13_48_25.405004_00_00,1,36.36287845974496,36.36287845974496,36.36287845974496,1
chronos2__model_config.context_length-2048__pipeline_config.raw_inference.completed_at-2026-09-27T13_44_19.100673_00_00,1,43.84210515137552,43.84210515137552,43.84210515137552,1
chronos2__model_config.context_length-4096__pipeline_config.raw_inference.completed_at-2026-09-27T13_45_17.194614_00_00,1,44.9027901450048,44.9027901450048,44.9027901450048,1
chronos2__model_config.context_length-512__pipeline_config.raw_inference.completed_at-2026-09-27T13_49_48.211369_00_00,1,26.632146612846142,26.632146612846142,26.632146612846142,1
chronos2__model_config.context_length-8192__pipeline_config.raw_inference.completed_at-2026-09-26T15_52_59.550091_00_00,1,44.48976966775668,44.48976966775668,44.48976966775668,1
chronos2__model_config.context_length-1024__pipeline_config.raw_inference.completed_at-2026-09-27T13_48_23.040459_00_00,1,36.957218580759296,36.957218580759296,36.957218580759296,1
chronos2__model_config.context_length-2048__pipeline_config.raw_inference.completed_at-2026-09-27T13_44_16.609509_00_00,1,43.744548980281564,43.744548980281564,43.744548980281564,1
chronos2__model_config.context_length-4096__pipeline_config.raw_inference.completed_at-2026-09-27T13_45_14.322792_00_00,1,44.54843705428164,44.54843705428164,44.54843705428164,1
chronos2__model_config.context_length-512__pipeline_config.raw_inference.completed_at-2026-09-27T13_49_45.860843_00_00,1,21.6259258371039,21.6259258371039,21.6259258371039,1
chronos2__model_config.context_length-8192__pipeline_config.raw_inference.completed_at-2026-09-26T15_52_55.794388_00_00,1,44.1924030554742,44.1924030554742,44.1924030554742,1
chronos2__model_config.context_length-1024__pipeline_config.raw_inference.completed_at-2026-09-27T13_48_15.245675_00_00,1,57.92506535793822,57.92506535793822,57.92506535793822,1
chronos2__model_config.context_length-2048__pipeline_config.raw_inference.completed_at-2026-09-27T13_44_07.521053_00_00,1,60.54485369326471,60.54485369326471,60.54485369326471,1
chronos2__model_config.context_length-4096__pipeline_config.raw_inference.completed_at-2026-09-27T13_45_02.936022_00_00,1,60.92278959281374,60.92278959281374,60.92278959281374,1
chronos2__model_config.context_length-512__pipeline_config.raw_inference.completed_at-2026-09-27T13_49_38.035709_00_00,1,51.456875233293744,51.456875233293744,51.456875233293744,1
chronos2__model_config.context_length-8192__pipeline_config.raw_inference.completed_at-2026-09-26T15_52_38.199887_00_00,1,60.71872142175214,60.71872142175214,60.71872142175214,1
chronos_bolt__model_config.context_length-1024__pipeline_config.raw_inference.completed_at-2026-09-27T13_25_20.591214_00_00,1,26.51423312403558,26.51423312403558,26.51423312403558,1
chronos_bolt__model_config.context_length-128__pipeline_config.raw_inference.completed_at-2026-09-27T13_31_23.329437_00_00,1,-7.484026738571203,-7.484026738571203,-7.484026738571203,1
chronos_bolt__model_config.context_length-2048__pipeline_config.raw_inference.completed_at-2026-09-26T15_54_01.859387_00_00,1,25.787269984223826,25.787269984223826,25.787269984223826,1
chronos_bolt__model_config.context_length-256__pipeline_config.raw_inference.completed_at-2026-09-27T13_30_36.655614_00_00,1,26.395693225374817,26.395693225374817,26.395693225374817,1
chronos_bolt__model_config.context_length-512__pipeline_config.raw_inference.completed_at-2026-09-27T15_00_41.486168_00_00,1,23.875300189564285,23.875300189564285,23.875300189564285,1
chronos_bolt__model_config.context_length-1024__pipeline_config.raw_inference.completed_at-2026-09-27T13_24_57.734832_00_00,1,32.025693993747716,32.025693993747716,32.025693993747716,1
chronos_bolt__model_config.context_length-128__pipeline_config.raw_inference.completed_at-2026-09-27T13_31_12.920262_00_00,1,-5.953567970302909,-5.953567970302909,-5.953567970302909,1
chronos_bolt__model_config.context_length-2048__pipeline_config.raw_inference.completed_at-2026-09-26T15_53_27.734483_00_00,1,35.49103918598949,35.49103918598949,35.49103918598949,1
chronos_bolt__model_config.context_length-256__pipeline_config.raw_inference.completed_at-2026-09-27T13_30_24.633206_00_00,1,11.332913154665825,11.332913154665825,11.332913154665825,1
chronos_bolt__model_config.context_length-512__pipeline_config.raw_inference.completed_at-2026-09-27T15_00_26.271912_00_00,1,23.458272154521186,23.458272154521186,23.458272154521186,1
chronos_bolt__model_config.context_length-1024__pipeline_config.raw_inference.completed_at-2026-09-27T13_24_38.801459_00_00,1,55.21278361652823,55.21278361652823,55.21278361652823,1
chronos_bolt__model_config.context_length-128__pipeline_config.raw_inference.completed_at-2026-09-27T13_31_01.422959_00_00,1,35.92558761582637,35.92558761582637,35.92558761582637,1
chronos_bolt__model_config.context_length-2048__pipeline_config.raw_inference.completed_at-2026-09-26T15_52_56.939323_00_00,1,56.77377480437055,56.77377480437055,56.77377480437055,1
chronos_bolt__model_config.context_length-256__pipeline_config.raw_inference.completed_at-2026-09-27T13_30_12.143463_00_00,1,45.07049435827825,45.07049435827825,45.07049435827825,1
chronos_bolt__model_config.context_length-512__pipeline_config.raw_inference.completed_at-2026-09-27T15_00_12.613096_00_00,1,50.34186481488065,50.34186481488065,50.34186481488065,1
ts_icl__model_config.context_length-1024__pipeline_config.raw_inference.completed_at-2026-09-27T13_59_06.498707_00_00,1,28.675485438862903,28.675485438862903,28.675485438862903,1
ts_icl__model_config.context_length-2048__pipeline_config.raw_inference.completed_at-2026-09-27T14_05_13.213961_00_00,1,33.72049425186647,33.72049425186647,33.72049425186647,1
ts_icl__model_config.context_length-256__pipeline_config.raw_inference.completed_at-2026-09-27T15_07_33.047755_00_00,1,-45.523411187289994,-45.523411187289994,-45.523411187289994,1
ts_icl__model_config.context_length-4096__pipeline_config.raw_inference.completed_at-2026-09-26T16_21_13.726040_00_00,1,35.7155696883102,35.7155696883102,35.7155696883102,1
ts_icl__model_config.context_length-512__pipeline_config.raw_inference.completed_at-2026-09-27T13_58_56.518828_00_00,1,-34.33367826593698,-34.33367826593698,-34.33367826593698,1
ts_icl__model_config.context_length-1024__pipeline_config.raw_inference.completed_at-2026-09-27T13_59_02.357975_00_00,1,27.345377292396044,27.345377292396044,27.345377292396044,1
ts_icl__model_config.context_length-2048__pipeline_config.raw_inference.completed_at-2026-09-27T14_05_07.267812_00_00,1,31.790076095699828,31.790076095699828,31.790076095699828,1
ts_icl__model_config.context_length-256__pipeline_config.raw_inference.completed_at-2026-09-27T15_07_30.070493_00_00,1,-29.887728448460017,-29.887728448460017,-29.887728448460017,1
ts_icl__model_config.context_length-4096__pipeline_config.raw_inference.completed_at-2026-09-26T16_21_01.989257_00_00,1,33.834353681291496,33.834353681291496,33.834353681291496,1
ts_icl__model_config.context_length-512__pipeline_config.raw_inference.completed_at-2026-09-27T13_58_53.144818_00_00,1,-1.832787794457147,-1.832787794457147,-1.832787794457147,1
ts_icl__model_config.context_length-1024__pipeline_config.raw_inference.completed_at-2026-09-27T13_58_45.218576_00_00,1,54.51646980551338,54.51646980551338,54.51646980551338,1
ts_icl__model_config.context_length-2048__pipeline_config.raw_inference.completed_at-2026-09-27T14_04_38.770749_00_00,1,56.81137373826903,56.81137373826903,56.81137373826903,1
ts_icl__model_config.context_length-256__pipeline_config.raw_inference.completed_at-2026-09-27T15_07_19.582210_00_00,1,38.934979355289244,38.934979355289244,38.934979355289244,1
ts_icl__model_config.context_length-4096__pipeline_config.raw_inference.completed_at-2026-09-26T16_19_55.707136_00_00,1,56.94618592833245,56.94618592833245,56.94618592833245,1
ts_icl__model_config.context_length-512__pipeline_config.raw_inference.completed_at-2026-09-27T13_58_41.030602_00_00,1,45.36027181121288,45.36027181121288,45.36027181121288,1
chronos2__model_config.context_length-1024__pipeline_config.raw_inference.completed_at-2026-09-27T13_46_56.957145_00_00,1,25.74221870214266,25.74221870214266,25.74221870214266,1
chronos2__model_config.context_length-2048__pipeline_config.raw_inference.completed_at-2026-09-27T13_42_39.188304_00_00,1,25.4680096303453,25.4680096303453,25.4680096303453,1
chronos2__model_config.context_length-4096__pipeline_config.raw_inference.completed_at-2026-09-27T13_43_15.150824_00_00,1,25.448445159411115,25.448445159411115,25.448445159411115,1
chronos2__model_config.context_length-512__pipeline_config.raw_inference.completed_at-2026-09-27T13_48_20.246676_00_00,1,23.196428205888353,23.196428205888353,23.196428205888353,1
chronos2__model_config.context_length-8192__pipeline_config.raw_inference.completed_at-2026-09-26T15_50_00.474439_00_00,1,25.53027784095646,25.53027784095646,25.53027784095646,1
chronos2__model_config.context_length-1024__pipeline_config.raw_inference.completed_at-2026-09-27T13_46_56.544511_00_00,1,21.68311033722906,21.68311033722906,21.68311033722906,1
chronos2__model_config.context_length-2048__pipeline_config.raw_inference.completed_at-2026-09-27T13_42_38.740979_00_00,1,21.84538827357293,21.84538827357293,21.84538827357293,1
chronos2__model_config.context_length-4096__pipeline_config.raw_inference.completed_at-2026-09-27T13_43_14.619562_00_00,1,21.868346548131655,21.868346548131655,21.868346548131655,1
chronos2__model_config.context_length-512__pipeline_config.raw_inference.completed_at-2026-09-27T13_48_19.843453_00_00,1,19.243658233722126,19.243658233722126,19.243658233722126,1
chronos2__model_config.context_length-8192__pipeline_config.raw_inference.completed_at-2026-09-26T15_49_59.800093_00_00,1,21.849530304927413,21.849530304927413,21.849530304927413,1
chronos2__model_config.context_length-1024__pipeline_config.raw_inference.completed_at-2026-09-27T13_46_55.966615_00_00,1,25.07943836748382,25.07943836748382,25.07943836748382,1
chronos2__model_config.context_length-2048__pipeline_config.raw_inference.completed_at-2026-09-27T13_42_38.083971_00_00,1,25.464138875133557,25.464138875133557,25.464138875133557,1
chronos2__model_config.context_length-4096__pipeline_config.raw_inference.completed_at-2026-09-27T13_43_13.792906_00_00,1,25.673155183304207,25.673155183304207,25.673155183304207,1
chronos2__model_config.context_length-512__pipeline_config.raw_inference.completed_at-2026-09-27T13_48_19.294095_00_00,1,24.140501930439097,24.140501930439097,24.140501930439097,1
chronos2__model_config.context_length-8192__pipeline_config.raw_inference.completed_at-2026-09-26T15_49_58.583374_00_00,1,25.785975047241184,25.785975047241184,25.785975047241184,1
chronos_bolt__model_config.context_length-1024__pipeline_config.raw_inference.completed_at-2026-09-27T13_23_06.868242_00_00,1,24.346882374495003,24.346882374495003,24.346882374495003,1
chronos_bolt__model_config.context_length-128__pipeline_config.raw_inference.completed_at-2026-09-27T13_29_34.319584_00_00,1,18.648207153473805,18.648207153473805,18.648207153473805,1
chronos_bolt__model_config.context_length-2048__pipeline_config.raw_inference.completed_at-2026-09-26T15_51_10.785196_00_00,1,23.601250133443973,23.601250133443973,23.601250133443973,1
chronos_bolt__model_config.context_length-256__pipeline_config.raw_inference.completed_at-2026-09-27T13_28_45.318234_00_00,1,22.19020252498366,22.19020252498366,22.19020252498366,1
chronos_bolt__model_config.context_length-512__pipeline_config.raw_inference.completed_at-2026-09-27T14_58_45.471876_00_00,1,24.885555830560502,24.885555830560502,24.885555830560502,1
chronos_bolt__model_config.context_length-1024__pipeline_config.raw_inference.completed_at-2026-09-27T13_23_06.005438_00_00,1,19.142282811114807,19.142282811114807,19.142282811114807,1
chronos_bolt__model_config.context_length-128__pipeline_config.raw_inference.completed_at-2026-09-27T13_29_33.843560_00_00,1,13.016879350289202,13.016879350289202,13.016879350289202,1
chronos_bolt__model_config.context_length-2048__pipeline_config.raw_inference.completed_at-2026-09-26T15_51_09.342246_00_00,1,17.909813899980275,17.909813899980275,17.909813899980275,1
chronos_bolt__model_config.context_length-256__pipeline_config.raw_inference.completed_at-2026-09-27T13_28_44.796046_00_00,1,17.139676218960254,17.139676218960254,17.139676218960254,1
chronos_bolt__model_config.context_length-512__pipeline_config.raw_inference.completed_at-2026-09-27T14_58_44.847070_00_00,1,20.172392171279675,20.172392171279675,20.172392171279675,1
chronos_bolt__model_config.context_length-1024__pipeline_config.raw_inference.completed_at-2026-09-27T13_23_04.839059_00_00,1,23.400547772569112,23.400547772569112,23.400547772569112,1
chronos_bolt__model_config.context_length-128__pipeline_config.raw_inference.completed_at-2026-09-27T13_29_33.137728_00_00,1,20.668838101445875,20.668838101445875,20.668838101445875,1
chronos_bolt__model_config.context_length-2048__pipeline_config.raw_inference.completed_at-2026-09-26T15_51_07.500172_00_00,1,23.201830345205998,23.201830345205998,23.201830345205998,1
chronos_bolt__model_config.context_length-256__pipeline_config.raw_inference.completed_at-2026-09-27T13_28_43.966754_00_00,1,22.062661756826074,22.062661756826074,22.062661756826074,1
chronos_bolt__model_config.context_length-512__pipeline_config.raw_inference.completed_at-2026-09-27T14_58_43.997054_00_00,1,23.717268346144948,23.717268346144948,23.717268346144948,1
ts_icl__model_config.context_length-1024__pipeline_config.raw_inference.completed_at-2026-09-27T13_56_53.621122_00_00,1,25.655821213573248,25.655821213573248,25.655821213573248,1
ts_icl__model_config.context_length-2048__pipeline_config.raw_inference.completed_at-2026-09-27T14_01_17.549445_00_00,1,25.933533926930018,25.933533926930018,25.933533926930018,1
ts_icl__model_config.context_length-256__pipeline_config.raw_inference.completed_at-2026-09-27T15_06_08.236536_00_00,1,24.0106368247498,24.0106368247498,24.0106368247498,1
ts_icl__model_config.context_length-4096__pipeline_config.raw_inference.completed_at-2026-09-26T16_11_42.068261_00_00,1,25.764070311161014,25.764070311161014,25.764070311161014,1
ts_icl__model_config.context_length-512__pipeline_config.raw_inference.completed_at-2026-09-27T13_57_21.308506_00_00,1,25.9270488724182,25.9270488724182,25.9270488724182,1
ts_icl__model_config.context_length-1024__pipeline_config.raw_inference.completed_at-2026-09-27T13_56_52.758259_00_00,1,21.360184965143112,21.360184965143112,21.360184965143112,1
ts_icl__model_config.context_length-2048__pipeline_config.raw_inference.completed_at-2026-09-27T14_01_16.426954_00_00,1,21.64743133083714,21.64743133083714,21.64743133083714,1
ts_icl__model_config.context_length-256__pipeline_config.raw_inference.completed_at-2026-09-27T15_06_07.576251_00_00,1,19.81007578757873,19.81007578757873,19.81007578757873,1
ts_icl__model_config.context_length-4096__pipeline_config.raw_inference.completed_at-2026-09-26T16_11_39.916630_00_00,1,21.501765641447424,21.501765641447424,21.501765641447424,1
ts_icl__model_config.context_length-512__pipeline_config.raw_inference.completed_at-2026-09-27T13_57_20.612849_00_00,1,20.656833314024713,20.656833314024713,20.656833314024713,1
ts_icl__model_config.context_length-1024__pipeline_config.raw_inference.completed_at-2026-09-27T13_56_51.348265_00_00,1,25.169557189919743,25.169557189919743,25.169557189919743,1
ts_icl__model_config.context_length-2048__pipeline_config.raw_inference.completed_at-2026-09-27T14_01_14.352394_00_00,1,25.00848745744656,25.00848745744656,25.00848745744656,1
ts_icl__model_config.context_length-256__pipeline_config.raw_inference.completed_at-2026-09-27T15_06_06.583045_00_00,1,24.20115508653764,24.20115508653764,24.20115508653764,1
ts_icl__model_config.context_length-4096__pipeline_config.raw_inference.completed_at-2026-09-26T16_11_35.524471_00_00,1,25.143167279632706,25.143167279632706,25.143167279632706,1
ts_icl__model_config.context_length-512__pipeline_config.raw_inference.completed_at-2026-09-27T13_57_19.537326_00_00,1,25.250314025332177,25.250314025332177,25.250314025332177,1
chronos2__model_config.context_length-1024__pipeline_config.raw_inference.completed_at-2026-09-27T13_46_46.165125_00_00,1,22.811502524457484,22.811502524457484,22.811502524457484,1
chronos2__model_config.context_length-2048__pipeline_config.raw_inference.completed_at-2026-09-27T13_42_28.123655_00_00,1,24.08960398927138,24.08960398927138,24.08960398927138,1
chronos2__model_config.context_length-4096__pipeline_config.raw_inference.completed_at-2026-09-27T13_43_03.385611_00_00,1,24.2591523008712,24.2591523008712,24.2591523008712,1
chronos2__model_config.context_length-512__pipeline_config.raw_inference.completed_at-2026-09-27T13_48_09.647020_00_00,1,21.17535110480261,21.17535110480261,21.17535110480261,1
chronos2__model_config.context_length-8192__pipeline_config.raw_inference.completed_at-2026-09-26T15_49_44.402219_00_00,1,24.2591523008712,24.2591523008712,24.2591523008712,1
chronos2__model_config.context_length-1024__pipeline_config.raw_inference.completed_at-2026-09-27T13_46_45.234633_00_00,1,23.535057074084442,23.535057074084442,23.535057074084442,1
chronos2__model_config.context_length-2048__pipeline_config.raw_inference.completed_at-2026-09-27T13_42_26.868813_00_00,1,24.54083325344638,24.54083325344638,24.54083325344638,1
chronos2__model_config.context_length-4096__pipeline_config.raw_inference.completed_at-2026-09-27T13_43_01.750313_00_00,1,24.758639654822247,24.758639654822247,24.758639654822247,1
chronos2__model_config.context_length-512__pipeline_config.raw_inference.completed_at-2026-09-27T13_48_08.860342_00_00,1,22.152993504111606,22.152993504111606,22.152993504111606,1
chronos2__model_config.context_length-8192__pipeline_config.raw_inference.completed_at-2026-09-26T15_49_42.699250_00_00,1,24.758639654822247,24.758639654822247,24.758639654822247,1
chronos2__model_config.context_length-1024__pipeline_config.raw_inference.completed_at-2026-09-27T13_46_43.543828_00_00,1,19.60250876092293,19.60250876092293,19.60250876092293,1
chronos2__model_config.context_length-2048__pipeline_config.raw_inference.completed_at-2026-09-27T13_42_24.490940_00_00,1,20.15119551483432,20.15119551483432,20.15119551483432,1
chronos2__model_config.context_length-4096__pipeline_config.raw_inference.completed_at-2026-09-27T13_42_58.766469_00_00,1,20.310753053688323,20.310753053688323,20.310753053688323,1
chronos2__model_config.context_length-512__pipeline_config.raw_inference.completed_at-2026-09-27T13_48_07.456666_00_00,1,18.609363790284096,18.609363790284096,18.609363790284096,1
chronos2__model_config.context_length-8192__pipeline_config.raw_inference.completed_at-2026-09-26T15_49_39.685431_00_00,1,20.310753053688323,20.310753053688323,20.310753053688323,1
chronos_bolt__model_config.context_length-1024__pipeline_config.raw_inference.completed_at-2026-09-27T13_22_54.691417_00_00,1,21.435394512998652,21.435394512998652,21.435394512998652,1
chronos_bolt__model_config.context_length-128__pipeline_config.raw_inference.completed_at-2026-09-27T13_29_22.972335_00_00,1,18.493138099597573,18.493138099597573,18.493138099597573,1
chronos_bolt__model_config.context_length-2048__pipeline_config.raw_inference.completed_at-2026-09-26T15_50_57.183615_00_00,1,21.726434227028847,21.726434227028847,21.726434227028847,1
chronos_bolt__model_config.context_length-256__pipeline_config.raw_inference.completed_at-2026-09-27T13_28_33.811832_00_00,1,18.21970290231969,18.21970290231969,18.21970290231969,1
chronos_bolt__model_config.context_length-512__pipeline_config.raw_inference.completed_at-2026-09-27T14_58_33.848410_00_00,1,20.628488042047998,20.628488042047998,20.628488042047998,1
chronos_bolt__model_config.context_length-1024__pipeline_config.raw_inference.completed_at-2026-09-27T13_22_53.609018_00_00,1,22.371642677069346,22.371642677069346,22.371642677069346,1
chronos_bolt__model_config.context_length-128__pipeline_config.raw_inference.completed_at-2026-09-27T13_29_21.969167_00_00,1,19.139160365915675,19.139160365915675,19.139160365915675,1
chronos_bolt__model_config.context_length-2048__pipeline_config.raw_inference.completed_at-2026-09-26T15_50_55.876369_00_00,1,22.734261212768825,22.734261212768825,22.734261212768825,1
chronos_bolt__model_config.context_length-256__pipeline_config.raw_inference.completed_at-2026-09-27T13_28_32.800380_00_00,1,19.49713287080048,19.49713287080048,19.49713287080048,1
chronos_bolt__model_config.context_length-512__pipeline_config.raw_inference.completed_at-2026-09-27T14_58_32.845906_00_00,1,21.645756261181447,21.645756261181447,21.645756261181447,1
chronos_bolt__model_config.context_length-1024__pipeline_config.raw_inference.completed_at-2026-09-27T13_22_51.399269_00_00,1,18.144344480007103,18.144344480007103,18.144344480007103,1
chronos_bolt__model_config.context_length-128__pipeline_config.raw_inference.completed_at-2026-09-27T13_29_19.923212_00_00,1,15.098776118317659,15.098776118317659,15.098776118317659,1
chronos_bolt__model_config.context_length-2048__pipeline_config.raw_inference.completed_at-2026-09-26T15_50_53.220168_00_00,1,18.56550203577366,18.56550203577366,18.56550203577366,1
chronos_bolt__model_config.context_length-256__pipeline_config.raw_inference.completed_at-2026-09-27T13_28_30.749504_00_00,1,15.751451461934817,15.751451461934817,15.751451461934817,1
chronos_bolt__model_config.context_length-512__pipeline_config.raw_inference.completed_at-2026-09-27T14_58_30.797364_00_00,1,17.66110136486003,17.66110136486003,17.66110136486003,1
ts_icl__model_config.context_length-1024__pipeline_config.raw_inference.completed_at-2026-09-27T13_56_45.078047_00_00,1,22.96289420336247,22.96289420336247,22.96289420336247,1
ts_icl__model_config.context_length-2048__pipeline_config.raw_inference.completed_at-2026-09-27T14_01_05.850224_00_00,1,23.641194722504565,23.641194722504565,23.641194722504565,1
ts_icl__model_config.context_length-256__pipeline_config.raw_inference.completed_at-2026-09-27T15_06_01.269751_00_00,1,19.567058585850894,19.567058585850894,19.567058585850894,1
ts_icl__model_config.context_length-4096__pipeline_config.raw_inference.completed_at-2026-09-26T16_11_19.657416_00_00,1,23.685202469825484,23.685202469825484,23.685202469825484,1
ts_icl__model_config.context_length-512__pipeline_config.raw_inference.completed_at-2026-09-27T13_57_13.164353_00_00,1,21.641836753108066,21.641836753108066,21.641836753108066,1
ts_icl__model_config.context_length-1024__pipeline_config.raw_inference.completed_at-2026-09-27T13_56_41.815537_00_00,1,23.577487398096018,23.577487398096018,23.577487398096018,1
ts_icl__model_config.context_length-2048__pipeline_config.raw_inference.completed_at-2026-09-27T14_00_59.720571_00_00,1,24.05158513814982,24.05158513814982,24.05158513814982,1
ts_icl__model_config.context_length-256__pipeline_config.raw_inference.completed_at-2026-09-27T15_05_59.240640_00_00,1,20.852413827527126,20.852413827527126,20.852413827527126,1
ts_icl__model_config.context_length-4096__pipeline_config.raw_inference.completed_at-2026-09-26T16_11_04.726473_00_00,1,24.09926048908444,24.09926048908444,24.09926048908444,1
ts_icl__model_config.context_length-512__pipeline_config.raw_inference.completed_at-2026-09-27T13_57_10.870493_00_00,1,22.57244339107879,22.57244339107879,22.57244339107879,1
ts_icl__model_config.context_length-1024__pipeline_config.raw_inference.completed_at-2026-09-27T13_56_35.794393_00_00,1,19.540332095320622,19.540332095320622,19.540332095320622,1
ts_icl__model_config.context_length-2048__pipeline_config.raw_inference.completed_at-2026-09-27T14_00_47.726030_00_00,1,20.11199563762701,20.11199563762701,20.11199563762701,1
ts_icl__model_config.context_length-256__pipeline_config.raw_inference.completed_at-2026-09-27T15_05_55.803199_00_00,1,17.205740615296328,17.205740615296328,17.205740615296328,1
ts_icl__model_config.context_length-4096__pipeline_config.raw_inference.completed_at-2026-09-26T16_10_35.031952_00_00,1,20.126306053759013,20.126306053759013,20.126306053759013,1
ts_icl__model_config.context_length-512__pipeline_config.raw_inference.completed_at-2026-09-27T13_57_06.708985_00_00,1,18.746883427529625,18.746883427529625,18.746883427529625,1
chronos2__model_config.context_length-1024__pipeline_config.raw_inference.completed_at-2026-09-27T13_53_24.124790_00_00,1,29.016563216978277,29.016563216978277,29.016563216978277,1
chronos2__model_config.context_length-2048__pipeline_config.raw_inference.completed_at-2026-09-27T13_49_31.926309_00_00,1,29.057471349705132,29.057471349705132,29.057471349705132,1
chronos2__model_config.context_length-4096__pipeline_config.raw_inference.completed_at-2026-09-27T13_50_46.847502_00_00,1,29.057471349705132,29.057471349705132,29.057471349705132,1
chronos2__model_config.context_length-512__pipeline_config.raw_inference.completed_at-2026-09-27T13_54_41.384943_00_00,1,28.914643059233224,28.914643059233224,28.914643059233224,1
chronos2__model_config.context_length-8192__pipeline_config.raw_inference.completed_at-2026-09-26T15_59_05.721714_00_00,1,29.057471349705132,29.057471349705132,29.057471349705132,1
chronos2__model_config.context_length-1024__pipeline_config.raw_inference.completed_at-2026-09-27T13_53_23.489801_00_00,1,29.27124947065307,29.27124947065307,29.27124947065307,1
chronos2__model_config.context_length-2048__pipeline_config.raw_inference.completed_at-2026-09-27T13_49_31.268680_00_00,1,29.292491140075928,29.292491140075928,29.292491140075928,1
chronos2__model_config.context_length-4096__pipeline_config.raw_inference.completed_at-2026-09-27T13_50_46.185616_00_00,1,29.292491140075928,29.292491140075928,29.292491140075928,1
chronos2__model_config.context_length-512__pipeline_config.raw_inference.completed_at-2026-09-27T13_54_40.793426_00_00,1,29.183033031771156,29.183033031771156,29.183033031771156,1
chronos2__model_config.context_length-8192__pipeline_config.raw_inference.completed_at-2026-09-26T15_59_05.052734_00_00,1,29.292491140075928,29.292491140075928,29.292491140075928,1
chronos2__model_config.context_length-1024__pipeline_config.raw_inference.completed_at-2026-09-27T13_53_22.292981_00_00,1,28.722159462354213,28.722159462354213,28.722159462354213,1
chronos2__model_config.context_length-2048__pipeline_config.raw_inference.completed_at-2026-09-27T13_49_29.997213_00_00,1,28.76243938877713,28.76243938877713,28.76243938877713,1
chronos2__model_config.context_length-4096__pipeline_config.raw_inference.completed_at-2026-09-27T13_50_44.906560_00_00,1,28.76243938877713,28.76243938877713,28.76243938877713,1
chronos2__model_config.context_length-512__pipeline_config.raw_inference.completed_at-2026-09-27T13_54_39.696006_00_00,1,28.636299336099125,28.636299336099125,28.636299336099125,1
chronos2__model_config.context_length-8192__pipeline_config.raw_inference.completed_at-2026-09-26T15_59_03.772445_00_00,1,28.76243938877713,28.76243938877713,28.76243938877713,1
chronos_bolt__model_config.context_length-1024__pipeline_config.raw_inference.completed_at-2026-09-27T13_35_09.406385_00_00,1,28.805986187313405,28.805986187313405,28.805986187313405,1
chronos_bolt__model_config.context_length-128__pipeline_config.raw_inference.completed_at-2026-09-27T13_38_08.448004_00_00,1,27.091042749145934,27.091042749145934,27.091042749145934,1
chronos_bolt__model_config.context_length-2048__pipeline_config.raw_inference.completed_at-2026-09-26T16_07_36.052058_00_00,1,28.78678633952384,28.78678633952384,28.78678633952384,1
chronos_bolt__model_config.context_length-256__pipeline_config.raw_inference.completed_at-2026-09-27T13_37_42.479971_00_00,1,28.40356097873853,28.40356097873853,28.40356097873853,1
chronos_bolt__model_config.context_length-512__pipeline_config.raw_inference.completed_at-2026-09-27T15_30_28.579526_00_00,1,28.708448351676786,28.708448351676786,28.708448351676786,1
chronos_bolt__model_config.context_length-1024__pipeline_config.raw_inference.completed_at-2026-09-27T13_35_04.581731_00_00,1,29.043222112622935,29.043222112622935,29.043222112622935,1
chronos_bolt__model_config.context_length-128__pipeline_config.raw_inference.completed_at-2026-09-27T13_38_06.478076_00_00,1,27.293265268731105,27.293265268731105,27.293265268731105,1
chronos_bolt__model_config.context_length-2048__pipeline_config.raw_inference.completed_at-2026-09-26T16_07_30.046027_00_00,1,29.018020980649062,29.018020980649062,29.018020980649062,1
chronos_bolt__model_config.context_length-256__pipeline_config.raw_inference.completed_at-2026-09-27T13_37_40.234560_00_00,1,28.681314799971723,28.681314799971723,28.681314799971723,1
chronos_bolt__model_config.context_length-512__pipeline_config.raw_inference.completed_at-2026-09-27T15_30_25.451677_00_00,1,28.91111135935206,28.91111135935206,28.91111135935206,1
chronos_bolt__model_config.context_length-1024__pipeline_config.raw_inference.completed_at-2026-09-27T13_35_00.354156_00_00,1,28.28517167109439,28.28517167109439,28.28517167109439,1
chronos_bolt__model_config.context_length-128__pipeline_config.raw_inference.completed_at-2026-09-27T13_38_04.269545_00_00,1,27.026153852656442,27.026153852656442,27.026153852656442,1
chronos_bolt__model_config.context_length-2048__pipeline_config.raw_inference.completed_at-2026-09-26T16_07_24.222941_00_00,1,28.241928527145244,28.241928527145244,28.241928527145244,1
chronos_bolt__model_config.context_length-256__pipeline_config.raw_inference.completed_at-2026-09-27T13_37_37.791210_00_00,1,27.950254019432187,27.950254019432187,27.950254019432187,1
chronos_bolt__model_config.context_length-512__pipeline_config.raw_inference.completed_at-2026-09-27T15_30_22.454151_00_00,1,28.178253428731438,28.178253428731438,28.178253428731438,1
ts_icl__model_config.context_length-1024__pipeline_config.raw_inference.completed_at-2026-09-27T14_03_38.719449_00_00,1,28.924525041232773,28.924525041232773,28.924525041232773,1
ts_icl__model_config.context_length-2048__pipeline_config.raw_inference.completed_at-2026-09-27T14_12_27.606459_00_00,1,28.9904812897992,28.9904812897992,28.9904812897992,1
ts_icl__model_config.context_length-256__pipeline_config.raw_inference.completed_at-2026-09-27T15_11_01.193693_00_00,1,28.495671033900326,28.495671033900326,28.495671033900326,1
ts_icl__model_config.context_length-4096__pipeline_config.raw_inference.completed_at-2026-09-26T16_32_36.167971_00_00,1,28.9904812897992,28.9904812897992,28.9904812897992,1
ts_icl__model_config.context_length-512__pipeline_config.raw_inference.completed_at-2026-09-27T14_02_42.037935_00_00,1,28.79222598081728,28.79222598081728,28.79222598081728,1
ts_icl__model_config.context_length-1024__pipeline_config.raw_inference.completed_at-2026-09-27T14_03_37.291357_00_00,1,29.135218648095986,29.135218648095986,29.135218648095986,1
ts_icl__model_config.context_length-2048__pipeline_config.raw_inference.completed_at-2026-09-27T14_12_24.652308_00_00,1,29.20193238167663,29.20193238167663,29.20193238167663,1
ts_icl__model_config.context_length-256__pipeline_config.raw_inference.completed_at-2026-09-27T15_11_00.094782_00_00,1,28.77027129427262,28.77027129427262,28.77027129427262,1
ts_icl__model_config.context_length-4096__pipeline_config.raw_inference.completed_at-2026-09-26T16_32_33.210606_00_00,1,29.20193238167663,29.20193238167663,29.20193238167663,1
ts_icl__model_config.context_length-512__pipeline_config.raw_inference.completed_at-2026-09-27T14_02_40.835140_00_00,1,29.02741247988969,29.02741247988969,29.02741247988969,1
ts_icl__model_config.context_length-1024__pipeline_config.raw_inference.completed_at-2026-09-27T14_03_34.754787_00_00,1,28.6289345322461,28.6289345322461,28.6289345322461,1
ts_icl__model_config.context_length-2048__pipeline_config.raw_inference.completed_at-2026-09-27T14_12_18.773443_00_00,1,28.679654108429474,28.679654108429474,28.679654108429474,1
ts_icl__model_config.context_length-256__pipeline_config.raw_inference.completed_at-2026-09-27T15_10_58.141942_00_00,1,28.221608206392546,28.221608206392546,28.221608206392546,1
ts_icl__model_config.context_length-4096__pipeline_config.raw_inference.completed_at-2026-09-26T16_32_27.329224_00_00,1,28.679654108429474,28.679654108429474,28.679654108429474,1
ts_icl__model_config.context_length-512__pipeline_config.raw_inference.completed_at-2026-09-27T14_02_38.730586_00_00,1,28.510106530643963,28.510106530643963,28.510106530643963,1
chronos2__model_config.context_length-1024__pipeline_config.raw_inference.completed_at-2026-09-27T13_52_07.062000_00_00,1,63.26932892661077,63.26932892661077,63.26932892661077,1
chronos2__model_config.context_length-2048__pipeline_config.raw_inference.completed_at-2026-09-27T13_48_04.475399_00_00,1,63.70647658105748,63.70647658105748,63.70647658105748,1
chronos2__model_config.context_length-4096__pipeline_config.raw_inference.completed_at-2026-09-27T13_49_03.038267_00_00,1,63.70647658105748,63.70647658105748,63.70647658105748,1
chronos2__model_config.context_length-512__pipeline_config.raw_inference.completed_at-2026-09-27T13_53_29.176034_00_00,1,61.43221710734865,61.43221710734865,61.43221710734865,1
chronos2__model_config.context_length-8192__pipeline_config.raw_inference.completed_at-2026-09-26T15_56_49.384839_00_00,1,63.70647658105748,63.70647658105748,63.70647658105748,1
chronos_bolt__model_config.context_length-1024__pipeline_config.raw_inference.completed_at-2026-09-27T13_29_11.476450_00_00,1,60.04527779213723,60.04527779213723,60.04527779213723,1
chronos_bolt__model_config.context_length-128__pipeline_config.raw_inference.completed_at-2026-09-27T13_35_11.265757_00_00,1,54.701779329524044,54.701779329524044,54.701779329524044,1
chronos_bolt__model_config.context_length-2048__pipeline_config.raw_inference.completed_at-2026-09-26T15_57_54.164063_00_00,1,59.777917834875005,59.777917834875005,59.777917834875005,1
chronos_bolt__model_config.context_length-256__pipeline_config.raw_inference.completed_at-2026-09-27T13_34_24.955664_00_00,1,56.366336685304155,56.366336685304155,56.366336685304155,1
chronos_bolt__model_config.context_length-512__pipeline_config.raw_inference.completed_at-2026-09-27T15_26_19.458848_00_00,1,58.51054580687158,58.51054580687158,58.51054580687158,1
ts_icl__model_config.context_length-1024__pipeline_config.raw_inference.completed_at-2026-09-27T14_01_30.088656_00_00,1,59.77066667957551,59.77066667957551,59.77066667957551,1
ts_icl__model_config.context_length-2048__pipeline_config.raw_inference.completed_at-2026-09-27T14_08_27.968571_00_00,1,59.98471513058955,59.98471513058955,59.98471513058955,1
ts_icl__model_config.context_length-256__pipeline_config.raw_inference.completed_at-2026-09-27T15_09_43.490256_00_00,1,55.843272925386934,55.843272925386934,55.843272925386934,1
ts_icl__model_config.context_length-4096__pipeline_config.raw_inference.completed_at-2026-09-26T16_25_02.734529_00_00,1,59.98471513058955,59.98471513058955,59.98471513058955,1
ts_icl__model_config.context_length-512__pipeline_config.raw_inference.completed_at-2026-09-27T14_01_12.684288_00_00,1,58.5093646385107,58.5093646385107,58.5093646385107,1
chronos2__model_config.context_length-1024__pipeline_config.raw_inference.completed_at-2026-09-27T13_52_16.823297_00_00,1,57.162593565773655,57.162593565773655,57.162593565773655,1
chronos2__model_config.context_length-2048__pipeline_config.raw_inference.completed_at-2026-09-27T13_48_14.546017_00_00,1,57.593385978354306,57.593385978354306,57.593385978354306,1
chronos2__model_config.context_length-4096__pipeline_config.raw_inference.completed_at-2026-09-27T13_49_13.047774_00_00,1,57.593385978354306,57.593385978354306,57.593385978354306,1
chronos2__model_config.context_length-512__pipeline_config.raw_inference.completed_at-2026-09-27T13_53_38.875732_00_00,1,56.164924845679764,56.164924845679764,56.164924845679764,1
chronos2__model_config.context_length-8192__pipeline_config.raw_inference.completed_at-2026-09-26T15_56_59.410157_00_00,1,57.593385978354306,57.593385978354306,57.593385978354306,1
chronos_bolt__model_config.context_length-1024__pipeline_config.raw_inference.completed_at-2026-09-27T13_29_21.795505_00_00,1,54.71058558801898,54.71058558801898,54.71058558801898,1
chronos_bolt__model_config.context_length-128__pipeline_config.raw_inference.completed_at-2026-09-27T13_35_21.542921_00_00,1,50.09984276988344,50.09984276988344,50.09984276988344,1
chronos_bolt__model_config.context_length-2048__pipeline_config.raw_inference.completed_at-2026-09-26T15_58_04.699286_00_00,1,54.43087748330924,54.43087748330924,54.43087748330924,1
chronos_bolt__model_config.context_length-256__pipeline_config.raw_inference.completed_at-2026-09-27T13_34_35.224226_00_00,1,51.203597837808545,51.203597837808545,51.203597837808545,1
chronos_bolt__model_config.context_length-512__pipeline_config.raw_inference.completed_at-2026-09-27T15_26_29.675321_00_00,1,53.71456488069937,53.71456488069937,53.71456488069937,1
ts_icl__model_config.context_length-1024__pipeline_config.raw_inference.completed_at-2026-09-27T14_01_36.744670_00_00,1,53.65250866677405,53.65250866677405,53.65250866677405,1
ts_icl__model_config.context_length-2048__pipeline_config.raw_inference.completed_at-2026-09-27T14_08_42.805051_00_00,1,53.77109385660381,53.77109385660381,53.77109385660381,1
ts_icl__model_config.context_length-256__pipeline_config.raw_inference.completed_at-2026-09-27T15_09_48.916661_00_00,1,50.03588201351648,50.03588201351648,50.03588201351648,1
ts_icl__model_config.context_length-4096__pipeline_config.raw_inference.completed_at-2026-09-26T16_25_17.435025_00_00,1,53.77109385660381,53.77109385660381,53.77109385660381,1
ts_icl__model_config.context_length-512__pipeline_config.raw_inference.completed_at-2026-09-27T14_01_18.543195_00_00,1,52.58888795532472,52.58888795532472,52.58888795532472,1
chronos2__model_config.context_length-1024__pipeline_config.raw_inference.completed_at-2026-09-27T13_50_42.804963_00_00,1,43.5024232414649,43.5024232414649,43.5024232414649,1
chronos2__model_config.context_length-2048__pipeline_config.raw_inference.completed_at-2026-09-27T13_46_39.411836_00_00,1,43.5024232414649,43.5024232414649,43.5024232414649,1
chronos2__model_config.context_length-4096__pipeline_config.raw_inference.completed_at-2026-09-27T13_47_38.611068_00_00,1,43.5024232414649,43.5024232414649,43.5024232414649,1
chronos2__model_config.context_length-512__pipeline_config.raw_inference.completed_at-2026-09-27T13_52_04.781121_00_00,1,43.5024232414649,43.5024232414649,43.5024232414649,1
chronos2__model_config.context_length-8192__pipeline_config.raw_inference.completed_at-2026-09-26T15_55_25.157102_00_00,1,43.5024232414649,43.5024232414649,43.5024232414649,1
chronos_bolt__model_config.context_length-1024__pipeline_config.raw_inference.completed_at-2026-09-27T13_27_44.073341_00_00,1,46.61168658474792,46.61168658474792,46.61168658474792,1
chronos_bolt__model_config.context_length-128__pipeline_config.raw_inference.completed_at-2026-09-27T13_33_44.752594_00_00,1,49.481531741401476,49.481531741401476,49.481531741401476,1
chronos_bolt__model_config.context_length-2048__pipeline_config.raw_inference.completed_at-2026-09-26T15_56_26.248635_00_00,1,46.61168658474792,46.61168658474792,46.61168658474792,1
chronos_bolt__model_config.context_length-256__pipeline_config.raw_inference.completed_at-2026-09-27T13_32_58.497147_00_00,1,47.98993841839708,47.98993841839708,47.98993841839708,1
chronos_bolt__model_config.context_length-512__pipeline_config.raw_inference.completed_at-2026-09-27T15_24_52.260669_00_00,1,46.61168658474792,46.61168658474792,46.61168658474792,1
ts_icl__model_config.context_length-1024__pipeline_config.raw_inference.completed_at-2026-09-27T14_00_41.946442_00_00,1,49.819901385404904,49.819901385404904,49.819901385404904,1
ts_icl__model_config.context_length-2048__pipeline_config.raw_inference.completed_at-2026-09-27T14_07_33.858559_00_00,1,49.819901385404904,49.819901385404904,49.819901385404904,1
ts_icl__model_config.context_length-256__pipeline_config.raw_inference.completed_at-2026-09-27T15_08_58.499194_00_00,1,51.42135920795698,51.42135920795698,51.42135920795698,1
ts_icl__model_config.context_length-4096__pipeline_config.raw_inference.completed_at-2026-09-26T16_24_08.825830_00_00,1,49.819901385404904,49.819901385404904,49.819901385404904,1
ts_icl__model_config.context_length-512__pipeline_config.raw_inference.completed_at-2026-09-27T14_00_25.209588_00_00,1,49.819901385404904,49.819901385404904,49.819901385404904,1
chronos2__model_config.context_length-1024__pipeline_config.raw_inference.completed_at-2026-09-27T13_49_46.786649_00_00,1,15.678425008375596,15.678425008375596,15.678425008375596,1
chronos2__model_config.context_length-2048__pipeline_config.raw_inference.completed_at-2026-09-27T13_45_42.643717_00_00,1,14.941522036332744,14.941522036332744,14.941522036332744,1
chronos2__model_config.context_length-4096__pipeline_config.raw_inference.completed_at-2026-09-27T13_46_41.555567_00_00,1,15.17641097342075,15.17641097342075,15.17641097342075,1
chronos2__model_config.context_length-512__pipeline_config.raw_inference.completed_at-2026-09-27T13_51_07.958241_00_00,1,15.553855725493404,15.553855725493404,15.553855725493404,1
chronos2__model_config.context_length-8192__pipeline_config.raw_inference.completed_at-2026-09-26T15_54_27.831601_00_00,1,15.27381803506337,15.27381803506337,15.27381803506337,1
chronos_bolt__model_config.context_length-1024__pipeline_config.raw_inference.completed_at-2026-09-27T13_26_44.788952_00_00,1,9.0946341069561,9.0946341069561,9.0946341069561,1
chronos_bolt__model_config.context_length-128__pipeline_config.raw_inference.completed_at-2026-09-27T13_32_46.821216_00_00,1,9.48179209144614,9.48179209144614,9.48179209144614,1
chronos_bolt__model_config.context_length-2048__pipeline_config.raw_inference.completed_at-2026-09-26T15_55_28.176860_00_00,1,10.916574871601181,10.916574871601181,10.916574871601181,1
chronos_bolt__model_config.context_length-256__pipeline_config.raw_inference.completed_at-2026-09-27T13_32_00.809012_00_00,1,11.650133137932894,11.650133137932894,11.650133137932894,1
chronos_bolt__model_config.context_length-512__pipeline_config.raw_inference.completed_at-2026-09-27T15_23_53.442645_00_00,1,12.387374429243748,12.387374429243748,12.387374429243748,1
ts_icl__model_config.context_length-1024__pipeline_config.raw_inference.completed_at-2026-09-27T14_00_12.271364_00_00,1,13.882965293356875,13.882965293356875,13.882965293356875,1
ts_icl__model_config.context_length-2048__pipeline_config.raw_inference.completed_at-2026-09-27T14_07_02.114406_00_00,1,14.932104353427999,14.932104353427999,14.932104353427999,1
ts_icl__model_config.context_length-256__pipeline_config.raw_inference.completed_at-2026-09-27T15_08_30.318235_00_00,1,13.818659071566664,13.818659071566664,13.818659071566664,1
ts_icl__model_config.context_length-4096__pipeline_config.raw_inference.completed_at-2026-09-26T16_23_30.955745_00_00,1,13.323075085848469,13.323075085848469,13.323075085848469,1
ts_icl__model_config.context_length-512__pipeline_config.raw_inference.completed_at-2026-09-27T13_59_55.462410_00_00,1,15.09729923908969,15.09729923908969,15.09729923908969,1
chronos2__model_config.context_length-1024__pipeline_config.raw_inference.completed_at-2026-09-27T13_50_15.245754_00_00,1,64.04313529264584,64.04313529264584,64.04313529264584,1
chronos2__model_config.context_length-2048__pipeline_config.raw_inference.completed_at-2026-09-27T13_46_11.468879_00_00,1,64.04313529264584,64.04313529264584,64.04313529264584,1
chronos2__model_config.context_length-4096__pipeline_config.raw_inference.completed_at-2026-09-27T13_47_10.753486_00_00,1,64.04313529264584,64.04313529264584,64.04313529264584,1
chronos2__model_config.context_length-512__pipeline_config.raw_inference.completed_at-2026-09-27T13_51_36.947822_00_00,1,62.9945627649646,62.9945627649646,62.9945627649646,1
chronos2__model_config.context_length-8192__pipeline_config.raw_inference.completed_at-2026-09-26T15_54_57.246214_00_00,1,64.04313529264584,64.04313529264584,64.04313529264584,1
chronos_bolt__model_config.context_length-1024__pipeline_config.raw_inference.completed_at-2026-09-27T13_27_15.025753_00_00,1,57.15076788816618,57.15076788816618,57.15076788816618,1
chronos_bolt__model_config.context_length-128__pipeline_config.raw_inference.completed_at-2026-09-27T13_33_16.205896_00_00,1,57.9197208957724,57.9197208957724,57.9197208957724,1
chronos_bolt__model_config.context_length-2048__pipeline_config.raw_inference.completed_at-2026-09-26T15_55_57.614904_00_00,1,57.15076788816618,57.15076788816618,57.15076788816618,1
chronos_bolt__model_config.context_length-256__pipeline_config.raw_inference.completed_at-2026-09-27T13_32_30.144508_00_00,1,50.97448928556232,50.97448928556232,50.97448928556232,1
chronos_bolt__model_config.context_length-512__pipeline_config.raw_inference.completed_at-2026-09-27T15_24_22.694467_00_00,1,55.46588568925623,55.46588568925623,55.46588568925623,1
ts_icl__model_config.context_length-1024__pipeline_config.raw_inference.completed_at-2026-09-27T14_00_27.765085_00_00,1,64.22167312432587,64.22167312432587,64.22167312432587,1
ts_icl__model_config.context_length-2048__pipeline_config.raw_inference.completed_at-2026-09-27T14_07_19.665944_00_00,1,64.22167312432587,64.22167312432587,64.22167312432587,1
ts_icl__model_config.context_length-256__pipeline_config.raw_inference.completed_at-2026-09-27T15_08_45.093222_00_00,1,59.017011373537734,59.017011373537734,59.017011373537734,1
ts_icl__model_config.context_length-4096__pipeline_config.raw_inference.completed_at-2026-09-26T16_23_54.550901_00_00,1,64.22167312432587,64.22167312432587,64.22167312432587,1
ts_icl__model_config.context_length-512__pipeline_config.raw_inference.completed_at-2026-09-27T14_00_10.927288_00_00,1,62.65753483849239,62.65753483849239,62.65753483849239,1
chronos2__model_config.context_length-1024__pipeline_config.raw_inference.completed_at-2026-09-27T13_51_48.084754_00_00,1,35.80574210220382,35.80574210220382,35.80574210220382,1
chronos2__model_config.context_length-2048__pipeline_config.raw_inference.completed_at-2026-09-27T13_47_45.011989_00_00,1,35.80574210220382,35.80574210220382,35.80574210220382,1
chronos2__model_config.context_length-4096__pipeline_config.raw_inference.completed_at-2026-09-27T13_48_43.876067_00_00,1,35.80574210220382,35.80574210220382,35.80574210220382,1
chronos2__model_config.context_length-512__pipeline_config.raw_inference.completed_at-2026-09-27T13_53_10.257076_00_00,1,36.321333307141266,36.321333307141266,36.321333307141266,1
chronos2__model_config.context_length-8192__pipeline_config.raw_inference.completed_at-2026-09-26T15_56_30.337924_00_00,1,35.80574210220382,35.80574210220382,35.80574210220382,1
chronos_bolt__model_config.context_length-1024__pipeline_config.raw_inference.completed_at-2026-09-27T13_28_52.165445_00_00,1,40.59968093671399,40.59968093671399,40.59968093671399,1
chronos_bolt__model_config.context_length-128__pipeline_config.raw_inference.completed_at-2026-09-27T13_34_51.851337_00_00,1,37.04701740040649,37.04701740040649,37.04701740040649,1
chronos_bolt__model_config.context_length-2048__pipeline_config.raw_inference.completed_at-2026-09-26T15_57_34.693765_00_00,1,40.59968093671399,40.59968093671399,40.59968093671399,1
chronos_bolt__model_config.context_length-256__pipeline_config.raw_inference.completed_at-2026-09-27T13_34_05.572527_00_00,1,34.98016231323496,34.98016231323496,34.98016231323496,1
chronos_bolt__model_config.context_length-512__pipeline_config.raw_inference.completed_at-2026-09-27T15_26_00.047356_00_00,1,40.68988443489749,40.68988443489749,40.68988443489749,1
ts_icl__model_config.context_length-1024__pipeline_config.raw_inference.completed_at-2026-09-27T14_01_19.862438_00_00,1,38.825779347817644,38.825779347817644,38.825779347817644,1
ts_icl__model_config.context_length-2048__pipeline_config.raw_inference.completed_at-2026-09-27T14_08_11.948934_00_00,1,38.825779347817644,38.825779347817644,38.825779347817644,1
ts_icl__model_config.context_length-256__pipeline_config.raw_inference.completed_at-2026-09-27T15_09_34.170359_00_00,1,37.725543692500594,37.725543692500594,37.725543692500594,1
ts_icl__model_config.context_length-4096__pipeline_config.raw_inference.completed_at-2026-09-26T16_24_46.721344_00_00,1,38.825779347817644,38.825779347817644,38.825779347817644,1
ts_icl__model_config.context_length-512__pipeline_config.raw_inference.completed_at-2026-09-27T14_01_02.973613_00_00,1,38.88306844985529,38.88306844985529,38.88306844985529,1
chronos2__model_config.context_length-1024__pipeline_config.raw_inference.completed_at-2026-09-27T13_50_52.185153_00_00,1,36.22682212539501,36.22682212539501,36.22682212539501,1
chronos2__model_config.context_length-2048__pipeline_config.raw_inference.completed_at-2026-09-27T13_46_48.851903_00_00,1,36.22682212539501,36.22682212539501,36.22682212539501,1
chronos2__model_config.context_length-4096__pipeline_config.raw_inference.completed_at-2026-09-27T13_47_47.870080_00_00,1,36.22682212539501,36.22682212539501,36.22682212539501,1
chronos2__model_config.context_length-512__pipeline_config.raw_inference.completed_at-2026-09-27T13_52_14.047824_00_00,1,36.22682212539501,36.22682212539501,36.22682212539501,1
chronos2__model_config.context_length-8192__pipeline_config.raw_inference.completed_at-2026-09-26T15_55_34.412670_00_00,1,36.22682212539501,36.22682212539501,36.22682212539501,1
chronos_bolt__model_config.context_length-1024__pipeline_config.raw_inference.completed_at-2026-09-27T13_27_53.528895_00_00,1,27.083968260309042,27.083968260309042,27.083968260309042,1
chronos_bolt__model_config.context_length-128__pipeline_config.raw_inference.completed_at-2026-09-27T13_33_54.266043_00_00,1,28.84209287084294,28.84209287084294,28.84209287084294,1
chronos_bolt__model_config.context_length-2048__pipeline_config.raw_inference.completed_at-2026-09-26T15_56_36.189832_00_00,1,27.083968260309042,27.083968260309042,27.083968260309042,1
chronos_bolt__model_config.context_length-256__pipeline_config.raw_inference.completed_at-2026-09-27T13_33_08.091737_00_00,1,27.633746881677833,27.633746881677833,27.633746881677833,1
chronos_bolt__model_config.context_length-512__pipeline_config.raw_inference.completed_at-2026-09-27T15_25_01.958010_00_00,1,27.083968260309042,27.083968260309042,27.083968260309042,1
ts_icl__model_config.context_length-1024__pipeline_config.raw_inference.completed_at-2026-09-27T14_00_46.657036_00_00,1,28.71668184592234,28.71668184592234,28.71668184592234,1
ts_icl__model_config.context_length-2048__pipeline_config.raw_inference.completed_at-2026-09-27T14_07_38.540922_00_00,1,28.71668184592234,28.71668184592234,28.71668184592234,1
ts_icl__model_config.context_length-256__pipeline_config.raw_inference.completed_at-2026-09-27T15_09_02.844643_00_00,1,27.92321103955381,27.92321103955381,27.92321103955381,1
ts_icl__model_config.context_length-4096__pipeline_config.raw_inference.completed_at-2026-09-26T16_24_13.471230_00_00,1,28.71668184592234,28.71668184592234,28.71668184592234,1
ts_icl__model_config.context_length-512__pipeline_config.raw_inference.completed_at-2026-09-27T14_00_29.930066_00_00,1,28.71668184592234,28.71668184592234,28.71668184592234,1
chronos2__model_config.context_length-1024__pipeline_config.raw_inference.completed_at-2026-09-27T13_51_29.511316_00_00,1,25.60714017340565,25.60714017340565,25.60714017340565,1
chronos2__model_config.context_length-2048__pipeline_config.raw_inference.completed_at-2026-09-27T13_47_26.390683_00_00,1,25.60714017340565,25.60714017340565,25.60714017340565,1
chronos2__model_config.context_length-4096__pipeline_config.raw_inference.completed_at-2026-09-27T13_48_25.163713_00_00,1,25.60714017340565,25.60714017340565,25.60714017340565,1
chronos2__model_config.context_length-512__pipeline_config.raw_inference.completed_at-2026-09-27T13_52_51.718146_00_00,1,25.60714017340565,25.60714017340565,25.60714017340565,1
chronos2__model_config.context_length-8192__pipeline_config.raw_inference.completed_at-2026-09-26T15_56_11.762064_00_00,1,25.60714017340565,25.60714017340565,25.60714017340565,1
chronos_bolt__model_config.context_length-1024__pipeline_config.raw_inference.completed_at-2026-09-27T13_28_32.596238_00_00,1,21.703135109406436,21.703135109406436,21.703135109406436,1
chronos_bolt__model_config.context_length-128__pipeline_config.raw_inference.completed_at-2026-09-27T13_34_32.381063_00_00,1,22.70891033924566,22.70891033924566,22.70891033924566,1
chronos_bolt__model_config.context_length-2048__pipeline_config.raw_inference.completed_at-2026-09-26T15_57_15.535235_00_00,1,21.703135109406436,21.703135109406436,21.703135109406436,1
chronos_bolt__model_config.context_length-256__pipeline_config.raw_inference.completed_at-2026-09-27T13_33_46.197769_00_00,1,22.25436594930659,22.25436594930659,22.25436594930659,1
chronos_bolt__model_config.context_length-512__pipeline_config.raw_inference.completed_at-2026-09-27T15_25_40.643451_00_00,1,21.703135109406436,21.703135109406436,21.703135109406436,1
ts_icl__model_config.context_length-1024__pipeline_config.raw_inference.completed_at-2026-09-27T14_01_07.205106_00_00,1,24.415866906346963,24.415866906346963,24.415866906346963,1
ts_icl__model_config.context_length-2048__pipeline_config.raw_inference.completed_at-2026-09-27T14_07_59.088544_00_00,1,24.415866906346963,24.415866906346963,24.415866906346963,1
ts_icl__model_config.context_length-256__pipeline_config.raw_inference.completed_at-2026-09-27T15_09_22.021258_00_00,1,24.486678496658033,24.486678496658033,24.486678496658033,1
ts_icl__model_config.context_length-4096__pipeline_config.raw_inference.completed_at-2026-09-26T16_24_34.130643_00_00,1,24.415866906346963,24.415866906346963,24.415866906346963,1
ts_icl__model_config.context_length-512__pipeline_config.raw_inference.completed_at-2026-09-27T14_00_50.556087_00_00,1,24.415866906346963,24.415866906346963,24.415866906346963,1
chronos2__model_config.context_length-1024__pipeline_config.raw_inference.completed_at-2026-09-27T13_43_35.385718_00_00,1,15.410570600699113,15.410570600699113,15.410570600699113,1
chronos2__model_config.context_length-2048__pipeline_config.raw_inference.completed_at-2026-09-27T13_38_42.054964_00_00,1,18.143181134617592,18.143181134617592,18.143181134617592,1
chronos2__model_config.context_length-4096__pipeline_config.raw_inference.completed_at-2026-09-27T13_38_21.129768_00_00,1,17.077584759183484,17.077584759183484,17.077584759183484,1
chronos2__model_config.context_length-512__pipeline_config.raw_inference.completed_at-2026-09-27T13_45_14.766566_00_00,1,11.374399067952169,11.374399067952169,11.374399067952169,1
chronos2__model_config.context_length-8192__pipeline_config.raw_inference.completed_at-2026-09-26T15_43_43.625983_00_00,1,15.545816892512033,15.545816892512033,15.545816892512033,1
chronos2__model_config.context_length-1024__pipeline_config.raw_inference.completed_at-2026-09-27T13_43_34.604930_00_00,1,21.798186922668496,21.798186922668496,21.798186922668496,1
chronos2__model_config.context_length-2048__pipeline_config.raw_inference.completed_at-2026-09-27T13_38_41.163694_00_00,1,23.933997849261402,23.933997849261402,23.933997849261402,1
chronos2__model_config.context_length-4096__pipeline_config.raw_inference.completed_at-2026-09-27T13_38_20.026125_00_00,1,23.033288495717652,23.033288495717652,23.033288495717652,1
chronos2__model_config.context_length-512__pipeline_config.raw_inference.completed_at-2026-09-27T13_45_14.035513_00_00,1,19.532843484192995,19.532843484192995,19.532843484192995,1
chronos2__model_config.context_length-8192__pipeline_config.raw_inference.completed_at-2026-09-26T15_43_42.011428_00_00,1,21.067697164729594,21.067697164729594,21.067697164729594,1
chronos2__model_config.context_length-1024__pipeline_config.raw_inference.completed_at-2026-09-27T13_43_32.635987_00_00,1,45.81987281883865,45.81987281883865,45.81987281883865,1
chronos2__model_config.context_length-2048__pipeline_config.raw_inference.completed_at-2026-09-27T13_38_38.820413_00_00,1,47.181105913910095,47.181105913910095,47.181105913910095,1
chronos2__model_config.context_length-4096__pipeline_config.raw_inference.completed_at-2026-09-27T13_38_17.032499_00_00,1,46.41404743018306,46.41404743018306,46.41404743018306,1
chronos2__model_config.context_length-512__pipeline_config.raw_inference.completed_at-2026-09-27T13_45_12.209769_00_00,1,45.9121343436878,45.9121343436878,45.9121343436878,1
chronos2__model_config.context_length-8192__pipeline_config.raw_inference.completed_at-2026-09-26T15_43_37.521897_00_00,1,43.938169098121236,43.938169098121236,43.938169098121236,1
chronos_bolt__model_config.context_length-1024__pipeline_config.raw_inference.completed_at-2026-09-27T13_17_25.306945_00_00,1,7.365736565026893,7.365736565026893,7.365736565026893,1
chronos_bolt__model_config.context_length-128__pipeline_config.raw_inference.completed_at-2026-09-27T13_25_09.995101_00_00,1,-8.044778189128943,-8.044778189128943,-8.044778189128943,1
chronos_bolt__model_config.context_length-2048__pipeline_config.raw_inference.completed_at-2026-09-26T15_43_42.647011_00_00,1,5.759498879534108,5.759498879534108,5.759498879534108,1
chronos_bolt__model_config.context_length-256__pipeline_config.raw_inference.completed_at-2026-09-27T13_24_12.310612_00_00,1,0.4410914807283839,0.4410914807283839,0.4410914807283839,1
chronos_bolt__model_config.context_length-512__pipeline_config.raw_inference.completed_at-2026-09-27T13_21_04.429940_00_00,1,6.93785053366317,6.93785053366317,6.93785053366317,1
chronos_bolt__model_config.context_length-1024__pipeline_config.raw_inference.completed_at-2026-09-27T13_17_20.475623_00_00,1,9.936489085568457,9.936489085568457,9.936489085568457,1
chronos_bolt__model_config.context_length-128__pipeline_config.raw_inference.completed_at-2026-09-27T13_25_07.870234_00_00,1,-13.951791133916025,-13.951791133916025,-13.951791133916025,1
chronos_bolt__model_config.context_length-2048__pipeline_config.raw_inference.completed_at-2026-09-26T15_43_34.471466_00_00,1,14.010609708808698,14.010609708808698,14.010609708808698,1
chronos_bolt__model_config.context_length-256__pipeline_config.raw_inference.completed_at-2026-09-27T13_24_09.885497_00_00,1,-0.16785704827770864,-0.16785704827770864,-0.16785704827770864,1
chronos_bolt__model_config.context_length-512__pipeline_config.raw_inference.completed_at-2026-09-27T13_21_01.217015_00_00,1,7.249224348479433,7.249224348479433,7.249224348479433,1
chronos_bolt__model_config.context_length-1024__pipeline_config.raw_inference.completed_at-2026-09-27T13_17_14.910180_00_00,1,36.93788556099315,36.93788556099315,36.93788556099315,1
chronos_bolt__model_config.context_length-128__pipeline_config.raw_inference.completed_at-2026-09-27T13_25_04.829539_00_00,1,28.30385999032019,28.30385999032019,28.30385999032019,1
chronos_bolt__model_config.context_length-2048__pipeline_config.raw_inference.completed_at-2026-09-26T15_43_26.091522_00_00,1,38.22049321927557,38.22049321927557,38.22049321927557,1
chronos_bolt__model_config.context_length-256__pipeline_config.raw_inference.completed_at-2026-09-27T13_24_06.608151_00_00,1,37.99755067770171,37.99755067770171,37.99755067770171,1
chronos_bolt__model_config.context_length-512__pipeline_config.raw_inference.completed_at-2026-09-27T13_20_57.600453_00_00,1,37.61657520090086,37.61657520090086,37.61657520090086,1
ts_icl__model_config.context_length-1024__pipeline_config.raw_inference.completed_at-2026-09-27T13_51_27.128434_00_00,1,0.45691398922111937,0.45691398922111937,0.45691398922111937,1
ts_icl__model_config.context_length-2048__pipeline_config.raw_inference.completed_at-2026-09-27T13_50_36.294455_00_00,1,5.578673356230879,5.578673356230879,5.578673356230879,1
ts_icl__model_config.context_length-256__pipeline_config.raw_inference.completed_at-2026-09-27T15_02_48.191339_00_00,1,-2.781405880868393,-2.781405880868393,-2.781405880868393,1
ts_icl__model_config.context_length-4096__pipeline_config.raw_inference.completed_at-2026-09-26T15_45_01.873570_00_00,1,6.7729775924844855,6.7729775924844855,6.7729775924844855,1
ts_icl__model_config.context_length-512__pipeline_config.raw_inference.completed_at-2026-09-27T13_53_28.596611_00_00,1,2.1239494166350403,2.1239494166350403,2.1239494166350403,1
ts_icl__model_config.context_length-1024__pipeline_config.raw_inference.completed_at-2026-09-27T13_51_25.279524_00_00,1,7.947401463155712,7.947401463155712,7.947401463155712,1
ts_icl__model_config.context_length-2048__pipeline_config.raw_inference.completed_at-2026-09-27T13_50_33.418558_00_00,1,10.111427095531333,10.111427095531333,10.111427095531333,1
ts_icl__model_config.context_length-256__pipeline_config.raw_inference.completed_at-2026-09-27T15_02_46.844440_00_00,1,-6.359488875263897,-6.359488875263897,-6.359488875263897,1
ts_icl__model_config.context_length-4096__pipeline_config.raw_inference.completed_at-2026-09-26T15_44_55.697653_00_00,1,7.962413436057936,7.962413436057936,7.962413436057936,1
ts_icl__model_config.context_length-512__pipeline_config.raw_inference.completed_at-2026-09-27T13_53_27.133888_00_00,1,4.376476913288895,4.376476913288895,4.376476913288895,1
ts_icl__model_config.context_length-1024__pipeline_config.raw_inference.completed_at-2026-09-27T13_51_20.821879_00_00,1,39.39364757512238,39.39364757512238,39.39364757512238,1
ts_icl__model_config.context_length-2048__pipeline_config.raw_inference.completed_at-2026-09-27T13_50_25.991693_00_00,1,39.79407250365398,39.79407250365398,39.79407250365398,1
ts_icl__model_config.context_length-256__pipeline_config.raw_inference.completed_at-2026-09-27T13_53_50.847207_00_00,1,36.26244748801144,36.26244748801144,36.26244748801144,1
ts_icl__model_config.context_length-4096__pipeline_config.raw_inference.completed_at-2026-09-26T15_44_38.711832_00_00,1,38.01897138333145,38.01897138333145,38.01897138333145,1
ts_icl__model_config.context_length-512__pipeline_config.raw_inference.completed_at-2026-09-27T13_53_23.774800_00_00,1,40.151926726990425,40.151926726990425,40.151926726990425,1
chronos2__model_config.context_length-1024__pipeline_config.raw_inference.completed_at-2026-09-27T13_52_37.635303_00_00,1,31.477399828339248,31.477399828339248,31.477399828339248,1
chronos2__model_config.context_length-2048__pipeline_config.raw_inference.completed_at-2026-09-27T13_48_41.299824_00_00,1,32.410957025945244,32.410957025945244,32.410957025945244,1
chronos2__model_config.context_length-4096__pipeline_config.raw_inference.completed_at-2026-09-27T13_49_50.206054_00_00,1,32.615273213913234,32.615273213913234,32.615273213913234,1
chronos2__model_config.context_length-512__pipeline_config.raw_inference.completed_at-2026-09-27T13_53_57.453857_00_00,1,29.105622155881495,29.105622155881495,29.105622155881495,1
chronos2__model_config.context_length-8192__pipeline_config.raw_inference.completed_at-2026-09-26T15_57_57.227203_00_00,1,32.41062018687312,32.41062018687312,32.41062018687312,1
chronos_bolt__model_config.context_length-1024__pipeline_config.raw_inference.completed_at-2026-09-27T13_32_42.878998_00_00,1,23.905078929385926,23.905078929385926,23.905078929385926,1
chronos_bolt__model_config.context_length-128__pipeline_config.raw_inference.completed_at-2026-09-27T13_36_44.678167_00_00,1,23.08291704479364,23.08291704479364,23.08291704479364,1
chronos_bolt__model_config.context_length-2048__pipeline_config.raw_inference.completed_at-2026-09-26T16_03_52.198815_00_00,1,24.034601804082346,24.034601804082346,24.034601804082346,1
chronos_bolt__model_config.context_length-256__pipeline_config.raw_inference.completed_at-2026-09-27T13_36_11.571553_00_00,1,24.419863730016544,24.419863730016544,24.419863730016544,1
chronos_bolt__model_config.context_length-512__pipeline_config.raw_inference.completed_at-2026-09-27T15_28_40.379169_00_00,1,24.084250633129123,24.084250633129123,24.084250633129123,1
ts_icl__model_config.context_length-1024__pipeline_config.raw_inference.completed_at-2026-09-27T14_02_27.203752_00_00,1,29.03127454790124,29.03127454790124,29.03127454790124,1
ts_icl__model_config.context_length-2048__pipeline_config.raw_inference.completed_at-2026-09-27T14_10_17.334503_00_00,1,29.20824163006357,29.20824163006357,29.20824163006357,1
ts_icl__model_config.context_length-256__pipeline_config.raw_inference.completed_at-2026-09-27T15_10_17.604085_00_00,1,26.923312322268288,26.923312322268288,26.923312322268288,1
ts_icl__model_config.context_length-4096__pipeline_config.raw_inference.completed_at-2026-09-26T16_29_13.775290_00_00,1,29.33729826661007,29.33729826661007,29.33729826661007,1
ts_icl__model_config.context_length-512__pipeline_config.raw_inference.completed_at-2026-09-27T14_01_53.026296_00_00,1,28.454320689067604,28.454320689067604,28.454320689067604,1
chronos2__model_config.context_length-1024__pipeline_config.raw_inference.completed_at-2026-09-27T13_52_58.146166_00_00,1,28.132924088341937,28.132924088341937,28.132924088341937,1
chronos2__model_config.context_length-2048__pipeline_config.raw_inference.completed_at-2026-09-27T13_49_04.547403_00_00,1,30.64601598131552,30.64601598131552,30.64601598131552,1
chronos2__model_config.context_length-4096__pipeline_config.raw_inference.completed_at-2026-09-27T13_50_19.347386_00_00,1,31.545151903123113,31.545151903123113,31.545151903123113,1
chronos2__model_config.context_length-512__pipeline_config.raw_inference.completed_at-2026-09-27T13_54_16.594502_00_00,1,25.729978260274866,25.729978260274866,25.729978260274866,1
chronos2__model_config.context_length-8192__pipeline_config.raw_inference.completed_at-2026-09-26T15_58_37.436343_00_00,1,31.61705110502977,31.61705110502977,31.61705110502977,1
chronos_bolt__model_config.context_length-1024__pipeline_config.raw_inference.completed_at-2026-09-27T13_34_33.599262_00_00,1,18.40357682832866,18.40357682832866,18.40357682832866,1
chronos_bolt__model_config.context_length-128__pipeline_config.raw_inference.completed_at-2026-09-27T13_37_37.560012_00_00,1,-12.8956852409422,-12.8956852409422,-12.8956852409422,1
chronos_bolt__model_config.context_length-2048__pipeline_config.raw_inference.completed_at-2026-09-26T16_06_55.799472_00_00,1,20.092221411714018,20.092221411714018,20.092221411714018,1
chronos_bolt__model_config.context_length-256__pipeline_config.raw_inference.completed_at-2026-09-27T13_37_10.582113_00_00,1,-8.700406847625963,-8.700406847625963,-8.700406847625963,1
chronos_bolt__model_config.context_length-512__pipeline_config.raw_inference.completed_at-2026-09-27T15_29_56.074350_00_00,1,15.347649788491092,15.347649788491092,15.347649788491092,1
ts_icl__model_config.context_length-1024__pipeline_config.raw_inference.completed_at-2026-09-27T14_03_00.602727_00_00,1,24.030238356011612,24.030238356011612,24.030238356011612,1
ts_icl__model_config.context_length-2048__pipeline_config.raw_inference.completed_at-2026-09-27T14_11_11.828953_00_00,1,26.33811818745023,26.33811818745023,26.33811818745023,1
ts_icl__model_config.context_length-256__pipeline_config.raw_inference.completed_at-2026-09-27T15_10_39.333184_00_00,1,-7.708676997505481,-7.708676997505481,-7.708676997505481,1
ts_icl__model_config.context_length-4096__pipeline_config.raw_inference.completed_at-2026-09-26T16_31_21.980707_00_00,1,26.91470403986196,26.91470403986196,26.91470403986196,1
ts_icl__model_config.context_length-512__pipeline_config.raw_inference.completed_at-2026-09-27T14_02_18.020284_00_00,1,18.395984046992496,18.395984046992496,18.395984046992496,1
chronos2__model_config.context_length-1024__pipeline_config.raw_inference.completed_at-2026-09-27T13_53_11.303992_00_00,1,40.50058934095247,40.50058934095247,40.50058934095247,1
chronos2__model_config.context_length-2048__pipeline_config.raw_inference.completed_at-2026-09-27T13_49_17.972927_00_00,1,40.63496511863816,40.63496511863816,40.63496511863816,1
chronos2__model_config.context_length-4096__pipeline_config.raw_inference.completed_at-2026-09-27T13_50_32.909269_00_00,1,40.63496511863816,40.63496511863816,40.63496511863816,1
chronos2__model_config.context_length-512__pipeline_config.raw_inference.completed_at-2026-09-27T13_54_29.208755_00_00,1,39.64964309106934,39.64964309106934,39.64964309106934,1
chronos2__model_config.context_length-8192__pipeline_config.raw_inference.completed_at-2026-09-26T15_58_51.103489_00_00,1,40.63496511863816,40.63496511863816,40.63496511863816,1
chronos_bolt__model_config.context_length-1024__pipeline_config.raw_inference.completed_at-2026-09-27T13_34_47.672030_00_00,1,30.590135085406132,30.590135085406132,30.590135085406132,1
chronos_bolt__model_config.context_length-128__pipeline_config.raw_inference.completed_at-2026-09-27T13_37_51.711293_00_00,1,20.50266938910473,20.50266938910473,20.50266938910473,1
chronos_bolt__model_config.context_length-2048__pipeline_config.raw_inference.completed_at-2026-09-26T16_07_11.019872_00_00,1,30.55379275291923,30.55379275291923,30.55379275291923,1
chronos_bolt__model_config.context_length-256__pipeline_config.raw_inference.completed_at-2026-09-27T13_37_25.436398_00_00,1,21.856429977991453,21.856429977991453,21.856429977991453,1
chronos_bolt__model_config.context_length-512__pipeline_config.raw_inference.completed_at-2026-09-27T15_30_10.053200_00_00,1,28.14859004512128,28.14859004512128,28.14859004512128,1
ts_icl__model_config.context_length-1024__pipeline_config.raw_inference.completed_at-2026-09-27T14_03_21.680581_00_00,1,37.52222813999575,37.52222813999575,37.52222813999575,1
ts_icl__model_config.context_length-2048__pipeline_config.raw_inference.completed_at-2026-09-27T14_11_40.574281_00_00,1,37.54143335081239,37.54143335081239,37.54143335081239,1
ts_icl__model_config.context_length-256__pipeline_config.raw_inference.completed_at-2026-09-27T15_10_48.672800_00_00,1,28.18159271154207,28.18159271154207,28.18159271154207,1
ts_icl__model_config.context_length-4096__pipeline_config.raw_inference.completed_at-2026-09-26T16_31_49.821962_00_00,1,37.54143335081239,37.54143335081239,37.54143335081239,1
ts_icl__model_config.context_length-512__pipeline_config.raw_inference.completed_at-2026-09-27T14_02_28.273953_00_00,1,35.4946764299657,35.4946764299657,35.4946764299657,1
chronos2__model_config.context_length-1024__pipeline_config.raw_inference.completed_at-2026-09-27T13_44_05.374328_00_00,1,28.441816600501223,28.441816600501223,28.441816600501223,1
chronos2__model_config.context_length-2048__pipeline_config.raw_inference.completed_at-2026-09-27T13_39_17.599760_00_00,1,32.90279012969714,32.90279012969714,32.90279012969714,1
chronos2__model_config.context_length-4096__pipeline_config.raw_inference.completed_at-2026-09-27T13_39_06.398629_00_00,1,34.37425307534557,34.37425307534557,34.37425307534557,1
chronos2__model_config.context_length-512__pipeline_config.raw_inference.completed_at-2026-09-27T13_45_41.996199_00_00,1,27.492342254604264,27.492342254604264,27.492342254604264,1
chronos2__model_config.context_length-8192__pipeline_config.raw_inference.completed_at-2026-09-26T15_44_50.763864_00_00,1,35.18987611208196,35.18987611208196,35.18987611208196,1
chronos2__model_config.context_length-1024__pipeline_config.raw_inference.completed_at-2026-09-27T13_44_04.154683_00_00,1,32.94074591206218,32.94074591206218,32.94074591206218,1
chronos2__model_config.context_length-2048__pipeline_config.raw_inference.completed_at-2026-09-27T13_39_16.243170_00_00,1,35.33269174262542,35.33269174262542,35.33269174262542,1
chronos2__model_config.context_length-4096__pipeline_config.raw_inference.completed_at-2026-09-27T13_39_04.730471_00_00,1,35.28413131875008,35.28413131875008,35.28413131875008,1
chronos2__model_config.context_length-512__pipeline_config.raw_inference.completed_at-2026-09-27T13_45_40.829773_00_00,1,29.536570909913497,29.536570909913497,29.536570909913497,1
chronos2__model_config.context_length-8192__pipeline_config.raw_inference.completed_at-2026-09-26T15_44_48.299109_00_00,1,34.952689642267096,34.952689642267096,34.952689642267096,1
chronos2__model_config.context_length-1024__pipeline_config.raw_inference.completed_at-2026-09-27T13_44_00.478137_00_00,1,49.62946234326433,49.62946234326433,49.62946234326433,1
chronos2__model_config.context_length-2048__pipeline_config.raw_inference.completed_at-2026-09-27T13_39_12.034280_00_00,1,50.757824759797934,50.757824759797934,50.757824759797934,1
chronos2__model_config.context_length-4096__pipeline_config.raw_inference.completed_at-2026-09-27T13_38_59.548176_00_00,1,50.72796628289815,50.72796628289815,50.72796628289815,1
chronos2__model_config.context_length-512__pipeline_config.raw_inference.completed_at-2026-09-27T13_45_37.391591_00_00,1,48.218832284898426,48.218832284898426,48.218832284898426,1
chronos2__model_config.context_length-8192__pipeline_config.raw_inference.completed_at-2026-09-26T15_44_40.984294_00_00,1,50.17758761390043,50.17758761390043,50.17758761390043,1
chronos_bolt__model_config.context_length-1024__pipeline_config.raw_inference.completed_at-2026-09-27T13_18_21.454133_00_00,1,3.186386860298218,3.186386860298218,3.186386860298218,1
chronos_bolt__model_config.context_length-128__pipeline_config.raw_inference.completed_at-2026-09-27T13_25_51.231751_00_00,1,-16.424348716574322,-16.424348716574322,-16.424348716574322,1
chronos_bolt__model_config.context_length-2048__pipeline_config.raw_inference.completed_at-2026-09-26T15_44_59.079417_00_00,1,4.207536947133994,4.207536947133994,4.207536947133994,1
chronos_bolt__model_config.context_length-256__pipeline_config.raw_inference.completed_at-2026-09-27T13_24_55.268640_00_00,1,-7.537782021554884,-7.537782021554884,-7.537782021554884,1
chronos_bolt__model_config.context_length-512__pipeline_config.raw_inference.completed_at-2026-09-27T13_21_54.419124_00_00,1,0.16612080540641116,0.16612080540641116,0.16612080540641116,1
chronos_bolt__model_config.context_length-1024__pipeline_config.raw_inference.completed_at-2026-09-27T13_18_10.755516_00_00,1,-1.292354631805681,-1.292354631805681,-1.292354631805681,1
chronos_bolt__model_config.context_length-128__pipeline_config.raw_inference.completed_at-2026-09-27T13_25_46.792802_00_00,1,-52.601941770299,-52.601941770299,-52.601941770299,1
chronos_bolt__model_config.context_length-2048__pipeline_config.raw_inference.completed_at-2026-09-26T15_44_41.816363_00_00,1,3.9193224650017844,3.9193224650017844,3.9193224650017844,1
chronos_bolt__model_config.context_length-256__pipeline_config.raw_inference.completed_at-2026-09-27T13_24_50.108489_00_00,1,-28.402606291102916,-28.402606291102916,-28.402606291102916,1
chronos_bolt__model_config.context_length-512__pipeline_config.raw_inference.completed_at-2026-09-27T13_21_47.468629_00_00,1,-14.198555924541223,-14.198555924541223,-14.198555924541223,1
chronos_bolt__model_config.context_length-1024__pipeline_config.raw_inference.completed_at-2026-09-27T13_17_58.710561_00_00,1,35.95393859378711,35.95393859378711,35.95393859378711,1
chronos_bolt__model_config.context_length-128__pipeline_config.raw_inference.completed_at-2026-09-27T13_25_40.148309_00_00,1,21.466183089714498,21.466183089714498,21.466183089714498,1
chronos_bolt__model_config.context_length-2048__pipeline_config.raw_inference.completed_at-2026-09-26T15_44_21.546581_00_00,1,38.25236438417727,38.25236438417727,38.25236438417727,1
chronos_bolt__model_config.context_length-256__pipeline_config.raw_inference.completed_at-2026-09-27T13_24_42.806008_00_00,1,28.747921551787424,28.747921551787424,28.747921551787424,1
chronos_bolt__model_config.context_length-512__pipeline_config.raw_inference.completed_at-2026-09-27T13_21_38.755577_00_00,1,32.78923853690314,32.78923853690314,32.78923853690314,1
ts_icl__model_config.context_length-1024__pipeline_config.raw_inference.completed_at-2026-09-27T13_52_17.746951_00_00,1,17.355180835486074,17.355180835486074,17.355180835486074,1
ts_icl__model_config.context_length-2048__pipeline_config.raw_inference.completed_at-2026-09-27T13_52_13.289070_00_00,1,23.354221292824263,23.354221292824263,23.354221292824263,1
ts_icl__model_config.context_length-256__pipeline_config.raw_inference.completed_at-2026-09-27T15_03_18.689991_00_00,1,-4.89585919039226,-4.89585919039226,-4.89585919039226,1
ts_icl__model_config.context_length-4096__pipeline_config.raw_inference.completed_at-2026-09-26T15_48_59.404650_00_00,1,26.12278797572616,26.12278797572616,26.12278797572616,1
ts_icl__model_config.context_length-512__pipeline_config.raw_inference.completed_at-2026-09-27T13_54_05.282760_00_00,1,8.865528634149001,8.865528634149001,8.865528634149001,1
ts_icl__model_config.context_length-1024__pipeline_config.raw_inference.completed_at-2026-09-27T13_52_15.148028_00_00,1,23.483783905113953,23.483783905113953,23.483783905113953,1
ts_icl__model_config.context_length-2048__pipeline_config.raw_inference.completed_at-2026-09-27T13_52_09.127396_00_00,1,25.05138269557503,25.05138269557503,25.05138269557503,1
ts_icl__model_config.context_length-256__pipeline_config.raw_inference.completed_at-2026-09-27T15_03_16.801007_00_00,1,-15.495278597493023,-15.495278597493023,-15.495278597493023,1
ts_icl__model_config.context_length-4096__pipeline_config.raw_inference.completed_at-2026-09-26T15_48_50.433201_00_00,1,25.92292350796378,25.92292350796378,25.92292350796378,1
ts_icl__model_config.context_length-512__pipeline_config.raw_inference.completed_at-2026-09-27T13_54_03.236188_00_00,1,18.160725260957676,18.160725260957676,18.160725260957676,1
ts_icl__model_config.context_length-1024__pipeline_config.raw_inference.completed_at-2026-09-27T13_52_07.853682_00_00,1,44.17057969310919,44.17057969310919,44.17057969310919,1
ts_icl__model_config.context_length-2048__pipeline_config.raw_inference.completed_at-2026-09-27T13_51_57.402791_00_00,1,44.48432926587556,44.48432926587556,44.48432926587556,1
ts_icl__model_config.context_length-256__pipeline_config.raw_inference.completed_at-2026-09-27T15_03_11.691596_00_00,1,37.93291783060708,37.93291783060708,37.93291783060708,1
ts_icl__model_config.context_length-4096__pipeline_config.raw_inference.completed_at-2026-09-26T15_48_24.790174_00_00,1,43.84319503508718,43.84319503508718,43.84319503508718,1
ts_icl__model_config.context_length-512__pipeline_config.raw_inference.completed_at-2026-09-27T13_53_57.457419_00_00,1,42.009367257898944,42.009367257898944,42.009367257898944,1
chronos2__model_config.context_length-1024__pipeline_config.raw_inference.completed_at-2026-09-27T13_44_19.492273_00_00,1,21.897877411451127,21.897877411451127,21.897877411451127,1
chronos2__model_config.context_length-2048__pipeline_config.raw_inference.completed_at-2026-09-27T13_39_34.274106_00_00,1,24.94307246242966,24.94307246242966,24.94307246242966,1
chronos2__model_config.context_length-4096__pipeline_config.raw_inference.completed_at-2026-09-27T13_39_27.120786_00_00,1,26.499063597237893,26.499063597237893,26.499063597237893,1
chronos2__model_config.context_length-512__pipeline_config.raw_inference.completed_at-2026-09-27T13_45_54.934560_00_00,1,17.649842737178833,17.649842737178833,17.649842737178833,1
chronos2__model_config.context_length-8192__pipeline_config.raw_inference.completed_at-2026-09-26T15_45_16.522128_00_00,1,26.18116296113534,26.18116296113534,26.18116296113534,1
chronos2__model_config.context_length-1024__pipeline_config.raw_inference.completed_at-2026-09-27T13_44_18.884702_00_00,1,24.337549782655053,24.337549782655053,24.337549782655053,1
chronos2__model_config.context_length-2048__pipeline_config.raw_inference.completed_at-2026-09-27T13_39_33.590994_00_00,1,26.703706987313204,26.703706987313204,26.703706987313204,1
chronos2__model_config.context_length-4096__pipeline_config.raw_inference.completed_at-2026-09-27T13_39_26.275870_00_00,1,27.156051680638416,27.156051680638416,27.156051680638416,1
chronos2__model_config.context_length-512__pipeline_config.raw_inference.completed_at-2026-09-27T13_45_54.367957_00_00,1,21.288297318355564,21.288297318355564,21.288297318355564,1
chronos2__model_config.context_length-8192__pipeline_config.raw_inference.completed_at-2026-09-26T15_45_15.327163_00_00,1,27.037203388754683,27.037203388754683,27.037203388754683,1
chronos2__model_config.context_length-1024__pipeline_config.raw_inference.completed_at-2026-09-27T13_44_17.169488_00_00,1,48.5227149208382,48.5227149208382,48.5227149208382,1
chronos2__model_config.context_length-2048__pipeline_config.raw_inference.completed_at-2026-09-27T13_39_31.626949_00_00,1,49.45750274771774,49.45750274771774,49.45750274771774,1
chronos2__model_config.context_length-4096__pipeline_config.raw_inference.completed_at-2026-09-27T13_39_23.824966_00_00,1,49.62550570229068,49.62550570229068,49.62550570229068,1
chronos2__model_config.context_length-512__pipeline_config.raw_inference.completed_at-2026-09-27T13_45_52.773773_00_00,1,47.50907350450774,47.50907350450774,47.50907350450774,1
chronos2__model_config.context_length-8192__pipeline_config.raw_inference.completed_at-2026-09-26T15_45_12.225547_00_00,1,49.49006322594938,49.49006322594938,49.49006322594938,1
chronos_bolt__model_config.context_length-1024__pipeline_config.raw_inference.completed_at-2026-09-27T13_18_42.459879_00_00,1,14.257101187913179,14.257101187913179,14.257101187913179,1
chronos_bolt__model_config.context_length-128__pipeline_config.raw_inference.completed_at-2026-09-27T13_26_08.773849_00_00,1,9.065870952194722,9.065870952194722,9.065870952194722,1
chronos_bolt__model_config.context_length-2048__pipeline_config.raw_inference.completed_at-2026-09-26T15_45_25.976054_00_00,1,17.510396998155507,17.510396998155507,17.510396998155507,1
chronos_bolt__model_config.context_length-256__pipeline_config.raw_inference.completed_at-2026-09-27T13_25_13.566521_00_00,1,8.313129702833455,8.313129702833455,8.313129702833455,1
chronos_bolt__model_config.context_length-512__pipeline_config.raw_inference.completed_at-2026-09-27T13_22_13.285627_00_00,1,11.520439611767497,11.520439611767497,11.520439611767497,1
chronos_bolt__model_config.context_length-1024__pipeline_config.raw_inference.completed_at-2026-09-27T13_18_39.009957_00_00,1,17.818248268493598,17.818248268493598,17.818248268493598,1
chronos_bolt__model_config.context_length-128__pipeline_config.raw_inference.completed_at-2026-09-27T13_26_07.252261_00_00,1,12.854455751754102,12.854455751754102,12.854455751754102,1
chronos_bolt__model_config.context_length-2048__pipeline_config.raw_inference.completed_at-2026-09-26T15_45_20.089987_00_00,1,21.203534125214286,21.203534125214286,21.203534125214286,1
chronos_bolt__model_config.context_length-256__pipeline_config.raw_inference.completed_at-2026-09-27T13_25_11.838564_00_00,1,14.475659027351885,14.475659027351885,14.475659027351885,1
chronos_bolt__model_config.context_length-512__pipeline_config.raw_inference.completed_at-2026-09-27T13_22_10.987546_00_00,1,15.927636778655362,15.927636778655362,15.927636778655362,1
chronos_bolt__model_config.context_length-1024__pipeline_config.raw_inference.completed_at-2026-09-27T13_18_35.241380_00_00,1,45.7818015282278,45.7818015282278,45.7818015282278,1
chronos_bolt__model_config.context_length-128__pipeline_config.raw_inference.completed_at-2026-09-27T13_26_04.830348_00_00,1,42.639708100206406,42.639708100206406,42.639708100206406,1
chronos_bolt__model_config.context_length-2048__pipeline_config.raw_inference.completed_at-2026-09-26T15_45_14.194522_00_00,1,46.897413210948336,46.897413210948336,46.897413210948336,1
chronos_bolt__model_config.context_length-256__pipeline_config.raw_inference.completed_at-2026-09-27T13_25_09.260410_00_00,1,45.19329712299549,45.19329712299549,45.19329712299549,1
chronos_bolt__model_config.context_length-512__pipeline_config.raw_inference.completed_at-2026-09-27T13_22_08.152048_00_00,1,45.535052628330675,45.535052628330675,45.535052628330675,1
ts_icl__model_config.context_length-1024__pipeline_config.raw_inference.completed_at-2026-09-27T13_52_40.354982_00_00,1,19.12121666429385,19.12121666429385,19.12121666429385,1
ts_icl__model_config.context_length-2048__pipeline_config.raw_inference.completed_at-2026-09-27T13_52_57.122306_00_00,1,23.998161069837963,23.998161069837963,23.998161069837963,1
ts_icl__model_config.context_length-256__pipeline_config.raw_inference.completed_at-2026-09-27T15_03_32.515774_00_00,1,10.713570228127134,10.713570228127134,10.713570228127134,1
ts_icl__model_config.context_length-4096__pipeline_config.raw_inference.completed_at-2026-09-26T15_50_56.336626_00_00,1,23.449280333826007,23.449280333826007,23.449280333826007,1
ts_icl__model_config.context_length-512__pipeline_config.raw_inference.completed_at-2026-09-27T13_54_21.049096_00_00,1,14.632118156943786,14.632118156943786,14.632118156943786,1
ts_icl__model_config.context_length-1024__pipeline_config.raw_inference.completed_at-2026-09-27T13_52_38.922769_00_00,1,22.13825513097527,22.13825513097527,22.13825513097527,1
ts_icl__model_config.context_length-2048__pipeline_config.raw_inference.completed_at-2026-09-27T13_52_54.957751_00_00,1,23.829287434283366,23.829287434283366,23.829287434283366,1
ts_icl__model_config.context_length-256__pipeline_config.raw_inference.completed_at-2026-09-27T15_03_31.450034_00_00,1,14.838893550849164,14.838893550849164,14.838893550849164,1
ts_icl__model_config.context_length-4096__pipeline_config.raw_inference.completed_at-2026-09-26T15_50_51.004427_00_00,1,23.675307451964443,23.675307451964443,23.675307451964443,1
ts_icl__model_config.context_length-512__pipeline_config.raw_inference.completed_at-2026-09-27T13_54_19.900358_00_00,1,18.81099099775151,18.81099099775151,18.81099099775151,1
ts_icl__model_config.context_length-1024__pipeline_config.raw_inference.completed_at-2026-09-27T13_52_35.379909_00_00,1,47.146723691964475,47.146723691964475,47.146723691964475,1
ts_icl__model_config.context_length-2048__pipeline_config.raw_inference.completed_at-2026-09-27T13_52_49.263825_00_00,1,47.58961648821251,47.58961648821251,47.58961648821251,1
ts_icl__model_config.context_length-256__pipeline_config.raw_inference.completed_at-2026-09-27T15_03_28.987392_00_00,1,45.44622152772162,45.44622152772162,45.44622152772162,1
ts_icl__model_config.context_length-4096__pipeline_config.raw_inference.completed_at-2026-09-26T15_50_36.202883_00_00,1,47.615228345579006,47.615228345579006,47.615228345579006,1
ts_icl__model_config.context_length-512__pipeline_config.raw_inference.completed_at-2026-09-27T13_54_17.128426_00_00,1,46.46548940895763,46.46548940895763,46.46548940895763,1
chronos2__model_config.context_length-1024__pipeline_config.raw_inference.completed_at-2026-09-27T13_44_50.805053_00_00,1,17.932992476086753,17.932992476086753,17.932992476086753,1
chronos2__model_config.context_length-2048__pipeline_config.raw_inference.completed_at-2026-09-27T13_40_19.540966_00_00,1,21.061526816658837,21.061526816658837,21.061526816658837,1
chronos2__model_config.context_length-4096__pipeline_config.raw_inference.completed_at-2026-09-27T13_40_33.786098_00_00,1,22.074837434274563,22.074837434274563,22.074837434274563,1
chronos2__model_config.context_length-512__pipeline_config.raw_inference.completed_at-2026-09-27T13_46_19.500115_00_00,1,14.084218746171906,14.084218746171906,14.084218746171906,1
chronos2__model_config.context_length-8192__pipeline_config.raw_inference.completed_at-2026-09-26T15_46_47.354798_00_00,1,21.812920569642447,21.812920569642447,21.812920569642447,1
chronos2__model_config.context_length-1024__pipeline_config.raw_inference.completed_at-2026-09-27T13_44_48.880343_00_00,1,26.10553517538593,26.10553517538593,26.10553517538593,1
chronos2__model_config.context_length-2048__pipeline_config.raw_inference.completed_at-2026-09-27T13_40_17.141749_00_00,1,28.145181008693253,28.145181008693253,28.145181008693253,1
chronos2__model_config.context_length-4096__pipeline_config.raw_inference.completed_at-2026-09-27T13_40_30.519117_00_00,1,28.46426394422894,28.46426394422894,28.46426394422894,1
chronos2__model_config.context_length-512__pipeline_config.raw_inference.completed_at-2026-09-27T13_46_17.796925_00_00,1,22.008078498142293,22.008078498142293,22.008078498142293,1
chronos2__model_config.context_length-8192__pipeline_config.raw_inference.completed_at-2026-09-26T15_46_42.608244_00_00,1,28.287023008399327,28.287023008399327,28.287023008399327,1
chronos2__model_config.context_length-1024__pipeline_config.raw_inference.completed_at-2026-09-27T13_44_41.161754_00_00,1,52.694288109629724,52.694288109629724,52.694288109629724,1
chronos2__model_config.context_length-2048__pipeline_config.raw_inference.completed_at-2026-09-27T13_40_07.918652_00_00,1,53.52597847665502,53.52597847665502,53.52597847665502,1
chronos2__model_config.context_length-4096__pipeline_config.raw_inference.completed_at-2026-09-27T13_40_18.645641_00_00,1,53.66671761654198,53.66671761654198,53.66671761654198,1
chronos2__model_config.context_length-512__pipeline_config.raw_inference.completed_at-2026-09-27T13_46_10.823523_00_00,1,50.75157483651862,50.75157483651862,50.75157483651862,1
chronos2__model_config.context_length-8192__pipeline_config.raw_inference.completed_at-2026-09-26T15_46_27.114547_00_00,1,53.46223143282416,53.46223143282416,53.46223143282416,1
chronos_bolt__model_config.context_length-1024__pipeline_config.raw_inference.completed_at-2026-09-27T13_19_47.893157_00_00,1,-4.262344371154647,-4.262344371154647,-4.262344371154647,1
chronos_bolt__model_config.context_length-128__pipeline_config.raw_inference.completed_at-2026-09-27T13_26_57.646348_00_00,1,-19.841700291904974,-19.841700291904974,-19.841700291904974,1
chronos_bolt__model_config.context_length-2048__pipeline_config.raw_inference.completed_at-2026-09-26T15_47_00.563033_00_00,1,-3.1794349864625593,-3.1794349864625593,-3.1794349864625593,1
chronos_bolt__model_config.context_length-256__pipeline_config.raw_inference.completed_at-2026-09-27T13_26_03.771179_00_00,1,-13.309036147187658,-13.309036147187658,-13.309036147187658,1
chronos_bolt__model_config.context_length-512__pipeline_config.raw_inference.completed_at-2026-09-27T13_23_06.564491_00_00,1,-8.28663005445549,-8.28663005445549,-8.28663005445549,1
chronos_bolt__model_config.context_length-1024__pipeline_config.raw_inference.completed_at-2026-09-27T13_19_34.588333_00_00,1,-10.680210209844244,-10.680210209844244,-10.680210209844244,1
chronos_bolt__model_config.context_length-128__pipeline_config.raw_inference.completed_at-2026-09-27T13_26_51.626198_00_00,1,-33.96399039656559,-33.96399039656559,-33.96399039656559,1
chronos_bolt__model_config.context_length-2048__pipeline_config.raw_inference.completed_at-2026-09-26T15_46_36.440621_00_00,1,-8.522530594080235,-8.522530594080235,-8.522530594080235,1
chronos_bolt__model_config.context_length-256__pipeline_config.raw_inference.completed_at-2026-09-27T13_25_56.990356_00_00,1,-22.40003953190042,-22.40003953190042,-22.40003953190042,1
chronos_bolt__model_config.context_length-512__pipeline_config.raw_inference.completed_at-2026-09-27T13_22_57.596089_00_00,1,-17.142237436841555,-17.142237436841555,-17.142237436841555,1
chronos_bolt__model_config.context_length-1024__pipeline_config.raw_inference.completed_at-2026-09-27T13_19_14.921458_00_00,1,41.256513067408505,41.256513067408505,41.256513067408505,1
chronos_bolt__model_config.context_length-128__pipeline_config.raw_inference.completed_at-2026-09-27T13_26_39.371682_00_00,1,33.46984969916318,33.46984969916318,33.46984969916318,1
chronos_bolt__model_config.context_length-2048__pipeline_config.raw_inference.completed_at-2026-09-26T15_46_05.176927_00_00,1,42.704683948875875,42.704683948875875,42.704683948875875,1
chronos_bolt__model_config.context_length-256__pipeline_config.raw_inference.completed_at-2026-09-27T13_25_43.743688_00_00,1,37.351766463375945,37.351766463375945,37.351766463375945,1
chronos_bolt__model_config.context_length-512__pipeline_config.raw_inference.completed_at-2026-09-27T13_22_43.266223_00_00,1,38.93762882701225,38.93762882701225,38.93762882701225,1
ts_icl__model_config.context_length-1024__pipeline_config.raw_inference.completed_at-2026-09-27T13_54_16.441814_00_00,1,9.459740657860783,9.459740657860783,9.459740657860783,1
ts_icl__model_config.context_length-2048__pipeline_config.raw_inference.completed_at-2026-09-27T13_56_30.590163_00_00,1,14.370580697733148,14.370580697733148,14.370580697733148,1
ts_icl__model_config.context_length-256__pipeline_config.raw_inference.completed_at-2026-09-27T15_04_21.673308_00_00,1,-7.690851909758445,-7.690851909758445,-7.690851909758445,1
ts_icl__model_config.context_length-4096__pipeline_config.raw_inference.completed_at-2026-09-26T16_01_01.534693_00_00,1,15.9723876311195,15.9723876311195,15.9723876311195,1
ts_icl__model_config.context_length-512__pipeline_config.raw_inference.completed_at-2026-09-27T13_55_20.817226_00_00,1,3.3555344280027377,3.3555344280027377,3.3555344280027377,1
ts_icl__model_config.context_length-1024__pipeline_config.raw_inference.completed_at-2026-09-27T13_54_11.375534_00_00,1,17.504082285796574,17.504082285796574,17.504082285796574,1
ts_icl__model_config.context_length-2048__pipeline_config.raw_inference.completed_at-2026-09-27T13_56_21.049751_00_00,1,19.294237531577473,19.294237531577473,19.294237531577473,1
ts_icl__model_config.context_length-256__pipeline_config.raw_inference.completed_at-2026-09-27T15_04_18.575378_00_00,1,4.399189754820954,4.399189754820954,4.399189754820954,1
ts_icl__model_config.context_length-4096__pipeline_config.raw_inference.completed_at-2026-09-26T16_00_36.082241_00_00,1,20.086770377870845,20.086770377870845,20.086770377870845,1
ts_icl__model_config.context_length-512__pipeline_config.raw_inference.completed_at-2026-09-27T13_55_17.123540_00_00,1,13.190417027336776,13.190417027336776,13.190417027336776,1
ts_icl__model_config.context_length-1024__pipeline_config.raw_inference.completed_at-2026-09-27T13_53_54.905508_00_00,1,47.89744341085408,47.89744341085408,47.89744341085408,1
ts_icl__model_config.context_length-2048__pipeline_config.raw_inference.completed_at-2026-09-27T13_55_52.192369_00_00,1,48.432508965720686,48.432508965720686,48.432508965720686,1
ts_icl__model_config.context_length-256__pipeline_config.raw_inference.completed_at-2026-09-27T15_04_07.997747_00_00,1,45.82491027682154,45.82491027682154,45.82491027682154,1
ts_icl__model_config.context_length-4096__pipeline_config.raw_inference.completed_at-2026-09-26T15_59_21.915743_00_00,1,48.626832417547895,48.626832417547895,48.626832417547895,1
ts_icl__model_config.context_length-512__pipeline_config.raw_inference.completed_at-2026-09-27T13_55_04.905668_00_00,1,47.13886701619712,47.13886701619712,47.13886701619712,1
chronos2__model_config.context_length-1024__pipeline_config.raw_inference.completed_at-2026-09-27T13_43_46.334604_00_00,1,25.600299025769136,25.600299025769136,25.600299025769136,1
chronos2__model_config.context_length-2048__pipeline_config.raw_inference.completed_at-2026-09-27T13_38_53.544091_00_00,1,29.560491885096376,29.560491885096376,29.560491885096376,1
chronos2__model_config.context_length-4096__pipeline_config.raw_inference.completed_at-2026-09-27T13_38_33.409222_00_00,1,25.996447017079895,25.996447017079895,25.996447017079895,1
chronos2__model_config.context_length-512__pipeline_config.raw_inference.completed_at-2026-09-27T13_45_25.499315_00_00,1,0.24668176106033002,0.24668176106033002,0.24668176106033002,1
chronos2__model_config.context_length-8192__pipeline_config.raw_inference.completed_at-2026-09-26T15_43_57.943761_00_00,1,22.228715936452392,22.228715936452392,22.228715936452392,1
chronos2__model_config.context_length-1024__pipeline_config.raw_inference.completed_at-2026-09-27T13_43_45.940943_00_00,1,32.40450881108335,32.40450881108335,32.40450881108335,1
chronos2__model_config.context_length-2048__pipeline_config.raw_inference.completed_at-2026-09-27T13_38_53.142138_00_00,1,35.951713367929415,35.951713367929415,35.951713367929415,1
chronos2__model_config.context_length-4096__pipeline_config.raw_inference.completed_at-2026-09-27T13_38_32.966978_00_00,1,35.498972683211605,35.498972683211605,35.498972683211605,1
chronos2__model_config.context_length-512__pipeline_config.raw_inference.completed_at-2026-09-27T13_45_25.113520_00_00,1,20.41134216535676,20.41134216535676,20.41134216535676,1
chronos2__model_config.context_length-8192__pipeline_config.raw_inference.completed_at-2026-09-26T15_43_57.424005_00_00,1,35.35081797464228,35.35081797464228,35.35081797464228,1
chronos2__model_config.context_length-1024__pipeline_config.raw_inference.completed_at-2026-09-27T13_43_45.309685_00_00,1,58.87116812412659,58.87116812412659,58.87116812412659,1
chronos2__model_config.context_length-2048__pipeline_config.raw_inference.completed_at-2026-09-27T13_38_52.454982_00_00,1,59.19042461211143,59.19042461211143,59.19042461211143,1
chronos2__model_config.context_length-4096__pipeline_config.raw_inference.completed_at-2026-09-27T13_38_32.186996_00_00,1,59.38179235240981,59.38179235240981,59.38179235240981,1
chronos2__model_config.context_length-512__pipeline_config.raw_inference.completed_at-2026-09-27T13_45_24.499901_00_00,1,56.63118669644014,56.63118669644015,56.63118669644014,1
chronos2__model_config.context_length-8192__pipeline_config.raw_inference.completed_at-2026-09-26T15_43_56.445281_00_00,1,59.28945199331401,59.28945199331401,59.28945199331401,1
chronos_bolt__model_config.context_length-1024__pipeline_config.raw_inference.completed_at-2026-09-27T13_17_40.627817_00_00,1,-1.460237616333293,-1.460237616333293,-1.460237616333293,1
chronos_bolt__model_config.context_length-128__pipeline_config.raw_inference.completed_at-2026-09-27T13_25_22.785931_00_00,1,-30.583783920534756,-30.583783920534756,-30.583783920534756,1
chronos_bolt__model_config.context_length-2048__pipeline_config.raw_inference.completed_at-2026-09-26T15_44_01.047999_00_00,1,2.401462306271207,2.401462306271207,2.401462306271207,1
chronos_bolt__model_config.context_length-256__pipeline_config.raw_inference.completed_at-2026-09-27T13_24_25.540417_00_00,1,-52.58180168175921,-52.58180168175921,-52.58180168175921,1
chronos_bolt__model_config.context_length-512__pipeline_config.raw_inference.completed_at-2026-09-27T13_21_19.120465_00_00,1,2.0684509153878983,2.0684509153878983,2.0684509153878983,1
chronos_bolt__model_config.context_length-1024__pipeline_config.raw_inference.completed_at-2026-09-27T13_17_38.038337_00_00,1,17.191239223743093,17.191239223743093,17.191239223743093,1
chronos_bolt__model_config.context_length-128__pipeline_config.raw_inference.completed_at-2026-09-27T13_25_21.542663_00_00,1,-12.635765992786197,-12.635765992786197,-12.635765992786197,1
chronos_bolt__model_config.context_length-2048__pipeline_config.raw_inference.completed_at-2026-09-26T15_43_57.504418_00_00,1,19.58418271163832,19.58418271163832,19.58418271163832,1
chronos_bolt__model_config.context_length-256__pipeline_config.raw_inference.completed_at-2026-09-27T13_24_24.116643_00_00,1,-20.034541994424227,-20.034541994424227,-20.034541994424227,1
chronos_bolt__model_config.context_length-512__pipeline_config.raw_inference.completed_at-2026-09-27T13_21_17.343737_00_00,1,22.890278711131895,22.890278711131895,22.890278711131895,1
chronos_bolt__model_config.context_length-1024__pipeline_config.raw_inference.completed_at-2026-09-27T13_17_35.774010_00_00,1,52.32831513157996,52.32831513157996,52.32831513157996,1
chronos_bolt__model_config.context_length-128__pipeline_config.raw_inference.completed_at-2026-09-27T13_25_20.410567_00_00,1,45.394065721976915,45.394065721976915,45.394065721976915,1
chronos_bolt__model_config.context_length-2048__pipeline_config.raw_inference.completed_at-2026-09-26T15_43_53.773511_00_00,1,52.6697796701098,52.6697796701098,52.6697796701098,1
chronos_bolt__model_config.context_length-256__pipeline_config.raw_inference.completed_at-2026-09-27T13_24_22.865912_00_00,1,46.73209291031437,46.73209291031437,46.73209291031437,1
chronos_bolt__model_config.context_length-512__pipeline_config.raw_inference.completed_at-2026-09-27T13_21_15.748779_00_00,1,50.53069903568568,50.53069903568568,50.53069903568568,1
ts_icl__model_config.context_length-1024__pipeline_config.raw_inference.completed_at-2026-09-27T13_51_37.296363_00_00,1,1.8734448754056943,1.8734448754056943,1.8734448754056943,1
ts_icl__model_config.context_length-2048__pipeline_config.raw_inference.completed_at-2026-09-27T13_50_50.839634_00_00,1,-3.1593538077430816,-3.1593538077430816,-3.1593538077430816,1
ts_icl__model_config.context_length-256__pipeline_config.raw_inference.completed_at-2026-09-27T15_02_55.549559_00_00,1,-33.12524379004351,-33.12524379004351,-33.12524379004351,1
ts_icl__model_config.context_length-4096__pipeline_config.raw_inference.completed_at-2026-09-26T15_45_28.747308_00_00,1,-0.12219673106490525,-0.12219673106490525,-0.12219673106490525,1
ts_icl__model_config.context_length-512__pipeline_config.raw_inference.completed_at-2026-09-27T13_53_36.996353_00_00,1,-7.809748421488805,-7.809748421488805,-7.809748421488805,1
ts_icl__model_config.context_length-1024__pipeline_config.raw_inference.completed_at-2026-09-27T13_51_36.473954_00_00,1,29.276672004248073,29.276672004248073,29.276672004248073,1
ts_icl__model_config.context_length-2048__pipeline_config.raw_inference.completed_at-2026-09-27T13_50_49.725347_00_00,1,27.065384030449813,27.065384030449813,27.065384030449813,1
ts_icl__model_config.context_length-256__pipeline_config.raw_inference.completed_at-2026-09-27T15_02_54.884913_00_00,1,-27.430380910804587,-27.430380910804587,-27.430380910804587,1
ts_icl__model_config.context_length-4096__pipeline_config.raw_inference.completed_at-2026-09-26T15_45_26.670824_00_00,1,29.238421412597326,29.238421412597326,29.238421412597326,1
ts_icl__model_config.context_length-512__pipeline_config.raw_inference.completed_at-2026-09-27T13_53_36.249867_00_00,1,21.54334015374633,21.54334015374633,21.54334015374633,1
ts_icl__model_config.context_length-1024__pipeline_config.raw_inference.completed_at-2026-09-27T13_51_35.244288_00_00,1,55.36494984527176,55.36494984527176,55.36494984527176,1
ts_icl__model_config.context_length-2048__pipeline_config.raw_inference.completed_at-2026-09-27T13_50_48.068176_00_00,1,55.07587583735551,55.07587583735551,55.07587583735551,1
ts_icl__model_config.context_length-256__pipeline_config.raw_inference.completed_at-2026-09-27T15_02_53.859720_00_00,1,51.69253042103151,51.69253042103151,51.69253042103151,1
ts_icl__model_config.context_length-4096__pipeline_config.raw_inference.completed_at-2026-09-26T15_45_23.572457_00_00,1,55.33595674831506,55.33595674831506,55.33595674831506,1
ts_icl__model_config.context_length-512__pipeline_config.raw_inference.completed_at-2026-09-27T13_53_35.180863_00_00,1,54.36170690903883,54.36170690903883,54.36170690903883,1
chronos2__model_config.context_length-1024__pipeline_config.raw_inference.completed_at-2026-09-27T13_45_05.494612_00_00,1,28.126002607191335,28.126002607191335,28.126002607191335,1
chronos2__model_config.context_length-2048__pipeline_config.raw_inference.completed_at-2026-09-27T13_40_36.547939_00_00,1,30.756968354031176,30.756968354031176,30.756968354031176,1
chronos2__model_config.context_length-4096__pipeline_config.raw_inference.completed_at-2026-09-27T13_40_53.681222_00_00,1,31.64683118541842,31.64683118541842,31.64683118541842,1
chronos2__model_config.context_length-512__pipeline_config.raw_inference.completed_at-2026-09-27T13_46_32.692875_00_00,1,24.70526781706619,24.70526781706619,24.70526781706619,1
chronos2__model_config.context_length-8192__pipeline_config.raw_inference.completed_at-2026-09-26T15_47_08.231485_00_00,1,31.59339537723157,31.59339537723157,31.59339537723157,1
chronos2__model_config.context_length-1024__pipeline_config.raw_inference.completed_at-2026-09-27T13_45_04.733257_00_00,1,35.744736200934234,35.744736200934234,35.744736200934234,1
chronos2__model_config.context_length-2048__pipeline_config.raw_inference.completed_at-2026-09-27T13_40_35.645367_00_00,1,37.58965395401861,37.58965395401861,37.58965395401861,1
chronos2__model_config.context_length-4096__pipeline_config.raw_inference.completed_at-2026-09-27T13_40_52.552180_00_00,1,37.76566788004947,37.76566788004947,37.76566788004947,1
chronos2__model_config.context_length-512__pipeline_config.raw_inference.completed_at-2026-09-27T13_46_31.992764_00_00,1,32.38558688227088,32.38558688227088,32.38558688227088,1
chronos2__model_config.context_length-8192__pipeline_config.raw_inference.completed_at-2026-09-26T15_47_07.012752_00_00,1,37.76658040204153,37.76658040204153,37.76658040204153,1
chronos2__model_config.context_length-1024__pipeline_config.raw_inference.completed_at-2026-09-27T13_45_03.061855_00_00,1,33.06909706442539,33.06909706442539,33.06909706442539,1
chronos2__model_config.context_length-2048__pipeline_config.raw_inference.completed_at-2026-09-27T13_40_33.686433_00_00,1,33.438790382510874,33.438790382510874,33.438790382510874,1
chronos2__model_config.context_length-4096__pipeline_config.raw_inference.completed_at-2026-09-27T13_40_50.125850_00_00,1,33.44594464015012,33.44594464015012,33.44594464015012,1
chronos2__model_config.context_length-512__pipeline_config.raw_inference.completed_at-2026-09-27T13_46_30.455490_00_00,1,31.851326188266825,31.851326188266825,31.851326188266825,1
chronos2__model_config.context_length-8192__pipeline_config.raw_inference.completed_at-2026-09-26T15_47_04.422482_00_00,1,33.37662007671213,33.37662007671213,33.37662007671213,1
chronos_bolt__model_config.context_length-1024__pipeline_config.raw_inference.completed_at-2026-09-27T13_20_15.337330_00_00,1,17.79023493190175,17.79023493190175,17.79023493190175,1
chronos_bolt__model_config.context_length-128__pipeline_config.raw_inference.completed_at-2026-09-27T13_27_17.600676_00_00,1,6.1503593473236196,6.1503593473236196,6.1503593473236196,1
chronos_bolt__model_config.context_length-2048__pipeline_config.raw_inference.completed_at-2026-09-26T15_47_38.827413_00_00,1,17.763745563410705,17.763745563410705,17.763745563410705,1
chronos_bolt__model_config.context_length-256__pipeline_config.raw_inference.completed_at-2026-09-27T13_26_25.277428_00_00,1,10.258127795694227,10.258127795694227,10.258127795694227,1
chronos_bolt__model_config.context_length-512__pipeline_config.raw_inference.completed_at-2026-09-27T13_23_29.169501_00_00,1,14.697478392053098,14.697478392053098,14.697478392053098,1
chronos_bolt__model_config.context_length-1024__pipeline_config.raw_inference.completed_at-2026-09-27T13_20_08.190859_00_00,1,18.936974154441756,18.936974154441756,18.936974154441756,1
chronos_bolt__model_config.context_length-128__pipeline_config.raw_inference.completed_at-2026-09-27T13_27_14.694172_00_00,1,-0.2923642060047138,-0.2923642060047138,-0.2923642060047138,1
chronos_bolt__model_config.context_length-2048__pipeline_config.raw_inference.completed_at-2026-09-26T15_47_26.753659_00_00,1,19.537652274356464,19.537652274356464,19.537652274356464,1
chronos_bolt__model_config.context_length-256__pipeline_config.raw_inference.completed_at-2026-09-27T13_26_21.971641_00_00,1,8.659141771585189,8.659141771585189,8.659141771585189,1
chronos_bolt__model_config.context_length-512__pipeline_config.raw_inference.completed_at-2026-09-27T13_23_24.554284_00_00,1,15.916850192054833,15.916850192054833,15.916850192054833,1
chronos_bolt__model_config.context_length-1024__pipeline_config.raw_inference.completed_at-2026-09-27T13_20_01.926054_00_00,1,19.87766328765034,19.87766328765034,19.87766328765034,1
chronos_bolt__model_config.context_length-128__pipeline_config.raw_inference.completed_at-2026-09-27T13_27_11.434711_00_00,1,2.136216153050108,2.136216153050108,2.136216153050108,1
chronos_bolt__model_config.context_length-2048__pipeline_config.raw_inference.completed_at-2026-09-26T15_47_15.799291_00_00,1,19.892585025691535,19.892585025691535,19.892585025691535,1
chronos_bolt__model_config.context_length-256__pipeline_config.raw_inference.completed_at-2026-09-27T13_26_18.384842_00_00,1,10.084323819954989,10.084323819954989,10.084323819954989,1
chronos_bolt__model_config.context_length-512__pipeline_config.raw_inference.completed_at-2026-09-27T13_23_20.154925_00_00,1,17.25726124213066,17.25726124213066,17.25726124213066,1
ts_icl__model_config.context_length-1024__pipeline_config.raw_inference.completed_at-2026-09-27T13_54_39.801178_00_00,1,31.51796505346264,31.51796505346264,31.51796505346264,1
ts_icl__model_config.context_length-2048__pipeline_config.raw_inference.completed_at-2026-09-27T13_57_30.539070_00_00,1,32.613942404583796,32.613942404583796,32.613942404583796,1
ts_icl__model_config.context_length-256__pipeline_config.raw_inference.completed_at-2026-09-27T15_04_36.015761_00_00,1,13.776123090743775,13.776123090743775,13.776123090743775,1
ts_icl__model_config.context_length-4096__pipeline_config.raw_inference.completed_at-2026-09-26T16_03_00.356111_00_00,1,32.45816136524525,32.45816136524525,32.45816136524525,1
ts_icl__model_config.context_length-512__pipeline_config.raw_inference.completed_at-2026-09-27T13_55_37.897978_00_00,1,26.43370014918267,26.43370014918267,26.43370014918267,1
ts_icl__model_config.context_length-1024__pipeline_config.raw_inference.completed_at-2026-09-27T13_54_37.829211_00_00,1,35.800045282675796,35.800045282675796,35.800045282675796,1
ts_icl__model_config.context_length-2048__pipeline_config.raw_inference.completed_at-2026-09-27T13_57_26.141174_00_00,1,36.5063529975717,36.5063529975717,36.5063529975717,1
ts_icl__model_config.context_length-256__pipeline_config.raw_inference.completed_at-2026-09-27T15_04_34.647841_00_00,1,22.412849472224217,22.412849472224217,22.412849472224217,1
ts_icl__model_config.context_length-4096__pipeline_config.raw_inference.completed_at-2026-09-26T16_02_53.134787_00_00,1,36.420363623270255,36.420363623270255,36.420363623270255,1
ts_icl__model_config.context_length-512__pipeline_config.raw_inference.completed_at-2026-09-27T13_55_36.375462_00_00,1,31.810603979793207,31.810603979793207,31.810603979793207,1
ts_icl__model_config.context_length-1024__pipeline_config.raw_inference.completed_at-2026-09-27T13_54_34.138467_00_00,1,29.40598534348323,29.40598534348323,29.40598534348323,1
ts_icl__model_config.context_length-2048__pipeline_config.raw_inference.completed_at-2026-09-27T13_57_17.900193_00_00,1,29.118257521634916,29.118257521634916,29.118257521634916,1
ts_icl__model_config.context_length-256__pipeline_config.raw_inference.completed_at-2026-09-27T15_04_32.137191_00_00,1,25.487193838840295,25.487193838840295,25.487193838840295,1
ts_icl__model_config.context_length-4096__pipeline_config.raw_inference.completed_at-2026-09-26T16_02_39.022288_00_00,1,28.986814343527122,28.986814343527122,28.986814343527122,1
ts_icl__model_config.context_length-512__pipeline_config.raw_inference.completed_at-2026-09-27T13_55_33.551552_00_00,1,28.65187152941352,28.65187152941352,28.65187152941352,1
chronos2__model_config.context_length-1024__pipeline_config.raw_inference.completed_at-2026-09-27T13_47_28.157472_00_00,1,29.197914962186555,29.197914962186555,29.197914962186555,1
chronos2__model_config.context_length-2048__pipeline_config.raw_inference.completed_at-2026-09-27T13_43_11.493224_00_00,1,28.880687505943005,28.880687505943005,28.880687505943005,1
chronos2__model_config.context_length-4096__pipeline_config.raw_inference.completed_at-2026-09-27T13_43_48.987284_00_00,1,29.213252343082697,29.213252343082697,29.213252343082697,1
chronos2__model_config.context_length-512__pipeline_config.raw_inference.completed_at-2026-09-27T13_48_51.539847_00_00,1,29.885884472221836,29.885884472221836,29.885884472221836,1
chronos2__model_config.context_length-8192__pipeline_config.raw_inference.completed_at-2026-09-26T15_50_38.490692_00_00,1,29.870494380823242,29.870494380823242,29.870494380823242,1
chronos2__model_config.context_length-1024__pipeline_config.raw_inference.completed_at-2026-09-27T13_47_27.694130_00_00,1,34.34260984033687,34.34260984033687,34.34260984033687,1
chronos2__model_config.context_length-2048__pipeline_config.raw_inference.completed_at-2026-09-27T13_43_10.992727_00_00,1,34.587115849322394,34.587115849322394,34.587115849322394,1
chronos2__model_config.context_length-4096__pipeline_config.raw_inference.completed_at-2026-09-27T13_43_48.408391_00_00,1,34.955823097502744,34.955823097502744,34.955823097502744,1
chronos2__model_config.context_length-512__pipeline_config.raw_inference.completed_at-2026-09-27T13_48_51.074588_00_00,1,32.337218679071825,32.337218679071825,32.337218679071825,1
chronos2__model_config.context_length-8192__pipeline_config.raw_inference.completed_at-2026-09-26T15_50_37.744630_00_00,1,35.08221611195593,35.08221611195593,35.08221611195593,1
chronos2__model_config.context_length-1024__pipeline_config.raw_inference.completed_at-2026-09-27T13_47_26.989557_00_00,1,31.80086876081656,31.80086876081656,31.80086876081656,1
chronos2__model_config.context_length-2048__pipeline_config.raw_inference.completed_at-2026-09-27T13_43_10.204461_00_00,1,32.485874189650254,32.485874189650254,32.485874189650254,1
chronos2__model_config.context_length-4096__pipeline_config.raw_inference.completed_at-2026-09-27T13_43_47.455517_00_00,1,33.112142200232455,33.112142200232455,33.112142200232455,1
chronos2__model_config.context_length-512__pipeline_config.raw_inference.completed_at-2026-09-27T13_48_50.370656_00_00,1,30.38826616566398,30.38826616566398,30.38826616566398,1
chronos2__model_config.context_length-8192__pipeline_config.raw_inference.completed_at-2026-09-26T15_50_36.390851_00_00,1,32.92877228324965,32.92877228324965,32.92877228324965,1
chronos_bolt__model_config.context_length-1024__pipeline_config.raw_inference.completed_at-2026-09-27T13_23_40.570065_00_00,1,26.661945014929746,26.661945014929746,26.661945014929746,1
chronos_bolt__model_config.context_length-128__pipeline_config.raw_inference.completed_at-2026-09-27T13_30_07.192986_00_00,1,18.81813359489337,18.81813359489337,18.81813359489337,1
chronos_bolt__model_config.context_length-2048__pipeline_config.raw_inference.completed_at-2026-09-26T15_51_47.690968_00_00,1,26.352456349076657,26.352456349076657,26.352456349076657,1
chronos_bolt__model_config.context_length-256__pipeline_config.raw_inference.completed_at-2026-09-27T13_29_18.112495_00_00,1,28.39578667162186,28.39578667162186,28.39578667162186,1
chronos_bolt__model_config.context_length-512__pipeline_config.raw_inference.completed_at-2026-09-27T14_59_17.988680_00_00,1,29.17258452160857,29.17258452160857,29.17258452160857,1
chronos_bolt__model_config.context_length-1024__pipeline_config.raw_inference.completed_at-2026-09-27T13_23_39.638763_00_00,1,33.85472517992667,33.85472517992667,33.85472517992667,1
chronos_bolt__model_config.context_length-128__pipeline_config.raw_inference.completed_at-2026-09-27T13_30_06.706228_00_00,1,23.06870412401423,23.06870412401423,23.06870412401423,1
chronos_bolt__model_config.context_length-2048__pipeline_config.raw_inference.completed_at-2026-09-26T15_51_46.085598_00_00,1,32.912629688374096,32.912629688374096,32.912629688374096,1
chronos_bolt__model_config.context_length-256__pipeline_config.raw_inference.completed_at-2026-09-27T13_29_17.577539_00_00,1,32.23468783399275,32.23468783399275,32.23468783399275,1
chronos_bolt__model_config.context_length-512__pipeline_config.raw_inference.completed_at-2026-09-27T14_59_17.335220_00_00,1,34.0934724337831,34.0934724337831,34.0934724337831,1
chronos_bolt__model_config.context_length-1024__pipeline_config.raw_inference.completed_at-2026-09-27T13_23_38.326092_00_00,1,31.583149291969846,31.583149291969846,31.583149291969846,1
chronos_bolt__model_config.context_length-128__pipeline_config.raw_inference.completed_at-2026-09-27T13_30_05.852652_00_00,1,19.197981270380026,19.197981270380026,19.197981270380026,1
chronos_bolt__model_config.context_length-2048__pipeline_config.raw_inference.completed_at-2026-09-26T15_51_43.958774_00_00,1,30.952873578552243,30.952873578552243,30.952873578552243,1
chronos_bolt__model_config.context_length-256__pipeline_config.raw_inference.completed_at-2026-09-27T13_29_16.732366_00_00,1,30.344965705036277,30.344965705036277,30.344965705036277,1
chronos_bolt__model_config.context_length-512__pipeline_config.raw_inference.completed_at-2026-09-27T14_59_16.391012_00_00,1,32.0207677505416,32.0207677505416,32.0207677505416,1
ts_icl__model_config.context_length-1024__pipeline_config.raw_inference.completed_at-2026-09-27T13_57_15.733022_00_00,1,30.101012639928605,30.101012639928605,30.101012639928605,1
ts_icl__model_config.context_length-2048__pipeline_config.raw_inference.completed_at-2026-09-27T14_01_45.750015_00_00,1,29.042490401974607,29.042490401974607,29.042490401974607,1
ts_icl__model_config.context_length-256__pipeline_config.raw_inference.completed_at-2026-09-27T15_06_27.075585_00_00,1,22.861668901750033,22.861668901750033,22.861668901750033,1
ts_icl__model_config.context_length-4096__pipeline_config.raw_inference.completed_at-2026-09-26T16_12_30.492191_00_00,1,29.49454206283979,29.49454206283979,29.49454206283979,1
ts_icl__model_config.context_length-512__pipeline_config.raw_inference.completed_at-2026-09-27T13_57_41.323568_00_00,1,29.023736159106484,29.023736159106484,29.023736159106484,1
ts_icl__model_config.context_length-1024__pipeline_config.raw_inference.completed_at-2026-09-27T13_57_14.897838_00_00,1,35.4767068130539,35.4767068130539,35.4767068130539,1
ts_icl__model_config.context_length-2048__pipeline_config.raw_inference.completed_at-2026-09-27T14_01_44.532523_00_00,1,35.17816959586232,35.17816959586232,35.17816959586232,1
ts_icl__model_config.context_length-256__pipeline_config.raw_inference.completed_at-2026-09-27T15_06_26.415184_00_00,1,28.521084898903194,28.521084898903194,28.521084898903194,1
ts_icl__model_config.context_length-4096__pipeline_config.raw_inference.completed_at-2026-09-26T16_12_28.153615_00_00,1,35.64727536891176,35.64727536891176,35.64727536891176,1
ts_icl__model_config.context_length-512__pipeline_config.raw_inference.completed_at-2026-09-27T13_57_40.622026_00_00,1,34.631941571450234,34.631941571450234,34.631941571450234,1
ts_icl__model_config.context_length-1024__pipeline_config.raw_inference.completed_at-2026-09-27T13_57_13.422400_00_00,1,32.719443652133066,32.719443652133066,32.719443652133066,1
ts_icl__model_config.context_length-2048__pipeline_config.raw_inference.completed_at-2026-09-27T14_01_42.211237_00_00,1,33.03364721268963,33.03364721268963,33.03364721268963,1
ts_icl__model_config.context_length-256__pipeline_config.raw_inference.completed_at-2026-09-27T15_06_25.360014_00_00,1,27.41983674452394,27.41983674452394,27.41983674452394,1
ts_icl__model_config.context_length-4096__pipeline_config.raw_inference.completed_at-2026-09-26T16_12_23.199767_00_00,1,33.00281018913355,33.00281018913355,33.00281018913355,1
ts_icl__model_config.context_length-512__pipeline_config.raw_inference.completed_at-2026-09-27T13_57_39.466380_00_00,1,31.540009012446834,31.540009012446834,31.540009012446834,1
seasonal_naive,98,0.0,0.0,0.0,98
