model,tasks,timed_tasks,total_inference_seconds
chronos2__model_config.context_length-1024__pipeline_config.raw_inference.completed_at-2026-09-27T13_47_17.205991_00_00,1,1,0.03714730404317379
chronos2__model_config.context_length-2048__pipeline_config.raw_inference.completed_at-2026-09-27T13_43_00.015323_00_00,1,1,0.06075688824057579
chronos2__model_config.context_length-4096__pipeline_config.raw_inference.completed_at-2026-09-27T13_43_36.730550_00_00,1,1,0.1230241023004055
chronos2__model_config.context_length-512__pipeline_config.raw_inference.completed_at-2026-09-27T13_48_40.521193_00_00,1,1,0.027842868119478226
chronos2__model_config.context_length-8192__pipeline_config.raw_inference.completed_at-2026-09-26T15_50_24.246215_00_00,1,1,0.21007609739899635
chronos2__model_config.context_length-1024__pipeline_config.raw_inference.completed_at-2026-09-27T13_47_16.845881_00_00,1,1,0.10918907821178436
chronos2__model_config.context_length-2048__pipeline_config.raw_inference.completed_at-2026-09-27T13_42_59.635203_00_00,1,1,0.1660711169242859
chronos2__model_config.context_length-4096__pipeline_config.raw_inference.completed_at-2026-09-27T13_43_36.284415_00_00,1,1,0.2825839724391699
chronos2__model_config.context_length-512__pipeline_config.raw_inference.completed_at-2026-09-27T13_48_40.171380_00_00,1,1,0.08763460256159306
chronos2__model_config.context_length-8192__pipeline_config.raw_inference.completed_at-2026-09-26T15_50_23.714072_00_00,1,1,0.502515560016036
chronos2__model_config.context_length-1024__pipeline_config.raw_inference.completed_at-2026-09-27T13_47_16.337286_00_00,1,1,0.38195967487990856
chronos2__model_config.context_length-2048__pipeline_config.raw_inference.completed_at-2026-09-27T13_42_59.064595_00_00,1,1,0.552669720724225
chronos2__model_config.context_length-4096__pipeline_config.raw_inference.completed_at-2026-09-27T13_43_35.600981_00_00,1,1,0.9132762216031551
chronos2__model_config.context_length-512__pipeline_config.raw_inference.completed_at-2026-09-27T13_48_39.682711_00_00,1,1,0.31362409517169
chronos2__model_config.context_length-8192__pipeline_config.raw_inference.completed_at-2026-09-26T15_50_22.809923_00_00,1,1,1.6244224272668362
chronos_bolt__model_config.context_length-1024__pipeline_config.raw_inference.completed_at-2026-09-27T13_23_28.226958_00_00,1,1,0.47223346680402756
chronos_bolt__model_config.context_length-128__pipeline_config.raw_inference.completed_at-2026-09-27T13_29_54.978478_00_00,1,1,0.200600516051054
chronos_bolt__model_config.context_length-2048__pipeline_config.raw_inference.completed_at-2026-09-26T15_51_33.421927_00_00,1,1,0.8393427040427923
chronos_bolt__model_config.context_length-256__pipeline_config.raw_inference.completed_at-2026-09-27T13_29_06.518215_00_00,1,1,0.23399989306926727
chronos_bolt__model_config.context_length-512__pipeline_config.raw_inference.completed_at-2026-09-27T14_59_06.358241_00_00,1,1,0.30225186608731747
chronos_bolt__model_config.context_length-1024__pipeline_config.raw_inference.completed_at-2026-09-27T13_23_27.642776_00_00,1,1,0.6269263010472059
chronos_bolt__model_config.context_length-128__pipeline_config.raw_inference.completed_at-2026-09-27T13_29_54.666261_00_00,1,1,0.3099177647382021
chronos_bolt__model_config.context_length-2048__pipeline_config.raw_inference.completed_at-2026-09-26T15_51_32.471780_00_00,1,1,1.0969584342092276
chronos_bolt__model_config.context_length-256__pipeline_config.raw_inference.completed_at-2026-09-27T13_29_06.175860_00_00,1,1,0.3530225120484829
chronos_bolt__model_config.context_length-512__pipeline_config.raw_inference.completed_at-2026-09-27T14_59_05.946956_00_00,1,1,0.4130118805915117
chronos_bolt__model_config.context_length-1024__pipeline_config.raw_inference.completed_at-2026-09-27T13_23_26.826863_00_00,1,1,0.5981581080704927
chronos_bolt__model_config.context_length-128__pipeline_config.raw_inference.completed_at-2026-09-27T13_29_54.167867_00_00,1,1,0.5628394819796085
chronos_bolt__model_config.context_length-2048__pipeline_config.raw_inference.completed_at-2026-09-26T15_51_31.186818_00_00,1,1,0.7095697037875652
chronos_bolt__model_config.context_length-256__pipeline_config.raw_inference.completed_at-2026-09-27T13_29_05.637133_00_00,1,1,0.574603158980608
chronos_bolt__model_config.context_length-512__pipeline_config.raw_inference.completed_at-2026-09-27T14_59_05.347414_00_00,1,1,0.5583960190415382
ts_icl__model_config.context_length-1024__pipeline_config.raw_inference.completed_at-2026-09-27T13_57_07.143807_00_00,1,1,0.20702840015292168
ts_icl__model_config.context_length-2048__pipeline_config.raw_inference.completed_at-2026-09-27T14_01_33.329298_00_00,1,1,0.3828835729509592
ts_icl__model_config.context_length-256__pipeline_config.raw_inference.completed_at-2026-09-27T15_06_20.151486_00_00,1,1,0.12215500883758068
ts_icl__model_config.context_length-4096__pipeline_config.raw_inference.completed_at-2026-09-26T16_12_06.332146_00_00,1,1,0.9061672259122133
ts_icl__model_config.context_length-512__pipeline_config.raw_inference.completed_at-2026-09-27T13_57_33.927067_00_00,1,1,0.14575088024139404
ts_icl__model_config.context_length-1024__pipeline_config.raw_inference.completed_at-2026-09-27T13_57_06.473154_00_00,1,1,0.4386454466730356
ts_icl__model_config.context_length-2048__pipeline_config.raw_inference.completed_at-2026-09-27T14_01_32.485696_00_00,1,1,0.8510529045015574
ts_icl__model_config.context_length-256__pipeline_config.raw_inference.completed_at-2026-09-27T15_06_19.584738_00_00,1,1,0.2266568411141634
ts_icl__model_config.context_length-4096__pipeline_config.raw_inference.completed_at-2026-09-26T16_12_04.977334_00_00,1,1,2.1358568239957094
ts_icl__model_config.context_length-512__pipeline_config.raw_inference.completed_at-2026-09-27T13_57_33.334825_00_00,1,1,0.2766559552401304
ts_icl__model_config.context_length-1024__pipeline_config.raw_inference.completed_at-2026-09-27T13_57_05.412136_00_00,1,1,1.276662740856409
ts_icl__model_config.context_length-2048__pipeline_config.raw_inference.completed_at-2026-09-27T14_01_31.003676_00_00,1,1,2.45113986171782
ts_icl__model_config.context_length-256__pipeline_config.raw_inference.completed_at-2026-09-27T15_06_18.732581_00_00,1,1,0.7249487191438675
ts_icl__model_config.context_length-4096__pipeline_config.raw_inference.completed_at-2026-09-26T16_12_02.213610_00_00,1,1,6.231191927567124
ts_icl__model_config.context_length-512__pipeline_config.raw_inference.completed_at-2026-09-27T13_57_32.437488_00_00,1,1,1.0851853117346764
chronos2__model_config.context_length-1024__pipeline_config.raw_inference.completed_at-2026-09-27T13_51_01.590823_00_00,1,1,0.21197184547781944
chronos2__model_config.context_length-2048__pipeline_config.raw_inference.completed_at-2026-09-27T13_46_58.186569_00_00,1,1,0.2127179354429245
chronos2__model_config.context_length-4096__pipeline_config.raw_inference.completed_at-2026-09-27T13_47_57.169859_00_00,1,1,0.2125555593520403
chronos2__model_config.context_length-512__pipeline_config.raw_inference.completed_at-2026-09-27T13_52_23.534985_00_00,1,1,0.22631120681762695
chronos2__model_config.context_length-8192__pipeline_config.raw_inference.completed_at-2026-09-26T15_55_43.778346_00_00,1,1,0.21113148890435696
chronos_bolt__model_config.context_length-1024__pipeline_config.raw_inference.completed_at-2026-09-27T13_28_02.992576_00_00,1,1,0.22666936740279198
chronos_bolt__model_config.context_length-128__pipeline_config.raw_inference.completed_at-2026-09-27T13_34_03.670148_00_00,1,1,0.21550355665385723
chronos_bolt__model_config.context_length-2048__pipeline_config.raw_inference.completed_at-2026-09-26T15_56_47.002109_00_00,1,1,0.2345883771777153
chronos_bolt__model_config.context_length-256__pipeline_config.raw_inference.completed_at-2026-09-27T13_33_17.506148_00_00,1,1,0.21424703672528267
chronos_bolt__model_config.context_length-512__pipeline_config.raw_inference.completed_at-2026-09-27T15_25_11.479394_00_00,1,1,0.22785817831754684
ts_icl__model_config.context_length-1024__pipeline_config.raw_inference.completed_at-2026-09-27T14_00_50.974396_00_00,1,1,0.2348019964993
ts_icl__model_config.context_length-2048__pipeline_config.raw_inference.completed_at-2026-09-27T14_07_42.868359_00_00,1,1,0.2234075516462326
ts_icl__model_config.context_length-256__pipeline_config.raw_inference.completed_at-2026-09-27T15_09_07.151278_00_00,1,1,0.18136981688439846
ts_icl__model_config.context_length-4096__pipeline_config.raw_inference.completed_at-2026-09-26T16_24_17.804507_00_00,1,1,0.22836863808333874
ts_icl__model_config.context_length-512__pipeline_config.raw_inference.completed_at-2026-09-27T14_00_34.249036_00_00,1,1,0.22467910312116146
chronos2__model_config.context_length-1024__pipeline_config.raw_inference.completed_at-2026-09-27T13_45_15.773834_00_00,1,1,0.017802540212869644
chronos2__model_config.context_length-2048__pipeline_config.raw_inference.completed_at-2026-09-27T13_40_47.101961_00_00,1,1,0.02056788094341755
chronos2__model_config.context_length-4096__pipeline_config.raw_inference.completed_at-2026-09-27T13_41_04.346888_00_00,1,1,0.027015743777155876
chronos2__model_config.context_length-512__pipeline_config.raw_inference.completed_at-2026-09-27T13_46_43.024392_00_00,1,1,0.01838514395058155
chronos2__model_config.context_length-8192__pipeline_config.raw_inference.completed_at-2026-09-26T15_47_19.553828_00_00,1,1,0.047206612303853035
chronos2__model_config.context_length-1024__pipeline_config.raw_inference.completed_at-2026-09-27T13_45_15.490597_00_00,1,1,0.03630051948130131
chronos2__model_config.context_length-2048__pipeline_config.raw_inference.completed_at-2026-09-27T13_40_46.817859_00_00,1,1,0.04923380725085735
chronos2__model_config.context_length-4096__pipeline_config.raw_inference.completed_at-2026-09-27T13_41_04.051064_00_00,1,1,0.07559996843338013
chronos2__model_config.context_length-512__pipeline_config.raw_inference.completed_at-2026-09-27T13_46_42.736396_00_00,1,1,0.035428110510110855
chronos2__model_config.context_length-8192__pipeline_config.raw_inference.completed_at-2026-09-26T15_47_19.240511_00_00,1,1,0.147317573428154
chronos2__model_config.context_length-1024__pipeline_config.raw_inference.completed_at-2026-09-27T13_45_15.128052_00_00,1,1,0.4263860434293747
chronos2__model_config.context_length-2048__pipeline_config.raw_inference.completed_at-2026-09-27T13_40_46.441836_00_00,1,1,0.5212013516575098
chronos2__model_config.context_length-4096__pipeline_config.raw_inference.completed_at-2026-09-27T13_41_03.640422_00_00,1,1,0.7632217332720757
chronos2__model_config.context_length-512__pipeline_config.raw_inference.completed_at-2026-09-27T13_46_42.371110_00_00,1,1,0.4285079129040241
chronos2__model_config.context_length-8192__pipeline_config.raw_inference.completed_at-2026-09-26T15_47_18.765098_00_00,1,1,1.3360461238771677
chronos_bolt__model_config.context_length-1024__pipeline_config.raw_inference.completed_at-2026-09-27T13_20_25.733151_00_00,1,1,0.22943622805178165
chronos_bolt__model_config.context_length-128__pipeline_config.raw_inference.completed_at-2026-09-27T13_27_27.803587_00_00,1,1,0.10671943612396717
chronos_bolt__model_config.context_length-2048__pipeline_config.raw_inference.completed_at-2026-09-26T15_47_49.520618_00_00,1,1,0.3947097398340702
chronos_bolt__model_config.context_length-256__pipeline_config.raw_inference.completed_at-2026-09-27T13_26_35.461891_00_00,1,1,0.13178601674735546
chronos_bolt__model_config.context_length-512__pipeline_config.raw_inference.completed_at-2026-09-27T14_56_27.753742_00_00,1,1,0.1499428916722536
chronos_bolt__model_config.context_length-1024__pipeline_config.raw_inference.completed_at-2026-09-27T13_20_25.456689_00_00,1,1,0.19958105124533176
chronos_bolt__model_config.context_length-128__pipeline_config.raw_inference.completed_at-2026-09-27T13_27_27.647454_00_00,1,1,0.10737471282482147
chronos_bolt__model_config.context_length-2048__pipeline_config.raw_inference.completed_at-2026-09-26T15_47_49.077237_00_00,1,1,0.324214955791831
chronos_bolt__model_config.context_length-256__pipeline_config.raw_inference.completed_at-2026-09-27T13_26_35.281254_00_00,1,1,0.1187387965619564
chronos_bolt__model_config.context_length-512__pipeline_config.raw_inference.completed_at-2026-09-27T14_56_27.556609_00_00,1,1,0.1940485592931509
chronos_bolt__model_config.context_length-1024__pipeline_config.raw_inference.completed_at-2026-09-27T13_20_25.150362_00_00,1,1,0.4861730504781008
chronos_bolt__model_config.context_length-128__pipeline_config.raw_inference.completed_at-2026-09-27T13_27_27.432478_00_00,1,1,0.45456872321665287
chronos_bolt__model_config.context_length-2048__pipeline_config.raw_inference.completed_at-2026-09-26T15_47_48.643530_00_00,1,1,0.5634506475180387
chronos_bolt__model_config.context_length-256__pipeline_config.raw_inference.completed_at-2026-09-27T13_26_35.054325_00_00,1,1,0.4559942316263914
chronos_bolt__model_config.context_length-512__pipeline_config.raw_inference.completed_at-2026-09-27T14_56_27.256289_00_00,1,1,0.8046330865472555
ts_icl__model_config.context_length-1024__pipeline_config.raw_inference.completed_at-2026-09-27T13_54_46.354726_00_00,1,1,0.07224429026246071
ts_icl__model_config.context_length-2048__pipeline_config.raw_inference.completed_at-2026-09-27T13_57_39.822988_00_00,1,1,0.11760258488357067
ts_icl__model_config.context_length-256__pipeline_config.raw_inference.completed_at-2026-09-27T15_04_41.997747_00_00,1,1,0.05183950811624527
ts_icl__model_config.context_length-4096__pipeline_config.raw_inference.completed_at-2026-09-26T16_03_12.456172_00_00,1,1,0.2756928838789463
ts_icl__model_config.context_length-512__pipeline_config.raw_inference.completed_at-2026-09-27T13_55_44.073349_00_00,1,1,0.05398154631257057
ts_icl__model_config.context_length-1024__pipeline_config.raw_inference.completed_at-2026-09-27T13_54_45.877226_00_00,1,1,0.15504936128854752
ts_icl__model_config.context_length-2048__pipeline_config.raw_inference.completed_at-2026-09-27T13_57_39.298387_00_00,1,1,0.30241416953504086
ts_icl__model_config.context_length-256__pipeline_config.raw_inference.completed_at-2026-09-27T15_04_41.553733_00_00,1,1,0.08478875644505024
ts_icl__model_config.context_length-4096__pipeline_config.raw_inference.completed_at-2026-09-26T16_03_11.786602_00_00,1,1,0.7321706265211105
ts_icl__model_config.context_length-512__pipeline_config.raw_inference.completed_at-2026-09-27T13_55_43.622371_00_00,1,1,0.1126392874866724
ts_icl__model_config.context_length-1024__pipeline_config.raw_inference.completed_at-2026-09-27T13_54_45.180960_00_00,1,1,1.059083752334118
ts_icl__model_config.context_length-2048__pipeline_config.raw_inference.completed_at-2026-09-27T13_57_38.447851_00_00,1,1,2.3618140444159508
ts_icl__model_config.context_length-256__pipeline_config.raw_inference.completed_at-2026-09-27T15_04_40.928567_00_00,1,1,0.5915303695946932
ts_icl__model_config.context_length-4096__pipeline_config.raw_inference.completed_at-2026-09-26T16_03_10.504315_00_00,1,1,5.848209362477064
ts_icl__model_config.context_length-512__pipeline_config.raw_inference.completed_at-2026-09-27T13_55_42.974367_00_00,1,1,0.7594106271862984
chronos2__model_config.context_length-1024__pipeline_config.raw_inference.completed_at-2026-09-27T13_45_26.123183_00_00,1,1,0.034623883664608
chronos2__model_config.context_length-2048__pipeline_config.raw_inference.completed_at-2026-09-27T13_40_57.491231_00_00,1,1,0.04097121208906174
chronos2__model_config.context_length-4096__pipeline_config.raw_inference.completed_at-2026-09-27T13_41_14.995410_00_00,1,1,0.05799880437552929
chronos2__model_config.context_length-512__pipeline_config.raw_inference.completed_at-2026-09-27T13_46_53.252847_00_00,1,1,0.03483719378709793
chronos2__model_config.context_length-8192__pipeline_config.raw_inference.completed_at-2026-09-26T15_47_30.955919_00_00,1,1,0.10036924481391907
chronos2__model_config.context_length-1024__pipeline_config.raw_inference.completed_at-2026-09-27T13_45_25.812428_00_00,1,1,0.06780277192592621
chronos2__model_config.context_length-2048__pipeline_config.raw_inference.completed_at-2026-09-27T13_40_57.172855_00_00,1,1,0.09066575765609741
chronos2__model_config.context_length-4096__pipeline_config.raw_inference.completed_at-2026-09-27T13_41_14.657867_00_00,1,1,0.14980143308639526
chronos2__model_config.context_length-512__pipeline_config.raw_inference.completed_at-2026-09-27T13_46_52.941171_00_00,1,1,0.06773462146520615
chronos2__model_config.context_length-8192__pipeline_config.raw_inference.completed_at-2026-09-26T15_47_30.579448_00_00,1,1,0.2868414707481861
chronos2__model_config.context_length-1024__pipeline_config.raw_inference.completed_at-2026-09-27T13_45_25.411560_00_00,1,1,0.4551682695746422
chronos2__model_config.context_length-2048__pipeline_config.raw_inference.completed_at-2026-09-27T13_40_56.746644_00_00,1,1,0.525176839902997
chronos2__model_config.context_length-4096__pipeline_config.raw_inference.completed_at-2026-09-27T13_41_14.170307_00_00,1,1,0.763494985178113
chronos2__model_config.context_length-512__pipeline_config.raw_inference.completed_at-2026-09-27T13_46_52.536311_00_00,1,1,0.43311725184321404
chronos2__model_config.context_length-8192__pipeline_config.raw_inference.completed_at-2026-09-26T15_47_29.958670_00_00,1,1,1.3313274756073952
chronos_bolt__model_config.context_length-1024__pipeline_config.raw_inference.completed_at-2026-09-27T13_20_35.915976_00_00,1,1,0.25393807888031006
chronos_bolt__model_config.context_length-128__pipeline_config.raw_inference.completed_at-2026-09-27T13_27_37.940341_00_00,1,1,0.1439135316759348
chronos_bolt__model_config.context_length-2048__pipeline_config.raw_inference.completed_at-2026-09-26T15_47_59.975928_00_00,1,1,0.4307162221521139
chronos_bolt__model_config.context_length-256__pipeline_config.raw_inference.completed_at-2026-09-27T13_26_45.550212_00_00,1,1,0.1577097252011299
chronos_bolt__model_config.context_length-512__pipeline_config.raw_inference.completed_at-2026-09-27T14_56_37.884357_00_00,1,1,0.1890429612249136
chronos_bolt__model_config.context_length-1024__pipeline_config.raw_inference.completed_at-2026-09-27T13_20_35.604927_00_00,1,1,0.0762823224067688
chronos_bolt__model_config.context_length-128__pipeline_config.raw_inference.completed_at-2026-09-27T13_27_37.737795_00_00,1,1,0.07070593163371086
chronos_bolt__model_config.context_length-2048__pipeline_config.raw_inference.completed_at-2026-09-26T15_47_59.487268_00_00,1,1,0.09779190272092819
chronos_bolt__model_config.context_length-256__pipeline_config.raw_inference.completed_at-2026-09-27T13_26_45.334974_00_00,1,1,0.07106977701187134
chronos_bolt__model_config.context_length-512__pipeline_config.raw_inference.completed_at-2026-09-27T14_56_37.638757_00_00,1,1,0.06984177604317665
chronos_bolt__model_config.context_length-1024__pipeline_config.raw_inference.completed_at-2026-09-27T13_20_35.416136_00_00,1,1,0.48381638526916504
chronos_bolt__model_config.context_length-128__pipeline_config.raw_inference.completed_at-2026-09-27T13_27_37.550532_00_00,1,1,0.4609423726797104
chronos_bolt__model_config.context_length-2048__pipeline_config.raw_inference.completed_at-2026-09-26T15_47_59.276103_00_00,1,1,0.5769863706082106
chronos_bolt__model_config.context_length-256__pipeline_config.raw_inference.completed_at-2026-09-27T13_26_45.150388_00_00,1,1,0.4581526964902878
chronos_bolt__model_config.context_length-512__pipeline_config.raw_inference.completed_at-2026-09-27T14_56_37.456114_00_00,1,1,0.4532135520130396
ts_icl__model_config.context_length-1024__pipeline_config.raw_inference.completed_at-2026-09-27T13_54_52.953474_00_00,1,1,0.12053828127682209
ts_icl__model_config.context_length-2048__pipeline_config.raw_inference.completed_at-2026-09-27T13_57_47.820628_00_00,1,1,0.2132615726441145
ts_icl__model_config.context_length-256__pipeline_config.raw_inference.completed_at-2026-09-27T15_04_47.953893_00_00,1,1,0.0761282853782177
ts_icl__model_config.context_length-4096__pipeline_config.raw_inference.completed_at-2026-09-26T16_03_25.220219_00_00,1,1,0.4885022006928921
ts_icl__model_config.context_length-512__pipeline_config.raw_inference.completed_at-2026-09-27T13_55_50.130592_00_00,1,1,0.08819627575576305
ts_icl__model_config.context_length-1024__pipeline_config.raw_inference.completed_at-2026-09-27T13_54_52.417008_00_00,1,1,0.2827574647963047
ts_icl__model_config.context_length-2048__pipeline_config.raw_inference.completed_at-2026-09-27T13_57_47.214465_00_00,1,1,0.5331386104226112
ts_icl__model_config.context_length-256__pipeline_config.raw_inference.completed_at-2026-09-27T15_04_47.479573_00_00,1,1,0.1444494854658842
ts_icl__model_config.context_length-4096__pipeline_config.raw_inference.completed_at-2026-09-26T16_03_24.322351_00_00,1,1,1.3937448561191559
ts_icl__model_config.context_length-512__pipeline_config.raw_inference.completed_at-2026-09-27T13_55_49.637164_00_00,1,1,0.18716881051659584
ts_icl__model_config.context_length-1024__pipeline_config.raw_inference.completed_at-2026-09-27T13_54_51.585653_00_00,1,1,1.0874519497156143
ts_icl__model_config.context_length-2048__pipeline_config.raw_inference.completed_at-2026-09-27T13_57_46.135871_00_00,1,1,2.148610021919012
ts_icl__model_config.context_length-256__pipeline_config.raw_inference.completed_at-2026-09-27T15_04_46.791886_00_00,1,1,0.6617840453982353
ts_icl__model_config.context_length-4096__pipeline_config.raw_inference.completed_at-2026-09-26T16_03_22.385156_00_00,1,1,5.800372153520584
ts_icl__model_config.context_length-512__pipeline_config.raw_inference.completed_at-2026-09-27T13_55_48.904030_00_00,1,1,0.7195194717496634
chronos2__model_config.context_length-1024__pipeline_config.raw_inference.completed_at-2026-09-27T13_45_36.087411_00_00,1,1,0.01918179914355278
chronos2__model_config.context_length-2048__pipeline_config.raw_inference.completed_at-2026-09-27T13_41_07.554909_00_00,1,1,0.019381416961550713
chronos2__model_config.context_length-4096__pipeline_config.raw_inference.completed_at-2026-09-27T13_41_25.143554_00_00,1,1,0.027004782110452652
chronos2__model_config.context_length-512__pipeline_config.raw_inference.completed_at-2026-09-27T13_47_03.205295_00_00,1,1,0.01934092678129673
chronos2__model_config.context_length-8192__pipeline_config.raw_inference.completed_at-2026-09-26T15_47_41.256424_00_00,1,1,0.05661956965923309
chronos2__model_config.context_length-1024__pipeline_config.raw_inference.completed_at-2026-09-27T13_45_35.807221_00_00,1,1,0.018315106630325317
chronos2__model_config.context_length-2048__pipeline_config.raw_inference.completed_at-2026-09-27T13_41_07.272574_00_00,1,1,0.025647273287177086
chronos2__model_config.context_length-4096__pipeline_config.raw_inference.completed_at-2026-09-27T13_41_24.850007_00_00,1,1,0.042383112013339996
chronos2__model_config.context_length-512__pipeline_config.raw_inference.completed_at-2026-09-27T13_47_02.923550_00_00,1,1,0.018161052837967873
chronos2__model_config.context_length-8192__pipeline_config.raw_inference.completed_at-2026-09-26T15_47_40.936798_00_00,1,1,0.07455896027386189
chronos2__model_config.context_length-1024__pipeline_config.raw_inference.completed_at-2026-09-27T13_45_35.497741_00_00,1,1,0.3040750566869974
chronos2__model_config.context_length-2048__pipeline_config.raw_inference.completed_at-2026-09-27T13_41_06.954311_00_00,1,1,0.3497636653482914
chronos2__model_config.context_length-4096__pipeline_config.raw_inference.completed_at-2026-09-27T13_41_24.510789_00_00,1,1,0.42958169989287853
chronos2__model_config.context_length-512__pipeline_config.raw_inference.completed_at-2026-09-27T13_47_02.612372_00_00,1,1,0.30554725229740143
chronos2__model_config.context_length-8192__pipeline_config.raw_inference.completed_at-2026-09-26T15_47_40.569043_00_00,1,1,0.5735014602541924
chronos_bolt__model_config.context_length-1024__pipeline_config.raw_inference.completed_at-2026-09-27T13_20_46.544194_00_00,1,1,0.2331855744123459
chronos_bolt__model_config.context_length-128__pipeline_config.raw_inference.completed_at-2026-09-27T13_27_47.880125_00_00,1,1,0.12383802235126495
chronos_bolt__model_config.context_length-2048__pipeline_config.raw_inference.completed_at-2026-09-26T15_48_10.275697_00_00,1,1,0.37182822450995445
chronos_bolt__model_config.context_length-256__pipeline_config.raw_inference.completed_at-2026-09-27T13_26_55.474709_00_00,1,1,0.13620072416961193
chronos_bolt__model_config.context_length-512__pipeline_config.raw_inference.completed_at-2026-09-27T14_56_47.850447_00_00,1,1,0.16706071607768536
chronos_bolt__model_config.context_length-1024__pipeline_config.raw_inference.completed_at-2026-09-27T13_20_46.269032_00_00,1,1,0.18809630535542965
chronos_bolt__model_config.context_length-128__pipeline_config.raw_inference.completed_at-2026-09-27T13_27_47.711515_00_00,1,1,0.09262890182435513
chronos_bolt__model_config.context_length-2048__pipeline_config.raw_inference.completed_at-2026-09-26T15_48_09.858670_00_00,1,1,0.3257381711155176
chronos_bolt__model_config.context_length-256__pipeline_config.raw_inference.completed_at-2026-09-27T13_26_55.295603_00_00,1,1,0.10633180104196072
chronos_bolt__model_config.context_length-512__pipeline_config.raw_inference.completed_at-2026-09-27T14_56_47.641608_00_00,1,1,0.1309933438897133
chronos_bolt__model_config.context_length-1024__pipeline_config.raw_inference.completed_at-2026-09-27T13_20_46.011986_00_00,1,1,0.8499729540199041
chronos_bolt__model_config.context_length-128__pipeline_config.raw_inference.completed_at-2026-09-27T13_27_47.546267_00_00,1,1,0.32851907797157764
chronos_bolt__model_config.context_length-2048__pipeline_config.raw_inference.completed_at-2026-09-26T15_48_09.461246_00_00,1,1,0.38748606108129025
chronos_bolt__model_config.context_length-256__pipeline_config.raw_inference.completed_at-2026-09-27T13_26_55.117257_00_00,1,1,0.32585041783750057
chronos_bolt__model_config.context_length-512__pipeline_config.raw_inference.completed_at-2026-09-27T14_56_47.441847_00_00,1,1,0.3231370095163584
ts_icl__model_config.context_length-1024__pipeline_config.raw_inference.completed_at-2026-09-27T13_54_58.742423_00_00,1,1,0.06301836855709553
ts_icl__model_config.context_length-2048__pipeline_config.raw_inference.completed_at-2026-09-27T13_57_54.800392_00_00,1,1,0.17136332765221596
ts_icl__model_config.context_length-256__pipeline_config.raw_inference.completed_at-2026-09-27T15_04_53.500573_00_00,1,1,0.043137043714523315
ts_icl__model_config.context_length-4096__pipeline_config.raw_inference.completed_at-2026-09-26T16_03_34.042014_00_00,1,1,0.24878704361617565
ts_icl__model_config.context_length-512__pipeline_config.raw_inference.completed_at-2026-09-27T13_55_55.709375_00_00,1,1,0.04791700281202793
ts_icl__model_config.context_length-1024__pipeline_config.raw_inference.completed_at-2026-09-27T13_54_58.277613_00_00,1,1,0.09481539390981197
ts_icl__model_config.context_length-2048__pipeline_config.raw_inference.completed_at-2026-09-27T13_57_54.228873_00_00,1,1,0.32528884522616863
ts_icl__model_config.context_length-256__pipeline_config.raw_inference.completed_at-2026-09-27T15_04_53.046094_00_00,1,1,0.05677485093474388
ts_icl__model_config.context_length-4096__pipeline_config.raw_inference.completed_at-2026-09-26T16_03_33.387940_00_00,1,1,0.4841473549604416
ts_icl__model_config.context_length-512__pipeline_config.raw_inference.completed_at-2026-09-27T13_55_55.267050_00_00,1,1,0.06674859300255775
ts_icl__model_config.context_length-1024__pipeline_config.raw_inference.completed_at-2026-09-27T13_54_57.677388_00_00,1,1,0.5840762164443731
ts_icl__model_config.context_length-2048__pipeline_config.raw_inference.completed_at-2026-09-27T13_57_53.392718_00_00,1,1,1.4078764524310827
ts_icl__model_config.context_length-256__pipeline_config.raw_inference.completed_at-2026-09-27T15_04_52.477298_00_00,1,1,0.3590147141367197
ts_icl__model_config.context_length-4096__pipeline_config.raw_inference.completed_at-2026-09-26T16_03_32.393368_00_00,1,1,3.0255052018910646
ts_icl__model_config.context_length-512__pipeline_config.raw_inference.completed_at-2026-09-27T13_55_54.699287_00_00,1,1,0.4195910133421421
chronos2__model_config.context_length-1024__pipeline_config.raw_inference.completed_at-2026-09-27T13_46_09.885766_00_00,1,1,0.07529268600046635
chronos2__model_config.context_length-2048__pipeline_config.raw_inference.completed_at-2026-09-27T13_41_47.558191_00_00,1,1,0.1181135717779398
chronos2__model_config.context_length-4096__pipeline_config.raw_inference.completed_at-2026-09-27T13_42_16.762188_00_00,1,1,0.1993931569159031
chronos2__model_config.context_length-512__pipeline_config.raw_inference.completed_at-2026-09-27T13_47_35.130598_00_00,1,1,0.056145353242754936
chronos2__model_config.context_length-8192__pipeline_config.raw_inference.completed_at-2026-09-26T15_48_54.664121_00_00,1,1,0.35609316267073154
chronos2__model_config.context_length-1024__pipeline_config.raw_inference.completed_at-2026-09-27T13_46_09.418572_00_00,1,1,0.16484692692756653
chronos2__model_config.context_length-2048__pipeline_config.raw_inference.completed_at-2026-09-27T13_41_47.047080_00_00,1,1,0.2966073974967003
chronos2__model_config.context_length-4096__pipeline_config.raw_inference.completed_at-2026-09-27T13_42_16.167332_00_00,1,1,0.5660080723464489
chronos2__model_config.context_length-512__pipeline_config.raw_inference.completed_at-2026-09-27T13_47_34.681057_00_00,1,1,0.11960430443286896
chronos2__model_config.context_length-8192__pipeline_config.raw_inference.completed_at-2026-09-26T15_48_53.914141_00_00,1,1,1.0642402078956366
chronos2__model_config.context_length-1024__pipeline_config.raw_inference.completed_at-2026-09-27T13_46_08.375055_00_00,1,1,1.3362237345427275
chronos2__model_config.context_length-2048__pipeline_config.raw_inference.completed_at-2026-09-27T13_41_45.866128_00_00,1,1,2.4219555761665106
chronos2__model_config.context_length-4096__pipeline_config.raw_inference.completed_at-2026-09-27T13_42_14.706612_00_00,1,1,4.61906398460269
chronos2__model_config.context_length-512__pipeline_config.raw_inference.completed_at-2026-09-27T13_47_33.679473_00_00,1,1,1.0141194686293602
chronos2__model_config.context_length-8192__pipeline_config.raw_inference.completed_at-2026-09-26T15_48_51.967815_00_00,1,1,8.633932314813137
chronos_bolt__model_config.context_length-1024__pipeline_config.raw_inference.completed_at-2026-09-27T13_22_06.944958_00_00,1,1,1.5864778850227594
chronos_bolt__model_config.context_length-128__pipeline_config.raw_inference.completed_at-2026-09-27T13_28_41.601674_00_00,1,1,0.6223335396498442
chronos_bolt__model_config.context_length-2048__pipeline_config.raw_inference.completed_at-2026-09-26T15_50_00.788347_00_00,1,1,2.80189080350101
chronos_bolt__model_config.context_length-256__pipeline_config.raw_inference.completed_at-2026-09-27T13_27_52.156580_00_00,1,1,0.7306430842727423
chronos_bolt__model_config.context_length-512__pipeline_config.raw_inference.completed_at-2026-09-27T14_57_50.955503_00_00,1,1,0.9954293705523014
chronos_bolt__model_config.context_length-1024__pipeline_config.raw_inference.completed_at-2026-09-27T13_22_05.173605_00_00,1,1,1.4897035229951143
chronos_bolt__model_config.context_length-128__pipeline_config.raw_inference.completed_at-2026-09-27T13_28_40.787306_00_00,1,1,0.6472363658249378
chronos_bolt__model_config.context_length-2048__pipeline_config.raw_inference.completed_at-2026-09-26T15_49_57.796501_00_00,1,1,2.475498855113983
chronos_bolt__model_config.context_length-256__pipeline_config.raw_inference.completed_at-2026-09-27T13_27_51.235936_00_00,1,1,0.727934030815959
chronos_bolt__model_config.context_length-512__pipeline_config.raw_inference.completed_at-2026-09-27T14_57_49.772450_00_00,1,1,0.8472334463149309
chronos_bolt__model_config.context_length-1024__pipeline_config.raw_inference.completed_at-2026-09-27T13_22_03.001275_00_00,1,1,2.644150609150529
chronos_bolt__model_config.context_length-128__pipeline_config.raw_inference.completed_at-2026-09-27T13_28_39.443351_00_00,1,1,2.1423698868602514
chronos_bolt__model_config.context_length-2048__pipeline_config.raw_inference.completed_at-2026-09-26T15_49_54.637419_00_00,1,1,3.2253792844712734
chronos_bolt__model_config.context_length-256__pipeline_config.raw_inference.completed_at-2026-09-27T13_27_49.827815_00_00,1,1,2.134361995384097
chronos_bolt__model_config.context_length-512__pipeline_config.raw_inference.completed_at-2026-09-27T14_57_48.237098_00_00,1,1,2.105567567050457
ts_icl__model_config.context_length-1024__pipeline_config.raw_inference.completed_at-2026-09-27T13_55_58.144793_00_00,1,1,0.38748973980546
ts_icl__model_config.context_length-2048__pipeline_config.raw_inference.completed_at-2026-09-27T13_59_41.562519_00_00,1,1,0.7452716305851936
ts_icl__model_config.context_length-256__pipeline_config.raw_inference.completed_at-2026-09-27T15_05_30.111826_00_00,1,1,0.20635712705552578
ts_icl__model_config.context_length-4096__pipeline_config.raw_inference.completed_at-2026-09-26T16_07_54.679891_00_00,1,1,1.9205797761678696
ts_icl__model_config.context_length-512__pipeline_config.raw_inference.completed_at-2026-09-27T13_56_37.629842_00_00,1,1,0.25521383062005043
ts_icl__model_config.context_length-1024__pipeline_config.raw_inference.completed_at-2026-09-27T13_55_57.151731_00_00,1,1,0.9835759047418833
ts_icl__model_config.context_length-2048__pipeline_config.raw_inference.completed_at-2026-09-27T13_59_40.209119_00_00,1,1,2.0475531443953514
ts_icl__model_config.context_length-256__pipeline_config.raw_inference.completed_at-2026-09-27T15_05_29.311605_00_00,1,1,0.46242484264075756
ts_icl__model_config.context_length-4096__pipeline_config.raw_inference.completed_at-2026-09-26T16_07_52.159828_00_00,1,1,5.45385835506022
ts_icl__model_config.context_length-512__pipeline_config.raw_inference.completed_at-2026-09-27T13_56_36.779541_00_00,1,1,0.5990217737853527
ts_icl__model_config.context_length-1024__pipeline_config.raw_inference.completed_at-2026-09-27T13_55_55.062641_00_00,1,1,6.625317469239235
ts_icl__model_config.context_length-2048__pipeline_config.raw_inference.completed_at-2026-09-27T13_59_37.036908_00_00,1,1,15.561780415475368
ts_icl__model_config.context_length-256__pipeline_config.raw_inference.completed_at-2026-09-27T15_05_27.737695_00_00,1,1,3.145370641723275
ts_icl__model_config.context_length-4096__pipeline_config.raw_inference.completed_at-2026-09-26T16_07_45.465539_00_00,1,1,43.21806778386235
ts_icl__model_config.context_length-512__pipeline_config.raw_inference.completed_at-2026-09-27T13_56_35.061882_00_00,1,1,3.7986755929887295
chronos2__model_config.context_length-1024__pipeline_config.raw_inference.completed_at-2026-09-27T13_46_20.197097_00_00,1,1,0.04212372191250324
chronos2__model_config.context_length-2048__pipeline_config.raw_inference.completed_at-2026-09-27T13_41_58.004263_00_00,1,1,0.04967375658452511
chronos2__model_config.context_length-4096__pipeline_config.raw_inference.completed_at-2026-09-27T13_42_27.884871_00_00,1,1,0.07397065125405788
chronos2__model_config.context_length-512__pipeline_config.raw_inference.completed_at-2026-09-27T13_47_45.259106_00_00,1,1,0.043553611263632774
chronos2__model_config.context_length-8192__pipeline_config.raw_inference.completed_at-2026-09-26T15_49_06.577617_00_00,1,1,0.09528536908328533
chronos2__model_config.context_length-1024__pipeline_config.raw_inference.completed_at-2026-09-27T13_46_19.882664_00_00,1,1,0.03248022682964802
chronos2__model_config.context_length-2048__pipeline_config.raw_inference.completed_at-2026-09-27T13_41_57.682860_00_00,1,1,0.05686277337372303
chronos2__model_config.context_length-4096__pipeline_config.raw_inference.completed_at-2026-09-27T13_42_27.536214_00_00,1,1,0.11024022847414017
chronos2__model_config.context_length-512__pipeline_config.raw_inference.completed_at-2026-09-27T13_47_44.941847_00_00,1,1,0.02198481559753418
chronos2__model_config.context_length-8192__pipeline_config.raw_inference.completed_at-2026-09-26T15_49_06.207636_00_00,1,1,0.2036834917962551
chronos2__model_config.context_length-1024__pipeline_config.raw_inference.completed_at-2026-09-27T13_46_19.491675_00_00,1,1,0.40050868690013885
chronos2__model_config.context_length-2048__pipeline_config.raw_inference.completed_at-2026-09-27T13_41_57.268539_00_00,1,1,0.5904588513076305
chronos2__model_config.context_length-4096__pipeline_config.raw_inference.completed_at-2026-09-27T13_42_27.064788_00_00,1,1,1.0697051361203194
chronos2__model_config.context_length-512__pipeline_config.raw_inference.completed_at-2026-09-27T13_47_44.561070_00_00,1,1,0.32045408338308334
chronos2__model_config.context_length-8192__pipeline_config.raw_inference.completed_at-2026-09-26T15_49_05.643932_00_00,1,1,1.715425917878747
chronos_bolt__model_config.context_length-1024__pipeline_config.raw_inference.completed_at-2026-09-27T13_22_17.631857_00_00,1,1,0.22622966766357422
chronos_bolt__model_config.context_length-128__pipeline_config.raw_inference.completed_at-2026-09-27T13_28_51.928869_00_00,1,1,0.09465942159295082
chronos_bolt__model_config.context_length-2048__pipeline_config.raw_inference.completed_at-2026-09-26T15_50_13.749029_00_00,1,1,0.42830513417720795
chronos_bolt__model_config.context_length-256__pipeline_config.raw_inference.completed_at-2026-09-27T13_28_02.510789_00_00,1,1,0.11155191995203495
chronos_bolt__model_config.context_length-512__pipeline_config.raw_inference.completed_at-2026-09-27T14_58_01.382322_00_00,1,1,0.14278334192931652
chronos_bolt__model_config.context_length-1024__pipeline_config.raw_inference.completed_at-2026-09-27T13_22_17.347895_00_00,1,1,0.28114450350403786
chronos_bolt__model_config.context_length-128__pipeline_config.raw_inference.completed_at-2026-09-27T13_28_51.773441_00_00,1,1,0.14738757722079754
chronos_bolt__model_config.context_length-2048__pipeline_config.raw_inference.completed_at-2026-09-26T15_50_13.260754_00_00,1,1,0.47553866542875767
chronos_bolt__model_config.context_length-256__pipeline_config.raw_inference.completed_at-2026-09-27T13_28_02.341748_00_00,1,1,0.16258306428790092
chronos_bolt__model_config.context_length-512__pipeline_config.raw_inference.completed_at-2026-09-27T14_58_01.181810_00_00,1,1,0.19213820807635784
chronos_bolt__model_config.context_length-1024__pipeline_config.raw_inference.completed_at-2026-09-27T13_22_16.924936_00_00,1,1,0.6303732506930828
chronos_bolt__model_config.context_length-128__pipeline_config.raw_inference.completed_at-2026-09-27T13_28_51.482888_00_00,1,1,0.594029450789094
chronos_bolt__model_config.context_length-2048__pipeline_config.raw_inference.completed_at-2026-09-26T15_50_12.641595_00_00,1,1,0.7514343541115522
chronos_bolt__model_config.context_length-256__pipeline_config.raw_inference.completed_at-2026-09-27T13_28_02.037349_00_00,1,1,0.5940534844994545
chronos_bolt__model_config.context_length-512__pipeline_config.raw_inference.completed_at-2026-09-27T14_58_00.849113_00_00,1,1,0.5929381977766752
ts_icl__model_config.context_length-1024__pipeline_config.raw_inference.completed_at-2026-09-27T13_56_05.085349_00_00,1,1,0.08648763783276081
ts_icl__model_config.context_length-2048__pipeline_config.raw_inference.completed_at-2026-09-27T13_59_50.691994_00_00,1,1,0.15880411863327026
ts_icl__model_config.context_length-256__pipeline_config.raw_inference.completed_at-2026-09-27T15_05_36.230123_00_00,1,1,0.05045940354466438
ts_icl__model_config.context_length-4096__pipeline_config.raw_inference.completed_at-2026-09-26T16_08_11.081393_00_00,1,1,0.3787784017622471
ts_icl__model_config.context_length-512__pipeline_config.raw_inference.completed_at-2026-09-27T13_56_44.075201_00_00,1,1,0.06088994815945625
ts_icl__model_config.context_length-1024__pipeline_config.raw_inference.completed_at-2026-09-27T13_56_04.583867_00_00,1,1,0.20848997682332993
ts_icl__model_config.context_length-2048__pipeline_config.raw_inference.completed_at-2026-09-27T13_59_50.117153_00_00,1,1,0.4212769437581301
ts_icl__model_config.context_length-256__pipeline_config.raw_inference.completed_at-2026-09-27T15_05_35.766956_00_00,1,1,0.10378949344158173
ts_icl__model_config.context_length-4096__pipeline_config.raw_inference.completed_at-2026-09-26T16_08_10.313554_00_00,1,1,1.090745884925127
ts_icl__model_config.context_length-512__pipeline_config.raw_inference.completed_at-2026-09-27T13_56_43.601241_00_00,1,1,0.12864593788981438
ts_icl__model_config.context_length-1024__pipeline_config.raw_inference.completed_at-2026-09-27T13_56_03.794459_00_00,1,1,1.4501908160746098
ts_icl__model_config.context_length-2048__pipeline_config.raw_inference.completed_at-2026-09-27T13_59_49.115143_00_00,1,1,3.225551111623645
ts_icl__model_config.context_length-256__pipeline_config.raw_inference.completed_at-2026-09-27T15_05_35.081791_00_00,1,1,0.7461084611713886
ts_icl__model_config.context_length-4096__pipeline_config.raw_inference.completed_at-2026-09-26T16_08_08.642942_00_00,1,1,8.71646397933364
ts_icl__model_config.context_length-512__pipeline_config.raw_inference.completed_at-2026-09-27T13_56_42.901294_00_00,1,1,1.0868454817682505
chronos2__model_config.context_length-1024__pipeline_config.raw_inference.completed_at-2026-09-27T13_45_57.553571_00_00,1,1,0.4710989389568567
chronos2__model_config.context_length-2048__pipeline_config.raw_inference.completed_at-2026-09-27T13_41_33.662867_00_00,1,1,0.6011111047118902
chronos2__model_config.context_length-4096__pipeline_config.raw_inference.completed_at-2026-09-27T13_42_00.513544_00_00,1,1,0.8665367886424065
chronos2__model_config.context_length-512__pipeline_config.raw_inference.completed_at-2026-09-27T13_47_23.055419_00_00,1,1,0.38579854369163513
chronos2__model_config.context_length-8192__pipeline_config.raw_inference.completed_at-2026-09-26T15_48_33.655572_00_00,1,1,1.5354538895189762
chronos2__model_config.context_length-1024__pipeline_config.raw_inference.completed_at-2026-09-27T13_45_55.645833_00_00,1,1,0.7970377206802368
chronos2__model_config.context_length-2048__pipeline_config.raw_inference.completed_at-2026-09-27T13_41_31.616173_00_00,1,1,1.3131426982581615
chronos2__model_config.context_length-4096__pipeline_config.raw_inference.completed_at-2026-09-27T13_41_58.214673_00_00,1,1,2.269179565832019
chronos2__model_config.context_length-512__pipeline_config.raw_inference.completed_at-2026-09-27T13_47_21.205134_00_00,1,1,0.6109539717435837
chronos2__model_config.context_length-8192__pipeline_config.raw_inference.completed_at-2026-09-26T15_48_30.671929_00_00,1,1,4.066814675927162
chronos2__model_config.context_length-1024__pipeline_config.raw_inference.completed_at-2026-09-27T13_45_50.102121_00_00,1,1,4.557175815105438
chronos2__model_config.context_length-2048__pipeline_config.raw_inference.completed_at-2026-09-27T13_41_25.509256_00_00,1,1,8.338565073907375
chronos2__model_config.context_length-4096__pipeline_config.raw_inference.completed_at-2026-09-27T13_41_51.188380_00_00,1,1,16.51249418593943
chronos2__model_config.context_length-512__pipeline_config.raw_inference.completed_at-2026-09-27T13_47_15.763942_00_00,1,1,2.9992729239165783
chronos2__model_config.context_length-8192__pipeline_config.raw_inference.completed_at-2026-09-26T15_48_21.812438_00_00,1,1,30.978325570002198
chronos_bolt__model_config.context_length-1024__pipeline_config.raw_inference.completed_at-2026-09-27T13_21_49.612342_00_00,1,1,22.172438144683838
chronos_bolt__model_config.context_length-128__pipeline_config.raw_inference.completed_at-2026-09-27T13_28_27.295328_00_00,1,1,9.79082958959043
chronos_bolt__model_config.context_length-2048__pipeline_config.raw_inference.completed_at-2026-09-26T15_49_38.648611_00_00,1,1,32.15862756036222
chronos_bolt__model_config.context_length-256__pipeline_config.raw_inference.completed_at-2026-09-27T13_27_37.958027_00_00,1,1,11.529784452170134
chronos_bolt__model_config.context_length-512__pipeline_config.raw_inference.completed_at-2026-09-27T14_57_36.425987_00_00,1,1,14.786118168383837
chronos_bolt__model_config.context_length-1024__pipeline_config.raw_inference.completed_at-2026-09-27T13_21_26.064911_00_00,1,1,17.09666114114225
chronos_bolt__model_config.context_length-128__pipeline_config.raw_inference.completed_at-2026-09-27T13_28_16.108255_00_00,1,1,6.483073052018881
chronos_bolt__model_config.context_length-2048__pipeline_config.raw_inference.completed_at-2026-09-26T15_49_05.119306_00_00,1,1,30.308664947748184
chronos_bolt__model_config.context_length-256__pipeline_config.raw_inference.completed_at-2026-09-27T13_27_25.057003_00_00,1,1,7.7059357557445765
chronos_bolt__model_config.context_length-512__pipeline_config.raw_inference.completed_at-2026-09-27T14_57_20.273362_00_00,1,1,10.66084210574627
chronos_bolt__model_config.context_length-1024__pipeline_config.raw_inference.completed_at-2026-09-27T13_21_04.221617_00_00,1,1,7.944204352796078
chronos_bolt__model_config.context_length-128__pipeline_config.raw_inference.completed_at-2026-09-27T13_28_04.842704_00_00,1,1,7.1438653990626335
chronos_bolt__model_config.context_length-2048__pipeline_config.raw_inference.completed_at-2026-09-26T15_48_30.087755_00_00,1,1,10.092537354677916
chronos_bolt__model_config.context_length-256__pipeline_config.raw_inference.completed_at-2026-09-27T13_27_12.612094_00_00,1,1,7.253913210704923
chronos_bolt__model_config.context_length-512__pipeline_config.raw_inference.completed_at-2026-09-27T14_57_04.882582_00_00,1,1,7.141362331807613
ts_icl__model_config.context_length-1024__pipeline_config.raw_inference.completed_at-2026-09-27T13_55_43.771384_00_00,1,1,2.963689560070634
ts_icl__model_config.context_length-2048__pipeline_config.raw_inference.completed_at-2026-09-27T13_59_16.427804_00_00,1,1,5.6910824198275805
ts_icl__model_config.context_length-256__pipeline_config.raw_inference.completed_at-2026-09-27T15_05_19.499471_00_00,1,1,1.5113556161522865
ts_icl__model_config.context_length-4096__pipeline_config.raw_inference.completed_at-2026-09-26T16_06_55.979969_00_00,1,1,14.442658975720406
ts_icl__model_config.context_length-512__pipeline_config.raw_inference.completed_at-2026-09-27T13_56_26.620894_00_00,1,1,1.9345319047570229
ts_icl__model_config.context_length-1024__pipeline_config.raw_inference.completed_at-2026-09-27T13_55_39.112709_00_00,1,1,4.009095676243305
ts_icl__model_config.context_length-2048__pipeline_config.raw_inference.completed_at-2026-09-27T13_59_09.050782_00_00,1,1,7.997177792713046
ts_icl__model_config.context_length-256__pipeline_config.raw_inference.completed_at-2026-09-27T15_05_16.311983_00_00,1,1,2.045681731775403
ts_icl__model_config.context_length-4096__pipeline_config.raw_inference.completed_at-2026-09-26T16_06_39.839239_00_00,1,1,20.870247155427933
ts_icl__model_config.context_length-512__pipeline_config.raw_inference.completed_at-2026-09-27T13_56_23.012586_00_00,1,1,2.555371306836605
ts_icl__model_config.context_length-1024__pipeline_config.raw_inference.completed_at-2026-09-27T13_55_29.864993_00_00,1,1,26.369510477408767
ts_icl__model_config.context_length-2048__pipeline_config.raw_inference.completed_at-2026-09-27T13_58_55.740899_00_00,1,1,56.17023554444313
ts_icl__model_config.context_length-256__pipeline_config.raw_inference.completed_at-2026-09-27T15_05_09.070369_00_00,1,1,10.832495849579573
ts_icl__model_config.context_length-4096__pipeline_config.raw_inference.completed_at-2026-09-26T16_06_13.734355_00_00,1,1,154.89970768243074
ts_icl__model_config.context_length-512__pipeline_config.raw_inference.completed_at-2026-09-27T13_56_15.234854_00_00,1,1,14.784025797620416
chronos2__model_config.context_length-1024__pipeline_config.raw_inference.completed_at-2026-09-27T13_46_32.519657_00_00,1,1,0.13316397368907928
chronos2__model_config.context_length-2048__pipeline_config.raw_inference.completed_at-2026-09-27T13_42_11.784661_00_00,1,1,0.21624062210321426
chronos2__model_config.context_length-4096__pipeline_config.raw_inference.completed_at-2026-09-27T13_42_44.592872_00_00,1,1,0.3757937029004097
chronos2__model_config.context_length-512__pipeline_config.raw_inference.completed_at-2026-09-27T13_47_57.027356_00_00,1,1,0.09324268065392971
chronos2__model_config.context_length-8192__pipeline_config.raw_inference.completed_at-2026-09-26T15_49_25.733402_00_00,1,1,0.6750923916697502
chronos2__model_config.context_length-1024__pipeline_config.raw_inference.completed_at-2026-09-27T13_46_31.937212_00_00,1,1,0.2151452973484993
chronos2__model_config.context_length-2048__pipeline_config.raw_inference.completed_at-2026-09-27T13_42_11.119342_00_00,1,1,0.38805911503732204
chronos2__model_config.context_length-4096__pipeline_config.raw_inference.completed_at-2026-09-27T13_42_43.765772_00_00,1,1,0.7216041889041662
chronos2__model_config.context_length-512__pipeline_config.raw_inference.completed_at-2026-09-27T13_47_56.480272_00_00,1,1,0.15510035306215286
chronos2__model_config.context_length-8192__pipeline_config.raw_inference.completed_at-2026-09-26T15_49_24.607194_00_00,1,1,1.2439574021846056
chronos2__model_config.context_length-1024__pipeline_config.raw_inference.completed_at-2026-09-27T13_46_30.822435_00_00,1,1,1.4920863844454288
chronos2__model_config.context_length-2048__pipeline_config.raw_inference.completed_at-2026-09-27T13_42_09.833088_00_00,1,1,2.635166145861149
chronos2__model_config.context_length-4096__pipeline_config.raw_inference.completed_at-2026-09-27T13_42_42.143676_00_00,1,1,5.014685723930597
chronos2__model_config.context_length-512__pipeline_config.raw_inference.completed_at-2026-09-27T13_47_55.418364_00_00,1,1,1.0037706904113293
chronos2__model_config.context_length-8192__pipeline_config.raw_inference.completed_at-2026-09-26T15_49_22.458019_00_00,1,1,6.526400502771139
chronos_bolt__model_config.context_length-1024__pipeline_config.raw_inference.completed_at-2026-09-27T13_22_37.894252_00_00,1,1,4.033429274335504
chronos_bolt__model_config.context_length-128__pipeline_config.raw_inference.completed_at-2026-09-27T13_29_07.265917_00_00,1,1,1.4339398108422756
chronos_bolt__model_config.context_length-2048__pipeline_config.raw_inference.completed_at-2026-09-26T15_50_39.241563_00_00,1,1,6.603076305240393
chronos_bolt__model_config.context_length-256__pipeline_config.raw_inference.completed_at-2026-09-27T13_28_18.209402_00_00,1,1,1.6806134544312954
chronos_bolt__model_config.context_length-512__pipeline_config.raw_inference.completed_at-2026-09-27T14_58_18.181024_00_00,1,1,2.4043137803673744
chronos_bolt__model_config.context_length-1024__pipeline_config.raw_inference.completed_at-2026-09-27T13_22_33.621329_00_00,1,1,2.9519158713519573
chronos_bolt__model_config.context_length-128__pipeline_config.raw_inference.completed_at-2026-09-27T13_29_05.586692_00_00,1,1,1.2101054806262255
chronos_bolt__model_config.context_length-2048__pipeline_config.raw_inference.completed_at-2026-09-26T15_50_32.392678_00_00,1,1,5.51859312877059
chronos_bolt__model_config.context_length-256__pipeline_config.raw_inference.completed_at-2026-09-27T13_28_16.288384_00_00,1,1,1.4182823430746794
chronos_bolt__model_config.context_length-512__pipeline_config.raw_inference.completed_at-2026-09-27T14_58_15.538510_00_00,1,1,1.873175336048007
chronos_bolt__model_config.context_length-1024__pipeline_config.raw_inference.completed_at-2026-09-27T13_22_29.979321_00_00,1,1,2.6094624754041433
chronos_bolt__model_config.context_length-128__pipeline_config.raw_inference.completed_at-2026-09-27T13_29_03.673067_00_00,1,1,2.345812266692519
chronos_bolt__model_config.context_length-2048__pipeline_config.raw_inference.completed_at-2026-09-26T15_50_26.168306_00_00,1,1,3.239248387515545
chronos_bolt__model_config.context_length-256__pipeline_config.raw_inference.completed_at-2026-09-27T13_28_14.175188_00_00,1,1,2.333216607570648
chronos_bolt__model_config.context_length-512__pipeline_config.raw_inference.completed_at-2026-09-27T14_58_12.980681_00_00,1,1,2.3208977170288563
ts_icl__model_config.context_length-1024__pipeline_config.raw_inference.completed_at-2026-09-27T13_56_20.473628_00_00,1,1,0.7047892827540636
ts_icl__model_config.context_length-2048__pipeline_config.raw_inference.completed_at-2026-09-27T14_00_18.316064_00_00,1,1,1.4309963267296553
ts_icl__model_config.context_length-256__pipeline_config.raw_inference.completed_at-2026-09-27T15_05_46.551422_00_00,1,1,0.3635988552123308
ts_icl__model_config.context_length-4096__pipeline_config.raw_inference.completed_at-2026-09-26T16_09_22.797780_00_00,1,1,4.473325552418828
ts_icl__model_config.context_length-512__pipeline_config.raw_inference.completed_at-2026-09-27T13_56_55.880122_00_00,1,1,0.4558039363473654
ts_icl__model_config.context_length-1024__pipeline_config.raw_inference.completed_at-2026-09-27T13_56_19.118950_00_00,1,1,1.2529134284704924
ts_icl__model_config.context_length-2048__pipeline_config.raw_inference.completed_at-2026-09-27T14_00_16.227937_00_00,1,1,2.638075741007924
ts_icl__model_config.context_length-256__pipeline_config.raw_inference.completed_at-2026-09-27T15_05_45.549332_00_00,1,1,0.5652539022266865
ts_icl__model_config.context_length-4096__pipeline_config.raw_inference.completed_at-2026-09-26T16_09_17.673881_00_00,1,1,8.498017262667418
ts_icl__model_config.context_length-512__pipeline_config.raw_inference.completed_at-2026-09-27T13_56_54.782840_00_00,1,1,0.7631531208753586
ts_icl__model_config.context_length-1024__pipeline_config.raw_inference.completed_at-2026-09-27T13_56_16.749888_00_00,1,1,7.43869586288929
ts_icl__model_config.context_length-2048__pipeline_config.raw_inference.completed_at-2026-09-27T14_00_12.471192_00_00,1,1,17.523188108578324
ts_icl__model_config.context_length-256__pipeline_config.raw_inference.completed_at-2026-09-27T15_05_43.863803_00_00,1,1,3.389658935368061
ts_icl__model_config.context_length-4096__pipeline_config.raw_inference.completed_at-2026-09-26T16_09_07.941690_00_00,1,1,52.63533495925367
ts_icl__model_config.context_length-512__pipeline_config.raw_inference.completed_at-2026-09-27T13_56_52.897392_00_00,1,1,4.619576867669821
chronos2__model_config.context_length-1024__pipeline_config.raw_inference.completed_at-2026-09-27T13_51_20.311905_00_00,1,1,0.24301106296479702
chronos2__model_config.context_length-2048__pipeline_config.raw_inference.completed_at-2026-09-27T13_47_17.085172_00_00,1,1,0.24387824162840843
chronos2__model_config.context_length-4096__pipeline_config.raw_inference.completed_at-2026-09-27T13_48_15.910356_00_00,1,1,0.24475296959280968
chronos2__model_config.context_length-512__pipeline_config.raw_inference.completed_at-2026-09-27T13_52_42.447102_00_00,1,1,0.24530143663287163
chronos2__model_config.context_length-8192__pipeline_config.raw_inference.completed_at-2026-09-26T15_56_02.550081_00_00,1,1,0.25034067779779434
chronos_bolt__model_config.context_length-1024__pipeline_config.raw_inference.completed_at-2026-09-27T13_28_22.236482_00_00,1,1,0.3557719476521015
chronos_bolt__model_config.context_length-128__pipeline_config.raw_inference.completed_at-2026-09-27T13_34_22.776403_00_00,1,1,0.26075420901179314
chronos_bolt__model_config.context_length-2048__pipeline_config.raw_inference.completed_at-2026-09-26T15_57_05.887193_00_00,1,1,0.27026289515197277
chronos_bolt__model_config.context_length-256__pipeline_config.raw_inference.completed_at-2026-09-27T13_33_36.663244_00_00,1,1,0.27195582538843155
chronos_bolt__model_config.context_length-512__pipeline_config.raw_inference.completed_at-2026-09-27T15_25_30.900582_00_00,1,1,0.3539734836667776
ts_icl__model_config.context_length-1024__pipeline_config.raw_inference.completed_at-2026-09-27T14_01_02.010611_00_00,1,1,0.6499057207256556
ts_icl__model_config.context_length-2048__pipeline_config.raw_inference.completed_at-2026-09-27T14_07_53.897731_00_00,1,1,0.6649963576346636
ts_icl__model_config.context_length-256__pipeline_config.raw_inference.completed_at-2026-09-27T15_09_17.636882_00_00,1,1,0.40377371571958065
ts_icl__model_config.context_length-4096__pipeline_config.raw_inference.completed_at-2026-09-26T16_24_28.930878_00_00,1,1,0.6909284833818674
ts_icl__model_config.context_length-512__pipeline_config.raw_inference.completed_at-2026-09-27T14_00_45.348824_00_00,1,1,0.6229476407170296
chronos2__model_config.context_length-1024__pipeline_config.raw_inference.completed_at-2026-09-27T13_51_11.025913_00_00,1,1,0.356245506554842
chronos2__model_config.context_length-2048__pipeline_config.raw_inference.completed_at-2026-09-27T13_47_07.682244_00_00,1,1,0.36429889500141144
chronos2__model_config.context_length-4096__pipeline_config.raw_inference.completed_at-2026-09-27T13_48_06.604102_00_00,1,1,0.3558211661875248
chronos2__model_config.context_length-512__pipeline_config.raw_inference.completed_at-2026-09-27T13_52_33.102716_00_00,1,1,0.3573927879333496
chronos2__model_config.context_length-8192__pipeline_config.raw_inference.completed_at-2026-09-26T15_55_53.197161_00_00,1,1,0.3581456486135721
chronos_bolt__model_config.context_length-1024__pipeline_config.raw_inference.completed_at-2026-09-27T13_28_12.587418_00_00,1,1,0.3937109746038914
chronos_bolt__model_config.context_length-128__pipeline_config.raw_inference.completed_at-2026-09-27T13_34_13.228058_00_00,1,1,0.3956293407827616
chronos_bolt__model_config.context_length-2048__pipeline_config.raw_inference.completed_at-2026-09-26T15_56_56.468880_00_00,1,1,0.40148663707077503
chronos_bolt__model_config.context_length-256__pipeline_config.raw_inference.completed_at-2026-09-27T13_33_27.121284_00_00,1,1,0.39210998080670834
chronos_bolt__model_config.context_length-512__pipeline_config.raw_inference.completed_at-2026-09-27T15_25_21.206352_00_00,1,1,0.39603124745190144
ts_icl__model_config.context_length-1024__pipeline_config.raw_inference.completed_at-2026-09-27T14_00_57.148333_00_00,1,1,2.069445585832
ts_icl__model_config.context_length-2048__pipeline_config.raw_inference.completed_at-2026-09-27T14_07_49.071146_00_00,1,1,2.0956754311919212
ts_icl__model_config.context_length-256__pipeline_config.raw_inference.completed_at-2026-09-27T15_09_13.099191_00_00,1,1,1.8459576144814491
ts_icl__model_config.context_length-4096__pipeline_config.raw_inference.completed_at-2026-09-26T16_24_24.089912_00_00,1,1,2.1694455929100513
ts_icl__model_config.context_length-512__pipeline_config.raw_inference.completed_at-2026-09-27T14_00_40.486377_00_00,1,1,2.084027485921979
chronos2__model_config.context_length-1024__pipeline_config.raw_inference.completed_at-2026-09-27T13_49_36.634663_00_00,1,1,0.18742545880377293
chronos2__model_config.context_length-2048__pipeline_config.raw_inference.completed_at-2026-09-27T13_45_31.584463_00_00,1,1,0.2083361353725195
chronos2__model_config.context_length-4096__pipeline_config.raw_inference.completed_at-2026-09-27T13_46_28.668595_00_00,1,1,0.22303937189280987
chronos2__model_config.context_length-512__pipeline_config.raw_inference.completed_at-2026-09-27T13_50_58.011137_00_00,1,1,0.18205469846725464
chronos2__model_config.context_length-8192__pipeline_config.raw_inference.completed_at-2026-09-26T15_54_11.319860_00_00,1,1,0.22353448905050755
chronos_bolt__model_config.context_length-1024__pipeline_config.raw_inference.completed_at-2026-09-27T13_26_32.856879_00_00,1,1,0.2599809765815735
chronos_bolt__model_config.context_length-128__pipeline_config.raw_inference.completed_at-2026-09-27T13_32_35.738959_00_00,1,1,0.2592364065349102
chronos_bolt__model_config.context_length-2048__pipeline_config.raw_inference.completed_at-2026-09-26T15_55_16.526428_00_00,1,1,0.3054798562079668
chronos_bolt__model_config.context_length-256__pipeline_config.raw_inference.completed_at-2026-09-27T13_31_49.437728_00_00,1,1,0.25795107148587704
chronos_bolt__model_config.context_length-512__pipeline_config.raw_inference.completed_at-2026-09-27T15_23_42.371875_00_00,1,1,0.25954499281942844
ts_icl__model_config.context_length-1024__pipeline_config.raw_inference.completed_at-2026-09-27T14_00_02.161096_00_00,1,1,0.302298903465271
ts_icl__model_config.context_length-2048__pipeline_config.raw_inference.completed_at-2026-09-27T14_06_45.817690_00_00,1,1,0.4709858428686857
ts_icl__model_config.context_length-256__pipeline_config.raw_inference.completed_at-2026-09-27T15_08_22.882411_00_00,1,1,0.2482830248773098
ts_icl__model_config.context_length-4096__pipeline_config.raw_inference.completed_at-2026-09-26T16_22_54.440894_00_00,1,1,0.9998526759445667
ts_icl__model_config.context_length-512__pipeline_config.raw_inference.completed_at-2026-09-27T13_59_47.582838_00_00,1,1,0.24766716361045837
chronos2__model_config.context_length-1024__pipeline_config.raw_inference.completed_at-2026-09-27T13_49_08.120262_00_00,1,1,0.24637144431471825
chronos2__model_config.context_length-2048__pipeline_config.raw_inference.completed_at-2026-09-27T13_45_03.426835_00_00,1,1,0.24738374911248684
chronos2__model_config.context_length-4096__pipeline_config.raw_inference.completed_at-2026-09-27T13_46_00.635630_00_00,1,1,0.25549259036779404
chronos2__model_config.context_length-512__pipeline_config.raw_inference.completed_at-2026-09-27T13_50_29.901774_00_00,1,1,0.2563095409423113
chronos2__model_config.context_length-8192__pipeline_config.raw_inference.completed_at-2026-09-26T15_53_43.404506_00_00,1,1,0.2482460793107748
chronos_bolt__model_config.context_length-1024__pipeline_config.raw_inference.completed_at-2026-09-27T13_26_04.244957_00_00,1,1,0.27330635488033295
chronos_bolt__model_config.context_length-128__pipeline_config.raw_inference.completed_at-2026-09-27T13_32_06.986075_00_00,1,1,0.2597436774522066
chronos_bolt__model_config.context_length-2048__pipeline_config.raw_inference.completed_at-2026-09-26T15_54_48.077915_00_00,1,1,0.4442441388964653
chronos_bolt__model_config.context_length-256__pipeline_config.raw_inference.completed_at-2026-09-27T13_31_20.152743_00_00,1,1,0.2614036314189434
chronos_bolt__model_config.context_length-512__pipeline_config.raw_inference.completed_at-2026-09-27T15_23_13.268492_00_00,1,1,0.2552989795804024
ts_icl__model_config.context_length-1024__pipeline_config.raw_inference.completed_at-2026-09-27T13_59_45.599914_00_00,1,1,0.7380954474210739
ts_icl__model_config.context_length-2048__pipeline_config.raw_inference.completed_at-2026-09-27T14_06_28.925943_00_00,1,1,0.7820961065590382
ts_icl__model_config.context_length-256__pipeline_config.raw_inference.completed_at-2026-09-27T15_08_06.302923_00_00,1,1,0.2408238872885704
ts_icl__model_config.context_length-4096__pipeline_config.raw_inference.completed_at-2026-09-26T16_22_36.905392_00_00,1,1,1.222763068974018
ts_icl__model_config.context_length-512__pipeline_config.raw_inference.completed_at-2026-09-27T13_59_31.074946_00_00,1,1,0.26993133686482906
chronos2__model_config.context_length-1024__pipeline_config.raw_inference.completed_at-2026-09-27T13_49_17.762147_00_00,1,1,0.3142946530133486
chronos2__model_config.context_length-2048__pipeline_config.raw_inference.completed_at-2026-09-27T13_45_12.798430_00_00,1,1,0.2624673955142498
chronos2__model_config.context_length-4096__pipeline_config.raw_inference.completed_at-2026-09-27T13_46_09.997610_00_00,1,1,0.26271309703588486
chronos2__model_config.context_length-512__pipeline_config.raw_inference.completed_at-2026-09-27T13_50_39.303433_00_00,1,1,0.27349671721458435
chronos2__model_config.context_length-8192__pipeline_config.raw_inference.completed_at-2026-09-26T15_53_52.688939_00_00,1,1,0.26371740363538265
chronos_bolt__model_config.context_length-1024__pipeline_config.raw_inference.completed_at-2026-09-27T13_26_13.720792_00_00,1,1,0.29029753990471363
chronos_bolt__model_config.context_length-128__pipeline_config.raw_inference.completed_at-2026-09-27T13_32_16.532350_00_00,1,1,0.3028856683522463
chronos_bolt__model_config.context_length-2048__pipeline_config.raw_inference.completed_at-2026-09-26T15_54_57.466201_00_00,1,1,0.28816516138613224
chronos_bolt__model_config.context_length-256__pipeline_config.raw_inference.completed_at-2026-09-27T13_31_30.140833_00_00,1,1,0.2953015323728323
chronos_bolt__model_config.context_length-512__pipeline_config.raw_inference.completed_at-2026-09-27T15_23_22.799164_00_00,1,1,0.28965548425912857
ts_icl__model_config.context_length-1024__pipeline_config.raw_inference.completed_at-2026-09-27T13_59_50.625093_00_00,1,1,0.9035427924245596
ts_icl__model_config.context_length-2048__pipeline_config.raw_inference.completed_at-2026-09-27T14_06_34.000232_00_00,1,1,0.9187439456582069
ts_icl__model_config.context_length-256__pipeline_config.raw_inference.completed_at-2026-09-27T15_08_11.342740_00_00,1,1,0.9075671005994081
ts_icl__model_config.context_length-4096__pipeline_config.raw_inference.completed_at-2026-09-26T16_22_42.213998_00_00,1,1,1.1548915188759565
ts_icl__model_config.context_length-512__pipeline_config.raw_inference.completed_at-2026-09-27T13_59_36.090445_00_00,1,1,0.9245454203337431
chronos2__model_config.context_length-1024__pipeline_config.raw_inference.completed_at-2026-09-27T13_47_51.164997_00_00,1,1,0.03227790258824825
chronos2__model_config.context_length-2048__pipeline_config.raw_inference.completed_at-2026-09-27T13_43_36.236460_00_00,1,1,0.040964456275105476
chronos2__model_config.context_length-4096__pipeline_config.raw_inference.completed_at-2026-09-27T13_44_17.448348_00_00,1,1,0.06422095745801926
chronos2__model_config.context_length-512__pipeline_config.raw_inference.completed_at-2026-09-27T13_49_13.865106_00_00,1,1,0.029237685725092888
chronos2__model_config.context_length-8192__pipeline_config.raw_inference.completed_at-2026-09-26T15_51_15.309082_00_00,1,1,0.09806406125426292
chronos2__model_config.context_length-1024__pipeline_config.raw_inference.completed_at-2026-09-27T13_47_50.780077_00_00,1,1,0.0936870165169239
chronos2__model_config.context_length-2048__pipeline_config.raw_inference.completed_at-2026-09-27T13_43_35.842788_00_00,1,1,0.17172281257808208
chronos2__model_config.context_length-4096__pipeline_config.raw_inference.completed_at-2026-09-27T13_44_17.029087_00_00,1,1,0.3210712671279907
chronos2__model_config.context_length-512__pipeline_config.raw_inference.completed_at-2026-09-27T13_49_13.481300_00_00,1,1,0.05499548837542534
chronos2__model_config.context_length-8192__pipeline_config.raw_inference.completed_at-2026-09-26T15_51_14.853419_00_00,1,1,0.6471758801490068
chronos2__model_config.context_length-1024__pipeline_config.raw_inference.completed_at-2026-09-27T13_47_50.199039_00_00,1,1,0.4794878512620926
chronos2__model_config.context_length-2048__pipeline_config.raw_inference.completed_at-2026-09-27T13_43_35.182195_00_00,1,1,0.7769469190388918
chronos2__model_config.context_length-4096__pipeline_config.raw_inference.completed_at-2026-09-27T13_44_16.220838_00_00,1,1,1.4532081913203
chronos2__model_config.context_length-512__pipeline_config.raw_inference.completed_at-2026-09-27T13_49_12.936849_00_00,1,1,0.33793726935982704
chronos2__model_config.context_length-8192__pipeline_config.raw_inference.completed_at-2026-09-26T15_51_13.717626_00_00,1,1,2.847157733514905
chronos_bolt__model_config.context_length-1024__pipeline_config.raw_inference.completed_at-2026-09-27T13_24_11.506848_00_00,1,1,1.2444403544068336
chronos_bolt__model_config.context_length-128__pipeline_config.raw_inference.completed_at-2026-09-27T13_30_35.174316_00_00,1,1,0.6043526623398066
chronos_bolt__model_config.context_length-2048__pipeline_config.raw_inference.completed_at-2026-09-26T15_52_24.634567_00_00,1,1,1.8454545363783836
chronos_bolt__model_config.context_length-256__pipeline_config.raw_inference.completed_at-2026-09-27T13_29_46.191116_00_00,1,1,0.6849927194416523
chronos_bolt__model_config.context_length-512__pipeline_config.raw_inference.completed_at-2026-09-27T14_59_46.694068_00_00,1,1,0.8490044884383678
chronos_bolt__model_config.context_length-1024__pipeline_config.raw_inference.completed_at-2026-09-27T13_24_10.113206_00_00,1,1,0.8218209315091372
chronos_bolt__model_config.context_length-128__pipeline_config.raw_inference.completed_at-2026-09-27T13_30_34.420436_00_00,1,1,0.39097735658288
chronos_bolt__model_config.context_length-2048__pipeline_config.raw_inference.completed_at-2026-09-26T15_52_22.640518_00_00,1,1,1.4686845429241657
chronos_bolt__model_config.context_length-256__pipeline_config.raw_inference.completed_at-2026-09-27T13_29_45.355991_00_00,1,1,0.4454974867403507
chronos_bolt__model_config.context_length-512__pipeline_config.raw_inference.completed_at-2026-09-27T14_59_45.696351_00_00,1,1,0.5324000008404255
chronos_bolt__model_config.context_length-1024__pipeline_config.raw_inference.completed_at-2026-09-27T13_24_09.007800_00_00,1,1,0.8718069456517696
chronos_bolt__model_config.context_length-128__pipeline_config.raw_inference.completed_at-2026-09-27T13_30_33.744719_00_00,1,1,0.8053306899964809
chronos_bolt__model_config.context_length-2048__pipeline_config.raw_inference.completed_at-2026-09-26T15_52_20.891228_00_00,1,1,1.0544631276279688
chronos_bolt__model_config.context_length-256__pipeline_config.raw_inference.completed_at-2026-09-27T13_29_44.625477_00_00,1,1,0.7999385297298431
chronos_bolt__model_config.context_length-512__pipeline_config.raw_inference.completed_at-2026-09-27T14_59_44.879204_00_00,1,1,0.8491310775279999
ts_icl__model_config.context_length-1024__pipeline_config.raw_inference.completed_at-2026-09-27T13_57_39.949441_00_00,1,1,0.15521427802741528
ts_icl__model_config.context_length-2048__pipeline_config.raw_inference.completed_at-2026-09-27T14_02_24.093355_00_00,1,1,0.2573004215955734
ts_icl__model_config.context_length-256__pipeline_config.raw_inference.completed_at-2026-09-27T15_06_44.440666_00_00,1,1,0.10024832747876644
ts_icl__model_config.context_length-4096__pipeline_config.raw_inference.completed_at-2026-09-26T16_13_54.542217_00_00,1,1,0.5884481072425842
ts_icl__model_config.context_length-512__pipeline_config.raw_inference.completed_at-2026-09-27T13_58_00.493914_00_00,1,1,0.1163294967263937
ts_icl__model_config.context_length-1024__pipeline_config.raw_inference.completed_at-2026-09-27T13_57_39.300487_00_00,1,1,0.6317133828997612
ts_icl__model_config.context_length-2048__pipeline_config.raw_inference.completed_at-2026-09-27T14_02_23.342021_00_00,1,1,1.2822833396494389
ts_icl__model_config.context_length-256__pipeline_config.raw_inference.completed_at-2026-09-27T15_06_43.848407_00_00,1,1,0.27786674350500107
ts_icl__model_config.context_length-4096__pipeline_config.raw_inference.completed_at-2026-09-26T16_13_53.280812_00_00,1,1,3.3829814791679382
ts_icl__model_config.context_length-512__pipeline_config.raw_inference.completed_at-2026-09-27T13_57_59.894629_00_00,1,1,0.3720997478812933
ts_icl__model_config.context_length-1024__pipeline_config.raw_inference.completed_at-2026-09-27T13_57_37.941537_00_00,1,1,2.1834300197660923
ts_icl__model_config.context_length-2048__pipeline_config.raw_inference.completed_at-2026-09-27T14_02_21.342475_00_00,1,1,5.040649626404047
ts_icl__model_config.context_length-256__pipeline_config.raw_inference.completed_at-2026-09-27T15_06_42.857859_00_00,1,1,1.0718459244817495
ts_icl__model_config.context_length-4096__pipeline_config.raw_inference.completed_at-2026-09-26T16_13_49.181705_00_00,1,1,13.503925709053874
ts_icl__model_config.context_length-512__pipeline_config.raw_inference.completed_at-2026-09-27T13_57_58.815260_00_00,1,1,1.4000399261713028
chronos2__model_config.context_length-1024__pipeline_config.raw_inference.completed_at-2026-09-27T13_48_36.544091_00_00,1,1,0.01825072430074215
chronos2__model_config.context_length-2048__pipeline_config.raw_inference.completed_at-2026-09-27T13_44_31.231650_00_00,1,1,0.018335530534386635
chronos2__model_config.context_length-4096__pipeline_config.raw_inference.completed_at-2026-09-27T13_45_28.370461_00_00,1,1,0.018553992733359337
chronos2__model_config.context_length-512__pipeline_config.raw_inference.completed_at-2026-09-27T13_49_59.267552_00_00,1,1,0.01871262863278389
chronos2__model_config.context_length-8192__pipeline_config.raw_inference.completed_at-2026-09-26T15_53_11.055192_00_00,1,1,0.027524907141923904
chronos2__model_config.context_length-1024__pipeline_config.raw_inference.completed_at-2026-09-27T13_48_36.254958_00_00,1,1,0.0363849475979805
chronos2__model_config.context_length-2048__pipeline_config.raw_inference.completed_at-2026-09-27T13_44_30.940079_00_00,1,1,0.04954034648835659
chronos2__model_config.context_length-4096__pipeline_config.raw_inference.completed_at-2026-09-27T13_45_28.076495_00_00,1,1,0.08051898889243603
chronos2__model_config.context_length-512__pipeline_config.raw_inference.completed_at-2026-09-27T13_49_58.975851_00_00,1,1,0.0377927478402853
chronos2__model_config.context_length-8192__pipeline_config.raw_inference.completed_at-2026-09-26T15_53_10.748185_00_00,1,1,0.1494110133498907
chronos2__model_config.context_length-1024__pipeline_config.raw_inference.completed_at-2026-09-27T13_48_35.887228_00_00,1,1,0.6413869839161634
chronos2__model_config.context_length-2048__pipeline_config.raw_inference.completed_at-2026-09-27T13_44_30.554033_00_00,1,1,0.525593588128686
chronos2__model_config.context_length-4096__pipeline_config.raw_inference.completed_at-2026-09-27T13_45_27.657912_00_00,1,1,0.6520158816128969
chronos2__model_config.context_length-512__pipeline_config.raw_inference.completed_at-2026-09-27T13_49_58.602946_00_00,1,1,0.4684792160987854
chronos2__model_config.context_length-8192__pipeline_config.raw_inference.completed_at-2026-09-26T15_53_10.265308_00_00,1,1,1.0646973364055157
chronos_bolt__model_config.context_length-1024__pipeline_config.raw_inference.completed_at-2026-09-27T13_25_31.381007_00_00,1,1,0.3113250080496073
chronos_bolt__model_config.context_length-128__pipeline_config.raw_inference.completed_at-2026-09-27T13_31_34.241967_00_00,1,1,0.2106492705643177
chronos_bolt__model_config.context_length-2048__pipeline_config.raw_inference.completed_at-2026-09-26T15_54_13.144229_00_00,1,1,0.40079152025282383
chronos_bolt__model_config.context_length-256__pipeline_config.raw_inference.completed_at-2026-09-27T13_30_47.537983_00_00,1,1,0.2240690439939499
chronos_bolt__model_config.context_length-512__pipeline_config.raw_inference.completed_at-2026-09-27T15_00_52.240141_00_00,1,1,0.24776490405201912
chronos_bolt__model_config.context_length-1024__pipeline_config.raw_inference.completed_at-2026-09-27T13_25_31.015994_00_00,1,1,0.2022633422166109
chronos_bolt__model_config.context_length-128__pipeline_config.raw_inference.completed_at-2026-09-27T13_31_33.975450_00_00,1,1,0.10724971443414688
chronos_bolt__model_config.context_length-2048__pipeline_config.raw_inference.completed_at-2026-09-26T15_54_12.688321_00_00,1,1,0.3466839361935854
chronos_bolt__model_config.context_length-256__pipeline_config.raw_inference.completed_at-2026-09-27T13_30_47.257910_00_00,1,1,0.12083289958536625
chronos_bolt__model_config.context_length-512__pipeline_config.raw_inference.completed_at-2026-09-27T15_00_51.935213_00_00,1,1,0.13981824181973934
chronos_bolt__model_config.context_length-1024__pipeline_config.raw_inference.completed_at-2026-09-27T13_25_30.700581_00_00,1,1,0.4265314694494009
chronos_bolt__model_config.context_length-128__pipeline_config.raw_inference.completed_at-2026-09-27T13_31_33.754071_00_00,1,1,0.41459318436682224
chronos_bolt__model_config.context_length-2048__pipeline_config.raw_inference.completed_at-2026-09-26T15_54_12.227336_00_00,1,1,0.4878161810338497
chronos_bolt__model_config.context_length-256__pipeline_config.raw_inference.completed_at-2026-09-27T13_30_47.021642_00_00,1,1,0.41958213597536087
chronos_bolt__model_config.context_length-512__pipeline_config.raw_inference.completed_at-2026-09-27T15_00_51.679669_00_00,1,1,0.40810571797192097
ts_icl__model_config.context_length-1024__pipeline_config.raw_inference.completed_at-2026-09-27T13_59_13.423776_00_00,1,1,0.04929291643202305
ts_icl__model_config.context_length-2048__pipeline_config.raw_inference.completed_at-2026-09-27T14_05_23.606987_00_00,1,1,0.06967603042721748
ts_icl__model_config.context_length-256__pipeline_config.raw_inference.completed_at-2026-09-27T15_07_39.677797_00_00,1,1,0.03944679535925388
ts_icl__model_config.context_length-4096__pipeline_config.raw_inference.completed_at-2026-09-26T16_21_31.124155_00_00,1,1,0.13298251666128635
ts_icl__model_config.context_length-512__pipeline_config.raw_inference.completed_at-2026-09-27T13_59_02.765815_00_00,1,1,0.042726267129182816
ts_icl__model_config.context_length-1024__pipeline_config.raw_inference.completed_at-2026-09-27T13_59_12.963892_00_00,1,1,0.14709949120879173
ts_icl__model_config.context_length-2048__pipeline_config.raw_inference.completed_at-2026-09-27T14_05_23.130322_00_00,1,1,0.28959335945546627
ts_icl__model_config.context_length-256__pipeline_config.raw_inference.completed_at-2026-09-27T15_07_39.241887_00_00,1,1,0.07535499893128872
ts_icl__model_config.context_length-4096__pipeline_config.raw_inference.completed_at-2026-09-26T16_21_30.587111_00_00,1,1,0.7406959868967533
ts_icl__model_config.context_length-512__pipeline_config.raw_inference.completed_at-2026-09-27T13_59_02.329278_00_00,1,1,0.09470696561038494
ts_icl__model_config.context_length-1024__pipeline_config.raw_inference.completed_at-2026-09-27T13_59_12.263005_00_00,1,1,1.0007598735392094
ts_icl__model_config.context_length-2048__pipeline_config.raw_inference.completed_at-2026-09-27T14_05_22.287010_00_00,1,1,1.859704276546836
ts_icl__model_config.context_length-256__pipeline_config.raw_inference.completed_at-2026-09-27T15_07_38.612189_00_00,1,1,0.49783892184495926
ts_icl__model_config.context_length-4096__pipeline_config.raw_inference.completed_at-2026-09-26T16_21_29.290215_00_00,1,1,4.841252971440554
ts_icl__model_config.context_length-512__pipeline_config.raw_inference.completed_at-2026-09-27T13_59_01.691670_00_00,1,1,0.5459160953760147
chronos2__model_config.context_length-1024__pipeline_config.raw_inference.completed_at-2026-09-27T13_49_27.364446_00_00,1,1,0.23584375716745853
chronos2__model_config.context_length-2048__pipeline_config.raw_inference.completed_at-2026-09-27T13_45_22.159493_00_00,1,1,0.23722201772034168
chronos2__model_config.context_length-4096__pipeline_config.raw_inference.completed_at-2026-09-27T13_46_19.305282_00_00,1,1,0.23745408654212952
chronos2__model_config.context_length-512__pipeline_config.raw_inference.completed_at-2026-09-27T13_50_48.646907_00_00,1,1,0.2381615899503231
chronos2__model_config.context_length-8192__pipeline_config.raw_inference.completed_at-2026-09-26T15_54_02.005414_00_00,1,1,0.23693689703941345
chronos_bolt__model_config.context_length-1024__pipeline_config.raw_inference.completed_at-2026-09-27T13_26_23.339948_00_00,1,1,0.48223889246582985
chronos_bolt__model_config.context_length-128__pipeline_config.raw_inference.completed_at-2026-09-27T13_32_26.244594_00_00,1,1,0.4726398680359125
chronos_bolt__model_config.context_length-2048__pipeline_config.raw_inference.completed_at-2026-09-26T15_55_07.075343_00_00,1,1,0.48335096053779125
chronos_bolt__model_config.context_length-256__pipeline_config.raw_inference.completed_at-2026-09-27T13_31_39.893106_00_00,1,1,0.482175474986434
chronos_bolt__model_config.context_length-512__pipeline_config.raw_inference.completed_at-2026-09-27T15_23_32.750605_00_00,1,1,0.5501916166394949
ts_icl__model_config.context_length-1024__pipeline_config.raw_inference.completed_at-2026-09-27T13_59_57.707808_00_00,1,1,2.9265398383140564
ts_icl__model_config.context_length-2048__pipeline_config.raw_inference.completed_at-2026-09-27T14_06_41.114252_00_00,1,1,2.9641392566263676
ts_icl__model_config.context_length-256__pipeline_config.raw_inference.completed_at-2026-09-27T15_08_18.457491_00_00,1,1,2.96618165448308
ts_icl__model_config.context_length-4096__pipeline_config.raw_inference.completed_at-2026-09-26T16_22_49.277269_00_00,1,1,2.9371749740093946
ts_icl__model_config.context_length-512__pipeline_config.raw_inference.completed_at-2026-09-27T13_59_43.181919_00_00,1,1,2.9397427067160606
chronos2__model_config.context_length-1024__pipeline_config.raw_inference.completed_at-2026-09-27T13_51_38.760456_00_00,1,1,0.20012315176427364
chronos2__model_config.context_length-2048__pipeline_config.raw_inference.completed_at-2026-09-27T13_47_35.687941_00_00,1,1,0.20039736106991768
chronos2__model_config.context_length-4096__pipeline_config.raw_inference.completed_at-2026-09-27T13_48_34.466060_00_00,1,1,0.20156671665608883
chronos2__model_config.context_length-512__pipeline_config.raw_inference.completed_at-2026-09-27T13_53_00.980199_00_00,1,1,0.2003219798207283
chronos2__model_config.context_length-8192__pipeline_config.raw_inference.completed_at-2026-09-26T15_56_21.042709_00_00,1,1,0.20113585516810417
chronos_bolt__model_config.context_length-1024__pipeline_config.raw_inference.completed_at-2026-09-27T13_28_42.614580_00_00,1,1,0.5498877074569464
chronos_bolt__model_config.context_length-128__pipeline_config.raw_inference.completed_at-2026-09-27T13_34_42.308630_00_00,1,1,0.5260772723704576
chronos_bolt__model_config.context_length-2048__pipeline_config.raw_inference.completed_at-2026-09-26T15_57_25.251262_00_00,1,1,0.5499611962586641
chronos_bolt__model_config.context_length-256__pipeline_config.raw_inference.completed_at-2026-09-27T13_33_56.011275_00_00,1,1,0.5549340881407261
chronos_bolt__model_config.context_length-512__pipeline_config.raw_inference.completed_at-2026-09-27T15_25_50.425591_00_00,1,1,0.5514360871165991
ts_icl__model_config.context_length-1024__pipeline_config.raw_inference.completed_at-2026-09-27T14_01_14.941004_00_00,1,1,3.5964853428304195
ts_icl__model_config.context_length-2048__pipeline_config.raw_inference.completed_at-2026-09-27T14_08_06.842307_00_00,1,1,3.6143269687891006
ts_icl__model_config.context_length-256__pipeline_config.raw_inference.completed_at-2026-09-27T15_09_29.732953_00_00,1,1,3.599771223962307
ts_icl__model_config.context_length-4096__pipeline_config.raw_inference.completed_at-2026-09-26T16_24_41.799969_00_00,1,1,3.557822410017252
ts_icl__model_config.context_length-512__pipeline_config.raw_inference.completed_at-2026-09-27T14_00_58.469360_00_00,1,1,3.6236882619559765
chronos2__model_config.context_length-1024__pipeline_config.raw_inference.completed_at-2026-09-27T13_50_24.509783_00_00,1,1,0.21005216240882874
chronos2__model_config.context_length-2048__pipeline_config.raw_inference.completed_at-2026-09-27T13_46_20.809960_00_00,1,1,0.21263539604842663
chronos2__model_config.context_length-4096__pipeline_config.raw_inference.completed_at-2026-09-27T13_47_20.049842_00_00,1,1,0.21343308687210083
chronos2__model_config.context_length-512__pipeline_config.raw_inference.completed_at-2026-09-27T13_51_46.265357_00_00,1,1,0.21313614584505558
chronos2__model_config.context_length-8192__pipeline_config.raw_inference.completed_at-2026-09-26T15_55_06.641830_00_00,1,1,0.2125970870256424
chronos_bolt__model_config.context_length-1024__pipeline_config.raw_inference.completed_at-2026-09-27T13_27_24.525880_00_00,1,1,0.23255754821002483
chronos_bolt__model_config.context_length-128__pipeline_config.raw_inference.completed_at-2026-09-27T13_33_25.752330_00_00,1,1,0.23589540645480156
chronos_bolt__model_config.context_length-2048__pipeline_config.raw_inference.completed_at-2026-09-26T15_56_07.298844_00_00,1,1,0.2515050657093525
chronos_bolt__model_config.context_length-256__pipeline_config.raw_inference.completed_at-2026-09-27T13_32_39.562964_00_00,1,1,0.23497340083122253
chronos_bolt__model_config.context_length-512__pipeline_config.raw_inference.completed_at-2026-09-27T15_24_32.674987_00_00,1,1,0.36559723876416683
ts_icl__model_config.context_length-1024__pipeline_config.raw_inference.completed_at-2026-09-27T14_00_32.181898_00_00,1,1,0.29842154681682587
ts_icl__model_config.context_length-2048__pipeline_config.raw_inference.completed_at-2026-09-27T14_07_24.107297_00_00,1,1,0.2998427711427212
ts_icl__model_config.context_length-256__pipeline_config.raw_inference.completed_at-2026-09-27T15_08_49.492855_00_00,1,1,0.2963353153318167
ts_icl__model_config.context_length-4096__pipeline_config.raw_inference.completed_at-2026-09-26T16_23_59.040212_00_00,1,1,0.3577870484441519
ts_icl__model_config.context_length-512__pipeline_config.raw_inference.completed_at-2026-09-27T14_00_15.333273_00_00,1,1,0.29810927249491215
chronos2__model_config.context_length-1024__pipeline_config.raw_inference.completed_at-2026-09-27T13_50_33.690574_00_00,1,1,0.18552490882575512
chronos2__model_config.context_length-2048__pipeline_config.raw_inference.completed_at-2026-09-27T13_46_30.182853_00_00,1,1,0.18927415646612644
chronos2__model_config.context_length-4096__pipeline_config.raw_inference.completed_at-2026-09-27T13_47_29.340639_00_00,1,1,0.1897037848830223
chronos2__model_config.context_length-512__pipeline_config.raw_inference.completed_at-2026-09-27T13_51_55.530285_00_00,1,1,0.1889418214559555
chronos2__model_config.context_length-8192__pipeline_config.raw_inference.completed_at-2026-09-26T15_55_15.950479_00_00,1,1,0.18847018666565418
chronos_bolt__model_config.context_length-1024__pipeline_config.raw_inference.completed_at-2026-09-27T13_27_34.618795_00_00,1,1,0.2510750759392977
chronos_bolt__model_config.context_length-128__pipeline_config.raw_inference.completed_at-2026-09-27T13_33_35.238137_00_00,1,1,0.24149776436388493
chronos_bolt__model_config.context_length-2048__pipeline_config.raw_inference.completed_at-2026-09-26T15_56_16.748087_00_00,1,1,0.2509199474006891
chronos_bolt__model_config.context_length-256__pipeline_config.raw_inference.completed_at-2026-09-27T13_32_48.994090_00_00,1,1,0.25248295441269875
chronos_bolt__model_config.context_length-512__pipeline_config.raw_inference.completed_at-2026-09-27T15_24_42.466032_00_00,1,1,0.2542088683694601
ts_icl__model_config.context_length-1024__pipeline_config.raw_inference.completed_at-2026-09-27T14_00_36.834599_00_00,1,1,0.5132206808775663
ts_icl__model_config.context_length-2048__pipeline_config.raw_inference.completed_at-2026-09-27T14_07_28.742062_00_00,1,1,0.5097640082240105
ts_icl__model_config.context_length-256__pipeline_config.raw_inference.completed_at-2026-09-27T15_08_54.107868_00_00,1,1,0.5148282088339329
ts_icl__model_config.context_length-4096__pipeline_config.raw_inference.completed_at-2026-09-26T16_24_03.718436_00_00,1,1,0.5758270882070065
ts_icl__model_config.context_length-512__pipeline_config.raw_inference.completed_at-2026-09-27T14_00_19.956040_00_00,1,1,0.5205473732203245
chronos2__model_config.context_length-1024__pipeline_config.raw_inference.completed_at-2026-09-27T13_50_05.947290_00_00,1,1,0.26512263901531696
chronos2__model_config.context_length-2048__pipeline_config.raw_inference.completed_at-2026-09-27T13_46_02.179379_00_00,1,1,0.2117517851293087
chronos2__model_config.context_length-4096__pipeline_config.raw_inference.completed_at-2026-09-27T13_47_01.540132_00_00,1,1,0.2125393357127905
chronos2__model_config.context_length-512__pipeline_config.raw_inference.completed_at-2026-09-27T13_51_27.596632_00_00,1,1,0.21626685373485088
chronos2__model_config.context_length-8192__pipeline_config.raw_inference.completed_at-2026-09-26T15_54_47.983176_00_00,1,1,0.21054657548666
chronos_bolt__model_config.context_length-1024__pipeline_config.raw_inference.completed_at-2026-09-27T13_27_05.046445_00_00,1,1,0.3307660464197397
chronos_bolt__model_config.context_length-128__pipeline_config.raw_inference.completed_at-2026-09-27T13_33_06.705766_00_00,1,1,0.2185864895582199
chronos_bolt__model_config.context_length-2048__pipeline_config.raw_inference.completed_at-2026-09-26T15_55_48.059660_00_00,1,1,0.23013658821582794
chronos_bolt__model_config.context_length-256__pipeline_config.raw_inference.completed_at-2026-09-27T13_32_20.705098_00_00,1,1,0.2280412781983614
chronos_bolt__model_config.context_length-512__pipeline_config.raw_inference.completed_at-2026-09-27T15_24_13.298696_00_00,1,1,0.2290396634489298
ts_icl__model_config.context_length-1024__pipeline_config.raw_inference.completed_at-2026-09-27T14_00_23.237174_00_00,1,1,0.25667519494891167
ts_icl__model_config.context_length-2048__pipeline_config.raw_inference.completed_at-2026-09-27T14_07_15.087475_00_00,1,1,0.2591305039823055
ts_icl__model_config.context_length-256__pipeline_config.raw_inference.completed_at-2026-09-27T15_08_40.749841_00_00,1,1,0.25926162116229534
ts_icl__model_config.context_length-4096__pipeline_config.raw_inference.completed_at-2026-09-26T16_23_50.018373_00_00,1,1,0.405135216191411
ts_icl__model_config.context_length-512__pipeline_config.raw_inference.completed_at-2026-09-27T14_00_05.970575_00_00,1,1,0.2959228064864874
chronos2__model_config.context_length-1024__pipeline_config.raw_inference.completed_at-2026-09-27T13_53_34.393410_00_00,1,1,0.02632669359445572
chronos2__model_config.context_length-2048__pipeline_config.raw_inference.completed_at-2026-09-27T13_49_42.358473_00_00,1,1,0.03514016419649124
chronos2__model_config.context_length-4096__pipeline_config.raw_inference.completed_at-2026-09-27T13_50_57.481601_00_00,1,1,0.04789300821721554
chronos2__model_config.context_length-512__pipeline_config.raw_inference.completed_at-2026-09-27T13_54_51.531000_00_00,1,1,0.021590081974864006
chronos2__model_config.context_length-8192__pipeline_config.raw_inference.completed_at-2026-09-26T15_59_17.220077_00_00,1,1,0.08982253074645996
chronos2__model_config.context_length-1024__pipeline_config.raw_inference.completed_at-2026-09-27T13_53_34.068027_00_00,1,1,0.03539923019707203
chronos2__model_config.context_length-2048__pipeline_config.raw_inference.completed_at-2026-09-27T13_49_42.023303_00_00,1,1,0.047961264848709106
chronos2__model_config.context_length-4096__pipeline_config.raw_inference.completed_at-2026-09-27T13_50_57.129584_00_00,1,1,0.08713641576468945
chronos2__model_config.context_length-512__pipeline_config.raw_inference.completed_at-2026-09-27T13_54_51.210078_00_00,1,1,0.026671724393963814
chronos2__model_config.context_length-8192__pipeline_config.raw_inference.completed_at-2026-09-26T15_59_16.828646_00_00,1,1,0.1743956096470356
chronos2__model_config.context_length-1024__pipeline_config.raw_inference.completed_at-2026-09-27T13_53_33.678211_00_00,1,1,0.3093861769884825
chronos2__model_config.context_length-2048__pipeline_config.raw_inference.completed_at-2026-09-27T13_49_41.620011_00_00,1,1,0.42584486305713654
chronos2__model_config.context_length-4096__pipeline_config.raw_inference.completed_at-2026-09-27T13_50_56.686778_00_00,1,1,0.6373227369040251
chronos2__model_config.context_length-512__pipeline_config.raw_inference.completed_at-2026-09-27T13_54_50.823961_00_00,1,1,0.25136671029031277
chronos2__model_config.context_length-8192__pipeline_config.raw_inference.completed_at-2026-09-26T15_59_16.297649_00_00,1,1,1.1435055248439312
chronos_bolt__model_config.context_length-1024__pipeline_config.raw_inference.completed_at-2026-09-27T13_35_21.189429_00_00,1,1,0.9202129412442446
chronos_bolt__model_config.context_length-128__pipeline_config.raw_inference.completed_at-2026-09-27T13_38_19.337071_00_00,1,1,0.43645680509507656
chronos_bolt__model_config.context_length-2048__pipeline_config.raw_inference.completed_at-2026-09-26T16_07_48.889946_00_00,1,1,1.4043840672820807
chronos_bolt__model_config.context_length-256__pipeline_config.raw_inference.completed_at-2026-09-27T13_37_53.418455_00_00,1,1,0.5094136353582144
chronos_bolt__model_config.context_length-512__pipeline_config.raw_inference.completed_at-2026-09-27T15_30_39.867872_00_00,1,1,0.6377622243016958
chronos_bolt__model_config.context_length-1024__pipeline_config.raw_inference.completed_at-2026-09-27T13_35_20.179730_00_00,1,1,0.8180015310645103
chronos_bolt__model_config.context_length-128__pipeline_config.raw_inference.completed_at-2026-09-27T13_38_18.810960_00_00,1,1,0.36492989026010036
chronos_bolt__model_config.context_length-2048__pipeline_config.raw_inference.completed_at-2026-09-26T16_07_47.396009_00_00,1,1,1.4036972597241402
chronos_bolt__model_config.context_length-256__pipeline_config.raw_inference.completed_at-2026-09-27T13_37_52.818820_00_00,1,1,0.4247356429696083
chronos_bolt__model_config.context_length-512__pipeline_config.raw_inference.completed_at-2026-09-27T15_30_39.137404_00_00,1,1,0.5613843854516745
chronos_bolt__model_config.context_length-1024__pipeline_config.raw_inference.completed_at-2026-09-27T13_35_19.215149_00_00,1,1,0.5027546342462301
chronos_bolt__model_config.context_length-128__pipeline_config.raw_inference.completed_at-2026-09-27T13_38_18.300828_00_00,1,1,0.4779231268912554
chronos_bolt__model_config.context_length-2048__pipeline_config.raw_inference.completed_at-2026-09-26T16_07_45.846542_00_00,1,1,0.5659189783036709
chronos_bolt__model_config.context_length-256__pipeline_config.raw_inference.completed_at-2026-09-27T13_37_52.247920_00_00,1,1,0.4799754377454519
chronos_bolt__model_config.context_length-512__pipeline_config.raw_inference.completed_at-2026-09-27T15_30_38.427291_00_00,1,1,0.4737882912158966
ts_icl__model_config.context_length-1024__pipeline_config.raw_inference.completed_at-2026-09-27T14_03_45.629644_00_00,1,1,0.13375263288617134
ts_icl__model_config.context_length-2048__pipeline_config.raw_inference.completed_at-2026-09-27T14_12_35.625329_00_00,1,1,0.1904264371842146
ts_icl__model_config.context_length-256__pipeline_config.raw_inference.completed_at-2026-09-27T15_11_07.335061_00_00,1,1,0.09666512347757816
ts_icl__model_config.context_length-4096__pipeline_config.raw_inference.completed_at-2026-09-26T16_32_46.568368_00_00,1,1,0.3963604625314474
ts_icl__model_config.context_length-512__pipeline_config.raw_inference.completed_at-2026-09-27T14_02_48.347562_00_00,1,1,0.10872804559767246
ts_icl__model_config.context_length-1024__pipeline_config.raw_inference.completed_at-2026-09-27T14_03_45.061940_00_00,1,1,0.20987787283957005
ts_icl__model_config.context_length-2048__pipeline_config.raw_inference.completed_at-2026-09-27T14_12_34.991710_00_00,1,1,0.34193105250597
ts_icl__model_config.context_length-256__pipeline_config.raw_inference.completed_at-2026-09-27T15_11_06.805392_00_00,1,1,0.13535181619226933
ts_icl__model_config.context_length-4096__pipeline_config.raw_inference.completed_at-2026-09-26T16_32_45.727670_00_00,1,1,0.7053412981331348
ts_icl__model_config.context_length-512__pipeline_config.raw_inference.completed_at-2026-09-27T14_02_47.791690_00_00,1,1,0.15534832887351513
ts_icl__model_config.context_length-1024__pipeline_config.raw_inference.completed_at-2026-09-27T14_03_44.276238_00_00,1,1,1.0315620601177216
ts_icl__model_config.context_length-2048__pipeline_config.raw_inference.completed_at-2026-09-27T14_12_34.067338_00_00,1,1,1.8773309234529734
ts_icl__model_config.context_length-256__pipeline_config.raw_inference.completed_at-2026-09-27T15_11_06.096370_00_00,1,1,0.6240075007081032
ts_icl__model_config.context_length-4096__pipeline_config.raw_inference.completed_at-2026-09-26T16_32_44.445985_00_00,1,1,3.99725404381752
ts_icl__model_config.context_length-512__pipeline_config.raw_inference.completed_at-2026-09-27T14_02_47.054230_00_00,1,1,0.7659744303673506
chronos2__model_config.context_length-1024__pipeline_config.raw_inference.completed_at-2026-09-27T13_47_06.881263_00_00,1,1,0.04048524424433708
chronos2__model_config.context_length-2048__pipeline_config.raw_inference.completed_at-2026-09-27T13_42_49.307573_00_00,1,1,0.04664710722863674
chronos2__model_config.context_length-4096__pipeline_config.raw_inference.completed_at-2026-09-27T13_43_25.505185_00_00,1,1,0.06456104479730129
chronos2__model_config.context_length-512__pipeline_config.raw_inference.completed_at-2026-09-27T13_48_30.211643_00_00,1,1,0.04015284776687622
chronos2__model_config.context_length-8192__pipeline_config.raw_inference.completed_at-2026-09-26T15_50_11.706461_00_00,1,1,0.106172950938344
chronos2__model_config.context_length-1024__pipeline_config.raw_inference.completed_at-2026-09-27T13_47_06.567723_00_00,1,1,0.027230998501181602
chronos2__model_config.context_length-2048__pipeline_config.raw_inference.completed_at-2026-09-27T13_42_48.990834_00_00,1,1,0.04539409279823303
chronos2__model_config.context_length-4096__pipeline_config.raw_inference.completed_at-2026-09-27T13_43_25.166541_00_00,1,1,0.08585904724895954
chronos2__model_config.context_length-512__pipeline_config.raw_inference.completed_at-2026-09-27T13_48_29.899016_00_00,1,1,0.02090124413371086
chronos2__model_config.context_length-8192__pipeline_config.raw_inference.completed_at-2026-09-26T15_50_11.329123_00_00,1,1,0.1753155943006277
chronos2__model_config.context_length-1024__pipeline_config.raw_inference.completed_at-2026-09-27T13_47_06.243282_00_00,1,1,0.24315780587494373
chronos2__model_config.context_length-2048__pipeline_config.raw_inference.completed_at-2026-09-27T13_42_48.650586_00_00,1,1,0.302546713501215
chronos2__model_config.context_length-4096__pipeline_config.raw_inference.completed_at-2026-09-27T13_43_24.782013_00_00,1,1,0.4136318676173687
chronos2__model_config.context_length-512__pipeline_config.raw_inference.completed_at-2026-09-27T13_48_29.580141_00_00,1,1,0.21142564713954926
chronos2__model_config.context_length-8192__pipeline_config.raw_inference.completed_at-2026-09-26T15_50_10.856785_00_00,1,1,0.8576976526528597
chronos_bolt__model_config.context_length-1024__pipeline_config.raw_inference.completed_at-2026-09-27T13_23_17.033735_00_00,1,1,0.16151126846671104
chronos_bolt__model_config.context_length-128__pipeline_config.raw_inference.completed_at-2026-09-27T13_29_44.332245_00_00,1,1,0.0683048889040947
chronos_bolt__model_config.context_length-2048__pipeline_config.raw_inference.completed_at-2026-09-26T15_51_21.235337_00_00,1,1,0.2967744283378124
chronos_bolt__model_config.context_length-256__pipeline_config.raw_inference.completed_at-2026-09-27T13_28_55.790431_00_00,1,1,0.07921123690903187
chronos_bolt__model_config.context_length-512__pipeline_config.raw_inference.completed_at-2026-09-27T14_58_55.520690_00_00,1,1,0.10404632054269314
chronos_bolt__model_config.context_length-1024__pipeline_config.raw_inference.completed_at-2026-09-27T13_23_16.812876_00_00,1,1,0.25981384702026844
chronos_bolt__model_config.context_length-128__pipeline_config.raw_inference.completed_at-2026-09-27T13_29_44.205318_00_00,1,1,0.14187410101294518
chronos_bolt__model_config.context_length-2048__pipeline_config.raw_inference.completed_at-2026-09-26T15_51_20.880163_00_00,1,1,0.4348701946437359
chronos_bolt__model_config.context_length-256__pipeline_config.raw_inference.completed_at-2026-09-27T13_28_55.655133_00_00,1,1,0.20147790759801865
chronos_bolt__model_config.context_length-512__pipeline_config.raw_inference.completed_at-2026-09-27T14_58_55.360274_00_00,1,1,0.18127813190221786
chronos_bolt__model_config.context_length-1024__pipeline_config.raw_inference.completed_at-2026-09-27T13_23_16.470941_00_00,1,1,0.35365593805909157
chronos_bolt__model_config.context_length-128__pipeline_config.raw_inference.completed_at-2026-09-27T13_29_43.980712_00_00,1,1,0.3430780526250601
chronos_bolt__model_config.context_length-2048__pipeline_config.raw_inference.completed_at-2026-09-26T15_51_20.362300_00_00,1,1,0.3917584456503391
chronos_bolt__model_config.context_length-256__pipeline_config.raw_inference.completed_at-2026-09-27T13_28_55.372270_00_00,1,1,0.4986711572855711
chronos_bolt__model_config.context_length-512__pipeline_config.raw_inference.completed_at-2026-09-27T14_58_55.098528_00_00,1,1,0.3468571715056896
ts_icl__model_config.context_length-1024__pipeline_config.raw_inference.completed_at-2026-09-27T13_56_59.847242_00_00,1,1,0.08700808696448803
ts_icl__model_config.context_length-2048__pipeline_config.raw_inference.completed_at-2026-09-27T14_01_24.358078_00_00,1,1,0.16228541173040867
ts_icl__model_config.context_length-256__pipeline_config.raw_inference.completed_at-2026-09-27T15_06_13.829443_00_00,1,1,0.05542980693280697
ts_icl__model_config.context_length-4096__pipeline_config.raw_inference.completed_at-2026-09-26T16_11_51.810372_00_00,1,1,0.3980697076767683
ts_icl__model_config.context_length-512__pipeline_config.raw_inference.completed_at-2026-09-27T13_57_27.197284_00_00,1,1,0.0664672926068306
ts_icl__model_config.context_length-1024__pipeline_config.raw_inference.completed_at-2026-09-27T13_56_59.350960_00_00,1,1,0.19254978001117706
ts_icl__model_config.context_length-2048__pipeline_config.raw_inference.completed_at-2026-09-27T14_01_23.794300_00_00,1,1,0.3731389567255974
ts_icl__model_config.context_length-256__pipeline_config.raw_inference.completed_at-2026-09-27T15_06_13.369223_00_00,1,1,0.09767498075962067
ts_icl__model_config.context_length-4096__pipeline_config.raw_inference.completed_at-2026-09-26T16_11_51.007506_00_00,1,1,0.9607861638069153
ts_icl__model_config.context_length-512__pipeline_config.raw_inference.completed_at-2026-09-27T13_57_26.727934_00_00,1,1,0.1205749548971653
ts_icl__model_config.context_length-1024__pipeline_config.raw_inference.completed_at-2026-09-27T13_56_58.643596_00_00,1,1,0.7834676969796419
ts_icl__model_config.context_length-2048__pipeline_config.raw_inference.completed_at-2026-09-27T14_01_22.917843_00_00,1,1,1.1720475368201733
ts_icl__model_config.context_length-256__pipeline_config.raw_inference.completed_at-2026-09-27T15_06_12.755241_00_00,1,1,0.36287095956504345
ts_icl__model_config.context_length-4096__pipeline_config.raw_inference.completed_at-2026-09-26T16_11_49.521143_00_00,1,1,3.288859996944666
ts_icl__model_config.context_length-512__pipeline_config.raw_inference.completed_at-2026-09-27T13_57_26.099797_00_00,1,1,0.4359620586037636
chronos2__model_config.context_length-1024__pipeline_config.raw_inference.completed_at-2026-09-27T13_49_56.593638_00_00,1,1,0.4275270439684391
chronos2__model_config.context_length-2048__pipeline_config.raw_inference.completed_at-2026-09-27T13_45_52.760791_00_00,1,1,0.6315541919320822
chronos2__model_config.context_length-4096__pipeline_config.raw_inference.completed_at-2026-09-27T13_46_52.132284_00_00,1,1,1.082300778478384
chronos2__model_config.context_length-512__pipeline_config.raw_inference.completed_at-2026-09-27T13_51_17.903488_00_00,1,1,0.3860457558184862
chronos2__model_config.context_length-8192__pipeline_config.raw_inference.completed_at-2026-09-26T15_54_38.621987_00_00,1,1,1.2827612645924091
chronos_bolt__model_config.context_length-1024__pipeline_config.raw_inference.completed_at-2026-09-27T13_26_55.432809_00_00,1,1,0.7120964396744967
chronos_bolt__model_config.context_length-128__pipeline_config.raw_inference.completed_at-2026-09-27T13_32_57.166201_00_00,1,1,0.665399044752121
chronos_bolt__model_config.context_length-2048__pipeline_config.raw_inference.completed_at-2026-09-26T15_55_38.573670_00_00,1,1,0.8497904893010855
chronos_bolt__model_config.context_length-256__pipeline_config.raw_inference.completed_at-2026-09-27T13_32_11.140032_00_00,1,1,0.659261915832758
chronos_bolt__model_config.context_length-512__pipeline_config.raw_inference.completed_at-2026-09-27T15_24_03.741368_00_00,1,1,0.6607622746378183
ts_icl__model_config.context_length-1024__pipeline_config.raw_inference.completed_at-2026-09-27T14_00_18.739329_00_00,1,1,1.8917506616562605
ts_icl__model_config.context_length-2048__pipeline_config.raw_inference.completed_at-2026-09-27T14_07_10.579889_00_00,1,1,3.8743789959698915
ts_icl__model_config.context_length-256__pipeline_config.raw_inference.completed_at-2026-09-27T15_08_36.028125_00_00,1,1,1.027605028823018
ts_icl__model_config.context_length-4096__pipeline_config.raw_inference.completed_at-2026-09-26T16_23_45.381839_00_00,1,1,9.864931035786867
ts_icl__model_config.context_length-512__pipeline_config.raw_inference.completed_at-2026-09-27T14_00_01.256432_00_00,1,1,1.2427716478705406
chronos2__model_config.context_length-1024__pipeline_config.raw_inference.completed_at-2026-09-27T13_51_57.364999_00_00,1,1,0.2084367759525776
chronos2__model_config.context_length-2048__pipeline_config.raw_inference.completed_at-2026-09-27T13_47_54.723066_00_00,1,1,0.4393996987491846
chronos2__model_config.context_length-4096__pipeline_config.raw_inference.completed_at-2026-09-27T13_48_53.301452_00_00,1,1,0.21211718954145908
chronos2__model_config.context_length-512__pipeline_config.raw_inference.completed_at-2026-09-27T13_53_19.549641_00_00,1,1,0.20955201238393784
chronos2__model_config.context_length-8192__pipeline_config.raw_inference.completed_at-2026-09-26T15_56_39.615774_00_00,1,1,0.20953883975744247
chronos_bolt__model_config.context_length-1024__pipeline_config.raw_inference.completed_at-2026-09-27T13_29_01.547918_00_00,1,1,0.22691343910992146
chronos_bolt__model_config.context_length-128__pipeline_config.raw_inference.completed_at-2026-09-27T13_35_01.312835_00_00,1,1,0.21637241914868355
chronos_bolt__model_config.context_length-2048__pipeline_config.raw_inference.completed_at-2026-09-26T15_57_44.023468_00_00,1,1,0.2266604658216238
chronos_bolt__model_config.context_length-256__pipeline_config.raw_inference.completed_at-2026-09-27T13_34_15.032201_00_00,1,1,0.21502904780209064
chronos_bolt__model_config.context_length-512__pipeline_config.raw_inference.completed_at-2026-09-27T15_26_09.528441_00_00,1,1,0.2177612092345953
ts_icl__model_config.context_length-1024__pipeline_config.raw_inference.completed_at-2026-09-27T14_01_24.224959_00_00,1,1,0.2403000369668007
ts_icl__model_config.context_length-2048__pipeline_config.raw_inference.completed_at-2026-09-27T14_08_16.362426_00_00,1,1,0.2544394638389349
ts_icl__model_config.context_length-256__pipeline_config.raw_inference.completed_at-2026-09-27T15_09_38.471775_00_00,1,1,0.1804957278072834
ts_icl__model_config.context_length-4096__pipeline_config.raw_inference.completed_at-2026-09-26T16_24_51.108817_00_00,1,1,0.23457277566194534
ts_icl__model_config.context_length-512__pipeline_config.raw_inference.completed_at-2026-09-27T14_01_07.383937_00_00,1,1,0.3138533588498831
chronos2__model_config.context_length-1024__pipeline_config.raw_inference.completed_at-2026-09-27T13_47_40.548805_00_00,1,1,0.13031765818595886
chronos2__model_config.context_length-2048__pipeline_config.raw_inference.completed_at-2026-09-27T13_43_25.160194_00_00,1,1,0.19173427484929562
chronos2__model_config.context_length-4096__pipeline_config.raw_inference.completed_at-2026-09-27T13_44_05.494006_00_00,1,1,0.34513370506465435
chronos2__model_config.context_length-512__pipeline_config.raw_inference.completed_at-2026-09-27T13_49_03.366015_00_00,1,1,0.08894406072795391
chronos2__model_config.context_length-8192__pipeline_config.raw_inference.completed_at-2026-09-26T15_51_01.033165_00_00,1,1,0.6761443838477135
chronos2__model_config.context_length-1024__pipeline_config.raw_inference.completed_at-2026-09-27T13_47_39.849433_00_00,1,1,0.30671440437436104
chronos2__model_config.context_length-2048__pipeline_config.raw_inference.completed_at-2026-09-27T13_43_24.396191_00_00,1,1,0.4959190543740988
chronos2__model_config.context_length-4096__pipeline_config.raw_inference.completed_at-2026-09-27T13_44_04.576991_00_00,1,1,0.9770876727998257
chronos2__model_config.context_length-512__pipeline_config.raw_inference.completed_at-2026-09-27T13_49_02.707518_00_00,1,1,0.17616077698767185
chronos2__model_config.context_length-8192__pipeline_config.raw_inference.completed_at-2026-09-26T15_50_59.789761_00_00,1,1,2.03146000392735
chronos2__model_config.context_length-1024__pipeline_config.raw_inference.completed_at-2026-09-27T13_47_38.477138_00_00,1,1,1.1148623675107956
chronos2__model_config.context_length-2048__pipeline_config.raw_inference.completed_at-2026-09-27T13_43_22.836747_00_00,1,1,2.062115242704749
chronos2__model_config.context_length-4096__pipeline_config.raw_inference.completed_at-2026-09-27T13_44_02.539607_00_00,1,1,4.146078247576952
chronos2__model_config.context_length-512__pipeline_config.raw_inference.completed_at-2026-09-27T13_49_01.474983_00_00,1,1,0.6697459872812033
chronos2__model_config.context_length-8192__pipeline_config.raw_inference.completed_at-2026-09-26T15_50_56.705854_00_00,1,1,8.476671669632196
chronos_bolt__model_config.context_length-1024__pipeline_config.raw_inference.completed_at-2026-09-27T13_23_58.755169_00_00,1,1,2.9317499678581953
chronos_bolt__model_config.context_length-128__pipeline_config.raw_inference.completed_at-2026-09-27T13_30_22.798621_00_00,1,1,1.1224934197962284
chronos_bolt__model_config.context_length-2048__pipeline_config.raw_inference.completed_at-2026-09-26T15_52_10.540675_00_00,1,1,5.179444497451186
chronos_bolt__model_config.context_length-256__pipeline_config.raw_inference.completed_at-2026-09-27T13_29_33.870858_00_00,1,1,1.3281497731804848
chronos_bolt__model_config.context_length-512__pipeline_config.raw_inference.completed_at-2026-09-27T14_59_34.070501_00_00,1,1,1.8402245696634054
chronos_bolt__model_config.context_length-1024__pipeline_config.raw_inference.completed_at-2026-09-27T13_23_55.438664_00_00,1,1,2.3945304583758116
chronos_bolt__model_config.context_length-128__pipeline_config.raw_inference.completed_at-2026-09-27T13_30_21.283967_00_00,1,1,1.1231452394276857
chronos_bolt__model_config.context_length-2048__pipeline_config.raw_inference.completed_at-2026-09-26T15_52_04.973736_00_00,1,1,4.3582125287503
chronos_bolt__model_config.context_length-256__pipeline_config.raw_inference.completed_at-2026-09-27T13_29_32.151614_00_00,1,1,1.293145276606083
chronos_bolt__model_config.context_length-512__pipeline_config.raw_inference.completed_at-2026-09-27T14_59_31.843799_00_00,1,1,1.521312152966857
chronos_bolt__model_config.context_length-1024__pipeline_config.raw_inference.completed_at-2026-09-27T13_23_52.155325_00_00,1,1,2.1991986241191626
chronos_bolt__model_config.context_length-128__pipeline_config.raw_inference.completed_at-2026-09-27T13_30_19.268799_00_00,1,1,2.1285081487149
chronos_bolt__model_config.context_length-2048__pipeline_config.raw_inference.completed_at-2026-09-26T15_51_59.733636_00_00,1,1,2.7573469653725624
chronos_bolt__model_config.context_length-256__pipeline_config.raw_inference.completed_at-2026-09-27T13_29_29.962611_00_00,1,1,2.099579967558384
chronos_bolt__model_config.context_length-512__pipeline_config.raw_inference.completed_at-2026-09-27T14_59_29.439524_00_00,1,1,2.0068476609885693
ts_icl__model_config.context_length-1024__pipeline_config.raw_inference.completed_at-2026-09-27T13_57_30.967443_00_00,1,1,0.6896294876933098
ts_icl__model_config.context_length-2048__pipeline_config.raw_inference.completed_at-2026-09-27T14_02_11.949837_00_00,1,1,1.3819068372249603
ts_icl__model_config.context_length-256__pipeline_config.raw_inference.completed_at-2026-09-27T15_06_37.479376_00_00,1,1,0.3533394895493984
ts_icl__model_config.context_length-4096__pipeline_config.raw_inference.completed_at-2026-09-26T16_13_30.673581_00_00,1,1,3.5753011647611856
ts_icl__model_config.context_length-512__pipeline_config.raw_inference.completed_at-2026-09-27T13_57_53.106392_00_00,1,1,0.44257150776684284
ts_icl__model_config.context_length-1024__pipeline_config.raw_inference.completed_at-2026-09-27T13_57_29.532203_00_00,1,1,1.832991037517786
ts_icl__model_config.context_length-2048__pipeline_config.raw_inference.completed_at-2026-09-27T14_02_09.829695_00_00,1,1,3.78190697170794
ts_icl__model_config.context_length-256__pipeline_config.raw_inference.completed_at-2026-09-27T15_06_36.398070_00_00,1,1,0.7870582789182663
ts_icl__model_config.context_length-4096__pipeline_config.raw_inference.completed_at-2026-09-26T16_13_26.362732_00_00,1,1,10.126248680055141
ts_icl__model_config.context_length-512__pipeline_config.raw_inference.completed_at-2026-09-27T13_57_51.926987_00_00,1,1,1.074075486510992
ts_icl__model_config.context_length-1024__pipeline_config.raw_inference.completed_at-2026-09-27T13_57_26.339638_00_00,1,1,6.2456972394138575
ts_icl__model_config.context_length-2048__pipeline_config.raw_inference.completed_at-2026-09-27T14_02_04.713461_00_00,1,1,14.58447857759893
ts_icl__model_config.context_length-256__pipeline_config.raw_inference.completed_at-2026-09-27T15_06_34.289680_00_00,1,1,2.865797895938158
ts_icl__model_config.context_length-4096__pipeline_config.raw_inference.completed_at-2026-09-26T16_13_14.902402_00_00,1,1,40.01643034815788
ts_icl__model_config.context_length-512__pipeline_config.raw_inference.completed_at-2026-09-27T13_57_49.532494_00_00,1,1,3.8698417842388153
chronos2__model_config.context_length-1024__pipeline_config.raw_inference.completed_at-2026-09-27T13_48_48.333697_00_00,1,1,1.9160809144377708
chronos2__model_config.context_length-2048__pipeline_config.raw_inference.completed_at-2026-09-27T13_44_43.497769_00_00,1,1,3.029401620849967
chronos2__model_config.context_length-4096__pipeline_config.raw_inference.completed_at-2026-09-27T13_45_40.748200_00_00,1,1,3.200995583087206
chronos2__model_config.context_length-512__pipeline_config.raw_inference.completed_at-2026-09-27T13_50_10.032911_00_00,1,1,1.388109227642417
chronos2__model_config.context_length-8192__pipeline_config.raw_inference.completed_at-2026-09-26T15_53_23.611682_00_00,1,1,3.217762650921941
chronos_bolt__model_config.context_length-1024__pipeline_config.raw_inference.completed_at-2026-09-27T13_25_43.656030_00_00,1,1,3.0060690753161907
chronos_bolt__model_config.context_length-128__pipeline_config.raw_inference.completed_at-2026-09-27T13_31_46.335312_00_00,1,1,2.7163937725126743
chronos_bolt__model_config.context_length-2048__pipeline_config.raw_inference.completed_at-2026-09-26T15_54_26.337432_00_00,1,1,3.9558901842683554
chronos_bolt__model_config.context_length-256__pipeline_config.raw_inference.completed_at-2026-09-27T13_30_59.552776_00_00,1,1,2.7388152983039618
chronos_bolt__model_config.context_length-512__pipeline_config.raw_inference.completed_at-2026-09-27T15_01_04.360407_00_00,1,1,2.7066233064979315
ts_icl__model_config.context_length-1024__pipeline_config.raw_inference.completed_at-2026-09-27T13_59_26.423460_00_00,1,1,8.755457470193505
ts_icl__model_config.context_length-2048__pipeline_config.raw_inference.completed_at-2026-09-27T14_06_09.425033_00_00,1,1,41.503102511167526
ts_icl__model_config.context_length-256__pipeline_config.raw_inference.completed_at-2026-09-27T15_07_47.900793_00_00,1,1,3.985845947638154
ts_icl__model_config.context_length-4096__pipeline_config.raw_inference.completed_at-2026-09-26T16_22_17.175763_00_00,1,1,41.82253032922745
ts_icl__model_config.context_length-512__pipeline_config.raw_inference.completed_at-2026-09-27T13_59_12.402528_00_00,1,1,5.402877574786544
chronos2__model_config.context_length-1024__pipeline_config.raw_inference.completed_at-2026-09-27T13_48_58.619661_00_00,1,1,0.5613799765706062
chronos2__model_config.context_length-2048__pipeline_config.raw_inference.completed_at-2026-09-27T13_44_53.846339_00_00,1,1,0.5678093265742064
chronos2__model_config.context_length-4096__pipeline_config.raw_inference.completed_at-2026-09-27T13_45_51.127115_00_00,1,1,0.5768413487821817
chronos2__model_config.context_length-512__pipeline_config.raw_inference.completed_at-2026-09-27T13_50_20.404284_00_00,1,1,0.5917067117989063
chronos2__model_config.context_length-8192__pipeline_config.raw_inference.completed_at-2026-09-26T15_53_33.873091_00_00,1,1,0.5649919267743826
chronos_bolt__model_config.context_length-1024__pipeline_config.raw_inference.completed_at-2026-09-27T13_25_54.597543_00_00,1,1,1.1051202397793531
chronos_bolt__model_config.context_length-128__pipeline_config.raw_inference.completed_at-2026-09-27T13_31_57.310060_00_00,1,1,1.0468449387699366
chronos_bolt__model_config.context_length-2048__pipeline_config.raw_inference.completed_at-2026-09-26T15_54_37.367123_00_00,1,1,1.150308296084404
chronos_bolt__model_config.context_length-256__pipeline_config.raw_inference.completed_at-2026-09-27T13_31_10.455554_00_00,1,1,1.0485348515212536
chronos_bolt__model_config.context_length-512__pipeline_config.raw_inference.completed_at-2026-09-27T15_23_03.602043_00_00,1,1,1.3808131124824286
ts_icl__model_config.context_length-1024__pipeline_config.raw_inference.completed_at-2026-09-27T13_59_40.564143_00_00,1,1,9.39296294376254
ts_icl__model_config.context_length-2048__pipeline_config.raw_inference.completed_at-2026-09-27T14_06_23.803563_00_00,1,1,9.417580058798194
ts_icl__model_config.context_length-256__pipeline_config.raw_inference.completed_at-2026-09-27T15_08_01.771119_00_00,1,1,9.124821119010448
ts_icl__model_config.context_length-4096__pipeline_config.raw_inference.completed_at-2026-09-26T16_22_31.377150_00_00,1,1,9.429790884256363
ts_icl__model_config.context_length-512__pipeline_config.raw_inference.completed_at-2026-09-27T13_59_26.523348_00_00,1,1,9.33318586833775
chronos2__model_config.context_length-1024__pipeline_config.raw_inference.completed_at-2026-09-27T13_48_25.405004_00_00,1,1,0.6904624048620462
chronos2__model_config.context_length-2048__pipeline_config.raw_inference.completed_at-2026-09-27T13_44_19.100673_00_00,1,1,0.8084385972470045
chronos2__model_config.context_length-4096__pipeline_config.raw_inference.completed_at-2026-09-27T13_45_17.194614_00_00,1,1,1.1950184274464846
chronos2__model_config.context_length-512__pipeline_config.raw_inference.completed_at-2026-09-27T13_49_48.211369_00_00,1,1,0.6352510396391153
chronos2__model_config.context_length-8192__pipeline_config.raw_inference.completed_at-2026-09-26T15_52_59.550091_00_00,1,1,2.0824789125472307
chronos2__model_config.context_length-1024__pipeline_config.raw_inference.completed_at-2026-09-27T13_48_23.040459_00_00,1,1,2.653001941740513
chronos2__model_config.context_length-2048__pipeline_config.raw_inference.completed_at-2026-09-27T13_44_16.609509_00_00,1,1,3.900374511256814
chronos2__model_config.context_length-4096__pipeline_config.raw_inference.completed_at-2026-09-27T13_45_14.322792_00_00,1,1,6.226120004430413
chronos2__model_config.context_length-512__pipeline_config.raw_inference.completed_at-2026-09-27T13_49_45.860843_00_00,1,1,2.6401256546378136
chronos2__model_config.context_length-8192__pipeline_config.raw_inference.completed_at-2026-09-26T15_52_55.794388_00_00,1,1,12.438771849498153
chronos2__model_config.context_length-1024__pipeline_config.raw_inference.completed_at-2026-09-27T13_48_15.245675_00_00,1,1,14.768828082829714
chronos2__model_config.context_length-2048__pipeline_config.raw_inference.completed_at-2026-09-27T13_44_07.521053_00_00,1,1,21.268370412290096
chronos2__model_config.context_length-4096__pipeline_config.raw_inference.completed_at-2026-09-27T13_45_02.936022_00_00,1,1,36.08492377586663
chronos2__model_config.context_length-512__pipeline_config.raw_inference.completed_at-2026-09-27T13_49_38.035709_00_00,1,1,14.749177718535066
chronos2__model_config.context_length-8192__pipeline_config.raw_inference.completed_at-2026-09-26T15_52_38.199887_00_00,1,1,73.49860926344991
chronos_bolt__model_config.context_length-1024__pipeline_config.raw_inference.completed_at-2026-09-27T13_25_20.591214_00_00,1,1,21.400595104321837
chronos_bolt__model_config.context_length-128__pipeline_config.raw_inference.completed_at-2026-09-27T13_31_23.329437_00_00,1,1,8.939733499661088
chronos_bolt__model_config.context_length-2048__pipeline_config.raw_inference.completed_at-2026-09-26T15_54_01.859387_00_00,1,1,32.652760710567236
chronos_bolt__model_config.context_length-256__pipeline_config.raw_inference.completed_at-2026-09-27T13_30_36.655614_00_00,1,1,10.567607102915645
chronos_bolt__model_config.context_length-512__pipeline_config.raw_inference.completed_at-2026-09-27T15_00_41.486168_00_00,1,1,13.763093989342451
chronos_bolt__model_config.context_length-1024__pipeline_config.raw_inference.completed_at-2026-09-27T13_24_57.734832_00_00,1,1,13.977745031937957
chronos_bolt__model_config.context_length-128__pipeline_config.raw_inference.completed_at-2026-09-27T13_31_12.920262_00_00,1,1,6.493394775316119
chronos_bolt__model_config.context_length-2048__pipeline_config.raw_inference.completed_at-2026-09-26T15_53_27.734483_00_00,1,1,25.755703112110496
chronos_bolt__model_config.context_length-256__pipeline_config.raw_inference.completed_at-2026-09-27T13_30_24.633206_00_00,1,1,7.526067491620779
chronos_bolt__model_config.context_length-512__pipeline_config.raw_inference.completed_at-2026-09-27T15_00_26.271912_00_00,1,1,8.701258359476924
chronos_bolt__model_config.context_length-1024__pipeline_config.raw_inference.completed_at-2026-09-27T13_24_38.801459_00_00,1,1,17.840563591569662
chronos_bolt__model_config.context_length-128__pipeline_config.raw_inference.completed_at-2026-09-27T13_31_01.422959_00_00,1,1,16.24403634853661
chronos_bolt__model_config.context_length-2048__pipeline_config.raw_inference.completed_at-2026-09-26T15_52_56.939323_00_00,1,1,22.855650447309017
chronos_bolt__model_config.context_length-256__pipeline_config.raw_inference.completed_at-2026-09-27T13_30_12.143463_00_00,1,1,16.323430372402072
chronos_bolt__model_config.context_length-512__pipeline_config.raw_inference.completed_at-2026-09-27T15_00_12.613096_00_00,1,1,15.933391829952598
ts_icl__model_config.context_length-1024__pipeline_config.raw_inference.completed_at-2026-09-27T13_59_06.498707_00_00,1,1,2.3129899837076664
ts_icl__model_config.context_length-2048__pipeline_config.raw_inference.completed_at-2026-09-27T14_05_13.213961_00_00,1,1,4.145065784454346
ts_icl__model_config.context_length-256__pipeline_config.raw_inference.completed_at-2026-09-27T15_07_33.047755_00_00,1,1,1.221120672300458
ts_icl__model_config.context_length-4096__pipeline_config.raw_inference.completed_at-2026-09-26T16_21_13.726040_00_00,1,1,9.854780355468392
ts_icl__model_config.context_length-512__pipeline_config.raw_inference.completed_at-2026-09-27T13_58_56.518828_00_00,1,1,1.5481970831751823
ts_icl__model_config.context_length-1024__pipeline_config.raw_inference.completed_at-2026-09-27T13_59_02.357975_00_00,1,1,11.656889555975795
ts_icl__model_config.context_length-2048__pipeline_config.raw_inference.completed_at-2026-09-27T14_05_07.267812_00_00,1,1,22.94826021231711
ts_icl__model_config.context_length-256__pipeline_config.raw_inference.completed_at-2026-09-27T15_07_30.070493_00_00,1,1,5.105987023562193
ts_icl__model_config.context_length-4096__pipeline_config.raw_inference.completed_at-2026-09-26T16_21_01.989257_00_00,1,1,60.45972050353885
ts_icl__model_config.context_length-512__pipeline_config.raw_inference.completed_at-2026-09-27T13_58_53.144818_00_00,1,1,6.636373458430171
ts_icl__model_config.context_length-1024__pipeline_config.raw_inference.completed_at-2026-09-27T13_58_45.218576_00_00,1,1,60.55642822571099
ts_icl__model_config.context_length-2048__pipeline_config.raw_inference.completed_at-2026-09-27T14_04_38.770749_00_00,1,1,130.00557653978467
ts_icl__model_config.context_length-256__pipeline_config.raw_inference.completed_at-2026-09-27T15_07_19.582210_00_00,1,1,30.675825841724873
ts_icl__model_config.context_length-4096__pipeline_config.raw_inference.completed_at-2026-09-26T16_19_55.707136_00_00,1,1,356.3620943184942
ts_icl__model_config.context_length-512__pipeline_config.raw_inference.completed_at-2026-09-27T13_58_41.030602_00_00,1,1,36.078238824382424
chronos2__model_config.context_length-1024__pipeline_config.raw_inference.completed_at-2026-09-27T13_46_56.957145_00_00,1,1,0.05135091952979565
chronos2__model_config.context_length-2048__pipeline_config.raw_inference.completed_at-2026-09-27T13_42_39.188304_00_00,1,1,0.08627805300056934
chronos2__model_config.context_length-4096__pipeline_config.raw_inference.completed_at-2026-09-27T13_43_15.150824_00_00,1,1,0.1661977432668209
chronos2__model_config.context_length-512__pipeline_config.raw_inference.completed_at-2026-09-27T13_48_20.246676_00_00,1,1,0.03942858800292015
chronos2__model_config.context_length-8192__pipeline_config.raw_inference.completed_at-2026-09-26T15_50_00.474439_00_00,1,1,0.3097974080592394
chronos2__model_config.context_length-1024__pipeline_config.raw_inference.completed_at-2026-09-27T13_46_56.544511_00_00,1,1,0.0962396040558815
chronos2__model_config.context_length-2048__pipeline_config.raw_inference.completed_at-2026-09-27T13_42_38.740979_00_00,1,1,0.17444725707173347
chronos2__model_config.context_length-4096__pipeline_config.raw_inference.completed_at-2026-09-27T13_43_14.619562_00_00,1,1,0.34220758080482483
chronos2__model_config.context_length-512__pipeline_config.raw_inference.completed_at-2026-09-27T13_48_19.843453_00_00,1,1,0.06563372537493706
chronos2__model_config.context_length-8192__pipeline_config.raw_inference.completed_at-2026-09-26T15_49_59.800093_00_00,1,1,0.7197570148855448
chronos2__model_config.context_length-1024__pipeline_config.raw_inference.completed_at-2026-09-27T13_46_55.966615_00_00,1,1,0.42939082346856594
chronos2__model_config.context_length-2048__pipeline_config.raw_inference.completed_at-2026-09-27T13_42_38.083971_00_00,1,1,0.6648097075521946
chronos2__model_config.context_length-4096__pipeline_config.raw_inference.completed_at-2026-09-27T13_43_13.792906_00_00,1,1,1.1695971135050058
chronos2__model_config.context_length-512__pipeline_config.raw_inference.completed_at-2026-09-27T13_48_19.294095_00_00,1,1,0.3269758392125368
chronos2__model_config.context_length-8192__pipeline_config.raw_inference.completed_at-2026-09-26T15_49_58.583374_00_00,1,1,2.3806664291769266
chronos_bolt__model_config.context_length-1024__pipeline_config.raw_inference.completed_at-2026-09-27T13_23_06.868242_00_00,1,1,0.7022168524563313
chronos_bolt__model_config.context_length-128__pipeline_config.raw_inference.completed_at-2026-09-27T13_29_34.319584_00_00,1,1,0.31844797171652317
chronos_bolt__model_config.context_length-2048__pipeline_config.raw_inference.completed_at-2026-09-26T15_51_10.785196_00_00,1,1,1.2839510161429644
chronos_bolt__model_config.context_length-256__pipeline_config.raw_inference.completed_at-2026-09-27T13_28_45.318234_00_00,1,1,0.36465929076075554
chronos_bolt__model_config.context_length-512__pipeline_config.raw_inference.completed_at-2026-09-27T14_58_45.471876_00_00,1,1,0.4692753218114376
chronos_bolt__model_config.context_length-1024__pipeline_config.raw_inference.completed_at-2026-09-27T13_23_06.005438_00_00,1,1,0.8875023629516363
chronos_bolt__model_config.context_length-128__pipeline_config.raw_inference.completed_at-2026-09-27T13_29_33.843560_00_00,1,1,0.4293118864297867
chronos_bolt__model_config.context_length-2048__pipeline_config.raw_inference.completed_at-2026-09-26T15_51_09.342246_00_00,1,1,1.5653606411069632
chronos_bolt__model_config.context_length-256__pipeline_config.raw_inference.completed_at-2026-09-27T13_28_44.796046_00_00,1,1,0.5480512604117393
chronos_bolt__model_config.context_length-512__pipeline_config.raw_inference.completed_at-2026-09-27T14_58_44.847070_00_00,1,1,0.5738851297646761
chronos_bolt__model_config.context_length-1024__pipeline_config.raw_inference.completed_at-2026-09-27T13_23_04.839059_00_00,1,1,0.7619634997099638
chronos_bolt__model_config.context_length-128__pipeline_config.raw_inference.completed_at-2026-09-27T13_29_33.137728_00_00,1,1,0.7098369598388672
chronos_bolt__model_config.context_length-2048__pipeline_config.raw_inference.completed_at-2026-09-26T15_51_07.500172_00_00,1,1,0.9036677163094282
chronos_bolt__model_config.context_length-256__pipeline_config.raw_inference.completed_at-2026-09-27T13_28_43.966754_00_00,1,1,0.7887676395475864
chronos_bolt__model_config.context_length-512__pipeline_config.raw_inference.completed_at-2026-09-27T14_58_43.997054_00_00,1,1,0.7018631938844919
ts_icl__model_config.context_length-1024__pipeline_config.raw_inference.completed_at-2026-09-27T13_56_53.621122_00_00,1,1,0.32083368860185146
ts_icl__model_config.context_length-2048__pipeline_config.raw_inference.completed_at-2026-09-27T14_01_17.549445_00_00,1,1,0.6271097846329212
ts_icl__model_config.context_length-256__pipeline_config.raw_inference.completed_at-2026-09-27T15_06_08.236536_00_00,1,1,0.16625339165329933
ts_icl__model_config.context_length-4096__pipeline_config.raw_inference.completed_at-2026-09-26T16_11_42.068261_00_00,1,1,1.6614338345825672
ts_icl__model_config.context_length-512__pipeline_config.raw_inference.completed_at-2026-09-27T13_57_21.308506_00_00,1,1,0.2078871838748455
ts_icl__model_config.context_length-1024__pipeline_config.raw_inference.completed_at-2026-09-27T13_56_52.758259_00_00,1,1,0.656980874016881
ts_icl__model_config.context_length-2048__pipeline_config.raw_inference.completed_at-2026-09-27T14_01_16.426954_00_00,1,1,1.3642945792526007
ts_icl__model_config.context_length-256__pipeline_config.raw_inference.completed_at-2026-09-27T15_06_07.576251_00_00,1,1,0.2894572243094444
ts_icl__model_config.context_length-4096__pipeline_config.raw_inference.completed_at-2026-09-26T16_11_39.916630_00_00,1,1,3.6671226527541876
ts_icl__model_config.context_length-512__pipeline_config.raw_inference.completed_at-2026-09-27T13_57_20.612849_00_00,1,1,0.37905832193791866
ts_icl__model_config.context_length-1024__pipeline_config.raw_inference.completed_at-2026-09-27T13_56_51.348265_00_00,1,1,1.8312978968024254
ts_icl__model_config.context_length-2048__pipeline_config.raw_inference.completed_at-2026-09-27T14_01_14.352394_00_00,1,1,4.1200378723442554
ts_icl__model_config.context_length-256__pipeline_config.raw_inference.completed_at-2026-09-27T15_06_06.583045_00_00,1,1,0.9352134633809328
ts_icl__model_config.context_length-4096__pipeline_config.raw_inference.completed_at-2026-09-26T16_11_35.524471_00_00,1,1,11.347293699160218
ts_icl__model_config.context_length-512__pipeline_config.raw_inference.completed_at-2026-09-27T13_57_19.537326_00_00,1,1,1.387737112119794
chronos2__model_config.context_length-1024__pipeline_config.raw_inference.completed_at-2026-09-27T13_46_46.165125_00_00,1,1,0.37162312865257263
chronos2__model_config.context_length-2048__pipeline_config.raw_inference.completed_at-2026-09-27T13_42_28.123655_00_00,1,1,0.6954656112939119
chronos2__model_config.context_length-4096__pipeline_config.raw_inference.completed_at-2026-09-27T13_43_03.385611_00_00,1,1,1.0739705543965101
chronos2__model_config.context_length-512__pipeline_config.raw_inference.completed_at-2026-09-27T13_48_09.647020_00_00,1,1,0.22824827954173088
chronos2__model_config.context_length-8192__pipeline_config.raw_inference.completed_at-2026-09-26T15_49_44.402219_00_00,1,1,1.1441433914005756
chronos2__model_config.context_length-1024__pipeline_config.raw_inference.completed_at-2026-09-27T13_46_45.234633_00_00,1,1,0.7378740012645721
chronos2__model_config.context_length-2048__pipeline_config.raw_inference.completed_at-2026-09-27T13_42_26.868813_00_00,1,1,1.4272373840212822
chronos2__model_config.context_length-4096__pipeline_config.raw_inference.completed_at-2026-09-27T13_43_01.750313_00_00,1,1,2.0440236795693636
chronos2__model_config.context_length-512__pipeline_config.raw_inference.completed_at-2026-09-27T13_48_08.860342_00_00,1,1,0.45200417563319206
chronos2__model_config.context_length-8192__pipeline_config.raw_inference.completed_at-2026-09-26T15_49_42.699250_00_00,1,1,2.047043412923813
chronos2__model_config.context_length-1024__pipeline_config.raw_inference.completed_at-2026-09-27T13_46_43.543828_00_00,1,1,1.8884740937501192
chronos2__model_config.context_length-2048__pipeline_config.raw_inference.completed_at-2026-09-27T13_42_24.490940_00_00,1,1,3.5250882729887962
chronos2__model_config.context_length-4096__pipeline_config.raw_inference.completed_at-2026-09-27T13_42_58.766469_00_00,1,1,5.006639309227467
chronos2__model_config.context_length-512__pipeline_config.raw_inference.completed_at-2026-09-27T13_48_07.456666_00_00,1,1,1.2191672157496214
chronos2__model_config.context_length-8192__pipeline_config.raw_inference.completed_at-2026-09-26T15_49_39.685431_00_00,1,1,4.826221268624067
chronos_bolt__model_config.context_length-1024__pipeline_config.raw_inference.completed_at-2026-09-27T13_22_54.691417_00_00,1,1,0.7344585433602333
chronos_bolt__model_config.context_length-128__pipeline_config.raw_inference.completed_at-2026-09-27T13_29_22.972335_00_00,1,1,0.656269883736968
chronos_bolt__model_config.context_length-2048__pipeline_config.raw_inference.completed_at-2026-09-26T15_50_57.183615_00_00,1,1,0.9545588120818138
chronos_bolt__model_config.context_length-256__pipeline_config.raw_inference.completed_at-2026-09-27T13_28_33.811832_00_00,1,1,0.6572802867740393
chronos_bolt__model_config.context_length-512__pipeline_config.raw_inference.completed_at-2026-09-27T14_58_33.848410_00_00,1,1,0.6555039808154106
chronos_bolt__model_config.context_length-1024__pipeline_config.raw_inference.completed_at-2026-09-27T13_22_53.609018_00_00,1,1,1.4629100318998098
chronos_bolt__model_config.context_length-128__pipeline_config.raw_inference.completed_at-2026-09-27T13_29_21.969167_00_00,1,1,1.3033953104168177
chronos_bolt__model_config.context_length-2048__pipeline_config.raw_inference.completed_at-2026-09-26T15_50_55.876369_00_00,1,1,1.9005167838186026
chronos_bolt__model_config.context_length-256__pipeline_config.raw_inference.completed_at-2026-09-27T13_28_32.800380_00_00,1,1,1.3077854327857494
chronos_bolt__model_config.context_length-512__pipeline_config.raw_inference.completed_at-2026-09-27T14_58_32.845906_00_00,1,1,1.3040654473006725
chronos_bolt__model_config.context_length-1024__pipeline_config.raw_inference.completed_at-2026-09-27T13_22_51.399269_00_00,1,1,3.684556011110544
chronos_bolt__model_config.context_length-128__pipeline_config.raw_inference.completed_at-2026-09-27T13_29_19.923212_00_00,1,1,3.2758374456316233
chronos_bolt__model_config.context_length-2048__pipeline_config.raw_inference.completed_at-2026-09-26T15_50_53.220168_00_00,1,1,4.693757863715291
chronos_bolt__model_config.context_length-256__pipeline_config.raw_inference.completed_at-2026-09-27T13_28_30.749504_00_00,1,1,3.2840823400765657
chronos_bolt__model_config.context_length-512__pipeline_config.raw_inference.completed_at-2026-09-27T14_58_30.797364_00_00,1,1,3.281323876231909
ts_icl__model_config.context_length-1024__pipeline_config.raw_inference.completed_at-2026-09-27T13_56_45.078047_00_00,1,1,2.4986558482050896
ts_icl__model_config.context_length-2048__pipeline_config.raw_inference.completed_at-2026-09-27T14_01_05.850224_00_00,1,1,5.427090898156166
ts_icl__model_config.context_length-256__pipeline_config.raw_inference.completed_at-2026-09-27T15_06_01.269751_00_00,1,1,1.2671807277947664
ts_icl__model_config.context_length-4096__pipeline_config.raw_inference.completed_at-2026-09-26T16_11_19.657416_00_00,1,1,14.220845015719533
ts_icl__model_config.context_length-512__pipeline_config.raw_inference.completed_at-2026-09-27T13_57_13.164353_00_00,1,1,1.527142956852913
ts_icl__model_config.context_length-1024__pipeline_config.raw_inference.completed_at-2026-09-27T13_56_41.815537_00_00,1,1,4.847034223377705
ts_icl__model_config.context_length-2048__pipeline_config.raw_inference.completed_at-2026-09-27T14_00_59.720571_00_00,1,1,10.820451647043228
ts_icl__model_config.context_length-256__pipeline_config.raw_inference.completed_at-2026-09-27T15_05_59.240640_00_00,1,1,2.2644860316067934
ts_icl__model_config.context_length-4096__pipeline_config.raw_inference.completed_at-2026-09-26T16_11_04.726473_00_00,1,1,28.505006393417716
ts_icl__model_config.context_length-512__pipeline_config.raw_inference.completed_at-2026-09-27T13_57_10.870493_00_00,1,1,2.974504604935646
ts_icl__model_config.context_length-1024__pipeline_config.raw_inference.completed_at-2026-09-27T13_56_35.794393_00_00,1,1,11.081912774592638
ts_icl__model_config.context_length-2048__pipeline_config.raw_inference.completed_at-2026-09-27T14_00_47.726030_00_00,1,1,25.14050400070846
ts_icl__model_config.context_length-256__pipeline_config.raw_inference.completed_at-2026-09-27T15_05_55.803199_00_00,1,1,5.015876214951277
ts_icl__model_config.context_length-4096__pipeline_config.raw_inference.completed_at-2026-09-26T16_10_35.031952_00_00,1,1,67.36613115482032
ts_icl__model_config.context_length-512__pipeline_config.raw_inference.completed_at-2026-09-27T13_57_06.708985_00_00,1,1,6.615774556994438
chronos2__model_config.context_length-1024__pipeline_config.raw_inference.completed_at-2026-09-27T13_53_24.124790_00_00,1,1,0.1797883938997984
chronos2__model_config.context_length-2048__pipeline_config.raw_inference.completed_at-2026-09-27T13_49_31.926309_00_00,1,1,0.20507215149700642
chronos2__model_config.context_length-4096__pipeline_config.raw_inference.completed_at-2026-09-27T13_50_46.847502_00_00,1,1,0.2067328318953514
chronos2__model_config.context_length-512__pipeline_config.raw_inference.completed_at-2026-09-27T13_54_41.384943_00_00,1,1,0.13715254329144955
chronos2__model_config.context_length-8192__pipeline_config.raw_inference.completed_at-2026-09-26T15_59_05.721714_00_00,1,1,0.21825782395899296
chronos2__model_config.context_length-1024__pipeline_config.raw_inference.completed_at-2026-09-27T13_53_23.489801_00_00,1,1,0.2566473186016083
chronos2__model_config.context_length-2048__pipeline_config.raw_inference.completed_at-2026-09-27T13_49_31.268680_00_00,1,1,0.336949709802866
chronos2__model_config.context_length-4096__pipeline_config.raw_inference.completed_at-2026-09-27T13_50_46.185616_00_00,1,1,0.33974650874733925
chronos2__model_config.context_length-512__pipeline_config.raw_inference.completed_at-2026-09-27T13_54_40.793426_00_00,1,1,0.15988630056381226
chronos2__model_config.context_length-8192__pipeline_config.raw_inference.completed_at-2026-09-26T15_59_05.052734_00_00,1,1,0.3412276729941368
chronos2__model_config.context_length-1024__pipeline_config.raw_inference.completed_at-2026-09-27T13_53_22.292981_00_00,1,1,1.5006525348871946
chronos2__model_config.context_length-2048__pipeline_config.raw_inference.completed_at-2026-09-27T13_49_29.997213_00_00,1,1,2.440098140388727
chronos2__model_config.context_length-4096__pipeline_config.raw_inference.completed_at-2026-09-27T13_50_44.906560_00_00,1,1,2.462526189163327
chronos2__model_config.context_length-512__pipeline_config.raw_inference.completed_at-2026-09-27T13_54_39.696006_00_00,1,1,0.9377275016158819
chronos2__model_config.context_length-8192__pipeline_config.raw_inference.completed_at-2026-09-26T15_59_03.772445_00_00,1,1,2.655595652759075
chronos_bolt__model_config.context_length-1024__pipeline_config.raw_inference.completed_at-2026-09-27T13_35_09.406385_00_00,1,1,4.585964584723115
chronos_bolt__model_config.context_length-128__pipeline_config.raw_inference.completed_at-2026-09-27T13_38_08.448004_00_00,1,1,1.7284492794424295
chronos_bolt__model_config.context_length-2048__pipeline_config.raw_inference.completed_at-2026-09-26T16_07_36.052058_00_00,1,1,5.767583016306162
chronos_bolt__model_config.context_length-256__pipeline_config.raw_inference.completed_at-2026-09-27T13_37_42.479971_00_00,1,1,2.0040167700499296
chronos_bolt__model_config.context_length-512__pipeline_config.raw_inference.completed_at-2026-09-27T15_30_28.579526_00_00,1,1,2.8880250100046396
chronos_bolt__model_config.context_length-1024__pipeline_config.raw_inference.completed_at-2026-09-27T13_35_04.581731_00_00,1,1,3.496258396655321
chronos_bolt__model_config.context_length-128__pipeline_config.raw_inference.completed_at-2026-09-27T13_38_06.478076_00_00,1,1,1.466819416731596
chronos_bolt__model_config.context_length-2048__pipeline_config.raw_inference.completed_at-2026-09-26T16_07_30.046027_00_00,1,1,5.085257804021239
chronos_bolt__model_config.context_length-256__pipeline_config.raw_inference.completed_at-2026-09-27T13_37_40.234560_00_00,1,1,1.6870720405131578
chronos_bolt__model_config.context_length-512__pipeline_config.raw_inference.completed_at-2026-09-27T15_30_25.451677_00_00,1,1,2.249887388199568
chronos_bolt__model_config.context_length-1024__pipeline_config.raw_inference.completed_at-2026-09-27T13_35_00.354156_00_00,1,1,3.005122359842062
chronos_bolt__model_config.context_length-128__pipeline_config.raw_inference.completed_at-2026-09-27T13_38_04.269545_00_00,1,1,2.7546626925468445
chronos_bolt__model_config.context_length-2048__pipeline_config.raw_inference.completed_at-2026-09-26T16_07_24.222941_00_00,1,1,3.5580036360770464
chronos_bolt__model_config.context_length-256__pipeline_config.raw_inference.completed_at-2026-09-27T13_37_37.791210_00_00,1,1,2.7112518548965454
chronos_bolt__model_config.context_length-512__pipeline_config.raw_inference.completed_at-2026-09-27T15_30_22.454151_00_00,1,1,2.699529943987727
ts_icl__model_config.context_length-1024__pipeline_config.raw_inference.completed_at-2026-09-27T14_03_38.719449_00_00,1,1,0.7721416354179382
ts_icl__model_config.context_length-2048__pipeline_config.raw_inference.completed_at-2026-09-27T14_12_27.606459_00_00,1,1,2.303410416468978
ts_icl__model_config.context_length-256__pipeline_config.raw_inference.completed_at-2026-09-27T15_11_01.193693_00_00,1,1,0.4479478243738413
ts_icl__model_config.context_length-4096__pipeline_config.raw_inference.completed_at-2026-09-26T16_32_36.167971_00_00,1,1,2.3083442095667124
ts_icl__model_config.context_length-512__pipeline_config.raw_inference.completed_at-2026-09-27T14_02_42.037935_00_00,1,1,0.5467697158455849
ts_icl__model_config.context_length-1024__pipeline_config.raw_inference.completed_at-2026-09-27T14_03_37.291357_00_00,1,1,1.2792634852230549
ts_icl__model_config.context_length-2048__pipeline_config.raw_inference.completed_at-2026-09-27T14_12_24.652308_00_00,1,1,4.700878733769059
ts_icl__model_config.context_length-256__pipeline_config.raw_inference.completed_at-2026-09-27T15_11_00.094782_00_00,1,1,0.7870780862867832
ts_icl__model_config.context_length-4096__pipeline_config.raw_inference.completed_at-2026-09-26T16_32_33.210606_00_00,1,1,4.724684810265899
ts_icl__model_config.context_length-512__pipeline_config.raw_inference.completed_at-2026-09-27T14_02_40.835140_00_00,1,1,0.9338578954339027
ts_icl__model_config.context_length-1024__pipeline_config.raw_inference.completed_at-2026-09-27T14_03_34.754787_00_00,1,1,8.289793979376554
ts_icl__model_config.context_length-2048__pipeline_config.raw_inference.completed_at-2026-09-27T14_12_18.773443_00_00,1,1,32.77084722928703
ts_icl__model_config.context_length-256__pipeline_config.raw_inference.completed_at-2026-09-27T15_10_58.141942_00_00,1,1,4.881478996947408
ts_icl__model_config.context_length-4096__pipeline_config.raw_inference.completed_at-2026-09-26T16_32_27.329224_00_00,1,1,32.867394868284464
ts_icl__model_config.context_length-512__pipeline_config.raw_inference.completed_at-2026-09-27T14_02_38.730586_00_00,1,1,5.789191102609038
chronos2__model_config.context_length-1024__pipeline_config.raw_inference.completed_at-2026-09-27T13_52_07.062000_00_00,1,1,0.45327049493789673
chronos2__model_config.context_length-2048__pipeline_config.raw_inference.completed_at-2026-09-27T13_48_04.475399_00_00,1,1,0.6172565594315529
chronos2__model_config.context_length-4096__pipeline_config.raw_inference.completed_at-2026-09-27T13_49_03.038267_00_00,1,1,0.6194587405771017
chronos2__model_config.context_length-512__pipeline_config.raw_inference.completed_at-2026-09-27T13_53_29.176034_00_00,1,1,0.36847043968737125
chronos2__model_config.context_length-8192__pipeline_config.raw_inference.completed_at-2026-09-26T15_56_49.384839_00_00,1,1,0.6225547306239605
chronos_bolt__model_config.context_length-1024__pipeline_config.raw_inference.completed_at-2026-09-27T13_29_11.476450_00_00,1,1,0.7151553109288216
chronos_bolt__model_config.context_length-128__pipeline_config.raw_inference.completed_at-2026-09-27T13_35_11.265757_00_00,1,1,0.6637359317392111
chronos_bolt__model_config.context_length-2048__pipeline_config.raw_inference.completed_at-2026-09-26T15_57_54.164063_00_00,1,1,0.8910238165408373
chronos_bolt__model_config.context_length-256__pipeline_config.raw_inference.completed_at-2026-09-27T13_34_24.955664_00_00,1,1,0.6651225872337818
chronos_bolt__model_config.context_length-512__pipeline_config.raw_inference.completed_at-2026-09-27T15_26_19.458848_00_00,1,1,0.6569653358310461
ts_icl__model_config.context_length-1024__pipeline_config.raw_inference.completed_at-2026-09-27T14_01_30.088656_00_00,1,1,1.705846719443798
ts_icl__model_config.context_length-2048__pipeline_config.raw_inference.completed_at-2026-09-27T14_08_27.968571_00_00,1,1,7.462831061333418
ts_icl__model_config.context_length-256__pipeline_config.raw_inference.completed_at-2026-09-27T15_09_43.490256_00_00,1,1,0.8482831474393606
ts_icl__model_config.context_length-4096__pipeline_config.raw_inference.completed_at-2026-09-26T16_25_02.734529_00_00,1,1,7.478603854775429
ts_icl__model_config.context_length-512__pipeline_config.raw_inference.completed_at-2026-09-27T14_01_12.684288_00_00,1,1,1.1751389149576426
chronos2__model_config.context_length-1024__pipeline_config.raw_inference.completed_at-2026-09-27T13_52_16.823297_00_00,1,1,0.5200031585991383
chronos2__model_config.context_length-2048__pipeline_config.raw_inference.completed_at-2026-09-27T13_48_14.546017_00_00,1,1,0.7948675323277712
chronos2__model_config.context_length-4096__pipeline_config.raw_inference.completed_at-2026-09-27T13_49_13.047774_00_00,1,1,0.7969425451010466
chronos2__model_config.context_length-512__pipeline_config.raw_inference.completed_at-2026-09-27T13_53_38.875732_00_00,1,1,0.38783992640674114
chronos2__model_config.context_length-8192__pipeline_config.raw_inference.completed_at-2026-09-26T15_56_59.410157_00_00,1,1,0.8022119756788015
chronos_bolt__model_config.context_length-1024__pipeline_config.raw_inference.completed_at-2026-09-27T13_29_21.795505_00_00,1,1,0.9457484949380159
chronos_bolt__model_config.context_length-128__pipeline_config.raw_inference.completed_at-2026-09-27T13_35_21.542921_00_00,1,1,0.8568964470177889
chronos_bolt__model_config.context_length-2048__pipeline_config.raw_inference.completed_at-2026-09-26T15_58_04.699286_00_00,1,1,1.2324194479733706
chronos_bolt__model_config.context_length-256__pipeline_config.raw_inference.completed_at-2026-09-27T13_34_35.224226_00_00,1,1,0.8716856725513935
chronos_bolt__model_config.context_length-512__pipeline_config.raw_inference.completed_at-2026-09-27T15_26_29.675321_00_00,1,1,0.8566942550241947
ts_icl__model_config.context_length-1024__pipeline_config.raw_inference.completed_at-2026-09-27T14_01_36.744670_00_00,1,1,2.37735147587955
ts_icl__model_config.context_length-2048__pipeline_config.raw_inference.completed_at-2026-09-27T14_08_42.805051_00_00,1,1,10.549842638894916
ts_icl__model_config.context_length-256__pipeline_config.raw_inference.completed_at-2026-09-27T15_09_48.916661_00_00,1,1,1.1448356974869967
ts_icl__model_config.context_length-4096__pipeline_config.raw_inference.completed_at-2026-09-26T16_25_17.435025_00_00,1,1,10.442289749160409
ts_icl__model_config.context_length-512__pipeline_config.raw_inference.completed_at-2026-09-27T14_01_18.543195_00_00,1,1,1.5222131181508303
chronos2__model_config.context_length-1024__pipeline_config.raw_inference.completed_at-2026-09-27T13_50_42.804963_00_00,1,1,0.1840304546058178
chronos2__model_config.context_length-2048__pipeline_config.raw_inference.completed_at-2026-09-27T13_46_39.411836_00_00,1,1,0.18713058717548847
chronos2__model_config.context_length-4096__pipeline_config.raw_inference.completed_at-2026-09-27T13_47_38.611068_00_00,1,1,0.1845790110528469
chronos2__model_config.context_length-512__pipeline_config.raw_inference.completed_at-2026-09-27T13_52_04.781121_00_00,1,1,0.1893247477710247
chronos2__model_config.context_length-8192__pipeline_config.raw_inference.completed_at-2026-09-26T15_55_25.157102_00_00,1,1,0.1909192819148302
chronos_bolt__model_config.context_length-1024__pipeline_config.raw_inference.completed_at-2026-09-27T13_27_44.073341_00_00,1,1,0.30358743108808994
chronos_bolt__model_config.context_length-128__pipeline_config.raw_inference.completed_at-2026-09-27T13_33_44.752594_00_00,1,1,0.29183243960142136
chronos_bolt__model_config.context_length-2048__pipeline_config.raw_inference.completed_at-2026-09-26T15_56_26.248635_00_00,1,1,0.30582667514681816
chronos_bolt__model_config.context_length-256__pipeline_config.raw_inference.completed_at-2026-09-27T13_32_58.497147_00_00,1,1,0.29415114410221577
chronos_bolt__model_config.context_length-512__pipeline_config.raw_inference.completed_at-2026-09-27T15_24_52.260669_00_00,1,1,0.306242473423481
ts_icl__model_config.context_length-1024__pipeline_config.raw_inference.completed_at-2026-09-27T14_00_41.946442_00_00,1,1,0.9811413902789354
ts_icl__model_config.context_length-2048__pipeline_config.raw_inference.completed_at-2026-09-27T14_07_33.858559_00_00,1,1,0.9971345867961645
ts_icl__model_config.context_length-256__pipeline_config.raw_inference.completed_at-2026-09-27T15_08_58.499194_00_00,1,1,0.2763233222067356
ts_icl__model_config.context_length-4096__pipeline_config.raw_inference.completed_at-2026-09-26T16_24_08.825830_00_00,1,1,1.0123887546360493
ts_icl__model_config.context_length-512__pipeline_config.raw_inference.completed_at-2026-09-27T14_00_25.209588_00_00,1,1,1.0988834016025066
chronos2__model_config.context_length-1024__pipeline_config.raw_inference.completed_at-2026-09-27T13_49_46.786649_00_00,1,1,1.0218585301190615
chronos2__model_config.context_length-2048__pipeline_config.raw_inference.completed_at-2026-09-27T13_45_42.643717_00_00,1,1,1.8204657193273306
chronos2__model_config.context_length-4096__pipeline_config.raw_inference.completed_at-2026-09-27T13_46_41.555567_00_00,1,1,3.511544220149517
chronos2__model_config.context_length-512__pipeline_config.raw_inference.completed_at-2026-09-27T13_51_07.958241_00_00,1,1,0.6162319984287024
chronos2__model_config.context_length-8192__pipeline_config.raw_inference.completed_at-2026-09-26T15_54_27.831601_00_00,1,1,7.176064524799585
chronos_bolt__model_config.context_length-1024__pipeline_config.raw_inference.completed_at-2026-09-27T13_26_44.788952_00_00,1,1,2.274445556104183
chronos_bolt__model_config.context_length-128__pipeline_config.raw_inference.completed_at-2026-09-27T13_32_46.821216_00_00,1,1,1.707573028281331
chronos_bolt__model_config.context_length-2048__pipeline_config.raw_inference.completed_at-2026-09-26T15_55_28.176860_00_00,1,1,2.331964299082756
chronos_bolt__model_config.context_length-256__pipeline_config.raw_inference.completed_at-2026-09-27T13_32_00.809012_00_00,1,1,1.8012144919484854
chronos_bolt__model_config.context_length-512__pipeline_config.raw_inference.completed_at-2026-09-27T15_23_53.442645_00_00,1,1,1.699008785188198
ts_icl__model_config.context_length-1024__pipeline_config.raw_inference.completed_at-2026-09-27T14_00_12.271364_00_00,1,1,5.839230848476291
ts_icl__model_config.context_length-2048__pipeline_config.raw_inference.completed_at-2026-09-27T14_07_02.114406_00_00,1,1,12.019424280151725
ts_icl__model_config.context_length-256__pipeline_config.raw_inference.completed_at-2026-09-27T15_08_30.318235_00_00,1,1,3.1540105920284986
ts_icl__model_config.context_length-4096__pipeline_config.raw_inference.completed_at-2026-09-26T16_23_30.955745_00_00,1,1,32.254486959427595
ts_icl__model_config.context_length-512__pipeline_config.raw_inference.completed_at-2026-09-27T13_59_55.462410_00_00,1,1,3.6399148758500814
chronos2__model_config.context_length-1024__pipeline_config.raw_inference.completed_at-2026-09-27T13_50_15.245754_00_00,1,1,0.18774462305009365
chronos2__model_config.context_length-2048__pipeline_config.raw_inference.completed_at-2026-09-27T13_46_11.468879_00_00,1,1,0.18775729276239872
chronos2__model_config.context_length-4096__pipeline_config.raw_inference.completed_at-2026-09-27T13_47_10.753486_00_00,1,1,0.1878244113177061
chronos2__model_config.context_length-512__pipeline_config.raw_inference.completed_at-2026-09-27T13_51_36.947822_00_00,1,1,0.18676392547786236
chronos2__model_config.context_length-8192__pipeline_config.raw_inference.completed_at-2026-09-26T15_54_57.246214_00_00,1,1,0.1882578246295452
chronos_bolt__model_config.context_length-1024__pipeline_config.raw_inference.completed_at-2026-09-27T13_27_15.025753_00_00,1,1,0.41510075703263283
chronos_bolt__model_config.context_length-128__pipeline_config.raw_inference.completed_at-2026-09-27T13_33_16.205896_00_00,1,1,0.24275114201009274
chronos_bolt__model_config.context_length-2048__pipeline_config.raw_inference.completed_at-2026-09-26T15_55_57.614904_00_00,1,1,0.25068590603768826
chronos_bolt__model_config.context_length-256__pipeline_config.raw_inference.completed_at-2026-09-27T13_32_30.144508_00_00,1,1,0.2421636115759611
chronos_bolt__model_config.context_length-512__pipeline_config.raw_inference.completed_at-2026-09-27T15_24_22.694467_00_00,1,1,0.24190028570592403
ts_icl__model_config.context_length-1024__pipeline_config.raw_inference.completed_at-2026-09-27T14_00_27.765085_00_00,1,1,0.4104080218821764
ts_icl__model_config.context_length-2048__pipeline_config.raw_inference.completed_at-2026-09-27T14_07_19.665944_00_00,1,1,0.42101066932082176
ts_icl__model_config.context_length-256__pipeline_config.raw_inference.completed_at-2026-09-27T15_08_45.093222_00_00,1,1,0.20058903098106384
ts_icl__model_config.context_length-4096__pipeline_config.raw_inference.completed_at-2026-09-26T16_23_54.550901_00_00,1,1,0.4226381927728653
ts_icl__model_config.context_length-512__pipeline_config.raw_inference.completed_at-2026-09-27T14_00_10.927288_00_00,1,1,0.2197869960218668
chronos2__model_config.context_length-1024__pipeline_config.raw_inference.completed_at-2026-09-27T13_51_48.084754_00_00,1,1,0.187467148527503
chronos2__model_config.context_length-2048__pipeline_config.raw_inference.completed_at-2026-09-27T13_47_45.011989_00_00,1,1,0.18988102301955223
chronos2__model_config.context_length-4096__pipeline_config.raw_inference.completed_at-2026-09-27T13_48_43.876067_00_00,1,1,0.18801314942538738
chronos2__model_config.context_length-512__pipeline_config.raw_inference.completed_at-2026-09-27T13_53_10.257076_00_00,1,1,0.18910651467740536
chronos2__model_config.context_length-8192__pipeline_config.raw_inference.completed_at-2026-09-26T15_56_30.337924_00_00,1,1,0.1882450208067894
chronos_bolt__model_config.context_length-1024__pipeline_config.raw_inference.completed_at-2026-09-27T13_28_52.165445_00_00,1,1,0.29057532735168934
chronos_bolt__model_config.context_length-128__pipeline_config.raw_inference.completed_at-2026-09-27T13_34_51.851337_00_00,1,1,0.2776528690010309
chronos_bolt__model_config.context_length-2048__pipeline_config.raw_inference.completed_at-2026-09-26T15_57_34.693765_00_00,1,1,0.2863972056657076
chronos_bolt__model_config.context_length-256__pipeline_config.raw_inference.completed_at-2026-09-27T13_34_05.572527_00_00,1,1,0.2740479726344347
chronos_bolt__model_config.context_length-512__pipeline_config.raw_inference.completed_at-2026-09-27T15_26_00.047356_00_00,1,1,0.2755671590566635
ts_icl__model_config.context_length-1024__pipeline_config.raw_inference.completed_at-2026-09-27T14_01_19.862438_00_00,1,1,0.7398041747510433
ts_icl__model_config.context_length-2048__pipeline_config.raw_inference.completed_at-2026-09-27T14_08_11.948934_00_00,1,1,0.8631249088793993
ts_icl__model_config.context_length-256__pipeline_config.raw_inference.completed_at-2026-09-27T15_09_34.170359_00_00,1,1,0.25050861202180386
ts_icl__model_config.context_length-4096__pipeline_config.raw_inference.completed_at-2026-09-26T16_24_46.721344_00_00,1,1,0.7498055472970009
ts_icl__model_config.context_length-512__pipeline_config.raw_inference.completed_at-2026-09-27T14_01_02.973613_00_00,1,1,0.27246607653796673
chronos2__model_config.context_length-1024__pipeline_config.raw_inference.completed_at-2026-09-27T13_50_52.185153_00_00,1,1,0.20024531707167625
chronos2__model_config.context_length-2048__pipeline_config.raw_inference.completed_at-2026-09-27T13_46_48.851903_00_00,1,1,0.18738888949155807
chronos2__model_config.context_length-4096__pipeline_config.raw_inference.completed_at-2026-09-27T13_47_47.870080_00_00,1,1,0.18745707906782627
chronos2__model_config.context_length-512__pipeline_config.raw_inference.completed_at-2026-09-27T13_52_14.047824_00_00,1,1,0.18849363923072815
chronos2__model_config.context_length-8192__pipeline_config.raw_inference.completed_at-2026-09-26T15_55_34.412670_00_00,1,1,0.18787822872400284
chronos_bolt__model_config.context_length-1024__pipeline_config.raw_inference.completed_at-2026-09-27T13_27_53.528895_00_00,1,1,0.24987133778631687
chronos_bolt__model_config.context_length-128__pipeline_config.raw_inference.completed_at-2026-09-27T13_33_54.266043_00_00,1,1,0.24321225844323635
chronos_bolt__model_config.context_length-2048__pipeline_config.raw_inference.completed_at-2026-09-26T15_56_36.189832_00_00,1,1,0.3622156959027052
chronos_bolt__model_config.context_length-256__pipeline_config.raw_inference.completed_at-2026-09-27T13_33_08.091737_00_00,1,1,0.23878882266581059
chronos_bolt__model_config.context_length-512__pipeline_config.raw_inference.completed_at-2026-09-27T15_25_01.958010_00_00,1,1,0.2528922986239195
ts_icl__model_config.context_length-1024__pipeline_config.raw_inference.completed_at-2026-09-27T14_00_46.657036_00_00,1,1,0.517662338912487
ts_icl__model_config.context_length-2048__pipeline_config.raw_inference.completed_at-2026-09-27T14_07_38.540922_00_00,1,1,0.5302619207650423
ts_icl__model_config.context_length-256__pipeline_config.raw_inference.completed_at-2026-09-27T15_09_02.844643_00_00,1,1,0.2167909312993288
ts_icl__model_config.context_length-4096__pipeline_config.raw_inference.completed_at-2026-09-26T16_24_13.471230_00_00,1,1,0.5505684707313776
ts_icl__model_config.context_length-512__pipeline_config.raw_inference.completed_at-2026-09-27T14_00_29.930066_00_00,1,1,0.5543703623116016
chronos2__model_config.context_length-1024__pipeline_config.raw_inference.completed_at-2026-09-27T13_51_29.511316_00_00,1,1,0.1836316492408514
chronos2__model_config.context_length-2048__pipeline_config.raw_inference.completed_at-2026-09-27T13_47_26.390683_00_00,1,1,0.18416192382574081
chronos2__model_config.context_length-4096__pipeline_config.raw_inference.completed_at-2026-09-27T13_48_25.163713_00_00,1,1,0.1847123336046934
chronos2__model_config.context_length-512__pipeline_config.raw_inference.completed_at-2026-09-27T13_52_51.718146_00_00,1,1,0.18453517369925976
chronos2__model_config.context_length-8192__pipeline_config.raw_inference.completed_at-2026-09-26T15_56_11.762064_00_00,1,1,0.18553589098155499
chronos_bolt__model_config.context_length-1024__pipeline_config.raw_inference.completed_at-2026-09-27T13_28_32.596238_00_00,1,1,0.3030396141111851
chronos_bolt__model_config.context_length-128__pipeline_config.raw_inference.completed_at-2026-09-27T13_34_32.381063_00_00,1,1,0.29306622594594955
chronos_bolt__model_config.context_length-2048__pipeline_config.raw_inference.completed_at-2026-09-26T15_57_15.535235_00_00,1,1,0.3053137753158808
chronos_bolt__model_config.context_length-256__pipeline_config.raw_inference.completed_at-2026-09-27T13_33_46.197769_00_00,1,1,0.301948893815279
chronos_bolt__model_config.context_length-512__pipeline_config.raw_inference.completed_at-2026-09-27T15_25_40.643451_00_00,1,1,0.3061897028237581
ts_icl__model_config.context_length-1024__pipeline_config.raw_inference.completed_at-2026-09-27T14_01_07.205106_00_00,1,1,1.0327071491628885
ts_icl__model_config.context_length-2048__pipeline_config.raw_inference.completed_at-2026-09-27T14_07_59.088544_00_00,1,1,1.0587695743888617
ts_icl__model_config.context_length-256__pipeline_config.raw_inference.completed_at-2026-09-27T15_09_22.021258_00_00,1,1,0.2796152476221323
ts_icl__model_config.context_length-4096__pipeline_config.raw_inference.completed_at-2026-09-26T16_24_34.130643_00_00,1,1,1.0347337275743484
ts_icl__model_config.context_length-512__pipeline_config.raw_inference.completed_at-2026-09-27T14_00_50.556087_00_00,1,1,1.090794913470745
chronos2__model_config.context_length-1024__pipeline_config.raw_inference.completed_at-2026-09-27T13_43_35.385718_00_00,1,1,0.18792255781590939
chronos2__model_config.context_length-2048__pipeline_config.raw_inference.completed_at-2026-09-27T13_38_42.054964_00_00,1,1,0.294986579567194
chronos2__model_config.context_length-4096__pipeline_config.raw_inference.completed_at-2026-09-27T13_38_21.129768_00_00,1,1,0.5090870764106512
chronos2__model_config.context_length-512__pipeline_config.raw_inference.completed_at-2026-09-27T13_45_14.766566_00_00,1,1,0.13288399390876293
chronos2__model_config.context_length-8192__pipeline_config.raw_inference.completed_at-2026-09-26T15_43_43.625983_00_00,1,1,1.0208313520997763
chronos2__model_config.context_length-1024__pipeline_config.raw_inference.completed_at-2026-09-27T13_43_34.604930_00_00,1,1,0.44288429990410805
chronos2__model_config.context_length-2048__pipeline_config.raw_inference.completed_at-2026-09-27T13_38_41.163694_00_00,1,1,0.7975771967321634
chronos2__model_config.context_length-4096__pipeline_config.raw_inference.completed_at-2026-09-27T13_38_20.026125_00_00,1,1,1.4827993623912334
chronos2__model_config.context_length-512__pipeline_config.raw_inference.completed_at-2026-09-27T13_45_14.035513_00_00,1,1,0.27730775624513626
chronos2__model_config.context_length-8192__pipeline_config.raw_inference.completed_at-2026-09-26T15_43_42.011428_00_00,1,1,2.964181561022997
chronos2__model_config.context_length-1024__pipeline_config.raw_inference.completed_at-2026-09-27T13_43_32.635987_00_00,1,1,2.8200874384492636
chronos2__model_config.context_length-2048__pipeline_config.raw_inference.completed_at-2026-09-27T13_38_38.820413_00_00,1,1,4.840489709749818
chronos2__model_config.context_length-4096__pipeline_config.raw_inference.completed_at-2026-09-27T13_38_17.032499_00_00,1,1,8.910269234329462
chronos2__model_config.context_length-512__pipeline_config.raw_inference.completed_at-2026-09-27T13_45_12.209769_00_00,1,1,1.7462638076394796
chronos2__model_config.context_length-8192__pipeline_config.raw_inference.completed_at-2026-09-26T15_43_37.521897_00_00,1,1,18.992396723479033
chronos_bolt__model_config.context_length-1024__pipeline_config.raw_inference.completed_at-2026-09-27T13_17_25.306945_00_00,1,1,4.427041687071323
chronos_bolt__model_config.context_length-128__pipeline_config.raw_inference.completed_at-2026-09-27T13_25_09.995101_00_00,1,1,1.7247790433466434
chronos_bolt__model_config.context_length-2048__pipeline_config.raw_inference.completed_at-2026-09-26T15_43_42.647011_00_00,1,1,7.7722183633595705
chronos_bolt__model_config.context_length-256__pipeline_config.raw_inference.completed_at-2026-09-27T13_24_12.310612_00_00,1,1,2.022181747481227
chronos_bolt__model_config.context_length-512__pipeline_config.raw_inference.completed_at-2026-09-27T13_21_04.429940_00_00,1,1,2.803531050682068
chronos_bolt__model_config.context_length-1024__pipeline_config.raw_inference.completed_at-2026-09-27T13_17_20.475623_00_00,1,1,4.203739624470472
chronos_bolt__model_config.context_length-128__pipeline_config.raw_inference.completed_at-2026-09-27T13_25_07.870234_00_00,1,1,1.6974555030465126
chronos_bolt__model_config.context_length-2048__pipeline_config.raw_inference.completed_at-2026-09-26T15_43_34.471466_00_00,1,1,7.036460706964135
chronos_bolt__model_config.context_length-256__pipeline_config.raw_inference.completed_at-2026-09-27T13_24_09.885497_00_00,1,1,1.9369818083941936
chronos_bolt__model_config.context_length-512__pipeline_config.raw_inference.completed_at-2026-09-27T13_21_01.217015_00_00,1,1,2.26833607442677
chronos_bolt__model_config.context_length-1024__pipeline_config.raw_inference.completed_at-2026-09-27T13_17_14.910180_00_00,1,1,5.660004910081625
chronos_bolt__model_config.context_length-128__pipeline_config.raw_inference.completed_at-2026-09-27T13_25_04.829539_00_00,1,1,4.544233925640583
chronos_bolt__model_config.context_length-2048__pipeline_config.raw_inference.completed_at-2026-09-26T15_43_26.091522_00_00,1,1,7.3311514891684055
chronos_bolt__model_config.context_length-256__pipeline_config.raw_inference.completed_at-2026-09-27T13_24_06.608151_00_00,1,1,4.612908557057381
chronos_bolt__model_config.context_length-512__pipeline_config.raw_inference.completed_at-2026-09-27T13_20_57.600453_00_00,1,1,4.552643395960331
ts_icl__model_config.context_length-1024__pipeline_config.raw_inference.completed_at-2026-09-27T13_51_27.128434_00_00,1,1,1.0343466959893703
ts_icl__model_config.context_length-2048__pipeline_config.raw_inference.completed_at-2026-09-27T13_50_36.294455_00_00,1,1,2.054704751819372
ts_icl__model_config.context_length-256__pipeline_config.raw_inference.completed_at-2026-09-27T15_02_48.191339_00_00,1,1,0.5348905455321074
ts_icl__model_config.context_length-4096__pipeline_config.raw_inference.completed_at-2026-09-26T15_45_01.873570_00_00,1,1,5.35576812364161
ts_icl__model_config.context_length-512__pipeline_config.raw_inference.completed_at-2026-09-27T13_53_28.596611_00_00,1,1,0.657605916261673
ts_icl__model_config.context_length-1024__pipeline_config.raw_inference.completed_at-2026-09-27T13_51_25.279524_00_00,1,1,2.66905689612031
ts_icl__model_config.context_length-2048__pipeline_config.raw_inference.completed_at-2026-09-27T13_50_33.418558_00_00,1,1,5.619395123794675
ts_icl__model_config.context_length-256__pipeline_config.raw_inference.completed_at-2026-09-27T15_02_46.844440_00_00,1,1,1.319847945123911
ts_icl__model_config.context_length-4096__pipeline_config.raw_inference.completed_at-2026-09-26T15_44_55.697653_00_00,1,1,15.171297745779157
ts_icl__model_config.context_length-512__pipeline_config.raw_inference.completed_at-2026-09-27T13_53_27.133888_00_00,1,1,1.586466597393155
ts_icl__model_config.context_length-1024__pipeline_config.raw_inference.completed_at-2026-09-27T13_51_20.821879_00_00,1,1,14.08144299685955
ts_icl__model_config.context_length-2048__pipeline_config.raw_inference.completed_at-2026-09-27T13_50_25.991693_00_00,1,1,33.01847505569458
ts_icl__model_config.context_length-256__pipeline_config.raw_inference.completed_at-2026-09-27T13_53_50.847207_00_00,1,1,6.254736579954624
ts_icl__model_config.context_length-4096__pipeline_config.raw_inference.completed_at-2026-09-26T15_44_38.711832_00_00,1,1,98.3594409506768
ts_icl__model_config.context_length-512__pipeline_config.raw_inference.completed_at-2026-09-27T13_53_23.774800_00_00,1,1,8.17410434782505
chronos2__model_config.context_length-1024__pipeline_config.raw_inference.completed_at-2026-09-27T13_52_37.635303_00_00,1,1,8.38722006417811
chronos2__model_config.context_length-2048__pipeline_config.raw_inference.completed_at-2026-09-27T13_48_41.299824_00_00,1,1,14.1750094499439
chronos2__model_config.context_length-4096__pipeline_config.raw_inference.completed_at-2026-09-27T13_49_50.206054_00_00,1,1,24.578947745263577
chronos2__model_config.context_length-512__pipeline_config.raw_inference.completed_at-2026-09-27T13_53_57.453857_00_00,1,1,5.96712464466691
chronos2__model_config.context_length-8192__pipeline_config.raw_inference.completed_at-2026-09-26T15_57_57.227203_00_00,1,1,44.5327014233917
chronos_bolt__model_config.context_length-1024__pipeline_config.raw_inference.completed_at-2026-09-27T13_32_42.878998_00_00,1,1,188.51386543922126
chronos_bolt__model_config.context_length-128__pipeline_config.raw_inference.completed_at-2026-09-27T13_36_44.678167_00_00,1,1,70.45925712585449
chronos_bolt__model_config.context_length-2048__pipeline_config.raw_inference.completed_at-2026-09-26T16_03_52.198815_00_00,1,1,334.8097234405577
chronos_bolt__model_config.context_length-256__pipeline_config.raw_inference.completed_at-2026-09-27T13_36_11.571553_00_00,1,1,83.70357546024024
chronos_bolt__model_config.context_length-512__pipeline_config.raw_inference.completed_at-2026-09-27T15_28_40.379169_00_00,1,1,118.03580299019814
ts_icl__model_config.context_length-1024__pipeline_config.raw_inference.completed_at-2026-09-27T14_02_27.203752_00_00,1,1,42.77591720223427
ts_icl__model_config.context_length-2048__pipeline_config.raw_inference.completed_at-2026-09-27T14_10_17.334503_00_00,1,1,86.94783109799027
ts_icl__model_config.context_length-256__pipeline_config.raw_inference.completed_at-2026-09-27T15_10_17.604085_00_00,1,1,21.146446388214827
ts_icl__model_config.context_length-4096__pipeline_config.raw_inference.completed_at-2026-09-26T16_29_13.775290_00_00,1,1,228.80527818202972
ts_icl__model_config.context_length-512__pipeline_config.raw_inference.completed_at-2026-09-27T14_01_53.026296_00_00,1,1,26.941900687292218
chronos2__model_config.context_length-1024__pipeline_config.raw_inference.completed_at-2026-09-27T13_52_58.146166_00_00,1,1,4.277916459366679
chronos2__model_config.context_length-2048__pipeline_config.raw_inference.completed_at-2026-09-27T13_49_04.547403_00_00,1,1,7.060622256249189
chronos2__model_config.context_length-4096__pipeline_config.raw_inference.completed_at-2026-09-27T13_50_19.347386_00_00,1,1,12.428139423951507
chronos2__model_config.context_length-512__pipeline_config.raw_inference.completed_at-2026-09-27T13_54_16.594502_00_00,1,1,3.064852500334382
chronos2__model_config.context_length-8192__pipeline_config.raw_inference.completed_at-2026-09-26T15_58_37.436343_00_00,1,1,22.43196304142475
chronos_bolt__model_config.context_length-1024__pipeline_config.raw_inference.completed_at-2026-09-27T13_34_33.599262_00_00,1,1,93.77379813976586
chronos_bolt__model_config.context_length-128__pipeline_config.raw_inference.completed_at-2026-09-27T13_37_37.560012_00_00,1,1,35.283334320411086
chronos_bolt__model_config.context_length-2048__pipeline_config.raw_inference.completed_at-2026-09-26T16_06_55.799472_00_00,1,1,166.60857436805964
chronos_bolt__model_config.context_length-256__pipeline_config.raw_inference.completed_at-2026-09-27T13_37_10.582113_00_00,1,1,41.834851767867804
chronos_bolt__model_config.context_length-512__pipeline_config.raw_inference.completed_at-2026-09-27T15_29_56.074350_00_00,1,1,58.99706372246146
ts_icl__model_config.context_length-1024__pipeline_config.raw_inference.completed_at-2026-09-27T14_03_00.602727_00_00,1,1,21.37888748012483
ts_icl__model_config.context_length-2048__pipeline_config.raw_inference.completed_at-2026-09-27T14_11_11.828953_00_00,1,1,43.305719539523125
ts_icl__model_config.context_length-256__pipeline_config.raw_inference.completed_at-2026-09-27T15_10_39.333184_00_00,1,1,10.549276199191809
ts_icl__model_config.context_length-4096__pipeline_config.raw_inference.completed_at-2026-09-26T16_31_21.980707_00_00,1,1,114.0537664052099
ts_icl__model_config.context_length-512__pipeline_config.raw_inference.completed_at-2026-09-27T14_02_18.020284_00_00,1,1,13.393410680815578
chronos2__model_config.context_length-1024__pipeline_config.raw_inference.completed_at-2026-09-27T13_53_11.303992_00_00,1,1,1.1318035572767258
chronos2__model_config.context_length-2048__pipeline_config.raw_inference.completed_at-2026-09-27T13_49_17.972927_00_00,1,1,1.5111513007432222
chronos2__model_config.context_length-4096__pipeline_config.raw_inference.completed_at-2026-09-27T13_50_32.909269_00_00,1,1,1.5207548718899488
chronos2__model_config.context_length-512__pipeline_config.raw_inference.completed_at-2026-09-27T13_54_29.208755_00_00,1,1,0.7960495930165052
chronos2__model_config.context_length-8192__pipeline_config.raw_inference.completed_at-2026-09-26T15_58_51.103489_00_00,1,1,1.5292853713035583
chronos_bolt__model_config.context_length-1024__pipeline_config.raw_inference.completed_at-2026-09-27T13_34_47.672030_00_00,1,1,1.9096038397401571
chronos_bolt__model_config.context_length-128__pipeline_config.raw_inference.completed_at-2026-09-27T13_37_51.711293_00_00,1,1,1.7160678748041391
chronos_bolt__model_config.context_length-2048__pipeline_config.raw_inference.completed_at-2026-09-26T16_07_11.019872_00_00,1,1,2.28006730414927
chronos_bolt__model_config.context_length-256__pipeline_config.raw_inference.completed_at-2026-09-27T13_37_25.436398_00_00,1,1,1.7839710526168346
chronos_bolt__model_config.context_length-512__pipeline_config.raw_inference.completed_at-2026-09-27T15_30_10.053200_00_00,1,1,1.7273340038955212
ts_icl__model_config.context_length-1024__pipeline_config.raw_inference.completed_at-2026-09-27T14_03_21.680581_00_00,1,1,13.872394090518355
ts_icl__model_config.context_length-2048__pipeline_config.raw_inference.completed_at-2026-09-27T14_11_40.574281_00_00,1,1,20.913242796435952
ts_icl__model_config.context_length-256__pipeline_config.raw_inference.completed_at-2026-09-27T15_10_48.672800_00_00,1,1,2.4298321157693863
ts_icl__model_config.context_length-4096__pipeline_config.raw_inference.completed_at-2026-09-26T16_31_49.821962_00_00,1,1,20.772321673110127
ts_icl__model_config.context_length-512__pipeline_config.raw_inference.completed_at-2026-09-27T14_02_28.273953_00_00,1,1,3.3677621595561504
chronos2__model_config.context_length-1024__pipeline_config.raw_inference.completed_at-2026-09-27T13_44_05.374328_00_00,1,1,0.344091784209013
chronos2__model_config.context_length-2048__pipeline_config.raw_inference.completed_at-2026-09-27T13_39_17.599760_00_00,1,1,0.4750718083232641
chronos2__model_config.context_length-4096__pipeline_config.raw_inference.completed_at-2026-09-27T13_39_06.398629_00_00,1,1,0.7837383411824703
chronos2__model_config.context_length-512__pipeline_config.raw_inference.completed_at-2026-09-27T13_45_41.996199_00_00,1,1,0.27961030416190624
chronos2__model_config.context_length-8192__pipeline_config.raw_inference.completed_at-2026-09-26T15_44_50.763864_00_00,1,1,1.584635715931654
chronos2__model_config.context_length-1024__pipeline_config.raw_inference.completed_at-2026-09-27T13_44_04.154683_00_00,1,1,0.6795480828732252
chronos2__model_config.context_length-2048__pipeline_config.raw_inference.completed_at-2026-09-27T13_39_16.243170_00_00,1,1,1.2021102365106344
chronos2__model_config.context_length-4096__pipeline_config.raw_inference.completed_at-2026-09-27T13_39_04.730471_00_00,1,1,2.1707261241972446
chronos2__model_config.context_length-512__pipeline_config.raw_inference.completed_at-2026-09-27T13_45_40.829773_00_00,1,1,0.42060238867998123
chronos2__model_config.context_length-8192__pipeline_config.raw_inference.completed_at-2026-09-26T15_44_48.299109_00_00,1,1,4.344946587458253
chronos2__model_config.context_length-1024__pipeline_config.raw_inference.completed_at-2026-09-27T13_44_00.478137_00_00,1,1,4.803565030917525
chronos2__model_config.context_length-2048__pipeline_config.raw_inference.completed_at-2026-09-27T13_39_12.034280_00_00,1,1,9.14427530579269
chronos2__model_config.context_length-4096__pipeline_config.raw_inference.completed_at-2026-09-27T13_38_59.548176_00_00,1,1,16.86175960302353
chronos2__model_config.context_length-512__pipeline_config.raw_inference.completed_at-2026-09-27T13_45_37.391591_00_00,1,1,2.6027838308364153
chronos2__model_config.context_length-8192__pipeline_config.raw_inference.completed_at-2026-09-26T15_44_40.984294_00_00,1,1,33.50611853227019
chronos_bolt__model_config.context_length-1024__pipeline_config.raw_inference.completed_at-2026-09-27T13_18_21.454133_00_00,1,1,9.990652920678258
chronos_bolt__model_config.context_length-128__pipeline_config.raw_inference.completed_at-2026-09-27T13_25_51.231751_00_00,1,1,3.7354819886386395
chronos_bolt__model_config.context_length-2048__pipeline_config.raw_inference.completed_at-2026-09-26T15_44_59.079417_00_00,1,1,16.539647737517953
chronos_bolt__model_config.context_length-256__pipeline_config.raw_inference.completed_at-2026-09-27T13_24_55.268640_00_00,1,1,4.456288492307067
chronos_bolt__model_config.context_length-512__pipeline_config.raw_inference.completed_at-2026-09-27T13_21_54.419124_00_00,1,1,6.2379298862069845
chronos_bolt__model_config.context_length-1024__pipeline_config.raw_inference.completed_at-2026-09-27T13_18_10.755516_00_00,1,1,9.193695846945047
chronos_bolt__model_config.context_length-128__pipeline_config.raw_inference.completed_at-2026-09-27T13_25_46.792802_00_00,1,1,3.7790849935263395
chronos_bolt__model_config.context_length-2048__pipeline_config.raw_inference.completed_at-2026-09-26T15_44_41.816363_00_00,1,1,17.39283923432231
chronos_bolt__model_config.context_length-256__pipeline_config.raw_inference.completed_at-2026-09-27T13_24_50.108489_00_00,1,1,4.422421341761947
chronos_bolt__model_config.context_length-512__pipeline_config.raw_inference.completed_at-2026-09-27T13_21_47.468629_00_00,1,1,5.826698472723365
chronos_bolt__model_config.context_length-1024__pipeline_config.raw_inference.completed_at-2026-09-27T13_17_58.710561_00_00,1,1,8.630590049549937
chronos_bolt__model_config.context_length-128__pipeline_config.raw_inference.completed_at-2026-09-27T13_25_40.148309_00_00,1,1,7.8222051952034235
chronos_bolt__model_config.context_length-2048__pipeline_config.raw_inference.completed_at-2026-09-26T15_44_21.546581_00_00,1,1,11.125371668487787
chronos_bolt__model_config.context_length-256__pipeline_config.raw_inference.completed_at-2026-09-27T13_24_42.806008_00_00,1,1,7.791486471891403
chronos_bolt__model_config.context_length-512__pipeline_config.raw_inference.completed_at-2026-09-27T13_21_38.755577_00_00,1,1,7.852211220189929
ts_icl__model_config.context_length-1024__pipeline_config.raw_inference.completed_at-2026-09-27T13_52_17.746951_00_00,1,1,1.551656600087881
ts_icl__model_config.context_length-2048__pipeline_config.raw_inference.completed_at-2026-09-27T13_52_13.289070_00_00,1,1,3.107270486652851
ts_icl__model_config.context_length-256__pipeline_config.raw_inference.completed_at-2026-09-27T15_03_18.689991_00_00,1,1,0.8353674616664648
ts_icl__model_config.context_length-4096__pipeline_config.raw_inference.completed_at-2026-09-26T15_48_59.404650_00_00,1,1,7.911812745034695
ts_icl__model_config.context_length-512__pipeline_config.raw_inference.completed_at-2026-09-27T13_54_05.282760_00_00,1,1,1.0012464635074139
ts_icl__model_config.context_length-1024__pipeline_config.raw_inference.completed_at-2026-09-27T13_52_15.148028_00_00,1,1,3.9603328555822372
ts_icl__model_config.context_length-2048__pipeline_config.raw_inference.completed_at-2026-09-27T13_52_09.127396_00_00,1,1,8.310856787487864
ts_icl__model_config.context_length-256__pipeline_config.raw_inference.completed_at-2026-09-27T15_03_16.801007_00_00,1,1,1.7558909058570862
ts_icl__model_config.context_length-4096__pipeline_config.raw_inference.completed_at-2026-09-26T15_48_50.433201_00_00,1,1,22.28370183520019
ts_icl__model_config.context_length-512__pipeline_config.raw_inference.completed_at-2026-09-27T13_54_03.236188_00_00,1,1,2.3763414826244116
ts_icl__model_config.context_length-1024__pipeline_config.raw_inference.completed_at-2026-09-27T13_52_07.853682_00_00,1,1,26.128260215744376
ts_icl__model_config.context_length-2048__pipeline_config.raw_inference.completed_at-2026-09-27T13_51_57.402791_00_00,1,1,62.03292251750827
ts_icl__model_config.context_length-256__pipeline_config.raw_inference.completed_at-2026-09-27T15_03_11.691596_00_00,1,1,11.753108760342002
ts_icl__model_config.context_length-4096__pipeline_config.raw_inference.completed_at-2026-09-26T15_48_24.790174_00_00,1,1,171.61584774963558
ts_icl__model_config.context_length-512__pipeline_config.raw_inference.completed_at-2026-09-27T13_53_57.457419_00_00,1,1,16.066796431317925
chronos2__model_config.context_length-1024__pipeline_config.raw_inference.completed_at-2026-09-27T13_44_19.492273_00_00,1,1,0.12180689536035061
chronos2__model_config.context_length-2048__pipeline_config.raw_inference.completed_at-2026-09-27T13_39_34.274106_00_00,1,1,0.19904854148626328
chronos2__model_config.context_length-4096__pipeline_config.raw_inference.completed_at-2026-09-27T13_39_27.120786_00_00,1,1,0.3550296127796173
chronos2__model_config.context_length-512__pipeline_config.raw_inference.completed_at-2026-09-27T13_45_54.934560_00_00,1,1,0.07943889684975147
chronos2__model_config.context_length-8192__pipeline_config.raw_inference.completed_at-2026-09-26T15_45_16.522128_00_00,1,1,0.7104298360645771
chronos2__model_config.context_length-1024__pipeline_config.raw_inference.completed_at-2026-09-27T13_44_18.884702_00_00,1,1,0.30393048748373985
chronos2__model_config.context_length-2048__pipeline_config.raw_inference.completed_at-2026-09-27T13_39_33.590994_00_00,1,1,0.5569209773093462
chronos2__model_config.context_length-4096__pipeline_config.raw_inference.completed_at-2026-09-27T13_39_26.275870_00_00,1,1,1.0441776234656572
chronos2__model_config.context_length-512__pipeline_config.raw_inference.completed_at-2026-09-27T13_45_54.367957_00_00,1,1,0.18569017574191093
chronos2__model_config.context_length-8192__pipeline_config.raw_inference.completed_at-2026-09-26T15_45_15.327163_00_00,1,1,1.714488673955202
chronos2__model_config.context_length-1024__pipeline_config.raw_inference.completed_at-2026-09-27T13_44_17.169488_00_00,1,1,2.3957964535802603
chronos2__model_config.context_length-2048__pipeline_config.raw_inference.completed_at-2026-09-27T13_39_31.626949_00_00,1,1,4.602680299431086
chronos2__model_config.context_length-4096__pipeline_config.raw_inference.completed_at-2026-09-27T13_39_23.824966_00_00,1,1,8.043255584314466
chronos2__model_config.context_length-512__pipeline_config.raw_inference.completed_at-2026-09-27T13_45_52.773773_00_00,1,1,1.3581120241433382
chronos2__model_config.context_length-8192__pipeline_config.raw_inference.completed_at-2026-09-26T15_45_12.225547_00_00,1,1,12.134375179186463
chronos_bolt__model_config.context_length-1024__pipeline_config.raw_inference.completed_at-2026-09-27T13_18_42.459879_00_00,1,1,3.1563418488949537
chronos_bolt__model_config.context_length-128__pipeline_config.raw_inference.completed_at-2026-09-27T13_26_08.773849_00_00,1,1,1.2219502814114094
chronos_bolt__model_config.context_length-2048__pipeline_config.raw_inference.completed_at-2026-09-26T15_45_25.976054_00_00,1,1,5.592255461961031
chronos_bolt__model_config.context_length-256__pipeline_config.raw_inference.completed_at-2026-09-27T13_25_13.566521_00_00,1,1,1.4365163575857878
chronos_bolt__model_config.context_length-512__pipeline_config.raw_inference.completed_at-2026-09-27T13_22_13.285627_00_00,1,1,2.000611511990428
chronos_bolt__model_config.context_length-1024__pipeline_config.raw_inference.completed_at-2026-09-27T13_18_39.009957_00_00,1,1,2.556298565119505
chronos_bolt__model_config.context_length-128__pipeline_config.raw_inference.completed_at-2026-09-27T13_26_07.252261_00_00,1,1,1.195930115878582
chronos_bolt__model_config.context_length-2048__pipeline_config.raw_inference.completed_at-2026-09-26T15_45_20.089987_00_00,1,1,4.684758359566331
chronos_bolt__model_config.context_length-256__pipeline_config.raw_inference.completed_at-2026-09-27T13_25_11.838564_00_00,1,1,1.368468515574932
chronos_bolt__model_config.context_length-512__pipeline_config.raw_inference.completed_at-2026-09-27T13_22_10.987546_00_00,1,1,1.6217367239296436
chronos_bolt__model_config.context_length-1024__pipeline_config.raw_inference.completed_at-2026-09-27T13_18_35.241380_00_00,1,1,4.386772103607655
chronos_bolt__model_config.context_length-128__pipeline_config.raw_inference.completed_at-2026-09-27T13_26_04.830348_00_00,1,1,3.998331105336547
chronos_bolt__model_config.context_length-2048__pipeline_config.raw_inference.completed_at-2026-09-26T15_45_14.194522_00_00,1,1,5.602128099650145
chronos_bolt__model_config.context_length-256__pipeline_config.raw_inference.completed_at-2026-09-27T13_25_09.260410_00_00,1,1,4.017798252403736
chronos_bolt__model_config.context_length-512__pipeline_config.raw_inference.completed_at-2026-09-27T13_22_08.152048_00_00,1,1,3.949093220755458
ts_icl__model_config.context_length-1024__pipeline_config.raw_inference.completed_at-2026-09-27T13_52_40.354982_00_00,1,1,0.7213107421994209
ts_icl__model_config.context_length-2048__pipeline_config.raw_inference.completed_at-2026-09-27T13_52_57.122306_00_00,1,1,1.4629691895097494
ts_icl__model_config.context_length-256__pipeline_config.raw_inference.completed_at-2026-09-27T15_03_32.515774_00_00,1,1,0.3617688771337271
ts_icl__model_config.context_length-4096__pipeline_config.raw_inference.completed_at-2026-09-26T15_50_56.336626_00_00,1,1,4.701869150623679
ts_icl__model_config.context_length-512__pipeline_config.raw_inference.completed_at-2026-09-27T13_54_21.049096_00_00,1,1,0.45577110908925533
ts_icl__model_config.context_length-1024__pipeline_config.raw_inference.completed_at-2026-09-27T13_52_38.922769_00_00,1,1,1.8924004398286343
ts_icl__model_config.context_length-2048__pipeline_config.raw_inference.completed_at-2026-09-27T13_52_54.957751_00_00,1,1,4.029896050691605
ts_icl__model_config.context_length-256__pipeline_config.raw_inference.completed_at-2026-09-27T15_03_31.450034_00_00,1,1,0.8230410646647215
ts_icl__model_config.context_length-4096__pipeline_config.raw_inference.completed_at-2026-09-26T15_50_51.004427_00_00,1,1,13.078402074053884
ts_icl__model_config.context_length-512__pipeline_config.raw_inference.completed_at-2026-09-27T13_54_19.900358_00_00,1,1,1.1304007433354855
ts_icl__model_config.context_length-1024__pipeline_config.raw_inference.completed_at-2026-09-27T13_52_35.379909_00_00,1,1,13.14309872314334
ts_icl__model_config.context_length-2048__pipeline_config.raw_inference.completed_at-2026-09-27T13_52_49.263825_00_00,1,1,31.228565840050578
ts_icl__model_config.context_length-256__pipeline_config.raw_inference.completed_at-2026-09-27T15_03_28.987392_00_00,1,1,5.827367005869746
ts_icl__model_config.context_length-4096__pipeline_config.raw_inference.completed_at-2026-09-26T15_50_36.202883_00_00,1,1,92.08401364088058
ts_icl__model_config.context_length-512__pipeline_config.raw_inference.completed_at-2026-09-27T13_54_17.128426_00_00,1,1,7.376061571761966
chronos2__model_config.context_length-1024__pipeline_config.raw_inference.completed_at-2026-09-27T13_44_50.805053_00_00,1,1,0.6337081212550402
chronos2__model_config.context_length-2048__pipeline_config.raw_inference.completed_at-2026-09-27T13_40_19.540966_00_00,1,1,1.096536224707961
chronos2__model_config.context_length-4096__pipeline_config.raw_inference.completed_at-2026-09-27T13_40_33.786098_00_00,1,1,1.9531799741089344
chronos2__model_config.context_length-512__pipeline_config.raw_inference.completed_at-2026-09-27T13_46_19.500115_00_00,1,1,0.40359657257795334
chronos2__model_config.context_length-8192__pipeline_config.raw_inference.completed_at-2026-09-26T15_46_47.354798_00_00,1,1,3.4409340750426054
chronos2__model_config.context_length-1024__pipeline_config.raw_inference.completed_at-2026-09-27T13_44_48.880343_00_00,1,1,1.6540076825767756
chronos2__model_config.context_length-2048__pipeline_config.raw_inference.completed_at-2026-09-27T13_40_17.141749_00_00,1,1,3.122912550345063
chronos2__model_config.context_length-4096__pipeline_config.raw_inference.completed_at-2026-09-27T13_40_30.519117_00_00,1,1,5.700005551800132
chronos2__model_config.context_length-512__pipeline_config.raw_inference.completed_at-2026-09-27T13_46_17.796925_00_00,1,1,0.8880006242543459
chronos2__model_config.context_length-8192__pipeline_config.raw_inference.completed_at-2026-09-26T15_46_42.608244_00_00,1,1,9.41227262839675
chronos2__model_config.context_length-1024__pipeline_config.raw_inference.completed_at-2026-09-27T13_44_41.161754_00_00,1,1,12.351947883144021
chronos2__model_config.context_length-2048__pipeline_config.raw_inference.completed_at-2026-09-27T13_40_07.918652_00_00,1,1,24.266766456887126
chronos2__model_config.context_length-4096__pipeline_config.raw_inference.completed_at-2026-09-27T13_40_18.645641_00_00,1,1,42.170377334579825
chronos2__model_config.context_length-512__pipeline_config.raw_inference.completed_at-2026-09-27T13_46_10.823523_00_00,1,1,6.5675608310848475
chronos2__model_config.context_length-8192__pipeline_config.raw_inference.completed_at-2026-09-26T15_46_27.114547_00_00,1,1,61.059814048931
chronos_bolt__model_config.context_length-1024__pipeline_config.raw_inference.completed_at-2026-09-27T13_19_47.893157_00_00,1,1,12.163262132555246
chronos_bolt__model_config.context_length-128__pipeline_config.raw_inference.completed_at-2026-09-27T13_26_57.646348_00_00,1,1,4.867498280480504
chronos_bolt__model_config.context_length-2048__pipeline_config.raw_inference.completed_at-2026-09-26T15_47_00.563033_00_00,1,1,22.958402873948216
chronos_bolt__model_config.context_length-256__pipeline_config.raw_inference.completed_at-2026-09-27T13_26_03.771179_00_00,1,1,5.63285294175148
chronos_bolt__model_config.context_length-512__pipeline_config.raw_inference.completed_at-2026-09-27T13_23_06.564491_00_00,1,1,7.83131998218596
chronos_bolt__model_config.context_length-1024__pipeline_config.raw_inference.completed_at-2026-09-27T13_19_34.588333_00_00,1,1,13.612717444077134
chronos_bolt__model_config.context_length-128__pipeline_config.raw_inference.completed_at-2026-09-27T13_26_51.626198_00_00,1,1,6.239334220066667
chronos_bolt__model_config.context_length-2048__pipeline_config.raw_inference.completed_at-2026-09-26T15_46_36.440621_00_00,1,1,25.102548386901617
chronos_bolt__model_config.context_length-256__pipeline_config.raw_inference.completed_at-2026-09-27T13_25_56.990356_00_00,1,1,7.095046663656831
chronos_bolt__model_config.context_length-512__pipeline_config.raw_inference.completed_at-2026-09-27T13_22_57.596089_00_00,1,1,8.352042751386762
chronos_bolt__model_config.context_length-1024__pipeline_config.raw_inference.completed_at-2026-09-27T13_19_14.921458_00_00,1,1,23.000020755454898
chronos_bolt__model_config.context_length-128__pipeline_config.raw_inference.completed_at-2026-09-27T13_26_39.371682_00_00,1,1,20.95185411721468
chronos_bolt__model_config.context_length-2048__pipeline_config.raw_inference.completed_at-2026-09-26T15_46_05.176927_00_00,1,1,29.692712292075157
chronos_bolt__model_config.context_length-256__pipeline_config.raw_inference.completed_at-2026-09-27T13_25_43.743688_00_00,1,1,20.585040448233485
chronos_bolt__model_config.context_length-512__pipeline_config.raw_inference.completed_at-2026-09-27T13_22_43.266223_00_00,1,1,20.37571570277214
ts_icl__model_config.context_length-1024__pipeline_config.raw_inference.completed_at-2026-09-27T13_54_16.441814_00_00,1,1,3.579614344984293
ts_icl__model_config.context_length-2048__pipeline_config.raw_inference.completed_at-2026-09-27T13_56_30.590163_00_00,1,1,8.03608033619821
ts_icl__model_config.context_length-256__pipeline_config.raw_inference.completed_at-2026-09-27T15_04_21.673308_00_00,1,1,1.6015441082417965
ts_icl__model_config.context_length-4096__pipeline_config.raw_inference.completed_at-2026-09-26T16_01_01.534693_00_00,1,1,23.952521642670035
ts_icl__model_config.context_length-512__pipeline_config.raw_inference.completed_at-2026-09-27T13_55_20.817226_00_00,1,1,2.183426244184375
ts_icl__model_config.context_length-1024__pipeline_config.raw_inference.completed_at-2026-09-27T13_54_11.375534_00_00,1,1,10.00815437734127
ts_icl__model_config.context_length-2048__pipeline_config.raw_inference.completed_at-2026-09-27T13_56_21.049751_00_00,1,1,22.37318659015
ts_icl__model_config.context_length-256__pipeline_config.raw_inference.completed_at-2026-09-27T15_04_18.575378_00_00,1,1,4.077083200216293
ts_icl__model_config.context_length-4096__pipeline_config.raw_inference.completed_at-2026-09-26T16_00_36.082241_00_00,1,1,67.29389851354063
ts_icl__model_config.context_length-512__pipeline_config.raw_inference.completed_at-2026-09-27T13_55_17.123540_00_00,1,1,5.621113549917936
ts_icl__model_config.context_length-1024__pipeline_config.raw_inference.completed_at-2026-09-27T13_53_54.905508_00_00,1,1,70.01716937683523
ts_icl__model_config.context_length-2048__pipeline_config.raw_inference.completed_at-2026-09-27T13_55_52.192369_00_00,1,1,170.4962451979518
ts_icl__model_config.context_length-256__pipeline_config.raw_inference.completed_at-2026-09-27T15_04_07.997747_00_00,1,1,30.960999676957726
ts_icl__model_config.context_length-4096__pipeline_config.raw_inference.completed_at-2026-09-26T15_59_21.915743_00_00,1,1,499.06127027608454
ts_icl__model_config.context_length-512__pipeline_config.raw_inference.completed_at-2026-09-27T13_55_04.905668_00_00,1,1,39.41526676155627
chronos2__model_config.context_length-1024__pipeline_config.raw_inference.completed_at-2026-09-27T13_43_46.334604_00_00,1,1,0.03982266038656235
chronos2__model_config.context_length-2048__pipeline_config.raw_inference.completed_at-2026-09-27T13_38_53.544091_00_00,1,1,0.05023111030459404
chronos2__model_config.context_length-4096__pipeline_config.raw_inference.completed_at-2026-09-27T13_38_33.409222_00_00,1,1,0.085165249183774
chronos2__model_config.context_length-512__pipeline_config.raw_inference.completed_at-2026-09-27T13_45_25.499315_00_00,1,1,0.032115692272782326
chronos2__model_config.context_length-8192__pipeline_config.raw_inference.completed_at-2026-09-26T15_43_57.943761_00_00,1,1,0.16537532024085522
chronos2__model_config.context_length-1024__pipeline_config.raw_inference.completed_at-2026-09-27T13_43_45.940943_00_00,1,1,0.07451827637851238
chronos2__model_config.context_length-2048__pipeline_config.raw_inference.completed_at-2026-09-27T13_38_53.142138_00_00,1,1,0.12315907701849937
chronos2__model_config.context_length-4096__pipeline_config.raw_inference.completed_at-2026-09-27T13_38_32.966978_00_00,1,1,0.21318562142550945
chronos2__model_config.context_length-512__pipeline_config.raw_inference.completed_at-2026-09-27T13_45_25.113520_00_00,1,1,0.04916899651288986
chronos2__model_config.context_length-8192__pipeline_config.raw_inference.completed_at-2026-09-26T15_43_57.424005_00_00,1,1,0.4173429775983095
chronos2__model_config.context_length-1024__pipeline_config.raw_inference.completed_at-2026-09-27T13_43_45.309685_00_00,1,1,0.657172167673707
chronos2__model_config.context_length-2048__pipeline_config.raw_inference.completed_at-2026-09-27T13_38_52.454982_00_00,1,1,1.0278380252420902
chronos2__model_config.context_length-4096__pipeline_config.raw_inference.completed_at-2026-09-27T13_38_32.186996_00_00,1,1,1.8088905606418848
chronos2__model_config.context_length-512__pipeline_config.raw_inference.completed_at-2026-09-27T13_45_24.499901_00_00,1,1,0.42042239755392075
chronos2__model_config.context_length-8192__pipeline_config.raw_inference.completed_at-2026-09-26T15_43_56.445281_00_00,1,1,3.5260367542505264
chronos_bolt__model_config.context_length-1024__pipeline_config.raw_inference.completed_at-2026-09-27T13_17_40.627817_00_00,1,1,2.4329176526516676
chronos_bolt__model_config.context_length-128__pipeline_config.raw_inference.completed_at-2026-09-27T13_25_22.785931_00_00,1,1,1.0849969498813152
chronos_bolt__model_config.context_length-2048__pipeline_config.raw_inference.completed_at-2026-09-26T15_44_01.047999_00_00,1,1,3.3876731004565954
chronos_bolt__model_config.context_length-256__pipeline_config.raw_inference.completed_at-2026-09-27T13_24_25.540417_00_00,1,1,1.267783084884286
chronos_bolt__model_config.context_length-512__pipeline_config.raw_inference.completed_at-2026-09-27T13_21_19.120465_00_00,1,1,1.6161827966570854
chronos_bolt__model_config.context_length-1024__pipeline_config.raw_inference.completed_at-2026-09-27T13_17_38.038337_00_00,1,1,1.89762332290411
chronos_bolt__model_config.context_length-128__pipeline_config.raw_inference.completed_at-2026-09-27T13_25_21.542663_00_00,1,1,0.7653939090669155
chronos_bolt__model_config.context_length-2048__pipeline_config.raw_inference.completed_at-2026-09-26T15_43_57.504418_00_00,1,1,3.3606549240648746
chronos_bolt__model_config.context_length-256__pipeline_config.raw_inference.completed_at-2026-09-27T13_24_24.116643_00_00,1,1,0.8861220385879278
chronos_bolt__model_config.context_length-512__pipeline_config.raw_inference.completed_at-2026-09-27T13_21_17.343737_00_00,1,1,1.220308804884553
chronos_bolt__model_config.context_length-1024__pipeline_config.raw_inference.completed_at-2026-09-27T13_17_35.774010_00_00,1,1,1.0586238354444504
chronos_bolt__model_config.context_length-128__pipeline_config.raw_inference.completed_at-2026-09-27T13_25_20.410567_00_00,1,1,0.9799307342618704
chronos_bolt__model_config.context_length-2048__pipeline_config.raw_inference.completed_at-2026-09-26T15_43_53.773511_00_00,1,1,1.2937045767903328
chronos_bolt__model_config.context_length-256__pipeline_config.raw_inference.completed_at-2026-09-27T13_24_22.865912_00_00,1,1,0.9633793365210295
chronos_bolt__model_config.context_length-512__pipeline_config.raw_inference.completed_at-2026-09-27T13_21_15.748779_00_00,1,1,1.1147591043263674
ts_icl__model_config.context_length-1024__pipeline_config.raw_inference.completed_at-2026-09-27T13_51_37.296363_00_00,1,1,0.3230316676199436
ts_icl__model_config.context_length-2048__pipeline_config.raw_inference.completed_at-2026-09-27T13_50_50.839634_00_00,1,1,0.6184382569044828
ts_icl__model_config.context_length-256__pipeline_config.raw_inference.completed_at-2026-09-27T15_02_55.549559_00_00,1,1,0.16951866261661053
ts_icl__model_config.context_length-4096__pipeline_config.raw_inference.completed_at-2026-09-26T15_45_28.747308_00_00,1,1,1.5666938815265894
ts_icl__model_config.context_length-512__pipeline_config.raw_inference.completed_at-2026-09-27T13_53_36.996353_00_00,1,1,0.2557846736162901
ts_icl__model_config.context_length-1024__pipeline_config.raw_inference.completed_at-2026-09-27T13_51_36.473954_00_00,1,1,0.44249727949500084
ts_icl__model_config.context_length-2048__pipeline_config.raw_inference.completed_at-2026-09-27T13_50_49.725347_00_00,1,1,0.8668331131339073
ts_icl__model_config.context_length-256__pipeline_config.raw_inference.completed_at-2026-09-27T15_02_54.884913_00_00,1,1,0.2308286502957344
ts_icl__model_config.context_length-4096__pipeline_config.raw_inference.completed_at-2026-09-26T15_45_26.670824_00_00,1,1,2.2985218074172735
ts_icl__model_config.context_length-512__pipeline_config.raw_inference.completed_at-2026-09-27T13_53_36.249867_00_00,1,1,0.28098200261592865
ts_icl__model_config.context_length-1024__pipeline_config.raw_inference.completed_at-2026-09-27T13_51_35.244288_00_00,1,1,3.526314375922084
ts_icl__model_config.context_length-2048__pipeline_config.raw_inference.completed_at-2026-09-27T13_50_48.068176_00_00,1,1,6.651299377903342
ts_icl__model_config.context_length-256__pipeline_config.raw_inference.completed_at-2026-09-27T15_02_53.859720_00_00,1,1,1.340854186564684
ts_icl__model_config.context_length-4096__pipeline_config.raw_inference.completed_at-2026-09-26T15_45_23.572457_00_00,1,1,17.32212566398084
ts_icl__model_config.context_length-512__pipeline_config.raw_inference.completed_at-2026-09-27T13_53_35.180863_00_00,1,1,2.1564340107142925
chronos2__model_config.context_length-1024__pipeline_config.raw_inference.completed_at-2026-09-27T13_45_05.494612_00_00,1,1,0.20675129629671574
chronos2__model_config.context_length-2048__pipeline_config.raw_inference.completed_at-2026-09-27T13_40_36.547939_00_00,1,1,0.33931356854736805
chronos2__model_config.context_length-4096__pipeline_config.raw_inference.completed_at-2026-09-27T13_40_53.681222_00_00,1,1,0.5706493072211742
chronos2__model_config.context_length-512__pipeline_config.raw_inference.completed_at-2026-09-27T13_46_32.692875_00_00,1,1,0.1386785637587309
chronos2__model_config.context_length-8192__pipeline_config.raw_inference.completed_at-2026-09-26T15_47_08.231485_00_00,1,1,0.6601189766079187
chronos2__model_config.context_length-1024__pipeline_config.raw_inference.completed_at-2026-09-27T13_45_04.733257_00_00,1,1,0.3798231463879347
chronos2__model_config.context_length-2048__pipeline_config.raw_inference.completed_at-2026-09-27T13_40_35.645367_00_00,1,1,0.6468443125486374
chronos2__model_config.context_length-4096__pipeline_config.raw_inference.completed_at-2026-09-27T13_40_52.552180_00_00,1,1,1.1260520834475756
chronos2__model_config.context_length-512__pipeline_config.raw_inference.completed_at-2026-09-27T13_46_31.992764_00_00,1,1,0.22931555658578873
chronos2__model_config.context_length-8192__pipeline_config.raw_inference.completed_at-2026-09-26T15_47_07.012752_00_00,1,1,1.2962880432605743
chronos2__model_config.context_length-1024__pipeline_config.raw_inference.completed_at-2026-09-27T13_45_03.061855_00_00,1,1,2.4418620243668556
chronos2__model_config.context_length-2048__pipeline_config.raw_inference.completed_at-2026-09-27T13_40_33.686433_00_00,1,1,4.54646959528327
chronos2__model_config.context_length-4096__pipeline_config.raw_inference.completed_at-2026-09-27T13_40_50.125850_00_00,1,1,6.761834919452667
chronos2__model_config.context_length-512__pipeline_config.raw_inference.completed_at-2026-09-27T13_46_30.455490_00_00,1,1,1.3611244317144156
chronos2__model_config.context_length-8192__pipeline_config.raw_inference.completed_at-2026-09-26T15_47_04.422482_00_00,1,1,7.23914753831923
chronos_bolt__model_config.context_length-1024__pipeline_config.raw_inference.completed_at-2026-09-27T13_20_15.337330_00_00,1,1,6.790171725675464
chronos_bolt__model_config.context_length-128__pipeline_config.raw_inference.completed_at-2026-09-27T13_27_17.600676_00_00,1,1,2.541432026773691
chronos_bolt__model_config.context_length-2048__pipeline_config.raw_inference.completed_at-2026-09-26T15_47_38.827413_00_00,1,1,11.711758149787784
chronos_bolt__model_config.context_length-256__pipeline_config.raw_inference.completed_at-2026-09-27T13_26_25.277428_00_00,1,1,2.945381239056587
chronos_bolt__model_config.context_length-512__pipeline_config.raw_inference.completed_at-2026-09-27T13_23_29.169501_00_00,1,1,4.254245286807418
chronos_bolt__model_config.context_length-1024__pipeline_config.raw_inference.completed_at-2026-09-27T13_20_08.190859_00_00,1,1,5.1548885107040405
chronos_bolt__model_config.context_length-128__pipeline_config.raw_inference.completed_at-2026-09-27T13_27_14.694172_00_00,1,1,2.1322516947984695
chronos_bolt__model_config.context_length-2048__pipeline_config.raw_inference.completed_at-2026-09-26T15_47_26.753659_00_00,1,1,9.822451688349247
chronos_bolt__model_config.context_length-256__pipeline_config.raw_inference.completed_at-2026-09-27T13_26_21.971641_00_00,1,1,2.469757916405797
chronos_bolt__model_config.context_length-512__pipeline_config.raw_inference.completed_at-2026-09-27T13_23_24.554284_00_00,1,1,3.273389484733343
chronos_bolt__model_config.context_length-1024__pipeline_config.raw_inference.completed_at-2026-09-27T13_20_01.926054_00_00,1,1,4.376493668183684
chronos_bolt__model_config.context_length-128__pipeline_config.raw_inference.completed_at-2026-09-27T13_27_11.434711_00_00,1,1,3.996107019484043
chronos_bolt__model_config.context_length-2048__pipeline_config.raw_inference.completed_at-2026-09-26T15_47_15.799291_00_00,1,1,5.566486759111285
chronos_bolt__model_config.context_length-256__pipeline_config.raw_inference.completed_at-2026-09-27T13_26_18.384842_00_00,1,1,4.186061745509505
chronos_bolt__model_config.context_length-512__pipeline_config.raw_inference.completed_at-2026-09-27T13_23_20.154925_00_00,1,1,3.867231070995331
ts_icl__model_config.context_length-1024__pipeline_config.raw_inference.completed_at-2026-09-27T13_54_39.801178_00_00,1,1,1.1991561762988567
ts_icl__model_config.context_length-2048__pipeline_config.raw_inference.completed_at-2026-09-27T13_57_30.539070_00_00,1,1,3.684228152036667
ts_icl__model_config.context_length-256__pipeline_config.raw_inference.completed_at-2026-09-27T15_04_36.015761_00_00,1,1,0.602401502430439
ts_icl__model_config.context_length-4096__pipeline_config.raw_inference.completed_at-2026-09-26T16_03_00.356111_00_00,1,1,6.513747241348028
ts_icl__model_config.context_length-512__pipeline_config.raw_inference.completed_at-2026-09-27T13_55_37.897978_00_00,1,1,0.764944376423955
ts_icl__model_config.context_length-1024__pipeline_config.raw_inference.completed_at-2026-09-27T13_54_37.829211_00_00,1,1,2.1510188318789005
ts_icl__model_config.context_length-2048__pipeline_config.raw_inference.completed_at-2026-09-27T13_57_26.141174_00_00,1,1,6.569376474246383
ts_icl__model_config.context_length-256__pipeline_config.raw_inference.completed_at-2026-09-27T15_04_34.647841_00_00,1,1,0.9622291065752506
ts_icl__model_config.context_length-4096__pipeline_config.raw_inference.completed_at-2026-09-26T16_02_53.134787_00_00,1,1,12.478444524109364
ts_icl__model_config.context_length-512__pipeline_config.raw_inference.completed_at-2026-09-27T13_55_36.375462_00_00,1,1,1.302138639613986
ts_icl__model_config.context_length-1024__pipeline_config.raw_inference.completed_at-2026-09-27T13_54_34.138467_00_00,1,1,12.991071552038193
ts_icl__model_config.context_length-2048__pipeline_config.raw_inference.completed_at-2026-09-27T13_57_17.900193_00_00,1,1,41.38344041630626
ts_icl__model_config.context_length-256__pipeline_config.raw_inference.completed_at-2026-09-27T15_04_32.137191_00_00,1,1,5.800650542601943
ts_icl__model_config.context_length-4096__pipeline_config.raw_inference.completed_at-2026-09-26T16_02_39.022288_00_00,1,1,86.37623649835587
ts_icl__model_config.context_length-512__pipeline_config.raw_inference.completed_at-2026-09-27T13_55_33.551552_00_00,1,1,7.960464842617512
chronos2__model_config.context_length-1024__pipeline_config.raw_inference.completed_at-2026-09-27T13_47_28.157472_00_00,1,1,0.09192497842013836
chronos2__model_config.context_length-2048__pipeline_config.raw_inference.completed_at-2026-09-27T13_43_11.493224_00_00,1,1,0.12820745632052422
chronos2__model_config.context_length-4096__pipeline_config.raw_inference.completed_at-2026-09-27T13_43_48.987284_00_00,1,1,0.20496642775833607
chronos2__model_config.context_length-512__pipeline_config.raw_inference.completed_at-2026-09-27T13_48_51.539847_00_00,1,1,0.09161053225398064
chronos2__model_config.context_length-8192__pipeline_config.raw_inference.completed_at-2026-09-26T15_50_38.490692_00_00,1,1,0.3714833986014128
chronos2__model_config.context_length-1024__pipeline_config.raw_inference.completed_at-2026-09-27T13_47_27.694130_00_00,1,1,0.1843571774661541
chronos2__model_config.context_length-2048__pipeline_config.raw_inference.completed_at-2026-09-27T13_43_10.992727_00_00,1,1,0.2691599540412426
chronos2__model_config.context_length-4096__pipeline_config.raw_inference.completed_at-2026-09-27T13_43_48.408391_00_00,1,1,0.4324882123619318
chronos2__model_config.context_length-512__pipeline_config.raw_inference.completed_at-2026-09-27T13_48_51.074588_00_00,1,1,0.184271777048707
chronos2__model_config.context_length-8192__pipeline_config.raw_inference.completed_at-2026-09-26T15_50_37.744630_00_00,1,1,0.8312169946730137
chronos2__model_config.context_length-1024__pipeline_config.raw_inference.completed_at-2026-09-27T13_47_26.989557_00_00,1,1,0.726962698623538
chronos2__model_config.context_length-2048__pipeline_config.raw_inference.completed_at-2026-09-27T13_43_10.204461_00_00,1,1,0.950148681178689
chronos2__model_config.context_length-4096__pipeline_config.raw_inference.completed_at-2026-09-27T13_43_47.455517_00_00,1,1,1.5351990833878517
chronos2__model_config.context_length-512__pipeline_config.raw_inference.completed_at-2026-09-27T13_48_50.370656_00_00,1,1,0.7256231885403395
chronos2__model_config.context_length-8192__pipeline_config.raw_inference.completed_at-2026-09-26T15_50_36.390851_00_00,1,1,3.000778591260314
chronos_bolt__model_config.context_length-1024__pipeline_config.raw_inference.completed_at-2026-09-27T13_23_40.570065_00_00,1,1,0.7777055259793997
chronos_bolt__model_config.context_length-128__pipeline_config.raw_inference.completed_at-2026-09-27T13_30_07.192986_00_00,1,1,0.33020078390836716
chronos_bolt__model_config.context_length-2048__pipeline_config.raw_inference.completed_at-2026-09-26T15_51_47.690968_00_00,1,1,1.4523073974996805
chronos_bolt__model_config.context_length-256__pipeline_config.raw_inference.completed_at-2026-09-27T13_29_18.112495_00_00,1,1,0.3822655100375414
chronos_bolt__model_config.context_length-512__pipeline_config.raw_inference.completed_at-2026-09-27T14_59_17.988680_00_00,1,1,0.5019554570317268
chronos_bolt__model_config.context_length-1024__pipeline_config.raw_inference.completed_at-2026-09-27T13_23_39.638763_00_00,1,1,1.0110259894281626
chronos_bolt__model_config.context_length-128__pipeline_config.raw_inference.completed_at-2026-09-27T13_30_06.706228_00_00,1,1,0.5468507949262857
chronos_bolt__model_config.context_length-2048__pipeline_config.raw_inference.completed_at-2026-09-26T15_51_46.085598_00_00,1,1,1.8267841301858425
chronos_bolt__model_config.context_length-256__pipeline_config.raw_inference.completed_at-2026-09-27T13_29_17.577539_00_00,1,1,0.5447619464248419
chronos_bolt__model_config.context_length-512__pipeline_config.raw_inference.completed_at-2026-09-27T14_59_17.335220_00_00,1,1,0.6437712945044041
chronos_bolt__model_config.context_length-1024__pipeline_config.raw_inference.completed_at-2026-09-27T13_23_38.326092_00_00,1,1,0.8404288832098246
chronos_bolt__model_config.context_length-128__pipeline_config.raw_inference.completed_at-2026-09-27T13_30_05.852652_00_00,1,1,1.0593513455241919
chronos_bolt__model_config.context_length-2048__pipeline_config.raw_inference.completed_at-2026-09-26T15_51_43.958774_00_00,1,1,1.0168719850480556
chronos_bolt__model_config.context_length-256__pipeline_config.raw_inference.completed_at-2026-09-27T13_29_16.732366_00_00,1,1,0.7799143008887768
chronos_bolt__model_config.context_length-512__pipeline_config.raw_inference.completed_at-2026-09-27T14_59_16.391012_00_00,1,1,0.7748287003487349
ts_icl__model_config.context_length-1024__pipeline_config.raw_inference.completed_at-2026-09-27T13_57_15.733022_00_00,1,1,0.3481301758438349
ts_icl__model_config.context_length-2048__pipeline_config.raw_inference.completed_at-2026-09-27T14_01_45.750015_00_00,1,1,0.7007056474685669
ts_icl__model_config.context_length-256__pipeline_config.raw_inference.completed_at-2026-09-27T15_06_27.075585_00_00,1,1,0.17192878015339375
ts_icl__model_config.context_length-4096__pipeline_config.raw_inference.completed_at-2026-09-26T16_12_30.492191_00_00,1,1,1.847748752683401
ts_icl__model_config.context_length-512__pipeline_config.raw_inference.completed_at-2026-09-27T13_57_41.323568_00_00,1,1,0.21611211821436882
ts_icl__model_config.context_length-1024__pipeline_config.raw_inference.completed_at-2026-09-27T13_57_14.897838_00_00,1,1,0.7421186100691557
ts_icl__model_config.context_length-2048__pipeline_config.raw_inference.completed_at-2026-09-27T14_01_44.532523_00_00,1,1,1.5682123713195324
ts_icl__model_config.context_length-256__pipeline_config.raw_inference.completed_at-2026-09-27T15_06_26.415184_00_00,1,1,0.3225046582520008
ts_icl__model_config.context_length-4096__pipeline_config.raw_inference.completed_at-2026-09-26T16_12_28.153615_00_00,1,1,4.207989783957601
ts_icl__model_config.context_length-512__pipeline_config.raw_inference.completed_at-2026-09-27T13_57_40.622026_00_00,1,1,0.42474858462810516
ts_icl__model_config.context_length-1024__pipeline_config.raw_inference.completed_at-2026-09-27T13_57_13.422400_00_00,1,1,2.071825500577688
ts_icl__model_config.context_length-2048__pipeline_config.raw_inference.completed_at-2026-09-27T14_01_42.211237_00_00,1,1,4.665388202294707
ts_icl__model_config.context_length-256__pipeline_config.raw_inference.completed_at-2026-09-27T15_06_25.360014_00_00,1,1,1.0164293386042118
ts_icl__model_config.context_length-4096__pipeline_config.raw_inference.completed_at-2026-09-26T16_12_23.199767_00_00,1,1,12.709033731371164
ts_icl__model_config.context_length-512__pipeline_config.raw_inference.completed_at-2026-09-27T13_57_39.466380_00_00,1,1,1.3518702816218138
seasonal_naive,98,98,653.0313364397734
