launch_id,model,base_model,target_modes,state,exit_code,scaled_MASE,inference_seconds,datasets,tasks,timed_tasks,MASE_finite_values,MASE_evaluation_values,MASE_total_values,prediction_nan_values,prediction_values
selena_instance_normalization_20260927T131553Z_36892,ts_icl__experiment_config.instance_normalization-none__pipeline_config.raw_inference.completed_at-2026-09-26T16_23_54.550901_00_00,ts_icl,univariate,completed,0,0.35778326875674127,0.4226381927728653,1,1,1,21,21,21,0,1134
selena_instance_normalization_20260927T131553Z_36892,ts_icl__experiment_config.instance_normalization-zscore__pipeline_config.raw_inference.completed_at-2026-09-27T14_53_40.229664_00_00,ts_icl,univariate,completed,0,0.3577834560350979,0.41643797419965267,1,1,1,21,21,21,0,1134
selena_instance_normalization_20260927T131553Z_36892,chronos2__experiment_config.instance_normalization-zscore__pipeline_config.raw_inference.completed_at-2026-09-27T14_15_41.838054_00_00,chronos2,multivariate,completed,0,0.35956864192900034,0.2836127560585737,1,1,1,21,21,21,0,1134
selena_instance_normalization_20260927T131553Z_36892,chronos2__experiment_config.instance_normalization-none__pipeline_config.raw_inference.completed_at-2026-09-26T15_54_57.246214_00_00,chronos2,multivariate,completed,0,0.35956864707354164,0.1882578246295452,1,1,1,21,21,21,0,1134
selena_instance_normalization_20260927T131553Z_36892,chronos2__experiment_config.instance_normalization-zscore__pipeline_config.raw_inference.completed_at-2026-09-27T14_17_34.914373_00_00,chronos2,multivariate,completed,0,0.3629352325741137,0.6244400907307863,1,1,1,432,432,432,0,116640
selena_instance_normalization_20260927T131553Z_36892,chronos2__experiment_config.instance_normalization-none__pipeline_config.raw_inference.completed_at-2026-09-26T15_56_49.384839_00_00,chronos2,multivariate,completed,0,0.36293523418942514,0.6225547306239605,1,1,1,432,432,432,0,116640
selena_instance_normalization_20260927T131553Z_36892,chronos2__experiment_config.instance_normalization-zscore__pipeline_config.raw_inference.completed_at-2026-09-27T14_11_40.244871_00_00,chronos2,multivariate,completed,0,0.37445582539317157,8.347633035853505,1,1,1,1680,1680,1680,0,362880
selena_instance_normalization_20260927T131553Z_36892,chronos2__experiment_config.instance_normalization-none__pipeline_config.raw_inference.completed_at-2026-09-26T15_50_56.705854_00_00,chronos2,multivariate,completed,0,0.3744558321278641,8.476671669632196,1,1,1,1680,1680,1680,0,362880
selena_instance_normalization_20260927T131553Z_36892,chronos2__experiment_config.instance_normalization-zscore__pipeline_config.raw_inference.completed_at-2026-09-27T14_17_25.127440_00_00,chronos2,univariate,completed,0,0.37533793896580003,0.2088470496237278,1,1,1,6,6,6,0,1620
selena_instance_normalization_20260927T131553Z_36892,chronos2__experiment_config.instance_normalization-none__pipeline_config.raw_inference.completed_at-2026-09-26T15_56_39.615774_00_00,chronos2,univariate,completed,0,0.3753379415224901,0.20953883975744247,1,1,1,6,6,6,0,1620
selena_instance_normalization_20260927T131553Z_36892,chronos2__experiment_config.instance_normalization-none__pipeline_config.raw_inference.completed_at-2026-09-26T15_49_05.643932_00_00,chronos2,multivariate,completed,0,0.3784291897259098,1.715425917878747,1,1,1,360,360,360,0,29160
selena_instance_normalization_20260927T131553Z_36892,chronos2__experiment_config.instance_normalization-zscore__pipeline_config.raw_inference.completed_at-2026-09-27T14_09_53.373880_00_00,chronos2,multivariate,completed,0,0.3784293759623137,1.7784803044050932,1,1,1,360,360,360,0,29160
selena_instance_normalization_20260927T131553Z_36892,chronos_bolt__experiment_config.instance_normalization-zscore__pipeline_config.raw_inference.completed_at-2026-09-27T15_21_33.110682_00_00,chronos_bolt,univariate,completed,0,0.38165814286723504,0.22612861543893814,1,1,1,6,6,6,0,1620
selena_instance_normalization_20260927T131553Z_36892,chronos_bolt__experiment_config.instance_normalization-none__pipeline_config.raw_inference.completed_at-2026-09-26T15_57_44.023468_00_00,chronos_bolt,univariate,completed,0,0.381658147710612,0.2266604658216238,1,1,1,6,6,6,0,1620
selena_instance_normalization_20260927T131553Z_36892,chronos2__experiment_config.instance_normalization-zscore__pipeline_config.raw_inference.completed_at-2026-09-27T14_13_22.374683_00_00,chronos2,univariate,completed,0,0.3928127827352551,74.20189631730318,1,1,1,14868,14868,14868,0,2115504
selena_instance_normalization_20260927T131553Z_36892,chronos2__experiment_config.instance_normalization-none__pipeline_config.raw_inference.completed_at-2026-09-26T15_52_38.199887_00_00,chronos2,univariate,completed,0,0.3928127857824786,73.49860926344991,1,1,1,14868,14868,14868,0,2115504
selena_instance_normalization_20260927T131553Z_36892,ts_icl__experiment_config.instance_normalization-zscore__pipeline_config.raw_inference.completed_at-2026-09-27T14_54_36.702080_00_00,ts_icl,univariate,completed,0,0.39680097040250095,0.23975135013461113,1,1,1,6,6,6,0,1620
selena_instance_normalization_20260927T131553Z_36892,ts_icl__experiment_config.instance_normalization-none__pipeline_config.raw_inference.completed_at-2026-09-26T16_24_51.108817_00_00,ts_icl,univariate,completed,0,0.3968010336953139,0.23457277566194534,1,1,1,6,6,6,0,1620
selena_instance_normalization_20260927T131553Z_36892,ts_icl__experiment_config.instance_normalization-none__pipeline_config.raw_inference.completed_at-2026-09-26T16_25_02.734529_00_00,ts_icl,univariate,completed,0,0.4001528486941045,7.478603854775429,1,1,1,432,432,432,0,116640
selena_instance_normalization_20260927T131553Z_36892,ts_icl__experiment_config.instance_normalization-zscore__pipeline_config.raw_inference.completed_at-2026-09-27T14_54_48.384050_00_00,ts_icl,univariate,completed,0,0.40015285174650306,7.529935292899609,1,1,1,432,432,432,0,116640
selena_instance_normalization_20260927T131553Z_36892,chronos_bolt__experiment_config.instance_normalization-none__pipeline_config.raw_inference.completed_at-2026-09-26T15_57_54.164063_00_00,chronos_bolt,univariate,completed,0,0.4022208216512499,0.8910238165408373,1,1,1,432,432,432,0,116640
selena_instance_normalization_20260927T131553Z_36892,chronos_bolt__experiment_config.instance_normalization-zscore__pipeline_config.raw_inference.completed_at-2026-09-27T15_21_43.220715_00_00,chronos_bolt,univariate,completed,0,0.40222082173225043,0.9007265157997608,1,1,1,432,432,432,0,116640
selena_instance_normalization_20260927T131553Z_36892,chronos2__experiment_config.instance_normalization-zscore__pipeline_config.raw_inference.completed_at-2026-09-27T14_04_42.473723_00_00,chronos2,multivariate,completed,0,0.4071053970239109,3.5480501521378756,1,1,1,720,720,720,0,233280
selena_instance_normalization_20260927T131553Z_36892,chronos2__experiment_config.instance_normalization-none__pipeline_config.raw_inference.completed_at-2026-09-26T15_43_56.445281_00_00,chronos2,multivariate,completed,0,0.4071054800668598,3.5260367542505264,1,1,1,720,720,720,0,233280
selena_instance_normalization_20260927T131553Z_36892,ts_icl__experiment_config.instance_normalization-zscore__pipeline_config.raw_inference.completed_at-2026-09-27T14_42_56.129078_00_00,ts_icl,univariate,completed,0,0.4151638995371261,40.53049892000854,1,1,1,1680,1680,1680,0,362880
selena_instance_normalization_20260927T131553Z_36892,ts_icl__experiment_config.instance_normalization-none__pipeline_config.raw_inference.completed_at-2026-09-26T16_13_14.902402_00_00,ts_icl,univariate,completed,0,0.4151639014877761,40.01643034815788,1,1,1,1680,1680,1680,0,362880
selena_instance_normalization_20260927T131553Z_36892,chronos2__experiment_config.instance_normalization-none__pipeline_config.raw_inference.completed_at-2026-09-26T15_56_59.410157_00_00,chronos2,multivariate,completed,0,0.424066140216457,0.8022119756788015,1,1,1,612,612,612,0,165240
selena_instance_normalization_20260927T131553Z_36892,chronos2__experiment_config.instance_normalization-zscore__pipeline_config.raw_inference.completed_at-2026-09-27T14_17_44.941597_00_00,chronos2,multivariate,completed,0,0.4240661403114274,0.806158721446991,1,1,1,612,612,612,0,165240
selena_instance_normalization_20260927T131553Z_36892,chronos_bolt__experiment_config.instance_normalization-zscore__pipeline_config.raw_inference.completed_at-2026-09-27T15_19_48.015395_00_00,chronos_bolt,univariate,completed,0,0.4284923117891636,0.25469698943197727,1,1,1,21,21,21,0,1134
selena_instance_normalization_20260927T131553Z_36892,chronos_bolt__experiment_config.instance_normalization-none__pipeline_config.raw_inference.completed_at-2026-09-26T15_55_57.614904_00_00,chronos_bolt,univariate,completed,0,0.4284923211183383,0.25068590603768826,1,1,1,21,21,21,0,1134
selena_instance_normalization_20260927T131553Z_36892,ts_icl__experiment_config.instance_normalization-none__pipeline_config.raw_inference.completed_at-2026-09-26T16_19_55.707136_00_00,ts_icl,univariate,completed,0,0.4305381407166755,356.3620943184942,1,1,1,14868,14868,14868,0,2115504
selena_instance_normalization_20260927T131553Z_36892,ts_icl__experiment_config.instance_normalization-zscore__pipeline_config.raw_inference.completed_at-2026-09-27T14_49_41.503253_00_00,ts_icl,univariate,completed,0,0.430538141663985,360.2081570979208,1,1,1,14868,14868,14868,0,2115504
selena_instance_normalization_20260927T131553Z_36892,chronos_bolt__experiment_config.instance_normalization-zscore__pipeline_config.raw_inference.completed_at-2026-09-27T15_16_45.257093_00_00,chronos_bolt,univariate,completed,0,0.43226224992782136,24.012066764757037,1,1,1,14868,14868,14868,0,2115504
selena_instance_normalization_20260927T131553Z_36892,chronos_bolt__experiment_config.instance_normalization-none__pipeline_config.raw_inference.completed_at-2026-09-26T15_52_56.939323_00_00,chronos_bolt,univariate,completed,0,0.43226225195629453,22.855650447309017,1,1,1,14868,14868,14868,0,2115504
selena_instance_normalization_20260927T131553Z_36892,ts_icl__experiment_config.instance_normalization-zscore__pipeline_config.raw_inference.completed_at-2026-09-27T14_37_49.554391_00_00,ts_icl,univariate,completed,0,0.4416498897876546,8.795613773167133,1,1,1,360,360,360,0,29160
selena_instance_normalization_20260927T131553Z_36892,ts_icl__experiment_config.instance_normalization-none__pipeline_config.raw_inference.completed_at-2026-09-26T16_08_08.642942_00_00,ts_icl,univariate,completed,0,0.4416499260692792,8.71646397933364,1,1,1,360,360,360,0,29160
selena_instance_normalization_20260927T131553Z_36892,ts_icl__experiment_config.instance_normalization-zscore__pipeline_config.raw_inference.completed_at-2026-09-27T14_15_00.932768_00_00,ts_icl,univariate,completed,0,0.44664042180331276,17.39729956537485,1,1,1,720,720,720,0,233280
selena_instance_normalization_20260927T131553Z_36892,ts_icl__experiment_config.instance_normalization-none__pipeline_config.raw_inference.completed_at-2026-09-26T15_45_23.572457_00_00,ts_icl,univariate,completed,0,0.4466404325168494,17.32212566398084,1,1,1,720,720,720,0,233280
selena_instance_normalization_20260927T131553Z_36892,chronos_bolt__experiment_config.instance_normalization-zscore__pipeline_config.raw_inference.completed_at-2026-09-27T15_15_45.938920_00_00,chronos_bolt,univariate,completed,0,0.449535833834178,2.866579784080386,1,1,1,1680,1680,1680,0,362880
selena_instance_normalization_20260927T131553Z_36892,chronos_bolt__experiment_config.instance_normalization-none__pipeline_config.raw_inference.completed_at-2026-09-26T15_51_59.733636_00_00,chronos_bolt,univariate,completed,0,0.4495358442050191,2.7573469653725624,1,1,1,1680,1680,1680,0,362880
selena_instance_normalization_20260927T131553Z_36892,chronos_bolt__experiment_config.instance_normalization-none__pipeline_config.raw_inference.completed_at-2026-09-26T15_58_04.699286_00_00,chronos_bolt,univariate,completed,0,0.4556912251669076,1.2324194479733706,1,1,1,612,612,612,0,165240
selena_instance_normalization_20260927T131553Z_36892,chronos_bolt__experiment_config.instance_normalization-zscore__pipeline_config.raw_inference.completed_at-2026-09-27T15_21_53.759563_00_00,chronos_bolt,univariate,completed,0,0.45569122527782957,1.2042999844998121,1,1,1,612,612,612,0,165240
selena_instance_normalization_20260927T131553Z_36892,ts_icl__experiment_config.instance_normalization-zscore__pipeline_config.raw_inference.completed_at-2026-09-27T14_55_03.203425_00_00,ts_icl,univariate,completed,0,0.4622890608520635,10.53809724189341,1,1,1,612,612,612,0,165240
selena_instance_normalization_20260927T131553Z_36892,ts_icl__experiment_config.instance_normalization-none__pipeline_config.raw_inference.completed_at-2026-09-26T16_25_17.435025_00_00,ts_icl,univariate,completed,0,0.4622890614339619,10.442289749160409,1,1,1,612,612,612,0,165240
selena_instance_normalization_20260927T131553Z_36892,chronos2__experiment_config.instance_normalization-zscore__pipeline_config.raw_inference.completed_at-2026-09-27T14_07_13.580368_00_00,chronos2,multivariate,completed,0,0.46537767915502926,61.25602850690484,1,1,1,19440,19440,19440,0,1574640
selena_instance_normalization_20260927T131553Z_36892,chronos2__experiment_config.instance_normalization-none__pipeline_config.raw_inference.completed_at-2026-09-26T15_46_27.114547_00_00,chronos2,multivariate,completed,0,0.46537768567175847,61.059814048931,1,1,1,19440,19440,19440,0,1574640
selena_instance_normalization_20260927T131553Z_36892,chronos_bolt__experiment_config.instance_normalization-none__pipeline_config.raw_inference.completed_at-2026-09-26T15_43_53.773511_00_00,chronos_bolt,univariate,completed,0,0.473302203298902,1.2937045767903328,1,1,1,720,720,720,0,233280
selena_instance_normalization_20260927T131553Z_36892,chronos_bolt__experiment_config.instance_normalization-zscore__pipeline_config.raw_inference.completed_at-2026-09-27T13_55_40.507043_00_00,chronos_bolt,univariate,completed,0,0.4733022081959158,1.3536698278039694,1,1,1,720,720,720,0,233280
selena_instance_normalization_20260927T131553Z_36892,chronos2__experiment_config.instance_normalization-none__pipeline_config.raw_inference.completed_at-2026-09-26T15_47_18.765098_00_00,chronos2,univariate,completed,0,0.47578666614966564,1.3360461238771677,1,1,1,240,240,240,0,25875
selena_instance_normalization_20260927T131553Z_36892,chronos2__experiment_config.instance_normalization-zscore__pipeline_config.raw_inference.completed_at-2026-09-27T14_08_05.271983_00_00,chronos2,univariate,completed,0,0.47578667486195914,1.3544498849660158,1,1,1,240,240,240,0,25875
selena_instance_normalization_20260927T131553Z_36892,chronos_bolt__experiment_config.instance_normalization-none__pipeline_config.raw_inference.completed_at-2026-09-26T15_50_12.641595_00_00,chronos_bolt,univariate,completed,0,0.47813008816308095,0.7514343541115522,1,1,1,360,360,360,0,29160
selena_instance_normalization_20260927T131553Z_36892,chronos_bolt__experiment_config.instance_normalization-zscore__pipeline_config.raw_inference.completed_at-2026-09-27T15_13_57.631465_00_00,chronos_bolt,univariate,completed,0,0.47813030525431655,0.7742141839116812,1,1,1,360,360,360,0,29160
selena_instance_normalization_20260927T131553Z_36892,chronos_bolt__experiment_config.instance_normalization-none__pipeline_config.raw_inference.completed_at-2026-09-26T15_47_48.643530_00_00,chronos_bolt,univariate,completed,0,0.47936824013839624,0.5634506475180387,1,1,1,240,240,240,0,25875
selena_instance_normalization_20260927T131553Z_36892,chronos_bolt__experiment_config.instance_normalization-zscore__pipeline_config.raw_inference.completed_at-2026-09-27T13_59_38.075760_00_00,chronos_bolt,univariate,completed,0,0.4793682418100464,0.5832148604094982,1,1,1,240,240,240,0,25875
selena_instance_normalization_20260927T131553Z_36892,ts_icl__experiment_config.instance_normalization-zscore__pipeline_config.raw_inference.completed_at-2026-09-27T14_32_50.218566_00_00,ts_icl,univariate,completed,0,0.48150572169507694,5.893179032951593,1,1,1,240,240,240,0,25875
selena_instance_normalization_20260927T131553Z_36892,ts_icl__experiment_config.instance_normalization-none__pipeline_config.raw_inference.completed_at-2026-09-26T16_03_10.504315_00_00,ts_icl,univariate,completed,0,0.4815057319710606,5.848209362477064,1,1,1,240,240,240,0,25875
selena_instance_normalization_20260927T131553Z_36892,chronos2__experiment_config.instance_normalization-none__pipeline_config.raw_inference.completed_at-2026-09-26T15_44_40.984294_00_00,chronos2,multivariate,completed,0,0.4982241238609957,33.50611853227019,1,1,1,7200,7200,7200,0,1166184
selena_instance_normalization_20260927T131553Z_36892,chronos2__experiment_config.instance_normalization-zscore__pipeline_config.raw_inference.completed_at-2026-09-27T14_05_26.756421_00_00,chronos2,multivariate,completed,0,0.49822415553700966,33.513041684404016,1,1,1,7200,7200,7200,0,1166184
selena_instance_normalization_20260927T131553Z_36892,ts_icl__experiment_config.instance_normalization-none__pipeline_config.raw_inference.completed_at-2026-09-26T16_24_08.825830_00_00,ts_icl,univariate,completed,0,0.5018009861459509,1.0123887546360493,1,1,1,70,70,70,0,7560
selena_instance_normalization_20260927T131553Z_36892,ts_icl__experiment_config.instance_normalization-zscore__pipeline_config.raw_inference.completed_at-2026-09-27T14_53_54.452148_00_00,ts_icl,univariate,completed,0,0.5018010215132843,0.9689414352178574,1,1,1,70,70,70,0,7560
selena_instance_normalization_20260927T131553Z_36892,chronos2__experiment_config.instance_normalization-zscore__pipeline_config.raw_inference.completed_at-2026-09-27T14_05_58.604298_00_00,chronos2,multivariate,completed,0,0.5050993510154735,12.279739525169134,1,1,1,3600,3600,3600,0,388800
selena_instance_normalization_20260927T131553Z_36892,chronos2__experiment_config.instance_normalization-none__pipeline_config.raw_inference.completed_at-2026-09-26T15_45_12.225547_00_00,chronos2,multivariate,completed,0,0.5050993677405062,12.134375179186463,1,1,1,3600,3600,3600,0,388800
selena_instance_normalization_20260927T131553Z_36892,ts_icl__experiment_config.instance_normalization-zscore__pipeline_config.raw_inference.completed_at-2026-09-27T14_29_02.560904_00_00,ts_icl,univariate,completed,0,0.5137316672384968,500.2213800661266,1,1,1,19440,19440,19440,0,1574640
selena_instance_normalization_20260927T131553Z_36892,ts_icl__experiment_config.instance_normalization-none__pipeline_config.raw_inference.completed_at-2026-09-26T15_59_21.915743_00_00,ts_icl,univariate,completed,0,0.5137316758245211,499.06127027608454,1,1,1,19440,19440,19440,0,1574640
selena_instance_normalization_20260927T131553Z_36892,chronos2__experiment_config.instance_normalization-none__pipeline_config.raw_inference.completed_at-2026-09-26T15_53_10.265308_00_00,chronos2,univariate,completed,0,0.5142179910500525,1.0646973364055157,1,1,1,186,186,186,0,26784
selena_instance_normalization_20260927T131553Z_36892,chronos2__experiment_config.instance_normalization-zscore__pipeline_config.raw_inference.completed_at-2026-09-27T14_13_54.734414_00_00,chronos2,univariate,completed,0,0.5142180029983487,1.0738640278577805,1,1,1,186,186,186,0,26784
selena_instance_normalization_20260927T131553Z_36892,ts_icl__experiment_config.instance_normalization-none__pipeline_config.raw_inference.completed_at-2026-09-26T15_50_36.202883_00_00,ts_icl,univariate,completed,0,0.5238477165442099,92.08401364088058,1,1,1,3600,3600,3600,0,388800
selena_instance_normalization_20260927T131553Z_36892,ts_icl__experiment_config.instance_normalization-zscore__pipeline_config.raw_inference.completed_at-2026-09-27T14_20_17.669964_00_00,ts_icl,univariate,completed,0,0.523847775003625,92.24228981137276,1,1,1,3600,3600,3600,0,388800
selena_instance_normalization_20260927T131553Z_36892,chronos_bolt__experiment_config.instance_normalization-zscore__pipeline_config.raw_inference.completed_at-2026-09-27T13_57_02.136017_00_00,chronos_bolt,univariate,completed,0,0.5310257242177765,5.845337126404047,1,1,1,3600,3600,3600,0,388800
selena_instance_normalization_20260927T131553Z_36892,chronos_bolt__experiment_config.instance_normalization-none__pipeline_config.raw_inference.completed_at-2026-09-26T15_45_14.194522_00_00,chronos_bolt,univariate,completed,0,0.5310258678905166,5.602128099650145,1,1,1,3600,3600,3600,0,388800
selena_instance_normalization_20260927T131553Z_36892,chronos_bolt__experiment_config.instance_normalization-none__pipeline_config.raw_inference.completed_at-2026-09-26T15_56_26.248635_00_00,chronos_bolt,univariate,completed,0,0.5338831341525208,0.30582667514681816,1,1,1,70,70,70,0,7560
selena_instance_normalization_20260927T131553Z_36892,chronos_bolt__experiment_config.instance_normalization-zscore__pipeline_config.raw_inference.completed_at-2026-09-27T15_20_16.599617_00_00,chronos_bolt,univariate,completed,0,0.5338831566304686,0.306376650929451,1,1,1,70,70,70,0,7560
selena_instance_normalization_20260927T131553Z_36892,chronos2__experiment_config.instance_normalization-none__pipeline_config.raw_inference.completed_at-2026-09-26T15_55_15.950479_00_00,chronos2,multivariate,completed,0,0.5364326507424232,0.18847018666565418,1,1,1,30,30,30,0,3240
selena_instance_normalization_20260927T131553Z_36892,chronos2__experiment_config.instance_normalization-zscore__pipeline_config.raw_inference.completed_at-2026-09-27T14_16_01.147695_00_00,chronos2,multivariate,completed,0,0.5364326891460364,0.1879661250859499,1,1,1,30,30,30,0,3240
selena_instance_normalization_20260927T131553Z_36892,chronos2__experiment_config.instance_normalization-none__pipeline_config.raw_inference.completed_at-2026-09-26T15_52_59.550091_00_00,chronos2,univariate,completed,0,0.5551023033224332,2.0824789125472307,1,1,1,354,354,354,0,2115504
selena_instance_normalization_20260927T131553Z_36892,chronos2__experiment_config.instance_normalization-zscore__pipeline_config.raw_inference.completed_at-2026-09-27T14_13_43.945921_00_00,chronos2,univariate,completed,0,0.5551023044672286,2.114057134836912,1,1,1,354,354,354,0,2115504
selena_instance_normalization_20260927T131553Z_36892,ts_icl__experiment_config.instance_normalization-none__pipeline_config.raw_inference.completed_at-2026-09-26T16_21_29.290215_00_00,ts_icl,univariate,completed,0,0.5579173755542706,4.841252971440554,1,1,1,186,186,186,0,26784
selena_instance_normalization_20260927T131553Z_36892,ts_icl__experiment_config.instance_normalization-zscore__pipeline_config.raw_inference.completed_at-2026-09-27T14_51_15.536209_00_00,ts_icl,univariate,completed,0,0.5579173964457476,4.859055075794458,1,1,1,186,186,186,0,26784
selena_instance_normalization_20260927T131553Z_36892,chronos2__experiment_config.instance_normalization-zscore__pipeline_config.raw_inference.completed_at-2026-09-27T14_13_40.138598_00_00,chronos2,univariate,completed,0,0.5580759674951268,12.592052564024925,1,1,1,2478,2478,2478,0,2115504
selena_instance_normalization_20260927T131553Z_36892,chronos2__experiment_config.instance_normalization-none__pipeline_config.raw_inference.completed_at-2026-09-26T15_52_55.794388_00_00,chronos2,univariate,completed,0,0.558075969445258,12.438771849498153,1,1,1,2478,2478,2478,0,2115504
selena_instance_normalization_20260927T131553Z_36892,chronos2__experiment_config.instance_normalization-none__pipeline_config.raw_inference.completed_at-2026-09-26T15_43_37.521897_00_00,chronos2,multivariate,completed,0,0.5606183090187876,18.992396723479033,1,1,1,3780,3780,3780,0,544158
selena_instance_normalization_20260927T131553Z_36892,chronos2__experiment_config.instance_normalization-zscore__pipeline_config.raw_inference.completed_at-2026-09-27T14_04_23.375294_00_00,chronos2,multivariate,completed,0,0.5606183346905359,18.119779778644443,1,1,1,3780,3780,3780,0,544158
selena_instance_normalization_20260927T131553Z_36892,ts_icl__experiment_config.instance_normalization-zscore__pipeline_config.raw_inference.completed_at-2026-09-27T14_18_03.856768_00_00,ts_icl,univariate,completed,0,0.5615679121176165,173.23010464385152,1,1,1,7200,7200,7200,0,1166184
selena_instance_normalization_20260927T131553Z_36892,ts_icl__experiment_config.instance_normalization-none__pipeline_config.raw_inference.completed_at-2026-09-26T15_48_24.790174_00_00,ts_icl,univariate,completed,0,0.5615680496491282,171.61584774963558,1,1,1,7200,7200,7200,0,1166184
selena_instance_normalization_20260927T131553Z_36892,chronos2__experiment_config.instance_normalization-none__pipeline_config.raw_inference.completed_at-2026-09-26T15_55_25.157102_00_00,chronos2,multivariate,completed,0,0.564975767585351,0.1909192819148302,1,1,1,70,70,70,0,7560
selena_instance_normalization_20260927T131553Z_36892,chronos2__experiment_config.instance_normalization-zscore__pipeline_config.raw_inference.completed_at-2026-09-27T14_16_10.547571_00_00,chronos2,multivariate,completed,0,0.564975917694346,0.1859324686229229,1,1,1,70,70,70,0,7560
selena_instance_normalization_20260927T131553Z_36892,chronos2__experiment_config.instance_normalization-zscore__pipeline_config.raw_inference.completed_at-2026-09-27T14_11_43.411799_00_00,chronos2,multivariate,completed,0,0.567635697410459,2.078214669600129,1,1,1,420,420,420,0,362880
selena_instance_normalization_20260927T131553Z_36892,chronos2__experiment_config.instance_normalization-none__pipeline_config.raw_inference.completed_at-2026-09-26T15_50_59.789761_00_00,chronos2,multivariate,completed,0,0.5676356985687455,2.03146000392735,1,1,1,420,420,420,0,362880
selena_instance_normalization_20260927T131553Z_36892,chronos_bolt__experiment_config.instance_normalization-zscore__pipeline_config.raw_inference.completed_at-2026-09-27T15_18_02.632370_00_00,chronos_bolt,univariate,completed,0,0.569352183708846,0.6566225811839104,1,1,1,186,186,186,0,26784
selena_instance_normalization_20260927T131553Z_36892,chronos_bolt__experiment_config.instance_normalization-none__pipeline_config.raw_inference.completed_at-2026-09-26T15_54_12.227336_00_00,chronos_bolt,univariate,completed,0,0.5693521958394981,0.4878161810338497,1,1,1,186,186,186,0,26784
selena_instance_normalization_20260927T131553Z_36892,chronos_bolt__experiment_config.instance_normalization-zscore__pipeline_config.raw_inference.completed_at-2026-09-27T13_57_54.586938_00_00,chronos_bolt,univariate,completed,0,0.57295312945925,30.881461534649134,1,1,1,19440,19440,19440,0,1574640
selena_instance_normalization_20260927T131553Z_36892,chronos_bolt__experiment_config.instance_normalization-none__pipeline_config.raw_inference.completed_at-2026-09-26T15_46_05.176927_00_00,chronos_bolt,univariate,completed,0,0.5729531605112412,29.692712292075157,1,1,1,19440,19440,19440,0,1574640
selena_instance_normalization_20260927T131553Z_36892,chronos2__experiment_config.instance_normalization-none__pipeline_config.raw_inference.completed_at-2026-09-26T15_58_51.103489_00_00,chronos2,multivariate,completed,0,0.5936503488136183,1.5292853713035583,1,1,1,1404,1404,1404,0,606528
selena_instance_normalization_20260927T131553Z_36892,chronos2__experiment_config.instance_normalization-zscore__pipeline_config.raw_inference.completed_at-2026-09-27T14_19_35.005606_00_00,chronos2,multivariate,completed,0,0.5936503551455034,1.5597012396901846,1,1,1,1404,1404,1404,0,606528
selena_instance_normalization_20260927T131553Z_36892,chronos2__experiment_config.instance_normalization-none__pipeline_config.raw_inference.completed_at-2026-09-26T15_51_13.717626_00_00,chronos2,multivariate,completed,0,0.5939734485800114,2.847157733514905,1,1,1,560,560,560,0,120960
selena_instance_normalization_20260927T131553Z_36892,chronos2__experiment_config.instance_normalization-zscore__pipeline_config.raw_inference.completed_at-2026-09-27T14_11_57.069198_00_00,chronos2,multivariate,completed,0,0.5939734535339684,2.8736116364598274,1,1,1,560,560,560,0,120960
selena_instance_normalization_20260927T131553Z_36892,chronos_bolt__experiment_config.instance_normalization-none__pipeline_config.raw_inference.completed_at-2026-09-26T15_57_34.693765_00_00,chronos_bolt,univariate,completed,0,0.5940031906328601,0.2863972056657076,1,1,1,50,50,50,0,5400
selena_instance_normalization_20260927T131553Z_36892,chronos_bolt__experiment_config.instance_normalization-zscore__pipeline_config.raw_inference.completed_at-2026-09-27T15_21_23.683654_00_00,chronos_bolt,univariate,completed,0,0.5940031962779281,0.29465282149612904,1,1,1,50,50,50,0,5400
selena_instance_normalization_20260927T131553Z_36892,chronos2__experiment_config.instance_normalization-none__pipeline_config.raw_inference.completed_at-2026-09-26T15_50_10.856785_00_00,chronos2,multivariate,completed,0,0.5965490516104354,0.8576976526528597,1,1,1,120,120,120,0,25920
selena_instance_normalization_20260927T131553Z_36892,chronos2__experiment_config.instance_normalization-zscore__pipeline_config.raw_inference.completed_at-2026-09-27T14_10_55.577377_00_00,chronos2,multivariate,completed,0,0.5965491529613964,0.6868824362754822,1,1,1,120,120,120,0,25920
selena_instance_normalization_20260927T131553Z_36892,ts_icl__experiment_config.instance_normalization-none__pipeline_config.raw_inference.completed_at-2026-09-26T16_24_46.721344_00_00,ts_icl,univariate,completed,0,0.6117422065218235,0.7498055472970009,1,1,1,50,50,50,0,5400
selena_instance_normalization_20260927T131553Z_36892,ts_icl__experiment_config.instance_normalization-zscore__pipeline_config.raw_inference.completed_at-2026-09-27T14_54_32.321273_00_00,ts_icl,univariate,completed,0,0.611742283580787,0.7400378063321114,1,1,1,50,50,50,0,5400
selena_instance_normalization_20260927T131553Z_36892,ts_icl__experiment_config.instance_normalization-zscore__pipeline_config.raw_inference.completed_at-2026-09-27T14_41_29.792647_00_00,ts_icl,univariate,completed,0,0.6129094475513683,3.016954477876425,1,1,1,120,120,120,0,25920
selena_instance_normalization_20260927T131553Z_36892,ts_icl__experiment_config.instance_normalization-none__pipeline_config.raw_inference.completed_at-2026-09-26T16_11_49.521143_00_00,ts_icl,univariate,completed,0,0.6129095172780149,3.288859996944666,1,1,1,120,120,120,0,25920
selena_instance_normalization_20260927T131553Z_36892,ts_icl__experiment_config.instance_normalization-none__pipeline_config.raw_inference.completed_at-2026-09-26T16_13_49.181705_00_00,ts_icl,univariate,completed,0,0.6139433431511792,13.503925709053874,1,1,1,560,560,560,0,120960
selena_instance_normalization_20260927T131553Z_36892,ts_icl__experiment_config.instance_normalization-zscore__pipeline_config.raw_inference.completed_at-2026-09-27T14_43_30.910336_00_00,ts_icl,univariate,completed,0,0.6139433536248216,13.715694913640618,1,1,1,560,560,560,0,120960
selena_instance_normalization_20260927T131553Z_36892,chronos_bolt__experiment_config.instance_normalization-zscore__pipeline_config.raw_inference.completed_at-2026-09-27T13_56_09.557772_00_00,chronos_bolt,univariate,completed,0,0.6174763488824832,11.601236760616302,1,1,1,7200,7200,7200,0,1166184
selena_instance_normalization_20260927T131553Z_36892,chronos_bolt__experiment_config.instance_normalization-none__pipeline_config.raw_inference.completed_at-2026-09-26T15_44_21.546581_00_00,chronos_bolt,univariate,completed,0,0.6174763561582273,11.125371668487787,1,1,1,7200,7200,7200,0,1166184
selena_instance_normalization_20260927T131553Z_36892,chronos_bolt__experiment_config.instance_normalization-none__pipeline_config.raw_inference.completed_at-2026-09-26T15_43_26.091522_00_00,chronos_bolt,univariate,completed,0,0.6177950678072444,7.3311514891684055,1,1,1,3780,3780,3780,0,544158
selena_instance_normalization_20260927T131553Z_36892,chronos_bolt__experiment_config.instance_normalization-zscore__pipeline_config.raw_inference.completed_at-2026-09-27T13_55_13.519905_00_00,chronos_bolt,univariate,completed,0,0.6177953071784213,6.215577879920602,1,1,1,3780,3780,3780,0,544158
selena_instance_normalization_20260927T131553Z_36892,ts_icl__experiment_config.instance_normalization-none__pipeline_config.raw_inference.completed_at-2026-09-26T15_44_38.711832_00_00,ts_icl,univariate,completed,0,0.6198102861666855,98.3594409506768,1,1,1,3780,3780,3780,0,544158
selena_instance_normalization_20260927T131553Z_36892,ts_icl__experiment_config.instance_normalization-zscore__pipeline_config.raw_inference.completed_at-2026-09-27T14_14_15.389021_00_00,ts_icl,univariate,completed,0,0.6198103178397563,90.47956241481006,1,1,1,3780,3780,3780,0,544158
selena_instance_normalization_20260927T131553Z_36892,chronos2__experiment_config.instance_normalization-none__pipeline_config.raw_inference.completed_at-2026-09-26T15_47_07.012752_00_00,chronos2,multivariate,completed,0,0.6223341959795847,1.2962880432605743,1,1,1,504,504,504,0,762048
selena_instance_normalization_20260927T131553Z_36892,chronos2__experiment_config.instance_normalization-zscore__pipeline_config.raw_inference.completed_at-2026-09-27T14_07_53.499296_00_00,chronos2,multivariate,completed,0,0.622334231385956,1.3075953274965286,1,1,1,504,504,504,0,762048
selena_instance_normalization_20260927T131553Z_36892,ts_icl__experiment_config.instance_normalization-zscore__pipeline_config.raw_inference.completed_at-2026-09-27T15_01_37.960155_00_00,ts_icl,univariate,completed,0,0.6245856560403267,20.828748654574156,1,1,1,1404,1404,1404,0,606528
selena_instance_normalization_20260927T131553Z_36892,ts_icl__experiment_config.instance_normalization-none__pipeline_config.raw_inference.completed_at-2026-09-26T16_31_49.821962_00_00,ts_icl,univariate,completed,0,0.6245856664918761,20.772321673110127,1,1,1,1404,1404,1404,0,606528
selena_instance_normalization_20260927T131553Z_36892,chronos_bolt__experiment_config.instance_normalization-zscore__pipeline_config.raw_inference.completed_at-2026-09-27T15_16_07.501690_00_00,chronos_bolt,univariate,completed,0,0.6259215507245641,1.0931202173233032,1,1,1,560,560,560,0,120960
selena_instance_normalization_20260927T131553Z_36892,chronos_bolt__experiment_config.instance_normalization-none__pipeline_config.raw_inference.completed_at-2026-09-26T15_52_20.891228_00_00,chronos_bolt,univariate,completed,0,0.6259215540866543,1.0544631276279688,1,1,1,560,560,560,0,120960
selena_instance_normalization_20260927T131553Z_36892,chronos_bolt__experiment_config.instance_normalization-none__pipeline_config.raw_inference.completed_at-2026-09-26T15_56_16.748087_00_00,chronos_bolt,univariate,completed,0,0.6261554732353394,0.2509199474006891,1,1,1,30,30,30,0,3240
selena_instance_normalization_20260927T131553Z_36892,chronos_bolt__experiment_config.instance_normalization-zscore__pipeline_config.raw_inference.completed_at-2026-09-27T15_20_06.856868_00_00,chronos_bolt,univariate,completed,0,0.6261555089297879,0.2527552433311939,1,1,1,30,30,30,0,3240
selena_instance_normalization_20260927T131553Z_36892,chronos2__experiment_config.instance_normalization-none__pipeline_config.raw_inference.completed_at-2026-09-26T15_55_43.778346_00_00,chronos2,univariate,completed,0,0.6272780561526403,0.21113148890435696,1,1,1,5,5,5,0,540
selena_instance_normalization_20260927T131553Z_36892,chronos2__experiment_config.instance_normalization-zscore__pipeline_config.raw_inference.completed_at-2026-09-27T14_16_29.353294_00_00,chronos2,univariate,completed,0,0.6272781205389575,0.21203254722058773,1,1,1,5,5,5,0,540
selena_instance_normalization_20260927T131553Z_36892,ts_icl__experiment_config.instance_normalization-zscore__pipeline_config.raw_inference.completed_at-2026-09-27T14_43_07.776081_00_00,ts_icl,univariate,completed,0,0.63097389438137,10.216781295835972,1,1,1,420,420,420,0,362880
selena_instance_normalization_20260927T131553Z_36892,ts_icl__experiment_config.instance_normalization-none__pipeline_config.raw_inference.completed_at-2026-09-26T16_13_26.362732_00_00,ts_icl,univariate,completed,0,0.630973897474497,10.126248680055141,1,1,1,420,420,420,0,362880
selena_instance_normalization_20260927T131553Z_36892,ts_icl__experiment_config.instance_normalization-none__pipeline_config.raw_inference.completed_at-2026-09-26T16_24_03.718436_00_00,ts_icl,univariate,completed,0,0.6319336015586908,0.5758270882070065,1,1,1,30,30,30,0,3240
selena_instance_normalization_20260927T131553Z_36892,ts_icl__experiment_config.instance_normalization-zscore__pipeline_config.raw_inference.completed_at-2026-09-27T14_53_49.336156_00_00,ts_icl,univariate,completed,0,0.631933684190161,0.5200427640229464,1,1,1,30,30,30,0,3240
selena_instance_normalization_20260927T131553Z_36892,chronos2__experiment_config.instance_normalization-none__pipeline_config.raw_inference.completed_at-2026-09-26T15_53_11.055192_00_00,chronos2,univariate,completed,0,0.6334165647741988,0.027524907141923904,1,1,1,4,4,4,0,24192
selena_instance_normalization_20260927T131553Z_36892,chronos2__experiment_config.instance_normalization-zscore__pipeline_config.raw_inference.completed_at-2026-09-27T14_13_55.527929_00_00,chronos2,univariate,completed,0,0.6334165702359292,0.027847062796354294,1,1,1,4,4,4,0,24192
selena_instance_normalization_20260927T131553Z_36892,chronos2__experiment_config.instance_normalization-none__pipeline_config.raw_inference.completed_at-2026-09-26T15_54_02.005414_00_00,chronos2,multivariate,completed,0,0.6352501786041488,0.23693689703941345,1,1,1,237,237,240,0,27540
selena_instance_normalization_20260927T131553Z_36892,chronos2__experiment_config.instance_normalization-zscore__pipeline_config.raw_inference.completed_at-2026-09-27T14_14_46.480284_00_00,chronos2,multivariate,completed,0,0.6352502185229365,0.24157072231173515,1,1,1,237,237,240,0,27540
selena_instance_normalization_20260927T131553Z_36892,ts_icl__experiment_config.instance_normalization-zscore__pipeline_config.raw_inference.completed_at-2026-09-27T14_32_32.811722_00_00,ts_icl,univariate,completed,0,0.6357962870399577,12.458519272506237,1,1,1,504,504,504,0,762048
selena_instance_normalization_20260927T131553Z_36892,ts_icl__experiment_config.instance_normalization-none__pipeline_config.raw_inference.completed_at-2026-09-26T16_02_53.134787_00_00,ts_icl,univariate,completed,0,0.6357963637672974,12.478444524109364,1,1,1,504,504,504,0,762048
selena_instance_normalization_20260927T131553Z_36892,chronos2__experiment_config.instance_normalization-zscore__pipeline_config.raw_inference.completed_at-2026-09-27T14_16_20.027029_00_00,chronos2,multivariate,completed,0,0.6377317629438882,0.18763537146151066,1,1,1,30,30,30,0,3240
selena_instance_normalization_20260927T131553Z_36892,chronos2__experiment_config.instance_normalization-none__pipeline_config.raw_inference.completed_at-2026-09-26T15_55_34.412670_00_00,chronos2,multivariate,completed,0,0.6377317787460499,0.18787822872400284,1,1,1,30,30,30,0,3240
selena_instance_normalization_20260927T131553Z_36892,chronos_bolt__experiment_config.instance_normalization-none__pipeline_config.raw_inference.completed_at-2026-09-26T15_51_20.362300_00_00,chronos_bolt,univariate,completed,0,0.6407841327805917,0.3917584456503391,1,1,1,120,120,120,0,25920
selena_instance_normalization_20260927T131553Z_36892,chronos_bolt__experiment_config.instance_normalization-zscore__pipeline_config.raw_inference.completed_at-2026-09-27T15_15_06.382527_00_00,chronos_bolt,univariate,completed,0,0.6407841418414222,0.4012211374938488,1,1,1,120,120,120,0,25920
selena_instance_normalization_20260927T131553Z_36892,chronos2__experiment_config.instance_normalization-zscore__pipeline_config.raw_inference.completed_at-2026-09-27T14_17_15.959950_00_00,chronos2,multivariate,completed,0,0.6419425710772185,0.18751759640872478,1,1,1,50,50,50,0,5400
selena_instance_normalization_20260927T131553Z_36892,chronos2__experiment_config.instance_normalization-none__pipeline_config.raw_inference.completed_at-2026-09-26T15_56_30.337924_00_00,chronos2,multivariate,completed,0,0.6419425789779618,0.1882450208067894,1,1,1,50,50,50,0,5400
selena_instance_normalization_20260927T131553Z_36892,ts_icl__experiment_config.instance_normalization-none__pipeline_config.raw_inference.completed_at-2026-09-26T16_21_13.726040_00_00,ts_icl,univariate,completed,0,0.642844303116898,9.854780355468392,1,1,1,354,354,354,0,2115504
selena_instance_normalization_20260927T131553Z_36892,ts_icl__experiment_config.instance_normalization-zscore__pipeline_config.raw_inference.completed_at-2026-09-27T14_50_59.972772_00_00,ts_icl,univariate,completed,0,0.6428443116549077,9.953892884775996,1,1,1,354,354,354,0,2115504
selena_instance_normalization_20260927T131553Z_36892,ts_icl__experiment_config.instance_normalization-zscore__pipeline_config.raw_inference.completed_at-2026-09-27T14_42_08.704078_00_00,ts_icl,univariate,completed,0,0.6435272449627782,4.281162969768047,1,1,1,175,175,175,0,113400
selena_instance_normalization_20260927T131553Z_36892,ts_icl__experiment_config.instance_normalization-none__pipeline_config.raw_inference.completed_at-2026-09-26T16_12_28.153615_00_00,ts_icl,univariate,completed,0,0.6435272463108824,4.207989783957601,1,1,1,175,175,175,0,113400
selena_instance_normalization_20260927T131553Z_36892,chronos_bolt__experiment_config.instance_normalization-none__pipeline_config.raw_inference.completed_at-2026-09-26T15_53_27.734483_00_00,chronos_bolt,univariate,completed,0,0.6450896081401051,25.755703112110496,1,1,1,2478,2478,2478,0,2115504
selena_instance_normalization_20260927T131553Z_36892,chronos_bolt__experiment_config.instance_normalization-zscore__pipeline_config.raw_inference.completed_at-2026-09-27T15_17_16.553395_00_00,chronos_bolt,univariate,completed,0,0.6450896083059987,26.205719036981463,1,1,1,2478,2478,2478,0,2115504
selena_instance_normalization_20260927T131553Z_36892,chronos2__experiment_config.instance_normalization-none__pipeline_config.raw_inference.completed_at-2026-09-26T15_43_57.424005_00_00,chronos2,multivariate,completed,0,0.6464918202535772,0.4173429775983095,1,1,1,90,90,90,0,233280
selena_instance_normalization_20260927T131553Z_36892,chronos2__experiment_config.instance_normalization-zscore__pipeline_config.raw_inference.completed_at-2026-09-27T14_04_43.458370_00_00,chronos2,multivariate,completed,0,0.6464918287755729,0.42387222312390804,1,1,1,90,90,90,0,233280
selena_instance_normalization_20260927T131553Z_36892,ts_icl__experiment_config.instance_normalization-zscore__pipeline_config.raw_inference.completed_at-2026-09-27T14_51_17.399334_00_00,ts_icl,univariate,completed,0,0.6465491767922845,0.13372392766177654,1,1,1,4,4,4,0,24192
selena_instance_normalization_20260927T131553Z_36892,ts_icl__experiment_config.instance_normalization-none__pipeline_config.raw_inference.completed_at-2026-09-26T16_21_31.124155_00_00,ts_icl,univariate,completed,0,0.6465491870287388,0.13298251666128635,1,1,1,4,4,4,0,24192
selena_instance_normalization_20260927T131553Z_36892,chronos2__experiment_config.instance_normalization-none__pipeline_config.raw_inference.completed_at-2026-09-26T15_44_50.763864_00_00,chronos2,multivariate,completed,0,0.6481012388791804,1.584635715931654,1,1,1,300,300,300,0,1166184
selena_instance_normalization_20260927T131553Z_36892,chronos2__experiment_config.instance_normalization-zscore__pipeline_config.raw_inference.completed_at-2026-09-27T14_05_36.580260_00_00,chronos2,multivariate,completed,0,0.6481013480875556,1.57714500464499,1,1,1,300,300,300,0,1166184
selena_instance_normalization_20260927T131553Z_36892,chronos2__experiment_config.instance_normalization-none__pipeline_config.raw_inference.completed_at-2026-09-26T15_48_21.812438_00_00,chronos2,multivariate,completed,0,0.6481834190583823,30.978325570002198,1,1,1,6480,6480,6480,0,2099520
selena_instance_normalization_20260927T131553Z_36892,chronos2__experiment_config.instance_normalization-zscore__pipeline_config.raw_inference.completed_at-2026-09-27T14_09_08.275129_00_00,chronos2,multivariate,completed,0,0.6481834341124451,30.898179622367024,1,1,1,6480,6480,6480,0,2099520
selena_instance_normalization_20260927T131553Z_36892,chronos2__experiment_config.instance_normalization-none__pipeline_config.raw_inference.completed_at-2026-09-26T15_50_37.744630_00_00,chronos2,univariate,completed,0,0.6491778388804407,0.8312169946730137,1,1,1,175,175,175,0,113400
selena_instance_normalization_20260927T131553Z_36892,chronos2__experiment_config.instance_normalization-zscore__pipeline_config.raw_inference.completed_at-2026-09-27T14_11_21.869248_00_00,chronos2,univariate,completed,0,0.6491778391647871,0.8412055466324091,1,1,1,175,175,175,0,113400
selena_instance_normalization_20260927T131553Z_36892,chronos2__experiment_config.instance_normalization-none__pipeline_config.raw_inference.completed_at-2026-09-26T15_44_48.299109_00_00,chronos2,multivariate,completed,0,0.650473103577329,4.344946587458253,1,1,1,900,900,900,0,1166184
selena_instance_normalization_20260927T131553Z_36892,chronos2__experiment_config.instance_normalization-zscore__pipeline_config.raw_inference.completed_at-2026-09-27T14_05_34.124958_00_00,chronos2,multivariate,completed,0,0.6504731665498543,4.369570296257734,1,1,1,900,900,900,0,1166184
selena_instance_normalization_20260927T131553Z_36892,ts_icl__experiment_config.instance_normalization-zscore__pipeline_config.raw_inference.completed_at-2026-09-27T14_50_48.184536_00_00,ts_icl,univariate,completed,0,0.6616564591845058,60.9852652233094,1,1,1,2478,2478,2478,0,2115504
selena_instance_normalization_20260927T131553Z_36892,ts_icl__experiment_config.instance_normalization-none__pipeline_config.raw_inference.completed_at-2026-09-26T16_21_01.989257_00_00,ts_icl,univariate,completed,0,0.661656463187085,60.45972050353885,1,1,1,2478,2478,2478,0,2115504
selena_instance_normalization_20260927T131553Z_36892,ts_icl__experiment_config.instance_normalization-none__pipeline_config.raw_inference.completed_at-2026-09-26T16_21_30.587111_00_00,ts_icl,univariate,completed,0,0.6633874082354576,0.7406959868967533,1,1,1,31,31,31,0,26784
selena_instance_normalization_20260927T131553Z_36892,ts_icl__experiment_config.instance_normalization-zscore__pipeline_config.raw_inference.completed_at-2026-09-27T14_51_16.851523_00_00,ts_icl,univariate,completed,0,0.6633874274422675,0.7553578969091177,1,1,1,31,31,31,0,26784
selena_instance_normalization_20260927T131553Z_36892,ts_icl__experiment_config.instance_normalization-zscore__pipeline_config.raw_inference.completed_at-2026-09-27T14_35_54.311614_00_00,ts_icl,univariate,completed,0,0.66620821805706,155.96033020876348,1,1,1,6480,6480,6480,0,2099520
selena_instance_normalization_20260927T131553Z_36892,ts_icl__experiment_config.instance_normalization-none__pipeline_config.raw_inference.completed_at-2026-09-26T16_06_13.734355_00_00,ts_icl,univariate,completed,0,0.6662082656984116,154.89970768243074,1,1,1,6480,6480,6480,0,2099520
selena_instance_normalization_20260927T131553Z_36892,chronos2__experiment_config.instance_normalization-none__pipeline_config.raw_inference.completed_at-2026-09-26T15_47_04.422482_00_00,chronos2,multivariate,completed,0,0.6662337992328787,7.23914753831923,1,1,1,3528,3528,3528,0,762048
selena_instance_normalization_20260927T131553Z_36892,chronos2__experiment_config.instance_normalization-zscore__pipeline_config.raw_inference.completed_at-2026-09-27T14_07_50.872328_00_00,chronos2,multivariate,completed,0,0.6662338430635936,7.280380085110664,1,1,1,3528,3528,3528,0,762048
selena_instance_normalization_20260927T131553Z_36892,ts_icl__experiment_config.instance_normalization-zscore__pipeline_config.raw_inference.completed_at-2026-09-27T14_42_03.676774_00_00,ts_icl,univariate,completed,0,0.6699718950389647,12.806408355012536,1,1,1,525,525,525,0,113400
selena_instance_normalization_20260927T131553Z_36892,ts_icl__experiment_config.instance_normalization-none__pipeline_config.raw_inference.completed_at-2026-09-26T16_12_23.199767_00_00,ts_icl,univariate,completed,0,0.6699718981086645,12.709033731371164,1,1,1,525,525,525,0,113400
selena_instance_normalization_20260927T131553Z_36892,chronos2__experiment_config.instance_normalization-zscore__pipeline_config.raw_inference.completed_at-2026-09-27T14_11_20.505494_00_00,chronos2,univariate,completed,0,0.6707122743067641,2.7714890502393246,1,1,1,525,525,525,0,113400
selena_instance_normalization_20260927T131553Z_36892,chronos2__experiment_config.instance_normalization-none__pipeline_config.raw_inference.completed_at-2026-09-26T15_50_36.390851_00_00,chronos2,univariate,completed,0,0.6707122771675035,3.000778591260314,1,1,1,525,525,525,0,113400
selena_instance_normalization_20260927T131553Z_36892,chronos_bolt__experiment_config.instance_normalization-zscore__pipeline_config.raw_inference.completed_at-2026-09-27T15_15_32.014988_00_00,chronos_bolt,univariate,completed,0,0.6708736896008793,1.8553222827613354,1,1,1,175,175,175,0,113400
selena_instance_normalization_20260927T131553Z_36892,chronos_bolt__experiment_config.instance_normalization-none__pipeline_config.raw_inference.completed_at-2026-09-26T15_51_46.085598_00_00,chronos_bolt,univariate,completed,0,0.670873703116259,1.8267841301858425,1,1,1,175,175,175,0,113400
selena_instance_normalization_20260927T131553Z_36892,chronos_bolt__experiment_config.instance_normalization-zscore__pipeline_config.raw_inference.completed_at-2026-09-27T15_12_19.040429_00_00,chronos_bolt,univariate,completed,0,0.672181022528998,10.896324591711164,1,1,1,6480,6480,6480,0,2099520
selena_instance_normalization_20260927T131553Z_36892,chronos_bolt__experiment_config.instance_normalization-none__pipeline_config.raw_inference.completed_at-2026-09-26T15_48_30.087755_00_00,chronos_bolt,univariate,completed,0,0.6721810773290682,10.092537354677916,1,1,1,6480,6480,6480,0,2099520
selena_instance_normalization_20260927T131553Z_36892,ts_icl__experiment_config.instance_normalization-zscore__pipeline_config.raw_inference.completed_at-2026-09-27T14_32_40.009771_00_00,ts_icl,univariate,completed,0,0.6754183811782917,6.493837492540479,1,1,1,252,252,252,0,762048
selena_instance_normalization_20260927T131553Z_36892,ts_icl__experiment_config.instance_normalization-none__pipeline_config.raw_inference.completed_at-2026-09-26T16_03_00.356111_00_00,ts_icl,univariate,completed,0,0.6754183863475475,6.513747241348028,1,1,1,252,252,252,0,762048
selena_instance_normalization_20260927T131553Z_36892,chronos2__experiment_config.instance_normalization-zscore__pipeline_config.raw_inference.completed_at-2026-09-27T14_18_42.985101_00_00,chronos2,multivariate,completed,0,0.6758937980496061,44.696651700884104,1,1,1,8901,8901,8901,0,23071392
selena_instance_normalization_20260927T131553Z_36892,chronos2__experiment_config.instance_normalization-none__pipeline_config.raw_inference.completed_at-2026-09-26T15_57_57.227203_00_00,chronos2,multivariate,completed,0,0.6758937981312688,44.5327014233917,1,1,1,8901,8901,8901,0,23071392
selena_instance_normalization_20260927T131553Z_36892,chronos_bolt__experiment_config.instance_normalization-zscore__pipeline_config.raw_inference.completed_at-2026-09-27T15_18_03.619889_00_00,chronos_bolt,univariate,completed,0,0.6801910007257458,0.40274969302117825,1,1,1,4,4,4,0,24192
selena_instance_normalization_20260927T131553Z_36892,chronos_bolt__experiment_config.instance_normalization-none__pipeline_config.raw_inference.completed_at-2026-09-26T15_54_13.144229_00_00,chronos_bolt,univariate,completed,0,0.6801910086271843,0.40079152025282383,1,1,1,4,4,4,0,24192
selena_instance_normalization_20260927T131553Z_36892,chronos_bolt__experiment_config.instance_normalization-zscore__pipeline_config.raw_inference.completed_at-2026-09-27T15_18_56.844304_00_00,chronos_bolt,univariate,completed,0,0.6826992466383057,0.5673177689313889,1,1,1,237,237,240,0,27540
selena_instance_normalization_20260927T131553Z_36892,chronos_bolt__experiment_config.instance_normalization-none__pipeline_config.raw_inference.completed_at-2026-09-26T15_55_07.075343_00_00,chronos_bolt,univariate,completed,0,0.6826992503251653,0.48335096053779125,1,1,1,237,237,240,0,27540
selena_instance_normalization_20260927T131553Z_36892,chronos2__experiment_config.instance_normalization-zscore__pipeline_config.raw_inference.completed_at-2026-09-27T14_19_21.604604_00_00,chronos2,multivariate,completed,0,0.6838294869043141,22.42666940204799,1,1,1,4428,4428,4428,0,11477376
selena_instance_normalization_20260927T131553Z_36892,chronos2__experiment_config.instance_normalization-none__pipeline_config.raw_inference.completed_at-2026-09-26T15_58_37.436343_00_00,chronos2,multivariate,completed,0,0.6838294889497023,22.43196304142475,1,1,1,4428,4428,4428,0,11477376
selena_instance_normalization_20260927T131553Z_36892,chronos2__experiment_config.instance_normalization-none__pipeline_config.raw_inference.completed_at-2026-09-26T15_47_08.231485_00_00,chronos2,multivariate,completed,0,0.6840660462276843,0.6601189766079187,1,1,1,252,252,252,0,762048
selena_instance_normalization_20260927T131553Z_36892,chronos2__experiment_config.instance_normalization-zscore__pipeline_config.raw_inference.completed_at-2026-09-27T14_07_54.720440_00_00,chronos2,multivariate,completed,0,0.6840660763994215,0.6593979559838772,1,1,1,252,252,252,0,762048
selena_instance_normalization_20260927T131553Z_36892,chronos2__experiment_config.instance_normalization-none__pipeline_config.raw_inference.completed_at-2026-09-26T15_53_10.748185_00_00,chronos2,univariate,completed,0,0.685200749309695,0.1494110133498907,1,1,1,31,31,31,0,26784
selena_instance_normalization_20260927T131553Z_36892,chronos2__experiment_config.instance_normalization-zscore__pipeline_config.raw_inference.completed_at-2026-09-27T14_13_55.224984_00_00,chronos2,univariate,completed,0,0.6852007929409704,0.15186318568885326,1,1,1,31,31,31,0,26784
selena_instance_normalization_20260927T131553Z_36892,chronos_bolt__experiment_config.instance_normalization-zscore__pipeline_config.raw_inference.completed_at-2026-09-27T15_15_29.856155_00_00,chronos_bolt,univariate,completed,0,0.690471254379129,1.0619627814739943,1,1,1,525,525,525,0,113400
selena_instance_normalization_20260927T131553Z_36892,chronos_bolt__experiment_config.instance_normalization-none__pipeline_config.raw_inference.completed_at-2026-09-26T15_51_43.958774_00_00,chronos_bolt,univariate,completed,0,0.6904712642144776,1.0168719850480556,1,1,1,525,525,525,0,113400
selena_instance_normalization_20260927T131553Z_36892,chronos2__experiment_config.instance_normalization-zscore__pipeline_config.raw_inference.completed_at-2026-09-27T14_14_08.041270_00_00,chronos2,multivariate,completed,0,0.6907909444801792,3.299869852140546,1,1,1,2376,2376,2376,0,641520
selena_instance_normalization_20260927T131553Z_36892,chronos2__experiment_config.instance_normalization-none__pipeline_config.raw_inference.completed_at-2026-09-26T15_53_23.611682_00_00,chronos2,multivariate,completed,0,0.6907909446775197,3.217762650921941,1,1,1,2376,2376,2376,0,641520
selena_instance_normalization_20260927T131553Z_36892,chronos_bolt__experiment_config.instance_normalization-none__pipeline_config.raw_inference.completed_at-2026-09-26T15_54_26.337432_00_00,chronos_bolt,univariate,completed,0,0.6941910244863553,3.9558901842683554,1,1,1,2376,2376,2376,0,641520
selena_instance_normalization_20260927T131553Z_36892,chronos_bolt__experiment_config.instance_normalization-zscore__pipeline_config.raw_inference.completed_at-2026-09-27T15_18_17.080789_00_00,chronos_bolt,univariate,completed,0,0.6941910247960478,4.097200270742178,1,1,1,2376,2376,2376,0,641520
selena_instance_normalization_20260927T131553Z_36892,chronos_bolt__experiment_config.instance_normalization-none__pipeline_config.raw_inference.completed_at-2026-09-26T16_07_11.019872_00_00,chronos_bolt,univariate,completed,0,0.6944620724708077,2.28006730414927,1,1,1,1404,1404,1404,0,606528
selena_instance_normalization_20260927T131553Z_36892,chronos_bolt__experiment_config.instance_normalization-zscore__pipeline_config.raw_inference.completed_at-2026-09-27T15_31_03.385077_00_00,chronos_bolt,univariate,completed,0,0.6944620756297083,2.242295639589429,1,1,1,1404,1404,1404,0,606528
selena_instance_normalization_20260927T131553Z_36892,ts_icl__experiment_config.instance_normalization-zscore__pipeline_config.raw_inference.completed_at-2026-09-27T14_52_03.390921_00_00,ts_icl,univariate,completed,0,0.6958850649034651,41.68402470089495,1,1,1,2376,2376,2376,0,641520
selena_instance_normalization_20260927T131553Z_36892,ts_icl__experiment_config.instance_normalization-none__pipeline_config.raw_inference.completed_at-2026-09-26T16_22_17.175763_00_00,ts_icl,univariate,completed,0,0.6958850666729881,41.82253032922745,1,1,1,2376,2376,2376,0,641520
selena_instance_normalization_20260927T131553Z_36892,chronos2__experiment_config.instance_normalization-none__pipeline_config.raw_inference.completed_at-2026-09-26T15_50_38.490692_00_00,chronos2,univariate,completed,0,0.7012950561917676,0.3714833986014128,1,1,1,75,75,75,0,113400
selena_instance_normalization_20260927T131553Z_36892,chronos2__experiment_config.instance_normalization-zscore__pipeline_config.raw_inference.completed_at-2026-09-27T14_11_22.620930_00_00,chronos2,univariate,completed,0,0.7012950701286806,0.37573080137372017,1,1,1,75,75,75,0,113400
selena_instance_normalization_20260927T131553Z_36892,chronos2__experiment_config.instance_normalization-none__pipeline_config.raw_inference.completed_at-2026-09-26T15_59_16.297649_00_00,chronos2,multivariate,completed,0,0.7013424427645181,1.1435055248439312,1,1,1,210,210,216,0,80298
selena_instance_normalization_20260927T131553Z_36892,chronos2__experiment_config.instance_normalization-zscore__pipeline_config.raw_inference.completed_at-2026-09-27T14_19_59.554411_00_00,chronos2,multivariate,completed,0,0.7013424447360618,1.1481079757213593,1,1,1,210,210,216,0,80298
selena_instance_normalization_20260927T131553Z_36892,ts_icl__experiment_config.instance_normalization-none__pipeline_config.raw_inference.completed_at-2026-09-26T16_22_49.277269_00_00,ts_icl,univariate,completed,0,0.7016418242507416,2.9371749740093946,1,1,1,237,237,240,0,27540
selena_instance_normalization_20260927T131553Z_36892,ts_icl__experiment_config.instance_normalization-zscore__pipeline_config.raw_inference.completed_at-2026-09-27T14_52_34.909914_00_00,ts_icl,univariate,completed,0,0.7016418517197571,2.959255227819085,1,1,1,237,237,240,0,27540
selena_instance_normalization_20260927T131553Z_36892,chronos_bolt__experiment_config.instance_normalization-zscore__pipeline_config.raw_inference.completed_at-2026-09-27T15_15_51.271780_00_00,chronos_bolt,univariate,completed,0,0.7018520511604238,4.447386398911476,1,1,1,420,420,420,0,362880
selena_instance_normalization_20260927T131553Z_36892,chronos_bolt__experiment_config.instance_normalization-none__pipeline_config.raw_inference.completed_at-2026-09-26T15_52_04.973736_00_00,chronos_bolt,univariate,completed,0,0.7018520607236205,4.3582125287503,1,1,1,420,420,420,0,362880
selena_instance_normalization_20260927T131553Z_36892,ts_icl__experiment_config.instance_normalization-zscore__pipeline_config.raw_inference.completed_at-2026-09-27T14_42_11.078599_00_00,ts_icl,univariate,completed,0,0.7050545720547232,1.8820608463138342,1,1,1,75,75,75,0,113400
selena_instance_normalization_20260927T131553Z_36892,ts_icl__experiment_config.instance_normalization-none__pipeline_config.raw_inference.completed_at-2026-09-26T16_12_30.492191_00_00,ts_icl,univariate,completed,0,0.7050545793716021,1.847748752683401,1,1,1,75,75,75,0,113400
selena_instance_normalization_20260927T131553Z_36892,ts_icl__experiment_config.instance_normalization-zscore__pipeline_config.raw_inference.completed_at-2026-09-27T14_59_01.860242_00_00,ts_icl,univariate,completed,0,0.7066270142406929,231.09717629663646,1,1,1,8901,8901,8901,0,23071392
selena_instance_normalization_20260927T131553Z_36892,ts_icl__experiment_config.instance_normalization-none__pipeline_config.raw_inference.completed_at-2026-09-26T16_29_13.775290_00_00,ts_icl,univariate,completed,0,0.7066270173338993,228.80527818202972,1,1,1,8901,8901,8901,0,23071392
selena_instance_normalization_20260927T131553Z_36892,chronos2__experiment_config.instance_normalization-none__pipeline_config.raw_inference.completed_at-2026-09-26T15_59_05.052734_00_00,chronos2,multivariate,completed,0,0.7070750885992407,0.3412276729941368,1,1,1,340,340,340,0,365850
selena_instance_normalization_20260927T131553Z_36892,chronos2__experiment_config.instance_normalization-zscore__pipeline_config.raw_inference.completed_at-2026-09-27T14_19_48.464237_00_00,chronos2,multivariate,completed,0,0.7070750893177895,0.3496216032654047,1,1,1,340,340,340,0,365850
selena_instance_normalization_20260927T131553Z_36892,ts_icl__experiment_config.instance_normalization-zscore__pipeline_config.raw_inference.completed_at-2026-09-27T14_15_04.036736_00_00,ts_icl,univariate,completed,0,0.7076157793989931,2.3143490254879,1,1,1,90,90,90,0,233280
selena_instance_normalization_20260927T131553Z_36892,ts_icl__experiment_config.instance_normalization-none__pipeline_config.raw_inference.completed_at-2026-09-26T15_45_26.670824_00_00,ts_icl,univariate,completed,0,0.7076157858740267,2.2985218074172735,1,1,1,90,90,90,0,233280
selena_instance_normalization_20260927T131553Z_36892,ts_icl__experiment_config.instance_normalization-zscore__pipeline_config.raw_inference.completed_at-2026-09-27T15_02_21.603898_00_00,ts_icl,univariate,completed,0,0.7079806747148548,4.755713475868106,1,1,1,340,340,340,0,365850
selena_instance_normalization_20260927T131553Z_36892,ts_icl__experiment_config.instance_normalization-none__pipeline_config.raw_inference.completed_at-2026-09-26T16_32_33.210606_00_00,ts_icl,univariate,completed,0,0.7079806761832337,4.724684810265899,1,1,1,340,340,340,0,365850
selena_instance_normalization_20260927T131553Z_36892,chronos2__experiment_config.instance_normalization-none__pipeline_config.raw_inference.completed_at-2026-09-26T15_59_05.721714_00_00,chronos2,multivariate,completed,0,0.7094252865029487,0.21825782395899296,1,1,1,170,170,170,0,365850
selena_instance_normalization_20260927T131553Z_36892,chronos2__experiment_config.instance_normalization-zscore__pipeline_config.raw_inference.completed_at-2026-09-27T14_19_49.137841_00_00,chronos2,multivariate,completed,0,0.7094252870500773,0.21421057544648647,1,1,1,170,170,170,0,365850
selena_instance_normalization_20260927T131553Z_36892,chronos_bolt__experiment_config.instance_normalization-none__pipeline_config.raw_inference.completed_at-2026-09-26T16_07_30.046027_00_00,chronos_bolt,univariate,completed,0,0.7098197901935094,5.085257804021239,1,1,1,340,340,340,0,365850
selena_instance_normalization_20260927T131553Z_36892,chronos_bolt__experiment_config.instance_normalization-zscore__pipeline_config.raw_inference.completed_at-2026-09-27T15_31_22.640692_00_00,chronos_bolt,univariate,completed,0,0.7098197927535924,5.060905326157808,1,1,1,340,340,340,0,365850
selena_instance_normalization_20260927T131553Z_36892,ts_icl__experiment_config.instance_normalization-zscore__pipeline_config.raw_inference.completed_at-2026-09-27T15_02_24.587339_00_00,ts_icl,univariate,completed,0,0.710095185063595,2.325509959831834,1,1,1,170,170,170,0,365850
selena_instance_normalization_20260927T131553Z_36892,ts_icl__experiment_config.instance_normalization-none__pipeline_config.raw_inference.completed_at-2026-09-26T16_32_36.167971_00_00,ts_icl,univariate,completed,0,0.710095187102008,2.3083442095667124,1,1,1,170,170,170,0,365850
selena_instance_normalization_20260927T131553Z_36892,ts_icl__experiment_config.instance_normalization-none__pipeline_config.raw_inference.completed_at-2026-09-26T16_02_39.022288_00_00,ts_icl,univariate,completed,0,0.7101318565647288,86.37623649835587,1,1,1,3528,3528,3528,0,762048
selena_instance_normalization_20260927T131553Z_36892,ts_icl__experiment_config.instance_normalization-zscore__pipeline_config.raw_inference.completed_at-2026-09-27T14_32_18.706554_00_00,ts_icl,univariate,completed,0,0.7101318921255196,85.5556337479502,1,1,1,3528,3528,3528,0,762048
selena_instance_normalization_20260927T131553Z_36892,chronos2__experiment_config.instance_normalization-none__pipeline_config.raw_inference.completed_at-2026-09-26T15_51_01.033165_00_00,chronos2,multivariate,completed,0,0.7117830610199366,0.6761443838477135,1,1,1,140,140,140,0,362880
selena_instance_normalization_20260927T131553Z_36892,chronos2__experiment_config.instance_normalization-zscore__pipeline_config.raw_inference.completed_at-2026-09-27T14_11_44.674728_00_00,chronos2,multivariate,completed,0,0.7117830735292633,0.6852590944617987,1,1,1,140,140,140,0,362880
selena_instance_normalization_20260927T131553Z_36892,chronos_bolt__experiment_config.instance_normalization-zscore__pipeline_config.raw_inference.completed_at-2026-09-27T15_31_28.764553_00_00,chronos_bolt,univariate,completed,0,0.7121321357718419,5.885491875931621,1,1,1,170,170,170,0,365850
selena_instance_normalization_20260927T131553Z_36892,chronos_bolt__experiment_config.instance_normalization-none__pipeline_config.raw_inference.completed_at-2026-09-26T16_07_36.052058_00_00,chronos_bolt,univariate,completed,0,0.7121321366047616,5.767583016306162,1,1,1,170,170,170,0,365850
selena_instance_normalization_20260927T131553Z_36892,chronos2__experiment_config.instance_normalization-zscore__pipeline_config.raw_inference.completed_at-2026-09-27T14_19_47.167537_00_00,chronos2,multivariate,completed,0,0.712375605765996,2.606659445911646,1,1,1,2380,2380,2380,0,365850
selena_instance_normalization_20260927T131553Z_36892,chronos2__experiment_config.instance_normalization-none__pipeline_config.raw_inference.completed_at-2026-09-26T15_59_03.772445_00_00,chronos2,multivariate,completed,0,0.7123756061122287,2.655595652759075,1,1,1,2380,2380,2380,0,365850
selena_instance_normalization_20260927T131553Z_36892,ts_icl__experiment_config.instance_normalization-none__pipeline_config.raw_inference.completed_at-2026-09-26T16_24_13.471230_00_00,ts_icl,univariate,completed,0,0.7128331815407766,0.5505684707313776,1,1,1,30,30,30,0,3240
selena_instance_normalization_20260927T131553Z_36892,ts_icl__experiment_config.instance_normalization-zscore__pipeline_config.raw_inference.completed_at-2026-09-27T14_53_59.097645_00_00,ts_icl,univariate,completed,0,0.7128332291087917,0.514014795422554,1,1,1,30,30,30,0,3240
selena_instance_normalization_20260927T131553Z_36892,ts_icl__experiment_config.instance_normalization-none__pipeline_config.raw_inference.completed_at-2026-09-26T16_32_27.329224_00_00,ts_icl,univariate,completed,0,0.7132034589157052,32.867394868284464,1,1,1,2380,2380,2380,0,365850
selena_instance_normalization_20260927T131553Z_36892,ts_icl__experiment_config.instance_normalization-zscore__pipeline_config.raw_inference.completed_at-2026-09-27T15_02_15.670942_00_00,ts_icl,univariate,completed,0,0.7132034597220178,33.048258202150464,1,1,1,2380,2380,2380,0,365850
selena_instance_normalization_20260927T131553Z_36892,ts_icl__experiment_config.instance_normalization-zscore__pipeline_config.raw_inference.completed_at-2026-09-27T14_43_35.072985_00_00,ts_icl,univariate,completed,0,0.7136923356230065,3.4337446689605713,1,1,1,140,140,140,0,120960
selena_instance_normalization_20260927T131553Z_36892,ts_icl__experiment_config.instance_normalization-none__pipeline_config.raw_inference.completed_at-2026-09-26T16_13_53.280812_00_00,ts_icl,univariate,completed,0,0.7136923457696206,3.3829814791679382,1,1,1,140,140,140,0,120960
selena_instance_normalization_20260927T131553Z_36892,chronos2__experiment_config.instance_normalization-none__pipeline_config.raw_inference.completed_at-2026-09-26T15_47_29.958670_00_00,chronos2,univariate,completed,0,0.7148483192029693,1.3313274756073952,1,1,1,240,240,240,0,24129
selena_instance_normalization_20260927T131553Z_36892,chronos2__experiment_config.instance_normalization-zscore__pipeline_config.raw_inference.completed_at-2026-09-27T14_08_16.501385_00_00,chronos2,univariate,completed,0,0.7148483221873809,1.348497323691845,1,1,1,240,240,240,0,24129
selena_instance_normalization_20260927T131553Z_36892,chronos2__experiment_config.instance_normalization-zscore__pipeline_config.raw_inference.completed_at-2026-09-27T14_11_58.211642_00_00,chronos2,multivariate,completed,0,0.7156200822651746,0.6494134105741978,1,1,1,140,140,140,0,120960
selena_instance_normalization_20260927T131553Z_36892,chronos2__experiment_config.instance_normalization-none__pipeline_config.raw_inference.completed_at-2026-09-26T15_51_14.853419_00_00,chronos2,multivariate,completed,0,0.7156200869243586,0.6471758801490068,1,1,1,140,140,140,0,120960
selena_instance_normalization_20260927T131553Z_36892,chronos2__experiment_config.instance_normalization-none__pipeline_config.raw_inference.completed_at-2026-09-26T15_46_42.608244_00_00,chronos2,multivariate,completed,0,0.7171297699160067,9.41227262839675,1,1,1,2430,2430,2430,0,1574640
selena_instance_normalization_20260927T131553Z_36892,chronos2__experiment_config.instance_normalization-zscore__pipeline_config.raw_inference.completed_at-2026-09-27T14_07_29.122103_00_00,chronos2,multivariate,completed,0,0.7171297894413071,9.431294111534953,1,1,1,2430,2430,2430,0,1574640
selena_instance_normalization_20260927T131553Z_36892,chronos_bolt__experiment_config.instance_normalization-none__pipeline_config.raw_inference.completed_at-2026-09-26T16_07_24.222941_00_00,chronos_bolt,univariate,completed,0,0.7175807147285476,3.5580036360770464,1,1,1,2380,2380,2380,0,365850
selena_instance_normalization_20260927T131553Z_36892,chronos_bolt__experiment_config.instance_normalization-zscore__pipeline_config.raw_inference.completed_at-2026-09-27T15_31_16.836584_00_00,chronos_bolt,univariate,completed,0,0.7175807152125175,3.775166392326355,1,1,1,2380,2380,2380,0,365850
selena_instance_normalization_20260927T131553Z_36892,ts_icl__experiment_config.instance_normalization-zscore__pipeline_config.raw_inference.completed_at-2026-09-27T14_33_01.933170_00_00,ts_icl,univariate,completed,0,0.7237848541817762,5.636612962931395,1,1,1,240,240,240,0,24129
selena_instance_normalization_20260927T131553Z_36892,ts_icl__experiment_config.instance_normalization-none__pipeline_config.raw_inference.completed_at-2026-09-26T16_03_22.385156_00_00,ts_icl,univariate,completed,0,0.723784866365089,5.800372153520584,1,1,1,240,240,240,0,24129
selena_instance_normalization_20260927T131553Z_36892,chronos_bolt__experiment_config.instance_normalization-zscore__pipeline_config.raw_inference.completed_at-2026-09-27T15_20_26.421252_00_00,chronos_bolt,univariate,completed,0,0.7291602751172545,0.25225912407040596,1,1,1,30,30,30,0,3240
selena_instance_normalization_20260927T131553Z_36892,chronos_bolt__experiment_config.instance_normalization-none__pipeline_config.raw_inference.completed_at-2026-09-26T15_56_36.189832_00_00,chronos_bolt,univariate,completed,0,0.7291603173969096,0.3622156959027052,1,1,1,30,30,30,0,3240
selena_instance_normalization_20260927T131553Z_36892,chronos2__experiment_config.instance_normalization-none__pipeline_config.raw_inference.completed_at-2026-09-26T15_45_15.327163_00_00,chronos2,multivariate,completed,0,0.7296279661124532,1.714488673955202,1,1,1,450,450,450,0,388800
selena_instance_normalization_20260927T131553Z_36892,chronos2__experiment_config.instance_normalization-zscore__pipeline_config.raw_inference.completed_at-2026-09-27T14_06_01.750345_00_00,chronos2,multivariate,completed,0,0.7296279986274328,1.7247148100286722,1,1,1,450,450,450,0,388800
selena_instance_normalization_20260927T131553Z_36892,ts_icl__experiment_config.instance_normalization-none__pipeline_config.raw_inference.completed_at-2026-09-26T16_31_21.980707_00_00,ts_icl,univariate,completed,0,0.7308529596013804,114.0537664052099,1,1,1,4428,4428,4428,0,11477376
selena_instance_normalization_20260927T131553Z_36892,ts_icl__experiment_config.instance_normalization-zscore__pipeline_config.raw_inference.completed_at-2026-09-27T15_01_09.441195_00_00,ts_icl,univariate,completed,0,0.7308529621781215,114.74796853587031,1,1,1,4428,4428,4428,0,11477376
selena_instance_normalization_20260927T131553Z_36892,chronos_bolt__experiment_config.instance_normalization-zscore__pipeline_config.raw_inference.completed_at-2026-09-27T13_59_48.987687_00_00,chronos_bolt,univariate,completed,0,0.7328818999422371,0.6402507722377777,1,1,1,240,240,240,0,24129
selena_instance_normalization_20260927T131553Z_36892,chronos_bolt__experiment_config.instance_normalization-none__pipeline_config.raw_inference.completed_at-2026-09-26T15_47_59.276103_00_00,chronos_bolt,univariate,completed,0,0.732881912033338,0.5769863706082106,1,1,1,240,240,240,0,24129
selena_instance_normalization_20260927T131553Z_36892,chronos_bolt__experiment_config.instance_normalization-none__pipeline_config.raw_inference.completed_at-2026-09-26T15_51_47.690968_00_00,chronos_bolt,univariate,completed,0,0.7364754365092334,1.4523073974996805,1,1,1,75,75,75,0,113400
selena_instance_normalization_20260927T131553Z_36892,chronos_bolt__experiment_config.instance_normalization-zscore__pipeline_config.raw_inference.completed_at-2026-09-27T15_15_33.646912_00_00,chronos_bolt,univariate,completed,0,0.7364754425203507,1.4767368715256453,1,1,1,75,75,75,0,113400
selena_instance_normalization_20260927T131553Z_36892,ts_icl__experiment_config.instance_normalization-none__pipeline_config.raw_inference.completed_at-2026-09-26T16_32_44.445985_00_00,ts_icl,univariate,completed,0,0.7374742035443024,3.99725404381752,1,1,1,210,210,216,0,80298
selena_instance_normalization_20260927T131553Z_36892,ts_icl__experiment_config.instance_normalization-zscore__pipeline_config.raw_inference.completed_at-2026-09-27T15_02_32.906347_00_00,ts_icl,univariate,completed,0,0.7374742048011634,4.029753588140011,1,1,1,210,210,216,0,80298
selena_instance_normalization_20260927T131553Z_36892,chronos2__experiment_config.instance_normalization-none__pipeline_config.raw_inference.completed_at-2026-09-26T15_45_16.522128_00_00,chronos2,multivariate,completed,0,0.7381883703886466,0.7104298360645771,1,1,1,150,150,150,0,388800
selena_instance_normalization_20260927T131553Z_36892,chronos2__experiment_config.instance_normalization-zscore__pipeline_config.raw_inference.completed_at-2026-09-27T14_06_02.950155_00_00,chronos2,multivariate,completed,0,0.7381884959855821,0.7113343439996243,1,1,1,150,150,150,0,388800
selena_instance_normalization_20260927T131553Z_36892,ts_icl__experiment_config.instance_normalization-none__pipeline_config.raw_inference.completed_at-2026-09-26T15_48_59.404650_00_00,ts_icl,univariate,completed,0,0.7387721202427384,7.911812745034695,1,1,1,300,300,300,0,1166184
selena_instance_normalization_20260927T131553Z_36892,ts_icl__experiment_config.instance_normalization-zscore__pipeline_config.raw_inference.completed_at-2026-09-27T14_18_39.013234_00_00,ts_icl,univariate,completed,0,0.7387721970960118,7.9726024605333805,1,1,1,300,300,300,0,1166184
selena_instance_normalization_20260927T131553Z_36892,ts_icl__experiment_config.instance_normalization-none__pipeline_config.raw_inference.completed_at-2026-09-26T15_48_50.433201_00_00,ts_icl,univariate,completed,0,0.7407707649203622,22.28370183520019,1,1,1,900,900,900,0,1166184
selena_instance_normalization_20260927T131553Z_36892,ts_icl__experiment_config.instance_normalization-zscore__pipeline_config.raw_inference.completed_at-2026-09-27T14_18_29.878323_00_00,ts_icl,univariate,completed,0,0.7407708164282482,22.49872411042452,1,1,1,900,900,900,0,1166184
selena_instance_normalization_20260927T131553Z_36892,chronos2__experiment_config.instance_normalization-none__pipeline_config.raw_inference.completed_at-2026-09-26T15_55_53.197161_00_00,chronos2,univariate,completed,0,0.741941898777288,0.3581456486135721,1,1,1,160,160,160,0,17280
selena_instance_normalization_20260927T131553Z_36892,chronos2__experiment_config.instance_normalization-zscore__pipeline_config.raw_inference.completed_at-2026-09-27T14_16_38.779218_00_00,chronos2,univariate,completed,0,0.7419419119697613,0.3649346847087145,1,1,1,160,160,160,0,17280
selena_instance_normalization_20260927T131553Z_36892,chronos_bolt__experiment_config.instance_normalization-zscore__pipeline_config.raw_inference.completed_at-2026-09-27T15_17_50.923566_00_00,chronos_bolt,univariate,completed,0,0.7421272056900441,32.898101007565856,1,1,1,354,354,354,0,2115504
selena_instance_normalization_20260927T131553Z_36892,chronos_bolt__experiment_config.instance_normalization-none__pipeline_config.raw_inference.completed_at-2026-09-26T15_54_01.859387_00_00,chronos_bolt,univariate,completed,0,0.7421273001577617,32.652760710567236,1,1,1,354,354,354,0,2115504
selena_instance_normalization_20260927T131553Z_36892,chronos2__experiment_config.instance_normalization-zscore__pipeline_config.raw_inference.completed_at-2026-09-27T14_10_43.931907_00_00,chronos2,multivariate,completed,0,0.7421402478038115,2.3334081172943115,1,1,1,460,460,460,0,99360
selena_instance_normalization_20260927T131553Z_36892,chronos2__experiment_config.instance_normalization-none__pipeline_config.raw_inference.completed_at-2026-09-26T15_49_58.583374_00_00,chronos2,multivariate,completed,0,0.7421402495275882,2.3806664291769266,1,1,1,460,460,460,0,99360
selena_instance_normalization_20260927T131553Z_36892,ts_icl__experiment_config.instance_normalization-zscore__pipeline_config.raw_inference.completed_at-2026-09-27T14_41_22.587880_00_00,ts_icl,univariate,completed,0,0.7423592961792022,1.6802926529198885,1,1,1,65,65,65,0,98280
selena_instance_normalization_20260927T131553Z_36892,ts_icl__experiment_config.instance_normalization-none__pipeline_config.raw_inference.completed_at-2026-09-26T16_11_42.068261_00_00,ts_icl,univariate,completed,0,0.7423592968883899,1.6614338345825672,1,1,1,65,65,65,0,98280
selena_instance_normalization_20260927T131553Z_36892,chronos_bolt__experiment_config.instance_normalization-none__pipeline_config.raw_inference.completed_at-2026-09-26T15_52_22.640518_00_00,chronos_bolt,univariate,completed,0,0.7424570767203215,1.4686845429241657,1,1,1,140,140,140,0,120960
selena_instance_normalization_20260927T131553Z_36892,chronos_bolt__experiment_config.instance_normalization-zscore__pipeline_config.raw_inference.completed_at-2026-09-27T15_16_09.287984_00_00,chronos_bolt,univariate,completed,0,0.742457083908858,1.4908258952200413,1,1,1,140,140,140,0,120960
selena_instance_normalization_20260927T131553Z_36892,chronos2__experiment_config.instance_normalization-zscore__pipeline_config.raw_inference.completed_at-2026-09-27T14_08_06.068322_00_00,chronos2,univariate,completed,0,0.7431836957830208,0.048174984753131866,1,1,1,10,10,10,0,25875
selena_instance_normalization_20260927T131553Z_36892,chronos2__experiment_config.instance_normalization-none__pipeline_config.raw_inference.completed_at-2026-09-26T15_47_19.553828_00_00,chronos2,univariate,completed,0,0.7431837188676761,0.047206612303853035,1,1,1,10,10,10,0,25875
selena_instance_normalization_20260927T131553Z_36892,chronos2__experiment_config.instance_normalization-none__pipeline_config.raw_inference.completed_at-2026-09-26T15_56_11.762064_00_00,chronos2,multivariate,completed,0,0.7439285982659435,0.18553589098155499,1,1,1,75,75,75,0,2700
selena_instance_normalization_20260927T131553Z_36892,chronos2__experiment_config.instance_normalization-zscore__pipeline_config.raw_inference.completed_at-2026-09-27T14_16_57.402161_00_00,chronos2,multivariate,completed,0,0.7439286071111706,0.18467138893902302,1,1,1,75,75,75,0,2700
selena_instance_normalization_20260927T131553Z_36892,chronos_bolt__experiment_config.instance_normalization-none__pipeline_config.raw_inference.completed_at-2026-09-26T16_07_45.846542_00_00,chronos_bolt,univariate,completed,0,0.7443441751556454,0.5659189783036709,1,1,1,210,210,216,0,80298
selena_instance_normalization_20260927T131553Z_36892,chronos_bolt__experiment_config.instance_normalization-zscore__pipeline_config.raw_inference.completed_at-2026-09-27T15_31_38.691862_00_00,chronos_bolt,univariate,completed,0,0.7443441805125633,0.5781821850687265,1,1,1,210,210,216,0,80298
selena_instance_normalization_20260927T131553Z_36892,chronos2__experiment_config.instance_normalization-none__pipeline_config.raw_inference.completed_at-2026-09-26T15_50_00.474439_00_00,chronos2,multivariate,completed,0,0.7446972215904354,0.3097974080592394,1,1,1,65,65,65,0,98280
selena_instance_normalization_20260927T131553Z_36892,chronos2__experiment_config.instance_normalization-zscore__pipeline_config.raw_inference.completed_at-2026-09-27T14_10_45.786384_00_00,chronos2,multivariate,completed,0,0.7446972217849998,0.31083305552601814,1,1,1,65,65,65,0,98280
selena_instance_normalization_20260927T131553Z_36892,ts_icl__experiment_config.instance_normalization-zscore__pipeline_config.raw_inference.completed_at-2026-09-27T14_41_15.996332_00_00,ts_icl,univariate,completed,0,0.7485683270675761,11.228556532412767,1,1,1,460,460,460,0,99360
selena_instance_normalization_20260927T131553Z_36892,ts_icl__experiment_config.instance_normalization-none__pipeline_config.raw_inference.completed_at-2026-09-26T16_11_35.524471_00_00,ts_icl,univariate,completed,0,0.748568327203673,11.347293699160218,1,1,1,460,460,460,0,99360
selena_instance_normalization_20260927T131553Z_36892,chronos2__experiment_config.instance_normalization-none__pipeline_config.raw_inference.completed_at-2026-09-26T15_49_42.699250_00_00,chronos2,multivariate,completed,0,0.7524136034517775,2.047043412923813,1,1,1,1222,1222,1248,0,75996
selena_instance_normalization_20260927T131553Z_36892,chronos2__experiment_config.instance_normalization-zscore__pipeline_config.raw_inference.completed_at-2026-09-27T14_10_30.495792_00_00,chronos2,multivariate,completed,0,0.7524136162754685,2.0610766150057316,1,1,1,1222,1222,1248,0,75996
selena_instance_normalization_20260927T131553Z_36892,ts_icl__experiment_config.instance_normalization-none__pipeline_config.raw_inference.completed_at-2026-09-26T16_24_34.130643_00_00,ts_icl,univariate,completed,0,0.7558413309365304,1.0347337275743484,1,1,1,75,75,75,0,2700
selena_instance_normalization_20260927T131553Z_36892,ts_icl__experiment_config.instance_normalization-zscore__pipeline_config.raw_inference.completed_at-2026-09-27T14_54_19.654270_00_00,ts_icl,univariate,completed,0,0.755841362815502,1.0693289916962385,1,1,1,75,75,75,0,2700
selena_instance_normalization_20260927T131553Z_36892,chronos2__experiment_config.instance_normalization-none__pipeline_config.raw_inference.completed_at-2026-09-26T15_49_44.402219_00_00,chronos2,multivariate,completed,0,0.757408476991288,1.1441433914005756,1,1,1,622,622,624,0,75996
selena_instance_normalization_20260927T131553Z_36892,chronos2__experiment_config.instance_normalization-zscore__pipeline_config.raw_inference.completed_at-2026-09-27T14_10_32.180083_00_00,chronos2,multivariate,completed,0,0.757408486500297,1.1232128664851189,1,1,1,622,622,624,0,75996
selena_instance_normalization_20260927T131553Z_36892,ts_icl__experiment_config.instance_normalization-zscore__pipeline_config.raw_inference.completed_at-2026-09-27T14_40_45.373615_00_00,ts_icl,univariate,completed,0,0.7590073911640096,28.623880967497826,1,1,1,1222,1222,1248,0,75996
selena_instance_normalization_20260927T131553Z_36892,ts_icl__experiment_config.instance_normalization-none__pipeline_config.raw_inference.completed_at-2026-09-26T16_11_04.726473_00_00,ts_icl,univariate,completed,0,0.7590073951091556,28.505006393417716,1,1,1,1222,1222,1248,0,75996
selena_instance_normalization_20260927T131553Z_36892,ts_icl__experiment_config.instance_normalization-zscore__pipeline_config.raw_inference.completed_at-2026-09-27T14_53_44.668095_00_00,ts_icl,univariate,completed,0,0.7593715653103984,0.3102544005960226,1,1,1,12,12,12,0,1296
selena_instance_normalization_20260927T131553Z_36892,ts_icl__experiment_config.instance_normalization-none__pipeline_config.raw_inference.completed_at-2026-09-26T16_23_59.040212_00_00,ts_icl,univariate,completed,0,0.7593716643672015,0.3577870484441519,1,1,1,12,12,12,0,1296
selena_instance_normalization_20260927T131553Z_36892,chronos_bolt__experiment_config.instance_normalization-none__pipeline_config.raw_inference.completed_at-2026-09-26T16_03_52.198815_00_00,chronos_bolt,univariate,completed,0,0.7596539819591765,334.8097234405577,1,1,1,8901,8901,8901,0,23071392
selena_instance_normalization_20260927T131553Z_36892,chronos_bolt__experiment_config.instance_normalization-zscore__pipeline_config.raw_inference.completed_at-2026-09-27T15_27_43.290354_00_00,chronos_bolt,univariate,completed,0,0.7596539824863141,336.8764827474952,1,1,1,8901,8901,8901,0,23071392
selena_instance_normalization_20260927T131553Z_36892,chronos2__experiment_config.instance_normalization-zscore__pipeline_config.raw_inference.completed_at-2026-09-27T14_10_10.175833_00_00,chronos2,multivariate,completed,0,0.7610451311305207,6.554464614018798,1,1,1,2016,2016,2016,0,435456
selena_instance_normalization_20260927T131553Z_36892,chronos2__experiment_config.instance_normalization-none__pipeline_config.raw_inference.completed_at-2026-09-26T15_49_22.458019_00_00,chronos2,multivariate,completed,0,0.7610451411813391,6.526400502771139,1,1,1,2016,2016,2016,0,435456
selena_instance_normalization_20260927T131553Z_36892,chronos2__experiment_config.instance_normalization-none__pipeline_config.raw_inference.completed_at-2026-09-26T15_49_06.577617_00_00,chronos2,multivariate,completed,0,0.7623737013340763,0.09528536908328533,1,1,1,15,15,15,0,29160
selena_instance_normalization_20260927T131553Z_36892,chronos2__experiment_config.instance_normalization-zscore__pipeline_config.raw_inference.completed_at-2026-09-27T14_09_54.315141_00_00,chronos2,multivariate,completed,0,0.7623737581267377,0.09551648795604706,1,1,1,15,15,15,0,29160
selena_instance_normalization_20260927T131553Z_36892,chronos2__experiment_config.instance_normalization-zscore__pipeline_config.raw_inference.completed_at-2026-09-27T14_20_00.089181_00_00,chronos2,multivariate,completed,0,0.7627194965237368,0.17457879707217216,1,1,1,36,36,36,0,80298
selena_instance_normalization_20260927T131553Z_36892,chronos2__experiment_config.instance_normalization-none__pipeline_config.raw_inference.completed_at-2026-09-26T15_59_16.828646_00_00,chronos2,multivariate,completed,0,0.7627195008885047,0.1743956096470356,1,1,1,36,36,36,0,80298
selena_instance_normalization_20260927T131553Z_36892,chronos_bolt__experiment_config.instance_normalization-none__pipeline_config.raw_inference.completed_at-2026-09-26T15_54_12.688321_00_00,chronos_bolt,univariate,completed,0,0.7630050849826767,0.3466839361935854,1,1,1,31,31,31,0,26784
selena_instance_normalization_20260927T131553Z_36892,chronos_bolt__experiment_config.instance_normalization-zscore__pipeline_config.raw_inference.completed_at-2026-09-27T15_18_03.161930_00_00,chronos_bolt,univariate,completed,0,0.7630050973731285,0.41372147761285305,1,1,1,31,31,31,0,26784
selena_instance_normalization_20260927T131553Z_36892,ts_icl__experiment_config.instance_normalization-zscore__pipeline_config.raw_inference.completed_at-2026-09-27T14_41_00.363988_00_00,ts_icl,univariate,completed,0,0.7631479664894614,14.290441298857331,1,1,1,622,622,624,0,75996
selena_instance_normalization_20260927T131553Z_36892,ts_icl__experiment_config.instance_normalization-none__pipeline_config.raw_inference.completed_at-2026-09-26T16_11_19.657416_00_00,ts_icl,univariate,completed,0,0.7631479753017452,14.220845015719533,1,1,1,622,622,624,0,75996
selena_instance_normalization_20260927T131553Z_36892,ts_icl__experiment_config.instance_normalization-zscore__pipeline_config.raw_inference.completed_at-2026-09-27T14_20_32.385068_00_00,ts_icl,univariate,completed,0,0.7632466168398492,12.987464983016253,1,1,1,450,450,450,0,388800
selena_instance_normalization_20260927T131553Z_36892,ts_icl__experiment_config.instance_normalization-none__pipeline_config.raw_inference.completed_at-2026-09-26T15_50_51.004427_00_00,ts_icl,univariate,completed,0,0.7632469254803556,13.078402074053884,1,1,1,450,450,450,0,388800
selena_instance_normalization_20260927T131553Z_36892,chronos_bolt__experiment_config.instance_normalization-zscore__pipeline_config.raw_inference.completed_at-2026-09-27T15_14_56.688492_00_00,chronos_bolt,univariate,completed,0,0.7639874978170025,1.3029786311089993,1,1,1,65,65,65,0,98280
selena_instance_normalization_20260927T131553Z_36892,chronos_bolt__experiment_config.instance_normalization-none__pipeline_config.raw_inference.completed_at-2026-09-26T15_51_10.785196_00_00,chronos_bolt,univariate,completed,0,0.7639874986655603,1.2839510161429644,1,1,1,65,65,65,0,98280
selena_instance_normalization_20260927T131553Z_36892,ts_icl__experiment_config.instance_normalization-none__pipeline_config.raw_inference.completed_at-2026-09-26T16_03_12.456172_00_00,ts_icl,univariate,completed,0,0.7652117927917428,0.2756928838789463,1,1,1,10,10,10,0,25875
selena_instance_normalization_20260927T131553Z_36892,ts_icl__experiment_config.instance_normalization-zscore__pipeline_config.raw_inference.completed_at-2026-09-27T14_32_52.153051_00_00,ts_icl,univariate,completed,0,0.7652117982324043,0.2726860251277685,1,1,1,10,10,10,0,25875
selena_instance_normalization_20260927T131553Z_36892,ts_icl__experiment_config.instance_normalization-zscore__pipeline_config.raw_inference.completed_at-2026-09-27T14_20_37.738234_00_00,ts_icl,univariate,completed,0,0.7655065711930046,4.709172369912267,1,1,1,150,150,150,0,388800
selena_instance_normalization_20260927T131553Z_36892,ts_icl__experiment_config.instance_normalization-none__pipeline_config.raw_inference.completed_at-2026-09-26T15_50_56.336626_00_00,ts_icl,univariate,completed,0,0.7655071966617399,4.701869150623679,1,1,1,150,150,150,0,388800
selena_instance_normalization_20260927T131553Z_36892,chronos2__experiment_config.instance_normalization-zscore__pipeline_config.raw_inference.completed_at-2026-09-27T14_17_06.646509_00_00,chronos2,multivariate,completed,0,0.7670993731344459,0.20060237497091293,1,1,1,300,300,300,0,10800
selena_instance_normalization_20260927T131553Z_36892,chronos2__experiment_config.instance_normalization-none__pipeline_config.raw_inference.completed_at-2026-09-26T15_56_21.042709_00_00,chronos2,multivariate,completed,0,0.7670994049743153,0.20113585516810417,1,1,1,300,300,300,0,10800
selena_instance_normalization_20260927T131553Z_36892,chronos_bolt__experiment_config.instance_normalization-none__pipeline_config.raw_inference.completed_at-2026-09-26T15_51_07.500172_00_00,chronos_bolt,univariate,completed,0,0.76798169654794,0.9036677163094282,1,1,1,460,460,460,0,99360
selena_instance_normalization_20260927T131553Z_36892,chronos_bolt__experiment_config.instance_normalization-zscore__pipeline_config.raw_inference.completed_at-2026-09-27T15_14_53.343401_00_00,chronos_bolt,univariate,completed,0,0.7679816986857634,0.9389067497104406,1,1,1,460,460,460,0,99360
selena_instance_normalization_20260927T131553Z_36892,chronos_bolt__experiment_config.instance_normalization-none__pipeline_config.raw_inference.completed_at-2026-09-26T15_56_56.468880_00_00,chronos_bolt,univariate,completed,0,0.7692591203436454,0.40148663707077503,1,1,1,160,160,160,0,17280
selena_instance_normalization_20260927T131553Z_36892,chronos_bolt__experiment_config.instance_normalization-zscore__pipeline_config.raw_inference.completed_at-2026-09-27T15_20_45.316175_00_00,chronos_bolt,univariate,completed,0,0.7692591397329656,0.40421170741319656,1,1,1,160,160,160,0,17280
selena_instance_normalization_20260927T131553Z_36892,chronos2__experiment_config.instance_normalization-zscore__pipeline_config.raw_inference.completed_at-2026-09-27T14_20_00.483219_00_00,chronos2,multivariate,completed,0,0.7697031577251601,0.0903089102357626,1,1,1,18,18,18,0,80298
selena_instance_normalization_20260927T131553Z_36892,chronos2__experiment_config.instance_normalization-none__pipeline_config.raw_inference.completed_at-2026-09-26T15_59_17.220077_00_00,chronos2,multivariate,completed,0,0.7697031603954076,0.08982253074645996,1,1,1,18,18,18,0,80298
selena_instance_normalization_20260927T131553Z_36892,chronos2__experiment_config.instance_normalization-zscore__pipeline_config.raw_inference.completed_at-2026-09-27T14_09_53.942544_00_00,chronos2,multivariate,completed,0,0.771289132150239,0.2062017135322094,1,1,1,45,45,45,0,29160
selena_instance_normalization_20260927T131553Z_36892,chronos2__experiment_config.instance_normalization-none__pipeline_config.raw_inference.completed_at-2026-09-26T15_49_06.207636_00_00,chronos2,multivariate,completed,0,0.7712892645100224,0.2036834917962551,1,1,1,45,45,45,0,29160
selena_instance_normalization_20260927T131553Z_36892,chronos_bolt__experiment_config.instance_normalization-none__pipeline_config.raw_inference.completed_at-2026-09-26T15_56_07.298844_00_00,chronos_bolt,univariate,completed,0,0.7719857366516212,0.2515050657093525,1,1,1,12,12,12,0,1296
selena_instance_normalization_20260927T131553Z_36892,chronos_bolt__experiment_config.instance_normalization-zscore__pipeline_config.raw_inference.completed_at-2026-09-27T15_19_57.420759_00_00,chronos_bolt,univariate,completed,0,0.771985764795617,0.23381108604371548,1,1,1,12,12,12,0,1296
selena_instance_normalization_20260927T131553Z_36892,ts_icl__experiment_config.instance_normalization-zscore__pipeline_config.raw_inference.completed_at-2026-09-27T14_54_09.642812_00_00,ts_icl,univariate,completed,0,0.7722558114140985,2.0592025592923164,1,1,1,160,160,160,0,17280
selena_instance_normalization_20260927T131553Z_36892,ts_icl__experiment_config.instance_normalization-none__pipeline_config.raw_inference.completed_at-2026-09-26T16_24_24.089912_00_00,ts_icl,univariate,completed,0,0.7722558299776257,2.1694455929100513,1,1,1,160,160,160,0,17280
selena_instance_normalization_20260927T131553Z_36892,chronos_bolt__experiment_config.instance_normalization-none__pipeline_config.raw_inference.completed_at-2026-09-26T15_47_49.520618_00_00,chronos_bolt,univariate,completed,0,0.7726306183441974,0.3947097398340702,1,1,1,10,10,10,0,25875
selena_instance_normalization_20260927T131553Z_36892,chronos_bolt__experiment_config.instance_normalization-zscore__pipeline_config.raw_inference.completed_at-2026-09-27T13_59_38.947164_00_00,chronos_bolt,univariate,completed,0,0.7726306522836666,0.392914617434144,1,1,1,10,10,10,0,25875
selena_instance_normalization_20260927T131553Z_36892,chronos_bolt__experiment_config.instance_normalization-none__pipeline_config.raw_inference.completed_at-2026-09-26T15_50_55.876369_00_00,chronos_bolt,univariate,completed,0,0.7726573878723118,1.9005167838186026,1,1,1,1222,1222,1248,0,75996
selena_instance_normalization_20260927T131553Z_36892,chronos_bolt__experiment_config.instance_normalization-zscore__pipeline_config.raw_inference.completed_at-2026-09-27T15_14_41.644060_00_00,chronos_bolt,univariate,completed,0,0.7726573892481093,1.9912065975368023,1,1,1,1222,1222,1248,0,75996
selena_instance_normalization_20260927T131553Z_36892,ts_icl__experiment_config.instance_normalization-none__pipeline_config.raw_inference.completed_at-2026-09-26T16_13_30.673581_00_00,ts_icl,univariate,completed,0,0.773320825858397,3.5753011647611856,1,1,1,140,140,140,0,362880
selena_instance_normalization_20260927T131553Z_36892,ts_icl__experiment_config.instance_normalization-zscore__pipeline_config.raw_inference.completed_at-2026-09-27T14_43_12.146350_00_00,ts_icl,univariate,completed,0,0.7733208407062934,3.611622389405966,1,1,1,140,140,140,0,362880
selena_instance_normalization_20260927T131553Z_36892,chronos2__experiment_config.instance_normalization-zscore__pipeline_config.raw_inference.completed_at-2026-09-27T14_15_51.833518_00_00,chronos2,multivariate,completed,0,0.77459996644584,0.21365148946642876,1,1,1,12,12,12,0,1296
selena_instance_normalization_20260927T131553Z_36892,chronos2__experiment_config.instance_normalization-none__pipeline_config.raw_inference.completed_at-2026-09-26T15_55_06.641830_00_00,chronos2,multivariate,completed,0,0.7746001702407476,0.2125970870256424,1,1,1,12,12,12,0,1296
selena_instance_normalization_20260927T131553Z_36892,chronos_bolt__experiment_config.instance_normalization-zscore__pipeline_config.raw_inference.completed_at-2026-09-27T13_59_38.505408_00_00,chronos_bolt,univariate,completed,0,0.7748515973473548,0.3206298518925905,1,1,1,30,30,30,0,25875
selena_instance_normalization_20260927T131553Z_36892,chronos_bolt__experiment_config.instance_normalization-none__pipeline_config.raw_inference.completed_at-2026-09-26T15_47_49.077237_00_00,chronos_bolt,univariate,completed,0,0.7748516186645863,0.324214955791831,1,1,1,30,30,30,0,25875
selena_instance_normalization_20260927T131553Z_36892,chronos2__experiment_config.instance_normalization-zscore__pipeline_config.raw_inference.completed_at-2026-09-27T14_08_05.751521_00_00,chronos2,univariate,completed,0,0.7759400511608314,0.14912754110991955,1,1,1,30,30,30,0,25875
selena_instance_normalization_20260927T131553Z_36892,chronos2__experiment_config.instance_normalization-none__pipeline_config.raw_inference.completed_at-2026-09-26T15_47_19.240511_00_00,chronos2,univariate,completed,0,0.775940065614347,0.147317573428154,1,1,1,30,30,30,0,25875
selena_instance_normalization_20260927T131553Z_36892,chronos2__experiment_config.instance_normalization-zscore__pipeline_config.raw_inference.completed_at-2026-09-27T14_04_43.982450_00_00,chronos2,multivariate,completed,0,0.777712650789421,0.16770632192492485,1,1,1,30,30,30,0,233280
selena_instance_normalization_20260927T131553Z_36892,chronos2__experiment_config.instance_normalization-none__pipeline_config.raw_inference.completed_at-2026-09-26T15_43_57.943761_00_00,chronos2,multivariate,completed,0,0.7777128406354761,0.16537532024085522,1,1,1,30,30,30,0,233280
selena_instance_normalization_20260927T131553Z_36892,ts_icl__experiment_config.instance_normalization-none__pipeline_config.raw_inference.completed_at-2026-09-26T16_24_28.930878_00_00,ts_icl,univariate,completed,0,0.7779278787206516,0.6909284833818674,1,1,1,40,40,40,0,4320
selena_instance_normalization_20260927T131553Z_36892,ts_icl__experiment_config.instance_normalization-zscore__pipeline_config.raw_inference.completed_at-2026-09-27T14_54_14.434936_00_00,ts_icl,univariate,completed,0,0.7779280452413716,0.6659108009189367,1,1,1,40,40,40,0,4320
selena_instance_normalization_20260927T131553Z_36892,ts_icl__experiment_config.instance_normalization-zscore__pipeline_config.raw_inference.completed_at-2026-09-27T14_43_36.296485_00_00,ts_icl,univariate,completed,0,0.7788946320336068,0.6059811841696501,1,1,1,20,20,20,0,120960
selena_instance_normalization_20260927T131553Z_36892,ts_icl__experiment_config.instance_normalization-none__pipeline_config.raw_inference.completed_at-2026-09-26T16_13_54.542217_00_00,ts_icl,univariate,completed,0,0.778894642098182,0.5884481072425842,1,1,1,20,20,20,0,120960
selena_instance_normalization_20260927T131553Z_36892,chronos2__experiment_config.instance_normalization-none__pipeline_config.raw_inference.completed_at-2026-09-26T15_48_51.967815_00_00,chronos2,multivariate,completed,0,0.7807741631203355,8.633932314813137,1,1,1,1800,1800,1800,0,194400
selena_instance_normalization_20260927T131553Z_36892,chronos2__experiment_config.instance_normalization-zscore__pipeline_config.raw_inference.completed_at-2026-09-27T14_09_38.423124_00_00,chronos2,multivariate,completed,0,0.7807741796322375,8.635830292478204,1,1,1,1800,1800,1800,0,194400
selena_instance_normalization_20260927T131553Z_36892,chronos2__experiment_config.instance_normalization-zscore__pipeline_config.raw_inference.completed_at-2026-09-27T14_10_45.108589_00_00,chronos2,multivariate,completed,0,0.7815046963800859,0.6868141945451498,1,1,1,150,150,150,0,97200
selena_instance_normalization_20260927T131553Z_36892,chronos2__experiment_config.instance_normalization-none__pipeline_config.raw_inference.completed_at-2026-09-26T15_49_59.800093_00_00,chronos2,multivariate,completed,0,0.7815046969507259,0.7197570148855448,1,1,1,150,150,150,0,97200
selena_instance_normalization_20260927T131553Z_36892,chronos2__experiment_config.instance_normalization-zscore__pipeline_config.raw_inference.completed_at-2026-09-27T14_07_33.893068_00_00,chronos2,multivariate,completed,0,0.7818707679396782,3.445252139121294,1,1,1,810,810,810,0,1574640
selena_instance_normalization_20260927T131553Z_36892,chronos2__experiment_config.instance_normalization-none__pipeline_config.raw_inference.completed_at-2026-09-26T15_46_47.354798_00_00,chronos2,multivariate,completed,0,0.7818707943035755,3.4409340750426054,1,1,1,810,810,810,0,1574640
selena_instance_normalization_20260927T131553Z_36892,chronos_bolt__experiment_config.instance_normalization-zscore__pipeline_config.raw_inference.completed_at-2026-09-27T15_14_43.000136_00_00,chronos_bolt,univariate,completed,0,0.782735651447133,0.998927678912878,1,1,1,622,622,624,0,75996
selena_instance_normalization_20260927T131553Z_36892,chronos_bolt__experiment_config.instance_normalization-none__pipeline_config.raw_inference.completed_at-2026-09-26T15_50_57.183615_00_00,chronos_bolt,univariate,completed,0,0.7827356577297115,0.9545588120818138,1,1,1,622,622,624,0,75996
selena_instance_normalization_20260927T131553Z_36892,chronos_bolt__experiment_config.instance_normalization-zscore__pipeline_config.raw_inference.completed_at-2026-09-27T15_21_04.313936_00_00,chronos_bolt,univariate,completed,0,0.7829686475574847,0.30712752044200897,1,1,1,75,75,75,0,2700
selena_instance_normalization_20260927T131553Z_36892,chronos_bolt__experiment_config.instance_normalization-none__pipeline_config.raw_inference.completed_at-2026-09-26T15_57_15.535235_00_00,chronos_bolt,univariate,completed,0,0.7829686489059356,0.3053137753158808,1,1,1,75,75,75,0,2700
selena_instance_normalization_20260927T131553Z_36892,ts_icl__experiment_config.instance_normalization-zscore__pipeline_config.raw_inference.completed_at-2026-09-27T14_38_48.970492_00_00,ts_icl,univariate,completed,0,0.7832506344040244,52.694763427600265,1,1,1,2016,2016,2016,0,435456
selena_instance_normalization_20260927T131553Z_36892,ts_icl__experiment_config.instance_normalization-none__pipeline_config.raw_inference.completed_at-2026-09-26T16_09_07.941690_00_00,ts_icl,univariate,completed,0,0.7832507865803029,52.63533495925367,1,1,1,2016,2016,2016,0,435456
selena_instance_normalization_20260927T131553Z_36892,ts_icl__experiment_config.instance_normalization-none__pipeline_config.raw_inference.completed_at-2026-09-26T16_11_39.916630_00_00,ts_icl,univariate,completed,0,0.7849823435855258,3.6671226527541876,1,1,1,150,150,150,0,97200
selena_instance_normalization_20260927T131553Z_36892,ts_icl__experiment_config.instance_normalization-zscore__pipeline_config.raw_inference.completed_at-2026-09-27T14_41_20.403775_00_00,ts_icl,univariate,completed,0,0.784982347056783,3.6951376311481,1,1,1,150,150,150,0,97200
selena_instance_normalization_20260927T131553Z_36892,chronos_bolt__experiment_config.instance_normalization-zscore__pipeline_config.raw_inference.completed_at-2026-09-27T15_13_41.431751_00_00,chronos_bolt,univariate,completed,0,0.7856550294275036,3.0673212986439466,1,1,1,1800,1800,1800,0,194400
selena_instance_normalization_20260927T131553Z_36892,chronos_bolt__experiment_config.instance_normalization-none__pipeline_config.raw_inference.completed_at-2026-09-26T15_49_54.637419_00_00,chronos_bolt,univariate,completed,0,0.7856551552195463,3.2253792844712734,1,1,1,1800,1800,1800,0,194400
selena_instance_normalization_20260927T131553Z_36892,chronos2__experiment_config.instance_normalization-none__pipeline_config.raw_inference.completed_at-2026-09-26T15_49_24.607194_00_00,chronos2,multivariate,completed,0,0.787644250251116,1.2439574021846056,1,1,1,288,288,288,0,435456
selena_instance_normalization_20260927T131553Z_36892,chronos2__experiment_config.instance_normalization-zscore__pipeline_config.raw_inference.completed_at-2026-09-27T14_10_12.349844_00_00,chronos2,multivariate,completed,0,0.787644272808028,1.2520219888538122,1,1,1,288,288,288,0,435456
selena_instance_normalization_20260927T131553Z_36892,chronos_bolt__experiment_config.instance_normalization-zscore__pipeline_config.raw_inference.completed_at-2026-09-27T13_57_08.031374_00_00,chronos_bolt,univariate,completed,0,0.7879644091608176,4.6621741857379675,1,1,1,450,450,450,0,388800
selena_instance_normalization_20260927T131553Z_36892,chronos_bolt__experiment_config.instance_normalization-none__pipeline_config.raw_inference.completed_at-2026-09-26T15_45_20.089987_00_00,chronos_bolt,univariate,completed,0,0.7879646587478571,4.684758359566331,1,1,1,450,450,450,0,388800
selena_instance_normalization_20260927T131553Z_36892,ts_icl__experiment_config.instance_normalization-zscore__pipeline_config.raw_inference.completed_at-2026-09-27T14_32_51.500997_00_00,ts_icl,univariate,completed,0,0.787989642509252,0.732050821185112,1,1,1,30,30,30,0,25875
selena_instance_normalization_20260927T131553Z_36892,ts_icl__experiment_config.instance_normalization-none__pipeline_config.raw_inference.completed_at-2026-09-26T16_03_11.786602_00_00,ts_icl,univariate,completed,0,0.7879896476976693,0.7321706265211105,1,1,1,30,30,30,0,25875
selena_instance_normalization_20260927T131553Z_36892,ts_icl__experiment_config.instance_normalization-none__pipeline_config.raw_inference.completed_at-2026-09-26T16_07_45.465539_00_00,ts_icl,univariate,completed,0,0.7893024461172853,43.21806778386235,1,1,1,1800,1800,1800,0,194400
selena_instance_normalization_20260927T131553Z_36892,ts_icl__experiment_config.instance_normalization-zscore__pipeline_config.raw_inference.completed_at-2026-09-27T14_37_26.896875_00_00,ts_icl,univariate,completed,0,0.7893024698107991,43.412825133651495,1,1,1,1800,1800,1800,0,194400
selena_instance_normalization_20260927T131553Z_36892,chronos2__experiment_config.instance_normalization-none__pipeline_config.raw_inference.completed_at-2026-09-26T15_43_42.011428_00_00,chronos2,multivariate,completed,0,0.7893230283527041,2.964181561022997,1,1,1,630,630,630,0,544158
selena_instance_normalization_20260927T131553Z_36892,chronos2__experiment_config.instance_normalization-zscore__pipeline_config.raw_inference.completed_at-2026-09-27T14_04_27.915004_00_00,chronos2,multivariate,completed,0,0.789323035459559,3.0014470107853413,1,1,1,630,630,630,0,544158
selena_instance_normalization_20260927T131553Z_36892,chronos2__experiment_config.instance_normalization-zscore__pipeline_config.raw_inference.completed_at-2026-09-27T14_16_48.127804_00_00,chronos2,univariate,completed,0,0.7956902160515162,0.24709512293338776,1,1,1,40,40,40,0,4320
selena_instance_normalization_20260927T131553Z_36892,chronos2__experiment_config.instance_normalization-none__pipeline_config.raw_inference.completed_at-2026-09-26T15_56_02.550081_00_00,chronos2,univariate,completed,0,0.7956903841503931,0.25034067779779434,1,1,1,40,40,40,0,4320
selena_instance_normalization_20260927T131553Z_36892,ts_icl__experiment_config.instance_normalization-zscore__pipeline_config.raw_inference.completed_at-2026-09-27T15_02_34.199364_00_00,ts_icl,univariate,completed,0,0.7964742237216386,0.7095739245414734,1,1,1,36,36,36,0,80298
selena_instance_normalization_20260927T131553Z_36892,ts_icl__experiment_config.instance_normalization-none__pipeline_config.raw_inference.completed_at-2026-09-26T16_32_45.727670_00_00,ts_icl,univariate,completed,0,0.7964742306253869,0.7053412981331348,1,1,1,36,36,36,0,80298
selena_instance_normalization_20260927T131553Z_36892,ts_icl__experiment_config.instance_normalization-zscore__pipeline_config.raw_inference.completed_at-2026-09-27T14_33_13.539194_00_00,ts_icl,univariate,completed,0,0.7965895724607556,0.2501851934939623,1,1,1,8,8,8,0,23886
selena_instance_normalization_20260927T131553Z_36892,ts_icl__experiment_config.instance_normalization-none__pipeline_config.raw_inference.completed_at-2026-09-26T16_03_34.042014_00_00,ts_icl,univariate,completed,0,0.7965895976907863,0.24878704361617565,1,1,1,8,8,8,0,23886
selena_instance_normalization_20260927T131553Z_36892,chronos2__experiment_config.instance_normalization-zscore__pipeline_config.raw_inference.completed_at-2026-09-27T14_10_27.488398_00_00,chronos2,multivariate,completed,0,0.7968924684881439,4.8672245517373085,1,1,1,2862,2862,2928,0,76428
selena_instance_normalization_20260927T131553Z_36892,chronos2__experiment_config.instance_normalization-none__pipeline_config.raw_inference.completed_at-2026-09-26T15_49_39.685431_00_00,chronos2,multivariate,completed,0,0.7968924694631168,4.826221268624067,1,1,1,2862,2862,2928,0,76428
selena_instance_normalization_20260927T131553Z_36892,ts_icl__experiment_config.instance_normalization-none__pipeline_config.raw_inference.completed_at-2026-09-26T16_09_17.673881_00_00,ts_icl,univariate,completed,0,0.797061646757408,8.498017262667418,1,1,1,288,288,288,0,435456
selena_instance_normalization_20260927T131553Z_36892,ts_icl__experiment_config.instance_normalization-zscore__pipeline_config.raw_inference.completed_at-2026-09-27T14_38_58.651583_00_00,ts_icl,univariate,completed,0,0.797061734105219,8.54562358185649,1,1,1,288,288,288,0,435456
selena_instance_normalization_20260927T131553Z_36892,ts_icl__experiment_config.instance_normalization-none__pipeline_config.raw_inference.completed_at-2026-09-26T16_03_32.393368_00_00,ts_icl,univariate,completed,0,0.7971198728717931,3.0255052018910646,1,1,1,112,112,112,0,23886
selena_instance_normalization_20260927T131553Z_36892,ts_icl__experiment_config.instance_normalization-zscore__pipeline_config.raw_inference.completed_at-2026-09-27T14_33_11.881211_00_00,ts_icl,univariate,completed,0,0.7971198791284799,2.934922007843852,1,1,1,112,112,112,0,23886
selena_instance_normalization_20260927T131553Z_36892,chronos_bolt__experiment_config.instance_normalization-zscore__pipeline_config.raw_inference.completed_at-2026-09-27T15_16_11.309990_00_00,chronos_bolt,univariate,completed,0,0.7980183501422391,1.8636555671691895,1,1,1,20,20,20,0,120960
selena_instance_normalization_20260927T131553Z_36892,chronos_bolt__experiment_config.instance_normalization-none__pipeline_config.raw_inference.completed_at-2026-09-26T15_52_24.634567_00_00,chronos_bolt,univariate,completed,0,0.7980183665597569,1.8454545363783836,1,1,1,20,20,20,0,120960
selena_instance_normalization_20260927T131553Z_36892,chronos2__experiment_config.instance_normalization-none__pipeline_config.raw_inference.completed_at-2026-09-26T15_47_40.569043_00_00,chronos2,univariate,completed,0,0.7985822986378156,0.5735014602541924,1,1,1,112,112,112,0,23886
selena_instance_normalization_20260927T131553Z_36892,chronos2__experiment_config.instance_normalization-zscore__pipeline_config.raw_inference.completed_at-2026-09-27T14_08_27.160127_00_00,chronos2,univariate,completed,0,0.7985823147538148,0.5817210022360086,1,1,1,112,112,112,0,23886
selena_instance_normalization_20260927T131553Z_36892,ts_icl__experiment_config.instance_normalization-zscore__pipeline_config.raw_inference.completed_at-2026-09-27T14_40_15.560845_00_00,ts_icl,univariate,completed,0,0.7987369323898063,67.29050530865788,1,1,1,2862,2862,2928,0,76428
selena_instance_normalization_20260927T131553Z_36892,ts_icl__experiment_config.instance_normalization-none__pipeline_config.raw_inference.completed_at-2026-09-26T16_10_35.031952_00_00,ts_icl,univariate,completed,0,0.7987369394624099,67.36613115482032,1,1,1,2862,2862,2928,0,76428
selena_instance_normalization_20260927T131553Z_36892,chronos2__experiment_config.instance_normalization-zscore__pipeline_config.raw_inference.completed_at-2026-09-27T14_14_18.353717_00_00,chronos2,multivariate,completed,0,0.7988733092794876,0.5899721197783947,1,1,1,792,792,792,0,92664
selena_instance_normalization_20260927T131553Z_36892,chronos2__experiment_config.instance_normalization-none__pipeline_config.raw_inference.completed_at-2026-09-26T15_53_33.873091_00_00,chronos2,multivariate,completed,0,0.7988733113320162,0.5649919267743826,1,1,1,792,792,792,0,92664
selena_instance_normalization_20260927T131553Z_36892,chronos_bolt__experiment_config.instance_normalization-none__pipeline_config.raw_inference.completed_at-2026-09-26T16_06_55.799472_00_00,chronos_bolt,univariate,completed,0,0.7990777858828598,166.60857436805964,1,1,1,4428,4428,4428,0,11477376
selena_instance_normalization_20260927T131553Z_36892,chronos_bolt__experiment_config.instance_normalization-zscore__pipeline_config.raw_inference.completed_at-2026-09-27T15_30_48.832562_00_00,chronos_bolt,univariate,completed,0,0.7990777879858136,167.80656968429685,1,1,1,4428,4428,4428,0,11477376
selena_instance_normalization_20260927T131553Z_36892,ts_icl__experiment_config.instance_normalization-none__pipeline_config.raw_inference.completed_at-2026-09-26T16_00_36.082241_00_00,ts_icl,univariate,completed,0,0.7991322962212916,67.29389851354063,1,1,1,2430,2430,2430,0,1574640
selena_instance_normalization_20260927T131553Z_36892,ts_icl__experiment_config.instance_normalization-zscore__pipeline_config.raw_inference.completed_at-2026-09-27T14_30_16.914422_00_00,ts_icl,univariate,completed,0,0.799132302499228,67.44582751765847,1,1,1,2430,2430,2430,0,1574640
selena_instance_normalization_20260927T131553Z_36892,chronos_bolt__experiment_config.instance_normalization-none__pipeline_config.raw_inference.completed_at-2026-09-26T16_07_48.889946_00_00,chronos_bolt,univariate,completed,0,0.7998692663311054,1.4043840672820807,1,1,1,18,18,18,0,80298
selena_instance_normalization_20260927T131553Z_36892,chronos_bolt__experiment_config.instance_normalization-zscore__pipeline_config.raw_inference.completed_at-2026-09-27T15_31_41.762863_00_00,chronos_bolt,univariate,completed,0,0.7998692949346223,1.4206068776547909,1,1,1,18,18,18,0,80298
selena_instance_normalization_20260927T131553Z_36892,chronos_bolt__experiment_config.instance_normalization-zscore__pipeline_config.raw_inference.completed_at-2026-09-27T13_59_05.297396_00_00,chronos_bolt,univariate,completed,0,0.801073796521889,5.8301839251071215,1,1,1,3528,3528,3528,0,762048
selena_instance_normalization_20260927T131553Z_36892,chronos_bolt__experiment_config.instance_normalization-none__pipeline_config.raw_inference.completed_at-2026-09-26T15_47_15.799291_00_00,chronos_bolt,univariate,completed,0,0.8010741497430847,5.566486759111285,1,1,1,3528,3528,3528,0,762048
selena_instance_normalization_20260927T131553Z_36892,chronos2__experiment_config.instance_normalization-zscore__pipeline_config.raw_inference.completed_at-2026-09-27T14_08_17.129063_00_00,chronos2,univariate,completed,0,0.8018882392055521,0.291314497590065,1,1,1,60,60,60,0,24129
selena_instance_normalization_20260927T131553Z_36892,chronos2__experiment_config.instance_normalization-none__pipeline_config.raw_inference.completed_at-2026-09-26T15_47_30.579448_00_00,chronos2,univariate,completed,0,0.801888244042546,0.2868414707481861,1,1,1,60,60,60,0,24129
selena_instance_normalization_20260927T131553Z_36892,chronos_bolt__experiment_config.instance_normalization-zscore__pipeline_config.raw_inference.completed_at-2026-09-27T15_18_28.028645_00_00,chronos_bolt,univariate,completed,0,0.8030669262154415,1.1490720584988594,1,1,1,792,792,792,0,92664
selena_instance_normalization_20260927T131553Z_36892,chronos_bolt__experiment_config.instance_normalization-none__pipeline_config.raw_inference.completed_at-2026-09-26T15_54_37.367123_00_00,chronos_bolt,univariate,completed,0,0.8030669265439482,1.150308296084404,1,1,1,792,792,792,0,92664
selena_instance_normalization_20260927T131553Z_36892,chronos_bolt__experiment_config.instance_normalization-none__pipeline_config.raw_inference.completed_at-2026-09-26T16_07_47.396009_00_00,chronos_bolt,univariate,completed,0,0.8031938003808404,1.4036972597241402,1,1,1,36,36,36,0,80298
selena_instance_normalization_20260927T131553Z_36892,chronos_bolt__experiment_config.instance_normalization-zscore__pipeline_config.raw_inference.completed_at-2026-09-27T15_31_40.252745_00_00,chronos_bolt,univariate,completed,0,0.8031938079761017,1.4146628566086292,1,1,1,36,36,36,0,80298
selena_instance_normalization_20260927T131553Z_36892,ts_icl__experiment_config.instance_normalization-none__pipeline_config.raw_inference.completed_at-2026-09-26T16_32_46.568368_00_00,ts_icl,univariate,completed,0,0.803482866338668,0.3963604625314474,1,1,1,18,18,18,0,80298
selena_instance_normalization_20260927T131553Z_36892,ts_icl__experiment_config.instance_normalization-zscore__pipeline_config.raw_inference.completed_at-2026-09-27T15_02_35.033558_00_00,ts_icl,univariate,completed,0,0.8034828727919799,0.39903873577713966,1,1,1,18,18,18,0,80298
selena_instance_normalization_20260927T131553Z_36892,chronos_bolt__experiment_config.instance_normalization-none__pipeline_config.raw_inference.completed_at-2026-09-26T15_43_57.504418_00_00,chronos_bolt,univariate,completed,0,0.8041581728836168,3.3606549240648746,1,1,1,90,90,90,0,233280
selena_instance_normalization_20260927T131553Z_36892,chronos_bolt__experiment_config.instance_normalization-zscore__pipeline_config.raw_inference.completed_at-2026-09-27T13_55_44.226903_00_00,chronos_bolt,univariate,completed,0,0.8041595642260507,3.34811888076365,1,1,1,90,90,90,0,233280
selena_instance_normalization_20260927T131553Z_36892,chronos_bolt__experiment_config.instance_normalization-none__pipeline_config.raw_inference.completed_at-2026-09-26T15_47_26.753659_00_00,chronos_bolt,univariate,completed,0,0.8046234772564353,9.822451688349247,1,1,1,504,504,504,0,762048
selena_instance_normalization_20260927T131553Z_36892,chronos_bolt__experiment_config.instance_normalization-zscore__pipeline_config.raw_inference.completed_at-2026-09-27T13_59_16.157938_00_00,chronos_bolt,univariate,completed,0,0.804623511752903,9.728491637855768,1,1,1,504,504,504,0,762048
selena_instance_normalization_20260927T131553Z_36892,chronos2__experiment_config.instance_normalization-none__pipeline_config.raw_inference.completed_at-2026-09-26T15_51_15.309082_00_00,chronos2,multivariate,completed,0,0.805583445825203,0.09806406125426292,1,1,1,20,20,20,0,120960
selena_instance_normalization_20260927T131553Z_36892,chronos2__experiment_config.instance_normalization-zscore__pipeline_config.raw_inference.completed_at-2026-09-27T14_11_58.666160_00_00,chronos2,multivariate,completed,0,0.8055834550320169,0.09985977225005627,1,1,1,20,20,20,0,120960
selena_instance_normalization_20260927T131553Z_36892,ts_icl__experiment_config.instance_normalization-zscore__pipeline_config.raw_inference.completed_at-2026-09-27T14_52_17.607370_00_00,ts_icl,univariate,completed,0,0.8076187971585818,9.424504546448588,1,1,1,792,792,792,0,92664
selena_instance_normalization_20260927T131553Z_36892,ts_icl__experiment_config.instance_normalization-none__pipeline_config.raw_inference.completed_at-2026-09-26T16_22_31.377150_00_00,ts_icl,univariate,completed,0,0.8076187999173401,9.429790884256363,1,1,1,792,792,792,0,92664
selena_instance_normalization_20260927T131553Z_36892,chronos2__experiment_config.instance_normalization-none__pipeline_config.raw_inference.completed_at-2026-09-26T15_47_30.955919_00_00,chronos2,univariate,completed,0,0.807887085239443,0.10036924481391907,1,1,1,20,20,20,0,24129
selena_instance_normalization_20260927T131553Z_36892,chronos2__experiment_config.instance_normalization-zscore__pipeline_config.raw_inference.completed_at-2026-09-27T14_08_17.511379_00_00,chronos2,univariate,completed,0,0.8078870994642477,0.1018934603780508,1,1,1,20,20,20,0,24129
selena_instance_normalization_20260927T131553Z_36892,ts_icl__experiment_config.instance_normalization-zscore__pipeline_config.raw_inference.completed_at-2026-09-27T14_33_12.886478_00_00,ts_icl,univariate,completed,0,0.8124181324954705,0.4855628442019224,1,1,1,16,16,16,0,23886
selena_instance_normalization_20260927T131553Z_36892,ts_icl__experiment_config.instance_normalization-none__pipeline_config.raw_inference.completed_at-2026-09-26T16_03_33.387940_00_00,ts_icl,univariate,completed,0,0.8124181450914852,0.4841473549604416,1,1,1,16,16,16,0,23886
selena_instance_normalization_20260927T131553Z_36892,chronos_bolt__experiment_config.instance_normalization-zscore__pipeline_config.raw_inference.completed_at-2026-09-27T15_14_38.890072_00_00,chronos_bolt,univariate,completed,0,0.8143449763290546,4.909850999712944,1,1,1,2862,2862,2928,0,76428
selena_instance_normalization_20260927T131553Z_36892,chronos_bolt__experiment_config.instance_normalization-none__pipeline_config.raw_inference.completed_at-2026-09-26T15_50_53.220168_00_00,chronos_bolt,univariate,completed,0,0.8143449796422634,4.693757863715291,1,1,1,2862,2862,2928,0,76428
selena_instance_normalization_20260927T131553Z_36892,ts_icl__experiment_config.instance_normalization-zscore__pipeline_config.raw_inference.completed_at-2026-09-27T14_41_31.294688_00_00,ts_icl,univariate,completed,0,0.8144746274661,0.9789680410176516,1,1,1,40,40,40,0,25920
selena_instance_normalization_20260927T131553Z_36892,ts_icl__experiment_config.instance_normalization-none__pipeline_config.raw_inference.completed_at-2026-09-26T16_11_51.007506_00_00,ts_icl,univariate,completed,0,0.8144746821247477,0.9607861638069153,1,1,1,40,40,40,0,25920
selena_instance_normalization_20260927T131553Z_36892,chronos_bolt__experiment_config.instance_normalization-none__pipeline_config.raw_inference.completed_at-2026-09-26T15_50_26.168306_00_00,chronos_bolt,univariate,completed,0,0.8149351385388113,3.239248387515545,1,1,1,2016,2016,2016,0,435456
selena_instance_normalization_20260927T131553Z_36892,chronos_bolt__experiment_config.instance_normalization-zscore__pipeline_config.raw_inference.completed_at-2026-09-27T15_14_11.468059_00_00,chronos_bolt,univariate,completed,0,0.814935620324108,3.414379259571433,1,1,1,2016,2016,2016,0,435456
selena_instance_normalization_20260927T131553Z_36892,chronos2__experiment_config.instance_normalization-none__pipeline_config.raw_inference.completed_at-2026-09-26T15_50_11.329123_00_00,chronos2,multivariate,completed,0,0.8160283807582627,0.1753155943006277,1,1,1,40,40,40,0,25920
selena_instance_normalization_20260927T131553Z_36892,chronos2__experiment_config.instance_normalization-zscore__pipeline_config.raw_inference.completed_at-2026-09-27T14_10_56.055165_00_00,chronos2,multivariate,completed,0,0.8160284587756766,0.1768404208123684,1,1,1,40,40,40,0,25920
selena_instance_normalization_20260927T131553Z_36892,ts_icl__experiment_config.instance_normalization-zscore__pipeline_config.raw_inference.completed_at-2026-09-27T14_33_04.792298_00_00,ts_icl,univariate,completed,0,0.8182145528854596,0.4996741749346256,1,1,1,20,20,20,0,24129
selena_instance_normalization_20260927T131553Z_36892,ts_icl__experiment_config.instance_normalization-none__pipeline_config.raw_inference.completed_at-2026-09-26T16_03_25.220219_00_00,ts_icl,univariate,completed,0,0.8182145702861777,0.4885022006928921,1,1,1,20,20,20,0,24129
selena_instance_normalization_20260927T131553Z_36892,ts_icl__experiment_config.instance_normalization-none__pipeline_config.raw_inference.completed_at-2026-09-26T16_03_24.322351_00_00,ts_icl,univariate,completed,0,0.8201260717400357,1.3937448561191559,1,1,1,60,60,60,0,24129
selena_instance_normalization_20260927T131553Z_36892,ts_icl__experiment_config.instance_normalization-zscore__pipeline_config.raw_inference.completed_at-2026-09-27T14_33_03.882319_00_00,ts_icl,univariate,completed,0,0.8201260717931961,1.4005999583750963,1,1,1,60,60,60,0,24129
selena_instance_normalization_20260927T131553Z_36892,chronos_bolt__experiment_config.instance_normalization-zscore__pipeline_config.raw_inference.completed_at-2026-09-27T15_14_55.226214_00_00,chronos_bolt,univariate,completed,0,0.8209018597974461,1.601214936003089,1,1,1,150,150,150,0,97200
selena_instance_normalization_20260927T131553Z_36892,chronos_bolt__experiment_config.instance_normalization-none__pipeline_config.raw_inference.completed_at-2026-09-26T15_51_09.342246_00_00,chronos_bolt,univariate,completed,0,0.8209018610001972,1.5653606411069632,1,1,1,150,150,150,0,97200
selena_instance_normalization_20260927T131553Z_36892,chronos_bolt__experiment_config.instance_normalization-zscore__pipeline_config.raw_inference.completed_at-2026-09-27T13_59_28.113837_00_00,chronos_bolt,univariate,completed,0,0.8223625323548599,11.596157787367702,1,1,1,252,252,252,0,762048
selena_instance_normalization_20260927T131553Z_36892,chronos_bolt__experiment_config.instance_normalization-none__pipeline_config.raw_inference.completed_at-2026-09-26T15_47_38.827413_00_00,chronos_bolt,univariate,completed,0,0.822362544365893,11.711758149787784,1,1,1,252,252,252,0,762048
selena_instance_normalization_20260927T131553Z_36892,chronos2__experiment_config.instance_normalization-none__pipeline_config.raw_inference.completed_at-2026-09-26T15_47_40.936798_00_00,chronos2,univariate,completed,0,0.8240486507551307,0.07455896027386189,1,1,1,16,16,16,0,23886
selena_instance_normalization_20260927T131553Z_36892,chronos2__experiment_config.instance_normalization-zscore__pipeline_config.raw_inference.completed_at-2026-09-27T14_08_27.530650_00_00,chronos2,univariate,completed,0,0.8240486673938048,0.07595137320458889,1,1,1,16,16,16,0,23886
selena_instance_normalization_20260927T131553Z_36892,ts_icl__experiment_config.instance_normalization-zscore__pipeline_config.raw_inference.completed_at-2026-09-27T14_54_27.391522_00_00,ts_icl,univariate,completed,0,0.8247932996021251,3.584081681445241,1,1,1,300,300,300,0,10800
selena_instance_normalization_20260927T131553Z_36892,ts_icl__experiment_config.instance_normalization-none__pipeline_config.raw_inference.completed_at-2026-09-26T16_24_41.799969_00_00,ts_icl,univariate,completed,0,0.8247933310481758,3.557822410017252,1,1,1,300,300,300,0,10800
selena_instance_normalization_20260927T131553Z_36892,chronos_bolt__experiment_config.instance_normalization-none__pipeline_config.raw_inference.completed_at-2026-09-26T15_45_25.976054_00_00,chronos_bolt,univariate,completed,0,0.8248960300184449,5.592255461961031,1,1,1,150,150,150,0,388800
selena_instance_normalization_20260927T131553Z_36892,chronos_bolt__experiment_config.instance_normalization-zscore__pipeline_config.raw_inference.completed_at-2026-09-27T13_57_13.919209_00_00,chronos_bolt,univariate,completed,0,0.8248962055251223,5.581027869135141,1,1,1,150,150,150,0,388800
selena_instance_normalization_20260927T131553Z_36892,chronos_bolt__experiment_config.instance_normalization-zscore__pipeline_config.raw_inference.completed_at-2026-09-27T13_59_49.205362_00_00,chronos_bolt,univariate,completed,0,0.8289752413786411,0.10231628455221653,1,1,1,60,60,60,0,24129
selena_instance_normalization_20260927T131553Z_36892,chronos_bolt__experiment_config.instance_normalization-none__pipeline_config.raw_inference.completed_at-2026-09-26T15_47_59.487268_00_00,chronos_bolt,univariate,completed,0,0.8289752552869808,0.09779190272092819,1,1,1,60,60,60,0,24129
selena_instance_normalization_20260927T131553Z_36892,chronos_bolt__experiment_config.instance_normalization-none__pipeline_config.raw_inference.completed_at-2026-09-26T15_57_05.887193_00_00,chronos_bolt,univariate,completed,0,0.8355745283335996,0.27026289515197277,1,1,1,40,40,40,0,4320
selena_instance_normalization_20260927T131553Z_36892,chronos_bolt__experiment_config.instance_normalization-zscore__pipeline_config.raw_inference.completed_at-2026-09-27T15_20_54.813567_00_00,chronos_bolt,univariate,completed,0,0.8355745322383616,0.2714751809835434,1,1,1,40,40,40,0,4320
selena_instance_normalization_20260927T131553Z_36892,ts_icl__experiment_config.instance_normalization-none__pipeline_config.raw_inference.completed_at-2026-09-26T16_12_04.977334_00_00,ts_icl,univariate,completed,0,0.8402633432449201,2.1358568239957094,1,1,1,105,105,105,0,56439
selena_instance_normalization_20260927T131553Z_36892,ts_icl__experiment_config.instance_normalization-zscore__pipeline_config.raw_inference.completed_at-2026-09-27T14_41_45.300865_00_00,ts_icl,univariate,completed,0,0.8402633590901678,2.1568408980965614,1,1,1,105,105,105,0,56439
selena_instance_normalization_20260927T131553Z_36892,ts_icl__experiment_config.instance_normalization-zscore__pipeline_config.raw_inference.completed_at-2026-09-27T14_30_42.449017_00_00,ts_icl,univariate,completed,0,0.8402760723271924,24.009652122855186,1,1,1,810,810,810,0,1574640
selena_instance_normalization_20260927T131553Z_36892,ts_icl__experiment_config.instance_normalization-none__pipeline_config.raw_inference.completed_at-2026-09-26T16_01_01.534693_00_00,ts_icl,univariate,completed,0,0.840276123688805,23.952521642670035,1,1,1,810,810,810,0,1574640
selena_instance_normalization_20260927T131553Z_36892,chronos_bolt__experiment_config.instance_normalization-zscore__pipeline_config.raw_inference.completed_at-2026-09-27T15_21_14.125091_00_00,chronos_bolt,univariate,completed,0,0.8430468282691834,0.5684629064053297,1,1,1,300,300,300,0,10800
selena_instance_normalization_20260927T131553Z_36892,chronos_bolt__experiment_config.instance_normalization-none__pipeline_config.raw_inference.completed_at-2026-09-26T15_57_25.251262_00_00,chronos_bolt,univariate,completed,0,0.8430468410032113,0.5499611962586641,1,1,1,300,300,300,0,10800
selena_instance_normalization_20260927T131553Z_36892,chronos2__experiment_config.instance_normalization-none__pipeline_config.raw_inference.completed_at-2026-09-26T15_48_30.671929_00_00,chronos2,multivariate,completed,0,0.8435526763689123,4.066814675927162,1,1,1,810,810,810,0,2099520
selena_instance_normalization_20260927T131553Z_36892,chronos2__experiment_config.instance_normalization-zscore__pipeline_config.raw_inference.completed_at-2026-09-27T14_09_17.089335_00_00,chronos2,multivariate,completed,0,0.8435527079606927,4.044741107150912,1,1,1,810,810,810,0,2099520
selena_instance_normalization_20260927T131553Z_36892,chronos2__experiment_config.instance_normalization-none__pipeline_config.raw_inference.completed_at-2026-09-26T15_43_43.625983_00_00,chronos2,multivariate,completed,0,0.8445418310748797,1.0208313520997763,1,1,1,210,210,210,0,544158
selena_instance_normalization_20260927T131553Z_36892,chronos2__experiment_config.instance_normalization-zscore__pipeline_config.raw_inference.completed_at-2026-09-27T14_04_29.549472_00_00,chronos2,multivariate,completed,0,0.8445418498376988,1.0347301457077265,1,1,1,210,210,210,0,544158
selena_instance_normalization_20260927T131553Z_36892,chronos2__experiment_config.instance_normalization-none__pipeline_config.raw_inference.completed_at-2026-09-26T15_48_33.655572_00_00,chronos2,multivariate,completed,0,0.8456190568789844,1.5354538895189762,1,1,1,270,270,270,0,2099520
selena_instance_normalization_20260927T131553Z_36892,chronos2__experiment_config.instance_normalization-zscore__pipeline_config.raw_inference.completed_at-2026-09-27T14_09_20.063160_00_00,chronos2,multivariate,completed,0,0.8456193378287951,1.5324159171432257,1,1,1,270,270,270,0,2099520
selena_instance_normalization_20260927T131553Z_36892,chronos_bolt__experiment_config.instance_normalization-zscore__pipeline_config.raw_inference.completed_at-2026-09-27T13_59_59.481921_00_00,chronos_bolt,univariate,completed,0,0.8460708675045566,0.47643505223095417,1,1,1,112,112,112,0,23886
selena_instance_normalization_20260927T131553Z_36892,chronos_bolt__experiment_config.instance_normalization-none__pipeline_config.raw_inference.completed_at-2026-09-26T15_48_09.461246_00_00,chronos_bolt,univariate,completed,0,0.8460708875477784,0.38748606108129025,1,1,1,112,112,112,0,23886
selena_instance_normalization_20260927T131553Z_36892,chronos2__experiment_config.instance_normalization-none__pipeline_config.raw_inference.completed_at-2026-09-26T15_54_27.831601_00_00,chronos2,multivariate,completed,0,0.8472618196493663,7.176064524799585,1,1,1,1400,1400,1400,0,241200
selena_instance_normalization_20260927T131553Z_36892,chronos2__experiment_config.instance_normalization-zscore__pipeline_config.raw_inference.completed_at-2026-09-27T14_15_12.216454_00_00,chronos2,multivariate,completed,0,0.8472618391099423,7.18027338385582,1,1,1,1400,1400,1400,0,241200
selena_instance_normalization_20260927T131553Z_36892,chronos2__experiment_config.instance_normalization-zscore__pipeline_config.raw_inference.completed_at-2026-09-27T14_08_27.840525_00_00,chronos2,univariate,completed,0,0.8474231979210222,0.04531753621995449,1,1,1,8,8,8,0,23886
selena_instance_normalization_20260927T131553Z_36892,chronos2__experiment_config.instance_normalization-none__pipeline_config.raw_inference.completed_at-2026-09-26T15_47_41.256424_00_00,chronos2,univariate,completed,0,0.8474232166084327,0.05661956965923309,1,1,1,8,8,8,0,23886
selena_instance_normalization_20260927T131553Z_36892,ts_icl__experiment_config.instance_normalization-zscore__pipeline_config.raw_inference.completed_at-2026-09-27T14_36_20.606296_00_00,ts_icl,univariate,completed,0,0.848247370045443,20.97588163986802,1,1,1,810,810,810,0,2099520
selena_instance_normalization_20260927T131553Z_36892,ts_icl__experiment_config.instance_normalization-none__pipeline_config.raw_inference.completed_at-2026-09-26T16_06_39.839239_00_00,ts_icl,univariate,completed,0,0.848247644949824,20.870247155427933,1,1,1,810,810,810,0,2099520
selena_instance_normalization_20260927T131553Z_36892,chronos_bolt__experiment_config.instance_normalization-zscore__pipeline_config.raw_inference.completed_at-2026-09-27T15_14_17.794750_00_00,chronos_bolt,univariate,completed,0,0.8487208307648749,5.629829239100218,1,1,1,288,288,288,0,435456
selena_instance_normalization_20260927T131553Z_36892,chronos_bolt__experiment_config.instance_normalization-none__pipeline_config.raw_inference.completed_at-2026-09-26T15_50_32.392678_00_00,chronos_bolt,univariate,completed,0,0.8487212375719313,5.51859312877059,1,1,1,288,288,288,0,435456
selena_instance_normalization_20260927T131553Z_36892,chronos_bolt__experiment_config.instance_normalization-none__pipeline_config.raw_inference.completed_at-2026-09-26T15_48_10.275697_00_00,chronos_bolt,univariate,completed,0,0.853238146455963,0.37182822450995445,1,1,1,8,8,8,0,23886
selena_instance_normalization_20260927T131553Z_36892,chronos_bolt__experiment_config.instance_normalization-zscore__pipeline_config.raw_inference.completed_at-2026-09-27T14_00_00.301902_00_00,chronos_bolt,univariate,completed,0,0.853238172850572,0.3716765809804201,1,1,1,8,8,8,0,23886
selena_instance_normalization_20260927T131553Z_36892,chronos_bolt__experiment_config.instance_normalization-zscore__pipeline_config.raw_inference.completed_at-2026-09-27T13_55_21.462890_00_00,chronos_bolt,univariate,completed,0,0.8598936904296401,6.584214245900512,1,1,1,630,630,630,0,544158
selena_instance_normalization_20260927T131553Z_36892,chronos_bolt__experiment_config.instance_normalization-none__pipeline_config.raw_inference.completed_at-2026-09-26T15_43_34.471466_00_00,chronos_bolt,univariate,completed,0,0.859893902911913,7.036460706964135,1,1,1,630,630,630,0,544158
selena_instance_normalization_20260927T131553Z_36892,chronos2__experiment_config.instance_normalization-zscore__pipeline_config.raw_inference.completed_at-2026-09-27T14_09_40.454690_00_00,chronos2,multivariate,completed,0,0.8610019143138259,1.082289908081293,1,1,1,225,225,225,0,194400
selena_instance_normalization_20260927T131553Z_36892,chronos2__experiment_config.instance_normalization-none__pipeline_config.raw_inference.completed_at-2026-09-26T15_48_53.914141_00_00,chronos2,multivariate,completed,0,0.8610019760282506,1.0642402078956366,1,1,1,225,225,225,0,194400
selena_instance_normalization_20260927T131553Z_36892,ts_icl__experiment_config.instance_normalization-none__pipeline_config.raw_inference.completed_at-2026-09-26T16_12_02.213610_00_00,ts_icl,univariate,completed,0,0.8615308928590987,6.231191927567124,1,1,1,312,312,315,0,56439
selena_instance_normalization_20260927T131553Z_36892,ts_icl__experiment_config.instance_normalization-zscore__pipeline_config.raw_inference.completed_at-2026-09-27T14_41_42.517943_00_00,ts_icl,univariate,completed,0,0.8615309107206975,6.196036675944924,1,1,1,312,312,315,0,56439
selena_instance_normalization_20260927T131553Z_36892,chronos_bolt__experiment_config.instance_normalization-zscore__pipeline_config.raw_inference.completed_at-2026-09-27T13_59_49.686356_00_00,chronos_bolt,univariate,completed,0,0.8616183149626141,0.42230534367263317,1,1,1,20,20,20,0,24129
selena_instance_normalization_20260927T131553Z_36892,chronos_bolt__experiment_config.instance_normalization-none__pipeline_config.raw_inference.completed_at-2026-09-26T15_47_59.975928_00_00,chronos_bolt,univariate,completed,0,0.8616183314352175,0.4307162221521139,1,1,1,20,20,20,0,24129
selena_instance_normalization_20260927T131553Z_36892,chronos_bolt__experiment_config.instance_normalization-zscore__pipeline_config.raw_inference.completed_at-2026-09-27T15_15_06.908470_00_00,chronos_bolt,univariate,completed,0,0.861949323882285,0.44112065620720387,1,1,1,40,40,40,0,25920
selena_instance_normalization_20260927T131553Z_36892,chronos_bolt__experiment_config.instance_normalization-none__pipeline_config.raw_inference.completed_at-2026-09-26T15_51_20.880163_00_00,chronos_bolt,univariate,completed,0,0.861949335474657,0.4348701946437359,1,1,1,40,40,40,0,25920
selena_instance_normalization_20260927T131553Z_36892,chronos_bolt__experiment_config.instance_normalization-zscore__pipeline_config.raw_inference.completed_at-2026-09-27T15_13_47.560033_00_00,chronos_bolt,univariate,completed,0,0.8634240628584863,2.8236760161817074,1,1,1,75,75,75,0,194400
selena_instance_normalization_20260927T131553Z_36892,chronos_bolt__experiment_config.instance_normalization-none__pipeline_config.raw_inference.completed_at-2026-09-26T15_50_00.788347_00_00,chronos_bolt,univariate,completed,0,0.8634241853010478,2.80189080350101,1,1,1,75,75,75,0,194400
selena_instance_normalization_20260927T131553Z_36892,chronos_bolt__experiment_config.instance_normalization-none__pipeline_config.raw_inference.completed_at-2026-09-26T15_49_57.796501_00_00,chronos_bolt,univariate,completed,0,0.8642968207354607,2.475498855113983,1,1,1,225,225,225,0,194400
selena_instance_normalization_20260927T131553Z_36892,chronos_bolt__experiment_config.instance_normalization-zscore__pipeline_config.raw_inference.completed_at-2026-09-27T15_13_44.544496_00_00,chronos_bolt,univariate,completed,0,0.8642971096794351,2.4120802618563175,1,1,1,225,225,225,0,194400
selena_instance_normalization_20260927T131553Z_36892,ts_icl__experiment_config.instance_normalization-none__pipeline_config.raw_inference.completed_at-2026-09-26T16_23_30.955745_00_00,ts_icl,univariate,completed,0,0.8667692491415153,32.254486959427595,1,1,1,1400,1400,1400,0,241200
selena_instance_normalization_20260927T131553Z_36892,ts_icl__experiment_config.instance_normalization-zscore__pipeline_config.raw_inference.completed_at-2026-09-27T14_53_16.873970_00_00,ts_icl,univariate,completed,0,0.8667692783043872,32.47239487618208,1,1,1,1400,1400,1400,0,241200
selena_instance_normalization_20260927T131553Z_36892,chronos2__experiment_config.instance_normalization-zscore__pipeline_config.raw_inference.completed_at-2026-09-27T14_15_23.041376_00_00,chronos2,multivariate,completed,0,0.8669018064061235,1.2889734227210283,1,1,1,420,420,420,0,69984
selena_instance_normalization_20260927T131553Z_36892,chronos2__experiment_config.instance_normalization-none__pipeline_config.raw_inference.completed_at-2026-09-26T15_54_38.621987_00_00,chronos2,multivariate,completed,0,0.866901838908831,1.2827612645924091,1,1,1,420,420,420,0,69984
selena_instance_normalization_20260927T131553Z_36892,ts_icl__experiment_config.instance_normalization-none__pipeline_config.raw_inference.completed_at-2026-09-26T16_23_45.381839_00_00,ts_icl,univariate,completed,0,0.866938044957015,9.864931035786867,1,1,1,420,420,420,0,69984
selena_instance_normalization_20260927T131553Z_36892,ts_icl__experiment_config.instance_normalization-zscore__pipeline_config.raw_inference.completed_at-2026-09-27T14_53_31.159490_00_00,ts_icl,univariate,completed,0,0.866938054783559,9.691382376477122,1,1,1,420,420,420,0,69984
selena_instance_normalization_20260927T131553Z_36892,chronos2__experiment_config.instance_normalization-none__pipeline_config.raw_inference.completed_at-2026-09-26T15_50_23.714072_00_00,chronos2,multivariate,completed,0,0.8682980074506915,0.502515560016036,1,1,1,105,105,105,0,56439
selena_instance_normalization_20260927T131553Z_36892,chronos2__experiment_config.instance_normalization-zscore__pipeline_config.raw_inference.completed_at-2026-09-27T14_11_08.064732_00_00,chronos2,multivariate,completed,0,0.86829801191611,0.5060140490531921,1,1,1,105,105,105,0,56439
selena_instance_normalization_20260927T131553Z_36892,chronos2__experiment_config.instance_normalization-none__pipeline_config.raw_inference.completed_at-2026-09-26T15_49_25.733402_00_00,chronos2,multivariate,completed,0,0.8687413044985622,0.6750923916697502,1,1,1,144,144,144,0,435456
selena_instance_normalization_20260927T131553Z_36892,chronos2__experiment_config.instance_normalization-zscore__pipeline_config.raw_inference.completed_at-2026-09-27T14_10_13.482540_00_00,chronos2,multivariate,completed,0,0.8687413721470959,0.6759654209017754,1,1,1,144,144,144,0,435456
selena_instance_normalization_20260927T131553Z_36892,chronos2__experiment_config.instance_normalization-none__pipeline_config.raw_inference.completed_at-2026-09-26T15_48_54.664121_00_00,chronos2,multivariate,completed,0,0.8707587642007973,0.35609316267073154,1,1,1,75,75,75,0,194400
selena_instance_normalization_20260927T131553Z_36892,chronos2__experiment_config.instance_normalization-zscore__pipeline_config.raw_inference.completed_at-2026-09-27T14_09_41.216754_00_00,chronos2,multivariate,completed,0,0.870758863201391,0.359690111130476,1,1,1,75,75,75,0,194400
selena_instance_normalization_20260927T131553Z_36892,ts_icl__experiment_config.instance_normalization-zscore__pipeline_config.raw_inference.completed_at-2026-09-27T14_41_46.674130_00_00,ts_icl,univariate,completed,0,0.8711578244696124,0.917268356308341,1,1,1,45,45,45,0,56439
selena_instance_normalization_20260927T131553Z_36892,ts_icl__experiment_config.instance_normalization-none__pipeline_config.raw_inference.completed_at-2026-09-26T16_12_06.332146_00_00,ts_icl,univariate,completed,0,0.8711578297339584,0.9061672259122133,1,1,1,45,45,45,0,56439
selena_instance_normalization_20260927T131553Z_36892,chronos_bolt__experiment_config.instance_normalization-none__pipeline_config.raw_inference.completed_at-2026-09-26T15_51_32.471780_00_00,chronos_bolt,univariate,completed,0,0.8736594232229001,1.0969584342092276,1,1,1,105,105,105,0,56439
selena_instance_normalization_20260927T131553Z_36892,chronos_bolt__experiment_config.instance_normalization-zscore__pipeline_config.raw_inference.completed_at-2026-09-27T15_15_18.563294_00_00,chronos_bolt,univariate,completed,0,0.8736594241806871,1.1264305487275124,1,1,1,105,105,105,0,56439
selena_instance_normalization_20260927T131553Z_36892,chronos_bolt__experiment_config.instance_normalization-none__pipeline_config.raw_inference.completed_at-2026-09-26T15_48_09.858670_00_00,chronos_bolt,univariate,completed,0,0.8737881240254909,0.3257381711155176,1,1,1,16,16,16,0,23886
selena_instance_normalization_20260927T131553Z_36892,chronos_bolt__experiment_config.instance_normalization-zscore__pipeline_config.raw_inference.completed_at-2026-09-27T13_59_59.885028_00_00,chronos_bolt,univariate,completed,0,0.8737881399217619,0.33126573264598846,1,1,1,16,16,16,0,23886
selena_instance_normalization_20260927T131553Z_36892,ts_icl__experiment_config.instance_normalization-none__pipeline_config.raw_inference.completed_at-2026-09-26T16_07_52.159828_00_00,ts_icl,univariate,completed,0,0.874199417768693,5.45385835506022,1,1,1,225,225,225,0,194400
selena_instance_normalization_20260927T131553Z_36892,ts_icl__experiment_config.instance_normalization-zscore__pipeline_config.raw_inference.completed_at-2026-09-27T14_37_33.623104_00_00,ts_icl,univariate,completed,0,0.8741994508196713,5.509345540776849,1,1,1,225,225,225,0,194400
selena_instance_normalization_20260927T131553Z_36892,chronos2__experiment_config.instance_normalization-zscore__pipeline_config.raw_inference.completed_at-2026-09-27T14_11_07.155438_00_00,chronos2,multivariate,completed,0,0.8743228767361271,1.6265214644372463,1,1,1,312,312,315,0,56439
selena_instance_normalization_20260927T131553Z_36892,chronos2__experiment_config.instance_normalization-none__pipeline_config.raw_inference.completed_at-2026-09-26T15_50_22.809923_00_00,chronos2,multivariate,completed,0,0.8743228947714544,1.6244224272668362,1,1,1,312,312,315,0,56439
selena_instance_normalization_20260927T131553Z_36892,ts_icl__experiment_config.instance_normalization-none__pipeline_config.raw_inference.completed_at-2026-09-26T16_07_54.679891_00_00,ts_icl,univariate,completed,0,0.8756310673131206,1.9205797761678696,1,1,1,75,75,75,0,194400
selena_instance_normalization_20260927T131553Z_36892,ts_icl__experiment_config.instance_normalization-zscore__pipeline_config.raw_inference.completed_at-2026-09-27T14_37_36.175829_00_00,ts_icl,univariate,completed,0,0.8756311110220932,1.932976372539997,1,1,1,75,75,75,0,194400
selena_instance_normalization_20260927T131553Z_36892,chronos_bolt__experiment_config.instance_normalization-zscore__pipeline_config.raw_inference.completed_at-2026-09-27T15_15_56.897838_00_00,chronos_bolt,univariate,completed,0,0.8775889687363649,5.234441144391894,1,1,1,140,140,140,0,362880
selena_instance_normalization_20260927T131553Z_36892,chronos_bolt__experiment_config.instance_normalization-none__pipeline_config.raw_inference.completed_at-2026-09-26T15_52_10.540675_00_00,chronos_bolt,univariate,completed,0,0.8775890139212654,5.179444497451186,1,1,1,140,140,140,0,362880
selena_instance_normalization_20260927T131553Z_36892,chronos_bolt__experiment_config.instance_normalization-none__pipeline_config.raw_inference.completed_at-2026-09-26T15_54_57.466201_00_00,chronos_bolt,univariate,completed,0,0.8800350442864106,0.28816516138613224,1,1,1,64,64,64,0,7380
selena_instance_normalization_20260927T131553Z_36892,chronos_bolt__experiment_config.instance_normalization-zscore__pipeline_config.raw_inference.completed_at-2026-09-27T15_18_47.085268_00_00,chronos_bolt,univariate,completed,0,0.8800350585328255,0.2941087167710066,1,1,1,64,64,64,0,7380
selena_instance_normalization_20260927T131553Z_36892,ts_icl__experiment_config.instance_normalization-none__pipeline_config.raw_inference.completed_at-2026-09-26T16_09_22.797780_00_00,ts_icl,univariate,completed,0,0.8816989359300323,4.473325552418828,1,1,1,144,144,144,0,435456
selena_instance_normalization_20260927T131553Z_36892,ts_icl__experiment_config.instance_normalization-zscore__pipeline_config.raw_inference.completed_at-2026-09-27T14_39_03.783305_00_00,ts_icl,univariate,completed,0,0.8816990826574388,4.488011974841356,1,1,1,144,144,144,0,435456
selena_instance_normalization_20260927T131553Z_36892,ts_icl__experiment_config.instance_normalization-none__pipeline_config.raw_inference.completed_at-2026-09-26T16_11_51.810372_00_00,ts_icl,univariate,completed,0,0.8898425652416986,0.3980697076767683,1,1,1,16,16,16,0,24192
selena_instance_normalization_20260927T131553Z_36892,ts_icl__experiment_config.instance_normalization-zscore__pipeline_config.raw_inference.completed_at-2026-09-27T14_41_32.118246_00_00,ts_icl,univariate,completed,0,0.8898427005187252,0.40326093323528767,1,1,1,16,16,16,0,24192
selena_instance_normalization_20260927T131553Z_36892,chronos_bolt__experiment_config.instance_normalization-zscore__pipeline_config.raw_inference.completed_at-2026-09-27T15_19_18.598914_00_00,chronos_bolt,univariate,completed,0,0.8908342425885977,2.449176575988531,1,1,1,1400,1400,1400,0,241200
selena_instance_normalization_20260927T131553Z_36892,chronos_bolt__experiment_config.instance_normalization-none__pipeline_config.raw_inference.completed_at-2026-09-26T15_55_28.176860_00_00,chronos_bolt,univariate,completed,0,0.8908342512839882,2.331964299082756,1,1,1,1400,1400,1400,0,241200
selena_instance_normalization_20260927T131553Z_36892,chronos_bolt__experiment_config.instance_normalization-zscore__pipeline_config.raw_inference.completed_at-2026-09-27T15_15_17.246540_00_00,chronos_bolt,univariate,completed,0,0.8925511461720337,0.728485181927681,1,1,1,312,312,315,0,56439
selena_instance_normalization_20260927T131553Z_36892,chronos_bolt__experiment_config.instance_normalization-none__pipeline_config.raw_inference.completed_at-2026-09-26T15_51_31.186818_00_00,chronos_bolt,univariate,completed,0,0.892551152793472,0.7095697037875652,1,1,1,312,312,315,0,56439
selena_instance_normalization_20260927T131553Z_36892,chronos_bolt__experiment_config.instance_normalization-zscore__pipeline_config.raw_inference.completed_at-2026-09-27T15_12_54.337653_00_00,chronos_bolt,univariate,completed,0,0.8946341690815378,30.567335180938244,1,1,1,810,810,810,0,2099520
selena_instance_normalization_20260927T131553Z_36892,chronos_bolt__experiment_config.instance_normalization-none__pipeline_config.raw_inference.completed_at-2026-09-26T15_49_05.119306_00_00,chronos_bolt,univariate,completed,0,0.8946352814046282,30.308664947748184,1,1,1,810,810,810,0,2099520
selena_instance_normalization_20260927T131553Z_36892,chronos2__experiment_config.instance_normalization-none__pipeline_config.raw_inference.completed_at-2026-09-26T15_50_11.706461_00_00,chronos2,multivariate,completed,0,0.9042069727404326,0.106172950938344,1,1,1,16,16,16,0,24192
selena_instance_normalization_20260927T131553Z_36892,chronos2__experiment_config.instance_normalization-zscore__pipeline_config.raw_inference.completed_at-2026-09-27T14_10_56.426652_00_00,chronos2,multivariate,completed,0,0.9042069733225871,0.09603027254343033,1,1,1,16,16,16,0,24192
selena_instance_normalization_20260927T131553Z_36892,chronos_bolt__experiment_config.instance_normalization-none__pipeline_config.raw_inference.completed_at-2026-09-26T15_50_39.241563_00_00,chronos_bolt,univariate,completed,0,0.9079013314159889,6.603076305240393,1,1,1,144,144,144,0,435456
selena_instance_normalization_20260927T131553Z_36892,chronos_bolt__experiment_config.instance_normalization-zscore__pipeline_config.raw_inference.completed_at-2026-09-27T15_14_24.709633_00_00,chronos_bolt,univariate,completed,0,0.9079021389890445,6.672059008851647,1,1,1,144,144,144,0,435456
selena_instance_normalization_20260927T131553Z_36892,ts_icl__experiment_config.instance_normalization-zscore__pipeline_config.raw_inference.completed_at-2026-09-27T14_54_03.457704_00_00,ts_icl,univariate,completed,0,0.9168081492195981,0.23119697719812393,1,1,1,5,5,5,0,540
selena_instance_normalization_20260927T131553Z_36892,ts_icl__experiment_config.instance_normalization-none__pipeline_config.raw_inference.completed_at-2026-09-26T16_24_17.804507_00_00,ts_icl,univariate,completed,0,0.916808184670248,0.22836863808333874,1,1,1,5,5,5,0,540
selena_instance_normalization_20260927T131553Z_36892,chronos_bolt__experiment_config.instance_normalization-none__pipeline_config.raw_inference.completed_at-2026-09-26T15_55_38.573670_00_00,chronos_bolt,univariate,completed,0,0.9176410584656743,0.8497904893010855,1,1,1,420,420,420,0,69984
selena_instance_normalization_20260927T131553Z_36892,chronos_bolt__experiment_config.instance_normalization-zscore__pipeline_config.raw_inference.completed_at-2026-09-27T15_19_29.071961_00_00,chronos_bolt,univariate,completed,0,0.9176410599757278,0.8775561265647411,1,1,1,420,420,420,0,69984
selena_instance_normalization_20260927T131553Z_36892,chronos2__experiment_config.instance_normalization-none__pipeline_config.raw_inference.completed_at-2026-09-26T15_53_43.404506_00_00,chronos2,univariate,completed,0,0.9176932756570406,0.2482460793107748,1,1,1,45,45,45,0,10980
selena_instance_normalization_20260927T131553Z_36892,chronos2__experiment_config.instance_normalization-zscore__pipeline_config.raw_inference.completed_at-2026-09-27T14_14_27.850593_00_00,chronos2,univariate,completed,0,0.9176933244596245,0.2519973460584879,1,1,1,45,45,45,0,10980
selena_instance_normalization_20260927T131553Z_36892,ts_icl__experiment_config.instance_normalization-zscore__pipeline_config.raw_inference.completed_at-2026-09-27T14_14_32.507827_00_00,ts_icl,univariate,completed,0,0.9203758457313141,15.32115905918181,1,1,1,630,630,630,0,544158
selena_instance_normalization_20260927T131553Z_36892,ts_icl__experiment_config.instance_normalization-none__pipeline_config.raw_inference.completed_at-2026-09-26T15_44_55.697653_00_00,ts_icl,univariate,completed,0,0.9203758656394206,15.171297745779157,1,1,1,630,630,630,0,544158
selena_instance_normalization_20260927T131553Z_36892,chronos_bolt__experiment_config.instance_normalization-zscore__pipeline_config.raw_inference.completed_at-2026-09-27T15_13_27.830712_00_00,chronos_bolt,univariate,completed,0,0.9227313880787273,32.13782522268593,1,1,1,270,270,270,0,2099520
selena_instance_normalization_20260927T131553Z_36892,chronos_bolt__experiment_config.instance_normalization-none__pipeline_config.raw_inference.completed_at-2026-09-26T15_49_38.648611_00_00,chronos_bolt,univariate,completed,0,0.9227447473550242,32.15862756036222,1,1,1,270,270,270,0,2099520
selena_instance_normalization_20260927T131553Z_36892,ts_icl__experiment_config.instance_normalization-zscore__pipeline_config.raw_inference.completed_at-2026-09-27T14_52_22.752560_00_00,ts_icl,univariate,completed,0,0.9247362505399023,0.7956809774041176,1,1,1,45,45,45,0,10980
selena_instance_normalization_20260927T131553Z_36892,ts_icl__experiment_config.instance_normalization-none__pipeline_config.raw_inference.completed_at-2026-09-26T16_22_36.905392_00_00,ts_icl,univariate,completed,0,0.9247363505196929,1.222763068974018,1,1,1,45,45,45,0,10980
selena_instance_normalization_20260927T131553Z_36892,ts_icl__experiment_config.instance_normalization-zscore__pipeline_config.raw_inference.completed_at-2026-09-27T14_14_38.739316_00_00,ts_icl,univariate,completed,0,0.9322700820843819,5.416880190372467,1,1,1,210,210,210,0,544158
selena_instance_normalization_20260927T131553Z_36892,ts_icl__experiment_config.instance_normalization-none__pipeline_config.raw_inference.completed_at-2026-09-26T15_45_01.873570_00_00,ts_icl,univariate,completed,0,0.9322702240751551,5.35576812364161,1,1,1,210,210,210,0,544158
selena_instance_normalization_20260927T131553Z_36892,ts_icl__experiment_config.instance_normalization-zscore__pipeline_config.raw_inference.completed_at-2026-09-27T14_36_36.848027_00_00,ts_icl,univariate,completed,0,0.9354369918274125,14.467398857697845,1,1,1,270,270,270,0,2099520
selena_instance_normalization_20260927T131553Z_36892,ts_icl__experiment_config.instance_normalization-none__pipeline_config.raw_inference.completed_at-2026-09-26T16_06_55.979969_00_00,ts_icl,univariate,completed,0,0.9354372805542223,14.442658975720406,1,1,1,270,270,270,0,2099520
selena_instance_normalization_20260927T131553Z_36892,chronos_bolt__experiment_config.instance_normalization-zscore__pipeline_config.raw_inference.completed_at-2026-09-27T15_15_19.532456_00_00,chronos_bolt,univariate,completed,0,0.9413522832853374,0.8562219347804785,1,1,1,45,45,45,0,56439
selena_instance_normalization_20260927T131553Z_36892,chronos_bolt__experiment_config.instance_normalization-none__pipeline_config.raw_inference.completed_at-2026-09-26T15_51_33.421927_00_00,chronos_bolt,univariate,completed,0,0.9413522940282448,0.8393427040427923,1,1,1,45,45,45,0,56439
selena_instance_normalization_20260927T131553Z_36892,chronos2__experiment_config.instance_normalization-zscore__pipeline_config.raw_inference.completed_at-2026-09-27T14_11_08.602036_00_00,chronos2,multivariate,completed,0,0.9416618293978156,0.21244418248534203,1,1,1,45,45,45,0,56439
selena_instance_normalization_20260927T131553Z_36892,chronos2__experiment_config.instance_normalization-none__pipeline_config.raw_inference.completed_at-2026-09-26T15_50_24.246215_00_00,chronos2,multivariate,completed,0,0.9416618511442288,0.21007609739899635,1,1,1,45,45,45,0,56439
selena_instance_normalization_20260927T131553Z_36892,chronos_bolt__experiment_config.instance_normalization-none__pipeline_config.raw_inference.completed_at-2026-09-26T15_43_42.647011_00_00,chronos_bolt,univariate,completed,0,0.9424050112046589,7.7722183633595705,1,1,1,210,210,210,0,544158
selena_instance_normalization_20260927T131553Z_36892,chronos_bolt__experiment_config.instance_normalization-zscore__pipeline_config.raw_inference.completed_at-2026-09-27T13_55_29.610426_00_00,chronos_bolt,univariate,completed,0,0.9424050772124285,7.740660505369306,1,1,1,210,210,210,0,544158
selena_instance_normalization_20260927T131553Z_36892,chronos2__experiment_config.instance_normalization-zscore__pipeline_config.raw_inference.completed_at-2026-09-27T14_14_37.143989_00_00,chronos2,univariate,completed,0,0.9468634929760862,0.2667781598865986,1,1,1,64,64,64,0,7380
selena_instance_normalization_20260927T131553Z_36892,chronos2__experiment_config.instance_normalization-none__pipeline_config.raw_inference.completed_at-2026-09-26T15_53_52.688939_00_00,chronos2,univariate,completed,0,0.9468634994013284,0.26371740363538265,1,1,1,64,64,64,0,7380
selena_instance_normalization_20260927T131553Z_36892,chronos_bolt__experiment_config.instance_normalization-zscore__pipeline_config.raw_inference.completed_at-2026-09-27T15_15_07.274686_00_00,chronos_bolt,univariate,completed,0,0.9470406379218697,0.30489778332412243,1,1,1,16,16,16,0,24192
selena_instance_normalization_20260927T131553Z_36892,chronos_bolt__experiment_config.instance_normalization-none__pipeline_config.raw_inference.completed_at-2026-09-26T15_51_21.235337_00_00,chronos_bolt,univariate,completed,0,0.947040697295053,0.2967744283378124,1,1,1,16,16,16,0,24192
selena_instance_normalization_20260927T131553Z_36892,ts_icl__experiment_config.instance_normalization-zscore__pipeline_config.raw_inference.completed_at-2026-09-27T14_37_52.031320_00_00,ts_icl,univariate,completed,0,0.9504580029148879,0.38727176934480667,1,1,1,15,15,15,0,29160
selena_instance_normalization_20260927T131553Z_36892,ts_icl__experiment_config.instance_normalization-none__pipeline_config.raw_inference.completed_at-2026-09-26T16_08_11.081393_00_00,ts_icl,univariate,completed,0,0.9504582768039541,0.3787784017622471,1,1,1,15,15,15,0,29160
selena_instance_normalization_20260927T131553Z_36892,chronos_bolt__experiment_config.instance_normalization-zscore__pipeline_config.raw_inference.completed_at-2026-09-27T13_56_46.705403_00_00,chronos_bolt,univariate,completed,0,0.9579242197017964,16.376870332285762,1,1,1,300,300,300,0,1166184
selena_instance_normalization_20260927T131553Z_36892,chronos_bolt__experiment_config.instance_normalization-none__pipeline_config.raw_inference.completed_at-2026-09-26T15_44_59.079417_00_00,chronos_bolt,univariate,completed,0,0.9579246305286601,16.539647737517953,1,1,1,300,300,300,0,1166184
selena_instance_normalization_20260927T131553Z_36892,chronos_bolt__experiment_config.instance_normalization-zscore__pipeline_config.raw_inference.completed_at-2026-09-27T13_56_29.616493_00_00,chronos_bolt,univariate,completed,0,0.9608064740386596,17.206080017611384,1,1,1,900,900,900,0,1166184
selena_instance_normalization_20260927T131553Z_36892,chronos_bolt__experiment_config.instance_normalization-none__pipeline_config.raw_inference.completed_at-2026-09-26T15_44_41.816363_00_00,chronos_bolt,univariate,completed,0,0.9608067753499822,17.39283923432231,1,1,1,900,900,900,0,1166184
selena_instance_normalization_20260927T131553Z_36892,ts_icl__experiment_config.instance_normalization-none__pipeline_config.raw_inference.completed_at-2026-09-26T16_08_10.313554_00_00,ts_icl,univariate,completed,0,0.9741993954799253,1.090745884925127,1,1,1,45,45,45,0,29160
selena_instance_normalization_20260927T131553Z_36892,ts_icl__experiment_config.instance_normalization-zscore__pipeline_config.raw_inference.completed_at-2026-09-27T14_37_51.237120_00_00,ts_icl,univariate,completed,0,0.974199527207641,1.1088182758539915,1,1,1,45,45,45,0,29160
selena_instance_normalization_20260927T131553Z_36892,chronos_bolt__experiment_config.instance_normalization-zscore__pipeline_config.raw_inference.completed_at-2026-09-27T13_55_47.742519_00_00,chronos_bolt,univariate,completed,0,0.9759262979954073,3.3566190898418427,1,1,1,30,30,30,0,233280
selena_instance_normalization_20260927T131553Z_36892,chronos_bolt__experiment_config.instance_normalization-none__pipeline_config.raw_inference.completed_at-2026-09-26T15_44_01.047999_00_00,chronos_bolt,univariate,completed,0,0.9759853769372879,3.3876731004565954,1,1,1,30,30,30,0,233280
selena_instance_normalization_20260927T131553Z_36892,chronos_bolt__experiment_config.instance_normalization-zscore__pipeline_config.raw_inference.completed_at-2026-09-27T15_18_37.645978_00_00,chronos_bolt,univariate,completed,0,0.9961631556283829,0.27744573540985584,1,1,1,45,45,45,0,10980
selena_instance_normalization_20260927T131553Z_36892,chronos_bolt__experiment_config.instance_normalization-none__pipeline_config.raw_inference.completed_at-2026-09-26T15_54_48.077915_00_00,chronos_bolt,univariate,completed,0,0.9961631816873716,0.4442441388964653,1,1,1,45,45,45,0,10980
selena_instance_normalization_20260927T131553Z_36892,ts_icl__experiment_config.instance_normalization-zscore__pipeline_config.raw_inference.completed_at-2026-09-27T14_15_06.110910_00_00,ts_icl,univariate,completed,0,1.001221341891332,1.5823017936199903,1,1,1,30,30,30,0,233280
selena_instance_normalization_20260927T131553Z_36892,ts_icl__experiment_config.instance_normalization-none__pipeline_config.raw_inference.completed_at-2026-09-26T15_45_28.747308_00_00,ts_icl,univariate,completed,0,1.001221967310649,1.5666938815265894,1,1,1,30,30,30,0,233280
selena_instance_normalization_20260927T131553Z_36892,chronos2__experiment_config.instance_normalization-zscore__pipeline_config.raw_inference.completed_at-2026-09-27T14_14_55.872291_00_00,chronos2,multivariate,completed,0,1.0096999518511909,0.22401870600879192,1,1,1,36,36,36,0,9720
selena_instance_normalization_20260927T131553Z_36892,chronos2__experiment_config.instance_normalization-none__pipeline_config.raw_inference.completed_at-2026-09-26T15_54_11.319860_00_00,chronos2,multivariate,completed,0,1.0097000501280702,0.22353448905050755,1,1,1,36,36,36,0,9720
selena_instance_normalization_20260927T131553Z_36892,chronos_bolt__experiment_config.instance_normalization-none__pipeline_config.raw_inference.completed_at-2026-09-26T15_47_00.563033_00_00,chronos_bolt,univariate,completed,0,1.0317943498646256,22.958402873948216,1,1,1,810,810,810,0,1574640
selena_instance_normalization_20260927T131553Z_36892,chronos_bolt__experiment_config.instance_normalization-zscore__pipeline_config.raw_inference.completed_at-2026-09-27T13_58_49.592570_00_00,chronos_bolt,univariate,completed,0,1.0317943785964383,22.67763896845281,1,1,1,810,810,810,0,1574640
selena_instance_normalization_20260927T131553Z_36892,ts_icl__experiment_config.instance_normalization-zscore__pipeline_config.raw_inference.completed_at-2026-09-27T14_52_40.146907_00_00,ts_icl,univariate,completed,0,1.0371342048368837,1.0185365956276655,1,1,1,36,36,36,0,9720
selena_instance_normalization_20260927T131553Z_36892,ts_icl__experiment_config.instance_normalization-none__pipeline_config.raw_inference.completed_at-2026-09-26T16_22_54.440894_00_00,ts_icl,univariate,completed,0,1.0371343351598803,0.9998526759445667,1,1,1,36,36,36,0,9720
selena_instance_normalization_20260927T131553Z_36892,ts_icl__experiment_config.instance_normalization-none__pipeline_config.raw_inference.completed_at-2026-09-26T16_23_50.018373_00_00,ts_icl,univariate,completed,0,1.0375183449451717,0.405135216191411,1,1,1,8,8,8,0,936
selena_instance_normalization_20260927T131553Z_36892,ts_icl__experiment_config.instance_normalization-zscore__pipeline_config.raw_inference.completed_at-2026-09-27T14_53_35.681148_00_00,ts_icl,univariate,completed,0,1.0375191453344086,0.2549454364925623,1,1,1,8,8,8,0,936
selena_instance_normalization_20260927T131553Z_36892,chronos_bolt__experiment_config.instance_normalization-none__pipeline_config.raw_inference.completed_at-2026-09-26T15_56_47.002109_00_00,chronos_bolt,univariate,completed,0,1.0715550362300386,0.2345883771777153,1,1,1,5,5,5,0,540
selena_instance_normalization_20260927T131553Z_36892,chronos_bolt__experiment_config.instance_normalization-zscore__pipeline_config.raw_inference.completed_at-2026-09-27T15_20_35.755413_00_00,chronos_bolt,univariate,completed,0,1.0715550677804833,0.22599942423403263,1,1,1,5,5,5,0,540
selena_instance_normalization_20260927T131553Z_36892,chronos_bolt__experiment_config.instance_normalization-zscore__pipeline_config.raw_inference.completed_at-2026-09-27T15_19_06.822117_00_00,chronos_bolt,univariate,completed,0,1.0779682053254331,0.2710288390517235,1,1,1,36,36,36,0,9720
selena_instance_normalization_20260927T131553Z_36892,chronos_bolt__experiment_config.instance_normalization-none__pipeline_config.raw_inference.completed_at-2026-09-26T15_55_16.526428_00_00,chronos_bolt,univariate,completed,0,1.0779682771320378,0.3054798562079668,1,1,1,36,36,36,0,9720
selena_instance_normalization_20260927T131553Z_36892,chronos_bolt__experiment_config.instance_normalization-none__pipeline_config.raw_inference.completed_at-2026-09-26T15_46_36.440621_00_00,chronos_bolt,univariate,completed,0,1.0852253059408024,25.102548386901617,1,1,1,2430,2430,2430,0,1574640
selena_instance_normalization_20260927T131553Z_36892,chronos_bolt__experiment_config.instance_normalization-zscore__pipeline_config.raw_inference.completed_at-2026-09-27T13_58_25.759099_00_00,chronos_bolt,univariate,completed,0,1.0852253410942765,25.046735424548388,1,1,1,2430,2430,2430,0,1574640
selena_instance_normalization_20260927T131553Z_36892,chronos2__experiment_config.instance_normalization-none__pipeline_config.raw_inference.completed_at-2026-09-26T15_54_47.983176_00_00,chronos2,multivariate,completed,0,1.1552232026779394,0.21054657548666,1,1,1,8,8,8,0,936
selena_instance_normalization_20260927T131553Z_36892,chronos2__experiment_config.instance_normalization-zscore__pipeline_config.raw_inference.completed_at-2026-09-27T14_15_32.471755_00_00,chronos2,multivariate,completed,0,1.1552238745072472,0.213245939463377,1,1,1,8,8,8,0,936
selena_instance_normalization_20260927T131553Z_36892,ts_icl__experiment_config.instance_normalization-none__pipeline_config.raw_inference.completed_at-2026-09-26T16_22_42.213998_00_00,ts_icl,univariate,completed,0,1.2134940904665752,1.1548915188759565,1,1,1,64,64,64,0,7380
selena_instance_normalization_20260927T131553Z_36892,ts_icl__experiment_config.instance_normalization-zscore__pipeline_config.raw_inference.completed_at-2026-09-27T14_52_27.798771_00_00,ts_icl,univariate,completed,0,1.2134941281763165,0.918847968801856,1,1,1,64,64,64,0,7380
selena_instance_normalization_20260927T131553Z_36892,chronos_bolt__experiment_config.instance_normalization-none__pipeline_config.raw_inference.completed_at-2026-09-26T15_50_13.749029_00_00,chronos_bolt,univariate,completed,0,1.289841764853358,0.42830513417720795,1,1,1,15,15,15,0,29160
selena_instance_normalization_20260927T131553Z_36892,chronos_bolt__experiment_config.instance_normalization-zscore__pipeline_config.raw_inference.completed_at-2026-09-27T15_13_58.755768_00_00,chronos_bolt,univariate,completed,0,1.2898420786470939,0.4357987977564335,1,1,1,15,15,15,0,29160
selena_instance_normalization_20260927T131553Z_36892,chronos_bolt__experiment_config.instance_normalization-none__pipeline_config.raw_inference.completed_at-2026-09-26T15_50_13.260754_00_00,chronos_bolt,univariate,completed,0,1.3679472997822761,0.47553866542875767,1,1,1,45,45,45,0,29160
selena_instance_normalization_20260927T131553Z_36892,chronos_bolt__experiment_config.instance_normalization-zscore__pipeline_config.raw_inference.completed_at-2026-09-27T15_13_58.259843_00_00,chronos_bolt,univariate,completed,0,1.3679482051287362,0.48242541030049324,1,1,1,45,45,45,0,29160
selena_instance_normalization_20260927T131553Z_36892,chronos_bolt__experiment_config.instance_normalization-none__pipeline_config.raw_inference.completed_at-2026-09-26T15_55_48.059660_00_00,chronos_bolt,univariate,completed,0,1.5237667133771828,0.23013658821582794,1,1,1,8,8,8,0,936
selena_instance_normalization_20260927T131553Z_36892,chronos_bolt__experiment_config.instance_normalization-zscore__pipeline_config.raw_inference.completed_at-2026-09-27T15_19_38.589649_00_00,chronos_bolt,univariate,completed,0,1.5237669744182323,0.22889767214655876,1,1,1,8,8,8,0,936
