model,tasks,relative_improvement_percent,relative_scaled_improvement_percent,mean_paired_improvement_percent,paired_percentage_tasks
chronos2__experiment_config.instance_normalization-none__pipeline_config.raw_inference.completed_at-2026-09-26T15_50_24.246215_00_00,1,5.833814885577116,5.833814885577116,5.833814885577116,1
chronos2__experiment_config.instance_normalization-zscore__pipeline_config.raw_inference.completed_at-2026-09-27T14_11_08.602036_00_00,1,5.833817060218438,5.833817060218438,5.833817060218438,1
chronos2__experiment_config.instance_normalization-none__pipeline_config.raw_inference.completed_at-2026-09-26T15_50_23.714072_00_00,1,13.170199254930848,13.170199254930848,13.170199254930848,1
chronos2__experiment_config.instance_normalization-zscore__pipeline_config.raw_inference.completed_at-2026-09-27T14_11_08.064732_00_00,1,13.170198808389,13.170198808389,13.170198808389,1
chronos2__experiment_config.instance_normalization-none__pipeline_config.raw_inference.completed_at-2026-09-26T15_50_22.809923_00_00,1,12.567710522854558,12.567710522854558,12.567710522854558,1
chronos2__experiment_config.instance_normalization-zscore__pipeline_config.raw_inference.completed_at-2026-09-27T14_11_07.155438_00_00,1,12.567712326387293,12.567712326387293,12.567712326387293,1
chronos_bolt__experiment_config.instance_normalization-none__pipeline_config.raw_inference.completed_at-2026-09-26T15_51_33.421927_00_00,1,5.864770597175517,5.864770597175517,5.864770597175517,1
chronos_bolt__experiment_config.instance_normalization-zscore__pipeline_config.raw_inference.completed_at-2026-09-27T15_15_19.532456_00_00,1,5.864771671466262,5.864771671466262,5.864771671466262,1
chronos_bolt__experiment_config.instance_normalization-none__pipeline_config.raw_inference.completed_at-2026-09-26T15_51_32.471780_00_00,1,12.634057677709986,12.634057677709986,12.634057677709986,1
chronos_bolt__experiment_config.instance_normalization-zscore__pipeline_config.raw_inference.completed_at-2026-09-27T15_15_18.563294_00_00,1,12.634057581931291,12.634057581931291,12.634057581931291,1
chronos_bolt__experiment_config.instance_normalization-none__pipeline_config.raw_inference.completed_at-2026-09-26T15_51_31.186818_00_00,1,10.744884720652802,10.744884720652802,10.744884720652802,1
chronos_bolt__experiment_config.instance_normalization-zscore__pipeline_config.raw_inference.completed_at-2026-09-27T15_15_17.246540_00_00,1,10.744885382796632,10.744885382796632,10.744885382796632,1
ts_icl__experiment_config.instance_normalization-none__pipeline_config.raw_inference.completed_at-2026-09-26T16_12_06.332146_00_00,1,12.884217026604162,12.884217026604162,12.884217026604162,1
ts_icl__experiment_config.instance_normalization-zscore__pipeline_config.raw_inference.completed_at-2026-09-27T14_41_46.674130_00_00,1,12.884217553038757,12.884217553038757,12.884217553038757,1
ts_icl__experiment_config.instance_normalization-none__pipeline_config.raw_inference.completed_at-2026-09-26T16_12_04.977334_00_00,1,15.973665675507986,15.973665675507986,15.973665675507986,1
ts_icl__experiment_config.instance_normalization-zscore__pipeline_config.raw_inference.completed_at-2026-09-27T14_41_45.300865_00_00,1,15.97366409098322,15.97366409098322,15.97366409098322,1
ts_icl__experiment_config.instance_normalization-none__pipeline_config.raw_inference.completed_at-2026-09-26T16_12_02.213610_00_00,1,13.846910714090132,13.846910714090132,13.846910714090132,1
ts_icl__experiment_config.instance_normalization-zscore__pipeline_config.raw_inference.completed_at-2026-09-27T14_41_42.517943_00_00,1,13.846908927930246,13.846908927930246,13.846908927930246,1
chronos2__experiment_config.instance_normalization-none__pipeline_config.raw_inference.completed_at-2026-09-26T15_55_43.778346_00_00,1,37.27219438473597,37.27219438473597,37.27219438473597,1
chronos2__experiment_config.instance_normalization-zscore__pipeline_config.raw_inference.completed_at-2026-09-27T14_16_29.353294_00_00,1,37.27218794610425,37.27218794610425,37.27218794610425,1
chronos_bolt__experiment_config.instance_normalization-none__pipeline_config.raw_inference.completed_at-2026-09-26T15_56_47.002109_00_00,1,-7.155503623003856,-7.155503623003856,-7.155503623003856,1
chronos_bolt__experiment_config.instance_normalization-zscore__pipeline_config.raw_inference.completed_at-2026-09-27T15_20_35.755413_00_00,1,-7.155506778048326,-7.155506778048326,-7.155506778048326,1
ts_icl__experiment_config.instance_normalization-none__pipeline_config.raw_inference.completed_at-2026-09-26T16_24_17.804507_00_00,1,8.319181532975195,8.319181532975195,8.319181532975195,1
ts_icl__experiment_config.instance_normalization-zscore__pipeline_config.raw_inference.completed_at-2026-09-27T14_54_03.457704_00_00,1,8.319185078040192,8.319185078040192,8.319185078040192,1
chronos2__experiment_config.instance_normalization-none__pipeline_config.raw_inference.completed_at-2026-09-26T15_47_19.553828_00_00,1,25.681628113232392,25.681628113232392,25.681628113232392,1
chronos2__experiment_config.instance_normalization-zscore__pipeline_config.raw_inference.completed_at-2026-09-27T14_08_06.068322_00_00,1,25.68163042169792,25.68163042169792,25.68163042169792,1
chronos2__experiment_config.instance_normalization-none__pipeline_config.raw_inference.completed_at-2026-09-26T15_47_19.240511_00_00,1,22.405993438565297,22.405993438565297,22.405993438565297,1
chronos2__experiment_config.instance_normalization-zscore__pipeline_config.raw_inference.completed_at-2026-09-27T14_08_05.751521_00_00,1,22.405994883916858,22.405994883916858,22.405994883916858,1
chronos2__experiment_config.instance_normalization-none__pipeline_config.raw_inference.completed_at-2026-09-26T15_47_18.765098_00_00,1,52.42133338503343,52.42133338503343,52.42133338503343,1
chronos2__experiment_config.instance_normalization-zscore__pipeline_config.raw_inference.completed_at-2026-09-27T14_08_05.271983_00_00,1,52.42133251380409,52.42133251380409,52.42133251380409,1
chronos_bolt__experiment_config.instance_normalization-none__pipeline_config.raw_inference.completed_at-2026-09-26T15_47_49.520618_00_00,1,22.736938165580256,22.736938165580256,22.736938165580256,1
chronos_bolt__experiment_config.instance_normalization-zscore__pipeline_config.raw_inference.completed_at-2026-09-27T13_59_38.947164_00_00,1,22.736934771633344,22.736934771633344,22.736934771633344,1
chronos_bolt__experiment_config.instance_normalization-none__pipeline_config.raw_inference.completed_at-2026-09-26T15_47_49.077237_00_00,1,22.51483813354137,22.51483813354137,22.51483813354137,1
chronos_bolt__experiment_config.instance_normalization-zscore__pipeline_config.raw_inference.completed_at-2026-09-27T13_59_38.505408_00_00,1,22.514840265264525,22.514840265264525,22.514840265264525,1
chronos_bolt__experiment_config.instance_normalization-none__pipeline_config.raw_inference.completed_at-2026-09-26T15_47_48.643530_00_00,1,52.063175986160374,52.063175986160374,52.063175986160374,1
chronos_bolt__experiment_config.instance_normalization-zscore__pipeline_config.raw_inference.completed_at-2026-09-27T13_59_38.075760_00_00,1,52.063175818995354,52.063175818995354,52.063175818995354,1
ts_icl__experiment_config.instance_normalization-none__pipeline_config.raw_inference.completed_at-2026-09-26T16_03_12.456172_00_00,1,23.478820720825723,23.478820720825723,23.478820720825723,1
ts_icl__experiment_config.instance_normalization-zscore__pipeline_config.raw_inference.completed_at-2026-09-27T14_32_52.153051_00_00,1,23.478820176759573,23.478820176759573,23.478820176759573,1
ts_icl__experiment_config.instance_normalization-none__pipeline_config.raw_inference.completed_at-2026-09-26T16_03_11.786602_00_00,1,21.201035230233067,21.201035230233067,21.201035230233067,1
ts_icl__experiment_config.instance_normalization-zscore__pipeline_config.raw_inference.completed_at-2026-09-27T14_32_51.500997_00_00,1,21.201035749074805,21.201035749074805,21.201035749074805,1
ts_icl__experiment_config.instance_normalization-none__pipeline_config.raw_inference.completed_at-2026-09-26T16_03_10.504315_00_00,1,51.84942680289394,51.84942680289394,51.84942680289394,1
ts_icl__experiment_config.instance_normalization-zscore__pipeline_config.raw_inference.completed_at-2026-09-27T14_32_50.218566_00_00,1,51.84942783049231,51.84942783049231,51.84942783049231,1
chronos2__experiment_config.instance_normalization-none__pipeline_config.raw_inference.completed_at-2026-09-26T15_47_30.955919_00_00,1,19.211291476055703,19.211291476055703,19.211291476055703,1
chronos2__experiment_config.instance_normalization-zscore__pipeline_config.raw_inference.completed_at-2026-09-27T14_08_17.511379_00_00,1,19.211290053575226,19.211290053575226,19.211290053575226,1
chronos2__experiment_config.instance_normalization-none__pipeline_config.raw_inference.completed_at-2026-09-26T15_47_30.579448_00_00,1,19.8111755957454,19.8111755957454,19.8111755957454,1
chronos2__experiment_config.instance_normalization-zscore__pipeline_config.raw_inference.completed_at-2026-09-27T14_08_17.129063_00_00,1,19.81117607944479,19.81117607944479,19.81117607944479,1
chronos2__experiment_config.instance_normalization-none__pipeline_config.raw_inference.completed_at-2026-09-26T15_47_29.958670_00_00,1,28.515168079703066,28.515168079703066,28.515168079703066,1
chronos2__experiment_config.instance_normalization-zscore__pipeline_config.raw_inference.completed_at-2026-09-27T14_08_16.501385_00_00,1,28.51516778126191,28.51516778126191,28.51516778126191,1
chronos_bolt__experiment_config.instance_normalization-none__pipeline_config.raw_inference.completed_at-2026-09-26T15_47_59.975928_00_00,1,13.838166856478251,13.838166856478251,13.838166856478251,1
chronos_bolt__experiment_config.instance_normalization-zscore__pipeline_config.raw_inference.completed_at-2026-09-27T13_59_49.686356_00_00,1,13.83816850373859,13.83816850373859,13.83816850373859,1
chronos_bolt__experiment_config.instance_normalization-none__pipeline_config.raw_inference.completed_at-2026-09-26T15_47_59.487268_00_00,1,17.10247447130192,17.10247447130192,17.10247447130192,1
chronos_bolt__experiment_config.instance_normalization-zscore__pipeline_config.raw_inference.completed_at-2026-09-27T13_59_49.205362_00_00,1,17.10247586213589,17.10247586213589,17.10247586213589,1
chronos_bolt__experiment_config.instance_normalization-none__pipeline_config.raw_inference.completed_at-2026-09-26T15_47_59.276103_00_00,1,26.711808796666205,26.711808796666205,26.711808796666205,1
chronos_bolt__experiment_config.instance_normalization-zscore__pipeline_config.raw_inference.completed_at-2026-09-27T13_59_48.987687_00_00,1,26.711810005776293,26.711810005776293,26.711810005776293,1
ts_icl__experiment_config.instance_normalization-none__pipeline_config.raw_inference.completed_at-2026-09-26T16_03_25.220219_00_00,1,18.178542971382228,18.178542971382228,18.178542971382228,1
ts_icl__experiment_config.instance_normalization-zscore__pipeline_config.raw_inference.completed_at-2026-09-27T14_33_04.792298_00_00,1,18.178544711454037,18.178544711454037,18.178544711454037,1
ts_icl__experiment_config.instance_normalization-none__pipeline_config.raw_inference.completed_at-2026-09-26T16_03_24.322351_00_00,1,17.98739282599643,17.98739282599643,17.98739282599643,1
ts_icl__experiment_config.instance_normalization-zscore__pipeline_config.raw_inference.completed_at-2026-09-27T14_33_03.882319_00_00,1,17.98739282068039,17.98739282068039,17.98739282068039,1
ts_icl__experiment_config.instance_normalization-none__pipeline_config.raw_inference.completed_at-2026-09-26T16_03_22.385156_00_00,1,27.6215133634911,27.6215133634911,27.6215133634911,1
ts_icl__experiment_config.instance_normalization-zscore__pipeline_config.raw_inference.completed_at-2026-09-27T14_33_01.933170_00_00,1,27.62151458182238,27.62151458182238,27.62151458182238,1
chronos2__experiment_config.instance_normalization-none__pipeline_config.raw_inference.completed_at-2026-09-26T15_47_41.256424_00_00,1,15.257678339156733,15.257678339156733,15.257678339156733,1
chronos2__experiment_config.instance_normalization-zscore__pipeline_config.raw_inference.completed_at-2026-09-27T14_08_27.840525_00_00,1,15.257680207897783,15.257680207897783,15.257680207897783,1
chronos2__experiment_config.instance_normalization-none__pipeline_config.raw_inference.completed_at-2026-09-26T15_47_40.936798_00_00,1,17.59513492448693,17.59513492448693,17.59513492448693,1
chronos2__experiment_config.instance_normalization-zscore__pipeline_config.raw_inference.completed_at-2026-09-27T14_08_27.530650_00_00,1,17.595133260619523,17.595133260619523,17.595133260619523,1
chronos2__experiment_config.instance_normalization-none__pipeline_config.raw_inference.completed_at-2026-09-26T15_47_40.569043_00_00,1,20.14177013621844,20.14177013621844,20.14177013621844,1
chronos2__experiment_config.instance_normalization-zscore__pipeline_config.raw_inference.completed_at-2026-09-27T14_08_27.160127_00_00,1,20.14176852461852,20.14176852461852,20.14176852461852,1
chronos_bolt__experiment_config.instance_normalization-none__pipeline_config.raw_inference.completed_at-2026-09-26T15_48_10.275697_00_00,1,14.676185354403703,14.676185354403703,14.676185354403703,1
chronos_bolt__experiment_config.instance_normalization-zscore__pipeline_config.raw_inference.completed_at-2026-09-27T14_00_00.301902_00_00,1,14.676182714942797,14.676182714942797,14.676182714942797,1
chronos_bolt__experiment_config.instance_normalization-none__pipeline_config.raw_inference.completed_at-2026-09-26T15_48_09.858670_00_00,1,12.621187597450911,12.621187597450911,12.621187597450911,1
chronos_bolt__experiment_config.instance_normalization-zscore__pipeline_config.raw_inference.completed_at-2026-09-27T13_59_59.885028_00_00,1,12.621186007823814,12.621186007823814,12.621186007823814,1
chronos_bolt__experiment_config.instance_normalization-none__pipeline_config.raw_inference.completed_at-2026-09-26T15_48_09.461246_00_00,1,15.392911245222162,15.392911245222162,15.392911245222162,1
chronos_bolt__experiment_config.instance_normalization-zscore__pipeline_config.raw_inference.completed_at-2026-09-27T13_59_59.481921_00_00,1,15.392913249544337,15.392913249544337,15.392913249544337,1
ts_icl__experiment_config.instance_normalization-none__pipeline_config.raw_inference.completed_at-2026-09-26T16_03_34.042014_00_00,1,20.34104023092137,20.34104023092137,20.34104023092137,1
ts_icl__experiment_config.instance_normalization-zscore__pipeline_config.raw_inference.completed_at-2026-09-27T14_33_13.539194_00_00,1,20.341042753924444,20.341042753924444,20.341042753924444,1
ts_icl__experiment_config.instance_normalization-none__pipeline_config.raw_inference.completed_at-2026-09-26T16_03_33.387940_00_00,1,18.758185490851474,18.758185490851474,18.758185490851474,1
ts_icl__experiment_config.instance_normalization-zscore__pipeline_config.raw_inference.completed_at-2026-09-27T14_33_12.886478_00_00,1,18.758186750452953,18.758186750452953,18.758186750452953,1
ts_icl__experiment_config.instance_normalization-none__pipeline_config.raw_inference.completed_at-2026-09-26T16_03_32.393368_00_00,1,20.28801271282069,20.28801271282069,20.28801271282069,1
ts_icl__experiment_config.instance_normalization-zscore__pipeline_config.raw_inference.completed_at-2026-09-27T14_33_11.881211_00_00,1,20.28801208715201,20.28801208715201,20.28801208715201,1
chronos2__experiment_config.instance_normalization-none__pipeline_config.raw_inference.completed_at-2026-09-26T15_48_54.664121_00_00,1,12.924123579920266,12.924123579920266,12.924123579920266,1
chronos2__experiment_config.instance_normalization-zscore__pipeline_config.raw_inference.completed_at-2026-09-27T14_09_41.216754_00_00,1,12.924113679860906,12.924113679860906,12.924113679860906,1
chronos2__experiment_config.instance_normalization-none__pipeline_config.raw_inference.completed_at-2026-09-26T15_48_53.914141_00_00,1,13.899802397174943,13.899802397174943,13.899802397174943,1
chronos2__experiment_config.instance_normalization-zscore__pipeline_config.raw_inference.completed_at-2026-09-27T14_09_40.454690_00_00,1,13.899808568617411,13.899808568617411,13.899808568617411,1
chronos2__experiment_config.instance_normalization-none__pipeline_config.raw_inference.completed_at-2026-09-26T15_48_51.967815_00_00,1,21.922583687966444,21.922583687966444,21.922583687966444,1
chronos2__experiment_config.instance_normalization-zscore__pipeline_config.raw_inference.completed_at-2026-09-27T14_09_38.423124_00_00,1,21.92258203677625,21.92258203677625,21.92258203677625,1
chronos_bolt__experiment_config.instance_normalization-none__pipeline_config.raw_inference.completed_at-2026-09-26T15_50_00.788347_00_00,1,13.65758146989522,13.65758146989522,13.65758146989522,1
chronos_bolt__experiment_config.instance_normalization-zscore__pipeline_config.raw_inference.completed_at-2026-09-27T15_13_47.560033_00_00,1,13.657593714151373,13.657593714151373,13.657593714151373,1
chronos_bolt__experiment_config.instance_normalization-none__pipeline_config.raw_inference.completed_at-2026-09-26T15_49_57.796501_00_00,1,13.570317926453935,13.570317926453935,13.570317926453935,1
chronos_bolt__experiment_config.instance_normalization-zscore__pipeline_config.raw_inference.completed_at-2026-09-27T15_13_44.544496_00_00,1,13.570289032056493,13.570289032056493,13.570289032056493,1
chronos_bolt__experiment_config.instance_normalization-none__pipeline_config.raw_inference.completed_at-2026-09-26T15_49_54.637419_00_00,1,21.43448447804537,21.43448447804537,21.43448447804537,1
chronos_bolt__experiment_config.instance_normalization-zscore__pipeline_config.raw_inference.completed_at-2026-09-27T15_13_41.431751_00_00,1,21.434497057249636,21.434497057249636,21.434497057249636,1
ts_icl__experiment_config.instance_normalization-none__pipeline_config.raw_inference.completed_at-2026-09-26T16_07_54.679891_00_00,1,12.436893268687943,12.436893268687943,12.436893268687943,1
ts_icl__experiment_config.instance_normalization-zscore__pipeline_config.raw_inference.completed_at-2026-09-27T14_37_36.175829_00_00,1,12.436888897790677,12.436888897790677,12.436888897790677,1
ts_icl__experiment_config.instance_normalization-none__pipeline_config.raw_inference.completed_at-2026-09-26T16_07_52.159828_00_00,1,12.580058223130697,12.580058223130697,12.580058223130697,1
ts_icl__experiment_config.instance_normalization-zscore__pipeline_config.raw_inference.completed_at-2026-09-27T14_37_33.623104_00_00,1,12.580054918032868,12.580054918032868,12.580054918032868,1
ts_icl__experiment_config.instance_normalization-none__pipeline_config.raw_inference.completed_at-2026-09-26T16_07_45.465539_00_00,1,21.06975538827147,21.06975538827147,21.06975538827147,1
ts_icl__experiment_config.instance_normalization-zscore__pipeline_config.raw_inference.completed_at-2026-09-27T14_37_26.896875_00_00,1,21.06975301892009,21.06975301892009,21.06975301892009,1
chronos2__experiment_config.instance_normalization-none__pipeline_config.raw_inference.completed_at-2026-09-26T15_49_06.577617_00_00,1,23.762629866592366,23.762629866592366,23.762629866592366,1
chronos2__experiment_config.instance_normalization-zscore__pipeline_config.raw_inference.completed_at-2026-09-27T14_09_54.315141_00_00,1,23.76262418732623,23.76262418732623,23.76262418732623,1
chronos2__experiment_config.instance_normalization-none__pipeline_config.raw_inference.completed_at-2026-09-26T15_49_06.207636_00_00,1,22.871073548997757,22.871073548997757,22.871073548997757,1
chronos2__experiment_config.instance_normalization-zscore__pipeline_config.raw_inference.completed_at-2026-09-27T14_09_53.942544_00_00,1,22.871086784976104,22.871086784976104,22.871086784976104,1
chronos2__experiment_config.instance_normalization-none__pipeline_config.raw_inference.completed_at-2026-09-26T15_49_05.643932_00_00,1,62.15708102740902,62.15708102740902,62.15708102740902,1
chronos2__experiment_config.instance_normalization-zscore__pipeline_config.raw_inference.completed_at-2026-09-27T14_09_53.373880_00_00,1,62.157062403768634,62.157062403768634,62.157062403768634,1
chronos_bolt__experiment_config.instance_normalization-none__pipeline_config.raw_inference.completed_at-2026-09-26T15_50_13.749029_00_00,1,-28.9841764853358,-28.9841764853358,-28.9841764853358,1
chronos_bolt__experiment_config.instance_normalization-zscore__pipeline_config.raw_inference.completed_at-2026-09-27T15_13_58.755768_00_00,1,-28.98420786470939,-28.98420786470939,-28.98420786470939,1
chronos_bolt__experiment_config.instance_normalization-none__pipeline_config.raw_inference.completed_at-2026-09-26T15_50_13.260754_00_00,1,-36.794729978227615,-36.794729978227615,-36.794729978227615,1
chronos_bolt__experiment_config.instance_normalization-zscore__pipeline_config.raw_inference.completed_at-2026-09-27T15_13_58.259843_00_00,1,-36.79482051287361,-36.79482051287361,-36.79482051287361,1
chronos_bolt__experiment_config.instance_normalization-none__pipeline_config.raw_inference.completed_at-2026-09-26T15_50_12.641595_00_00,1,52.1869911836919,52.1869911836919,52.1869911836919,1
chronos_bolt__experiment_config.instance_normalization-zscore__pipeline_config.raw_inference.completed_at-2026-09-27T15_13_57.631465_00_00,1,52.18696947456834,52.18696947456834,52.18696947456834,1
ts_icl__experiment_config.instance_normalization-none__pipeline_config.raw_inference.completed_at-2026-09-26T16_08_11.081393_00_00,1,4.954172319604588,4.954172319604588,4.954172319604588,1
ts_icl__experiment_config.instance_normalization-zscore__pipeline_config.raw_inference.completed_at-2026-09-27T14_37_52.031320_00_00,1,4.954199708511209,4.954199708511209,4.954199708511209,1
ts_icl__experiment_config.instance_normalization-none__pipeline_config.raw_inference.completed_at-2026-09-26T16_08_10.313554_00_00,1,2.580060452007471,2.580060452007471,2.580060452007471,1
ts_icl__experiment_config.instance_normalization-zscore__pipeline_config.raw_inference.completed_at-2026-09-27T14_37_51.237120_00_00,1,2.5800472792358975,2.5800472792358975,2.5800472792358975,1
ts_icl__experiment_config.instance_normalization-none__pipeline_config.raw_inference.completed_at-2026-09-26T16_08_08.642942_00_00,1,55.835007393072075,55.835007393072075,55.835007393072075,1
ts_icl__experiment_config.instance_normalization-zscore__pipeline_config.raw_inference.completed_at-2026-09-27T14_37_49.554391_00_00,1,55.835011021234536,55.835011021234536,55.835011021234536,1
chronos2__experiment_config.instance_normalization-none__pipeline_config.raw_inference.completed_at-2026-09-26T15_48_33.655572_00_00,1,15.438094312101558,15.438094312101558,15.438094312101558,1
chronos2__experiment_config.instance_normalization-zscore__pipeline_config.raw_inference.completed_at-2026-09-27T14_09_20.063160_00_00,1,15.438066217120493,15.438066217120493,15.438066217120493,1
chronos2__experiment_config.instance_normalization-none__pipeline_config.raw_inference.completed_at-2026-09-26T15_48_30.671929_00_00,1,15.644732363108771,15.644732363108771,15.644732363108771,1
chronos2__experiment_config.instance_normalization-zscore__pipeline_config.raw_inference.completed_at-2026-09-27T14_09_17.089335_00_00,1,15.64472920393073,15.64472920393073,15.64472920393073,1
chronos2__experiment_config.instance_normalization-none__pipeline_config.raw_inference.completed_at-2026-09-26T15_48_21.812438_00_00,1,35.18165809416177,35.18165809416177,35.18165809416177,1
chronos2__experiment_config.instance_normalization-zscore__pipeline_config.raw_inference.completed_at-2026-09-27T14_09_08.275129_00_00,1,35.181656588755494,35.181656588755494,35.181656588755494,1
chronos_bolt__experiment_config.instance_normalization-none__pipeline_config.raw_inference.completed_at-2026-09-26T15_49_38.648611_00_00,1,7.725525264497579,7.725525264497579,7.725525264497579,1
chronos_bolt__experiment_config.instance_normalization-zscore__pipeline_config.raw_inference.completed_at-2026-09-27T15_13_27.830712_00_00,1,7.726861192127266,7.726861192127266,7.726861192127266,1
chronos_bolt__experiment_config.instance_normalization-none__pipeline_config.raw_inference.completed_at-2026-09-26T15_49_05.119306_00_00,1,10.536471859537178,10.536471859537178,10.536471859537178,1
chronos_bolt__experiment_config.instance_normalization-zscore__pipeline_config.raw_inference.completed_at-2026-09-27T15_12_54.337653_00_00,1,10.536583091846218,10.536583091846218,10.536583091846218,1
chronos_bolt__experiment_config.instance_normalization-none__pipeline_config.raw_inference.completed_at-2026-09-26T15_48_30.087755_00_00,1,32.781892267093184,32.781892267093184,32.781892267093184,1
chronos_bolt__experiment_config.instance_normalization-zscore__pipeline_config.raw_inference.completed_at-2026-09-27T15_12_19.040429_00_00,1,32.781897747100196,32.781897747100196,32.781897747100196,1
ts_icl__experiment_config.instance_normalization-none__pipeline_config.raw_inference.completed_at-2026-09-26T16_06_55.979969_00_00,1,6.456271944577773,6.456271944577773,6.456271944577773,1
ts_icl__experiment_config.instance_normalization-zscore__pipeline_config.raw_inference.completed_at-2026-09-27T14_36_36.848027_00_00,1,6.456300817258754,6.456300817258754,6.456300817258754,1
ts_icl__experiment_config.instance_normalization-none__pipeline_config.raw_inference.completed_at-2026-09-26T16_06_39.839239_00_00,1,15.175235505017604,15.175235505017604,15.175235505017604,1
ts_icl__experiment_config.instance_normalization-zscore__pipeline_config.raw_inference.completed_at-2026-09-27T14_36_20.606296_00_00,1,15.175262995455697,15.175262995455697,15.175262995455697,1
ts_icl__experiment_config.instance_normalization-none__pipeline_config.raw_inference.completed_at-2026-09-26T16_06_13.734355_00_00,1,33.379173430158836,33.379173430158836,33.379173430158836,1
ts_icl__experiment_config.instance_normalization-zscore__pipeline_config.raw_inference.completed_at-2026-09-27T14_35_54.311614_00_00,1,33.379178194294,33.379178194294,33.379178194294,1
chronos2__experiment_config.instance_normalization-none__pipeline_config.raw_inference.completed_at-2026-09-26T15_49_25.733402_00_00,1,13.125869550143776,13.125869550143776,13.125869550143776,1
chronos2__experiment_config.instance_normalization-zscore__pipeline_config.raw_inference.completed_at-2026-09-27T14_10_13.482540_00_00,1,13.12586278529041,13.12586278529041,13.12586278529041,1
chronos2__experiment_config.instance_normalization-none__pipeline_config.raw_inference.completed_at-2026-09-26T15_49_24.607194_00_00,1,21.235574974888404,21.235574974888404,21.235574974888404,1
chronos2__experiment_config.instance_normalization-zscore__pipeline_config.raw_inference.completed_at-2026-09-27T14_10_12.349844_00_00,1,21.235572719197204,21.235572719197204,21.235572719197204,1
chronos2__experiment_config.instance_normalization-none__pipeline_config.raw_inference.completed_at-2026-09-26T15_49_22.458019_00_00,1,23.895485881866087,23.895485881866087,23.895485881866087,1
chronos2__experiment_config.instance_normalization-zscore__pipeline_config.raw_inference.completed_at-2026-09-27T14_10_10.175833_00_00,1,23.895486886947925,23.895486886947925,23.895486886947925,1
chronos_bolt__experiment_config.instance_normalization-none__pipeline_config.raw_inference.completed_at-2026-09-26T15_50_39.241563_00_00,1,9.209866858401107,9.209866858401107,9.209866858401107,1
chronos_bolt__experiment_config.instance_normalization-zscore__pipeline_config.raw_inference.completed_at-2026-09-27T15_14_24.709633_00_00,1,9.209786101095553,9.209786101095553,9.209786101095553,1
chronos_bolt__experiment_config.instance_normalization-none__pipeline_config.raw_inference.completed_at-2026-09-26T15_50_32.392678_00_00,1,15.12787624280687,15.12787624280687,15.12787624280687,1
chronos_bolt__experiment_config.instance_normalization-zscore__pipeline_config.raw_inference.completed_at-2026-09-27T15_14_17.794750_00_00,1,15.127916923512508,15.127916923512508,15.127916923512508,1
chronos_bolt__experiment_config.instance_normalization-none__pipeline_config.raw_inference.completed_at-2026-09-26T15_50_26.168306_00_00,1,18.506486146118874,18.506486146118874,18.506486146118874,1
chronos_bolt__experiment_config.instance_normalization-zscore__pipeline_config.raw_inference.completed_at-2026-09-27T15_14_11.468059_00_00,1,18.506437967589196,18.506437967589196,18.506437967589196,1
ts_icl__experiment_config.instance_normalization-none__pipeline_config.raw_inference.completed_at-2026-09-26T16_09_22.797780_00_00,1,11.830106406996766,11.830106406996766,11.830106406996766,1
ts_icl__experiment_config.instance_normalization-zscore__pipeline_config.raw_inference.completed_at-2026-09-27T14_39_03.783305_00_00,1,11.83009173425612,11.83009173425612,11.83009173425612,1
ts_icl__experiment_config.instance_normalization-none__pipeline_config.raw_inference.completed_at-2026-09-26T16_09_17.673881_00_00,1,20.293835324259202,20.293835324259202,20.293835324259202,1
ts_icl__experiment_config.instance_normalization-zscore__pipeline_config.raw_inference.completed_at-2026-09-27T14_38_58.651583_00_00,1,20.293826589478105,20.293826589478105,20.293826589478105,1
ts_icl__experiment_config.instance_normalization-none__pipeline_config.raw_inference.completed_at-2026-09-26T16_09_07.941690_00_00,1,21.67492134196971,21.67492134196971,21.67492134196971,1
ts_icl__experiment_config.instance_normalization-zscore__pipeline_config.raw_inference.completed_at-2026-09-27T14_38_48.970492_00_00,1,21.67493655959756,21.67493655959756,21.67493655959756,1
chronos2__experiment_config.instance_normalization-none__pipeline_config.raw_inference.completed_at-2026-09-26T15_56_02.550081_00_00,1,20.430961584960695,20.430961584960695,20.430961584960695,1
chronos2__experiment_config.instance_normalization-zscore__pipeline_config.raw_inference.completed_at-2026-09-27T14_16_48.127804_00_00,1,20.430978394848374,20.430978394848374,20.430978394848374,1
chronos_bolt__experiment_config.instance_normalization-none__pipeline_config.raw_inference.completed_at-2026-09-26T15_57_05.887193_00_00,1,16.442547166640043,16.442547166640043,16.442547166640043,1
chronos_bolt__experiment_config.instance_normalization-zscore__pipeline_config.raw_inference.completed_at-2026-09-27T15_20_54.813567_00_00,1,16.442546776163837,16.442546776163837,16.442546776163837,1
ts_icl__experiment_config.instance_normalization-none__pipeline_config.raw_inference.completed_at-2026-09-26T16_24_28.930878_00_00,1,22.207212127934838,22.207212127934838,22.207212127934838,1
ts_icl__experiment_config.instance_normalization-zscore__pipeline_config.raw_inference.completed_at-2026-09-27T14_54_14.434936_00_00,1,22.20719547586284,22.20719547586284,22.20719547586284,1
chronos2__experiment_config.instance_normalization-none__pipeline_config.raw_inference.completed_at-2026-09-26T15_55_53.197161_00_00,1,25.8058101222712,25.8058101222712,25.8058101222712,1
chronos2__experiment_config.instance_normalization-zscore__pipeline_config.raw_inference.completed_at-2026-09-27T14_16_38.779218_00_00,1,25.805808803023865,25.805808803023865,25.805808803023865,1
chronos_bolt__experiment_config.instance_normalization-none__pipeline_config.raw_inference.completed_at-2026-09-26T15_56_56.468880_00_00,1,23.07408796563546,23.07408796563546,23.07408796563546,1
chronos_bolt__experiment_config.instance_normalization-zscore__pipeline_config.raw_inference.completed_at-2026-09-27T15_20_45.316175_00_00,1,23.074086026703444,23.074086026703444,23.074086026703444,1
ts_icl__experiment_config.instance_normalization-none__pipeline_config.raw_inference.completed_at-2026-09-26T16_24_24.089912_00_00,1,22.774417002237435,22.774417002237435,22.774417002237435,1
ts_icl__experiment_config.instance_normalization-zscore__pipeline_config.raw_inference.completed_at-2026-09-27T14_54_09.642812_00_00,1,22.774418858590153,22.774418858590153,22.774418858590153,1
chronos2__experiment_config.instance_normalization-none__pipeline_config.raw_inference.completed_at-2026-09-26T15_54_11.319860_00_00,1,-0.9700050128070181,-0.9700050128070181,-0.9700050128070181,1
chronos2__experiment_config.instance_normalization-zscore__pipeline_config.raw_inference.completed_at-2026-09-27T14_14_55.872291_00_00,1,-0.969995185119088,-0.969995185119088,-0.969995185119088,1
chronos_bolt__experiment_config.instance_normalization-none__pipeline_config.raw_inference.completed_at-2026-09-26T15_55_16.526428_00_00,1,-7.79682771320378,-7.79682771320378,-7.79682771320378,1
chronos_bolt__experiment_config.instance_normalization-zscore__pipeline_config.raw_inference.completed_at-2026-09-27T15_19_06.822117_00_00,1,-7.796820532543314,-7.796820532543314,-7.796820532543314,1
ts_icl__experiment_config.instance_normalization-none__pipeline_config.raw_inference.completed_at-2026-09-26T16_22_54.440894_00_00,1,-3.7134335159880294,-3.7134335159880294,-3.7134335159880294,1
ts_icl__experiment_config.instance_normalization-zscore__pipeline_config.raw_inference.completed_at-2026-09-27T14_52_40.146907_00_00,1,-3.7134204836883677,-3.7134204836883677,-3.7134204836883677,1
chronos2__experiment_config.instance_normalization-none__pipeline_config.raw_inference.completed_at-2026-09-26T15_53_43.404506_00_00,1,8.230672434295938,8.230672434295938,8.230672434295938,1
chronos2__experiment_config.instance_normalization-zscore__pipeline_config.raw_inference.completed_at-2026-09-27T14_14_27.850593_00_00,1,8.230667554037552,8.230667554037552,8.230667554037552,1
chronos_bolt__experiment_config.instance_normalization-none__pipeline_config.raw_inference.completed_at-2026-09-26T15_54_48.077915_00_00,1,0.3836818312628387,0.3836818312628387,0.3836818312628387,1
chronos_bolt__experiment_config.instance_normalization-zscore__pipeline_config.raw_inference.completed_at-2026-09-27T15_18_37.645978_00_00,1,0.3836844371617132,0.3836844371617132,0.3836844371617132,1
ts_icl__experiment_config.instance_normalization-none__pipeline_config.raw_inference.completed_at-2026-09-26T16_22_36.905392_00_00,1,7.5263649480307055,7.5263649480307055,7.5263649480307055,1
ts_icl__experiment_config.instance_normalization-zscore__pipeline_config.raw_inference.completed_at-2026-09-27T14_52_22.752560_00_00,1,7.526374946009772,7.526374946009772,7.526374946009772,1
chronos2__experiment_config.instance_normalization-none__pipeline_config.raw_inference.completed_at-2026-09-26T15_53_52.688939_00_00,1,5.313650059867159,5.313650059867159,5.313650059867159,1
chronos2__experiment_config.instance_normalization-zscore__pipeline_config.raw_inference.completed_at-2026-09-27T14_14_37.143989_00_00,1,5.3136507023913815,5.3136507023913815,5.3136507023913815,1
chronos_bolt__experiment_config.instance_normalization-none__pipeline_config.raw_inference.completed_at-2026-09-26T15_54_57.466201_00_00,1,11.996495571358945,11.996495571358945,11.996495571358945,1
chronos_bolt__experiment_config.instance_normalization-zscore__pipeline_config.raw_inference.completed_at-2026-09-27T15_18_47.085268_00_00,1,11.99649414671745,11.99649414671745,11.99649414671745,1
ts_icl__experiment_config.instance_normalization-none__pipeline_config.raw_inference.completed_at-2026-09-26T16_22_42.213998_00_00,1,-21.34940904665752,-21.34940904665752,-21.34940904665752,1
ts_icl__experiment_config.instance_normalization-zscore__pipeline_config.raw_inference.completed_at-2026-09-27T14_52_27.798771_00_00,1,-21.349412817631652,-21.349412817631652,-21.349412817631652,1
chronos2__experiment_config.instance_normalization-none__pipeline_config.raw_inference.completed_at-2026-09-26T15_51_15.309082_00_00,1,19.441655417479698,19.441655417479698,19.441655417479698,1
chronos2__experiment_config.instance_normalization-zscore__pipeline_config.raw_inference.completed_at-2026-09-27T14_11_58.666160_00_00,1,19.44165449679831,19.44165449679831,19.44165449679831,1
chronos2__experiment_config.instance_normalization-none__pipeline_config.raw_inference.completed_at-2026-09-26T15_51_14.853419_00_00,1,28.437991307564136,28.437991307564136,28.437991307564136,1
chronos2__experiment_config.instance_normalization-zscore__pipeline_config.raw_inference.completed_at-2026-09-27T14_11_58.211642_00_00,1,28.43799177348254,28.43799177348254,28.43799177348254,1
chronos2__experiment_config.instance_normalization-none__pipeline_config.raw_inference.completed_at-2026-09-26T15_51_13.717626_00_00,1,40.60265514199885,40.60265514199885,40.60265514199885,1
chronos2__experiment_config.instance_normalization-zscore__pipeline_config.raw_inference.completed_at-2026-09-27T14_11_57.069198_00_00,1,40.60265464660316,40.60265464660316,40.60265464660316,1
chronos_bolt__experiment_config.instance_normalization-none__pipeline_config.raw_inference.completed_at-2026-09-26T15_52_24.634567_00_00,1,20.198163344024312,20.198163344024312,20.198163344024312,1
chronos_bolt__experiment_config.instance_normalization-zscore__pipeline_config.raw_inference.completed_at-2026-09-27T15_16_11.309990_00_00,1,20.19816498577609,20.19816498577609,20.19816498577609,1
chronos_bolt__experiment_config.instance_normalization-none__pipeline_config.raw_inference.completed_at-2026-09-26T15_52_22.640518_00_00,1,25.754292327967853,25.754292327967853,25.754292327967853,1
chronos_bolt__experiment_config.instance_normalization-zscore__pipeline_config.raw_inference.completed_at-2026-09-27T15_16_09.287984_00_00,1,25.754291609114198,25.754291609114198,25.754291609114198,1
chronos_bolt__experiment_config.instance_normalization-none__pipeline_config.raw_inference.completed_at-2026-09-26T15_52_20.891228_00_00,1,37.40784459133457,37.40784459133457,37.40784459133457,1
chronos_bolt__experiment_config.instance_normalization-zscore__pipeline_config.raw_inference.completed_at-2026-09-27T15_16_07.501690_00_00,1,37.407844927543586,37.407844927543586,37.407844927543586,1
ts_icl__experiment_config.instance_normalization-none__pipeline_config.raw_inference.completed_at-2026-09-26T16_13_54.542217_00_00,1,22.110535790181796,22.110535790181796,22.110535790181796,1
ts_icl__experiment_config.instance_normalization-zscore__pipeline_config.raw_inference.completed_at-2026-09-27T14_43_36.296485_00_00,1,22.110536796639323,22.110536796639323,22.110536796639323,1
ts_icl__experiment_config.instance_normalization-none__pipeline_config.raw_inference.completed_at-2026-09-26T16_13_53.280812_00_00,1,28.63076542303794,28.63076542303794,28.63076542303794,1
ts_icl__experiment_config.instance_normalization-zscore__pipeline_config.raw_inference.completed_at-2026-09-27T14_43_35.072985_00_00,1,28.63076643769935,28.63076643769935,28.63076643769935,1
ts_icl__experiment_config.instance_normalization-none__pipeline_config.raw_inference.completed_at-2026-09-26T16_13_49.181705_00_00,1,38.605665684882084,38.605665684882084,38.605665684882084,1
ts_icl__experiment_config.instance_normalization-zscore__pipeline_config.raw_inference.completed_at-2026-09-27T14_43_30.910336_00_00,1,38.60566463751785,38.60566463751785,38.60566463751785,1
chronos2__experiment_config.instance_normalization-none__pipeline_config.raw_inference.completed_at-2026-09-26T15_53_11.055192_00_00,1,36.65834352258012,36.65834352258012,36.65834352258012,1
chronos2__experiment_config.instance_normalization-zscore__pipeline_config.raw_inference.completed_at-2026-09-27T14_13_55.527929_00_00,1,36.65834297640708,36.65834297640708,36.65834297640708,1
chronos2__experiment_config.instance_normalization-none__pipeline_config.raw_inference.completed_at-2026-09-26T15_53_10.748185_00_00,1,31.4799250690305,31.4799250690305,31.4799250690305,1
chronos2__experiment_config.instance_normalization-zscore__pipeline_config.raw_inference.completed_at-2026-09-27T14_13_55.224984_00_00,1,31.479920705902963,31.479920705902963,31.479920705902963,1
chronos2__experiment_config.instance_normalization-none__pipeline_config.raw_inference.completed_at-2026-09-26T15_53_10.265308_00_00,1,48.57820089499475,48.57820089499475,48.57820089499475,1
chronos2__experiment_config.instance_normalization-zscore__pipeline_config.raw_inference.completed_at-2026-09-27T14_13_54.734414_00_00,1,48.57819970016513,48.57819970016513,48.57819970016513,1
chronos_bolt__experiment_config.instance_normalization-none__pipeline_config.raw_inference.completed_at-2026-09-26T15_54_13.144229_00_00,1,31.980899137281572,31.980899137281572,31.980899137281572,1
chronos_bolt__experiment_config.instance_normalization-zscore__pipeline_config.raw_inference.completed_at-2026-09-27T15_18_03.619889_00_00,1,31.980899927425423,31.980899927425423,31.980899927425423,1
chronos_bolt__experiment_config.instance_normalization-none__pipeline_config.raw_inference.completed_at-2026-09-26T15_54_12.688321_00_00,1,23.69949150173233,23.69949150173233,23.69949150173233,1
chronos_bolt__experiment_config.instance_normalization-zscore__pipeline_config.raw_inference.completed_at-2026-09-27T15_18_03.161930_00_00,1,23.69949026268715,23.69949026268715,23.69949026268715,1
chronos_bolt__experiment_config.instance_normalization-none__pipeline_config.raw_inference.completed_at-2026-09-26T15_54_12.227336_00_00,1,43.06478041605018,43.06478041605018,43.06478041605018,1
chronos_bolt__experiment_config.instance_normalization-zscore__pipeline_config.raw_inference.completed_at-2026-09-27T15_18_02.632370_00_00,1,43.0647816291154,43.0647816291154,43.0647816291154,1
ts_icl__experiment_config.instance_normalization-none__pipeline_config.raw_inference.completed_at-2026-09-26T16_21_31.124155_00_00,1,35.34508129712612,35.34508129712612,35.34508129712612,1
ts_icl__experiment_config.instance_normalization-zscore__pipeline_config.raw_inference.completed_at-2026-09-27T14_51_17.399334_00_00,1,35.345082320771546,35.345082320771546,35.345082320771546,1
ts_icl__experiment_config.instance_normalization-none__pipeline_config.raw_inference.completed_at-2026-09-26T16_21_30.587111_00_00,1,33.66125917645424,33.66125917645424,33.66125917645424,1
ts_icl__experiment_config.instance_normalization-zscore__pipeline_config.raw_inference.completed_at-2026-09-27T14_51_16.851523_00_00,1,33.66125725577325,33.66125725577325,33.66125725577325,1
ts_icl__experiment_config.instance_normalization-none__pipeline_config.raw_inference.completed_at-2026-09-26T16_21_29.290215_00_00,1,44.208262444572945,44.208262444572945,44.208262444572945,1
ts_icl__experiment_config.instance_normalization-zscore__pipeline_config.raw_inference.completed_at-2026-09-27T14_51_15.536209_00_00,1,44.208260355425246,44.208260355425246,44.208260355425246,1
chronos2__experiment_config.instance_normalization-none__pipeline_config.raw_inference.completed_at-2026-09-26T15_54_02.005414_00_00,1,36.47498213958512,36.47498213958512,36.47498213958512,1
chronos2__experiment_config.instance_normalization-zscore__pipeline_config.raw_inference.completed_at-2026-09-27T14_14_46.480284_00_00,1,36.47497814770635,36.47497814770635,36.47497814770635,1
chronos_bolt__experiment_config.instance_normalization-none__pipeline_config.raw_inference.completed_at-2026-09-26T15_55_07.075343_00_00,1,31.730074967483468,31.730074967483468,31.730074967483468,1
chronos_bolt__experiment_config.instance_normalization-zscore__pipeline_config.raw_inference.completed_at-2026-09-27T15_18_56.844304_00_00,1,31.730075336169428,31.730075336169428,31.730075336169428,1
ts_icl__experiment_config.instance_normalization-none__pipeline_config.raw_inference.completed_at-2026-09-26T16_22_49.277269_00_00,1,29.835817574925837,29.835817574925837,29.835817574925837,1
ts_icl__experiment_config.instance_normalization-zscore__pipeline_config.raw_inference.completed_at-2026-09-27T14_52_34.909914_00_00,1,29.835814828024287,29.835814828024287,29.835814828024287,1
chronos2__experiment_config.instance_normalization-none__pipeline_config.raw_inference.completed_at-2026-09-26T15_56_21.042709_00_00,1,23.29005950256847,23.29005950256847,23.29005950256847,1
chronos2__experiment_config.instance_normalization-zscore__pipeline_config.raw_inference.completed_at-2026-09-27T14_17_06.646509_00_00,1,23.290062686555412,23.290062686555412,23.290062686555412,1
chronos_bolt__experiment_config.instance_normalization-none__pipeline_config.raw_inference.completed_at-2026-09-26T15_57_25.251262_00_00,1,15.695315899678874,15.695315899678874,15.695315899678874,1
chronos_bolt__experiment_config.instance_normalization-zscore__pipeline_config.raw_inference.completed_at-2026-09-27T15_21_14.125091_00_00,1,15.695317173081659,15.695317173081659,15.695317173081659,1
ts_icl__experiment_config.instance_normalization-none__pipeline_config.raw_inference.completed_at-2026-09-26T16_24_41.799969_00_00,1,17.520666895182423,17.520666895182423,17.520666895182423,1
ts_icl__experiment_config.instance_normalization-zscore__pipeline_config.raw_inference.completed_at-2026-09-27T14_54_27.391522_00_00,1,17.52067003978749,17.52067003978749,17.52067003978749,1
chronos2__experiment_config.instance_normalization-none__pipeline_config.raw_inference.completed_at-2026-09-26T15_55_06.641830_00_00,1,22.539982975925245,22.539982975925245,22.539982975925245,1
chronos2__experiment_config.instance_normalization-zscore__pipeline_config.raw_inference.completed_at-2026-09-27T14_15_51.833518_00_00,1,22.540003355416005,22.540003355416005,22.540003355416005,1
chronos_bolt__experiment_config.instance_normalization-none__pipeline_config.raw_inference.completed_at-2026-09-26T15_56_07.298844_00_00,1,22.80142633483788,22.80142633483788,22.80142633483788,1
chronos_bolt__experiment_config.instance_normalization-zscore__pipeline_config.raw_inference.completed_at-2026-09-27T15_19_57.420759_00_00,1,22.801423520438302,22.801423520438302,22.801423520438302,1
ts_icl__experiment_config.instance_normalization-none__pipeline_config.raw_inference.completed_at-2026-09-26T16_23_59.040212_00_00,1,24.062833563279852,24.062833563279852,24.062833563279852,1
ts_icl__experiment_config.instance_normalization-zscore__pipeline_config.raw_inference.completed_at-2026-09-27T14_53_44.668095_00_00,1,24.06284346896016,24.06284346896016,24.06284346896016,1
chronos2__experiment_config.instance_normalization-none__pipeline_config.raw_inference.completed_at-2026-09-26T15_55_15.950479_00_00,1,46.35673492575768,46.35673492575768,46.35673492575768,1
chronos2__experiment_config.instance_normalization-zscore__pipeline_config.raw_inference.completed_at-2026-09-27T14_16_01.147695_00_00,1,46.35673108539636,46.35673108539636,46.35673108539636,1
chronos_bolt__experiment_config.instance_normalization-none__pipeline_config.raw_inference.completed_at-2026-09-26T15_56_16.748087_00_00,1,37.38445267646606,37.38445267646606,37.38445267646606,1
chronos_bolt__experiment_config.instance_normalization-zscore__pipeline_config.raw_inference.completed_at-2026-09-27T15_20_06.856868_00_00,1,37.38444910702121,37.38444910702121,37.38444910702121,1
ts_icl__experiment_config.instance_normalization-none__pipeline_config.raw_inference.completed_at-2026-09-26T16_24_03.718436_00_00,1,36.80663984413092,36.80663984413092,36.80663984413092,1
ts_icl__experiment_config.instance_normalization-zscore__pipeline_config.raw_inference.completed_at-2026-09-27T14_53_49.336156_00_00,1,36.8066315809839,36.8066315809839,36.8066315809839,1
chronos2__experiment_config.instance_normalization-none__pipeline_config.raw_inference.completed_at-2026-09-26T15_54_47.983176_00_00,1,-15.522320267793944,-15.522320267793944,-15.522320267793944,1
chronos2__experiment_config.instance_normalization-zscore__pipeline_config.raw_inference.completed_at-2026-09-27T14_15_32.471755_00_00,1,-15.522387450724718,-15.522387450724718,-15.522387450724718,1
chronos_bolt__experiment_config.instance_normalization-none__pipeline_config.raw_inference.completed_at-2026-09-26T15_55_48.059660_00_00,1,-52.376671337718285,-52.376671337718285,-52.376671337718285,1
chronos_bolt__experiment_config.instance_normalization-zscore__pipeline_config.raw_inference.completed_at-2026-09-27T15_19_38.589649_00_00,1,-52.376697441823225,-52.376697441823225,-52.376697441823225,1
ts_icl__experiment_config.instance_normalization-none__pipeline_config.raw_inference.completed_at-2026-09-26T16_23_50.018373_00_00,1,-3.75183449451717,-3.75183449451717,-3.75183449451717,1
ts_icl__experiment_config.instance_normalization-zscore__pipeline_config.raw_inference.completed_at-2026-09-27T14_53_35.681148_00_00,1,-3.751914533440859,-3.751914533440859,-3.751914533440859,1
chronos2__experiment_config.instance_normalization-none__pipeline_config.raw_inference.completed_at-2026-09-26T15_59_17.220077_00_00,1,23.029683960459234,23.029683960459234,23.029683960459234,1
chronos2__experiment_config.instance_normalization-zscore__pipeline_config.raw_inference.completed_at-2026-09-27T14_20_00.483219_00_00,1,23.029684227483994,23.029684227483994,23.029684227483994,1
chronos2__experiment_config.instance_normalization-none__pipeline_config.raw_inference.completed_at-2026-09-26T15_59_16.828646_00_00,1,23.72804991114953,23.72804991114953,23.72804991114953,1
chronos2__experiment_config.instance_normalization-zscore__pipeline_config.raw_inference.completed_at-2026-09-27T14_20_00.089181_00_00,1,23.72805034762632,23.72805034762632,23.72805034762632,1
chronos2__experiment_config.instance_normalization-none__pipeline_config.raw_inference.completed_at-2026-09-26T15_59_16.297649_00_00,1,29.865755723548194,29.865755723548194,29.865755723548194,1
chronos2__experiment_config.instance_normalization-zscore__pipeline_config.raw_inference.completed_at-2026-09-27T14_19_59.554411_00_00,1,29.865755526393823,29.865755526393823,29.865755526393823,1
chronos_bolt__experiment_config.instance_normalization-none__pipeline_config.raw_inference.completed_at-2026-09-26T16_07_48.889946_00_00,1,20.013073366889454,20.013073366889454,20.013073366889454,1
chronos_bolt__experiment_config.instance_normalization-zscore__pipeline_config.raw_inference.completed_at-2026-09-27T15_31_41.762863_00_00,1,20.013070506537765,20.013070506537765,20.013070506537765,1
chronos_bolt__experiment_config.instance_normalization-none__pipeline_config.raw_inference.completed_at-2026-09-26T16_07_47.396009_00_00,1,19.68061996191596,19.68061996191596,19.68061996191596,1
chronos_bolt__experiment_config.instance_normalization-zscore__pipeline_config.raw_inference.completed_at-2026-09-27T15_31_40.252745_00_00,1,19.680619202389828,19.680619202389828,19.680619202389828,1
chronos_bolt__experiment_config.instance_normalization-none__pipeline_config.raw_inference.completed_at-2026-09-26T16_07_45.846542_00_00,1,25.565582484435456,25.565582484435456,25.565582484435456,1
chronos_bolt__experiment_config.instance_normalization-zscore__pipeline_config.raw_inference.completed_at-2026-09-27T15_31_38.691862_00_00,1,25.565581948743667,25.565581948743667,25.565581948743667,1
ts_icl__experiment_config.instance_normalization-none__pipeline_config.raw_inference.completed_at-2026-09-26T16_32_46.568368_00_00,1,19.651713366133205,19.651713366133205,19.651713366133205,1
ts_icl__experiment_config.instance_normalization-zscore__pipeline_config.raw_inference.completed_at-2026-09-27T15_02_35.033558_00_00,1,19.651712720802006,19.651712720802006,19.651712720802006,1
ts_icl__experiment_config.instance_normalization-none__pipeline_config.raw_inference.completed_at-2026-09-26T16_32_45.727670_00_00,1,20.352576937461308,20.352576937461308,20.352576937461308,1
ts_icl__experiment_config.instance_normalization-zscore__pipeline_config.raw_inference.completed_at-2026-09-27T15_02_34.199364_00_00,1,20.352577627836144,20.352577627836144,20.352577627836144,1
ts_icl__experiment_config.instance_normalization-none__pipeline_config.raw_inference.completed_at-2026-09-26T16_32_44.445985_00_00,1,26.252579645569764,26.252579645569764,26.252579645569764,1
ts_icl__experiment_config.instance_normalization-zscore__pipeline_config.raw_inference.completed_at-2026-09-27T15_02_32.906347_00_00,1,26.252579519883657,26.252579519883657,26.252579519883657,1
chronos2__experiment_config.instance_normalization-none__pipeline_config.raw_inference.completed_at-2026-09-26T15_50_11.706461_00_00,1,9.57930272595674,9.57930272595674,9.57930272595674,1
chronos2__experiment_config.instance_normalization-zscore__pipeline_config.raw_inference.completed_at-2026-09-27T14_10_56.426652_00_00,1,9.579302667741285,9.579302667741285,9.579302667741285,1
chronos2__experiment_config.instance_normalization-none__pipeline_config.raw_inference.completed_at-2026-09-26T15_50_11.329123_00_00,1,18.397161924173734,18.397161924173734,18.397161924173734,1
chronos2__experiment_config.instance_normalization-zscore__pipeline_config.raw_inference.completed_at-2026-09-27T14_10_56.055165_00_00,1,18.397154122432337,18.397154122432337,18.397154122432337,1
chronos2__experiment_config.instance_normalization-none__pipeline_config.raw_inference.completed_at-2026-09-26T15_50_10.856785_00_00,1,40.34509483895646,40.34509483895646,40.34509483895646,1
chronos2__experiment_config.instance_normalization-zscore__pipeline_config.raw_inference.completed_at-2026-09-27T14_10_55.577377_00_00,1,40.34508470386036,40.34508470386036,40.34508470386036,1
chronos_bolt__experiment_config.instance_normalization-none__pipeline_config.raw_inference.completed_at-2026-09-26T15_51_21.235337_00_00,1,5.295930270494697,5.295930270494697,5.295930270494697,1
chronos_bolt__experiment_config.instance_normalization-zscore__pipeline_config.raw_inference.completed_at-2026-09-27T15_15_07.274686_00_00,1,5.2959362078130345,5.2959362078130345,5.2959362078130345,1
chronos_bolt__experiment_config.instance_normalization-none__pipeline_config.raw_inference.completed_at-2026-09-26T15_51_20.880163_00_00,1,13.805066452534298,13.805066452534298,13.805066452534298,1
chronos_bolt__experiment_config.instance_normalization-zscore__pipeline_config.raw_inference.completed_at-2026-09-27T15_15_06.908470_00_00,1,13.805067611771504,13.805067611771504,13.805067611771504,1
chronos_bolt__experiment_config.instance_normalization-none__pipeline_config.raw_inference.completed_at-2026-09-26T15_51_20.362300_00_00,1,35.921586721940834,35.921586721940834,35.921586721940834,1
chronos_bolt__experiment_config.instance_normalization-zscore__pipeline_config.raw_inference.completed_at-2026-09-27T15_15_06.382527_00_00,1,35.92158581585778,35.92158581585778,35.92158581585778,1
ts_icl__experiment_config.instance_normalization-none__pipeline_config.raw_inference.completed_at-2026-09-26T16_11_51.810372_00_00,1,11.015743475830142,11.015743475830142,11.015743475830142,1
ts_icl__experiment_config.instance_normalization-zscore__pipeline_config.raw_inference.completed_at-2026-09-27T14_41_32.118246_00_00,1,11.015729948127484,11.015729948127484,11.015729948127484,1
ts_icl__experiment_config.instance_normalization-none__pipeline_config.raw_inference.completed_at-2026-09-26T16_11_51.007506_00_00,1,18.55253178752523,18.55253178752523,18.55253178752523,1
ts_icl__experiment_config.instance_normalization-zscore__pipeline_config.raw_inference.completed_at-2026-09-27T14_41_31.294688_00_00,1,18.55253725339,18.55253725339,18.55253725339,1
ts_icl__experiment_config.instance_normalization-none__pipeline_config.raw_inference.completed_at-2026-09-26T16_11_49.521143_00_00,1,38.70904827219851,38.70904827219851,38.70904827219851,1
ts_icl__experiment_config.instance_normalization-zscore__pipeline_config.raw_inference.completed_at-2026-09-27T14_41_29.792647_00_00,1,38.709055244863166,38.709055244863166,38.709055244863166,1
chronos2__experiment_config.instance_normalization-none__pipeline_config.raw_inference.completed_at-2026-09-26T15_54_38.621987_00_00,1,13.309816109116902,13.309816109116902,13.309816109116902,1
chronos2__experiment_config.instance_normalization-zscore__pipeline_config.raw_inference.completed_at-2026-09-27T14_15_23.041376_00_00,1,13.309819359387653,13.309819359387653,13.309819359387653,1
chronos_bolt__experiment_config.instance_normalization-none__pipeline_config.raw_inference.completed_at-2026-09-26T15_55_38.573670_00_00,1,8.235894153432566,8.235894153432566,8.235894153432566,1
chronos_bolt__experiment_config.instance_normalization-zscore__pipeline_config.raw_inference.completed_at-2026-09-27T15_19_29.071961_00_00,1,8.235894002427225,8.235894002427225,8.235894002427225,1
ts_icl__experiment_config.instance_normalization-none__pipeline_config.raw_inference.completed_at-2026-09-26T16_23_45.381839_00_00,1,13.3061955042985,13.3061955042985,13.3061955042985,1
ts_icl__experiment_config.instance_normalization-zscore__pipeline_config.raw_inference.completed_at-2026-09-27T14_53_31.159490_00_00,1,13.306194521644098,13.306194521644098,13.306194521644098,1
chronos2__experiment_config.instance_normalization-none__pipeline_config.raw_inference.completed_at-2026-09-26T15_56_39.615774_00_00,1,62.46620584775099,62.46620584775099,62.46620584775099,1
chronos2__experiment_config.instance_normalization-zscore__pipeline_config.raw_inference.completed_at-2026-09-27T14_17_25.127440_00_00,1,62.46620610342,62.46620610342,62.46620610342,1
chronos_bolt__experiment_config.instance_normalization-none__pipeline_config.raw_inference.completed_at-2026-09-26T15_57_44.023468_00_00,1,61.8341852289388,61.8341852289388,61.8341852289388,1
chronos_bolt__experiment_config.instance_normalization-zscore__pipeline_config.raw_inference.completed_at-2026-09-27T15_21_33.110682_00_00,1,61.834185713276504,61.834185713276504,61.834185713276504,1
ts_icl__experiment_config.instance_normalization-none__pipeline_config.raw_inference.completed_at-2026-09-26T16_24_51.108817_00_00,1,60.31989663046862,60.31989663046862,60.31989663046862,1
ts_icl__experiment_config.instance_normalization-zscore__pipeline_config.raw_inference.completed_at-2026-09-27T14_54_36.702080_00_00,1,60.3199029597499,60.3199029597499,60.3199029597499,1
chronos2__experiment_config.instance_normalization-none__pipeline_config.raw_inference.completed_at-2026-09-26T15_51_01.033165_00_00,1,28.82169389800634,28.82169389800634,28.82169389800634,1
chronos2__experiment_config.instance_normalization-zscore__pipeline_config.raw_inference.completed_at-2026-09-27T14_11_44.674728_00_00,1,28.82169264707367,28.82169264707367,28.82169264707367,1
chronos2__experiment_config.instance_normalization-none__pipeline_config.raw_inference.completed_at-2026-09-26T15_50_59.789761_00_00,1,43.236430143125446,43.236430143125446,43.236430143125446,1
chronos2__experiment_config.instance_normalization-zscore__pipeline_config.raw_inference.completed_at-2026-09-27T14_11_43.411799_00_00,1,43.236430258954094,43.236430258954094,43.236430258954094,1
chronos2__experiment_config.instance_normalization-none__pipeline_config.raw_inference.completed_at-2026-09-26T15_50_56.705854_00_00,1,62.55441678721358,62.55441678721358,62.55441678721358,1
chronos2__experiment_config.instance_normalization-zscore__pipeline_config.raw_inference.completed_at-2026-09-27T14_11_40.244871_00_00,1,62.55441746068284,62.55441746068284,62.55441746068284,1
chronos_bolt__experiment_config.instance_normalization-none__pipeline_config.raw_inference.completed_at-2026-09-26T15_52_10.540675_00_00,1,12.241098607873457,12.241098607873457,12.241098607873457,1
chronos_bolt__experiment_config.instance_normalization-zscore__pipeline_config.raw_inference.completed_at-2026-09-27T15_15_56.897838_00_00,1,12.241103126363505,12.241103126363505,12.241103126363505,1
chronos_bolt__experiment_config.instance_normalization-none__pipeline_config.raw_inference.completed_at-2026-09-26T15_52_04.973736_00_00,1,29.81479392763795,29.81479392763795,29.81479392763795,1
chronos_bolt__experiment_config.instance_normalization-zscore__pipeline_config.raw_inference.completed_at-2026-09-27T15_15_51.271780_00_00,1,29.814794883957617,29.814794883957617,29.814794883957617,1
chronos_bolt__experiment_config.instance_normalization-none__pipeline_config.raw_inference.completed_at-2026-09-26T15_51_59.733636_00_00,1,55.046415579498095,55.046415579498095,55.046415579498095,1
chronos_bolt__experiment_config.instance_normalization-zscore__pipeline_config.raw_inference.completed_at-2026-09-27T15_15_45.938920_00_00,1,55.046416616582206,55.046416616582206,55.046416616582206,1
ts_icl__experiment_config.instance_normalization-none__pipeline_config.raw_inference.completed_at-2026-09-26T16_13_30.673581_00_00,1,22.6679174141603,22.6679174141603,22.6679174141603,1
ts_icl__experiment_config.instance_normalization-zscore__pipeline_config.raw_inference.completed_at-2026-09-27T14_43_12.146350_00_00,1,22.667915929370665,22.667915929370665,22.667915929370665,1
ts_icl__experiment_config.instance_normalization-none__pipeline_config.raw_inference.completed_at-2026-09-26T16_13_26.362732_00_00,1,36.9026102525503,36.9026102525503,36.9026102525503,1
ts_icl__experiment_config.instance_normalization-zscore__pipeline_config.raw_inference.completed_at-2026-09-27T14_43_07.776081_00_00,1,36.902610561863,36.902610561863,36.902610561863,1
ts_icl__experiment_config.instance_normalization-none__pipeline_config.raw_inference.completed_at-2026-09-26T16_13_14.902402_00_00,1,58.48360985122238,58.48360985122238,58.48360985122238,1
ts_icl__experiment_config.instance_normalization-zscore__pipeline_config.raw_inference.completed_at-2026-09-27T14_42_56.129078_00_00,1,58.483610046287396,58.483610046287396,58.483610046287396,1
chronos2__experiment_config.instance_normalization-none__pipeline_config.raw_inference.completed_at-2026-09-26T15_53_23.611682_00_00,1,30.92090553224803,30.92090553224803,30.92090553224803,1
chronos2__experiment_config.instance_normalization-zscore__pipeline_config.raw_inference.completed_at-2026-09-27T14_14_08.041270_00_00,1,30.92090555198208,30.92090555198208,30.92090555198208,1
chronos_bolt__experiment_config.instance_normalization-none__pipeline_config.raw_inference.completed_at-2026-09-26T15_54_26.337432_00_00,1,30.580897551364473,30.580897551364473,30.580897551364473,1
chronos_bolt__experiment_config.instance_normalization-zscore__pipeline_config.raw_inference.completed_at-2026-09-27T15_18_17.080789_00_00,1,30.580897520395222,30.580897520395222,30.580897520395222,1
ts_icl__experiment_config.instance_normalization-none__pipeline_config.raw_inference.completed_at-2026-09-26T16_22_17.175763_00_00,1,30.41149333270119,30.41149333270119,30.41149333270119,1
ts_icl__experiment_config.instance_normalization-zscore__pipeline_config.raw_inference.completed_at-2026-09-27T14_52_03.390921_00_00,1,30.411493509653486,30.411493509653486,30.411493509653486,1
chronos2__experiment_config.instance_normalization-none__pipeline_config.raw_inference.completed_at-2026-09-26T15_53_33.873091_00_00,1,20.112668866798376,20.112668866798376,20.112668866798376,1
chronos2__experiment_config.instance_normalization-zscore__pipeline_config.raw_inference.completed_at-2026-09-27T14_14_18.353717_00_00,1,20.112669072051236,20.112669072051236,20.112669072051236,1
chronos_bolt__experiment_config.instance_normalization-none__pipeline_config.raw_inference.completed_at-2026-09-26T15_54_37.367123_00_00,1,19.69330734560518,19.69330734560518,19.69330734560518,1
chronos_bolt__experiment_config.instance_normalization-zscore__pipeline_config.raw_inference.completed_at-2026-09-27T15_18_28.028645_00_00,1,19.69330737845585,19.69330737845585,19.69330737845585,1
ts_icl__experiment_config.instance_normalization-none__pipeline_config.raw_inference.completed_at-2026-09-26T16_22_31.377150_00_00,1,19.23812000826599,19.23812000826599,19.23812000826599,1
ts_icl__experiment_config.instance_normalization-zscore__pipeline_config.raw_inference.completed_at-2026-09-27T14_52_17.607370_00_00,1,19.238120284141825,19.238120284141825,19.238120284141825,1
chronos2__experiment_config.instance_normalization-none__pipeline_config.raw_inference.completed_at-2026-09-26T15_52_59.550091_00_00,1,44.48976966775668,44.48976966775668,44.48976966775668,1
chronos2__experiment_config.instance_normalization-zscore__pipeline_config.raw_inference.completed_at-2026-09-27T14_13_43.945921_00_00,1,44.489769553277135,44.489769553277135,44.489769553277135,1
chronos2__experiment_config.instance_normalization-none__pipeline_config.raw_inference.completed_at-2026-09-26T15_52_55.794388_00_00,1,44.1924030554742,44.1924030554742,44.1924030554742,1
chronos2__experiment_config.instance_normalization-zscore__pipeline_config.raw_inference.completed_at-2026-09-27T14_13_40.138598_00_00,1,44.192403250487324,44.192403250487324,44.192403250487324,1
chronos2__experiment_config.instance_normalization-none__pipeline_config.raw_inference.completed_at-2026-09-26T15_52_38.199887_00_00,1,60.71872142175214,60.71872142175214,60.71872142175214,1
chronos2__experiment_config.instance_normalization-zscore__pipeline_config.raw_inference.completed_at-2026-09-27T14_13_22.374683_00_00,1,60.71872172647449,60.71872172647449,60.71872172647449,1
chronos_bolt__experiment_config.instance_normalization-none__pipeline_config.raw_inference.completed_at-2026-09-26T15_54_01.859387_00_00,1,25.787269984223826,25.787269984223826,25.787269984223826,1
chronos_bolt__experiment_config.instance_normalization-zscore__pipeline_config.raw_inference.completed_at-2026-09-27T15_17_50.923566_00_00,1,25.78727943099559,25.78727943099559,25.78727943099559,1
chronos_bolt__experiment_config.instance_normalization-none__pipeline_config.raw_inference.completed_at-2026-09-26T15_53_27.734483_00_00,1,35.49103918598949,35.49103918598949,35.49103918598949,1
chronos_bolt__experiment_config.instance_normalization-zscore__pipeline_config.raw_inference.completed_at-2026-09-27T15_17_16.553395_00_00,1,35.49103916940013,35.49103916940013,35.49103916940013,1
chronos_bolt__experiment_config.instance_normalization-none__pipeline_config.raw_inference.completed_at-2026-09-26T15_52_56.939323_00_00,1,56.77377480437055,56.77377480437055,56.77377480437055,1
chronos_bolt__experiment_config.instance_normalization-zscore__pipeline_config.raw_inference.completed_at-2026-09-27T15_16_45.257093_00_00,1,56.773775007217864,56.773775007217864,56.773775007217864,1
ts_icl__experiment_config.instance_normalization-none__pipeline_config.raw_inference.completed_at-2026-09-26T16_21_13.726040_00_00,1,35.7155696883102,35.7155696883102,35.7155696883102,1
ts_icl__experiment_config.instance_normalization-zscore__pipeline_config.raw_inference.completed_at-2026-09-27T14_50_59.972772_00_00,1,35.71556883450923,35.71556883450923,35.71556883450923,1
ts_icl__experiment_config.instance_normalization-none__pipeline_config.raw_inference.completed_at-2026-09-26T16_21_01.989257_00_00,1,33.834353681291496,33.834353681291496,33.834353681291496,1
ts_icl__experiment_config.instance_normalization-zscore__pipeline_config.raw_inference.completed_at-2026-09-27T14_50_48.184536_00_00,1,33.83435408154942,33.83435408154942,33.83435408154942,1
ts_icl__experiment_config.instance_normalization-none__pipeline_config.raw_inference.completed_at-2026-09-26T16_19_55.707136_00_00,1,56.94618592833245,56.94618592833245,56.94618592833245,1
ts_icl__experiment_config.instance_normalization-zscore__pipeline_config.raw_inference.completed_at-2026-09-27T14_49_41.503253_00_00,1,56.94618583360149,56.94618583360149,56.94618583360149,1
chronos2__experiment_config.instance_normalization-none__pipeline_config.raw_inference.completed_at-2026-09-26T15_50_00.474439_00_00,1,25.53027784095646,25.53027784095646,25.53027784095646,1
chronos2__experiment_config.instance_normalization-zscore__pipeline_config.raw_inference.completed_at-2026-09-27T14_10_45.786384_00_00,1,25.530277821500025,25.530277821500025,25.530277821500025,1
chronos2__experiment_config.instance_normalization-none__pipeline_config.raw_inference.completed_at-2026-09-26T15_49_59.800093_00_00,1,21.849530304927413,21.849530304927413,21.849530304927413,1
chronos2__experiment_config.instance_normalization-zscore__pipeline_config.raw_inference.completed_at-2026-09-27T14_10_45.108589_00_00,1,21.84953036199141,21.84953036199141,21.84953036199141,1
chronos2__experiment_config.instance_normalization-none__pipeline_config.raw_inference.completed_at-2026-09-26T15_49_58.583374_00_00,1,25.785975047241184,25.785975047241184,25.785975047241184,1
chronos2__experiment_config.instance_normalization-zscore__pipeline_config.raw_inference.completed_at-2026-09-27T14_10_43.931907_00_00,1,25.78597521961885,25.78597521961885,25.78597521961885,1
chronos_bolt__experiment_config.instance_normalization-none__pipeline_config.raw_inference.completed_at-2026-09-26T15_51_10.785196_00_00,1,23.601250133443973,23.601250133443973,23.601250133443973,1
chronos_bolt__experiment_config.instance_normalization-zscore__pipeline_config.raw_inference.completed_at-2026-09-27T15_14_56.688492_00_00,1,23.601250218299754,23.601250218299754,23.601250218299754,1
chronos_bolt__experiment_config.instance_normalization-none__pipeline_config.raw_inference.completed_at-2026-09-26T15_51_09.342246_00_00,1,17.909813899980275,17.909813899980275,17.909813899980275,1
chronos_bolt__experiment_config.instance_normalization-zscore__pipeline_config.raw_inference.completed_at-2026-09-27T15_14_55.226214_00_00,1,17.90981402025539,17.90981402025539,17.90981402025539,1
chronos_bolt__experiment_config.instance_normalization-none__pipeline_config.raw_inference.completed_at-2026-09-26T15_51_07.500172_00_00,1,23.201830345205998,23.201830345205998,23.201830345205998,1
chronos_bolt__experiment_config.instance_normalization-zscore__pipeline_config.raw_inference.completed_at-2026-09-27T15_14_53.343401_00_00,1,23.201830131423662,23.201830131423662,23.201830131423662,1
ts_icl__experiment_config.instance_normalization-none__pipeline_config.raw_inference.completed_at-2026-09-26T16_11_42.068261_00_00,1,25.764070311161014,25.764070311161014,25.764070311161014,1
ts_icl__experiment_config.instance_normalization-zscore__pipeline_config.raw_inference.completed_at-2026-09-27T14_41_22.587880_00_00,1,25.764070382079783,25.764070382079783,25.764070382079783,1
ts_icl__experiment_config.instance_normalization-none__pipeline_config.raw_inference.completed_at-2026-09-26T16_11_39.916630_00_00,1,21.501765641447424,21.501765641447424,21.501765641447424,1
ts_icl__experiment_config.instance_normalization-zscore__pipeline_config.raw_inference.completed_at-2026-09-27T14_41_20.403775_00_00,1,21.501765294321697,21.501765294321697,21.501765294321697,1
ts_icl__experiment_config.instance_normalization-none__pipeline_config.raw_inference.completed_at-2026-09-26T16_11_35.524471_00_00,1,25.143167279632706,25.143167279632706,25.143167279632706,1
ts_icl__experiment_config.instance_normalization-zscore__pipeline_config.raw_inference.completed_at-2026-09-27T14_41_15.996332_00_00,1,25.143167293242385,25.143167293242385,25.143167293242385,1
chronos2__experiment_config.instance_normalization-none__pipeline_config.raw_inference.completed_at-2026-09-26T15_49_44.402219_00_00,1,24.2591523008712,24.2591523008712,24.2591523008712,1
chronos2__experiment_config.instance_normalization-zscore__pipeline_config.raw_inference.completed_at-2026-09-27T14_10_32.180083_00_00,1,24.2591513499703,24.2591513499703,24.2591513499703,1
chronos2__experiment_config.instance_normalization-none__pipeline_config.raw_inference.completed_at-2026-09-26T15_49_42.699250_00_00,1,24.758639654822247,24.758639654822247,24.758639654822247,1
chronos2__experiment_config.instance_normalization-zscore__pipeline_config.raw_inference.completed_at-2026-09-27T14_10_30.495792_00_00,1,24.758638372453145,24.758638372453145,24.758638372453145,1
chronos2__experiment_config.instance_normalization-none__pipeline_config.raw_inference.completed_at-2026-09-26T15_49_39.685431_00_00,1,20.310753053688323,20.310753053688323,20.310753053688323,1
chronos2__experiment_config.instance_normalization-zscore__pipeline_config.raw_inference.completed_at-2026-09-27T14_10_27.488398_00_00,1,20.31075315118561,20.31075315118561,20.31075315118561,1
chronos_bolt__experiment_config.instance_normalization-none__pipeline_config.raw_inference.completed_at-2026-09-26T15_50_57.183615_00_00,1,21.726434227028847,21.726434227028847,21.726434227028847,1
chronos_bolt__experiment_config.instance_normalization-zscore__pipeline_config.raw_inference.completed_at-2026-09-27T15_14_43.000136_00_00,1,21.7264348552867,21.7264348552867,21.7264348552867,1
chronos_bolt__experiment_config.instance_normalization-none__pipeline_config.raw_inference.completed_at-2026-09-26T15_50_55.876369_00_00,1,22.734261212768825,22.734261212768825,22.734261212768825,1
chronos_bolt__experiment_config.instance_normalization-zscore__pipeline_config.raw_inference.completed_at-2026-09-27T15_14_41.644060_00_00,1,22.734261075189067,22.734261075189067,22.734261075189067,1
chronos_bolt__experiment_config.instance_normalization-none__pipeline_config.raw_inference.completed_at-2026-09-26T15_50_53.220168_00_00,1,18.56550203577366,18.56550203577366,18.56550203577366,1
chronos_bolt__experiment_config.instance_normalization-zscore__pipeline_config.raw_inference.completed_at-2026-09-27T15_14_38.890072_00_00,1,18.565502367094545,18.565502367094545,18.565502367094545,1
ts_icl__experiment_config.instance_normalization-none__pipeline_config.raw_inference.completed_at-2026-09-26T16_11_19.657416_00_00,1,23.685202469825484,23.685202469825484,23.685202469825484,1
ts_icl__experiment_config.instance_normalization-zscore__pipeline_config.raw_inference.completed_at-2026-09-27T14_41_00.363988_00_00,1,23.685203351053865,23.685203351053865,23.685203351053865,1
ts_icl__experiment_config.instance_normalization-none__pipeline_config.raw_inference.completed_at-2026-09-26T16_11_04.726473_00_00,1,24.09926048908444,24.09926048908444,24.09926048908444,1
ts_icl__experiment_config.instance_normalization-zscore__pipeline_config.raw_inference.completed_at-2026-09-27T14_40_45.373615_00_00,1,24.099260883599037,24.099260883599037,24.099260883599037,1
ts_icl__experiment_config.instance_normalization-none__pipeline_config.raw_inference.completed_at-2026-09-26T16_10_35.031952_00_00,1,20.126306053759013,20.126306053759013,20.126306053759013,1
ts_icl__experiment_config.instance_normalization-zscore__pipeline_config.raw_inference.completed_at-2026-09-27T14_40_15.560845_00_00,1,20.126306761019375,20.126306761019375,20.126306761019375,1
chronos2__experiment_config.instance_normalization-none__pipeline_config.raw_inference.completed_at-2026-09-26T15_59_05.721714_00_00,1,29.057471349705132,29.057471349705132,29.057471349705132,1
chronos2__experiment_config.instance_normalization-zscore__pipeline_config.raw_inference.completed_at-2026-09-27T14_19_49.137841_00_00,1,29.057471294992265,29.057471294992265,29.057471294992265,1
chronos2__experiment_config.instance_normalization-none__pipeline_config.raw_inference.completed_at-2026-09-26T15_59_05.052734_00_00,1,29.292491140075928,29.292491140075928,29.292491140075928,1
chronos2__experiment_config.instance_normalization-zscore__pipeline_config.raw_inference.completed_at-2026-09-27T14_19_48.464237_00_00,1,29.29249106822105,29.29249106822105,29.29249106822105,1
chronos2__experiment_config.instance_normalization-none__pipeline_config.raw_inference.completed_at-2026-09-26T15_59_03.772445_00_00,1,28.76243938877713,28.76243938877713,28.76243938877713,1
chronos2__experiment_config.instance_normalization-zscore__pipeline_config.raw_inference.completed_at-2026-09-27T14_19_47.167537_00_00,1,28.762439423400398,28.762439423400398,28.762439423400398,1
chronos_bolt__experiment_config.instance_normalization-none__pipeline_config.raw_inference.completed_at-2026-09-26T16_07_36.052058_00_00,1,28.78678633952384,28.78678633952384,28.78678633952384,1
chronos_bolt__experiment_config.instance_normalization-zscore__pipeline_config.raw_inference.completed_at-2026-09-27T15_31_28.764553_00_00,1,28.786786422815812,28.786786422815812,28.786786422815812,1
chronos_bolt__experiment_config.instance_normalization-none__pipeline_config.raw_inference.completed_at-2026-09-26T16_07_30.046027_00_00,1,29.018020980649062,29.018020980649062,29.018020980649062,1
chronos_bolt__experiment_config.instance_normalization-zscore__pipeline_config.raw_inference.completed_at-2026-09-27T15_31_22.640692_00_00,1,29.01802072464076,29.01802072464076,29.01802072464076,1
chronos_bolt__experiment_config.instance_normalization-none__pipeline_config.raw_inference.completed_at-2026-09-26T16_07_24.222941_00_00,1,28.241928527145244,28.241928527145244,28.241928527145244,1
chronos_bolt__experiment_config.instance_normalization-zscore__pipeline_config.raw_inference.completed_at-2026-09-27T15_31_16.836584_00_00,1,28.241928478748246,28.241928478748246,28.241928478748246,1
ts_icl__experiment_config.instance_normalization-none__pipeline_config.raw_inference.completed_at-2026-09-26T16_32_36.167971_00_00,1,28.9904812897992,28.9904812897992,28.9904812897992,1
ts_icl__experiment_config.instance_normalization-zscore__pipeline_config.raw_inference.completed_at-2026-09-27T15_02_24.587339_00_00,1,28.990481493640495,28.990481493640495,28.990481493640495,1
ts_icl__experiment_config.instance_normalization-none__pipeline_config.raw_inference.completed_at-2026-09-26T16_32_33.210606_00_00,1,29.20193238167663,29.20193238167663,29.20193238167663,1
ts_icl__experiment_config.instance_normalization-zscore__pipeline_config.raw_inference.completed_at-2026-09-27T15_02_21.603898_00_00,1,29.20193252851452,29.20193252851452,29.20193252851452,1
ts_icl__experiment_config.instance_normalization-none__pipeline_config.raw_inference.completed_at-2026-09-26T16_32_27.329224_00_00,1,28.679654108429474,28.679654108429474,28.679654108429474,1
ts_icl__experiment_config.instance_normalization-zscore__pipeline_config.raw_inference.completed_at-2026-09-27T15_02_15.670942_00_00,1,28.679654027798218,28.679654027798218,28.679654027798218,1
chronos2__experiment_config.instance_normalization-none__pipeline_config.raw_inference.completed_at-2026-09-26T15_56_49.384839_00_00,1,63.70647658105748,63.70647658105748,63.70647658105748,1
chronos2__experiment_config.instance_normalization-zscore__pipeline_config.raw_inference.completed_at-2026-09-27T14_17_34.914373_00_00,1,63.70647674258863,63.70647674258863,63.70647674258863,1
chronos_bolt__experiment_config.instance_normalization-none__pipeline_config.raw_inference.completed_at-2026-09-26T15_57_54.164063_00_00,1,59.777917834875005,59.777917834875005,59.777917834875005,1
chronos_bolt__experiment_config.instance_normalization-zscore__pipeline_config.raw_inference.completed_at-2026-09-27T15_21_43.220715_00_00,1,59.77791782677495,59.77791782677495,59.77791782677495,1
ts_icl__experiment_config.instance_normalization-none__pipeline_config.raw_inference.completed_at-2026-09-26T16_25_02.734529_00_00,1,59.98471513058955,59.98471513058955,59.98471513058955,1
ts_icl__experiment_config.instance_normalization-zscore__pipeline_config.raw_inference.completed_at-2026-09-27T14_54_48.384050_00_00,1,59.98471482534969,59.98471482534969,59.98471482534969,1
chronos2__experiment_config.instance_normalization-none__pipeline_config.raw_inference.completed_at-2026-09-26T15_56_59.410157_00_00,1,57.593385978354306,57.593385978354306,57.593385978354306,1
chronos2__experiment_config.instance_normalization-zscore__pipeline_config.raw_inference.completed_at-2026-09-27T14_17_44.941597_00_00,1,57.593385968857255,57.593385968857255,57.593385968857255,1
chronos_bolt__experiment_config.instance_normalization-none__pipeline_config.raw_inference.completed_at-2026-09-26T15_58_04.699286_00_00,1,54.43087748330924,54.43087748330924,54.43087748330924,1
chronos_bolt__experiment_config.instance_normalization-zscore__pipeline_config.raw_inference.completed_at-2026-09-27T15_21_53.759563_00_00,1,54.43087747221704,54.43087747221704,54.43087747221704,1
ts_icl__experiment_config.instance_normalization-none__pipeline_config.raw_inference.completed_at-2026-09-26T16_25_17.435025_00_00,1,53.77109385660381,53.77109385660381,53.77109385660381,1
ts_icl__experiment_config.instance_normalization-zscore__pipeline_config.raw_inference.completed_at-2026-09-27T14_55_03.203425_00_00,1,53.771093914793646,53.771093914793646,53.771093914793646,1
chronos2__experiment_config.instance_normalization-none__pipeline_config.raw_inference.completed_at-2026-09-26T15_55_25.157102_00_00,1,43.5024232414649,43.5024232414649,43.5024232414649,1
chronos2__experiment_config.instance_normalization-zscore__pipeline_config.raw_inference.completed_at-2026-09-27T14_16_10.547571_00_00,1,43.5024082305654,43.5024082305654,43.5024082305654,1
chronos_bolt__experiment_config.instance_normalization-none__pipeline_config.raw_inference.completed_at-2026-09-26T15_56_26.248635_00_00,1,46.61168658474792,46.61168658474792,46.61168658474792,1
chronos_bolt__experiment_config.instance_normalization-zscore__pipeline_config.raw_inference.completed_at-2026-09-27T15_20_16.599617_00_00,1,46.61168433695314,46.61168433695314,46.61168433695314,1
ts_icl__experiment_config.instance_normalization-none__pipeline_config.raw_inference.completed_at-2026-09-26T16_24_08.825830_00_00,1,49.819901385404904,49.819901385404904,49.819901385404904,1
ts_icl__experiment_config.instance_normalization-zscore__pipeline_config.raw_inference.completed_at-2026-09-27T14_53_54.452148_00_00,1,49.819897848671566,49.819897848671566,49.819897848671566,1
chronos2__experiment_config.instance_normalization-none__pipeline_config.raw_inference.completed_at-2026-09-26T15_54_27.831601_00_00,1,15.27381803506337,15.27381803506337,15.27381803506337,1
chronos2__experiment_config.instance_normalization-zscore__pipeline_config.raw_inference.completed_at-2026-09-27T14_15_12.216454_00_00,1,15.273816089005765,15.273816089005765,15.273816089005765,1
chronos_bolt__experiment_config.instance_normalization-none__pipeline_config.raw_inference.completed_at-2026-09-26T15_55_28.176860_00_00,1,10.916574871601181,10.916574871601181,10.916574871601181,1
chronos_bolt__experiment_config.instance_normalization-zscore__pipeline_config.raw_inference.completed_at-2026-09-27T15_19_18.598914_00_00,1,10.916575741140234,10.916575741140234,10.916575741140234,1
ts_icl__experiment_config.instance_normalization-none__pipeline_config.raw_inference.completed_at-2026-09-26T16_23_30.955745_00_00,1,13.323075085848469,13.323075085848469,13.323075085848469,1
ts_icl__experiment_config.instance_normalization-zscore__pipeline_config.raw_inference.completed_at-2026-09-27T14_53_16.873970_00_00,1,13.323072169561279,13.323072169561279,13.323072169561279,1
chronos2__experiment_config.instance_normalization-none__pipeline_config.raw_inference.completed_at-2026-09-26T15_54_57.246214_00_00,1,64.04313529264584,64.04313529264584,64.04313529264584,1
chronos2__experiment_config.instance_normalization-zscore__pipeline_config.raw_inference.completed_at-2026-09-27T14_15_41.838054_00_00,1,64.04313580709997,64.04313580709997,64.04313580709997,1
chronos_bolt__experiment_config.instance_normalization-none__pipeline_config.raw_inference.completed_at-2026-09-26T15_55_57.614904_00_00,1,57.15076788816618,57.15076788816618,57.15076788816618,1
chronos_bolt__experiment_config.instance_normalization-zscore__pipeline_config.raw_inference.completed_at-2026-09-27T15_19_48.015395_00_00,1,57.150768821083645,57.150768821083645,57.150768821083645,1
ts_icl__experiment_config.instance_normalization-none__pipeline_config.raw_inference.completed_at-2026-09-26T16_23_54.550901_00_00,1,64.22167312432587,64.22167312432587,64.22167312432587,1
ts_icl__experiment_config.instance_normalization-zscore__pipeline_config.raw_inference.completed_at-2026-09-27T14_53_40.229664_00_00,1,64.22165439649021,64.22165439649021,64.22165439649021,1
chronos2__experiment_config.instance_normalization-none__pipeline_config.raw_inference.completed_at-2026-09-26T15_56_30.337924_00_00,1,35.80574210220382,35.80574210220382,35.80574210220382,1
chronos2__experiment_config.instance_normalization-zscore__pipeline_config.raw_inference.completed_at-2026-09-27T14_17_15.959950_00_00,1,35.80574289227815,35.80574289227815,35.80574289227815,1
chronos_bolt__experiment_config.instance_normalization-none__pipeline_config.raw_inference.completed_at-2026-09-26T15_57_34.693765_00_00,1,40.59968093671399,40.59968093671399,40.59968093671399,1
chronos_bolt__experiment_config.instance_normalization-zscore__pipeline_config.raw_inference.completed_at-2026-09-27T15_21_23.683654_00_00,1,40.59968037220719,40.59968037220719,40.59968037220719,1
ts_icl__experiment_config.instance_normalization-none__pipeline_config.raw_inference.completed_at-2026-09-26T16_24_46.721344_00_00,1,38.825779347817644,38.825779347817644,38.825779347817644,1
ts_icl__experiment_config.instance_normalization-zscore__pipeline_config.raw_inference.completed_at-2026-09-27T14_54_32.321273_00_00,1,38.8257716419213,38.8257716419213,38.8257716419213,1
chronos2__experiment_config.instance_normalization-none__pipeline_config.raw_inference.completed_at-2026-09-26T15_55_34.412670_00_00,1,36.22682212539501,36.22682212539501,36.22682212539501,1
chronos2__experiment_config.instance_normalization-zscore__pipeline_config.raw_inference.completed_at-2026-09-27T14_16_20.027029_00_00,1,36.226823705611174,36.226823705611174,36.226823705611174,1
chronos_bolt__experiment_config.instance_normalization-none__pipeline_config.raw_inference.completed_at-2026-09-26T15_56_36.189832_00_00,1,27.083968260309042,27.083968260309042,27.083968260309042,1
chronos_bolt__experiment_config.instance_normalization-zscore__pipeline_config.raw_inference.completed_at-2026-09-27T15_20_26.421252_00_00,1,27.083972488274554,27.083972488274554,27.083972488274554,1
ts_icl__experiment_config.instance_normalization-none__pipeline_config.raw_inference.completed_at-2026-09-26T16_24_13.471230_00_00,1,28.71668184592234,28.71668184592234,28.71668184592234,1
ts_icl__experiment_config.instance_normalization-zscore__pipeline_config.raw_inference.completed_at-2026-09-27T14_53_59.097645_00_00,1,28.716677089120836,28.716677089120836,28.716677089120836,1
chronos2__experiment_config.instance_normalization-none__pipeline_config.raw_inference.completed_at-2026-09-26T15_56_11.762064_00_00,1,25.60714017340565,25.60714017340565,25.60714017340565,1
chronos2__experiment_config.instance_normalization-zscore__pipeline_config.raw_inference.completed_at-2026-09-27T14_16_57.402161_00_00,1,25.60713928888294,25.60713928888294,25.60713928888294,1
chronos_bolt__experiment_config.instance_normalization-none__pipeline_config.raw_inference.completed_at-2026-09-26T15_57_15.535235_00_00,1,21.703135109406436,21.703135109406436,21.703135109406436,1
chronos_bolt__experiment_config.instance_normalization-zscore__pipeline_config.raw_inference.completed_at-2026-09-27T15_21_04.313936_00_00,1,21.703135244251527,21.703135244251527,21.703135244251527,1
ts_icl__experiment_config.instance_normalization-none__pipeline_config.raw_inference.completed_at-2026-09-26T16_24_34.130643_00_00,1,24.415866906346963,24.415866906346963,24.415866906346963,1
ts_icl__experiment_config.instance_normalization-zscore__pipeline_config.raw_inference.completed_at-2026-09-27T14_54_19.654270_00_00,1,24.415863718449803,24.415863718449803,24.415863718449803,1
chronos2__experiment_config.instance_normalization-none__pipeline_config.raw_inference.completed_at-2026-09-26T15_43_43.625983_00_00,1,15.545816892512033,15.545816892512033,15.545816892512033,1
chronos2__experiment_config.instance_normalization-zscore__pipeline_config.raw_inference.completed_at-2026-09-27T14_04_29.549472_00_00,1,15.545815016230124,15.545815016230124,15.545815016230124,1
chronos2__experiment_config.instance_normalization-none__pipeline_config.raw_inference.completed_at-2026-09-26T15_43_42.011428_00_00,1,21.067697164729594,21.067697164729594,21.067697164729594,1
chronos2__experiment_config.instance_normalization-zscore__pipeline_config.raw_inference.completed_at-2026-09-27T14_04_27.915004_00_00,1,21.067696454044103,21.067696454044103,21.067696454044103,1
chronos2__experiment_config.instance_normalization-none__pipeline_config.raw_inference.completed_at-2026-09-26T15_43_37.521897_00_00,1,43.938169098121236,43.938169098121236,43.938169098121236,1
chronos2__experiment_config.instance_normalization-zscore__pipeline_config.raw_inference.completed_at-2026-09-27T14_04_23.375294_00_00,1,43.93816653094641,43.93816653094641,43.93816653094641,1
chronos_bolt__experiment_config.instance_normalization-none__pipeline_config.raw_inference.completed_at-2026-09-26T15_43_42.647011_00_00,1,5.759498879534108,5.759498879534108,5.759498879534108,1
chronos_bolt__experiment_config.instance_normalization-zscore__pipeline_config.raw_inference.completed_at-2026-09-27T13_55_29.610426_00_00,1,5.7594922787571505,5.7594922787571505,5.7594922787571505,1
chronos_bolt__experiment_config.instance_normalization-none__pipeline_config.raw_inference.completed_at-2026-09-26T15_43_34.471466_00_00,1,14.010609708808698,14.010609708808698,14.010609708808698,1
chronos_bolt__experiment_config.instance_normalization-zscore__pipeline_config.raw_inference.completed_at-2026-09-27T13_55_21.462890_00_00,1,14.010630957035985,14.010630957035985,14.010630957035985,1
chronos_bolt__experiment_config.instance_normalization-none__pipeline_config.raw_inference.completed_at-2026-09-26T15_43_26.091522_00_00,1,38.22049321927557,38.22049321927557,38.22049321927557,1
chronos_bolt__experiment_config.instance_normalization-zscore__pipeline_config.raw_inference.completed_at-2026-09-27T13_55_13.519905_00_00,1,38.220469282157865,38.220469282157865,38.220469282157865,1
ts_icl__experiment_config.instance_normalization-none__pipeline_config.raw_inference.completed_at-2026-09-26T15_45_01.873570_00_00,1,6.7729775924844855,6.7729775924844855,6.7729775924844855,1
ts_icl__experiment_config.instance_normalization-zscore__pipeline_config.raw_inference.completed_at-2026-09-27T14_14_38.739316_00_00,1,6.772991791561811,6.772991791561811,6.772991791561811,1
ts_icl__experiment_config.instance_normalization-none__pipeline_config.raw_inference.completed_at-2026-09-26T15_44_55.697653_00_00,1,7.962413436057936,7.962413436057936,7.962413436057936,1
ts_icl__experiment_config.instance_normalization-zscore__pipeline_config.raw_inference.completed_at-2026-09-27T14_14_32.507827_00_00,1,7.962415426868585,7.962415426868585,7.962415426868585,1
ts_icl__experiment_config.instance_normalization-none__pipeline_config.raw_inference.completed_at-2026-09-26T15_44_38.711832_00_00,1,38.01897138333145,38.01897138333145,38.01897138333145,1
ts_icl__experiment_config.instance_normalization-zscore__pipeline_config.raw_inference.completed_at-2026-09-27T14_14_15.389021_00_00,1,38.018968216024376,38.018968216024376,38.018968216024376,1
chronos2__experiment_config.instance_normalization-none__pipeline_config.raw_inference.completed_at-2026-09-26T15_57_57.227203_00_00,1,32.41062018687312,32.41062018687312,32.41062018687312,1
chronos2__experiment_config.instance_normalization-zscore__pipeline_config.raw_inference.completed_at-2026-09-27T14_18_42.985101_00_00,1,32.410620195039385,32.410620195039385,32.410620195039385,1
chronos_bolt__experiment_config.instance_normalization-none__pipeline_config.raw_inference.completed_at-2026-09-26T16_03_52.198815_00_00,1,24.034601804082346,24.034601804082346,24.034601804082346,1
chronos_bolt__experiment_config.instance_normalization-zscore__pipeline_config.raw_inference.completed_at-2026-09-27T15_27_43.290354_00_00,1,24.03460175136859,24.03460175136859,24.03460175136859,1
ts_icl__experiment_config.instance_normalization-none__pipeline_config.raw_inference.completed_at-2026-09-26T16_29_13.775290_00_00,1,29.33729826661007,29.33729826661007,29.33729826661007,1
ts_icl__experiment_config.instance_normalization-zscore__pipeline_config.raw_inference.completed_at-2026-09-27T14_59_01.860242_00_00,1,29.337298575930713,29.337298575930713,29.337298575930713,1
chronos2__experiment_config.instance_normalization-none__pipeline_config.raw_inference.completed_at-2026-09-26T15_58_37.436343_00_00,1,31.61705110502977,31.61705110502977,31.61705110502977,1
chronos2__experiment_config.instance_normalization-zscore__pipeline_config.raw_inference.completed_at-2026-09-27T14_19_21.604604_00_00,1,31.617051309568588,31.617051309568588,31.617051309568588,1
chronos_bolt__experiment_config.instance_normalization-none__pipeline_config.raw_inference.completed_at-2026-09-26T16_06_55.799472_00_00,1,20.092221411714018,20.092221411714018,20.092221411714018,1
chronos_bolt__experiment_config.instance_normalization-zscore__pipeline_config.raw_inference.completed_at-2026-09-27T15_30_48.832562_00_00,1,20.092221201418635,20.092221201418635,20.092221201418635,1
ts_icl__experiment_config.instance_normalization-none__pipeline_config.raw_inference.completed_at-2026-09-26T16_31_21.980707_00_00,1,26.91470403986196,26.91470403986196,26.91470403986196,1
ts_icl__experiment_config.instance_normalization-zscore__pipeline_config.raw_inference.completed_at-2026-09-27T15_01_09.441195_00_00,1,26.914703782187853,26.914703782187853,26.914703782187853,1
chronos2__experiment_config.instance_normalization-none__pipeline_config.raw_inference.completed_at-2026-09-26T15_58_51.103489_00_00,1,40.63496511863816,40.63496511863816,40.63496511863816,1
chronos2__experiment_config.instance_normalization-zscore__pipeline_config.raw_inference.completed_at-2026-09-27T14_19_35.005606_00_00,1,40.634964485449665,40.634964485449665,40.634964485449665,1
chronos_bolt__experiment_config.instance_normalization-none__pipeline_config.raw_inference.completed_at-2026-09-26T16_07_11.019872_00_00,1,30.55379275291923,30.55379275291923,30.55379275291923,1
chronos_bolt__experiment_config.instance_normalization-zscore__pipeline_config.raw_inference.completed_at-2026-09-27T15_31_03.385077_00_00,1,30.55379243702917,30.55379243702917,30.55379243702917,1
ts_icl__experiment_config.instance_normalization-none__pipeline_config.raw_inference.completed_at-2026-09-26T16_31_49.821962_00_00,1,37.54143335081239,37.54143335081239,37.54143335081239,1
ts_icl__experiment_config.instance_normalization-zscore__pipeline_config.raw_inference.completed_at-2026-09-27T15_01_37.960155_00_00,1,37.54143439596733,37.54143439596733,37.54143439596733,1
chronos2__experiment_config.instance_normalization-none__pipeline_config.raw_inference.completed_at-2026-09-26T15_44_50.763864_00_00,1,35.18987611208196,35.18987611208196,35.18987611208196,1
chronos2__experiment_config.instance_normalization-zscore__pipeline_config.raw_inference.completed_at-2026-09-27T14_05_36.580260_00_00,1,35.189865191244444,35.189865191244444,35.189865191244444,1
chronos2__experiment_config.instance_normalization-none__pipeline_config.raw_inference.completed_at-2026-09-26T15_44_48.299109_00_00,1,34.952689642267096,34.952689642267096,34.952689642267096,1
chronos2__experiment_config.instance_normalization-zscore__pipeline_config.raw_inference.completed_at-2026-09-27T14_05_34.124958_00_00,1,34.95268334501457,34.95268334501457,34.95268334501457,1
chronos2__experiment_config.instance_normalization-none__pipeline_config.raw_inference.completed_at-2026-09-26T15_44_40.984294_00_00,1,50.17758761390043,50.17758761390043,50.17758761390043,1
chronos2__experiment_config.instance_normalization-zscore__pipeline_config.raw_inference.completed_at-2026-09-27T14_05_26.756421_00_00,1,50.17758444629903,50.17758444629903,50.17758444629903,1
chronos_bolt__experiment_config.instance_normalization-none__pipeline_config.raw_inference.completed_at-2026-09-26T15_44_59.079417_00_00,1,4.207536947133994,4.207536947133994,4.207536947133994,1
chronos_bolt__experiment_config.instance_normalization-zscore__pipeline_config.raw_inference.completed_at-2026-09-27T13_56_46.705403_00_00,1,4.207578029820358,4.207578029820358,4.207578029820358,1
chronos_bolt__experiment_config.instance_normalization-none__pipeline_config.raw_inference.completed_at-2026-09-26T15_44_41.816363_00_00,1,3.9193224650017844,3.9193224650017844,3.9193224650017844,1
chronos_bolt__experiment_config.instance_normalization-zscore__pipeline_config.raw_inference.completed_at-2026-09-27T13_56_29.616493_00_00,1,3.9193525961340403,3.9193525961340403,3.9193525961340403,1
chronos_bolt__experiment_config.instance_normalization-none__pipeline_config.raw_inference.completed_at-2026-09-26T15_44_21.546581_00_00,1,38.25236438417727,38.25236438417727,38.25236438417727,1
chronos_bolt__experiment_config.instance_normalization-zscore__pipeline_config.raw_inference.completed_at-2026-09-27T13_56_09.557772_00_00,1,38.252365111751686,38.252365111751686,38.252365111751686,1
ts_icl__experiment_config.instance_normalization-none__pipeline_config.raw_inference.completed_at-2026-09-26T15_48_59.404650_00_00,1,26.12278797572616,26.12278797572616,26.12278797572616,1
ts_icl__experiment_config.instance_normalization-zscore__pipeline_config.raw_inference.completed_at-2026-09-27T14_18_39.013234_00_00,1,26.12278029039882,26.12278029039882,26.12278029039882,1
ts_icl__experiment_config.instance_normalization-none__pipeline_config.raw_inference.completed_at-2026-09-26T15_48_50.433201_00_00,1,25.92292350796378,25.92292350796378,25.92292350796378,1
ts_icl__experiment_config.instance_normalization-zscore__pipeline_config.raw_inference.completed_at-2026-09-27T14_18_29.878323_00_00,1,25.922918357175185,25.922918357175185,25.922918357175185,1
ts_icl__experiment_config.instance_normalization-none__pipeline_config.raw_inference.completed_at-2026-09-26T15_48_24.790174_00_00,1,43.84319503508718,43.84319503508718,43.84319503508718,1
ts_icl__experiment_config.instance_normalization-zscore__pipeline_config.raw_inference.completed_at-2026-09-27T14_18_03.856768_00_00,1,43.84320878823835,43.84320878823835,43.84320878823835,1
chronos2__experiment_config.instance_normalization-none__pipeline_config.raw_inference.completed_at-2026-09-26T15_45_16.522128_00_00,1,26.18116296113534,26.18116296113534,26.18116296113534,1
chronos2__experiment_config.instance_normalization-zscore__pipeline_config.raw_inference.completed_at-2026-09-27T14_06_02.950155_00_00,1,26.181150401441787,26.181150401441787,26.181150401441787,1
chronos2__experiment_config.instance_normalization-none__pipeline_config.raw_inference.completed_at-2026-09-26T15_45_15.327163_00_00,1,27.037203388754683,27.037203388754683,27.037203388754683,1
chronos2__experiment_config.instance_normalization-zscore__pipeline_config.raw_inference.completed_at-2026-09-27T14_06_01.750345_00_00,1,27.037200137256722,27.037200137256722,27.037200137256722,1
chronos2__experiment_config.instance_normalization-none__pipeline_config.raw_inference.completed_at-2026-09-26T15_45_12.225547_00_00,1,49.49006322594938,49.49006322594938,49.49006322594938,1
chronos2__experiment_config.instance_normalization-zscore__pipeline_config.raw_inference.completed_at-2026-09-27T14_05_58.604298_00_00,1,49.490064898452644,49.490064898452644,49.490064898452644,1
chronos_bolt__experiment_config.instance_normalization-none__pipeline_config.raw_inference.completed_at-2026-09-26T15_45_25.976054_00_00,1,17.510396998155507,17.510396998155507,17.510396998155507,1
chronos_bolt__experiment_config.instance_normalization-zscore__pipeline_config.raw_inference.completed_at-2026-09-27T13_57_13.919209_00_00,1,17.510379447487768,17.510379447487768,17.510379447487768,1
chronos_bolt__experiment_config.instance_normalization-none__pipeline_config.raw_inference.completed_at-2026-09-26T15_45_20.089987_00_00,1,21.203534125214286,21.203534125214286,21.203534125214286,1
chronos_bolt__experiment_config.instance_normalization-zscore__pipeline_config.raw_inference.completed_at-2026-09-27T13_57_08.031374_00_00,1,21.203559083918243,21.203559083918243,21.203559083918243,1
chronos_bolt__experiment_config.instance_normalization-none__pipeline_config.raw_inference.completed_at-2026-09-26T15_45_14.194522_00_00,1,46.897413210948336,46.897413210948336,46.897413210948336,1
chronos_bolt__experiment_config.instance_normalization-zscore__pipeline_config.raw_inference.completed_at-2026-09-27T13_57_02.136017_00_00,1,46.89742757822235,46.89742757822235,46.89742757822235,1
ts_icl__experiment_config.instance_normalization-none__pipeline_config.raw_inference.completed_at-2026-09-26T15_50_56.336626_00_00,1,23.449280333826007,23.449280333826007,23.449280333826007,1
ts_icl__experiment_config.instance_normalization-zscore__pipeline_config.raw_inference.completed_at-2026-09-27T14_20_37.738234_00_00,1,23.449342880699543,23.449342880699543,23.449342880699543,1
ts_icl__experiment_config.instance_normalization-none__pipeline_config.raw_inference.completed_at-2026-09-26T15_50_51.004427_00_00,1,23.675307451964443,23.675307451964443,23.675307451964443,1
ts_icl__experiment_config.instance_normalization-zscore__pipeline_config.raw_inference.completed_at-2026-09-27T14_20_32.385068_00_00,1,23.675338316015083,23.675338316015083,23.675338316015083,1
ts_icl__experiment_config.instance_normalization-none__pipeline_config.raw_inference.completed_at-2026-09-26T15_50_36.202883_00_00,1,47.615228345579006,47.615228345579006,47.615228345579006,1
ts_icl__experiment_config.instance_normalization-zscore__pipeline_config.raw_inference.completed_at-2026-09-27T14_20_17.669964_00_00,1,47.6152224996375,47.6152224996375,47.6152224996375,1
chronos2__experiment_config.instance_normalization-none__pipeline_config.raw_inference.completed_at-2026-09-26T15_46_47.354798_00_00,1,21.812920569642447,21.812920569642447,21.812920569642447,1
chronos2__experiment_config.instance_normalization-zscore__pipeline_config.raw_inference.completed_at-2026-09-27T14_07_33.893068_00_00,1,21.812923206032174,21.812923206032174,21.812923206032174,1
chronos2__experiment_config.instance_normalization-none__pipeline_config.raw_inference.completed_at-2026-09-26T15_46_42.608244_00_00,1,28.287023008399327,28.287023008399327,28.287023008399327,1
chronos2__experiment_config.instance_normalization-zscore__pipeline_config.raw_inference.completed_at-2026-09-27T14_07_29.122103_00_00,1,28.28702105586929,28.28702105586929,28.28702105586929,1
chronos2__experiment_config.instance_normalization-none__pipeline_config.raw_inference.completed_at-2026-09-26T15_46_27.114547_00_00,1,53.46223143282416,53.46223143282416,53.46223143282416,1
chronos2__experiment_config.instance_normalization-zscore__pipeline_config.raw_inference.completed_at-2026-09-27T14_07_13.580368_00_00,1,53.462232084497074,53.462232084497074,53.462232084497074,1
chronos_bolt__experiment_config.instance_normalization-none__pipeline_config.raw_inference.completed_at-2026-09-26T15_47_00.563033_00_00,1,-3.1794349864625593,-3.1794349864625593,-3.1794349864625593,1
chronos_bolt__experiment_config.instance_normalization-zscore__pipeline_config.raw_inference.completed_at-2026-09-27T13_58_49.592570_00_00,1,-3.17943785964383,-3.17943785964383,-3.17943785964383,1
chronos_bolt__experiment_config.instance_normalization-none__pipeline_config.raw_inference.completed_at-2026-09-26T15_46_36.440621_00_00,1,-8.522530594080235,-8.522530594080235,-8.522530594080235,1
chronos_bolt__experiment_config.instance_normalization-zscore__pipeline_config.raw_inference.completed_at-2026-09-27T13_58_25.759099_00_00,1,-8.52253410942765,-8.52253410942765,-8.52253410942765,1
chronos_bolt__experiment_config.instance_normalization-none__pipeline_config.raw_inference.completed_at-2026-09-26T15_46_05.176927_00_00,1,42.704683948875875,42.704683948875875,42.704683948875875,1
chronos_bolt__experiment_config.instance_normalization-zscore__pipeline_config.raw_inference.completed_at-2026-09-27T13_57_54.586938_00_00,1,42.704687054074995,42.704687054074995,42.704687054074995,1
ts_icl__experiment_config.instance_normalization-none__pipeline_config.raw_inference.completed_at-2026-09-26T16_01_01.534693_00_00,1,15.9723876311195,15.9723876311195,15.9723876311195,1
ts_icl__experiment_config.instance_normalization-zscore__pipeline_config.raw_inference.completed_at-2026-09-27T14_30_42.449017_00_00,1,15.972392767280763,15.972392767280763,15.972392767280763,1
ts_icl__experiment_config.instance_normalization-none__pipeline_config.raw_inference.completed_at-2026-09-26T16_00_36.082241_00_00,1,20.086770377870845,20.086770377870845,20.086770377870845,1
ts_icl__experiment_config.instance_normalization-zscore__pipeline_config.raw_inference.completed_at-2026-09-27T14_30_16.914422_00_00,1,20.086769750077206,20.086769750077206,20.086769750077206,1
ts_icl__experiment_config.instance_normalization-none__pipeline_config.raw_inference.completed_at-2026-09-26T15_59_21.915743_00_00,1,48.626832417547895,48.626832417547895,48.626832417547895,1
ts_icl__experiment_config.instance_normalization-zscore__pipeline_config.raw_inference.completed_at-2026-09-27T14_29_02.560904_00_00,1,48.626833276150315,48.626833276150315,48.626833276150315,1
chronos2__experiment_config.instance_normalization-none__pipeline_config.raw_inference.completed_at-2026-09-26T15_43_57.943761_00_00,1,22.228715936452392,22.228715936452392,22.228715936452392,1
chronos2__experiment_config.instance_normalization-zscore__pipeline_config.raw_inference.completed_at-2026-09-27T14_04_43.982450_00_00,1,22.228734921057903,22.228734921057903,22.228734921057903,1
chronos2__experiment_config.instance_normalization-none__pipeline_config.raw_inference.completed_at-2026-09-26T15_43_57.424005_00_00,1,35.35081797464228,35.35081797464228,35.35081797464228,1
chronos2__experiment_config.instance_normalization-zscore__pipeline_config.raw_inference.completed_at-2026-09-27T14_04_43.458370_00_00,1,35.35081712244271,35.35081712244271,35.35081712244271,1
chronos2__experiment_config.instance_normalization-none__pipeline_config.raw_inference.completed_at-2026-09-26T15_43_56.445281_00_00,1,59.28945199331401,59.28945199331401,59.28945199331401,1
chronos2__experiment_config.instance_normalization-zscore__pipeline_config.raw_inference.completed_at-2026-09-27T14_04_42.473723_00_00,1,59.28946029760891,59.28946029760891,59.28946029760891,1
chronos_bolt__experiment_config.instance_normalization-none__pipeline_config.raw_inference.completed_at-2026-09-26T15_44_01.047999_00_00,1,2.401462306271207,2.401462306271207,2.401462306271207,1
chronos_bolt__experiment_config.instance_normalization-zscore__pipeline_config.raw_inference.completed_at-2026-09-27T13_55_47.742519_00_00,1,2.407370200459269,2.407370200459269,2.407370200459269,1
chronos_bolt__experiment_config.instance_normalization-none__pipeline_config.raw_inference.completed_at-2026-09-26T15_43_57.504418_00_00,1,19.58418271163832,19.58418271163832,19.58418271163832,1
chronos_bolt__experiment_config.instance_normalization-zscore__pipeline_config.raw_inference.completed_at-2026-09-27T13_55_44.226903_00_00,1,19.584043577394926,19.584043577394926,19.584043577394926,1
chronos_bolt__experiment_config.instance_normalization-none__pipeline_config.raw_inference.completed_at-2026-09-26T15_43_53.773511_00_00,1,52.6697796701098,52.6697796701098,52.6697796701098,1
chronos_bolt__experiment_config.instance_normalization-zscore__pipeline_config.raw_inference.completed_at-2026-09-27T13_55_40.507043_00_00,1,52.669779180408426,52.669779180408426,52.669779180408426,1
ts_icl__experiment_config.instance_normalization-none__pipeline_config.raw_inference.completed_at-2026-09-26T15_45_28.747308_00_00,1,-0.12219673106490525,-0.12219673106490525,-0.12219673106490525,1
ts_icl__experiment_config.instance_normalization-zscore__pipeline_config.raw_inference.completed_at-2026-09-27T14_15_06.110910_00_00,1,-0.12213418913320506,-0.12213418913320506,-0.12213418913320506,1
ts_icl__experiment_config.instance_normalization-none__pipeline_config.raw_inference.completed_at-2026-09-26T15_45_26.670824_00_00,1,29.238421412597326,29.238421412597326,29.238421412597326,1
ts_icl__experiment_config.instance_normalization-zscore__pipeline_config.raw_inference.completed_at-2026-09-27T14_15_04.036736_00_00,1,29.23842206010069,29.23842206010069,29.23842206010069,1
ts_icl__experiment_config.instance_normalization-none__pipeline_config.raw_inference.completed_at-2026-09-26T15_45_23.572457_00_00,1,55.33595674831506,55.33595674831506,55.33595674831506,1
ts_icl__experiment_config.instance_normalization-zscore__pipeline_config.raw_inference.completed_at-2026-09-27T14_15_00.932768_00_00,1,55.33595781966872,55.33595781966872,55.33595781966872,1
chronos2__experiment_config.instance_normalization-none__pipeline_config.raw_inference.completed_at-2026-09-26T15_47_08.231485_00_00,1,31.59339537723157,31.59339537723157,31.59339537723157,1
chronos2__experiment_config.instance_normalization-zscore__pipeline_config.raw_inference.completed_at-2026-09-27T14_07_54.720440_00_00,1,31.593392360057848,31.593392360057848,31.593392360057848,1
chronos2__experiment_config.instance_normalization-none__pipeline_config.raw_inference.completed_at-2026-09-26T15_47_07.012752_00_00,1,37.76658040204153,37.76658040204153,37.76658040204153,1
chronos2__experiment_config.instance_normalization-zscore__pipeline_config.raw_inference.completed_at-2026-09-27T14_07_53.499296_00_00,1,37.7665768614044,37.7665768614044,37.7665768614044,1
chronos2__experiment_config.instance_normalization-none__pipeline_config.raw_inference.completed_at-2026-09-26T15_47_04.422482_00_00,1,33.37662007671213,33.37662007671213,33.37662007671213,1
chronos2__experiment_config.instance_normalization-zscore__pipeline_config.raw_inference.completed_at-2026-09-27T14_07_50.872328_00_00,1,33.376615693640645,33.376615693640645,33.376615693640645,1
chronos_bolt__experiment_config.instance_normalization-none__pipeline_config.raw_inference.completed_at-2026-09-26T15_47_38.827413_00_00,1,17.763745563410705,17.763745563410705,17.763745563410705,1
chronos_bolt__experiment_config.instance_normalization-zscore__pipeline_config.raw_inference.completed_at-2026-09-27T13_59_28.113837_00_00,1,17.76374676451401,17.76374676451401,17.76374676451401,1
chronos_bolt__experiment_config.instance_normalization-none__pipeline_config.raw_inference.completed_at-2026-09-26T15_47_26.753659_00_00,1,19.537652274356464,19.537652274356464,19.537652274356464,1
chronos_bolt__experiment_config.instance_normalization-zscore__pipeline_config.raw_inference.completed_at-2026-09-27T13_59_16.157938_00_00,1,19.5376488247097,19.5376488247097,19.5376488247097,1
chronos_bolt__experiment_config.instance_normalization-none__pipeline_config.raw_inference.completed_at-2026-09-26T15_47_15.799291_00_00,1,19.892585025691535,19.892585025691535,19.892585025691535,1
chronos_bolt__experiment_config.instance_normalization-zscore__pipeline_config.raw_inference.completed_at-2026-09-27T13_59_05.297396_00_00,1,19.892620347811096,19.892620347811096,19.892620347811096,1
ts_icl__experiment_config.instance_normalization-none__pipeline_config.raw_inference.completed_at-2026-09-26T16_03_00.356111_00_00,1,32.45816136524525,32.45816136524525,32.45816136524525,1
ts_icl__experiment_config.instance_normalization-zscore__pipeline_config.raw_inference.completed_at-2026-09-27T14_32_40.009771_00_00,1,32.458161882170835,32.458161882170835,32.458161882170835,1
ts_icl__experiment_config.instance_normalization-none__pipeline_config.raw_inference.completed_at-2026-09-26T16_02_53.134787_00_00,1,36.420363623270255,36.420363623270255,36.420363623270255,1
ts_icl__experiment_config.instance_normalization-zscore__pipeline_config.raw_inference.completed_at-2026-09-27T14_32_32.811722_00_00,1,36.42037129600423,36.42037129600423,36.42037129600423,1
ts_icl__experiment_config.instance_normalization-none__pipeline_config.raw_inference.completed_at-2026-09-26T16_02_39.022288_00_00,1,28.986814343527122,28.986814343527122,28.986814343527122,1
ts_icl__experiment_config.instance_normalization-zscore__pipeline_config.raw_inference.completed_at-2026-09-27T14_32_18.706554_00_00,1,28.986810787448036,28.986810787448036,28.986810787448036,1
chronos2__experiment_config.instance_normalization-none__pipeline_config.raw_inference.completed_at-2026-09-26T15_50_38.490692_00_00,1,29.870494380823242,29.870494380823242,29.870494380823242,1
chronos2__experiment_config.instance_normalization-zscore__pipeline_config.raw_inference.completed_at-2026-09-27T14_11_22.620930_00_00,1,29.870492987131936,29.870492987131936,29.870492987131936,1
chronos2__experiment_config.instance_normalization-none__pipeline_config.raw_inference.completed_at-2026-09-26T15_50_37.744630_00_00,1,35.08221611195593,35.08221611195593,35.08221611195593,1
chronos2__experiment_config.instance_normalization-zscore__pipeline_config.raw_inference.completed_at-2026-09-27T14_11_21.869248_00_00,1,35.08221608352129,35.08221608352129,35.08221608352129,1
chronos2__experiment_config.instance_normalization-none__pipeline_config.raw_inference.completed_at-2026-09-26T15_50_36.390851_00_00,1,32.92877228324965,32.92877228324965,32.92877228324965,1
chronos2__experiment_config.instance_normalization-zscore__pipeline_config.raw_inference.completed_at-2026-09-27T14_11_20.505494_00_00,1,32.92877256932359,32.92877256932359,32.92877256932359,1
chronos_bolt__experiment_config.instance_normalization-none__pipeline_config.raw_inference.completed_at-2026-09-26T15_51_47.690968_00_00,1,26.352456349076657,26.352456349076657,26.352456349076657,1
chronos_bolt__experiment_config.instance_normalization-zscore__pipeline_config.raw_inference.completed_at-2026-09-27T15_15_33.646912_00_00,1,26.35245574796493,26.35245574796493,26.35245574796493,1
chronos_bolt__experiment_config.instance_normalization-none__pipeline_config.raw_inference.completed_at-2026-09-26T15_51_46.085598_00_00,1,32.912629688374096,32.912629688374096,32.912629688374096,1
chronos_bolt__experiment_config.instance_normalization-zscore__pipeline_config.raw_inference.completed_at-2026-09-27T15_15_32.014988_00_00,1,32.912631039912064,32.912631039912064,32.912631039912064,1
chronos_bolt__experiment_config.instance_normalization-none__pipeline_config.raw_inference.completed_at-2026-09-26T15_51_43.958774_00_00,1,30.952873578552243,30.952873578552243,30.952873578552243,1
chronos_bolt__experiment_config.instance_normalization-zscore__pipeline_config.raw_inference.completed_at-2026-09-27T15_15_29.856155_00_00,1,30.952874562087096,30.952874562087096,30.952874562087096,1
ts_icl__experiment_config.instance_normalization-none__pipeline_config.raw_inference.completed_at-2026-09-26T16_12_30.492191_00_00,1,29.49454206283979,29.49454206283979,29.49454206283979,1
ts_icl__experiment_config.instance_normalization-zscore__pipeline_config.raw_inference.completed_at-2026-09-27T14_42_11.078599_00_00,1,29.49454279452768,29.49454279452768,29.49454279452768,1
ts_icl__experiment_config.instance_normalization-none__pipeline_config.raw_inference.completed_at-2026-09-26T16_12_28.153615_00_00,1,35.64727536891176,35.64727536891176,35.64727536891176,1
ts_icl__experiment_config.instance_normalization-zscore__pipeline_config.raw_inference.completed_at-2026-09-27T14_42_08.704078_00_00,1,35.64727550372218,35.64727550372218,35.64727550372218,1
ts_icl__experiment_config.instance_normalization-none__pipeline_config.raw_inference.completed_at-2026-09-26T16_12_23.199767_00_00,1,33.00281018913355,33.00281018913355,33.00281018913355,1
ts_icl__experiment_config.instance_normalization-zscore__pipeline_config.raw_inference.completed_at-2026-09-27T14_42_03.676774_00_00,1,33.00281049610353,33.00281049610353,33.00281049610353,1
seasonal_naive,98,0.0,0.0,0.0,98
