domain,model,tasks,finite_MASE_tasks,mean_task_MASE,scaled_MASE,total_inference_seconds,timed_tasks,prediction_nan_values,prediction_values,prediction_nan_rate,relative_improvement_percent,relative_scaled_improvement_percent,relative_tasks,mean_paired_improvement_percent,paired_percentage_tasks,reference_mean_loss,reference_total_inference_seconds
Climate,chronos2__experiment_config.instance_normalization-none__pipeline_config.raw_inference.completed_at-2026-09-26T15_50_24.246215_00_00,1,1,1.2018281745126123,0.9416618511442288,0.21007609739899635,1,0,56439,0.0,5.833814885577116,5.833814885577116,1,5.833814885577116,1,1.2762842341465261,0.36444639787077904
Climate,chronos2__experiment_config.instance_normalization-zscore__pipeline_config.raw_inference.completed_at-2026-09-27T14_11_08.602036_00_00,1,1,1.2018281467580079,0.9416618293978156,0.21244418248534203,1,0,56439,0.0,5.833817060218438,5.833817060218438,1,5.833817060218438,1,1.2762842341465261,0.36444639787077904
Climate,chronos2__experiment_config.instance_normalization-none__pipeline_config.raw_inference.completed_at-2026-09-26T15_50_23.714072_00_00,1,1,1.1800124167717907,0.8682980074506915,0.502515560016036,1,0,56439,0.0,13.170199254930848,13.170199254930848,1,13.170199254930848,1,1.3589947306642882,0.665783291682601
Climate,chronos2__experiment_config.instance_normalization-zscore__pipeline_config.raw_inference.completed_at-2026-09-27T14_11_08.064732_00_00,1,1,1.1800124228402709,0.86829801191611,0.5060140490531921,1,0,56439,0.0,13.170198808389,13.170198808389,1,13.170198808389,1,1.3589947306642882,0.665783291682601
Climate,chronos2__experiment_config.instance_normalization-none__pipeline_config.raw_inference.completed_at-2026-09-26T15_50_22.809923_00_00,1,1,1.0801986215576171,0.8743228947714544,1.6244224272668362,1,0,56439,0.0,12.567710522854558,12.567710522854558,1,12.567710522854558,1,1.235468758758717,1.7036103140562773
Climate,chronos2__experiment_config.instance_normalization-zscore__pipeline_config.raw_inference.completed_at-2026-09-27T14_11_07.155438_00_00,1,1,1.0801985992755336,0.8743228767361271,1.6265214644372463,1,0,56439,0.0,12.567712326387293,12.567712326387293,1,12.567712326387293,1,1.235468758758717,1.7036103140562773
Climate,chronos_bolt__experiment_config.instance_normalization-none__pipeline_config.raw_inference.completed_at-2026-09-26T15_51_33.421927_00_00,1,1,1.201433091645914,0.9413522940282448,0.8393427040427923,1,0,56439,0.0,5.864770597175517,5.864770597175517,1,5.864770597175517,1,1.2762842341465261,0.36444639787077904
Climate,chronos_bolt__experiment_config.instance_normalization-zscore__pipeline_config.raw_inference.completed_at-2026-09-27T15_15_19.532456_00_00,1,1,1.2014330779349105,0.9413522832853374,0.8562219347804785,1,0,56439,0.0,5.864771671466262,5.864771671466262,1,5.864771671466262,1,1.2762842341465261,0.36444639787077904
Climate,chronos_bolt__experiment_config.instance_normalization-none__pipeline_config.raw_inference.completed_at-2026-09-26T15_51_32.471780_00_00,1,1,1.1872985525551225,0.8736594232229001,1.0969584342092276,1,0,56439,0.0,12.634057677709986,12.634057677709986,1,12.634057677709986,1,1.3589947306642882,0.665783291682601
Climate,chronos_bolt__experiment_config.instance_normalization-zscore__pipeline_config.raw_inference.completed_at-2026-09-27T15_15_18.563294_00_00,1,1,1.18729855385675,0.8736594241806871,1.1264305487275124,1,0,56439,0.0,12.634057581931291,12.634057581931291,1,12.634057581931291,1,1.3589947306642882,0.665783291682601
Climate,chronos_bolt__experiment_config.instance_normalization-none__pipeline_config.raw_inference.completed_at-2026-09-26T15_51_31.186818_00_00,1,1,1.1027190648704128,0.892551152793472,0.7095697037875652,1,0,56439,0.0,10.744884720652802,10.744884720652802,1,10.744884720652802,1,1.235468758758717,1.7036103140562773
Climate,chronos_bolt__experiment_config.instance_normalization-zscore__pipeline_config.raw_inference.completed_at-2026-09-27T15_15_17.246540_00_00,1,1,1.1027190566898326,0.8925511461720337,0.728485181927681,1,0,56439,0.0,10.744885382796632,10.744885382796632,1,10.744885382796632,1,1.235468758758717,1.7036103140562773
Climate,ts_icl__experiment_config.instance_normalization-none__pipeline_config.raw_inference.completed_at-2026-09-26T16_12_06.332146_00_00,1,1,1.111845003542755,0.8711578297339584,0.9061672259122133,1,0,56439,0.0,12.884217026604162,12.884217026604162,1,12.884217026604162,1,1.2762842341465261,0.36444639787077904
Climate,ts_icl__experiment_config.instance_normalization-zscore__pipeline_config.raw_inference.completed_at-2026-09-27T14_41_46.674130_00_00,1,1,1.1118449968239532,0.8711578244696124,0.917268356308341,1,0,56439,0.0,12.884217553038757,12.884217553038757,1,12.884217553038757,1,1.2762842341465261,0.36444639787077904
Climate,ts_icl__experiment_config.instance_normalization-none__pipeline_config.raw_inference.completed_at-2026-09-26T16_12_04.977334_00_00,1,1,1.1419134558402046,0.8402633432449201,2.1358568239957094,1,0,56439,0.0,15.973665675507986,15.973665675507986,1,15.973665675507986,1,1.3589947306642882,0.665783291682601
Climate,ts_icl__experiment_config.instance_normalization-zscore__pipeline_config.raw_inference.completed_at-2026-09-27T14_41_45.300865_00_00,1,1,1.1419134773738127,0.8402633590901678,2.1568408980965614,1,0,56439,0.0,15.97366409098322,15.97366409098322,1,15.97366409098322,1,1.3589947306642882,0.665783291682601
Climate,ts_icl__experiment_config.instance_normalization-none__pipeline_config.raw_inference.completed_at-2026-09-26T16_12_02.213610_00_00,1,1,1.0643945028329198,0.8615308928590987,6.231191927567124,1,0,56439,0.0,13.846910714090132,13.846910714090132,1,13.846910714090132,1,1.235468758758717,1.7036103140562773
Climate,ts_icl__experiment_config.instance_normalization-zscore__pipeline_config.raw_inference.completed_at-2026-09-27T14_41_42.517943_00_00,1,1,1.0643945249003672,0.8615309107206975,6.196036675944924,1,0,56439,0.0,13.846908927930246,13.846908927930246,1,13.846908927930246,1,1.235468758758717,1.7036103140562773
Economics,chronos2__experiment_config.instance_normalization-none__pipeline_config.raw_inference.completed_at-2026-09-26T15_55_43.778346_00_00,1,1,0.6043605475858413,0.6272780561526403,0.21113148890435696,1,0,540,0.0,37.27219438473597,37.27219438473597,1,37.27219438473597,1,0.9634651517903213,0.02470598742365837
Economics,chronos2__experiment_config.instance_normalization-zscore__pipeline_config.raw_inference.completed_at-2026-09-27T14_16_29.353294_00_00,1,1,0.6043606096198142,0.6272781205389575,0.21203254722058773,1,0,540,0.0,37.27218794610425,37.27218794610425,1,37.27218794610425,1,0.9634651517903213,0.02470598742365837
Economics,chronos_bolt__experiment_config.instance_normalization-none__pipeline_config.raw_inference.completed_at-2026-09-26T15_56_47.002109_00_00,1,1,1.0324059356330573,1.0715550362300386,0.2345883771777153,1,0,540,0.0,-7.155503623003856,-7.155503623003856,1,-7.155503623003856,1,0.9634651517903213,0.02470598742365837
Economics,chronos_bolt__experiment_config.instance_normalization-zscore__pipeline_config.raw_inference.completed_at-2026-09-27T15_20_35.755413_00_00,1,1,1.0324059660308114,1.0715550677804833,0.22599942423403263,1,0,540,0.0,-7.155506778048326,-7.155506778048326,1,-7.155506778048326,1,0.9634651517903213,0.02470598742365837
Economics,ts_icl__experiment_config.instance_normalization-none__pipeline_config.raw_inference.completed_at-2026-09-26T16_24_17.804507_00_00,1,1,0.8833127368059295,0.916808184670248,0.22836863808333874,1,0,540,0.0,8.319181532975195,8.319181532975195,1,8.319181532975195,1,0.9634651517903213,0.02470598742365837
Economics,ts_icl__experiment_config.instance_normalization-zscore__pipeline_config.raw_inference.completed_at-2026-09-27T14_54_03.457704_00_00,1,1,0.8833127026504636,0.9168081492195981,0.23119697719812393,1,0,540,0.0,8.319185078040192,8.319185078040192,1,8.319185078040192,1,0.9634651517903213,0.02470598742365837
Climate,chronos2__experiment_config.instance_normalization-none__pipeline_config.raw_inference.completed_at-2026-09-26T15_47_19.553828_00_00,1,1,1.1569175338572653,0.7431837188676761,0.047206612303853035,1,0,25875,0.0,25.681628113232392,25.681628113232392,1,25.681628113232392,1,1.556704626979664,0.0893244743347168
Climate,chronos2__experiment_config.instance_normalization-zscore__pipeline_config.raw_inference.completed_at-2026-09-27T14_08_06.068322_00_00,1,1,1.1569174979212755,0.7431836957830208,0.048174984753131866,1,0,25875,0.0,25.68163042169792,25.68163042169792,1,25.68163042169792,1,1.556704626979664,0.0893244743347168
Climate,chronos2__experiment_config.instance_normalization-none__pipeline_config.raw_inference.completed_at-2026-09-26T15_47_19.240511_00_00,1,1,1.065225535608098,0.775940065614347,0.147317573428154,1,0,25875,0.0,22.405993438565297,22.405993438565297,1,22.405993438565297,1,1.37281934883039,0.1615915559232235
Climate,chronos2__experiment_config.instance_normalization-zscore__pipeline_config.raw_inference.completed_at-2026-09-27T14_08_05.751521_00_00,1,1,1.065225515766032,0.7759400511608314,0.14912754110991955,1,0,25875,0.0,22.405994883916858,22.405994883916858,1,22.405994883916858,1,1.37281934883039,0.1615915559232235
Climate,chronos2__experiment_config.instance_normalization-none__pipeline_config.raw_inference.completed_at-2026-09-26T15_47_18.765098_00_00,1,1,0.6512083950143714,0.47578666614966564,1.3360461238771677,1,0,25875,0.0,52.42133338503343,52.42133338503343,1,52.42133338503343,1,1.3686982871636935,0.901126891374588
Climate,chronos2__experiment_config.instance_normalization-zscore__pipeline_config.raw_inference.completed_at-2026-09-27T14_08_05.271983_00_00,1,1,0.6512084069388726,0.47578667486195914,1.3544498849660158,1,0,25875,0.0,52.42133251380409,52.42133251380409,1,52.42133251380409,1,1.3686982871636935,0.901126891374588
Climate,chronos_bolt__experiment_config.instance_normalization-none__pipeline_config.raw_inference.completed_at-2026-09-26T15_47_49.520618_00_00,1,1,1.202757658522571,0.7726306183441974,0.3947097398340702,1,0,25875,0.0,22.736938165580256,22.736938165580256,1,22.736938165580256,1,1.556704626979664,0.0893244743347168
Climate,chronos_bolt__experiment_config.instance_normalization-zscore__pipeline_config.raw_inference.completed_at-2026-09-27T13_59_38.947164_00_00,1,1,1.2027577113562997,0.7726306522836666,0.392914617434144,1,0,25875,0.0,22.736934771633344,22.736934771633344,1,22.736934771633344,1,1.556704626979664,0.0893244743347168
Climate,chronos_bolt__experiment_config.instance_normalization-none__pipeline_config.raw_inference.completed_at-2026-09-26T15_47_49.077237_00_00,1,1,1.063731294575291,0.7748516186645863,0.324214955791831,1,0,25875,0.0,22.51483813354137,22.51483813354137,1,22.51483813354137,1,1.37281934883039,0.1615915559232235
Climate,chronos_bolt__experiment_config.instance_normalization-zscore__pipeline_config.raw_inference.completed_at-2026-09-27T13_59_38.505408_00_00,1,1,1.063731265310583,0.7748515973473548,0.3206298518925905,1,0,25875,0.0,22.514840265264525,22.514840265264525,1,22.514840265264525,1,1.37281934883039,0.1615915559232235
Climate,chronos_bolt__experiment_config.instance_normalization-none__pipeline_config.raw_inference.completed_at-2026-09-26T15_47_48.643530_00_00,1,1,0.656110489198097,0.47936824013839624,0.5634506475180387,1,0,25875,0.0,52.063175986160374,52.063175986160374,1,52.063175986160374,1,1.3686982871636935,0.901126891374588
Climate,chronos_bolt__experiment_config.instance_normalization-zscore__pipeline_config.raw_inference.completed_at-2026-09-27T13_59_38.075760_00_00,1,1,0.6561104914860817,0.4793682418100464,0.5832148604094982,1,0,25875,0.0,52.063175818995354,52.063175818995354,1,52.063175818995354,1,1.3686982871636935,0.901126891374588
Climate,ts_icl__experiment_config.instance_normalization-none__pipeline_config.raw_inference.completed_at-2026-09-26T16_03_12.456172_00_00,1,1,1.1912087384583099,0.7652117927917428,0.2756928838789463,1,0,25875,0.0,23.478820720825723,23.478820720825723,1,23.478820720825723,1,1.556704626979664,0.0893244743347168
Climate,ts_icl__experiment_config.instance_normalization-zscore__pipeline_config.raw_inference.completed_at-2026-09-27T14_32_52.153051_00_00,1,1,1.1912087469278128,0.7652117982324043,0.2726860251277685,1,0,25875,0.0,23.478820176759573,23.478820176759573,1,23.478820176759573,1,1.556704626979664,0.0893244743347168
Climate,ts_icl__experiment_config.instance_normalization-none__pipeline_config.raw_inference.completed_at-2026-09-26T16_03_11.786602_00_00,1,1,1.0817674350374027,0.7879896476976693,0.7321706265211105,1,0,25875,0.0,21.201035230233067,21.201035230233067,1,21.201035230233067,1,1.37281934883039,0.1615915559232235
Climate,ts_icl__experiment_config.instance_normalization-zscore__pipeline_config.raw_inference.completed_at-2026-09-27T14_32_51.500997_00_00,1,1,1.081767427914643,0.787989642509252,0.732050821185112,1,0,25875,0.0,21.201035749074805,21.201035749074805,1,21.201035749074805,1,1.37281934883039,0.1615915559232235
Climate,ts_icl__experiment_config.instance_normalization-none__pipeline_config.raw_inference.completed_at-2026-09-26T16_03_10.504315_00_00,1,1,0.6590360706082912,0.4815057319710606,5.848209362477064,1,0,25875,0.0,51.84942680289394,51.84942680289394,1,51.84942680289394,1,1.3686982871636935,0.901126891374588
Climate,ts_icl__experiment_config.instance_normalization-zscore__pipeline_config.raw_inference.completed_at-2026-09-27T14_32_50.218566_00_00,1,1,0.6590360565435699,0.48150572169507694,5.893179032951593,1,0,25875,0.0,51.84942783049231,51.84942783049231,1,51.84942783049231,1,1.3686982871636935,0.901126891374588
Climate,chronos2__experiment_config.instance_normalization-none__pipeline_config.raw_inference.completed_at-2026-09-26T15_47_30.955919_00_00,1,1,1.7964635512898783,0.807887085239443,0.10036924481391907,1,0,24129,0.0,19.211291476055703,19.211291476055703,1,19.211291476055703,1,2.2236567264315648,0.12914972193539143
Climate,chronos2__experiment_config.instance_normalization-zscore__pipeline_config.raw_inference.completed_at-2026-09-27T14_08_17.511379_00_00,1,1,1.7964635829209612,0.8078870994642477,0.1018934603780508,1,0,24129,0.0,19.211290053575226,19.211290053575226,1,19.211290053575226,1,2.2236567264315648,0.12914972193539143
Climate,chronos2__experiment_config.instance_normalization-none__pipeline_config.raw_inference.completed_at-2026-09-26T15_47_30.579448_00_00,1,1,1.5182478312316134,0.801888244042546,0.2868414707481861,1,0,24129,0.0,19.8111755957454,19.8111755957454,1,19.8111755957454,1,1.893340926882399,0.28066136315464973
Climate,chronos2__experiment_config.instance_normalization-zscore__pipeline_config.raw_inference.completed_at-2026-09-27T14_08_17.129063_00_00,1,1,1.518247822073535,0.8018882392055521,0.291314497590065,1,0,24129,0.0,19.81117607944479,19.81117607944479,1,19.81117607944479,1,1.893340926882399,0.28066136315464973
Climate,chronos2__experiment_config.instance_normalization-none__pipeline_config.raw_inference.completed_at-2026-09-26T15_47_29.958670_00_00,1,1,1.369510162917805,0.7148483192029693,1.3313274756073952,1,0,24129,0.0,28.515168079703066,28.515168079703066,1,28.515168079703066,1,1.9158052500490743,0.9648008923977613
Climate,chronos2__experiment_config.instance_normalization-zscore__pipeline_config.raw_inference.completed_at-2026-09-27T14_08_16.501385_00_00,1,1,1.3695101686353566,0.7148483221873809,1.348497323691845,1,0,24129,0.0,28.51516778126191,28.51516778126191,1,28.51516778126191,1,1.9158052500490743,0.9648008923977613
Climate,chronos_bolt__experiment_config.instance_normalization-none__pipeline_config.raw_inference.completed_at-2026-09-26T15_47_59.975928_00_00,1,1,1.9159433983126628,0.8616183314352175,0.4307162221521139,1,0,24129,0.0,13.838166856478251,13.838166856478251,1,13.838166856478251,1,2.2236567264315648,0.12914972193539143
Climate,chronos_bolt__experiment_config.instance_normalization-zscore__pipeline_config.raw_inference.completed_at-2026-09-27T13_59_49.686356_00_00,1,1,1.9159433616832473,0.8616183149626141,0.42230534367263317,1,0,24129,0.0,13.83816850373859,13.83816850373859,1,13.83816850373859,1,2.2236567264315648,0.12914972193539143
Climate,chronos_bolt__experiment_config.instance_normalization-none__pipeline_config.raw_inference.completed_at-2026-09-26T15_47_59.487268_00_00,1,1,1.5695327782076256,0.8289752552869808,0.09779190272092819,1,0,24129,0.0,17.10247447130192,17.10247447130192,1,17.10247447130192,1,1.893340926882399,0.28066136315464973
Climate,chronos_bolt__experiment_config.instance_normalization-zscore__pipeline_config.raw_inference.completed_at-2026-09-27T13_59_49.205362_00_00,1,1,1.569532751874397,0.8289752413786411,0.10231628455221653,1,0,24129,0.0,17.10247586213589,17.10247586213589,1,17.10247586213589,1,1.893340926882399,0.28066136315464973
Climate,chronos_bolt__experiment_config.instance_normalization-none__pipeline_config.raw_inference.completed_at-2026-09-26T15_47_59.276103_00_00,1,1,1.4040590147394727,0.732881912033338,0.5769863706082106,1,0,24129,0.0,26.711808796666205,26.711808796666205,1,26.711808796666205,1,1.9158052500490743,0.9648008923977613
Climate,chronos_bolt__experiment_config.instance_normalization-zscore__pipeline_config.raw_inference.completed_at-2026-09-27T13_59_48.987687_00_00,1,1,1.4040589915752781,0.7328818999422371,0.6402507722377777,1,0,24129,0.0,26.711810005776293,26.711810005776293,1,26.711810005776293,1,1.9158052500490743,0.9648008923977613
Climate,ts_icl__experiment_config.instance_normalization-none__pipeline_config.raw_inference.completed_at-2026-09-26T16_03_25.220219_00_00,1,1,1.8194283328811713,0.8182145702861777,0.4885022006928921,1,0,24129,0.0,18.178542971382228,18.178542971382228,1,18.178542971382228,1,2.2236567264315648,0.12914972193539143
Climate,ts_icl__experiment_config.instance_normalization-zscore__pipeline_config.raw_inference.completed_at-2026-09-27T14_33_04.792298_00_00,1,1,1.8194282941879476,0.8182145528854596,0.4996741749346256,1,0,24129,0.0,18.178544711454037,18.178544711454037,1,18.178544711454037,1,2.2236567264315648,0.12914972193539143
Climate,ts_icl__experiment_config.instance_normalization-none__pipeline_config.raw_inference.completed_at-2026-09-26T16_03_24.322351_00_00,1,1,1.5527782568287,0.8201260717400357,1.3937448561191559,1,0,24129,0.0,17.98739282599643,17.98739282599643,1,17.98739282599643,1,1.893340926882399,0.28066136315464973
Climate,ts_icl__experiment_config.instance_normalization-zscore__pipeline_config.raw_inference.completed_at-2026-09-27T14_33_03.882319_00_00,1,1,1.552778256929351,0.8201260717931961,1.4005999583750963,1,0,24129,0.0,17.98739282068039,17.98739282068039,1,17.98739282068039,1,1.893340926882399,0.28066136315464973
Climate,ts_icl__experiment_config.instance_normalization-none__pipeline_config.raw_inference.completed_at-2026-09-26T16_03_22.385156_00_00,1,1,1.386630846888305,0.723784866365089,5.800372153520584,1,0,24129,0.0,27.6215133634911,27.6215133634911,1,27.6215133634911,1,1.9158052500490743,0.9648008923977613
Climate,ts_icl__experiment_config.instance_normalization-zscore__pipeline_config.raw_inference.completed_at-2026-09-27T14_33_01.933170_00_00,1,1,1.3866308235474505,0.7237848541817762,5.636612962931395,1,0,24129,0.0,27.62151458182238,27.62151458182238,1,27.62151458182238,1,1.9158052500490743,0.9648008923977613
Climate,chronos2__experiment_config.instance_normalization-none__pipeline_config.raw_inference.completed_at-2026-09-26T15_47_41.256424_00_00,1,1,2.139118123635133,0.8474232166084327,0.05661956965923309,1,0,23886,0.0,15.257678339156733,15.257678339156733,1,15.257678339156733,1,2.524261882033793,0.07402554526925087
Climate,chronos2__experiment_config.instance_normalization-zscore__pipeline_config.raw_inference.completed_at-2026-09-27T14_08_27.840525_00_00,1,1,2.139118076463215,0.8474231979210222,0.04531753621995449,1,0,23886,0.0,15.257680207897783,15.257680207897783,1,15.257680207897783,1,2.524261882033793,0.07402554526925087
Climate,chronos2__experiment_config.instance_normalization-none__pipeline_config.raw_inference.completed_at-2026-09-26T15_47_40.936798_00_00,1,1,1.8356686518765377,0.8240486507551307,0.07455896027386189,1,0,23886,0.0,17.59513492448693,17.59513492448693,1,17.59513492448693,1,2.2276216946589162,0.10067129507660866
Climate,chronos2__experiment_config.instance_normalization-zscore__pipeline_config.raw_inference.completed_at-2026-09-27T14_08_27.530650_00_00,1,1,1.835668688941209,0.8240486673938048,0.07595137320458889,1,0,23886,0.0,17.595133260619523,17.595133260619523,1,17.595133260619523,1,2.2276216946589162,0.10067129507660866
Climate,chronos2__experiment_config.instance_normalization-none__pipeline_config.raw_inference.completed_at-2026-09-26T15_47_40.569043_00_00,1,1,1.242231586401445,0.7985822986378156,0.5735014602541924,1,0,23886,0.0,20.14177013621844,20.14177013621844,1,20.14177013621844,1,1.5555461077967614,0.4084245152771473
Climate,chronos2__experiment_config.instance_normalization-zscore__pipeline_config.raw_inference.completed_at-2026-09-27T14_08_27.160127_00_00,1,1,1.2422316114706249,0.7985823147538148,0.5817210022360086,1,0,23886,0.0,20.14176852461852,20.14176852461852,1,20.14176852461852,1,1.5555461077967614,0.4084245152771473
Climate,chronos_bolt__experiment_config.instance_normalization-none__pipeline_config.raw_inference.completed_at-2026-09-26T15_48_10.275697_00_00,1,1,2.1537965293959545,0.853238146455963,0.37182822450995445,1,0,23886,0.0,14.676185354403703,14.676185354403703,1,14.676185354403703,1,2.524261882033793,0.07402554526925087
Climate,chronos_bolt__experiment_config.instance_normalization-zscore__pipeline_config.raw_inference.completed_at-2026-09-27T14_00_00.301902_00_00,1,1,2.1537965960228598,0.853238172850572,0.3716765809804201,1,0,23886,0.0,14.676182714942797,14.676182714942797,1,14.676182714942797,1,2.524261882033793,0.07402554526925087
Climate,chronos_bolt__experiment_config.instance_normalization-none__pipeline_config.raw_inference.completed_at-2026-09-26T15_48_09.858670_00_00,1,1,1.9464693816144993,0.8737881240254909,0.3257381711155176,1,0,23886,0.0,12.621187597450911,12.621187597450911,1,12.621187597450911,1,2.2276216946589162,0.10067129507660866
Climate,chronos_bolt__experiment_config.instance_normalization-zscore__pipeline_config.raw_inference.completed_at-2026-09-27T13_59_59.885028_00_00,1,1,1.9464694170253773,0.8737881399217619,0.33126573264598846,1,0,23886,0.0,12.621186007823814,12.621186007823814,1,12.621186007823814,1,2.2276216946589162,0.10067129507660866
Climate,chronos_bolt__experiment_config.instance_normalization-none__pipeline_config.raw_inference.completed_at-2026-09-26T15_48_09.461246_00_00,1,1,1.316102276045098,0.8460708875477784,0.38748606108129025,1,0,23886,0.0,15.392911245222162,15.392911245222162,1,15.392911245222162,1,1.5555461077967614,0.4084245152771473
Climate,chronos_bolt__experiment_config.instance_normalization-zscore__pipeline_config.raw_inference.completed_at-2026-09-27T13_59_59.481921_00_00,1,1,1.3161022448669424,0.8460708675045566,0.47643505223095417,1,0,23886,0.0,15.392913249544337,15.392913249544337,1,15.392913249544337,1,1.5555461077967614,0.4084245152771473
Climate,ts_icl__experiment_config.instance_normalization-none__pipeline_config.raw_inference.completed_at-2026-09-26T16_03_34.042014_00_00,1,1,2.0108007570754864,0.7965895976907863,0.24878704361617565,1,0,23886,0.0,20.34104023092137,20.34104023092137,1,20.34104023092137,1,2.524261882033793,0.07402554526925087
Climate,ts_icl__experiment_config.instance_normalization-zscore__pipeline_config.raw_inference.completed_at-2026-09-27T14_33_13.539194_00_00,1,1,2.0108006933882816,0.7965895724607556,0.2501851934939623,1,0,23886,0.0,20.341042753924444,20.341042753924444,1,20.341042753924444,1,2.524261882033793,0.07402554526925087
Climate,ts_icl__experiment_config.instance_normalization-none__pipeline_config.raw_inference.completed_at-2026-09-26T16_03_33.387940_00_00,1,1,1.8097602851403476,0.8124181450914852,0.4841473549604416,1,0,23886,0.0,18.758185490851474,18.758185490851474,1,18.758185490851474,1,2.2276216946589162,0.10067129507660866
Climate,ts_icl__experiment_config.instance_normalization-zscore__pipeline_config.raw_inference.completed_at-2026-09-27T14_33_12.886478_00_00,1,1,1.809760257081192,0.8124181324954705,0.4855628442019224,1,0,23886,0.0,18.758186750452953,18.758186750452953,1,18.758186750452953,1,2.2276216946589162,0.10067129507660866
Climate,ts_icl__experiment_config.instance_normalization-none__pipeline_config.raw_inference.completed_at-2026-09-26T16_03_32.393368_00_00,1,1,1.239956715693167,0.7971198728717931,3.0255052018910646,1,0,23886,0.0,20.28801271282069,20.28801271282069,1,20.28801271282069,1,1.5555461077967614,0.4084245152771473
Climate,ts_icl__experiment_config.instance_normalization-zscore__pipeline_config.raw_inference.completed_at-2026-09-27T14_33_11.881211_00_00,1,1,1.2399567254257318,0.7971198791284799,2.934922007843852,1,0,23886,0.0,20.28801208715201,20.28801208715201,1,20.28801208715201,1,1.5555461077967614,0.4084245152771473
Climate,chronos2__experiment_config.instance_normalization-none__pipeline_config.raw_inference.completed_at-2026-09-26T15_48_54.664121_00_00,1,1,1.3875581107601154,0.8707587642007973,0.35609316267073154,1,0,194400,0.0,12.924123579920266,12.924123579920266,1,12.924123579920266,1,1.5935046166703226,0.7003484927117825
Climate,chronos2__experiment_config.instance_normalization-zscore__pipeline_config.raw_inference.completed_at-2026-09-27T14_09_41.216754_00_00,1,1,1.3875582685180183,0.870758863201391,0.359690111130476,1,0,194400,0.0,12.924113679860906,12.924113679860906,1,12.924113679860906,1,1.5935046166703226,0.7003484927117825
Climate,chronos2__experiment_config.instance_normalization-none__pipeline_config.raw_inference.completed_at-2026-09-26T15_48_53.914141_00_00,1,1,1.249904498327334,0.8610019760282506,1.0642402078956366,1,0,194400,0.0,13.899802397174943,13.899802397174943,1,13.899802397174943,1,1.4516859811322,1.3113287333399057
Climate,chronos2__experiment_config.instance_normalization-zscore__pipeline_config.raw_inference.completed_at-2026-09-27T14_09_40.454690_00_00,1,1,1.2499044087373687,0.8610019143138259,1.082289908081293,1,0,194400,0.0,13.899808568617411,13.899808568617411,1,13.899808568617411,1,1.4516859811322,1.3113287333399057
Climate,chronos2__experiment_config.instance_normalization-none__pipeline_config.raw_inference.completed_at-2026-09-26T15_48_51.967815_00_00,1,1,1.1305421467327808,0.7807741631203355,8.633932314813137,1,0,194400,0.0,21.922583687966444,21.922583687966444,1,21.922583687966444,1,1.447975868226236,7.719230720773339
Climate,chronos2__experiment_config.instance_normalization-zscore__pipeline_config.raw_inference.completed_at-2026-09-27T14_09_38.423124_00_00,1,1,1.1305421706416163,0.7807741796322375,8.635830292478204,1,0,194400,0.0,21.92258203677625,21.92258203677625,1,21.92258203677625,1,1.447975868226236,7.719230720773339
Climate,chronos_bolt__experiment_config.instance_normalization-none__pipeline_config.raw_inference.completed_at-2026-09-26T15_50_00.788347_00_00,1,1,1.3758704254220318,0.8634241853010478,2.80189080350101,1,0,194400,0.0,13.65758146989522,13.65758146989522,1,13.65758146989522,1,1.5935046166703226,0.7003484927117825
Climate,chronos_bolt__experiment_config.instance_normalization-zscore__pipeline_config.raw_inference.completed_at-2026-09-27T15_13_47.560033_00_00,1,1,1.3758702303092447,0.8634240628584863,2.8236760161817074,1,0,194400,0.0,13.657593714151373,13.657593714151373,1,13.657593714151373,1,1.5935046166703226,0.7003484927117825
Climate,chronos_bolt__experiment_config.instance_normalization-none__pipeline_config.raw_inference.completed_at-2026-09-26T15_49_57.796501_00_00,1,1,1.2546875781987985,0.8642968207354607,2.475498855113983,1,0,194400,0.0,13.570317926453935,13.570317926453935,1,13.570317926453935,1,1.4516859811322,1.3113287333399057
Climate,chronos_bolt__experiment_config.instance_normalization-zscore__pipeline_config.raw_inference.completed_at-2026-09-27T15_13_44.544496_00_00,1,1,1.2546879976547154,0.8642971096794351,2.4120802618563175,1,0,194400,0.0,13.570289032056493,13.570289032056493,1,13.570289032056493,1,1.4516859811322,1.3113287333399057
Climate,chronos_bolt__experiment_config.instance_normalization-none__pipeline_config.raw_inference.completed_at-2026-09-26T15_49_54.637419_00_00,1,1,1.1376097055054408,0.7856551552195463,3.2253792844712734,1,0,194400,0.0,21.43448447804537,21.43448447804537,1,21.43448447804537,1,1.447975868226236,7.719230720773339
Climate,chronos_bolt__experiment_config.instance_normalization-zscore__pipeline_config.raw_inference.completed_at-2026-09-27T15_13_41.431751_00_00,1,1,1.1376095233615986,0.7856550294275036,3.0673212986439466,1,0,194400,0.0,21.434497057249636,21.434497057249636,1,21.434497057249636,1,1.447975868226236,7.719230720773339
Climate,ts_icl__experiment_config.instance_normalization-none__pipeline_config.raw_inference.completed_at-2026-09-26T16_07_54.679891_00_00,1,1,1.3953221482634197,0.8756310673131206,1.9205797761678696,1,0,194400,0.0,12.436893268687943,12.436893268687943,1,12.436893268687943,1,1.5935046166703226,0.7003484927117825
Climate,ts_icl__experiment_config.instance_normalization-zscore__pipeline_config.raw_inference.completed_at-2026-09-27T14_37_36.175829_00_00,1,1,1.3953222179138693,0.8756311110220932,1.932976372539997,1,0,194400,0.0,12.436888897790677,12.436888897790677,1,12.436888897790677,1,1.5935046166703226,0.7003484927117825
Climate,ts_icl__experiment_config.instance_normalization-none__pipeline_config.raw_inference.completed_at-2026-09-26T16_07_52.159828_00_00,1,1,1.2690630394887432,0.874199417768693,5.45385835506022,1,0,194400,0.0,12.580058223130697,12.580058223130697,1,12.580058223130697,1,1.4516859811322,1.3113287333399057
Climate,ts_icl__experiment_config.instance_normalization-zscore__pipeline_config.raw_inference.completed_at-2026-09-27T14_37_33.623104_00_00,1,1,1.269063087468385,0.8741994508196713,5.509345540776849,1,0,194400,0.0,12.580054918032868,12.580054918032868,1,12.580054918032868,1,1.4516859811322,1.3113287333399057
Climate,ts_icl__experiment_config.instance_normalization-none__pipeline_config.raw_inference.completed_at-2026-09-26T16_07_45.465539_00_00,1,1,1.142890894709768,0.7893024461172853,43.21806778386235,1,0,194400,0.0,21.06975538827147,21.06975538827147,1,21.06975538827147,1,1.447975868226236,7.719230720773339
Climate,ts_icl__experiment_config.instance_normalization-zscore__pipeline_config.raw_inference.completed_at-2026-09-27T14_37_26.896875_00_00,1,1,1.1428909290174043,0.7893024698107991,43.412825133651495,1,0,194400,0.0,21.06975301892009,21.06975301892009,1,21.06975301892009,1,1.447975868226236,7.719230720773339
Climate,chronos2__experiment_config.instance_normalization-none__pipeline_config.raw_inference.completed_at-2026-09-26T15_49_06.577617_00_00,1,1,1.4010791372080962,0.7623737013340763,0.09528536908328533,1,0,29160,0.0,23.762629866592366,23.762629866592366,1,23.762629866592366,1,1.837785242009726,0.10938471369445324
Climate,chronos2__experiment_config.instance_normalization-zscore__pipeline_config.raw_inference.completed_at-2026-09-27T14_09_54.315141_00_00,1,1,1.4010792415808109,0.7623737581267377,0.09551648795604706,1,0,29160,0.0,23.76262418732623,23.76262418732623,1,23.76262418732623,1,1.837785242009726,0.10938471369445324
Climate,chronos2__experiment_config.instance_normalization-none__pipeline_config.raw_inference.completed_at-2026-09-26T15_49_06.207636_00_00,1,1,0.9893873247652253,0.7712892645100224,0.2036834917962551,1,0,29160,0.0,22.871073548997757,22.871073548997757,1,22.871073548997757,1,1.2827707713444634,0.2092900276184082
Climate,chronos2__experiment_config.instance_normalization-zscore__pipeline_config.raw_inference.completed_at-2026-09-27T14_09_53.942544_00_00,1,1,0.9893871549779638,0.771289132150239,0.2062017135322094,1,0,29160,0.0,22.871086784976104,22.871086784976104,1,22.871086784976104,1,1.2827707713444634,0.2092900276184082
Climate,chronos2__experiment_config.instance_normalization-none__pipeline_config.raw_inference.completed_at-2026-09-26T15_49_05.643932_00_00,1,1,0.4837238683743286,0.3784291897259098,1.715425917878747,1,0,29160,0.0,62.15708102740902,62.15708102740902,1,62.15708102740902,1,1.2782414293270614,1.2500160355120897
Climate,chronos2__experiment_config.instance_normalization-zscore__pipeline_config.raw_inference.completed_at-2026-09-27T14_09_53.373880_00_00,1,1,0.48372410642941577,0.3784293759623137,1.7784803044050932,1,0,29160,0.0,62.157062403768634,62.157062403768634,1,62.157062403768634,1,1.2782414293270614,1.2500160355120897
Climate,chronos_bolt__experiment_config.instance_normalization-none__pipeline_config.raw_inference.completed_at-2026-09-26T15_50_13.749029_00_00,1,1,2.370452159975281,1.289841764853358,0.42830513417720795,1,0,29160,0.0,-28.9841764853358,-28.9841764853358,1,-28.9841764853358,1,1.837785242009726,0.10938471369445324
Climate,chronos_bolt__experiment_config.instance_normalization-zscore__pipeline_config.raw_inference.completed_at-2026-09-27T15_13_58.755768_00_00,1,1,2.3704527366607775,1.2898420786470939,0.4357987977564335,1,0,29160,0.0,-28.98420786470939,-28.98420786470939,1,-28.98420786470939,1,1.837785242009726,0.10938471369445324
Climate,chronos_bolt__experiment_config.instance_normalization-none__pipeline_config.raw_inference.completed_at-2026-09-26T15_50_13.260754_00_00,1,1,1.7547628129002864,1.3679472997822761,0.47553866542875767,1,0,29160,0.0,-36.794729978227615,-36.794729978227615,1,-36.794729978227615,1,1.2827707713444634,0.2092900276184082
Climate,chronos_bolt__experiment_config.instance_normalization-zscore__pipeline_config.raw_inference.completed_at-2026-09-27T15_13_58.259843_00_00,1,1,1.7547639742522632,1.3679482051287362,0.48242541030049324,1,0,29160,0.0,-36.79482051287361,-36.79482051287361,1,-36.79482051287361,1,1.2827707713444634,0.2092900276184082
Climate,chronos_bolt__experiment_config.instance_normalization-none__pipeline_config.raw_inference.completed_at-2026-09-26T15_50_12.641595_00_00,1,1,0.6111656872978505,0.47813008816308095,0.7514343541115522,1,0,29160,0.0,52.1869911836919,52.1869911836919,1,52.1869911836919,1,1.2782414293270614,1.2500160355120897
Climate,chronos_bolt__experiment_config.instance_normalization-zscore__pipeline_config.raw_inference.completed_at-2026-09-27T15_13_57.631465_00_00,1,1,0.6111659647928618,0.47813030525431655,0.7742141839116812,1,0,29160,0.0,52.18696947456834,52.18696947456834,1,52.18696947456834,1,1.2782414293270614,1.2500160355120897
Climate,ts_icl__experiment_config.instance_normalization-none__pipeline_config.raw_inference.completed_at-2026-09-26T16_08_11.081393_00_00,1,1,1.746738194256302,0.9504582768039541,0.3787784017622471,1,0,29160,0.0,4.954172319604588,4.954172319604588,1,4.954172319604588,1,1.837785242009726,0.10938471369445324
Climate,ts_icl__experiment_config.instance_normalization-zscore__pipeline_config.raw_inference.completed_at-2026-09-27T14_37_52.031320_00_00,1,1,1.7467376909070182,0.9504580029148879,0.38727176934480667,1,0,29160,0.0,4.954199708511209,4.954199708511209,1,4.954199708511209,1,1.837785242009726,0.10938471369445324
Climate,ts_icl__experiment_config.instance_normalization-none__pipeline_config.raw_inference.completed_at-2026-09-26T16_08_10.313554_00_00,1,1,1.2496745099830937,0.9741993954799253,1.090745884925127,1,0,29160,0.0,2.580060452007471,2.580060452007471,1,2.580060452007471,1,1.2827707713444634,0.2092900276184082
Climate,ts_icl__experiment_config.instance_normalization-zscore__pipeline_config.raw_inference.completed_at-2026-09-27T14_37_51.237120_00_00,1,1,1.2496746789595572,0.974199527207641,1.1088182758539915,1,0,29160,0.0,2.5800472792358975,2.5800472792358975,1,2.5800472792358975,1,1.2827707713444634,0.2092900276184082
Climate,ts_icl__experiment_config.instance_normalization-none__pipeline_config.raw_inference.completed_at-2026-09-26T16_08_08.642942_00_00,1,1,0.5645352327609865,0.4416499260692792,8.71646397933364,1,0,29160,0.0,55.835007393072075,55.835007393072075,1,55.835007393072075,1,1.2782414293270614,1.2500160355120897
Climate,ts_icl__experiment_config.instance_normalization-zscore__pipeline_config.raw_inference.completed_at-2026-09-27T14_37_49.554391_00_00,1,1,0.5645351863843108,0.4416498897876546,8.795613773167133,1,0,29160,0.0,55.835011021234536,55.835011021234536,1,55.835011021234536,1,1.2782414293270614,1.2500160355120897
Climate,chronos2__experiment_config.instance_normalization-none__pipeline_config.raw_inference.completed_at-2026-09-26T15_48_33.655572_00_00,1,1,1.252382036034176,0.8456190568789844,1.5354538895189762,1,0,2099520,0.0,15.438094312101558,15.438094312101558,1,15.438094312101558,1,1.4810239029575263,6.811730781570077
Climate,chronos2__experiment_config.instance_normalization-zscore__pipeline_config.raw_inference.completed_at-2026-09-27T14_09_20.063160_00_00,1,1,1.252382452127561,0.8456193378287951,1.5324159171432257,1,0,2099520,0.0,15.438066217120493,15.438066217120493,1,15.438066217120493,1,1.4810239029575263,6.811730781570077
Climate,chronos2__experiment_config.instance_normalization-none__pipeline_config.raw_inference.completed_at-2026-09-26T15_48_30.671929_00_00,1,1,1.030877263252768,0.8435526763689123,4.066814675927162,1,0,2099520,0.0,15.644732363108771,15.644732363108771,1,15.644732363108771,1,1.222066258731106,10.114560516551137
Climate,chronos2__experiment_config.instance_normalization-zscore__pipeline_config.raw_inference.completed_at-2026-09-27T14_09_17.089335_00_00,1,1,1.030877301860017,0.8435527079606927,4.044741107150912,1,0,2099520,0.0,15.64472920393073,15.64472920393073,1,15.64472920393073,1,1.222066258731106,10.114560516551137
Climate,chronos2__experiment_config.instance_normalization-none__pipeline_config.raw_inference.completed_at-2026-09-26T15_48_21.812438_00_00,1,1,0.7896222491456418,0.6481834190583823,30.978325570002198,1,0,2099520,0.0,35.18165809416177,35.18165809416177,1,35.18165809416177,1,1.2182080348379292,48.18329762108624
Climate,chronos2__experiment_config.instance_normalization-zscore__pipeline_config.raw_inference.completed_at-2026-09-27T14_09_08.275129_00_00,1,1,0.789622267484622,0.6481834341124451,30.898179622367024,1,0,2099520,0.0,35.181656588755494,35.181656588755494,1,35.181656588755494,1,1.2182080348379292,48.18329762108624
Climate,chronos_bolt__experiment_config.instance_normalization-none__pipeline_config.raw_inference.completed_at-2026-09-26T15_49_38.648611_00_00,1,1,1.3666070271612945,0.9227447473550242,32.15862756036222,1,0,2099520,0.0,7.725525264497579,7.725525264497579,1,7.725525264497579,1,1.4810239029575263,6.811730781570077
Climate,chronos_bolt__experiment_config.instance_normalization-zscore__pipeline_config.raw_inference.completed_at-2026-09-27T15_13_27.830712_00_00,1,1,1.3665872417537726,0.9227313880787273,32.13782522268593,1,0,2099520,0.0,7.726861192127266,7.726861192127266,1,7.726861192127266,1,1.4810239029575263,6.811730781570077
Climate,chronos_bolt__experiment_config.instance_normalization-none__pipeline_config.raw_inference.completed_at-2026-09-26T15_49_05.119306_00_00,1,1,1.0933035912750042,0.8946352814046282,30.308664947748184,1,0,2099520,0.0,10.536471859537178,10.536471859537178,1,10.536471859537178,1,1.222066258731106,10.114560516551137
Climate,chronos_bolt__experiment_config.instance_normalization-zscore__pipeline_config.raw_inference.completed_at-2026-09-27T15_12_54.337653_00_00,1,1,1.0933022319424865,0.8946341690815378,30.567335180938244,1,0,2099520,0.0,10.536583091846218,10.536583091846218,1,10.536583091846218,1,1.222066258731106,10.114560516551137
Climate,chronos_bolt__experiment_config.instance_normalization-none__pipeline_config.raw_inference.completed_at-2026-09-26T15_48_30.087755_00_00,1,1,0.8188563892682863,0.6721810773290682,10.092537354677916,1,0,2099520,0.0,32.781892267093184,32.781892267093184,1,32.781892267093184,1,1.2182080348379292,48.18329762108624
Climate,chronos_bolt__experiment_config.instance_normalization-zscore__pipeline_config.raw_inference.completed_at-2026-09-27T15_12_19.040429_00_00,1,1,0.8188563225104004,0.672181022528998,10.896324591711164,1,0,2099520,0.0,32.781897747100196,32.781897747100196,1,32.781897747100196,1,1.2182080348379292,48.18329762108624
Climate,ts_icl__experiment_config.instance_normalization-none__pipeline_config.raw_inference.completed_at-2026-09-26T16_06_55.979969_00_00,1,1,1.3854049722183888,0.9354372805542223,14.442658975720406,1,0,2099520,0.0,6.456271944577773,6.456271944577773,1,6.456271944577773,1,1.4810239029575263,6.811730781570077
Climate,ts_icl__experiment_config.instance_normalization-zscore__pipeline_config.raw_inference.completed_at-2026-09-27T14_36_36.848027_00_00,1,1,1.385404544607082,0.9354369918274125,14.467398857697845,1,0,2099520,0.0,6.456300817258754,6.456300817258754,1,6.456300817258754,1,1.4810239029575263,6.811730781570077
Climate,ts_icl__experiment_config.instance_normalization-none__pipeline_config.raw_inference.completed_at-2026-09-26T16_06_39.839239_00_00,1,1,1.0366148259413028,0.848247644949824,20.870247155427933,1,0,2099520,0.0,15.175235505017604,15.175235505017604,1,15.175235505017604,1,1.222066258731106,10.114560516551137
Climate,ts_icl__experiment_config.instance_normalization-zscore__pipeline_config.raw_inference.completed_at-2026-09-27T14_36_20.606296_00_00,1,1,1.0366144899899346,0.848247370045443,20.97588163986802,1,0,2099520,0.0,15.175262995455697,15.175262995455697,1,15.175262995455697,1,1.222066258731106,10.114560516551137
Climate,ts_icl__experiment_config.instance_normalization-none__pipeline_config.raw_inference.completed_at-2026-09-26T16_06_13.734355_00_00,1,1,0.811580262149247,0.6662082656984116,154.89970768243074,1,0,2099520,0.0,33.379173430158836,33.379173430158836,1,33.379173430158836,1,1.2182080348379292,48.18329762108624
Climate,ts_icl__experiment_config.instance_normalization-zscore__pipeline_config.raw_inference.completed_at-2026-09-27T14_35_54.311614_00_00,1,1,0.8115802041121697,0.66620821805706,155.96033020876348,1,0,2099520,0.0,33.379178194294,33.379178194294,1,33.379178194294,1,1.2182080348379292,48.18329762108624
Climate,chronos2__experiment_config.instance_normalization-none__pipeline_config.raw_inference.completed_at-2026-09-26T15_49_25.733402_00_00,1,1,2.2993970749811012,0.8687413044985622,0.6750923916697502,1,0,435456,0.0,13.125869550143776,13.125869550143776,1,13.125869550143776,1,2.646814492501095,1.3307417184114456
Climate,chronos2__experiment_config.instance_normalization-zscore__pipeline_config.raw_inference.completed_at-2026-09-27T14_10_13.482540_00_00,1,1,2.2993972540342207,0.8687413721470959,0.6759654209017754,1,0,435456,0.0,13.12586278529041,13.12586278529041,1,13.12586278529041,1,2.646814492501095,1.3307417184114456
Climate,chronos2__experiment_config.instance_normalization-none__pipeline_config.raw_inference.completed_at-2026-09-26T15_49_24.607194_00_00,1,1,1.6186084008630783,0.787644250251116,1.2439574021846056,1,0,435456,0.0,21.235574974888404,21.235574974888404,1,21.235574974888404,1,2.05499932278695,1.8770372215658426
Climate,chronos2__experiment_config.instance_normalization-zscore__pipeline_config.raw_inference.completed_at-2026-09-27T14_10_12.349844_00_00,1,1,1.6186084472175173,0.787644272808028,1.2520219888538122,1,0,435456,0.0,21.235572719197204,21.235572719197204,1,21.235572719197204,1,2.05499932278695,1.8770372215658426
Climate,chronos2__experiment_config.instance_normalization-none__pipeline_config.raw_inference.completed_at-2026-09-26T15_49_22.458019_00_00,1,1,0.9170105849553357,0.7610451411813391,6.526400502771139,1,0,435456,0.0,23.895485881866087,23.895485881866087,1,23.895485881866087,1,1.204935864293014,7.291973510757089
Climate,chronos2__experiment_config.instance_normalization-zscore__pipeline_config.raw_inference.completed_at-2026-09-27T14_10_10.175833_00_00,1,1,0.9170105728447442,0.7610451311305207,6.554464614018798,1,0,435456,0.0,23.895486886947925,23.895486886947925,1,23.895486886947925,1,1.204935864293014,7.291973510757089
Climate,chronos_bolt__experiment_config.instance_normalization-none__pipeline_config.raw_inference.completed_at-2026-09-26T15_50_39.241563_00_00,1,1,2.403046401752879,0.9079013314159889,6.603076305240393,1,0,435456,0.0,9.209866858401107,9.209866858401107,1,9.209866858401107,1,2.646814492501095,1.3307417184114456
Climate,chronos_bolt__experiment_config.instance_normalization-zscore__pipeline_config.raw_inference.completed_at-2026-09-27T15_14_24.709633_00_00,1,1,2.4030485392489465,0.9079021389890445,6.672059008851647,1,0,435456,0.0,9.209786101095553,9.209786101095553,1,9.209786101095553,1,2.646814492501095,1.3307417184114456
Climate,chronos_bolt__experiment_config.instance_normalization-none__pipeline_config.raw_inference.completed_at-2026-09-26T15_50_32.392678_00_00,1,1,1.744121568445221,0.8487212375719313,5.51859312877059,1,0,435456,0.0,15.12787624280687,15.12787624280687,1,15.12787624280687,1,2.05499932278695,1.8770372215658426
Climate,chronos_bolt__experiment_config.instance_normalization-zscore__pipeline_config.raw_inference.completed_at-2026-09-27T15_14_17.794750_00_00,1,1,1.7441207324569956,0.8487208307648749,5.629829239100218,1,0,435456,0.0,15.127916923512508,15.127916923512508,1,15.127916923512508,1,2.05499932278695,1.8770372215658426
Climate,chronos_bolt__experiment_config.instance_normalization-none__pipeline_config.raw_inference.completed_at-2026-09-26T15_50_26.168306_00_00,1,1,0.9819445754980096,0.8149351385388113,3.239248387515545,1,0,435456,0.0,18.506486146118874,18.506486146118874,1,18.506486146118874,1,1.204935864293014,7.291973510757089
Climate,chronos_bolt__experiment_config.instance_normalization-zscore__pipeline_config.raw_inference.completed_at-2026-09-27T15_14_11.468059_00_00,1,1,0.9819451560183926,0.814935620324108,3.414379259571433,1,0,435456,0.0,18.506437967589196,18.506437967589196,1,18.506437967589196,1,1.204935864293014,7.291973510757089
Climate,ts_icl__experiment_config.instance_normalization-none__pipeline_config.raw_inference.completed_at-2026-09-26T16_09_22.797780_00_00,1,1,2.333693521642404,0.8816989359300323,4.473325552418828,1,0,435456,0.0,11.830106406996766,11.830106406996766,1,11.830106406996766,1,2.646814492501095,1.3307417184114456
Climate,ts_icl__experiment_config.instance_normalization-zscore__pipeline_config.raw_inference.completed_at-2026-09-27T14_39_03.783305_00_00,1,1,2.33369391000263,0.8816990826574388,4.488011974841356,1,0,435456,0.0,11.83009173425612,11.83009173425612,1,11.83009173425612,1,2.646814492501095,1.3307417184114456
Climate,ts_icl__experiment_config.instance_normalization-none__pipeline_config.raw_inference.completed_at-2026-09-26T16_09_17.673881_00_00,1,1,1.6379611443059245,0.797061646757408,8.498017262667418,1,0,435456,0.0,20.293835324259202,20.293835324259202,1,20.293835324259202,1,2.05499932278695,1.8770372215658426
Climate,ts_icl__experiment_config.instance_normalization-zscore__pipeline_config.raw_inference.completed_at-2026-09-27T14_38_58.651583_00_00,1,1,1.637961323805617,0.797061734105219,8.54562358185649,1,0,435456,0.0,20.293826589478105,20.293826589478105,1,20.293826589478105,1,2.05499932278695,1.8770372215658426
Climate,ts_icl__experiment_config.instance_normalization-none__pipeline_config.raw_inference.completed_at-2026-09-26T16_09_07.941690_00_00,1,1,0.9437669634863203,0.7832507865803029,52.63533495925367,1,0,435456,0.0,21.67492134196971,21.67492134196971,1,21.67492134196971,1,1.204935864293014,7.291973510757089
Climate,ts_icl__experiment_config.instance_normalization-zscore__pipeline_config.raw_inference.completed_at-2026-09-27T14_38_48.970492_00_00,1,1,0.9437667801236647,0.7832506344040244,52.694763427600265,1,0,435456,0.0,21.67493655959756,21.67493655959756,1,21.67493655959756,1,1.204935864293014,7.291973510757089
Economics,chronos2__experiment_config.instance_normalization-none__pipeline_config.raw_inference.completed_at-2026-09-26T15_56_02.550081_00_00,1,1,1.4590158630789132,0.7956903841503931,0.25034067779779434,1,0,4320,0.0,20.430961584960695,20.430961584960695,1,20.430961584960695,1,1.8336477254740147,0.23624540865421295
Economics,chronos2__experiment_config.instance_normalization-zscore__pipeline_config.raw_inference.completed_at-2026-09-27T14_16_48.127804_00_00,1,1,1.45901555484479,0.7956902160515162,0.24709512293338776,1,0,4320,0.0,20.430978394848374,20.430978394848374,1,20.430978394848374,1,1.8336477254740147,0.23624540865421295
Economics,chronos_bolt__experiment_config.instance_normalization-none__pipeline_config.raw_inference.completed_at-2026-09-26T15_57_05.887193_00_00,1,1,1.5321493333429275,0.8355745283335996,0.27026289515197277,1,0,4320,0.0,16.442547166640043,16.442547166640043,1,16.442547166640043,1,1.8336477254740147,0.23624540865421295
Economics,chronos_bolt__experiment_config.instance_normalization-zscore__pipeline_config.raw_inference.completed_at-2026-09-27T15_20_54.813567_00_00,1,1,1.5321493405028856,0.8355745322383616,0.2714751809835434,1,0,4320,0.0,16.442546776163837,16.442546776163837,1,16.442546776163837,1,1.8336477254740147,0.23624540865421295
Economics,ts_icl__experiment_config.instance_normalization-none__pipeline_config.raw_inference.completed_at-2026-09-26T16_24_28.930878_00_00,1,1,1.426445685398948,0.7779278787206516,0.6909284833818674,1,0,4320,0.0,22.207212127934838,22.207212127934838,1,22.207212127934838,1,1.8336477254740147,0.23624540865421295
Economics,ts_icl__experiment_config.instance_normalization-zscore__pipeline_config.raw_inference.completed_at-2026-09-27T14_54_14.434936_00_00,1,1,1.4264459907392875,0.7779280452413716,0.6659108009189367,1,0,4320,0.0,22.20719547586284,22.20719547586284,1,22.20719547586284,1,1.8336477254740147,0.23624540865421295
Economics,chronos2__experiment_config.instance_normalization-none__pipeline_config.raw_inference.completed_at-2026-09-26T15_55_53.197161_00_00,1,1,0.9052348777989669,0.741941898777288,0.3581456486135721,1,0,17280,0.0,25.8058101222712,25.8058101222712,1,25.8058101222712,1,1.220088634016739,0.670241279527545
Economics,chronos2__experiment_config.instance_normalization-zscore__pipeline_config.raw_inference.completed_at-2026-09-27T14_16_38.779218_00_00,1,1,0.9052348938949537,0.7419419119697613,0.3649346847087145,1,0,17280,0.0,25.805808803023865,25.805808803023865,1,25.805808803023865,1,1.220088634016739,0.670241279527545
Economics,chronos_bolt__experiment_config.instance_normalization-none__pipeline_config.raw_inference.completed_at-2026-09-26T15_56_56.468880_00_00,1,1,0.9385643093449965,0.7692591203436454,0.40148663707077503,1,0,17280,0.0,23.07408796563546,23.07408796563546,1,23.07408796563546,1,1.220088634016739,0.670241279527545
Economics,chronos_bolt__experiment_config.instance_normalization-zscore__pipeline_config.raw_inference.completed_at-2026-09-27T15_20_45.316175_00_00,1,1,0.9385643330016856,0.7692591397329656,0.40421170741319656,1,0,17280,0.0,23.074086026703444,23.074086026703444,1,23.074086026703444,1,1.220088634016739,0.670241279527545
Economics,ts_icl__experiment_config.instance_normalization-none__pipeline_config.raw_inference.completed_at-2026-09-26T16_24_24.089912_00_00,1,1,0.9422205607088643,0.7722558299776257,2.1694455929100513,1,0,17280,0.0,22.774417002237435,22.774417002237435,1,22.774417002237435,1,1.220088634016739,0.670241279527545
Economics,ts_icl__experiment_config.instance_normalization-zscore__pipeline_config.raw_inference.completed_at-2026-09-27T14_54_09.642812_00_00,1,1,0.9422205380597157,0.7722558114140985,2.0592025592923164,1,0,17280,0.0,22.774418858590153,22.774418858590153,1,22.774418858590153,1,1.220088634016739,0.670241279527545
Finance,chronos2__experiment_config.instance_normalization-none__pipeline_config.raw_inference.completed_at-2026-09-26T15_54_11.319860_00_00,1,1,6.229414404066677,1.0097000501280702,0.22353448905050755,1,0,9720,0.0,-0.9700050128070181,-0.9700050128070181,1,-0.9700050128070181,1,6.169569272851417,0.1304615642875433
Finance,chronos2__experiment_config.instance_normalization-zscore__pipeline_config.raw_inference.completed_at-2026-09-27T14_14_55.872291_00_00,1,1,6.229413797740662,1.0096999518511909,0.22401870600879192,1,0,9720,0.0,-0.969995185119088,-0.969995185119088,1,-0.969995185119088,1,6.169569272851417,0.1304615642875433
Finance,chronos_bolt__experiment_config.instance_normalization-none__pipeline_config.raw_inference.completed_at-2026-09-26T15_55_16.526428_00_00,1,1,6.650599959702402,1.0779682771320378,0.3054798562079668,1,0,9720,0.0,-7.79682771320378,-7.79682771320378,1,-7.79682771320378,1,6.169569272851417,0.1304615642875433
Finance,chronos_bolt__experiment_config.instance_normalization-zscore__pipeline_config.raw_inference.completed_at-2026-09-27T15_19_06.822117_00_00,1,1,6.6505995166865794,1.0779682053254331,0.2710288390517235,1,0,9720,0.0,-7.796820532543314,-7.796820532543314,1,-7.796820532543314,1,6.169569272851417,0.1304615642875433
Finance,ts_icl__experiment_config.instance_normalization-none__pipeline_config.raw_inference.completed_at-2026-09-26T16_22_54.440894_00_00,1,1,6.398672126021581,1.0371343351598803,0.9998526759445667,1,0,9720,0.0,-3.7134335159880294,-3.7134335159880294,1,-3.7134335159880294,1,6.169569272851417,0.1304615642875433
Finance,ts_icl__experiment_config.instance_normalization-zscore__pipeline_config.raw_inference.completed_at-2026-09-27T14_52_40.146907_00_00,1,1,6.398671321984825,1.0371342048368837,1.0185365956276655,1,0,9720,0.0,-3.7134204836883677,-3.7134204836883677,1,-3.7134204836883677,1,6.169569272851417,0.1304615642875433
Healthcare,chronos2__experiment_config.instance_normalization-none__pipeline_config.raw_inference.completed_at-2026-09-26T15_53_43.404506_00_00,1,1,3.2510704942152295,0.9176932756570406,0.2482460793107748,1,0,10980,0.0,8.230672434295938,8.230672434295938,1,8.230672434295938,1,3.5426548068444346,0.15913516841828823
Healthcare,chronos2__experiment_config.instance_normalization-zscore__pipeline_config.raw_inference.completed_at-2026-09-27T14_14_27.850593_00_00,1,1,3.251070667105938,0.9176933244596245,0.2519973460584879,1,0,10980,0.0,8.230667554037552,8.230667554037552,1,8.230667554037552,1,3.5426548068444346,0.15913516841828823
Healthcare,chronos_bolt__experiment_config.instance_normalization-none__pipeline_config.raw_inference.completed_at-2026-09-26T15_54_48.077915_00_00,1,1,3.529062284006213,0.9961631816873716,0.4442441388964653,1,0,10980,0.0,0.3836818312628387,0.3836818312628387,1,0.3836818312628387,1,3.5426548068444346,0.15913516841828823
Healthcare,chronos_bolt__experiment_config.instance_normalization-zscore__pipeline_config.raw_inference.completed_at-2026-09-27T15_18_37.645978_00_00,1,1,3.5290621916882112,0.9961631556283829,0.27744573540985584,1,0,10980,0.0,0.3836844371617132,0.3836844371617132,1,0.3836844371617132,1,3.5426548068444346,0.15913516841828823
Healthcare,ts_icl__experiment_config.instance_normalization-none__pipeline_config.raw_inference.completed_at-2026-09-26T16_22_36.905392_00_00,1,1,3.2760216772323703,0.9247363505196929,1.222763068974018,1,0,10980,0.0,7.5263649480307055,7.5263649480307055,1,7.5263649480307055,1,3.5426548068444346,0.15913516841828823
Healthcare,ts_icl__experiment_config.instance_normalization-zscore__pipeline_config.raw_inference.completed_at-2026-09-27T14_52_22.752560_00_00,1,1,3.276021323038484,0.9247362505399023,0.7956809774041176,1,0,10980,0.0,7.526374946009772,7.526374946009772,1,7.526374946009772,1,3.5426548068444346,0.15913516841828823
Healthcare,chronos2__experiment_config.instance_normalization-none__pipeline_config.raw_inference.completed_at-2026-09-26T15_53_52.688939_00_00,1,1,1.4613553532441703,0.9468634994013284,0.26371740363538265,1,0,7380,0.0,5.313650059867159,5.313650059867159,1,5.313650059867159,1,1.5433643330513203,0.24591735564172268
Healthcare,chronos2__experiment_config.instance_normalization-zscore__pipeline_config.raw_inference.completed_at-2026-09-27T14_14_37.143989_00_00,1,1,1.4613553433276807,0.9468634929760862,0.2667781598865986,1,0,7380,0.0,5.3136507023913815,5.3136507023913815,1,5.3136507023913815,1,1.5433643330513203,0.24591735564172268
Healthcare,chronos_bolt__experiment_config.instance_normalization-none__pipeline_config.raw_inference.completed_at-2026-09-26T15_54_57.466201_00_00,1,1,1.358214699186885,0.8800350442864106,0.28816516138613224,1,0,7380,0.0,11.996495571358945,11.996495571358945,1,11.996495571358945,1,1.5433643330513203,0.24591735564172268
Healthcare,chronos_bolt__experiment_config.instance_normalization-zscore__pipeline_config.raw_inference.completed_at-2026-09-27T15_18_47.085268_00_00,1,1,1.3582147211742939,0.8800350585328255,0.2941087167710066,1,0,7380,0.0,11.99649414671745,11.99649414671745,1,11.99649414671745,1,1.5433643330513203,0.24591735564172268
Healthcare,ts_icl__experiment_config.instance_normalization-none__pipeline_config.raw_inference.completed_at-2026-09-26T16_22_42.213998_00_00,1,1,1.8728634975946643,1.2134940904665752,1.1548915188759565,1,0,7380,0.0,-21.34940904665752,-21.34940904665752,1,-21.34940904665752,1,1.5433643330513203,0.24591735564172268
Healthcare,ts_icl__experiment_config.instance_normalization-zscore__pipeline_config.raw_inference.completed_at-2026-09-27T14_52_27.798771_00_00,1,1,1.8728635557945341,1.2134941281763165,0.918847968801856,1,0,7380,0.0,-21.349412817631652,-21.349412817631652,1,-21.349412817631652,1,1.5433643330513203,0.24591735564172268
Energy,chronos2__experiment_config.instance_normalization-none__pipeline_config.raw_inference.completed_at-2026-09-26T15_51_15.309082_00_00,1,1,0.7839039420360605,0.805583445825203,0.09806406125426292,1,0,120960,0.0,19.441655417479698,19.441655417479698,1,19.441655417479698,1,0.9730884442803625,0.3239206336438656
Energy,chronos2__experiment_config.instance_normalization-zscore__pipeline_config.raw_inference.completed_at-2026-09-27T14_11_58.666160_00_00,1,1,0.7839039509951047,0.8055834550320169,0.09985977225005627,1,0,120960,0.0,19.44165449679831,19.44165449679831,1,19.44165449679831,1,0.9730884442803625,0.3239206336438656
Energy,chronos2__experiment_config.instance_normalization-none__pipeline_config.raw_inference.completed_at-2026-09-26T15_51_14.853419_00_00,1,1,0.6517499017231616,0.7156200869243586,0.6471758801490068,1,0,120960,0.0,28.437991307564136,28.437991307564136,1,28.437991307564136,1,0.9107484734313388,0.8218998499214649
Energy,chronos2__experiment_config.instance_normalization-zscore__pipeline_config.raw_inference.completed_at-2026-09-27T14_11_58.211642_00_00,1,1,0.6517498974798168,0.7156200822651746,0.6494134105741978,1,0,120960,0.0,28.43799177348254,28.43799177348254,1,28.43799177348254,1,0.9107484734313388,0.8218998499214649
Energy,chronos2__experiment_config.instance_normalization-none__pipeline_config.raw_inference.completed_at-2026-09-26T15_51_13.717626_00_00,1,1,0.5410549755223345,0.5939734485800114,2.847157733514905,1,0,120960,0.0,40.60265514199885,40.60265514199885,1,40.60265514199885,1,0.9109076791493171,2.521622147411108
Energy,chronos2__experiment_config.instance_normalization-zscore__pipeline_config.raw_inference.completed_at-2026-09-27T14_11_57.069198_00_00,1,1,0.5410549800349319,0.5939734535339684,2.8736116364598274,1,0,120960,0.0,40.60265464660316,40.60265464660316,1,40.60265464660316,1,0.9109076791493171,2.521622147411108
Energy,chronos_bolt__experiment_config.instance_normalization-none__pipeline_config.raw_inference.completed_at-2026-09-26T15_52_24.634567_00_00,1,1,0.7765424508227898,0.7980183665597569,1.8454545363783836,1,0,120960,0.0,20.198163344024312,20.198163344024312,1,20.198163344024312,1,0.9730884442803625,0.3239206336438656
Energy,chronos_bolt__experiment_config.instance_normalization-zscore__pipeline_config.raw_inference.completed_at-2026-09-27T15_16_11.309990_00_00,1,1,0.776542434847093,0.7980183501422391,1.8636555671691895,1,0,120960,0.0,20.19816498577609,20.19816498577609,1,20.19816498577609,1,0.9730884442803625,0.3239206336438656
Energy,chronos_bolt__experiment_config.instance_normalization-none__pipeline_config.raw_inference.completed_at-2026-09-26T15_52_22.640518_00_00,1,1,0.6761916492113271,0.7424570767203215,1.4686845429241657,1,0,120960,0.0,25.754292327967853,25.754292327967853,1,25.754292327967853,1,0.9107484734313388,0.8218998499214649
Energy,chronos_bolt__experiment_config.instance_normalization-zscore__pipeline_config.raw_inference.completed_at-2026-09-27T15_16_09.287984_00_00,1,1,0.6761916557582759,0.742457083908858,1.4908258952200413,1,0,120960,0.0,25.754291609114198,25.754291609114198,1,25.754291609114198,1,0.9107484734313388,0.8218998499214649
Energy,chronos_bolt__experiment_config.instance_normalization-none__pipeline_config.raw_inference.completed_at-2026-09-26T15_52_20.891228_00_00,1,1,0.570156750162608,0.6259215540866543,1.0544631276279688,1,0,120960,0.0,37.40784459133457,37.40784459133457,1,37.40784459133457,1,0.9109076791493171,2.521622147411108
Energy,chronos_bolt__experiment_config.instance_normalization-zscore__pipeline_config.raw_inference.completed_at-2026-09-27T15_16_07.501690_00_00,1,1,0.5701567471000543,0.6259215507245641,1.0931202173233032,1,0,120960,0.0,37.407844927543586,37.407844927543586,1,37.407844927543586,1,0.9109076791493171,2.521622147411108
Energy,ts_icl__experiment_config.instance_normalization-none__pipeline_config.raw_inference.completed_at-2026-09-26T16_13_54.542217_00_00,1,1,0.7579333755376296,0.778894642098182,0.5884481072425842,1,0,120960,0.0,22.110535790181796,22.110535790181796,1,22.110535790181796,1,0.9730884442803625,0.3239206336438656
Energy,ts_icl__experiment_config.instance_normalization-zscore__pipeline_config.raw_inference.completed_at-2026-09-27T14_43_36.296485_00_00,1,1,0.7579333657439078,0.7788946320336068,0.6059811841696501,1,0,120960,0.0,22.110536796639323,22.110536796639323,1,22.110536796639323,1,0.9730884442803625,0.3239206336438656
Energy,ts_icl__experiment_config.instance_normalization-none__pipeline_config.raw_inference.completed_at-2026-09-26T16_13_53.280812_00_00,1,1,0.6499942144093132,0.7136923457696206,3.3829814791679382,1,0,120960,0.0,28.63076542303794,28.63076542303794,1,28.63076542303794,1,0.9107484734313388,0.8218998499214649
Energy,ts_icl__experiment_config.instance_normalization-zscore__pipeline_config.raw_inference.completed_at-2026-09-27T14_43_35.072985_00_00,1,1,0.6499942051682999,0.7136923356230065,3.4337446689605713,1,0,120960,0.0,28.63076643769935,28.63076643769935,1,28.63076643769935,1,0.9107484734313388,0.8218998499214649
Energy,ts_icl__experiment_config.instance_normalization-none__pipeline_config.raw_inference.completed_at-2026-09-26T16_13_49.181705_00_00,1,1,0.5592457058390135,0.6139433431511792,13.503925709053874,1,0,120960,0.0,38.605665684882084,38.605665684882084,1,38.605665684882084,1,0.9109076791493171,2.521622147411108
Energy,ts_icl__experiment_config.instance_normalization-zscore__pipeline_config.raw_inference.completed_at-2026-09-27T14_43_30.910336_00_00,1,1,0.5592457153795347,0.6139433536248216,13.715694913640618,1,0,120960,0.0,38.60566463751785,38.60566463751785,1,38.60566463751785,1,0.9109076791493171,2.521622147411108
Transport,chronos2__experiment_config.instance_normalization-none__pipeline_config.raw_inference.completed_at-2026-09-26T15_53_11.055192_00_00,1,1,0.592638224850232,0.6334165647741988,0.027524907141923904,1,0,24192,0.0,36.65834352258012,36.65834352258012,1,36.65834352258012,1,0.9356216079721509,0.06830772198736668
Transport,chronos2__experiment_config.instance_normalization-zscore__pipeline_config.raw_inference.completed_at-2026-09-27T14_13_55.527929_00_00,1,1,0.592638229960345,0.6334165702359292,0.027847062796354294,1,0,24192,0.0,36.65834297640708,36.65834297640708,1,36.65834297640708,1,0.9356216079721509,0.06830772198736668
Transport,chronos2__experiment_config.instance_normalization-none__pipeline_config.raw_inference.completed_at-2026-09-26T15_53_10.748185_00_00,1,1,0.5358107102757379,0.685200749309695,0.1494110133498907,1,0,26784,0.0,31.4799250690305,31.4799250690305,1,31.4799250690305,1,0.7819762468379376,0.20554260909557343
Transport,chronos2__experiment_config.instance_normalization-zscore__pipeline_config.raw_inference.completed_at-2026-09-27T14_13_55.224984_00_00,1,1,0.5358107443943588,0.6852007929409704,0.15186318568885326,1,0,26784,0.0,31.479920705902963,31.479920705902963,1,31.479920705902963,1,0.7819762468379376,0.20554260909557343
Transport,chronos2__experiment_config.instance_normalization-none__pipeline_config.raw_inference.completed_at-2026-09-26T15_53_10.265308_00_00,1,1,0.4022035802507917,0.5142179910500525,1.0646973364055157,1,0,26784,0.0,48.57820089499475,48.57820089499475,1,48.57820089499475,1,0.7821655158923493,0.94864846393466
Transport,chronos2__experiment_config.instance_normalization-zscore__pipeline_config.raw_inference.completed_at-2026-09-27T14_13_54.734414_00_00,1,1,0.40220358959633706,0.5142180029983487,1.0738640278577805,1,0,26784,0.0,48.57819970016513,48.57819970016513,1,48.57819970016513,1,0.7821655158923493,0.94864846393466
Transport,chronos_bolt__experiment_config.instance_normalization-none__pipeline_config.raw_inference.completed_at-2026-09-26T15_54_13.144229_00_00,1,1,0.6364014052199654,0.6801910086271843,0.40079152025282383,1,0,24192,0.0,31.980899137281572,31.980899137281572,1,31.980899137281572,1,0.9356216079721509,0.06830772198736668
Transport,chronos_bolt__experiment_config.instance_normalization-zscore__pipeline_config.raw_inference.completed_at-2026-09-27T15_18_03.619889_00_00,1,1,0.6364013978272087,0.6801910007257458,0.40274969302117825,1,0,24192,0.0,31.980899927425423,31.980899927425423,1,31.980899927425423,1,0.9356216079721509,0.06830772198736668
Transport,chronos_bolt__experiment_config.instance_normalization-none__pipeline_config.raw_inference.completed_at-2026-09-26T15_54_12.688321_00_00,1,1,0.5966518526730152,0.7630050849826767,0.3466839361935854,1,0,26784,0.0,23.69949150173233,23.69949150173233,1,23.69949150173233,1,0.7819762468379376,0.20554260909557343
Transport,chronos_bolt__experiment_config.instance_normalization-zscore__pipeline_config.raw_inference.completed_at-2026-09-27T15_18_03.161930_00_00,1,1,0.5966518623620541,0.7630050973731285,0.41372147761285305,1,0,26784,0.0,23.69949026268715,23.69949026268715,1,23.69949026268715,1,0.7819762468379376,0.20554260909557343
Transport,chronos_bolt__experiment_config.instance_normalization-none__pipeline_config.raw_inference.completed_at-2026-09-26T15_54_12.227336_00_00,1,1,0.445327653983243,0.5693521958394981,0.4878161810338497,1,0,26784,0.0,43.06478041605018,43.06478041605018,1,43.06478041605018,1,0.7821655158923493,0.94864846393466
Transport,chronos_bolt__experiment_config.instance_normalization-zscore__pipeline_config.raw_inference.completed_at-2026-09-27T15_18_02.632370_00_00,1,1,0.4453276444950652,0.569352183708846,0.6566225811839104,1,0,26784,0.0,43.0647816291154,43.0647816291154,1,43.0647816291154,1,0.7821655158923493,0.94864846393466
Transport,ts_icl__experiment_config.instance_normalization-none__pipeline_config.raw_inference.completed_at-2026-09-26T16_21_31.124155_00_00,1,1,0.6049253900009155,0.6465491870287388,0.13298251666128635,1,0,24192,0.0,35.34508129712612,35.34508129712612,1,35.34508129712612,1,0.9356216079721509,0.06830772198736668
Transport,ts_icl__experiment_config.instance_normalization-zscore__pipeline_config.raw_inference.completed_at-2026-09-27T14_51_17.399334_00_00,1,1,0.6049253804234677,0.6465491767922845,0.13372392766177654,1,0,24192,0.0,35.345082320771546,35.345082320771546,1,35.345082320771546,1,0.9356216079721509,0.06830772198736668
Transport,ts_icl__experiment_config.instance_normalization-none__pipeline_config.raw_inference.completed_at-2026-09-26T16_21_30.587111_00_00,1,1,0.5187531956915099,0.6633874082354576,0.7406959868967533,1,0,26784,0.0,33.66125917645424,33.66125917645424,1,33.66125917645424,1,0.7819762468379376,0.20554260909557343
Transport,ts_icl__experiment_config.instance_normalization-zscore__pipeline_config.raw_inference.completed_at-2026-09-27T14_51_16.851523_00_00,1,1,0.5187532107107791,0.6633874274422675,0.7553578969091177,1,0,26784,0.0,33.66125725577325,33.66125725577325,1,33.66125725577325,1,0.7819762468379376,0.20554260909557343
Transport,ts_icl__experiment_config.instance_normalization-none__pipeline_config.raw_inference.completed_at-2026-09-26T16_21_29.290215_00_00,1,1,0.4363837318757116,0.5579173755542706,4.841252971440554,1,0,26784,0.0,44.208262444572945,44.208262444572945,1,44.208262444572945,1,0.7821655158923493,0.94864846393466
Transport,ts_icl__experiment_config.instance_normalization-zscore__pipeline_config.raw_inference.completed_at-2026-09-27T14_51_15.536209_00_00,1,1,0.4363837482163045,0.5579173964457476,4.859055075794458,1,0,26784,0.0,44.208260355425246,44.208260355425246,1,44.208260355425246,1,0.7821655158923493,0.94864846393466
Healthcare,chronos2__experiment_config.instance_normalization-none__pipeline_config.raw_inference.completed_at-2026-09-26T15_54_02.005414_00_00,1,1,2.687638735307393,0.6352501786041488,0.23693689703941345,1,0,27540,0.0,36.47498213958512,36.47498213958512,1,36.47498213958512,1,4.230835072275004,0.9592583514750004
Healthcare,chronos2__experiment_config.instance_normalization-zscore__pipeline_config.raw_inference.completed_at-2026-09-27T14_14_46.480284_00_00,1,1,2.6876389041972,0.6352502185229365,0.24157072231173515,1,0,27540,0.0,36.47497814770635,36.47497814770635,1,36.47497814770635,1,4.230835072275004,0.9592583514750004
Healthcare,chronos_bolt__experiment_config.instance_normalization-none__pipeline_config.raw_inference.completed_at-2026-09-26T15_55_07.075343_00_00,1,1,2.8883879320915615,0.6826992503251653,0.48335096053779125,1,0,27540,0.0,31.730074967483468,31.730074967483468,1,31.730074967483468,1,4.230835072275004,0.9592583514750004
Healthcare,chronos_bolt__experiment_config.instance_normalization-zscore__pipeline_config.raw_inference.completed_at-2026-09-27T15_18_56.844304_00_00,1,1,2.8883879164930666,0.6826992466383057,0.5673177689313889,1,0,27540,0.0,31.730075336169428,31.730075336169428,1,31.730075336169428,1,4.230835072275004,0.9592583514750004
Healthcare,ts_icl__experiment_config.instance_normalization-none__pipeline_config.raw_inference.completed_at-2026-09-26T16_22_49.277269_00_00,1,1,2.968530838215052,0.7016418242507416,2.9371749740093946,1,0,27540,0.0,29.835817574925837,29.835817574925837,1,29.835817574925837,1,4.230835072275004,0.9592583514750004
Healthcare,ts_icl__experiment_config.instance_normalization-zscore__pipeline_config.raw_inference.completed_at-2026-09-27T14_52_34.909914_00_00,1,1,2.9685309544319263,0.7016418517197571,2.959255227819085,1,0,27540,0.0,29.835814828024287,29.835814828024287,1,29.835814828024287,1,4.230835072275004,0.9592583514750004
Economics,chronos2__experiment_config.instance_normalization-none__pipeline_config.raw_inference.completed_at-2026-09-26T15_56_21.042709_00_00,1,1,1.427177654123309,0.7670994049743153,0.20113585516810417,1,0,10800,0.0,23.29005950256847,23.29005950256847,1,23.29005950256847,1,1.8604859355497676,1.0270398706197739
Economics,chronos2__experiment_config.instance_normalization-zscore__pipeline_config.raw_inference.completed_at-2026-09-27T14_17_06.646509_00_00,1,1,1.4271775948856797,0.7670993731344459,0.20060237497091293,1,0,10800,0.0,23.290062686555412,23.290062686555412,1,23.290062686555412,1,1.8604859355497676,1.0270398706197739
Economics,chronos_bolt__experiment_config.instance_normalization-none__pipeline_config.raw_inference.completed_at-2026-09-26T15_57_25.251262_00_00,1,1,1.5684767906961357,0.8430468410032113,0.5499611962586641,1,0,10800,0.0,15.695315899678874,15.695315899678874,1,15.695315899678874,1,1.8604859355497676,1.0270398706197739
Economics,chronos_bolt__experiment_config.instance_normalization-zscore__pipeline_config.raw_inference.completed_at-2026-09-27T15_21_14.125091_00_00,1,1,1.568476767004656,0.8430468282691834,0.5684629064053297,1,0,10800,0.0,15.695317173081659,15.695317173081659,1,15.695317173081659,1,1.8604859355497676,1.0270398706197739
Economics,ts_icl__experiment_config.instance_normalization-none__pipeline_config.raw_inference.completed_at-2026-09-26T16_24_41.799969_00_00,1,1,1.5345163921503744,0.8247933310481758,3.557822410017252,1,0,10800,0.0,17.520666895182423,17.520666895182423,1,17.520666895182423,1,1.8604859355497676,1.0270398706197739
Economics,ts_icl__experiment_config.instance_normalization-zscore__pipeline_config.raw_inference.completed_at-2026-09-27T14_54_27.391522_00_00,1,1,1.5345163336454395,0.8247932996021251,3.584081681445241,1,0,10800,0.0,17.52067003978749,17.52067003978749,1,17.52067003978749,1,1.8604859355497676,1.0270398706197739
Economics,chronos2__experiment_config.instance_normalization-none__pipeline_config.raw_inference.completed_at-2026-09-26T15_55_06.641830_00_00,1,1,0.5298324093950973,0.7746001702407476,0.2125970870256424,1,0,1296,0.0,22.539982975925245,22.539982975925245,1,22.539982975925245,1,0.6840076077319015,0.042518192902207375
Economics,chronos2__experiment_config.instance_normalization-zscore__pipeline_config.raw_inference.completed_at-2026-09-27T14_15_51.833518_00_00,1,1,0.5298322699978302,0.77459996644584,0.21365148946642876,1,0,1296,0.0,22.540003355416005,22.540003355416005,1,22.540003355416005,1,0.6840076077319015,0.042518192902207375
Economics,chronos_bolt__experiment_config.instance_normalization-none__pipeline_config.raw_inference.completed_at-2026-09-26T15_56_07.298844_00_00,1,1,0.5280441169302251,0.7719857366516212,0.2515050657093525,1,0,1296,0.0,22.80142633483788,22.80142633483788,1,22.80142633483788,1,0.6840076077319015,0.042518192902207375
Economics,chronos_bolt__experiment_config.instance_normalization-zscore__pipeline_config.raw_inference.completed_at-2026-09-27T15_19_57.420759_00_00,1,1,0.5280441361809324,0.771985764795617,0.23381108604371548,1,0,1296,0.0,22.801423520438302,22.801423520438302,1,22.801423520438302,1,0.6840076077319015,0.042518192902207375
Economics,ts_icl__experiment_config.instance_normalization-none__pipeline_config.raw_inference.completed_at-2026-09-26T16_23_59.040212_00_00,1,1,0.519415995523202,0.7593716643672015,0.3577870484441519,1,0,1296,0.0,24.062833563279852,24.062833563279852,1,24.062833563279852,1,0.6840076077319015,0.042518192902207375
Economics,ts_icl__experiment_config.instance_normalization-zscore__pipeline_config.raw_inference.completed_at-2026-09-27T14_53_44.668095_00_00,1,1,0.519415927767595,0.7593715653103984,0.3102544005960226,1,0,1296,0.0,24.06284346896016,24.06284346896016,1,24.06284346896016,1,0.6840076077319015,0.042518192902207375
Economics,chronos2__experiment_config.instance_normalization-none__pipeline_config.raw_inference.completed_at-2026-09-26T15_55_15.950479_00_00,1,1,0.9042078797292128,0.5364326507424232,0.18847018666565418,1,0,3240,0.0,46.35673492575768,46.35673492575768,1,46.35673492575768,1,1.68559441428069,0.12467530183494091
Economics,chronos2__experiment_config.instance_normalization-zscore__pipeline_config.raw_inference.completed_at-2026-09-27T14_16_01.147695_00_00,1,1,0.9042079444621286,0.5364326891460364,0.1879661250859499,1,0,3240,0.0,46.35673108539636,46.35673108539636,1,46.35673108539636,1,1.68559441428069,0.12467530183494091
Economics,chronos_bolt__experiment_config.instance_normalization-none__pipeline_config.raw_inference.completed_at-2026-09-26T15_56_16.748087_00_00,1,1,1.0554441681567701,0.6261554732353394,0.2509199474006891,1,0,3240,0.0,37.38445267646606,37.38445267646606,1,37.38445267646606,1,1.68559441428069,0.12467530183494091
Economics,chronos_bolt__experiment_config.instance_normalization-zscore__pipeline_config.raw_inference.completed_at-2026-09-27T15_20_06.856868_00_00,1,1,1.0554442283231331,0.6261555089297879,0.2527552433311939,1,0,3240,0.0,37.38444910702121,37.38444910702121,1,37.38444910702121,1,1.68559441428069,0.12467530183494091
Economics,ts_icl__experiment_config.instance_normalization-none__pipeline_config.raw_inference.completed_at-2026-09-26T16_24_03.718436_00_00,1,1,1.0651837489836085,0.6319336015586908,0.5758270882070065,1,0,3240,0.0,36.80663984413092,36.80663984413092,1,36.80663984413092,1,1.68559441428069,0.12467530183494091
Economics,ts_icl__experiment_config.instance_normalization-zscore__pipeline_config.raw_inference.completed_at-2026-09-27T14_53_49.336156_00_00,1,1,1.065183888266753,0.631933684190161,0.5200427640229464,1,0,3240,0.0,36.8066315809839,36.8066315809839,1,36.8066315809839,1,1.68559441428069,0.12467530183494091
Economics,chronos2__experiment_config.instance_normalization-none__pipeline_config.raw_inference.completed_at-2026-09-26T15_54_47.983176_00_00,1,1,3.14383480240003,1.1552232026779394,0.21054657548666,1,0,936,0.0,-15.522320267793944,-15.522320267793944,1,-15.522320267793944,1,2.721408984092651,0.03467201255261898
Economics,chronos2__experiment_config.instance_normalization-zscore__pipeline_config.raw_inference.completed_at-2026-09-27T14_15_32.471755_00_00,1,1,3.143836630722344,1.1552238745072472,0.213245939463377,1,0,936,0.0,-15.522387450724718,-15.522387450724718,1,-15.522387450724718,1,2.721408984092651,0.03467201255261898
Economics,chronos_bolt__experiment_config.instance_normalization-none__pipeline_config.raw_inference.completed_at-2026-09-26T15_55_48.059660_00_00,1,1,4.146792423445997,1.5237667133771828,0.23013658821582794,1,0,936,0.0,-52.376671337718285,-52.376671337718285,1,-52.376671337718285,1,2.721408984092651,0.03467201255261898
Economics,chronos_bolt__experiment_config.instance_normalization-zscore__pipeline_config.raw_inference.completed_at-2026-09-27T15_19_38.589649_00_00,1,1,4.1467931338454544,1.5237669744182323,0.22889767214655876,1,0,936,0.0,-52.376697441823225,-52.376697441823225,1,-52.376697441823225,1,2.721408984092651,0.03467201255261898
Economics,ts_icl__experiment_config.instance_normalization-none__pipeline_config.raw_inference.completed_at-2026-09-26T16_23_50.018373_00_00,1,1,2.8235117450947285,1.0375183449451717,0.405135216191411,1,0,936,0.0,-3.75183449451717,-3.75183449451717,1,-3.75183449451717,1,2.721408984092651,0.03467201255261898
Economics,ts_icl__experiment_config.instance_normalization-zscore__pipeline_config.raw_inference.completed_at-2026-09-27T14_53_35.681148_00_00,1,1,2.8235139232811886,1.0375191453344086,0.2549454364925623,1,0,936,0.0,-3.751914533440859,-3.751914533440859,1,-3.751914533440859,1,2.721408984092651,0.03467201255261898
Transport,chronos2__experiment_config.instance_normalization-none__pipeline_config.raw_inference.completed_at-2026-09-26T15_59_17.220077_00_00,1,1,0.6686335696286634,0.7697031603954076,0.08982253074645996,1,0,80298,0.0,23.029683960459234,23.029683960459234,1,23.029683960459234,1,0.8686901704875118,0.25662210769951344
Transport,chronos2__experiment_config.instance_normalization-zscore__pipeline_config.raw_inference.completed_at-2026-09-27T14_20_00.483219_00_00,1,1,0.6686335673090456,0.7697031577251601,0.0903089102357626,1,0,80298,0.0,23.029684227483994,23.029684227483994,1,23.029684227483994,1,0.8686901704875118,0.25662210769951344
Transport,chronos2__experiment_config.instance_normalization-none__pipeline_config.raw_inference.completed_at-2026-09-26T15_59_16.828646_00_00,1,1,0.6510332169597657,0.7627195008885047,0.1743956096470356,1,0,80298,0.0,23.72804991114953,23.72804991114953,1,23.72804991114953,1,0.8535683382965379,0.3273764196783304
Transport,chronos2__experiment_config.instance_normalization-zscore__pipeline_config.raw_inference.completed_at-2026-09-27T14_20_00.089181_00_00,1,1,0.6510332132341381,0.7627194965237368,0.17457879707217216,1,0,80298,0.0,23.72805034762632,23.72805034762632,1,23.72805034762632,1,0.8535683382965379,0.3273764196783304
Transport,chronos2__experiment_config.instance_normalization-none__pipeline_config.raw_inference.completed_at-2026-09-26T15_59_16.297649_00_00,1,1,0.6120071780108346,0.7013424427645181,1.1435055248439312,1,0,80298,0.0,29.865755723548194,29.865755723548194,1,29.865755723548194,1,0.8726224746907574,1.047394271939993
Transport,chronos2__experiment_config.instance_normalization-zscore__pipeline_config.raw_inference.completed_at-2026-09-27T14_19_59.554411_00_00,1,1,0.612007179731248,0.7013424447360618,1.1481079757213593,1,0,80298,0.0,29.865755526393823,29.865755526393823,1,29.865755526393823,1,0.8726224746907574,1.047394271939993
Transport,chronos_bolt__experiment_config.instance_normalization-none__pipeline_config.raw_inference.completed_at-2026-09-26T16_07_48.889946_00_00,1,1,0.694838569336889,0.7998692663311054,1.4043840672820807,1,0,80298,0.0,20.013073366889454,20.013073366889454,1,20.013073366889454,1,0.8686901704875118,0.25662210769951344
Transport,chronos_bolt__experiment_config.instance_normalization-zscore__pipeline_config.raw_inference.completed_at-2026-09-27T15_31_41.762863_00_00,1,1,0.694838594184483,0.7998692949346223,1.4206068776547909,1,0,80298,0.0,20.013070506537765,20.013070506537765,1,20.013070506537765,1,0.8686901704875118,0.25662210769951344
Transport,chronos_bolt__experiment_config.instance_normalization-none__pipeline_config.raw_inference.completed_at-2026-09-26T16_07_47.396009_00_00,1,1,0.6855807975211551,0.8031938003808404,1.4036972597241402,1,0,80298,0.0,19.68061996191596,19.68061996191596,1,19.68061996191596,1,0.8535683382965379,0.3273764196783304
Transport,chronos_bolt__experiment_config.instance_normalization-zscore__pipeline_config.raw_inference.completed_at-2026-09-27T15_31_40.252745_00_00,1,1,0.6855808040042297,0.8031938079761017,1.4146628566086292,1,0,80298,0.0,19.680619202389828,19.680619202389828,1,19.680619202389828,1,0.8535683382965379,0.3273764196783304
Transport,chronos_bolt__experiment_config.instance_normalization-none__pipeline_config.raw_inference.completed_at-2026-09-26T16_07_45.846542_00_00,1,1,0.6495314561459699,0.7443441751556454,0.5659189783036709,1,0,80298,0.0,25.565582484435456,25.565582484435456,1,25.565582484435456,1,0.8726224746907574,1.047394271939993
Transport,chronos_bolt__experiment_config.instance_normalization-zscore__pipeline_config.raw_inference.completed_at-2026-09-27T15_31_38.691862_00_00,1,1,0.6495314608205368,0.7443441805125633,0.5781821850687265,1,0,80298,0.0,25.565581948743667,25.565581948743667,1,25.565581948743667,1,0.8726224746907574,1.047394271939993
Transport,ts_icl__experiment_config.instance_normalization-none__pipeline_config.raw_inference.completed_at-2026-09-26T16_32_46.568368_00_00,1,1,0.6979776681435321,0.803482866338668,0.3963604625314474,1,0,80298,0.0,19.651713366133205,19.651713366133205,1,19.651713366133205,1,0.8686901704875118,0.25662210769951344
Transport,ts_icl__experiment_config.instance_normalization-zscore__pipeline_config.raw_inference.completed_at-2026-09-27T15_02_35.033558_00_00,1,1,0.6979776737494608,0.8034828727919799,0.39903873577713966,1,0,80298,0.0,19.651712720802006,19.651712720802006,1,19.651712720802006,1,0.8686901704875118,0.25662210769951344
Transport,ts_icl__experiment_config.instance_normalization-none__pipeline_config.raw_inference.completed_at-2026-09-26T16_32_45.727670_00_00,1,1,0.679845185530925,0.7964742306253869,0.7053412981331348,1,0,80298,0.0,20.352576937461308,20.352576937461308,1,20.352576937461308,1,0.8535683382965379,0.3273764196783304
Transport,ts_icl__experiment_config.instance_normalization-zscore__pipeline_config.raw_inference.completed_at-2026-09-27T15_02_34.199364_00_00,1,1,0.679845179638104,0.7964742237216386,0.7095739245414734,1,0,80298,0.0,20.352577627836144,20.352577627836144,1,20.352577627836144,1,0.8535683382965379,0.3273764196783304
Transport,ts_icl__experiment_config.instance_normalization-none__pipeline_config.raw_inference.completed_at-2026-09-26T16_32_44.445985_00_00,1,1,0.6435365645174245,0.7374742035443024,3.99725404381752,1,0,80298,0.0,26.252579645569764,26.252579645569764,1,26.252579645569764,1,0.8726224746907574,1.047394271939993
Transport,ts_icl__experiment_config.instance_normalization-zscore__pipeline_config.raw_inference.completed_at-2026-09-27T15_02_32.906347_00_00,1,1,0.6435365656141897,0.7374742048011634,4.029753588140011,1,0,80298,0.0,26.252579519883657,26.252579519883657,1,26.252579519883657,1,0.8726224746907574,1.047394271939993
Climate,chronos2__experiment_config.instance_normalization-none__pipeline_config.raw_inference.completed_at-2026-09-26T15_50_11.706461_00_00,1,1,1.203564641776657,0.9042069727404326,0.106172950938344,1,0,24192,0.0,9.57930272595674,9.57930272595674,1,9.57930272595674,1,1.3310720643183538,0.10447249189019203
Climate,chronos2__experiment_config.instance_normalization-zscore__pipeline_config.raw_inference.completed_at-2026-09-27T14_10_56.426652_00_00,1,1,1.2035646425515467,0.9042069733225871,0.09603027254343033,1,0,24192,0.0,9.579302667741285,9.579302667741285,1,9.579302667741285,1,1.3310720643183538,0.10447249189019203
Climate,chronos2__experiment_config.instance_normalization-none__pipeline_config.raw_inference.completed_at-2026-09-26T15_50_11.329123_00_00,1,1,0.8915087697288963,0.8160283807582627,0.1753155943006277,1,0,25920,0.0,18.397161924173734,18.397161924173734,1,18.397161924173734,1,1.092497259593467,0.19002198800444603
Climate,chronos2__experiment_config.instance_normalization-zscore__pipeline_config.raw_inference.completed_at-2026-09-27T14_10_56.055165_00_00,1,1,0.8915088549627072,0.8160284587756766,0.1768404208123684,1,0,25920,0.0,18.397154122432337,18.397154122432337,1,18.397154122432337,1,1.092497259593467,0.19002198800444603
Climate,chronos2__experiment_config.instance_normalization-none__pipeline_config.raw_inference.completed_at-2026-09-26T15_50_10.856785_00_00,1,1,0.49645280308376133,0.5965490516104354,0.8576976526528597,1,0,25920,0.0,40.34509483895646,40.34509483895646,1,40.34509483895646,1,0.8322078490336116,0.4648978114128113
Climate,chronos2__experiment_config.instance_normalization-zscore__pipeline_config.raw_inference.completed_at-2026-09-27T14_10_55.577377_00_00,1,1,0.49645288742882665,0.5965491529613964,0.6868824362754822,1,0,25920,0.0,40.34508470386036,40.34508470386036,1,40.34508470386036,1,0.8322078490336116,0.4648978114128113
Climate,chronos_bolt__experiment_config.instance_normalization-none__pipeline_config.raw_inference.completed_at-2026-09-26T15_51_21.235337_00_00,1,1,1.2605794159420194,0.947040697295053,0.2967744283378124,1,0,24192,0.0,5.295930270494697,5.295930270494697,1,5.295930270494697,1,1.3310720643183538,0.10447249189019203
Climate,chronos_bolt__experiment_config.instance_normalization-zscore__pipeline_config.raw_inference.completed_at-2026-09-27T15_15_07.274686_00_00,1,1,1.2605793369120337,0.9470406379218697,0.30489778332412243,1,0,24192,0.0,5.2959362078130345,5.2959362078130345,1,5.2959362078130345,1,1.3310720643183538,0.10447249189019203
Climate,chronos_bolt__experiment_config.instance_normalization-none__pipeline_config.raw_inference.completed_at-2026-09-26T15_51_20.880163_00_00,1,1,0.9416772869144727,0.861949335474657,0.4348701946437359,1,0,25920,0.0,13.805066452534298,13.805066452534298,1,13.805066452534298,1,1.092497259593467,0.19002198800444603
Climate,chronos_bolt__experiment_config.instance_normalization-zscore__pipeline_config.raw_inference.completed_at-2026-09-27T15_15_06.908470_00_00,1,1,0.941677274249838,0.861949323882285,0.44112065620720387,1,0,25920,0.0,13.805067611771504,13.805067611771504,1,13.805067611771504,1,1.092497259593467,0.19002198800444603
Climate,chronos_bolt__experiment_config.instance_normalization-none__pipeline_config.raw_inference.completed_at-2026-09-26T15_51_20.362300_00_00,1,1,0.5332655848362043,0.6407841327805917,0.3917584456503391,1,0,25920,0.0,35.921586721940834,35.921586721940834,1,35.921586721940834,1,0.8322078490336116,0.4648978114128113
Climate,chronos_bolt__experiment_config.instance_normalization-zscore__pipeline_config.raw_inference.completed_at-2026-09-27T15_15_06.382527_00_00,1,1,0.5332655923766986,0.6407841418414222,0.4012211374938488,1,0,25920,0.0,35.92158581585778,35.92158581585778,1,35.92158581585778,1,0.8322078490336116,0.4648978114128113
Climate,ts_icl__experiment_config.instance_normalization-none__pipeline_config.raw_inference.completed_at-2026-09-26T16_11_51.810372_00_00,1,1,1.184444580234607,0.8898425652416986,0.3980697076767683,1,0,24192,0.0,11.015743475830142,11.015743475830142,1,11.015743475830142,1,1.3310720643183538,0.10447249189019203
Climate,ts_icl__experiment_config.instance_normalization-zscore__pipeline_config.raw_inference.completed_at-2026-09-27T14_41_32.118246_00_00,1,1,1.184444760298078,0.8898427005187252,0.40326093323528767,1,0,24192,0.0,11.015729948127484,11.015729948127484,1,11.015729948127484,1,1.3310720643183538,0.10447249189019203
Climate,ts_icl__experiment_config.instance_normalization-none__pipeline_config.raw_inference.completed_at-2026-09-26T16_11_51.007506_00_00,1,1,0.889811358229547,0.8144746821247477,0.9607861638069153,1,0,25920,0.0,18.55253178752523,18.55253178752523,1,18.55253178752523,1,1.092497259593467,0.19002198800444603
Climate,ts_icl__experiment_config.instance_normalization-zscore__pipeline_config.raw_inference.completed_at-2026-09-27T14_41_31.294688_00_00,1,1,0.8898112985151242,0.8144746274661,0.9789680410176516,1,0,25920,0.0,18.55253725339,18.55253725339,1,18.55253725339,1,1.092497259593467,0.19002198800444603
Climate,ts_icl__experiment_config.instance_normalization-none__pipeline_config.raw_inference.completed_at-2026-09-26T16_11_49.521143_00_00,1,1,0.510068111026166,0.6129095172780149,3.288859996944666,1,0,25920,0.0,38.70904827219851,38.70904827219851,1,38.70904827219851,1,0.8322078490336116,0.4648978114128113
Climate,ts_icl__experiment_config.instance_normalization-zscore__pipeline_config.raw_inference.completed_at-2026-09-27T14_41_29.792647_00_00,1,1,0.5100680529991034,0.6129094475513683,3.016954477876425,1,0,25920,0.0,38.709055244863166,38.709055244863166,1,38.709055244863166,1,0.8322078490336116,0.4648978114128113
Finance,chronos2__experiment_config.instance_normalization-none__pipeline_config.raw_inference.completed_at-2026-09-26T15_54_38.621987_00_00,1,1,1.3434109152905664,0.866901838908831,1.2827612645924091,1,0,69984,0.0,13.309816109116902,13.309816109116902,1,13.309816109116902,1,1.5496690109476723,12.73761128820479
Finance,chronos2__experiment_config.instance_normalization-zscore__pipeline_config.raw_inference.completed_at-2026-09-27T14_15_23.041376_00_00,1,1,1.343410864922128,0.8669018064061235,1.2889734227210283,1,0,69984,0.0,13.309819359387653,13.309819359387653,1,13.309819359387653,1,1.5496690109476723,12.73761128820479
Finance,chronos_bolt__experiment_config.instance_normalization-none__pipeline_config.raw_inference.completed_at-2026-09-26T15_55_38.573670_00_00,1,1,1.4220399114774767,0.9176410584656743,0.8497904893010855,1,0,69984,0.0,8.235894153432566,8.235894153432566,1,8.235894153432566,1,1.5496690109476723,12.73761128820479
Finance,chronos_bolt__experiment_config.instance_normalization-zscore__pipeline_config.raw_inference.completed_at-2026-09-27T15_19_29.071961_00_00,1,1,1.4220399138175597,0.9176410599757278,0.8775561265647411,1,0,69984,0.0,8.235894002427225,8.235894002427225,1,8.235894002427225,1,1.5496690109476723,12.73761128820479
Finance,ts_icl__experiment_config.instance_normalization-none__pipeline_config.raw_inference.completed_at-2026-09-26T16_23_45.381839_00_00,1,1,1.343467022681446,0.866938044957015,9.864931035786867,1,0,69984,0.0,13.3061955042985,13.3061955042985,1,13.3061955042985,1,1.5496690109476723,12.73761128820479
Finance,ts_icl__experiment_config.instance_normalization-zscore__pipeline_config.raw_inference.completed_at-2026-09-27T14_53_31.159490_00_00,1,1,1.3434670379093367,0.866938054783559,9.691382376477122,1,0,69984,0.0,13.306194521644098,13.306194521644098,1,13.306194521644098,1,1.5496690109476723,12.73761128820479
Sales,chronos2__experiment_config.instance_normalization-none__pipeline_config.raw_inference.completed_at-2026-09-26T15_56_39.615774_00_00,1,1,0.6092702040045644,0.3753379415224901,0.20953883975744247,1,0,1620,0.0,62.46620584775099,62.46620584775099,1,62.46620584775099,1,1.6232577008686375,0.0238774586468935
Sales,chronos2__experiment_config.instance_normalization-zscore__pipeline_config.raw_inference.completed_at-2026-09-27T14_17_25.127440_00_00,1,1,0.6092701998543976,0.37533793896580003,0.2088470496237278,1,0,1620,0.0,62.46620610342,62.46620610342,1,62.46620610342,1,1.6232577008686375,0.0238774586468935
Sales,chronos_bolt__experiment_config.instance_normalization-none__pipeline_config.raw_inference.completed_at-2026-09-26T15_57_44.023468_00_00,1,1,0.6195295273705109,0.381658147710612,0.2266604658216238,1,0,1620,0.0,61.8341852289388,61.8341852289388,1,61.8341852289388,1,1.6232577008686375,0.0238774586468935
Sales,chronos_bolt__experiment_config.instance_normalization-zscore__pipeline_config.raw_inference.completed_at-2026-09-27T15_21_33.110682_00_00,1,1,0.6195295195084619,0.38165814286723504,0.22612861543893814,1,0,1620,0.0,61.834185713276504,61.834185713276504,1,61.834185713276504,1,1.6232577008686375,0.0238774586468935
Sales,ts_icl__experiment_config.instance_normalization-none__pipeline_config.raw_inference.completed_at-2026-09-26T16_24_51.108817_00_00,1,1,0.644110333658554,0.3968010336953139,0.23457277566194534,1,0,1620,0.0,60.31989663046862,60.31989663046862,1,60.31989663046862,1,1.6232577008686375,0.0238774586468935
Sales,ts_icl__experiment_config.instance_normalization-zscore__pipeline_config.raw_inference.completed_at-2026-09-27T14_54_36.702080_00_00,1,1,0.644110230918008,0.39680097040250095,0.23975135013461113,1,0,1620,0.0,60.3199029597499,60.3199029597499,1,60.3199029597499,1,1.6232577008686375,0.0238774586468935
Energy,chronos2__experiment_config.instance_normalization-none__pipeline_config.raw_inference.completed_at-2026-09-26T15_51_01.033165_00_00,1,1,0.7277800559655977,0.7117830610199366,0.6761443838477135,1,0,362880,0.0,28.82169389800634,28.82169389800634,1,28.82169389800634,1,1.0224745372877215,1.548388870432973
Energy,chronos2__experiment_config.instance_normalization-zscore__pipeline_config.raw_inference.completed_at-2026-09-27T14_11_44.674728_00_00,1,1,0.7277800687560657,0.7117830735292633,0.6852590944617987,1,0,362880,0.0,28.82169264707367,28.82169264707367,1,28.82169264707367,1,1.0224745372877215,1.548388870432973
Energy,chronos2__experiment_config.instance_normalization-none__pipeline_config.raw_inference.completed_at-2026-09-26T15_50_59.789761_00_00,1,1,0.5801664817821864,0.5676356985687455,2.03146000392735,1,0,362880,0.0,43.236430143125446,43.236430143125446,1,43.236430143125446,1,1.0220753966761364,3.178912067785859
Energy,chronos2__experiment_config.instance_normalization-zscore__pipeline_config.raw_inference.completed_at-2026-09-27T14_11_43.411799_00_00,1,1,0.5801664805983303,0.567635697410459,2.078214669600129,1,0,362880,0.0,43.236430258954094,43.236430258954094,1,43.236430258954094,1,1.0220753966761364,3.178912067785859
Energy,chronos2__experiment_config.instance_normalization-none__pipeline_config.raw_inference.completed_at-2026-09-26T15_50_56.705854_00_00,1,1,0.38256966810718757,0.3744558321278641,8.476671669632196,1,0,362880,0.0,62.55441678721358,62.55441678721358,1,62.55441678721358,1,1.021668339182264,10.443060778081417
Energy,chronos2__experiment_config.instance_normalization-zscore__pipeline_config.raw_inference.completed_at-2026-09-27T14_11_40.244871_00_00,1,1,0.38256966122656544,0.37445582539317157,8.347633035853505,1,0,362880,0.0,62.55441746068284,62.55441746068284,1,62.55441746068284,1,1.021668339182264,10.443060778081417
Energy,chronos_bolt__experiment_config.instance_normalization-none__pipeline_config.raw_inference.completed_at-2026-09-26T15_52_10.540675_00_00,1,1,0.8973124209379337,0.8775890139212654,5.179444497451186,1,0,362880,0.0,12.241098607873457,12.241098607873457,1,12.241098607873457,1,1.0224745372877215,1.548388870432973
Energy,chronos_bolt__experiment_config.instance_normalization-zscore__pipeline_config.raw_inference.completed_at-2026-09-27T15_15_56.897838_00_00,1,1,0.8973123747375235,0.8775889687363649,5.234441144391894,1,0,362880,0.0,12.241103126363505,12.241103126363505,1,12.241103126363505,1,1.0224745372877215,1.548388870432973
Energy,chronos_bolt__experiment_config.instance_normalization-none__pipeline_config.raw_inference.completed_at-2026-09-26T15_52_04.973736_00_00,1,1,0.7173457233720583,0.7018520607236205,4.3582125287503,1,0,362880,0.0,29.81479392763795,29.81479392763795,1,29.81479392763795,1,1.0220753966761364,3.178912067785859
Energy,chronos_bolt__experiment_config.instance_normalization-zscore__pipeline_config.raw_inference.completed_at-2026-09-27T15_15_51.271780_00_00,1,1,0.7173457135977502,0.7018520511604238,4.447386398911476,1,0,362880,0.0,29.814794883957617,29.814794883957617,1,29.814794883957617,1,1.0220753966761364,3.178912067785859
Energy,chronos_bolt__experiment_config.instance_normalization-none__pipeline_config.raw_inference.completed_at-2026-09-26T15_51_59.733636_00_00,1,1,0.4592765393518389,0.4495358442050191,2.7573469653725624,1,0,362880,0.0,55.046415579498095,55.046415579498095,1,55.046415579498095,1,1.021668339182264,10.443060778081417
Energy,chronos_bolt__experiment_config.instance_normalization-zscore__pipeline_config.raw_inference.completed_at-2026-09-27T15_15_45.938920_00_00,1,1,0.4592765287562789,0.449535833834178,2.866579784080386,1,0,362880,0.0,55.046416616582206,55.046416616582206,1,55.046416616582206,1,1.021668339182264,10.443060778081417
Energy,ts_icl__experiment_config.instance_normalization-none__pipeline_config.raw_inference.completed_at-2026-09-26T16_13_30.673581_00_00,1,1,0.7907008535945231,0.773320825858397,3.5753011647611856,1,0,362880,0.0,22.6679174141603,22.6679174141603,1,22.6679174141603,1,1.0224745372877215,1.548388870432973
Energy,ts_icl__experiment_config.instance_normalization-zscore__pipeline_config.raw_inference.completed_at-2026-09-27T14_43_12.146350_00_00,1,1,0.7907008687761191,0.7733208407062934,3.611622389405966,1,0,362880,0.0,22.667915929370665,22.667915929370665,1,22.667915929370665,1,1.0224745372877215,1.548388870432973
Energy,ts_icl__experiment_config.instance_normalization-none__pipeline_config.raw_inference.completed_at-2026-09-26T16_13_26.362732_00_00,1,1,0.6449028965535343,0.630973897474497,10.126248680055141,1,0,362880,0.0,36.9026102525503,36.9026102525503,1,36.9026102525503,1,1.0220753966761364,3.178912067785859
Energy,ts_icl__experiment_config.instance_normalization-zscore__pipeline_config.raw_inference.completed_at-2026-09-27T14_43_07.776081_00_00,1,1,0.6449028933921254,0.63097389438137,10.216781295835972,1,0,362880,0.0,36.902610561863,36.902610561863,1,36.902610561863,1,1.0220753966761364,3.178912067785859
Energy,ts_icl__experiment_config.instance_normalization-none__pipeline_config.raw_inference.completed_at-2026-09-26T16_13_14.902402_00_00,1,1,0.4241598137214453,0.4151639014877761,40.01643034815788,1,0,362880,0.0,58.48360985122238,58.48360985122238,1,58.48360985122238,1,1.021668339182264,10.443060778081417
Energy,ts_icl__experiment_config.instance_normalization-zscore__pipeline_config.raw_inference.completed_at-2026-09-27T14_42_56.129078_00_00,1,1,0.42415981172852796,0.4151638995371261,40.53049892000854,1,0,362880,0.0,58.483610046287396,58.483610046287396,1,58.483610046287396,1,1.021668339182264,10.443060778081417
Transport,chronos2__experiment_config.instance_normalization-none__pipeline_config.raw_inference.completed_at-2026-09-26T15_53_23.611682_00_00,1,1,0.6587580455178945,0.6907909446775197,3.217762650921941,1,0,641520,0.0,30.92090553224803,30.92090553224803,1,30.92090553224803,1,0.9536286637709488,8.429396253079176
Transport,chronos2__experiment_config.instance_normalization-zscore__pipeline_config.raw_inference.completed_at-2026-09-27T14_14_08.041270_00_00,1,1,0.6587580453297049,0.6907909444801792,3.299869852140546,1,0,641520,0.0,30.92090555198208,30.92090555198208,1,30.92090555198208,1,0.9536286637709488,8.429396253079176
Transport,chronos_bolt__experiment_config.instance_normalization-none__pipeline_config.raw_inference.completed_at-2026-09-26T15_54_26.337432_00_00,1,1,0.662000459082709,0.6941910244863553,3.9558901842683554,1,0,641520,0.0,30.580897551364473,30.580897551364473,1,30.580897551364473,1,0.9536286637709488,8.429396253079176
Transport,chronos_bolt__experiment_config.instance_normalization-zscore__pipeline_config.raw_inference.completed_at-2026-09-27T15_18_17.080789_00_00,1,1,0.6620004593780406,0.6941910247960478,4.097200270742178,1,0,641520,0.0,30.580897520395222,30.580897520395222,1,30.580897520395222,1,0.9536286637709488,8.429396253079176
Transport,ts_icl__experiment_config.instance_normalization-none__pipeline_config.raw_inference.completed_at-2026-09-26T16_22_17.175763_00_00,1,1,0.6636159462695193,0.6958850666729881,41.82253032922745,1,0,641520,0.0,30.41149333270119,30.41149333270119,1,30.41149333270119,1,0.9536286637709488,8.429396253079176
Transport,ts_icl__experiment_config.instance_normalization-zscore__pipeline_config.raw_inference.completed_at-2026-09-27T14_52_03.390921_00_00,1,1,0.6636159445820514,0.6958850649034651,41.68402470089495,1,0,641520,0.0,30.411493509653486,30.411493509653486,1,30.411493509653486,1,0.9536286637709488,8.429396253079176
Transport,chronos2__experiment_config.instance_normalization-none__pipeline_config.raw_inference.completed_at-2026-09-26T15_53_33.873091_00_00,1,1,0.7793327862026835,0.7988733113320162,0.5649919267743826,1,0,92664,0.0,20.112668866798376,20.112668866798376,1,20.112668866798376,1,0.9755398949343401,3.7023675721138716
Transport,chronos2__experiment_config.instance_normalization-zscore__pipeline_config.raw_inference.completed_at-2026-09-27T14_14_18.353717_00_00,1,1,0.77933278420036,0.7988733092794876,0.5899721197783947,1,0,92664,0.0,20.112669072051236,20.112669072051236,1,20.112669072051236,1,0.9755398949343401,3.7023675721138716
Transport,chronos_bolt__experiment_config.instance_normalization-none__pipeline_config.raw_inference.completed_at-2026-09-26T15_54_37.367123_00_00,1,1,0.7834238251459267,0.8030669265439482,1.150308296084404,1,0,92664,0.0,19.69330734560518,19.69330734560518,1,19.69330734560518,1,0.9755398949343401,3.7023675721138716
Transport,chronos_bolt__experiment_config.instance_normalization-zscore__pipeline_config.raw_inference.completed_at-2026-09-27T15_18_28.028645_00_00,1,1,0.7834238248254553,0.8030669262154415,1.1490720584988594,1,0,92664,0.0,19.69330737845585,19.69330737845585,1,19.69330737845585,1,0.9755398949343401,3.7023675721138716
Transport,ts_icl__experiment_config.instance_normalization-none__pipeline_config.raw_inference.completed_at-2026-09-26T16_22_31.377150_00_00,1,1,0.7878643592183598,0.8076187999173401,9.429790884256363,1,0,92664,0.0,19.23812000826599,19.23812000826599,1,19.23812000826599,1,0.9755398949343401,3.7023675721138716
Transport,ts_icl__experiment_config.instance_normalization-zscore__pipeline_config.raw_inference.completed_at-2026-09-27T14_52_17.607370_00_00,1,1,0.787864356527081,0.8076187971585818,9.424504546448588,1,0,92664,0.0,19.238120284141825,19.238120284141825,1,19.238120284141825,1,0.9755398949343401,3.7023675721138716
Transport,chronos2__experiment_config.instance_normalization-none__pipeline_config.raw_inference.completed_at-2026-09-26T15_52_59.550091_00_00,1,1,0.7260138576806109,0.5551023033224332,2.0824789125472307,1,0,2115504,0.0,44.48976966775668,44.48976966775668,1,44.48976966775668,1,1.307891992764626,6.209343260154128
Transport,chronos2__experiment_config.instance_normalization-zscore__pipeline_config.raw_inference.completed_at-2026-09-27T14_13_43.945921_00_00,1,1,0.7260138591778799,0.5551023044672286,2.114057134836912,1,0,2115504,0.0,44.489769553277135,44.489769553277135,1,44.489769553277135,1,1.307891992764626,6.209343260154128
Transport,chronos2__experiment_config.instance_normalization-none__pipeline_config.raw_inference.completed_at-2026-09-26T15_52_55.794388_00_00,1,1,0.5286342047799814,0.558075969445258,12.438771849498153,1,0,2115504,0.0,44.1924030554742,44.1924030554742,1,44.1924030554742,1,0.9472441633805834,14.223496982827783
Transport,chronos2__experiment_config.instance_normalization-zscore__pipeline_config.raw_inference.completed_at-2026-09-27T14_13_40.138598_00_00,1,1,0.528634202932731,0.5580759674951268,12.592052564024925,1,0,2115504,0.0,44.192403250487324,44.192403250487324,1,44.192403250487324,1,0.9472441633805834,14.223496982827783
Transport,chronos2__experiment_config.instance_normalization-none__pipeline_config.raw_inference.completed_at-2026-09-26T15_52_38.199887_00_00,1,1,0.3700561151945231,0.3928127857824786,73.49860926344991,1,0,2115504,0.0,60.71872142175214,60.71872142175214,1,60.71872142175214,1,0.9420673883040124,61.188514133915305
Transport,chronos2__experiment_config.instance_normalization-zscore__pipeline_config.raw_inference.completed_at-2026-09-27T14_13_22.374683_00_00,1,1,0.37005611232383323,0.3928127827352551,74.20189631730318,1,0,2115504,0.0,60.71872172647449,60.71872172647449,1,60.71872172647449,1,0.9420673883040124,61.188514133915305
Transport,chronos_bolt__experiment_config.instance_normalization-none__pipeline_config.raw_inference.completed_at-2026-09-26T15_54_01.859387_00_00,1,1,0.9706223534883668,0.7421273001577617,32.652760710567236,1,0,2115504,0.0,25.787269984223826,25.787269984223826,1,25.787269984223826,1,1.307891992764626,6.209343260154128
Transport,chronos_bolt__experiment_config.instance_normalization-zscore__pipeline_config.raw_inference.completed_at-2026-09-27T15_17_50.923566_00_00,1,1,0.9706222299347952,0.7421272056900441,32.898101007565856,1,0,2115504,0.0,25.78727943099559,25.78727943099559,1,25.78727943099559,1,1.307891992764626,6.209343260154128
Transport,chronos_bolt__experiment_config.instance_normalization-none__pipeline_config.raw_inference.completed_at-2026-09-26T15_53_27.734483_00_00,1,1,0.6110573661681822,0.6450896081401051,25.755703112110496,1,0,2115504,0.0,35.49103918598949,35.49103918598949,1,35.49103918598949,1,0.9472441633805834,14.223496982827783
Transport,chronos_bolt__experiment_config.instance_normalization-zscore__pipeline_config.raw_inference.completed_at-2026-09-27T15_17_16.553395_00_00,1,1,0.6110573663253239,0.6450896083059987,26.205719036981463,1,0,2115504,0.0,35.49103916940013,35.49103916940013,1,35.49103916940013,1,0.9472441633805834,14.223496982827783
Transport,chronos_bolt__experiment_config.instance_normalization-none__pipeline_config.raw_inference.completed_at-2026-09-26T15_52_56.939323_00_00,1,1,0.40722017076287736,0.43226225195629453,22.855650447309017,1,0,2115504,0.0,56.77377480437055,56.77377480437055,1,56.77377480437055,1,0.9420673883040124,61.188514133915305
Transport,chronos_bolt__experiment_config.instance_normalization-zscore__pipeline_config.raw_inference.completed_at-2026-09-27T15_16_45.257093_00_00,1,1,0.4072201688519189,0.43226224992782136,24.012066764757037,1,0,2115504,0.0,56.773775007217864,56.773775007217864,1,56.773775007217864,1,0.9420673883040124,61.188514133915305
Transport,ts_icl__experiment_config.instance_normalization-none__pipeline_config.raw_inference.completed_at-2026-09-26T16_21_13.726040_00_00,1,1,0.8407709166409469,0.642844303116898,9.854780355468392,1,0,2115504,0.0,35.7155696883102,35.7155696883102,1,35.7155696883102,1,1.307891992764626,6.209343260154128
Transport,ts_icl__experiment_config.instance_normalization-zscore__pipeline_config.raw_inference.completed_at-2026-09-27T14_50_59.972772_00_00,1,1,0.8407709278077415,0.6428443116549077,9.953892884775996,1,0,2115504,0.0,35.71556883450923,35.71556883450923,1,35.71556883450923,1,1.307891992764626,6.209343260154128
Transport,ts_icl__experiment_config.instance_normalization-none__pipeline_config.raw_inference.completed_at-2026-09-26T16_21_01.989257_00_00,1,1,0.6267502229170061,0.661656463187085,60.45972050353885,1,0,2115504,0.0,33.834353681291496,33.834353681291496,1,33.834353681291496,1,0.9472441633805834,14.223496982827783
Transport,ts_icl__experiment_config.instance_normalization-zscore__pipeline_config.raw_inference.completed_at-2026-09-27T14_50_48.184536_00_00,1,1,0.6267502191255863,0.6616564591845058,60.9852652233094,1,0,2115504,0.0,33.83435408154942,33.83435408154942,1,33.83435408154942,1,0.9472441633805834,14.223496982827783
Transport,ts_icl__experiment_config.instance_normalization-none__pipeline_config.raw_inference.completed_at-2026-09-26T16_19_55.707136_00_00,1,1,0.40559594179022385,0.4305381407166755,356.3620943184942,1,0,2115504,0.0,56.94618592833245,56.94618592833245,1,56.94618592833245,1,0.9420673883040124,61.188514133915305
Transport,ts_icl__experiment_config.instance_normalization-zscore__pipeline_config.raw_inference.completed_at-2026-09-27T14_49_41.503253_00_00,1,1,0.40559594268265325,0.430538141663985,360.2081570979208,1,0,2115504,0.0,56.94618583360149,56.94618583360149,1,56.94618583360149,1,0.9420673883040124,61.188514133915305
Climate,chronos2__experiment_config.instance_normalization-none__pipeline_config.raw_inference.completed_at-2026-09-26T15_50_00.474439_00_00,1,1,0.9613872795889807,0.7446972215904354,0.3097974080592394,1,0,98280,0.0,25.53027784095646,25.53027784095646,1,25.53027784095646,1,1.2909773955323274,0.5505183693021536
Climate,chronos2__experiment_config.instance_normalization-zscore__pipeline_config.raw_inference.completed_at-2026-09-27T14_10_45.786384_00_00,1,1,0.9613872798401589,0.7446972217849998,0.31083305552601814,1,0,98280,0.0,25.530277821500025,25.530277821500025,1,25.530277821500025,1,1.2909773955323274,0.5505183693021536
Climate,chronos2__experiment_config.instance_normalization-none__pipeline_config.raw_inference.completed_at-2026-09-26T15_49_59.800093_00_00,1,1,0.9262713766391221,0.7815046969507259,0.7197570148855448,1,0,97200,0.0,21.849530304927413,21.849530304927413,1,21.849530304927413,1,1.1852409592075988,0.9979876652359962
Climate,chronos2__experiment_config.instance_normalization-zscore__pipeline_config.raw_inference.completed_at-2026-09-27T14_10_45.108589_00_00,1,1,0.9262713759627763,0.7815046963800859,0.6868141945451498,1,0,97200,0.0,21.84953036199141,21.84953036199141,1,21.84953036199141,1,1.1852409592075988,0.9979876652359962
Climate,chronos2__experiment_config.instance_normalization-none__pipeline_config.raw_inference.completed_at-2026-09-26T15_49_58.583374_00_00,1,1,0.8697938508370043,0.7421402495275882,2.3806664291769266,1,0,99360,0.0,25.785975047241184,25.785975047241184,1,25.785975047241184,1,1.1720073818805468,2.634098643437028
Climate,chronos2__experiment_config.instance_normalization-zscore__pipeline_config.raw_inference.completed_at-2026-09-27T14_10_43.931907_00_00,1,1,0.8697938488167253,0.7421402478038115,2.3334081172943115,1,0,99360,0.0,25.78597521961885,25.78597521961885,1,25.78597521961885,1,1.1720073818805468,2.634098643437028
Climate,chronos_bolt__experiment_config.instance_normalization-none__pipeline_config.raw_inference.completed_at-2026-09-26T15_51_10.785196_00_00,1,1,0.9862905912465224,0.7639874986655603,1.2839510161429644,1,0,98280,0.0,23.601250133443973,23.601250133443973,1,23.601250133443973,1,1.2909773955323274,0.5505183693021536
Climate,chronos_bolt__experiment_config.instance_normalization-zscore__pipeline_config.raw_inference.completed_at-2026-09-27T15_14_56.688492_00_00,1,1,0.9862905901510536,0.7639874978170025,1.3029786311089993,1,0,98280,0.0,23.601250218299754,23.601250218299754,1,23.601250218299754,1,1.2909773955323274,0.5505183693021536
Climate,chronos_bolt__experiment_config.instance_normalization-none__pipeline_config.raw_inference.completed_at-2026-09-26T15_51_09.342246_00_00,1,1,0.9729665091471766,0.8209018610001972,1.5653606411069632,1,0,97200,0.0,17.909813899980275,17.909813899980275,1,17.909813899980275,1,1.1852409592075988,0.9979876652359962
Climate,chronos_bolt__experiment_config.instance_normalization-zscore__pipeline_config.raw_inference.completed_at-2026-09-27T15_14_55.226214_00_00,1,1,0.9729665077216267,0.8209018597974461,1.601214936003089,1,0,97200,0.0,17.90981402025539,17.90981402025539,1,17.90981402025539,1,1.1852409592075988,0.9979876652359962
Climate,chronos_bolt__experiment_config.instance_normalization-none__pipeline_config.raw_inference.completed_at-2026-09-26T15_51_07.500172_00_00,1,1,0.9000802175033318,0.76798169654794,0.9036677163094282,1,0,99360,0.0,23.201830345205998,23.201830345205998,1,23.201830345205998,1,1.1720073818805468,2.634098643437028
Climate,chronos_bolt__experiment_config.instance_normalization-zscore__pipeline_config.raw_inference.completed_at-2026-09-27T15_14_53.343401_00_00,1,1,0.9000802200088764,0.7679816986857634,0.9389067497104406,1,0,99360,0.0,23.201830131423662,23.201830131423662,1,23.201830131423662,1,1.1720073818805468,2.634098643437028
Climate,ts_icl__experiment_config.instance_normalization-none__pipeline_config.raw_inference.completed_at-2026-09-26T16_11_42.068261_00_00,1,1,0.9583690716461833,0.7423592968883899,1.6614338345825672,1,0,98280,0.0,25.764070311161014,25.764070311161014,1,25.764070311161014,1,1.2909773955323274,0.5505183693021536
Climate,ts_icl__experiment_config.instance_normalization-zscore__pipeline_config.raw_inference.completed_at-2026-09-27T14_41_22.587880_00_00,1,1,0.958369070730638,0.7423592961792022,1.6802926529198885,1,0,98280,0.0,25.764070382079783,25.764070382079783,1,25.764070382079783,1,1.2909773955323274,0.5505183693021536
Climate,ts_icl__experiment_config.instance_normalization-none__pipeline_config.raw_inference.completed_at-2026-09-26T16_11_39.916630_00_00,1,1,0.9303932258723374,0.7849823435855258,3.6671226527541876,1,0,97200,0.0,21.501765641447424,21.501765641447424,1,21.501765641447424,1,1.1852409592075988,0.9979876652359962
Climate,ts_icl__experiment_config.instance_normalization-zscore__pipeline_config.raw_inference.completed_at-2026-09-27T14_41_20.403775_00_00,1,1,0.9303932299866138,0.784982347056783,3.6951376311481,1,0,97200,0.0,21.501765294321697,21.501765294321697,1,21.501765294321697,1,1.1852409592075988,0.9979876652359962
Climate,ts_icl__experiment_config.instance_normalization-none__pipeline_config.raw_inference.completed_at-2026-09-26T16_11_35.524471_00_00,1,1,0.8773276053246772,0.748568327203673,11.347293699160218,1,0,99360,0.0,25.143167279632706,25.143167279632706,1,25.143167279632706,1,1.1720073818805468,2.634098643437028
Climate,ts_icl__experiment_config.instance_normalization-zscore__pipeline_config.raw_inference.completed_at-2026-09-27T14_41_15.996332_00_00,1,1,0.8773276051651707,0.7485683270675761,11.228556532412767,1,0,99360,0.0,25.143167293242385,25.143167293242385,1,25.143167293242385,1,1.1720073818805468,2.634098643437028
Climate,chronos2__experiment_config.instance_normalization-none__pipeline_config.raw_inference.completed_at-2026-09-26T15_49_44.402219_00_00,1,1,0.8996563650699254,0.757408476991288,1.1441433914005756,1,0,75996,0.0,24.2591523008712,24.2591523008712,1,24.2591523008712,1,1.1878086823687262,2.041143773123622
Climate,chronos2__experiment_config.instance_normalization-zscore__pipeline_config.raw_inference.completed_at-2026-09-27T14_10_32.180083_00_00,1,1,0.8996563763648089,0.757408486500297,1.1232128664851189,1,0,75996,0.0,24.2591513499703,24.2591513499703,1,24.2591513499703,1,1.1878086823687262,2.041143773123622
Climate,chronos2__experiment_config.instance_normalization-none__pipeline_config.raw_inference.completed_at-2026-09-26T15_49_42.699250_00_00,1,1,0.8880768388465542,0.7524136034517775,2.047043412923813,1,0,75996,0.0,24.758639654822247,24.758639654822247,1,24.758639654822247,1,1.180304070490495,3.9050807133316994
Climate,chronos2__experiment_config.instance_normalization-zscore__pipeline_config.raw_inference.completed_at-2026-09-27T14_10_30.495792_00_00,1,1,0.8880768539824089,0.7524136162754685,2.0610766150057316,1,0,75996,0.0,24.758638372453145,24.758638372453145,1,24.758638372453145,1,1.180304070490495,3.9050807133316994
Climate,chronos2__experiment_config.instance_normalization-none__pipeline_config.raw_inference.completed_at-2026-09-26T15_49_39.685431_00_00,1,1,0.8518474893871785,0.7968924694631168,4.826221268624067,1,0,76428,0.0,20.310753053688323,20.310753053688323,1,20.310753053688323,1,1.0689616504483799,8.924038581550121
Climate,chronos2__experiment_config.instance_normalization-zscore__pipeline_config.raw_inference.completed_at-2026-09-27T14_10_27.488398_00_00,1,1,0.8518474883449698,0.7968924684881439,4.8672245517373085,1,0,76428,0.0,20.31075315118561,20.31075315118561,1,20.31075315118561,1,1.0689616504483799,8.924038581550121
Climate,chronos_bolt__experiment_config.instance_normalization-none__pipeline_config.raw_inference.completed_at-2026-09-26T15_50_57.183615_00_00,1,1,0.9297402102509469,0.7827356577297115,0.9545588120818138,1,0,75996,0.0,21.726434227028847,21.726434227028847,1,21.726434227028847,1,1.1878086823687262,2.041143773123622
Climate,chronos_bolt__experiment_config.instance_normalization-zscore__pipeline_config.raw_inference.completed_at-2026-09-27T15_14_43.000136_00_00,1,1,0.9297402027884455,0.782735651447133,0.998927678912878,1,0,75996,0.0,21.7264348552867,21.7264348552867,1,21.7264348552867,1,1.1878086823687262,2.041143773123622
Climate,chronos_bolt__experiment_config.instance_normalization-none__pipeline_config.raw_inference.completed_at-2026-09-26T15_50_55.876369_00_00,1,1,0.9119706600002427,0.7726573878723118,1.9005167838186026,1,0,75996,0.0,22.734261212768825,22.734261212768825,1,22.734261212768825,1,1.180304070490495,3.9050807133316994
Climate,chronos_bolt__experiment_config.instance_normalization-zscore__pipeline_config.raw_inference.completed_at-2026-09-27T15_14_41.644060_00_00,1,1,0.9119706616241023,0.7726573892481093,1.9912065975368023,1,0,75996,0.0,22.734261075189067,22.734261075189067,1,22.734261075189067,1,1.180304070490495,3.9050807133316994
Climate,chronos_bolt__experiment_config.instance_normalization-none__pipeline_config.raw_inference.completed_at-2026-09-26T15_50_53.220168_00_00,1,1,0.8705035534727462,0.8143449796422634,4.693757863715291,1,0,76428,0.0,18.56550203577366,18.56550203577366,1,18.56550203577366,1,1.0689616504483799,8.924038581550121
Climate,chronos_bolt__experiment_config.instance_normalization-zscore__pipeline_config.raw_inference.completed_at-2026-09-27T15_14_38.890072_00_00,1,1,0.870503549931053,0.8143449763290546,4.909850999712944,1,0,76428,0.0,18.565502367094545,18.565502367094545,1,18.565502367094545,1,1.0689616504483799,8.924038581550121
Climate,ts_icl__experiment_config.instance_normalization-none__pipeline_config.raw_inference.completed_at-2026-09-26T16_11_19.657416_00_00,1,1,0.9064737909955272,0.7631479753017452,14.220845015719533,1,0,75996,0.0,23.685202469825484,23.685202469825484,1,23.685202469825484,1,1.1878086823687262,2.041143773123622
Climate,ts_icl__experiment_config.instance_normalization-zscore__pipeline_config.raw_inference.completed_at-2026-09-27T14_41_00.363988_00_00,1,1,0.9064737805282199,0.7631479664894614,14.290441298857331,1,0,75996,0.0,23.685203351053865,23.685203351053865,1,23.685203351053865,1,1.1878086823687262,2.041143773123622
Climate,ts_icl__experiment_config.instance_normalization-none__pipeline_config.raw_inference.completed_at-2026-09-26T16_11_04.726473_00_00,1,1,0.8958595179797237,0.7590073951091556,28.505006393417716,1,0,75996,0.0,24.09926048908444,24.09926048908444,1,24.09926048908444,1,1.180304070490495,3.9050807133316994
Climate,ts_icl__experiment_config.instance_normalization-zscore__pipeline_config.raw_inference.completed_at-2026-09-27T14_40_45.373615_00_00,1,1,0.8958595133232519,0.7590073911640096,28.623880967497826,1,0,75996,0.0,24.099260883599037,24.099260883599037,1,24.099260883599037,1,1.180304070490495,3.9050807133316994
Climate,ts_icl__experiment_config.instance_normalization-none__pipeline_config.raw_inference.completed_at-2026-09-26T16_10_35.031952_00_00,1,1,0.8538191570818253,0.7987369394624099,67.36613115482032,1,0,76428,0.0,20.126306053759013,20.126306053759013,1,20.126306053759013,1,1.0689616504483799,8.924038581550121
Climate,ts_icl__experiment_config.instance_normalization-zscore__pipeline_config.raw_inference.completed_at-2026-09-27T14_40_15.560845_00_00,1,1,0.8538191495214833,0.7987369323898063,67.29050530865788,1,0,76428,0.0,20.126306761019375,20.126306761019375,1,20.126306761019375,1,1.0689616504483799,8.924038581550121
Industry,chronos2__experiment_config.instance_normalization-none__pipeline_config.raw_inference.completed_at-2026-09-26T15_59_05.721714_00_00,1,1,0.7110117882880749,0.7094252865029487,0.21825782395899296,1,0,365850,0.0,29.057471349705132,29.057471349705132,1,29.057471349705132,1,1.0022363197581337,1.5401713643223047
Industry,chronos2__experiment_config.instance_normalization-zscore__pipeline_config.raw_inference.completed_at-2026-09-27T14_19_49.137841_00_00,1,1,0.7110117888364271,0.7094252870500773,0.21421057544648647,1,0,365850,0.0,29.057471294992265,29.057471294992265,1,29.057471294992265,1,1.0022363197581337,1.5401713643223047
Industry,chronos2__experiment_config.instance_normalization-none__pipeline_config.raw_inference.completed_at-2026-09-26T15_59_05.052734_00_00,1,1,0.7112583040053169,0.7070750885992407,0.3412276729941368,1,0,365850,0.0,29.292491140075928,29.292491140075928,1,29.292491140075928,1,1.0059162251273246,2.056097447872162
Industry,chronos2__experiment_config.instance_normalization-zscore__pipeline_config.raw_inference.completed_at-2026-09-27T14_19_48.464237_00_00,1,1,0.7112583047281167,0.7070750893177895,0.3496216032654047,1,0,365850,0.0,29.29249106822105,29.29249106822105,1,29.29249106822105,1,1.0059162251273246,2.056097447872162
Industry,chronos2__experiment_config.instance_normalization-none__pipeline_config.raw_inference.completed_at-2026-09-26T15_59_03.772445_00_00,1,1,0.7114646384560039,0.7123756061122287,2.655595652759075,1,0,365850,0.0,28.76243938877713,28.76243938877713,1,28.76243938877713,1,0.9987212256449988,8.228978088125587
Industry,chronos2__experiment_config.instance_normalization-zscore__pipeline_config.raw_inference.completed_at-2026-09-27T14_19_47.167537_00_00,1,1,0.711464638110214,0.712375605765996,2.606659445911646,1,0,365850,0.0,28.762439423400398,28.762439423400398,1,28.762439423400398,1,0.9987212256449988,8.228978088125587
Industry,chronos_bolt__experiment_config.instance_normalization-none__pipeline_config.raw_inference.completed_at-2026-09-26T16_07_36.052058_00_00,1,1,0.7137246917722527,0.7121321366047616,5.767583016306162,1,0,365850,0.0,28.78678633952384,28.78678633952384,1,28.78678633952384,1,1.0022363197581337,1.5401713643223047
Industry,chronos_bolt__experiment_config.instance_normalization-zscore__pipeline_config.raw_inference.completed_at-2026-09-27T15_31_28.764553_00_00,1,1,0.7137246909374704,0.7121321357718419,5.885491875931621,1,0,365850,0.0,28.786786422815812,28.786786422815812,1,28.786786422815812,1,1.0022363197581337,1.5401713643223047
Industry,chronos_bolt__experiment_config.instance_normalization-none__pipeline_config.raw_inference.completed_at-2026-09-26T16_07_30.046027_00_00,1,1,0.7140192438721245,0.7098197901935094,5.085257804021239,1,0,365850,0.0,29.018020980649062,29.018020980649062,1,29.018020980649062,1,1.0059162251273246,2.056097447872162
Industry,chronos_bolt__experiment_config.instance_normalization-zscore__pipeline_config.raw_inference.completed_at-2026-09-27T15_31_22.640692_00_00,1,1,0.7140192464473536,0.7098197927535924,5.060905326157808,1,0,365850,0.0,29.01802072464076,29.01802072464076,1,29.01802072464076,1,1.0059162251273246,2.056097447872162
Industry,chronos_bolt__experiment_config.instance_normalization-none__pipeline_config.raw_inference.completed_at-2026-09-26T16_07_24.222941_00_00,1,1,0.7166630909129093,0.7175807147285476,3.5580036360770464,1,0,365850,0.0,28.241928527145244,28.241928527145244,1,28.241928527145244,1,0.9987212256449988,8.228978088125587
Industry,chronos_bolt__experiment_config.instance_normalization-zscore__pipeline_config.raw_inference.completed_at-2026-09-27T15_31_16.836584_00_00,1,1,0.7166630913962603,0.7175807152125175,3.775166392326355,1,0,365850,0.0,28.241928478748246,28.241928478748246,1,28.241928478748246,1,0.9987212256449988,8.228978088125587
Industry,ts_icl__experiment_config.instance_normalization-none__pipeline_config.raw_inference.completed_at-2026-09-26T16_32_36.167971_00_00,1,1,0.7116831869990798,0.710095187102008,2.3083442095667124,1,0,365850,0.0,28.9904812897992,28.9904812897992,1,28.9904812897992,1,1.0022363197581337,1.5401713643223047
Industry,ts_icl__experiment_config.instance_normalization-zscore__pipeline_config.raw_inference.completed_at-2026-09-27T15_02_24.587339_00_00,1,1,0.7116831849561083,0.710095185063595,2.325509959831834,1,0,365850,0.0,28.990481493640495,28.990481493640495,1,28.990481493640495,1,1.0022363197581337,1.5401713643223047
Industry,ts_icl__experiment_config.instance_normalization-none__pipeline_config.raw_inference.completed_at-2026-09-26T16_32_33.210606_00_00,1,1,0.7121692492493292,0.7079806761832337,4.724684810265899,1,0,365850,0.0,29.20193238167663,29.20193238167663,1,29.20193238167663,1,1.0059162251273246,2.056097447872162
Industry,ts_icl__experiment_config.instance_normalization-zscore__pipeline_config.raw_inference.completed_at-2026-09-27T15_02_21.603898_00_00,1,1,0.7121692477722631,0.7079806747148548,4.755713475868106,1,0,365850,0.0,29.20193252851452,29.20193252851452,1,29.20193252851452,1,1.0059162251273246,2.056097447872162
Industry,ts_icl__experiment_config.instance_normalization-none__pipeline_config.raw_inference.completed_at-2026-09-26T16_32_27.329224_00_00,1,1,0.7122914326225457,0.7132034589157052,32.867394868284464,1,0,365850,0.0,28.679654108429474,28.679654108429474,1,28.679654108429474,1,0.9987212256449988,8.228978088125587
Industry,ts_icl__experiment_config.instance_normalization-zscore__pipeline_config.raw_inference.completed_at-2026-09-27T15_02_15.670942_00_00,1,1,0.7122914334278272,0.7132034597220178,33.048258202150464,1,0,365850,0.0,28.679654027798218,28.679654027798218,1,28.679654027798218,1,0.9987212256449988,8.228978088125587
Sales,chronos2__experiment_config.instance_normalization-none__pipeline_config.raw_inference.completed_at-2026-09-26T15_56_49.384839_00_00,1,1,0.5532599382047175,0.36293523418942514,0.6225547306239605,1,0,116640,0.0,63.70647658105748,63.70647658105748,1,63.70647658105748,1,1.5244040426120686,1.5145772155374289
Sales,chronos2__experiment_config.instance_normalization-zscore__pipeline_config.raw_inference.completed_at-2026-09-27T14_17_34.914373_00_00,1,1,0.5532599357423302,0.3629352325741137,0.6244400907307863,1,0,116640,0.0,63.70647674258863,63.70647674258863,1,63.70647674258863,1,1.5244040426120686,1.5145772155374289
Sales,chronos_bolt__experiment_config.instance_normalization-none__pipeline_config.raw_inference.completed_at-2026-09-26T15_57_54.164063_00_00,1,1,0.6131470465479132,0.4022208216512499,0.8910238165408373,1,0,116640,0.0,59.777917834875005,59.777917834875005,1,59.777917834875005,1,1.5244040426120686,1.5145772155374289
Sales,chronos_bolt__experiment_config.instance_normalization-zscore__pipeline_config.raw_inference.completed_at-2026-09-27T15_21_43.220715_00_00,1,1,0.6131470466713907,0.40222082173225043,0.9007265157997608,1,0,116640,0.0,59.77791782677495,59.77791782677495,1,59.77791782677495,1,1.5244040426120686,1.5145772155374289
Sales,ts_icl__experiment_config.instance_normalization-none__pipeline_config.raw_inference.completed_at-2026-09-26T16_25_02.734529_00_00,1,1,0.6099946202120283,0.4001528486941045,7.478603854775429,1,0,116640,0.0,59.98471513058955,59.98471513058955,1,59.98471513058955,1,1.5244040426120686,1.5145772155374289
Sales,ts_icl__experiment_config.instance_normalization-zscore__pipeline_config.raw_inference.completed_at-2026-09-27T14_54_48.384050_00_00,1,1,0.609994624865117,0.40015285174650306,7.529935292899609,1,0,116640,0.0,59.98471482534969,59.98471482534969,1,59.98471482534969,1,1.5244040426120686,1.5145772155374289
Sales,chronos2__experiment_config.instance_normalization-none__pipeline_config.raw_inference.completed_at-2026-09-26T15_56_59.410157_00_00,1,1,0.6049073017593081,0.424066140216457,0.8022119756788015,1,0,165240,0.0,57.593385978354306,57.593385978354306,1,57.593385978354306,1,1.4264456517338167,2.1833340283483267
Sales,chronos2__experiment_config.instance_normalization-zscore__pipeline_config.raw_inference.completed_at-2026-09-27T14_17_44.941597_00_00,1,1,0.6049073018947783,0.4240661403114274,0.806158721446991,1,0,165240,0.0,57.593385968857255,57.593385968857255,1,57.593385968857255,1,1.4264456517338167,2.1833340283483267
Sales,chronos_bolt__experiment_config.instance_normalization-none__pipeline_config.raw_inference.completed_at-2026-09-26T15_58_04.699286_00_00,1,1,0.6500187666725908,0.4556912251669076,1.2324194479733706,1,0,165240,0.0,54.43087748330924,54.43087748330924,1,54.43087748330924,1,1.4264456517338167,2.1833340283483267
Sales,chronos_bolt__experiment_config.instance_normalization-zscore__pipeline_config.raw_inference.completed_at-2026-09-27T15_21_53.759563_00_00,1,1,0.650018766830815,0.45569122527782957,1.2042999844998121,1,0,165240,0.0,54.43087747221704,54.43087747221704,1,54.43087747221704,1,1.4264456517338167,2.1833340283483267
Sales,ts_icl__experiment_config.instance_normalization-none__pipeline_config.raw_inference.completed_at-2026-09-26T16_25_17.435025_00_00,1,1,0.6594302215265823,0.4622890614339619,10.442289749160409,1,0,165240,0.0,53.77109385660381,53.77109385660381,1,53.77109385660381,1,1.4264456517338167,2.1833340283483267
Sales,ts_icl__experiment_config.instance_normalization-zscore__pipeline_config.raw_inference.completed_at-2026-09-27T14_55_03.203425_00_00,1,1,0.6594302206965358,0.4622890608520635,10.53809724189341,1,0,165240,0.0,53.771093914793646,53.771093914793646,1,53.771093914793646,1,1.4264456517338167,2.1833340283483267
Economics,chronos2__experiment_config.instance_normalization-none__pipeline_config.raw_inference.completed_at-2026-09-26T15_55_25.157102_00_00,1,1,1.0014785119848475,0.564975767585351,0.1909192819148302,1,0,7560,0.0,43.5024232414649,43.5024232414649,1,43.5024232414649,1,1.7726043654315742,0.30578317306935787
Economics,chronos2__experiment_config.instance_normalization-zscore__pipeline_config.raw_inference.completed_at-2026-09-27T14_16_10.547571_00_00,1,1,1.0014787780687073,0.564975917694346,0.1859324686229229,1,0,7560,0.0,43.5024082305654,43.5024082305654,1,43.5024082305654,1,1.7726043654315742,0.30578317306935787
Economics,chronos_bolt__experiment_config.instance_normalization-none__pipeline_config.raw_inference.completed_at-2026-09-26T15_56_26.248635_00_00,1,1,0.946363574229049,0.5338831341525208,0.30582667514681816,1,0,7560,0.0,46.61168658474792,46.61168658474792,1,46.61168658474792,1,1.7726043654315742,0.30578317306935787
Economics,chronos_bolt__experiment_config.instance_normalization-zscore__pipeline_config.raw_inference.completed_at-2026-09-27T15_20_16.599617_00_00,1,1,0.9463636140735575,0.5338831566304686,0.306376650929451,1,0,7560,0.0,46.61168433695314,46.61168433695314,1,46.61168433695314,1,1.7726043654315742,0.30578317306935787
Economics,ts_icl__experiment_config.instance_normalization-none__pipeline_config.raw_inference.completed_at-2026-09-26T16_24_08.825830_00_00,1,1,0.8894946186201814,0.5018009861459509,1.0123887546360493,1,0,7560,0.0,49.819901385404904,49.819901385404904,1,49.819901385404904,1,1.7726043654315742,0.30578317306935787
Economics,ts_icl__experiment_config.instance_normalization-zscore__pipeline_config.raw_inference.completed_at-2026-09-27T14_53_54.452148_00_00,1,1,0.889494681312471,0.5018010215132843,0.9689414352178574,1,0,7560,0.0,49.819897848671566,49.819897848671566,1,49.819897848671566,1,1.7726043654315742,0.30578317306935787
Finance,chronos2__experiment_config.instance_normalization-none__pipeline_config.raw_inference.completed_at-2026-09-26T15_54_27.831601_00_00,1,1,1.495406901303508,0.8472618196493663,7.176064524799585,1,0,241200,0.0,15.27381803506337,15.27381803506337,1,15.27381803506337,1,1.7649879489699798,77.26410664245486
Finance,chronos2__experiment_config.instance_normalization-zscore__pipeline_config.raw_inference.completed_at-2026-09-27T14_15_12.216454_00_00,1,1,1.49540693565119,0.8472618391099423,7.18027338385582,1,0,241200,0.0,15.273816089005765,15.273816089005765,1,15.273816089005765,1,1.7649879489699798,77.26410664245486
Finance,chronos_bolt__experiment_config.instance_normalization-none__pipeline_config.raw_inference.completed_at-2026-09-26T15_55_28.176860_00_00,1,1,1.5723117180459338,0.8908342512839882,2.331964299082756,1,0,241200,0.0,10.916574871601181,10.916574871601181,1,10.916574871601181,1,1.7649879489699798,77.26410664245486
Finance,chronos_bolt__experiment_config.instance_normalization-zscore__pipeline_config.raw_inference.completed_at-2026-09-27T15_19_18.598914_00_00,1,1,1.5723117026986744,0.8908342425885977,2.449176575988531,1,0,241200,0.0,10.916575741140234,10.916575741140234,1,10.916575741140234,1,1.7649879489699798,77.26410664245486
Finance,ts_icl__experiment_config.instance_normalization-none__pipeline_config.raw_inference.completed_at-2026-09-26T16_23_30.955745_00_00,1,1,1.5298372792725325,0.8667692491415153,32.254486959427595,1,0,241200,0.0,13.323075085848469,13.323075085848469,1,13.323075085848469,1,1.7649879489699798,77.26410664245486
Finance,ts_icl__experiment_config.instance_normalization-zscore__pipeline_config.raw_inference.completed_at-2026-09-27T14_53_16.873970_00_00,1,1,1.52983733074465,0.8667692783043872,32.47239487618208,1,0,241200,0.0,13.323072169561279,13.323072169561279,1,13.323072169561279,1,1.7649879489699798,77.26410664245486
Economics,chronos2__experiment_config.instance_normalization-none__pipeline_config.raw_inference.completed_at-2026-09-26T15_54_57.246214_00_00,1,1,0.3483185384775645,0.35956864707354164,0.1882578246295452,1,0,1134,0.0,64.04313529264584,64.04313529264584,1,64.04313529264584,1,0.9687122092330922,0.128484595566988
Economics,chronos2__experiment_config.instance_normalization-zscore__pipeline_config.raw_inference.completed_at-2026-09-27T14_15_41.838054_00_00,1,1,0.3483185334939846,0.35956864192900034,0.2836127560585737,1,0,1134,0.0,64.04313580709997,64.04313580709997,1,64.04313580709997,1,0.9687122092330922,0.128484595566988
Economics,chronos_bolt__experiment_config.instance_normalization-none__pipeline_config.raw_inference.completed_at-2026-09-26T15_55_57.614904_00_00,1,1,0.41508574302996104,0.4284923211183383,0.25068590603768826,1,0,1134,0.0,57.15076788816618,57.15076788816618,1,57.15076788816618,1,0.9687122092330922,0.128484595566988
Economics,chronos_bolt__experiment_config.instance_normalization-zscore__pipeline_config.raw_inference.completed_at-2026-09-27T15_19_48.015395_00_00,1,1,0.4150857339926756,0.4284923117891636,0.25469698943197727,1,0,1134,0.0,57.150768821083645,57.150768821083645,1,57.150768821083645,1,0.9687122092330922,0.128484595566988
Economics,ts_icl__experiment_config.instance_normalization-none__pipeline_config.raw_inference.completed_at-2026-09-26T16_23_54.550901_00_00,1,1,0.34658902070398,0.35778326875674127,0.4226381927728653,1,0,1134,0.0,64.22167312432587,64.22167312432587,1,64.22167312432587,1,0.9687122092330922,0.128484595566988
Economics,ts_icl__experiment_config.instance_normalization-zscore__pipeline_config.raw_inference.completed_at-2026-09-27T14_53_40.229664_00_00,1,1,0.34658920212281064,0.3577834560350979,0.41643797419965267,1,0,1134,0.0,64.22165439649021,64.22165439649021,1,64.22165439649021,1,0.9687122092330922,0.128484595566988
Sales,chronos2__experiment_config.instance_normalization-none__pipeline_config.raw_inference.completed_at-2026-09-26T15_56_30.337924_00_00,1,1,0.8347676413435652,0.6419425789779618,0.1882450208067894,1,0,5400,0.0,35.80574210220382,35.80574210220382,1,35.80574210220382,1,1.3003774304433904,0.27607775293290615
Sales,chronos2__experiment_config.instance_normalization-zscore__pipeline_config.raw_inference.completed_at-2026-09-27T14_17_15.959950_00_00,1,1,0.8347676310696169,0.6419425710772185,0.18751759640872478,1,0,5400,0.0,35.80574289227815,35.80574289227815,1,35.80574289227815,1,1.3003774304433904,0.27607775293290615
Sales,chronos_bolt__experiment_config.instance_normalization-none__pipeline_config.raw_inference.completed_at-2026-09-26T15_57_34.693765_00_00,1,1,0.772428342710334,0.5940031906328601,0.2863972056657076,1,0,5400,0.0,40.59968093671399,40.59968093671399,1,40.59968093671399,1,1.3003774304433904,0.27607775293290615
Sales,chronos_bolt__experiment_config.instance_normalization-zscore__pipeline_config.raw_inference.completed_at-2026-09-27T15_21_23.683654_00_00,1,1,0.7724283500510529,0.5940031962779281,0.29465282149612904,1,0,5400,0.0,40.59968037220719,40.59968037220719,1,40.59968037220719,1,1.3003774304433904,0.27607775293290615
Sales,ts_icl__experiment_config.instance_normalization-none__pipeline_config.raw_inference.completed_at-2026-09-26T16_24_46.721344_00_00,1,1,0.7954957586106187,0.6117422065218235,0.7498055472970009,1,0,5400,0.0,38.825779347817644,38.825779347817644,1,38.825779347817644,1,1.3003774304433904,0.27607775293290615
Sales,ts_icl__experiment_config.instance_normalization-zscore__pipeline_config.raw_inference.completed_at-2026-09-27T14_54_32.321273_00_00,1,1,0.7954958588163555,0.611742283580787,0.7400378063321114,1,0,5400,0.0,38.8257716419213,38.8257716419213,1,38.8257716419213,1,1.3003774304433904,0.27607775293290615
Economics,chronos2__experiment_config.instance_normalization-none__pipeline_config.raw_inference.completed_at-2026-09-26T15_55_34.412670_00_00,1,1,0.709383837497795,0.6377317787460499,0.18787822872400284,1,0,3240,0.0,36.22682212539501,36.22682212539501,1,36.22682212539501,1,1.1123545370322176,0.13430923037230968
Economics,chronos2__experiment_config.instance_normalization-zscore__pipeline_config.raw_inference.completed_at-2026-09-27T14_16_20.027029_00_00,1,1,0.7093838199201887,0.6377317629438882,0.18763537146151066,1,0,3240,0.0,36.226823705611174,36.226823705611174,1,36.226823705611174,1,1.1123545370322176,0.13430923037230968
Economics,chronos_bolt__experiment_config.instance_normalization-none__pipeline_config.raw_inference.completed_at-2026-09-26T15_56_36.189832_00_00,1,1,0.8110847872803042,0.7291603173969096,0.3622156959027052,1,0,3240,0.0,27.083968260309042,27.083968260309042,1,27.083968260309042,1,1.1123545370322176,0.13430923037230968
Economics,chronos_bolt__experiment_config.instance_normalization-zscore__pipeline_config.raw_inference.completed_at-2026-09-27T15_20_26.421252_00_00,1,1,0.811084740250338,0.7291602751172545,0.25225912407040596,1,0,3240,0.0,27.083972488274554,27.083972488274554,1,27.083972488274554,1,1.1123545370322176,0.13430923037230968
Economics,ts_icl__experiment_config.instance_normalization-none__pipeline_config.raw_inference.completed_at-2026-09-26T16_24_13.471230_00_00,1,1,0.7929232236339933,0.7128331815407766,0.5505684707313776,1,0,3240,0.0,28.71668184592234,28.71668184592234,1,28.71668184592234,1,1.1123545370322176,0.13430923037230968
Economics,ts_icl__experiment_config.instance_normalization-zscore__pipeline_config.raw_inference.completed_at-2026-09-27T14_53_59.097645_00_00,1,1,0.7929232765464906,0.7128332291087917,0.514014795422554,1,0,3240,0.0,28.716677089120836,28.716677089120836,1,28.716677089120836,1,1.1123545370322176,0.13430923037230968
Economics,chronos2__experiment_config.instance_normalization-none__pipeline_config.raw_inference.completed_at-2026-09-26T15_56_11.762064_00_00,1,1,0.9486989791711424,0.7439285982659435,0.18553589098155499,1,0,2700,0.0,25.60714017340565,25.60714017340565,1,25.60714017340565,1,1.2752554228759418,0.3126157093793154
Economics,chronos2__experiment_config.instance_normalization-zscore__pipeline_config.raw_inference.completed_at-2026-09-27T14_16_57.402161_00_00,1,1,0.9486989904510663,0.7439286071111706,0.18467138893902302,1,0,2700,0.0,25.60713928888294,25.60713928888294,1,25.60713928888294,1,1.2752554228759418,0.3126157093793154
Economics,chronos_bolt__experiment_config.instance_normalization-none__pipeline_config.raw_inference.completed_at-2026-09-26T15_57_15.535235_00_00,1,1,0.9984850154591438,0.7829686489059356,0.3053137753158808,1,0,2700,0.0,21.703135109406436,21.703135109406436,1,21.703135109406436,1,1.2752554228759418,0.3126157093793154
Economics,chronos_bolt__experiment_config.instance_normalization-zscore__pipeline_config.raw_inference.completed_at-2026-09-27T15_21_04.313936_00_00,1,1,0.9984850137395245,0.7829686475574847,0.30712752044200897,1,0,2700,0.0,21.703135244251527,21.703135244251527,1,21.703135244251527,1,1.2752554228759418,0.3126157093793154
Economics,ts_icl__experiment_config.instance_normalization-none__pipeline_config.raw_inference.completed_at-2026-09-26T16_24_34.130643_00_00,1,1,0.9638907561105797,0.7558413309365304,1.0347337275743484,1,0,2700,0.0,24.415866906346963,24.415866906346963,1,24.415866906346963,1,1.2752554228759418,0.3126157093793154
Economics,ts_icl__experiment_config.instance_normalization-zscore__pipeline_config.raw_inference.completed_at-2026-09-27T14_54_19.654270_00_00,1,1,0.9638907967644111,0.755841362815502,1.0693289916962385,1,0,2700,0.0,24.415863718449803,24.415863718449803,1,24.415863718449803,1,1.2752554228759418,0.3126157093793154
Climate,chronos2__experiment_config.instance_normalization-none__pipeline_config.raw_inference.completed_at-2026-09-26T15_43_43.625983_00_00,1,1,1.3438600557963685,0.8445418310748797,1.0208313520997763,1,0,544158,0.0,15.545816892512033,15.545816892512033,1,15.545816892512033,1,1.591229713377238,1.976928286254406
Climate,chronos2__experiment_config.instance_normalization-zscore__pipeline_config.raw_inference.completed_at-2026-09-27T14_04_29.549472_00_00,1,1,1.3438600856523237,0.8445418498376988,1.0347301457077265,1,0,544158,0.0,15.545815016230124,15.545815016230124,1,15.545815016230124,1,1.591229713377238,1.976928286254406
Climate,chronos2__experiment_config.instance_normalization-none__pipeline_config.raw_inference.completed_at-2026-09-26T15_43_42.011428_00_00,1,1,0.8597502615495578,0.7893230283527041,2.964181561022997,1,0,544158,0.0,21.067697164729594,21.067697164729594,1,21.067697164729594,1,1.0892248555624096,3.473233863711357
Climate,chronos2__experiment_config.instance_normalization-zscore__pipeline_config.raw_inference.completed_at-2026-09-27T14_04_27.915004_00_00,1,1,0.8597502692905208,0.789323035459559,3.0014470107853413,1,0,544158,0.0,21.067696454044103,21.067696454044103,1,21.067696454044103,1,1.0892248555624096,3.473233863711357
Climate,chronos2__experiment_config.instance_normalization-none__pipeline_config.raw_inference.completed_at-2026-09-26T15_43_37.521897_00_00,1,1,0.6094823944099157,0.5606183090187876,18.992396723479033,1,0,544158,0.0,43.938169098121236,43.938169098121236,1,43.938169098121236,1,1.0871610587899843,15.371167872101068
Climate,chronos2__experiment_config.instance_normalization-zscore__pipeline_config.raw_inference.completed_at-2026-09-27T14_04_23.375294_00_00,1,1,0.6094824223192408,0.5606183346905359,18.119779778644443,1,0,544158,0.0,43.93816653094641,43.93816653094641,1,43.93816653094641,1,1.0871610587899843,15.371167872101068
Climate,chronos_bolt__experiment_config.instance_normalization-none__pipeline_config.raw_inference.completed_at-2026-09-26T15_43_42.647011_00_00,1,1,1.4995828558644622,0.9424050112046589,7.7722183633595705,1,0,544158,0.0,5.759498879534108,5.759498879534108,1,5.759498879534108,1,1.591229713377238,1.976928286254406
Climate,chronos_bolt__experiment_config.instance_normalization-zscore__pipeline_config.raw_inference.completed_at-2026-09-27T13_55_29.610426_00_00,1,1,1.4995829608979865,0.9424050772124285,7.740660505369306,1,0,544158,0.0,5.7594922787571505,5.7594922787571505,1,5.7594922787571505,1,1.591229713377238,1.976928286254406
Climate,chronos_bolt__experiment_config.instance_normalization-none__pipeline_config.raw_inference.completed_at-2026-09-26T15_43_34.471466_00_00,1,1,0.936617812198225,0.859893902911913,7.036460706964135,1,0,544158,0.0,14.010609708808698,14.010609708808698,1,14.010609708808698,1,1.0892248555624096,3.473233863711357
Climate,chronos_bolt__experiment_config.instance_normalization-zscore__pipeline_config.raw_inference.completed_at-2026-09-27T13_55_21.462890_00_00,1,1,0.9366175807572521,0.8598936904296401,6.584214245900512,1,0,544158,0.0,14.010630957035985,14.010630957035985,1,14.010630957035985,1,1.0892248555624096,3.473233863711357
Climate,chronos_bolt__experiment_config.instance_normalization-none__pipeline_config.raw_inference.completed_at-2026-09-26T15_43_26.091522_00_00,1,1,0.6716427400325539,0.6177950678072444,7.3311514891684055,1,0,544158,0.0,38.22049321927557,38.22049321927557,1,38.22049321927557,1,1.0871610587899843,15.371167872101068
Climate,chronos_bolt__experiment_config.instance_normalization-zscore__pipeline_config.raw_inference.completed_at-2026-09-27T13_55_13.519905_00_00,1,1,0.6716430002675761,0.6177953071784213,6.215577879920602,1,0,544158,0.0,38.220469282157865,38.220469282157865,1,38.220469282157865,1,1.0871610587899843,15.371167872101068
Climate,ts_icl__experiment_config.instance_normalization-none__pipeline_config.raw_inference.completed_at-2026-09-26T15_45_01.873570_00_00,1,1,1.4834560814452424,0.9322702240751551,5.35576812364161,1,0,544158,0.0,6.7729775924844855,6.7729775924844855,1,6.7729775924844855,1,1.591229713377238,1.976928286254406
Climate,ts_icl__experiment_config.instance_normalization-zscore__pipeline_config.raw_inference.completed_at-2026-09-27T14_14_38.739316_00_00,1,1,1.483455855505305,0.9322700820843819,5.416880190372467,1,0,544158,0.0,6.772991791561811,6.772991791561811,1,6.772991791561811,1,1.591229713377238,1.976928286254406
Climate,ts_icl__experiment_config.instance_normalization-none__pipeline_config.raw_inference.completed_at-2026-09-26T15_44_55.697653_00_00,1,1,1.0024962693142256,0.9203758656394206,15.171297745779157,1,0,544158,0.0,7.962413436057936,7.962413436057936,1,7.962413436057936,1,1.0892248555624096,3.473233863711357
Climate,ts_icl__experiment_config.instance_normalization-zscore__pipeline_config.raw_inference.completed_at-2026-09-27T14_14_32.507827_00_00,1,1,1.0024962476298211,0.9203758457313141,15.32115905918181,1,0,544158,0.0,7.962415426868585,7.962415426868585,1,7.962415426868585,1,1.0892248555624096,3.473233863711357
Climate,ts_icl__experiment_config.instance_normalization-none__pipeline_config.raw_inference.completed_at-2026-09-26T15_44_38.711832_00_00,1,1,0.673833606957897,0.6198102861666855,98.3594409506768,1,0,544158,0.0,38.01897138333145,38.01897138333145,1,38.01897138333145,1,1.0871610587899843,15.371167872101068
Climate,ts_icl__experiment_config.instance_normalization-zscore__pipeline_config.raw_inference.completed_at-2026-09-27T14_14_15.389021_00_00,1,1,0.673833641391626,0.6198103178397563,90.47956241481006,1,0,544158,0.0,38.018968216024376,38.018968216024376,1,38.018968216024376,1,1.0871610587899843,15.371167872101068
Unclassified,chronos2__experiment_config.instance_normalization-none__pipeline_config.raw_inference.completed_at-2026-09-26T15_57_57.227203_00_00,1,1,0.7178189979723392,0.6758937981312688,44.5327014233917,1,0,23071392,0.0,32.41062018687312,32.41062018687312,1,32.41062018687312,1,1.0620292713988297,79.56320598907769
Unclassified,chronos2__experiment_config.instance_normalization-zscore__pipeline_config.raw_inference.completed_at-2026-09-27T14_18_42.985101_00_00,1,1,0.717818997885611,0.6758937980496061,44.696651700884104,1,0,23071392,0.0,32.410620195039385,32.410620195039385,1,32.410620195039385,1,1.0620292713988297,79.56320598907769
Unclassified,chronos_bolt__experiment_config.instance_normalization-none__pipeline_config.raw_inference.completed_at-2026-09-26T16_03_52.198815_00_00,1,1,0.8067747649753241,0.7596539819591765,334.8097234405577,1,0,23071392,0.0,24.034601804082346,24.034601804082346,1,24.034601804082346,1,1.0620292713988297,79.56320598907769
Unclassified,chronos_bolt__experiment_config.instance_normalization-zscore__pipeline_config.raw_inference.completed_at-2026-09-27T15_27_43.290354_00_00,1,1,0.8067747655351596,0.7596539824863141,336.8764827474952,1,0,23071392,0.0,24.03460175136859,24.03460175136859,1,24.03460175136859,1,1.0620292713988297,79.56320598907769
Unclassified,ts_icl__experiment_config.instance_normalization-none__pipeline_config.raw_inference.completed_at-2026-09-26T16_29_13.775290_00_00,1,1,0.7504585763698494,0.7066270173338993,228.80527818202972,1,0,23071392,0.0,29.33729826661007,29.33729826661007,1,29.33729826661007,1,1.0620292713988297,79.56320598907769
Unclassified,ts_icl__experiment_config.instance_normalization-zscore__pipeline_config.raw_inference.completed_at-2026-09-27T14_59_01.860242_00_00,1,1,0.7504585730847735,0.7066270142406929,231.09717629663646,1,0,23071392,0.0,29.337298575930713,29.337298575930713,1,29.337298575930713,1,1.0620292713988297,79.56320598907769
Unclassified,chronos2__experiment_config.instance_normalization-none__pipeline_config.raw_inference.completed_at-2026-09-26T15_58_37.436343_00_00,1,1,0.6743310940180272,0.6838294889497023,22.43196304142475,1,0,11477376,0.0,31.61705110502977,31.61705110502977,1,31.61705110502977,1,0.9861099951301255,39.65254486165941
Unclassified,chronos2__experiment_config.instance_normalization-zscore__pipeline_config.raw_inference.completed_at-2026-09-27T14_19_21.604604_00_00,1,1,0.6743310920010495,0.6838294869043141,22.42666940204799,1,0,11477376,0.0,31.617051309568588,31.617051309568588,1,31.617051309568588,1,0.9861099951301255,39.65254486165941
Unclassified,chronos_bolt__experiment_config.instance_normalization-none__pipeline_config.raw_inference.completed_at-2026-09-26T16_06_55.799472_00_00,1,1,0.7879785915455384,0.7990777858828598,166.60857436805964,1,0,11477376,0.0,20.092221411714018,20.092221411714018,1,20.092221411714018,1,0.9861099951301255,39.65254486165941
Unclassified,chronos_bolt__experiment_config.instance_normalization-zscore__pipeline_config.raw_inference.completed_at-2026-09-27T15_30_48.832562_00_00,1,1,0.7879785936192821,0.7990777879858136,167.80656968429685,1,0,11477376,0.0,20.092221201418635,20.092221201418635,1,20.092221201418635,1,0.9861099951301255,39.65254486165941
Unclassified,ts_icl__experiment_config.instance_normalization-none__pipeline_config.raw_inference.completed_at-2026-09-26T16_31_21.980707_00_00,1,1,0.7207014084333551,0.7308529596013804,114.0537664052099,1,0,11477376,0.0,26.91470403986196,26.91470403986196,1,26.91470403986196,1,0.9861099951301255,39.65254486165941
Unclassified,ts_icl__experiment_config.instance_normalization-zscore__pipeline_config.raw_inference.completed_at-2026-09-27T15_01_09.441195_00_00,1,1,0.7207014109743052,0.7308529621781215,114.74796853587031,1,0,11477376,0.0,26.914703782187853,26.914703782187853,1,26.914703782187853,1,0.9861099951301255,39.65254486165941
Cloud operations,chronos2__experiment_config.instance_normalization-none__pipeline_config.raw_inference.completed_at-2026-09-26T15_58_51.103489_00_00,1,1,0.6607650521734936,0.5936503488136183,1.5292853713035583,1,0,606528,0.0,40.63496511863816,40.63496511863816,1,40.63496511863816,1,1.1130542641708217,5.47015979513526
Cloud operations,chronos2__experiment_config.instance_normalization-zscore__pipeline_config.raw_inference.completed_at-2026-09-27T14_19_35.005606_00_00,1,1,0.6607650592212252,0.5936503551455034,1.5597012396901846,1,0,606528,0.0,40.634964485449665,40.634964485449665,1,40.634964485449665,1,1.1130542641708217,5.47015979513526
Cloud operations,chronos_bolt__experiment_config.instance_normalization-none__pipeline_config.raw_inference.completed_at-2026-09-26T16_07_11.019872_00_00,1,1,0.7729739710685387,0.6944620724708077,2.28006730414927,1,0,606528,0.0,30.55379275291923,30.55379275291923,1,30.55379275291923,1,1.1130542641708217,5.47015979513526
Cloud operations,chronos_bolt__experiment_config.instance_normalization-zscore__pipeline_config.raw_inference.completed_at-2026-09-27T15_31_03.385077_00_00,1,1,0.7729739745845665,0.6944620756297083,2.242295639589429,1,0,606528,0.0,30.55379243702917,30.55379243702917,1,30.55379243702917,1,1.1130542641708217,5.47015979513526
Cloud operations,ts_icl__experiment_config.instance_normalization-none__pipeline_config.raw_inference.completed_at-2026-09-26T16_31_49.821962_00_00,1,1,0.6951977394287573,0.6245856664918761,20.772321673110127,1,0,606528,0.0,37.54143335081239,37.54143335081239,1,37.54143335081239,1,1.1130542641708217,5.47015979513526
Cloud operations,ts_icl__experiment_config.instance_normalization-zscore__pipeline_config.raw_inference.completed_at-2026-09-27T15_01_37.960155_00_00,1,1,0.6951977277956157,0.6245856560403267,20.828748654574156,1,0,606528,0.0,37.54143439596733,37.54143439596733,1,37.54143439596733,1,1.1130542641708217,5.47015979513526
Climate,chronos2__experiment_config.instance_normalization-none__pipeline_config.raw_inference.completed_at-2026-09-26T15_44_50.763864_00_00,1,1,0.9316454809403314,0.6481012388791804,1.584635715931654,1,0,1166184,0.0,35.18987611208196,35.18987611208196,1,35.18987611208196,1,1.437499922931037,3.6355012618005276
Climate,chronos2__experiment_config.instance_normalization-zscore__pipeline_config.raw_inference.completed_at-2026-09-27T14_05_36.580260_00_00,1,1,0.9316456379273624,0.6481013480875556,1.57714500464499,1,0,1166184,0.0,35.189865191244444,35.189865191244444,1,35.189865191244444,1,1.437499922931037,3.6355012618005276
Climate,chronos2__experiment_config.instance_normalization-none__pipeline_config.raw_inference.completed_at-2026-09-26T15_44_48.299109_00_00,1,1,0.6789060806388872,0.650473103577329,4.344946587458253,1,0,1166184,0.0,34.952689642267096,34.952689642267096,1,34.952689642267096,1,1.0437112263446233,6.013604203239083
Climate,chronos2__experiment_config.instance_normalization-zscore__pipeline_config.raw_inference.completed_at-2026-09-27T14_05_34.124958_00_00,1,1,0.6789061463640189,0.6504731665498543,4.369570296257734,1,0,1166184,0.0,34.95268334501457,34.95268334501457,1,34.95268334501457,1,1.0437112263446233,6.013604203239083
Climate,chronos2__experiment_config.instance_normalization-none__pipeline_config.raw_inference.completed_at-2026-09-26T15_44_40.984294_00_00,1,1,0.5194504740187809,0.4982241238609957,33.50611853227019,1,0,1166184,0.0,50.17758761390043,50.17758761390043,1,50.17758761390043,1,1.042604019237951,31.680090492591262
Climate,chronos2__experiment_config.instance_normalization-zscore__pipeline_config.raw_inference.completed_at-2026-09-27T14_05_26.756421_00_00,1,1,0.5194505070443204,0.49822415553700966,33.513041684404016,1,0,1166184,0.0,50.17758444629903,50.17758444629903,1,50.17758444629903,1,1.042604019237951,31.680090492591262
Climate,chronos_bolt__experiment_config.instance_normalization-none__pipeline_config.raw_inference.completed_at-2026-09-26T15_44_59.079417_00_00,1,1,1.3770165825586909,0.9579246305286601,16.539647737517953,1,0,1166184,0.0,4.207536947133994,4.207536947133994,1,4.207536947133994,1,1.437499922931037,3.6355012618005276
Climate,chronos_bolt__experiment_config.instance_normalization-zscore__pipeline_config.raw_inference.completed_at-2026-09-27T13_56_46.705403_00_00,1,1,1.3770159919951062,0.9579242197017964,16.376870332285762,1,0,1166184,0.0,4.207578029820358,4.207578029820358,1,4.207578029820358,1,1.437499922931037,3.6355012618005276
Climate,chronos_bolt__experiment_config.instance_normalization-none__pipeline_config.raw_inference.completed_at-2026-09-26T15_44_41.816363_00_00,1,1,1.002804817780753,0.9608067753499822,17.39283923432231,1,0,1166184,0.0,3.9193224650017844,3.9193224650017844,1,3.9193224650017844,1,1.0437112263446233,6.013604203239083
Climate,chronos_bolt__experiment_config.instance_normalization-zscore__pipeline_config.raw_inference.completed_at-2026-09-27T13_56_29.616493_00_00,1,1,1.002804503298743,0.9608064740386596,17.206080017611384,1,0,1166184,0.0,3.9193525961340403,3.9193525961340403,1,3.9193525961340403,1,1.0437112263446233,6.013604203239083
Climate,chronos_bolt__experiment_config.instance_normalization-none__pipeline_config.raw_inference.completed_at-2026-09-26T15_44_21.546581_00_00,1,1,0.6437833307149723,0.6174763561582273,11.125371668487787,1,0,1166184,0.0,38.25236438417727,38.25236438417727,1,38.25236438417727,1,1.042604019237951,31.680090492591262
Climate,chronos_bolt__experiment_config.instance_normalization-zscore__pipeline_config.raw_inference.completed_at-2026-09-27T13_56_09.557772_00_00,1,1,0.6437833231292522,0.6174763488824832,11.601236760616302,1,0,1166184,0.0,38.252365111751686,38.252365111751686,1,38.252365111751686,1,1.042604019237951,31.680090492591262
Climate,ts_icl__experiment_config.instance_normalization-none__pipeline_config.raw_inference.completed_at-2026-09-26T15_48_59.404650_00_00,1,1,1.0619848659125353,0.7387721202427384,7.911812745034695,1,0,1166184,0.0,26.12278797572616,26.12278797572616,1,26.12278797572616,1,1.437499922931037,3.6355012618005276
Climate,ts_icl__experiment_config.instance_normalization-zscore__pipeline_config.raw_inference.completed_at-2026-09-27T14_18_39.013234_00_00,1,1,1.0619849763891098,0.7387721970960118,7.9726024605333805,1,0,1166184,0.0,26.12278029039882,26.12278029039882,1,26.12278029039882,1,1.437499922931037,3.6355012618005276
Climate,ts_icl__experiment_config.instance_normalization-none__pipeline_config.raw_inference.completed_at-2026-09-26T15_48_50.433201_00_00,1,1,0.7731507634952759,0.7407707649203622,22.28370183520019,1,0,1166184,0.0,25.92292350796378,25.92292350796378,1,25.92292350796378,1,1.0437112263446233,6.013604203239083
Climate,ts_icl__experiment_config.instance_normalization-zscore__pipeline_config.raw_inference.completed_at-2026-09-27T14_18_29.878323_00_00,1,1,0.7731508172546347,0.7407708164282482,22.49872411042452,1,0,1166184,0.0,25.922918357175185,25.922918357175185,1,25.922918357175185,1,1.0437112263446233,6.013604203239083
Climate,ts_icl__experiment_config.instance_normalization-none__pipeline_config.raw_inference.completed_at-2026-09-26T15_48_24.790174_00_00,1,1,0.5854931056397984,0.5615680496491282,171.61584774963558,1,0,1166184,0.0,43.84319503508718,43.84319503508718,1,43.84319503508718,1,1.042604019237951,31.680090492591262
Climate,ts_icl__experiment_config.instance_normalization-zscore__pipeline_config.raw_inference.completed_at-2026-09-27T14_18_03.856768_00_00,1,1,0.5854929622488915,0.5615679121176165,173.23010464385152,1,0,1166184,0.0,43.84320878823835,43.84320878823835,1,43.84320878823835,1,1.042604019237951,31.680090492591262
Climate,chronos2__experiment_config.instance_normalization-none__pipeline_config.raw_inference.completed_at-2026-09-26T15_45_16.522128_00_00,1,1,0.8331182837324931,0.7381883703886466,0.7104298360645771,1,0,388800,0.0,26.18116296113534,26.18116296113534,1,26.18116296113534,1,1.1285984948447063,1.367406515404582
Climate,chronos2__experiment_config.instance_normalization-zscore__pipeline_config.raw_inference.completed_at-2026-09-27T14_06_02.950155_00_00,1,1,0.8331184254810055,0.7381884959855821,0.7113343439996243,1,0,388800,0.0,26.181150401441787,26.181150401441787,1,26.181150401441787,1,1.1285984948447063,1.367406515404582
Climate,chronos2__experiment_config.instance_normalization-none__pipeline_config.raw_inference.completed_at-2026-09-26T15_45_15.327163_00_00,1,1,0.7241171493827121,0.7296279661124532,1.714488673955202,1,0,388800,0.0,27.037203388754683,27.037203388754683,1,27.037203388754683,1,0.9924470867542217,2.295259775593877
Climate,chronos2__experiment_config.instance_normalization-zscore__pipeline_config.raw_inference.completed_at-2026-09-27T14_06_01.750345_00_00,1,1,0.7241171816521089,0.7296279986274328,1.7247148100286722,1,0,388800,0.0,27.037200137256722,27.037200137256722,1,27.037200137256722,1,0.9924470867542217,2.295259775593877
Climate,chronos2__experiment_config.instance_normalization-none__pipeline_config.raw_inference.completed_at-2026-09-26T15_45_12.225547_00_00,1,1,0.5007411130559184,0.5050993677405062,12.134375179186463,1,0,388800,0.0,49.49006322594938,49.49006322594938,1,49.49006322594938,1,0.9913714905166404,12.934377044439316
Climate,chronos2__experiment_config.instance_normalization-zscore__pipeline_config.raw_inference.completed_at-2026-09-27T14_05_58.604298_00_00,1,1,0.5007410964751977,0.5050993510154735,12.279739525169134,1,0,388800,0.0,49.490064898452644,49.490064898452644,1,49.490064898452644,1,0.9913714905166404,12.934377044439316
Climate,chronos_bolt__experiment_config.instance_normalization-none__pipeline_config.raw_inference.completed_at-2026-09-26T15_45_25.976054_00_00,1,1,0.9309764178821907,0.8248960300184449,5.592255461961031,1,0,388800,0.0,17.510396998155507,17.510396998155507,1,17.510396998155507,1,1.1285984948447063,1.367406515404582
Climate,chronos_bolt__experiment_config.instance_normalization-zscore__pipeline_config.raw_inference.completed_at-2026-09-27T13_57_13.919209_00_00,1,1,0.9309766159587626,0.8248962055251223,5.581027869135141,1,0,388800,0.0,17.510379447487768,17.510379447487768,1,17.510379447487768,1,1.1285984948447063,1.367406515404582
Climate,chronos_bolt__experiment_config.instance_normalization-none__pipeline_config.raw_inference.completed_at-2026-09-26T15_45_20.089987_00_00,1,1,0.7820132300395952,0.7879646587478571,4.684758359566331,1,0,388800,0.0,21.203534125214286,21.203534125214286,1,21.203534125214286,1,0.9924470867542217,2.295259775593877
Climate,chronos_bolt__experiment_config.instance_normalization-zscore__pipeline_config.raw_inference.completed_at-2026-09-27T13_57_08.031374_00_00,1,1,0.7820129823376649,0.7879644091608176,4.6621741857379675,1,0,388800,0.0,21.203559083918243,21.203559083918243,1,21.203559083918243,1,0.9924470867542217,2.295259775593877
Climate,chronos_bolt__experiment_config.instance_normalization-none__pipeline_config.raw_inference.completed_at-2026-09-26T15_45_14.194522_00_00,1,1,0.5264439061535141,0.5310258678905166,5.602128099650145,1,0,388800,0.0,46.897413210948336,46.897413210948336,1,46.897413210948336,1,0.9913714905166404,12.934377044439316
Climate,chronos_bolt__experiment_config.instance_normalization-zscore__pipeline_config.raw_inference.completed_at-2026-09-27T13_57_02.136017_00_00,1,1,0.5264437637204555,0.5310257242177765,5.845337126404047,1,0,388800,0.0,46.89742757822235,46.89742757822235,1,46.89742757822235,1,0.9913714905166404,12.934377044439316
Climate,ts_icl__experiment_config.instance_normalization-none__pipeline_config.raw_inference.completed_at-2026-09-26T15_50_56.336626_00_00,1,1,0.8639502699452303,0.7655071966617399,4.701869150623679,1,0,388800,0.0,23.449280333826007,23.449280333826007,1,23.449280333826007,1,1.1285984948447063,1.367406515404582
Climate,ts_icl__experiment_config.instance_normalization-zscore__pipeline_config.raw_inference.completed_at-2026-09-27T14_20_37.738234_00_00,1,1,0.863949564042157,0.7655065711930046,4.709172369912267,1,0,388800,0.0,23.449342880699543,23.449342880699543,1,23.449342880699543,1,1.1285984948447063,1.367406515404582
Climate,ts_icl__experiment_config.instance_normalization-none__pipeline_config.raw_inference.completed_at-2026-09-26T15_50_51.004427_00_00,1,1,0.7574821876670954,0.7632469254803556,13.078402074053884,1,0,388800,0.0,23.675307451964443,23.675307451964443,1,23.675307451964443,1,0.9924470867542217,2.295259775593877
Climate,ts_icl__experiment_config.instance_normalization-zscore__pipeline_config.raw_inference.completed_at-2026-09-27T14_20_32.385068_00_00,1,1,0.757481881357724,0.7632466168398492,12.987464983016253,1,0,388800,0.0,23.675338316015083,23.675338316015083,1,23.675338316015083,1,0.9924470867542217,2.295259775593877
Climate,ts_icl__experiment_config.instance_normalization-none__pipeline_config.raw_inference.completed_at-2026-09-26T15_50_36.202883_00_00,1,1,0.5193276915541719,0.5238477165442099,92.08401364088058,1,0,388800,0.0,47.615228345579006,47.615228345579006,1,47.615228345579006,1,0.9913714905166404,12.934377044439316
Climate,ts_icl__experiment_config.instance_normalization-zscore__pipeline_config.raw_inference.completed_at-2026-09-27T14_20_17.669964_00_00,1,1,0.5193277495091694,0.523847775003625,92.24228981137276,1,0,388800,0.0,47.6152224996375,47.6152224996375,1,47.6152224996375,1,0.9913714905166404,12.934377044439316
Climate,chronos2__experiment_config.instance_normalization-none__pipeline_config.raw_inference.completed_at-2026-09-26T15_46_47.354798_00_00,1,1,1.0349358614818083,0.7818707943035755,3.4409340750426054,1,0,1574640,0.0,21.812920569642447,21.812920569642447,1,21.812920569642447,1,1.3236660955006534,5.839939741417766
Climate,chronos2__experiment_config.instance_normalization-zscore__pipeline_config.raw_inference.completed_at-2026-09-27T14_07_33.893068_00_00,1,1,1.0349358265848114,0.7818707679396782,3.445252139121294,1,0,1574640,0.0,21.812923206032174,21.812923206032174,1,21.812923206032174,1,1.3236660955006534,5.839939741417766
Climate,chronos2__experiment_config.instance_normalization-none__pipeline_config.raw_inference.completed_at-2026-09-26T15_46_42.608244_00_00,1,1,0.7299694722683221,0.7171297699160067,9.41227262839675,1,0,1574640,0.0,28.287023008399327,28.287023008399327,1,28.287023008399327,1,1.0179042941611798,11.161925012245774
Climate,chronos2__experiment_config.instance_normalization-zscore__pipeline_config.raw_inference.completed_at-2026-09-27T14_07_29.122103_00_00,1,1,0.7299694921432092,0.7171297894413071,9.431294111534953,1,0,1574640,0.0,28.28702105586929,28.28702105586929,1,28.28702105586929,1,1.0179042941611798,11.161925012245774
Climate,chronos2__experiment_config.instance_normalization-none__pipeline_config.raw_inference.completed_at-2026-09-26T15_46_27.114547_00_00,1,1,0.4727036485451953,0.46537768567175847,61.059814048931,1,0,1574640,0.0,53.46223143282416,53.46223143282416,1,53.46223143282416,1,1.0157419728083052,66.02086149714887
Climate,chronos2__experiment_config.instance_normalization-zscore__pipeline_config.raw_inference.completed_at-2026-09-27T14_07_13.580368_00_00,1,1,0.47270364192587994,0.46537767915502926,61.25602850690484,1,0,1574640,0.0,53.462232084497074,53.462232084497074,1,53.462232084497074,1,1.0157419728083052,66.02086149714887
Climate,chronos_bolt__experiment_config.instance_normalization-none__pipeline_config.raw_inference.completed_at-2026-09-26T15_47_00.563033_00_00,1,1,1.365751198444944,1.0317943498646256,22.958402873948216,1,0,1574640,0.0,-3.1794349864625593,-3.1794349864625593,1,-3.1794349864625593,1,1.3236660955006534,5.839939741417766
Climate,chronos_bolt__experiment_config.instance_normalization-zscore__pipeline_config.raw_inference.completed_at-2026-09-27T13_58_49.592570_00_00,1,1,1.3657512364762703,1.0317943785964383,22.67763896845281,1,0,1574640,0.0,-3.17943785964383,-3.17943785964383,1,-3.17943785964383,1,1.3236660955006534,5.839939741417766
Climate,chronos_bolt__experiment_config.instance_normalization-none__pipeline_config.raw_inference.completed_at-2026-09-26T15_46_36.440621_00_00,1,1,1.1046554990495228,1.0852253059408024,25.102548386901617,1,0,1574640,0.0,-8.522530594080235,-8.522530594080235,1,-8.522530594080235,1,1.0179042941611798,11.161925012245774
Climate,chronos_bolt__experiment_config.instance_normalization-zscore__pipeline_config.raw_inference.completed_at-2026-09-27T13_58_25.759099_00_00,1,1,1.104655534832395,1.0852253410942765,25.046735424548388,1,0,1574640,0.0,-8.52253410942765,-8.52253410942765,1,-8.52253410942765,1,1.0179042941611798,11.161925012245774
Climate,chronos_bolt__experiment_config.instance_normalization-none__pipeline_config.raw_inference.completed_at-2026-09-26T15_46_05.176927_00_00,1,1,0.5819725735844418,0.5729531605112412,29.692712292075157,1,0,1574640,0.0,42.704683948875875,42.704683948875875,1,42.704683948875875,1,1.0157419728083052,66.02086149714887
Climate,chronos_bolt__experiment_config.instance_normalization-zscore__pipeline_config.raw_inference.completed_at-2026-09-27T13_57_54.586938_00_00,1,1,0.5819725420436309,0.57295312945925,30.881461534649134,1,0,1574640,0.0,42.704687054074995,42.704687054074995,1,42.704687054074995,1,1.0157419728083052,66.02086149714887
Climate,ts_icl__experiment_config.instance_normalization-none__pipeline_config.raw_inference.completed_at-2026-09-26T16_01_01.534693_00_00,1,1,1.1122450157855845,0.840276123688805,23.952521642670035,1,0,1574640,0.0,15.9723876311195,15.9723876311195,1,15.9723876311195,1,1.3236660955006534,5.839939741417766
Climate,ts_icl__experiment_config.instance_normalization-zscore__pipeline_config.raw_inference.completed_at-2026-09-27T14_30_42.449017_00_00,1,1,1.1122449477999594,0.8402760723271924,24.009652122855186,1,0,1574640,0.0,15.972392767280763,15.972392767280763,1,15.972392767280763,1,1.3236660955006534,5.839939741417766
Climate,ts_icl__experiment_config.instance_normalization-none__pipeline_config.raw_inference.completed_at-2026-09-26T16_00_36.082241_00_00,1,1,0.8134401959265366,0.7991322962212916,67.29389851354063,1,0,1574640,0.0,20.086770377870845,20.086770377870845,1,20.086770377870845,1,1.0179042941611798,11.161925012245774
Climate,ts_icl__experiment_config.instance_normalization-zscore__pipeline_config.raw_inference.completed_at-2026-09-27T14_30_16.914422_00_00,1,1,0.8134402023168751,0.799132302499228,67.44582751765847,1,0,1574640,0.0,20.086769750077206,20.086769750077206,1,20.086769750077206,1,1.0179042941611798,11.161925012245774
Climate,ts_icl__experiment_config.instance_normalization-none__pipeline_config.raw_inference.completed_at-2026-09-26T15_59_21.915743_00_00,1,1,0.5218188258961157,0.5137316758245211,499.06127027608454,1,0,1574640,0.0,48.626832417547895,48.626832417547895,1,48.626832417547895,1,1.0157419728083052,66.02086149714887
Climate,ts_icl__experiment_config.instance_normalization-zscore__pipeline_config.raw_inference.completed_at-2026-09-27T14_29_02.560904_00_00,1,1,0.5218188171749306,0.5137316672384968,500.2213800661266,1,0,1574640,0.0,48.626833276150315,48.626833276150315,1,48.626833276150315,1,1.0157419728083052,66.02086149714887
Climate,chronos2__experiment_config.instance_normalization-none__pipeline_config.raw_inference.completed_at-2026-09-26T15_43_57.943761_00_00,1,1,0.8498128607052333,0.7777128406354761,0.16537532024085522,1,0,233280,0.0,22.228715936452392,22.228715936452392,1,22.228715936452392,1,1.0927077660320532,0.6847126875072718
Climate,chronos2__experiment_config.instance_normalization-zscore__pipeline_config.raw_inference.completed_at-2026-09-27T14_04_43.982450_00_00,1,1,0.8498126532589745,0.777712650789421,0.16770632192492485,1,0,233280,0.0,22.228734921057903,22.228734921057903,1,22.228734921057903,1,1.0927077660320532,0.6847126875072718
Climate,chronos2__experiment_config.instance_normalization-none__pipeline_config.raw_inference.completed_at-2026-09-26T15_43_57.424005_00_00,1,1,0.5887550969808875,0.6464918202535772,0.4173429775983095,1,0,233280,0.0,35.35081797464228,35.35081797464228,1,35.35081797464228,1,0.9106922601897061,0.8513255435973406
Climate,chronos2__experiment_config.instance_normalization-zscore__pipeline_config.raw_inference.completed_at-2026-09-27T14_04_43.458370_00_00,1,1,0.5887551047418029,0.6464918287755729,0.42387222312390804,1,0,233280,0.0,35.35081712244271,35.35081712244271,1,35.35081712244271,1,0.9106922601897061,0.8513255435973406
Climate,chronos2__experiment_config.instance_normalization-none__pipeline_config.raw_inference.completed_at-2026-09-26T15_43_56.445281_00_00,1,1,0.3706701929271874,0.4071054800668598,3.5260367542505264,1,0,233280,0.0,59.28945199331401,59.28945199331401,1,59.28945199331401,1,0.9105016048084428,3.5645995773375034
Climate,chronos2__experiment_config.instance_normalization-zscore__pipeline_config.raw_inference.completed_at-2026-09-27T14_04_42.473723_00_00,1,1,0.3706701173164491,0.4071053970239109,3.5480501521378756,1,0,233280,0.0,59.28946029760891,59.28946029760891,1,59.28946029760891,1,0.9105016048084428,3.5645995773375034
Climate,chronos_bolt__experiment_config.instance_normalization-none__pipeline_config.raw_inference.completed_at-2026-09-26T15_44_01.047999_00_00,1,1,1.0664668009130953,0.9759853769372879,3.3876731004565954,1,0,233280,0.0,2.401462306271207,2.401462306271207,1,2.401462306271207,1,1.0927077660320532,0.6847126875072718
Climate,chronos_bolt__experiment_config.instance_normalization-zscore__pipeline_config.raw_inference.completed_at-2026-09-27T13_55_47.742519_00_00,1,1,1.0664022448944934,0.9759262979954073,3.3566190898418427,1,0,233280,0.0,2.407370200459269,2.407370200459269,1,2.407370200459269,1,1.0927077660320532,0.6847126875072718
Climate,chronos_bolt__experiment_config.instance_normalization-none__pipeline_config.raw_inference.completed_at-2026-09-26T15_43_57.504418_00_00,1,1,0.7323406240134054,0.8041581728836168,3.3606549240648746,1,0,233280,0.0,19.58418271163832,19.58418271163832,1,19.58418271163832,1,0.9106922601897061,0.8513255435973406
Climate,chronos_bolt__experiment_config.instance_normalization-zscore__pipeline_config.raw_inference.completed_at-2026-09-27T13_55_44.226903_00_00,1,1,0.7323418910981913,0.8041595642260507,3.34811888076365,1,0,233280,0.0,19.584043577394926,19.584043577394926,1,19.584043577394926,1,0.9106922601897061,0.8513255435973406
Climate,chronos_bolt__experiment_config.instance_normalization-none__pipeline_config.raw_inference.completed_at-2026-09-26T15_43_53.773511_00_00,1,1,0.4309424156630221,0.473302203298902,1.2937045767903328,1,0,233280,0.0,52.6697796701098,52.6697796701098,1,52.6697796701098,1,0.9105016048084428,3.5645995773375034
Climate,chronos_bolt__experiment_config.instance_normalization-zscore__pipeline_config.raw_inference.completed_at-2026-09-27T13_55_40.507043_00_00,1,1,0.43094242012176104,0.4733022081959158,1.3536698278039694,1,0,233280,0.0,52.669779180408426,52.669779180408426,1,52.669779180408426,1,0.9105016048084428,3.5645995773375034
Climate,ts_icl__experiment_config.instance_normalization-none__pipeline_config.raw_inference.completed_at-2026-09-26T15_45_28.747308_00_00,1,1,1.0940430192022368,1.001221967310649,1.5666938815265894,1,0,233280,0.0,-0.12219673106490525,-0.12219673106490525,1,-0.12219673106490525,1,1.0927077660320532,0.6847126875072718
Climate,ts_icl__experiment_config.instance_normalization-zscore__pipeline_config.raw_inference.completed_at-2026-09-27T14_15_06.110910_00_00,1,1,1.094042335801692,1.001221341891332,1.5823017936199903,1,0,233280,0.0,-0.12213418913320506,-0.12213418913320506,1,-0.12213418913320506,1,1.0927077660320532,0.6847126875072718
Climate,ts_icl__experiment_config.instance_normalization-none__pipeline_config.raw_inference.completed_at-2026-09-26T15_45_26.670824_00_00,1,1,0.6444202193835324,0.7076157858740267,2.2985218074172735,1,0,233280,0.0,29.238421412597326,29.238421412597326,1,29.238421412597326,1,0.9106922601897061,0.8513255435973406
Climate,ts_icl__experiment_config.instance_normalization-zscore__pipeline_config.raw_inference.completed_at-2026-09-27T14_15_04.036736_00_00,1,1,0.6444202134867695,0.7076157793989931,2.3143490254879,1,0,233280,0.0,29.23842206010069,29.23842206010069,1,29.23842206010069,1,0.9106922601897061,0.8513255435973406
Climate,ts_icl__experiment_config.instance_normalization-none__pipeline_config.raw_inference.completed_at-2026-09-26T15_45_23.572457_00_00,1,1,0.40666683057892833,0.4466404325168494,17.32212566398084,1,0,233280,0.0,55.33595674831506,55.33595674831506,1,55.33595674831506,1,0.9105016048084428,3.5645995773375034
Climate,ts_icl__experiment_config.instance_normalization-zscore__pipeline_config.raw_inference.completed_at-2026-09-27T14_15_00.932768_00_00,1,1,0.40666682082423605,0.44664042180331276,17.39729956537485,1,0,233280,0.0,55.33595781966872,55.33595781966872,1,55.33595781966872,1,0.9105016048084428,3.5645995773375034
Climate,chronos2__experiment_config.instance_normalization-none__pipeline_config.raw_inference.completed_at-2026-09-26T15_47_08.231485_00_00,1,1,1.353132705831222,0.6840660462276843,0.6601189766079187,1,0,762048,0.0,31.59339537723157,31.59339537723157,1,31.59339537723157,1,1.97807318941371,2.397734012454748
Climate,chronos2__experiment_config.instance_normalization-zscore__pipeline_config.raw_inference.completed_at-2026-09-27T14_07_54.720440_00_00,1,1,1.3531327655131264,0.6840660763994215,0.6593979559838772,1,0,762048,0.0,31.593392360057848,31.593392360057848,1,31.593392360057848,1,1.97807318941371,2.397734012454748
Climate,chronos2__experiment_config.instance_normalization-none__pipeline_config.raw_inference.completed_at-2026-09-26T15_47_07.012752_00_00,1,1,1.1473694546649549,0.6223341959795847,1.2962880432605743,1,0,762048,0.0,37.76658040204153,37.76658040204153,1,37.76658040204153,1,1.8436548434542293,3.0831002853810787
Climate,chronos2__experiment_config.instance_normalization-zscore__pipeline_config.raw_inference.completed_at-2026-09-27T14_07_53.499296_00_00,1,1,1.1473695199420828,0.622334231385956,1.3075953274965286,1,0,762048,0.0,37.7665768614044,37.7665768614044,1,37.7665768614044,1,1.8436548434542293,3.0831002853810787
Climate,chronos2__experiment_config.instance_normalization-none__pipeline_config.raw_inference.completed_at-2026-09-26T15_47_04.422482_00_00,1,1,0.6887220923168162,0.6662337992328787,7.23914753831923,1,0,762048,0.0,33.37662007671213,33.37662007671213,1,33.37662007671213,1,1.0337543563683367,12.391531351953745
Climate,chronos2__experiment_config.instance_normalization-zscore__pipeline_config.raw_inference.completed_at-2026-09-27T14_07_50.872328_00_00,1,1,0.6887221376270086,0.6662338430635936,7.280380085110664,1,0,762048,0.0,33.376615693640645,33.376615693640645,1,33.376615693640645,1,1.0337543563683367,12.391531351953745
Climate,chronos_bolt__experiment_config.instance_normalization-none__pipeline_config.raw_inference.completed_at-2026-09-26T15_47_38.827413_00_00,1,1,1.6266933009882154,0.822362544365893,11.711758149787784,1,0,762048,0.0,17.763745563410705,17.763745563410705,1,17.763745563410705,1,1.97807318941371,2.397734012454748
Climate,chronos_bolt__experiment_config.instance_normalization-zscore__pipeline_config.raw_inference.completed_at-2026-09-27T13_59_28.113837_00_00,1,1,1.626693277229513,0.8223625323548599,11.596157787367702,1,0,762048,0.0,17.76374676451401,17.76374676451401,1,17.76374676451401,1,1.97807318941371,2.397734012454748
Climate,chronos_bolt__experiment_config.instance_normalization-none__pipeline_config.raw_inference.completed_at-2026-09-26T15_47_26.753659_00_00,1,1,1.4834479710008108,0.8046234772564353,9.822451688349247,1,0,762048,0.0,19.537652274356464,19.537652274356464,1,19.537652274356464,1,1.8436548434542293,3.0831002853810787
Climate,chronos_bolt__experiment_config.instance_normalization-zscore__pipeline_config.raw_inference.completed_at-2026-09-27T13_59_16.157938_00_00,1,1,1.4834480346003907,0.804623511752903,9.728491637855768,1,0,762048,0.0,19.5376488247097,19.5376488247097,1,19.5376488247097,1,1.8436548434542293,3.0831002853810787
Climate,chronos_bolt__experiment_config.instance_normalization-none__pipeline_config.raw_inference.completed_at-2026-09-26T15_47_15.799291_00_00,1,1,0.8281138920709751,0.8010741497430847,5.566486759111285,1,0,762048,0.0,19.892585025691535,19.892585025691535,1,19.892585025691535,1,1.0337543563683367,12.391531351953745
Climate,chronos_bolt__experiment_config.instance_normalization-zscore__pipeline_config.raw_inference.completed_at-2026-09-27T13_59_05.297396_00_00,1,1,0.8281135269270253,0.801073796521889,5.8301839251071215,1,0,762048,0.0,19.892620347811096,19.892620347811096,1,19.892620347811096,1,1.0337543563683367,12.391531351953745
Climate,ts_icl__experiment_config.instance_normalization-none__pipeline_config.raw_inference.completed_at-2026-09-26T16_03_00.356111_00_00,1,1,1.3360270016711546,0.6754183863475475,6.513747241348028,1,0,762048,0.0,32.45816136524525,32.45816136524525,1,32.45816136524525,1,1.97807318941371,2.397734012454748
Climate,ts_icl__experiment_config.instance_normalization-zscore__pipeline_config.raw_inference.completed_at-2026-09-27T14_32_40.009771_00_00,1,1,1.3360269914459884,0.6754183811782917,6.493837492540479,1,0,762048,0.0,32.458161882170835,32.458161882170835,1,32.458161882170835,1,1.97807318941371,2.397734012454748
Climate,ts_icl__experiment_config.instance_normalization-none__pipeline_config.raw_inference.completed_at-2026-09-26T16_02_53.134787_00_00,1,1,1.172189045510165,0.6357963637672974,12.478444524109364,1,0,762048,0.0,36.420363623270255,36.420363623270255,1,36.420363623270255,1,1.8436548434542293,3.0831002853810787
Climate,ts_icl__experiment_config.instance_normalization-zscore__pipeline_config.raw_inference.completed_at-2026-09-27T14_32_32.811722_00_00,1,1,1.1721889040514335,0.6357962870399577,12.458519272506237,1,0,762048,0.0,36.42037129600423,36.42037129600423,1,36.42037129600423,1,1.8436548434542293,3.0831002853810787
Climate,ts_icl__experiment_config.instance_normalization-none__pipeline_config.raw_inference.completed_at-2026-09-26T16_02_39.022288_00_00,1,1,0.7341019003197232,0.7101318565647288,86.37623649835587,1,0,762048,0.0,28.986814343527122,28.986814343527122,1,28.986814343527122,1,1.0337543563683367,12.391531351953745
Climate,ts_icl__experiment_config.instance_normalization-zscore__pipeline_config.raw_inference.completed_at-2026-09-27T14_32_18.706554_00_00,1,1,0.7341019370808456,0.7101318921255196,85.5556337479502,1,0,762048,0.0,28.986810787448036,28.986810787448036,1,28.986810787448036,1,1.0337543563683367,12.391531351953745
Finance,chronos2__experiment_config.instance_normalization-none__pipeline_config.raw_inference.completed_at-2026-09-26T15_50_38.490692_00_00,1,1,1.3994284061370788,0.7012950561917676,0.3714833986014128,1,0,113400,0.0,29.870494380823242,29.870494380823242,1,29.870494380823242,1,1.9954916176600113,0.669268723577261
Finance,chronos2__experiment_config.instance_normalization-zscore__pipeline_config.raw_inference.completed_at-2026-09-27T14_11_22.620930_00_00,1,1,1.399428433948072,0.7012950701286806,0.37573080137372017,1,0,113400,0.0,29.870492987131936,29.870492987131936,1,29.870492987131936,1,1.9954916176600113,0.669268723577261
Finance,chronos2__experiment_config.instance_normalization-none__pipeline_config.raw_inference.completed_at-2026-09-26T15_50_37.744630_00_00,1,1,1.209757884715994,0.6491778388804407,0.8312169946730137,1,0,113400,0.0,35.08221611195593,35.08221611195593,1,35.08221611195593,1,1.8635230783637327,1.244692673906684
Finance,chronos2__experiment_config.instance_normalization-zscore__pipeline_config.raw_inference.completed_at-2026-09-27T14_11_21.869248_00_00,1,1,1.2097578852458801,0.6491778391647871,0.8412055466324091,1,0,113400,0.0,35.08221608352129,35.08221608352129,1,35.08221608352129,1,1.8635230783637327,1.244692673906684
Finance,chronos2__experiment_config.instance_normalization-none__pipeline_config.raw_inference.completed_at-2026-09-26T15_50_36.390851_00_00,1,1,0.9582914513423078,0.6707122771675035,3.000778591260314,1,0,113400,0.0,32.92877228324965,32.92877228324965,1,32.92877228324965,1,1.4287668259022852,3.3176403511315584
Finance,chronos2__experiment_config.instance_normalization-zscore__pipeline_config.raw_inference.completed_at-2026-09-27T14_11_20.505494_00_00,1,1,0.9582914472549781,0.6707122743067641,2.7714890502393246,1,0,113400,0.0,32.92877256932359,32.92877256932359,1,32.92877256932359,1,1.4287668259022852,3.3176403511315584
Finance,chronos_bolt__experiment_config.instance_normalization-none__pipeline_config.raw_inference.completed_at-2026-09-26T15_51_47.690968_00_00,1,1,1.469630560166673,0.7364754365092334,1.4523073974996805,1,0,113400,0.0,26.352456349076657,26.352456349076657,1,26.352456349076657,1,1.9954916176600113,0.669268723577261
Finance,chronos_bolt__experiment_config.instance_normalization-zscore__pipeline_config.raw_inference.completed_at-2026-09-27T15_15_33.646912_00_00,1,1,1.4696305721618073,0.7364754425203507,1.4767368715256453,1,0,113400,0.0,26.35245574796493,26.35245574796493,1,26.35245574796493,1,1.9954916176600113,0.669268723577261
Finance,chronos_bolt__experiment_config.instance_normalization-none__pipeline_config.raw_inference.completed_at-2026-09-26T15_51_46.085598_00_00,1,1,1.2501886284244879,0.670873703116259,1.8267841301858425,1,0,113400,0.0,32.912629688374096,32.912629688374096,1,32.912629688374096,1,1.8635230783637327,1.244692673906684
Finance,chronos_bolt__experiment_config.instance_normalization-zscore__pipeline_config.raw_inference.completed_at-2026-09-27T15_15_32.014988_00_00,1,1,1.2501886032382659,0.6708736896008793,1.8553222827613354,1,0,113400,0.0,32.912631039912064,32.912631039912064,1,32.912631039912064,1,1.8635230783637327,1.244692673906684
Finance,chronos_bolt__experiment_config.instance_normalization-none__pipeline_config.raw_inference.completed_at-2026-09-26T15_51_43.958774_00_00,1,1,0.9865224365484573,0.6904712642144776,1.0168719850480556,1,0,113400,0.0,30.952873578552243,30.952873578552243,1,30.952873578552243,1,1.4287668259022852,3.3176403511315584
Finance,chronos_bolt__experiment_config.instance_normalization-zscore__pipeline_config.raw_inference.completed_at-2026-09-27T15_15_29.856155_00_00,1,1,0.9865224224960375,0.690471254379129,1.0619627814739943,1,0,113400,0.0,30.952874562087096,30.952874562087096,1,30.952874562087096,1,1.4287668259022852,3.3176403511315584
Finance,ts_icl__experiment_config.instance_normalization-none__pipeline_config.raw_inference.completed_at-2026-09-26T16_12_30.492191_00_00,1,1,1.406930503128837,0.7050545793716021,1.847748752683401,1,0,113400,0.0,29.49454206283979,29.49454206283979,1,29.49454206283979,1,1.9954916176600113,0.669268723577261
Finance,ts_icl__experiment_config.instance_normalization-zscore__pipeline_config.raw_inference.completed_at-2026-09-27T14_42_11.078599_00_00,1,1,1.4069304885280667,0.7050545720547232,1.8820608463138342,1,0,113400,0.0,29.49454279452768,29.49454279452768,1,29.49454279452768,1,1.9954916176600113,0.669268723577261
Finance,ts_icl__experiment_config.instance_normalization-none__pipeline_config.raw_inference.completed_at-2026-09-26T16_12_28.153615_00_00,1,1,1.1992278750561916,0.6435272463108824,4.207989783957601,1,0,113400,0.0,35.64727536891176,35.64727536891176,1,35.64727536891176,1,1.8635230783637327,1.244692673906684
Finance,ts_icl__experiment_config.instance_normalization-zscore__pipeline_config.raw_inference.completed_at-2026-09-27T14_42_08.704078_00_00,1,1,1.1992278725439685,0.6435272449627782,4.281162969768047,1,0,113400,0.0,35.64727550372218,35.64727550372218,1,35.64727550372218,1,1.8635230783637327,1.244692673906684
Finance,ts_icl__experiment_config.instance_normalization-none__pipeline_config.raw_inference.completed_at-2026-09-26T16_12_23.199767_00_00,1,1,0.9572336223044459,0.6699718981086645,12.709033731371164,1,0,113400,0.0,33.00281018913355,33.00281018913355,1,33.00281018913355,1,1.4287668259022852,3.3176403511315584
Finance,ts_icl__experiment_config.instance_normalization-zscore__pipeline_config.raw_inference.completed_at-2026-09-27T14_42_03.676774_00_00,1,1,0.9572336179185607,0.6699718950389647,12.806408355012536,1,0,113400,0.0,33.00281049610353,33.00281049610353,1,33.00281049610353,1,1.4287668259022852,3.3176403511315584
Climate,seasonal_naive,51,51,1.3941340377094575,1.0,297.30811541341245,51,0,23273217,0.0,0.0,0.0,51,0.0,51,1.3941340377094575,297.30811541341245
Industry,seasonal_naive,3,3,1.0022912568434856,1.0,11.825246900320053,3,0,1097550,0.0,0.0,0.0,3,0.0,3,1.0022912568434856,11.825246900320053
Sales,seasonal_naive,4,4,1.4686212064144784,1.0,3.997866455465555,4,0,288900,0.0,0.0,0.0,4,0.0,4,1.4686212064144784,3.997866455465555
Transport,seasonal_naive,11,11,0.9291833143028868,1.0,96.6070097964257,11,0,7399350,0.0,0.0,0.0,11,0.0,11,0.9291833143028868,96.6070097964257
Economics,seasonal_naive,11,11,1.4634204534099011,1.0,3.0412907619029284,11,0,53046,0.0,0.0,0.0,11,0.0,11,1.4634204534099011,3.0412907619029284
Energy,seasonal_naive,6,6,0.9768271450011902,1.0,18.837804347276688,6,0,1451520,0.0,0.0,0.0,6,0.0,6,0.9768271450011902,18.837804347276688
Finance,seasonal_naive,6,6,2.462001292449183,1.0,95.3637812435627,6,0,661104,0.0,0.0,0.0,6,0.0,6,2.462001292449183,95.3637812435627
Healthcare,seasonal_naive,3,3,3.1056180707235863,1.0,1.3643108755350113,3,0,45900,0.0,0.0,0.0,3,0.0,3,3.1056180707235863,1.3643108755350113
Unclassified,seasonal_naive,2,2,1.0240696332644776,1.0,119.2157508507371,2,0,34548768,0.0,0.0,0.0,2,0.0,2,1.0240696332644776,119.2157508507371
Cloud operations,seasonal_naive,1,1,1.1130542641708217,1.0,5.47015979513526,1,0,606528,0.0,0.0,0.0,1,0.0,1,1.1130542641708217,5.47015979513526
