frequency,horizon_steps,model,mean_loss,tasks,mean_loss_ratio,mean_paired_improvement_percent,relative_tasks
H,168,chronos2__experiment_config.instance_normalization-none__pipeline_config.raw_inference.completed_at-2026-09-26T15_50_24.246215_00_00,0.9416618511442288,1,0.9416618511442288,5.833814885577116,1
H,168,chronos2__experiment_config.instance_normalization-zscore__pipeline_config.raw_inference.completed_at-2026-09-27T14_11_08.602036_00_00,0.9416618293978156,1,0.9416618293978156,5.833817060218438,1
H,168,chronos_bolt__experiment_config.instance_normalization-none__pipeline_config.raw_inference.completed_at-2026-09-26T15_51_33.421927_00_00,0.9413522940282448,1,0.9413522940282448,5.864770597175517,1
H,168,chronos_bolt__experiment_config.instance_normalization-zscore__pipeline_config.raw_inference.completed_at-2026-09-27T15_15_19.532456_00_00,0.9413522832853374,1,0.9413522832853374,5.864771671466262,1
H,168,ts_icl__experiment_config.instance_normalization-none__pipeline_config.raw_inference.completed_at-2026-09-26T16_12_06.332146_00_00,0.8711578297339584,1,0.8711578297339584,12.884217026604162,1
H,168,ts_icl__experiment_config.instance_normalization-zscore__pipeline_config.raw_inference.completed_at-2026-09-27T14_41_46.674130_00_00,0.8711578244696124,1,0.8711578244696124,12.884217553038757,1
H,168,chronos2__experiment_config.instance_normalization-none__pipeline_config.raw_inference.completed_at-2026-09-26T15_47_40.936798_00_00,0.8240486507551307,1,0.8240486507551307,17.59513492448693,1
H,168,chronos2__experiment_config.instance_normalization-zscore__pipeline_config.raw_inference.completed_at-2026-09-27T14_08_27.530650_00_00,0.8240486673938048,1,0.8240486673938048,17.595133260619523,1
H,168,chronos_bolt__experiment_config.instance_normalization-none__pipeline_config.raw_inference.completed_at-2026-09-26T15_48_09.858670_00_00,0.8737881240254909,1,0.8737881240254909,12.621187597450911,1
H,168,chronos_bolt__experiment_config.instance_normalization-zscore__pipeline_config.raw_inference.completed_at-2026-09-27T13_59_59.885028_00_00,0.8737881399217619,1,0.8737881399217619,12.621186007823814,1
H,168,ts_icl__experiment_config.instance_normalization-none__pipeline_config.raw_inference.completed_at-2026-09-26T16_03_33.387940_00_00,0.8124181450914852,1,0.8124181450914852,18.758185490851474,1
H,168,ts_icl__experiment_config.instance_normalization-zscore__pipeline_config.raw_inference.completed_at-2026-09-27T14_33_12.886478_00_00,0.8124181324954705,1,0.8124181324954705,18.758186750452953,1
H,168,chronos2__experiment_config.instance_normalization-none__pipeline_config.raw_inference.completed_at-2026-09-26T15_49_24.607194_00_00,0.787644250251116,1,0.787644250251116,21.235574974888404,1
H,168,chronos2__experiment_config.instance_normalization-zscore__pipeline_config.raw_inference.completed_at-2026-09-27T14_10_12.349844_00_00,0.787644272808028,1,0.787644272808028,21.235572719197204,1
H,168,chronos_bolt__experiment_config.instance_normalization-none__pipeline_config.raw_inference.completed_at-2026-09-26T15_50_32.392678_00_00,0.8487212375719313,1,0.8487212375719313,15.12787624280687,1
H,168,chronos_bolt__experiment_config.instance_normalization-zscore__pipeline_config.raw_inference.completed_at-2026-09-27T15_14_17.794750_00_00,0.8487208307648749,1,0.8487208307648749,15.127916923512508,1
H,168,ts_icl__experiment_config.instance_normalization-none__pipeline_config.raw_inference.completed_at-2026-09-26T16_09_17.673881_00_00,0.797061646757408,1,0.797061646757408,20.293835324259202,1
H,168,ts_icl__experiment_config.instance_normalization-zscore__pipeline_config.raw_inference.completed_at-2026-09-27T14_38_58.651583_00_00,0.797061734105219,1,0.797061734105219,20.293826589478105,1
H,168,chronos2__experiment_config.instance_normalization-none__pipeline_config.raw_inference.completed_at-2026-09-26T15_50_11.706461_00_00,0.9042069727404326,1,0.9042069727404326,9.57930272595674,1
H,168,chronos2__experiment_config.instance_normalization-zscore__pipeline_config.raw_inference.completed_at-2026-09-27T14_10_56.426652_00_00,0.9042069733225871,1,0.9042069733225871,9.579302667741285,1
H,168,chronos_bolt__experiment_config.instance_normalization-none__pipeline_config.raw_inference.completed_at-2026-09-26T15_51_21.235337_00_00,0.947040697295053,1,0.947040697295053,5.295930270494697,1
H,168,chronos_bolt__experiment_config.instance_normalization-zscore__pipeline_config.raw_inference.completed_at-2026-09-27T15_15_07.274686_00_00,0.9470406379218697,1,0.9470406379218697,5.2959362078130345,1
H,168,ts_icl__experiment_config.instance_normalization-none__pipeline_config.raw_inference.completed_at-2026-09-26T16_11_51.810372_00_00,0.8898425652416986,1,0.8898425652416986,11.015743475830142,1
H,168,ts_icl__experiment_config.instance_normalization-zscore__pipeline_config.raw_inference.completed_at-2026-09-27T14_41_32.118246_00_00,0.8898427005187252,1,0.8898427005187252,11.015729948127484,1
H,168,chronos2__experiment_config.instance_normalization-none__pipeline_config.raw_inference.completed_at-2026-09-26T15_50_00.474439_00_00,0.7446972215904354,1,0.7446972215904354,25.53027784095646,1
H,168,chronos2__experiment_config.instance_normalization-zscore__pipeline_config.raw_inference.completed_at-2026-09-27T14_10_45.786384_00_00,0.7446972217849998,1,0.7446972217849998,25.530277821500025,1
H,168,chronos_bolt__experiment_config.instance_normalization-none__pipeline_config.raw_inference.completed_at-2026-09-26T15_51_10.785196_00_00,0.7639874986655603,1,0.7639874986655603,23.601250133443973,1
H,168,chronos_bolt__experiment_config.instance_normalization-zscore__pipeline_config.raw_inference.completed_at-2026-09-27T15_14_56.688492_00_00,0.7639874978170025,1,0.7639874978170025,23.601250218299754,1
H,168,ts_icl__experiment_config.instance_normalization-none__pipeline_config.raw_inference.completed_at-2026-09-26T16_11_42.068261_00_00,0.7423592968883899,1,0.7423592968883899,25.764070311161014,1
H,168,ts_icl__experiment_config.instance_normalization-zscore__pipeline_config.raw_inference.completed_at-2026-09-27T14_41_22.587880_00_00,0.7423592961792022,1,0.7423592961792022,25.764070382079783,1
H,168,chronos2__experiment_config.instance_normalization-none__pipeline_config.raw_inference.completed_at-2026-09-26T15_59_05.052734_00_00,0.7070750885992407,1,0.7070750885992407,29.292491140075928,1
H,168,chronos2__experiment_config.instance_normalization-zscore__pipeline_config.raw_inference.completed_at-2026-09-27T14_19_48.464237_00_00,0.7070750893177895,1,0.7070750893177895,29.29249106822105,1
H,168,chronos_bolt__experiment_config.instance_normalization-none__pipeline_config.raw_inference.completed_at-2026-09-26T16_07_30.046027_00_00,0.7098197901935094,1,0.7098197901935094,29.018020980649062,1
H,168,chronos_bolt__experiment_config.instance_normalization-zscore__pipeline_config.raw_inference.completed_at-2026-09-27T15_31_22.640692_00_00,0.7098197927535924,1,0.7098197927535924,29.01802072464076,1
H,168,ts_icl__experiment_config.instance_normalization-none__pipeline_config.raw_inference.completed_at-2026-09-26T16_32_33.210606_00_00,0.7079806761832337,1,0.7079806761832337,29.20193238167663,1
H,168,ts_icl__experiment_config.instance_normalization-zscore__pipeline_config.raw_inference.completed_at-2026-09-27T15_02_21.603898_00_00,0.7079806747148548,1,0.7079806747148548,29.20193252851452,1
H,168,chronos2__experiment_config.instance_normalization-none__pipeline_config.raw_inference.completed_at-2026-09-26T15_47_07.012752_00_00,0.6223341959795847,1,0.6223341959795847,37.76658040204153,1
H,168,chronos2__experiment_config.instance_normalization-zscore__pipeline_config.raw_inference.completed_at-2026-09-27T14_07_53.499296_00_00,0.622334231385956,1,0.622334231385956,37.7665768614044,1
H,168,chronos_bolt__experiment_config.instance_normalization-none__pipeline_config.raw_inference.completed_at-2026-09-26T15_47_26.753659_00_00,0.8046234772564353,1,0.8046234772564353,19.537652274356464,1
H,168,chronos_bolt__experiment_config.instance_normalization-zscore__pipeline_config.raw_inference.completed_at-2026-09-27T13_59_16.157938_00_00,0.804623511752903,1,0.804623511752903,19.5376488247097,1
H,168,ts_icl__experiment_config.instance_normalization-none__pipeline_config.raw_inference.completed_at-2026-09-26T16_02_53.134787_00_00,0.6357963637672974,1,0.6357963637672974,36.420363623270255,1
H,168,ts_icl__experiment_config.instance_normalization-zscore__pipeline_config.raw_inference.completed_at-2026-09-27T14_32_32.811722_00_00,0.6357962870399577,1,0.6357962870399577,36.42037129600423,1
H,168,chronos2__experiment_config.instance_normalization-none__pipeline_config.raw_inference.completed_at-2026-09-26T15_50_38.490692_00_00,0.7012950561917676,1,0.7012950561917676,29.870494380823242,1
H,168,chronos2__experiment_config.instance_normalization-zscore__pipeline_config.raw_inference.completed_at-2026-09-27T14_11_22.620930_00_00,0.7012950701286806,1,0.7012950701286806,29.870492987131936,1
H,168,chronos_bolt__experiment_config.instance_normalization-none__pipeline_config.raw_inference.completed_at-2026-09-26T15_51_47.690968_00_00,0.7364754365092334,1,0.7364754365092334,26.352456349076657,1
H,168,chronos_bolt__experiment_config.instance_normalization-zscore__pipeline_config.raw_inference.completed_at-2026-09-27T15_15_33.646912_00_00,0.7364754425203507,1,0.7364754425203507,26.35245574796493,1
H,168,ts_icl__experiment_config.instance_normalization-none__pipeline_config.raw_inference.completed_at-2026-09-26T16_12_30.492191_00_00,0.7050545793716021,1,0.7050545793716021,29.49454206283979,1
H,168,ts_icl__experiment_config.instance_normalization-zscore__pipeline_config.raw_inference.completed_at-2026-09-27T14_42_11.078599_00_00,0.7050545720547232,1,0.7050545720547232,29.49454279452768,1
H,168,seasonal_naive,1.0,8,1.0,0.0,8
H,72,chronos2__experiment_config.instance_normalization-none__pipeline_config.raw_inference.completed_at-2026-09-26T15_50_23.714072_00_00,0.8682980074506915,1,0.8682980074506915,13.170199254930848,1
H,72,chronos2__experiment_config.instance_normalization-zscore__pipeline_config.raw_inference.completed_at-2026-09-27T14_11_08.064732_00_00,0.86829801191611,1,0.86829801191611,13.170198808389,1
H,72,chronos_bolt__experiment_config.instance_normalization-none__pipeline_config.raw_inference.completed_at-2026-09-26T15_51_32.471780_00_00,0.8736594232229001,1,0.8736594232229001,12.634057677709986,1
H,72,chronos_bolt__experiment_config.instance_normalization-zscore__pipeline_config.raw_inference.completed_at-2026-09-27T15_15_18.563294_00_00,0.8736594241806871,1,0.8736594241806871,12.634057581931291,1
H,72,ts_icl__experiment_config.instance_normalization-none__pipeline_config.raw_inference.completed_at-2026-09-26T16_12_04.977334_00_00,0.8402633432449201,1,0.8402633432449201,15.973665675507986,1
H,72,ts_icl__experiment_config.instance_normalization-zscore__pipeline_config.raw_inference.completed_at-2026-09-27T14_41_45.300865_00_00,0.8402633590901678,1,0.8402633590901678,15.97366409098322,1
H,72,chronos2__experiment_config.instance_normalization-none__pipeline_config.raw_inference.completed_at-2026-09-26T15_50_11.329123_00_00,0.8160283807582627,1,0.8160283807582627,18.397161924173734,1
H,72,chronos2__experiment_config.instance_normalization-zscore__pipeline_config.raw_inference.completed_at-2026-09-27T14_10_56.055165_00_00,0.8160284587756766,1,0.8160284587756766,18.397154122432337,1
H,72,chronos_bolt__experiment_config.instance_normalization-none__pipeline_config.raw_inference.completed_at-2026-09-26T15_51_20.880163_00_00,0.861949335474657,1,0.861949335474657,13.805066452534298,1
H,72,chronos_bolt__experiment_config.instance_normalization-zscore__pipeline_config.raw_inference.completed_at-2026-09-27T15_15_06.908470_00_00,0.861949323882285,1,0.861949323882285,13.805067611771504,1
H,72,ts_icl__experiment_config.instance_normalization-none__pipeline_config.raw_inference.completed_at-2026-09-26T16_11_51.007506_00_00,0.8144746821247477,1,0.8144746821247477,18.55253178752523,1
H,72,ts_icl__experiment_config.instance_normalization-zscore__pipeline_config.raw_inference.completed_at-2026-09-27T14_41_31.294688_00_00,0.8144746274661,1,0.8144746274661,18.55253725339,1
H,72,chronos2__experiment_config.instance_normalization-none__pipeline_config.raw_inference.completed_at-2026-09-26T15_49_59.800093_00_00,0.7815046969507259,1,0.7815046969507259,21.849530304927413,1
H,72,chronos2__experiment_config.instance_normalization-zscore__pipeline_config.raw_inference.completed_at-2026-09-27T14_10_45.108589_00_00,0.7815046963800859,1,0.7815046963800859,21.84953036199141,1
H,72,chronos_bolt__experiment_config.instance_normalization-none__pipeline_config.raw_inference.completed_at-2026-09-26T15_51_09.342246_00_00,0.8209018610001972,1,0.8209018610001972,17.909813899980275,1
H,72,chronos_bolt__experiment_config.instance_normalization-zscore__pipeline_config.raw_inference.completed_at-2026-09-27T15_14_55.226214_00_00,0.8209018597974461,1,0.8209018597974461,17.90981402025539,1
H,72,ts_icl__experiment_config.instance_normalization-none__pipeline_config.raw_inference.completed_at-2026-09-26T16_11_39.916630_00_00,0.7849823435855258,1,0.7849823435855258,21.501765641447424,1
H,72,ts_icl__experiment_config.instance_normalization-zscore__pipeline_config.raw_inference.completed_at-2026-09-27T14_41_20.403775_00_00,0.784982347056783,1,0.784982347056783,21.501765294321697,1
H,72,chronos2__experiment_config.instance_normalization-none__pipeline_config.raw_inference.completed_at-2026-09-26T15_50_37.744630_00_00,0.6491778388804407,1,0.6491778388804407,35.08221611195593,1
H,72,chronos2__experiment_config.instance_normalization-zscore__pipeline_config.raw_inference.completed_at-2026-09-27T14_11_21.869248_00_00,0.6491778391647871,1,0.6491778391647871,35.08221608352129,1
H,72,chronos_bolt__experiment_config.instance_normalization-none__pipeline_config.raw_inference.completed_at-2026-09-26T15_51_46.085598_00_00,0.670873703116259,1,0.670873703116259,32.912629688374096,1
H,72,chronos_bolt__experiment_config.instance_normalization-zscore__pipeline_config.raw_inference.completed_at-2026-09-27T15_15_32.014988_00_00,0.6708736896008793,1,0.6708736896008793,32.912631039912064,1
H,72,ts_icl__experiment_config.instance_normalization-none__pipeline_config.raw_inference.completed_at-2026-09-26T16_12_28.153615_00_00,0.6435272463108824,1,0.6435272463108824,35.64727536891176,1
H,72,ts_icl__experiment_config.instance_normalization-zscore__pipeline_config.raw_inference.completed_at-2026-09-27T14_42_08.704078_00_00,0.6435272449627782,1,0.6435272449627782,35.64727550372218,1
H,72,seasonal_naive,1.0,4,1.0,0.0,4
H,24,chronos2__experiment_config.instance_normalization-none__pipeline_config.raw_inference.completed_at-2026-09-26T15_50_22.809923_00_00,0.8743228947714544,1,0.8743228947714544,12.567710522854558,1
H,24,chronos2__experiment_config.instance_normalization-zscore__pipeline_config.raw_inference.completed_at-2026-09-27T14_11_07.155438_00_00,0.8743228767361271,1,0.8743228767361271,12.567712326387293,1
H,24,chronos_bolt__experiment_config.instance_normalization-none__pipeline_config.raw_inference.completed_at-2026-09-26T15_51_31.186818_00_00,0.892551152793472,1,0.892551152793472,10.744884720652802,1
H,24,chronos_bolt__experiment_config.instance_normalization-zscore__pipeline_config.raw_inference.completed_at-2026-09-27T15_15_17.246540_00_00,0.8925511461720337,1,0.8925511461720337,10.744885382796632,1
H,24,ts_icl__experiment_config.instance_normalization-none__pipeline_config.raw_inference.completed_at-2026-09-26T16_12_02.213610_00_00,0.8615308928590987,1,0.8615308928590987,13.846910714090132,1
H,24,ts_icl__experiment_config.instance_normalization-zscore__pipeline_config.raw_inference.completed_at-2026-09-27T14_41_42.517943_00_00,0.8615309107206975,1,0.8615309107206975,13.846908927930246,1
H,24,chronos2__experiment_config.instance_normalization-none__pipeline_config.raw_inference.completed_at-2026-09-26T15_47_40.569043_00_00,0.7985822986378156,1,0.7985822986378156,20.14177013621844,1
H,24,chronos2__experiment_config.instance_normalization-zscore__pipeline_config.raw_inference.completed_at-2026-09-27T14_08_27.160127_00_00,0.7985823147538148,1,0.7985823147538148,20.14176852461852,1
H,24,chronos_bolt__experiment_config.instance_normalization-none__pipeline_config.raw_inference.completed_at-2026-09-26T15_48_09.461246_00_00,0.8460708875477784,1,0.8460708875477784,15.392911245222162,1
H,24,chronos_bolt__experiment_config.instance_normalization-zscore__pipeline_config.raw_inference.completed_at-2026-09-27T13_59_59.481921_00_00,0.8460708675045566,1,0.8460708675045566,15.392913249544337,1
H,24,ts_icl__experiment_config.instance_normalization-none__pipeline_config.raw_inference.completed_at-2026-09-26T16_03_32.393368_00_00,0.7971198728717931,1,0.7971198728717931,20.28801271282069,1
H,24,ts_icl__experiment_config.instance_normalization-zscore__pipeline_config.raw_inference.completed_at-2026-09-27T14_33_11.881211_00_00,0.7971198791284799,1,0.7971198791284799,20.28801208715201,1
H,24,chronos2__experiment_config.instance_normalization-none__pipeline_config.raw_inference.completed_at-2026-09-26T15_49_22.458019_00_00,0.7610451411813391,1,0.7610451411813391,23.895485881866087,1
H,24,chronos2__experiment_config.instance_normalization-zscore__pipeline_config.raw_inference.completed_at-2026-09-27T14_10_10.175833_00_00,0.7610451311305207,1,0.7610451311305207,23.895486886947925,1
H,24,chronos_bolt__experiment_config.instance_normalization-none__pipeline_config.raw_inference.completed_at-2026-09-26T15_50_26.168306_00_00,0.8149351385388113,1,0.8149351385388113,18.506486146118874,1
H,24,chronos_bolt__experiment_config.instance_normalization-zscore__pipeline_config.raw_inference.completed_at-2026-09-27T15_14_11.468059_00_00,0.814935620324108,1,0.814935620324108,18.506437967589196,1
H,24,ts_icl__experiment_config.instance_normalization-none__pipeline_config.raw_inference.completed_at-2026-09-26T16_09_07.941690_00_00,0.7832507865803029,1,0.7832507865803029,21.67492134196971,1
H,24,ts_icl__experiment_config.instance_normalization-zscore__pipeline_config.raw_inference.completed_at-2026-09-27T14_38_48.970492_00_00,0.7832506344040244,1,0.7832506344040244,21.67493655959756,1
H,24,chronos2__experiment_config.instance_normalization-none__pipeline_config.raw_inference.completed_at-2026-09-26T15_50_10.856785_00_00,0.5965490516104354,1,0.5965490516104354,40.34509483895646,1
H,24,chronos2__experiment_config.instance_normalization-zscore__pipeline_config.raw_inference.completed_at-2026-09-27T14_10_55.577377_00_00,0.5965491529613964,1,0.5965491529613964,40.34508470386036,1
H,24,chronos_bolt__experiment_config.instance_normalization-none__pipeline_config.raw_inference.completed_at-2026-09-26T15_51_20.362300_00_00,0.6407841327805917,1,0.6407841327805917,35.921586721940834,1
H,24,chronos_bolt__experiment_config.instance_normalization-zscore__pipeline_config.raw_inference.completed_at-2026-09-27T15_15_06.382527_00_00,0.6407841418414222,1,0.6407841418414222,35.92158581585778,1
H,24,ts_icl__experiment_config.instance_normalization-none__pipeline_config.raw_inference.completed_at-2026-09-26T16_11_49.521143_00_00,0.6129095172780149,1,0.6129095172780149,38.70904827219851,1
H,24,ts_icl__experiment_config.instance_normalization-zscore__pipeline_config.raw_inference.completed_at-2026-09-27T14_41_29.792647_00_00,0.6129094475513683,1,0.6129094475513683,38.709055244863166,1
H,24,chronos2__experiment_config.instance_normalization-none__pipeline_config.raw_inference.completed_at-2026-09-26T15_49_58.583374_00_00,0.7421402495275882,1,0.7421402495275882,25.785975047241184,1
H,24,chronos2__experiment_config.instance_normalization-zscore__pipeline_config.raw_inference.completed_at-2026-09-27T14_10_43.931907_00_00,0.7421402478038115,1,0.7421402478038115,25.78597521961885,1
H,24,chronos_bolt__experiment_config.instance_normalization-none__pipeline_config.raw_inference.completed_at-2026-09-26T15_51_07.500172_00_00,0.76798169654794,1,0.76798169654794,23.201830345205998,1
H,24,chronos_bolt__experiment_config.instance_normalization-zscore__pipeline_config.raw_inference.completed_at-2026-09-27T15_14_53.343401_00_00,0.7679816986857634,1,0.7679816986857634,23.201830131423662,1
H,24,ts_icl__experiment_config.instance_normalization-none__pipeline_config.raw_inference.completed_at-2026-09-26T16_11_35.524471_00_00,0.748568327203673,1,0.748568327203673,25.143167279632706,1
H,24,ts_icl__experiment_config.instance_normalization-zscore__pipeline_config.raw_inference.completed_at-2026-09-27T14_41_15.996332_00_00,0.7485683270675761,1,0.7485683270675761,25.143167293242385,1
H,24,chronos2__experiment_config.instance_normalization-none__pipeline_config.raw_inference.completed_at-2026-09-26T15_59_03.772445_00_00,0.7123756061122287,1,0.7123756061122287,28.76243938877713,1
H,24,chronos2__experiment_config.instance_normalization-zscore__pipeline_config.raw_inference.completed_at-2026-09-27T14_19_47.167537_00_00,0.712375605765996,1,0.712375605765996,28.762439423400398,1
H,24,chronos_bolt__experiment_config.instance_normalization-none__pipeline_config.raw_inference.completed_at-2026-09-26T16_07_24.222941_00_00,0.7175807147285476,1,0.7175807147285476,28.241928527145244,1
H,24,chronos_bolt__experiment_config.instance_normalization-zscore__pipeline_config.raw_inference.completed_at-2026-09-27T15_31_16.836584_00_00,0.7175807152125175,1,0.7175807152125175,28.241928478748246,1
H,24,ts_icl__experiment_config.instance_normalization-none__pipeline_config.raw_inference.completed_at-2026-09-26T16_32_27.329224_00_00,0.7132034589157052,1,0.7132034589157052,28.679654108429474,1
H,24,ts_icl__experiment_config.instance_normalization-zscore__pipeline_config.raw_inference.completed_at-2026-09-27T15_02_15.670942_00_00,0.7132034597220178,1,0.7132034597220178,28.679654027798218,1
H,24,chronos2__experiment_config.instance_normalization-none__pipeline_config.raw_inference.completed_at-2026-09-26T15_47_04.422482_00_00,0.6662337992328787,1,0.6662337992328787,33.37662007671213,1
H,24,chronos2__experiment_config.instance_normalization-zscore__pipeline_config.raw_inference.completed_at-2026-09-27T14_07_50.872328_00_00,0.6662338430635936,1,0.6662338430635936,33.376615693640645,1
H,24,chronos_bolt__experiment_config.instance_normalization-none__pipeline_config.raw_inference.completed_at-2026-09-26T15_47_15.799291_00_00,0.8010741497430847,1,0.8010741497430847,19.892585025691535,1
H,24,chronos_bolt__experiment_config.instance_normalization-zscore__pipeline_config.raw_inference.completed_at-2026-09-27T13_59_05.297396_00_00,0.801073796521889,1,0.801073796521889,19.892620347811096,1
H,24,ts_icl__experiment_config.instance_normalization-none__pipeline_config.raw_inference.completed_at-2026-09-26T16_02_39.022288_00_00,0.7101318565647288,1,0.7101318565647288,28.986814343527122,1
H,24,ts_icl__experiment_config.instance_normalization-zscore__pipeline_config.raw_inference.completed_at-2026-09-27T14_32_18.706554_00_00,0.7101318921255196,1,0.7101318921255196,28.986810787448036,1
H,24,chronos2__experiment_config.instance_normalization-none__pipeline_config.raw_inference.completed_at-2026-09-26T15_50_36.390851_00_00,0.6707122771675035,1,0.6707122771675035,32.92877228324965,1
H,24,chronos2__experiment_config.instance_normalization-zscore__pipeline_config.raw_inference.completed_at-2026-09-27T14_11_20.505494_00_00,0.6707122743067641,1,0.6707122743067641,32.92877256932359,1
H,24,chronos_bolt__experiment_config.instance_normalization-none__pipeline_config.raw_inference.completed_at-2026-09-26T15_51_43.958774_00_00,0.6904712642144776,1,0.6904712642144776,30.952873578552243,1
H,24,chronos_bolt__experiment_config.instance_normalization-zscore__pipeline_config.raw_inference.completed_at-2026-09-27T15_15_29.856155_00_00,0.690471254379129,1,0.690471254379129,30.952874562087096,1
H,24,ts_icl__experiment_config.instance_normalization-none__pipeline_config.raw_inference.completed_at-2026-09-26T16_12_23.199767_00_00,0.6699718981086645,1,0.6699718981086645,33.00281018913355,1
H,24,ts_icl__experiment_config.instance_normalization-zscore__pipeline_config.raw_inference.completed_at-2026-09-27T14_42_03.676774_00_00,0.6699718950389647,1,0.6699718950389647,33.00281049610353,1
H,24,seasonal_naive,1.0,8,1.0,0.0,8
M,12,chronos2__experiment_config.instance_normalization-none__pipeline_config.raw_inference.completed_at-2026-09-26T15_55_43.778346_00_00,0.6272780561526403,1,0.6272780561526403,37.27219438473597,1
M,12,chronos2__experiment_config.instance_normalization-zscore__pipeline_config.raw_inference.completed_at-2026-09-27T14_16_29.353294_00_00,0.6272781205389575,1,0.6272781205389575,37.27218794610425,1
M,12,chronos_bolt__experiment_config.instance_normalization-none__pipeline_config.raw_inference.completed_at-2026-09-26T15_56_47.002109_00_00,1.0715550362300386,1,1.0715550362300386,-7.155503623003856,1
M,12,chronos_bolt__experiment_config.instance_normalization-zscore__pipeline_config.raw_inference.completed_at-2026-09-27T15_20_35.755413_00_00,1.0715550677804833,1,1.0715550677804833,-7.155506778048326,1
M,12,ts_icl__experiment_config.instance_normalization-none__pipeline_config.raw_inference.completed_at-2026-09-26T16_24_17.804507_00_00,0.916808184670248,1,0.916808184670248,8.319181532975195,1
M,12,ts_icl__experiment_config.instance_normalization-zscore__pipeline_config.raw_inference.completed_at-2026-09-27T14_54_03.457704_00_00,0.9168081492195981,1,0.9168081492195981,8.319185078040192,1
M,12,chronos2__experiment_config.instance_normalization-none__pipeline_config.raw_inference.completed_at-2026-09-26T15_56_02.550081_00_00,0.7956903841503931,1,0.7956903841503931,20.430961584960695,1
M,12,chronos2__experiment_config.instance_normalization-zscore__pipeline_config.raw_inference.completed_at-2026-09-27T14_16_48.127804_00_00,0.7956902160515162,1,0.7956902160515162,20.430978394848374,1
M,12,chronos_bolt__experiment_config.instance_normalization-none__pipeline_config.raw_inference.completed_at-2026-09-26T15_57_05.887193_00_00,0.8355745283335996,1,0.8355745283335996,16.442547166640043,1
M,12,chronos_bolt__experiment_config.instance_normalization-zscore__pipeline_config.raw_inference.completed_at-2026-09-27T15_20_54.813567_00_00,0.8355745322383616,1,0.8355745322383616,16.442546776163837,1
M,12,ts_icl__experiment_config.instance_normalization-none__pipeline_config.raw_inference.completed_at-2026-09-26T16_24_28.930878_00_00,0.7779278787206516,1,0.7779278787206516,22.207212127934838,1
M,12,ts_icl__experiment_config.instance_normalization-zscore__pipeline_config.raw_inference.completed_at-2026-09-27T14_54_14.434936_00_00,0.7779280452413716,1,0.7779280452413716,22.20719547586284,1
M,12,chronos2__experiment_config.instance_normalization-none__pipeline_config.raw_inference.completed_at-2026-09-26T15_55_53.197161_00_00,0.741941898777288,1,0.741941898777288,25.8058101222712,1
M,12,chronos2__experiment_config.instance_normalization-zscore__pipeline_config.raw_inference.completed_at-2026-09-27T14_16_38.779218_00_00,0.7419419119697613,1,0.7419419119697613,25.805808803023865,1
M,12,chronos_bolt__experiment_config.instance_normalization-none__pipeline_config.raw_inference.completed_at-2026-09-26T15_56_56.468880_00_00,0.7692591203436454,1,0.7692591203436454,23.07408796563546,1
M,12,chronos_bolt__experiment_config.instance_normalization-zscore__pipeline_config.raw_inference.completed_at-2026-09-27T15_20_45.316175_00_00,0.7692591397329656,1,0.7692591397329656,23.074086026703444,1
M,12,ts_icl__experiment_config.instance_normalization-none__pipeline_config.raw_inference.completed_at-2026-09-26T16_24_24.089912_00_00,0.7722558299776257,1,0.7722558299776257,22.774417002237435,1
M,12,ts_icl__experiment_config.instance_normalization-zscore__pipeline_config.raw_inference.completed_at-2026-09-27T14_54_09.642812_00_00,0.7722558114140985,1,0.7722558114140985,22.774418858590153,1
M,12,chronos2__experiment_config.instance_normalization-none__pipeline_config.raw_inference.completed_at-2026-09-26T15_55_06.641830_00_00,0.7746001702407476,1,0.7746001702407476,22.539982975925245,1
M,12,chronos2__experiment_config.instance_normalization-zscore__pipeline_config.raw_inference.completed_at-2026-09-27T14_15_51.833518_00_00,0.77459996644584,1,0.77459996644584,22.540003355416005,1
M,12,chronos_bolt__experiment_config.instance_normalization-none__pipeline_config.raw_inference.completed_at-2026-09-26T15_56_07.298844_00_00,0.7719857366516212,1,0.7719857366516212,22.80142633483788,1
M,12,chronos_bolt__experiment_config.instance_normalization-zscore__pipeline_config.raw_inference.completed_at-2026-09-27T15_19_57.420759_00_00,0.771985764795617,1,0.771985764795617,22.801423520438302,1
M,12,ts_icl__experiment_config.instance_normalization-none__pipeline_config.raw_inference.completed_at-2026-09-26T16_23_59.040212_00_00,0.7593716643672015,1,0.7593716643672015,24.062833563279852,1
M,12,ts_icl__experiment_config.instance_normalization-zscore__pipeline_config.raw_inference.completed_at-2026-09-27T14_53_44.668095_00_00,0.7593715653103984,1,0.7593715653103984,24.06284346896016,1
M,12,chronos2__experiment_config.instance_normalization-none__pipeline_config.raw_inference.completed_at-2026-09-26T15_55_15.950479_00_00,0.5364326507424232,1,0.5364326507424232,46.35673492575768,1
M,12,chronos2__experiment_config.instance_normalization-zscore__pipeline_config.raw_inference.completed_at-2026-09-27T14_16_01.147695_00_00,0.5364326891460364,1,0.5364326891460364,46.35673108539636,1
M,12,chronos_bolt__experiment_config.instance_normalization-none__pipeline_config.raw_inference.completed_at-2026-09-26T15_56_16.748087_00_00,0.6261554732353394,1,0.6261554732353394,37.38445267646606,1
M,12,chronos_bolt__experiment_config.instance_normalization-zscore__pipeline_config.raw_inference.completed_at-2026-09-27T15_20_06.856868_00_00,0.6261555089297879,1,0.6261555089297879,37.38444910702121,1
M,12,ts_icl__experiment_config.instance_normalization-none__pipeline_config.raw_inference.completed_at-2026-09-26T16_24_03.718436_00_00,0.6319336015586908,1,0.6319336015586908,36.80663984413092,1
M,12,ts_icl__experiment_config.instance_normalization-zscore__pipeline_config.raw_inference.completed_at-2026-09-27T14_53_49.336156_00_00,0.631933684190161,1,0.631933684190161,36.8066315809839,1
M,12,chronos2__experiment_config.instance_normalization-none__pipeline_config.raw_inference.completed_at-2026-09-26T15_55_25.157102_00_00,0.564975767585351,1,0.564975767585351,43.5024232414649,1
M,12,chronos2__experiment_config.instance_normalization-zscore__pipeline_config.raw_inference.completed_at-2026-09-27T14_16_10.547571_00_00,0.564975917694346,1,0.564975917694346,43.5024082305654,1
M,12,chronos_bolt__experiment_config.instance_normalization-none__pipeline_config.raw_inference.completed_at-2026-09-26T15_56_26.248635_00_00,0.5338831341525208,1,0.5338831341525208,46.61168658474792,1
M,12,chronos_bolt__experiment_config.instance_normalization-zscore__pipeline_config.raw_inference.completed_at-2026-09-27T15_20_16.599617_00_00,0.5338831566304686,1,0.5338831566304686,46.61168433695314,1
M,12,ts_icl__experiment_config.instance_normalization-none__pipeline_config.raw_inference.completed_at-2026-09-26T16_24_08.825830_00_00,0.5018009861459509,1,0.5018009861459509,49.819901385404904,1
M,12,ts_icl__experiment_config.instance_normalization-zscore__pipeline_config.raw_inference.completed_at-2026-09-27T14_53_54.452148_00_00,0.5018010215132843,1,0.5018010215132843,49.819897848671566,1
M,12,chronos2__experiment_config.instance_normalization-none__pipeline_config.raw_inference.completed_at-2026-09-26T15_56_30.337924_00_00,0.6419425789779618,1,0.6419425789779618,35.80574210220382,1
M,12,chronos2__experiment_config.instance_normalization-zscore__pipeline_config.raw_inference.completed_at-2026-09-27T14_17_15.959950_00_00,0.6419425710772185,1,0.6419425710772185,35.80574289227815,1
M,12,chronos_bolt__experiment_config.instance_normalization-none__pipeline_config.raw_inference.completed_at-2026-09-26T15_57_34.693765_00_00,0.5940031906328601,1,0.5940031906328601,40.59968093671399,1
M,12,chronos_bolt__experiment_config.instance_normalization-zscore__pipeline_config.raw_inference.completed_at-2026-09-27T15_21_23.683654_00_00,0.5940031962779281,1,0.5940031962779281,40.59968037220719,1
M,12,ts_icl__experiment_config.instance_normalization-none__pipeline_config.raw_inference.completed_at-2026-09-26T16_24_46.721344_00_00,0.6117422065218235,1,0.6117422065218235,38.825779347817644,1
M,12,ts_icl__experiment_config.instance_normalization-zscore__pipeline_config.raw_inference.completed_at-2026-09-27T14_54_32.321273_00_00,0.611742283580787,1,0.611742283580787,38.8257716419213,1
M,12,chronos2__experiment_config.instance_normalization-none__pipeline_config.raw_inference.completed_at-2026-09-26T15_55_34.412670_00_00,0.6377317787460499,1,0.6377317787460499,36.22682212539501,1
M,12,chronos2__experiment_config.instance_normalization-zscore__pipeline_config.raw_inference.completed_at-2026-09-27T14_16_20.027029_00_00,0.6377317629438882,1,0.6377317629438882,36.226823705611174,1
M,12,chronos_bolt__experiment_config.instance_normalization-none__pipeline_config.raw_inference.completed_at-2026-09-26T15_56_36.189832_00_00,0.7291603173969096,1,0.7291603173969096,27.083968260309042,1
M,12,chronos_bolt__experiment_config.instance_normalization-zscore__pipeline_config.raw_inference.completed_at-2026-09-27T15_20_26.421252_00_00,0.7291602751172545,1,0.7291602751172545,27.083972488274554,1
M,12,ts_icl__experiment_config.instance_normalization-none__pipeline_config.raw_inference.completed_at-2026-09-26T16_24_13.471230_00_00,0.7128331815407766,1,0.7128331815407766,28.71668184592234,1
M,12,ts_icl__experiment_config.instance_normalization-zscore__pipeline_config.raw_inference.completed_at-2026-09-27T14_53_59.097645_00_00,0.7128332291087917,1,0.7128332291087917,28.716677089120836,1
M,12,seasonal_naive,1.0,8,1.0,0.0,8
15T,288,chronos2__experiment_config.instance_normalization-none__pipeline_config.raw_inference.completed_at-2026-09-26T15_47_19.553828_00_00,0.7431837188676761,1,0.7431837188676761,25.681628113232392,1
15T,288,chronos2__experiment_config.instance_normalization-zscore__pipeline_config.raw_inference.completed_at-2026-09-27T14_08_06.068322_00_00,0.7431836957830208,1,0.7431836957830208,25.68163042169792,1
15T,288,chronos_bolt__experiment_config.instance_normalization-none__pipeline_config.raw_inference.completed_at-2026-09-26T15_47_49.520618_00_00,0.7726306183441974,1,0.7726306183441974,22.736938165580256,1
15T,288,chronos_bolt__experiment_config.instance_normalization-zscore__pipeline_config.raw_inference.completed_at-2026-09-27T13_59_38.947164_00_00,0.7726306522836666,1,0.7726306522836666,22.736934771633344,1
15T,288,ts_icl__experiment_config.instance_normalization-none__pipeline_config.raw_inference.completed_at-2026-09-26T16_03_12.456172_00_00,0.7652117927917428,1,0.7652117927917428,23.478820720825723,1
15T,288,ts_icl__experiment_config.instance_normalization-zscore__pipeline_config.raw_inference.completed_at-2026-09-27T14_32_52.153051_00_00,0.7652117982324043,1,0.7652117982324043,23.478820176759573,1
15T,288,chronos2__experiment_config.instance_normalization-none__pipeline_config.raw_inference.completed_at-2026-09-26T15_48_54.664121_00_00,0.8707587642007973,1,0.8707587642007973,12.924123579920266,1
15T,288,chronos2__experiment_config.instance_normalization-zscore__pipeline_config.raw_inference.completed_at-2026-09-27T14_09_41.216754_00_00,0.870758863201391,1,0.870758863201391,12.924113679860906,1
15T,288,chronos_bolt__experiment_config.instance_normalization-none__pipeline_config.raw_inference.completed_at-2026-09-26T15_50_00.788347_00_00,0.8634241853010478,1,0.8634241853010478,13.65758146989522,1
15T,288,chronos_bolt__experiment_config.instance_normalization-zscore__pipeline_config.raw_inference.completed_at-2026-09-27T15_13_47.560033_00_00,0.8634240628584863,1,0.8634240628584863,13.657593714151373,1
15T,288,ts_icl__experiment_config.instance_normalization-none__pipeline_config.raw_inference.completed_at-2026-09-26T16_07_54.679891_00_00,0.8756310673131206,1,0.8756310673131206,12.436893268687943,1
15T,288,ts_icl__experiment_config.instance_normalization-zscore__pipeline_config.raw_inference.completed_at-2026-09-27T14_37_36.175829_00_00,0.8756311110220932,1,0.8756311110220932,12.436888897790677,1
15T,288,chronos2__experiment_config.instance_normalization-none__pipeline_config.raw_inference.completed_at-2026-09-26T15_43_43.625983_00_00,0.8445418310748797,1,0.8445418310748797,15.545816892512033,1
15T,288,chronos2__experiment_config.instance_normalization-zscore__pipeline_config.raw_inference.completed_at-2026-09-27T14_04_29.549472_00_00,0.8445418498376988,1,0.8445418498376988,15.545815016230124,1
15T,288,chronos_bolt__experiment_config.instance_normalization-none__pipeline_config.raw_inference.completed_at-2026-09-26T15_43_42.647011_00_00,0.9424050112046589,1,0.9424050112046589,5.759498879534108,1
15T,288,chronos_bolt__experiment_config.instance_normalization-zscore__pipeline_config.raw_inference.completed_at-2026-09-27T13_55_29.610426_00_00,0.9424050772124285,1,0.9424050772124285,5.7594922787571505,1
15T,288,ts_icl__experiment_config.instance_normalization-none__pipeline_config.raw_inference.completed_at-2026-09-26T15_45_01.873570_00_00,0.9322702240751551,1,0.9322702240751551,6.7729775924844855,1
15T,288,ts_icl__experiment_config.instance_normalization-zscore__pipeline_config.raw_inference.completed_at-2026-09-27T14_14_38.739316_00_00,0.9322700820843819,1,0.9322700820843819,6.772991791561811,1
15T,288,chronos2__experiment_config.instance_normalization-none__pipeline_config.raw_inference.completed_at-2026-09-26T15_45_16.522128_00_00,0.7381883703886466,1,0.7381883703886466,26.18116296113534,1
15T,288,chronos2__experiment_config.instance_normalization-zscore__pipeline_config.raw_inference.completed_at-2026-09-27T14_06_02.950155_00_00,0.7381884959855821,1,0.7381884959855821,26.181150401441787,1
15T,288,chronos_bolt__experiment_config.instance_normalization-none__pipeline_config.raw_inference.completed_at-2026-09-26T15_45_25.976054_00_00,0.8248960300184449,1,0.8248960300184449,17.510396998155507,1
15T,288,chronos_bolt__experiment_config.instance_normalization-zscore__pipeline_config.raw_inference.completed_at-2026-09-27T13_57_13.919209_00_00,0.8248962055251223,1,0.8248962055251223,17.510379447487768,1
15T,288,ts_icl__experiment_config.instance_normalization-none__pipeline_config.raw_inference.completed_at-2026-09-26T15_50_56.336626_00_00,0.7655071966617399,1,0.7655071966617399,23.449280333826007,1
15T,288,ts_icl__experiment_config.instance_normalization-zscore__pipeline_config.raw_inference.completed_at-2026-09-27T14_20_37.738234_00_00,0.7655065711930046,1,0.7655065711930046,23.449342880699543,1
15T,288,seasonal_naive,1.0,4,1.0,0.0,4
15T,96,chronos2__experiment_config.instance_normalization-none__pipeline_config.raw_inference.completed_at-2026-09-26T15_47_19.240511_00_00,0.775940065614347,1,0.775940065614347,22.405993438565297,1
15T,96,chronos2__experiment_config.instance_normalization-zscore__pipeline_config.raw_inference.completed_at-2026-09-27T14_08_05.751521_00_00,0.7759400511608314,1,0.7759400511608314,22.405994883916858,1
15T,96,chronos_bolt__experiment_config.instance_normalization-none__pipeline_config.raw_inference.completed_at-2026-09-26T15_47_49.077237_00_00,0.7748516186645863,1,0.7748516186645863,22.51483813354137,1
15T,96,chronos_bolt__experiment_config.instance_normalization-zscore__pipeline_config.raw_inference.completed_at-2026-09-27T13_59_38.505408_00_00,0.7748515973473548,1,0.7748515973473548,22.514840265264525,1
15T,96,ts_icl__experiment_config.instance_normalization-none__pipeline_config.raw_inference.completed_at-2026-09-26T16_03_11.786602_00_00,0.7879896476976693,1,0.7879896476976693,21.201035230233067,1
15T,96,ts_icl__experiment_config.instance_normalization-zscore__pipeline_config.raw_inference.completed_at-2026-09-27T14_32_51.500997_00_00,0.787989642509252,1,0.787989642509252,21.201035749074805,1
15T,96,chronos2__experiment_config.instance_normalization-none__pipeline_config.raw_inference.completed_at-2026-09-26T15_48_53.914141_00_00,0.8610019760282506,1,0.8610019760282506,13.899802397174943,1
15T,96,chronos2__experiment_config.instance_normalization-zscore__pipeline_config.raw_inference.completed_at-2026-09-27T14_09_40.454690_00_00,0.8610019143138259,1,0.8610019143138259,13.899808568617411,1
15T,96,chronos_bolt__experiment_config.instance_normalization-none__pipeline_config.raw_inference.completed_at-2026-09-26T15_49_57.796501_00_00,0.8642968207354607,1,0.8642968207354607,13.570317926453935,1
15T,96,chronos_bolt__experiment_config.instance_normalization-zscore__pipeline_config.raw_inference.completed_at-2026-09-27T15_13_44.544496_00_00,0.8642971096794351,1,0.8642971096794351,13.570289032056493,1
15T,96,ts_icl__experiment_config.instance_normalization-none__pipeline_config.raw_inference.completed_at-2026-09-26T16_07_52.159828_00_00,0.874199417768693,1,0.874199417768693,12.580058223130697,1
15T,96,ts_icl__experiment_config.instance_normalization-zscore__pipeline_config.raw_inference.completed_at-2026-09-27T14_37_33.623104_00_00,0.8741994508196713,1,0.8741994508196713,12.580054918032868,1
15T,96,chronos2__experiment_config.instance_normalization-none__pipeline_config.raw_inference.completed_at-2026-09-26T15_51_14.853419_00_00,0.7156200869243586,1,0.7156200869243586,28.437991307564136,1
15T,96,chronos2__experiment_config.instance_normalization-zscore__pipeline_config.raw_inference.completed_at-2026-09-27T14_11_58.211642_00_00,0.7156200822651746,1,0.7156200822651746,28.43799177348254,1
15T,96,chronos_bolt__experiment_config.instance_normalization-none__pipeline_config.raw_inference.completed_at-2026-09-26T15_52_22.640518_00_00,0.7424570767203215,1,0.7424570767203215,25.754292327967853,1
15T,96,chronos_bolt__experiment_config.instance_normalization-zscore__pipeline_config.raw_inference.completed_at-2026-09-27T15_16_09.287984_00_00,0.742457083908858,1,0.742457083908858,25.754291609114198,1
15T,96,ts_icl__experiment_config.instance_normalization-none__pipeline_config.raw_inference.completed_at-2026-09-26T16_13_53.280812_00_00,0.7136923457696206,1,0.7136923457696206,28.63076542303794,1
15T,96,ts_icl__experiment_config.instance_normalization-zscore__pipeline_config.raw_inference.completed_at-2026-09-27T14_43_35.072985_00_00,0.7136923356230065,1,0.7136923356230065,28.63076643769935,1
15T,96,chronos2__experiment_config.instance_normalization-none__pipeline_config.raw_inference.completed_at-2026-09-26T15_53_10.748185_00_00,0.685200749309695,1,0.685200749309695,31.4799250690305,1
15T,96,chronos2__experiment_config.instance_normalization-zscore__pipeline_config.raw_inference.completed_at-2026-09-27T14_13_55.224984_00_00,0.6852007929409704,1,0.6852007929409704,31.479920705902963,1
15T,96,chronos_bolt__experiment_config.instance_normalization-none__pipeline_config.raw_inference.completed_at-2026-09-26T15_54_12.688321_00_00,0.7630050849826767,1,0.7630050849826767,23.69949150173233,1
15T,96,chronos_bolt__experiment_config.instance_normalization-zscore__pipeline_config.raw_inference.completed_at-2026-09-27T15_18_03.161930_00_00,0.7630050973731285,1,0.7630050973731285,23.69949026268715,1
15T,96,ts_icl__experiment_config.instance_normalization-none__pipeline_config.raw_inference.completed_at-2026-09-26T16_21_30.587111_00_00,0.6633874082354576,1,0.6633874082354576,33.66125917645424,1
15T,96,ts_icl__experiment_config.instance_normalization-zscore__pipeline_config.raw_inference.completed_at-2026-09-27T14_51_16.851523_00_00,0.6633874274422675,1,0.6633874274422675,33.66125725577325,1
15T,96,chronos2__experiment_config.instance_normalization-none__pipeline_config.raw_inference.completed_at-2026-09-26T15_52_55.794388_00_00,0.558075969445258,1,0.558075969445258,44.1924030554742,1
15T,96,chronos2__experiment_config.instance_normalization-zscore__pipeline_config.raw_inference.completed_at-2026-09-27T14_13_40.138598_00_00,0.5580759674951268,1,0.5580759674951268,44.192403250487324,1
15T,96,chronos_bolt__experiment_config.instance_normalization-none__pipeline_config.raw_inference.completed_at-2026-09-26T15_53_27.734483_00_00,0.6450896081401051,1,0.6450896081401051,35.49103918598949,1
15T,96,chronos_bolt__experiment_config.instance_normalization-zscore__pipeline_config.raw_inference.completed_at-2026-09-27T15_17_16.553395_00_00,0.6450896083059987,1,0.6450896083059987,35.49103916940013,1
15T,96,ts_icl__experiment_config.instance_normalization-none__pipeline_config.raw_inference.completed_at-2026-09-26T16_21_01.989257_00_00,0.661656463187085,1,0.661656463187085,33.834353681291496,1
15T,96,ts_icl__experiment_config.instance_normalization-zscore__pipeline_config.raw_inference.completed_at-2026-09-27T14_50_48.184536_00_00,0.6616564591845058,1,0.6616564591845058,33.83435408154942,1
15T,96,chronos2__experiment_config.instance_normalization-none__pipeline_config.raw_inference.completed_at-2026-09-26T15_43_42.011428_00_00,0.7893230283527041,1,0.7893230283527041,21.067697164729594,1
15T,96,chronos2__experiment_config.instance_normalization-zscore__pipeline_config.raw_inference.completed_at-2026-09-27T14_04_27.915004_00_00,0.789323035459559,1,0.789323035459559,21.067696454044103,1
15T,96,chronos_bolt__experiment_config.instance_normalization-none__pipeline_config.raw_inference.completed_at-2026-09-26T15_43_34.471466_00_00,0.859893902911913,1,0.859893902911913,14.010609708808698,1
15T,96,chronos_bolt__experiment_config.instance_normalization-zscore__pipeline_config.raw_inference.completed_at-2026-09-27T13_55_21.462890_00_00,0.8598936904296401,1,0.8598936904296401,14.010630957035985,1
15T,96,ts_icl__experiment_config.instance_normalization-none__pipeline_config.raw_inference.completed_at-2026-09-26T15_44_55.697653_00_00,0.9203758656394206,1,0.9203758656394206,7.962413436057936,1
15T,96,ts_icl__experiment_config.instance_normalization-zscore__pipeline_config.raw_inference.completed_at-2026-09-27T14_14_32.507827_00_00,0.9203758457313141,1,0.9203758457313141,7.962415426868585,1
15T,96,chronos2__experiment_config.instance_normalization-none__pipeline_config.raw_inference.completed_at-2026-09-26T15_45_15.327163_00_00,0.7296279661124532,1,0.7296279661124532,27.037203388754683,1
15T,96,chronos2__experiment_config.instance_normalization-zscore__pipeline_config.raw_inference.completed_at-2026-09-27T14_06_01.750345_00_00,0.7296279986274328,1,0.7296279986274328,27.037200137256722,1
15T,96,chronos_bolt__experiment_config.instance_normalization-none__pipeline_config.raw_inference.completed_at-2026-09-26T15_45_20.089987_00_00,0.7879646587478571,1,0.7879646587478571,21.203534125214286,1
15T,96,chronos_bolt__experiment_config.instance_normalization-zscore__pipeline_config.raw_inference.completed_at-2026-09-27T13_57_08.031374_00_00,0.7879644091608176,1,0.7879644091608176,21.203559083918243,1
15T,96,ts_icl__experiment_config.instance_normalization-none__pipeline_config.raw_inference.completed_at-2026-09-26T15_50_51.004427_00_00,0.7632469254803556,1,0.7632469254803556,23.675307451964443,1
15T,96,ts_icl__experiment_config.instance_normalization-zscore__pipeline_config.raw_inference.completed_at-2026-09-27T14_20_32.385068_00_00,0.7632466168398492,1,0.7632466168398492,23.675338316015083,1
15T,96,seasonal_naive,1.0,7,1.0,0.0,7
15T,12,chronos2__experiment_config.instance_normalization-none__pipeline_config.raw_inference.completed_at-2026-09-26T15_47_18.765098_00_00,0.47578666614966564,1,0.47578666614966564,52.42133338503343,1
15T,12,chronos2__experiment_config.instance_normalization-zscore__pipeline_config.raw_inference.completed_at-2026-09-27T14_08_05.271983_00_00,0.47578667486195914,1,0.47578667486195914,52.42133251380409,1
15T,12,chronos_bolt__experiment_config.instance_normalization-none__pipeline_config.raw_inference.completed_at-2026-09-26T15_47_48.643530_00_00,0.47936824013839624,1,0.47936824013839624,52.063175986160374,1
15T,12,chronos_bolt__experiment_config.instance_normalization-zscore__pipeline_config.raw_inference.completed_at-2026-09-27T13_59_38.075760_00_00,0.4793682418100464,1,0.4793682418100464,52.063175818995354,1
15T,12,ts_icl__experiment_config.instance_normalization-none__pipeline_config.raw_inference.completed_at-2026-09-26T16_03_10.504315_00_00,0.4815057319710606,1,0.4815057319710606,51.84942680289394,1
15T,12,ts_icl__experiment_config.instance_normalization-zscore__pipeline_config.raw_inference.completed_at-2026-09-27T14_32_50.218566_00_00,0.48150572169507694,1,0.48150572169507694,51.84942783049231,1
15T,12,chronos2__experiment_config.instance_normalization-none__pipeline_config.raw_inference.completed_at-2026-09-26T15_48_51.967815_00_00,0.7807741631203355,1,0.7807741631203355,21.922583687966444,1
15T,12,chronos2__experiment_config.instance_normalization-zscore__pipeline_config.raw_inference.completed_at-2026-09-27T14_09_38.423124_00_00,0.7807741796322375,1,0.7807741796322375,21.92258203677625,1
15T,12,chronos_bolt__experiment_config.instance_normalization-none__pipeline_config.raw_inference.completed_at-2026-09-26T15_49_54.637419_00_00,0.7856551552195463,1,0.7856551552195463,21.43448447804537,1
15T,12,chronos_bolt__experiment_config.instance_normalization-zscore__pipeline_config.raw_inference.completed_at-2026-09-27T15_13_41.431751_00_00,0.7856550294275036,1,0.7856550294275036,21.434497057249636,1
15T,12,ts_icl__experiment_config.instance_normalization-none__pipeline_config.raw_inference.completed_at-2026-09-26T16_07_45.465539_00_00,0.7893024461172853,1,0.7893024461172853,21.06975538827147,1
15T,12,ts_icl__experiment_config.instance_normalization-zscore__pipeline_config.raw_inference.completed_at-2026-09-27T14_37_26.896875_00_00,0.7893024698107991,1,0.7893024698107991,21.06975301892009,1
15T,12,chronos2__experiment_config.instance_normalization-none__pipeline_config.raw_inference.completed_at-2026-09-26T15_45_12.225547_00_00,0.5050993677405062,1,0.5050993677405062,49.49006322594938,1
15T,12,chronos2__experiment_config.instance_normalization-zscore__pipeline_config.raw_inference.completed_at-2026-09-27T14_05_58.604298_00_00,0.5050993510154735,1,0.5050993510154735,49.490064898452644,1
15T,12,chronos_bolt__experiment_config.instance_normalization-none__pipeline_config.raw_inference.completed_at-2026-09-26T15_45_14.194522_00_00,0.5310258678905166,1,0.5310258678905166,46.897413210948336,1
15T,12,chronos_bolt__experiment_config.instance_normalization-zscore__pipeline_config.raw_inference.completed_at-2026-09-27T13_57_02.136017_00_00,0.5310257242177765,1,0.5310257242177765,46.89742757822235,1
15T,12,ts_icl__experiment_config.instance_normalization-none__pipeline_config.raw_inference.completed_at-2026-09-26T15_50_36.202883_00_00,0.5238477165442099,1,0.5238477165442099,47.615228345579006,1
15T,12,ts_icl__experiment_config.instance_normalization-zscore__pipeline_config.raw_inference.completed_at-2026-09-27T14_20_17.669964_00_00,0.523847775003625,1,0.523847775003625,47.6152224996375,1
15T,12,seasonal_naive,1.0,3,1.0,0.0,3
30T,144,chronos2__experiment_config.instance_normalization-none__pipeline_config.raw_inference.completed_at-2026-09-26T15_47_30.955919_00_00,0.807887085239443,1,0.807887085239443,19.211291476055703,1
30T,144,chronos2__experiment_config.instance_normalization-zscore__pipeline_config.raw_inference.completed_at-2026-09-27T14_08_17.511379_00_00,0.8078870994642477,1,0.8078870994642477,19.211290053575226,1
30T,144,chronos_bolt__experiment_config.instance_normalization-none__pipeline_config.raw_inference.completed_at-2026-09-26T15_47_59.975928_00_00,0.8616183314352175,1,0.8616183314352175,13.838166856478251,1
30T,144,chronos_bolt__experiment_config.instance_normalization-zscore__pipeline_config.raw_inference.completed_at-2026-09-27T13_59_49.686356_00_00,0.8616183149626141,1,0.8616183149626141,13.83816850373859,1
30T,144,ts_icl__experiment_config.instance_normalization-none__pipeline_config.raw_inference.completed_at-2026-09-26T16_03_25.220219_00_00,0.8182145702861777,1,0.8182145702861777,18.178542971382228,1
30T,144,ts_icl__experiment_config.instance_normalization-zscore__pipeline_config.raw_inference.completed_at-2026-09-27T14_33_04.792298_00_00,0.8182145528854596,1,0.8182145528854596,18.178544711454037,1
30T,144,seasonal_naive,1.0,1,1.0,0.0,1
30T,48,chronos2__experiment_config.instance_normalization-none__pipeline_config.raw_inference.completed_at-2026-09-26T15_47_30.579448_00_00,0.801888244042546,1,0.801888244042546,19.8111755957454,1
30T,48,chronos2__experiment_config.instance_normalization-zscore__pipeline_config.raw_inference.completed_at-2026-09-27T14_08_17.129063_00_00,0.8018882392055521,1,0.8018882392055521,19.81117607944479,1
30T,48,chronos_bolt__experiment_config.instance_normalization-none__pipeline_config.raw_inference.completed_at-2026-09-26T15_47_59.487268_00_00,0.8289752552869808,1,0.8289752552869808,17.10247447130192,1
30T,48,chronos_bolt__experiment_config.instance_normalization-zscore__pipeline_config.raw_inference.completed_at-2026-09-27T13_59_49.205362_00_00,0.8289752413786411,1,0.8289752413786411,17.10247586213589,1
30T,48,ts_icl__experiment_config.instance_normalization-none__pipeline_config.raw_inference.completed_at-2026-09-26T16_03_24.322351_00_00,0.8201260717400357,1,0.8201260717400357,17.98739282599643,1
30T,48,ts_icl__experiment_config.instance_normalization-zscore__pipeline_config.raw_inference.completed_at-2026-09-27T14_33_03.882319_00_00,0.8201260717931961,1,0.8201260717931961,17.98739282068039,1
30T,48,seasonal_naive,1.0,1,1.0,0.0,1
30T,12,chronos2__experiment_config.instance_normalization-none__pipeline_config.raw_inference.completed_at-2026-09-26T15_47_29.958670_00_00,0.7148483192029693,1,0.7148483192029693,28.515168079703066,1
30T,12,chronos2__experiment_config.instance_normalization-zscore__pipeline_config.raw_inference.completed_at-2026-09-27T14_08_16.501385_00_00,0.7148483221873809,1,0.7148483221873809,28.51516778126191,1
30T,12,chronos_bolt__experiment_config.instance_normalization-none__pipeline_config.raw_inference.completed_at-2026-09-26T15_47_59.276103_00_00,0.732881912033338,1,0.732881912033338,26.711808796666205,1
30T,12,chronos_bolt__experiment_config.instance_normalization-zscore__pipeline_config.raw_inference.completed_at-2026-09-27T13_59_48.987687_00_00,0.7328818999422371,1,0.7328818999422371,26.711810005776293,1
30T,12,ts_icl__experiment_config.instance_normalization-none__pipeline_config.raw_inference.completed_at-2026-09-26T16_03_22.385156_00_00,0.723784866365089,1,0.723784866365089,27.6215133634911,1
30T,12,ts_icl__experiment_config.instance_normalization-zscore__pipeline_config.raw_inference.completed_at-2026-09-27T14_33_01.933170_00_00,0.7237848541817762,1,0.7237848541817762,27.62151458182238,1
30T,12,seasonal_naive,1.0,1,1.0,0.0,1
H,336,chronos2__experiment_config.instance_normalization-none__pipeline_config.raw_inference.completed_at-2026-09-26T15_47_41.256424_00_00,0.8474232166084327,1,0.8474232166084327,15.257678339156733,1
H,336,chronos2__experiment_config.instance_normalization-zscore__pipeline_config.raw_inference.completed_at-2026-09-27T14_08_27.840525_00_00,0.8474231979210222,1,0.8474231979210222,15.257680207897783,1
H,336,chronos_bolt__experiment_config.instance_normalization-none__pipeline_config.raw_inference.completed_at-2026-09-26T15_48_10.275697_00_00,0.853238146455963,1,0.853238146455963,14.676185354403703,1
H,336,chronos_bolt__experiment_config.instance_normalization-zscore__pipeline_config.raw_inference.completed_at-2026-09-27T14_00_00.301902_00_00,0.853238172850572,1,0.853238172850572,14.676182714942797,1
H,336,ts_icl__experiment_config.instance_normalization-none__pipeline_config.raw_inference.completed_at-2026-09-26T16_03_34.042014_00_00,0.7965895976907863,1,0.7965895976907863,20.34104023092137,1
H,336,ts_icl__experiment_config.instance_normalization-zscore__pipeline_config.raw_inference.completed_at-2026-09-27T14_33_13.539194_00_00,0.7965895724607556,1,0.7965895724607556,20.341042753924444,1
H,336,chronos2__experiment_config.instance_normalization-none__pipeline_config.raw_inference.completed_at-2026-09-26T15_49_25.733402_00_00,0.8687413044985622,1,0.8687413044985622,13.125869550143776,1
H,336,chronos2__experiment_config.instance_normalization-zscore__pipeline_config.raw_inference.completed_at-2026-09-27T14_10_13.482540_00_00,0.8687413721470959,1,0.8687413721470959,13.12586278529041,1
H,336,chronos_bolt__experiment_config.instance_normalization-none__pipeline_config.raw_inference.completed_at-2026-09-26T15_50_39.241563_00_00,0.9079013314159889,1,0.9079013314159889,9.209866858401107,1
H,336,chronos_bolt__experiment_config.instance_normalization-zscore__pipeline_config.raw_inference.completed_at-2026-09-27T15_14_24.709633_00_00,0.9079021389890445,1,0.9079021389890445,9.209786101095553,1
H,336,ts_icl__experiment_config.instance_normalization-none__pipeline_config.raw_inference.completed_at-2026-09-26T16_09_22.797780_00_00,0.8816989359300323,1,0.8816989359300323,11.830106406996766,1
H,336,ts_icl__experiment_config.instance_normalization-zscore__pipeline_config.raw_inference.completed_at-2026-09-27T14_39_03.783305_00_00,0.8816990826574388,1,0.8816990826574388,11.83009173425612,1
H,336,chronos2__experiment_config.instance_normalization-none__pipeline_config.raw_inference.completed_at-2026-09-26T15_59_05.721714_00_00,0.7094252865029487,1,0.7094252865029487,29.057471349705132,1
H,336,chronos2__experiment_config.instance_normalization-zscore__pipeline_config.raw_inference.completed_at-2026-09-27T14_19_49.137841_00_00,0.7094252870500773,1,0.7094252870500773,29.057471294992265,1
H,336,chronos_bolt__experiment_config.instance_normalization-none__pipeline_config.raw_inference.completed_at-2026-09-26T16_07_36.052058_00_00,0.7121321366047616,1,0.7121321366047616,28.78678633952384,1
H,336,chronos_bolt__experiment_config.instance_normalization-zscore__pipeline_config.raw_inference.completed_at-2026-09-27T15_31_28.764553_00_00,0.7121321357718419,1,0.7121321357718419,28.786786422815812,1
H,336,ts_icl__experiment_config.instance_normalization-none__pipeline_config.raw_inference.completed_at-2026-09-26T16_32_36.167971_00_00,0.710095187102008,1,0.710095187102008,28.9904812897992,1
H,336,ts_icl__experiment_config.instance_normalization-zscore__pipeline_config.raw_inference.completed_at-2026-09-27T15_02_24.587339_00_00,0.710095185063595,1,0.710095185063595,28.990481493640495,1
H,336,chronos2__experiment_config.instance_normalization-none__pipeline_config.raw_inference.completed_at-2026-09-26T15_47_08.231485_00_00,0.6840660462276843,1,0.6840660462276843,31.59339537723157,1
H,336,chronos2__experiment_config.instance_normalization-zscore__pipeline_config.raw_inference.completed_at-2026-09-27T14_07_54.720440_00_00,0.6840660763994215,1,0.6840660763994215,31.593392360057848,1
H,336,chronos_bolt__experiment_config.instance_normalization-none__pipeline_config.raw_inference.completed_at-2026-09-26T15_47_38.827413_00_00,0.822362544365893,1,0.822362544365893,17.763745563410705,1
H,336,chronos_bolt__experiment_config.instance_normalization-zscore__pipeline_config.raw_inference.completed_at-2026-09-27T13_59_28.113837_00_00,0.8223625323548599,1,0.8223625323548599,17.76374676451401,1
H,336,ts_icl__experiment_config.instance_normalization-none__pipeline_config.raw_inference.completed_at-2026-09-26T16_03_00.356111_00_00,0.6754183863475475,1,0.6754183863475475,32.45816136524525,1
H,336,ts_icl__experiment_config.instance_normalization-zscore__pipeline_config.raw_inference.completed_at-2026-09-27T14_32_40.009771_00_00,0.6754183811782917,1,0.6754183811782917,32.458161882170835,1
H,336,seasonal_naive,1.0,4,1.0,0.0,4
20T,216,chronos2__experiment_config.instance_normalization-none__pipeline_config.raw_inference.completed_at-2026-09-26T15_49_06.577617_00_00,0.7623737013340763,1,0.7623737013340763,23.762629866592366,1
20T,216,chronos2__experiment_config.instance_normalization-zscore__pipeline_config.raw_inference.completed_at-2026-09-27T14_09_54.315141_00_00,0.7623737581267377,1,0.7623737581267377,23.76262418732623,1
20T,216,chronos_bolt__experiment_config.instance_normalization-none__pipeline_config.raw_inference.completed_at-2026-09-26T15_50_13.749029_00_00,1.289841764853358,1,1.289841764853358,-28.9841764853358,1
20T,216,chronos_bolt__experiment_config.instance_normalization-zscore__pipeline_config.raw_inference.completed_at-2026-09-27T15_13_58.755768_00_00,1.2898420786470939,1,1.2898420786470939,-28.98420786470939,1
20T,216,ts_icl__experiment_config.instance_normalization-none__pipeline_config.raw_inference.completed_at-2026-09-26T16_08_11.081393_00_00,0.9504582768039541,1,0.9504582768039541,4.954172319604588,1
20T,216,ts_icl__experiment_config.instance_normalization-zscore__pipeline_config.raw_inference.completed_at-2026-09-27T14_37_52.031320_00_00,0.9504580029148879,1,0.9504580029148879,4.954199708511209,1
20T,216,chronos2__experiment_config.instance_normalization-none__pipeline_config.raw_inference.completed_at-2026-09-26T15_46_47.354798_00_00,0.7818707943035755,1,0.7818707943035755,21.812920569642447,1
20T,216,chronos2__experiment_config.instance_normalization-zscore__pipeline_config.raw_inference.completed_at-2026-09-27T14_07_33.893068_00_00,0.7818707679396782,1,0.7818707679396782,21.812923206032174,1
20T,216,chronos_bolt__experiment_config.instance_normalization-none__pipeline_config.raw_inference.completed_at-2026-09-26T15_47_00.563033_00_00,1.0317943498646256,1,1.0317943498646256,-3.1794349864625593,1
20T,216,chronos_bolt__experiment_config.instance_normalization-zscore__pipeline_config.raw_inference.completed_at-2026-09-27T13_58_49.592570_00_00,1.0317943785964383,1,1.0317943785964383,-3.17943785964383,1
20T,216,ts_icl__experiment_config.instance_normalization-none__pipeline_config.raw_inference.completed_at-2026-09-26T16_01_01.534693_00_00,0.840276123688805,1,0.840276123688805,15.9723876311195,1
20T,216,ts_icl__experiment_config.instance_normalization-zscore__pipeline_config.raw_inference.completed_at-2026-09-27T14_30_42.449017_00_00,0.8402760723271924,1,0.8402760723271924,15.972392767280763,1
20T,216,seasonal_naive,1.0,2,1.0,0.0,2
20T,72,chronos2__experiment_config.instance_normalization-none__pipeline_config.raw_inference.completed_at-2026-09-26T15_49_06.207636_00_00,0.7712892645100224,1,0.7712892645100224,22.871073548997757,1
20T,72,chronos2__experiment_config.instance_normalization-zscore__pipeline_config.raw_inference.completed_at-2026-09-27T14_09_53.942544_00_00,0.771289132150239,1,0.771289132150239,22.871086784976104,1
20T,72,chronos_bolt__experiment_config.instance_normalization-none__pipeline_config.raw_inference.completed_at-2026-09-26T15_50_13.260754_00_00,1.3679472997822761,1,1.3679472997822761,-36.794729978227615,1
20T,72,chronos_bolt__experiment_config.instance_normalization-zscore__pipeline_config.raw_inference.completed_at-2026-09-27T15_13_58.259843_00_00,1.3679482051287362,1,1.3679482051287362,-36.79482051287361,1
20T,72,ts_icl__experiment_config.instance_normalization-none__pipeline_config.raw_inference.completed_at-2026-09-26T16_08_10.313554_00_00,0.9741993954799253,1,0.9741993954799253,2.580060452007471,1
20T,72,ts_icl__experiment_config.instance_normalization-zscore__pipeline_config.raw_inference.completed_at-2026-09-27T14_37_51.237120_00_00,0.974199527207641,1,0.974199527207641,2.5800472792358975,1
20T,72,chronos2__experiment_config.instance_normalization-none__pipeline_config.raw_inference.completed_at-2026-09-26T15_46_42.608244_00_00,0.7171297699160067,1,0.7171297699160067,28.287023008399327,1
20T,72,chronos2__experiment_config.instance_normalization-zscore__pipeline_config.raw_inference.completed_at-2026-09-27T14_07_29.122103_00_00,0.7171297894413071,1,0.7171297894413071,28.28702105586929,1
20T,72,chronos_bolt__experiment_config.instance_normalization-none__pipeline_config.raw_inference.completed_at-2026-09-26T15_46_36.440621_00_00,1.0852253059408024,1,1.0852253059408024,-8.522530594080235,1
20T,72,chronos_bolt__experiment_config.instance_normalization-zscore__pipeline_config.raw_inference.completed_at-2026-09-27T13_58_25.759099_00_00,1.0852253410942765,1,1.0852253410942765,-8.52253410942765,1
20T,72,ts_icl__experiment_config.instance_normalization-none__pipeline_config.raw_inference.completed_at-2026-09-26T16_00_36.082241_00_00,0.7991322962212916,1,0.7991322962212916,20.086770377870845,1
20T,72,ts_icl__experiment_config.instance_normalization-zscore__pipeline_config.raw_inference.completed_at-2026-09-27T14_30_16.914422_00_00,0.799132302499228,1,0.799132302499228,20.086769750077206,1
20T,72,seasonal_naive,1.0,2,1.0,0.0,2
20T,9,chronos2__experiment_config.instance_normalization-none__pipeline_config.raw_inference.completed_at-2026-09-26T15_49_05.643932_00_00,0.3784291897259098,1,0.3784291897259098,62.15708102740902,1
20T,9,chronos2__experiment_config.instance_normalization-zscore__pipeline_config.raw_inference.completed_at-2026-09-27T14_09_53.373880_00_00,0.3784293759623137,1,0.3784293759623137,62.157062403768634,1
20T,9,chronos_bolt__experiment_config.instance_normalization-none__pipeline_config.raw_inference.completed_at-2026-09-26T15_50_12.641595_00_00,0.47813008816308095,1,0.47813008816308095,52.1869911836919,1
20T,9,chronos_bolt__experiment_config.instance_normalization-zscore__pipeline_config.raw_inference.completed_at-2026-09-27T15_13_57.631465_00_00,0.47813030525431655,1,0.47813030525431655,52.18696947456834,1
20T,9,ts_icl__experiment_config.instance_normalization-none__pipeline_config.raw_inference.completed_at-2026-09-26T16_08_08.642942_00_00,0.4416499260692792,1,0.4416499260692792,55.835007393072075,1
20T,9,ts_icl__experiment_config.instance_normalization-zscore__pipeline_config.raw_inference.completed_at-2026-09-27T14_37_49.554391_00_00,0.4416498897876546,1,0.4416498897876546,55.835011021234536,1
20T,9,chronos2__experiment_config.instance_normalization-none__pipeline_config.raw_inference.completed_at-2026-09-26T15_46_27.114547_00_00,0.46537768567175847,1,0.46537768567175847,53.46223143282416,1
20T,9,chronos2__experiment_config.instance_normalization-zscore__pipeline_config.raw_inference.completed_at-2026-09-27T14_07_13.580368_00_00,0.46537767915502926,1,0.46537767915502926,53.462232084497074,1
20T,9,chronos_bolt__experiment_config.instance_normalization-none__pipeline_config.raw_inference.completed_at-2026-09-26T15_46_05.176927_00_00,0.5729531605112412,1,0.5729531605112412,42.704683948875875,1
20T,9,chronos_bolt__experiment_config.instance_normalization-zscore__pipeline_config.raw_inference.completed_at-2026-09-27T13_57_54.586938_00_00,0.57295312945925,1,0.57295312945925,42.704687054074995,1
20T,9,ts_icl__experiment_config.instance_normalization-none__pipeline_config.raw_inference.completed_at-2026-09-26T15_59_21.915743_00_00,0.5137316758245211,1,0.5137316758245211,48.626832417547895,1
20T,9,ts_icl__experiment_config.instance_normalization-zscore__pipeline_config.raw_inference.completed_at-2026-09-27T14_29_02.560904_00_00,0.5137316672384968,1,0.5137316672384968,48.626833276150315,1
20T,9,seasonal_naive,1.0,2,1.0,0.0,2
5T,864,chronos2__experiment_config.instance_normalization-none__pipeline_config.raw_inference.completed_at-2026-09-26T15_48_33.655572_00_00,0.8456190568789844,1,0.8456190568789844,15.438094312101558,1
5T,864,chronos2__experiment_config.instance_normalization-zscore__pipeline_config.raw_inference.completed_at-2026-09-27T14_09_20.063160_00_00,0.8456193378287951,1,0.8456193378287951,15.438066217120493,1
5T,864,chronos_bolt__experiment_config.instance_normalization-none__pipeline_config.raw_inference.completed_at-2026-09-26T15_49_38.648611_00_00,0.9227447473550242,1,0.9227447473550242,7.725525264497579,1
5T,864,chronos_bolt__experiment_config.instance_normalization-zscore__pipeline_config.raw_inference.completed_at-2026-09-27T15_13_27.830712_00_00,0.9227313880787273,1,0.9227313880787273,7.726861192127266,1
5T,864,ts_icl__experiment_config.instance_normalization-none__pipeline_config.raw_inference.completed_at-2026-09-26T16_06_55.979969_00_00,0.9354372805542223,1,0.9354372805542223,6.456271944577773,1
5T,864,ts_icl__experiment_config.instance_normalization-zscore__pipeline_config.raw_inference.completed_at-2026-09-27T14_36_36.848027_00_00,0.9354369918274125,1,0.9354369918274125,6.456300817258754,1
5T,864,chronos2__experiment_config.instance_normalization-none__pipeline_config.raw_inference.completed_at-2026-09-26T15_43_57.943761_00_00,0.7777128406354761,1,0.7777128406354761,22.228715936452392,1
5T,864,chronos2__experiment_config.instance_normalization-zscore__pipeline_config.raw_inference.completed_at-2026-09-27T14_04_43.982450_00_00,0.777712650789421,1,0.777712650789421,22.228734921057903,1
5T,864,chronos_bolt__experiment_config.instance_normalization-none__pipeline_config.raw_inference.completed_at-2026-09-26T15_44_01.047999_00_00,0.9759853769372879,1,0.9759853769372879,2.401462306271207,1
5T,864,chronos_bolt__experiment_config.instance_normalization-zscore__pipeline_config.raw_inference.completed_at-2026-09-27T13_55_47.742519_00_00,0.9759262979954073,1,0.9759262979954073,2.407370200459269,1
5T,864,ts_icl__experiment_config.instance_normalization-none__pipeline_config.raw_inference.completed_at-2026-09-26T15_45_28.747308_00_00,1.001221967310649,1,1.001221967310649,-0.12219673106490525,1
5T,864,ts_icl__experiment_config.instance_normalization-zscore__pipeline_config.raw_inference.completed_at-2026-09-27T14_15_06.110910_00_00,1.001221341891332,1,1.001221341891332,-0.12213418913320506,1
5T,864,seasonal_naive,1.0,2,1.0,0.0,2
5T,288,chronos2__experiment_config.instance_normalization-none__pipeline_config.raw_inference.completed_at-2026-09-26T15_48_30.671929_00_00,0.8435526763689123,1,0.8435526763689123,15.644732363108771,1
5T,288,chronos2__experiment_config.instance_normalization-zscore__pipeline_config.raw_inference.completed_at-2026-09-27T14_09_17.089335_00_00,0.8435527079606927,1,0.8435527079606927,15.64472920393073,1
5T,288,chronos_bolt__experiment_config.instance_normalization-none__pipeline_config.raw_inference.completed_at-2026-09-26T15_49_05.119306_00_00,0.8946352814046282,1,0.8946352814046282,10.536471859537178,1
5T,288,chronos_bolt__experiment_config.instance_normalization-zscore__pipeline_config.raw_inference.completed_at-2026-09-27T15_12_54.337653_00_00,0.8946341690815378,1,0.8946341690815378,10.536583091846218,1
5T,288,ts_icl__experiment_config.instance_normalization-none__pipeline_config.raw_inference.completed_at-2026-09-26T16_06_39.839239_00_00,0.848247644949824,1,0.848247644949824,15.175235505017604,1
5T,288,ts_icl__experiment_config.instance_normalization-zscore__pipeline_config.raw_inference.completed_at-2026-09-27T14_36_20.606296_00_00,0.848247370045443,1,0.848247370045443,15.175262995455697,1
5T,288,chronos2__experiment_config.instance_normalization-none__pipeline_config.raw_inference.completed_at-2026-09-26T15_59_16.828646_00_00,0.7627195008885047,1,0.7627195008885047,23.72804991114953,1
5T,288,chronos2__experiment_config.instance_normalization-zscore__pipeline_config.raw_inference.completed_at-2026-09-27T14_20_00.089181_00_00,0.7627194965237368,1,0.7627194965237368,23.72805034762632,1
5T,288,chronos_bolt__experiment_config.instance_normalization-none__pipeline_config.raw_inference.completed_at-2026-09-26T16_07_47.396009_00_00,0.8031938003808404,1,0.8031938003808404,19.68061996191596,1
5T,288,chronos_bolt__experiment_config.instance_normalization-zscore__pipeline_config.raw_inference.completed_at-2026-09-27T15_31_40.252745_00_00,0.8031938079761017,1,0.8031938079761017,19.680619202389828,1
5T,288,ts_icl__experiment_config.instance_normalization-none__pipeline_config.raw_inference.completed_at-2026-09-26T16_32_45.727670_00_00,0.7964742306253869,1,0.7964742306253869,20.352576937461308,1
5T,288,ts_icl__experiment_config.instance_normalization-zscore__pipeline_config.raw_inference.completed_at-2026-09-27T15_02_34.199364_00_00,0.7964742237216386,1,0.7964742237216386,20.352577627836144,1
5T,288,chronos2__experiment_config.instance_normalization-none__pipeline_config.raw_inference.completed_at-2026-09-26T15_51_01.033165_00_00,0.7117830610199366,1,0.7117830610199366,28.82169389800634,1
5T,288,chronos2__experiment_config.instance_normalization-zscore__pipeline_config.raw_inference.completed_at-2026-09-27T14_11_44.674728_00_00,0.7117830735292633,1,0.7117830735292633,28.82169264707367,1
5T,288,chronos_bolt__experiment_config.instance_normalization-none__pipeline_config.raw_inference.completed_at-2026-09-26T15_52_10.540675_00_00,0.8775890139212654,1,0.8775890139212654,12.241098607873457,1
5T,288,chronos_bolt__experiment_config.instance_normalization-zscore__pipeline_config.raw_inference.completed_at-2026-09-27T15_15_56.897838_00_00,0.8775889687363649,1,0.8775889687363649,12.241103126363505,1
5T,288,ts_icl__experiment_config.instance_normalization-none__pipeline_config.raw_inference.completed_at-2026-09-26T16_13_30.673581_00_00,0.773320825858397,1,0.773320825858397,22.6679174141603,1
5T,288,ts_icl__experiment_config.instance_normalization-zscore__pipeline_config.raw_inference.completed_at-2026-09-27T14_43_12.146350_00_00,0.7733208407062934,1,0.7733208407062934,22.667915929370665,1
5T,288,chronos2__experiment_config.instance_normalization-none__pipeline_config.raw_inference.completed_at-2026-09-26T15_57_57.227203_00_00,0.6758937981312688,1,0.6758937981312688,32.41062018687312,1
5T,288,chronos2__experiment_config.instance_normalization-zscore__pipeline_config.raw_inference.completed_at-2026-09-27T14_18_42.985101_00_00,0.6758937980496061,1,0.6758937980496061,32.410620195039385,1
5T,288,chronos_bolt__experiment_config.instance_normalization-none__pipeline_config.raw_inference.completed_at-2026-09-26T16_03_52.198815_00_00,0.7596539819591765,1,0.7596539819591765,24.034601804082346,1
5T,288,chronos_bolt__experiment_config.instance_normalization-zscore__pipeline_config.raw_inference.completed_at-2026-09-27T15_27_43.290354_00_00,0.7596539824863141,1,0.7596539824863141,24.03460175136859,1
5T,288,ts_icl__experiment_config.instance_normalization-none__pipeline_config.raw_inference.completed_at-2026-09-26T16_29_13.775290_00_00,0.7066270173338993,1,0.7066270173338993,29.33729826661007,1
5T,288,ts_icl__experiment_config.instance_normalization-zscore__pipeline_config.raw_inference.completed_at-2026-09-27T14_59_01.860242_00_00,0.7066270142406929,1,0.7066270142406929,29.337298575930713,1
5T,288,chronos2__experiment_config.instance_normalization-none__pipeline_config.raw_inference.completed_at-2026-09-26T15_58_37.436343_00_00,0.6838294889497023,1,0.6838294889497023,31.61705110502977,1
5T,288,chronos2__experiment_config.instance_normalization-zscore__pipeline_config.raw_inference.completed_at-2026-09-27T14_19_21.604604_00_00,0.6838294869043141,1,0.6838294869043141,31.617051309568588,1
5T,288,chronos_bolt__experiment_config.instance_normalization-none__pipeline_config.raw_inference.completed_at-2026-09-26T16_06_55.799472_00_00,0.7990777858828598,1,0.7990777858828598,20.092221411714018,1
5T,288,chronos_bolt__experiment_config.instance_normalization-zscore__pipeline_config.raw_inference.completed_at-2026-09-27T15_30_48.832562_00_00,0.7990777879858136,1,0.7990777879858136,20.092221201418635,1
5T,288,ts_icl__experiment_config.instance_normalization-none__pipeline_config.raw_inference.completed_at-2026-09-26T16_31_21.980707_00_00,0.7308529596013804,1,0.7308529596013804,26.91470403986196,1
5T,288,ts_icl__experiment_config.instance_normalization-zscore__pipeline_config.raw_inference.completed_at-2026-09-27T15_01_09.441195_00_00,0.7308529621781215,1,0.7308529621781215,26.914703782187853,1
5T,288,chronos2__experiment_config.instance_normalization-none__pipeline_config.raw_inference.completed_at-2026-09-26T15_43_57.424005_00_00,0.6464918202535772,1,0.6464918202535772,35.35081797464228,1
5T,288,chronos2__experiment_config.instance_normalization-zscore__pipeline_config.raw_inference.completed_at-2026-09-27T14_04_43.458370_00_00,0.6464918287755729,1,0.6464918287755729,35.35081712244271,1
5T,288,chronos_bolt__experiment_config.instance_normalization-none__pipeline_config.raw_inference.completed_at-2026-09-26T15_43_57.504418_00_00,0.8041581728836168,1,0.8041581728836168,19.58418271163832,1
5T,288,chronos_bolt__experiment_config.instance_normalization-zscore__pipeline_config.raw_inference.completed_at-2026-09-27T13_55_44.226903_00_00,0.8041595642260507,1,0.8041595642260507,19.584043577394926,1
5T,288,ts_icl__experiment_config.instance_normalization-none__pipeline_config.raw_inference.completed_at-2026-09-26T15_45_26.670824_00_00,0.7076157858740267,1,0.7076157858740267,29.238421412597326,1
5T,288,ts_icl__experiment_config.instance_normalization-zscore__pipeline_config.raw_inference.completed_at-2026-09-27T14_15_04.036736_00_00,0.7076157793989931,1,0.7076157793989931,29.23842206010069,1
5T,288,seasonal_naive,1.0,6,1.0,0.0,6
5T,36,chronos2__experiment_config.instance_normalization-none__pipeline_config.raw_inference.completed_at-2026-09-26T15_48_21.812438_00_00,0.6481834190583823,1,0.6481834190583823,35.18165809416177,1
5T,36,chronos2__experiment_config.instance_normalization-zscore__pipeline_config.raw_inference.completed_at-2026-09-27T14_09_08.275129_00_00,0.6481834341124451,1,0.6481834341124451,35.181656588755494,1
5T,36,chronos_bolt__experiment_config.instance_normalization-none__pipeline_config.raw_inference.completed_at-2026-09-26T15_48_30.087755_00_00,0.6721810773290682,1,0.6721810773290682,32.781892267093184,1
5T,36,chronos_bolt__experiment_config.instance_normalization-zscore__pipeline_config.raw_inference.completed_at-2026-09-27T15_12_19.040429_00_00,0.672181022528998,1,0.672181022528998,32.781897747100196,1
5T,36,ts_icl__experiment_config.instance_normalization-none__pipeline_config.raw_inference.completed_at-2026-09-26T16_06_13.734355_00_00,0.6662082656984116,1,0.6662082656984116,33.379173430158836,1
5T,36,ts_icl__experiment_config.instance_normalization-zscore__pipeline_config.raw_inference.completed_at-2026-09-27T14_35_54.311614_00_00,0.66620821805706,1,0.66620821805706,33.379178194294,1
5T,36,chronos2__experiment_config.instance_normalization-none__pipeline_config.raw_inference.completed_at-2026-09-26T15_43_56.445281_00_00,0.4071054800668598,1,0.4071054800668598,59.28945199331401,1
5T,36,chronos2__experiment_config.instance_normalization-zscore__pipeline_config.raw_inference.completed_at-2026-09-27T14_04_42.473723_00_00,0.4071053970239109,1,0.4071053970239109,59.28946029760891,1
5T,36,chronos_bolt__experiment_config.instance_normalization-none__pipeline_config.raw_inference.completed_at-2026-09-26T15_43_53.773511_00_00,0.473302203298902,1,0.473302203298902,52.6697796701098,1
5T,36,chronos_bolt__experiment_config.instance_normalization-zscore__pipeline_config.raw_inference.completed_at-2026-09-27T13_55_40.507043_00_00,0.4733022081959158,1,0.4733022081959158,52.669779180408426,1
5T,36,ts_icl__experiment_config.instance_normalization-none__pipeline_config.raw_inference.completed_at-2026-09-26T15_45_23.572457_00_00,0.4466404325168494,1,0.4466404325168494,55.33595674831506,1
5T,36,ts_icl__experiment_config.instance_normalization-zscore__pipeline_config.raw_inference.completed_at-2026-09-27T14_15_00.932768_00_00,0.44664042180331276,1,0.44664042180331276,55.33595781966872,1
5T,36,seasonal_naive,1.0,2,1.0,0.0,2
D,30,chronos2__experiment_config.instance_normalization-none__pipeline_config.raw_inference.completed_at-2026-09-26T15_54_11.319860_00_00,1.0097000501280702,1,1.0097000501280702,-0.9700050128070181,1
D,30,chronos2__experiment_config.instance_normalization-zscore__pipeline_config.raw_inference.completed_at-2026-09-27T14_14_55.872291_00_00,1.0096999518511909,1,1.0096999518511909,-0.969995185119088,1
D,30,chronos_bolt__experiment_config.instance_normalization-none__pipeline_config.raw_inference.completed_at-2026-09-26T15_55_16.526428_00_00,1.0779682771320378,1,1.0779682771320378,-7.79682771320378,1
D,30,chronos_bolt__experiment_config.instance_normalization-zscore__pipeline_config.raw_inference.completed_at-2026-09-27T15_19_06.822117_00_00,1.0779682053254331,1,1.0779682053254331,-7.796820532543314,1
D,30,ts_icl__experiment_config.instance_normalization-none__pipeline_config.raw_inference.completed_at-2026-09-26T16_22_54.440894_00_00,1.0371343351598803,1,1.0371343351598803,-3.7134335159880294,1
D,30,ts_icl__experiment_config.instance_normalization-zscore__pipeline_config.raw_inference.completed_at-2026-09-27T14_52_40.146907_00_00,1.0371342048368837,1,1.0371342048368837,-3.7134204836883677,1
D,30,chronos2__experiment_config.instance_normalization-none__pipeline_config.raw_inference.completed_at-2026-09-26T15_53_43.404506_00_00,0.9176932756570406,1,0.9176932756570406,8.230672434295938,1
D,30,chronos2__experiment_config.instance_normalization-zscore__pipeline_config.raw_inference.completed_at-2026-09-27T14_14_27.850593_00_00,0.9176933244596245,1,0.9176933244596245,8.230667554037552,1
D,30,chronos_bolt__experiment_config.instance_normalization-none__pipeline_config.raw_inference.completed_at-2026-09-26T15_54_48.077915_00_00,0.9961631816873716,1,0.9961631816873716,0.3836818312628387,1
D,30,chronos_bolt__experiment_config.instance_normalization-zscore__pipeline_config.raw_inference.completed_at-2026-09-27T15_18_37.645978_00_00,0.9961631556283829,1,0.9961631556283829,0.3836844371617132,1
D,30,ts_icl__experiment_config.instance_normalization-none__pipeline_config.raw_inference.completed_at-2026-09-26T16_22_36.905392_00_00,0.9247363505196929,1,0.9247363505196929,7.5263649480307055,1
D,30,ts_icl__experiment_config.instance_normalization-zscore__pipeline_config.raw_inference.completed_at-2026-09-27T14_52_22.752560_00_00,0.9247362505399023,1,0.9247362505399023,7.526374946009772,1
D,30,chronos2__experiment_config.instance_normalization-none__pipeline_config.raw_inference.completed_at-2026-09-26T15_56_39.615774_00_00,0.3753379415224901,1,0.3753379415224901,62.46620584775099,1
D,30,chronos2__experiment_config.instance_normalization-zscore__pipeline_config.raw_inference.completed_at-2026-09-27T14_17_25.127440_00_00,0.37533793896580003,1,0.37533793896580003,62.46620610342,1
D,30,chronos_bolt__experiment_config.instance_normalization-none__pipeline_config.raw_inference.completed_at-2026-09-26T15_57_44.023468_00_00,0.381658147710612,1,0.381658147710612,61.8341852289388,1
D,30,chronos_bolt__experiment_config.instance_normalization-zscore__pipeline_config.raw_inference.completed_at-2026-09-27T15_21_33.110682_00_00,0.38165814286723504,1,0.38165814286723504,61.834185713276504,1
D,30,ts_icl__experiment_config.instance_normalization-none__pipeline_config.raw_inference.completed_at-2026-09-26T16_24_51.108817_00_00,0.3968010336953139,1,0.3968010336953139,60.31989663046862,1
D,30,ts_icl__experiment_config.instance_normalization-zscore__pipeline_config.raw_inference.completed_at-2026-09-27T14_54_36.702080_00_00,0.39680097040250095,1,0.39680097040250095,60.3199029597499,1
D,30,chronos2__experiment_config.instance_normalization-none__pipeline_config.raw_inference.completed_at-2026-09-26T15_53_23.611682_00_00,0.6907909446775197,1,0.6907909446775197,30.92090553224803,1
D,30,chronos2__experiment_config.instance_normalization-zscore__pipeline_config.raw_inference.completed_at-2026-09-27T14_14_08.041270_00_00,0.6907909444801792,1,0.6907909444801792,30.92090555198208,1
D,30,chronos_bolt__experiment_config.instance_normalization-none__pipeline_config.raw_inference.completed_at-2026-09-26T15_54_26.337432_00_00,0.6941910244863553,1,0.6941910244863553,30.580897551364473,1
D,30,chronos_bolt__experiment_config.instance_normalization-zscore__pipeline_config.raw_inference.completed_at-2026-09-27T15_18_17.080789_00_00,0.6941910247960478,1,0.6941910247960478,30.580897520395222,1
D,30,ts_icl__experiment_config.instance_normalization-none__pipeline_config.raw_inference.completed_at-2026-09-26T16_22_17.175763_00_00,0.6958850666729881,1,0.6958850666729881,30.41149333270119,1
D,30,ts_icl__experiment_config.instance_normalization-zscore__pipeline_config.raw_inference.completed_at-2026-09-27T14_52_03.390921_00_00,0.6958850649034651,1,0.6958850649034651,30.411493509653486,1
D,30,chronos2__experiment_config.instance_normalization-none__pipeline_config.raw_inference.completed_at-2026-09-26T15_56_49.384839_00_00,0.36293523418942514,1,0.36293523418942514,63.70647658105748,1
D,30,chronos2__experiment_config.instance_normalization-zscore__pipeline_config.raw_inference.completed_at-2026-09-27T14_17_34.914373_00_00,0.3629352325741137,1,0.3629352325741137,63.70647674258863,1
D,30,chronos_bolt__experiment_config.instance_normalization-none__pipeline_config.raw_inference.completed_at-2026-09-26T15_57_54.164063_00_00,0.4022208216512499,1,0.4022208216512499,59.777917834875005,1
D,30,chronos_bolt__experiment_config.instance_normalization-zscore__pipeline_config.raw_inference.completed_at-2026-09-27T15_21_43.220715_00_00,0.40222082173225043,1,0.40222082173225043,59.77791782677495,1
D,30,ts_icl__experiment_config.instance_normalization-none__pipeline_config.raw_inference.completed_at-2026-09-26T16_25_02.734529_00_00,0.4001528486941045,1,0.4001528486941045,59.98471513058955,1
D,30,ts_icl__experiment_config.instance_normalization-zscore__pipeline_config.raw_inference.completed_at-2026-09-27T14_54_48.384050_00_00,0.40015285174650306,1,0.40015285174650306,59.98471482534969,1
D,30,chronos2__experiment_config.instance_normalization-none__pipeline_config.raw_inference.completed_at-2026-09-26T15_56_59.410157_00_00,0.424066140216457,1,0.424066140216457,57.593385978354306,1
D,30,chronos2__experiment_config.instance_normalization-zscore__pipeline_config.raw_inference.completed_at-2026-09-27T14_17_44.941597_00_00,0.4240661403114274,1,0.4240661403114274,57.593385968857255,1
D,30,chronos_bolt__experiment_config.instance_normalization-none__pipeline_config.raw_inference.completed_at-2026-09-26T15_58_04.699286_00_00,0.4556912251669076,1,0.4556912251669076,54.43087748330924,1
D,30,chronos_bolt__experiment_config.instance_normalization-zscore__pipeline_config.raw_inference.completed_at-2026-09-27T15_21_53.759563_00_00,0.45569122527782957,1,0.45569122527782957,54.43087747221704,1
D,30,ts_icl__experiment_config.instance_normalization-none__pipeline_config.raw_inference.completed_at-2026-09-26T16_25_17.435025_00_00,0.4622890614339619,1,0.4622890614339619,53.77109385660381,1
D,30,ts_icl__experiment_config.instance_normalization-zscore__pipeline_config.raw_inference.completed_at-2026-09-27T14_55_03.203425_00_00,0.4622890608520635,1,0.4622890608520635,53.771093914793646,1
D,30,seasonal_naive,1.0,6,1.0,0.0,6
W,13,chronos2__experiment_config.instance_normalization-none__pipeline_config.raw_inference.completed_at-2026-09-26T15_53_52.688939_00_00,0.9468634994013284,1,0.9468634994013284,5.313650059867159,1
W,13,chronos2__experiment_config.instance_normalization-zscore__pipeline_config.raw_inference.completed_at-2026-09-27T14_14_37.143989_00_00,0.9468634929760862,1,0.9468634929760862,5.3136507023913815,1
W,13,chronos_bolt__experiment_config.instance_normalization-none__pipeline_config.raw_inference.completed_at-2026-09-26T15_54_57.466201_00_00,0.8800350442864106,1,0.8800350442864106,11.996495571358945,1
W,13,chronos_bolt__experiment_config.instance_normalization-zscore__pipeline_config.raw_inference.completed_at-2026-09-27T15_18_47.085268_00_00,0.8800350585328255,1,0.8800350585328255,11.99649414671745,1
W,13,ts_icl__experiment_config.instance_normalization-none__pipeline_config.raw_inference.completed_at-2026-09-26T16_22_42.213998_00_00,1.2134940904665752,1,1.2134940904665752,-21.34940904665752,1
W,13,ts_icl__experiment_config.instance_normalization-zscore__pipeline_config.raw_inference.completed_at-2026-09-27T14_52_27.798771_00_00,1.2134941281763165,1,1.2134941281763165,-21.349412817631652,1
W,13,chronos2__experiment_config.instance_normalization-none__pipeline_config.raw_inference.completed_at-2026-09-26T15_54_02.005414_00_00,0.6352501786041488,1,0.6352501786041488,36.47498213958512,1
W,13,chronos2__experiment_config.instance_normalization-zscore__pipeline_config.raw_inference.completed_at-2026-09-27T14_14_46.480284_00_00,0.6352502185229365,1,0.6352502185229365,36.47497814770635,1
W,13,chronos_bolt__experiment_config.instance_normalization-none__pipeline_config.raw_inference.completed_at-2026-09-26T15_55_07.075343_00_00,0.6826992503251653,1,0.6826992503251653,31.730074967483468,1
W,13,chronos_bolt__experiment_config.instance_normalization-zscore__pipeline_config.raw_inference.completed_at-2026-09-27T15_18_56.844304_00_00,0.6826992466383057,1,0.6826992466383057,31.730075336169428,1
W,13,ts_icl__experiment_config.instance_normalization-none__pipeline_config.raw_inference.completed_at-2026-09-26T16_22_49.277269_00_00,0.7016418242507416,1,0.7016418242507416,29.835817574925837,1
W,13,ts_icl__experiment_config.instance_normalization-zscore__pipeline_config.raw_inference.completed_at-2026-09-27T14_52_34.909914_00_00,0.7016418517197571,1,0.7016418517197571,29.835814828024287,1
W,13,chronos2__experiment_config.instance_normalization-none__pipeline_config.raw_inference.completed_at-2026-09-26T15_54_47.983176_00_00,1.1552232026779394,1,1.1552232026779394,-15.522320267793944,1
W,13,chronos2__experiment_config.instance_normalization-zscore__pipeline_config.raw_inference.completed_at-2026-09-27T14_15_32.471755_00_00,1.1552238745072472,1,1.1552238745072472,-15.522387450724718,1
W,13,chronos_bolt__experiment_config.instance_normalization-none__pipeline_config.raw_inference.completed_at-2026-09-26T15_55_48.059660_00_00,1.5237667133771828,1,1.5237667133771828,-52.376671337718285,1
W,13,chronos_bolt__experiment_config.instance_normalization-zscore__pipeline_config.raw_inference.completed_at-2026-09-27T15_19_38.589649_00_00,1.5237669744182323,1,1.5237669744182323,-52.376697441823225,1
W,13,ts_icl__experiment_config.instance_normalization-none__pipeline_config.raw_inference.completed_at-2026-09-26T16_23_50.018373_00_00,1.0375183449451717,1,1.0375183449451717,-3.75183449451717,1
W,13,ts_icl__experiment_config.instance_normalization-zscore__pipeline_config.raw_inference.completed_at-2026-09-27T14_53_35.681148_00_00,1.0375191453344086,1,1.0375191453344086,-3.751914533440859,1
W,13,chronos2__experiment_config.instance_normalization-none__pipeline_config.raw_inference.completed_at-2026-09-26T15_53_33.873091_00_00,0.7988733113320162,1,0.7988733113320162,20.112668866798376,1
W,13,chronos2__experiment_config.instance_normalization-zscore__pipeline_config.raw_inference.completed_at-2026-09-27T14_14_18.353717_00_00,0.7988733092794876,1,0.7988733092794876,20.112669072051236,1
W,13,chronos_bolt__experiment_config.instance_normalization-none__pipeline_config.raw_inference.completed_at-2026-09-26T15_54_37.367123_00_00,0.8030669265439482,1,0.8030669265439482,19.69330734560518,1
W,13,chronos_bolt__experiment_config.instance_normalization-zscore__pipeline_config.raw_inference.completed_at-2026-09-27T15_18_28.028645_00_00,0.8030669262154415,1,0.8030669262154415,19.69330737845585,1
W,13,ts_icl__experiment_config.instance_normalization-none__pipeline_config.raw_inference.completed_at-2026-09-26T16_22_31.377150_00_00,0.8076187999173401,1,0.8076187999173401,19.23812000826599,1
W,13,ts_icl__experiment_config.instance_normalization-zscore__pipeline_config.raw_inference.completed_at-2026-09-27T14_52_17.607370_00_00,0.8076187971585818,1,0.8076187971585818,19.238120284141825,1
W,13,seasonal_naive,1.0,4,1.0,0.0,4
15T,672,chronos2__experiment_config.instance_normalization-none__pipeline_config.raw_inference.completed_at-2026-09-26T15_51_15.309082_00_00,0.805583445825203,1,0.805583445825203,19.441655417479698,1
15T,672,chronos2__experiment_config.instance_normalization-zscore__pipeline_config.raw_inference.completed_at-2026-09-27T14_11_58.666160_00_00,0.8055834550320169,1,0.8055834550320169,19.44165449679831,1
15T,672,chronos_bolt__experiment_config.instance_normalization-none__pipeline_config.raw_inference.completed_at-2026-09-26T15_52_24.634567_00_00,0.7980183665597569,1,0.7980183665597569,20.198163344024312,1
15T,672,chronos_bolt__experiment_config.instance_normalization-zscore__pipeline_config.raw_inference.completed_at-2026-09-27T15_16_11.309990_00_00,0.7980183501422391,1,0.7980183501422391,20.19816498577609,1
15T,672,ts_icl__experiment_config.instance_normalization-none__pipeline_config.raw_inference.completed_at-2026-09-26T16_13_54.542217_00_00,0.778894642098182,1,0.778894642098182,22.110535790181796,1
15T,672,ts_icl__experiment_config.instance_normalization-zscore__pipeline_config.raw_inference.completed_at-2026-09-27T14_43_36.296485_00_00,0.7788946320336068,1,0.7788946320336068,22.110536796639323,1
15T,672,chronos2__experiment_config.instance_normalization-none__pipeline_config.raw_inference.completed_at-2026-09-26T15_53_11.055192_00_00,0.6334165647741988,1,0.6334165647741988,36.65834352258012,1
15T,672,chronos2__experiment_config.instance_normalization-zscore__pipeline_config.raw_inference.completed_at-2026-09-27T14_13_55.527929_00_00,0.6334165702359292,1,0.6334165702359292,36.65834297640708,1
15T,672,chronos_bolt__experiment_config.instance_normalization-none__pipeline_config.raw_inference.completed_at-2026-09-26T15_54_13.144229_00_00,0.6801910086271843,1,0.6801910086271843,31.980899137281572,1
15T,672,chronos_bolt__experiment_config.instance_normalization-zscore__pipeline_config.raw_inference.completed_at-2026-09-27T15_18_03.619889_00_00,0.6801910007257458,1,0.6801910007257458,31.980899927425423,1
15T,672,ts_icl__experiment_config.instance_normalization-none__pipeline_config.raw_inference.completed_at-2026-09-26T16_21_31.124155_00_00,0.6465491870287388,1,0.6465491870287388,35.34508129712612,1
15T,672,ts_icl__experiment_config.instance_normalization-zscore__pipeline_config.raw_inference.completed_at-2026-09-27T14_51_17.399334_00_00,0.6465491767922845,1,0.6465491767922845,35.345082320771546,1
15T,672,chronos2__experiment_config.instance_normalization-none__pipeline_config.raw_inference.completed_at-2026-09-26T15_52_59.550091_00_00,0.5551023033224332,1,0.5551023033224332,44.48976966775668,1
15T,672,chronos2__experiment_config.instance_normalization-zscore__pipeline_config.raw_inference.completed_at-2026-09-27T14_13_43.945921_00_00,0.5551023044672286,1,0.5551023044672286,44.489769553277135,1
15T,672,chronos_bolt__experiment_config.instance_normalization-none__pipeline_config.raw_inference.completed_at-2026-09-26T15_54_01.859387_00_00,0.7421273001577617,1,0.7421273001577617,25.787269984223826,1
15T,672,chronos_bolt__experiment_config.instance_normalization-zscore__pipeline_config.raw_inference.completed_at-2026-09-27T15_17_50.923566_00_00,0.7421272056900441,1,0.7421272056900441,25.78727943099559,1
15T,672,ts_icl__experiment_config.instance_normalization-none__pipeline_config.raw_inference.completed_at-2026-09-26T16_21_13.726040_00_00,0.642844303116898,1,0.642844303116898,35.7155696883102,1
15T,672,ts_icl__experiment_config.instance_normalization-zscore__pipeline_config.raw_inference.completed_at-2026-09-27T14_50_59.972772_00_00,0.6428443116549077,1,0.6428443116549077,35.71556883450923,1
15T,672,seasonal_naive,1.0,3,1.0,0.0,3
15T,24,chronos2__experiment_config.instance_normalization-none__pipeline_config.raw_inference.completed_at-2026-09-26T15_51_13.717626_00_00,0.5939734485800114,1,0.5939734485800114,40.60265514199885,1
15T,24,chronos2__experiment_config.instance_normalization-zscore__pipeline_config.raw_inference.completed_at-2026-09-27T14_11_57.069198_00_00,0.5939734535339684,1,0.5939734535339684,40.60265464660316,1
15T,24,chronos_bolt__experiment_config.instance_normalization-none__pipeline_config.raw_inference.completed_at-2026-09-26T15_52_20.891228_00_00,0.6259215540866543,1,0.6259215540866543,37.40784459133457,1
15T,24,chronos_bolt__experiment_config.instance_normalization-zscore__pipeline_config.raw_inference.completed_at-2026-09-27T15_16_07.501690_00_00,0.6259215507245641,1,0.6259215507245641,37.407844927543586,1
15T,24,ts_icl__experiment_config.instance_normalization-none__pipeline_config.raw_inference.completed_at-2026-09-26T16_13_49.181705_00_00,0.6139433431511792,1,0.6139433431511792,38.605665684882084,1
15T,24,ts_icl__experiment_config.instance_normalization-zscore__pipeline_config.raw_inference.completed_at-2026-09-27T14_43_30.910336_00_00,0.6139433536248216,1,0.6139433536248216,38.60566463751785,1
15T,24,seasonal_naive,1.0,1,1.0,0.0,1
15T,16,chronos2__experiment_config.instance_normalization-none__pipeline_config.raw_inference.completed_at-2026-09-26T15_53_10.265308_00_00,0.5142179910500525,1,0.5142179910500525,48.57820089499475,1
15T,16,chronos2__experiment_config.instance_normalization-zscore__pipeline_config.raw_inference.completed_at-2026-09-27T14_13_54.734414_00_00,0.5142180029983487,1,0.5142180029983487,48.57819970016513,1
15T,16,chronos_bolt__experiment_config.instance_normalization-none__pipeline_config.raw_inference.completed_at-2026-09-26T15_54_12.227336_00_00,0.5693521958394981,1,0.5693521958394981,43.06478041605018,1
15T,16,chronos_bolt__experiment_config.instance_normalization-zscore__pipeline_config.raw_inference.completed_at-2026-09-27T15_18_02.632370_00_00,0.569352183708846,1,0.569352183708846,43.0647816291154,1
15T,16,ts_icl__experiment_config.instance_normalization-none__pipeline_config.raw_inference.completed_at-2026-09-26T16_21_29.290215_00_00,0.5579173755542706,1,0.5579173755542706,44.208262444572945,1
15T,16,ts_icl__experiment_config.instance_normalization-zscore__pipeline_config.raw_inference.completed_at-2026-09-27T14_51_15.536209_00_00,0.5579173964457476,1,0.5579173964457476,44.208260355425246,1
15T,16,chronos2__experiment_config.instance_normalization-none__pipeline_config.raw_inference.completed_at-2026-09-26T15_52_38.199887_00_00,0.3928127857824786,1,0.3928127857824786,60.71872142175214,1
15T,16,chronos2__experiment_config.instance_normalization-zscore__pipeline_config.raw_inference.completed_at-2026-09-27T14_13_22.374683_00_00,0.3928127827352551,1,0.3928127827352551,60.71872172647449,1
15T,16,chronos_bolt__experiment_config.instance_normalization-none__pipeline_config.raw_inference.completed_at-2026-09-26T15_52_56.939323_00_00,0.43226225195629453,1,0.43226225195629453,56.77377480437055,1
15T,16,chronos_bolt__experiment_config.instance_normalization-zscore__pipeline_config.raw_inference.completed_at-2026-09-27T15_16_45.257093_00_00,0.43226224992782136,1,0.43226224992782136,56.773775007217864,1
15T,16,ts_icl__experiment_config.instance_normalization-none__pipeline_config.raw_inference.completed_at-2026-09-26T16_19_55.707136_00_00,0.4305381407166755,1,0.4305381407166755,56.94618592833245,1
15T,16,ts_icl__experiment_config.instance_normalization-zscore__pipeline_config.raw_inference.completed_at-2026-09-27T14_49_41.503253_00_00,0.430538141663985,1,0.430538141663985,56.94618583360149,1
15T,16,chronos2__experiment_config.instance_normalization-none__pipeline_config.raw_inference.completed_at-2026-09-26T15_43_37.521897_00_00,0.5606183090187876,1,0.5606183090187876,43.938169098121236,1
15T,16,chronos2__experiment_config.instance_normalization-zscore__pipeline_config.raw_inference.completed_at-2026-09-27T14_04_23.375294_00_00,0.5606183346905359,1,0.5606183346905359,43.93816653094641,1
15T,16,chronos_bolt__experiment_config.instance_normalization-none__pipeline_config.raw_inference.completed_at-2026-09-26T15_43_26.091522_00_00,0.6177950678072444,1,0.6177950678072444,38.22049321927557,1
15T,16,chronos_bolt__experiment_config.instance_normalization-zscore__pipeline_config.raw_inference.completed_at-2026-09-27T13_55_13.519905_00_00,0.6177953071784213,1,0.6177953071784213,38.220469282157865,1
15T,16,ts_icl__experiment_config.instance_normalization-none__pipeline_config.raw_inference.completed_at-2026-09-26T15_44_38.711832_00_00,0.6198102861666855,1,0.6198102861666855,38.01897138333145,1
15T,16,ts_icl__experiment_config.instance_normalization-zscore__pipeline_config.raw_inference.completed_at-2026-09-27T14_14_15.389021_00_00,0.6198103178397563,1,0.6198103178397563,38.018968216024376,1
15T,16,seasonal_naive,1.0,3,1.0,0.0,3
Q,4,chronos2__experiment_config.instance_normalization-none__pipeline_config.raw_inference.completed_at-2026-09-26T15_56_21.042709_00_00,0.7670994049743153,1,0.7670994049743153,23.29005950256847,1
Q,4,chronos2__experiment_config.instance_normalization-zscore__pipeline_config.raw_inference.completed_at-2026-09-27T14_17_06.646509_00_00,0.7670993731344459,1,0.7670993731344459,23.290062686555412,1
Q,4,chronos_bolt__experiment_config.instance_normalization-none__pipeline_config.raw_inference.completed_at-2026-09-26T15_57_25.251262_00_00,0.8430468410032113,1,0.8430468410032113,15.695315899678874,1
Q,4,chronos_bolt__experiment_config.instance_normalization-zscore__pipeline_config.raw_inference.completed_at-2026-09-27T15_21_14.125091_00_00,0.8430468282691834,1,0.8430468282691834,15.695317173081659,1
Q,4,ts_icl__experiment_config.instance_normalization-none__pipeline_config.raw_inference.completed_at-2026-09-26T16_24_41.799969_00_00,0.8247933310481758,1,0.8247933310481758,17.520666895182423,1
Q,4,ts_icl__experiment_config.instance_normalization-zscore__pipeline_config.raw_inference.completed_at-2026-09-27T14_54_27.391522_00_00,0.8247932996021251,1,0.8247932996021251,17.52067003978749,1
Q,4,chronos2__experiment_config.instance_normalization-none__pipeline_config.raw_inference.completed_at-2026-09-26T15_56_11.762064_00_00,0.7439285982659435,1,0.7439285982659435,25.60714017340565,1
Q,4,chronos2__experiment_config.instance_normalization-zscore__pipeline_config.raw_inference.completed_at-2026-09-27T14_16_57.402161_00_00,0.7439286071111706,1,0.7439286071111706,25.60713928888294,1
Q,4,chronos_bolt__experiment_config.instance_normalization-none__pipeline_config.raw_inference.completed_at-2026-09-26T15_57_15.535235_00_00,0.7829686489059356,1,0.7829686489059356,21.703135109406436,1
Q,4,chronos_bolt__experiment_config.instance_normalization-zscore__pipeline_config.raw_inference.completed_at-2026-09-27T15_21_04.313936_00_00,0.7829686475574847,1,0.7829686475574847,21.703135244251527,1
Q,4,ts_icl__experiment_config.instance_normalization-none__pipeline_config.raw_inference.completed_at-2026-09-26T16_24_34.130643_00_00,0.7558413309365304,1,0.7558413309365304,24.415866906346963,1
Q,4,ts_icl__experiment_config.instance_normalization-zscore__pipeline_config.raw_inference.completed_at-2026-09-27T14_54_19.654270_00_00,0.755841362815502,1,0.755841362815502,24.415863718449803,1
Q,4,seasonal_naive,1.0,2,1.0,0.0,2
5T,576,chronos2__experiment_config.instance_normalization-none__pipeline_config.raw_inference.completed_at-2026-09-26T15_59_17.220077_00_00,0.7697031603954076,1,0.7697031603954076,23.029683960459234,1
5T,576,chronos2__experiment_config.instance_normalization-zscore__pipeline_config.raw_inference.completed_at-2026-09-27T14_20_00.483219_00_00,0.7697031577251601,1,0.7697031577251601,23.029684227483994,1
5T,576,chronos_bolt__experiment_config.instance_normalization-none__pipeline_config.raw_inference.completed_at-2026-09-26T16_07_48.889946_00_00,0.7998692663311054,1,0.7998692663311054,20.013073366889454,1
5T,576,chronos_bolt__experiment_config.instance_normalization-zscore__pipeline_config.raw_inference.completed_at-2026-09-27T15_31_41.762863_00_00,0.7998692949346223,1,0.7998692949346223,20.013070506537765,1
5T,576,ts_icl__experiment_config.instance_normalization-none__pipeline_config.raw_inference.completed_at-2026-09-26T16_32_46.568368_00_00,0.803482866338668,1,0.803482866338668,19.651713366133205,1
5T,576,ts_icl__experiment_config.instance_normalization-zscore__pipeline_config.raw_inference.completed_at-2026-09-27T15_02_35.033558_00_00,0.8034828727919799,1,0.8034828727919799,19.651712720802006,1
5T,576,seasonal_naive,1.0,1,1.0,0.0,1
5T,48,chronos2__experiment_config.instance_normalization-none__pipeline_config.raw_inference.completed_at-2026-09-26T15_59_16.297649_00_00,0.7013424427645181,1,0.7013424427645181,29.865755723548194,1
5T,48,chronos2__experiment_config.instance_normalization-zscore__pipeline_config.raw_inference.completed_at-2026-09-27T14_19_59.554411_00_00,0.7013424447360618,1,0.7013424447360618,29.865755526393823,1
5T,48,chronos_bolt__experiment_config.instance_normalization-none__pipeline_config.raw_inference.completed_at-2026-09-26T16_07_45.846542_00_00,0.7443441751556454,1,0.7443441751556454,25.565582484435456,1
5T,48,chronos_bolt__experiment_config.instance_normalization-zscore__pipeline_config.raw_inference.completed_at-2026-09-27T15_31_38.691862_00_00,0.7443441805125633,1,0.7443441805125633,25.565581948743667,1
5T,48,ts_icl__experiment_config.instance_normalization-none__pipeline_config.raw_inference.completed_at-2026-09-26T16_32_44.445985_00_00,0.7374742035443024,1,0.7374742035443024,26.252579645569764,1
5T,48,ts_icl__experiment_config.instance_normalization-zscore__pipeline_config.raw_inference.completed_at-2026-09-27T15_02_32.906347_00_00,0.7374742048011634,1,0.7374742048011634,26.252579519883657,1
5T,48,chronos2__experiment_config.instance_normalization-none__pipeline_config.raw_inference.completed_at-2026-09-26T15_58_51.103489_00_00,0.5936503488136183,1,0.5936503488136183,40.63496511863816,1
5T,48,chronos2__experiment_config.instance_normalization-zscore__pipeline_config.raw_inference.completed_at-2026-09-27T14_19_35.005606_00_00,0.5936503551455034,1,0.5936503551455034,40.634964485449665,1
5T,48,chronos_bolt__experiment_config.instance_normalization-none__pipeline_config.raw_inference.completed_at-2026-09-26T16_07_11.019872_00_00,0.6944620724708077,1,0.6944620724708077,30.55379275291923,1
5T,48,chronos_bolt__experiment_config.instance_normalization-zscore__pipeline_config.raw_inference.completed_at-2026-09-27T15_31_03.385077_00_00,0.6944620756297083,1,0.6944620756297083,30.55379243702917,1
5T,48,ts_icl__experiment_config.instance_normalization-none__pipeline_config.raw_inference.completed_at-2026-09-26T16_31_49.821962_00_00,0.6245856664918761,1,0.6245856664918761,37.54143335081239,1
5T,48,ts_icl__experiment_config.instance_normalization-zscore__pipeline_config.raw_inference.completed_at-2026-09-27T15_01_37.960155_00_00,0.6245856560403267,1,0.6245856560403267,37.54143439596733,1
5T,48,seasonal_naive,1.0,2,1.0,0.0,2
B,20,chronos2__experiment_config.instance_normalization-none__pipeline_config.raw_inference.completed_at-2026-09-26T15_54_38.621987_00_00,0.866901838908831,1,0.866901838908831,13.309816109116902,1
B,20,chronos2__experiment_config.instance_normalization-zscore__pipeline_config.raw_inference.completed_at-2026-09-27T14_15_23.041376_00_00,0.8669018064061235,1,0.8669018064061235,13.309819359387653,1
B,20,chronos_bolt__experiment_config.instance_normalization-none__pipeline_config.raw_inference.completed_at-2026-09-26T15_55_38.573670_00_00,0.9176410584656743,1,0.9176410584656743,8.235894153432566,1
B,20,chronos_bolt__experiment_config.instance_normalization-zscore__pipeline_config.raw_inference.completed_at-2026-09-27T15_19_29.071961_00_00,0.9176410599757278,1,0.9176410599757278,8.235894002427225,1
B,20,ts_icl__experiment_config.instance_normalization-none__pipeline_config.raw_inference.completed_at-2026-09-26T16_23_45.381839_00_00,0.866938044957015,1,0.866938044957015,13.3061955042985,1
B,20,ts_icl__experiment_config.instance_normalization-zscore__pipeline_config.raw_inference.completed_at-2026-09-27T14_53_31.159490_00_00,0.866938054783559,1,0.866938054783559,13.306194521644098,1
B,20,chronos2__experiment_config.instance_normalization-none__pipeline_config.raw_inference.completed_at-2026-09-26T15_54_27.831601_00_00,0.8472618196493663,1,0.8472618196493663,15.27381803506337,1
B,20,chronos2__experiment_config.instance_normalization-zscore__pipeline_config.raw_inference.completed_at-2026-09-27T14_15_12.216454_00_00,0.8472618391099423,1,0.8472618391099423,15.273816089005765,1
B,20,chronos_bolt__experiment_config.instance_normalization-none__pipeline_config.raw_inference.completed_at-2026-09-26T15_55_28.176860_00_00,0.8908342512839882,1,0.8908342512839882,10.916574871601181,1
B,20,chronos_bolt__experiment_config.instance_normalization-zscore__pipeline_config.raw_inference.completed_at-2026-09-27T15_19_18.598914_00_00,0.8908342425885977,1,0.8908342425885977,10.916575741140234,1
B,20,ts_icl__experiment_config.instance_normalization-none__pipeline_config.raw_inference.completed_at-2026-09-26T16_23_30.955745_00_00,0.8667692491415153,1,0.8667692491415153,13.323075085848469,1
B,20,ts_icl__experiment_config.instance_normalization-zscore__pipeline_config.raw_inference.completed_at-2026-09-27T14_53_16.873970_00_00,0.8667692783043872,1,0.8667692783043872,13.323072169561279,1
B,20,seasonal_naive,1.0,2,1.0,0.0,2
5T,96,chronos2__experiment_config.instance_normalization-none__pipeline_config.raw_inference.completed_at-2026-09-26T15_50_59.789761_00_00,0.5676356985687455,1,0.5676356985687455,43.236430143125446,1
5T,96,chronos2__experiment_config.instance_normalization-zscore__pipeline_config.raw_inference.completed_at-2026-09-27T14_11_43.411799_00_00,0.567635697410459,1,0.567635697410459,43.236430258954094,1
5T,96,chronos_bolt__experiment_config.instance_normalization-none__pipeline_config.raw_inference.completed_at-2026-09-26T15_52_04.973736_00_00,0.7018520607236205,1,0.7018520607236205,29.81479392763795,1
5T,96,chronos_bolt__experiment_config.instance_normalization-zscore__pipeline_config.raw_inference.completed_at-2026-09-27T15_15_51.271780_00_00,0.7018520511604238,1,0.7018520511604238,29.814794883957617,1
5T,96,ts_icl__experiment_config.instance_normalization-none__pipeline_config.raw_inference.completed_at-2026-09-26T16_13_26.362732_00_00,0.630973897474497,1,0.630973897474497,36.9026102525503,1
5T,96,ts_icl__experiment_config.instance_normalization-zscore__pipeline_config.raw_inference.completed_at-2026-09-27T14_43_07.776081_00_00,0.63097389438137,1,0.63097389438137,36.902610561863,1
5T,96,seasonal_naive,1.0,1,1.0,0.0,1
5T,24,chronos2__experiment_config.instance_normalization-none__pipeline_config.raw_inference.completed_at-2026-09-26T15_50_56.705854_00_00,0.3744558321278641,1,0.3744558321278641,62.55441678721358,1
5T,24,chronos2__experiment_config.instance_normalization-zscore__pipeline_config.raw_inference.completed_at-2026-09-27T14_11_40.244871_00_00,0.37445582539317157,1,0.37445582539317157,62.55441746068284,1
5T,24,chronos_bolt__experiment_config.instance_normalization-none__pipeline_config.raw_inference.completed_at-2026-09-26T15_51_59.733636_00_00,0.4495358442050191,1,0.4495358442050191,55.046415579498095,1
5T,24,chronos_bolt__experiment_config.instance_normalization-zscore__pipeline_config.raw_inference.completed_at-2026-09-27T15_15_45.938920_00_00,0.449535833834178,1,0.449535833834178,55.046416616582206,1
5T,24,ts_icl__experiment_config.instance_normalization-none__pipeline_config.raw_inference.completed_at-2026-09-26T16_13_14.902402_00_00,0.4151639014877761,1,0.4151639014877761,58.48360985122238,1
5T,24,ts_icl__experiment_config.instance_normalization-zscore__pipeline_config.raw_inference.completed_at-2026-09-27T14_42_56.129078_00_00,0.4151638995371261,1,0.4151638995371261,58.483610046287396,1
5T,24,seasonal_naive,1.0,1,1.0,0.0,1
D,14,chronos2__experiment_config.instance_normalization-none__pipeline_config.raw_inference.completed_at-2026-09-26T15_49_44.402219_00_00,0.757408476991288,1,0.757408476991288,24.2591523008712,1
D,14,chronos2__experiment_config.instance_normalization-zscore__pipeline_config.raw_inference.completed_at-2026-09-27T14_10_32.180083_00_00,0.757408486500297,1,0.757408486500297,24.2591513499703,1
D,14,chronos_bolt__experiment_config.instance_normalization-none__pipeline_config.raw_inference.completed_at-2026-09-26T15_50_57.183615_00_00,0.7827356577297115,1,0.7827356577297115,21.726434227028847,1
D,14,chronos_bolt__experiment_config.instance_normalization-zscore__pipeline_config.raw_inference.completed_at-2026-09-27T15_14_43.000136_00_00,0.782735651447133,1,0.782735651447133,21.7264348552867,1
D,14,ts_icl__experiment_config.instance_normalization-none__pipeline_config.raw_inference.completed_at-2026-09-26T16_11_19.657416_00_00,0.7631479753017452,1,0.7631479753017452,23.685202469825484,1
D,14,ts_icl__experiment_config.instance_normalization-zscore__pipeline_config.raw_inference.completed_at-2026-09-27T14_41_00.363988_00_00,0.7631479664894614,1,0.7631479664894614,23.685203351053865,1
D,14,seasonal_naive,1.0,1,1.0,0.0,1
D,7,chronos2__experiment_config.instance_normalization-none__pipeline_config.raw_inference.completed_at-2026-09-26T15_49_42.699250_00_00,0.7524136034517775,1,0.7524136034517775,24.758639654822247,1
D,7,chronos2__experiment_config.instance_normalization-zscore__pipeline_config.raw_inference.completed_at-2026-09-27T14_10_30.495792_00_00,0.7524136162754685,1,0.7524136162754685,24.758638372453145,1
D,7,chronos_bolt__experiment_config.instance_normalization-none__pipeline_config.raw_inference.completed_at-2026-09-26T15_50_55.876369_00_00,0.7726573878723118,1,0.7726573878723118,22.734261212768825,1
D,7,chronos_bolt__experiment_config.instance_normalization-zscore__pipeline_config.raw_inference.completed_at-2026-09-27T15_14_41.644060_00_00,0.7726573892481093,1,0.7726573892481093,22.734261075189067,1
D,7,ts_icl__experiment_config.instance_normalization-none__pipeline_config.raw_inference.completed_at-2026-09-26T16_11_04.726473_00_00,0.7590073951091556,1,0.7590073951091556,24.09926048908444,1
D,7,ts_icl__experiment_config.instance_normalization-zscore__pipeline_config.raw_inference.completed_at-2026-09-27T14_40_45.373615_00_00,0.7590073911640096,1,0.7590073911640096,24.099260883599037,1
D,7,seasonal_naive,1.0,1,1.0,0.0,1
D,3,chronos2__experiment_config.instance_normalization-none__pipeline_config.raw_inference.completed_at-2026-09-26T15_49_39.685431_00_00,0.7968924694631168,1,0.7968924694631168,20.310753053688323,1
D,3,chronos2__experiment_config.instance_normalization-zscore__pipeline_config.raw_inference.completed_at-2026-09-27T14_10_27.488398_00_00,0.7968924684881439,1,0.7968924684881439,20.31075315118561,1
D,3,chronos_bolt__experiment_config.instance_normalization-none__pipeline_config.raw_inference.completed_at-2026-09-26T15_50_53.220168_00_00,0.8143449796422634,1,0.8143449796422634,18.56550203577366,1
D,3,chronos_bolt__experiment_config.instance_normalization-zscore__pipeline_config.raw_inference.completed_at-2026-09-27T15_14_38.890072_00_00,0.8143449763290546,1,0.8143449763290546,18.565502367094545,1
D,3,ts_icl__experiment_config.instance_normalization-none__pipeline_config.raw_inference.completed_at-2026-09-26T16_10_35.031952_00_00,0.7987369394624099,1,0.7987369394624099,20.126306053759013,1
D,3,ts_icl__experiment_config.instance_normalization-zscore__pipeline_config.raw_inference.completed_at-2026-09-27T14_40_15.560845_00_00,0.7987369323898063,1,0.7987369323898063,20.126306761019375,1
D,3,seasonal_naive,1.0,1,1.0,0.0,1
M,6,chronos2__experiment_config.instance_normalization-none__pipeline_config.raw_inference.completed_at-2026-09-26T15_54_57.246214_00_00,0.3595686470735416,1,0.3595686470735416,64.04313529264584,1
M,6,chronos2__experiment_config.instance_normalization-zscore__pipeline_config.raw_inference.completed_at-2026-09-27T14_15_41.838054_00_00,0.35956864192900034,1,0.35956864192900034,64.04313580709997,1
M,6,chronos_bolt__experiment_config.instance_normalization-none__pipeline_config.raw_inference.completed_at-2026-09-26T15_55_57.614904_00_00,0.4284923211183383,1,0.4284923211183383,57.15076788816618,1
M,6,chronos_bolt__experiment_config.instance_normalization-zscore__pipeline_config.raw_inference.completed_at-2026-09-27T15_19_48.015395_00_00,0.4284923117891636,1,0.4284923117891636,57.150768821083645,1
M,6,ts_icl__experiment_config.instance_normalization-none__pipeline_config.raw_inference.completed_at-2026-09-26T16_23_54.550901_00_00,0.35778326875674127,1,0.35778326875674127,64.22167312432587,1
M,6,ts_icl__experiment_config.instance_normalization-zscore__pipeline_config.raw_inference.completed_at-2026-09-27T14_53_40.229664_00_00,0.3577834560350979,1,0.3577834560350979,64.22165439649021,1
M,6,seasonal_naive,1.0,1,1.0,0.0,1
10T,432,chronos2__experiment_config.instance_normalization-none__pipeline_config.raw_inference.completed_at-2026-09-26T15_44_50.763864_00_00,0.6481012388791804,1,0.6481012388791804,35.18987611208196,1
10T,432,chronos2__experiment_config.instance_normalization-zscore__pipeline_config.raw_inference.completed_at-2026-09-27T14_05_36.580260_00_00,0.6481013480875556,1,0.6481013480875556,35.189865191244444,1
10T,432,chronos_bolt__experiment_config.instance_normalization-none__pipeline_config.raw_inference.completed_at-2026-09-26T15_44_59.079417_00_00,0.9579246305286601,1,0.9579246305286601,4.207536947133994,1
10T,432,chronos_bolt__experiment_config.instance_normalization-zscore__pipeline_config.raw_inference.completed_at-2026-09-27T13_56_46.705403_00_00,0.9579242197017964,1,0.9579242197017964,4.207578029820358,1
10T,432,ts_icl__experiment_config.instance_normalization-none__pipeline_config.raw_inference.completed_at-2026-09-26T15_48_59.404650_00_00,0.7387721202427384,1,0.7387721202427384,26.12278797572616,1
10T,432,ts_icl__experiment_config.instance_normalization-zscore__pipeline_config.raw_inference.completed_at-2026-09-27T14_18_39.013234_00_00,0.7387721970960118,1,0.7387721970960118,26.12278029039882,1
10T,432,seasonal_naive,1.0,1,1.0,0.0,1
10T,144,chronos2__experiment_config.instance_normalization-none__pipeline_config.raw_inference.completed_at-2026-09-26T15_44_48.299109_00_00,0.650473103577329,1,0.650473103577329,34.952689642267096,1
10T,144,chronos2__experiment_config.instance_normalization-zscore__pipeline_config.raw_inference.completed_at-2026-09-27T14_05_34.124958_00_00,0.6504731665498543,1,0.6504731665498543,34.95268334501457,1
10T,144,chronos_bolt__experiment_config.instance_normalization-none__pipeline_config.raw_inference.completed_at-2026-09-26T15_44_41.816363_00_00,0.9608067753499822,1,0.9608067753499822,3.9193224650017844,1
10T,144,chronos_bolt__experiment_config.instance_normalization-zscore__pipeline_config.raw_inference.completed_at-2026-09-27T13_56_29.616493_00_00,0.9608064740386596,1,0.9608064740386596,3.9193525961340403,1
10T,144,ts_icl__experiment_config.instance_normalization-none__pipeline_config.raw_inference.completed_at-2026-09-26T15_48_50.433201_00_00,0.7407707649203622,1,0.7407707649203622,25.92292350796378,1
10T,144,ts_icl__experiment_config.instance_normalization-zscore__pipeline_config.raw_inference.completed_at-2026-09-27T14_18_29.878323_00_00,0.7407708164282482,1,0.7407708164282482,25.922918357175185,1
10T,144,seasonal_naive,1.0,1,1.0,0.0,1
10T,18,chronos2__experiment_config.instance_normalization-none__pipeline_config.raw_inference.completed_at-2026-09-26T15_44_40.984294_00_00,0.4982241238609957,1,0.4982241238609957,50.17758761390043,1
10T,18,chronos2__experiment_config.instance_normalization-zscore__pipeline_config.raw_inference.completed_at-2026-09-27T14_05_26.756421_00_00,0.49822415553700966,1,0.49822415553700966,50.17758444629903,1
10T,18,chronos_bolt__experiment_config.instance_normalization-none__pipeline_config.raw_inference.completed_at-2026-09-26T15_44_21.546581_00_00,0.6174763561582273,1,0.6174763561582273,38.25236438417727,1
10T,18,chronos_bolt__experiment_config.instance_normalization-zscore__pipeline_config.raw_inference.completed_at-2026-09-27T13_56_09.557772_00_00,0.6174763488824832,1,0.6174763488824832,38.252365111751686,1
10T,18,ts_icl__experiment_config.instance_normalization-none__pipeline_config.raw_inference.completed_at-2026-09-26T15_48_24.790174_00_00,0.5615680496491282,1,0.5615680496491282,43.84319503508718,1
10T,18,ts_icl__experiment_config.instance_normalization-zscore__pipeline_config.raw_inference.completed_at-2026-09-27T14_18_03.856768_00_00,0.5615679121176165,1,0.5615679121176165,43.84320878823835,1
10T,18,seasonal_naive,1.0,1,1.0,0.0,1
